pc_time_ms,datetime,risk,domain,subject_id,label,trial_id,raw_line
1782116236341,2026-06-22T17:17:16.341,safe,transition,yja,stand_to_sit,t007,"CSI_DATA,1075378,1a:00:00:00:00:00,-65,11,-99,18,49,11,-1047861061,47,2,256,0,""[0,0,0,0,0,0,0,0,0,0,0,0,10,6,6,7,9,8,7,6,7,10,6,8,7,8,8,11,7,11,9,12,5,12,6,12,7,12,4,14,3,13,2,19,1,13,0,17,2,12,0,13,0,16,1,15,0,19,-1,14,1,15,0,16,-1,16,-2,14,-3,19,-3,13,-4,15,0,12,-1,14,0,15,0,15,-1,17,-1,17,-3,15,0,17,-1,19,0,15,-4,19,-3,15,-1,18,0,13,0,18,-1,18,2,18,0,21,1,20,-2,18,-2,20,-3,20,-1,21,-4,20,-2,19,-4,22,0,0,0,0,0,0,20,6,24,9,16,4,18,10,23,9,15,9,21,9,16,7,19,12,14,6,15,7,18,7,18,7,20,6,15,8,18,7,17,6,16,8,15,7,18,9,13,8,15,10,12,4,13,4,16,7,16,7,18,7,13,8,15,7,15,8,15,10,13,8,15,13,10,10,12,13,9,7,12,10,12,12,13,9,11,12,11,13,6,13,9,12,7,13,6,12,4,14,1,11,2,13,1,8,1,13,0,10,1,9,0,11,-1,10,-2,9,-3,8,-3,8,0,0,0,0,0,0,0,0,0,0]"""
1782116236347,2026-06-22T17:17:16.347,safe,transition,yja,stand_to_sit,t007,"CSI_DATA,1075379,1a:00:00:00:00:00,-65,11,-99,13,50,11,-1047852586,47,2,256,0,""[0,0,0,0,0,0,0,0,0,0,0,0,-7,-5,-8,-7,-7,-7,-7,-10,-5,-9,-7,-8,-6,-9,-6,-10,-7,-11,-5,-11,-3,-11,-5,-14,-5,-13,-3,-15,-1,-17,-3,-14,-2,-15,0,-16,-1,-16,0,-14,2,-14,0,-17,0,-15,2,-16,1,-17,0,-15,2,-15,3,-18,2,-15,3,-16,4,-14,1,-15,2,-15,0,-16,1,-16,1,-17,0,-16,1,-14,0,-16,2,-17,2,-18,0,-16,0,-17,3,-17,-1,-18,0,-16,-2,-18,0,-18,0,-19,0,-20,0,-19,0,-21,1,-24,1,-19,2,-21,2,-23,2,-20,0,0,0,0,0,0,-23,-6,-21,-6,-20,-6,-20,-7,-19,-5,-20,-8,-17,-6,-19,-7,-17,-8,-19,-5,-17,-5,-16,-6,-20,-3,-16,-5,-15,-6,-17,-4,-17,-5,-17,-6,-18,-8,-16,-3,-16,-4,-15,-7,-15,-5,-15,-5,-15,-6,-18,-4,-15,-4,-14,-6,-16,-6,-16,-3,-16,-6,-17,-8,-15,-6,-14,-8,-14,-10,-15,-8,-12,-9,-13,-9,-12,-9,-14,-10,-12,-9,-10,-10,-11,-9,-8,-11,-7,-13,-7,-10,-6,-11,-3,-12,-5,-11,-2,-8,-4,-10,-2,-10,-2,-10,-1,-10,1,-8,0,-8,1,-8,0,0,0,0,0,0,0,0,0,0]"""
1782116236350,2026-06-22T17:17:16.350,safe,transition,yja,stand_to_sit,t007,"CSI_DATA,1075380,1a:00:00:00:00:00,-65,11,-99,14,49,11,-1047841587,47,2,256,0,""[0,0,0,0,0,0,0,0,0,0,0,0,0,15,26,-23,-8,0,-11,1,-8,6,7,-2,5,-17,-13,-7,16,-14,9,1,9,-20,15,-3,14,-3,4,-1,22,-5,9,-1,20,1,19,-2,18,-4,14,0,12,3,18,-4,14,2,15,1,17,1,15,0,15,1,19,1,13,-1,17,-1,14,1,18,0,15,0,14,-1,16,0,16,0,13,0,15,-1,16,0,15,0,18,0,15,-4,19,-3,16,0,22,-2,17,0,19,-3,20,-1,18,-3,19,-1,21,-2,21,-1,22,-1,19,0,22,-2,25,-1,20,0,0,0,0,0,0,0,1,-22,1,-19,2,-25,3,-22,3,-18,5,-23,1,-16,3,-23,4,-17,4,-22,3,-20,4,-17,2,-20,3,-14,4,-19,3,-18,3,-17,3,-16,6,-19,1,-15,1,-20,4,-15,3,-19,3,-17,3,-15,1,-17,3,-14,4,-17,4,-17,4,-15,4,-15,7,-17,1,-15,4,-17,6,-14,6,-18,7,-13,6,-15,8,-14,7,-14,8,-11,9,-12,9,-11,9,-9,11,-10,8,-9,11,-9,11,-6,12,-8,9,-3,10,-5,11,-3,10,-3,9,-1,10,-1,9,0,8,1,0,0,0,0,0,0,0,0,0,0]"""
1782116236354,2026-06-22T17:17:16.354,safe,transition,yja,stand_to_sit,t007,"CSI_DATA,1075381,1a:00:00:00:00:00,-65,11,-99,16,49,11,-1047830587,47,2,256,0,""[0,0,0,0,0,0,0,0,0,0,0,0,-10,2,-10,3,-12,1,-10,1,-12,0,-9,0,-10,1,-12,0,-14,1,-16,0,-11,-4,-12,-4,-13,-4,-15,-6,-15,-5,-16,-7,-12,-5,-13,-9,-10,-7,-10,-5,-13,-7,-15,-6,-15,-9,-9,-10,-12,-12,-11,-10,-12,-12,-13,-9,-13,-12,-12,-10,-12,-10,-8,-8,-12,-5,-12,-7,-15,-6,-16,-8,-15,-10,-9,-10,-13,-11,-14,-12,-15,-10,-15,-12,-12,-9,-15,-9,-10,-7,-15,-6,-15,-7,-19,-5,-20,-10,-19,-10,-12,-12,-16,-15,-16,-12,-16,-10,-15,-17,-18,-11,-19,-11,0,0,0,0,0,0,-14,17,-17,19,-12,13,-13,16,-16,17,-13,12,-18,15,-14,14,-17,12,-12,10,-9,12,-12,14,-14,16,-13,17,-13,8,-14,10,-13,10,-16,11,-13,12,-14,12,-11,10,-13,11,-10,8,-9,11,-11,13,-11,15,-13,13,-13,8,-16,10,-12,9,-16,10,-13,10,-16,10,-13,9,-15,9,-11,5,-12,9,-13,8,-13,11,-15,9,-15,5,-13,1,-15,3,-15,1,-15,2,-13,0,-12,0,-13,0,-8,0,-10,0,-10,-1,-11,0,-11,-1,-10,-3,-6,-5,-6,-6,-6,-5,0,0,0,0,0,0,0,0,0,0]"""
1782116236357,2026-06-22T17:17:16.357,safe,transition,yja,stand_to_sit,t007,"CSI_DATA,1075382,1a:00:00:00:00:00,-65,11,-99,19,49,11,-1047819557,47,2,256,0,""[0,0,0,0,0,0,0,0,0,0,0,0,0,-10,0,-8,0,-12,1,-10,1,-13,2,-11,1,-10,2,-15,4,-10,2,-16,3,-14,4,-12,4,-13,5,-14,4,-13,6,-17,5,-13,6,-16,6,-14,4,-13,5,-15,6,-14,5,-18,5,-14,7,-14,6,-14,5,-15,3,-12,5,-19,5,-13,3,-16,4,-12,2,-18,4,-15,0,-18,0,-16,2,-18,1,-15,0,-19,-2,-18,-2,-16,-1,-19,0,-16,-6,-18,-2,-14,-6,-20,-2,-16,-9,-18,-6,-20,-6,-21,-4,-19,-6,-19,-7,-18,-7,-23,-7,-22,-9,-19,-11,-19,0,0,0,0,0,0,-20,11,-21,12,-18,8,-18,13,-21,13,-15,9,-21,10,-15,9,-18,12,-14,10,-15,10,-16,12,-14,12,-15,14,-13,12,-14,12,-15,11,-13,13,-10,13,-14,15,-10,13,-9,14,-7,13,-9,14,-9,15,-10,15,-9,15,-8,14,-9,14,-8,15,-7,15,-5,14,-11,18,-8,15,-6,15,-7,11,-7,16,-9,13,-6,15,-7,13,-10,13,-9,12,-10,12,-9,13,-6,11,-10,10,-9,7,-9,11,-6,6,-9,9,-9,7,-8,7,-9,5,-10,6,-7,4,-7,2,-6,2,0,0,0,0,0,0,0,0,0,0]"""
1782116236360,2026-06-22T17:17:16.360,safe,transition,yja,stand_to_sit,t007,"CSI_DATA,1075383,1a:00:00:00:00:00,-65,11,-99,17,49,11,-1047808543,47,2,256,0,""[0,0,0,0,0,0,0,0,0,0,0,0,11,-1,8,-1,12,-1,10,-1,14,0,11,0,10,0,14,-2,12,1,15,-2,11,0,14,0,14,0,16,1,13,1,19,4,14,3,17,4,12,2,13,0,17,-1,15,2,19,0,13,1,15,1,16,1,17,2,15,0,18,2,14,2,16,1,11,0,15,-2,15,-1,16,-5,17,-2,18,-5,15,-2,16,-5,18,-6,15,-7,21,-3,16,-4,16,-8,11,-4,16,-10,16,-7,14,-14,20,-11,17,-12,15,-8,20,-10,19,-11,17,-12,17,-11,15,-11,17,-15,0,0,0,0,0,0,-16,-16,-19,-19,-11,-11,-14,-16,-18,-18,-12,-15,-17,-17,-13,-13,-17,-16,-11,-12,-13,-11,-18,-10,-16,-12,-19,-9,-14,-8,-15,-8,-17,-7,-17,-9,-15,-5,-17,-11,-14,-7,-16,-6,-13,-3,-14,-3,-18,-3,-17,-3,-19,-4,-15,-2,-17,-2,-18,-2,-18,-2,-15,0,-18,-7,-16,-5,-16,-3,-11,-2,-16,-1,-15,-3,-16,0,-17,-4,-16,-4,-12,-6,-15,-5,-15,-6,-13,-3,-12,-8,-8,-6,-11,-4,-6,-3,-10,-5,-8,-6,-10,-5,-8,-7,-8,-6,-6,-5,-6,-7,-5,-6,0,0,0,0,0,0,0,0,0,0]"""
1782116236363,2026-06-22T17:17:16.363,safe,transition,yja,stand_to_sit,t007,"CSI_DATA,1075384,1a:00:00:00:00:00,-65,11,-99,19,48,11,-1047797587,47,2,256,0,""[0,0,0,0,0,0,0,0,0,0,0,0,-9,3,-10,3,-11,3,-11,3,-13,2,-11,1,-11,1,-12,0,-14,1,-14,0,-14,0,-14,0,-16,0,-16,0,-16,-1,-15,1,-16,1,-16,-1,-16,-2,-15,0,-14,-1,-18,0,-16,-2,-16,-1,-17,-2,-16,0,-17,0,-16,-1,-16,2,-16,4,-17,2,-14,2,-16,2,-16,2,-16,2,-16,5,-16,4,-15,5,-16,6,-16,7,-17,6,-14,10,-14,10,-16,11,-14,9,-14,10,-15,11,-15,10,-16,14,-17,14,-14,14,-15,16,-16,16,-15,16,-14,18,-16,16,-15,16,0,0,0,0,0,0,18,14,20,15,17,14,17,13,17,14,16,13,18,11,19,11,17,11,16,10,16,8,14,13,19,9,17,10,15,7,17,8,16,7,17,7,18,8,17,2,16,2,17,4,16,3,17,3,16,5,19,1,16,3,17,2,17,2,17,2,17,1,17,2,18,0,17,-1,17,0,17,0,16,2,17,2,17,3,16,1,15,3,14,0,15,2,15,2,14,4,13,1,12,1,13,3,10,4,10,4,10,4,8,5,9,5,9,5,7,5,7,6,6,5,0,0,0,0,0,0,0,0,0,0]"""
1782116236366,2026-06-22T17:17:16.366,safe,transition,yja,stand_to_sit,t007,"CSI_DATA,1075385,1a:00:00:00:00:00,-65,11,-99,14,49,11,-1047786307,47,2,256,0,""[0,0,0,0,0,0,0,0,0,0,0,0,-10,0,-11,1,-10,0,-11,0,-9,0,-14,-2,-13,-3,-12,-3,-11,-4,-11,-3,-14,-4,-12,-7,-14,-7,-12,-6,-14,-6,-12,-8,-14,-9,-13,-7,-15,-12,-12,-12,-11,-11,-11,-10,-11,-10,-14,-10,-12,-11,-11,-12,-11,-12,-12,-11,-10,-11,-12,-11,-12,-10,-14,-12,-14,-12,-14,-11,-12,-11,-11,-11,-12,-10,-14,-10,-12,-11,-12,-9,-14,-9,-14,-9,-17,-9,-15,-8,-19,-13,-16,-11,-17,-10,-15,-11,-15,-10,-16,-9,-19,-12,-16,-11,-18,-12,-18,-14,-19,-12,-20,-14,-19,-12,0,0,0,0,0,0,-12,17,-12,16,-15,20,-13,19,-13,15,-14,19,-12,17,-13,17,-11,17,-17,17,-15,17,-13,15,-14,14,-11,14,-13,15,-12,14,-12,14,-11,14,-10,14,-11,12,-11,15,-8,14,-12,16,-11,14,-8,15,-10,12,-9,12,-9,15,-9,13,-11,12,-10,12,-9,14,-9,12,-9,14,-11,13,-12,12,-12,12,-11,11,-13,11,-12,8,-11,8,-12,9,-12,7,-11,6,-12,7,-11,6,-12,5,-11,4,-14,2,-12,2,-11,1,-11,0,-8,0,-9,0,-9,-1,-9,-1,-8,-2,0,0,0,0,0,0,0,0,0,0]"""
1782116236368,2026-06-22T17:17:16.368,safe,transition,yja,stand_to_sit,t007,"CSI_DATA,1075386,1a:00:00:00:00:00,-65,11,-99,16,49,11,-1047775422,47,2,256,0,""[0,0,0,0,0,0,0,0,0,0,0,0,-6,8,-5,6,-9,8,-6,5,-10,8,-9,5,-9,7,-12,8,-10,6,-14,6,-13,5,-13,4,-14,4,-14,4,-11,3,-19,3,-14,2,-17,2,-13,1,-14,1,-16,1,-15,2,-19,2,-16,0,-15,-1,-17,0,-16,0,-12,1,-20,0,-14,0,-17,1,-12,0,-16,1,-16,1,-16,2,-15,2,-19,0,-17,0,-17,0,-19,1,-15,3,-21,2,-16,1,-18,4,-13,3,-21,6,-19,2,-19,8,-19,5,-21,4,-19,1,-21,3,-20,4,-25,3,-22,3,-17,1,-21,5,0,0,0,0,0,0,1,19,3,26,1,17,4,21,1,27,1,17,1,26,1,16,0,24,0,19,2,20,1,23,1,19,1,22,0,19,1,17,1,18,0,17,1,13,2,23,2,16,2,19,1,13,3,16,2,18,2,16,2,20,0,17,0,16,1,19,1,17,2,13,0,20,0,13,1,18,0,12,1,18,-1,16,0,16,-1,15,-4,17,-4,15,-5,13,-5,14,-3,10,-7,14,-5,9,-5,12,-4,7,-5,11,-7,9,-6,8,-6,5,-8,7,-8,5,-7,3,-7,2,0,0,0,0,0,0,0,0,0,0]"""
1782116236372,2026-06-22T17:17:16.372,safe,transition,yja,stand_to_sit,t007,"CSI_DATA,1075388,1a:00:00:00:00:00,-65,11,-99,15,49,11,-1047753587,47,2,256,0,""[0,0,0,0,0,0,0,0,0,0,0,0,-7,-7,-7,-7,-5,-8,-7,-10,-5,-8,-5,-13,-6,-13,-5,-13,-4,-11,-2,-13,-4,-15,-1,-14,-1,-14,0,-14,-2,-15,0,-15,0,-19,-1,-15,1,-19,1,-16,0,-16,1,-14,1,-16,1,-17,2,-16,2,-17,2,-15,1,-17,4,-15,2,-17,1,-15,3,-19,2,-18,1,-16,1,-16,1,-15,1,-17,0,-19,1,-17,0,-17,-1,-17,0,-17,0,-20,0,-17,1,-21,-1,-22,0,-20,-1,-21,0,-19,0,-20,1,-23,1,-19,0,-23,0,-23,0,-22,1,-24,1,-22,0,0,0,0,0,0,-23,0,-21,-1,-25,-1,-23,0,-19,-1,-23,-1,-20,-2,-23,-2,-19,-1,-25,-4,-21,-1,-21,-1,-18,-2,-17,-2,-21,-1,-19,-1,-19,-1,-17,-1,-17,0,-18,-2,-19,-1,-17,-1,-20,-2,-19,0,-19,0,-15,-1,-16,0,-20,0,-16,-1,-17,-1,-16,-1,-17,0,-16,-3,-17,-2,-16,-1,-19,-4,-17,-3,-16,-4,-16,-4,-14,-5,-14,-5,-16,-5,-14,-7,-11,-7,-13,-7,-10,-7,-11,-9,-10,-6,-9,-10,-9,-8,-8,-8,-6,-8,-4,-7,-2,-8,-2,-9,-2,-8,-1,-7,0,0,0,0,0,0,0,0,0,0]"""
1782116236375,2026-06-22T17:17:16.375,safe,transition,yja,stand_to_sit,t007,"CSI_DATA,1075389,1a:00:00:00:00:00,-65,11,-99,20,48,11,-1047742136,47,2,256,0,""[0,0,0,0,0,0,0,0,0,0,0,0,10,1,10,2,10,1,11,1,12,2,10,3,12,3,10,6,14,2,12,7,12,5,13,6,15,6,16,6,16,7,13,6,14,5,15,5,15,6,15,8,15,9,17,5,15,7,16,5,16,7,15,5,15,6,16,6,18,1,17,0,16,2,16,2,17,2,17,0,17,2,17,-1,16,0,15,-2,17,-2,17,-4,19,-2,16,-7,16,-7,19,-8,17,-6,17,-5,17,-10,18,-8,17,-13,19,-12,17,-13,17,-13,18,-13,16,-14,17,-16,18,-16,17,-16,0,0,0,0,0,0,-17,-15,-17,-16,-17,-16,-17,-15,-17,-13,-16,-13,-19,-13,-19,-12,-19,-12,-16,-10,-16,-10,-15,-11,-19,-8,-16,-10,-16,-9,-17,-8,-17,-6,-18,-6,-19,-6,-17,-1,-16,-1,-18,-1,-17,-1,-18,-1,-15,-2,-20,0,-17,-1,-17,0,-17,-1,-17,1,-17,0,-19,0,-17,5,-16,4,-17,2,-17,2,-17,1,-17,2,-17,0,-17,1,-17,0,-16,1,-16,1,-15,0,-15,0,-15,3,-13,1,-14,0,-12,0,-10,-1,-10,-1,-10,-1,-12,-1,-10,-3,-9,-2,-8,-3,-7,-4,0,0,0,0,0,0,0,0,0,0]"""
1782116236378,2026-06-22T17:17:16.378,safe,transition,yja,stand_to_sit,t007,"CSI_DATA,1075390,1a:00:00:00:00:00,-65,11,-99,15,49,11,-1047731556,47,2,256,0,""[0,0,0,0,0,0,0,0,0,0,0,0,8,4,10,5,8,5,10,7,9,5,10,10,10,10,8,9,8,9,9,8,13,9,11,9,13,9,11,8,11,11,8,11,11,13,11,10,13,14,13,15,13,11,8,13,10,11,14,11,14,10,13,10,11,10,11,10,12,10,14,10,13,9,16,11,14,11,14,9,14,8,11,7,13,6,19,4,17,2,16,2,17,4,16,3,19,4,19,1,23,2,20,4,20,1,20,2,19,0,20,-1,23,-4,19,-4,22,-1,23,-2,22,-7,24,-5,25,-3,0,0,0,0,0,0,-6,-23,-5,-20,-8,-26,-4,-22,-5,-17,-7,-23,-7,-19,-9,-23,-9,-17,-8,-23,-8,-20,-7,-19,-7,-16,-9,-15,-13,-17,-12,-14,-13,-13,-13,-13,-11,-13,-10,-12,-14,-14,-12,-10,-17,-14,-13,-14,-13,-11,-12,-11,-13,-8,-18,-7,-16,-7,-14,-7,-15,-7,-14,-8,-13,-8,-16,-9,-14,-7,-18,-10,-16,-11,-13,-10,-14,-10,-10,-10,-12,-7,-15,-7,-14,-7,-11,-5,-12,-8,-9,-8,-11,-8,-10,-7,-11,-10,-7,-10,-7,-8,-6,-9,-5,-8,-6,-7,-6,-9,-5,-7,-4,-7,0,0,0,0,0,0,0,0,0,0]"""
1782116236381,2026-06-22T17:17:16.381,safe,transition,yja,stand_to_sit,t007,"CSI_DATA,1075391,1a:00:00:00:00:00,-65,11,-99,15,49,11,-1047719797,47,2,256,0,""[0,0,0,0,0,0,0,0,0,0,0,0,1,-10,1,-11,2,-9,4,-11,3,-10,7,-13,6,-13,4,-12,6,-10,8,-10,7,-13,8,-11,10,-11,9,-12,10,-11,10,-11,11,-14,8,-11,16,-13,13,-12,12,-10,13,-9,11,-8,13,-11,13,-10,13,-11,13,-10,11,-12,11,-10,14,-13,10,-11,15,-13,14,-13,11,-11,11,-13,10,-13,8,-11,11,-16,11,-14,10,-13,9,-15,8,-14,8,-19,7,-14,11,-20,8,-19,8,-18,9,-17,12,-16,10,-17,9,-21,9,-17,10,-21,10,-19,9,-22,11,-22,9,-21,0,0,0,0,0,0,-22,-10,-17,-8,-23,-10,-22,-7,-17,-7,-23,-7,-19,-9,-21,-9,-17,-6,-21,-9,-20,-8,-19,-7,-16,-6,-16,-7,-19,-4,-18,-6,-19,-6,-17,-5,-18,-5,-16,-4,-19,-2,-16,-1,-20,-5,-17,-5,-16,-3,-16,-4,-16,-2,-17,-2,-17,-2,-17,-2,-16,-2,-18,-2,-16,-3,-19,-2,-16,-2,-20,-5,-17,-4,-16,-5,-16,-5,-16,-5,-14,-4,-16,-5,-14,-7,-13,-5,-14,-7,-10,-5,-13,-7,-11,-6,-12,-9,-9,-8,-8,-7,-6,-8,-5,-7,-5,-8,-5,-8,-4,-8,-4,-8,0,0,0,0,0,0,0,0,0,0]"""
1782116236384,2026-06-22T17:17:16.384,safe,transition,yja,stand_to_sit,t007,"CSI_DATA,1075392,1a:00:00:00:00:00,-65,11,-99,18,48,11,-1047709587,47,2,256,0,""[0,0,0,0,0,0,0,0,0,0,0,0,8,0,13,-1,6,0,14,1,8,0,15,1,14,3,11,3,12,1,11,3,14,3,15,2,14,2,14,2,17,3,11,1,18,3,12,2,21,4,17,3,13,4,15,1,11,4,18,2,18,3,17,3,15,2,19,3,12,-1,20,-1,13,0,24,0,17,0,17,-2,17,0,15,-2,13,-1,17,-6,15,-5,13,-4,18,-6,9,-6,17,-12,14,-7,23,-13,17,-8,15,-11,18,-11,14,-11,14,-11,17,-18,12,-14,17,-16,14,-14,14,-19,17,-20,14,-15,0,0,0,0,0,0,-19,-15,-13,-9,-26,-15,-17,-12,-9,-8,-22,-14,-14,-6,-23,-12,-13,-6,-23,-13,-20,-9,-16,-9,-17,-7,-13,-6,-20,-6,-19,-5,-17,-3,-16,-3,-20,-4,-12,0,-21,0,-14,0,-25,0,-19,0,-15,0,-17,0,-12,0,-19,3,-17,3,-17,1,-14,1,-20,1,-11,4,-19,6,-14,3,-25,6,-17,1,-17,3,-18,1,-15,2,-13,1,-17,4,-15,3,-12,3,-15,1,-10,3,-16,2,-11,0,-19,-1,-11,-1,-11,-1,-10,-3,-10,0,-7,-1,-10,-3,-9,-2,-7,-3,0,0,0,0,0,0,0,0,0,0]"""
1782116236387,2026-06-22T17:17:16.387,safe,transition,yja,stand_to_sit,t007,"CSI_DATA,1075393,1a:00:00:00:00:00,-65,11,-99,19,48,11,-1047694193,47,2,256,0,""[0,0,0,0,0,0,0,0,0,0,0,0,4,-7,6,-10,5,-8,8,-11,5,-8,10,-12,10,-10,8,-7,8,-8,10,-7,11,-11,11,-10,12,-11,11,-10,15,-11,9,-7,14,-11,10,-7,19,-12,15,-11,13,-10,14,-9,11,-7,17,-11,14,-9,13,-10,11,-7,14,-11,8,-9,13,-12,10,-9,17,-16,14,-11,12,-13,13,-11,10,-11,8,-10,8,-14,9,-15,8,-13,10,-17,3,-13,7,-18,8,-15,11,-24,8,-17,5,-19,9,-18,6,-17,5,-18,5,-24,4,-20,6,-22,4,-18,1,-23,4,-27,5,-23,0,0,0,0,0,0,-26,-3,-17,-4,-30,-5,-21,-3,-15,-2,-25,-3,-17,-1,-26,-1,-16,0,-25,-2,-21,-1,-18,-2,-18,0,-16,-1,-20,1,-19,2,-19,2,-17,2,-21,2,-13,5,-19,5,-13,2,-23,6,-20,4,-16,4,-17,5,-13,2,-17,7,-16,7,-16,5,-14,5,-19,7,-11,6,-18,9,-13,5,-23,9,-18,4,-16,5,-17,4,-15,3,-13,4,-16,7,-15,5,-13,3,-16,2,-10,4,-14,4,-12,1,-19,0,-11,-1,-12,0,-10,-2,-10,0,-9,-1,-11,-1,-10,-1,-9,-3,0,0,0,0,0,0,0,0,0,0]"""
1782116236390,2026-06-22T17:17:16.390,safe,transition,yja,stand_to_sit,t007,"CSI_DATA,1075394,1a:00:00:00:00:00,-65,11,-99,15,48,11,-1047687587,47,2,256,0,""[0,0,0,0,0,0,0,0,0,0,0,0,-11,1,-7,-3,1,-36,-12,-8,-4,-11,-1,-33,-12,-13,-6,-6,-28,-18,-19,-12,-10,-11,-11,-13,-9,-7,-8,-11,-8,-13,-16,-8,-8,-12,-4,-19,-6,-10,-5,-12,-8,-14,-8,-15,-8,-15,-4,-15,-6,-16,-6,-16,-4,-18,-5,-18,-6,-14,-5,-15,-4,-17,-6,-14,-6,-14,-10,-12,-8,-14,-10,-15,-10,-14,-6,-16,-10,-14,-8,-15,-8,-16,-10,-16,-9,-17,-8,-16,-10,-14,-13,-13,-14,-14,-14,-14,-16,-15,-15,-14,-12,-16,-14,-20,-16,-19,-14,-16,-12,-19,-14,-17,-13,-17,0,0,0,0,0,0,-20,14,-20,13,-17,12,-20,12,-18,11,-22,9,-17,10,-18,12,-19,10,-16,12,-16,12,-14,12,-16,15,-14,12,-16,8,-15,12,-13,12,-16,12,-16,12,-13,12,-14,11,-16,10,-10,12,-12,12,-13,13,-12,15,-12,14,-14,10,-12,13,-13,14,-15,12,-15,13,-12,11,-14,10,-15,10,-12,10,-12,12,-12,12,-12,12,-14,12,-12,10,-15,6,-12,8,-15,6,-15,4,-14,5,-14,3,-14,2,-12,4,-12,2,-12,3,-11,2,-12,2,-10,0,-9,-2,-9,-2,-8,-2,0,0,0,0,0,0,0,0,0,0]"""
1782116236393,2026-06-22T17:17:16.393,safe,transition,yja,stand_to_sit,t007,"CSI_DATA,1075395,1a:00:00:00:00:00,-65,11,-99,15,49,11,-1047674933,47,2,256,0,""[0,0,0,0,0,0,0,0,0,0,0,0,-7,5,-9,7,-7,5,-12,7,-8,5,-13,5,-13,6,-11,4,-11,4,-12,3,-15,5,-14,4,-14,4,-14,4,-16,4,-12,3,-17,5,-13,5,-20,5,-18,2,-15,2,-14,2,-14,2,-19,3,-17,3,-16,3,-15,3,-16,4,-13,4,-17,7,-14,5,-20,8,-17,7,-16,6,-16,7,-13,6,-12,7,-14,11,-14,10,-13,8,-15,12,-10,11,-13,14,-12,13,-17,17,-13,14,-13,14,-13,14,-12,13,-11,14,-14,19,-10,17,-11,19,-11,17,-11,20,-13,22,-13,20,0,0,0,0,0,0,22,11,17,10,26,13,20,8,14,8,22,8,17,7,23,8,17,5,22,8,22,8,19,6,16,5,16,6,20,4,19,4,18,3,16,3,20,2,15,1,20,0,15,-1,23,0,20,0,18,0,17,0,14,0,19,-1,18,-1,17,-1,15,-1,19,-1,14,-2,18,-3,16,-4,24,-2,19,0,17,-1,18,1,14,0,15,0,18,-1,16,1,14,0,16,0,11,0,16,0,13,1,17,4,12,3,12,2,11,5,10,4,8,4,10,5,8,4,8,4,0,0,0,0,0,0,0,0,0,0]"""
1782116236396,2026-06-22T17:17:16.396,safe,transition,yja,stand_to_sit,t007,"CSI_DATA,1075396,1a:00:00:00:00:00,-65,11,-99,15,49,11,-1047657405,47,2,256,0,""[0,0,0,0,0,0,0,0,0,0,0,0,0,8,0,11,-1,10,-2,14,-1,9,-3,14,-5,13,-4,11,-5,12,-4,10,-4,14,-5,15,-5,14,-7,12,-9,14,-7,10,-11,15,-8,12,-14,16,-14,13,-11,10,-11,12,-10,10,-11,14,-10,14,-9,13,-9,11,-12,13,-9,10,-12,14,-10,11,-14,16,-13,13,-11,13,-13,13,-10,11,-7,12,-7,16,-8,16,-6,13,-9,16,-5,13,-8,19,-8,14,-11,21,-10,18,-8,17,-9,18,-8,16,-6,17,-7,22,-5,17,-8,19,-8,19,-8,21,-9,24,-10,19,0,0,0,0,0,0,20,11,17,7,26,11,19,10,14,5,22,11,16,8,22,10,16,6,24,10,19,8,18,7,16,7,16,7,20,4,19,3,19,3,17,4,19,7,15,4,20,5,15,2,22,6,19,6,17,2,16,7,14,1,19,2,18,1,17,0,14,2,18,4,14,4,20,4,14,4,22,7,17,8,17,7,16,8,13,7,13,5,17,5,15,8,12,6,13,8,10,6,13,10,9,7,12,13,8,10,7,9,5,10,4,8,4,8,6,9,4,8,3,8,0,0,0,0,0,0,0,0,0,0]"""
1782116236406,2026-06-22T17:17:16.406,safe,transition,yja,stand_to_sit,t007,"CSI_DATA,1075397,1a:00:00:00:00:00,-65,11,-99,20,48,11,-1047654379,47,2,256,0,""[0,0,0,0,0,0,0,0,0,0,0,0,-8,-8,-6,-6,-8,-8,-7,-8,-8,-10,-8,-8,-9,-8,-10,-9,-10,-9,-11,-11,-8,-11,-9,-11,-9,-11,-8,-14,-8,-12,-12,-12,-10,-12,-10,-13,-9,-11,-12,-10,-13,-10,-13,-11,-13,-12,-8,-13,-12,-12,-13,-10,-12,-12,-13,-9,-15,-12,-12,-9,-13,-10,-13,-6,-15,-6,-16,-4,-16,-4,-17,-4,-17,-4,-15,-5,-17,-4,-18,-4,-17,-3,-19,-1,-17,0,-19,-1,-16,2,-18,3,-19,5,-18,7,-20,6,-20,5,-20,3,-21,8,-20,9,-21,8,-20,4,-19,8,-20,12,0,0,0,0,0,0,12,20,13,22,10,17,13,17,15,21,10,18,14,19,12,15,13,17,13,10,16,10,16,12,19,9,18,10,13,13,16,9,16,8,16,10,16,8,19,6,16,4,19,7,15,3,17,1,17,2,20,0,20,0,17,4,18,2,19,-1,19,1,17,0,20,0,17,1,19,0,16,-1,17,-4,16,-2,17,-4,18,-3,18,-2,15,1,17,0,17,1,15,1,17,0,12,1,15,0,12,1,12,0,13,0,13,-1,12,0,11,1,9,4,9,2,9,3,0,0,0,0,0,0,0,0,0,0]"""
1782116236409,2026-06-22T17:17:16.409,safe,transition,yja,stand_to_sit,t007,"CSI_DATA,1075398,1a:00:00:00:00:00,-65,11,-99,15,49,11,-1047642231,47,2,256,0,""[0,0,0,0,0,0,0,0,0,0,0,0,-2,-11,0,-10,0,-13,0,-10,3,-13,0,-11,0,-12,2,-12,1,-14,4,-15,7,-13,6,-13,6,-14,9,-14,8,-11,9,-16,8,-13,13,-13,9,-11,7,-14,9,-13,11,-15,11,-14,13,-10,11,-10,11,-10,14,-11,11,-10,15,-12,13,-9,15,-10,9,-10,10,-11,10,-12,11,-13,11,-14,13,-13,13,-10,13,-13,14,-12,13,-11,13,-14,13,-11,13,-13,8,-11,11,-16,10,-16,10,-17,11,-17,13,-17,14,-12,15,-16,14,-15,15,-17,19,-14,14,-16,14,-16,0,0,0,0,0,0,-14,-17,-16,-20,-10,-14,-14,-18,-16,-19,-10,-16,-12,-20,-11,-16,-11,-19,-11,-13,-13,-14,-13,-16,-16,-14,-14,-16,-8,-16,-11,-14,-11,-15,-10,-17,-9,-15,-13,-16,-12,-13,-10,-18,-10,-11,-11,-12,-11,-16,-14,-13,-13,-16,-7,-16,-10,-15,-11,-14,-9,-17,-8,-14,-10,-19,-7,-15,-7,-17,-7,-12,-8,-15,-8,-15,-9,-14,-8,-16,-5,-17,-1,-16,-3,-16,-1,-16,0,-14,0,-16,1,-13,2,-15,1,-11,1,-13,1,-12,1,-12,2,-11,4,-11,5,-7,6,-8,6,-7,0,0,0,0,0,0,0,0,0,0]"""
1782116236412,2026-06-22T17:17:16.412,safe,transition,yja,stand_to_sit,t007,"CSI_DATA,1075399,1a:00:00:00:00:00,-65,11,-99,20,48,11,-1047632587,47,2,256,0,""[0,0,0,0,0,0,0,0,0,0,0,0,-3,8,-4,10,-5,8,-6,12,-4,9,-9,12,-9,12,-8,10,-8,10,-9,8,-10,11,-12,10,-12,9,-11,8,-13,10,-10,8,-14,11,-11,9,-17,10,-18,9,-16,8,-15,6,-13,6,-16,9,-14,7,-15,7,-14,6,-15,8,-13,7,-15,9,-11,8,-17,12,-16,9,-14,10,-15,8,-12,9,-12,9,-13,12,-13,10,-11,9,-13,12,-8,11,-11,15,-11,13,-16,17,-12,15,-12,16,-12,15,-12,13,-12,14,-14,18,-12,14,-12,17,-13,17,-14,17,-15,20,-12,19,0,0,0,0,0,0,19,15,15,12,21,16,19,10,13,9,20,12,16,10,20,13,16,9,20,15,19,12,16,9,15,8,15,10,19,9,17,8,16,10,15,6,17,8,14,6,19,6,15,4,20,9,18,7,16,7,15,6,15,5,19,6,17,8,16,6,13,7,17,5,15,5,19,6,16,4,21,9,17,8,16,6,16,10,12,7,13,8,16,9,13,10,10,9,13,9,10,7,12,10,9,8,12,13,8,9,6,10,5,10,4,9,3,9,5,11,2,10,2,9,0,0,0,0,0,0,0,0,0,0]"""
1782116236414,2026-06-22T17:17:16.414,safe,transition,yja,stand_to_sit,t007,"CSI_DATA,1075400,1a:00:00:00:00:00,-65,11,-99,20,48,11,-1047621588,47,2,256,0,""[0,0,0,0,0,0,0,0,0,0,0,0,2,-9,4,-12,4,-7,6,-13,4,-8,8,-14,7,-13,5,-10,8,-11,6,-10,6,-16,6,-15,7,-14,6,-12,8,-14,8,-12,10,-16,6,-13,10,-17,11,-16,8,-16,8,-13,6,-14,6,-17,5,-16,5,-16,5,-13,6,-17,4,-12,5,-17,4,-15,5,-21,4,-16,1,-16,2,-16,1,-16,0,-15,-3,-18,-3,-16,-4,-14,-3,-17,-4,-13,-7,-19,-5,-15,-10,-23,-8,-19,-11,-17,-9,-17,-8,-14,-12,-13,-15,-16,-15,-13,-15,-17,-14,-16,-17,-13,-17,-16,-15,-16,0,0,0,0,0,0,-13,17,-10,15,-15,23,-12,17,-8,13,-12,21,-6,15,-10,23,-6,16,-10,23,-8,21,-6,17,-5,17,-4,16,-1,21,0,19,0,19,0,16,0,19,0,15,2,21,1,16,2,23,1,19,3,17,1,16,3,14,6,17,8,16,8,15,6,14,7,18,6,13,8,16,8,15,10,21,5,19,8,14,5,17,6,13,7,13,10,15,9,15,7,12,5,14,5,11,7,16,3,13,5,17,2,12,3,12,1,10,1,10,1,9,2,11,1,9,1,10,0,0,0,0,0,0,0,0,0,0]"""
1782116236417,2026-06-22T17:17:16.417,safe,transition,yja,stand_to_sit,t007,"CSI_DATA,1075401,1a:00:00:00:00:00,-65,11,-99,16,49,11,-1047609237,47,2,256,0,""[0,0,0,0,0,0,0,0,0,0,0,0,-7,-4,-9,-8,-6,-7,-9,-11,-6,-8,-8,-14,-6,-13,-5,-10,-5,-10,-4,-10,-6,-15,-5,-13,-5,-15,-4,-13,-2,-19,-2,-12,-2,-18,-2,-13,-2,-21,2,-20,2,-16,0,-16,0,-13,0,-18,-1,-17,0,-16,0,-15,0,-19,0,-13,1,-19,0,-14,1,-23,3,-17,1,-16,2,-17,1,-14,-1,-13,-2,-17,-1,-17,0,-15,1,-17,-2,-12,-2,-19,-1,-16,-2,-24,0,-18,-2,-19,0,-19,0,-17,-1,-19,-4,-23,-3,-19,-3,-21,0,-19,-2,-22,-2,-25,0,-21,0,0,0,0,0,0,-26,0,-17,0,-28,0,-21,-2,-15,0,-24,0,-16,0,-26,-1,-16,0,-26,-1,-22,-1,-18,-2,-17,-1,-16,-1,-20,0,-20,1,-19,0,-17,0,-20,0,-13,1,-21,1,-13,0,-23,0,-20,-2,-17,0,-16,-1,-14,0,-19,0,-18,1,-17,1,-15,-1,-19,-2,-13,0,-20,-1,-13,-2,-24,-4,-19,-6,-17,-3,-17,-5,-14,-5,-12,-4,-16,-4,-15,-5,-12,-5,-13,-9,-10,-4,-13,-8,-9,-8,-13,-12,-8,-9,-8,-8,-5,-9,-5,-9,-5,-8,-6,-10,-5,-8,-3,-9,0,0,0,0,0,0,0,0,0,0]"""
1782116236420,2026-06-22T17:17:16.420,safe,transition,yja,stand_to_sit,t007,"CSI_DATA,1075402,1a:00:00:00:00:00,-65,11,-99,14,49,11,-1047594551,47,2,256,0,""[0,0,0,0,0,0,0,0,0,0,0,0,0,-9,0,-14,1,-7,1,-14,0,-8,2,-15,3,-15,4,-11,1,-14,4,-9,4,-16,4,-15,5,-15,4,-14,6,-18,1,-11,3,-20,1,-14,6,-22,4,-17,6,-14,4,-15,3,-12,3,-18,3,-17,2,-15,2,-14,2,-19,0,-12,0,-19,0,-14,-1,-23,0,-16,-1,-15,-1,-17,-3,-15,-3,-12,-6,-17,-6,-15,-4,-14,-6,-18,-9,-8,-13,-15,-9,-13,-15,-20,-9,-14,-14,-14,-13,-15,-12,-11,-12,-11,-17,-14,-16,-11,-19,-14,-14,-9,-19,-10,-23,-13,-17,-11,0,0,0,0,0,0,-11,21,-7,14,-11,27,-7,20,-4,12,-6,25,-4,15,-5,26,-3,15,-6,26,-3,21,-4,18,0,19,-2,14,0,21,0,20,0,19,0,16,1,21,4,12,7,20,4,14,6,24,6,19,5,16,6,16,5,12,9,17,8,16,8,15,6,14,9,19,7,10,13,17,8,12,13,22,8,17,10,14,8,17,9,12,7,12,11,14,8,13,7,11,7,14,8,9,10,14,4,10,7,18,4,11,5,11,3,11,4,9,1,8,3,12,3,10,1,10,0,0,0,0,0,0,0,0,0,0]"""
1782116236423,2026-06-22T17:17:16.423,safe,transition,yja,stand_to_sit,t007,"CSI_DATA,1075403,1a:00:00:00:00:00,-65,11,-99,15,49,11,-1047588588,47,2,256,0,""[0,0,0,0,0,0,0,0,0,0,0,0,-7,5,-10,7,-7,5,-12,6,-9,5,-14,5,-12,4,-11,1,-15,3,-12,0,-15,0,-16,0,-14,-1,-14,-2,-19,-3,-13,0,-17,-1,-14,-1,-18,-6,-17,-7,-14,-5,-16,-6,-12,-7,-14,-8,-14,-9,-13,-7,-13,-9,-16,-11,-12,-5,-14,-8,-13,-8,-18,-11,-12,-10,-13,-8,-13,-10,-13,-8,-14,-8,-14,-8,-13,-8,-12,-8,-14,-11,-15,-5,-19,-8,-13,-10,-20,-13,-14,-7,-19,-8,-16,-12,-16,-8,-14,-12,-19,-13,-17,-11,-20,-15,-16,-11,-17,-12,-18,-14,-14,-14,0,0,0,0,0,0,-17,18,-15,12,-20,17,-15,14,-13,12,-19,17,-13,10,-19,14,-13,10,-19,15,-17,13,-16,11,-17,14,-15,7,-17,10,-17,10,-17,10,-16,8,-19,10,-12,10,-16,11,-14,8,-17,11,-15,11,-14,9,-16,9,-14,7,-17,7,-16,8,-17,7,-16,5,-19,6,-13,5,-18,7,-16,4,-22,5,-17,2,-18,4,-19,1,-17,1,-16,1,-17,0,-15,-1,-14,-3,-16,-5,-12,0,-15,-3,-11,-5,-16,-8,-10,-6,-11,-7,-8,-8,-8,-6,-5,-8,-6,-8,-5,-8,-4,-9,0,0,0,0,0,0,0,0,0,0]"""
1782116236426,2026-06-22T17:17:16.426,safe,transition,yja,stand_to_sit,t007,"CSI_DATA,1075404,1a:00:00:00:00:00,-65,11,-99,18,48,11,-1047574388,47,2,256,0,""[0,0,0,0,0,0,0,0,0,0,0,0,9,3,10,3,10,6,9,6,9,7,10,8,9,9,11,8,7,10,10,9,11,10,9,11,10,11,9,12,7,11,6,17,6,16,5,15,5,17,2,15,4,17,1,14,4,17,6,16,6,14,5,16,3,16,3,14,0,17,0,17,1,15,2,17,2,18,2,17,2,15,1,16,3,16,3,17,4,17,4,17,5,17,0,18,1,17,6,16,2,16,4,22,2,20,5,18,3,19,6,19,4,19,3,18,3,21,3,23,3,21,3,20,1,23,0,0,0,0,0,0,23,0,22,-1,22,-2,22,1,22,0,21,0,22,1,20,0,22,0,22,2,20,3,22,-1,19,3,20,-1,19,-1,18,-1,19,-3,18,0,16,0,20,3,19,1,19,1,18,0,20,2,19,0,16,3,18,0,18,-1,17,-1,19,0,18,1,17,2,18,6,18,4,17,4,16,5,20,6,17,6,17,5,14,10,14,7,15,9,14,7,13,8,12,9,10,12,8,12,9,9,7,10,8,12,5,12,6,10,3,9,4,9,2,11,1,9,1,9,0,0,0,0,0,0,0,0,0,0]"""
1782116236429,2026-06-22T17:17:16.429,safe,transition,yja,stand_to_sit,t007,"CSI_DATA,1075405,1a:00:00:00:00:00,-65,11,-99,20,48,11,-1047566588,47,2,256,0,""[0,0,0,0,0,0,0,0,0,0,0,0,5,7,5,10,4,8,4,13,3,9,3,15,1,13,2,11,0,13,0,12,0,15,1,14,0,16,-1,15,-4,17,-3,12,-5,17,-4,13,-8,20,-9,16,-8,13,-8,13,-6,11,-9,17,-8,16,-7,15,-8,12,-10,15,-7,10,-10,15,-8,11,-12,17,-11,12,-10,13,-11,13,-9,11,-7,10,-8,15,-9,15,-9,13,-10,13,-7,12,-10,16,-9,13,-13,20,-12,15,-8,16,-12,15,-12,14,-10,16,-11,20,-9,16,-12,17,-13,16,-12,17,-16,20,-15,15,0,0,0,0,0,0,17,17,12,14,19,20,13,16,10,13,16,19,12,15,15,20,11,14,14,20,12,19,10,16,9,15,9,15,12,16,13,15,13,15,11,13,12,17,8,13,11,17,8,12,12,20,10,18,9,16,9,16,8,13,12,16,11,15,10,15,7,15,8,17,6,14,8,20,5,14,6,23,3,20,3,18,1,18,0,15,1,14,2,17,0,17,0,16,-2,16,-2,12,-4,16,-4,12,-8,16,-6,12,-6,10,-7,8,-8,7,-6,8,-8,8,-6,6,-8,5,0,0,0,0,0,0,0,0,0,0]"""
1782116236433,2026-06-22T17:17:16.433,safe,transition,yja,stand_to_sit,t007,"CSI_DATA,1075406,1a:00:00:00:00:00,-65,11,-99,16,49,11,-1047555058,47,2,256,0,""[0,0,0,0,0,0,0,0,0,0,0,0,9,5,8,5,10,8,7,6,9,9,6,8,8,7,9,10,9,10,9,12,8,11,8,12,8,13,8,13,8,12,10,15,9,12,10,15,6,12,9,12,10,14,8,13,10,16,6,14,6,14,8,15,8,15,9,12,10,16,9,11,10,13,7,9,10,10,10,10,12,11,14,10,14,12,12,11,12,12,14,12,14,9,17,10,15,8,16,8,12,5,17,6,16,8,19,4,20,5,21,6,17,8,20,8,21,5,22,6,21,6,19,5,21,5,0,0,0,0,0,0,5,-21,4,-25,3,-17,1,-22,3,-26,2,-19,2,-24,1,-18,1,-23,1,-17,-1,-18,0,-21,-1,-20,0,-23,0,-18,0,-19,-1,-19,-1,-20,-2,-16,-4,-21,-5,-16,-6,-19,-4,-13,-5,-15,-5,-17,-7,-17,-8,-19,-5,-15,-4,-19,-8,-16,-8,-19,-7,-15,-7,-20,-6,-16,-8,-17,-4,-13,-7,-16,-5,-17,-8,-15,-8,-16,-5,-17,-3,-15,-1,-16,-2,-17,-2,-15,-2,-16,-1,-13,-3,-15,-1,-10,-1,-13,-1,-11,0,-11,0,-10,2,-12,1,-8,2,-9,2,-8,0,0,0,0,0,0,0,0,0,0]"""
1782116236436,2026-06-22T17:17:16.436,safe,transition,yja,stand_to_sit,t007,"CSI_DATA,1075407,1a:00:00:00:00:00,-65,11,-99,20,48,11,-1047539621,47,2,256,0,""[0,0,0,0,0,0,0,0,0,0,0,0,-10,-4,-8,-4,-10,-6,-9,-5,-10,-8,-9,-5,-10,-4,-12,-6,-13,-5,-13,-6,-10,-8,-12,-7,-13,-7,-12,-10,-11,-8,-14,-9,-12,-8,-14,-12,-11,-6,-12,-6,-12,-6,-16,-6,-17,-7,-12,-9,-14,-8,-15,-5,-17,-6,-14,-5,-17,-6,-15,-6,-16,-5,-13,-1,-14,0,-14,0,-16,1,-19,2,-19,2,-16,1,-16,5,-19,3,-15,2,-18,5,-16,4,-17,5,-13,7,-17,11,-15,11,-13,14,-15,15,-16,13,-16,10,-16,15,-15,15,-15,18,-16,14,-13,15,-13,18,0,0,0,0,0,0,17,13,22,15,15,10,19,11,23,13,16,12,20,12,17,8,20,10,17,4,19,2,20,2,22,1,22,2,19,6,19,2,20,1,20,2,18,0,21,-1,17,-2,21,-1,15,-4,16,-6,18,-6,18,-8,20,-8,17,-4,17,-6,17,-8,19,-8,15,-7,18,-9,16,-7,17,-7,12,-8,14,-11,13,-10,13,-13,13,-10,16,-12,15,-6,14,-9,16,-7,13,-6,13,-8,12,-4,14,-6,9,-5,12,-6,10,-6,10,-7,10,-5,11,-5,9,-2,9,-2,9,-2,0,0,0,0,0,0,0,0,0,0]"""
1782116236439,2026-06-22T17:17:16.439,safe,transition,yja,stand_to_sit,t007,"CSI_DATA,1075408,1a:00:00:00:00:00,-65,11,-99,17,48,11,-1047533588,47,2,256,0,""[0,0,0,0,0,0,0,0,0,0,0,0,-26,-20,-1,1,-9,4,1,3,8,-10,-9,-6,-19,3,-32,11,-7,-6,-15,2,-3,-11,-11,0,-12,-3,-3,-10,-16,-1,-11,-5,-13,-6,-11,-5,-19,-8,-17,-2,-17,0,-15,-7,-13,-3,-15,-3,-15,-5,-14,-5,-13,-5,-16,-5,-14,-3,-17,-3,-13,-2,-19,-4,-17,-2,-17,-1,-16,-2,-14,-2,-15,0,-18,1,-18,0,-16,1,-17,2,-15,1,-19,3,-15,3,-22,3,-18,5,-17,4,-17,5,-18,5,-17,5,-21,5,-19,5,-22,7,-19,6,-22,6,-23,8,-21,8,0,0,0,0,0,0,9,23,8,17,10,23,11,19,6,16,10,21,7,18,11,21,10,16,11,22,11,18,11,15,8,16,10,15,13,15,11,14,12,15,11,13,12,15,10,13,12,14,11,11,15,16,14,15,15,11,12,12,11,10,17,11,14,12,13,11,13,11,16,11,11,11,16,12,12,8,16,15,15,13,13,12,14,12,10,12,10,11,12,12,10,13,10,10,10,12,7,10,8,13,8,10,7,14,7,11,5,10,5,10,4,9,3,8,2,12,1,10,1,8,0,0,0,0,0,0,0,0,0,0]"""
1782116236442,2026-06-22T17:17:16.442,safe,transition,yja,stand_to_sit,t007,"CSI_DATA,1075409,1a:00:00:00:00:00,-64,11,-99,15,49,11,-1047510188,47,2,256,0,""[0,0,0,0,0,0,0,0,0,0,0,0,-4,8,-5,11,-4,7,-8,10,-5,8,-8,11,-8,10,-7,8,-8,11,-8,7,-8,8,-10,11,-8,11,-10,10,-13,13,-6,8,-11,13,-8,11,-11,14,-12,13,-12,10,-10,13,-10,10,-10,12,-9,14,-8,12,-7,11,-10,14,-5,13,-5,17,-7,13,-7,17,-7,13,-5,16,-7,14,-3,16,-2,14,-1,16,-1,17,-1,16,-1,19,4,14,4,20,1,17,4,22,1,17,3,17,3,20,6,18,5,19,8,19,10,17,10,20,9,16,12,19,13,22,10,20,0,0,0,0,0,0,20,-13,17,-11,22,-15,18,-13,13,-11,17,-16,13,-13,18,-18,13,-13,16,-16,14,-16,15,-13,10,-18,11,-13,11,-16,10,-18,9,-16,9,-16,11,-19,3,-15,4,-20,4,-16,5,-22,4,-18,5,-16,4,-20,3,-14,2,-17,2,-18,1,-17,2,-17,2,-21,-2,-15,-1,-20,0,-18,-1,-23,2,-17,0,-18,3,-20,0,-17,1,-16,-1,-17,0,-17,0,-14,2,-17,-2,-13,0,-17,2,-12,2,-16,3,-11,2,-13,4,-11,2,-11,3,-10,4,-10,4,-10,4,-10,0,0,0,0,0,0,0,0,0,0]"""
1782116236445,2026-06-22T17:17:16.445,safe,transition,yja,stand_to_sit,t007,"CSI_DATA,1075410,1a:00:00:00:00:00,-65,11,-99,18,48,11,-1047510077,47,2,256,0,""[0,0,0,0,0,0,0,0,0,0,0,0,9,-1,11,-1,9,0,12,1,10,0,12,1,14,2,11,3,13,0,11,3,15,1,15,2,13,1,12,0,15,3,13,1,17,1,15,1,19,2,14,2,12,4,15,1,15,3,17,0,16,0,15,0,14,1,16,1,14,-3,15,-4,17,-2,20,-3,15,-2,15,-4,15,-2,15,-3,14,-4,14,-8,13,-8,12,-7,14,-7,11,-12,12,-12,13,-14,17,-16,14,-10,12,-14,15,-13,10,-14,12,-17,9,-20,9,-17,11,-16,11,-20,7,-22,8,-20,9,-19,0,0,0,0,0,0,-22,-8,-20,-5,-26,-6,-22,-7,-17,-4,-23,-5,-19,-1,-23,-3,-20,-1,-24,-4,-22,-4,-19,-3,-19,0,-19,0,-21,2,-19,2,-17,3,-16,2,-19,3,-14,6,-17,8,-18,5,-21,8,-19,5,-16,6,-16,7,-15,6,-17,11,-14,11,-15,9,-15,7,-17,9,-11,12,-13,12,-15,12,-18,15,-17,7,-14,12,-17,7,-12,7,-15,9,-13,13,-12,11,-9,9,-12,6,-11,9,-12,11,-12,7,-16,7,-11,4,-12,6,-11,2,-9,4,-11,3,-10,4,-9,3,-8,2,0,0,0,0,0,0,0,0,0,0]"""
1782116236447,2026-06-22T17:17:16.447,safe,transition,yja,stand_to_sit,t007,"CSI_DATA,1075411,1a:00:00:00:00:00,-64,11,-99,18,48,11,-1047500045,47,2,256,0,""[0,0,0,0,0,0,0,0,0,0,0,0,6,7,6,9,4,7,6,10,6,8,5,11,4,12,1,11,4,13,1,12,6,13,6,14,5,14,6,13,4,17,5,11,6,16,5,13,3,17,3,17,0,13,3,15,1,14,5,15,6,16,5,14,6,15,4,16,7,11,7,15,7,13,8,16,4,17,6,14,6,16,7,14,9,11,14,10,11,11,10,9,11,13,14,6,16,8,14,11,19,13,12,12,15,11,15,13,15,9,17,9,21,6,21,4,20,6,19,7,23,1,22,6,20,8,0,0,0,0,0,0,6,-24,5,-20,5,-24,7,-22,1,-17,3,-22,3,-18,2,-25,1,-20,3,-24,4,-20,5,-19,1,-19,2,-18,-3,-20,-3,-20,-3,-19,-3,-17,-1,-20,-5,-14,-8,-19,-5,-17,-5,-21,-3,-19,-3,-18,-4,-19,-4,-15,-10,-17,-9,-16,-7,-15,-7,-14,-7,-20,-8,-12,-12,-15,-10,-17,-11,-20,-3,-19,-6,-17,-3,-20,-6,-14,-6,-15,-11,-15,-8,-15,-6,-12,-3,-14,-7,-12,-8,-14,-3,-14,-3,-16,0,-12,-1,-13,1,-13,0,-11,0,-11,-1,-11,-1,-11,0,-8,0,0,0,0,0,0,0,0,0,0]"""
1782116236451,2026-06-22T17:17:16.451,safe,transition,yja,stand_to_sit,t007,"CSI_DATA,1075412,1a:00:00:00:00:00,-64,11,-99,14,49,11,-1047489584,47,2,256,0,""[0,0,0,0,0,0,0,0,0,0,0,0,-2,-9,-3,-10,-1,-11,-1,-9,-1,-12,1,-11,0,-12,0,-14,3,-11,4,-14,3,-14,5,-12,6,-12,5,-13,4,-11,9,-15,7,-14,7,-15,9,-11,9,-15,9,-15,10,-9,11,-14,11,-12,10,-9,11,-11,11,-12,7,-11,14,-12,11,-11,10,-13,11,-11,11,-12,12,-11,10,-11,9,-11,12,-13,11,-13,12,-11,11,-12,9,-12,12,-14,11,-13,10,-15,11,-12,10,-19,11,-14,11,-17,12,-14,12,-15,14,-15,13,-14,11,-15,15,-19,14,-15,13,-15,14,-19,0,0,0,0,0,0,-15,-14,-17,-16,-14,-15,-18,-14,-17,-19,-14,-14,-15,-18,-13,-14,-16,-16,-12,-15,-14,-15,-15,-16,-12,-14,-14,-17,-14,-14,-12,-15,-12,-16,-11,-15,-10,-10,-13,-17,-14,-13,-15,-14,-11,-13,-13,-14,-13,-14,-11,-14,-14,-15,-12,-15,-10,-15,-12,-15,-12,-15,-12,-12,-12,-18,-9,-16,-12,-15,-8,-16,-11,-17,-7,-17,-9,-17,-5,-15,-4,-19,-6,-17,-2,-17,-3,-17,-3,-14,-1,-17,0,-15,-1,-15,0,-14,0,-15,1,-14,3,-12,4,-11,4,-12,6,-11,5,-8,6,-8,0,0,0,0,0,0,0,0,0,0]"""
1782116236454,2026-06-22T17:17:16.454,safe,transition,yja,stand_to_sit,t007,"CSI_DATA,1075413,1a:00:00:00:00:00,-64,11,-99,20,48,11,-1047470445,47,2,256,0,""[0,0,0,0,0,0,0,0,0,0,0,0,8,-6,8,-4,10,-6,8,-5,12,-4,9,-5,9,-4,13,-6,12,-5,12,-8,12,-5,13,-6,12,-5,15,-5,13,-3,17,-5,12,-2,19,-2,12,-5,13,-3,17,-4,16,-5,18,-6,15,-4,14,-5,16,-6,16,-5,15,-4,17,-5,12,-4,17,-5,9,-5,15,-8,13,-8,12,-10,15,-10,14,-11,12,-8,12,-13,13,-12,10,-11,16,-13,11,-10,12,-13,8,-10,9,-15,11,-15,8,-18,9,-20,9,-19,8,-15,9,-19,10,-17,9,-20,10,-18,7,-18,8,-20,0,0,0,0,0,0,-20,-9,-24,-11,-17,-6,-20,-10,-26,-8,-17,-8,-23,-8,-17,-4,-21,-8,-18,-3,-19,-5,-21,-4,-21,-2,-23,1,-17,-3,-20,0,-20,1,-21,-1,-19,0,-23,0,-17,0,-20,-1,-15,2,-17,1,-18,2,-20,5,-21,6,-19,3,-19,6,-20,8,-21,5,-17,5,-24,3,-18,2,-20,2,-13,5,-19,5,-19,6,-17,6,-20,5,-19,4,-17,1,-19,4,-19,2,-16,2,-19,0,-16,-1,-16,0,-10,1,-15,0,-13,-1,-14,1,-13,-1,-13,0,-9,-2,-10,-2,-10,-3,0,0,0,0,0,0,0,0,0,0]"""
1782116236456,2026-06-22T17:17:16.456,safe,transition,yja,stand_to_sit,t007,"CSI_DATA,1075414,1a:00:00:00:00:00,-64,11,-99,14,49,11,-1047465521,47,2,256,0,""[0,0,0,0,0,0,0,0,0,0,0,0,5,7,6,10,2,7,4,12,3,8,3,14,3,13,1,11,3,12,1,11,3,15,3,15,3,14,1,12,1,17,1,12,1,17,3,13,0,19,0,19,0,15,0,14,0,13,1,16,2,16,1,16,1,14,3,18,2,12,3,17,1,14,3,21,1,16,3,15,2,16,3,14,4,13,7,15,7,14,6,12,7,17,7,11,10,17,8,15,12,22,8,16,13,16,9,17,9,14,12,14,16,17,15,15,15,16,13,15,15,15,16,18,14,17,0,0,0,0,0,0,18,-16,13,-12,20,-22,16,-14,10,-11,17,-18,11,-12,18,-19,10,-13,18,-20,15,-17,12,-15,11,-15,12,-12,11,-19,9,-18,9,-17,7,-15,12,-19,6,-14,9,-20,6,-16,10,-23,10,-19,7,-17,9,-16,5,-15,5,-20,5,-19,4,-18,5,-16,8,-21,4,-14,6,-22,4,-17,9,-24,10,-18,6,-17,10,-17,7,-15,6,-14,6,-19,7,-16,6,-14,10,-14,4,-11,9,-16,8,-11,14,-15,10,-10,9,-11,11,-8,9,-7,8,-6,10,-9,8,-7,9,-6,0,0,0,0,0,0,0,0,0,0]"""
1782116236459,2026-06-22T17:17:16.459,safe,transition,yja,stand_to_sit,t007,"CSI_DATA,1075415,1a:00:00:00:00:00,-64,11,-99,19,48,11,-1047454163,47,2,256,0,""[0,0,0,0,0,0,0,0,0,0,0,0,0,-10,0,-9,0,-11,0,-9,2,-12,2,-10,1,-11,2,-13,1,-14,2,-14,4,-11,5,-13,3,-14,4,-14,5,-15,5,-16,4,-14,7,-15,5,-13,2,-12,4,-13,2,-17,5,-16,5,-14,6,-16,5,-14,5,-16,6,-16,4,-16,4,-15,4,-16,2,-13,1,-16,0,-15,0,-16,0,-16,0,-19,1,-16,0,-17,0,-18,-2,-16,-3,-17,-3,-17,-2,-18,-5,-16,-4,-17,-5,-17,-7,-17,-8,-18,-11,-20,-7,-17,-10,-20,-8,-19,-12,-19,-8,-20,-11,-18,-13,-19,0,0,0,0,0,0,-20,12,-22,14,-16,11,-19,12,-22,14,-19,10,-17,15,-16,13,-20,12,-14,11,-15,14,-16,13,-14,16,-13,17,-16,12,-14,14,-14,16,-14,16,-13,16,-13,17,-10,16,-13,17,-8,16,-8,16,-8,17,-7,21,-10,19,-10,17,-10,19,-8,19,-10,20,-9,20,-8,21,-7,18,-9,19,-5,16,-6,18,-6,18,-7,19,-8,20,-9,18,-10,14,-9,17,-11,16,-10,14,-10,14,-9,13,-10,13,-8,10,-9,10,-9,10,-10,11,-9,11,-10,8,-10,6,-10,6,-9,4,0,0,0,0,0,0,0,0,0,0]"""
1782116236462,2026-06-22T17:17:16.462,safe,transition,yja,stand_to_sit,t007,"CSI_DATA,1075416,1a:00:00:00:00:00,-64,11,-99,18,48,11,-1047445588,47,2,256,0,""[0,0,0,0,0,0,0,0,0,0,0,0,10,3,10,4,11,3,10,4,10,5,10,6,9,7,9,9,12,8,7,9,10,11,9,12,7,11,8,11,7,13,11,12,10,12,9,15,6,14,7,12,4,13,8,15,5,16,4,14,5,15,4,14,5,15,5,16,7,14,7,14,7,14,6,14,6,13,6,14,6,15,8,14,7,16,7,14,7,14,7,15,6,15,11,14,11,13,10,15,9,15,10,15,11,16,11,17,12,15,11,19,12,15,12,17,12,17,12,18,14,18,12,17,12,19,0,0,0,0,0,0,20,-13,22,-12,19,-10,20,-12,21,-12,20,-11,18,-11,18,-10,19,-10,18,-9,18,-11,19,-7,19,-12,20,-7,19,-8,20,-8,17,-7,17,-9,19,-9,17,-11,15,-12,17,-11,15,-9,17,-11,18,-7,17,-13,19,-9,17,-9,18,-9,17,-10,19,-10,19,-8,17,-11,17,-11,19,-9,18,-7,17,-6,20,-6,20,-3,20,-6,20,-2,19,-3,19,-1,19,-2,18,1,17,-1,16,0,17,1,15,1,14,3,14,4,13,5,12,5,11,6,11,6,11,6,9,7,0,0,0,0,0,0,0,0,0,0]"""
1782116236465,2026-06-22T17:17:16.465,safe,transition,yja,stand_to_sit,t007,"CSI_DATA,1075417,1a:00:00:00:00:00,-64,11,-99,21,47,11,-1047434588,47,2,256,0,""[0,0,0,0,0,0,0,0,0,0,0,0,4,-9,4,-9,5,-10,3,-11,6,-11,5,-8,3,-9,4,-12,5,-12,5,-14,8,-10,10,-12,8,-11,11,-11,10,-13,10,-14,9,-12,12,-13,8,-10,5,-11,6,-13,6,-16,8,-15,10,-10,9,-14,9,-12,11,-14,8,-14,8,-14,8,-13,8,-14,5,-11,3,-13,1,-15,0,-16,3,-18,2,-17,5,-14,3,-17,3,-18,1,-17,1,-17,0,-17,-1,-19,0,-14,-4,-16,-5,-16,-10,-18,-10,-20,-8,-21,-3,-17,-4,-22,-5,-21,-6,-20,-5,-22,-8,-19,-12,-20,0,0,0,0,0,0,-22,11,-23,11,-17,10,-18,12,-22,14,-20,8,-20,11,-18,11,-20,13,-15,10,-11,13,-13,15,-15,18,-14,18,-15,10,-15,15,-13,15,-16,15,-13,17,-13,17,-10,16,-13,17,-7,14,-6,18,-5,19,-5,22,-6,21,-10,17,-10,19,-7,19,-11,20,-7,22,-9,21,-7,18,-8,20,-5,17,-3,19,-2,19,-1,21,-6,23,-6,20,-9,14,-10,17,-11,17,-8,18,-9,15,-9,13,-8,15,-6,10,-5,13,-6,12,-4,13,-8,14,-8,11,-9,6,-10,8,-9,6,0,0,0,0,0,0,0,0,0,0]"""
1782116236468,2026-06-22T17:17:16.468,safe,transition,yja,stand_to_sit,t007,"CSI_DATA,1075418,1a:00:00:00:00:00,-64,11,-99,17,48,11,-1047418475,47,2,256,0,""[0,0,0,0,0,0,0,0,0,0,0,0,-7,7,-8,5,-11,6,-10,5,-12,3,-9,4,-10,5,-11,5,-13,6,-15,5,-13,0,-13,2,-15,2,-16,0,-15,0,-17,0,-13,0,-17,-3,-13,-1,-15,1,-16,0,-17,0,-17,-1,-15,-5,-15,-3,-15,-3,-16,-5,-14,-4,-18,-4,-15,-3,-15,-4,-13,-1,-16,-2,-15,-1,-17,0,-17,0,-17,-1,-15,-4,-16,-1,-18,-3,-17,-2,-18,-1,-15,-1,-18,-1,-14,0,-18,1,-18,2,-19,2,-20,1,-22,1,-19,-1,-21,0,-22,-1,-23,0,-23,-2,-22,1,-23,0,0,0,0,0,0,0,-4,23,-3,26,-1,19,-3,22,-4,25,-5,20,-3,25,-3,20,-6,23,-1,18,0,19,-1,22,0,22,-1,23,-6,19,-3,20,-2,20,-3,21,-3,20,-3,22,-1,18,-4,22,-1,17,0,19,-1,21,0,23,0,22,-4,20,-3,22,-1,20,-4,22,-4,19,-5,23,-4,20,-6,20,-3,17,-4,20,-5,20,-3,21,-5,20,-8,19,-10,15,-10,18,-11,16,-11,13,-11,15,-11,10,-13,12,-10,10,-10,10,-10,10,-10,9,-12,9,-13,6,-11,3,-13,3,-11,1,0,0,0,0,0,0,0,0,0,0]"""
1782116236471,2026-06-22T17:17:16.471,safe,transition,yja,stand_to_sit,t007,"CSI_DATA,1075419,1a:00:00:00:00:00,-64,11,-99,16,48,11,-1047410626,47,2,256,0,""[0,0,0,0,0,0,0,0,0,0,0,0,8,5,11,7,6,5,10,8,7,4,11,10,10,10,7,9,10,9,5,9,9,12,9,12,7,12,8,11,10,15,7,9,11,16,8,9,11,17,10,14,9,12,9,12,5,11,9,12,9,14,9,13,8,12,11,16,7,7,12,13,9,10,15,16,11,12,10,12,10,12,12,11,8,7,14,8,12,9,11,8,14,9,12,3,20,4,14,5,26,8,17,7,18,6,18,7,18,4,15,4,23,2,19,3,24,3,18,3,22,0,26,2,21,3,0,0,0,0,0,0,1,-26,1,-16,1,-29,1,-24,0,-15,0,-28,0,-15,-2,-26,-1,-16,-1,-30,-2,-24,0,-20,-3,-21,0,-16,-4,-22,-3,-22,-3,-20,-3,-18,-4,-23,-7,-12,-9,-22,-6,-16,-10,-24,-9,-20,-6,-16,-7,-18,-6,-14,-9,-18,-9,-18,-9,-17,-7,-16,-9,-22,-9,-11,-14,-19,-8,-15,-14,-25,-9,-19,-9,-18,-7,-20,-7,-16,-7,-15,-9,-19,-7,-18,-6,-14,-5,-20,-7,-12,-9,-19,-2,-13,-4,-23,-1,-14,-2,-14,0,-14,-1,-13,1,-11,0,-15,0,-12,1,-12,0,0,0,0,0,0,0,0,0,0]"""
1782116236474,2026-06-22T17:17:16.474,safe,transition,yja,stand_to_sit,t007,"CSI_DATA,1075420,1a:00:00:00:00:00,-63,11,-99,17,48,11,-1047395712,47,2,256,0,""[0,0,0,0,0,0,0,0,0,0,0,0,0,-10,-1,-11,0,-9,0,-12,-1,-10,0,-14,1,-15,1,-13,1,-12,2,-13,1,-15,2,-14,2,-14,1,-14,1,-16,3,-15,1,-17,0,-15,2,-18,1,-18,-1,-15,2,-14,2,-14,0,-17,0,-15,1,-17,0,-15,0,-16,-1,-13,-3,-17,-3,-15,-3,-20,-4,-17,-6,-15,-5,-15,-5,-13,-5,-13,-8,-16,-8,-13,-8,-13,-10,-12,-10,-11,-13,-13,-13,-11,-16,-17,-15,-13,-15,-13,-15,-13,-14,-10,-17,-9,-20,-10,-16,-9,-19,-11,-20,-10,-20,-8,-21,-10,-21,-8,0,0,0,0,0,0,-5,21,-3,22,-4,26,-3,23,-4,18,-1,23,-1,22,-2,26,1,18,-2,27,0,24,1,20,0,19,1,20,3,23,2,20,4,20,5,17,6,18,6,18,8,20,8,17,9,23,10,20,10,18,8,17,9,16,13,18,11,17,11,18,10,16,13,17,11,13,15,16,13,15,17,20,12,17,15,15,13,18,10,15,11,15,15,17,10,16,10,13,11,15,10,13,12,14,9,13,10,17,8,14,8,14,5,14,6,11,5,11,5,13,4,11,3,12,0,0,0,0,0,0,0,0,0,0]"""
1782116236477,2026-06-22T17:17:16.477,safe,transition,yja,stand_to_sit,t007,"CSI_DATA,1075421,1a:00:00:00:00:00,-63,11,-99,18,48,11,-1047388782,47,2,256,0,""[0,0,0,0,0,0,0,0,0,0,0,0,-10,-4,-11,-5,-9,-3,-9,-5,-9,-4,-11,-7,-11,-7,-9,-7,-13,-7,-9,-9,-11,-10,-11,-11,-10,-9,-11,-10,-12,-13,-11,-8,-12,-10,-12,-12,-12,-11,-12,-13,-11,-12,-12,-11,-10,-12,-9,-11,-11,-13,-12,-11,-11,-11,-13,-12,-13,-6,-13,-7,-14,-10,-14,-9,-12,-7,-14,-7,-12,-7,-16,-7,-14,-6,-16,-6,-15,-6,-14,-5,-15,-6,-16,0,-19,0,-17,-3,-21,-3,-17,-2,-19,0,-20,-3,-19,1,-22,0,-21,1,-21,2,-23,1,-22,1,-22,4,-23,3,-23,4,0,0,0,0,0,0,3,25,4,22,4,23,6,25,4,21,4,25,6,20,7,22,6,20,5,22,7,21,6,20,10,21,6,19,7,20,7,21,7,18,7,19,8,21,10,15,13,17,11,17,12,17,12,15,11,16,15,17,11,16,12,15,12,16,13,15,12,17,15,19,15,11,15,14,17,15,16,17,12,16,15,14,12,16,14,15,13,16,12,15,11,15,9,14,9,15,13,13,12,14,8,15,7,17,7,13,7,14,4,14,6,12,3,14,3,12,3,13,1,12,0,0,0,0,0,0,0,0,0,0]"""
1782116236480,2026-06-22T17:17:16.480,safe,transition,yja,stand_to_sit,t007,"CSI_DATA,1075422,1a:00:00:00:00:00,-64,11,-99,15,48,11,-1047379547,47,2,256,0,""[0,0,0,0,0,0,0,0,0,0,0,0,13,-32,2,11,16,-16,4,-24,-3,-6,7,2,6,-13,-6,-4,14,-8,18,0,-1,4,15,0,18,-1,30,2,13,2,18,1,9,2,14,7,14,4,14,2,18,7,16,0,20,2,15,4,17,2,16,2,16,5,14,2,19,4,16,4,18,5,14,2,16,0,17,0,15,0,17,-2,18,1,16,2,18,0,20,1,16,0,19,0,17,0,19,0,14,-3,19,-3,18,-5,18,-8,21,-5,22,-4,20,-2,21,-2,20,-2,23,-6,22,-2,20,-4,23,-4,0,0,0,0,0,0,-2,-24,-3,-29,-2,-20,-2,-23,-3,-26,0,-21,-2,-26,-3,-20,0,-26,-4,-18,-5,-20,-6,-22,-7,-22,-7,-24,-2,-22,-5,-20,-5,-20,-3,-22,-3,-20,-6,-22,-4,-18,-6,-22,-6,-16,-6,-18,-8,-19,-9,-21,-9,-21,-4,-20,-6,-20,-8,-20,-4,-22,-5,-19,-6,-24,-4,-20,-4,-22,-5,-17,-4,-20,-6,-20,-6,-20,-5,-21,-3,-22,2,-19,0,-20,2,-21,2,-19,2,-20,4,-15,4,-18,2,-14,4,-15,2,-15,2,-14,4,-14,7,-13,8,-10,8,-10,7,-10,0,0,0,0,0,0,0,0,0,0]"""
1782116236483,2026-06-22T17:17:16.483,safe,transition,yja,stand_to_sit,t007,"CSI_DATA,1075425,1a:00:00:00:00:00,-63,11,-99,19,47,11,-1047346115,47,2,256,0,""[0,0,0,0,0,0,0,0,0,0,0,0,-11,0,-10,0,-12,0,-12,0,-14,0,-14,-2,-12,-2,-15,0,-12,-3,-14,1,-15,0,-15,0,-16,0,-15,0,-13,0,-19,-3,-16,-2,-17,-2,-16,0,-18,0,-17,4,-15,-1,-18,1,-16,1,-15,4,-18,2,-17,2,-14,4,-18,2,-16,3,-15,3,-13,6,-17,8,-14,6,-13,10,-14,6,-14,11,-13,10,-12,12,-12,12,-8,12,-14,14,-12,14,-10,14,-10,14,-10,19,-9,18,-5,19,-7,18,-4,21,-4,21,-6,20,-6,20,-6,24,-3,23,0,24,-3,26,0,0,0,0,0,0,24,0,24,-3,23,-2,24,-2,26,-2,23,-2,27,-4,22,-4,24,-6,21,-6,23,-6,23,-11,20,-7,20,-14,21,-12,18,-12,18,-14,17,-15,13,-12,20,-14,15,-14,16,-16,12,-16,15,-17,12,-18,11,-16,12,-20,10,-21,9,-19,9,-22,10,-20,6,-18,13,-21,10,-19,10,-20,7,-18,6,-24,8,-20,4,-20,9,-18,6,-20,8,-19,7,-19,7,-18,5,-16,10,-17,9,-14,6,-16,6,-13,8,-16,6,-14,6,-14,7,-10,6,-13,7,-11,5,-10,6,-10,0,0,0,0,0,0,0,0,0,0]"""
1782116236492,2026-06-22T17:17:16.492,safe,transition,yja,stand_to_sit,t007,"CSI_DATA,1075426,1a:00:00:00:00:00,-63,11,-99,20,47,11,-1047335540,47,2,256,0,""[0,0,0,0,0,0,0,0,0,0,0,0,-10,3,-12,1,-11,1,-12,2,-13,0,-12,3,-12,4,-14,3,-14,3,-13,3,-15,0,-16,2,-14,0,-16,0,-17,0,-16,2,-17,1,-18,0,-16,1,-14,2,-15,1,-18,5,-17,4,-16,1,-17,4,-16,5,-18,5,-17,5,-16,5,-16,5,-14,5,-12,7,-12,8,-11,10,-11,11,-12,14,-12,12,-12,11,-9,13,-11,13,-12,14,-10,14,-10,14,-11,14,-5,16,-5,16,-3,21,-2,21,-4,22,-1,21,-5,20,-3,25,-2,24,0,22,-3,22,1,24,-1,23,0,0,0,0,0,0,25,0,27,0,23,-2,25,-1,26,-5,25,0,24,-3,22,-5,24,-3,20,-8,19,-10,20,-11,21,-13,18,-12,19,-7,18,-12,18,-13,20,-12,18,-12,16,-14,15,-13,18,-14,12,-15,12,-16,11,-17,11,-20,11,-20,14,-14,11,-18,9,-18,12,-19,11,-20,10,-20,11,-19,12,-18,7,-18,6,-19,5,-21,5,-20,7,-22,7,-20,10,-16,7,-19,11,-17,10,-17,9,-16,9,-16,10,-14,8,-14,6,-13,7,-14,5,-12,7,-14,8,-11,9,-9,7,-10,8,-10,0,0,0,0,0,0,0,0,0,0]"""
1782116236495,2026-06-22T17:17:16.495,safe,transition,yja,stand_to_sit,t007,"CSI_DATA,1075427,1a:00:00:00:00:00,-63,11,-99,19,47,11,-1047324589,47,2,256,0,""[0,0,0,0,0,0,0,0,0,0,0,0,9,0,14,2,8,2,14,3,10,2,16,4,14,6,11,6,12,6,10,5,15,8,14,7,13,7,12,6,14,11,10,8,16,12,12,8,18,13,14,14,12,12,12,10,10,10,14,12,14,10,14,10,12,11,15,12,10,8,13,10,11,9,18,12,14,11,10,8,14,8,13,12,15,4,16,4,13,2,16,2,15,9,14,0,19,5,16,3,24,7,12,2,17,6,20,5,24,10,22,0,22,0,14,2,22,0,20,1,19,5,24,2,19,5,0,0,0,0,0,0,3,-26,0,-18,5,-33,8,-24,4,-16,5,-26,1,-17,3,-30,1,-18,5,-30,3,-26,5,-21,3,-22,2,-18,2,-24,0,-22,0,-21,0,-18,1,-24,0,-17,-2,-25,0,-20,-2,-28,0,-24,-2,-20,0,-21,-1,-18,-4,-22,-3,-22,-4,-22,-1,-20,0,-24,-3,-15,-2,-24,0,-19,-2,-30,3,-23,-1,-22,2,-23,3,-18,1,-18,0,-22,0,-20,1,-16,5,-19,1,-15,4,-21,5,-14,8,-22,8,-15,7,-15,9,-12,7,-10,7,-9,8,-12,7,-10,9,-10,0,0,0,0,0,0,0,0,0,0]"""
1782116236498,2026-06-22T17:17:16.498,safe,transition,yja,stand_to_sit,t007,"CSI_DATA,1075428,1a:00:00:00:00:00,-63,11,-99,20,47,11,-1047311326,47,2,256,0,""[0,0,0,0,0,0,0,0,0,0,0,0,-10,-5,-9,-3,-12,-6,-11,-3,-12,-6,-10,-7,-10,-4,-15,-5,-11,-9,-15,-6,-11,-7,-12,-7,-13,-7,-13,-9,-12,-8,-16,-12,-12,-9,-15,-10,-11,-7,-13,-7,-19,-7,-14,-10,-18,-9,-12,-7,-14,-8,-15,-7,-17,-9,-16,-5,-18,-9,-14,-7,-16,-5,-11,-2,-16,-1,-15,-1,-18,1,-18,-2,-20,0,-16,0,-18,1,-19,2,-16,3,-22,0,-17,1,-18,7,-12,3,-18,9,-18,5,-16,13,-21,11,-20,12,-16,9,-21,10,-18,13,-18,12,-19,12,-16,13,-17,16,0,0,0,0,0,0,17,16,20,20,14,11,17,16,23,20,16,14,20,17,17,11,23,15,16,10,16,11,22,9,21,11,25,7,19,6,20,7,20,5,23,5,20,3,24,9,20,4,24,1,16,1,20,0,23,-1,21,0,25,-3,20,-1,22,-3,23,-3,25,-3,21,-5,27,0,21,0,21,-3,15,-1,20,-7,20,-3,20,-9,23,-3,22,-4,19,-1,22,-1,23,-2,19,-3,20,1,17,1,18,-2,12,0,16,-1,14,0,16,-3,15,0,16,-1,11,1,12,2,12,2,0,0,0,0,0,0,0,0,0,0]"""
1782116236500,2026-06-22T17:17:16.500,safe,transition,yja,stand_to_sit,t007,"CSI_DATA,1075429,1a:00:00:00:00:00,-63,11,-99,20,47,11,-1047302553,47,2,256,0,""[0,0,0,0,0,0,0,0,0,0,0,0,-7,7,-10,9,-7,7,-10,9,-9,7,-11,9,-12,9,-9,7,-12,9,-11,5,-15,4,-15,5,-15,6,-14,3,-19,7,-12,4,-17,6,-15,5,-19,5,-16,7,-13,4,-18,7,-14,1,-16,1,-18,3,-16,2,-16,1,-20,3,-14,4,-16,7,-14,3,-18,7,-15,6,-13,9,-14,8,-15,7,-13,7,-14,9,-14,8,-13,7,-16,9,-11,10,-14,13,-15,11,-19,14,-11,9,-12,15,-15,14,-12,16,-14,14,-14,17,-15,15,-16,18,-12,15,-16,17,-16,22,-15,18,0,0,0,0,0,0,22,16,17,14,23,18,19,14,15,12,20,17,16,12,22,15,16,11,19,16,20,12,17,11,20,11,15,11,16,14,18,12,18,11,17,13,21,12,16,7,21,9,17,9,24,9,22,7,19,7,22,6,15,7,19,9,20,9,18,9,17,10,23,11,18,3,23,7,19,10,25,11,18,9,22,7,20,10,18,9,16,9,16,11,16,11,13,12,16,13,13,7,16,12,12,12,14,14,10,11,12,11,8,12,9,11,7,11,6,14,4,12,4,11,0,0,0,0,0,0,0,0,0,0]"""
1782116236503,2026-06-22T17:17:16.503,safe,transition,yja,stand_to_sit,t007,"CSI_DATA,1075430,1a:00:00:00:00:00,-63,11,-99,18,47,11,-1047290372,47,2,256,0,""[0,0,0,0,0,0,0,0,0,0,0,0,-6,-6,-7,-8,-5,-7,-7,-10,-6,-8,-8,-13,-6,-13,-6,-12,-5,-13,-5,-11,-8,-13,-9,-14,-8,-12,-8,-13,-8,-15,-5,-13,-6,-17,-7,-14,-8,-17,-7,-19,-6,-15,-4,-15,-6,-14,-10,-15,-8,-15,-8,-14,-6,-14,-8,-15,-6,-12,-11,-15,-8,-13,-12,-16,-8,-15,-10,-13,-9,-12,-9,-13,-11,-11,-14,-11,-14,-10,-13,-7,-15,-10,-12,-8,-18,-11,-15,-6,-22,-12,-17,-11,-18,-8,-18,-10,-15,-8,-18,-4,-23,-3,-21,-3,-22,-5,-22,-4,-23,-1,-24,-4,-23,-6,0,0,0,0,0,0,-2,24,0,19,-1,29,-4,24,0,18,-1,27,0,20,0,28,0,19,0,28,0,25,0,23,0,21,2,19,5,24,7,22,8,20,6,18,6,22,5,17,8,22,8,17,11,25,9,22,9,18,6,19,8,16,14,18,13,17,13,16,12,17,11,20,9,15,13,19,11,17,14,23,9,22,11,17,10,20,6,17,10,15,13,18,11,17,9,14,8,17,7,14,8,19,6,13,7,20,3,15,4,16,2,14,2,13,2,12,3,14,2,12,2,13,0,0,0,0,0,0,0,0,0,0]"""
1782116236506,2026-06-22T17:17:16.506,safe,transition,yja,stand_to_sit,t007,"CSI_DATA,1075431,1a:00:00:00:00:00,-63,11,-99,20,47,11,-1047280246,47,2,256,0,""[0,0,0,0,0,0,0,0,0,0,0,0,-1,11,-1,7,-3,14,-1,9,-2,14,-1,12,0,12,-1,15,-2,14,-3,16,-3,15,-3,14,-5,15,-5,16,-2,12,-3,19,-1,14,-2,19,-2,15,-1,14,0,17,0,18,-1,19,-1,16,-1,16,-1,18,0,17,3,12,1,20,0,14,3,16,3,11,7,16,5,15,8,14,9,14,10,16,10,15,9,14,11,14,9,10,16,15,12,9,16,11,12,9,20,7,19,9,19,5,20,6,23,8,20,10,20,7,21,3,27,5,23,5,20,3,23,0,0,0,0,0,0,0,-1,-21,-1,-29,-1,-19,-6,-24,-5,-29,-4,-19,-6,-27,-5,-17,-9,-26,-7,-18,-10,-20,-13,-20,-11,-19,-12,-22,-10,-18,-11,-17,-12,-19,-12,-18,-12,-12,-18,-18,-14,-11,-19,-13,-14,-10,-18,-11,-20,-11,-18,-9,-22,-11,-20,-9,-19,-10,-21,-9,-22,-7,-18,-2,-25,-9,-18,-6,-23,-3,-15,-5,-24,-2,-22,-5,-21,-1,-22,-2,-22,-3,-19,-5,-18,-5,-20,-5,-15,-2,-21,-3,-14,-3,-19,-1,-13,-1,-18,-2,-16,-1,-16,-1,-13,-3,-16,-3,-12,-4,-11,-5,-11,-3,0,0,0,0,0,0,0,0,0,0]"""
1782116236509,2026-06-22T17:17:16.509,safe,transition,yja,stand_to_sit,t007,"CSI_DATA,1075432,1a:00:00:00:00:00,-63,11,-99,21,47,11,-1047267066,47,2,256,0,""[0,0,0,0,0,0,0,0,0,0,0,0,6,-7,8,-8,8,-7,9,-7,8,-8,11,-8,13,-8,10,-8,11,-6,11,-8,13,-11,11,-9,11,-10,11,-10,12,-9,13,-9,13,-10,12,-10,14,-9,14,-11,12,-11,13,-9,13,-10,12,-13,11,-11,11,-12,10,-13,10,-11,10,-11,10,-13,9,-14,9,-15,8,-15,7,-15,6,-15,6,-13,5,-16,2,-18,1,-17,0,-15,0,-17,0,-18,0,-19,-2,-18,-1,-21,-3,-21,-3,-19,-4,-20,-5,-18,-7,-19,-10,-21,-8,-18,-9,-19,-11,-22,-13,-20,-12,-20,-13,-22,0,0,0,0,0,0,-19,13,-17,15,-19,19,-18,17,-16,15,-15,18,-13,18,-13,19,-13,18,-15,21,-15,21,-11,20,-11,17,-9,19,-9,23,-5,20,-5,20,-3,20,-4,19,-3,21,-2,21,0,21,-1,24,-1,23,1,22,0,20,1,21,5,23,5,20,5,22,5,20,5,21,5,21,6,21,6,21,8,22,5,23,6,21,5,21,5,18,6,19,9,20,7,19,6,17,5,17,6,18,5,18,6,17,4,18,3,18,2,17,1,15,1,14,1,15,3,14,1,13,0,12,0,0,0,0,0,0,0,0,0,0]"""
1782116236512,2026-06-22T17:17:16.512,safe,transition,yja,stand_to_sit,t007,"CSI_DATA,1075433,1a:00:00:00:00:00,-63,11,-99,19,47,11,-1047257943,47,2,256,0,""[0,0,0,0,0,0,0,0,0,0,0,0,-12,0,-9,0,-13,0,-12,0,-14,-2,-11,-1,-10,0,-16,-2,-13,-3,-16,0,-14,-2,-15,-4,-15,-1,-16,-4,-14,-3,-18,-6,-15,-4,-17,-6,-13,-4,-14,-4,-19,-3,-16,-6,-20,-4,-14,-4,-15,-3,-17,-4,-18,-4,-16,-4,-19,-6,-14,-4,-17,-4,-13,-2,-16,0,-15,0,-16,2,-18,0,-20,1,-17,0,-18,2,-20,3,-16,5,-22,2,-19,0,-18,7,-14,2,-19,8,-18,6,-16,12,-22,9,-19,10,-16,8,-22,10,-20,10,-21,11,-20,10,-18,12,-20,12,0,0,0,0,0,0,14,20,17,23,13,16,14,20,18,24,11,17,17,22,13,16,17,20,13,15,14,15,20,16,17,17,20,14,15,12,18,12,18,11,19,12,18,10,20,15,17,10,20,11,16,7,18,9,22,8,20,9,23,8,19,7,20,6,22,6,24,7,21,4,24,12,20,10,22,6,14,7,23,4,19,8,22,3,22,9,21,8,18,9,20,10,20,10,18,8,18,12,14,12,16,8,10,6,14,9,12,9,15,7,12,11,13,10,8,9,8,10,7,10,0,0,0,0,0,0,0,0,0,0]"""
1782116236515,2026-06-22T17:17:16.515,safe,transition,yja,stand_to_sit,t007,"CSI_DATA,1075434,1a:00:00:00:00:00,-63,11,-99,15,48,11,-1047246598,47,2,256,0,""[0,0,0,0,0,0,0,0,0,0,0,0,-6,8,-9,8,-6,8,-10,10,-8,7,-12,8,-12,6,-12,4,-13,6,-11,3,-14,4,-16,5,-14,4,-15,4,-20,4,-12,4,-18,5,-15,2,-19,2,-16,0,-16,-3,-16,2,-15,-3,-16,0,-18,0,-17,0,-16,0,-21,-2,-13,3,-18,3,-15,0,-20,2,-16,-3,-16,0,-17,0,-17,0,-16,0,-18,2,-16,4,-14,2,-18,1,-14,5,-19,8,-17,4,-24,5,-18,1,-20,4,-22,1,-18,4,-20,6,-22,10,-21,9,-25,7,-21,5,-22,10,-26,7,-22,5,0,0,0,0,0,0,6,28,4,20,7,29,2,25,3,20,4,28,5,17,5,26,4,20,3,27,1,24,-2,22,4,24,0,19,4,22,4,24,4,22,4,21,2,26,7,16,8,23,4,19,6,24,3,22,0,20,5,22,0,20,6,21,4,21,4,22,3,20,2,25,6,17,7,24,3,22,3,28,-2,22,-1,22,-3,23,-1,21,-3,19,0,23,0,20,0,18,-6,21,0,16,-2,21,-6,16,-8,20,-10,14,-9,14,-12,12,-8,12,-8,11,-9,12,-9,11,-10,8,0,0,0,0,0,0,0,0,0,0]"""
1782116236518,2026-06-22T17:17:16.518,safe,transition,yja,stand_to_sit,t007,"CSI_DATA,1075435,1a:00:00:00:00:00,-63,11,-99,14,48,11,-1047232331,47,2,256,0,""[0,0,0,0,0,0,0,0,0,0,0,0,9,2,13,3,9,3,13,5,11,4,12,6,13,6,10,7,15,6,10,8,11,9,11,12,11,11,11,11,13,13,11,9,13,11,12,11,11,13,13,14,10,11,13,15,8,13,8,14,8,15,9,13,10,15,11,16,9,11,11,12,13,15,12,13,10,13,13,12,11,13,13,13,13,10,12,10,11,13,10,11,13,12,16,6,17,7,16,12,18,12,14,10,19,8,17,13,18,10,19,12,19,9,22,11,22,11,21,11,21,11,22,11,21,10,0,0,0,0,0,0,13,-24,12,-21,13,-24,11,-23,11,-18,13,-23,11,-19,12,-22,9,-19,12,-22,11,-23,11,-18,9,-23,13,-18,9,-19,11,-19,11,-19,11,-17,12,-22,4,-19,5,-23,6,-22,8,-21,7,-23,8,-18,7,-23,7,-19,8,-21,9,-22,7,-19,9,-19,10,-23,4,-21,4,-22,8,-22,10,-24,10,-19,9,-19,12,-19,9,-21,11,-19,10,-19,12,-17,11,-14,14,-15,8,-17,11,-15,15,-14,15,-15,12,-10,13,-11,13,-7,12,-9,14,-5,13,-5,14,-5,13,-3,0,0,0,0,0,0,0,0,0,0]"""
1782116236521,2026-06-22T17:17:16.521,safe,transition,yja,stand_to_sit,t007,"CSI_DATA,1075436,1a:00:00:00:00:00,-63,11,-99,19,47,11,-1047225589,47,2,256,0,""[0,0,0,0,0,0,0,0,0,0,0,0,3,9,4,13,4,10,2,13,2,11,0,14,0,14,-1,12,0,16,-2,13,-4,14,-6,14,-4,15,-6,15,-8,17,-4,12,-7,17,-6,14,-8,18,-10,15,-10,14,-8,17,-10,11,-11,13,-11,14,-10,12,-12,11,-15,14,-6,12,-12,16,-12,11,-12,16,-12,14,-11,13,-12,15,-10,15,-10,10,-9,15,-13,16,-10,16,-9,14,-11,12,-11,18,-5,14,-8,22,-10,18,-14,14,-16,21,-11,22,-12,14,-9,22,-16,24,-12,25,-9,16,-10,22,-16,21,-14,18,0,0,0,0,0,0,23,16,18,16,19,20,18,17,15,16,17,20,14,13,20,19,14,15,17,21,17,18,14,18,18,16,12,16,14,18,14,18,14,17,14,16,17,20,12,12,18,18,12,16,18,18,16,17,14,16,18,16,12,16,15,17,14,19,13,18,12,18,13,22,14,14,16,20,10,19,16,25,10,20,12,21,8,22,9,20,5,18,6,22,6,22,3,20,1,24,3,16,2,21,-1,18,-1,22,-2,15,-2,17,-6,15,-4,16,-6,13,-7,12,-7,12,-8,11,0,0,0,0,0,0,0,0,0,0]"""
1782116236524,2026-06-22T17:17:16.524,safe,transition,yja,stand_to_sit,t007,"CSI_DATA,1075437,1a:00:00:00:00:00,-63,11,-99,19,47,11,-1047214589,47,2,256,0,""[0,0,0,0,0,0,0,0,0,0,0,0,8,-10,8,-7,12,-7,10,-7,13,-6,12,-5,9,-7,12,-6,14,-7,16,-5,14,-1,16,-1,16,-2,18,0,18,0,19,0,18,-1,17,2,16,2,16,0,20,0,18,0,19,0,14,6,18,4,15,4,16,7,17,6,17,6,17,4,16,6,14,5,16,3,18,-2,17,2,21,1,21,4,14,6,15,8,21,4,19,7,15,1,18,3,14,4,10,7,18,1,19,6,18,-7,21,0,17,1,18,6,26,0,28,1,26,3,21,4,25,0,23,2,0,0,0,0,0,0,4,-26,9,-28,6,-24,6,-23,8,-26,11,-20,12,-24,8,-24,11,-23,8,-18,4,-18,4,-24,5,-24,7,-24,10,-16,9,-21,8,-20,11,-22,10,-22,9,-22,7,-21,8,-20,8,-16,4,-19,5,-22,6,-24,7,-24,11,-18,12,-22,10,-20,13,-20,10,-22,13,-22,13,-20,12,-20,10,-15,9,-18,10,-20,11,-21,14,-22,16,-18,16,-12,19,-14,20,-12,19,-13,18,-10,17,-8,16,-9,12,-6,14,-8,14,-7,14,-8,18,-5,16,-2,14,2,15,2,13,2,0,0,0,0,0,0,0,0,0,0]"""
1782116236526,2026-06-22T17:17:16.526,safe,transition,yja,stand_to_sit,t007,"CSI_DATA,1075438,1a:00:00:00:00:00,-63,11,-99,18,47,11,-1047200301,47,2,256,0,""[0,0,0,0,0,0,0,0,0,0,0,0,-4,11,-2,10,-6,11,-6,9,-6,11,-7,11,-7,11,-9,13,-9,9,-11,11,-12,11,-11,9,-13,8,-14,8,-11,8,-16,10,-14,8,-15,8,-15,6,-15,7,-15,6,-15,5,-17,7,-16,5,-15,4,-17,4,-16,5,-13,6,-18,4,-14,4,-15,7,-15,4,-15,7,-17,4,-15,6,-14,7,-17,7,-17,7,-17,6,-17,7,-14,8,-17,8,-16,7,-15,11,-15,8,-17,13,-17,10,-16,13,-17,10,-19,11,-19,10,-18,8,-17,11,-21,14,-19,12,-19,10,-22,13,0,0,0,0,0,0,13,19,14,22,10,19,14,21,13,23,11,19,13,24,9,19,11,22,10,20,11,20,12,20,9,19,11,22,11,19,10,18,9,21,11,19,9,14,12,22,11,17,15,19,11,18,13,20,13,18,11,19,14,22,11,19,11,19,11,19,11,20,14,16,9,24,9,21,12,18,8,19,11,22,6,22,6,22,6,20,5,23,4,22,0,22,1,21,4,19,0,22,0,18,1,19,-2,16,0,19,-3,17,-4,16,-4,13,-6,15,-6,13,-7,11,-7,11,0,0,0,0,0,0,0,0,0,0]"""
1782116236529,2026-06-22T17:17:16.529,safe,transition,yja,stand_to_sit,t007,"CSI_DATA,1075439,1a:00:00:00:00:00,-63,11,-99,19,47,11,-1047191868,47,2,256,0,""[0,0,0,0,0,0,0,0,0,0,0,0,-10,1,-14,1,-8,0,-14,1,-10,1,-16,0,-15,0,-12,-1,-14,0,-12,-2,-16,-1,-16,-2,-16,-2,-15,-2,-21,-2,-12,0,-18,-2,-13,0,-21,-4,-18,-2,-14,-2,-18,0,-14,-4,-18,-2,-18,-2,-16,-3,-16,-2,-20,0,-12,2,-20,2,-14,0,-22,3,-16,2,-17,3,-17,3,-16,4,-14,3,-15,6,-16,6,-14,6,-18,8,-10,8,-15,13,-14,9,-20,15,-14,10,-15,15,-16,12,-12,16,-13,15,-14,20,-13,15,-14,21,-13,17,-11,20,-14,24,-13,22,0,0,0,0,0,0,25,12,18,10,28,13,21,9,16,7,26,10,18,7,28,8,18,5,28,10,24,6,20,7,22,4,18,5,22,5,20,4,22,1,20,0,27,1,16,-2,24,-4,18,-1,27,-4,24,-4,20,-4,22,-6,16,-1,22,-4,23,-5,20,-2,20,-4,26,-4,15,-8,22,-10,19,-7,29,-11,22,-5,21,-9,22,-6,20,-6,18,-5,22,-8,20,-6,18,-5,22,-4,14,-6,21,-8,17,-2,24,-2,15,-1,17,-2,15,0,16,-2,14,0,16,0,12,0,14,1,0,0,0,0,0,0,0,0,0,0]"""
1782116236532,2026-06-22T17:17:16.532,safe,transition,yja,stand_to_sit,t007,"CSI_DATA,1075440,1a:00:00:00:00:00,-63,11,-99,19,47,11,-1047180332,47,2,256,0,""[0,0,0,0,0,0,0,0,0,0,0,0,8,8,8,8,8,10,7,9,7,12,8,10,9,10,10,12,10,11,9,12,6,13,7,12,8,14,8,16,8,15,9,14,9,12,8,16,8,14,9,14,9,16,14,14,11,14,7,16,10,16,9,13,10,14,10,12,12,14,10,12,11,12,12,10,14,9,15,8,15,8,16,6,16,6,14,8,16,6,18,8,16,6,20,4,17,2,20,4,17,2,19,0,19,-2,20,-4,21,-4,21,-3,22,0,22,-4,22,-6,23,-8,23,-4,22,-8,22,-8,0,0,0,0,0,0,-8,-24,-10,-26,-9,-20,-10,-22,-14,-24,-8,-20,-14,-24,-12,-18,-11,-22,-14,-15,-15,-16,-15,-16,-19,-15,-18,-16,-14,-17,-17,-14,-18,-14,-18,-14,-17,-14,-20,-12,-18,-9,-21,-11,-18,-8,-20,-6,-20,-6,-24,-3,-22,-5,-22,-8,-21,-6,-22,-4,-22,-6,-21,-4,-25,-4,-21,-4,-22,-4,-20,-1,-22,0,-22,0,-24,0,-23,1,-22,-2,-20,-6,-22,-2,-22,-6,-20,-4,-22,-2,-17,-2,-20,-5,-16,-1,-17,-2,-16,-2,-16,-2,-17,-2,-14,-4,-13,-8,-13,-6,-12,-6,0,0,0,0,0,0,0,0,0,0]"""
1782116236536,2026-06-22T17:17:16.536,safe,transition,yja,stand_to_sit,t007,"CSI_DATA,1075441,1a:00:00:00:00:00,-63,11,-99,17,48,11,-1047169374,47,2,256,0,""[0,0,0,0,0,0,0,0,0,0,0,0,-7,-7,-6,-10,-5,-8,-5,-11,-3,-10,-6,-13,-6,-13,-4,-12,-6,-14,-3,-11,-3,-15,-4,-16,-4,-14,-3,-17,-1,-18,-3,-13,-1,-17,0,-16,-1,-17,-1,-17,0,-15,0,-18,-1,-16,1,-15,0,-17,0,-17,0,-17,0,-19,-3,-15,0,-16,1,-15,-1,-18,-1,-17,-2,-13,-2,-15,-6,-18,-1,-13,-1,-19,-10,-17,-4,-20,-1,-17,-9,-13,-6,-19,0,-15,-6,-24,-6,-21,-15,-16,-8,-22,-7,-24,-15,-17,-8,-17,-13,-23,-10,-27,-13,-19,-10,-13,-13,-19,-5,-19,0,0,0,0,0,0,-25,9,-21,9,-23,10,-23,8,-20,10,-27,9,-18,9,-23,10,-20,6,-21,13,-20,11,-20,10,-20,14,-16,10,-19,11,-17,13,-17,13,-17,12,-20,12,-13,13,-18,14,-18,9,-17,14,-17,13,-16,11,-17,15,-13,13,-16,13,-16,16,-14,17,-16,14,-21,15,-14,13,-18,15,-18,10,-18,16,-18,10,-18,14,-18,11,-19,14,-15,11,-19,9,-16,12,-17,8,-21,6,-15,7,-18,7,-18,2,-18,5,-15,2,-17,2,-15,1,-16,1,-13,0,-13,0,-13,0,-13,-2,0,0,0,0,0,0,0,0,0,0]"""
1782116236538,2026-06-22T17:17:16.538,safe,transition,yja,stand_to_sit,t007,"CSI_DATA,1075442,1a:00:00:00:00:00,-63,11,-99,15,48,11,-1047159590,47,2,256,0,""[0,0,0,0,0,0,0,0,0,0,0,0,9,-8,6,-6,12,-7,9,-4,12,-6,10,-4,12,-6,16,-6,12,-4,16,-4,16,-1,14,-1,16,-1,16,0,12,0,20,-1,14,0,19,0,14,2,18,0,20,0,16,2,19,2,16,3,14,5,17,4,16,4,14,1,21,5,14,4,18,4,13,3,16,2,17,4,16,3,16,0,20,4,18,3,18,4,20,2,16,1,21,3,16,2,19,0,14,1,22,-2,20,1,21,-3,20,0,23,1,21,2,22,2,20,0,29,0,22,3,18,1,25,1,0,0,0,0,0,0,2,-22,2,-28,2,-18,2,-25,3,-30,4,-20,6,-28,3,-18,5,-28,4,-20,2,-22,2,-25,3,-21,4,-26,4,-22,5,-21,4,-23,5,-22,3,-17,2,-26,1,-18,3,-24,2,-17,2,-21,2,-24,1,-20,2,-26,5,-22,6,-20,5,-22,4,-23,1,-18,7,-26,5,-18,5,-24,6,-16,5,-24,8,-21,7,-22,8,-20,11,-21,12,-18,13,-16,13,-18,9,-13,14,-17,11,-12,12,-15,10,-8,13,-13,14,-10,12,-10,12,-7,14,-6,13,-3,12,-3,12,-2,0,0,0,0,0,0,0,0,0,0]"""
1782116236541,2026-06-22T17:17:16.541,safe,transition,yja,stand_to_sit,t007,"CSI_DATA,1075443,1a:00:00:00:00:00,-63,11,-99,19,47,11,-1047144681,47,2,256,0,""[0,0,0,0,0,0,0,0,0,0,0,0,10,2,13,4,7,2,11,5,8,4,14,8,13,8,9,7,11,7,7,8,13,9,12,10,12,10,10,10,13,13,10,8,16,14,10,8,13,16,10,15,8,14,10,12,8,11,11,14,10,14,12,13,9,11,12,15,8,9,12,14,8,10,15,16,11,14,12,12,10,12,11,11,12,8,16,10,13,10,12,9,14,13,12,5,20,9,13,10,24,13,17,10,20,9,18,12,17,7,16,7,23,8,21,6,24,10,20,9,24,7,26,10,21,10,0,0,0,0,0,0,12,-25,7,-17,12,-30,9,-24,5,-15,10,-28,6,-18,11,-28,6,-16,11,-29,11,-24,9,-20,6,-22,6,-17,7,-24,6,-22,6,-21,4,-19,8,-24,2,-17,4,-25,4,-18,5,-28,5,-23,4,-20,4,-20,3,-17,2,-22,1,-23,2,-21,3,-19,5,-26,1,-18,2,-25,3,-20,4,-30,8,-21,4,-22,8,-21,5,-20,5,-17,6,-22,6,-20,6,-16,9,-19,4,-14,8,-20,8,-14,14,-20,11,-12,10,-14,12,-10,10,-8,10,-7,11,-10,10,-8,11,-7,0,0,0,0,0,0,0,0,0,0]"""
1782116236544,2026-06-22T17:17:16.544,safe,transition,yja,stand_to_sit,t007,"CSI_DATA,1075444,1a:00:00:00:00:00,-63,11,-99,14,48,11,-1047135384,47,2,256,0,""[0,0,0,0,0,0,0,0,0,0,0,0,8,-5,8,-6,9,-5,11,-5,10,-6,13,-6,11,-6,12,-7,13,-2,13,-6,15,-6,13,-6,15,-4,13,-4,14,-4,17,-4,17,-5,15,-5,19,-4,16,-2,15,-3,15,-2,15,-4,17,-5,16,-5,16,-5,15,-4,15,-6,16,-4,18,-5,15,-6,17,-7,15,-8,15,-6,15,-8,13,-8,15,-9,15,-11,15,-10,14,-11,13,-12,13,-11,15,-14,11,-13,14,-15,13,-18,13,-16,12,-17,13,-15,11,-16,13,-17,12,-17,13,-21,13,-20,14,-20,13,-21,13,-21,0,0,0,0,0,0,-22,-11,-22,-9,-26,-11,-23,-10,-20,-9,-24,-9,-21,-11,-24,-10,-22,-8,-25,-10,-24,-8,-25,-5,-20,-6,-21,-5,-25,-4,-22,-3,-22,-3,-20,-4,-21,0,-21,-4,-24,-2,-21,0,-25,-2,-23,0,-22,2,-19,0,-22,2,-22,3,-21,2,-22,2,-21,2,-22,4,-23,0,-24,2,-21,2,-25,1,-24,3,-22,0,-22,2,-20,0,-22,1,-22,0,-21,-2,-20,-1,-19,0,-18,-4,-20,-2,-17,-2,-19,-3,-18,-2,-16,-3,-14,-4,-13,-5,-13,-5,-13,-4,-11,-5,-11,-6,0,0,0,0,0,0,0,0,0,0]"""
1782116236547,2026-06-22T17:17:16.547,safe,transition,yja,stand_to_sit,t007,"CSI_DATA,1075445,1a:00:00:00:00:00,-63,11,-99,18,47,11,-1047126590,47,2,256,0,""[0,0,0,0,0,0,0,0,0,0,0,0,12,0,8,1,14,2,9,2,13,4,11,3,11,4,13,5,12,6,15,8,13,8,12,7,13,8,13,10,10,6,14,15,9,9,12,15,9,11,12,13,16,15,8,14,14,13,11,13,11,13,11,13,11,13,8,10,11,17,8,12,10,14,7,11,13,14,11,14,11,13,11,12,12,15,10,13,13,14,13,14,13,11,13,17,10,13,16,13,9,9,18,13,14,13,18,11,16,16,17,15,16,16,14,15,15,13,21,18,17,18,14,14,22,16,0,0,0,0,0,0,16,-15,24,-22,14,-14,17,-16,22,-21,14,-11,24,-19,15,-14,22,-17,16,-14,16,-16,17,-18,16,-14,17,-20,15,-17,13,-15,17,-17,17,-16,12,-13,20,-17,13,-13,17,-17,13,-13,14,-15,16,-19,15,-15,16,-19,15,-16,13,-16,15,-16,15,-16,10,-13,24,-17,15,-12,18,-15,14,-9,19,-17,19,-14,17,-15,17,-11,21,-12,19,-9,21,-8,19,-7,15,-7,22,-4,16,-2,19,-4,13,-2,18,-4,16,0,15,-2,14,1,17,1,13,3,12,3,11,3,0,0,0,0,0,0,0,0,0,0]"""
1782116236550,2026-06-22T17:17:16.550,safe,transition,yja,stand_to_sit,t007,"CSI_DATA,1075446,1a:00:00:00:00:00,-63,11,-99,14,48,11,-1047115590,47,2,256,0,""[0,0,0,0,0,0,0,0,0,0,0,0,-10,6,-6,4,-13,4,-8,3,-13,4,-11,2,-13,4,-14,4,-11,1,-16,2,-15,2,-15,1,-16,0,-15,0,-13,0,-20,-2,-15,-1,-19,-2,-14,-3,-17,-4,-20,-3,-14,-4,-21,-2,-17,-3,-16,-3,-17,-4,-16,-4,-11,-2,-20,-7,-14,-6,-17,-4,-14,-4,-17,-4,-17,-4,-16,-2,-15,-3,-20,-2,-19,-2,-19,-2,-18,-2,-15,0,-22,-4,-17,-2,-21,-1,-15,0,-24,0,-21,-2,-21,2,-21,-1,-24,0,-21,-2,-22,-2,-18,-1,-28,0,-24,-2,-20,-1,-28,-2,0,0,0,0,0,0,-4,24,-3,30,-3,22,-1,25,-4,28,-2,20,-5,30,-2,19,-4,28,-2,21,-3,24,-2,26,-2,22,-2,27,0,24,0,22,0,24,-1,22,0,16,-3,26,0,19,-1,25,-1,19,0,23,0,25,-2,20,1,26,0,24,0,22,0,24,0,23,1,17,-5,28,-3,19,-3,24,-4,17,-3,24,-6,23,-3,22,-6,20,-6,24,-7,21,-8,19,-8,19,-6,15,-11,19,-10,13,-9,17,-8,11,-11,15,-11,12,-9,12,-12,9,-11,11,-12,8,-10,6,-10,5,0,0,0,0,0,0,0,0,0,0]"""
1782116236553,2026-06-22T17:17:16.553,safe,transition,yja,stand_to_sit,t007,"CSI_DATA,1075447,1a:00:00:00:00:00,-63,11,-99,20,47,11,-1047104590,47,2,256,0,""[0,0,0,0,0,0,0,0,0,0,0,0,-10,-3,-10,-7,-9,-5,-9,-7,-9,-7,-12,-7,-11,-8,-9,-9,-12,-10,-9,-9,-9,-11,-11,-12,-10,-11,-9,-13,-10,-17,-9,-11,-9,-14,-6,-16,-7,-15,-6,-15,-4,-15,-9,-16,-7,-16,-5,-16,-7,-17,-8,-16,-7,-16,-7,-18,-7,-13,-6,-15,-5,-17,-7,-16,-5,-15,-8,-15,-7,-16,-11,-17,-9,-15,-10,-17,-12,-12,-10,-15,-9,-16,-11,-14,-12,-16,-9,-19,-12,-16,-10,-16,-15,-15,-14,-15,-15,-17,-15,-17,-12,-17,-18,-18,-16,-22,-14,-18,-14,-18,-17,-20,-14,-20,0,0,0,0,0,0,-23,14,-22,12,-21,14,-24,12,-21,13,-25,12,-19,11,-22,13,-21,9,-20,13,-20,13,-19,11,-20,16,-16,14,-19,11,-18,14,-15,14,-18,13,-22,13,-15,13,-18,15,-20,11,-16,14,-16,14,-16,12,-17,16,-16,14,-16,12,-16,15,-16,16,-18,14,-22,14,-18,12,-19,13,-20,11,-18,14,-18,10,-18,12,-18,11,-21,11,-17,10,-20,8,-17,11,-18,7,-20,4,-17,5,-19,4,-18,1,-18,3,-15,0,-16,1,-16,0,-15,0,-14,0,-11,-3,-13,-3,-12,-5,0,0,0,0,0,0,0,0,0,0]"""
1782116236557,2026-06-22T17:17:16.557,safe,transition,yja,stand_to_sit,t007,"CSI_DATA,1075448,1a:00:00:00:00:00,-63,11,-99,19,47,11,-1047093590,47,2,256,0,""[0,0,0,0,0,0,0,0,0,0,0,0,-1,-10,1,-12,0,-10,0,-13,0,-12,4,-14,7,-12,7,-10,6,-13,6,-11,6,-14,7,-15,6,-12,7,-14,11,-15,6,-12,9,-16,9,-14,13,-15,13,-11,12,-7,12,-13,14,-8,12,-14,12,-14,14,-12,12,-12,16,-12,8,-12,10,-15,12,-12,13,-16,13,-11,12,-12,15,-11,13,-10,11,-12,9,-16,9,-14,8,-14,13,-14,6,-16,8,-19,10,-17,13,-22,14,-13,12,-17,17,-16,10,-17,12,-20,8,-25,7,-22,11,-23,11,-20,6,-23,13,-24,12,-21,0,0,0,0,0,0,-24,-14,-19,-10,-27,-14,-21,-16,-17,-11,-24,-16,-20,-8,-25,-12,-21,-10,-24,-15,-21,-16,-15,-17,-20,-13,-16,-13,-20,-11,-22,-10,-19,-9,-20,-9,-21,-12,-17,-5,-22,-6,-20,-7,-22,-10,-20,-12,-16,-13,-20,-10,-16,-11,-22,-6,-21,-8,-20,-8,-18,-8,-22,-14,-18,-4,-23,-6,-20,-9,-23,-12,-16,-15,-17,-13,-16,-16,-16,-13,-15,-13,-19,-10,-16,-10,-14,-10,-12,-16,-14,-10,-15,-12,-12,-14,-12,-18,-5,-14,-6,-14,-2,-16,-5,-13,-3,-14,-6,-13,-4,-12,-2,-12,0,0,0,0,0,0,0,0,0,0]"""
1782116236559,2026-06-22T17:17:16.559,safe,transition,yja,stand_to_sit,t007,"CSI_DATA,1075449,1a:00:00:00:00:00,-63,11,-99,19,47,11,-1047081395,47,2,256,0,""[0,0,0,0,0,0,0,0,0,0,0,0,10,6,8,5,10,9,8,7,10,10,6,7,8,10,9,12,8,13,11,14,6,12,6,14,7,14,5,17,4,14,2,22,2,16,0,20,0,14,0,14,0,19,1,18,2,23,0,17,1,18,0,18,-3,20,0,15,-4,21,-3,17,-6,18,-1,12,-2,18,0,19,0,17,-2,19,-2,20,-4,16,-1,20,-1,22,0,19,-7,22,-5,18,0,20,-2,13,-1,23,-3,20,3,21,-2,24,-1,24,-2,20,-4,22,-5,24,-4,25,-6,23,-4,21,-6,26,0,0,0,0,0,0,23,7,30,9,18,4,22,10,29,11,17,11,26,12,20,8,24,14,18,9,18,8,22,8,21,11,26,8,17,8,20,8,22,8,20,10,18,8,22,14,16,9,23,14,15,6,17,8,22,8,20,11,24,12,18,10,20,8,21,10,20,14,18,11,20,17,15,12,18,16,12,10,16,13,16,14,17,13,16,18,16,18,10,16,12,18,10,19,9,17,5,20,2,16,6,19,2,11,4,16,2,14,3,15,1,15,-1,15,-2,12,-4,13,-3,12,0,0,0,0,0,0,0,0,0,0]"""
1782116236562,2026-06-22T17:17:16.562,safe,transition,yja,stand_to_sit,t007,"CSI_DATA,1075450,1a:00:00:00:00:00,-63,11,-99,14,48,11,-1047067717,47,2,256,0,""[0,0,0,0,0,0,0,0,0,0,0,0,-11,-2,-9,-2,-13,-5,-11,-4,-13,-5,-11,-6,-11,-6,-14,-7,-11,-6,-14,-8,-13,-8,-11,-10,-13,-11,-13,-11,-12,-8,-15,-13,-11,-11,-15,-12,-11,-12,-13,-13,-15,-15,-11,-11,-15,-13,-12,-13,-11,-13,-11,-13,-13,-13,-13,-9,-15,-15,-11,-11,-14,-12,-11,-13,-13,-8,-13,-13,-16,-8,-13,-10,-13,-14,-14,-12,-14,-13,-24,-6,-18,-4,-17,-9,-13,-7,-21,-5,-17,-6,-20,4,-19,-2,-19,-4,-24,2,-25,-2,-23,-4,-22,0,-26,-5,-25,-6,-23,-11,-18,-2,-25,0,0,0,0,0,0,0,0,25,-2,31,-4,22,2,25,-1,29,0,22,-2,29,-1,22,0,26,0,21,2,23,3,25,1,22,1,25,1,22,0,21,2,24,2,22,4,18,4,24,5,19,8,22,5,19,6,21,8,22,6,19,8,22,7,21,5,21,8,21,7,22,8,16,8,25,7,19,11,19,6,19,10,22,6,22,8,20,6,19,5,20,3,20,2,19,4,20,4,17,2,19,1,16,4,17,2,14,3,18,0,15,1,15,-1,14,-1,15,-3,13,-4,12,-3,11,0,0,0,0,0,0,0,0,0,0]"""
1782116236565,2026-06-22T17:17:16.565,safe,transition,yja,stand_to_sit,t007,"CSI_DATA,1075451,1a:00:00:00:00:00,-63,11,-99,19,47,11,-1047060402,47,2,256,0,""[0,0,0,0,0,0,0,0,0,0,0,0,0,10,0,13,-2,10,-2,14,0,10,-3,17,-2,16,-4,14,-2,14,-3,12,-4,17,-4,17,-2,17,-4,15,-5,18,-4,14,-5,20,-3,14,-6,22,-4,19,-3,14,-4,17,-3,14,-3,18,-2,18,-1,19,-2,16,-2,20,0,14,0,20,0,16,1,25,0,18,2,18,2,18,2,16,4,16,8,19,7,17,6,16,7,19,8,12,14,19,10,15,18,22,13,18,15,14,14,16,13,14,14,12,20,14,18,12,21,15,20,14,22,12,25,14,21,14,0,0,0,0,0,0,11,-24,8,-18,12,-30,11,-24,6,-17,10,-27,6,-18,8,-29,6,-18,7,-30,5,-26,3,-23,2,-22,2,-18,0,-25,-2,-22,0,-22,-2,-20,-2,-23,-3,-16,-6,-25,-4,-18,-9,-27,-5,-22,-6,-20,-7,-19,-7,-17,-12,-20,-12,-18,-11,-18,-10,-16,-12,-21,-11,-13,-15,-19,-12,-15,-17,-24,-10,-20,-13,-16,-10,-18,-10,-14,-12,-14,-15,-16,-12,-16,-10,-12,-10,-15,-10,-12,-13,-16,-8,-13,-11,-20,-8,-14,-8,-13,-6,-14,-5,-11,-5,-10,-6,-12,-6,-12,-5,-11,0,0,0,0,0,0,0,0,0,0]"""
1782116236568,2026-06-22T17:17:16.568,safe,transition,yja,stand_to_sit,t007,"CSI_DATA,1075452,1a:00:00:00:00:00,-63,11,-99,18,47,11,-1047049570,47,2,256,0,""[0,0,0,0,0,0,0,0,0,0,0,0,0,-11,0,-11,0,-13,0,-12,0,-14,2,-13,2,-14,2,-15,2,-13,3,-15,3,-17,3,-15,2,-17,3,-15,2,-15,5,-17,4,-15,2,-18,3,-18,4,-20,0,-20,4,-16,3,-18,2,-17,3,-17,2,-19,1,-17,0,-15,1,-19,0,-17,0,-18,-1,-19,-2,-19,-2,-18,-5,-18,-2,-15,-4,-19,-6,-18,-7,-17,-8,-15,-8,-14,-9,-18,-8,-17,-13,-16,-11,-16,-14,-17,-14,-16,-15,-13,-15,-15,-18,-15,-19,-16,-16,-13,-17,-13,-22,-17,-20,-13,-19,-12,-23,-13,0,0,0,0,0,0,-10,22,-11,26,-8,26,-8,23,-8,23,-7,22,-6,28,-5,22,-4,26,-6,24,-4,24,-2,22,-2,19,-1,24,0,24,0,21,0,22,2,22,4,19,3,23,3,21,8,21,6,22,6,23,10,21,6,18,9,21,11,22,10,19,11,19,10,17,12,15,12,21,11,17,13,17,11,19,14,20,12,19,13,18,10,17,11,19,11,17,11,17,11,15,11,13,9,16,8,13,12,15,8,13,8,14,8,14,6,13,6,11,6,13,5,13,3,11,3,11,0,0,0,0,0,0,0,0,0,0]"""
1782116236571,2026-06-22T17:17:16.571,safe,transition,yja,stand_to_sit,t007,"CSI_DATA,1075453,1a:00:00:00:00:00,-63,11,-99,19,47,11,-1047038590,47,2,256,0,""[0,0,0,0,0,0,0,0,0,0,0,0,4,12,4,11,4,12,4,12,1,14,2,12,4,10,3,14,4,17,4,16,-2,16,0,18,0,16,-4,20,-2,18,-3,20,-4,18,-6,19,-2,14,-2,18,-1,20,-2,20,-3,22,-6,16,-4,18,-5,18,-8,20,-6,18,-6,20,-5,16,-7,18,-1,14,0,17,1,18,2,20,-1,22,-1,20,-4,18,-1,20,-2,21,0,20,-1,21,0,20,0,22,0,16,2,20,4,22,8,20,5,24,6,24,1,20,2,28,2,27,4,25,0,25,6,24,6,24,0,0,0,0,0,0,26,-5,29,-3,20,-2,27,-4,29,-4,25,1,26,-1,24,-2,27,-2,21,-4,21,-7,22,-8,24,-8,23,-8,21,-1,24,-5,22,-6,23,-3,22,-6,23,-6,20,-6,24,-6,16,-6,17,-10,18,-12,20,-12,21,-12,20,-4,22,-8,20,-10,24,-7,22,-8,23,-8,20,-7,22,-7,16,-6,18,-9,19,-10,18,-12,22,-8,21,-7,20,-1,20,-4,20,-1,20,-2,20,-1,18,1,18,0,14,0,14,-1,14,0,15,-1,18,0,14,2,12,5,12,6,10,5,0,0,0,0,0,0,0,0,0,0]"""
1782116236574,2026-06-22T17:17:16.574,safe,transition,yja,stand_to_sit,t007,"CSI_DATA,1075454,1a:00:00:00:00:00,-63,11,-99,17,47,11,-1047025241,47,2,256,0,""[0,0,0,0,0,0,0,0,0,0,0,0,9,-4,13,-6,9,-4,14,-5,11,-3,15,-4,15,-4,14,-2,16,-2,13,0,17,0,18,0,17,0,17,1,21,2,15,1,20,1,17,1,21,2,19,1,16,1,21,2,16,5,18,4,19,7,19,5,18,6,21,7,15,2,19,2,18,4,22,2,17,3,18,0,19,2,19,2,16,2,19,0,18,1,16,3,21,2,18,-2,21,-2,19,0,28,0,19,0,22,-4,23,0,21,-4,22,-3,25,-4,25,-2,27,-2,22,-2,25,-4,29,-4,25,-4,0,0,0,0,0,0,-2,-29,0,-21,-3,-31,-4,-26,0,-21,0,-31,-2,-20,-2,-28,-2,-21,-2,-29,-2,-27,-2,-22,-5,-25,-2,-20,0,-24,-2,-24,-4,-21,-1,-21,-3,-26,-4,-18,-7,-23,-4,-21,-6,-25,-6,-21,-6,-19,-7,-21,-4,-19,-4,-21,-5,-21,-4,-22,-2,-22,-5,-26,-6,-16,-7,-23,-3,-21,-7,-27,-4,-21,-5,-22,-2,-21,-2,-21,0,-19,-2,-22,0,-20,1,-17,2,-20,0,-17,1,-21,4,-16,4,-21,4,-14,2,-16,7,-14,4,-13,5,-12,8,-12,8,-10,7,-10,0,0,0,0,0,0,0,0,0,0]"""
1782116236577,2026-06-22T17:17:16.577,safe,transition,yja,stand_to_sit,t007,"CSI_DATA,1075455,1a:00:00:00:00:00,-63,11,-99,19,46,11,-1047016590,47,2,256,0,""[0,0,0,0,0,0,0,0,0,0,0,0,8,8,7,9,10,9,8,11,8,12,8,11,8,11,6,14,9,13,8,15,8,15,8,16,8,15,9,17,9,17,11,15,10,14,10,16,9,16,10,17,9,20,12,17,10,17,11,17,10,17,10,14,11,16,9,16,14,12,14,10,13,15,16,11,15,9,16,13,15,12,14,8,20,12,15,5,14,10,18,5,24,8,20,7,20,2,26,0,15,-2,17,0,23,7,18,-2,20,-3,29,4,26,-5,20,0,21,-2,24,-4,30,-14,27,-11,23,-11,0,0,0,0,0,0,-11,-25,-11,-29,-11,-24,-14,-21,-14,-25,-11,-21,-14,-23,-17,-20,-16,-20,-14,-17,-18,-17,-15,-19,-21,-15,-19,-19,-17,-16,-17,-16,-18,-14,-21,-14,-20,-12,-21,-8,-20,-6,-21,-9,-21,-8,-22,-6,-21,-8,-24,-3,-23,-5,-22,-5,-22,-5,-22,-4,-23,-2,-23,-2,-25,1,-23,0,-23,0,-23,0,-23,0,-23,0,-24,0,-23,1,-22,-1,-20,0,-22,-1,-22,0,-20,-1,-20,2,-17,0,-20,-1,-16,-1,-16,-1,-16,-1,-15,-2,-17,-1,-15,-2,-13,-2,-12,-4,-11,-4,0,0,0,0,0,0,0,0,0,0]"""
1782116236580,2026-06-22T17:17:16.580,safe,transition,yja,stand_to_sit,t007,"CSI_DATA,1075456,1a:00:00:00:00:00,-62,11,-99,20,46,11,-1047004124,47,2,256,0,""[0,0,0,0,0,0,0,0,0,0,0,0,-1,-12,0,-12,1,-13,2,-14,2,-14,5,-16,5,-16,5,-15,5,-13,7,-14,8,-17,8,-16,8,-16,10,-15,11,-15,12,-13,13,-14,12,-16,15,-16,19,-16,17,-15,16,-11,15,-13,16,-16,16,-13,16,-13,13,-11,14,-12,17,-11,16,-12,16,-12,18,-12,18,-12,16,-11,16,-13,15,-10,15,-13,14,-16,15,-14,14,-14,14,-14,14,-14,14,-16,15,-16,16,-18,18,-17,16,-17,16,-16,16,-16,16,-18,18,-21,14,-18,15,-19,18,-21,18,-21,19,-19,20,-20,0,0,0,0,0,0,-21,-20,-18,-20,-22,-21,-18,-20,-18,-18,-19,-19,-18,-21,-18,-21,-18,-19,-19,-21,-16,-21,-16,-19,-15,-17,-16,-18,-18,-18,-17,-16,-18,-18,-16,-16,-16,-16,-16,-16,-17,-17,-17,-15,-19,-18,-18,-18,-17,-16,-13,-16,-16,-16,-19,-17,-18,-16,-18,-16,-16,-16,-16,-15,-15,-19,-16,-18,-16,-17,-16,-21,-14,-24,-13,-20,-13,-21,-8,-18,-12,-18,-13,-20,-9,-20,-8,-17,-6,-18,-5,-18,-5,-18,-5,-19,-2,-20,0,-19,0,-16,0,-16,3,-14,0,-15,2,-16,2,-13,3,-11,0,0,0,0,0,0,0,0,0,0]"""
1782116236583,2026-06-22T17:17:16.583,safe,transition,yja,stand_to_sit,t007,"CSI_DATA,1075457,1a:00:00:00:00:00,-62,11,-99,19,46,11,-1046993946,47,2,256,0,""[0,0,0,0,0,0,0,0,0,0,0,0,-11,-7,-8,-6,-11,-11,-9,-9,-10,-13,-6,-11,-8,-12,-9,-16,-5,-14,-9,-17,-6,-17,-4,-17,-5,-19,-5,-19,-4,-16,-2,-23,-1,-19,-1,-22,0,-20,0,-20,-2,-26,2,-20,1,-24,0,-20,3,-20,3,-20,4,-20,2,-17,5,-23,4,-20,5,-20,4,-16,0,-21,5,-21,1,-22,4,-20,5,-23,6,-21,5,-22,2,-23,0,-20,8,-22,5,-20,0,-23,2,-17,1,-26,5,-22,-1,-23,4,-26,4,-26,4,-26,6,-24,4,-26,6,-29,4,-29,4,-25,3,-28,0,0,0,0,0,0,-27,-6,-32,-8,-25,-6,-27,-6,-30,-9,-22,-6,-31,-10,-23,-6,-29,-10,-22,-11,-22,-9,-28,-10,-22,-11,-27,-10,-23,-8,-21,-10,-23,-9,-24,-11,-20,-6,-25,-12,-21,-8,-24,-8,-21,-8,-20,-8,-26,-10,-20,-9,-25,-10,-22,-9,-21,-11,-22,-12,-23,-12,-20,-8,-25,-15,-18,-10,-21,-11,-17,-12,-24,-12,-17,-15,-20,-14,-14,-17,-17,-19,-12,-18,-12,-20,-14,-19,-12,-16,-9,-21,-6,-18,-10,-17,-5,-14,-8,-17,-2,-16,-5,-16,-2,-16,0,-16,0,-14,2,-12,2,-13,0,0,0,0,0,0,0,0,0,0]"""
1782116236586,2026-06-22T17:17:16.586,safe,transition,yja,stand_to_sit,t007,"CSI_DATA,1075458,1a:00:00:00:00:00,-62,11,-99,13,47,11,-1046983057,47,2,256,0,""[0,0,0,0,0,0,0,0,0,0,0,0,14,5,12,6,13,7,11,7,11,10,11,9,11,11,11,13,14,13,11,15,7,16,9,18,8,17,7,19,8,19,7,21,6,19,4,23,4,16,7,21,3,23,5,22,3,26,0,21,1,22,2,22,0,23,1,21,2,23,2,19,-1,23,-2,15,3,19,0,21,-2,19,3,24,0,23,0,27,1,19,0,20,6,18,4,24,2,23,6,25,-4,16,5,27,2,19,8,19,2,26,7,30,-7,24,3,30,3,29,-4,36,0,26,0,25,6,30,0,0,0,0,0,0,28,0,33,4,27,3,31,3,33,5,27,5,30,6,24,3,28,7,24,4,26,3,26,4,28,2,28,5,25,7,26,6,25,3,26,5,24,5,28,3,23,4,27,6,20,3,23,3,24,5,26,3,28,5,22,7,24,7,25,5,26,7,23,7,27,8,22,7,24,11,19,7,22,8,23,9,23,11,24,11,21,15,16,15,18,15,15,16,14,16,15,16,12,15,11,17,8,13,9,15,8,15,7,15,7,15,5,16,0,15,0,15,0,14,0,0,0,0,0,0,0,0,0,0]"""
1782116236588,2026-06-22T17:17:16.588,safe,transition,yja,stand_to_sit,t007,"CSI_DATA,1075459,1a:00:00:00:00:00,-62,11,-99,16,46,11,-1046972571,47,2,256,0,""[0,0,0,0,0,0,0,0,0,0,0,0,11,0,15,2,11,1,17,4,12,4,19,8,14,9,13,8,13,10,10,11,15,13,14,13,14,16,13,14,13,20,8,12,13,20,9,14,12,26,9,22,6,18,7,21,3,17,7,22,6,22,5,21,4,20,4,25,4,17,6,24,4,18,6,27,0,24,3,22,0,23,1,19,3,17,6,21,6,22,3,18,2,25,6,17,8,24,3,22,6,33,2,24,6,25,1,24,4,24,4,25,6,30,6,24,5,30,4,25,4,29,2,35,0,29,0,0,0,0,0,0,33,0,23,0,40,1,28,1,19,1,33,2,22,2,34,4,23,0,33,5,30,5,23,6,25,4,22,6,26,4,26,4,26,4,24,4,29,7,18,2,28,4,20,4,32,8,26,8,22,8,24,6,18,7,26,6,25,6,23,6,22,7,26,11,19,6,26,8,19,8,31,15,22,17,22,13,19,17,17,13,14,13,20,16,17,16,13,14,14,18,12,11,14,18,8,15,10,24,5,17,4,16,2,16,1,14,1,14,1,17,0,13,-1,13,0,0,0,0,0,0,0,0,0,0]"""
1782116236591,2026-06-22T17:17:16.591,safe,transition,yja,stand_to_sit,t007,"CSI_DATA,1075460,1a:00:00:00:00:00,-62,11,-99,16,46,11,-1046960831,47,2,256,0,""[0,0,0,0,0,0,0,0,0,0,0,0,-9,9,-8,9,-12,11,-11,10,-13,10,-16,8,-17,8,-15,7,-14,6,-19,7,-20,7,-18,4,-21,4,-19,3,-18,4,-22,0,-20,0,-23,1,-24,0,-25,-1,-26,0,-20,-3,-23,-3,-25,-1,-22,-4,-22,-3,-19,-4,-18,-3,-24,-4,-22,-4,-22,-3,-23,-4,-26,-3,-23,-4,-24,-3,-18,-4,-23,-4,-25,-3,-23,-3,-22,-1,-21,0,-24,-4,-22,-2,-26,0,-26,-2,-28,-2,-26,-2,-26,-2,-24,-1,-30,-2,-31,-3,-22,-4,-25,-1,-33,-4,-30,-4,-28,-3,-32,-4,0,0,0,0,0,0,-4,28,-5,30,-4,32,-5,29,-6,26,-6,26,-6,31,-6,27,-5,29,-8,28,-8,27,-6,27,-6,22,-7,26,-6,28,-5,23,-6,26,-6,24,-3,22,-8,25,-5,24,-4,26,-5,27,-4,27,-4,26,-5,22,-6,25,-5,28,-7,25,-6,24,-6,22,-4,22,-8,26,-7,24,-8,24,-10,25,-10,26,-10,23,-10,23,-11,17,-13,20,-13,22,-15,19,-12,15,-13,14,-15,14,-14,13,-14,16,-17,11,-17,11,-14,8,-15,8,-13,5,-17,4,-17,6,-13,2,-13,1,0,0,0,0,0,0,0,0,0,0]"""
1782116236594,2026-06-22T17:17:16.594,safe,transition,yja,stand_to_sit,t007,"CSI_DATA,1075461,1a:00:00:00:00:00,-62,11,-99,15,46,11,-1046948075,47,2,256,0,""[0,0,0,0,0,0,0,0,0,0,0,0,-6,14,-6,11,-9,14,-7,12,-9,14,-11,12,-11,14,-14,15,-13,12,-14,14,-16,15,-16,12,-16,12,-16,13,-15,12,-21,15,-18,12,-21,15,-17,10,-18,13,-19,14,-19,10,-23,12,-21,10,-20,8,-21,10,-23,11,-16,11,-23,12,-20,12,-21,14,-17,10,-15,15,-16,11,-19,14,-19,18,-22,16,-19,13,-17,9,-23,15,-14,14,-21,21,-19,15,-15,25,-18,19,-15,29,-24,23,-10,23,-13,18,-10,24,-16,25,-20,26,-11,19,-21,30,-18,28,-11,18,-15,29,0,0,0,0,0,0,26,13,31,15,21,13,30,13,29,17,26,12,29,15,23,11,28,13,23,13,26,12,27,11,26,11,27,9,25,10,24,10,24,10,24,7,21,5,29,8,22,5,28,5,22,5,26,2,27,2,24,3,28,2,25,2,24,5,27,4,26,3,22,0,30,5,25,3,28,1,23,4,26,2,25,5,25,1,26,5,25,6,23,6,22,10,22,7,19,4,21,7,17,8,21,6,15,7,19,10,15,9,15,8,13,8,15,11,11,10,9,11,9,10,0,0,0,0,0,0,0,0,0,0]"""
1782116236598,2026-06-22T17:17:16.598,safe,transition,yja,stand_to_sit,t007,"CSI_DATA,1075462,1a:00:00:00:00:00,-62,11,-99,19,45,11,-1046938093,47,2,256,0,""[0,0,0,0,0,0,0,0,0,0,0,0,-1,-11,0,-17,-1,-10,0,-20,0,-13,4,-22,5,-20,6,-15,5,-17,7,-12,10,-19,10,-18,10,-19,10,-17,14,-24,6,-13,13,-21,8,-15,16,-26,18,-21,15,-17,13,-18,13,-10,16,-19,17,-17,17,-15,15,-14,20,-19,8,-13,15,-22,12,-13,20,-26,16,-18,15,-17,16,-18,13,-15,10,-14,12,-21,12,-19,11,-17,16,-21,5,-17,12,-27,11,-19,19,-33,15,-21,11,-25,17,-22,9,-23,11,-21,13,-31,10,-26,14,-29,12,-23,10,-29,16,-35,13,-25,0,0,0,0,0,0,-30,-15,-19,-8,-37,-18,-25,-14,-15,-10,-31,-16,-19,-8,-32,-15,-21,-9,-32,-18,-27,-13,-21,-13,-23,-11,-16,-11,-26,-12,-25,-10,-25,-10,-21,-10,-28,-12,-16,-3,-29,-7,-18,-6,-32,-10,-26,-10,-21,-7,-23,-6,-16,-8,-26,-8,-25,-8,-24,-9,-20,-8,-27,-12,-18,-2,-29,-5,-20,-8,-35,-11,-22,-10,-23,-10,-22,-14,-19,-10,-16,-10,-22,-11,-20,-12,-15,-10,-18,-15,-14,-7,-21,-14,-11,-12,-20,-22,-10,-14,-12,-15,-6,-15,-9,-12,-6,-12,-8,-16,-5,-14,-4,-15,0,0,0,0,0,0,0,0,0,0]"""
1782116236601,2026-06-22T17:17:16.601,safe,transition,yja,stand_to_sit,t007,"CSI_DATA,1075463,1a:00:00:00:00:00,-62,11,-99,21,45,11,-1046928591,47,2,256,0,""[0,0,0,0,0,0,0,0,0,0,0,0,14,-5,16,-5,15,-3,15,-3,16,0,17,0,17,0,18,3,22,0,17,6,18,5,19,7,19,8,20,10,21,11,19,7,21,9,21,11,18,11,18,16,15,16,20,16,16,17,15,16,15,17,15,18,16,19,16,19,17,14,17,15,18,18,15,16,14,17,15,17,14,19,18,17,15,18,17,17,15,17,15,17,15,20,20,14,21,15,17,19,19,20,15,17,21,20,17,23,21,19,19,24,19,19,23,23,21,23,21,22,23,22,19,24,19,23,0,0,0,0,0,0,28,-19,27,-16,25,-15,27,-16,27,-15,27,-14,25,-15,25,-14,26,-13,26,-12,26,-13,26,-8,26,-14,24,-9,24,-11,25,-10,23,-8,25,-10,27,-10,20,-15,20,-14,23,-12,21,-10,22,-10,23,-6,23,-13,24,-8,22,-9,24,-8,23,-8,23,-9,26,-7,23,-11,23,-10,26,-8,24,-6,23,-3,24,-3,26,0,26,-3,23,0,23,0,23,2,22,1,22,4,23,0,21,1,19,5,19,7,16,7,17,8,15,11,15,10,11,12,10,9,11,11,8,11,0,0,0,0,0,0,0,0,0,0]"""
1782116236604,2026-06-22T17:17:16.604,safe,transition,yja,stand_to_sit,t007,"CSI_DATA,1075464,1a:00:00:00:00:00,-62,11,-99,21,45,11,-1046917591,47,2,256,0,""[0,0,0,0,0,0,0,0,0,0,0,0,-7,12,-8,11,-8,11,-9,11,-11,11,-11,9,-14,11,-15,7,-18,11,-18,7,-17,7,-21,4,-19,5,-22,5,-23,4,-21,7,-20,5,-23,2,-20,3,-23,0,-23,-2,-25,1,-24,-4,-22,-2,-23,-3,-22,-3,-23,-5,-23,-5,-23,0,-22,0,-23,-4,-22,-2,-20,-3,-23,-3,-22,-5,-24,-3,-24,-5,-23,-3,-23,-3,-24,-3,-23,-4,-26,0,-26,1,-26,-2,-26,-3,-24,-3,-27,-3,-27,-5,-29,-2,-28,-4,-27,-1,-30,-3,-30,-6,-29,-5,-30,-2,-29,-4,-30,-5,0,0,0,0,0,0,-9,31,-10,32,-9,27,-10,30,-11,30,-12,27,-9,27,-9,27,-9,26,-11,25,-11,24,-14,23,-11,28,-13,23,-11,23,-11,23,-10,21,-10,24,-11,24,-7,25,-6,23,-10,24,-8,21,-9,21,-11,19,-9,25,-14,21,-11,21,-14,23,-11,23,-12,22,-15,23,-10,23,-9,22,-13,23,-13,19,-15,18,-15,19,-18,16,-18,18,-18,15,-16,15,-19,13,-17,14,-19,11,-18,14,-16,11,-18,8,-19,6,-16,4,-17,4,-18,0,-15,2,-15,0,-14,0,-15,-1,-15,-3,0,0,0,0,0,0,0,0,0,0]"""
1782116236607,2026-06-22T17:17:16.607,safe,transition,yja,stand_to_sit,t007,"CSI_DATA,1075465,1a:00:00:00:00:00,-62,11,-99,18,46,11,-1046905630,47,2,256,0,""[0,0,0,0,0,0,0,0,0,0,0,0,-3,13,-3,12,-6,15,-5,13,-9,14,-9,13,-10,14,-11,16,-11,12,-13,16,-15,14,-15,11,-15,13,-15,11,-13,12,-22,14,-17,13,-21,13,-19,9,-16,10,-20,12,-20,9,-23,11,-21,8,-20,6,-20,8,-22,8,-16,10,-25,8,-20,6,-21,10,-18,6,-20,11,-20,9,-19,11,-21,10,-23,10,-22,10,-23,9,-23,12,-17,13,-24,12,-20,10,-20,15,-19,9,-22,17,-23,12,-20,19,-22,15,-24,16,-24,12,-26,12,-22,16,-27,17,-27,14,-22,14,-23,16,0,0,0,0,0,0,14,23,18,27,13,22,17,24,16,30,14,21,14,30,13,21,15,27,12,23,13,23,16,25,11,23,15,23,12,21,11,21,12,21,12,20,12,16,15,24,13,18,16,20,11,17,14,17,18,20,13,19,16,22,14,20,13,20,13,20,14,21,15,16,14,23,11,20,16,19,10,17,15,20,10,21,13,20,9,22,10,23,7,22,4,23,5,20,6,18,3,23,1,20,4,19,0,16,2,19,-1,18,0,16,-1,16,-4,16,-4,13,-6,12,-6,11,0,0,0,0,0,0,0,0,0,0]"""
1782116236609,2026-06-22T17:17:16.609,safe,transition,yja,stand_to_sit,t007,"CSI_DATA,1075466,1a:00:00:00:00:00,-62,11,-99,17,46,11,-1046894510,47,2,256,0,""[0,0,0,0,0,0,0,0,0,0,0,0,12,0,15,1,11,0,16,4,12,3,19,6,18,7,12,7,16,7,11,9,18,11,15,11,15,11,15,11,19,15,13,9,18,15,14,12,19,20,14,18,11,16,14,17,10,13,15,19,15,18,14,17,13,16,15,22,11,11,16,19,12,14,19,23,12,19,13,17,12,18,13,16,13,14,18,14,15,15,13,13,16,19,15,9,23,15,16,15,26,23,17,17,20,16,19,19,18,15,17,15,26,16,23,14,26,19,19,16,23,16,27,21,20,19,0,0,0,0,0,0,20,-24,14,-15,23,-28,18,-21,13,-15,23,-26,13,-15,21,-24,14,-15,22,-25,19,-22,16,-17,16,-19,15,-12,16,-22,15,-20,15,-19,13,-18,16,-20,8,-15,13,-25,10,-17,17,-25,15,-20,13,-19,12,-19,10,-15,11,-20,11,-20,11,-20,11,-16,15,-22,7,-15,12,-23,11,-16,20,-25,18,-16,15,-17,17,-15,15,-15,13,-12,15,-19,15,-15,13,-11,19,-13,12,-11,18,-15,15,-7,23,-11,16,-4,15,-7,15,-3,14,-2,12,-3,15,-2,13,-3,14,0,0,0,0,0,0,0,0,0,0,0]"""
1782116236612,2026-06-22T17:17:16.612,safe,transition,yja,stand_to_sit,t007,"CSI_DATA,1075467,1a:00:00:00:00:00,-62,11,-99,19,46,11,-1046883697,47,2,256,0,""[0,0,0,0,0,0,0,0,0,0,0,0,-10,5,-15,5,-9,2,-17,5,-9,2,-20,3,-19,1,-15,0,-17,1,-11,-1,-21,0,-20,-1,-20,-3,-17,-2,-22,-5,-14,-2,-24,-4,-16,-2,-28,-9,-20,-8,-16,-8,-20,-5,-14,-7,-21,-10,-21,-9,-20,-9,-16,-8,-23,-11,-14,-4,-23,-8,-16,-6,-28,-11,-20,-11,-20,-6,-19,-8,-18,-7,-17,-5,-23,-5,-20,-5,-17,-5,-22,-8,-17,0,-28,-2,-18,-5,-35,-8,-23,-5,-26,-2,-24,-8,-23,-3,-21,-5,-32,-2,-26,-2,-31,-5,-26,-4,-27,-2,-34,-6,-26,-5,0,0,0,0,0,0,-8,30,-3,20,-8,38,-8,26,-5,17,-8,33,-4,17,-6,32,-3,18,-9,33,-7,28,-7,23,-5,25,-7,17,-5,27,-4,26,-5,23,-4,20,-6,26,0,17,-1,28,-2,19,-5,31,-3,26,-3,21,-2,22,-2,17,-2,23,-2,23,-2,22,-2,20,-5,26,0,16,0,26,-2,19,-5,32,-7,23,-5,21,-8,21,-6,19,-6,17,-7,23,-8,20,-6,14,-11,17,-3,14,-9,20,-9,12,-15,20,-12,11,-11,12,-13,8,-10,8,-9,6,-12,8,-11,6,-12,4,0,0,0,0,0,0,0,0,0,0]"""
1782116236616,2026-06-22T17:17:16.616,safe,transition,yja,stand_to_sit,t007,"CSI_DATA,1075468,1a:00:00:00:00:00,-63,11,-99,19,46,11,-1046872650,47,2,256,0,""[0,0,0,0,0,0,0,0,0,0,0,0,-11,2,-14,2,-13,2,-14,2,-15,2,-17,0,-19,-2,-17,-2,-15,-2,-16,-2,-20,-4,-18,-5,-19,-5,-17,-5,-17,-5,-17,-8,-19,-8,-19,-7,-21,-10,-21,-13,-20,-10,-16,-10,-17,-12,-21,-10,-19,-9,-18,-11,-17,-11,-17,-10,-17,-11,-18,-11,-17,-11,-20,-11,-19,-13,-19,-11,-19,-11,-16,-10,-18,-9,-20,-9,-20,-8,-20,-6,-20,-6,-20,-8,-21,-8,-23,-5,-26,-9,-23,-10,-23,-8,-23,-8,-21,-7,-26,-6,-28,-7,-22,-7,-26,-8,-27,-10,-27,-7,-27,-8,-26,-9,0,0,0,0,0,0,-7,26,-9,25,-9,29,-8,26,-8,23,-9,26,-8,26,-9,26,-6,26,-11,27,-11,26,-8,24,-9,20,-6,23,-5,25,-6,22,-5,24,-5,22,-5,21,-6,22,-5,22,-3,22,-5,25,-6,24,-3,21,-5,20,-5,21,-2,26,-3,23,-4,21,-3,22,-4,22,-5,23,-5,24,-5,21,-7,26,-8,23,-6,23,-8,22,-10,18,-10,19,-9,20,-10,18,-9,16,-10,16,-11,15,-11,15,-11,14,-14,14,-14,11,-13,9,-13,8,-12,7,-11,8,-13,7,-11,4,-11,4,0,0,0,0,0,0,0,0,0,0]"""
1782116236619,2026-06-22T17:17:16.619,safe,transition,yja,stand_to_sit,t007,"CSI_DATA,1075470,1a:00:00:00:00:00,-63,11,-99,15,47,11,-1046851591,47,2,256,0,""[0,0,0,0,0,0,0,0,0,0,0,0,9,10,6,7,10,14,7,9,8,14,7,12,8,12,11,15,5,14,11,16,8,15,8,16,8,17,8,17,5,14,8,23,6,16,7,21,5,18,8,20,11,22,4,20,9,21,8,20,5,20,7,20,8,19,8,14,8,24,6,17,9,20,6,15,12,20,11,19,12,17,11,15,14,18,14,17,14,18,16,17,14,13,17,19,14,14,17,15,13,11,23,14,20,14,23,8,22,14,23,13,21,14,20,14,20,11,28,13,23,14,21,11,27,12,0,0,0,0,0,0,10,-23,12,-29,9,-21,6,-26,11,-30,7,-21,11,-30,8,-20,8,-28,6,-21,5,-25,2,-26,3,-22,2,-27,2,-24,2,-22,0,-24,0,-23,0,-19,0,-26,0,-18,-2,-25,-2,-19,-4,-23,-4,-25,-4,-21,-6,-24,-5,-23,-5,-22,-7,-22,-7,-23,-8,-17,-5,-28,-3,-20,-6,-21,-3,-17,-9,-24,-4,-23,-7,-20,-5,-20,-5,-21,-3,-20,-2,-23,-2,-22,-3,-17,0,-22,0,-15,-2,-19,0,-11,-1,-19,0,-15,-1,-15,2,-15,2,-15,3,-13,3,-11,4,-10,0,0,0,0,0,0,0,0,0,0]"""
1782116236622,2026-06-22T17:17:16.622,safe,transition,yja,stand_to_sit,t007,"CSI_DATA,1075471,1a:00:00:00:00:00,-63,11,-99,20,46,11,-1046840273,47,2,256,0,""[0,0,0,0,0,0,0,0,0,0,0,0,-10,-5,-13,-8,-9,-5,-13,-9,-10,-6,-13,-10,-13,-10,-10,-11,-14,-12,-8,-13,-11,-14,-13,-15,-12,-13,-12,-13,-14,-18,-13,-10,-16,-17,-11,-15,-14,-16,-14,-16,-13,-16,-15,-15,-10,-16,-12,-15,-13,-16,-13,-16,-13,-15,-15,-19,-14,-8,-18,-13,-14,-14,-19,-14,-14,-13,-17,-10,-17,-13,-18,-11,-15,-10,-18,-9,-19,-8,-17,-7,-21,-10,-19,-2,-25,-4,-20,-7,-27,-5,-20,-5,-25,-2,-26,-5,-24,-2,-24,-1,-26,0,-27,1,-29,0,-24,2,-26,4,-31,3,-28,2,0,0,0,0,0,0,3,32,3,23,4,32,2,26,5,21,5,31,5,21,8,29,5,21,7,29,7,25,5,24,11,23,5,18,9,21,11,22,10,18,10,18,10,24,15,13,17,19,12,18,16,18,15,17,12,16,17,15,13,14,14,15,17,15,15,13,16,14,19,21,18,8,22,13,16,13,22,16,15,15,18,13,16,16,16,12,15,15,17,13,17,15,14,12,13,16,14,9,17,13,10,13,13,17,8,13,9,14,7,13,9,12,6,11,6,13,6,13,5,11,0,0,0,0,0,0,0,0,0,0]"""
1782116236626,2026-06-22T17:17:16.626,safe,transition,yja,stand_to_sit,t007,"CSI_DATA,1075472,1a:00:00:00:00:00,-63,11,-99,21,46,11,-1046827444,47,2,256,0,""[0,0,0,0,0,0,0,0,0,0,0,0,6,-12,5,-9,8,-13,7,-10,12,-12,9,-10,9,-10,11,-13,12,-9,12,-16,12,-12,13,-11,12,-12,15,-12,12,-10,19,-12,14,-10,18,-12,14,-9,16,-13,17,-16,17,-11,19,-15,14,-10,18,-12,16,-10,18,-10,14,-10,21,-12,15,-10,16,-12,12,-9,14,-14,15,-13,13,-17,14,-15,16,-16,14,-13,14,-17,14,-20,11,-17,16,-19,13,-15,9,-21,9,-12,7,-23,12,-19,8,-23,12,-24,9,-25,10,-21,12,-24,9,-23,9,-26,11,-25,8,-24,7,-26,0,0,0,0,0,0,-26,-8,-31,-9,-21,-4,-26,-7,-31,-8,-21,-5,-31,-7,-24,-5,-30,-7,-20,-4,-21,-3,-25,-1,-24,-3,-28,0,-21,-1,-22,0,-24,0,-24,0,-20,2,-26,0,-19,0,-25,2,-17,2,-21,4,-24,4,-21,4,-24,6,-21,4,-24,4,-24,6,-24,6,-19,7,-29,4,-21,3,-22,5,-17,2,-23,8,-22,3,-21,8,-24,4,-24,3,-20,0,-22,1,-22,2,-19,2,-21,-2,-17,-2,-21,1,-12,0,-18,0,-14,-3,-16,0,-15,-4,-17,-2,-12,-4,-10,-6,-9,-5,0,0,0,0,0,0,0,0,0,0]"""
1782116236629,2026-06-22T17:17:16.629,safe,transition,yja,stand_to_sit,t007,"CSI_DATA,1075474,1a:00:00:00:00:00,-63,11,-99,2,47,11,-1046807591,47,2,256,0,""[0,0,0,0,0,0,0,0,0,0,0,0,-3,7,-5,10,-4,11,-4,14,-6,14,-8,16,-8,13,-8,11,-10,13,-9,10,-9,14,-9,14,-10,13,-11,11,-15,15,-8,13,-10,15,-10,16,-16,18,-15,15,-11,11,-14,16,-13,10,-14,16,-13,15,-13,13,-13,14,-14,15,-7,14,-10,17,-9,17,-11,21,-15,17,-9,17,-13,17,-8,14,-6,17,-3,21,-5,20,-4,15,-6,19,0,18,0,22,-1,22,-4,28,-4,20,-2,25,-4,22,-1,21,-1,25,3,30,3,23,3,26,3,26,6,28,4,30,5,29,0,0,0,0,0,0,28,-4,22,-4,31,-7,27,-6,19,-3,28,-8,21,-7,27,-9,22,-9,28,-9,26,-9,21,-5,21,-9,20,-6,21,-13,19,-11,19,-10,17,-10,20,-14,11,-13,16,-16,14,-16,18,-20,20,-16,16,-14,16,-15,13,-13,14,-19,15,-17,14,-16,13,-16,15,-17,9,-17,11,-19,11,-19,16,-25,17,-15,13,-17,18,-17,14,-14,13,-17,13,-19,13,-15,10,-14,13,-11,9,-16,11,-16,15,-13,17,-15,15,-7,13,-9,16,-6,11,-7,14,-7,13,-8,11,-6,11,-5,0,0,0,0,0,0,0,0,0,0]"""
1782116236633,2026-06-22T17:17:16.633,safe,transition,yja,stand_to_sit,t007,"CSI_DATA,1075475,1a:00:00:00:00:00,-63,11,-99,16,47,11,-1046796591,47,2,256,0,""[0,0,0,0,0,0,0,0,0,0,0,0,10,-7,9,-6,13,-5,11,-5,13,-4,13,-4,13,-4,16,-4,13,-1,18,-3,17,-2,17,0,18,0,18,0,15,0,22,2,18,2,20,2,16,5,18,2,22,2,18,6,21,3,18,5,17,5,19,6,19,7,16,3,20,8,18,7,18,6,16,7,20,4,16,8,18,4,18,4,21,8,20,5,21,6,23,5,20,4,21,7,21,6,21,2,18,2,25,0,21,5,24,0,26,5,23,3,19,8,24,6,25,5,26,5,25,8,23,8,27,5,0,0,0,0,0,0,8,-24,8,-29,6,-22,6,-24,9,-29,6,-23,10,-28,8,-22,9,-24,8,-22,7,-21,6,-26,6,-21,6,-24,5,-21,6,-20,6,-21,8,-21,5,-19,8,-24,4,-21,5,-23,6,-18,5,-19,5,-23,6,-20,5,-25,5,-21,6,-21,5,-22,6,-22,2,-21,10,-24,8,-21,5,-21,8,-16,7,-23,11,-19,8,-21,10,-20,12,-20,11,-17,13,-16,13,-17,11,-16,15,-14,15,-12,13,-12,12,-9,13,-12,14,-8,13,-10,13,-6,14,-6,13,-3,13,-2,13,-2,0,0,0,0,0,0,0,0,0,0]"""
1782116236636,2026-06-22T17:17:16.636,safe,transition,yja,stand_to_sit,t007,"CSI_DATA,1075476,1a:00:00:00:00:00,-63,11,-99,19,47,11,-1046785591,47,2,256,0,""[0,0,0,0,0,0,0,0,0,0,0,0,8,-4,12,-7,8,-3,14,-7,8,-4,17,-5,16,-2,14,0,14,-2,11,0,18,-1,17,-1,17,0,16,0,20,2,13,1,22,4,14,2,24,5,19,5,15,4,17,5,15,5,20,6,19,4,19,6,17,6,21,8,13,4,20,6,16,5,24,8,18,9,18,6,18,7,17,7,16,5,21,4,19,4,16,3,20,7,16,1,24,3,18,4,29,7,21,6,24,3,23,7,19,4,21,3,28,2,24,0,26,4,26,5,27,4,30,4,24,6,0,0,0,0,0,0,7,-28,5,-19,8,-34,8,-26,5,-17,9,-28,5,-18,8,-27,5,-19,12,-30,10,-26,8,-21,7,-21,7,-17,7,-24,4,-24,4,-22,4,-20,6,-24,4,-17,5,-26,3,-17,5,-26,5,-23,5,-20,6,-19,4,-16,4,-22,3,-23,4,-22,4,-19,6,-25,3,-17,5,-24,5,-18,10,-28,11,-21,8,-19,12,-19,9,-18,8,-16,10,-21,10,-18,8,-14,14,-15,8,-12,14,-18,12,-12,18,-16,15,-8,13,-9,14,-7,12,-4,11,-6,14,-5,11,-4,12,-3,0,0,0,0,0,0,0,0,0,0]"""
1782116236639,2026-06-22T17:17:16.639,safe,transition,yja,stand_to_sit,t007,"CSI_DATA,1075477,1a:00:00:00:00:00,-63,11,-99,18,47,11,-1046773710,47,2,256,0,""[0,0,0,0,0,0,0,0,0,0,0,0,-9,6,-11,6,-8,5,-11,6,-11,6,-13,6,-13,4,-13,2,-15,6,-13,2,-15,2,-16,2,-16,1,-16,1,-19,0,-17,2,-17,2,-18,2,-19,1,-19,0,-16,-2,-20,1,-17,-2,-17,-1,-19,-2,-18,-2,-17,-2,-21,-3,-17,1,-18,0,-19,0,-19,0,-17,0,-17,3,-17,0,-20,2,-18,0,-18,2,-19,1,-17,2,-19,0,-18,8,-19,8,-21,4,-25,6,-18,4,-22,9,-22,3,-21,9,-22,8,-22,8,-25,9,-24,8,-22,7,-22,9,-25,9,-25,9,0,0,0,0,0,0,8,26,7,24,8,25,8,26,6,22,7,26,8,19,10,24,8,21,8,26,8,23,5,20,11,22,6,19,6,22,7,22,7,20,7,19,8,22,11,15,13,18,11,18,11,19,13,19,10,17,14,18,9,18,11,16,11,18,10,17,10,18,11,22,13,15,14,17,11,19,12,19,8,17,11,17,8,19,11,19,8,19,8,19,6,19,5,17,4,19,7,17,7,19,2,18,1,20,1,15,1,17,-1,15,0,15,-3,13,-2,13,-2,13,-4,13,0,0,0,0,0,0,0,0,0,0]"""
1782116236642,2026-06-22T17:17:16.642,safe,transition,yja,stand_to_sit,t007,"CSI_DATA,1075478,1a:00:00:00:00:00,-63,11,-99,19,47,11,-1046756036,47,2,256,0,""[0,0,0,0,0,0,0,0,0,0,0,0,3,10,2,10,2,13,2,11,2,13,0,12,0,13,1,15,0,12,1,16,1,15,-1,14,-1,16,0,16,0,14,-2,18,-2,16,-1,19,-2,18,-3,17,-2,18,-2,16,-2,20,-1,19,-2,18,-3,18,-1,18,1,15,-2,19,-1,17,0,18,0,17,2,20,0,19,3,18,2,16,2,20,2,18,2,20,5,19,7,16,4,21,5,18,10,19,6,17,10,21,7,20,10,19,10,20,12,21,11,22,9,20,10,18,12,24,14,22,12,18,16,21,0,0,0,0,0,0,18,-15,22,-17,18,-15,18,-16,20,-17,16,-14,20,-19,16,-15,18,-18,18,-14,16,-15,14,-17,16,-14,15,-18,13,-17,13,-15,14,-18,12,-18,8,-16,13,-20,10,-19,8,-20,9,-18,9,-20,8,-22,8,-17,8,-20,5,-20,8,-18,7,-20,7,-19,3,-18,7,-22,6,-21,5,-22,7,-18,4,-23,7,-21,6,-20,8,-18,8,-20,8,-18,10,-18,7,-17,6,-17,10,-16,8,-14,8,-18,8,-13,9,-16,10,-12,10,-12,10,-9,10,-10,10,-10,9,-7,9,-6,0,0,0,0,0,0,0,0,0,0]"""
1782116236645,2026-06-22T17:17:16.645,safe,transition,yja,stand_to_sit,t007,"CSI_DATA,1075480,1a:00:00:00:00:00,-64,11,-99,17,48,11,-1046733923,47,2,256,0,""[0,0,0,0,0,0,0,0,0,0,0,0,-6,6,-8,7,-7,5,-9,8,-10,6,-10,7,-12,6,-9,5,-11,8,-11,4,-13,5,-13,6,-13,6,-14,6,-16,6,-12,6,-14,7,-14,6,-15,7,-16,6,-15,5,-16,8,-16,4,-15,5,-17,7,-14,6,-15,6,-17,6,-13,8,-13,10,-15,7,-15,10,-13,8,-13,11,-14,10,-13,11,-12,10,-11,13,-11,11,-11,12,-13,13,-8,15,-8,17,-11,17,-12,17,-9,14,-8,18,-11,17,-8,21,-8,20,-8,22,-8,21,-8,23,-8,21,-5,24,-6,23,-7,24,0,0,0,0,0,0,26,6,22,6,25,6,23,5,21,5,23,5,21,2,24,3,23,3,21,4,23,2,20,3,22,0,20,2,19,0,20,0,21,0,20,0,23,0,17,-4,18,-5,20,-4,21,-5,19,-5,18,-5,20,-8,18,-5,18,-6,20,-6,18,-6,19,-6,21,-6,15,-10,17,-11,19,-8,22,-10,18,-8,18,-9,19,-6,18,-7,18,-6,18,-7,18,-6,17,-6,18,-4,15,-8,17,-7,18,-3,18,-2,13,0,16,-2,13,0,15,-1,13,1,13,0,12,1,12,1,0,0,0,0,0,0,0,0,0,0]"""
1782116236649,2026-06-22T17:17:16.649,safe,transition,yja,stand_to_sit,t007,"CSI_DATA,1075481,1a:00:00:00:00:00,-64,11,-99,16,48,11,-1046720902,47,2,256,0,""[0,0,0,0,0,0,0,0,0,0,0,0,2,9,2,11,1,8,1,11,2,9,0,14,0,14,0,14,0,12,0,12,0,16,-1,14,-1,13,-1,12,-1,15,-3,14,-3,18,-1,14,-4,18,-4,17,-3,18,-4,13,-3,14,-2,17,-1,15,-4,16,-2,16,-2,16,-3,14,-1,16,-1,14,-1,20,0,16,-1,16,0,16,0,15,0,15,2,19,0,17,3,15,4,16,1,16,4,20,5,16,5,22,5,20,7,20,6,20,6,16,7,16,9,21,7,19,11,22,7,23,9,22,10,25,11,21,0,0,0,0,0,0,21,-11,17,-9,25,-12,21,-11,17,-9,22,-14,18,-9,22,-12,16,-11,24,-12,19,-12,18,-13,16,-10,15,-11,16,-14,16,-14,16,-12,13,-12,14,-14,14,-12,16,-16,12,-12,16,-16,13,-16,12,-16,12,-12,11,-14,11,-17,11,-16,11,-15,10,-16,11,-18,11,-14,11,-18,9,-14,14,-18,12,-18,11,-16,12,-16,11,-13,11,-13,12,-16,12,-14,12,-11,12,-14,11,-10,12,-12,10,-10,16,-10,13,-10,12,-8,12,-7,11,-5,11,-4,13,-6,11,-4,11,-3,0,0,0,0,0,0,0,0,0,0]"""
1782116236652,2026-06-22T17:17:16.652,safe,transition,yja,stand_to_sit,t007,"CSI_DATA,1075482,1a:00:00:00:00:00,-64,11,-99,19,48,11,-1046718718,47,2,256,0,""[0,0,0,0,0,0,0,0,0,0,0,0,-10,-1,-10,-2,-10,-2,-10,-2,-11,-3,-11,-5,-11,-5,-9,-6,-13,-5,-10,-8,-10,-7,-11,-9,-11,-8,-12,-9,-13,-11,-12,-8,-12,-10,-13,-10,-11,-10,-11,-11,-10,-14,-13,-11,-10,-13,-11,-11,-10,-13,-10,-12,-11,-13,-12,-12,-13,-10,-14,-8,-14,-11,-13,-10,-11,-10,-13,-11,-13,-13,-16,-11,-13,-11,-14,-9,-13,-10,-14,-8,-15,-8,-18,-6,-17,-4,-18,-7,-19,-8,-16,-8,-18,-8,-18,-10,-20,-7,-22,-8,-20,-6,-22,-5,-23,-7,-22,-7,-25,-3,-24,-5,-23,-5,0,0,0,0,0,0,-7,26,-7,25,-6,23,-6,25,-6,23,-7,24,-4,22,-3,23,-4,22,-6,22,-5,20,-7,19,-3,23,-5,20,-4,20,-5,20,-2,20,-1,19,-2,22,2,20,2,20,-1,21,0,18,0,19,-2,19,1,22,-1,20,0,18,-1,20,0,21,0,20,0,23,4,20,4,20,0,22,0,20,0,19,-1,20,-2,20,0,21,-2,20,-2,19,-2,17,-1,17,-4,17,0,18,-1,17,-4,17,-4,15,-5,13,-6,13,-8,12,-5,13,-8,11,-6,10,-8,9,-8,8,0,0,0,0,0,0,0,0,0,0]"""
1782116236655,2026-06-22T17:17:16.655,safe,transition,yja,stand_to_sit,t007,"CSI_DATA,1075483,1a:00:00:00:00:00,-64,11,-99,12,49,11,-1046708592,47,2,256,0,""[0,0,0,0,0,0,0,0,0,0,0,0,4,-9,5,-7,7,-8,7,-8,9,-8,7,-7,7,-9,9,-10,8,-9,11,-9,12,-6,11,-7,12,-7,13,-6,14,-6,14,-8,12,-7,16,-6,13,-6,14,-5,15,-4,14,-9,16,-7,16,-2,16,-4,15,-5,16,-4,14,-5,15,-6,14,-4,16,-4,11,-5,16,-6,13,-7,14,-7,13,-9,18,-9,16,-3,18,-10,20,-7,19,-4,16,-5,16,-7,12,-8,18,-7,16,-15,12,-7,10,-14,16,-10,18,-17,16,-5,18,-13,17,-14,19,-6,21,-12,17,-14,24,-10,0,0,0,0,0,0,-11,-23,-12,-23,-11,-19,-12,-20,-13,-22,-9,-20,-12,-24,-10,-19,-9,-23,-11,-16,-12,-17,-12,-18,-15,-16,-12,-17,-8,-18,-11,-16,-11,-17,-11,-18,-9,-16,-13,-16,-12,-14,-12,-16,-11,-14,-13,-15,-13,-16,-16,-14,-14,-16,-11,-16,-12,-16,-13,-15,-12,-16,-11,-14,-14,-18,-11,-16,-11,-17,-12,-14,-12,-15,-13,-16,-12,-14,-12,-16,-10,-17,-6,-17,-7,-17,-6,-18,-5,-16,-5,-18,-4,-16,-2,-17,-3,-13,-4,-14,-3,-15,-3,-14,-1,-14,0,-14,2,-12,2,-11,2,-11,0,0,0,0,0,0,0,0,0,0]"""
1782116236658,2026-06-22T17:17:16.658,safe,transition,yja,stand_to_sit,t007,"CSI_DATA,1075484,1a:00:00:00:00:00,-64,11,-99,17,48,11,-1046696522,47,2,256,0,""[0,0,0,0,0,0,0,0,0,0,0,0,8,0,11,0,9,1,11,1,10,1,13,5,11,5,11,5,11,5,9,6,13,7,11,8,11,10,10,8,11,10,10,11,11,14,10,9,10,15,10,13,11,11,5,13,7,12,8,14,7,15,7,15,6,14,8,15,4,12,6,16,6,12,6,18,6,15,6,15,6,15,5,15,6,15,8,17,6,16,6,15,7,15,6,14,8,18,8,14,8,21,8,18,8,18,7,19,7,18,7,18,8,21,7,19,8,22,6,22,6,22,6,24,6,21,0,0,0,0,0,0,24,-5,20,-5,27,-5,24,-5,20,-2,26,-4,20,-2,26,-2,18,-3,25,0,25,0,22,-1,19,0,19,-1,23,-1,20,-1,20,0,19,-1,20,-1,18,1,22,0,18,-1,23,0,20,0,19,-1,19,1,17,-1,22,0,20,1,21,1,18,1,22,1,18,1,22,3,18,1,24,5,21,5,19,5,18,7,18,7,17,7,20,8,17,10,14,8,15,10,12,10,15,11,11,9,13,15,10,13,9,11,8,13,5,11,4,10,5,14,3,11,3,11,0,0,0,0,0,0,0,0,0,0]"""
1782116236661,2026-06-22T17:17:16.661,safe,transition,yja,stand_to_sit,t007,"CSI_DATA,1075485,1a:00:00:00:00:00,-64,11,-99,21,47,11,-1046686592,47,2,256,0,""[0,0,0,0,0,0,0,0,0,0,0,0,-8,-3,-8,-4,-10,-5,-9,-5,-10,-5,-9,-8,-10,-8,-10,-6,-8,-9,-9,-9,-10,-10,-9,-10,-9,-11,-8,-11,-7,-10,-8,-15,-8,-12,-8,-13,-8,-13,-10,-15,-11,-13,-5,-13,-8,-15,-8,-15,-6,-14,-6,-16,-6,-15,-6,-13,-6,-15,-7,-13,-9,-15,-8,-14,-9,-16,-8,-15,-8,-13,-6,-13,-9,-15,-10,-15,-8,-13,-10,-11,-10,-11,-11,-15,-11,-14,-13,-14,-13,-16,-14,-15,-15,-15,-13,-15,-14,-13,-15,-15,-17,-15,-13,-15,-14,-15,-17,-19,-17,-15,-17,-17,-18,-18,0,0,0,0,0,0,-16,16,-18,16,-18,18,-18,17,-16,14,-17,16,-18,16,-16,15,-17,17,-18,15,-20,16,-16,15,-15,13,-15,14,-15,16,-15,14,-13,17,-13,14,-10,15,-14,16,-12,15,-13,16,-11,17,-13,18,-11,18,-11,13,-12,17,-10,17,-11,15,-11,18,-11,16,-10,15,-13,15,-11,16,-11,18,-13,16,-14,18,-13,15,-14,15,-13,11,-15,13,-15,15,-15,11,-13,11,-12,10,-15,10,-14,8,-15,10,-15,6,-16,6,-15,6,-14,5,-12,3,-15,3,-14,1,-12,0,-10,0,0,0,0,0,0,0,0,0,0,0]"""
1782116236664,2026-06-22T17:17:16.664,safe,transition,yja,stand_to_sit,t007,"CSI_DATA,1075486,1a:00:00:00:00:00,-64,11,-99,17,48,11,-1046675539,47,2,256,0,""[0,0,0,0,0,0,0,0,0,0,0,0,-10,-2,-7,-2,-11,-3,-9,-3,-11,-6,-9,-3,-10,-3,-11,-5,-11,-5,-15,-6,-10,-8,-10,-7,-12,-7,-11,-10,-10,-10,-13,-11,-9,-9,-10,-12,-9,-8,-11,-10,-13,-11,-12,-11,-13,-11,-8,-14,-11,-12,-10,-12,-10,-13,-8,-11,-11,-15,-9,-13,-10,-13,-8,-9,-13,-10,-13,-10,-12,-10,-13,-10,-12,-11,-11,-11,-14,-10,-14,-11,-14,-11,-16,-12,-11,-10,-16,-11,-12,-6,-17,-9,-17,-8,-18,-6,-20,-10,-20,-9,-18,-11,-20,-10,-17,-9,-22,-10,-20,-13,-20,-7,-23,-12,0,0,0,0,0,0,-15,21,-15,23,-9,17,-13,20,-15,23,-13,15,-17,21,-12,18,-15,22,-8,18,-8,17,-9,20,-7,21,-8,22,-10,17,-8,18,-8,20,-9,20,-8,18,-8,22,-6,16,-10,19,-4,17,-3,18,-6,20,-3,21,-5,22,-8,18,-5,20,-5,20,-6,22,-6,18,-8,22,-7,19,-8,20,-5,17,-5,20,-5,19,-3,20,-6,20,-7,20,-11,15,-8,18,-11,18,-10,15,-12,16,-11,11,-12,13,-7,10,-10,12,-10,11,-9,12,-11,10,-11,10,-11,5,-12,5,-10,4,0,0,0,0,0,0,0,0,0,0]"""
1782116236667,2026-06-22T17:17:16.667,safe,transition,yja,stand_to_sit,t007,"CSI_DATA,1075487,1a:00:00:00:00:00,-63,11,-99,19,47,11,-1046664592,47,2,256,0,""[0,0,0,0,0,0,0,0,0,0,0,0,-2,-8,9,16,-5,12,3,-14,-22,20,-4,-1,6,-3,-20,5,-12,21,-28,11,-17,3,-6,6,-8,8,-16,12,-24,6,-13,3,-10,10,-16,6,-14,9,-12,9,-14,3,-15,9,-12,4,-14,10,-14,10,-12,10,-12,8,-14,10,-9,12,-11,14,-10,11,-12,16,-12,12,-10,12,-12,11,-7,13,-7,12,-6,15,-6,16,-5,14,-8,17,-1,16,-1,19,-3,18,-2,22,-5,18,0,20,-6,20,-2,20,0,21,3,23,6,20,3,22,4,20,9,25,7,28,5,24,0,0,0,0,0,0,27,-9,21,-8,27,-10,22,-6,16,-8,23,-11,18,-10,23,-14,18,-10,24,-11,22,-11,20,-7,18,-13,17,-10,17,-15,16,-16,13,-15,13,-14,16,-16,8,-15,9,-19,11,-16,13,-20,12,-18,12,-16,9,-19,8,-17,6,-20,7,-20,5,-19,6,-18,8,-21,2,-18,0,-22,5,-20,4,-26,10,-20,6,-21,8,-20,5,-18,4,-17,2,-21,2,-20,2,-18,6,-18,0,-17,2,-19,6,-18,6,-19,7,-14,6,-14,8,-12,5,-14,6,-12,6,-12,5,-12,7,-11,0,0,0,0,0,0,0,0,0,0]"""
1782116236670,2026-06-22T17:17:16.670,safe,transition,yja,stand_to_sit,t007,"CSI_DATA,1075488,1a:00:00:00:00:00,-64,11,-99,18,48,11,-1046652016,47,2,256,0,""[0,0,0,0,0,0,0,0,0,0,0,0,-9,2,-8,1,-12,2,-9,2,-12,1,-11,0,-10,0,-14,0,-11,0,-15,0,-14,0,-12,-1,-14,-1,-14,-1,-14,0,-18,-2,-15,-1,-15,-1,-14,-2,-14,0,-16,0,-15,-2,-17,-1,-15,-1,-15,-1,-16,-2,-17,-1,-15,0,-17,-1,-14,0,-16,0,-13,0,-16,3,-15,2,-15,4,-16,3,-17,3,-17,3,-17,4,-17,7,-14,7,-20,6,-16,6,-15,10,-13,6,-17,12,-17,9,-15,12,-17,12,-16,12,-16,11,-19,12,-16,13,-19,16,-17,14,-17,14,-17,19,0,0,0,0,0,0,18,16,20,18,17,14,19,15,21,18,17,14,22,16,17,12,20,14,17,12,17,11,21,12,18,11,21,9,18,10,17,10,19,7,20,7,18,4,22,8,18,5,22,4,17,3,20,3,23,3,20,2,23,2,20,1,21,3,23,3,22,2,19,-1,24,3,21,1,21,0,17,1,23,-1,20,2,20,-2,20,1,20,3,19,4,20,4,21,3,18,1,20,5,17,4,17,1,12,3,17,2,14,4,15,3,13,5,14,5,11,5,10,6,9,6,0,0,0,0,0,0,0,0,0,0]"""
1782116236673,2026-06-22T17:17:16.673,safe,transition,yja,stand_to_sit,t007,"CSI_DATA,1075489,1a:00:00:00:00:00,-63,11,-99,17,48,11,-1046642087,47,2,256,0,""[0,0,0,0,0,0,0,0,0,0,0,0,-10,0,-8,0,-11,-1,-10,-1,-10,-2,-11,-4,-10,-5,-12,-5,-9,-7,-13,-6,-12,-6,-11,-8,-11,-6,-11,-8,-10,-8,-10,-13,-8,-13,-8,-13,-9,-12,-8,-11,-8,-11,-6,-13,-9,-15,-9,-13,-9,-13,-9,-14,-7,-13,-8,-11,-6,-16,-6,-15,-4,-15,-5,-13,-7,-16,-5,-17,-7,-13,-5,-15,-7,-14,-6,-15,-8,-15,-8,-14,-10,-13,-4,-18,-5,-18,-8,-16,-6,-15,-8,-20,-6,-18,-9,-17,-7,-20,-9,-18,-9,-18,-8,-19,-8,-20,-6,-23,-7,-22,-6,-22,-5,-23,0,0,0,0,0,0,-23,3,-26,5,-21,5,-25,0,-25,3,-22,1,-25,2,-23,2,-25,0,-23,0,-23,-1,-23,1,-20,-3,-22,3,-21,2,-20,1,-21,3,-22,1,-18,1,-23,-1,-20,0,-22,-1,-21,0,-20,-1,-23,1,-19,-2,-22,0,-22,0,-19,1,-21,1,-20,-1,-19,-1,-22,-5,-19,-5,-20,-5,-19,-6,-23,-5,-20,-8,-20,-6,-18,-9,-19,-8,-17,-10,-18,-10,-17,-10,-15,-10,-13,-14,-11,-14,-13,-12,-9,-12,-11,-15,-8,-13,-8,-12,-5,-14,-6,-13,-4,-14,-2,-12,0,-12,0,0,0,0,0,0,0,0,0,0]"""
1782116236676,2026-06-22T17:17:16.676,safe,transition,yja,stand_to_sit,t007,"CSI_DATA,1075490,1a:00:00:00:00:00,-63,11,-99,16,48,11,-1046631592,47,2,256,0,""[0,0,0,0,0,0,0,0,0,0,0,0,-1,-9,0,-8,0,-11,-1,-9,0,-12,0,-9,-1,-11,0,-12,0,-14,1,-13,4,-12,3,-12,3,-12,4,-14,5,-12,4,-15,4,-12,7,-14,4,-12,5,-12,7,-14,3,-15,5,-16,8,-12,7,-14,6,-14,8,-15,6,-14,8,-15,5,-12,8,-14,3,-12,2,-16,1,-14,1,-16,2,-18,3,-18,5,-15,2,-16,3,-17,3,-16,3,-20,1,-16,1,-18,0,-16,0,-18,0,-19,-3,-20,-3,-21,-2,-22,0,-20,0,-23,-1,-22,-2,-26,1,-22,-3,-21,-3,-24,0,0,0,0,0,0,-24,0,-27,0,-21,0,-26,1,-26,1,-22,-1,-25,1,-20,1,-25,0,-20,3,-21,1,-21,3,-23,7,-23,5,-21,0,-22,3,-20,4,-21,3,-20,3,-22,5,-18,5,-24,5,-15,7,-17,8,-18,9,-20,11,-21,9,-20,5,-20,7,-20,7,-21,7,-20,7,-22,7,-19,6,-23,5,-16,7,-18,9,-20,9,-19,10,-20,7,-21,6,-20,2,-19,5,-20,2,-18,0,-20,3,-16,-1,-19,0,-14,0,-16,0,-16,0,-16,0,-16,0,-15,-2,-12,-5,-12,-5,-11,-5,0,0,0,0,0,0,0,0,0,0]"""
1782116236679,2026-06-22T17:17:16.679,safe,transition,yja,stand_to_sit,t007,"CSI_DATA,1075491,1a:00:00:00:00:00,-63,11,-99,16,48,11,-1046616453,47,2,256,0,""[0,0,0,0,0,0,0,0,0,0,0,0,-7,3,-9,3,-8,3,-11,2,-9,3,-12,1,-12,0,-11,0,-11,-1,-11,0,-14,0,-13,0,-12,0,-13,-1,-14,-3,-13,-5,-14,-4,-13,-3,-15,-5,-16,-7,-15,-4,-12,-7,-12,-5,-14,-4,-14,-4,-14,-5,-13,-7,-14,-7,-13,-6,-14,-7,-14,-6,-16,-7,-13,-7,-14,-5,-14,-6,-12,-8,-14,-4,-16,-4,-16,-4,-15,-3,-14,-4,-14,-4,-18,-5,-16,-3,-21,-6,-19,-6,-18,-6,-18,-7,-18,-6,-19,-3,-22,-3,-20,-3,-22,-5,-22,-6,-22,-4,-24,-5,-22,-7,0,0,0,0,0,0,-9,22,-7,20,-8,26,-11,23,-8,19,-10,22,-7,20,-10,23,-6,20,-12,24,-12,22,-9,20,-10,18,-7,18,-6,22,-6,21,-5,21,-4,18,-7,20,-7,18,-8,21,-5,20,-7,23,-10,21,-7,20,-8,18,-7,18,-3,22,-4,21,-4,21,-5,18,-7,20,-7,18,-7,21,-8,19,-11,22,-12,20,-11,18,-12,18,-11,16,-11,18,-11,19,-10,18,-9,13,-13,14,-12,12,-14,13,-13,11,-16,11,-15,9,-14,8,-14,5,-13,3,-11,6,-14,5,-12,3,-12,3,0,0,0,0,0,0,0,0,0,0]"""
1782116236682,2026-06-22T17:17:16.682,safe,transition,yja,stand_to_sit,t007,"CSI_DATA,1075492,1a:00:00:00:00:00,-63,11,-99,17,48,11,-1046609592,47,2,256,0,""[0,0,0,0,0,0,0,0,0,0,0,0,-9,-2,-8,-1,-10,-2,-10,-1,-11,-3,-9,-3,-10,-3,-10,-6,-11,-5,-10,-6,-9,-7,-10,-8,-10,-8,-12,-7,-11,-9,-11,-8,-12,-8,-12,-10,-10,-8,-11,-10,-11,-12,-13,-9,-10,-12,-11,-11,-10,-11,-9,-11,-10,-11,-10,-11,-13,-8,-13,-7,-11,-11,-11,-8,-11,-8,-13,-7,-13,-9,-14,-7,-14,-9,-13,-8,-13,-7,-15,-6,-14,-6,-17,-4,-15,-4,-18,-5,-17,-5,-16,-5,-18,-5,-19,-6,-21,-3,-22,-5,-20,-3,-21,-5,-22,-4,-23,-5,-23,-1,-22,-3,-25,-3,0,0,0,0,0,0,-3,27,-5,26,-4,22,-2,24,-4,23,-3,22,-2,25,-1,23,-4,23,-3,22,-3,22,-5,21,-1,23,-3,23,-1,22,-3,21,0,21,-1,20,0,21,1,22,3,20,0,21,1,19,5,20,1,22,5,22,0,23,4,20,1,22,1,20,2,20,2,21,6,22,5,20,5,22,3,22,2,20,1,22,1,23,3,21,0,21,0,18,-1,20,0,21,-1,18,0,19,0,17,-1,19,-2,16,-3,15,-4,15,-5,15,-3,15,-6,14,-7,11,-7,11,-8,10,0,0,0,0,0,0,0,0,0,0]"""
1782116236685,2026-06-22T17:17:16.685,safe,transition,yja,stand_to_sit,t007,"CSI_DATA,1075493,1a:00:00:00:00:00,-63,11,-99,17,48,11,-1046591282,47,2,256,0,""[0,0,0,0,0,0,0,0,0,0,0,0,10,1,8,3,10,5,8,5,9,5,8,5,8,5,10,6,10,6,10,9,7,8,8,10,8,10,9,11,8,12,10,13,8,9,8,13,5,10,8,9,9,12,8,14,9,15,5,11,5,16,5,12,6,15,7,13,8,15,7,11,9,13,5,10,8,11,7,12,7,13,11,12,10,16,6,13,8,16,12,15,12,14,12,13,11,11,15,14,8,10,14,9,12,12,16,10,18,15,16,16,10,12,16,16,15,15,16,14,16,15,17,17,19,14,0,0,0,0,0,0,18,-18,20,-20,14,-13,15,-18,20,-20,15,-15,17,-18,14,-15,18,-17,12,-13,12,-13,15,-17,14,-18,17,-18,13,-13,16,-15,15,-14,15,-17,13,-16,15,-18,10,-15,13,-18,10,-13,8,-14,11,-17,11,-19,13,-19,11,-15,15,-16,12,-17,13,-18,11,-18,15,-20,13,-16,11,-18,10,-11,11,-17,13,-15,12,-17,15,-18,17,-15,15,-10,18,-11,18,-13,16,-12,17,-11,15,-8,15,-10,11,-6,13,-8,13,-5,14,-7,15,-5,16,-3,12,0,15,0,13,0,0,0,0,0,0,0,0,0,0,0]"""
1782116236688,2026-06-22T17:17:16.688,safe,transition,yja,stand_to_sit,t007,"CSI_DATA,1075494,1a:00:00:00:00:00,-63,11,-99,16,48,11,-1046586811,47,2,256,0,""[0,0,0,0,0,0,0,0,0,0,0,0,-7,0,-11,-1,-7,0,-12,-1,-8,0,-12,-2,-12,-3,-9,-3,-12,-3,-7,-3,-12,-5,-12,-5,-11,-5,-11,-4,-15,-5,-9,-3,-15,-5,-11,-3,-16,-6,-14,-8,-12,-7,-12,-5,-11,-6,-14,-6,-14,-6,-13,-7,-12,-6,-16,-7,-11,-1,-16,-3,-12,-2,-19,-5,-14,-4,-15,-1,-14,-2,-15,-1,-12,-1,-16,0,-15,0,-14,-1,-17,0,-13,3,-19,5,-14,3,-25,5,-18,5,-20,5,-20,3,-17,6,-17,6,-20,9,-18,7,-22,10,-18,8,-19,11,-24,11,-20,9,0,0,0,0,0,0,12,22,9,16,15,27,12,21,7,15,14,24,10,14,16,22,11,14,15,25,14,20,11,18,14,17,9,14,14,18,14,17,14,15,12,12,15,17,13,9,20,12,14,11,21,15,18,11,15,9,20,11,14,9,18,9,18,9,18,10,16,11,21,13,15,4,22,7,17,8,27,11,18,11,20,8,17,11,18,8,15,9,20,9,17,10,14,7,16,11,14,7,19,11,12,9,17,16,11,11,13,10,10,12,11,9,7,11,9,12,8,11,7,11,0,0,0,0,0,0,0,0,0,0]"""
1782116236691,2026-06-22T17:17:16.691,safe,transition,yja,stand_to_sit,t007,"CSI_DATA,1075495,1a:00:00:00:00:00,-63,11,-99,18,48,11,-1046575157,47,2,256,0,""[0,0,0,0,0,0,0,0,0,0,0,0,-4,-7,-6,-9,-4,-7,-5,-9,-4,-7,-5,-9,-6,-11,-3,-10,-6,-12,-2,-9,-3,-12,-3,-15,-3,-12,-3,-14,-4,-15,-4,-10,-6,-14,-5,-13,-4,-14,-3,-14,-2,-14,-7,-12,-3,-14,-4,-14,-4,-15,-5,-14,-4,-12,-7,-15,-8,-11,-9,-12,-7,-12,-8,-13,-8,-11,-10,-11,-9,-11,-12,-11,-9,-11,-11,-11,-11,-9,-11,-9,-12,-11,-14,-5,-17,-6,-15,-9,-20,-7,-15,-6,-19,-4,-19,-7,-19,-4,-19,-6,-20,-4,-21,-4,-23,-4,-21,-3,-24,-2,-24,-1,-23,-2,0,0,0,0,0,0,-1,25,-1,22,-1,25,1,25,0,20,1,25,1,20,3,24,2,21,3,24,4,23,3,20,7,22,3,20,4,21,6,20,5,20,5,18,7,20,11,15,13,18,10,19,11,19,12,16,11,15,15,17,11,14,12,15,12,16,13,14,12,15,14,18,15,11,17,11,17,14,19,15,13,14,16,12,14,15,17,14,15,14,15,14,13,13,12,12,12,14,14,10,15,11,10,13,12,16,9,11,11,12,7,14,11,12,6,13,6,12,6,12,4,12,0,0,0,0,0,0,0,0,0,0]"""
1782116236694,2026-06-22T17:17:16.694,safe,transition,yja,stand_to_sit,t007,"CSI_DATA,1075496,1a:00:00:00:00:00,-60,11,-99,21,44,11,-1046564428,47,2,256,0,""[0,0,0,0,0,0,0,0,0,0,0,0,8,8,-5,-7,-15,26,16,8,-14,-8,10,16,-10,-8,-13,-25,-41,-14,-2,0,-50,14,-24,28,-19,-15,-16,8,-17,-1,-23,0,-12,11,4,1,-18,7,0,19,-3,5,-16,-9,-10,3,-11,5,-13,0,-12,4,-15,2,-14,3,-11,7,-12,4,-16,7,-11,8,-13,8,-8,9,-11,9,-10,11,-13,10,-13,10,-8,11,-9,12,-8,12,-11,12,-8,12,-11,13,-8,15,-6,17,-8,17,-2,20,-4,20,-6,20,-7,19,-4,19,-6,22,-7,23,-8,20,-2,22,-5,24,0,0,0,0,0,0,23,5,27,4,19,5,23,3,26,4,20,6,24,1,20,0,24,2,21,0,22,-2,21,-2,22,-5,22,-4,19,-2,18,-3,18,-4,19,-4,19,-4,20,-6,17,-6,21,-8,16,-8,16,-9,17,-8,17,-13,18,-11,18,-8,17,-10,16,-12,17,-11,18,-10,18,-13,16,-9,18,-11,14,-12,14,-15,15,-14,14,-13,14,-13,16,-13,16,-8,16,-11,16,-9,16,-8,14,-11,16,-8,16,-7,13,-8,13,-8,13,-7,12,-8,12,-6,14,-5,14,-3,12,-3,13,-1,0,0,0,0,0,0,0,0,0,0]"""
1782116236697,2026-06-22T17:17:16.697,safe,transition,yja,stand_to_sit,t007,"CSI_DATA,1075497,1a:00:00:00:00:00,-64,11,-99,17,48,11,-1046551081,47,2,256,0,""[0,0,0,0,0,0,0,0,0,0,0,0,-8,-5,-7,-3,-9,-5,-5,-5,-8,-8,-6,-6,-8,-6,-9,-8,-8,-8,-9,-9,-7,-9,-6,-9,-6,-11,-8,-11,-6,-8,-11,-12,-8,-8,-11,-13,-7,-8,-9,-11,-11,-13,-9,-10,-11,-13,-8,-11,-8,-11,-10,-10,-10,-11,-10,-6,-12,-12,-9,-8,-13,-10,-8,-7,-13,-7,-11,-8,-13,-6,-13,-5,-16,-8,-13,-7,-14,-7,-16,-6,-13,-3,-20,-5,-13,-4,-17,-1,-12,-3,-19,0,-18,-2,-20,1,-20,0,-22,0,-18,-1,-22,-2,-20,0,-26,1,-22,0,-19,0,-23,4,0,0,0,0,0,0,3,20,3,28,1,17,8,22,6,30,4,18,6,27,3,16,6,24,6,17,6,19,9,22,9,20,10,23,7,17,6,19,8,19,10,19,8,13,14,21,11,13,15,17,10,13,12,13,14,15,15,13,18,18,13,15,13,16,15,15,17,15,14,10,18,17,15,12,18,12,10,9,18,11,15,13,17,11,17,11,17,16,13,13,12,16,13,15,11,11,14,15,10,11,14,13,8,9,11,12,8,11,11,13,8,12,8,14,5,11,4,11,3,11,0,0,0,0,0,0,0,0,0,0]"""
1782116236700,2026-06-22T17:17:16.700,safe,transition,yja,stand_to_sit,t007,"CSI_DATA,1075498,1a:00:00:00:00:00,-64,11,-99,17,48,11,-1046543592,47,2,256,0,""[0,0,0,0,0,0,0,0,0,0,0,0,-3,8,-3,6,-4,10,-4,8,-7,10,-4,7,-3,8,-5,10,-5,10,-6,11,-9,8,-9,9,-8,10,-9,9,-9,9,-11,11,-9,8,-13,10,-7,8,-8,10,-9,12,-11,11,-11,13,-10,8,-10,10,-10,10,-12,11,-10,10,-11,11,-8,9,-12,11,-6,10,-6,11,-6,13,-5,13,-7,15,-7,15,-8,12,-5,15,-8,16,-5,14,-8,18,-6,14,-5,16,-3,13,-2,18,-2,18,0,18,0,20,0,22,-4,20,-2,22,-2,21,0,24,-3,22,0,21,0,22,0,0,0,0,0,0,23,1,27,3,18,0,23,1,29,1,20,2,26,1,19,0,25,1,17,-1,20,-2,22,-3,23,-6,23,-5,20,0,22,-3,21,-4,20,-2,20,-3,23,-6,17,-5,22,-3,14,-6,17,-10,18,-8,18,-11,21,-12,19,-6,18,-10,18,-9,20,-9,17,-8,21,-10,17,-7,21,-8,13,-8,16,-10,17,-11,16,-12,20,-11,18,-9,18,-4,18,-7,20,-5,17,-5,20,-4,16,-3,19,-3,11,-4,15,-5,15,-3,14,-5,16,-2,15,-1,13,1,13,0,12,2,0,0,0,0,0,0,0,0,0,0]"""
1782116236703,2026-06-22T17:17:16.703,safe,transition,yja,stand_to_sit,t007,"CSI_DATA,1075499,1a:00:00:00:00:00,-64,11,-99,15,49,11,-1046532558,47,2,256,0,""[0,0,0,0,0,0,0,0,0,0,0,0,-9,2,-7,1,-10,1,-8,1,-11,-1,-10,0,-8,0,-12,1,-11,-1,-13,1,-12,0,-13,0,-11,0,-13,-2,-11,-1,-16,-2,-11,-2,-16,-4,-11,-2,-13,-2,-17,-1,-13,-2,-17,-1,-13,-2,-13,0,-14,-1,-16,-2,-13,-2,-17,-3,-13,-2,-15,-1,-10,0,-13,1,-13,1,-15,3,-17,1,-17,2,-16,1,-17,4,-17,2,-14,5,-19,2,-16,2,-16,6,-11,3,-16,10,-17,6,-14,13,-19,10,-16,12,-16,7,-20,10,-19,9,-19,11,-20,9,-17,12,-17,13,0,0,0,0,0,0,12,18,16,23,10,14,13,20,17,23,10,19,14,21,12,15,14,20,11,15,14,14,17,16,15,17,19,13,13,13,16,13,17,11,16,14,16,11,18,15,15,11,18,13,13,8,16,7,19,8,19,9,23,8,16,7,19,8,21,7,22,8,19,5,22,13,16,10,19,8,13,6,19,5,19,6,20,4,20,10,19,7,16,8,18,9,17,11,16,8,15,11,11,11,14,10,9,7,14,9,11,9,13,7,11,11,11,9,7,9,7,10,7,10,0,0,0,0,0,0,0,0,0,0]"""
1782116236705,2026-06-22T17:17:16.705,safe,transition,yja,stand_to_sit,t007,"CSI_DATA,1075500,1a:00:00:00:00:00,-64,11,-99,19,48,11,-1046520095,47,2,256,0,""[0,0,0,0,0,0,0,0,0,0,0,0,0,9,0,10,0,9,0,10,0,10,0,10,0,12,-3,10,0,13,-2,10,-2,12,-3,14,-2,12,-2,13,-3,14,0,13,0,15,-1,14,-3,14,-1,13,-2,12,0,16,-4,14,0,14,-1,14,-1,14,-1,16,-1,17,3,13,3,13,2,14,2,14,2,13,3,13,3,14,5,16,5,15,7,13,6,13,7,12,8,14,13,11,13,11,12,13,14,12,11,11,15,11,14,13,18,11,17,11,18,8,20,10,21,11,20,10,22,5,22,7,22,8,0,0,0,0,0,0,6,-25,6,-25,5,-23,5,-23,6,-23,4,-23,1,-21,1,-24,2,-22,2,-22,0,-22,4,-20,-2,-23,1,-20,-1,-21,-1,-21,-2,-20,-3,-20,-3,-22,-9,-18,-10,-17,-7,-18,-7,-18,-8,-18,-6,-17,-12,-19,-8,-18,-11,-15,-10,-17,-10,-16,-12,-17,-12,-19,-14,-12,-16,-13,-15,-16,-14,-16,-11,-14,-14,-14,-12,-16,-14,-14,-13,-16,-13,-13,-13,-14,-13,-13,-10,-15,-15,-11,-14,-13,-11,-14,-10,-14,-8,-10,-9,-13,-8,-13,-9,-13,-5,-13,-5,-11,-5,-12,-4,-12,0,0,0,0,0,0,0,0,0,0]"""
1782116236709,2026-06-22T17:17:16.709,safe,transition,yja,stand_to_sit,t007,"CSI_DATA,1075501,1a:00:00:00:00:00,-64,11,-99,15,49,11,-1046508137,47,2,256,0,""[0,0,0,0,0,0,0,0,0,0,0,0,-6,-1,-9,-2,-6,-2,-10,-5,-7,-4,-10,-8,-8,-7,-7,-7,-7,-7,-5,-8,-8,-9,-8,-9,-7,-10,-7,-9,-7,-13,-4,-8,-7,-14,-5,-10,-5,-17,-4,-15,-4,-11,-3,-14,-2,-10,-4,-14,-4,-14,-4,-14,-3,-13,-3,-16,-2,-10,-3,-16,-2,-11,-4,-18,-1,-14,-3,-14,-1,-15,-1,-12,-4,-11,-6,-14,-5,-14,-3,-13,-2,-17,-5,-11,-7,-16,-4,-15,-7,-23,-3,-16,-7,-17,-3,-17,-4,-17,-4,-17,-8,-21,-8,-17,-7,-21,-4,-19,-6,-22,-6,-25,-3,-20,0,0,0,0,0,0,-24,2,-19,2,-29,4,-23,0,-17,1,-26,1,-17,1,-27,0,-19,1,-27,-1,-24,-1,-20,0,-20,0,-17,0,-22,1,-22,2,-21,1,-20,0,-24,0,-16,0,-23,1,-16,0,-25,-1,-23,-1,-18,-1,-19,-1,-16,-1,-22,-1,-21,0,-19,0,-18,-1,-22,-4,-16,-1,-23,-3,-17,-2,-26,-5,-20,-7,-19,-5,-20,-8,-16,-7,-16,-5,-20,-7,-19,-8,-14,-7,-16,-11,-12,-6,-16,-11,-10,-10,-14,-16,-7,-13,-9,-12,-7,-11,-6,-11,-5,-10,-5,-13,-4,-11,-3,-11,0,0,0,0,0,0,0,0,0,0]"""
1782116236711,2026-06-22T17:17:16.711,safe,transition,yja,stand_to_sit,t007,"CSI_DATA,1075502,1a:00:00:00:00:00,-64,11,-99,16,49,11,-1046497940,47,2,256,0,""[0,0,0,0,0,0,0,0,0,0,0,0,-7,5,-8,4,-8,4,-8,3,-9,2,-9,2,-10,3,-10,0,-12,4,-12,0,-10,2,-12,1,-12,2,-12,2,-14,1,-12,5,-12,5,-13,4,-13,2,-13,2,-13,0,-13,5,-13,2,-12,4,-13,3,-12,5,-12,6,-13,6,-12,8,-10,8,-10,9,-11,8,-10,7,-11,9,-10,9,-9,13,-9,12,-8,13,-8,13,-7,13,-8,13,-2,16,-3,16,-5,16,-4,16,-3,16,-2,18,-4,17,-1,19,-2,20,1,19,1,21,1,22,2,21,5,21,2,21,3,23,0,0,0,0,0,0,23,-6,23,-6,22,-6,22,-8,21,-8,21,-9,20,-9,19,-10,20,-10,19,-11,17,-10,19,-8,17,-13,19,-10,15,-12,16,-13,15,-13,14,-14,15,-14,9,-19,8,-18,10,-17,10,-16,8,-16,12,-15,8,-20,9,-17,7,-18,8,-18,5,-19,5,-19,6,-20,2,-20,0,-20,2,-21,4,-19,5,-19,3,-19,5,-19,3,-19,4,-20,1,-19,3,-18,2,-18,5,-17,0,-17,0,-16,3,-17,3,-15,2,-13,4,-15,4,-13,4,-14,6,-12,3,-11,4,-11,4,-10,0,0,0,0,0,0,0,0,0,0]"""
1782116236714,2026-06-22T17:17:16.714,safe,transition,yja,stand_to_sit,t007,"CSI_DATA,1075503,1a:00:00:00:00:00,-64,11,-99,14,49,11,-1046488593,47,2,256,0,""[0,0,0,0,0,0,0,0,0,0,0,0,6,5,7,6,4,6,6,8,6,6,6,11,6,11,5,11,3,9,3,11,4,11,3,11,1,12,2,12,3,12,1,12,2,14,2,12,0,16,-1,15,-1,14,-1,12,0,14,0,14,-1,14,-1,12,0,13,0,14,-1,12,-1,16,1,13,-1,16,0,15,-3,13,0,14,-1,14,1,15,1,16,0,14,0,15,1,16,1,15,2,17,2,16,1,22,0,19,1,19,1,19,1,18,2,18,1,22,1,19,3,22,1,22,1,23,0,23,1,23,0,0,0,0,0,0,23,-1,22,1,26,0,23,0,19,1,26,0,21,1,25,1,20,0,25,3,23,1,21,0,19,3,19,3,22,1,20,2,20,3,19,1,21,2,17,3,22,1,19,-1,23,3,22,4,19,2,17,1,18,2,22,1,20,3,19,3,19,3,20,1,17,3,22,3,19,2,24,7,20,6,19,6,19,7,17,7,16,7,19,7,15,10,14,9,14,10,14,9,15,10,13,10,14,14,12,12,9,11,7,11,6,11,6,11,5,14,4,12,3,12,0,0,0,0,0,0,0,0,0,0]"""
1782116236717,2026-06-22T17:17:16.717,safe,transition,yja,stand_to_sit,t007,"CSI_DATA,1075504,1a:00:00:00:00:00,-64,11,-99,22,48,11,-1046475269,47,2,256,0,""[0,0,0,0,0,0,0,0,0,0,0,0,-6,-6,-4,-7,-4,-9,-3,-7,-3,-9,-4,-8,-4,-8,-3,-9,-2,-10,-4,-13,-1,-12,-2,-11,-3,-12,0,-13,0,-12,2,-16,1,-13,4,-14,1,-12,0,-11,1,-13,2,-14,2,-15,3,-12,2,-13,2,-14,4,-14,3,-12,6,-15,4,-12,6,-14,2,-10,1,-14,2,-14,0,-14,2,-15,1,-16,3,-15,1,-16,2,-17,2,-15,6,-17,6,-16,2,-16,1,-13,0,-18,3,-17,-1,-18,1,-21,0,-20,1,-18,3,-20,4,-20,3,-23,5,-21,2,-20,4,-21,0,0,0,0,0,0,-20,-9,-27,-9,-18,-4,-20,-12,-26,-10,-17,-10,-23,-11,-18,-7,-21,-13,-18,-8,-19,-7,-21,-7,-20,-9,-22,-6,-16,-9,-20,-7,-20,-6,-19,-8,-16,-7,-20,-10,-15,-8,-19,-12,-15,-6,-16,-6,-19,-7,-18,-7,-22,-7,-17,-8,-18,-7,-20,-8,-19,-10,-17,-8,-19,-13,-14,-12,-16,-14,-13,-8,-17,-10,-16,-11,-16,-9,-16,-13,-16,-13,-12,-15,-15,-14,-13,-15,-10,-14,-8,-18,-6,-15,-7,-16,-4,-10,-6,-14,-4,-14,-6,-14,-3,-15,-2,-15,0,-12,0,-12,1,-11,0,0,0,0,0,0,0,0,0,0]"""
1782116236720,2026-06-22T17:17:16.720,safe,transition,yja,stand_to_sit,t007,"CSI_DATA,1075505,1a:00:00:00:00:00,-64,11,-99,15,49,11,-1046466404,47,2,256,0,""[0,0,0,0,0,0,0,0,0,0,0,0,7,-1,10,-1,5,0,11,-1,8,-1,13,0,11,0,10,1,10,-1,8,2,11,1,12,1,13,1,11,0,16,1,8,1,15,0,10,0,18,0,16,2,13,2,13,0,10,1,15,0,15,0,14,0,11,1,15,0,10,-2,15,-4,11,0,19,-4,15,-2,13,-4,13,-2,12,-4,10,-2,13,-6,13,-5,11,-5,16,-7,8,-8,13,-11,11,-9,19,-14,14,-10,13,-13,15,-11,10,-15,10,-13,14,-19,10,-14,13,-18,11,-15,11,-19,15,-22,12,-19,0,0,0,0,0,0,-22,-13,-15,-8,-26,-15,-19,-11,-13,-6,-23,-11,-15,-5,-26,-8,-15,-6,-26,-13,-22,-9,-17,-8,-18,-4,-16,-5,-22,-5,-20,-4,-20,-2,-17,-4,-23,-4,-14,0,-23,0,-16,-2,-27,0,-22,0,-17,0,-19,0,-14,0,-20,4,-19,3,-19,2,-17,1,-23,1,-14,5,-22,8,-17,4,-28,5,-20,1,-19,4,-20,1,-16,3,-16,1,-20,5,-19,3,-15,2,-19,1,-11,3,-20,4,-13,0,-22,-1,-14,0,-14,0,-13,-2,-13,0,-10,-2,-14,-1,-12,-1,-12,-2,0,0,0,0,0,0,0,0,0,0]"""
1782116236723,2026-06-22T17:17:16.723,safe,transition,yja,stand_to_sit,t007,"CSI_DATA,1075506,1a:00:00:00:00:00,-64,11,-99,22,46,11,-1046455105,47,2,256,0,""[0,0,0,0,0,0,0,0,0,0,0,0,2,10,2,8,1,10,2,9,1,10,0,8,1,8,0,10,0,13,0,13,-3,11,-2,13,-2,11,-4,14,-2,13,-4,14,-4,13,-4,13,-3,10,-2,12,-4,16,-4,14,-6,15,-6,11,-6,13,-6,12,-8,13,-6,13,-6,14,-5,13,-6,13,-2,11,-2,13,-3,13,-2,15,-2,16,-4,15,-5,12,-5,15,-5,17,-1,17,-4,17,-4,16,0,17,-2,12,2,16,0,17,4,19,0,22,0,20,-2,15,-4,23,-2,22,-1,20,-4,22,0,22,1,23,0,0,0,0,0,0,24,2,27,3,18,2,23,2,26,5,19,5,24,4,22,2,24,4,17,4,17,1,22,0,24,0,24,0,17,5,21,4,19,2,22,4,21,1,22,2,19,1,19,1,16,1,16,-3,19,-2,22,-3,23,0,19,3,21,2,20,2,24,3,22,0,22,2,21,2,20,2,15,2,19,0,18,0,20,0,24,3,21,4,16,7,17,8,18,8,19,7,17,8,15,8,15,7,11,7,13,7,12,7,13,7,13,8,11,11,5,11,6,11,5,11,0,0,0,0,0,0,0,0,0,0]"""
1782116236725,2026-06-22T17:17:16.725,safe,transition,yja,stand_to_sit,t007,"CSI_DATA,1075507,1a:00:00:00:00:00,-64,11,-99,20,47,11,-1046444408,47,2,256,0,""[0,0,0,0,0,0,0,0,0,0,0,0,4,-7,5,-8,5,-6,6,-8,5,-7,7,-7,6,-7,7,-7,7,-9,9,-5,8,-7,9,-8,10,-7,10,-9,12,-10,7,-8,8,-9,9,-9,10,-10,10,-11,9,-9,11,-11,9,-7,10,-9,10,-10,9,-9,9,-7,10,-11,7,-10,7,-12,7,-11,9,-13,7,-11,6,-14,6,-12,4,-14,4,-12,3,-12,4,-14,4,-14,3,-16,-1,-13,-1,-16,1,-18,0,-20,0,-14,-3,-18,0,-18,-3,-20,-1,-21,-5,-21,-4,-20,-4,-20,-5,-20,-6,-21,-7,-22,-5,-22,0,0,0,0,0,0,-24,7,-21,9,-24,8,-22,10,-18,7,-22,9,-18,9,-22,12,-19,9,-20,11,-18,12,-18,9,-18,14,-18,10,-16,12,-16,12,-16,12,-16,12,-17,14,-9,14,-10,16,-12,16,-13,16,-12,16,-11,14,-11,19,-10,16,-9,15,-11,18,-9,16,-10,14,-11,18,-5,18,-5,20,-8,19,-9,22,-9,17,-7,18,-9,18,-6,18,-7,17,-7,18,-9,17,-7,14,-9,15,-5,15,-6,16,-10,13,-10,15,-7,11,-7,13,-9,9,-7,12,-10,9,-10,9,-9,8,-10,7,0,0,0,0,0,0,0,0,0,0]"""
1782116236728,2026-06-22T17:17:16.728,safe,transition,yja,stand_to_sit,t007,"CSI_DATA,1075509,1a:00:00:00:00:00,-64,11,-99,19,48,11,-1046421068,47,2,256,0,""[0,0,0,0,0,0,0,0,0,0,0,0,-6,-3,-8,-5,-5,-3,-8,-5,-7,-3,-9,-6,-8,-7,-5,-7,-8,-7,-4,-7,-8,-9,-8,-10,-8,-9,-8,-8,-8,-11,-7,-7,-10,-10,-7,-9,-8,-11,-8,-11,-7,-10,-8,-11,-5,-10,-7,-11,-7,-11,-7,-11,-7,-11,-8,-13,-8,-7,-12,-10,-9,-9,-11,-11,-9,-11,-10,-10,-8,-10,-12,-9,-9,-8,-13,-8,-13,-7,-11,-5,-13,-10,-13,-3,-16,-4,-14,-7,-20,-7,-15,-8,-16,-5,-17,-10,-16,-5,-17,-5,-21,-3,-20,-3,-22,-5,-19,-4,-21,-1,-23,-4,-20,-5,0,0,0,0,0,0,-5,24,-4,19,-5,26,-6,22,-4,17,-5,25,-1,17,-2,25,-3,18,-2,25,-4,23,-7,20,-1,22,-3,16,-1,22,0,21,0,19,0,19,-1,22,3,14,4,22,0,18,2,23,1,19,-1,17,3,20,2,17,3,17,4,19,4,19,3,17,3,23,5,14,8,19,4,18,5,25,0,20,4,19,1,20,3,18,2,17,4,19,3,17,1,16,0,18,3,14,2,19,-2,16,-1,20,-4,14,-2,16,-5,13,-2,13,-4,10,-4,13,-4,12,-5,11,0,0,0,0,0,0,0,0,0,0]"""
1782116236749,2026-06-22T17:17:16.749,safe,transition,yja,stand_to_sit,t007,"CSI_DATA,1075511,1a:00:00:00:00:00,-64,11,-99,16,49,11,-1046398734,47,2,256,0,""[0,0,0,0,0,0,0,0,0,0,0,0,7,-4,8,-3,8,-1,9,-1,9,-2,10,-2,9,-1,11,-3,9,0,11,-1,11,-2,11,-2,12,-1,11,0,12,-1,13,0,15,0,12,-1,14,0,15,0,16,-3,12,0,12,-2,14,-2,13,-1,13,-2,13,-1,13,-2,13,0,15,-1,12,-2,16,-2,15,-3,13,-3,14,-4,13,-4,12,-5,13,-7,13,-6,12,-8,13,-8,13,-7,15,-10,11,-9,15,-11,13,-13,13,-10,12,-14,14,-11,12,-12,14,-16,12,-13,13,-16,15,-16,14,-16,14,-17,12,-16,0,0,0,0,0,0,-18,-13,-16,-12,-21,-14,-19,-12,-16,-10,-21,-12,-17,-12,-20,-13,-17,-10,-20,-13,-19,-10,-20,-8,-15,-9,-19,-8,-20,-6,-18,-6,-19,-5,-16,-6,-18,-4,-18,-5,-20,-4,-17,-3,-21,-5,-20,-4,-21,-2,-16,-3,-19,-1,-20,-1,-20,-1,-19,0,-19,0,-20,1,-19,-2,-21,-1,-17,0,-21,-1,-21,0,-19,-2,-19,0,-18,-2,-18,-1,-19,-1,-19,-2,-17,-2,-17,-2,-16,-4,-17,-5,-14,-2,-16,-5,-16,-4,-13,-5,-13,-4,-11,-6,-11,-5,-12,-5,-9,-6,-9,-6,0,0,0,0,0,0,0,0,0,0]"""
1782116236760,2026-06-22T17:17:16.760,safe,transition,yja,stand_to_sit,t007,"CSI_DATA,1075512,1a:00:00:00:00:00,-64,11,-99,19,48,11,-1046389593,47,2,256,0,""[0,0,0,0,0,0,0,0,0,0,0,0,2,-7,4,-8,2,-7,4,-8,4,-7,6,-11,7,-8,8,-7,7,-9,7,-5,8,-8,8,-9,7,-8,8,-7,11,-8,8,-7,11,-10,10,-7,13,-7,13,-7,10,-5,13,-7,12,-4,12,-7,12,-5,13,-6,12,-5,14,-6,9,-7,11,-9,11,-7,13,-9,12,-6,13,-7,14,-7,12,-7,10,-8,11,-10,10,-10,9,-9,12,-8,7,-11,10,-15,12,-11,17,-16,13,-9,13,-13,17,-10,11,-13,13,-14,11,-18,11,-17,13,-16,13,-16,11,-19,14,-17,15,-17,0,0,0,0,0,0,-19,-16,-14,-13,-19,-19,-14,-18,-12,-11,-17,-18,-13,-11,-17,-16,-14,-13,-16,-17,-14,-17,-11,-16,-15,-16,-11,-14,-16,-16,-15,-13,-14,-13,-13,-12,-16,-16,-13,-10,-16,-13,-14,-11,-17,-13,-15,-13,-11,-13,-15,-12,-13,-13,-16,-11,-16,-11,-15,-12,-14,-11,-17,-15,-14,-7,-17,-11,-14,-12,-19,-15,-13,-16,-13,-13,-10,-17,-11,-14,-10,-13,-14,-13,-13,-14,-9,-13,-9,-16,-10,-11,-11,-15,-7,-14,-7,-18,-2,-14,-4,-14,0,-14,-2,-11,0,-11,-2,-13,-1,-12,0,-11,0,0,0,0,0,0,0,0,0,0]"""
1782116236769,2026-06-22T17:17:16.769,safe,transition,yja,stand_to_sit,t007,"CSI_DATA,1075513,1a:00:00:00:00:00,-64,11,-99,23,48,11,-1046378208,47,2,256,0,""[0,0,0,0,0,0,0,0,0,0,0,0,-7,5,-7,4,-9,4,-7,3,-9,3,-8,1,-9,3,-12,3,-11,3,-13,1,-12,0,-10,0,-12,1,-13,0,-12,0,-15,1,-13,0,-14,-1,-12,-2,-11,1,-13,0,-14,0,-16,-1,-12,-2,-12,-2,-14,-1,-14,-1,-12,0,-16,-1,-12,0,-15,0,-10,-1,-13,1,-13,0,-14,1,-15,1,-16,0,-15,0,-15,0,-16,2,-13,2,-18,4,-14,3,-15,5,-13,2,-17,7,-16,3,-18,7,-18,7,-18,6,-16,4,-20,5,-18,7,-23,7,-21,7,-18,5,-20,9,0,0,0,0,0,0,9,21,9,25,5,15,10,21,9,26,6,18,9,23,6,17,8,23,6,16,7,19,9,21,9,20,9,21,6,19,6,19,7,19,7,19,7,15,11,20,8,14,12,20,7,13,9,14,12,18,10,16,12,19,9,16,10,16,10,18,12,18,10,14,12,21,9,15,12,16,7,14,11,18,7,16,10,16,8,19,7,21,4,17,4,19,5,20,5,16,5,19,2,15,5,15,2,12,2,16,0,15,1,14,0,14,-2,14,-2,12,-4,11,-3,10,0,0,0,0,0,0,0,0,0,0]"""
1782116236782,2026-06-22T17:17:16.782,safe,transition,yja,stand_to_sit,t007,"CSI_DATA,1075514,1a:00:00:00:00:00,-64,11,-99,15,49,11,-1046364780,47,2,256,0,""[0,0,0,0,0,0,0,0,0,0,0,0,5,5,6,7,4,6,5,7,6,8,4,9,5,8,4,7,7,9,2,10,4,10,4,13,2,11,2,12,2,16,4,10,4,11,3,12,2,14,2,16,1,14,3,14,1,12,1,13,0,14,0,13,1,13,0,14,2,11,4,13,2,14,4,16,2,14,4,14,3,15,4,14,4,13,5,14,5,14,4,13,4,16,8,11,10,13,7,17,9,18,6,14,12,15,9,17,10,15,10,18,11,19,11,17,13,17,12,17,12,19,13,20,13,19,0,0,0,0,0,0,22,-11,20,-10,22,-13,19,-12,17,-10,21,-11,17,-9,20,-12,18,-10,20,-11,19,-12,16,-8,19,-13,18,-8,17,-9,18,-10,17,-10,17,-9,20,-10,13,-11,14,-13,14,-11,17,-13,17,-11,15,-11,16,-14,14,-11,15,-13,17,-11,14,-11,14,-11,17,-13,12,-14,14,-15,15,-12,19,-15,16,-11,15,-13,17,-10,15,-11,15,-9,17,-8,16,-8,14,-7,17,-5,13,-8,14,-7,17,-2,17,-4,13,-2,15,-2,13,0,14,0,13,0,13,1,13,2,11,2,0,0,0,0,0,0,0,0,0,0]"""
1782116236796,2026-06-22T17:17:16.796,safe,transition,yja,stand_to_sit,t007,"CSI_DATA,1075515,1a:00:00:00:00:00,-64,11,-99,18,48,11,-1046352287,47,2,256,0,""[0,0,0,0,0,0,0,0,0,0,0,0,-4,-4,-7,-6,-6,-4,-7,-6,-7,-4,-7,-9,-5,-9,-4,-7,-6,-8,-3,-9,-5,-11,-4,-11,-4,-11,-4,-11,-4,-14,-3,-10,-3,-12,-4,-12,-4,-15,-1,-17,-3,-12,-1,-14,0,-12,-2,-15,-2,-14,0,-13,1,-12,0,-14,-2,-12,-3,-12,-1,-14,-3,-18,0,-15,-1,-13,-1,-15,0,-12,-2,-13,-4,-14,-4,-13,-3,-11,-1,-15,-5,-12,-6,-14,-4,-19,-4,-21,-1,-15,-6,-17,0,-19,-4,-16,-4,-20,-8,-21,-6,-17,-6,-19,-4,-22,-7,-21,-4,-23,-4,-23,0,0,0,0,0,0,-26,4,-22,3,-26,2,-24,1,-18,0,-23,1,-20,2,-23,1,-19,3,-25,0,-24,-1,-19,-1,-19,0,-19,-1,-22,1,-20,0,-20,0,-19,0,-20,0,-17,2,-19,2,-19,1,-22,1,-21,0,-19,0,-19,1,-17,-1,-21,3,-20,0,-19,0,-17,0,-20,-2,-17,1,-20,1,-22,0,-25,-2,-20,-6,-19,-3,-20,-7,-15,-6,-16,-5,-20,-4,-19,-5,-13,-5,-14,-9,-14,-4,-15,-6,-14,-11,-15,-12,-9,-11,-9,-10,-8,-12,-6,-9,-6,-11,-7,-12,-4,-10,-3,-11,0,0,0,0,0,0,0,0,0,0]"""
1782116236805,2026-06-22T17:17:16.805,safe,transition,yja,stand_to_sit,t007,"CSI_DATA,1075516,1a:00:00:00:00:00,-64,11,-99,15,49,11,-1046345593,47,2,256,0,""[0,0,0,0,0,0,0,0,0,0,0,0,4,-7,6,-8,5,-6,6,-6,7,-6,6,-7,7,-7,7,-6,7,-9,8,-6,8,-8,10,-8,9,-7,9,-7,11,-8,8,-10,8,-10,9,-10,11,-8,9,-9,8,-6,10,-11,10,-9,9,-8,10,-11,8,-10,9,-10,9,-12,7,-11,6,-13,6,-12,7,-13,6,-11,5,-13,7,-13,2,-16,2,-14,1,-13,2,-14,1,-15,2,-16,-4,-15,-3,-16,-1,-19,-3,-19,-2,-15,-6,-17,-5,-18,-6,-18,-5,-20,-7,-19,-9,-19,-9,-21,-10,-19,-10,-19,-11,-19,-10,-19,0,0,0,0,0,0,-20,14,-19,14,-19,14,-19,14,-17,14,-17,14,-16,14,-15,17,-15,14,-14,16,-13,17,-14,13,-11,20,-12,14,-10,16,-11,17,-10,17,-10,16,-10,17,-4,18,-3,20,-6,19,-6,20,-4,18,-4,18,-2,21,-4,19,-2,19,-3,19,0,19,-1,19,-2,22,2,17,2,19,0,21,1,22,-1,19,2,20,0,20,1,19,1,20,1,18,0,19,0,17,0,18,2,17,1,18,0,16,-1,17,0,13,-1,14,-2,14,0,14,-3,13,-3,13,-3,12,-3,11,0,0,0,0,0,0,0,0,0,0]"""
1782116236835,2026-06-22T17:17:16.835,safe,transition,yja,stand_to_sit,t007,"CSI_DATA,1075519,1a:00:00:00:00:00,-64,11,-99,20,48,11,-1046312594,47,2,256,0,""[0,0,0,0,0,0,0,0,0,0,0,0,-8,0,-6,0,-11,-1,-9,0,-10,-1,-8,-2,-9,-1,-12,-1,-10,-3,-12,0,-11,-1,-10,-4,-11,-2,-13,-2,-12,-2,-15,-3,-12,-2,-15,-1,-13,-1,-15,-2,-17,-1,-13,-2,-16,0,-13,0,-15,-1,-15,-2,-15,-1,-13,1,-16,0,-13,1,-14,2,-12,2,-14,4,-14,5,-13,7,-13,4,-15,6,-14,5,-14,8,-13,9,-10,10,-15,10,-13,9,-11,14,-9,9,-9,15,-11,12,-9,17,-12,17,-11,17,-10,16,-11,16,-9,19,-10,21,-8,20,-8,19,-7,21,0,0,0,0,0,0,22,5,26,5,19,4,23,2,26,6,21,3,26,1,20,1,23,1,21,0,19,0,22,-1,20,0,23,-5,19,-3,19,-1,20,-4,21,-6,17,-6,21,-6,16,-6,17,-10,15,-8,16,-11,17,-13,16,-12,17,-14,14,-12,16,-12,16,-14,15,-16,10,-15,16,-15,13,-14,12,-16,10,-12,11,-19,13,-14,10,-17,13,-16,13,-15,12,-12,15,-12,14,-14,10,-13,14,-13,10,-10,10,-15,9,-9,10,-12,10,-9,9,-12,10,-9,11,-10,9,-6,9,-6,8,-6,0,0,0,0,0,0,0,0,0,0]"""
1782116236845,2026-06-22T17:17:16.845,safe,transition,yja,stand_to_sit,t007,"CSI_DATA,1075520,1a:00:00:00:00:00,-64,11,-99,19,48,11,-1046301105,47,2,256,0,""[0,0,0,0,0,0,0,0,0,0,0,0,8,0,7,0,10,1,8,0,10,2,8,2,10,2,10,4,8,4,12,5,11,5,8,7,10,8,10,7,9,5,11,10,9,8,10,10,8,10,10,9,10,11,8,10,10,13,8,12,7,13,7,13,7,13,7,10,8,16,7,11,8,13,6,11,10,11,7,13,10,12,8,12,8,15,7,13,8,16,10,15,10,12,8,16,7,13,12,13,6,10,13,14,9,15,13,14,11,17,12,18,8,17,8,18,9,16,11,20,9,21,8,19,12,21,0,0,0,0,0,0,19,-9,25,-12,18,-8,20,-9,25,-8,17,-5,25,-7,20,-6,24,-5,19,-3,19,-5,22,-7,19,-3,23,-7,19,-4,19,-2,20,-4,20,-4,17,-4,23,-3,17,-4,20,-4,17,-2,18,-5,21,-5,19,-3,22,-4,20,-3,20,0,20,-2,20,-1,17,-3,24,0,19,0,20,0,17,1,21,0,20,2,20,0,19,2,19,4,17,5,18,9,19,7,17,5,17,9,11,9,15,8,8,8,13,10,9,10,10,10,9,11,8,13,5,11,3,11,4,10,0,0,0,0,0,0,0,0,0,0]"""
1782116236857,2026-06-22T17:17:16.857,safe,transition,yja,stand_to_sit,t007,"CSI_DATA,1075521,1a:00:00:00:00:00,-64,11,-99,18,48,11,-1046290381,47,2,256,0,""[0,0,0,0,0,0,0,0,0,0,0,0,-9,-2,-8,-3,-9,-4,-9,-3,-9,-6,-7,-3,-8,-3,-9,-3,-11,-4,-11,-6,-7,-7,-11,-6,-10,-7,-10,-9,-11,-8,-10,-9,-10,-8,-10,-11,-9,-8,-11,-6,-12,-6,-14,-9,-12,-7,-7,-9,-11,-10,-10,-10,-11,-11,-11,-9,-12,-11,-11,-9,-11,-9,-10,-7,-12,-6,-14,-5,-14,-4,-15,-6,-14,-5,-12,-7,-15,-6,-16,-7,-16,-6,-15,-6,-14,-6,-18,-6,-13,-3,-15,-1,-17,0,-19,1,-23,-1,-21,-1,-18,-6,-23,-4,-22,-2,-19,0,-22,-7,-22,-1,-23,-2,0,0,0,0,0,0,-2,25,-4,28,-2,20,-1,22,-3,26,-5,20,-4,25,-2,21,-3,23,0,17,0,19,3,22,4,22,2,23,-1,19,0,20,1,19,0,23,2,22,2,20,2,17,2,22,3,15,5,17,7,18,8,20,7,19,2,18,5,20,5,19,4,22,6,20,5,20,4,19,4,20,4,16,7,17,10,18,9,17,7,21,6,19,0,17,3,19,0,20,1,20,0,17,-1,17,-1,17,0,11,0,14,1,14,1,14,-1,16,-1,15,-6,9,-4,12,-5,10,0,0,0,0,0,0,0,0,0,0]"""
1782116236867,2026-06-22T17:17:16.867,safe,transition,yja,stand_to_sit,t007,"CSI_DATA,1075522,1a:00:00:00:00:00,-64,11,-99,14,49,11,-1046279594,47,2,256,0,""[0,0,0,0,0,0,0,0,0,0,0,0,4,-6,7,-7,6,-4,9,-6,7,-4,10,-4,9,-5,7,-4,11,-4,9,-1,12,-3,12,-1,12,0,12,0,16,0,11,-1,15,0,13,1,17,3,14,2,10,0,17,1,12,3,13,5,13,5,14,5,13,5,17,6,11,3,14,4,14,4,17,5,13,6,14,3,15,4,14,5,14,4,15,4,14,4,13,6,15,6,14,3,19,3,16,7,22,7,15,5,20,4,17,7,18,5,19,7,20,7,20,9,23,8,18,7,19,9,23,11,19,11,0,0,0,0,0,0,14,-22,12,-15,17,-23,14,-19,12,-15,17,-20,11,-14,17,-18,12,-14,17,-18,15,-18,14,-14,14,-17,14,-11,16,-13,17,-14,15,-13,15,-12,17,-14,11,-12,15,-15,14,-12,16,-14,14,-14,11,-12,15,-13,13,-10,15,-12,16,-12,14,-11,17,-9,20,-12,12,-9,17,-12,17,-8,22,-12,17,-7,17,-8,19,-6,19,-6,17,-4,20,-4,19,-3,17,0,19,0,14,-1,19,-1,15,3,20,3,14,3,15,2,14,6,12,4,11,5,10,7,9,7,8,9,0,0,0,0,0,0,0,0,0,0]"""
1782116236880,2026-06-22T17:17:16.880,safe,transition,yja,stand_to_sit,t007,"CSI_DATA,1075523,1a:00:00:00:00:00,-64,11,-99,17,48,11,-1046268594,47,2,256,0,""[0,0,0,0,0,0,0,0,0,0,0,0,8,-4,7,-3,9,-5,8,-3,10,-4,9,-2,10,-2,11,-1,11,-3,13,-4,11,-1,13,0,11,-1,14,0,13,-1,17,-1,13,-1,16,0,13,0,13,0,17,0,14,-1,18,-1,13,0,15,1,14,0,17,0,14,0,17,-1,12,-1,17,-2,12,-2,14,-4,13,-5,16,-5,16,-5,17,-3,15,-2,17,-3,17,-5,15,-6,19,-6,15,-6,15,-9,13,-4,14,-10,15,-8,16,-13,17,-12,18,-12,17,-8,19,-10,18,-12,19,-12,19,-13,17,-11,19,-15,0,0,0,0,0,0,-15,-20,-17,-22,-11,-15,-15,-18,-17,-23,-11,-17,-16,-20,-14,-17,-15,-19,-11,-15,-13,-15,-15,-17,-15,-17,-17,-17,-11,-15,-13,-17,-15,-13,-15,-15,-14,-12,-18,-15,-15,-9,-17,-12,-12,-9,-14,-8,-16,-10,-18,-10,-18,-13,-15,-11,-16,-13,-16,-10,-17,-12,-17,-9,-19,-13,-16,-10,-18,-10,-11,-8,-17,-8,-17,-10,-18,-10,-18,-11,-15,-13,-11,-12,-12,-14,-14,-15,-13,-11,-14,-14,-10,-13,-11,-11,-7,-9,-10,-10,-8,-11,-10,-11,-7,-12,-7,-14,-3,-11,-3,-11,-2,-11,0,0,0,0,0,0,0,0,0,0]"""
1782116236889,2026-06-22T17:17:16.889,safe,transition,yja,stand_to_sit,t007,"CSI_DATA,1075524,1a:00:00:00:00:00,-64,11,-99,18,48,11,-1046257594,47,2,256,0,""[0,0,0,0,0,0,0,0,0,0,0,0,0,9,0,8,-1,12,0,10,-1,11,-2,9,0,9,0,11,0,12,0,14,-4,11,-4,12,-3,11,-5,13,-5,13,-6,15,-4,13,-6,14,-4,11,-3,11,-4,15,-3,15,-6,16,-6,11,-5,15,-6,12,-8,15,-4,14,-6,15,-5,14,-6,15,-3,11,-1,13,0,15,1,16,0,18,-1,17,-5,14,-2,17,-2,19,0,17,-1,19,0,18,1,19,1,12,4,18,5,16,9,19,6,22,6,22,0,17,1,24,2,22,5,22,1,22,7,22,7,22,0,0,0,0,0,0,25,-8,25,-6,19,-5,22,-7,26,-7,22,-3,24,-6,20,-6,23,-5,17,-4,15,-9,17,-10,19,-12,19,-11,17,-4,19,-6,17,-7,21,-8,17,-9,19,-10,15,-8,18,-10,12,-9,12,-12,14,-15,15,-16,16,-15,15,-7,17,-12,15,-12,19,-11,15,-13,19,-13,15,-11,17,-12,12,-9,12,-13,11,-13,12,-15,15,-15,16,-12,16,-6,17,-9,19,-6,17,-9,17,-6,15,-5,15,-6,10,-4,12,-6,12,-5,12,-6,14,-4,14,-4,11,0,12,1,11,1,0,0,0,0,0,0,0,0,0,0]"""
1782116236900,2026-06-22T17:17:16.900,safe,transition,yja,stand_to_sit,t007,"CSI_DATA,1075525,1a:00:00:00:00:00,-64,11,-99,17,48,11,-1046245703,47,2,256,0,""[0,0,0,0,0,0,0,0,0,0,0,0,4,5,5,8,4,6,6,10,3,8,5,12,3,11,1,10,1,10,0,9,1,13,1,13,1,14,0,12,0,17,0,10,0,17,0,12,0,20,-1,17,-2,11,-1,15,-3,10,-3,16,-3,17,-4,14,-3,13,-5,18,0,11,-3,17,-2,12,-3,21,-3,17,-1,15,-3,16,-2,14,-1,12,0,17,0,16,-1,14,-3,18,2,13,2,20,-1,17,0,26,-1,17,0,20,-3,20,0,18,0,19,0,25,1,20,0,24,-1,20,1,23,0,27,0,23,0,0,0,0,0,0,27,4,17,2,32,4,23,3,14,3,27,4,17,1,28,4,17,1,27,5,23,5,17,5,20,3,17,4,22,5,20,3,20,4,18,4,22,5,14,0,22,1,16,1,25,3,22,3,18,3,21,2,14,4,20,1,20,3,18,3,16,3,22,6,15,1,22,2,17,3,28,6,18,7,20,5,18,8,16,6,13,6,18,8,17,9,12,7,15,11,11,5,16,10,10,10,15,15,8,11,8,11,5,13,7,10,5,10,5,13,5,10,3,11,0,0,0,0,0,0,0,0,0,0]"""
1782116236911,2026-06-22T17:17:16.911,safe,transition,yja,stand_to_sit,t007,"CSI_DATA,1075526,1a:00:00:00:00:00,-64,11,-99,12,49,11,-1046235594,47,2,256,0,""[0,0,0,0,0,0,0,0,0,0,0,0,5,7,4,6,6,11,5,7,5,12,3,7,3,7,4,11,4,11,5,14,3,11,2,11,3,13,3,13,2,12,4,16,3,11,4,16,1,12,1,15,3,18,3,16,4,18,1,14,1,14,2,15,1,16,3,12,3,20,3,16,6,16,3,11,5,14,2,14,7,15,7,11,9,14,8,13,9,17,8,14,9,14,9,18,7,8,15,17,9,12,18,14,14,18,14,8,11,17,11,14,10,12,13,11,16,20,20,14,13,14,20,14,18,16,0,0,0,0,0,0,14,-18,18,-24,11,-11,12,-21,19,-24,10,-13,17,-24,11,-15,16,-22,10,-15,10,-17,12,-20,10,-20,12,-22,11,-16,11,-15,11,-18,11,-20,6,-15,8,-22,5,-15,6,-21,5,-13,4,-18,5,-20,4,-20,6,-23,5,-18,7,-18,5,-20,5,-20,3,-16,6,-24,3,-17,3,-22,3,-14,3,-20,5,-19,3,-20,4,-19,7,-20,7,-16,9,-18,9,-18,5,-16,8,-18,5,-12,6,-16,5,-9,7,-14,8,-11,7,-12,9,-10,10,-11,9,-7,10,-7,9,-5,0,0,0,0,0,0,0,0,0,0]"""
1782116236923,2026-06-22T17:17:16.923,safe,transition,yja,stand_to_sit,t007,"CSI_DATA,1075527,1a:00:00:00:00:00,-64,11,-99,16,48,11,-1046223934,47,2,256,0,""[0,0,0,0,0,0,0,0,0,0,0,0,5,-6,8,-7,6,-4,9,-7,6,-7,11,-7,11,-5,9,-5,9,-6,11,-4,12,-7,12,-5,12,-6,12,-7,14,-8,10,-5,14,-6,11,-6,17,-8,18,-8,15,-7,15,-6,13,-5,16,-8,14,-7,12,-7,12,-6,14,-8,10,-7,14,-12,11,-9,18,-14,14,-10,12,-11,14,-10,11,-9,9,-10,10,-14,10,-13,9,-12,11,-13,5,-13,7,-18,7,-16,11,-22,11,-17,7,-20,11,-18,7,-18,7,-20,5,-24,3,-18,5,-22,5,-22,2,-25,5,-26,5,-24,0,0,0,0,0,0,-26,-3,-21,-1,-31,-3,-24,-3,-16,-2,-25,-2,-20,0,-27,0,-19,0,-27,-1,-25,0,-20,0,-20,1,-20,0,-22,3,-20,3,-20,2,-18,3,-21,3,-15,5,-21,8,-16,7,-24,9,-21,6,-18,8,-18,7,-16,7,-20,10,-18,10,-16,9,-14,7,-19,9,-12,11,-17,12,-16,11,-22,14,-19,9,-17,10,-19,8,-15,7,-15,9,-16,12,-16,9,-12,7,-16,6,-13,9,-16,10,-16,5,-20,5,-14,3,-15,3,-14,1,-12,1,-13,0,-13,2,-11,1,-12,0,0,0,0,0,0,0,0,0,0,0]"""
1782116236935,2026-06-22T17:17:16.935,safe,transition,yja,stand_to_sit,t007,"CSI_DATA,1075528,1a:00:00:00:00:00,-64,11,-99,17,48,11,-1046212783,47,2,256,0,""[0,0,0,0,0,0,0,0,0,0,0,0,7,-6,6,-5,8,-6,8,-6,10,-6,8,-5,8,-7,8,-8,10,-9,10,-8,12,-4,12,-6,11,-5,14,-6,13,-6,15,-8,14,-6,16,-5,11,-6,11,-8,14,-9,12,-10,15,-10,13,-4,14,-7,14,-8,16,-8,14,-8,15,-9,13,-9,15,-10,9,-8,9,-12,8,-15,9,-15,10,-16,10,-14,11,-12,10,-13,11,-15,9,-17,10,-17,9,-16,8,-17,5,-14,2,-18,1,-19,-1,-21,2,-23,3,-23,6,-18,6,-24,3,-23,1,-23,7,-23,-1,-23,0,-24,0,0,0,0,0,0,-27,0,-27,-1,-20,-1,-24,0,-28,1,-24,-1,-25,0,-22,1,-25,0,-18,2,-20,5,-22,7,-23,9,-22,8,-20,1,-22,5,-18,6,-22,5,-20,8,-21,8,-18,9,-21,8,-13,8,-13,11,-15,12,-15,16,-17,15,-15,8,-17,13,-15,13,-18,11,-17,15,-18,13,-15,11,-16,13,-11,11,-11,15,-10,16,-11,17,-14,17,-15,15,-15,9,-15,11,-17,10,-15,11,-15,10,-12,9,-15,9,-10,6,-10,9,-10,8,-10,10,-13,10,-13,6,-10,1,-12,3,-11,2,0,0,0,0,0,0,0,0,0,0]"""
1782116236956,2026-06-22T17:17:16.956,safe,transition,yja,stand_to_sit,t007,"CSI_DATA,1075530,1a:00:00:00:00:00,-63,11,-99,20,47,11,-1046191594,47,2,256,0,""[0,0,0,0,0,0,0,0,0,0,0,0,10,0,8,0,12,1,9,0,12,1,11,3,12,1,15,1,12,3,15,3,14,5,12,4,13,6,13,5,11,3,18,7,13,5,18,7,12,5,16,4,18,4,14,5,18,5,14,7,13,7,16,7,18,7,13,3,19,7,14,3,19,3,13,3,18,1,16,1,18,1,16,1,19,3,19,2,19,1,18,0,14,-1,24,-1,18,0,20,-4,15,-2,23,-9,21,-4,21,-10,20,-7,24,-7,22,-3,22,-5,20,-6,27,-9,23,-7,20,-7,24,-11,0,0,0,0,0,0,-9,-20,-13,-26,-8,-20,-13,-22,-13,-27,-8,-19,-12,-26,-9,-18,-14,-25,-10,-19,-14,-20,-16,-20,-13,-18,-16,-19,-12,-19,-11,-17,-14,-17,-13,-16,-12,-12,-18,-19,-13,-14,-18,-16,-12,-11,-16,-12,-18,-12,-16,-11,-20,-14,-16,-13,-16,-12,-18,-12,-19,-12,-16,-8,-20,-15,-14,-11,-20,-12,-12,-8,-20,-9,-17,-11,-19,-9,-18,-11,-17,-14,-14,-14,-14,-15,-13,-14,-11,-10,-13,-15,-9,-12,-14,-11,-9,-9,-12,-12,-9,-11,-11,-11,-7,-12,-7,-13,-5,-11,-3,-10,-3,-10,0,0,0,0,0,0,0,0,0,0]"""
1782116236969,2026-06-22T17:17:16.969,safe,transition,yja,stand_to_sit,t007,"CSI_DATA,1075531,1a:00:00:00:00:00,-63,11,-99,21,47,11,-1046177994,47,2,256,0,""[0,0,0,0,0,0,0,0,0,0,0,0,8,8,5,7,8,10,5,8,6,11,6,9,8,10,6,12,7,12,8,13,5,13,7,12,6,13,6,15,6,15,8,17,5,13,5,18,6,13,7,15,10,18,8,15,9,17,5,15,7,16,6,15,6,17,6,15,9,18,6,15,8,16,8,12,10,15,11,13,12,12,13,12,13,13,10,14,13,13,15,15,13,13,15,15,13,12,15,15,11,7,19,9,18,9,21,7,24,10,23,10,19,11,20,11,19,10,24,10,22,14,22,8,24,10,0,0,0,0,0,0,11,-23,13,-28,8,-21,10,-23,9,-29,10,-18,11,-25,7,-22,11,-23,4,-20,5,-21,4,-23,2,-25,2,-25,6,-20,2,-21,1,-22,3,-23,1,-22,1,-23,0,-19,3,-22,-2,-17,-3,-20,-1,-22,-3,-22,-5,-23,0,-21,-2,-22,-5,-20,-3,-22,-3,-19,-2,-25,-2,-20,-1,-21,-4,-17,-5,-20,-4,-20,-5,-20,-5,-21,-3,-22,0,-18,-1,-20,1,-21,0,-18,0,-18,1,-14,2,-18,0,-11,1,-15,0,-13,0,-15,3,-13,1,-15,5,-10,4,-11,6,-10,0,0,0,0,0,0,0,0,0,0]"""
1782116236978,2026-06-22T17:17:16.978,safe,transition,yja,stand_to_sit,t007,"CSI_DATA,1075532,1a:00:00:00:00:00,-61,11,-99,-26,45,11,-1046168753,47,2,256,0,""[0,0,0,0,0,0,0,0,0,0,0,0,12,-3,9,-3,12,-3,12,0,15,-3,9,0,12,0,15,0,12,0,18,0,15,3,15,3,15,0,15,3,12,0,21,6,15,6,18,6,12,6,15,3,21,6,15,6,21,6,15,6,15,3,15,6,15,9,12,6,21,9,15,6,18,9,12,6,15,3,18,3,15,3,21,3,21,6,18,9,21,3,21,3,18,0,21,9,18,6,21,0,12,3,21,0,21,6,21,-3,24,3,24,0,18,3,21,6,21,3,27,0,24,3,18,0,27,0,0,0,0,0,0,0,3,-24,3,-30,0,-18,6,-24,6,-30,6,-18,6,-30,0,-21,6,-27,6,-21,3,-18,0,-27,6,-24,0,-27,3,-18,3,-18,3,-21,3,-21,3,-18,3,-24,0,-15,3,-27,0,-18,3,-18,-3,-21,3,-21,0,-24,3,-15,3,-18,3,-21,6,-24,3,-21,3,-21,3,-15,0,-24,0,-15,3,-21,0,-15,0,-24,6,-18,3,-24,3,-18,3,-15,6,-15,6,-9,9,-21,3,-15,15,-18,12,-15,6,-6,6,-21,15,-6,0,-12,18,-15,21,-18,18,-15,-6,-12,0,0,0,0,0,0,0,0,0,0]"""
1782116236989,2026-06-22T17:17:16.989,safe,transition,yja,stand_to_sit,t007,"CSI_DATA,1075533,1a:00:00:00:00:00,-63,11,-99,18,47,11,-1046158474,47,2,256,0,""[0,0,0,0,0,0,0,0,0,0,0,0,-8,4,-11,6,-7,3,-13,4,-8,3,-15,4,-15,2,-12,0,-13,0,-11,0,-17,2,-15,0,-15,0,-13,0,-18,-2,-12,0,-20,-2,-15,-2,-22,-5,-17,-6,-13,-4,-16,-4,-12,-5,-18,-6,-17,-6,-18,-5,-15,-4,-18,-8,-12,-4,-18,-6,-15,-5,-22,-8,-17,-9,-15,-6,-16,-8,-16,-6,-15,-5,-21,-2,-18,-4,-15,-3,-19,-7,-15,-1,-24,-3,-16,-4,-29,-7,-20,-6,-22,-5,-21,-8,-19,-4,-19,-4,-27,-3,-24,-2,-27,-7,-21,-8,-24,-2,-29,-6,-22,-7,0,0,0,0,0,0,-8,26,-5,18,-8,30,-8,24,-6,18,-11,28,-5,17,-10,28,-5,17,-13,28,-11,25,-11,20,-11,21,-9,16,-8,23,-6,22,-6,21,-6,18,-8,23,-5,16,-6,24,-5,17,-9,24,-9,21,-8,18,-7,18,-6,15,-5,21,-6,20,-6,21,-7,17,-10,22,-5,15,-8,22,-7,17,-13,25,-13,16,-11,16,-13,16,-13,15,-10,13,-11,17,-12,15,-11,12,-15,12,-10,10,-15,13,-12,8,-18,10,-14,4,-14,5,-14,2,-11,2,-10,2,-12,2,-11,2,-11,0,0,0,0,0,0,0,0,0,0,0]"""
1782116237003,2026-06-22T17:17:17.003,safe,transition,yja,stand_to_sit,t007,"CSI_DATA,1075534,1a:00:00:00:00:00,-63,11,-99,13,48,11,-1046145377,47,2,256,0,""[0,0,0,0,0,0,0,0,0,0,0,0,-3,-10,-4,-9,-3,-12,-2,-12,-4,-13,-1,-14,-2,-15,-2,-14,0,-12,-1,-15,-1,-16,0,-15,0,-14,0,-15,-1,-14,1,-18,0,-16,0,-19,0,-19,1,-20,0,-21,0,-15,0,-20,0,-20,0,-18,0,-16,0,-18,-2,-14,-1,-20,-1,-19,0,-20,-1,-20,-2,-17,-2,-19,-3,-17,-5,-18,-7,-16,-5,-19,-3,-18,-11,-14,-9,-14,-6,-21,-8,-19,-9,-17,-7,-19,-13,-12,-8,-17,-14,-17,-8,-26,-15,-22,-15,-20,-10,-14,-18,-21,-14,-22,-12,-19,-21,-21,-16,-21,0,0,0,0,0,0,-18,18,-21,16,-18,18,-19,19,-17,17,-19,18,-19,19,-17,17,-16,20,-19,18,-18,19,-15,18,-14,16,-15,19,-15,19,-14,17,-13,19,-12,17,-9,16,-13,19,-10,17,-9,20,-9,19,-9,22,-7,21,-7,17,-9,21,-7,21,-8,21,-7,20,-6,18,-4,19,-8,21,-6,20,-7,19,-7,21,-7,23,-7,20,-6,20,-9,16,-8,19,-9,19,-9,16,-8,14,-7,14,-10,15,-8,14,-7,14,-11,13,-11,14,-9,10,-10,10,-8,7,-10,9,-11,8,-10,4,-9,4,0,0,0,0,0,0,0,0,0,0]"""
1782116237013,2026-06-22T17:17:17.013,safe,transition,yja,stand_to_sit,t007,"CSI_DATA,1075535,1a:00:00:00:00:00,-63,11,-99,18,47,11,-1046135614,47,2,256,0,""[0,0,0,0,0,0,0,0,0,0,0,0,10,3,11,5,11,5,11,7,11,8,11,5,11,5,12,5,16,6,12,8,12,8,14,6,16,6,16,9,17,11,13,7,15,8,13,11,16,9,17,8,15,8,19,8,15,6,15,8,17,7,17,6,17,8,19,8,17,6,19,4,17,6,19,2,16,4,19,0,19,1,21,-1,18,-2,19,0,20,-4,22,-4,22,-1,17,-5,19,-7,20,-4,19,-8,17,-6,17,-11,19,-11,22,-15,20,-15,20,-13,18,-15,22,-17,18,-15,19,-15,21,-20,20,-17,0,0,0,0,0,0,-22,-22,-20,-20,-19,-17,-19,-19,-19,-15,-19,-18,-17,-14,-21,-15,-19,-16,-21,-11,-19,-10,-19,-11,-24,-8,-22,-7,-18,-9,-22,-5,-23,-4,-23,-6,-24,-6,-20,-1,-21,-2,-20,-4,-21,0,-21,0,-20,0,-23,2,-19,2,-19,1,-21,4,-19,6,-21,4,-24,2,-20,5,-19,5,-20,2,-21,6,-19,4,-20,6,-19,6,-20,6,-19,4,-17,2,-18,7,-19,4,-19,2,-16,4,-17,3,-17,0,-15,2,-13,1,-14,2,-13,1,-15,1,-12,0,-12,0,-13,0,-11,-1,0,0,0,0,0,0,0,0,0,0]"""
1782116237024,2026-06-22T17:17:17.024,safe,transition,yja,stand_to_sit,t007,"CSI_DATA,1075536,1a:00:00:00:00:00,-63,11,-99,19,47,11,-1046123520,47,2,256,0,""[0,0,0,0,0,0,0,0,0,0,0,0,9,6,10,7,8,6,10,10,8,7,10,12,8,13,9,12,8,13,8,10,12,13,11,14,11,12,10,12,10,16,6,14,10,18,9,13,10,20,5,19,6,17,7,16,7,15,12,17,12,16,11,15,9,14,11,18,8,12,12,17,9,14,14,18,11,16,12,15,12,14,10,15,12,11,16,12,17,10,15,9,16,12,14,10,20,12,16,9,23,14,18,14,21,10,19,12,17,10,20,7,26,6,23,6,25,8,23,9,25,4,28,8,24,11,0,0,0,0,0,0,8,-26,5,-21,8,-32,10,-24,5,-19,7,-28,4,-22,6,-28,2,-20,6,-29,8,-25,4,-22,5,-21,2,-19,0,-24,-2,-24,-4,-22,-1,-19,-1,-23,0,-18,-2,-24,-2,-18,-2,-26,0,-22,-3,-20,0,-19,-4,-18,-7,-21,-8,-20,-7,-20,-4,-18,-4,-22,-3,-17,-6,-22,-4,-18,-6,-26,-1,-22,-4,-20,-2,-20,0,-18,-2,-18,-5,-20,-3,-18,-3,-16,0,-18,0,-16,0,-19,0,-15,3,-20,4,-15,2,-14,5,-12,4,-11,3,-11,3,-12,4,-10,4,-10,0,0,0,0,0,0,0,0,0,0]"""
1782116237034,2026-06-22T17:17:17.034,safe,transition,yja,stand_to_sit,t007,"CSI_DATA,1075537,1a:00:00:00:00:00,-64,11,-99,18,47,11,-1046113957,47,2,256,0,""[0,0,0,0,0,0,0,0,0,0,0,0,10,4,8,4,12,6,11,5,11,7,12,8,11,8,15,7,11,8,13,6,15,8,13,6,14,8,13,8,12,7,17,13,15,10,15,13,15,12,14,11,16,10,12,10,19,10,17,9,17,6,17,7,17,8,15,5,17,11,15,8,17,6,15,6,20,4,17,5,17,1,18,2,19,0,19,0,19,-1,19,-2,17,-2,23,-2,20,-1,19,-4,17,-4,23,-8,22,-7,18,-12,22,-8,20,-11,22,-11,21,-11,20,-11,24,-15,22,-13,19,-14,22,-15,0,0,0,0,0,0,-15,-18,-18,-19,-17,-17,-17,-20,-20,-19,-17,-17,-20,-20,-16,-15,-19,-18,-21,-15,-20,-15,-23,-12,-18,-13,-22,-9,-22,-9,-20,-6,-22,-6,-20,-6,-17,-4,-22,-9,-19,-7,-22,-5,-19,-3,-22,-4,-23,-1,-18,-3,-22,0,-22,0,-21,1,-22,1,-21,2,-19,4,-24,-2,-21,-1,-20,0,-18,0,-23,2,-19,0,-20,3,-20,0,-20,2,-20,1,-19,0,-18,1,-15,0,-17,-2,-17,-2,-16,0,-13,-1,-17,-2,-13,-2,-14,-1,-11,-4,-13,-2,-11,-3,-9,-3,-8,-3,0,0,0,0,0,0,0,0,0,0]"""
1782116237044,2026-06-22T17:17:17.044,safe,transition,yja,stand_to_sit,t007,"CSI_DATA,1075538,1a:00:00:00:00:00,-64,11,-99,14,48,11,-1046103591,47,2,256,0,""[0,0,0,0,0,0,0,0,0,0,0,0,-10,6,-9,5,-13,5,-11,4,-13,4,-12,2,-13,3,-16,4,-14,2,-17,2,-16,2,-16,0,-17,0,-18,0,-14,0,-22,-2,-17,-2,-21,-2,-17,-4,-17,-4,-21,-5,-17,-6,-22,-4,-19,-4,-17,-6,-19,-5,-19,-6,-15,-2,-19,-8,-17,-6,-18,-4,-14,-5,-19,-4,-17,-6,-17,-3,-17,-4,-20,-4,-18,-4,-19,-5,-22,-4,-18,-2,-21,-5,-19,-3,-21,0,-17,-2,-24,0,-21,-3,-23,2,-24,-3,-23,-2,-22,-4,-23,-3,-24,-1,-27,-2,-25,-2,-23,-2,-26,-2,0,0,0,0,0,0,-4,24,-3,28,-3,23,-1,26,-4,29,-3,22,-5,28,-4,22,-5,25,-3,22,-4,21,-2,26,-4,22,-3,25,-2,22,-3,21,-4,22,-4,22,-2,19,-4,24,-2,19,0,22,-2,17,-1,20,-2,22,-3,19,-2,24,-2,19,-3,19,-2,21,-2,22,0,18,-5,24,-4,19,-3,20,-6,17,-4,20,-7,19,-4,19,-6,19,-8,19,-7,17,-11,15,-11,15,-9,14,-12,14,-11,11,-10,12,-8,8,-11,11,-11,8,-10,8,-11,6,-11,6,-11,4,-10,2,-10,2,0,0,0,0,0,0,0,0,0,0]"""
1782116237055,2026-06-22T17:17:17.055,safe,transition,yja,stand_to_sit,t007,"CSI_DATA,1075539,1a:00:00:00:00:00,-64,11,-99,14,48,11,-1046092595,47,2,256,0,""[0,0,0,0,0,0,0,0,0,0,0,0,9,-4,11,-5,11,-4,13,-4,12,-4,15,-4,15,-4,15,-4,14,-3,13,-2,17,-4,16,-3,17,-3,16,-3,18,-4,18,-3,19,-3,16,-5,23,-2,22,-2,21,-4,17,0,17,-3,19,-4,19,-4,19,-4,17,-4,17,-7,17,-4,18,-6,16,-6,21,-8,18,-8,17,-8,17,-8,14,-8,14,-9,16,-12,15,-11,14,-11,14,-14,13,-13,13,-17,10,-15,15,-20,12,-19,12,-17,12,-19,11,-17,10,-19,12,-22,9,-19,8,-24,10,-23,9,-24,11,-24,10,-25,0,0,0,0,0,0,-24,-7,-22,-6,-30,-6,-25,-3,-22,-4,-27,-2,-23,-3,-26,-2,-20,0,-27,-3,-26,-2,-23,0,-19,-1,-21,-1,-23,2,-22,2,-22,2,-21,2,-20,4,-19,4,-22,7,-17,7,-24,6,-22,8,-19,8,-17,4,-17,6,-19,10,-19,8,-19,8,-17,8,-17,11,-16,8,-19,11,-15,11,-21,11,-19,10,-18,8,-18,7,-15,6,-17,7,-18,9,-17,6,-15,6,-15,7,-14,5,-15,6,-13,6,-17,4,-15,4,-14,2,-13,2,-12,0,-11,0,-13,0,-9,0,-10,0,0,0,0,0,0,0,0,0,0,0]"""
1782116237069,2026-06-22T17:17:17.069,safe,transition,yja,stand_to_sit,t007,"CSI_DATA,1075540,1a:00:00:00:00:00,-64,11,-99,18,47,11,-1046078315,47,2,256,0,""[0,0,0,0,0,0,0,0,0,0,0,0,-9,5,-11,7,-11,6,-13,6,-11,7,-13,6,-14,7,-12,4,-14,8,-14,3,-15,4,-17,5,-17,5,-16,5,-20,5,-14,7,-17,8,-17,6,-19,7,-19,7,-18,5,-16,10,-17,5,-18,7,-18,7,-16,7,-16,6,-18,8,-14,12,-15,13,-15,9,-15,15,-13,12,-13,15,-12,13,-12,15,-10,15,-9,14,-11,16,-10,15,-12,17,-4,18,-4,19,-8,20,-4,21,-5,19,-2,21,-6,22,-1,22,-2,24,0,24,0,23,0,24,2,24,1,26,3,26,2,25,0,0,0,0,0,0,27,-5,24,-5,28,-7,24,-6,20,-6,24,-7,21,-8,25,-10,20,-8,21,-8,19,-11,19,-8,18,-14,19,-9,17,-11,17,-12,17,-11,16,-11,19,-13,11,-13,11,-17,13,-15,13,-17,12,-16,13,-14,12,-18,11,-15,11,-15,11,-17,10,-15,11,-15,13,-17,5,-17,6,-19,8,-18,9,-21,10,-17,6,-18,11,-17,7,-17,9,-15,8,-15,9,-15,7,-13,8,-14,5,-13,6,-15,9,-13,10,-13,7,-9,6,-11,8,-7,6,-11,8,-8,8,-8,9,-6,8,-6,0,0,0,0,0,0,0,0,0,0]"""
1782116237079,2026-06-22T17:17:17.079,safe,transition,yja,stand_to_sit,t007,"CSI_DATA,1075541,1a:00:00:00:00:00,-64,11,-99,18,47,11,-1046070405,47,2,256,0,""[0,0,0,0,0,0,0,0,0,0,0,0,-8,-7,-8,-11,-6,-8,-10,-11,-8,-8,-9,-12,-8,-12,-7,-12,-11,-12,-6,-12,-8,-15,-10,-16,-9,-13,-10,-13,-10,-18,-10,-12,-13,-17,-8,-15,-11,-17,-11,-15,-7,-13,-13,-16,-8,-15,-10,-15,-13,-16,-11,-15,-10,-15,-12,-16,-13,-8,-15,-13,-11,-13,-18,-14,-14,-11,-16,-10,-15,-11,-15,-8,-13,-8,-17,-8,-17,-6,-17,-5,-20,-9,-15,-2,-21,-4,-19,-5,-26,-3,-17,-3,-21,-1,-22,-2,-22,0,-19,0,-24,2,-24,3,-26,2,-22,2,-23,6,-28,6,-24,4,0,0,0,0,0,0,7,27,6,20,8,27,6,24,5,18,7,26,8,17,12,24,8,18,11,23,11,20,8,20,13,19,8,16,11,18,13,19,13,15,12,15,14,19,13,10,17,13,13,13,18,14,17,11,14,12,17,11,13,11,15,10,17,10,15,9,15,10,18,13,15,4,19,6,15,8,22,8,14,9,17,7,16,10,15,7,14,8,15,8,16,7,13,7,14,11,13,6,14,8,10,8,13,11,8,8,9,8,7,9,8,7,6,7,6,8,6,8,6,9,0,0,0,0,0,0,0,0,0,0]"""
1782116237090,2026-06-22T17:17:17.090,safe,transition,yja,stand_to_sit,t007,"CSI_DATA,1075542,1a:00:00:00:00:00,-64,11,-99,16,48,11,-1046057286,47,2,256,0,""[0,0,0,0,0,0,0,0,0,0,0,0,-10,-7,-9,-6,-11,-10,-10,-7,-11,-11,-9,-10,-9,-9,-13,-11,-10,-12,-13,-12,-11,-11,-10,-12,-10,-12,-11,-13,-10,-12,-12,-16,-11,-13,-12,-17,-9,-13,-11,-14,-15,-14,-9,-14,-15,-16,-11,-13,-11,-15,-12,-14,-13,-14,-12,-11,-14,-17,-10,-13,-14,-12,-11,-9,-15,-11,-12,-9,-17,-8,-16,-10,-18,-10,-16,-9,-17,-9,-18,-7,-18,-5,-20,-9,-18,-7,-19,-3,-16,-3,-22,-1,-19,-5,-22,1,-24,-1,-23,0,-19,-2,-23,-1,-23,1,-26,0,-24,-1,-22,0,-24,4,0,0,0,0,0,0,1,24,3,28,3,20,5,24,5,28,4,22,5,26,3,19,7,24,5,19,6,21,10,21,8,21,11,21,8,17,8,18,9,18,10,18,9,14,12,20,11,15,13,17,9,12,12,13,13,15,11,14,16,16,12,13,12,14,14,13,15,13,15,11,14,16,11,13,14,12,9,10,14,11,11,14,13,11,13,13,12,14,9,12,9,14,10,14,10,12,9,14,6,12,9,12,5,8,7,12,5,10,7,11,3,11,3,10,2,9,1,9,1,9,0,0,0,0,0,0,0,0,0,0]"""
1782116237100,2026-06-22T17:17:17.100,safe,transition,yja,stand_to_sit,t007,"CSI_DATA,1075543,1a:00:00:00:00:00,-64,11,-99,19,47,11,-1046048595,47,2,256,0,""[0,0,0,0,0,0,0,0,0,0,0,0,-12,6,-13,7,-32,18,-14,9,-12,2,-21,-17,-15,2,-14,4,-14,-7,-18,-8,-18,-2,-21,0,-20,-2,-21,1,-22,2,-14,9,-18,3,-20,0,-19,3,-18,-3,-16,-6,-23,-1,-18,-6,-18,-3,-20,-4,-18,-5,-20,-5,-20,-5,-18,-2,-19,0,-18,-3,-18,-2,-18,-4,-18,-1,-18,-3,-20,-2,-18,-2,-18,0,-19,0,-18,0,-20,0,-18,5,-19,5,-21,2,-22,2,-20,0,-22,3,-21,0,-22,4,-23,2,-22,5,-25,4,-26,4,-22,4,-24,6,-26,5,-24,5,0,0,0,0,0,0,6,25,6,26,3,23,4,26,0,24,2,25,5,22,6,23,4,22,0,22,2,22,0,20,4,23,0,20,2,20,2,21,3,19,2,20,2,20,6,18,7,18,4,20,5,18,4,18,1,18,6,20,0,18,4,17,2,18,2,19,3,18,1,21,6,17,5,17,2,19,2,18,0,16,0,17,-2,18,-1,19,-3,16,-1,16,-3,15,-4,14,-4,15,-2,15,-3,14,-4,12,-6,12,-6,8,-6,10,-7,8,-7,9,-8,6,-6,8,-8,5,-7,5,0,0,0,0,0,0,0,0,0,0]"""
1782116237111,2026-06-22T17:17:17.111,safe,transition,yja,stand_to_sit,t007,"CSI_DATA,1075544,1a:00:00:00:00:00,-65,11,-99,20,48,11,-1046036352,47,2,256,0,""[0,0,0,0,0,0,0,0,0,0,0,0,-2,13,-2,10,-4,14,-2,12,-6,15,-4,12,-4,12,-7,15,-7,14,-6,17,-9,12,-9,14,-8,15,-11,15,-10,13,-12,17,-9,13,-14,16,-8,13,-10,15,-11,18,-10,16,-12,19,-12,13,-10,15,-10,16,-13,16,-10,13,-12,17,-9,12,-13,13,-6,12,-7,16,-6,16,-5,16,-8,17,-6,19,-8,16,-5,19,-6,20,-4,17,-8,20,-5,18,-5,20,-2,15,-2,19,-2,20,1,20,0,23,1,24,0,20,0,23,0,23,2,25,-1,24,2,20,3,24,0,0,0,0,0,0,23,-1,30,0,19,-1,24,0,28,-1,20,1,27,-1,21,-3,24,0,17,-2,19,-4,22,-2,22,-5,21,-8,19,-1,19,-5,20,-6,20,-4,16,-3,21,-6,16,-5,20,-6,15,-6,16,-6,17,-7,16,-9,19,-10,16,-6,16,-9,16,-9,17,-8,15,-7,20,-9,15,-6,18,-5,12,-7,15,-8,16,-8,15,-9,16,-6,17,-6,15,-2,15,-4,16,-3,13,-2,15,-1,12,0,13,0,9,0,12,0,11,1,11,0,10,0,11,0,9,4,8,3,6,4,0,0,0,0,0,0,0,0,0,0]"""
1782116237123,2026-06-22T17:17:17.123,safe,transition,yja,stand_to_sit,t007,"CSI_DATA,1075545,1a:00:00:00:00:00,-65,11,-99,18,48,11,-1046024536,47,2,256,0,""[0,0,0,0,0,0,0,0,0,0,0,0,-12,-4,-12,-3,-13,-4,-12,-4,-14,-6,-12,-5,-12,-4,-14,-6,-15,-6,-15,-8,-13,-9,-14,-8,-14,-9,-14,-10,-15,-11,-18,-9,-15,-9,-15,-11,-14,-9,-15,-10,-16,-11,-17,-9,-17,-9,-14,-12,-15,-11,-15,-9,-15,-11,-16,-8,-19,-8,-16,-7,-16,-7,-14,-4,-17,-4,-17,-4,-17,-3,-19,0,-19,-2,-17,-3,-19,-2,-20,-2,-19,0,-19,1,-18,1,-19,1,-16,3,-19,6,-17,6,-20,6,-21,7,-22,6,-20,5,-21,6,-20,8,-20,9,-22,8,-20,10,-20,10,0,0,0,0,0,0,11,22,11,23,9,19,11,19,14,20,9,19,11,18,12,18,12,19,11,14,13,14,14,14,15,15,15,16,11,14,12,14,14,14,14,14,14,14,16,10,14,9,15,11,14,7,15,8,14,9,15,9,17,8,14,10,16,8,15,7,15,9,15,7,17,7,15,6,15,7,14,8,13,7,15,6,15,7,15,7,13,7,12,8,12,9,13,10,11,10,12,7,9,7,9,9,7,7,7,6,7,7,7,7,7,8,6,9,3,8,3,7,3,7,0,0,0,0,0,0,0,0,0,0]"""
1782116237133,2026-06-22T17:17:17.133,safe,transition,yja,stand_to_sit,t007,"CSI_DATA,1075546,1a:00:00:00:00:00,-65,11,-99,18,48,11,-1046015568,47,2,256,0,""[0,0,0,0,0,0,0,0,0,0,0,0,11,-6,10,-5,12,-6,12,-6,14,-5,12,-4,11,-6,13,-7,14,-9,14,-8,13,-3,15,-6,15,-6,17,-5,19,-6,18,-6,17,-6,20,-6,16,-6,14,-7,14,-7,18,-11,18,-10,15,-4,18,-7,16,-8,18,-7,16,-9,17,-9,14,-9,16,-9,10,-9,11,-13,9,-14,9,-15,11,-17,10,-15,11,-12,9,-15,11,-15,8,-16,9,-17,7,-17,6,-18,5,-14,2,-18,1,-20,-1,-20,0,-23,0,-23,3,-17,3,-24,0,-23,0,-21,3,-21,-2,-20,-3,-21,0,0,0,0,0,0,-23,5,-26,3,-19,4,-23,6,-23,5,-21,3,-22,5,-19,6,-22,5,-16,5,-16,9,-16,8,-17,12,-15,11,-16,6,-18,10,-15,10,-17,11,-15,12,-15,12,-12,11,-14,11,-9,10,-8,13,-8,14,-9,16,-10,16,-11,12,-9,14,-9,14,-12,15,-11,15,-9,14,-9,12,-11,14,-4,11,-6,12,-6,14,-5,13,-8,15,-7,14,-10,11,-8,11,-10,10,-9,11,-9,9,-9,7,-9,8,-6,6,-7,8,-7,7,-6,8,-7,7,-7,5,-6,3,-7,3,-7,3,0,0,0,0,0,0,0,0,0,0]"""
1782116237172,2026-06-22T17:17:17.172,safe,transition,yja,stand_to_sit,t007,"CSI_DATA,1075549,1a:00:00:00:00:00,-66,11,-99,14,50,11,-1045975960,47,2,256,0,""[0,0,0,0,0,0,0,0,0,0,0,0,-10,-4,-12,-4,-10,-6,-12,-8,-10,-5,-11,-10,-12,-10,-11,-9,-9,-11,-8,-11,-11,-12,-10,-13,-9,-14,-8,-13,-8,-14,-6,-14,-9,-18,-8,-14,-5,-19,-7,-15,-6,-15,-3,-17,-3,-16,-5,-17,-2,-17,-3,-17,-3,-16,-5,-17,-1,-15,-4,-16,-4,-14,-3,-18,-3,-16,-3,-16,-2,-15,-2,-15,-3,-14,-4,-18,-2,-15,-2,-14,-6,-16,-4,-14,-5,-18,-7,-16,-6,-20,-6,-18,-5,-18,-5,-18,-4,-16,-5,-16,-6,-20,-6,-19,-7,-19,-3,-20,-4,-19,-6,-22,-4,-19,0,0,0,0,0,0,-20,4,-16,3,-22,3,-18,3,-18,1,-21,3,-18,0,-20,1,-16,2,-22,0,-19,0,-18,0,-17,0,-15,0,-19,1,-16,0,-16,0,-15,0,-17,2,-15,0,-17,1,-15,0,-17,-1,-16,0,-16,0,-13,-2,-14,-1,-15,0,-15,-2,-15,-1,-14,-3,-14,-1,-14,-4,-14,-4,-13,-2,-15,-7,-14,-5,-12,-5,-12,-6,-10,-7,-10,-6,-12,-7,-8,-8,-8,-7,-9,-8,-6,-8,-7,-9,-5,-7,-4,-10,-3,-9,-3,-9,-2,-8,0,-7,0,-8,0,-8,1,-7,1,-7,0,0,0,0,0,0,0,0,0,0]"""
1782116237182,2026-06-22T17:17:17.182,safe,transition,yja,stand_to_sit,t007,"CSI_DATA,1075550,1a:00:00:00:00:00,-66,11,-99,18,49,11,-1045971084,47,2,256,0,""[0,0,0,0,0,0,0,0,0,0,0,0,1,-9,2,-14,1,-9,2,-14,0,-10,6,-15,4,-14,4,-12,5,-14,6,-10,7,-14,8,-15,8,-14,8,-14,10,-19,5,-10,9,-17,7,-12,12,-18,11,-18,9,-14,9,-14,9,-11,10,-15,10,-14,9,-12,10,-12,11,-15,5,-12,8,-16,6,-12,10,-19,8,-14,6,-15,7,-15,6,-13,4,-12,3,-15,4,-15,4,-14,6,-17,0,-13,0,-19,3,-16,3,-22,2,-15,1,-18,3,-16,0,-17,1,-17,0,-21,-1,-17,0,-21,1,-19,-1,-21,-1,-22,-1,-19,0,0,0,0,0,0,-21,1,-16,0,-26,1,-19,1,-13,0,-22,2,-16,2,-22,3,-15,2,-22,0,-18,2,-15,1,-16,3,-13,1,-17,2,-16,1,-16,1,-14,2,-18,3,-10,3,-15,4,-12,3,-19,4,-15,4,-15,4,-14,6,-10,2,-15,4,-13,4,-13,2,-12,2,-16,3,-11,4,-15,5,-12,4,-20,4,-14,1,-13,3,-15,1,-12,0,-11,0,-13,2,-12,0,-10,-1,-12,-2,-8,1,-12,-1,-8,-1,-12,-4,-8,-2,-8,-2,-7,-4,-7,-3,-4,-4,-7,-4,-5,-4,-4,-4,0,0,0,0,0,0,0,0,0,0]"""
1782116237192,2026-06-22T17:17:17.192,safe,transition,yja,stand_to_sit,t007,"CSI_DATA,1075551,1a:00:00:00:00:00,-68,11,-99,17,50,11,-1045960213,47,2,256,0,""[0,0,0,0,0,0,0,0,0,0,0,0,1,-10,1,-11,1,-11,3,-12,3,-13,4,-12,4,-12,4,-10,6,-14,8,-11,8,-12,9,-13,9,-12,9,-14,11,-14,6,-15,6,-14,9,-15,9,-12,10,-11,13,-11,10,-14,10,-11,11,-12,11,-12,11,-11,10,-12,11,-12,8,-14,7,-14,9,-12,8,-11,7,-11,7,-12,9,-13,6,-14,7,-13,4,-13,7,-13,6,-15,6,-15,2,-15,1,-15,3,-16,2,-15,4,-15,2,-17,4,-16,1,-17,5,-17,0,-17,0,-18,1,-18,0,-17,-1,-19,1,-19,1,-18,0,0,0,0,0,0,-20,-3,-20,-1,-18,-1,-19,1,-19,-1,-18,0,-18,0,-16,1,-18,0,-16,0,-16,0,-16,-1,-16,3,-16,-1,-14,1,-14,0,-15,0,-15,0,-15,0,-13,4,-13,5,-14,3,-13,2,-14,1,-15,1,-13,3,-14,1,-12,3,-14,1,-12,3,-12,2,-12,1,-13,2,-12,4,-13,2,-12,2,-12,0,-13,0,-12,-1,-12,0,-11,0,-10,0,-10,-2,-10,-2,-10,-3,-8,-1,-8,-1,-9,-2,-8,-3,-6,-4,-7,-4,-4,-3,-6,-5,-5,-6,-4,-5,-4,-5,-3,-5,0,0,0,0,0,0,0,0,0,0]"""
1782116237209,2026-06-22T17:17:17.209,safe,transition,yja,stand_to_sit,t007,"CSI_DATA,1075553,1a:00:00:00:00:00,-67,11,-99,16,50,11,-1045938498,47,2,256,0,""[0,0,0,0,0,0,0,0,0,0,0,0,1,10,1,11,1,12,0,13,0,12,0,14,0,13,1,13,-2,12,2,14,2,14,1,13,1,14,1,14,1,14,0,15,0,17,0,15,1,19,0,15,1,16,0,14,2,14,3,17,4,15,4,14,4,14,5,14,3,15,5,17,5,12,7,14,7,14,7,13,8,11,7,11,8,9,10,10,11,10,11,8,12,8,11,9,13,10,13,7,14,7,15,7,14,7,14,5,15,5,15,4,17,4,16,3,18,3,19,3,19,3,20,1,18,2,0,0,0,0,0,0,-1,-18,-2,-18,-3,-19,-2,-17,-3,-16,-3,-17,-3,-17,-4,-17,-4,-15,-4,-17,-5,-14,-7,-13,-4,-13,-8,-12,-9,-13,-7,-11,-10,-12,-8,-11,-9,-10,-7,-10,-8,-11,-8,-8,-10,-10,-9,-11,-12,-9,-9,-8,-9,-7,-12,-7,-12,-5,-12,-6,-11,-6,-10,-6,-10,-9,-11,-8,-10,-6,-11,-7,-11,-6,-10,-7,-9,-6,-8,-8,-8,-6,-9,-7,-9,-7,-8,-7,-8,-6,-5,-7,-7,-7,-6,-6,-5,-7,-6,-7,-4,-6,-5,-6,-3,-5,-4,-5,-4,-6,-2,-5,-1,-6,0,0,0,0,0,0,0,0,0,0]"""
1782116237224,2026-06-22T17:17:17.224,safe,transition,yja,stand_to_sit,t007,"CSI_DATA,1075554,1a:00:00:00:00:00,-68,11,-99,19,50,11,-1045922696,47,2,256,0,""[0,0,0,0,0,0,0,0,0,0,0,0,-8,2,-12,1,-9,2,-14,2,-10,1,-13,1,-13,1,-12,0,-14,2,-12,0,-13,0,-15,0,-14,0,-14,0,-18,0,-12,1,-17,1,-13,0,-17,0,-15,3,-13,0,-17,2,-13,0,-15,1,-15,0,-13,1,-13,1,-17,1,-11,4,-15,7,-12,4,-16,7,-13,3,-13,6,-13,5,-12,7,-11,6,-10,8,-11,9,-9,8,-13,10,-7,10,-8,13,-10,11,-9,15,-8,10,-8,13,-8,12,-7,14,-6,14,-5,16,-4,15,-6,16,-3,14,0,17,-2,18,-5,17,0,0,0,0,0,0,19,2,15,1,20,2,17,1,12,1,18,0,12,-1,19,-1,13,0,17,0,14,0,14,1,14,-3,14,0,13,-2,13,-3,13,-3,12,-3,15,-3,9,-5,13,-7,11,-4,14,-6,12,-5,11,-5,12,-6,8,-3,11,-7,11,-7,9,-5,10,-5,12,-6,7,-8,10,-9,9,-5,12,-8,10,-5,11,-7,12,-4,9,-5,9,-4,9,-5,9,-4,8,-4,10,-3,7,-4,8,-5,9,-1,10,-1,6,0,8,-1,6,1,7,0,7,0,6,0,6,0,6,1,0,0,0,0,0,0,0,0,0,0]"""
1782116237234,2026-06-22T17:17:17.234,safe,transition,yja,stand_to_sit,t007,"CSI_DATA,1075555,1a:00:00:00:00:00,-68,11,-99,16,51,11,-1045915817,47,2,256,0,""[0,0,0,0,0,0,0,0,0,0,0,0,-10,-1,-8,-2,-11,-2,-10,-1,-12,-4,-11,-3,-11,-3,-15,-3,-11,-4,-14,-4,-12,-5,-11,-5,-12,-6,-12,-6,-11,-5,-15,-9,-13,-6,-14,-7,-12,-6,-11,-6,-16,-7,-10,-7,-15,-6,-12,-5,-12,-7,-12,-6,-13,-6,-11,-4,-14,-7,-11,-5,-13,-4,-11,-4,-14,-3,-13,-3,-13,-1,-15,-3,-14,-2,-12,-3,-14,-2,-13,0,-12,0,-17,-1,-13,0,-14,2,-11,0,-15,4,-14,1,-14,5,-16,4,-15,3,-14,1,-15,2,-15,4,-16,5,-16,4,-13,5,-15,5,0,0,0,0,0,0,5,14,7,17,5,13,8,14,6,17,5,13,6,15,5,12,8,13,6,14,6,13,9,13,6,11,9,13,7,11,6,11,7,10,8,10,8,8,8,11,8,10,9,11,7,8,7,8,9,10,7,8,11,10,8,8,8,9,8,9,9,9,8,7,7,11,7,9,8,9,5,8,9,9,6,10,7,8,6,9,5,10,4,10,3,11,5,10,4,8,1,10,0,8,2,8,0,6,2,8,0,7,1,8,0,7,0,7,-1,5,-2,5,-2,5,0,0,0,0,0,0,0,0,0,0]"""
1782116237244,2026-06-22T17:17:17.244,safe,transition,yja,stand_to_sit,t007,"CSI_DATA,1075556,1a:00:00:00:00:00,-68,11,-99,18,51,11,-1045903577,47,2,256,0,""[0,0,0,0,0,0,0,0,0,0,0,0,2,-10,2,-9,3,-10,3,-10,4,-11,4,-11,5,-11,5,-11,5,-11,4,-11,4,-12,4,-13,4,-13,4,-13,4,-12,5,-13,6,-13,6,-14,6,-13,6,-13,6,-12,6,-12,4,-12,4,-12,3,-14,3,-13,3,-13,2,-12,2,-13,2,-13,2,-14,1,-13,1,-14,1,-13,0,-13,0,-12,-2,-12,-2,-12,-3,-11,-3,-11,-4,-11,-4,-11,-5,-12,-7,-13,-8,-13,-8,-14,-7,-13,-8,-13,-8,-10,-9,-10,-9,-9,-10,-9,-11,-9,-12,-10,-12,-10,-12,-10,-12,-10,0,0,0,0,0,0,-9,13,-8,13,-8,13,-7,13,-7,13,-6,12,-6,12,-6,13,-6,15,-6,14,-6,14,-5,13,-4,13,-3,12,-2,12,-1,13,-1,12,-1,13,0,11,0,12,0,13,0,13,0,13,0,13,0,12,0,12,0,11,1,11,1,12,1,11,1,11,1,11,1,11,1,11,1,12,0,12,0,12,0,11,0,11,0,10,0,10,0,10,0,9,0,9,0,9,0,9,-1,9,-1,9,-2,9,-3,8,-3,6,-3,6,-3,5,-3,6,-3,5,-3,5,-3,5,0,0,0,0,0,0,0,0,0,0]"""
1782116237254,2026-06-22T17:17:17.254,safe,transition,yja,stand_to_sit,t007,"CSI_DATA,1075557,1a:00:00:00:00:00,-69,11,-99,18,51,11,-1045894595,47,2,256,0,""[0,0,0,0,0,0,0,0,0,0,0,0,-7,-6,-7,-6,-8,-7,-8,-7,-7,-8,-7,-8,-6,-9,-6,-9,-6,-10,-5,-11,-5,-11,-5,-13,-4,-12,-5,-13,-5,-12,-5,-12,-6,-13,-5,-12,-6,-12,-5,-13,-5,-13,-4,-13,-4,-13,-3,-13,-3,-13,-3,-13,-3,-13,-4,-12,-5,-11,-5,-11,-6,-12,-6,-12,-6,-12,-6,-11,-6,-10,-6,-9,-7,-9,-7,-10,-7,-9,-8,-9,-8,-8,-9,-8,-10,-8,-11,-7,-10,-8,-10,-8,-10,-8,-11,-7,-11,-8,-12,-8,-12,-7,-13,-7,-13,-7,-13,-6,-13,-7,-13,-7,-13,-7,0,0,0,0,0,0,-7,14,-7,14,-8,14,-7,13,-7,13,-7,13,-6,13,-6,13,-6,12,-6,12,-6,13,-6,12,-5,12,-5,11,-5,11,-6,11,-6,10,-6,11,-5,11,-3,11,-3,12,-3,11,-3,11,-4,11,-4,11,-4,11,-4,11,-4,11,-4,11,-4,10,-3,11,-3,10,-3,11,-3,11,-4,11,-4,10,-5,10,-5,9,-5,9,-5,9,-5,9,-6,7,-6,6,-6,6,-6,6,-7,6,-7,6,-7,5,-6,4,-7,3,-6,3,-6,2,-6,2,-6,1,-6,0,-6,0,-6,0,0,0,0,0,0,0,0,0,0,0]"""
1782116237263,2026-06-22T17:17:17.263,safe,transition,yja,stand_to_sit,t007,"CSI_DATA,1075558,1a:00:00:00:00:00,-69,11,-99,20,51,11,-1045883595,47,2,256,0,""[0,0,0,0,0,0,0,0,0,0,0,0,-6,7,-6,6,-6,6,-7,7,-8,7,-9,8,-9,8,-9,7,-10,7,-9,7,-9,7,-9,9,-9,9,-10,9,-9,9,-9,9,-9,10,-10,10,-10,10,-10,10,-10,9,-10,9,-9,9,-8,9,-8,9,-7,9,-6,10,-5,10,-5,11,-4,12,-4,13,-4,13,-4,13,-4,12,-3,12,-1,11,0,12,0,12,0,12,1,12,2,11,3,11,4,12,5,13,6,13,5,13,5,12,5,12,6,11,7,11,8,11,9,10,10,10,11,10,11,10,11,11,10,11,0,0,0,0,0,0,9,-13,8,-13,7,-13,7,-12,6,-13,6,-12,5,-12,5,-13,5,-14,4,-13,5,-13,4,-12,3,-12,2,-11,2,-12,2,-13,2,-12,1,-12,0,-11,0,-12,-1,-12,-2,-13,-1,-13,0,-13,0,-11,0,-11,-1,-10,-2,-10,-2,-11,-3,-10,-3,-11,-3,-10,-4,-10,-4,-10,-4,-11,-3,-11,-3,-11,-2,-11,-2,-10,-2,-9,-2,-9,-2,-9,-2,-9,-2,-9,-2,-9,-2,-9,-1,-9,-1,-9,0,-9,0,-8,0,-7,1,-7,1,-6,2,-6,2,-6,2,-6,2,-6,0,0,0,0,0,0,0,0,0,0]"""
1782116237284,2026-06-22T17:17:17.284,safe,transition,yja,stand_to_sit,t007,"CSI_DATA,1075559,1a:00:00:00:00:00,-69,11,-99,15,52,11,-1045863453,47,2,256,0,""[0,0,0,0,0,0,0,0,0,0,0,0,8,-5,8,-5,8,-5,8,-5,9,-4,10,-4,10,-3,10,-2,11,-2,11,-2,11,-3,12,-4,12,-3,12,-4,11,-4,11,-4,12,-4,13,-3,13,-3,14,-2,13,-2,13,-2,12,-2,11,-3,12,-3,11,-3,11,-5,10,-4,10,-5,10,-6,10,-6,10,-6,11,-5,10,-5,10,-5,9,-5,8,-7,8,-7,7,-8,6,-8,5,-9,6,-10,6,-10,7,-11,8,-11,8,-10,8,-10,7,-10,5,-11,4,-13,4,-12,3,-13,3,-13,2,-13,3,-13,3,-13,4,-13,0,0,0,0,0,0,-14,-3,-14,-3,-14,-3,-13,-2,-13,-2,-13,-1,-13,0,-14,0,-14,-1,-14,-1,-13,-2,-12,-2,-12,-2,-12,0,-11,0,-12,0,-11,0,-11,1,-10,1,-10,1,-10,2,-12,2,-12,2,-13,0,-11,0,-11,1,-10,1,-10,2,-11,2,-10,2,-10,2,-10,2,-10,2,-11,2,-11,2,-12,1,-12,0,-12,0,-11,0,-10,0,-10,0,-10,0,-9,0,-9,0,-8,0,-9,0,-9,-1,-9,-2,-8,-2,-8,-3,-6,-4,-5,-4,-5,-3,-6,-3,-5,-3,-5,-3,-5,-4,0,0,0,0,0,0,0,0,0,0]"""
1782116237293,2026-06-22T17:17:17.293,safe,transition,yja,stand_to_sit,t007,"CSI_DATA,1075560,1a:00:00:00:00:00,-68,11,-99,15,52,11,-1045860714,47,2,256,0,""[0,0,0,0,0,0,0,0,0,0,0,0,-7,6,-8,5,-8,5,-8,4,-9,3,-9,3,-9,3,-10,3,-11,2,-12,2,-12,0,-12,0,-12,0,-12,0,-13,0,-13,0,-13,0,-12,0,-12,-1,-12,-2,-13,-2,-13,-2,-13,-3,-13,-3,-11,-3,-12,-4,-11,-3,-13,-3,-12,-2,-12,-2,-10,-2,-10,-2,-9,-1,-10,-1,-11,-2,-12,-2,-12,-2,-12,-2,-12,-2,-11,-2,-12,0,-12,0,-12,0,-11,0,-11,0,-11,1,-12,1,-12,1,-13,0,-13,0,-13,0,-13,0,-13,0,-13,0,-13,0,-13,0,-13,0,0,0,0,0,0,0,0,15,0,15,0,14,-1,14,-1,14,-1,14,-1,14,-1,13,-1,12,-1,12,-2,12,-2,12,-2,12,-2,12,-2,12,-2,11,-3,12,-2,11,-2,13,-1,12,-1,11,-1,11,-2,10,-2,10,-2,11,-3,11,-3,11,-4,11,-4,10,-5,11,-5,10,-5,11,-5,10,-5,10,-5,9,-5,8,-5,8,-6,8,-7,8,-8,8,-8,7,-8,6,-9,5,-9,5,-9,4,-8,4,-8,3,-7,2,-7,2,-6,2,-8,1,-7,0,-8,0,-7,-1,-7,-2,-6,-2,-5,-2,0,0,0,0,0,0,0,0,0,0]"""
1782116237303,2026-06-22T17:17:17.303,safe,transition,yja,stand_to_sit,t007,"CSI_DATA,1075561,1a:00:00:00:00:00,-69,11,-99,16,52,11,-1045849782,47,2,256,0,""[0,0,0,0,0,0,0,0,0,0,0,0,0,-9,0,-9,0,-9,1,-9,1,-9,0,-9,0,-10,0,-11,1,-11,1,-11,2,-12,2,-11,2,-11,2,-11,2,-12,3,-12,3,-12,3,-11,3,-11,2,-11,2,-12,2,-11,2,-12,2,-13,2,-12,2,-12,2,-11,1,-12,2,-11,1,-11,0,-10,0,-10,0,-9,-2,-10,-2,-10,-2,-11,-2,-11,-2,-11,-2,-11,-3,-11,-4,-11,-4,-11,-4,-11,-4,-10,-5,-9,-6,-8,-8,-9,-8,-9,-9,-10,-9,-10,-9,-10,-9,-11,-9,-10,-9,-10,-10,-9,-10,-9,-11,-9,0,0,0,0,0,0,-9,11,-9,11,-9,10,-9,10,-9,10,-9,10,-9,11,-8,10,-7,9,-7,10,-6,11,-6,11,-5,11,-6,11,-6,11,-6,11,-6,10,-5,10,-5,11,-5,11,-4,11,-3,10,-3,11,-2,11,-2,11,-2,11,-3,11,-4,11,-3,11,-4,11,-3,11,-4,11,-4,10,-4,10,-4,9,-3,10,-2,9,-3,10,-3,10,-4,10,-4,9,-5,9,-6,9,-6,8,-6,7,-6,6,-6,5,-6,5,-6,5,-5,5,-6,6,-6,5,-6,5,-6,4,-6,3,-6,2,-6,1,0,0,0,0,0,0,0,0,0,0]"""
1782116237312,2026-06-22T17:17:17.312,safe,transition,yja,stand_to_sit,t007,"CSI_DATA,1075562,1a:00:00:00:00:00,-69,11,-99,16,52,11,-1045836099,47,2,256,0,""[0,0,0,0,0,0,0,0,0,0,0,0,4,8,4,8,4,9,4,8,4,9,4,9,4,9,4,9,4,10,4,10,4,11,4,11,4,11,5,10,5,10,6,10,6,9,6,9,6,9,6,10,6,10,6,9,7,9,8,9,8,8,8,8,9,7,9,6,10,6,10,5,11,4,11,4,11,3,11,3,11,2,11,2,11,1,11,1,11,0,11,0,11,-2,11,-3,10,-4,10,-4,10,-5,10,-5,10,-6,10,-6,10,-8,9,-8,9,-9,9,-9,8,-10,8,-11,8,-11,8,-12,8,-12,0,0,0,0,0,0,-12,-6,-12,-6,-13,-5,-13,-4,-13,-3,-13,-2,-13,-2,-13,-1,-13,-1,-12,0,-12,0,-12,0,-12,0,-13,0,-12,1,-12,2,-12,2,-11,3,-11,4,-10,4,-9,5,-9,5,-9,5,-9,5,-10,6,-10,6,-10,6,-9,6,-9,6,-9,6,-9,7,-8,8,-8,8,-8,9,-8,9,-8,8,-8,8,-8,7,-7,7,-7,7,-7,7,-8,7,-7,7,-7,7,-7,7,-7,6,-6,6,-6,6,-6,6,-6,5,-6,5,-6,5,-6,4,-6,4,-6,2,-6,2,-6,1,0,0,0,0,0,0,0,0,0,0]"""
1782116237321,2026-06-22T17:17:17.321,safe,transition,yja,stand_to_sit,t007,"CSI_DATA,1075563,1a:00:00:00:00:00,-69,11,-99,16,52,11,-1045828022,47,2,256,0,""[0,0,0,0,0,0,0,0,0,0,0,0,-4,-6,-4,-6,-5,-7,-5,-8,-6,-8,-6,-9,-6,-9,-6,-9,-6,-8,-6,-8,-7,-8,-7,-7,-7,-8,-7,-8,-7,-9,-7,-8,-7,-9,-8,-9,-8,-9,-9,-9,-9,-8,-9,-8,-9,-6,-10,-6,-10,-5,-11,-5,-10,-4,-10,-4,-10,-4,-10,-4,-10,-4,-10,-2,-10,-1,-11,0,-10,0,-11,0,-10,1,-10,2,-10,2,-10,3,-10,4,-10,3,-10,4,-10,5,-10,6,-9,7,-9,8,-9,9,-8,9,-8,9,-7,10,-7,10,-6,11,-6,11,-6,11,-5,12,-5,12,0,0,0,0,0,0,12,3,13,3,13,2,14,2,13,2,13,1,13,1,13,0,13,0,13,0,13,0,13,-1,12,-2,12,-3,11,-4,10,-4,10,-5,10,-5,10,-5,11,-5,11,-5,11,-6,10,-6,9,-6,9,-7,8,-7,8,-8,8,-9,7,-9,7,-10,7,-9,7,-9,7,-8,7,-8,8,-8,7,-9,7,-9,7,-9,7,-9,7,-9,7,-8,6,-8,7,-8,7,-8,7,-7,7,-6,7,-6,7,-6,7,-6,6,-6,6,-6,6,-5,6,-5,5,-4,6,-3,6,-3,6,-2,0,0,0,0,0,0,0,0,0,0]"""
1782116237333,2026-06-22T17:17:17.333,safe,transition,yja,stand_to_sit,t007,"CSI_DATA,1075564,1a:00:00:00:00:00,-68,11,-99,18,52,11,-1045814008,47,2,256,0,""[0,0,0,0,0,0,0,0,0,0,0,0,-5,7,-6,7,-6,7,-6,7,-6,7,-5,7,-5,8,-5,8,-5,8,-5,9,-5,9,-6,9,-6,9,-6,9,-6,10,-6,10,-6,10,-5,10,-5,11,-4,11,-4,12,-3,12,-3,12,-3,12,-2,11,-2,12,-1,11,-1,12,0,11,0,10,0,10,1,9,2,8,4,9,5,9,5,9,5,9,5,8,6,9,6,8,6,9,7,8,8,7,8,6,9,5,10,3,11,3,11,2,12,3,12,3,12,2,13,3,13,1,13,0,13,0,13,-1,14,-1,0,0,0,0,0,0,0,-13,-1,-14,-2,-13,-3,-14,-3,-13,-3,-13,-4,-13,-4,-12,-5,-11,-6,-10,-7,-9,-8,-10,-8,-9,-8,-9,-9,-9,-8,-8,-9,-8,-9,-7,-10,-8,-10,-7,-10,-6,-9,-5,-10,-5,-10,-3,-11,-3,-11,-3,-12,-3,-12,-3,-11,-2,-12,-3,-11,-2,-12,-2,-11,-2,-11,-2,-10,-2,-11,-1,-11,0,-12,0,-12,0,-12,0,-11,-1,-11,-1,-11,-2,-10,-2,-10,-3,-10,-2,-10,-3,-8,-2,-8,-1,-8,-1,-8,-1,-8,-1,-9,-1,-8,-2,-7,-2,-6,-3,-6,-2,0,0,0,0,0,0,0,0,0,0]"""
1782116237342,2026-06-22T17:17:17.342,safe,transition,yja,stand_to_sit,t007,"CSI_DATA,1075565,1a:00:00:00:00:00,-68,11,-99,18,52,11,-1045806596,47,2,256,0,""[0,0,0,0,0,0,0,0,0,0,0,0,-1,-8,-1,-8,-1,-8,-1,-9,-1,-10,-1,-10,0,-10,0,-10,0,-10,0,-10,-1,-11,-1,-11,-1,-10,-2,-11,-2,-10,-3,-11,-3,-11,-3,-12,-3,-11,-2,-11,-1,-11,-2,-10,-3,-10,-3,-10,-4,-10,-4,-9,-5,-9,-5,-8,-6,-8,-7,-8,-8,-8,-8,-8,-8,-8,-7,-8,-8,-7,-8,-6,-8,-5,-9,-5,-9,-4,-9,-3,-9,-2,-10,-1,-11,0,-12,0,-12,0,-12,0,-11,0,-11,0,-10,1,-11,2,-11,3,-11,4,-12,4,-12,5,-11,5,-11,6,-11,6,0,0,0,0,0,0,8,11,8,11,8,11,8,10,8,10,8,9,8,8,10,8,10,9,10,8,10,9,9,8,10,8,10,6,10,6,10,5,10,5,10,4,10,3,11,3,11,3,13,3,12,3,11,3,11,2,11,1,11,1,11,1,11,1,11,1,11,1,10,0,11,0,12,0,13,-1,13,0,13,0,11,1,11,1,11,1,11,0,11,0,10,0,10,0,9,0,9,0,10,0,11,1,10,1,10,2,8,3,8,3,7,2,7,2,7,3,7,3,7,3,0,0,0,0,0,0,0,0,0,0]"""
1782116237351,2026-06-22T17:17:17.351,safe,transition,yja,stand_to_sit,t007,"CSI_DATA,1075566,1a:00:00:00:00:00,-68,11,-99,9,52,11,-1045795098,47,2,256,0,""[0,0,0,0,0,0,0,0,0,0,0,0,-8,2,-8,2,-9,1,-9,1,-10,1,-10,1,-10,1,-10,0,-10,0,-10,0,-10,0,-11,0,-11,0,-12,0,-11,0,-11,0,-12,-1,-12,0,-13,0,-12,0,-11,0,-11,0,-10,0,-10,0,-11,0,-11,0,-11,0,-9,0,-10,1,-10,2,-11,2,-11,3,-12,3,-11,2,-10,2,-9,3,-8,4,-9,4,-8,5,-8,6,-8,5,-8,7,-8,7,-8,8,-9,7,-9,8,-8,7,-9,8,-7,8,-8,10,-8,10,-7,10,-7,11,-8,11,-8,11,-8,11,-8,11,0,0,0,0,0,0,13,8,12,8,12,7,11,7,11,7,11,6,11,6,12,6,13,7,12,6,12,6,10,5,10,5,10,4,10,4,12,5,11,4,12,4,11,3,11,3,11,2,12,3,13,3,13,4,12,3,11,3,11,2,10,2,11,3,11,3,12,3,11,2,12,2,12,2,13,3,13,3,14,4,12,4,12,4,10,4,10,4,10,5,9,5,10,5,9,5,9,5,9,6,9,6,8,7,8,8,6,8,5,7,4,7,4,7,4,7,4,7,4,7,0,0,0,0,0,0,0,0,0,0]"""
1782116237362,2026-06-22T17:17:17.362,safe,transition,yja,stand_to_sit,t007,"CSI_DATA,1075567,1a:00:00:00:00:00,-68,11,-99,17,52,11,-1045784497,47,2,256,0,""[0,0,0,0,0,0,0,0,0,0,0,0,-7,-4,-6,-4,-7,-4,-7,-5,-7,-7,-6,-6,-7,-5,-6,-7,-8,-7,-7,-8,-6,-7,-6,-8,-6,-9,-6,-8,-7,-9,-7,-8,-7,-8,-6,-9,-6,-7,-8,-8,-8,-9,-7,-9,-6,-9,-5,-8,-6,-9,-6,-8,-6,-9,-6,-7,-8,-7,-7,-6,-7,-6,-7,-6,-7,-6,-8,-5,-8,-5,-8,-4,-8,-6,-7,-5,-9,-5,-9,-4,-9,-5,-11,-3,-9,-1,-11,-2,-9,-1,-10,-1,-10,-1,-12,-1,-12,-1,-13,-1,-12,-1,-12,0,-13,-1,-13,1,-14,0,-13,0,-13,0,0,0,0,0,0,0,0,15,-1,16,0,13,1,14,0,14,0,12,1,14,1,13,0,14,0,12,1,11,0,12,2,13,0,14,0,13,1,12,1,12,2,11,1,13,3,12,3,10,2,13,3,10,4,10,2,11,5,11,3,12,2,12,2,12,2,11,2,13,3,12,3,13,3,12,2,12,2,11,2,13,1,12,2,14,1,12,0,13,0,11,0,12,0,12,-1,11,0,11,-1,11,-1,11,-1,8,-2,8,-3,9,-3,9,-3,9,-5,7,-4,6,-4,6,-5,5,0,0,0,0,0,0,0,0,0,0]"""
1782116237373,2026-06-22T17:17:17.373,safe,transition,yja,stand_to_sit,t007,"CSI_DATA,1075568,1a:00:00:00:00:00,-68,11,-99,17,52,11,-1045773596,47,2,256,0,""[0,0,0,0,0,0,0,0,0,0,0,0,-8,-3,-7,-3,-8,-3,-9,-2,-9,-3,-8,-4,-6,-2,-9,-3,-11,-3,-10,-3,-8,-3,-10,-4,-9,-3,-11,-5,-11,-3,-12,-4,-11,-3,-10,-4,-9,-3,-9,0,-10,0,-13,0,-13,-1,-9,-2,-11,-2,-10,-1,-14,-1,-11,0,-10,0,-9,2,-9,0,-7,1,-7,5,-6,5,-9,6,-8,7,-7,5,-7,4,-8,6,-10,5,-7,9,-8,8,-6,7,-5,10,-4,7,-5,8,-1,10,-1,11,-2,13,-1,11,-3,9,-4,13,-2,13,0,11,-2,13,0,13,1,14,0,0,0,0,0,0,16,-3,15,-1,11,-1,13,-3,16,-3,12,-1,13,-1,12,-4,14,-4,9,-3,9,-5,10,-7,11,-7,10,-8,10,-3,11,-6,11,-7,11,-6,9,-8,10,-8,8,-8,7,-8,5,-7,5,-9,6,-11,5,-13,7,-11,7,-7,7,-11,6,-9,9,-11,5,-13,7,-13,7,-11,5,-11,3,-9,2,-11,3,-11,1,-13,5,-13,5,-11,6,-9,7,-11,7,-10,5,-11,7,-9,5,-9,4,-9,4,-6,4,-8,3,-9,4,-8,4,-9,5,-8,6,-4,8,-5,6,-5,0,0,0,0,0,0,0,0,0,0]"""
1782116237385,2026-06-22T17:17:17.385,safe,transition,yja,stand_to_sit,t007,"CSI_DATA,1075569,1a:00:00:00:00:00,-68,11,-99,17,52,11,-1045762492,47,2,256,0,""[0,0,0,0,0,0,0,0,0,0,0,0,-1,-8,0,-7,0,-8,-1,-9,0,-10,-1,-9,-2,-7,-1,-9,-3,-10,-3,-10,-1,-10,-2,-10,-3,-10,-1,-10,-2,-11,-2,-11,-3,-10,-1,-11,-2,-9,-5,-10,-6,-9,-5,-11,-5,-9,-3,-10,-5,-10,-5,-8,-5,-9,-5,-9,-6,-9,-7,-9,-6,-7,-7,-5,-7,-5,-9,-4,-8,-4,-9,-3,-9,-3,-9,-3,-9,-2,-11,-2,-10,-3,-9,0,-10,0,-11,-1,-9,1,-9,2,-10,3,-9,5,-12,5,-12,5,-11,3,-11,5,-11,6,-9,5,-12,4,-11,7,-11,8,0,0,0,0,0,0,10,11,9,11,8,10,8,10,10,8,8,10,10,9,10,8,10,9,11,4,11,4,10,4,13,3,12,4,10,5,12,2,11,2,12,3,13,3,12,1,11,0,12,2,10,0,12,-1,11,0,13,-3,12,-2,11,0,13,-2,13,-3,13,-1,13,-1,12,-2,12,-1,13,-1,11,-3,12,-3,11,-5,11,-5,13,-5,12,-5,11,-1,12,-4,13,-2,12,-1,11,-1,11,-1,11,0,9,-2,9,-1,9,-3,9,-2,10,-2,11,-1,9,0,8,0,9,0,0,0,0,0,0,0,0,0,0,0]"""
1782116237397,2026-06-22T17:17:17.397,safe,transition,yja,stand_to_sit,t007,"CSI_DATA,1075570,1a:00:00:00:00:00,-68,11,-99,15,52,11,-1045750219,47,2,256,0,""[0,0,0,0,0,0,0,0,0,0,0,0,8,-2,7,-1,9,-1,8,-1,10,0,8,-1,10,-2,10,-2,10,-1,11,-4,10,0,10,-2,10,-1,11,-1,10,0,13,0,10,0,12,0,8,-2,9,-3,10,-4,11,-2,11,-3,10,-2,10,-3,10,-3,11,-3,10,-3,10,-4,9,-3,9,-3,6,-5,7,-6,8,-6,7,-8,8,-6,7,-8,7,-5,5,-9,7,-9,5,-8,7,-8,6,-8,5,-10,2,-7,3,-9,5,-10,0,-11,2,-12,2,-13,2,-11,3,-12,2,-12,0,-13,0,-13,0,-13,0,-14,0,0,0,0,0,0,-13,0,-15,0,-10,0,-14,0,-17,2,-12,0,-15,0,-11,1,-13,1,-11,3,-11,2,-13,3,-13,4,-12,6,-12,1,-11,5,-11,6,-12,6,-10,5,-13,5,-10,5,-12,5,-8,6,-8,8,-9,8,-9,8,-11,10,-10,8,-10,9,-10,10,-11,9,-9,8,-13,9,-10,7,-10,7,-7,7,-9,10,-10,8,-8,9,-11,9,-11,8,-11,6,-10,8,-11,7,-10,6,-12,7,-10,3,-11,6,-7,5,-10,5,-9,4,-8,5,-9,3,-10,4,-8,1,-8,1,-8,1,0,0,0,0,0,0,0,0,0,0]"""
1782116237408,2026-06-22T17:17:17.408,safe,transition,yja,stand_to_sit,t007,"CSI_DATA,1075571,1a:00:00:00:00:00,-67,11,-99,15,52,11,-1045738684,47,2,256,0,""[0,0,0,0,0,0,0,0,0,0,0,0,-9,0,-7,0,-9,0,-8,0,-9,0,-9,0,-8,0,-10,0,-9,-2,-11,0,-10,0,-10,-2,-11,-1,-11,-1,-8,0,-13,-1,-10,0,-13,0,-10,-1,-8,0,-10,0,-10,0,-12,0,-10,0,-10,0,-10,0,-10,1,-8,3,-11,2,-8,2,-9,3,-8,2,-8,5,-8,5,-8,6,-8,5,-8,6,-8,5,-8,6,-7,8,-5,8,-8,8,-5,7,-4,10,-4,7,-3,11,-5,9,-2,10,-2,12,-4,12,-2,12,-3,12,0,12,-2,13,-1,12,0,10,0,13,0,0,0,0,0,0,14,0,15,-2,12,0,12,-2,16,-1,11,-3,15,-3,11,-2,13,-5,12,-3,12,-3,13,-5,11,-4,12,-5,10,-5,11,-4,11,-6,10,-7,9,-6,13,-8,9,-7,9,-8,9,-7,8,-9,9,-10,8,-8,10,-10,9,-10,10,-10,10,-10,9,-10,5,-9,10,-11,8,-9,7,-11,7,-9,7,-12,9,-9,7,-11,9,-10,9,-11,9,-9,10,-9,9,-10,7,-9,9,-9,8,-8,7,-10,7,-6,8,-9,8,-6,8,-8,8,-6,9,-5,7,-5,7,-3,7,-3,0,0,0,0,0,0,0,0,0,0]"""
1782116237419,2026-06-22T17:17:17.419,safe,transition,yja,stand_to_sit,t007,"CSI_DATA,1075572,1a:00:00:00:00:00,-67,11,-99,20,51,11,-1045728341,47,2,256,0,""[0,0,0,0,0,0,0,0,0,0,0,0,4,6,4,7,4,9,3,7,3,9,2,10,2,10,2,10,2,9,4,10,3,11,2,10,3,11,3,11,3,9,2,11,3,11,4,10,3,11,5,13,6,11,2,9,3,9,4,11,4,9,3,8,4,8,4,7,4,9,5,8,6,8,7,9,8,8,6,7,6,8,6,5,7,6,9,6,8,6,8,4,7,4,8,4,9,3,11,4,11,4,12,3,11,2,11,1,10,1,12,1,13,1,9,1,11,0,13,0,13,0,12,0,14,0,0,0,0,0,0,0,-2,-14,-2,-13,-3,-14,-3,-13,-2,-11,-2,-12,-3,-14,-3,-13,-4,-13,-4,-12,-4,-13,-5,-12,-3,-11,-5,-12,-6,-12,-6,-10,-5,-11,-6,-10,-6,-9,-6,-11,-8,-9,-9,-9,-9,-11,-11,-11,-10,-10,-8,-9,-9,-9,-10,-10,-9,-9,-10,-9,-9,-9,-9,-8,-10,-9,-10,-8,-10,-8,-10,-11,-12,-11,-11,-9,-11,-10,-9,-9,-9,-10,-11,-11,-9,-9,-8,-9,-8,-8,-7,-10,-6,-10,-8,-10,-7,-10,-7,-10,-5,-8,-5,-9,-5,-8,-4,-10,-4,-10,-2,-7,-2,-7,0,0,0,0,0,0,0,0,0,0]"""
1782116237428,2026-06-22T17:17:17.428,safe,transition,yja,stand_to_sit,t007,"CSI_DATA,1075573,1a:00:00:00:00:00,-67,11,-99,20,51,11,-1045718100,47,2,256,0,""[0,0,0,0,0,0,0,0,0,0,0,0,-1,9,0,7,-1,9,-1,8,-3,10,-1,8,0,8,-1,10,-1,10,-1,11,-3,8,-2,9,-2,11,-3,10,-2,9,-4,12,-3,9,-4,11,-2,9,0,10,0,9,-2,12,-2,11,-4,10,-2,11,-2,10,-2,10,-1,10,-1,11,-1,9,-1,11,1,8,1,9,2,9,4,9,2,8,3,10,1,9,4,9,3,11,3,9,3,11,4,8,4,10,4,5,6,6,7,7,9,6,9,9,9,9,6,9,7,9,7,8,11,9,9,10,9,7,10,6,0,0,0,0,0,0,10,-9,11,-11,6,-9,7,-8,10,-13,8,-8,10,-11,6,-10,10,-11,5,-9,5,-11,6,-12,4,-12,6,-14,7,-10,5,-11,5,-12,6,-12,4,-10,6,-13,4,-11,6,-13,2,-10,1,-13,2,-13,1,-14,2,-15,4,-13,2,-15,3,-13,4,-14,3,-12,4,-15,2,-11,4,-13,2,-11,2,-14,1,-14,0,-15,1,-15,4,-14,6,-12,4,-14,6,-14,5,-12,7,-13,5,-9,6,-11,4,-8,4,-10,5,-9,4,-11,6,-10,6,-9,7,-6,7,-6,7,-5,0,0,0,0,0,0,0,0,0,0]"""
1782116237440,2026-06-22T17:17:17.440,safe,transition,yja,stand_to_sit,t007,"CSI_DATA,1075574,1a:00:00:00:00:00,-67,11,-99,21,51,11,-1045706552,47,2,256,0,""[0,0,0,0,0,0,0,0,0,0,0,0,-4,-5,-4,-4,-6,-7,-5,-6,-5,-7,-5,-7,-4,-8,-7,-9,-5,-7,-5,-10,-5,-8,-4,-8,-5,-8,-5,-9,-5,-8,-6,-10,-5,-8,-7,-10,-5,-10,-4,-9,-5,-10,-6,-8,-6,-9,-6,-9,-6,-9,-6,-8,-7,-7,-5,-6,-7,-9,-6,-7,-7,-5,-6,-5,-9,-6,-8,-5,-7,-5,-8,-3,-8,-3,-8,-3,-9,-4,-9,-3,-9,-2,-11,-3,-9,-1,-11,-1,-9,-1,-13,0,-10,0,-10,1,-11,1,-12,0,-11,0,-11,0,-10,2,-13,2,-12,2,-11,1,-13,3,0,0,0,0,0,0,3,11,5,13,5,11,7,11,5,13,6,10,5,14,5,11,7,10,5,11,7,11,8,11,7,9,7,11,7,10,7,10,8,11,8,10,7,7,9,10,9,7,12,7,9,7,11,7,11,8,10,7,13,7,12,7,10,8,12,7,12,6,11,4,13,9,11,7,12,6,11,7,14,7,13,8,13,7,12,7,12,7,11,8,11,10,11,7,10,7,11,9,9,8,12,7,8,7,10,8,7,8,7,8,7,8,7,9,6,9,4,8,4,8,0,0,0,0,0,0,0,0,0,0]"""
1782116237450,2026-06-22T17:17:17.450,safe,transition,yja,stand_to_sit,t007,"CSI_DATA,1075575,1a:00:00:00:00:00,-67,11,-99,19,51,11,-1045696596,47,2,256,0,""[0,0,0,0,0,0,0,0,0,0,0,0,-2,-8,-1,-10,-1,-6,-2,-9,-2,-8,0,-10,0,-10,1,-10,-2,-10,0,-9,-2,-10,-1,-10,-2,-10,-2,-9,-2,-12,-2,-8,-4,-11,-3,-10,-3,-11,-2,-11,0,-12,-3,-10,-2,-10,-5,-9,-5,-9,-5,-8,-5,-8,-5,-9,-6,-5,-8,-6,-7,-7,-9,-8,-5,-6,-8,-5,-7,-7,-8,-5,-7,-4,-9,-2,-9,-2,-8,-1,-10,-2,-9,0,-10,0,-10,0,-13,0,-9,0,-10,0,-11,0,-9,2,-10,5,-10,7,-10,5,-11,5,-10,5,-9,8,-10,7,-10,7,0,0,0,0,0,0,10,10,8,8,11,10,9,10,8,5,11,8,10,6,13,7,9,5,13,8,11,8,10,7,11,5,10,5,13,3,13,3,12,1,11,1,14,3,12,-1,14,-1,13,0,16,0,13,0,12,0,14,-2,12,0,12,-5,13,-4,11,-4,12,-3,16,-3,10,-7,13,-8,14,-5,15,-8,13,-4,13,-5,15,-3,12,-5,13,-5,13,-8,13,-7,10,-7,13,-6,9,-7,13,-8,11,-5,15,-5,11,-3,11,-3,11,-2,11,-5,9,-3,10,-4,10,-3,10,-2,0,0,0,0,0,0,0,0,0,0]"""
1782116237461,2026-06-22T17:17:17.461,safe,transition,yja,stand_to_sit,t007,"CSI_DATA,1075576,1a:00:00:00:00:00,-67,11,-99,17,51,11,-1045685583,47,2,256,0,""[0,0,0,0,0,0,0,0,0,0,0,0,-1,9,-2,7,-2,10,-2,8,-4,9,-2,8,-1,7,-3,9,-4,9,-2,10,-3,8,-3,8,-4,10,-4,11,-5,9,-5,9,-5,7,-6,8,-4,8,-4,10,-3,11,-4,10,-4,10,-5,8,-4,11,-3,9,-3,9,-3,8,-5,10,-4,12,-3,9,-1,7,0,11,1,8,-1,10,0,6,-1,5,-2,6,0,7,6,14,1,9,0,11,-2,8,1,9,2,8,-4,4,0,8,6,9,-2,13,0,14,1,14,5,19,0,7,6,9,2,12,12,5,6,14,0,0,0,0,0,0,11,-4,12,-8,9,-7,12,-4,12,-8,10,-5,12,-7,10,-6,12,-7,8,-9,10,-6,10,-8,9,-8,11,-11,9,-7,7,-9,8,-10,10,-10,8,-9,10,-10,9,-8,9,-9,7,-9,8,-11,7,-12,8,-11,8,-12,8,-11,7,-12,6,-13,8,-12,8,-11,10,-14,8,-12,10,-12,6,-10,8,-13,8,-12,6,-14,9,-13,9,-13,9,-9,8,-12,10,-11,9,-10,12,-9,11,-7,10,-8,7,-6,10,-8,9,-7,8,-8,10,-7,10,-7,9,-3,10,-4,10,-3,0,0,0,0,0,0,0,0,0,0]"""
1782116237474,2026-06-22T17:17:17.474,safe,transition,yja,stand_to_sit,t007,"CSI_DATA,1075577,1a:00:00:00:00:00,-67,11,-99,20,51,11,-1045672897,47,2,256,0,""[0,0,0,0,0,0,0,0,0,0,0,0,9,0,7,1,10,0,8,0,9,2,8,0,8,1,11,0,10,1,11,0,9,1,10,1,11,0,11,1,9,2,12,1,10,1,11,3,9,0,9,0,10,0,11,0,12,0,10,0,11,-1,11,-1,11,0,9,0,12,0,9,0,9,-1,6,-2,9,-4,7,-4,9,-5,8,-4,8,-6,7,-4,6,-7,7,-6,5,-7,8,-7,6,-6,6,-8,3,-4,4,-7,5,-9,2,-11,4,-11,3,-11,3,-10,4,-12,4,-11,2,-12,2,-11,1,-10,0,-12,0,0,0,0,0,0,-13,0,-15,0,-11,1,-13,0,-15,2,-12,-1,-14,2,-10,2,-14,0,-11,2,-11,3,-12,4,-12,6,-13,7,-11,4,-10,6,-11,7,-12,6,-11,6,-13,8,-9,6,-12,8,-7,9,-9,9,-9,10,-9,11,-9,13,-9,9,-7,11,-7,13,-9,13,-7,12,-11,13,-9,11,-10,11,-5,11,-7,14,-7,13,-5,14,-8,14,-8,14,-9,11,-8,13,-9,13,-8,11,-10,11,-9,9,-9,11,-5,9,-8,10,-7,9,-6,11,-7,10,-8,10,-6,7,-7,8,-8,6,0,0,0,0,0,0,0,0,0,0]"""
1782116237484,2026-06-22T17:17:17.484,safe,transition,yja,stand_to_sit,t007,"CSI_DATA,1075578,1a:00:00:00:00:00,-67,11,-99,18,51,11,-1045663597,47,2,256,0,""[0,0,0,0,0,0,0,0,0,0,0,0,5,5,6,7,2,5,6,8,3,4,6,9,5,10,4,8,5,9,2,6,5,10,5,10,4,9,4,9,5,12,3,7,6,12,3,6,5,13,4,11,3,9,3,9,2,8,4,9,4,9,4,9,3,8,4,10,3,6,6,9,5,7,9,10,6,9,5,7,3,8,6,6,4,5,6,7,6,6,5,4,6,8,6,2,10,4,6,4,13,6,7,5,10,4,9,6,8,3,9,2,12,3,10,0,13,3,11,1,11,0,14,2,12,2,0,0,0,0,0,0,1,-15,0,-8,1,-16,1,-13,0,-8,1,-16,0,-9,0,-15,0,-9,1,-17,0,-15,0,-11,-1,-13,1,-9,-1,-14,-1,-13,-3,-12,-2,-11,-2,-14,-2,-8,-5,-13,-3,-9,-6,-16,-3,-14,-4,-12,-3,-11,-3,-10,-5,-14,-5,-13,-6,-12,-4,-11,-5,-15,-5,-9,-7,-14,-5,-11,-8,-20,-3,-15,-5,-14,-3,-15,-3,-13,-3,-12,-6,-15,-3,-14,-3,-12,-3,-15,-4,-9,-4,-16,0,-11,-2,-19,0,-13,0,-13,2,-12,0,-10,1,-10,1,-13,1,-11,2,-11,0,0,0,0,0,0,0,0,0,0]"""
1782116237495,2026-06-22T17:17:17.495,safe,transition,yja,stand_to_sit,t007,"CSI_DATA,1075579,1a:00:00:00:00:00,-67,11,-99,18,51,11,-1045651991,47,2,256,0,""[0,0,0,0,0,0,0,0,0,0,0,0,3,6,3,6,5,9,3,7,3,10,4,6,5,7,3,8,4,8,5,11,2,9,3,8,3,9,3,10,3,10,4,10,3,9,3,11,3,9,2,10,4,12,4,9,5,10,2,9,3,10,3,9,3,9,3,8,4,10,3,8,3,8,4,6,6,6,6,6,7,6,8,5,7,5,6,6,8,5,9,6,6,5,9,6,7,3,10,5,6,2,9,2,9,2,10,-1,12,1,12,1,10,3,12,2,12,1,11,0,11,2,11,0,12,0,0,0,0,0,0,0,0,-13,0,-16,0,-11,-1,-12,-1,-15,0,-12,0,-14,-1,-11,0,-14,-3,-10,-4,-11,-4,-11,-6,-13,-4,-14,-3,-12,-5,-11,-4,-11,-4,-13,-5,-11,-7,-13,-6,-10,-7,-13,-6,-8,-8,-9,-9,-11,-11,-10,-10,-11,-8,-12,-10,-10,-10,-10,-10,-12,-9,-9,-11,-13,-9,-11,-10,-13,-9,-7,-12,-9,-12,-9,-13,-9,-13,-10,-12,-11,-8,-11,-11,-11,-9,-14,-9,-12,-9,-12,-6,-10,-8,-13,-6,-8,-7,-10,-7,-9,-8,-9,-7,-11,-7,-10,-3,-11,-3,-10,-2,-10,0,0,0,0,0,0,0,0,0,0]"""
1782116237506,2026-06-22T17:17:17.506,safe,transition,yja,stand_to_sit,t007,"CSI_DATA,1075580,1a:00:00:00:00:00,-67,11,-99,12,51,11,-1045640974,47,2,256,0,""[0,0,0,0,0,0,0,0,0,0,0,0,3,-1,-25,-13,-4,5,-25,2,-11,9,-6,-9,12,6,-14,-8,-14,-10,4,-2,-9,5,-8,-4,-3,-2,-12,0,-11,-10,-8,0,-12,1,-9,0,-9,-1,-5,-3,-13,-1,-11,0,-11,2,-8,-1,-8,0,-8,0,-10,-2,-9,0,-11,0,-7,1,-11,1,-8,3,-7,3,-7,4,-8,3,-7,4,-10,5,-8,3,-8,6,-8,5,-7,5,-9,6,-7,4,-7,5,-5,5,-5,8,-5,7,-4,10,-6,9,-5,10,-6,7,-6,9,-7,9,-5,13,-5,9,-3,10,-4,12,0,0,0,0,0,0,11,5,14,5,9,3,13,4,14,4,11,4,14,3,10,1,14,5,11,0,12,0,13,1,14,-1,14,-2,12,1,12,-1,12,-1,13,-1,12,0,14,-1,11,-2,16,-2,10,-3,11,-5,13,-4,14,-6,15,-5,13,-3,12,-6,13,-6,15,-6,13,-6,15,-6,13,-5,15,-6,11,-6,12,-8,12,-7,12,-9,13,-9,14,-8,14,-4,13,-7,15,-6,13,-5,15,-5,13,-3,14,-3,10,-3,12,-4,11,-4,11,-5,12,-4,12,-4,12,-1,11,-1,10,0,0,0,0,0,0,0,0,0,0,0]"""
1782116237518,2026-06-22T17:17:17.518,safe,transition,yja,stand_to_sit,t007,"CSI_DATA,1075581,1a:00:00:00:00:00,-67,11,-99,19,51,11,-1045629305,47,2,256,0,""[0,0,0,0,0,0,0,0,0,0,0,0,-8,-2,-6,-2,-8,-3,-7,-2,-8,-4,-7,-2,-8,-2,-10,-3,-10,-2,-10,-3,-9,-4,-10,-3,-9,-2,-10,-4,-9,-2,-11,-4,-9,-2,-11,-6,-8,-3,-9,0,-9,-1,-11,-2,-11,-2,-9,-3,-10,-2,-10,-2,-10,-2,-9,-1,-10,-1,-8,0,-10,0,-6,1,-9,1,-8,1,-9,2,-10,2,-10,3,-9,1,-8,4,-9,3,-8,3,-10,5,-8,4,-8,5,-5,5,-6,7,-6,8,-5,9,-6,9,-6,10,-5,7,-6,8,-7,9,-6,11,-6,10,-3,11,-5,12,0,0,0,0,0,0,11,4,13,5,10,2,13,5,15,4,11,4,14,3,10,1,14,3,11,0,11,0,13,0,14,-2,15,-3,13,0,13,-2,13,-3,13,-2,12,-3,16,-5,12,-3,13,-4,9,-5,10,-6,11,-6,13,-8,13,-10,12,-6,12,-8,13,-9,13,-9,11,-9,14,-11,12,-8,14,-10,8,-9,10,-12,10,-12,10,-12,12,-13,12,-12,13,-8,11,-11,13,-10,11,-9,13,-10,10,-8,13,-10,8,-7,10,-9,10,-9,9,-10,10,-8,10,-8,10,-5,10,-5,9,-4,0,0,0,0,0,0,0,0,0,0]"""
1782116237528,2026-06-22T17:17:17.528,safe,transition,yja,stand_to_sit,t007,"CSI_DATA,1075582,1a:00:00:00:00:00,-67,11,-99,19,51,11,-1045618553,47,2,256,0,""[0,0,0,0,0,0,0,0,0,0,0,0,-5,-4,-6,-5,-5,-5,-7,-7,-5,-5,-6,-8,-6,-7,-5,-7,-4,-7,-5,-7,-8,-7,-7,-6,-8,-7,-7,-7,-8,-7,-5,-7,-7,-8,-7,-8,-8,-9,-6,-10,-7,-9,-7,-7,-6,-7,-9,-8,-8,-6,-7,-6,-7,-5,-8,-6,-7,-5,-8,-5,-7,-4,-10,-6,-8,-5,-8,-4,-8,-4,-7,-3,-8,-2,-10,0,-10,-1,-8,0,-9,0,-7,0,-10,0,-10,0,-10,0,-10,0,-10,0,-10,1,-9,1,-9,3,-11,5,-7,5,-9,6,-9,4,-10,7,-10,7,-13,7,0,0,0,0,0,0,10,8,8,10,10,12,8,9,8,7,9,10,8,8,10,10,10,8,12,8,10,9,10,7,10,6,10,7,13,5,13,4,12,4,12,4,12,3,11,3,13,3,12,2,16,3,14,2,14,1,13,2,12,1,15,-1,16,-2,14,-2,14,-1,14,0,14,-1,16,-2,15,-2,18,-1,18,0,17,0,16,0,14,0,16,-1,16,-3,16,-2,14,-2,15,-1,14,-1,16,0,14,0,17,0,14,1,13,0,13,2,12,1,13,0,13,0,10,1,10,2,0,0,0,0,0,0,0,0,0,0]"""
1782116237539,2026-06-22T17:17:17.539,safe,transition,yja,stand_to_sit,t007,"CSI_DATA,1075583,1a:00:00:00:00:00,-66,11,-99,19,51,11,-1045608497,47,2,256,0,""[0,0,0,0,0,0,0,0,0,0,0,0,-8,-2,-6,-2,-8,-3,-8,-1,-9,-5,-7,-3,-7,-3,-8,-4,-9,-5,-9,-4,-6,-7,-8,-7,-8,-7,-8,-8,-7,-8,-6,-9,-6,-9,-5,-11,-6,-7,-5,-8,-6,-9,-7,-8,-6,-10,-3,-8,-5,-8,-5,-8,-3,-9,-4,-8,-5,-8,-3,-8,-3,-9,-5,-5,-5,-6,-6,-7,-6,-5,-7,-8,-7,-7,-2,-8,-6,-6,-6,-9,-6,-8,-5,-7,-4,-8,-7,-8,-5,-7,-6,-6,-8,-6,-9,-5,-9,-8,-9,-6,-7,-7,-8,-8,-7,-8,-8,-8,-7,-8,-8,-7,-7,-8,0,0,0,0,0,0,-10,9,-11,9,-8,7,-10,8,-10,9,-10,6,-11,9,-9,8,-12,8,-8,7,-8,8,-8,9,-9,11,-9,12,-9,7,-9,10,-9,9,-11,8,-10,8,-10,10,-8,9,-12,8,-8,8,-7,10,-8,10,-10,13,-10,11,-10,7,-11,10,-9,11,-13,11,-11,11,-13,11,-12,9,-14,9,-11,9,-10,9,-10,13,-11,12,-14,10,-14,9,-13,4,-14,8,-16,5,-15,4,-15,3,-14,2,-15,2,-12,2,-13,3,-13,2,-13,3,-14,1,-14,0,-11,-2,-12,-2,-10,-3,0,0,0,0,0,0,0,0,0,0]"""
1782116237549,2026-06-22T17:17:17.549,safe,transition,yja,stand_to_sit,t007,"CSI_DATA,1075584,1a:00:00:00:00:00,-67,11,-99,10,51,11,-1045597469,47,2,256,0,""[0,0,0,0,0,0,0,0,0,0,0,0,0,-7,2,-9,0,-7,2,-10,1,-7,3,-9,2,-9,2,-9,1,-10,4,-8,3,-9,4,-10,3,-9,4,-9,4,-10,3,-8,3,-12,3,-10,4,-11,2,-8,3,-6,4,-10,3,-8,4,-9,3,-8,2,-8,2,-7,4,-10,1,-7,1,-10,2,-9,1,-12,1,-8,0,-9,1,-9,0,-8,0,-9,-1,-8,-1,-8,-1,-7,-1,-9,-2,-8,-4,-10,-2,-8,-4,-12,-3,-10,-6,-8,-4,-9,-6,-8,-5,-8,-6,-9,-6,-9,-7,-10,-7,-9,-7,-8,-8,-9,-8,-8,0,0,0,0,0,0,-9,9,-7,7,-9,11,-9,10,-7,8,-8,10,-6,8,-8,12,-7,8,-7,12,-4,12,-6,11,-4,12,-5,9,-4,12,-5,12,-5,10,-5,10,-6,14,-1,10,-2,14,-2,11,-3,15,-2,14,0,12,-2,15,-1,11,-1,13,-2,13,0,14,-2,13,-1,17,1,12,0,15,1,15,0,20,-1,15,2,15,0,17,1,15,0,14,1,16,0,15,0,13,-1,16,1,13,1,16,-2,14,-2,19,-1,13,0,15,-2,12,-1,13,-4,10,-4,12,-4,11,-4,12,0,0,0,0,0,0,0,0,0,0]"""
1782116237563,2026-06-22T17:17:17.563,safe,transition,yja,stand_to_sit,t007,"CSI_DATA,1075585,1a:00:00:00:00:00,-67,11,-99,14,52,11,-1045583987,47,2,256,0,""[0,0,0,0,0,0,0,0,0,0,0,0,0,-8,0,-6,0,-9,0,-7,1,-10,1,-6,0,-8,0,-10,1,-9,1,-12,2,-8,2,-9,3,-9,2,-10,2,-8,3,-13,3,-7,2,-11,3,-7,0,-9,3,-11,3,-9,3,-12,3,-8,3,-8,3,-9,3,-10,1,-8,2,-13,1,-8,2,-9,0,-5,0,-10,0,-9,1,-5,-1,-9,0,-10,2,-13,0,-9,-1,-10,-7,-8,-4,-6,-1,-4,-10,-13,1,-6,-5,-9,-5,-6,-2,-1,-8,-9,-6,-11,0,-16,-4,-9,-6,-7,-13,-15,-6,-9,-5,-9,-9,-4,0,0,0,0,0,0,-8,7,-9,12,-6,6,-5,11,-11,12,-7,7,-8,14,-4,9,-8,12,-4,9,-5,10,-6,13,-6,11,-6,14,-6,11,-6,9,-4,12,-4,13,-2,10,-4,15,-2,9,-2,15,-1,10,-1,13,-2,15,-1,14,-1,16,-2,13,-2,15,0,16,0,16,0,12,-1,19,0,12,1,16,0,12,2,17,-1,16,1,15,0,16,0,17,0,14,-3,16,-2,18,0,13,-1,17,-2,11,0,16,0,9,-1,13,-2,13,-2,13,-3,12,-4,14,-4,10,-4,9,-4,9,0,0,0,0,0,0,0,0,0,0]"""
1782116237572,2026-06-22T17:17:17.572,safe,transition,yja,stand_to_sit,t007,"CSI_DATA,1075586,1a:00:00:00:00:00,-67,11,-99,19,51,11,-1045575348,47,2,256,0,""[0,0,0,0,0,0,0,0,0,0,0,0,-8,1,-8,0,-8,0,-9,1,-9,0,-8,0,-8,0,-9,0,-9,0,-10,-2,-9,-1,-10,-1,-10,0,-10,-1,-12,-1,-10,0,-10,0,-10,-1,-10,-2,-9,0,-8,0,-13,0,-9,-2,-10,-1,-11,-2,-9,-1,-9,-2,-10,-1,-10,0,-9,1,-9,0,-9,1,-9,0,-9,2,-9,0,-9,2,-8,2,-8,3,-8,3,-9,3,-9,5,-6,5,-7,5,-8,6,-8,6,-8,5,-6,8,-8,7,-8,9,-8,9,-7,9,-6,10,-6,9,-5,8,-5,11,-6,10,-5,10,0,0,0,0,0,0,13,5,12,6,13,4,12,4,10,4,12,3,12,2,13,2,11,2,11,2,12,2,10,3,14,0,12,2,12,0,13,0,13,0,12,0,13,0,12,-3,12,-4,13,-3,13,-2,13,-4,12,-3,14,-5,13,-4,13,-5,14,-5,13,-4,13,-4,15,-5,12,-9,13,-8,14,-8,14,-8,13,-6,14,-8,15,-6,14,-7,15,-5,14,-7,15,-5,13,-6,14,-5,12,-8,13,-8,13,-6,13,-4,12,-4,13,-4,13,-2,13,-4,13,-2,11,-2,12,-1,11,-1,0,0,0,0,0,0,0,0,0,0]"""
1782116237585,2026-06-22T17:17:17.585,safe,transition,yja,stand_to_sit,t007,"CSI_DATA,1075587,1a:00:00:00:00:00,-67,11,-99,16,52,11,-1045561155,47,2,256,0,""[0,0,0,0,0,0,0,0,0,0,0,0,-5,6,-5,5,-6,6,-5,5,-7,6,-7,4,-6,4,-9,6,-8,3,-9,6,-8,4,-9,3,-9,4,-9,3,-8,3,-12,3,-10,3,-11,2,-9,1,-8,3,-10,4,-9,1,-11,3,-9,1,-10,1,-9,2,-10,1,-8,2,-11,1,-9,1,-9,1,-6,2,-9,3,-8,2,-8,3,-9,2,-9,3,-9,2,-9,3,-9,4,-6,4,-10,3,-8,2,-7,4,-7,2,-8,7,-8,4,-7,6,-9,6,-9,6,-7,4,-9,5,-9,5,-10,7,-8,6,-9,6,-9,8,0,0,0,0,0,0,7,9,9,10,8,8,8,10,8,12,6,8,9,11,8,6,9,9,7,8,8,7,9,9,8,9,11,9,8,7,8,9,9,7,9,8,9,6,12,11,9,8,11,9,9,7,10,6,13,8,10,7,13,9,11,7,11,8,13,8,13,9,12,6,13,11,11,9,14,9,9,7,14,7,11,10,13,8,12,11,11,11,10,11,11,12,10,11,10,11,10,13,6,11,10,11,5,9,8,12,5,11,7,10,4,12,5,12,2,10,1,11,0,10,0,0,0,0,0,0,0,0,0,0]"""
1782116237594,2026-06-22T17:17:17.594,safe,transition,yja,stand_to_sit,t007,"CSI_DATA,1075588,1a:00:00:00:00:00,-67,11,-99,18,51,11,-1045553537,47,2,256,0,""[0,0,0,0,0,0,0,0,0,0,0,0,3,-7,5,-5,4,-7,3,-6,5,-6,5,-6,4,-6,6,-6,5,-8,6,-8,8,-6,6,-6,6,-7,7,-7,6,-7,7,-9,7,-7,8,-7,5,-6,7,-8,7,-9,6,-8,7,-8,6,-6,6,-6,7,-6,6,-6,6,-7,5,-7,5,-6,6,-8,3,-7,3,-8,3,-9,2,-7,3,-9,2,-9,3,-8,2,-9,2,-10,1,-9,0,-9,1,-10,0,-9,0,-8,0,-9,-1,-9,-3,-8,-2,-11,-2,-10,-2,-9,-2,-11,-3,-10,-2,-10,-3,-10,-3,-11,-6,-10,0,0,0,0,0,0,-12,6,-12,6,-9,5,-11,6,-11,7,-10,6,-9,8,-9,7,-9,7,-9,8,-7,9,-8,8,-8,9,-8,10,-9,7,-8,9,-6,9,-7,10,-7,10,-6,12,-4,11,-6,12,-4,10,-2,12,-4,12,-2,15,-4,14,-6,13,-3,14,-3,14,-4,15,-3,15,-2,16,-2,14,-3,15,0,13,0,15,-1,15,0,16,-1,17,-2,16,-4,15,-2,16,-4,15,-3,15,-3,16,-3,13,-3,13,-3,10,-2,13,-2,13,-3,13,-2,13,-4,11,-5,9,-5,10,-5,9,0,0,0,0,0,0,0,0,0,0]"""
1782116237605,2026-06-22T17:17:17.605,safe,transition,yja,stand_to_sit,t007,"CSI_DATA,1075589,1a:00:00:00:00:00,-67,11,-99,19,51,11,-1045541693,47,2,256,0,""[0,0,0,0,0,0,0,0,0,0,0,0,0,-8,1,-6,3,-7,2,-8,2,-8,3,-8,4,-8,3,-10,5,-7,2,-9,4,-9,3,-9,3,-8,4,-8,4,-8,8,-9,8,-8,6,-8,6,-8,8,-8,7,-10,7,-5,5,-9,5,-8,4,-8,5,-8,6,-8,5,-7,8,-7,6,-6,6,-7,5,-7,5,-8,5,-7,5,-7,5,-6,5,-8,5,-9,3,-9,4,-8,3,-8,5,-8,5,-9,2,-8,3,-8,3,-10,3,-9,1,-9,4,-10,2,-9,2,-10,2,-9,2,-10,2,-11,0,-11,1,-11,1,-13,0,0,0,0,0,0,-11,0,-12,-1,-12,0,-12,-3,-13,-2,-12,-2,-13,-2,-12,-1,-12,-1,-12,-1,-13,-2,-13,0,-11,-1,-11,1,-12,1,-11,1,-11,3,-12,2,-10,2,-13,0,-13,0,-13,2,-13,2,-13,2,-13,4,-13,1,-14,4,-13,5,-13,5,-14,5,-14,5,-13,4,-16,2,-16,2,-15,3,-14,3,-16,4,-15,3,-15,4,-15,1,-15,2,-16,2,-15,2,-15,2,-15,2,-16,-1,-14,-2,-14,0,-13,-2,-15,-2,-13,-2,-12,0,-12,-4,-12,-2,-11,-2,-10,-3,-10,-4,0,0,0,0,0,0,0,0,0,0]"""
1782116237615,2026-06-22T17:17:17.615,safe,transition,yja,stand_to_sit,t007,"CSI_DATA,1075590,1a:00:00:00:00:00,-67,11,-99,18,51,11,-1045531567,47,2,256,0,""[0,0,0,0,0,0,0,0,0,0,0,0,4,-6,4,-6,4,-6,5,-6,4,-6,5,-6,5,-7,5,-5,6,-8,8,-6,7,-6,8,-6,8,-6,7,-7,9,-6,6,-7,7,-7,8,-6,9,-7,7,-9,6,-6,7,-8,7,-5,7,-6,8,-6,6,-5,8,-5,8,-7,3,-9,3,-9,5,-7,6,-6,4,-7,4,-8,7,-6,2,-8,5,-7,3,-13,2,-8,2,-8,0,-7,0,-4,0,-7,-3,-11,4,-12,0,-8,0,-8,8,-4,-3,-11,0,-12,0,-19,-2,-10,-2,-10,-9,-12,-3,-9,-3,-13,-4,-6,0,0,0,0,0,0,-12,5,-11,6,-10,6,-9,8,-9,4,-10,6,-7,8,-10,10,-9,10,-8,8,-10,8,-10,7,-8,10,-8,6,-4,8,-8,7,-8,9,-3,10,-10,12,-3,8,-6,6,-8,13,-8,13,0,10,0,13,-6,14,0,13,-8,7,-4,11,-4,9,-4,9,-4,14,0,15,-5,13,-3,15,-3,15,3,18,0,19,-3,13,1,19,0,15,-2,13,-3,12,0,15,-3,13,0,15,-3,12,-3,15,-3,15,-2,13,-2,13,-5,11,-3,12,-6,11,-4,10,-5,10,-6,9,0,0,0,0,0,0,0,0,0,0]"""
1782116237626,2026-06-22T17:17:17.627,safe,transition,yja,stand_to_sit,t007,"CSI_DATA,1075591,1a:00:00:00:00:00,-67,11,-99,18,52,11,-1045520328,47,2,256,0,""[0,0,0,0,0,0,0,0,0,0,0,0,7,0,8,0,8,0,8,0,8,0,8,0,10,1,8,0,8,1,10,2,11,0,10,1,10,1,9,1,9,1,11,2,11,1,10,0,10,3,10,2,9,0,9,1,10,1,10,0,10,0,9,0,8,0,8,0,10,0,8,0,8,-1,9,-1,10,-1,9,-1,8,-1,7,-2,9,-3,8,-4,8,-3,7,-4,6,-4,7,-5,6,-5,6,-6,8,-6,8,-8,5,-6,6,-6,6,-4,6,-7,6,-9,5,-8,3,-9,5,-10,5,-10,5,-9,6,-12,0,0,0,0,0,0,-11,-3,-10,-2,-12,-3,-11,-3,-11,-2,-11,-1,-12,-2,-11,-1,-13,0,-13,0,-13,-1,-11,1,-10,0,-12,0,-13,2,-11,3,-12,3,-11,2,-9,2,-11,4,-10,5,-12,5,-12,5,-12,6,-11,6,-10,6,-11,7,-11,8,-10,8,-10,8,-10,8,-9,8,-11,8,-9,10,-10,11,-12,10,-13,12,-10,10,-10,11,-10,9,-10,11,-11,12,-10,10,-10,10,-10,10,-10,10,-10,9,-11,10,-11,9,-11,9,-10,8,-10,7,-8,6,-10,6,-10,7,-8,5,-9,5,0,0,0,0,0,0,0,0,0,0]"""
1782116237638,2026-06-22T17:17:17.638,safe,transition,yja,stand_to_sit,t007,"CSI_DATA,1075592,1a:00:00:00:00:00,-67,11,-99,16,52,11,-1045509074,47,2,256,0,""[0,0,0,0,0,0,0,0,0,0,0,0,-6,-1,-8,0,-8,-2,-9,-2,-8,-2,-9,-4,-8,-3,-7,-4,-7,-4,-8,-3,-9,-4,-8,-4,-9,-5,-8,-5,-9,-5,-6,-7,-8,-7,-7,-6,-10,-9,-7,-7,-6,-8,-6,-7,-7,-6,-8,-6,-6,-6,-6,-7,-6,-5,-7,-5,-6,-7,-7,-7,-5,-6,-7,-7,-8,-5,-6,-6,-8,-6,-6,-4,-6,-4,-7,-4,-8,-4,-7,-4,-8,-3,-7,-4,-9,-5,-9,-2,-9,-4,-10,-2,-8,-3,-9,-2,-10,-3,-9,-1,-11,-3,-9,-3,-9,-2,-10,-2,-11,-2,-11,-2,-10,-2,0,0,0,0,0,0,-1,11,-2,11,-2,14,-2,11,-2,9,-1,12,-2,11,-2,13,0,11,-2,13,-2,13,0,12,-2,9,0,11,0,12,0,10,0,11,0,12,1,11,-1,11,0,12,1,10,0,14,1,14,2,14,1,11,2,11,3,14,3,13,2,13,2,12,2,14,1,14,1,15,2,13,2,17,3,16,1,15,2,15,0,13,1,13,0,16,0,15,0,13,0,15,-3,13,-2,15,-1,13,-3,14,-2,14,-3,12,-3,12,-4,11,-4,11,-5,12,-5,9,-6,9,0,0,0,0,0,0,0,0,0,0]"""
1782116237649,2026-06-22T17:17:17.649,safe,transition,yja,stand_to_sit,t007,"CSI_DATA,1075593,1a:00:00:00:00:00,-67,11,-99,16,52,11,-1045498092,47,2,256,0,""[0,0,0,0,0,0,0,0,0,0,0,0,2,6,2,9,1,5,2,9,2,5,2,10,2,11,0,8,2,9,0,7,1,10,0,10,1,10,2,8,2,11,1,7,3,12,2,7,1,12,2,11,2,8,1,9,1,7,2,9,2,9,2,9,2,8,4,10,3,5,4,8,4,7,6,11,4,7,5,6,5,6,5,6,4,5,8,6,6,5,5,4,7,6,6,2,11,3,6,2,11,5,9,3,9,3,10,3,9,2,8,1,12,1,8,0,12,0,9,0,11,-2,12,0,11,-2,0,0,0,0,0,0,-2,-12,-2,-9,-4,-15,-3,-11,-2,-8,-4,-12,-3,-8,-6,-12,-4,-7,-7,-13,-6,-11,-5,-9,-6,-9,-4,-8,-7,-10,-7,-9,-7,-8,-8,-8,-9,-9,-8,-5,-12,-6,-8,-5,-13,-7,-12,-6,-10,-4,-10,-4,-9,-4,-13,-4,-13,-3,-11,-4,-10,-4,-15,-5,-11,0,-15,0,-13,-2,-20,-4,-14,-3,-16,-1,-14,-4,-13,-2,-12,-2,-16,-1,-14,-1,-12,-2,-15,-3,-11,0,-16,0,-11,-2,-19,-4,-11,-3,-13,-2,-11,-4,-11,-2,-9,-3,-12,-4,-11,-4,-11,-5,0,0,0,0,0,0,0,0,0,0]"""
1782116237660,2026-06-22T17:17:17.660,safe,transition,yja,stand_to_sit,t007,"CSI_DATA,1075594,1a:00:00:00:00:00,-67,11,-99,12,52,11,-1045486816,47,2,256,0,""[0,0,0,0,0,0,0,0,0,0,0,0,-23,-13,-16,15,6,-11,-6,7,-5,7,-8,-11,14,0,0,-8,1,-19,-4,11,-2,-10,0,-2,-7,-7,0,-11,-11,-8,0,-11,-1,-5,0,-8,-4,-9,0,-9,-2,-7,-4,-12,-3,-7,0,-8,-2,-10,-1,-10,0,-11,-2,-11,-2,-7,-1,-8,-2,-9,-4,-6,-3,-7,-4,-6,-5,-6,-4,-8,-5,-7,-3,-6,-5,-5,-4,-7,-4,-7,-5,-6,-4,-7,-4,-8,-5,-6,-5,-5,-7,-5,-7,-5,-8,-5,-8,-6,-7,-6,-8,-8,-8,-7,-7,-6,-8,-7,-10,-6,-9,-5,0,0,0,0,0,0,-6,8,-7,10,-6,9,-7,10,-7,10,-8,9,-6,9,-6,9,-6,10,-5,9,-6,10,-4,9,-4,12,-4,10,-6,9,-4,10,-3,11,-5,11,-5,13,-4,10,-4,10,-4,10,-1,11,-1,12,0,11,0,14,0,12,-3,12,-1,13,0,14,-3,14,-3,15,-3,15,-3,14,-4,13,0,13,0,14,0,14,0,15,-2,16,-2,14,-5,13,-2,14,-5,14,-5,14,-5,13,-5,12,-7,12,-5,12,-5,11,-4,12,-5,11,-5,12,-6,11,-6,7,-6,8,-8,8,0,0,0,0,0,0,0,0,0,0]"""
1782116237670,2026-06-22T17:17:17.670,safe,transition,yja,stand_to_sit,t007,"CSI_DATA,1075595,1a:00:00:00:00:00,-67,11,-99,19,52,11,-1045476550,47,2,256,0,""[0,0,0,0,0,0,0,0,0,0,0,0,1,-6,2,-5,2,-8,4,-6,4,-9,3,-6,1,-7,3,-9,4,-7,3,-10,2,-7,2,-9,3,-8,5,-9,4,-9,6,-9,3,-9,4,-9,4,-7,4,-8,1,-12,5,-8,0,-10,3,-7,3,-9,1,-9,3,-9,2,-7,3,-8,2,-9,0,-8,2,-6,0,-9,0,-7,0,-8,-1,-10,-3,-10,-1,-8,0,-8,-1,-9,-3,-9,-2,-10,-2,-7,-4,-9,-4,-4,-6,-7,-5,-7,-7,-7,-6,-9,-7,-7,-4,-7,-7,-9,-8,-8,-8,-7,-8,-8,-7,-7,-8,-5,0,0,0,0,0,0,-7,10,-7,11,-4,7,-5,9,-5,12,-4,9,-6,12,-4,9,-3,13,-2,9,-1,9,-1,12,-2,13,0,13,-1,10,0,11,0,12,0,13,0,11,1,15,0,10,3,14,1,9,2,10,4,12,4,12,6,14,5,11,5,12,7,13,7,13,8,10,5,16,4,13,7,13,4,9,9,12,6,13,10,10,8,14,9,13,7,10,7,14,8,16,7,12,6,14,4,12,9,12,4,8,7,12,6,10,8,10,5,12,6,12,3,10,3,10,4,9,0,0,0,0,0,0,0,0,0,0]"""
1782116237681,2026-06-22T17:17:17.681,safe,transition,yja,stand_to_sit,t007,"CSI_DATA,1075596,1a:00:00:00:00:00,-67,11,-99,17,52,11,-1045465492,47,2,256,0,""[0,0,0,0,0,0,0,0,0,0,0,0,-5,-5,-4,-5,-7,-5,-4,-4,-5,-7,-5,-4,-5,-5,-7,-7,-6,-6,-7,-5,-6,-6,-7,-6,-6,-5,-6,-7,-5,-6,-7,-8,-7,-6,-7,-9,-5,-5,-5,-5,-5,-5,-7,-6,-9,-6,-5,-6,-7,-5,-7,-4,-7,-7,-8,-5,-8,-6,-6,-4,-7,-4,-6,-1,-7,-2,-7,-1,-9,-1,-8,-2,-8,-1,-8,-2,-8,0,-8,0,-9,0,-9,-1,-8,0,-8,0,-7,2,-8,2,-7,3,-6,4,-9,3,-9,4,-6,3,-9,3,-8,3,-8,6,-10,5,-7,4,-9,7,0,0,0,0,0,0,7,9,8,10,6,6,8,9,11,9,7,8,10,9,8,6,9,8,9,5,9,5,11,4,11,5,12,3,9,4,10,3,11,3,12,3,10,1,12,3,11,1,12,2,9,0,12,0,12,-1,13,-1,14,-2,12,0,13,-3,13,-3,14,-3,13,-3,17,-1,12,-1,14,-2,10,-3,14,-5,13,-4,13,-6,15,-5,14,-5,13,-3,14,-4,15,-4,13,-3,16,-2,13,-1,14,-3,9,-3,13,-3,12,-3,12,-5,12,-2,12,-4,11,0,11,-1,11,0,0,0,0,0,0,0,0,0,0,0]"""
1782116237692,2026-06-22T17:17:17.692,safe,transition,yja,stand_to_sit,t007,"CSI_DATA,1075597,1a:00:00:00:00:00,-67,11,-99,2,53,11,-1045454597,47,2,256,0,""[0,0,0,0,0,0,0,0,0,0,0,0,4,-4,6,-4,6,-4,6,-4,6,-3,6,-4,6,-4,7,-3,7,-5,7,-3,8,-2,7,-3,7,-4,8,-3,10,-2,7,-2,8,-2,9,0,9,-2,7,-1,7,0,9,-2,8,-1,9,-1,8,-2,7,-2,7,-1,8,-1,7,-2,7,-1,7,-1,7,-2,6,-2,7,-2,7,-3,7,-3,5,-3,6,-2,6,-4,6,-3,7,-3,6,-4,6,-4,7,-2,6,-4,5,-4,6,-5,5,-6,6,-6,6,-6,6,-6,6,-7,7,-6,6,-6,6,-6,6,-8,7,-6,0,0,0,0,0,0,-7,-9,-7,-7,-7,-7,-6,-8,-7,-6,-6,-8,-7,-6,-7,-8,-6,-7,-8,-7,-7,-6,-7,-6,-8,-6,-8,-6,-7,-6,-8,-6,-8,-4,-8,-6,-9,-7,-8,-4,-8,-5,-8,-6,-10,-5,-10,-4,-8,-4,-12,-4,-10,-4,-9,-4,-11,-4,-10,-4,-10,-6,-12,-7,-10,-5,-12,-6,-10,-6,-13,-5,-10,-6,-12,-4,-12,-6,-12,-7,-11,-6,-10,-7,-11,-6,-10,-8,-9,-9,-9,-7,-9,-9,-7,-8,-8,-8,-6,-8,-8,-8,-7,-8,-7,-9,-6,-8,-4,-8,-4,-9,-3,-9,0,0,0,0,0,0,0,0,0,0]"""
1782116237708,2026-06-22T17:17:17.708,safe,transition,yja,stand_to_sit,t007,"CSI_DATA,1075598,1a:00:00:00:00:00,-67,11,-99,18,52,11,-1045438980,47,2,256,0,""[0,0,0,0,0,0,0,0,0,0,0,0,3,-6,1,-6,3,-7,2,-7,4,-7,4,-7,4,-8,5,-8,4,-6,4,-7,5,-8,5,-7,5,-8,4,-6,3,-6,6,-8,5,-6,5,-9,6,-8,6,-6,6,-6,3,-7,5,-6,5,-8,4,-7,5,-7,5,-7,3,-6,4,-8,2,-8,2,-8,3,-8,2,-8,1,-7,1,-8,1,-6,0,-7,0,-8,0,-7,0,-7,0,-7,0,-8,-1,-7,-3,-8,-2,-10,-1,-10,-2,-8,-2,-8,-2,-7,-4,-8,-5,-9,-3,-7,-4,-8,-5,-11,-6,-8,-4,-9,-6,-9,0,0,0,0,0,0,-8,6,-8,7,-8,8,-9,8,-9,7,-8,7,-9,9,-8,8,-8,9,-8,9,-9,10,-6,10,-7,8,-7,10,-6,10,-6,9,-5,10,-5,10,-4,9,-5,11,-4,11,-2,12,-3,12,-3,14,-1,12,-2,11,-2,13,-1,14,-1,13,-1,13,-1,13,-1,12,-1,16,0,14,0,15,-1,15,0,17,-1,15,-1,14,-1,13,-1,15,-1,17,-2,15,0,13,0,13,-2,15,-1,13,-1,14,-4,14,-3,15,-3,13,-3,12,-4,10,-4,11,-4,13,-3,10,-4,9,0,0,0,0,0,0,0,0,0,0]"""
1782116237716,2026-06-22T17:17:17.716,safe,transition,yja,stand_to_sit,t007,"CSI_DATA,1075599,1a:00:00:00:00:00,-67,11,-99,17,52,11,-1045432454,47,2,256,0,""[0,0,0,0,0,0,0,0,0,0,0,0,2,-7,2,-6,2,-7,2,-5,5,-7,1,-6,1,-5,1,-9,4,-8,3,-10,2,-7,1,-8,2,-8,4,-9,4,-7,4,-10,3,-7,4,-9,3,-7,2,-5,2,-7,3,-9,1,-9,2,-7,2,-9,1,-8,2,-9,0,-7,2,-9,1,-7,0,-7,0,-5,0,-7,0,-7,-2,-7,-2,-8,-2,-8,-2,-6,-3,-7,-3,-8,-4,-5,-4,-7,-3,-6,-4,-6,-3,-4,-6,-5,-6,-5,-8,-3,-7,-6,-9,-5,-5,-5,-8,-5,-9,-5,-9,-4,-9,-4,-8,-4,-9,-3,0,0,0,0,0,0,-3,11,-2,12,-2,8,-1,11,-2,15,-1,10,-3,12,-1,9,-1,12,0,10,0,10,2,12,1,11,3,13,1,9,3,11,4,11,4,13,4,11,4,13,3,9,6,12,4,8,6,9,8,11,9,10,10,11,7,9,9,9,11,9,12,10,10,7,11,13,9,11,11,8,8,7,13,7,12,9,13,6,13,10,13,9,9,9,13,10,12,10,11,9,11,10,7,9,11,9,7,5,11,8,9,8,12,6,9,9,11,7,7,7,8,7,7,7,0,0,0,0,0,0,0,0,0,0]"""
1782116237726,2026-06-22T17:17:17.726,safe,transition,yja,stand_to_sit,t007,"CSI_DATA,1075600,1a:00:00:00:00:00,-67,11,-99,17,52,11,-1045421598,47,2,256,0,""[0,0,0,0,0,0,0,0,0,0,0,0,-6,0,-6,-1,-6,-2,-7,-1,-7,-3,-7,-2,-6,-1,-7,-3,-9,-2,-8,-3,-6,-4,-8,-4,-8,-4,-7,-5,-8,-5,-7,-5,-7,-5,-6,-5,-7,-5,-8,-5,-8,-5,-8,-5,-7,-4,-6,-5,-7,-5,-6,-4,-5,-5,-6,-5,-7,-5,-5,-3,-5,-4,-7,-3,-6,-2,-8,-3,-8,-2,-7,-2,-7,-2,-6,-3,-8,-1,-8,-3,-9,-2,-7,-2,-8,-2,-8,-2,-8,-1,-7,0,-9,-1,-9,1,-11,0,-10,0,-9,0,-11,0,-11,0,-9,0,-9,-2,-11,0,-12,0,0,0,0,0,0,0,0,13,0,14,0,10,-2,11,0,11,-1,11,0,11,0,11,-1,11,1,10,0,11,1,11,3,13,1,11,0,10,1,11,2,11,2,13,1,13,1,11,1,11,1,13,3,11,4,11,4,11,5,13,5,12,2,12,4,13,5,12,3,14,3,15,3,14,3,14,1,14,4,13,5,13,6,14,7,14,4,15,3,14,0,14,3,15,0,16,0,16,0,14,-1,14,-1,14,0,11,0,12,0,12,0,13,-1,14,-1,13,-4,10,-4,11,-5,10,0,0,0,0,0,0,0,0,0,0]"""
1782116237736,2026-06-22T17:17:17.736,safe,transition,yja,stand_to_sit,t007,"CSI_DATA,1075601,1a:00:00:00:00:00,-67,11,-99,17,52,11,-1045410283,47,2,256,0,""[0,0,0,0,0,0,0,0,0,0,0,0,7,-2,6,-1,8,-2,7,-2,7,-2,7,-1,7,-2,9,-3,7,-2,9,-3,8,-2,7,-1,8,-1,9,-2,7,-3,9,-2,7,-2,8,-3,7,-3,9,-3,10,-4,7,-2,8,-4,6,-4,7,-3,7,-4,6,-4,5,-4,8,-5,5,-5,5,-5,4,-4,5,-7,5,-6,3,-6,3,-6,3,-6,2,-6,3,-7,1,-7,1,-7,1,-8,1,-6,0,-9,0,-6,-2,-9,0,-9,-1,-8,-1,-10,-1,-10,-1,-9,-1,-9,-3,-9,-4,-10,-4,-10,-3,-9,-5,-10,0,0,0,0,0,0,-8,7,-9,9,-7,7,-8,8,-9,8,-7,7,-9,9,-5,8,-7,10,-7,8,-7,8,-5,10,-6,10,-5,11,-5,9,-6,9,-5,11,-4,13,-2,11,-3,13,-2,11,-1,13,-1,11,0,13,0,13,-1,13,1,14,1,13,0,14,2,15,3,15,4,11,3,17,3,13,4,13,2,12,7,16,3,14,6,15,4,15,4,16,4,13,3,15,3,15,5,13,4,15,2,12,7,13,3,10,5,13,3,11,5,13,3,12,3,14,1,11,1,11,2,11,0,0,0,0,0,0,0,0,0,0]"""
1782116237747,2026-06-22T17:17:17.747,safe,transition,yja,stand_to_sit,t007,"CSI_DATA,1075602,1a:00:00:00:00:00,-67,11,-99,19,52,11,-1045399598,47,2,256,0,""[0,0,0,0,0,0,0,0,0,0,0,0,3,-5,5,-4,5,-6,4,-5,6,-6,4,-5,4,-5,4,-6,4,-6,5,-7,6,-5,5,-6,5,-7,6,-7,5,-6,6,-7,6,-6,6,-6,4,-7,3,-8,3,-7,4,-9,4,-8,5,-6,4,-7,5,-7,4,-7,4,-7,2,-8,2,-7,3,-7,0,-6,0,-7,0,-8,-1,-8,0,-7,0,-7,0,-6,-1,-8,-1,-8,-2,-7,-2,-8,-2,-7,-2,-9,-3,-5,-5,-6,-5,-7,-6,-5,-6,-7,-7,-7,-6,-7,-7,-6,-7,-5,-8,-6,-8,-7,-9,-6,-10,-5,0,0,0,0,0,0,-7,10,-7,13,-4,10,-4,11,-6,12,-4,9,-4,12,-3,10,-4,12,0,11,-1,10,-1,11,0,13,0,13,-1,12,0,11,0,13,0,13,1,12,1,13,2,11,2,14,3,10,4,12,6,12,6,12,7,12,4,13,6,12,7,12,7,14,7,11,9,13,8,11,9,13,8,9,10,11,11,12,10,11,12,11,10,13,7,12,10,12,9,13,9,12,9,12,7,10,9,13,7,9,9,10,9,10,9,9,9,10,9,11,4,10,5,10,4,10,0,0,0,0,0,0,0,0,0,0]"""
1782116237761,2026-06-22T17:17:17.761,safe,transition,yja,stand_to_sit,t007,"CSI_DATA,1075603,1a:00:00:00:00:00,-67,11,-99,32,48,11,-1045386244,47,2,256,0,""[0,0,0,0,0,0,0,0,0,0,0,0,-5,3,-7,3,-5,3,-8,4,-4,3,-7,6,-6,6,-5,5,-4,7,-4,5,-4,8,-4,9,-3,9,-2,8,-1,11,-2,8,0,9,1,10,2,10,1,9,3,9,3,7,3,6,4,6,6,6,6,6,5,5,8,6,6,2,8,2,7,3,9,0,7,0,8,-2,7,-1,6,-2,6,-2,7,-4,4,-6,4,-6,4,-7,2,-6,2,-9,1,-7,0,-11,0,-9,-2,-8,-3,-9,-4,-8,-6,-6,-7,-6,-6,-6,-7,-7,-9,-4,-9,-3,-11,-3,-12,-2,0,0,0,0,0,0,3,11,2,9,5,13,4,11,5,7,8,10,6,8,11,9,6,5,11,8,12,3,10,6,12,1,11,1,13,0,14,-2,11,-4,10,-4,13,-6,9,-6,11,-10,8,-6,9,-11,6,-12,6,-11,3,-13,4,-11,1,-15,0,-15,-1,-14,-1,-13,-2,-16,-4,-11,-9,-15,-5,-11,-9,-17,-11,-11,-9,-13,-12,-5,-31,-52,-15,-14,-18,-8,-17,-6,-15,-3,-16,-4,-13,-2,-16,-2,-12,-2,-18,-1,-13,0,-14,1,-14,1,-13,2,-10,1,-12,3,-11,2,-11,4,0,0,0,0,0,0,0,0,0,0]"""
1782116237770,2026-06-22T17:17:17.770,safe,transition,yja,stand_to_sit,t007,"CSI_DATA,1075604,1a:00:00:00:00:00,-67,11,-99,16,52,11,-1045376856,47,2,256,0,""[0,0,0,0,0,0,0,0,0,0,0,0,-4,4,-7,5,-4,2,-7,4,-3,3,-7,5,-7,4,-7,2,-5,6,-6,1,-7,5,-7,5,-6,5,-6,4,-7,6,-4,4,-6,7,-4,4,-7,7,-7,7,-7,6,-5,5,-4,6,-5,8,-4,6,-3,6,-3,6,-4,9,-2,4,-4,8,-1,5,-2,10,0,7,0,8,0,8,0,7,0,6,3,9,1,7,2,7,3,9,3,5,5,8,4,6,6,8,6,8,5,6,5,9,6,5,5,5,9,7,8,3,9,6,7,5,9,2,10,5,10,5,0,0,0,0,0,0,3,-11,2,-8,4,-15,3,-12,1,-7,2,-13,1,-8,0,-15,0,-9,0,-15,-2,-14,-1,-11,-2,-11,-1,-9,-4,-13,-4,-11,-4,-11,-4,-10,-5,-12,-5,-8,-9,-12,-4,-9,-10,-14,-9,-9,-7,-9,-9,-9,-7,-8,-10,-9,-10,-8,-11,-7,-9,-8,-13,-10,-9,-3,-15,-6,-11,-6,-20,-10,-13,-8,-14,-6,-13,-8,-12,-5,-11,-4,-17,-5,-15,-5,-12,-4,-15,-6,-11,-2,-18,-4,-11,-4,-19,-7,-11,-5,-14,-4,-11,-6,-11,-4,-9,-4,-11,-5,-10,-5,-11,-6,0,0,0,0,0,0,0,0,0,0]"""
1782116237782,2026-06-22T17:17:17.782,safe,transition,yja,stand_to_sit,t007,"CSI_DATA,1075605,1a:00:00:00:00:00,-67,11,-99,17,52,11,-1045363843,47,2,256,0,""[0,0,0,0,0,0,0,0,0,0,0,0,4,5,4,6,3,5,4,6,3,5,4,8,4,8,2,7,4,7,1,6,5,8,5,6,5,6,5,6,4,9,5,5,6,7,5,7,5,8,3,7,1,7,5,6,4,7,7,6,7,5,6,5,6,5,6,5,6,2,7,3,6,3,8,3,6,4,6,2,6,3,7,3,7,2,8,0,7,0,6,0,8,0,7,-3,8,-1,8,-1,11,-3,9,-1,6,-3,10,-1,7,-3,9,-3,7,-7,7,-6,9,-6,8,-7,6,-9,8,-8,10,-6,0,0,0,0,0,0,-9,-7,-8,-5,-11,-8,-8,-8,-7,-5,-11,-7,-10,-4,-13,-4,-9,-4,-12,-6,-12,-5,-10,-6,-11,-4,-9,-4,-13,-1,-12,-1,-10,0,-11,0,-14,-1,-11,0,-13,1,-12,0,-15,1,-13,0,-12,0,-12,1,-12,1,-13,5,-12,6,-11,5,-11,4,-15,4,-9,7,-12,9,-13,7,-16,9,-15,3,-15,6,-16,4,-13,5,-13,6,-12,10,-12,9,-9,8,-13,7,-9,9,-12,11,-12,5,-15,8,-12,4,-13,5,-13,2,-11,5,-10,3,-10,6,-10,5,-11,4,0,0,0,0,0,0,0,0,0,0]"""
1782116237796,2026-06-22T17:17:17.796,safe,transition,yja,stand_to_sit,t007,"CSI_DATA,1075606,1a:00:00:00:00:00,-67,11,-99,17,52,11,-1045351416,47,2,256,0,""[0,0,0,0,0,0,0,0,0,0,0,0,7,-1,5,-1,7,-1,6,-1,7,-2,7,0,8,0,8,0,7,0,8,-1,9,0,8,0,8,0,9,0,7,0,11,0,8,-1,9,-1,8,0,7,-1,7,-1,9,0,9,-1,8,-1,8,0,8,-1,8,-1,7,-2,9,-2,7,-1,7,-4,6,-2,7,-4,6,-3,6,-4,6,-5,6,-4,6,-5,6,-5,5,-5,3,-5,7,-6,5,-6,3,-7,4,-7,4,-9,5,-8,3,-9,2,-9,4,-11,3,-9,4,-10,3,-10,3,-12,2,-10,3,-10,1,-11,0,0,0,0,0,0,-11,-1,-13,-2,-12,-1,-13,0,-13,0,-11,0,-15,0,-11,0,-13,0,-13,0,-13,1,-13,3,-12,1,-13,1,-12,1,-11,1,-12,2,-11,3,-9,4,-13,4,-11,4,-13,6,-10,4,-12,6,-12,7,-11,6,-15,7,-11,7,-11,6,-12,7,-12,8,-9,9,-14,8,-11,8,-12,10,-11,8,-12,11,-13,8,-12,10,-11,9,-14,8,-13,8,-13,6,-13,7,-11,7,-14,8,-12,7,-11,11,-11,5,-12,7,-12,5,-11,6,-10,5,-12,5,-11,4,-10,2,-10,1,0,0,0,0,0,0,0,0,0,0]"""
1782116237805,2026-06-22T17:17:17.805,safe,transition,yja,stand_to_sit,t007,"CSI_DATA,1075607,1a:00:00:00:00:00,-67,11,-99,15,52,11,-1045344410,47,2,256,0,""[0,0,0,0,0,0,0,0,0,0,0,0,-7,-2,-5,-1,-8,-1,-6,0,-8,-3,-7,-2,-6,-1,-8,-1,-8,-2,-9,0,-7,-1,-8,-2,-8,-1,-9,0,-8,-1,-10,-2,-7,-2,-9,-1,-7,0,-10,0,-10,1,-8,1,-10,1,-8,0,-8,2,-7,1,-8,1,-8,1,-8,2,-7,1,-7,2,-7,3,-8,5,-6,2,-5,6,-5,3,-8,8,-5,3,-8,5,-8,4,-2,8,-3,10,-5,5,-5,6,-2,10,1,13,-3,4,5,9,2,8,-6,11,1,10,-7,10,-6,12,0,13,0,5,0,8,0,11,0,0,0,0,0,0,10,-5,15,-3,9,-2,12,-3,16,-4,11,-1,14,-4,9,-4,12,-5,8,-5,9,-7,9,-7,9,-9,8,-10,8,-7,8,-8,7,-10,9,-10,7,-9,8,-11,7,-9,7,-10,4,-10,4,-11,3,-13,2,-15,2,-16,3,-13,2,-14,1,-15,2,-16,1,-15,2,-17,1,-13,2,-15,-1,-12,-1,-15,-1,-16,-3,-16,-1,-18,-2,-16,1,-14,-2,-16,0,-17,0,-14,0,-17,1,-13,0,-15,0,-10,0,-13,-1,-12,-2,-13,0,-13,-1,-14,1,-11,0,-11,0,-11,0,0,0,0,0,0,0,0,0,0]"""
1782116237814,2026-06-22T17:17:17.814,safe,transition,yja,stand_to_sit,t007,"CSI_DATA,1075608,1a:00:00:00:00:00,-67,11,-99,18,50,11,-1045333598,47,2,256,0,""[0,0,0,0,0,0,0,0,0,0,0,0,-1,-12,-10,7,9,14,-15,0,3,-21,15,-3,-9,-5,1,-9,-1,0,26,1,4,-4,11,5,4,0,11,2,4,-7,13,5,4,-1,9,0,9,0,5,0,7,-1,6,2,10,1,8,1,7,0,9,0,9,0,7,0,9,0,7,0,9,0,6,0,9,-1,8,0,8,-1,8,0,10,-1,8,-2,8,-2,8,-2,5,-2,11,-2,7,-2,8,-3,7,-2,8,-5,9,-4,6,-5,9,-4,9,-6,7,-5,10,-5,7,-5,11,-7,9,-6,6,-4,10,-6,0,0,0,0,0,0,-7,-9,-9,-10,-6,-8,-7,-9,-9,-11,-6,-8,-9,-11,-7,-8,-9,-11,-7,-9,-8,-9,-9,-9,-8,-8,-11,-8,-9,-8,-9,-7,-11,-7,-9,-7,-7,-4,-11,-10,-8,-6,-12,-9,-8,-6,-11,-6,-13,-8,-10,-6,-14,-8,-13,-7,-13,-6,-14,-6,-13,-6,-11,-3,-14,-10,-11,-8,-14,-8,-9,-6,-15,-7,-12,-9,-13,-6,-13,-8,-14,-9,-11,-10,-12,-9,-13,-9,-9,-7,-12,-12,-7,-10,-11,-9,-7,-8,-11,-11,-7,-10,-10,-10,-6,-9,-9,-11,-5,-10,-4,-8,-3,-8,0,0,0,0,0,0,0,0,0,0]"""
1782116237825,2026-06-22T17:17:17.825,safe,transition,yja,stand_to_sit,t007,"CSI_DATA,1075609,1a:00:00:00:00:00,-68,11,-99,14,53,11,-1045321170,47,2,256,0,""[0,0,0,0,0,0,0,0,0,0,0,0,-5,4,-4,3,-5,3,-4,2,-6,3,-5,3,-5,3,-6,5,-6,3,-7,4,-7,1,-6,3,-7,3,-7,1,-6,2,-9,1,-7,1,-9,0,-6,1,-6,1,-6,0,-7,1,-8,1,-7,0,-7,1,-6,1,-7,1,-6,1,-8,0,-6,0,-7,0,-5,1,-6,1,-6,2,-6,2,-6,2,-7,2,-6,1,-6,3,-7,3,-6,2,-7,2,-6,2,-6,3,-5,3,-7,4,-6,4,-6,5,-7,4,-6,5,-6,4,-7,5,-8,4,-7,5,-8,5,-7,6,-8,4,0,0,0,0,0,0,3,8,5,10,4,6,3,10,5,10,3,8,5,11,3,7,3,10,4,8,4,8,6,9,5,8,7,8,4,8,6,6,5,7,5,8,5,7,6,10,5,7,5,9,5,6,5,8,8,9,6,8,9,8,6,7,7,7,8,8,7,9,6,8,7,11,5,9,6,11,6,8,7,9,6,10,7,10,6,11,7,12,4,11,6,11,5,13,4,11,2,13,1,11,1,12,1,8,2,11,1,11,2,9,1,11,0,11,-1,9,-1,10,-1,9,0,0,0,0,0,0,0,0,0,0]"""
1782116237836,2026-06-22T17:17:17.836,safe,transition,yja,stand_to_sit,t007,"CSI_DATA,1075610,1a:00:00:00:00:00,-67,11,-99,-16,51,11,-1045311334,47,2,256,0,""[0,0,0,0,0,0,0,0,0,0,0,0,6,3,8,3,5,2,5,2,9,3,6,1,6,3,6,1,10,3,8,3,6,5,8,5,8,5,9,6,10,4,8,5,8,5,9,3,5,2,8,2,6,3,11,3,9,5,5,8,9,6,9,4,9,4,10,2,9,5,6,5,6,1,4,2,9,-1,6,2,9,-1,11,1,6,0,5,3,8,2,9,2,9,2,9,-1,8,-1,11,-2,9,-2,6,-1,8,-5,10,-6,10,-3,12,-5,11,-4,12,-4,11,-5,12,-3,15,-1,12,-4,9,-1,0,0,0,0,0,0,-9,-11,-3,-15,-3,-12,-6,-9,-10,-13,-6,-11,-1,-13,-4,-12,-8,-11,-4,-6,-9,-10,-5,-9,-12,-8,-8,-12,-5,-12,-9,-12,-9,-10,-9,-11,-11,-8,-8,-12,-10,-11,-8,-8,-3,-6,-13,-5,-10,-8,-15,-4,-15,-12,-10,-11,-16,-9,-13,-6,-13,-8,-11,-3,-16,-13,-15,-11,-8,-10,-5,-9,-13,-1,-13,-11,-10,-2,-20,-9,-9,-10,-5,-15,-11,-17,-13,-18,-17,-13,-3,-11,-3,-13,-13,-4,-6,0,-13,-13,-1,-3,-19,-6,-2,-17,-11,-1,0,2,4,-2,10,-8,0,0,0,0,0,0,0,0,0,0]"""
1782116237846,2026-06-22T17:17:17.846,safe,transition,yja,stand_to_sit,t007,"CSI_DATA,1075611,1a:00:00:00:00:00,-67,11,-99,16,52,11,-1045300598,47,2,256,0,""[0,0,0,0,0,0,0,0,0,0,0,0,-5,3,-6,3,-6,2,-7,3,-6,2,-9,3,-7,3,-8,4,-6,3,-7,2,-9,4,-8,2,-9,3,-8,1,-8,2,-9,2,-10,2,-8,2,-10,3,-11,2,-11,3,-8,1,-8,4,-9,4,-9,2,-8,3,-8,2,-8,3,-8,2,-8,3,-6,3,-9,4,-8,5,-7,4,-7,4,-7,5,-6,6,-7,7,-6,5,-6,5,-5,7,-6,6,-6,8,-5,6,-6,9,-5,9,-6,8,-5,9,-6,9,-5,9,-5,10,-5,10,-5,11,-5,11,-6,11,-5,11,-4,12,0,0,0,0,0,0,11,5,11,4,14,5,12,3,11,3,13,4,12,5,13,4,11,4,14,4,14,3,13,3,11,3,11,2,14,2,12,2,13,2,12,1,13,1,12,2,15,2,12,0,15,2,15,0,14,0,12,0,13,0,15,-1,13,0,14,-1,13,0,14,-1,14,0,16,0,14,-2,18,0,17,0,15,0,15,0,13,0,14,0,16,0,16,1,13,0,15,0,13,1,15,2,12,0,15,3,14,3,12,4,12,3,10,4,11,4,12,5,9,4,9,4,0,0,0,0,0,0,0,0,0,0]"""
1782116237859,2026-06-22T17:17:17.859,safe,transition,yja,stand_to_sit,t007,"CSI_DATA,1075612,1a:00:00:00:00:00,-67,11,-99,20,51,11,-1045287633,47,2,256,0,""[0,0,0,0,0,0,0,0,0,0,0,0,0,-6,1,-7,3,-7,2,-8,2,-8,3,-8,3,-9,2,-9,4,-8,4,-8,3,-9,3,-9,4,-9,3,-8,4,-7,5,-9,5,-9,4,-9,5,-8,6,-9,5,-9,5,-6,4,-8,4,-9,4,-8,4,-7,4,-7,4,-7,4,-7,5,-7,4,-8,4,-9,4,-9,4,-8,4,-8,3,-8,1,-8,2,-10,2,-8,1,-7,1,-9,1,-9,0,-9,0,-11,0,-11,0,-11,1,-11,0,-11,1,-9,0,-11,0,-13,0,-10,0,-11,0,-13,-1,-12,0,-11,0,-14,0,0,0,0,0,0,-12,0,-12,0,-15,1,-14,0,-13,0,-12,1,-13,1,-13,1,-13,2,-15,0,-14,0,-12,2,-12,0,-12,0,-13,3,-12,2,-12,4,-11,2,-11,2,-13,2,-13,4,-12,4,-13,2,-13,4,-13,3,-13,2,-12,4,-13,5,-13,5,-13,5,-12,6,-11,5,-14,4,-14,4,-14,6,-16,4,-16,5,-15,3,-15,2,-14,2,-15,2,-15,3,-15,2,-13,3,-14,2,-14,0,-14,1,-14,1,-14,0,-15,-1,-13,-1,-11,-2,-11,-2,-12,-2,-13,-3,-9,-2,-10,-3,0,0,0,0,0,0,0,0,0,0]"""
1782116237871,2026-06-22T17:17:17.871,safe,transition,yja,stand_to_sit,t007,"CSI_DATA,1075613,1a:00:00:00:00:00,-67,11,-99,20,51,11,-1045276593,47,2,256,0,""[0,0,0,0,0,0,0,0,0,0,0,0,-1,-6,-2,-9,-1,-6,-2,-8,-1,-5,-2,-10,0,-9,0,-9,-2,-9,2,-6,0,-9,0,-9,1,-10,0,-10,1,-12,0,-6,0,-11,0,-9,2,-11,2,-13,1,-10,0,-9,1,-7,0,-10,1,-9,0,-9,1,-11,1,-11,0,-6,1,-11,0,-8,0,-11,-2,-11,-2,-9,0,-11,0,-6,2,-6,0,-10,-1,-10,-1,-3,-2,-9,-4,-6,-7,-11,-2,-9,-5,-13,-11,-4,-7,-6,-3,-12,-1,-1,0,-8,-4,-12,-6,-15,-3,-7,-6,-10,-7,-13,-7,-6,-8,-13,0,0,0,0,0,0,-12,8,-11,4,-14,9,-12,6,-7,5,-12,8,-8,8,-13,10,-9,7,-14,9,-11,9,-9,6,-9,9,-10,5,-10,8,-9,8,-10,9,-9,8,-12,9,-6,9,-9,12,-8,9,-12,12,-10,11,-8,10,-8,10,-7,8,-9,10,-9,11,-9,11,-8,9,-11,12,-6,10,-9,14,-9,11,-13,16,-11,10,-10,12,-12,10,-10,11,-10,9,-10,11,-11,10,-10,9,-13,9,-8,9,-11,11,-11,5,-15,9,-11,6,-11,6,-11,4,-10,4,-9,2,-12,3,-11,3,-11,2,0,0,0,0,0,0,0,0,0,0]"""
1782116237881,2026-06-22T17:17:17.881,safe,transition,yja,stand_to_sit,t007,"CSI_DATA,1075614,1a:00:00:00:00:00,-67,11,-99,21,51,11,-1045267039,47,2,256,0,""[0,0,0,0,0,0,0,0,0,0,0,0,-3,-7,-1,-6,-2,-8,-2,-7,-1,-8,-2,-6,-1,-7,-2,-9,0,-9,-2,-9,0,-9,0,-10,0,-9,0,-9,1,-9,2,-13,2,-8,3,-11,0,-9,1,-7,3,-11,1,-9,1,-11,1,-9,1,-10,1,-9,2,-9,0,-8,3,-10,2,-7,4,-9,0,-7,1,-8,1,-9,0,-9,1,-10,1,-10,3,-9,0,-10,0,-11,0,-9,2,-10,1,-9,0,-11,0,-7,0,-10,0,-10,-3,-10,-1,-13,-1,-13,0,-11,-1,-11,0,-12,0,-13,0,-13,-1,-12,-1,-13,0,0,0,0,0,0,-14,0,-15,-1,-11,0,-13,-2,-16,-1,-11,-3,-16,0,-13,-1,-15,-3,-11,0,-11,-1,-13,0,-13,0,-15,1,-11,-1,-12,0,-13,1,-14,0,-13,0,-15,-1,-10,0,-15,-3,-11,1,-12,0,-13,1,-14,1,-16,1,-13,0,-14,1,-14,1,-15,-1,-13,0,-17,-3,-13,-3,-16,-3,-11,0,-15,-1,-15,-2,-15,0,-15,-3,-15,-3,-13,-7,-15,-3,-15,-7,-13,-5,-13,-9,-9,-7,-11,-8,-8,-5,-11,-7,-9,-7,-10,-6,-9,-8,-9,-8,-5,-8,-7,-9,-4,-10,0,0,0,0,0,0,0,0,0,0]"""
1782116237892,2026-06-22T17:17:17.892,safe,transition,yja,stand_to_sit,t007,"CSI_DATA,1075615,1a:00:00:00:00:00,-67,11,-99,19,51,11,-1045255638,47,2,256,0,""[0,0,0,0,0,0,0,0,0,0,0,0,-6,-3,-5,-4,-6,-4,-6,-4,-7,-5,-7,-6,-6,-7,-5,-6,-4,-6,-5,-8,-6,-8,-5,-8,-5,-8,-5,-8,-5,-6,-5,-10,-4,-8,-5,-9,-5,-10,-4,-10,-4,-10,-4,-7,-3,-10,-5,-10,-3,-9,-3,-8,-2,-8,-4,-7,-3,-10,-5,-8,-4,-9,-5,-8,-5,-9,-5,-9,-5,-8,-4,-8,-5,-9,-5,-9,-5,-8,-5,-6,-5,-6,-7,-8,-6,-7,-8,-8,-6,-7,-7,-8,-8,-8,-8,-7,-7,-6,-9,-8,-9,-8,-7,-7,-9,-7,-10,-10,-10,-8,-9,-8,-10,-8,0,0,0,0,0,0,-8,9,-9,11,-8,9,-10,10,-10,10,-8,9,-9,10,-8,10,-10,10,-10,9,-10,10,-9,11,-9,9,-9,10,-9,10,-9,8,-9,10,-8,9,-6,8,-9,10,-8,9,-9,12,-8,11,-9,13,-7,12,-6,10,-8,11,-8,13,-9,12,-8,11,-8,10,-8,10,-10,11,-8,11,-10,13,-10,11,-11,13,-10,11,-9,12,-10,9,-11,10,-13,10,-13,8,-11,8,-10,8,-13,8,-11,6,-11,8,-12,5,-13,6,-12,4,-11,4,-10,2,-12,2,-13,1,-10,0,-9,0,0,0,0,0,0,0,0,0,0,0]"""
1782116237901,2026-06-22T17:17:17.901,safe,transition,yja,stand_to_sit,t007,"CSI_DATA,1075616,1a:00:00:00:00:00,-67,11,-99,19,51,11,-1045245469,47,2,256,0,""[0,0,0,0,0,0,0,0,0,0,0,0,-3,6,-4,7,-3,5,-5,8,-3,6,-5,7,-6,8,-5,5,-5,6,-7,5,-6,8,-8,7,-8,8,-6,7,-8,8,-5,6,-7,8,-6,6,-10,8,-8,9,-6,6,-7,7,-8,5,-7,8,-8,8,-6,6,-5,5,-7,8,-4,8,-4,9,-5,8,-7,11,-6,8,-5,8,-6,10,-4,7,-2,7,-1,9,-2,9,-1,8,-3,9,1,9,0,10,0,11,0,14,-1,10,1,11,-1,11,0,10,0,11,1,14,2,10,0,10,2,13,5,12,2,15,3,13,0,0,0,0,0,0,14,-5,11,-4,15,-5,13,-4,9,-4,13,-4,10,-5,13,-6,10,-6,14,-5,13,-5,11,-3,10,-5,10,-5,12,-7,10,-8,10,-6,10,-7,11,-9,6,-7,8,-10,8,-9,11,-12,12,-10,9,-9,10,-10,9,-8,9,-12,9,-11,8,-10,8,-10,10,-11,6,-11,8,-14,8,-13,12,-16,11,-11,8,-12,10,-11,8,-10,8,-10,8,-14,9,-12,7,-10,8,-9,6,-11,8,-13,9,-10,12,-11,10,-7,10,-8,10,-6,8,-6,10,-6,10,-6,8,-5,9,-5,0,0,0,0,0,0,0,0,0,0]"""
1782116237912,2026-06-22T17:17:17.912,safe,transition,yja,stand_to_sit,t007,"CSI_DATA,1075617,1a:00:00:00:00:00,-67,11,-99,20,51,11,-1045234598,47,2,256,0,""[0,0,0,0,0,0,0,0,0,0,0,0,-7,2,-7,1,-8,1,-9,1,-9,0,-7,2,-9,2,-8,1,-9,2,-9,1,-9,0,-9,1,-10,0,-11,0,-13,-1,-9,0,-11,0,-11,0,-10,0,-11,0,-10,1,-13,0,-10,2,-10,0,-11,0,-11,1,-10,0,-10,1,-9,1,-10,1,-10,0,-9,2,-9,3,-9,4,-9,4,-9,5,-9,4,-9,3,-8,6,-9,5,-9,5,-9,6,-9,5,-9,5,-6,7,-6,6,-6,8,-5,9,-9,10,-8,10,-6,8,-7,10,-6,11,-5,10,-6,9,-7,14,-7,10,0,0,0,0,0,0,12,9,11,8,11,7,11,6,11,7,13,7,11,8,11,6,11,7,11,3,12,3,11,2,15,2,13,2,13,3,13,2,13,1,14,2,15,3,12,0,13,1,13,3,12,0,13,-1,12,0,16,-2,13,-2,13,0,14,-2,14,-2,15,-1,16,-1,15,-2,16,-1,15,0,15,-2,13,-2,15,-4,15,-4,16,-3,15,-2,14,0,15,-3,15,0,15,0,14,0,14,1,14,2,12,0,12,0,12,-1,12,0,13,0,12,0,10,4,11,2,10,2,0,0,0,0,0,0,0,0,0,0]"""
1782116237928,2026-06-22T17:17:17.928,safe,transition,yja,stand_to_sit,t007,"CSI_DATA,1075618,1a:00:00:00:00:00,-67,11,-99,18,51,11,-1045218922,47,2,256,0,""[0,0,0,0,0,0,0,0,0,0,0,0,-7,-4,-6,-5,-7,-4,-7,-6,-8,-5,-6,-5,-7,-5,-7,-7,-9,-6,-6,-7,-7,-6,-7,-6,-7,-7,-8,-6,-9,-6,-9,-5,-9,-5,-9,-5,-8,-6,-10,-7,-10,-7,-9,-5,-9,-4,-9,-4,-10,-5,-9,-4,-9,-3,-10,-3,-10,-2,-10,-1,-9,0,-10,-1,-9,0,-10,0,-10,0,-9,1,-10,1,-9,2,-10,2,-10,4,-10,2,-9,6,-8,6,-10,5,-8,6,-6,6,-7,7,-9,7,-8,9,-9,8,-7,9,-6,10,-6,11,-7,12,-5,11,-6,13,-6,13,0,0,0,0,0,0,14,6,14,3,13,3,14,3,13,2,13,1,14,2,14,0,14,0,12,0,13,-1,12,0,13,-2,14,0,12,-3,13,-1,12,-3,13,-3,13,-4,11,-7,10,-8,12,-8,11,-6,12,-8,13,-7,11,-10,11,-8,10,-9,10,-9,9,-9,10,-11,10,-11,9,-13,7,-13,7,-13,8,-12,8,-13,8,-12,9,-13,8,-13,8,-13,7,-13,9,-13,7,-13,9,-13,5,-13,6,-12,6,-13,6,-10,6,-9,7,-10,6,-9,6,-11,7,-9,6,-10,6,-7,7,-8,0,0,0,0,0,0,0,0,0,0]"""
1782116237937,2026-06-22T17:17:17.937,safe,transition,yja,stand_to_sit,t007,"CSI_DATA,1075619,1a:00:00:00:00:00,-67,11,-99,19,51,11,-1045212599,47,2,256,0,""[0,0,0,0,0,0,0,0,0,0,0,0,0,7,-1,8,-1,7,-2,9,-2,8,-2,9,-4,9,-4,7,-2,9,-5,8,-4,10,-3,10,-4,10,-3,9,-6,11,-1,8,-3,11,-3,8,-5,11,-5,13,-5,8,-5,10,-4,8,-3,10,-4,10,-3,9,-3,9,-4,10,-1,8,-2,10,-2,10,-2,12,-2,9,-1,10,-1,10,-1,9,-1,9,1,9,0,10,2,9,0,11,4,8,5,10,2,9,4,13,2,9,4,10,2,12,4,10,5,11,7,10,7,9,5,11,7,9,10,10,9,12,7,11,0,0,0,0,0,0,12,-10,10,-8,13,-10,10,-9,8,-8,11,-9,7,-8,10,-12,8,-9,11,-13,9,-9,10,-9,7,-12,8,-9,7,-10,6,-11,6,-10,6,-10,8,-13,2,-10,2,-13,5,-11,6,-16,6,-13,5,-12,3,-13,5,-12,3,-15,3,-14,2,-13,2,-13,4,-16,0,-12,0,-16,1,-15,2,-20,4,-14,3,-16,5,-16,3,-14,4,-13,1,-14,2,-15,2,-12,5,-14,0,-12,1,-15,5,-13,5,-16,5,-10,5,-11,7,-10,5,-10,6,-8,5,-10,5,-10,5,-9,0,0,0,0,0,0,0,0,0,0]"""
1782116237947,2026-06-22T17:17:17.947,safe,transition,yja,stand_to_sit,t007,"CSI_DATA,1075620,1a:00:00:00:00:00,-66,11,-99,22,50,11,-1045201081,47,2,256,0,""[0,0,0,0,0,0,0,0,0,0,0,0,-2,7,-3,7,-3,8,-2,8,-3,8,-5,8,-5,9,-5,8,-5,7,-3,10,-3,9,-3,9,-3,11,-3,9,-4,9,-7,9,-6,10,-6,10,-5,10,-5,11,-3,13,-6,9,-3,10,-3,10,-1,11,-3,10,-3,9,-3,8,-4,10,-2,10,-3,9,-2,9,0,11,-2,12,0,10,-1,9,0,10,1,10,2,10,3,10,2,9,0,10,3,10,3,9,5,10,5,11,4,11,6,9,6,10,8,10,9,10,6,9,6,10,8,11,9,9,9,10,10,10,0,0,0,0,0,0,9,-11,8,-10,9,-10,10,-9,9,-10,8,-9,9,-13,8,-11,8,-12,7,-12,8,-11,5,-14,6,-10,4,-13,3,-13,2,-12,1,-13,2,-14,1,-12,4,-14,2,-13,2,-13,2,-13,1,-14,0,-14,2,-13,0,-15,-3,-15,-2,-14,-2,-15,-3,-15,-3,-13,0,-17,-2,-15,-1,-14,-2,-15,-4,-16,-3,-15,-4,-16,0,-14,-3,-15,-2,-16,-3,-16,-2,-14,-3,-15,0,-15,0,-14,-1,-13,-1,-12,-1,-15,0,-12,-1,-12,1,-11,0,-12,0,-10,0,-9,0,-9,0,0,0,0,0,0,0,0,0,0]"""
1782116237957,2026-06-22T17:17:17.957,safe,transition,yja,stand_to_sit,t007,"CSI_DATA,1075621,1a:00:00:00:00:00,-67,11,-99,18,51,11,-1045190066,47,2,256,0,""[0,0,0,0,0,0,0,0,0,0,0,0,-4,5,-6,7,-5,4,-7,6,-5,5,-8,7,-8,7,-7,4,-6,7,-7,4,-8,7,-9,6,-8,6,-8,6,-10,7,-6,6,-9,8,-7,6,-10,7,-10,9,-6,7,-9,6,-7,5,-9,8,-8,7,-7,7,-7,6,-7,7,-5,8,-5,9,-6,7,-7,12,-6,8,-4,10,-5,9,-3,8,-3,9,-1,11,-3,10,-2,8,-2,9,1,8,1,11,0,11,0,15,0,10,3,11,0,12,1,9,1,12,5,13,4,11,3,11,3,12,5,12,6,13,5,13,0,0,0,0,0,0,12,-7,9,-6,14,-9,12,-8,8,-5,11,-8,9,-7,12,-10,9,-8,12,-10,11,-10,8,-8,8,-8,8,-8,8,-12,8,-11,7,-10,6,-9,9,-11,4,-10,4,-13,4,-11,7,-16,6,-13,5,-13,5,-13,3,-11,3,-15,3,-14,3,-13,3,-12,3,-15,0,-11,0,-15,1,-16,2,-19,4,-15,2,-16,3,-16,1,-13,2,-14,0,-17,2,-15,2,-12,2,-13,0,-12,0,-16,2,-13,3,-17,3,-13,3,-12,4,-10,3,-10,4,-10,4,-12,4,-9,4,-9,0,0,0,0,0,0,0,0,0,0]"""
1782116237968,2026-06-22T17:17:17.968,safe,transition,yja,stand_to_sit,t007,"CSI_DATA,1075622,1a:00:00:00:00:00,-66,11,-99,15,51,11,-1045179599,47,2,256,0,""[0,0,0,0,0,0,0,0,0,0,0,0,-13,-1,-11,-2,-8,-41,-10,-8,-6,-4,-36,-4,-14,0,-7,-13,13,0,4,-13,-6,-14,-6,-13,-11,-7,-9,-6,-10,-7,-10,0,-8,-9,-4,-8,0,-19,-5,-9,-4,-8,-5,-10,-3,-8,-5,-11,-4,-10,-3,-8,-1,-8,-3,-11,-3,-6,-6,-10,-3,-8,-6,-14,-2,-9,-4,-9,-2,-10,-4,-8,-3,-8,-6,-9,-6,-8,-4,-8,-5,-9,-5,-6,-8,-9,-5,-8,-8,-13,-6,-9,-8,-9,-6,-9,-5,-7,-6,-8,-9,-10,-8,-7,-9,-12,-7,-9,-8,-9,-9,-12,-7,-9,0,0,0,0,0,0,-13,8,-8,6,-16,10,-12,8,-7,4,-14,9,-8,5,-13,9,-8,7,-15,10,-13,8,-11,7,-9,7,-8,5,-11,8,-9,8,-10,7,-10,7,-13,8,-6,6,-11,11,-8,7,-14,11,-13,8,-10,8,-10,8,-8,5,-11,10,-12,9,-11,8,-9,7,-14,10,-8,7,-13,10,-9,8,-17,12,-15,7,-12,8,-15,7,-12,7,-10,5,-14,8,-14,6,-10,3,-15,4,-9,5,-15,6,-11,2,-19,2,-12,0,-13,0,-12,-1,-11,0,-8,0,-13,0,-10,-2,-10,-2,0,0,0,0,0,0,0,0,0,0]"""
1782116237980,2026-06-22T17:17:17.980,safe,transition,yja,stand_to_sit,t007,"CSI_DATA,1075623,1a:00:00:00:00:00,-67,11,-99,17,51,11,-1045167826,47,2,256,0,""[0,0,0,0,0,0,0,0,0,0,0,0,-6,-4,-6,-6,-6,-5,-5,-6,-5,-6,-5,-7,-5,-8,-5,-8,-8,-8,-4,-9,-3,-9,-4,-10,-4,-9,-5,-10,-4,-10,-4,-11,-4,-10,-5,-11,-3,-9,-4,-10,-4,-12,-4,-11,-1,-12,-3,-10,-1,-10,-2,-10,-2,-11,-3,-10,-4,-9,-4,-9,-3,-9,-4,-9,-4,-8,-4,-8,-4,-10,-5,-10,-5,-10,-4,-8,-5,-8,-6,-8,-5,-8,-8,-8,-8,-6,-7,-8,-6,-8,-7,-9,-7,-8,-8,-10,-9,-8,-9,-9,-9,-7,-10,-8,-11,-8,-9,-9,-10,-8,-11,-8,-10,-9,0,0,0,0,0,0,-9,11,-10,12,-10,10,-8,12,-10,11,-9,9,-8,12,-8,12,-10,11,-9,9,-8,10,-9,9,-8,11,-9,11,-8,10,-9,9,-7,12,-8,11,-8,11,-6,12,-4,11,-7,12,-5,11,-5,12,-7,12,-6,12,-7,13,-5,13,-7,12,-7,13,-6,14,-7,13,-5,15,-5,14,-6,14,-6,13,-7,12,-7,14,-9,13,-8,14,-9,13,-8,12,-8,11,-10,11,-9,11,-9,12,-8,10,-9,10,-8,7,-9,7,-10,8,-10,7,-9,8,-9,5,-9,5,-11,3,-10,3,0,0,0,0,0,0,0,0,0,0]"""
1782116237990,2026-06-22T17:17:17.990,safe,transition,yja,stand_to_sit,t007,"CSI_DATA,1075624,1a:00:00:00:00:00,-66,11,-99,17,51,11,-1045157599,47,2,256,0,""[0,0,0,0,0,0,0,0,0,0,0,0,-8,-1,-9,-2,-7,-2,-8,-2,-8,-3,-8,-4,-10,-4,-6,-3,-11,-5,-7,-5,-8,-6,-8,-6,-8,-7,-8,-8,-9,-9,-8,-5,-9,-8,-8,-7,-8,-9,-6,-8,-5,-7,-9,-8,-6,-8,-6,-10,-7,-10,-6,-8,-5,-9,-7,-9,-7,-6,-8,-8,-8,-8,-8,-7,-6,-7,-6,-7,-7,-7,-9,-7,-8,-6,-7,-5,-6,-6,-7,-7,-6,-8,-9,-4,-10,-4,-9,-7,-12,-8,-7,-4,-10,-5,-10,-6,-12,-6,-11,-6,-11,-6,-11,-6,-12,-5,-11,-6,-11,-7,-11,-7,-11,-6,0,0,0,0,0,0,-8,13,-7,11,-8,14,-8,12,-6,10,-9,12,-6,9,-8,12,-5,11,-8,13,-7,12,-7,10,-6,13,-8,9,-7,11,-8,12,-7,11,-8,11,-8,12,-4,11,-4,13,-5,13,-6,13,-5,13,-6,11,-4,14,-6,11,-7,12,-7,12,-6,12,-8,12,-8,15,-4,13,-5,14,-7,13,-8,16,-7,13,-7,14,-9,12,-8,12,-9,11,-9,12,-10,11,-10,9,-11,9,-8,11,-9,11,-12,8,-12,8,-9,6,-10,7,-11,5,-11,6,-10,2,-11,4,-11,2,-10,1,0,0,0,0,0,0,0,0,0,0]"""
1782116238000,2026-06-22T17:17:18.000,safe,transition,yja,stand_to_sit,t007,"CSI_DATA,1075625,1a:00:00:00:00:00,-67,11,-99,18,51,11,-1045146462,47,2,256,0,""[0,0,0,0,0,0,0,0,0,0,0,0,9,-1,7,0,9,0,8,0,9,0,8,0,8,0,12,0,10,2,11,0,10,0,11,0,10,1,11,3,9,2,14,4,11,3,13,4,8,4,7,3,10,4,9,4,13,3,10,4,10,3,11,3,11,4,10,3,12,7,9,6,9,4,6,3,9,2,9,3,10,1,12,3,11,3,10,2,12,3,11,1,10,1,11,4,10,3,10,0,7,1,13,0,11,1,12,-2,13,1,13,-1,9,0,14,1,12,0,15,0,13,2,12,0,14,0,0,0,0,0,0,0,1,-15,0,-17,0,-11,0,-14,1,-16,1,-13,2,-15,0,-11,2,-15,0,-12,0,-10,-1,-16,0,-15,-1,-15,0,-12,-3,-13,-2,-13,0,-14,-1,-12,0,-16,-1,-12,0,-14,0,-12,-1,-9,-3,-14,0,-15,-4,-16,-2,-13,-2,-13,-3,-14,-2,-16,-3,-13,1,-18,0,-14,-2,-16,0,-11,-2,-15,0,-15,-3,-15,0,-18,0,-16,1,-13,2,-15,2,-16,1,-14,5,-15,4,-12,2,-13,2,-8,3,-13,4,-10,3,-13,6,-10,5,-13,6,-7,7,-7,6,-7,0,0,0,0,0,0,0,0,0,0]"""
1782116238012,2026-06-22T17:17:18.012,safe,transition,yja,stand_to_sit,t007,"CSI_DATA,1075626,1a:00:00:00:00:00,-66,11,-99,13,52,11,-1045135599,47,2,256,0,""[0,0,0,0,0,0,0,0,0,0,0,0,-6,-6,-5,-7,-4,-7,-4,-7,-5,-7,-4,-8,-4,-9,-2,-8,-4,-10,-2,-11,-3,-10,-2,-11,-2,-10,-1,-12,-1,-12,-2,-11,-2,-10,-2,-12,0,-10,0,-12,0,-13,0,-12,0,-12,0,-11,0,-12,0,-11,0,-12,0,-12,-1,-10,-1,-10,-1,-11,0,-11,0,-10,0,-10,0,-10,-2,-11,-1,-11,-3,-10,-2,-10,-2,-10,-2,-11,-4,-10,-5,-9,-4,-11,-4,-11,-3,-11,-4,-11,-2,-10,-5,-11,-4,-12,-5,-10,-7,-12,-6,-12,-6,-11,-7,-11,-5,-12,-6,-12,0,0,0,0,0,0,-13,5,-13,6,-13,6,-13,7,-12,5,-14,6,-11,6,-12,5,-12,7,-12,6,-12,5,-12,4,-13,7,-13,4,-12,6,-12,5,-12,5,-12,6,-14,7,-10,8,-10,9,-12,8,-11,7,-11,6,-12,5,-12,8,-12,6,-11,7,-12,7,-12,8,-12,8,-13,8,-12,10,-12,10,-12,9,-14,7,-13,5,-14,6,-15,5,-15,6,-15,6,-14,6,-14,4,-14,4,-15,3,-13,4,-13,4,-13,2,-13,1,-12,0,-12,0,-12,-1,-12,0,-12,-2,-10,-1,-10,-2,-10,-2,0,0,0,0,0,0,0,0,0,0]"""
1782116238022,2026-06-22T17:17:18.022,safe,transition,yja,stand_to_sit,t007,"CSI_DATA,1075627,1a:00:00:00:00:00,-67,11,-99,18,51,11,-1045124599,47,2,256,0,""[0,0,0,0,0,0,0,0,0,0,0,0,-5,-6,-4,-6,-5,-8,-5,-6,-5,-9,-3,-7,-4,-6,-5,-9,-5,-9,-5,-11,-3,-9,-3,-11,-3,-9,-6,-11,-5,-10,-6,-11,-6,-9,-7,-11,-3,-8,-6,-9,-6,-10,-6,-10,-7,-12,-4,-9,-4,-10,-5,-9,-6,-11,-6,-8,-7,-10,-5,-7,-8,-9,-6,-5,-7,-5,-8,-6,-9,-5,-10,-6,-10,-6,-8,-5,-9,-6,-10,-5,-9,-3,-12,-4,-9,-3,-12,-2,-8,-1,-12,0,-11,-1,-13,1,-14,0,-14,0,-10,0,-14,0,-13,1,-16,0,-13,0,-11,1,-13,4,0,0,0,0,0,0,5,14,4,16,2,10,8,12,6,16,5,11,7,13,6,10,8,13,7,10,6,9,8,11,10,10,9,12,6,10,8,10,8,9,10,10,9,9,12,9,10,6,12,8,9,6,10,5,12,6,14,6,15,8,11,5,12,8,13,5,16,6,15,3,16,6,13,4,16,3,11,3,14,1,14,5,15,3,17,4,16,5,12,4,13,6,14,5,13,4,14,3,11,4,15,3,9,3,12,3,11,4,12,3,12,5,12,6,8,6,8,7,7,6,0,0,0,0,0,0,0,0,0,0]"""
1782116238033,2026-06-22T17:17:18.033,safe,transition,yja,stand_to_sit,t007,"CSI_DATA,1075628,1a:00:00:00:00:00,-66,11,-99,19,51,11,-1045113582,47,2,256,0,""[0,0,0,0,0,0,0,0,0,0,0,0,-4,5,-5,8,-4,5,-5,8,-5,7,-8,8,-8,8,-8,6,-8,7,-8,5,-8,5,-10,5,-9,6,-10,5,-13,6,-7,4,-10,6,-9,5,-12,5,-11,5,-10,4,-12,6,-10,2,-10,4,-11,4,-10,3,-11,2,-11,5,-8,5,-10,5,-8,3,-11,6,-9,5,-9,7,-9,5,-8,5,-8,5,-8,6,-8,6,-7,5,-10,7,-7,7,-7,8,-8,8,-11,10,-8,7,-7,10,-9,8,-8,10,-8,10,-8,11,-9,10,-9,9,-9,10,-8,11,-8,13,-11,12,0,0,0,0,0,0,14,10,9,8,12,10,11,8,8,8,10,10,10,8,13,9,9,8,11,10,12,8,10,7,12,7,9,7,10,8,11,8,10,7,10,8,13,9,10,5,13,6,11,6,14,8,13,5,13,6,14,6,10,6,12,6,14,7,12,6,11,8,15,8,13,5,14,6,13,8,17,8,12,6,14,5,14,9,13,8,11,8,11,10,11,10,9,10,10,11,10,8,11,10,9,11,8,13,6,10,8,10,5,10,6,11,5,10,4,11,2,10,2,10,0,0,0,0,0,0,0,0,0,0]"""
1782116238044,2026-06-22T17:17:18.044,safe,transition,yja,stand_to_sit,t007,"CSI_DATA,1075629,1a:00:00:00:00:00,-67,11,-99,16,51,11,-1045102599,47,2,256,0,""[0,0,0,0,0,0,0,0,0,0,0,0,7,-1,9,-1,5,0,11,0,6,-1,12,0,11,0,8,2,10,0,7,2,11,1,11,2,11,2,10,3,12,3,7,2,13,4,9,2,14,4,11,5,10,4,10,3,8,4,11,4,11,4,10,5,9,4,12,5,7,2,11,3,8,3,14,5,11,3,9,3,9,3,9,2,8,1,11,0,10,2,8,1,11,3,8,-1,13,-1,9,0,17,0,11,1,12,0,12,1,9,0,11,-1,14,-2,12,-1,15,0,12,0,14,-2,16,-1,13,-1,0,0,0,0,0,0,-1,-14,0,-9,-2,-18,-1,-13,-2,-8,0,-17,-1,-8,-2,-17,-1,-10,-2,-18,-1,-15,0,-13,-2,-12,0,-10,-1,-14,-3,-13,-2,-12,-1,-12,-3,-15,-4,-9,-6,-15,-4,-10,-6,-17,-5,-13,-3,-11,-4,-12,-3,-11,-5,-13,-5,-14,-5,-13,-4,-13,-5,-17,-4,-8,-8,-15,-5,-11,-6,-21,-3,-14,-5,-16,-2,-16,-3,-13,-1,-12,-4,-17,-2,-15,-1,-12,0,-14,-2,-10,-1,-17,0,-11,1,-19,1,-12,1,-12,4,-12,2,-10,3,-8,3,-12,3,-10,5,-10,0,0,0,0,0,0,0,0,0,0]"""
1782116238056,2026-06-22T17:17:18.056,safe,transition,yja,stand_to_sit,t007,"CSI_DATA,1075630,1a:00:00:00:00:00,-67,11,-99,16,51,11,-1045091599,47,2,256,0,""[0,0,0,0,0,0,0,0,0,0,0,0,-8,0,-9,-1,-8,-1,-9,-2,-10,-2,-9,-3,-9,-3,-7,-5,-11,-4,-8,-5,-9,-5,-9,-7,-9,-6,-9,-6,-10,-7,-10,-5,-10,-6,-9,-7,-8,-6,-10,-6,-8,-5,-10,-8,-7,-7,-6,-7,-8,-8,-8,-8,-8,-9,-8,-8,-8,-5,-9,-5,-9,-7,-9,-6,-7,-5,-8,-6,-9,-6,-10,-5,-8,-6,-9,-5,-9,-5,-9,-5,-8,-5,-10,-4,-10,-2,-11,-3,-11,-4,-10,-4,-11,-4,-11,-4,-12,-2,-13,-4,-11,-2,-14,-3,-13,-3,-13,-3,-13,-1,-13,-2,-13,-2,0,0,0,0,0,0,-2,15,-4,15,-1,14,-2,14,-3,14,-3,14,0,13,-1,14,-1,13,-1,13,-2,14,-3,12,0,15,-2,13,-1,12,-1,14,-1,13,0,13,0,15,1,13,1,13,0,14,0,12,0,13,0,13,1,15,0,14,1,14,0,14,0,13,1,15,0,16,3,15,2,15,1,16,0,15,0,13,0,16,-1,16,0,16,-2,16,0,15,-2,15,-1,14,-3,14,-1,14,-2,15,-4,13,-5,12,-5,11,-5,11,-6,10,-5,11,-6,9,-6,9,-7,9,-7,7,0,0,0,0,0,0,0,0,0,0]"""
1782116238070,2026-06-22T17:17:18.070,safe,transition,yja,stand_to_sit,t007,"CSI_DATA,1075631,1a:00:00:00:00:00,-66,11,-99,20,50,11,-1045076966,47,2,256,0,""[0,0,0,0,0,0,0,0,0,0,0,0,19,14,-20,-4,0,-18,-22,-25,-13,7,6,-13,4,13,4,-17,1,-18,1,2,-16,-12,-4,-16,-8,-11,-11,-20,0,-13,-6,-4,-2,-13,-13,-7,-6,-4,-7,-10,-2,-9,-9,-9,-6,-10,-4,-9,-6,-10,-7,-8,-9,-9,-10,-8,-9,-6,-8,-6,-8,-4,-8,-4,-10,-5,-9,-4,-11,-4,-11,-3,-10,-1,-9,-1,-10,-1,-10,0,-11,-1,-12,3,-11,2,-12,1,-11,2,-8,3,-11,5,-11,4,-12,6,-11,6,-10,5,-11,9,-11,8,-10,8,-11,8,-10,10,-8,10,0,0,0,0,0,0,12,9,12,8,10,7,12,7,14,8,12,7,13,4,12,4,13,5,12,3,11,3,12,3,16,0,13,2,13,1,13,0,13,0,14,0,15,0,13,-4,12,-5,14,-5,12,-5,11,-5,13,-5,13,-8,13,-6,13,-6,12,-7,11,-8,13,-10,12,-9,11,-11,10,-10,11,-11,10,-10,11,-11,9,-11,11,-11,10,-13,11,-12,10,-11,10,-11,10,-11,11,-10,8,-12,9,-11,9,-11,8,-9,8,-9,9,-9,9,-9,8,-10,9,-8,8,-7,8,-8,9,-6,0,0,0,0,0,0,0,0,0,0]"""
1782116238080,2026-06-22T17:17:18.080,safe,transition,yja,stand_to_sit,t007,"CSI_DATA,1075632,1a:00:00:00:00:00,-66,11,-99,18,51,11,-1045068999,47,2,256,0,""[0,0,0,0,0,0,0,0,0,0,0,0,4,-6,6,-6,6,-5,7,-5,6,-5,9,-6,9,-5,8,-3,7,-4,9,-4,9,-7,8,-6,8,-6,8,-5,9,-4,10,-4,11,-4,9,-5,12,-4,13,-4,9,-3,11,-3,9,-3,11,-6,9,-5,9,-5,9,-5,9,-4,9,-4,9,-5,9,-5,10,-6,12,-5,9,-5,9,-5,8,-4,7,-7,8,-8,6,-8,6,-7,6,-8,6,-7,7,-9,6,-8,8,-10,6,-10,6,-9,7,-10,6,-9,5,-11,5,-13,5,-12,5,-12,5,-12,4,-13,6,-13,6,-13,0,0,0,0,0,0,-13,-5,-11,-6,-16,-6,-12,-5,-11,-3,-13,-4,-13,-5,-14,-4,-12,-3,-15,-3,-14,-4,-12,-2,-12,-3,-13,-1,-15,0,-13,0,-13,0,-13,0,-13,0,-13,0,-14,0,-12,1,-16,0,-15,1,-15,1,-13,0,-13,2,-15,4,-14,3,-13,4,-13,3,-14,3,-16,1,-16,3,-14,3,-19,3,-18,0,-16,1,-16,0,-14,0,-14,1,-16,3,-16,1,-14,2,-15,0,-14,0,-16,0,-14,0,-16,-2,-15,-3,-13,-3,-12,-4,-11,-4,-11,-3,-13,-3,-10,-3,-8,-4,0,0,0,0,0,0,0,0,0,0]"""
1782116238089,2026-06-22T17:17:18.089,safe,transition,yja,stand_to_sit,t007,"CSI_DATA,1075633,1a:00:00:00:00:00,-66,11,-99,16,51,11,-1045058501,47,2,256,0,""[0,0,0,0,0,0,0,0,0,0,0,0,7,3,7,2,8,4,8,3,9,3,8,5,8,5,8,5,7,4,9,6,9,5,7,6,8,6,8,6,8,6,7,8,7,8,8,8,9,8,11,10,11,10,6,7,8,8,8,7,8,8,7,7,7,6,6,5,8,8,9,7,9,7,9,7,9,7,7,6,9,5,7,5,9,6,9,5,9,5,9,4,9,3,10,5,11,4,11,4,11,3,12,3,11,3,11,1,11,3,12,3,13,3,11,2,11,1,15,3,14,2,12,2,15,2,0,0,0,0,0,0,1,-14,2,-13,0,-16,0,-15,1,-13,0,-12,1,-15,0,-14,0,-15,0,-14,0,-15,0,-14,0,-11,0,-14,-1,-15,0,-13,-1,-14,0,-13,-2,-11,-1,-14,-3,-12,-3,-14,-3,-15,-3,-15,-5,-14,-3,-12,-3,-13,-5,-15,-4,-14,-4,-15,-4,-14,-4,-12,-4,-17,-3,-14,-5,-15,-3,-17,-5,-18,-3,-17,-4,-17,-1,-15,-1,-16,-2,-16,0,-17,-1,-15,0,-14,0,-15,0,-14,0,-15,2,-14,1,-15,2,-13,2,-12,3,-11,3,-12,5,-12,5,-9,5,-9,0,0,0,0,0,0,0,0,0,0]"""
1782116238100,2026-06-22T17:17:18.100,safe,transition,yja,stand_to_sit,t007,"CSI_DATA,1075634,1a:00:00:00:00:00,-66,11,-99,18,51,11,-1045047548,47,2,256,0,""[0,0,0,0,0,0,0,0,0,0,0,0,4,-5,6,-6,4,-4,7,-7,5,-5,9,-7,9,-5,7,-4,8,-5,6,-4,9,-6,9,-5,9,-6,9,-4,12,-6,6,-4,11,-6,8,-4,12,-6,13,-3,10,-2,11,-5,8,-3,11,-6,10,-5,9,-4,9,-4,11,-4,7,-4,11,-6,7,-4,13,-7,9,-5,8,-6,9,-6,7,-5,6,-4,7,-8,7,-7,7,-7,9,-8,3,-6,8,-10,6,-9,9,-12,8,-7,6,-10,8,-9,5,-8,6,-9,6,-13,5,-11,7,-12,5,-10,4,-13,7,-15,6,-12,0,0,0,0,0,0,-14,-6,-11,-4,-18,-7,-11,-6,-8,-3,-16,-5,-10,-3,-17,-6,-10,-3,-17,-7,-14,-6,-12,-6,-13,-3,-10,-3,-15,-3,-13,-2,-13,-2,-13,-1,-15,-3,-11,0,-16,0,-12,-1,-17,-1,-16,0,-14,-1,-13,0,-12,0,-16,0,-16,0,-14,0,-14,0,-18,0,-12,2,-17,0,-13,0,-22,0,-17,-2,-16,-1,-17,-3,-15,-3,-13,-1,-17,0,-16,0,-13,-1,-16,-4,-12,-1,-17,-2,-11,-5,-17,-8,-11,-6,-12,-6,-10,-8,-10,-6,-9,-6,-11,-6,-9,-6,-8,-8,0,0,0,0,0,0,0,0,0,0]"""
1782116238114,2026-06-22T17:17:18.114,safe,transition,yja,stand_to_sit,t007,"CSI_DATA,1075635,1a:00:00:00:00:00,-66,11,-99,20,50,11,-1045033490,47,2,256,0,""[0,0,0,0,0,0,0,0,0,0,0,0,-3,8,-3,8,-3,8,-3,8,-3,8,-4,8,-5,8,-5,7,-3,10,-5,9,-5,9,-5,10,-5,10,-4,10,-5,10,-3,11,-3,11,-3,11,-3,9,-4,11,-4,11,-2,12,-4,11,-1,11,-2,11,-1,10,-2,11,-1,11,0,11,2,11,0,11,2,11,2,10,2,10,2,11,3,11,3,11,4,9,5,9,6,10,5,9,8,8,8,7,10,7,8,8,8,8,9,7,10,7,10,5,13,6,12,4,12,4,14,5,13,4,14,2,15,2,16,1,0,0,0,0,0,0,0,-17,-1,-16,-1,-16,0,-15,0,-15,-1,-15,-3,-14,-4,-14,-3,-15,-4,-13,-5,-14,-2,-14,-7,-13,-7,-13,-6,-13,-6,-13,-8,-11,-8,-11,-8,-11,-11,-9,-11,-9,-11,-10,-11,-9,-11,-7,-11,-10,-14,-7,-13,-9,-13,-7,-14,-7,-14,-5,-15,-6,-15,-6,-17,-2,-17,-2,-17,-4,-17,-4,-15,-3,-17,-3,-16,-5,-17,-1,-17,-5,-16,-3,-16,-3,-16,-3,-16,-3,-17,-1,-16,-1,-15,-2,-14,-2,-12,-2,-13,-4,-13,-4,-13,-3,-13,-5,-11,-4,-11,-5,-11,-5,0,0,0,0,0,0,0,0,0,0]"""
1782116238124,2026-06-22T17:17:18.124,safe,transition,yja,stand_to_sit,t007,"CSI_DATA,1075636,1a:00:00:00:00:00,-66,11,-99,15,50,11,-1045025599,47,2,256,0,""[0,0,0,0,0,0,0,0,0,0,0,0,-10,-11,-5,-5,35,-2,0,-12,0,-6,27,-9,1,-15,-3,-2,-6,-32,-7,-20,-2,-13,-1,-13,-4,-7,-2,-11,-2,-10,-11,-10,-2,-9,3,-13,2,-6,0,-11,-1,-15,2,-9,-1,-13,0,-11,0,-12,0,-11,0,-11,0,-10,0,-12,0,-11,1,-11,-2,-9,-2,-10,-3,-11,-3,-10,-4,-10,-3,-11,-1,-11,-5,-11,-5,-12,-4,-11,-4,-12,-3,-10,-5,-10,-5,-7,-7,-8,-6,-9,-9,-9,-10,-11,-9,-10,-6,-11,-8,-11,-7,-11,-10,-12,-7,-12,-9,-11,-11,-11,0,0,0,0,0,0,-12,10,-14,11,-10,10,-12,11,-14,11,-11,6,-13,12,-9,10,-13,10,-9,9,-7,9,-10,12,-8,12,-9,15,-9,10,-7,11,-8,12,-10,12,-8,11,-8,13,-6,11,-9,13,-5,11,-4,13,-6,14,-5,16,-5,15,-6,13,-6,15,-6,15,-7,15,-6,14,-7,18,-6,14,-9,16,-6,14,-6,16,-5,17,-5,17,-6,16,-8,16,-10,12,-7,15,-10,15,-10,12,-10,13,-11,10,-11,12,-7,9,-9,12,-9,10,-9,11,-10,10,-11,8,-11,5,-11,6,-10,4,0,0,0,0,0,0,0,0,0,0]"""
1782116238133,2026-06-22T17:17:18.133,safe,transition,yja,stand_to_sit,t007,"CSI_DATA,1075637,1a:00:00:00:00:00,-66,11,-99,19,50,11,-1045014427,47,2,256,0,""[0,0,0,0,0,0,0,0,0,0,0,0,1,8,0,7,2,10,1,8,0,11,0,8,0,8,0,9,1,9,2,12,0,10,0,9,0,11,-1,13,0,10,-1,13,-1,10,-3,13,0,10,0,13,0,14,0,12,0,12,-2,10,0,12,-1,11,-2,12,-1,10,-2,13,0,11,-2,12,0,9,2,11,2,10,3,11,2,12,2,11,0,11,4,11,2,13,4,11,3,13,2,10,4,12,3,8,7,9,6,11,8,9,8,12,9,12,6,11,7,11,7,11,9,12,8,13,8,9,11,12,0,0,0,0,0,0,11,-9,16,-10,9,-9,12,-9,14,-12,11,-7,14,-11,8,-9,14,-10,8,-10,8,-10,9,-13,8,-14,8,-14,10,-10,8,-11,8,-13,9,-13,7,-11,9,-15,6,-10,8,-13,4,-11,4,-13,4,-16,5,-17,4,-17,8,-15,5,-16,5,-16,7,-17,4,-14,7,-18,6,-14,7,-16,3,-14,3,-17,4,-17,2,-18,5,-17,6,-17,9,-13,7,-16,10,-17,8,-15,10,-15,9,-10,10,-14,6,-9,9,-12,8,-10,7,-13,9,-12,10,-10,10,-8,10,-7,10,-7,0,0,0,0,0,0,0,0,0,0]"""
1782116238143,2026-06-22T17:17:18.143,safe,transition,yja,stand_to_sit,t007,"CSI_DATA,1075638,1a:00:00:00:00:00,-65,11,-99,19,50,11,-1045003589,47,2,256,0,""[0,0,0,0,0,0,0,0,0,0,0,0,0,8,0,9,0,9,-1,9,-1,9,0,9,0,9,-2,9,0,11,-4,9,-3,10,-4,11,-4,10,-5,11,-5,12,-2,12,-2,12,-3,12,-4,11,-5,10,-7,10,-4,12,-6,11,-5,10,-5,11,-4,10,-4,12,-5,11,-1,12,-3,11,-3,11,-2,11,-2,10,-3,11,-2,11,0,12,-2,12,0,11,0,11,0,12,0,12,2,11,4,12,2,13,1,13,0,12,2,13,2,14,4,14,3,14,5,14,5,16,5,15,5,14,8,13,5,15,7,15,0,0,0,0,0,0,15,-7,16,-7,15,-7,14,-7,15,-7,14,-7,13,-8,14,-8,13,-6,12,-7,13,-7,13,-6,13,-10,14,-7,12,-8,13,-9,12,-8,12,-10,13,-9,9,-12,9,-12,11,-11,10,-10,9,-10,11,-10,10,-14,11,-11,10,-11,11,-14,9,-12,10,-14,12,-14,8,-14,9,-15,9,-15,11,-15,11,-12,12,-14,13,-13,12,-14,13,-13,11,-12,12,-12,12,-11,15,-11,10,-14,11,-12,12,-9,13,-8,12,-6,14,-8,14,-6,13,-6,13,-4,12,-4,13,-3,12,-2,0,0,0,0,0,0,0,0,0,0]"""
1782116238154,2026-06-22T17:17:18.154,safe,transition,yja,stand_to_sit,t007,"CSI_DATA,1075639,1a:00:00:00:00:00,-65,11,-99,17,50,11,-1044992559,47,2,256,0,""[0,0,0,0,0,0,0,0,0,0,0,0,6,-2,10,-1,8,-1,10,0,10,0,11,0,10,2,9,1,10,2,9,4,12,3,11,4,11,4,11,4,13,5,9,2,12,6,11,4,13,8,12,7,8,6,11,9,7,7,11,9,10,9,8,7,8,7,9,9,8,6,10,8,9,8,11,10,8,9,8,8,9,10,7,8,9,6,11,6,8,7,8,6,8,9,10,3,12,5,11,9,13,9,7,9,11,7,8,9,10,8,12,9,15,8,12,6,12,8,13,10,15,7,13,11,12,10,0,0,0,0,0,0,12,-13,12,-11,13,-13,11,-12,9,-9,13,-13,9,-11,14,-12,10,-12,13,-11,14,-10,12,-7,11,-11,13,-8,12,-11,12,-11,12,-10,12,-10,14,-11,9,-8,11,-13,11,-10,14,-11,14,-11,14,-8,13,-11,12,-9,13,-12,13,-12,12,-10,11,-8,16,-9,12,-11,15,-12,16,-10,20,-12,18,-5,16,-8,19,-6,17,-4,17,-5,18,-8,17,-4,14,-3,17,0,14,-3,17,-3,17,0,20,2,15,4,15,2,14,7,13,6,12,6,14,6,10,6,11,7,0,0,0,0,0,0,0,0,0,0]"""
1782116238165,2026-06-22T17:17:18.165,safe,transition,yja,stand_to_sit,t007,"CSI_DATA,1075640,1a:00:00:00:00:00,-65,11,-99,16,50,11,-1044981600,47,2,256,0,""[0,0,0,0,0,0,0,0,0,0,0,0,3,-8,2,-7,5,-10,2,-7,5,-10,4,-8,4,-9,3,-12,4,-8,4,-12,4,-10,2,-9,3,-12,4,-10,3,-8,5,-14,3,-10,4,-13,4,-10,3,-12,2,-13,4,-11,2,-14,2,-12,1,-12,0,-12,0,-12,-1,-9,1,-15,0,-11,-1,-12,-1,-9,-4,-13,-2,-11,-5,-10,-4,-11,-6,-11,-6,-10,-7,-10,-8,-9,-6,-8,-9,-12,-7,-8,-10,-9,-9,-6,-13,-8,-12,-6,-12,-5,-13,-6,-14,-7,-13,-5,-13,-3,-13,-3,-18,-4,-15,-5,-13,-2,-18,-2,0,0,0,0,0,0,-1,17,1,19,1,13,2,17,2,20,2,13,4,19,2,13,5,19,6,13,6,15,9,14,6,14,11,14,11,11,10,11,12,11,10,10,9,8,14,12,10,8,15,9,13,5,14,9,16,7,15,7,18,5,17,4,17,4,18,3,18,2,14,0,22,6,17,4,17,2,14,1,21,1,19,2,18,0,19,2,20,0,18,0,18,0,19,1,16,0,19,3,14,2,18,0,12,0,19,0,15,1,15,0,13,2,16,0,15,2,12,1,11,1,0,0,0,0,0,0,0,0,0,0]"""
1782116238178,2026-06-22T17:17:18.178,safe,transition,yja,stand_to_sit,t007,"CSI_DATA,1075641,1a:00:00:00:00:00,-65,11,-99,19,49,11,-1044970600,47,2,256,0,""[0,0,0,0,0,0,0,0,0,0,0,0,-6,-5,-7,-5,-5,-6,-7,-7,-6,-6,-7,-11,-6,-9,-5,-9,-4,-9,-3,-9,-5,-11,-3,-12,-3,-12,-2,-11,-2,-13,-1,-10,-2,-13,-2,-11,-2,-15,1,-14,1,-12,1,-11,0,-12,1,-13,2,-13,2,-12,2,-13,1,-13,2,-11,1,-13,0,-12,1,-15,1,-13,1,-13,1,-13,0,-12,0,-11,0,-13,1,-11,1,-11,0,-13,-1,-11,-2,-13,0,-13,0,-18,0,-14,-1,-14,0,-14,0,-13,0,-14,0,-18,-1,-15,-2,-16,1,-15,0,-16,0,-18,1,-15,0,0,0,0,0,0,-18,0,-14,0,-20,-1,-17,0,-14,0,-20,0,-15,-3,-19,-2,-15,0,-20,-3,-19,-1,-15,-1,-15,-1,-14,-2,-18,-1,-16,-1,-17,-2,-15,-1,-16,-1,-14,-2,-19,-1,-16,0,-19,-2,-19,-1,-16,-2,-15,-2,-15,-2,-19,-2,-18,-3,-17,-1,-15,-2,-18,-3,-17,-3,-20,-2,-16,-3,-23,-8,-18,-6,-18,-7,-18,-8,-15,-7,-14,-7,-19,-9,-15,-11,-14,-10,-14,-10,-12,-10,-14,-14,-13,-9,-12,-15,-11,-13,-8,-13,-8,-13,-5,-13,-4,-11,-4,-15,-2,-12,-2,-14,0,0,0,0,0,0,0,0,0,0]"""
1782116238190,2026-06-22T17:17:18.190,safe,transition,yja,stand_to_sit,t007,"CSI_DATA,1075642,1a:00:00:00:00:00,-65,11,-99,19,49,11,-1044956110,47,2,256,0,""[0,0,0,0,0,0,0,0,0,0,0,0,4,8,3,7,5,10,3,7,2,11,3,8,3,8,3,11,3,11,4,13,1,11,1,11,2,12,0,13,1,11,-1,15,-2,12,-4,15,-1,10,0,10,0,14,-1,14,-1,14,-3,12,-1,13,-1,13,-3,13,-3,12,-4,14,-3,12,-5,12,-1,9,0,12,0,13,1,12,-1,13,0,14,-2,12,0,13,0,15,0,12,-3,14,-2,13,0,14,0,10,2,14,1,13,4,14,2,17,3,16,0,14,1,18,0,14,1,17,0,16,3,16,3,16,0,0,0,0,0,0,16,0,22,-1,14,-2,18,0,21,-2,15,1,20,1,15,0,20,1,14,-1,14,-2,17,-3,16,-2,20,-6,14,-2,16,-3,16,-4,18,-2,15,-3,19,-2,15,-2,19,-2,13,-4,14,-3,18,-6,18,-5,20,-6,16,-3,17,-6,19,-6,20,-3,16,-3,22,-2,18,-2,20,-1,15,-2,19,-4,19,-3,19,-6,22,0,21,-1,17,2,20,0,20,2,19,3,18,5,15,6,17,6,11,4,15,4,14,5,15,4,14,9,15,6,10,9,10,10,9,10,0,0,0,0,0,0,0,0,0,0]"""
1782116238200,2026-06-22T17:17:18.200,safe,transition,yja,stand_to_sit,t007,"CSI_DATA,1075643,1a:00:00:00:00:00,-65,11,-99,20,49,11,-1044948312,47,2,256,0,""[0,0,0,0,0,0,0,0,0,0,0,0,-2,-8,-2,-7,-2,-9,-2,-9,-2,-10,0,-10,-2,-10,-2,-11,0,-10,-2,-12,-1,-11,0,-11,0,-12,0,-12,-1,-11,0,-14,0,-12,-2,-13,0,-13,-1,-13,-1,-14,0,-12,0,-14,-1,-14,0,-13,0,-13,-1,-13,-2,-10,-1,-14,-2,-11,-3,-12,-2,-12,-4,-13,-3,-12,-5,-13,-3,-10,-4,-12,-5,-11,-5,-11,-7,-11,-8,-9,-6,-12,-7,-10,-10,-9,-7,-9,-11,-10,-9,-11,-10,-8,-11,-10,-12,-11,-11,-10,-10,-10,-11,-8,-14,-10,-14,-9,-12,-8,-16,-8,0,0,0,0,0,0,-5,15,-7,18,-7,16,-4,17,-7,18,-4,15,-6,18,-3,15,-3,19,-4,15,-4,16,-2,18,-3,15,-2,18,-1,17,-1,16,0,17,0,17,2,15,0,18,1,16,3,18,1,17,4,18,5,19,2,16,3,18,5,18,4,18,5,18,6,18,7,14,6,21,6,18,8,18,5,17,8,20,5,19,7,18,5,17,4,18,4,19,3,20,4,19,6,15,3,19,1,17,5,18,1,14,3,18,0,15,1,15,0,14,0,17,-1,15,-4,13,-3,12,0,0,0,0,0,0,0,0,0,0]"""
1782116238210,2026-06-22T17:17:18.210,safe,transition,yja,stand_to_sit,t007,"CSI_DATA,1075644,1a:00:00:00:00:00,-65,11,-99,20,49,11,-1044937560,47,2,256,0,""[0,0,0,0,0,0,0,0,0,0,0,0,9,3,7,3,9,5,7,3,8,6,7,5,8,5,10,7,8,7,10,7,9,7,9,8,8,8,10,8,8,6,10,11,9,8,10,9,7,8,10,8,12,7,8,9,11,9,9,8,8,9,10,8,10,9,10,6,11,10,8,7,11,5,8,6,11,5,9,7,11,5,10,6,13,5,11,4,12,4,12,3,11,1,15,3,12,3,12,0,11,1,14,-1,15,1,14,-1,15,0,15,0,14,0,17,0,15,-2,18,-2,16,-3,15,-3,16,-4,0,0,0,0,0,0,-4,-15,-5,-19,-4,-14,-8,-16,-7,-18,-6,-14,-7,-18,-6,-15,-8,-15,-7,-14,-7,-14,-10,-15,-6,-13,-11,-14,-10,-13,-9,-13,-9,-12,-11,-13,-11,-11,-13,-13,-12,-11,-14,-11,-10,-10,-12,-11,-14,-10,-12,-10,-15,-11,-14,-9,-13,-10,-15,-9,-17,-10,-15,-6,-18,-13,-14,-9,-17,-8,-13,-8,-19,-8,-15,-11,-18,-8,-15,-10,-16,-12,-14,-10,-13,-13,-15,-12,-14,-10,-14,-14,-12,-12,-15,-10,-10,-9,-13,-12,-9,-11,-12,-10,-9,-12,-10,-12,-8,-11,-6,-11,-5,-11,0,0,0,0,0,0,0,0,0,0]"""
1782116238225,2026-06-22T17:17:18.225,safe,transition,yja,stand_to_sit,t007,"CSI_DATA,1075645,1a:00:00:00:00:00,-65,11,-99,20,49,11,-1044922882,47,2,256,0,""[0,0,0,0,0,0,0,0,0,0,0,0,-8,-24,21,3,-3,-6,-8,7,9,12,11,-3,7,1,29,8,5,-4,12,-6,28,-14,9,-5,8,-2,4,9,11,-2,14,-5,8,-8,11,-1,12,0,10,0,13,2,13,-2,13,0,11,0,13,0,12,0,13,0,12,0,13,-2,11,-1,12,0,10,-1,12,-1,12,-1,12,-2,12,-3,13,-3,11,-1,11,-2,12,-2,12,-3,12,-5,11,-4,13,-4,9,-4,10,-7,13,-7,11,-6,12,-8,14,-7,13,-5,14,-6,14,-9,13,-9,14,-7,14,-8,13,-9,0,0,0,0,0,0,-8,-17,-10,-15,-7,-12,-9,-16,-8,-15,-7,-14,-9,-15,-9,-14,-8,-16,-9,-12,-9,-13,-9,-14,-11,-13,-8,-15,-7,-13,-9,-13,-9,-13,-9,-14,-9,-13,-12,-12,-11,-10,-10,-14,-10,-10,-11,-10,-12,-12,-15,-13,-13,-13,-10,-13,-11,-12,-12,-12,-12,-14,-12,-14,-14,-13,-12,-12,-12,-14,-10,-12,-13,-15,-12,-15,-11,-14,-12,-14,-11,-17,-8,-15,-8,-17,-8,-17,-6,-16,-9,-16,-6,-14,-5,-17,-4,-14,-4,-13,-4,-15,-2,-15,-3,-15,-1,-15,1,-14,1,-13,3,-13,0,0,0,0,0,0,0,0,0,0]"""
1782116238235,2026-06-22T17:17:18.235,safe,transition,yja,stand_to_sit,t007,"CSI_DATA,1075646,1a:00:00:00:00:00,-65,11,-99,20,49,11,-1044913234,47,2,256,0,""[0,0,0,0,0,0,0,0,0,0,0,0,-2,7,-3,8,-2,7,-3,9,-3,9,-6,9,-7,8,-6,6,-6,8,-6,7,-7,10,-7,9,-7,9,-7,8,-9,10,-7,7,-7,10,-6,10,-9,11,-10,8,-10,7,-8,9,-10,7,-8,11,-8,10,-8,8,-6,7,-8,10,-5,9,-6,11,-6,11,-7,14,-7,10,-6,10,-6,10,-5,9,-4,9,-3,12,-3,11,-2,11,-4,11,1,10,0,13,-1,14,-2,17,-1,13,0,12,-2,14,0,12,1,15,3,16,3,13,3,13,2,15,6,15,4,15,2,15,0,0,0,0,0,0,15,-5,13,-4,19,-7,16,-4,12,-3,16,-6,12,-7,17,-8,13,-7,18,-6,17,-5,13,-5,13,-7,13,-6,14,-8,14,-9,12,-9,10,-8,14,-8,9,-10,10,-11,10,-10,13,-13,13,-13,12,-10,11,-12,11,-8,10,-14,10,-13,10,-13,10,-11,13,-13,8,-14,8,-15,11,-17,13,-19,14,-13,11,-16,15,-14,11,-12,12,-13,11,-16,11,-14,9,-11,13,-11,10,-13,11,-14,13,-11,18,-11,13,-6,14,-8,13,-5,12,-8,12,-5,14,-7,12,-5,11,-4,0,0,0,0,0,0,0,0,0,0]"""
1782116238245,2026-06-22T17:17:18.245,safe,transition,yja,stand_to_sit,t007,"CSI_DATA,1075647,1a:00:00:00:00:00,-65,11,-99,16,50,11,-1044904600,47,2,256,0,""[0,0,0,0,0,0,0,0,0,0,0,0,7,-4,7,-3,9,-4,7,-4,9,-4,8,-3,7,-2,9,-4,10,-3,11,-6,9,-3,9,-3,10,-3,12,-3,10,-3,13,-3,11,-2,13,-4,10,-3,11,-2,13,-4,12,-1,12,-4,11,-3,12,-4,10,-3,11,-4,9,-4,13,-4,11,-4,10,-5,8,-4,10,-6,9,-5,9,-7,9,-6,10,-8,7,-7,9,-9,8,-10,6,-9,10,-10,8,-8,6,-11,5,-6,5,-12,6,-11,3,-12,4,-14,5,-14,6,-12,5,-12,5,-13,4,-15,4,-15,4,-14,4,-16,0,0,0,0,0,0,-17,-1,-19,-2,-14,-2,-15,0,-19,-3,-14,-1,-19,-1,-15,0,-19,0,-14,0,-14,0,-15,2,-14,1,-17,4,-14,2,-14,1,-16,4,-15,5,-14,6,-18,4,-13,5,-15,7,-12,5,-13,6,-14,8,-14,8,-15,10,-13,9,-15,9,-14,11,-14,10,-11,10,-18,10,-15,9,-13,11,-11,8,-13,12,-15,10,-12,12,-15,10,-15,11,-14,7,-16,9,-16,10,-13,9,-17,7,-14,6,-14,9,-9,4,-13,7,-12,5,-13,7,-14,4,-14,6,-11,2,-12,2,-11,1,0,0,0,0,0,0,0,0,0,0]"""
1782116238254,2026-06-22T17:17:18.254,safe,transition,yja,stand_to_sit,t007,"CSI_DATA,1075648,1a:00:00:00:00:00,-66,11,-99,18,50,11,-1044893197,47,2,256,0,""[0,0,0,0,0,0,0,0,0,0,0,0,-6,1,-8,1,-8,0,-10,1,-8,0,-10,0,-10,0,-10,0,-9,-1,-9,0,-11,0,-10,0,-11,-1,-11,-1,-11,-2,-10,-3,-13,-3,-10,-3,-13,-6,-10,-4,-11,-4,-9,-5,-10,-4,-12,-4,-11,-5,-11,-4,-10,-4,-10,-4,-10,-5,-11,-5,-8,-3,-12,-4,-11,-4,-11,-3,-11,-3,-9,-3,-8,-2,-11,-2,-12,-2,-10,-2,-12,-1,-10,-2,-13,-1,-10,-1,-13,-2,-13,0,-11,-1,-12,0,-12,-1,-12,-1,-14,-1,-12,0,-14,0,-14,0,-15,0,-17,0,-15,-1,0,0,0,0,0,0,-1,16,0,14,0,18,0,16,-1,13,0,16,-1,15,-1,18,0,13,0,17,0,17,0,15,-1,14,1,15,0,16,1,14,1,14,0,15,0,16,0,14,1,17,1,14,1,18,3,17,2,16,0,15,2,14,3,16,3,17,2,17,0,15,1,16,0,16,0,18,0,15,0,20,0,18,0,18,0,17,-3,16,0,14,-1,18,-3,17,-2,16,-3,17,-5,15,-7,17,-4,13,-7,15,-6,14,-7,12,-7,12,-8,10,-7,8,-9,9,-8,7,-9,7,0,0,0,0,0,0,0,0,0,0]"""
1782116238264,2026-06-22T17:17:18.264,safe,transition,yja,stand_to_sit,t007,"CSI_DATA,1075649,1a:00:00:00:00:00,-66,11,-99,21,50,11,-1044882600,47,2,256,0,""[0,0,0,0,0,0,0,0,0,0,0,0,0,-8,0,-7,2,-9,1,-8,2,-10,2,-8,2,-8,2,-11,3,-8,1,-12,2,-9,3,-10,3,-10,4,-11,3,-10,4,-12,3,-10,4,-12,4,-9,5,-10,5,-14,4,-10,3,-13,2,-11,3,-10,3,-11,3,-12,0,-9,4,-12,3,-11,1,-11,1,-9,0,-12,0,-11,0,-10,-1,-10,-1,-11,-1,-10,-1,-12,-2,-12,-4,-9,-2,-13,-3,-11,-5,-10,-3,-8,-9,-11,-5,-9,-8,-8,-6,-12,-8,-12,-7,-11,-7,-11,-8,-10,-11,-11,-8,-11,-8,-10,-13,-9,0,0,0,0,0,0,-9,10,-10,13,-6,10,-6,13,-10,14,-7,10,-10,14,-7,13,-8,15,-5,11,-6,11,-4,15,-6,13,-4,16,-4,13,-3,12,-3,14,-2,16,-2,12,-3,15,0,13,0,15,-1,12,0,14,0,16,0,15,2,16,0,15,1,16,2,16,3,17,4,13,0,19,1,16,4,15,1,13,4,17,0,16,4,16,2,17,2,17,1,15,0,17,0,18,2,15,0,16,-1,13,1,15,0,11,0,16,-1,13,1,14,-2,13,-2,14,-3,11,-2,11,-3,9,0,0,0,0,0,0,0,0,0,0]"""
1782116238279,2026-06-22T17:17:18.279,safe,transition,yja,stand_to_sit,t007,"CSI_DATA,1075650,1a:00:00:00:00:00,-66,11,-99,15,51,11,-1044868358,47,2,256,0,""[0,0,0,0,0,0,0,0,0,0,0,0,-4,-6,-3,-6,-4,-8,-3,-8,-3,-10,-2,-8,-2,-8,-2,-10,-1,-8,-3,-11,-2,-10,-1,-10,-1,-10,0,-12,-1,-10,0,-14,-1,-9,0,-12,0,-11,1,-9,1,-13,1,-10,0,-12,1,-9,0,-11,0,-10,0,-11,0,-9,1,-13,0,-11,0,-11,0,-8,0,-11,0,-11,0,-10,-1,-11,0,-11,0,-10,-1,-11,-2,-11,-2,-10,-1,-12,-1,-10,-5,-9,-1,-8,-5,-12,-4,-9,-6,-10,-3,-13,-4,-12,-3,-11,-5,-12,-6,-12,-5,-13,-4,-13,-5,-13,-7,-13,0,0,0,0,0,0,-13,7,-14,7,-11,5,-13,6,-14,8,-11,5,-15,7,-12,7,-14,8,-11,6,-11,6,-13,8,-12,5,-12,8,-10,7,-11,7,-12,8,-11,8,-10,8,-12,9,-9,8,-12,9,-10,8,-10,8,-13,9,-11,8,-12,10,-11,10,-11,8,-11,10,-12,10,-9,9,-17,9,-13,8,-12,9,-11,8,-14,11,-14,7,-13,9,-14,7,-15,8,-14,5,-16,4,-15,6,-14,6,-16,3,-13,1,-14,4,-9,0,-14,2,-12,0,-13,2,-13,0,-12,-1,-11,-2,-10,-3,-9,-2,0,0,0,0,0,0,0,0,0,0]"""
1782116238293,2026-06-22T17:17:18.293,safe,transition,yja,stand_to_sit,t007,"CSI_DATA,1075651,1a:00:00:00:00:00,-66,11,-99,19,51,11,-1044853022,47,2,256,0,""[0,0,0,0,0,0,0,0,0,0,0,0,5,7,4,7,3,9,2,8,3,8,1,9,2,9,1,11,0,9,0,11,0,10,-1,11,-1,10,0,10,-1,9,-2,13,-1,12,-1,12,-2,9,-1,9,-1,10,-2,11,-4,12,-3,10,-5,10,-5,10,-4,10,-1,10,-4,10,-4,8,-3,12,-3,9,-2,13,-4,9,-2,10,-2,10,-4,10,-2,11,-3,11,-2,11,-1,8,-2,13,-2,10,0,10,-2,8,1,13,-2,11,0,11,0,13,-2,13,-1,12,-2,13,0,12,-2,15,-2,14,-2,12,0,13,0,0,0,0,0,0,13,0,16,2,13,0,15,0,16,2,13,0,16,1,12,1,15,1,13,2,13,2,14,2,13,2,14,1,13,2,13,3,13,2,13,2,12,1,15,2,13,1,16,0,13,1,14,1,15,0,13,1,16,2,15,2,13,4,16,3,16,2,13,0,16,3,13,2,16,2,12,4,16,4,15,5,16,5,13,5,14,9,14,8,12,10,11,9,11,7,12,11,9,10,11,9,8,9,9,10,7,11,6,10,5,10,5,12,2,12,0,10,1,10,0,0,0,0,0,0,0,0,0,0]"""
1782116238303,2026-06-22T17:17:18.303,safe,transition,yja,stand_to_sit,t007,"CSI_DATA,1075652,1a:00:00:00:00:00,-67,11,-99,21,50,11,-1044845909,47,2,256,0,""[0,0,0,0,0,0,0,0,0,0,0,0,-8,-2,-9,-2,-7,-3,-8,-3,-8,-2,-11,-3,-9,-4,-11,-2,-8,-3,-8,-4,-11,-3,-10,-4,-10,-4,-9,-4,-12,-3,-10,-4,-12,-4,-9,-2,-12,-4,-12,-4,-13,-2,-9,-3,-11,-1,-11,-1,-11,-1,-12,-1,-10,-1,-11,0,-9,0,-12,0,-9,2,-12,1,-11,2,-9,2,-10,2,-8,4,-9,4,-9,5,-9,4,-8,5,-9,7,-8,5,-9,8,-6,8,-8,10,-8,8,-6,10,-5,11,-5,10,-5,10,-5,12,-5,11,-4,13,-3,13,-4,14,-4,14,-4,13,0,0,0,0,0,0,16,0,13,0,16,-1,15,-1,12,-1,15,-2,12,-1,15,-2,10,-3,16,-3,14,-5,13,-5,12,-3,12,-5,12,-7,11,-6,12,-6,10,-7,10,-8,10,-8,10,-11,8,-9,12,-12,9,-10,10,-12,8,-9,8,-12,7,-12,8,-12,7,-11,7,-11,7,-14,7,-12,8,-16,5,-13,8,-16,5,-15,5,-14,5,-16,6,-12,6,-12,4,-15,7,-14,6,-12,5,-13,6,-11,6,-14,4,-11,8,-13,4,-13,6,-11,6,-11,6,-8,5,-9,7,-9,7,-7,7,-8,0,0,0,0,0,0,0,0,0,0]"""
1782116238313,2026-06-22T17:17:18.313,safe,transition,yja,stand_to_sit,t007,"CSI_DATA,1075653,1a:00:00:00:00:00,-67,11,-99,18,51,11,-1044837235,47,2,256,0,""[0,0,0,0,0,0,0,0,0,0,0,0,9,0,8,0,9,1,8,1,9,2,8,0,8,0,10,0,10,0,12,1,9,3,11,3,11,3,10,5,11,3,12,4,10,4,10,5,9,3,9,2,9,4,13,2,12,3,9,5,11,6,10,3,11,4,10,3,11,5,9,3,10,3,8,3,9,0,10,0,9,0,12,-1,11,-1,9,1,10,0,12,0,11,-1,10,-1,10,-2,12,-1,9,-2,9,-5,10,-6,8,-8,11,-6,11,-7,11,-3,11,-5,12,-7,11,-7,13,-4,10,-8,11,-7,0,0,0,0,0,0,-8,-13,-8,-13,-6,-10,-9,-10,-10,-11,-8,-11,-8,-13,-8,-10,-9,-12,-9,-8,-9,-7,-12,-8,-11,-7,-11,-9,-8,-8,-10,-9,-9,-8,-10,-10,-11,-8,-12,-8,-11,-6,-12,-7,-9,-6,-13,-5,-13,-3,-14,-6,-14,-5,-11,-7,-13,-7,-13,-6,-13,-7,-14,-6,-14,-7,-13,-6,-14,-7,-11,-5,-13,-5,-14,-4,-14,-3,-16,-6,-13,-6,-11,-9,-12,-9,-11,-9,-12,-10,-11,-9,-9,-9,-9,-10,-7,-7,-8,-7,-9,-7,-10,-6,-9,-9,-7,-9,-4,-9,-4,-10,-4,-9,0,0,0,0,0,0,0,0,0,0]"""
1782116238323,2026-06-22T17:17:18.323,safe,transition,yja,stand_to_sit,t007,"CSI_DATA,1075654,1a:00:00:00:00:00,-66,11,-99,17,51,11,-1044823909,47,2,256,0,""[0,0,0,0,0,0,0,0,0,0,0,0,0,8,0,8,0,9,0,9,0,9,0,11,-1,10,-2,10,-2,8,-2,9,-2,12,-3,11,-2,11,-2,10,-2,9,-4,12,-4,11,-3,11,-4,11,-5,13,-3,13,-4,8,-4,11,-3,11,-4,10,-4,11,-3,10,-3,9,-3,10,-2,9,-1,12,-2,11,-2,11,-1,10,-1,10,-1,9,0,11,0,12,0,11,0,9,1,8,0,11,2,10,3,11,2,12,3,12,3,12,2,11,4,10,4,12,4,12,3,11,5,11,5,14,7,12,4,11,6,11,0,0,0,0,0,0,11,-6,11,-8,12,-9,13,-8,12,-8,11,-8,12,-8,10,-8,11,-9,12,-9,12,-9,11,-8,9,-6,10,-8,11,-10,10,-9,8,-8,8,-8,7,-9,9,-10,8,-10,8,-12,8,-11,10,-12,8,-12,7,-9,8,-11,8,-12,8,-11,8,-13,8,-11,7,-11,8,-12,7,-12,8,-12,10,-13,11,-13,9,-11,9,-12,10,-10,11,-12,11,-12,12,-9,9,-8,9,-8,11,-9,12,-8,10,-8,12,-7,12,-7,11,-5,11,-5,10,-4,11,-3,11,-3,9,-1,9,-1,0,0,0,0,0,0,0,0,0,0]"""
1782116238332,2026-06-22T17:17:18.332,safe,transition,yja,stand_to_sit,t007,"CSI_DATA,1075655,1a:00:00:00:00:00,-66,11,-99,19,50,11,-1044816600,47,2,256,0,""[0,0,0,0,0,0,0,0,0,0,0,0,5,7,6,7,5,7,6,9,4,6,5,11,4,9,3,8,4,8,4,8,6,9,7,9,7,9,6,8,7,10,3,8,6,13,5,8,7,13,6,10,5,8,6,10,5,9,7,9,8,9,7,8,7,8,8,8,7,6,8,8,6,6,10,8,8,7,9,5,8,5,8,6,8,4,11,2,10,3,9,1,11,1,8,0,12,0,9,0,14,0,12,-1,10,-1,11,0,10,-1,12,-3,14,-4,10,-5,13,-4,12,-3,13,-6,14,-8,14,-6,0,0,0,0,0,0,-8,-14,-6,-8,-12,-14,-8,-12,-8,-7,-11,-13,-8,-8,-12,-12,-8,-8,-12,-13,-11,-10,-10,-8,-10,-8,-9,-6,-12,-7,-14,-6,-13,-5,-12,-5,-13,-6,-10,-5,-16,-5,-11,-3,-16,-5,-15,-4,-14,0,-14,-3,-13,-1,-16,0,-16,0,-15,0,-14,0,-16,-1,-12,0,-18,0,-14,0,-22,0,-17,-3,-17,0,-16,-2,-14,-2,-14,0,-18,0,-15,0,-13,0,-15,-1,-11,0,-16,-1,-12,-1,-17,-4,-13,-3,-12,-3,-11,-5,-10,-3,-9,-2,-11,-4,-9,-4,-10,-4,0,0,0,0,0,0,0,0,0,0]"""
1782116238342,2026-06-22T17:17:18.342,safe,transition,yja,stand_to_sit,t007,"CSI_DATA,1075656,1a:00:00:00:00:00,-66,11,-99,20,50,11,-1044805600,47,2,256,0,""[0,0,0,0,0,0,0,0,0,0,0,0,-9,0,-9,0,-9,0,-11,0,-9,0,-10,-1,-11,0,-9,-1,-11,0,-10,-1,-11,-2,-12,-1,-11,0,-11,0,-14,-2,-10,0,-12,0,-12,0,-13,-1,-12,-1,-11,-3,-12,0,-11,-1,-11,0,-12,0,-11,0,-10,0,-11,0,-9,4,-11,4,-10,2,-12,4,-10,4,-10,5,-10,4,-9,5,-9,5,-8,5,-8,6,-7,7,-9,7,-5,8,-5,10,-7,10,-6,11,-5,8,-4,11,-5,10,-3,11,-5,12,-3,13,-3,12,-4,13,-3,13,-1,15,0,14,-2,15,0,0,0,0,0,0,17,0,15,0,17,0,14,-1,12,0,15,-2,13,-4,17,-3,14,-3,14,-3,14,-5,12,-2,14,-5,12,-4,12,-5,14,-5,12,-5,12,-5,14,-7,9,-7,10,-9,12,-8,12,-10,10,-11,10,-8,10,-12,9,-9,11,-11,10,-11,9,-10,11,-9,11,-12,5,-13,7,-14,9,-13,10,-16,10,-11,8,-14,11,-12,8,-12,9,-11,9,-13,8,-12,8,-11,11,-11,7,-11,9,-12,10,-9,11,-10,8,-8,8,-9,10,-7,8,-9,9,-6,8,-6,9,-5,10,-5,0,0,0,0,0,0,0,0,0,0]"""
1782116238358,2026-06-22T17:17:18.358,safe,transition,yja,stand_to_sit,t007,"CSI_DATA,1075657,1a:00:00:00:00:00,-66,11,-99,20,50,11,-1044789120,47,2,256,0,""[0,0,0,0,0,0,0,0,0,0,0,0,4,7,4,8,4,7,4,10,4,8,2,11,2,11,2,10,3,10,0,10,2,12,2,12,1,12,1,11,0,14,1,10,0,12,1,11,0,16,0,13,0,9,0,13,-1,11,0,13,0,12,0,11,0,11,-1,12,0,10,1,11,0,11,0,14,0,12,0,11,0,11,0,10,2,10,4,10,1,11,2,8,2,11,5,9,7,10,5,11,7,15,4,11,7,9,5,12,4,10,7,11,9,12,8,10,7,11,8,12,10,11,7,12,7,14,0,0,0,0,0,0,11,-9,11,-8,16,-11,11,-9,8,-7,13,-10,11,-8,13,-11,10,-9,13,-11,13,-11,11,-7,10,-9,11,-7,11,-11,10,-9,10,-10,11,-9,11,-9,7,-10,9,-12,9,-10,11,-13,12,-11,9,-10,11,-11,10,-9,11,-13,10,-13,10,-11,9,-10,11,-10,9,-11,9,-13,11,-11,15,-14,13,-9,13,-10,15,-9,12,-7,13,-8,12,-11,12,-9,11,-6,13,-5,11,-8,13,-6,14,-5,17,-4,12,0,12,-2,12,0,11,0,11,0,13,0,10,0,10,2,0,0,0,0,0,0,0,0,0,0]"""
1782116238370,2026-06-22T17:17:18.370,safe,transition,yja,stand_to_sit,t007,"CSI_DATA,1075658,1a:00:00:00:00:00,-66,11,-99,20,50,11,-1044776549,47,2,256,0,""[0,0,0,0,0,0,0,0,0,0,0,0,7,-2,9,-2,7,-2,11,-2,8,-1,11,-1,11,-1,9,0,12,-1,10,1,12,2,12,2,11,2,11,3,14,4,10,2,14,4,11,2,12,4,13,4,12,3,12,4,10,4,11,6,10,5,11,5,10,5,13,6,9,3,11,4,11,4,11,5,9,4,11,3,10,4,12,3,10,3,11,3,10,2,10,3,11,4,11,0,12,0,12,3,16,2,10,2,14,0,13,3,12,0,13,1,15,0,15,1,16,1,13,1,16,1,16,2,15,1,0,0,0,0,0,0,1,-17,2,-14,2,-16,2,-16,2,-14,3,-17,2,-12,3,-16,2,-12,3,-15,2,-16,3,-13,1,-16,3,-12,3,-14,2,-15,2,-15,3,-14,3,-16,1,-13,1,-15,3,-15,2,-15,1,-16,1,-14,1,-16,3,-14,2,-14,5,-15,3,-15,5,-14,5,-18,2,-12,2,-16,5,-16,6,-17,5,-14,5,-15,8,-14,8,-14,8,-12,8,-13,9,-11,8,-10,12,-10,7,-10,10,-11,10,-7,12,-9,10,-5,11,-6,11,-5,11,-4,10,-3,10,-2,11,-1,10,0,0,0,0,0,0,0,0,0,0,0]"""
1782116238380,2026-06-22T17:17:18.380,safe,transition,yja,stand_to_sit,t007,"CSI_DATA,1075659,1a:00:00:00:00:00,-66,11,-99,18,50,11,-1044771803,47,2,256,0,""[0,0,0,0,0,0,0,0,0,0,0,0,-8,2,-7,0,-11,3,-8,3,-12,1,-9,1,-8,1,-10,3,-10,1,-13,4,-10,2,-11,2,-12,3,-13,3,-11,2,-14,3,-9,3,-13,4,-12,2,-9,3,-11,5,-12,4,-11,5,-11,3,-12,5,-10,6,-11,6,-7,6,-12,6,-9,5,-8,8,-7,6,-7,10,-7,8,-4,10,-5,11,-5,12,-3,10,-4,10,-3,12,-1,11,-3,13,-1,11,0,12,0,8,1,13,1,12,5,12,3,15,4,15,2,13,3,15,6,13,7,13,5,14,7,13,8,13,0,0,0,0,0,0,12,-10,14,-11,11,-8,10,-11,11,-14,9,-10,10,-13,8,-11,9,-13,4,-12,6,-13,5,-16,6,-15,5,-15,3,-12,4,-14,2,-15,2,-16,0,-15,1,-17,0,-13,-1,-15,0,-11,0,-16,-1,-15,-2,-15,-3,-15,-2,-14,-3,-16,-4,-16,-5,-16,-7,-12,-5,-18,-5,-14,-7,-14,-4,-11,-8,-14,-5,-14,-9,-13,-7,-16,-6,-14,-5,-13,-4,-15,-5,-15,-5,-13,-5,-14,-3,-11,-6,-13,-4,-8,-4,-12,-3,-10,-5,-12,-2,-12,-4,-12,-2,-10,-1,-9,-1,-9,0,0,0,0,0,0,0,0,0,0]"""
1782116238390,2026-06-22T17:17:18.390,safe,transition,yja,stand_to_sit,t007,"CSI_DATA,1075660,1a:00:00:00:00:00,-66,11,-99,14,51,11,-1044761601,47,2,256,0,""[0,0,0,0,0,0,0,0,0,0,0,0,-9,1,-7,0,-11,0,-9,0,-11,0,-9,-1,-11,0,-12,0,-10,-2,-13,-1,-12,0,-11,0,-12,-1,-12,-3,-10,-2,-15,-5,-12,-3,-13,-6,-11,-6,-10,-4,-12,-4,-10,-6,-14,-4,-13,-3,-11,-3,-13,-4,-11,-4,-10,-3,-12,-7,-10,-4,-11,-4,-9,-3,-13,-3,-12,-4,-11,-1,-10,-2,-13,-1,-13,0,-12,0,-13,0,-11,0,-14,-2,-12,-1,-13,0,-10,0,-15,1,-13,0,-14,2,-15,0,-14,3,-14,2,-14,3,-13,2,-17,4,-16,2,-14,2,-15,2,0,0,0,0,0,0,3,15,6,18,3,13,3,16,4,18,3,14,3,18,3,14,3,16,5,14,4,14,6,15,3,13,7,15,8,13,8,12,8,14,6,13,5,9,7,16,5,12,8,14,7,11,6,13,8,14,6,13,10,13,9,12,8,12,10,12,9,13,8,10,7,18,6,13,7,14,5,12,7,16,5,15,7,14,4,15,5,15,4,14,5,15,3,14,3,12,0,16,0,13,1,14,0,11,0,14,0,12,0,12,-2,11,-1,12,-2,10,-2,9,-2,9,0,0,0,0,0,0,0,0,0,0]"""
1782116238399,2026-06-22T17:17:18.399,safe,transition,yja,stand_to_sit,t007,"CSI_DATA,1075661,1a:00:00:00:00:00,-66,11,-99,18,50,11,-1044750483,47,2,256,0,""[0,0,0,0,0,0,0,0,0,0,0,0,-3,-9,-2,-9,-3,-10,-3,-9,-2,-10,-2,-8,-3,-8,-3,-11,-4,-12,-3,-12,-2,-11,-3,-12,-2,-13,-2,-14,-3,-15,-5,-13,-4,-11,-3,-13,-4,-11,-4,-13,-2,-15,-6,-13,-4,-13,-3,-12,-5,-13,-5,-11,-3,-12,-6,-12,-8,-12,-7,-11,-8,-11,-9,-8,-6,-8,-9,-7,-10,-8,-11,-5,-9,-6,-9,-6,-12,-6,-10,-6,-12,-5,-12,-1,-11,-2,-13,-2,-13,0,-13,1,-13,0,-15,0,-15,0,-16,0,-14,0,-15,2,-16,4,-16,4,-16,4,-14,6,-14,5,0,0,0,0,0,0,8,15,7,16,7,13,8,13,10,15,9,12,10,12,10,10,12,12,10,8,11,8,11,9,14,8,13,10,11,8,12,8,11,7,13,7,13,7,15,3,13,1,15,4,13,3,13,0,13,1,18,0,15,2,16,1,16,1,14,0,13,1,15,0,17,-1,17,-2,16,-2,14,-1,16,0,16,-2,16,-1,16,-2,16,0,14,0,14,0,16,0,15,0,13,-1,12,0,14,0,11,0,11,0,11,0,12,0,12,0,11,0,10,3,10,2,11,3,0,0,0,0,0,0,0,0,0,0]"""
1782116238409,2026-06-22T17:17:18.409,safe,transition,yja,stand_to_sit,t007,"CSI_DATA,1075662,1a:00:00:00:00:00,-66,11,-99,19,50,11,-1044739509,47,2,256,0,""[0,0,0,0,0,0,0,0,0,0,0,0,-4,-9,-3,-8,-4,-10,-4,-7,-4,-11,-3,-9,-4,-9,-7,-11,-3,-12,-7,-11,-4,-10,-5,-11,-5,-10,-5,-13,-5,-11,-6,-15,-4,-11,-6,-14,-4,-10,-5,-9,-7,-9,-8,-13,-8,-12,-6,-10,-7,-10,-8,-11,-8,-12,-8,-9,-8,-12,-7,-10,-9,-9,-7,-4,-10,-6,-9,-6,-12,-4,-11,-7,-13,-5,-11,-4,-13,-4,-14,-3,-12,-1,-15,-5,-13,-1,-12,0,-10,0,-12,1,-14,0,-13,5,-16,4,-13,5,-11,2,-16,3,-17,6,-15,5,-15,4,-14,8,-13,8,0,0,0,0,0,0,9,14,9,14,8,9,10,13,14,14,9,13,12,12,9,8,13,10,10,8,11,8,15,7,13,7,17,5,12,5,15,5,14,1,15,4,14,0,17,4,13,2,16,2,11,0,13,0,15,0,16,0,18,-2,15,-1,15,-3,16,-4,17,-3,15,-6,19,-1,15,-1,15,-3,10,-2,15,-6,15,-3,13,-8,18,-4,15,-5,13,-2,15,-3,16,-3,14,-3,15,0,13,0,12,-4,8,-1,13,-3,10,-1,12,-4,11,0,11,-2,8,0,10,0,9,0,0,0,0,0,0,0,0,0,0,0]"""
1782116238422,2026-06-22T17:17:18.422,safe,transition,yja,stand_to_sit,t007,"CSI_DATA,1075663,1a:00:00:00:00:00,-66,11,-99,19,50,11,-1044725789,47,2,256,0,""[0,0,0,0,0,0,0,0,0,0,0,0,8,0,9,0,9,1,11,1,10,1,12,2,12,4,10,3,9,4,11,3,14,3,12,4,12,3,12,3,11,4,12,7,12,6,11,5,13,8,14,8,12,5,11,7,11,7,14,7,13,5,11,6,11,6,11,5,12,6,12,6,10,5,14,6,13,6,12,4,12,4,11,5,12,3,13,1,13,1,11,1,12,1,12,1,13,0,14,0,15,0,14,0,13,0,14,0,13,0,14,-1,17,-3,13,-2,13,-2,17,-1,16,-3,18,-3,18,-3,0,0,0,0,0,0,-2,-17,-4,-15,-6,-18,-3,-15,-3,-12,-4,-16,-4,-14,-6,-16,-6,-14,-5,-16,-4,-17,-5,-13,-4,-13,-6,-13,-8,-14,-8,-12,-8,-12,-7,-10,-7,-12,-7,-11,-7,-13,-9,-11,-9,-13,-8,-14,-8,-12,-7,-12,-8,-10,-11,-11,-10,-11,-10,-11,-9,-10,-8,-10,-9,-12,-10,-12,-9,-11,-11,-15,-8,-14,-8,-14,-8,-13,-6,-12,-7,-12,-9,-13,-8,-12,-6,-12,-6,-12,-4,-12,-4,-13,-4,-12,-2,-14,-2,-13,-1,-12,0,-11,0,-10,0,-11,0,-12,0,-9,0,-9,0,0,0,0,0,0,0,0,0,0]"""
1782116238432,2026-06-22T17:17:18.432,safe,transition,yja,stand_to_sit,t007,"CSI_DATA,1075664,1a:00:00:00:00:00,-66,11,-99,20,50,11,-1044715517,47,2,256,0,""[0,0,0,0,0,0,0,0,0,0,0,0,-9,-2,-9,-3,-8,-3,-9,-5,-9,-4,-10,-6,-9,-8,-9,-8,-8,-8,-8,-6,-11,-6,-11,-6,-10,-7,-9,-7,-9,-9,-9,-10,-9,-11,-8,-9,-9,-12,-7,-11,-5,-10,-6,-11,-6,-11,-10,-10,-10,-10,-9,-10,-8,-9,-8,-11,-6,-8,-7,-10,-8,-9,-9,-11,-7,-10,-8,-10,-8,-8,-7,-9,-8,-8,-11,-8,-10,-6,-9,-6,-9,-7,-9,-6,-12,-7,-11,-5,-14,-7,-11,-9,-12,-8,-11,-8,-11,-6,-13,-5,-15,-4,-12,-5,-14,-5,-15,-6,-14,-5,-15,-5,-15,-7,0,0,0,0,0,0,-5,15,-5,14,-6,18,-7,15,-4,12,-5,16,-5,14,-5,16,-4,13,-6,17,-6,16,-5,14,-5,12,-5,13,-2,16,-1,14,-1,14,0,13,-2,14,-2,13,-2,15,0,13,-2,17,-3,16,-2,14,-3,13,-1,13,0,16,0,14,0,14,0,14,-1,15,-2,13,0,16,-1,14,-3,18,-4,16,-4,15,-5,15,-6,13,-4,12,-3,16,-4,14,-3,11,-5,12,-5,11,-6,12,-6,11,-9,12,-8,10,-9,8,-9,7,-7,5,-6,6,-9,7,-8,6,-8,5,0,0,0,0,0,0,0,0,0,0]"""
1782116238443,2026-06-22T17:17:18.443,safe,transition,yja,stand_to_sit,t007,"CSI_DATA,1075665,1a:00:00:00:00:00,-67,11,-99,20,50,11,-1044704840,47,2,256,0,""[0,0,0,0,0,0,0,0,0,0,0,0,-1,-9,0,-9,0,-11,0,-9,1,-11,0,-10,0,-10,0,-11,0,-14,2,-11,5,-12,4,-11,3,-12,5,-11,5,-11,5,-13,5,-11,8,-12,4,-11,5,-11,8,-11,3,-13,7,-14,8,-10,7,-11,6,-12,8,-11,6,-10,7,-11,5,-9,7,-12,4,-9,3,-11,2,-11,2,-11,3,-13,4,-12,5,-11,2,-12,4,-12,4,-11,3,-13,2,-11,3,-12,1,-10,0,-13,0,-13,-1,-14,0,-14,0,-15,1,-14,1,-15,1,-16,0,-15,2,-15,0,-13,0,-15,0,0,0,0,0,0,-15,0,-18,-1,-12,0,-17,0,-18,0,-14,-2,-16,0,-13,0,-16,-1,-13,0,-14,0,-14,0,-16,3,-16,1,-14,0,-15,1,-14,2,-14,0,-14,1,-16,2,-12,2,-15,1,-12,3,-13,3,-13,3,-15,5,-15,4,-14,1,-14,2,-14,4,-14,2,-14,2,-16,2,-13,1,-16,1,-12,1,-14,2,-15,2,-15,3,-16,1,-16,0,-14,-2,-14,-1,-14,-3,-12,-3,-15,-2,-11,-3,-12,-4,-11,-4,-12,-4,-11,-3,-11,-4,-10,-5,-10,-5,-7,-7,-6,-7,-5,-7,0,0,0,0,0,0,0,0,0,0]"""
1782116238452,2026-06-22T17:17:18.452,safe,transition,yja,stand_to_sit,t007,"CSI_DATA,1075666,1a:00:00:00:00:00,-67,11,-99,16,51,11,-1044695022,47,2,256,0,""[0,0,0,0,0,0,0,0,0,0,0,0,-1,8,-3,7,-4,9,-5,9,-5,9,-5,9,-7,9,-7,9,-8,6,-8,7,-9,10,-9,7,-10,7,-10,7,-10,6,-11,5,-11,6,-11,6,-13,6,-13,6,-10,5,-11,3,-11,5,-14,5,-11,4,-11,4,-11,4,-10,3,-12,4,-11,3,-12,4,-13,4,-14,4,-11,3,-11,4,-10,3,-11,4,-11,5,-12,5,-10,5,-10,5,-11,5,-10,5,-12,6,-13,5,-12,6,-10,5,-11,6,-11,5,-12,7,-12,7,-11,5,-10,6,-14,7,-13,7,-12,7,-14,6,0,0,0,0,0,0,6,15,7,13,7,17,7,15,5,11,6,14,6,14,6,13,6,12,6,13,6,14,6,12,5,11,6,13,6,12,5,11,6,11,5,12,6,11,6,12,5,11,6,11,5,13,5,14,7,12,5,11,5,12,7,14,5,12,7,12,5,12,5,11,5,14,4,13,5,15,5,16,3,17,1,14,2,14,1,12,0,14,1,16,0,14,-1,13,0,12,-2,13,-3,12,-3,13,-3,11,-5,11,-5,9,-5,9,-5,8,-6,8,-7,8,-5,6,-6,5,0,0,0,0,0,0,0,0,0,0]"""
1782116238471,2026-06-22T17:17:18.471,safe,transition,yja,stand_to_sit,t007,"CSI_DATA,1075667,1a:00:00:00:00:00,-67,11,-99,17,51,11,-1044675602,47,2,256,0,""[0,0,0,0,0,0,0,0,0,0,0,0,-8,1,-8,0,-11,0,-9,0,-10,0,-11,-1,-12,0,-11,0,-9,-2,-12,-1,-12,0,-12,-1,-11,-2,-12,-1,-10,-1,-13,-2,-12,0,-13,0,-12,-3,-13,-1,-12,0,-12,-3,-12,-1,-12,-1,-12,0,-12,-1,-12,0,-11,1,-13,0,-11,0,-12,1,-12,0,-12,1,-12,0,-12,2,-10,1,-13,4,-12,4,-12,4,-10,4,-9,3,-10,7,-11,4,-12,10,-10,5,-11,10,-10,8,-9,9,-9,8,-10,10,-11,10,-8,8,-8,9,-12,13,-9,10,-8,8,-8,12,0,0,0,0,0,0,12,7,14,8,13,8,14,7,14,6,12,5,14,7,12,5,14,4,12,6,15,4,13,3,13,3,13,4,14,2,12,2,14,1,13,1,11,0,15,1,13,0,14,-2,12,0,15,-1,13,-2,12,0,14,-1,15,-2,13,0,14,-2,13,-3,12,-4,14,-1,13,-2,14,-4,14,-2,15,-3,13,-2,15,-2,12,-1,15,-1,15,-2,14,0,12,0,12,-1,15,0,11,0,13,0,12,1,13,0,11,1,11,0,9,1,10,4,9,3,8,2,8,4,0,0,0,0,0,0,0,0,0,0]"""
1782116238481,2026-06-22T17:17:18.481,safe,transition,yja,stand_to_sit,t007,"CSI_DATA,1075668,1a:00:00:00:00:00,-67,11,-99,17,51,11,-1044673413,47,2,256,0,""[0,0,0,0,0,0,0,0,0,0,0,0,-3,-9,-2,-8,-1,-10,0,-8,0,-11,0,-9,0,-9,0,-12,0,-12,0,-13,4,-11,3,-12,3,-11,4,-11,4,-10,6,-14,4,-10,8,-11,5,-9,4,-9,6,-10,5,-12,8,-13,8,-8,7,-10,7,-11,9,-10,7,-9,9,-10,7,-7,9,-9,5,-7,6,-10,6,-9,5,-10,7,-12,7,-11,8,-8,6,-11,7,-12,6,-9,8,-12,7,-9,7,-10,4,-9,6,-12,5,-11,4,-13,6,-12,4,-14,6,-10,7,-13,6,-12,6,-13,8,-12,5,-12,8,-13,0,0,0,0,0,0,-12,-7,-14,-11,-9,-6,-12,-9,-14,-10,-9,-9,-12,-11,-9,-7,-11,-11,-10,-5,-11,-8,-12,-8,-12,-7,-12,-7,-10,-9,-12,-8,-11,-7,-11,-8,-9,-7,-12,-8,-10,-7,-11,-9,-8,-5,-11,-5,-12,-8,-12,-7,-13,-8,-10,-9,-10,-8,-12,-7,-11,-10,-11,-9,-11,-11,-8,-9,-10,-12,-8,-7,-9,-9,-9,-11,-11,-9,-9,-12,-8,-12,-5,-12,-6,-12,-5,-14,-2,-12,-2,-14,-2,-11,-1,-12,-1,-9,-1,-12,0,-11,0,-11,0,-11,2,-11,3,-8,4,-9,5,-7,0,0,0,0,0,0,0,0,0,0]"""
1782116238490,2026-06-22T17:17:18.490,safe,transition,yja,stand_to_sit,t007,"CSI_DATA,1075669,1a:00:00:00:00:00,-67,11,-99,16,51,11,-1044662515,47,2,256,0,""[0,0,0,0,0,0,0,0,0,0,0,0,2,8,2,9,3,10,2,9,1,11,1,9,1,10,0,11,0,11,0,11,-3,11,-2,11,-2,12,-5,12,-5,12,-3,14,-4,11,-7,13,-5,11,-4,10,-5,10,-5,11,-7,12,-8,9,-7,11,-7,10,-8,11,-5,10,-7,9,-6,9,-7,10,-5,6,-5,11,-4,10,-4,10,-4,10,-6,12,-7,8,-6,13,-9,11,-9,7,-5,8,-5,9,-2,12,-6,7,-6,14,2,12,0,17,0,11,-9,15,-1,11,-8,14,-7,14,1,16,-8,13,-7,12,0,11,0,0,0,0,0,0,13,7,14,9,10,7,12,10,14,8,12,7,14,8,11,7,12,9,12,6,12,6,12,5,14,5,13,7,10,8,11,8,11,7,11,8,11,8,12,5,11,7,12,7,11,6,12,5,12,6,14,6,12,6,10,9,11,9,12,8,11,9,11,9,13,10,10,8,12,10,10,8,11,9,11,9,11,9,13,10,9,11,6,12,7,12,5,13,5,12,6,12,4,11,2,13,2,10,2,11,2,11,1,11,0,10,-1,10,-4,9,-3,9,-4,8,0,0,0,0,0,0,0,0,0,0]"""
1782116238501,2026-06-22T17:17:18.501,safe,transition,yja,stand_to_sit,t007,"CSI_DATA,1075670,1a:00:00:00:00:00,-66,11,-99,21,50,11,-1044646828,47,2,256,0,""[0,0,0,0,0,0,0,0,0,0,0,0,-7,5,-7,5,-8,6,-7,6,-8,6,-8,5,-8,6,-10,6,-9,8,-11,7,-10,5,-11,6,-9,6,-11,8,-11,7,-11,8,-11,8,-12,7,-10,7,-8,10,-8,8,-10,10,-11,8,-10,7,-10,8,-10,7,-10,10,-9,9,-6,11,-4,11,-7,10,-5,10,-5,11,-5,12,-4,13,-3,10,-1,11,-2,11,-1,13,-2,12,0,12,0,12,1,12,1,14,2,11,3,13,4,12,5,12,7,13,7,12,7,12,8,12,7,13,9,13,8,12,9,12,11,11,0,0,0,0,0,0,11,-11,11,-13,9,-11,8,-13,10,-15,8,-12,8,-14,6,-14,6,-15,5,-12,5,-12,5,-13,2,-16,2,-16,4,-12,4,-13,1,-13,1,-14,1,-15,0,-16,-1,-13,-1,-15,-3,-11,-4,-13,-4,-13,-6,-16,-4,-15,-3,-13,-4,-14,-4,-13,-6,-15,-6,-14,-8,-15,-7,-12,-6,-14,-8,-12,-8,-12,-9,-12,-10,-13,-8,-13,-7,-14,-4,-13,-6,-12,-7,-13,-7,-12,-8,-12,-7,-11,-5,-12,-4,-10,-5,-10,-4,-9,-4,-11,-5,-10,-3,-10,-2,-9,-2,-10,0,-9,0,0,0,0,0,0,0,0,0,0]"""
1782116238510,2026-06-22T17:17:18.510,safe,transition,yja,stand_to_sit,t007,"CSI_DATA,1075671,1a:00:00:00:00:00,-66,11,-99,18,50,11,-1044639391,47,2,256,0,""[0,0,0,0,0,0,0,0,0,0,0,0,-4,6,-5,9,-4,6,-6,8,-5,7,-8,9,-8,7,-7,5,-9,7,-7,5,-10,5,-11,5,-11,5,-11,5,-14,7,-9,4,-12,6,-10,5,-14,7,-15,5,-12,5,-12,5,-11,3,-12,4,-13,4,-12,3,-12,3,-14,3,-8,4,-12,6,-10,2,-15,7,-10,5,-10,7,-10,5,-11,6,-9,5,-10,6,-10,6,-9,5,-11,8,-7,8,-9,9,-10,7,-13,11,-8,8,-8,11,-11,9,-8,11,-10,11,-11,13,-11,12,-11,12,-9,11,-12,13,-11,13,-11,12,0,0,0,0,0,0,14,11,10,8,15,13,12,10,9,8,14,11,10,8,13,9,10,8,13,12,14,9,11,8,14,7,8,8,10,9,12,9,13,8,11,8,14,9,9,5,14,7,12,6,15,9,15,6,11,5,12,5,10,6,12,6,14,6,11,8,11,9,15,10,12,5,15,6,11,6,18,10,13,9,15,7,13,10,12,9,10,9,11,10,11,10,9,8,10,11,10,8,10,10,7,11,8,15,5,10,7,11,3,11,4,10,2,10,1,10,1,10,0,10,0,0,0,0,0,0,0,0,0,0]"""
1782116238520,2026-06-22T17:17:18.520,safe,transition,yja,stand_to_sit,t007,"CSI_DATA,1075672,1a:00:00:00:00:00,-66,11,-99,18,50,11,-1044629601,47,2,256,0,""[0,0,0,0,0,0,0,0,0,0,0,0,-9,-2,-9,-1,-10,-2,-7,-2,-10,-5,-7,-3,-8,-2,-10,-5,-11,-4,-11,-6,-9,-8,-9,-8,-10,-7,-9,-10,-8,-9,-10,-11,-6,-8,-7,-13,-7,-8,-6,-10,-7,-12,-9,-10,-8,-13,-5,-12,-7,-12,-6,-11,-4,-13,-4,-10,-6,-13,-4,-10,-4,-13,-5,-9,-7,-10,-7,-9,-8,-9,-7,-11,-6,-12,-4,-11,-7,-10,-7,-10,-6,-9,-7,-12,-5,-10,-8,-12,-6,-8,-9,-10,-8,-9,-10,-8,-10,-10,-11,-12,-8,-11,-10,-13,-9,-12,-13,-13,-10,-15,-10,-10,-10,-13,0,0,0,0,0,0,-13,7,-17,10,-11,8,-14,8,-15,11,-14,4,-16,10,-12,7,-16,8,-10,7,-11,8,-13,9,-13,10,-13,11,-14,6,-11,7,-12,9,-14,8,-12,8,-13,9,-11,8,-14,8,-9,8,-10,9,-11,10,-13,12,-14,10,-14,7,-13,8,-13,9,-14,7,-13,7,-16,10,-12,7,-16,5,-11,6,-14,7,-13,8,-15,8,-15,6,-17,5,-15,1,-15,3,-16,1,-14,0,-16,0,-12,0,-15,-2,-10,0,-12,0,-12,-1,-13,-1,-12,-3,-12,-4,-9,-6,-8,-5,-7,-7,0,0,0,0,0,0,0,0,0,0]"""
1782116238530,2026-06-22T17:17:18.531,safe,transition,yja,stand_to_sit,t007,"CSI_DATA,1075673,1a:00:00:00:00:00,-66,11,-99,18,50,11,-1044618601,47,2,256,0,""[0,0,0,0,0,0,0,0,0,0,0,0,-2,-7,-2,-9,-2,-8,-1,-11,-2,-10,-1,-11,0,-10,0,-8,0,-13,0,-10,2,-11,2,-12,2,-12,4,-13,5,-15,2,-10,4,-12,4,-12,5,-15,4,-11,4,-9,5,-15,6,-10,8,-10,8,-12,7,-10,8,-10,8,-12,4,-10,6,-11,6,-10,6,-12,6,-11,6,-11,6,-11,6,-11,5,-10,5,-11,5,-11,6,-10,5,-12,2,-11,4,-14,5,-12,6,-15,3,-12,2,-15,6,-13,2,-16,4,-15,6,-16,5,-15,5,-16,5,-14,5,-16,6,-18,6,-16,0,0,0,0,0,0,-19,-7,-13,-6,-17,-7,-16,-4,-13,-6,-16,-9,-13,-6,-16,-8,-14,-5,-15,-7,-15,-6,-14,-5,-16,-5,-12,-6,-13,-7,-14,-6,-13,-6,-13,-7,-18,-7,-12,-5,-16,-5,-13,-5,-16,-6,-17,-5,-16,-4,-16,-5,-12,-6,-14,-6,-16,-7,-12,-6,-12,-9,-15,-8,-13,-5,-16,-5,-14,-8,-17,-10,-13,-9,-15,-8,-14,-9,-13,-10,-11,-10,-11,-11,-11,-11,-8,-12,-9,-13,-9,-10,-10,-12,-6,-14,-6,-15,-4,-11,-4,-12,-3,-12,-3,-13,-1,-12,0,-12,0,-11,1,-11,0,0,0,0,0,0,0,0,0,0]"""
1782116238542,2026-06-22T17:17:18.542,safe,transition,yja,stand_to_sit,t007,"CSI_DATA,1075674,1a:00:00:00:00:00,-66,11,-99,18,50,11,-1044605448,47,2,256,0,""[0,0,0,0,0,0,0,0,0,0,0,0,-8,-1,-7,-2,-10,-4,-8,-3,-10,-4,-8,-5,-9,-4,-12,-5,-8,-6,-11,-5,-10,-6,-9,-6,-9,-7,-9,-7,-10,-7,-11,-10,-10,-7,-11,-9,-9,-7,-10,-9,-13,-10,-9,-9,-12,-9,-9,-8,-9,-8,-10,-8,-10,-9,-10,-6,-11,-10,-9,-7,-12,-7,-7,-6,-11,-5,-10,-6,-11,-5,-12,-5,-13,-6,-12,-4,-12,-5,-13,-4,-11,-2,-14,-4,-13,-4,-13,0,-10,-2,-16,0,-13,-2,-15,0,-16,-1,-16,0,-14,-1,-17,-1,-16,0,-16,0,-18,0,-14,0,-16,1,0,0,0,0,0,0,0,16,2,19,2,13,4,16,2,20,2,14,2,19,3,14,3,18,4,14,5,15,5,17,4,16,6,15,5,13,5,15,6,14,6,13,7,11,8,17,7,13,9,13,7,11,8,11,9,13,8,13,11,14,9,11,9,13,11,12,12,15,11,9,11,17,8,13,12,12,6,10,12,13,9,14,12,11,10,15,9,15,9,14,7,15,9,14,8,14,6,15,5,13,7,12,3,9,5,14,3,12,4,13,1,13,1,12,0,11,0,11,0,11,0,0,0,0,0,0,0,0,0,0]"""
1782116238553,2026-06-22T17:17:18.553,safe,transition,yja,stand_to_sit,t007,"CSI_DATA,1075675,1a:00:00:00:00:00,-66,11,-99,16,50,11,-1044594067,47,2,256,0,""[0,0,0,0,0,0,0,0,0,0,0,0,-8,-3,-7,-2,-10,-5,-8,-3,-10,-6,-7,-5,-9,-6,-10,-5,-8,-6,-10,-7,-9,-7,-8,-7,-8,-8,-9,-8,-9,-6,-9,-9,-9,-7,-10,-8,-9,-9,-9,-11,-11,-11,-8,-9,-11,-9,-11,-9,-9,-9,-9,-8,-10,-8,-9,-6,-11,-11,-9,-8,-11,-7,-9,-6,-12,-7,-11,-7,-11,-6,-11,-5,-12,-6,-12,-4,-11,-6,-12,-4,-11,-2,-14,-5,-12,-3,-12,-1,-11,-3,-15,-1,-13,-1,-14,0,-13,-1,-17,0,-15,-1,-14,0,-15,0,-19,2,-17,1,-15,1,-18,3,0,0,0,0,0,0,2,15,6,18,4,13,6,17,5,17,6,13,5,18,5,15,7,17,5,13,7,13,8,13,7,13,8,15,9,13,8,11,9,12,9,12,9,11,11,12,8,10,12,10,11,10,12,11,12,11,9,10,13,10,13,10,12,10,13,9,13,8,12,6,14,11,13,10,15,9,11,10,15,9,13,11,13,10,12,10,13,11,11,10,11,13,12,11,10,10,10,12,9,11,11,11,7,9,9,10,6,10,7,10,4,10,6,12,3,11,3,10,2,10,0,0,0,0,0,0,0,0,0,0]"""
1782116238564,2026-06-22T17:17:18.564,safe,transition,yja,stand_to_sit,t007,"CSI_DATA,1075676,1a:00:00:00:00:00,-66,11,-99,17,50,11,-1044583021,47,2,256,0,""[0,0,0,0,0,0,0,0,0,0,0,0,3,8,5,9,2,7,3,10,3,9,4,10,3,10,2,9,5,12,0,10,0,12,1,13,1,13,0,13,0,14,3,10,3,14,1,13,1,13,0,14,-1,13,2,14,0,13,-1,13,0,13,1,13,0,12,1,15,3,11,3,13,3,13,3,14,3,12,4,12,3,12,5,12,4,10,6,11,5,12,5,10,6,13,8,8,10,9,9,12,11,12,8,9,11,10,10,10,12,10,11,11,13,10,13,9,14,9,13,9,13,8,14,9,15,9,0,0,0,0,0,0,9,-16,8,-14,6,-16,6,-16,5,-13,7,-16,6,-14,5,-17,4,-13,4,-16,3,-16,4,-13,1,-17,5,-14,3,-15,2,-16,1,-15,2,-14,2,-17,-1,-14,-2,-16,-2,-15,0,-16,-2,-15,-1,-14,-3,-16,-2,-14,-2,-15,-3,-16,-3,-15,-2,-15,-3,-17,-6,-12,-6,-15,-4,-17,-5,-18,-3,-15,-5,-16,-2,-16,-5,-16,-3,-16,-4,-16,-2,-15,-2,-14,0,-16,-4,-13,-3,-15,0,-14,0,-16,0,-11,0,-13,2,-11,1,-12,3,-11,2,-11,3,-11,4,-11,0,0,0,0,0,0,0,0,0,0]"""
1782116238574,2026-06-22T17:17:18.574,safe,transition,yja,stand_to_sit,t007,"CSI_DATA,1075677,1a:00:00:00:00:00,-66,11,-99,18,50,11,-1044574602,47,2,256,0,""[0,0,0,0,0,0,0,0,0,0,0,0,0,-9,-1,-7,0,-10,0,-8,0,-10,2,-9,1,-10,3,-12,3,-10,3,-12,5,-10,6,-10,6,-10,6,-9,4,-9,8,-12,6,-10,8,-11,7,-8,7,-11,8,-13,9,-9,10,-11,9,-9,10,-7,10,-9,10,-9,7,-8,11,-8,7,-7,9,-10,7,-6,7,-10,9,-8,8,-10,8,-8,10,-9,9,-8,9,-8,8,-9,6,-9,10,-11,8,-9,6,-11,7,-9,8,-13,9,-11,7,-13,8,-12,8,-13,9,-10,9,-12,8,-12,11,-14,10,-13,8,-11,9,-14,0,0,0,0,0,0,-12,-8,-15,-10,-11,-6,-15,-8,-16,-10,-12,-8,-14,-10,-12,-7,-14,-10,-11,-9,-13,-7,-14,-8,-11,-8,-14,-8,-12,-8,-12,-9,-12,-8,-11,-7,-11,-5,-15,-9,-12,-6,-14,-7,-11,-6,-13,-6,-14,-6,-12,-6,-15,-8,-13,-7,-12,-8,-13,-8,-14,-8,-12,-5,-15,-10,-12,-8,-15,-8,-9,-8,-15,-9,-11,-10,-13,-9,-11,-10,-11,-13,-9,-13,-7,-13,-8,-12,-8,-10,-8,-14,-5,-12,-7,-12,-4,-10,-6,-13,-2,-13,-3,-12,-1,-10,0,-13,0,-10,2,-10,2,-8,0,0,0,0,0,0,0,0,0,0]"""
1782116238583,2026-06-22T17:17:18.583,safe,transition,yja,stand_to_sit,t007,"CSI_DATA,1075678,1a:00:00:00:00:00,-66,11,-99,18,50,11,-1044563602,47,2,256,0,""[0,0,0,0,0,0,0,0,0,0,0,0,8,-2,8,-1,9,-2,9,-1,9,-1,9,0,9,0,10,1,11,1,12,2,11,3,11,4,11,3,11,3,11,4,13,3,11,3,12,5,11,4,10,6,10,9,12,5,10,8,11,7,11,7,10,7,10,7,10,7,11,5,10,5,10,8,10,5,9,6,10,6,10,6,11,5,10,7,10,6,10,6,11,6,11,4,12,4,12,3,14,4,12,4,10,5,12,5,13,5,15,3,14,5,14,2,15,4,14,4,15,4,16,3,15,5,15,4,0,0,0,0,0,0,5,-16,5,-16,5,-15,4,-16,5,-15,5,-14,3,-16,3,-14,4,-15,5,-13,5,-13,6,-12,3,-15,4,-14,5,-13,4,-14,3,-14,4,-13,4,-13,1,-14,1,-14,3,-15,2,-13,2,-14,3,-14,1,-15,4,-15,2,-15,4,-15,3,-15,5,-15,4,-15,1,-17,2,-15,4,-16,4,-14,5,-13,6,-14,7,-14,6,-15,9,-13,8,-12,8,-12,8,-11,8,-10,9,-12,8,-10,10,-10,10,-7,9,-7,11,-6,10,-5,10,-5,10,-3,10,-3,10,-1,10,0,0,0,0,0,0,0,0,0,0,0]"""
1782116238595,2026-06-22T17:17:18.595,safe,transition,yja,stand_to_sit,t007,"CSI_DATA,1075679,1a:00:00:00:00:00,-66,11,-99,20,50,11,-1044552602,47,2,256,0,""[0,0,0,0,0,0,0,0,0,0,0,0,-3,-5,-4,-8,-2,-8,-4,-10,-2,-8,-2,-11,-2,-10,-2,-9,-2,-9,-3,-10,-4,-11,-2,-9,-2,-11,-3,-11,-3,-11,-1,-11,-1,-12,-2,-10,-1,-14,-4,-12,-4,-12,0,-12,-1,-11,-3,-13,-2,-12,-3,-11,-1,-11,-4,-11,-2,-12,-4,-13,-4,-9,-4,-13,-5,-12,-4,-11,-6,-11,-4,-9,-6,-8,-7,-9,-8,-10,-9,-8,-8,-8,-8,-8,-9,-9,-10,-7,-10,-10,-11,-7,-10,-7,-11,-6,-11,-8,-11,-6,-13,-7,-10,-5,-13,-5,-13,-6,-14,-5,-16,-6,-16,-5,0,0,0,0,0,0,-3,16,-1,14,-2,18,-1,15,0,14,0,16,-1,16,0,16,0,15,0,17,0,15,3,15,0,13,1,14,3,15,2,13,4,14,4,13,5,13,3,13,6,15,6,11,7,15,7,13,9,13,6,12,8,11,11,12,10,11,9,12,9,11,10,11,8,13,11,13,8,10,11,14,11,13,10,12,11,12,8,12,8,11,10,11,7,13,7,12,8,11,6,11,6,13,7,10,6,11,6,11,4,10,5,10,2,11,3,9,3,11,1,9,1,8,0,0,0,0,0,0,0,0,0,0]"""
1782116238608,2026-06-22T17:17:18.608,safe,transition,yja,stand_to_sit,t007,"CSI_DATA,1075680,1a:00:00:00:00:00,-66,11,-99,20,50,11,-1044539887,47,2,256,0,""[0,0,0,0,0,0,0,0,0,0,0,0,1,-8,2,-7,2,-9,1,-8,1,-10,3,-8,4,-8,4,-9,4,-8,4,-11,5,-10,6,-9,6,-10,5,-10,5,-9,7,-11,6,-9,5,-11,5,-9,6,-12,7,-14,6,-9,7,-10,5,-10,6,-9,7,-10,6,-10,5,-10,6,-11,5,-10,6,-11,5,-10,4,-12,4,-11,3,-11,4,-10,4,-11,5,-11,4,-11,2,-12,0,-11,2,-13,2,-11,0,-13,0,-12,0,-14,0,-12,-1,-14,-2,-13,-1,-13,-2,-15,0,-14,-1,-15,-3,-16,-2,-15,-4,-13,-4,-15,0,0,0,0,0,0,-15,4,-15,7,-15,6,-14,7,-17,5,-13,5,-16,7,-13,6,-15,8,-14,6,-14,8,-13,8,-12,7,-12,8,-12,7,-12,6,-13,7,-12,9,-9,9,-13,10,-10,10,-10,11,-9,10,-10,11,-9,12,-10,11,-11,11,-10,12,-10,11,-10,11,-10,13,-7,12,-11,14,-9,13,-9,14,-9,12,-9,14,-11,12,-9,13,-11,10,-11,11,-11,11,-11,10,-11,10,-9,10,-11,10,-10,7,-10,10,-10,6,-11,7,-10,5,-10,6,-9,5,-11,4,-9,3,-9,1,-9,2,0,0,0,0,0,0,0,0,0,0]"""
1782116238617,2026-06-22T17:17:18.617,safe,transition,yja,stand_to_sit,t007,"CSI_DATA,1075681,1a:00:00:00:00:00,-66,11,-99,19,50,11,-1044530406,47,2,256,0,""[0,0,0,0,0,0,0,0,0,0,0,0,-8,2,-6,1,-10,4,-7,3,-10,2,-7,1,-8,2,-10,1,-11,2,-11,3,-9,0,-10,0,-12,0,-12,0,-10,1,-13,1,-9,2,-13,2,-10,2,-11,1,-14,2,-12,3,-14,3,-11,1,-12,1,-12,0,-13,1,-9,2,-14,5,-9,3,-11,4,-8,3,-9,5,-9,6,-9,8,-9,7,-11,7,-8,6,-9,7,-9,9,-7,8,-10,10,-6,8,-6,13,-5,7,-4,12,-8,11,-4,13,-3,14,-5,16,-6,13,-6,14,-3,14,-3,17,-4,16,-3,14,0,17,0,0,0,0,0,0,17,0,20,0,12,0,15,-1,20,-1,13,0,18,-2,15,-2,17,-4,12,-1,13,-3,16,-4,15,-5,17,-7,14,-4,14,-3,15,-6,14,-7,11,-8,15,-10,10,-7,13,-10,9,-8,9,-10,12,-13,8,-13,13,-12,11,-10,12,-12,11,-13,11,-13,8,-12,12,-16,8,-13,8,-15,8,-10,8,-16,9,-13,7,-15,9,-14,12,-15,10,-10,12,-11,11,-12,8,-12,11,-12,8,-9,8,-12,6,-7,9,-10,8,-9,8,-10,9,-7,10,-8,9,-6,8,-5,8,-3,0,0,0,0,0,0,0,0,0,0]"""
1782116238629,2026-06-22T17:17:18.629,safe,transition,yja,stand_to_sit,t007,"CSI_DATA,1075682,1a:00:00:00:00:00,-65,11,-99,18,50,11,-1044517903,47,2,256,0,""[0,0,0,0,0,0,0,0,0,0,0,0,5,-6,5,-5,8,-7,5,-6,9,-6,6,-5,5,-5,7,-7,9,-5,9,-8,8,-5,8,-6,9,-6,10,-6,10,-7,13,-5,10,-5,12,-5,9,-5,10,-5,12,-10,10,-4,12,-11,8,-5,9,-6,9,-6,12,-5,9,-7,14,-6,10,-5,10,-5,7,-6,8,-9,9,-8,7,-10,9,-9,9,-9,8,-8,8,-10,8,-13,6,-12,10,-11,7,-10,5,-12,4,-7,4,-13,5,-12,1,-13,5,-16,3,-15,5,-13,5,-16,5,-16,4,-16,4,-15,3,-16,2,-17,0,0,0,0,0,0,-18,-2,-20,0,-15,0,-17,-1,-21,0,-15,-2,-19,-1,-16,0,-18,0,-15,0,-14,0,-17,4,-18,1,-18,5,-14,2,-15,4,-15,4,-17,4,-14,5,-18,3,-15,4,-16,5,-13,4,-12,6,-15,9,-15,8,-16,8,-14,7,-15,8,-14,10,-16,10,-13,10,-19,7,-15,7,-14,8,-11,5,-14,11,-15,7,-13,11,-17,8,-15,9,-14,6,-16,7,-17,7,-15,7,-16,3,-14,1,-14,5,-9,2,-14,4,-12,2,-13,4,-13,0,-13,2,-11,1,-10,0,-10,-1,0,0,0,0,0,0,0,0,0,0]"""
1782116238639,2026-06-22T17:17:18.639,safe,transition,yja,stand_to_sit,t007,"CSI_DATA,1075683,1a:00:00:00:00:00,-65,11,-99,14,49,11,-1044508602,47,2,256,0,""[0,0,0,0,0,0,0,0,0,0,0,0,-5,6,-4,4,-7,7,-5,5,-9,7,-7,6,-7,6,-7,7,-7,4,-9,9,-9,8,-7,7,-8,8,-9,6,-7,6,-12,8,-9,6,-12,8,-9,7,-11,8,-11,11,-11,6,-10,9,-8,9,-9,9,-8,8,-9,9,-6,8,-11,11,-9,8,-8,7,-6,7,-6,12,-7,14,-4,14,-4,13,-7,10,-3,12,-4,9,-3,11,0,14,-2,16,-5,10,-3,15,3,11,4,14,-8,16,1,11,-3,17,10,17,0,14,7,12,3,9,4,17,11,14,4,11,6,17,0,0,0,0,0,0,14,-7,19,-8,13,-4,17,-7,20,-11,12,-7,18,-11,13,-7,17,-12,11,-8,12,-11,12,-13,12,-10,12,-15,11,-13,9,-14,9,-15,8,-14,6,-12,11,-17,7,-12,8,-17,5,-13,6,-16,4,-19,6,-16,4,-19,3,-19,3,-17,1,-17,1,-17,1,-14,6,-22,3,-15,3,-19,2,-14,0,-20,3,-19,0,-17,4,-17,2,-19,3,-17,3,-18,3,-18,1,-14,6,-18,6,-13,3,-16,2,-10,3,-15,5,-12,2,-13,5,-13,4,-12,5,-11,4,-10,5,-8,0,0,0,0,0,0,0,0,0,0]"""
1782116238649,2026-06-22T17:17:18.649,safe,transition,yja,stand_to_sit,t007,"CSI_DATA,1075684,1a:00:00:00:00:00,-64,11,-99,14,50,11,-1044497602,47,2,256,0,""[0,0,0,0,0,0,0,0,0,0,0,0,-3,6,-5,8,-4,6,-7,7,-4,6,-7,9,-8,8,-7,4,-6,9,-8,4,-9,8,-8,9,-9,9,-9,8,-10,9,-6,7,-9,10,-7,8,-12,10,-10,10,-9,7,-10,9,-9,7,-10,10,-10,10,-8,10,-8,8,-9,9,-6,11,-7,12,-7,12,-10,16,-7,11,-6,13,-7,12,-3,11,-4,10,-2,15,-4,13,-3,12,-2,13,1,12,2,15,0,15,1,20,0,15,3,15,0,16,2,14,3,16,8,18,6,14,6,16,7,17,9,16,8,18,8,19,0,0,0,0,0,0,17,-10,14,-9,20,-14,15,-12,11,-8,15,-13,12,-10,15,-16,10,-13,16,-15,14,-15,12,-11,10,-13,10,-12,9,-16,8,-15,8,-14,8,-13,9,-16,3,-15,4,-18,4,-16,6,-23,6,-18,4,-18,4,-16,2,-15,0,-20,1,-18,2,-16,1,-15,2,-19,-3,-15,-3,-20,0,-18,-1,-26,2,-20,0,-20,2,-20,0,-16,1,-18,-2,-20,0,-18,0,-15,1,-16,-2,-15,-2,-18,1,-15,2,-20,2,-14,2,-15,4,-12,2,-13,4,-11,3,-13,3,-12,4,-10,0,0,0,0,0,0,0,0,0,0]"""
1782116238663,2026-06-22T17:17:18.663,safe,transition,yja,stand_to_sit,t007,"CSI_DATA,1075685,1a:00:00:00:00:00,-64,11,-99,17,49,11,-1044485005,47,2,256,0,""[0,0,0,0,0,0,0,0,0,0,0,0,-1,-8,-1,-9,0,-8,0,-10,0,-9,1,-11,1,-11,2,-11,2,-10,3,-11,3,-12,5,-11,5,-11,5,-10,5,-11,8,-11,8,-13,7,-10,11,-11,8,-11,7,-12,10,-8,8,-11,10,-10,10,-10,10,-11,10,-9,8,-10,12,-8,12,-10,10,-9,11,-11,11,-10,10,-8,10,-11,11,-8,10,-12,8,-12,10,-11,10,-12,10,-12,11,-10,11,-12,7,-13,11,-13,10,-17,10,-12,9,-14,11,-11,10,-12,11,-15,10,-14,12,-15,12,-16,13,-15,15,-14,14,-15,0,0,0,0,0,0,-14,-14,-14,-13,-16,-15,-15,-12,-13,-11,-15,-14,-12,-15,-15,-16,-12,-12,-15,-16,-14,-14,-15,-12,-11,-12,-12,-11,-15,-12,-14,-11,-14,-12,-13,-11,-14,-11,-12,-12,-15,-13,-14,-11,-15,-14,-13,-14,-15,-11,-12,-13,-14,-12,-16,-12,-14,-12,-16,-11,-14,-12,-15,-11,-12,-16,-13,-15,-12,-12,-14,-17,-14,-16,-11,-17,-11,-16,-8,-15,-10,-14,-11,-17,-7,-17,-7,-17,-7,-17,-3,-16,-4,-17,-3,-16,-3,-17,-2,-17,0,-14,0,-15,2,-13,1,-13,2,-13,3,-11,3,-12,0,0,0,0,0,0,0,0,0,0]"""
1782116238673,2026-06-22T17:17:18.673,safe,transition,yja,stand_to_sit,t007,"CSI_DATA,1075686,1a:00:00:00:00:00,-64,11,-99,19,48,11,-1044473921,47,2,256,0,""[0,0,0,0,0,0,0,0,0,0,0,0,-3,8,-2,8,-5,9,-5,6,-7,7,-7,8,-8,7,-10,10,-8,7,-8,9,-10,10,-9,8,-10,8,-11,7,-9,5,-16,7,-13,5,-14,6,-13,4,-13,6,-14,7,-14,2,-16,6,-14,4,-13,4,-13,5,-13,5,-11,4,-17,2,-13,2,-14,2,-13,2,-16,4,-14,3,-13,4,-15,3,-16,7,-15,5,-14,6,-14,6,-12,5,-16,5,-14,4,-14,7,-13,5,-17,8,-17,5,-15,10,-17,6,-16,9,-16,8,-16,8,-17,7,-20,9,-18,8,-17,7,-20,6,0,0,0,0,0,0,5,19,8,21,8,17,7,20,8,20,5,17,7,23,6,17,7,21,7,17,5,18,8,20,5,18,9,17,8,17,9,16,9,16,9,16,7,13,8,20,7,16,8,17,7,16,7,17,8,19,7,17,11,18,11,17,10,16,10,17,10,17,8,14,7,22,6,17,7,19,5,17,7,22,4,20,6,19,3,19,4,21,3,20,2,20,1,19,1,17,-2,20,-2,18,-1,18,-2,13,-3,18,-4,14,-4,14,-6,13,-5,14,-7,11,-6,10,-7,10,0,0,0,0,0,0,0,0,0,0]"""
1782116238684,2026-06-22T17:17:18.684,safe,transition,yja,stand_to_sit,t007,"CSI_DATA,1075687,1a:00:00:00:00:00,-64,11,-99,20,48,11,-1044464023,47,2,256,0,""[0,0,0,0,0,0,0,0,0,0,0,0,9,-2,10,-4,9,-2,10,-4,10,-3,10,-1,10,-1,9,0,12,-2,13,0,12,0,13,1,13,0,15,0,17,2,14,0,14,0,15,0,15,1,17,1,15,2,16,1,13,4,14,3,16,4,13,3,15,4,16,4,16,-1,14,0,14,1,16,0,13,0,15,0,16,0,16,0,15,0,13,-1,16,-2,17,-2,16,-2,15,-6,14,-5,16,-5,16,-4,15,-4,17,-6,17,-5,17,-9,19,-8,17,-9,19,-8,17,-9,17,-8,17,-12,20,-9,19,-10,0,0,0,0,0,0,-13,-21,-11,-20,-11,-18,-11,-17,-10,-18,-12,-17,-12,-16,-13,-16,-12,-15,-11,-14,-11,-14,-9,-16,-13,-15,-11,-16,-11,-13,-11,-15,-13,-13,-13,-13,-15,-13,-15,-9,-16,-9,-16,-11,-15,-10,-16,-10,-15,-12,-20,-9,-15,-10,-15,-10,-17,-11,-15,-9,-16,-11,-18,-12,-19,-8,-19,-6,-17,-9,-17,-10,-16,-11,-18,-10,-16,-13,-17,-12,-16,-12,-15,-10,-15,-12,-14,-12,-13,-13,-14,-10,-13,-10,-12,-12,-10,-13,-8,-11,-8,-12,-8,-12,-8,-13,-5,-13,-5,-11,-4,-12,-3,-12,0,0,0,0,0,0,0,0,0,0]"""
1782116238694,2026-06-22T17:17:18.694,safe,transition,yja,stand_to_sit,t007,"CSI_DATA,1075688,1a:00:00:00:00:00,-64,11,-99,19,48,11,-1044453602,47,2,256,0,""[0,0,0,0,0,0,0,0,0,0,0,0,6,7,5,7,7,8,7,8,6,10,6,7,7,7,8,8,9,10,9,10,6,10,8,10,8,10,8,13,8,13,8,13,8,11,8,14,8,11,7,10,9,11,12,12,11,12,8,12,11,13,11,11,10,12,11,11,11,11,11,10,10,10,11,7,12,6,14,5,14,5,16,5,16,4,13,4,16,2,17,5,17,4,16,2,15,2,17,2,13,0,15,-2,16,-3,16,-5,22,-5,19,-7,17,-3,20,-5,20,-5,18,-7,20,-5,18,-10,19,-10,0,0,0,0,0,0,-10,-19,-12,-22,-10,-15,-11,-16,-16,-17,-10,-16,-13,-17,-13,-14,-14,-17,-13,-10,-14,-9,-16,-10,-20,-8,-19,-10,-14,-10,-16,-7,-19,-6,-19,-8,-19,-7,-19,-5,-16,-3,-20,-5,-15,0,-18,0,-17,1,-22,2,-20,2,-19,-1,-20,1,-19,3,-20,1,-21,3,-22,2,-19,3,-20,2,-16,3,-19,5,-19,7,-19,8,-20,7,-19,6,-17,2,-19,4,-20,2,-19,2,-17,2,-15,1,-17,2,-13,2,-13,4,-13,5,-14,4,-16,3,-14,1,-12,-1,-13,0,-12,0,0,0,0,0,0,0,0,0,0,0]"""
1782116238704,2026-06-22T17:17:18.704,safe,transition,yja,stand_to_sit,t007,"CSI_DATA,1075689,1a:00:00:00:00:00,-64,11,-99,15,49,11,-1044442602,47,2,256,0,""[0,0,0,0,0,0,0,0,0,0,0,0,9,0,11,3,8,2,10,5,8,5,11,5,10,5,9,7,12,6,8,7,8,10,9,10,10,10,8,10,8,16,7,10,8,13,4,14,6,14,3,13,2,12,5,16,4,13,2,14,4,15,4,14,2,16,0,18,1,13,1,16,-1,14,1,14,1,14,1,16,1,17,2,17,2,14,0,12,3,16,1,16,1,19,4,13,2,17,0,16,2,20,1,15,4,19,2,20,2,17,1,17,1,17,4,20,1,22,1,18,0,19,1,23,-1,20,0,0,0,0,0,0,23,4,19,5,22,3,20,5,19,1,23,8,17,4,22,5,17,7,22,2,19,4,17,5,22,4,17,4,17,6,19,2,18,4,19,6,21,7,16,4,18,5,17,8,19,5,17,5,17,7,19,5,17,5,16,7,19,5,19,5,19,7,20,11,16,8,18,10,14,11,19,11,15,11,16,11,15,12,16,14,14,11,13,14,14,13,11,16,8,18,9,13,7,16,2,16,5,17,3,14,4,15,2,15,0,15,0,12,-1,12,0,12,-2,13,0,0,0,0,0,0,0,0,0,0]"""
1782116238717,2026-06-22T17:17:18.717,safe,transition,yja,stand_to_sit,t007,"CSI_DATA,1075690,1a:00:00:00:00:00,-64,11,-99,18,48,11,-1044431602,47,2,256,0,""[0,0,0,0,0,0,0,0,0,0,0,0,-5,-6,-6,-9,-4,-7,-6,-11,-5,-7,-6,-14,-4,-13,-4,-11,-3,-11,-2,-11,-6,-14,-6,-13,-4,-13,-3,-12,-4,-15,0,-12,-2,-17,-1,-12,-1,-17,-1,-16,-2,-13,1,-14,0,-13,-1,-16,-1,-15,-2,-15,-2,-14,-1,-15,0,-12,-1,-15,-2,-12,-1,-18,0,-17,-1,-14,-1,-14,-1,-14,-3,-12,-6,-15,-5,-14,-6,-12,-5,-14,-5,-11,-7,-16,-6,-13,-11,-20,-6,-17,-7,-15,-7,-17,-7,-15,-10,-13,-13,-15,-11,-14,-12,-17,-12,-16,-13,-14,-14,-19,-9,-17,0,0,0,0,0,0,-16,12,-12,11,-19,17,-18,13,-12,12,-17,15,-13,11,-17,15,-12,12,-19,17,-17,13,-12,12,-13,12,-12,12,-12,19,-10,16,-9,15,-8,14,-10,15,-9,12,-10,18,-8,15,-12,20,-12,17,-9,15,-10,15,-7,15,-7,20,-6,18,-5,18,-6,17,-9,19,-6,14,-7,19,-7,17,-12,22,-12,17,-10,17,-11,17,-11,13,-9,14,-9,19,-9,15,-8,12,-11,14,-9,12,-12,15,-11,11,-15,14,-14,9,-12,9,-13,6,-11,5,-10,7,-12,6,-10,6,-10,4,0,0,0,0,0,0,0,0,0,0]"""
1782116238728,2026-06-22T17:17:18.728,safe,transition,yja,stand_to_sit,t007,"CSI_DATA,1075691,1a:00:00:00:00:00,-64,11,-99,20,48,11,-1044419105,47,2,256,0,""[0,0,0,0,0,0,0,0,0,0,0,0,-9,2,-8,1,-10,2,-10,1,-10,2,-12,0,-12,2,-13,2,-12,0,-13,1,-13,1,-14,0,-13,-1,-15,0,-12,0,-17,0,-15,0,-17,0,-15,-1,-15,1,-15,2,-14,-2,-16,0,-15,0,-15,-1,-15,-1,-16,0,-14,2,-16,0,-13,1,-15,2,-13,2,-15,4,-13,3,-13,5,-14,6,-15,5,-15,5,-15,5,-13,7,-11,8,-16,9,-12,9,-12,11,-12,9,-12,15,-13,12,-10,14,-11,14,-13,15,-13,15,-12,14,-10,16,-13,19,-12,16,-10,13,-8,19,0,0,0,0,0,0,19,6,21,9,17,7,21,5,21,8,17,4,22,6,17,4,21,4,19,4,20,3,21,2,20,2,20,1,19,0,18,2,18,0,19,-1,16,-3,21,-2,19,-4,20,-5,16,-3,18,-6,20,-7,18,-6,21,-8,17,-7,17,-6,19,-8,19,-9,16,-10,20,-9,17,-8,17,-11,17,-8,18,-12,18,-9,17,-10,17,-8,18,-8,19,-8,18,-5,17,-6,14,-8,18,-6,16,-4,15,-8,13,-5,16,-6,15,-4,14,-5,13,-2,15,-2,12,0,12,1,11,1,0,0,0,0,0,0,0,0,0,0]"""
1782116238738,2026-06-22T17:17:18.738,safe,transition,yja,stand_to_sit,t007,"CSI_DATA,1075692,1a:00:00:00:00:00,-64,11,-99,19,48,11,-1044409602,47,2,256,0,""[0,0,0,0,0,0,0,0,0,0,0,0,-5,5,-7,6,-8,6,-10,5,-9,5,-11,5,-12,5,-10,6,-11,3,-13,4,-14,5,-12,4,-13,6,-13,4,-13,4,-14,2,-14,2,-14,3,-16,2,-18,2,-16,2,-13,0,-14,1,-16,2,-14,2,-14,2,-12,2,-13,3,-15,2,-15,2,-14,3,-17,4,-16,5,-14,4,-14,4,-13,3,-12,5,-14,7,-14,7,-11,7,-12,7,-13,8,-13,9,-13,10,-14,10,-14,11,-13,10,-14,11,-14,8,-13,11,-14,14,-11,12,-11,12,-15,15,-13,15,-14,15,-15,16,0,0,0,0,0,0,17,13,15,14,19,14,16,13,15,10,17,11,17,13,17,13,17,11,19,11,17,13,17,11,14,10,17,10,20,8,18,7,18,7,17,5,16,5,17,7,17,6,19,4,20,6,20,7,19,5,17,6,19,4,22,3,20,4,20,3,17,3,17,2,20,4,20,4,20,2,23,7,23,7,20,7,19,6,16,6,19,5,20,5,19,6,16,6,15,7,15,7,15,8,16,8,14,9,14,10,11,9,11,10,8,10,9,11,10,11,7,8,6,9,0,0,0,0,0,0,0,0,0,0]"""
1782116238749,2026-06-22T17:17:18.749,safe,transition,yja,stand_to_sit,t007,"CSI_DATA,1075693,1a:00:00:00:00:00,-64,11,-99,14,49,11,-1044398566,47,2,256,0,""[0,0,0,0,0,0,0,0,0,0,0,0,3,8,4,11,1,10,1,12,1,10,0,13,0,13,0,12,-1,11,-1,12,-2,13,-2,13,-4,14,-5,12,-5,14,-6,12,-7,13,-7,12,-11,14,-11,11,-11,11,-9,10,-9,12,-11,12,-11,11,-9,10,-10,9,-9,11,-12,8,-12,10,-10,9,-12,11,-12,11,-11,10,-11,11,-11,9,-10,9,-11,11,-11,10,-11,9,-11,11,-11,10,-11,12,-10,12,-12,14,-11,14,-11,12,-11,14,-12,11,-12,12,-15,14,-12,12,-13,14,-14,13,-16,13,-16,15,-15,14,0,0,0,0,0,0,13,16,12,14,15,19,13,16,12,14,13,17,11,17,12,19,11,15,12,21,11,18,12,15,9,16,10,15,12,16,11,14,10,16,10,16,11,16,9,15,11,17,9,14,10,19,11,17,11,17,8,17,9,15,12,17,9,17,9,18,7,17,10,18,6,19,8,21,8,17,6,24,6,22,4,20,4,22,2,18,1,18,3,20,-1,20,0,17,-1,19,-4,15,-3,19,-3,15,-6,17,-6,14,-6,13,-7,12,-7,11,-8,10,-9,11,-8,7,-9,7,0,0,0,0,0,0,0,0,0,0]"""
1782116238760,2026-06-22T17:17:18.760,safe,transition,yja,stand_to_sit,t007,"CSI_DATA,1075694,1a:00:00:00:00:00,-64,11,-99,19,48,11,-1044387242,47,2,256,0,""[0,0,0,0,0,0,0,0,0,0,0,0,8,2,11,4,6,2,11,5,8,3,13,8,11,8,8,6,10,7,7,7,11,10,11,10,11,8,10,7,13,11,8,8,13,12,10,8,13,13,12,13,10,9,11,11,7,10,11,11,13,10,10,10,8,10,11,13,8,7,13,11,8,8,15,12,12,10,13,8,12,8,11,7,10,6,14,6,14,5,13,4,14,6,11,2,19,5,14,3,23,5,17,5,18,2,17,4,16,2,16,1,21,-1,18,0,22,0,19,0,20,-3,24,-1,19,0,0,0,0,0,0,0,-2,-20,0,-16,-4,-27,0,-20,-1,-14,-2,-23,-4,-14,-6,-25,-5,-16,-5,-26,-4,-22,-4,-17,-5,-17,-5,-16,-7,-19,-9,-17,-10,-16,-10,-14,-10,-19,-7,-12,-13,-19,-9,-12,-14,-21,-12,-17,-9,-15,-11,-14,-10,-13,-14,-14,-16,-14,-14,-13,-11,-13,-14,-17,-12,-11,-17,-16,-13,-13,-19,-20,-11,-19,-14,-14,-11,-17,-10,-14,-10,-14,-14,-15,-11,-14,-10,-11,-10,-17,-7,-11,-11,-17,-7,-13,-9,-20,-5,-14,-4,-16,-2,-13,-2,-12,-2,-10,-4,-14,-2,-12,-1,-12,0,0,0,0,0,0,0,0,0,0]"""
1782116238771,2026-06-22T17:17:18.771,safe,transition,yja,stand_to_sit,t007,"CSI_DATA,1075695,1a:00:00:00:00:00,-64,11,-99,20,48,11,-1044376602,47,2,256,0,""[0,0,0,0,0,0,0,0,0,0,0,0,-8,6,-8,5,-9,5,-8,5,-12,4,-9,3,-10,4,-10,5,-12,5,-15,4,-12,0,-13,0,-13,1,-16,-1,-15,-1,-17,-2,-13,-2,-15,-4,-12,-2,-12,-1,-12,-2,-17,-1,-16,-5,-12,-8,-15,-6,-14,-5,-13,-8,-14,-8,-15,-7,-12,-6,-12,-9,-10,-4,-13,-4,-13,-3,-14,-3,-16,-5,-15,-6,-10,-6,-14,-5,-15,-6,-15,-6,-15,-6,-13,-5,-16,-6,-12,-4,-13,-3,-15,-2,-16,-1,-20,-4,-20,-5,-15,-6,-19,-8,-17,-6,-17,-6,-17,-9,-19,-5,-20,-7,0,0,0,0,0,0,-8,19,-12,22,-8,14,-10,17,-10,20,-12,15,-12,17,-9,17,-13,17,-7,13,-7,15,-8,17,-7,20,-8,19,-11,14,-10,16,-9,16,-13,16,-9,16,-10,17,-8,13,-12,17,-6,13,-6,15,-8,17,-8,19,-10,19,-11,12,-11,17,-10,16,-15,16,-13,16,-13,17,-13,13,-15,13,-12,12,-12,16,-12,16,-13,16,-16,15,-16,13,-16,6,-17,9,-19,7,-17,7,-17,5,-15,2,-18,3,-13,2,-13,2,-14,2,-14,2,-15,1,-15,0,-11,-4,-12,-4,-10,-5,0,0,0,0,0,0,0,0,0,0]"""
1782116238782,2026-06-22T17:17:18.782,safe,transition,yja,stand_to_sit,t007,"CSI_DATA,1075696,1a:00:00:00:00:00,-64,11,-99,16,49,11,-1044365239,47,2,256,0,""[0,0,0,0,0,0,0,0,0,0,0,0,7,-5,8,-4,9,-5,8,-4,9,-5,12,-4,12,-5,12,-4,10,-3,12,-4,15,-5,12,-4,13,-3,12,-3,13,-2,16,-2,13,-3,15,-5,16,-1,17,-1,17,-2,13,-1,16,-2,16,-2,15,-2,15,-2,14,-3,12,-4,15,-2,13,-3,15,-4,15,-3,15,-5,13,-4,13,-6,12,-5,14,-7,13,-8,13,-7,12,-8,10,-8,12,-9,11,-10,11,-10,12,-12,12,-13,10,-13,11,-13,9,-10,11,-14,12,-16,8,-13,9,-14,12,-19,9,-16,10,-15,10,-17,0,0,0,0,0,0,-16,-7,-18,-8,-17,-8,-19,-8,-17,-6,-19,-5,-19,-6,-17,-5,-19,-5,-20,-6,-20,-4,-18,-2,-17,-2,-18,-3,-20,-1,-18,-1,-19,-1,-17,-1,-15,1,-20,0,-17,1,-19,2,-19,1,-20,2,-19,3,-16,1,-19,4,-19,5,-18,4,-19,5,-17,4,-16,5,-20,5,-17,5,-19,8,-20,4,-20,4,-19,4,-19,5,-17,4,-19,3,-19,5,-18,2,-15,2,-16,1,-18,2,-16,1,-17,2,-15,0,-17,-1,-14,0,-13,-1,-12,-2,-12,-2,-13,-2,-10,-3,-10,-2,0,0,0,0,0,0,0,0,0,0]"""
1782116238796,2026-06-22T17:17:18.796,safe,transition,yja,stand_to_sit,t007,"CSI_DATA,1075697,1a:00:00:00:00:00,-65,11,-99,17,49,11,-1044352243,47,2,256,0,""[0,0,0,0,0,0,0,0,0,0,0,0,-7,-7,-5,-6,-5,-8,-5,-7,-5,-10,-2,-10,-3,-11,-3,-12,-1,-12,-1,-14,-1,-13,0,-13,0,-14,0,-14,0,-11,3,-17,2,-14,3,-15,3,-12,2,-12,4,-14,5,-13,6,-16,5,-14,7,-12,7,-12,6,-13,4,-12,8,-15,6,-11,7,-14,6,-10,6,-12,7,-12,6,-12,7,-13,8,-14,7,-12,8,-13,7,-14,4,-13,7,-14,7,-11,5,-14,6,-10,6,-16,8,-14,6,-15,8,-14,8,-16,8,-14,9,-13,9,-14,10,-17,10,-15,8,-14,9,-17,0,0,0,0,0,0,-14,-11,-16,-11,-13,-9,-16,-10,-18,-12,-16,-10,-16,-13,-12,-10,-15,-12,-14,-12,-14,-11,-16,-12,-12,-12,-15,-11,-14,-11,-12,-11,-13,-10,-12,-11,-12,-8,-15,-13,-13,-9,-15,-10,-11,-10,-14,-10,-15,-11,-12,-11,-16,-13,-13,-11,-13,-12,-12,-13,-13,-14,-12,-10,-12,-15,-10,-13,-13,-15,-8,-14,-12,-15,-9,-15,-10,-15,-7,-15,-8,-18,-6,-17,-4,-17,-5,-16,-4,-14,-2,-18,-1,-15,-2,-15,1,-12,0,-15,1,-14,1,-13,3,-12,5,-12,5,-10,6,-9,6,-8,0,0,0,0,0,0,0,0,0,0]"""
1782116238805,2026-06-22T17:17:18.805,safe,transition,yja,stand_to_sit,t007,"CSI_DATA,1075698,1a:00:00:00:00:00,-65,11,-99,15,50,11,-1044341697,47,2,256,0,""[0,0,0,0,0,0,0,0,0,0,0,0,1,-8,2,-11,2,-7,2,-11,3,-9,6,-11,5,-10,6,-9,7,-11,7,-7,10,-8,11,-8,10,-6,11,-7,14,-9,10,-7,13,-7,13,-7,14,-6,15,-5,14,-4,14,-6,12,-2,13,-3,14,-2,15,-1,15,0,16,-1,12,-2,14,-2,14,-1,16,-2,13,0,13,-3,14,-2,14,-1,13,-1,13,-1,13,-1,12,-1,15,0,12,-4,16,-3,14,-2,19,-2,13,0,16,-5,15,0,15,-3,16,-1,16,-1,18,0,20,-1,15,0,18,-1,20,0,16,0,0,0,0,0,0,0,1,-20,2,-16,1,-21,1,-19,3,-15,3,-20,1,-14,1,-21,1,-15,3,-19,2,-18,2,-16,1,-19,4,-14,4,-16,4,-16,3,-16,5,-16,4,-19,2,-15,2,-18,2,-16,3,-18,2,-16,2,-14,2,-18,5,-15,5,-16,6,-17,5,-16,7,-15,8,-19,4,-15,5,-18,7,-16,10,-19,7,-13,7,-16,10,-15,10,-15,11,-11,12,-12,11,-10,12,-9,14,-10,10,-9,12,-9,13,-6,15,-6,11,-3,13,-5,13,-2,12,-3,11,0,12,0,10,1,11,2,0,0,0,0,0,0,0,0,0,0]"""
1782116238816,2026-06-22T17:17:18.816,safe,transition,yja,stand_to_sit,t007,"CSI_DATA,1075699,1a:00:00:00:00:00,-65,11,-99,15,50,11,-1044330676,47,2,256,0,""[0,0,0,0,0,0,0,0,0,0,0,0,9,2,10,2,7,2,10,3,9,2,12,5,11,7,8,6,10,6,8,7,11,7,11,9,11,9,9,9,10,10,10,8,11,10,11,9,11,13,9,12,6,9,8,11,7,12,10,12,9,12,9,11,7,11,10,13,7,8,10,10,10,10,12,13,9,12,9,10,8,11,8,8,10,9,12,7,11,8,8,7,11,9,12,4,14,5,13,7,18,9,13,8,15,6,13,9,13,6,15,6,19,4,16,4,15,4,17,6,16,3,17,5,18,5,0,0,0,0,0,0,5,-18,3,-14,5,-21,2,-18,3,-13,3,-20,2,-14,2,-18,1,-14,2,-20,2,-19,1,-16,0,-16,2,-14,0,-18,0,-15,0,-15,-1,-14,0,-16,-2,-13,-3,-17,-2,-15,-2,-19,-1,-18,-2,-14,-1,-15,-1,-15,-5,-18,-4,-15,-4,-15,-2,-14,-2,-18,-5,-14,-5,-16,-6,-16,-5,-23,-2,-19,-1,-17,0,-18,-1,-15,-2,-15,-3,-18,-1,-16,-1,-13,1,-15,-1,-13,-1,-16,0,-13,2,-18,3,-12,2,-13,4,-11,2,-9,4,-10,4,-11,4,-9,5,-8,0,0,0,0,0,0,0,0,0,0]"""
1782116238826,2026-06-22T17:17:18.826,safe,transition,yja,stand_to_sit,t007,"CSI_DATA,1075700,1a:00:00:00:00:00,-65,11,-99,16,50,11,-1044321460,47,2,256,0,""[0,0,0,0,0,0,0,0,0,0,0,0,4,-8,4,-7,5,-9,4,-8,5,-9,7,-9,7,-9,6,-10,8,-7,8,-10,9,-10,9,-9,10,-8,8,-9,8,-8,12,-10,11,-8,11,-10,10,-9,11,-10,10,-12,11,-8,11,-10,11,-10,10,-8,11,-8,11,-9,8,-8,12,-10,9,-8,10,-10,9,-9,9,-11,9,-11,7,-10,7,-10,7,-12,7,-12,8,-12,6,-13,3,-10,6,-14,6,-12,2,-13,5,-13,3,-17,3,-16,3,-15,2,-13,1,-16,1,-15,3,-15,1,-17,0,-19,1,-17,0,-15,-1,-18,0,0,0,0,0,0,-17,1,-18,3,-17,3,-18,4,-17,3,-15,4,-18,3,-15,4,-17,6,-17,4,-17,6,-15,7,-14,5,-15,8,-15,7,-15,7,-13,8,-13,8,-10,8,-15,9,-12,9,-12,11,-12,10,-13,11,-10,12,-10,11,-12,13,-10,14,-11,11,-10,13,-10,13,-8,13,-11,14,-10,12,-9,14,-10,13,-9,15,-11,14,-9,12,-11,11,-11,12,-11,12,-12,11,-10,11,-9,10,-12,10,-10,9,-9,11,-10,8,-11,10,-10,7,-10,7,-9,5,-10,6,-11,4,-9,3,-8,3,0,0,0,0,0,0,0,0,0,0]"""
1782116238837,2026-06-22T17:17:18.837,safe,transition,yja,stand_to_sit,t007,"CSI_DATA,1075701,1a:00:00:00:00:00,-66,11,-99,18,49,11,-1044310603,47,2,256,0,""[0,0,0,0,0,0,0,0,0,0,0,0,7,-5,6,-5,9,-7,7,-6,10,-7,8,-5,9,-5,11,-5,10,-4,12,-7,11,-5,12,-4,12,-5,13,-4,10,-4,16,-4,13,-4,14,-5,13,-4,12,-3,14,-3,13,-4,15,-4,13,-4,14,-2,14,-3,15,-4,11,-4,15,-4,13,-4,13,-6,10,-4,13,-8,12,-5,12,-7,12,-6,13,-8,11,-8,12,-7,10,-9,7,-9,12,-9,10,-9,7,-13,8,-8,8,-14,10,-10,8,-14,8,-14,9,-13,7,-13,9,-13,8,-13,8,-16,7,-15,6,-14,4,-17,0,0,0,0,0,0,-17,-3,-20,-4,-15,-3,-17,-1,-20,-4,-15,-2,-20,-1,-15,-1,-18,0,-15,-2,-16,-2,-17,0,-15,-1,-18,1,-15,0,-16,0,-16,1,-16,3,-13,4,-18,3,-14,3,-15,6,-14,4,-14,6,-16,7,-14,6,-17,7,-15,6,-15,6,-16,7,-15,8,-13,9,-18,8,-15,6,-14,9,-13,6,-15,10,-15,6,-15,8,-15,6,-16,6,-16,5,-16,4,-15,6,-13,6,-16,4,-13,2,-13,7,-10,1,-14,4,-12,1,-12,2,-11,1,-11,0,-9,0,-9,-1,-9,-1,0,0,0,0,0,0,0,0,0,0]"""
1782116238847,2026-06-22T17:17:18.847,safe,transition,yja,stand_to_sit,t007,"CSI_DATA,1075702,1a:00:00:00:00:00,-66,11,-99,21,49,11,-1044299603,47,2,256,0,""[0,0,0,0,0,0,0,0,0,0,0,0,10,0,8,1,11,3,9,2,11,5,8,3,9,3,10,6,11,6,11,9,8,7,9,10,9,9,9,11,10,10,11,12,9,9,9,12,4,11,8,10,8,12,8,15,7,15,3,13,4,15,4,13,4,15,5,12,6,16,6,12,5,13,4,10,5,12,5,13,7,12,7,13,5,14,4,12,5,14,7,15,6,13,7,14,6,12,8,12,5,9,8,12,6,12,10,12,10,15,8,16,5,13,8,17,8,14,9,15,8,15,8,15,10,14,0,0,0,0,0,0,16,-10,19,-10,13,-7,13,-10,18,-10,13,-6,17,-9,13,-9,16,-9,12,-6,11,-6,14,-8,15,-9,17,-9,12,-5,14,-6,14,-8,15,-7,13,-8,14,-10,11,-9,14,-10,10,-7,11,-9,14,-9,13,-11,14,-10,13,-7,15,-8,14,-8,16,-9,13,-8,17,-10,13,-8,15,-10,12,-5,14,-8,15,-7,15,-7,16,-8,17,-5,13,-2,17,-1,17,-2,16,-1,16,-2,13,0,15,-1,9,0,12,0,11,1,12,2,14,2,12,5,8,4,9,8,7,6,0,0,0,0,0,0,0,0,0,0]"""
1782116238859,2026-06-22T17:17:18.859,safe,transition,yja,stand_to_sit,t007,"CSI_DATA,1075703,1a:00:00:00:00:00,-66,11,-99,20,49,11,-1044287417,47,2,256,0,""[0,0,0,0,0,0,0,0,0,0,0,0,9,0,9,0,11,1,9,2,11,3,8,2,10,0,11,1,12,2,13,3,10,5,11,5,11,6,12,9,12,7,13,8,10,6,11,9,10,6,11,8,12,9,13,8,13,8,9,10,11,10,10,9,10,10,10,8,12,11,10,8,10,10,9,7,11,6,12,5,12,5,13,7,12,7,10,8,14,7,12,8,13,7,13,7,12,6,14,6,10,3,13,2,14,1,14,1,18,3,17,3,14,6,16,6,15,3,16,3,16,6,15,3,18,2,0,0,0,0,0,0,1,-19,5,-21,1,-14,2,-17,3,-20,3,-15,5,-18,3,-16,5,-18,1,-13,0,-14,-1,-15,-2,-18,0,-18,1,-14,0,-15,-1,-15,1,-18,0,-17,-2,-17,-1,-14,0,-17,-1,-13,-4,-14,-5,-15,-6,-17,-5,-17,-1,-15,-3,-18,-3,-15,-2,-18,-3,-16,-2,-19,-2,-17,-3,-16,-2,-13,-4,-16,-5,-17,-5,-17,-4,-17,-2,-17,1,-15,0,-15,2,-18,1,-15,1,-15,4,-13,3,-14,3,-9,1,-12,1,-11,1,-12,4,-13,4,-10,6,-8,6,-8,6,-8,0,0,0,0,0,0,0,0,0,0]"""
1782116238870,2026-06-22T17:17:18.870,safe,transition,yja,stand_to_sit,t007,"CSI_DATA,1075704,1a:00:00:00:00:00,-66,11,-99,16,50,11,-1044277358,47,2,256,0,""[0,0,0,0,0,0,0,0,0,0,0,0,2,-9,3,-9,3,-8,3,-9,4,-9,4,-8,4,-10,6,-8,6,-12,8,-9,7,-9,9,-10,8,-10,9,-11,9,-11,7,-11,7,-11,7,-11,8,-9,8,-11,7,-10,10,-12,9,-10,9,-10,9,-10,9,-10,10,-10,9,-11,6,-12,6,-12,6,-11,6,-12,7,-10,5,-11,7,-12,4,-13,4,-11,2,-12,4,-12,3,-12,4,-13,-1,-14,-2,-14,1,-16,0,-15,1,-13,-2,-14,-1,-15,-3,-16,-2,-17,-4,-15,-5,-15,-5,-16,-5,-15,-6,-15,-5,-17,-6,-15,0,0,0,0,0,0,-16,8,-16,8,-17,8,-15,10,-13,9,-14,10,-13,9,-13,11,-12,10,-12,10,-11,10,-11,9,-10,13,-11,10,-9,11,-11,12,-9,13,-8,12,-9,13,-5,13,-5,14,-6,13,-7,15,-6,14,-6,13,-4,17,-5,14,-4,14,-5,15,-4,14,-4,14,-5,17,0,17,-1,16,-2,18,-3,18,-4,15,-2,17,-5,17,-2,16,-4,16,-2,16,-4,15,-4,13,-5,14,-1,15,-2,14,-4,13,-4,13,-4,10,-5,12,-5,10,-5,11,-6,10,-6,9,-7,8,-7,8,0,0,0,0,0,0,0,0,0,0]"""
1782116238880,2026-06-22T17:17:18.880,safe,transition,yja,stand_to_sit,t007,"CSI_DATA,1075705,1a:00:00:00:00:00,-66,11,-99,16,50,11,-1044266603,47,2,256,0,""[0,0,0,0,0,0,0,0,0,0,0,0,9,-1,7,0,11,-1,8,0,11,2,9,1,10,1,11,3,11,3,13,5,10,6,10,6,11,7,10,8,10,6,13,9,10,6,11,9,8,8,11,8,13,10,11,9,11,11,7,11,7,11,7,10,8,12,7,8,10,13,8,9,8,10,7,8,9,9,8,10,9,10,10,9,10,12,7,10,8,11,11,12,10,10,12,10,9,9,12,9,8,7,11,8,11,9,13,8,12,10,12,11,10,11,11,12,12,10,14,11,14,11,11,10,13,10,0,0,0,0,0,0,11,-13,11,-17,9,-11,10,-14,12,-16,9,-10,13,-15,10,-11,11,-14,8,-11,8,-11,9,-13,8,-14,11,-14,10,-11,10,-11,11,-12,11,-12,8,-11,9,-14,6,-13,9,-14,8,-10,7,-13,9,-14,8,-14,10,-16,9,-12,11,-12,9,-13,9,-13,8,-12,12,-16,9,-12,10,-15,8,-10,9,-14,11,-12,11,-14,11,-13,13,-11,11,-8,14,-8,14,-9,11,-7,14,-8,11,-5,13,-7,9,-4,11,-5,11,-3,11,-4,11,-3,13,0,9,1,10,2,9,2,0,0,0,0,0,0,0,0,0,0]"""
1782116238892,2026-06-22T17:17:18.892,safe,transition,yja,stand_to_sit,t007,"CSI_DATA,1075706,1a:00:00:00:00:00,-66,11,-99,16,50,11,-1044255092,47,2,256,0,""[0,0,0,0,0,0,0,0,0,0,0,0,-4,-8,-3,-6,-3,-9,-3,-8,-3,-10,-2,-9,-3,-9,-4,-10,0,-10,-3,-12,-3,-12,-1,-11,-1,-12,-1,-13,-1,-11,-1,-13,-1,-12,-3,-14,0,-15,-2,-13,-1,-15,-1,-13,-2,-14,-3,-14,-1,-14,-2,-13,-3,-14,-3,-10,-3,-14,-3,-12,-5,-13,-3,-13,-7,-14,-5,-13,-7,-11,-5,-10,-7,-11,-8,-11,-8,-11,-8,-10,-9,-8,-9,-11,-9,-9,-12,-8,-9,-9,-13,-8,-11,-8,-13,-7,-13,-8,-14,-7,-15,-9,-13,-8,-15,-5,-17,-6,-16,-6,-15,-6,-18,-5,0,0,0,0,0,0,-1,17,-1,19,-1,17,0,17,0,18,0,15,0,19,1,16,2,18,1,17,2,16,4,16,2,14,5,17,6,15,4,14,5,15,6,14,7,11,6,15,6,12,9,13,9,13,11,13,11,12,9,12,11,11,11,12,11,11,12,11,10,10,12,7,13,13,11,11,14,9,12,11,16,10,14,11,15,9,11,10,12,10,12,11,11,11,12,10,11,7,10,11,9,9,12,8,8,9,10,10,8,8,8,8,6,8,7,9,7,9,4,8,3,7,0,0,0,0,0,0,0,0,0,0]"""
1782116238902,2026-06-22T17:17:18.902,safe,transition,yja,stand_to_sit,t007,"CSI_DATA,1075707,1a:00:00:00:00:00,-66,11,-99,17,50,11,-1044244603,47,2,256,0,""[0,0,0,0,0,0,0,0,0,0,0,0,-9,-2,-9,-3,-10,-2,-9,-3,-10,-3,-9,-4,-9,-4,-9,-6,-12,-4,-10,-6,-10,-6,-10,-7,-11,-7,-12,-7,-12,-8,-12,-6,-12,-6,-12,-8,-11,-7,-10,-9,-10,-10,-14,-7,-10,-10,-11,-7,-13,-9,-11,-7,-11,-8,-12,-8,-13,-4,-12,-5,-12,-6,-13,-5,-12,-4,-13,-4,-13,-5,-13,-4,-13,-4,-12,-2,-14,-1,-14,-1,-15,-2,-13,1,-14,2,-16,1,-14,1,-12,1,-14,2,-15,1,-16,5,-17,4,-15,5,-16,6,-17,5,-16,7,-16,8,-16,8,-15,9,0,0,0,0,0,0,10,15,10,17,9,14,11,15,9,15,9,13,12,13,13,11,12,12,10,11,11,11,11,11,12,10,12,11,12,10,13,10,12,8,13,8,15,8,15,5,15,4,15,7,15,5,15,3,14,6,18,3,15,5,16,2,16,4,14,3,16,3,17,3,17,0,16,0,17,0,16,1,16,1,16,2,16,3,17,2,15,3,15,2,16,2,14,2,15,3,14,1,14,1,14,3,13,4,11,3,12,5,11,5,12,4,10,5,9,4,8,6,8,5,0,0,0,0,0,0,0,0,0,0]"""
1782116238915,2026-06-22T17:17:18.915,safe,transition,yja,stand_to_sit,t007,"CSI_DATA,1075708,1a:00:00:00:00:00,-66,11,-99,19,50,11,-1044231626,47,2,256,0,""[0,0,0,0,0,0,0,0,0,0,0,0,-7,-4,-8,-5,-7,-3,-8,-6,-6,-5,-9,-6,-8,-5,-6,-7,-8,-8,-7,-7,-7,-10,-8,-10,-8,-8,-8,-9,-8,-13,-7,-8,-8,-12,-5,-11,-9,-12,-8,-10,-5,-9,-10,-11,-6,-10,-7,-12,-8,-11,-8,-11,-7,-11,-7,-15,-7,-8,-8,-11,-6,-11,-11,-10,-8,-9,-10,-8,-9,-8,-11,-8,-9,-7,-10,-8,-11,-6,-11,-8,-12,-9,-11,-5,-13,-7,-11,-7,-16,-6,-12,-5,-14,-2,-14,-5,-15,-2,-15,-3,-16,-3,-16,-3,-18,-5,-15,-2,-17,-2,-18,0,-16,-2,0,0,0,0,0,0,-3,18,-3,15,-1,19,-2,17,0,15,-2,19,1,14,0,19,0,15,1,18,3,17,0,15,4,16,4,13,1,16,4,15,5,15,4,14,4,17,6,11,7,14,3,13,9,14,8,13,6,12,10,12,7,12,8,12,9,13,9,12,8,13,9,16,8,10,11,12,7,14,12,14,8,12,11,12,9,13,10,12,8,11,7,14,9,11,7,11,7,15,6,9,7,13,3,13,6,14,3,10,5,11,3,10,3,11,1,8,1,11,1,10,0,9,0,0,0,0,0,0,0,0,0,0]"""
1782116238925,2026-06-22T17:17:18.925,safe,transition,yja,stand_to_sit,t007,"CSI_DATA,1075709,1a:00:00:00:00:00,-66,11,-99,16,50,11,-1044222356,47,2,256,0,""[0,0,0,0,0,0,0,0,0,0,0,0,2,-9,1,-7,2,-10,1,-8,3,-10,4,-8,3,-7,4,-11,4,-10,4,-12,3,-10,4,-10,5,-10,7,-11,5,-11,8,-13,5,-10,5,-14,6,-10,6,-13,5,-14,7,-11,6,-14,5,-11,7,-11,6,-12,6,-14,3,-11,8,-14,6,-12,3,-13,3,-9,1,-14,3,-13,0,-14,1,-14,1,-14,1,-13,0,-14,0,-15,-2,-12,-1,-16,-3,-13,-4,-14,-2,-9,-7,-13,-3,-14,-8,-14,-5,-15,-7,-14,-5,-13,-7,-14,-8,-13,-9,-13,-9,-13,-8,-13,-12,-11,0,0,0,0,0,0,-11,10,-13,15,-9,10,-8,14,-12,16,-8,12,-11,15,-8,12,-10,15,-6,12,-7,12,-5,16,-6,14,-6,17,-4,13,-5,14,-4,16,-1,17,-1,14,-2,17,-1,13,2,17,0,13,0,14,2,15,0,15,3,17,3,14,1,16,4,17,5,17,6,13,3,19,4,14,5,14,3,11,6,15,2,15,7,14,3,15,4,16,2,13,2,15,4,17,3,14,2,15,1,12,4,13,2,9,2,12,1,11,3,11,0,11,0,12,0,9,-1,9,-1,8,0,0,0,0,0,0,0,0,0,0]"""
1782116238936,2026-06-22T17:17:18.936,safe,transition,yja,stand_to_sit,t007,"CSI_DATA,1075710,1a:00:00:00:00:00,-66,11,-99,18,50,11,-1044210710,47,2,256,0,""[0,0,0,0,0,0,0,0,0,0,0,0,-4,7,-6,7,-6,6,-7,8,-8,5,-6,7,-7,8,-8,7,-8,9,-9,7,-10,5,-9,6,-11,7,-13,6,-15,5,-12,5,-13,4,-13,2,-14,4,-12,4,-11,3,-16,6,-12,4,-13,1,-14,4,-13,5,-14,3,-16,3,-13,3,-13,3,-12,1,-12,5,-11,4,-11,7,-12,6,-12,7,-10,6,-11,5,-10,10,-13,7,-14,7,-10,6,-12,8,-13,6,-10,9,-10,9,-9,11,-10,11,-10,13,-10,13,-11,11,-10,13,-10,14,-9,12,-13,11,-11,15,-11,12,0,0,0,0,0,0,14,14,13,12,14,10,12,13,14,9,12,12,12,11,14,11,11,11,13,7,13,7,13,7,17,6,14,5,14,7,14,5,16,4,15,5,16,7,13,3,14,4,13,6,15,3,14,3,14,3,18,1,14,1,15,4,17,1,16,0,16,3,18,4,15,2,15,4,14,4,17,2,15,2,17,1,16,2,17,2,14,2,13,5,15,3,14,5,14,8,11,6,12,7,9,8,11,6,9,6,10,6,9,5,10,6,8,6,6,8,6,8,6,8,0,0,0,0,0,0,0,0,0,0]"""
1782116238949,2026-06-22T17:17:18.949,safe,transition,yja,stand_to_sit,t007,"CSI_DATA,1075711,1a:00:00:00:00:00,-66,11,-99,19,49,11,-1044197547,47,2,256,0,""[0,0,0,0,0,0,0,0,0,0,0,0,-2,-10,-1,-9,-1,-11,-1,-10,0,-12,0,-9,-2,-8,-3,-11,-2,-13,-3,-14,1,-11,0,-13,0,-12,2,-15,0,-14,0,-15,-1,-12,1,-16,1,-12,-3,-13,-4,-13,-2,-16,-3,-15,2,-12,0,-15,0,-14,0,-16,-2,-14,-1,-15,-1,-14,-3,-15,-2,-10,-5,-11,-6,-11,-8,-11,-7,-13,-7,-12,-4,-12,-7,-13,-9,-13,-9,-11,-10,-13,-7,-10,-11,-11,-7,-7,-13,-6,-13,-6,-15,-4,-16,-7,-15,-6,-11,-9,-14,-10,-14,-7,-14,-4,-15,-9,-17,-4,-15,-3,0,0,0,0,0,0,-2,20,-4,20,-2,13,0,16,0,21,-2,15,-1,18,0,16,0,19,1,11,5,13,6,14,7,16,7,17,1,14,4,15,6,14,5,16,7,14,7,15,8,12,9,14,7,10,11,9,12,10,14,10,13,10,9,11,12,12,12,10,13,12,15,8,14,12,13,10,14,9,9,6,14,6,14,5,17,4,16,6,15,7,10,8,13,10,12,11,13,10,12,9,9,8,11,9,8,5,10,6,9,4,12,4,11,7,10,7,5,8,6,9,5,7,0,0,0,0,0,0,0,0,0,0]"""
1782116238959,2026-06-22T17:17:18.959,safe,transition,yja,stand_to_sit,t007,"CSI_DATA,1075712,1a:00:00:00:00:00,-66,11,-99,20,49,11,-1044189603,47,2,256,0,""[0,0,0,0,0,0,0,0,0,0,0,0,9,2,11,1,9,1,9,1,10,1,12,2,12,4,9,4,14,3,10,5,10,6,13,6,12,5,13,5,15,6,12,5,14,5,12,5,13,5,14,5,13,4,15,5,13,6,12,6,14,6,13,5,13,7,15,7,12,1,14,1,14,5,16,3,13,2,14,1,14,2,15,0,13,0,13,0,13,-1,13,-1,15,-1,12,-5,13,-5,14,-4,16,-6,12,-4,14,-7,14,-5,12,-9,14,-8,13,-9,13,-8,14,-11,13,-11,11,-13,13,-13,11,-12,0,0,0,0,0,0,-15,-11,-13,-10,-17,-9,-13,-9,-11,-8,-15,-9,-13,-6,-18,-7,-13,-6,-17,-6,-17,-5,-13,-6,-17,-2,-14,-4,-14,-4,-16,-3,-14,-2,-14,-2,-18,-1,-14,1,-15,3,-17,1,-16,2,-15,3,-14,3,-16,5,-14,2,-14,4,-17,4,-14,4,-15,3,-18,6,-11,8,-14,9,-15,6,-17,9,-14,5,-13,8,-15,6,-15,7,-15,5,-14,6,-14,7,-12,5,-14,6,-12,7,-13,7,-13,4,-14,4,-10,3,-12,4,-11,1,-11,4,-11,1,-10,1,-10,0,-10,0,0,0,0,0,0,0,0,0,0,0]"""
1782116238970,2026-06-22T17:17:18.970,safe,transition,yja,stand_to_sit,t007,"CSI_DATA,1075713,1a:00:00:00:00:00,-66,11,-99,19,49,11,-1044177926,47,2,256,0,""[0,0,0,0,0,0,0,0,0,0,0,0,-9,1,-10,1,-9,0,-12,-1,-10,0,-12,-3,-12,-5,-11,-4,-11,-5,-10,-5,-13,-5,-12,-5,-12,-6,-11,-7,-10,-9,-11,-10,-11,-12,-10,-10,-9,-14,-7,-14,-7,-11,-5,-12,-6,-12,-8,-13,-6,-13,-8,-13,-6,-12,-5,-14,-3,-12,-4,-14,-5,-12,-5,-16,-2,-15,-2,-14,-3,-14,-3,-12,-4,-13,-6,-13,-5,-12,-4,-12,-4,-13,-4,-13,-5,-14,-5,-13,-5,-17,-4,-16,-4,-15,-3,-15,-2,-14,-4,-15,-6,-17,-5,-14,-5,-17,-4,-17,-4,-17,-4,-18,-3,-17,0,0,0,0,0,0,-19,1,-15,2,-20,3,-18,1,-15,2,-19,3,-16,1,-18,1,-16,2,-19,1,-19,0,-15,1,-15,1,-15,0,-18,3,-16,3,-15,3,-15,2,-16,1,-14,1,-16,2,-14,2,-19,1,-18,-1,-15,0,-14,-1,-14,1,-17,1,-15,2,-16,2,-16,1,-18,0,-16,-1,-17,-2,-16,-1,-19,-3,-18,-6,-16,-5,-15,-6,-13,-6,-14,-6,-16,-5,-14,-6,-12,-5,-12,-7,-11,-8,-12,-8,-10,-9,-11,-11,-6,-11,-7,-11,-5,-11,-3,-10,-3,-10,-4,-10,-3,-8,-2,-9,0,0,0,0,0,0,0,0,0,0]"""
1782116238980,2026-06-22T17:17:18.980,safe,transition,yja,stand_to_sit,t007,"CSI_DATA,1075714,1a:00:00:00:00:00,-66,11,-99,20,49,11,-1044167372,47,2,256,0,""[0,0,0,0,0,0,0,0,0,0,0,0,6,-4,8,-6,6,-4,10,-6,7,-6,12,-5,12,-3,10,-3,12,-4,11,-2,14,-2,14,-2,13,-2,12,-2,15,-2,12,-1,15,-1,13,-3,18,-1,17,0,14,0,15,1,12,2,16,0,15,1,15,2,13,2,16,2,12,-1,15,0,14,0,19,-1,15,1,13,0,14,0,13,1,12,0,15,-3,13,-2,11,-1,14,0,11,-5,14,-5,14,-4,19,-5,16,-2,16,-4,17,-2,12,-5,15,-4,17,-8,13,-6,15,-7,17,-5,15,-9,17,-7,17,-8,0,0,0,0,0,0,-9,-15,-6,-11,-10,-18,-6,-15,-5,-11,-9,-16,-8,-12,-10,-16,-8,-12,-11,-16,-9,-16,-7,-13,-9,-13,-6,-11,-10,-14,-10,-12,-10,-10,-8,-10,-10,-12,-8,-9,-12,-10,-11,-9,-15,-12,-12,-11,-12,-9,-12,-11,-10,-10,-13,-9,-12,-10,-11,-10,-10,-9,-13,-13,-12,-7,-15,-8,-13,-9,-18,-14,-11,-12,-11,-10,-10,-13,-9,-11,-10,-12,-12,-13,-10,-10,-8,-9,-8,-12,-9,-9,-10,-11,-7,-11,-8,-16,-4,-11,-5,-12,-1,-10,-3,-10,-2,-10,-2,-11,-1,-9,0,-10,0,0,0,0,0,0,0,0,0,0]"""
1782116238992,2026-06-22T17:17:18.992,safe,transition,yja,stand_to_sit,t007,"CSI_DATA,1075715,1a:00:00:00:00:00,-66,11,-99,15,49,11,-1044155101,47,2,256,0,""[0,0,0,0,0,0,0,0,0,0,0,0,4,30,-22,6,-10,-5,-32,0,-4,21,-8,-9,9,-4,-24,-3,-24,0,-11,-10,-4,8,-15,4,-13,2,-5,8,-14,9,-25,-1,-11,4,-19,-5,-14,-1,-14,2,-14,2,-14,1,-20,0,-14,1,-14,1,-15,0,-14,0,-10,1,-18,2,-12,1,-16,2,-11,1,-14,4,-15,2,-13,3,-13,4,-17,4,-14,3,-14,4,-15,5,-11,7,-16,7,-11,5,-13,10,-9,5,-14,12,-13,8,-11,12,-13,11,-13,11,-11,9,-12,10,-10,10,-15,16,-11,12,-8,11,-11,15,0,0,0,0,0,0,13,8,18,11,11,5,16,8,19,11,11,6,20,8,13,4,19,7,12,5,14,5,17,5,15,4,19,3,15,3,14,4,16,2,16,1,11,1,20,1,13,0,18,-1,12,-1,13,-3,15,-1,15,-2,19,-3,17,-3,16,-2,17,-2,17,-4,14,-4,20,-5,14,-3,17,-5,11,-2,16,-7,17,-4,16,-5,16,-4,18,-3,16,0,17,-1,16,-1,12,-2,17,0,12,0,14,-2,8,0,14,-1,12,1,13,0,11,1,13,0,10,2,10,4,9,4,0,0,0,0,0,0,0,0,0,0]"""
1782116239010,2026-06-22T17:17:19.010,safe,transition,yja,stand_to_sit,t007,"CSI_DATA,1075716,1a:00:00:00:00:00,-66,11,-99,15,50,11,-1044136708,47,2,256,0,""[0,0,0,0,0,0,0,0,0,0,0,0,1,9,1,10,0,9,0,10,0,11,-1,12,-2,13,-2,12,-3,11,-2,11,-2,14,-2,13,-3,13,-3,13,-4,13,-5,13,-5,14,-4,13,-7,15,-9,15,-6,15,-8,12,-6,13,-6,14,-6,13,-5,13,-5,13,-5,13,-6,12,-6,14,-5,13,-7,16,-7,13,-6,13,-6,13,-5,12,-3,14,-2,15,-2,14,-1,14,-2,14,-1,14,-1,16,-1,15,-2,19,-2,18,0,16,-1,16,-1,15,1,15,2,19,3,16,2,18,2,19,3,18,1,19,2,18,0,0,0,0,0,0,18,-4,15,-5,20,-5,17,-3,15,-4,16,-5,16,-4,16,-5,14,-5,16,-7,17,-6,15,-6,14,-6,14,-7,15,-10,12,-9,12,-10,11,-9,12,-9,12,-9,13,-11,11,-11,14,-11,14,-11,11,-11,12,-9,10,-11,9,-14,9,-14,9,-13,9,-13,10,-13,11,-12,11,-13,9,-13,12,-14,13,-13,12,-12,11,-12,11,-10,10,-11,11,-14,11,-12,9,-9,11,-10,10,-9,11,-10,10,-8,13,-8,12,-6,11,-5,10,-4,10,-3,10,-3,11,-5,9,-3,9,-3,0,0,0,0,0,0,0,0,0,0]"""
1782116239020,2026-06-22T17:17:19.020,safe,transition,yja,stand_to_sit,t007,"CSI_DATA,1075717,1a:00:00:00:00:00,-66,11,-99,19,49,11,-1044134603,47,2,256,0,""[0,0,0,0,0,0,0,0,0,0,0,0,-9,-1,-10,-2,-7,-2,-11,-2,-9,-2,-12,-5,-12,-5,-9,-5,-10,-5,-9,-6,-11,-7,-11,-8,-10,-8,-10,-7,-12,-9,-9,-9,-12,-11,-10,-9,-13,-14,-12,-11,-9,-9,-10,-11,-7,-12,-10,-12,-10,-12,-10,-13,-7,-11,-10,-12,-7,-11,-10,-11,-7,-10,-11,-14,-10,-12,-11,-11,-10,-10,-7,-9,-9,-7,-12,-10,-11,-10,-10,-7,-11,-10,-10,-7,-14,-8,-13,-5,-16,-11,-13,-9,-14,-6,-13,-11,-13,-7,-13,-8,-17,-8,-13,-5,-16,-7,-16,-7,-18,-6,-18,-7,-17,-6,0,0,0,0,0,0,-4,17,-5,14,-6,20,-6,17,-5,13,-5,19,-3,15,-4,19,-2,14,-6,19,-4,18,-4,15,-3,15,-2,13,-3,16,-2,16,-1,16,-1,15,-1,15,-1,13,0,17,2,14,1,19,0,17,1,15,0,15,0,14,2,17,1,16,1,16,0,14,1,17,2,14,3,17,3,15,2,21,0,17,1,16,0,16,0,14,-1,14,0,17,-1,15,0,12,-1,14,-1,13,-2,14,-1,12,-5,16,-4,12,-4,12,-5,10,-5,10,-4,9,-6,10,-6,8,-5,7,0,0,0,0,0,0,0,0,0,0]"""
1782116239030,2026-06-22T17:17:19.030,safe,transition,yja,stand_to_sit,t007,"CSI_DATA,1075718,1a:00:00:00:00:00,-66,11,-99,15,50,11,-1044123599,47,2,256,0,""[0,0,0,0,0,0,0,0,0,0,0,0,5,-7,5,-6,9,-7,6,-6,10,-5,8,-4,8,-4,11,-6,11,-4,13,-5,11,-3,13,-4,13,-4,15,-1,13,0,18,2,13,1,15,2,12,3,14,2,18,2,13,4,18,2,13,3,15,4,13,4,14,6,12,4,15,10,12,9,12,8,9,5,13,6,13,7,13,4,14,7,14,7,11,7,14,7,14,10,14,6,13,11,11,9,12,7,9,5,14,7,13,7,15,3,15,11,16,8,11,9,14,10,13,10,14,10,13,12,13,10,14,11,0,0,0,0,0,0,13,-14,15,-15,10,-11,13,-12,14,-15,11,-10,16,-12,10,-11,15,-11,11,-9,10,-8,12,-13,13,-10,12,-14,11,-10,11,-11,10,-11,13,-11,12,-10,14,-11,10,-9,13,-12,9,-8,10,-9,13,-13,13,-9,12,-14,12,-10,12,-11,12,-10,14,-11,11,-10,19,-8,15,-6,14,-8,11,-4,14,-9,14,-5,14,-9,16,-6,17,-6,13,-2,16,-2,16,-1,15,-1,15,1,13,2,13,1,9,1,13,2,11,3,12,2,11,5,11,5,7,5,7,6,7,6,0,0,0,0,0,0,0,0,0,0]"""
1782116239039,2026-06-22T17:17:19.039,safe,transition,yja,stand_to_sit,t007,"CSI_DATA,1075719,1a:00:00:00:00:00,-66,11,-99,15,50,11,-1044111191,47,2,256,0,""[0,0,0,0,0,0,0,0,0,0,0,0,7,0,11,0,6,1,12,3,7,3,12,4,12,3,10,4,11,5,7,6,11,7,11,9,10,9,9,9,11,12,7,6,11,10,9,7,12,14,9,13,5,11,10,12,5,12,6,13,7,13,6,13,5,12,8,15,7,10,10,14,6,11,10,16,6,12,8,12,7,13,6,12,6,9,8,12,7,11,6,10,8,15,9,8,13,11,9,12,14,18,8,11,12,12,10,13,10,11,10,11,15,14,12,11,13,13,11,12,12,13,14,16,9,14,0,0,0,0,0,0,15,-12,11,-9,17,-14,12,-11,9,-8,15,-13,10,-10,15,-13,10,-8,16,-13,12,-13,11,-10,11,-12,11,-7,11,-12,12,-11,12,-10,11,-9,13,-13,7,-9,10,-14,8,-10,13,-16,10,-13,9,-12,9,-12,9,-10,11,-12,12,-12,11,-12,9,-11,13,-14,7,-9,10,-15,10,-11,16,-18,13,-12,12,-13,14,-11,11,-10,10,-9,12,-11,12,-8,11,-6,14,-6,8,-7,14,-9,12,-4,16,-6,11,-3,12,-3,11,-1,10,-1,9,0,12,-1,10,0,10,2,0,0,0,0,0,0,0,0,0,0]"""
1782116239048,2026-06-22T17:17:19.048,safe,transition,yja,stand_to_sit,t007,"CSI_DATA,1075720,1a:00:00:00:00:00,-65,11,-99,15,49,11,-1044101592,47,2,256,0,""[0,0,0,0,0,0,0,0,0,0,0,0,21,2,-11,-2,11,3,-6,21,20,10,-3,-1,16,-13,-5,16,4,17,-9,7,11,7,5,19,2,15,7,8,10,20,4,17,8,8,-1,17,2,16,4,14,0,10,0,15,0,16,0,13,0,14,-1,13,-1,15,-1,14,0,16,0,15,-1,15,-1,14,-2,14,-2,14,-4,13,-1,14,-2,14,0,14,-2,15,-1,15,-2,15,0,16,0,16,-2,16,-1,14,-1,14,-2,16,-3,16,-2,17,-4,17,-3,17,-1,18,-3,19,-2,17,-2,19,-5,19,-4,17,0,0,0,0,0,0,17,7,17,5,17,6,18,4,18,5,17,5,17,5,16,5,16,6,15,5,16,7,14,8,17,6,13,8,14,6,15,6,15,6,14,7,16,8,15,4,16,3,15,5,13,5,14,7,13,8,17,7,14,7,14,8,15,8,15,7,16,8,16,8,16,6,16,7,14,7,14,10,13,11,13,11,11,12,14,12,10,13,10,11,8,13,9,14,7,14,8,11,7,11,7,14,5,12,2,11,2,12,1,12,1,11,0,12,-1,10,-1,9,-2,10,0,0,0,0,0,0,0,0,0,0]"""
1782116239059,2026-06-22T17:17:19.059,safe,transition,yja,stand_to_sit,t007,"CSI_DATA,1075721,1a:00:00:00:00:00,-65,11,-99,20,49,11,-1044088462,47,2,256,0,""[0,0,0,0,0,0,0,0,0,0,0,0,-2,-9,-1,-9,-2,-10,-1,-9,0,-11,0,-9,-1,-10,0,-11,0,-12,0,-12,4,-11,3,-12,2,-12,4,-12,4,-12,4,-15,4,-11,7,-14,5,-12,3,-11,5,-12,3,-15,5,-15,8,-11,6,-12,6,-13,8,-13,7,-12,6,-14,6,-11,7,-13,5,-11,3,-13,2,-12,3,-13,3,-15,4,-14,6,-13,3,-15,5,-15,4,-14,3,-16,3,-14,4,-17,1,-13,1,-16,1,-16,-1,-17,0,-18,0,-18,2,-16,2,-19,0,-19,1,-20,2,-18,-1,-17,0,-19,0,0,0,0,0,0,-19,0,-21,0,-17,-1,-19,-1,-21,0,-18,-2,-19,0,-16,1,-19,0,-15,2,-17,2,-17,2,-18,5,-17,4,-16,-1,-17,2,-15,4,-17,2,-14,3,-17,4,-14,5,-18,3,-12,6,-14,6,-14,6,-15,10,-17,7,-15,5,-14,6,-15,7,-17,6,-15,6,-17,7,-15,6,-17,5,-13,6,-14,8,-15,9,-15,8,-17,7,-16,5,-15,2,-15,4,-17,2,-14,1,-15,3,-13,0,-14,1,-11,0,-12,1,-12,1,-12,0,-12,0,-12,-2,-9,-4,-9,-2,-8,-4,0,0,0,0,0,0,0,0,0,0]"""
1782116239068,2026-06-22T17:17:19.068,safe,transition,yja,stand_to_sit,t007,"CSI_DATA,1075722,1a:00:00:00:00:00,-65,11,-99,20,49,11,-1044079416,47,2,256,0,""[0,0,0,0,0,0,0,0,0,0,0,0,3,8,2,6,3,10,3,8,2,10,1,9,1,10,1,13,0,11,3,13,1,11,1,11,1,13,0,13,0,11,-2,16,-2,11,-2,15,-1,14,-4,14,-3,15,-3,13,0,17,-1,14,-1,15,0,15,-1,14,0,11,-3,18,-1,13,-1,15,-1,11,0,17,-1,14,0,15,0,13,1,15,1,14,3,14,3,16,4,13,1,17,1,15,5,16,3,11,5,15,3,15,8,14,5,18,7,17,7,17,7,16,7,14,10,19,9,17,8,15,10,18,0,0,0,0,0,0,15,-10,19,-12,13,-9,15,-10,17,-11,12,-8,18,-12,12,-8,17,-11,11,-11,12,-10,12,-12,12,-10,11,-15,9,-13,7,-13,9,-14,8,-15,7,-11,12,-14,8,-12,9,-14,6,-13,7,-14,6,-16,7,-14,5,-17,4,-17,4,-16,5,-17,4,-15,3,-13,9,-20,7,-14,5,-15,6,-12,5,-17,8,-16,5,-16,8,-13,6,-17,6,-15,6,-15,8,-14,5,-14,10,-14,8,-9,7,-13,6,-8,7,-10,8,-8,7,-10,9,-7,7,-9,7,-7,7,-5,7,-5,0,0,0,0,0,0,0,0,0,0]"""
1782116239078,2026-06-22T17:17:19.078,safe,transition,yja,stand_to_sit,t007,"CSI_DATA,1075723,1a:00:00:00:00:00,-65,11,-99,19,49,11,-1044068504,47,2,256,0,""[0,0,0,0,0,0,0,0,0,0,0,0,3,-5,6,-9,4,-5,6,-8,5,-5,10,-9,10,-7,9,-4,10,-6,7,-2,12,-4,13,-4,12,-3,12,-2,16,-2,9,-2,15,-3,12,-2,18,-1,18,1,14,0,14,0,11,2,14,2,14,2,14,2,13,3,16,3,10,0,16,3,11,1,19,5,14,4,14,2,13,4,12,3,11,1,15,1,14,3,11,3,14,3,11,0,18,0,13,3,23,4,15,4,17,1,17,5,15,2,14,2,21,1,17,1,20,2,16,3,19,1,21,4,18,4,0,0,0,0,0,0,5,-20,3,-14,7,-24,5,-18,5,-12,5,-21,3,-12,7,-22,3,-13,7,-21,5,-19,5,-15,4,-16,6,-11,6,-18,6,-17,4,-15,6,-14,5,-19,3,-12,5,-18,3,-12,6,-20,5,-19,4,-14,4,-15,4,-11,5,-17,5,-16,5,-15,4,-14,8,-19,3,-11,6,-18,5,-13,10,-22,9,-14,9,-14,11,-13,9,-12,8,-10,9,-14,11,-11,9,-9,13,-10,6,-8,11,-11,9,-7,17,-10,11,-4,11,-6,12,-2,9,-3,9,-1,10,-3,10,-1,10,0,0,0,0,0,0,0,0,0,0,0]"""
1782116239091,2026-06-22T17:17:19.091,safe,transition,yja,stand_to_sit,t007,"CSI_DATA,1075724,1a:00:00:00:00:00,-65,11,-99,15,50,11,-1044057311,47,2,256,0,""[0,0,0,0,0,0,0,0,0,0,0,0,-9,1,-6,1,-11,1,-9,-1,-10,-1,-9,-1,-10,-1,-11,-2,-10,-3,-12,-3,-11,-4,-10,-5,-10,-5,-12,-7,-11,-5,-12,-10,-10,-8,-11,-8,-8,-9,-10,-7,-12,-9,-9,-11,-11,-11,-9,-12,-7,-11,-9,-11,-9,-11,-8,-9,-8,-14,-7,-12,-10,-11,-6,-10,-9,-12,-7,-12,-10,-11,-8,-11,-9,-12,-8,-11,-8,-13,-11,-13,-11,-11,-10,-13,-9,-11,-11,-10,-7,-8,-13,-11,-9,-11,-13,-10,-11,-14,-12,-13,-9,-13,-10,-14,-12,-12,-12,-14,-11,-14,-9,-14,-11,-14,0,0,0,0,0,0,-14,10,-18,13,-13,10,-14,12,-16,13,-13,10,-18,12,-14,10,-16,11,-14,9,-13,10,-15,12,-13,9,-15,12,-12,10,-13,8,-14,10,-14,10,-11,10,-15,11,-12,10,-11,12,-11,9,-11,10,-13,12,-13,10,-13,13,-13,10,-14,10,-14,10,-13,11,-11,11,-18,10,-14,9,-14,11,-13,7,-14,11,-15,6,-15,9,-15,7,-16,5,-15,4,-16,2,-16,2,-15,4,-15,1,-14,0,-14,2,-10,0,-15,1,-12,-2,-12,0,-11,-4,-12,-3,-9,-4,-8,-5,-9,-5,0,0,0,0,0,0,0,0,0,0]"""
1782116239104,2026-06-22T17:17:19.104,safe,transition,yja,stand_to_sit,t007,"CSI_DATA,1075725,1a:00:00:00:00:00,-66,11,-99,17,50,11,-1044042203,47,2,256,0,""[0,0,0,0,0,0,0,0,0,0,0,0,4,6,3,7,2,7,2,9,2,9,0,10,0,10,0,10,-1,9,-1,11,-2,12,-2,11,-2,12,-3,11,-4,10,-5,11,-7,10,-5,10,-9,11,-7,12,-7,10,-8,9,-9,8,-10,10,-9,9,-9,8,-9,8,-9,8,-10,7,-11,7,-10,8,-13,8,-12,7,-12,7,-11,7,-10,5,-11,6,-11,8,-11,8,-10,7,-10,7,-11,8,-11,6,-13,8,-13,8,-13,6,-13,7,-13,7,-13,6,-14,7,-16,10,-13,7,-13,7,-17,7,-15,7,-15,6,-17,7,0,0,0,0,0,0,6,17,6,16,6,20,3,18,4,15,4,17,4,17,3,16,4,16,2,18,2,18,2,15,1,15,3,16,3,18,2,15,3,16,3,15,2,15,1,16,1,16,2,16,2,17,0,18,2,16,0,14,0,15,1,18,0,15,1,15,0,15,0,15,-2,18,-1,17,-1,16,-4,18,-4,18,-4,16,-5,16,-6,13,-6,14,-6,15,-8,13,-6,12,-8,11,-9,10,-9,10,-8,10,-11,9,-10,7,-10,7,-10,4,-9,4,-10,3,-10,3,-8,2,-8,1,0,0,0,0,0,0,0,0,0,0]"""
1782116239114,2026-06-22T17:17:19.114,safe,transition,yja,stand_to_sit,t007,"CSI_DATA,1075726,1a:00:00:00:00:00,-65,11,-99,20,49,11,-1044033455,47,2,256,0,""[0,0,0,0,0,0,0,0,0,0,0,0,0,8,-2,7,-2,10,-1,8,-4,10,-2,9,-3,9,-4,11,-4,9,-3,13,-5,9,-5,10,-5,11,-6,10,-6,10,-8,11,-7,10,-11,10,-6,9,-7,11,-9,12,-8,11,-9,11,-9,10,-7,12,-8,11,-10,11,-9,11,-10,13,-7,8,-11,10,-6,8,-7,11,-6,12,-7,12,-6,12,-7,14,-6,12,-5,13,-6,15,-4,11,-8,14,-5,12,-4,13,-3,10,-3,14,-3,15,-1,17,-1,17,-1,18,-1,14,-3,17,-4,17,-2,16,-2,17,0,16,0,20,0,0,0,0,0,0,18,0,21,1,14,0,18,2,22,1,17,2,21,1,15,0,20,1,15,0,16,-2,18,-3,19,-3,18,-6,15,-2,17,-5,17,-5,18,-5,15,-3,18,-5,14,-4,19,-4,12,-5,12,-7,15,-8,15,-8,17,-9,15,-8,14,-10,14,-10,17,-9,13,-7,19,-9,14,-6,18,-6,12,-7,14,-8,15,-8,13,-10,18,-8,16,-8,15,-4,15,-7,17,-6,14,-4,16,-3,13,-1,15,-2,9,-1,13,-1,12,-2,12,-2,11,-1,13,-1,10,2,9,2,9,2,0,0,0,0,0,0,0,0,0,0]"""
1782116239123,2026-06-22T17:17:19.123,safe,transition,yja,stand_to_sit,t007,"CSI_DATA,1075727,1a:00:00:00:00:00,-65,11,-99,19,49,11,-1044024390,47,2,256,0,""[0,0,0,0,0,0,0,0,0,0,0,0,8,0,8,0,9,1,8,1,9,1,10,4,10,5,11,4,9,5,9,6,10,7,9,8,9,8,7,7,8,7,9,10,7,10,9,10,7,11,10,13,9,12,5,10,5,13,7,12,6,11,5,13,5,12,5,11,5,12,5,12,5,13,6,13,6,13,6,12,6,11,6,11,5,13,6,13,5,12,5,11,5,10,7,13,7,12,9,11,8,14,10,14,9,13,9,12,7,11,10,13,11,15,7,13,9,13,11,16,9,14,10,14,10,15,0,0,0,0,0,0,17,-9,15,-9,15,-11,16,-10,15,-9,14,-9,14,-10,14,-8,14,-9,18,-9,16,-10,16,-9,14,-7,14,-9,15,-10,14,-8,15,-10,13,-9,11,-10,15,-11,15,-10,13,-11,14,-11,15,-10,11,-11,11,-9,14,-11,14,-12,14,-8,14,-10,14,-9,13,-10,16,-9,14,-9,15,-10,15,-9,15,-10,16,-8,16,-7,15,-4,15,-4,19,-5,16,-3,13,-2,13,-2,15,-2,14,-1,15,0,15,0,15,0,12,1,13,1,11,3,11,3,10,5,7,5,6,5,0,0,0,0,0,0,0,0,0,0]"""
1782116239134,2026-06-22T17:17:19.134,safe,transition,yja,stand_to_sit,t007,"CSI_DATA,1075728,1a:00:00:00:00:00,-65,11,-99,15,50,11,-1044013604,47,2,256,0,""[0,0,0,0,0,0,0,0,0,0,0,0,0,-9,0,-9,2,-10,2,-8,4,-10,2,-7,2,-9,3,-10,3,-11,6,-11,7,-9,6,-10,6,-9,10,-10,9,-7,11,-11,8,-7,12,-9,8,-6,11,-7,13,-9,11,-9,13,-10,12,-5,12,-6,11,-7,13,-6,11,-5,14,-6,11,-5,14,-5,10,-4,11,-6,11,-7,11,-7,12,-9,14,-8,12,-5,13,-7,13,-7,11,-5,14,-7,11,-6,13,-7,9,-6,12,-10,11,-9,10,-12,13,-11,13,-12,13,-7,14,-10,13,-9,14,-12,16,-8,12,-10,15,-11,0,0,0,0,0,0,-9,-14,-10,-19,-7,-13,-9,-15,-12,-19,-6,-15,-9,-19,-7,-13,-7,-19,-10,-12,-9,-12,-10,-14,-13,-13,-12,-16,-7,-14,-10,-13,-9,-14,-9,-16,-7,-13,-12,-15,-9,-11,-9,-16,-8,-11,-10,-11,-10,-13,-13,-13,-14,-15,-8,-15,-10,-14,-11,-14,-10,-15,-9,-13,-11,-19,-7,-15,-8,-17,-7,-11,-9,-14,-10,-15,-10,-14,-8,-16,-7,-18,-2,-16,-4,-16,-1,-18,-1,-15,-1,-17,0,-14,1,-15,0,-11,0,-13,1,-13,0,-13,1,-12,4,-12,5,-9,5,-9,5,-9,0,0,0,0,0,0,0,0,0,0]"""
1782116239144,2026-06-22T17:17:19.144,safe,transition,yja,stand_to_sit,t007,"CSI_DATA,1075729,1a:00:00:00:00:00,-65,11,-99,15,49,11,-1044002604,47,2,256,0,""[0,0,0,0,0,0,0,0,0,0,0,0,11,-25,10,15,7,-2,-5,-7,-11,11,7,17,-3,1,-4,23,3,7,11,5,-1,26,2,10,4,12,11,2,8,14,0,14,2,19,10,12,4,7,8,17,7,14,3,13,2,16,1,16,2,15,2,14,2,14,2,11,1,16,2,13,1,14,0,12,4,13,1,14,4,12,2,14,2,14,1,14,1,14,2,14,4,13,2,16,2,13,6,14,3,13,6,16,3,15,7,14,5,14,6,17,5,15,3,14,4,16,6,19,5,17,5,15,5,18,0,0,0,0,0,0,17,-7,18,-7,17,-5,17,-7,20,-5,16,-4,21,-7,15,-5,18,-6,16,-3,17,-5,18,-5,16,-4,18,-7,17,-6,17,-5,17,-5,16,-6,13,-5,18,-5,15,-5,17,-7,15,-6,16,-7,16,-8,15,-5,18,-7,17,-7,17,-5,17,-4,17,-5,15,-7,19,-5,15,-5,19,-5,17,-4,19,-6,19,-3,19,-4,17,-1,19,-1,19,0,17,1,17,1,14,0,17,3,15,4,16,2,12,4,15,3,13,4,12,5,10,5,10,8,10,7,7,7,7,7,0,0,0,0,0,0,0,0,0,0]"""
1782116239157,2026-06-22T17:17:19.157,safe,transition,yja,stand_to_sit,t007,"CSI_DATA,1075730,1a:00:00:00:00:00,-65,11,-99,14,50,11,-1043990749,47,2,256,0,""[0,0,0,0,0,0,0,0,0,0,0,0,-8,0,-10,0,-7,1,-10,-1,-9,0,-11,-1,-12,-1,-9,-2,-13,-2,-9,-4,-10,-6,-12,-6,-10,-6,-10,-7,-12,-8,-10,-4,-12,-6,-12,-8,-12,-8,-10,-10,-9,-9,-13,-9,-9,-10,-9,-10,-9,-10,-10,-10,-9,-10,-10,-11,-9,-7,-10,-9,-10,-9,-12,-9,-9,-8,-10,-7,-10,-9,-12,-7,-9,-7,-12,-7,-11,-7,-9,-8,-12,-9,-12,-3,-15,-3,-13,-8,-18,-7,-12,-4,-15,-2,-13,-7,-16,-5,-16,-7,-16,-6,-17,-5,-18,-6,-16,-6,-17,-6,-18,-6,-16,-4,0,0,0,0,0,0,-6,21,-4,15,-6,19,-3,19,-4,15,-6,19,-3,15,-5,19,-4,15,-5,20,-2,19,-4,16,-1,19,-4,15,-4,16,-3,18,-4,16,-4,16,-3,18,0,14,0,18,0,18,0,19,0,18,0,16,1,18,0,17,-1,16,-1,18,0,17,-1,18,-1,21,1,16,1,19,0,19,-1,22,-2,18,0,20,-2,18,-1,20,-2,16,-3,18,-4,16,-4,14,-6,16,-2,15,-4,16,-8,14,-7,16,-6,10,-6,13,-7,10,-6,10,-8,8,-8,9,-9,7,-9,7,0,0,0,0,0,0,0,0,0,0]"""
1782116239177,2026-06-22T17:17:19.177,safe,transition,yja,stand_to_sit,t007,"CSI_DATA,1075731,1a:00:00:00:00:00,-64,11,-99,16,49,11,-1043969200,47,2,256,0,""[0,0,0,0,0,0,0,0,0,0,0,0,-7,4,-7,4,-9,4,-8,4,-10,3,-8,4,-9,4,-11,2,-10,5,-12,2,-12,0,-12,1,-12,1,-13,0,-14,-1,-14,0,-12,-1,-13,-1,-13,0,-15,-2,-15,-4,-15,-1,-15,-2,-13,-5,-13,-4,-13,-2,-13,-4,-13,-2,-15,-4,-12,-4,-13,-4,-12,-2,-13,-1,-14,-1,-14,-1,-14,0,-15,0,-13,-2,-15,0,-15,-2,-15,-2,-15,0,-13,0,-15,0,-12,1,-16,2,-15,2,-15,3,-16,2,-17,1,-17,0,-17,1,-17,2,-18,3,-18,0,-17,2,-18,3,0,0,0,0,0,0,1,19,1,22,1,16,1,17,1,21,0,16,2,20,3,19,0,20,3,16,4,17,4,17,6,18,5,18,1,17,4,17,4,17,4,19,4,17,6,18,5,15,4,19,6,15,7,15,6,16,9,16,8,17,5,18,6,17,7,17,5,19,6,18,6,19,5,19,5,19,5,16,6,18,8,18,8,18,7,18,3,19,0,17,2,18,0,19,0,17,0,17,-1,15,-2,17,0,13,0,14,-1,13,-1,13,-2,14,-5,12,-6,10,-6,10,-6,9,0,0,0,0,0,0,0,0,0,0]"""
1782116239187,2026-06-22T17:17:19.187,safe,transition,yja,stand_to_sit,t007,"CSI_DATA,1075732,1a:00:00:00:00:00,-64,11,-99,13,50,11,-1043961417,47,2,256,0,""[0,0,0,0,0,0,0,0,0,0,0,0,7,-5,6,-5,9,-5,8,-5,10,-3,8,-3,7,-5,9,-5,11,-6,13,-4,11,0,13,-2,12,0,14,1,14,1,15,0,14,0,16,2,11,1,11,0,15,1,16,0,17,1,12,6,15,3,12,3,15,5,14,3,14,5,13,5,12,4,10,3,12,1,13,0,15,0,16,0,15,1,13,3,14,3,15,3,16,1,15,2,14,1,16,1,11,0,15,-1,14,-2,14,-5,19,-2,19,-2,14,3,19,1,18,-1,18,-1,20,2,16,-1,20,-1,0,0,0,0,0,0,0,-20,0,-22,0,-16,-1,-19,-1,-21,1,-17,0,-20,0,-19,2,-20,0,-16,-3,-15,-6,-17,-4,-20,-3,-20,1,-15,-1,-19,-1,-17,1,-19,-1,-18,-1,-20,-3,-17,-2,-20,-1,-14,-5,-13,-7,-17,-6,-20,-6,-19,0,-17,-2,-19,-3,-18,-1,-21,-3,-19,0,-21,0,-19,-1,-19,0,-15,-3,-16,-4,-18,-4,-19,-2,-20,-1,-20,4,-15,4,-18,6,-19,3,-18,6,-16,5,-14,6,-16,3,-10,3,-12,3,-12,3,-14,6,-12,7,-12,7,-6,9,-7,8,-7,0,0,0,0,0,0,0,0,0,0]"""
1782116239197,2026-06-22T17:17:19.197,safe,transition,yja,stand_to_sit,t007,"CSI_DATA,1075733,1a:00:00:00:00:00,-65,11,-99,17,49,11,-1043957295,47,2,256,0,""[0,0,0,0,0,0,0,0,0,0,0,0,-7,5,-7,4,-8,5,-8,5,-9,3,-8,2,-10,2,-11,1,-11,2,-12,1,-11,0,-12,0,-12,0,-13,0,-14,0,-13,0,-14,0,-15,0,-14,-1,-12,-1,-12,-3,-15,0,-14,-3,-15,-2,-15,-3,-14,-2,-14,-2,-14,-3,-14,0,-15,0,-13,-1,-14,0,-12,0,-14,0,-15,0,-14,0,-14,0,-12,2,-13,1,-14,2,-14,1,-13,5,-13,5,-15,5,-14,4,-12,4,-15,6,-14,4,-15,7,-16,7,-14,8,-16,8,-17,7,-16,7,-15,11,-17,10,-14,10,0,0,0,0,0,0,11,16,12,16,11,15,11,16,11,15,11,15,14,15,14,14,12,13,10,15,11,13,10,12,13,14,12,15,12,13,13,13,13,11,13,12,15,11,16,10,15,8,15,11,14,8,16,9,15,11,18,9,15,11,16,8,16,10,16,8,16,10,17,11,17,7,19,7,17,8,17,9,15,10,16,9,16,12,16,10,14,11,14,9,14,11,14,10,14,12,14,10,11,9,12,12,10,10,8,10,8,12,7,11,8,12,6,12,5,10,3,10,3,11,0,0,0,0,0,0,0,0,0,0]"""
1782116239206,2026-06-22T17:17:19.206,safe,transition,yja,stand_to_sit,t007,"CSI_DATA,1075734,1a:00:00:00:00:00,-65,11,-99,16,49,11,-1043947604,47,2,256,0,""[0,0,0,0,0,0,0,0,0,0,0,0,1,-8,2,-6,4,-10,3,-8,5,-10,4,-9,5,-9,5,-10,6,-9,5,-13,5,-11,4,-10,4,-12,6,-11,5,-9,9,-12,8,-9,10,-12,8,-10,8,-10,6,-13,8,-10,8,-12,7,-12,6,-13,7,-12,7,-12,5,-9,9,-13,6,-11,6,-12,4,-11,5,-15,5,-12,2,-13,4,-13,2,-15,1,-14,0,-15,0,-15,0,-12,1,-16,1,-13,-2,-16,-1,-12,-3,-17,-1,-16,-5,-14,-4,-17,-6,-17,-5,-17,-6,-15,-5,-16,-7,-18,-7,-17,-8,-16,-9,-16,0,0,0,0,0,0,-15,9,-17,13,-13,12,-16,10,-16,13,-14,9,-17,16,-11,12,-15,16,-11,12,-13,13,-10,16,-11,13,-10,17,-8,16,-6,15,-6,17,-6,18,-5,15,-9,19,-5,15,-5,19,-3,15,-4,19,-2,20,-4,17,-1,20,0,20,0,20,1,20,1,19,1,15,-3,23,-1,19,0,19,0,16,1,22,-1,20,2,19,-1,20,0,19,0,18,0,19,0,19,1,16,-2,19,-3,14,-1,18,-1,11,-2,16,-3,12,-1,13,-4,12,-1,13,-4,13,-2,10,-3,9,0,0,0,0,0,0,0,0,0,0]"""
1782116239216,2026-06-22T17:17:19.216,safe,transition,yja,stand_to_sit,t007,"CSI_DATA,1075735,1a:00:00:00:00:00,-64,11,-99,16,49,11,-1043931491,47,2,256,0,""[0,0,0,0,0,0,0,0,0,0,0,0,-4,8,-4,8,-5,7,-6,8,-4,7,-9,10,-8,9,-8,8,-8,7,-7,7,-9,9,-9,9,-9,8,-9,8,-9,9,-9,8,-11,10,-9,9,-13,8,-12,10,-9,9,-11,6,-10,8,-10,9,-10,8,-10,9,-9,9,-8,10,-10,9,-10,10,-8,10,-10,11,-8,10,-8,10,-8,11,-6,11,-6,10,-5,14,-7,12,-5,12,-5,12,-4,13,-3,16,-1,14,-4,18,-2,16,-1,16,-1,17,-1,15,0,15,0,17,0,17,1,19,1,19,2,19,1,20,2,18,0,0,0,0,0,0,18,-6,16,-6,20,-8,18,-8,16,-6,19,-10,15,-5,19,-9,15,-8,19,-9,17,-10,17,-10,15,-9,13,-8,15,-13,14,-10,13,-11,12,-12,12,-13,12,-12,12,-16,9,-14,13,-16,10,-17,8,-15,10,-14,9,-13,9,-17,9,-16,8,-17,8,-16,6,-18,8,-16,8,-19,6,-17,10,-21,8,-19,9,-17,9,-17,8,-15,7,-15,7,-19,10,-16,8,-14,8,-15,8,-13,9,-16,6,-13,10,-14,9,-12,8,-12,8,-10,7,-9,9,-8,8,-9,8,-7,8,-7,0,0,0,0,0,0,0,0,0,0]"""
1782116239226,2026-06-22T17:17:19.226,safe,transition,yja,stand_to_sit,t007,"CSI_DATA,1075736,1a:00:00:00:00:00,-64,11,-99,17,49,11,-1043922804,47,2,256,0,""[0,0,0,0,0,0,0,0,0,0,0,0,-2,-6,-3,-7,-3,-9,-4,-8,-3,-10,-2,-11,-2,-11,-3,-11,-1,-8,-3,-12,-3,-13,-1,-12,-2,-11,-2,-12,-2,-12,-1,-14,-1,-13,-3,-14,-1,-15,-1,-16,-3,-15,0,-12,-1,-15,-3,-15,-2,-14,-1,-13,-2,-12,-3,-12,-3,-14,-5,-13,-3,-13,-5,-14,-5,-14,-6,-12,-6,-12,-5,-10,-7,-11,-9,-11,-9,-10,-9,-8,-10,-8,-11,-11,-12,-10,-13,-8,-12,-10,-14,-8,-12,-7,-14,-8,-13,-6,-16,-7,-17,-6,-14,-5,-14,-6,-19,-6,-18,-3,-16,-3,-20,-4,0,0,0,0,0,0,0,19,0,19,0,22,0,19,1,17,1,20,3,20,2,19,3,17,2,21,3,20,5,18,1,16,6,19,8,18,6,17,8,17,8,15,8,12,9,16,11,16,12,14,12,15,14,16,14,14,11,12,12,12,16,12,13,12,15,12,14,11,14,10,15,12,17,8,15,12,16,12,19,12,16,11,17,11,12,10,15,11,16,11,15,11,13,9,13,8,12,11,12,10,12,9,12,11,11,11,10,11,9,10,7,8,8,10,8,11,5,8,6,8,0,0,0,0,0,0,0,0,0,0]"""
1782116239236,2026-06-22T17:17:19.236,safe,transition,yja,stand_to_sit,t007,"CSI_DATA,1075737,1a:00:00:00:00:00,-64,11,-99,16,49,11,-1043914605,47,2,256,0,""[0,0,0,0,0,0,0,0,0,0,0,0,-3,8,-4,6,-5,8,-5,7,-7,8,-5,8,-6,8,-8,8,-7,9,-10,8,-10,7,-10,6,-11,6,-12,6,-12,6,-12,6,-10,6,-12,6,-10,6,-13,5,-15,3,-13,6,-15,4,-13,1,-15,2,-14,2,-13,4,-13,4,-13,5,-13,4,-13,4,-12,4,-12,4,-13,5,-13,5,-12,7,-12,6,-12,5,-13,5,-13,6,-13,6,-13,8,-12,8,-14,8,-12,8,-11,10,-12,10,-12,10,-13,11,-13,10,-15,9,-15,10,-14,12,-13,13,-14,10,-12,12,-13,12,0,0,0,0,0,0,12,15,13,17,12,13,13,14,15,16,12,14,13,16,12,13,14,15,12,10,13,11,13,13,16,12,15,14,12,12,13,13,13,13,13,13,13,13,16,10,13,9,15,12,13,9,15,9,15,10,17,9,17,10,13,11,15,13,15,11,16,12,16,11,18,12,15,11,16,11,15,10,16,12,16,12,16,12,16,12,14,14,10,13,12,15,10,16,10,14,11,13,9,13,8,15,8,12,6,12,6,12,6,12,5,13,4,13,0,12,0,11,0,10,0,0,0,0,0,0,0,0,0,0]"""
1782116239246,2026-06-22T17:17:19.246,safe,transition,yja,stand_to_sit,t007,"CSI_DATA,1075738,1a:00:00:00:00:00,-64,11,-99,20,48,11,-1043903496,47,2,256,0,""[0,0,0,0,0,0,0,0,0,0,0,0,-7,-6,-5,-5,-6,-9,-5,-8,-5,-9,-4,-8,-5,-8,-6,-11,-4,-11,-6,-12,-4,-10,-4,-11,-3,-11,-2,-15,-3,-12,-1,-17,-1,-12,0,-15,0,-13,0,-12,0,-16,0,-14,-2,-16,0,-13,0,-15,0,-14,0,-15,-1,-12,2,-17,0,-13,0,-15,0,-11,-1,-12,-1,-14,-2,-13,-2,-15,-2,-15,-1,-13,-2,-16,-4,-16,-5,-15,-1,-17,-2,-14,-5,-13,-2,-9,-6,-14,-4,-15,-9,-14,-6,-19,-8,-16,-4,-15,-6,-17,-6,-17,-8,-17,-7,-18,-7,-16,-9,-18,0,0,0,0,0,0,-18,9,-22,10,-15,9,-18,8,-21,10,-15,6,-21,10,-16,8,-19,9,-14,8,-14,9,-15,13,-17,10,-16,14,-12,9,-13,12,-14,12,-16,12,-13,11,-17,12,-12,11,-15,13,-12,10,-12,12,-13,15,-14,14,-13,17,-12,12,-13,15,-12,14,-15,16,-11,15,-20,15,-15,12,-14,13,-12,9,-13,15,-15,12,-13,16,-17,13,-16,12,-14,9,-17,9,-19,9,-15,10,-17,4,-15,3,-15,7,-9,4,-14,5,-12,3,-14,6,-15,1,-14,1,-10,0,-12,0,-10,-1,0,0,0,0,0,0,0,0,0,0]"""
1782116239277,2026-06-22T17:17:19.277,safe,transition,yja,stand_to_sit,t007,"CSI_DATA,1075741,1a:00:00:00:00:00,-64,11,-99,15,49,11,-1043870605,47,2,256,0,""[0,0,0,0,0,0,0,0,0,0,0,0,7,-5,6,-3,9,-7,7,-4,11,-5,9,-4,8,-4,11,-6,9,-4,13,-7,11,-5,10,-2,13,-4,12,-4,10,-4,16,-5,10,-4,15,-5,12,-5,13,-5,14,-5,13,-7,16,-6,14,-4,13,-4,13,-5,14,-6,9,-5,14,-8,10,-7,11,-8,10,-8,11,-11,10,-10,8,-12,8,-10,11,-13,8,-10,8,-12,7,-14,5,-11,7,-16,5,-11,4,-16,4,-11,2,-17,4,-17,0,-17,0,-19,1,-20,2,-19,1,-18,-1,-17,-2,-22,0,-19,-3,-16,-5,-20,0,0,0,0,0,0,-19,7,-23,8,-16,7,-18,10,-23,10,-14,5,-23,13,-13,8,-19,13,-14,9,-15,13,-15,14,-13,13,-16,16,-14,13,-13,12,-13,15,-12,17,-8,14,-11,19,-8,14,-8,20,-5,16,-5,20,-5,20,-3,19,-6,20,-7,20,-7,19,-4,21,-4,21,0,16,-3,26,-2,19,-1,22,-2,14,1,24,-1,20,2,21,0,19,0,22,-3,18,-3,19,-2,20,-1,15,-1,20,-2,13,0,18,-1,11,-1,17,-1,14,0,15,-2,13,-3,16,-4,12,-4,10,-4,10,0,0,0,0,0,0,0,0,0,0]"""
1782116239288,2026-06-22T17:17:19.288,safe,transition,yja,stand_to_sit,t007,"CSI_DATA,1075742,1a:00:00:00:00:00,-64,11,-99,20,48,11,-1043859605,47,2,256,0,""[0,0,0,0,0,0,0,0,0,0,0,0,3,9,2,8,4,11,2,8,1,12,2,9,2,8,2,12,1,13,2,14,0,11,-1,12,0,13,-1,14,0,12,0,17,2,13,1,16,0,12,1,10,1,14,2,16,1,18,-1,13,0,15,1,15,1,16,4,13,3,17,2,13,5,14,4,10,6,13,5,12,8,11,10,13,9,15,8,12,9,12,12,13,10,9,14,12,11,9,14,8,11,6,15,6,15,8,17,5,18,5,17,7,15,8,19,6,19,4,21,3,19,5,17,3,20,0,0,0,0,0,0,0,-1,-19,-1,-24,-1,-16,-4,-21,-2,-26,-2,-19,-5,-23,-3,-16,-7,-21,-5,-16,-7,-16,-8,-20,-10,-19,-10,-20,-8,-18,-8,-18,-10,-16,-10,-17,-11,-12,-15,-16,-13,-13,-17,-13,-12,-9,-14,-9,-16,-11,-19,-9,-19,-12,-15,-11,-17,-13,-19,-10,-20,-9,-18,-5,-23,-9,-17,-7,-20,-5,-13,-5,-20,-3,-19,-6,-20,-3,-20,-5,-21,-7,-17,-7,-18,-8,-19,-8,-16,-6,-19,-6,-14,-5,-17,-3,-11,-3,-15,-4,-15,-5,-14,-4,-13,-5,-13,-6,-10,-6,-9,-6,-9,-6,0,0,0,0,0,0,0,0,0,0]"""
1782116239299,2026-06-22T17:17:19.299,safe,transition,yja,stand_to_sit,t007,"CSI_DATA,1075743,1a:00:00:00:00:00,-64,11,-99,17,48,11,-1043848605,47,2,256,0,""[0,0,0,0,0,0,0,0,0,0,0,0,-20,8,-7,-16,-5,0,-30,-5,0,14,-14,-7,-12,-16,-15,11,-4,10,-23,16,-18,0,-6,-2,-8,1,-17,5,-17,-2,-18,-5,-10,3,-17,-4,-13,1,-14,5,-14,1,-13,0,-17,2,-15,1,-13,2,-14,0,-15,1,-11,3,-17,3,-13,3,-15,4,-9,3,-13,8,-13,6,-11,9,-12,8,-14,9,-12,8,-12,10,-11,11,-7,10,-13,12,-10,10,-8,15,-6,10,-6,17,-8,14,-5,17,-6,17,-5,19,-6,17,-6,17,-3,17,-5,22,-3,20,-2,17,0,21,0,0,0,0,0,0,20,-1,24,0,17,-1,20,-3,25,-4,18,-3,24,-5,16,-5,23,-8,17,-6,18,-8,19,-11,17,-8,19,-13,17,-9,16,-10,17,-13,15,-13,10,-12,18,-15,11,-11,13,-17,9,-13,11,-18,10,-19,8,-17,11,-20,8,-19,9,-18,8,-20,8,-21,3,-16,11,-23,7,-18,6,-20,5,-15,2,-25,5,-20,1,-20,5,-20,4,-21,5,-17,6,-18,5,-20,3,-16,5,-18,6,-13,3,-19,2,-11,4,-18,5,-13,3,-15,5,-13,3,-15,4,-11,5,-9,5,-8,0,0,0,0,0,0,0,0,0,0]"""
1782116239320,2026-06-22T17:17:19.320,safe,transition,yja,stand_to_sit,t007,"CSI_DATA,1075744,1a:00:00:00:00:00,-64,11,-99,14,49,11,-1043827127,47,2,256,0,""[0,0,0,0,0,0,0,0,0,0,0,0,-7,0,-11,0,-7,0,-11,0,-10,0,-11,-1,-11,0,-10,-3,-12,0,-11,-2,-12,-2,-13,-1,-14,-1,-12,-2,-17,-3,-11,-1,-15,-2,-12,-2,-17,-3,-14,-3,-12,-4,-17,-1,-12,-3,-15,-3,-17,-1,-14,-1,-14,-1,-17,-1,-11,1,-17,1,-14,0,-19,0,-14,1,-14,3,-17,0,-14,4,-12,3,-15,6,-14,6,-13,6,-16,7,-7,9,-12,11,-14,10,-15,12,-12,9,-12,11,-13,12,-11,15,-11,14,-9,16,-9,17,-11,18,-9,16,-6,21,-9,22,-9,19,0,0,0,0,0,0,22,7,20,6,25,5,20,6,15,1,23,4,18,0,25,1,20,0,23,1,21,0,19,1,20,-3,19,-1,20,-3,19,-4,19,-4,17,-4,22,-6,15,-8,19,-11,16,-6,20,-11,18,-9,18,-9,17,-13,14,-9,15,-12,15,-14,14,-11,14,-12,19,-14,11,-15,13,-19,14,-14,16,-20,15,-14,14,-17,16,-14,12,-14,12,-13,13,-15,12,-15,11,-13,15,-14,8,-12,12,-17,12,-10,14,-14,10,-9,12,-10,12,-8,10,-10,10,-7,11,-8,9,-7,10,-6,0,0,0,0,0,0,0,0,0,0]"""
1782116239331,2026-06-22T17:17:19.331,safe,transition,yja,stand_to_sit,t007,"CSI_DATA,1075745,1a:00:00:00:00:00,-64,11,-99,20,48,11,-1043826058,47,2,256,0,""[0,0,0,0,0,0,0,0,0,0,0,0,-10,1,-6,1,-11,0,-9,0,-12,-2,-8,-1,-9,-2,-12,-4,-10,-4,-13,-6,-11,-7,-8,-8,-10,-8,-11,-9,-9,-6,-12,-12,-8,-7,-11,-10,-8,-10,-9,-12,-11,-15,-8,-11,-10,-14,-7,-13,-6,-13,-6,-13,-8,-13,-5,-9,-10,-16,-7,-11,-9,-12,-3,-10,-7,-13,-8,-14,-8,-13,-5,-10,-7,-17,-6,-14,-8,-15,-9,-17,-8,-12,-9,-16,-6,-12,-11,-13,-5,-9,-10,-13,-8,-15,-12,-13,-11,-16,-10,-18,-7,-16,-9,-17,-10,-15,-12,-20,-10,-18,-8,-16,-15,-18,0,0,0,0,0,0,-18,9,-21,15,-15,8,-18,10,-24,10,-15,6,-23,10,-15,8,-23,9,-15,7,-17,7,-20,9,-19,8,-20,10,-17,7,-18,6,-19,7,-20,8,-15,7,-22,11,-15,7,-20,9,-15,6,-17,8,-20,9,-17,9,-20,10,-19,6,-20,5,-19,8,-20,7,-15,8,-24,7,-16,4,-21,8,-14,2,-20,6,-20,5,-20,4,-20,3,-22,1,-19,-1,-20,-2,-20,-1,-16,0,-21,-3,-14,-4,-19,-1,-10,-2,-17,-3,-13,-5,-15,-5,-13,-6,-13,-9,-9,-8,-9,-8,-8,-9,0,0,0,0,0,0,0,0,0,0]"""
1782116239342,2026-06-22T17:17:19.342,safe,transition,yja,stand_to_sit,t007,"CSI_DATA,1075746,1a:00:00:00:00:00,-64,11,-99,17,48,11,-1043815360,47,2,256,0,""[0,0,0,0,0,0,0,0,0,0,0,0,-5,-5,-5,-8,-4,-6,-5,-9,-5,-8,-3,-11,0,-11,0,-11,0,-11,0,-10,-1,-13,-1,-14,0,-12,0,-14,3,-17,0,-11,1,-15,2,-13,5,-15,8,-13,10,-11,6,-14,8,-11,4,-13,5,-14,8,-14,8,-13,10,-13,5,-11,5,-13,8,-13,7,-15,10,-11,7,-11,10,-11,9,-11,8,-11,6,-15,5,-13,5,-11,8,-11,3,-13,5,-15,8,-15,10,-17,9,-12,7,-15,12,-15,7,-15,8,-16,5,-20,6,-18,8,-18,10,-17,6,-20,10,-20,10,-18,0,0,0,0,0,0,-20,-13,-17,-10,-20,-13,-17,-13,-14,-11,-19,-15,-16,-10,-18,-11,-15,-10,-17,-15,-16,-17,-11,-15,-17,-13,-11,-14,-17,-13,-17,-12,-17,-11,-15,-10,-17,-14,-15,-9,-17,-11,-17,-11,-17,-13,-15,-13,-12,-12,-15,-13,-13,-13,-17,-11,-17,-12,-16,-13,-15,-12,-15,-17,-15,-10,-18,-12,-15,-16,-16,-17,-8,-18,-10,-17,-8,-20,-7,-17,-8,-17,-11,-16,-8,-16,-8,-15,-5,-18,-7,-15,-6,-17,-3,-17,-2,-20,1,-15,0,-15,4,-14,2,-12,1,-13,1,-13,1,-12,3,-10,0,0,0,0,0,0,0,0,0,0]"""
1782116239351,2026-06-22T17:17:19.351,safe,transition,yja,stand_to_sit,t007,"CSI_DATA,1075747,1a:00:00:00:00:00,-64,11,-99,17,48,11,-1043804605,47,2,256,0,""[0,0,0,0,0,0,0,0,0,0,0,0,6,-6,8,-5,7,-5,9,-4,10,-3,10,-4,9,-4,10,-3,12,-3,10,-3,12,0,12,-1,12,0,13,1,16,1,13,2,14,3,14,6,13,3,12,2,12,5,15,3,13,5,13,8,13,5,13,6,13,8,14,8,12,6,12,8,11,9,13,5,11,6,13,5,13,5,15,6,13,6,12,8,13,5,13,8,14,9,13,7,14,9,13,9,15,6,15,7,17,5,17,6,18,6,17,6,17,8,19,9,19,10,17,8,17,10,20,10,18,10,0,0,0,0,0,0,15,-18,14,-17,14,-18,16,-15,13,-17,19,-15,14,-15,15,-16,15,-13,15,-17,13,-15,13,-15,13,-18,11,-15,15,-13,13,-15,11,-15,14,-13,16,-15,13,-15,14,-15,16,-11,11,-15,11,-15,12,-15,12,-18,11,-15,15,-13,13,-15,13,-16,15,-14,17,-15,15,-13,17,-12,18,-10,15,-13,15,-11,15,-14,16,-12,19,-12,17,-9,18,-5,17,-8,18,-5,19,-3,17,-3,18,-1,17,0,17,-1,14,0,15,0,15,0,14,0,13,2,11,5,11,4,12,6,0,0,0,0,0,0,0,0,0,0]"""
1782116239362,2026-06-22T17:17:19.362,safe,transition,yja,stand_to_sit,t007,"CSI_DATA,1075748,1a:00:00:00:00:00,-64,11,-99,20,48,11,-1043793177,47,2,256,0,""[0,0,0,0,0,0,0,0,0,0,0,0,0,-9,0,-8,0,-11,0,-9,1,-10,3,-10,3,-10,2,-9,4,-10,4,-11,5,-12,6,-10,5,-12,5,-12,4,-11,8,-13,6,-12,6,-13,6,-11,7,-15,5,-16,9,-11,9,-13,8,-12,8,-11,8,-11,8,-12,5,-12,8,-13,6,-12,6,-15,5,-12,5,-15,5,-14,4,-15,4,-14,4,-16,4,-15,3,-14,3,-15,-1,-13,2,-17,1,-15,-2,-17,0,-16,0,-19,-1,-19,-4,-16,-3,-19,-2,-18,-3,-19,-1,-19,-3,-19,-5,-21,-4,-19,-4,-17,-7,-20,0,0,0,0,0,0,-20,8,-21,8,-19,7,-20,10,-22,10,-18,9,-23,12,-17,9,-18,12,-17,10,-19,12,-17,12,-17,10,-17,13,-16,12,-16,10,-16,14,-14,13,-10,14,-16,16,-12,13,-12,16,-10,15,-11,17,-10,17,-11,15,-13,17,-10,18,-10,17,-12,18,-10,19,-6,16,-12,20,-8,18,-8,19,-9,17,-9,20,-10,17,-9,18,-10,15,-11,17,-12,16,-11,15,-11,15,-9,15,-12,16,-10,12,-9,16,-10,10,-11,13,-10,12,-10,11,-10,10,-10,9,-10,8,-10,6,-10,5,0,0,0,0,0,0,0,0,0,0]"""
1782116239372,2026-06-22T17:17:19.372,safe,transition,yja,stand_to_sit,t007,"CSI_DATA,1075749,1a:00:00:00:00:00,-64,11,-99,19,48,11,-1043782605,47,2,256,0,""[0,0,0,0,0,0,0,0,0,0,0,0,-7,4,-8,4,-7,2,-9,4,-8,3,-12,2,-12,1,-11,0,-12,0,-9,-1,-13,-1,-13,-4,-11,-2,-11,-3,-14,-4,-10,-3,-14,-5,-12,-4,-16,-7,-14,-8,-13,-7,-10,-7,-10,-8,-12,-9,-11,-9,-11,-9,-9,-9,-12,-10,-8,-7,-11,-10,-11,-8,-13,-12,-11,-10,-11,-9,-10,-9,-10,-9,-11,-8,-13,-8,-10,-9,-10,-8,-11,-9,-11,-7,-16,-9,-11,-8,-17,-13,-13,-10,-15,-10,-13,-11,-13,-8,-12,-10,-17,-11,-16,-10,-17,-13,-16,-13,-16,-11,-17,-15,-16,-14,0,0,0,0,0,0,-13,17,-11,14,-17,20,-15,16,-13,10,-16,17,-13,13,-17,17,-11,14,-20,17,-17,15,-16,14,-16,13,-14,9,-16,16,-16,13,-14,14,-13,12,-15,14,-11,11,-14,16,-11,13,-18,17,-16,15,-13,13,-14,12,-13,11,-15,14,-15,13,-16,14,-14,11,-18,14,-13,11,-17,13,-14,13,-22,14,-18,9,-17,10,-19,8,-16,7,-17,5,-20,8,-18,5,-16,4,-18,3,-15,4,-19,5,-16,2,-20,0,-16,-1,-14,-1,-14,-4,-12,-2,-13,-2,-13,-4,-11,-4,-11,-5,0,0,0,0,0,0,0,0,0,0]"""
1782116239382,2026-06-22T17:17:19.382,safe,transition,yja,stand_to_sit,t007,"CSI_DATA,1075750,1a:00:00:00:00:00,-64,11,-99,13,49,11,-1043765912,47,2,256,0,""[0,0,0,0,0,0,0,0,0,0,0,0,8,-2,8,-1,9,-1,8,0,10,-1,11,0,12,0,10,0,10,1,11,1,13,1,12,0,13,2,13,1,13,1,13,3,13,3,13,1,15,3,17,3,15,3,13,5,13,3,16,3,14,3,13,1,13,2,13,2,15,3,13,2,13,0,15,1,15,1,15,1,15,0,13,0,14,0,15,-2,16,-1,15,-2,15,-2,14,-3,13,-4,15,-5,17,-6,15,-5,16,-5,14,-7,15,-6,15,-8,17,-10,13,-9,15,-10,18,-11,16,-10,17,-11,18,-12,0,0,0,0,0,0,-13,-16,-13,-16,-16,-17,-13,-14,-13,-15,-15,-14,-15,-17,-15,-15,-16,-13,-17,-15,-15,-14,-16,-12,-13,-11,-16,-12,-19,-10,-17,-8,-18,-9,-17,-7,-17,-7,-17,-8,-18,-8,-19,-5,-20,-8,-21,-8,-20,-6,-17,-6,-18,-5,-22,-3,-20,-3,-20,-3,-18,-3,-18,-2,-21,-4,-21,-2,-19,-3,-23,-5,-21,-5,-22,-4,-18,-4,-18,-4,-18,-5,-20,-5,-19,-5,-17,-3,-17,-4,-16,-5,-17,-5,-17,-3,-15,-6,-17,-7,-11,-6,-13,-6,-10,-7,-11,-6,-11,-6,-9,-5,-9,-6,0,0,0,0,0,0,0,0,0,0]"""
1782116239392,2026-06-22T17:17:19.392,safe,transition,yja,stand_to_sit,t007,"CSI_DATA,1075751,1a:00:00:00:00:00,-64,11,-99,20,48,11,-1043760605,47,2,256,0,""[0,0,0,0,0,0,0,0,0,0,0,0,5,6,5,6,4,8,5,8,4,8,3,9,2,10,4,10,1,10,3,11,2,12,4,13,2,13,1,12,0,11,-2,14,-1,13,-3,13,-4,15,-3,12,-2,13,-4,12,-3,14,-2,14,-2,13,-4,13,-4,13,-4,13,-7,13,-8,13,-5,13,-5,12,-5,14,-5,14,-4,13,-6,13,-4,13,-5,15,-4,14,-2,15,-3,14,-6,14,-5,15,-4,14,-4,15,-4,19,-5,16,-2,17,-5,17,-3,17,-4,18,-4,17,-5,19,-6,20,-5,19,-5,19,-7,20,0,0,0,0,0,0,19,6,21,6,21,8,19,9,20,6,19,8,20,9,19,9,17,8,20,9,19,9,21,7,16,10,18,6,20,5,20,6,20,5,18,6,17,5,19,9,18,7,18,8,19,8,18,8,20,6,16,8,20,5,20,6,19,5,21,6,19,7,18,6,19,12,18,10,17,9,17,11,19,12,16,12,16,12,15,14,15,13,16,12,15,13,13,13,13,13,9,16,9,17,9,13,8,14,7,16,5,15,5,13,1,13,3,13,2,13,1,12,0,12,0,0,0,0,0,0,0,0,0,0]"""
1782116239402,2026-06-22T17:17:19.402,safe,transition,yja,stand_to_sit,t007,"CSI_DATA,1075752,1a:00:00:00:00:00,-64,11,-99,20,48,11,-1043749112,47,2,256,0,""[0,0,0,0,0,0,0,0,0,0,0,0,4,-5,6,-8,5,-6,7,-8,5,-6,8,-8,8,-9,6,-6,8,-9,8,-5,9,-8,10,-8,9,-8,10,-6,14,-9,9,-6,12,-9,9,-7,14,-8,12,-10,9,-8,13,-9,10,-5,12,-7,13,-7,10,-6,10,-6,13,-9,8,-7,11,-10,10,-8,12,-12,10,-10,9,-12,9,-11,9,-11,6,-10,7,-13,8,-12,8,-11,8,-14,2,-12,3,-15,4,-15,5,-19,3,-14,1,-17,2,-16,1,-17,1,-17,1,-20,1,-18,0,-20,0,-18,-1,-21,-1,-24,-1,-20,0,0,0,0,0,0,-23,4,-19,2,-25,5,-20,5,-16,4,-23,5,-17,4,-24,8,-18,5,-23,7,-19,9,-17,8,-17,11,-17,6,-17,8,-17,10,-17,10,-17,9,-19,12,-10,10,-15,15,-12,12,-16,16,-13,16,-12,15,-15,17,-11,13,-12,15,-13,17,-10,15,-12,14,-15,17,-8,15,-10,19,-11,17,-14,23,-12,16,-9,20,-12,18,-10,16,-9,16,-9,17,-10,17,-9,13,-13,14,-8,13,-9,16,-10,12,-13,16,-9,11,-10,13,-10,9,-9,11,-9,6,-11,8,-10,7,-10,7,0,0,0,0,0,0,0,0,0,0]"""
1782116239411,2026-06-22T17:17:19.411,safe,transition,yja,stand_to_sit,t007,"CSI_DATA,1075753,1a:00:00:00:00:00,-64,11,-99,19,48,11,-1043737883,47,2,256,0,""[0,0,0,0,0,0,0,0,0,0,0,0,8,-1,8,-1,11,-1,8,-2,11,0,9,0,9,0,13,0,10,1,13,0,10,1,11,2,11,1,13,1,12,1,15,3,13,2,15,2,11,1,12,2,17,1,13,4,15,2,12,0,14,1,13,2,14,2,12,0,16,2,13,1,15,0,10,0,13,-2,14,0,14,-2,13,-1,16,-4,13,-3,14,-5,15,-7,11,-7,16,-4,14,-5,12,-10,10,-5,13,-11,14,-8,11,-12,14,-14,14,-13,12,-11,13,-13,13,-13,12,-16,11,-17,11,-15,10,-18,0,0,0,0,0,0,-18,-9,-22,-12,-16,-7,-18,-9,-25,-11,-16,-6,-23,-8,-19,-5,-23,-6,-17,-4,-18,-5,-22,-4,-20,-4,-23,-2,-17,-1,-20,-2,-22,0,-22,1,-18,1,-23,0,-17,2,-20,4,-15,3,-19,4,-20,5,-20,5,-23,7,-18,7,-20,7,-20,8,-20,9,-16,9,-24,10,-19,7,-19,10,-15,5,-17,11,-20,6,-17,11,-20,7,-20,9,-18,6,-19,7,-19,8,-16,8,-18,5,-14,4,-16,8,-10,5,-16,5,-14,2,-14,6,-15,4,-16,4,-11,2,-12,0,-10,1,0,0,0,0,0,0,0,0,0,0]"""
1782116239421,2026-06-22T17:17:19.421,safe,transition,yja,stand_to_sit,t007,"CSI_DATA,1075754,1a:00:00:00:00:00,-64,11,-99,15,49,11,-1043727283,47,2,256,0,""[0,0,0,0,0,0,0,0,0,0,0,0,-7,-4,-5,-2,-8,-6,-5,-4,-8,-7,-7,-3,-8,-4,-9,-5,-8,-5,-10,-7,-7,-8,-8,-8,-8,-7,-8,-10,-7,-8,-11,-11,-8,-8,-9,-12,-7,-7,-10,-9,-11,-9,-10,-11,-11,-10,-6,-11,-8,-11,-10,-9,-8,-11,-9,-8,-11,-11,-7,-9,-10,-10,-8,-5,-11,-7,-11,-6,-13,-5,-14,-5,-14,-5,-12,-5,-13,-4,-15,-5,-13,-5,-17,-5,-13,-4,-16,-5,-11,-1,-16,0,-17,0,-17,2,-19,1,-19,1,-17,-1,-19,1,-20,2,-20,4,-20,0,-17,4,-20,4,0,0,0,0,0,0,4,21,6,25,4,16,6,19,10,26,3,16,8,23,7,16,7,23,10,13,10,15,11,17,13,16,15,18,10,16,13,14,14,15,13,17,11,14,17,16,13,10,16,16,13,8,15,10,16,10,19,9,21,11,16,12,19,10,19,8,21,10,17,7,22,11,16,9,19,9,14,6,20,7,20,5,20,5,22,7,21,8,16,10,19,8,18,10,15,9,17,10,12,8,16,10,10,6,14,7,13,6,14,6,13,8,12,8,8,9,9,8,8,8,0,0,0,0,0,0,0,0,0,0]"""
1782116239431,2026-06-22T17:17:19.431,safe,transition,yja,stand_to_sit,t007,"CSI_DATA,1075755,1a:00:00:00:00:00,-64,11,-99,15,49,11,-1043716009,47,2,256,0,""[0,0,0,0,0,0,0,0,0,0,0,0,-8,0,-8,0,-6,-1,-11,-2,-8,-2,-11,-3,-10,-3,-9,-2,-11,-3,-8,-4,-11,-4,-12,-3,-12,-3,-11,-5,-13,-5,-8,-4,-13,-5,-11,-5,-16,-7,-13,-6,-10,-5,-13,-6,-10,-5,-15,-4,-14,-4,-13,-4,-12,-4,-14,-5,-11,-3,-15,-2,-11,-3,-17,-3,-14,-2,-14,-1,-14,-1,-12,-1,-12,-1,-14,2,-14,3,-12,3,-16,1,-11,2,-16,4,-14,5,-19,7,-15,4,-14,7,-16,6,-15,7,-14,10,-15,13,-14,12,-16,12,-14,11,-14,15,-17,17,-16,11,0,0,0,0,0,0,17,14,14,11,21,16,16,14,11,10,19,13,15,9,21,13,15,9,22,14,20,11,17,8,17,8,17,6,22,5,20,2,20,2,18,2,21,3,16,2,23,1,17,1,26,2,22,1,20,0,19,0,15,0,22,-4,20,-7,19,-5,18,-4,22,-3,16,-5,23,-7,19,-4,27,-7,23,-3,23,-5,22,-4,19,-2,17,-4,20,-6,19,-8,16,-6,19,-4,14,-3,19,-5,14,-2,22,-2,16,0,14,-1,14,1,14,1,11,-1,15,0,12,0,11,0,0,0,0,0,0,0,0,0,0,0]"""
1782116239445,2026-06-22T17:17:19.445,safe,transition,yja,stand_to_sit,t007,"CSI_DATA,1075756,1a:00:00:00:00:00,-64,11,-99,14,49,11,-1043702394,47,2,256,0,""[0,0,0,0,0,0,0,0,0,0,0,0,-9,2,-7,1,-10,0,-9,0,-9,-1,-9,-2,-9,-1,-12,-1,-10,-3,-12,-4,-11,-3,-10,-4,-11,-5,-11,-6,-9,-4,-12,-9,-11,-6,-12,-8,-9,-8,-9,-8,-12,-11,-8,-9,-14,-9,-10,-8,-8,-11,-10,-10,-11,-9,-9,-6,-11,-13,-9,-10,-10,-9,-7,-8,-11,-8,-10,-9,-11,-9,-12,-9,-13,-9,-12,-7,-11,-11,-13,-10,-12,-6,-14,-11,-12,-9,-15,-7,-11,-5,-16,-6,-14,-9,-17,-4,-17,-10,-16,-7,-14,-9,-17,-10,-16,-9,-20,-7,-17,-9,-15,-7,-20,-8,0,0,0,0,0,0,-9,18,-8,22,-7,17,-6,22,-9,22,-7,17,-11,22,-8,17,-9,22,-8,17,-7,17,-6,22,-7,17,-6,22,-4,19,-6,18,-6,19,-6,20,-4,17,-7,22,-4,19,-4,22,-3,18,-4,19,-4,22,-5,20,-3,22,-3,20,-5,20,-4,21,-4,22,-2,19,-9,23,-6,19,-4,20,-6,15,-4,21,-8,19,-4,20,-9,20,-8,20,-9,17,-12,17,-11,18,-8,17,-13,15,-11,12,-9,14,-9,9,-11,14,-11,10,-10,12,-12,7,-12,9,-12,6,-11,5,-10,4,0,0,0,0,0,0,0,0,0,0]"""
1782116239455,2026-06-22T17:17:19.455,safe,transition,yja,stand_to_sit,t007,"CSI_DATA,1075757,1a:00:00:00:00:00,-64,11,-99,16,48,11,-1043694606,47,2,256,0,""[0,0,0,0,0,0,0,0,0,0,0,0,25,-1,-10,-5,0,-9,1,2,17,11,12,-5,-11,-9,-15,-3,5,-13,1,-10,0,-32,1,-12,1,-12,-6,-18,8,-11,0,-13,-3,-10,3,-11,5,-10,2,-15,3,-14,7,-14,6,-12,3,-11,5,-11,5,-12,5,-12,5,-14,1,-13,1,-12,2,-16,1,-13,3,-13,0,-14,3,-14,0,-14,0,-16,-1,-14,0,-14,-3,-13,-2,-14,-5,-14,-5,-15,-5,-14,-5,-14,-6,-13,-6,-16,-7,-16,-9,-16,-8,-16,-10,-14,-10,-16,-11,-18,-12,-16,-12,-14,-12,-14,-15,-16,0,0,0,0,0,0,-16,15,-14,16,-12,14,-14,16,-14,16,-13,16,-11,18,-10,17,-12,18,-12,16,-11,17,-12,17,-9,20,-10,18,-8,18,-7,18,-7,18,-7,20,-7,21,-1,20,0,20,-3,20,-3,19,-1,18,-2,18,0,22,-1,22,0,20,-1,20,0,21,0,21,0,24,3,21,5,19,3,22,2,22,1,20,2,21,0,22,1,22,0,22,0,20,1,20,1,19,0,20,2,20,1,18,0,18,-1,17,-1,14,-1,16,-3,14,-1,14,-4,14,-3,12,-3,12,-4,12,0,0,0,0,0,0,0,0,0,0]"""
1782116239468,2026-06-22T17:17:19.468,safe,transition,yja,stand_to_sit,t007,"CSI_DATA,1075758,1a:00:00:00:00:00,-63,11,-99,20,48,11,-1043679028,47,2,256,0,""[0,0,0,0,0,0,0,0,0,0,0,0,-2,5,-4,9,-4,5,-5,9,-3,6,-8,9,-8,8,-6,7,-6,8,-7,5,-10,7,-9,8,-10,8,-10,8,-13,8,-8,6,-12,9,-9,7,-15,9,-13,6,-11,5,-12,9,-10,4,-13,8,-12,7,-12,6,-11,5,-14,7,-8,7,-12,10,-9,6,-15,12,-12,8,-10,10,-11,9,-9,10,-7,7,-8,12,-9,10,-9,9,-11,14,-2,10,-5,16,-8,12,-9,20,-6,13,-5,16,-9,16,-5,15,-5,16,-5,20,-3,17,-5,21,-4,18,-2,21,-4,24,-2,19,0,0,0,0,0,0,24,4,18,2,28,2,21,0,14,1,24,2,17,0,26,0,17,-1,26,0,23,-1,19,0,20,-3,17,0,22,-1,20,-2,20,-2,17,-2,24,-4,14,-6,21,-9,16,-6,26,-8,20,-8,17,-8,20,-8,15,-5,21,-9,19,-8,18,-8,17,-5,23,-9,13,-9,21,-14,16,-9,26,-14,20,-8,20,-12,21,-6,17,-7,16,-6,19,-9,19,-8,15,-5,20,-5,12,-6,18,-9,16,-3,23,-4,13,-2,16,-2,16,0,14,-2,12,0,14,0,13,0,13,1,0,0,0,0,0,0,0,0,0,0]"""
1782116239479,2026-06-22T17:17:19.479,safe,transition,yja,stand_to_sit,t007,"CSI_DATA,1075759,1a:00:00:00:00:00,-63,11,-99,19,48,11,-1043670692,47,2,256,0,""[0,0,0,0,0,0,0,0,0,0,0,0,-2,-8,-1,-7,0,-10,0,-8,1,-10,2,-7,2,-8,4,-11,2,-10,3,-13,4,-9,5,-11,5,-11,6,-11,5,-10,10,-13,8,-10,11,-11,7,-8,9,-8,13,-11,11,-8,13,-11,8,-9,11,-9,11,-8,12,-9,10,-7,14,-9,11,-7,12,-8,8,-5,11,-8,11,-8,10,-8,13,-8,14,-8,12,-7,13,-10,13,-11,10,-11,16,-9,13,-8,10,-12,9,-6,12,-13,13,-9,11,-13,15,-14,13,-14,11,-10,16,-12,14,-12,16,-14,15,-13,13,-11,16,-15,0,0,0,0,0,0,-13,-15,-17,-20,-12,-13,-13,-17,-16,-20,-10,-15,-15,-20,-13,-15,-14,-20,-11,-16,-10,-16,-14,-19,-11,-19,-16,-17,-11,-15,-11,-17,-13,-16,-13,-16,-11,-13,-14,-20,-10,-14,-14,-18,-11,-13,-12,-14,-15,-17,-11,-16,-16,-17,-13,-16,-14,-17,-14,-18,-13,-19,-11,-16,-13,-23,-10,-17,-11,-20,-7,-14,-12,-18,-8,-19,-10,-20,-7,-22,-7,-23,-4,-19,-4,-22,-4,-22,-4,-19,0,-21,0,-17,-1,-19,0,-13,0,-17,3,-14,0,-16,5,-13,8,-15,6,-11,7,-11,7,-10,0,0,0,0,0,0,0,0,0,0]"""
1782116239489,2026-06-22T17:17:19.489,safe,transition,yja,stand_to_sit,t007,"CSI_DATA,1075760,1a:00:00:00:00:00,-63,11,-99,13,49,11,-1043659689,47,2,256,0,""[0,0,0,0,0,0,0,0,0,0,0,0,-6,-4,-6,-6,-5,-6,-5,-8,-5,-6,-5,-10,-3,-11,-3,-9,-2,-10,-2,-9,-3,-11,-3,-11,-3,-12,-1,-12,0,-15,0,-11,1,-15,-1,-12,1,-18,5,-17,3,-15,5,-13,2,-11,1,-15,2,-15,1,-13,2,-13,3,-14,4,-11,5,-15,3,-11,6,-17,7,-14,5,-14,6,-13,5,-13,1,-11,1,-15,3,-14,1,-13,4,-15,1,-12,0,-18,3,-16,3,-22,4,-17,2,-18,3,-18,5,-15,1,-17,1,-21,0,-17,1,-20,3,-20,1,-21,3,-23,5,-20,0,0,0,0,0,0,-23,-5,-18,-3,-26,-4,-22,-5,-17,-3,-23,-5,-17,-5,-23,-7,-18,-3,-25,-6,-22,-6,-20,-5,-18,-6,-18,-5,-22,-1,-21,0,-21,-1,-20,-3,-20,-5,-16,-3,-22,-4,-18,-2,-24,-4,-22,-6,-19,-5,-18,-6,-17,-3,-23,-2,-23,-2,-21,-1,-20,-2,-22,-6,-17,-5,-22,-7,-18,-5,-26,-10,-20,-11,-20,-10,-18,-12,-15,-11,-17,-7,-20,-7,-18,-10,-15,-9,-15,-13,-12,-10,-15,-13,-11,-11,-13,-18,-8,-15,-8,-13,-6,-13,-4,-13,-5,-11,-6,-13,-5,-11,-3,-11,0,0,0,0,0,0,0,0,0,0]"""
1782116239500,2026-06-22T17:17:19.500,safe,transition,yja,stand_to_sit,t007,"CSI_DATA,1075761,1a:00:00:00:00:00,-63,11,-99,18,48,11,-1043649017,47,2,256,0,""[0,0,0,0,0,0,0,0,0,0,0,0,-7,-3,-7,-4,-7,-5,-7,-6,-7,-7,-9,-8,-7,-10,-6,-9,-5,-9,-5,-9,-7,-12,-6,-11,-5,-12,-4,-11,-4,-11,-4,-13,-5,-14,-4,-14,-1,-15,-1,-14,-1,-13,0,-14,0,-14,0,-15,0,-15,0,-15,0,-15,0,-14,1,-14,1,-14,0,-14,1,-15,1,-15,1,-14,1,-14,1,-13,0,-15,-2,-17,0,-15,-1,-13,0,-15,-1,-16,-1,-16,-1,-17,-1,-17,-1,-19,0,-19,0,-19,0,-15,-1,-19,-3,-22,-3,-19,0,-20,0,-23,-1,-20,-1,-21,0,-21,0,0,0,0,0,0,-23,0,-22,0,-25,0,-23,-1,-20,-1,-23,0,-22,-1,-23,-1,-22,0,-24,-1,-23,-3,-22,-1,-20,-3,-20,-2,-23,0,-22,0,-21,0,-20,0,-20,0,-20,-1,-22,0,-21,0,-23,0,-25,-2,-22,-1,-19,-3,-22,-1,-22,0,-21,-1,-21,0,-20,-1,-22,-1,-22,-4,-22,-3,-22,-3,-23,-6,-22,-7,-20,-6,-21,-8,-18,-9,-19,-9,-22,-8,-19,-9,-16,-8,-14,-9,-16,-10,-14,-12,-14,-11,-14,-14,-11,-14,-9,-13,-7,-14,-6,-12,-4,-13,-8,-14,-5,-11,-3,-11,0,0,0,0,0,0,0,0,0,0]"""
1782116239511,2026-06-22T17:17:19.511,safe,transition,yja,stand_to_sit,t007,"CSI_DATA,1075762,1a:00:00:00:00:00,-63,11,-99,16,48,11,-1043636744,47,2,256,0,""[0,0,0,0,0,0,0,0,0,0,0,0,-9,0,-10,-1,-7,0,-8,0,-10,0,-9,-1,-10,-3,-9,-3,-12,-3,-10,-5,-11,-5,-12,-7,-11,-6,-12,-7,-12,-8,-12,-6,-12,-7,-12,-9,-10,-9,-12,-7,-8,-7,-14,-9,-9,-11,-9,-11,-9,-11,-11,-12,-11,-11,-11,-12,-11,-7,-11,-9,-11,-10,-11,-9,-8,-9,-10,-9,-11,-9,-12,-11,-7,-9,-11,-9,-8,-9,-16,-10,-12,-11,-15,-3,-16,-1,-16,-9,-18,-9,-19,-9,-20,-8,-14,-7,-22,-11,-18,-12,-18,-8,-21,-11,-17,-4,-19,-5,-20,-1,-24,-12,-20,-5,0,0,0,0,0,0,-5,24,-3,19,-8,22,-5,22,-7,22,-7,23,-4,20,-5,21,-5,21,-5,22,-5,22,-7,19,-4,24,-6,20,-4,19,-7,22,-3,20,-4,20,-5,22,0,20,0,21,-1,23,-1,20,0,20,-3,19,0,23,-3,21,-1,21,-3,22,-2,22,-2,23,-2,24,2,22,1,22,-1,23,-1,22,-5,20,-3,21,-6,22,-4,22,-6,21,-5,19,-6,18,-5,17,-7,18,-5,18,-5,19,-7,18,-9,15,-9,12,-9,13,-11,11,-9,12,-11,11,-9,9,-10,8,-11,6,0,0,0,0,0,0,0,0,0,0]"""
1782116239521,2026-06-22T17:17:19.521,safe,transition,yja,stand_to_sit,t007,"CSI_DATA,1075763,1a:00:00:00:00:00,-63,11,-99,18,48,11,-1043628467,47,2,256,0,""[0,0,0,0,0,0,0,0,0,0,0,0,1,-7,1,-6,1,-11,1,-9,1,-11,3,-10,3,-11,3,-10,3,-9,4,-12,4,-12,4,-11,4,-14,4,-12,4,-11,7,-14,6,-12,4,-13,5,-14,5,-15,3,-15,6,-12,6,-14,4,-15,4,-14,5,-13,4,-14,3,-12,4,-16,3,-13,3,-15,1,-14,1,-17,0,-15,-1,-15,0,-12,-1,-17,-2,-15,-3,-15,-3,-14,-5,-11,-4,-17,-5,-14,-8,-15,-6,-15,-10,-16,-9,-15,-10,-15,-11,-14,-12,-17,-14,-17,-11,-13,-11,-12,-16,-17,-16,-14,-15,-13,-17,-14,0,0,0,0,0,0,-9,18,-11,20,-10,21,-9,21,-11,20,-7,19,-9,25,-7,20,-6,23,-7,22,-6,23,-3,22,-4,19,-3,23,-1,23,-2,20,0,22,0,20,2,18,0,23,3,19,5,23,5,20,5,23,7,22,5,18,8,21,11,21,9,20,9,19,9,17,9,15,11,22,10,19,12,20,11,20,14,22,11,20,12,20,9,17,11,19,11,19,9,18,9,16,9,15,9,17,7,14,11,17,6,15,8,15,6,14,6,14,4,13,6,15,4,14,3,11,1,10,0,0,0,0,0,0,0,0,0,0]"""
1782116239532,2026-06-22T17:17:19.532,safe,transition,yja,stand_to_sit,t007,"CSI_DATA,1075764,1a:00:00:00:00:00,-63,11,-99,17,48,11,-1043615747,47,2,256,0,""[0,0,0,0,0,0,0,0,0,0,0,0,2,8,0,9,1,9,0,10,0,10,-1,10,-1,10,-3,10,-3,12,-5,10,-5,11,-5,11,-6,11,-8,11,-8,11,-6,11,-7,12,-8,10,-10,9,-10,11,-10,10,-12,12,-11,8,-11,8,-13,8,-12,8,-12,9,-13,8,-11,11,-11,11,-11,10,-11,9,-11,9,-11,9,-13,9,-11,10,-11,8,-10,10,-12,10,-11,12,-13,11,-9,13,-9,13,-11,13,-11,13,-11,11,-10,14,-12,14,-13,15,-12,14,-11,15,-12,17,-13,17,-11,16,-12,19,-13,18,-14,17,0,0,0,0,0,0,20,15,20,16,17,16,18,15,18,15,17,15,18,13,17,15,17,14,15,13,17,14,16,17,18,14,16,16,15,13,15,15,17,14,17,14,18,15,18,10,18,10,18,13,17,12,18,11,15,13,19,11,16,15,17,12,18,15,17,13,17,14,15,14,19,14,19,12,18,15,15,16,14,16,15,17,13,19,15,18,11,17,11,15,11,18,10,18,8,18,10,17,9,15,7,16,5,16,4,15,3,16,1,16,1,15,0,15,0,13,-1,13,-2,13,0,0,0,0,0,0,0,0,0,0]"""
1782116239541,2026-06-22T17:17:19.541,safe,transition,yja,stand_to_sit,t007,"CSI_DATA,1075765,1a:00:00:00:00:00,-63,11,-99,20,47,11,-1043606463,47,2,256,0,""[0,0,0,0,0,0,0,0,0,0,0,0,7,-2,11,-2,6,0,12,-1,7,-1,12,-1,12,-1,9,0,10,0,10,1,14,0,12,0,14,0,12,0,17,0,9,0,16,0,11,0,19,0,18,0,16,0,14,0,12,0,17,-1,16,-1,14,0,13,-1,16,0,12,-5,18,-5,11,-1,22,-5,15,-4,15,-6,15,-5,13,-6,11,-4,13,-10,14,-9,11,-9,14,-10,6,-9,11,-14,10,-12,16,-20,11,-14,7,-15,11,-14,8,-16,7,-17,7,-21,4,-16,6,-21,5,-18,2,-23,4,-26,6,-21,0,0,0,0,0,0,-24,-2,-16,0,-32,0,-22,0,-13,0,-26,2,-17,3,-29,5,-17,3,-29,4,-25,4,-20,3,-18,7,-18,4,-22,10,-20,9,-19,11,-16,9,-21,12,-11,10,-18,17,-12,11,-22,20,-16,16,-14,12,-15,14,-11,12,-14,20,-12,19,-13,17,-11,15,-15,20,-6,15,-10,24,-9,16,-14,29,-14,20,-10,22,-13,19,-9,16,-8,15,-9,22,-9,19,-7,16,-10,18,-5,14,-10,21,-9,13,-14,21,-9,12,-9,12,-11,12,-8,11,-8,8,-10,12,-7,9,-9,9,0,0,0,0,0,0,0,0,0,0]"""
1782116239552,2026-06-22T17:17:19.552,safe,transition,yja,stand_to_sit,t007,"CSI_DATA,1075766,1a:00:00:00:00:00,-63,11,-99,17,48,11,-1043595606,47,2,256,0,""[0,0,0,0,0,0,0,0,0,0,0,0,4,-5,6,-8,5,-5,9,-6,6,-5,10,-8,10,-7,8,-6,10,-6,8,-5,11,-8,9,-8,10,-9,10,-8,11,-8,10,-5,15,-9,10,-6,17,-8,13,-7,11,-6,13,-6,11,-7,12,-10,12,-9,11,-10,11,-10,13,-11,9,-7,13,-11,10,-9,13,-13,11,-10,10,-11,10,-10,8,-12,6,-12,6,-16,5,-15,3,-14,5,-16,3,-13,3,-19,3,-15,3,-22,4,-19,1,-18,2,-19,1,-18,-1,-17,-5,-22,-6,-18,-5,-22,-4,-20,-7,-21,-7,-23,-5,-20,0,0,0,0,0,0,-22,9,-17,6,-25,13,-21,10,-13,9,-25,12,-15,11,-20,16,-14,11,-22,18,-19,15,-15,15,-14,14,-13,13,-11,21,-10,20,-8,18,-7,18,-10,20,-7,17,-8,22,-6,18,-9,26,-9,20,-5,21,-6,18,-3,17,-1,23,0,22,0,21,-1,20,-2,24,0,18,0,24,0,20,0,29,-4,23,0,22,-2,22,-1,20,0,19,3,23,3,21,2,18,0,20,0,16,0,22,0,16,-2,22,-3,17,-1,16,-3,15,-3,13,-1,11,-1,15,0,13,-2,13,0,0,0,0,0,0,0,0,0,0]"""
1782116239565,2026-06-22T17:17:19.565,safe,transition,yja,stand_to_sit,t007,"CSI_DATA,1075767,1a:00:00:00:00:00,-63,11,-99,16,48,11,-1043582548,47,2,256,0,""[0,0,0,0,0,0,0,0,0,0,0,0,6,-7,3,-7,8,-7,5,-6,8,-7,9,-5,9,-5,10,-7,10,-5,12,-4,11,-5,12,-3,13,-2,12,-3,12,-3,16,-3,13,-3,16,-3,14,-1,16,0,19,-1,14,0,18,0,15,0,15,2,15,1,15,0,13,0,18,2,14,1,15,-1,14,1,16,0,16,0,15,-1,15,-1,16,-1,16,-1,17,0,17,-1,15,-3,18,-1,15,-3,17,-5,15,-3,20,-6,17,-5,18,-8,18,-3,20,-5,19,-3,19,-5,19,-7,22,-7,22,-5,20,-4,22,-6,0,0,0,0,0,0,-5,-21,-9,-24,-5,-20,-9,-22,-8,-25,-8,-20,-9,-25,-5,-19,-7,-24,-6,-20,-8,-21,-10,-22,-7,-18,-9,-22,-9,-20,-7,-18,-7,-21,-8,-20,-8,-16,-9,-22,-10,-18,-12,-20,-8,-18,-11,-20,-13,-20,-9,-19,-11,-20,-11,-21,-8,-20,-9,-20,-10,-20,-11,-16,-9,-23,-9,-20,-11,-20,-6,-20,-12,-21,-8,-21,-9,-21,-7,-20,-5,-22,-4,-21,-1,-23,-2,-20,-5,-17,0,-20,-1,-17,-1,-19,1,-15,0,-18,2,-15,1,-16,3,-14,5,-13,5,-13,5,-11,5,-10,0,0,0,0,0,0,0,0,0,0]"""
1782116239579,2026-06-22T17:17:19.579,safe,transition,yja,stand_to_sit,t007,"CSI_DATA,1075768,1a:00:00:00:00:00,-63,11,-99,20,47,11,-1043568450,47,2,256,0,""[0,0,0,0,0,0,0,0,0,0,0,0,-4,7,-3,10,-5,5,-7,9,-5,7,-10,9,-10,10,-7,9,-8,7,-8,7,-11,11,-8,11,-8,10,-8,10,-11,10,-9,8,-14,11,-9,9,-14,11,-12,9,-9,8,-12,9,-9,9,-11,11,-11,12,-9,12,-9,12,-11,12,-7,9,-11,13,-9,12,-11,16,-9,12,-7,13,-9,12,-7,13,-5,14,-3,18,-1,16,-1,14,-2,16,-1,14,-1,20,0,16,1,24,1,19,2,18,1,19,1,16,5,16,9,21,7,18,7,20,7,20,11,20,11,23,7,20,0,0,0,0,0,0,20,-12,16,-12,22,-18,18,-12,13,-12,21,-18,14,-14,19,-18,12,-14,20,-20,16,-18,14,-16,13,-16,10,-15,9,-22,7,-22,6,-20,6,-19,8,-21,6,-19,6,-25,3,-18,6,-27,5,-24,3,-22,4,-20,0,-18,-1,-24,-2,-22,-4,-23,-1,-20,-1,-24,-1,-19,-1,-25,-3,-20,-2,-29,0,-23,-2,-22,-1,-23,0,-20,-3,-18,-7,-23,-5,-20,-2,-17,-2,-20,-1,-16,-1,-22,0,-16,0,-22,1,-18,0,-16,2,-14,1,-12,0,-12,0,-14,1,-12,1,-12,0,0,0,0,0,0,0,0,0,0]"""
1782116239589,2026-06-22T17:17:19.589,safe,transition,yja,stand_to_sit,t007,"CSI_DATA,1075769,1a:00:00:00:00:00,-63,11,-99,16,48,11,-1043558547,47,2,256,0,""[0,0,0,0,0,0,0,0,0,0,0,0,-5,4,-9,4,-7,3,-10,4,-9,3,-11,3,-12,0,-9,0,-12,1,-11,-1,-14,0,-14,0,-13,-1,-12,-1,-16,-5,-11,0,-15,-1,-15,-1,-16,-7,-14,-10,-10,-9,-15,-7,-12,-7,-14,-8,-14,-8,-13,-8,-13,-7,-14,-11,-12,-5,-14,-7,-13,-6,-16,-9,-12,-11,-12,-8,-12,-10,-12,-9,-12,-6,-15,-5,-14,-5,-12,-5,-14,-9,-14,-1,-19,-2,-17,-6,-22,-7,-14,-9,-18,-5,-16,-9,-16,-7,-17,-7,-22,-3,-21,-3,-22,-6,-20,-6,-22,-3,-23,-8,-20,-7,0,0,0,0,0,0,-8,23,-7,20,-9,25,-9,21,-7,18,-11,23,-5,18,-9,25,-7,19,-9,25,-10,22,-11,17,-7,22,-11,18,-7,23,-6,22,-7,22,-6,18,-9,22,-1,18,-3,24,-5,20,-7,24,-7,21,-9,18,-6,22,-7,18,-5,22,-6,22,-5,20,-5,20,-9,23,-3,19,-4,25,-7,21,-10,25,-13,18,-10,20,-16,18,-11,17,-11,16,-10,20,-11,16,-10,14,-15,14,-7,14,-11,16,-14,12,-17,13,-13,5,-12,7,-15,4,-12,5,-13,3,-11,4,-11,4,-11,3,0,0,0,0,0,0,0,0,0,0]"""
1782116239599,2026-06-22T17:17:19.599,safe,transition,yja,stand_to_sit,t007,"CSI_DATA,1075770,1a:00:00:00:00:00,-63,11,-99,15,48,11,-1043551606,47,2,256,0,""[0,0,0,0,0,0,0,0,0,0,0,0,0,-10,0,-9,2,-10,0,-8,3,-11,3,-8,3,-10,5,-12,5,-10,7,-13,8,-11,9,-11,8,-10,10,-10,8,-10,14,-11,12,-8,14,-8,11,-4,10,-6,13,-8,14,-6,18,-8,13,-6,14,-5,16,-6,16,-6,14,-5,19,-3,14,-4,17,-4,10,0,14,-4,16,-2,15,-6,16,-4,18,-3,16,-2,17,-4,18,-5,16,-5,20,-2,16,-2,16,-6,12,-3,18,-7,17,-2,18,-8,21,-3,20,-7,16,-2,22,-2,21,-4,24,-6,22,-4,20,-4,24,-6,0,0,0,0,0,0,-2,-23,-3,-28,-2,-18,-1,-24,-1,-28,0,-20,0,-28,0,-20,0,-26,1,-20,0,-20,0,-24,2,-23,-2,-25,0,-21,1,-22,0,-21,2,-22,1,-19,3,-25,1,-19,2,-24,2,-18,1,-20,1,-23,2,-22,2,-26,2,-22,3,-22,2,-23,5,-23,3,-20,9,-25,7,-20,7,-24,6,-16,6,-22,10,-20,9,-20,12,-20,13,-20,12,-16,14,-16,14,-17,13,-14,18,-13,15,-9,14,-12,10,-6,14,-10,14,-5,14,-7,16,-4,16,-4,12,0,12,0,11,0,0,0,0,0,0,0,0,0,0,0]"""
1782116239609,2026-06-22T17:17:19.609,safe,transition,yja,stand_to_sit,t007,"CSI_DATA,1075771,1a:00:00:00:00:00,-63,11,-99,17,47,11,-1043540606,47,2,256,0,""[0,0,0,0,0,0,0,0,0,0,0,0,12,27,-6,0,15,-9,-9,-8,14,19,11,-7,29,0,3,-6,1,0,19,-7,16,13,9,9,12,6,19,15,9,16,8,4,13,10,13,4,9,7,11,9,16,9,15,9,14,8,11,13,12,12,12,10,12,13,12,10,11,13,11,10,12,9,9,7,14,7,14,5,16,4,16,6,14,5,11,7,14,8,16,9,16,6,15,6,14,5,19,7,13,2,16,1,19,0,19,-2,23,0,23,1,19,4,24,3,21,2,22,0,22,5,23,0,22,0,0,0,0,0,0,0,0,-25,0,-28,0,-20,-1,-23,0,-26,1,-22,2,-25,0,-24,0,-26,-1,-19,-5,-19,-5,-21,-7,-22,-7,-25,0,-20,-4,-21,-5,-21,-3,-24,-6,-22,-5,-22,-7,-19,-5,-21,-5,-16,-10,-18,-11,-19,-14,-20,-12,-20,-5,-21,-9,-23,-10,-19,-8,-21,-10,-21,-9,-23,-9,-20,-9,-21,-7,-17,-12,-17,-12,-18,-12,-16,-12,-21,-9,-20,-2,-19,-4,-21,-2,-23,-6,-20,-4,-19,0,-16,-2,-19,-1,-14,-2,-14,-3,-14,-4,-14,-2,-16,0,-14,4,-11,3,-12,3,-9,0,0,0,0,0,0,0,0,0,0]"""
1782116239619,2026-06-22T17:17:19.619,safe,transition,yja,stand_to_sit,t007,"CSI_DATA,1075772,1a:00:00:00:00:00,-63,11,-99,17,48,11,-1043529589,47,2,256,0,""[0,0,0,0,0,0,0,0,0,0,0,0,-3,-6,-2,-9,-1,-8,-1,-12,0,-8,0,-11,1,-12,0,-11,3,-10,3,-11,3,-13,2,-11,4,-13,6,-11,7,-14,6,-9,10,-12,7,-10,11,-14,12,-13,9,-11,12,-9,10,-8,11,-11,12,-11,13,-9,11,-8,15,-10,11,-6,15,-9,11,-6,17,-11,14,-7,13,-8,13,-8,13,-6,10,-8,11,-11,13,-11,11,-8,14,-10,11,-8,14,-11,14,-10,18,-13,15,-8,15,-9,16,-10,16,-8,15,-12,17,-14,15,-13,18,-12,17,-10,18,-14,22,-14,20,-10,0,0,0,0,0,0,-10,-22,-8,-17,-15,-27,-8,-21,-8,-15,-8,-24,-7,-18,-10,-24,-6,-18,-8,-25,-6,-23,-7,-20,-6,-20,-6,-18,-9,-21,-10,-20,-10,-20,-8,-18,-9,-21,-5,-17,-8,-23,-6,-18,-9,-25,-7,-23,-9,-20,-5,-21,-5,-17,-9,-22,-8,-21,-8,-19,-5,-18,-5,-23,-3,-20,-4,-25,-2,-17,-3,-29,0,-23,0,-22,1,-22,3,-20,0,-18,0,-22,2,-20,2,-18,6,-20,5,-15,7,-20,7,-16,11,-17,10,-13,9,-12,11,-10,10,-8,9,-9,11,-8,9,-8,9,-6,0,0,0,0,0,0,0,0,0,0]"""
1782116239629,2026-06-22T17:17:19.629,safe,transition,yja,stand_to_sit,t007,"CSI_DATA,1075773,1a:00:00:00:00:00,-63,11,-99,16,48,11,-1043518606,47,2,256,0,""[0,0,0,0,0,0,0,0,0,0,0,0,-7,4,-8,4,-9,3,-11,3,-10,2,-12,2,-11,1,-11,4,-11,0,-12,0,-13,1,-12,1,-14,0,-12,-1,-15,0,-14,-1,-16,-1,-14,-1,-18,-3,-18,-3,-18,0,-15,-4,-14,-1,-17,-3,-16,-2,-15,-3,-14,-3,-16,-1,-15,-4,-17,-2,-14,-2,-18,-4,-17,-1,-17,-1,-18,0,-13,0,-15,0,-14,0,-18,1,-17,2,-18,3,-15,1,-18,3,-16,6,-20,5,-18,7,-15,5,-18,6,-17,5,-17,7,-19,9,-18,7,-18,10,-20,9,-19,9,-22,11,-20,11,0,0,0,0,0,0,12,19,12,19,16,22,13,20,11,16,15,20,12,19,14,20,12,16,16,21,16,18,17,16,12,16,14,15,16,16,16,14,16,14,16,14,18,12,16,14,18,14,16,10,20,16,19,12,20,11,15,12,18,10,20,11,20,11,20,10,18,9,19,9,18,12,22,12,18,8,22,14,22,11,19,11,19,12,16,11,16,11,18,12,16,14,15,11,15,12,12,11,14,13,13,11,13,14,12,13,9,11,9,11,6,11,7,11,6,12,5,11,5,11,0,0,0,0,0,0,0,0,0,0]"""
1782116239639,2026-06-22T17:17:19.639,safe,transition,yja,stand_to_sit,t007,"CSI_DATA,1075774,1a:00:00:00:00:00,-63,11,-99,17,48,11,-1043507292,47,2,256,0,""[0,0,0,0,0,0,0,0,0,0,0,0,7,6,5,6,6,9,5,8,6,10,3,8,4,10,3,12,1,11,5,13,1,13,0,13,1,14,1,15,1,12,-1,18,-1,15,-2,16,-5,12,0,14,-1,17,-5,14,-5,18,-4,15,-5,14,-6,14,-7,15,-5,13,-8,16,-5,14,-6,15,-5,12,-4,16,-6,15,-4,15,-6,15,-8,16,-6,13,-8,15,-6,18,-2,15,-9,17,-7,15,-1,17,-6,11,-3,19,-6,16,-3,19,-6,20,-5,20,-5,17,-8,19,-6,18,-7,22,-8,20,-8,21,-6,23,0,0,0,0,0,0,23,8,25,9,18,6,23,8,25,11,20,8,24,11,20,8,23,11,18,10,19,8,22,10,19,10,24,10,20,9,18,9,20,8,21,9,18,5,23,10,19,8,21,8,17,8,19,6,23,8,18,10,22,10,20,9,20,11,19,11,20,10,18,6,22,13,18,11,20,10,13,11,19,11,17,14,18,11,15,15,15,17,13,16,11,18,13,17,12,14,10,20,6,15,10,14,5,13,8,16,4,15,5,14,3,14,1,15,0,12,-1,12,-1,11,0,0,0,0,0,0,0,0,0,0]"""
1782116239650,2026-06-22T17:17:19.650,safe,transition,yja,stand_to_sit,t007,"CSI_DATA,1075775,1a:00:00:00:00:00,-63,11,-99,17,48,11,-1043496606,47,2,256,0,""[0,0,0,0,0,0,0,0,0,0,0,0,8,3,6,3,11,6,6,5,9,6,8,7,9,5,11,8,8,7,11,8,10,8,10,8,9,10,8,10,7,9,10,14,8,9,10,15,7,12,6,11,9,14,7,13,11,14,8,13,8,12,9,14,9,13,9,9,9,17,7,12,10,12,7,10,11,13,11,12,12,10,12,10,14,11,12,11,13,11,14,11,11,7,16,13,13,10,15,10,12,7,19,7,17,8,20,2,18,8,20,6,18,8,18,7,18,5,25,6,20,8,18,5,23,5,0,0,0,0,0,0,5,-20,4,-25,3,-19,3,-23,3,-27,3,-19,5,-29,2,-19,4,-26,0,-21,1,-22,-3,-24,0,-21,-3,-25,-1,-21,-2,-21,-3,-23,-2,-22,-3,-17,-3,-26,-4,-20,-5,-23,-4,-17,-7,-20,-8,-23,-6,-18,-10,-23,-8,-20,-7,-21,-10,-21,-10,-22,-10,-14,-7,-27,-6,-20,-8,-21,-5,-17,-11,-21,-7,-22,-10,-20,-6,-19,-7,-22,-4,-20,-4,-20,-4,-21,-4,-17,-2,-22,0,-17,-3,-19,-1,-13,-3,-18,0,-15,-3,-15,0,-13,0,-16,2,-12,2,-11,3,-10,0,0,0,0,0,0,0,0,0,0]"""
1782116239668,2026-06-22T17:17:19.668,safe,transition,yja,stand_to_sit,t007,"CSI_DATA,1075776,1a:00:00:00:00:00,-63,11,-99,20,47,11,-1043480359,47,2,256,0,""[0,0,0,0,0,0,0,0,0,0,0,0,-3,-7,-3,-9,-2,-7,-2,-12,-1,-9,0,-14,1,-11,1,-11,3,-11,2,-11,3,-12,3,-13,4,-13,5,-12,6,-13,5,-10,9,-14,5,-11,11,-16,12,-14,10,-13,11,-11,10,-8,11,-13,11,-12,11,-10,11,-9,13,-10,9,-8,13,-12,11,-8,15,-14,14,-9,11,-11,13,-11,12,-7,11,-8,11,-12,11,-12,9,-10,13,-12,9,-8,14,-14,12,-11,19,-16,15,-10,14,-13,16,-11,12,-12,14,-13,16,-18,12,-14,17,-14,16,-12,17,-16,18,-18,17,-16,0,0,0,0,0,0,-15,-18,-11,-14,-18,-25,-12,-19,-11,-14,-15,-21,-10,-16,-15,-24,-11,-15,-14,-24,-12,-21,-9,-18,-9,-20,-9,-17,-14,-20,-12,-18,-13,-18,-11,-17,-12,-20,-8,-14,-12,-20,-10,-15,-13,-24,-11,-22,-10,-17,-10,-19,-7,-16,-14,-20,-12,-19,-11,-18,-8,-18,-9,-22,-7,-16,-11,-22,-7,-19,-9,-28,-3,-24,-5,-22,-2,-22,-1,-19,-2,-18,-3,-22,-2,-21,0,-17,1,-20,0,-15,1,-20,1,-16,7,-21,7,-14,6,-14,9,-12,7,-11,7,-11,8,-12,7,-9,9,-9,0,0,0,0,0,0,0,0,0,0]"""
1782116239677,2026-06-22T17:17:19.677,safe,transition,yja,stand_to_sit,t007,"CSI_DATA,1075777,1a:00:00:00:00:00,-63,11,-99,17,48,11,-1043474156,47,2,256,0,""[0,0,0,0,0,0,0,0,0,0,0,0,-2,9,-3,7,-6,8,-5,7,-8,8,-6,8,-5,9,-9,10,-9,8,-9,10,-10,8,-9,10,-10,8,-11,7,-11,5,-17,7,-14,5,-17,4,-13,3,-13,5,-17,7,-15,3,-17,7,-14,4,-14,5,-15,5,-17,3,-15,1,-18,0,-15,0,-16,0,-12,2,-14,3,-15,3,-14,5,-17,5,-17,5,-17,3,-17,6,-18,5,-15,5,-20,3,-17,3,-16,5,-12,4,-17,9,-16,8,-16,12,-19,7,-17,9,-18,5,-19,7,-18,7,-20,8,-20,5,-18,8,-21,8,0,0,0,0,0,0,5,22,6,25,5,18,3,23,6,27,1,22,3,26,4,18,4,26,6,20,6,19,9,22,7,20,11,22,6,20,10,18,10,19,6,20,6,18,6,25,6,19,5,23,6,17,8,18,10,21,8,21,10,22,6,20,10,19,11,20,9,22,6,18,5,27,3,20,3,21,5,17,6,21,3,21,8,20,5,23,2,22,0,20,1,21,0,21,-2,18,-5,19,-6,16,-5,16,-2,11,-4,16,-5,15,-3,14,-6,13,-5,13,-8,9,-6,10,-8,8,0,0,0,0,0,0,0,0,0,0]"""
1782116239687,2026-06-22T17:17:19.687,safe,transition,yja,stand_to_sit,t007,"CSI_DATA,1075778,1a:00:00:00:00:00,-63,11,-99,18,48,11,-1043460712,47,2,256,0,""[0,0,0,0,0,0,0,0,0,0,0,0,5,-6,6,-7,5,-6,6,-7,7,-8,8,-8,7,-7,9,-5,11,-9,11,-6,12,-6,12,-6,12,-6,12,-7,15,-8,11,-7,12,-7,14,-7,14,-6,14,-9,12,-6,16,-9,15,-4,15,-5,16,-6,14,-4,14,-5,15,-6,13,-9,12,-11,13,-8,14,-9,13,-9,13,-10,14,-9,12,-11,12,-10,10,-11,10,-12,11,-11,12,-12,6,-15,7,-14,10,-17,9,-17,7,-14,6,-17,9,-16,6,-19,8,-21,6,-20,4,-21,6,-20,4,-20,3,-24,4,-23,5,-25,0,0,0,0,0,0,-25,-1,-25,-3,-25,-2,-23,-1,-22,-1,-22,-1,-22,0,-23,1,-23,0,-22,0,-23,1,-20,0,-23,4,-22,0,-22,2,-21,3,-20,4,-20,4,-22,4,-18,9,-17,9,-21,7,-21,9,-19,9,-19,8,-20,11,-19,9,-15,11,-21,11,-17,10,-18,9,-22,10,-16,14,-17,14,-19,12,-20,14,-19,10,-18,12,-20,9,-17,11,-20,9,-17,11,-19,9,-17,7,-19,6,-15,10,-15,9,-19,5,-17,6,-13,3,-14,4,-14,2,-14,4,-14,0,-12,1,-12,1,-12,0,0,0,0,0,0,0,0,0,0,0]"""
1782116239698,2026-06-22T17:17:19.698,safe,transition,yja,stand_to_sit,t007,"CSI_DATA,1075779,1a:00:00:00:00:00,-63,11,-99,16,48,11,-1043452607,47,2,256,0,""[0,0,0,0,0,0,0,0,0,0,0,0,-7,3,-9,5,-7,3,-10,2,-9,2,-12,1,-11,1,-11,1,-13,1,-10,-1,-12,-2,-14,-3,-12,-3,-14,-5,-16,-6,-11,-2,-16,-3,-14,-5,-15,-8,-14,-7,-11,-5,-16,-8,-11,-7,-11,-9,-12,-11,-12,-10,-11,-11,-14,-11,-12,-6,-12,-9,-12,-8,-14,-11,-11,-10,-12,-8,-12,-10,-14,-8,-12,-7,-13,-7,-11,-9,-11,-9,-13,-11,-16,-4,-17,-6,-16,-10,-22,-10,-14,-9,-18,-7,-17,-10,-18,-7,-17,-10,-20,-9,-20,-7,-20,-9,-18,-10,-20,-9,-21,-12,-18,-9,0,0,0,0,0,0,-12,23,-11,18,-14,23,-11,20,-11,18,-14,21,-10,16,-13,21,-11,16,-14,21,-13,20,-12,16,-11,22,-13,15,-12,17,-13,18,-12,17,-13,16,-14,19,-8,16,-8,21,-11,18,-12,20,-11,19,-10,15,-10,20,-11,15,-12,18,-13,17,-12,17,-13,16,-15,20,-9,16,-11,19,-12,18,-17,19,-14,14,-14,16,-16,15,-16,15,-15,12,-16,13,-16,10,-16,9,-19,8,-13,9,-16,10,-16,6,-19,5,-13,3,-15,4,-14,1,-14,1,-13,0,-12,0,-12,-1,-11,-2,0,0,0,0,0,0,0,0,0,0]"""
1782116239708,2026-06-22T17:17:19.708,safe,transition,yja,stand_to_sit,t007,"CSI_DATA,1075780,1a:00:00:00:00:00,-63,11,-99,20,47,11,-1043440652,47,2,256,0,""[0,0,0,0,0,0,0,0,0,0,0,0,7,3,9,5,7,4,7,5,8,7,8,7,7,7,7,8,10,11,6,10,7,11,6,13,5,11,6,14,5,16,9,11,8,12,7,14,5,14,3,15,0,16,5,16,1,17,3,14,1,16,2,15,3,16,3,17,5,14,5,15,5,15,3,14,3,14,3,14,3,16,7,15,5,14,5,14,5,15,5,15,5,16,11,13,12,12,9,16,10,17,7,15,10,17,8,18,12,16,11,18,12,16,14,16,14,18,14,16,16,16,12,18,13,18,0,0,0,0,0,0,20,-15,20,-16,18,-14,18,-16,19,-14,18,-16,16,-16,17,-16,16,-14,17,-14,16,-15,18,-11,18,-19,18,-12,16,-14,17,-14,16,-12,18,-15,18,-17,11,-18,12,-19,14,-17,14,-14,13,-14,14,-12,14,-20,14,-14,14,-16,16,-16,14,-15,16,-16,16,-18,10,-17,12,-18,15,-18,16,-16,16,-15,15,-14,18,-12,18,-16,16,-13,14,-12,16,-11,16,-11,18,-9,13,-12,14,-10,16,-8,16,-7,14,-5,14,-4,13,-1,15,-3,12,-1,12,-2,12,0,11,0,0,0,0,0,0,0,0,0,0,0]"""
1782116239717,2026-06-22T17:17:19.717,safe,transition,yja,stand_to_sit,t007,"CSI_DATA,1075781,1a:00:00:00:00:00,-63,11,-99,16,48,11,-1043430607,47,2,256,0,""[0,0,0,0,0,0,0,0,0,0,0,0,2,9,2,9,3,10,1,9,0,10,0,9,1,11,0,13,0,12,-2,13,-3,13,-4,13,-5,12,-5,14,-6,11,-6,16,-5,14,-9,14,-7,11,-5,12,-7,12,-8,14,-11,14,-11,11,-11,12,-10,12,-12,12,-11,11,-11,13,-10,11,-11,11,-8,10,-9,12,-9,12,-9,12,-9,14,-11,14,-10,12,-10,13,-11,13,-10,13,-9,15,-9,14,-10,15,-8,14,-7,16,-9,18,-9,18,-8,18,-11,18,-11,16,-11,19,-10,18,-10,19,-12,18,-9,18,-11,21,0,0,0,0,0,0,18,13,22,15,18,10,20,12,22,15,16,14,20,14,17,12,18,14,18,12,19,10,19,12,22,11,20,12,17,14,19,13,17,12,18,13,18,12,21,10,16,10,20,12,16,9,18,9,19,11,20,10,22,12,17,13,18,11,18,11,18,13,18,13,21,14,17,12,19,14,16,12,16,13,16,12,18,12,18,14,15,16,11,16,12,16,11,18,9,16,11,16,7,14,7,18,5,12,6,14,4,14,5,14,3,14,1,14,0,12,0,12,-1,11,0,0,0,0,0,0,0,0,0,0]"""
1782116239728,2026-06-22T17:17:19.728,safe,transition,yja,stand_to_sit,t007,"CSI_DATA,1075782,1a:00:00:00:00:00,-63,11,-99,19,47,11,-1043419218,47,2,256,0,""[0,0,0,0,0,0,0,0,0,0,0,0,8,-2,10,-2,9,0,10,0,8,0,14,1,12,4,10,3,12,5,11,3,14,4,14,3,14,4,12,2,12,6,12,7,14,9,13,6,15,11,12,11,11,9,10,11,11,10,14,10,13,8,12,10,12,11,12,10,10,10,12,11,11,11,12,14,12,13,9,10,12,11,9,13,12,7,15,9,15,6,13,6,14,10,14,8,15,10,15,8,20,10,16,12,17,11,16,12,16,10,18,6,21,8,17,7,20,10,20,12,22,7,22,10,20,11,0,0,0,0,0,0,12,-22,8,-19,12,-25,12,-21,8,-18,12,-22,8,-18,11,-22,8,-19,13,-25,14,-22,10,-20,11,-18,9,-18,7,-22,6,-20,4,-21,6,-19,7,-20,8,-19,8,-21,6,-19,8,-24,10,-22,6,-20,8,-18,6,-19,4,-23,4,-22,4,-22,5,-20,7,-21,6,-19,8,-22,8,-20,10,-24,13,-20,11,-19,12,-18,12,-14,10,-16,10,-20,10,-18,10,-14,12,-14,12,-13,13,-15,12,-12,16,-12,15,-9,13,-8,14,-5,12,-4,12,-5,12,-6,10,-5,11,-3,0,0,0,0,0,0,0,0,0,0]"""
1782116239740,2026-06-22T17:17:19.740,safe,transition,yja,stand_to_sit,t007,"CSI_DATA,1075783,1a:00:00:00:00:00,-63,11,-99,15,48,11,-1043408512,47,2,256,0,""[0,0,0,0,0,0,0,0,0,0,0,0,-9,0,-10,0,-10,-1,-10,-2,-10,-1,-10,-2,-11,-4,-10,-6,-12,-5,-10,-7,-10,-7,-11,-10,-10,-9,-10,-10,-10,-11,-12,-10,-11,-10,-12,-12,-8,-11,-9,-14,-10,-15,-10,-14,-8,-16,-8,-14,-6,-14,-7,-14,-8,-14,-8,-16,-9,-12,-10,-13,-9,-13,-6,-12,-8,-12,-8,-12,-8,-14,-10,-14,-9,-15,-10,-12,-10,-14,-10,-13,-10,-13,-14,-12,-14,-12,-12,-13,-12,-13,-11,-14,-13,-14,-14,-16,-14,-14,-14,-15,-15,-12,-16,-15,-17,-16,-16,-16,-18,-12,-18,-16,-16,-15,0,0,0,0,0,0,-16,17,-18,17,-16,14,-17,17,-19,18,-18,16,-15,17,-16,18,-16,15,-18,15,-16,16,-19,13,-17,18,-18,13,-16,14,-16,14,-14,15,-16,16,-15,15,-13,18,-12,18,-14,18,-13,15,-13,16,-14,14,-14,18,-16,14,-14,16,-15,16,-14,17,-16,18,-16,16,-13,19,-14,18,-15,17,-16,15,-16,14,-16,13,-17,13,-18,14,-20,12,-16,10,-18,9,-18,9,-17,8,-16,10,-16,8,-18,6,-16,4,-15,3,-15,2,-16,1,-14,1,-14,0,-13,0,-12,-1,-10,-2,0,0,0,0,0,0,0,0,0,0]"""
1782116239752,2026-06-22T17:17:19.752,safe,transition,yja,stand_to_sit,t007,"CSI_DATA,1075784,1a:00:00:00:00:00,-63,11,-99,17,48,11,-1043394808,47,2,256,0,""[0,0,0,0,0,0,0,0,0,0,0,0,-7,3,-10,4,-8,2,-10,4,-9,4,-11,1,-11,3,-10,0,-13,2,-12,0,-13,0,-13,-1,-13,1,-15,0,-17,0,-12,1,-15,1,-16,0,-15,0,-15,0,-12,-1,-17,2,-16,-2,-16,0,-17,0,-15,0,-15,0,-17,0,-13,5,-15,4,-16,1,-17,5,-15,3,-15,4,-15,4,-15,6,-15,4,-13,6,-13,6,-15,7,-15,8,-11,11,-11,11,-14,12,-15,14,-12,11,-11,13,-13,13,-12,15,-13,17,-11,18,-11,17,-13,17,-10,18,-8,22,-10,22,-10,22,0,0,0,0,0,0,24,10,23,8,24,8,22,7,19,8,23,7,22,3,25,4,22,3,23,5,23,4,20,5,23,1,22,3,21,2,22,0,21,0,22,0,23,0,18,-5,20,-6,22,-4,22,-5,21,-6,19,-5,21,-8,20,-5,20,-8,21,-8,18,-7,20,-6,23,-8,16,-12,17,-13,20,-10,22,-12,19,-6,19,-10,22,-8,18,-10,19,-8,18,-10,19,-8,17,-7,18,-6,15,-8,17,-9,18,-6,17,-5,14,-3,15,-4,14,-1,13,-4,13,-1,13,-1,11,0,12,0,0,0,0,0,0,0,0,0,0,0]"""
1782116239764,2026-06-22T17:17:19.764,safe,transition,yja,stand_to_sit,t007,"CSI_DATA,1075785,1a:00:00:00:00:00,-63,11,-99,16,48,11,-1043383685,47,2,256,0,""[0,0,0,0,0,0,0,0,0,0,0,0,-7,-6,-6,-5,-7,-7,-6,-6,-7,-10,-7,-6,-9,-6,-9,-9,-9,-9,-10,-10,-6,-11,-8,-10,-8,-11,-7,-13,-7,-12,-9,-14,-7,-11,-7,-14,-7,-9,-10,-12,-12,-12,-11,-13,-12,-12,-6,-14,-8,-14,-9,-12,-7,-14,-9,-11,-11,-15,-8,-11,-9,-12,-9,-8,-12,-10,-13,-9,-14,-8,-14,-6,-16,-9,-12,-9,-15,-7,-15,-9,-14,-7,-18,-7,-14,-5,-18,-7,-14,-1,-18,0,-19,0,-19,2,-21,0,-22,0,-20,-3,-22,-1,-20,2,-22,2,-22,-1,-20,3,-22,3,0,0,0,0,0,0,4,22,5,27,3,19,6,22,9,26,3,20,7,25,7,18,8,24,9,16,11,18,14,19,16,18,15,20,9,19,13,16,15,15,14,18,12,16,18,16,14,12,17,16,14,11,18,10,18,9,20,9,22,9,16,13,20,11,20,9,20,11,18,8,24,10,18,7,21,9,16,6,21,5,22,6,22,4,22,5,21,7,17,10,19,9,20,11,16,9,18,10,12,7,15,9,11,5,14,7,14,5,14,5,12,7,12,7,8,9,9,7,7,8,0,0,0,0,0,0,0,0,0,0]"""
1782116239781,2026-06-22T17:17:19.781,safe,transition,yja,stand_to_sit,t007,"CSI_DATA,1075786,1a:00:00:00:00:00,-63,11,-99,20,47,11,-1043366377,47,2,256,0,""[0,0,0,0,0,0,0,0,0,0,0,0,-7,1,-11,0,-7,0,-10,0,-9,0,-12,-1,-12,-3,-9,-5,-13,-4,-9,-6,-12,-5,-14,-5,-12,-6,-11,-6,-14,-9,-10,-5,-15,-9,-12,-7,-14,-11,-14,-11,-11,-11,-12,-10,-9,-11,-12,-9,-12,-10,-12,-10,-11,-10,-13,-12,-11,-5,-15,-8,-11,-8,-15,-11,-11,-11,-13,-9,-12,-10,-14,-9,-12,-7,-16,-5,-14,-5,-13,-5,-15,-8,-14,-1,-20,-3,-14,-5,-24,-5,-15,-8,-19,-5,-19,-7,-18,-3,-20,-2,-22,0,-21,0,-24,-1,-19,-3,-22,2,-25,-1,-22,-1,0,0,0,0,0,0,-1,25,-1,20,0,29,-1,23,0,19,0,28,2,17,2,27,0,18,1,27,-1,25,-3,21,2,23,-1,19,2,24,3,24,4,20,3,19,3,24,7,15,9,22,4,19,7,24,5,22,2,20,6,22,4,19,9,20,9,20,7,19,5,19,6,25,8,14,11,20,6,20,9,26,2,21,5,20,1,22,4,22,3,20,7,22,5,18,4,16,0,18,5,15,4,20,-1,16,0,22,-1,14,-1,16,-3,14,-2,14,-3,11,-1,14,-3,12,-4,10,0,0,0,0,0,0,0,0,0,0]"""
1782116239791,2026-06-22T17:17:19.791,safe,transition,yja,stand_to_sit,t007,"CSI_DATA,1075787,1a:00:00:00:00:00,-63,11,-99,21,47,11,-1043363394,47,2,256,0,""[0,0,0,0,0,0,0,0,0,0,0,0,8,0,11,1,8,1,11,1,8,1,14,3,12,5,9,3,11,5,10,4,13,6,13,5,13,5,12,5,13,9,10,6,15,10,11,7,17,11,11,11,8,10,11,10,10,10,14,10,14,9,12,11,11,8,13,13,10,7,15,11,11,9,16,11,12,11,12,7,13,8,12,8,12,6,17,5,15,5,13,5,16,6,13,3,19,5,15,5,22,6,17,7,20,3,19,5,17,3,18,1,22,0,20,0,22,1,22,3,22,-1,25,0,23,0,0,0,0,0,0,0,-1,-24,0,-17,-2,-31,0,-23,-1,-16,0,-27,-2,-19,-1,-27,-3,-17,-2,-29,-1,-26,-2,-20,-2,-20,-3,-18,-6,-23,-7,-22,-8,-19,-5,-18,-6,-22,-6,-15,-8,-23,-7,-17,-11,-25,-10,-23,-8,-19,-7,-18,-8,-17,-11,-20,-12,-18,-11,-19,-10,-17,-11,-22,-8,-15,-13,-20,-10,-17,-13,-25,-6,-22,-10,-19,-6,-20,-5,-18,-6,-17,-10,-20,-9,-18,-6,-15,-5,-19,-5,-14,-6,-20,-3,-15,-2,-22,0,-16,-1,-15,1,-15,0,-12,0,-11,0,-14,0,-11,1,-11,0,0,0,0,0,0,0,0,0,0]"""
1782116239800,2026-06-22T17:17:19.800,safe,transition,yja,stand_to_sit,t007,"CSI_DATA,1075788,1a:00:00:00:00:00,-63,11,-99,15,48,11,-1043352716,47,2,256,0,""[0,0,0,0,0,0,0,0,0,0,0,0,8,2,8,3,10,4,9,4,10,6,8,6,9,4,10,7,10,6,12,7,8,10,7,9,9,10,10,12,9,12,10,12,8,11,8,14,9,12,9,10,10,12,12,13,9,14,6,15,8,14,8,14,7,15,7,14,10,14,8,12,8,14,10,11,11,12,12,11,12,12,12,10,12,12,10,12,12,11,12,12,12,11,14,11,12,10,15,11,12,9,16,8,16,7,17,8,20,8,20,10,18,11,18,9,19,8,22,9,20,12,21,8,22,9,0,0,0,0,0,0,10,-24,10,-24,8,-20,9,-23,10,-24,10,-19,9,-25,6,-20,9,-24,4,-20,4,-21,4,-22,2,-23,5,-24,8,-20,6,-20,4,-22,5,-23,2,-22,2,-22,0,-19,2,-22,-2,-20,-1,-22,0,-22,-4,-24,0,-23,2,-22,0,-23,0,-22,0,-24,0,-21,0,-25,0,-21,0,-22,-1,-19,-2,-23,-2,-22,-4,-22,-1,-23,0,-21,5,-18,3,-20,5,-20,4,-19,2,-18,4,-15,6,-18,2,-14,5,-14,4,-14,4,-14,5,-12,6,-12,7,-10,6,-8,7,-7,0,0,0,0,0,0,0,0,0,0]"""
1782116239809,2026-06-22T17:17:19.809,safe,transition,yja,stand_to_sit,t007,"CSI_DATA,1075789,1a:00:00:00:00:00,-63,11,-99,16,48,11,-1043342607,47,2,256,0,""[0,0,0,0,0,0,0,0,0,0,0,0,6,6,5,8,5,9,5,8,3,9,4,9,3,11,1,10,3,13,0,13,1,13,0,13,0,14,0,14,-1,15,1,16,0,16,0,15,-1,14,-1,16,-3,14,-2,17,-5,16,-3,15,-5,15,-4,14,-3,16,-4,17,-1,16,-1,14,-1,16,-3,14,-3,14,-4,16,-4,16,-1,17,-3,16,0,16,-1,15,0,16,-1,18,3,16,4,18,0,18,1,18,0,18,2,18,0,20,3,19,1,21,3,20,4,22,3,22,5,22,6,22,3,22,3,21,0,0,0,0,0,0,24,-3,25,-3,21,-4,25,-5,25,-3,22,-4,21,-5,22,-5,22,-5,22,-3,21,-5,22,-1,23,-7,22,-3,20,-5,22,-4,21,-3,22,-5,22,-5,20,-9,20,-11,21,-9,18,-6,20,-7,21,-4,22,-9,22,-7,20,-7,20,-7,20,-7,22,-7,22,-8,21,-10,20,-10,21,-9,21,-6,20,-5,21,-5,21,-2,22,-5,22,-1,20,-3,20,-1,18,0,19,1,18,-3,17,-1,18,0,17,1,14,3,15,3,13,5,14,3,13,6,11,5,11,5,11,6,0,0,0,0,0,0,0,0,0,0]"""
1782116239819,2026-06-22T17:17:19.819,safe,transition,yja,stand_to_sit,t007,"CSI_DATA,1075790,1a:00:00:00:00:00,-63,11,-99,17,48,11,-1043331607,47,2,256,0,""[0,0,0,0,0,0,0,0,0,0,0,0,-1,7,-3,10,-3,8,-3,10,-4,11,-5,9,-7,10,-6,8,-7,11,-9,8,-9,8,-11,8,-10,8,-11,9,-13,10,-10,8,-11,9,-13,10,-11,8,-15,8,-14,8,-15,9,-15,5,-13,6,-16,7,-14,5,-15,6,-16,6,-12,10,-13,9,-15,7,-14,9,-13,6,-13,8,-15,8,-15,9,-13,9,-12,10,-12,9,-12,10,-13,10,-10,13,-10,13,-15,14,-13,13,-11,10,-13,13,-15,11,-13,17,-15,15,-12,17,-14,17,-13,18,-14,16,-13,20,-15,17,-13,18,0,0,0,0,0,0,22,16,19,15,18,15,19,14,16,15,18,16,18,12,20,13,19,14,17,15,17,14,15,13,21,13,17,13,17,13,18,13,18,13,18,11,20,13,17,8,20,8,20,10,18,8,18,9,18,10,22,9,18,11,18,8,20,11,18,10,19,10,20,13,20,6,20,5,20,10,22,10,17,11,19,11,18,12,18,12,15,13,17,10,14,13,14,11,12,15,13,10,13,11,11,13,10,15,7,11,8,12,5,12,7,13,5,13,5,12,3,11,1,11,0,0,0,0,0,0,0,0,0,0]"""
1782116239830,2026-06-22T17:17:19.830,safe,transition,yja,stand_to_sit,t007,"CSI_DATA,1075791,1a:00:00:00:00:00,-63,11,-99,21,47,11,-1043317690,47,2,256,0,""[0,0,0,0,0,0,0,0,0,0,0,0,3,7,3,8,3,9,4,10,3,10,3,12,3,11,4,10,2,10,3,12,3,13,3,11,3,14,2,13,3,12,3,15,3,13,5,15,5,16,1,18,3,18,3,14,4,16,5,17,5,16,4,15,5,14,6,13,5,15,6,14,7,13,8,15,10,15,9,13,10,13,8,11,11,11,13,11,13,11,11,9,13,8,13,9,14,8,17,8,17,8,18,7,18,6,18,5,18,5,22,5,22,4,18,3,19,3,23,3,24,1,22,0,25,0,0,0,0,0,0,0,-2,-25,-3,-23,-5,-25,-4,-22,-5,-20,-6,-22,-7,-24,-7,-23,-9,-21,-8,-23,-10,-22,-12,-20,-9,-17,-11,-19,-14,-19,-12,-17,-14,-17,-15,-16,-13,-13,-14,-15,-16,-14,-17,-13,-18,-13,-20,-14,-20,-11,-17,-11,-19,-10,-22,-10,-20,-10,-19,-8,-19,-8,-18,-6,-22,-8,-20,-7,-20,-6,-23,-8,-23,-7,-22,-7,-21,-6,-18,-6,-19,-6,-21,-6,-18,-6,-15,-5,-15,-5,-17,-6,-17,-6,-17,-5,-17,-8,-17,-6,-15,-5,-12,-5,-11,-6,-12,-6,-13,-6,-8,-7,-8,-5,0,0,0,0,0,0,0,0,0,0]"""
1782116239841,2026-06-22T17:17:19.841,safe,transition,yja,stand_to_sit,t007,"CSI_DATA,1075792,1a:00:00:00:00:00,-63,11,-99,19,47,11,-1043306505,47,2,256,0,""[0,0,0,0,0,0,0,0,0,0,0,0,4,8,4,9,3,8,4,10,4,8,4,10,3,12,2,12,4,13,1,12,0,13,1,16,2,13,2,15,2,16,3,13,4,16,4,15,2,14,3,17,2,18,4,15,3,16,3,14,3,16,4,15,4,15,5,17,7,12,8,14,8,14,9,14,6,12,10,13,8,13,12,13,10,12,12,12,12,10,12,9,13,10,15,6,16,6,17,7,18,8,14,7,20,4,19,6,20,4,21,3,20,0,22,2,23,1,22,0,23,-4,23,-2,24,-2,0,0,0,0,0,0,-6,-26,-7,-24,-7,-24,-7,-22,-6,-22,-8,-23,-10,-19,-11,-23,-10,-20,-10,-22,-11,-20,-10,-20,-16,-18,-11,-19,-14,-17,-15,-18,-14,-15,-15,-14,-17,-16,-18,-10,-21,-10,-19,-12,-20,-10,-19,-9,-18,-10,-23,-7,-20,-10,-20,-6,-22,-6,-21,-6,-21,-7,-22,-7,-20,0,-22,0,-24,-4,-23,-3,-19,-4,-21,-2,-22,-5,-22,-2,-20,-4,-20,-1,-20,-2,-18,-3,-19,-4,-18,0,-18,0,-18,-4,-18,-4,-15,-2,-16,-4,-13,-5,-15,-3,-11,-4,-12,-4,-11,-4,-10,-5,0,0,0,0,0,0,0,0,0,0]"""
1782116239851,2026-06-22T17:17:19.851,safe,transition,yja,stand_to_sit,t007,"CSI_DATA,1075793,1a:00:00:00:00:00,-63,11,-99,18,48,11,-1043298362,47,2,256,0,""[0,0,0,0,0,0,0,0,0,0,0,0,-7,3,-8,3,-8,4,-8,4,-10,4,-9,2,-11,3,-11,1,-13,3,-12,0,-12,0,-12,-1,-14,0,-15,-1,-15,-1,-14,0,-15,0,-16,-1,-15,-1,-16,-3,-15,-4,-17,-1,-15,-6,-15,-4,-17,-4,-14,-4,-16,-4,-16,-5,-16,0,-16,0,-15,-3,-17,-1,-15,-1,-16,0,-16,-1,-16,0,-16,-1,-14,0,-15,0,-17,1,-19,0,-17,4,-16,3,-19,3,-17,3,-14,2,-18,4,-19,3,-19,7,-21,5,-19,9,-20,6,-21,7,-20,7,-20,11,-22,7,-22,10,0,0,0,0,0,0,10,23,10,23,11,22,9,21,9,22,9,22,11,21,12,21,11,20,7,20,10,20,7,20,13,20,9,20,9,18,8,19,11,19,12,20,11,20,15,14,14,14,14,16,12,17,14,15,12,17,17,17,12,17,13,16,14,17,14,15,14,17,14,17,17,14,17,14,15,17,14,17,12,16,14,16,13,19,14,17,9,17,11,15,11,18,9,17,9,17,10,15,10,15,6,17,6,15,3,13,3,14,2,14,4,14,1,14,1,12,0,12,0,11,0,0,0,0,0,0,0,0,0,0]"""
1782116239861,2026-06-22T17:17:19.861,safe,transition,yja,stand_to_sit,t007,"CSI_DATA,1075794,1a:00:00:00:00:00,-63,11,-99,16,48,11,-1043287607,47,2,256,0,""[0,0,0,0,0,0,0,0,0,0,0,0,-5,7,-7,6,-9,7,-8,5,-9,5,-10,6,-12,4,-11,4,-10,2,-12,4,-12,3,-12,2,-14,1,-13,1,-12,0,-16,-4,-14,-3,-15,-4,-16,-5,-16,-7,-18,-5,-12,-5,-15,-6,-15,-5,-15,-4,-14,-6,-13,-8,-11,-7,-13,-10,-12,-11,-12,-9,-12,-9,-14,-9,-14,-9,-14,-8,-12,-9,-13,-9,-14,-9,-14,-9,-15,-9,-15,-7,-12,-12,-13,-12,-16,-8,-12,-11,-17,-11,-14,-11,-16,-9,-15,-12,-17,-11,-17,-12,-14,-12,-14,-13,-18,-14,-17,-14,-16,-12,-18,-16,0,0,0,0,0,0,-17,15,-19,17,-16,16,-20,12,-20,16,-18,12,-22,14,-19,13,-20,12,-20,12,-20,11,-19,13,-18,9,-18,14,-17,12,-16,12,-18,14,-18,13,-16,11,-22,9,-20,9,-19,9,-20,9,-19,9,-20,12,-19,5,-18,10,-18,11,-19,11,-19,11,-19,9,-19,8,-24,3,-22,4,-20,3,-22,3,-24,4,-22,2,-22,3,-21,-1,-21,0,-21,-1,-21,-2,-20,-3,-18,-2,-18,-7,-15,-9,-16,-6,-12,-7,-14,-9,-11,-9,-11,-9,-9,-10,-9,-10,-7,-9,-6,-9,-5,-9,0,0,0,0,0,0,0,0,0,0]"""
1782116239871,2026-06-22T17:17:19.871,safe,transition,yja,stand_to_sit,t007,"CSI_DATA,1075795,1a:00:00:00:00:00,-63,11,-99,21,47,11,-1043276046,47,2,256,0,""[0,0,0,0,0,0,0,0,0,0,0,0,-2,7,-5,10,-3,6,-6,10,-3,7,-7,10,-8,9,-7,7,-7,8,-8,5,-10,10,-10,9,-11,10,-10,9,-15,10,-8,6,-13,9,-10,8,-16,11,-16,7,-15,6,-13,9,-11,5,-15,10,-15,9,-13,9,-11,7,-15,8,-9,8,-13,11,-10,8,-17,13,-15,8,-13,10,-13,9,-11,10,-8,8,-10,14,-10,13,-8,12,-12,14,-5,11,-8,17,-8,13,-12,22,-10,15,-8,18,-11,16,-8,17,-6,17,-7,22,-3,18,-8,23,-6,18,-5,23,-6,26,-8,21,0,0,0,0,0,0,25,6,18,4,32,6,22,7,15,2,27,5,18,3,29,4,17,1,28,3,23,4,20,3,20,3,18,3,23,0,22,0,22,-1,20,0,25,0,15,-2,25,-3,17,-2,28,-5,23,-2,20,-2,22,-3,16,-3,22,-6,21,-6,20,-5,18,-3,24,-5,16,-6,23,-8,17,-5,30,-8,23,-1,22,-5,22,-1,18,-1,17,-2,20,-5,21,-4,17,-2,20,0,14,-3,21,-3,15,0,22,1,15,3,15,1,13,5,11,2,12,3,13,3,11,2,10,4,0,0,0,0,0,0,0,0,0,0]"""
1782116239885,2026-06-22T17:17:19.885,safe,transition,yja,stand_to_sit,t007,"CSI_DATA,1075796,1a:00:00:00:00:00,-63,11,-99,16,48,11,-1043262350,47,2,256,0,""[0,0,0,0,0,0,0,0,0,0,0,0,-8,1,-8,0,-11,0,-9,-1,-11,-1,-12,-1,-11,-1,-12,0,-9,-3,-13,-1,-12,-1,-13,-1,-13,-3,-12,-3,-12,-5,-15,-7,-13,-6,-12,-6,-14,-7,-14,-8,-16,-5,-11,-9,-15,-6,-14,-6,-15,-5,-14,-4,-14,-5,-14,-4,-14,-9,-13,-9,-14,-6,-13,-5,-16,-5,-15,-5,-15,-3,-14,-5,-16,-1,-16,-2,-18,-1,-18,0,-16,0,-18,-3,-17,-1,-18,0,-17,0,-20,1,-18,1,-19,3,-20,0,-18,3,-22,3,-19,4,-20,3,-23,5,-20,4,-22,4,-23,4,0,0,0,0,0,0,4,23,7,24,7,24,6,23,9,22,8,22,8,24,7,23,9,23,9,22,9,22,11,22,8,20,12,19,13,18,14,15,14,18,12,17,12,14,12,20,12,18,13,16,14,16,14,18,16,16,13,16,16,14,18,14,17,12,19,12,17,13,17,11,16,18,16,16,16,13,14,14,17,17,14,16,17,14,12,16,14,14,14,14,14,15,12,14,12,14,9,16,7,16,10,14,7,14,9,14,7,12,6,12,3,12,5,12,4,12,4,11,3,11,0,0,0,0,0,0,0,0,0,0]"""
1782116239895,2026-06-22T17:17:19.895,safe,transition,yja,stand_to_sit,t007,"CSI_DATA,1075797,1a:00:00:00:00:00,-63,11,-99,16,48,11,-1043254033,47,2,256,0,""[0,0,0,0,0,0,0,0,0,0,0,0,9,-2,7,-1,11,-2,9,0,11,0,9,-1,10,-3,12,-1,13,-1,14,0,12,1,12,0,13,1,13,3,13,3,16,2,14,2,17,5,13,2,12,3,15,4,16,1,18,3,14,6,15,4,16,3,16,4,15,3,16,4,14,3,16,4,12,1,14,1,15,0,15,-1,18,-3,18,-1,16,1,16,-1,19,0,17,-1,19,-3,16,-3,18,-2,14,-4,16,-8,16,-7,16,-11,18,-10,19,-12,18,-6,20,-10,19,-11,20,-13,21,-8,16,-9,20,-13,0,0,0,0,0,0,-11,-20,-14,-23,-9,-16,-13,-19,-17,-24,-9,-19,-14,-24,-11,-16,-14,-22,-13,-14,-16,-14,-16,-15,-19,-14,-18,-16,-13,-17,-16,-14,-17,-13,-16,-16,-14,-13,-21,-14,-16,-9,-18,-15,-15,-8,-18,-7,-19,-9,-21,-7,-24,-9,-17,-11,-20,-10,-21,-9,-21,-11,-18,-7,-24,-12,-17,-9,-20,-10,-14,-6,-19,-7,-20,-7,-22,-6,-22,-6,-21,-9,-15,-11,-18,-10,-17,-12,-14,-11,-16,-11,-11,-11,-14,-12,-10,-7,-12,-9,-12,-8,-12,-8,-11,-9,-10,-11,-5,-11,-6,-9,-5,-10,0,0,0,0,0,0,0,0,0,0]"""
1782116239906,2026-06-22T17:17:19.906,safe,transition,yja,stand_to_sit,t007,"CSI_DATA,1075798,1a:00:00:00:00:00,-63,11,-99,18,48,11,-1043243537,47,2,256,0,""[0,0,0,0,0,0,0,0,0,0,0,0,-6,-5,-7,-7,-5,-5,-6,-6,-6,-6,-7,-7,-7,-9,-5,-9,-7,-12,-4,-11,-4,-11,-4,-14,-3,-12,-4,-14,-4,-15,-7,-12,-6,-14,-5,-15,-4,-13,-4,-17,-3,-15,-5,-16,-1,-15,-3,-14,-1,-16,-2,-15,-3,-15,-4,-17,-6,-14,-6,-13,-4,-15,-4,-14,-4,-13,-4,-14,-4,-15,-7,-16,-5,-15,-7,-12,-6,-14,-9,-14,-7,-15,-13,-12,-13,-12,-12,-15,-12,-14,-10,-13,-13,-14,-12,-16,-15,-13,-15,-15,-14,-13,-17,-14,-19,-14,-17,-14,-19,-12,-19,-14,-18,-13,0,0,0,0,0,0,-14,21,-14,20,-13,19,-13,22,-14,20,-13,21,-11,19,-10,22,-11,19,-11,20,-11,19,-12,18,-9,22,-12,18,-10,19,-11,19,-9,19,-7,20,-11,21,-2,21,-2,21,-4,21,-6,19,-3,21,-7,19,-4,23,-6,20,-4,18,-5,21,-4,22,-4,22,-5,24,1,20,0,22,-3,23,-3,22,-6,19,-3,21,-7,20,-4,23,-7,20,-5,19,-5,17,-7,15,-9,17,-3,17,-4,17,-7,15,-7,15,-7,11,-8,13,-9,10,-7,12,-9,9,-9,8,-9,9,-9,7,0,0,0,0,0,0,0,0,0,0]"""
1782116239917,2026-06-22T17:17:19.917,safe,transition,yja,stand_to_sit,t007,"CSI_DATA,1075799,1a:00:00:00:00:00,-63,11,-99,16,48,11,-1043230267,47,2,256,0,""[0,0,0,0,0,0,0,0,0,0,0,0,0,9,1,8,0,10,-1,9,-2,11,-4,8,-4,11,-3,12,-4,9,-7,12,-7,11,-8,9,-9,10,-10,9,-9,9,-13,9,-10,9,-12,10,-12,7,-15,7,-17,9,-12,3,-15,7,-15,5,-15,4,-15,2,-14,3,-12,5,-18,3,-14,3,-15,3,-14,3,-17,4,-16,3,-16,3,-14,4,-16,2,-16,3,-17,1,-18,3,-16,5,-19,2,-14,1,-18,5,-15,2,-21,6,-18,4,-18,7,-20,1,-22,3,-19,1,-20,1,-20,3,-24,3,-22,0,-20,1,-24,1,0,0,0,0,0,0,0,23,0,26,0,22,1,24,0,25,-1,20,-3,27,-1,22,-2,27,-3,22,-3,22,-2,24,-4,20,-4,25,-3,21,-3,20,-5,22,-4,21,-1,18,-5,24,-2,20,-3,22,-5,20,-5,22,-3,24,-5,18,-5,22,-5,21,-7,20,-7,20,-7,20,-4,18,-11,22,-9,18,-8,21,-11,16,-11,22,-12,17,-11,18,-12,15,-14,17,-14,13,-18,11,-15,12,-12,11,-17,9,-15,6,-16,10,-14,4,-16,7,-14,3,-14,3,-13,1,-14,0,-14,-2,-11,-3,-11,-2,0,0,0,0,0,0,0,0,0,0]"""
1782116239926,2026-06-22T17:17:19.926,safe,transition,yja,stand_to_sit,t007,"CSI_DATA,1075800,1a:00:00:00:00:00,-63,11,-99,16,48,11,-1043221327,47,2,256,0,""[0,0,0,0,0,0,0,0,0,0,0,0,8,4,7,3,7,8,7,6,6,8,5,7,6,7,9,9,7,9,9,11,7,9,7,11,7,11,6,12,5,12,7,16,7,12,7,16,4,12,3,11,5,15,4,15,9,16,6,13,4,14,5,14,7,16,6,13,5,18,4,13,7,14,5,12,9,12,7,13,11,12,10,14,12,14,9,12,11,12,14,13,12,11,12,16,11,12,14,11,11,8,16,9,14,11,18,6,18,12,18,9,13,11,18,12,20,10,20,9,19,12,18,8,22,9,0,0,0,0,0,0,9,-22,10,-25,6,-17,6,-23,8,-27,7,-18,10,-25,6,-20,7,-25,5,-20,3,-18,0,-25,4,-23,1,-25,2,-19,0,-21,0,-23,2,-23,0,-20,1,-25,0,-20,-1,-23,0,-17,-2,-20,-4,-22,-1,-20,-7,-24,-4,-20,-3,-21,-6,-22,-6,-22,-7,-19,-1,-27,-1,-21,-4,-20,-1,-15,-5,-20,-3,-20,-8,-20,-4,-24,-3,-22,-1,-18,-1,-21,0,-22,-1,-20,3,-20,3,-16,0,-17,0,-11,0,-17,1,-13,-1,-16,3,-14,2,-14,3,-9,4,-11,3,-11,0,0,0,0,0,0,0,0,0,0]"""
1782116239937,2026-06-22T17:17:19.937,safe,transition,yja,stand_to_sit,t007,"CSI_DATA,1075801,1a:00:00:00:00:00,-63,11,-99,18,48,11,-1043210566,47,2,256,0,""[0,0,0,0,0,0,0,0,0,0,0,0,-6,-6,-8,-6,-5,-4,-7,-6,-6,-5,-8,-7,-8,-9,-7,-7,-9,-10,-4,-9,-7,-11,-6,-13,-6,-11,-5,-12,-7,-15,-5,-10,-7,-14,-6,-12,-7,-16,-6,-14,-4,-12,-6,-14,-4,-12,-5,-15,-4,-16,-6,-15,-4,-14,-6,-17,-5,-11,-7,-14,-6,-14,-9,-17,-7,-12,-9,-12,-8,-12,-10,-12,-8,-11,-10,-12,-9,-11,-7,-12,-11,-14,-13,-7,-15,-11,-12,-11,-20,-14,-12,-11,-19,-8,-16,-13,-16,-9,-17,-10,-20,-10,-19,-9,-20,-11,-19,-9,-19,-9,-23,-10,-20,-11,0,0,0,0,0,0,-11,25,-7,19,-8,26,-7,22,-6,17,-10,26,-5,17,-7,26,-4,19,-7,26,-6,25,-3,21,-2,24,-4,19,-4,22,-3,22,-3,21,-3,20,-3,25,1,18,1,23,0,20,0,25,2,22,3,20,3,23,1,18,1,21,1,21,3,20,0,20,1,25,5,16,6,21,3,21,5,27,1,20,5,22,3,23,2,20,1,19,2,22,0,19,0,17,-1,19,1,15,0,20,-3,16,-4,21,-2,14,-1,16,-3,13,-3,14,-4,11,-4,13,-5,11,-6,10,0,0,0,0,0,0,0,0,0,0]"""
1782116239948,2026-06-22T17:17:19.948,safe,transition,yja,stand_to_sit,t007,"CSI_DATA,1075802,1a:00:00:00:00:00,-63,11,-99,16,48,11,-1043198891,47,2,256,0,""[0,0,0,0,0,0,0,0,0,0,0,0,-9,0,-7,0,-11,-1,-8,-2,-11,-2,-9,0,-10,0,-12,-1,-12,-1,-14,-1,-12,-4,-13,-3,-12,-3,-12,-6,-11,-5,-15,-5,-12,-4,-15,-8,-12,-5,-14,-3,-15,-3,-16,-4,-16,-3,-12,-7,-13,-5,-14,-5,-15,-6,-14,-5,-16,-5,-12,-5,-15,-5,-12,-1,-14,-1,-14,-1,-15,0,-17,1,-18,0,-15,0,-16,2,-18,0,-15,0,-19,1,-16,2,-18,1,-14,4,-16,7,-16,9,-17,10,-18,11,-19,11,-18,6,-18,10,-19,10,-19,14,-21,9,-17,12,-19,14,0,0,0,0,0,0,13,18,15,23,11,16,15,18,18,20,13,17,16,21,14,14,16,20,16,11,17,11,19,12,22,12,20,12,16,13,18,10,18,9,20,12,18,11,22,9,17,7,21,10,17,6,19,4,20,3,24,3,24,4,20,7,22,5,22,2,23,5,20,3,25,5,20,4,23,3,17,1,21,1,22,1,22,0,22,0,22,1,18,5,20,3,19,6,18,5,19,5,14,6,17,6,12,3,15,4,14,3,15,2,13,3,14,6,9,7,9,6,9,6,0,0,0,0,0,0,0,0,0,0]"""
1782116239962,2026-06-22T17:17:19.962,safe,transition,yja,stand_to_sit,t007,"CSI_DATA,1075803,1a:00:00:00:00:00,-63,11,-99,16,48,11,-1043186672,47,2,256,0,""[0,0,0,0,0,0,0,0,0,0,0,0,-5,6,-6,7,-6,6,-9,6,-9,5,-10,5,-10,4,-10,2,-12,5,-12,0,-12,1,-14,1,-13,0,-14,-1,-16,-2,-12,0,-15,-1,-16,-1,-14,-3,-16,-4,-13,-3,-16,-5,-13,-7,-12,-7,-14,-9,-12,-8,-13,-9,-14,-9,-12,-6,-13,-7,-14,-7,-14,-8,-11,-9,-12,-9,-11,-9,-12,-8,-12,-8,-14,-7,-12,-8,-12,-7,-12,-10,-16,-5,-18,-5,-16,-9,-17,-11,-13,-9,-16,-9,-15,-12,-18,-9,-18,-13,-18,-12,-18,-11,-20,-11,-18,-12,-19,-11,-18,-14,-17,-13,0,0,0,0,0,0,-18,19,-18,17,-18,17,-17,18,-18,15,-19,17,-15,15,-18,16,-16,15,-18,15,-18,16,-18,10,-18,16,-19,9,-18,12,-19,12,-18,12,-18,11,-20,11,-14,14,-16,14,-18,14,-18,11,-18,11,-17,9,-20,12,-20,8,-18,11,-20,9,-18,9,-20,8,-23,7,-17,11,-20,10,-20,7,-22,7,-20,3,-21,4,-22,1,-22,2,-20,0,-19,1,-19,-1,-17,-1,-18,-3,-18,0,-17,-1,-18,-4,-16,-5,-12,-7,-13,-7,-11,-9,-11,-8,-9,-9,-8,-9,-7,-9,-6,-9,0,0,0,0,0,0,0,0,0,0]"""
1782116239974,2026-06-22T17:17:19.974,safe,transition,yja,stand_to_sit,t007,"CSI_DATA,1075804,1a:00:00:00:00:00,-63,11,-99,16,48,11,-1043173402,47,2,256,0,""[0,0,0,0,0,0,0,0,0,0,0,0,-5,6,-6,7,-5,5,-8,7,-7,7,-10,7,-10,6,-9,4,-9,4,-11,5,-11,7,-10,6,-12,7,-11,6,-15,5,-12,2,-16,3,-12,3,-18,3,-17,1,-14,2,-15,0,-13,1,-17,3,-16,3,-14,1,-14,3,-16,1,-14,1,-18,2,-14,2,-20,2,-19,0,-16,1,-16,1,-14,1,-13,3,-15,7,-14,7,-12,6,-16,5,-12,5,-17,9,-16,6,-19,8,-18,5,-17,8,-18,7,-17,6,-16,10,-19,14,-16,12,-18,11,-18,11,-18,12,-22,14,-20,11,0,0,0,0,0,0,13,22,12,18,16,24,9,21,10,15,13,22,12,18,15,23,13,16,14,22,12,20,11,18,11,18,12,16,17,16,16,14,16,14,14,14,15,16,12,13,16,16,14,12,19,18,16,17,16,14,13,15,14,12,20,12,18,12,17,11,16,11,17,15,15,12,18,15,14,13,19,18,14,18,15,16,12,18,10,15,11,13,16,16,14,16,11,12,10,16,9,12,9,16,7,14,7,18,3,16,4,14,1,14,1,12,1,12,3,13,1,11,0,11,0,0,0,0,0,0,0,0,0,0]"""
1782116239984,2026-06-22T17:17:19.984,safe,transition,yja,stand_to_sit,t007,"CSI_DATA,1075805,1a:00:00:00:00:00,-63,11,-99,17,48,11,-1043166352,47,2,256,0,""[0,0,0,0,0,0,0,0,0,0,0,0,7,5,6,5,7,5,8,6,8,6,8,8,7,8,5,8,10,10,5,11,6,11,6,12,6,11,6,11,8,13,10,10,8,12,8,13,7,12,6,13,3,14,10,13,5,16,6,14,7,13,7,13,7,15,8,15,9,11,11,12,9,13,10,11,9,11,9,11,10,11,11,11,11,11,11,10,12,10,12,9,13,10,17,6,17,6,16,8,17,8,14,7,17,6,18,8,20,3,21,6,21,3,22,3,22,4,22,4,23,1,22,3,22,1,0,0,0,0,0,0,0,-24,1,-25,0,-24,0,-24,0,-23,0,-23,-2,-23,-4,-22,-3,-22,-1,-23,-3,-22,0,-22,-6,-23,-3,-22,-3,-21,-3,-23,-6,-20,-6,-19,-6,-23,-11,-18,-11,-18,-10,-20,-10,-17,-10,-19,-7,-18,-14,-19,-10,-20,-11,-16,-11,-18,-11,-18,-11,-18,-12,-20,-15,-13,-16,-15,-15,-17,-15,-17,-11,-16,-14,-17,-11,-18,-13,-17,-11,-18,-12,-17,-11,-17,-10,-15,-8,-17,-11,-14,-10,-13,-8,-15,-6,-15,-6,-13,-6,-15,-2,-13,-5,-13,-1,-13,-3,-11,-1,-12,0,-11,0,0,0,0,0,0,0,0,0,0]"""
1782116239995,2026-06-22T17:17:19.995,safe,transition,yja,stand_to_sit,t007,"CSI_DATA,1075806,1a:00:00:00:00:00,-63,11,-99,16,48,11,-1043151817,47,2,256,0,""[0,0,0,0,0,0,0,0,0,0,0,0,-1,6,-4,9,-1,5,-4,10,-3,7,-7,11,-8,10,-7,7,-7,9,-6,5,-11,9,-11,9,-9,9,-10,8,-13,11,-8,7,-13,9,-9,7,-16,11,-15,7,-12,5,-12,8,-11,3,-13,7,-14,7,-14,5,-13,5,-16,7,-9,6,-14,9,-12,5,-19,11,-13,7,-12,9,-13,9,-12,7,-11,6,-13,10,-12,9,-11,9,-14,11,-9,9,-13,14,-12,11,-19,16,-13,10,-13,14,-15,12,-11,13,-11,14,-14,18,-11,15,-15,16,-14,14,-12,18,-16,22,-14,18,0,0,0,0,0,0,20,15,14,11,24,20,18,15,11,11,21,18,14,11,22,17,13,10,22,20,20,16,15,14,16,12,13,11,18,14,19,13,18,12,16,11,20,14,14,6,22,11,16,9,24,14,20,11,18,9,18,9,14,9,21,9,19,10,18,11,16,10,21,13,16,5,24,9,17,9,27,14,18,13,18,11,17,14,14,11,14,11,17,12,14,12,11,11,14,14,11,9,14,14,9,12,12,20,6,13,7,14,3,13,4,11,3,10,4,12,2,12,1,11,0,0,0,0,0,0,0,0,0,0]"""
1782116240006,2026-06-22T17:17:20.006,safe,transition,yja,stand_to_sit,t007,"CSI_DATA,1075807,1a:00:00:00:00:00,-63,11,-99,17,48,11,-1043144608,47,2,256,0,""[0,0,0,0,0,0,0,0,0,0,0,0,-5,-6,-3,-6,-4,-10,-2,-8,-3,-11,-3,-8,-3,-8,-5,-11,-3,-11,-5,-15,-3,-11,-3,-11,-4,-13,-1,-14,-1,-13,-1,-18,0,-12,1,-16,0,-13,-1,-13,-2,-15,-1,-17,-3,-17,0,-13,-1,-17,-2,-16,-1,-17,-2,-15,-1,-19,0,-14,-1,-16,-3,-12,-4,-14,-5,-15,-8,-14,-6,-15,-8,-16,-6,-14,-10,-15,-10,-18,-8,-13,-9,-18,-6,-13,-10,-16,-8,-10,-12,-12,-13,-11,-16,-9,-17,-15,-18,-12,-14,-13,-18,-13,-17,-13,-20,-13,-17,-14,-18,-11,-20,-12,0,0,0,0,0,0,-14,20,-15,25,-7,18,-11,20,-13,25,-11,18,-13,23,-8,20,-13,23,-5,20,-6,20,-5,23,-4,23,-2,25,-5,20,-1,21,0,22,-3,23,-1,21,-3,25,0,18,-1,23,1,17,2,19,4,21,4,23,6,23,3,21,5,23,6,22,5,23,4,19,2,26,2,21,3,22,4,15,5,22,5,22,7,20,5,23,3,21,1,19,4,20,1,22,1,18,-1,20,-1,15,0,18,1,11,0,16,0,14,1,16,0,15,-1,15,-3,11,-1,12,-3,10,0,0,0,0,0,0,0,0,0,0]"""
1782116240015,2026-06-22T17:17:20.015,safe,transition,yja,stand_to_sit,t007,"CSI_DATA,1075808,1a:00:00:00:00:00,-63,11,-99,18,48,11,-1043133450,47,2,256,0,""[0,0,0,0,0,0,0,0,0,0,0,0,5,-4,7,-5,7,-3,10,-5,7,-4,11,-4,12,-4,10,-3,11,-4,11,-1,12,-5,12,-6,13,-6,12,-4,14,-3,12,-3,15,-3,11,-3,18,-3,19,0,17,-1,15,-1,12,-1,17,-5,15,-4,14,-4,14,-4,16,-4,14,-3,17,-4,13,-4,19,-5,19,-5,15,-4,17,-6,13,-5,11,-7,13,-12,13,-13,12,-11,12,-10,9,-11,12,-14,10,-12,13,-17,12,-14,12,-15,11,-15,12,-14,9,-17,7,-21,5,-18,8,-20,10,-19,6,-22,9,-23,10,-22,0,0,0,0,0,0,-22,-9,-20,-6,-28,-8,-21,-7,-19,-3,-25,-4,-20,-4,-26,-4,-20,-2,-28,-3,-24,-4,-22,-2,-20,-1,-20,0,-25,3,-22,5,-21,5,-19,4,-22,3,-19,3,-22,6,-19,6,-25,6,-23,4,-21,6,-20,5,-16,6,-20,12,-19,12,-17,11,-15,9,-20,9,-17,9,-20,12,-17,11,-25,12,-22,8,-20,9,-20,8,-17,6,-17,9,-19,13,-18,11,-15,9,-17,7,-14,6,-18,7,-15,5,-20,6,-15,3,-15,3,-14,0,-12,0,-12,1,-14,2,-12,2,-12,1,0,0,0,0,0,0,0,0,0,0]"""
1782116240026,2026-06-22T17:17:20.026,safe,transition,yja,stand_to_sit,t007,"CSI_DATA,1075809,1a:00:00:00:00:00,-63,11,-99,16,48,11,-1043122608,47,2,256,0,""[0,0,0,0,0,0,0,0,0,0,0,0,-5,-5,-7,-7,-5,-7,-7,-9,-5,-8,-5,-10,-5,-9,-3,-10,-6,-12,-1,-10,-1,-14,-3,-13,-3,-13,-1,-14,0,-18,-2,-11,-1,-14,0,-13,0,-18,1,-16,4,-16,0,-17,2,-14,5,-16,3,-16,2,-15,3,-14,5,-18,0,-14,1,-18,3,-12,2,-18,3,-15,0,-15,3,-16,1,-16,1,-14,0,-16,0,-16,1,-15,3,-19,-2,-14,-1,-18,1,-16,0,-22,0,-16,-2,-20,1,-19,-1,-20,-1,-19,-1,-22,-1,-21,-2,-24,-2,-20,-1,-24,0,-28,0,-22,0,0,0,0,0,0,-27,0,-21,-1,-27,0,-24,-1,-20,0,-26,-1,-20,0,-27,0,-20,-2,-25,0,-22,0,-21,-1,-24,2,-20,-1,-22,-1,-22,0,-22,0,-21,-1,-25,-1,-17,2,-24,2,-18,0,-24,1,-23,1,-20,-1,-24,2,-18,0,-22,0,-22,0,-20,0,-20,-1,-25,-2,-18,1,-24,0,-20,-1,-27,-1,-21,-3,-22,-1,-22,-3,-22,-3,-17,-5,-20,-5,-20,-5,-17,-7,-19,-10,-14,-5,-17,-7,-13,-9,-16,-11,-11,-9,-12,-9,-11,-9,-10,-9,-7,-9,-7,-10,-7,-10,-5,-10,0,0,0,0,0,0,0,0,0,0]"""
1782116240035,2026-06-22T17:17:20.035,safe,transition,yja,stand_to_sit,t007,"CSI_DATA,1075810,1a:00:00:00:00:00,-63,11,-99,18,48,11,-1043111428,47,2,256,0,""[0,0,0,0,0,0,0,0,0,0,0,0,8,-3,9,-3,9,-2,9,-2,11,0,9,-1,11,-1,11,-1,14,-1,12,0,12,3,14,1,14,0,14,3,15,4,13,4,14,6,12,8,15,4,14,5,12,7,15,6,15,6,12,7,15,7,14,8,14,10,14,9,14,7,14,8,12,9,14,6,13,6,17,3,16,5,18,8,15,4,12,8,15,4,15,7,17,8,15,6,17,8,18,7,17,3,16,4,17,1,19,1,21,2,21,1,19,4,23,4,25,6,20,4,20,7,23,4,21,6,0,0,0,0,0,0,6,-26,8,-23,6,-22,10,-23,6,-22,12,-23,7,-22,6,-23,9,-21,6,-20,6,-22,5,-22,3,-24,3,-22,7,-20,3,-22,2,-22,5,-22,6,-23,4,-21,4,-22,7,-21,2,-20,1,-21,1,-19,1,-24,0,-22,5,-20,3,-23,2,-21,5,-22,6,-25,4,-22,6,-21,8,-20,3,-20,4,-19,3,-22,3,-22,6,-22,6,-19,10,-15,6,-19,9,-17,12,-17,10,-14,11,-13,12,-12,10,-12,9,-11,9,-11,10,-11,11,-10,10,-8,11,-4,10,-5,11,-3,0,0,0,0,0,0,0,0,0,0]"""
1782116240047,2026-06-22T17:17:20.047,safe,transition,yja,stand_to_sit,t007,"CSI_DATA,1075811,1a:00:00:00:00:00,-63,11,-99,20,47,11,-1043100561,47,2,256,0,""[0,0,0,0,0,0,0,0,0,0,0,0,0,-7,0,-11,1,-7,1,-11,0,-8,1,-13,3,-12,3,-10,2,-12,5,-9,5,-12,5,-14,5,-12,5,-12,7,-15,3,-9,6,-16,4,-12,9,-18,9,-16,10,-14,7,-14,7,-11,7,-16,7,-15,6,-14,5,-12,7,-16,2,-12,3,-18,3,-13,6,-21,5,-15,3,-16,3,-15,0,-15,0,-13,0,-16,0,-18,0,-16,0,-19,-3,-12,-7,-19,-3,-16,-7,-25,-4,-17,-10,-18,-7,-18,-6,-16,-7,-17,-12,-20,-11,-16,-12,-20,-11,-16,-14,-18,-14,-22,-13,-20,0,0,0,0,0,0,-20,17,-11,13,-22,21,-16,16,-12,12,-18,22,-12,14,-16,23,-10,15,-18,24,-12,20,-12,16,-11,20,-11,14,-10,20,-10,20,-10,19,-9,18,-11,23,-2,16,-3,25,-4,20,-5,28,-5,22,-3,20,-2,21,-3,18,-1,23,-1,22,-1,21,-1,20,-1,27,5,15,1,24,1,18,0,31,-2,20,0,22,-3,22,0,19,0,17,1,22,-1,20,0,17,-2,20,1,14,0,20,-1,16,-3,23,-3,15,-2,15,-5,13,-3,13,-3,10,-5,12,-5,10,-5,10,0,0,0,0,0,0,0,0,0,0]"""
1782116240059,2026-06-22T17:17:20.059,safe,transition,yja,stand_to_sit,t007,"CSI_DATA,1075812,1a:00:00:00:00:00,-63,11,-99,17,48,11,-1043088984,47,2,256,0,""[0,0,0,0,0,0,0,0,0,0,0,0,0,-10,0,-6,1,-11,0,-8,2,-11,3,-9,1,-10,3,-12,4,-11,5,-14,6,-10,8,-10,6,-11,8,-12,6,-9,10,-15,8,-10,10,-13,9,-10,7,-10,12,-12,9,-11,13,-13,11,-10,12,-11,12,-11,13,-10,8,-9,13,-14,9,-10,11,-12,8,-9,9,-12,10,-11,9,-13,8,-13,12,-14,11,-11,11,-13,9,-15,6,-14,11,-17,8,-12,6,-17,6,-11,6,-18,8,-17,5,-18,7,-22,8,-20,8,-17,9,-18,7,-18,10,-23,8,-20,6,-19,5,-23,0,0,0,0,0,0,-22,-6,-27,-8,-17,-5,-22,-5,-27,-10,-18,-5,-27,-8,-18,-3,-26,-7,-18,-6,-20,-5,-22,-5,-22,-4,-25,-5,-20,-6,-20,-6,-22,-5,-22,-5,-19,-3,-27,-3,-18,0,-23,-1,-17,-1,-20,0,-22,-2,-22,0,-25,-1,-22,-1,-22,-3,-22,-1,-23,-1,-19,0,-27,-1,-20,-1,-23,-1,-16,-2,-23,0,-22,-3,-22,-2,-22,-3,-22,-5,-18,-7,-18,-9,-20,-6,-16,-5,-19,-9,-13,-6,-17,-5,-10,-6,-14,-7,-11,-8,-13,-7,-11,-8,-11,-11,-7,-9,-5,-10,-5,-10,0,0,0,0,0,0,0,0,0,0]"""
1782116240069,2026-06-22T17:17:20.069,safe,transition,yja,stand_to_sit,t007,"CSI_DATA,1075813,1a:00:00:00:00:00,-63,11,-99,16,47,11,-1043078608,47,2,256,0,""[0,0,0,0,0,0,0,0,0,0,0,0,-22,7,17,7,-10,16,-15,26,-2,28,2,11,-2,16,10,34,-8,9,2,11,19,21,1,10,-1,9,-14,4,-2,11,-3,19,5,15,-3,15,-5,12,-1,10,-1,13,-5,17,-3,17,-2,15,-3,15,-2,16,-3,17,-1,15,-4,17,-4,15,0,16,-1,11,0,15,0,16,2,16,1,18,3,18,3,14,4,16,5,18,5,14,3,18,4,17,7,16,6,11,13,16,8,17,14,13,12,21,13,16,8,16,13,18,16,16,17,15,13,16,15,15,18,13,0,0,0,0,0,0,12,-18,17,-22,13,-15,12,-20,14,-26,10,-18,15,-23,10,-18,12,-24,8,-18,6,-18,5,-23,8,-21,5,-26,4,-19,4,-20,4,-22,3,-24,1,-21,2,-26,0,-21,-1,-23,0,-16,-1,-18,-4,-21,-2,-21,-5,-24,-4,-20,-4,-21,-7,-23,-7,-24,-9,-18,-2,-27,-3,-22,-6,-21,-3,-16,-8,-21,-3,-20,-10,-20,-7,-24,-7,-21,-2,-18,-3,-21,-3,-22,-4,-18,-1,-20,0,-16,-3,-17,-1,-11,-3,-17,-1,-14,-4,-16,1,-15,-1,-16,0,-11,2,-13,0,-10,0,0,0,0,0,0,0,0,0,0]"""
1782116240081,2026-06-22T17:17:20.081,safe,transition,yja,stand_to_sit,t007,"CSI_DATA,1075814,1a:00:00:00:00:00,-63,11,-99,16,48,11,-1043066215,47,2,256,0,""[0,0,0,0,0,0,0,0,0,0,0,0,-3,8,-3,6,-7,9,-6,6,-9,6,-7,6,-6,7,-9,9,-9,7,-12,9,-10,5,-11,6,-12,6,-14,4,-13,2,-16,3,-11,2,-17,0,-12,1,-14,0,-16,0,-15,0,-19,1,-16,-1,-16,0,-16,0,-17,-1,-14,-1,-19,-4,-15,-3,-16,-4,-12,-1,-16,-1,-16,-1,-15,0,-17,-1,-18,-1,-14,-3,-18,0,-20,-1,-18,-1,-18,-3,-16,-3,-18,-3,-12,0,-19,1,-18,0,-18,4,-22,-2,-20,0,-19,-2,-21,-1,-21,-1,-24,0,-23,-3,-22,-1,-22,-2,0,0,0,0,0,0,-7,22,-8,27,-4,18,-8,22,-7,27,-8,18,-9,25,-6,20,-12,24,-4,18,-5,19,-5,24,-5,23,-4,26,-7,20,-3,20,-3,22,-7,22,-7,19,-7,24,-5,17,-10,21,-4,16,-5,19,-6,23,-7,22,-5,25,-8,19,-6,22,-5,22,-8,22,-7,18,-14,22,-11,16,-11,19,-8,14,-11,19,-11,18,-11,19,-13,18,-14,18,-14,13,-13,16,-17,14,-14,11,-18,10,-15,6,-16,7,-10,6,-14,6,-14,6,-12,7,-15,3,-14,3,-12,0,-12,0,-11,0,0,0,0,0,0,0,0,0,0,0]"""
1782116240091,2026-06-22T17:17:20.091,safe,transition,yja,stand_to_sit,t007,"CSI_DATA,1075815,1a:00:00:00:00:00,-63,11,-99,20,47,11,-1043056608,47,2,256,0,""[0,0,0,0,0,0,0,0,0,0,0,0,-2,8,-3,11,-3,7,-3,11,-3,8,-4,11,-3,11,-4,11,-5,13,-7,9,-8,11,-8,12,-7,11,-9,11,-11,14,-6,12,-7,14,-7,12,-11,13,-10,13,-11,12,-7,14,-9,13,-9,11,-9,14,-7,12,-8,12,-9,16,-5,12,-7,16,-6,14,-7,18,-5,14,-3,16,-3,16,-1,16,-1,15,-1,17,-1,16,-1,15,-1,19,3,14,3,18,1,18,5,22,3,16,8,17,7,19,8,17,7,18,10,20,11,19,12,21,11,18,12,18,14,22,12,19,0,0,0,0,0,0,20,-17,17,-14,20,-18,16,-18,13,-14,19,-20,14,-14,18,-21,12,-17,15,-20,11,-21,11,-18,10,-22,11,-17,11,-19,9,-22,9,-20,9,-20,9,-23,2,-18,3,-23,4,-21,5,-24,2,-20,0,-21,0,-24,1,-21,1,-22,1,-22,-1,-20,1,-20,0,-25,-3,-19,-3,-24,-1,-22,-2,-26,-1,-20,-5,-22,-1,-23,-3,-21,-1,-20,-1,-22,-1,-20,0,-18,0,-19,-3,-16,-1,-20,0,-16,1,-20,1,-14,0,-16,1,-14,1,-14,3,-11,3,-12,3,-12,3,-12,0,0,0,0,0,0,0,0,0,0]"""
1782116240102,2026-06-22T17:17:20.102,safe,transition,yja,stand_to_sit,t007,"CSI_DATA,1075816,1a:00:00:00:00:00,-63,11,-99,21,47,11,-1043045478,47,2,256,0,""[0,0,0,0,0,0,0,0,0,0,0,0,-7,6,-6,5,-8,5,-6,5,-11,5,-8,5,-7,5,-11,6,-10,7,-11,7,-11,5,-13,5,-11,6,-13,5,-12,3,-16,6,-12,5,-17,3,-11,6,-12,6,-13,6,-14,9,-17,8,-15,5,-13,8,-15,7,-17,7,-13,7,-15,10,-11,7,-15,7,-9,9,-11,11,-10,12,-10,13,-10,14,-11,15,-11,11,-8,15,-10,15,-8,14,-10,17,-8,14,-6,18,-3,12,-3,19,-2,19,0,20,0,23,0,23,-2,20,-1,22,-1,21,2,23,0,23,2,22,3,23,0,0,0,0,0,0,25,-4,29,-5,20,-4,24,-3,27,-7,21,-3,25,-6,18,-8,24,-9,17,-10,18,-10,19,-12,19,-15,20,-16,19,-10,17,-14,17,-15,17,-15,15,-14,17,-19,13,-13,15,-17,8,-16,8,-17,10,-19,9,-22,11,-24,11,-18,9,-21,7,-21,10,-23,8,-18,10,-25,7,-18,11,-22,4,-18,3,-20,5,-21,2,-22,4,-22,5,-22,9,-17,5,-20,9,-20,6,-17,8,-19,6,-13,7,-17,4,-11,6,-14,5,-13,4,-15,5,-14,5,-13,7,-8,7,-10,7,-8,0,0,0,0,0,0,0,0,0,0]"""
1782116240124,2026-06-22T17:17:20.124,safe,transition,yja,stand_to_sit,t007,"CSI_DATA,1075818,1a:00:00:00:00:00,-63,11,-99,20,47,11,-1043023299,47,2,256,0,""[0,0,0,0,0,0,0,0,0,0,0,0,3,-8,4,-7,5,-9,5,-8,5,-8,6,-8,6,-9,7,-8,6,-11,7,-11,8,-9,9,-9,9,-11,10,-10,10,-12,9,-12,9,-11,11,-12,9,-11,9,-15,8,-13,9,-14,9,-13,11,-12,10,-12,11,-12,12,-12,9,-14,7,-16,8,-13,8,-14,5,-14,1,-16,1,-16,3,-16,2,-20,5,-18,4,-12,0,-12,4,-18,-1,-16,-1,-20,1,-16,-4,-21,-3,-19,-7,-19,-3,-24,-12,-14,-10,-14,-16,-14,-12,-18,-13,-24,-9,-12,-14,-20,-15,-20,-12,-13,-18,-18,0,0,0,0,0,0,-15,21,-17,22,-14,16,-15,20,-16,20,-14,18,-12,20,-11,18,-12,19,-9,19,-8,20,-8,21,-5,23,-6,22,-8,21,-7,22,-5,22,-4,23,-3,22,0,24,0,21,1,23,2,20,5,20,5,22,7,23,4,22,3,21,5,22,5,20,5,23,6,22,11,23,9,20,8,22,9,19,11,18,11,20,11,18,11,20,9,20,6,19,9,19,7,19,7,18,7,18,6,16,7,16,6,14,6,14,6,14,5,14,5,14,3,12,1,12,1,12,1,12,0,0,0,0,0,0,0,0,0,0]"""
1782116240140,2026-06-22T17:17:20.140,safe,transition,yja,stand_to_sit,t007,"CSI_DATA,1075819,1a:00:00:00:00:00,-63,11,-99,16,48,11,-1043007064,47,2,256,0,""[0,0,0,0,0,0,0,0,0,0,0,0,8,-1,9,-2,8,-1,11,-1,9,-1,10,0,11,0,11,0,14,-1,12,2,12,0,14,1,15,1,15,0,17,1,13,0,14,-1,14,0,16,1,18,0,15,0,20,0,16,1,15,1,16,1,14,0,16,0,16,0,16,-5,16,-3,16,-3,15,-4,14,-3,15,-3,16,-4,13,-7,14,-7,13,-8,15,-8,14,-10,16,-10,10,-11,9,-13,12,-13,11,-13,11,-12,11,-15,12,-15,10,-18,9,-18,7,-20,7,-20,8,-21,5,-20,5,-22,6,-24,6,-24,0,0,0,0,0,0,-27,-2,-25,-3,-24,-1,-23,0,-23,0,-24,0,-22,2,-25,2,-22,2,-22,2,-22,5,-22,1,-22,7,-22,4,-21,5,-21,7,-19,7,-20,9,-22,9,-16,12,-15,13,-17,13,-16,12,-16,12,-16,11,-16,17,-16,14,-13,14,-16,16,-13,15,-13,16,-15,18,-9,18,-9,20,-11,19,-12,18,-12,17,-11,19,-14,18,-11,19,-13,18,-9,17,-11,16,-10,16,-11,16,-7,16,-8,15,-11,14,-10,13,-9,11,-9,12,-10,10,-9,12,-10,10,-9,8,-9,8,-9,7,0,0,0,0,0,0,0,0,0,0]"""
1782116240151,2026-06-22T17:17:20.151,safe,transition,yja,stand_to_sit,t007,"CSI_DATA,1075820,1a:00:00:00:00:00,-63,11,-99,21,47,11,-1043000747,47,2,256,0,""[0,0,0,0,0,0,0,0,0,0,0,0,-3,-8,-2,-7,-1,-10,0,-10,-1,-10,0,-10,1,-13,0,-11,2,-10,4,-13,3,-13,5,-13,5,-13,5,-12,5,-11,8,-12,8,-11,8,-14,9,-13,13,-14,11,-13,11,-9,11,-11,11,-11,11,-11,12,-10,10,-9,10,-10,14,-9,13,-9,12,-11,13,-9,15,-10,14,-10,12,-10,11,-10,13,-11,13,-11,13,-10,12,-10,10,-10,13,-12,12,-11,13,-14,14,-13,13,-15,13,-13,13,-13,13,-11,17,-14,17,-15,13,-13,13,-14,18,-17,18,-16,16,-14,18,-15,0,0,0,0,0,0,-14,-17,-13,-19,-14,-20,-14,-19,-13,-19,-13,-17,-13,-20,-11,-19,-12,-21,-13,-21,-13,-21,-12,-18,-9,-18,-12,-20,-13,-19,-11,-17,-12,-19,-11,-18,-10,-16,-11,-20,-11,-18,-15,-17,-11,-18,-11,-22,-11,-19,-9,-18,-11,-20,-11,-21,-10,-18,-11,-19,-9,-17,-10,-17,-8,-23,-8,-20,-8,-22,-6,-23,-7,-23,-4,-21,-5,-21,-2,-18,-3,-22,-2,-21,0,-20,0,-17,0,-17,1,-19,3,-17,3,-18,5,-17,4,-17,4,-14,6,-13,6,-11,8,-11,8,-11,7,-8,6,-8,0,0,0,0,0,0,0,0,0,0]"""
1782116240161,2026-06-22T17:17:20.161,safe,transition,yja,stand_to_sit,t007,"CSI_DATA,1075821,1a:00:00:00:00:00,-63,11,-99,21,47,11,-1042990533,47,2,256,0,""[0,0,0,0,0,0,0,0,0,0,0,0,7,-2,10,-3,9,-1,10,-1,10,-2,10,-1,11,-1,11,0,13,-2,13,0,13,0,15,0,14,0,14,0,17,0,14,-1,15,-1,15,-1,16,0,17,-1,16,0,18,-2,15,0,17,0,17,0,15,-1,15,-1,17,-1,15,-6,15,-7,15,-4,17,-6,14,-5,15,-7,15,-6,15,-10,13,-8,13,-10,13,-10,12,-12,13,-12,8,-14,8,-15,11,-17,10,-17,10,-14,7,-18,10,-16,8,-20,8,-21,6,-21,6,-21,3,-22,3,-21,2,-24,1,-22,1,-25,0,0,0,0,0,0,-25,1,-25,0,-24,3,-23,3,-22,4,-24,3,-22,6,-23,8,-22,6,-22,6,-22,8,-21,5,-20,10,-22,9,-20,10,-19,11,-18,11,-18,11,-19,13,-12,16,-13,17,-15,17,-14,17,-13,17,-14,16,-13,19,-11,17,-10,17,-11,19,-10,18,-10,17,-11,21,-5,21,-4,22,-8,21,-8,23,-8,19,-6,20,-9,21,-6,20,-8,19,-5,20,-7,20,-6,17,-9,19,-3,18,-4,17,-7,17,-6,17,-5,13,-6,14,-8,12,-6,13,-7,11,-7,10,-6,10,-6,10,0,0,0,0,0,0,0,0,0,0]"""
1782116240171,2026-06-22T17:17:20.171,safe,transition,yja,stand_to_sit,t007,"CSI_DATA,1075822,1a:00:00:00:00:00,-63,11,-99,17,48,11,-1042979609,47,2,256,0,""[0,0,0,0,0,0,0,0,0,0,0,0,6,7,6,7,6,8,6,8,6,10,3,7,6,6,7,9,7,10,8,12,3,11,3,13,3,12,2,15,4,15,2,16,4,15,1,17,1,13,5,13,6,17,4,17,3,17,0,15,1,18,0,15,-1,17,1,16,1,17,2,16,1,17,1,13,5,13,6,14,7,15,7,17,6,17,2,15,5,17,5,18,8,17,5,17,5,16,9,17,6,11,12,13,11,15,14,13,16,17,15,15,8,15,11,20,13,18,12,15,11,20,15,19,15,17,0,0,0,0,0,0,20,-18,23,-18,15,-13,17,-17,20,-17,17,-11,20,-14,17,-15,20,-15,16,-12,11,-15,12,-18,14,-20,14,-20,16,-11,16,-15,14,-17,18,-17,13,-18,14,-18,12,-16,12,-17,10,-15,8,-17,7,-18,8,-22,10,-20,12,-15,13,-20,10,-18,14,-20,10,-20,14,-20,11,-18,11,-18,9,-14,7,-19,7,-20,7,-21,10,-21,11,-20,13,-12,15,-15,16,-14,13,-15,13,-11,13,-11,14,-11,9,-8,10,-10,10,-10,10,-11,13,-10,11,-8,11,-1,11,-3,11,-1,0,0,0,0,0,0,0,0,0,0]"""
1782116240181,2026-06-22T17:17:20.181,safe,transition,yja,stand_to_sit,t007,"CSI_DATA,1075823,1a:00:00:00:00:00,-63,11,-99,17,48,11,-1042968302,47,2,256,0,""[0,0,0,0,0,0,0,0,0,0,0,0,-5,5,-8,7,-5,3,-10,5,-6,4,-13,5,-12,4,-10,3,-11,3,-9,0,-13,0,-13,0,-15,-1,-11,-3,-18,-3,-10,0,-17,-1,-12,-1,-18,-6,-17,-6,-15,-5,-15,-6,-10,-5,-13,-8,-13,-9,-12,-8,-11,-8,-15,-10,-10,-4,-15,-8,-11,-6,-19,-12,-13,-10,-13,-8,-12,-10,-13,-8,-12,-6,-15,-6,-13,-8,-11,-8,-15,-11,-13,-3,-19,-6,-14,-8,-23,-13,-14,-9,-18,-8,-17,-11,-16,-8,-16,-8,-22,-10,-18,-8,-22,-12,-16,-10,-20,-11,-23,-15,-17,-14,0,0,0,0,0,0,-16,20,-11,14,-20,23,-14,19,-10,11,-18,22,-11,12,-18,20,-11,13,-20,21,-18,18,-15,13,-14,17,-13,11,-17,16,-17,15,-16,15,-15,13,-18,15,-10,12,-17,18,-11,13,-20,18,-16,15,-15,11,-16,13,-13,9,-17,15,-18,14,-16,12,-16,11,-21,14,-11,11,-20,16,-15,10,-26,15,-20,8,-21,10,-20,7,-18,6,-15,5,-20,8,-18,5,-16,2,-20,1,-13,4,-20,3,-15,0,-23,-2,-13,-4,-15,-2,-13,-6,-11,-4,-10,-5,-11,-5,-10,-5,-8,-7,0,0,0,0,0,0,0,0,0,0]"""
1782116240193,2026-06-22T17:17:20.193,safe,transition,yja,stand_to_sit,t007,"CSI_DATA,1075824,1a:00:00:00:00:00,-63,11,-99,20,47,11,-1042955756,47,2,256,0,""[0,0,0,0,0,0,0,0,0,0,0,0,4,-9,3,-6,8,-9,5,-7,8,-9,7,-6,7,-6,9,-9,9,-7,11,-11,10,-8,10,-8,10,-9,13,-7,11,-5,18,-6,14,-5,16,-4,12,-2,14,-5,16,-9,16,-3,18,-7,13,-4,14,-5,15,-5,16,-4,14,-4,18,-3,15,-1,16,-2,11,-3,14,-6,14,-6,14,-7,17,-5,18,-6,15,-5,16,-7,17,-8,14,-9,21,-5,16,-5,14,-10,9,-4,14,-12,15,-11,14,-14,20,-12,17,-14,14,-9,20,-12,18,-11,18,-14,19,-12,16,-12,18,-14,0,0,0,0,0,0,-16,-19,-16,-23,-10,-12,-12,-20,-17,-24,-10,-18,-15,-23,-11,-18,-14,-21,-10,-15,-12,-16,-20,-18,-14,-18,-19,-17,-13,-15,-16,-16,-16,-16,-14,-18,-14,-14,-16,-20,-13,-12,-16,-17,-11,-11,-13,-12,-18,-12,-16,-14,-20,-15,-15,-11,-17,-14,-18,-12,-18,-16,-16,-12,-16,-20,-13,-16,-16,-16,-9,-11,-16,-14,-14,-16,-16,-14,-14,-20,-13,-18,-9,-16,-11,-18,-11,-20,-8,-17,-5,-20,-4,-16,-7,-16,-3,-10,-5,-16,-3,-15,-5,-14,-1,-14,-2,-14,1,-11,2,-12,1,-12,0,0,0,0,0,0,0,0,0,0]"""
1782116240203,2026-06-22T17:17:20.203,safe,transition,yja,stand_to_sit,t007,"CSI_DATA,1075825,1a:00:00:00:00:00,-63,11,-99,16,48,11,-1042945601,47,2,256,0,""[0,0,0,0,0,0,0,0,0,0,0,0,-7,0,-9,0,-8,-1,-11,-1,-11,-1,-12,-4,-12,-1,-12,-1,-10,-3,-11,-5,-12,-4,-12,-3,-13,-5,-12,-6,-14,-5,-12,-5,-14,-7,-12,-6,-18,-9,-14,-9,-14,-8,-12,-7,-12,-6,-16,-7,-16,-7,-15,-7,-14,-7,-14,-5,-13,-7,-16,-6,-13,-4,-18,-6,-17,-5,-16,-4,-16,-3,-14,-2,-14,-1,-18,0,-18,-1,-15,-1,-17,0,-16,0,-18,1,-16,1,-21,2,-20,3,-19,3,-19,5,-19,3,-19,5,-22,5,-18,5,-20,8,-21,7,-21,8,-22,10,-21,10,0,0,0,0,0,0,12,21,12,19,14,23,12,20,12,16,15,20,14,19,16,22,14,16,16,21,15,18,16,15,13,14,14,13,18,14,17,13,19,13,16,11,19,12,16,12,22,11,16,7,22,12,22,10,19,7,17,9,19,6,22,7,21,6,20,6,20,5,21,4,20,6,24,7,19,3,25,8,24,6,21,7,20,7,17,7,18,7,20,6,18,8,16,7,18,5,14,7,18,9,14,5,16,10,14,8,12,8,11,7,11,7,9,8,9,9,7,7,7,8,0,0,0,0,0,0,0,0,0,0]"""
1782116240211,2026-06-22T17:17:20.211,safe,transition,yja,stand_to_sit,t007,"CSI_DATA,1075826,1a:00:00:00:00:00,-63,11,-99,16,48,11,-1042935609,47,2,256,0,""[0,0,0,0,0,0,0,0,0,0,0,0,8,-3,8,-1,11,-1,9,0,13,1,9,1,9,0,11,0,12,1,14,2,12,3,12,4,14,4,12,6,11,6,14,11,11,8,11,11,10,9,11,8,11,10,12,11,13,12,10,12,12,12,11,12,9,13,8,11,9,17,8,12,7,16,7,11,10,12,11,12,11,11,11,12,11,14,7,13,12,14,12,16,11,14,9,17,7,14,11,16,8,10,11,14,9,14,14,12,14,18,14,16,11,15,11,18,11,17,16,18,12,19,14,16,14,21,0,0,0,0,0,0,20,-10,25,-12,17,-9,23,-7,25,-11,20,-5,26,-9,18,-7,25,-6,18,-8,20,-6,20,-9,20,-9,23,-12,18,-7,18,-10,20,-10,21,-7,18,-6,24,-8,16,-7,24,-5,16,-7,17,-8,20,-9,22,-9,22,-10,20,-6,21,-7,20,-8,22,-5,19,-4,26,-3,20,-1,22,-1,17,-3,22,-3,22,-2,22,-3,22,0,22,1,19,3,20,1,22,4,17,4,18,7,13,8,16,9,10,5,14,8,12,7,12,7,11,9,11,10,6,10,6,10,6,10,0,0,0,0,0,0,0,0,0,0]"""
1782116240222,2026-06-22T17:17:20.222,safe,transition,yja,stand_to_sit,t007,"CSI_DATA,1075827,1a:00:00:00:00:00,-63,11,-99,10,48,11,-1042924609,47,2,256,0,""[0,0,0,0,0,0,0,0,0,0,0,0,7,3,9,6,6,4,8,6,7,4,10,8,9,10,7,8,9,9,6,10,9,11,9,10,7,12,6,10,8,14,7,10,10,12,10,11,9,16,7,18,3,14,6,13,5,15,7,16,7,14,7,14,6,13,7,15,7,11,9,14,8,13,10,17,6,15,7,14,6,13,8,13,9,12,14,12,10,12,9,10,10,12,13,7,16,9,14,11,21,15,14,13,17,11,16,13,14,9,16,9,23,9,17,6,20,9,21,10,20,6,21,10,22,10,0,0,0,0,0,0,9,-21,6,-18,8,-27,7,-22,6,-16,7,-26,5,-18,6,-24,3,-20,7,-27,6,-27,6,-20,3,-21,6,-19,3,-24,2,-22,3,-21,2,-19,2,-21,-1,-18,-2,-22,-2,-21,-2,-26,0,-23,0,-21,0,-21,0,-19,-3,-22,-2,-20,-2,-20,-2,-19,-1,-23,-6,-16,-6,-22,-5,-20,-3,-28,0,-23,-3,-21,0,-22,0,-18,0,-20,-3,-23,-1,-18,0,-16,1,-17,-3,-16,-1,-19,1,-17,3,-21,3,-15,4,-15,6,-13,4,-11,5,-10,4,-13,4,-10,6,-10,0,0,0,0,0,0,0,0,0,0]"""
1782116240233,2026-06-22T17:17:20.233,safe,transition,yja,stand_to_sit,t007,"CSI_DATA,1075828,1a:00:00:00:00:00,-63,11,-99,18,48,11,-1042913609,47,2,256,0,""[0,0,0,0,0,0,0,0,0,0,0,0,6,3,9,6,6,3,9,7,6,4,9,11,6,11,4,9,5,9,3,9,6,12,5,12,4,12,3,12,3,17,3,9,3,17,2,12,3,22,-1,17,-2,15,0,16,-3,11,-1,17,-1,17,-3,15,-3,14,-4,18,0,11,-1,17,-2,13,-3,22,-4,16,-2,15,-4,16,-3,15,-3,12,-1,17,-1,17,-1,14,-3,18,0,12,1,20,-1,17,-3,25,-1,16,0,19,-3,19,-1,19,-1,19,0,23,0,20,-1,25,-3,19,0,23,-3,28,-3,22,0,0,0,0,0,0,23,6,17,4,31,7,22,5,14,4,27,7,16,4,28,5,17,4,27,10,25,7,18,7,20,5,16,6,23,8,21,7,22,6,19,6,23,8,14,3,24,5,17,4,27,8,22,8,19,6,20,7,14,7,22,6,21,7,20,7,17,9,21,11,15,5,23,9,16,7,27,15,17,14,17,11,17,14,14,11,12,12,17,14,15,14,11,12,11,17,9,9,12,17,6,13,8,21,3,14,4,14,1,14,2,12,1,11,1,14,0,12,-1,11,0,0,0,0,0,0,0,0,0,0]"""
1782116240245,2026-06-22T17:17:20.245,safe,transition,yja,stand_to_sit,t007,"CSI_DATA,1075829,1a:00:00:00:00:00,-64,11,-99,17,48,11,-1042902609,47,2,256,0,""[0,0,0,0,0,0,0,0,0,0,0,0,1,9,0,7,0,10,1,9,0,11,0,11,1,10,1,14,0,13,1,14,0,13,0,13,0,13,0,14,0,13,-1,18,0,15,1,17,0,14,1,15,3,17,0,15,3,18,1,15,1,15,2,16,3,17,5,13,3,18,4,14,8,15,5,12,8,13,6,13,11,12,10,14,10,14,10,13,11,13,14,11,13,8,16,13,15,10,17,6,13,7,18,5,17,7,20,2,20,3,21,3,18,5,22,3,22,0,24,1,24,1,20,-1,24,-3,0,0,0,0,0,0,-7,-23,-7,-24,-5,-19,-11,-21,-10,-26,-11,-19,-11,-24,-11,-17,-12,-18,-12,-17,-11,-17,-15,-20,-16,-16,-18,-18,-11,-15,-19,-13,-18,-9,-21,-15,-14,-9,-22,-8,-17,-14,-28,-7,-19,0,-23,-11,-29,-5,-19,-3,-28,0,-20,-13,-24,-4,-25,2,-25,1,-18,3,-25,1,-11,-6,-22,3,-17,0,-13,9,-15,1,-22,10,-26,-1,-24,8,-15,3,-19,-3,-17,1,-19,4,-19,0,-15,5,-15,3,-13,0,-18,6,-13,3,-16,4,-14,0,-15,3,-10,0,-11,-1,-10,-1,0,0,0,0,0,0,0,0,0,0]"""
1782116240256,2026-06-22T17:17:20.256,safe,transition,yja,stand_to_sit,t007,"CSI_DATA,1075830,1a:00:00:00:00:00,-63,11,-99,18,48,11,-1042891609,47,2,256,0,""[0,0,0,0,0,0,0,0,0,0,0,0,-6,-3,-8,-4,-7,-3,-9,-5,-8,-6,-8,-8,-9,-8,-6,-8,-10,-9,-6,-9,-6,-11,-4,-12,-5,-12,-4,-14,-4,-16,-6,-11,-6,-14,-4,-14,-4,-17,-3,-17,-1,-13,-5,-18,0,-14,0,-15,1,-17,1,-15,2,-15,1,-17,-3,-14,-1,-16,0,-17,-1,-17,0,-16,-1,-15,-1,-17,0,-16,0,-15,-1,-15,0,-17,0,-15,0,-17,-4,-15,-4,-17,0,-20,-1,-21,-1,-15,-4,-19,-1,-20,-4,-21,0,-22,-3,-23,-4,-20,-3,-22,-3,-22,-3,-23,-3,-23,-1,-25,0,0,0,0,0,0,-27,1,-22,1,-26,0,-24,1,-20,-1,-25,-1,-20,0,-25,0,-22,0,-22,-1,-24,-1,-19,-3,-23,1,-22,-3,-21,-3,-21,-3,-21,-3,-22,-2,-23,-3,-18,1,-21,1,-22,0,-23,0,-23,0,-20,-2,-23,0,-20,-3,-22,-3,-22,-4,-19,-3,-20,-4,-23,-5,-22,0,-21,0,-22,-3,-25,-5,-19,-6,-20,-5,-20,-6,-20,-6,-18,-9,-18,-7,-17,-9,-15,-9,-14,-12,-15,-7,-15,-9,-13,-12,-13,-14,-9,-10,-9,-11,-6,-12,-8,-12,-6,-12,-4,-12,-3,-11,-2,-11,0,0,0,0,0,0,0,0,0,0]"""
1782116240268,2026-06-22T17:17:20.268,safe,transition,yja,stand_to_sit,t007,"CSI_DATA,1075831,1a:00:00:00:00:00,-63,11,-99,21,47,11,-1042880409,47,2,256,0,""[0,0,0,0,0,0,0,0,0,0,0,0,-3,-4,-6,-7,-6,-6,-6,-9,-5,-6,-7,-11,-5,-11,-5,-10,-5,-11,-1,-10,-1,-13,-1,-13,-1,-14,-1,-14,-1,-18,-1,-11,0,-16,0,-13,1,-20,1,-18,1,-15,3,-17,4,-11,5,-16,5,-16,5,-15,5,-14,6,-18,1,-13,3,-17,3,-13,5,-21,6,-17,3,-16,5,-17,3,-13,2,-13,1,-17,3,-17,3,-14,5,-17,-1,-14,0,-20,3,-17,3,-25,2,-17,0,-18,4,-19,0,-17,1,-21,1,-25,1,-19,2,-23,3,-21,1,-22,3,-26,4,-23,0,0,0,0,0,0,-25,-3,-19,-3,-29,-5,-22,-4,-17,-5,-27,-5,-18,-3,-27,-5,-17,-3,-27,-6,-23,-5,-19,-5,-22,-3,-18,-5,-23,-6,-22,-5,-21,-5,-19,-5,-25,-5,-16,-1,-24,0,-18,-3,-25,-3,-24,-2,-19,-3,-23,-1,-16,-3,-23,-5,-22,-5,-20,-5,-18,-6,-23,-7,-18,0,-23,-3,-18,-5,-29,-8,-20,-8,-21,-6,-20,-10,-17,-8,-14,-8,-18,-9,-17,-11,-13,-10,-14,-13,-13,-6,-16,-11,-11,-12,-13,-17,-8,-11,-10,-11,-6,-12,-6,-11,-4,-11,-3,-13,-2,-11,-1,-11,0,0,0,0,0,0,0,0,0,0]"""
1782116240280,2026-06-22T17:17:20.280,safe,transition,yja,stand_to_sit,t007,"CSI_DATA,1075832,1a:00:00:00:00:00,-63,11,-99,20,47,11,-1042866897,47,2,256,0,""[0,0,0,0,0,0,0,0,0,0,0,0,9,-3,8,-1,11,0,10,0,11,0,9,0,10,-1,12,1,14,0,13,2,11,4,13,5,12,5,14,7,15,8,14,8,13,7,12,9,9,9,12,7,15,9,14,11,13,11,9,11,11,12,10,11,10,14,12,11,11,14,11,14,10,11,8,11,10,9,11,9,12,11,14,10,14,13,9,12,11,15,15,18,14,13,12,13,12,14,14,9,9,7,14,9,12,10,18,10,19,15,18,14,11,12,15,16,17,15,16,13,16,17,17,16,18,14,0,0,0,0,0,0,19,-18,20,-19,14,-13,14,-18,20,-19,15,-15,19,-16,16,-14,18,-15,14,-12,12,-14,16,-16,16,-18,16,-18,15,-11,16,-13,16,-14,19,-16,17,-15,18,-16,12,-14,15,-16,12,-10,10,-13,16,-15,16,-18,16,-16,15,-11,18,-14,16,-14,18,-15,16,-16,20,-14,18,-13,16,-13,14,-9,14,-12,16,-11,18,-13,18,-12,16,-10,16,-5,19,-4,20,-5,21,-5,19,-3,18,-1,16,-2,12,0,13,-1,13,0,14,-1,16,1,12,3,10,5,11,5,11,4,0,0,0,0,0,0,0,0,0,0]"""
1782116240290,2026-06-22T17:17:20.290,safe,transition,yja,stand_to_sit,t007,"CSI_DATA,1075833,1a:00:00:00:00:00,-63,11,-99,17,48,11,-1042858334,47,2,256,0,""[0,0,0,0,0,0,0,0,0,0,0,0,0,8,0,11,1,8,0,10,-1,10,-3,10,-2,11,-3,9,-3,12,-5,10,-6,11,-8,11,-7,12,-10,12,-10,13,-7,10,-10,12,-8,11,-8,12,-11,13,-11,11,-11,12,-13,8,-11,9,-14,8,-13,6,-13,8,-16,9,-9,10,-12,12,-12,10,-13,11,-13,9,-12,10,-13,10,-12,10,-12,10,-11,10,-11,10,-12,10,-13,10,-9,13,-10,15,-13,14,-14,16,-11,11,-11,15,-14,13,-11,16,-13,16,-12,17,-12,17,-15,18,-15,15,-14,18,-15,18,-15,18,0,0,0,0,0,0,20,16,17,15,19,17,18,15,15,15,17,17,17,13,18,15,16,15,17,16,17,16,13,16,17,15,14,15,14,15,15,17,15,15,15,15,17,17,15,10,18,11,16,13,17,13,18,13,15,11,18,13,13,14,16,13,15,16,15,15,13,15,16,18,17,10,18,12,16,15,17,17,13,15,15,15,13,18,13,16,10,17,10,17,9,17,8,15,7,18,8,13,9,15,5,17,4,18,3,14,3,15,0,14,1,14,-1,13,-2,13,-2,11,-3,11,0,0,0,0,0,0,0,0,0,0]"""
1782116240302,2026-06-22T17:17:20.302,safe,transition,yja,stand_to_sit,t007,"CSI_DATA,1075834,1a:00:00:00:00:00,-63,11,-99,16,48,11,-1042844937,47,2,256,0,""[0,0,0,0,0,0,0,0,0,0,0,0,4,-7,5,-8,5,-7,7,-7,7,-8,7,-6,8,-7,9,-5,11,-9,12,-5,11,-7,12,-6,12,-5,12,-7,13,-6,12,-9,12,-9,12,-7,14,-5,15,-7,14,-5,16,-7,15,-5,13,-5,15,-6,14,-5,14,-8,14,-7,12,-9,12,-9,14,-9,12,-9,13,-7,13,-8,13,-9,12,-11,13,-10,11,-11,12,-11,11,-12,11,-12,9,-15,9,-15,9,-16,7,-16,8,-14,8,-18,8,-18,8,-19,7,-20,6,-19,5,-20,5,-22,5,-20,3,-22,5,-21,4,-24,0,0,0,0,0,0,-24,-1,-25,-3,-23,-4,-23,0,-25,-2,-24,-1,-23,0,-23,1,-24,0,-22,-1,-21,1,-21,-1,-23,3,-22,0,-22,4,-22,2,-21,4,-21,4,-22,5,-19,10,-18,10,-19,8,-18,7,-20,9,-19,6,-20,11,-20,9,-20,11,-20,7,-18,10,-18,10,-19,11,-17,13,-18,14,-17,13,-18,12,-18,9,-19,10,-20,9,-18,12,-19,9,-16,10,-16,8,-16,9,-17,5,-14,11,-15,9,-16,7,-14,5,-13,4,-15,3,-14,1,-13,3,-14,2,-12,1,-11,0,-11,0,0,0,0,0,0,0,0,0,0,0]"""
1782116240312,2026-06-22T17:17:20.312,safe,transition,yja,stand_to_sit,t007,"CSI_DATA,1075835,1a:00:00:00:00:00,-63,11,-99,17,48,11,-1042835823,47,2,256,0,""[0,0,0,0,0,0,0,0,0,0,0,0,-8,6,-7,4,-10,4,-8,3,-11,3,-9,2,-8,3,-11,5,-10,4,-14,4,-11,3,-14,3,-13,2,-14,0,-12,0,-18,-1,-15,0,-17,-2,-12,-2,-13,0,-17,1,-15,-2,-18,-1,-13,-3,-15,-3,-15,-1,-17,-4,-13,-1,-18,-5,-14,-5,-16,-5,-10,-1,-14,-1,-15,-1,-16,0,-17,1,-18,0,-15,-1,-17,0,-18,0,-16,0,-20,-2,-18,-1,-18,1,-12,0,-18,3,-17,1,-18,8,-23,3,-22,4,-17,0,-21,3,-20,3,-22,5,-23,1,-20,3,-22,5,0,0,0,0,0,0,3,22,3,28,3,18,4,24,5,28,1,21,2,27,2,20,2,25,5,18,5,18,10,22,6,22,9,23,5,19,8,20,7,20,6,22,6,18,7,23,8,17,6,22,6,15,9,16,10,20,9,20,13,21,8,18,10,20,11,18,10,21,10,17,6,24,6,20,8,20,4,15,8,19,7,19,10,18,7,22,6,22,3,18,3,20,1,21,2,19,-1,20,-1,17,0,18,-1,10,0,15,-1,14,0,15,-3,13,-3,14,-5,8,-6,10,-6,9,0,0,0,0,0,0,0,0,0,0]"""
1782116240321,2026-06-22T17:17:20.321,safe,transition,yja,stand_to_sit,t007,"CSI_DATA,1075836,1a:00:00:00:00:00,-63,11,-99,16,48,11,-1042825609,47,2,256,0,""[0,0,0,0,0,0,0,0,0,0,0,0,-7,3,-9,4,-8,1,-11,2,-9,3,-11,3,-12,3,-8,0,-9,3,-12,0,-13,2,-14,1,-16,0,-12,1,-15,2,-12,0,-16,0,-11,1,-19,0,-17,0,-14,0,-17,0,-13,-1,-18,0,-16,0,-16,0,-13,0,-16,1,-14,1,-17,4,-14,2,-19,3,-17,3,-17,3,-14,3,-13,4,-13,5,-14,6,-16,7,-13,6,-16,8,-11,9,-12,11,-13,12,-17,15,-14,12,-12,14,-15,13,-11,13,-12,14,-13,19,-10,16,-12,17,-13,17,-12,20,-13,19,-13,19,0,0,0,0,0,0,23,9,18,9,27,11,21,8,16,7,24,8,20,6,25,7,19,5,25,9,24,5,19,4,20,2,20,4,24,2,22,1,21,2,20,0,21,0,18,-1,22,-3,18,-3,26,-2,24,-3,21,-3,20,-2,19,-3,22,-6,21,-5,20,-5,17,-4,20,-7,18,-7,22,-9,20,-7,28,-9,22,-5,20,-7,21,-4,17,-5,17,-2,21,-7,20,-5,16,-4,18,-4,15,-4,18,-3,15,-2,18,-2,15,-1,14,0,13,0,14,0,11,1,12,1,11,1,11,2,0,0,0,0,0,0,0,0,0,0]"""
1782116240333,2026-06-22T17:17:20.333,safe,transition,yja,stand_to_sit,t007,"CSI_DATA,1075837,1a:00:00:00:00:00,-64,11,-99,21,47,11,-1042814582,47,2,256,0,""[0,0,0,0,0,0,0,0,0,0,0,0,-5,-8,-5,-6,-5,-10,-4,-8,-3,-10,-3,-8,-4,-7,-6,-11,-3,-11,-5,-14,-3,-11,-4,-14,-3,-13,-2,-15,-2,-15,-3,-17,-5,-14,-4,-16,-1,-13,-4,-10,-4,-14,-4,-17,-5,-17,0,-14,0,-17,-2,-15,-2,-18,-6,-15,-4,-18,-3,-15,-6,-14,-3,-11,-5,-13,-8,-12,-10,-13,-10,-15,-10,-15,-8,-11,-8,-14,-10,-16,-13,-14,-12,-14,-12,-11,-14,-11,-11,-8,-15,-7,-15,-8,-18,-7,-20,-11,-20,-10,-13,-10,-20,-13,-20,-9,-21,-8,-20,-11,-20,-8,-22,-6,0,0,0,0,0,0,-6,25,-7,25,-4,18,-2,23,-4,27,-4,23,-4,25,-2,22,-1,23,-2,20,2,17,1,22,3,25,3,25,0,18,0,21,2,22,1,24,5,22,6,23,7,19,8,20,5,14,8,15,9,19,13,20,11,21,6,17,8,21,10,20,11,22,14,18,12,22,10,19,12,17,6,14,13,14,13,15,14,16,15,20,12,18,6,15,7,19,7,20,8,18,8,17,7,15,9,16,5,11,5,13,5,11,7,14,5,14,5,13,0,10,1,11,1,11,0,0,0,0,0,0,0,0,0,0]"""
1782116240349,2026-06-22T17:17:20.349,safe,transition,yja,stand_to_sit,t007,"CSI_DATA,1075838,1a:00:00:00:00:00,-64,11,-99,18,48,11,-1042797932,47,2,256,0,""[0,0,0,0,0,0,0,0,0,0,0,0,6,7,3,5,5,11,4,8,4,11,3,9,3,8,4,11,3,11,5,15,2,12,2,12,1,14,0,14,0,12,-2,19,-2,14,-4,16,-3,12,0,14,0,18,-4,15,-2,19,-3,14,-1,15,-3,15,-4,15,-4,15,-7,17,-6,14,-5,17,-2,11,-1,15,-3,17,-1,16,-4,15,-3,19,-2,14,-1,17,-1,19,0,18,-6,19,-3,16,0,20,0,12,3,19,-1,16,6,19,1,23,1,20,-1,18,-1,21,0,20,1,22,-1,22,2,19,2,24,0,0,0,0,0,0,23,0,29,0,19,-2,22,0,28,-1,19,1,28,1,21,-1,26,0,18,0,19,-1,23,-4,22,-1,24,-5,19,-2,20,-2,22,-4,22,-3,20,-4,25,-1,19,-1,23,-2,16,-2,18,-3,20,-7,21,-5,23,-7,20,-4,21,-7,20,-6,23,-4,20,-6,26,-1,21,-2,20,-1,17,0,22,-4,20,-3,21,-4,22,-1,23,0,17,1,20,1,21,1,18,1,19,7,15,6,17,3,10,3,15,4,12,4,14,4,12,7,12,7,9,7,9,9,7,8,0,0,0,0,0,0,0,0,0,0]"""
1782116240359,2026-06-22T17:17:20.359,safe,transition,yja,stand_to_sit,t007,"CSI_DATA,1075839,1a:00:00:00:00:00,-63,11,-99,16,48,11,-1042792155,47,2,256,0,""[0,0,0,0,0,0,0,0,0,0,0,0,2,-7,3,-11,2,-7,4,-11,3,-8,7,-11,9,-9,7,-7,7,-8,5,-6,10,-9,10,-9,11,-9,11,-9,14,-10,9,-5,14,-9,9,-7,17,-10,18,-7,15,-7,14,-6,11,-2,14,-8,14,-7,14,-5,14,-4,18,-5,9,-5,14,-7,13,-5,17,-10,14,-5,15,-7,16,-6,14,-4,11,-7,12,-10,14,-9,11,-8,16,-11,9,-9,14,-14,12,-9,18,-16,16,-9,14,-14,16,-10,12,-12,12,-14,14,-19,11,-15,15,-18,14,-14,12,-18,18,-19,15,-14,0,0,0,0,0,0,-18,-17,-13,-11,-22,-21,-14,-16,-12,-11,-20,-18,-14,-11,-22,-16,-14,-10,-21,-19,-18,-17,-14,-14,-16,-11,-12,-12,-19,-12,-18,-12,-17,-12,-16,-9,-20,-15,-14,-7,-22,-11,-15,-8,-22,-14,-20,-12,-17,-11,-17,-8,-13,-8,-20,-9,-20,-9,-19,-9,-16,-9,-20,-13,-15,-5,-22,-9,-15,-9,-25,-14,-17,-15,-18,-11,-16,-14,-14,-12,-12,-11,-18,-12,-16,-11,-11,-11,-14,-14,-10,-9,-14,-14,-9,-12,-12,-18,-5,-12,-7,-12,-3,-12,-5,-11,-3,-11,-4,-12,-2,-10,-1,-11,0,0,0,0,0,0,0,0,0,0]"""
1782116240369,2026-06-22T17:17:20.369,safe,transition,yja,stand_to_sit,t007,"CSI_DATA,1075840,1a:00:00:00:00:00,-64,11,-99,16,48,11,-1042780778,47,2,256,0,""[0,0,0,0,0,0,0,0,0,0,0,0,6,7,5,6,6,9,5,7,5,11,4,7,5,7,5,11,6,11,7,12,2,12,3,12,3,12,2,14,2,13,2,17,2,14,0,17,1,13,3,16,4,18,1,16,1,18,-1,15,1,16,0,16,-1,16,0,14,0,18,0,13,0,16,2,14,3,14,4,16,5,15,5,16,3,17,0,14,5,16,5,18,5,15,5,18,4,16,7,18,5,11,9,16,9,14,13,14,13,16,12,18,9,17,11,20,9,17,12,19,10,20,12,16,14,18,0,0,0,0,0,0,18,-14,23,-15,16,-12,19,-12,22,-16,18,-9,22,-14,15,-11,22,-14,14,-11,14,-14,14,-15,14,-17,16,-18,16,-12,15,-14,14,-16,16,-15,14,-14,15,-18,12,-14,17,-15,9,-14,9,-18,11,-18,10,-20,12,-20,14,-16,12,-18,11,-19,14,-18,11,-16,14,-20,12,-16,14,-16,8,-14,10,-18,10,-19,8,-20,12,-18,14,-16,16,-11,13,-14,16,-13,13,-10,16,-11,12,-8,15,-10,10,-7,12,-9,11,-8,11,-9,12,-8,12,-7,12,-1,11,-1,11,0,0,0,0,0,0,0,0,0,0,0]"""
1782116240379,2026-06-22T17:17:20.379,safe,transition,yja,stand_to_sit,t007,"CSI_DATA,1075841,1a:00:00:00:00:00,-64,11,-99,19,48,11,-1042768868,47,2,256,0,""[0,0,0,0,0,0,0,0,0,0,0,0,2,8,0,7,1,11,0,9,0,11,0,10,0,10,0,12,-2,10,0,14,-1,13,-4,11,-3,12,-3,13,-2,11,-4,14,-4,13,-3,14,-3,14,-4,17,-3,17,-5,13,-5,17,-4,16,-5,14,-5,13,-7,14,-2,12,-5,16,-3,14,-4,16,-2,14,-1,17,-2,16,-1,14,-1,15,-1,17,-2,16,-1,16,1,17,2,14,0,18,2,15,6,18,2,16,7,19,4,18,6,16,8,18,7,20,7,20,5,19,7,17,9,22,10,19,7,17,13,21,0,0,0,0,0,0,17,-13,21,-14,17,-13,17,-14,22,-11,16,-13,20,-16,16,-13,17,-17,16,-12,16,-14,16,-16,14,-13,16,-16,14,-16,14,-13,14,-15,13,-16,8,-14,13,-17,9,-16,9,-20,10,-16,9,-17,8,-20,7,-17,10,-20,8,-20,8,-17,8,-20,7,-19,3,-16,7,-20,5,-18,5,-20,6,-16,5,-21,7,-19,5,-20,7,-17,8,-18,9,-16,10,-16,8,-15,6,-15,8,-14,7,-13,6,-16,8,-11,7,-13,8,-10,8,-11,6,-8,9,-10,9,-7,9,-5,7,-5,0,0,0,0,0,0,0,0,0,0]"""
1782116240389,2026-06-22T17:17:20.389,safe,transition,yja,stand_to_sit,t007,"CSI_DATA,1075842,1a:00:00:00:00:00,-63,11,-99,17,48,11,-1042759610,47,2,256,0,""[0,0,0,0,0,0,0,0,0,0,0,0,-1,-6,-1,-9,-1,-9,0,-10,0,-10,0,-10,0,-9,2,-10,1,-13,4,-10,3,-11,5,-12,5,-13,6,-13,7,-14,3,-11,4,-13,6,-14,7,-13,10,-12,12,-12,8,-16,10,-11,8,-12,11,-12,11,-11,10,-11,11,-13,7,-14,8,-15,8,-13,9,-13,10,-11,10,-13,11,-13,9,-14,10,-13,6,-13,9,-15,8,-15,10,-16,3,-17,4,-17,7,-18,6,-17,6,-14,5,-17,8,-17,6,-20,7,-20,5,-20,5,-21,6,-22,5,-20,3,-22,6,-22,6,-21,0,0,0,0,0,0,-25,-6,-24,-6,-22,-6,-22,-5,-22,-6,-22,-6,-22,-4,-24,-5,-22,-5,-20,-6,-22,-6,-19,-8,-24,-3,-20,-7,-20,-5,-20,-6,-20,-5,-22,-4,-23,-6,-19,0,-19,1,-21,0,-20,-2,-20,-2,-19,-3,-22,0,-20,-3,-20,-1,-21,-2,-20,-1,-21,-3,-23,-3,-20,1,-22,1,-21,-1,-21,-2,-19,-4,-21,-5,-22,-6,-21,-3,-20,-6,-18,-4,-18,-7,-18,-6,-17,-9,-16,-4,-17,-5,-15,-8,-13,-9,-10,-8,-13,-10,-10,-10,-10,-9,-8,-10,-7,-8,-6,-10,-5,-10,0,0,0,0,0,0,0,0,0,0]"""
1782116240398,2026-06-22T17:17:20.398,safe,transition,yja,stand_to_sit,t007,"CSI_DATA,1075843,1a:00:00:00:00:00,-63,11,-99,17,48,11,-1042748344,47,2,256,0,""[0,0,0,0,0,0,0,0,0,0,0,0,7,0,11,1,6,1,11,3,7,2,13,3,11,5,10,5,11,5,8,5,12,6,12,6,13,7,10,7,12,10,9,8,13,12,8,8,13,15,11,12,8,10,8,10,7,10,10,13,11,11,11,12,10,11,11,15,7,10,11,13,8,9,15,16,10,15,11,11,10,11,11,10,10,8,13,9,13,10,11,8,13,11,11,6,18,10,13,8,22,12,17,11,17,8,16,11,13,9,16,7,22,8,17,6,22,9,19,10,20,8,25,10,20,10,0,0,0,0,0,0,10,-23,6,-14,10,-28,10,-20,6,-14,11,-26,6,-16,10,-26,5,-17,11,-26,9,-23,7,-20,6,-19,6,-16,6,-23,5,-22,3,-20,4,-17,4,-22,2,-17,3,-24,3,-17,5,-27,3,-21,1,-19,3,-20,3,-17,0,-22,0,-22,0,-22,1,-19,1,-23,0,-17,2,-23,1,-17,4,-28,6,-22,3,-21,6,-19,5,-18,3,-16,2,-21,4,-18,3,-15,7,-18,4,-13,8,-18,6,-11,11,-18,9,-11,8,-11,10,-9,8,-9,8,-7,9,-9,8,-7,9,-7,0,0,0,0,0,0,0,0,0,0]"""
1782116240410,2026-06-22T17:17:20.410,safe,transition,yja,stand_to_sit,t007,"CSI_DATA,1075844,1a:00:00:00:00:00,-64,11,-99,18,48,11,-1042737610,47,2,256,0,""[0,0,0,0,0,0,0,0,0,0,0,0,-7,-1,-9,-3,-7,-1,-10,-3,-9,-4,-10,-3,-10,-4,-10,-5,-12,-4,-10,-4,-11,-6,-12,-6,-13,-5,-12,-7,-15,-9,-11,-4,-14,-7,-11,-8,-16,-7,-14,-6,-12,-8,-16,-6,-12,-6,-14,-9,-15,-7,-14,-6,-14,-5,-16,-7,-14,-3,-17,-4,-12,-5,-19,-3,-15,-2,-17,0,-16,-1,-18,0,-14,0,-15,0,-17,3,-17,1,-20,1,-13,4,-18,6,-17,3,-19,8,-16,6,-17,10,-16,9,-17,12,-15,12,-17,12,-16,13,-20,15,-14,14,-17,15,-18,19,-17,15,0,0,0,0,0,0,20,19,17,17,20,15,17,16,15,11,20,17,17,11,23,13,17,14,22,9,20,7,19,9,23,4,19,4,20,7,22,3,21,1,20,4,24,5,17,0,23,0,19,3,23,-2,20,-3,19,-1,22,-5,18,-3,21,-3,20,-6,19,-7,20,-5,24,-5,18,-8,22,-7,19,-4,22,-9,19,-6,19,-10,19,-8,19,-9,15,-7,18,-6,18,-9,17,-7,20,-4,13,-6,17,-6,16,-2,17,-5,14,-3,14,-4,13,-3,15,-3,11,-3,12,0,12,-1,12,0,0,0,0,0,0,0,0,0,0,0]"""
1782116240422,2026-06-22T17:17:20.422,safe,transition,yja,stand_to_sit,t007,"CSI_DATA,1075845,1a:00:00:00:00:00,-63,11,-99,18,48,11,-1042726610,47,2,256,0,""[0,0,0,0,0,0,0,0,0,0,0,0,-8,-3,-7,-5,-9,-4,-7,-4,-7,-7,-6,-9,-7,-7,-6,-10,-6,-10,-4,-11,-7,-12,-7,-13,-4,-12,-5,-13,-6,-15,-6,-11,-6,-13,-4,-15,-3,-13,-4,-14,0,-14,-6,-15,0,-15,-2,-15,-1,-15,-2,-15,-3,-16,-2,-17,-5,-14,-5,-14,-4,-15,-4,-14,-3,-15,-3,-14,-2,-15,-6,-17,-4,-16,-6,-15,-6,-15,-6,-15,-5,-15,-9,-15,-9,-15,-9,-16,-9,-15,-8,-14,-10,-15,-10,-17,-12,-15,-11,-18,-12,-15,-14,-17,-14,-19,-13,-19,-16,-17,-14,-18,-14,-17,0,0,0,0,0,0,-18,16,-19,15,-17,14,-19,17,-19,15,-19,15,-17,15,-15,16,-17,15,-17,13,-15,14,-18,12,-16,17,-17,14,-16,15,-17,14,-14,14,-14,14,-15,15,-11,19,-10,19,-12,17,-12,14,-12,15,-14,14,-12,18,-14,15,-11,16,-13,16,-13,15,-13,16,-13,17,-11,19,-9,18,-12,18,-12,16,-12,15,-14,15,-16,14,-14,16,-14,14,-13,13,-14,12,-13,12,-14,10,-14,12,-12,12,-15,9,-13,7,-13,5,-14,6,-14,4,-12,6,-12,3,-12,3,-11,2,-12,0,0,0,0,0,0,0,0,0,0,0]"""
1782116240432,2026-06-22T17:17:20.432,safe,transition,yja,stand_to_sit,t007,"CSI_DATA,1075846,1a:00:00:00:00:00,-64,11,-99,18,48,11,-1042715610,47,2,256,0,""[0,0,0,0,0,0,0,0,0,0,0,0,2,7,3,8,3,7,4,10,3,9,3,12,1,12,3,13,0,11,3,11,3,14,2,13,3,14,3,13,2,15,0,14,2,15,2,14,1,19,0,19,2,18,1,15,2,14,3,17,4,16,4,14,4,14,6,14,3,16,3,17,4,12,7,17,6,16,6,15,10,13,4,15,4,11,9,11,9,12,14,15,12,12,12,9,18,9,15,11,16,12,20,15,17,13,17,4,15,15,13,10,17,9,14,10,22,0,23,6,26,4,20,7,22,1,0,0,0,0,0,0,0,-26,-2,-24,-1,-25,-2,-23,-1,-20,-3,-22,-4,-23,-6,-25,-5,-22,-5,-23,-6,-22,-8,-21,-5,-19,-9,-19,-11,-19,-10,-16,-12,-18,-12,-17,-13,-15,-12,-15,-14,-19,-13,-13,-16,-16,-15,-15,-16,-14,-14,-13,-16,-11,-19,-11,-18,-11,-19,-11,-18,-9,-20,-7,-18,-12,-21,-11,-17,-8,-21,-10,-20,-10,-19,-9,-20,-8,-17,-9,-16,-7,-19,-7,-17,-9,-16,-7,-17,-7,-14,-7,-15,-9,-14,-7,-14,-7,-14,-7,-12,-8,-12,-7,-11,-7,-10,-7,-10,-7,-7,-6,-7,-7,0,0,0,0,0,0,0,0,0,0]"""
1782116240444,2026-06-22T17:17:20.444,safe,transition,yja,stand_to_sit,t007,"CSI_DATA,1075847,1a:00:00:00:00:00,-64,11,-99,16,48,11,-1042703295,47,2,256,0,""[0,0,0,0,0,0,0,0,0,0,0,0,-7,-5,-6,-5,-8,-7,-7,-7,-8,-9,-6,-7,-7,-7,-7,-9,-6,-9,-8,-11,-7,-11,-5,-11,-5,-12,-7,-12,-7,-10,-7,-14,-6,-11,-9,-14,-5,-14,-7,-16,-9,-18,-3,-13,-9,-15,-6,-15,-4,-14,-5,-14,-7,-14,-7,-11,-7,-17,-7,-13,-9,-14,-7,-14,-10,-14,-9,-14,-11,-12,-9,-11,-11,-13,-11,-13,-11,-12,-13,-12,-12,-9,-14,-12,-13,-10,-16,-9,-14,-9,-18,-7,-16,-10,-18,-7,-18,-9,-18,-9,-19,-10,-16,-9,-17,-7,-22,-8,-20,-8,-20,-7,-23,-7,0,0,0,0,0,0,-4,20,-3,27,-5,21,0,24,-3,25,-1,21,-3,27,-1,21,-1,25,-1,22,0,22,0,23,0,20,1,24,1,22,0,19,2,22,3,21,5,18,3,23,4,18,9,21,5,19,8,22,9,21,7,18,10,20,9,20,8,20,9,20,11,18,9,14,12,22,9,18,12,17,8,16,12,18,11,20,11,18,9,17,8,19,7,18,5,20,7,18,7,15,6,18,5,14,7,16,3,12,5,16,2,14,3,13,1,12,2,12,0,12,0,11,-1,10,0,0,0,0,0,0,0,0,0,0]"""
1782116240453,2026-06-22T17:17:20.453,safe,transition,yja,stand_to_sit,t007,"CSI_DATA,1075848,1a:00:00:00:00:00,-63,11,-99,17,48,11,-1042693496,47,2,256,0,""[0,0,0,0,0,0,0,0,0,0,0,0,-1,8,-1,7,-3,9,-3,8,-4,8,-3,10,-5,11,-6,12,-6,8,-6,10,-7,10,-8,10,-8,10,-8,10,-7,9,-12,11,-11,10,-11,11,-13,8,-10,11,-11,11,-12,8,-14,11,-12,9,-12,8,-14,9,-14,10,-10,10,-14,10,-11,8,-12,11,-11,10,-12,11,-11,10,-11,11,-11,11,-12,12,-11,13,-11,11,-10,13,-7,12,-11,15,-9,13,-8,15,-10,13,-8,20,-10,17,-8,18,-8,18,-9,18,-10,18,-10,17,-7,18,-10,23,-10,20,-7,19,-8,22,0,0,0,0,0,0,20,7,23,8,20,5,23,5,24,8,22,5,25,6,20,5,23,6,22,6,22,5,23,4,20,4,22,5,22,3,19,5,20,4,21,2,19,0,23,1,20,0,22,-2,18,0,21,-1,22,-1,17,0,23,0,22,-1,21,1,22,0,23,-1,19,-4,23,0,19,-1,23,-3,19,0,23,-3,22,1,20,0,18,0,20,1,21,3,19,4,18,3,17,2,19,5,15,3,17,3,14,5,17,5,15,6,13,6,10,6,11,7,10,6,7,8,8,7,0,0,0,0,0,0,0,0,0,0]"""
1782116240475,2026-06-22T17:17:20.475,safe,transition,yja,stand_to_sit,t007,"CSI_DATA,1075850,1a:00:00:00:00:00,-64,11,-99,20,47,11,-1042671448,47,2,256,0,""[0,0,0,0,0,0,0,0,0,0,0,0,18,-8,22,-5,24,0,0,12,12,1,35,3,15,11,-1,12,20,-4,9,-1,12,7,14,10,9,7,12,7,12,9,7,5,6,14,6,13,4,12,3,17,1,15,3,11,4,14,7,16,9,15,7,15,6,14,5,15,4,14,5,15,4,14,5,16,5,15,6,14,6,14,6,16,7,12,11,15,10,13,9,11,11,12,9,12,12,15,11,12,14,16,12,16,12,13,13,15,12,14,16,13,18,12,16,11,17,14,18,14,20,12,19,14,16,14,0,0,0,0,0,0,14,-20,12,-18,15,-23,16,-19,9,-18,13,-21,12,-18,13,-22,9,-18,13,-23,12,-21,11,-20,11,-16,9,-18,7,-23,6,-21,4,-21,4,-19,5,-20,7,-18,4,-24,3,-17,5,-23,7,-22,5,-22,5,-18,2,-20,0,-22,0,-20,0,-22,1,-20,1,-21,3,-19,1,-23,2,-20,4,-26,7,-22,3,-20,5,-19,5,-18,5,-19,2,-22,3,-20,3,-17,5,-18,5,-16,7,-17,6,-15,10,-16,9,-14,9,-11,9,-11,8,-10,7,-10,9,-10,8,-9,9,-7,0,0,0,0,0,0,0,0,0,0]"""
1782116240486,2026-06-22T17:17:20.486,safe,transition,yja,stand_to_sit,t007,"CSI_DATA,1075851,1a:00:00:00:00:00,-64,11,-99,16,48,11,-1042660610,47,2,256,0,""[0,0,0,0,0,0,0,0,0,0,0,0,-4,8,-5,7,-5,8,-5,7,-8,7,-6,7,-5,8,-7,10,-7,10,-9,9,-12,5,-11,7,-11,7,-12,6,-13,6,-13,8,-12,7,-16,7,-12,6,-12,6,-16,5,-14,9,-15,9,-15,3,-14,5,-14,6,-16,6,-14,6,-16,7,-13,5,-16,5,-11,5,-11,8,-12,9,-12,9,-12,12,-14,10,-14,8,-12,11,-14,11,-12,11,-13,12,-11,12,-14,12,-9,12,-11,15,-12,16,-10,17,-11,18,-11,18,-12,14,-12,18,-12,17,-11,20,-15,17,-9,18,-11,20,0,0,0,0,0,0,18,11,22,16,16,11,20,12,23,13,17,11,21,12,18,9,20,13,17,8,19,7,22,7,22,5,23,7,19,11,20,6,20,5,22,7,19,6,22,4,18,3,22,5,17,2,21,1,21,1,22,0,24,0,19,5,21,2,22,1,22,3,22,1,24,3,20,2,22,3,18,0,21,0,20,0,21,-1,23,1,22,3,18,6,19,4,18,6,17,6,18,5,14,6,16,8,12,5,14,6,13,5,14,5,14,7,11,7,9,7,7,8,6,8,0,0,0,0,0,0,0,0,0,0]"""
1782116240500,2026-06-22T17:17:20.500,safe,transition,yja,stand_to_sit,t007,"CSI_DATA,1075852,1a:00:00:00:00:00,-63,11,-99,17,48,11,-1042647037,47,2,256,0,""[0,0,0,0,0,0,0,0,0,0,0,0,0,8,0,8,-2,6,-2,10,-2,8,-5,11,-6,10,-7,9,-8,8,-7,8,-8,10,-8,10,-9,10,-10,8,-11,8,-11,6,-15,8,-14,6,-16,6,-15,6,-13,5,-15,3,-13,2,-16,6,-15,5,-16,4,-15,3,-17,1,-15,1,-17,1,-15,1,-19,1,-18,0,-16,0,-16,0,-14,-1,-15,2,-17,4,-15,3,-14,3,-17,1,-15,1,-18,2,-17,3,-23,1,-20,0,-18,0,-20,0,-17,1,-19,3,-22,5,-20,3,-22,0,-22,0,-23,4,-24,2,-24,-1,0,0,0,0,0,0,0,23,-1,21,-2,28,-5,23,-2,18,-3,25,-2,20,-4,24,-2,19,-6,25,-6,24,-6,21,-6,20,-3,18,-2,23,-1,22,-1,22,-1,19,-4,19,-4,18,-5,23,-3,20,-6,23,-7,22,-6,20,-6,19,-4,17,-3,23,-3,20,-4,20,-5,18,-6,19,-6,17,-7,21,-9,18,-11,23,-14,18,-12,17,-14,17,-13,12,-11,13,-13,17,-11,15,-11,12,-13,11,-12,9,-15,10,-14,8,-18,7,-14,3,-13,3,-15,1,-12,0,-12,1,-13,1,-11,0,-11,-1,0,0,0,0,0,0,0,0,0,0]"""
1782116240521,2026-06-22T17:17:20.521,safe,transition,yja,stand_to_sit,t007,"CSI_DATA,1075854,1a:00:00:00:00:00,-64,11,-99,17,48,11,-1042627011,47,2,256,0,""[0,0,0,0,0,0,0,0,0,0,0,0,-8,-1,-6,-1,-10,-4,-8,-3,-10,-6,-8,-3,-8,-3,-11,-5,-10,-5,-12,-5,-10,-6,-11,-6,-11,-6,-10,-9,-9,-8,-13,-11,-10,-10,-12,-12,-9,-9,-8,-10,-13,-11,-11,-11,-15,-11,-10,-10,-11,-10,-13,-10,-13,-11,-12,-8,-12,-14,-10,-11,-12,-10,-9,-8,-13,-8,-12,-8,-15,-5,-16,-7,-17,-6,-13,-6,-16,-6,-17,-6,-17,-5,-18,-7,-15,-6,-18,-3,-11,-2,-19,0,-18,-2,-19,3,-22,-1,-20,0,-18,-1,-22,-1,-23,0,-22,1,-22,0,-20,0,-22,3,0,0,0,0,0,0,3,22,3,27,2,18,4,24,7,28,3,20,4,25,4,20,5,25,8,18,6,18,11,20,9,21,12,21,8,17,11,18,13,18,11,19,11,16,13,22,11,17,12,18,11,13,13,13,17,14,16,15,20,15,14,13,16,13,19,12,19,15,17,11,18,18,13,15,16,13,11,10,17,11,15,13,18,9,18,15,17,12,11,13,15,14,14,16,13,13,11,16,8,14,11,13,7,8,10,11,8,11,11,11,7,12,9,11,4,11,4,10,3,10,0,0,0,0,0,0,0,0,0,0]"""
1782116240530,2026-06-22T17:17:20.530,safe,transition,yja,stand_to_sit,t007,"CSI_DATA,1075855,1a:00:00:00:00:00,-63,11,-99,12,49,11,-1042616611,47,2,256,0,""[0,0,0,0,0,0,0,0,0,0,0,0,8,0,9,0,8,1,10,1,8,0,12,3,12,4,11,3,11,5,9,5,12,7,10,8,9,9,9,9,11,11,8,9,11,11,11,9,11,15,8,15,7,14,6,14,6,13,7,16,7,14,5,14,5,14,7,14,5,11,7,16,6,13,7,19,5,16,5,15,4,14,5,13,7,13,8,15,5,14,5,12,7,16,9,12,10,16,7,15,10,22,8,16,9,18,7,18,7,15,7,18,10,20,9,18,11,20,7,20,10,20,9,24,8,20,0,0,0,0,0,0,24,-9,18,-5,28,-9,22,-8,18,-5,24,-8,18,-5,24,-7,18,-6,26,-6,24,-5,20,-5,19,-5,18,-2,23,-5,21,-5,21,-3,20,-4,21,-6,17,-5,22,-7,18,-7,25,-5,23,-5,19,-4,20,-3,18,-3,21,-4,21,-3,21,-3,18,-3,22,-3,18,-3,23,-3,18,-3,27,0,22,1,20,0,20,2,18,2,18,3,21,3,18,5,14,5,17,7,14,4,19,6,14,5,18,11,12,9,12,9,9,10,8,9,7,9,8,11,6,10,4,10,0,0,0,0,0,0,0,0,0,0]"""
1782116240564,2026-06-22T17:17:20.564,safe,transition,yja,stand_to_sit,t007,"CSI_DATA,1075858,1a:00:00:00:00:00,-64,11,-99,18,48,11,-1042583611,47,2,256,0,""[0,0,0,0,0,0,0,0,0,0,0,0,6,-4,7,-4,9,-4,7,-4,10,-3,9,-3,8,-4,9,-4,11,-4,14,-3,12,0,14,0,12,0,16,1,15,1,15,1,14,3,14,3,14,3,14,1,17,4,17,2,15,5,14,6,15,6,13,7,14,9,14,7,16,8,14,7,14,8,12,6,14,4,15,3,15,4,18,5,14,7,13,8,17,6,17,9,17,7,15,8,15,7,18,7,12,4,16,1,17,1,20,1,23,5,22,5,16,7,21,10,19,7,19,6,19,11,21,6,22,6,0,0,0,0,0,0,10,-22,12,-25,7,-19,9,-21,12,-23,11,-19,12,-20,11,-20,13,-21,9,-15,7,-19,6,-22,8,-23,8,-22,12,-17,11,-19,9,-18,11,-19,10,-20,10,-18,8,-17,11,-19,7,-15,5,-17,5,-19,7,-22,7,-20,11,-15,11,-20,11,-19,12,-19,11,-20,13,-19,11,-19,12,-18,10,-15,9,-17,10,-19,10,-19,14,-18,14,-15,15,-10,16,-12,17,-11,15,-12,15,-9,15,-7,17,-7,11,-5,13,-7,12,-6,12,-6,14,-6,14,-2,11,1,12,1,11,1,0,0,0,0,0,0,0,0,0,0]"""
1782116240575,2026-06-22T17:17:20.575,safe,transition,yja,stand_to_sit,t007,"CSI_DATA,1075859,1a:00:00:00:00:00,-64,11,-99,16,48,11,-1042572165,47,2,256,0,""[0,0,0,0,0,0,0,0,0,0,0,0,-8,-3,-6,-3,-9,-4,-7,-3,-9,-6,-9,-5,-7,-5,-11,-8,-8,-7,-12,-7,-9,-8,-10,-9,-9,-8,-11,-9,-8,-7,-12,-13,-11,-9,-12,-12,-9,-10,-8,-11,-12,-14,-10,-11,-14,-12,-9,-11,-9,-11,-11,-12,-12,-12,-11,-9,-12,-14,-11,-9,-13,-10,-9,-7,-14,-8,-12,-8,-14,-7,-14,-9,-16,-8,-14,-7,-16,-7,-17,-5,-16,-4,-20,-7,-16,-5,-17,-1,-14,-3,-20,0,-19,-4,-20,2,-21,-1,-21,0,-18,-1,-21,-1,-20,1,-24,0,-22,1,-20,0,-21,5,0,0,0,0,0,0,5,24,7,25,4,18,8,22,9,27,7,20,7,24,7,18,9,22,9,18,9,20,13,20,10,20,14,20,10,17,11,18,13,16,14,17,14,13,16,19,12,14,17,14,14,11,15,12,18,13,16,11,20,13,16,11,17,14,19,10,20,11,19,8,20,15,16,11,20,9,13,7,21,9,17,11,19,7,19,11,18,11,14,11,16,12,16,11,16,9,14,12,12,11,15,8,9,7,13,10,11,9,12,9,9,10,9,9,7,9,6,9,5,9,0,0,0,0,0,0,0,0,0,0]"""
1782116240588,2026-06-22T17:17:20.588,safe,transition,yja,stand_to_sit,t007,"CSI_DATA,1075860,1a:00:00:00:00:00,-64,11,-99,17,48,11,-1042559234,47,2,256,0,""[0,0,0,0,0,0,0,0,0,0,0,0,-1,-8,0,-10,0,-8,0,-9,2,-10,0,-11,0,-11,0,-10,-1,-13,0,-11,3,-12,1,-13,1,-13,5,-12,5,-15,3,-13,5,-14,6,-14,4,-14,4,-14,5,-14,4,-16,3,-16,7,-14,5,-15,3,-16,5,-17,6,-17,3,-13,6,-15,7,-14,3,-16,3,-15,1,-16,0,-15,0,-18,0,-17,2,-17,-1,-17,-1,-17,0,-18,-1,-17,-1,-19,0,-18,-5,-17,-4,-15,-7,-18,-7,-18,-8,-17,-8,-16,-7,-18,-10,-20,-11,-22,-10,-18,-8,-21,-12,-20,-10,-20,0,0,0,0,0,0,-22,11,-21,10,-20,12,-21,10,-20,11,-23,11,-18,9,-20,11,-18,10,-18,15,-17,15,-15,14,-15,18,-14,14,-17,12,-15,17,-13,15,-15,15,-16,17,-11,16,-13,18,-15,14,-10,17,-8,18,-8,17,-7,20,-8,18,-11,17,-8,20,-7,22,-10,20,-11,22,-9,18,-10,19,-11,18,-8,20,-8,18,-6,20,-7,20,-8,22,-6,17,-11,17,-8,17,-11,16,-12,15,-10,14,-11,14,-11,11,-11,13,-9,11,-9,12,-9,11,-10,11,-8,8,-10,6,-9,7,-10,5,0,0,0,0,0,0,0,0,0,0]"""
1782116240599,2026-06-22T17:17:20.599,safe,transition,yja,stand_to_sit,t007,"CSI_DATA,1075861,1a:00:00:00:00:00,-63,11,-99,16,48,11,-1042550611,47,2,256,0,""[0,0,0,0,0,0,0,0,0,0,0,0,-4,-6,-5,-9,-2,-6,-4,-9,-4,-5,-5,-12,-4,-12,-3,-9,-3,-10,-1,-9,-3,-12,-3,-14,-3,-13,-3,-13,-2,-16,-1,-11,-1,-17,-2,-13,-2,-18,0,-17,-1,-16,0,-13,0,-14,-3,-16,-1,-16,-3,-15,-2,-14,-3,-18,-1,-12,-4,-16,-3,-14,-4,-20,-3,-15,-5,-15,-4,-14,-5,-14,-6,-13,-9,-14,-8,-14,-7,-10,-9,-15,-9,-10,-14,-14,-10,-11,-18,-18,-13,-14,-15,-12,-12,-15,-12,-12,-14,-11,-20,-12,-18,-10,-19,-12,-16,-11,-19,-10,-24,-13,-19,-13,0,0,0,0,0,0,-12,21,-9,16,-9,26,-11,20,-7,15,-8,24,-6,17,-8,25,-5,18,-9,27,-6,23,-5,20,-4,21,-4,18,-1,24,0,21,0,20,0,19,-1,22,1,16,1,24,1,18,1,25,0,22,3,20,0,19,4,17,7,21,7,21,7,19,5,18,6,24,5,15,7,20,6,18,9,27,3,22,7,20,4,22,3,17,5,18,7,20,6,19,3,15,3,18,3,14,4,20,0,14,1,21,0,14,0,16,-2,14,-1,12,0,11,-1,15,-1,12,-1,11,0,0,0,0,0,0,0,0,0,0]"""
1782116240611,2026-06-22T17:17:20.611,safe,transition,yja,stand_to_sit,t007,"CSI_DATA,1075862,1a:00:00:00:00:00,-63,11,-99,16,48,11,-1042536922,47,2,256,0,""[0,0,0,0,0,0,0,0,0,0,0,0,-3,6,-7,7,-4,5,-7,8,-5,6,-11,8,-11,6,-9,4,-10,7,-9,3,-12,6,-14,5,-12,1,-12,2,-16,3,-11,2,-16,4,-14,2,-19,3,-16,0,-14,0,-14,1,-12,-1,-16,0,-16,-1,-16,-1,-15,-1,-18,-3,-12,0,-17,0,-12,0,-21,-1,-16,-1,-15,-1,-15,-1,-15,0,-14,-1,-17,1,-16,0,-13,0,-16,-1,-14,3,-20,4,-16,0,-25,2,-19,0,-22,3,-20,0,-18,3,-16,0,-22,3,-20,3,-24,1,-21,1,-20,3,-25,2,-21,2,0,0,0,0,0,0,0,26,0,16,1,30,2,23,0,16,2,29,1,16,1,25,1,16,0,29,1,25,0,20,3,22,-2,18,0,23,0,22,0,20,0,19,0,24,2,16,3,24,1,17,1,26,3,22,2,18,1,19,1,16,3,22,1,21,1,21,0,19,0,24,2,14,3,23,0,18,0,29,-1,21,0,20,-3,21,-2,19,-3,16,-3,22,-5,18,-4,14,-7,18,-3,14,-7,19,-7,13,-11,18,-7,11,-8,12,-10,10,-8,9,-8,7,-11,7,-9,6,-11,5,0,0,0,0,0,0,0,0,0,0]"""
1782116240620,2026-06-22T17:17:20.620,safe,transition,yja,stand_to_sit,t007,"CSI_DATA,1075863,1a:00:00:00:00:00,-63,11,-99,17,48,11,-1042528611,47,2,256,0,""[0,0,0,0,0,0,0,0,0,0,0,0,-3,7,-4,7,-5,8,-5,7,-5,8,-7,8,-8,8,-10,10,-6,7,-8,8,-10,9,-10,9,-9,8,-10,8,-9,8,-13,8,-11,8,-13,8,-12,9,-11,9,-12,10,-12,8,-14,11,-13,9,-13,8,-13,10,-11,9,-10,9,-13,10,-10,10,-11,12,-11,11,-10,13,-10,11,-9,13,-8,11,-11,14,-9,16,-8,13,-8,14,-5,13,-8,17,-6,16,-4,17,-5,19,-3,21,-3,18,-2,20,-1,17,-3,20,-2,22,-2,18,0,18,-2,26,-1,21,0,19,2,24,0,0,0,0,0,0,22,-4,23,-1,24,-4,25,-6,23,-3,21,-5,24,-5,20,-5,23,-8,23,-6,23,-8,22,-8,20,-7,21,-8,21,-10,20,-9,19,-10,16,-10,14,-10,18,-11,15,-11,17,-15,16,-13,17,-15,15,-15,13,-13,15,-16,14,-17,13,-15,13,-17,13,-15,9,-16,15,-18,11,-16,13,-18,13,-17,13,-20,13,-16,12,-17,12,-14,14,-16,13,-17,13,-14,11,-13,10,-13,13,-12,10,-11,11,-13,12,-11,13,-12,10,-10,10,-9,10,-7,10,-8,11,-6,10,-5,10,-4,0,0,0,0,0,0,0,0,0,0]"""
1782116240631,2026-06-22T17:17:20.631,safe,transition,yja,stand_to_sit,t007,"CSI_DATA,1075864,1a:00:00:00:00:00,-64,11,-99,15,48,11,-1042515984,47,2,256,0,""[0,0,0,0,0,0,0,0,0,0,0,0,-8,26,-12,27,-24,14,0,-4,-12,13,-30,0,-17,0,-2,11,-31,-1,-22,1,-16,-2,-13,-6,-17,-1,-14,0,-9,-1,-12,-2,-10,1,-18,7,-9,0,-15,2,-16,4,-13,4,-20,5,-14,2,-16,2,-16,3,-17,3,-14,4,-20,3,-13,3,-17,4,-11,3,-14,7,-16,4,-14,8,-14,6,-18,8,-14,6,-16,7,-15,9,-12,8,-18,10,-12,8,-14,14,-10,8,-14,14,-16,11,-13,14,-14,16,-16,16,-14,12,-16,15,-14,14,-18,19,-14,16,-12,14,-12,20,0,0,0,0,0,0,18,11,22,17,14,10,20,12,26,16,15,10,22,15,16,8,24,14,15,9,18,10,22,12,20,9,24,9,18,9,18,10,20,9,20,8,16,4,24,8,16,5,22,6,16,2,19,2,21,3,22,2,26,4,20,4,20,4,22,3,23,1,18,0,27,4,17,3,24,1,16,2,22,0,21,4,20,1,22,3,22,4,17,6,18,8,19,6,15,3,20,7,13,6,17,5,10,4,15,6,12,7,14,6,12,6,13,10,8,6,8,9,6,8,0,0,0,0,0,0,0,0,0,0]"""
1782116240641,2026-06-22T17:17:20.641,safe,transition,yja,stand_to_sit,t007,"CSI_DATA,1075865,1a:00:00:00:00:00,-64,11,-99,17,48,11,-1042506230,47,2,256,0,""[0,0,0,0,0,0,0,0,0,0,0,0,-6,-6,-3,-5,-6,-9,-5,-8,-5,-10,-4,-8,-5,-8,-5,-10,-3,-11,-5,-13,-5,-11,-3,-11,-3,-14,-3,-14,-4,-12,-5,-15,-4,-12,-6,-15,-3,-14,-3,-15,-3,-18,-3,-14,-5,-15,-4,-15,-3,-15,-3,-15,-6,-15,-5,-11,-6,-17,-6,-14,-9,-14,-6,-12,-10,-14,-8,-15,-9,-13,-10,-11,-11,-13,-11,-11,-10,-13,-13,-12,-13,-8,-14,-11,-14,-8,-17,-8,-13,-8,-18,-6,-17,-8,-17,-5,-20,-7,-20,-7,-20,-8,-18,-6,-19,-3,-24,-5,-22,-4,-20,-5,-22,-1,0,0,0,0,0,0,0,22,0,25,0,21,3,22,2,26,3,20,3,26,4,20,6,24,5,20,6,22,7,21,6,20,9,23,8,19,6,18,8,20,10,20,11,15,12,20,11,14,16,16,11,13,15,16,16,16,13,14,17,15,16,14,15,15,17,14,18,13,16,9,19,15,16,11,19,10,14,11,20,12,17,13,17,12,17,10,18,12,17,11,15,13,17,13,14,9,15,11,11,10,16,10,11,8,13,10,10,10,10,9,10,8,9,11,7,10,5,9,5,8,0,0,0,0,0,0,0,0,0,0]"""
1782116240651,2026-06-22T17:17:20.651,safe,transition,yja,stand_to_sit,t007,"CSI_DATA,1075866,1a:00:00:00:00:00,-64,11,-99,18,48,11,-1042495611,47,2,256,0,""[0,0,0,0,0,0,0,0,0,0,0,0,8,-3,8,-3,12,-2,10,-2,11,0,9,0,8,-2,11,-1,12,-1,14,0,11,2,13,2,12,2,14,5,15,4,15,4,14,3,14,7,12,6,12,3,14,5,15,5,15,6,12,9,14,10,12,7,13,11,13,9,14,11,13,9,14,9,9,6,14,4,14,4,18,4,18,4,16,6,9,8,15,8,17,9,19,4,17,7,16,5,17,6,15,3,17,1,19,0,20,-2,23,3,22,3,16,8,22,6,21,5,20,3,20,8,21,5,23,3,0,0,0,0,0,0,5,-24,9,-26,4,-19,3,-21,5,-25,8,-21,7,-23,6,-22,8,-23,5,-17,1,-18,0,-22,0,-23,3,-25,7,-17,5,-20,4,-20,7,-22,4,-22,4,-23,1,-19,3,-21,1,-15,-1,-17,0,-20,0,-23,0,-23,5,-17,3,-22,1,-20,4,-22,1,-23,4,-24,4,-20,3,-21,3,-17,0,-19,1,-20,0,-21,3,-22,6,-21,9,-15,9,-19,11,-18,9,-18,9,-15,9,-13,10,-14,6,-9,7,-13,7,-12,7,-12,10,-12,9,-9,9,-3,11,-4,11,-4,0,0,0,0,0,0,0,0,0,0]"""
1782116240663,2026-06-22T17:17:20.663,safe,transition,yja,stand_to_sit,t007,"CSI_DATA,1075867,1a:00:00:00:00:00,-64,11,-99,21,47,11,-1042484486,47,2,256,0,""[0,0,0,0,0,0,0,0,0,0,0,0,2,-8,3,-10,3,-8,3,-9,3,-8,4,-9,5,-10,6,-8,6,-13,8,-8,6,-10,9,-11,9,-10,9,-11,10,-12,7,-12,8,-13,8,-13,9,-11,10,-12,12,-10,9,-15,10,-13,9,-11,10,-13,8,-13,9,-13,10,-14,6,-14,6,-15,6,-15,7,-14,6,-14,6,-14,7,-15,4,-18,5,-15,1,-15,3,-15,1,-16,3,-17,-3,-17,-4,-18,-2,-19,-2,-20,-1,-16,-4,-19,-3,-20,-6,-18,-5,-21,-8,-18,-10,-20,-10,-21,-10,-18,-13,-18,-11,-20,-10,-19,0,0,0,0,0,0,-20,16,-19,14,-18,15,-18,16,-18,15,-17,17,-13,16,-15,18,-15,17,-15,17,-13,17,-16,15,-12,22,-14,15,-11,18,-11,19,-9,17,-10,19,-10,20,-3,20,-3,20,-6,22,-5,20,-3,19,-5,20,-2,22,-3,20,-1,19,-3,20,-1,20,0,22,-1,23,3,19,4,21,2,23,1,22,-1,20,0,21,-1,22,1,22,0,21,1,20,0,19,0,19,-1,20,1,16,3,20,-1,17,-1,17,-1,13,-1,15,-3,14,-2,14,-3,11,-3,11,-4,12,-3,11,0,0,0,0,0,0,0,0,0,0]"""
1782116240674,2026-06-22T17:17:20.674,safe,transition,yja,stand_to_sit,t007,"CSI_DATA,1075868,1a:00:00:00:00:00,-64,11,-99,20,48,11,-1042473538,47,2,256,0,""[0,0,0,0,0,0,0,0,0,0,0,0,-1,-9,-1,-8,-1,-12,0,-8,0,-10,2,-8,0,-10,2,-13,2,-12,2,-15,3,-13,5,-11,5,-12,5,-13,4,-10,8,-17,6,-12,8,-13,7,-10,5,-10,9,-13,10,-13,11,-15,10,-13,9,-12,10,-13,11,-12,9,-11,12,-16,8,-10,11,-13,8,-9,8,-13,8,-13,7,-15,7,-14,12,-16,10,-12,10,-13,9,-16,5,-15,10,-17,8,-13,5,-20,5,-12,5,-19,8,-16,4,-19,6,-21,7,-21,8,-18,8,-19,5,-18,9,-23,8,-21,6,-17,5,-23,0,0,0,0,0,0,-22,-5,-27,-8,-16,-6,-23,-5,-29,-10,-17,-5,-27,-6,-18,-4,-26,-6,-18,-6,-19,-5,-23,-5,-21,-5,-24,-5,-19,-6,-20,-7,-21,-5,-22,-5,-17,-2,-25,-4,-18,-2,-23,-2,-16,-1,-19,-1,-22,-1,-22,-2,-24,-2,-20,-2,-21,-3,-23,-3,-23,-2,-19,-1,-26,-4,-18,-2,-23,-2,-16,-3,-21,-1,-21,-3,-20,-3,-20,-4,-21,-7,-17,-8,-17,-8,-19,-8,-15,-6,-19,-10,-12,-8,-17,-8,-9,-6,-14,-8,-10,-9,-12,-9,-11,-10,-9,-10,-6,-9,-5,-10,-4,-9,0,0,0,0,0,0,0,0,0,0]"""
1782116240696,2026-06-22T17:17:20.696,safe,transition,yja,stand_to_sit,t007,"CSI_DATA,1075870,1a:00:00:00:00:00,-64,11,-99,16,48,11,-1042451573,47,2,256,0,""[0,0,0,0,0,0,0,0,0,0,0,0,-7,0,-11,-1,-7,0,-11,-1,-9,0,-11,-2,-12,-2,-10,0,-12,-1,-10,-3,-12,-5,-12,-5,-14,-4,-14,-5,-16,-4,-11,-5,-14,-5,-12,-5,-16,-7,-18,-3,-13,-2,-17,-4,-11,-6,-14,-6,-16,-5,-14,-5,-13,-6,-16,-5,-12,0,-16,-2,-14,-3,-20,-1,-15,0,-17,1,-17,0,-16,0,-14,0,-16,1,-16,3,-14,2,-18,5,-12,6,-16,8,-16,6,-19,10,-13,7,-13,11,-16,11,-14,13,-15,12,-15,15,-15,12,-17,15,-14,13,-15,16,-15,19,-16,18,0,0,0,0,0,0,21,13,17,11,25,14,21,11,17,9,22,12,18,7,24,9,18,7,22,10,22,5,20,5,23,3,19,5,21,3,21,3,20,1,21,1,24,0,18,-2,22,-3,20,-1,25,-4,22,-5,19,-7,21,-7,17,-3,20,-6,20,-6,18,-6,20,-5,23,-7,15,-10,19,-12,19,-9,24,-12,18,-9,17,-14,20,-9,18,-9,17,-7,18,-10,17,-9,15,-6,17,-8,14,-9,17,-9,15,-4,19,-7,13,-5,14,-6,12,-3,14,-5,12,-2,12,-2,11,-1,11,-1,0,0,0,0,0,0,0,0,0,0]"""
1782116240711,2026-06-22T17:17:20.711,safe,transition,yja,stand_to_sit,t007,"CSI_DATA,1075871,1a:00:00:00:00:00,-64,11,-99,18,48,11,-1042436686,47,2,256,0,""[0,0,0,0,0,0,0,0,0,0,0,0,0,9,0,7,-1,11,0,9,-2,11,-3,9,-2,9,-3,12,-4,9,-2,14,-4,12,-4,11,-5,12,-6,12,-3,12,-8,15,-6,13,-7,14,-7,11,-7,15,-6,16,-9,13,-9,15,-7,13,-10,12,-10,11,-7,13,-4,12,-11,14,-7,12,-7,14,-6,13,-6,16,-8,14,-6,16,-6,15,-7,17,-5,15,-4,16,-3,17,0,15,-4,17,-2,16,0,17,-1,14,1,20,-3,19,2,19,1,22,0,21,0,20,0,19,0,19,1,24,3,22,2,20,6,23,0,0,0,0,0,0,22,-6,25,-7,20,-6,22,-9,25,-6,19,-7,26,-8,19,-7,23,-9,20,-6,19,-8,20,-10,19,-7,21,-11,18,-11,17,-8,19,-11,19,-11,13,-11,20,-13,14,-11,16,-14,14,-12,15,-15,15,-17,14,-14,15,-16,14,-16,15,-14,15,-15,15,-16,11,-15,18,-17,14,-15,12,-17,12,-12,14,-19,15,-14,14,-16,14,-13,15,-14,14,-12,17,-11,16,-13,11,-12,16,-11,14,-9,13,-12,11,-6,14,-10,12,-5,12,-8,13,-5,14,-4,11,-4,11,-1,11,-1,0,0,0,0,0,0,0,0,0,0]"""
1782116240721,2026-06-22T17:17:20.721,safe,transition,yja,stand_to_sit,t007,"CSI_DATA,1075872,1a:00:00:00:00:00,-63,11,-99,18,48,11,-1042429574,47,2,256,0,""[0,0,0,0,0,0,0,0,0,0,0,0,4,6,4,7,4,8,4,8,5,8,4,11,3,11,4,11,2,11,4,12,6,12,4,12,5,13,5,12,4,12,4,14,4,15,5,14,6,17,4,17,5,16,4,14,4,15,6,16,6,15,6,14,6,12,6,12,6,14,7,12,8,12,10,14,10,15,10,14,10,12,9,12,10,11,14,10,14,9,12,8,14,8,14,8,14,7,17,6,17,9,17,7,17,5,19,5,17,4,20,3,23,1,18,2,21,1,23,0,23,0,23,0,24,-1,0,0,0,0,0,0,-4,-23,-4,-23,-6,-25,-4,-23,-4,-21,-6,-20,-8,-22,-8,-22,-10,-19,-8,-22,-11,-22,-9,-19,-9,-17,-11,-18,-14,-17,-13,-15,-15,-14,-14,-14,-14,-12,-14,-14,-15,-14,-17,-12,-19,-12,-19,-12,-19,-10,-15,-11,-17,-10,-21,-8,-19,-7,-19,-6,-18,-7,-17,-6,-21,-7,-20,-5,-20,-6,-22,-6,-22,-6,-21,-6,-22,-6,-17,-6,-19,-6,-20,-4,-18,-5,-17,-3,-17,-4,-17,-6,-16,-6,-15,-4,-17,-7,-15,-7,-12,-6,-13,-6,-12,-6,-12,-6,-13,-7,-9,-6,-9,-5,0,0,0,0,0,0,0,0,0,0]"""
1782116240731,2026-06-22T17:17:20.731,safe,transition,yja,stand_to_sit,t007,"CSI_DATA,1075873,1a:00:00:00:00:00,-63,11,-99,16,48,11,-1042418611,47,2,256,0,""[0,0,0,0,0,0,0,0,0,0,0,0,-3,-7,-4,-9,-2,-7,-3,-9,-3,-8,-3,-12,-3,-11,-3,-11,0,-12,-1,-11,-1,-13,0,-13,0,-13,1,-13,0,-14,2,-14,3,-16,0,-14,3,-15,4,-16,2,-18,3,-12,3,-14,2,-16,3,-14,3,-15,3,-14,3,-16,5,-13,3,-15,3,-14,3,-18,3,-16,2,-16,1,-15,2,-15,1,-14,1,-18,0,-16,1,-16,0,-17,1,-16,0,-20,-1,-15,0,-22,-2,-21,-2,-19,-3,-19,-1,-17,-3,-17,-2,-21,-2,-18,-4,-22,-3,-22,-3,-23,-5,-23,-5,-22,0,0,0,0,0,0,-22,6,-20,6,-25,7,-23,7,-19,5,-25,7,-21,5,-24,7,-18,5,-25,6,-24,7,-21,9,-19,5,-18,7,-21,9,-20,7,-18,9,-17,9,-18,10,-18,8,-20,11,-16,9,-21,10,-20,12,-18,12,-16,8,-16,11,-18,12,-17,11,-17,12,-16,11,-18,13,-18,9,-19,12,-16,11,-21,11,-19,12,-18,10,-18,11,-16,7,-17,7,-19,9,-18,5,-17,5,-17,6,-16,2,-18,3,-14,3,-19,2,-16,1,-15,1,-15,0,-12,-1,-12,-1,-12,-3,-11,-1,-12,-3,0,0,0,0,0,0,0,0,0,0]"""
1782116240740,2026-06-22T17:17:20.740,safe,transition,yja,stand_to_sit,t007,"CSI_DATA,1075874,1a:00:00:00:00:00,-64,11,-99,14,48,11,-1042407611,47,2,256,0,""[0,0,0,0,0,0,0,0,0,0,0,0,6,6,5,5,7,7,6,7,7,9,4,7,6,6,6,9,6,11,7,12,4,11,4,13,3,13,4,15,4,15,3,16,3,15,3,15,1,13,4,12,3,14,4,18,2,17,0,15,0,16,0,15,0,17,3,17,2,19,1,17,2,12,0,13,7,13,1,16,5,15,4,18,6,16,0,15,4,20,6,23,5,16,4,14,4,17,9,20,6,7,7,11,9,21,9,15,9,22,17,17,5,15,15,20,17,16,12,16,14,25,15,18,16,18,0,0,0,0,0,0,22,-15,22,-15,17,-14,15,-14,22,-17,15,-11,19,-15,17,-15,19,-15,14,-10,11,-13,15,-17,15,-19,17,-17,14,-11,17,-13,15,-14,17,-16,14,-17,16,-17,11,-17,13,-17,11,-12,8,-16,11,-19,11,-19,13,-19,11,-14,14,-18,10,-17,13,-18,12,-19,15,-20,13,-18,11,-19,11,-12,8,-17,12,-17,11,-19,13,-20,15,-15,13,-10,17,-13,17,-14,15,-15,15,-9,15,-8,12,-11,10,-4,12,-9,10,-6,11,-9,15,-6,12,-5,8,-1,13,0,11,-1,0,0,0,0,0,0,0,0,0,0]"""
1782116240751,2026-06-22T17:17:20.751,safe,transition,yja,stand_to_sit,t007,"CSI_DATA,1075875,1a:00:00:00:00:00,-64,11,-99,18,48,11,-1042396102,47,2,256,0,""[0,0,0,0,0,0,0,0,0,0,0,0,-7,3,-11,1,-8,1,-10,1,-10,1,-11,2,-11,1,-11,0,-12,1,-11,0,-12,-1,-12,-1,-14,-1,-14,-1,-17,-4,-12,-1,-15,-3,-13,-4,-17,-4,-15,-2,-12,-4,-19,-1,-12,-4,-15,-5,-15,-4,-15,-4,-15,-6,-17,-7,-15,-3,-17,-2,-12,-4,-18,-1,-15,-2,-15,-1,-16,-3,-15,0,-14,0,-15,-1,-15,3,-15,0,-19,-1,-13,4,-19,2,-19,0,-21,5,-16,3,-19,4,-18,4,-20,8,-19,6,-21,7,-19,9,-22,7,-19,7,-21,9,-22,12,-20,10,0,0,0,0,0,0,11,25,9,20,12,23,7,22,8,18,7,24,9,19,12,22,8,17,14,21,12,19,9,18,15,17,12,16,12,17,12,17,14,14,14,15,14,20,14,11,17,14,12,15,19,14,17,13,14,14,19,12,14,11,15,13,17,14,18,11,17,12,17,17,16,9,18,11,14,13,22,13,15,12,19,11,18,13,17,12,14,10,15,14,15,11,14,12,14,16,12,9,13,14,7,13,11,15,7,12,9,12,6,12,7,12,4,11,4,11,4,11,3,11,0,0,0,0,0,0,0,0,0,0]"""
1782116240774,2026-06-22T17:17:20.774,safe,transition,yja,stand_to_sit,t007,"CSI_DATA,1075877,1a:00:00:00:00:00,-64,11,-99,17,48,11,-1042374612,47,2,256,0,""[0,0,0,0,0,0,0,0,0,0,0,0,6,-6,6,-6,8,-5,8,-5,8,-5,11,-5,11,-5,11,-6,10,-3,11,-4,12,-5,11,-6,13,-4,11,-3,13,-3,15,-1,16,-2,15,-1,17,0,16,0,15,0,15,1,16,-2,16,-1,16,0,14,-1,15,-1,17,-2,15,1,17,0,14,-1,17,-1,18,-2,16,-2,16,-3,15,-1,14,-4,17,-5,17,-4,16,-5,17,-7,15,-3,17,-6,14,-7,16,-8,18,-11,17,-7,14,-10,18,-8,17,-9,18,-10,17,-10,18,-13,18,-11,18,-11,19,-13,18,-13,0,0,0,0,0,0,-13,-18,-11,-17,-16,-19,-15,-18,-14,-15,-16,-18,-14,-18,-17,-20,-13,-16,-17,-18,-15,-17,-18,-14,-12,-14,-15,-14,-17,-13,-17,-11,-17,-12,-16,-12,-17,-12,-15,-12,-17,-13,-17,-10,-18,-13,-19,-12,-20,-9,-16,-13,-19,-7,-20,-9,-20,-9,-20,-8,-17,-8,-20,-7,-17,-11,-20,-11,-18,-8,-20,-12,-20,-10,-17,-12,-18,-11,-15,-12,-16,-11,-18,-11,-15,-12,-14,-11,-15,-11,-11,-11,-13,-13,-11,-10,-11,-12,-11,-13,-8,-11,-8,-10,-6,-11,-6,-10,-5,-11,-5,-10,-4,-9,0,0,0,0,0,0,0,0,0,0]"""
1782116240783,2026-06-22T17:17:20.783,safe,transition,yja,stand_to_sit,t007,"CSI_DATA,1075878,1a:00:00:00:00:00,-64,11,-99,16,48,11,-1042363612,47,2,256,0,""[0,0,0,0,0,0,0,0,0,0,0,0,-1,16,-2,18,3,26,-7,0,-3,14,20,19,-5,6,-11,11,-8,-11,-16,-3,-16,1,-16,2,-17,11,-17,9,-16,10,-19,12,-14,5,-14,4,-7,5,-14,6,-12,7,-12,2,-15,6,-14,5,-13,7,-15,7,-14,6,-11,5,-18,3,-16,3,-15,5,-12,4,-16,9,-14,5,-12,9,-14,6,-14,9,-14,9,-14,10,-14,10,-11,11,-18,9,-14,8,-12,11,-12,9,-16,15,-16,12,-11,17,-14,14,-12,17,-12,16,-12,16,-11,14,-16,20,-14,16,-11,16,-12,18,0,0,0,0,0,0,18,13,21,14,17,10,18,15,22,12,16,11,22,14,19,11,20,12,19,11,19,12,23,10,17,11,22,7,22,7,20,4,21,4,19,4,18,3,23,9,19,6,20,6,19,3,20,5,22,3,18,5,23,0,23,1,20,0,23,-1,21,1,18,0,24,5,20,4,21,4,19,3,24,2,21,4,20,1,20,5,20,5,20,5,20,5,18,5,17,3,18,10,14,9,15,6,11,6,16,9,11,8,12,6,10,9,11,7,9,9,7,7,7,7,0,0,0,0,0,0,0,0,0,0]"""
1782116240795,2026-06-22T17:17:20.795,safe,transition,yja,stand_to_sit,t007,"CSI_DATA,1075879,1a:00:00:00:00:00,-63,11,-99,18,48,11,-1042352545,47,2,256,0,""[0,0,0,0,0,0,0,0,0,0,0,0,-7,2,-9,0,-8,0,-9,0,-9,0,-12,-1,-12,-3,-11,-3,-11,-4,-11,-4,-14,-4,-11,-5,-12,-6,-11,-7,-11,-8,-11,-10,-12,-10,-11,-10,-11,-13,-9,-14,-8,-13,-7,-12,-8,-14,-9,-13,-9,-13,-10,-13,-9,-12,-7,-13,-7,-13,-7,-14,-7,-14,-7,-16,-7,-16,-6,-14,-6,-14,-5,-14,-7,-14,-9,-15,-8,-14,-7,-12,-7,-14,-8,-15,-9,-17,-8,-14,-10,-19,-9,-19,-9,-19,-7,-17,-7,-16,-9,-17,-10,-19,-9,-17,-10,-18,-9,-20,-11,-19,-9,-21,-9,-23,0,0,0,0,0,0,-22,7,-20,7,-23,9,-23,6,-20,6,-23,6,-22,6,-23,5,-20,5,-23,5,-24,5,-21,5,-20,3,-20,4,-23,7,-21,7,-20,7,-18,6,-19,6,-20,5,-21,5,-20,5,-22,4,-22,3,-20,4,-19,2,-21,4,-21,5,-20,5,-21,4,-19,4,-20,3,-21,1,-20,2,-21,1,-23,0,-23,-3,-20,-2,-21,-3,-17,-5,-19,-3,-22,-3,-19,-6,-16,-6,-15,-7,-15,-7,-16,-9,-14,-7,-15,-10,-12,-11,-11,-9,-9,-11,-6,-9,-8,-10,-7,-11,-4,-9,-4,-10,0,0,0,0,0,0,0,0,0,0]"""
1782116240807,2026-06-22T17:17:20.807,safe,transition,yja,stand_to_sit,t007,"CSI_DATA,1075880,1a:00:00:00:00:00,-63,11,-99,17,48,11,-1042341612,47,2,256,0,""[0,0,0,0,0,0,0,0,0,0,0,0,-1,-8,-4,-10,-1,-6,-2,-10,-2,-8,-1,-12,0,-13,0,-11,0,-11,1,-10,0,-14,1,-13,3,-14,1,-12,3,-15,2,-12,2,-17,1,-13,4,-18,3,-16,4,-11,4,-15,5,-12,5,-17,5,-15,5,-16,4,-13,4,-17,3,-12,3,-15,1,-14,3,-20,3,-15,2,-15,4,-16,1,-14,1,-15,0,-17,1,-16,0,-14,0,-17,-3,-15,-5,-18,-3,-16,-5,-24,-2,-18,-4,-18,-2,-20,-4,-16,-5,-18,-7,-22,-6,-17,-7,-21,-6,-22,-9,-18,-8,-22,-8,-21,0,0,0,0,0,0,-22,10,-17,8,-26,13,-20,11,-15,8,-22,12,-16,8,-22,14,-13,10,-24,14,-20,14,-17,10,-17,11,-16,8,-18,15,-17,13,-16,11,-15,11,-16,13,-12,11,-15,18,-11,15,-18,19,-14,16,-11,14,-13,12,-11,13,-13,18,-13,17,-12,16,-11,15,-12,18,-8,14,-11,19,-10,17,-18,22,-14,16,-13,17,-16,17,-13,13,-12,15,-13,17,-13,13,-11,10,-13,12,-10,11,-13,15,-11,10,-17,11,-12,8,-13,8,-13,5,-11,5,-10,4,-13,6,-10,3,-11,2,0,0,0,0,0,0,0,0,0,0]"""
1782116240818,2026-06-22T17:17:20.818,safe,transition,yja,stand_to_sit,t007,"CSI_DATA,1075881,1a:00:00:00:00:00,-63,11,-99,18,48,11,-1042330588,47,2,256,0,""[0,0,0,0,0,0,0,0,0,0,0,0,-5,3,-9,5,-7,3,-9,4,-8,3,-12,2,-11,1,-9,2,-13,2,-11,-1,-13,-1,-13,-3,-13,-3,-12,-3,-15,-6,-10,-1,-15,-3,-14,-3,-16,-7,-16,-7,-12,-6,-15,-7,-11,-8,-13,-10,-12,-11,-12,-9,-11,-9,-13,-11,-10,-7,-14,-9,-12,-9,-17,-11,-9,-9,-12,-8,-12,-11,-12,-9,-13,-9,-14,-9,-11,-8,-10,-9,-12,-13,-12,-4,-18,-7,-13,-11,-20,-15,-12,-9,-18,-9,-16,-12,-15,-9,-13,-12,-20,-12,-17,-11,-19,-14,-17,-11,-17,-13,-20,-15,-17,-15,0,0,0,0,0,0,-17,17,-14,14,-21,22,-15,18,-13,12,-18,19,-12,12,-19,19,-13,12,-19,19,-17,17,-14,14,-15,17,-16,9,-18,14,-17,14,-16,13,-16,11,-19,15,-11,11,-14,17,-13,12,-19,17,-17,15,-14,11,-15,14,-15,9,-18,13,-19,11,-16,12,-15,9,-22,12,-13,12,-19,14,-15,10,-24,14,-19,9,-17,10,-19,7,-18,7,-15,5,-20,7,-18,4,-15,3,-20,0,-13,4,-19,3,-16,0,-21,-1,-13,-3,-15,-1,-13,-4,-12,-4,-11,-4,-11,-6,-9,-6,-9,-6,0,0,0,0,0,0,0,0,0,0]"""
1782116240827,2026-06-22T17:17:20.827,safe,transition,yja,stand_to_sit,t007,"CSI_DATA,1075882,1a:00:00:00:00:00,-64,11,-99,17,48,11,-1042319612,47,2,256,0,""[0,0,0,0,0,0,0,0,0,0,0,0,-7,3,-8,3,-10,2,-8,1,-11,0,-8,1,-10,4,-11,4,-13,5,-13,2,-11,0,-13,0,-13,0,-15,-2,-15,0,-16,0,-14,0,-17,-3,-12,-2,-12,0,-14,-1,-17,0,-16,0,-13,-5,-16,-3,-16,-3,-18,-4,-15,-1,-17,-3,-16,-1,-15,0,-13,0,-13,2,-17,4,-15,5,-17,5,-18,3,-14,0,-15,3,-17,1,-18,1,-17,5,-15,5,-18,3,-13,5,-11,8,-16,9,-15,13,-18,13,-18,11,-17,5,-20,10,-17,11,-18,11,-22,8,-20,13,-19,14,0,0,0,0,0,0,15,20,16,22,11,17,15,18,17,21,11,18,14,19,13,17,13,20,13,13,17,11,17,12,21,13,18,15,13,14,17,13,17,11,17,15,17,13,18,11,17,10,19,12,14,8,17,6,20,5,22,6,22,7,15,10,20,9,20,6,20,10,21,7,22,9,19,7,20,8,14,5,18,3,19,3,20,3,23,5,20,6,15,10,17,9,17,11,17,10,15,10,13,10,15,11,10,7,12,6,12,6,12,6,11,8,11,9,4,8,7,10,5,10,0,0,0,0,0,0,0,0,0,0]"""
1782116240839,2026-06-22T17:17:20.839,safe,transition,yja,stand_to_sit,t007,"CSI_DATA,1075883,1a:00:00:00:00:00,-64,11,-99,16,48,11,-1042307776,47,2,256,0,""[0,0,0,0,0,0,0,0,0,0,0,0,4,8,2,7,3,9,2,8,1,11,2,9,3,10,1,11,1,12,1,12,-3,12,-1,13,-1,13,-3,14,-3,14,-5,16,-3,14,-6,16,-4,12,-3,13,-4,16,-4,16,-6,17,-8,12,-7,14,-7,14,-9,14,-7,14,-9,16,-7,11,-10,14,-5,12,-5,14,-4,14,-5,15,-5,16,-6,16,-8,14,-5,16,-7,17,-7,15,-6,18,-6,15,-7,16,-3,14,-4,18,-3,19,-1,20,-2,20,-3,21,-6,18,-5,21,-5,20,-5,23,-6,20,-3,22,-5,22,0,0,0,0,0,0,21,7,25,9,18,5,22,7,25,8,18,10,24,8,19,6,22,10,20,5,21,5,22,5,23,3,23,4,19,7,20,6,20,3,20,7,18,4,22,4,18,4,22,7,17,3,20,0,20,2,23,0,24,1,19,6,20,3,21,3,23,5,19,3,24,5,19,5,22,7,16,3,19,2,20,4,21,3,21,6,20,7,16,12,16,9,16,11,14,10,15,11,12,11,12,12,9,8,11,9,11,10,11,10,9,11,9,10,4,11,4,12,3,11,0,0,0,0,0,0,0,0,0,0]"""
1782116240850,2026-06-22T17:17:20.850,safe,transition,yja,stand_to_sit,t007,"CSI_DATA,1075884,1a:00:00:00:00:00,-63,11,-99,17,48,11,-1042297612,47,2,256,0,""[0,0,0,0,0,0,0,0,0,0,0,0,1,-6,1,-10,1,-7,4,-11,3,-7,3,-10,4,-10,5,-8,4,-12,6,-8,6,-10,8,-11,9,-11,8,-11,11,-13,6,-10,10,-11,9,-9,12,-12,10,-12,8,-10,11,-13,8,-8,12,-10,11,-12,10,-11,11,-11,13,-13,8,-11,11,-14,9,-10,11,-15,9,-12,8,-14,9,-13,6,-14,6,-12,6,-14,6,-15,6,-14,9,-16,1,-14,4,-18,5,-16,4,-23,3,-16,1,-18,3,-18,1,-19,1,-18,0,-20,-2,-20,0,-23,0,-20,0,-23,-1,-27,0,-22,0,0,0,0,0,0,-26,2,-23,1,-27,1,-22,1,-17,4,-26,2,-17,2,-27,5,-18,3,-24,3,-22,5,-20,5,-21,8,-18,4,-20,6,-20,8,-19,9,-18,6,-22,10,-12,10,-18,13,-16,9,-19,12,-18,11,-17,10,-17,15,-15,10,-18,11,-18,14,-13,11,-15,12,-20,14,-11,13,-17,17,-15,11,-17,18,-16,13,-14,15,-17,13,-14,13,-14,10,-15,13,-15,11,-15,10,-18,8,-11,10,-16,11,-15,5,-17,9,-12,5,-14,6,-11,4,-13,5,-10,2,-13,1,-11,3,-11,1,0,0,0,0,0,0,0,0,0,0]"""
1782116240864,2026-06-22T17:17:20.864,safe,transition,yja,stand_to_sit,t007,"CSI_DATA,1075885,1a:00:00:00:00:00,-64,11,-99,18,48,11,-1042283042,47,2,256,0,""[0,0,0,0,0,0,0,0,0,0,0,0,1,9,1,7,2,10,1,8,1,13,1,9,1,10,2,12,1,12,1,14,0,12,0,12,0,14,-1,15,-1,14,-1,17,0,13,-3,15,-1,14,1,14,1,14,0,17,0,17,-3,15,-1,16,-1,15,-1,17,-1,14,0,18,0,15,0,17,3,13,3,15,5,15,6,16,6,15,6,16,3,15,7,15,7,17,7,14,9,17,7,14,11,17,9,10,12,13,14,11,15,11,17,13,18,13,14,14,16,15,17,13,19,12,16,15,19,11,22,11,0,0,0,0,0,0,12,-22,14,-25,9,-17,10,-20,10,-25,10,-17,11,-23,5,-20,12,-23,3,-17,1,-21,1,-22,0,-23,1,-25,4,-20,1,-20,0,-22,1,-22,0,-21,-3,-22,-2,-18,-1,-23,-4,-16,-6,-19,-7,-22,-9,-19,-8,-22,-5,-21,-7,-20,-9,-19,-9,-21,-8,-19,-9,-22,-9,-18,-7,-20,-9,-15,-11,-17,-12,-17,-13,-17,-12,-18,-10,-18,-4,-18,-8,-17,-7,-20,-6,-17,-6,-19,-4,-14,-4,-17,-4,-11,-5,-14,-5,-12,-6,-13,-4,-14,-4,-14,-1,-11,0,-12,0,-11,0,0,0,0,0,0,0,0,0,0]"""
1782116240873,2026-06-22T17:17:20.873,safe,transition,yja,stand_to_sit,t007,"CSI_DATA,1075886,1a:00:00:00:00:00,-64,11,-99,17,48,11,-1042274894,47,2,256,0,""[0,0,0,0,0,0,0,0,0,0,0,0,-5,8,-6,5,-7,8,-6,5,-9,5,-7,5,-7,7,-9,7,-11,7,-11,6,-11,5,-11,5,-12,5,-13,3,-13,1,-17,4,-13,3,-17,1,-11,1,-15,3,-17,3,-16,2,-18,3,-14,0,-15,1,-16,0,-17,0,-15,0,-18,-1,-15,-1,-17,0,-12,0,-15,1,-16,1,-15,2,-17,4,-18,2,-16,0,-17,1,-19,1,-15,0,-20,1,-16,1,-18,1,-13,3,-18,6,-17,7,-18,8,-21,6,-19,5,-17,3,-22,5,-22,6,-22,8,-20,3,-18,7,-21,6,0,0,0,0,0,0,6,22,6,27,3,18,4,23,8,26,1,19,5,25,6,20,3,27,5,18,6,18,7,21,8,22,10,23,5,20,8,19,8,20,6,21,6,19,8,22,8,16,7,22,6,15,7,17,9,20,11,19,11,22,5,19,8,19,10,18,10,20,8,18,8,23,6,18,5,20,6,16,8,18,7,19,9,18,6,20,5,21,1,19,3,20,0,20,0,18,1,18,-2,16,-2,18,0,13,-1,15,-1,14,0,15,-3,13,-3,13,-7,10,-6,10,-6,8,0,0,0,0,0,0,0,0,0,0]"""
1782116240883,2026-06-22T17:17:20.883,safe,transition,yja,stand_to_sit,t007,"CSI_DATA,1075887,1a:00:00:00:00:00,-64,11,-99,16,48,11,-1042264612,47,2,256,0,""[0,0,0,0,0,0,0,0,0,0,0,0,-6,-5,-9,-5,-5,-4,-7,-7,-7,-5,-9,-9,-8,-9,-4,-8,-7,-11,-5,-8,-8,-11,-7,-12,-7,-11,-7,-11,-8,-13,-6,-10,-7,-14,-6,-11,-8,-16,-6,-16,-3,-12,-7,-14,-5,-12,-7,-14,-8,-14,-7,-14,-7,-13,-8,-14,-7,-11,-10,-14,-8,-11,-11,-15,-9,-14,-9,-12,-9,-12,-9,-12,-9,-11,-14,-11,-12,-10,-11,-9,-13,-11,-13,-7,-17,-9,-15,-7,-22,-12,-15,-9,-17,-8,-18,-11,-15,-7,-16,-7,-22,-5,-18,-5,-22,-6,-20,-6,-22,-2,-25,-5,-20,-5,0,0,0,0,0,0,-3,24,-1,18,-3,28,-3,24,-1,18,0,26,0,19,1,27,2,18,0,28,0,24,-1,21,1,22,2,18,2,22,3,22,4,20,3,20,5,21,6,16,9,22,7,17,11,22,9,20,7,18,7,19,7,16,12,18,11,16,11,18,9,17,11,20,11,13,14,17,12,16,16,23,10,20,11,18,9,19,9,16,8,16,12,18,9,16,8,13,9,17,8,13,10,17,6,14,6,20,3,14,3,15,0,13,1,12,1,11,1,14,0,12,0,12,0,0,0,0,0,0,0,0,0,0]"""
1782116240899,2026-06-22T17:17:20.899,safe,transition,yja,stand_to_sit,t007,"CSI_DATA,1075888,1a:00:00:00:00:00,-64,11,-99,21,47,11,-1042249233,47,2,256,0,""[0,0,0,0,0,0,0,0,0,0,0,0,-3,6,-4,8,-5,7,-6,8,-6,6,-9,8,-10,6,-10,6,-11,5,-10,5,-12,6,-13,5,-12,5,-12,5,-13,3,-15,1,-16,1,-13,0,-18,0,-17,0,-15,0,-13,-2,-15,-3,-17,0,-15,-1,-15,-2,-15,-3,-15,-3,-15,-4,-16,-4,-15,-4,-17,-4,-17,-6,-15,-5,-15,-5,-13,-6,-15,-3,-18,-3,-15,-4,-15,-1,-15,-4,-15,-5,-17,-5,-17,-3,-21,-7,-18,-8,-19,-6,-17,-7,-17,-5,-18,-5,-22,-4,-19,-5,-21,-6,-21,-8,-21,-6,-22,-7,-21,-9,0,0,0,0,0,0,-11,23,-9,19,-11,22,-13,19,-11,18,-12,20,-11,20,-13,20,-11,18,-15,22,-15,19,-13,18,-14,15,-11,17,-11,20,-11,18,-9,18,-10,18,-11,17,-11,16,-12,17,-10,17,-13,20,-15,17,-12,17,-12,13,-13,15,-12,20,-12,17,-13,17,-13,15,-14,15,-15,15,-15,15,-14,14,-18,17,-19,12,-17,12,-17,8,-17,8,-17,8,-18,11,-17,8,-16,6,-17,5,-17,3,-18,3,-16,1,-18,0,-16,-1,-14,-2,-13,-3,-11,-4,-12,-3,-11,-4,-10,-5,-10,-5,0,0,0,0,0,0,0,0,0,0]"""
1782116240909,2026-06-22T17:17:20.909,safe,transition,yja,stand_to_sit,t007,"CSI_DATA,1075889,1a:00:00:00:00:00,-63,11,-99,16,48,11,-1042242612,47,2,256,0,""[0,0,0,0,0,0,0,0,0,0,0,0,7,-1,10,-1,8,0,11,-1,9,0,14,0,12,3,11,2,11,2,9,2,13,4,14,2,12,3,12,3,13,6,11,7,14,9,11,7,14,11,13,11,12,7,10,11,9,10,14,9,12,9,12,11,11,11,11,12,9,9,11,12,10,12,14,14,12,12,11,11,9,11,9,12,11,9,14,11,14,10,12,7,12,11,11,8,15,11,12,9,18,16,14,14,15,12,14,13,14,11,16,9,20,10,17,9,18,12,18,13,20,11,22,13,18,16,0,0,0,0,0,0,14,-20,12,-16,16,-24,17,-17,11,-15,16,-18,11,-15,16,-21,11,-15,18,-22,16,-18,13,-16,14,-15,12,-13,12,-20,11,-18,11,-18,9,-16,11,-18,11,-14,12,-19,9,-15,12,-21,14,-19,12,-16,11,-14,9,-16,10,-20,9,-19,10,-18,10,-17,12,-18,11,-14,13,-18,11,-14,17,-20,17,-14,14,-14,16,-14,15,-11,12,-12,14,-14,14,-14,13,-11,15,-9,14,-8,17,-9,14,-6,19,-6,16,-3,14,-3,14,0,12,0,11,-1,14,-1,11,0,11,1,0,0,0,0,0,0,0,0,0,0]"""
1782116240919,2026-06-22T17:17:20.919,safe,transition,yja,stand_to_sit,t007,"CSI_DATA,1075890,1a:00:00:00:00:00,-63,11,-99,21,47,11,-1042229776,47,2,256,0,""[0,0,0,0,0,0,0,0,0,0,0,0,6,-6,5,-5,8,-6,7,-6,8,-5,10,-4,9,-5,11,-6,10,-4,12,-5,13,-4,12,-3,13,-3,13,-4,11,-3,17,-3,16,-3,16,-3,13,0,14,-3,15,-5,15,-1,18,-3,16,-1,15,-1,17,0,17,-1,13,-4,18,-1,15,-1,17,-4,13,-2,16,-5,15,-3,16,-5,15,-5,17,-6,16,-5,17,-5,16,-7,13,-7,17,-9,15,-8,14,-10,13,-8,16,-14,16,-10,14,-15,15,-13,15,-13,15,-11,15,-13,14,-15,19,-17,17,-15,14,-13,15,-17,0,0,0,0,0,0,-17,-13,-19,-16,-17,-13,-22,-13,-22,-16,-17,-10,-21,-15,-16,-12,-21,-12,-17,-13,-19,-11,-22,-10,-18,-10,-22,-10,-21,-11,-18,-10,-20,-9,-20,-8,-17,-5,-23,-9,-18,-6,-22,-5,-18,-5,-20,-3,-22,-3,-18,-3,-23,-3,-21,-3,-19,-4,-22,-3,-22,-3,-19,0,-24,-5,-20,-3,-22,0,-17,-5,-23,-1,-20,-4,-21,-1,-22,-4,-22,-5,-18,-5,-18,-8,-18,-6,-17,-3,-18,-7,-15,-6,-16,-4,-12,-6,-16,-5,-13,-7,-13,-6,-10,-8,-13,-8,-9,-8,-8,-8,-6,-8,0,0,0,0,0,0,0,0,0,0]"""
1782116240929,2026-06-22T17:17:20.929,safe,transition,yja,stand_to_sit,t007,"CSI_DATA,1075891,1a:00:00:00:00:00,-64,11,-99,17,48,11,-1042220539,47,2,256,0,""[0,0,0,0,0,0,0,0,0,0,0,0,8,3,6,3,8,6,8,5,8,7,8,6,8,7,11,7,7,8,10,7,10,8,11,8,9,10,8,9,8,9,10,11,9,11,10,12,10,12,8,13,11,13,8,13,12,11,11,11,11,11,11,11,11,11,10,9,11,15,10,13,11,11,10,10,13,11,13,10,13,8,13,8,15,7,15,6,17,6,15,5,14,4,17,8,17,6,18,5,15,4,21,2,19,3,19,0,20,2,22,0,22,1,20,0,21,-1,25,0,23,0,21,0,23,-3,0,0,0,0,0,0,-3,-22,-5,-24,-5,-22,-5,-23,-8,-24,-6,-20,-6,-25,-6,-20,-8,-22,-10,-21,-10,-20,-13,-20,-9,-17,-13,-19,-13,-17,-14,-15,-15,-16,-13,-15,-12,-13,-15,-17,-13,-15,-16,-14,-15,-12,-17,-14,-18,-13,-15,-12,-19,-10,-20,-11,-18,-9,-20,-8,-18,-9,-17,-5,-21,-13,-16,-12,-18,-8,-17,-10,-22,-9,-18,-10,-18,-7,-18,-9,-19,-8,-18,-8,-17,-9,-16,-10,-14,-8,-15,-11,-13,-11,-16,-10,-11,-8,-14,-11,-10,-9,-12,-8,-8,-10,-10,-8,-7,-8,-7,-7,-6,-7,0,0,0,0,0,0,0,0,0,0]"""
1782116240939,2026-06-22T17:17:20.939,safe,transition,yja,stand_to_sit,t007,"CSI_DATA,1075892,1a:00:00:00:00:00,-63,11,-99,16,48,11,-1042209612,47,2,256,0,""[0,0,0,0,0,0,0,0,0,0,0,0,-4,-7,-11,27,12,5,18,12,21,19,9,9,-11,12,-18,21,3,7,-5,20,2,-1,-5,17,-5,18,-1,7,-3,20,-1,12,-4,6,-2,13,-3,12,0,16,0,14,-1,17,-3,18,-3,14,-5,17,-3,17,-3,17,0,15,-2,18,-1,14,1,16,0,12,1,16,0,15,3,16,3,16,4,16,3,14,3,17,5,18,5,15,8,18,7,13,9,17,7,12,11,14,11,15,12,14,14,15,14,18,11,15,14,14,16,15,17,16,16,15,16,14,18,14,0,0,0,0,0,0,14,-20,14,-22,10,-15,9,-20,14,-25,10,-16,12,-24,9,-17,10,-22,5,-18,7,-19,7,-20,4,-22,6,-24,7,-18,7,-21,4,-22,4,-22,1,-20,1,-24,0,-18,-1,-22,0,-17,-1,-20,-2,-20,-5,-22,-3,-24,-1,-20,-1,-22,-5,-21,-4,-22,-7,-18,-5,-25,-4,-20,-8,-20,-3,-14,-7,-19,-5,-20,-7,-21,-6,-21,-3,-22,-3,-17,-1,-20,-1,-21,-3,-18,-5,-20,-2,-15,-5,-18,-1,-12,-2,-15,-1,-13,-2,-16,0,-13,0,-14,0,-12,1,-11,2,-9,0,0,0,0,0,0,0,0,0,0]"""
1782116240949,2026-06-22T17:17:20.949,safe,transition,yja,stand_to_sit,t007,"CSI_DATA,1075893,1a:00:00:00:00:00,-63,11,-99,16,48,11,-1042198361,47,2,256,0,""[0,0,0,0,0,0,0,0,0,0,0,0,-7,2,-9,2,-9,0,-11,0,-9,1,-14,0,-11,1,-11,1,-10,0,-11,-1,-14,0,-12,-1,-13,-1,-12,-1,-14,0,-14,-1,-16,0,-14,0,-19,-3,-16,-3,-17,-2,-13,-2,-15,-1,-18,0,-15,-1,-16,-1,-14,0,-16,1,-14,-1,-17,0,-14,1,-19,1,-16,3,-16,2,-16,3,-14,3,-14,4,-16,6,-16,5,-14,7,-15,8,-12,7,-16,11,-13,10,-16,13,-14,15,-12,12,-14,14,-14,11,-13,14,-14,16,-11,15,-13,17,-13,18,-12,19,-12,20,-12,18,0,0,0,0,0,0,22,9,19,8,24,9,22,6,19,7,25,5,20,7,24,6,20,3,26,5,24,2,22,1,20,1,20,0,22,-1,22,0,21,0,20,-1,20,-3,18,-3,23,-5,18,-6,24,-5,21,-7,20,-9,17,-5,17,-9,20,-11,18,-9,18,-10,17,-9,17,-13,17,-8,21,-12,14,-11,22,-13,19,-12,18,-11,19,-11,16,-10,15,-9,17,-12,16,-8,15,-7,16,-9,14,-7,16,-10,13,-9,18,-7,14,-8,13,-6,13,-5,11,-3,12,-3,12,-4,11,-2,11,-3,0,0,0,0,0,0,0,0,0,0]"""
1782116240977,2026-06-22T17:17:20.977,safe,transition,yja,stand_to_sit,t007,"CSI_DATA,1075895,1a:00:00:00:00:00,-64,11,-99,16,48,11,-1042170281,47,2,256,0,""[0,0,0,0,0,0,0,0,0,0,0,0,2,7,1,9,2,8,0,9,0,9,1,11,0,12,-1,11,0,13,-3,11,-3,13,-3,12,-3,13,-5,13,-6,15,-2,11,-4,14,-4,14,-5,16,-7,15,-8,12,-5,16,-7,11,-9,14,-8,14,-7,14,-8,12,-8,14,-5,14,-5,16,-5,13,-6,16,-5,15,-4,16,-5,15,-4,16,-3,14,-1,15,-3,16,-3,15,-5,18,0,16,0,18,-1,18,0,21,-1,16,1,20,-1,18,2,20,1,22,1,22,1,21,2,22,3,20,4,22,4,23,3,23,0,0,0,0,0,0,25,-4,24,-3,25,-3,23,-5,20,-3,25,-4,20,-5,25,-7,21,-5,22,-5,22,-7,20,-3,20,-9,20,-5,20,-5,20,-5,20,-7,19,-5,22,-9,15,-10,17,-11,18,-9,20,-11,19,-12,18,-9,18,-13,18,-8,18,-10,19,-12,16,-11,18,-9,20,-11,14,-12,16,-14,18,-12,21,-14,18,-9,18,-12,19,-10,18,-11,18,-8,17,-9,18,-7,16,-5,18,-5,15,-8,16,-8,16,-4,18,-3,13,-1,14,-3,13,0,14,-1,12,0,13,0,11,1,11,1,0,0,0,0,0,0,0,0,0,0]"""
1782116241006,2026-06-22T17:17:21.006,safe,transition,yja,stand_to_sit,t007,"CSI_DATA,1075898,1a:00:00:00:00:00,-63,11,-99,18,48,11,-1042141185,47,2,256,0,""[0,0,0,0,0,0,0,0,0,0,0,0,6,-5,7,-7,5,-4,9,-6,8,-5,10,-6,10,-3,8,-4,12,-5,10,-1,12,-1,15,-3,13,-1,12,-1,17,-1,12,-1,16,-1,14,0,17,-1,17,0,15,0,17,0,14,3,16,1,16,1,16,3,15,3,18,4,14,0,17,0,15,4,17,0,15,0,16,-1,19,1,15,0,14,0,14,0,15,-2,16,0,19,0,14,-4,19,-3,17,-3,23,-1,17,-1,19,-4,20,-1,17,-4,18,-4,20,-4,20,-5,24,-4,19,-4,21,-6,26,-8,21,-4,0,0,0,0,0,0,-8,-25,-4,-20,-6,-26,-3,-23,-3,-18,-3,-25,-6,-17,-6,-25,-4,-19,-6,-24,-6,-22,-3,-20,-8,-20,-4,-18,-4,-21,-5,-20,-5,-19,-6,-19,-5,-23,-7,-15,-9,-21,-5,-18,-10,-21,-9,-20,-7,-20,-11,-20,-7,-17,-8,-19,-9,-20,-7,-18,-6,-18,-7,-23,-9,-14,-11,-20,-6,-19,-10,-23,-6,-20,-8,-19,-5,-20,-6,-19,-3,-17,-3,-20,-4,-19,-2,-17,0,-20,-3,-15,-1,-19,1,-15,1,-19,1,-14,1,-15,3,-14,2,-14,4,-11,5,-11,4,-11,6,-9,0,0,0,0,0,0,0,0,0,0]"""
1782116241016,2026-06-22T17:17:21.016,safe,transition,yja,stand_to_sit,t007,"CSI_DATA,1075899,1a:00:00:00:00:00,-64,11,-99,16,48,11,-1042131428,47,2,256,0,""[0,0,0,0,0,0,0,0,0,0,0,0,-3,7,-4,7,-5,5,-7,7,-6,7,-9,9,-9,7,-9,8,-9,7,-9,8,-9,10,-10,9,-10,9,-11,8,-11,7,-11,8,-13,9,-11,7,-16,7,-14,6,-13,5,-14,5,-13,7,-14,9,-14,8,-13,9,-13,8,-14,9,-13,6,-14,9,-11,8,-15,9,-16,9,-13,9,-14,9,-12,9,-11,10,-10,14,-11,12,-9,12,-11,12,-9,12,-11,16,-9,15,-11,18,-9,18,-8,16,-9,16,-10,16,-7,18,-7,21,-4,19,-5,20,-7,20,-4,22,-7,20,-6,22,0,0,0,0,0,0,22,5,20,4,26,5,22,5,20,3,24,3,21,4,25,4,22,0,25,2,24,2,21,1,20,1,21,0,23,-2,22,-3,20,-5,19,-2,20,-2,19,-3,22,-5,18,-5,22,-5,23,-3,20,-3,19,-3,18,-8,19,-9,20,-11,19,-10,16,-9,18,-9,18,-7,21,-9,18,-9,24,-9,22,-5,20,-5,22,-4,19,-3,18,-6,19,-9,19,-6,16,-5,16,-4,16,-3,18,-4,14,-3,18,-2,16,0,15,0,14,1,12,1,12,0,13,0,11,0,11,1,0,0,0,0,0,0,0,0,0,0]"""
1782116241036,2026-06-22T17:17:21.036,safe,transition,yja,stand_to_sit,t007,"CSI_DATA,1075901,1a:00:00:00:00:00,-64,11,-99,17,48,11,-1042110534,47,2,256,0,""[0,0,0,0,0,0,0,0,0,0,0,0,-5,6,-5,7,-7,8,-5,6,-8,7,-6,7,-5,8,-7,8,-9,9,-10,9,-11,6,-11,6,-11,6,-13,6,-12,5,-15,8,-13,5,-16,5,-11,5,-13,6,-15,7,-16,7,-16,6,-15,3,-15,3,-14,5,-16,3,-14,5,-17,5,-13,3,-17,4,-11,6,-13,6,-13,8,-12,8,-14,10,-15,9,-15,6,-14,8,-15,8,-12,6,-13,11,-11,10,-13,10,-12,9,-11,14,-11,13,-11,17,-13,17,-14,16,-15,11,-15,15,-14,15,-15,18,-17,14,-12,15,-15,18,0,0,0,0,0,0,16,15,20,18,13,12,18,16,21,17,13,15,18,16,14,11,17,17,15,11,18,10,19,11,22,10,21,11,15,13,18,11,18,10,18,13,17,10,21,10,17,6,20,12,15,5,18,4,19,6,22,4,23,6,18,9,19,7,20,7,21,8,19,7,23,8,18,7,20,9,16,5,18,6,20,5,20,4,20,5,20,9,15,11,17,10,16,11,13,10,15,11,12,10,13,13,10,7,11,9,12,9,11,8,10,10,7,11,5,11,5,10,4,11,0,0,0,0,0,0,0,0,0,0]"""
1782116241050,2026-06-22T17:17:21.050,safe,transition,yja,stand_to_sit,t007,"CSI_DATA,1075902,1a:00:00:00:00:00,-64,11,-99,17,48,11,-1042097806,47,2,256,0,""[0,0,0,0,0,0,0,0,0,0,0,0,7,3,10,5,7,2,9,5,7,3,10,6,10,7,7,6,11,6,6,6,9,10,10,10,11,9,9,10,12,10,8,9,12,10,9,10,11,11,12,10,10,8,13,10,9,11,11,11,11,11,10,11,9,11,12,12,10,6,15,8,11,10,15,10,13,8,15,5,15,6,16,6,13,5,15,6,15,5,15,5,18,5,14,1,18,0,17,1,23,1,16,2,18,-3,20,-1,19,-3,19,-3,20,-5,20,-2,23,-5,20,-3,20,-7,24,-8,22,-6,0,0,0,0,0,0,-12,-22,-8,-19,-12,-25,-10,-21,-7,-18,-11,-23,-10,-15,-14,-22,-10,-15,-14,-21,-13,-17,-13,-15,-15,-16,-11,-15,-15,-16,-15,-15,-14,-13,-14,-13,-17,-15,-13,-8,-19,-9,-15,-11,-20,-11,-18,-8,-17,-6,-20,-8,-17,-8,-18,-8,-20,-6,-19,-7,-17,-8,-22,-10,-18,-2,-22,-3,-20,-5,-27,-6,-18,-5,-21,-3,-20,-6,-20,-4,-17,-5,-20,-4,-18,-5,-15,-5,-17,-6,-15,-3,-19,-5,-13,-5,-18,-8,-11,-6,-13,-5,-11,-6,-13,-5,-8,-6,-10,-7,-9,-6,-8,-7,0,0,0,0,0,0,0,0,0,0]"""
1782116241059,2026-06-22T17:17:21.059,safe,transition,yja,stand_to_sit,t007,"CSI_DATA,1075903,1a:00:00:00:00:00,-64,11,-99,19,48,11,-1042088613,47,2,256,0,""[0,0,0,0,0,0,0,0,0,0,0,0,-7,1,-10,1,-8,1,-10,0,-9,1,-12,0,-12,-1,-11,-1,-14,0,-10,-3,-10,-5,-13,-5,-12,-4,-13,-5,-16,-6,-12,-4,-14,-5,-13,-5,-14,-7,-14,-5,-10,-3,-17,-7,-12,-8,-11,-10,-13,-9,-14,-9,-13,-10,-16,-10,-12,-5,-14,-7,-14,-7,-16,-7,-13,-6,-16,-5,-14,-5,-16,-5,-13,-4,-16,-5,-15,-4,-14,-5,-16,-6,-16,0,-19,-1,-17,-2,-22,-2,-17,-1,-20,1,-19,-2,-20,1,-20,0,-21,1,-22,0,-25,0,-20,0,-21,1,-25,1,-21,1,0,0,0,0,0,0,2,25,1,22,2,26,3,25,2,19,1,25,2,19,5,25,3,20,2,25,4,23,3,19,6,23,2,19,4,21,4,21,4,20,4,20,7,25,7,16,10,20,7,18,8,21,9,17,7,17,11,20,7,18,9,18,8,20,8,19,7,19,10,23,10,14,12,18,9,19,12,22,7,18,10,18,7,19,8,20,6,18,6,18,5,19,4,16,2,19,6,15,5,18,2,16,1,19,1,13,1,16,-1,14,0,15,-1,12,-2,11,-3,12,-2,10,0,0,0,0,0,0,0,0,0,0]"""
1782116241075,2026-06-22T17:17:21.075,safe,transition,yja,stand_to_sit,t007,"CSI_DATA,1075904,1a:00:00:00:00:00,-64,11,-99,17,48,11,-1042071959,47,2,256,0,""[0,0,0,0,0,0,0,0,0,0,0,0,-10,1,-8,0,-11,-1,-8,-1,-11,-2,-8,0,-10,0,-13,0,-11,-1,-15,0,-11,-1,-12,-1,-11,-2,-13,-5,-12,-5,-16,-8,-12,-5,-14,-9,-10,-6,-11,-5,-14,-4,-14,-8,-18,-6,-11,-8,-13,-6,-15,-6,-14,-8,-13,-6,-14,-9,-12,-8,-14,-8,-10,-5,-13,-5,-15,-5,-15,-3,-17,-3,-17,-3,-14,-5,-17,-1,-18,-4,-17,-3,-18,-6,-15,-2,-18,-3,-13,0,-18,2,-18,1,-18,5,-21,0,-20,3,-17,0,-20,3,-21,3,-21,5,-22,0,-20,3,-22,5,0,0,0,0,0,0,4,21,4,28,3,17,3,23,6,28,1,20,5,25,4,18,3,25,6,18,7,18,11,20,10,20,12,21,8,17,10,17,11,18,10,19,8,17,11,22,8,16,11,20,9,13,11,16,13,17,14,17,16,16,9,16,14,14,16,14,15,18,15,13,14,21,10,17,13,17,9,11,13,15,12,15,15,14,14,17,14,17,8,16,11,17,9,18,9,15,6,18,4,15,5,16,4,10,6,14,5,13,8,12,3,13,3,13,0,12,1,11,0,11,0,0,0,0,0,0,0,0,0,0]"""
1782116241085,2026-06-22T17:17:21.085,safe,transition,yja,stand_to_sit,t007,"CSI_DATA,1075905,1a:00:00:00:00:00,-64,11,-99,18,48,11,-1042064946,47,2,256,0,""[0,0,0,0,0,0,0,0,0,0,0,0,0,-8,0,-7,0,-10,0,-8,1,-11,2,-9,1,-9,1,-12,4,-11,2,-14,1,-12,3,-12,4,-12,5,-14,3,-12,4,-15,4,-13,3,-15,4,-13,6,-14,5,-19,5,-14,4,-17,4,-14,4,-14,4,-14,4,-15,1,-12,5,-18,3,-15,1,-15,1,-14,0,-17,1,-15,-1,-15,-1,-15,-1,-16,-1,-15,-2,-17,-4,-19,-6,-15,-4,-19,-4,-15,-7,-15,-6,-12,-11,-18,-9,-16,-13,-12,-11,-19,-12,-17,-11,-17,-12,-16,-12,-15,-16,-17,-14,-17,-12,-14,-18,-14,0,0,0,0,0,0,-14,17,-15,21,-11,16,-11,20,-14,23,-9,18,-12,23,-9,17,-9,23,-7,19,-6,20,-5,22,-7,20,-6,22,-3,20,-4,19,-3,22,-2,22,0,20,-2,23,0,20,2,20,2,18,1,20,3,23,3,21,3,22,4,19,3,21,7,21,6,21,8,17,4,25,4,20,8,18,3,15,10,20,5,20,9,17,7,19,4,19,5,17,3,19,4,20,6,18,3,19,2,15,6,16,1,12,3,16,2,14,4,15,1,13,1,13,0,12,0,11,0,9,0,0,0,0,0,0,0,0,0,0]"""
1782116241096,2026-06-22T17:17:21.096,safe,transition,yja,stand_to_sit,t007,"CSI_DATA,1075906,1a:00:00:00:00:00,-64,11,-99,15,48,11,-1042053841,47,2,256,0,""[0,0,0,0,0,0,0,0,0,0,0,0,-17,-7,-16,-2,-8,18,-10,-16,5,-5,-19,-8,0,14,-24,-9,-18,-12,-2,6,2,-10,-6,-16,0,-8,0,-17,-8,-25,-10,-12,-3,-14,-3,-12,-5,-12,-6,-8,-7,-14,-7,-18,-6,-16,0,-13,0,-17,-1,-15,-1,-18,-4,-16,-3,-18,-2,-15,-4,-14,-2,-12,-5,-14,-4,-13,-8,-16,-7,-16,-6,-16,-3,-13,-4,-17,-6,-18,-8,-17,-7,-16,-7,-15,-9,-16,-6,-11,-10,-12,-8,-14,-13,-14,-15,-18,-11,-19,-8,-16,-10,-20,-12,-19,-12,-16,-10,-18,-12,-19,-14,-18,0,0,0,0,0,0,-20,17,-24,16,-15,10,-16,16,-22,16,-16,12,-20,15,-19,14,-19,15,-14,10,-13,12,-15,16,-16,18,-18,16,-15,10,-18,12,-15,13,-19,14,-16,17,-16,16,-14,15,-14,16,-13,12,-9,16,-14,18,-14,20,-15,18,-14,12,-16,15,-14,14,-16,17,-14,17,-16,18,-14,16,-12,14,-11,11,-10,16,-14,14,-13,17,-16,16,-16,14,-14,8,-18,9,-20,9,-17,11,-16,8,-15,6,-13,8,-10,3,-11,6,-12,5,-13,6,-14,4,-14,3,-10,0,-12,0,-10,-1,0,0,0,0,0,0,0,0,0,0]"""
1782116241106,2026-06-22T17:17:21.106,safe,transition,yja,stand_to_sit,t007,"CSI_DATA,1075907,1a:00:00:00:00:00,-64,11,-99,18,48,11,-1042044478,47,2,256,0,""[0,0,0,0,0,0,0,0,0,0,0,0,-1,8,-1,7,-3,11,-3,9,-4,10,-3,8,-3,8,-6,11,-4,10,-5,13,-6,11,-6,11,-6,11,-8,11,-7,9,-11,13,-9,10,-13,11,-9,10,-8,10,-11,12,-10,12,-11,14,-9,11,-9,13,-10,12,-12,12,-9,10,-12,13,-9,10,-12,11,-6,10,-7,13,-7,14,-6,14,-8,14,-7,15,-7,13,-6,17,-6,16,-5,15,-9,17,-6,14,-4,17,-3,13,-1,17,-2,17,1,19,-3,22,-1,21,-2,18,-1,20,-3,20,0,23,-1,22,0,21,0,23,0,0,0,0,0,0,24,0,26,0,18,-1,23,1,27,-1,19,0,25,0,20,-1,25,0,18,-3,20,-3,21,-5,22,-6,22,-9,19,-4,18,-7,21,-8,20,-8,17,-7,23,-8,17,-6,21,-8,14,-9,15,-10,17,-11,17,-12,19,-14,17,-10,17,-13,16,-14,19,-12,15,-11,22,-11,17,-10,19,-9,13,-9,16,-12,17,-11,14,-13,18,-11,18,-11,17,-7,17,-11,18,-9,16,-8,17,-5,15,-3,16,-5,11,-4,14,-4,14,-3,14,-4,14,-3,13,-3,11,-1,11,0,11,0,0,0,0,0,0,0,0,0,0,0]"""
1782116241122,2026-06-22T17:17:21.122,safe,transition,yja,stand_to_sit,t007,"CSI_DATA,1075908,1a:00:00:00:00:00,-64,11,-99,17,48,11,-1042025116,47,2,256,0,""[0,0,0,0,0,0,0,0,0,0,0,0,7,-1,10,-1,6,0,11,0,8,0,13,2,13,2,11,1,11,3,9,3,13,3,12,5,13,6,11,6,13,8,9,8,13,10,10,8,13,15,11,12,9,8,10,12,8,10,10,13,10,13,9,13,8,11,10,15,5,10,9,15,7,11,11,17,7,15,10,13,8,14,8,12,9,10,11,12,10,11,9,11,10,13,9,9,14,13,9,12,15,18,10,15,13,14,11,16,10,13,12,13,16,15,15,12,16,15,13,16,14,16,16,20,13,18,0,0,0,0,0,0,18,-13,15,-10,23,-17,18,-11,13,-10,22,-13,15,-9,22,-14,15,-9,23,-14,20,-12,17,-11,17,-11,15,-8,18,-13,17,-13,17,-12,15,-10,19,-11,13,-10,20,-13,15,-11,21,-15,20,-11,17,-11,16,-9,13,-8,17,-13,16,-12,15,-13,15,-10,19,-11,15,-8,20,-11,17,-8,25,-11,21,-8,20,-8,20,-4,18,-3,17,-5,19,-6,19,-4,15,-3,18,0,13,0,20,0,15,1,21,3,15,3,15,3,13,5,10,5,10,5,11,5,10,5,10,6,0,0,0,0,0,0,0,0,0,0]"""
1782116241132,2026-06-22T17:17:21.132,safe,transition,yja,stand_to_sit,t007,"CSI_DATA,1075909,1a:00:00:00:00:00,-64,11,-99,13,49,11,-1042022546,47,2,256,0,""[0,0,0,0,0,0,0,0,0,0,0,0,0,8,1,10,1,8,0,10,1,8,0,11,0,11,0,10,0,13,-3,10,-3,12,-3,13,-4,13,-5,14,-5,16,-3,12,-3,14,-3,13,-6,16,-7,15,-7,13,-5,16,-6,13,-6,14,-6,15,-6,13,-6,13,-6,15,-4,13,-5,17,-4,15,-5,17,-4,14,-1,16,-3,16,-1,16,-1,14,0,16,-1,16,-1,15,-1,18,3,15,3,17,1,17,3,21,2,16,7,18,4,18,5,18,5,18,7,19,6,19,8,20,6,18,8,20,10,23,8,20,0,0,0,0,0,0,22,-11,20,-8,23,-12,19,-11,16,-9,22,-11,17,-10,21,-13,17,-10,20,-12,17,-13,16,-12,15,-15,17,-10,17,-11,17,-13,15,-14,16,-11,17,-16,10,-14,11,-18,11,-17,13,-18,12,-16,10,-16,11,-20,9,-15,12,-17,12,-18,10,-16,12,-15,12,-19,8,-16,8,-21,10,-18,12,-22,9,-17,9,-19,11,-18,9,-18,9,-15,10,-17,11,-16,10,-13,13,-14,8,-13,10,-15,11,-11,13,-12,8,-10,10,-11,10,-8,10,-9,10,-6,10,-5,10,-6,11,-5,0,0,0,0,0,0,0,0,0,0]"""
1782116241141,2026-06-22T17:17:21.141,safe,transition,yja,stand_to_sit,t007,"CSI_DATA,1075910,1a:00:00:00:00:00,-64,11,-99,20,48,11,-1042011597,47,2,256,0,""[0,0,0,0,0,0,0,0,0,0,0,0,-4,8,-4,5,-6,8,-5,6,-8,6,-5,6,-8,7,-9,8,-9,9,-9,10,-10,6,-10,8,-10,9,-12,8,-11,5,-15,8,-11,5,-17,5,-11,5,-10,5,-13,8,-13,9,-16,9,-13,5,-13,8,-14,7,-16,6,-13,5,-16,8,-12,7,-15,7,-10,8,-12,9,-10,11,-10,10,-13,13,-13,13,-12,10,-9,12,-12,13,-8,11,-13,15,-9,12,-10,15,-6,10,-8,17,-8,15,-5,19,-8,20,-7,20,-8,15,-9,20,-8,19,-7,21,-7,19,-4,18,-5,22,0,0,0,0,0,0,22,5,26,8,18,4,21,6,27,6,19,7,24,5,19,3,23,5,19,0,20,0,21,0,23,-1,24,-2,20,2,21,-1,21,-3,23,-1,19,-1,24,-3,19,-4,23,-1,16,-5,18,-5,18,-6,20,-10,23,-9,20,-5,19,-7,19,-9,21,-8,19,-8,23,-8,19,-6,21,-6,15,-6,18,-10,17,-8,17,-10,21,-10,20,-8,18,-2,19,-5,19,-4,16,-3,19,-2,15,0,17,-2,11,-2,15,-2,13,-2,14,-2,14,-1,13,0,12,2,10,1,9,3,0,0,0,0,0,0,0,0,0,0]"""
1782116241150,2026-06-22T17:17:21.150,safe,transition,yja,stand_to_sit,t007,"CSI_DATA,1075911,1a:00:00:00:00:00,-64,11,-99,16,48,11,-1041997734,47,2,256,0,""[0,0,0,0,0,0,0,0,0,0,0,0,7,7,6,6,5,9,5,7,6,9,4,9,5,11,5,10,3,11,4,12,2,13,0,13,0,14,0,14,1,12,0,17,0,14,0,16,-2,15,-1,14,-2,15,-3,14,-4,16,-3,16,-5,13,-7,15,-4,16,-3,13,-6,16,-1,14,-4,15,-5,14,-5,15,-6,16,-3,13,-3,16,-1,14,-5,14,-7,13,0,17,0,14,-5,19,-4,17,-1,18,-4,15,3,22,-1,17,-2,20,-5,11,-7,20,-6,21,-3,23,-8,18,-3,23,-2,22,-10,15,0,22,0,0,0,0,0,0,22,4,24,1,19,4,25,3,24,7,20,3,24,6,19,5,23,6,21,8,22,6,23,6,20,5,21,5,21,6,19,7,20,5,20,5,17,3,22,7,18,3,22,3,18,5,22,2,22,1,18,5,22,5,20,5,18,7,21,6,20,6,19,3,23,8,18,5,22,7,17,7,22,6,18,8,18,7,16,10,16,11,16,12,13,13,13,12,12,10,14,14,11,11,12,11,8,11,10,13,8,12,7,13,5,11,5,12,3,12,1,11,0,10,0,0,0,0,0,0,0,0,0,0]"""
1782116241168,2026-06-22T17:17:21.168,safe,transition,yja,stand_to_sit,t007,"CSI_DATA,1075912,1a:00:00:00:00:00,-64,11,-99,13,49,11,-1041979742,47,2,256,0,""[0,0,0,0,0,0,0,0,0,0,0,0,4,-8,5,-6,7,-8,5,-6,7,-8,7,-6,8,-6,10,-8,9,-6,10,-7,11,-7,11,-5,12,-5,12,-5,10,-5,15,-6,13,-5,15,-6,13,-2,15,-5,17,-6,15,-2,18,-5,15,-3,15,-1,15,-3,15,-4,13,-4,17,-3,13,-3,17,-6,13,-3,15,-5,15,-5,15,-6,15,-6,15,-8,16,-6,17,-6,15,-8,11,-8,17,-10,15,-8,12,-10,13,-8,15,-13,15,-10,14,-13,15,-11,15,-13,14,-11,15,-11,14,-15,17,-15,16,-13,15,-13,15,-17,0,0,0,0,0,0,-15,-15,-18,-15,-15,-12,-18,-13,-20,-17,-17,-11,-19,-17,-15,-11,-20,-14,-15,-13,-18,-12,-19,-13,-17,-11,-19,-12,-18,-10,-17,-12,-18,-11,-18,-10,-15,-6,-21,-11,-17,-7,-20,-8,-17,-9,-18,-6,-21,-8,-17,-7,-22,-8,-19,-7,-18,-8,-20,-7,-21,-7,-18,-3,-22,-9,-18,-6,-22,-5,-15,-8,-21,-6,-18,-9,-18,-7,-18,-9,-18,-10,-16,-10,-15,-11,-15,-10,-14,-8,-16,-11,-13,-8,-14,-8,-10,-9,-12,-10,-8,-10,-10,-9,-7,-10,-7,-12,-6,-10,-3,-10,-3,-10,0,0,0,0,0,0,0,0,0,0]"""
1782116241178,2026-06-22T17:17:21.178,safe,transition,yja,stand_to_sit,t007,"CSI_DATA,1075913,1a:00:00:00:00:00,-64,11,-99,18,48,11,-1041978613,47,2,256,0,""[0,0,0,0,0,0,0,0,0,0,0,0,7,3,8,4,7,3,10,4,8,4,11,7,11,7,7,7,7,7,9,7,11,6,10,8,12,7,11,7,10,9,8,9,11,12,11,9,12,13,9,15,8,12,10,12,9,11,13,11,12,11,12,9,12,9,11,11,9,8,12,11,11,9,14,14,13,11,13,9,12,11,11,8,11,7,16,7,15,4,15,3,15,5,13,3,17,4,17,3,20,6,18,7,18,3,18,4,18,2,19,0,22,-1,18,-1,21,0,22,1,22,-3,24,-1,23,-1,0,0,0,0,0,0,-2,-22,-4,-20,-6,-27,-1,-23,-4,-17,-4,-24,-4,-20,-7,-24,-6,-19,-7,-26,-5,-23,-6,-21,-4,-19,-7,-17,-12,-20,-12,-16,-13,-17,-12,-15,-11,-18,-11,-15,-13,-18,-11,-14,-17,-18,-12,-17,-12,-16,-11,-14,-11,-12,-18,-14,-16,-12,-17,-12,-15,-10,-15,-15,-14,-11,-18,-13,-14,-12,-20,-17,-14,-17,-14,-14,-14,-16,-11,-14,-13,-13,-17,-12,-15,-12,-12,-10,-12,-12,-11,-11,-12,-12,-9,-12,-9,-15,-7,-14,-7,-12,-4,-12,-4,-11,-4,-9,-6,-11,-4,-9,-4,-9,0,0,0,0,0,0,0,0,0,0]"""
1782116241188,2026-06-22T17:17:21.188,safe,transition,yja,stand_to_sit,t007,"CSI_DATA,1075914,1a:00:00:00:00:00,-64,11,-99,18,48,11,-1041966122,47,2,256,0,""[0,0,0,0,0,0,0,0,0,0,0,0,-6,-6,-6,-6,-7,-6,-6,-7,-7,-7,-4,-7,-6,-7,-5,-8,-8,-9,-5,-12,-5,-11,-6,-12,-6,-11,-7,-12,-7,-14,-8,-12,-9,-12,-8,-12,-6,-12,-10,-14,-7,-12,-11,-15,-7,-13,-8,-12,-9,-13,-8,-12,-9,-13,-9,-14,-13,-10,-12,-9,-12,-10,-11,-11,-12,-10,-12,-10,-12,-11,-14,-8,-14,-7,-13,-5,-16,-6,-17,-4,-16,-5,-16,1,-15,-1,-18,-1,-17,0,-17,0,-18,-1,-19,0,-20,2,-20,3,-19,4,-19,6,-20,4,-19,6,-20,9,-20,8,-22,10,0,0,0,0,0,0,14,21,12,21,12,19,14,18,14,19,14,17,15,16,16,16,17,15,14,15,16,13,14,14,19,11,18,12,17,11,19,9,17,8,20,8,20,9,20,3,19,1,20,3,19,4,21,3,20,4,22,-1,20,2,21,-1,22,0,20,0,20,-1,21,-1,21,-7,20,-6,22,-3,21,-5,19,-3,22,-4,20,-1,20,-3,19,-2,17,-3,19,-3,18,-4,19,-2,15,-5,16,-4,17,-3,15,-1,14,-2,14,-1,14,0,14,-1,12,1,11,-1,11,0,11,0,0,0,0,0,0,0,0,0,0,0]"""
1782116241198,2026-06-22T17:17:21.198,safe,transition,yja,stand_to_sit,t007,"CSI_DATA,1075915,1a:00:00:00:00:00,-64,11,-99,17,48,11,-1041956613,47,2,256,0,""[0,0,0,0,0,0,0,0,0,0,0,0,-3,-8,-2,-7,-1,-10,-1,-9,-1,-11,-1,-9,-3,-9,-1,-10,-2,-13,-1,-14,1,-12,0,-12,0,-13,1,-16,1,-14,1,-16,0,-13,4,-17,0,-15,1,-15,1,-17,0,-15,1,-17,2,-15,1,-17,1,-15,1,-17,1,-14,1,-18,1,-14,1,-16,-1,-13,-2,-15,-4,-15,-5,-15,-5,-15,-5,-17,-1,-15,-6,-15,-6,-17,-4,-15,-7,-18,-6,-14,-7,-17,-7,-10,-10,-11,-10,-13,-15,-13,-15,-15,-15,-15,-12,-15,-14,-15,-13,-13,-18,-15,-14,-18,-15,-11,-18,-14,0,0,0,0,0,0,-14,18,-18,21,-11,15,-13,17,-14,22,-14,13,-15,21,-9,17,-15,20,-7,15,-6,18,-6,20,-5,22,-5,24,-7,19,-4,19,-4,20,-6,19,-4,18,-3,23,-1,17,-5,22,0,17,1,20,0,20,3,22,2,23,0,20,1,20,3,21,1,22,2,18,3,24,1,19,1,22,3,17,5,20,5,20,7,20,5,20,4,21,0,18,1,20,0,20,0,17,0,19,-1,13,-1,18,0,12,0,15,0,13,0,15,0,13,-1,13,-3,11,-3,10,-4,10,0,0,0,0,0,0,0,0,0,0]"""
1782116241208,2026-06-22T17:17:21.208,safe,transition,yja,stand_to_sit,t007,"CSI_DATA,1075916,1a:00:00:00:00:00,-64,11,-99,18,48,11,-1041944793,47,2,256,0,""[0,0,0,0,0,0,0,0,0,0,0,0,0,6,-3,11,-1,7,-3,11,-3,8,-6,11,-6,9,-7,7,-6,11,-6,7,-7,9,-9,9,-9,11,-9,9,-14,12,-6,8,-12,11,-11,7,-14,10,-12,11,-11,9,-14,10,-12,7,-14,7,-15,8,-14,7,-14,6,-16,6,-9,6,-14,9,-12,7,-14,10,-14,7,-12,10,-13,11,-12,11,-10,7,-10,11,-11,11,-11,10,-15,12,-8,12,-11,15,-13,10,-14,16,-11,11,-10,13,-13,14,-9,16,-11,15,-9,18,-11,17,-13,20,-9,16,-11,19,-12,20,-12,19,0,0,0,0,0,0,21,15,17,12,23,14,18,13,15,8,20,14,15,9,22,14,15,11,21,12,19,10,16,12,20,8,16,9,18,9,19,9,18,6,18,9,21,11,16,4,21,6,16,7,22,7,19,6,17,8,21,5,17,5,20,5,20,5,18,4,19,7,23,9,17,1,22,5,17,7,24,7,18,9,20,7,18,10,19,8,14,7,17,8,17,7,15,8,16,14,13,6,15,11,11,11,14,13,8,9,10,10,7,11,9,10,6,9,5,11,5,9,4,11,0,0,0,0,0,0,0,0,0,0]"""
1782116241217,2026-06-22T17:17:21.217,safe,transition,yja,stand_to_sit,t007,"CSI_DATA,1075917,1a:00:00:00:00:00,-64,11,-99,17,48,11,-1041931718,47,2,256,0,""[0,0,0,0,0,0,0,0,0,0,0,0,5,3,8,5,6,4,9,7,5,4,9,10,8,10,5,8,7,9,4,8,7,11,6,11,5,13,4,13,5,16,3,9,5,15,3,11,5,20,1,17,0,15,1,15,0,12,0,17,1,17,1,16,1,14,1,18,1,11,2,18,1,12,3,21,1,17,3,15,1,17,1,14,2,11,5,16,3,17,1,13,1,18,6,10,6,18,4,15,8,23,3,17,8,17,4,18,6,17,6,17,9,21,9,15,8,22,6,17,8,20,11,23,8,20,0,0,0,0,0,0,22,-9,18,-4,29,-11,20,-8,13,-5,24,-8,15,-6,26,-11,16,-6,26,-9,21,-8,18,-6,18,-8,15,-5,21,-8,18,-10,20,-8,17,-8,22,-9,11,-8,21,-12,14,-6,23,-12,20,-12,17,-9,17,-8,13,-6,18,-10,19,-11,18,-8,17,-7,21,-9,13,-9,20,-12,15,-6,25,-13,21,-6,19,-8,20,-5,18,-6,16,-3,20,-6,19,-3,15,-2,20,-1,13,-3,19,-3,14,0,23,1,14,1,13,1,13,4,12,3,10,3,12,4,10,3,9,5,0,0,0,0,0,0,0,0,0,0]"""
1782116241230,2026-06-22T17:17:21.230,safe,transition,yja,stand_to_sit,t007,"CSI_DATA,1075918,1a:00:00:00:00:00,-64,11,-99,18,48,11,-1041917047,47,2,256,0,""[0,0,0,0,0,0,0,0,0,0,0,0,5,6,6,9,3,6,5,9,4,7,6,9,6,11,2,11,4,12,1,9,1,12,2,13,1,13,1,14,0,17,2,11,3,16,0,13,0,18,0,15,-3,13,1,17,-1,15,-2,15,-2,16,0,15,-1,15,-1,18,1,13,0,18,-1,14,0,20,0,15,1,15,1,16,3,15,1,14,2,15,3,15,2,15,1,19,7,12,9,17,4,16,8,19,6,15,9,17,6,18,8,15,8,17,9,19,12,17,12,20,9,17,11,18,14,21,10,19,0,0,0,0,0,0,22,-11,19,-11,23,-14,19,-11,15,-11,22,-14,15,-10,20,-15,15,-9,20,-15,17,-14,17,-11,15,-17,15,-9,16,-14,16,-14,15,-14,14,-14,19,-15,7,-14,12,-18,12,-13,15,-17,12,-16,11,-15,11,-19,10,-13,12,-16,12,-17,10,-16,11,-16,15,-19,7,-15,12,-20,11,-15,13,-22,12,-15,12,-17,14,-15,12,-15,12,-13,12,-14,12,-14,12,-11,16,-12,9,-11,12,-13,13,-8,15,-9,12,-7,13,-8,13,-5,11,-6,11,-2,11,-3,11,-4,11,-1,0,0,0,0,0,0,0,0,0,0]"""
1782116241240,2026-06-22T17:17:21.240,safe,transition,yja,stand_to_sit,t007,"CSI_DATA,1075919,1a:00:00:00:00:00,-64,11,-99,13,49,11,-1041910689,47,2,256,0,""[0,0,0,0,0,0,0,0,0,0,0,0,8,1,8,1,10,3,8,1,11,5,8,3,9,3,12,5,10,5,11,7,10,6,10,7,10,8,11,8,8,7,14,11,11,7,14,11,10,8,8,9,11,13,12,10,15,13,10,10,10,11,11,11,12,10,10,7,15,12,10,8,14,9,8,6,13,8,13,8,13,7,15,6,17,9,13,8,15,6,17,6,13,5,19,5,14,4,18,3,11,3,18,0,18,3,19,0,20,1,22,1,17,2,21,0,20,-1,25,-1,22,0,18,0,22,-4,0,0,0,0,0,0,-4,-20,-5,-27,-3,-15,-7,-22,-6,-29,-4,-18,-6,-26,-5,-16,-6,-23,-5,-16,-7,-18,-8,-22,-9,-19,-10,-22,-8,-18,-7,-18,-10,-18,-10,-18,-9,-15,-14,-20,-11,-13,-15,-18,-9,-12,-13,-13,-14,-16,-14,-15,-17,-18,-13,-15,-13,-16,-15,-14,-17,-15,-15,-10,-18,-17,-12,-11,-17,-14,-10,-10,-17,-12,-13,-15,-15,-13,-16,-13,-14,-17,-11,-15,-11,-16,-13,-16,-10,-12,-12,-15,-8,-11,-11,-13,-6,-9,-9,-12,-6,-11,-8,-11,-6,-12,-5,-13,-3,-10,-2,-11,-1,-10,0,0,0,0,0,0,0,0,0,0]"""
1782116241250,2026-06-22T17:17:21.250,safe,transition,yja,stand_to_sit,t007,"CSI_DATA,1075920,1a:00:00:00:00:00,-64,11,-99,14,48,11,-1041901614,47,2,256,0,""[0,0,0,0,0,0,0,0,0,0,0,0,-15,0,-25,-5,-5,-21,15,-6,-6,-11,15,-22,15,-17,-5,-5,21,-14,17,-2,9,-4,3,-7,4,-8,1,-15,0,-20,0,-19,6,-15,3,-14,3,-17,8,-17,7,-11,6,-18,8,-13,6,-13,8,-15,6,-15,6,-17,5,-17,4,-15,2,-15,2,-16,3,-13,2,-15,2,-15,0,-15,0,-17,0,-16,-1,-15,0,-15,-2,-16,-2,-16,-6,-17,-6,-15,-5,-17,-7,-16,-6,-15,-8,-17,-7,-17,-11,-16,-9,-18,-11,-15,-14,-17,-14,-18,-14,-17,-16,-17,-14,-16,-16,-14,0,0,0,0,0,0,-14,20,-15,19,-14,15,-15,19,-15,21,-13,18,-11,19,-9,19,-11,19,-8,18,-11,19,-11,19,-8,22,-8,19,-6,19,-6,19,-5,20,-4,20,-4,20,0,21,0,19,-1,21,-1,18,1,19,-2,19,3,23,0,21,2,19,1,20,1,20,3,22,2,22,6,20,6,19,6,22,4,19,4,19,4,21,4,20,5,21,2,21,3,18,3,18,3,19,2,17,4,17,4,17,2,17,1,15,0,13,0,15,0,15,0,13,-1,14,0,11,-1,11,-2,11,0,0,0,0,0,0,0,0,0,0]"""
1782116241260,2026-06-22T17:17:21.260,safe,transition,yja,stand_to_sit,t007,"CSI_DATA,1075921,1a:00:00:00:00:00,-64,11,-99,17,48,11,-1041890614,47,2,256,0,""[0,0,0,0,0,0,0,0,0,0,0,0,8,0,9,0,8,1,11,0,8,0,12,0,13,2,10,1,10,1,10,1,15,1,13,0,14,0,13,1,15,3,13,3,17,4,12,3,18,6,17,5,13,3,14,4,12,3,17,3,16,1,15,1,14,1,16,2,13,2,17,1,13,0,20,0,17,1,16,0,16,0,15,0,12,-2,15,-6,16,-5,14,-5,17,-5,13,-6,15,-8,13,-7,20,-10,16,-6,14,-10,15,-10,15,-10,13,-12,15,-17,11,-15,14,-17,13,-14,13,-17,15,-20,13,-15,0,0,0,0,0,0,-20,-13,-17,-10,-26,-12,-18,-11,-14,-6,-23,-11,-17,-8,-24,-10,-19,-7,-25,-8,-22,-7,-20,-6,-18,-5,-19,-4,-23,-1,-21,1,-21,1,-18,0,-22,0,-17,1,-22,3,-17,3,-26,3,-23,1,-19,3,-18,3,-15,5,-20,9,-18,10,-18,10,-16,8,-20,8,-15,7,-20,10,-16,8,-25,11,-22,6,-18,9,-20,6,-17,5,-16,7,-18,11,-18,10,-14,8,-17,6,-13,5,-17,7,-14,3,-19,5,-14,3,-13,3,-13,0,-12,1,-10,0,-14,3,-10,2,-11,1,0,0,0,0,0,0,0,0,0,0]"""
1782116241270,2026-06-22T17:17:21.270,safe,transition,yja,stand_to_sit,t007,"CSI_DATA,1075922,1a:00:00:00:00:00,-64,11,-99,17,48,11,-1041879614,47,2,256,0,""[0,0,0,0,0,0,0,0,0,0,0,0,3,-6,4,-8,3,-6,5,-8,4,-9,8,-10,10,-8,9,-6,8,-8,9,-4,11,-8,11,-7,11,-7,11,-6,14,-6,12,-5,15,-6,11,-6,16,-6,17,-5,11,-3,15,-3,15,-1,15,-4,15,-4,17,-3,14,-2,17,-3,11,-4,14,-3,15,-4,19,-6,15,-3,13,-4,15,-3,15,-3,15,-5,15,-6,13,-6,12,-6,13,-5,11,-9,15,-11,15,-10,20,-11,17,-6,15,-11,19,-5,15,-10,17,-11,18,-16,15,-12,17,-12,19,-10,17,-15,18,-14,20,-13,0,0,0,0,0,0,-14,-19,-11,-15,-17,-22,-13,-19,-9,-15,-14,-20,-13,-14,-15,-20,-13,-13,-15,-21,-14,-21,-10,-17,-11,-17,-11,-16,-15,-16,-15,-17,-13,-14,-12,-13,-14,-16,-13,-11,-16,-14,-16,-12,-17,-15,-16,-17,-13,-12,-13,-13,-13,-13,-18,-13,-17,-11,-15,-13,-13,-11,-15,-15,-13,-10,-17,-11,-16,-13,-20,-18,-13,-17,-13,-15,-10,-18,-10,-15,-11,-14,-15,-17,-11,-15,-7,-12,-6,-15,-9,-13,-10,-15,-7,-15,-7,-20,-3,-14,-3,-14,0,-14,0,-11,0,-11,-1,-13,0,-10,0,-10,0,0,0,0,0,0,0,0,0,0]"""
1782116241280,2026-06-22T17:17:21.280,safe,transition,yja,stand_to_sit,t007,"CSI_DATA,1075923,1a:00:00:00:00:00,-64,11,-99,13,49,11,-1041868614,47,2,256,0,""[0,0,0,0,0,0,0,0,0,0,0,0,4,5,4,10,3,6,3,11,2,9,4,11,4,10,1,11,3,11,1,10,0,13,1,13,0,13,-2,14,-3,18,0,11,-1,16,-2,12,-5,17,0,15,-2,13,-2,17,-3,12,-7,13,-5,16,-3,15,-5,13,-6,18,-2,13,-4,16,-5,12,-3,18,-5,16,-2,17,-3,16,0,17,-1,12,-3,13,-1,15,0,16,-3,18,1,13,1,20,-3,15,1,20,1,14,3,18,2,19,1,20,2,18,1,21,5,19,3,25,5,18,3,22,4,26,0,21,0,0,0,0,0,0,27,-2,20,-1,25,-2,23,-1,18,-3,27,-1,18,-1,26,-3,18,0,23,-4,22,-5,20,-3,20,-8,17,-3,21,-3,20,-5,20,-6,19,-5,25,-6,15,-6,22,-8,18,-4,21,-8,20,-8,18,-6,19,-8,16,-6,20,-5,20,-8,18,-8,19,-6,26,-6,15,-8,21,-8,18,-3,24,-8,18,-5,20,-7,20,-5,20,-6,15,-5,18,-2,19,-3,19,-2,21,0,13,-2,19,0,15,3,19,1,13,1,15,1,13,2,13,2,11,3,11,5,10,4,10,6,0,0,0,0,0,0,0,0,0,0]"""
1782116241290,2026-06-22T17:17:21.290,safe,transition,yja,stand_to_sit,t007,"CSI_DATA,1075924,1a:00:00:00:00:00,-64,11,-99,17,48,11,-1041857614,47,2,256,0,""[0,0,0,0,0,0,0,0,0,0,0,0,-6,-5,-7,-6,-5,-4,-8,-8,-6,-5,-9,-10,-7,-11,-6,-8,-7,-8,-6,-8,-8,-11,-9,-11,-10,-10,-8,-10,-10,-13,-5,-8,-9,-15,-7,-10,-11,-17,-8,-15,-10,-13,-8,-11,-7,-11,-11,-12,-12,-13,-9,-11,-8,-10,-11,-15,-9,-8,-13,-11,-9,-9,-17,-13,-11,-10,-14,-9,-12,-8,-11,-9,-11,-6,-15,-7,-15,-4,-12,-3,-17,-6,-12,-3,-18,-3,-17,-1,-24,-3,-18,-3,-20,0,-19,-1,-17,0,-17,3,-21,5,-19,4,-22,4,-20,4,-22,7,-24,8,-22,8,0,0,0,0,0,0,9,22,8,15,15,25,10,20,8,13,13,22,10,14,16,22,10,14,15,23,15,18,13,16,13,15,13,12,17,13,18,11,19,10,15,9,19,11,15,7,23,9,15,6,25,10,20,8,18,6,18,6,15,4,22,3,21,1,20,1,18,3,24,4,16,0,23,1,19,2,29,1,22,4,20,-1,20,2,17,2,17,1,21,0,19,0,16,0,18,2,14,0,20,0,13,2,20,5,13,4,13,3,13,5,11,3,10,3,12,3,10,4,11,4,0,0,0,0,0,0,0,0,0,0]"""
1782116241301,2026-06-22T17:17:21.301,safe,transition,yja,stand_to_sit,t007,"CSI_DATA,1075925,1a:00:00:00:00:00,-64,11,-99,14,48,11,-1041845946,47,2,256,0,""[0,0,0,0,0,0,0,0,0,0,0,0,-9,-1,-8,-2,-11,-2,-9,-2,-10,-4,-8,-4,-8,-2,-11,-4,-11,-6,-12,-7,-10,-5,-10,-8,-9,-8,-11,-11,-11,-11,-13,-11,-12,-8,-13,-11,-8,-10,-7,-8,-11,-11,-13,-11,-13,-12,-8,-11,-8,-13,-9,-12,-13,-15,-13,-13,-11,-15,-9,-12,-13,-8,-6,-8,-12,-8,-13,-7,-15,-7,-17,-8,-13,-9,-13,-9,-13,-6,-17,-9,-13,-11,-13,-8,-14,-7,-20,-8,-13,0,-15,-2,-15,-10,-15,-2,-18,-4,-25,-10,-17,-3,-23,-12,-24,-6,-26,-6,-19,-3,-19,-1,-20,-8,0,0,0,0,0,0,-1,23,-2,28,-1,17,0,24,-2,27,-1,21,-2,24,0,22,-2,24,0,17,2,19,2,22,3,24,1,24,0,19,0,23,1,21,2,24,4,21,4,22,5,19,6,21,2,15,6,15,7,19,8,21,8,22,4,18,4,22,7,20,8,24,10,21,5,23,6,20,8,18,2,14,8,17,6,17,9,19,8,23,5,19,0,17,0,20,1,22,3,19,2,18,0,15,3,17,0,11,0,15,0,13,1,15,-3,14,0,13,-2,11,-4,11,-4,9,0,0,0,0,0,0,0,0,0,0]"""
1782116241314,2026-06-22T17:17:21.314,safe,transition,yja,stand_to_sit,t007,"CSI_DATA,1075926,1a:00:00:00:00:00,-64,11,-99,18,48,11,-1041832230,47,2,256,0,""[0,0,0,0,0,0,0,0,0,0,0,0,5,6,4,6,6,7,4,7,3,11,4,8,4,8,5,11,4,11,6,13,3,12,5,12,4,13,3,15,1,13,1,17,1,13,0,16,2,14,3,15,4,17,2,15,3,17,0,14,2,14,1,16,0,16,1,14,0,18,0,15,0,16,2,12,4,15,3,14,6,15,6,15,6,16,4,14,7,15,7,16,6,14,7,18,5,14,7,17,6,9,12,14,10,14,14,11,14,18,14,15,11,17,13,15,13,15,16,16,13,18,14,14,17,17,0,0,0,0,0,0,17,-17,20,-17,14,-14,16,-15,17,-19,15,-13,19,-19,14,-14,19,-17,10,-17,11,-17,11,-19,11,-19,11,-22,12,-16,8,-19,9,-20,11,-19,9,-17,11,-20,9,-15,11,-20,6,-17,6,-19,6,-20,4,-20,4,-22,6,-19,4,-21,3,-22,5,-22,4,-19,8,-24,6,-19,6,-20,4,-16,4,-21,6,-20,3,-20,5,-20,6,-20,7,-16,6,-20,9,-17,7,-14,11,-15,10,-11,10,-14,6,-11,7,-14,7,-11,6,-12,9,-9,8,-11,9,-7,7,-7,9,-5,0,0,0,0,0,0,0,0,0,0]"""
1782116241328,2026-06-22T17:17:21.328,safe,transition,yja,stand_to_sit,t007,"CSI_DATA,1075927,1a:00:00:00:00:00,-64,11,-99,16,48,11,-1041819227,47,2,256,0,""[0,0,0,0,0,0,0,0,0,0,0,0,-1,-9,0,-9,0,-9,0,-9,0,-10,0,-10,0,-11,1,-11,0,-14,2,-12,1,-12,1,-12,1,-12,1,-14,2,-15,1,-14,0,-15,1,-16,3,-14,1,-13,3,-13,1,-17,4,-16,1,-15,1,-15,1,-16,1,-17,1,-16,-2,-14,-2,-15,-1,-16,-2,-14,-1,-14,-3,-16,-1,-15,-5,-16,-4,-14,-7,-14,-6,-14,-7,-14,-8,-15,-12,-12,-12,-12,-12,-13,-11,-14,-10,-13,-14,-12,-14,-14,-16,-11,-16,-11,-18,-8,-19,-9,-20,-11,-20,-8,-21,-6,-22,-7,-20,-7,0,0,0,0,0,0,-5,23,-4,23,-3,20,-3,24,-3,24,-1,22,1,23,1,22,1,22,0,21,1,22,0,22,5,23,2,22,4,20,5,20,7,20,7,20,7,20,12,16,12,16,11,17,10,16,11,16,9,16,15,17,12,18,13,14,14,14,14,14,15,15,16,16,17,11,18,11,18,14,17,11,14,12,16,12,15,14,16,12,16,13,15,11,14,12,15,11,12,12,14,9,14,9,12,11,11,11,9,11,10,10,8,11,11,9,7,11,7,7,7,9,5,10,0,0,0,0,0,0,0,0,0,0]"""
1782116241338,2026-06-22T17:17:21.338,safe,transition,yja,stand_to_sit,t007,"CSI_DATA,1075928,1a:00:00:00:00:00,-64,11,-99,18,48,11,-1041813614,47,2,256,0,""[0,0,0,0,0,0,0,0,0,0,0,0,-1,-8,-1,-9,-1,-11,-1,-9,-1,-11,-1,-10,0,-11,0,-10,0,-12,-1,-14,0,-12,0,-12,0,-13,1,-15,1,-15,0,-15,-1,-14,1,-16,0,-15,0,-14,1,-15,-2,-17,1,-16,1,-15,0,-16,1,-15,0,-15,0,-16,-4,-16,-4,-15,-3,-14,-3,-14,-5,-15,-6,-14,-5,-15,-7,-14,-6,-15,-6,-13,-9,-12,-11,-14,-11,-12,-12,-11,-12,-9,-15,-12,-13,-9,-13,-10,-15,-9,-15,-10,-19,-7,-19,-9,-17,-8,-19,-6,-20,-7,-21,-6,-23,-5,-23,-4,-21,-3,0,0,0,0,0,0,-2,24,-1,25,0,22,0,23,1,25,1,21,4,23,4,21,3,23,3,20,6,19,5,21,9,22,8,22,7,19,9,20,9,18,11,19,12,18,14,15,13,14,14,15,14,14,15,12,15,14,18,13,16,14,16,12,18,13,17,12,19,11,18,12,21,9,19,7,19,7,17,7,19,7,19,7,20,9,19,7,18,9,17,8,17,9,17,8,17,9,15,5,14,6,15,6,13,6,12,6,12,7,11,6,12,6,11,7,9,6,9,7,8,7,0,0,0,0,0,0,0,0,0,0]"""
1782116241347,2026-06-22T17:17:21.347,safe,transition,yja,stand_to_sit,t007,"CSI_DATA,1075929,1a:00:00:00:00:00,-64,11,-99,14,49,11,-1041801683,47,2,256,0,""[0,0,0,0,0,0,0,0,0,0,0,0,-4,9,-4,7,-7,9,-7,6,-9,6,-7,6,-7,7,-9,8,-10,6,-11,8,-11,6,-12,7,-12,6,-14,5,-12,3,-17,3,-14,3,-17,1,-12,0,-13,3,-15,4,-17,0,-19,3,-14,0,-15,1,-16,0,-17,-1,-15,0,-19,-3,-14,-3,-16,-1,-11,-1,-14,0,-15,-1,-15,1,-18,0,-19,0,-14,0,-17,0,-19,0,-17,1,-19,-1,-18,-2,-17,1,-12,0,-20,3,-17,1,-19,7,-22,1,-20,3,-18,-1,-21,0,-21,0,-22,1,-21,0,-20,0,-23,1,0,0,0,0,0,0,0,22,-1,28,0,19,-1,23,0,27,-3,20,-3,25,-1,19,-4,25,-1,18,0,18,1,24,-1,21,1,25,0,19,1,21,1,20,-1,22,0,19,-1,24,0,20,-1,23,0,16,0,18,1,22,0,21,2,24,-1,19,0,21,0,21,-3,23,0,20,-5,26,-4,20,-4,20,-3,14,-2,20,-4,19,-1,22,-6,22,-6,22,-7,16,-8,19,-9,18,-8,16,-13,14,-11,12,-10,13,-7,7,-9,11,-10,10,-8,11,-12,8,-12,7,-9,3,-11,4,-11,4,0,0,0,0,0,0,0,0,0,0]"""
1782116241358,2026-06-22T17:17:21.358,safe,transition,yja,stand_to_sit,t007,"CSI_DATA,1075930,1a:00:00:00:00:00,-63,11,-99,17,48,11,-1041788998,47,2,256,0,""[0,0,0,0,0,0,0,0,0,0,0,0,-5,6,-6,8,-4,7,-7,8,-6,7,-8,8,-10,7,-8,6,-10,8,-10,5,-11,5,-12,5,-13,5,-13,5,-16,6,-11,5,-14,6,-13,5,-16,5,-16,4,-15,3,-15,6,-14,1,-15,3,-17,3,-15,2,-15,1,-18,1,-12,5,-16,6,-15,4,-16,6,-14,5,-16,6,-15,6,-15,7,-14,5,-13,6,-13,7,-13,7,-16,8,-10,10,-11,12,-15,11,-17,13,-11,8,-13,13,-15,11,-11,16,-14,15,-13,16,-15,15,-15,17,-14,15,-13,18,-15,19,-15,17,0,0,0,0,0,0,20,15,17,13,22,15,17,13,15,13,18,15,17,10,20,13,17,11,17,14,19,11,15,11,20,10,17,12,17,11,18,10,18,10,18,10,22,11,17,4,20,5,19,8,21,8,19,6,19,5,22,5,17,7,19,6,22,8,18,6,18,7,22,8,19,2,21,3,20,6,23,7,18,6,20,5,20,8,19,6,16,8,17,8,17,7,15,7,16,10,14,6,17,7,14,10,14,12,9,8,11,10,8,10,10,9,8,10,7,9,6,10,6,9,0,0,0,0,0,0,0,0,0,0]"""
1782116241367,2026-06-22T17:17:21.367,safe,transition,yja,stand_to_sit,t007,"CSI_DATA,1075931,1a:00:00:00:00:00,-64,11,-99,18,48,11,-1041780505,47,2,256,0,""[0,0,0,0,0,0,0,0,0,0,0,0,9,3,7,3,11,6,8,5,8,7,6,5,7,6,9,9,7,10,10,12,6,9,6,11,7,12,6,14,6,12,3,17,2,13,2,14,0,13,3,15,5,18,0,15,1,17,0,14,0,17,0,15,-1,15,0,14,-4,19,-2,15,-3,15,-2,13,-1,17,0,16,0,17,-3,15,-3,19,-3,15,0,18,-2,20,0,17,-4,20,-3,16,0,18,-1,11,0,20,-2,17,4,19,0,20,0,21,-2,16,-3,22,-1,20,-2,22,-3,23,-1,20,-2,23,0,0,0,0,0,0,23,4,28,7,19,3,21,4,25,7,17,6,25,9,21,6,24,7,18,6,17,4,22,4,20,6,25,5,17,6,19,6,20,4,22,7,18,5,23,9,18,6,21,7,16,6,19,4,22,4,22,8,22,6,18,6,20,6,20,7,20,9,18,6,19,16,18,10,19,12,12,10,18,10,16,12,19,10,15,14,17,15,11,13,12,17,13,16,11,14,8,18,5,14,8,15,3,9,7,14,3,12,6,14,1,15,1,14,-1,12,-1,12,-2,11,0,0,0,0,0,0,0,0,0,0]"""
1782116241381,2026-06-22T17:17:21.381,safe,transition,yja,stand_to_sit,t007,"CSI_DATA,1075932,1a:00:00:00:00:00,-64,11,-99,17,48,11,-1041766912,47,2,256,0,""[0,0,0,0,0,0,0,0,0,0,0,0,-2,-7,-2,-10,-2,-8,-2,-11,-2,-8,0,-13,1,-11,2,-9,3,-12,2,-10,4,-12,6,-11,5,-12,5,-11,7,-14,7,-10,9,-14,7,-11,11,-14,11,-12,8,-11,11,-10,11,-6,12,-11,13,-10,13,-8,13,-8,15,-9,10,-7,13,-10,12,-9,16,-11,15,-8,13,-9,13,-9,12,-6,11,-7,13,-10,13,-8,11,-8,13,-10,9,-10,13,-12,12,-11,19,-13,15,-8,15,-11,16,-10,13,-10,16,-11,18,-15,15,-11,18,-13,18,-10,17,-14,20,-11,18,-10,0,0,0,0,0,0,-13,-22,-9,-16,-13,-25,-11,-20,-6,-17,-11,-23,-9,-16,-11,-22,-9,-17,-10,-24,-8,-22,-6,-18,-6,-19,-6,-18,-8,-21,-8,-19,-8,-20,-7,-19,-10,-20,-6,-15,-8,-21,-8,-17,-9,-23,-8,-22,-6,-19,-6,-18,-3,-17,-8,-22,-6,-20,-4,-19,-5,-18,-5,-22,-6,-17,-6,-22,-3,-18,-4,-28,0,-22,-1,-20,1,-22,2,-18,1,-17,1,-21,3,-19,3,-15,5,-19,3,-15,5,-18,5,-15,9,-17,8,-11,8,-11,10,-10,7,-8,8,-7,10,-8,8,-6,9,-5,0,0,0,0,0,0,0,0,0,0]"""
1782116241391,2026-06-22T17:17:21.391,safe,transition,yja,stand_to_sit,t007,"CSI_DATA,1075933,1a:00:00:00:00:00,-64,11,-99,17,48,11,-1041756678,47,2,256,0,""[0,0,0,0,0,0,0,0,0,0,0,0,-2,-6,-1,-9,-1,-7,-1,-11,-1,-8,-1,-14,1,-13,1,-10,0,-12,2,-8,1,-13,2,-13,4,-14,4,-13,6,-16,2,-10,5,-16,3,-11,8,-18,10,-15,9,-13,8,-15,7,-10,8,-15,8,-14,7,-13,6,-12,8,-14,4,-11,8,-17,5,-10,9,-19,9,-13,6,-14,8,-13,6,-13,4,-11,3,-16,5,-15,4,-14,6,-17,1,-12,1,-18,4,-15,3,-24,3,-18,1,-18,5,-18,1,-17,0,-18,0,-25,0,-18,0,-23,0,-18,0,-24,0,-26,3,-22,0,0,0,0,0,0,-24,0,-18,0,-30,0,-23,0,-15,0,-27,0,-18,0,-27,1,-17,2,-28,0,-24,0,-19,0,-20,2,-17,0,-23,3,-19,3,-21,3,-18,3,-23,3,-14,4,-22,6,-17,5,-27,6,-23,5,-18,3,-19,5,-16,3,-20,7,-20,7,-19,6,-17,5,-23,5,-15,5,-22,9,-17,5,-28,8,-22,2,-20,4,-21,2,-18,1,-15,1,-20,5,-19,3,-16,1,-19,0,-13,2,-19,1,-14,-1,-21,-3,-14,-4,-15,-1,-13,-6,-11,-3,-10,-3,-13,-5,-11,-3,-10,-5,0,0,0,0,0,0,0,0,0,0]"""
1782116241401,2026-06-22T17:17:21.401,safe,transition,yja,stand_to_sit,t007,"CSI_DATA,1075934,1a:00:00:00:00:00,-64,11,-99,10,49,11,-1041747614,47,2,256,0,""[0,0,0,0,0,0,0,0,0,0,0,0,13,-9,30,-4,16,13,-7,-1,21,12,-7,10,-8,4,21,7,1,-5,17,-8,12,1,11,11,8,11,1,16,0,15,4,9,8,6,8,19,7,9,6,8,11,15,12,13,11,14,4,14,8,15,6,12,7,15,9,14,8,14,9,13,9,13,8,11,10,10,13,8,13,10,15,8,13,11,10,11,13,12,14,12,15,10,14,11,13,8,15,10,11,6,16,5,16,4,19,2,23,6,21,6,15,8,20,11,19,6,18,4,21,10,21,6,22,4,0,0,0,0,0,0,3,-23,5,-26,4,-19,2,-22,4,-25,5,-19,5,-24,2,-22,4,-24,2,-18,-1,-18,-4,-21,-3,-24,-2,-24,2,-19,0,-22,0,-20,0,-24,-2,-22,-2,-22,-4,-19,-3,-21,-2,-17,-7,-16,-8,-19,-11,-22,-8,-21,-2,-19,-6,-22,-6,-18,-5,-23,-7,-20,-5,-23,-6,-20,-7,-20,-4,-15,-9,-16,-9,-19,-11,-17,-9,-21,-6,-19,-1,-17,-2,-19,-2,-21,-2,-19,-1,-17,0,-15,-2,-17,0,-12,-2,-13,-2,-13,-3,-13,0,-15,0,-15,4,-9,4,-11,4,-10,0,0,0,0,0,0,0,0,0,0]"""
1782116241412,2026-06-22T17:17:21.412,safe,transition,yja,stand_to_sit,t007,"CSI_DATA,1075935,1a:00:00:00:00:00,-64,11,-99,19,48,11,-1041736417,47,2,256,0,""[0,0,0,0,0,0,0,0,0,0,0,0,-5,-2,-8,-5,-5,-4,-8,-8,-6,-5,-9,-9,-7,-10,-4,-10,-7,-10,-2,-8,-4,-13,-4,-12,-4,-14,-3,-13,-4,-17,-2,-9,-3,-16,-2,-11,-2,-20,-1,-19,-1,-16,0,-16,1,-11,2,-17,2,-17,2,-14,2,-13,3,-17,0,-11,1,-18,1,-12,2,-22,4,-16,2,-16,3,-17,2,-14,1,-13,0,-17,0,-16,1,-14,2,-18,-1,-13,-1,-20,1,-14,1,-26,1,-17,-1,-17,3,-19,0,-17,0,-18,0,-24,0,-19,0,-23,1,-19,0,-24,0,-27,3,-22,0,0,0,0,0,0,-25,-2,-16,-2,-31,-4,-22,-2,-14,-2,-27,-3,-15,-1,-28,-3,-17,-2,-27,-4,-23,-5,-18,-5,-20,-2,-16,-5,-22,-4,-20,-4,-22,-4,-19,-4,-24,-4,-14,0,-23,-1,-16,-1,-27,-4,-22,-2,-19,-2,-20,-2,-15,-2,-23,-4,-21,-3,-19,-4,-17,-4,-23,-7,-15,0,-24,-2,-16,-4,-28,-8,-19,-9,-20,-7,-20,-10,-16,-8,-14,-8,-18,-9,-16,-11,-13,-10,-14,-13,-11,-5,-17,-11,-8,-10,-14,-17,-7,-12,-8,-11,-5,-13,-5,-11,-3,-10,-5,-11,-2,-10,-1,-10,0,0,0,0,0,0,0,0,0,0]"""
1782116241429,2026-06-22T17:17:21.429,safe,transition,yja,stand_to_sit,t007,"CSI_DATA,1075936,1a:00:00:00:00:00,-64,11,-99,18,48,11,-1041718197,47,2,256,0,""[0,0,0,0,0,0,0,0,0,0,0,0,7,-4,6,-2,9,-3,9,-3,9,-2,11,-2,11,-1,11,-2,10,0,14,0,14,0,12,0,14,0,14,1,14,1,16,2,14,1,15,3,17,3,17,5,17,5,14,3,16,3,17,4,15,4,15,4,14,4,13,2,17,5,15,4,16,3,17,3,17,3,17,3,17,2,13,1,16,1,18,0,18,0,15,0,15,0,17,0,17,-1,19,-2,19,-1,20,-4,19,-3,17,-4,19,-4,21,-4,23,-4,19,-3,17,-5,23,-6,21,-4,21,-6,22,-6,0,0,0,0,0,0,-7,-22,-8,-22,-9,-24,-9,-22,-6,-19,-8,-20,-9,-23,-8,-20,-10,-20,-8,-22,-9,-22,-12,-19,-8,-18,-10,-19,-12,-20,-10,-17,-11,-18,-11,-17,-10,-14,-12,-17,-11,-15,-13,-15,-13,-17,-14,-19,-14,-14,-11,-14,-13,-17,-17,-16,-14,-15,-13,-14,-13,-14,-14,-12,-14,-17,-13,-15,-15,-14,-15,-17,-15,-17,-14,-17,-13,-15,-10,-14,-11,-15,-12,-17,-10,-16,-9,-15,-8,-14,-8,-16,-6,-14,-7,-14,-6,-15,-5,-16,-4,-13,-3,-13,-2,-12,-1,-13,0,-14,1,-11,0,-10,0,0,0,0,0,0,0,0,0,0]"""
1782116241440,2026-06-22T17:17:21.440,safe,transition,yja,stand_to_sit,t007,"CSI_DATA,1075937,1a:00:00:00:00:00,-64,11,-99,18,48,11,-1041714468,47,2,256,0,""[0,0,0,0,0,0,0,0,0,0,0,0,-4,-5,-6,-8,-3,-6,-5,-10,-4,-7,-4,-12,-3,-12,-2,-9,-3,-12,-1,-10,-1,-14,0,-13,0,-14,1,-15,3,-18,0,-11,2,-15,1,-12,4,-19,4,-17,2,-12,5,-17,6,-10,7,-14,8,-15,7,-12,8,-12,9,-15,3,-11,6,-16,6,-12,8,-20,7,-14,6,-15,7,-15,6,-13,6,-11,4,-14,6,-12,4,-13,8,-15,2,-14,3,-17,6,-16,7,-22,7,-15,4,-19,8,-17,3,-18,7,-18,4,-22,3,-19,5,-22,5,-18,4,-22,7,-24,7,-21,0,0,0,0,0,0,-25,-9,-18,-7,-28,-11,-22,-9,-14,-6,-25,-10,-17,-7,-25,-11,-17,-6,-22,-11,-22,-9,-16,-9,-21,-6,-15,-9,-19,-9,-19,-8,-19,-9,-18,-7,-22,-10,-15,-3,-20,-7,-16,-5,-24,-10,-20,-7,-19,-7,-20,-6,-14,-8,-20,-9,-19,-9,-18,-8,-16,-9,-21,-11,-16,-4,-22,-7,-16,-9,-25,-13,-16,-12,-19,-11,-18,-14,-15,-11,-11,-11,-15,-12,-14,-13,-11,-12,-11,-16,-10,-9,-13,-15,-8,-13,-10,-18,-4,-12,-4,-12,-3,-12,-3,-12,-1,-11,-1,-12,0,-11,0,-11,0,0,0,0,0,0,0,0,0,0]"""
1782116241450,2026-06-22T17:17:21.450,safe,transition,yja,stand_to_sit,t007,"CSI_DATA,1075938,1a:00:00:00:00:00,-64,11,-99,13,49,11,-1041702814,47,2,256,0,""[0,0,0,0,0,0,0,0,0,0,0,0,-6,-3,-9,-6,-5,-4,-8,-8,-6,-6,-9,-10,-6,-9,-6,-9,-6,-9,-4,-10,-6,-12,-6,-12,-6,-13,-5,-11,-4,-17,-3,-10,-5,-16,-3,-12,-3,-20,0,-18,0,-15,-1,-15,0,-13,0,-16,-1,-16,-1,-16,-1,-14,-1,-18,0,-11,-1,-19,-1,-12,-2,-20,0,-18,-1,-16,0,-16,-1,-14,-2,-13,-5,-15,-3,-16,-1,-15,-1,-17,-5,-13,-7,-19,-5,-15,-6,-24,-3,-18,-6,-17,-4,-18,-5,-17,-5,-18,-8,-21,-8,-18,-9,-21,-7,-18,-9,-20,-10,-24,-5,-20,0,0,0,0,0,0,-23,7,-17,5,-27,10,-21,6,-15,5,-25,8,-17,6,-25,8,-15,6,-27,8,-22,8,-19,6,-18,8,-16,5,-20,8,-18,10,-18,9,-17,8,-21,10,-14,7,-20,13,-14,9,-23,12,-20,9,-17,8,-17,10,-13,8,-19,11,-17,12,-17,10,-16,9,-20,10,-14,8,-20,12,-15,9,-25,11,-20,6,-19,6,-21,5,-18,5,-15,5,-19,8,-18,5,-15,3,-19,2,-13,2,-18,3,-15,1,-21,0,-14,-2,-15,0,-13,-4,-11,-3,-10,-3,-12,-3,-11,-3,-10,-5,0,0,0,0,0,0,0,0,0,0]"""
1782116241459,2026-06-22T17:17:21.459,safe,transition,yja,stand_to_sit,t007,"CSI_DATA,1075939,1a:00:00:00:00:00,-64,11,-99,19,48,11,-1041692615,47,2,256,0,""[0,0,0,0,0,0,0,0,0,0,0,0,9,2,7,2,10,3,8,3,10,6,7,3,9,4,9,7,11,6,11,7,8,10,9,11,9,10,8,12,6,11,8,14,6,13,5,16,7,11,7,13,7,16,6,14,7,17,2,15,5,14,4,14,1,16,1,13,4,17,4,14,0,18,4,11,5,14,7,15,10,13,6,16,5,17,7,17,5,17,6,19,10,19,6,19,5,17,2,16,11,14,4,18,9,13,5,11,13,19,10,19,4,10,7,21,5,20,15,17,5,22,7,19,16,19,0,0,0,0,0,0,22,-8,26,-8,20,-7,22,-5,26,-8,20,-2,26,-4,20,-5,23,-4,17,-5,18,-7,22,-7,20,-8,22,-10,20,-3,20,-5,20,-8,20,-6,19,-4,21,-6,18,-5,22,-4,16,-7,17,-8,19,-7,20,-10,21,-8,20,-5,19,-7,20,-7,22,-5,19,-5,24,-5,20,-4,23,-2,18,-4,20,-5,20,-6,19,-5,21,-3,22,-1,19,3,19,0,20,2,17,2,18,4,14,5,16,6,12,4,13,4,14,4,13,4,13,7,10,7,8,8,8,7,7,9,0,0,0,0,0,0,0,0,0,0]"""
1782116241469,2026-06-22T17:17:21.469,safe,transition,yja,stand_to_sit,t007,"CSI_DATA,1075940,1a:00:00:00:00:00,-64,11,-99,16,48,11,-1041681615,47,2,256,0,""[0,0,0,0,0,0,0,0,0,0,0,0,-3,6,-4,9,-4,7,-6,9,-4,7,-8,10,-7,9,-6,9,-8,9,-9,7,-11,9,-10,9,-11,9,-10,9,-11,10,-11,7,-13,11,-10,9,-15,10,-14,11,-11,10,-13,7,-12,7,-14,9,-12,7,-13,9,-12,9,-12,11,-11,8,-12,11,-9,11,-15,14,-11,11,-11,11,-11,11,-9,11,-9,12,-9,15,-9,12,-8,12,-8,14,-4,12,-5,18,-5,15,-7,24,-6,20,-4,20,-5,19,-3,14,-5,18,-3,22,-2,20,-2,22,-1,23,0,22,-1,23,-1,24,0,0,0,0,0,0,24,-1,20,-1,27,-1,24,-3,19,-2,24,-5,20,-1,25,-5,18,-4,26,-4,24,-6,20,-5,20,-4,18,-3,21,-9,20,-7,19,-7,17,-7,18,-9,15,-9,19,-12,14,-11,21,-14,18,-13,16,-14,16,-11,14,-11,16,-15,16,-14,15,-13,14,-12,15,-16,12,-13,15,-17,12,-14,19,-18,16,-15,14,-13,16,-14,13,-11,14,-11,15,-15,15,-11,12,-10,13,-11,11,-10,14,-11,11,-8,18,-11,13,-6,12,-7,12,-3,10,-3,11,-3,13,-4,11,-3,11,-2,0,0,0,0,0,0,0,0,0,0]"""
1782116241480,2026-06-22T17:17:21.480,safe,transition,yja,stand_to_sit,t007,"CSI_DATA,1075941,1a:00:00:00:00:00,-64,11,-99,13,49,11,-1041669185,47,2,256,0,""[0,0,0,0,0,0,0,0,0,0,0,0,-2,9,-2,7,-6,9,-5,7,-7,8,-6,7,-8,8,-9,8,-10,5,-10,8,-10,7,-10,7,-11,8,-12,5,-11,5,-17,3,-14,1,-15,3,-15,0,-17,0,-19,0,-14,-1,-17,1,-17,0,-16,0,-16,0,-15,0,-13,0,-18,-5,-16,-3,-14,-3,-12,-3,-18,-4,-17,-3,-15,-3,-15,-3,-16,-3,-15,-3,-17,-2,-18,-1,-15,-3,-17,-5,-15,-5,-17,-3,-15,-4,-20,-2,-17,-5,-18,0,-19,-6,-20,-3,-20,-5,-18,-3,-17,-4,-22,-5,-22,-7,-19,-7,-23,-8,0,0,0,0,0,0,-9,21,-9,22,-8,21,-11,19,-10,22,-9,17,-12,22,-10,18,-13,21,-10,20,-11,18,-10,21,-12,15,-10,22,-9,18,-7,17,-9,18,-8,18,-10,15,-13,20,-12,15,-14,17,-12,17,-14,15,-13,20,-11,15,-11,18,-11,18,-12,17,-11,18,-12,17,-10,14,-20,15,-17,12,-15,14,-15,11,-18,14,-17,11,-17,13,-17,8,-18,10,-18,9,-18,7,-16,6,-16,6,-19,3,-17,0,-15,1,-13,0,-17,0,-14,-1,-13,-1,-12,-3,-13,-4,-12,-5,-10,-4,-8,-5,0,0,0,0,0,0,0,0,0,0]"""
1782116241501,2026-06-22T17:17:21.501,safe,transition,yja,stand_to_sit,t007,"CSI_DATA,1075943,1a:00:00:00:00:00,-63,11,-99,14,48,11,-1041646153,47,2,256,0,""[0,0,0,0,0,0,0,0,0,0,0,0,14,24,28,9,0,0,22,22,3,23,-9,13,22,19,7,22,13,9,-16,12,8,15,-4,8,3,12,-6,15,5,24,-4,6,1,14,6,15,1,20,0,17,2,13,-1,15,-4,12,-3,17,0,17,0,17,0,15,0,17,0,13,0,17,2,13,0,19,0,18,0,15,2,16,0,15,4,13,6,15,5,15,4,12,4,17,6,11,9,17,8,14,13,21,9,17,11,15,9,17,10,13,13,13,17,15,15,13,17,15,15,16,17,13,19,15,15,16,0,0,0,0,0,0,15,-19,10,-14,15,-25,13,-18,8,-14,14,-22,9,-15,13,-24,7,-17,13,-24,11,-22,8,-18,6,-19,6,-17,5,-23,4,-22,3,-21,3,-18,4,-22,2,-17,2,-24,1,-17,2,-26,2,-23,1,-20,1,-19,0,-17,-2,-23,-3,-22,-2,-21,-2,-19,-1,-23,-2,-17,-2,-24,-2,-17,-3,-28,0,-22,-2,-21,0,-20,0,-18,-2,-16,-4,-22,-2,-19,-1,-15,0,-18,0,-13,0,-19,0,-15,2,-22,2,-15,2,-15,4,-13,3,-11,2,-10,2,-13,2,-10,4,-10,0,0,0,0,0,0,0,0,0,0]"""
1782116241510,2026-06-22T17:17:21.510,safe,transition,yja,stand_to_sit,t007,"CSI_DATA,1075944,1a:00:00:00:00:00,-64,11,-99,16,48,11,-1041635605,47,2,256,0,""[0,0,0,0,0,0,0,0,0,0,0,0,6,1,9,3,7,2,10,3,9,5,11,7,9,9,5,8,8,8,6,10,9,10,7,11,7,11,6,11,7,13,5,11,7,14,7,13,6,16,5,18,4,13,2,17,0,13,3,16,2,17,1,15,0,14,0,17,3,14,3,16,1,14,3,20,0,18,1,16,0,17,0,15,1,14,5,16,3,15,2,12,1,16,5,14,6,16,5,20,5,22,0,17,5,19,0,20,4,16,4,20,8,22,7,18,5,20,4,22,7,22,5,22,5,23,0,0,0,0,0,0,24,-4,20,-3,27,-4,23,-2,18,-1,24,-2,20,-3,25,-3,22,-3,24,-1,24,0,20,1,21,-1,21,0,23,-1,20,-2,21,-3,18,-1,21,0,16,-3,20,-3,20,-3,24,-2,24,-1,20,-1,20,-1,18,0,22,-3,21,-3,19,-1,18,0,20,0,18,-4,20,-3,22,0,26,1,22,5,20,2,21,5,17,5,17,4,20,3,18,5,14,3,15,7,16,3,16,5,16,8,15,12,10,11,9,9,8,12,8,9,8,11,8,11,5,10,5,9,0,0,0,0,0,0,0,0,0,0]"""
1782116241523,2026-06-22T17:17:21.523,safe,transition,yja,stand_to_sit,t007,"CSI_DATA,1075945,1a:00:00:00:00:00,-64,11,-99,16,48,11,-1041624508,47,2,256,0,""[0,0,0,0,0,0,0,0,0,0,0,0,-7,-3,-10,-5,-7,-3,-9,-5,-7,-3,-11,-7,-9,-7,-7,-7,-10,-9,-6,-7,-8,-11,-9,-11,-9,-10,-8,-10,-10,-13,-8,-9,-11,-13,-8,-11,-11,-14,-11,-14,-9,-11,-10,-12,-6,-11,-9,-13,-9,-13,-9,-12,-9,-12,-10,-15,-9,-9,-12,-11,-9,-11,-14,-12,-11,-10,-13,-10,-12,-10,-13,-10,-11,-7,-14,-9,-13,-8,-11,-8,-15,-9,-12,-3,-18,-3,-15,-5,-24,-7,-15,-7,-20,-3,-20,-5,-16,-1,-18,-1,-21,-1,-20,-1,-24,0,-20,-1,-21,0,-26,3,-23,0,0,0,0,0,0,0,1,24,3,20,3,27,1,24,1,17,3,25,4,17,6,25,3,18,3,26,6,23,5,21,7,21,5,18,7,22,8,20,7,20,6,17,9,21,11,14,13,18,9,16,13,20,13,17,12,14,14,16,10,14,14,16,14,16,12,14,11,14,14,20,14,10,17,14,14,15,20,20,14,16,16,13,14,16,14,14,12,14,14,16,11,14,9,12,11,14,12,11,12,15,7,13,10,18,7,12,9,13,5,12,5,12,3,11,3,12,2,12,2,11,0,0,0,0,0,0,0,0,0,0]"""
1782116241543,2026-06-22T17:17:21.543,safe,transition,yja,stand_to_sit,t007,"CSI_DATA,1075946,1a:00:00:00:00:00,-63,11,-99,17,48,11,-1041605325,47,2,256,0,""[0,0,0,0,0,0,0,0,0,0,0,0,-8,0,-10,0,-6,-1,-11,-1,-8,-1,-13,-3,-12,-4,-10,-3,-11,-5,-9,-5,-12,-5,-12,-6,-12,-8,-11,-7,-11,-10,-8,-8,-11,-11,-10,-8,-12,-15,-10,-16,-10,-12,-6,-13,-8,-11,-9,-14,-9,-12,-10,-13,-7,-12,-9,-16,-5,-11,-8,-15,-8,-11,-10,-18,-6,-15,-9,-13,-7,-13,-6,-12,-8,-11,-10,-12,-10,-11,-10,-10,-10,-14,-10,-10,-14,-13,-10,-13,-15,-18,-10,-15,-15,-13,-11,-15,-10,-13,-13,-12,-17,-15,-15,-13,-15,-16,-13,-16,-17,-16,-16,-18,-12,-18,0,0,0,0,0,0,-18,14,-15,11,-22,17,-18,13,-13,10,-21,16,-14,10,-22,15,-14,11,-21,17,-20,14,-17,12,-15,11,-15,10,-18,15,-15,15,-16,14,-14,13,-17,13,-13,10,-17,15,-13,11,-20,17,-18,13,-14,13,-15,11,-13,11,-16,16,-15,15,-14,15,-15,11,-18,14,-13,10,-18,13,-15,10,-23,14,-20,8,-19,10,-20,8,-18,6,-15,8,-19,10,-17,6,-15,4,-18,3,-13,3,-20,3,-15,0,-20,1,-15,-1,-15,0,-13,-3,-10,-3,-10,-2,-12,-2,-11,-3,-9,-4,0,0,0,0,0,0,0,0,0,0]"""
1782116241553,2026-06-22T17:17:21.553,safe,transition,yja,stand_to_sit,t007,"CSI_DATA,1075947,1a:00:00:00:00:00,-64,11,-99,17,48,11,-1041600936,47,2,256,0,""[0,0,0,0,0,0,0,0,0,0,0,0,0,8,0,10,0,8,-2,11,-1,10,-1,11,-3,11,-3,10,-3,12,-5,10,-6,11,-6,13,-6,11,-7,11,-10,13,-5,11,-8,14,-6,11,-10,15,-10,13,-11,11,-10,15,-8,11,-11,10,-11,12,-9,12,-10,10,-12,13,-8,11,-10,15,-8,11,-10,16,-10,13,-7,13,-10,14,-7,13,-6,12,-6,13,-6,15,-6,13,-8,17,-1,14,-3,19,-5,16,-5,20,-3,16,-2,18,-5,18,-2,18,-3,19,-1,20,0,22,-2,23,0,20,0,23,-1,25,-1,23,0,0,0,0,0,0,26,0,20,1,27,0,23,0,19,0,24,0,19,-1,25,-1,20,0,25,-1,22,-1,21,0,22,-5,18,0,22,-1,22,-5,21,-4,20,-3,23,-3,16,-7,21,-9,18,-3,22,-7,20,-6,19,-4,20,-9,17,-5,20,-6,21,-8,17,-7,18,-7,23,-7,15,-9,20,-10,17,-6,24,-11,20,-5,19,-8,22,-6,19,-6,17,-5,18,-6,18,-5,17,-4,20,-1,13,-5,18,-5,15,1,20,0,13,0,15,0,13,1,13,0,11,3,12,2,11,1,10,5,0,0,0,0,0,0,0,0,0,0]"""
1782116241564,2026-06-22T17:17:21.564,safe,transition,yja,stand_to_sit,t007,"CSI_DATA,1075948,1a:00:00:00:00:00,-64,11,-99,17,48,11,-1041593615,47,2,256,0,""[0,0,0,0,0,0,0,0,0,0,0,0,3,-6,4,-9,3,-7,6,-8,4,-6,8,-10,9,-9,8,-8,10,-6,8,-6,9,-9,10,-8,11,-9,11,-8,15,-7,10,-5,16,-6,11,-6,17,-8,19,-4,15,-5,13,-4,13,-1,15,-6,15,-6,15,-5,13,-3,17,-4,12,-3,17,-6,13,-3,20,-6,15,-5,15,-5,16,-5,13,-4,11,-5,14,-8,13,-8,13,-6,15,-8,11,-7,16,-10,14,-9,20,-13,16,-8,15,-10,17,-8,14,-10,14,-11,15,-17,13,-14,17,-14,16,-12,17,-17,20,-16,19,-13,0,0,0,0,0,0,-15,-18,-11,-15,-19,-22,-13,-18,-10,-13,-15,-20,-13,-14,-17,-21,-14,-13,-15,-21,-15,-19,-12,-16,-12,-15,-12,-14,-17,-15,-16,-15,-17,-13,-15,-11,-16,-15,-12,-11,-18,-15,-13,-11,-20,-17,-17,-16,-15,-11,-15,-13,-13,-11,-18,-12,-18,-11,-17,-11,-15,-11,-17,-15,-14,-10,-18,-14,-14,-12,-20,-19,-14,-17,-15,-14,-13,-18,-10,-14,-11,-13,-13,-13,-13,-15,-11,-11,-10,-16,-8,-12,-10,-16,-6,-14,-6,-19,-3,-15,-3,-13,-1,-13,-1,-11,-1,-11,-1,-14,0,-10,0,-10,0,0,0,0,0,0,0,0,0,0]"""
1782116241573,2026-06-22T17:17:21.573,safe,transition,yja,stand_to_sit,t007,"CSI_DATA,1075949,1a:00:00:00:00:00,-64,11,-99,18,48,11,-1041582615,47,2,256,0,""[0,0,0,0,0,0,0,0,0,0,0,0,-6,-6,-6,-6,-7,-7,-6,-7,-6,-8,-6,-8,-6,-6,-7,-9,-8,-11,-7,-11,-6,-9,-6,-11,-5,-11,-6,-14,-6,-13,-7,-15,-7,-12,-8,-14,-4,-10,-8,-11,-11,-12,-8,-14,-10,-15,-4,-12,-4,-14,-7,-13,-7,-16,-9,-14,-9,-15,-7,-12,-11,-12,-7,-9,-10,-8,-12,-8,-14,-8,-16,-10,-14,-10,-11,-8,-13,-9,-15,-9,-15,-7,-18,-7,-15,-6,-16,-3,-13,-4,-18,0,-17,-1,-20,3,-22,0,-20,0,-15,-2,-24,-2,-23,1,-20,2,-22,0,-22,3,-21,6,0,0,0,0,0,0,8,24,8,26,4,16,11,22,9,26,7,19,9,22,8,19,10,22,8,17,10,14,14,16,16,17,15,18,11,14,12,17,14,15,15,18,17,13,18,13,16,11,19,12,12,9,16,6,20,7,22,7,22,9,17,9,20,9,20,7,23,8,22,5,23,8,20,6,20,4,14,6,19,1,18,4,22,1,23,4,19,5,15,7,17,8,19,7,19,6,16,6,14,6,17,4,11,4,13,3,12,4,14,4,13,5,14,6,9,7,8,7,8,6,0,0,0,0,0,0,0,0,0,0]"""
1782116241584,2026-06-22T17:17:21.584,safe,transition,yja,stand_to_sit,t007,"CSI_DATA,1075950,1a:00:00:00:00:00,-64,11,-99,18,48,11,-1041568343,47,2,256,0,""[0,0,0,0,0,0,0,0,0,0,0,0,-9,-4,-6,-4,-9,-6,-5,-5,-7,-9,-6,-5,-6,-8,-7,-9,-7,-10,-7,-12,-4,-12,-5,-12,-5,-12,-3,-14,-2,-12,-3,-18,-1,-14,2,-17,0,-13,0,-13,0,-15,0,-17,1,-19,4,-15,2,-15,2,-17,4,-17,4,-13,5,-17,4,-14,7,-17,2,-12,2,-14,2,-14,3,-15,3,-17,5,-17,6,-15,3,-16,4,-18,4,-15,7,-18,7,-15,6,-17,3,-12,3,-19,3,-17,1,-19,4,-20,4,-21,5,-17,6,-20,7,-20,6,-24,7,-20,5,-20,6,-22,0,0,0,0,0,0,-21,-10,-23,-14,-16,-8,-19,-14,-23,-14,-15,-12,-21,-15,-17,-11,-19,-16,-17,-10,-17,-11,-20,-11,-20,-11,-22,-12,-15,-13,-18,-11,-17,-11,-17,-12,-14,-12,-20,-14,-14,-11,-15,-16,-14,-9,-15,-11,-17,-11,-18,-12,-19,-14,-14,-13,-17,-12,-17,-13,-15,-17,-14,-14,-15,-20,-11,-15,-13,-19,-9,-12,-13,-16,-11,-17,-13,-17,-11,-19,-9,-19,-5,-17,-8,-18,-4,-20,-4,-17,-1,-20,1,-15,0,-17,-1,-12,0,-14,1,-14,0,-14,3,-14,3,-12,5,-9,5,-10,6,-9,0,0,0,0,0,0,0,0,0,0]"""
1782116241594,2026-06-22T17:17:21.594,safe,transition,yja,stand_to_sit,t007,"CSI_DATA,1075951,1a:00:00:00:00:00,-64,11,-99,19,48,11,-1041558591,47,2,256,0,""[0,0,0,0,0,0,0,0,0,0,0,0,10,0,7,0,11,2,10,1,11,3,9,3,11,4,11,3,9,6,14,7,13,7,11,5,13,8,10,8,9,7,13,13,9,11,10,13,9,12,10,11,11,12,8,12,11,14,9,13,8,13,10,12,9,13,7,10,8,17,7,13,8,15,7,11,10,14,9,14,10,12,9,11,10,14,9,13,11,13,12,13,10,11,11,16,9,12,13,13,9,10,17,14,13,13,16,10,16,15,17,13,16,14,14,13,13,11,20,16,16,16,16,13,19,16,0,0,0,0,0,0,16,-15,18,-20,13,-16,14,-17,17,-19,14,-13,20,-20,13,-14,17,-18,13,-16,16,-15,14,-19,13,-14,14,-20,14,-16,11,-17,13,-16,12,-16,10,-14,16,-19,11,-14,13,-18,9,-16,13,-17,13,-20,11,-15,12,-20,11,-18,11,-17,11,-19,11,-17,7,-14,18,-19,13,-14,15,-17,13,-13,15,-18,15,-15,13,-16,15,-13,15,-15,14,-12,16,-12,16,-11,14,-10,18,-7,14,-4,16,-7,11,-4,16,-5,14,-2,13,-5,13,-1,16,-1,13,0,11,0,10,1,0,0,0,0,0,0,0,0,0,0]"""
1782116241604,2026-06-22T17:17:21.604,safe,transition,yja,stand_to_sit,t007,"CSI_DATA,1075952,1a:00:00:00:00:00,-64,11,-99,18,48,11,-1041547350,47,2,256,0,""[0,0,0,0,0,0,0,0,0,0,0,0,3,-7,3,-6,5,-9,4,-8,6,-10,6,-8,4,-7,6,-12,6,-10,7,-14,7,-8,6,-10,7,-12,9,-11,7,-9,11,-11,9,-10,13,-11,9,-10,7,-10,7,-12,11,-13,9,-14,9,-10,9,-12,9,-12,11,-14,7,-12,12,-14,7,-12,9,-14,5,-11,5,-14,5,-14,3,-15,4,-15,3,-17,4,-13,1,-18,3,-19,1,-16,3,-18,3,-15,0,-19,-1,-12,-4,-17,-3,-17,-7,-15,-5,-22,-7,-21,-4,-19,-6,-21,-6,-20,-7,-20,-6,-21,-10,-19,-12,-20,0,0,0,0,0,0,-19,13,-23,14,-15,11,-19,11,-22,18,-16,9,-21,15,-15,12,-20,17,-11,14,-12,14,-12,18,-12,19,-11,22,-12,15,-10,18,-9,20,-11,20,-7,17,-11,21,-7,17,-9,22,-3,15,-3,19,-3,21,-2,22,-1,23,-5,19,0,22,0,22,-1,23,0,19,-5,25,-3,21,-1,21,0,15,1,21,0,22,4,20,1,22,0,20,-2,17,0,20,-2,21,-1,19,-4,18,-4,13,-1,17,0,11,-1,15,-1,14,0,14,-3,14,-1,15,-3,10,-3,10,-3,9,0,0,0,0,0,0,0,0,0,0]"""
1782116241614,2026-06-22T17:17:21.614,safe,transition,yja,stand_to_sit,t007,"CSI_DATA,1075953,1a:00:00:00:00:00,-64,11,-99,19,48,11,-1041535241,47,2,256,0,""[0,0,0,0,0,0,0,0,0,0,0,0,-1,10,-2,7,-3,10,-3,8,-5,9,-5,8,-6,8,-8,10,-8,8,-9,9,-9,9,-10,7,-10,8,-12,8,-10,6,-17,5,-13,5,-16,5,-12,3,-14,2,-19,4,-14,0,-19,4,-13,2,-15,1,-17,1,-17,1,-14,2,-19,0,-14,0,-17,1,-12,0,-15,1,-16,0,-15,1,-17,1,-18,1,-16,1,-17,2,-18,2,-16,2,-19,0,-17,0,-16,4,-14,1,-19,4,-19,-1,-19,5,-22,1,-22,2,-17,0,-20,0,-21,1,-23,1,-23,1,-19,0,-23,1,0,0,0,0,0,0,-2,23,0,29,0,19,0,25,-1,27,-1,19,-2,26,-1,20,-2,25,-1,20,-2,20,-1,25,-4,22,-1,24,-1,19,-2,20,-2,21,-2,22,-1,19,-4,25,-1,20,-2,23,-2,16,-2,18,-2,22,-4,20,-3,25,-1,19,-4,20,-2,22,-4,23,-1,20,-8,24,-5,19,-4,22,-7,14,-6,20,-10,18,-8,19,-11,19,-12,19,-10,15,-12,15,-13,15,-11,14,-15,12,-13,9,-11,11,-9,5,-13,9,-13,5,-11,7,-13,4,-13,4,-10,1,-11,0,-11,0,0,0,0,0,0,0,0,0,0,0]"""
1782116241623,2026-06-22T17:17:21.623,safe,transition,yja,stand_to_sit,t007,"CSI_DATA,1075954,1a:00:00:00:00:00,-64,11,-99,17,48,11,-1041527615,47,2,256,0,""[0,0,0,0,0,0,0,0,0,0,0,0,1,-7,3,-7,3,-10,4,-10,5,-10,5,-10,4,-10,5,-11,6,-10,3,-12,5,-12,2,-11,4,-13,6,-13,6,-12,8,-14,7,-12,7,-13,8,-15,10,-12,8,-15,8,-13,5,-15,6,-15,5,-15,5,-15,5,-14,3,-13,7,-17,5,-15,3,-15,3,-15,2,-18,2,-15,0,-17,1,-15,-1,-16,-1,-15,-4,-17,-5,-16,-5,-15,-2,-18,-5,-17,-6,-17,-6,-14,-10,-17,-8,-15,-11,-13,-11,-17,-13,-15,-15,-16,-15,-13,-14,-14,-16,-15,-16,-15,-17,-13,-18,-13,0,0,0,0,0,0,-13,19,-12,20,-10,19,-9,21,-8,23,-9,20,-10,25,-6,22,-7,23,-5,21,-6,22,-1,21,-3,20,1,23,1,21,3,20,5,22,4,21,4,19,2,23,3,20,5,20,6,20,7,22,9,20,7,20,11,18,13,18,13,17,15,17,13,17,13,14,11,22,10,18,12,17,11,15,15,18,13,17,15,15,11,16,13,14,13,15,14,14,11,14,11,12,10,15,8,15,11,13,8,10,10,14,7,11,10,11,5,11,8,12,7,10,6,9,5,9,0,0,0,0,0,0,0,0,0,0]"""
1782116241635,2026-06-22T17:17:21.635,safe,transition,yja,stand_to_sit,t007,"CSI_DATA,1075955,1a:00:00:00:00:00,-64,11,-99,21,47,11,-1041512787,47,2,256,0,""[0,0,0,0,0,0,0,0,0,0,0,0,1,-9,1,-10,2,-10,1,-9,3,-12,4,-9,1,-9,2,-13,2,-13,3,-14,5,-10,5,-12,6,-11,8,-13,6,-11,9,-15,6,-12,8,-14,6,-9,3,-13,3,-15,8,-17,9,-15,9,-10,10,-14,8,-12,11,-14,9,-14,8,-15,6,-13,8,-15,5,-10,2,-13,1,-16,1,-17,3,-18,3,-18,6,-14,3,-17,3,-18,1,-18,2,-18,1,-17,0,-19,1,-13,-2,-16,-3,-17,-8,-17,-7,-22,-6,-22,-1,-17,-3,-23,-5,-21,-7,-20,-3,-23,-8,-19,-9,-21,0,0,0,0,0,0,-23,11,-24,11,-17,8,-18,11,-25,11,-20,8,-22,10,-18,13,-20,13,-15,10,-13,11,-15,14,-17,17,-18,18,-17,10,-16,13,-16,13,-18,15,-14,17,-15,17,-12,15,-15,18,-10,13,-8,17,-8,18,-9,23,-10,22,-11,14,-12,20,-10,18,-13,19,-8,22,-11,20,-10,18,-9,20,-6,15,-5,18,-5,19,-4,22,-8,21,-9,20,-10,12,-10,17,-11,17,-10,17,-10,15,-10,12,-9,15,-7,9,-7,11,-7,11,-7,13,-9,11,-10,10,-8,6,-10,5,-8,5,0,0,0,0,0,0,0,0,0,0]"""
1782116241646,2026-06-22T17:17:21.646,safe,transition,yja,stand_to_sit,t007,"CSI_DATA,1075956,1a:00:00:00:00:00,-64,11,-99,21,47,11,-1041503465,47,2,256,0,""[0,0,0,0,0,0,0,0,0,0,0,0,-6,-5,-6,-6,-6,-6,-7,-8,-5,-10,-6,-8,-6,-8,-6,-8,-8,-11,-7,-10,-3,-13,-5,-13,-5,-12,-3,-13,-3,-15,-4,-15,-3,-15,-1,-17,-3,-14,-3,-15,-2,-17,-5,-15,-3,-18,0,-14,0,-15,-3,-17,0,-17,-1,-18,-1,-15,-1,-15,0,-17,-2,-13,-2,-14,-6,-13,-5,-15,-6,-18,-5,-15,-1,-15,-6,-15,-4,-16,-5,-16,-6,-17,-5,-17,-6,-17,-7,-13,-8,-17,-9,-15,-11,-15,-13,-17,-12,-17,-10,-17,-11,-20,-11,-19,-12,-17,-10,-20,-14,-16,-11,-19,0,0,0,0,0,0,-20,13,-22,11,-18,11,-21,11,-22,13,-22,9,-19,11,-19,11,-22,10,-18,13,-15,13,-17,13,-17,17,-15,16,-17,10,-16,15,-15,15,-18,14,-17,14,-15,15,-15,14,-18,13,-13,15,-12,16,-13,15,-13,18,-13,18,-15,14,-13,17,-14,18,-16,16,-17,17,-13,15,-15,15,-17,14,-12,14,-11,14,-13,17,-13,16,-16,17,-15,15,-17,10,-15,13,-17,9,-17,10,-15,8,-15,6,-17,5,-13,5,-13,5,-13,5,-13,5,-13,5,-13,3,-11,0,-11,0,-11,0,0,0,0,0,0,0,0,0,0,0]"""
1782116241656,2026-06-22T17:17:21.656,safe,transition,yja,stand_to_sit,t007,"CSI_DATA,1075957,1a:00:00:00:00:00,-64,11,-99,15,48,11,-1041493790,47,2,256,0,""[0,0,0,0,0,0,0,0,0,0,0,0,19,-12,12,14,5,0,32,-8,-7,-8,20,-2,27,8,7,-12,0,-2,4,-15,18,-8,15,2,14,2,10,-4,14,-10,21,-3,14,0,19,-7,15,0,16,0,20,-2,14,0,17,0,16,0,16,1,16,0,16,0,14,-2,16,0,15,-1,16,-2,16,-3,17,-3,16,-3,15,-4,13,-5,17,-6,17,-7,15,-6,14,-6,14,-7,16,-10,14,-9,16,-12,14,-11,14,-14,15,-13,12,-14,13,-12,14,-15,16,-15,14,-14,11,-14,16,-19,14,-17,13,-16,14,-19,0,0,0,0,0,0,-20,-10,-20,-11,-20,-11,-21,-10,-20,-10,-20,-10,-22,-9,-19,-10,-22,-9,-22,-11,-23,-8,-22,-7,-19,-6,-22,-8,-22,-5,-20,-5,-22,-4,-19,-3,-18,-2,-22,-2,-20,-1,-22,0,-22,0,-23,0,-21,1,-18,0,-22,2,-22,3,-21,1,-21,2,-20,4,-18,5,-23,2,-20,2,-22,4,-22,2,-24,2,-21,1,-20,3,-18,2,-21,2,-22,2,-19,0,-17,0,-16,0,-20,0,-18,0,-18,0,-16,-2,-17,-1,-15,-2,-14,-2,-12,-2,-12,-4,-12,-4,-10,-4,-9,-4,0,0,0,0,0,0,0,0,0,0]"""
1782116241665,2026-06-22T17:17:21.665,safe,transition,yja,stand_to_sit,t007,"CSI_DATA,1075958,1a:00:00:00:00:00,-64,11,-99,15,49,11,-1041483616,47,2,256,0,""[0,0,0,0,0,0,0,0,0,0,0,0,4,5,5,8,2,7,3,9,3,7,5,10,4,10,3,10,4,11,0,10,2,13,1,14,1,13,0,13,0,16,1,12,1,16,1,14,-1,17,0,15,0,11,0,17,-1,13,-2,15,-2,16,-1,16,-1,14,-1,18,0,14,0,16,0,14,0,17,0,15,4,15,1,16,2,16,2,14,3,16,2,14,2,16,2,17,7,13,8,16,5,16,8,21,7,13,11,16,8,17,9,16,9,17,11,19,11,18,13,18,11,16,10,19,13,20,11,17,0,0,0,0,0,0,19,-14,17,-12,19,-16,16,-14,14,-13,18,-16,14,-11,17,-16,14,-13,17,-15,13,-17,13,-15,13,-17,13,-12,14,-14,13,-16,12,-15,13,-13,14,-18,8,-14,9,-19,9,-17,11,-19,8,-17,8,-16,7,-20,8,-16,9,-17,9,-18,6,-17,10,-16,10,-21,5,-16,7,-20,7,-18,8,-22,8,-15,5,-19,8,-18,8,-18,8,-15,8,-17,10,-14,10,-13,10,-14,7,-12,10,-15,10,-11,11,-13,8,-10,8,-10,10,-8,9,-8,10,-6,9,-4,9,-5,8,-4,0,0,0,0,0,0,0,0,0,0]"""
1782116241676,2026-06-22T17:17:21.676,safe,transition,yja,stand_to_sit,t007,"CSI_DATA,1075959,1a:00:00:00:00:00,-64,11,-99,18,48,11,-1041472616,47,2,256,0,""[0,0,0,0,0,0,0,0,0,0,0,0,-5,7,-6,7,-7,6,-7,7,-7,6,-10,6,-11,6,-10,4,-10,3,-11,3,-13,3,-11,3,-14,4,-14,3,-15,2,-14,0,-17,0,-14,0,-17,-1,-17,-3,-19,-1,-14,-3,-15,-2,-16,-3,-16,-3,-15,-3,-15,-7,-15,-4,-15,-6,-17,-6,-14,-4,-17,-6,-15,-5,-14,-7,-15,-3,-12,-5,-13,-3,-15,-4,-17,-5,-15,-3,-16,-4,-14,-5,-17,-7,-17,-2,-19,-5,-20,-4,-17,-6,-18,-4,-19,-7,-17,-5,-20,-6,-17,-6,-21,-6,-20,-6,-22,-6,-24,-7,-21,-7,0,0,0,0,0,0,-8,22,-7,20,-9,23,-9,20,-9,19,-10,21,-11,20,-11,22,-10,19,-14,20,-12,20,-9,20,-11,16,-8,19,-10,20,-9,18,-10,19,-9,18,-9,19,-12,16,-12,19,-9,17,-12,20,-11,19,-9,20,-11,16,-10,16,-11,19,-11,18,-11,19,-11,17,-11,17,-15,15,-15,18,-12,15,-17,17,-16,16,-16,14,-15,14,-16,10,-15,10,-17,11,-17,9,-16,9,-17,9,-15,4,-18,4,-14,6,-17,1,-15,2,-14,1,-14,0,-12,0,-12,-2,-12,-2,-11,-3,-9,-4,0,0,0,0,0,0,0,0,0,0]"""
1782116241686,2026-06-22T17:17:21.686,safe,transition,yja,stand_to_sit,t007,"CSI_DATA,1075960,1a:00:00:00:00:00,-63,11,-99,21,47,11,-1041461616,47,2,256,0,""[0,0,0,0,0,0,0,0,0,0,0,0,0,-8,2,-9,2,-9,2,-9,4,-9,3,-10,3,-10,5,-10,5,-13,6,-10,8,-11,9,-10,8,-10,9,-12,10,-11,9,-12,10,-11,11,-11,9,-10,8,-13,10,-12,10,-13,11,-11,11,-8,11,-10,13,-11,12,-11,12,-13,11,-13,10,-12,11,-13,7,-11,8,-13,7,-11,8,-13,8,-16,8,-14,8,-14,8,-14,7,-15,7,-15,5,-18,5,-17,6,-16,4,-16,4,-17,3,-19,3,-21,1,-21,3,-19,3,-18,2,-22,1,-23,0,-23,1,-22,0,-22,-1,-22,0,0,0,0,0,0,-25,0,-25,0,-21,0,-25,1,-25,1,-23,0,-23,2,-21,2,-23,1,-20,2,-20,4,-22,4,-24,8,-22,5,-21,1,-21,4,-20,4,-21,5,-21,6,-20,10,-18,9,-21,8,-17,8,-17,10,-18,9,-18,13,-19,10,-18,7,-19,9,-18,11,-20,11,-20,12,-18,12,-17,10,-19,11,-15,10,-17,11,-17,12,-18,11,-19,12,-18,9,-17,6,-18,7,-18,6,-17,6,-17,8,-15,5,-17,5,-14,5,-14,4,-13,2,-13,3,-13,3,-13,0,-11,0,-11,-1,-11,-1,0,0,0,0,0,0,0,0,0,0]"""
1782116241698,2026-06-22T17:17:21.698,safe,transition,yja,stand_to_sit,t007,"CSI_DATA,1075961,1a:00:00:00:00:00,-64,11,-99,18,48,11,-1041449578,47,2,256,0,""[0,0,0,0,0,0,0,0,0,0,0,0,5,-6,6,-7,6,-4,8,-6,7,-6,11,-7,12,-4,11,-3,11,-3,11,-1,13,-4,14,-3,14,-2,13,-1,14,-1,13,-1,15,0,15,-3,18,1,19,3,15,1,15,3,15,3,16,1,15,2,15,1,15,2,17,2,12,0,15,1,16,1,20,2,16,3,15,2,15,3,15,1,15,1,16,-2,15,0,14,-1,15,1,14,-3,18,-4,19,-1,24,-2,17,1,20,-3,19,0,16,-1,19,-1,23,-6,17,-6,22,-3,22,-3,21,-6,22,-2,23,-1,0,0,0,0,0,0,-3,-24,-3,-20,-3,-28,-2,-23,-3,-18,-3,-24,-3,-19,-3,-24,-4,-19,-4,-25,-1,-25,-1,-20,-3,-22,0,-19,-6,-22,-5,-22,-6,-20,-4,-18,-3,-23,-5,-15,-6,-22,-6,-19,-5,-23,-3,-21,-3,-19,-4,-20,-3,-17,-7,-20,-7,-20,-6,-19,-5,-17,-4,-22,-5,-17,-7,-19,-6,-19,-4,-25,0,-22,-1,-20,0,-21,0,-20,0,-19,-3,-20,0,-19,1,-15,3,-17,-1,-16,1,-18,3,-17,6,-20,7,-12,6,-14,7,-11,6,-11,6,-10,7,-11,6,-9,7,-7,0,0,0,0,0,0,0,0,0,0]"""
1782116241708,2026-06-22T17:17:21.708,safe,transition,yja,stand_to_sit,t007,"CSI_DATA,1075962,1a:00:00:00:00:00,-64,11,-99,17,48,11,-1041438967,47,2,256,0,""[0,0,0,0,0,0,0,0,0,0,0,0,1,-6,3,-10,3,-6,5,-11,3,-7,5,-13,6,-11,6,-9,6,-10,7,-8,7,-13,7,-12,8,-11,6,-10,10,-13,6,-8,11,-13,6,-9,14,-15,12,-13,9,-11,11,-10,9,-9,10,-12,10,-12,9,-13,8,-11,11,-12,6,-9,10,-17,6,-10,12,-18,10,-13,6,-15,9,-13,6,-12,3,-13,3,-16,4,-16,1,-13,4,-18,0,-12,0,-20,1,-15,0,-25,3,-18,-1,-18,0,-20,0,-18,-1,-18,-5,-22,-5,-18,-3,-21,-5,-19,-6,-20,-6,-25,-5,-22,0,0,0,0,0,0,-23,8,-17,5,-27,12,-21,7,-13,6,-24,12,-15,9,-25,13,-15,8,-25,15,-20,13,-17,11,-15,11,-14,9,-17,16,-14,16,-13,17,-13,13,-17,16,-9,11,-15,20,-10,13,-17,22,-13,18,-11,17,-11,17,-8,15,-9,20,-8,20,-6,19,-7,17,-10,20,-5,15,-8,22,-6,17,-11,27,-11,18,-8,18,-11,18,-8,17,-6,15,-8,21,-6,18,-6,14,-10,15,-5,13,-8,18,-8,11,-13,17,-10,10,-8,11,-9,9,-8,9,-7,6,-8,10,-8,8,-8,8,0,0,0,0,0,0,0,0,0,0]"""
1782116241720,2026-06-22T17:17:21.720,safe,transition,yja,stand_to_sit,t007,"CSI_DATA,1075963,1a:00:00:00:00:00,-63,11,-99,18,48,11,-1041427600,47,2,256,0,""[0,0,0,0,0,0,0,0,0,0,0,0,4,-6,4,-8,4,-7,7,-7,6,-8,7,-9,8,-9,7,-6,7,-11,10,-7,8,-7,12,-9,11,-9,12,-9,14,-11,9,-9,11,-11,11,-10,13,-9,12,-12,11,-10,13,-13,12,-7,12,-9,14,-10,11,-9,11,-9,12,-11,9,-12,9,-15,11,-12,10,-15,9,-12,9,-14,9,-13,7,-15,7,-12,6,-14,6,-14,6,-14,6,-17,0,-16,0,-16,1,-20,1,-19,0,-16,-1,-19,1,-18,-2,-20,-1,-22,-4,-20,-5,-20,-4,-21,-4,-20,-7,-21,-6,-23,-7,-22,0,0,0,0,0,0,-23,9,-21,8,-22,9,-20,11,-18,11,-21,12,-18,11,-20,14,-19,12,-19,14,-17,15,-16,10,-15,17,-17,14,-15,14,-16,15,-14,15,-14,15,-16,18,-7,17,-8,20,-10,19,-9,19,-9,20,-10,17,-8,20,-8,19,-7,18,-8,19,-7,18,-6,18,-8,21,-1,20,0,22,-3,22,-4,24,-4,20,-3,20,-6,20,-3,21,-5,19,-3,20,-4,19,-4,17,-6,17,-1,18,-2,18,-6,17,-6,16,-4,12,-4,14,-7,12,-5,12,-8,12,-7,9,-6,10,-7,9,0,0,0,0,0,0,0,0,0,0]"""
1782116241737,2026-06-22T17:17:21.737,safe,transition,yja,stand_to_sit,t007,"CSI_DATA,1075964,1a:00:00:00:00:00,-64,11,-99,17,48,11,-1041409531,47,2,256,0,""[0,0,0,0,0,0,0,0,0,0,0,0,3,6,5,9,3,6,5,10,3,8,2,14,1,13,1,10,1,11,0,10,-1,14,-1,13,-1,14,-3,12,-4,17,-1,10,-3,17,-3,12,-5,18,-6,15,-6,11,-5,15,-8,9,-8,15,-8,14,-9,13,-8,11,-10,15,-4,10,-8,15,-7,11,-11,18,-9,13,-8,13,-8,13,-8,11,-6,10,-6,14,-7,13,-6,12,-9,15,-3,12,-6,18,-6,15,-10,22,-8,14,-7,17,-10,15,-6,16,-7,17,-8,22,-8,18,-9,23,-9,17,-8,21,-10,25,-10,20,0,0,0,0,0,0,23,11,16,8,27,13,21,11,13,8,23,14,15,7,24,13,15,8,22,15,20,13,15,11,18,11,13,10,18,12,18,11,19,12,15,11,21,13,14,6,20,10,15,9,23,14,19,11,17,10,18,10,12,10,20,11,17,12,17,11,13,11,19,16,14,8,20,11,14,11,21,18,16,16,15,13,13,18,11,15,9,13,13,17,11,16,9,13,8,17,6,11,10,16,5,13,5,21,2,13,2,15,0,13,0,12,-1,11,0,13,-1,11,-2,10,0,0,0,0,0,0,0,0,0,0]"""
1782116241748,2026-06-22T17:17:21.748,safe,transition,yja,stand_to_sit,t007,"CSI_DATA,1075965,1a:00:00:00:00:00,-64,11,-99,16,48,11,-1041404663,47,2,256,0,""[0,0,0,0,0,0,0,0,0,0,0,0,-6,-6,-5,-7,-5,-8,-4,-8,-6,-9,-3,-10,-4,-11,-3,-12,-2,-11,-3,-14,-1,-12,0,-12,1,-13,1,-14,0,-12,3,-17,1,-14,3,-17,5,-13,6,-14,7,-17,5,-12,7,-16,8,-15,7,-13,8,-14,7,-15,6,-13,10,-16,7,-12,7,-14,7,-12,7,-15,9,-12,10,-14,7,-14,9,-15,12,-13,10,-14,9,-15,5,-12,9,-17,9,-14,7,-17,8,-12,7,-21,10,-16,9,-19,9,-16,9,-17,13,-16,11,-16,10,-17,14,-20,12,-18,10,-16,12,-19,0,0,0,0,0,0,-16,-12,-20,-14,-18,-12,-20,-12,-18,-16,-16,-12,-20,-18,-16,-12,-17,-15,-15,-16,-16,-15,-18,-16,-13,-14,-17,-16,-15,-14,-12,-16,-14,-16,-14,-14,-12,-11,-16,-18,-14,-12,-16,-13,-13,-14,-15,-15,-16,-15,-12,-14,-16,-17,-14,-16,-11,-18,-12,-16,-14,-18,-12,-14,-12,-19,-9,-16,-13,-18,-9,-18,-12,-19,-8,-19,-9,-19,-6,-18,-6,-20,-5,-20,-1,-18,-2,-19,-2,-15,0,-18,1,-16,0,-16,1,-13,2,-16,3,-14,3,-14,4,-12,5,-12,6,-10,7,-8,7,-7,0,0,0,0,0,0,0,0,0,0]"""
1782116241758,2026-06-22T17:17:21.758,safe,transition,yja,stand_to_sit,t007,"CSI_DATA,1075966,1a:00:00:00:00:00,-64,11,-99,18,48,11,-1041395616,47,2,256,0,""[0,0,0,0,0,0,0,0,0,0,0,0,7,-3,7,-3,9,-3,10,-1,10,-3,12,-1,12,0,11,-1,10,0,12,-1,13,-4,12,-3,14,-1,14,-1,14,0,14,0,15,0,15,0,19,1,15,3,15,2,15,3,15,0,17,0,17,0,15,-1,14,-2,14,-1,16,1,17,0,15,-1,17,-1,17,-1,15,-1,16,-1,14,-1,14,-5,15,-6,15,-7,14,-5,15,-7,14,-7,15,-9,15,-9,17,-10,17,-10,16,-11,15,-11,16,-9,14,-14,17,-16,12,-15,13,-15,15,-15,14,-17,15,-17,15,-17,0,0,0,0,0,0,-19,-15,-19,-14,-22,-14,-18,-14,-18,-11,-21,-11,-19,-12,-21,-12,-19,-10,-22,-10,-21,-11,-20,-9,-18,-7,-19,-6,-23,-4,-20,-3,-21,-3,-19,-3,-20,-3,-20,-3,-21,-1,-20,-1,-23,-1,-23,-2,-22,-1,-19,-1,-19,2,-22,3,-21,3,-20,4,-20,4,-20,3,-21,2,-22,3,-20,3,-24,2,-24,0,-22,1,-20,0,-17,0,-20,1,-20,3,-19,1,-17,1,-18,0,-16,0,-17,0,-16,0,-18,-1,-16,-3,-14,-1,-12,-3,-12,-4,-12,-1,-12,-3,-10,-3,-9,-3,0,0,0,0,0,0,0,0,0,0]"""
1782116241767,2026-06-22T17:17:21.767,safe,transition,yja,stand_to_sit,t007,"CSI_DATA,1075967,1a:00:00:00:00:00,-64,11,-99,19,48,11,-1041384616,47,2,256,0,""[0,0,0,0,0,0,0,0,0,0,0,0,4,8,3,7,3,10,3,8,3,11,2,10,1,11,1,12,0,13,0,14,-1,13,-2,13,-2,14,-2,15,-2,12,-5,17,-2,13,-5,16,-4,11,-5,14,-7,18,-5,13,-10,17,-7,14,-8,13,-8,13,-9,14,-7,13,-8,15,-7,13,-10,14,-6,10,-7,15,-9,13,-7,14,-8,16,-11,12,-8,13,-12,14,-10,19,-5,11,-11,17,-5,12,-3,18,-1,16,-3,19,-12,18,-4,22,-4,26,-12,17,-5,17,-13,25,-2,22,-6,19,-2,20,-9,17,-8,22,0,0,0,0,0,0,22,7,26,8,15,8,23,7,26,11,17,8,26,10,17,5,23,9,16,8,18,8,22,8,20,8,24,8,19,8,18,10,21,9,21,8,17,6,23,8,17,6,22,7,16,5,18,4,21,7,22,5,23,8,19,7,19,8,21,8,22,10,17,5,23,10,17,7,20,7,14,7,22,8,18,9,20,9,17,10,18,14,13,13,14,16,16,14,13,11,13,16,10,13,13,14,5,10,9,12,5,13,7,13,6,13,4,14,1,10,0,11,0,11,0,0,0,0,0,0,0,0,0,0]"""
1782116241777,2026-06-22T17:17:21.777,safe,transition,yja,stand_to_sit,t007,"CSI_DATA,1075968,1a:00:00:00:00:00,-64,11,-99,18,48,11,-1041372086,47,2,256,0,""[0,0,0,0,0,0,0,0,0,0,0,0,6,-5,6,-6,8,-6,8,-6,9,-5,9,-4,10,-6,10,-4,12,-4,12,-3,12,-1,12,0,14,0,14,1,14,0,17,1,14,2,16,4,14,2,14,2,14,4,17,4,17,6,14,7,15,7,13,8,13,8,14,8,17,6,13,7,12,9,12,6,14,6,15,7,14,6,15,6,14,9,13,9,15,8,15,9,15,7,16,8,15,7,16,7,14,7,17,6,18,7,18,6,19,7,19,8,17,9,17,11,18,11,20,10,19,11,20,9,20,12,0,0,0,0,0,0,14,-20,17,-21,12,-16,14,-19,17,-21,15,-15,17,-19,13,-16,17,-17,14,-14,12,-16,15,-14,14,-18,15,-17,15,-13,15,-14,14,-14,16,-15,14,-15,15,-16,13,-13,16,-14,13,-14,12,-15,14,-15,14,-17,17,-14,17,-12,17,-14,17,-11,20,-12,17,-11,19,-15,15,-11,20,-10,16,-10,18,-11,18,-11,19,-10,19,-9,20,-6,19,-3,20,-3,20,-2,19,-1,19,0,16,1,17,1,14,3,14,2,12,3,13,3,14,3,12,7,9,6,9,6,8,7,0,0,0,0,0,0,0,0,0,0]"""
1782116241786,2026-06-22T17:17:21.786,safe,transition,yja,stand_to_sit,t007,"CSI_DATA,1075969,1a:00:00:00:00:00,-63,11,-99,17,48,11,-1041361032,47,2,256,0,""[0,0,0,0,0,0,0,0,0,0,0,0,0,7,-1,10,0,6,-2,12,-1,8,-4,13,-6,10,-5,9,-7,10,-6,6,-8,10,-8,11,-9,10,-8,10,-13,10,-8,7,-13,10,-9,7,-17,9,-15,8,-10,6,-15,6,-12,3,-15,6,-15,6,-16,5,-15,3,-18,4,-10,4,-16,6,-13,3,-19,6,-17,2,-15,3,-15,3,-14,1,-13,3,-15,6,-13,6,-13,4,-16,4,-11,6,-18,8,-15,4,-24,9,-18,3,-18,6,-18,2,-17,6,-17,6,-21,10,-18,8,-22,8,-18,4,-21,8,-25,7,-20,6,0,0,0,0,0,0,5,24,2,17,6,30,1,22,0,15,3,28,3,17,4,27,3,17,1,29,1,26,-1,21,1,22,-1,17,2,23,2,22,2,20,1,19,0,23,2,15,2,23,1,17,2,27,0,24,0,19,0,20,-1,17,2,22,1,22,0,22,0,18,-2,23,1,15,0,23,-1,18,-3,29,-6,21,-5,20,-7,19,-7,17,-7,15,-7,20,-8,18,-7,14,-10,16,-5,13,-11,17,-9,11,-15,15,-13,7,-12,8,-14,5,-11,6,-10,5,-12,5,-10,3,-11,3,0,0,0,0,0,0,0,0,0,0]"""
1782116241797,2026-06-22T17:17:21.797,safe,transition,yja,stand_to_sit,t007,"CSI_DATA,1075970,1a:00:00:00:00:00,-63,11,-99,18,48,11,-1041350675,47,2,256,0,""[0,0,0,0,0,0,0,0,0,0,0,0,4,-6,6,-9,3,-6,7,-8,6,-6,9,-8,9,-7,9,-6,9,-7,10,-4,10,-6,12,-6,12,-7,12,-7,15,-7,10,-6,15,-7,13,-4,16,-6,14,-5,13,-3,16,-7,14,-2,15,-4,15,-6,15,-3,15,-4,18,-3,12,-5,15,-6,14,-3,17,-7,15,-4,14,-6,15,-6,14,-5,12,-6,13,-8,13,-10,12,-8,17,-10,10,-10,14,-12,15,-9,17,-13,14,-10,14,-12,16,-11,14,-13,14,-14,14,-17,14,-16,15,-17,12,-14,13,-19,17,-20,15,-16,0,0,0,0,0,0,-19,-17,-15,-14,-21,-17,-16,-15,-13,-12,-20,-16,-15,-11,-21,-15,-15,-13,-19,-15,-17,-15,-15,-14,-19,-12,-15,-11,-17,-12,-19,-11,-18,-10,-17,-10,-21,-13,-15,-5,-20,-9,-17,-9,-22,-9,-20,-8,-17,-7,-22,-7,-15,-7,-20,-7,-20,-6,-18,-6,-19,-6,-22,-11,-18,-3,-23,-6,-19,-7,-24,-9,-17,-11,-19,-7,-17,-12,-17,-10,-15,-9,-17,-8,-17,-9,-14,-8,-15,-13,-12,-6,-15,-11,-11,-9,-13,-13,-9,-11,-9,-11,-7,-11,-7,-11,-5,-9,-6,-11,-5,-10,-4,-11,0,0,0,0,0,0,0,0,0,0]"""
1782116241814,2026-06-22T17:17:21.814,safe,transition,yja,stand_to_sit,t007,"CSI_DATA,1075971,1a:00:00:00:00:00,-63,11,-99,21,47,11,-1041334065,47,2,256,0,""[0,0,0,0,0,0,0,0,0,0,0,0,-3,-8,-2,-9,-1,-8,-2,-9,0,-10,0,-11,1,-10,3,-11,1,-13,4,-11,4,-13,7,-11,5,-12,6,-13,10,-13,6,-12,7,-13,9,-13,10,-11,9,-10,11,-7,12,-13,14,-8,12,-9,15,-10,14,-7,15,-9,15,-8,13,-10,13,-11,13,-7,13,-10,13,-7,14,-8,18,-7,15,-8,14,-6,15,-5,11,-8,13,-8,17,-3,14,-9,11,-10,15,-15,19,-5,11,-7,18,-11,18,-15,18,-11,16,-11,22,-19,18,-13,18,-11,26,-7,16,-15,18,-12,25,-8,0,0,0,0,0,0,-10,-22,-9,-21,-7,-21,-7,-24,-6,-22,-6,-20,-10,-19,-7,-22,-10,-22,-3,-19,-6,-18,0,-21,-6,-23,-3,-23,-3,-23,-1,-17,0,-22,-5,-20,-9,-22,-8,-23,-3,-17,-5,-27,-9,-20,-3,-27,-10,-21,-5,-27,3,-16,-11,-17,1,-23,-3,-27,-5,-22,-2,-18,-7,-23,5,-22,1,-25,-1,-24,10,-24,0,-26,10,-22,7,-13,9,-25,3,-15,12,-18,9,-15,5,-17,8,-22,10,-15,10,-15,11,-11,11,-9,11,-11,15,-8,12,-8,11,-6,11,-4,10,-5,11,-3,0,0,0,0,0,0,0,0,0,0]"""
1782116241824,2026-06-22T17:17:21.824,safe,transition,yja,stand_to_sit,t007,"CSI_DATA,1075972,1a:00:00:00:00:00,-64,11,-99,18,48,11,-1041329170,47,2,256,0,""[0,0,0,0,0,0,0,0,0,0,0,0,6,-4,9,-6,6,-4,11,-5,6,-4,12,-6,12,-5,10,-3,9,-6,9,-1,14,-3,13,-4,14,-4,12,-3,17,-6,10,-4,17,-6,11,-3,20,-5,16,-6,12,-3,14,-6,11,-1,17,-4,17,-6,14,-5,12,-3,17,-6,11,-7,15,-10,10,-6,19,-12,14,-8,12,-10,13,-9,11,-10,9,-7,11,-12,11,-13,8,-12,12,-14,3,-11,7,-19,6,-13,8,-23,6,-14,3,-18,7,-18,4,-16,4,-19,1,-24,1,-18,1,-23,0,-20,-1,-23,-1,-27,0,-22,0,0,0,0,0,0,-25,4,-17,4,-31,7,-22,6,-14,3,-26,7,-15,6,-25,11,-15,7,-26,11,-21,11,-17,8,-16,12,-16,8,-20,12,-15,12,-16,13,-15,11,-17,15,-9,12,-15,20,-11,11,-17,23,-14,20,-12,17,-11,17,-7,13,-11,21,-9,19,-9,18,-8,15,-11,22,-2,14,-6,23,-6,17,-9,28,-9,18,-5,21,-9,19,-6,16,-5,14,-4,20,-6,19,-5,15,-7,18,-1,14,-6,20,-6,12,-9,19,-7,12,-7,13,-7,11,-5,11,-6,8,-7,12,-6,7,-7,9,0,0,0,0,0,0,0,0,0,0]"""
1782116241835,2026-06-22T17:17:21.835,safe,transition,yja,stand_to_sit,t007,"CSI_DATA,1075973,1a:00:00:00:00:00,-64,11,-99,17,48,11,-1041314288,47,2,256,0,""[0,0,0,0,0,0,0,0,0,0,0,0,-9,3,-6,3,-11,2,-8,1,-13,0,-8,0,-11,0,-13,0,-11,-1,-15,-3,-12,-4,-11,-5,-13,-4,-13,-6,-10,-5,-15,-10,-11,-6,-14,-9,-10,-10,-14,-7,-14,-9,-11,-10,-13,-12,-11,-11,-10,-11,-10,-13,-10,-12,-8,-8,-11,-15,-9,-11,-11,-11,-8,-11,-12,-11,-10,-12,-12,-10,-11,-10,-11,-13,-10,-12,-10,-13,-13,-14,-11,-10,-13,-15,-10,-10,-15,-12,-10,-8,-17,-10,-13,-11,-16,-9,-16,-13,-15,-13,-12,-15,-15,-13,-13,-11,-20,-17,-16,-17,-14,-13,-17,-17,0,0,0,0,0,0,-16,14,-20,18,-14,12,-14,17,-21,20,-13,12,-21,20,-15,12,-21,17,-15,13,-15,14,-16,17,-15,13,-20,17,-16,13,-15,11,-17,13,-17,13,-11,10,-18,15,-13,11,-17,15,-13,11,-15,15,-18,15,-14,13,-17,16,-18,13,-17,11,-17,12,-17,13,-11,11,-22,14,-16,10,-18,14,-15,8,-20,13,-20,8,-18,11,-17,8,-20,6,-18,5,-20,3,-20,3,-15,3,-20,0,-14,0,-18,2,-11,0,-17,0,-14,-2,-13,-1,-13,-4,-13,-4,-10,-7,-9,-6,-9,-5,0,0,0,0,0,0,0,0,0,0]"""
1782116241845,2026-06-22T17:17:21.845,safe,transition,yja,stand_to_sit,t007,"CSI_DATA,1075974,1a:00:00:00:00:00,-64,11,-99,17,48,11,-1041307563,47,2,256,0,""[0,0,0,0,0,0,0,0,0,0,0,0,8,-4,8,-3,8,-5,6,-4,10,-3,10,-3,10,-3,12,-4,12,-3,13,-4,12,-2,13,-3,13,-2,15,-3,14,-3,16,-4,13,-3,17,-2,13,-3,13,-3,17,-2,15,-4,18,-4,16,-2,16,-3,16,-4,17,-4,15,-5,17,-5,13,-5,17,-6,10,-6,12,-8,11,-8,11,-9,13,-11,14,-11,11,-9,11,-11,12,-12,11,-11,11,-15,10,-13,9,-15,8,-13,7,-18,6,-18,6,-18,5,-20,5,-20,6,-18,5,-22,4,-20,3,-23,3,-21,0,-22,0,-22,0,0,0,0,0,0,-24,-1,-26,-1,-19,1,-24,1,-26,2,-23,1,-25,3,-19,3,-24,3,-19,5,-20,6,-22,5,-22,10,-21,8,-20,6,-21,9,-19,10,-18,11,-18,11,-18,14,-15,13,-19,13,-13,12,-13,15,-15,14,-13,18,-15,17,-14,13,-14,16,-12,17,-13,18,-12,18,-13,20,-11,17,-12,18,-9,14,-10,18,-10,19,-10,18,-10,18,-11,20,-11,15,-10,17,-11,16,-10,14,-11,16,-9,12,-10,13,-7,11,-8,11,-8,11,-7,12,-9,10,-8,10,-8,8,-8,8,-8,6,0,0,0,0,0,0,0,0,0,0]"""
1782116241855,2026-06-22T17:17:21.855,safe,transition,yja,stand_to_sit,t007,"CSI_DATA,1075975,1a:00:00:00:00:00,-63,11,-99,17,48,11,-1041296602,47,2,256,0,""[0,0,0,0,0,0,0,0,0,0,0,0,-2,8,-3,11,-3,6,-5,10,-3,7,-6,11,-6,10,-6,10,-5,10,-6,8,-7,12,-7,12,-8,13,-8,10,-9,11,-7,10,-10,15,-6,10,-13,15,-10,11,-10,8,-9,11,-8,10,-9,15,-9,14,-8,13,-6,13,-8,15,-5,10,-8,16,-5,11,-8,19,-7,15,-5,15,-6,15,-4,15,-2,13,0,17,0,16,0,13,-1,18,3,12,5,20,3,17,5,25,1,18,5,18,4,18,4,16,6,17,11,19,11,15,12,20,10,17,13,17,15,22,11,19,0,0,0,0,0,0,18,-15,13,-12,22,-22,17,-15,10,-11,17,-21,11,-13,17,-22,10,-14,16,-23,13,-20,11,-17,10,-18,8,-14,8,-22,5,-20,6,-19,5,-19,6,-22,1,-15,1,-23,1,-18,3,-27,3,-22,2,-20,1,-20,0,-18,-2,-22,-3,-22,-5,-19,-2,-18,-2,-25,-5,-16,-5,-23,-5,-18,-5,-29,-1,-22,-5,-20,-1,-21,-2,-18,-3,-18,-8,-21,-5,-19,-3,-15,-3,-20,-4,-14,-5,-18,-1,-14,0,-22,0,-14,-1,-15,0,-13,0,-13,0,-10,0,-13,0,-11,1,-11,0,0,0,0,0,0,0,0,0,0]"""
1782116241865,2026-06-22T17:17:21.865,safe,transition,yja,stand_to_sit,t007,"CSI_DATA,1075976,1a:00:00:00:00:00,-63,11,-99,18,48,11,-1041284552,47,2,256,0,""[0,0,0,0,0,0,0,0,0,0,0,0,-9,-1,-8,-1,-9,-3,-8,-3,-11,-4,-9,-3,-9,-4,-11,-5,-11,-6,-12,-7,-8,-10,-9,-10,-9,-9,-9,-12,-7,-12,-9,-14,-7,-12,-6,-15,-6,-11,-7,-13,-7,-16,-8,-14,-8,-18,-3,-15,-4,-15,-4,-15,-2,-17,-2,-14,-4,-17,-3,-14,0,-17,-4,-12,-5,-14,-6,-14,-6,-14,-6,-16,-4,-17,-2,-16,-4,-15,-4,-17,-3,-15,-5,-19,-3,-15,-4,-19,-4,-13,-7,-15,-6,-17,-9,-16,-9,-17,-9,-19,-4,-19,-6,-22,-6,-21,-9,-20,-5,-21,-7,-18,-7,-21,0,0,0,0,0,0,-22,5,-26,4,-18,3,-24,2,-27,4,-21,0,-25,3,-20,3,-24,1,-19,3,-20,4,-22,4,-22,6,-22,5,-20,0,-21,1,-20,4,-22,1,-20,1,-22,3,-18,3,-23,1,-17,3,-18,4,-20,4,-20,6,-23,4,-21,0,-20,1,-21,3,-24,0,-20,0,-24,0,-19,-1,-22,-2,-17,0,-20,0,-22,0,-20,0,-22,-1,-21,-4,-18,-9,-19,-6,-18,-9,-15,-8,-17,-10,-12,-9,-15,-10,-11,-7,-12,-8,-11,-9,-10,-9,-10,-9,-8,-11,-4,-11,-3,-11,-3,-9,0,0,0,0,0,0,0,0,0,0]"""
1782116241882,2026-06-22T17:17:21.882,safe,transition,yja,stand_to_sit,t007,"CSI_DATA,1075977,1a:00:00:00:00:00,-63,11,-99,17,48,11,-1041265605,47,2,256,0,""[0,0,0,0,0,0,0,0,0,0,0,0,3,7,3,10,1,6,0,11,1,7,1,14,0,12,0,11,0,11,-1,10,0,15,0,15,-1,14,-1,13,-3,16,-2,12,-3,17,-1,13,-5,18,-4,17,-3,13,-5,15,-3,13,-5,17,-3,17,-2,15,-4,13,-4,17,-3,13,-3,18,-3,11,-5,21,-5,17,-3,17,-2,15,-1,13,1,13,1,18,0,16,2,15,0,18,3,13,4,20,3,15,6,24,3,18,6,18,5,18,2,16,6,15,10,20,10,18,8,20,8,19,9,19,10,24,7,21,0,0,0,0,0,0,22,-10,15,-9,25,-14,20,-11,13,-9,22,-13,15,-10,23,-13,16,-11,25,-15,20,-13,17,-12,15,-12,15,-11,17,-17,15,-17,13,-17,13,-13,16,-15,11,-12,15,-19,10,-15,18,-20,15,-17,12,-17,12,-15,10,-14,10,-19,10,-19,9,-18,9,-16,12,-18,8,-15,11,-21,8,-15,14,-23,15,-17,11,-18,13,-17,10,-13,11,-14,10,-18,11,-16,8,-11,13,-14,9,-13,13,-15,11,-10,16,-13,12,-8,11,-9,12,-6,10,-5,10,-5,11,-6,10,-6,11,-5,0,0,0,0,0,0,0,0,0,0]"""
1782116241892,2026-06-22T17:17:21.892,safe,transition,yja,stand_to_sit,t007,"CSI_DATA,1075978,1a:00:00:00:00:00,-64,11,-99,19,47,11,-1041261469,47,2,256,0,""[0,0,0,0,0,0,0,0,0,0,0,0,-6,-5,-7,-6,-5,-6,-6,-9,-5,-7,-8,-12,-6,-12,-6,-10,-4,-10,-3,-10,-6,-13,-6,-12,-4,-12,-4,-13,-4,-16,-2,-12,-3,-16,-2,-14,-1,-19,2,-18,0,-17,1,-15,0,-14,0,-17,-1,-16,-1,-16,-1,-15,0,-16,0,-14,1,-17,0,-14,0,-20,2,-17,0,-16,2,-16,0,-14,-2,-14,-4,-18,-3,-16,-3,-14,-1,-17,-2,-13,-5,-18,-3,-17,-6,-24,-2,-18,-6,-19,-4,-18,-3,-17,-6,-18,-10,-22,-9,-18,-8,-21,-6,-20,-9,-21,-9,-23,-6,-21,0,0,0,0,0,0,-22,8,-17,6,-26,9,-22,6,-16,7,-25,8,-18,4,-24,8,-18,8,-26,9,-24,8,-20,7,-19,7,-18,6,-20,12,-19,10,-19,11,-17,10,-20,9,-15,7,-20,11,-16,10,-24,10,-21,10,-18,10,-17,8,-15,9,-19,12,-18,13,-16,12,-15,10,-21,10,-16,10,-20,12,-18,10,-25,10,-22,6,-20,7,-20,5,-19,4,-16,6,-21,9,-18,6,-16,4,-20,2,-15,4,-20,1,-16,1,-20,0,-15,-1,-16,-2,-13,-4,-12,-2,-12,-3,-14,-2,-11,-2,-10,-4,0,0,0,0,0,0,0,0,0,0]"""
1782116241903,2026-06-22T17:17:21.903,safe,transition,yja,stand_to_sit,t007,"CSI_DATA,1075979,1a:00:00:00:00:00,-63,11,-99,13,49,11,-1041249302,47,2,256,0,""[0,0,0,0,0,0,0,0,0,0,0,0,-8,-3,-10,-3,-7,-5,-9,-6,-6,-5,-10,-8,-9,-8,-8,-8,-7,-8,-5,-9,-8,-12,-6,-12,-5,-12,-4,-12,-5,-14,-4,-12,-5,-15,-5,-13,-1,-19,-1,-16,0,-14,0,-15,0,-14,0,-17,1,-16,0,-15,1,-15,0,-17,1,-13,1,-17,0,-14,1,-20,1,-17,1,-16,1,-15,1,-15,0,-15,0,-17,1,-15,1,-14,1,-17,0,-15,-1,-18,0,-16,1,-24,0,-20,-1,-19,0,-20,1,-17,0,-18,0,-23,0,-18,0,-22,3,-22,1,-22,3,-24,2,-23,0,0,0,0,0,0,-23,-3,-18,-3,-27,-2,-22,-1,-17,-3,-25,-3,-20,-5,-24,-5,-20,-1,-26,-6,-24,-5,-22,-4,-19,-4,-17,-6,-23,-5,-21,-5,-22,-5,-19,-5,-22,-4,-17,-3,-23,-5,-19,-4,-24,-6,-23,-6,-21,-5,-18,-5,-17,-6,-23,-6,-19,-8,-20,-8,-18,-8,-22,-6,-17,-8,-20,-8,-18,-5,-24,-11,-18,-10,-18,-10,-17,-13,-16,-12,-13,-11,-16,-13,-13,-15,-10,-14,-12,-13,-10,-10,-11,-15,-9,-13,-8,-18,-6,-14,-5,-15,-3,-13,-2,-11,-1,-11,0,-13,0,-10,1,-10,0,0,0,0,0,0,0,0,0,0]"""
1782116241913,2026-06-22T17:17:21.913,safe,transition,yja,stand_to_sit,t007,"CSI_DATA,1075980,1a:00:00:00:00:00,-63,11,-99,20,47,11,-1041237830,47,2,256,0,""[0,0,0,0,0,0,0,0,0,0,0,0,1,-33,-1,5,-5,-11,8,-12,16,-28,0,-24,0,2,7,2,-1,-12,-2,-12,-19,-2,-2,-11,-1,-11,-1,0,1,-14,5,-15,10,-11,8,-18,4,-17,6,-11,5,-16,7,-12,4,-16,5,-15,4,-14,6,-15,7,-16,5,-13,9,-14,8,-13,9,-14,6,-13,7,-15,5,-14,5,-16,8,-13,5,-16,5,-15,4,-16,3,-15,3,-14,9,-18,7,-16,5,-17,5,-15,5,-21,6,-18,3,-18,7,-18,3,-20,6,-19,5,-18,7,-18,6,-22,7,-21,6,-20,9,-22,0,0,0,0,0,0,-20,-8,-24,-8,-22,-6,-22,-9,-24,-8,-20,-9,-24,-10,-20,-8,-22,-9,-21,-9,-21,-11,-24,-7,-18,-9,-22,-5,-22,-7,-21,-5,-22,-6,-20,-5,-18,-4,-22,-11,-19,-8,-20,-7,-19,-7,-20,-7,-22,-6,-18,-7,-22,-6,-22,-5,-21,-5,-21,-5,-20,-6,-17,-5,-22,-12,-19,-11,-18,-10,-16,-10,-20,-11,-16,-12,-18,-9,-15,-13,-18,-12,-17,-14,-14,-13,-14,-14,-13,-12,-10,-17,-7,-15,-9,-14,-6,-12,-9,-16,-4,-13,-6,-13,-2,-12,-3,-12,-2,-12,0,-10,0,-11,0,0,0,0,0,0,0,0,0,0]"""
1782116241924,2026-06-22T17:17:21.924,safe,transition,yja,stand_to_sit,t007,"CSI_DATA,1075981,1a:00:00:00:00:00,-64,11,-99,18,48,11,-1041230001,47,2,256,0,""[0,0,0,0,0,0,0,0,0,0,0,0,-9,0,-7,0,-11,-1,-10,-1,-11,-3,-9,-2,-9,-2,-12,-3,-11,-4,-14,-4,-11,-6,-11,-6,-12,-6,-12,-10,-10,-8,-12,-12,-9,-10,-10,-14,-10,-10,-9,-12,-12,-15,-8,-12,-11,-15,-8,-13,-11,-13,-8,-12,-9,-14,-6,-12,-8,-17,-5,-14,-4,-17,-9,-11,-7,-14,-9,-12,-9,-12,-9,-12,-6,-15,-6,-12,-7,-16,-9,-17,-8,-10,-9,-14,-5,-12,-12,-19,-6,-6,-6,-17,-15,-14,-16,-17,-17,-17,-9,-19,-15,-18,-9,-19,-9,-19,-20,-19,-7,-20,-11,-17,-15,-18,0,0,0,0,0,0,-22,9,-24,11,-15,7,-21,5,-25,10,-19,5,-25,9,-20,8,-25,7,-17,8,-18,8,-20,9,-20,9,-22,11,-19,6,-17,10,-19,11,-21,9,-19,7,-22,8,-17,6,-22,6,-17,7,-17,8,-19,9,-20,8,-20,11,-20,6,-19,9,-19,10,-20,7,-19,6,-25,6,-20,3,-21,2,-17,4,-21,6,-22,4,-20,5,-22,2,-22,3,-19,0,-20,0,-20,-2,-17,-3,-19,-6,-14,-5,-15,-6,-11,-3,-14,-5,-13,-7,-13,-5,-12,-9,-12,-7,-7,-7,-8,-7,-6,-8,0,0,0,0,0,0,0,0,0,0]"""
1782116241934,2026-06-22T17:17:21.934,safe,transition,yja,stand_to_sit,t007,"CSI_DATA,1075982,1a:00:00:00:00:00,-64,11,-99,18,48,11,-1041219617,47,2,256,0,""[0,0,0,0,0,0,0,0,0,0,0,0,0,-9,0,-7,1,-12,0,-9,2,-11,2,-10,2,-9,4,-12,5,-9,4,-14,4,-12,4,-11,5,-14,6,-13,6,-11,11,-15,8,-10,10,-13,7,-12,10,-11,11,-15,8,-11,10,-15,9,-14,8,-13,8,-14,9,-12,7,-10,12,-14,9,-11,11,-12,7,-11,8,-14,9,-14,6,-15,7,-14,7,-17,7,-15,4,-17,5,-16,3,-14,8,-18,6,-14,3,-18,3,-14,2,-20,4,-17,1,-17,2,-20,1,-23,1,-20,1,-19,3,-19,2,-24,1,-22,0,-19,-1,-24,0,0,0,0,0,0,-20,0,-28,0,-21,1,-23,0,-28,2,-20,-1,-28,1,-19,1,-27,3,-20,1,-21,2,-23,4,-21,1,-23,7,-20,6,-19,6,-21,7,-20,7,-15,4,-24,6,-18,5,-22,9,-17,7,-19,9,-20,9,-19,6,-22,12,-19,11,-18,11,-19,12,-19,11,-14,9,-24,9,-17,7,-20,8,-15,7,-20,11,-20,8,-17,11,-19,6,-21,8,-19,6,-19,6,-19,6,-15,5,-21,1,-15,1,-17,3,-12,1,-17,1,-14,0,-14,1,-13,-1,-14,0,-12,-1,-11,-3,-9,-3,0,0,0,0,0,0,0,0,0,0]"""
1782116241948,2026-06-22T17:17:21.948,safe,transition,yja,stand_to_sit,t007,"CSI_DATA,1075983,1a:00:00:00:00:00,-64,11,-99,17,48,11,-1041198900,47,2,256,0,""[0,0,0,0,0,0,0,0,0,0,0,0,-8,-3,-6,-1,-9,-4,-9,-3,-9,-5,-9,-5,-10,-5,-11,-6,-8,-6,-11,-7,-11,-6,-10,-8,-10,-9,-10,-8,-9,-7,-12,-10,-11,-8,-13,-9,-11,-11,-11,-11,-12,-11,-10,-10,-13,-10,-13,-10,-11,-10,-12,-10,-13,-9,-12,-6,-13,-11,-12,-9,-15,-6,-11,-8,-16,-6,-14,-8,-15,-5,-15,-4,-17,-4,-17,-3,-16,-3,-17,-3,-15,0,-18,-2,-17,0,-18,2,-17,1,-20,3,-18,3,-18,6,-19,2,-20,3,-20,5,-18,5,-19,8,-24,7,-20,7,-18,6,-21,11,0,0,0,0,0,0,11,18,13,22,13,18,17,17,15,20,15,16,15,20,14,16,17,17,15,15,17,15,18,15,15,14,18,15,18,13,17,11,18,11,18,10,17,7,21,10,18,6,21,6,18,7,22,7,22,5,18,6,23,4,22,3,21,3,22,4,21,1,19,0,23,4,20,1,23,-1,20,3,23,0,21,2,21,0,20,3,21,2,20,1,20,5,19,2,17,2,19,3,15,2,17,1,15,3,17,2,13,3,13,2,11,5,13,4,12,5,10,5,10,3,0,0,0,0,0,0,0,0,0,0]"""
1782116241959,2026-06-22T17:17:21.959,safe,transition,yja,stand_to_sit,t007,"CSI_DATA,1075984,1a:00:00:00:00:00,-63,11,-99,17,48,11,-1041196039,47,2,256,0,""[0,0,0,0,0,0,0,0,0,0,0,0,3,-6,8,-8,3,-4,8,-8,5,-6,11,-8,11,-6,9,-5,11,-6,8,-3,13,-6,13,-5,13,-5,12,-3,16,-4,10,-1,17,-3,11,-3,19,-3,20,-1,15,-1,15,-2,11,0,16,-1,15,-1,16,0,14,0,19,0,11,-1,18,-3,13,-1,21,-3,17,-1,15,-2,16,-1,14,-1,12,-1,17,-3,15,-4,13,-2,17,-3,11,-6,18,-10,15,-5,25,-8,17,-5,18,-7,19,-4,14,-6,15,-7,20,-12,17,-9,22,-10,17,-8,18,-11,23,-12,19,-8,0,0,0,0,0,0,-11,-22,-7,-14,-14,-27,-10,-20,-6,-14,-12,-25,-8,-13,-13,-24,-8,-14,-13,-27,-11,-22,-7,-18,-10,-18,-6,-15,-11,-19,-11,-18,-11,-18,-9,-16,-12,-21,-9,-11,-14,-19,-11,-13,-16,-22,-13,-18,-11,-15,-12,-15,-8,-13,-14,-17,-14,-17,-13,-17,-10,-16,-13,-21,-11,-11,-16,-17,-10,-15,-17,-23,-9,-19,-11,-17,-10,-19,-8,-17,-6,-15,-10,-18,-8,-17,-4,-14,-6,-19,-6,-12,-6,-19,-2,-13,-3,-23,0,-14,-1,-15,1,-14,0,-11,0,-10,1,-14,1,-10,3,-11,0,0,0,0,0,0,0,0,0,0]"""
1782116241969,2026-06-22T17:17:21.969,safe,transition,yja,stand_to_sit,t007,"CSI_DATA,1075985,1a:00:00:00:00:00,-63,11,-99,16,48,11,-1041185025,47,2,256,0,""[0,0,0,0,0,0,0,0,0,0,0,0,22,-15,-12,-17,12,3,7,11,3,16,10,3,7,-16,-3,-22,16,-3,5,-6,26,-1,9,-5,9,-4,21,-3,10,-1,17,-4,22,-9,17,-3,18,-2,14,1,14,3,16,-2,14,0,16,0,16,0,14,0,15,3,17,2,14,-3,16,-1,16,1,19,-1,15,-1,16,-3,16,0,16,-1,15,-1,16,-1,16,-2,14,-1,16,-3,15,-5,18,-7,16,-4,22,-5,16,-5,19,-7,18,-5,18,-9,18,-7,19,-8,20,-7,20,-7,18,-7,20,-10,22,-11,20,-9,0,0,0,0,0,0,-11,-22,-9,-19,-11,-23,-10,-21,-7,-18,-9,-23,-11,-17,-11,-22,-8,-18,-11,-22,-11,-20,-7,-20,-12,-21,-8,-18,-7,-19,-9,-20,-9,-18,-9,-18,-11,-21,-11,-13,-12,-17,-11,-18,-14,-18,-13,-16,-12,-16,-14,-18,-9,-15,-11,-16,-12,-16,-11,-18,-10,-18,-12,-22,-12,-12,-14,-14,-13,-17,-14,-18,-11,-18,-12,-16,-11,-19,-10,-18,-8,-17,-9,-16,-7,-18,-5,-16,-4,-18,-8,-15,-7,-16,-3,-17,-3,-20,-1,-12,-1,-14,1,-13,-1,-14,1,-12,1,-12,2,-11,3,-10,0,0,0,0,0,0,0,0,0,0]"""
1782116241979,2026-06-22T17:17:21.979,safe,transition,yja,stand_to_sit,t007,"CSI_DATA,1075986,1a:00:00:00:00:00,-63,11,-99,18,48,11,-1041175617,47,2,256,0,""[0,0,0,0,0,0,0,0,0,0,0,0,3,9,3,8,1,11,1,7,0,10,1,9,0,11,0,13,0,13,0,14,-3,12,-2,13,-2,14,-5,14,-6,12,-9,15,-6,11,-12,12,-7,11,-6,11,-9,12,-8,12,-11,15,-11,11,-9,12,-11,12,-11,12,-10,11,-14,11,-11,8,-14,9,-8,9,-10,11,-9,11,-9,12,-12,13,-12,12,-12,11,-11,13,-12,13,-11,12,-14,12,-13,11,-12,12,-9,10,-11,15,-12,14,-9,17,-13,16,-11,18,-12,13,-14,16,-15,14,-15,19,-15,15,-11,15,-16,17,0,0,0,0,0,0,15,17,17,21,12,12,14,20,17,22,10,18,14,22,11,15,12,22,13,15,13,15,16,17,15,18,18,17,11,16,15,15,15,15,12,17,12,15,15,20,11,14,12,20,10,13,12,14,13,15,13,16,17,18,10,18,12,15,14,17,12,19,12,17,11,23,7,18,9,22,7,14,10,18,10,19,11,17,8,20,7,21,1,19,6,19,1,20,1,17,-1,20,-3,16,-1,18,-1,12,-1,15,-1,14,0,14,-3,13,-4,13,-6,9,-7,10,-7,8,0,0,0,0,0,0,0,0,0,0]"""
1782116241988,2026-06-22T17:17:21.988,safe,transition,yja,stand_to_sit,t007,"CSI_DATA,1075987,1a:00:00:00:00:00,-64,11,-99,16,48,11,-1041164617,47,2,256,0,""[0,0,0,0,0,0,0,0,0,0,0,0,-6,5,-7,5,-7,5,-8,5,-8,5,-11,5,-11,4,-10,5,-11,2,-10,3,-12,5,-12,5,-13,3,-13,3,-14,3,-14,3,-16,3,-13,4,-18,3,-16,0,-16,1,-14,0,-14,3,-16,3,-15,1,-16,1,-15,1,-14,3,-14,1,-16,3,-12,3,-18,2,-17,4,-14,5,-15,5,-14,5,-11,3,-16,7,-16,7,-15,7,-13,8,-12,9,-14,11,-12,10,-17,12,-16,14,-12,13,-14,14,-15,11,-12,13,-14,15,-13,14,-13,18,-15,16,-14,15,-16,18,-14,17,0,0,0,0,0,0,20,13,18,12,22,14,21,11,18,10,22,11,20,11,22,12,19,8,24,11,22,10,21,7,17,7,19,8,22,5,20,5,22,5,20,5,22,3,19,3,22,4,19,1,25,3,22,3,21,1,19,3,20,0,23,-1,20,0,21,0,20,0,21,-1,22,0,23,-1,20,-2,25,0,23,0,22,0,22,1,19,1,20,0,20,0,19,3,18,2,18,1,16,3,17,2,14,1,17,6,16,4,14,4,12,5,11,5,10,4,12,6,10,5,9,6,0,0,0,0,0,0,0,0,0,0]"""
1782116241999,2026-06-22T17:17:21.999,safe,transition,yja,stand_to_sit,t007,"CSI_DATA,1075988,1a:00:00:00:00:00,-64,11,-99,18,48,11,-1041153617,47,2,256,0,""[0,0,0,0,0,0,0,0,0,0,0,0,1,-9,3,-8,2,-11,1,-10,4,-11,4,-8,3,-8,6,-11,6,-11,8,-12,6,-9,9,-9,8,-10,10,-12,8,-12,11,-13,9,-11,10,-12,8,-9,9,-12,10,-14,11,-12,11,-12,10,-9,12,-10,11,-11,13,-11,10,-11,11,-14,7,-12,9,-13,8,-10,6,-13,7,-14,7,-14,7,-15,9,-15,7,-12,7,-14,7,-19,4,-17,5,-18,3,-15,1,-19,3,-12,0,-18,3,-17,-1,-19,0,-23,0,-23,2,-19,1,-22,0,-20,-1,-22,0,-22,-1,-22,-3,-23,0,0,0,0,0,0,-25,5,-27,5,-19,3,-22,6,-27,4,-19,4,-24,7,-19,6,-24,7,-17,4,-17,7,-22,7,-21,10,-23,11,-17,6,-19,6,-20,8,-22,8,-18,9,-20,12,-14,11,-18,14,-13,11,-13,12,-17,14,-16,17,-17,15,-15,12,-18,14,-15,14,-16,16,-13,15,-17,19,-14,15,-13,17,-12,11,-13,16,-15,13,-14,16,-15,16,-17,14,-15,9,-17,11,-17,12,-15,11,-15,11,-14,7,-14,11,-9,5,-12,8,-12,6,-13,7,-13,7,-14,4,-11,1,-11,1,-11,2,0,0,0,0,0,0,0,0,0,0]"""
1782116242009,2026-06-22T17:17:22.009,safe,transition,yja,stand_to_sit,t007,"CSI_DATA,1075989,1a:00:00:00:00:00,-63,11,-99,19,48,11,-1041142259,47,2,256,0,""[0,0,0,0,0,0,0,0,0,0,0,0,-7,2,-8,2,-9,2,-9,2,-10,1,-11,1,-11,0,-10,-2,-13,0,-12,-1,-12,-2,-13,-4,-13,-3,-14,-4,-14,-5,-14,-4,-13,-4,-14,-6,-13,-6,-13,-8,-11,-9,-15,-8,-12,-11,-13,-9,-13,-10,-12,-10,-13,-11,-13,-10,-13,-9,-13,-8,-13,-10,-12,-8,-12,-10,-13,-9,-13,-10,-14,-10,-13,-9,-14,-9,-14,-9,-14,-8,-14,-9,-16,-7,-15,-6,-16,-7,-15,-8,-16,-8,-17,-8,-17,-9,-19,-7,-20,-7,-18,-7,-20,-7,-20,-10,-20,-9,-22,-7,-21,-9,-20,-10,0,0,0,0,0,0,-11,22,-9,22,-10,21,-10,22,-11,22,-11,20,-9,22,-9,22,-10,22,-10,20,-10,19,-12,19,-10,22,-11,19,-11,19,-11,18,-9,19,-10,20,-10,20,-7,20,-6,20,-8,20,-7,18,-7,19,-10,19,-7,22,-10,19,-8,19,-10,20,-10,19,-10,19,-11,20,-8,21,-8,22,-9,19,-10,19,-11,17,-12,17,-13,17,-13,17,-14,16,-14,14,-14,14,-14,13,-14,13,-13,14,-13,11,-14,10,-14,7,-14,5,-13,5,-14,4,-14,5,-13,2,-11,1,-11,0,-11,0,0,0,0,0,0,0,0,0,0,0]"""
1782116242022,2026-06-22T17:17:22.022,safe,transition,yja,stand_to_sit,t007,"CSI_DATA,1075990,1a:00:00:00:00:00,-64,11,-99,17,48,11,-1041124536,47,2,256,0,""[0,0,0,0,0,0,0,0,0,0,0,0,1,9,0,6,0,11,0,10,-2,11,-1,9,0,10,0,13,-1,11,-1,15,-4,11,-3,12,-2,13,-6,14,-4,13,-8,15,-6,11,-8,13,-6,11,-4,13,-5,15,-8,15,-7,17,-8,13,-7,13,-7,14,-10,13,-8,12,-10,16,-7,11,-10,13,-5,11,-5,15,-4,15,-3,16,-5,16,-5,17,-6,13,-2,17,-5,18,-3,15,-6,18,-5,14,-4,19,-2,12,-1,19,-1,19,5,19,0,22,1,22,0,19,-1,21,0,19,1,24,-2,22,3,20,1,23,0,0,0,0,0,0,22,0,29,-1,19,-1,23,1,28,-2,20,1,26,-1,20,-2,26,0,19,-3,19,-2,22,-5,23,-5,23,-8,20,-3,19,-6,20,-8,22,-6,18,-5,23,-6,18,-5,22,-6,15,-8,16,-8,18,-10,18,-10,21,-13,20,-9,18,-11,18,-11,20,-10,17,-8,23,-10,18,-6,21,-7,15,-6,18,-9,19,-10,18,-13,19,-10,20,-8,18,-4,20,-7,21,-4,18,-4,19,0,15,0,18,-1,11,-1,15,-2,14,-1,15,-1,15,0,15,0,11,2,11,2,11,3,0,0,0,0,0,0,0,0,0,0]"""
1782116242031,2026-06-22T17:17:22.031,safe,transition,yja,stand_to_sit,t007,"CSI_DATA,1075991,1a:00:00:00:00:00,-63,11,-99,17,48,11,-1041120570,47,2,256,0,""[0,0,0,0,0,0,0,0,0,0,0,0,7,3,8,4,8,3,10,5,8,6,8,6,8,7,7,8,10,9,6,9,6,9,7,11,6,12,6,13,7,15,6,10,6,13,6,14,5,17,5,15,2,13,6,17,1,13,1,15,1,17,1,15,0,16,1,18,2,14,3,17,3,15,3,18,1,15,5,15,2,16,3,17,3,13,4,15,3,15,3,16,3,17,8,13,6,11,3,18,6,20,5,15,10,17,5,17,8,18,7,20,8,22,9,20,10,21,8,19,8,20,8,23,6,22,0,0,0,0,0,0,23,-9,22,-5,25,-8,21,-7,20,-6,24,-7,22,-6,24,-6,20,-6,22,-6,22,-8,18,-5,22,-10,21,-3,20,-5,22,-5,20,-5,20,-5,22,-6,17,-8,19,-9,18,-7,21,-6,20,-8,19,-6,22,-10,18,-5,20,-6,22,-5,19,-6,20,-3,23,-5,18,-8,21,-8,20,-6,25,-5,21,-3,21,-5,21,-1,21,-3,20,-1,20,-1,20,0,17,1,20,4,17,0,17,1,17,4,18,4,11,5,15,5,11,6,13,6,11,6,10,8,9,8,6,7,0,0,0,0,0,0,0,0,0,0]"""
1782116242042,2026-06-22T17:17:22.042,safe,transition,yja,stand_to_sit,t007,"CSI_DATA,1075992,1a:00:00:00:00:00,-63,11,-99,21,47,11,-1041104478,47,2,256,0,""[0,0,0,0,0,0,0,0,0,0,0,0,6,-3,9,-6,6,-3,10,-5,6,-3,13,-6,13,-3,10,-3,13,-1,8,0,14,-1,14,0,13,0,13,2,17,2,11,0,17,2,13,1,20,3,18,5,13,3,15,6,11,5,15,6,15,7,14,7,12,6,16,8,10,3,16,6,11,5,20,8,13,8,13,6,15,7,14,6,11,5,16,4,15,5,11,5,16,8,14,1,20,2,15,6,26,8,17,6,20,2,18,8,17,3,16,6,22,4,21,2,23,5,20,5,22,4,25,8,20,7,0,0,0,0,0,0,10,-23,5,-16,11,-29,8,-22,5,-15,10,-26,5,-15,8,-25,5,-16,11,-28,10,-23,8,-19,6,-20,8,-14,9,-22,8,-21,9,-20,7,-18,9,-22,3,-14,6,-23,4,-16,10,-26,8,-22,7,-19,6,-18,6,-15,8,-20,8,-20,8,-18,7,-17,10,-22,4,-13,8,-22,6,-16,14,-27,13,-17,11,-18,13,-17,11,-15,11,-12,13,-18,13,-14,11,-10,17,-11,8,-11,14,-14,12,-8,20,-10,14,-5,14,-6,15,-3,10,-3,10,-1,13,-1,11,-2,11,0,0,0,0,0,0,0,0,0,0,0]"""
1782116242052,2026-06-22T17:17:22.052,safe,transition,yja,stand_to_sit,t007,"CSI_DATA,1075993,1a:00:00:00:00:00,-63,11,-99,15,48,11,-1041098617,47,2,256,0,""[0,0,0,0,0,0,0,0,0,0,0,0,-8,-2,-6,-2,-10,-4,-8,-3,-10,-6,-9,-6,-10,-4,-12,-6,-9,-6,-12,-6,-12,-8,-10,-7,-12,-8,-11,-9,-8,-6,-13,-13,-10,-8,-14,-12,-9,-9,-13,-12,-15,-10,-10,-10,-16,-11,-12,-10,-11,-10,-13,-10,-12,-10,-12,-6,-14,-12,-10,-8,-14,-10,-11,-7,-16,-8,-14,-7,-14,-5,-15,-6,-18,-6,-16,-6,-17,-5,-16,-3,-13,-1,-20,-5,-16,-3,-18,-1,-14,-1,-22,2,-19,0,-19,4,-18,1,-21,2,-21,2,-21,2,-20,4,-26,5,-22,2,-18,3,-22,8,0,0,0,0,0,0,7,20,9,25,8,17,10,22,10,26,8,18,11,25,7,15,12,24,11,17,14,20,16,18,13,17,16,18,14,16,14,15,16,16,15,14,13,10,19,17,14,11,20,14,16,9,18,11,20,11,17,9,23,10,20,10,19,10,21,8,21,8,16,4,24,12,17,9,21,8,15,7,23,7,19,10,20,5,19,8,20,8,18,10,17,9,17,10,14,7,18,12,11,9,16,7,11,6,15,10,12,9,13,7,10,10,12,10,8,10,6,8,6,8,0,0,0,0,0,0,0,0,0,0]"""
1782116242062,2026-06-22T17:17:22.062,safe,transition,yja,stand_to_sit,t007,"CSI_DATA,1075994,1a:00:00:00:00:00,-63,11,-99,16,48,11,-1041085387,47,2,256,0,""[0,0,0,0,0,0,0,0,0,0,0,0,-4,-7,-3,-6,-3,-11,-2,-9,-1,-11,-1,-9,-2,-9,-5,-12,0,-11,-4,-14,-1,-12,-2,-12,-1,-12,0,-14,0,-13,0,-17,0,-12,0,-17,1,-14,2,-13,0,-19,1,-15,-1,-18,0,-14,0,-16,0,-16,0,-17,-2,-14,1,-18,1,-15,0,-16,0,-12,-2,-15,-1,-15,-5,-15,-3,-16,-5,-18,-4,-14,-5,-17,-7,-16,-7,-14,-5,-19,-6,-15,-9,-14,-6,-11,-13,-14,-10,-16,-16,-11,-13,-18,-13,-14,-10,-13,-12,-17,-15,-14,-17,-16,-14,-18,-14,-16,-16,-14,0,0,0,0,0,0,-16,18,-16,22,-10,14,-12,19,-16,24,-11,16,-14,21,-11,18,-12,22,-9,17,-10,16,-7,24,-9,20,-6,24,-5,18,-5,20,-5,21,-6,22,-3,19,-7,24,-3,20,-3,22,-2,16,-1,20,0,22,-1,22,1,25,0,20,0,22,1,22,1,23,3,18,-3,26,-2,22,1,20,0,15,3,21,0,20,4,22,0,24,1,22,-1,18,-2,20,-2,21,-1,20,-5,18,-4,15,-1,16,-1,11,-1,16,-2,12,-1,14,-5,13,-3,15,-4,9,-5,9,-5,8,0,0,0,0,0,0,0,0,0,0]"""
1782116242073,2026-06-22T17:17:22.073,safe,transition,yja,stand_to_sit,t007,"CSI_DATA,1075995,1a:00:00:00:00:00,-64,11,-99,18,48,11,-1041074512,47,2,256,0,""[0,0,0,0,0,0,0,0,0,0,0,0,8,2,7,1,9,3,8,2,9,5,9,3,11,3,12,4,13,4,13,6,9,7,11,7,12,7,11,10,11,9,13,9,9,7,12,12,11,9,11,10,12,11,14,9,14,11,10,12,12,11,12,9,14,11,11,9,14,11,11,9,13,10,12,7,14,7,14,5,14,6,16,5,15,6,14,6,15,4,17,6,16,5,18,4,15,3,19,5,14,0,17,-1,18,-2,19,-3,21,-2,22,-2,19,-1,20,-1,19,-2,23,-6,22,-1,20,-4,23,-6,0,0,0,0,0,0,-5,-23,-4,-27,-5,-19,-5,-22,-7,-25,-3,-20,-8,-25,-6,-19,-6,-23,-9,-15,-10,-18,-9,-18,-14,-19,-14,-22,-9,-19,-11,-17,-12,-17,-12,-19,-12,-17,-15,-18,-14,-13,-15,-17,-14,-12,-15,-14,-14,-15,-19,-12,-17,-14,-15,-15,-16,-14,-17,-13,-17,-15,-15,-12,-19,-15,-15,-12,-18,-14,-16,-10,-18,-11,-19,-11,-18,-9,-19,-10,-18,-13,-11,-12,-15,-12,-14,-14,-11,-12,-14,-13,-10,-12,-12,-15,-9,-9,-10,-10,-9,-11,-11,-9,-9,-10,-7,-11,-4,-12,-4,-10,-4,-10,0,0,0,0,0,0,0,0,0,0]"""
1782116242083,2026-06-22T17:17:22.083,safe,transition,yja,stand_to_sit,t007,"CSI_DATA,1075996,1a:00:00:00:00:00,-63,11,-99,16,48,11,-1041064521,47,2,256,0,""[0,0,0,0,0,0,0,0,0,0,0,0,-5,5,-7,6,-6,4,-9,6,-7,5,-11,6,-11,5,-9,4,-9,4,-11,3,-12,6,-12,7,-12,5,-12,4,-15,3,-12,1,-16,2,-12,3,-20,2,-17,2,-13,0,-16,1,-13,0,-17,2,-16,3,-16,3,-14,2,-16,1,-13,1,-17,2,-13,2,-21,3,-17,0,-16,2,-16,2,-13,2,-11,4,-14,8,-15,7,-13,6,-16,7,-12,7,-15,9,-14,7,-20,11,-17,7,-15,11,-16,9,-16,8,-14,12,-18,16,-12,13,-16,14,-16,12,-16,16,-18,18,-19,15,0,0,0,0,0,0,15,20,12,14,20,21,14,18,13,10,17,18,15,14,18,18,14,12,20,19,17,18,15,14,14,14,16,12,20,12,18,9,19,10,17,9,20,11,14,9,20,11,16,7,24,14,20,12,18,10,18,11,16,5,22,6,21,5,20,5,17,5,20,9,16,7,23,7,18,6,26,11,20,13,20,9,18,11,14,11,15,7,20,7,18,9,14,7,15,11,12,8,16,12,11,9,14,15,9,12,9,11,7,11,6,11,6,11,8,11,6,8,5,9,0,0,0,0,0,0,0,0,0,0]"""
1782116242097,2026-06-22T17:17:22.097,safe,transition,yja,stand_to_sit,t007,"CSI_DATA,1075997,1a:00:00:00:00:00,-63,11,-99,15,48,11,-1041051115,47,2,256,0,""[0,0,0,0,0,0,0,0,0,0,0,0,-6,-4,-5,-4,-8,-8,-6,-6,-8,-10,-7,-8,-6,-8,-8,-10,-4,-10,-8,-12,-7,-10,-5,-9,-7,-12,-5,-14,-4,-12,-4,-18,-2,-13,-4,-16,-4,-14,-2,-17,-5,-19,-1,-14,-6,-16,-4,-16,-4,-16,-4,-16,-4,-15,-4,-12,-1,-19,-2,-14,-2,-16,-2,-13,-4,-17,-4,-16,-6,-15,-4,-14,-7,-16,-6,-15,-8,-16,-8,-16,-6,-12,-6,-17,-5,-14,-10,-16,-8,-11,-13,-16,-11,-16,-13,-13,-12,-17,-13,-16,-12,-16,-12,-17,-12,-15,-16,-19,-13,-19,-13,-14,-16,-18,0,0,0,0,0,0,-18,13,-20,19,-16,14,-16,16,-18,19,-14,14,-20,18,-16,14,-18,18,-13,16,-16,16,-14,18,-14,15,-13,21,-12,18,-10,18,-11,20,-12,19,-10,14,-14,20,-10,14,-12,20,-8,17,-10,19,-10,20,-9,17,-8,22,-7,22,-6,21,-6,22,-6,20,-4,16,-14,23,-11,18,-8,18,-9,16,-10,22,-12,20,-7,19,-11,18,-11,17,-11,15,-12,18,-12,18,-10,15,-14,12,-13,8,-12,12,-7,9,-14,12,-12,8,-10,11,-12,5,-10,8,-10,6,-9,4,-10,2,0,0,0,0,0,0,0,0,0,0]"""
1782116242107,2026-06-22T17:17:22.107,safe,transition,yja,stand_to_sit,t007,"CSI_DATA,1075998,1a:00:00:00:00:00,-63,11,-99,18,48,11,-1041040596,47,2,256,0,""[0,0,0,0,0,0,0,0,0,0,0,0,7,5,5,5,7,8,6,7,6,9,6,9,6,9,7,12,3,9,6,11,6,12,6,11,6,13,5,13,3,11,1,17,1,14,2,15,2,15,2,17,5,19,0,14,2,16,3,17,3,15,3,15,1,15,2,13,0,18,0,15,0,16,1,15,3,17,2,17,4,15,1,14,3,16,5,16,6,16,6,15,7,14,3,18,3,17,6,15,4,15,8,19,6,17,10,15,7,20,10,16,9,18,8,18,8,17,12,20,11,20,10,18,12,21,0,0,0,0,0,0,19,-11,21,-11,21,-13,21,-9,22,-12,18,-10,24,-13,20,-11,22,-13,19,-11,19,-12,19,-14,17,-9,16,-15,16,-14,13,-14,15,-15,15,-14,12,-14,19,-14,15,-12,15,-14,14,-15,16,-15,14,-18,15,-14,14,-17,13,-17,12,-18,13,-18,12,-15,11,-14,20,-15,15,-14,17,-14,15,-12,18,-16,15,-14,14,-15,15,-12,16,-12,15,-11,16,-12,17,-10,15,-9,17,-6,16,-4,14,-7,12,-4,17,-6,15,-3,13,-4,13,-1,14,-2,13,0,11,0,10,0,0,0,0,0,0,0,0,0,0,0]"""
1782116242117,2026-06-22T17:17:22.117,safe,transition,yja,stand_to_sit,t007,"CSI_DATA,1075999,1a:00:00:00:00:00,-63,11,-99,15,48,11,-1041031257,47,2,256,0,""[0,0,0,0,0,0,0,0,0,0,0,0,0,-16,-1,-14,-11,-32,8,-13,2,-4,21,14,10,-10,8,-6,-10,-8,0,-2,6,-8,9,-7,6,-13,7,-12,7,-11,5,0,11,-8,8,-12,8,-16,14,-10,12,-8,12,-8,12,-8,14,-12,14,-12,10,-13,9,-12,10,-12,11,-10,12,-11,9,-10,12,-13,12,-12,11,-12,10,-12,9,-11,6,-12,6,-15,6,-14,7,-14,8,-15,5,-14,5,-17,5,-17,6,-21,8,-18,3,-19,4,-19,4,-18,2,-20,0,-23,0,-19,0,-21,2,-23,0,-24,0,-24,2,-24,0,0,0,0,0,0,-24,0,-22,0,-28,2,-24,0,-20,2,-24,3,-22,2,-25,3,-21,4,-26,4,-25,3,-21,4,-20,3,-20,4,-22,9,-20,9,-20,10,-18,9,-19,8,-18,8,-20,10,-18,11,-21,12,-21,9,-18,10,-18,9,-16,11,-18,16,-16,14,-14,14,-14,12,-17,13,-16,12,-18,14,-15,12,-21,14,-20,12,-19,12,-18,11,-16,9,-16,9,-18,13,-17,10,-14,10,-16,8,-15,7,-16,8,-15,7,-18,6,-15,5,-14,3,-13,2,-13,1,-12,2,-13,2,-11,2,-10,1,0,0,0,0,0,0,0,0,0,0]"""
1782116242126,2026-06-22T17:17:22.126,safe,transition,yja,stand_to_sit,t007,"CSI_DATA,1076000,1a:00:00:00:00:00,-64,11,-99,16,48,11,-1041021438,47,2,256,0,""[0,0,0,0,0,0,0,0,0,0,0,0,0,9,-1,9,-1,10,-1,9,-3,10,-1,9,-1,10,-3,11,-4,12,-5,12,-8,11,-7,12,-7,11,-9,11,-8,11,-10,12,-9,11,-11,12,-8,11,-9,11,-11,14,-11,12,-11,14,-12,9,-11,10,-12,11,-13,10,-11,11,-11,12,-10,9,-13,11,-7,9,-9,11,-8,13,-9,12,-8,14,-10,14,-12,12,-9,14,-10,14,-9,13,-9,16,-9,14,-9,15,-6,14,-4,18,-5,18,-5,18,-5,20,-6,20,-8,16,-7,22,-6,20,-6,22,-9,21,-5,21,-5,22,0,0,0,0,0,0,20,7,25,9,19,6,23,8,26,7,20,9,24,8,20,5,22,9,20,3,21,3,21,3,24,2,24,3,20,7,22,4,21,2,20,5,21,3,24,1,19,0,22,4,17,0,19,-1,20,0,22,-2,24,-1,21,3,20,0,22,0,22,1,21,0,24,0,20,1,22,3,18,0,20,0,20,0,20,-1,22,0,22,2,19,5,20,4,19,6,17,6,19,5,14,7,16,8,13,5,14,5,14,6,14,5,12,6,11,8,9,9,7,8,6,8,0,0,0,0,0,0,0,0,0,0]"""
1782116242140,2026-06-22T17:17:22.140,safe,transition,yja,stand_to_sit,t007,"CSI_DATA,1076001,1a:00:00:00:00:00,-63,11,-99,16,48,11,-1041007150,47,2,256,0,""[0,0,0,0,0,0,0,0,0,0,0,0,0,7,0,9,-1,7,0,11,0,8,-2,14,-3,12,-2,10,-3,11,-5,9,-4,12,-4,12,-7,12,-6,12,-7,14,-4,11,-7,15,-4,12,-10,16,-10,14,-9,10,-9,12,-9,10,-9,15,-9,13,-8,14,-7,12,-9,13,-6,11,-8,15,-5,12,-10,17,-8,13,-7,14,-9,14,-7,13,-4,12,-3,16,-5,14,-3,14,-4,17,0,14,0,18,-2,17,-2,24,-3,17,0,18,-3,18,-1,18,0,19,1,24,1,19,1,22,1,21,5,22,0,25,1,23,0,0,0,0,0,0,24,-3,19,-1,29,-3,22,-5,17,-3,25,-6,20,-3,26,-6,18,-7,27,-6,25,-5,20,-4,20,-5,18,-3,21,-8,20,-8,19,-8,18,-7,21,-8,14,-9,18,-12,16,-11,24,-14,21,-11,18,-10,18,-9,14,-7,18,-14,18,-12,16,-12,16,-11,18,-12,13,-11,18,-16,13,-13,24,-16,19,-10,18,-11,20,-7,16,-9,16,-9,18,-12,18,-8,15,-6,16,-7,12,-7,17,-9,14,-4,20,-6,14,-2,14,-3,15,0,12,-1,12,0,14,0,11,0,11,0,0,0,0,0,0,0,0,0,0,0]"""
1782116242150,2026-06-22T17:17:22.150,safe,transition,yja,stand_to_sit,t007,"CSI_DATA,1076002,1a:00:00:00:00:00,-63,11,-99,18,48,11,-1040999618,47,2,256,0,""[0,0,0,0,0,0,0,0,0,0,0,0,8,-3,6,0,11,-4,7,-3,12,-2,9,-1,9,-2,12,-1,11,-3,15,-3,12,-1,12,0,14,0,14,0,11,-1,17,-1,12,0,17,-2,14,-2,15,-1,17,-1,14,-3,19,-1,15,-1,15,-2,17,0,16,-2,11,-4,19,-4,14,-4,16,-5,11,-6,15,-9,14,-7,13,-11,12,-7,15,-10,14,-9,13,-10,12,-11,8,-11,14,-14,10,-11,11,-16,7,-11,6,-18,10,-17,6,-18,6,-19,7,-22,7,-20,7,-19,4,-18,5,-25,6,-22,2,-19,0,-24,0,0,0,0,0,0,-20,0,-26,0,-20,1,-22,3,-28,2,-18,1,-28,6,-18,4,-26,6,-19,4,-21,5,-22,9,-19,8,-23,11,-19,7,-19,7,-20,11,-19,12,-13,11,-20,15,-14,11,-16,17,-11,12,-13,17,-14,19,-12,18,-14,19,-14,18,-12,18,-13,19,-12,20,-7,16,-12,24,-8,15,-9,20,-7,14,-6,23,-9,20,-6,20,-8,19,-10,21,-9,17,-11,17,-10,18,-7,15,-9,18,-7,12,-6,18,-5,9,-7,15,-7,12,-6,13,-7,11,-9,12,-7,9,-7,7,-6,7,0,0,0,0,0,0,0,0,0,0]"""
1782116242160,2026-06-22T17:17:22.160,safe,transition,yja,stand_to_sit,t007,"CSI_DATA,1076003,1a:00:00:00:00:00,-60,11,-99,20,44,11,-1040987341,47,2,256,0,""[0,0,0,0,0,0,0,0,0,0,0,0,1,11,2,-9,-24,7,8,12,-7,-15,4,8,-6,-14,-8,-33,-33,-26,-6,-13,-42,5,-21,14,-20,-21,-13,-1,-13,-10,-22,-19,-5,-4,9,-11,-11,-4,2,1,-2,-12,-14,-26,-10,-15,-7,-10,-11,-14,-9,-13,-12,-14,-11,-11,-11,-13,-9,-11,-12,-11,-9,-8,-13,-11,-13,-9,-15,-5,-14,-10,-16,-8,-11,-7,-14,-7,-17,-9,-16,-6,-16,-10,-15,-6,-18,-6,-12,-2,-18,-1,-18,-3,-19,1,-23,-1,-22,-1,-16,-3,-22,-2,-21,0,-22,1,-21,-1,-18,0,-24,2,0,0,0,0,0,0,3,23,2,26,2,16,3,22,7,29,0,21,5,24,3,21,3,26,5,17,5,17,10,21,10,21,10,22,6,17,11,18,11,16,11,21,11,16,11,22,11,14,11,19,10,11,12,13,17,15,15,15,18,18,13,13,17,13,17,13,16,15,16,10,17,20,13,13,15,12,11,10,18,11,13,13,17,10,16,15,15,14,11,12,14,14,12,16,11,13,11,15,7,13,12,14,7,8,10,11,5,11,11,10,7,11,8,12,3,10,4,11,2,10,0,0,0,0,0,0,0,0,0,0]"""
1782116242173,2026-06-22T17:17:22.173,safe,transition,yja,stand_to_sit,t007,"CSI_DATA,1076004,1a:00:00:00:00:00,-63,11,-99,15,48,11,-1040974117,47,2,256,0,""[0,0,0,0,0,0,0,0,0,0,0,0,5,5,6,8,4,6,5,11,4,8,5,13,4,11,2,10,2,12,0,10,2,14,2,14,1,14,0,14,0,16,-1,11,-4,17,-2,12,-5,19,-6,16,-4,13,-6,14,-4,12,-6,16,-5,17,-5,14,-4,14,-7,15,-6,12,-10,16,-6,12,-9,18,-12,15,-10,16,-8,14,-9,15,-6,16,-5,17,-7,18,-3,8,-9,16,-2,14,-7,19,-7,16,-8,23,-17,12,-6,18,-8,18,-14,10,-8,16,-8,22,-9,19,-2,18,-8,21,-6,22,-14,29,-11,20,0,0,0,0,0,0,24,13,14,10,26,14,20,13,14,10,22,12,16,10,24,16,18,9,23,15,20,14,17,11,18,12,16,10,20,11,19,8,20,10,18,9,20,12,14,9,20,12,16,8,23,13,20,14,17,12,17,12,15,9,22,10,20,11,19,9,17,10,19,13,14,11,20,14,14,11,21,19,15,18,16,16,13,18,10,16,12,13,13,16,12,16,10,14,8,18,6,14,7,18,5,15,5,20,2,16,2,14,0,14,0,13,0,11,0,14,0,11,-2,11,0,0,0,0,0,0,0,0,0,0]"""
1782116242185,2026-06-22T17:17:22.185,safe,transition,yja,stand_to_sit,t007,"CSI_DATA,1076005,1a:00:00:00:00:00,-63,11,-99,16,48,11,-1040961238,47,2,256,0,""[0,0,0,0,0,0,0,0,0,0,0,0,7,3,8,5,7,5,7,6,7,7,7,5,7,7,7,7,9,10,7,11,4,11,6,12,5,12,3,15,2,16,3,13,2,14,-1,15,0,14,1,14,1,13,2,19,0,14,-3,16,-3,16,-1,16,-4,16,-3,17,-3,15,-5,15,-5,13,-3,16,-3,15,0,16,-1,13,-2,16,-3,14,-4,16,-1,16,-5,16,-7,16,-4,16,-4,16,-7,18,-3,17,-2,18,0,19,-1,18,-3,22,-3,21,-5,19,-5,21,-7,22,-5,19,-9,21,-6,23,-7,19,0,0,0,0,0,0,23,13,20,12,20,12,20,14,20,11,18,15,18,14,19,13,16,15,18,11,19,10,18,10,22,10,18,10,14,14,18,11,18,11,16,15,18,16,16,11,16,12,15,14,16,11,16,11,16,11,20,12,16,12,14,15,16,15,17,14,14,16,16,17,13,16,13,17,11,18,12,17,12,16,13,17,13,18,12,19,9,16,5,18,7,18,4,20,2,20,3,16,0,18,-1,18,0,15,0,14,0,14,0,14,-2,14,-3,12,-6,10,-6,10,-6,9,0,0,0,0,0,0,0,0,0,0]"""
1782116242196,2026-06-22T17:17:22.196,safe,transition,yja,stand_to_sit,t007,"CSI_DATA,1076006,1a:00:00:00:00:00,-63,11,-99,17,48,11,-1040954376,47,2,256,0,""[0,0,0,0,0,0,0,0,0,0,0,0,8,2,11,2,6,0,10,3,8,1,13,5,11,5,9,5,13,4,10,5,11,6,13,7,12,6,11,6,15,9,10,5,16,8,10,6,16,9,15,6,11,6,14,8,10,9,13,9,14,9,11,10,11,9,15,10,11,4,17,5,11,6,18,6,14,5,15,4,14,5,15,4,13,4,16,3,15,1,14,1,17,2,14,-1,19,-3,17,0,25,-2,17,0,19,-5,18,-2,18,-5,18,-5,22,-8,19,-6,22,-8,19,-7,19,-10,23,-11,22,-10,0,0,0,0,0,0,-12,-22,-10,-17,-16,-24,-13,-18,-8,-13,-14,-22,-13,-14,-17,-21,-13,-13,-16,-22,-17,-17,-13,-17,-17,-15,-12,-13,-16,-16,-16,-15,-16,-13,-15,-10,-20,-15,-15,-8,-21,-9,-16,-8,-23,-11,-20,-8,-19,-6,-18,-7,-17,-8,-21,-6,-19,-8,-18,-8,-18,-7,-23,-8,-15,-1,-23,-3,-20,-5,-28,-7,-20,-5,-22,-3,-20,-6,-18,-5,-16,-5,-22,-5,-18,-5,-15,-4,-19,-8,-14,-2,-20,-5,-13,-5,-20,-10,-11,-7,-15,-6,-10,-8,-10,-5,-8,-6,-10,-8,-8,-6,-8,-8,0,0,0,0,0,0,0,0,0,0]"""
1782116242206,2026-06-22T17:17:22.206,safe,transition,yja,stand_to_sit,t007,"CSI_DATA,1076007,1a:00:00:00:00:00,-63,11,-99,16,48,11,-1040942652,47,2,256,0,""[0,0,0,0,0,0,0,0,0,0,0,0,7,7,6,6,7,7,7,7,7,9,4,7,6,9,2,10,7,12,4,12,5,11,5,14,6,12,7,13,7,13,7,12,7,12,7,14,5,12,7,15,6,15,8,15,4,14,7,14,7,15,6,14,8,14,8,14,12,12,12,11,10,13,11,12,9,11,11,12,11,12,12,11,12,11,13,9,14,9,15,8,15,9,16,5,17,4,19,4,16,6,18,5,18,4,18,5,20,1,22,2,21,-1,21,0,23,0,22,-1,23,-5,22,-2,24,-3,0,0,0,0,0,0,-7,-23,-7,-23,-7,-23,-8,-22,-8,-23,-8,-19,-11,-20,-12,-20,-11,-20,-10,-18,-11,-18,-7,-20,-13,-18,-12,-18,-12,-16,-12,-18,-14,-14,-15,-14,-17,-14,-18,-11,-18,-9,-16,-11,-17,-10,-17,-11,-18,-12,-20,-8,-18,-11,-19,-7,-20,-8,-19,-6,-21,-7,-21,-9,-22,-3,-20,-1,-22,-4,-22,-5,-20,-5,-20,-6,-19,-7,-21,-5,-20,-6,-18,-3,-18,-5,-19,-3,-17,-5,-18,-1,-17,-3,-17,-3,-14,-5,-13,-4,-14,-6,-12,-7,-14,-5,-11,-7,-11,-5,-10,-6,-9,-5,0,0,0,0,0,0,0,0,0,0]"""
1782116242215,2026-06-22T17:17:22.215,safe,transition,yja,stand_to_sit,t007,"CSI_DATA,1076008,1a:00:00:00:00:00,-63,11,-99,17,48,11,-1040933618,47,2,256,0,""[0,0,0,0,0,0,0,0,0,0,0,0,5,6,4,7,1,8,2,10,2,8,1,12,0,11,1,12,-1,10,-1,11,0,13,-1,13,-2,13,-3,13,-4,13,-7,13,-7,15,-6,13,-11,14,-8,13,-8,14,-11,10,-9,12,-10,13,-11,11,-11,11,-9,11,-9,12,-12,10,-13,11,-10,10,-14,11,-13,11,-13,10,-11,10,-11,10,-10,11,-11,13,-13,11,-11,11,-11,12,-12,11,-15,12,-10,13,-13,14,-13,15,-13,13,-13,14,-14,12,-12,14,-15,15,-15,13,-16,17,-16,16,-16,14,-18,13,-15,15,0,0,0,0,0,0,11,20,13,18,17,20,15,18,13,17,15,20,11,18,12,22,11,18,13,22,11,20,13,18,9,17,12,17,13,18,13,17,12,18,11,17,11,17,10,19,12,18,11,17,11,21,10,19,12,18,6,18,10,17,13,19,11,18,11,18,9,18,10,18,6,20,7,22,7,18,6,23,6,22,3,21,4,22,1,19,1,18,2,21,0,20,0,18,-1,18,-3,17,-4,19,-1,15,-5,17,-5,15,-6,12,-6,12,-6,9,-7,11,-8,10,-8,8,-8,7,0,0,0,0,0,0,0,0,0,0]"""
1782116242226,2026-06-22T17:17:22.226,safe,transition,yja,stand_to_sit,t007,"CSI_DATA,1076009,1a:00:00:00:00:00,-63,11,-99,17,48,11,-1040920940,47,2,256,0,""[0,0,0,0,0,0,0,0,0,0,0,0,-5,-5,-6,-7,-5,-6,-5,-10,-5,-6,-6,-11,-5,-11,-3,-10,-5,-11,-5,-10,-6,-12,-7,-11,-7,-12,-6,-12,-8,-14,-4,-12,-6,-16,-5,-12,-6,-18,-6,-16,-5,-12,-5,-14,-4,-12,-8,-14,-8,-14,-8,-13,-7,-13,-8,-15,-6,-11,-10,-13,-6,-11,-12,-16,-9,-13,-11,-11,-11,-11,-9,-11,-10,-9,-13,-9,-14,-8,-13,-5,-15,-8,-12,-6,-17,-8,-15,-4,-22,-8,-17,-7,-18,-3,-18,-6,-17,-3,-20,-1,-23,1,-20,0,-22,0,-20,0,-22,3,-26,2,-21,1,0,0,0,0,0,0,5,23,5,20,9,27,3,23,5,16,7,25,6,19,10,25,7,18,10,26,10,22,9,20,9,18,10,16,15,17,16,15,17,14,14,13,15,15,14,13,20,16,15,11,23,15,18,13,17,10,17,10,16,8,22,7,21,6,20,6,18,6,21,8,17,5,22,6,18,6,27,9,21,8,20,5,21,8,17,7,17,5,22,3,20,4,15,3,18,5,15,5,18,6,13,6,17,8,13,8,13,6,11,8,10,6,10,5,11,6,10,6,9,6,0,0,0,0,0,0,0,0,0,0]"""
1782116242242,2026-06-22T17:17:22.242,safe,transition,yja,stand_to_sit,t007,"CSI_DATA,1076010,1a:00:00:00:00:00,-64,11,-99,0,48,11,-1040905096,47,2,256,0,""[0,0,0,0,0,0,0,0,0,0,0,0,5,-2,6,-1,10,-3,10,-4,11,3,13,2,8,2,14,2,12,4,11,0,10,2,10,3,10,3,11,6,16,10,11,4,13,7,14,10,16,6,13,9,13,5,15,11,10,6,9,10,12,10,12,11,12,13,15,14,9,7,11,10,11,11,15,7,12,11,12,7,14,8,13,9,14,7,13,7,14,4,13,7,13,10,15,5,18,7,14,11,19,9,13,7,19,7,17,7,20,5,19,7,20,7,23,7,24,8,18,7,20,9,24,8,19,6,0,0,0,0,0,0,12,-24,11,-19,10,-22,11,-20,9,-20,14,-22,9,-17,10,-22,9,-18,7,-22,9,-20,9,-18,5,-25,8,-17,9,-18,7,-21,5,-22,6,-22,7,-24,5,-17,8,-21,8,-18,5,-18,4,-20,5,-18,3,-23,6,-20,7,-20,4,-22,3,-22,5,-22,8,-23,4,-19,7,-21,9,-18,7,-20,8,-19,7,-20,7,-19,9,-22,9,-17,12,-15,9,-17,11,-16,15,-16,9,-11,13,-13,11,-11,11,-12,13,-9,10,-8,13,-9,11,-7,10,-8,10,-5,10,-5,11,-2,0,0,0,0,0,0,0,0,0,0]"""
1782116242252,2026-06-22T17:17:22.252,safe,transition,yja,stand_to_sit,t007,"CSI_DATA,1076011,1a:00:00:00:00:00,-63,11,-99,19,48,11,-1040898213,47,2,256,0,""[0,0,0,0,0,0,0,0,0,0,0,0,-4,7,-5,8,-4,8,-5,8,-5,8,-7,7,-10,7,-10,5,-11,8,-11,5,-11,4,-13,4,-13,5,-14,3,-16,3,-14,5,-14,4,-15,2,-13,1,-15,1,-15,0,-17,1,-14,-2,-14,-1,-16,-2,-16,-3,-17,-3,-17,-4,-15,1,-16,0,-17,-2,-15,-1,-14,-2,-16,-1,-16,-2,-16,-2,-16,-4,-16,-1,-15,-2,-16,-1,-16,-2,-17,1,-18,1,-18,-1,-19,-2,-17,-2,-20,-1,-19,-4,-20,0,-21,-2,-20,0,-23,0,-23,-3,-20,-2,-22,0,-24,-2,-22,0,0,0,0,0,0,0,-5,26,-5,24,-4,22,-4,23,-7,23,-6,24,-4,22,-4,23,-5,22,-7,21,-7,21,-9,20,-5,25,-8,19,-8,19,-9,20,-7,20,-7,20,-8,22,-4,20,-4,22,-5,20,-7,19,-6,19,-10,18,-7,23,-10,18,-7,18,-10,20,-9,19,-11,20,-11,21,-7,19,-6,20,-11,20,-10,19,-11,16,-13,17,-15,16,-15,17,-16,13,-14,13,-15,11,-15,12,-17,9,-14,11,-14,11,-16,8,-16,5,-13,3,-14,3,-14,0,-14,2,-12,0,-11,0,-10,-1,-10,-2,0,0,0,0,0,0,0,0,0,0]"""
1782116242262,2026-06-22T17:17:22.262,safe,transition,yja,stand_to_sit,t007,"CSI_DATA,1076012,1a:00:00:00:00:00,-63,11,-99,17,48,11,-1040888470,47,2,256,0,""[0,0,0,0,0,0,0,0,0,0,0,0,5,-7,6,-8,6,-6,6,-8,6,-7,7,-8,8,-8,9,-5,8,-10,10,-5,10,-6,11,-8,11,-9,12,-8,14,-9,8,-8,11,-10,11,-9,13,-9,15,-10,15,-8,14,-11,13,-6,13,-10,13,-10,11,-8,11,-9,13,-10,9,-12,10,-13,10,-11,11,-15,10,-11,8,-14,10,-14,9,-14,6,-12,5,-14,6,-15,7,-15,7,-17,0,-15,0,-17,3,-18,2,-20,2,-14,0,-18,1,-19,-1,-20,-1,-21,-3,-21,-3,-20,-3,-21,-5,-20,-8,-22,-5,-23,-8,-23,0,0,0,0,0,0,-25,10,-22,9,-24,10,-20,10,-18,8,-21,12,-18,12,-21,15,-18,11,-20,13,-17,15,-17,11,-16,16,-17,11,-15,13,-16,15,-14,14,-15,16,-16,17,-9,18,-8,20,-10,18,-11,20,-10,19,-10,17,-8,23,-8,18,-6,19,-8,21,-7,19,-7,18,-8,21,0,20,0,22,-4,23,-4,25,-6,20,-3,22,-8,22,-3,20,-5,19,-3,20,-4,18,-5,17,-6,17,-1,17,-2,18,-6,16,-6,18,-4,13,-5,14,-6,12,-5,14,-7,11,-6,11,-6,10,-5,9,0,0,0,0,0,0,0,0,0,0]"""
1782116242271,2026-06-22T17:17:22.271,safe,transition,yja,stand_to_sit,t007,"CSI_DATA,1076013,1a:00:00:00:00:00,-63,11,-99,18,47,11,-1040878618,47,2,256,0,""[0,0,0,0,0,0,0,0,0,0,0,0,-19,2,6,-20,20,-2,20,-25,-4,-2,19,0,6,14,20,-11,19,-14,22,4,1,4,10,-4,12,0,6,4,13,-5,22,0,11,2,20,9,15,2,13,0,14,2,17,2,17,3,11,7,14,6,13,6,13,9,15,8,15,6,13,6,15,7,11,4,13,4,15,2,17,3,17,4,17,5,13,7,17,5,17,6,16,5,16,6,17,5,17,6,13,3,16,1,18,1,18,0,23,2,21,3,17,7,22,8,21,6,19,5,20,11,22,4,22,5,0,0,0,0,0,0,7,-24,11,-26,7,-19,6,-23,8,-24,11,-19,11,-20,10,-21,13,-22,6,-18,4,-19,4,-21,5,-24,6,-23,10,-16,9,-19,8,-20,11,-21,9,-23,8,-20,8,-18,8,-19,6,-17,4,-19,4,-22,4,-22,6,-22,10,-17,8,-20,8,-19,11,-21,9,-22,11,-20,11,-19,11,-17,8,-16,6,-20,8,-19,7,-20,13,-20,11,-17,15,-11,15,-13,17,-12,15,-13,15,-9,15,-8,15,-8,11,-6,12,-7,11,-7,11,-8,14,-4,14,-4,11,0,12,0,11,1,0,0,0,0,0,0,0,0,0,0]"""
1782116242281,2026-06-22T17:17:22.281,safe,transition,yja,stand_to_sit,t007,"CSI_DATA,1076014,1a:00:00:00:00:00,-63,11,-99,12,48,11,-1040867425,47,2,256,0,""[0,0,0,0,0,0,0,0,0,0,0,0,2,-7,5,-8,3,-8,5,-8,5,-10,5,-9,6,-9,6,-8,7,-10,9,-8,8,-8,10,-8,10,-9,11,-9,13,-12,9,-10,9,-10,11,-11,11,-10,13,-11,12,-10,13,-12,11,-8,12,-8,13,-10,11,-8,12,-10,13,-11,9,-12,9,-13,11,-11,10,-13,9,-11,9,-13,10,-13,8,-14,8,-13,5,-13,7,-15,6,-15,8,-16,2,-16,0,-16,3,-18,4,-18,2,-16,0,-18,5,-18,1,-20,1,-21,0,-21,-1,-21,-2,-22,0,-21,-4,-22,-3,-23,-2,-24,0,0,0,0,0,0,-24,5,-23,5,-24,5,-22,7,-22,5,-22,6,-21,8,-22,9,-23,8,-21,8,-21,9,-19,6,-20,12,-21,7,-18,9,-20,9,-18,10,-19,10,-20,13,-13,15,-13,16,-16,15,-16,14,-16,15,-16,13,-16,17,-14,15,-14,15,-16,16,-13,15,-12,16,-16,18,-10,18,-9,19,-12,18,-13,20,-13,15,-11,18,-15,17,-11,17,-13,16,-12,16,-13,14,-12,14,-13,15,-10,14,-10,15,-13,13,-13,10,-9,8,-10,10,-11,7,-10,10,-11,6,-11,7,-10,5,-10,5,0,0,0,0,0,0,0,0,0,0]"""
1782116242291,2026-06-22T17:17:22.291,safe,transition,yja,stand_to_sit,t007,"CSI_DATA,1076015,1a:00:00:00:00:00,-63,11,-99,16,48,11,-1040856619,47,2,256,0,""[0,0,0,0,0,0,0,0,0,0,0,0,8,-3,11,-1,7,0,11,0,9,0,12,0,11,1,11,1,13,1,9,3,12,7,13,5,12,6,12,7,14,9,11,6,14,8,11,9,13,10,13,11,11,11,12,10,9,10,10,11,11,12,11,12,10,11,11,16,9,9,11,12,10,11,12,13,11,12,9,11,9,12,11,11,11,11,11,11,12,11,11,11,12,13,11,7,16,11,12,13,16,13,12,11,18,12,15,12,16,11,16,11,16,12,18,11,19,12,15,11,18,12,20,15,17,12,0,0,0,0,0,0,16,-19,15,-14,17,-20,17,-16,14,-14,19,-19,14,-14,17,-18,14,-12,18,-18,15,-17,15,-15,14,-19,14,-12,16,-15,14,-16,12,-14,14,-16,18,-17,11,-15,14,-17,13,-13,15,-18,12,-16,13,-15,13,-19,13,-14,15,-16,14,-16,12,-16,14,-14,18,-18,11,-14,16,-17,16,-12,18,-18,16,-12,16,-13,17,-12,16,-12,15,-9,16,-10,16,-10,16,-7,19,-6,14,-7,18,-7,16,-1,19,-3,14,-1,15,-2,14,0,14,-1,11,0,12,1,11,2,11,3,0,0,0,0,0,0,0,0,0,0]"""
1782116242302,2026-06-22T17:17:22.302,safe,transition,yja,stand_to_sit,t007,"CSI_DATA,1076016,1a:00:00:00:00:00,-64,11,-99,21,48,11,-1040845430,47,2,256,0,""[0,0,0,0,0,0,0,0,0,0,0,0,-8,2,-7,0,-10,2,-8,1,-11,0,-9,1,-9,2,-13,1,-12,0,-12,1,-12,-2,-12,0,-13,0,-13,-2,-12,-2,-17,-2,-12,-1,-17,-5,-12,-1,-13,-3,-16,-2,-16,-1,-19,-1,-14,-4,-14,-1,-16,-1,-16,-2,-14,-2,-17,-2,-14,-2,-17,-1,-11,1,-14,2,-15,2,-16,4,-15,3,-17,4,-16,2,-15,6,-17,5,-15,5,-17,6,-15,6,-16,6,-11,6,-14,10,-13,10,-12,14,-15,14,-15,14,-14,10,-16,14,-15,14,-16,17,-16,14,-11,15,-13,16,0,0,0,0,0,0,16,14,21,17,14,8,19,14,23,15,16,11,20,14,15,8,20,12,17,6,17,7,20,5,23,5,23,5,18,7,20,3,20,2,19,3,19,1,23,3,17,1,22,3,15,-1,17,-2,19,-2,20,-5,23,-5,19,-1,19,-3,20,-5,21,-3,19,-5,23,-3,18,-3,21,-3,14,-5,18,-6,19,-7,17,-8,21,-6,20,-5,19,-2,18,-5,19,-2,16,-2,19,-1,14,0,17,0,11,-2,14,-1,14,-1,14,-2,14,-1,13,0,11,2,11,0,10,2,0,0,0,0,0,0,0,0,0,0]"""
1782116242313,2026-06-22T17:17:22.313,safe,transition,yja,stand_to_sit,t007,"CSI_DATA,1076017,1a:00:00:00:00:00,-63,11,-99,17,48,11,-1040834619,47,2,256,0,""[0,0,0,0,0,0,0,0,0,0,0,0,-1,8,-3,9,-3,7,-4,10,-3,9,-4,10,-5,11,-5,9,-4,12,-7,10,-7,10,-9,11,-9,11,-9,11,-11,13,-6,10,-8,13,-9,11,-11,13,-10,13,-8,10,-10,15,-10,9,-11,11,-11,12,-10,11,-10,10,-11,11,-6,13,-6,15,-8,13,-8,17,-7,13,-5,15,-6,15,-5,15,-5,14,-4,15,-5,16,-4,16,-5,17,1,15,1,17,-1,18,0,22,0,17,3,18,0,18,4,20,2,22,4,22,6,20,5,22,6,19,6,22,7,23,7,21,0,0,0,0,0,0,23,-10,20,-10,23,-10,21,-11,17,-9,20,-11,18,-11,21,-13,18,-12,20,-11,17,-14,17,-9,15,-17,17,-13,16,-12,17,-15,15,-14,16,-13,17,-17,9,-17,10,-19,11,-17,13,-18,10,-18,10,-17,9,-21,9,-17,9,-18,11,-20,9,-18,10,-16,10,-19,4,-19,5,-22,6,-21,8,-23,8,-19,6,-20,9,-20,6,-19,8,-18,7,-19,8,-18,7,-15,9,-17,5,-16,5,-17,10,-15,10,-16,7,-11,8,-13,8,-10,8,-11,9,-10,9,-9,8,-8,9,-8,0,0,0,0,0,0,0,0,0,0]"""
1782116242324,2026-06-22T17:17:22.324,safe,transition,yja,stand_to_sit,t007,"CSI_DATA,1076018,1a:00:00:00:00:00,-63,11,-99,18,48,11,-1040823619,47,2,256,0,""[0,0,0,0,0,0,0,0,0,0,0,0,-7,-4,-6,-3,-9,-7,-6,-6,-7,-9,-6,-7,-7,-9,-7,-9,-4,-9,-9,-12,-7,-12,-6,-10,-6,-12,-6,-13,-4,-10,-4,-18,-3,-13,-3,-17,-3,-13,-3,-13,-3,-15,-2,-15,-3,-19,-1,-16,-1,-16,-1,-15,-1,-14,-1,-12,-1,-19,-1,-14,0,-16,-1,-13,-3,-17,-1,-17,-3,-17,-1,-14,-2,-19,-1,-17,-4,-17,-4,-17,-4,-13,-3,-20,-1,-15,-6,-17,-3,-12,-8,-19,-3,-19,-7,-17,-7,-20,-8,-21,-7,-20,-6,-18,-6,-17,-9,-24,-7,-22,-6,-18,-8,-23,0,0,0,0,0,0,-20,6,-25,9,-18,5,-23,6,-26,7,-19,5,-26,6,-19,6,-26,7,-20,6,-20,6,-22,9,-20,3,-25,11,-20,6,-19,6,-19,9,-20,7,-15,6,-25,9,-17,6,-22,8,-16,6,-19,11,-21,11,-17,7,-22,11,-21,9,-19,9,-21,10,-20,8,-16,7,-26,7,-17,4,-22,5,-17,5,-23,8,-22,4,-20,7,-19,3,-22,3,-20,1,-20,1,-20,0,-15,1,-20,-2,-15,-3,-18,-1,-12,-2,-16,-3,-15,-4,-14,-3,-12,-5,-14,-7,-11,-6,-9,-6,-7,-6,0,0,0,0,0,0,0,0,0,0]"""
1782116242335,2026-06-22T17:17:22.335,safe,transition,yja,stand_to_sit,t007,"CSI_DATA,1076019,1a:00:00:00:00:00,-64,11,-99,16,48,11,-1040812467,47,2,256,0,""[0,0,0,0,0,0,0,0,0,0,0,0,3,8,2,5,3,11,2,9,2,12,1,9,3,9,2,13,1,11,3,14,3,12,1,12,0,14,0,15,1,12,0,16,1,12,1,16,0,15,1,13,0,17,0,14,1,17,0,16,0,15,0,16,1,16,3,12,1,18,2,14,5,15,3,14,5,16,5,15,7,16,6,14,7,15,7,14,8,16,9,14,10,11,11,15,9,11,12,12,10,11,18,11,13,11,15,9,16,12,17,12,15,12,15,11,19,9,21,11,19,11,18,11,22,9,0,0,0,0,0,0,5,-22,6,-26,6,-22,2,-23,5,-27,1,-20,3,-27,2,-20,1,-25,0,-22,0,-22,-1,-24,0,-21,-1,-25,-1,-21,0,-20,-1,-22,-3,-22,-6,-18,-5,-23,-7,-17,-9,-20,-7,-19,-9,-20,-11,-22,-9,-18,-11,-22,-10,-19,-9,-19,-11,-19,-13,-18,-12,-13,-14,-22,-11,-16,-13,-16,-9,-15,-15,-18,-10,-18,-12,-16,-12,-17,-12,-17,-9,-16,-7,-17,-9,-18,-11,-14,-9,-17,-6,-14,-12,-13,-6,-11,-8,-14,-5,-12,-7,-12,-4,-12,-5,-12,-3,-13,-1,-10,-2,-11,0,0,0,0,0,0,0,0,0,0]"""
1782116242351,2026-06-22T17:17:22.351,safe,transition,yja,stand_to_sit,t007,"CSI_DATA,1076020,1a:00:00:00:00:00,-63,11,-99,16,48,11,-1040796590,47,2,256,0,""[0,0,0,0,0,0,0,0,0,0,0,0,8,3,9,5,7,5,10,5,8,5,9,8,7,9,7,9,7,8,9,8,11,9,11,9,11,8,10,8,10,10,8,10,9,11,10,10,11,14,9,14,8,14,8,11,8,11,13,11,11,11,11,11,10,10,11,11,11,10,13,11,11,9,14,12,12,12,12,9,12,9,11,9,12,8,16,6,15,5,15,4,14,5,14,4,18,4,18,3,20,5,19,6,18,3,19,3,18,1,20,0,24,-3,19,-1,21,0,22,0,23,-4,22,-3,24,-3,0,0,0,0,0,0,-5,-23,-6,-19,-8,-27,-3,-23,-3,-20,-7,-24,-7,-22,-7,-23,-8,-20,-8,-25,-8,-23,-7,-20,-7,-18,-9,-18,-13,-20,-13,-16,-14,-16,-14,-14,-12,-16,-11,-15,-14,-16,-14,-14,-16,-17,-14,-17,-14,-14,-13,-14,-14,-12,-21,-11,-18,-11,-18,-9,-16,-9,-18,-11,-18,-11,-19,-11,-17,-11,-22,-15,-18,-14,-17,-12,-17,-12,-13,-12,-17,-11,-18,-11,-18,-10,-15,-8,-14,-10,-14,-11,-12,-11,-13,-10,-14,-13,-9,-12,-10,-11,-7,-12,-7,-10,-7,-10,-8,-11,-6,-9,-5,-9,0,0,0,0,0,0,0,0,0,0]"""
1782116242361,2026-06-22T17:17:22.361,safe,transition,yja,stand_to_sit,t007,"CSI_DATA,1076021,1a:00:00:00:00:00,-63,11,-99,16,48,11,-1040787730,47,2,256,0,""[0,0,0,0,0,0,0,0,0,0,0,0,0,9,-3,9,-3,9,-3,7,-5,9,-3,9,-3,10,-5,10,-5,11,-7,11,-7,10,-8,11,-9,10,-11,11,-11,8,-12,11,-11,9,-14,9,-9,7,-12,9,-13,10,-12,10,-14,12,-13,6,-12,7,-12,9,-15,7,-12,7,-15,9,-12,8,-14,7,-10,7,-10,9,-11,9,-11,10,-12,13,-13,12,-14,9,-11,11,-14,11,-12,10,-14,13,-11,11,-14,12,-9,12,-10,15,-11,16,-9,18,-11,18,-11,18,-11,14,-12,18,-12,16,-12,20,-13,16,-11,17,-12,19,0,0,0,0,0,0,18,14,22,18,16,12,20,14,22,15,15,15,21,16,16,12,19,15,17,9,20,10,20,11,22,9,22,10,16,13,18,11,19,10,19,11,17,10,21,10,17,9,21,12,16,6,18,6,20,8,22,5,23,7,18,10,20,8,20,6,21,9,20,9,22,11,18,9,19,11,16,7,20,7,19,8,20,7,20,9,18,11,15,13,15,11,14,14,12,11,14,14,11,13,11,14,9,11,10,11,9,11,9,11,9,12,5,12,3,12,3,11,1,11,0,0,0,0,0,0,0,0,0,0]"""
1782116242371,2026-06-22T17:17:22.371,safe,transition,yja,stand_to_sit,t007,"CSI_DATA,1076022,1a:00:00:00:00:00,-63,11,-99,16,48,11,-1040779619,47,2,256,0,""[0,0,0,0,0,0,0,0,0,0,0,0,4,-6,5,-7,5,-6,7,-9,5,-8,6,-7,7,-8,7,-7,9,-10,10,-7,10,-8,11,-8,11,-8,11,-8,14,-11,9,-9,11,-11,10,-9,12,-11,13,-9,13,-8,12,-12,12,-8,12,-9,13,-11,11,-10,11,-9,12,-11,9,-11,9,-12,10,-12,11,-15,9,-12,7,-14,9,-12,7,-15,5,-12,5,-14,7,-16,6,-15,6,-16,0,-14,0,-17,2,-18,1,-22,1,-16,-1,-18,0,-19,-2,-19,-2,-20,-3,-22,-4,-22,-6,-22,-5,-20,-6,-21,-8,-22,-7,-23,0,0,0,0,0,0,-23,9,-22,9,-24,12,-20,12,-18,11,-20,12,-18,12,-21,16,-18,13,-18,14,-17,16,-14,12,-15,18,-16,13,-15,15,-15,17,-12,16,-13,15,-15,18,-7,17,-7,20,-9,19,-10,21,-7,20,-7,18,-7,22,-7,18,-5,19,-7,21,-5,19,-5,19,-7,23,-1,20,0,23,-3,23,-3,25,-3,19,-1,22,-3,21,-1,22,-3,19,-3,20,-3,20,-4,17,-5,18,0,16,-1,18,-5,16,-5,18,-2,12,-4,14,-5,12,-3,14,-6,11,-6,11,-7,11,-6,10,0,0,0,0,0,0,0,0,0,0]"""
1782116242380,2026-06-22T17:17:22.380,safe,transition,yja,stand_to_sit,t007,"CSI_DATA,1076023,1a:00:00:00:00:00,-63,11,-99,16,48,11,-1040768619,47,2,256,0,""[0,0,0,0,0,0,0,0,0,0,0,0,7,-2,9,-4,9,-2,11,-3,9,-2,13,-1,12,-1,11,-1,10,0,12,0,13,0,13,1,14,1,14,1,15,1,13,4,16,3,12,3,18,5,18,5,17,3,13,6,12,4,16,6,14,5,13,6,14,7,13,5,14,7,16,5,13,5,17,7,18,5,16,3,14,5,15,5,16,5,17,5,16,7,16,0,18,1,12,3,13,1,20,1,23,2,24,-1,22,0,15,1,22,4,19,5,22,4,18,7,19,-4,23,2,25,1,21,4,24,0,0,0,0,0,0,0,0,-24,0,-23,0,-26,0,-23,1,-20,-1,-24,0,-22,-1,-27,-1,-21,0,-27,-1,-24,-2,-21,0,-20,-1,-20,-2,-22,-1,-21,-2,-22,-3,-20,-3,-21,-1,-20,-4,-22,-3,-18,-4,-24,-5,-22,-7,-21,-4,-19,-4,-18,-6,-21,-5,-22,-5,-20,-3,-20,-7,-21,-3,-21,-5,-23,-5,-18,-3,-25,-5,-24,-3,-21,-2,-22,0,-18,-1,-18,0,-22,0,-20,1,-18,1,-20,2,-16,3,-19,1,-16,6,-17,3,-15,4,-14,4,-13,5,-11,5,-11,6,-12,7,-8,7,-9,0,0,0,0,0,0,0,0,0,0]"""
1782116242394,2026-06-22T17:17:22.394,safe,transition,yja,stand_to_sit,t007,"CSI_DATA,1076024,1a:00:00:00:00:00,-63,11,-99,18,48,11,-1040753257,47,2,256,0,""[0,0,0,0,0,0,0,0,0,0,0,0,5,-4,7,-7,5,-4,9,-6,6,-4,11,-5,11,-5,7,-4,9,-4,10,-3,12,-6,12,-6,13,-6,11,-5,16,-4,11,-1,17,-3,12,-4,19,-4,19,-4,15,-6,15,-3,12,-3,17,-6,15,-6,14,-4,14,-6,17,-4,12,-4,16,-7,12,-4,19,-7,17,-7,15,-9,14,-6,14,-7,12,-6,12,-11,12,-10,12,-12,14,-11,8,-10,12,-15,11,-11,16,-17,14,-12,11,-14,11,-16,10,-15,7,-17,8,-22,6,-17,9,-19,8,-19,7,-22,9,-25,9,-20,0,0,0,0,0,0,-24,-9,-18,-5,-30,-7,-21,-8,-15,-4,-25,-6,-19,-4,-27,-6,-18,-3,-27,-6,-23,-3,-21,-1,-21,-1,-20,0,-23,1,-21,3,-22,3,-20,2,-23,3,-16,2,-23,4,-16,4,-27,7,-22,4,-19,7,-20,4,-17,5,-21,9,-20,9,-18,8,-18,7,-21,8,-15,7,-21,11,-17,8,-26,12,-22,6,-19,10,-21,6,-17,5,-15,6,-19,10,-19,8,-15,6,-18,6,-14,5,-19,6,-15,4,-20,3,-15,1,-14,2,-14,0,-13,0,-11,0,-14,1,-12,0,-12,0,0,0,0,0,0,0,0,0,0,0]"""
1782116242404,2026-06-22T17:17:22.404,safe,transition,yja,stand_to_sit,t007,"CSI_DATA,1076025,1a:00:00:00:00:00,-63,11,-99,20,47,11,-1040746619,47,2,256,0,""[0,0,0,0,0,0,0,0,0,0,0,0,7,5,8,7,7,6,7,6,7,7,7,8,9,9,5,10,11,9,5,11,7,11,7,14,7,12,8,12,9,14,9,11,9,12,9,12,9,12,9,14,8,13,12,12,9,13,9,12,11,12,9,12,10,12,11,13,12,9,12,9,12,11,14,11,11,9,14,8,12,8,15,7,14,7,14,7,14,6,16,5,16,5,16,0,18,0,18,1,21,1,18,1,18,-1,21,0,20,-3,22,-2,20,-4,21,-5,23,-6,21,-6,20,-9,20,-9,22,-9,0,0,0,0,0,0,-10,-24,-11,-20,-14,-21,-13,-20,-9,-18,-14,-20,-14,-16,-18,-18,-14,-16,-16,-17,-16,-16,-13,-16,-18,-15,-14,-14,-16,-14,-18,-14,-18,-11,-16,-11,-20,-12,-19,-5,-21,-3,-20,-7,-20,-7,-20,-4,-20,-7,-22,-2,-20,-5,-20,-2,-22,-3,-20,-1,-20,-3,-24,-3,-20,3,-21,3,-23,0,-24,1,-20,0,-22,1,-23,0,-21,1,-21,0,-20,0,-20,1,-18,0,-18,-1,-18,2,-19,1,-18,0,-18,-1,-14,-1,-15,0,-12,-3,-14,-1,-13,-2,-12,-3,-11,-3,-12,-4,0,0,0,0,0,0,0,0,0,0]"""
1782116242415,2026-06-22T17:17:22.415,safe,transition,yja,stand_to_sit,t007,"CSI_DATA,1076026,1a:00:00:00:00:00,-63,11,-99,17,48,11,-1040732722,47,2,256,0,""[0,0,0,0,0,0,0,0,0,0,0,0,-8,0,-10,-1,-9,-1,-9,-1,-10,-2,-10,-4,-10,-4,-8,-6,-11,-5,-11,-6,-11,-6,-11,-8,-10,-6,-11,-9,-11,-10,-13,-8,-12,-8,-11,-9,-10,-9,-13,-8,-9,-10,-12,-11,-10,-11,-10,-11,-10,-11,-10,-11,-10,-13,-11,-13,-11,-9,-12,-10,-13,-11,-11,-9,-11,-10,-11,-10,-11,-10,-13,-11,-12,-10,-13,-8,-12,-9,-13,-8,-15,-9,-15,-6,-17,-6,-17,-7,-16,-8,-15,-7,-17,-6,-17,-9,-18,-5,-20,-6,-20,-4,-22,-5,-22,-6,-21,-6,-22,-3,-22,-6,-20,-5,0,0,0,0,0,0,-5,25,-5,23,-4,22,-4,23,-5,24,-5,24,-2,23,-1,24,-2,22,-3,23,-4,21,-5,22,-1,24,-4,22,-2,20,-3,21,-1,21,0,22,-1,23,2,22,3,20,1,22,1,20,2,20,0,21,4,22,0,22,3,20,1,22,2,22,1,22,1,24,5,22,5,21,3,22,3,21,0,20,1,21,0,22,0,22,-2,22,0,19,-1,19,-1,20,-3,20,0,19,-1,17,-3,17,-3,16,-5,13,-5,13,-7,11,-5,13,-7,11,-5,10,-7,9,-7,8,0,0,0,0,0,0,0,0,0,0]"""
1782116242425,2026-06-22T17:17:22.425,safe,transition,yja,stand_to_sit,t007,"CSI_DATA,1076027,1a:00:00:00:00:00,-63,11,-99,13,48,11,-1040724619,47,2,256,0,""[0,0,0,0,0,0,0,0,0,0,0,0,0,24,18,-1,-16,5,2,-4,-4,-6,-8,16,-31,0,-11,14,-13,19,-23,-6,-8,4,-20,5,-15,1,-14,10,-20,0,-12,1,-19,7,-9,8,-16,3,-14,4,-18,2,-12,0,-16,7,-16,4,-16,4,-15,4,-14,4,-14,4,-16,0,-18,3,-14,2,-19,2,-16,4,-16,4,-15,4,-14,5,-13,5,-16,7,-16,6,-15,7,-15,8,-14,5,-16,7,-14,10,-16,11,-17,13,-14,11,-15,13,-16,9,-14,12,-17,13,-14,12,-16,14,-16,13,-17,15,-18,16,-16,14,0,0,0,0,0,0,15,19,14,15,19,19,17,16,14,14,16,16,16,16,17,18,16,14,18,19,18,15,19,13,14,13,16,12,18,13,16,11,19,12,17,12,17,10,17,12,19,10,17,9,20,12,20,11,21,9,16,11,19,7,21,7,19,9,19,7,18,7,19,7,19,11,21,12,18,8,21,12,21,11,19,12,18,10,16,12,16,11,19,11,15,14,14,11,15,12,12,12,14,14,11,12,12,14,12,12,9,12,8,11,6,12,5,11,5,12,4,11,2,11,0,0,0,0,0,0,0,0,0,0]"""
1782116242435,2026-06-22T17:17:22.435,safe,transition,yja,stand_to_sit,t007,"CSI_DATA,1076028,1a:00:00:00:00:00,-63,11,-99,20,47,11,-1040713619,47,2,256,0,""[0,0,0,0,0,0,0,0,0,0,0,0,-7,-2,-9,-3,-7,-2,-11,-4,-7,-3,-11,-6,-11,-6,-9,-5,-11,-4,-10,-5,-12,-5,-12,-5,-13,-5,-12,-7,-13,-7,-9,-6,-14,-7,-11,-6,-18,-10,-14,-10,-14,-9,-12,-8,-12,-5,-18,-5,-16,-5,-14,-3,-12,-5,-16,-5,-12,-4,-18,-3,-12,-3,-21,-4,-17,-4,-16,0,-16,-1,-14,0,-13,0,-16,3,-17,4,-14,3,-18,4,-12,4,-17,7,-16,7,-21,11,-17,8,-15,9,-16,9,-15,9,-13,12,-16,18,-12,14,-16,15,-12,15,-13,19,-15,20,-15,18,0,0,0,0,0,0,22,13,18,9,28,13,20,11,16,6,23,9,20,6,27,7,18,5,26,5,24,4,21,2,21,2,20,1,24,-1,22,-3,21,-5,18,-3,23,-3,17,-3,22,-6,18,-5,25,-7,22,-7,20,-8,19,-7,14,-9,19,-14,17,-14,15,-13,14,-11,19,-12,14,-12,17,-15,14,-11,23,-19,19,-13,15,-14,17,-14,14,-11,12,-12,14,-17,14,-14,12,-12,15,-12,10,-10,14,-13,12,-9,17,-12,14,-8,11,-9,12,-6,11,-7,10,-6,11,-8,9,-6,11,-4,0,0,0,0,0,0,0,0,0,0]"""
1782116242448,2026-06-22T17:17:22.448,safe,transition,yja,stand_to_sit,t007,"CSI_DATA,1076029,1a:00:00:00:00:00,-63,11,-99,16,48,11,-1040699374,47,2,256,0,""[0,0,0,0,0,0,0,0,0,0,0,0,7,-3,7,-1,11,-1,10,0,11,0,9,0,11,1,12,0,10,3,14,1,13,1,12,2,14,3,13,4,11,5,13,10,11,8,13,9,12,9,12,12,15,12,9,11,14,11,12,11,12,11,11,10,11,11,9,9,11,16,9,12,9,12,9,12,11,13,11,13,11,11,9,11,11,12,12,12,12,12,13,12,12,11,10,15,9,14,12,12,9,10,15,13,12,13,15,10,14,16,16,12,15,14,13,13,14,15,16,15,14,18,15,16,14,17,0,0,0,0,0,0,19,-13,20,-16,16,-13,19,-12,20,-15,16,-12,24,-14,18,-10,21,-13,18,-11,19,-10,19,-13,18,-10,18,-16,17,-13,16,-12,16,-14,17,-12,14,-10,21,-11,16,-10,19,-11,16,-12,20,-11,19,-14,17,-8,18,-14,18,-13,17,-12,18,-12,18,-12,16,-9,24,-8,20,-7,20,-7,19,-7,22,-8,20,-5,20,-7,20,-1,20,-5,20,-2,21,-3,18,-2,18,-1,19,3,17,4,16,2,13,3,18,5,14,5,14,4,12,7,12,5,12,8,10,7,8,8,0,0,0,0,0,0,0,0,0,0]"""
1782116242457,2026-06-22T17:17:22.457,safe,transition,yja,stand_to_sit,t007,"CSI_DATA,1076030,1a:00:00:00:00:00,-63,11,-99,17,48,11,-1040691580,47,2,256,0,""[0,0,0,0,0,0,0,0,0,0,0,0,7,7,5,6,6,9,5,8,3,10,5,9,5,9,3,11,3,12,3,13,0,13,1,13,1,13,0,14,-1,12,-4,17,-3,14,-6,16,-3,11,-1,14,-3,15,-5,15,-4,17,-6,13,-5,14,-6,15,-9,13,-8,12,-11,15,-8,11,-11,12,-5,11,-7,13,-6,13,-6,14,-8,15,-8,15,-11,12,-6,16,-9,15,-7,14,-12,16,-11,12,-9,15,-6,11,-8,17,-9,15,-6,18,-9,18,-8,19,-11,16,-11,18,-13,18,-11,20,-13,17,-9,17,-11,19,0,0,0,0,0,0,15,15,20,18,15,13,17,17,20,18,11,16,17,20,13,14,15,20,14,13,15,13,17,16,17,17,19,15,14,17,16,15,17,14,14,16,13,15,17,19,11,14,13,19,13,11,13,14,15,15,15,15,18,17,11,17,15,17,15,17,13,19,11,17,13,23,8,19,10,22,8,15,10,18,10,19,10,19,7,20,7,21,1,19,5,20,2,21,0,18,0,20,-2,15,-2,17,-1,12,-1,15,-4,14,-3,15,-4,14,-5,12,-7,10,-6,9,-7,8,0,0,0,0,0,0,0,0,0,0]"""
1782116242468,2026-06-22T17:17:22.468,safe,transition,yja,stand_to_sit,t007,"CSI_DATA,1076031,1a:00:00:00:00:00,-63,11,-99,18,48,11,-1040680619,47,2,256,0,""[0,0,0,0,0,0,0,0,0,0,0,0,-5,-7,-6,-7,-4,-7,-6,-9,-5,-7,-5,-11,-4,-11,-5,-12,-3,-11,-3,-11,-4,-14,-3,-13,-3,-14,-2,-12,-3,-14,-1,-14,-2,-17,-3,-15,-1,-17,0,-15,0,-16,0,-14,0,-15,-1,-17,0,-16,0,-17,0,-16,-1,-15,0,-15,-1,-15,-2,-14,-2,-18,-3,-16,-2,-15,-3,-15,-3,-14,-3,-13,-6,-16,-4,-15,-5,-14,-6,-15,-6,-14,-8,-17,-9,-14,-9,-19,-11,-16,-11,-17,-10,-17,-11,-15,-11,-15,-12,-17,-12,-16,-15,-18,-12,-18,-15,-15,-14,-15,-15,-17,0,0,0,0,0,0,-17,17,-15,15,-19,20,-15,18,-14,15,-16,20,-14,16,-15,17,-12,17,-17,19,-14,19,-12,19,-13,17,-11,15,-13,19,-11,18,-11,17,-10,17,-9,19,-11,17,-9,20,-7,17,-10,22,-8,21,-7,20,-7,17,-6,18,-6,21,-7,20,-7,19,-7,20,-5,22,-6,19,-7,22,-5,20,-7,23,-6,21,-7,20,-7,20,-7,19,-9,18,-9,20,-9,17,-8,15,-7,16,-9,15,-9,17,-7,13,-11,14,-9,13,-10,12,-11,9,-9,8,-9,7,-12,9,-9,6,-10,6,0,0,0,0,0,0,0,0,0,0]"""
1782116242477,2026-06-22T17:17:22.477,safe,transition,yja,stand_to_sit,t007,"CSI_DATA,1076032,1a:00:00:00:00:00,-63,11,-99,16,48,11,-1040669045,47,2,256,0,""[0,0,0,0,0,0,0,0,0,0,0,0,7,1,10,2,7,3,8,4,7,3,11,6,10,7,8,6,7,8,7,7,10,9,9,8,8,11,7,10,8,12,6,12,7,14,9,12,7,16,4,18,6,14,3,15,5,14,7,16,5,14,4,14,4,13,3,16,3,13,2,16,3,14,3,18,1,17,1,16,1,15,2,14,3,14,7,16,5,14,5,14,3,16,5,14,7,18,5,16,7,22,5,18,7,18,5,20,4,16,7,18,9,20,10,17,8,20,7,22,9,20,7,22,5,22,0,0,0,0,0,0,22,-6,19,-6,27,-8,24,-5,17,-5,24,-6,19,-3,25,-5,19,-5,27,-6,23,-4,22,-4,20,-3,19,-3,22,-9,20,-7,20,-7,19,-5,20,-5,18,-5,23,-6,19,-6,25,-6,23,-3,20,-4,21,-2,18,-5,22,-8,19,-7,20,-7,18,-6,21,-5,19,-4,22,-5,20,-3,27,-2,23,0,21,-1,22,1,18,2,19,0,23,-1,19,1,17,1,17,4,16,3,18,5,14,5,18,9,14,9,12,7,11,9,9,8,9,8,10,8,9,8,7,9,0,0,0,0,0,0,0,0,0,0]"""
1782116242489,2026-06-22T17:17:22.489,safe,transition,yja,stand_to_sit,t007,"CSI_DATA,1076033,1a:00:00:00:00:00,-63,11,-99,17,48,11,-1040658619,47,2,256,0,""[0,0,0,0,0,0,0,0,0,0,0,0,8,-1,8,-2,11,-1,9,-1,11,0,10,0,9,-2,12,-1,13,-2,13,0,11,1,14,1,13,2,15,5,14,5,16,4,14,2,17,5,13,5,12,2,14,4,16,2,18,3,12,6,15,6,15,5,16,7,16,4,17,6,14,5,15,3,12,3,14,0,15,0,15,-1,18,-1,18,0,15,2,17,2,19,2,18,-1,18,0,17,-1,18,-1,15,-1,15,-6,16,-8,17,-10,21,-9,20,-8,18,-1,22,-6,21,-7,18,-8,22,-3,20,-9,20,-8,0,0,0,0,0,0,-11,-21,-11,-24,-8,-17,-11,-18,-14,-22,-9,-20,-11,-23,-11,-18,-12,-22,-10,-15,-14,-13,-17,-15,-16,-16,-15,-18,-10,-16,-15,-17,-14,-15,-13,-19,-15,-15,-17,-16,-15,-12,-17,-15,-12,-11,-16,-8,-18,-8,-21,-10,-20,-11,-13,-13,-18,-14,-18,-11,-19,-15,-20,-10,-19,-14,-17,-13,-18,-11,-14,-9,-17,-8,-18,-8,-20,-8,-21,-10,-18,-11,-11,-13,-14,-15,-14,-15,-14,-13,-13,-14,-10,-11,-12,-12,-8,-9,-11,-8,-11,-8,-11,-10,-10,-11,-8,-10,-3,-10,-3,-11,-3,-11,0,0,0,0,0,0,0,0,0,0]"""
1782116242499,2026-06-22T17:17:22.499,safe,transition,yja,stand_to_sit,t007,"CSI_DATA,1076034,1a:00:00:00:00:00,-63,11,-99,16,48,11,-1040647309,47,2,256,0,""[0,0,0,0,0,0,0,0,0,0,0,0,6,5,6,6,7,5,7,7,7,9,5,9,5,9,3,10,7,13,3,12,3,12,1,14,1,14,0,14,0,17,3,13,1,14,0,16,0,16,-3,16,-4,15,0,19,-3,16,-3,14,-5,16,-5,14,-3,15,-5,16,-1,16,-2,16,-3,16,-3,16,-3,15,-3,15,-4,16,-3,16,-3,15,-1,14,-3,16,-3,16,-4,17,1,17,0,17,-2,20,-1,20,-1,16,0,20,-3,18,0,20,-2,23,-1,20,-1,21,-1,22,-2,20,0,22,-3,24,-1,24,0,0,0,0,0,0,26,3,24,5,23,3,23,3,23,5,24,3,23,3,24,3,22,5,20,4,22,3,20,6,24,2,21,7,19,7,21,6,21,6,20,5,24,5,20,0,21,0,20,3,21,3,20,4,20,7,24,2,20,5,21,7,21,6,18,5,20,5,22,6,21,3,22,2,22,6,22,6,19,7,20,8,20,11,20,9,18,10,16,9,16,12,14,12,14,12,14,9,13,10,12,12,11,12,8,11,9,12,6,12,7,12,5,12,3,11,1,11,1,12,0,0,0,0,0,0,0,0,0,0]"""
1782116242512,2026-06-22T17:17:22.512,safe,transition,yja,stand_to_sit,t007,"CSI_DATA,1076035,1a:00:00:00:00:00,-64,11,-99,16,48,11,-1040636472,47,2,256,0,""[0,0,0,0,0,0,0,0,0,0,0,0,-9,4,-7,3,-11,1,-9,2,-11,0,-8,0,-10,1,-12,1,-11,-1,-14,0,-12,0,-13,0,-13,-1,-14,-4,-12,-4,-15,-7,-13,-5,-13,-8,-11,-8,-11,-7,-13,-9,-12,-9,-18,-9,-12,-8,-12,-9,-14,-8,-12,-11,-12,-8,-12,-14,-10,-11,-11,-11,-9,-8,-12,-9,-12,-11,-12,-9,-13,-11,-14,-9,-11,-9,-14,-11,-15,-12,-15,-10,-12,-14,-11,-12,-14,-9,-10,-6,-18,-9,-14,-10,-18,-5,-18,-14,-18,-9,-13,-11,-16,-14,-17,-12,-20,-11,-16,-13,-16,-11,-18,-13,0,0,0,0,0,0,-15,18,-16,22,-10,15,-15,17,-18,22,-14,14,-20,19,-14,14,-19,18,-12,14,-11,14,-12,20,-16,17,-13,21,-11,15,-12,16,-12,18,-15,17,-12,15,-17,18,-13,16,-16,17,-12,13,-12,14,-12,19,-14,15,-12,21,-11,15,-13,17,-12,17,-15,17,-12,17,-22,15,-16,13,-14,14,-13,9,-15,15,-17,13,-15,15,-18,12,-18,13,-15,7,-20,9,-20,9,-18,7,-19,2,-16,1,-16,3,-11,1,-15,3,-14,1,-14,3,-14,-1,-14,-1,-11,-3,-11,-3,-10,-3,0,0,0,0,0,0,0,0,0,0]"""
1782116242523,2026-06-22T17:17:22.523,safe,transition,yja,stand_to_sit,t007,"CSI_DATA,1076036,1a:00:00:00:00:00,-63,11,-99,18,48,11,-1040625212,47,2,256,0,""[0,0,0,0,0,0,0,0,0,0,0,0,-7,-3,-6,-3,-10,-6,-8,-4,-8,-9,-7,-6,-7,-6,-9,-9,-8,-8,-10,-11,-7,-11,-7,-9,-7,-11,-7,-13,-4,-12,-6,-17,-4,-13,-2,-15,-4,-13,-6,-13,-6,-15,-4,-17,-4,-17,-1,-16,-3,-16,-3,-15,-2,-16,-1,-14,-1,-19,-1,-15,1,-17,-2,-12,-3,-15,-3,-16,-6,-15,-4,-15,-4,-17,0,-16,-6,-17,-5,-18,-4,-15,-2,-19,0,-17,-4,-18,-4,-12,-7,-17,-6,-16,-10,-17,-9,-19,-10,-20,-5,-17,-6,-21,-6,-19,-9,-22,-5,-23,-9,-19,-7,-23,0,0,0,0,0,0,-22,4,-27,6,-19,6,-23,3,-26,6,-21,1,-26,4,-20,5,-27,4,-17,5,-19,6,-20,7,-22,6,-23,11,-20,4,-19,7,-20,9,-22,6,-19,6,-23,6,-18,6,-23,5,-15,7,-18,8,-21,9,-20,9,-22,10,-20,5,-19,9,-20,9,-21,6,-18,6,-25,6,-19,3,-22,3,-17,4,-21,5,-21,6,-20,6,-23,3,-21,3,-19,-1,-20,1,-22,0,-18,-1,-19,-4,-14,-5,-17,-4,-11,-2,-15,-3,-14,-4,-14,-3,-12,-5,-14,-5,-9,-7,-9,-7,-8,-7,0,0,0,0,0,0,0,0,0,0]"""
1782116242534,2026-06-22T17:17:22.534,safe,transition,yja,stand_to_sit,t007,"CSI_DATA,1076037,1a:00:00:00:00:00,-64,11,-99,17,48,11,-1040612546,47,2,256,0,""[0,0,0,0,0,0,0,0,0,0,0,0,5,-8,5,-6,9,-8,6,-6,9,-8,7,-5,8,-7,10,-6,10,-5,13,-5,12,-3,13,-1,13,-2,14,-1,11,0,19,-1,13,-1,17,0,13,3,14,0,17,2,16,3,19,3,15,5,15,6,15,5,16,6,13,3,18,7,13,5,16,3,11,5,15,3,15,6,15,5,17,3,17,6,14,5,16,8,18,8,15,4,19,6,14,6,19,4,12,3,19,4,18,6,20,1,20,7,20,7,17,8,20,8,18,6,24,7,20,9,17,9,23,8,0,0,0,0,0,0,9,-17,11,-26,10,-15,8,-22,13,-26,9,-17,13,-24,9,-17,13,-22,10,-17,8,-17,11,-20,11,-18,14,-22,11,-18,12,-17,13,-18,13,-17,10,-16,13,-22,7,-16,11,-20,10,-14,9,-17,12,-18,11,-18,13,-20,13,-15,14,-15,14,-17,14,-17,10,-15,18,-20,13,-13,15,-17,12,-10,15,-16,17,-11,16,-13,18,-14,20,-11,17,-8,18,-6,20,-6,16,-6,19,-6,15,-3,17,-5,11,-1,15,-3,15,0,15,0,14,0,13,2,11,4,10,5,10,5,0,0,0,0,0,0,0,0,0,0]"""
1782116242544,2026-06-22T17:17:22.544,safe,transition,yja,stand_to_sit,t007,"CSI_DATA,1076038,1a:00:00:00:00:00,-63,11,-99,20,47,11,-1040603620,47,2,256,0,""[0,0,0,0,0,0,0,0,0,0,0,0,5,6,5,7,2,9,3,9,2,11,2,11,2,12,2,13,0,11,0,13,0,16,-1,13,-1,13,-1,13,-2,12,-3,16,-4,16,-3,15,-7,16,-7,14,-7,13,-7,13,-7,16,-8,16,-9,14,-7,14,-6,12,-7,11,-10,14,-9,12,-7,14,-10,15,-10,16,-9,14,-8,12,-7,12,-7,14,-8,16,-9,14,-7,12,-5,14,-8,16,-6,15,-6,16,-9,18,-7,20,-6,18,-6,19,-6,16,-9,20,-9,22,-7,19,-7,20,-9,24,-9,20,-10,18,-9,22,0,0,0,0,0,0,20,8,20,9,24,11,24,9,20,10,22,9,22,12,21,11,20,11,22,11,22,11,20,9,16,9,20,11,22,11,19,9,19,10,17,10,16,7,20,9,18,7,20,7,20,10,21,11,20,8,17,8,20,9,22,9,18,11,19,9,18,9,18,7,19,11,18,10,19,9,19,13,21,12,17,12,17,12,14,12,16,14,16,15,12,16,11,13,10,12,11,14,9,14,9,14,7,15,7,15,5,14,4,14,3,12,2,13,0,14,0,11,0,11,0,0,0,0,0,0,0,0,0,0]"""
1782116242556,2026-06-22T17:17:22.556,safe,transition,yja,stand_to_sit,t007,"CSI_DATA,1076039,1a:00:00:00:00:00,-63,11,-99,16,48,11,-1040591807,47,2,256,0,""[0,0,0,0,0,0,0,0,0,0,0,0,7,5,9,6,5,4,8,7,7,5,9,9,9,10,5,9,9,9,5,10,10,10,10,10,9,11,10,9,9,13,9,9,12,12,9,11,9,14,7,14,4,11,9,13,8,13,11,12,11,12,11,11,11,9,11,12,11,7,13,9,11,9,14,12,10,11,12,9,11,11,13,9,12,7,16,3,15,5,13,3,16,7,15,0,20,0,18,2,24,1,18,3,19,1,20,4,18,0,20,-1,21,-6,19,-8,22,-5,20,-5,20,-12,22,-7,22,-5,0,0,0,0,0,0,-9,-22,-8,-18,-14,-22,-9,-22,-10,-15,-13,-21,-12,-16,-17,-20,-13,-14,-16,-21,-13,-19,-11,-20,-14,-16,-12,-15,-19,-12,-18,-12,-16,-10,-16,-11,-18,-14,-17,-5,-22,-7,-19,-8,-22,-10,-19,-9,-16,-11,-18,-9,-17,-6,-22,-3,-20,-2,-20,-1,-18,-3,-23,-6,-16,1,-23,0,-20,-1,-27,-3,-20,-8,-21,-5,-22,-8,-20,-4,-20,-3,-22,1,-19,0,-16,0,-18,-5,-16,0,-20,0,-16,-3,-20,-5,-12,-6,-14,-5,-11,-7,-11,-5,-11,-5,-14,-4,-11,-3,-10,-4,0,0,0,0,0,0,0,0,0,0]"""
1782116242566,2026-06-22T17:17:22.566,safe,transition,yja,stand_to_sit,t007,"CSI_DATA,1076040,1a:00:00:00:00:00,-63,11,-99,17,48,11,-1040581620,47,2,256,0,""[0,0,0,0,0,0,0,0,0,0,0,0,-1,6,-1,10,0,8,-3,11,-2,8,-4,13,-5,10,-4,9,-6,10,-6,8,-6,11,-6,11,-7,13,-7,11,-10,13,-9,8,-13,11,-8,8,-14,13,-14,11,-11,11,-13,8,-10,7,-13,11,-13,10,-11,10,-11,6,-15,9,-11,6,-15,10,-11,6,-18,11,-15,8,-13,8,-15,8,-12,6,-10,8,-11,11,-12,11,-11,10,-13,10,-9,8,-14,12,-13,10,-17,15,-14,10,-13,13,-15,11,-13,12,-12,14,-15,18,-13,15,-16,16,-14,13,-15,17,-18,19,-16,17,0,0,0,0,0,0,17,18,13,13,21,21,13,18,10,11,17,20,13,15,18,20,13,13,17,22,15,18,13,15,13,15,12,14,17,17,16,15,16,14,14,13,16,17,11,12,17,16,12,12,20,19,16,17,15,13,13,15,13,12,19,15,18,13,15,13,13,13,16,17,11,12,17,19,13,15,17,22,11,19,13,17,11,18,8,17,10,15,12,17,10,18,8,15,7,18,5,13,6,19,3,15,3,20,0,15,1,14,0,13,-1,13,0,11,0,14,-1,10,-3,10,0,0,0,0,0,0,0,0,0,0]"""
1782116242577,2026-06-22T17:17:22.577,safe,transition,yja,stand_to_sit,t007,"CSI_DATA,1076041,1a:00:00:00:00:00,-63,11,-99,17,47,11,-1040570620,47,2,256,0,""[0,0,0,0,0,0,0,0,0,0,0,0,-26,0,-14,26,2,-3,-7,17,-6,19,-17,-2,8,2,-7,-2,-6,-13,-5,19,-15,-1,-7,4,-16,1,-10,-4,-21,2,-12,-5,-12,0,-12,-2,-19,-4,-11,-11,-14,-6,-14,-9,-14,-4,-14,-5,-15,-5,-14,-7,-14,-8,-14,-8,-12,-6,-14,-7,-14,-6,-16,-6,-15,-9,-14,-5,-14,-7,-12,-7,-15,-5,-17,-4,-16,-3,-14,-2,-15,-4,-16,-5,-18,-4,-17,-3,-21,-6,-19,-6,-18,-6,-18,-5,-16,-3,-19,-4,-22,-1,-20,-3,-21,-4,-21,-6,-23,-2,-23,-4,-22,-4,0,0,0,0,0,0,-4,23,-2,21,-5,26,-7,23,-4,19,-5,24,-6,21,-4,23,-4,22,-7,25,-7,24,-5,21,-6,19,-4,21,-4,24,-3,21,-2,21,-2,20,-3,20,-3,20,-2,22,-2,21,-3,22,-4,23,-2,21,-3,19,-2,19,0,24,-1,23,-2,22,-2,21,-4,21,-4,21,-3,21,-4,21,-6,24,-8,21,-7,20,-7,20,-9,16,-7,19,-8,20,-9,18,-8,16,-7,14,-10,14,-11,13,-10,14,-13,14,-12,11,-10,9,-13,8,-10,7,-10,6,-12,7,-10,4,-10,3,0,0,0,0,0,0,0,0,0,0]"""
1782116242588,2026-06-22T17:17:22.588,safe,transition,yja,stand_to_sit,t007,"CSI_DATA,1076042,1a:00:00:00:00:00,-63,11,-99,17,48,11,-1040559564,47,2,256,0,""[0,0,0,0,0,0,0,0,0,0,0,0,5,-6,6,-6,6,-5,7,-7,8,-6,12,-6,11,-4,11,-4,11,-3,10,-4,13,-6,12,-4,13,-5,13,-5,15,-3,13,0,16,0,14,-1,18,-1,18,1,17,1,15,1,15,2,17,0,17,0,15,0,14,1,15,1,14,1,17,1,15,2,19,2,17,3,16,1,15,1,13,3,15,0,18,-1,15,-1,15,0,17,0,15,-1,18,-1,18,-3,22,-1,19,0,19,-1,18,-1,18,-2,19,-4,22,-7,18,-5,21,-3,22,-3,23,-5,24,-5,23,-3,0,0,0,0,0,0,-3,-24,-4,-22,-5,-27,-1,-23,-2,-19,-5,-24,-4,-22,-3,-25,-4,-22,-2,-27,0,-23,-1,-22,-1,-19,-5,-20,-6,-23,-7,-20,-6,-19,-5,-18,-6,-20,-4,-20,-6,-20,-6,-18,-5,-23,-5,-22,-5,-19,-4,-18,-5,-18,-10,-21,-8,-19,-8,-20,-6,-20,-6,-20,-5,-19,-7,-22,-5,-18,-5,-25,-3,-24,-1,-21,-1,-22,0,-19,0,-20,-2,-22,-1,-20,0,-18,0,-18,1,-17,2,-18,3,-16,6,-18,7,-16,5,-13,6,-12,6,-10,6,-10,7,-13,5,-10,6,-8,0,0,0,0,0,0,0,0,0,0]"""
1782116242600,2026-06-22T17:17:22.600,safe,transition,yja,stand_to_sit,t007,"CSI_DATA,1076043,1a:00:00:00:00:00,-63,11,-99,16,48,11,-1040548620,47,2,256,0,""[0,0,0,0,0,0,0,0,0,0,0,0,-7,-1,-9,-3,-6,-2,-10,-5,-6,-3,-12,-7,-9,-9,-7,-7,-9,-8,-5,-8,-9,-10,-9,-11,-8,-11,-8,-10,-7,-14,-5,-9,-9,-15,-6,-11,-7,-18,-6,-16,-5,-12,-5,-15,-3,-12,-5,-16,-5,-14,-5,-14,-5,-13,-5,-16,-3,-10,-5,-16,-4,-13,-5,-20,-3,-17,-3,-16,-1,-15,-4,-15,-5,-11,-10,-15,-9,-12,-6,-12,-6,-16,-9,-11,-12,-15,-8,-14,-12,-20,-7,-17,-12,-15,-8,-16,-9,-14,-9,-14,-15,-17,-14,-14,-15,-18,-11,-16,-15,-16,-15,-22,-12,-19,0,0,0,0,0,0,-19,13,-14,9,-25,16,-19,13,-13,9,-23,16,-13,10,-23,16,-14,11,-24,16,-22,14,-18,11,-17,12,-15,9,-18,14,-16,14,-16,14,-14,12,-19,13,-11,12,-16,16,-13,12,-21,18,-18,14,-16,11,-15,12,-13,11,-14,16,-15,16,-14,16,-14,13,-20,15,-11,12,-18,16,-14,13,-23,17,-20,11,-17,11,-19,8,-16,9,-14,8,-17,12,-16,10,-15,7,-19,5,-12,7,-18,8,-14,3,-23,3,-16,0,-14,0,-14,-1,-12,0,-11,-1,-13,0,-11,-1,-11,-2,0,0,0,0,0,0,0,0,0,0]"""
1782116242610,2026-06-22T17:17:22.610,safe,transition,yja,stand_to_sit,t007,"CSI_DATA,1076044,1a:00:00:00:00:00,-63,11,-99,18,48,11,-1040537022,47,2,256,0,""[0,0,0,0,0,0,0,0,0,0,0,0,4,7,4,7,4,9,5,9,4,9,3,11,4,12,3,12,2,11,2,12,1,15,0,13,1,13,1,13,1,13,-1,15,-2,15,0,17,-1,15,-1,19,0,18,-2,14,-2,17,-2,16,-3,15,-3,17,-3,14,-2,14,-3,16,-3,14,-1,15,0,15,0,17,-1,17,0,18,-1,15,-1,17,0,20,0,17,1,16,1,15,2,19,2,17,4,17,3,18,3,22,4,19,3,19,5,18,6,20,5,21,4,18,6,18,7,25,6,22,5,20,8,22,0,0,0,0,0,0,19,-8,21,-9,22,-8,22,-8,21,-7,20,-8,23,-10,20,-7,22,-11,22,-9,23,-11,20,-10,19,-7,20,-9,22,-11,19,-10,19,-11,17,-10,14,-11,20,-12,18,-11,18,-14,18,-14,20,-13,16,-14,16,-10,17,-14,19,-14,15,-13,17,-13,16,-11,14,-12,19,-13,15,-12,18,-14,19,-13,20,-14,17,-11,18,-12,17,-8,18,-10,20,-10,19,-7,16,-6,14,-6,17,-6,17,-4,15,-6,17,-3,17,-4,15,-3,13,-1,12,0,14,0,14,1,11,1,11,1,0,0,0,0,0,0,0,0,0,0]"""
1782116242624,2026-06-22T17:17:22.624,safe,transition,yja,stand_to_sit,t007,"CSI_DATA,1076045,1a:00:00:00:00:00,-63,11,-99,14,47,11,-1040524146,47,2,256,0,""[0,0,0,0,0,0,0,0,0,0,0,0,6,3,9,6,6,4,9,7,6,3,10,10,10,11,6,9,8,10,5,7,9,10,10,10,9,10,9,10,11,13,7,9,11,13,8,10,12,15,11,16,10,13,8,11,6,10,11,13,11,13,10,12,9,11,10,13,9,7,14,11,9,10,16,13,11,12,13,10,12,10,12,8,12,8,15,6,16,5,13,5,16,7,13,3,20,3,15,2,26,3,19,5,21,1,20,3,18,1,17,0,23,-3,20,-2,24,-2,20,-1,21,-6,27,-6,21,-3,0,0,0,0,0,0,-6,-24,-6,-17,-10,-28,-6,-23,-5,-16,-9,-25,-10,-15,-13,-23,-8,-16,-13,-27,-11,-23,-8,-20,-10,-19,-9,-15,-14,-19,-14,-16,-15,-15,-14,-13,-16,-18,-13,-9,-19,-13,-14,-11,-23,-16,-17,-13,-16,-10,-18,-11,-12,-8,-20,-8,-18,-8,-19,-8,-16,-8,-22,-13,-15,-3,-23,-6,-18,-6,-28,-11,-19,-11,-20,-7,-20,-12,-16,-9,-16,-6,-21,-6,-18,-6,-15,-6,-16,-9,-16,-4,-18,-6,-11,-7,-20,-13,-11,-9,-13,-9,-10,-10,-10,-6,-8,-8,-11,-10,-8,-7,-10,-7,0,0,0,0,0,0,0,0,0,0]"""
1782116242633,2026-06-22T17:17:22.633,safe,transition,yja,stand_to_sit,t007,"CSI_DATA,1076046,1a:00:00:00:00:00,-64,11,-99,17,48,11,-1040515620,47,2,256,0,""[0,0,0,0,0,0,0,0,0,0,0,0,-8,0,-7,1,-10,0,-8,1,-11,0,-10,-1,-11,0,-13,0,-11,-1,-15,0,-12,-1,-12,-3,-13,-1,-14,-3,-11,0,-18,-3,-13,-2,-17,-3,-12,0,-16,-2,-18,0,-13,-1,-18,-3,-20,-2,-14,-2,-16,-3,-17,-2,-13,0,-19,-1,-13,0,-17,0,-12,1,-17,3,-16,3,-15,5,-14,3,-17,4,-16,4,-16,5,-15,8,-11,7,-18,8,-13,6,-13,12,-11,8,-14,14,-15,13,-11,15,-13,16,-14,16,-12,16,-13,13,-11,16,-14,20,-13,18,-10,15,-11,20,0,0,0,0,0,0,20,8,25,8,18,6,22,5,27,9,18,5,28,6,18,3,25,3,20,3,20,1,25,0,21,0,25,-1,22,1,20,0,22,-1,22,-2,17,-3,25,-4,17,-5,22,-6,17,-6,20,-8,20,-10,18,-9,22,-10,21,-8,20,-10,20,-10,20,-11,13,-10,22,-12,16,-9,18,-12,14,-9,17,-15,18,-13,15,-14,16,-12,18,-12,17,-10,18,-9,18,-10,12,-10,18,-9,13,-6,15,-10,11,-6,15,-9,11,-6,13,-7,13,-6,13,-6,12,-2,10,-1,11,-1,0,0,0,0,0,0,0,0,0,0]"""
1782116242643,2026-06-22T17:17:22.643,safe,transition,yja,stand_to_sit,t007,"CSI_DATA,1076047,1a:00:00:00:00:00,-63,11,-99,21,47,11,-1040504620,47,2,256,0,""[0,0,0,0,0,0,0,0,0,0,0,0,-1,8,-1,11,-1,7,-1,11,-2,8,-2,11,-3,11,-4,11,-1,14,-3,10,-5,13,-3,15,-5,12,-5,13,-6,16,-3,11,-5,18,-7,13,-7,17,-3,15,-4,12,-4,17,-5,13,-6,14,-5,15,-5,16,-5,15,-6,18,-1,13,-3,17,-3,14,0,18,0,15,1,15,0,15,2,18,1,13,2,16,5,15,3,15,3,19,6,12,9,18,4,15,11,20,7,15,11,15,11,16,11,15,12,11,13,15,16,14,18,17,16,11,17,13,22,15,17,15,0,0,0,0,0,0,15,-22,10,-17,13,-23,11,-19,8,-17,12,-23,7,-17,9,-24,10,-17,8,-25,5,-22,6,-20,2,-25,3,-18,4,-22,1,-23,1,-22,1,-20,0,-25,-3,-16,-3,-23,0,-18,-4,-24,-5,-20,-3,-20,-9,-20,-6,-18,-5,-20,-8,-20,-9,-20,-8,-19,-9,-26,-10,-14,-11,-20,-6,-18,-12,-22,-8,-18,-11,-18,-10,-18,-11,-18,-8,-15,-9,-18,-11,-17,-8,-16,-6,-20,-8,-13,-8,-17,-3,-15,-7,-18,-5,-13,-5,-15,-4,-13,-5,-13,-3,-10,-2,-12,-4,-11,0,-13,0,0,0,0,0,0,0,0,0,0]"""
1782116242656,2026-06-22T17:17:22.656,safe,transition,yja,stand_to_sit,t007,"CSI_DATA,1076048,1a:00:00:00:00:00,-64,11,-99,21,47,11,-1040491542,47,2,256,0,""[0,0,0,0,0,0,0,0,0,0,0,0,8,-1,8,0,9,0,10,1,10,0,11,2,11,2,11,0,11,3,12,2,14,1,13,1,13,1,13,3,13,3,13,4,14,3,14,4,17,6,15,6,13,4,14,6,15,5,17,3,16,3,15,3,15,3,14,3,15,4,16,2,15,1,18,3,16,2,16,2,17,1,13,1,14,-1,16,-3,16,-2,17,-5,17,-4,15,-4,17,-4,18,-7,17,-8,17,-9,17,-8,16,-8,17,-10,17,-11,18,-15,13,-12,15,-13,18,-15,16,-15,17,-15,18,-15,0,0,0,0,0,0,-18,-16,-19,-13,-22,-16,-17,-14,-18,-12,-20,-11,-20,-14,-20,-13,-20,-11,-20,-11,-21,-12,-20,-9,-18,-9,-20,-8,-23,-5,-20,-3,-22,-3,-20,-3,-19,-3,-20,-3,-22,-3,-21,-1,-25,-1,-23,-4,-21,0,-20,-1,-20,1,-23,4,-20,3,-21,5,-20,4,-19,4,-22,2,-22,3,-21,5,-24,3,-23,2,-22,3,-21,2,-18,1,-20,3,-21,5,-20,3,-17,3,-15,1,-17,2,-17,1,-17,1,-17,0,-17,0,-15,0,-13,-1,-12,-2,-13,-1,-14,-1,-10,-1,-10,-2,0,0,0,0,0,0,0,0,0,0]"""
1782116242666,2026-06-22T17:17:22.666,safe,transition,yja,stand_to_sit,t007,"CSI_DATA,1076049,1a:00:00:00:00:00,-64,11,-99,17,48,11,-1040482620,47,2,256,0,""[0,0,0,0,0,0,0,0,0,0,0,0,-8,-3,-6,-3,-10,-6,-8,-5,-8,-7,-7,-5,-8,-5,-9,-7,-10,-7,-11,-8,-8,-8,-10,-8,-10,-9,-8,-12,-7,-11,-9,-14,-5,-10,-6,-15,-7,-11,-8,-13,-10,-15,-7,-13,-11,-14,-6,-13,-7,-13,-8,-12,-6,-15,-6,-13,-6,-17,-5,-13,-5,-14,-5,-10,-8,-12,-10,-13,-10,-12,-10,-13,-10,-13,-8,-12,-12,-13,-12,-14,-11,-11,-11,-15,-9,-13,-12,-14,-9,-8,-13,-11,-14,-10,-17,-8,-17,-14,-18,-11,-14,-13,-17,-13,-17,-10,-19,-13,-17,-13,-17,-11,-19,-12,0,0,0,0,0,0,-15,18,-16,22,-11,14,-16,17,-15,22,-14,14,-17,20,-11,18,-16,20,-8,17,-10,17,-10,21,-10,21,-8,24,-10,17,-7,20,-6,20,-10,20,-8,19,-8,22,-7,17,-11,19,-5,16,-6,18,-5,21,-6,22,-3,24,-6,20,-4,22,-3,22,-5,22,-5,19,-10,24,-7,18,-8,20,-4,16,-6,20,-6,21,-5,20,-7,21,-8,21,-8,17,-8,18,-11,18,-9,15,-12,15,-11,10,-11,12,-7,8,-10,11,-10,10,-8,12,-10,10,-10,10,-11,6,-9,7,-8,5,0,0,0,0,0,0,0,0,0,0]"""
1782116242676,2026-06-22T17:17:22.676,safe,transition,yja,stand_to_sit,t007,"CSI_DATA,1076050,1a:00:00:00:00:00,-63,11,-99,21,47,11,-1040471539,47,2,256,0,""[0,0,0,0,0,0,0,0,0,0,0,0,-8,0,-10,-2,-8,-1,-11,-3,-9,-1,-11,-5,-10,-6,-10,-5,-8,-6,-9,-5,-13,-7,-13,-7,-11,-7,-10,-6,-13,-9,-9,-9,-11,-11,-10,-8,-12,-13,-13,-12,-10,-10,-9,-11,-8,-11,-12,-10,-12,-12,-11,-12,-10,-10,-10,-14,-8,-10,-11,-10,-11,-11,-13,-13,-10,-14,-10,-11,-12,-11,-8,-10,-11,-8,-15,-10,-13,-8,-13,-7,-13,-9,-14,-8,-18,-9,-15,-6,-21,-10,-17,-10,-18,-8,-17,-10,-14,-8,-17,-6,-22,-4,-19,-5,-20,-8,-22,-8,-23,-5,-23,-7,-22,-7,0,0,0,0,0,0,-6,22,-4,21,-6,27,-8,22,-5,18,-7,26,-5,20,-5,25,-3,20,-6,28,-7,24,-4,21,-5,19,-3,19,-1,24,0,23,1,21,0,20,0,21,-1,19,0,23,1,19,1,25,0,23,1,21,-1,20,1,18,4,23,4,21,4,22,2,19,1,22,1,18,3,23,1,19,1,27,-1,23,0,22,0,21,-3,18,-1,19,0,22,0,20,-1,17,-2,19,-3,15,-5,20,-3,15,-6,19,-6,14,-6,13,-7,11,-7,10,-6,10,-6,13,-6,8,-6,9,0,0,0,0,0,0,0,0,0,0]"""
1782116242687,2026-06-22T17:17:22.687,safe,transition,yja,stand_to_sit,t007,"CSI_DATA,1076051,1a:00:00:00:00:00,-63,11,-99,17,48,11,-1040460620,47,2,256,0,""[0,0,0,0,0,0,0,0,0,0,0,0,-8,-2,-8,-3,-9,-3,-9,-4,-10,-5,-9,-6,-8,-6,-7,-8,-10,-8,-8,-9,-8,-10,-8,-11,-8,-10,-8,-11,-8,-12,-11,-12,-10,-11,-8,-13,-7,-11,-9,-12,-6,-12,-10,-15,-6,-15,-6,-13,-6,-14,-6,-14,-6,-15,-6,-13,-9,-14,-10,-11,-6,-15,-7,-13,-9,-14,-9,-15,-9,-13,-8,-10,-11,-13,-9,-14,-7,-13,-12,-14,-8,-10,-17,-14,-13,-10,-11,-15,-10,-17,-11,-13,-9,-11,-16,-14,-22,-12,-15,-18,-13,-11,-17,-8,-20,-17,-20,-13,-26,-11,-18,-11,-20,-13,0,0,0,0,0,0,-12,21,-12,23,-7,18,-11,22,-11,24,-10,20,-8,22,-7,22,-8,20,-9,19,-8,20,-11,19,-7,23,-9,21,-8,20,-10,20,-6,20,-6,21,-6,21,-3,22,-1,20,-3,20,-3,18,-2,20,-6,20,-1,22,-5,22,-1,20,-3,22,-3,20,-3,22,-5,22,0,23,0,21,-2,22,-1,20,-3,20,-4,20,-5,21,-5,22,-6,20,-7,19,-6,18,-6,18,-8,17,-6,17,-6,16,-7,15,-8,13,-7,11,-9,12,-10,10,-8,11,-9,8,-9,9,-8,6,-10,6,0,0,0,0,0,0,0,0,0,0]"""
1782116242697,2026-06-22T17:17:22.697,safe,transition,yja,stand_to_sit,t007,"CSI_DATA,1076052,1a:00:00:00:00:00,-63,11,-99,17,48,11,-1040449563,47,2,256,0,""[0,0,0,0,0,0,0,0,0,0,0,0,8,3,8,3,9,4,8,4,10,5,10,8,10,8,9,7,7,8,8,8,10,10,9,9,10,10,8,10,8,10,7,13,8,12,9,12,10,15,8,17,8,15,6,13,6,15,9,15,7,13,7,13,7,13,6,11,7,13,8,12,8,13,10,14,8,15,9,13,10,11,7,12,10,13,13,13,11,11,11,11,11,10,11,11,13,11,15,10,15,12,15,11,15,11,17,10,14,9,18,9,20,8,16,8,17,10,21,12,22,9,18,9,22,10,0,0,0,0,0,0,8,-21,6,-22,8,-22,10,-21,7,-20,8,-21,7,-22,7,-22,6,-22,8,-22,9,-23,6,-22,7,-18,5,-21,5,-23,3,-21,3,-22,2,-20,2,-18,3,-21,1,-20,0,-21,0,-23,2,-22,0,-21,0,-18,0,-22,-1,-22,-1,-20,-1,-22,0,-20,0,-19,1,-22,-2,-21,0,-22,0,-24,1,-24,1,-22,1,-21,3,-17,2,-20,1,-22,2,-20,2,-17,3,-16,5,-18,3,-15,3,-15,6,-16,6,-15,6,-13,6,-12,7,-10,7,-11,7,-11,6,-8,7,-8,0,0,0,0,0,0,0,0,0,0]"""
1782116242711,2026-06-22T17:17:22.711,safe,transition,yja,stand_to_sit,t007,"CSI_DATA,1076053,1a:00:00:00:00:00,-63,11,-99,15,48,11,-1040436071,47,2,256,0,""[0,0,0,0,0,0,0,0,0,0,0,0,-2,8,-2,7,-4,10,-4,9,-4,10,-6,9,-6,9,-8,11,-7,8,-7,12,-8,12,-7,10,-7,12,-8,10,-7,8,-14,11,-11,9,-14,10,-13,10,-13,8,-12,9,-14,7,-14,11,-12,11,-10,10,-14,12,-13,10,-10,8,-15,10,-12,8,-14,9,-10,8,-14,12,-12,9,-10,8,-12,10,-12,13,-13,12,-9,14,-10,14,-10,12,-16,15,-12,14,-9,13,-8,13,-12,18,-12,15,-8,17,-11,16,-8,18,-7,20,-10,18,-9,19,-10,24,-8,21,-6,19,-8,22,0,0,0,0,0,0,20,8,25,10,20,8,23,10,25,8,19,8,24,10,20,6,25,9,22,7,21,9,24,6,20,8,24,2,23,2,20,1,22,1,22,0,16,0,25,4,19,3,22,2,19,0,21,1,23,0,20,2,24,-2,21,-3,21,-4,23,-4,22,-2,19,-2,25,3,20,2,22,1,18,1,24,0,21,3,20,0,20,4,22,2,21,2,20,2,20,2,17,2,20,8,14,6,17,4,12,5,16,7,13,8,14,6,10,8,13,7,10,7,8,8,8,7,0,0,0,0,0,0,0,0,0,0]"""
1782116242721,2026-06-22T17:17:22.721,safe,transition,yja,stand_to_sit,t007,"CSI_DATA,1076054,1a:00:00:00:00:00,-63,11,-99,18,48,11,-1040426538,47,2,256,0,""[0,0,0,0,0,0,0,0,0,0,0,0,7,4,7,3,9,7,7,6,7,7,7,6,7,6,11,8,8,9,11,10,8,8,9,8,8,9,7,12,7,11,10,15,7,11,8,15,6,11,6,10,9,12,9,13,12,14,7,11,8,13,10,12,10,14,10,11,9,17,7,13,9,12,7,9,12,9,11,11,13,8,14,11,15,9,12,7,15,8,15,9,14,6,17,11,15,9,16,6,12,4,19,3,19,6,19,-1,20,3,21,0,19,4,22,3,21,1,23,2,21,3,20,3,22,0,0,0,0,0,0,0,0,-22,-1,-26,-1,-17,-2,-23,-3,-28,-1,-22,-3,-26,-3,-20,-3,-24,-5,-17,-5,-18,-9,-20,-7,-22,-12,-23,-8,-16,-11,-19,-12,-19,-11,-20,-11,-16,-12,-23,-10,-16,-13,-20,-9,-13,-12,-14,-15,-15,-14,-15,-19,-15,-14,-13,-15,-15,-18,-12,-19,-15,-17,-10,-17,-20,-13,-15,-16,-14,-11,-10,-17,-11,-14,-13,-18,-11,-17,-15,-17,-13,-12,-13,-13,-14,-14,-15,-13,-13,-11,-17,-7,-14,-11,-13,-7,-7,-11,-11,-8,-11,-11,-11,-8,-12,-7,-12,-4,-10,-4,-11,-3,-9,0,0,0,0,0,0,0,0,0,0]"""
1782116242732,2026-06-22T17:17:22.732,safe,transition,yja,stand_to_sit,t007,"CSI_DATA,1076055,1a:00:00:00:00:00,-63,11,-99,13,48,11,-1040416611,47,2,256,0,""[0,0,0,0,0,0,0,0,0,0,0,0,-31,14,-8,-12,-2,1,-3,-13,-17,-21,-16,-8,-9,2,-6,21,-12,-10,-5,-2,-14,-24,-7,-8,-9,-10,-8,-21,-12,-8,-7,-7,-7,-16,-13,-13,-13,-14,-8,-13,-6,-11,-9,-13,-4,-13,-8,-14,-7,-14,-6,-14,-6,-13,-7,-15,-7,-11,-7,-14,-7,-13,-9,-17,-4,-16,-6,-13,-6,-16,-4,-13,-6,-12,-9,-13,-7,-12,-5,-11,-4,-15,-10,-10,-10,-13,-10,-19,-10,-21,-6,-17,-10,-15,-5,-19,-8,-15,-12,-19,-15,-20,-12,-15,-9,-16,-10,-20,-12,-19,-11,-21,-9,-23,0,0,0,0,0,0,-23,9,-19,9,-26,10,-21,7,-18,4,-24,8,-19,7,-24,8,-19,7,-24,6,-25,5,-19,2,-21,5,-21,2,-22,5,-21,6,-21,7,-19,5,-22,3,-17,6,-19,7,-19,5,-24,5,-24,3,-21,2,-21,5,-19,2,-22,5,-22,4,-20,4,-18,1,-21,1,-19,4,-21,4,-23,0,-29,0,-22,-3,-21,-1,-22,-6,-19,-4,-19,-4,-21,-2,-18,-6,-16,-4,-15,-9,-16,-4,-16,-7,-15,-9,-16,-13,-10,-10,-10,-9,-7,-12,-7,-9,-7,-11,-8,-10,-4,-9,-4,-9,0,0,0,0,0,0,0,0,0,0]"""
1782116242742,2026-06-22T17:17:22.742,safe,transition,yja,stand_to_sit,t007,"CSI_DATA,1076056,1a:00:00:00:00:00,-63,11,-99,18,48,11,-1040405563,47,2,256,0,""[0,0,0,0,0,0,0,0,0,0,0,0,4,6,4,10,4,6,4,11,3,8,2,11,1,11,-1,11,1,13,-1,10,-1,13,-2,14,-1,14,-2,14,-4,17,-2,12,-4,15,-6,13,-7,15,-7,15,-8,14,-7,15,-9,10,-7,12,-10,14,-9,12,-11,11,-14,14,-5,11,-9,15,-9,11,-11,16,-10,11,-8,13,-12,12,-10,12,-8,10,-8,13,-7,14,-8,12,-12,14,-5,12,-9,17,-11,14,-12,18,-11,12,-10,15,-13,13,-9,17,-11,17,-9,19,-10,19,-14,19,-11,15,-11,19,-13,22,-12,19,0,0,0,0,0,0,20,18,14,13,20,18,16,16,12,13,19,19,14,12,20,19,14,14,17,17,16,17,12,18,17,17,11,15,13,16,15,18,15,15,14,15,15,19,12,10,17,15,12,13,18,17,14,16,12,15,15,15,11,15,14,15,14,17,13,15,12,16,13,22,13,12,15,19,9,17,14,22,7,18,11,19,6,20,7,19,5,17,6,20,6,19,4,17,1,21,4,14,3,19,-1,15,-2,19,-3,12,-3,14,-6,13,-3,12,-5,10,-4,11,-5,10,-7,9,0,0,0,0,0,0,0,0,0,0]"""
1782116242753,2026-06-22T17:17:22.753,safe,transition,yja,stand_to_sit,t007,"CSI_DATA,1076057,1a:00:00:00:00:00,-63,11,-99,15,48,11,-1040393981,47,2,256,0,""[0,0,0,0,0,0,0,0,0,0,0,0,-7,6,-6,4,-9,6,-8,6,-12,4,-8,4,-8,5,-10,7,-10,5,-12,8,-11,5,-12,6,-12,7,-14,5,-13,3,-17,4,-13,3,-17,2,-13,4,-12,3,-15,4,-15,5,-18,6,-15,4,-14,6,-15,6,-16,5,-14,5,-17,6,-14,4,-16,4,-10,8,-14,9,-14,7,-12,10,-14,9,-14,11,-14,9,-12,13,-14,13,-10,12,-16,13,-13,11,-12,14,-8,11,-10,16,-11,15,-7,18,-10,20,-8,20,-8,17,-9,20,-10,20,-8,22,-9,19,-6,21,-5,23,0,0,0,0,0,0,21,8,26,9,20,4,21,8,28,6,20,7,24,6,20,2,25,6,20,2,20,2,24,0,24,0,24,-4,20,0,20,-3,22,-5,22,-3,20,-2,26,-3,19,-3,23,-3,17,-6,18,-8,20,-9,20,-8,22,-12,20,-8,18,-11,20,-12,20,-11,18,-10,24,-9,19,-8,20,-8,14,-8,19,-12,19,-10,17,-13,20,-10,19,-10,18,-6,18,-9,20,-8,18,-7,19,-5,16,-2,16,-4,12,-5,16,-4,13,-3,13,-5,15,-3,12,-4,11,0,12,0,11,0,0,0,0,0,0,0,0,0,0,0]"""
1782116242764,2026-06-22T17:17:22.764,safe,transition,yja,stand_to_sit,t007,"CSI_DATA,1076058,1a:00:00:00:00:00,-63,11,-99,17,48,11,-1040383598,47,2,256,0,""[0,0,0,0,0,0,0,0,0,0,0,0,-4,9,-5,7,-5,10,-4,8,-7,8,-5,8,-6,8,-6,9,-7,9,-8,12,-10,8,-10,8,-9,10,-11,9,-10,8,-13,11,-11,8,-15,7,-9,8,-10,10,-11,11,-13,11,-13,11,-13,7,-12,9,-13,10,-15,9,-13,8,-13,10,-12,8,-15,10,-8,10,-8,12,-8,13,-9,13,-11,14,-10,14,-12,11,-8,15,-10,15,-8,12,-10,17,-8,13,-8,15,-5,13,-5,18,-4,18,-2,20,-3,20,-3,21,-6,19,-5,21,-5,20,-3,23,-6,21,0,20,-2,23,0,0,0,0,0,0,24,4,27,3,18,2,23,3,27,1,20,4,24,1,20,0,25,1,18,-1,19,-1,22,-3,22,-6,23,-5,22,0,22,-3,19,-4,21,-3,20,-4,23,-6,17,-5,22,-5,15,-7,17,-8,20,-9,18,-13,21,-11,20,-6,18,-9,19,-10,22,-10,17,-8,22,-10,18,-8,21,-9,14,-8,17,-11,17,-11,16,-12,19,-11,20,-10,18,-5,17,-7,20,-6,18,-5,19,-6,16,-2,18,-4,13,-3,15,-5,15,-4,13,-5,14,-3,14,-1,11,0,11,1,11,3,0,0,0,0,0,0,0,0,0,0]"""
1782116242775,2026-06-22T17:17:22.775,safe,transition,yja,stand_to_sit,t007,"CSI_DATA,1076059,1a:00:00:00:00:00,-63,11,-99,17,48,11,-1040372336,47,2,256,0,""[0,0,0,0,0,0,0,0,0,0,0,0,1,8,1,8,0,10,0,10,0,10,-1,12,-1,11,0,13,-2,9,-4,11,-4,14,-5,13,-6,12,-6,11,-7,12,-9,12,-9,13,-8,11,-13,12,-9,14,-10,11,-11,9,-12,11,-12,10,-11,10,-11,10,-11,9,-11,11,-13,7,-13,9,-11,9,-15,10,-13,10,-13,10,-11,11,-10,9,-10,9,-12,11,-13,10,-12,10,-13,12,-12,11,-13,12,-11,12,-15,14,-13,17,-13,14,-11,17,-13,13,-12,14,-15,14,-14,13,-14,15,-15,16,-16,15,-17,16,-15,17,0,0,0,0,0,0,15,16,15,16,18,18,17,17,14,15,17,17,14,17,15,18,14,17,17,20,17,17,17,15,11,15,14,15,17,16,15,16,14,16,13,15,15,13,13,16,17,16,15,13,15,17,15,15,17,14,12,15,15,13,17,15,15,15,15,15,13,14,15,14,12,17,13,19,13,15,13,20,13,18,12,18,11,18,9,17,8,17,10,18,6,19,5,17,6,17,3,17,3,19,3,15,1,18,0,16,0,15,0,14,-1,13,-1,11,-2,11,-3,10,-5,10,0,0,0,0,0,0,0,0,0,0]"""
1782116242786,2026-06-22T17:17:22.786,safe,transition,yja,stand_to_sit,t007,"CSI_DATA,1076060,1a:00:00:00:00:00,-63,11,-99,20,47,11,-1040361621,47,2,256,0,""[0,0,0,0,0,0,0,0,0,0,0,0,-9,-3,-7,-2,-9,-3,-8,-3,-9,-5,-9,-7,-9,-7,-11,-8,-7,-8,-10,-7,-9,-9,-9,-9,-9,-10,-9,-11,-7,-10,-5,-17,-5,-14,-5,-15,-5,-14,-6,-15,-7,-16,-3,-14,-6,-16,-5,-15,-6,-13,-5,-16,-2,-14,-3,-12,-1,-20,0,-16,-1,-18,-3,-16,-4,-17,-4,-14,-3,-14,-1,-18,0,-16,-3,-16,-7,-15,-2,-16,-9,-14,1,-21,-1,-18,-1,-16,0,-17,-4,-23,1,-17,-11,-20,-8,-16,-12,-23,-8,-20,0,-18,-6,-17,-8,-22,-1,-15,-7,-16,-9,-18,0,0,0,0,0,0,-23,3,-24,5,-20,5,-24,4,-25,5,-23,3,-24,3,-22,3,-24,3,-24,4,-22,1,-24,5,-21,0,-22,5,-23,5,-20,6,-20,7,-19,5,-17,5,-24,3,-20,3,-22,5,-20,4,-22,3,-22,7,-20,3,-21,7,-22,7,-18,7,-22,7,-20,5,-20,4,-25,0,-22,1,-22,1,-20,0,-24,1,-20,0,-21,0,-20,-3,-22,-2,-22,-2,-20,-2,-18,-3,-17,-3,-18,-8,-15,-9,-15,-6,-12,-8,-14,-9,-11,-9,-11,-7,-9,-9,-9,-8,-9,-10,-6,-9,-6,-9,0,0,0,0,0,0,0,0,0,0]"""
1782116242803,2026-06-22T17:17:22.803,safe,transition,yja,stand_to_sit,t007,"CSI_DATA,1076061,1a:00:00:00:00:00,-63,11,-99,17,48,11,-1040344907,47,2,256,0,""[0,0,0,0,0,0,0,0,0,0,0,0,-3,6,-5,8,-4,6,-6,8,-5,7,-6,9,-8,10,-6,8,-8,10,-9,8,-10,8,-11,8,-10,8,-12,8,-13,11,-9,8,-13,10,-11,8,-14,11,-13,11,-10,9,-15,11,-11,7,-13,9,-13,9,-12,9,-12,7,-13,12,-10,11,-11,12,-11,11,-13,13,-8,11,-11,13,-10,13,-8,13,-8,10,-8,14,-8,15,-9,13,-8,16,-2,15,-4,17,-6,18,-5,20,-5,14,-1,19,-3,18,-1,20,-1,21,-1,22,0,22,0,25,1,21,1,22,1,26,1,24,0,0,0,0,0,0,26,-3,22,-2,27,-5,23,-5,19,-4,25,-5,20,-5,25,-6,20,-6,23,-6,19,-9,19,-7,20,-11,20,-6,20,-8,20,-11,18,-10,18,-8,21,-13,13,-12,15,-14,15,-13,18,-15,14,-16,13,-15,15,-18,12,-13,13,-17,15,-17,12,-15,13,-13,17,-17,11,-16,11,-20,12,-17,16,-22,13,-14,11,-19,14,-17,10,-18,12,-14,12,-15,12,-15,11,-12,13,-12,8,-13,11,-14,13,-10,15,-11,10,-9,10,-10,11,-8,10,-9,10,-7,11,-5,11,-5,11,-5,0,0,0,0,0,0,0,0,0,0]"""
1782116242813,2026-06-22T17:17:22.813,safe,transition,yja,stand_to_sit,t007,"CSI_DATA,1076062,1a:00:00:00:00:00,-64,11,-99,-2,48,11,-1040339621,47,2,256,0,""[0,0,0,0,0,0,0,0,0,0,0,0,-6,-3,-7,-6,-5,-4,-8,-7,-6,-7,-8,-9,-5,-9,-2,-10,-7,-10,-2,-9,-5,-11,-4,-13,-4,-13,-3,-13,-2,-18,-3,-9,-5,-16,-3,-13,-2,-18,1,-18,2,-16,1,-17,2,-13,1,-16,1,-17,1,-15,1,-15,3,-18,0,-13,0,-18,1,-14,2,-20,3,-16,3,-16,4,-16,1,-15,1,-13,-2,-16,1,-16,0,-14,2,-19,-4,-13,-5,-18,0,-17,-1,-22,1,-16,-1,-18,2,-19,0,-18,-1,-19,-4,-21,-6,-20,-4,-23,-3,-18,-4,-20,-2,-27,0,-22,0,0,0,0,0,0,-26,2,-19,0,-30,-1,-22,0,-17,1,-25,0,-18,1,-27,1,-19,0,-26,-1,-22,-1,-19,-6,-21,2,-19,-3,-20,1,-21,1,-21,0,-19,0,-25,-1,-17,4,-23,4,-18,1,-26,1,-22,0,-20,-3,-23,0,-16,-1,-21,2,-21,1,-19,2,-19,1,-25,-1,-17,2,-22,3,-19,-2,-27,-1,-21,-6,-20,-4,-21,-7,-18,-4,-17,-5,-19,-3,-19,-6,-16,-4,-17,-10,-15,-2,-18,-6,-11,-8,-16,-11,-8,-10,-9,-9,-8,-11,-9,-10,-6,-9,-8,-9,-6,-9,-6,-10,0,0,0,0,0,0,0,0,0,0]"""
1782116242824,2026-06-22T17:17:22.824,safe,transition,yja,stand_to_sit,t007,"CSI_DATA,1076063,1a:00:00:00:00:00,-63,11,-99,20,46,11,-1040328621,47,2,256,0,""[0,0,0,0,0,0,0,0,0,0,0,0,5,0,-8,6,12,3,4,-9,-11,0,-7,3,-5,-16,-20,2,-17,-5,0,-13,-8,-37,-8,-10,19,-4,-2,-15,-8,-13,-8,-29,-17,-5,2,-1,4,-5,19,-16,27,-23,21,-16,13,-11,15,-11,16,-13,14,-12,13,-12,16,-15,6,-10,11,-13,10,-10,12,-15,11,-11,10,-10,12,-12,10,-11,8,-11,8,-13,9,-14,8,-13,12,-13,4,-13,8,-17,11,-13,13,-18,10,-12,9,-16,13,-16,8,-17,11,-18,9,-21,9,-19,13,-21,9,-16,10,-21,11,-24,10,-20,0,0,0,0,0,0,-25,-16,-16,-15,-23,-16,-18,-13,-16,-12,-21,-16,-15,-9,-21,-14,-16,-11,-19,-14,-18,-13,-15,-15,-21,-12,-14,-13,-17,-13,-18,-13,-17,-11,-17,-11,-21,-15,-16,-7,-21,-10,-16,-10,-21,-10,-19,-11,-16,-13,-21,-10,-15,-12,-18,-11,-19,-12,-16,-10,-15,-11,-19,-16,-18,-8,-21,-11,-16,-13,-21,-15,-15,-13,-15,-13,-15,-16,-14,-14,-12,-13,-11,-13,-13,-16,-10,-14,-10,-18,-9,-10,-10,-14,-5,-15,-8,-16,-3,-13,-4,-14,-1,-13,-2,-13,0,-12,-1,-11,-1,-10,2,-12,0,0,0,0,0,0,0,0,0,0]"""
1782116242835,2026-06-22T17:17:22.835,safe,transition,yja,stand_to_sit,t007,"CSI_DATA,1076064,1a:00:00:00:00:00,-63,11,-99,21,47,11,-1040316906,47,2,256,0,""[0,0,0,0,0,0,0,0,0,0,0,0,4,-6,6,-8,4,-6,7,-8,6,-6,8,-8,10,-7,8,-5,11,-8,9,-5,12,-5,13,-5,12,-5,15,-5,17,-5,11,-4,15,-5,13,-3,18,-4,16,-4,12,-1,17,-5,14,0,15,0,17,-1,16,0,15,0,18,0,13,-3,18,-3,15,0,18,-4,15,-2,14,-4,16,-3,15,-3,13,-3,14,-4,15,-5,14,-4,18,-5,13,-6,18,-10,15,-6,20,-10,15,-6,18,-9,18,-7,17,-11,17,-10,18,-12,17,-11,20,-13,17,-10,19,-13,22,-15,20,-13,0,0,0,0,0,0,-15,-22,-10,-17,-15,-24,-10,-20,-8,-17,-12,-23,-11,-15,-15,-21,-10,-17,-13,-22,-11,-18,-10,-18,-14,-18,-10,-17,-11,-19,-13,-18,-12,-17,-11,-16,-13,-20,-13,-11,-17,-16,-12,-13,-17,-17,-15,-14,-12,-15,-19,-15,-11,-15,-15,-16,-15,-15,-14,-15,-13,-15,-15,-19,-13,-10,-18,-15,-13,-16,-18,-18,-11,-17,-14,-15,-12,-17,-13,-15,-10,-15,-11,-16,-11,-16,-8,-14,-8,-18,-8,-12,-8,-17,-5,-14,-6,-18,-1,-14,-3,-15,-1,-13,-2,-13,0,-11,0,-12,0,-11,1,-11,0,0,0,0,0,0,0,0,0,0]"""
1782116242845,2026-06-22T17:17:22.845,safe,transition,yja,stand_to_sit,t007,"CSI_DATA,1076065,1a:00:00:00:00:00,-64,11,-99,18,48,11,-1040302752,47,2,256,0,""[0,0,0,0,0,0,0,0,0,0,0,0,3,-8,3,-6,6,-9,4,-7,7,-9,6,-7,6,-7,7,-11,8,-8,9,-12,9,-8,11,-9,10,-9,13,-8,11,-7,16,-8,12,-7,15,-6,11,-6,11,-8,13,-10,14,-7,15,-11,13,-5,13,-7,14,-8,16,-5,13,-6,18,-4,13,-4,17,-6,9,-6,13,-9,12,-10,12,-11,14,-9,14,-11,14,-8,12,-11,15,-13,11,-11,17,-12,14,-10,12,-12,9,-9,11,-15,12,-14,7,-19,12,-18,11,-19,11,-12,12,-17,13,-17,12,-19,14,-17,9,-17,11,-19,0,0,0,0,0,0,-18,-11,-23,-17,-14,-8,-20,-14,-25,-16,-15,-12,-21,-15,-17,-10,-22,-15,-16,-7,-17,-9,-22,-8,-22,-8,-24,-6,-17,-9,-20,-6,-20,-6,-22,-7,-19,-6,-23,-9,-19,-6,-22,-7,-15,-2,-19,-2,-21,-2,-22,-2,-24,-2,-19,-4,-22,-3,-22,-2,-23,-4,-20,-1,-24,-7,-19,-6,-22,-6,-15,-2,-20,-2,-20,-4,-21,0,-23,-5,-20,-6,-17,-8,-19,-6,-19,-9,-16,-7,-17,-11,-12,-9,-15,-7,-9,-4,-13,-7,-12,-8,-13,-6,-11,-9,-11,-8,-6,-9,-7,-9,-4,-8,0,0,0,0,0,0,0,0,0,0]"""
1782116242854,2026-06-22T17:17:22.854,safe,transition,yja,stand_to_sit,t007,"CSI_DATA,1076066,1a:00:00:00:00:00,-63,11,-99,16,48,11,-1040295621,47,2,256,0,""[0,0,0,0,0,0,0,0,0,0,0,0,2,8,3,8,1,8,1,12,2,9,1,14,0,12,0,11,0,11,-3,9,-1,14,-3,12,-4,13,-4,12,-5,16,-3,11,-5,15,-3,13,-9,17,-11,13,-9,12,-8,12,-8,11,-9,14,-9,13,-9,12,-9,11,-9,14,-8,10,-10,16,-6,12,-11,16,-10,14,-9,13,-9,13,-7,12,-7,12,-7,15,-9,14,-7,12,-8,15,-4,14,-5,18,-6,16,-8,23,-7,17,-5,18,-7,18,-7,16,-7,17,-7,22,-5,18,-6,21,-8,22,-6,21,-8,23,-9,22,0,0,0,0,0,0,22,5,19,7,27,9,21,5,17,6,24,7,19,7,25,8,18,5,25,10,24,8,19,6,19,5,17,8,22,7,20,7,20,7,20,6,22,5,17,4,22,3,18,2,26,7,22,6,19,5,20,5,17,5,22,3,20,5,20,5,18,5,22,5,18,5,23,5,19,4,25,8,21,9,20,7,18,10,16,8,16,7,20,9,16,11,13,10,16,11,12,7,16,11,12,9,14,16,10,12,9,11,7,12,6,11,4,11,6,12,3,11,4,9,0,0,0,0,0,0,0,0,0,0]"""
1782116242864,2026-06-22T17:17:22.864,safe,transition,yja,stand_to_sit,t007,"CSI_DATA,1076067,1a:00:00:00:00:00,-64,11,-99,17,48,11,-1040283374,47,2,256,0,""[0,0,0,0,0,0,0,0,0,0,0,0,4,7,4,8,3,7,5,10,5,10,3,11,1,13,2,9,2,11,0,12,2,14,1,14,1,15,1,14,0,16,0,11,0,15,0,15,-2,18,-3,17,-3,14,0,16,-4,13,-1,18,-1,17,-1,15,-1,13,-1,17,0,13,0,17,0,16,0,19,-1,18,0,17,-1,17,0,15,1,13,4,16,3,15,2,14,1,17,6,12,7,15,5,19,8,20,3,17,8,17,3,20,6,16,9,20,12,19,11,15,11,18,10,18,14,17,13,20,13,22,0,0,0,0,0,0,22,-12,17,-11,24,-15,20,-13,16,-10,19,-15,15,-14,20,-17,15,-14,20,-15,20,-14,16,-11,15,-13,18,-12,16,-17,14,-16,13,-17,12,-15,15,-15,8,-14,11,-18,11,-17,15,-21,15,-19,12,-16,12,-17,10,-14,10,-20,10,-19,8,-18,10,-15,13,-17,7,-17,7,-20,9,-20,13,-24,15,-17,11,-18,14,-15,12,-14,11,-16,10,-19,11,-16,9,-13,12,-13,8,-13,10,-14,12,-13,15,-13,13,-7,11,-9,13,-6,10,-6,11,-5,11,-6,10,-5,10,-3,0,0,0,0,0,0,0,0,0,0]"""
1782116242874,2026-06-22T17:17:22.874,safe,transition,yja,stand_to_sit,t007,"CSI_DATA,1076068,1a:00:00:00:00:00,-63,11,-99,18,48,11,-1040273042,47,2,256,0,""[0,0,0,0,0,0,0,0,0,0,0,0,-3,8,-3,6,-4,10,-4,8,-4,10,-6,9,-6,10,-7,11,-6,9,-8,10,-7,12,-8,10,-8,11,-7,9,-6,9,-12,11,-9,11,-9,13,-11,13,-9,12,-8,12,-8,12,-11,13,-11,15,-9,12,-9,12,-9,12,-6,12,-8,15,-7,14,-6,16,-6,15,-5,16,-5,15,-3,16,-4,14,-3,17,-2,17,-2,17,0,15,1,14,1,18,1,16,5,19,2,19,6,19,5,19,7,18,7,16,9,20,9,19,7,16,9,16,12,22,12,18,12,16,15,19,0,0,0,0,0,0,15,-16,16,-18,17,-18,13,-17,15,-19,12,-18,14,-22,12,-18,10,-21,11,-18,11,-22,7,-21,9,-18,9,-22,7,-23,6,-21,5,-20,3,-19,0,-17,3,-25,1,-20,-1,-22,0,-19,-3,-23,-4,-22,-3,-19,-3,-22,-6,-22,-4,-21,-3,-21,-4,-20,-6,-16,-6,-23,-7,-18,-9,-22,-7,-22,-8,-22,-7,-20,-7,-19,-5,-17,-6,-20,-7,-20,-6,-20,-6,-17,-6,-15,-4,-19,-4,-15,-6,-17,-4,-15,-4,-15,-3,-15,-3,-14,-1,-12,-3,-13,-1,-13,0,-9,0,-10,0,0,0,0,0,0,0,0,0,0]"""
1782116242886,2026-06-22T17:17:22.886,safe,transition,yja,stand_to_sit,t007,"CSI_DATA,1076069,1a:00:00:00:00:00,-63,11,-99,19,48,11,-1040261232,47,2,256,0,""[0,0,0,0,0,0,0,0,0,0,0,0,4,7,4,8,4,10,4,9,3,11,2,8,4,8,5,10,4,12,4,13,1,11,1,14,2,13,0,15,1,14,0,16,0,14,-1,17,0,14,0,14,1,16,3,17,1,17,-1,14,0,17,0,15,-2,18,-1,17,0,17,0,16,-1,17,1,13,4,14,5,15,6,15,6,17,5,17,1,14,5,15,6,18,7,16,5,17,5,16,8,17,7,13,10,13,11,13,14,12,16,15,16,16,11,15,13,19,14,17,14,15,12,18,17,14,18,16,0,0,0,0,0,0,16,-18,20,-19,13,-15,17,-17,16,-20,17,-14,17,-16,13,-16,18,-17,11,-14,9,-16,8,-20,9,-23,10,-22,11,-16,11,-19,9,-18,12,-20,8,-20,9,-21,7,-19,10,-19,5,-17,2,-19,2,-20,2,-24,4,-23,7,-19,3,-22,4,-22,7,-23,4,-22,4,-23,5,-21,6,-22,2,-17,0,-19,0,-20,0,-22,2,-23,4,-22,7,-16,6,-19,8,-20,7,-18,8,-16,9,-14,7,-17,6,-11,5,-12,5,-13,4,-13,7,-14,7,-11,8,-7,9,-7,8,-8,0,0,0,0,0,0,0,0,0,0]"""
1782116242896,2026-06-22T17:17:22.896,safe,transition,yja,stand_to_sit,t007,"CSI_DATA,1076070,1a:00:00:00:00:00,-63,11,-99,16,48,11,-1040251621,47,2,256,0,""[0,0,0,0,0,0,0,0,0,0,0,0,7,4,7,3,7,6,7,5,9,7,7,7,8,6,9,7,8,8,9,11,9,9,7,9,8,11,9,11,8,8,12,12,11,11,12,12,8,12,11,10,11,11,9,12,12,12,10,12,9,12,11,12,11,11,11,7,12,12,11,9,14,9,11,8,14,8,14,8,14,6,13,6,16,5,15,5,16,7,15,5,14,1,19,2,16,1,19,0,16,1,21,-2,18,0,19,-3,18,-1,20,-1,20,-2,20,-3,19,-6,24,-7,22,-5,20,-6,20,-10,0,0,0,0,0,0,-11,-19,-13,-22,-9,-18,-16,-20,-14,-23,-12,-15,-16,-22,-12,-16,-18,-18,-14,-16,-17,-15,-18,-14,-14,-14,-17,-16,-17,-14,-15,-13,-16,-14,-19,-12,-15,-7,-21,-11,-16,-7,-22,-5,-19,-6,-21,-7,-22,-5,-19,-4,-22,-5,-22,-3,-20,-6,-22,-4,-22,-2,-18,1,-25,-3,-20,-2,-22,1,-19,-3,-23,0,-22,-2,-21,0,-20,0,-22,-2,-20,-2,-19,-5,-19,-3,-17,0,-19,-1,-14,-2,-18,0,-14,-2,-16,-1,-14,-2,-14,-3,-12,-3,-14,-3,-11,-4,-10,-5,-9,-4,0,0,0,0,0,0,0,0,0,0]"""
1782116242911,2026-06-22T17:17:22.911,safe,transition,yja,stand_to_sit,t007,"CSI_DATA,1076071,1a:00:00:00:00:00,-64,11,-99,21,47,11,-1040236692,47,2,256,0,""[0,0,0,0,0,0,0,0,0,0,0,0,-3,-6,-4,-10,-1,-8,-2,-11,-2,-8,-2,-13,-1,-12,-1,-11,0,-12,0,-11,-2,-15,-1,-13,-1,-14,-1,-13,1,-14,1,-14,1,-18,0,-13,2,-17,2,-16,1,-14,4,-15,3,-15,1,-17,0,-15,0,-16,0,-15,1,-17,1,-13,1,-17,0,-15,1,-19,2,-17,0,-15,0,-15,1,-15,-2,-15,-5,-17,-5,-15,-4,-14,-4,-17,-5,-14,-6,-18,-5,-16,-10,-20,-6,-19,-7,-17,-7,-18,-6,-17,-9,-15,-13,-17,-12,-16,-11,-19,-11,-19,-13,-17,-13,-19,-13,-20,0,0,0,0,0,0,-20,13,-17,13,-20,18,-18,14,-15,14,-19,17,-13,14,-16,17,-13,15,-19,20,-19,18,-15,16,-15,14,-11,15,-12,21,-10,19,-8,18,-8,18,-10,19,-9,16,-10,22,-7,16,-11,23,-11,21,-8,19,-8,18,-6,17,-5,23,-4,20,-3,20,-5,19,-6,22,-6,19,-6,22,-6,19,-8,25,-10,20,-7,18,-9,19,-8,17,-6,18,-5,21,-6,19,-4,15,-8,16,-7,15,-8,17,-8,14,-11,16,-10,11,-9,11,-10,10,-8,8,-8,8,-9,10,-6,9,-8,7,0,0,0,0,0,0,0,0,0,0]"""
1782116242921,2026-06-22T17:17:22.921,safe,transition,yja,stand_to_sit,t007,"CSI_DATA,1076072,1a:00:00:00:00:00,-63,11,-99,17,48,11,-1040229621,47,2,256,0,""[0,0,0,0,0,0,0,0,0,0,0,0,2,8,1,8,0,9,0,11,1,10,0,11,-1,13,-1,12,-1,11,0,11,0,14,0,14,0,14,0,13,0,14,-3,14,-1,15,0,15,-1,17,-2,18,0,17,-2,14,-1,15,1,17,0,15,0,15,0,15,1,15,0,15,2,16,2,17,2,18,2,18,3,15,5,15,4,15,5,15,9,16,8,13,8,11,10,12,9,13,11,15,13,12,13,15,13,14,14,13,13,12,14,11,17,9,20,10,17,8,18,10,20,10,22,7,21,7,22,8,0,0,0,0,0,0,6,-22,3,-20,3,-27,6,-23,3,-20,3,-23,0,-23,1,-23,0,-21,0,-26,0,-24,-1,-23,0,-20,-3,-20,-6,-23,-6,-20,-8,-20,-7,-18,-8,-17,-6,-19,-9,-20,-10,-17,-11,-20,-10,-20,-13,-17,-10,-17,-12,-16,-17,-16,-16,-15,-15,-14,-15,-13,-15,-15,-14,-14,-16,-14,-15,-13,-18,-16,-15,-17,-16,-13,-15,-15,-13,-13,-15,-13,-18,-13,-15,-12,-13,-10,-13,-11,-12,-13,-12,-13,-12,-10,-11,-13,-10,-12,-10,-11,-8,-10,-7,-10,-7,-10,-8,-10,-5,-8,-5,-8,0,0,0,0,0,0,0,0,0,0]"""
1782116242931,2026-06-22T17:17:22.931,safe,transition,yja,stand_to_sit,t007,"CSI_DATA,1076073,1a:00:00:00:00:00,-64,11,-99,16,48,11,-1040215609,47,2,256,0,""[0,0,0,0,0,0,0,0,0,0,0,0,-7,7,-6,5,-9,5,-7,4,-11,4,-7,5,-8,4,-11,5,-11,5,-13,5,-12,3,-13,4,-12,3,-13,2,-12,0,-18,2,-14,2,-18,-1,-12,1,-12,1,-14,0,-16,2,-18,1,-14,-1,-15,1,-16,1,-17,0,-14,0,-18,0,-14,-1,-17,-1,-12,1,-15,2,-15,3,-15,4,-16,5,-18,4,-16,2,-16,6,-18,5,-16,4,-19,7,-15,5,-18,5,-12,7,-16,10,-16,9,-14,12,-18,11,-18,12,-16,8,-18,12,-17,11,-18,15,-20,10,-16,12,-19,14,0,0,0,0,0,0,11,19,14,23,10,16,12,20,16,24,9,18,14,22,12,14,12,22,12,13,14,14,16,16,17,15,19,16,12,16,16,13,16,14,15,15,13,12,19,15,14,11,16,16,14,9,16,9,18,11,20,9,22,11,16,13,18,11,19,9,20,12,18,10,20,14,15,11,18,13,13,9,18,9,18,10,20,9,19,12,18,12,13,14,16,12,14,14,11,12,13,16,9,13,10,14,9,9,10,12,9,12,10,11,7,12,7,11,2,11,4,11,1,11,0,0,0,0,0,0,0,0,0,0]"""
1782116242941,2026-06-22T17:17:22.941,safe,transition,yja,stand_to_sit,t007,"CSI_DATA,1076074,1a:00:00:00:00:00,-63,11,-99,16,48,11,-1040206037,47,2,256,0,""[0,0,0,0,0,0,0,0,0,0,0,0,-7,2,-9,3,-8,1,-10,1,-9,2,-12,1,-12,0,-10,0,-12,0,-11,0,-14,1,-14,-1,-14,-1,-14,0,-16,0,-11,0,-16,-1,-13,0,-19,-1,-18,-3,-17,-3,-16,0,-13,-1,-18,0,-17,-1,-16,-3,-13,-1,-16,-1,-13,0,-17,2,-13,1,-20,0,-16,2,-16,0,-14,3,-16,1,-16,1,-16,5,-17,3,-11,0,-16,7,-11,7,-14,12,-13,10,-18,12,-15,18,-12,11,-16,10,-6,15,-11,13,-13,17,-10,7,-9,18,-16,20,-9,22,-17,23,-17,19,0,0,0,0,0,0,20,13,18,10,24,14,22,8,16,9,24,12,18,8,24,11,19,6,25,11,22,9,20,7,19,6,18,6,22,5,21,4,20,5,19,3,22,1,18,0,23,0,18,0,25,0,24,-1,21,-1,22,-1,18,-1,21,-4,22,-3,20,-2,20,-2,22,-3,17,-5,22,-6,19,-5,27,-6,22,-2,20,-5,22,-2,18,-3,18,-3,22,-7,19,-2,16,-2,18,-2,16,-3,18,-4,16,-1,20,0,15,0,15,0,13,2,12,1,12,2,14,1,11,1,11,3,0,0,0,0,0,0,0,0,0,0]"""
1782116242952,2026-06-22T17:17:22.952,safe,transition,yja,stand_to_sit,t007,"CSI_DATA,1076075,1a:00:00:00:00:00,-64,11,-99,13,49,11,-1040196622,47,2,256,0,""[0,0,0,0,0,0,0,0,0,0,0,0,-10,1,-8,1,-11,0,-10,0,-11,0,-8,-1,-9,-1,-11,-3,-11,-3,-13,-4,-11,-5,-11,-5,-12,-6,-13,-8,-11,-8,-13,-12,-10,-9,-11,-11,-8,-10,-8,-12,-11,-15,-8,-13,-11,-15,-8,-13,-8,-13,-8,-13,-8,-15,-6,-11,-6,-18,-6,-14,-5,-14,-3,-11,-7,-14,-5,-15,-7,-14,-7,-16,-6,-17,-5,-14,-6,-17,-7,-18,-8,-16,-4,-18,-3,-16,-8,-17,-4,-10,-10,-18,-3,-17,-11,-16,-7,-22,-8,-19,-5,-17,-5,-20,-5,-20,-8,-20,-6,-22,-4,-20,-7,-23,0,0,0,0,0,0,-23,4,-28,5,-18,3,-22,3,-27,3,-19,1,-27,1,-22,1,-25,1,-19,0,-19,1,-23,2,-21,0,-26,2,-19,1,-20,0,-20,1,-22,0,-19,0,-24,0,-18,0,-23,0,-17,0,-18,-1,-23,0,-21,-2,-23,0,-20,-1,-21,-1,-21,-2,-23,-3,-19,-1,-24,-8,-19,-6,-21,-5,-15,-6,-21,-6,-18,-8,-20,-6,-19,-10,-19,-11,-15,-10,-16,-13,-17,-13,-13,-12,-11,-15,-8,-13,-11,-12,-6,-9,-8,-13,-5,-12,-7,-12,-4,-15,-4,-13,0,-11,0,-11,0,-10,0,0,0,0,0,0,0,0,0,0]"""
1782116242965,2026-06-22T17:17:22.965,safe,transition,yja,stand_to_sit,t007,"CSI_DATA,1076076,1a:00:00:00:00:00,-63,11,-99,16,48,11,-1040182022,47,2,256,0,""[0,0,0,0,0,0,0,0,0,0,0,0,7,6,5,5,7,7,6,7,7,9,5,9,6,11,6,9,3,9,6,12,6,13,5,12,5,12,5,13,5,11,5,16,3,13,6,14,5,17,4,16,5,14,4,14,5,16,5,16,4,16,3,16,3,14,5,12,5,16,5,12,7,14,7,16,8,17,7,14,9,14,7,12,8,13,11,14,11,13,11,11,10,10,12,13,11,12,15,12,12,12,16,12,15,11,16,10,16,11,18,12,20,12,16,10,16,9,21,12,21,10,18,9,23,11,0,0,0,0,0,0,5,-20,8,-24,7,-23,6,-23,7,-22,5,-20,6,-24,5,-20,4,-24,6,-22,4,-24,4,-22,3,-20,3,-24,1,-24,0,-20,0,-22,0,-20,-1,-18,0,-22,-1,-19,-3,-21,-2,-22,-4,-24,-5,-22,-3,-19,-5,-21,-5,-23,-5,-20,-6,-20,-5,-19,-5,-17,-6,-22,-7,-18,-7,-20,-6,-21,-7,-23,-5,-21,-5,-22,-3,-18,-4,-21,-5,-20,-2,-19,-2,-16,-3,-15,-1,-17,-1,-16,-1,-18,0,-16,0,-17,0,-14,1,-12,1,-12,3,-14,2,-13,2,-11,3,-9,0,0,0,0,0,0,0,0,0,0]"""
1782116242975,2026-06-22T17:17:22.975,safe,transition,yja,stand_to_sit,t007,"CSI_DATA,1076077,1a:00:00:00:00:00,-64,11,-99,18,48,11,-1040174622,47,2,256,0,""[0,0,0,0,0,0,0,0,0,0,0,0,1,-7,3,-7,4,-9,4,-9,6,-10,4,-7,4,-9,5,-10,4,-13,7,-11,9,-6,10,-9,9,-8,13,-9,11,-9,13,-11,12,-10,14,-9,9,-7,9,-11,9,-13,12,-12,14,-12,12,-5,13,-8,13,-8,15,-8,13,-10,15,-9,13,-8,14,-9,9,-7,9,-11,7,-12,8,-14,11,-15,11,-14,12,-9,12,-12,13,-13,11,-15,12,-14,10,-14,8,-15,6,-12,6,-16,5,-17,3,-19,5,-22,7,-21,9,-14,11,-20,8,-20,7,-20,11,-20,4,-20,4,-22,0,0,0,0,0,0,-26,-5,-25,-7,-17,-4,-22,-4,-26,-6,-21,-7,-22,-7,-22,-4,-24,-6,-19,-4,-19,-1,-22,0,-25,0,-25,0,-18,-6,-22,-4,-20,-3,-23,-4,-22,0,-23,0,-20,1,-23,0,-17,1,-17,4,-20,6,-22,6,-23,4,-19,0,-22,2,-20,3,-25,0,-22,4,-22,1,-21,2,-22,3,-16,2,-18,6,-19,6,-20,6,-23,4,-22,2,-18,-2,-19,-1,-20,-4,-19,-1,-17,-2,-16,-3,-17,-1,-12,-3,-14,-1,-14,-1,-14,-1,-14,-3,-14,-4,-8,-6,-9,-7,-8,-6,0,0,0,0,0,0,0,0,0,0]"""
1782116242985,2026-06-22T17:17:22.985,safe,transition,yja,stand_to_sit,t007,"CSI_DATA,1076078,1a:00:00:00:00:00,-64,11,-99,17,48,11,-1040163622,47,2,256,0,""[0,0,0,0,0,0,0,0,0,0,0,0,10,0,7,0,11,1,8,1,11,2,10,3,11,3,13,3,10,3,13,5,12,5,11,6,11,6,11,7,10,5,17,10,11,7,14,10,10,8,13,9,17,10,11,10,16,11,11,10,10,10,11,10,11,10,11,6,14,13,10,8,14,10,8,7,15,8,13,8,15,6,15,6,16,9,16,8,15,8,17,8,13,5,18,8,15,6,18,4,13,3,22,1,18,3,20,0,20,2,22,2,19,5,20,3,18,1,25,1,22,2,17,0,25,0,0,0,0,0,0,0,0,-20,0,-27,-1,-18,-3,-25,-2,-29,0,-20,-1,-27,-1,-18,-3,-26,-2,-20,-3,-21,-5,-23,-5,-21,-5,-23,-3,-21,-4,-18,-4,-22,-5,-20,-5,-16,-8,-24,-6,-17,-9,-22,-7,-17,-8,-18,-10,-20,-9,-17,-11,-22,-8,-20,-7,-18,-10,-20,-10,-19,-10,-13,-10,-23,-6,-18,-11,-19,-6,-15,-11,-20,-8,-19,-10,-18,-10,-18,-8,-20,-4,-20,-4,-19,-4,-19,-3,-15,-4,-20,-2,-15,-5,-17,-1,-11,-3,-17,0,-14,-3,-14,0,-12,0,-15,3,-12,3,-10,3,-10,0,0,0,0,0,0,0,0,0,0]"""
1782116242995,2026-06-22T17:17:22.995,safe,transition,yja,stand_to_sit,t007,"CSI_DATA,1076079,1a:00:00:00:00:00,-63,11,-99,18,48,11,-1040152622,47,2,256,0,""[0,0,0,0,0,0,0,0,0,0,0,0,-6,-3,-9,-5,-6,-4,-8,-7,-7,-4,-9,-9,-7,-9,-6,-9,-6,-9,-4,-9,-7,-12,-7,-12,-6,-12,-4,-12,-4,-17,-2,-10,-3,-17,-2,-12,-2,-19,-1,-19,-2,-14,0,-17,0,-12,1,-17,0,-17,1,-15,1,-14,3,-17,1,-12,2,-17,0,-13,2,-21,5,-17,2,-15,3,-17,4,-14,1,-13,0,-15,0,-17,1,-14,2,-17,0,-14,0,-19,2,-16,3,-24,4,-18,0,-19,4,-18,3,-16,1,-17,0,-23,0,-19,1,-23,2,-18,1,-23,3,-26,4,-22,0,0,0,0,0,0,-23,-6,-19,-5,-30,-8,-22,-6,-14,-4,-26,-7,-18,-5,-25,-9,-17,-5,-25,-10,-23,-9,-18,-7,-19,-6,-17,-7,-21,-6,-20,-6,-20,-4,-19,-4,-23,-8,-14,-4,-22,-7,-16,-5,-25,-10,-20,-9,-18,-7,-19,-8,-15,-6,-23,-7,-20,-7,-19,-6,-17,-7,-20,-11,-15,-8,-22,-11,-15,-9,-24,-15,-17,-15,-16,-14,-15,-15,-12,-14,-11,-11,-15,-14,-14,-14,-11,-12,-10,-16,-8,-11,-9,-17,-4,-14,-6,-21,-1,-15,-4,-14,-1,-14,0,-11,0,-12,-1,-13,0,-10,2,-11,0,0,0,0,0,0,0,0,0,0]"""
1782116243005,2026-06-22T17:17:23.005,safe,transition,yja,stand_to_sit,t007,"CSI_DATA,1076080,1a:00:00:00:00:00,-63,11,-99,17,48,11,-1040141622,47,2,256,0,""[0,0,0,0,0,0,0,0,0,0,0,0,7,5,6,5,7,8,6,8,5,10,4,8,5,8,6,11,4,10,6,13,5,11,3,13,5,13,3,15,2,13,-1,18,0,15,-3,15,-1,13,0,12,-1,16,-3,16,-2,19,-3,15,-1,17,-3,15,-5,16,-3,14,-8,17,-6,15,-6,13,-4,13,-3,15,-4,15,0,15,-5,17,-5,17,-6,13,-4,17,-3,20,-2,19,-9,17,-7,16,-1,17,-5,10,-2,20,-5,15,1,19,-6,23,-3,20,-6,17,-8,19,-6,20,-5,22,-7,21,-5,20,-6,22,0,0,0,0,0,0,21,8,25,10,17,5,21,10,25,10,17,9,23,14,19,8,22,12,17,9,15,8,22,10,19,10,23,8,18,8,17,8,18,8,20,10,18,7,20,13,17,10,20,11,15,8,17,8,22,8,19,10,22,9,17,8,18,9,18,10,18,13,18,10,19,17,15,14,16,13,12,10,17,12,15,13,17,11,15,17,15,17,9,15,11,17,11,17,10,16,5,19,3,17,6,16,1,10,4,15,2,13,3,13,0,15,0,15,-3,10,-2,11,-3,11,0,0,0,0,0,0,0,0,0,0]"""
1782116243018,2026-06-22T17:17:23.018,safe,transition,yja,stand_to_sit,t007,"CSI_DATA,1076081,1a:00:00:00:00:00,-64,11,-99,20,47,11,-1040129944,47,2,256,0,""[0,0,0,0,0,0,0,0,0,0,0,0,-3,9,-5,8,-5,8,-6,9,-7,8,-8,7,-8,7,-10,5,-12,8,-12,6,-12,5,-12,4,-13,5,-15,4,-15,3,-14,5,-14,4,-16,3,-14,3,-14,3,-14,0,-17,2,-16,-1,-16,0,-17,0,-16,-1,-16,-1,-18,-1,-16,2,-16,0,-16,0,-15,0,-16,0,-15,0,-16,0,-16,0,-16,0,-15,1,-16,1,-17,2,-16,0,-16,4,-17,5,-20,3,-18,2,-17,0,-18,2,-20,2,-20,3,-23,3,-20,5,-21,5,-22,4,-21,5,-23,8,-22,3,-24,5,0,0,0,0,0,0,3,25,2,25,4,24,3,24,2,26,3,22,5,23,6,22,4,22,3,22,3,22,-1,23,4,22,2,22,1,21,3,20,3,22,2,22,1,21,6,22,6,21,3,22,3,19,3,18,1,22,5,23,3,20,3,20,5,23,3,20,3,22,2,23,5,20,5,21,1,22,3,20,1,20,0,22,-1,22,-1,21,-1,20,-1,20,-4,20,-2,19,-5,19,-3,18,-3,17,-5,16,-6,14,-8,12,-8,11,-10,11,-7,12,-9,11,-7,9,-9,8,-9,6,0,0,0,0,0,0,0,0,0,0]"""
1782116243035,2026-06-22T17:17:23.035,safe,transition,yja,stand_to_sit,t007,"CSI_DATA,1076082,1a:00:00:00:00:00,-63,11,-99,16,48,11,-1040112070,47,2,256,0,""[0,0,0,0,0,0,0,0,0,0,0,0,8,1,10,1,8,1,10,3,9,2,11,3,12,3,10,5,14,4,9,7,11,7,11,8,11,9,11,9,12,11,9,7,13,9,12,9,12,11,12,12,11,11,14,10,10,12,9,11,9,12,10,11,9,11,12,14,11,8,12,9,12,11,14,11,11,11,12,9,12,9,14,8,12,9,13,8,12,9,12,9,14,10,16,3,17,4,17,7,20,9,14,7,20,3,18,6,20,2,20,6,22,4,22,5,22,3,22,3,22,2,22,3,24,4,0,0,0,0,0,0,3,-25,3,-21,3,-24,1,-24,3,-21,2,-25,1,-21,0,-24,0,-21,2,-23,0,-24,1,-21,-3,-24,3,-20,0,-22,0,-21,0,-21,0,-21,-1,-23,-4,-19,-6,-20,-4,-22,-3,-22,-5,-20,-3,-18,-8,-21,-3,-19,-3,-19,-4,-22,-4,-20,-2,-20,-4,-24,-9,-17,-7,-20,-5,-22,-6,-23,-3,-19,-6,-20,-3,-21,-5,-21,-3,-19,-3,-20,-1,-19,-1,-18,1,-19,-3,-16,-1,-18,1,-17,1,-18,1,-13,1,-16,3,-13,1,-14,4,-12,4,-11,3,-10,6,-10,0,0,0,0,0,0,0,0,0,0]"""
1782116243046,2026-06-22T17:17:23.046,safe,transition,yja,stand_to_sit,t007,"CSI_DATA,1076083,1a:00:00:00:00:00,-63,11,-99,21,47,11,-1040106965,47,2,256,0,""[0,0,0,0,0,0,0,0,0,0,0,0,5,-8,4,-6,7,-8,6,-6,8,-6,8,-6,7,-7,10,-8,10,-6,12,-8,11,-7,11,-5,13,-5,13,-5,11,-5,17,-6,13,-5,15,-6,15,-2,15,-6,15,-6,15,-1,18,-4,16,-3,15,-1,17,-2,16,-3,13,-5,18,-3,13,-2,16,-5,13,-3,15,-5,15,-3,15,-5,14,-6,17,-5,16,-7,16,-5,15,-8,13,-8,17,-8,14,-8,15,-11,13,-8,15,-14,15,-9,13,-12,15,-11,17,-11,17,-12,17,-11,15,-13,20,-15,18,-13,15,-13,17,-17,0,0,0,0,0,0,-15,-17,-19,-17,-15,-15,-20,-15,-18,-18,-16,-13,-18,-19,-15,-13,-18,-16,-15,-14,-18,-15,-19,-15,-16,-14,-18,-16,-17,-13,-15,-13,-17,-14,-17,-12,-15,-8,-20,-13,-17,-10,-20,-10,-16,-10,-18,-9,-19,-10,-18,-10,-21,-9,-20,-10,-18,-11,-20,-11,-20,-10,-18,-6,-22,-13,-18,-9,-20,-8,-15,-10,-21,-10,-17,-11,-18,-10,-17,-11,-17,-12,-17,-12,-13,-14,-15,-12,-12,-11,-13,-15,-10,-12,-13,-11,-8,-11,-11,-13,-7,-12,-9,-11,-6,-11,-5,-13,-4,-12,-3,-10,-2,-10,0,0,0,0,0,0,0,0,0,0]"""
1782116243057,2026-06-22T17:17:23.057,safe,transition,yja,stand_to_sit,t007,"CSI_DATA,1076084,1a:00:00:00:00:00,-63,11,-99,17,48,11,-1040096066,47,2,256,0,""[0,0,0,0,0,0,0,0,0,0,0,0,5,-5,6,-8,5,-6,6,-8,7,-7,8,-6,10,-7,8,-6,9,-8,10,-6,11,-5,13,-5,13,-5,13,-5,16,-5,11,-3,15,-6,13,-4,17,-5,15,-3,13,-2,17,-8,14,0,15,-3,17,-4,15,-3,17,0,18,-3,12,-5,15,-7,13,-3,18,-5,13,-6,13,-8,16,-6,14,-5,12,-4,13,-6,13,-7,15,-6,17,-9,10,-9,13,-11,15,-10,19,-12,12,-10,13,-13,17,-10,13,-13,14,-14,16,-15,15,-14,18,-16,16,-13,15,-16,18,-19,17,-16,0,0,0,0,0,0,-20,-18,-15,-14,-19,-18,-16,-17,-13,-13,-17,-18,-15,-13,-18,-15,-17,-13,-17,-18,-19,-12,-14,-11,-19,-13,-15,-13,-13,-15,-17,-15,-17,-13,-16,-13,-18,-14,-15,-8,-19,-9,-16,-10,-20,-10,-18,-10,-18,-8,-21,-7,-17,-8,-19,-9,-20,-10,-17,-10,-17,-11,-21,-11,-17,-5,-22,-8,-17,-8,-23,-11,-18,-10,-19,-8,-19,-12,-18,-11,-15,-12,-16,-11,-14,-11,-14,-11,-14,-13,-13,-9,-13,-10,-11,-12,-12,-14,-6,-11,-10,-11,-8,-12,-8,-11,-5,-11,-3,-12,-3,-11,-3,-11,0,0,0,0,0,0,0,0,0,0]"""
1782116243066,2026-06-22T17:17:23.066,safe,transition,yja,stand_to_sit,t007,"CSI_DATA,1076085,1a:00:00:00:00:00,-64,11,-99,17,48,11,-1040085526,47,2,256,0,""[0,0,0,0,0,0,0,0,0,0,0,0,5,6,4,9,3,9,3,9,2,10,2,10,1,11,0,10,2,13,-1,13,-1,13,-2,15,-2,13,-2,13,-5,16,0,15,-1,15,-2,15,-5,15,-5,14,-8,13,-5,18,-7,14,-6,13,-8,16,-6,15,-6,15,-6,15,-3,15,-4,17,-5,14,-5,15,-5,13,-5,14,-6,15,-3,16,-4,15,-1,15,-4,15,-4,16,-5,17,1,17,1,17,-2,19,-1,20,-1,16,0,18,-1,19,0,20,-1,22,0,20,3,23,0,24,1,20,3,22,2,24,0,22,0,0,0,0,0,0,27,-1,23,0,23,-1,23,-1,23,-1,24,-1,22,-3,23,-4,22,-1,22,-1,21,-3,20,1,23,-5,22,0,20,-2,22,-2,21,-3,21,-2,23,-1,18,-8,19,-9,20,-6,20,-5,20,-5,19,-4,21,-6,19,-5,19,-6,21,-4,20,-6,20,-6,22,-6,18,-8,20,-9,20,-6,21,-4,21,-3,20,-4,22,-1,20,-4,21,-1,19,-2,20,-1,18,0,19,1,16,-3,18,-1,17,1,17,3,13,2,15,3,13,5,13,4,11,6,10,5,11,6,10,6,0,0,0,0,0,0,0,0,0,0]"""
1782116243076,2026-06-22T17:17:23.076,safe,transition,yja,stand_to_sit,t007,"CSI_DATA,1076086,1a:00:00:00:00:00,-63,11,-99,18,48,11,-1040073991,47,2,256,0,""[0,0,0,0,0,0,0,0,0,0,0,0,-7,-1,-9,-3,-7,-2,-11,-5,-7,-4,-11,-3,-12,-3,-9,-4,-12,-3,-9,-5,-11,-8,-12,-4,-12,-6,-12,-6,-15,-9,-11,-4,-15,-7,-11,-7,-15,-7,-15,-4,-12,-6,-17,-6,-12,-4,-14,-7,-15,-6,-15,-4,-15,-4,-17,-6,-13,-1,-18,-3,-12,-4,-19,0,-16,0,-17,1,-16,0,-16,3,-12,2,-15,2,-16,5,-17,4,-19,4,-11,6,-17,9,-15,4,-17,11,-14,7,-14,14,-13,13,-14,15,-12,14,-15,15,-12,17,-15,20,-9,15,-13,18,-12,23,-11,19,0,0,0,0,0,0,22,13,21,10,25,11,22,9,18,5,23,9,19,5,25,5,19,6,25,3,21,0,20,1,23,-4,19,-1,21,0,22,-3,20,-4,20,-3,26,-4,17,-7,20,-9,19,-4,20,-12,17,-11,17,-9,18,-14,14,-9,17,-10,15,-14,14,-13,16,-13,20,-15,11,-14,15,-17,15,-12,16,-20,12,-15,12,-17,13,-15,11,-17,10,-14,12,-14,11,-17,11,-13,15,-16,7,-12,12,-14,12,-11,12,-12,9,-11,11,-12,10,-10,11,-11,6,-8,11,-7,9,-9,10,-6,0,0,0,0,0,0,0,0,0,0]"""
1782116243087,2026-06-22T17:17:23.087,safe,transition,yja,stand_to_sit,t007,"CSI_DATA,1076087,1a:00:00:00:00:00,-63,11,-99,15,48,11,-1040060115,47,2,256,0,""[0,0,0,0,0,0,0,0,0,0,0,0,-6,16,-4,-10,6,7,-21,10,16,16,-8,4,-13,-4,3,21,8,14,4,30,-8,15,-3,8,-2,8,-4,17,-11,18,-16,14,-6,10,-16,14,-7,8,-5,12,-12,15,-11,10,-12,14,-9,11,-10,10,-12,10,-14,11,-10,9,-17,10,-12,9,-14,8,-10,7,-11,10,-12,10,-10,11,-15,11,-14,11,-14,8,-15,11,-16,12,-12,12,-18,8,-16,8,-12,11,-11,6,-14,12,-14,10,-12,18,-18,14,-15,15,-14,10,-18,12,-19,12,-18,14,-20,12,-16,12,-18,16,0,0,0,0,0,0,12,21,14,24,10,16,10,22,14,25,8,18,10,25,9,19,9,26,6,18,8,17,12,21,9,21,15,23,8,18,9,20,10,19,9,20,8,18,8,24,8,18,9,23,6,16,8,16,12,21,9,20,12,22,8,18,8,18,8,20,6,23,6,20,4,26,4,21,4,23,2,15,6,21,3,21,5,20,0,23,0,22,-2,19,-3,20,-3,21,-4,19,-9,18,-8,15,-5,16,-6,9,-8,14,-6,11,-6,14,-10,12,-10,10,-8,7,-9,7,-9,6,0,0,0,0,0,0,0,0,0,0]"""
1782116243106,2026-06-22T17:17:23.106,safe,transition,yja,stand_to_sit,t007,"CSI_DATA,1076089,1a:00:00:00:00:00,-63,11,-99,18,48,11,-1040040259,47,2,256,0,""[0,0,0,0,0,0,0,0,0,0,0,0,3,6,4,9,3,7,3,11,4,10,3,12,1,12,0,10,0,12,0,11,-1,13,-1,12,-1,14,-2,12,-3,16,-3,11,-3,14,-4,14,-6,17,-9,18,-6,15,-7,14,-9,11,-8,15,-9,14,-8,12,-9,11,-10,14,-5,12,-7,15,-7,12,-10,18,-11,14,-7,14,-9,14,-8,11,-7,12,-6,15,-6,14,-6,11,-7,14,-3,14,-4,17,-7,18,-9,23,-9,15,-6,18,-10,16,-4,17,-7,19,-7,23,-6,17,-7,20,-9,20,-5,22,-8,22,-9,23,0,0,0,0,0,0,22,9,19,8,27,10,21,10,15,7,23,10,19,8,23,10,19,7,23,11,22,12,17,10,19,9,15,11,21,9,20,9,19,9,17,8,20,10,15,4,20,7,19,5,23,9,22,10,18,7,19,7,15,8,21,7,20,9,19,9,15,9,19,11,17,5,20,7,19,9,25,13,18,13,17,12,17,14,14,12,13,13,17,12,14,14,9,11,11,14,12,10,13,13,10,14,9,19,5,14,6,13,2,14,4,11,2,12,1,14,1,11,0,11,0,0,0,0,0,0,0,0,0,0]"""
1782116243116,2026-06-22T17:17:23.116,safe,transition,yja,stand_to_sit,t007,"CSI_DATA,1076090,1a:00:00:00:00:00,-64,11,-99,21,47,11,-1040031529,47,2,256,0,""[0,0,0,0,0,0,0,0,0,0,0,0,5,-4,8,-7,4,-3,9,-7,5,-5,12,-8,11,-5,10,-4,11,-5,9,-1,13,-5,14,-3,13,-3,12,-1,17,-2,11,-1,17,-1,13,-1,19,0,18,-1,13,0,17,0,13,2,16,1,16,0,17,1,15,2,19,1,11,0,17,0,13,1,22,1,15,3,15,1,15,0,15,1,13,1,17,0,17,0,13,-1,18,0,13,-4,20,-5,15,-1,26,-5,17,0,18,-5,20,0,17,-3,16,-2,23,-5,21,-4,23,-5,18,-5,21,-6,27,-8,21,-4,0,0,0,0,0,0,-6,-23,-1,-15,-6,-29,-5,-23,-1,-14,-5,-27,-4,-15,-6,-27,-5,-15,-5,-30,-5,-25,-4,-20,-4,-21,-2,-17,-5,-23,-6,-22,-5,-22,-5,-18,-8,-23,-4,-13,-9,-23,-5,-17,-9,-25,-9,-20,-8,-18,-7,-19,-5,-17,-6,-22,-8,-19,-6,-18,-5,-18,-7,-25,-6,-15,-8,-21,-4,-17,-9,-29,-3,-21,-5,-20,-2,-22,-1,-18,-2,-16,-2,-21,-1,-20,0,-16,1,-20,-1,-13,0,-20,1,-13,4,-22,4,-13,3,-14,6,-13,4,-12,5,-8,6,-10,5,-10,6,-9,0,0,0,0,0,0,0,0,0,0]"""
1782116243127,2026-06-22T17:17:23.127,safe,transition,yja,stand_to_sit,t007,"CSI_DATA,1076091,1a:00:00:00:00:00,-63,11,-99,17,48,11,-1040020550,47,2,256,0,""[0,0,0,0,0,0,0,0,0,0,0,0,-8,-5,-6,-5,-8,-6,-7,-6,-8,-9,-6,-6,-7,-7,-8,-10,-8,-10,-10,-11,-6,-11,-6,-10,-7,-11,-6,-14,-5,-14,-5,-16,-5,-13,-2,-16,-5,-14,-6,-13,-4,-15,-5,-16,-5,-18,-1,-15,-3,-15,-3,-15,-1,-16,-1,-13,-2,-18,-1,-14,0,-16,-3,-12,-6,-15,-5,-15,-6,-15,-5,-16,-5,-17,-1,-15,-6,-16,-6,-18,-5,-15,-5,-18,-5,-15,-7,-18,-5,-13,-9,-17,-8,-16,-12,-15,-11,-18,-12,-18,-8,-18,-10,-18,-8,-18,-10,-20,-9,-20,-13,-17,-13,-20,0,0,0,0,0,0,-20,10,-26,11,-17,8,-22,8,-25,12,-20,6,-24,11,-18,9,-23,10,-17,10,-17,10,-17,13,-18,12,-20,15,-18,10,-17,11,-17,13,-19,11,-16,11,-20,13,-15,10,-20,11,-13,12,-14,15,-16,16,-16,16,-17,16,-17,11,-17,13,-17,13,-18,13,-14,12,-20,13,-17,10,-20,10,-13,10,-16,14,-17,12,-16,13,-17,11,-18,10,-17,5,-18,8,-20,6,-17,5,-18,3,-15,1,-17,3,-11,3,-15,1,-13,1,-13,3,-14,0,-14,0,-11,-3,-11,-3,-11,-3,0,0,0,0,0,0,0,0,0,0]"""
1782116243142,2026-06-22T17:17:23.142,safe,transition,yja,stand_to_sit,t007,"CSI_DATA,1076092,1a:00:00:00:00:00,-64,11,-99,16,48,11,-1040005609,47,2,256,0,""[0,0,0,0,0,0,0,0,0,0,0,0,-1,8,-1,9,-3,7,-3,10,-3,7,-5,11,-5,11,-7,11,-5,8,-6,9,-8,11,-7,12,-9,10,-8,9,-9,11,-11,10,-12,14,-10,11,-13,11,-11,10,-10,11,-12,9,-11,11,-12,11,-11,11,-12,12,-11,11,-11,11,-12,9,-13,11,-9,11,-13,12,-11,12,-10,11,-10,12,-9,11,-9,12,-9,16,-8,13,-7,13,-8,15,-7,14,-7,18,-4,16,-8,20,-5,20,-7,17,-4,20,-6,17,-5,17,-5,21,-4,18,-4,22,-4,22,-5,22,-4,24,-3,22,0,0,0,0,0,0,24,2,22,1,26,1,24,0,21,1,25,0,21,0,25,0,20,-1,28,1,23,-1,24,-1,21,0,20,-1,23,-3,22,-3,20,-3,20,-3,20,-6,21,-3,23,-7,18,-6,23,-6,20,-7,20,-8,17,-5,18,-8,19,-10,20,-8,19,-9,18,-9,19,-11,19,-7,21,-9,17,-10,23,-8,20,-8,20,-7,20,-9,18,-5,18,-6,19,-7,20,-4,18,-4,18,-5,17,-2,18,-3,14,-3,18,-1,16,-1,14,0,14,-1,12,1,11,1,14,1,11,2,11,2,0,0,0,0,0,0,0,0,0,0]"""
1782116243151,2026-06-22T17:17:23.151,safe,transition,yja,stand_to_sit,t007,"CSI_DATA,1076093,1a:00:00:00:00:00,-63,11,-99,18,48,11,-1039997365,47,2,256,0,""[0,0,0,0,0,0,0,0,0,0,0,0,6,4,7,6,6,6,6,7,4,8,7,9,6,11,4,11,6,11,4,10,3,12,3,12,3,13,1,14,0,17,1,12,1,15,-1,14,-1,17,-1,16,-3,14,-2,19,-3,14,-6,14,-4,16,-4,15,-5,14,-7,17,-3,13,-6,15,-6,13,-4,17,-6,14,-3,15,-5,15,-4,16,-2,14,-4,15,-3,16,-4,15,-7,17,0,14,-3,19,-7,16,-3,21,-3,17,-1,19,-4,19,-3,20,-5,18,-4,21,-2,21,-4,24,-3,20,-5,22,-6,25,-7,21,0,0,0,0,0,0,24,9,20,9,26,11,22,11,19,7,23,13,18,9,23,11,17,11,23,9,21,10,19,10,23,7,17,9,18,11,20,9,19,10,18,10,21,13,17,6,20,9,15,10,20,10,20,9,16,11,21,9,16,8,18,12,19,9,19,9,17,12,19,15,15,9,19,12,13,14,20,15,15,15,17,12,15,14,16,14,12,13,11,15,12,16,9,15,7,19,9,12,7,16,3,16,6,17,4,14,3,14,1,13,2,14,0,11,-2,13,-1,11,-2,11,0,0,0,0,0,0,0,0,0,0]"""
1782116243163,2026-06-22T17:17:23.163,safe,transition,yja,stand_to_sit,t007,"CSI_DATA,1076094,1a:00:00:00:00:00,-63,11,-99,16,48,11,-1039984522,47,2,256,0,""[0,0,0,0,0,0,0,0,0,0,0,0,-6,-5,-6,-9,-3,-6,-5,-10,-3,-9,-5,-10,-4,-10,-3,-10,-5,-12,-3,-10,-1,-13,-3,-13,-3,-12,-2,-14,0,-18,-2,-12,-1,-16,1,-15,0,-17,0,-16,2,-13,-1,-16,1,-15,2,-15,0,-16,0,-17,0,-15,1,-20,0,-12,1,-16,2,-14,0,-17,0,-15,-2,-16,0,-15,-2,-18,0,-15,-1,-14,-5,-13,0,-16,-1,-18,-5,-14,-5,-18,-1,-17,-7,-20,-5,-17,-9,-18,-7,-18,-8,-17,-7,-16,-9,-18,-11,-18,-11,-24,-10,-17,-9,-19,-12,-22,-7,-20,0,0,0,0,0,0,-24,10,-20,8,-24,12,-22,9,-18,10,-25,9,-18,9,-22,12,-18,8,-20,13,-18,11,-19,10,-18,15,-16,11,-19,10,-17,14,-16,12,-16,12,-21,14,-12,14,-15,15,-17,10,-16,16,-15,14,-16,12,-14,17,-12,14,-15,14,-14,16,-12,16,-15,14,-19,18,-12,14,-15,16,-14,12,-16,18,-14,12,-13,16,-15,14,-17,15,-14,13,-16,11,-14,14,-15,10,-18,9,-12,9,-17,8,-15,4,-17,7,-14,4,-14,6,-13,3,-13,3,-10,1,-12,1,-12,3,-13,0,0,0,0,0,0,0,0,0,0,0]"""
1782116243173,2026-06-22T17:17:23.173,safe,transition,yja,stand_to_sit,t007,"CSI_DATA,1076095,1a:00:00:00:00:00,-63,11,-99,17,48,11,-1039976336,47,2,256,0,""[0,0,0,0,0,0,0,0,0,0,0,0,7,-3,6,-2,10,-5,7,-4,11,-4,10,-3,10,-3,11,-5,11,-3,14,-5,12,-2,11,0,14,-3,14,-3,11,-3,18,-4,11,-3,17,-4,13,-3,16,-6,17,-6,15,-4,17,-3,15,-4,15,-3,15,-2,15,-4,11,-5,18,-8,13,-5,14,-8,11,-5,13,-12,13,-9,11,-12,11,-10,13,-12,12,-11,10,-12,9,-14,6,-12,11,-18,8,-13,7,-18,6,-12,3,-18,7,-17,3,-19,3,-21,5,-21,3,-21,5,-20,3,-18,1,-25,1,-22,0,-20,-3,-25,0,0,0,0,0,0,-22,5,-27,5,-20,3,-22,8,-27,6,-18,6,-27,10,-17,7,-24,11,-17,8,-18,10,-18,13,-18,12,-20,14,-17,11,-17,11,-18,13,-17,15,-11,11,-17,19,-10,13,-13,20,-10,15,-10,19,-9,20,-7,19,-10,22,-11,20,-10,19,-9,21,-6,21,-3,17,-8,25,-6,18,-3,21,-5,16,-1,24,-4,22,-1,22,-4,20,-5,21,-8,17,-8,20,-6,18,-3,17,-6,18,-5,13,-3,18,-3,10,-4,17,-5,13,-4,14,-5,13,-5,13,-7,12,-5,9,-6,9,0,0,0,0,0,0,0,0,0,0]"""
1782116243183,2026-06-22T17:17:23.183,safe,transition,yja,stand_to_sit,t007,"CSI_DATA,1076096,1a:00:00:00:00:00,-63,11,-99,17,48,11,-1039965473,47,2,256,0,""[0,0,0,0,0,0,0,0,0,0,0,0,0,10,0,8,0,10,0,8,-1,11,-3,10,-3,10,-4,12,-5,10,-5,13,-6,13,-7,11,-7,11,-8,11,-5,10,-10,14,-8,11,-10,14,-10,10,-10,10,-11,11,-10,11,-12,13,-11,10,-11,10,-12,10,-11,12,-8,11,-12,12,-9,10,-10,13,-10,10,-10,13,-10,11,-10,12,-10,13,-10,13,-10,15,-10,13,-9,15,-6,13,-10,18,-8,15,-6,17,-7,15,-6,20,-7,17,-6,20,-6,18,-6,19,-7,18,-6,19,-6,20,-8,24,-7,20,-6,18,-5,24,0,0,0,0,0,0,21,4,25,4,20,5,25,3,26,6,21,3,26,5,20,3,23,3,22,4,22,3,25,1,20,4,23,2,23,1,20,3,21,2,21,1,18,0,25,0,20,0,23,-1,19,0,22,-2,21,-1,20,0,24,-3,21,-2,20,0,22,-1,22,-2,18,-3,25,-1,19,-1,22,-3,20,0,23,-3,21,1,21,0,20,0,22,1,21,2,20,5,18,3,17,1,19,4,15,4,17,3,12,5,16,4,13,6,13,6,11,5,11,6,11,8,7,7,6,7,0,0,0,0,0,0,0,0,0,0]"""
1782116243193,2026-06-22T17:17:23.193,safe,transition,yja,stand_to_sit,t007,"CSI_DATA,1076097,1a:00:00:00:00:00,-63,11,-99,16,48,11,-1039954623,47,2,256,0,""[0,0,0,0,0,0,0,0,0,0,0,0,1,-7,3,-9,2,-8,3,-10,5,-9,5,-9,6,-11,5,-9,6,-12,7,-9,8,-9,11,-9,10,-9,11,-10,13,-11,9,-9,12,-10,12,-9,13,-9,12,-10,9,-9,14,-12,12,-6,14,-8,14,-9,14,-7,14,-7,16,-7,11,-9,12,-11,12,-9,14,-11,13,-9,11,-10,13,-11,12,-11,12,-9,11,-11,11,-11,11,-11,12,-12,7,-13,9,-15,12,-16,13,-16,10,-12,9,-17,12,-14,9,-18,11,-18,11,-19,11,-19,11,-20,9,-18,8,-20,10,-22,11,-20,0,0,0,0,0,0,-23,-11,-20,-10,-23,-11,-21,-10,-16,-12,-22,-11,-19,-8,-24,-9,-20,-8,-22,-10,-21,-9,-17,-8,-22,-6,-19,-8,-19,-9,-21,-7,-20,-6,-20,-8,-23,-7,-18,-3,-22,-3,-20,-4,-22,-4,-21,-4,-20,-3,-22,-2,-18,-4,-20,-3,-22,-3,-20,-3,-19,-5,-24,-6,-20,0,-22,-1,-20,-4,-25,-3,-20,-5,-22,-2,-22,-7,-21,-5,-18,-6,-19,-5,-18,-6,-16,-7,-17,-8,-16,-4,-16,-6,-14,-9,-14,-10,-10,-8,-12,-8,-9,-9,-11,-7,-7,-11,-7,-9,-7,-9,-6,-9,0,0,0,0,0,0,0,0,0,0]"""
1782116243203,2026-06-22T17:17:23.203,safe,transition,yja,stand_to_sit,t007,"CSI_DATA,1076098,1a:00:00:00:00:00,-63,11,-99,15,48,11,-1039943623,47,2,256,0,""[0,0,0,0,0,0,0,0,0,0,0,0,4,7,4,7,4,8,3,8,3,11,2,10,2,12,2,12,0,10,2,13,1,14,0,12,0,13,0,14,0,12,-3,16,-2,14,-1,16,-2,16,-4,16,-4,18,-3,13,-3,17,-2,16,-4,14,-4,16,-4,16,-2,14,-5,16,-3,13,-4,18,-2,15,-1,18,-2,16,0,16,-2,15,-2,17,-1,18,-1,17,0,17,1,14,0,19,0,16,3,17,1,19,4,21,3,18,4,19,4,18,4,20,4,21,3,20,5,19,6,26,4,21,5,20,7,24,0,0,0,0,0,0,21,-8,23,-9,20,-8,23,-8,24,-9,20,-8,24,-8,20,-8,23,-10,21,-7,22,-9,21,-10,20,-7,21,-10,20,-10,20,-8,20,-10,18,-10,14,-9,21,-11,17,-10,19,-12,16,-11,18,-14,17,-15,16,-10,18,-14,18,-14,16,-12,18,-12,17,-13,15,-13,20,-12,17,-12,17,-15,17,-11,19,-14,18,-12,18,-11,17,-9,20,-10,19,-9,18,-7,16,-8,15,-8,18,-6,16,-4,16,-6,15,-3,17,-4,15,-1,14,-2,13,-1,14,0,13,0,11,2,10,2,0,0,0,0,0,0,0,0,0,0]"""
1782116243222,2026-06-22T17:17:23.222,safe,transition,yja,stand_to_sit,t007,"CSI_DATA,1076099,1a:00:00:00:00:00,-63,11,-99,17,48,11,-1039925815,47,2,256,0,""[0,0,0,0,0,0,0,0,0,0,0,0,-7,4,-9,4,-8,5,-10,4,-9,1,-10,3,-9,3,-11,1,-14,1,-12,3,-12,-1,-13,0,-14,0,-15,-1,-17,-4,-14,-3,-13,-5,-13,-5,-14,-3,-14,-5,-13,-5,-17,-3,-15,-5,-14,-7,-15,-6,-15,-6,-14,-8,-16,-9,-14,-6,-15,-8,-13,-8,-15,-5,-13,-5,-15,-4,-16,-5,-17,-6,-15,-4,-14,-8,-15,-3,-17,-6,-17,-6,-15,-5,-17,-5,-17,-7,-18,-4,-17,-5,-18,-2,-19,-3,-22,-1,-20,-3,-20,-3,-21,-3,-23,-6,-19,-3,-20,-7,-23,-3,-22,-3,0,0,0,0,0,0,-9,25,-8,23,-6,23,-11,22,-7,23,-10,20,-6,21,-7,23,-10,21,-6,22,-8,20,-5,21,-4,25,-4,21,-8,18,-5,22,-6,21,-6,20,-7,22,-6,20,-5,20,-7,21,-3,21,-2,20,-3,18,-1,23,-2,20,-6,19,-3,20,-3,20,-6,21,-8,23,-5,20,-6,21,-10,20,-5,19,-5,18,-5,20,-5,21,-7,22,-9,17,-11,16,-8,18,-11,16,-13,15,-10,13,-13,11,-14,11,-11,10,-11,9,-11,10,-10,9,-11,8,-11,6,-11,3,-11,3,-11,2,0,0,0,0,0,0,0,0,0,0]"""
1782116243232,2026-06-22T17:17:23.232,safe,transition,yja,stand_to_sit,t007,"CSI_DATA,1076100,1a:00:00:00:00:00,-64,11,-99,19,48,11,-1039921168,47,2,256,0,""[0,0,0,0,0,0,0,0,0,0,0,0,-8,3,-7,1,-11,2,-8,1,-11,0,-10,0,-10,1,-13,1,-13,0,-14,0,-13,0,-13,0,-14,0,-14,-2,-13,-2,-17,-2,-14,-2,-17,-4,-13,-1,-13,-4,-17,-4,-14,-4,-19,-2,-15,-3,-14,-2,-16,-1,-17,-4,-14,-2,-17,-5,-13,-5,-16,-4,-12,0,-16,-1,-16,-1,-16,0,-18,0,-19,0,-16,0,-18,2,-18,2,-16,2,-20,1,-17,1,-19,2,-14,3,-19,6,-18,5,-17,9,-19,7,-20,8,-17,6,-20,9,-20,7,-21,11,-21,7,-19,9,-19,10,0,0,0,0,0,0,8,22,11,23,10,15,11,22,15,23,8,19,13,23,10,16,12,22,13,16,13,16,16,17,15,18,17,16,13,16,16,13,16,14,16,15,13,13,19,17,14,13,19,17,14,10,17,10,18,11,19,10,22,12,19,11,18,9,22,8,22,10,19,9,22,14,16,11,20,12,14,8,17,10,18,11,19,7,20,11,18,11,14,12,17,10,16,14,13,11,14,14,10,13,11,13,8,8,11,12,10,10,11,9,8,11,8,10,5,10,5,10,3,10,0,0,0,0,0,0,0,0,0,0]"""
1782116243242,2026-06-22T17:17:23.242,safe,transition,yja,stand_to_sit,t007,"CSI_DATA,1076101,1a:00:00:00:00:00,-63,11,-99,17,48,11,-1039909789,47,2,256,0,""[0,0,0,0,0,0,0,0,0,0,0,0,6,6,4,6,5,8,5,8,6,8,4,10,3,12,4,12,3,10,3,11,5,14,3,13,5,13,3,13,3,13,1,16,2,15,3,16,2,17,1,17,1,15,2,15,0,17,3,17,1,16,1,16,1,16,1,13,3,16,3,15,3,15,4,17,5,17,5,15,6,14,4,14,6,15,7,15,7,14,8,13,9,13,9,15,10,14,13,13,11,15,13,17,13,13,15,13,13,11,16,14,17,13,15,13,16,12,19,16,19,11,18,11,21,11,0,0,0,0,0,0,10,-19,10,-21,10,-23,10,-22,10,-20,9,-21,8,-23,6,-21,8,-22,9,-22,8,-23,5,-22,6,-18,5,-21,4,-22,4,-21,2,-22,2,-20,1,-18,2,-22,0,-20,-1,-22,0,-22,-1,-23,-1,-22,-1,-18,-1,-22,-3,-23,-3,-21,-3,-21,-2,-19,-3,-18,-4,-22,-4,-20,-3,-23,-4,-23,-4,-23,-4,-21,-3,-20,-1,-18,-2,-21,-3,-22,0,-20,-1,-18,-2,-17,0,-19,0,-18,0,-17,1,-17,1,-17,1,-15,2,-14,2,-12,3,-13,3,-13,3,-10,3,-10,0,0,0,0,0,0,0,0,0,0]"""
1782116243251,2026-06-22T17:17:23.251,safe,transition,yja,stand_to_sit,t007,"CSI_DATA,1076102,1a:00:00:00:00:00,-63,11,-99,22,47,11,-1039898869,47,2,256,0,""[0,0,0,0,0,0,0,0,0,0,0,0,-8,5,-7,3,-10,4,-10,4,-12,3,-9,1,-9,2,-13,4,-11,1,-14,4,-11,3,-14,2,-14,2,-15,1,-13,2,-18,0,-15,1,-16,1,-14,0,-15,0,-20,2,-15,0,-19,2,-15,1,-16,1,-17,1,-17,1,-15,2,-19,0,-18,1,-17,3,-12,3,-18,4,-19,3,-14,5,-19,5,-19,4,-16,3,-16,4,-17,11,-14,8,-16,7,-12,9,-17,12,-13,7,-21,19,-19,12,-10,14,-23,14,-18,10,-17,10,-22,10,-10,16,-18,17,-15,19,-15,11,-11,20,0,0,0,0,0,0,19,14,26,15,17,9,21,12,25,15,18,11,24,12,19,7,24,10,18,9,19,8,22,6,21,8,24,4,19,4,19,6,22,4,23,4,20,1,25,4,19,2,22,1,17,0,20,0,23,-1,21,0,24,-2,20,-2,22,-1,22,-2,23,-2,20,-4,26,-1,20,-3,20,-4,17,-1,22,-6,22,-1,21,-6,22,0,21,-1,19,0,21,1,23,0,19,-1,19,3,16,2,17,-1,11,1,17,1,14,3,15,0,13,3,14,1,10,3,10,4,11,5,0,0,0,0,0,0,0,0,0,0]"""
1782116243260,2026-06-22T17:17:23.260,safe,transition,yja,stand_to_sit,t007,"CSI_DATA,1076103,1a:00:00:00:00:00,-63,11,-99,17,48,11,-1039886789,47,2,256,0,""[0,0,0,0,0,0,0,0,0,0,0,0,6,6,5,6,5,10,5,8,4,11,3,11,3,10,5,12,1,10,5,13,4,12,2,12,3,14,1,15,1,11,-1,17,0,14,-2,17,-1,16,-3,15,0,18,-2,14,-1,17,0,16,0,16,0,16,-2,15,-1,13,-4,18,-3,15,-3,15,-1,14,-1,17,-2,17,0,17,0,15,0,17,0,17,1,18,2,17,2,15,-1,20,-1,17,3,18,2,15,4,21,2,18,7,17,3,20,5,20,5,20,4,19,3,18,5,24,6,23,6,20,8,26,0,0,0,0,0,0,21,-8,25,-7,20,-8,23,-3,25,-7,20,-3,27,-6,21,-4,25,-6,20,-6,23,-6,22,-10,20,-4,21,-11,20,-10,17,-10,18,-11,18,-10,16,-9,23,-8,18,-8,20,-11,18,-9,19,-12,20,-13,17,-8,18,-15,18,-13,16,-13,17,-13,17,-11,13,-11,23,-11,20,-8,18,-10,18,-9,21,-12,20,-9,17,-11,18,-6,19,-9,19,-8,19,-6,18,-6,17,-6,19,-1,17,-1,17,-3,14,0,17,-1,15,1,13,-1,13,2,13,0,13,2,10,1,10,3,0,0,0,0,0,0,0,0,0,0]"""
1782116243273,2026-06-22T17:17:23.273,safe,transition,yja,stand_to_sit,t007,"CSI_DATA,1076104,1a:00:00:00:00:00,-63,11,-99,16,48,11,-1039873316,47,2,256,0,""[0,0,0,0,0,0,0,0,0,0,0,0,3,9,2,8,1,10,0,9,0,11,0,12,0,12,0,11,0,11,-2,11,-2,14,-3,14,-4,13,-4,13,-4,12,-5,13,-5,14,-5,14,-7,15,-11,14,-9,14,-7,11,-8,14,-8,15,-8,14,-7,13,-7,11,-7,12,-10,12,-9,14,-7,14,-10,14,-8,14,-9,13,-7,14,-7,13,-6,14,-5,17,-7,15,-5,14,-5,14,-5,16,-3,18,-4,18,-5,20,-5,19,-4,18,-3,18,-4,17,-5,20,-2,22,-2,19,-1,19,-3,24,-3,22,-3,22,-3,24,0,0,0,0,0,0,22,1,22,3,25,3,24,3,22,3,25,1,23,3,22,3,23,0,25,3,25,2,22,1,19,2,21,2,24,0,21,0,22,0,21,0,19,0,22,0,22,-1,21,-3,23,0,24,0,22,-2,20,0,20,-2,24,-3,21,-2,22,-3,20,-1,18,-3,22,-1,21,-1,22,-2,25,0,24,0,20,0,21,1,18,1,19,1,22,1,20,3,16,3,17,3,16,4,18,5,16,4,16,7,15,7,14,7,12,7,9,8,11,9,12,8,9,7,7,7,0,0,0,0,0,0,0,0,0,0]"""
1782116243283,2026-06-22T17:17:23.283,safe,transition,yja,stand_to_sit,t007,"CSI_DATA,1076105,1a:00:00:00:00:00,-63,11,-99,18,48,11,-1039865789,47,2,256,0,""[0,0,0,0,0,0,0,0,0,0,0,0,-7,0,-10,0,-7,0,-12,-1,-7,-1,-13,-3,-12,-3,-10,-3,-11,-4,-10,-3,-14,-4,-13,-4,-14,-3,-12,-4,-14,-6,-10,-4,-17,-7,-11,-4,-19,-9,-14,-8,-12,-6,-15,-6,-11,-7,-16,-6,-15,-5,-14,-6,-14,-4,-16,-7,-11,-3,-18,-5,-12,-5,-21,-4,-16,-4,-16,-2,-15,-2,-14,-2,-13,-1,-17,0,-17,2,-14,1,-19,1,-12,3,-19,4,-15,4,-25,5,-19,3,-17,6,-19,4,-17,6,-17,9,-20,12,-15,10,-20,11,-17,11,-17,15,-23,16,-19,12,0,0,0,0,0,0,17,19,12,14,21,23,13,18,12,11,18,19,12,12,22,19,13,11,21,21,18,17,15,13,15,11,14,10,20,11,20,9,20,7,18,6,21,9,15,5,23,7,16,5,28,7,22,7,19,5,19,4,16,4,23,1,21,0,20,0,19,1,23,4,15,0,24,0,19,1,30,0,22,4,22,0,22,2,18,3,16,1,21,0,20,0,15,0,20,4,14,0,19,2,14,3,21,6,14,6,14,4,12,6,11,4,11,4,12,5,11,4,10,4,0,0,0,0,0,0,0,0,0,0]"""
1782116243293,2026-06-22T17:17:23.293,safe,transition,yja,stand_to_sit,t007,"CSI_DATA,1076106,1a:00:00:00:00:00,-63,11,-99,15,48,11,-1039855311,47,2,256,0,""[0,0,0,0,0,0,0,0,0,0,0,0,-24,-2,2,20,-13,-12,6,5,0,-11,-14,1,-18,-26,-16,0,-17,2,-20,-24,-4,-12,-16,-10,-15,-17,-9,-8,-18,-8,-7,-20,-6,-8,-3,-16,-7,-13,-6,-18,-8,-19,-5,-14,-6,-17,-6,-17,-6,-14,-6,-15,-5,-14,-4,-10,-3,-21,-4,-14,-4,-16,-2,-14,-6,-16,-3,-16,-5,-15,-4,-14,-4,-18,-4,-16,-6,-18,-6,-18,-7,-14,-4,-19,-2,-16,-9,-18,-6,-12,-11,-20,-5,-17,-10,-16,-8,-20,-10,-19,-9,-18,-7,-18,-6,-16,-11,-23,-10,-21,-8,-18,-10,-24,0,0,0,0,0,0,-20,8,-26,10,-18,8,-22,6,-25,8,-18,4,-27,9,-19,7,-26,8,-18,6,-19,6,-22,8,-20,5,-24,10,-20,8,-19,7,-20,9,-19,8,-14,6,-24,8,-16,6,-23,8,-17,6,-20,6,-21,10,-20,6,-22,11,-20,8,-19,9,-21,10,-20,8,-15,8,-27,6,-18,4,-22,5,-17,3,-24,6,-22,2,-22,4,-20,0,-23,2,-20,0,-20,0,-19,0,-16,0,-19,-5,-14,-5,-18,-2,-10,-4,-16,-4,-12,-7,-12,-5,-12,-6,-12,-7,-10,-8,-8,-6,-7,-7,0,0,0,0,0,0,0,0,0,0]"""
1782116243303,2026-06-22T17:17:23.303,safe,transition,yja,stand_to_sit,t007,"CSI_DATA,1076107,1a:00:00:00:00:00,-63,11,-99,21,47,11,-1039844623,47,2,256,0,""[0,0,0,0,0,0,0,0,0,0,0,0,3,9,3,8,1,11,3,10,1,11,0,10,0,9,0,13,0,12,-1,15,-3,11,-6,13,-3,13,-5,15,-5,13,-8,17,-6,13,-9,15,-6,11,-8,12,-11,14,-8,13,-13,15,-10,10,-12,11,-11,10,-13,11,-11,10,-12,15,-10,11,-11,11,-9,8,-9,12,-11,10,-10,12,-11,14,-14,13,-12,10,-12,11,-12,13,-10,11,-14,15,-10,13,-9,16,-7,10,-9,16,-10,13,-9,17,-12,20,-13,18,-11,12,-16,15,-13,17,-14,18,-12,18,-12,16,-11,19,0,0,0,0,0,0,18,15,21,18,15,12,20,17,20,20,13,13,19,17,16,13,18,17,13,14,13,13,17,16,18,15,19,17,12,15,13,18,15,15,15,16,13,15,18,17,15,13,18,15,13,10,14,11,16,15,18,13,18,18,13,14,15,17,13,17,15,18,15,14,16,19,13,14,15,17,9,13,13,15,10,17,13,18,13,20,10,22,5,19,5,19,8,20,6,17,4,20,3,15,5,16,0,13,1,15,0,15,0,15,0,14,-3,16,-3,11,-6,10,-5,9,0,0,0,0,0,0,0,0,0,0]"""
1782116243315,2026-06-22T17:17:23.315,safe,transition,yja,stand_to_sit,t007,"CSI_DATA,1076108,1a:00:00:00:00:00,-63,11,-99,16,48,11,-1039833623,47,2,256,0,""[0,0,0,0,0,0,0,0,0,0,0,0,0,-7,2,-11,2,-7,3,-10,3,-9,6,-11,7,-11,8,-8,9,-11,7,-6,9,-11,10,-10,10,-9,10,-9,14,-8,8,-7,13,-9,12,-8,16,-7,17,-5,13,-3,16,-5,14,-2,14,-5,15,-5,15,-5,14,-5,18,-3,11,-5,15,-5,16,-4,18,-5,16,-1,14,-2,16,-1,15,-3,13,-4,15,-7,12,-6,12,-5,17,-3,12,-9,15,-11,18,-7,20,-8,17,-2,16,-7,20,-1,17,-6,18,-8,19,-12,18,-13,19,-11,20,-9,18,-14,22,-10,22,-7,0,0,0,0,0,0,-8,-24,-7,-20,-8,-25,-5,-25,-5,-19,-9,-25,-6,-17,-9,-24,-6,-18,-7,-24,-4,-24,-1,-20,-6,-22,-2,-18,-8,-22,-7,-22,-8,-19,-8,-18,-5,-22,-9,-15,-10,-21,-7,-19,-7,-23,-5,-22,-2,-20,-6,-21,-3,-19,-9,-20,-7,-19,-8,-18,-5,-19,-4,-24,-8,-16,-8,-20,-5,-20,-5,-26,1,-22,0,-20,1,-22,0,-19,1,-20,-2,-20,0,-19,0,-15,5,-17,-1,-15,1,-18,5,-16,7,-18,9,-12,7,-12,9,-11,8,-10,8,-9,7,-11,8,-9,8,-7,0,0,0,0,0,0,0,0,0,0]"""
1782116243325,2026-06-22T17:17:23.325,safe,transition,yja,stand_to_sit,t007,"CSI_DATA,1076109,1a:00:00:00:00:00,-63,11,-99,16,48,11,-1039822623,47,2,256,0,""[0,0,0,0,0,0,0,0,0,0,0,0,-5,7,-4,6,-9,7,-5,5,-9,7,-8,5,-9,6,-11,7,-10,5,-13,6,-13,3,-12,3,-14,2,-14,1,-11,1,-18,1,-13,1,-18,0,-14,-1,-14,0,-15,-1,-16,-1,-19,-1,-16,-3,-15,-3,-16,-3,-16,-3,-12,0,-18,-5,-13,-3,-16,-3,-12,-3,-17,-2,-16,-3,-16,-1,-16,-1,-18,-3,-16,-3,-17,-3,-18,-3,-14,0,-20,-3,-14,-3,-18,0,-13,0,-21,1,-19,0,-19,1,-20,0,-21,0,-20,-3,-20,-2,-18,0,-26,0,-22,-2,-20,-1,-24,0,0,0,0,0,0,0,-3,20,-1,27,-3,18,0,24,-3,29,-1,18,-3,28,-2,18,-3,26,-1,21,-1,22,-2,24,0,20,-3,25,-3,22,-3,20,-3,21,-3,21,-1,15,-1,24,0,18,0,24,-1,16,-1,21,-1,22,-1,20,-1,25,-3,21,-3,19,-2,22,-3,22,0,16,-5,27,-4,18,-4,22,-4,15,-3,22,-6,21,-5,20,-6,20,-7,21,-10,18,-11,17,-10,16,-8,13,-12,16,-9,11,-11,15,-8,9,-11,12,-12,10,-10,9,-11,6,-12,7,-12,4,-10,3,-9,3,0,0,0,0,0,0,0,0,0,0]"""
1782116243336,2026-06-22T17:17:23.336,safe,transition,yja,stand_to_sit,t007,"CSI_DATA,1076110,1a:00:00:00:00:00,-63,11,-99,18,48,11,-1039811108,47,2,256,0,""[0,0,0,0,0,0,0,0,0,0,0,0,-7,-3,-9,-5,-5,-3,-9,-6,-6,-3,-11,-7,-9,-7,-7,-7,-10,-7,-6,-7,-9,-11,-10,-11,-9,-11,-9,-10,-12,-13,-8,-7,-12,-12,-9,-8,-12,-14,-11,-13,-9,-12,-11,-10,-8,-11,-11,-12,-12,-12,-10,-12,-9,-12,-13,-14,-9,-6,-15,-10,-10,-8,-17,-12,-12,-9,-15,-7,-13,-7,-13,-6,-12,-6,-15,-7,-14,-6,-12,-4,-17,-4,-12,0,-20,0,-15,-1,-25,-2,-17,-1,-20,1,-19,-1,-18,1,-17,3,-22,4,-19,2,-24,5,-19,5,-20,7,-25,7,-20,6,0,0,0,0,0,0,10,23,7,17,13,26,11,22,6,14,13,25,11,14,15,23,9,14,15,25,14,19,11,18,14,17,9,14,15,18,15,17,15,14,14,14,19,16,14,7,20,11,15,9,23,14,20,9,18,9,19,8,15,7,20,7,19,8,19,8,17,8,23,9,16,1,23,3,19,4,28,6,20,6,20,3,20,7,20,5,16,6,20,4,19,6,15,6,17,7,14,3,20,5,13,4,20,9,12,6,14,6,11,7,12,4,8,6,10,7,9,6,9,7,0,0,0,0,0,0,0,0,0,0]"""
1782116243353,2026-06-22T17:17:23.353,safe,transition,yja,stand_to_sit,t007,"CSI_DATA,1076111,1a:00:00:00:00:00,-63,11,-99,17,48,11,-1039792702,47,2,256,0,""[0,0,0,0,0,0,0,0,0,0,0,0,7,3,8,5,6,5,8,8,6,5,8,10,6,10,5,9,5,10,4,10,7,13,6,12,5,11,5,11,3,15,1,12,3,17,3,13,1,20,0,17,0,13,-1,15,-1,13,0,18,0,16,0,16,0,15,-1,17,-2,13,-2,18,0,14,-1,19,-3,17,-2,16,-1,17,-1,14,0,14,1,17,0,16,0,15,0,17,1,14,1,20,0,18,1,23,0,18,3,19,0,19,0,19,1,19,3,22,4,20,3,23,1,21,3,22,1,25,0,22,0,0,0,0,0,0,22,0,20,0,29,0,23,0,18,0,27,0,21,1,27,0,19,0,28,1,25,1,22,1,20,1,20,2,24,-2,22,-1,22,-1,19,-1,22,0,18,0,24,0,18,-1,25,0,23,1,21,0,20,1,19,-1,22,-2,22,-1,20,-3,19,-1,23,0,18,1,23,2,19,1,27,4,22,6,21,3,21,6,17,6,18,5,21,4,19,5,15,5,17,8,14,6,17,9,13,10,17,12,11,11,11,9,8,11,6,10,8,8,7,10,6,10,5,10,0,0,0,0,0,0,0,0,0,0]"""
1782116243363,2026-06-22T17:17:23.363,safe,transition,yja,stand_to_sit,t007,"CSI_DATA,1076112,1a:00:00:00:00:00,-63,11,-99,16,48,11,-1039789623,47,2,256,0,""[0,0,0,0,0,0,0,0,0,0,0,0,-3,-7,-4,-9,-3,-7,-3,-10,-4,-7,-3,-12,-1,-11,-1,-12,0,-11,-2,-11,-2,-14,-3,-14,-3,-14,-3,-12,-2,-14,0,-12,-1,-16,-1,-13,-3,-17,1,-17,0,-16,0,-13,0,-14,-3,-17,-3,-16,-1,-16,-2,-14,-3,-16,-2,-13,-4,-17,-4,-15,-4,-19,-3,-16,-4,-15,-4,-16,-5,-14,-5,-14,-11,-14,-9,-14,-9,-12,-9,-13,-9,-12,-11,-14,-12,-11,-16,-17,-12,-16,-13,-13,-14,-14,-13,-12,-16,-10,-19,-9,-17,-10,-18,-9,-19,-12,-20,-8,-22,-9,-20,-11,0,0,0,0,0,0,-9,22,-6,18,-8,27,-11,23,-5,18,-7,25,-5,20,-5,25,-3,21,-7,27,-6,25,-3,22,-4,20,-1,19,1,24,2,22,3,21,2,19,2,21,1,19,5,23,5,20,6,24,4,22,5,20,3,18,5,18,11,20,9,18,9,18,9,16,8,20,7,18,11,21,9,18,12,24,6,22,7,19,5,20,5,18,7,17,11,18,9,18,7,13,7,16,5,16,7,18,5,14,4,20,1,15,2,14,0,14,0,12,0,12,1,12,0,11,1,11,0,0,0,0,0,0,0,0,0,0]"""
1782116243374,2026-06-22T17:17:23.374,safe,transition,yja,stand_to_sit,t007,"CSI_DATA,1076113,1a:00:00:00:00:00,-63,11,-99,20,47,11,-1039778623,47,2,256,0,""[0,0,0,0,0,0,0,0,0,0,0,0,-2,-9,-1,-9,-1,-9,-1,-9,0,-10,0,-9,-1,-9,-1,-12,-1,-14,0,-14,5,-12,3,-14,4,-13,7,-13,6,-14,6,-15,7,-14,9,-15,5,-11,5,-14,6,-17,7,-16,9,-16,9,-10,11,-11,9,-12,11,-13,11,-14,12,-12,9,-12,10,-12,7,-10,6,-12,5,-14,6,-13,8,-18,9,-16,9,-13,8,-15,9,-14,9,-15,8,-17,8,-15,7,-16,6,-14,4,-18,4,-18,1,-20,5,-21,6,-21,10,-16,9,-21,8,-20,7,-20,11,-19,5,-20,5,-20,0,0,0,0,0,0,-24,-5,-24,-10,-17,-7,-22,-8,-23,-9,-18,-12,-23,-11,-20,-9,-20,-12,-19,-7,-20,-5,-22,-5,-24,-5,-22,-7,-17,-10,-20,-7,-18,-6,-20,-9,-20,-7,-21,-7,-20,-5,-21,-7,-16,-5,-19,-1,-20,-3,-24,-2,-23,-4,-18,-8,-22,-7,-21,-6,-22,-9,-22,-6,-22,-7,-20,-9,-21,-8,-16,-5,-19,-6,-20,-5,-21,-4,-24,-7,-20,-11,-14,-11,-14,-12,-14,-14,-15,-12,-14,-12,-11,-14,-11,-12,-9,-10,-11,-9,-9,-9,-11,-9,-9,-12,-7,-12,-2,-11,-3,-12,-1,-11,0,0,0,0,0,0,0,0,0,0]"""
1782116243384,2026-06-22T17:17:23.384,safe,transition,yja,stand_to_sit,t007,"CSI_DATA,1076114,1a:00:00:00:00:00,-63,11,-99,16,48,11,-1039767624,47,2,256,0,""[0,0,0,0,0,0,0,0,0,0,0,0,8,2,7,1,10,4,9,3,9,5,9,5,10,4,12,5,9,5,11,7,12,7,11,8,11,9,11,7,10,7,14,10,12,8,14,8,11,9,13,11,15,9,11,10,14,9,12,9,11,11,12,11,14,9,12,7,14,11,12,8,16,7,13,7,16,6,15,7,14,5,14,3,17,5,16,3,16,5,18,3,16,0,20,2,16,0,18,-1,15,0,20,-4,20,-2,18,-5,18,-4,21,-3,20,-3,19,-5,18,-7,24,-8,21,-8,19,-5,22,-9,0,0,0,0,0,0,-10,-20,-14,-22,-12,-18,-18,-18,-14,-22,-14,-15,-16,-20,-12,-15,-17,-18,-14,-16,-16,-15,-18,-16,-16,-14,-18,-16,-18,-12,-16,-13,-18,-14,-18,-11,-16,-9,-20,-11,-18,-8,-23,-6,-18,-7,-22,-7,-21,-6,-20,-6,-22,-5,-22,-5,-20,-7,-22,-5,-21,-3,-18,0,-24,-5,-20,-3,-22,0,-18,-3,-24,0,-20,-4,-21,-1,-20,-2,-21,-4,-20,-3,-18,-7,-19,-5,-17,-2,-18,-5,-14,-3,-18,-2,-14,-4,-16,-5,-14,-5,-13,-5,-12,-5,-12,-5,-11,-6,-9,-6,-9,-5,0,0,0,0,0,0,0,0,0,0]"""
1782116243394,2026-06-22T17:17:23.394,safe,transition,yja,stand_to_sit,t007,"CSI_DATA,1076115,1a:00:00:00:00:00,-63,11,-99,20,47,11,-1039756209,47,2,256,0,""[0,0,0,0,0,0,0,0,0,0,0,0,-2,7,-4,9,-3,6,-7,10,-3,6,-7,11,-7,11,-7,7,-7,9,-6,7,-8,12,-9,12,-8,11,-8,11,-11,12,-9,9,-13,14,-8,10,-15,14,-11,11,-9,9,-11,12,-8,11,-9,14,-9,14,-8,13,-9,12,-11,15,-7,10,-10,14,-7,12,-9,18,-8,14,-5,15,-7,14,-5,14,-2,14,-1,18,0,16,-1,15,-1,18,0,14,1,21,1,16,3,24,1,22,5,20,3,19,3,17,7,16,9,22,11,18,11,22,10,19,11,19,14,22,11,21,0,0,0,0,0,0,19,-14,14,-12,20,-20,18,-14,12,-12,19,-18,14,-12,18,-20,12,-14,19,-23,14,-20,12,-19,12,-17,9,-15,8,-23,7,-22,5,-20,5,-18,7,-23,5,-17,4,-24,3,-18,5,-25,3,-22,0,-20,3,-20,0,-18,-3,-22,-2,-22,-4,-21,-3,-18,-1,-22,-2,-17,-3,-23,-3,-19,-3,-27,0,-23,-3,-21,-1,-21,-1,-18,-3,-18,-6,-21,-5,-20,-3,-16,-1,-20,-2,-15,-3,-21,0,-14,0,-22,0,-15,-1,-16,1,-13,0,-12,1,-12,0,-14,0,-12,0,-11,0,0,0,0,0,0,0,0,0,0]"""
1782116243405,2026-06-22T17:17:23.405,safe,transition,yja,stand_to_sit,t007,"CSI_DATA,1076116,1a:00:00:00:00:00,-63,11,-99,18,48,11,-1039743998,47,2,256,0,""[0,0,0,0,0,0,0,0,0,0,0,0,-5,-6,-4,-6,-4,-8,-4,-7,-4,-9,-3,-10,-3,-11,-3,-13,0,-12,-3,-13,0,-15,0,-12,1,-14,1,-14,0,-12,4,-17,4,-14,4,-16,5,-13,4,-14,3,-15,6,-13,7,-15,7,-15,7,-13,9,-14,8,-14,4,-13,9,-14,7,-12,7,-16,7,-12,7,-15,7,-13,7,-14,7,-14,7,-15,8,-15,9,-15,6,-15,4,-12,9,-17,8,-15,6,-17,8,-14,7,-21,9,-18,6,-20,8,-16,8,-18,9,-17,9,-19,8,-17,12,-23,11,-19,8,-17,10,-21,0,0,0,0,0,0,-20,-9,-22,-11,-19,-9,-21,-9,-22,-12,-20,-8,-23,-14,-19,-11,-21,-13,-18,-12,-20,-12,-22,-11,-18,-9,-20,-11,-19,-11,-16,-12,-19,-11,-18,-9,-16,-9,-20,-12,-17,-9,-20,-10,-16,-10,-19,-9,-20,-9,-15,-10,-20,-12,-18,-10,-17,-12,-19,-11,-18,-11,-17,-9,-19,-15,-15,-12,-19,-12,-14,-12,-19,-13,-15,-15,-15,-14,-12,-15,-14,-17,-12,-17,-9,-18,-9,-16,-9,-13,-7,-18,-6,-17,-9,-15,-3,-15,-4,-17,-1,-15,-2,-14,0,-13,0,-13,1,-12,2,-10,3,-9,0,0,0,0,0,0,0,0,0,0]"""
1782116243415,2026-06-22T17:17:23.415,safe,transition,yja,stand_to_sit,t007,"CSI_DATA,1076117,1a:00:00:00:00:00,-63,11,-99,19,48,11,-1039732992,47,2,256,0,""[0,0,0,0,0,0,0,0,0,0,0,0,0,-10,0,-8,1,-11,1,-8,3,-10,2,-8,2,-10,4,-12,4,-12,4,-13,7,-11,5,-12,7,-12,9,-11,8,-10,12,-13,10,-11,14,-10,10,-8,8,-9,13,-10,13,-11,13,-12,14,-7,13,-8,13,-10,15,-9,14,-7,16,-8,12,-6,14,-7,9,-6,12,-10,13,-8,13,-11,13,-11,14,-10,16,-8,14,-10,16,-9,15,-10,16,-10,14,-9,13,-10,9,-10,14,-13,14,-12,14,-14,16,-14,14,-14,17,-10,18,-15,17,-13,17,-16,17,-11,16,-13,20,-13,0,0,0,0,0,0,-12,-20,-14,-24,-10,-15,-12,-22,-14,-24,-8,-18,-11,-23,-9,-16,-10,-23,-11,-16,-11,-16,-13,-19,-14,-20,-14,-19,-10,-18,-12,-17,-12,-17,-11,-19,-10,-17,-13,-20,-10,-16,-10,-21,-10,-13,-12,-15,-12,-16,-13,-17,-14,-18,-9,-18,-11,-17,-13,-19,-12,-20,-11,-17,-10,-23,-6,-17,-8,-21,-8,-14,-10,-19,-8,-19,-10,-18,-8,-20,-6,-21,-2,-19,-4,-19,-1,-21,0,-19,1,-20,1,-15,2,-17,1,-13,3,-15,2,-14,4,-15,4,-14,3,-13,10,-8,7,-9,8,-9,0,0,0,0,0,0,0,0,0,0]"""
1782116243427,2026-06-22T17:17:23.427,safe,transition,yja,stand_to_sit,t007,"CSI_DATA,1076118,1a:00:00:00:00:00,-63,11,-99,16,48,11,-1039719699,47,2,256,0,""[0,0,0,0,0,0,0,0,0,0,0,0,3,9,3,7,2,11,3,8,1,11,1,9,2,9,2,12,2,11,2,15,0,12,0,11,0,14,-1,15,-1,13,-1,16,-2,12,-5,17,-1,14,-1,14,-1,16,0,17,-2,18,-3,16,-1,16,-1,16,-2,16,-1,14,-2,18,-3,15,-3,16,0,13,1,16,1,16,3,16,3,16,2,18,-1,15,3,17,3,20,3,17,3,18,1,16,5,20,5,12,8,16,8,16,11,15,12,20,12,18,8,18,10,19,9,19,14,20,11,20,14,16,14,18,0,0,0,0,0,0,20,-14,24,-16,15,-12,19,-13,22,-17,18,-10,23,-15,14,-12,22,-15,12,-14,11,-15,15,-16,14,-19,15,-22,13,-15,10,-17,12,-18,12,-18,10,-16,12,-20,11,-16,12,-19,7,-16,7,-18,7,-20,7,-23,7,-23,10,-19,7,-22,5,-21,7,-21,5,-18,10,-23,8,-19,9,-20,4,-18,4,-21,6,-21,4,-22,7,-21,7,-21,9,-14,7,-19,10,-18,8,-16,11,-16,10,-13,11,-14,6,-9,8,-12,7,-11,7,-13,9,-11,9,-11,9,-6,9,-7,9,-5,0,0,0,0,0,0,0,0,0,0]"""
1782116243437,2026-06-22T17:17:23.437,safe,transition,yja,stand_to_sit,t007,"CSI_DATA,1076119,1a:00:00:00:00:00,-63,11,-99,16,48,11,-1039712624,47,2,256,0,""[0,0,0,0,0,0,0,0,0,0,0,0,5,5,7,8,5,5,6,9,5,9,7,9,6,11,3,11,7,11,3,11,3,12,3,13,3,14,2,13,1,18,3,12,3,17,1,14,1,17,1,19,0,16,0,17,-1,14,-1,16,0,16,0,16,0,16,0,18,1,14,1,18,0,15,1,18,0,16,1,16,0,16,1,16,1,14,3,16,3,16,2,14,3,18,7,12,9,18,2,18,7,22,5,15,9,16,5,19,8,17,7,20,11,18,12,20,11,21,8,18,11,20,11,22,9,19,0,0,0,0,0,0,24,-11,18,-8,25,-12,21,-9,17,-11,24,-11,16,-9,23,-12,18,-8,22,-12,19,-12,19,-9,20,-14,18,-8,18,-11,18,-12,18,-11,16,-11,22,-12,11,-13,16,-17,14,-12,18,-15,16,-14,16,-12,16,-14,13,-12,16,-14,16,-14,14,-13,14,-13,19,-15,12,-14,16,-16,16,-12,20,-17,17,-11,16,-14,19,-12,16,-14,16,-10,15,-10,16,-11,16,-8,19,-7,12,-8,16,-9,16,-4,18,-5,14,-1,14,-4,14,0,14,-1,12,0,12,0,11,0,12,1,0,0,0,0,0,0,0,0,0,0]"""
1782116243449,2026-06-22T17:17:23.449,safe,transition,yja,stand_to_sit,t007,"CSI_DATA,1076120,1a:00:00:00:00:00,-63,11,-99,18,48,11,-1039698076,47,2,256,0,""[0,0,0,0,0,0,0,0,0,0,0,0,-4,5,-7,9,-4,5,-7,9,-5,7,-10,8,-10,7,-8,5,-10,6,-9,4,-11,6,-12,6,-12,7,-12,6,-16,6,-9,4,-15,7,-11,6,-19,7,-18,4,-16,4,-14,5,-12,1,-17,6,-15,6,-14,4,-14,4,-17,4,-12,6,-16,7,-12,4,-21,8,-16,6,-14,7,-14,7,-13,7,-11,6,-13,11,-12,10,-11,9,-15,9,-9,10,-14,15,-10,11,-16,18,-14,12,-12,15,-14,12,-12,14,-12,15,-12,22,-9,15,-13,19,-10,17,-9,22,-12,23,-14,20,0,0,0,0,0,0,25,11,16,8,28,14,20,11,12,7,24,12,17,6,26,11,16,6,26,12,23,8,19,8,19,5,17,6,23,5,21,4,22,3,19,3,24,4,15,0,24,0,17,1,28,1,23,1,20,0,20,0,15,1,23,-2,22,-1,21,-1,18,0,24,0,15,-3,23,-4,18,-1,30,-1,23,1,22,0,22,3,19,1,16,1,22,-1,20,0,17,0,20,3,13,0,21,1,14,3,21,6,14,6,14,5,13,8,12,4,9,5,12,6,9,5,9,6,0,0,0,0,0,0,0,0,0,0]"""
1782116243459,2026-06-22T17:17:23.459,safe,transition,yja,stand_to_sit,t007,"CSI_DATA,1076121,1a:00:00:00:00:00,-63,11,-99,16,48,11,-1039690016,47,2,256,0,""[0,0,0,0,0,0,0,0,0,0,0,0,-1,-9,-1,-8,0,-11,0,-8,0,-11,1,-9,1,-11,3,-12,5,-11,4,-14,5,-11,8,-11,7,-12,8,-12,8,-10,12,-12,11,-11,12,-11,9,-7,11,-9,13,-12,13,-7,16,-11,12,-7,13,-7,14,-8,14,-7,12,-7,18,-6,14,-5,15,-5,13,-4,14,-8,14,-5,14,-8,16,-6,17,-7,16,-7,16,-7,17,-9,15,-8,20,-6,16,-6,14,-10,11,-5,18,-11,18,-6,16,-12,19,-9,17,-9,16,-5,21,-7,19,-7,22,-11,20,-7,18,-7,21,-10,0,0,0,0,0,0,-7,-22,-9,-26,-6,-17,-8,-23,-9,-26,-5,-20,-7,-27,-6,-20,-5,-24,-4,-20,-3,-20,-6,-24,-3,-21,-8,-23,-4,-19,-4,-20,-5,-20,-4,-20,-4,-18,-4,-25,-5,-19,-5,-22,-3,-17,-5,-19,-5,-23,-3,-21,-5,-24,-4,-19,-1,-21,-3,-22,-3,-23,-4,-19,0,-25,0,-20,-1,-21,0,-16,-1,-22,2,-20,0,-21,4,-22,5,-21,6,-18,7,-18,7,-19,5,-16,11,-17,9,-13,7,-16,7,-7,9,-13,11,-9,9,-12,11,-9,12,-7,10,-6,10,-4,11,-2,0,0,0,0,0,0,0,0,0,0]"""
1782116243470,2026-06-22T17:17:23.470,safe,transition,yja,stand_to_sit,t007,"CSI_DATA,1076122,1a:00:00:00:00:00,-63,11,-99,16,48,11,-1039677680,47,2,256,0,""[0,0,0,0,0,0,0,0,0,0,0,0,5,-7,6,-8,5,-6,7,-8,8,-6,6,-9,7,-9,7,-8,8,-12,7,-8,11,-7,9,-9,9,-9,11,-9,13,-10,11,-10,12,-9,13,-8,12,-9,11,-10,11,-9,11,-14,10,-11,13,-8,12,-10,11,-11,13,-11,14,-13,10,-10,11,-11,11,-10,9,-12,7,-12,7,-13,6,-14,7,-17,7,-15,8,-14,5,-16,6,-15,7,-16,5,-16,4,-18,5,-17,2,-18,0,-18,-2,-20,-3,-19,-1,-22,-3,-19,-1,-20,-3,-22,-3,-25,-5,-20,-2,-22,-6,-22,-7,-22,0,0,0,0,0,0,-25,7,-24,6,-22,7,-22,7,-22,11,-24,8,-19,8,-20,9,-20,8,-18,14,-16,14,-16,14,-16,18,-13,15,-17,14,-14,16,-14,17,-15,16,-16,17,-11,17,-12,18,-14,16,-10,17,-7,19,-7,18,-8,22,-5,20,-9,18,-7,21,-6,21,-8,22,-8,22,-5,20,-7,21,-7,20,-4,20,-5,20,-3,21,-3,20,-3,23,-3,18,-7,18,-4,19,-6,19,-7,18,-5,14,-7,17,-7,15,-5,14,-5,13,-4,14,-5,13,-5,12,-5,12,-5,9,-7,9,-7,9,0,0,0,0,0,0,0,0,0,0]"""
1782116243482,2026-06-22T17:17:23.482,safe,transition,yja,stand_to_sit,t007,"CSI_DATA,1076123,1a:00:00:00:00:00,-63,11,-99,17,48,11,-1039666060,47,2,256,0,""[0,0,0,0,0,0,0,0,0,0,0,0,5,-7,6,-6,8,-6,8,-5,8,-6,8,-6,9,-6,11,-4,11,-7,12,-3,12,-3,13,-3,14,-3,15,-2,15,-2,16,-5,13,-4,15,-2,15,0,13,-5,14,-1,17,-3,17,-1,17,0,15,0,16,0,17,0,16,0,17,-1,15,-2,18,-1,15,-2,16,-3,16,-3,17,-3,16,-5,17,-5,14,-3,16,-3,17,-4,17,-5,17,-8,15,-8,18,-7,14,-7,14,-10,15,-11,17,-11,18,-12,19,-11,17,-8,19,-11,18,-12,18,-13,19,-12,19,-13,18,-13,0,0,0,0,0,0,-15,-19,-14,-22,-11,-17,-15,-18,-17,-22,-13,-18,-15,-18,-15,-17,-15,-19,-13,-14,-15,-13,-13,-17,-18,-15,-15,-17,-13,-17,-15,-15,-14,-15,-14,-15,-16,-15,-17,-12,-17,-11,-18,-13,-15,-10,-18,-10,-17,-13,-20,-11,-18,-12,-16,-13,-17,-14,-17,-12,-17,-13,-17,-11,-20,-11,-18,-11,-18,-11,-17,-11,-17,-11,-18,-12,-18,-13,-18,-12,-15,-14,-13,-13,-13,-15,-13,-16,-12,-15,-12,-14,-10,-11,-10,-13,-8,-11,-8,-12,-8,-11,-7,-12,-8,-13,-4,-12,-3,-11,-3,-12,-3,-10,0,0,0,0,0,0,0,0,0,0]"""
1782116243496,2026-06-22T17:17:23.496,safe,transition,yja,stand_to_sit,t007,"CSI_DATA,1076124,1a:00:00:00:00:00,-63,11,-99,15,48,11,-1039650906,47,2,256,0,""[0,0,0,0,0,0,0,0,0,0,0,0,-9,6,-9,9,-5,36,0,1,1,17,-17,0,-10,26,-14,2,-9,-1,-19,27,-4,18,-2,12,-10,14,-8,16,0,10,-16,8,-11,13,-20,7,-10,5,-11,4,-14,10,-13,10,-15,12,-12,7,-13,7,-12,8,-15,7,-13,6,-18,6,-14,4,-17,6,-11,6,-12,8,-13,8,-14,9,-15,11,-16,10,-16,8,-16,11,-16,11,-13,10,-19,8,-16,7,-14,10,-11,5,-14,13,-16,11,-12,16,-18,15,-14,15,-14,8,-18,13,-18,13,-18,16,-18,12,-15,12,-18,15,0,0,0,0,0,0,14,19,17,24,10,14,13,20,16,22,10,17,14,24,12,16,13,22,11,16,11,16,16,18,14,19,17,17,10,15,14,16,15,15,14,18,12,14,16,21,12,14,15,18,11,12,11,13,16,16,15,16,19,17,12,15,15,16,16,16,16,18,15,15,13,22,10,17,13,20,8,13,14,16,10,16,14,16,10,20,11,19,6,18,8,20,6,20,6,18,3,21,0,16,4,18,2,10,2,17,0,16,3,17,0,15,0,15,-2,10,-3,11,-4,10,0,0,0,0,0,0,0,0,0,0]"""
1782116243506,2026-06-22T17:17:23.506,safe,transition,yja,stand_to_sit,t007,"CSI_DATA,1076125,1a:00:00:00:00:00,-63,11,-99,16,48,11,-1039646511,47,2,256,0,""[0,0,0,0,0,0,0,0,0,0,0,0,-3,6,-5,9,-3,6,-7,10,-5,6,-11,9,-11,7,-8,6,-10,7,-8,3,-12,6,-11,6,-12,5,-11,4,-16,4,-10,3,-16,4,-12,3,-20,1,-18,-1,-16,0,-15,0,-12,-2,-17,0,-16,-1,-16,-1,-14,-1,-18,-3,-12,0,-17,-1,-12,-1,-22,-3,-16,-4,-15,-3,-16,-3,-15,-3,-13,-2,-18,-1,-16,-1,-14,-1,-17,-5,-14,1,-21,0,-16,-2,-26,-3,-17,-3,-20,-1,-19,-5,-18,-1,-16,-1,-24,0,-22,0,-25,-2,-21,-3,-23,-2,-27,-5,-18,-5,0,0,0,0,0,0,-7,24,-3,17,-8,28,-9,21,-5,14,-9,26,-3,16,-8,25,-4,17,-12,27,-10,24,-9,17,-7,20,-8,14,-9,22,-7,22,-8,21,-6,18,-9,23,-4,14,-7,22,-6,16,-10,24,-10,21,-9,17,-8,18,-7,14,-8,21,-8,20,-9,18,-9,17,-13,20,-7,14,-11,20,-9,16,-17,23,-16,16,-13,15,-16,13,-14,13,-12,11,-15,15,-15,11,-12,10,-18,9,-11,7,-16,11,-14,4,-22,7,-15,1,-14,2,-14,0,-12,0,-11,0,-12,0,-11,0,-11,-3,0,0,0,0,0,0,0,0,0,0]"""
1782116243524,2026-06-22T17:17:23.524,safe,transition,yja,stand_to_sit,t007,"CSI_DATA,1076127,1a:00:00:00:00:00,-63,11,-99,17,48,11,-1039622498,47,2,256,0,""[0,0,0,0,0,0,0,0,0,0,0,0,3,8,4,8,1,9,1,9,2,10,1,11,1,13,1,12,0,11,0,12,0,15,-1,13,-2,14,-1,13,-2,13,-3,16,-3,15,-3,17,-5,16,-6,15,-6,13,-5,13,-6,15,-5,16,-6,15,-5,16,-5,14,-4,15,-6,15,-5,15,-4,15,-5,17,-5,17,-3,15,-4,15,-4,15,-3,17,-1,19,-1,16,-1,15,0,15,-1,18,0,18,1,18,0,21,1,22,1,18,1,20,1,17,2,20,3,22,0,18,3,19,3,26,5,23,3,22,3,23,0,0,0,0,0,0,23,-6,22,-5,25,-6,23,-5,22,-3,23,-6,23,-5,22,-6,22,-7,26,-6,24,-7,21,-8,18,-5,22,-6,22,-8,19,-8,19,-9,18,-8,16,-10,20,-9,18,-11,18,-12,20,-11,20,-13,18,-13,17,-7,18,-11,20,-11,17,-11,18,-11,18,-10,17,-11,20,-10,17,-13,17,-11,21,-11,23,-11,20,-10,18,-8,17,-8,19,-8,20,-8,18,-5,15,-5,16,-5,17,-4,17,-5,16,-5,18,-2,18,-2,15,-1,13,0,11,0,14,0,14,1,10,1,10,1,0,0,0,0,0,0,0,0,0,0]"""
1782116243535,2026-06-22T17:17:23.535,safe,transition,yja,stand_to_sit,t007,"CSI_DATA,1076128,1a:00:00:00:00:00,-64,11,-99,16,48,11,-1039613544,47,2,256,0,""[0,0,0,0,0,0,0,0,0,0,0,0,-8,5,-6,3,-11,3,-8,1,-11,1,-9,1,-9,2,-12,3,-11,1,-14,2,-12,0,-13,0,-13,-1,-14,-3,-12,-2,-18,-6,-12,-5,-16,-7,-11,-7,-12,-7,-18,-9,-12,-7,-18,-9,-12,-8,-14,-8,-14,-7,-13,-10,-12,-8,-14,-14,-11,-10,-13,-11,-9,-9,-13,-8,-12,-10,-13,-9,-14,-9,-15,-10,-12,-10,-14,-11,-16,-11,-14,-9,-14,-14,-12,-11,-15,-9,-11,-7,-18,-8,-14,-10,-19,-5,-18,-13,-19,-9,-14,-12,-18,-11,-18,-11,-18,-12,-16,-14,-17,-12,-18,-13,0,0,0,0,0,0,-14,18,-17,22,-11,14,-15,16,-18,22,-14,12,-18,19,-14,14,-19,17,-13,14,-12,14,-13,19,-16,16,-16,20,-12,14,-13,16,-13,16,-16,16,-13,16,-17,17,-12,13,-16,16,-12,11,-12,14,-13,18,-14,16,-14,19,-13,14,-14,15,-13,16,-16,16,-13,16,-22,14,-16,11,-18,14,-13,7,-17,14,-16,9,-17,13,-20,11,-20,11,-16,5,-19,6,-20,5,-18,6,-19,1,-16,0,-16,1,-12,0,-16,1,-14,0,-14,1,-15,-3,-14,-1,-11,-5,-11,-7,-9,-6,0,0,0,0,0,0,0,0,0,0]"""
1782116243545,2026-06-22T17:17:23.545,safe,transition,yja,stand_to_sit,t007,"CSI_DATA,1076129,1a:00:00:00:00:00,-63,11,-99,20,47,11,-1039602250,47,2,256,0,""[0,0,0,0,0,0,0,0,0,0,0,0,-1,9,-2,8,-3,11,-2,9,-4,9,-5,7,-3,9,-6,11,-7,10,-7,12,-7,10,-9,9,-9,11,-10,10,-10,9,-16,10,-12,9,-16,7,-12,5,-9,7,-13,9,-16,8,-16,9,-12,5,-14,7,-15,6,-17,5,-14,5,-18,4,-15,3,-15,5,-11,3,-13,7,-15,5,-15,7,-17,5,-17,6,-14,3,-17,7,-17,8,-15,10,-21,5,-17,4,-14,9,-11,4,-18,11,-16,7,-14,13,-20,10,-17,12,-15,7,-21,7,-18,9,-21,12,-20,7,-18,10,-19,11,0,0,0,0,0,0,10,20,12,27,7,16,9,23,11,27,7,20,9,25,8,19,8,22,6,18,8,19,12,20,7,20,11,22,7,18,8,18,11,17,9,22,9,18,8,24,7,16,10,23,6,15,7,15,12,20,9,18,12,22,9,18,9,18,10,19,9,23,9,20,5,25,4,20,7,20,4,15,7,20,4,20,8,20,3,23,3,24,1,18,0,21,0,22,0,19,-5,20,-5,16,-2,17,-2,10,-4,15,-5,13,-2,14,-7,13,-6,14,-7,8,-9,9,-8,8,0,0,0,0,0,0,0,0,0,0]"""
1782116243556,2026-06-22T17:17:23.556,safe,transition,yja,stand_to_sit,t007,"CSI_DATA,1076130,1a:00:00:00:00:00,-63,11,-99,21,47,11,-1039591440,47,2,256,0,""[0,0,0,0,0,0,0,0,0,0,0,0,-1,7,-3,10,-3,8,-5,11,-3,8,-6,11,-8,10,-8,7,-7,11,-8,7,-8,10,-9,11,-10,10,-8,10,-13,11,-5,9,-11,12,-9,10,-13,13,-15,10,-15,6,-11,11,-11,7,-12,11,-13,11,-11,10,-9,10,-12,11,-6,9,-8,13,-9,11,-13,13,-14,11,-11,10,-12,10,-8,10,-8,10,-7,13,-7,17,-6,13,-10,16,-2,11,-2,18,-3,16,-5,24,-7,16,-3,17,-5,18,-2,17,-2,19,1,21,1,22,0,23,2,18,4,24,1,27,0,22,0,0,0,0,0,0,27,-3,21,-1,28,-5,24,-1,16,-4,26,-5,18,-5,26,-8,18,-3,26,-5,22,-5,22,-1,21,-8,20,-3,21,-8,18,-11,19,-8,18,-11,24,-11,13,-10,17,-17,17,-10,21,-14,17,-11,21,-7,18,-13,15,-11,15,-15,18,-15,15,-13,12,-12,20,-17,9,-15,15,-21,15,-13,18,-20,18,-10,15,-15,20,-11,17,-12,15,-9,13,-13,13,-13,12,-13,17,-11,8,-12,14,-13,15,-8,17,-10,12,-5,13,-6,14,-4,11,-5,13,-3,12,-5,10,-5,11,-3,0,0,0,0,0,0,0,0,0,0]"""
1782116243573,2026-06-22T17:17:23.573,safe,transition,yja,stand_to_sit,t007,"CSI_DATA,1076131,1a:00:00:00:00:00,-63,11,-99,16,48,11,-1039574929,47,2,256,0,""[0,0,0,0,0,0,0,0,0,0,0,0,-7,5,-5,5,-9,5,-8,3,-9,5,-10,3,-11,3,-11,3,-11,1,-14,3,-12,1,-12,0,-14,0,-14,0,-13,0,-16,-2,-14,-2,-16,-1,-15,-5,-15,-2,-15,-2,-14,-6,-15,-4,-16,-5,-14,-6,-14,-6,-14,-5,-11,-3,-16,-7,-14,-6,-14,-5,-14,-7,-16,-5,-15,-7,-15,-4,-13,-5,-16,-5,-15,-6,-16,-6,-17,-5,-15,-1,-17,-6,-15,-5,-18,-3,-16,-3,-21,-1,-17,-4,-20,-1,-20,-4,-20,-3,-20,-5,-18,-5,-18,-3,-24,-5,-22,-5,-22,-4,-24,-6,0,0,0,0,0,0,-5,22,-5,25,-4,23,-3,23,-6,24,-3,21,-7,26,-7,21,-5,25,-6,21,-5,21,-4,22,-7,18,-5,24,-5,21,-6,19,-6,21,-5,21,-2,19,-7,24,-4,20,-3,22,-5,20,-3,22,-3,24,-6,19,-5,22,-4,24,-5,20,-5,21,-5,20,-1,19,-9,23,-7,20,-5,22,-9,19,-7,22,-9,20,-9,20,-9,16,-11,18,-11,18,-14,14,-12,15,-9,14,-14,13,-12,11,-11,13,-11,9,-12,11,-12,7,-12,8,-12,5,-13,5,-11,3,-11,0,-9,2,0,0,0,0,0,0,0,0,0,0]"""
1782116243582,2026-06-22T17:17:23.582,safe,transition,yja,stand_to_sit,t007,"CSI_DATA,1076132,1a:00:00:00:00:00,-63,11,-99,17,48,11,-1039569624,47,2,256,0,""[0,0,0,0,0,0,0,0,0,0,0,0,-8,1,-9,2,-7,0,-11,1,-9,0,-11,0,-13,-2,-8,-3,-13,0,-10,-4,-14,-1,-15,-1,-14,-1,-13,-1,-16,-3,-11,-1,-17,-3,-15,-3,-15,-5,-16,-5,-12,-5,-15,-5,-12,-5,-16,-2,-15,-4,-16,-4,-15,-3,-15,-6,-11,0,-16,0,-15,-3,-20,-3,-14,-3,-15,-3,-15,-5,-14,-2,-15,-1,-17,5,-14,2,-13,4,-18,0,-13,5,-17,6,-17,5,-20,7,-18,2,-18,6,-20,3,-15,5,-19,8,-17,14,-16,13,-20,10,-17,11,-14,18,-19,15,-18,11,0,0,0,0,0,0,16,20,14,16,17,19,15,20,13,16,18,18,15,12,18,17,15,13,18,18,17,17,14,17,18,14,14,13,21,11,20,10,18,8,17,8,20,12,17,5,22,6,19,7,22,9,19,10,18,10,20,7,18,8,21,2,23,3,20,4,20,5,22,8,18,0,22,1,22,3,27,3,19,8,20,5,19,10,19,6,18,5,22,2,19,3,17,3,17,8,17,2,20,3,16,6,18,8,11,8,13,8,10,10,11,8,8,8,11,7,11,7,8,8,0,0,0,0,0,0,0,0,0,0]"""
1782116243592,2026-06-22T17:17:23.592,safe,transition,yja,stand_to_sit,t007,"CSI_DATA,1076133,1a:00:00:00:00:00,-63,11,-99,16,48,11,-1039558624,47,2,256,0,""[0,0,0,0,0,0,0,0,0,0,0,0,-5,-5,-7,-7,-4,-7,-5,-9,-5,-6,-7,-11,-6,-13,-3,-9,-6,-12,-2,-11,-6,-13,-4,-14,-4,-14,-5,-12,-5,-16,-4,-11,-5,-14,-6,-14,-5,-16,-3,-18,-1,-15,-3,-14,-3,-14,-5,-16,-4,-15,-4,-15,-3,-14,-4,-16,-6,-11,-7,-13,-7,-14,-9,-18,-5,-15,-7,-14,-5,-14,-7,-12,-9,-11,-12,-12,-9,-11,-9,-11,-9,-13,-12,-7,-16,-8,-14,-11,-20,-14,-12,-11,-17,-9,-15,-13,-14,-7,-17,-9,-22,-9,-18,-5,-20,-8,-21,-8,-20,-5,-22,-7,-23,-7,0,0,0,0,0,0,-7,21,-5,20,-6,28,-5,23,-3,18,-3,25,-3,19,-2,27,-1,20,-1,27,-1,26,-3,20,0,21,-3,20,1,24,3,22,1,21,1,18,1,22,6,16,9,22,7,21,8,25,6,24,4,19,5,20,5,18,11,20,9,20,9,18,6,17,9,22,11,14,12,18,11,19,13,25,6,21,9,20,5,22,7,16,7,18,11,18,7,18,5,14,5,17,9,14,9,16,4,16,4,22,1,14,3,16,-1,14,2,12,0,13,0,14,2,12,0,10,0,0,0,0,0,0,0,0,0,0]"""
1782116243602,2026-06-22T17:17:23.602,safe,transition,yja,stand_to_sit,t007,"CSI_DATA,1076134,1a:00:00:00:00:00,-63,11,-99,9,47,11,-1039546873,47,2,256,0,""[0,0,0,0,0,0,0,0,0,0,0,0,10,18,-1,27,-9,16,13,-3,-18,24,-5,4,-9,-11,-1,16,0,12,4,9,-12,14,-18,15,-15,19,-10,9,-6,1,-12,6,-10,14,-16,3,-15,8,-12,7,-18,10,-14,4,-14,8,-15,9,-12,8,-12,8,-12,7,-12,7,-14,8,-13,6,-14,8,-16,8,-16,6,-15,8,-14,8,-11,7,-13,8,-12,11,-12,11,-11,11,-12,11,-13,10,-13,12,-12,13,-15,13,-15,14,-13,13,-13,12,-15,13,-14,15,-14,16,-12,16,-13,16,-15,16,-14,18,-16,17,-16,16,0,0,0,0,0,0,17,16,17,16,18,16,17,15,16,14,18,16,16,16,17,16,19,13,19,16,17,16,16,15,16,16,16,12,20,13,17,11,18,11,18,11,17,11,16,11,16,12,18,8,20,11,21,14,18,11,18,12,17,10,22,10,19,10,22,8,20,9,19,9,18,12,18,12,18,9,20,13,20,15,16,15,16,13,14,15,14,11,16,12,14,14,12,13,11,14,11,10,9,12,12,14,11,15,7,17,7,13,6,15,1,12,8,11,6,13,2,9,0,8,0,0,0,0,0,0,0,0,0,0]"""
1782116243626,2026-06-22T17:17:23.626,safe,transition,yja,stand_to_sit,t007,"CSI_DATA,1076135,1a:00:00:00:00:00,-63,11,-99,21,47,11,-1039520749,47,2,256,0,""[0,0,0,0,0,0,0,0,0,0,0,0,6,-5,7,-5,9,-4,9,-4,9,-4,12,-3,13,-2,12,-1,11,-1,11,-1,14,0,13,0,14,0,13,0,15,1,14,4,16,3,14,3,15,4,18,6,17,3,12,7,14,7,17,5,15,5,15,6,13,7,14,8,13,7,14,8,14,8,15,8,15,8,14,8,13,6,12,8,13,7,17,7,15,6,17,5,15,6,15,6,17,6,17,4,18,9,19,8,17,6,18,6,17,7,19,6,23,6,18,6,19,8,22,8,21,5,21,8,23,10,0,0,0,0,0,0,8,-22,8,-20,11,-25,11,-20,9,-20,10,-22,9,-21,10,-23,9,-20,13,-23,13,-22,10,-20,10,-18,8,-19,10,-21,8,-18,8,-20,8,-19,8,-19,8,-18,9,-20,6,-18,10,-20,11,-21,8,-20,9,-18,10,-18,8,-22,8,-20,9,-20,10,-18,8,-18,10,-18,10,-19,11,-18,14,-19,14,-18,13,-17,15,-16,14,-13,14,-13,17,-15,15,-13,14,-12,15,-11,15,-9,15,-9,15,-8,17,-5,15,-4,14,-3,14,-2,13,-1,13,-1,13,-1,11,0,11,0,0,0,0,0,0,0,0,0,0,0]"""
1782116243636,2026-06-22T17:17:23.636,safe,transition,yja,stand_to_sit,t007,"CSI_DATA,1076136,1a:00:00:00:00:00,-63,11,-99,17,48,11,-1039520641,47,2,256,0,""[0,0,0,0,0,0,0,0,0,0,0,0,-6,-4,-7,-6,-7,-6,-7,-7,-6,-8,-6,-9,-5,-10,-4,-9,-8,-11,-2,-11,-4,-11,-1,-13,-3,-14,-2,-15,-1,-17,-5,-13,-3,-15,-1,-15,0,-15,0,-16,1,-13,1,-18,3,-14,2,-15,4,-17,3,-15,3,-15,4,-16,1,-15,0,-15,1,-14,1,-15,3,-15,3,-14,3,-16,2,-16,3,-16,1,-15,2,-15,1,-17,3,-17,-2,-17,-3,-17,0,-20,0,-19,1,-15,0,-20,1,-18,0,-20,1,-22,0,-20,-1,-22,0,-22,-1,-21,-1,-23,1,-25,0,-23,0,0,0,0,0,0,-27,-1,-24,-1,-24,-1,-23,0,-23,-1,-25,0,-22,0,-25,-1,-23,-2,-21,-2,-22,-2,-20,-3,-25,0,-21,-6,-21,-3,-22,-3,-21,-1,-22,-2,-24,-3,-20,1,-22,2,-20,0,-20,-1,-22,0,-20,-4,-24,-1,-21,-3,-19,-3,-22,-4,-20,-3,-22,-4,-23,-4,-22,0,-21,0,-22,-2,-21,-4,-20,-5,-20,-5,-20,-8,-20,-5,-18,-9,-17,-8,-18,-10,-17,-10,-15,-11,-16,-7,-15,-8,-13,-11,-13,-11,-8,-10,-9,-11,-7,-11,-8,-11,-5,-11,-6,-10,-5,-11,-3,-10,0,0,0,0,0,0,0,0,0,0]"""
1782116243647,2026-06-22T17:17:23.647,safe,transition,yja,stand_to_sit,t007,"CSI_DATA,1076137,1a:00:00:00:00:00,-63,11,-99,17,48,11,-1039512882,47,2,256,0,""[0,0,0,0,0,0,0,0,0,0,0,0,-9,1,-6,0,-11,-1,-8,0,-11,-2,-9,-3,-10,-1,-13,-3,-9,-5,-14,-5,-12,-5,-10,-5,-13,-6,-10,-9,-8,-6,-13,-13,-8,-8,-10,-13,-8,-11,-8,-11,-10,-15,-8,-11,-11,-15,-8,-13,-9,-13,-8,-13,-8,-13,-6,-8,-8,-19,-6,-13,-6,-15,-5,-11,-9,-14,-8,-15,-9,-13,-6,-13,-8,-16,-7,-15,-9,-15,-9,-15,-8,-10,-8,-18,-5,-14,-11,-16,-7,-10,-13,-14,-8,-15,-13,-13,-11,-18,-12,-16,-10,-17,-10,-17,-9,-15,-14,-21,-9,-19,-8,-16,-14,-21,0,0,0,0,0,0,-20,10,-23,13,-18,10,-20,8,-26,10,-16,7,-27,11,-18,7,-25,10,-18,6,-20,8,-21,11,-19,7,-23,13,-20,9,-18,9,-20,9,-19,9,-15,8,-23,8,-17,6,-22,8,-17,6,-18,8,-21,11,-18,6,-22,10,-20,8,-20,8,-21,9,-21,8,-15,8,-27,5,-19,3,-22,4,-17,2,-24,6,-22,3,-22,5,-20,1,-23,1,-20,-2,-20,-1,-19,-2,-15,-1,-19,-6,-13,-6,-17,-5,-11,-5,-15,-6,-13,-6,-14,-6,-13,-8,-11,-8,-8,-9,-6,-8,-6,-8,0,0,0,0,0,0,0,0,0,0]"""
1782116243657,2026-06-22T17:17:23.657,safe,transition,yja,stand_to_sit,t007,"CSI_DATA,1076138,1a:00:00:00:00:00,-63,11,-99,16,48,11,-1039502672,47,2,256,0,""[0,0,0,0,0,0,0,0,0,0,0,0,-5,6,-7,7,-7,7,-7,7,-8,7,-7,5,-9,6,-10,3,-10,7,-12,5,-12,5,-11,4,-12,5,-14,4,-14,4,-13,5,-12,5,-14,3,-14,3,-16,2,-18,0,-17,3,-16,0,-16,1,-16,1,-14,1,-15,1,-15,1,-16,5,-16,5,-15,3,-15,2,-16,3,-16,3,-16,2,-15,5,-14,4,-13,5,-15,5,-16,7,-16,5,-13,10,-13,10,-16,9,-14,9,-14,9,-14,11,-16,9,-17,12,-18,12,-15,12,-15,15,-16,14,-16,15,-16,16,-16,17,-19,16,0,0,0,0,0,0,17,19,18,18,16,15,18,16,18,18,16,15,18,16,18,14,18,17,14,14,16,14,13,14,19,14,16,15,16,14,16,13,17,12,18,13,18,12,20,8,18,7,19,10,18,9,19,9,18,12,22,9,20,11,19,9,20,11,18,9,20,9,19,10,22,7,22,6,20,7,20,9,19,10,18,11,18,12,18,11,17,12,16,11,16,12,16,12,14,13,16,9,14,9,13,12,11,11,9,11,9,11,8,12,9,11,6,12,6,11,5,11,3,11,0,0,0,0,0,0,0,0,0,0]"""
1782116243667,2026-06-22T17:17:23.667,safe,transition,yja,stand_to_sit,t007,"CSI_DATA,1076139,1a:00:00:00:00:00,-63,11,-99,16,48,11,-1039491336,47,2,256,0,""[0,0,0,0,0,0,0,0,0,0,0,0,-2,-9,0,-8,0,-10,-1,-9,0,-10,3,-9,1,-9,3,-12,2,-13,4,-12,7,-11,7,-11,7,-11,9,-12,7,-10,11,-14,9,-11,11,-11,9,-8,9,-10,12,-12,11,-10,14,-11,13,-8,13,-7,14,-6,15,-7,11,-7,16,-10,11,-7,14,-9,11,-5,9,-7,12,-10,12,-9,12,-10,16,-10,13,-7,13,-7,14,-8,14,-8,15,-11,14,-7,12,-11,13,-5,12,-12,16,-11,13,-11,15,-15,20,-13,17,-9,16,-12,17,-10,18,-14,18,-10,20,-12,20,-12,0,0,0,0,0,0,-11,-18,-12,-24,-5,-18,-12,-21,-11,-26,-7,-19,-9,-24,-7,-20,-9,-24,-7,-18,-8,-20,-8,-22,-11,-21,-9,-23,-5,-20,-5,-22,-5,-20,-5,-22,-6,-20,-9,-24,-8,-18,-8,-22,-5,-16,-8,-16,-8,-21,-8,-21,-9,-23,-4,-19,-3,-21,-4,-22,-4,-23,-5,-21,-5,-25,-3,-20,-4,-23,0,-17,-4,-20,-2,-19,-3,-21,-1,-24,2,-22,4,-17,5,-19,7,-20,4,-17,7,-19,6,-15,6,-16,5,-11,6,-13,7,-12,7,-12,7,-11,11,-9,10,-5,11,-5,11,-4,0,0,0,0,0,0,0,0,0,0]"""
1782116243677,2026-06-22T17:17:23.677,safe,transition,yja,stand_to_sit,t007,"CSI_DATA,1076140,1a:00:00:00:00:00,-63,11,-99,21,47,11,-1039478813,47,2,256,0,""[0,0,0,0,0,0,0,0,0,0,0,0,0,-8,0,-10,0,-7,0,-11,0,-8,1,-13,3,-13,1,-10,2,-10,1,-10,1,-14,1,-14,0,-14,1,-12,2,-15,3,-12,5,-17,2,-12,5,-18,6,-18,3,-16,5,-13,3,-15,1,-17,0,-16,1,-17,1,-14,2,-17,1,-12,1,-16,1,-15,0,-20,0,-17,-1,-15,-2,-15,0,-15,-3,-13,-6,-15,-8,-15,-7,-13,-8,-15,-6,-12,-9,-16,-9,-11,-13,-19,-8,-19,-12,-13,-11,-15,-11,-13,-14,-11,-19,-11,-16,-10,-18,-13,-17,-13,-20,-11,-22,-13,-19,-13,0,0,0,0,0,0,-10,22,-6,18,-10,28,-11,21,-5,17,-8,25,-5,18,-7,26,-3,19,-6,27,-7,25,-3,22,-5,22,0,18,1,23,3,22,4,22,3,19,3,22,2,18,5,23,6,18,8,25,5,23,9,19,5,18,8,16,12,19,13,18,12,18,10,17,11,21,10,15,13,20,11,17,15,24,10,21,11,17,10,20,8,17,10,15,14,17,12,16,10,13,10,16,8,13,10,18,6,13,7,19,5,15,5,14,5,13,3,12,4,11,5,13,3,10,3,12,0,0,0,0,0,0,0,0,0,0]"""
1782116243686,2026-06-22T17:17:23.686,safe,transition,yja,stand_to_sit,t007,"CSI_DATA,1076141,1a:00:00:00:00:00,-63,11,-99,21,47,11,-1039470106,47,2,256,0,""[0,0,0,0,0,0,0,0,0,0,0,0,-1,8,-1,10,-1,8,-1,10,-3,10,-3,10,-5,11,-5,8,-5,13,-6,9,-7,10,-8,11,-8,11,-9,11,-10,13,-8,11,-8,12,-10,12,-11,13,-11,11,-10,9,-11,15,-11,8,-11,10,-13,11,-11,8,-13,9,-13,11,-9,12,-9,13,-11,11,-12,14,-10,11,-10,12,-10,12,-10,13,-8,11,-8,11,-7,13,-8,13,-10,15,-5,14,-5,17,-8,17,-7,18,-6,15,-6,18,-8,17,-3,20,-6,21,-5,22,-3,22,-5,22,-4,20,-3,23,-5,24,-5,25,0,0,0,0,0,0,26,5,23,5,25,4,25,5,21,4,24,5,22,2,24,3,23,2,23,3,23,1,21,3,23,0,21,3,22,2,22,2,22,0,22,1,25,1,20,-3,20,-2,22,0,23,0,23,-1,19,-3,23,-4,20,0,22,-1,22,-1,20,0,20,0,25,0,19,-5,22,-5,21,-1,26,-3,21,-1,22,-5,23,-1,21,-1,19,1,19,0,20,0,18,1,20,3,17,0,18,1,18,3,17,5,13,5,15,5,13,6,15,5,11,5,11,6,8,7,9,6,0,0,0,0,0,0,0,0,0,0]"""
1782116243697,2026-06-22T17:17:23.697,safe,transition,yja,stand_to_sit,t007,"CSI_DATA,1076142,1a:00:00:00:00:00,-63,11,-99,16,48,11,-1039450924,47,2,256,0,""[0,0,0,0,0,0,0,0,0,0,0,0,-8,6,-6,3,-11,4,-8,3,-12,2,-9,1,-9,1,-12,0,-12,0,-16,0,-12,0,-13,-1,-12,-1,-14,-3,-12,-3,-16,-7,-12,-5,-14,-7,-11,-7,-12,-8,-15,-10,-11,-10,-16,-9,-12,-9,-12,-10,-12,-9,-10,-11,-11,-8,-12,-15,-9,-10,-11,-12,-7,-10,-12,-11,-10,-14,-11,-11,-10,-11,-12,-11,-11,-11,-12,-15,-14,-13,-12,-11,-11,-15,-11,-12,-14,-11,-9,-7,-15,-12,-11,-12,-15,-11,-13,-18,-14,-15,-11,-14,-14,-15,-12,-14,-16,-18,-13,-18,-12,-16,-15,-18,0,0,0,0,0,0,-19,12,-24,16,-16,10,-20,12,-24,14,-16,10,-26,12,-19,11,-24,10,-18,8,-18,9,-22,12,-20,9,-22,13,-18,9,-18,9,-19,10,-20,10,-17,8,-24,9,-17,8,-22,9,-16,7,-18,7,-22,9,-20,6,-22,10,-19,7,-20,7,-22,7,-22,7,-18,7,-27,3,-19,2,-22,5,-17,1,-22,2,-21,0,-21,1,-22,-1,-23,-2,-20,-3,-20,-5,-20,-5,-18,-5,-18,-9,-14,-8,-16,-7,-9,-6,-14,-8,-11,-10,-11,-8,-9,-11,-10,-11,-5,-10,-5,-10,-5,-9,0,0,0,0,0,0,0,0,0,0]"""
1782116243706,2026-06-22T17:17:23.706,safe,transition,yja,stand_to_sit,t007,"CSI_DATA,1076143,1a:00:00:00:00:00,-63,11,-99,17,48,11,-1039448413,47,2,256,0,""[0,0,0,0,0,0,0,0,0,0,0,0,8,4,6,4,7,5,8,5,8,6,8,8,10,8,9,9,5,8,8,10,10,10,6,11,7,11,7,11,8,10,6,15,5,13,8,13,8,14,8,17,9,15,3,13,6,15,7,16,6,14,4,15,3,13,6,12,6,15,7,14,6,15,6,15,9,15,8,14,8,15,6,11,8,14,10,14,10,13,8,15,9,11,11,15,11,13,13,13,11,15,16,16,13,13,15,13,15,13,17,13,18,14,13,12,15,13,18,16,17,13,17,13,21,13,0,0,0,0,0,0,11,-19,13,-20,14,-22,12,-20,13,-17,11,-18,14,-21,11,-19,11,-22,14,-18,13,-21,12,-20,10,-16,11,-20,10,-21,11,-18,9,-20,8,-19,5,-17,9,-20,8,-19,6,-20,8,-22,6,-22,5,-22,5,-18,7,-21,6,-23,5,-21,6,-20,6,-20,4,-17,7,-22,5,-20,6,-21,8,-22,7,-23,7,-20,8,-21,8,-16,10,-20,10,-20,10,-17,8,-15,7,-15,10,-15,10,-13,8,-15,11,-11,11,-13,10,-11,10,-8,8,-8,11,-8,10,-8,10,-5,10,-4,0,0,0,0,0,0,0,0,0,0]"""
1782116243716,2026-06-22T17:17:23.716,safe,transition,yja,stand_to_sit,t007,"CSI_DATA,1076144,1a:00:00:00:00:00,-63,11,-99,21,47,11,-1039437625,47,2,256,0,""[0,0,0,0,0,0,0,0,0,0,0,0,-7,5,-8,5,-7,5,-9,5,-8,5,-11,4,-12,4,-10,1,-10,5,-13,2,-13,5,-14,5,-13,6,-13,6,-15,5,-12,5,-16,6,-12,5,-17,4,-17,7,-13,3,-15,4,-13,3,-15,9,-15,7,-13,6,-13,6,-15,6,-11,10,-13,10,-12,10,-16,11,-14,7,-13,13,-15,8,-13,8,-12,13,-6,13,-9,11,-5,15,-13,15,-1,9,-2,14,-10,19,-8,27,-8,18,0,19,-10,20,-6,20,-1,25,4,22,-3,20,-5,20,-1,20,11,27,5,26,6,25,0,0,0,0,0,0,23,-6,20,-8,29,-11,25,-6,18,-7,22,-10,19,-10,22,-13,19,-11,22,-11,20,-11,20,-8,17,-13,18,-11,16,-18,15,-16,12,-17,12,-15,15,-17,8,-16,9,-20,10,-18,11,-22,11,-19,11,-17,9,-19,8,-17,4,-23,5,-22,4,-19,5,-17,8,-20,0,-18,0,-22,4,-22,4,-27,8,-21,3,-20,8,-21,5,-18,3,-20,0,-22,1,-20,0,-17,4,-18,0,-17,0,-19,3,-17,5,-19,6,-13,5,-15,7,-12,4,-12,5,-11,4,-13,3,-11,5,-10,0,0,0,0,0,0,0,0,0,0]"""
1782116243727,2026-06-22T17:17:23.727,safe,transition,yja,stand_to_sit,t007,"CSI_DATA,1076145,1a:00:00:00:00:00,-63,11,-99,17,48,11,-1039426481,47,2,256,0,""[0,0,0,0,0,0,0,0,0,0,0,0,-5,-6,-6,-6,-3,-6,-4,-10,-3,-8,-4,-11,-3,-11,-3,-11,-1,-11,0,-11,0,-13,0,-13,1,-13,2,-13,4,-15,2,-13,4,-16,3,-12,8,-17,8,-17,5,-15,8,-13,7,-11,10,-13,10,-13,10,-10,8,-10,8,-13,8,-10,10,-14,8,-11,12,-15,11,-12,9,-11,11,-11,8,-10,10,-11,11,-13,11,-11,10,-11,10,-13,8,-12,10,-15,10,-14,13,-16,11,-15,11,-15,13,-13,11,-13,13,-15,15,-18,13,-15,13,-16,16,-15,15,-17,18,-18,18,-15,0,0,0,0,0,0,-17,-18,-13,-16,-20,-23,-16,-17,-11,-16,-16,-18,-11,-18,-15,-21,-13,-15,-15,-23,-13,-20,-11,-18,-10,-18,-8,-18,-12,-20,-10,-18,-10,-20,-10,-18,-11,-18,-9,-16,-11,-18,-11,-15,-11,-22,-11,-20,-10,-18,-8,-18,-7,-17,-10,-21,-7,-21,-7,-20,-6,-19,-8,-20,-6,-18,-7,-22,-7,-18,-6,-27,-3,-23,-2,-22,0,-22,0,-18,0,-18,0,-21,3,-20,3,-17,4,-18,3,-17,5,-18,5,-15,10,-17,8,-15,7,-13,9,-11,8,-9,9,-7,10,-8,9,-6,9,-5,0,0,0,0,0,0,0,0,0,0]"""
1782116243738,2026-06-22T17:17:23.738,safe,transition,yja,stand_to_sit,t007,"CSI_DATA,1076146,1a:00:00:00:00:00,-63,11,-99,-1,48,11,-1039415625,47,2,256,0,""[0,0,0,0,0,0,0,0,0,0,0,0,-3,-5,-3,-7,-8,-6,-6,-5,-8,-11,-8,-11,-4,-10,-8,-9,-3,-11,-5,-9,-3,-10,-1,-11,-1,-14,-2,-14,-4,-14,-3,-14,-1,-12,-5,-14,-3,-14,-4,-16,-6,-14,-2,-18,1,-15,0,-15,2,-16,0,-18,-1,-18,-4,-14,0,-16,-1,-13,-4,-14,-2,-14,-4,-18,-2,-15,-6,-15,-2,-14,-5,-15,-4,-14,-4,-15,-4,-14,-5,-14,-9,-16,-7,-13,-10,-15,-9,-16,-9,-15,-11,-15,-11,-15,-11,-14,-12,-19,-12,-19,-11,-18,-13,-15,-13,-21,-13,-19,-14,-16,-15,-14,0,0,0,0,0,0,-18,16,-18,18,-16,14,-14,19,-20,18,-15,16,-20,19,-14,15,-15,19,-13,14,-15,18,-14,16,-14,15,-14,16,-15,16,-14,14,-15,19,-13,19,-9,18,-14,16,-13,18,-7,20,-11,16,-10,21,-10,20,-9,18,-11,20,-11,21,-12,19,-10,20,-8,21,-5,16,-13,22,-9,20,-8,19,-11,15,-8,21,-12,18,-10,18,-11,16,-13,18,-12,15,-14,14,-12,14,-11,14,-14,12,-12,10,-10,13,-11,9,-13,11,-12,8,-11,10,-10,6,-13,7,-10,5,-9,3,-8,3,0,0,0,0,0,0,0,0,0,0]"""
1782116243747,2026-06-22T17:17:23.747,safe,transition,yja,stand_to_sit,t007,"CSI_DATA,1076147,1a:00:00:00:00:00,-63,11,-99,17,48,11,-1039401583,47,2,256,0,""[0,0,0,0,0,0,0,0,0,0,0,0,0,10,0,8,-2,11,-2,8,-5,11,-2,8,-1,10,-4,11,-5,12,-6,13,-8,10,-8,11,-9,10,-11,10,-10,8,-13,11,-9,9,-15,9,-10,6,-10,8,-13,7,-13,9,-14,9,-15,5,-14,5,-14,6,-17,5,-13,5,-18,5,-15,3,-17,3,-11,4,-13,6,-15,6,-13,6,-16,9,-16,6,-15,4,-16,6,-17,5,-15,5,-17,6,-16,5,-18,5,-12,6,-15,9,-15,8,-16,11,-18,10,-20,10,-18,5,-21,8,-19,7,-22,10,-22,6,-19,7,-22,8,0,0,0,0,0,0,5,23,5,27,2,19,3,24,5,27,1,21,3,26,2,20,0,27,5,18,5,20,5,23,7,22,5,25,1,20,4,20,3,21,1,22,1,20,5,24,3,19,1,23,2,18,5,19,3,21,5,22,5,24,0,20,2,21,3,22,1,22,0,21,0,25,0,20,-3,22,0,17,0,22,-2,21,-1,22,-1,22,-5,22,-8,17,-6,20,-10,18,-8,15,-11,17,-9,12,-11,13,-7,10,-9,12,-9,11,-10,11,-11,10,-12,7,-11,3,-10,4,-11,3,0,0,0,0,0,0,0,0,0,0]"""
1782116243762,2026-06-22T17:17:23.762,safe,transition,yja,stand_to_sit,t007,"CSI_DATA,1076148,1a:00:00:00:00:00,-63,11,-99,20,47,11,-1039385678,47,2,256,0,""[0,0,0,0,0,0,0,0,0,0,0,0,-2,-6,-2,-10,-1,-7,-2,-12,-1,-8,0,-14,1,-12,2,-11,2,-12,3,-9,5,-12,5,-12,5,-12,5,-12,8,-14,6,-11,9,-14,7,-11,12,-16,14,-11,10,-7,11,-11,11,-7,13,-11,13,-9,13,-9,13,-8,16,-9,8,-8,15,-11,12,-8,18,-12,14,-5,12,-8,14,-7,13,-7,9,-7,13,-10,12,-9,10,-9,15,-8,10,-9,16,-12,13,-8,23,-14,15,-7,16,-10,18,-8,16,-8,16,-11,18,-14,16,-12,21,-14,18,-9,18,-13,22,-14,20,-11,0,0,0,0,0,0,-12,-23,-6,-18,-12,-29,-7,-24,-3,-15,-9,-28,-7,-16,-9,-25,-6,-16,-7,-29,-5,-26,-1,-19,-5,-20,-1,-16,-5,-24,-6,-22,-5,-22,-4,-18,-3,-24,-3,-16,-5,-24,-3,-17,-5,-26,-4,-22,-1,-19,-3,-21,0,-18,-5,-22,-4,-22,-1,-22,-1,-20,1,-24,-1,-15,0,-24,0,-18,2,-31,5,-22,3,-21,6,-20,6,-19,5,-14,7,-20,7,-18,6,-15,11,-16,5,-13,10,-16,9,-11,16,-16,12,-9,12,-9,12,-5,10,-7,9,-5,12,-5,11,-3,11,-2,0,0,0,0,0,0,0,0,0,0]"""
1782116243772,2026-06-22T17:17:23.772,safe,transition,yja,stand_to_sit,t007,"CSI_DATA,1076149,1a:00:00:00:00:00,-63,11,-99,17,48,11,-1039380237,47,2,256,0,""[0,0,0,0,0,0,0,0,0,0,0,0,2,-8,1,-10,1,-8,3,-10,1,-10,3,-10,3,-11,4,-9,2,-13,5,-10,6,-11,6,-11,6,-13,6,-11,8,-13,3,-11,5,-15,5,-14,6,-16,7,-16,8,-13,5,-15,6,-15,6,-13,6,-15,4,-14,5,-14,5,-15,0,-15,0,-16,2,-16,1,-17,1,-15,0,-16,0,-15,-3,-16,-2,-15,-3,-15,-3,-15,-4,-15,-5,-17,-9,-13,-11,-14,-10,-17,-13,-17,-10,-13,-14,-13,-13,-15,-14,-14,-15,-15,-16,-13,-17,-12,-19,-12,-20,-11,-20,-10,-21,-11,-21,-9,0,0,0,0,0,0,-8,23,-8,22,-8,24,-6,23,-5,20,-4,24,-2,22,-1,25,-1,22,-2,23,1,23,-1,20,4,23,0,21,2,22,3,22,2,20,3,20,5,23,10,17,12,18,9,20,10,20,11,18,10,18,15,18,11,17,12,16,12,17,12,15,11,17,15,18,17,10,18,11,17,15,19,16,13,13,18,13,14,15,18,12,16,13,17,13,16,13,13,11,13,13,15,9,15,10,12,11,13,13,9,9,12,11,9,9,10,10,6,10,6,10,7,10,6,9,0,0,0,0,0,0,0,0,0,0]"""
1782116243781,2026-06-22T17:17:23.781,safe,transition,yja,stand_to_sit,t007,"CSI_DATA,1076150,1a:00:00:00:00:00,-63,11,-99,16,48,11,-1039369685,47,2,256,0,""[0,0,0,0,0,0,0,0,0,0,0,0,9,3,6,3,10,6,6,5,9,7,6,5,8,6,9,9,7,9,10,11,6,9,6,10,7,12,7,12,6,11,8,16,6,11,9,16,5,11,5,14,7,18,4,15,7,18,5,14,3,15,4,14,5,16,5,11,6,20,5,12,7,15,4,12,7,14,6,15,7,14,8,12,7,16,6,14,7,16,11,16,9,12,12,18,7,11,12,14,9,9,13,13,11,15,14,12,14,14,16,17,12,14,14,16,13,14,20,16,15,16,13,12,18,14,0,0,0,0,0,0,14,-16,18,-22,11,-14,14,-18,19,-23,12,-13,18,-24,11,-16,17,-22,11,-14,11,-17,13,-18,14,-19,14,-22,12,-16,12,-16,12,-19,13,-20,9,-15,11,-22,7,-16,9,-22,6,-14,8,-18,10,-22,9,-18,10,-23,9,-19,11,-19,9,-21,8,-22,5,-16,12,-25,9,-18,9,-22,6,-14,8,-22,11,-19,10,-20,9,-19,13,-18,12,-14,14,-15,14,-16,11,-12,14,-15,9,-9,12,-13,7,-7,11,-11,11,-8,11,-8,11,-7,14,-6,11,-3,11,-2,10,-2,0,0,0,0,0,0,0,0,0,0]"""
1782116243792,2026-06-22T17:17:23.792,safe,transition,yja,stand_to_sit,t007,"CSI_DATA,1076151,1a:00:00:00:00:00,-63,11,-99,16,48,11,-1039360625,47,2,256,0,""[0,0,0,0,0,0,0,0,0,0,0,0,-3,7,-6,7,-5,6,-7,7,-9,6,-10,7,-10,5,-9,3,-11,5,-11,1,-13,4,-13,3,-14,2,-13,1,-17,0,-12,3,-16,1,-14,1,-18,-1,-17,-6,-14,-6,-16,-3,-13,-4,-16,-3,-16,-3,-14,-3,-14,-4,-16,-5,-12,-2,-16,-3,-15,-3,-18,-5,-14,-9,-14,-6,-14,-9,-14,-6,-14,-4,-16,-1,-14,-3,-13,-2,-17,-6,-14,1,-18,0,-18,-4,-24,-5,-16,-7,-18,-4,-16,-9,-17,-5,-18,-5,-22,0,-21,0,-24,-4,-20,-4,-23,0,-24,-5,-22,-7,0,0,0,0,0,0,-9,25,-7,18,-9,26,-10,21,-7,18,-11,25,-5,18,-9,25,-7,18,-10,25,-11,22,-11,16,-9,20,-12,16,-7,22,-7,22,-7,18,-7,20,-11,20,-4,16,-5,22,-7,20,-10,23,-12,20,-12,14,-10,20,-11,15,-9,20,-9,20,-8,19,-8,18,-14,20,-7,16,-9,22,-12,18,-15,21,-17,14,-15,15,-18,12,-15,14,-15,12,-14,16,-14,12,-13,11,-18,8,-11,12,-14,11,-15,7,-18,6,-14,1,-14,1,-15,-1,-13,0,-12,0,-14,0,-12,0,-12,-2,0,0,0,0,0,0,0,0,0,0]"""
1782116243802,2026-06-22T17:17:23.802,safe,transition,yja,stand_to_sit,t007,"CSI_DATA,1076152,1a:00:00:00:00:00,-63,11,-99,16,48,11,-1039349616,47,2,256,0,""[0,0,0,0,0,0,0,0,0,0,0,0,3,-8,3,-10,3,-9,5,-9,4,-9,6,-10,7,-10,7,-9,7,-9,7,-9,9,-12,8,-10,9,-11,9,-10,9,-10,11,-9,12,-10,10,-11,13,-9,12,-11,11,-11,12,-7,12,-9,12,-11,12,-11,11,-12,11,-11,11,-11,12,-9,12,-11,11,-11,12,-12,12,-12,11,-11,10,-11,10,-11,8,-13,7,-15,7,-14,7,-14,7,-14,7,-15,7,-16,5,-17,7,-19,7,-18,5,-18,5,-18,4,-17,3,-20,3,-22,3,-19,2,-22,3,-24,1,-23,3,-22,2,-23,0,0,0,0,0,0,-22,0,-22,0,-25,0,-24,0,-22,1,-24,0,-23,0,-24,0,-23,3,-26,2,-24,2,-23,3,-20,1,-21,3,-23,7,-20,7,-22,7,-20,6,-18,7,-21,7,-21,9,-19,9,-20,9,-22,8,-18,10,-18,7,-17,11,-19,12,-18,11,-17,12,-16,11,-17,11,-18,9,-18,12,-16,12,-20,11,-21,11,-19,10,-18,9,-17,8,-18,11,-19,12,-18,8,-16,8,-16,7,-16,5,-17,6,-15,5,-17,5,-17,4,-14,3,-14,1,-12,0,-12,0,-12,1,-11,0,-11,0,0,0,0,0,0,0,0,0,0,0]"""
1782116243811,2026-06-22T17:17:23.811,safe,transition,yja,stand_to_sit,t007,"CSI_DATA,1076153,1a:00:00:00:00:00,-63,11,-99,19,47,11,-1039338035,47,2,256,0,""[0,0,0,0,0,0,0,0,0,0,0,0,0,10,0,10,-1,9,0,10,0,10,0,10,0,11,-2,10,-1,14,-4,10,-3,12,-4,14,-4,12,-5,13,-7,16,-2,14,-2,16,-4,16,-5,14,-8,14,-8,13,-5,18,-8,15,-6,14,-6,15,-5,15,-5,15,-5,17,-2,16,-2,16,-2,16,-2,15,-2,14,-2,14,-2,16,0,18,0,16,2,16,1,16,2,16,1,18,7,16,8,16,6,17,7,19,6,18,8,19,6,19,10,18,8,19,13,16,14,18,15,20,14,16,17,17,14,17,14,18,0,0,0,0,0,0,19,-17,17,-18,18,-17,17,-19,16,-18,17,-18,14,-18,13,-20,14,-18,13,-18,12,-19,14,-16,11,-22,14,-18,11,-18,12,-20,9,-19,9,-21,9,-21,3,-21,2,-21,4,-22,6,-20,4,-21,7,-20,2,-24,4,-21,2,-20,3,-22,1,-21,1,-21,3,-24,-2,-21,-2,-21,0,-24,0,-22,0,-20,0,-22,2,-22,0,-23,2,-21,0,-22,2,-20,2,-19,3,-18,0,-19,0,-18,2,-17,4,-17,2,-12,4,-14,6,-14,4,-14,6,-12,4,-11,5,-11,6,-12,0,0,0,0,0,0,0,0,0,0]"""
1782116243821,2026-06-22T17:17:23.821,safe,transition,yja,stand_to_sit,t007,"CSI_DATA,1076154,1a:00:00:00:00:00,-63,11,-99,17,48,11,-1039327626,47,2,256,0,""[0,0,0,0,0,0,0,0,0,0,0,0,5,-6,7,-8,5,-5,8,-8,6,-7,10,-7,8,-7,8,-5,10,-8,9,-5,11,-6,11,-5,12,-6,13,-6,15,-7,9,-5,14,-7,10,-6,18,-8,18,-6,15,-5,15,-8,13,-3,15,-6,15,-6,14,-5,12,-4,17,-6,10,-8,14,-10,11,-6,17,-11,13,-7,12,-10,13,-10,11,-10,9,-8,10,-12,11,-10,10,-10,13,-13,5,-11,8,-17,10,-14,13,-19,8,-13,6,-17,10,-17,6,-17,8,-18,7,-22,6,-19,6,-22,5,-18,5,-23,5,-26,6,-22,0,0,0,0,0,0,-26,-5,-20,-4,-30,-4,-22,-3,-15,-2,-25,-3,-19,0,-27,-1,-18,0,-29,-2,-23,1,-20,-1,-22,2,-19,-1,-23,1,-22,1,-21,2,-19,1,-24,3,-15,6,-22,8,-18,5,-25,8,-21,7,-19,5,-20,8,-16,5,-20,9,-21,9,-18,7,-17,5,-23,8,-13,10,-20,12,-18,8,-27,13,-20,8,-19,11,-22,7,-18,7,-17,6,-20,10,-18,8,-15,5,-18,5,-12,7,-18,8,-16,3,-21,4,-14,1,-15,3,-13,0,-13,2,-12,0,-13,0,-12,0,-11,-1,0,0,0,0,0,0,0,0,0,0]"""
1782116243832,2026-06-22T17:17:23.832,safe,transition,yja,stand_to_sit,t007,"CSI_DATA,1076155,1a:00:00:00:00:00,-63,11,-99,16,48,11,-1039316626,47,2,256,0,""[0,0,0,0,0,0,0,0,0,0,0,0,-5,-5,-7,-9,-5,-6,-7,-9,-3,-8,-5,-11,-3,-12,0,-10,-3,-13,0,-10,-2,-13,-1,-13,-1,-14,0,-14,1,-18,0,-11,0,-16,3,-12,2,-19,3,-15,5,-11,3,-18,5,-11,4,-14,5,-16,5,-14,5,-14,7,-17,1,-13,3,-16,5,-12,6,-18,6,-13,5,-13,7,-16,5,-14,5,-12,3,-15,3,-15,2,-16,5,-17,0,-13,0,-18,4,-18,3,-21,2,-17,3,-19,7,-18,3,-20,2,-19,1,-23,0,-21,3,-22,3,-18,-1,-24,2,-25,4,-22,0,0,0,0,0,0,-27,-5,-20,-5,-27,-7,-22,-7,-18,-5,-25,-6,-18,-3,-28,-5,-20,-5,-24,-8,-22,-7,-18,-9,-22,-5,-18,-8,-22,-5,-22,-5,-22,-3,-20,-4,-23,-7,-16,-1,-23,-3,-18,-5,-24,-5,-22,-6,-20,-9,-22,-4,-16,-6,-22,-5,-22,-5,-20,-5,-20,-5,-23,-9,-18,-1,-24,-4,-18,-7,-26,-9,-18,-11,-19,-10,-18,-14,-16,-11,-14,-10,-18,-9,-16,-11,-14,-10,-13,-15,-12,-8,-14,-12,-11,-12,-12,-15,-7,-13,-7,-12,-4,-12,-5,-12,-3,-11,-5,-12,-3,-11,-1,-11,0,0,0,0,0,0,0,0,0,0]"""
1782116243842,2026-06-22T17:17:23.842,safe,transition,yja,stand_to_sit,t007,"CSI_DATA,1076156,1a:00:00:00:00:00,-63,11,-99,16,48,11,-1039305617,47,2,256,0,""[0,0,0,0,0,0,0,0,0,0,0,0,5,-6,7,-8,5,-5,9,-8,5,-5,9,-9,10,-8,7,-5,9,-7,9,-4,11,-7,12,-8,12,-8,11,-7,16,-8,9,-5,15,-9,9,-6,18,-9,17,-7,15,-7,14,-6,11,-4,16,-8,14,-7,12,-6,11,-6,14,-7,11,-7,14,-10,10,-6,17,-12,14,-9,12,-11,14,-9,11,-9,8,-11,10,-13,10,-12,9,-12,12,-14,4,-12,7,-17,7,-14,10,-22,9,-15,6,-18,8,-16,7,-16,6,-18,4,-24,3,-18,3,-23,3,-19,1,-22,3,-26,4,-24,0,0,0,0,0,0,-25,-1,-20,-2,-31,0,-23,0,-16,0,-27,1,-20,1,-28,1,-18,2,-29,2,-24,3,-21,1,-20,3,-16,1,-22,5,-20,7,-20,7,-19,7,-24,7,-14,8,-20,11,-16,7,-25,12,-20,11,-18,9,-18,11,-14,9,-18,12,-18,12,-18,12,-16,9,-20,12,-12,11,-18,16,-14,12,-23,19,-18,11,-16,13,-19,11,-15,11,-14,9,-17,14,-16,12,-13,10,-18,10,-11,9,-17,12,-13,6,-20,9,-14,4,-14,5,-13,2,-11,4,-11,3,-13,3,-11,3,-12,1,0,0,0,0,0,0,0,0,0,0]"""
1782116243853,2026-06-22T17:17:23.853,safe,transition,yja,stand_to_sit,t007,"CSI_DATA,1076157,1a:00:00:00:00:00,-63,11,-99,16,48,11,-1039294626,47,2,256,0,""[0,0,0,0,0,0,0,0,0,0,0,0,4,-6,7,-7,5,-7,7,-7,9,-7,8,-6,7,-5,9,-4,10,-8,10,-7,11,-4,12,-5,12,-5,13,-5,16,-3,14,-3,15,-2,15,-1,15,-3,16,-1,15,0,16,-3,15,0,15,0,16,-1,15,0,17,1,18,2,16,0,16,0,16,1,16,-1,15,0,15,-2,16,0,17,-1,15,0,15,0,16,-3,16,-2,18,-1,15,-3,17,-1,18,-1,18,-3,16,-1,16,-5,18,-5,20,-7,19,-5,19,-5,22,-6,24,-3,20,-5,22,-5,22,-7,23,-7,0,0,0,0,0,0,-3,-26,-1,-25,-3,-24,0,-24,-3,-23,0,-24,-1,-22,-3,-24,-1,-23,-3,-21,-3,-21,-1,-20,-6,-24,-5,-22,0,-20,-4,-22,-5,-21,-4,-22,-2,-24,-3,-19,-3,-22,-2,-21,-5,-20,-6,-21,-5,-21,-7,-24,-5,-20,-3,-20,-6,-21,-5,-21,-3,-21,-3,-24,-5,-21,-3,-21,0,-22,-3,-22,-1,-20,-2,-21,-1,-21,0,-22,0,-19,3,-18,0,-21,3,-19,5,-20,4,-17,5,-16,9,-16,6,-15,6,-12,7,-13,7,-12,7,-12,8,-11,8,-8,8,-8,9,-7,0,0,0,0,0,0,0,0,0,0]"""
1782116243865,2026-06-22T17:17:23.865,safe,transition,yja,stand_to_sit,t007,"CSI_DATA,1076158,1a:00:00:00:00:00,-63,11,-99,18,48,11,-1039282378,47,2,256,0,""[0,0,0,0,0,0,0,0,0,0,0,0,-5,-4,-7,-8,-4,-4,-7,-9,-4,-6,-6,-13,-5,-12,-1,-9,-3,-11,-1,-9,-1,-14,0,-12,-1,-14,0,-13,0,-17,0,-10,1,-16,1,-11,4,-21,4,-15,2,-12,4,-15,6,-9,6,-15,7,-14,8,-13,7,-12,10,-15,3,-10,7,-15,6,-11,11,-20,9,-14,7,-14,7,-14,7,-11,6,-9,6,-14,7,-14,6,-11,9,-15,4,-11,6,-19,7,-13,14,-22,10,-14,9,-17,13,-15,7,-15,9,-15,11,-23,8,-17,14,-20,11,-15,11,-20,15,-22,13,-17,0,0,0,0,0,0,-19,-17,-12,-11,-22,-22,-16,-15,-9,-11,-19,-20,-12,-10,-19,-20,-12,-11,-20,-22,-15,-19,-11,-16,-14,-15,-8,-14,-13,-19,-12,-19,-14,-18,-11,-15,-14,-20,-9,-11,-15,-19,-9,-12,-17,-23,-13,-19,-10,-15,-12,-17,-6,-14,-11,-20,-12,-20,-10,-19,-8,-16,-9,-23,-9,-12,-13,-22,-7,-16,-12,-30,-5,-22,-6,-20,-3,-22,-3,-18,0,-15,-3,-21,-1,-20,0,-15,3,-21,0,-14,2,-20,3,-14,7,-22,6,-14,6,-12,9,-11,6,-9,7,-9,9,-9,8,-7,9,-6,0,0,0,0,0,0,0,0,0,0]"""
1782116243875,2026-06-22T17:17:23.875,safe,transition,yja,stand_to_sit,t007,"CSI_DATA,1076159,1a:00:00:00:00:00,-63,11,-99,21,47,11,-1039272626,47,2,256,0,""[0,0,0,0,0,0,0,0,0,0,0,0,6,4,8,6,5,5,7,8,6,5,8,10,8,10,7,10,6,10,5,9,8,11,8,11,8,11,8,10,9,13,6,12,8,15,8,11,8,16,7,16,8,15,5,13,6,12,8,14,10,13,8,13,7,11,9,15,8,9,10,13,8,11,13,16,10,13,11,11,11,11,10,12,10,8,15,10,14,8,13,7,15,8,13,6,17,7,15,5,23,8,18,8,20,6,18,6,17,4,18,1,23,1,19,0,23,1,21,0,22,0,25,0,23,0,0,0,0,0,0,0,-1,-25,-1,-18,-5,-30,-1,-23,-2,-17,-4,-25,-4,-18,-6,-28,-5,-17,-6,-29,-5,-24,-6,-20,-6,-20,-6,-17,-10,-21,-11,-18,-11,-18,-11,-16,-13,-19,-10,-14,-15,-19,-12,-14,-17,-20,-15,-17,-15,-15,-13,-15,-13,-13,-18,-13,-18,-13,-17,-12,-15,-11,-18,-15,-14,-9,-19,-13,-17,-12,-23,-17,-16,-15,-18,-13,-15,-14,-13,-13,-14,-11,-18,-11,-17,-10,-13,-9,-15,-12,-10,-10,-16,-12,-11,-11,-15,-17,-10,-13,-10,-11,-8,-11,-7,-11,-5,-11,-7,-11,-6,-9,-5,-10,0,0,0,0,0,0,0,0,0,0]"""
1782116243887,2026-06-22T17:17:23.887,safe,transition,yja,stand_to_sit,t007,"CSI_DATA,1076160,1a:00:00:00:00:00,-63,11,-99,17,48,11,-1039260443,47,2,256,0,""[0,0,0,0,0,0,0,0,0,0,0,0,-8,1,-10,2,-9,0,-10,1,-11,0,-10,0,-12,-2,-10,-5,-12,-3,-10,-6,-11,-6,-11,-8,-11,-8,-10,-9,-11,-11,-11,-8,-11,-9,-11,-12,-9,-12,-7,-13,-5,-13,-10,-13,-6,-15,-7,-13,-6,-16,-7,-13,-6,-14,-6,-15,-8,-13,-7,-14,-6,-14,-6,-13,-5,-14,-5,-14,-5,-15,-7,-14,-6,-15,-7,-13,-5,-15,-6,-15,-5,-16,-11,-13,-9,-13,-8,-18,-8,-16,-7,-15,-8,-17,-6,-18,-8,-18,-7,-20,-8,-18,-10,-19,-10,-20,-9,-20,-10,-20,-7,-22,-7,-20,0,0,0,0,0,0,-23,8,-24,6,-21,5,-23,8,-24,6,-24,5,-22,5,-22,5,-22,4,-22,3,-22,4,-22,0,-24,5,-22,0,-20,2,-22,1,-21,0,-23,0,-22,0,-21,5,-20,5,-22,3,-20,1,-22,1,-21,0,-23,2,-22,0,-20,0,-22,-1,-19,0,-22,0,-22,-3,-22,1,-22,0,-22,-1,-22,-4,-18,-5,-22,-5,-20,-8,-21,-6,-18,-8,-18,-6,-17,-10,-17,-10,-17,-12,-15,-8,-15,-9,-13,-11,-10,-11,-8,-10,-9,-11,-7,-13,-7,-13,-5,-12,-3,-11,-2,-11,-1,-11,0,0,0,0,0,0,0,0,0,0]"""
1782116243897,2026-06-22T17:17:23.897,safe,transition,yja,stand_to_sit,t007,"CSI_DATA,1076161,1a:00:00:00:00:00,-63,11,-99,16,48,11,-1039250626,47,2,256,0,""[0,0,0,0,0,0,0,0,0,0,0,0,7,-1,11,-1,7,0,10,0,9,-1,13,1,13,3,10,3,11,3,9,3,13,5,12,5,13,6,12,5,14,6,11,7,15,8,12,7,14,9,14,9,12,7,11,11,9,9,12,11,12,11,11,11,11,9,14,11,11,8,12,10,12,8,14,12,12,11,12,10,11,11,11,9,12,8,15,8,12,7,11,7,14,9,14,5,18,5,15,9,22,11,16,9,18,7,17,11,16,6,17,8,22,7,20,5,22,7,20,9,22,5,22,9,21,9,0,0,0,0,0,0,9,-24,5,-18,9,-26,7,-22,7,-17,9,-25,6,-19,7,-24,5,-19,11,-24,11,-24,9,-18,7,-20,8,-17,7,-24,6,-21,7,-20,5,-20,6,-22,3,-18,5,-22,3,-19,5,-24,5,-22,5,-20,5,-20,5,-18,3,-22,5,-21,5,-21,5,-20,5,-22,3,-19,4,-22,4,-20,9,-27,9,-20,7,-20,11,-19,9,-16,8,-16,8,-22,8,-16,8,-14,11,-14,7,-14,10,-16,10,-12,15,-14,12,-9,11,-10,13,-8,10,-6,10,-7,12,-7,11,-5,11,-3,0,0,0,0,0,0,0,0,0,0]"""
1782116243907,2026-06-22T17:17:23.907,safe,transition,yja,stand_to_sit,t007,"CSI_DATA,1076162,1a:00:00:00:00:00,-63,11,-99,15,48,11,-1039239626,47,2,256,0,""[0,0,0,0,0,0,0,0,0,0,0,0,20,0,26,11,11,11,-9,-8,26,13,2,11,-6,26,7,2,1,3,-7,6,9,12,16,10,10,6,4,12,3,21,4,16,0,15,8,12,0,20,0,20,0,14,0,14,1,14,2,16,0,16,0,17,0,16,0,16,0,14,0,17,1,15,0,19,0,17,1,16,1,16,1,16,0,16,3,18,2,15,2,16,3,16,5,16,6,19,6,16,6,21,7,17,6,18,6,18,5,16,6,18,7,21,8,20,9,21,8,22,9,20,8,23,9,20,0,0,0,0,0,0,22,-10,19,-9,26,-12,22,-12,20,-8,23,-10,20,-8,23,-10,20,-10,25,-10,24,-10,20,-8,20,-7,18,-8,20,-11,19,-9,20,-9,18,-8,20,-10,17,-10,20,-12,17,-12,21,-12,19,-13,18,-13,18,-10,16,-10,18,-12,18,-11,18,-12,18,-11,19,-13,18,-12,19,-12,16,-12,22,-11,22,-10,20,-11,20,-8,18,-6,19,-7,20,-8,18,-5,17,-4,20,-4,18,-4,18,-4,16,-2,20,0,17,0,16,0,14,1,12,1,13,2,13,3,11,4,10,5,0,0,0,0,0,0,0,0,0,0]"""
1782116243918,2026-06-22T17:17:23.918,safe,transition,yja,stand_to_sit,t007,"CSI_DATA,1076163,1a:00:00:00:00:00,-63,11,-99,16,48,11,-1039228390,47,2,256,0,""[0,0,0,0,0,0,0,0,0,0,0,0,-3,7,-4,9,-3,7,-5,9,-4,9,-8,11,-9,9,-7,6,-8,9,-8,5,-11,8,-11,8,-11,7,-11,6,-14,9,-9,5,-13,8,-12,9,-15,9,-18,6,-15,5,-14,7,-13,3,-16,7,-16,7,-15,3,-13,5,-16,5,-11,5,-14,8,-13,6,-18,9,-15,6,-14,6,-14,7,-13,5,-12,7,-14,10,-12,9,-11,8,-13,9,-9,11,-12,13,-13,12,-19,15,-15,11,-14,14,-16,10,-11,12,-13,15,-14,19,-12,14,-14,16,-16,16,-12,19,-14,18,-16,19,0,0,0,0,0,0,21,15,16,12,24,17,18,14,12,12,20,16,16,11,22,16,16,11,20,18,20,17,16,15,17,13,14,12,20,13,18,12,18,11,17,10,19,12,16,8,21,9,18,8,24,11,21,12,18,8,20,9,15,9,22,8,20,9,18,9,16,10,20,11,17,5,22,6,20,8,26,12,18,14,18,9,17,13,16,10,15,11,20,11,15,11,12,9,12,12,12,7,14,11,12,12,14,18,7,12,9,12,5,13,5,10,5,11,6,12,3,12,3,11,0,0,0,0,0,0,0,0,0,0]"""
1782116243929,2026-06-22T17:17:23.929,safe,transition,yja,stand_to_sit,t007,"CSI_DATA,1076164,1a:00:00:00:00:00,-63,11,-99,18,48,11,-1039217626,47,2,256,0,""[0,0,0,0,0,0,0,0,0,0,0,0,-7,-4,-5,-5,-8,-7,-5,-6,-7,-11,-6,-6,-6,-6,-11,-7,-7,-9,-11,-9,-7,-9,-8,-9,-8,-9,-8,-12,-7,-11,-10,-15,-8,-10,-9,-15,-7,-9,-6,-9,-10,-12,-10,-14,-13,-13,-8,-11,-10,-11,-11,-10,-12,-14,-11,-9,-10,-15,-9,-12,-11,-11,-10,-6,-12,-8,-12,-6,-15,-4,-15,-7,-18,-6,-12,-7,-17,-4,-17,-4,-17,-2,-20,-6,-15,-3,-17,-2,-11,-1,-19,1,-16,0,-17,6,-22,1,-21,5,-19,0,-23,3,-20,5,-22,7,-21,3,-19,6,-21,9,0,0,0,0,0,0,10,20,11,25,7,16,11,20,16,26,9,17,12,24,11,16,15,23,13,14,14,14,19,15,17,16,20,15,15,12,18,12,19,12,20,13,18,9,21,14,17,9,22,9,15,4,18,5,22,4,22,5,25,4,19,4,22,3,23,1,25,2,21,0,26,7,20,4,22,2,14,2,22,-1,20,1,20,-3,23,1,22,0,17,3,20,1,22,3,19,1,20,4,14,4,18,1,10,1,15,2,14,1,15,0,14,3,15,3,9,4,11,4,10,4,0,0,0,0,0,0,0,0,0,0]"""
1782116243942,2026-06-22T17:17:23.942,safe,transition,yja,stand_to_sit,t007,"CSI_DATA,1076165,1a:00:00:00:00:00,-63,11,-99,17,48,11,-1039206216,47,2,256,0,""[0,0,0,0,0,0,0,0,0,0,0,0,-5,-8,-3,-7,-5,-10,-3,-8,-3,-11,-1,-10,-1,-10,-1,-11,0,-11,-1,-14,1,-13,2,-13,2,-13,3,-13,3,-12,8,-17,6,-14,7,-14,6,-11,8,-11,11,-15,8,-11,11,-15,9,-12,9,-11,10,-10,11,-11,9,-11,14,-11,11,-9,11,-11,9,-8,11,-11,13,-10,10,-11,12,-11,13,-12,13,-10,13,-11,13,-13,10,-13,17,-11,13,-10,10,-13,10,-9,13,-15,15,-11,11,-15,16,-14,14,-14,14,-10,17,-12,17,-11,18,-15,18,-13,16,-12,19,-15,0,0,0,0,0,0,-13,-18,-13,-22,-11,-17,-11,-20,-13,-25,-10,-18,-12,-24,-10,-18,-10,-23,-7,-20,-6,-18,-11,-23,-6,-22,-11,-21,-8,-18,-6,-18,-8,-20,-8,-19,-9,-17,-8,-25,-7,-18,-8,-21,-6,-17,-6,-18,-8,-22,-5,-21,-8,-22,-8,-19,-5,-20,-5,-21,-5,-23,-5,-19,-1,-26,-1,-20,-3,-22,0,-16,-2,-22,0,-20,-1,-22,2,-22,3,-21,5,-19,6,-19,6,-19,4,-17,10,-18,8,-15,6,-16,7,-10,8,-14,10,-10,8,-11,11,-10,11,-8,10,-6,10,-5,10,-3,0,0,0,0,0,0,0,0,0,0]"""
1782116243955,2026-06-22T17:17:23.955,safe,transition,yja,stand_to_sit,t007,"CSI_DATA,1076166,1a:00:00:00:00:00,-63,11,-99,16,48,11,-1039192485,47,2,256,0,""[0,0,0,0,0,0,0,0,0,0,0,0,9,0,8,-1,11,0,9,1,12,3,9,0,11,0,12,1,12,1,14,2,12,5,13,3,12,3,13,6,12,7,16,5,12,5,14,9,12,7,12,5,14,8,15,6,16,6,12,11,12,8,13,7,14,8,12,7,14,9,12,9,14,8,11,5,14,5,16,5,16,4,16,3,16,3,14,5,16,3,18,6,15,4,19,4,15,2,18,4,14,0,18,-1,18,-2,19,-4,20,-1,22,-1,20,1,22,-1,21,-2,24,-3,22,0,19,-3,24,-2,0,0,0,0,0,0,0,-23,-1,-27,-1,-20,-3,-24,-4,-27,-1,-20,-3,-26,-3,-20,-2,-26,-5,-19,-6,-20,-7,-22,-9,-21,-9,-24,-4,-20,-7,-20,-8,-21,-7,-21,-6,-20,-9,-22,-9,-17,-9,-22,-8,-14,-10,-18,-10,-18,-14,-18,-14,-20,-9,-19,-11,-20,-14,-18,-12,-20,-11,-17,-12,-22,-9,-18,-9,-20,-9,-15,-12,-18,-12,-18,-13,-17,-12,-18,-11,-19,-5,-18,-9,-19,-5,-20,-5,-17,-5,-19,-3,-15,-3,-18,-3,-12,-3,-14,-3,-14,-4,-14,-2,-15,0,-13,2,-11,1,-11,1,-9,0,0,0,0,0,0,0,0,0,0]"""
1782116243965,2026-06-22T17:17:23.965,safe,transition,yja,stand_to_sit,t007,"CSI_DATA,1076167,1a:00:00:00:00:00,-63,11,-99,17,48,11,-1039184626,47,2,256,0,""[0,0,0,0,0,0,0,0,0,0,0,0,-1,9,-1,8,-5,10,-3,8,-6,10,-5,7,-4,8,-6,12,-8,9,-8,10,-10,9,-10,10,-10,9,-13,7,-10,6,-17,6,-15,6,-16,4,-12,1,-11,2,-15,5,-15,1,-18,4,-14,1,-15,1,-16,2,-17,0,-15,1,-19,-1,-15,-2,-16,0,-11,-2,-15,0,-15,-1,-16,0,-18,0,-18,0,-15,-1,-17,-1,-19,0,-17,0,-18,-4,-17,-3,-17,0,-11,0,-21,1,-17,-1,-20,5,-22,-1,-21,0,-17,-3,-21,-3,-20,-3,-23,-1,-22,-5,-20,-3,-23,-4,0,0,0,0,0,0,-5,20,-6,28,-4,18,-7,22,-9,28,-6,19,-11,24,-8,19,-11,22,-9,18,-6,18,-6,25,-11,20,-8,23,-6,18,-8,19,-9,19,-11,21,-8,18,-13,22,-8,18,-11,20,-8,15,-8,17,-10,22,-12,18,-11,23,-10,17,-11,18,-11,18,-14,19,-11,17,-19,17,-15,14,-15,17,-12,10,-15,15,-16,12,-14,16,-20,13,-20,13,-17,8,-19,8,-18,7,-17,7,-20,1,-17,1,-16,3,-11,0,-15,2,-14,-1,-15,1,-14,-1,-15,-3,-8,-4,-10,-6,-10,-6,0,0,0,0,0,0,0,0,0,0]"""
1782116243975,2026-06-22T17:17:23.975,safe,transition,yja,stand_to_sit,t007,"CSI_DATA,1076168,1a:00:00:00:00:00,-63,11,-99,16,48,11,-1039172560,47,2,256,0,""[0,0,0,0,0,0,0,0,0,0,0,0,-10,-1,-8,0,-11,-2,-9,0,-10,-2,-9,-3,-9,-1,-11,-3,-12,-3,-12,-5,-10,-6,-11,-7,-11,-7,-11,-7,-11,-7,-14,-10,-12,-7,-14,-9,-10,-6,-12,-8,-15,-8,-14,-9,-16,-10,-10,-9,-11,-10,-11,-8,-14,-9,-13,-8,-15,-10,-12,-7,-15,-7,-10,-4,-12,-3,-13,-5,-15,-3,-17,-5,-16,-5,-14,-5,-16,-4,-18,-4,-16,-2,-19,-3,-16,-1,-18,1,-13,0,-18,1,-18,1,-19,5,-22,3,-22,1,-16,1,-24,2,-21,3,-23,5,-23,4,-20,3,-21,9,0,0,0,0,0,0,9,22,11,25,7,16,11,22,11,26,9,20,11,24,11,18,12,22,9,17,11,16,12,18,15,20,14,19,10,16,11,19,12,16,14,20,16,15,18,18,15,12,18,15,12,11,14,9,17,12,20,12,22,13,14,12,18,14,18,12,20,12,20,11,21,14,18,10,21,9,13,9,18,9,18,11,20,9,21,11,18,14,13,12,15,14,16,14,16,12,14,12,13,11,13,9,8,9,11,10,9,10,12,11,11,10,9,12,5,9,5,11,4,10,0,0,0,0,0,0,0,0,0,0]"""
1782116244006,2026-06-22T17:17:24.006,safe,transition,yja,stand_to_sit,t007,"CSI_DATA,1076169,1a:00:00:00:00:00,-63,11,-99,16,48,11,-1039162596,47,2,256,0,""[0,0,0,0,0,0,0,0,0,0,0,0,-4,-7,-4,-6,-3,-9,-2,-9,-2,-11,-1,-11,-1,-12,-1,-11,0,-11,1,-12,1,-13,2,-13,3,-12,3,-12,4,-13,5,-14,6,-13,6,-13,10,-14,9,-13,9,-12,9,-11,10,-12,11,-12,11,-12,11,-12,10,-10,9,-12,12,-9,11,-11,11,-12,13,-12,12,-13,14,-12,11,-10,9,-9,11,-12,12,-11,12,-9,12,-9,12,-11,12,-10,12,-12,12,-14,13,-14,14,-16,13,-14,13,-15,14,-12,16,-14,16,-14,12,-12,13,-13,20,-16,17,-14,18,-14,19,-16,0,0,0,0,0,0,-13,-18,-13,-20,-14,-22,-13,-18,-11,-18,-12,-19,-11,-22,-11,-20,-11,-20,-11,-22,-11,-22,-11,-19,-7,-17,-9,-20,-10,-21,-9,-19,-9,-20,-8,-20,-8,-18,-9,-20,-9,-18,-10,-19,-9,-21,-9,-22,-10,-20,-5,-17,-7,-19,-9,-21,-6,-20,-7,-21,-5,-19,-5,-18,-3,-22,-4,-21,-6,-22,-1,-23,-2,-25,0,-22,0,-22,0,-18,1,-20,1,-21,5,-19,4,-17,5,-16,6,-18,7,-16,7,-16,9,-15,8,-15,7,-12,9,-11,9,-8,10,-9,11,-7,10,-5,10,-5,0,0,0,0,0,0,0,0,0,0]"""
1782116244010,2026-06-22T17:17:24.010,safe,transition,yja,stand_to_sit,t007,"CSI_DATA,1076170,1a:00:00:00:00:00,-63,11,-99,16,48,11,-1039151461,47,2,256,0,""[0,0,0,0,0,0,0,0,0,0,0,0,8,4,7,5,7,6,6,8,7,8,7,7,7,9,4,11,7,11,4,14,3,12,2,13,1,14,1,14,0,15,2,15,2,15,0,17,0,14,0,16,-1,16,-3,17,-3,16,-5,14,-6,15,-5,14,-5,14,-5,14,-3,16,-3,15,-4,16,-5,14,-5,14,-4,15,-5,16,-3,16,-5,16,-4,15,-5,16,-5,15,-5,15,-2,18,-1,18,-6,18,-3,18,-3,17,-3,19,-5,19,-4,19,-6,20,-5,19,-5,20,-5,21,-4,22,-5,22,-7,21,-7,23,0,0,0,0,0,0,22,10,24,12,20,11,23,8,22,11,20,11,22,11,22,9,20,11,20,9,20,10,18,12,22,9,19,13,17,12,18,12,18,12,18,12,18,12,21,8,19,7,20,11,17,11,18,11,16,12,21,11,18,13,17,12,16,14,18,13,17,13,16,14,19,12,17,12,16,14,15,15,14,14,14,15,12,18,14,16,11,19,9,18,7,18,7,17,5,18,9,16,7,16,3,16,3,16,3,14,0,15,-1,14,0,14,-3,14,-3,11,-4,10,-5,9,0,0,0,0,0,0,0,0,0,0]"""
1782116244015,2026-06-22T17:17:24.015,safe,transition,yja,stand_to_sit,t007,"CSI_DATA,1076171,1a:00:00:00:00:00,-63,11,-99,16,48,11,-1039139829,47,2,256,0,""[0,0,0,0,0,0,0,0,0,0,0,0,3,-7,5,-9,3,-5,7,-10,4,-5,10,-11,10,-7,9,-6,10,-7,9,-3,12,-7,12,-5,12,-5,12,-4,16,-6,9,-3,17,-5,11,-3,20,-5,15,-3,12,-1,16,-3,12,0,15,0,17,0,16,0,14,0,19,0,10,0,17,-2,12,-1,22,0,16,0,14,-1,16,-1,15,0,12,0,16,-3,15,-1,13,0,18,-1,12,-4,18,-5,15,-3,26,-5,18,-1,19,-5,20,-1,17,-5,16,-3,23,-7,20,-5,24,-5,20,-3,20,-7,27,-6,20,-4,0,0,0,0,0,0,-5,-25,-1,-15,-5,-31,-4,-23,-1,-15,-3,-27,-2,-16,-4,-27,-3,-16,-3,-31,-3,-26,-1,-22,-3,-22,0,-16,-1,-24,-3,-22,-2,-21,-1,-20,-3,-24,-3,-14,-6,-24,-3,-16,-5,-27,-3,-24,-3,-19,-4,-20,0,-16,-4,-22,-2,-22,-1,-22,0,-19,-1,-26,-4,-14,-4,-24,0,-18,-1,-29,1,-22,0,-22,3,-21,1,-18,3,-16,3,-22,3,-18,3,-15,7,-19,1,-14,6,-20,6,-12,11,-19,9,-12,8,-12,10,-11,7,-10,7,-6,10,-9,9,-7,10,-6,0,0,0,0,0,0,0,0,0,0]"""
1782116244018,2026-06-22T17:17:24.018,safe,transition,yja,stand_to_sit,t007,"CSI_DATA,1076172,1a:00:00:00:00:00,-63,11,-99,16,48,11,-1039129405,47,2,256,0,""[0,0,0,0,0,0,0,0,0,0,0,0,3,-7,3,-7,5,-9,4,-7,6,-8,8,-9,7,-8,8,-9,7,-6,6,-11,8,-10,8,-10,8,-11,9,-9,9,-8,16,-9,12,-9,13,-8,12,-9,14,-10,13,-12,12,-6,13,-11,12,-10,10,-9,12,-10,13,-9,11,-9,15,-9,12,-9,12,-9,11,-9,12,-12,11,-11,9,-12,11,-10,11,-12,10,-13,9,-15,8,-16,5,-12,12,-15,11,-14,7,-14,7,-14,8,-20,8,-17,4,-19,7,-18,3,-20,5,-20,5,-19,5,-20,5,-23,5,-22,3,-21,3,-22,0,0,0,0,0,0,-22,-3,-24,-2,-23,-1,-24,-4,-25,-2,-22,-3,-27,-2,-22,-1,-25,-1,-24,-1,-24,-1,-25,3,-20,0,-23,5,-22,5,-20,5,-21,6,-20,5,-17,4,-23,3,-20,3,-20,5,-19,7,-20,7,-20,9,-18,5,-22,11,-20,12,-18,11,-20,12,-19,11,-16,10,-23,7,-21,7,-19,8,-18,7,-22,11,-21,8,-17,11,-20,6,-19,9,-20,7,-19,9,-18,8,-16,6,-19,2,-17,1,-16,4,-14,1,-18,3,-14,1,-14,2,-13,-1,-13,0,-13,0,-11,-1,-11,-1,0,0,0,0,0,0,0,0,0,0]"""
1782116244031,2026-06-22T17:17:24.031,safe,transition,yja,stand_to_sit,t007,"CSI_DATA,1076173,1a:00:00:00:00:00,-63,11,-99,17,48,11,-1039116760,47,2,256,0,""[0,0,0,0,0,0,0,0,0,0,0,0,3,-8,5,-8,2,-8,5,-8,5,-8,6,-10,8,-10,8,-6,8,-11,8,-6,9,-7,11,-6,11,-8,13,-8,14,-9,10,-7,11,-8,13,-8,14,-9,15,-7,13,-3,15,-10,15,-3,15,-6,17,-6,15,-5,15,-4,17,-5,11,-8,13,-8,13,-6,15,-9,15,-6,13,-9,13,-6,14,-10,12,-8,11,-10,11,-8,14,-9,13,-10,10,-12,10,-13,13,-13,15,-15,11,-10,11,-15,13,-13,10,-16,13,-18,12,-18,12,-17,15,-17,13,-17,11,-18,12,-18,13,-19,0,0,0,0,0,0,-22,-14,-19,-12,-22,-13,-20,-12,-17,-11,-20,-15,-18,-10,-22,-11,-20,-10,-21,-13,-22,-11,-17,-11,-21,-9,-17,-11,-18,-11,-19,-11,-20,-10,-17,-10,-21,-10,-17,-4,-22,-5,-20,-6,-22,-7,-21,-5,-19,-6,-22,-5,-18,-6,-20,-6,-21,-7,-20,-6,-18,-8,-22,-9,-20,-1,-22,-3,-22,-6,-25,-7,-18,-7,-22,-6,-21,-9,-20,-7,-18,-8,-18,-8,-17,-8,-15,-8,-16,-10,-16,-8,-16,-8,-14,-11,-14,-13,-10,-9,-10,-10,-8,-12,-10,-10,-6,-10,-8,-11,-5,-10,-5,-10,0,0,0,0,0,0,0,0,0,0]"""
1782116244041,2026-06-22T17:17:24.041,safe,transition,yja,stand_to_sit,t007,"CSI_DATA,1076174,1a:00:00:00:00:00,-63,11,-99,17,48,11,-1039107627,47,2,256,0,""[0,0,0,0,0,0,0,0,0,0,0,0,-3,8,-2,5,-5,10,-4,8,-6,10,-6,6,-7,9,-10,10,-9,8,-10,10,-8,8,-10,7,-10,8,-12,9,-9,8,-14,10,-9,8,-15,9,-10,8,-11,7,-13,8,-13,8,-16,9,-13,7,-14,8,-13,8,-15,8,-10,6,-15,11,-10,8,-13,11,-10,8,-10,11,-12,11,-11,11,-11,12,-13,13,-10,10,-11,12,-11,16,-6,13,-11,16,-8,13,-6,18,-6,10,-6,17,-8,16,-5,18,-6,20,-8,20,-6,18,-8,20,-6,18,-7,23,-4,22,-4,18,-4,23,0,0,0,0,0,0,21,2,29,3,18,2,23,0,31,3,17,1,30,1,19,-1,27,1,18,0,21,0,24,0,23,-1,27,-3,19,0,20,0,22,-1,23,-2,17,-5,25,-5,17,-5,22,-7,15,-6,20,-6,21,-8,18,-8,23,-8,21,-7,21,-6,20,-8,23,-10,15,-8,25,-10,17,-8,20,-11,14,-6,18,-11,20,-8,19,-10,19,-8,22,-6,18,-5,20,-3,20,-5,16,-4,21,-3,14,-1,18,-6,11,0,16,-3,14,0,15,-1,13,-1,16,0,10,2,11,3,10,2,0,0,0,0,0,0,0,0,0,0]"""
1782116244054,2026-06-22T17:17:24.054,safe,transition,yja,stand_to_sit,t007,"CSI_DATA,1076175,1a:00:00:00:00:00,-63,11,-99,17,48,11,-1039093664,47,2,256,0,""[0,0,0,0,0,0,0,0,0,0,0,0,9,-1,6,-1,11,-1,10,-1,11,0,10,0,8,-1,13,0,12,1,14,-2,11,0,12,1,12,0,13,1,14,0,17,4,13,2,16,3,12,3,13,3,19,3,15,5,18,2,13,1,15,2,15,2,17,3,15,2,17,5,15,3,16,1,12,1,14,0,15,0,15,-3,17,0,17,-2,15,-1,17,-2,18,-4,15,-5,20,-3,18,-3,16,-7,13,-3,17,-9,16,-5,14,-13,20,-11,16,-12,15,-8,20,-10,18,-11,18,-12,19,-10,17,-13,17,-15,0,0,0,0,0,0,-16,-17,-20,-18,-13,-12,-17,-17,-20,-19,-14,-15,-20,-17,-17,-13,-19,-15,-15,-12,-15,-11,-22,-11,-19,-13,-23,-9,-17,-9,-18,-10,-20,-7,-22,-8,-19,-6,-23,-10,-19,-8,-22,-7,-17,-5,-19,-2,-21,-2,-21,-4,-25,-3,-20,-2,-22,-2,-22,-1,-25,-2,-21,0,-27,-6,-21,-4,-22,-1,-14,-2,-22,1,-20,-3,-22,1,-23,-3,-21,-2,-17,-5,-20,-5,-21,-5,-19,-3,-18,-8,-15,-7,-17,-2,-10,-2,-15,-5,-13,-6,-15,-3,-13,-6,-14,-5,-9,-6,-9,-7,-8,-6,0,0,0,0,0,0,0,0,0,0]"""
1782116244063,2026-06-22T17:17:24.063,safe,transition,yja,stand_to_sit,t007,"CSI_DATA,1076176,1a:00:00:00:00:00,-63,11,-99,16,48,11,-1039083857,47,2,256,0,""[0,0,0,0,0,0,0,0,0,0,0,0,3,8,1,7,3,11,2,9,0,13,1,9,1,10,1,12,0,11,3,15,0,12,0,12,0,14,-1,15,-1,12,-4,16,-3,14,-6,16,-3,13,-3,12,-5,17,-4,15,-3,17,-3,14,-2,16,-3,16,-6,16,-4,12,-7,18,-5,14,-7,15,-3,11,-1,14,-1,14,0,16,-1,16,-1,17,-3,14,1,17,-1,19,1,16,-2,18,-1,15,1,19,0,11,3,18,2,17,9,16,5,23,7,21,3,18,3,22,3,20,7,21,4,23,6,20,8,23,0,0,0,0,0,0,22,-7,26,-7,18,-6,22,-5,27,-9,20,-3,25,-8,20,-6,27,-7,17,-7,18,-8,20,-10,20,-11,21,-14,16,-7,18,-12,18,-12,20,-12,17,-11,22,-11,16,-11,20,-11,12,-11,15,-11,18,-16,17,-16,17,-17,15,-13,16,-15,15,-16,18,-16,14,-13,22,-15,17,-12,18,-12,12,-10,15,-14,17,-13,14,-16,19,-14,17,-13,16,-8,17,-11,20,-11,17,-9,19,-6,15,-3,18,-6,10,-4,15,-5,12,-3,13,-6,14,-1,14,-3,11,0,11,0,10,0,0,0,0,0,0,0,0,0,0,0]"""
1782116244073,2026-06-22T17:17:24.073,safe,transition,yja,stand_to_sit,t007,"CSI_DATA,1076177,1a:00:00:00:00:00,-63,11,-99,17,48,11,-1039074142,47,2,256,0,""[0,0,0,0,0,0,0,0,0,0,0,0,-5,-5,-6,-6,-5,-6,-6,-8,-6,-8,-6,-9,-6,-10,-7,-8,-5,-9,-7,-10,-7,-11,-6,-11,-6,-11,-5,-12,-6,-12,-5,-13,-6,-15,-6,-11,-6,-17,-8,-17,-10,-15,-4,-14,-7,-13,-8,-15,-8,-14,-6,-14,-6,-13,-8,-12,-7,-14,-9,-15,-9,-11,-10,-16,-11,-13,-10,-11,-11,-11,-8,-10,-10,-9,-13,-10,-14,-10,-12,-8,-15,-8,-13,-8,-15,-8,-16,-5,-18,-8,-19,-5,-17,-6,-19,-3,-18,-6,-18,-4,-22,-5,-18,-3,-21,-4,-22,-2,-23,-3,-25,-1,-23,0,0,0,0,0,0,0,1,23,1,24,3,27,3,23,2,19,4,25,3,23,3,25,5,22,4,25,6,22,9,21,5,20,8,20,9,21,10,18,10,20,9,18,11,17,10,18,13,19,11,14,14,20,16,17,16,15,12,15,14,13,17,15,16,13,16,13,15,13,18,12,15,15,18,15,16,12,19,17,19,14,17,13,18,13,14,13,14,12,16,13,14,15,13,11,13,12,11,12,11,13,11,10,11,14,11,12,8,11,8,10,6,10,8,11,7,11,5,10,4,10,0,0,0,0,0,0,0,0,0,0]"""
1782116244094,2026-06-22T17:17:24.094,safe,transition,yja,stand_to_sit,t007,"CSI_DATA,1076179,1a:00:00:00:00:00,-63,11,-99,16,48,11,-1039052627,47,2,256,0,""[0,0,0,0,0,0,0,0,0,0,0,0,7,-4,8,-5,9,-3,11,-5,9,-3,12,-3,12,-4,12,-4,11,-3,11,-3,13,-4,13,-3,13,-2,12,-1,15,-3,14,-1,16,-3,13,-2,20,0,16,-1,15,-1,13,-1,14,-1,17,-2,16,-1,16,-1,14,-1,16,-3,15,0,17,-3,13,-4,18,-4,16,-5,14,-5,16,-5,13,-5,13,-8,14,-9,14,-7,12,-8,13,-11,12,-9,14,-12,12,-12,16,-14,14,-15,12,-15,11,-16,12,-14,12,-15,12,-17,11,-15,12,-19,11,-19,11,-19,12,-21,11,-21,0,0,0,0,0,0,-22,-9,-21,-9,-27,-9,-22,-5,-19,-5,-25,-6,-22,-5,-26,-7,-21,-3,-26,-5,-24,-3,-22,-1,-19,-1,-20,-2,-24,0,-22,0,-22,0,-20,0,-20,3,-19,1,-24,5,-19,5,-25,3,-23,5,-22,7,-18,3,-18,6,-21,8,-20,7,-20,9,-18,7,-19,10,-20,7,-22,9,-17,9,-24,9,-21,9,-20,8,-19,7,-16,7,-16,7,-20,9,-19,5,-18,4,-18,5,-16,4,-19,5,-15,4,-19,3,-16,2,-14,2,-14,0,-13,1,-11,0,-14,0,-11,-1,-11,0,0,0,0,0,0,0,0,0,0,0]"""
1782116244108,2026-06-22T17:17:24.108,safe,transition,yja,stand_to_sit,t007,"CSI_DATA,1076180,1a:00:00:00:00:00,-63,11,-99,18,48,11,-1039039136,47,2,256,0,""[0,0,0,0,0,0,0,0,0,0,0,0,5,-6,4,-6,6,-7,6,-7,7,-8,8,-7,8,-7,8,-7,9,-5,11,-8,10,-8,11,-7,12,-7,11,-7,9,-7,15,-9,13,-7,14,-8,13,-6,14,-9,13,-12,12,-6,15,-8,13,-8,12,-6,14,-7,13,-7,11,-8,15,-8,11,-7,12,-11,12,-9,11,-12,11,-10,11,-12,11,-11,12,-13,11,-14,10,-13,8,-13,6,-13,11,-16,7,-14,6,-17,7,-15,6,-20,7,-18,3,-20,6,-18,4,-20,4,-20,6,-19,3,-20,6,-25,4,-22,3,-19,1,-25,0,0,0,0,0,0,-22,0,-25,0,-22,0,-25,2,-26,0,-22,2,-26,2,-20,1,-24,4,-22,2,-24,4,-23,6,-20,3,-22,7,-22,6,-20,7,-21,7,-19,8,-15,9,-22,9,-19,11,-19,12,-17,11,-19,14,-18,15,-15,10,-17,14,-17,14,-17,14,-17,14,-16,15,-12,14,-19,15,-15,13,-15,17,-16,12,-17,16,-15,14,-15,15,-15,12,-17,14,-16,13,-16,10,-15,11,-12,11,-17,10,-14,8,-13,11,-13,7,-14,9,-14,7,-13,7,-12,5,-14,5,-12,4,-11,3,-10,1,0,0,0,0,0,0,0,0,0,0]"""
1782116244118,2026-06-22T17:17:24.118,safe,transition,yja,stand_to_sit,t007,"CSI_DATA,1076181,1a:00:00:00:00:00,-63,11,-99,16,48,11,-1039030627,47,2,256,0,""[0,0,0,0,0,0,0,0,0,0,0,0,-6,-6,-5,-5,-5,-7,-5,-7,-6,-9,-5,-9,-5,-11,-5,-11,-3,-10,-4,-12,-3,-14,-2,-13,-2,-13,-1,-13,-1,-12,-1,-16,0,-14,0,-17,1,-17,2,-16,1,-16,1,-12,2,-17,2,-18,2,-15,1,-16,2,-14,1,-14,3,-16,1,-14,0,-17,3,-16,1,-17,1,-15,0,-15,1,-14,2,-16,0,-19,0,-16,0,-14,0,-13,0,-18,0,-17,-2,-18,0,-21,-2,-22,-1,-20,-3,-19,-3,-17,-2,-22,-2,-23,-1,-20,-2,-21,-3,-26,-1,-22,-2,-20,-5,-25,0,0,0,0,0,0,-21,1,-23,2,-24,2,-24,4,-23,2,-23,1,-25,2,-22,1,-23,3,-25,1,-26,3,-23,3,-20,3,-22,3,-24,3,-21,1,-21,3,-20,2,-18,4,-23,2,-21,4,-22,5,-21,5,-22,5,-20,7,-16,3,-22,5,-22,5,-21,3,-22,5,-20,4,-18,5,-24,3,-20,3,-23,5,-23,3,-24,3,-23,1,-20,1,-19,0,-20,0,-22,-1,-19,-3,-18,-2,-16,-2,-19,-3,-16,-5,-16,-3,-17,-5,-16,-6,-13,-6,-12,-6,-11,-5,-11,-9,-10,-9,-8,-8,-8,-7,0,0,0,0,0,0,0,0,0,0]"""
1782116244128,2026-06-22T17:17:24.128,safe,transition,yja,stand_to_sit,t007,"CSI_DATA,1076182,1a:00:00:00:00:00,-63,11,-99,18,48,11,-1039019627,47,2,256,0,""[0,0,0,0,0,0,0,0,0,0,0,0,9,-1,7,0,12,-1,8,-1,12,0,10,1,11,0,12,0,11,1,14,0,12,3,12,3,14,3,14,3,11,2,17,4,12,2,17,3,13,3,15,2,19,2,14,2,19,2,15,4,14,3,15,4,17,4,13,1,19,3,14,1,17,0,12,0,16,-1,15,-1,15,-3,14,-3,18,-3,16,-1,16,-3,16,-6,12,-6,20,-6,14,-5,16,-10,12,-6,16,-13,15,-11,13,-14,14,-14,17,-15,15,-11,17,-12,13,-14,18,-18,14,-16,12,-14,12,-20,0,0,0,0,0,0,-20,-10,-23,-12,-14,-9,-20,-10,-25,-13,-17,-9,-26,-11,-16,-6,-25,-10,-19,-6,-23,-6,-23,-6,-22,-6,-25,-4,-22,-6,-20,-6,-23,-4,-22,-2,-17,0,-26,-1,-17,0,-23,2,-17,2,-22,2,-23,4,-20,5,-24,5,-22,4,-21,3,-22,6,-22,5,-17,8,-25,6,-19,5,-22,9,-16,5,-22,11,-20,7,-20,8,-19,7,-22,5,-19,3,-20,3,-19,4,-15,4,-20,4,-15,2,-18,6,-13,1,-16,4,-14,1,-14,3,-13,1,-14,1,-12,0,-10,-1,-9,-1,0,0,0,0,0,0,0,0,0,0]"""
1782116244139,2026-06-22T17:17:24.139,safe,transition,yja,stand_to_sit,t007,"CSI_DATA,1076183,1a:00:00:00:00:00,-63,11,-99,20,47,11,-1039007170,47,2,256,0,""[0,0,0,0,0,0,0,0,0,0,0,0,-7,5,-6,4,-9,5,-8,4,-10,5,-9,3,-9,2,-12,4,-12,2,-13,5,-11,3,-13,1,-13,3,-14,2,-12,2,-18,0,-14,1,-16,0,-14,0,-15,2,-16,3,-15,0,-19,0,-14,1,-16,0,-16,0,-16,0,-14,1,-18,0,-15,0,-16,0,-12,1,-16,3,-16,2,-15,5,-16,2,-17,3,-15,3,-16,6,-16,8,-14,7,-20,7,-16,5,-14,11,-12,6,-16,11,-16,8,-13,12,-18,12,-16,13,-14,12,-17,13,-16,14,-18,17,-16,15,-14,14,-14,18,0,0,0,0,0,0,17,16,20,18,15,12,18,14,21,18,16,14,22,16,16,12,22,16,17,11,17,12,21,11,16,13,23,9,18,9,18,11,22,9,22,9,18,6,24,9,20,7,24,7,17,5,19,5,22,4,21,5,24,4,21,2,22,3,24,3,25,3,22,1,24,7,21,5,22,2,17,3,22,1,20,7,21,2,22,6,21,7,19,5,19,7,20,7,18,5,19,9,15,8,18,5,11,6,16,8,11,8,12,6,12,9,12,9,9,7,8,8,6,8,0,0,0,0,0,0,0,0,0,0]"""
1782116244150,2026-06-22T17:17:24.150,safe,transition,yja,stand_to_sit,t007,"CSI_DATA,1076184,1a:00:00:00:00:00,-63,11,-99,18,48,11,-1038997557,47,2,256,0,""[0,0,0,0,0,0,0,0,0,0,0,0,6,-7,5,-6,8,-7,7,-6,9,-6,9,-4,8,-6,12,-7,11,-4,12,-7,12,-4,12,-3,12,-4,14,-3,12,-4,19,-3,15,-2,16,-2,14,0,13,-2,16,-3,14,0,19,-1,15,-1,14,0,15,0,17,0,14,-1,18,1,15,0,17,0,12,0,16,-3,14,0,15,-3,17,-1,17,-1,17,-1,17,-1,18,-3,15,-5,20,-3,17,-2,16,-6,13,-4,19,-9,19,-4,17,-9,19,-6,19,-7,17,-4,21,-6,21,-7,23,-9,21,-9,19,-7,20,-10,0,0,0,0,0,0,-9,-20,-12,-24,-9,-19,-11,-22,-11,-25,-8,-19,-11,-24,-9,-18,-10,-22,-7,-19,-9,-19,-12,-22,-9,-20,-13,-20,-11,-18,-8,-19,-12,-19,-11,-19,-12,-15,-12,-23,-12,-16,-12,-17,-10,-14,-13,-14,-15,-18,-12,-17,-14,-19,-12,-17,-12,-17,-14,-19,-13,-18,-14,-14,-12,-23,-11,-17,-13,-16,-8,-15,-14,-16,-9,-18,-12,-17,-10,-20,-9,-19,-7,-18,-6,-20,-6,-20,-7,-16,-4,-20,-2,-16,-5,-16,-1,-12,-4,-17,0,-14,-2,-15,0,-13,1,-14,2,-12,4,-11,3,-10,0,0,0,0,0,0,0,0,0,0]"""
1782116244160,2026-06-22T17:17:24.160,safe,transition,yja,stand_to_sit,t007,"CSI_DATA,1076185,1a:00:00:00:00:00,-63,11,-99,16,48,11,-1038986627,47,2,256,0,""[0,0,0,0,0,0,0,0,0,0,0,0,0,-8,0,-6,1,-12,0,-8,2,-12,1,-9,3,-9,1,-13,3,-11,1,-16,2,-11,3,-11,3,-14,5,-12,3,-11,5,-18,3,-11,3,-17,4,-13,4,-12,6,-16,4,-13,2,-18,4,-14,4,-14,3,-15,3,-16,0,-11,5,-18,3,-13,1,-16,0,-12,-1,-17,0,-16,-3,-16,-2,-15,-5,-18,-3,-15,-4,-17,-5,-18,-6,-13,-7,-18,-5,-12,-9,-16,-7,-10,-14,-14,-12,-14,-14,-11,-14,-16,-16,-16,-12,-16,-14,-15,-14,-12,-19,-16,-15,-15,-15,-11,-20,-12,0,0,0,0,0,0,-12,18,-13,25,-7,16,-7,22,-11,27,-7,18,-11,27,-6,16,-7,26,-3,18,-3,22,0,24,-3,22,0,26,-2,22,0,20,1,24,0,22,3,17,2,25,3,16,5,23,5,17,6,22,8,23,7,20,11,24,7,20,9,20,12,21,11,19,10,13,11,26,8,18,12,18,7,13,14,18,11,20,13,17,11,18,11,19,9,17,9,18,10,18,9,14,9,18,4,13,9,16,5,9,9,15,5,12,8,12,3,13,5,13,2,12,2,11,2,9,0,0,0,0,0,0,0,0,0,0]"""
1782116244172,2026-06-22T17:17:24.172,safe,transition,yja,stand_to_sit,t007,"CSI_DATA,1076186,1a:00:00:00:00:00,-63,11,-99,17,48,11,-1038974293,47,2,256,0,""[0,0,0,0,0,0,0,0,0,0,0,0,3,6,5,10,2,6,4,11,3,6,3,13,2,13,1,11,1,10,0,11,3,15,3,13,2,13,1,12,0,15,0,11,1,18,0,12,0,20,-1,16,-3,13,0,15,-1,13,0,17,1,17,1,16,0,14,0,18,1,11,1,18,1,12,1,21,0,16,3,15,1,15,3,16,5,12,6,16,7,14,6,12,7,17,6,11,10,17,6,14,13,22,8,16,12,15,10,17,10,15,12,13,17,16,15,11,18,17,15,15,17,13,20,17,17,17,0,0,0,0,0,0,15,-18,11,-13,18,-25,15,-18,9,-13,16,-22,9,-15,15,-23,9,-14,15,-25,13,-21,11,-18,9,-19,8,-16,7,-23,6,-21,5,-20,5,-18,8,-22,2,-15,3,-25,3,-17,5,-27,5,-22,2,-21,3,-20,1,-17,0,-23,0,-22,-1,-22,0,-19,1,-24,0,-17,0,-25,0,-19,1,-29,4,-22,0,-21,3,-20,1,-18,1,-17,0,-21,0,-20,0,-15,5,-19,1,-14,2,-21,4,-13,6,-22,7,-13,4,-15,6,-12,5,-11,4,-9,7,-13,5,-10,6,-9,0,0,0,0,0,0,0,0,0,0]"""
1782116244182,2026-06-22T17:17:24.182,safe,transition,yja,stand_to_sit,t007,"CSI_DATA,1076187,1a:00:00:00:00:00,-63,11,-99,16,48,11,-1038964627,47,2,256,0,""[0,0,0,0,0,0,0,0,0,0,0,0,-8,3,-7,2,-11,2,-9,1,-11,0,-10,0,-11,1,-15,0,-12,-1,-15,0,-12,0,-13,-1,-12,-1,-13,-3,-11,-3,-17,-5,-14,-4,-16,-6,-12,-5,-11,-6,-14,-8,-13,-6,-17,-5,-12,-5,-12,-6,-15,-7,-14,-7,-13,-3,-15,-8,-12,-7,-14,-7,-11,-3,-14,-3,-14,-6,-15,-4,-17,-7,-18,-4,-14,-5,-19,-5,-19,-5,-15,0,-20,-3,-15,-4,-16,-1,-15,0,-20,3,-15,-2,-19,5,-22,0,-20,-1,-19,0,-20,0,-20,0,-22,1,-21,2,-20,1,-24,1,0,0,0,0,0,0,1,24,1,27,1,20,2,24,3,28,1,20,2,27,3,20,3,24,1,19,3,20,5,24,3,22,7,24,4,20,5,21,6,21,5,22,6,18,7,25,5,20,7,23,5,15,7,18,10,22,8,20,11,22,7,18,8,20,9,21,9,21,9,18,6,26,5,20,8,21,5,16,8,21,4,20,7,18,6,22,4,22,3,20,3,21,1,19,3,18,0,21,-1,16,1,18,0,11,0,17,-3,14,0,16,-3,14,-3,14,-3,10,-5,11,-5,9,0,0,0,0,0,0,0,0,0,0]"""
1782116244195,2026-06-22T17:17:24.195,safe,transition,yja,stand_to_sit,t007,"CSI_DATA,1076188,1a:00:00:00:00:00,-63,11,-99,19,48,11,-1038951680,47,2,256,0,""[0,0,0,0,0,0,0,0,0,0,0,0,-8,-1,-7,-2,-10,-3,-8,-2,-9,-5,-9,-3,-8,-2,-12,-4,-11,-5,-13,-4,-11,-5,-11,-5,-11,-5,-13,-7,-10,-7,-14,-10,-11,-7,-13,-9,-11,-7,-12,-7,-14,-5,-14,-8,-17,-7,-11,-8,-13,-5,-15,-7,-15,-8,-14,-7,-15,-10,-11,-7,-15,-8,-11,-2,-14,-4,-14,-2,-16,-1,-18,-2,-17,0,-16,-2,-17,2,-17,0,-16,0,-20,0,-17,0,-17,0,-13,2,-18,5,-19,5,-17,9,-20,8,-19,10,-17,7,-20,9,-20,8,-20,13,-20,8,-16,12,-18,13,0,0,0,0,0,0,14,18,15,24,12,14,14,20,19,22,12,17,18,20,14,15,16,18,16,12,17,13,19,13,20,14,23,11,17,11,20,8,21,7,22,8,19,7,23,10,19,7,21,8,17,4,19,4,22,3,23,2,25,0,20,2,22,0,23,-1,23,0,21,-1,26,4,22,2,23,1,17,0,22,-1,22,0,20,-4,23,0,22,-1,19,1,20,0,22,1,19,2,20,3,15,4,17,2,12,1,17,2,14,2,14,1,13,3,14,2,11,4,11,3,10,4,0,0,0,0,0,0,0,0,0,0]"""
1782116244205,2026-06-22T17:17:24.205,safe,transition,yja,stand_to_sit,t007,"CSI_DATA,1076189,1a:00:00:00:00:00,-63,11,-99,22,47,11,-1038942586,47,2,256,0,""[0,0,0,0,0,0,0,0,0,0,0,0,-7,1,-10,2,-7,1,-10,0,-9,1,-12,0,-12,0,-10,0,-15,-1,-11,-2,-12,-4,-14,-5,-12,-3,-12,-5,-17,-5,-12,-3,-15,-4,-14,-5,-16,-5,-15,-7,-15,-6,-16,-6,-13,-7,-13,-8,-14,-8,-14,-7,-13,-7,-17,-9,-13,-4,-16,-4,-14,-7,-18,-6,-14,-5,-15,-3,-15,-4,-16,-4,-14,-4,-17,-3,-15,-3,-15,-3,-18,-3,-15,0,-18,1,-19,0,-23,0,-18,-1,-19,3,-20,0,-19,4,-19,2,-22,3,-24,2,-25,3,-20,1,-21,3,-25,4,-22,3,0,0,0,0,0,0,4,28,4,23,6,25,5,25,3,21,4,27,5,19,6,25,6,20,4,25,7,22,5,21,9,24,4,20,5,22,7,22,7,20,6,21,9,25,9,16,11,19,9,17,11,22,13,18,11,18,12,20,7,17,9,17,11,19,10,19,9,20,12,23,12,15,13,18,11,18,12,22,8,17,13,17,11,19,11,19,7,17,8,18,6,18,6,17,5,18,6,15,5,18,2,17,2,20,2,13,2,15,0,14,1,15,0,12,-1,14,-1,12,-2,12,0,0,0,0,0,0,0,0,0,0]"""
1782116244216,2026-06-22T17:17:24.216,safe,transition,yja,stand_to_sit,t007,"CSI_DATA,1076190,1a:00:00:00:00:00,-63,11,-99,19,47,11,-1038931627,47,2,256,0,""[0,0,0,0,0,0,0,0,0,0,0,0,4,-6,6,-8,4,-6,7,-8,4,-7,10,-9,10,-8,6,-6,9,-8,10,-4,11,-7,12,-7,13,-6,12,-6,16,-8,10,-4,16,-7,12,-6,18,-8,18,-6,15,-2,14,-6,14,-1,16,-5,16,-5,16,-3,15,-3,18,-5,11,-4,16,-8,12,-5,20,-8,15,-6,14,-8,15,-6,14,-6,11,-5,13,-10,13,-8,12,-8,14,-10,9,-10,13,-14,12,-11,20,-18,12,-11,13,-14,16,-12,10,-16,12,-14,14,-20,12,-17,14,-18,14,-15,12,-19,16,-21,13,-17,0,0,0,0,0,0,-22,-14,-16,-10,-27,-16,-21,-13,-13,-11,-24,-15,-16,-7,-24,-14,-17,-8,-25,-16,-22,-12,-18,-10,-20,-8,-16,-11,-20,-10,-20,-9,-20,-10,-18,-8,-22,-10,-16,-4,-24,-5,-18,-5,-28,-8,-23,-6,-20,-6,-21,-4,-16,-5,-23,-4,-21,-6,-21,-6,-19,-6,-24,-6,-17,0,-24,-1,-20,-4,-31,-6,-21,-6,-22,-4,-21,-6,-18,-4,-16,-6,-21,-6,-18,-7,-15,-7,-18,-8,-14,-3,-20,-7,-13,-6,-19,-12,-10,-7,-12,-9,-10,-10,-10,-8,-8,-8,-10,-10,-8,-9,-7,-10,0,0,0,0,0,0,0,0,0,0]"""
1782116244227,2026-06-22T17:17:24.227,safe,transition,yja,stand_to_sit,t007,"CSI_DATA,1076191,1a:00:00:00:00:00,-64,11,-99,17,48,11,-1038920582,47,2,256,0,""[0,0,0,0,0,0,0,0,0,0,0,0,-6,-3,-6,-3,-8,-5,-8,-5,-9,-6,-6,-6,-8,-6,-9,-7,-6,-7,-10,-9,-9,-8,-7,-9,-8,-10,-8,-11,-6,-9,-6,-13,-8,-11,-8,-13,-6,-15,-7,-12,-7,-13,-6,-13,-8,-15,-8,-14,-7,-14,-6,-14,-6,-13,-6,-10,-7,-15,-6,-13,-8,-13,-6,-13,-11,-13,-9,-15,-10,-11,-8,-11,-9,-13,-10,-12,-10,-13,-11,-11,-13,-9,-11,-11,-11,-10,-15,-10,-11,-10,-17,-10,-14,-11,-16,-8,-15,-10,-18,-10,-18,-12,-15,-10,-16,-8,-20,-13,-18,-11,-18,-9,-21,-9,0,0,0,0,0,0,-6,18,-8,22,-8,21,-6,23,-10,22,-6,20,-8,24,-6,20,-6,22,-7,19,-5,21,-5,22,-5,18,-5,22,-3,20,-4,18,-2,21,-3,20,0,17,-3,22,-2,17,0,20,0,20,0,22,2,22,0,18,0,20,1,22,0,20,1,21,1,19,3,17,1,23,1,20,3,20,0,19,3,22,1,22,1,20,0,18,-1,19,0,19,-2,18,-1,18,0,17,-3,17,-3,15,-1,16,-4,13,-3,15,-4,13,-3,13,-5,11,-5,11,-6,11,-5,8,-6,8,0,0,0,0,0,0,0,0,0,0]"""
1782116244238,2026-06-22T17:17:24.238,safe,transition,yja,stand_to_sit,t007,"CSI_DATA,1076192,1a:00:00:00:00:00,-63,11,-99,16,48,11,-1038909613,47,2,256,0,""[0,0,0,0,0,0,0,0,0,0,0,0,-4,-5,-7,-8,-3,-5,-6,-11,-3,-6,-7,-12,-4,-12,-3,-11,-4,-10,-1,-9,-3,-12,-3,-14,-4,-13,-2,-12,-3,-16,-1,-12,-3,-18,-1,-12,-1,-20,1,-16,2,-13,0,-14,1,-12,-1,-17,-1,-17,-3,-16,-1,-14,-1,-18,-3,-12,-1,-18,-2,-11,-3,-20,0,-15,-3,-17,0,-16,-3,-14,-3,-14,-9,-16,-7,-14,-5,-13,-6,-17,-9,-10,-12,-17,-8,-12,-12,-20,-7,-15,-11,-14,-10,-17,-10,-12,-11,-13,-16,-16,-16,-14,-18,-19,-13,-14,-16,-14,-20,-18,-13,-16,0,0,0,0,0,0,-17,15,-11,13,-21,24,-16,16,-10,11,-19,21,-9,12,-19,22,-10,12,-19,24,-16,18,-14,16,-12,16,-11,13,-11,20,-10,20,-8,20,-7,17,-11,22,-4,14,-8,24,-6,16,-12,25,-10,22,-9,18,-7,18,-5,15,-5,22,-4,22,-4,20,-4,19,-9,24,-3,14,-5,24,-3,17,-8,29,-10,20,-7,20,-10,19,-7,16,-5,16,-5,22,-5,20,-5,15,-9,16,-3,13,-7,19,-8,12,-14,18,-11,11,-10,12,-10,9,-8,9,-8,6,-9,10,-8,8,-9,7,0,0,0,0,0,0,0,0,0,0]"""
1782116244249,2026-06-22T17:17:24.249,safe,transition,yja,stand_to_sit,t007,"CSI_DATA,1076193,1a:00:00:00:00:00,-63,11,-99,16,48,11,-1038898316,47,2,256,0,""[0,0,0,0,0,0,0,0,0,0,0,0,-2,7,-3,8,-4,9,-3,10,-5,9,-5,8,-5,9,-8,10,-7,12,-10,8,-8,9,-10,9,-9,9,-12,11,-12,10,-10,12,-9,11,-11,11,-11,8,-12,11,-12,10,-13,10,-14,9,-12,8,-14,9,-13,9,-13,9,-13,9,-11,11,-10,11,-11,12,-11,11,-11,11,-11,11,-12,11,-9,14,-9,12,-7,14,-9,14,-9,14,-9,15,-4,17,-4,16,-7,16,-7,17,-5,16,-5,17,-5,19,-4,20,-6,21,-2,19,-1,22,-2,24,-2,22,0,22,-1,22,0,24,0,0,0,0,0,0,22,1,25,1,23,0,24,0,25,0,22,-1,24,-1,22,-3,24,-2,22,-1,22,-3,22,0,23,-5,22,-1,20,-4,22,-5,20,-4,22,-6,22,-5,19,-10,18,-11,20,-10,18,-6,18,-8,19,-7,20,-11,20,-9,18,-10,21,-9,18,-11,19,-11,20,-12,18,-14,17,-13,18,-12,18,-12,18,-9,18,-9,19,-9,20,-12,20,-9,16,-11,18,-8,18,-8,17,-6,16,-9,16,-9,18,-6,15,-4,13,-3,15,-4,14,-2,14,-3,13,-1,12,-1,12,0,11,0,0,0,0,0,0,0,0,0,0,0]"""
1782116244261,2026-06-22T17:17:24.261,safe,transition,yja,stand_to_sit,t007,"CSI_DATA,1076194,1a:00:00:00:00:00,-63,11,-99,17,48,11,-1038885846,47,2,256,0,""[0,0,0,0,0,0,0,0,0,0,0,0,5,-6,6,-5,8,-6,7,-5,8,-6,10,-6,10,-5,11,-5,10,-5,10,-6,11,-7,12,-5,11,-6,12,-5,11,-5,14,-6,13,-6,14,-7,15,-6,14,-6,13,-6,12,-6,16,-8,15,-8,14,-6,14,-7,13,-8,11,-8,14,-8,11,-8,12,-11,12,-10,11,-13,11,-10,9,-12,10,-10,10,-13,10,-15,8,-13,6,-13,5,-13,8,-17,5,-15,3,-18,3,-20,1,-22,1,-18,2,-20,0,-17,0,-20,0,-22,0,-19,-1,-18,-2,-26,-4,-21,-3,-20,-6,-23,0,0,0,0,0,0,-21,9,-23,10,-22,9,-23,10,-20,10,-20,11,-22,11,-18,11,-18,14,-21,13,-20,15,-17,16,-16,13,-15,16,-16,18,-15,17,-14,17,-11,15,-9,15,-13,18,-10,17,-8,20,-8,20,-10,22,-6,21,-5,18,-8,22,-5,23,-6,20,-5,20,-5,21,-2,18,-5,23,-3,20,-2,24,-1,22,-1,24,-1,22,-1,21,-2,19,-3,21,-1,22,-3,20,-2,18,-1,16,-3,18,-2,15,0,18,-3,16,-3,17,-2,15,-3,14,-3,11,-3,13,-5,13,-4,10,-4,9,0,0,0,0,0,0,0,0,0,0]"""
1782116244277,2026-06-22T17:17:24.277,safe,transition,yja,stand_to_sit,t007,"CSI_DATA,1076195,1a:00:00:00:00:00,-63,11,-99,16,48,11,-1038870717,47,2,256,0,""[0,0,0,0,0,0,0,0,0,0,0,0,7,0,11,-1,7,-1,11,-1,9,-1,12,0,13,0,11,0,12,0,9,2,14,3,14,3,14,2,13,3,18,3,11,1,16,3,13,1,18,3,18,2,14,1,16,3,12,4,17,4,17,4,14,4,14,4,18,5,12,0,18,1,13,1,21,1,16,0,17,-1,16,0,15,0,13,-1,16,-3,15,-3,14,-3,18,-3,12,-7,18,-8,16,-6,23,-10,14,-5,15,-10,18,-8,16,-10,16,-11,19,-14,15,-12,20,-14,16,-11,16,-16,19,-18,15,-15,0,0,0,0,0,0,-19,-18,-13,-13,-23,-20,-18,-15,-12,-11,-20,-17,-16,-10,-22,-14,-16,-11,-21,-17,-20,-12,-17,-11,-19,-10,-16,-9,-20,-11,-20,-9,-20,-9,-17,-7,-23,-10,-15,-3,-22,-3,-18,-5,-27,-5,-22,-3,-20,-2,-22,-2,-16,-4,-23,-1,-22,-3,-20,-2,-18,-3,-25,-4,-17,2,-24,1,-20,0,-29,0,-21,-2,-22,1,-22,-2,-20,-1,-18,-2,-22,-1,-20,-1,-16,-1,-19,-3,-14,0,-20,-1,-14,-4,-20,-6,-13,-4,-14,-3,-11,-5,-13,-3,-9,-5,-12,-5,-10,-5,-10,-5,0,0,0,0,0,0,0,0,0,0]"""
1782116244286,2026-06-22T17:17:24.286,safe,transition,yja,stand_to_sit,t007,"CSI_DATA,1076196,1a:00:00:00:00:00,-63,11,-99,18,48,11,-1038865628,47,2,256,0,""[0,0,0,0,0,0,0,0,0,0,0,0,3,6,4,8,4,7,4,9,3,9,3,12,1,14,0,11,1,12,0,11,0,13,-1,14,-1,14,-2,12,-3,16,-3,12,-3,15,-2,14,-4,16,-9,16,-7,14,-6,13,-8,12,-6,15,-7,14,-8,12,-8,11,-9,13,-5,12,-7,15,-7,14,-9,17,-11,14,-9,12,-9,13,-9,12,-7,12,-6,15,-6,14,-5,12,-9,12,-4,15,-5,16,-9,17,-11,22,-11,16,-7,19,-12,16,-6,16,-7,19,-7,24,-6,19,-9,19,-9,20,-6,21,-10,20,-9,21,0,0,0,0,0,0,23,11,18,11,25,13,20,13,16,10,22,14,19,9,20,12,20,10,22,15,22,15,15,13,19,11,15,12,20,12,20,12,18,11,17,11,17,12,16,9,19,10,19,10,22,12,20,14,16,11,17,12,15,12,20,11,18,11,18,12,16,11,17,14,16,8,18,11,18,13,21,17,14,18,15,15,12,18,11,15,11,15,15,16,12,15,9,13,6,16,9,14,9,15,6,16,6,20,1,15,3,15,-1,14,-1,12,0,12,0,13,0,11,-1,10,0,0,0,0,0,0,0,0,0,0]"""
1782116244296,2026-06-22T17:17:24.296,safe,transition,yja,stand_to_sit,t007,"CSI_DATA,1076197,1a:00:00:00:00:00,-63,11,-99,16,48,11,-1038853015,47,2,256,0,""[0,0,0,0,0,0,0,0,0,0,0,0,-9,-1,-7,-1,-11,-3,-7,-3,-10,-4,-9,-3,-10,-3,-12,-5,-10,-5,-12,-8,-11,-7,-9,-7,-11,-9,-9,-9,-9,-7,-13,-11,-8,-9,-12,-11,-7,-9,-10,-12,-13,-14,-8,-12,-12,-14,-9,-12,-7,-12,-9,-12,-11,-12,-8,-9,-11,-16,-7,-11,-10,-12,-7,-11,-12,-11,-11,-12,-11,-10,-12,-10,-13,-12,-12,-12,-12,-12,-14,-11,-12,-7,-15,-12,-12,-9,-16,-9,-12,-7,-19,-8,-16,-9,-18,-5,-19,-9,-18,-8,-17,-10,-18,-9,-17,-8,-23,-8,-21,-8,-17,-8,-23,-7,0,0,0,0,0,0,-7,20,-8,24,-7,16,-5,23,-8,27,-6,19,-9,27,-6,18,-7,26,-3,19,-5,21,-3,24,-5,22,-3,24,-4,22,-4,20,-4,22,-3,22,-2,18,-3,25,-1,18,0,24,0,18,0,21,0,22,1,21,1,25,0,22,-1,21,0,24,1,23,3,18,-1,27,0,19,0,23,0,18,1,23,-1,23,1,22,-1,20,-3,22,-4,19,-6,18,-4,20,-3,16,-7,20,-5,13,-5,17,-4,11,-5,16,-6,14,-5,13,-8,11,-7,12,-8,9,-7,7,-7,7,0,0,0,0,0,0,0,0,0,0]"""
1782116244307,2026-06-22T17:17:24.307,safe,transition,yja,stand_to_sit,t007,"CSI_DATA,1076198,1a:00:00:00:00:00,-63,11,-99,17,48,11,-1038843597,47,2,256,0,""[0,0,0,0,0,0,0,0,0,0,0,0,-4,-6,-5,-8,-4,-7,-5,-10,-4,-8,-1,-13,0,-13,0,-11,0,-12,1,-10,0,-13,1,-14,1,-12,1,-12,3,-15,3,-13,3,-15,2,-15,5,-17,8,-15,8,-10,5,-14,9,-12,8,-15,6,-14,8,-13,6,-12,9,-13,3,-11,5,-14,8,-14,8,-17,10,-13,7,-12,8,-13,9,-11,6,-13,5,-15,6,-14,5,-13,6,-13,2,-15,4,-17,6,-18,9,-23,8,-16,5,-18,10,-17,5,-18,6,-20,4,-23,3,-19,5,-21,7,-20,3,-23,7,-23,7,-22,0,0,0,0,0,0,-22,-8,-20,-6,-26,-10,-21,-9,-16,-8,-24,-10,-19,-6,-24,-10,-20,-5,-23,-12,-23,-11,-18,-10,-20,-9,-17,-10,-22,-8,-21,-10,-20,-6,-18,-6,-22,-9,-17,-5,-21,-6,-20,-6,-22,-8,-21,-9,-17,-10,-19,-8,-17,-9,-22,-7,-20,-7,-19,-8,-17,-8,-19,-11,-18,-5,-21,-6,-20,-9,-24,-12,-17,-14,-17,-11,-17,-15,-14,-12,-15,-13,-19,-11,-14,-12,-11,-10,-10,-14,-12,-10,-12,-12,-10,-14,-10,-18,-5,-15,-5,-13,-2,-13,-2,-12,-3,-11,-3,-12,-1,-10,0,-11,0,0,0,0,0,0,0,0,0,0]"""
1782116244317,2026-06-22T17:17:24.317,safe,transition,yja,stand_to_sit,t007,"CSI_DATA,1076199,1a:00:00:00:00:00,-63,11,-99,16,48,11,-1038832626,47,2,256,0,""[0,0,0,0,0,0,0,0,0,0,0,0,-5,7,-6,8,-7,5,-8,7,-7,6,-10,7,-11,7,-9,6,-9,5,-10,6,-11,9,-12,9,-11,8,-10,6,-13,7,-12,6,-14,8,-12,5,-17,6,-16,7,-12,5,-15,5,-12,5,-15,7,-13,9,-13,9,-12,8,-14,7,-12,5,-15,7,-12,7,-16,10,-14,9,-14,9,-12,9,-11,8,-9,11,-11,14,-9,12,-8,12,-10,13,-7,13,-9,17,-8,15,-11,20,-10,16,-7,18,-8,18,-7,15,-5,18,-4,23,-2,19,-3,22,-4,21,-2,22,-4,24,-5,22,0,0,0,0,0,0,24,3,21,2,29,1,24,3,18,0,24,0,21,0,27,0,21,0,27,-1,25,0,22,-1,20,-1,20,-2,22,-8,20,-8,20,-8,18,-7,20,-7,19,-7,22,-9,17,-9,23,-11,22,-8,20,-9,18,-8,18,-11,18,-15,16,-14,15,-15,14,-12,17,-12,15,-11,18,-14,16,-12,21,-16,20,-11,18,-12,19,-11,16,-9,15,-11,16,-14,16,-13,12,-10,16,-9,14,-8,16,-9,12,-9,17,-8,15,-5,14,-5,13,-2,12,-3,11,-3,13,-5,11,-4,10,-2,0,0,0,0,0,0,0,0,0,0]"""
1782116244327,2026-06-22T17:17:24.327,safe,transition,yja,stand_to_sit,t007,"CSI_DATA,1076200,1a:00:00:00:00:00,-63,11,-99,16,48,11,-1038821628,47,2,256,0,""[0,0,0,0,0,0,0,0,0,0,0,0,-9,-1,-7,-1,-11,-3,-9,-3,-9,-5,-9,-4,-9,-1,-11,-2,-11,-5,-13,-5,-10,-5,-11,-4,-11,-5,-12,-7,-10,-7,-15,-9,-11,-8,-14,-12,-10,-7,-10,-7,-12,-8,-12,-9,-16,-8,-11,-8,-13,-7,-14,-8,-14,-9,-14,-7,-15,-11,-11,-9,-15,-9,-10,-3,-14,-5,-14,-4,-16,-2,-17,-4,-17,-3,-15,-3,-16,0,-18,-1,-16,-1,-20,-3,-17,-2,-18,0,-13,0,-20,3,-20,3,-17,8,-20,4,-20,7,-18,3,-22,7,-21,7,-21,11,-21,5,-18,7,-22,11,0,0,0,0,0,0,10,20,11,24,9,16,9,21,14,25,10,18,12,22,11,16,13,23,13,14,14,15,17,15,17,16,21,16,14,14,18,12,18,12,19,13,14,11,20,15,16,11,19,13,14,6,18,8,20,9,22,7,24,7,18,9,22,6,22,3,24,5,20,4,24,10,18,8,22,7,13,3,21,3,20,6,20,2,22,7,22,5,16,8,19,5,20,7,17,6,18,10,12,9,15,7,12,3,14,7,12,7,14,5,11,8,12,5,7,7,8,7,8,8,0,0,0,0,0,0,0,0,0,0]"""
1782116244338,2026-06-22T17:17:24.338,safe,transition,yja,stand_to_sit,t007,"CSI_DATA,1076201,1a:00:00:00:00:00,-63,11,-99,17,48,11,-1038808714,47,2,256,0,""[0,0,0,0,0,0,0,0,0,0,0,0,4,-8,3,-5,6,-10,4,-8,8,-8,7,-7,7,-6,9,-10,8,-6,8,-11,8,-10,8,-9,8,-10,10,-10,8,-7,15,-10,11,-6,15,-9,11,-8,13,-6,14,-9,13,-6,15,-11,12,-10,11,-9,12,-10,13,-8,10,-7,17,-8,13,-8,15,-9,8,-8,12,-12,11,-10,11,-11,13,-10,11,-13,8,-13,8,-14,9,-15,7,-14,13,-17,10,-13,7,-17,6,-11,8,-20,11,-16,5,-17,8,-19,5,-20,4,-20,5,-18,5,-18,7,-25,5,-20,4,-20,4,-23,0,0,0,0,0,0,-22,-4,-26,-3,-20,-1,-23,-6,-29,-3,-19,-3,-27,-3,-20,0,-25,-1,-21,0,-22,-1,-24,2,-22,-1,-24,4,-22,3,-20,4,-20,6,-21,5,-17,5,-25,4,-18,3,-23,5,-17,5,-20,6,-21,8,-19,6,-23,10,-18,11,-20,11,-20,11,-19,10,-15,10,-25,8,-18,7,-21,8,-15,6,-21,11,-20,8,-18,11,-19,6,-20,8,-18,6,-19,7,-18,6,-15,5,-20,2,-15,1,-17,3,-11,1,-17,1,-15,1,-14,3,-15,-1,-14,0,-13,0,-10,-1,-11,-1,0,0,0,0,0,0,0,0,0,0]"""
1782116244348,2026-06-22T17:17:24.348,safe,transition,yja,stand_to_sit,t007,"CSI_DATA,1076202,1a:00:00:00:00:00,-63,11,-99,19,47,11,-1038799223,47,2,256,0,""[0,0,0,0,0,0,0,0,0,0,0,0,-1,-8,0,-10,0,-9,-2,-11,0,-11,0,-10,0,-11,1,-11,-1,-14,1,-12,2,-12,2,-14,2,-14,2,-16,1,-16,1,-14,1,-15,2,-16,1,-14,3,-15,4,-18,0,-16,4,-16,2,-15,0,-17,2,-16,2,-16,1,-17,-1,-18,-2,-16,0,-16,-2,-16,-3,-15,-4,-16,-4,-16,-5,-16,-6,-18,-4,-14,-6,-14,-8,-16,-8,-15,-10,-14,-10,-15,-12,-16,-10,-14,-12,-12,-13,-14,-14,-12,-16,-13,-18,-14,-17,-12,-17,-11,-19,-12,-19,-11,-22,-8,-22,-10,-23,-10,0,0,0,0,0,0,-9,24,-8,26,-7,21,-6,24,-6,26,-6,22,-4,24,-2,22,-4,24,-3,20,-1,22,-3,22,1,24,-1,25,-1,22,0,23,1,22,3,22,4,22,6,22,8,20,7,21,6,18,8,18,8,20,12,22,9,20,10,21,10,20,10,19,12,20,12,20,15,18,14,16,13,18,14,16,12,16,14,17,14,18,14,17,11,19,10,17,10,18,12,17,11,16,10,15,10,14,9,15,8,14,8,12,6,13,6,14,7,14,4,12,4,12,3,12,2,11,0,0,0,0,0,0,0,0,0,0]"""
1782116244360,2026-06-22T17:17:24.360,safe,transition,yja,stand_to_sit,t007,"CSI_DATA,1076203,1a:00:00:00:00:00,-63,11,-99,15,48,11,-1038787123,47,2,256,0,""[0,0,0,0,0,0,0,0,0,0,0,0,0,-8,0,-9,0,-7,1,-12,0,-9,4,-13,5,-12,4,-10,5,-11,4,-9,6,-12,5,-13,7,-13,7,-10,11,-13,8,-8,12,-12,10,-10,16,-13,14,-9,12,-7,12,-8,12,-6,14,-10,14,-10,13,-9,13,-6,15,-8,11,-6,16,-8,13,-6,18,-9,16,-6,14,-8,14,-6,14,-5,10,-5,14,-9,13,-9,11,-8,15,-8,12,-6,16,-11,14,-9,22,-12,17,-8,17,-10,18,-8,16,-8,14,-10,18,-15,16,-12,19,-12,19,-10,19,-13,22,-13,22,-10,0,0,0,0,0,0,-11,-25,-8,-16,-13,-27,-6,-22,-6,-16,-8,-26,-6,-18,-10,-26,-7,-18,-7,-29,-6,-25,-6,-20,-4,-20,-6,-18,-8,-22,-10,-21,-10,-20,-8,-19,-8,-22,-5,-16,-8,-23,-6,-18,-9,-26,-6,-24,-6,-20,-6,-20,-4,-17,-10,-21,-9,-20,-8,-20,-5,-18,-4,-24,-4,-17,-5,-24,-2,-19,-4,-28,0,-23,-2,-22,2,-20,4,-19,1,-18,0,-22,1,-20,2,-16,5,-19,4,-14,6,-19,7,-13,10,-18,9,-12,9,-12,10,-10,8,-8,9,-8,10,-8,8,-7,10,-6,0,0,0,0,0,0,0,0,0,0]"""
1782116244370,2026-06-22T17:17:24.370,safe,transition,yja,stand_to_sit,t007,"CSI_DATA,1076204,1a:00:00:00:00:00,-63,11,-99,14,48,11,-1038777628,47,2,256,0,""[0,0,0,0,0,0,0,0,0,0,0,0,2,5,5,5,29,-21,6,0,13,8,8,-19,2,2,17,7,-11,19,6,16,7,12,6,11,12,11,10,13,9,12,17,17,7,11,7,16,4,10,5,14,6,19,2,13,6,17,6,16,5,15,5,15,5,15,4,11,5,19,3,15,5,15,4,12,8,16,6,15,6,14,7,15,8,15,6,15,7,15,9,16,9,13,8,18,7,13,11,15,7,11,15,15,11,14,15,13,12,17,14,17,13,17,10,16,11,15,16,20,13,18,12,15,16,19,0,0,0,0,0,0,17,-13,20,-16,16,-13,17,-15,22,-18,15,-12,23,-17,15,-12,21,-17,15,-13,17,-15,17,-18,16,-13,17,-19,15,-15,13,-15,15,-17,15,-15,11,-14,18,-17,13,-14,15,-17,12,-14,15,-18,15,-19,13,-15,15,-19,14,-18,13,-17,13,-19,12,-18,10,-14,20,-19,15,-14,15,-15,12,-11,16,-19,16,-14,15,-16,15,-14,17,-13,17,-10,19,-10,17,-10,14,-8,19,-6,14,-4,17,-9,11,-3,17,-6,15,-2,14,-5,13,-2,15,-2,13,0,11,0,9,2,0,0,0,0,0,0,0,0,0,0]"""
1782116244381,2026-06-22T17:17:24.381,safe,transition,yja,stand_to_sit,t007,"CSI_DATA,1076205,1a:00:00:00:00:00,-63,11,-99,21,47,11,-1038766605,47,2,256,0,""[0,0,0,0,0,0,0,0,0,0,0,0,-3,-8,-5,-7,-5,-8,-4,-8,-5,-9,-3,-10,-3,-10,0,-11,-3,-12,-2,-13,-2,-13,-2,-15,-3,-13,-3,-15,-3,-15,-5,-14,-5,-14,-3,-15,-3,-15,-1,-14,0,-15,-6,-15,-1,-17,-2,-15,-2,-17,-3,-16,-4,-16,-3,-15,-7,-13,-8,-13,-5,-15,-8,-13,-6,-13,-8,-14,-8,-13,-10,-13,-9,-13,-10,-12,-10,-11,-12,-11,-13,-11,-15,-8,-15,-8,-16,-9,-16,-8,-15,-9,-18,-8,-16,-9,-19,-5,-20,-6,-20,-3,-22,-4,-23,-5,-22,-3,-21,0,-23,-2,-23,-3,0,0,0,0,0,0,1,25,0,26,1,24,1,23,1,25,1,22,4,23,6,23,4,23,4,22,5,22,3,22,8,23,6,22,7,19,8,21,9,19,10,18,11,19,15,16,15,15,13,16,14,16,14,15,13,16,17,15,14,17,17,13,17,14,16,13,17,14,17,13,20,10,20,8,20,11,19,11,17,11,18,11,17,13,18,12,17,13,17,10,15,12,16,10,15,11,17,10,15,8,16,10,13,10,10,9,11,10,8,11,11,8,6,11,8,8,8,9,6,9,0,0,0,0,0,0,0,0,0,0]"""
1782116244392,2026-06-22T17:17:24.392,safe,transition,yja,stand_to_sit,t007,"CSI_DATA,1076206,1a:00:00:00:00:00,-63,11,-99,16,48,11,-1038755628,47,2,256,0,""[0,0,0,0,0,0,0,0,0,0,0,0,0,-7,2,-9,4,-9,5,-10,4,-9,5,-11,6,-11,7,-12,7,-9,7,-10,7,-12,9,-11,9,-11,9,-9,9,-9,12,-9,12,-11,11,-9,14,-9,15,-7,15,-11,12,-5,12,-9,12,-10,13,-8,12,-9,12,-9,12,-9,15,-6,15,-7,12,-8,16,-9,14,-9,13,-7,13,-9,12,-9,12,-11,12,-12,12,-11,11,-11,11,-13,14,-10,14,-13,9,-12,13,-14,11,-16,12,-13,11,-14,13,-13,11,-15,12,-16,12,-15,12,-18,14,-18,14,-18,13,-18,12,-19,0,0,0,0,0,0,-19,-13,-18,-12,-22,-15,-21,-14,-19,-12,-20,-13,-18,-12,-20,-14,-19,-11,-20,-14,-20,-12,-22,-10,-18,-12,-18,-10,-22,-9,-19,-7,-20,-7,-19,-8,-18,-7,-19,-10,-22,-9,-18,-9,-22,-9,-20,-9,-23,-6,-18,-7,-20,-4,-24,-5,-21,-5,-21,-5,-20,-5,-20,-5,-19,-10,-21,-9,-18,-7,-22,-11,-20,-7,-18,-10,-19,-8,-16,-11,-16,-8,-18,-10,-17,-11,-16,-10,-16,-10,-12,-13,-13,-14,-11,-10,-11,-12,-11,-13,-7,-12,-9,-11,-5,-12,-5,-11,-6,-9,-3,-11,-4,-11,0,0,0,0,0,0,0,0,0,0]"""
1782116244403,2026-06-22T17:17:24.403,safe,transition,yja,stand_to_sit,t007,"CSI_DATA,1076207,1a:00:00:00:00:00,-63,11,-99,17,48,11,-1038744628,47,2,256,0,""[0,0,0,0,0,0,0,0,0,0,0,0,0,-10,0,-9,0,-10,1,-10,2,-10,1,-8,1,-10,3,-12,2,-12,3,-11,6,-10,6,-13,5,-11,8,-11,8,-12,10,-15,8,-13,10,-11,6,-8,7,-12,8,-15,8,-14,10,-15,11,-9,11,-11,10,-11,13,-11,11,-12,11,-11,10,-11,12,-12,8,-10,6,-11,6,-14,6,-15,7,-17,8,-15,9,-12,9,-14,10,-16,7,-15,9,-16,8,-16,5,-17,5,-13,1,-17,2,-17,0,-20,3,-23,2,-21,8,-15,8,-22,6,-21,5,-20,10,-20,3,-20,3,-23,0,0,0,0,0,0,-25,-2,-27,-5,-19,-5,-22,-5,-26,-5,-22,-8,-23,-6,-22,-4,-24,-6,-18,-5,-18,-1,-22,0,-25,0,-24,0,-19,-6,-22,-3,-20,-2,-23,-4,-22,-1,-23,-1,-20,0,-23,-1,-17,0,-18,3,-20,5,-23,5,-24,3,-18,-2,-22,0,-21,1,-25,-1,-23,2,-24,0,-20,-1,-23,0,-17,0,-18,3,-20,3,-22,5,-25,1,-22,0,-18,-6,-19,-5,-20,-5,-19,-5,-17,-6,-15,-6,-16,-5,-11,-4,-13,-4,-14,-3,-15,-3,-14,-6,-11,-7,-6,-8,-8,-9,-7,-8,0,0,0,0,0,0,0,0,0,0]"""
1782116244414,2026-06-22T17:17:24.414,safe,transition,yja,stand_to_sit,t007,"CSI_DATA,1076208,1a:00:00:00:00:00,-63,11,-99,17,48,11,-1038733628,47,2,256,0,""[0,0,0,0,0,0,0,0,0,0,0,0,-8,-5,-9,-4,-8,-4,-9,-6,-8,-5,-10,-6,-11,-7,-7,-5,-11,-6,-8,-7,-9,-9,-10,-10,-10,-9,-10,-10,-12,-11,-10,-8,-12,-10,-10,-10,-12,-11,-14,-8,-10,-8,-13,-10,-10,-11,-11,-10,-12,-10,-11,-10,-11,-10,-15,-10,-11,-5,-15,-6,-13,-8,-17,-6,-13,-5,-16,-3,-15,-3,-17,-3,-15,-3,-16,-3,-15,-1,-14,-1,-18,0,-15,1,-18,4,-18,3,-22,5,-15,2,-17,6,-18,5,-18,9,-17,10,-19,11,-20,10,-20,11,-18,11,-17,14,-18,15,-17,15,0,0,0,0,0,0,20,18,16,17,21,16,18,16,16,13,20,16,17,12,22,14,18,11,20,13,21,10,20,11,22,8,18,9,20,8,22,7,20,5,20,5,22,5,18,0,22,0,20,1,23,0,20,-1,19,-1,23,-3,20,-1,21,-3,22,-3,19,-3,20,-1,25,-3,17,-8,20,-10,21,-6,24,-10,18,-5,19,-10,22,-6,18,-8,20,-5,20,-6,18,-6,17,-5,18,-6,15,-7,17,-7,17,-3,19,-3,13,-3,15,-3,15,-1,14,-4,13,0,11,-1,13,0,13,0,0,0,0,0,0,0,0,0,0,0]"""
1782116244424,2026-06-22T17:17:24.424,safe,transition,yja,stand_to_sit,t007,"CSI_DATA,1076209,1a:00:00:00:00:00,-63,11,-99,16,48,11,-1038722622,47,2,256,0,""[0,0,0,0,0,0,0,0,0,0,0,0,0,-7,0,-8,0,-11,0,-10,0,-11,0,-10,1,-11,0,-12,1,-11,0,-14,1,-12,0,-12,1,-14,1,-14,0,-12,2,-15,2,-13,1,-16,2,-16,1,-16,0,-16,1,-15,0,-16,0,-16,2,-15,1,-15,0,-16,-1,-14,1,-18,0,-16,-2,-15,-3,-16,-4,-16,-3,-16,-9,-14,-3,-13,-7,-14,-6,-9,-8,-15,-10,-13,-5,-11,-7,-19,-9,-16,-11,-7,-16,-12,-18,-11,-11,-12,-14,-16,-16,-9,-18,-11,-27,-15,-19,-9,-19,-5,-28,-7,-21,-11,-21,-9,-19,-3,0,0,0,0,0,0,-5,22,-1,26,-1,23,1,26,-1,26,1,22,0,28,1,21,3,25,1,21,3,22,7,22,4,22,7,22,7,21,7,19,9,20,10,20,10,15,11,20,10,16,14,16,11,16,14,16,16,16,15,16,17,14,18,13,16,14,18,14,18,14,17,9,19,16,16,12,19,10,16,12,22,11,18,12,20,9,17,11,17,11,17,12,16,12,16,11,17,8,15,11,12,10,16,9,12,9,14,9,11,9,12,9,11,8,11,9,10,9,6,8,8,7,0,0,0,0,0,0,0,0,0,0]"""
1782116244435,2026-06-22T17:17:24.435,safe,transition,yja,stand_to_sit,t007,"CSI_DATA,1076210,1a:00:00:00:00:00,-63,11,-99,13,48,11,-1038711628,47,2,256,0,""[0,0,0,0,0,0,0,0,0,0,0,0,1,7,2,10,2,7,0,12,0,9,0,12,-2,14,-2,9,-1,13,-4,11,-3,12,-3,14,-4,14,-4,14,-8,16,-2,11,-4,16,-4,13,-9,16,-6,14,-7,11,-7,16,-8,10,-9,14,-8,15,-7,13,-7,13,-9,16,-4,12,-6,17,-7,12,-8,18,-7,14,-7,14,-6,15,-5,14,-4,12,-2,15,-4,16,-3,15,-7,17,1,13,0,18,-1,18,-2,24,-3,15,0,17,-4,20,0,19,0,21,2,23,4,20,2,22,2,21,4,22,3,26,2,22,0,0,0,0,0,0,26,-2,21,-1,29,-4,22,-1,18,-2,26,-4,19,-3,28,-7,20,-2,27,-4,22,-4,21,-2,21,-6,21,-2,21,-7,21,-7,19,-8,19,-7,24,-6,15,-9,20,-12,17,-7,22,-9,21,-8,21,-7,19,-11,17,-6,19,-12,20,-10,17,-11,16,-9,21,-9,14,-12,21,-14,19,-8,24,-13,21,-6,21,-8,22,-4,18,-6,18,-5,19,-9,19,-6,16,-6,19,-4,14,-7,19,-4,16,0,19,-2,14,0,15,0,14,2,14,1,12,0,12,2,12,3,11,3,0,0,0,0,0,0,0,0,0,0]"""
1782116244446,2026-06-22T17:17:24.446,safe,transition,yja,stand_to_sit,t007,"CSI_DATA,1076211,1a:00:00:00:00:00,-63,11,-99,15,48,11,-1038700614,47,2,256,0,""[0,0,0,0,0,0,0,0,0,0,0,0,-8,6,-7,5,-9,6,-7,6,-10,5,-9,3,-8,4,-12,4,-14,4,-14,6,-12,2,-14,1,-12,1,-14,1,-15,2,-18,2,-15,1,-16,0,-12,-1,-14,2,-18,2,-17,0,-19,0,-14,-1,-16,-2,-16,-2,-18,-2,-16,0,-18,0,-14,0,-16,2,-11,0,-14,3,-14,2,-16,4,-18,3,-17,2,-15,0,-18,2,-18,4,-16,6,-20,5,-18,5,-16,8,-12,4,-15,10,-16,8,-16,12,-19,12,-19,11,-16,6,-22,9,-20,11,-18,12,-19,11,-18,13,-18,15,0,0,0,0,0,0,16,18,17,22,12,14,16,17,18,22,14,18,16,19,14,17,17,20,12,16,14,14,19,16,18,16,20,16,12,14,14,18,14,16,16,16,18,13,20,14,17,10,18,12,14,9,16,9,18,9,22,10,21,10,15,12,18,12,19,10,22,12,22,9,20,13,20,10,21,10,14,9,19,7,19,9,20,9,22,14,18,14,12,12,14,14,14,15,16,13,12,16,11,12,12,10,8,10,10,10,8,10,9,12,9,12,8,12,2,9,2,12,2,12,0,0,0,0,0,0,0,0,0,0]"""
1782116244462,2026-06-22T17:17:24.462,safe,transition,yja,stand_to_sit,t007,"CSI_DATA,1076212,1a:00:00:00:00:00,-63,11,-99,16,48,11,-1038685736,47,2,256,0,""[0,0,0,0,0,0,0,0,0,0,0,0,-2,-9,0,-7,-1,-11,-1,-9,0,-12,0,-10,0,-9,-1,-12,1,-12,-1,-14,0,-11,0,-13,1,-13,1,-15,1,-13,3,-17,1,-14,2,-16,3,-12,1,-13,0,-18,5,-16,0,-17,1,-13,2,-16,0,-16,1,-16,0,-14,4,-18,3,-14,0,-16,0,-12,-1,-15,-1,-14,-4,-16,-3,-16,-5,-18,-4,-14,-5,-16,-5,-18,-6,-14,-5,-19,-5,-16,-8,-16,-7,-10,-12,-14,-10,-16,-15,-12,-13,-18,-14,-15,-10,-14,-14,-17,-15,-15,-16,-15,-14,-16,-15,-14,-17,-15,0,0,0,0,0,0,-14,19,-16,23,-10,14,-12,19,-15,25,-11,17,-14,22,-10,17,-13,23,-6,18,-7,17,-5,23,-9,22,-5,24,-3,19,-3,19,-3,22,-5,23,-1,20,-5,25,-1,19,-1,23,-1,16,0,19,2,22,1,22,4,25,1,20,3,22,5,22,4,24,6,20,0,25,1,22,4,21,1,15,4,21,2,21,7,20,3,24,5,21,1,17,2,21,0,22,2,19,-1,20,-1,16,1,16,0,11,0,15,0,13,1,16,-2,14,0,14,-1,10,-2,11,-3,9,0,0,0,0,0,0,0,0,0,0]"""
1782116244471,2026-06-22T17:17:24.471,safe,transition,yja,stand_to_sit,t007,"CSI_DATA,1076213,1a:00:00:00:00:00,-63,11,-99,-2,48,11,-1038678629,47,2,256,0,""[0,0,0,0,0,0,0,0,0,0,0,0,8,-2,10,-3,5,-5,5,-3,13,-6,10,-4,13,0,10,-2,15,-1,11,1,11,3,13,5,15,4,16,4,16,4,15,5,13,5,16,4,10,4,17,5,13,7,17,5,15,10,13,10,14,10,14,9,14,10,14,9,14,9,13,8,11,9,10,9,13,8,13,10,11,8,16,10,11,9,11,9,11,10,14,10,13,11,15,8,14,8,16,7,15,8,13,11,16,9,17,11,15,9,19,10,18,8,18,11,18,11,21,14,20,11,17,11,19,16,0,0,0,0,0,0,16,-20,19,-19,15,-17,16,-17,17,-18,17,-16,18,-19,15,-17,17,-15,16,-14,16,-15,19,-13,16,-17,18,-15,17,-14,17,-13,16,-13,16,-13,17,-13,16,-17,14,-16,18,-15,17,-13,14,-14,17,-11,17,-15,19,-14,16,-11,16,-10,17,-11,19,-10,20,-10,18,-14,17,-11,20,-10,17,-9,18,-7,18,-10,20,-6,20,-7,22,-4,19,-4,20,-3,18,-3,18,-1,20,-1,18,-1,17,2,16,3,14,3,16,5,13,5,15,4,11,8,10,6,10,8,8,8,0,0,0,0,0,0,0,0,0,0]"""
1782116244487,2026-06-22T17:17:24.487,safe,transition,yja,stand_to_sit,t007,"CSI_DATA,1076214,1a:00:00:00:00:00,-63,11,-99,16,48,11,-1038661317,47,2,256,0,""[0,0,0,0,0,0,0,0,0,0,0,0,-5,-7,-3,-8,-3,-9,-3,-9,-3,-11,-1,-9,-1,-11,0,-10,0,-13,1,-12,1,-12,2,-14,2,-14,3,-14,5,-14,1,-14,1,-14,4,-16,5,-13,7,-13,11,-12,6,-16,9,-12,8,-12,9,-14,8,-14,8,-14,9,-13,8,-14,7,-15,7,-13,7,-14,7,-13,7,-14,9,-13,7,-14,7,-14,6,-14,7,-14,6,-15,9,-16,3,-16,3,-17,6,-18,5,-16,6,-15,5,-18,7,-17,5,-20,7,-21,4,-20,3,-22,5,-22,5,-21,5,-24,6,-22,7,-22,0,0,0,0,0,0,-24,-8,-25,-7,-21,-6,-24,-6,-23,-7,-22,-7,-23,-7,-22,-6,-23,-7,-20,-7,-19,-7,-20,-9,-24,-6,-21,-10,-20,-7,-20,-7,-22,-6,-21,-7,-22,-8,-22,-2,-19,-1,-21,-5,-20,-5,-20,-5,-20,-8,-24,-6,-20,-8,-20,-6,-22,-8,-21,-4,-22,-5,-21,-7,-22,-4,-21,-5,-22,-5,-20,-7,-18,-9,-20,-9,-18,-11,-20,-10,-18,-12,-17,-10,-16,-12,-16,-11,-14,-13,-14,-9,-13,-9,-12,-13,-10,-12,-7,-11,-8,-13,-7,-13,-6,-12,-5,-12,-4,-11,-4,-11,-2,-10,0,0,0,0,0,0,0,0,0,0]"""
1782116244497,2026-06-22T17:17:24.497,safe,transition,yja,stand_to_sit,t007,"CSI_DATA,1076215,1a:00:00:00:00:00,-63,11,-99,19,47,11,-1038656629,47,2,256,0,""[0,0,0,0,0,0,0,0,0,0,0,0,-4,-6,-4,-10,-1,-8,-2,-12,-2,-10,0,-14,0,-13,0,-11,1,-11,2,-10,1,-13,2,-14,2,-15,4,-12,5,-16,4,-10,7,-14,6,-12,9,-17,11,-14,9,-13,8,-12,8,-9,10,-14,8,-14,9,-13,10,-10,12,-12,8,-10,11,-14,10,-10,13,-15,13,-12,9,-12,12,-12,9,-10,9,-10,8,-14,8,-14,8,-12,12,-14,7,-11,10,-16,11,-14,14,-19,11,-14,10,-15,14,-14,11,-16,10,-17,11,-21,10,-16,14,-18,15,-16,12,-20,16,-22,18,-17,0,0,0,0,0,0,-19,-16,-15,-12,-23,-21,-16,-18,-12,-12,-18,-20,-14,-13,-20,-20,-14,-12,-17,-22,-16,-20,-14,-16,-13,-15,-12,-15,-18,-18,-16,-15,-17,-14,-14,-14,-16,-16,-11,-12,-17,-17,-12,-13,-20,-20,-15,-19,-14,-16,-14,-15,-12,-14,-17,-17,-16,-16,-16,-16,-12,-15,-14,-20,-12,-15,-15,-20,-10,-16,-15,-25,-9,-21,-10,-19,-9,-21,-6,-18,-6,-16,-9,-19,-6,-20,-5,-16,-3,-20,-4,-13,-2,-20,0,-15,2,-21,3,-16,2,-15,3,-13,4,-11,4,-10,4,-13,5,-10,6,-10,0,0,0,0,0,0,0,0,0,0]"""
1782116244508,2026-06-22T17:17:24.508,safe,transition,yja,stand_to_sit,t007,"CSI_DATA,1076216,1a:00:00:00:00:00,-63,11,-99,16,48,11,-1038645629,47,2,256,0,""[0,0,0,0,0,0,0,0,0,0,0,0,-7,-1,-10,-1,-9,-1,-9,-3,-9,-4,-11,-5,-10,-5,-8,-4,-12,-6,-8,-7,-9,-9,-9,-10,-8,-11,-9,-12,-9,-14,-7,-9,-9,-11,-9,-12,-8,-15,-7,-15,-5,-12,-7,-17,-3,-14,-3,-16,-3,-16,-3,-15,-2,-16,-3,-18,-4,-13,-5,-14,-4,-16,-3,-15,-3,-16,-5,-16,-6,-16,-5,-16,-3,-14,-3,-14,-5,-14,-3,-15,-6,-17,-9,-12,-9,-14,-6,-18,-9,-21,-7,-12,-11,-17,-5,-18,-9,-16,-7,-22,-8,-21,-11,-18,-7,-23,-9,-19,-9,-20,-7,-23,-6,-23,0,0,0,0,0,0,-25,9,-22,6,-25,7,-23,8,-20,5,-25,6,-20,7,-25,6,-22,5,-22,6,-22,5,-19,4,-22,8,-22,1,-21,3,-22,3,-22,3,-21,2,-25,4,-16,7,-20,8,-20,5,-22,5,-20,5,-17,1,-22,7,-20,3,-20,3,-22,2,-20,3,-20,1,-24,1,-19,4,-22,5,-21,1,-24,2,-20,0,-22,1,-22,-2,-21,-1,-19,-3,-19,-3,-20,-4,-17,-5,-18,-7,-18,-2,-17,-4,-16,-9,-17,-9,-12,-8,-12,-8,-9,-9,-11,-9,-9,-11,-7,-10,-6,-10,-5,-11,0,0,0,0,0,0,0,0,0,0]"""
1782116244519,2026-06-22T17:17:24.519,safe,transition,yja,stand_to_sit,t007,"CSI_DATA,1076217,1a:00:00:00:00:00,-63,11,-99,16,48,11,-1038633921,47,2,256,0,""[0,0,0,0,0,0,0,0,0,0,0,0,-8,0,-10,-1,-9,-2,-9,-3,-9,-3,-10,-3,-10,-5,-8,-5,-11,-6,-9,-7,-9,-8,-9,-10,-9,-11,-9,-11,-11,-14,-9,-7,-11,-10,-11,-11,-9,-14,-11,-14,-8,-12,-9,-14,-5,-12,-6,-14,-6,-15,-5,-14,-7,-14,-7,-16,-7,-11,-9,-13,-9,-13,-9,-14,-6,-14,-9,-13,-7,-14,-9,-13,-7,-12,-9,-11,-8,-12,-8,-13,-9,-14,-13,-9,-14,-10,-12,-14,-14,-17,-11,-11,-16,-12,-11,-15,-14,-14,-13,-16,-15,-14,-16,-14,-18,-14,-14,-14,-17,-14,-17,-16,-16,-14,0,0,0,0,0,0,-16,18,-16,15,-19,18,-17,18,-16,14,-18,17,-13,14,-17,18,-15,14,-16,17,-14,17,-16,12,-15,19,-16,12,-15,14,-16,16,-14,14,-15,14,-19,17,-10,15,-11,18,-14,18,-14,17,-15,16,-13,14,-14,18,-14,14,-13,15,-16,16,-14,16,-14,14,-16,16,-10,16,-12,19,-15,15,-16,18,-16,14,-17,15,-18,12,-16,14,-16,11,-15,12,-17,10,-15,9,-18,7,-14,11,-15,11,-17,6,-18,6,-13,3,-15,3,-14,0,-14,1,-14,1,-11,-1,-10,0,-11,-1,0,0,0,0,0,0,0,0,0,0]"""
1782116244529,2026-06-22T17:17:24.529,safe,transition,yja,stand_to_sit,t007,"CSI_DATA,1076218,1a:00:00:00:00:00,-63,11,-99,17,48,11,-1038623629,47,2,256,0,""[0,0,0,0,0,0,0,0,0,0,0,0,5,-5,6,-5,8,-5,9,-5,9,-5,11,-5,11,-5,11,-6,11,-3,11,-6,12,-6,11,-5,11,-6,11,-5,13,-4,16,-2,16,-3,15,-3,16,-2,17,-3,17,-6,15,0,15,-5,15,-5,14,-5,15,-6,16,-4,14,-5,15,-2,15,-3,13,-6,15,-5,16,-6,14,-5,13,-7,14,-6,14,-8,13,-10,12,-10,11,-11,11,-12,15,-10,15,-12,11,-11,13,-13,13,-16,13,-13,11,-17,13,-15,10,-16,11,-17,9,-17,11,-21,12,-18,11,-20,10,-20,10,-21,0,0,0,0,0,0,-22,-10,-21,-8,-22,-9,-23,-9,-23,-5,-22,-8,-22,-8,-22,-6,-22,-6,-23,-5,-23,-6,-23,-2,-21,-5,-21,0,-23,0,-20,0,-22,3,-21,1,-20,1,-23,-1,-23,1,-20,3,-22,3,-22,3,-20,5,-20,1,-20,6,-22,7,-20,8,-20,9,-20,8,-18,9,-22,4,-22,5,-19,5,-21,6,-23,7,-21,5,-20,7,-20,3,-18,5,-20,6,-18,5,-18,5,-17,4,-17,0,-19,1,-16,2,-16,1,-18,0,-15,0,-14,0,-13,-2,-13,0,-13,-1,-11,-1,-10,-2,0,0,0,0,0,0,0,0,0,0]"""
1782116244538,2026-06-22T17:17:24.538,safe,transition,yja,stand_to_sit,t007,"CSI_DATA,1076219,1a:00:00:00:00:00,-63,11,-99,16,48,11,-1038612629,47,2,256,0,""[0,0,0,0,0,0,0,0,0,0,0,0,-4,8,-3,8,-3,9,-5,9,-5,9,-7,8,-7,7,-8,5,-9,9,-9,6,-11,6,-12,6,-12,6,-12,5,-16,5,-12,7,-13,6,-14,5,-14,3,-16,5,-15,3,-17,4,-16,0,-13,1,-16,1,-16,0,-17,0,-18,0,-13,4,-15,4,-16,3,-16,3,-16,1,-15,3,-15,1,-17,1,-15,1,-15,3,-15,3,-15,3,-16,3,-16,7,-17,8,-18,5,-20,4,-15,2,-18,6,-19,3,-18,8,-21,5,-19,7,-21,7,-22,8,-21,5,-20,9,-24,7,-21,7,0,0,0,0,0,0,7,24,6,24,7,24,7,24,4,20,4,23,5,22,7,24,7,22,3,22,4,23,1,22,7,24,2,21,3,21,3,23,4,21,3,20,4,23,7,19,8,20,5,20,6,21,6,22,4,21,8,22,2,20,4,20,3,22,5,20,2,21,1,23,7,19,7,20,3,23,5,22,0,20,2,22,0,21,0,22,-1,20,0,19,-3,19,-3,18,-5,19,-1,17,-3,18,-5,17,-7,16,-7,12,-7,14,-9,11,-8,12,-9,10,-7,8,-9,7,-8,7,0,0,0,0,0,0,0,0,0,0]"""
1782116244548,2026-06-22T17:17:24.548,safe,transition,yja,stand_to_sit,t007,"CSI_DATA,1076220,1a:00:00:00:00:00,-63,11,-99,18,48,11,-1038599371,47,2,256,0,""[0,0,0,0,0,0,0,0,0,0,0,0,3,-8,4,-8,4,-7,6,-8,7,-7,7,-9,7,-9,7,-7,10,-9,9,-7,10,-6,11,-7,11,-8,12,-6,15,-5,14,-5,14,-4,14,-2,15,-5,14,-4,12,-4,17,-4,14,-3,15,0,17,-2,16,-2,17,-1,19,0,15,-1,17,-1,15,1,17,-1,14,-2,15,-4,15,-2,17,-1,14,-3,14,-1,17,-4,18,-3,19,0,15,-3,17,-2,18,-1,19,-3,16,-2,17,-4,19,-4,22,-6,20,-5,20,-4,21,-6,23,-2,20,-4,22,-4,23,-6,23,-4,0,0,0,0,0,0,0,-26,0,-23,-1,-24,1,-24,0,-23,1,-26,0,-22,0,-25,1,-23,-1,-22,0,-20,1,-19,-2,-24,-2,-21,1,-20,-2,-23,-3,-22,-1,-23,0,-25,-1,-20,-1,-22,1,-22,-1,-20,-1,-21,-1,-20,-3,-24,-3,-20,0,-20,-3,-23,-1,-21,0,-22,1,-23,-1,-22,2,-22,4,-20,0,-22,3,-19,1,-20,3,-21,5,-23,4,-19,6,-17,4,-19,7,-19,10,-17,7,-14,9,-14,11,-12,9,-12,10,-9,9,-11,10,-9,11,-11,10,-8,10,-6,10,-5,10,-3,0,0,0,0,0,0,0,0,0,0]"""
1782116244557,2026-06-22T17:17:24.557,safe,transition,yja,stand_to_sit,t007,"CSI_DATA,1076221,1a:00:00:00:00:00,-63,11,-99,17,48,11,-1038590598,47,2,256,0,""[0,0,0,0,0,0,0,0,0,0,0,0,3,8,2,6,1,11,2,10,1,10,0,9,0,10,0,14,-1,11,0,15,-1,13,-1,13,-2,13,-4,15,-2,12,-7,17,-5,13,-6,15,-5,12,-5,15,-6,17,-8,12,-8,15,-8,14,-8,13,-8,13,-10,13,-7,11,-11,15,-8,13,-9,13,-8,11,-7,14,-8,14,-6,15,-8,15,-9,15,-8,13,-8,15,-8,17,-5,16,-11,15,-9,15,-4,18,-6,12,-5,19,-8,15,-3,19,-8,20,-6,19,-8,17,-10,18,-8,20,-7,22,-8,22,-6,19,-6,24,0,0,0,0,0,0,23,9,25,8,19,5,23,8,25,10,20,8,27,10,21,6,22,9,18,9,18,7,23,8,19,8,24,6,19,6,19,6,20,7,22,6,18,4,24,9,19,6,22,7,18,4,20,3,23,4,20,5,23,5,20,4,20,6,20,6,22,7,20,5,24,9,19,8,20,6,16,8,22,6,19,10,20,8,18,10,18,11,15,12,16,14,16,13,15,10,13,15,10,13,14,11,7,10,11,13,7,12,8,11,6,12,6,13,3,10,1,11,1,11,0,0,0,0,0,0,0,0,0,0]"""
1782116244569,2026-06-22T17:17:24.569,safe,transition,yja,stand_to_sit,t007,"CSI_DATA,1076222,1a:00:00:00:00:00,-63,11,-99,18,48,11,-1038578672,47,2,256,0,""[0,0,0,0,0,0,0,0,0,0,0,0,-5,-4,-7,-8,-5,-6,-7,-9,-4,-8,-7,-9,-6,-8,-6,-9,-9,-10,-6,-7,-5,-12,-6,-11,-9,-10,-7,-12,-8,-15,-6,-9,-7,-14,-5,-13,-9,-14,-10,-15,-9,-14,-11,-12,-7,-11,-8,-14,-10,-14,-9,-12,-8,-12,-10,-15,-9,-9,-13,-12,-7,-11,-14,-11,-12,-7,-14,-6,-14,-7,-15,-7,-12,-6,-14,-7,-15,-4,-15,-5,-18,-6,-13,-2,-20,-3,-15,-3,-20,-1,-17,-1,-19,2,-20,3,-19,4,-17,4,-21,5,-19,6,-23,6,-18,7,-20,7,-24,11,-21,9,0,0,0,0,0,0,13,25,10,19,14,23,11,20,11,15,14,23,11,15,18,21,11,15,17,19,17,14,15,14,20,12,14,10,17,14,19,11,19,9,19,9,23,11,17,4,23,6,17,8,25,5,21,3,20,3,23,0,18,1,22,2,22,0,21,-1,20,2,26,1,18,-3,24,-3,19,0,26,-4,20,-2,20,-6,22,-3,20,-4,17,-1,19,0,19,-4,19,-2,21,-1,14,-3,20,-1,15,1,19,-1,14,0,14,-1,13,0,15,-1,11,0,13,2,11,1,12,1,0,0,0,0,0,0,0,0,0,0]"""
1782116244582,2026-06-22T17:17:24.582,safe,transition,yja,stand_to_sit,t007,"CSI_DATA,1076223,1a:00:00:00:00:00,-63,11,-99,16,48,11,-1038565755,47,2,256,0,""[0,0,0,0,0,0,0,0,0,0,0,0,3,8,3,7,3,11,3,7,0,11,2,9,1,9,5,12,1,11,5,14,2,11,3,13,1,12,0,14,1,14,0,18,1,14,0,17,0,12,2,12,5,16,0,17,6,18,1,14,0,15,3,15,2,18,5,14,1,18,0,14,4,16,3,11,5,14,5,13,9,13,8,16,11,15,9,12,9,13,11,14,12,12,12,17,11,13,13,11,9,7,16,9,14,11,18,5,20,12,19,9,14,10,19,11,21,10,20,9,19,11,18,7,23,5,0,0,0,0,0,0,5,-23,7,-27,3,-18,3,-23,3,-29,3,-22,4,-25,1,-20,1,-25,0,-20,0,-18,-4,-24,-1,-24,-6,-24,-3,-18,-7,-21,-6,-19,-5,-23,-7,-18,-6,-24,-6,-19,-10,-20,-6,-14,-9,-16,-13,-18,-12,-18,-16,-20,-12,-17,-13,-17,-16,-16,-16,-18,-17,-14,-14,-23,-11,-18,-13,-16,-8,-12,-17,-14,-14,-15,-17,-12,-15,-18,-15,-16,-11,-14,-12,-16,-12,-17,-12,-14,-9,-16,-7,-14,-11,-12,-7,-9,-9,-13,-7,-11,-10,-11,-6,-12,-8,-11,-4,-9,-5,-11,-3,-9,0,0,0,0,0,0,0,0,0,0]"""
1782116244591,2026-06-22T17:17:24.591,safe,transition,yja,stand_to_sit,t007,"CSI_DATA,1076224,1a:00:00:00:00:00,-63,11,-99,17,48,11,-1038556257,47,2,256,0,""[0,0,0,0,0,0,0,0,0,0,0,0,-6,0,-10,-2,-6,-1,-11,-3,-7,-1,-13,-5,-13,-6,-9,-5,-11,-6,-8,-6,-12,-8,-12,-7,-11,-8,-11,-7,-12,-11,-8,-6,-12,-11,-9,-8,-14,-14,-10,-13,-11,-11,-8,-11,-7,-10,-11,-11,-13,-11,-13,-11,-10,-10,-13,-15,-8,-7,-14,-11,-10,-8,-17,-12,-11,-11,-13,-8,-12,-10,-11,-8,-11,-6,-14,-6,-15,-6,-12,-5,-15,-8,-12,-3,-19,-5,-14,-5,-24,-8,-17,-8,-20,-3,-19,-7,-17,-3,-17,-1,-22,-1,-20,0,-25,-2,-20,0,-23,0,-27,1,-22,-1,0,0,0,0,0,0,0,25,0,17,0,31,-1,24,1,17,0,27,1,17,3,27,2,17,3,30,1,25,1,22,3,20,3,16,5,23,7,22,6,21,6,17,6,23,6,15,8,23,6,16,10,27,8,22,8,18,7,19,6,16,11,18,11,17,11,18,9,16,11,23,9,11,13,20,8,17,15,27,8,22,10,17,7,20,6,18,8,15,10,19,9,17,8,15,4,20,6,13,6,19,2,14,5,22,1,15,3,14,0,14,1,12,0,11,0,13,0,11,-1,11,0,0,0,0,0,0,0,0,0,0]"""
1782116244603,2026-06-22T17:17:24.603,safe,transition,yja,stand_to_sit,t007,"CSI_DATA,1076225,1a:00:00:00:00:00,-63,11,-99,16,48,11,-1038542669,47,2,256,0,""[0,0,0,0,0,0,0,0,0,0,0,0,9,2,9,3,9,4,8,5,9,5,9,6,10,7,7,9,10,9,7,11,8,11,7,12,6,12,5,13,5,14,8,12,8,12,6,14,3,14,1,15,0,16,3,17,1,16,0,15,0,16,1,16,0,16,0,16,1,16,1,16,0,16,0,16,0,16,0,15,0,16,1,16,1,17,1,14,0,17,1,16,0,17,4,17,5,17,3,19,2,18,1,16,4,20,1,20,3,21,1,21,3,20,4,22,3,23,3,20,5,22,0,24,1,22,0,0,0,0,0,0,25,0,25,0,22,1,25,0,25,3,24,1,23,0,24,0,23,2,22,3,23,1,22,5,24,0,22,5,21,4,22,3,22,3,22,3,22,4,21,0,22,-1,22,1,20,3,21,3,21,6,23,3,20,5,20,3,22,6,21,5,22,5,22,6,22,3,22,3,22,5,20,7,19,8,19,10,18,11,20,9,17,12,16,10,15,12,15,12,13,14,14,11,12,11,11,14,9,13,7,12,7,13,4,13,5,13,2,14,3,12,2,12,0,11,0,0,0,0,0,0,0,0,0,0]"""
1782116244613,2026-06-22T17:17:24.613,safe,transition,yja,stand_to_sit,t007,"CSI_DATA,1076226,1a:00:00:00:00:00,-63,11,-99,16,48,11,-1038535629,47,2,256,0,""[0,0,0,0,0,0,0,0,0,0,0,0,-3,-6,-5,-10,-3,-7,-3,-10,-2,-7,-3,-12,-1,-13,0,-11,-1,-12,0,-10,1,-14,1,-12,1,-14,1,-14,2,-18,0,-10,1,-16,1,-11,5,-20,5,-16,4,-12,4,-16,5,-10,7,-16,5,-16,5,-14,5,-14,6,-16,3,-12,3,-18,3,-12,6,-21,6,-16,4,-15,5,-16,3,-14,1,-12,1,-16,1,-16,3,-14,3,-18,-2,-11,-2,-20,1,-15,0,-25,2,-16,-1,-20,1,-18,0,-18,0,-18,-3,-24,-2,-19,-2,-23,0,-19,-4,-22,-3,-29,-2,-23,0,0,0,0,0,0,-25,1,-18,1,-31,2,-22,2,-15,1,-26,5,-17,2,-29,5,-17,3,-29,3,-25,5,-20,1,-21,4,-18,0,-21,4,-21,4,-22,3,-19,2,-24,5,-14,5,-22,9,-16,5,-27,8,-24,7,-18,5,-20,6,-15,3,-22,9,-21,7,-19,5,-18,4,-24,6,-15,7,-23,10,-17,5,-29,9,-22,2,-21,5,-22,1,-19,2,-16,2,-21,4,-21,2,-16,0,-21,-1,-14,2,-20,0,-14,-1,-22,-3,-13,-4,-14,-3,-13,-6,-11,-4,-9,-5,-12,-4,-11,-5,-9,-6,0,0,0,0,0,0,0,0,0,0]"""
1782116244623,2026-06-22T17:17:24.623,safe,transition,yja,stand_to_sit,t007,"CSI_DATA,1076227,1a:00:00:00:00:00,-63,11,-99,16,48,11,-1038524629,47,2,256,0,""[0,0,0,0,0,0,0,0,0,0,0,0,7,6,5,6,5,9,5,8,5,9,5,9,8,7,9,9,7,10,7,11,3,11,5,14,4,12,3,14,4,13,7,15,7,13,6,15,3,12,7,11,9,12,8,15,9,15,2,13,5,16,6,14,6,16,9,14,8,14,8,14,11,14,7,9,10,8,11,9,13,9,16,9,14,10,11,9,14,11,16,11,15,9,16,9,16,7,17,6,13,3,16,1,19,0,20,-3,22,0,23,0,16,4,24,3,23,0,20,-2,24,1,22,-3,23,-4,0,0,0,0,0,0,-7,-25,-6,-27,-5,-19,-10,-21,-8,-27,-5,-22,-7,-22,-8,-21,-11,-22,-9,-18,-12,-14,-14,-16,-18,-17,-16,-19,-9,-16,-12,-18,-13,-17,-15,-19,-17,-16,-16,-14,-18,-11,-19,-13,-13,-9,-18,-6,-19,-6,-22,-7,-23,-7,-16,-12,-20,-11,-19,-9,-22,-11,-22,-5,-23,-8,-20,-6,-22,-5,-15,-5,-18,-2,-20,-3,-22,0,-24,-2,-22,-3,-16,-7,-18,-9,-19,-9,-18,-6,-17,-6,-16,-5,-17,-5,-11,-4,-12,-2,-12,-2,-15,-3,-14,-4,-14,-6,-8,-5,-11,-8,-9,-7,0,0,0,0,0,0,0,0,0,0]"""
1782116244633,2026-06-22T17:17:24.633,safe,transition,yja,stand_to_sit,t007,"CSI_DATA,1076228,1a:00:00:00:00:00,-63,11,-99,21,47,11,-1038513629,47,2,256,0,""[0,0,0,0,0,0,0,0,0,0,0,0,7,2,7,2,10,3,9,3,9,5,11,5,11,5,14,3,9,5,12,4,13,5,13,3,12,5,11,5,12,4,15,9,13,9,13,8,13,8,14,8,17,5,13,10,17,6,14,5,15,5,15,5,15,6,15,4,15,8,14,6,14,3,14,3,17,3,15,2,17,0,15,1,17,0,18,-1,16,-3,16,-4,15,-4,20,-3,18,-3,15,-6,17,-6,19,-10,18,-8,15,-11,16,-9,15,-13,17,-10,16,-13,17,-13,18,-17,15,-14,13,-15,15,-18,0,0,0,0,0,0,-20,-13,-20,-13,-20,-13,-20,-13,-22,-13,-20,-11,-22,-13,-19,-8,-23,-10,-21,-8,-23,-8,-24,-4,-20,-6,-22,-1,-23,-1,-22,0,-22,0,-22,0,-19,2,-25,-1,-21,0,-21,2,-20,3,-23,5,-20,8,-18,4,-22,9,-22,9,-18,10,-20,11,-18,11,-17,11,-24,8,-20,8,-18,10,-19,8,-20,12,-20,8,-17,11,-19,10,-17,10,-18,10,-17,10,-17,10,-15,10,-18,6,-16,6,-15,7,-13,6,-17,7,-13,6,-13,8,-13,2,-11,5,-13,5,-10,3,-9,2,0,0,0,0,0,0,0,0,0,0]"""
1782116244645,2026-06-22T17:17:24.645,safe,transition,yja,stand_to_sit,t007,"CSI_DATA,1076229,1a:00:00:00:00:00,-63,11,-99,15,48,11,-1038502629,47,2,256,0,""[0,0,0,0,0,0,0,0,0,0,0,0,0,8,-2,11,0,8,-4,10,-4,8,-4,12,-4,10,-7,8,-7,12,-6,8,-9,9,-11,9,-8,10,-11,9,-15,8,-10,7,-15,7,-14,4,-15,8,-14,8,-12,6,-15,8,-14,3,-15,2,-15,4,-16,3,-16,2,-22,0,-12,2,-17,2,-14,-1,-16,3,-16,0,-16,2,-17,3,-16,2,-15,2,-16,0,-15,4,-15,1,-16,0,-16,2,-21,2,-17,0,-22,1,-17,0,-21,4,-20,2,-19,6,-20,3,-22,3,-22,2,-25,1,-19,2,-22,0,-27,2,-21,0,0,0,0,0,0,0,-6,28,-4,22,-4,27,-6,24,-5,20,-11,26,-4,20,-7,26,-8,19,-6,24,-6,22,-8,19,-4,24,-6,19,-10,18,-7,22,-6,22,-8,20,-10,24,-5,17,-8,22,-10,17,-7,22,-8,22,-7,17,-6,22,-8,16,-11,19,-10,20,-10,20,-12,18,-16,21,-8,16,-14,20,-14,14,-15,22,-14,15,-13,16,-16,16,-16,16,-14,12,-18,11,-16,12,-16,9,-20,8,-14,7,-18,6,-16,2,-19,4,-14,0,-14,2,-14,0,-14,0,-11,0,-12,-2,-12,-2,-11,-4,0,0,0,0,0,0,0,0,0,0]"""
1782116244656,2026-06-22T17:17:24.656,safe,transition,yja,stand_to_sit,t007,"CSI_DATA,1076230,1a:00:00:00:00:00,-63,11,-99,16,48,11,-1038491629,47,2,256,0,""[0,0,0,0,0,0,0,0,0,0,0,0,-5,-6,-5,-5,-5,-9,-4,-7,-7,-9,-2,-9,-4,-9,-6,-12,-3,-10,-4,-15,-3,-12,0,-11,-1,-13,-1,-14,-1,-11,0,-18,0,-14,-1,-15,0,-15,-1,-17,-2,-18,1,-15,0,-18,0,-16,2,-16,1,-14,1,-16,0,-12,0,-18,0,-14,0,-16,0,-14,-3,-16,0,-16,-1,-16,-1,-15,-2,-17,-2,-16,-3,-18,-5,-17,-6,-14,-3,-18,-3,-16,-8,-17,-3,-12,-8,-16,-4,-18,-10,-16,-9,-19,-9,-20,-8,-19,-8,-18,-9,-18,-11,-22,-9,-21,-8,-18,-12,-20,0,0,0,0,0,0,-20,13,-24,16,-18,11,-18,14,-22,15,-15,11,-22,15,-16,12,-20,16,-18,11,-18,13,-19,14,-17,12,-19,16,-15,14,-17,12,-17,15,-16,16,-11,12,-18,18,-13,14,-14,17,-11,14,-12,17,-12,18,-13,17,-13,18,-13,17,-14,17,-14,16,-13,18,-9,16,-17,19,-13,15,-12,18,-11,13,-12,20,-15,16,-13,16,-14,15,-16,16,-15,12,-18,12,-16,12,-11,12,-17,11,-14,7,-14,11,-11,7,-14,9,-12,5,-13,6,-13,4,-12,5,-12,2,-11,0,-10,0,0,0,0,0,0,0,0,0,0,0]"""
1782116244667,2026-06-22T17:17:24.667,safe,transition,yja,stand_to_sit,t007,"CSI_DATA,1076231,1a:00:00:00:00:00,-63,11,-99,16,48,11,-1038479914,47,2,256,0,""[0,0,0,0,0,0,0,0,0,0,0,0,1,7,3,10,0,7,0,11,1,9,0,13,-1,12,-2,9,0,11,-4,9,-1,14,-3,14,-3,14,-2,13,-5,16,-2,10,-4,17,-1,12,-7,18,-8,18,-8,14,-7,14,-5,11,-5,16,-5,16,-4,14,-3,14,-4,16,-3,12,-4,17,-2,12,-5,21,-6,14,-5,16,-3,14,-1,16,1,13,1,16,1,16,-1,20,1,20,2,12,4,17,1,16,5,25,-5,12,6,19,4,19,1,22,6,22,12,24,17,16,13,26,6,21,14,23,10,26,7,22,0,0,0,0,0,0,22,-10,17,-11,25,-15,19,-12,12,-11,23,-16,16,-11,24,-17,14,-12,22,-16,20,-16,18,-12,14,-14,14,-11,16,-17,14,-18,14,-16,12,-15,16,-18,9,-14,12,-20,10,-14,15,-23,12,-18,11,-16,11,-16,8,-15,9,-22,8,-21,7,-19,8,-17,11,-22,5,-16,7,-23,7,-17,13,-27,12,-17,10,-20,13,-16,9,-16,9,-14,9,-20,10,-18,9,-15,12,-15,6,-12,10,-18,9,-11,14,-17,11,-10,10,-9,9,-9,11,-8,9,-5,11,-8,8,-7,11,-5,0,0,0,0,0,0,0,0,0,0]"""
1782116244679,2026-06-22T17:17:24.679,safe,transition,yja,stand_to_sit,t007,"CSI_DATA,1076232,1a:00:00:00:00:00,-63,11,-99,20,47,11,-1038467844,47,2,256,0,""[0,0,0,0,0,0,0,0,0,0,0,0,6,6,7,7,6,7,7,7,7,7,7,9,8,11,5,10,7,12,6,11,6,11,7,14,7,12,6,12,6,14,8,12,9,14,7,14,7,14,6,14,3,14,9,13,6,15,7,14,7,14,7,13,7,14,9,15,9,11,11,12,9,13,11,11,10,12,12,10,11,11,14,11,12,11,14,9,14,8,13,8,16,10,16,3,18,3,18,6,21,6,16,5,19,3,19,4,20,1,22,2,21,-1,24,0,23,0,23,0,22,-5,23,-3,24,-3,0,0,0,0,0,0,-5,-24,-7,-23,-7,-24,-5,-24,-7,-21,-9,-24,-10,-19,-11,-23,-10,-20,-11,-22,-11,-21,-9,-20,-15,-21,-11,-18,-12,-17,-14,-20,-13,-16,-13,-16,-16,-18,-16,-11,-18,-12,-16,-14,-18,-12,-17,-11,-17,-12,-20,-11,-17,-11,-18,-9,-18,-11,-18,-10,-17,-9,-21,-12,-20,-4,-22,-3,-23,-8,-22,-7,-18,-7,-19,-5,-18,-9,-21,-7,-18,-9,-20,-7,-18,-7,-16,-6,-16,-9,-18,-5,-17,-5,-15,-7,-15,-9,-11,-7,-13,-8,-11,-9,-12,-7,-11,-8,-9,-7,-9,-9,-8,-7,0,0,0,0,0,0,0,0,0,0]"""
1782116244690,2026-06-22T17:17:24.690,safe,transition,yja,stand_to_sit,t007,"CSI_DATA,1076233,1a:00:00:00:00:00,-63,11,-99,16,48,11,-1038457097,47,2,256,0,""[0,0,0,0,0,0,0,0,0,0,0,0,9,0,7,-1,12,1,7,1,12,2,10,2,11,1,13,3,11,3,13,6,12,5,11,5,11,8,12,7,9,6,15,11,11,7,13,11,8,10,13,9,14,10,11,11,13,12,10,12,8,12,10,13,10,12,9,7,11,16,8,11,12,12,7,10,12,11,11,12,11,10,12,9,13,11,12,11,12,12,14,12,11,8,16,14,11,8,16,9,11,7,19,8,16,9,18,5,16,10,18,10,16,12,16,11,17,8,24,12,18,11,16,9,22,9,0,0,0,0,0,0,9,-19,12,-24,11,-16,9,-22,14,-27,9,-16,13,-25,9,-17,12,-23,9,-16,9,-20,9,-23,9,-19,10,-23,10,-20,9,-18,10,-20,10,-20,6,-15,9,-24,5,-17,7,-24,7,-17,5,-20,6,-22,5,-19,7,-24,8,-20,7,-19,7,-22,7,-22,3,-16,11,-25,8,-17,7,-21,7,-14,7,-23,8,-19,7,-20,8,-18,12,-20,12,-16,14,-14,14,-16,8,-12,15,-14,11,-9,12,-14,9,-7,12,-11,12,-9,11,-10,11,-7,12,-7,12,-3,11,-2,11,-2,0,0,0,0,0,0,0,0,0,0]"""
1782116244701,2026-06-22T17:17:24.701,safe,transition,yja,stand_to_sit,t007,"CSI_DATA,1076234,1a:00:00:00:00:00,-63,11,-99,16,48,11,-1038446532,47,2,256,0,""[0,0,0,0,0,0,0,0,0,0,0,0,9,-1,7,0,12,-1,10,-2,12,0,9,0,9,0,12,-1,12,0,14,-2,11,0,12,0,12,1,14,1,14,1,16,3,13,1,17,3,12,2,12,1,15,1,16,2,18,1,14,2,15,1,16,1,18,2,15,0,18,1,14,1,16,1,11,0,16,-2,14,-2,14,-5,18,-3,17,-5,16,-2,16,-6,17,-7,14,-7,20,-5,16,-5,15,-9,11,-6,14,-12,16,-10,12,-14,17,-14,14,-16,13,-11,17,-15,16,-15,16,-17,14,-14,12,-17,14,-17,0,0,0,0,0,0,-20,-13,-22,-14,-16,-9,-20,-12,-25,-14,-16,-12,-24,-12,-17,-8,-23,-11,-19,-6,-19,-6,-23,-3,-22,-7,-24,-2,-18,-5,-22,-2,-22,-1,-23,-3,-20,0,-25,-3,-20,-2,-24,0,-16,1,-18,3,-20,5,-22,4,-24,7,-20,3,-21,4,-22,7,-24,6,-19,8,-25,4,-21,3,-22,5,-14,3,-20,8,-21,7,-20,10,-23,5,-21,6,-18,4,-20,4,-22,3,-20,3,-19,0,-16,-1,-16,3,-11,1,-16,2,-13,0,-14,3,-14,0,-14,2,-11,-1,-11,-1,-10,-1,0,0,0,0,0,0,0,0,0,0]"""
1782116244711,2026-06-22T17:17:24.711,safe,transition,yja,stand_to_sit,t007,"CSI_DATA,1076235,1a:00:00:00:00:00,-63,11,-99,16,48,11,-1038436630,47,2,256,0,""[0,0,0,0,0,0,0,0,0,0,0,0,6,-6,7,-6,7,-5,9,-6,9,-6,11,-5,11,-5,10,-3,11,-3,10,-3,12,-6,12,-6,13,-5,12,-4,15,-3,13,-2,15,-3,13,-4,19,-4,18,0,16,0,16,0,15,-2,17,-3,16,-4,15,-5,14,-3,15,-3,14,-2,16,-4,14,-3,18,-5,18,-3,16,-4,15,-5,14,-3,13,-6,14,-11,14,-9,12,-8,13,-9,12,-9,14,-11,13,-11,16,-12,16,-11,14,-12,14,-13,14,-12,14,-15,12,-18,11,-16,13,-16,14,-18,13,-18,14,-19,14,-18,0,0,0,0,0,0,-21,-14,-18,-12,-25,-16,-19,-14,-17,-9,-22,-12,-18,-11,-22,-12,-19,-9,-24,-11,-22,-11,-20,-9,-18,-9,-19,-7,-23,-5,-22,-3,-21,-3,-20,-4,-21,-3,-20,-4,-22,-5,-19,-1,-25,-3,-24,-5,-21,-1,-20,-5,-20,0,-24,1,-22,1,-22,1,-20,1,-21,0,-21,0,-24,0,-21,0,-26,-1,-24,-2,-22,-2,-22,-3,-18,-3,-18,-1,-22,0,-21,-1,-17,-1,-19,-4,-17,-3,-17,-5,-16,-3,-16,-6,-14,-7,-14,-6,-11,-7,-10,-6,-11,-5,-12,-7,-10,-5,-9,-5,0,0,0,0,0,0,0,0,0,0]"""
1782116244722,2026-06-22T17:17:24.722,safe,transition,yja,stand_to_sit,t007,"CSI_DATA,1076236,1a:00:00:00:00:00,-63,11,-99,16,48,11,-1038425630,47,2,256,0,""[0,0,0,0,0,0,0,0,0,0,0,0,10,0,8,0,11,0,8,0,11,2,11,1,11,0,13,1,11,2,14,1,13,3,12,3,12,3,14,6,11,5,16,8,12,5,16,9,12,6,12,7,16,8,14,7,17,7,13,8,14,6,16,5,15,7,13,6,15,8,12,7,14,7,11,3,14,5,14,3,16,2,17,2,18,2,16,3,18,0,18,1,16,1,19,3,16,3,18,0,14,-2,18,-3,18,-3,18,-7,21,-4,20,-5,18,-1,22,-5,21,-5,22,-8,22,-3,18,-7,22,-7,0,0,0,0,0,0,-6,-22,-9,-27,-6,-17,-7,-22,-11,-26,-5,-21,-7,-24,-7,-19,-9,-24,-10,-16,-11,-18,-14,-18,-13,-18,-16,-18,-11,-17,-15,-16,-15,-15,-14,-17,-12,-15,-17,-18,-13,-14,-15,-17,-13,-10,-16,-12,-17,-13,-19,-13,-21,-12,-16,-13,-18,-11,-20,-10,-20,-12,-18,-11,-20,-16,-16,-14,-16,-14,-14,-9,-16,-11,-18,-11,-20,-10,-19,-12,-19,-12,-14,-13,-16,-12,-15,-15,-12,-13,-12,-15,-9,-13,-11,-13,-8,-9,-11,-12,-9,-11,-11,-11,-6,-12,-8,-10,-5,-11,-4,-10,-3,-11,0,0,0,0,0,0,0,0,0,0]"""
1782116244733,2026-06-22T17:17:24.733,safe,transition,yja,stand_to_sit,t007,"CSI_DATA,1076237,1a:00:00:00:00:00,-63,11,-99,21,47,11,-1038414630,47,2,256,0,""[0,0,0,0,0,0,0,0,0,0,0,0,6,-8,5,-6,8,-7,6,-6,9,-8,9,-5,9,-6,11,-7,10,-5,11,-8,13,-6,11,-4,13,-5,13,-6,11,-6,17,-6,14,-6,15,-6,13,-3,13,-4,15,-5,14,-5,18,-5,15,-6,15,-3,16,-5,16,-5,12,-5,17,-6,13,-6,17,-9,13,-6,13,-10,11,-6,14,-10,13,-5,18,-6,15,-9,15,-10,17,-8,10,-13,16,-11,11,-10,10,-13,13,-10,14,-9,14,-16,8,-16,11,-24,8,-22,8,-16,8,-10,4,-22,11,-25,6,-18,8,-20,3,-23,0,0,0,0,0,0,-22,-8,-23,-9,-19,-5,-25,-5,-26,-8,-20,-5,-25,-6,-19,-3,-25,-3,-22,-5,-23,-4,-25,-3,-21,-3,-24,-1,-22,-1,-21,-3,-22,-1,-22,0,-17,1,-25,0,-19,1,-23,4,-19,2,-23,3,-23,5,-19,3,-24,5,-21,5,-22,3,-23,6,-21,6,-17,8,-25,5,-19,5,-22,8,-18,4,-23,9,-20,5,-19,7,-20,4,-22,4,-20,3,-21,1,-19,3,-17,3,-20,1,-17,0,-18,3,-14,0,-17,1,-15,0,-15,0,-14,-1,-13,-3,-12,-2,-11,-3,-10,-5,0,0,0,0,0,0,0,0,0,0]"""
1782116244746,2026-06-22T17:17:24.746,safe,transition,yja,stand_to_sit,t007,"CSI_DATA,1076238,1a:00:00:00:00:00,-63,11,-99,17,48,11,-1038402144,47,2,256,0,""[0,0,0,0,0,0,0,0,0,0,0,0,4,-8,5,-7,6,-8,5,-6,8,-7,6,-6,5,-7,7,-8,8,-10,10,-8,10,-6,10,-8,11,-7,14,-6,14,-8,13,-6,14,-6,16,-6,11,-4,13,-8,13,-9,15,-7,15,-8,13,-3,16,-5,14,-5,18,-5,15,-5,17,-5,14,-4,15,-5,11,-5,11,-6,12,-8,12,-10,15,-12,15,-10,13,-6,14,-8,16,-8,14,-10,15,-10,14,-9,14,-10,11,-9,10,-15,10,-13,10,-17,13,-17,13,-17,15,-10,17,-16,15,-15,13,-18,17,-14,13,-17,13,-17,0,0,0,0,0,0,-20,-15,-20,-17,-15,-13,-19,-13,-22,-16,-16,-17,-18,-15,-17,-15,-18,-17,-16,-11,-18,-10,-20,-9,-21,-10,-20,-10,-15,-13,-20,-11,-18,-11,-18,-14,-19,-9,-21,-10,-18,-8,-21,-10,-16,-7,-18,-5,-20,-3,-22,-4,-23,-6,-17,-10,-20,-9,-20,-6,-22,-9,-21,-6,-22,-10,-20,-8,-20,-10,-16,-8,-19,-5,-20,-5,-21,-2,-22,-7,-20,-10,-14,-11,-16,-11,-15,-12,-16,-11,-14,-12,-13,-11,-13,-11,-10,-10,-10,-8,-11,-9,-12,-9,-11,-10,-8,-10,-4,-10,-5,-11,-3,-10,0,0,0,0,0,0,0,0,0,0]"""
1782116244756,2026-06-22T17:17:24.756,safe,transition,yja,stand_to_sit,t007,"CSI_DATA,1076239,1a:00:00:00:00:00,-63,11,-99,21,47,11,-1038391431,47,2,256,0,""[0,0,0,0,0,0,0,0,0,0,0,0,0,8,-2,6,-2,11,-3,9,-4,11,-1,8,-3,9,-2,12,-5,11,-1,15,-3,11,-3,13,-4,13,-6,13,-5,13,-8,16,-4,10,-7,16,-5,12,-7,13,-5,18,-6,15,-4,18,-5,13,-3,15,-3,15,-5,17,-3,13,-5,19,-5,14,-1,17,-1,11,0,16,0,15,2,16,1,16,3,18,2,13,5,17,5,19,5,15,5,20,5,15,7,17,6,10,11,14,10,15,15,10,15,19,15,17,10,15,16,17,15,14,18,14,16,16,17,11,20,13,0,0,0,0,0,0,13,-22,15,-24,8,-15,10,-22,12,-27,10,-18,11,-25,7,-19,9,-25,2,-18,3,-20,1,-23,3,-23,-1,-26,2,-19,0,-21,-2,-22,-1,-23,-2,-20,0,-23,-3,-18,-3,-23,-3,-14,-5,-18,-10,-21,-9,-22,-11,-22,-7,-18,-10,-21,-13,-18,-12,-21,-12,-16,-10,-25,-8,-19,-12,-18,-6,-12,-15,-17,-11,-19,-16,-15,-13,-19,-13,-18,-8,-15,-10,-17,-11,-20,-10,-17,-8,-18,-5,-14,-10,-17,-6,-9,-7,-15,-7,-12,-10,-12,-5,-14,-7,-13,-4,-11,-3,-11,-3,-10,0,0,0,0,0,0,0,0,0,0]"""
1782116244766,2026-06-22T17:17:24.766,safe,transition,yja,stand_to_sit,t007,"CSI_DATA,1076240,1a:00:00:00:00:00,-63,11,-99,16,48,11,-1038381630,47,2,256,0,""[0,0,0,0,0,0,0,0,0,0,0,0,0,8,0,10,0,8,-1,11,0,10,-1,11,-1,12,-1,10,-1,14,-4,10,-4,12,-5,14,-5,13,-6,13,-7,15,-3,12,-3,15,-4,15,-7,14,-7,14,-7,11,-7,16,-6,12,-7,14,-7,15,-5,14,-7,14,-7,16,-3,13,-3,15,-4,16,-5,17,-3,14,-1,16,-3,16,0,16,0,14,1,16,0,15,0,16,0,18,5,14,5,16,3,19,5,20,3,16,9,20,5,17,9,18,9,19,10,18,11,18,11,20,12,18,12,19,12,20,12,20,0,0,0,0,0,0,19,-15,18,-13,20,-16,18,-16,15,-14,18,-16,14,-14,18,-19,15,-16,16,-17,15,-18,13,-14,11,-20,14,-16,13,-17,12,-18,11,-18,11,-17,14,-20,5,-18,5,-22,7,-18,9,-21,7,-22,5,-18,5,-22,5,-19,5,-20,6,-23,4,-20,6,-20,6,-24,0,-19,1,-23,3,-23,3,-25,5,-20,1,-22,5,-22,2,-21,3,-19,3,-20,4,-20,5,-18,6,-18,1,-16,3,-17,7,-17,7,-16,5,-12,5,-14,7,-12,5,-14,7,-10,7,-9,7,-10,7,-10,0,0,0,0,0,0,0,0,0,0]"""
1782116244776,2026-06-22T17:17:24.776,safe,transition,yja,stand_to_sit,t007,"CSI_DATA,1076241,1a:00:00:00:00:00,-63,11,-99,12,48,11,-1038370630,47,2,256,0,""[0,0,0,0,0,0,0,0,0,0,0,0,13,10,18,12,22,3,-3,10,13,4,26,-7,6,8,2,13,-6,4,-13,8,-6,16,-5,16,0,21,0,17,3,23,4,20,3,18,2,12,7,14,2,19,1,16,4,12,1,13,2,16,2,18,2,16,1,14,3,17,3,13,6,18,4,13,6,18,8,16,8,14,6,14,9,13,5,8,8,12,7,12,8,18,10,17,9,8,14,10,12,11,18,17,15,5,18,10,13,15,17,2,15,5,20,8,15,5,28,7,18,12,24,8,21,14,18,10,0,0,0,0,0,0,6,-24,7,-16,7,-29,7,-24,3,-14,5,-26,2,-19,2,-27,1,-17,4,-27,0,-25,2,-21,0,-23,2,-18,0,-24,0,-22,-2,-21,-1,-19,-2,-24,-5,-16,-7,-24,-4,-18,-5,-26,-6,-21,-6,-18,-7,-19,-6,-18,-8,-20,-8,-20,-8,-19,-7,-17,-10,-22,-10,-14,-13,-20,-10,-18,-13,-25,-8,-18,-10,-18,-7,-21,-10,-18,-8,-17,-10,-19,-8,-19,-5,-16,-5,-18,-7,-13,-9,-18,-5,-15,-5,-21,-3,-13,-3,-15,0,-15,-3,-12,0,-11,0,-13,0,-12,0,-12,0,0,0,0,0,0,0,0,0,0]"""
1782116244788,2026-06-22T17:17:24.788,safe,transition,yja,stand_to_sit,t007,"CSI_DATA,1076242,1a:00:00:00:00:00,-63,11,-99,20,47,11,-1038359098,47,2,256,0,""[0,0,0,0,0,0,0,0,0,0,0,0,1,8,2,9,1,9,1,11,3,10,1,14,-1,13,0,12,0,12,0,11,1,14,0,14,1,12,0,12,0,14,-1,14,0,17,1,14,0,18,-1,17,1,16,-1,14,-1,14,3,18,3,16,2,16,2,14,1,16,1,14,3,15,2,15,3,18,3,17,4,16,4,15,3,15,7,12,10,14,11,14,9,11,10,13,9,11,13,13,13,11,15,15,14,16,15,12,15,14,14,11,17,9,20,8,18,7,20,9,21,10,24,5,23,8,24,9,0,0,0,0,0,0,4,-25,3,-21,4,-27,7,-24,3,-18,1,-25,2,-22,1,-26,0,-22,0,-27,1,-25,0,-23,1,-20,-3,-20,-6,-23,-6,-21,-7,-21,-7,-18,-8,-21,-5,-18,-9,-20,-10,-18,-11,-22,-11,-21,-10,-18,-9,-17,-11,-16,-16,-16,-16,-14,-15,-16,-14,-14,-14,-16,-13,-15,-16,-15,-16,-15,-18,-20,-14,-18,-15,-16,-13,-16,-11,-15,-12,-14,-17,-14,-14,-13,-12,-11,-13,-13,-12,-13,-13,-14,-11,-12,-11,-16,-9,-14,-8,-12,-6,-13,-5,-11,-6,-11,-7,-11,-5,-10,-5,-11,0,0,0,0,0,0,0,0,0,0]"""
1782116244799,2026-06-22T17:17:24.799,safe,transition,yja,stand_to_sit,t007,"CSI_DATA,1076243,1a:00:00:00:00:00,-63,11,-99,18,48,11,-1038348149,47,2,256,0,""[0,0,0,0,0,0,0,0,0,0,0,0,6,-4,5,-5,8,-6,6,-6,10,-6,9,-4,8,-6,10,-6,11,-4,11,-7,11,-6,12,-4,12,-5,14,-6,11,-7,16,-6,12,-4,14,-7,13,-6,14,-7,15,-12,14,-6,16,-7,14,-7,15,-7,15,-6,15,-7,12,-7,15,-10,12,-8,14,-10,11,-8,12,-12,11,-11,10,-14,11,-12,11,-14,9,-13,9,-12,8,-15,4,-14,9,-17,7,-15,4,-19,4,-14,3,-19,4,-19,1,-20,0,-19,2,-22,2,-20,4,-20,0,-19,0,-25,0,-23,-1,-22,-4,-24,0,0,0,0,0,0,-22,6,-26,7,-20,6,-22,7,-25,8,-19,7,-25,10,-19,8,-22,12,-20,9,-19,11,-18,14,-18,12,-20,15,-17,14,-17,11,-17,15,-15,17,-11,15,-17,17,-12,15,-12,20,-10,14,-10,19,-10,21,-9,20,-11,20,-9,20,-10,19,-9,20,-8,22,-4,20,-9,23,-6,19,-4,21,-6,17,-3,23,-7,20,-3,20,-7,20,-7,22,-8,19,-8,19,-7,19,-3,18,-7,18,-6,14,-3,17,-5,12,-6,16,-6,12,-5,14,-6,12,-7,13,-7,10,-7,9,-6,8,0,0,0,0,0,0,0,0,0,0]"""
1782116244809,2026-06-22T17:17:24.809,safe,transition,yja,stand_to_sit,t007,"CSI_DATA,1076244,1a:00:00:00:00:00,-64,11,-99,-1,48,11,-1038337630,47,2,256,0,""[0,0,0,0,0,0,0,0,0,0,0,0,9,-2,9,-3,9,1,8,2,11,0,9,0,12,3,12,3,9,2,14,3,14,3,12,3,14,4,13,4,9,4,15,10,11,7,12,9,11,9,12,10,15,12,9,10,16,9,14,9,13,8,13,7,12,9,9,7,13,13,10,10,11,12,9,10,12,11,12,11,11,10,12,8,14,10,14,9,16,8,18,9,14,6,15,11,12,9,16,8,12,6,19,8,15,10,18,5,18,12,19,7,19,7,18,6,18,7,24,8,21,8,18,7,23,9,0,0,0,0,0,0,9,-19,10,-24,7,-20,11,-22,10,-25,7,-16,10,-25,9,-19,10,-22,7,-20,10,-20,8,-22,10,-18,7,-23,6,-20,3,-19,5,-20,5,-20,5,-15,7,-24,5,-18,7,-22,6,-19,6,-21,6,-22,8,-19,4,-23,2,-21,3,-21,2,-22,4,-22,3,-18,9,-24,7,-19,7,-22,6,-18,8,-22,10,-19,8,-21,10,-19,10,-21,8,-18,8,-18,10,-16,8,-13,12,-15,11,-10,11,-12,9,-9,11,-11,12,-7,11,-8,12,-7,13,-7,11,-5,10,-6,9,-4,0,0,0,0,0,0,0,0,0,0]"""
1782116244821,2026-06-22T17:17:24.821,safe,transition,yja,stand_to_sit,t007,"CSI_DATA,1076245,1a:00:00:00:00:00,-63,11,-99,19,47,11,-1038326220,47,2,256,0,""[0,0,0,0,0,0,0,0,0,0,0,0,0,8,0,10,0,7,-2,11,0,8,-2,13,-3,14,-2,12,-3,12,-4,10,-2,14,-3,14,-1,14,-1,14,-4,16,-4,12,-6,16,-4,12,-5,18,-4,19,-2,16,-4,15,-3,14,-2,16,0,15,-2,16,-2,14,-2,17,-2,14,-1,16,0,15,0,20,0,16,2,15,2,16,2,15,4,13,6,17,7,16,7,13,8,16,7,13,11,18,8,14,14,20,10,17,13,14,13,15,12,14,16,11,18,13,17,11,18,12,18,12,20,10,23,10,20,12,0,0,0,0,0,0,8,-22,8,-20,8,-28,10,-22,4,-18,7,-26,4,-21,5,-28,2,-20,4,-28,4,-25,1,-23,1,-21,0,-19,-2,-24,-5,-23,-6,-21,-6,-19,-6,-22,-6,-18,-8,-22,-7,-17,-10,-25,-8,-21,-10,-20,-8,-18,-8,-16,-15,-17,-14,-17,-15,-16,-12,-16,-14,-18,-12,-14,-16,-18,-13,-15,-18,-21,-14,-20,-14,-17,-13,-16,-10,-16,-12,-14,-17,-14,-15,-14,-12,-11,-13,-14,-10,-12,-12,-16,-8,-12,-12,-17,-8,-14,-10,-14,-6,-13,-6,-11,-6,-10,-6,-13,-6,-10,-4,-10,0,0,0,0,0,0,0,0,0,0]"""
1782116244833,2026-06-22T17:17:24.833,safe,transition,yja,stand_to_sit,t007,"CSI_DATA,1076246,1a:00:00:00:00:00,-63,11,-99,17,48,11,-1038315630,47,2,256,0,""[0,0,0,0,0,0,0,0,0,0,0,0,1,-9,1,-7,3,-10,3,-8,5,-10,5,-8,4,-8,8,-9,6,-11,7,-12,8,-9,8,-8,9,-9,11,-10,10,-9,13,-11,10,-8,13,-10,11,-6,11,-6,15,-8,13,-9,17,-10,13,-6,13,-6,15,-6,15,-7,11,-8,15,-10,12,-8,15,-8,9,-6,12,-10,12,-10,12,-10,14,-11,15,-10,13,-8,15,-10,15,-11,11,-11,16,-13,12,-10,12,-14,10,-10,11,-14,13,-13,10,-17,13,-18,14,-18,12,-13,16,-15,14,-17,14,-20,13,-18,12,-17,11,-19,0,0,0,0,0,0,-20,-12,-23,-16,-16,-11,-20,-13,-24,-18,-15,-13,-22,-15,-17,-11,-22,-14,-16,-11,-17,-10,-20,-13,-21,-11,-22,-12,-17,-12,-17,-13,-19,-10,-20,-11,-17,-9,-23,-12,-17,-8,-22,-8,-16,-7,-17,-7,-21,-9,-21,-7,-22,-10,-18,-9,-19,-11,-19,-9,-22,-10,-19,-8,-23,-11,-18,-8,-21,-10,-15,-8,-20,-7,-18,-10,-20,-10,-20,-10,-17,-13,-13,-13,-14,-14,-15,-15,-14,-12,-13,-15,-10,-12,-13,-12,-7,-10,-10,-11,-8,-12,-9,-12,-8,-13,-5,-13,-4,-11,-2,-11,-1,-11,0,0,0,0,0,0,0,0,0,0]"""
1782116244843,2026-06-22T17:17:24.843,safe,transition,yja,stand_to_sit,t007,"CSI_DATA,1076247,1a:00:00:00:00:00,-63,11,-99,16,48,11,-1038304047,47,2,256,0,""[0,0,0,0,0,0,0,0,0,0,0,0,8,2,7,3,9,5,9,5,9,7,10,7,9,7,11,7,5,8,11,7,10,8,10,7,10,8,9,9,8,9,9,14,7,12,8,12,8,12,8,16,11,16,5,12,11,12,11,13,9,12,9,12,9,13,8,11,7,16,7,14,9,13,9,12,11,15,10,14,11,12,9,12,11,12,11,11,14,11,14,11,12,9,12,14,12,13,14,10,12,11,17,10,15,11,18,7,18,12,18,9,18,9,18,9,20,9,21,9,19,9,20,9,22,11,0,0,0,0,0,0,10,-23,9,-24,7,-23,9,-22,8,-22,7,-20,9,-24,9,-22,8,-23,5,-21,8,-22,4,-24,7,-18,4,-24,3,-22,0,-20,1,-22,2,-22,1,-20,4,-23,2,-21,1,-22,1,-21,1,-22,0,-23,2,-20,-1,-22,-3,-23,-2,-22,-3,-22,-1,-21,-1,-19,2,-25,1,-22,0,-20,0,-22,0,-24,1,-22,-1,-21,3,-20,0,-20,2,-21,3,-20,2,-19,1,-18,6,-18,7,-15,4,-16,6,-14,5,-16,5,-12,5,-13,8,-11,7,-12,6,-11,7,-8,7,-9,0,0,0,0,0,0,0,0,0,0]"""
1782116244857,2026-06-22T17:17:24.857,safe,transition,yja,stand_to_sit,t007,"CSI_DATA,1076248,1a:00:00:00:00:00,-63,11,-99,18,48,11,-1038291538,47,2,256,0,""[0,0,0,0,0,0,0,0,0,0,0,0,-7,-1,-10,-4,-6,-4,-10,-6,-7,-5,-11,-8,-9,-9,-6,-7,-8,-9,-5,-9,-9,-10,-9,-10,-9,-11,-7,-11,-7,-15,-5,-10,-7,-15,-7,-11,-7,-17,-3,-18,-3,-15,-3,-14,-3,-12,-5,-17,-4,-15,-6,-15,-3,-13,-4,-16,-3,-11,-4,-16,-4,-12,-6,-20,-3,-16,-4,-14,-3,-15,-5,-14,-6,-12,-7,-15,-7,-14,-6,-14,-6,-16,-7,-11,-11,-17,-7,-14,-12,-22,-8,-16,-11,-15,-10,-19,-8,-14,-10,-14,-14,-17,-13,-14,-15,-18,-13,-18,-13,-16,-15,-22,-11,-20,0,0,0,0,0,0,-22,14,-15,9,-26,17,-20,12,-12,9,-23,15,-15,10,-23,14,-15,11,-25,15,-22,13,-19,12,-17,11,-15,9,-19,16,-17,15,-16,15,-15,11,-20,13,-13,10,-18,17,-14,12,-22,18,-20,13,-15,14,-15,11,-12,12,-15,17,-16,15,-14,15,-14,13,-17,15,-12,12,-20,15,-15,13,-23,17,-20,11,-17,11,-19,11,-17,8,-14,8,-18,12,-17,11,-14,7,-19,6,-13,5,-18,6,-14,3,-22,3,-15,0,-15,2,-14,-1,-12,0,-11,-1,-12,-1,-11,-1,-11,-3,0,0,0,0,0,0,0,0,0,0]"""
1782116244867,2026-06-22T17:17:24.867,safe,transition,yja,stand_to_sit,t007,"CSI_DATA,1076249,1a:00:00:00:00:00,-64,11,-99,20,48,11,-1038282618,47,2,256,0,""[0,0,0,0,0,0,0,0,0,0,0,0,-8,-2,-6,-2,-10,-1,-9,-1,-9,-5,-8,-1,-9,-1,-11,-4,-11,-3,-13,-2,-11,-4,-12,-3,-12,-3,-13,-5,-12,-5,-15,-8,-11,-5,-15,-6,-11,-2,-15,-4,-17,-2,-14,-4,-16,-4,-13,-4,-14,-2,-16,-3,-16,-5,-14,-3,-16,-4,-14,-3,-16,-3,-12,0,-16,0,-16,1,-15,3,-16,2,-16,4,-16,2,-15,6,-17,5,-14,5,-18,5,-15,6,-15,6,-12,8,-15,11,-15,12,-12,15,-15,16,-13,17,-12,11,-14,16,-13,17,-13,18,-13,15,-10,17,-10,18,0,0,0,0,0,0,19,9,23,12,19,8,20,10,24,9,18,9,24,8,17,4,22,8,19,3,21,2,22,0,22,1,22,-2,20,0,21,-2,21,-4,21,-3,18,-4,22,-4,17,-3,20,-5,15,-7,17,-8,17,-10,16,-10,18,-13,16,-10,16,-13,17,-15,18,-13,13,-13,19,-14,17,-11,17,-12,11,-11,13,-15,14,-15,12,-17,15,-15,13,-14,15,-10,13,-14,15,-13,13,-10,15,-12,13,-8,12,-10,8,-8,11,-10,10,-9,9,-10,10,-9,9,-8,9,-6,8,-6,10,-4,0,0,0,0,0,0,0,0,0,0]"""
1782116244877,2026-06-22T17:17:24.877,safe,transition,yja,stand_to_sit,t007,"CSI_DATA,1076250,1a:00:00:00:00:00,-63,11,-99,16,48,11,-1038271144,47,2,256,0,""[0,0,0,0,0,0,0,0,0,0,0,0,-7,-1,-10,-4,-7,-1,-11,-3,-7,-2,-11,-5,-11,-7,-9,-7,-12,-6,-7,-7,-9,-9,-10,-9,-9,-9,-11,-9,-11,-12,-9,-8,-12,-12,-9,-10,-11,-11,-10,-12,-9,-14,-11,-12,-8,-12,-9,-12,-11,-12,-9,-13,-9,-12,-11,-16,-9,-9,-12,-12,-9,-11,-13,-11,-11,-11,-12,-9,-11,-11,-14,-10,-11,-9,-13,-9,-13,-7,-12,-8,-15,-11,-14,-4,-18,-7,-14,-8,-21,-7,-16,-5,-18,-5,-19,-7,-19,-4,-18,-6,-20,-2,-22,-2,-24,-4,-20,-3,-21,-1,-25,-2,-23,-3,0,0,0,0,0,0,-1,25,-1,20,-2,28,-3,25,-1,19,-3,27,0,18,0,25,-1,20,0,26,0,24,-1,22,2,24,-1,20,1,23,2,24,1,20,2,20,1,25,6,16,7,24,3,19,6,23,6,20,3,20,9,21,4,17,6,20,7,20,7,19,6,19,6,25,9,15,10,20,6,20,10,24,3,20,7,20,5,20,6,19,4,18,6,20,5,18,3,16,1,20,5,15,3,20,-1,16,0,20,0,14,0,14,-2,13,0,13,-2,12,-2,12,-3,12,-4,11,0,0,0,0,0,0,0,0,0,0]"""
1782116244887,2026-06-22T17:17:24.887,safe,transition,yja,stand_to_sit,t007,"CSI_DATA,1076251,1a:00:00:00:00:00,-63,11,-99,16,48,11,-1038260366,47,2,256,0,""[0,0,0,0,0,0,0,0,0,0,0,0,2,9,0,7,1,11,1,9,0,11,0,11,0,11,0,12,-2,11,0,14,-1,13,-1,12,0,14,-3,14,-2,12,-6,17,-4,13,-5,15,-5,14,-4,15,-3,15,-7,14,-5,16,-4,16,-3,14,-5,16,-5,16,-1,12,-7,15,-6,14,-5,14,-2,14,-3,17,-3,16,-3,12,-3,16,-2,18,1,18,-1,17,0,16,-3,18,-4,20,-1,16,2,22,-2,10,5,22,-3,17,-1,16,5,20,4,22,11,16,4,20,3,19,0,27,4,22,5,21,6,19,0,0,0,0,0,0,20,-7,25,-7,21,-8,25,-6,25,-8,19,-5,25,-9,19,-9,25,-10,20,-7,21,-9,21,-11,20,-7,20,-14,18,-13,16,-11,18,-14,18,-12,13,-12,21,-12,16,-11,18,-13,14,-12,16,-14,16,-16,15,-12,16,-17,14,-17,14,-17,12,-18,15,-17,11,-14,19,-16,15,-13,16,-14,13,-12,17,-17,16,-14,14,-16,16,-11,16,-14,14,-11,16,-13,16,-12,14,-12,18,-9,15,-5,15,-9,12,-5,16,-7,14,-5,14,-7,14,-2,12,-5,12,-3,11,-1,10,0,0,0,0,0,0,0,0,0,0,0]"""
1782116244898,2026-06-22T17:17:24.898,safe,transition,yja,stand_to_sit,t007,"CSI_DATA,1076252,1a:00:00:00:00:00,-63,11,-99,17,48,11,-1038249564,47,2,256,0,""[0,0,0,0,0,0,0,0,0,0,0,0,0,-6,-1,-10,0,-6,0,-11,0,-7,1,-13,2,-11,3,-10,3,-12,4,-8,6,-13,7,-12,6,-11,7,-10,10,-13,5,-8,11,-13,8,-9,15,-14,11,-11,10,-7,12,-10,12,-5,13,-10,13,-8,14,-6,13,-6,17,-8,8,-6,15,-10,13,-6,17,-10,14,-6,13,-8,15,-8,13,-6,11,-7,14,-9,13,-8,12,-6,17,-8,10,-9,16,-12,15,-8,22,-13,17,-7,16,-11,19,-8,14,-10,15,-9,20,-13,17,-10,21,-13,18,-8,17,-12,23,-13,20,-9,0,0,0,0,0,0,-11,-23,-6,-15,-11,-29,-8,-22,-4,-16,-8,-26,-5,-16,-8,-27,-5,-17,-6,-29,-6,-25,-3,-20,-6,-21,-1,-17,-4,-24,-4,-22,-5,-21,-4,-20,-5,-24,-4,-15,-7,-23,-3,-17,-6,-26,-5,-23,-3,-20,-5,-20,0,-16,-4,-21,-3,-21,-2,-22,-1,-19,0,-26,-3,-16,-3,-25,0,-19,0,-30,4,-22,1,-21,5,-22,5,-19,5,-16,5,-20,6,-17,6,-14,10,-18,4,-13,8,-18,8,-12,15,-18,11,-10,11,-10,11,-8,10,-7,10,-4,13,-6,10,-4,13,-2,0,0,0,0,0,0,0,0,0,0]"""
1782116244907,2026-06-22T17:17:24.907,safe,transition,yja,stand_to_sit,t007,"CSI_DATA,1076253,1a:00:00:00:00:00,-63,11,-99,18,48,11,-1038238582,47,2,256,0,""[0,0,0,0,0,0,0,0,0,0,0,0,8,3,7,4,8,4,8,5,8,6,7,6,8,6,9,9,9,8,7,9,6,11,6,12,6,12,5,12,5,14,6,15,5,14,3,16,3,14,4,13,1,14,4,17,0,18,-1,15,-1,15,0,17,0,17,-1,17,0,16,0,15,-1,17,0,13,1,15,0,15,0,16,1,18,0,17,-2,17,0,16,-1,17,0,17,0,18,0,17,0,17,1,15,2,17,0,20,1,20,4,20,1,22,0,18,0,23,-1,23,0,23,0,23,0,22,1,25,0,0,0,0,0,0,25,2,26,3,22,3,25,2,27,4,22,6,25,4,22,4,23,6,20,5,22,4,22,5,24,3,22,4,20,7,21,7,20,6,22,7,22,7,22,3,20,4,22,6,19,4,20,4,20,6,23,4,23,7,19,7,21,7,21,8,21,9,21,9,22,9,20,10,20,11,19,7,17,9,18,11,20,10,19,13,16,14,13,14,13,15,13,16,11,15,11,15,9,15,7,15,6,14,6,13,5,14,4,14,4,14,1,13,0,12,-1,12,-2,11,0,0,0,0,0,0,0,0,0,0]"""
1782116244920,2026-06-22T17:17:24.920,safe,transition,yja,stand_to_sit,t007,"CSI_DATA,1076254,1a:00:00:00:00:00,-63,11,-99,16,48,11,-1038226840,47,2,256,0,""[0,0,0,0,0,0,0,0,0,0,0,0,-4,7,-5,8,-3,6,-6,9,-6,9,-8,9,-9,8,-7,7,-11,9,-10,3,-11,4,-13,5,-12,3,-13,3,-15,3,-12,5,-15,5,-15,3,-16,2,-14,3,-12,0,-17,4,-14,-1,-14,-1,-17,-1,-17,-1,-16,0,-19,-1,-13,1,-16,1,-16,0,-16,1,-14,0,-14,1,-15,0,-16,0,-15,1,-16,1,-15,1,-14,0,-16,0,-16,5,-18,5,-18,2,-21,3,-18,3,-20,5,-19,1,-18,7,-21,4,-22,5,-22,5,-22,6,-20,5,-21,6,-22,5,-22,6,0,0,0,0,0,0,6,25,3,24,5,24,5,25,3,22,3,26,3,19,3,25,3,20,2,24,2,24,0,21,5,24,0,20,1,23,1,23,0,20,1,20,3,24,6,20,5,21,3,20,4,22,5,21,3,20,6,24,1,19,2,21,1,21,1,22,1,21,1,24,5,20,4,21,2,22,2,24,-1,20,1,20,-1,22,0,22,-3,19,-2,21,-3,20,-3,17,-7,18,-1,17,-3,18,-7,15,-8,16,-7,12,-7,13,-9,11,-7,11,-9,10,-8,8,-11,9,-9,6,0,0,0,0,0,0,0,0,0,0]"""
1782116244932,2026-06-22T17:17:24.932,safe,transition,yja,stand_to_sit,t007,"CSI_DATA,1076255,1a:00:00:00:00:00,-63,11,-99,16,48,11,-1038214821,47,2,256,0,""[0,0,0,0,0,0,0,0,0,0,0,0,4,6,4,9,3,7,4,11,2,9,5,10,6,11,4,10,6,11,4,9,2,13,3,12,5,12,5,12,5,16,5,12,5,15,1,14,6,16,5,14,3,12,9,14,4,14,4,14,7,15,7,14,5,14,7,18,8,11,11,14,5,14,11,14,10,11,12,11,12,11,14,11,11,9,12,11,15,7,14,9,15,11,12,5,17,6,15,7,20,6,16,6,18,2,20,2,22,0,18,0,20,0,22,-1,25,1,20,-3,23,-2,27,-7,24,-3,0,0,0,0,0,0,-5,-27,-5,-22,-8,-25,-3,-24,-7,-20,-5,-27,-7,-18,-10,-25,-7,-20,-12,-22,-12,-19,-9,-19,-15,-17,-13,-16,-11,-17,-16,-16,-16,-16,-16,-14,-17,-17,-14,-11,-20,-13,-14,-14,-20,-11,-18,-10,-16,-7,-22,-7,-19,-6,-18,-8,-21,-7,-22,-6,-19,-7,-24,-9,-18,-1,-23,-5,-20,-9,-26,-2,-19,-4,-22,-1,-22,-2,-22,-3,-18,-2,-20,-5,-20,0,-19,-4,-19,-7,-14,-2,-19,-5,-14,-7,-18,-4,-14,-3,-16,-3,-12,-4,-14,-1,-12,-3,-11,-5,-9,-4,-10,-5,0,0,0,0,0,0,0,0,0,0]"""
1782116244942,2026-06-22T17:17:24.942,safe,transition,yja,stand_to_sit,t007,"CSI_DATA,1076256,1a:00:00:00:00:00,-63,11,-99,16,48,11,-1038205631,47,2,256,0,""[0,0,0,0,0,0,0,0,0,0,0,0,-8,-4,-5,-3,-9,-8,-5,-5,-8,-9,-7,-7,-7,-8,-10,-9,-4,-9,-9,-10,-8,-10,-7,-9,-8,-11,-7,-12,-4,-9,-7,-16,-5,-12,-7,-16,-5,-13,-3,-14,-6,-16,-5,-14,-9,-15,-7,-13,-7,-13,-8,-14,-7,-14,-7,-10,-6,-18,-5,-13,-8,-14,-6,-12,-8,-15,-8,-14,-11,-12,-9,-11,-11,-13,-12,-12,-12,-11,-14,-11,-11,-9,-14,-14,-11,-11,-15,-11,-12,-9,-18,-9,-15,-12,-17,-6,-18,-12,-18,-9,-17,-9,-18,-9,-18,-8,-24,-9,-20,-8,-18,-9,-22,-8,0,0,0,0,0,0,-8,20,-8,25,-5,20,-7,24,-5,27,-6,19,-7,27,-5,20,-7,26,-2,21,-3,22,-1,24,-3,21,0,25,0,22,2,21,1,22,2,21,2,18,1,25,1,18,3,23,3,19,2,23,5,22,1,19,7,23,6,20,7,19,9,21,9,20,7,16,4,27,3,21,6,22,2,17,7,24,3,23,6,20,4,20,5,20,4,20,3,21,3,20,3,16,0,20,-2,16,2,18,0,12,0,17,0,14,1,13,-3,13,-1,13,-1,12,-1,10,-2,9,0,0,0,0,0,0,0,0,0,0]"""
1782116244953,2026-06-22T17:17:24.953,safe,transition,yja,stand_to_sit,t007,"CSI_DATA,1076257,1a:00:00:00:00:00,-63,11,-99,19,47,11,-1038194631,47,2,256,0,""[0,0,0,0,0,0,0,0,0,0,0,0,1,9,0,12,0,8,-1,10,-1,10,-1,12,-1,12,0,11,-1,14,-1,12,-4,12,-2,13,-3,13,-4,14,-6,15,-4,14,-6,15,-9,14,-6,14,-7,14,-7,16,-4,15,-5,16,-8,12,-6,14,-4,16,-6,16,-9,18,-4,12,-6,14,-8,12,-3,16,-3,14,0,16,0,15,-2,18,-2,18,-2,16,2,16,0,18,-2,18,1,16,0,19,0,16,2,19,2,16,5,18,8,18,7,19,10,18,6,20,11,22,9,24,8,20,8,20,12,20,10,20,0,0,0,0,0,0,24,-10,22,-8,22,-10,24,-8,21,-13,24,-10,20,-9,21,-12,20,-9,18,-14,18,-14,17,-15,18,-18,16,-16,16,-14,15,-17,14,-17,17,-16,17,-18,12,-16,14,-18,16,-16,12,-16,10,-17,10,-18,10,-22,8,-20,11,-16,10,-20,8,-21,11,-20,12,-22,9,-18,12,-20,12,-17,10,-20,8,-18,8,-22,7,-20,9,-20,8,-18,12,-16,8,-18,11,-18,14,-16,9,-14,13,-14,12,-11,9,-13,10,-11,10,-12,10,-11,10,-11,10,-8,10,-7,9,-8,10,-7,0,0,0,0,0,0,0,0,0,0]"""
1782116244964,2026-06-22T17:17:24.964,safe,transition,yja,stand_to_sit,t007,"CSI_DATA,1076258,1a:00:00:00:00:00,-63,11,-99,18,48,11,-1038183631,47,2,256,0,""[0,0,0,0,0,0,0,0,0,0,0,0,3,-8,4,-8,3,-9,4,-9,6,-9,8,-8,8,-7,9,-7,10,-9,10,-6,11,-6,12,-5,11,-6,14,-6,15,-6,14,-6,14,-5,15,-5,14,-3,15,-4,12,-3,18,-3,17,1,14,-1,16,0,16,0,15,0,18,0,14,-3,14,-3,17,-1,16,-1,15,0,16,-1,17,0,17,-1,16,-1,15,-3,15,-1,15,-2,17,-2,15,-4,17,-6,19,-4,19,-3,17,0,20,-4,19,-1,20,-6,21,-3,19,-7,22,-6,23,-5,22,-4,23,-8,24,-5,22,-6,0,0,0,0,0,0,-5,-26,-3,-24,-4,-23,-3,-24,-2,-23,-3,-24,-6,-22,-4,-25,-4,-23,-2,-23,-1,-23,1,-22,-2,-25,-1,-23,-1,-20,0,-22,-1,-22,-3,-22,-2,-23,-5,-20,-6,-20,-4,-23,-3,-21,-3,-20,-1,-21,-4,-22,0,-21,-3,-21,-1,-22,0,-22,0,-22,0,-25,-3,-21,-3,-22,0,-22,0,-22,2,-20,1,-21,4,-22,2,-22,5,-20,4,-19,4,-19,4,-18,8,-18,4,-17,5,-16,9,-16,8,-14,7,-9,8,-11,9,-11,10,-11,11,-7,9,-7,10,-6,11,-4,0,0,0,0,0,0,0,0,0,0]"""
1782116244986,2026-06-22T17:17:24.986,safe,transition,yja,stand_to_sit,t007,"CSI_DATA,1076260,1a:00:00:00:00:00,-63,11,-99,16,48,11,-1038161267,47,2,256,0,""[0,0,0,0,0,0,0,0,0,0,0,0,4,-7,4,-7,7,-9,5,-7,9,-8,6,-6,7,-8,10,-9,9,-9,11,-9,11,-7,11,-7,11,-6,14,-6,11,-5,16,-5,13,-5,18,-2,12,-3,12,-4,13,-3,16,-3,18,-5,14,-1,15,-1,16,-2,16,-1,14,-1,18,-1,14,0,17,0,12,-1,14,-3,15,-3,15,-5,17,-5,18,-5,16,-2,18,-5,18,-4,14,-3,19,-3,17,-3,17,-3,12,-5,16,-7,18,-7,16,-10,20,-9,19,-9,17,-6,20,-9,20,-9,23,-11,21,-7,18,-8,21,-10,0,0,0,0,0,0,-7,-20,-10,-27,-7,-18,-6,-24,-10,-27,-4,-20,-7,-25,-8,-18,-5,-25,-8,-19,-8,-18,-11,-20,-11,-21,-11,-21,-8,-20,-11,-19,-11,-20,-8,-20,-9,-16,-11,-23,-9,-17,-9,-22,-9,-14,-12,-15,-12,-18,-12,-19,-14,-20,-9,-18,-11,-18,-12,-18,-11,-22,-10,-17,-8,-24,-7,-18,-7,-22,-7,-15,-9,-20,-9,-20,-9,-19,-8,-20,-7,-22,-3,-20,-5,-20,-2,-21,-1,-18,0,-20,2,-17,1,-18,0,-12,1,-16,3,-14,0,-15,3,-14,3,-12,5,-11,5,-11,6,-9,0,0,0,0,0,0,0,0,0,0]"""
1782116244997,2026-06-22T17:17:24.997,safe,transition,yja,stand_to_sit,t007,"CSI_DATA,1076261,1a:00:00:00:00:00,-63,11,-99,17,48,11,-1038150168,47,2,256,0,""[0,0,0,0,0,0,0,0,0,0,0,0,-1,7,-4,8,-3,9,-4,9,-5,9,-7,7,-6,8,-8,6,-9,10,-10,7,-10,7,-10,7,-11,7,-12,7,-14,8,-11,8,-11,8,-14,6,-14,6,-14,5,-14,1,-17,7,-15,3,-15,4,-17,3,-15,3,-16,4,-17,3,-15,5,-15,5,-14,4,-16,5,-15,5,-15,4,-17,4,-15,5,-15,5,-13,6,-15,6,-15,8,-17,6,-13,10,-13,10,-17,10,-15,8,-15,6,-15,9,-18,8,-17,11,-18,12,-16,13,-16,14,-18,13,-18,11,-17,16,-18,13,-20,15,0,0,0,0,0,0,15,22,16,21,13,18,15,19,14,19,13,20,14,18,15,18,15,19,12,17,11,17,9,19,17,19,13,19,13,15,12,18,13,17,14,18,14,18,17,13,16,13,15,15,14,15,15,15,13,17,17,17,13,17,15,15,15,18,14,15,15,17,14,18,18,15,15,13,15,16,15,16,13,16,13,17,12,18,13,18,10,19,11,17,9,18,10,17,6,18,8,15,8,15,6,17,4,15,2,14,2,14,0,15,1,14,-1,14,0,11,-1,11,-1,11,0,0,0,0,0,0,0,0,0,0]"""
1782116245008,2026-06-22T17:17:25.008,safe,transition,yja,stand_to_sit,t007,"CSI_DATA,1076262,1a:00:00:00:00:00,-63,11,-99,16,48,11,-1038139268,47,2,256,0,""[0,0,0,0,0,0,0,0,0,0,0,0,-6,4,-7,3,-9,3,-9,3,-10,3,-11,1,-12,3,-12,1,-11,0,-14,0,-14,0,-12,-1,-14,0,-14,-1,-13,-1,-15,-2,-12,-2,-15,-2,-16,-4,-16,-7,-14,-5,-14,-4,-14,-6,-16,-7,-15,-5,-14,-7,-13,-5,-12,-4,-16,-7,-14,-4,-14,-5,-15,-6,-18,-6,-16,-5,-15,-4,-12,-4,-16,-4,-17,-3,-17,-4,-15,-3,-15,-2,-17,-3,-16,-2,-19,-1,-18,-2,-21,-1,-19,-2,-19,-1,-18,0,-21,0,-23,-1,-18,-1,-18,0,-24,0,-25,0,-21,0,-25,-1,0,0,0,0,0,0,1,22,0,24,0,25,0,25,-1,23,0,22,0,26,0,24,0,25,-1,24,0,25,0,22,0,20,0,24,1,24,1,21,0,22,0,20,3,19,1,23,0,20,3,23,3,23,4,24,5,22,1,18,2,22,3,25,3,21,2,22,1,20,3,18,1,24,3,20,2,23,1,24,1,25,1,22,0,23,-1,18,-1,21,-1,22,-5,20,-1,18,-3,14,-5,18,-4,16,-5,18,-6,16,-6,15,-7,13,-7,11,-7,11,-8,11,-10,11,-8,7,-8,7,0,0,0,0,0,0,0,0,0,0]"""
1782116245021,2026-06-22T17:17:25.021,safe,transition,yja,stand_to_sit,t007,"CSI_DATA,1076263,1a:00:00:00:00:00,-63,11,-99,20,47,11,-1038126709,47,2,256,0,""[0,0,0,0,0,0,0,0,0,0,0,0,-2,-8,-1,-9,-1,-10,0,-11,0,-10,1,-11,0,-11,2,-11,0,-13,3,-12,2,-14,3,-14,3,-13,3,-14,5,-15,2,-16,3,-15,4,-16,5,-12,4,-16,5,-15,5,-15,6,-15,5,-14,5,-14,6,-15,6,-15,6,-17,3,-15,1,-14,3,-16,2,-14,3,-14,1,-16,3,-16,1,-16,2,-16,0,-16,0,-16,-1,-17,0,-18,-4,-17,-5,-18,-3,-18,-4,-18,-4,-18,-5,-18,-5,-20,-8,-19,-7,-20,-8,-17,-9,-20,-10,-21,-9,-20,-12,-19,-11,-20,-12,-19,0,0,0,0,0,0,-20,13,-22,14,-19,14,-20,14,-20,14,-19,14,-18,16,-16,15,-18,14,-17,14,-16,16,-17,14,-16,19,-16,16,-15,15,-16,17,-12,16,-14,17,-14,16,-9,19,-9,20,-11,19,-9,18,-9,19,-11,18,-9,22,-10,19,-9,20,-10,19,-9,20,-8,21,-9,22,-4,23,-5,20,-7,21,-6,21,-7,18,-8,20,-10,20,-8,20,-9,20,-9,18,-9,18,-9,16,-9,16,-7,17,-7,16,-9,14,-9,12,-9,11,-10,12,-9,11,-9,11,-11,9,-9,7,-9,7,-9,7,0,0,0,0,0,0,0,0,0,0]"""
1782116245030,2026-06-22T17:17:25.030,safe,transition,yja,stand_to_sit,t007,"CSI_DATA,1076264,1a:00:00:00:00:00,-63,11,-99,16,48,11,-1038117631,47,2,256,0,""[0,0,0,0,0,0,0,0,0,0,0,0,-3,9,-3,8,-5,9,-5,7,-9,8,-5,7,-5,9,-7,11,-7,10,-11,10,-11,7,-11,8,-11,9,-12,6,-12,5,-16,9,-12,7,-18,5,-12,4,-12,7,-14,7,-16,6,-17,7,-16,2,-15,5,-16,4,-16,4,-14,2,-18,5,-14,2,-16,2,-11,3,-14,5,-13,5,-14,7,-15,8,-16,7,-15,4,-14,8,-18,7,-14,7,-17,7,-16,7,-17,7,-12,7,-14,12,-14,10,-14,14,-16,12,-16,12,-16,9,-18,12,-18,12,-20,15,-18,10,-14,12,-20,13,0,0,0,0,0,0,11,20,13,24,9,16,11,22,14,23,9,19,11,24,11,16,10,24,13,16,12,16,14,18,16,18,16,19,11,18,13,18,13,16,12,18,12,16,15,19,12,14,14,19,12,12,14,13,16,15,18,15,19,16,12,17,14,15,16,16,15,17,13,14,16,20,12,15,13,18,11,13,14,15,14,16,14,14,14,18,11,18,6,18,9,19,7,20,5,16,7,20,3,15,3,18,3,12,3,15,2,15,4,14,1,14,1,14,-3,11,-1,12,-3,11,0,0,0,0,0,0,0,0,0,0]"""
1782116245047,2026-06-22T17:17:25.047,safe,transition,yja,stand_to_sit,t007,"CSI_DATA,1076265,1a:00:00:00:00:00,-63,11,-99,16,48,11,-1038099073,47,2,256,0,""[0,0,0,0,0,0,0,0,0,0,0,0,6,-6,6,-5,9,-6,8,-5,9,-4,9,-3,8,-5,11,-3,12,-4,14,-3,12,-2,14,0,12,0,15,0,14,0,18,0,14,0,16,0,12,2,14,2,17,4,16,2,19,3,14,5,15,7,15,5,16,5,15,4,18,5,15,3,16,3,12,4,14,2,14,4,16,2,18,3,18,5,14,4,16,6,17,4,17,3,19,3,16,1,18,1,14,1,18,0,18,1,21,-1,22,0,23,2,16,3,22,3,22,2,23,1,23,3,20,2,22,0,0,0,0,0,0,0,2,-25,4,-28,4,-19,1,-24,3,-27,3,-21,3,-26,2,-20,3,-24,2,-20,0,-18,2,-24,0,-24,3,-24,3,-20,5,-21,3,-21,4,-22,1,-20,0,-25,0,-21,0,-23,0,-17,0,-18,1,-21,0,-22,1,-25,3,-20,3,-22,2,-22,3,-23,0,-22,2,-25,2,-20,1,-23,3,-15,1,-20,3,-18,4,-22,4,-22,8,-23,9,-16,11,-17,11,-18,10,-17,10,-18,9,-12,10,-14,7,-10,8,-12,10,-9,9,-11,10,-11,12,-9,11,-3,11,-3,11,-3,0,0,0,0,0,0,0,0,0,0]"""
1782116245057,2026-06-22T17:17:25.057,safe,transition,yja,stand_to_sit,t007,"CSI_DATA,1076266,1a:00:00:00:00:00,-63,11,-99,19,47,11,-1038093887,47,2,256,0,""[0,0,0,0,0,0,0,0,0,0,0,0,0,8,0,10,-2,8,-2,10,-1,10,-3,13,-5,12,-3,12,-5,11,-5,12,-4,14,-4,13,-5,13,-6,12,-7,14,-8,12,-8,14,-6,14,-9,14,-12,15,-9,16,-8,12,-8,14,-7,16,-7,14,-8,15,-8,13,-6,13,-8,14,-8,14,-6,13,-8,18,-6,15,-7,14,-6,14,-6,13,-4,16,-2,18,-2,17,-1,14,-1,17,-2,18,0,20,1,17,1,20,0,23,4,22,0,20,1,18,4,20,7,22,6,20,6,21,8,23,8,21,8,22,6,24,0,0,0,0,0,0,23,-8,21,-10,24,-12,24,-10,18,-10,22,-13,20,-10,21,-12,18,-12,23,-16,22,-13,19,-13,17,-11,16,-12,18,-17,14,-16,14,-16,13,-14,14,-16,14,-16,14,-18,12,-16,14,-20,14,-19,11,-19,13,-17,10,-19,8,-22,8,-20,8,-20,8,-19,9,-20,10,-19,10,-21,7,-20,11,-22,12,-20,10,-20,11,-19,11,-16,8,-18,8,-20,8,-17,8,-16,9,-16,10,-14,11,-16,10,-14,12,-16,12,-12,11,-11,11,-10,10,-8,9,-9,10,-10,9,-6,9,-7,0,0,0,0,0,0,0,0,0,0]"""
1782116245067,2026-06-22T17:17:25.067,safe,transition,yja,stand_to_sit,t007,"CSI_DATA,1076267,1a:00:00:00:00:00,-63,11,-99,19,48,11,-1038084397,47,2,256,0,""[0,0,0,0,0,0,0,0,0,0,0,0,1,-7,4,-10,2,-8,5,-10,5,-7,7,-10,7,-10,8,-7,9,-10,7,-7,11,-7,11,-7,11,-8,12,-7,16,-5,11,-4,16,-4,16,-1,16,-4,16,-1,17,0,17,-2,15,-1,16,0,17,0,17,0,16,1,19,4,14,0,17,1,14,3,18,0,16,2,16,0,16,1,17,1,14,1,16,2,17,-1,16,0,19,2,16,0,20,2,16,4,22,2,17,3,20,1,19,2,20,2,20,1,21,2,21,1,25,4,20,2,21,5,25,4,22,5,0,0,0,0,0,0,11,-25,9,-20,10,-25,12,-20,9,-19,17,-22,10,-19,12,-23,13,-17,12,-21,10,-20,13,-17,12,-22,10,-16,14,-16,12,-19,8,-19,11,-18,17,-22,8,-16,12,-19,14,-14,12,-18,13,-17,12,-16,11,-19,12,-13,15,-15,13,-16,13,-18,14,-14,20,-14,13,-11,17,-14,17,-9,19,-15,17,-11,17,-13,17,-10,20,-11,16,-7,19,-7,18,-8,18,-5,21,-2,15,-3,19,0,15,1,19,1,14,2,14,2,14,3,14,2,11,5,11,5,10,5,10,7,0,0,0,0,0,0,0,0,0,0]"""
1782116245076,2026-06-22T17:17:25.076,safe,transition,yja,stand_to_sit,t007,"CSI_DATA,1076268,1a:00:00:00:00:00,-63,11,-99,20,47,11,-1038071127,47,2,256,0,""[0,0,0,0,0,0,0,0,0,0,0,0,5,5,7,7,5,6,6,9,5,8,5,12,5,12,3,11,3,11,1,11,3,14,2,13,1,14,1,14,2,16,1,12,1,17,1,13,0,20,-1,17,-1,14,-1,16,-3,13,-1,18,-1,16,-1,16,-1,14,-1,17,-1,14,-1,16,0,14,0,21,-3,17,-1,16,-2,16,0,15,0,14,3,17,0,17,0,15,1,18,4,14,5,18,3,17,5,24,2,18,7,20,1,21,4,17,3,20,8,23,6,18,8,22,6,20,9,23,7,24,5,22,0,0,0,0,0,0,24,-7,17,-5,28,-10,21,-8,18,-5,25,-9,19,-7,25,-9,18,-8,26,-9,24,-8,20,-6,20,-8,20,-5,21,-10,19,-10,22,-8,19,-7,22,-10,15,-10,20,-12,14,-12,24,-13,21,-11,17,-10,18,-9,15,-8,19,-13,18,-11,17,-11,18,-9,21,-12,16,-10,20,-13,18,-11,25,-11,22,-8,20,-9,22,-6,18,-7,18,-6,20,-9,19,-6,17,-4,18,-4,16,-5,18,-5,17,-2,22,-1,16,0,16,0,14,2,13,2,11,2,14,1,11,3,11,3,0,0,0,0,0,0,0,0,0,0]"""
1782116245086,2026-06-22T17:17:25.086,safe,transition,yja,stand_to_sit,t007,"CSI_DATA,1076269,1a:00:00:00:00:00,-63,11,-99,18,47,11,-1038061302,47,2,256,0,""[0,0,0,0,0,0,0,0,0,0,0,0,-26,-3,8,11,-17,8,-20,25,9,15,-4,-3,0,18,2,-4,-4,5,-11,13,-9,-8,-6,4,-9,2,-6,8,-23,7,-8,2,-19,6,-11,12,-13,8,-17,11,-10,7,-18,8,-12,3,-17,5,-15,4,-15,5,-16,4,-17,6,-11,6,-15,10,-13,6,-17,10,-15,9,-13,11,-13,11,-12,10,-10,9,-11,11,-11,11,-13,11,-13,13,-6,11,-8,16,-11,15,-13,19,-8,15,-6,19,-8,17,-6,19,-8,18,-8,21,-6,20,-7,23,-6,19,-6,22,-6,26,-6,23,0,0,0,0,0,0,26,5,22,4,27,4,24,2,18,3,26,3,19,1,26,2,19,0,26,2,24,0,20,0,23,-2,19,0,22,-2,22,-2,21,-2,20,-1,26,-4,16,-6,23,-8,19,-5,24,-8,21,-7,17,-7,21,-10,17,-6,19,-8,21,-8,19,-8,19,-7,23,-10,14,-11,18,-13,17,-11,23,-14,18,-9,19,-13,19,-11,17,-9,15,-7,19,-8,17,-8,16,-5,19,-6,13,-9,17,-8,17,-3,19,-4,13,-3,15,-6,14,-2,14,-4,13,0,14,0,11,0,12,0,0,0,0,0,0,0,0,0,0,0]"""
1782116245095,2026-06-22T17:17:25.095,safe,transition,yja,stand_to_sit,t007,"CSI_DATA,1076270,1a:00:00:00:00:00,-63,11,-99,16,48,11,-1038051621,47,2,256,0,""[0,0,0,0,0,0,0,0,0,0,0,0,7,1,10,3,6,3,9,5,8,3,11,7,11,7,10,5,10,8,7,7,11,8,12,9,12,8,10,8,11,11,7,11,12,14,9,10,11,16,11,13,8,10,9,13,7,11,10,12,11,13,11,12,9,12,10,14,6,10,9,14,7,12,12,16,10,14,10,11,10,12,10,12,10,9,13,11,12,10,12,8,12,12,11,9,16,12,12,8,20,14,14,12,18,10,17,11,16,10,16,7,21,8,20,8,20,9,20,9,22,9,24,8,20,9,0,0,0,0,0,0,9,-24,6,-16,10,-27,12,-22,6,-16,8,-25,7,-17,11,-25,4,-18,11,-27,9,-23,5,-21,7,-21,4,-18,4,-24,2,-23,0,-22,1,-20,2,-22,3,-18,3,-24,2,-18,2,-25,3,-24,1,-20,2,-20,0,-18,-1,-22,-2,-22,-2,-22,0,-20,0,-24,0,-18,0,-24,0,-19,1,-27,3,-22,0,-22,3,-21,4,-17,0,-18,0,-22,1,-20,3,-16,5,-19,3,-14,5,-20,5,-14,9,-20,7,-14,7,-13,9,-12,7,-10,7,-9,7,-12,7,-9,7,-7,0,0,0,0,0,0,0,0,0,0]"""
1782116245110,2026-06-22T17:17:25.110,safe,transition,yja,stand_to_sit,t007,"CSI_DATA,1076271,1a:00:00:00:00:00,-63,11,-99,16,48,11,-1038037938,47,2,256,0,""[0,0,0,0,0,0,0,0,0,0,0,0,-6,-9,-4,-7,-4,-9,-2,-8,-3,-11,-2,-9,-3,-11,-4,-13,-1,-12,-1,-14,0,-12,0,-14,1,-13,3,-15,1,-12,6,-17,5,-13,8,-16,6,-10,3,-13,5,-16,9,-14,7,-18,7,-12,8,-13,9,-13,11,-14,9,-11,14,-12,11,-11,12,-12,7,-7,7,-12,9,-12,7,-12,11,-14,11,-14,11,-10,11,-13,12,-15,9,-12,15,-12,14,-10,11,-14,8,-9,11,-16,11,-14,7,-18,14,-18,11,-18,11,-11,17,-16,16,-15,15,-18,16,-14,12,-16,16,-17,0,0,0,0,0,0,-15,-18,-18,-23,-11,-13,-11,-18,-18,-24,-9,-18,-14,-24,-11,-17,-11,-23,-9,-16,-11,-16,-14,-19,-12,-21,-17,-20,-8,-18,-12,-18,-12,-18,-10,-20,-9,-16,-11,-24,-7,-17,-9,-23,-6,-15,-9,-16,-11,-20,-10,-20,-14,-21,-7,-18,-7,-19,-11,-20,-8,-22,-9,-18,-4,-26,-3,-19,-5,-23,-3,-14,-4,-20,-4,-21,-5,-20,-1,-22,0,-22,3,-19,1,-21,4,-20,3,-18,8,-19,9,-14,7,-16,5,-9,7,-14,7,-12,5,-14,9,-12,8,-11,9,-5,11,-7,9,-6,0,0,0,0,0,0,0,0,0,0]"""
1782116245120,2026-06-22T17:17:25.120,safe,transition,yja,stand_to_sit,t007,"CSI_DATA,1076272,1a:00:00:00:00:00,-63,11,-99,16,48,11,-1038027674,47,2,256,0,""[0,0,0,0,0,0,0,0,0,0,0,0,9,3,8,2,10,3,9,3,10,5,9,4,9,3,11,3,11,5,11,7,10,7,11,7,11,8,11,9,12,9,14,8,12,7,13,9,12,8,12,9,12,10,15,7,14,9,12,9,12,9,13,7,14,9,14,8,16,6,15,6,15,6,14,4,15,3,14,3,16,2,17,0,17,1,16,1,16,1,17,0,17,0,18,-4,16,-3,18,-3,15,-5,15,-7,16,-9,17,-10,18,-11,19,-11,18,-8,19,-11,17,-12,18,-14,18,-13,16,-14,17,-14,0,0,0,0,0,0,-16,-18,-18,-19,-16,-13,-18,-14,-21,-16,-18,-15,-20,-15,-18,-12,-20,-12,-20,-9,-20,-9,-20,-9,-24,-7,-22,-9,-20,-9,-21,-7,-21,-7,-22,-7,-20,-5,-22,-1,-20,0,-23,-1,-19,0,-20,1,-21,0,-23,3,-22,2,-21,0,-22,1,-21,3,-22,3,-22,3,-24,5,-20,4,-22,5,-20,4,-21,6,-20,7,-20,7,-21,7,-20,6,-18,3,-20,5,-20,3,-18,2,-18,5,-16,3,-18,3,-14,2,-14,2,-14,3,-14,2,-14,2,-13,0,-12,0,-12,-1,-11,-1,0,0,0,0,0,0,0,0,0,0]"""
1782116245130,2026-06-22T17:17:25.130,safe,transition,yja,stand_to_sit,t007,"CSI_DATA,1076273,1a:00:00:00:00:00,-63,11,-99,16,48,11,-1038018632,47,2,256,0,""[0,0,0,0,0,0,0,0,0,0,0,0,9,-1,8,0,11,0,9,0,11,1,10,1,11,0,12,1,11,3,14,3,12,2,12,4,13,5,12,5,11,3,16,7,13,5,16,6,12,8,12,6,14,7,12,7,16,8,13,7,12,9,14,9,15,7,13,5,16,11,12,7,15,5,12,6,15,6,14,7,15,5,16,4,17,5,16,4,16,5,17,3,14,0,19,3,16,2,18,-1,15,1,21,-3,18,0,18,-3,20,-1,21,0,20,0,20,0,20,-3,25,-3,22,-3,18,0,23,-5,0,0,0,0,0,0,-4,-22,-7,-26,-5,-20,-8,-25,-7,-28,-6,-20,-6,-25,-5,-20,-8,-24,-6,-20,-8,-21,-9,-22,-7,-20,-9,-23,-9,-20,-8,-20,-9,-21,-9,-20,-9,-15,-12,-22,-11,-17,-14,-18,-10,-16,-12,-17,-14,-18,-11,-16,-14,-19,-13,-17,-12,-18,-14,-18,-14,-16,-14,-12,-14,-22,-12,-16,-16,-16,-10,-14,-16,-17,-11,-18,-12,-16,-12,-18,-11,-20,-10,-16,-7,-18,-9,-18,-9,-15,-7,-18,-5,-15,-9,-16,-4,-11,-5,-15,-2,-14,-5,-14,-2,-13,-2,-14,0,-12,0,-11,0,-10,0,0,0,0,0,0,0,0,0,0]"""
1782116245141,2026-06-22T17:17:25.141,safe,transition,yja,stand_to_sit,t007,"CSI_DATA,1076274,1a:00:00:00:00:00,-63,11,-99,19,47,11,-1038005999,47,2,256,0,""[0,0,0,0,0,0,0,0,0,0,0,0,0,9,1,12,0,6,0,11,0,6,1,14,-1,14,-2,12,0,14,-3,10,-1,14,-1,14,-2,14,-1,14,-2,16,-2,11,-3,17,-2,12,-4,20,-6,18,-3,16,-2,14,-1,14,-2,18,0,16,0,16,0,14,-1,18,0,12,1,17,0,12,0,21,1,18,1,18,2,14,2,14,6,10,6,18,4,19,9,16,5,20,10,9,13,19,11,12,21,22,12,13,18,18,14,12,8,8,17,5,24,12,21,16,20,8,18,14,18,13,27,8,18,12,0,0,0,0,0,0,12,-23,7,-16,8,-30,10,-22,2,-16,8,-28,4,-16,6,-28,4,-18,5,-30,4,-25,4,-22,0,-22,1,-16,-2,-24,-4,-22,-4,-22,-3,-18,-3,-24,-5,-17,-7,-24,-6,-17,-10,-28,-8,-22,-6,-19,-7,-19,-7,-16,-13,-18,-12,-18,-12,-16,-9,-16,-12,-22,-11,-12,-16,-19,-12,-16,-18,-26,-10,-19,-14,-16,-10,-20,-10,-16,-10,-14,-15,-17,-14,-15,-10,-11,-10,-17,-10,-12,-14,-16,-6,-13,-11,-20,-6,-14,-8,-14,-4,-14,-5,-11,-4,-10,-6,-14,-5,-11,-4,-12,0,0,0,0,0,0,0,0,0,0]"""
1782116245156,2026-06-22T17:17:25.156,safe,transition,yja,stand_to_sit,t007,"CSI_DATA,1076275,1a:00:00:00:00:00,-63,11,-99,15,48,11,-1037990942,47,2,256,0,""[0,0,0,0,0,0,0,0,0,0,0,0,8,0,11,2,9,2,11,3,8,3,12,4,10,2,10,3,14,4,8,5,10,8,11,8,10,9,10,10,12,13,9,8,12,12,8,11,10,13,10,13,9,13,10,14,7,12,5,14,7,14,8,14,6,16,7,20,6,11,6,16,4,14,7,17,6,14,9,14,8,12,8,15,7,12,6,16,9,13,8,14,6,18,8,12,12,18,5,16,14,18,10,14,14,14,12,15,12,16,10,16,12,18,14,17,16,22,11,15,11,18,14,22,12,18,0,0,0,0,0,0,25,-12,20,-10,26,-10,22,-9,20,-9,25,-8,17,-6,25,-10,19,-4,24,-11,22,-10,20,-8,22,-14,19,-7,20,-6,21,-10,19,-9,20,-7,26,-9,16,-9,22,-11,19,-6,22,-10,19,-11,19,-8,20,-12,18,-7,20,-4,20,-8,20,-10,20,-7,26,-7,18,-7,23,-7,20,-3,24,-7,20,-4,22,-6,22,-2,22,-4,18,-3,20,0,20,-2,20,1,20,4,15,0,19,3,14,6,18,4,13,5,15,5,14,7,13,5,10,6,9,8,10,7,8,10,0,0,0,0,0,0,0,0,0,0]"""
1782116245165,2026-06-22T17:17:25.165,safe,transition,yja,stand_to_sit,t007,"CSI_DATA,1076276,1a:00:00:00:00:00,-63,11,-99,20,47,11,-1037983311,47,2,256,0,""[0,0,0,0,0,0,0,0,0,0,0,0,6,6,7,7,5,7,7,9,8,7,6,11,7,12,7,11,6,11,4,11,5,13,4,14,5,12,3,14,5,14,2,14,3,16,5,14,3,16,4,17,6,16,2,15,2,16,3,15,3,15,1,16,1,16,2,16,3,14,5,17,4,15,5,18,4,16,5,14,6,14,5,14,5,14,8,16,7,15,7,14,9,13,9,14,12,15,12,13,13,20,12,16,14,14,12,15,12,14,13,13,18,14,13,14,18,16,15,16,17,13,18,16,16,14,0,0,0,0,0,0,12,-20,12,-16,16,-23,13,-22,13,-17,15,-21,12,-19,13,-22,9,-19,16,-22,13,-21,11,-19,11,-19,10,-18,9,-20,9,-20,8,-21,7,-20,6,-20,7,-20,6,-22,3,-19,6,-24,3,-24,2,-22,4,-18,4,-20,1,-21,5,-20,3,-22,4,-20,3,-23,3,-20,0,-24,1,-22,5,-25,5,-21,3,-20,5,-22,5,-18,6,-17,6,-22,8,-18,5,-16,6,-16,6,-17,6,-18,6,-14,10,-16,8,-14,7,-13,9,-11,7,-11,8,-11,9,-10,8,-7,9,-7,0,0,0,0,0,0,0,0,0,0]"""
1782116245175,2026-06-22T17:17:25.175,safe,transition,yja,stand_to_sit,t007,"CSI_DATA,1076277,1a:00:00:00:00:00,-63,11,-99,18,48,11,-1037974439,47,2,256,0,""[0,0,0,0,0,0,0,0,0,0,0,0,7,-3,10,-3,8,-3,10,-3,11,-3,11,-1,11,0,10,0,14,0,12,1,13,1,14,1,14,1,14,1,17,2,13,0,14,0,15,1,16,1,15,4,15,5,17,0,14,4,15,3,17,3,15,3,15,3,17,3,16,-1,16,-1,16,0,17,0,15,0,17,-2,17,0,17,-2,15,-1,15,-3,16,-5,16,-5,18,-4,14,-9,14,-9,17,-9,17,-8,15,-7,16,-9,19,-7,17,-11,17,-13,16,-14,15,-15,16,-15,15,-14,14,-19,17,-15,17,-17,0,0,0,0,0,0,-21,-16,-19,-15,-19,-15,-19,-14,-19,-14,-19,-14,-20,-11,-21,-11,-19,-12,-17,-12,-19,-12,-15,-12,-22,-10,-18,-12,-20,-10,-20,-10,-20,-8,-22,-8,-22,-9,-21,-1,-21,0,-21,-4,-20,-4,-22,-3,-19,-6,-23,-1,-20,-4,-20,0,-22,-3,-20,-1,-22,-3,-24,-3,-21,3,-23,3,-23,0,-23,0,-21,-3,-22,-1,-22,-3,-21,0,-22,-3,-19,0,-20,-2,-19,-3,-19,-4,-18,0,-18,-1,-17,-4,-17,-5,-12,-3,-14,-6,-12,-6,-13,-4,-12,-7,-9,-6,-9,-7,-9,-7,0,0,0,0,0,0,0,0,0,0]"""
1782116245187,2026-06-22T17:17:25.187,safe,transition,yja,stand_to_sit,t007,"CSI_DATA,1076278,1a:00:00:00:00:00,-63,11,-99,20,47,11,-1037960138,47,2,256,0,""[0,0,0,0,0,0,0,0,0,0,0,0,-16,-20,18,-1,1,-11,-6,-17,-11,-16,-1,-4,11,-16,-3,-28,12,-10,6,-8,19,-22,12,-7,11,-9,2,-13,16,-11,13,-7,14,-1,16,-7,11,-7,7,-9,9,-9,12,-13,14,-11,13,-7,14,-9,14,-8,15,-10,12,-11,13,-11,12,-11,11,-11,7,-9,7,-12,7,-13,5,-16,8,-17,7,-16,9,-11,9,-14,9,-15,5,-16,6,-18,5,-16,3,-18,3,-14,0,-15,-1,-18,-3,-19,-3,-21,-1,-22,1,-17,1,-24,-1,-23,-3,-20,0,-24,-3,-22,-7,-20,0,0,0,0,0,0,-25,9,-27,8,-18,5,-21,10,-26,10,-21,6,-24,9,-20,11,-23,11,-16,9,-14,12,-16,16,-18,18,-17,16,-17,9,-18,13,-16,14,-20,14,-14,16,-16,16,-12,16,-15,18,-10,14,-7,17,-8,20,-7,24,-10,22,-12,16,-11,20,-10,20,-12,22,-8,22,-11,22,-7,20,-8,20,-5,16,-2,20,-1,20,0,22,-5,24,-6,21,-10,16,-9,18,-11,19,-9,18,-8,17,-8,14,-8,17,-5,11,-6,12,-3,12,-4,14,-6,14,-6,12,-7,8,-10,8,-8,7,0,0,0,0,0,0,0,0,0,0]"""
1782116245197,2026-06-22T17:17:25.197,safe,transition,yja,stand_to_sit,t007,"CSI_DATA,1076279,1a:00:00:00:00:00,-63,11,-99,16,48,11,-1037949972,47,2,256,0,""[0,0,0,0,0,0,0,0,0,0,0,0,-4,-7,-3,-9,-2,-6,-2,-11,-3,-9,-2,-11,-2,-12,0,-11,-2,-12,1,-11,-1,-14,-1,-14,0,-15,0,-13,1,-17,-1,-12,0,-17,0,-14,1,-18,5,-18,5,-15,1,-16,1,-14,1,-16,2,-16,0,-16,0,-14,1,-17,-1,-13,-1,-18,0,-15,-2,-19,1,-16,0,-16,0,-17,-3,-14,-3,-14,-7,-15,-5,-14,-5,-13,-5,-18,-9,-11,-11,-14,-8,-15,-12,-20,-7,-16,-11,-14,-9,-17,-10,-14,-12,-16,-16,-14,-16,-12,-16,-15,-15,-13,-18,-12,-19,-17,-16,-15,0,0,0,0,0,0,-16,19,-12,16,-17,23,-15,18,-10,15,-14,22,-9,16,-12,24,-9,18,-11,22,-12,20,-11,18,-7,20,-11,17,-5,22,-7,22,-7,20,-5,19,-8,22,0,17,0,24,-1,21,-3,25,-5,23,-5,20,-1,23,-1,20,0,22,0,22,1,20,0,19,0,25,3,17,4,23,1,22,1,27,-3,21,0,21,-3,24,0,20,0,20,3,22,0,20,1,17,-3,18,2,16,1,20,-3,16,-3,20,-4,13,-2,15,-6,12,-4,12,-5,12,-5,13,-3,12,-5,11,0,0,0,0,0,0,0,0,0,0]"""
1782116245209,2026-06-22T17:17:25.209,safe,transition,yja,stand_to_sit,t007,"CSI_DATA,1076280,1a:00:00:00:00:00,-63,11,-99,17,48,11,-1037938791,47,2,256,0,""[0,0,0,0,0,0,0,0,0,0,0,0,8,-2,7,-1,11,-2,8,-1,11,-1,10,0,10,0,14,0,11,0,15,0,13,0,13,1,13,1,15,1,11,3,19,1,11,1,18,2,11,3,12,3,17,4,16,1,20,3,14,2,15,3,16,3,17,1,14,1,18,1,13,0,18,0,11,0,16,-1,15,-1,16,-2,16,-3,20,-3,17,-3,17,-3,17,-5,13,-5,20,-7,14,-5,15,-10,11,-5,15,-11,17,-10,15,-13,15,-13,18,-15,14,-11,17,-13,15,-13,19,-18,14,-14,13,-13,13,-18,0,0,0,0,0,0,-17,-13,-23,-17,-14,-10,-21,-12,-26,-15,-15,-9,-25,-13,-17,-7,-23,-10,-17,-7,-19,-8,-22,-10,-22,-8,-25,-6,-20,-6,-20,-8,-22,-5,-22,-5,-18,-2,-26,-3,-18,-1,-23,-1,-15,0,-20,0,-22,0,-22,2,-25,1,-20,1,-21,0,-23,2,-24,3,-18,5,-26,3,-19,3,-23,5,-15,2,-22,6,-21,3,-20,6,-21,3,-23,1,-20,1,-20,0,-20,1,-17,1,-21,1,-15,0,-18,3,-11,0,-16,0,-13,-1,-16,0,-13,0,-15,0,-11,-3,-11,-3,-10,-3,0,0,0,0,0,0,0,0,0,0]"""
1782116245219,2026-06-22T17:17:25.219,safe,transition,yja,stand_to_sit,t007,"CSI_DATA,1076281,1a:00:00:00:00:00,-63,11,-99,18,48,11,-1037929216,47,2,256,0,""[0,0,0,0,0,0,0,0,0,0,0,0,-6,-6,-4,-6,-6,-9,-4,-7,-6,-11,-4,-8,-4,-9,-4,-13,-1,-12,-3,-15,-1,-12,0,-13,0,-14,0,-14,0,-12,4,-19,2,-14,4,-16,3,-11,2,-14,3,-18,7,-14,7,-19,5,-14,7,-14,7,-14,10,-13,7,-12,11,-14,9,-11,9,-14,7,-10,6,-14,9,-14,7,-14,8,-14,10,-15,10,-12,11,-15,11,-17,7,-15,14,-14,11,-12,7,-17,7,-9,9,-19,10,-13,7,-19,12,-19,10,-19,11,-16,14,-17,11,-16,14,-20,12,-18,11,-16,12,-20,0,0,0,0,0,0,-18,-14,-20,-19,-14,-12,-17,-15,-20,-20,-13,-14,-19,-20,-15,-14,-17,-20,-11,-15,-13,-15,-18,-17,-14,-18,-19,-19,-12,-15,-12,-16,-14,-15,-14,-17,-12,-13,-15,-22,-11,-15,-14,-17,-10,-13,-12,-14,-15,-17,-14,-18,-17,-19,-12,-16,-12,-19,-11,-19,-11,-21,-12,-16,-11,-23,-8,-19,-10,-20,-6,-14,-9,-21,-6,-20,-9,-20,-3,-21,-3,-23,0,-20,0,-21,-1,-21,-1,-17,3,-21,3,-15,1,-17,3,-11,3,-15,6,-13,4,-14,6,-13,8,-12,8,-8,9,-7,9,-7,0,0,0,0,0,0,0,0,0,0]"""
1782116245239,2026-06-22T17:17:25.239,safe,transition,yja,stand_to_sit,t007,"CSI_DATA,1076283,1a:00:00:00:00:00,-63,11,-99,18,47,11,-1037908632,47,2,256,0,""[0,0,0,0,0,0,0,0,0,0,0,0,-23,-2,13,11,-15,14,-11,30,13,13,-6,-4,13,14,-2,-2,-2,4,-4,18,-17,-4,-7,4,-12,2,-7,1,-15,13,-15,6,-13,13,-10,6,-11,4,-8,6,-15,5,-13,10,-17,8,-13,3,-16,4,-15,4,-17,6,-15,5,-17,5,-15,4,-15,6,-11,4,-12,7,-13,8,-13,9,-15,11,-15,8,-13,5,-15,6,-18,7,-16,8,-16,8,-15,8,-15,10,-13,8,-12,12,-13,13,-11,17,-16,16,-15,15,-16,8,-20,13,-17,14,-15,15,-21,11,-17,13,-16,16,0,0,0,0,0,0,16,17,17,22,13,16,16,17,16,20,13,19,13,21,13,17,14,20,11,15,15,13,16,15,18,16,17,19,11,17,14,19,13,17,13,19,15,16,16,17,15,15,15,17,12,12,15,10,17,11,19,13,19,17,11,15,15,17,13,15,15,19,17,15,15,19,14,17,14,17,10,14,15,12,15,13,17,14,17,18,13,18,8,17,8,19,6,20,8,19,6,17,4,17,6,17,3,12,4,14,3,14,6,15,3,15,0,13,-2,10,-3,13,-3,11,0,0,0,0,0,0,0,0,0,0]"""
1782116245250,2026-06-22T17:17:25.250,safe,transition,yja,stand_to_sit,t007,"CSI_DATA,1076284,1a:00:00:00:00:00,-63,11,-99,21,47,11,-1037897632,47,2,256,0,""[0,0,0,0,0,0,0,0,0,0,0,0,-7,6,-6,3,-10,5,-7,5,-10,4,-8,5,-8,4,-10,5,-11,5,-11,6,-11,3,-12,4,-13,5,-14,3,-11,4,-17,3,-12,3,-17,1,-12,5,-11,5,-13,7,-17,5,-17,5,-14,3,-15,5,-17,5,-18,5,-15,5,-16,7,-13,5,-16,5,-10,8,-12,9,-11,10,-11,11,-13,11,-13,13,-13,10,-11,13,-11,14,-10,12,-13,14,-11,13,-10,15,-6,12,-7,17,-6,18,-3,19,-5,22,-4,22,-6,19,-5,21,-5,20,-4,23,-6,22,-1,21,0,24,0,0,0,0,0,0,25,2,27,1,19,0,24,2,29,0,21,2,27,-1,20,-3,27,0,18,-3,19,-3,22,-6,22,-9,22,-11,21,-5,18,-8,20,-11,20,-10,18,-8,22,-10,17,-9,20,-11,13,-11,15,-13,15,-15,16,-18,17,-18,16,-13,15,-17,14,-18,16,-18,13,-16,17,-18,15,-15,15,-16,9,-14,11,-19,12,-17,9,-19,13,-18,12,-18,15,-13,12,-17,14,-15,12,-13,15,-15,12,-10,14,-13,8,-9,11,-11,10,-10,10,-11,10,-10,10,-10,10,-5,10,-5,10,-4,0,0,0,0,0,0,0,0,0,0]"""
1782116245263,2026-06-22T17:17:25.263,safe,transition,yja,stand_to_sit,t007,"CSI_DATA,1076285,1a:00:00:00:00:00,-63,11,-99,20,47,11,-1037884928,47,2,256,0,""[0,0,0,0,0,0,0,0,0,0,0,0,2,-9,3,-8,2,-9,3,-10,6,-9,4,-11,3,-9,4,-11,5,-13,5,-11,8,-11,7,-11,6,-11,9,-11,10,-12,9,-12,9,-11,12,-11,9,-11,7,-11,10,-11,10,-14,11,-13,12,-10,12,-13,11,-14,11,-13,12,-13,9,-12,10,-11,11,-12,7,-12,7,-12,5,-14,5,-14,5,-17,5,-16,6,-14,3,-17,5,-17,5,-18,3,-17,5,-18,5,-16,0,-18,1,-17,0,-19,-3,-20,-1,-22,-3,-21,0,-20,-1,-24,-2,-24,-3,-21,0,-23,-5,-22,-4,-22,0,0,0,0,0,0,-24,3,-25,3,-22,5,-24,5,-25,7,-25,3,-22,4,-22,7,-24,5,-20,8,-20,10,-20,9,-21,13,-20,12,-20,9,-19,12,-17,14,-20,11,-19,12,-17,13,-18,13,-19,12,-13,12,-14,14,-15,14,-13,19,-12,18,-15,13,-14,17,-13,17,-16,18,-16,18,-14,16,-15,16,-17,16,-11,16,-11,16,-11,18,-11,18,-13,19,-12,17,-15,13,-12,16,-14,14,-15,12,-13,11,-15,11,-14,9,-12,10,-12,9,-10,10,-11,10,-12,9,-11,7,-11,3,-12,5,-11,4,0,0,0,0,0,0,0,0,0,0]"""
1782116245275,2026-06-22T17:17:25.275,safe,transition,yja,stand_to_sit,t007,"CSI_DATA,1076286,1a:00:00:00:00:00,-63,11,-99,17,48,11,-1037873585,47,2,256,0,""[0,0,0,0,0,0,0,0,0,0,0,0,-8,1,-10,0,-10,0,-10,0,-10,-1,-11,-1,-10,-3,-10,-5,-13,-4,-10,-6,-11,-6,-12,-7,-11,-6,-12,-8,-11,-10,-13,-8,-12,-8,-11,-10,-10,-10,-11,-10,-11,-12,-11,-12,-10,-11,-9,-10,-9,-13,-10,-12,-10,-14,-10,-14,-10,-10,-10,-11,-10,-12,-10,-11,-9,-11,-10,-11,-10,-13,-11,-12,-10,-13,-10,-11,-11,-10,-11,-11,-11,-13,-14,-10,-14,-11,-13,-11,-13,-10,-12,-11,-15,-13,-15,-13,-17,-11,-17,-11,-18,-10,-19,-12,-19,-14,-18,-12,-20,-12,-17,-12,-18,-13,0,0,0,0,0,0,-16,21,-15,19,-13,17,-15,19,-17,18,-15,18,-13,18,-12,18,-13,17,-15,17,-14,18,-15,15,-15,22,-15,17,-15,17,-14,17,-13,17,-14,18,-15,19,-11,18,-10,19,-12,18,-11,17,-11,18,-13,17,-11,20,-13,18,-11,18,-14,17,-13,18,-14,18,-15,19,-11,18,-11,18,-15,17,-14,16,-15,15,-15,16,-16,15,-17,15,-15,12,-15,12,-16,11,-16,11,-17,8,-14,10,-15,9,-15,6,-15,5,-13,3,-15,3,-15,1,-13,2,-13,0,-11,0,-11,-1,-11,-1,0,0,0,0,0,0,0,0,0,0]"""
1782116245285,2026-06-22T17:17:25.285,safe,transition,yja,stand_to_sit,t007,"CSI_DATA,1076287,1a:00:00:00:00:00,-63,11,-99,17,48,11,-1037864632,47,2,256,0,""[0,0,0,0,0,0,0,0,0,0,0,0,-3,6,-5,8,-3,6,-6,9,-5,8,-8,9,-10,8,-9,6,-10,6,-10,4,-11,6,-12,8,-11,8,-11,7,-14,7,-10,6,-15,8,-13,6,-16,6,-16,5,-12,3,-15,5,-14,3,-15,6,-15,5,-15,5,-15,5,-19,3,-11,5,-14,6,-15,4,-18,6,-16,4,-13,3,-15,5,-16,5,-12,6,-13,8,-12,7,-10,8,-15,6,-12,10,-13,13,-15,10,-20,14,-17,9,-15,12,-18,8,-14,10,-15,14,-13,19,-12,16,-15,15,-16,13,-12,18,-17,17,-18,15,0,0,0,0,0,0,17,18,14,14,21,20,16,18,12,13,19,20,15,12,19,18,16,13,21,18,17,18,14,17,17,17,13,15,19,13,18,13,18,11,15,11,17,15,16,8,21,12,17,11,21,14,18,13,15,12,18,11,15,12,20,9,20,9,19,10,17,10,20,14,17,6,20,8,20,11,23,15,15,16,15,13,16,16,14,13,14,13,18,12,15,12,12,10,11,14,12,10,13,13,11,14,10,18,3,13,6,13,2,15,5,11,3,12,3,12,3,11,3,11,0,0,0,0,0,0,0,0,0,0]"""
1782116245295,2026-06-22T17:17:25.295,safe,transition,yja,stand_to_sit,t007,"CSI_DATA,1076288,1a:00:00:00:00:00,-63,11,-99,21,47,11,-1037853632,47,2,256,0,""[0,0,0,0,0,0,0,0,0,0,0,0,-7,-2,-10,-3,-8,-2,-10,-3,-9,-2,-10,-4,-11,-4,-8,-3,-13,-4,-11,-5,-11,-6,-12,-6,-12,-6,-12,-8,-15,-8,-11,-5,-14,-7,-14,-6,-16,-8,-16,-8,-14,-6,-16,-6,-12,-6,-15,-6,-15,-6,-13,-6,-13,-7,-16,-7,-14,-2,-17,-2,-15,-5,-20,-3,-16,0,-17,0,-17,0,-17,1,-15,0,-16,0,-15,1,-15,2,-18,4,-13,6,-17,6,-17,7,-19,9,-14,6,-15,12,-16,11,-15,13,-15,14,-16,15,-15,13,-17,15,-14,15,-14,18,-13,20,-14,18,0,0,0,0,0,0,23,15,20,11,25,12,22,11,17,9,23,11,20,7,26,9,20,6,22,8,23,3,21,4,23,2,20,3,22,3,22,3,22,1,21,2,24,0,19,-2,23,-4,19,-3,23,-5,20,-8,19,-7,20,-10,17,-5,20,-8,21,-8,18,-8,20,-5,23,-9,16,-12,19,-14,18,-11,23,-15,17,-10,17,-15,17,-13,17,-11,17,-10,18,-10,17,-10,17,-10,18,-10,13,-9,17,-11,15,-7,18,-7,11,-6,13,-8,12,-5,13,-6,11,-3,13,-3,11,-2,12,-1,0,0,0,0,0,0,0,0,0,0]"""
1782116245306,2026-06-22T17:17:25.306,safe,transition,yja,stand_to_sit,t007,"CSI_DATA,1076289,1a:00:00:00:00:00,-63,11,-99,20,47,11,-1037842289,47,2,256,0,""[0,0,0,0,0,0,0,0,0,0,0,0,-10,0,-8,0,-11,-1,-9,-2,-11,-3,-8,-3,-9,-3,-12,-3,-11,-5,-14,-5,-11,-7,-11,-6,-11,-7,-11,-11,-9,-9,-11,-14,-8,-11,-9,-14,-7,-11,-8,-12,-11,-16,-7,-13,-11,-16,-7,-14,-7,-14,-7,-14,-5,-17,-5,-12,-5,-19,-4,-14,-3,-16,-3,-12,-7,-12,-4,-14,-7,-13,-7,-17,-9,-16,-3,-14,-5,-16,-8,-18,-6,-16,-3,-19,-2,-16,-7,-18,-4,-10,-11,-16,-5,-16,-11,-16,-7,-22,-9,-21,-5,-18,-5,-21,-5,-19,-6,-22,-5,-22,-6,-21,-5,-23,0,0,0,0,0,0,-23,4,-29,4,-20,4,-23,1,-29,2,-20,1,-28,1,-20,2,-27,0,-18,0,-20,1,-24,3,-23,1,-25,4,-20,0,-21,1,-22,3,-24,0,-19,1,-24,-1,-20,0,-24,-1,-18,0,-18,0,-22,0,-21,-1,-24,1,-21,0,-23,-1,-22,0,-24,-3,-20,0,-24,-6,-18,-5,-23,-4,-15,-5,-21,-3,-22,-5,-24,-4,-20,-9,-20,-9,-14,-10,-18,-11,-17,-13,-16,-11,-13,-16,-9,-13,-12,-12,-6,-9,-10,-12,-8,-13,-9,-11,-5,-13,-6,-14,-1,-11,-1,-12,0,-12,0,0,0,0,0,0,0,0,0,0]"""
1782116245320,2026-06-22T17:17:25.321,safe,transition,yja,stand_to_sit,t007,"CSI_DATA,1076290,1a:00:00:00:00:00,-63,11,-99,19,47,11,-1037826798,47,2,256,0,""[0,0,0,0,0,0,0,0,0,0,0,0,9,-2,7,-2,10,-2,9,0,11,0,10,0,10,0,14,-1,11,0,14,0,13,0,13,2,14,2,14,0,12,0,18,2,14,0,17,0,14,1,16,0,18,-1,14,2,18,2,16,0,16,2,16,2,18,0,14,0,18,0,16,-1,18,-4,14,-2,16,-3,13,-3,16,-5,15,-7,20,-6,17,-5,13,-6,16,-8,10,-9,16,-11,12,-10,13,-13,14,-10,13,-18,14,-13,10,-16,10,-16,13,-17,12,-16,14,-16,9,-18,14,-22,12,-20,8,-18,10,-22,0,0,0,0,0,0,-20,-5,-26,-5,-21,-5,-25,-1,-28,-6,-20,-1,-27,-3,-20,0,-25,-2,-20,-1,-23,0,-25,1,-21,0,-24,3,-22,3,-21,0,-22,4,-20,4,-18,7,-24,6,-18,6,-20,12,-17,7,-19,12,-21,12,-17,8,-22,13,-19,14,-18,10,-19,13,-18,14,-14,14,-20,16,-15,12,-14,18,-15,12,-16,18,-18,13,-17,15,-15,14,-18,14,-16,12,-18,10,-16,11,-12,12,-17,14,-14,9,-12,13,-12,8,-14,12,-13,8,-13,8,-12,7,-14,7,-12,5,-11,2,-10,3,0,0,0,0,0,0,0,0,0,0]"""
1782116245330,2026-06-22T17:17:25.330,safe,transition,yja,stand_to_sit,t007,"CSI_DATA,1076291,1a:00:00:00:00:00,-63,11,-99,17,48,11,-1037820538,47,2,256,0,""[0,0,0,0,0,0,0,0,0,0,0,0,5,8,3,6,4,10,4,9,3,11,1,11,2,11,5,12,0,10,4,12,3,12,2,13,4,13,1,14,1,13,0,16,-1,14,-1,16,0,16,-3,17,0,18,-1,13,0,17,0,17,2,16,0,15,-1,15,-1,13,-2,17,-1,17,-1,16,0,16,0,17,0,17,3,15,0,15,2,16,3,16,5,16,5,16,5,15,1,18,3,17,6,15,5,16,8,18,5,17,10,17,8,20,10,18,11,19,10,18,8,18,11,20,10,20,11,18,13,20,0,0,0,0,0,0,20,-12,22,-14,20,-14,21,-11,20,-13,18,-11,23,-14,19,-13,18,-15,18,-14,20,-12,17,-16,17,-12,15,-18,13,-17,13,-17,12,-18,13,-17,11,-15,18,-17,13,-15,13,-16,12,-17,14,-19,11,-22,12,-15,11,-19,8,-20,8,-20,8,-21,10,-19,8,-18,14,-20,12,-18,11,-18,13,-17,13,-20,13,-19,10,-19,13,-15,12,-16,12,-16,12,-17,11,-15,11,-14,16,-10,15,-9,12,-11,11,-9,13,-10,12,-7,11,-8,12,-5,13,-7,10,-6,9,-5,10,-3,0,0,0,0,0,0,0,0,0,0]"""
1782116245341,2026-06-22T17:17:25.341,safe,transition,yja,stand_to_sit,t007,"CSI_DATA,1076292,1a:00:00:00:00:00,-63,11,-99,20,47,11,-1037809490,47,2,256,0,""[0,0,0,0,0,0,0,0,0,0,0,0,-5,8,-4,6,-8,7,-7,6,-10,6,-8,6,-8,6,-11,8,-11,6,-13,7,-12,3,-12,5,-13,5,-14,3,-13,0,-18,0,-13,1,-16,-2,-13,-1,-13,0,-15,-2,-16,-1,-18,-2,-14,-5,-15,-3,-16,-2,-16,-4,-14,-3,-18,-8,-14,-6,-15,-6,-12,-3,-16,-3,-16,-5,-15,-2,-16,-3,-16,-4,-14,-5,-18,-3,-19,-6,-17,-5,-17,-7,-14,-6,-18,-6,-12,-1,-18,-3,-18,-3,-20,0,-22,-7,-22,-3,-18,-6,-22,-5,-20,-5,-22,-5,-19,-9,-20,-5,-23,-7,0,0,0,0,0,0,-11,21,-13,24,-8,18,-12,20,-12,25,-11,16,-14,24,-11,18,-16,20,-8,18,-9,18,-9,22,-11,20,-10,24,-11,16,-9,19,-9,20,-11,18,-11,18,-13,21,-9,18,-13,18,-9,16,-10,16,-11,19,-11,20,-10,21,-11,17,-11,20,-10,20,-14,20,-11,16,-18,19,-14,14,-17,15,-11,13,-15,17,-15,15,-14,16,-17,15,-17,14,-16,8,-18,11,-20,8,-18,6,-20,5,-16,1,-18,3,-12,3,-16,3,-14,1,-14,3,-14,0,-14,-1,-11,-3,-12,-4,-11,-5,0,0,0,0,0,0,0,0,0,0]"""
1782116245352,2026-06-22T17:17:25.352,safe,transition,yja,stand_to_sit,t007,"CSI_DATA,1076293,1a:00:00:00:00:00,-63,11,-99,17,48,11,-1037797311,47,2,256,0,""[0,0,0,0,0,0,0,0,0,0,0,0,1,-8,1,-8,2,-10,3,-10,3,-10,5,-8,5,-10,7,-7,7,-11,9,-9,8,-9,9,-9,10,-9,11,-9,12,-9,10,-10,10,-10,12,-8,14,-8,13,-8,15,-4,16,-9,14,-6,15,-6,16,-6,13,-5,15,-6,14,-6,14,-8,14,-8,13,-8,14,-6,14,-6,16,-7,16,-6,15,-7,14,-6,13,-8,13,-8,14,-10,16,-9,13,-11,12,-11,14,-11,13,-11,13,-9,14,-11,17,-11,15,-13,17,-13,15,-15,16,-16,15,-15,15,-15,15,-17,18,-15,17,-15,0,0,0,0,0,0,-17,-19,-17,-18,-15,-18,-16,-17,-16,-19,-15,-16,-17,-16,-17,-16,-16,-17,-13,-17,-13,-16,-13,-18,-17,-17,-14,-18,-13,-15,-13,-17,-15,-15,-16,-15,-16,-17,-17,-12,-17,-11,-15,-13,-15,-14,-17,-15,-13,-17,-18,-14,-14,-15,-16,-13,-15,-15,-15,-13,-15,-15,-15,-17,-18,-13,-18,-13,-16,-15,-17,-15,-13,-15,-14,-17,-12,-18,-13,-17,-10,-18,-11,-15,-11,-17,-10,-17,-7,-18,-10,-15,-8,-15,-6,-17,-3,-14,-2,-14,-1,-14,-1,-14,-1,-13,0,-13,0,-13,1,-11,3,-10,0,0,0,0,0,0,0,0,0,0]"""
1782116245363,2026-06-22T17:17:25.363,safe,transition,yja,stand_to_sit,t007,"CSI_DATA,1076294,1a:00:00:00:00:00,-63,11,-99,21,47,11,-1037784080,47,2,256,0,""[0,0,0,0,0,0,0,0,0,0,0,0,-8,-3,-10,-3,-6,-3,-10,-5,-8,-3,-10,-7,-10,-6,-8,-5,-10,-7,-6,-8,-10,-10,-10,-9,-10,-10,-9,-10,-13,-13,-8,-8,-12,-11,-10,-9,-13,-13,-11,-13,-8,-11,-13,-8,-8,-11,-11,-12,-12,-11,-11,-12,-10,-11,-13,-13,-11,-6,-14,-8,-11,-10,-15,-12,-11,-7,-15,-7,-15,-9,-16,-7,-11,-6,-15,-4,-15,-6,-13,-5,-17,-7,-15,-1,-17,-1,-17,-3,-23,0,-18,-3,-20,0,-21,0,-17,1,-21,1,-20,2,-22,1,-23,3,-20,2,-23,5,-25,6,-21,6,0,0,0,0,0,0,8,25,6,18,11,27,8,24,6,18,8,26,8,17,11,25,10,17,11,24,13,22,10,19,13,18,8,18,11,18,13,17,13,16,13,17,14,19,14,11,18,15,14,13,18,17,18,13,16,12,18,13,14,11,18,11,17,12,17,11,16,12,22,15,17,6,21,9,18,11,25,12,18,11,20,8,19,12,17,9,15,11,20,11,16,10,13,8,15,11,13,8,17,10,11,10,15,15,11,8,12,9,9,10,10,9,6,10,8,9,6,10,6,10,0,0,0,0,0,0,0,0,0,0]"""
1782116245373,2026-06-22T17:17:25.373,safe,transition,yja,stand_to_sit,t007,"CSI_DATA,1076295,1a:00:00:00:00:00,-63,11,-99,17,48,11,-1037776511,47,2,256,0,""[0,0,0,0,0,0,0,0,0,0,0,0,5,8,3,8,4,10,3,8,1,11,3,9,2,10,1,12,2,12,1,13,-1,13,-1,13,0,13,-3,15,-3,13,-5,17,-4,14,-8,16,-3,11,-4,14,-6,17,-6,15,-7,17,-9,11,-7,13,-7,13,-10,13,-8,13,-11,15,-8,11,-11,13,-6,11,-6,13,-6,14,-6,15,-7,16,-9,16,-10,13,-7,15,-9,15,-8,14,-11,18,-9,14,-8,15,-5,11,-6,18,-8,16,-5,19,-8,21,-7,21,-10,16,-11,20,-11,18,-9,22,-11,17,-8,18,-10,21,0,0,0,0,0,0,18,13,23,17,16,11,18,17,23,18,13,14,19,18,17,11,17,17,17,11,17,11,18,13,18,13,21,11,15,14,18,14,18,12,17,15,15,14,20,15,15,12,17,18,13,9,17,9,17,13,19,11,22,13,15,13,17,13,18,13,17,16,15,14,18,18,13,15,15,18,13,13,15,14,16,15,15,13,15,17,13,19,7,18,10,17,8,20,6,17,6,20,1,16,2,17,2,13,3,15,2,15,2,14,1,15,0,15,-3,11,-3,11,-5,11,0,0,0,0,0,0,0,0,0,0]"""
1782116245383,2026-06-22T17:17:25.383,safe,transition,yja,stand_to_sit,t007,"CSI_DATA,1076296,1a:00:00:00:00:00,-63,11,-99,17,48,11,-1037763556,47,2,256,0,""[0,0,0,0,0,0,0,0,0,0,0,0,6,-5,6,-5,9,-5,9,-4,10,-3,8,-1,9,-4,10,-5,11,-5,14,-3,11,1,13,0,13,1,15,3,15,2,15,3,13,3,15,6,12,5,12,1,15,3,17,3,17,6,11,10,14,10,12,8,13,11,12,10,15,11,12,9,11,11,10,7,13,6,14,7,15,6,16,8,13,9,10,11,13,10,15,12,15,10,13,13,13,10,16,11,11,8,16,6,16,7,19,5,21,10,20,9,13,12,17,17,17,13,18,13,15,17,20,15,19,15,0,0,0,0,0,0,18,-18,20,-20,14,-15,16,-17,19,-18,17,-11,20,-16,17,-14,22,-13,15,-10,12,-14,14,-16,16,-18,18,-17,18,-9,19,-11,17,-11,22,-12,18,-13,19,-12,17,-12,19,-12,15,-10,13,-13,15,-15,18,-17,18,-15,18,-6,20,-10,18,-9,23,-8,20,-9,22,-10,20,-9,21,-8,17,-5,18,-9,19,-10,18,-10,22,-7,22,-4,18,1,22,1,20,2,20,1,18,4,17,3,18,4,11,3,15,1,13,3,15,3,15,5,13,8,6,8,7,10,7,9,0,0,0,0,0,0,0,0,0,0]"""
1782116245393,2026-06-22T17:17:25.393,safe,transition,yja,stand_to_sit,t007,"CSI_DATA,1076297,1a:00:00:00:00:00,-63,11,-99,18,47,11,-1037754633,47,2,256,0,""[0,0,0,0,0,0,0,0,0,0,0,0,-2,7,-7,-8,7,-8,12,20,10,-13,21,12,16,22,9,-8,1,9,-7,-2,7,0,15,8,13,11,7,16,8,18,2,6,13,8,10,11,12,11,14,13,8,13,11,15,4,13,8,15,9,15,9,14,8,13,9,16,7,11,8,14,8,10,11,17,6,15,8,13,7,15,8,13,7,10,12,13,8,12,6,11,8,16,11,8,15,11,11,15,15,19,9,13,15,12,11,17,12,13,12,14,17,16,15,15,17,18,13,15,15,18,17,22,13,17,0,0,0,0,0,0,19,-17,17,-10,26,-19,19,-14,13,-10,22,-15,16,-11,22,-15,15,-11,24,-15,22,-13,18,-9,18,-14,17,-6,20,-13,19,-12,20,-11,17,-10,22,-12,13,-11,19,-15,15,-11,22,-15,19,-13,17,-9,18,-12,16,-8,18,-13,19,-11,18,-11,17,-8,22,-11,13,-10,21,-13,17,-8,27,-12,21,-5,19,-8,22,-4,19,-6,19,-2,21,-5,20,-3,16,-2,20,0,16,-3,19,-1,16,2,22,3,13,3,15,2,13,6,13,4,10,5,11,6,8,6,9,6,0,0,0,0,0,0,0,0,0,0]"""
1782116245403,2026-06-22T17:17:25.403,safe,transition,yja,stand_to_sit,t007,"CSI_DATA,1076298,1a:00:00:00:00:00,-63,11,-99,22,47,11,-1037743450,47,2,256,0,""[0,0,0,0,0,0,0,0,0,0,0,0,6,-6,7,-6,6,-5,7,-6,9,-6,9,-4,11,-3,12,0,12,-3,12,-1,14,-1,14,0,14,0,14,0,15,1,15,0,15,0,17,2,15,3,14,2,14,6,17,3,15,7,14,4,15,6,14,6,15,7,15,7,15,3,14,3,15,6,15,4,14,4,15,4,15,5,16,4,15,5,15,4,15,4,16,4,16,4,19,1,18,0,19,3,19,3,15,3,20,1,19,5,20,1,23,2,20,0,22,2,23,2,22,1,24,0,23,1,23,2,0,0,0,0,0,0,1,-26,3,-25,4,-23,4,-24,6,-25,4,-23,2,-25,2,-22,3,-23,4,-21,4,-22,8,-20,3,-25,6,-22,5,-21,6,-22,3,-21,4,-22,5,-21,0,-22,0,-22,3,-22,3,-20,2,-20,4,-20,0,-23,5,-22,4,-20,5,-22,5,-22,5,-22,6,-22,1,-22,1,-20,4,-22,4,-20,6,-20,7,-20,9,-20,9,-22,11,-19,9,-17,10,-17,11,-15,12,-15,10,-15,9,-14,12,-13,12,-11,12,-9,12,-9,12,-7,11,-8,12,-6,12,-4,11,-4,11,-1,0,0,0,0,0,0,0,0,0,0]"""
1782116245417,2026-06-22T17:17:25.417,safe,transition,yja,stand_to_sit,t007,"CSI_DATA,1076299,1a:00:00:00:00:00,-63,11,-99,16,48,11,-1037729998,47,2,256,0,""[0,0,0,0,0,0,0,0,0,0,0,0,-8,1,-7,1,-10,2,-9,1,-11,0,-9,1,-11,1,-12,1,-12,1,-12,0,-12,-2,-14,0,-14,0,-15,-1,-14,-2,-16,-1,-15,-1,-16,-3,-15,-1,-14,-1,-15,-4,-16,0,-17,0,-16,-5,-16,-3,-16,-1,-17,-3,-16,-1,-18,-1,-16,-3,-16,-1,-14,0,-13,1,-15,1,-15,3,-17,4,-18,5,-15,2,-15,3,-18,4,-16,3,-16,6,-16,6,-18,7,-13,9,-14,12,-16,12,-14,12,-15,11,-17,12,-18,10,-17,14,-17,14,-16,16,-18,13,-16,14,-16,15,0,0,0,0,0,0,17,18,18,18,15,13,19,14,20,16,16,16,19,17,17,13,18,16,18,10,19,9,21,11,22,8,22,10,18,12,19,9,20,8,21,9,19,9,22,6,20,3,22,7,18,2,20,1,21,1,24,0,22,1,22,5,21,3,22,1,22,2,22,1,24,1,20,1,22,2,20,0,22,-1,22,-1,21,-1,22,-1,21,0,19,5,19,2,20,4,18,3,19,2,15,4,18,5,13,3,14,2,15,2,14,3,13,3,13,5,10,7,9,5,9,7,0,0,0,0,0,0,0,0,0,0]"""
1782116245428,2026-06-22T17:17:25.428,safe,transition,yja,stand_to_sit,t007,"CSI_DATA,1076300,1a:00:00:00:00:00,-63,11,-99,16,48,11,-1037719611,47,2,256,0,""[0,0,0,0,0,0,0,0,0,0,0,0,8,0,11,0,8,0,11,0,9,0,12,1,12,3,9,3,14,1,10,3,12,5,13,6,13,4,12,6,16,6,11,4,15,6,12,5,16,7,14,8,12,7,16,6,11,8,14,7,14,7,14,7,12,7,16,9,13,3,16,4,13,5,19,7,13,5,16,1,16,3,14,4,14,3,16,1,15,1,14,2,17,1,14,-1,18,-1,17,-1,24,-1,17,0,20,-5,20,-1,18,-3,18,-3,21,-7,21,-5,23,-6,20,-6,22,-7,24,-7,20,-7,0,0,0,0,0,0,-10,-24,-7,-19,-12,-26,-9,-22,-7,-16,-9,-24,-8,-18,-12,-24,-9,-16,-11,-24,-13,-21,-10,-17,-13,-20,-9,-16,-11,-20,-12,-18,-12,-16,-11,-17,-14,-19,-13,-12,-18,-15,-13,-14,-18,-18,-16,-14,-16,-12,-18,-13,-13,-12,-16,-13,-16,-14,-16,-13,-14,-14,-18,-16,-15,-8,-19,-11,-16,-12,-23,-16,-15,-13,-19,-11,-17,-13,-16,-12,-14,-12,-16,-14,-14,-12,-11,-12,-12,-15,-12,-11,-13,-12,-10,-14,-11,-18,-8,-12,-9,-12,-7,-12,-8,-11,-5,-11,-4,-12,-3,-11,-3,-11,0,0,0,0,0,0,0,0,0,0]"""
1782116245439,2026-06-22T17:17:25.439,safe,transition,yja,stand_to_sit,t007,"CSI_DATA,1076301,1a:00:00:00:00:00,-63,11,-99,16,48,11,-1037710633,47,2,256,0,""[0,0,0,0,0,0,0,0,0,0,0,0,-7,0,-11,0,-6,0,-12,0,-7,0,-14,-1,-12,-3,-9,-3,-11,-3,-7,-4,-13,-6,-12,-7,-12,-9,-10,-7,-14,-11,-9,-3,-14,-9,-11,-6,-15,-14,-12,-14,-10,-12,-9,-11,-7,-9,-11,-13,-10,-12,-10,-12,-8,-11,-11,-15,-7,-7,-11,-13,-9,-10,-14,-16,-10,-13,-11,-12,-9,-12,-9,-10,-9,-7,-14,-11,-12,-11,-9,-10,-11,-13,-11,-6,-18,-11,-11,-10,-21,-17,-14,-12,-16,-11,-14,-12,-13,-9,-14,-11,-20,-13,-17,-9,-22,-13,-15,-10,-18,-11,-22,-16,-17,-12,0,0,0,0,0,0,-16,20,-11,14,-19,26,-13,18,-10,11,-18,23,-11,12,-19,23,-10,14,-20,24,-15,20,-14,15,-12,18,-12,11,-14,19,-13,18,-14,17,-12,15,-16,20,-6,12,-12,22,-9,15,-16,24,-13,20,-11,16,-11,16,-10,12,-12,19,-13,17,-11,17,-11,14,-16,19,-7,14,-12,22,-11,13,-20,24,-16,15,-13,16,-17,14,-12,13,-13,11,-16,16,-15,12,-14,9,-18,9,-9,9,-17,12,-13,5,-22,8,-14,3,-14,3,-13,0,-12,2,-9,0,-14,1,-11,0,-12,-1,0,0,0,0,0,0,0,0,0,0]"""
1782116245449,2026-06-22T17:17:25.449,safe,transition,yja,stand_to_sit,t007,"CSI_DATA,1076302,1a:00:00:00:00:00,-63,11,-99,16,48,11,-1037699633,47,2,256,0,""[0,0,0,0,0,0,0,0,0,0,0,0,-7,3,-9,3,-7,3,-10,3,-11,2,-11,1,-12,0,-12,0,-14,1,-12,-1,-13,-1,-14,-2,-13,-3,-13,-3,-16,-5,-13,-2,-15,-3,-15,-5,-14,-5,-12,-7,-11,-8,-16,-7,-13,-9,-12,-7,-14,-9,-12,-8,-12,-9,-16,-11,-12,-5,-14,-5,-15,-8,-14,-7,-14,-9,-12,-7,-14,-10,-16,-9,-13,-8,-16,-6,-14,-6,-14,-7,-18,-5,-16,-3,-18,-2,-19,-5,-19,-6,-15,-7,-18,-3,-17,-7,-20,-4,-20,-5,-20,-3,-22,-3,-23,-6,-20,-4,-22,-1,-23,-5,-22,-3,0,0,0,0,0,0,-6,25,-6,24,-5,22,-7,24,-5,23,-6,24,-4,20,-4,24,-5,22,-6,22,-8,22,-9,20,-5,25,-7,20,-5,21,-7,21,-5,21,-6,21,-6,22,-1,20,-1,22,-3,22,-3,20,-3,21,-5,19,-1,24,-5,20,-3,19,-3,22,-3,22,-5,22,-5,23,0,20,-1,21,-5,22,-5,21,-6,19,-5,20,-9,20,-7,20,-10,18,-8,17,-10,17,-9,16,-11,16,-7,16,-8,16,-11,14,-12,12,-9,9,-12,9,-12,7,-11,9,-12,5,-9,6,-11,5,-11,3,0,0,0,0,0,0,0,0,0,0]"""
1782116245466,2026-06-22T17:17:25.466,safe,transition,yja,stand_to_sit,t007,"CSI_DATA,1076303,1a:00:00:00:00:00,-63,11,-99,16,48,11,-1037682150,47,2,256,0,""[0,0,0,0,0,0,0,0,0,0,0,0,-3,8,-3,7,-7,9,-6,6,-9,8,-7,7,-8,7,-10,8,-10,4,-12,8,-11,7,-11,6,-12,6,-13,4,-12,2,-18,2,-13,1,-16,1,-15,0,-15,-2,-18,-3,-14,-3,-17,0,-16,0,-16,-1,-16,0,-16,-1,-12,-2,-18,-7,-14,-5,-14,-5,-12,-2,-16,-3,-16,-5,-16,-1,-15,-4,-17,-5,-16,-1,-18,-4,-18,-3,-16,-1,-18,-8,-15,-5,-16,-3,-12,-4,-21,-2,-19,-7,-19,-1,-20,-9,-20,-5,-19,-3,-19,-4,-18,-5,-24,-6,-22,-9,-18,-6,-23,-9,0,0,0,0,0,0,-11,19,-11,24,-7,18,-12,20,-11,24,-9,16,-15,24,-11,18,-16,22,-11,18,-12,17,-11,20,-13,16,-12,23,-9,18,-8,17,-10,20,-11,19,-9,12,-14,20,-11,15,-14,18,-11,16,-15,16,-14,18,-13,14,-13,21,-12,18,-12,17,-11,18,-13,17,-10,14,-20,16,-16,12,-16,14,-15,11,-20,14,-19,11,-18,11,-18,8,-20,11,-18,8,-18,9,-19,7,-16,4,-20,1,-15,0,-18,1,-12,0,-17,0,-14,-3,-14,-1,-13,-5,-13,-4,-12,-5,-9,-5,-9,-6,0,0,0,0,0,0,0,0,0,0]"""
1782116245475,2026-06-22T17:17:25.475,safe,transition,yja,stand_to_sit,t007,"CSI_DATA,1076304,1a:00:00:00:00:00,-63,11,-99,15,48,11,-1037677537,47,2,256,0,""[0,0,0,0,0,0,0,0,0,0,0,0,6,6,6,7,2,8,3,9,4,9,4,12,3,14,2,10,0,11,1,12,4,14,2,14,1,14,1,13,-1,15,-2,14,-1,16,0,14,-3,18,-4,19,-4,16,-5,14,-4,14,-4,17,-3,16,-2,15,-3,14,-4,16,-4,14,-5,16,-2,15,-5,19,-6,18,-6,16,-5,15,-3,15,-2,14,0,17,0,18,-1,15,-2,17,0,16,1,18,0,18,0,22,-2,20,1,20,-2,19,-2,18,0,18,4,23,6,19,3,23,0,22,4,22,4,23,1,23,0,0,0,0,0,0,24,0,22,-2,29,-2,23,0,22,-3,26,-2,22,-2,26,-2,22,-4,27,-2,26,-2,21,-1,20,0,20,-2,23,-7,20,-6,20,-7,20,-5,22,-5,19,-5,22,-5,20,-8,26,-5,24,-3,22,-5,18,-4,19,-4,21,-10,19,-7,20,-8,20,-7,21,-6,20,-5,22,-7,21,-6,24,-5,24,-2,22,0,23,0,20,0,18,-2,22,-4,19,0,18,-2,19,1,18,0,19,2,16,2,20,5,16,6,14,6,13,6,10,6,11,6,12,6,10,5,10,6,0,0,0,0,0,0,0,0,0,0]"""
1782116245484,2026-06-22T17:17:25.484,safe,transition,yja,stand_to_sit,t007,"CSI_DATA,1076305,1a:00:00:00:00:00,-63,11,-99,16,48,11,-1037666543,47,2,256,0,""[0,0,0,0,0,0,0,0,0,0,0,0,1,8,1,8,0,10,0,10,0,11,-1,11,-2,12,-1,11,-3,11,-3,12,-3,15,-5,12,-5,13,-5,12,-5,11,-7,15,-7,13,-7,15,-9,14,-9,12,-9,12,-9,11,-10,13,-11,13,-10,12,-9,12,-9,11,-7,11,-11,12,-10,11,-10,14,-9,12,-9,14,-9,11,-8,13,-7,12,-9,14,-8,15,-8,14,-6,12,-5,12,-7,16,-7,16,-6,17,-7,18,-5,20,-6,19,-5,19,-5,16,-7,19,-7,22,-5,19,-5,20,-7,24,-5,22,-5,19,-6,24,0,0,0,0,0,0,21,5,22,5,24,6,24,5,22,5,23,5,24,8,22,5,24,4,24,6,24,6,23,3,20,5,22,4,24,2,22,3,22,2,20,1,18,1,24,3,22,1,22,0,21,1,24,1,22,0,19,1,23,0,22,0,22,1,22,1,20,0,18,0,24,1,20,1,23,0,23,3,24,2,22,3,20,3,18,4,20,5,22,5,19,6,16,6,16,4,17,7,16,7,16,7,14,8,14,8,13,9,12,9,9,7,10,9,9,11,6,9,6,8,0,0,0,0,0,0,0,0,0,0]"""
1782116245494,2026-06-22T17:17:25.494,safe,transition,yja,stand_to_sit,t007,"CSI_DATA,1076306,1a:00:00:00:00:00,-63,11,-99,23,47,11,-1037655633,47,2,256,0,""[0,0,0,0,0,0,0,0,0,0,0,0,9,1,10,1,10,1,10,2,10,2,9,4,10,5,10,7,11,7,11,8,10,9,10,9,9,8,10,9,10,11,11,10,11,11,10,13,9,11,8,11,5,13,11,13,8,16,8,13,8,13,8,15,7,15,8,14,11,13,10,13,9,14,9,11,9,13,10,12,9,14,10,13,9,13,10,11,10,11,11,11,11,11,15,11,15,11,15,10,13,11,14,13,14,11,15,14,17,11,18,12,17,10,19,11,19,13,19,12,21,10,20,13,18,12,0,0,0,0,0,0,13,-21,11,-22,11,-21,12,-21,13,-22,13,-20,11,-21,9,-22,12,-20,11,-19,10,-19,13,-17,10,-22,11,-19,10,-18,12,-19,10,-20,9,-19,10,-20,5,-21,5,-21,7,-21,6,-19,7,-20,9,-17,5,-23,8,-19,5,-19,8,-20,7,-20,8,-21,9,-21,5,-22,5,-21,7,-22,7,-20,9,-17,10,-19,10,-19,10,-20,13,-16,10,-17,12,-16,11,-15,13,-16,10,-16,9,-14,11,-13,12,-11,11,-9,13,-10,13,-7,11,-8,12,-5,11,-5,11,-4,11,-2,0,0,0,0,0,0,0,0,0,0]"""
1782116245508,2026-06-22T17:17:25.508,safe,transition,yja,stand_to_sit,t007,"CSI_DATA,1076307,1a:00:00:00:00:00,-63,11,-99,18,48,11,-1037639627,47,2,256,0,""[0,0,0,0,0,0,0,0,0,0,0,0,-7,-4,-6,-5,-9,-7,-6,-6,-7,-9,-6,-7,-7,-7,-8,-9,-8,-8,-10,-12,-6,-11,-7,-10,-7,-11,-5,-14,-5,-12,-4,-15,-3,-12,-2,-17,-3,-12,-4,-16,-6,-19,-3,-15,-5,-17,-3,-15,-4,-15,-3,-15,-1,-15,-1,-14,-1,-19,-1,-14,0,-15,-2,-12,-4,-15,-3,-16,-6,-15,-4,-16,-5,-18,-4,-14,-7,-17,-6,-19,-6,-15,-3,-19,-3,-15,-6,-19,-5,-11,-9,-16,-7,-15,-11,-14,-11,-19,-11,-19,-9,-17,-10,-19,-9,-19,-13,-18,-9,-22,-12,-18,-11,-21,0,0,0,0,0,0,-22,9,-25,11,-17,9,-22,7,-26,12,-18,6,-25,11,-18,9,-25,9,-17,9,-18,10,-19,12,-20,11,-19,16,-17,10,-17,14,-19,13,-19,13,-16,11,-20,13,-14,10,-20,12,-14,12,-15,12,-17,14,-17,14,-17,16,-17,12,-16,15,-16,14,-18,14,-15,12,-23,13,-17,10,-20,11,-14,10,-17,13,-18,12,-17,12,-19,11,-19,10,-18,6,-18,9,-20,6,-17,5,-20,3,-16,0,-19,2,-11,1,-16,1,-14,0,-14,3,-15,0,-15,0,-11,-3,-12,-3,-11,-3,0,0,0,0,0,0,0,0,0,0]"""
1782116245518,2026-06-22T17:17:25.518,safe,transition,yja,stand_to_sit,t007,"CSI_DATA,1076308,1a:00:00:00:00:00,-63,11,-99,20,47,11,-1037629299,47,2,256,0,""[0,0,0,0,0,0,0,0,0,0,0,0,7,7,5,6,7,8,6,7,4,9,5,7,6,6,8,8,9,11,9,11,3,11,6,11,6,12,5,14,7,14,7,14,5,13,5,16,4,13,5,14,9,16,8,15,8,14,3,14,7,16,6,14,6,14,6,14,7,16,7,14,7,16,7,11,10,9,11,10,12,11,13,12,12,11,9,11,13,11,13,13,15,11,13,12,13,10,16,11,12,6,16,5,16,3,19,2,23,7,22,5,17,8,22,9,20,6,21,5,23,10,22,3,25,3,0,0,0,0,0,0,3,-25,4,-27,2,-22,0,-25,1,-26,2,-21,1,-25,0,-24,0,-25,-1,-19,-5,-19,-5,-22,-7,-24,-7,-24,-1,-19,-5,-21,-5,-20,-5,-24,-7,-23,-7,-21,-7,-18,-8,-22,-9,-16,-11,-15,-12,-16,-15,-19,-14,-18,-8,-18,-11,-20,-12,-18,-12,-20,-14,-18,-12,-20,-12,-18,-12,-17,-11,-14,-14,-12,-14,-14,-16,-13,-16,-16,-12,-18,-7,-16,-11,-18,-9,-20,-11,-17,-8,-16,-7,-14,-8,-16,-6,-11,-7,-12,-7,-12,-8,-12,-7,-14,-7,-13,0,-11,-1,-12,0,-11,0,0,0,0,0,0,0,0,0,0]"""
1782116245530,2026-06-22T17:17:25.530,safe,transition,yja,stand_to_sit,t007,"CSI_DATA,1076309,1a:00:00:00:00:00,-63,11,-99,17,48,11,-1037616794,47,2,256,0,""[0,0,0,0,0,0,0,0,0,0,0,0,3,-8,3,-9,4,-9,3,-9,6,-8,6,-8,6,-8,8,-10,8,-11,10,-8,9,-9,11,-8,11,-8,11,-8,12,-8,11,-11,11,-11,11,-9,13,-7,11,-8,12,-6,15,-10,15,-8,14,-7,15,-6,14,-8,14,-8,13,-8,13,-10,13,-10,12,-10,11,-9,13,-9,12,-10,13,-10,11,-11,12,-11,10,-12,12,-10,11,-12,12,-11,7,-16,7,-16,10,-15,8,-15,7,-15,10,-17,10,-17,8,-18,11,-18,8,-18,7,-19,7,-20,6,-21,7,-22,10,-22,7,-22,0,0,0,0,0,0,-23,-8,-25,-7,-22,-8,-24,-5,-25,-6,-21,-5,-24,-5,-22,-4,-23,-5,-19,-4,-22,-3,-21,-6,-23,-1,-23,-5,-21,-3,-22,-3,-22,-2,-22,-2,-22,-2,-22,2,-21,3,-23,2,-19,0,-21,1,-21,0,-22,2,-22,1,-22,1,-22,0,-21,2,-21,1,-23,3,-22,5,-20,5,-22,3,-22,3,-20,1,-21,1,-23,0,-22,2,-22,0,-19,0,-20,-1,-19,0,-18,-2,-19,1,-18,0,-18,-1,-15,-2,-13,-2,-15,-5,-13,-5,-13,-5,-12,-7,-10,-5,-10,-5,-10,-6,0,0,0,0,0,0,0,0,0,0]"""
1782116245541,2026-06-22T17:17:25.541,safe,transition,yja,stand_to_sit,t007,"CSI_DATA,1076310,1a:00:00:00:00:00,-63,11,-99,16,48,11,-1037611622,47,2,256,0,""[0,0,0,0,0,0,0,0,0,0,0,0,-9,1,-7,0,-11,0,-9,-1,-11,-2,-10,-1,-11,-1,-11,-2,-13,-1,-14,-3,-11,-6,-12,-5,-12,-5,-12,-7,-12,-7,-15,-6,-11,-6,-12,-9,-12,-9,-13,-6,-12,-7,-15,-9,-14,-9,-11,-12,-12,-11,-11,-10,-12,-11,-11,-9,-14,-10,-12,-9,-12,-10,-12,-7,-14,-7,-14,-6,-15,-7,-15,-5,-14,-5,-12,-7,-16,-5,-16,-7,-14,-7,-17,-6,-14,-5,-18,-5,-15,-2,-18,-2,-18,-1,-19,0,-22,0,-21,-1,-20,-5,-22,-2,-22,-1,-22,-1,-23,-2,-24,0,-24,0,0,0,0,0,0,0,-1,25,-1,27,-1,22,-1,23,0,26,-3,22,-1,26,0,22,-1,25,1,20,1,22,1,21,5,23,3,24,-1,22,1,21,3,23,1,22,2,22,5,22,5,19,3,23,5,19,6,20,6,22,10,21,7,21,5,22,7,21,7,20,5,22,5,20,8,23,7,20,5,21,7,19,8,20,9,20,9,20,7,21,5,20,1,20,3,20,1,20,1,19,1,19,0,16,0,18,0,14,0,16,0,15,0,14,-1,14,-1,13,-5,12,-4,11,-5,9,0,0,0,0,0,0,0,0,0,0]"""
1782116245550,2026-06-22T17:17:25.550,safe,transition,yja,stand_to_sit,t007,"CSI_DATA,1076311,1a:00:00:00:00:00,-63,11,-99,16,48,11,-1037600634,47,2,256,0,""[0,0,0,0,0,0,0,0,0,0,0,0,1,9,1,10,1,9,0,10,1,11,0,11,-1,11,-2,9,-2,12,-3,11,-4,11,-4,12,-4,13,-5,13,-7,16,-3,12,-5,14,-5,14,-6,15,-9,14,-10,12,-7,16,-9,12,-8,14,-10,14,-7,12,-8,12,-9,14,-5,14,-5,15,-7,14,-7,16,-6,14,-5,15,-7,15,-4,16,-5,14,-2,15,-4,16,-3,16,-5,17,1,15,0,18,-1,20,-1,20,0,16,0,19,-1,20,1,21,0,22,2,22,1,22,2,21,3,20,3,23,3,24,1,26,0,0,0,0,0,0,25,-4,25,-3,25,-3,24,-4,21,-2,24,-3,20,-5,24,-6,21,-5,23,-5,21,-5,21,-2,22,-7,23,-3,20,-5,22,-6,20,-6,20,-7,24,-7,18,-10,18,-11,20,-9,21,-11,19,-11,17,-8,20,-13,18,-9,18,-11,20,-11,18,-10,18,-9,22,-10,15,-14,16,-14,18,-12,22,-12,19,-8,18,-9,21,-8,19,-8,19,-7,18,-9,19,-7,17,-7,19,-4,14,-8,16,-7,16,-3,18,-2,14,-1,14,-1,14,0,14,0,12,1,12,0,12,1,11,2,0,0,0,0,0,0,0,0,0,0]"""
1782116245560,2026-06-22T17:17:25.560,safe,transition,yja,stand_to_sit,t007,"CSI_DATA,1076312,1a:00:00:00:00:00,-63,11,-99,16,48,11,-1037589634,47,2,256,0,""[0,0,0,0,0,0,0,0,0,0,0,0,-7,6,-6,4,-10,6,-7,4,-11,3,-9,3,-8,5,-11,5,-11,7,-13,5,-13,2,-12,3,-13,3,-14,1,-12,1,-18,3,-12,3,-16,0,-13,0,-13,3,-14,2,-16,3,-19,2,-15,-1,-16,0,-16,1,-17,0,-14,1,-17,1,-14,1,-17,0,-12,1,-15,3,-14,4,-14,5,-15,7,-18,7,-16,3,-15,7,-17,5,-14,5,-18,9,-14,7,-17,7,-11,8,-15,12,-14,11,-13,13,-16,13,-16,14,-16,9,-16,13,-16,14,-17,18,-18,13,-14,14,-16,17,0,0,0,0,0,0,16,17,17,22,12,15,16,18,20,20,13,16,17,20,13,14,16,19,15,11,18,12,19,13,22,11,22,14,16,14,18,12,18,12,18,13,16,11,22,11,18,7,21,12,16,7,19,7,20,7,22,5,24,7,19,10,20,9,21,6,21,9,19,7,24,10,18,8,20,9,17,5,20,6,21,6,20,5,22,6,22,9,16,11,18,10,18,12,14,9,16,11,12,9,13,11,10,8,12,9,11,8,12,8,11,9,9,10,6,12,6,10,5,10,0,0,0,0,0,0,0,0,0,0]"""
1782116245569,2026-06-22T17:17:25.569,safe,transition,yja,stand_to_sit,t007,"CSI_DATA,1076313,1a:00:00:00:00:00,-63,11,-99,17,48,11,-1037578634,47,2,256,0,""[0,0,0,0,0,0,0,0,0,0,0,0,6,5,6,7,8,6,6,6,6,8,6,9,6,8,5,11,6,11,5,12,5,13,5,14,4,12,4,14,3,13,6,14,4,13,4,15,3,13,3,15,0,17,5,15,2,18,3,15,1,15,2,15,3,17,1,16,5,15,5,14,5,16,5,13,4,14,5,15,6,15,8,15,6,16,6,15,7,13,8,15,8,13,12,13,12,13,12,13,10,14,12,14,13,15,13,15,15,13,15,15,15,11,15,14,16,15,18,15,20,13,18,13,20,12,0,0,0,0,0,0,14,-19,15,-20,13,-18,13,-20,15,-21,13,-18,11,-20,10,-20,10,-20,11,-18,10,-20,13,-18,9,-22,10,-20,10,-19,10,-19,8,-20,7,-20,8,-20,4,-22,3,-20,6,-22,3,-20,4,-20,6,-20,2,-22,5,-22,3,-22,5,-22,3,-21,4,-22,3,-22,1,-23,0,-21,2,-23,2,-20,3,-20,3,-21,5,-21,4,-22,6,-19,5,-19,6,-19,5,-18,7,-17,5,-18,5,-17,6,-16,6,-13,7,-11,8,-13,8,-11,6,-13,8,-10,8,-8,8,-8,8,-6,0,0,0,0,0,0,0,0,0,0]"""
1782116245579,2026-06-22T17:17:25.579,safe,transition,yja,stand_to_sit,t007,"CSI_DATA,1076314,1a:00:00:00:00:00,-63,11,-99,18,48,11,-1037567634,47,2,256,0,""[0,0,0,0,0,0,0,0,0,0,0,0,9,1,9,3,9,2,9,3,9,6,8,4,9,5,9,7,11,6,11,8,8,9,10,9,10,9,12,9,11,11,11,9,9,9,10,12,9,11,12,11,10,11,13,14,10,13,9,13,9,13,9,12,10,14,11,13,12,11,11,11,10,12,11,10,11,11,11,11,12,11,14,9,13,9,12,9,15,9,15,9,15,9,15,6,15,6,17,8,15,5,17,6,16,4,19,4,20,4,23,5,20,4,21,4,21,4,22,2,22,4,24,3,23,1,0,0,0,0,0,0,2,-25,2,-26,2,-23,0,-22,1,-25,1,-22,1,-23,0,-23,0,-25,-1,-20,-1,-21,0,-23,-3,-25,-2,-24,-1,-20,-1,-22,-3,-20,-4,-22,-4,-22,-6,-22,-7,-20,-5,-20,-7,-18,-7,-19,-6,-20,-10,-22,-7,-20,-7,-19,-7,-20,-7,-19,-8,-20,-9,-22,-11,-21,-9,-19,-7,-20,-9,-17,-9,-18,-8,-20,-8,-20,-8,-20,-7,-20,-5,-18,-4,-19,-5,-20,-3,-19,-4,-17,-4,-17,-2,-17,-2,-14,-1,-14,-1,-14,0,-14,-1,-14,0,-14,3,-11,1,-12,2,-11,0,0,0,0,0,0,0,0,0,0]"""
1782116245591,2026-06-22T17:17:25.591,safe,transition,yja,stand_to_sit,t007,"CSI_DATA,1076315,1a:00:00:00:00:00,-63,11,-99,16,48,11,-1037556618,47,2,256,0,""[0,0,0,0,0,0,0,0,0,0,0,0,-5,-7,-5,-9,-4,-7,-4,-9,-5,-8,-4,-11,-5,-12,-3,-11,-2,-11,-4,-11,-4,-12,-3,-13,-3,-13,-4,-12,-3,-14,-1,-14,-1,-15,-3,-14,-1,-16,0,-18,-2,-14,1,-15,0,-15,-2,-17,-3,-16,-1,-16,-1,-14,-1,-16,-1,-15,-3,-15,-2,-16,-3,-16,-2,-17,-3,-14,-3,-14,-2,-14,-5,-14,-7,-16,-7,-14,-8,-14,-7,-14,-9,-14,-10,-15,-11,-14,-12,-16,-11,-17,-11,-16,-12,-17,-11,-14,-14,-14,-17,-14,-14,-12,-14,-15,-16,-16,-18,-13,-18,-14,-18,-16,0,0,0,0,0,0,-14,18,-12,16,-14,22,-16,20,-12,16,-12,21,-12,19,-12,21,-10,19,-14,23,-12,22,-10,20,-11,18,-9,18,-7,22,-6,21,-4,22,-3,20,-5,19,-6,20,-5,22,-4,21,-5,24,-5,22,-3,21,-5,19,-1,21,0,22,0,20,0,22,0,20,-1,22,-1,21,-1,22,-1,22,-1,25,-3,23,-3,22,-3,20,-5,19,-2,19,-1,21,-1,19,-2,17,-3,18,-3,17,-5,17,-5,15,-7,18,-7,15,-6,12,-7,11,-6,11,-7,11,-7,12,-6,9,-7,9,0,0,0,0,0,0,0,0,0,0]"""
1782116245603,2026-06-22T17:17:25.603,safe,transition,yja,stand_to_sit,t007,"CSI_DATA,1076316,1a:00:00:00:00:00,-63,11,-99,18,48,11,-1037543759,47,2,256,0,""[0,0,0,0,0,0,0,0,0,0,0,0,-8,0,-9,0,-9,0,-10,-1,-11,-3,-10,-1,-11,-1,-11,-1,-12,-1,-13,-3,-11,-7,-12,-7,-14,-4,-12,-7,-14,-7,-12,-7,-12,-8,-12,-10,-12,-6,-16,-7,-15,-7,-14,-7,-14,-7,-11,-10,-14,-10,-13,-9,-12,-11,-14,-12,-14,-9,-11,-9,-10,-10,-13,-5,-14,-5,-16,-6,-15,-4,-17,-6,-14,-6,-17,-9,-15,-6,-17,-7,-22,-4,-14,-2,-15,-8,-16,-9,-9,0,-19,0,-19,-3,-26,1,-22,-1,-20,3,-23,-4,-19,-4,-23,-6,-19,-4,-17,-7,-25,-1,-25,0,0,0,0,0,0,0,-1,27,-4,26,0,24,-1,23,-1,23,-4,22,-3,23,-1,24,-1,23,0,21,2,21,3,20,5,23,4,23,0,21,4,22,4,21,3,23,3,25,3,21,4,20,1,22,7,18,8,19,7,19,10,20,8,20,4,20,7,22,9,20,6,22,6,23,6,21,6,21,3,21,6,19,7,19,9,20,9,20,8,21,5,19,0,20,4,20,1,20,1,20,0,17,-1,17,-2,19,0,15,0,14,0,15,0,14,-1,14,-1,14,-5,11,-4,11,-6,11,0,0,0,0,0,0,0,0,0,0]"""
1782116245615,2026-06-22T17:17:25.615,safe,transition,yja,stand_to_sit,t007,"CSI_DATA,1076317,1a:00:00:00:00:00,-63,11,-99,17,48,11,-1037532681,47,2,256,0,""[0,0,0,0,0,0,0,0,0,0,0,0,-6,-4,-6,-3,-8,-6,-7,-6,-8,-8,-7,-10,-7,-9,-8,-9,-5,-9,-10,-10,-8,-9,-8,-8,-8,-10,-8,-12,-7,-11,-5,-15,-5,-14,-6,-15,-5,-15,-7,-16,-10,-17,-3,-15,-7,-14,-7,-15,-8,-13,-8,-14,-6,-14,-6,-13,-5,-17,-5,-15,-6,-13,-6,-14,-8,-15,-7,-14,-10,-13,-6,-13,-7,-13,-10,-13,-11,-13,-11,-12,-12,-11,-9,-15,-10,-15,-13,-12,-10,-12,-15,-13,-13,-12,-16,-10,-16,-13,-16,-10,-17,-13,-15,-10,-16,-11,-18,-13,-18,-14,-20,-12,-21,-12,0,0,0,0,0,0,-13,20,-10,21,-11,21,-13,19,-12,21,-10,20,-13,21,-11,21,-12,22,-8,20,-11,22,-7,22,-10,17,-5,23,-5,21,-4,20,-4,23,-4,21,-3,19,-6,22,-5,20,-5,21,-4,21,-4,23,-1,24,-5,19,0,21,0,22,0,22,1,22,0,20,0,19,-4,25,-3,22,-2,20,-3,22,-2,25,-4,22,-1,22,-6,19,-3,19,-3,20,-4,20,-3,19,-3,18,-7,17,-8,15,-5,15,-6,13,-8,15,-7,13,-6,12,-8,11,-7,11,-8,10,-7,8,-7,7,0,0,0,0,0,0,0,0,0,0]"""
1782116245631,2026-06-22T17:17:25.631,safe,transition,yja,stand_to_sit,t007,"CSI_DATA,1076318,1a:00:00:00:00:00,-63,11,-99,16,48,11,-1037515493,47,2,256,0,""[0,0,0,0,0,0,0,0,0,0,0,0,-4,8,-5,7,-5,9,-5,7,-8,8,-7,7,-7,7,-9,7,-9,8,-11,7,-11,5,-12,5,-13,5,-15,3,-14,4,-14,5,-12,3,-15,1,-15,2,-14,3,-16,-1,-17,3,-16,0,-16,0,-17,-1,-15,0,-16,-1,-16,-1,-17,1,-16,1,-15,0,-14,0,-14,1,-16,0,-16,0,-16,1,-17,0,-14,0,-17,0,-18,0,-18,0,-17,2,-16,2,-20,2,-16,2,-15,2,-18,3,-19,3,-20,5,-23,3,-19,2,-22,3,-21,4,-22,3,-23,2,-22,2,-24,5,0,0,0,0,0,0,1,25,1,27,1,23,3,24,1,25,0,22,1,24,2,24,0,25,1,20,2,21,1,22,3,24,1,24,-1,20,-1,22,0,21,0,22,0,24,3,21,3,20,0,22,1,20,3,20,0,22,3,23,1,23,0,22,0,22,0,20,0,22,0,22,1,24,0,22,0,22,0,20,-1,22,-1,22,-1,22,-3,22,-5,20,-7,17,-7,19,-8,18,-8,16,-7,18,-7,14,-9,15,-7,11,-8,12,-8,11,-10,11,-10,11,-11,9,-10,5,-11,5,-11,4,0,0,0,0,0,0,0,0,0,0]"""
1782116245642,2026-06-22T17:17:25.642,safe,transition,yja,stand_to_sit,t007,"CSI_DATA,1076319,1a:00:00:00:00:00,-63,11,-99,22,47,11,-1037505324,47,2,256,0,""[0,0,0,0,0,0,0,0,0,0,0,0,-6,-4,-9,-7,-6,-4,-7,-7,-5,-6,-9,-9,-7,-10,-6,-8,-9,-11,-5,-8,-6,-12,-7,-12,-7,-11,-5,-13,-7,-16,-6,-11,-6,-15,-3,-12,-6,-15,-7,-13,-4,-12,-7,-15,-4,-12,-3,-15,-6,-15,-6,-16,-4,-15,-5,-19,-5,-11,-7,-15,-3,-15,-9,-16,-6,-13,-9,-12,-8,-13,-9,-15,-8,-11,-9,-14,-11,-11,-10,-11,-11,-15,-11,-9,-14,-14,-10,-14,-18,-15,-13,-14,-16,-9,-16,-12,-18,-10,-17,-8,-19,-12,-19,-11,-21,-12,-17,-8,-19,-11,-24,-11,-19,-11,0,0,0,0,0,0,-14,23,-9,19,-12,25,-13,22,-7,19,-14,23,-7,17,-11,25,-9,17,-10,24,-8,22,-8,20,-6,24,-4,19,-8,20,-4,22,-4,21,-4,20,-7,25,-1,19,-2,24,-6,19,-1,25,0,22,-3,19,1,22,0,19,-1,21,0,22,2,22,0,22,-3,26,1,17,0,23,-2,19,2,25,-1,20,1,22,-1,22,0,22,0,19,-2,19,0,19,-3,18,-6,20,-1,15,-4,19,-6,14,-6,19,-4,12,-4,14,-6,13,-4,14,-6,11,-7,10,-7,10,-8,9,0,0,0,0,0,0,0,0,0,0]"""
1782116245652,2026-06-22T17:17:25.652,safe,transition,yja,stand_to_sit,t007,"CSI_DATA,1076320,1a:00:00:00:00:00,-63,11,-99,17,48,11,-1037501175,47,2,256,0,""[0,0,0,0,0,0,0,0,0,0,0,0,4,8,3,7,5,10,3,8,3,11,3,8,3,8,6,11,4,11,6,13,4,10,5,11,4,13,3,15,2,12,3,17,3,13,3,18,2,11,3,14,6,17,2,16,7,17,3,13,3,15,5,15,5,17,6,13,4,18,4,13,6,15,6,11,7,13,7,13,11,11,11,13,13,13,9,11,11,13,13,13,12,10,12,14,12,11,14,10,10,7,16,6,16,8,20,3,20,10,21,6,17,9,21,8,20,5,22,5,22,7,20,5,23,4,0,0,0,0,0,0,3,-25,4,-28,1,-18,0,-24,0,-30,0,-20,1,-27,0,-19,0,-27,-3,-18,-3,-19,-6,-22,-5,-23,-9,-24,-5,-18,-8,-19,-10,-20,-8,-22,-8,-18,-10,-25,-9,-16,-11,-21,-8,-14,-12,-16,-12,-18,-15,-17,-18,-17,-13,-16,-15,-15,-18,-15,-17,-17,-16,-12,-15,-22,-13,-16,-15,-14,-10,-9,-18,-13,-15,-14,-18,-11,-18,-15,-17,-14,-11,-15,-13,-15,-13,-16,-13,-12,-11,-16,-8,-12,-12,-13,-7,-6,-10,-12,-8,-11,-10,-11,-6,-12,-10,-11,-5,-10,-5,-10,-4,-8,0,0,0,0,0,0,0,0,0,0]"""
1782116245662,2026-06-22T17:17:25.662,safe,transition,yja,stand_to_sit,t007,"CSI_DATA,1076321,1a:00:00:00:00:00,-63,11,-99,16,48,11,-1037490634,47,2,256,0,""[0,0,0,0,0,0,0,0,0,0,0,0,10,-1,7,0,12,-1,9,0,12,0,9,1,10,0,12,2,12,0,15,3,12,4,11,5,12,7,13,7,12,6,16,9,11,5,14,9,11,9,10,7,11,12,13,9,16,12,11,12,9,12,12,11,12,11,10,8,13,14,11,10,12,11,8,9,12,9,11,11,12,10,14,9,13,13,11,12,16,11,12,14,12,10,16,11,12,8,17,10,11,8,17,7,16,9,18,7,18,9,19,12,16,11,18,12,18,9,23,11,18,11,16,11,20,9,0,0,0,0,0,0,11,-21,14,-25,10,-16,10,-22,14,-24,10,-15,14,-23,11,-17,14,-20,10,-16,10,-18,12,-21,9,-20,14,-22,12,-16,12,-16,11,-19,12,-18,9,-16,12,-23,7,-17,9,-21,7,-14,7,-18,9,-19,8,-20,11,-24,10,-16,12,-18,10,-19,11,-20,8,-18,13,-24,10,-17,11,-20,10,-14,10,-20,12,-17,11,-18,12,-18,17,-16,14,-11,17,-12,16,-12,14,-10,17,-12,12,-8,14,-11,11,-5,13,-7,14,-5,13,-6,14,-5,14,-3,11,0,12,0,11,0,0,0,0,0,0,0,0,0,0,0]"""
1782116245672,2026-06-22T17:17:25.672,safe,transition,yja,stand_to_sit,t007,"CSI_DATA,1076322,1a:00:00:00:00:00,-63,11,-99,15,48,11,-1037479575,47,2,256,0,""[0,0,0,0,0,0,0,0,0,0,0,0,3,8,3,9,3,10,4,10,2,12,2,9,4,10,3,12,4,12,2,14,0,13,0,13,1,14,0,14,0,15,2,16,0,14,-2,16,1,14,2,16,2,16,2,18,1,17,-1,16,0,18,0,16,0,16,2,16,2,15,2,16,2,17,5,14,5,16,4,14,6,17,7,16,7,16,6,16,8,14,9,16,11,15,10,12,10,13,12,15,10,12,13,10,15,10,17,9,20,10,19,12,16,12,18,11,18,10,20,10,21,10,22,10,23,9,0,0,0,0,0,0,8,-24,8,-26,6,-21,6,-22,6,-25,8,-21,6,-24,3,-24,6,-24,2,-21,0,-22,0,-22,-1,-24,0,-24,2,-22,0,-22,-2,-21,-2,-23,-3,-22,-5,-22,-5,-19,-4,-22,-7,-18,-8,-18,-8,-20,-12,-21,-9,-21,-7,-20,-10,-21,-10,-20,-9,-20,-9,-20,-13,-21,-11,-18,-10,-20,-10,-17,-12,-17,-14,-17,-13,-17,-13,-17,-11,-19,-7,-17,-10,-19,-8,-18,-8,-17,-8,-16,-6,-16,-7,-16,-5,-13,-6,-14,-6,-12,-6,-12,-6,-13,-5,-14,0,-12,-1,-12,0,-12,0,0,0,0,0,0,0,0,0,0]"""
1782116245682,2026-06-22T17:17:25.682,safe,transition,yja,stand_to_sit,t007,"CSI_DATA,1076323,1a:00:00:00:00:00,-63,11,-99,21,47,11,-1037468544,47,2,256,0,""[0,0,0,0,0,0,0,0,0,0,0,0,-7,3,-8,5,-6,3,-10,4,-9,6,-9,3,-11,4,-10,1,-12,5,-12,1,-13,1,-13,1,-13,1,-14,2,-16,3,-13,2,-15,3,-14,2,-15,2,-18,4,-15,3,-17,5,-15,0,-15,3,-17,2,-15,1,-15,2,-17,2,-13,6,-15,7,-14,4,-16,6,-13,5,-15,8,-15,6,-13,9,-13,7,-11,10,-13,10,-12,10,-14,13,-8,13,-10,14,-11,15,-11,16,-10,13,-8,18,-10,16,-8,18,-9,19,-6,20,-6,20,-8,21,-6,20,-3,23,-6,23,-5,23,0,0,0,0,0,0,26,3,23,2,27,1,23,0,20,2,25,0,22,-2,26,-2,22,-3,23,0,22,-3,21,-1,23,-6,20,-3,21,-4,22,-5,20,-6,21,-6,23,-8,17,-10,18,-13,18,-9,20,-11,17,-12,17,-10,20,-15,18,-10,17,-13,18,-14,16,-13,17,-11,18,-15,11,-17,13,-18,17,-17,17,-18,15,-15,14,-17,17,-15,15,-15,15,-13,13,-14,14,-14,14,-12,15,-13,10,-14,13,-13,13,-11,14,-10,11,-8,12,-8,11,-6,13,-9,12,-5,11,-6,11,-5,11,-4,0,0,0,0,0,0,0,0,0,0]"""
1782116245693,2026-06-22T17:17:25.693,safe,transition,yja,stand_to_sit,t007,"CSI_DATA,1076324,1a:00:00:00:00:00,-63,11,-99,17,48,11,-1037456670,47,2,256,0,""[0,0,0,0,0,0,0,0,0,0,0,0,-8,5,-7,3,-10,5,-8,3,-11,1,-8,2,-10,2,-13,3,-12,1,-14,1,-12,-1,-12,1,-13,0,-14,-3,-14,-3,-15,-5,-11,-5,-13,-8,-12,-5,-17,-6,-17,-5,-13,-8,-17,-7,-12,-8,-13,-8,-14,-8,-11,-10,-11,-8,-14,-13,-10,-10,-10,-12,-8,-8,-11,-8,-12,-10,-12,-8,-13,-9,-13,-10,-11,-11,-15,-10,-15,-13,-13,-10,-13,-13,-11,-11,-14,-12,-10,-6,-15,-10,-14,-11,-17,-8,-17,-14,-19,-11,-14,-13,-17,-13,-15,-13,-18,-13,-15,-17,-17,-14,-17,-16,0,0,0,0,0,0,-19,15,-22,18,-15,13,-20,13,-22,17,-17,10,-23,14,-17,11,-23,12,-15,13,-16,11,-19,14,-18,14,-20,17,-18,10,-16,13,-17,12,-19,11,-17,10,-21,12,-15,10,-20,9,-16,11,-17,10,-18,11,-20,11,-19,13,-18,10,-19,11,-18,12,-21,10,-18,8,-24,8,-19,5,-22,6,-17,6,-22,6,-22,6,-20,7,-21,4,-22,3,-19,-1,-22,1,-20,-1,-18,-1,-19,-5,-15,-5,-17,-6,-11,-3,-14,-6,-13,-6,-14,-5,-13,-7,-11,-8,-8,-8,-6,-8,-6,-9,0,0,0,0,0,0,0,0,0,0]"""
1782116245702,2026-06-22T17:17:25.702,safe,transition,yja,stand_to_sit,t007,"CSI_DATA,1076325,1a:00:00:00:00:00,-63,11,-99,15,48,11,-1037446634,47,2,256,0,""[0,0,0,0,0,0,0,0,0,0,0,0,23,25,-6,5,6,7,2,20,8,33,12,22,-8,6,-14,10,3,12,2,12,6,-5,1,12,0,13,-8,4,4,17,-3,14,-7,19,-2,17,-1,19,-4,13,-4,13,-3,16,-3,15,-4,18,-2,17,-2,17,-3,18,-2,16,-6,15,-4,16,-1,14,-2,16,-2,18,-3,15,0,16,-3,16,0,15,0,17,0,16,0,16,0,16,-1,17,0,19,2,16,2,21,1,23,2,19,3,20,1,19,4,18,4,21,3,20,4,22,4,22,5,22,6,24,5,22,0,0,0,0,0,0,24,-4,22,-4,26,-6,24,-4,22,-5,26,-5,24,-4,24,-5,20,-4,25,-4,24,-6,22,-8,21,-3,19,-7,23,-8,20,-8,21,-8,19,-8,20,-8,22,-6,23,-8,17,-8,22,-8,20,-6,21,-9,18,-6,18,-10,20,-12,19,-10,20,-11,18,-9,19,-10,21,-5,22,-8,18,-8,22,-8,22,-8,21,-6,21,-6,21,-4,19,-4,22,-4,20,-2,18,-3,20,-3,18,1,20,1,14,-1,17,3,18,2,14,3,15,2,12,4,12,2,11,5,10,4,10,6,0,0,0,0,0,0,0,0,0,0]"""
1782116245712,2026-06-22T17:17:25.712,safe,transition,yja,stand_to_sit,t007,"CSI_DATA,1076326,1a:00:00:00:00:00,-63,11,-99,22,47,11,-1037435607,47,2,256,0,""[0,0,0,0,0,0,0,0,0,0,0,0,-4,-6,-7,-8,-2,-5,-6,-10,-5,-5,-7,-11,-7,-12,-4,-9,-5,-11,-3,-8,-5,-13,-6,-14,-6,-13,-5,-11,-6,-15,-4,-10,-7,-17,-4,-11,-7,-18,-6,-17,-5,-15,-6,-14,-4,-13,-7,-15,-7,-14,-7,-14,-6,-13,-8,-17,-7,-7,-9,-14,-7,-11,-14,-17,-10,-12,-12,-11,-9,-11,-11,-10,-9,-9,-15,-10,-13,-9,-12,-7,-15,-10,-13,-4,-20,-6,-14,-5,-25,-8,-18,-6,-19,-3,-19,-4,-17,-1,-17,-1,-24,0,-20,0,-24,0,-21,0,-23,3,-26,3,-22,1,0,0,0,0,0,0,6,22,4,17,9,30,6,23,4,14,11,27,7,15,12,26,7,14,13,28,13,21,10,19,13,19,9,15,15,19,16,17,14,15,13,15,18,17,14,9,22,14,14,11,24,17,19,11,18,10,17,9,14,9,21,8,20,8,19,7,17,8,23,10,15,2,23,3,17,6,30,8,19,9,21,4,20,8,18,4,17,4,22,4,20,5,15,4,19,6,15,3,21,4,14,5,22,10,14,6,14,6,12,7,12,5,8,6,11,7,10,6,9,7,0,0,0,0,0,0,0,0,0,0]"""
1782116245724,2026-06-22T17:17:25.724,safe,transition,yja,stand_to_sit,t007,"CSI_DATA,1076327,1a:00:00:00:00:00,-63,11,-99,17,48,11,-1037423063,47,2,256,0,""[0,0,0,0,0,0,0,0,0,0,0,0,-5,7,-4,6,-6,9,-5,7,-8,9,-7,5,-5,6,-8,9,-8,8,-11,11,-10,6,-11,6,-11,6,-13,8,-10,7,-14,10,-10,8,-14,8,-11,7,-10,7,-12,8,-12,10,-17,8,-13,8,-15,8,-15,6,-16,8,-13,9,-15,10,-11,8,-12,10,-10,8,-10,11,-11,11,-11,13,-10,11,-13,13,-10,10,-11,13,-10,15,-6,13,-10,17,-8,15,-5,18,-6,13,-3,17,-6,16,-3,18,-3,22,-5,22,-5,17,-6,22,-4,21,-4,22,-4,23,-1,20,0,23,0,0,0,0,0,0,23,-1,28,0,20,0,23,-1,28,-1,21,0,27,-3,22,-4,25,-2,18,-3,18,-3,23,-5,23,-7,25,-6,19,-4,21,-4,21,-6,22,-6,18,-8,23,-11,17,-10,20,-11,15,-9,15,-10,18,-12,17,-15,21,-15,17,-11,19,-11,17,-11,19,-13,15,-13,19,-17,16,-14,16,-15,12,-9,14,-15,16,-15,15,-15,17,-13,19,-13,17,-9,18,-10,18,-11,15,-11,17,-10,14,-6,13,-10,11,-6,12,-8,13,-6,12,-7,13,-6,13,-5,11,-3,12,-1,10,-1,0,0,0,0,0,0,0,0,0,0]"""
1782116245734,2026-06-22T17:17:25.734,safe,transition,yja,stand_to_sit,t007,"CSI_DATA,1076328,1a:00:00:00:00:00,-63,11,-99,17,48,11,-1037413347,47,2,256,0,""[0,0,0,0,0,0,0,0,0,0,0,0,-6,-6,-5,-7,-6,-8,-5,-7,-5,-9,-6,-8,-6,-8,-6,-10,-8,-9,-7,-11,-5,-10,-6,-11,-6,-11,-6,-13,-6,-13,-9,-13,-8,-11,-8,-13,-6,-11,-10,-13,-8,-12,-10,-15,-10,-13,-6,-14,-8,-13,-9,-13,-9,-13,-9,-11,-12,-13,-10,-11,-11,-10,-10,-8,-12,-8,-13,-8,-14,-8,-15,-5,-16,-6,-13,-6,-15,-6,-16,-6,-17,-5,-18,-1,-18,-1,-18,-2,-16,0,-17,1,-18,2,-18,4,-21,3,-22,3,-20,3,-21,6,-20,7,-21,8,-22,7,-20,8,-22,11,0,0,0,0,0,0,11,22,14,22,12,18,15,19,17,19,15,17,17,18,15,16,17,18,17,13,18,11,18,12,20,11,21,11,18,11,20,9,19,10,20,8,21,8,22,5,20,3,21,5,18,1,20,0,21,1,23,-1,23,0,22,1,22,0,22,-1,22,-1,22,-2,23,-5,21,-4,22,-3,17,-4,20,-6,20,-5,21,-5,21,-7,21,-6,19,-2,19,-4,20,-3,18,-3,18,-5,16,-3,18,-3,14,-4,14,-3,13,-3,14,-3,13,-3,13,-2,12,0,11,0,11,0,0,0,0,0,0,0,0,0,0,0]"""
1782116245745,2026-06-22T17:17:25.745,safe,transition,yja,stand_to_sit,t007,"CSI_DATA,1076329,1a:00:00:00:00:00,-63,11,-99,17,48,11,-1037401935,47,2,256,0,""[0,0,0,0,0,0,0,0,0,0,0,0,-7,-3,-8,-4,-7,-4,-9,-6,-8,-3,-10,-9,-9,-6,-9,-7,-8,-9,-8,-8,-10,-10,-8,-10,-9,-10,-8,-10,-10,-11,-5,-11,-9,-14,-7,-11,-9,-16,-8,-13,-8,-12,-7,-13,-6,-13,-10,-13,-8,-13,-7,-13,-6,-13,-8,-13,-7,-12,-9,-13,-8,-11,-11,-15,-11,-13,-11,-13,-11,-10,-10,-11,-11,-10,-13,-10,-11,-10,-13,-10,-14,-9,-12,-10,-15,-10,-15,-7,-19,-13,-16,-10,-16,-8,-18,-8,-17,-8,-18,-6,-22,-7,-18,-6,-21,-6,-20,-6,-22,-6,-25,-6,-22,-6,0,0,0,0,0,0,-3,24,-1,21,-3,28,-3,23,-4,20,-3,26,-2,23,-2,27,-1,20,-4,27,-2,23,0,23,-1,21,0,20,1,23,0,20,1,22,2,20,3,21,1,20,4,24,5,18,3,25,5,22,8,22,3,20,5,18,9,22,6,20,6,21,6,20,8,22,5,18,9,23,6,18,7,25,7,22,7,20,7,21,4,19,4,18,5,21,3,20,2,17,5,18,1,17,2,18,2,15,0,19,0,15,0,15,-1,13,-2,13,-1,11,-3,12,-4,10,-3,10,0,0,0,0,0,0,0,0,0,0]"""
1782116245755,2026-06-22T17:17:25.755,safe,transition,yja,stand_to_sit,t007,"CSI_DATA,1076330,1a:00:00:00:00:00,-63,11,-99,12,48,11,-1037391546,47,2,256,0,""[0,0,0,0,0,0,0,0,0,0,0,0,7,8,5,7,3,10,3,8,3,10,3,9,5,10,2,11,4,13,2,13,-1,14,0,15,0,14,-3,15,-2,13,-3,16,-2,14,-6,16,-5,12,-3,13,-5,14,-5,18,-7,16,-10,12,-10,13,-8,14,-9,13,-8,14,-11,14,-10,13,-12,13,-7,10,-8,14,-8,15,-8,12,-6,16,-6,14,-10,11,-7,13,-16,17,-10,14,-10,15,-8,12,-12,15,-7,12,0,19,-7,16,-10,19,-2,17,-5,16,-10,12,-11,12,-11,21,-14,21,-15,17,-16,13,-13,19,0,0,0,0,0,0,16,17,15,21,12,14,16,18,18,22,10,17,15,21,12,16,13,21,13,16,13,15,14,17,16,17,16,18,10,19,12,17,13,17,10,21,10,18,13,19,11,15,12,21,10,16,13,15,12,18,14,17,13,19,7,19,9,19,11,20,9,22,9,21,10,23,5,18,6,21,7,17,8,21,8,18,8,21,5,22,3,21,0,19,0,20,-2,20,-2,18,-2,18,-4,15,-6,18,-3,13,-4,14,-4,13,-5,14,-6,13,-8,12,-8,8,-8,8,-9,6,0,0,0,0,0,0,0,0,0,0]"""
1782116245768,2026-06-22T17:17:25.768,safe,transition,yja,stand_to_sit,t007,"CSI_DATA,1076331,1a:00:00:00:00:00,-63,11,-99,20,47,11,-1037378459,47,2,256,0,""[0,0,0,0,0,0,0,0,0,0,0,0,-4,6,-5,9,-3,7,-6,9,-5,8,-7,9,-9,9,-7,7,-9,11,-8,6,-11,6,-12,7,-11,7,-12,6,-15,9,-10,5,-14,7,-12,7,-15,9,-16,7,-13,8,-15,9,-12,3,-16,5,-16,5,-14,4,-14,3,-18,5,-11,6,-16,7,-14,5,-18,9,-15,7,-13,9,-14,7,-13,8,-12,6,-13,8,-12,8,-12,7,-16,9,-11,11,-13,12,-16,10,-18,13,-13,11,-12,16,-15,13,-12,15,-14,15,-16,18,-14,16,-15,18,-13,14,-14,17,-18,21,-14,17,0,0,0,0,0,0,21,17,15,13,24,19,18,16,13,12,18,18,16,12,22,16,14,12,21,17,20,14,16,12,20,10,16,12,17,14,18,14,18,12,16,13,21,13,16,7,22,10,18,9,23,12,21,8,20,7,22,7,15,8,19,10,20,10,17,10,17,11,22,12,18,4,22,8,19,9,25,12,18,10,21,8,19,11,18,10,14,10,17,11,16,11,13,12,14,14,13,9,15,11,10,13,12,17,8,12,10,11,7,12,7,11,6,11,5,11,3,11,3,12,0,0,0,0,0,0,0,0,0,0]"""
1782116245779,2026-06-22T17:17:25.779,safe,transition,yja,stand_to_sit,t007,"CSI_DATA,1076332,1a:00:00:00:00:00,-63,11,-99,16,48,11,-1037369336,47,2,256,0,""[0,0,0,0,0,0,0,0,0,0,0,0,1,-9,1,-8,1,-10,2,-8,3,-10,3,-9,3,-9,4,-12,5,-11,6,-13,7,-10,9,-9,8,-11,10,-11,9,-11,11,-13,8,-11,9,-12,9,-9,11,-12,11,-14,10,-13,12,-14,10,-9,12,-11,11,-10,12,-11,9,-11,12,-14,8,-12,10,-12,8,-11,7,-13,8,-13,6,-15,6,-15,9,-15,9,-13,8,-14,7,-17,4,-14,7,-18,5,-16,3,-18,3,-12,0,-18,3,-16,0,-19,0,-23,1,-22,3,-20,3,-22,1,-20,0,-24,2,-23,0,-23,0,-24,0,0,0,0,0,0,-25,2,-28,3,-18,1,-23,3,-27,2,-21,1,-27,5,-22,4,-26,4,-20,3,-18,5,-22,7,-22,8,-24,8,-19,3,-20,3,-20,7,-22,5,-18,8,-23,9,-17,7,-20,10,-14,8,-16,12,-17,10,-17,14,-20,14,-18,10,-20,11,-19,12,-20,12,-16,12,-22,15,-16,12,-16,14,-14,11,-15,15,-16,13,-15,15,-18,13,-20,11,-16,6,-20,7,-18,7,-16,8,-17,7,-16,5,-15,8,-11,3,-13,5,-12,4,-14,6,-14,5,-14,1,-10,0,-11,-1,-9,0,0,0,0,0,0,0,0,0,0,0]"""
1782116245790,2026-06-22T17:17:25.790,safe,transition,yja,stand_to_sit,t007,"CSI_DATA,1076333,1a:00:00:00:00:00,-63,11,-99,16,48,11,-1037358181,47,2,256,0,""[0,0,0,0,0,0,0,0,0,0,0,0,-5,-7,-5,-6,-6,-9,-4,-7,-5,-11,-3,-9,-4,-8,-5,-11,-2,-12,-7,-14,-3,-11,-1,-12,-3,-12,0,-14,-1,-13,2,-18,0,-14,3,-17,1,-12,1,-12,2,-17,3,-14,2,-19,3,-14,3,-16,3,-14,5,-16,5,-14,7,-17,6,-14,7,-14,4,-11,2,-16,3,-15,3,-16,5,-16,4,-17,6,-14,5,-18,4,-18,2,-17,9,-17,8,-14,3,-18,3,-11,2,-20,5,-16,-1,-21,5,-22,1,-20,4,-16,7,-20,5,-20,5,-22,7,-20,4,-20,4,-24,0,0,0,0,0,0,-23,-5,-27,-8,-18,-5,-22,-9,-26,-10,-19,-8,-25,-10,-20,-7,-24,-10,-17,-8,-18,-5,-24,-6,-22,-7,-24,-4,-18,-6,-19,-5,-21,-5,-22,-7,-18,-5,-24,-10,-18,-7,-22,-8,-17,-5,-18,-4,-23,-4,-21,-7,-23,-6,-18,-6,-21,-5,-22,-7,-22,-9,-21,-7,-22,-12,-18,-11,-19,-11,-13,-7,-21,-8,-18,-11,-20,-8,-18,-13,-17,-14,-12,-14,-15,-14,-14,-16,-13,-13,-9,-17,-7,-15,-10,-14,-5,-10,-8,-12,-5,-13,-7,-12,-4,-14,-4,-13,0,-11,0,-12,0,-11,0,0,0,0,0,0,0,0,0,0]"""
1782116245800,2026-06-22T17:17:25.800,safe,transition,yja,stand_to_sit,t007,"CSI_DATA,1076334,1a:00:00:00:00:00,-63,11,-99,18,48,11,-1037347635,47,2,256,0,""[0,0,0,0,0,0,0,0,0,0,0,0,-9,0,-7,0,-11,-2,-8,-3,-11,-4,-9,-4,-9,-4,-11,-6,-9,-6,-11,-8,-9,-9,-9,-9,-8,-11,-10,-11,-8,-9,-9,-14,-8,-12,-7,-14,-5,-13,-9,-12,-10,-14,-5,-14,-7,-15,-5,-15,-4,-15,-4,-15,-4,-15,-4,-12,-4,-19,-3,-15,-4,-15,-2,-14,-6,-15,-4,-15,-6,-15,-4,-15,-3,-17,-3,-14,-3,-17,-6,-19,-6,-15,-3,-17,-3,-17,-8,-17,-3,-13,-9,-18,-4,-18,-9,-18,-6,-20,-7,-20,-4,-19,-4,-20,-6,-20,-7,-22,-6,-21,-4,-20,-9,-23,0,0,0,0,0,0,-23,4,-26,7,-20,6,-22,7,-27,4,-19,4,-27,4,-22,4,-26,3,-20,1,-21,3,-23,6,-20,2,-25,5,-20,2,-20,1,-22,2,-23,3,-18,3,-25,3,-20,1,-21,3,-19,2,-21,2,-23,3,-20,3,-23,3,-22,2,-22,0,-22,1,-23,0,-19,2,-26,-1,-20,0,-22,0,-19,-2,-23,-1,-22,-4,-22,-1,-21,-4,-21,-7,-19,-6,-18,-9,-19,-9,-17,-6,-17,-11,-14,-10,-15,-8,-9,-7,-12,-9,-9,-11,-11,-11,-9,-11,-7,-13,-4,-10,-3,-11,-3,-10,0,0,0,0,0,0,0,0,0,0]"""
1782116245816,2026-06-22T17:17:25.816,safe,transition,yja,stand_to_sit,t007,"CSI_DATA,1076335,1a:00:00:00:00:00,-63,11,-99,20,47,11,-1037332329,47,2,256,0,""[0,0,0,0,0,0,0,0,0,0,0,0,-7,-4,-9,-5,-6,-3,-9,-5,-8,-4,-11,-9,-9,-9,-8,-7,-8,-9,-5,-8,-9,-12,-8,-12,-7,-11,-7,-11,-9,-12,-6,-11,-9,-14,-7,-12,-7,-17,-6,-15,-4,-12,-6,-14,-3,-14,-6,-15,-4,-14,-5,-16,-5,-14,-6,-16,-5,-12,-7,-14,-7,-13,-7,-18,-6,-14,-7,-14,-6,-14,-5,-14,-6,-13,-11,-16,-7,-14,-7,-11,-10,-14,-11,-11,-12,-14,-12,-12,-16,-20,-12,-16,-14,-14,-12,-16,-12,-12,-13,-14,-17,-14,-14,-12,-16,-15,-14,-15,-18,-14,-17,-17,-18,-13,0,0,0,0,0,0,-15,20,-12,16,-18,24,-14,19,-12,14,-16,22,-12,17,-14,22,-10,16,-18,21,-16,21,-12,17,-12,17,-12,14,-14,20,-13,18,-12,18,-11,16,-11,18,-8,16,-9,22,-7,16,-11,24,-9,22,-8,18,-9,17,-9,17,-9,21,-9,20,-11,20,-10,18,-9,22,-7,16,-8,22,-8,20,-12,25,-12,19,-11,19,-12,18,-10,15,-12,15,-11,19,-12,14,-11,12,-11,13,-10,12,-12,15,-11,11,-16,12,-12,9,-12,8,-12,5,-11,5,-11,4,-12,5,-10,3,-11,3,0,0,0,0,0,0,0,0,0,0]"""
1782116245826,2026-06-22T17:17:25.826,safe,transition,yja,stand_to_sit,t007,"CSI_DATA,1076336,1a:00:00:00:00:00,-63,11,-99,18,48,11,-1037323954,47,2,256,0,""[0,0,0,0,0,0,0,0,0,0,0,0,7,-1,11,-1,6,-2,11,-1,9,-2,13,-1,13,0,10,0,13,0,10,2,14,3,14,3,13,3,14,4,16,5,11,2,17,4,13,3,18,6,15,6,12,6,16,5,11,7,15,7,14,6,14,7,12,7,16,9,11,3,16,6,13,6,19,7,15,6,15,3,15,3,15,4,13,4,17,3,15,3,14,3,18,4,14,-1,19,0,16,1,25,1,16,1,19,-3,21,0,17,-1,19,0,22,-3,20,-3,25,-4,20,-2,24,-3,26,-4,24,-3,0,0,0,0,0,0,-4,-27,-3,-20,-5,-28,-4,-22,-3,-18,-2,-26,-4,-17,-6,-25,-4,-17,-4,-28,-5,-23,-4,-20,-6,-22,-3,-19,-4,-22,-7,-22,-6,-20,-5,-19,-7,-24,-7,-16,-11,-21,-7,-17,-12,-24,-11,-20,-7,-17,-11,-19,-6,-15,-9,-19,-10,-20,-9,-19,-6,-18,-9,-24,-9,-13,-12,-19,-9,-18,-13,-26,-8,-19,-9,-18,-7,-22,-6,-19,-4,-16,-7,-20,-4,-18,-4,-14,-2,-19,-5,-14,-5,-19,0,-15,-1,-21,0,-14,-1,-15,2,-14,0,-13,2,-11,2,-12,3,-11,4,-10,0,0,0,0,0,0,0,0,0,0]"""
1782116245836,2026-06-22T17:17:25.836,safe,transition,yja,stand_to_sit,t007,"CSI_DATA,1076337,1a:00:00:00:00:00,-63,11,-99,16,48,11,-1037314624,47,2,256,0,""[0,0,0,0,0,0,0,0,0,0,0,0,9,2,7,1,11,3,6,3,11,4,8,4,9,3,12,5,9,5,13,9,11,8,9,7,11,9,11,8,8,7,14,12,11,7,13,12,9,10,12,9,14,9,11,11,15,12,10,12,9,11,11,11,12,11,10,8,15,13,9,9,13,9,9,6,14,7,13,7,14,7,14,6,17,8,15,7,16,8,17,5,13,3,20,5,16,4,19,2,13,1,20,-1,20,3,20,-1,19,0,22,1,20,0,21,1,20,-3,25,-1,23,-1,18,-1,22,-5,0,0,0,0,0,0,-5,-20,-6,-29,-3,-17,-9,-24,-8,-29,-5,-19,-9,-28,-6,-16,-10,-24,-7,-18,-9,-20,-11,-22,-10,-20,-12,-23,-9,-19,-9,-19,-10,-19,-11,-18,-10,-14,-16,-20,-11,-13,-16,-18,-11,-12,-14,-14,-16,-16,-16,-13,-20,-18,-15,-14,-14,-16,-16,-16,-18,-14,-15,-9,-20,-18,-14,-12,-20,-12,-12,-11,-20,-13,-16,-14,-18,-12,-17,-12,-17,-15,-14,-14,-12,-15,-12,-16,-11,-11,-14,-14,-9,-12,-13,-12,-7,-9,-11,-12,-7,-11,-9,-11,-7,-12,-7,-12,-3,-10,-1,-10,-3,-10,0,0,0,0,0,0,0,0,0,0]"""
1782116245847,2026-06-22T17:17:25.847,safe,transition,yja,stand_to_sit,t007,"CSI_DATA,1076338,1a:00:00:00:00:00,-63,11,-99,18,48,11,-1037299819,47,2,256,0,""[0,0,0,0,0,0,0,0,0,0,0,0,1,-9,1,-8,2,-11,2,-9,3,-11,4,-11,3,-11,4,-11,4,-9,5,-12,5,-12,6,-12,6,-13,5,-13,4,-12,7,-14,7,-13,5,-15,6,-14,6,-17,3,-16,7,-12,7,-15,6,-16,6,-15,6,-14,6,-14,4,-14,6,-15,3,-15,3,-16,2,-17,1,-18,1,-15,0,-15,0,-14,-1,-17,-1,-18,-3,-16,-4,-15,-5,-13,-3,-17,-4,-15,-8,-17,-6,-18,-10,-18,-9,-17,-11,-15,-11,-14,-14,-15,-15,-17,-12,-15,-12,-14,-17,-17,-17,-15,-15,-13,-19,-15,0,0,0,0,0,0,-12,20,-14,21,-12,22,-12,22,-11,19,-11,21,-10,23,-7,22,-7,23,-8,22,-8,24,-5,23,-6,20,-4,23,-3,23,-2,20,-1,22,0,20,0,18,1,22,0,20,4,23,4,22,4,23,5,20,6,19,7,21,10,22,7,20,9,21,8,19,9,17,9,21,9,19,11,20,9,20,12,21,10,19,11,18,9,17,9,19,10,19,8,19,7,14,7,15,6,17,6,15,8,15,6,15,6,15,4,14,4,13,3,11,3,14,2,14,1,11,1,11,0,0,0,0,0,0,0,0,0,0]"""
1782116245856,2026-06-22T17:17:25.856,safe,transition,yja,stand_to_sit,t007,"CSI_DATA,1076339,1a:00:00:00:00:00,-63,11,-99,16,48,11,-1037292635,47,2,256,0,""[0,0,0,0,0,0,0,0,0,0,0,0,5,6,6,7,5,6,6,9,4,9,5,9,5,11,3,9,5,12,1,11,1,12,1,13,0,14,0,14,0,18,1,11,0,14,0,14,-1,18,-3,16,-3,14,-1,18,-3,13,-4,16,-5,16,-5,15,-5,14,-6,18,-2,14,-1,16,-3,15,-4,18,-4,14,-2,16,-4,16,-2,16,-2,13,-1,14,-1,16,-2,16,-3,18,1,15,1,18,-1,18,-1,20,-1,15,1,20,-2,19,0,21,0,21,0,22,1,23,0,24,0,20,1,22,0,25,0,21,0,0,0,0,0,0,27,0,22,0,26,3,24,0,19,3,26,2,20,1,26,1,22,1,24,3,23,1,20,4,25,0,20,4,20,3,21,3,22,3,22,3,25,3,18,0,22,-1,20,1,23,0,23,0,18,1,24,-1,19,2,21,1,23,3,21,1,21,3,24,3,18,-1,22,0,21,3,25,3,20,5,22,1,21,7,20,5,17,5,19,6,18,7,16,8,17,10,15,4,16,8,14,11,14,12,9,9,12,10,9,12,10,11,6,11,5,11,5,10,4,11,0,0,0,0,0,0,0,0,0,0]"""
1782116245866,2026-06-22T17:17:25.866,safe,transition,yja,stand_to_sit,t007,"CSI_DATA,1076340,1a:00:00:00:00:00,-63,11,-99,18,48,11,-1037281635,47,2,256,0,""[0,0,0,0,0,0,0,0,0,0,0,0,1,9,1,11,0,7,0,11,0,8,0,13,0,12,0,11,0,13,-1,10,-3,14,-1,14,-1,12,-2,14,-4,17,-1,12,-3,17,-4,14,-4,15,-1,15,-1,14,-1,17,-3,13,-4,14,-2,17,-1,16,-3,15,-4,19,0,12,-1,17,-2,14,0,18,0,14,3,15,1,15,4,17,1,14,3,17,6,15,3,15,4,18,7,12,9,18,4,15,11,19,7,15,12,16,11,17,13,15,11,13,14,15,16,14,19,19,14,12,15,13,20,18,15,14,0,0,0,0,0,0,19,-19,14,-16,17,-20,15,-19,11,-16,18,-21,10,-16,13,-23,11,-15,11,-24,8,-22,9,-20,5,-25,6,-17,9,-20,4,-21,4,-22,6,-20,6,-25,1,-17,1,-24,5,-19,0,-25,-1,-22,1,-20,-2,-23,-1,-18,0,-20,-2,-22,-3,-21,-2,-20,-1,-26,-4,-17,-3,-23,0,-19,-4,-26,-2,-20,-4,-21,-3,-22,-4,-22,-3,-18,-1,-20,-4,-20,-1,-17,1,-21,-2,-15,0,-20,2,-15,0,-19,1,-14,0,-15,1,-14,0,-14,1,-12,3,-12,2,-12,3,-11,0,0,0,0,0,0,0,0,0,0]"""
1782116245882,2026-06-22T17:17:25.882,safe,transition,yja,stand_to_sit,t007,"CSI_DATA,1076341,1a:00:00:00:00:00,-63,11,-99,16,48,11,-1037265595,47,2,256,0,""[0,0,0,0,0,0,0,0,0,0,0,0,9,-2,9,-1,10,-1,10,0,11,0,10,1,11,1,12,1,10,3,14,3,12,4,11,5,12,7,12,6,11,5,14,9,11,7,12,9,11,9,14,8,14,9,11,11,12,12,11,12,11,12,9,13,10,12,9,9,12,14,9,10,12,12,9,11,13,12,12,12,12,11,11,11,11,13,11,11,11,13,14,11,12,9,13,13,12,12,17,9,12,10,16,11,14,12,16,10,16,12,18,12,17,14,16,12,16,12,20,15,19,13,17,13,20,14,0,0,0,0,0,0,13,-18,16,-22,12,-15,14,-20,17,-20,11,-15,18,-21,12,-16,16,-20,15,-15,16,-18,14,-18,14,-16,16,-19,15,-17,15,-13,15,-16,14,-18,9,-14,16,-18,11,-14,12,-20,12,-16,12,-18,13,-19,12,-16,16,-18,15,-18,14,-14,14,-15,15,-16,11,-14,17,-18,12,-16,15,-17,15,-13,16,-17,16,-16,16,-14,16,-12,18,-11,18,-10,20,-7,17,-9,14,-8,18,-7,16,-5,16,-7,14,-2,16,-5,15,-1,15,-1,14,-1,15,1,12,1,11,3,10,3,0,0,0,0,0,0,0,0,0,0]"""
1782116245892,2026-06-22T17:17:25.892,safe,transition,yja,stand_to_sit,t007,"CSI_DATA,1076342,1a:00:00:00:00:00,-63,11,-99,20,47,11,-1037258206,47,2,256,0,""[0,0,0,0,0,0,0,0,0,0,0,0,-9,1,-8,0,-11,0,-9,0,-11,-1,-11,-1,-11,-2,-12,-3,-9,-5,-13,-4,-12,-5,-12,-5,-14,-5,-12,-6,-11,-7,-12,-13,-10,-12,-11,-12,-9,-12,-10,-11,-11,-11,-7,-13,-11,-14,-11,-12,-10,-12,-9,-13,-7,-13,-7,-12,-7,-16,-6,-14,-5,-14,-5,-14,-9,-14,-7,-15,-9,-12,-5,-15,-7,-14,-8,-14,-10,-14,-10,-14,-10,-14,-6,-18,-6,-17,-10,-14,-6,-15,-11,-19,-7,-16,-11,-15,-9,-18,-11,-14,-12,-17,-11,-18,-9,-19,-11,-21,-11,-20,-11,-18,-11,-22,0,0,0,0,0,0,-21,8,-23,10,-21,9,-23,6,-24,9,-22,5,-25,7,-23,7,-24,6,-22,5,-23,5,-23,8,-22,3,-21,9,-21,8,-20,9,-20,9,-20,7,-18,7,-24,5,-21,5,-22,6,-22,5,-21,4,-22,6,-20,3,-22,7,-20,7,-22,8,-22,7,-21,6,-20,5,-24,1,-22,1,-22,1,-21,0,-24,0,-22,0,-21,0,-21,-4,-21,-1,-20,-3,-20,-1,-19,-4,-18,-4,-17,-10,-14,-9,-14,-7,-13,-8,-14,-11,-12,-9,-11,-9,-8,-10,-9,-10,-8,-11,-6,-9,-4,-9,0,0,0,0,0,0,0,0,0,0]"""
1782116245904,2026-06-22T17:17:25.904,safe,transition,yja,stand_to_sit,t007,"CSI_DATA,1076343,1a:00:00:00:00:00,-63,11,-99,20,47,11,-1037244110,47,2,256,0,""[0,0,0,0,0,0,0,0,0,0,0,0,-24,-12,6,12,-22,1,-29,11,-16,17,-6,3,-13,8,0,18,-17,-1,-12,-3,7,-3,-11,-7,-16,-7,-29,-2,-13,-5,-14,-8,-8,-11,-16,-8,-12,-7,-12,-11,-18,-12,-9,-9,-16,-9,-12,-11,-11,-11,-12,-10,-12,-10,-11,-6,-13,-14,-11,-11,-12,-10,-9,-9,-14,-9,-11,-12,-12,-9,-12,-11,-12,-12,-11,-10,-13,-12,-14,-11,-14,-9,-14,-12,-12,-9,-16,-9,-11,-7,-17,-9,-14,-11,-18,-9,-16,-13,-18,-11,-16,-12,-15,-11,-16,-10,-20,-12,-19,-13,-16,-12,-23,-14,0,0,0,0,0,0,-14,18,-16,22,-10,16,-14,20,-16,22,-11,16,-18,22,-12,16,-16,20,-12,15,-12,17,-15,19,-14,16,-16,21,-12,18,-13,14,-16,16,-14,18,-10,16,-15,20,-11,16,-12,18,-12,14,-13,16,-14,19,-14,15,-14,19,-14,17,-16,16,-14,17,-14,18,-11,16,-18,18,-14,14,-14,17,-13,12,-17,16,-18,12,-17,14,-16,12,-19,11,-17,8,-20,7,-20,8,-16,8,-20,5,-16,3,-16,7,-12,1,-16,3,-15,0,-14,1,-13,0,-14,-2,-12,-3,-12,-3,-11,-3,0,0,0,0,0,0,0,0,0,0]"""
1782116245917,2026-06-22T17:17:25.917,safe,transition,yja,stand_to_sit,t007,"CSI_DATA,1076344,1a:00:00:00:00:00,-63,11,-99,18,48,11,-1037230756,47,2,256,0,""[0,0,0,0,0,0,0,0,0,0,0,0,-3,-7,-3,-7,-4,-9,-4,-9,-3,-11,-2,-9,-2,-10,-1,-12,-3,-12,-3,-14,0,-13,0,-13,0,-14,1,-15,0,-15,0,-17,0,-14,2,-17,0,-13,0,-14,0,-14,0,-17,1,-17,2,-15,1,-16,2,-15,2,-17,1,-15,0,-17,0,-15,1,-15,-1,-14,-3,-15,-3,-15,-4,-17,-4,-16,-3,-17,-2,-15,-4,-16,-4,-16,-5,-16,-6,-17,-5,-14,-8,-17,-7,-14,-10,-15,-11,-15,-11,-15,-13,-16,-13,-17,-11,-15,-12,-17,-12,-18,-14,-17,-15,-19,-16,-17,-17,-17,0,0,0,0,0,0,-19,16,-19,19,-14,15,-15,16,-17,19,-17,15,-15,20,-13,19,-15,19,-11,15,-11,17,-12,18,-10,21,-12,21,-13,17,-12,19,-9,20,-11,19,-8,19,-7,21,-6,19,-8,21,-5,18,-3,20,-5,22,-3,23,-4,22,-5,21,-4,23,-3,20,-5,21,-4,22,-3,23,-4,20,-5,22,-2,20,-1,21,-2,21,-2,22,-3,21,-6,22,-7,18,-6,19,-6,19,-6,17,-6,19,-6,14,-6,16,-6,12,-5,13,-6,12,-6,13,-7,12,-7,12,-8,8,-8,9,-9,8,0,0,0,0,0,0,0,0,0,0]"""
1782116245928,2026-06-22T17:17:25.928,safe,transition,yja,stand_to_sit,t007,"CSI_DATA,1076345,1a:00:00:00:00:00,-63,11,-99,15,48,11,-1037224955,47,2,256,0,""[0,0,0,0,0,0,0,0,0,0,0,0,-6,-6,-6,-8,-4,-6,-6,-9,-6,-8,-5,-12,-2,-13,0,-11,-2,-12,0,-11,-2,-12,0,-14,-1,-14,0,-14,1,-17,0,-12,1,-16,1,-14,2,-17,5,-18,5,-14,4,-16,7,-13,4,-16,5,-16,6,-15,6,-14,8,-16,3,-14,3,-16,6,-15,6,-18,8,-14,6,-14,8,-14,6,-14,5,-13,1,-16,4,-15,2,-14,5,-16,1,-14,0,-19,3,-19,5,-24,8,-16,3,-20,10,-18,3,-18,4,-21,0,-24,0,-21,4,-22,4,-20,-2,-24,4,-25,4,-24,0,0,0,0,0,0,-26,-6,-21,-4,-28,-6,-22,-8,-19,-6,-26,-8,-20,-3,-26,-5,-22,-4,-25,-8,-22,-10,-18,-12,-22,-7,-18,-8,-22,-5,-23,-4,-21,-4,-20,-4,-24,-8,-18,-2,-23,-3,-20,-4,-24,-5,-22,-8,-18,-8,-22,-6,-17,-7,-22,-3,-22,-2,-20,-3,-18,-5,-23,-9,-19,-2,-24,-2,-20,-6,-26,-10,-18,-12,-18,-10,-17,-15,-16,-12,-16,-11,-20,-9,-16,-10,-15,-8,-13,-14,-12,-8,-15,-10,-12,-12,-12,-16,-6,-14,-6,-14,-3,-14,-4,-13,-4,-12,-5,-12,-3,-11,-2,-11,0,0,0,0,0,0,0,0,0,0]"""
1782116245938,2026-06-22T17:17:25.938,safe,transition,yja,stand_to_sit,t007,"CSI_DATA,1076346,1a:00:00:00:00:00,-63,11,-99,17,48,11,-1037212507,47,2,256,0,""[0,0,0,0,0,0,0,0,0,0,0,0,-6,5,-6,5,-10,5,-8,3,-11,3,-8,2,-9,3,-11,3,-11,1,-15,3,-13,0,-11,0,-13,0,-15,-1,-14,-1,-16,-5,-13,-3,-15,-6,-12,-6,-11,-4,-15,-7,-15,-6,-17,-8,-13,-8,-15,-8,-13,-8,-13,-9,-11,-7,-14,-14,-12,-10,-11,-11,-9,-8,-12,-8,-13,-9,-13,-7,-13,-11,-14,-10,-10,-11,-14,-11,-15,-13,-15,-9,-13,-14,-10,-12,-15,-11,-7,-7,-17,-8,-12,-11,-18,-8,-18,-14,-18,-11,-13,-12,-16,-15,-15,-13,-17,-14,-14,-17,-15,-15,-16,-17,0,0,0,0,0,0,-19,13,-22,20,-15,12,-18,12,-22,17,-16,11,-23,14,-18,11,-23,12,-16,11,-15,11,-19,14,-20,11,-20,17,-17,9,-18,12,-18,11,-20,10,-17,10,-22,11,-16,10,-22,10,-15,8,-17,10,-19,13,-20,9,-20,13,-18,8,-20,10,-20,10,-22,8,-18,9,-27,5,-19,4,-22,5,-16,3,-20,6,-21,3,-21,6,-22,1,-22,1,-18,-1,-21,-1,-22,-3,-18,-2,-18,-7,-13,-8,-16,-6,-10,-3,-13,-6,-11,-7,-13,-5,-11,-9,-12,-10,-6,-8,-7,-10,-6,-10,0,0,0,0,0,0,0,0,0,0]"""
1782116245948,2026-06-22T17:17:25.948,safe,transition,yja,stand_to_sit,t007,"CSI_DATA,1076347,1a:00:00:00:00:00,-63,11,-99,19,47,11,-1037204635,47,2,256,0,""[0,0,0,0,0,0,0,0,0,0,0,0,-8,4,-8,2,-8,4,-10,4,-10,4,-12,2,-12,0,-12,-1,-12,0,-12,0,-14,0,-14,0,-14,1,-13,0,-14,0,-14,-4,-16,-4,-15,-1,-18,-4,-16,-5,-13,-3,-15,-4,-14,-6,-18,-4,-17,-3,-16,-4,-14,-4,-15,-4,-14,-4,-16,-4,-16,-4,-18,-4,-16,-5,-15,-4,-16,-3,-14,-4,-16,-2,-19,0,-17,0,-14,1,-17,-1,-16,0,-18,0,-18,1,-23,0,-20,-1,-18,0,-20,0,-19,0,-20,4,-23,7,-19,6,-21,4,-23,3,-22,7,-25,5,-24,2,0,0,0,0,0,0,4,24,7,21,8,28,2,24,4,22,6,24,6,24,7,25,6,21,8,25,5,25,5,22,4,20,6,20,12,20,10,20,12,19,10,18,9,18,9,19,11,20,10,18,12,23,10,21,10,17,8,19,8,16,14,18,13,17,14,17,11,16,11,18,12,18,12,18,10,18,13,23,9,22,10,20,8,20,5,19,7,19,10,20,8,19,7,16,5,18,5,16,4,18,4,17,2,20,-1,16,0,16,-1,14,-3,12,-1,13,-2,14,-2,11,-2,11,0,0,0,0,0,0,0,0,0,0]"""
1782116245958,2026-06-22T17:17:25.958,safe,transition,yja,stand_to_sit,t007,"CSI_DATA,1076348,1a:00:00:00:00:00,-63,11,-99,18,47,11,-1037193233,47,2,256,0,""[0,0,0,0,0,0,0,0,0,0,0,0,1,8,0,13,0,-2,-5,-25,26,-8,0,-2,24,0,3,0,6,0,25,-13,10,-7,12,1,16,-8,13,-4,16,4,16,-11,8,-1,13,-11,13,-10,13,-8,16,-5,15,-8,17,-8,15,-3,15,-4,16,-6,16,-5,14,-6,15,-6,14,-4,15,-7,11,-7,14,-8,11,-8,13,-10,13,-11,13,-11,13,-8,12,-11,13,-10,13,-10,13,-15,11,-12,13,-13,10,-13,11,-17,9,-17,9,-17,8,-17,10,-19,11,-17,11,-19,12,-19,11,-21,12,-18,8,-17,8,-19,0,0,0,0,0,0,-22,-11,-23,-13,-19,-10,-22,-11,-26,-10,-19,-11,-24,-10,-18,-7,-22,-10,-19,-6,-23,-6,-22,-5,-24,-4,-24,-5,-22,-7,-22,-5,-21,-4,-22,-6,-20,-3,-23,-2,-20,0,-22,-2,-18,0,-21,1,-22,-2,-22,2,-24,0,-21,-1,-22,0,-23,1,-22,0,-21,0,-24,0,-21,-1,-22,0,-19,0,-21,0,-21,1,-22,2,-22,0,-22,-1,-19,-3,-20,-2,-19,-4,-17,-5,-19,-4,-15,-4,-16,-4,-14,-4,-15,-4,-14,-4,-14,-3,-11,-6,-12,-5,-11,-8,-8,-6,-8,-8,0,0,0,0,0,0,0,0,0,0]"""
1782116245968,2026-06-22T17:17:25.968,safe,transition,yja,stand_to_sit,t007,"CSI_DATA,1076349,1a:00:00:00:00:00,-63,11,-99,16,48,11,-1037179929,47,2,256,0,""[0,0,0,0,0,0,0,0,0,0,0,0,1,8,1,10,1,8,1,11,1,10,0,12,-2,12,-2,8,-2,12,-3,10,-3,13,-4,13,-3,13,-3,12,-5,15,-3,12,-5,14,-4,15,-7,16,-9,17,-8,13,-7,14,-10,11,-7,16,-7,15,-8,14,-8,12,-9,14,-3,14,-4,16,-5,15,-7,19,-8,14,-5,15,-7,15,-7,12,-4,14,-2,17,-2,15,-3,12,-4,15,0,15,1,16,-1,20,-2,24,-3,18,0,18,-4,20,0,16,0,22,5,24,3,19,1,20,1,24,7,23,3,24,1,26,0,0,0,0,0,0,24,-3,21,-4,29,-5,24,-3,18,-3,24,-4,20,-5,24,-7,21,-5,25,-4,24,-3,20,-1,21,-5,21,-2,22,-8,20,-6,20,-7,18,-7,21,-7,16,-8,18,-11,18,-9,22,-11,21,-10,18,-9,18,-9,17,-7,19,-13,19,-11,16,-9,16,-9,20,-7,14,-12,16,-14,19,-12,24,-14,21,-8,20,-11,22,-7,18,-5,19,-7,20,-11,17,-7,14,-6,18,-3,15,-7,16,-7,18,-3,22,-2,14,1,15,0,13,3,12,0,13,1,14,0,12,2,11,0,0,0,0,0,0,0,0,0,0,0]"""
1782116245977,2026-06-22T17:17:25.977,safe,transition,yja,stand_to_sit,t007,"CSI_DATA,1076350,1a:00:00:00:00:00,-63,11,-99,16,48,11,-1037171636,47,2,256,0,""[0,0,0,0,0,0,0,0,0,0,0,0,4,-8,4,-6,7,-8,7,-6,9,-6,8,-5,9,-5,11,-7,11,-5,12,-7,11,-6,11,-6,14,-5,12,-3,12,-2,17,0,14,0,16,0,14,2,14,1,16,1,15,3,18,1,16,3,14,1,16,1,16,3,12,2,17,7,15,7,15,5,13,6,16,5,14,5,14,4,15,6,16,6,16,3,16,2,15,5,15,1,18,9,14,7,17,5,14,5,21,5,18,7,20,0,20,8,20,3,20,6,18,6,18,5,23,6,21,8,20,6,22,10,0,0,0,0,0,0,11,-20,11,-23,9,-20,12,-20,12,-23,11,-17,16,-22,12,-18,16,-22,11,-18,13,-18,12,-22,14,-16,11,-20,9,-20,9,-18,11,-20,11,-18,10,-15,14,-19,11,-16,12,-19,11,-16,14,-16,14,-20,13,-14,12,-19,11,-19,12,-18,12,-20,13,-18,11,-14,20,-16,17,-12,16,-14,14,-11,20,-15,18,-12,17,-12,18,-9,19,-9,19,-9,19,-8,20,-7,16,-4,20,-2,16,0,18,-1,14,0,18,0,15,1,14,1,12,4,14,3,12,4,11,5,9,4,0,0,0,0,0,0,0,0,0,0]"""
1782116245988,2026-06-22T17:17:25.988,safe,transition,yja,stand_to_sit,t007,"CSI_DATA,1076351,1a:00:00:00:00:00,-63,11,-99,22,47,11,-1037160636,47,2,256,0,""[0,0,0,0,0,0,0,0,0,0,0,0,0,-10,1,-7,1,-11,1,-9,4,-11,2,-9,3,-9,4,-12,3,-12,4,-14,8,-12,6,-12,4,-12,7,-12,8,-10,10,-15,7,-11,12,-12,7,-11,6,-11,9,-11,9,-15,11,-14,11,-11,10,-13,10,-12,12,-12,10,-11,11,-15,9,-9,12,-12,6,-11,7,-13,6,-14,6,-15,6,-16,8,-17,9,-14,6,-15,6,-16,5,-14,7,-19,5,-14,4,-19,3,-13,2,-17,2,-19,0,-20,0,-22,0,-22,2,-19,1,-23,2,-22,0,-23,2,-23,-1,-20,-1,-23,0,0,0,0,0,0,-23,0,-28,-1,-19,1,-24,0,-29,2,-20,-3,-27,0,-20,2,-26,0,-20,3,-20,4,-23,4,-23,6,-24,7,-22,2,-22,5,-20,6,-22,6,-19,5,-23,8,-19,6,-23,6,-15,8,-17,11,-19,9,-19,13,-22,12,-20,7,-19,10,-19,11,-21,11,-19,9,-23,12,-19,9,-22,11,-13,9,-19,12,-19,11,-17,12,-19,11,-20,10,-19,4,-18,7,-20,6,-17,4,-20,4,-17,1,-19,3,-12,3,-15,2,-15,2,-14,3,-15,2,-15,1,-12,-2,-12,-2,-11,-2,0,0,0,0,0,0,0,0,0,0]"""
1782116246000,2026-06-22T17:17:26.000,safe,transition,yja,stand_to_sit,t007,"CSI_DATA,1076352,1a:00:00:00:00:00,-63,11,-99,17,48,11,-1037147049,47,2,256,0,""[0,0,0,0,0,0,0,0,0,0,0,0,9,-3,8,-3,8,-3,9,-3,10,-1,10,0,11,0,11,1,12,0,12,2,12,3,13,5,13,3,14,5,14,6,15,5,15,6,13,8,13,8,10,8,10,12,13,8,11,13,11,11,11,11,10,12,11,12,10,13,12,11,11,10,11,13,10,10,10,11,10,12,10,13,11,12,10,13,10,11,10,11,11,11,11,12,15,12,14,11,14,11,13,13,12,14,13,13,13,15,15,13,15,14,15,13,14,15,14,17,16,17,18,15,16,17,16,18,0,0,0,0,0,0,20,-15,18,-13,18,-12,20,-14,22,-11,20,-12,18,-15,18,-13,19,-12,19,-11,20,-11,21,-7,21,-12,21,-10,20,-9,20,-9,18,-10,19,-10,19,-8,18,-11,17,-13,20,-10,17,-10,17,-9,19,-6,20,-11,21,-8,20,-9,20,-6,20,-8,21,-9,22,-7,20,-9,19,-8,21,-6,19,-5,21,-4,20,-3,22,-3,21,-1,22,0,20,1,20,1,20,1,17,3,19,1,17,1,17,5,16,5,13,6,13,8,12,8,12,8,9,9,9,7,7,10,6,9,0,0,0,0,0,0,0,0,0,0]"""
1782116246010,2026-06-22T17:17:26.010,safe,transition,yja,stand_to_sit,t007,"CSI_DATA,1076353,1a:00:00:00:00:00,-63,11,-99,16,48,11,-1037136275,47,2,256,0,""[0,0,0,0,0,0,0,0,0,0,0,0,0,9,-1,9,-1,10,-2,11,-3,11,-3,9,-3,11,-6,11,-5,12,-7,11,-9,9,-9,9,-9,9,-11,10,-12,10,-11,10,-11,9,-13,7,-14,7,-12,7,-14,4,-15,9,-15,5,-16,3,-17,3,-14,3,-15,3,-16,4,-16,5,-16,4,-16,3,-14,3,-14,5,-14,5,-16,4,-15,5,-14,4,-14,3,-16,3,-16,5,-17,4,-15,5,-16,5,-16,6,-14,6,-15,7,-16,7,-18,7,-20,7,-21,6,-19,4,-20,5,-22,6,-21,6,-23,4,-24,7,-24,5,0,0,0,0,0,0,3,25,2,26,2,22,3,24,1,25,0,22,0,24,1,23,0,24,0,20,1,21,0,22,3,24,0,24,-2,20,-1,22,-1,22,-1,22,-1,24,1,22,1,20,-1,22,0,20,1,19,-1,21,0,25,-2,22,-3,22,-4,23,-2,20,-4,21,-3,22,-3,24,-4,22,-6,21,-4,19,-5,21,-5,21,-7,21,-8,21,-10,19,-10,16,-11,17,-12,16,-12,14,-11,14,-12,12,-13,11,-11,9,-12,9,-11,8,-12,7,-13,6,-12,5,-11,1,-11,3,-11,0,0,0,0,0,0,0,0,0,0,0]"""
1782116246020,2026-06-22T17:17:26.020,safe,transition,yja,stand_to_sit,t007,"CSI_DATA,1076354,1a:00:00:00:00:00,-63,11,-99,16,48,11,-1037126881,47,2,256,0,""[0,0,0,0,0,0,0,0,0,0,0,0,2,9,2,9,1,8,0,11,1,10,1,10,0,12,0,10,1,13,-2,12,0,13,-1,14,-1,14,-1,14,-2,15,0,13,0,16,0,16,-2,16,-3,17,-5,16,0,16,-3,15,-3,16,-3,16,-1,15,-1,14,-1,18,0,14,1,16,0,16,0,17,0,14,1,17,1,16,3,16,3,15,5,16,3,16,4,14,5,16,9,12,11,14,9,16,11,17,8,14,13,14,12,16,12,14,13,16,16,15,16,14,17,14,16,15,18,13,20,13,19,13,0,0,0,0,0,0,14,-22,13,-18,14,-24,11,-22,10,-20,11,-22,7,-20,9,-24,9,-19,8,-23,7,-22,9,-19,3,-23,9,-19,5,-20,5,-22,5,-22,4,-21,5,-23,-2,-19,-3,-22,-1,-22,-1,-22,-1,-22,0,-20,-3,-22,-1,-20,-2,-21,-2,-23,-3,-20,-1,-20,-3,-22,-8,-18,-9,-20,-7,-22,-5,-24,-3,-20,-6,-22,-3,-22,-6,-20,-3,-20,-7,-20,-3,-19,-2,-16,-1,-18,-7,-16,-5,-18,0,-17,-1,-18,-1,-13,0,-16,1,-14,0,-14,3,-14,2,-12,2,-11,3,-11,0,0,0,0,0,0,0,0,0,0]"""
1782116246031,2026-06-22T17:17:26.031,safe,transition,yja,stand_to_sit,t007,"CSI_DATA,1076355,1a:00:00:00:00:00,-63,11,-99,19,48,11,-1037116636,47,2,256,0,""[0,0,0,0,0,0,0,0,0,0,0,0,-5,6,-7,6,-6,6,-8,5,-9,5,-10,6,-8,4,-10,4,-12,5,-10,5,-11,2,-13,4,-13,4,-15,3,-18,0,-14,2,-15,0,-14,-2,-16,1,-14,-2,-14,-2,-18,0,-16,-2,-15,-3,-16,-1,-16,-2,-16,-4,-17,-5,-14,-1,-16,-3,-16,-5,-17,-2,-16,-4,-16,-1,-16,-2,-17,-4,-16,-2,-16,-2,-17,0,-17,-1,-18,-3,-16,-2,-19,-2,-17,-4,-19,-1,-16,-2,-19,-1,-19,0,-22,0,-20,0,-21,1,-23,0,-25,-2,-20,0,-22,-1,-25,-1,-23,-2,0,0,0,0,0,0,-5,26,-5,24,-5,24,-7,23,-4,22,-8,24,-4,22,-4,23,-8,21,-5,23,-5,22,-5,20,-3,24,-4,21,-6,20,-4,22,-2,22,-3,23,-5,24,-4,19,-3,22,-7,21,-4,20,-3,20,-5,20,-3,23,-4,20,-5,20,-4,22,-2,22,-5,22,-8,24,-4,20,-7,22,-10,19,-7,21,-9,19,-7,20,-10,20,-10,20,-8,18,-11,16,-8,18,-11,16,-15,14,-10,11,-12,11,-14,9,-13,11,-12,5,-13,9,-12,5,-13,6,-12,5,-11,3,-11,3,-11,1,0,0,0,0,0,0,0,0,0,0]"""
1782116246042,2026-06-22T17:17:26.042,safe,transition,yja,stand_to_sit,t007,"CSI_DATA,1076356,1a:00:00:00:00:00,-63,11,-99,16,48,11,-1037105636,47,2,256,0,""[0,0,0,0,0,0,0,0,0,0,0,0,-6,7,-5,5,-9,6,-7,5,-10,5,-9,5,-9,6,-11,6,-9,3,-13,4,-13,2,-14,1,-14,1,-14,0,-11,0,-19,0,-13,1,-18,0,-13,-3,-13,0,-16,0,-16,-1,-18,-1,-16,-4,-14,-5,-16,-5,-15,-4,-12,-1,-18,-5,-12,-3,-17,-4,-11,-3,-16,-3,-16,-3,-16,-3,-16,-1,-18,-4,-16,-4,-17,-5,-17,-4,-14,-1,-20,-4,-15,-3,-19,-2,-13,-1,-21,0,-20,-1,-19,2,-20,0,-22,-2,-20,-5,-19,-3,-20,0,-27,-1,-22,-4,-18,-3,-24,-1,0,0,0,0,0,0,-3,20,-3,27,-2,18,-1,24,-5,28,-4,18,-5,28,-4,18,-6,25,-5,20,-2,22,-2,24,-1,21,-4,25,-5,20,-5,19,-5,22,-5,22,-3,16,-4,26,-1,18,-3,24,-3,18,-2,22,-1,24,-2,20,-3,25,-5,22,-6,21,-5,22,-5,22,-2,18,-7,25,-6,18,-5,22,-7,15,-5,22,-7,21,-6,22,-7,19,-11,20,-12,16,-14,16,-14,15,-9,13,-13,14,-10,11,-12,13,-9,7,-12,12,-12,8,-12,9,-11,7,-13,5,-12,1,-11,1,-10,1,0,0,0,0,0,0,0,0,0,0]"""
1782116246051,2026-06-22T17:17:26.051,safe,transition,yja,stand_to_sit,t007,"CSI_DATA,1076357,1a:00:00:00:00:00,-63,11,-99,16,48,11,-1037094636,47,2,256,0,""[0,0,0,0,0,0,0,0,0,0,0,0,7,7,5,6,7,8,6,7,6,9,4,8,4,7,5,12,5,11,5,14,1,11,1,14,3,13,1,14,2,12,0,19,1,14,0,16,0,13,0,12,-1,16,0,17,-3,18,-3,14,-3,16,-5,14,-5,16,-2,13,-4,19,-2,14,-3,16,-2,12,-1,14,-2,16,-1,17,-1,17,-5,18,-4,14,-3,16,-1,18,0,16,-3,19,-2,17,1,18,-1,14,1,18,0,18,3,20,0,22,0,22,-1,18,-3,22,-1,20,0,24,-1,21,0,20,1,25,0,0,0,0,0,0,24,0,28,1,19,2,24,0,28,3,20,1,26,2,22,0,24,2,19,3,20,1,23,1,23,0,25,1,20,3,21,3,22,2,22,2,20,1,26,0,20,0,23,0,18,1,19,0,23,0,22,0,24,1,20,1,22,3,22,1,24,3,21,1,26,3,20,2,23,2,17,3,21,1,21,3,23,3,21,5,22,9,16,9,18,10,18,11,16,8,16,11,12,11,15,9,9,8,12,9,9,10,11,9,10,11,8,12,5,10,3,11,2,11,0,0,0,0,0,0,0,0,0,0]"""
1782116246064,2026-06-22T17:17:26.064,safe,transition,yja,stand_to_sit,t007,"CSI_DATA,1076358,1a:00:00:00:00:00,-63,11,-99,16,48,11,-1037083636,47,2,256,0,""[0,0,0,0,0,0,0,0,0,0,0,0,0,-9,1,-8,3,-10,3,-9,4,-10,5,-10,6,-11,6,-12,7,-9,6,-11,8,-12,7,-11,8,-11,9,-9,8,-7,15,-11,12,-9,13,-8,13,-6,13,-9,14,-10,12,-4,14,-9,14,-8,12,-8,12,-8,14,-7,11,-7,18,-6,14,-5,14,-5,14,-7,15,-7,16,-7,14,-9,16,-8,12,-7,16,-11,11,-9,11,-10,16,-11,20,-7,18,-8,11,-6,18,-9,18,-17,11,-7,10,-15,12,-7,21,-14,12,-14,18,-11,18,-12,16,-22,18,-9,18,-9,16,-19,0,0,0,0,0,0,-14,-20,-14,-18,-14,-18,-14,-20,-13,-22,-12,-19,-12,-23,-11,-18,-12,-22,-12,-20,-12,-20,-14,-19,-10,-18,-14,-18,-15,-17,-14,-14,-14,-17,-12,-16,-11,-14,-14,-21,-12,-16,-12,-18,-12,-17,-13,-18,-16,-16,-11,-15,-16,-17,-16,-17,-14,-15,-16,-16,-13,-16,-14,-13,-12,-22,-11,-19,-11,-18,-9,-18,-12,-20,-9,-18,-11,-18,-7,-18,-9,-20,-8,-20,-5,-19,-5,-18,-5,-15,-1,-20,0,-17,-2,-16,0,-15,0,-18,1,-14,0,-14,4,-12,1,-13,4,-12,3,-11,5,-9,0,0,0,0,0,0,0,0,0,0]"""
1782116246076,2026-06-22T17:17:26.076,safe,transition,yja,stand_to_sit,t007,"CSI_DATA,1076359,1a:00:00:00:00:00,-63,11,-99,17,48,11,-1037070308,47,2,256,0,""[0,0,0,0,0,0,0,0,0,0,0,0,8,1,10,1,8,3,8,4,8,4,10,6,10,6,10,5,9,6,9,7,12,10,10,10,9,9,8,10,7,11,8,13,8,13,8,13,8,17,5,15,5,13,5,13,6,15,6,15,6,15,6,15,5,15,5,13,3,16,5,15,6,15,4,16,5,16,3,15,5,14,4,15,6,15,8,17,7,15,6,12,6,14,6,15,8,17,8,15,9,18,9,19,8,17,8,18,7,17,9,18,11,18,10,17,9,18,10,22,11,20,10,20,10,22,0,0,0,0,0,0,22,-9,20,-9,25,-11,23,-9,20,-9,22,-10,21,-9,21,-8,20,-8,23,-8,23,-8,21,-8,20,-5,19,-7,22,-11,19,-10,19,-10,18,-8,18,-8,20,-8,20,-9,20,-10,21,-9,23,-7,20,-8,18,-6,20,-8,20,-11,19,-9,20,-10,18,-9,18,-9,20,-6,20,-7,20,-8,24,-6,23,-5,22,-5,20,-4,20,-1,20,-2,22,-3,20,0,18,0,17,0,18,2,18,2,18,2,17,5,17,6,15,6,13,6,10,6,11,6,11,8,8,7,7,8,0,0,0,0,0,0,0,0,0,0]"""
1782116246089,2026-06-22T17:17:26.089,safe,transition,yja,stand_to_sit,t007,"CSI_DATA,1076360,1a:00:00:00:00:00,-63,11,-99,20,47,11,-1037057852,47,2,256,0,""[0,0,0,0,0,0,0,0,0,0,0,0,-1,7,-1,11,0,7,-3,11,0,9,-5,12,-5,11,-5,11,-5,11,-6,9,-7,10,-8,11,-9,12,-8,12,-12,14,-6,9,-9,12,-8,11,-13,14,-12,12,-12,7,-11,12,-11,7,-12,12,-12,11,-12,10,-11,9,-13,12,-8,11,-11,14,-9,9,-14,16,-11,12,-10,12,-11,13,-9,12,-8,10,-7,14,-9,14,-8,12,-11,15,-3,12,-5,17,-7,16,-10,23,-6,16,-4,18,-9,17,-3,18,-6,18,-3,24,-3,19,-5,24,-5,18,-3,24,-3,27,-5,24,0,0,0,0,0,0,27,5,18,3,30,5,24,3,16,3,27,4,19,1,28,1,20,1,28,5,25,1,20,3,23,0,18,3,23,1,22,0,24,0,21,1,25,0,15,-2,24,-4,17,-3,27,-4,22,-3,21,-2,22,-4,17,0,23,-4,22,-4,21,-1,20,-1,25,-1,17,-6,24,-7,19,-3,31,-5,22,-1,22,-4,23,0,20,-2,18,0,22,-2,21,0,17,1,20,1,14,-1,21,-1,14,2,22,4,14,3,15,3,12,7,12,3,9,6,12,5,10,5,10,7,0,0,0,0,0,0,0,0,0,0]"""
1782116246100,2026-06-22T17:17:26.100,safe,transition,yja,stand_to_sit,t007,"CSI_DATA,1076361,1a:00:00:00:00:00,-63,11,-99,17,48,11,-1037050625,47,2,256,0,""[0,0,0,0,0,0,0,0,0,0,0,0,0,-8,0,-9,0,-8,2,-10,1,-10,3,-11,3,-11,3,-12,5,-9,5,-9,6,-12,5,-11,8,-12,8,-10,9,-12,10,-10,10,-13,8,-11,13,-11,12,-12,10,-11,13,-9,10,-9,12,-11,13,-9,13,-10,11,-9,11,-11,12,-8,13,-10,10,-11,15,-12,13,-10,13,-11,13,-10,11,-9,10,-10,11,-13,11,-11,11,-11,11,-13,9,-11,10,-15,10,-14,13,-17,10,-15,11,-16,10,-17,11,-14,10,-16,12,-18,8,-18,11,-20,11,-18,11,-20,14,-20,11,-18,0,0,0,0,0,0,-21,-12,-18,-10,-25,-14,-20,-10,-17,-10,-23,-11,-20,-12,-22,-13,-19,-9,-22,-15,-21,-13,-19,-10,-17,-10,-17,-11,-21,-9,-19,-9,-20,-10,-19,-10,-20,-8,-17,-9,-22,-10,-17,-5,-22,-10,-21,-10,-20,-8,-19,-10,-18,-7,-22,-8,-20,-8,-20,-8,-18,-8,-21,-8,-18,-9,-21,-10,-20,-7,-22,-12,-21,-11,-18,-11,-17,-12,-15,-12,-15,-10,-18,-11,-15,-14,-13,-13,-15,-14,-11,-12,-13,-13,-10,-11,-10,-17,-9,-13,-8,-13,-5,-13,-5,-12,-4,-11,-5,-13,-1,-11,-1,-11,0,0,0,0,0,0,0,0,0,0]"""
1782116246110,2026-06-22T17:17:26.110,safe,transition,yja,stand_to_sit,t007,"CSI_DATA,1076362,1a:00:00:00:00:00,-63,11,-99,15,48,11,-1037038039,47,2,256,0,""[0,0,0,0,0,0,0,0,0,0,0,0,-5,-13,-6,-10,28,0,0,-12,-2,-5,18,-26,-1,-20,4,-6,-20,-18,-8,-10,-4,-14,-3,-14,3,-13,1,-12,1,-13,10,-10,2,-16,-1,-14,0,-22,2,-16,2,-16,0,-15,2,-15,0,-18,2,-17,1,-16,1,-15,-1,-16,0,-14,0,-18,-1,-14,0,-18,-2,-18,0,-16,-2,-15,-2,-15,-2,-14,-4,-17,-4,-16,-4,-14,-6,-16,-6,-15,-8,-17,-9,-14,-9,-21,-10,-18,-10,-16,-10,-17,-10,-14,-12,-15,-14,-18,-12,-16,-14,-18,-14,-19,-15,-17,-16,-17,-14,-17,0,0,0,0,0,0,-15,18,-14,17,-18,22,-15,20,-13,15,-15,20,-12,18,-14,20,-10,18,-17,22,-14,21,-12,20,-12,17,-10,17,-11,23,-10,20,-9,22,-8,19,-6,20,-8,20,-6,22,-4,20,-7,24,-5,24,-3,22,-5,19,-4,19,-3,23,-3,20,-3,22,-3,21,-2,23,-2,20,-2,23,-1,20,-4,27,-4,23,-2,22,-4,21,-4,19,-5,18,-4,22,-5,18,-5,17,-4,18,-4,16,-5,18,-4,14,-10,18,-6,14,-7,14,-8,12,-7,11,-8,10,-8,10,-8,8,-8,8,0,0,0,0,0,0,0,0,0,0]"""
1782116246120,2026-06-22T17:17:26.120,safe,transition,yja,stand_to_sit,t007,"CSI_DATA,1076363,1a:00:00:00:00:00,-63,11,-99,17,48,11,-1037028493,47,2,256,0,""[0,0,0,0,0,0,0,0,0,0,0,0,8,-4,6,-3,11,-3,8,-2,10,-1,10,-1,11,-1,13,-3,11,0,14,-1,13,-1,13,-1,14,-1,13,0,12,1,18,3,15,3,17,3,13,5,16,4,17,3,14,6,17,3,15,4,14,3,15,3,16,3,13,1,16,6,13,6,16,5,14,2,15,5,15,5,17,5,15,3,18,2,17,2,17,0,17,0,14,0,20,2,18,1,17,0,15,0,22,-1,18,1,18,-3,20,0,21,-3,18,-1,19,-2,20,-2,25,-2,22,-2,20,0,25,-3,0,0,0,0,0,0,0,-21,-3,-26,-2,-21,-1,-24,-3,-27,-2,-21,-1,-27,-2,-20,-3,-25,-5,-21,-2,-23,-6,-23,-1,-21,-7,-23,-8,-22,-8,-19,-9,-20,-7,-19,-6,-16,-6,-23,-6,-19,-7,-21,-6,-18,-6,-21,-8,-20,-5,-20,-11,-22,-11,-18,-10,-18,-12,-19,-11,-18,-9,-16,-6,-25,-6,-20,-8,-20,-5,-18,-7,-23,-5,-22,-6,-20,-4,-21,-5,-20,-5,-21,-4,-20,-3,-19,-3,-17,1,-21,1,-17,0,-17,0,-13,1,-17,3,-13,0,-13,5,-12,3,-13,3,-12,3,-10,4,-10,0,0,0,0,0,0,0,0,0,0]"""
1782116246132,2026-06-22T17:17:26.132,safe,transition,yja,stand_to_sit,t007,"CSI_DATA,1076364,1a:00:00:00:00:00,-63,11,-99,16,48,11,-1037014810,47,2,256,0,""[0,0,0,0,0,0,0,0,0,0,0,0,8,0,10,0,9,0,10,0,11,0,10,1,12,3,9,4,14,3,11,5,11,6,11,7,11,7,12,7,12,9,12,6,13,8,14,9,11,9,13,11,12,11,13,10,11,12,11,11,11,11,11,11,11,11,11,12,12,8,13,8,12,10,12,9,11,10,13,9,12,10,14,9,12,9,13,7,13,7,13,8,13,10,17,4,17,3,18,7,20,8,15,8,19,6,18,9,18,5,21,7,20,4,22,4,21,5,22,3,22,2,22,4,23,4,0,0,0,0,0,0,3,-25,5,-23,3,-24,5,-24,5,-22,5,-24,2,-21,3,-24,2,-22,5,-22,3,-22,6,-21,1,-25,6,-21,3,-22,3,-23,3,-22,2,-22,3,-24,-2,-22,-3,-22,-1,-22,0,-21,-1,-21,1,-21,-1,-23,1,-21,-1,-20,0,-20,0,-22,-1,-22,0,-24,-5,-22,-3,-22,-1,-24,-2,-23,1,-20,0,-20,2,-20,0,-23,3,-21,1,-20,3,-19,3,-17,5,-18,0,-18,3,-18,6,-16,7,-16,6,-12,7,-14,8,-12,7,-13,9,-10,8,-10,8,-9,8,-7,0,0,0,0,0,0,0,0,0,0]"""
1782116246141,2026-06-22T17:17:26.141,safe,transition,yja,stand_to_sit,t007,"CSI_DATA,1076365,1a:00:00:00:00:00,-63,11,-99,19,48,11,-1037006033,47,2,256,0,""[0,0,0,0,0,0,0,0,0,0,0,0,8,4,7,4,8,7,7,5,7,8,5,7,6,7,8,10,5,10,10,11,7,11,7,10,6,13,5,14,3,13,2,19,1,14,0,17,1,13,1,12,1,16,0,16,1,19,-1,15,0,18,0,16,-2,16,0,14,-5,19,-4,15,-5,15,-2,12,0,14,-2,16,0,16,-3,17,-2,17,-4,14,-2,18,-2,20,-1,17,-7,19,-5,17,-1,18,-3,11,-1,20,-4,16,3,20,-4,22,0,22,-3,17,-4,21,-6,21,-3,24,-7,22,-4,21,-5,23,0,0,0,0,0,0,23,7,27,8,19,5,21,9,27,10,17,8,26,11,20,9,23,12,17,10,17,7,23,6,20,10,25,7,18,8,20,7,21,6,21,9,19,7,23,13,17,9,20,11,16,8,18,8,22,8,20,10,23,9,18,9,20,9,20,9,20,12,19,9,20,19,16,14,16,15,12,10,19,13,16,14,17,14,14,17,14,16,9,16,11,17,11,20,10,16,5,20,2,17,5,17,3,11,4,15,1,14,4,14,0,14,0,16,-2,10,-4,11,-3,11,0,0,0,0,0,0,0,0,0,0]"""
1782116246153,2026-06-22T17:17:26.153,safe,transition,yja,stand_to_sit,t007,"CSI_DATA,1076366,1a:00:00:00:00:00,-63,11,-99,17,48,11,-1036993216,47,2,256,0,""[0,0,0,0,0,0,0,0,0,0,0,0,8,0,10,0,6,1,11,2,8,0,12,3,11,5,10,3,11,6,9,5,13,6,13,6,11,6,11,6,14,11,9,8,12,11,10,7,13,12,10,14,10,13,8,11,9,10,12,12,12,11,13,12,10,10,11,13,8,9,11,13,9,10,13,15,10,12,11,11,11,10,11,10,11,8,15,9,13,8,11,8,15,11,13,6,17,10,13,10,22,12,15,9,18,8,17,10,15,6,18,5,22,8,20,6,22,8,20,6,22,6,25,8,20,9,0,0,0,0,0,0,8,-22,6,-17,10,-29,10,-21,6,-17,10,-25,6,-17,8,-26,5,-17,9,-28,8,-25,6,-20,6,-20,5,-17,5,-23,3,-23,3,-22,3,-19,5,-23,3,-17,4,-24,3,-18,5,-27,4,-23,3,-20,2,-20,2,-17,0,-23,0,-21,0,-21,1,-19,3,-24,1,-17,1,-23,2,-20,5,-29,6,-23,3,-21,5,-20,6,-17,5,-18,4,-21,5,-19,4,-15,8,-18,5,-14,8,-18,8,-11,13,-17,10,-11,9,-12,10,-10,8,-9,7,-8,11,-10,9,-8,9,-6,0,0,0,0,0,0,0,0,0,0]"""
1782116246163,2026-06-22T17:17:26.163,safe,transition,yja,stand_to_sit,t007,"CSI_DATA,1076367,1a:00:00:00:00:00,-63,11,-99,17,48,11,-1036984636,47,2,256,0,""[0,0,0,0,0,0,0,0,0,0,0,0,5,8,4,7,4,10,3,7,2,11,3,9,3,11,2,12,1,12,1,14,-1,13,0,13,0,14,-1,13,-2,12,-6,17,-5,13,-8,15,-5,11,-6,13,-8,17,-7,13,-8,17,-9,12,-7,13,-8,14,-10,13,-10,12,-13,13,-10,10,-13,11,-8,8,-9,11,-10,11,-8,12,-11,14,-11,13,-11,11,-10,15,-11,13,-10,12,-14,13,-13,11,-12,11,-8,10,-11,16,-12,14,-10,17,-14,16,-11,17,-13,13,-15,15,-15,15,-16,19,-17,13,-13,15,-17,16,0,0,0,0,0,0,13,18,15,22,10,16,11,23,15,23,6,18,11,24,10,17,10,24,10,18,9,18,13,20,11,20,13,21,10,19,11,18,11,18,9,20,6,17,10,23,7,18,6,23,8,16,9,17,10,20,9,20,12,22,6,19,10,20,10,20,7,23,6,19,4,27,1,20,1,23,3,16,4,20,2,22,3,22,1,23,0,23,-3,19,-1,20,-4,22,-5,16,-7,18,-8,13,-9,16,-4,10,-8,14,-8,13,-7,13,-10,11,-10,10,-10,6,-8,6,-10,5,0,0,0,0,0,0,0,0,0,0]"""
1782116246173,2026-06-22T17:17:26.173,safe,transition,yja,stand_to_sit,t007,"CSI_DATA,1076368,1a:00:00:00:00:00,-63,11,-99,17,48,11,-1036973636,47,2,256,0,""[0,0,0,0,0,0,0,0,0,0,0,0,2,-9,3,-8,5,-10,5,-8,8,-8,5,-6,6,-9,8,-8,8,-10,10,-10,11,-6,10,-6,12,-6,13,-5,13,-5,16,-5,13,-4,16,-2,12,-2,16,-5,17,-3,17,-3,17,-1,15,0,17,0,17,0,17,1,14,0,20,1,15,1,16,3,13,0,15,0,16,-1,17,0,17,-1,17,1,15,3,17,0,20,1,16,1,19,3,16,1,20,2,13,0,17,-1,17,-1,18,-3,22,-1,22,0,19,3,22,2,21,1,24,1,22,5,20,1,24,3,0,0,0,0,0,0,5,-24,8,-27,5,-19,6,-23,8,-27,8,-17,10,-24,7,-20,12,-22,5,-18,5,-21,7,-20,5,-23,7,-25,10,-18,8,-20,8,-20,10,-20,9,-19,10,-22,8,-17,11,-20,7,-16,6,-19,8,-20,8,-22,9,-22,13,-18,11,-20,10,-20,12,-19,11,-18,15,-22,12,-15,15,-18,10,-14,12,-17,13,-18,13,-17,15,-17,17,-15,16,-9,17,-11,18,-8,17,-7,18,-7,15,-4,18,-3,12,-3,15,-3,15,-2,13,-2,16,-1,14,0,13,5,10,3,11,5,0,0,0,0,0,0,0,0,0,0]"""
1782116246186,2026-06-22T17:17:26.186,safe,transition,yja,stand_to_sit,t007,"CSI_DATA,1076369,1a:00:00:00:00:00,-63,11,-99,16,48,11,-1036962228,47,2,256,0,""[0,0,0,0,0,0,0,0,0,0,0,0,-5,-7,-4,-9,-3,-8,-5,-9,-3,-9,-3,-11,-1,-11,0,-11,-1,-13,1,-12,0,-12,1,-14,1,-12,3,-14,4,-17,1,-12,2,-14,4,-14,5,-15,6,-14,7,-12,6,-16,9,-12,9,-13,9,-14,9,-12,10,-11,11,-12,7,-14,6,-14,8,-12,9,-14,10,-12,7,-12,10,-14,9,-14,8,-12,6,-12,8,-14,7,-14,9,-15,5,-15,5,-16,9,-16,9,-18,8,-13,8,-18,11,-16,8,-20,11,-19,9,-20,8,-20,11,-20,10,-19,9,-22,12,-22,11,-22,0,0,0,0,0,0,-23,-13,-21,-13,-22,-14,-20,-13,-18,-14,-19,-14,-18,-11,-21,-13,-19,-12,-16,-13,-18,-14,-14,-14,-20,-13,-15,-16,-16,-14,-16,-14,-16,-14,-16,-14,-17,-16,-16,-10,-18,-11,-16,-12,-18,-12,-18,-13,-14,-14,-20,-14,-14,-14,-16,-14,-16,-16,-14,-14,-14,-15,-15,-18,-16,-13,-18,-13,-15,-16,-16,-18,-12,-17,-13,-17,-11,-19,-11,-18,-9,-18,-9,-18,-8,-18,-7,-17,-5,-18,-7,-14,-7,-16,-3,-18,-2,-17,0,-14,0,-14,2,-14,1,-14,3,-13,3,-12,3,-12,5,-11,0,0,0,0,0,0,0,0,0,0]"""
1782116246196,2026-06-22T17:17:26.196,safe,transition,yja,stand_to_sit,t007,"CSI_DATA,1076370,1a:00:00:00:00:00,-63,11,-99,16,48,11,-1036951637,47,2,256,0,""[0,0,0,0,0,0,0,0,0,0,0,0,-9,3,-8,3,-10,1,-9,1,-11,1,-10,1,-9,3,-12,3,-12,3,-13,1,-11,-1,-13,0,-12,-1,-15,-3,-15,-1,-16,-1,-15,-1,-18,-3,-13,-2,-12,-1,-16,-1,-17,0,-19,-1,-12,-5,-16,-5,-14,-3,-16,-5,-16,-1,-17,-5,-15,-3,-16,-2,-11,-1,-13,0,-14,1,-16,3,-18,3,-18,1,-15,0,-16,0,-18,0,-18,3,-18,1,-17,3,-17,5,-13,4,-16,8,-14,9,-15,12,-19,12,-19,10,-16,4,-22,7,-19,11,-19,10,-22,5,-19,11,-19,12,0,0,0,0,0,0,14,21,14,23,9,17,14,18,15,22,12,19,12,22,12,18,14,21,11,16,14,12,18,13,20,15,18,16,11,16,16,16,13,16,15,18,17,14,18,16,17,12,18,14,14,10,16,7,19,9,22,9,20,11,14,12,18,13,18,11,21,14,20,9,21,14,18,11,19,11,14,9,18,6,19,7,20,5,23,10,20,11,12,13,14,14,14,16,14,13,12,13,11,13,13,12,9,9,11,9,11,10,12,9,10,11,10,11,2,11,4,11,4,11,0,0,0,0,0,0,0,0,0,0]"""
1782116246207,2026-06-22T17:17:26.207,safe,transition,yja,stand_to_sit,t007,"CSI_DATA,1076371,1a:00:00:00:00:00,-63,11,-99,15,48,11,-1036940236,47,2,256,0,""[0,0,0,0,0,0,0,0,0,0,0,0,-5,-6,-5,-6,-6,-8,-6,-8,-5,-10,-6,-10,-4,-10,-7,-10,-2,-10,-7,-12,-7,-11,-7,-10,-6,-12,-6,-12,-4,-12,-4,-16,-4,-13,-4,-15,-5,-16,-2,-17,-5,-18,-1,-14,-7,-16,-6,-17,-6,-14,-6,-15,-6,-15,-5,-12,-4,-18,-4,-16,-6,-14,-6,-14,-8,-16,-6,-15,-9,-13,-6,-13,-10,-13,-11,-13,-12,-12,-11,-12,-11,-11,-11,-15,-12,-14,-13,-12,-12,-11,-19,-12,-14,-12,-17,-8,-16,-12,-18,-9,-19,-11,-18,-10,-18,-10,-22,-10,-20,-10,-22,-8,-22,-10,0,0,0,0,0,0,-10,23,-8,25,-7,23,-8,22,-8,24,-7,22,-8,26,-7,21,-6,24,-4,24,-5,24,0,25,-4,20,0,22,1,22,1,20,3,24,2,22,2,19,0,24,1,21,2,22,2,22,3,23,6,23,2,20,8,21,8,22,9,21,10,20,9,20,8,16,4,26,6,23,7,20,6,21,9,25,5,22,8,20,4,21,7,20,6,20,5,20,5,20,4,18,0,20,0,17,3,17,0,14,1,18,0,14,1,15,-2,13,0,14,0,12,-1,11,-3,10,0,0,0,0,0,0,0,0,0,0]"""
1782116246222,2026-06-22T17:17:26.222,safe,transition,yja,stand_to_sit,t007,"CSI_DATA,1076372,1a:00:00:00:00:00,-63,11,-99,21,47,11,-1036925699,47,2,256,0,""[0,0,0,0,0,0,0,0,0,0,0,0,6,4,11,6,6,4,10,6,6,3,11,8,12,8,8,8,10,7,5,6,10,10,10,10,10,10,9,10,12,12,8,8,13,11,8,8,13,14,11,12,9,12,11,9,8,10,13,11,13,11,11,11,11,10,14,12,10,5,15,9,10,8,18,11,13,7,15,6,13,6,13,6,11,5,17,4,16,5,13,3,18,3,13,0,20,-1,15,0,25,-1,18,-1,19,-5,21,0,17,-5,17,-5,21,-8,18,-6,23,-7,18,-7,21,-10,23,-11,20,-10,0,0,0,0,0,0,-13,-22,-8,-15,-18,-25,-13,-20,-7,-12,-16,-23,-12,-13,-19,-20,-11,-13,-20,-24,-18,-17,-14,-15,-17,-13,-13,-13,-18,-15,-18,-12,-18,-10,-15,-9,-21,-13,-15,-5,-23,-7,-16,-6,-27,-10,-21,-6,-19,-6,-20,-5,-17,-5,-22,-3,-22,-3,-20,-4,-18,-3,-25,-5,-17,1,-25,1,-20,-1,-31,0,-22,-3,-21,1,-21,-3,-19,-1,-17,-1,-22,-1,-20,-1,-15,-1,-20,-3,-14,0,-22,0,-15,-3,-22,-5,-15,-3,-15,-4,-13,-6,-13,-3,-10,-5,-13,-5,-11,-4,-12,-5,0,0,0,0,0,0,0,0,0,0]"""
1782116246236,2026-06-22T17:17:26.236,safe,transition,yja,stand_to_sit,t007,"CSI_DATA,1076373,1a:00:00:00:00:00,-63,11,-99,17,48,11,-1036911528,47,2,256,0,""[0,0,0,0,0,0,0,0,0,0,0,0,1,-7,3,-9,2,-8,3,-10,4,-10,5,-9,6,-10,6,-8,7,-10,8,-8,9,-8,10,-9,11,-9,10,-10,13,-10,9,-10,10,-10,11,-10,13,-8,12,-9,11,-5,15,-11,14,-6,15,-6,15,-7,13,-6,13,-6,15,-8,12,-10,12,-10,13,-9,13,-10,12,-8,13,-10,13,-10,12,-11,11,-9,10,-11,11,-11,10,-11,13,-12,7,-15,8,-15,11,-17,11,-15,10,-13,9,-16,11,-15,9,-19,11,-19,9,-18,8,-19,10,-20,8,-18,8,-22,10,-23,10,-23,0,0,0,0,0,0,-23,-10,-22,-10,-22,-11,-23,-9,-20,-8,-21,-8,-21,-7,-25,-8,-22,-6,-22,-8,-22,-6,-18,-8,-23,-5,-21,-8,-19,-6,-20,-7,-20,-6,-21,-6,-23,-6,-19,-1,-20,0,-22,-3,-22,-3,-21,-3,-20,-3,-24,-1,-20,-3,-20,-2,-22,-4,-20,-1,-20,-3,-24,-4,-21,1,-23,1,-21,-1,-23,-2,-20,-5,-21,-1,-21,-5,-21,-2,-20,-6,-19,-5,-20,-5,-17,-6,-17,-8,-17,-2,-17,-5,-16,-8,-15,-8,-11,-7,-13,-8,-10,-9,-11,-8,-10,-10,-8,-8,-8,-9,-6,-9,0,0,0,0,0,0,0,0,0,0]"""
1782116246246,2026-06-22T17:17:26.246,safe,transition,yja,stand_to_sit,t007,"CSI_DATA,1076374,1a:00:00:00:00:00,-63,11,-99,16,48,11,-1036903068,47,2,256,0,""[0,0,0,0,0,0,0,0,0,0,0,0,1,9,2,9,0,9,0,9,0,11,0,10,0,10,-1,11,-1,12,-5,12,-5,11,-5,12,-5,12,-8,12,-9,11,-9,13,-7,11,-11,11,-9,10,-9,11,-10,9,-12,11,-13,10,-14,7,-15,9,-13,7,-14,7,-12,7,-15,9,-14,7,-14,6,-11,7,-12,8,-13,8,-13,8,-12,9,-14,9,-15,7,-14,7,-16,8,-15,8,-15,10,-14,9,-17,9,-12,9,-14,11,-14,11,-14,11,-17,11,-18,12,-16,8,-19,10,-20,10,-20,12,-20,9,-19,11,-20,11,0,0,0,0,0,0,9,24,7,25,7,19,8,23,9,25,5,21,6,24,5,21,4,25,5,20,7,20,5,21,7,22,6,24,2,20,4,22,5,20,2,23,3,22,7,22,5,19,3,23,4,18,5,20,4,21,6,23,5,24,1,22,1,22,1,21,0,22,1,21,1,25,0,21,-1,22,0,18,0,21,0,22,-2,22,-3,22,-6,22,-7,17,-7,18,-9,18,-9,16,-9,17,-9,14,-11,14,-8,11,-10,12,-11,11,-10,11,-11,9,-11,7,-11,3,-11,3,-12,3,0,0,0,0,0,0,0,0,0,0]"""
1782116246257,2026-06-22T17:17:26.257,safe,transition,yja,stand_to_sit,t007,"CSI_DATA,1076375,1a:00:00:00:00:00,-63,11,-99,18,48,11,-1036896637,47,2,256,0,""[0,0,0,0,0,0,0,0,0,0,0,0,-2,-9,-1,-8,-1,-11,0,-9,0,-11,0,-9,0,-11,0,-12,2,-11,0,-14,3,-12,3,-13,2,-13,6,-13,4,-11,11,-15,7,-12,11,-13,8,-9,6,-11,8,-15,10,-12,9,-15,9,-10,9,-12,9,-12,12,-12,9,-11,14,-12,11,-9,13,-11,8,-8,8,-11,9,-10,9,-12,11,-14,11,-14,11,-11,10,-14,11,-15,8,-14,15,-14,12,-12,11,-14,6,-11,9,-17,11,-14,6,-18,11,-19,9,-19,9,-15,13,-18,12,-15,12,-19,14,-17,9,-17,13,-18,0,0,0,0,0,0,-17,-15,-22,-18,-16,-11,-18,-16,-23,-17,-14,-14,-20,-18,-14,-13,-19,-19,-15,-13,-15,-13,-20,-12,-19,-14,-22,-12,-15,-12,-18,-12,-19,-11,-18,-13,-15,-11,-20,-15,-15,-11,-19,-16,-13,-9,-17,-9,-19,-11,-19,-12,-23,-11,-15,-11,-18,-11,-19,-11,-19,-14,-16,-11,-18,-18,-14,-15,-15,-17,-11,-9,-17,-13,-15,-14,-16,-12,-16,-17,-15,-17,-9,-15,-12,-17,-11,-19,-9,-15,-7,-19,-3,-16,-6,-16,-3,-11,-5,-15,-2,-13,-4,-14,-1,-15,-2,-15,1,-11,1,-11,2,-12,0,0,0,0,0,0,0,0,0,0]"""
1782116246267,2026-06-22T17:17:26.267,safe,transition,yja,stand_to_sit,t007,"CSI_DATA,1076376,1a:00:00:00:00:00,-63,11,-99,18,47,11,-1036885577,47,2,256,0,""[0,0,0,0,0,0,0,0,0,0,0,0,8,-11,-3,-24,-15,-13,2,-26,15,-11,0,-2,6,-28,8,-17,0,-23,1,3,4,-19,0,-11,2,-18,1,-10,7,-19,2,-13,4,-19,5,-18,8,-12,2,-19,6,-19,5,-13,8,-16,8,-14,7,-13,8,-14,7,-14,5,-12,8,-15,6,-13,7,-15,8,-13,6,-15,7,-15,6,-14,6,-15,9,-15,8,-15,8,-14,6,-15,4,-15,8,-18,6,-15,3,-17,6,-15,4,-21,7,-18,2,-20,5,-19,6,-19,6,-19,8,-17,5,-20,6,-24,7,-21,6,-18,4,-23,0,0,0,0,0,0,-22,-5,-25,-8,-22,-5,-25,-5,-24,-7,-21,-6,-25,-8,-20,-6,-23,-6,-21,-8,-22,-6,-24,-6,-19,-7,-23,-6,-22,-6,-20,-8,-21,-8,-22,-7,-18,-4,-23,-6,-21,-5,-22,-5,-20,-6,-21,-4,-22,-4,-19,-6,-23,-6,-21,-5,-19,-7,-21,-6,-21,-6,-19,-4,-22,-8,-19,-5,-22,-4,-19,-7,-23,-8,-19,-8,-19,-8,-17,-9,-18,-11,-17,-13,-15,-13,-14,-11,-14,-10,-15,-13,-12,-12,-14,-13,-9,-13,-11,-13,-9,-13,-7,-12,-5,-12,-6,-13,-3,-13,-2,-11,-2,-11,0,0,0,0,0,0,0,0,0,0]"""
1782116246277,2026-06-22T17:17:26.277,safe,transition,yja,stand_to_sit,t007,"CSI_DATA,1076377,1a:00:00:00:00:00,-63,11,-99,16,48,11,-1036874637,47,2,256,0,""[0,0,0,0,0,0,0,0,0,0,0,0,9,-1,9,-2,10,0,10,0,11,0,10,0,11,0,11,1,13,1,14,3,12,5,13,6,12,5,14,5,13,7,14,6,12,7,13,9,13,7,12,8,11,11,14,7,13,11,11,11,12,11,11,11,11,11,11,11,14,10,13,11,11,11,12,9,12,9,13,9,12,10,13,9,14,11,11,11,14,9,14,11,14,9,16,9,14,8,16,9,14,8,15,7,17,7,18,7,20,8,20,9,18,9,19,9,20,10,20,9,20,9,20,8,24,9,0,0,0,0,0,0,12,-22,12,-25,10,-20,11,-20,12,-22,12,-17,11,-22,9,-20,14,-22,9,-19,8,-18,11,-19,9,-22,11,-22,11,-18,11,-18,10,-20,11,-18,10,-18,7,-21,7,-20,10,-20,7,-18,7,-20,8,-20,7,-22,9,-22,9,-19,9,-20,9,-19,10,-20,11,-20,8,-22,8,-20,11,-20,9,-18,9,-18,11,-18,12,-19,12,-19,14,-16,13,-13,14,-14,14,-14,14,-12,14,-12,12,-12,15,-11,12,-7,11,-8,13,-6,12,-6,14,-6,12,-4,12,-1,11,-1,11,0,0,0,0,0,0,0,0,0,0,0]"""
1782116246287,2026-06-22T17:17:26.287,safe,transition,yja,stand_to_sit,t007,"CSI_DATA,1076378,1a:00:00:00:00:00,-63,11,-99,22,47,11,-1036863637,47,2,256,0,""[0,0,0,0,0,0,0,0,0,0,0,0,-5,-6,-6,-8,-4,-6,-6,-9,-6,-7,-6,-11,-6,-12,-3,-11,-7,-12,-2,-11,-6,-12,-6,-14,-6,-13,-6,-12,-5,-15,-6,-11,-7,-16,-6,-14,-6,-16,-3,-15,-1,-15,-7,-14,-4,-14,-6,-15,-6,-15,-6,-13,-7,-13,-6,-17,-7,-10,-10,-14,-7,-15,-11,-15,-7,-13,-6,-12,-7,-12,-12,-10,-8,-11,-12,-12,-12,-11,-11,-11,-13,-12,-15,-5,-19,-7,-15,-8,-20,-8,-14,-10,-19,-8,-17,-9,-17,-4,-17,-6,-23,-3,-22,-1,-23,-4,-22,-3,-21,1,-23,-2,-21,-3,0,0,0,0,0,0,-2,24,0,20,0,28,0,25,1,17,2,26,4,19,4,26,2,20,4,26,3,25,0,23,8,23,2,20,9,22,7,21,8,19,9,19,8,22,11,14,15,19,11,17,14,21,12,19,11,18,14,17,11,16,16,14,15,15,15,14,14,14,16,19,16,9,19,11,17,14,22,18,13,17,16,14,14,17,15,14,13,14,17,12,15,12,13,11,12,15,14,9,16,12,10,14,14,17,9,11,9,13,4,14,8,11,6,12,6,11,5,11,5,11,0,0,0,0,0,0,0,0,0,0]"""
