pc_time_ms,datetime,risk,domain,subject_id,label,trial_id,raw_line
1782318873323,2026-06-25T01:34:33.293,warning,bed_exit,yja,bed_exit_failed,t057,"CSI_DATA,809881,1a:00:00:00:00:00,-64,11,-99,20,49,11,-354007214,47,2,256,0,""[0,0,0,0,0,0,0,0,0,0,0,0,12,9,22,11,12,9,13,14,9,16,20,12,19,17,15,20,19,14,18,21,17,21,19,25,21,25,13,30,18,38,22,28,24,34,15,43,23,44,14,34,13,38,31,48,21,41,12,48,14,49,26,45,19,53,21,56,19,51,13,56,19,60,28,54,28,52,31,49,31,53,44,52,40,53,26,54,42,50,38,67,34,64,50,51,42,63,40,70,59,58,53,50,66,49,77,50,70,68,74,54,67,63,85,62,82,66,75,61,72,71,90,74,79,67,0,0,0,0,0,0,93,-92,83,-84,77,-84,82,-82,65,-94,86,-86,73,-79,76,-83,81,-76,66,-91,53,-91,53,-86,49,-104,56,-93,65,-81,47,-95,48,-93,59,-94,64,-93,39,-89,39,-94,55,-95,31,-96,29,-90,31,-90,23,-113,23,-91,38,-90,25,-105,15,-101,26,-101,33,-113,24,-102,27,-101,39,-98,24,-98,20,-93,13,-104,17,-96,22,-108,18,-98,42,-89,21,-91,34,-89,46,-91,27,-72,38,-72,42,-77,32,-71,31,-63,27,-71,21,-64,34,-62,30,-59,42,-43,34,-46,37,-45,0,0,0,0,0,0,0,0,0,0]"""
1782318873334,2026-06-25T01:34:33.304,warning,bed_exit,yja,bed_exit_failed,t057,"CSI_DATA,809882,1a:00:00:00:00:00,-64,11,-99,14,50,11,-353997581,47,2,256,0,""[0,0,0,0,0,0,0,0,0,0,0,0,7,-15,6,-14,17,-11,11,-14,18,-14,11,-20,9,-18,14,-22,14,-20,22,-27,20,-24,24,-27,24,-30,26,-24,29,-22,22,-30,21,-28,37,-32,30,-25,24,-31,22,-29,33,-43,34,-38,41,-29,42,-31,38,-37,37,-42,34,-41,38,-46,37,-44,30,-53,29,-46,22,-51,28,-55,25,-56,20,-62,20,-67,26,-60,19,-68,35,-68,19,-69,7,-81,10,-71,21,-87,-1,-75,1,-84,-9,-82,-11,-88,-9,-87,-9,-94,-3,-99,-12,-99,-16,-101,-27,-103,-11,-99,-18,-100,-25,-107,0,0,0,0,0,0,-120,28,-117,30,-104,35,-111,34,-118,46,-110,28,-111,43,-101,44,-116,36,-86,56,-90,62,-88,55,-91,77,-94,64,-86,53,-87,63,-86,67,-85,69,-83,67,-66,91,-61,82,-77,77,-52,76,-48,87,-55,86,-46,107,-53,94,-60,85,-53,99,-42,97,-49,100,-48,97,-32,103,-31,91,-45,99,-26,95,-27,96,-18,103,-22,100,-17,101,-22,97,-39,90,-29,92,-34,92,-30,88,-24,87,-24,74,-36,84,-20,68,-15,71,-17,69,-20,72,-20,65,-27,69,-34,54,-28,52,-30,51,0,0,0,0,0,0,0,0,0,0]"""
1782318873345,2026-06-25T01:34:33.315,warning,bed_exit,yja,bed_exit_failed,t057,"CSI_DATA,809883,1a:00:00:00:00:00,-64,11,-99,17,49,11,-353985216,47,2,256,0,""[0,0,0,0,0,0,0,0,0,0,0,0,-10,4,-14,2,-15,0,-16,0,-23,-5,-19,1,-17,9,-25,9,-27,6,-33,5,-27,1,-31,5,-31,3,-31,-7,-31,-10,-45,3,-32,0,-48,-10,-38,-1,-40,2,-48,7,-54,-6,-52,7,-44,-13,-57,-2,-54,6,-57,0,-55,0,-63,-6,-56,-2,-62,0,-43,10,-60,7,-57,19,-61,22,-62,28,-65,31,-66,13,-63,29,-78,28,-57,30,-71,33,-67,28,-75,28,-51,43,-65,64,-59,63,-46,75,-68,75,-68,75,-73,56,-68,71,-61,70,-56,86,-76,75,-63,81,-60,79,0,0,0,0,0,0,93,64,100,76,82,49,96,60,121,58,82,63,109,66,93,54,106,58,99,23,99,27,112,20,114,12,126,10,88,23,104,4,111,0,117,11,111,2,116,6,97,3,108,4,80,-18,89,-32,101,-32,105,-34,105,-44,100,-23,97,-39,94,-50,105,-43,94,-45,114,-40,104,-31,100,-42,70,-35,83,-57,84,-54,75,-66,91,-66,82,-56,84,-36,84,-58,94,-41,82,-40,87,-40,72,-33,83,-35,54,-34,66,-38,57,-36,57,-51,63,-35,62,-40,60,-16,52,-21,54,-20,0,0,0,0,0,0,0,0,0,0]"""
1782318873356,2026-06-25T01:34:33.326,warning,bed_exit,yja,bed_exit_failed,t057,"CSI_DATA,809884,1a:00:00:00:00:00,-64,11,-99,19,49,11,-353975632,47,2,256,0,""[0,0,0,0,0,0,0,0,0,0,0,0,5,-13,7,-16,8,-15,1,-15,14,-16,10,-15,14,-22,8,-23,11,-24,19,-27,26,-15,26,-17,21,-20,30,-20,36,-25,39,-17,38,-16,45,-13,30,-15,41,-33,43,-32,48,-28,50,-15,39,-14,44,-13,51,-3,63,-14,57,-8,56,-13,66,-26,63,-9,59,-15,36,-17,52,-17,55,-30,79,-22,79,-33,63,-8,59,-23,96,-7,74,-16,75,-10,77,0,78,-22,66,-23,92,-2,92,-29,73,-30,98,-60,86,-42,84,-17,104,0,103,-32,100,-17,107,-4,112,-41,110,-19,0,0,0,0,0,0,-23,-122,-6,-126,0,-101,-7,-114,-7,-125,12,-115,0,-118,0,-116,1,-120,3,-103,-9,-101,-5,-110,-11,-114,-6,-122,17,-102,3,-108,1,-107,11,-109,0,-107,-3,-108,-9,-99,12,-110,-4,-91,-15,-99,-17,-105,-21,-115,-5,-107,10,-99,4,-107,0,-107,14,-114,4,-111,0,-112,6,-102,15,-101,8,-97,-1,-100,-2,-100,-2,-105,6,-112,24,-98,31,-87,27,-93,38,-94,32,-90,35,-84,36,-77,43,-75,32,-57,32,-62,33,-63,31,-63,41,-64,36,-53,54,-38,49,-39,48,-32,0,0,0,0,0,0,0,0,0,0]"""
1782318873367,2026-06-25T01:34:33.337,warning,bed_exit,yja,bed_exit_failed,t057,"CSI_DATA,809885,1a:00:00:00:00:00,-64,11,-99,18,49,11,-353964632,47,2,256,0,""[0,0,0,0,0,0,0,0,0,0,0,0,-3,11,-5,19,1,14,-5,23,3,14,-1,30,-5,25,-9,21,-12,35,-8,23,-11,24,-15,27,-11,28,-17,25,-17,49,-15,27,-20,38,-15,35,-24,46,-23,46,-31,32,-12,49,-30,39,-30,49,-33,51,-35,43,-35,44,-33,47,-21,41,-25,55,-31,51,-29,66,-27,56,-19,64,-23,54,-29,60,-23,51,-19,67,-19,59,-17,54,-27,67,-3,60,-5,81,-17,77,-26,103,-21,74,-4,95,-19,88,0,85,-6,91,2,100,-5,92,-6,108,-4,99,0,105,0,112,0,117,0,0,0,0,0,0,127,-7,101,0,127,-9,115,-5,98,0,127,-7,98,-11,125,-15,102,-19,127,-2,121,-17,108,-12,117,-27,92,-11,111,-16,111,-17,101,-25,96,-14,116,-30,85,-32,102,-45,91,-41,108,-50,98,-50,83,-53,99,-54,87,-44,92,-50,94,-45,88,-53,90,-34,103,-51,64,-59,78,-71,89,-55,111,-71,88,-45,84,-60,94,-52,83,-51,84,-47,83,-55,80,-48,72,-41,83,-41,67,-45,79,-53,75,-31,90,-31,64,-23,72,-31,67,-14,62,-23,58,-13,65,-17,59,-10,57,-8,0,0,0,0,0,0,0,0,0,0]"""
1782318873378,2026-06-25T01:34:33.348,warning,bed_exit,yja,bed_exit_failed,t057,"CSI_DATA,809886,1a:00:00:00:00:00,-64,11,-99,15,49,11,-353953444,47,2,256,0,""[0,0,0,0,0,0,0,0,0,0,0,0,43,10,-53,16,2,-29,17,86,52,-72,-9,27,-59,16,84,19,70,-47,111,38,25,21,24,-36,42,-37,51,14,-9,30,28,10,59,2,8,8,47,18,65,23,56,0,30,12,65,27,53,18,52,10,54,17,43,24,36,21,53,37,49,33,42,48,45,37,57,34,57,47,54,34,50,44,55,43,59,50,61,40,69,41,57,37,57,66,51,64,67,43,52,43,82,65,60,64,71,48,59,73,71,57,70,55,64,65,61,71,74,86,69,73,66,69,83,85,0,0,0,0,0,0,83,-66,103,-75,88,-68,117,-52,107,-68,95,-46,120,-70,95,-49,121,-48,102,-41,98,-36,110,-59,108,-27,105,-66,103,-55,85,-50,94,-56,90,-48,84,-41,126,-47,94,-33,104,-36,83,-38,90,-36,102,-54,93,-28,109,-52,94,-51,95,-51,101,-54,104,-42,83,-38,122,-25,100,-17,107,-22,91,-19,118,-25,110,-11,103,-23,100,0,112,-10,98,0,101,0,101,0,88,2,93,27,78,28,81,16,63,26,82,34,66,34,70,29,60,35,62,37,54,37,44,32,45,37,0,0,0,0,0,0,0,0,0,0]"""
1782318873389,2026-06-25T01:34:33.359,warning,bed_exit,yja,bed_exit_failed,t057,"CSI_DATA,809887,1a:00:00:00:00:00,-64,11,-99,17,49,11,-353940664,47,2,256,0,""[0,0,0,0,0,0,0,0,0,0,0,0,-10,0,-14,-3,-23,-11,-18,-8,-21,-10,-11,-8,-16,-9,-27,-13,-16,-14,-26,-24,-21,-19,-18,-16,-20,-21,-23,-25,-23,-25,-32,-35,-27,-21,-30,-36,-27,-39,-16,-31,-29,-44,-33,-40,-31,-37,-26,-45,-24,-48,-30,-42,-28,-50,-28,-31,-37,-59,-36,-51,-39,-43,-25,-45,-45,-45,-40,-49,-53,-41,-49,-45,-49,-49,-39,-44,-51,-53,-63,-53,-63,-35,-65,-57,-47,-47,-70,-42,-46,-37,-79,-31,-67,-46,-84,-26,-92,-48,-86,-46,-70,-54,-78,-60,-87,-38,-102,-45,-91,-55,-85,-50,-107,-39,0,0,0,0,0,0,-48,104,-51,116,-35,93,-29,109,-46,127,-39,91,-51,124,-29,107,-34,127,-30,101,-19,96,-23,118,-26,111,-17,125,-26,102,-27,95,-25,106,-24,117,-3,101,-13,126,-6,100,0,108,0,93,5,97,14,120,7,105,17,115,3,107,6,106,9,106,10,110,25,97,11,124,12,101,23,104,7,86,28,109,13,105,33,105,20,107,8,106,0,93,-7,105,3,103,10,95,2,95,-5,76,11,85,0,59,8,84,-3,70,7,73,-6,74,-1,70,-11,60,-18,55,-13,51,0,0,0,0,0,0,0,0,0,0]"""
1782318873400,2026-06-25T01:34:33.370,warning,bed_exit,yja,bed_exit_failed,t057,"CSI_DATA,809888,1a:00:00:00:00:00,-64,11,-99,17,49,11,-353931632,47,2,256,0,""[0,0,0,0,0,0,0,0,0,0,0,0,3,-12,0,-20,0,-11,-2,-21,-2,-19,0,-21,10,-27,11,-16,5,-26,7,-26,8,-33,10,-29,5,-35,7,-37,5,-45,5,-26,10,-45,8,-40,8,-49,29,-54,22,-44,8,-43,22,-42,13,-59,8,-56,11,-50,11,-47,16,-52,4,-49,1,-58,8,-60,9,-72,11,-64,2,-65,4,-68,5,-58,2,-58,-13,-64,-11,-61,-14,-60,-8,-72,-19,-62,-28,-74,-36,-79,-33,-101,-15,-75,-28,-77,-23,-93,-33,-74,-53,-80,-70,-86,-51,-62,-57,-75,-57,-94,-83,-83,-75,-99,-71,-97,0,0,0,0,0,0,-84,77,-72,77,-93,103,-89,79,-61,62,-81,92,-59,93,-71,109,-60,90,-89,104,-74,94,-65,78,-54,85,-56,91,-43,114,-32,102,-29,103,-25,96,-37,106,-18,95,-17,107,-11,105,-17,127,-26,120,-8,105,-11,104,-3,93,14,116,17,98,11,95,5,86,3,110,26,90,32,102,25,106,26,127,2,106,18,107,6,110,10,92,19,94,44,104,35,94,26,78,14,82,30,80,31,85,13,83,14,95,1,71,9,76,0,68,0,69,2,58,8,72,8,60,8,56,0,0,0,0,0,0,0,0,0,0]"""
1782318873411,2026-06-25T01:34:33.381,warning,bed_exit,yja,bed_exit_failed,t057,"CSI_DATA,809889,1a:00:00:00:00:00,-64,11,-99,18,49,11,-353920580,47,2,256,0,""[0,0,0,0,0,0,0,0,0,0,0,0,14,-4,15,0,20,0,21,0,21,3,27,0,29,-3,23,0,28,0,30,-3,32,11,31,8,35,9,34,15,34,18,43,8,37,16,42,29,41,13,34,20,32,32,50,18,46,30,40,31,40,31,49,31,49,44,43,41,47,38,44,32,50,48,42,35,50,35,52,29,55,31,62,33,56,40,51,45,56,41,59,47,59,44,70,43,59,45,62,49,71,33,76,37,83,38,81,34,86,36,83,40,79,58,88,48,90,57,99,54,90,62,95,52,90,59,0,0,0,0,0,0,75,-93,84,-97,73,-77,83,-94,85,-103,89,-83,80,-89,71,-80,82,-82,69,-89,65,-91,68,-90,63,-117,66,-99,80,-80,67,-87,62,-88,68,-87,67,-77,59,-91,54,-82,73,-87,46,-86,48,-96,56,-88,47,-107,54,-94,65,-85,58,-89,51,-95,62,-89,62,-88,59,-97,58,-84,72,-83,54,-87,56,-89,51,-96,54,-88,54,-92,64,-81,75,-65,64,-72,75,-63,74,-56,65,-60,69,-47,68,-40,61,-42,61,-37,62,-47,58,-40,61,-37,57,-26,66,-16,64,-17,58,-9,0,0,0,0,0,0,0,0,0,0]"""
1782318873422,2026-06-25T01:34:33.392,warning,bed_exit,yja,bed_exit_failed,t057,"CSI_DATA,809891,1a:00:00:00:00:00,-64,11,-99,16,49,11,-353894822,47,2,256,0,""[0,0,0,0,0,0,0,0,0,0,0,0,-11,13,-14,12,-9,7,-19,7,-26,7,-25,11,-28,9,-22,3,-24,8,-32,0,-31,4,-35,2,-36,-3,-44,-10,-48,-5,-35,0,-42,4,-45,3,-53,-2,-53,-19,-52,-23,-55,-6,-42,-8,-54,-19,-59,-17,-51,-11,-52,-12,-53,-17,-56,-9,-62,-6,-54,-13,-63,-13,-62,-17,-63,-11,-68,-17,-68,-11,-55,-10,-63,-4,-68,-13,-63,-8,-70,-18,-70,12,-72,13,-88,-9,-101,4,-74,-10,-78,13,-88,-7,-91,7,-104,-4,-106,14,-101,18,-102,14,-98,10,-109,15,-122,10,-126,15,0,0,0,0,0,0,6,127,0,116,10,127,4,122,6,110,5,127,13,114,8,127,3,113,10,119,15,120,-2,111,25,117,0,113,13,106,20,114,20,109,14,107,19,115,33,93,32,97,28,101,34,107,28,111,20,89,40,111,28,96,34,101,37,109,33,92,28,93,27,115,46,82,48,99,36,108,47,116,25,100,36,102,20,106,29,105,27,100,34,98,24,95,19,78,8,95,31,76,23,86,4,90,3,92,0,67,2,78,-10,74,-2,72,-13,64,-5,64,-9,62,-15,54,0,0,0,0,0,0,0,0,0,0]"""
1782318873433,2026-06-25T01:34:33.403,warning,bed_exit,yja,bed_exit_failed,t057,"CSI_DATA,809892,1a:00:00:00:00:00,-64,11,-99,16,49,11,-353887632,47,2,256,0,""[0,0,0,0,0,0,0,0,0,0,0,0,8,-14,12,-16,16,-14,14,-14,21,-15,19,-12,10,-16,15,-21,21,-19,23,-14,28,-9,33,-14,31,-13,39,-13,42,-21,43,-17,39,-18,46,-10,46,-11,39,-25,44,-26,53,-20,48,-17,48,-4,59,-9,52,-16,57,-8,55,-16,65,-12,64,-17,56,-16,52,-15,49,-28,58,-32,60,-33,62,-37,65,-28,55,-14,75,-30,75,-32,76,-37,66,-30,66,-37,72,-43,53,-29,56,-51,58,-61,54,-68,83,-77,81,-73,80,-42,94,-59,86,-65,69,-64,97,-62,81,-81,82,-83,0,0,0,0,0,0,-93,-93,-92,-103,-66,-80,-78,-79,-87,-94,-65,-90,-83,-96,-83,-90,-77,-91,-65,-71,-75,-52,-94,-63,-102,-69,-94,-74,-63,-76,-86,-69,-78,-70,-85,-87,-97,-69,-94,-65,-88,-55,-90,-57,-76,-49,-96,-31,-104,-32,-120,-33,-105,-40,-85,-54,-101,-54,-94,-45,-101,-56,-108,-40,-104,-48,-100,-42,-102,-46,-81,-37,-94,-19,-95,-22,-106,-25,-109,-35,-99,-42,-73,-50,-82,-54,-85,-64,-88,-53,-72,-50,-69,-48,-73,-46,-55,-37,-64,-32,-67,-31,-70,-26,-64,-39,-61,-42,-24,-46,-34,-50,-36,-42,0,0,0,0,0,0,0,0,0,0]"""
1782318873444,2026-06-25T01:34:33.414,warning,bed_exit,yja,bed_exit_failed,t057,"CSI_DATA,809894,1a:00:00:00:00:00,-64,11,-99,17,49,11,-353865610,47,2,256,0,""[0,0,0,0,0,0,0,0,0,0,0,0,15,-4,17,-8,22,-2,17,-6,25,-4,19,-6,19,-10,33,-18,28,-7,30,-10,34,-7,27,-18,35,-8,40,-3,34,3,51,-7,36,-11,59,0,44,-9,40,3,55,-6,51,-10,58,-21,50,0,59,-7,55,-19,62,-18,55,-1,53,-12,58,-5,72,-22,43,-26,47,-28,47,-38,51,-30,74,-34,48,-32,54,-43,62,-63,55,-51,78,-47,54,-48,58,-46,63,-64,19,-72,43,-83,52,-94,23,-88,39,-72,23,-102,45,-83,56,-93,31,-99,34,-101,56,-78,33,-97,34,-106,0,0,0,0,0,0,-112,-48,-125,-42,-94,-32,-111,-33,-128,-34,-108,-41,-123,-33,-97,-22,-124,-36,-98,-6,-98,-2,-117,7,-120,5,-122,18,-105,0,-100,22,-110,28,-118,23,-108,24,-117,29,-97,32,-118,29,-73,35,-79,49,-92,56,-98,68,-98,71,-96,43,-83,69,-87,80,-93,76,-78,70,-103,72,-87,55,-90,62,-61,60,-70,76,-70,86,-53,93,-70,89,-65,82,-74,60,-62,78,-77,69,-68,61,-70,62,-62,45,-72,56,-34,47,-49,57,-46,56,-39,62,-49,54,-47,54,-46,39,-45,38,-51,36,0,0,0,0,0,0,0,0,0,0]"""
1782318873455,2026-06-25T01:34:33.425,warning,bed_exit,yja,bed_exit_failed,t057,"CSI_DATA,809895,1a:00:00:00:00:00,-64,11,-99,18,48,11,-353854632,47,2,256,0,""[0,0,0,0,0,0,0,0,0,0,0,0,6,77,-61,48,-16,-22,2,101,38,-41,8,87,-65,98,59,0,-13,-39,72,-36,39,55,-17,51,-16,45,22,15,61,45,10,55,-29,47,41,43,-9,53,-19,58,7,64,-6,61,-13,47,-7,52,0,64,6,57,-3,54,0,66,-2,54,3,68,10,53,8,81,6,67,2,65,10,75,5,62,13,46,26,68,27,64,21,61,26,81,35,48,46,74,42,65,54,94,40,77,52,68,53,83,47,68,65,72,83,81,73,61,81,75,72,74,95,83,105,86,78,85,0,0,0,0,0,0,85,-93,62,-74,84,-125,60,-92,48,-69,68,-117,53,-90,79,-118,40,-94,74,-124,64,-114,48,-91,47,-87,46,-84,31,-114,26,-110,25,-103,22,-100,21,-120,10,-83,13,-120,-2,-87,10,-128,3,-121,0,-108,2,-103,0,-80,-18,-117,-18,-112,-22,-99,-18,-94,-21,-121,-18,-87,-36,-119,-28,-92,-35,-128,-16,-111,-21,-107,-19,-110,-20,-84,-19,-83,-47,-103,-30,-98,-26,-74,-19,-98,-22,-75,-32,-90,-16,-69,-17,-112,-14,-77,-16,-72,0,-67,-7,-66,-2,-56,-17,-74,-3,-56,-5,-61,0,0,0,0,0,0,0,0,0,0]"""
1782318873466,2026-06-25T01:34:33.436,warning,bed_exit,yja,bed_exit_failed,t057,"CSI_DATA,809896,1a:00:00:00:00:00,-64,11,-99,15,49,11,-353843632,47,2,256,0,""[0,0,0,0,0,0,0,0,0,0,0,0,4,15,0,21,-3,14,-6,22,0,22,-6,27,-15,30,-9,22,-9,24,-16,17,-15,33,-15,34,-25,35,-21,30,-33,29,-22,30,-28,34,-31,42,-45,41,-59,27,-52,24,-47,23,-48,26,-44,30,-47,35,-48,32,-36,29,-57,26,-40,25,-56,31,-57,35,-68,35,-71,23,-63,24,-65,22,-57,25,-49,41,-56,47,-60,34,-48,32,-65,27,-46,54,-60,53,-80,50,-98,69,-78,28,-73,60,-89,34,-76,43,-89,54,-88,66,-69,66,-82,63,-93,59,-89,71,-95,59,-108,66,0,0,0,0,0,0,48,106,51,100,60,127,48,111,42,85,54,112,48,98,57,124,47,101,52,123,43,121,26,105,36,108,32,108,52,108,55,98,51,99,43,88,42,107,51,83,55,94,57,92,59,112,40,117,33,98,43,104,35,89,64,98,57,100,53,85,45,85,45,107,52,80,52,91,52,98,55,126,17,113,28,107,19,112,15,97,24,99,51,103,24,88,22,71,6,90,22,82,18,89,0,90,0,108,-16,80,-9,79,-24,70,-18,60,-16,63,-18,73,-8,56,-23,51,0,0,0,0,0,0,0,0,0,0]"""
1782318873477,2026-06-25T01:34:33.447,warning,bed_exit,yja,bed_exit_failed,t057,"CSI_DATA,809897,1a:00:00:00:00:00,-64,11,-99,17,49,11,-353831225,47,2,256,0,""[0,0,0,0,0,0,0,0,0,0,0,0,14,-3,16,0,17,-4,23,0,17,-5,29,3,30,1,30,6,23,9,26,0,33,0,35,1,45,0,43,2,42,3,34,14,43,8,40,8,55,12,52,4,45,0,52,11,42,8,66,0,62,5,56,7,54,12,63,20,53,18,71,10,55,-1,69,21,75,11,60,0,55,-3,49,0,71,4,69,-17,66,-2,57,-17,78,-42,73,-21,82,-27,75,-6,118,-27,87,-34,72,-23,89,-40,66,-38,91,-34,98,-80,81,-43,99,-47,115,-52,81,-71,95,-72,123,-63,0,0,0,0,0,0,-72,-99,-70,-85,-93,-106,-66,-107,-69,-76,-84,-104,-84,-85,-96,-97,-81,-71,-96,-103,-87,-97,-87,-73,-72,-78,-84,-59,-106,-56,-99,-44,-104,-38,-97,-34,-98,-46,-85,-51,-108,-48,-92,-33,-121,-41,-111,-46,-104,-30,-91,-39,-92,-18,-115,-2,-104,-1,-108,-3,-104,-5,-114,-10,-94,-4,-118,-9,-102,-4,-128,-7,-115,-19,-108,-6,-107,-18,-90,-20,-91,-2,-111,6,-99,2,-90,8,-97,-1,-82,-6,-95,-4,-77,-3,-99,-13,-78,-21,-70,-15,-64,-17,-62,-17,-62,-14,-65,-10,-57,-3,-53,-10,0,0,0,0,0,0,0,0,0,0]"""
1782318873488,2026-06-25T01:34:33.458,warning,bed_exit,yja,bed_exit_failed,t057,"CSI_DATA,809898,1a:00:00:00:00:00,-64,11,-99,18,49,11,-353821632,47,2,256,0,""[0,0,0,0,0,0,0,0,0,0,0,0,9,14,10,20,9,13,8,27,0,20,1,32,0,33,-7,26,0,36,-1,24,-8,33,-14,36,-7,29,-14,31,-22,40,-12,31,-24,47,-30,41,-30,47,-26,30,-31,27,-32,46,-30,35,-41,36,-47,38,-44,41,-45,34,-58,43,-31,32,-53,40,-48,32,-60,42,-61,32,-50,39,-55,37,-59,42,-51,39,-52,45,-53,41,-54,35,-74,34,-50,50,-66,64,-66,33,-81,69,-65,41,-68,60,-87,48,-71,55,-84,48,-88,58,-87,65,-104,65,-90,48,-96,55,-113,62,-101,43,0,0,0,0,0,0,48,127,30,94,48,127,33,121,35,88,30,127,26,90,34,127,13,105,29,127,29,119,11,108,30,119,11,99,20,112,26,118,18,108,13,108,15,127,29,82,35,117,15,98,30,123,25,105,15,95,26,106,13,88,10,109,14,114,22,103,8,98,1,127,27,86,14,119,-2,99,8,127,-7,102,1,105,-15,104,-3,104,-9,91,-15,105,-10,97,-21,86,-43,95,-15,79,-29,95,-36,68,-48,91,-37,60,-36,66,-50,57,-41,61,-38,49,-49,44,-44,44,-45,35,0,0,0,0,0,0,0,0,0,0]"""
1782318873499,2026-06-25T01:34:33.469,warning,bed_exit,yja,bed_exit_failed,t057,"CSI_DATA,809899,1a:00:00:00:00:00,-64,11,-99,18,49,11,-353810632,47,2,256,0,""[0,0,0,0,0,0,0,0,0,0,0,0,1,-10,9,-19,10,-18,10,-19,9,-19,23,-19,22,-17,24,-21,25,-15,23,-20,33,-20,37,-11,35,-10,32,-11,38,-13,45,-1,50,-5,52,-8,54,-9,48,5,62,4,44,2,57,0,52,2,50,11,55,11,57,12,58,10,61,17,58,16,57,23,66,23,62,21,64,27,67,23,67,27,63,26,75,28,64,26,72,27,69,27,71,36,74,37,67,20,86,44,99,40,79,39,87,36,78,42,85,37,91,42,77,55,99,51,99,64,91,67,92,63,96,60,0,0,0,0,0,0,67,-90,72,-95,87,-100,87,-89,80,-77,87,-95,89,-79,92,-88,82,-74,111,-74,95,-81,95,-85,90,-58,89,-70,92,-79,86,-67,89,-66,87,-67,82,-66,98,-59,91,-70,85,-59,99,-59,88,-62,87,-70,87,-52,90,-59,90,-65,92,-56,94,-55,89,-53,87,-57,99,-44,100,-44,93,-50,113,-40,105,-44,101,-38,101,-30,99,-18,98,-20,107,-17,98,-5,92,-2,91,-9,88,6,96,8,80,4,87,16,81,14,68,23,71,22,60,30,61,25,64,31,48,31,46,32,0,0,0,0,0,0,0,0,0,0]"""
1782318873510,2026-06-25T01:34:33.480,warning,bed_exit,yja,bed_exit_failed,t057,"CSI_DATA,809900,1a:00:00:00:00:00,-64,11,-99,16,49,11,-353796373,47,2,256,0,""[0,0,0,0,0,0,0,0,0,0,0,0,18,-7,14,-3,23,0,21,0,28,2,26,0,21,3,38,0,31,4,37,3,32,4,34,0,30,6,40,19,40,16,53,16,39,6,50,28,38,22,29,16,47,22,52,18,60,14,43,19,54,14,52,17,65,26,57,15,68,32,57,28,63,25,50,16,65,9,69,11,74,0,74,6,78,4,65,11,77,12,93,13,87,0,92,13,87,8,81,-3,62,-5,79,-32,75,-21,86,-48,106,-27,100,-30,93,0,110,-13,100,-28,100,-33,116,-9,105,-30,109,-37,0,0,0,0,0,0,-36,-128,-49,-128,-33,-89,-47,-106,-57,-128,-29,-95,-42,-126,-47,-103,-38,-128,-50,-87,-50,-77,-82,-92,-77,-97,-85,-98,-53,-85,-71,-81,-71,-81,-67,-100,-79,-80,-72,-93,-67,-76,-78,-79,-63,-55,-72,-59,-106,-61,-99,-55,-110,-62,-79,-68,-91,-64,-102,-51,-105,-64,-98,-44,-105,-83,-87,-72,-90,-56,-65,-37,-103,-30,-89,-38,-109,-18,-105,-53,-99,-45,-71,-56,-86,-57,-88,-67,-90,-50,-72,-63,-58,-58,-72,-46,-48,-31,-68,-38,-58,-29,-74,-28,-62,-45,-61,-39,-32,-37,-45,-43,-38,-43,0,0,0,0,0,0,0,0,0,0]"""
1782318873521,2026-06-25T01:34:33.491,warning,bed_exit,yja,bed_exit_failed,t057,"CSI_DATA,809901,1a:00:00:00:00:00,-64,11,-99,17,49,11,-353788632,47,2,256,0,""[0,0,0,0,0,0,0,0,0,0,0,0,-4,-12,-13,-15,-12,-10,-14,-14,-22,-14,-20,-30,-13,-27,-8,-21,-15,-28,-9,-25,-4,-31,-1,-39,-11,-38,-4,-39,-10,-50,-1,-34,-7,-52,-1,-42,-6,-59,2,-52,5,-35,-6,-59,14,-42,5,-60,4,-58,12,-59,11,-54,14,-73,-6,-49,3,-62,6,-61,1,-79,12,-61,-4,-61,2,-69,7,-65,4,-55,5,-78,0,-64,3,-63,8,-73,-8,-64,-16,-84,0,-83,-6,-120,5,-78,-5,-102,12,-90,-7,-84,-6,-99,-19,-113,-14,-98,-12,-116,-2,-117,-14,-106,-18,-128,-17,-116,0,0,0,0,0,0,-128,15,-102,9,-128,8,-122,-9,-87,-8,-128,0,-93,9,-128,10,-96,10,-128,-4,-128,-3,-107,-14,-113,1,-96,-4,-116,1,-117,1,-109,5,-100,6,-128,4,-84,19,-114,24,-100,13,-128,21,-120,15,-100,17,-106,21,-92,12,-109,27,-113,19,-105,14,-92,1,-125,7,-80,34,-114,35,-102,21,-128,24,-110,0,-110,16,-114,1,-100,2,-93,3,-111,11,-99,0,-81,3,-96,-11,-76,18,-96,8,-81,-10,-103,-19,-62,-21,-70,-19,-68,-33,-61,-14,-60,-26,-62,-33,-48,-25,-53,-32,0,0,0,0,0,0,0,0,0,0]"""
1782318873532,2026-06-25T01:34:33.502,warning,bed_exit,yja,bed_exit_failed,t057,"CSI_DATA,809902,1a:00:00:00:00:00,-63,11,-99,16,49,11,-353777632,47,2,256,0,""[0,0,0,0,0,0,0,0,0,0,0,0,13,6,22,13,14,4,23,14,20,16,21,26,15,28,16,20,16,21,18,26,15,31,18,30,18,40,19,35,21,44,9,31,19,49,13,35,16,63,16,60,20,45,5,54,-2,44,9,66,6,64,0,57,-2,57,-4,70,6,47,5,70,0,52,6,93,-10,69,3,64,-5,69,-4,66,0,57,10,75,8,68,13,64,2,81,11,60,22,87,15,78,9,113,-2,88,19,88,-10,98,9,86,14,89,31,119,19,94,16,112,-4,102,25,113,19,127,10,112,0,0,0,0,0,0,125,-7,95,-12,127,-8,118,2,91,4,127,0,100,-5,127,-5,98,-10,127,11,127,10,104,10,108,8,95,9,117,0,116,-4,120,-7,100,-7,119,-3,81,-6,121,-11,95,-9,127,-16,123,-4,100,-5,107,-8,85,-4,110,-17,105,-14,103,-13,102,-7,118,-5,85,-21,118,-18,94,-8,127,-6,113,10,110,4,113,17,91,15,82,13,110,0,99,11,87,8,93,21,72,5,102,17,74,17,104,42,69,33,70,36,58,50,59,26,52,35,62,38,46,30,52,38,0,0,0,0,0,0,0,0,0,0]"""
1782318873543,2026-06-25T01:34:33.513,warning,bed_exit,yja,bed_exit_failed,t057,"CSI_DATA,809903,1a:00:00:00:00:00,-64,11,-99,19,48,11,-353765505,47,2,256,0,""[0,0,0,0,0,0,0,0,0,0,0,0,17,0,25,-3,18,0,21,0,23,-3,35,0,31,2,24,10,36,10,21,5,45,8,37,12,42,5,41,12,46,8,38,11,47,12,46,10,51,15,61,14,49,16,45,14,48,23,57,21,49,18,54,26,57,22,67,18,54,9,64,9,62,9,74,18,70,16,66,13,63,15,72,15,70,6,81,-2,76,0,66,0,80,-4,80,-14,87,-26,78,-14,114,-24,95,-22,93,-29,102,-14,85,-26,87,-27,107,-46,90,-47,102,-49,100,-41,99,-55,106,-56,107,-53,0,0,0,0,0,0,-67,-105,-64,-88,-81,-120,-80,-102,-62,-79,-81,-104,-66,-84,-82,-98,-75,-76,-88,-112,-87,-100,-76,-86,-79,-82,-65,-74,-98,-79,-89,-75,-86,-67,-85,-59,-92,-64,-86,-48,-106,-48,-92,-40,-116,-50,-109,-49,-102,-34,-95,-43,-97,-37,-108,-21,-107,-24,-97,-28,-106,-26,-110,-21,-98,-13,-112,-2,-108,-5,-128,-21,-112,-22,-111,-17,-110,-30,-97,-17,-93,-12,-109,-6,-97,-12,-83,-11,-94,-10,-81,-4,-102,-9,-83,-10,-102,-31,-78,-19,-75,-18,-67,-32,-64,-14,-55,-17,-72,-17,-63,-22,-55,-18,0,0,0,0,0,0,0,0,0,0]"""
1782318873554,2026-06-25T01:34:33.524,warning,bed_exit,yja,bed_exit_failed,t057,"CSI_DATA,809904,1a:00:00:00:00:00,-64,11,-99,14,49,11,-353755632,47,2,256,0,""[0,0,0,0,0,0,0,0,0,0,0,0,-14,18,-6,13,88,53,-5,4,-42,7,-103,112,-31,9,-20,0,-113,20,-82,39,-40,27,-15,16,-43,19,-26,6,-5,-16,-17,-52,-35,-18,-41,-23,-9,-30,-44,-17,-56,-16,-53,-12,-58,-8,-56,-14,-47,-17,-56,-21,-41,-18,-39,-7,-73,-33,-61,-26,-52,-18,-54,-32,-75,-33,-61,-12,-71,-15,-73,-12,-60,-12,-79,-27,-101,-2,-94,-26,-62,4,-96,-17,-79,-18,-68,-14,-65,-22,-114,-5,-103,5,-95,-3,-105,-15,-118,15,-101,4,-105,-5,-98,-4,-123,4,-110,8,-113,22,-110,12,0,0,0,0,0,0,4,113,17,127,15,111,14,121,23,127,14,108,15,127,12,118,16,127,31,113,23,111,39,120,23,114,53,119,45,103,49,98,56,99,52,104,46,90,49,116,34,97,53,100,52,87,58,97,65,99,56,92,73,88,73,85,78,82,81,74,78,83,62,65,71,113,57,96,66,81,56,72,80,90,61,88,74,81,61,84,60,82,59,80,68,84,65,81,49,72,46,86,34,75,44,74,34,52,47,78,35,68,45,58,26,68,39,60,28,58,18,48,18,49,0,0,0,0,0,0,0,0,0,0]"""
1782318873565,2026-06-25T01:34:33.535,warning,bed_exit,yja,bed_exit_failed,t057,"CSI_DATA,809905,1a:00:00:00:00:00,-64,11,-99,15,48,11,-353742714,47,2,256,0,""[0,0,0,0,0,0,0,0,0,0,0,0,22,7,23,-4,25,-2,18,-4,27,-8,23,0,23,6,18,8,35,7,36,15,34,20,34,20,39,20,42,23,46,20,34,38,35,32,31,27,22,31,43,21,50,39,38,40,39,52,30,47,42,50,36,48,31,53,30,41,42,71,35,55,24,54,22,50,49,50,34,59,49,49,46,57,38,67,21,62,39,79,57,81,52,66,36,77,31,73,62,62,32,48,71,79,41,70,79,66,68,91,63,87,42,77,41,93,41,93,70,103,59,106,61,96,68,109,0,0,0,0,0,0,99,-55,127,-69,92,-47,113,-56,127,-62,99,-40,127,-63,102,-54,126,-49,100,-32,89,-45,117,-56,99,-47,116,-63,100,-42,98,-32,99,-43,108,-39,89,-42,123,-46,93,-43,106,-48,81,-38,84,-41,105,-64,98,-48,106,-62,96,-39,99,-34,103,-40,108,-41,85,-46,125,-43,93,-35,94,-43,86,-20,100,-46,92,-38,100,-48,105,-28,109,-24,92,-10,107,-4,107,-10,96,-18,101,2,89,7,87,-4,55,11,82,3,74,14,75,2,74,13,75,23,55,28,53,32,53,30,0,0,0,0,0,0,0,0,0,0]"""
1782318873576,2026-06-25T01:34:33.546,warning,bed_exit,yja,bed_exit_failed,t057,"CSI_DATA,809906,1a:00:00:00:00:00,-64,11,-99,17,49,11,-353728470,47,2,256,0,""[0,0,0,0,0,0,0,0,0,0,0,0,-15,-15,-12,-11,-8,-20,-12,-16,-4,-27,-7,-21,-15,-20,-13,-25,-19,-30,-4,-34,-5,-34,-9,-34,-4,-42,0,-44,3,-45,0,-53,0,-44,9,-57,2,-43,0,-56,5,-56,6,-55,5,-60,22,-48,18,-53,13,-58,15,-58,19,-55,15,-62,24,-55,23,-63,18,-47,15,-60,11,-66,6,-69,0,-82,11,-76,16,-68,14,-79,14,-84,13,-75,14,-79,9,-74,22,-88,-1,-67,-8,-87,-7,-96,-17,-93,-4,-104,-7,-106,15,-95,0,-105,5,-108,-5,-117,20,-110,0,-100,0,-120,0,0,0,0,0,0,-123,-17,-128,-17,-101,-7,-120,-15,-128,-6,-114,-22,-128,-26,-110,-13,-128,-35,-106,0,-106,6,-111,2,-126,10,-116,4,-109,-17,-114,4,-116,5,-120,-4,-107,-7,-120,15,-100,5,-116,-5,-93,16,-99,28,-114,23,-112,39,-117,31,-107,5,-104,21,-107,28,-115,18,-100,15,-120,14,-104,7,-114,4,-89,20,-104,27,-104,27,-102,33,-114,26,-103,15,-99,-4,-101,9,-107,-9,-97,-8,-91,-12,-80,-16,-85,-20,-64,-6,-79,-3,-77,-9,-73,0,-74,-14,-69,-18,-59,-25,-55,-24,-54,-28,0,0,0,0,0,0,0,0,0,0]"""
1782318873587,2026-06-25T01:34:33.557,warning,bed_exit,yja,bed_exit_failed,t057,"CSI_DATA,809907,1a:00:00:00:00:00,-64,11,-99,15,49,11,-353722103,47,2,256,0,""[0,0,0,0,0,0,0,0,0,0,0,0,9,-17,11,-17,11,-13,14,-21,10,-19,16,-22,22,-26,16,-13,22,-27,21,-23,25,-25,35,-27,27,-32,30,-35,34,-34,28,-29,34,-35,32,-32,45,-41,33,-44,28,-27,45,-50,51,-33,40,-36,47,-44,49,-42,40,-45,40,-52,19,-52,31,-64,44,-47,32,-82,42,-51,30,-60,64,-52,30,-73,30,-61,22,-43,23,-74,13,-72,3,-80,0,-69,10,-87,12,-80,2,-125,25,-78,-13,-99,-7,-83,-9,-90,-13,-101,-24,-126,-18,-107,-23,-109,-5,-103,-41,-110,-33,-120,-30,-109,0,0,0,0,0,0,-113,56,-114,41,-126,52,-120,46,-101,36,-118,61,-92,57,-110,71,-93,62,-116,66,-103,71,-97,59,-98,78,-90,66,-86,81,-83,80,-73,86,-73,82,-83,93,-46,86,-56,100,-57,97,-57,100,-49,101,-42,95,-38,114,-41,90,-24,104,-29,108,-27,102,-32,93,-34,119,4,99,4,117,-10,113,-12,127,-15,102,0,112,-22,107,-8,104,-11,98,2,98,4,104,0,87,-8,98,5,83,9,94,-9,88,-8,99,-4,68,-10,83,-14,66,0,70,-9,63,-13,62,-11,62,-11,55,0,0,0,0,0,0,0,0,0,0]"""
1782318873598,2026-06-25T01:34:33.568,warning,bed_exit,yja,bed_exit_failed,t057,"CSI_DATA,809908,1a:00:00:00:00:00,-64,11,-99,15,49,11,-353710491,47,2,256,0,""[0,0,0,0,0,0,0,0,0,0,0,0,18,11,16,6,15,18,8,16,14,21,9,19,12,21,8,25,13,29,9,41,7,35,0,34,0,45,0,48,-3,40,-6,53,-2,46,-12,49,-19,40,-7,41,-14,46,-31,53,-24,61,-32,48,-38,46,-30,49,-32,50,-24,43,-63,57,-44,48,-33,52,-44,27,-44,51,-53,43,-48,46,-47,51,-55,48,-52,41,-67,40,-65,50,-56,59,-76,49,-64,45,-65,60,-51,40,-68,72,-79,43,-65,66,-86,54,-95,50,-87,40,-94,36,-81,42,-106,64,-102,51,-93,35,-110,53,0,0,0,0,0,0,33,114,42,127,23,101,30,117,30,127,17,99,19,127,12,108,16,127,7,103,13,103,14,127,0,106,8,127,4,107,-2,104,-5,117,0,112,4,90,-9,127,4,97,0,121,-9,90,-4,102,-8,124,-8,107,-12,116,-9,105,-30,106,-26,106,-23,118,-9,95,-45,125,-29,93,-26,111,-34,82,-31,106,-51,94,-37,100,-46,95,-56,101,-64,79,-75,75,-73,82,-53,69,-73,71,-59,54,-65,63,-53,36,-65,52,-65,34,-63,38,-67,29,-68,18,-61,7,-59,5,-55,2,0,0,0,0,0,0,0,0,0,0]"""
1782318873609,2026-06-25T01:34:33.579,warning,bed_exit,yja,bed_exit_failed,t057,"CSI_DATA,809909,1a:00:00:00:00:00,-64,11,-99,16,49,11,-353699593,47,2,256,0,""[0,0,0,0,0,0,0,0,0,0,0,0,18,5,21,0,22,5,25,9,22,7,28,9,30,13,23,11,35,14,20,20,31,14,36,17,33,28,33,29,38,33,39,19,49,23,44,23,40,34,54,40,40,28,50,46,35,37,43,35,43,43,47,33,49,35,54,38,50,25,62,31,57,31,65,36,58,29,60,30,58,34,71,20,64,20,67,16,65,28,74,27,72,25,69,-6,82,-6,94,8,94,2,75,7,93,-8,99,9,99,-7,104,-2,103,-18,104,-23,106,-25,103,-23,107,-38,120,-25,117,-26,0,0,0,0,0,0,-35,-122,-27,-121,-42,-125,-48,-114,-42,-98,-49,-116,-48,-101,-57,-117,-57,-98,-58,-106,-60,-98,-53,-96,-70,-94,-48,-104,-61,-86,-68,-86,-71,-86,-73,-81,-77,-94,-81,-52,-92,-57,-90,-74,-93,-74,-87,-62,-80,-64,-101,-59,-87,-58,-88,-49,-99,-53,-85,-45,-89,-46,-105,-51,-93,-19,-110,-22,-107,-35,-120,-40,-86,-45,-103,-31,-102,-52,-99,-27,-96,-37,-102,-21,-96,-29,-81,-23,-90,-35,-90,-12,-93,-12,-81,-32,-89,-32,-65,-22,-80,-31,-60,-33,-74,-28,-59,-33,-62,-31,-55,-28,-54,-31,0,0,0,0,0,0,0,0,0,0]"""
1782318873620,2026-06-25T01:34:33.590,warning,bed_exit,yja,bed_exit_failed,t057,"CSI_DATA,809910,1a:00:00:00:00:00,-64,11,-99,17,49,11,-353689450,47,2,256,0,""[0,0,0,0,0,0,0,0,0,0,0,0,17,16,7,15,12,17,12,16,5,19,9,21,17,21,15,28,16,30,22,30,6,35,14,31,11,31,3,38,4,41,15,54,7,40,-3,58,5,40,14,40,4,38,21,62,12,64,-2,51,8,55,12,62,-6,67,1,65,8,62,24,53,8,64,10,50,35,66,39,59,25,72,45,70,48,67,26,67,39,69,3,62,21,63,42,80,32,78,36,78,51,69,21,58,63,64,71,67,71,48,64,65,50,64,65,74,85,99,76,83,63,94,67,53,86,86,0,0,0,0,0,0,87,-82,115,-93,72,-71,89,-83,92,-100,88,-64,97,-89,74,-78,89,-84,62,-85,57,-89,58,-97,52,-109,50,-108,74,-87,54,-97,54,-101,60,-102,47,-92,48,-115,35,-93,56,-97,19,-87,17,-95,17,-102,5,-111,17,-122,34,-102,17,-104,13,-117,23,-118,17,-104,14,-115,16,-101,23,-109,5,-89,-5,-100,0,-95,-17,-106,0,-114,1,-108,26,-92,12,-97,24,-95,23,-93,20,-91,20,-75,23,-83,7,-64,13,-77,5,-74,1,-74,15,-75,12,-68,25,-57,19,-56,30,-55,0,0,0,0,0,0,0,0,0,0]"""
1782318873631,2026-06-25T01:34:33.601,warning,bed_exit,yja,bed_exit_failed,t057,"CSI_DATA,809911,1a:00:00:00:00:00,-64,11,-99,17,49,11,-353678632,47,2,256,0,""[0,0,0,0,0,0,0,0,0,0,0,0,10,-9,20,-6,11,-8,26,-9,24,-9,33,2,30,1,26,8,29,8,23,1,28,8,36,5,32,10,31,10,48,23,31,10,38,21,43,23,50,25,37,45,35,43,37,33,33,43,48,41,45,45,39,47,32,47,34,56,40,33,49,43,39,46,51,64,27,59,33,56,34,65,25,58,39,57,43,56,44,47,38,43,35,68,53,46,60,62,42,78,58,95,27,82,44,79,29,92,45,78,51,89,73,87,61,77,56,94,47,94,71,86,55,112,48,107,0,0,0,0,0,0,122,-39,95,-36,127,-47,120,-24,90,-23,127,-33,94,-37,127,-40,98,-32,127,-23,125,-4,108,1,110,-15,101,-4,115,-25,112,-27,101,-29,98,-22,115,-13,86,-33,114,-33,91,-22,120,-30,115,-11,94,0,100,-20,94,-7,104,-26,105,-23,100,-20,97,-12,119,-4,85,-28,111,-33,110,-9,127,-7,106,26,103,4,106,30,97,13,90,13,107,0,98,5,85,12,84,31,83,4,89,15,81,33,90,48,55,47,58,42,47,58,53,39,49,51,50,38,44,41,36,43,0,0,0,0,0,0,0,0,0,0]"""
1782318873642,2026-06-25T01:34:33.612,warning,bed_exit,yja,bed_exit_failed,t057,"CSI_DATA,809912,1a:00:00:00:00:00,-64,11,-99,18,49,11,-353662465,47,2,256,0,""[0,0,0,0,0,0,0,0,0,0,0,0,13,5,11,5,16,17,13,21,15,22,15,15,18,18,16,23,20,29,16,32,4,31,11,30,11,37,4,42,3,41,0,53,-3,43,-13,42,-2,47,-2,50,-3,43,0,59,-7,59,-31,53,-20,57,-20,51,-32,54,-27,49,-25,60,-28,54,-37,48,-28,55,-23,62,-22,64,-25,61,-30,68,-30,62,-44,48,-43,72,-49,66,-51,61,-49,61,-49,51,-61,63,-35,62,-39,68,-38,75,-39,81,-55,90,-54,85,-70,68,-68,69,-73,68,-70,88,-94,70,-71,88,-84,82,0,0,0,0,0,0,68,115,64,120,54,93,48,107,62,114,29,109,46,120,50,102,26,127,42,92,47,87,41,104,57,101,52,109,14,106,30,94,40,101,19,109,27,104,35,113,32,93,15,106,31,93,39,98,41,104,45,105,32,102,8,103,19,103,26,101,10,109,11,99,10,117,4,106,-1,109,5,95,9,107,15,108,12,102,2,108,-9,101,-31,90,-20,104,-37,96,-40,86,-37,85,-42,70,-49,73,-30,57,-33,66,-33,67,-30,65,-40,61,-41,52,-58,30,-54,33,-55,25,0,0,0,0,0,0,0,0,0,0]"""
1782318873653,2026-06-25T01:34:33.623,warning,bed_exit,yja,bed_exit_failed,t057,"CSI_DATA,809913,1a:00:00:00:00:00,-64,11,-99,19,49,11,-353654362,47,2,256,0,""[0,0,0,0,0,0,0,0,0,0,0,0,-20,1,-23,-2,-18,-10,-16,-12,-15,-10,-18,-13,-24,-10,-28,-15,-20,-18,-26,-23,-26,-18,-26,-27,-28,-30,-16,-34,-15,-31,-23,-38,-29,-43,-18,-36,-19,-53,-15,-42,-15,-47,-6,-45,-14,-56,-14,-58,-3,-57,-15,-56,-9,-58,-14,-49,2,-56,3,-68,-8,-58,2,-70,0,-74,0,-71,-5,-70,-5,-61,-1,-68,-5,-73,7,-72,1,-79,-2,-78,2,-77,-4,-80,-12,-81,0,-91,-7,-94,-6,-89,-15,-91,11,-91,-3,-89,7,-103,0,-93,-2,-107,6,-109,14,-113,14,-118,12,-116,0,0,0,0,0,0,-125,-15,-108,-17,-128,-24,-121,-12,-100,-18,-121,-23,-108,-36,-125,-32,-108,-23,-126,-35,-122,-26,-111,-14,-94,-35,-107,-34,-119,-28,-103,-26,-108,-31,-98,-29,-100,-25,-94,-32,-111,-27,-102,-17,-111,-33,-105,-33,-109,-15,-91,-37,-103,-21,-110,-29,-97,-31,-94,-25,-94,-34,-108,-24,-99,-47,-102,-38,-96,-27,-105,-55,-108,-43,-92,-47,-103,-46,-82,-46,-77,-50,-94,-56,-76,-60,-69,-63,-76,-57,-55,-62,-61,-71,-63,-53,-59,-69,-58,-67,-46,-58,-41,-62,-33,-60,-24,-61,-27,-65,-22,-52,-16,-56,0,0,0,0,0,0,0,0,0,0]"""
1782318873664,2026-06-25T01:34:33.634,warning,bed_exit,yja,bed_exit_failed,t057,"CSI_DATA,809914,1a:00:00:00:00:00,-64,11,-99,18,49,11,-353645632,47,2,256,0,""[0,0,0,0,0,0,0,0,0,0,0,0,-2,14,-10,21,-10,14,-22,17,-15,12,-20,17,-23,17,-24,12,-27,13,-25,12,-30,6,-33,9,-42,1,-44,1,-56,-6,-30,0,-47,-8,-40,-14,-50,-13,-59,-7,-57,-6,-58,-20,-35,-17,-43,-30,-53,-28,-46,-30,-47,-31,-51,-47,-36,-28,-52,-42,-36,-36,-57,-47,-47,-43,-56,-40,-54,-45,-49,-47,-41,-34,-49,-45,-57,-48,-47,-50,-48,-65,-45,-38,-52,-63,-37,-69,-64,-71,-45,-60,-62,-61,-43,-69,-64,-74,-55,-75,-63,-85,-67,-80,-56,-98,-44,-68,-52,-97,-63,-114,-38,-100,0,0,0,0,0,0,-128,29,-100,21,-126,25,-118,5,-93,13,-128,1,-99,4,-128,0,-104,-8,-124,6,-107,0,-96,-5,-115,7,-91,-2,-104,-10,-103,-2,-110,0,-103,-11,-127,-24,-83,0,-117,-9,-89,-27,-118,-11,-105,-8,-95,-15,-114,-7,-85,-12,-100,-30,-106,-18,-103,-19,-95,-30,-115,-46,-83,-23,-103,-40,-82,-52,-112,-44,-84,-48,-96,-42,-88,-56,-87,-59,-65,-53,-71,-65,-79,-54,-62,-64,-63,-86,-53,-45,-56,-72,-34,-66,-46,-80,-22,-63,-33,-63,-18,-62,-20,-71,-10,-63,-5,-60,-11,-59,1,-63,0,0,0,0,0,0,0,0,0,0]"""
1782318873675,2026-06-25T01:34:33.645,warning,bed_exit,yja,bed_exit_failed,t057,"CSI_DATA,809915,1a:00:00:00:00:00,-64,11,-99,18,49,11,-353631010,47,2,256,0,""[0,0,0,0,0,0,0,0,0,0,0,0,-5,-17,-8,-13,-10,-13,-9,-15,-8,-22,-10,-25,-13,-29,-9,-28,0,-30,-4,-29,-8,-34,-1,-33,0,-32,0,-35,-4,-30,0,-52,-1,-50,0,-54,1,-47,7,-59,6,-63,8,-36,4,-64,8,-58,11,-50,6,-58,12,-60,0,-48,9,-64,14,-52,0,-59,14,-60,0,-69,6,-57,-4,-65,-3,-61,0,-79,2,-75,3,-73,-8,-65,-12,-59,-9,-86,-10,-75,-18,-79,-15,-77,-32,-98,-21,-87,-31,-79,-18,-89,-25,-91,-23,-99,-20,-95,-32,-88,-35,-115,-26,-97,-26,-89,-38,-122,0,0,0,0,0,0,-98,37,-109,45,-102,35,-100,61,-112,53,-92,48,-120,53,-91,42,-109,53,-104,49,-107,51,-103,70,-84,42,-101,58,-100,57,-91,50,-92,59,-83,56,-60,55,-97,72,-73,63,-80,82,-72,64,-81,78,-73,80,-70,63,-70,86,-70,81,-70,73,-70,80,-63,84,-50,78,-73,88,-61,74,-64,89,-67,72,-62,97,-70,81,-59,82,-61,62,-75,72,-67,79,-73,59,-63,66,-45,58,-72,65,-60,56,-54,66,-52,50,-64,61,-56,49,-52,50,-50,38,-60,40,-53,41,-45,27,-47,19,0,0,0,0,0,0,0,0,0,0]"""
1782318873686,2026-06-25T01:34:33.656,warning,bed_exit,yja,bed_exit_failed,t057,"CSI_DATA,809916,1a:00:00:00:00:00,-64,11,-99,19,49,11,-353622859,47,2,256,0,""[0,0,0,0,0,0,0,0,0,0,0,0,16,-9,4,-8,18,-13,15,-7,26,-5,14,-9,18,-10,31,-10,21,-14,33,-8,33,-15,37,-2,33,-4,39,0,31,0,51,-10,30,-4,56,-15,36,-4,48,-1,60,-3,47,-3,65,-13,54,0,53,4,58,-3,63,-9,46,-12,73,-4,52,-6,63,-12,48,-2,61,-18,61,-10,58,-24,62,-27,75,-32,66,-23,70,-18,70,-28,57,-30,78,-42,59,-38,72,-45,46,-33,62,-64,74,-58,57,-71,64,-66,76,-69,77,-54,75,-68,55,-68,80,-94,79,-66,67,-63,71,-99,0,0,0,0,0,0,-84,-56,-110,-81,-68,-53,-106,-49,-116,-76,-75,-55,-116,-75,-80,-48,-119,-64,-86,-36,-98,-40,-109,-41,-101,-37,-119,-41,-94,-43,-94,-37,-95,-40,-104,-29,-82,-15,-122,-19,-87,-2,-119,-7,-81,3,-97,1,-105,7,-105,7,-121,10,-100,-2,-110,-3,-108,12,-109,15,-80,22,-128,16,-87,14,-105,32,-77,15,-100,43,-98,17,-98,40,-94,32,-103,22,-93,13,-96,12,-101,15,-77,19,-101,22,-70,7,-84,28,-55,14,-80,26,-73,8,-73,23,-66,10,-77,10,-58,0,-60,0,-49,-5,0,0,0,0,0,0,0,0,0,0]"""
1782318873697,2026-06-25T01:34:33.667,warning,bed_exit,yja,bed_exit_failed,t057,"CSI_DATA,809917,1a:00:00:00:00:00,-64,11,-99,17,49,11,-353612632,47,2,256,0,""[0,0,0,0,0,0,0,0,0,0,0,0,19,-6,13,-3,20,-6,17,0,17,0,22,3,25,4,27,7,27,13,28,10,34,13,26,14,28,14,29,21,32,14,38,32,32,30,38,33,26,31,23,42,36,47,28,38,38,49,28,37,22,44,27,41,33,50,29,38,24,61,26,46,29,55,17,54,34,52,24,57,25,52,29,58,22,71,28,65,25,69,29,74,30,53,31,76,25,67,42,67,26,58,48,85,26,79,45,81,33,79,29,81,34,83,29,93,35,90,34,111,32,95,23,90,43,103,0,0,0,0,0,0,104,-30,118,-28,98,-25,116,-37,127,-27,99,-30,127,-18,91,-16,117,-28,108,-13,105,-22,122,-19,100,-11,108,-18,111,-15,104,-11,100,-6,100,-11,82,-18,117,-17,93,-13,109,-24,92,-10,102,-19,108,-20,92,-7,107,-17,105,-18,94,-6,107,-7,107,-15,92,-17,117,0,96,-3,107,-11,93,5,113,-7,102,4,98,1,94,6,101,15,98,14,92,36,93,22,80,16,90,28,71,27,77,19,63,28,78,36,58,36,59,39,49,37,58,41,45,46,38,43,35,45,0,0,0,0,0,0,0,0,0,0]"""
1782318873708,2026-06-25T01:34:33.678,warning,bed_exit,yja,bed_exit_failed,t057,"CSI_DATA,809918,1a:00:00:00:00:00,-64,11,-99,20,49,11,-353595286,47,2,256,0,""[0,0,0,0,0,0,0,0,0,0,0,0,-6,-11,-10,-20,-5,-12,-10,-18,-14,-20,-6,-24,-7,-18,-1,-13,-5,-24,-1,-24,-2,-33,0,-33,-2,-37,0,-38,0,-47,-6,-29,2,-44,0,-39,0,-53,0,-50,2,-32,0,-57,9,-38,6,-60,7,-61,7,-53,8,-53,10,-61,-4,-49,-1,-64,9,-55,0,-83,4,-61,-3,-62,-2,-64,1,-61,0,-55,-7,-66,-10,-64,-7,-66,-7,-76,-20,-55,-31,-79,-19,-75,-27,-100,-13,-64,-33,-72,-16,-90,-33,-82,-31,-83,-53,-92,-42,-83,-46,-94,-31,-89,-51,-89,-49,-103,-45,-105,0,0,0,0,0,0,-116,54,-91,50,-117,61,-101,53,-77,34,-109,49,-91,51,-108,58,-78,52,-103,60,-98,61,-81,42,-83,62,-78,51,-90,59,-84,62,-72,62,-74,62,-92,78,-53,59,-64,82,-61,64,-85,90,-66,78,-56,71,-64,82,-57,65,-58,81,-60,85,-56,77,-58,65,-72,84,-35,76,-48,94,-58,83,-72,114,-61,72,-48,89,-58,78,-53,74,-51,73,-55,84,-49,79,-43,69,-57,72,-36,64,-53,76,-54,57,-72,72,-44,45,-53,57,-52,42,-48,48,-51,34,-51,44,-48,38,-52,38,0,0,0,0,0,0,0,0,0,0]"""
1782318873719,2026-06-25T01:34:33.689,warning,bed_exit,yja,bed_exit_failed,t057,"CSI_DATA,809919,1a:00:00:00:00:00,-64,11,-99,19,49,11,-353587269,47,2,256,0,""[0,0,0,0,0,0,0,0,0,0,0,0,-13,-13,-12,-9,-11,-15,-7,-16,-11,-17,-19,-26,-17,-21,-10,-29,-13,-20,-10,-27,-10,-32,-7,-31,-2,-32,-5,-38,-6,-30,-6,-46,-1,-43,-7,-50,9,-43,1,-54,0,-61,12,-46,4,-61,8,-57,16,-47,11,-56,11,-52,9,-47,22,-60,19,-47,15,-67,16,-48,11,-59,18,-62,15,-61,6,-64,19,-71,15,-65,27,-64,26,-68,12,-63,22,-78,13,-67,15,-78,8,-66,4,-104,14,-81,6,-90,18,-82,20,-88,33,-86,34,-91,15,-92,20,-119,29,-104,33,-94,18,-102,0,0,0,0,0,0,-97,-28,-119,-27,-96,-19,-115,-16,-118,-28,-95,-19,-114,-41,-94,-37,-118,-28,-102,-33,-109,-29,-113,-25,-94,-32,-107,-33,-101,-31,-93,-30,-98,-37,-95,-32,-90,-20,-111,-32,-88,-21,-104,-15,-92,-27,-98,-23,-106,-10,-94,-15,-108,-17,-100,-18,-99,-32,-105,-28,-105,-23,-89,-9,-110,-31,-90,-24,-106,-11,-86,-31,-106,-15,-94,-33,-100,-23,-96,-34,-94,-35,-87,-46,-80,-59,-77,-41,-78,-34,-78,-45,-63,-46,-77,-42,-56,-39,-72,-41,-53,-45,-56,-46,-46,-43,-46,-54,-40,-47,-30,-50,-30,-45,0,0,0,0,0,0,0,0,0,0]"""
1782318873730,2026-06-25T01:34:33.700,warning,bed_exit,yja,bed_exit_failed,t057,"CSI_DATA,809920,1a:00:00:00:00:00,-64,11,-99,15,50,11,-353579434,47,2,256,0,""[0,0,0,0,0,0,0,0,0,0,0,0,2,16,-6,16,-2,25,-6,19,-14,26,-12,22,-1,24,-6,25,-6,27,-10,32,-15,27,-13,30,-18,31,-19,37,-29,32,-22,33,-29,37,-32,34,-34,31,-18,27,-27,27,-30,51,-37,33,-45,27,-42,37,-38,30,-47,32,-48,32,-42,42,-47,44,-46,40,-42,40,-36,46,-35,51,-40,50,-46,52,-43,46,-48,40,-42,60,-54,56,-54,61,-42,50,-50,56,-57,67,-42,54,-40,62,-40,71,-39,75,-45,90,-46,87,-57,76,-62,84,-56,80,-44,77,-65,91,-54,94,-53,91,0,0,0,0,0,0,100,68,90,71,90,64,85,65,94,63,78,73,91,74,95,67,88,76,83,60,86,52,89,48,103,50,97,42,78,64,87,51,92,46,91,56,96,57,93,48,84,43,90,60,87,31,90,22,89,16,108,21,99,29,89,43,100,36,95,28,89,40,98,41,99,31,99,31,90,45,92,31,90,25,102,15,98,19,103,28,91,31,80,45,90,36,81,44,82,44,67,42,69,46,64,47,62,36,59,30,65,32,58,34,61,42,52,43,35,44,39,46,30,46,0,0,0,0,0,0,0,0,0,0]"""
1782318873741,2026-06-25T01:34:33.711,warning,bed_exit,yja,bed_exit_failed,t057,"CSI_DATA,809921,1a:00:00:00:00:00,-64,11,-99,16,50,11,-353568193,47,2,256,0,""[0,0,0,0,0,0,0,0,0,0,0,0,-14,-5,-22,-1,-9,0,-19,-4,-13,0,-31,-14,-26,-12,-19,-14,-23,-8,-16,-12,-33,-15,-31,-10,-31,-16,-32,-13,-34,-16,-31,-16,-44,-24,-32,-16,-42,-29,-39,-33,-23,-38,-37,-19,-31,-27,-46,-30,-48,-26,-46,-20,-53,-20,-68,-33,-47,-20,-56,-28,-41,-14,-68,-42,-61,-27,-45,-21,-42,-25,-41,-4,-63,-28,-68,5,-53,-20,-49,-5,-83,2,-70,2,-89,7,-50,0,-116,-9,-96,0,-81,27,-100,11,-87,20,-54,1,-105,32,-71,37,-96,31,-83,15,-92,51,-109,57,-85,33,0,0,0,0,0,0,56,94,37,77,67,124,57,100,43,66,71,101,47,68,78,100,52,66,80,104,80,89,64,84,71,67,56,64,89,65,78,61,82,51,73,51,89,61,80,35,104,42,80,29,114,49,89,41,88,32,85,32,77,21,105,12,95,11,97,14,88,18,105,25,80,0,107,-2,83,3,127,7,95,22,95,0,94,15,82,9,81,0,105,-11,93,-7,72,-5,90,3,68,-6,94,-10,71,-3,102,6,72,11,74,1,68,14,63,9,59,11,63,8,58,5,57,9,0,0,0,0,0,0,0,0,0,0]"""
1782318873752,2026-06-25T01:34:33.722,warning,bed_exit,yja,bed_exit_failed,t057,"CSI_DATA,809922,1a:00:00:00:00:00,-65,11,-99,17,50,11,-353556029,47,2,256,0,""[0,0,0,0,0,0,0,0,0,0,0,0,-6,15,-7,11,-8,22,-3,16,-14,18,-6,18,-9,22,-8,30,-13,27,-6,31,-22,27,-14,29,-12,30,-21,30,-20,27,-31,42,-30,30,-38,35,-19,29,-26,33,-22,49,-23,40,-27,56,-25,30,-23,41,-34,44,-39,47,-29,48,-39,49,-30,46,-38,51,-13,39,-23,52,-14,56,-10,61,-14,65,-16,68,-24,64,-6,70,-15,71,-6,64,-22,83,-17,73,-7,77,0,54,14,80,14,78,30,80,23,96,22,85,0,78,14,101,21,96,34,93,16,94,34,86,34,95,0,0,0,0,0,0,94,-39,119,-40,78,-39,107,-44,118,-54,95,-35,105,-44,81,-48,102,-51,70,-57,72,-64,70,-84,75,-85,65,-92,74,-57,62,-79,54,-79,70,-78,51,-81,65,-87,52,-73,64,-86,27,-72,24,-87,20,-91,17,-97,21,-112,38,-79,14,-95,11,-107,22,-113,10,-95,34,-111,25,-92,20,-98,1,-75,-6,-98,-2,-88,-22,-98,0,-107,-10,-98,14,-82,0,-99,11,-101,3,-90,16,-91,18,-74,6,-82,0,-53,-3,-70,-5,-63,-16,-72,-3,-69,-4,-72,11,-52,7,-52,10,-55,0,0,0,0,0,0,0,0,0,0]"""
1782318873763,2026-06-25T01:34:33.733,warning,bed_exit,yja,bed_exit_failed,t057,"CSI_DATA,809923,1a:00:00:00:00:00,-65,11,-99,17,50,11,-353546028,47,2,256,0,""[0,0,0,0,0,0,0,0,0,0,0,0,-15,5,-24,6,-13,2,-20,5,-22,4,-23,8,-25,6,-22,5,-35,5,-20,-4,-35,-4,-37,-3,-35,-4,-38,-6,-42,-4,-34,3,-45,-1,-44,-5,-51,-12,-43,-3,-24,-2,-54,-2,-51,-16,-46,-12,-50,-18,-51,-8,-49,-10,-58,-11,-54,-3,-62,-7,-57,0,-70,-11,-58,-3,-59,-2,-58,0,-66,6,-59,5,-62,9,-67,2,-64,1,-75,6,-59,20,-73,37,-70,14,-100,29,-69,14,-74,38,-86,28,-76,35,-79,38,-86,43,-88,43,-86,53,-77,46,-89,41,-99,54,-87,61,0,0,0,0,0,0,62,95,53,77,67,109,69,85,60,71,73,99,59,80,75,94,58,75,73,86,78,78,70,64,88,69,60,67,77,71,76,72,73,62,65,58,86,70,73,38,102,40,88,45,97,54,85,42,85,32,96,37,86,35,90,35,93,26,86,29,86,31,102,37,81,7,97,10,100,22,120,22,90,22,97,7,99,24,96,10,89,18,92,13,84,18,74,20,83,23,76,7,93,13,72,30,88,30,59,12,73,14,61,22,66,15,56,23,59,27,52,25,49,25,0,0,0,0,0,0,0,0,0,0]"""
1782318873774,2026-06-25T01:34:33.744,warning,bed_exit,yja,bed_exit_failed,t057,"CSI_DATA,809924,1a:00:00:00:00:00,-65,11,-99,17,50,11,-353534061,47,2,256,0,""[0,0,0,0,0,0,0,0,0,0,0,0,5,9,6,16,6,15,12,16,7,16,6,23,7,28,2,25,7,28,4,24,13,33,6,33,7,34,12,38,6,34,6,42,6,39,16,46,5,41,0,53,5,56,0,38,5,53,9,57,10,51,3,54,6,54,15,50,4,55,6,56,14,57,6,58,10,67,11,56,12,56,20,56,19,61,25,70,25,61,27,55,31,54,33,63,38,70,40,63,47,75,56,85,54,77,50,68,43,65,56,65,67,73,60,66,61,69,78,79,70,72,67,69,78,72,0,0,0,0,0,0,63,-79,62,-79,65,-90,71,-86,58,-83,56,-91,68,-89,59,-87,57,-90,60,-95,58,-96,47,-98,49,-75,47,-86,43,-107,35,-92,30,-94,20,-81,17,-81,23,-99,17,-94,8,-100,19,-101,16,-106,-1,-94,19,-82,0,-101,-7,-102,0,-102,-10,-97,-6,-93,-8,-88,0,-101,-7,-94,-13,-92,-5,-115,-6,-110,-8,-92,-6,-94,1,-91,-7,-86,-14,-100,-6,-88,-12,-82,-11,-76,-6,-84,-2,-84,-8,-78,-1,-73,0,-76,3,-65,3,-70,10,-54,5,-62,6,-66,6,-53,5,-52,0,0,0,0,0,0,0,0,0,0]"""
1782318873785,2026-06-25T01:34:33.755,warning,bed_exit,yja,bed_exit_failed,t057,"CSI_DATA,809925,1a:00:00:00:00:00,-65,11,-99,19,50,11,-353515826,47,2,256,0,""[0,0,0,0,0,0,0,0,0,0,0,0,-15,-2,-11,-5,-20,-4,-17,-9,-21,-8,-14,-10,-17,-7,-25,-6,-27,-11,-30,-14,-20,-13,-22,-21,-26,-19,-30,-26,-34,-21,-36,-25,-27,-22,-36,-23,-30,-27,-40,-21,-47,-15,-50,-30,-44,-33,-36,-32,-46,-38,-31,-36,-46,-36,-51,-33,-52,-50,-46,-45,-54,-20,-35,-28,-44,-28,-65,-28,-71,-27,-52,-47,-78,-31,-41,-21,-44,-41,-61,-24,-84,-27,-66,-39,-69,-24,-90,-14,-59,0,-71,10,-56,-15,-85,14,-110,2,-76,0,-78,-19,-101,-4,-106,6,-96,8,-89,-10,-101,5,-102,12,0,0,0,0,0,0,18,114,20,127,12,87,30,94,24,127,15,92,25,92,31,99,29,109,57,81,41,78,33,103,41,87,36,124,24,109,57,127,6,62,47,101,75,66,86,-4,47,51,76,78,125,127,41,46,84,64,127,41,106,41,69,17,51,-57,76,100,71,88,20,109,18,127,71,116,68,-20,127,127,61,41,96,48,127,-6,76,61,90,44,95,-49,61,65,68,58,11,46,37,66,48,59,60,31,57,29,56,46,44,21,37,18,65,50,51,46,19,51,35,52,37,44,0,0,0,0,0,0,0,0,0,0]"""
1782318873796,2026-06-25T01:34:33.766,warning,bed_exit,yja,bed_exit_failed,t057,"CSI_DATA,809926,1a:00:00:00:00:00,-65,11,-99,17,50,11,-353509338,47,2,256,0,""[0,0,0,0,0,0,0,0,0,0,0,0,-9,-7,-7,-10,-9,-9,-10,-22,-9,-10,-10,-22,-4,-26,0,-23,-7,-30,0,-21,-8,-30,-14,-36,-9,-32,-1,-31,-1,-43,-3,-32,-3,-45,0,-43,0,-53,17,-39,21,-39,10,-50,12,-43,10,-55,10,-51,9,-52,15,-48,22,-58,7,-45,10,-55,18,-49,15,-62,30,-53,20,-49,26,-56,28,-56,18,-56,9,-66,11,-54,14,-57,24,-62,0,-63,5,-79,16,-77,17,-100,37,-72,16,-78,39,-79,21,-70,15,-87,0,-102,2,-89,15,-91,18,-94,0,-100,14,-112,27,-106,0,0,0,0,0,0,-114,-37,-94,-23,-121,-30,-106,-42,-85,-27,-125,-41,-93,-19,-118,-32,-91,-23,-118,-39,-100,-46,-88,-46,-97,-31,-80,-31,-97,-22,-101,-15,-95,-12,-94,-14,-103,-27,-83,-3,-99,-11,-92,-14,-105,-15,-94,-26,-84,-22,-95,-17,-81,-21,-97,-1,-99,-5,-94,-8,-94,-5,-110,-26,-78,3,-102,-3,-96,-17,-120,-19,-94,-42,-90,-30,-90,-45,-83,-34,-80,-26,-93,-13,-85,-20,-71,-15,-80,-40,-65,-14,-78,-24,-66,-39,-76,-49,-51,-44,-53,-45,-38,-54,-46,-41,-41,-41,-48,-39,-40,-38,-36,-44,0,0,0,0,0,0,0,0,0,0]"""
1782318873807,2026-06-25T01:34:33.777,warning,bed_exit,yja,bed_exit_failed,t057,"CSI_DATA,809927,1a:00:00:00:00:00,-65,11,-99,16,50,11,-353495834,47,2,256,0,""[0,0,0,0,0,0,0,0,0,0,0,0,-4,16,-11,18,-6,9,-9,15,-8,9,-12,28,-13,20,-20,24,-16,23,-17,9,-28,20,-28,20,-23,14,-27,18,-42,20,-23,18,-37,23,-41,15,-45,20,-43,8,-46,0,-47,28,-42,11,-51,17,-46,19,-53,22,-50,18,-67,16,-40,20,-57,20,-50,11,-61,19,-54,19,-53,19,-53,18,-55,24,-53,21,-56,24,-58,26,-57,23,-72,25,-47,37,-68,46,-61,24,-91,54,-71,33,-68,49,-83,41,-65,50,-65,47,-77,57,-72,63,-94,66,-65,51,-75,61,-95,73,-80,54,0,0,0,0,0,0,59,101,42,80,62,112,53,99,50,71,64,112,41,68,72,106,39,74,74,96,55,89,52,88,79,85,43,68,60,91,62,72,68,72,58,72,66,99,63,52,82,67,56,67,80,75,72,74,56,71,86,62,58,54,61,60,77,65,73,57,69,61,83,87,69,38,83,65,65,62,94,78,61,65,77,61,69,70,67,60,54,58,64,66,65,57,55,53,56,80,55,44,61,69,31,63,48,78,26,56,42,60,21,61,35,53,20,45,22,54,26,52,19,52,0,0,0,0,0,0,0,0,0,0]"""
1782318873818,2026-06-25T01:34:33.788,warning,bed_exit,yja,bed_exit_failed,t057,"CSI_DATA,809928,1a:00:00:00:00:00,-65,11,-99,19,49,11,-353490766,47,2,256,0,""[0,0,0,0,0,0,0,0,0,0,0,0,7,14,11,12,7,10,7,13,13,15,7,21,9,25,0,27,8,27,-1,30,0,36,5,36,2,31,0,28,-3,39,0,39,1,45,-5,42,-5,45,-4,40,-28,45,-7,30,-7,68,3,64,8,77,1,82,-5,81,-10,76,-20,43,-17,58,-20,55,-14,49,-23,55,-13,54,-14,60,-34,63,-17,52,-16,64,-13,58,-19,54,-25,60,1,69,-6,74,-15,75,-19,86,-21,63,-8,90,-32,86,-7,85,-15,94,-5,86,-9,103,-11,102,-17,96,3,102,-15,103,-11,97,0,0,0,0,0,0,117,20,104,24,119,28,116,22,97,18,124,26,92,12,122,19,101,17,108,26,109,27,89,32,112,14,95,31,97,15,98,24,93,10,90,15,107,20,94,0,106,0,105,11,105,0,99,8,87,15,106,5,94,8,90,2,102,9,99,0,96,6,106,18,89,-16,100,-12,104,6,103,4,87,19,87,3,104,23,100,10,92,15,95,14,94,21,82,15,85,32,75,10,83,12,78,25,80,32,59,28,63,29,55,40,64,27,49,33,50,33,45,32,35,37,0,0,0,0,0,0,0,0,0,0]"""
1782318873829,2026-06-25T01:34:33.799,warning,bed_exit,yja,bed_exit_failed,t057,"CSI_DATA,809929,1a:00:00:00:00:00,-65,11,-99,16,50,11,-353480507,47,2,256,0,""[0,0,0,0,0,0,0,0,0,0,0,0,-7,9,-16,11,-11,5,-20,13,-15,9,-26,17,-21,13,-15,8,-28,9,-18,-4,-33,7,-31,2,-42,2,-38,-9,-47,-2,-23,5,-41,-5,-32,0,-58,-9,-58,-16,-49,-8,-42,-17,-30,-11,-45,-21,-50,-26,-46,-24,-40,-24,-54,-24,-42,-14,-58,-21,-37,-17,-72,-29,-52,-27,-52,-26,-55,-42,-50,-28,-44,-22,-63,-18,-57,-28,-46,-28,-64,-38,-50,-7,-80,-12,-60,-27,-99,-43,-64,-31,-73,-25,-68,-38,-72,-27,-78,-34,-95,-38,-78,-22,-97,-41,-81,-37,-102,-38,-115,-52,-89,-50,0,0,0,0,0,0,-55,105,-37,66,-70,124,-50,83,-31,56,-64,108,-40,72,-64,109,-40,72,-80,103,-64,93,-50,70,-51,78,-63,65,-59,81,-53,91,-56,85,-49,70,-56,97,-25,62,-46,102,-29,71,-56,120,-56,87,-50,77,-52,83,-43,62,-44,86,-46,88,-43,82,-44,71,-61,92,-27,63,-42,104,-43,77,-76,118,-72,79,-54,79,-72,67,-63,63,-53,63,-60,84,-54,67,-60,56,-72,59,-36,53,-59,65,-52,36,-94,57,-65,29,-60,32,-65,15,-53,22,-53,15,-59,22,-53,13,-49,11,0,0,0,0,0,0,0,0,0,0]"""
1782318873840,2026-06-25T01:34:33.810,warning,bed_exit,yja,bed_exit_failed,t057,"CSI_DATA,809931,1a:00:00:00:00:00,-65,11,-99,17,50,11,-353457513,47,2,256,0,""[0,0,0,0,0,0,0,0,0,0,0,0,-9,-4,-9,-3,-16,-11,-6,-6,-11,-9,-14,-16,-15,-21,-14,-22,-15,-20,-12,-22,-8,-27,-11,-30,-12,-23,-10,-28,-6,-27,-13,-49,-11,-43,-6,-46,-3,-33,-11,-39,-14,-54,0,-44,-1,-56,-2,-42,7,-44,7,-51,6,-57,0,-48,10,-62,13,-52,8,-61,4,-41,1,-55,6,-56,4,-58,4,-62,14,-72,17,-63,15,-67,11,-70,2,-61,19,-82,17,-70,-3,-68,7,-58,0,-86,19,-73,0,-91,13,-88,9,-84,22,-77,30,-89,21,-88,17,-107,30,-101,20,-90,25,-97,0,0,0,0,0,0,-92,-25,-120,-36,-79,-22,-105,-27,-117,-36,-91,-38,-113,-46,-86,-37,-103,-52,-90,-38,-91,-36,-110,-43,-96,-38,-102,-38,-86,-39,-87,-47,-90,-44,-91,-43,-78,-30,-104,-49,-88,-33,-98,-38,-75,-30,-82,-28,-100,-34,-91,-35,-106,-40,-87,-42,-79,-47,-91,-48,-95,-47,-89,-23,-103,-62,-82,-45,-94,-45,-62,-42,-95,-41,-83,-51,-91,-42,-77,-52,-77,-72,-63,-62,-58,-71,-60,-67,-63,-55,-55,-70,-42,-64,-52,-56,-30,-54,-48,-66,-28,-62,-37,-57,-24,-57,-26,-64,-10,-58,0,-52,-4,-49,0,0,0,0,0,0,0,0,0,0]"""
1782318873851,2026-06-25T01:34:33.821,warning,bed_exit,yja,bed_exit_failed,t057,"CSI_DATA,809932,1a:00:00:00:00:00,-65,11,-99,20,49,11,-353447113,47,2,256,0,""[0,0,0,0,0,0,0,0,0,0,0,0,-8,31,-31,-42,7,-21,-25,73,66,-53,8,42,-31,61,66,-21,4,-53,64,-65,65,7,17,32,13,31,17,-22,55,-32,59,-3,36,30,55,-12,42,28,32,39,53,-3,42,24,41,21,42,25,42,25,35,28,50,24,54,25,37,16,43,24,50,14,57,29,54,26,50,26,51,30,51,20,51,17,65,14,54,21,53,18,57,21,60,4,77,7,67,12,95,20,80,14,83,7,82,21,64,14,83,7,99,6,95,0,90,0,106,9,95,4,105,12,101,12,0,0,0,0,0,0,9,-110,9,-90,7,-125,0,-111,2,-85,-1,-126,1,-96,4,-117,-8,-90,0,-126,1,-121,6,-99,-4,-100,0,-89,-10,-107,-9,-101,-9,-102,-12,-89,-20,-98,-22,-87,-31,-97,-33,-83,-29,-111,-22,-105,-28,-89,-22,-92,-20,-83,-38,-94,-31,-96,-32,-93,-35,-83,-42,-96,-38,-77,-40,-91,-44,-85,-40,-117,-26,-100,-33,-94,-24,-100,-24,-88,-22,-81,-35,-96,-23,-85,-25,-73,-20,-83,-22,-75,-20,-81,-15,-72,-9,-95,-8,-77,-1,-67,3,-69,-2,-54,1,-56,0,-68,6,-55,9,-52,0,0,0,0,0,0,0,0,0,0]"""
1782318873862,2026-06-25T01:34:33.832,warning,bed_exit,yja,bed_exit_failed,t057,"CSI_DATA,809933,1a:00:00:00:00:00,-65,11,-99,18,50,11,-353435569,47,2,256,0,""[0,0,0,0,0,0,0,0,0,0,0,0,0,12,-1,17,-5,16,-5,18,-12,13,-11,23,-10,18,-19,11,-16,18,-17,16,-21,18,-24,21,-27,16,-24,16,-36,16,-22,13,-36,19,-26,16,-51,14,-45,18,-32,18,-48,6,-34,0,-50,0,-49,1,-50,1,-47,0,-53,-8,-40,3,-55,-2,-45,2,-70,0,-61,-13,-57,-4,-59,-7,-50,-6,-51,0,-62,0,-63,-6,-53,-13,-68,-20,-51,1,-72,6,-68,-17,-99,-21,-63,-14,-85,-5,-76,-24,-80,-18,-79,-24,-103,-15,-86,-9,-97,-18,-86,-20,-98,-24,-111,-37,-93,-36,0,0,0,0,0,0,-45,103,-42,81,-64,115,-48,99,-35,68,-66,109,-40,71,-63,99,-47,75,-76,103,-66,93,-58,64,-53,85,-64,63,-69,82,-65,80,-63,77,-64,68,-80,86,-42,67,-61,84,-51,68,-77,93,-69,81,-63,61,-66,78,-61,55,-75,73,-64,71,-67,66,-63,56,-86,66,-52,60,-78,73,-74,58,-107,77,-86,47,-82,56,-89,43,-82,41,-78,31,-86,47,-81,33,-74,23,-89,14,-66,23,-83,27,-75,7,-103,5,-70,-6,-73,0,-64,-14,-60,-11,-51,-14,-62,-11,-49,-18,-50,-26,0,0,0,0,0,0,0,0,0,0]"""
1782318873873,2026-06-25T01:34:33.843,warning,bed_exit,yja,bed_exit_failed,t057,"CSI_DATA,809935,1a:00:00:00:00:00,-65,11,-99,18,50,11,-353413010,47,2,256,0,""[0,0,0,0,0,0,0,0,0,0,0,0,8,-15,8,-6,18,-12,13,-7,17,-8,15,-8,19,-6,19,-14,17,-8,26,-10,22,-13,25,-12,28,-15,29,-11,29,-5,41,-6,37,-3,37,-2,42,-3,31,-2,35,-2,40,5,50,-9,49,0,48,-8,51,-7,41,-8,39,-5,62,9,47,3,47,-4,44,-5,63,19,45,19,68,0,55,-14,79,-8,52,-2,42,-13,59,6,46,-17,78,9,53,2,68,-1,40,0,81,-9,56,-4,83,-21,107,-6,82,-5,77,-10,68,-24,79,0,99,-33,101,-23,85,-14,113,-14,0,0,0,0,0,0,-4,-102,-11,-119,-24,-90,-7,-108,-19,-117,-9,-87,-13,-117,-10,-96,-15,-118,-20,-95,-13,-98,-26,-106,-9,-99,-30,-105,-24,-90,-32,-85,-39,-92,-32,-94,-22,-82,-29,-102,-22,-83,-34,-98,-34,-81,-32,-95,-46,-105,-32,-90,-50,-93,-42,-90,-44,-84,-50,-89,-46,-90,-40,-73,-27,-117,-24,-93,-36,-90,-20,-76,-43,-107,-31,-99,-38,-90,-26,-94,-28,-90,-22,-86,-21,-94,-14,-90,-16,-75,1,-89,3,-75,-10,-83,-6,-55,3,-80,5,-70,-1,-68,9,-67,10,-66,11,-55,11,-49,15,-50,0,0,0,0,0,0,0,0,0,0]"""
1782318873884,2026-06-25T01:34:33.854,warning,bed_exit,yja,bed_exit_failed,t057,"CSI_DATA,809936,1a:00:00:00:00:00,-65,11,-99,16,50,11,-353399596,47,2,256,0,""[0,0,0,0,0,0,0,0,0,0,0,0,-2,-10,-2,-7,-3,-20,0,-14,0,-13,1,-12,0,-19,1,-19,2,-19,9,-29,7,-21,12,-24,17,-27,17,-31,13,-29,28,-31,18,-17,20,-29,30,-29,35,-28,44,-34,29,-25,34,-29,35,-23,41,-23,37,-21,39,-20,25,-25,59,-25,44,-19,50,-25,41,-12,45,-30,55,-20,48,-29,50,-18,57,-20,54,-16,59,-15,66,-27,52,-33,70,-24,57,-15,63,-42,50,-20,73,-44,70,-18,67,-41,76,-33,82,-26,83,-21,83,-14,81,-24,102,-31,102,-12,93,-15,106,-31,0,0,0,0,0,0,-17,-99,-19,-119,-8,-99,-19,-102,-6,-119,-7,-89,-5,-124,-4,-94,-2,-121,9,-94,0,-95,-2,-110,6,-93,5,-115,8,-96,21,-88,14,-102,7,-97,4,-82,16,-116,12,-84,11,-101,15,-83,6,-94,5,-108,16,-95,15,-110,12,-99,31,-92,27,-98,24,-98,9,-81,38,-116,27,-86,15,-102,36,-75,24,-104,43,-96,36,-91,43,-76,58,-87,53,-70,70,-66,62,-68,42,-64,68,-64,54,-45,54,-57,53,-33,61,-48,61,-35,61,-41,57,-29,66,-28,60,-15,56,-7,53,-6,0,0,0,0,0,0,0,0,0,0]"""
1782318873895,2026-06-25T01:34:33.865,warning,bed_exit,yja,bed_exit_failed,t057,"CSI_DATA,809937,1a:00:00:00:00:00,-65,11,-99,16,50,11,-353382880,47,2,256,0,""[0,0,0,0,0,0,0,0,0,0,0,0,7,2,10,3,14,8,17,4,10,12,4,11,13,9,23,7,7,7,20,17,13,22,14,20,19,23,21,20,17,20,19,38,17,31,12,36,11,32,27,27,36,32,20,37,24,39,11,34,18,40,15,33,15,51,18,42,18,54,12,50,14,49,17,36,27,43,23,49,29,47,28,51,31,57,15,45,31,58,39,61,43,55,24,70,26,59,44,54,21,44,51,58,39,51,56,55,63,79,58,59,39,66,46,72,52,78,51,72,47,81,61,66,72,74,0,0,0,0,0,0,78,-71,96,-70,72,-55,83,-59,101,-73,73,-46,100,-70,78,-61,97,-65,71,-47,64,-53,72,-80,80,-64,80,-88,63,-56,76,-60,72,-71,83,-69,65,-68,88,-73,64,-57,70,-72,53,-54,45,-69,58,-87,61,-73,62,-95,58,-72,65,-78,61,-77,73,-83,52,-83,87,-79,70,-67,61,-77,49,-50,55,-88,58,-72,53,-87,74,-76,67,-72,61,-47,80,-54,81,-59,70,-59,75,-42,74,-26,62,-51,42,-25,62,-45,49,-30,58,-50,68,-29,61,-31,48,-10,53,-7,49,-8,0,0,0,0,0,0,0,0,0,0]"""
1782318873906,2026-06-25T01:34:33.876,warning,bed_exit,yja,bed_exit_failed,t057,"CSI_DATA,809938,1a:00:00:00:00:00,-65,11,-99,12,51,11,-353378684,47,2,256,0,""[0,0,0,0,0,0,0,0,0,0,0,0,-7,-1,-9,0,-19,-3,-19,-3,-12,-9,-16,-4,-12,0,-20,-1,-19,-3,-29,-3,-18,-8,-22,-3,-27,-13,-31,-13,-31,-16,-35,-7,-30,-10,-31,-20,-36,-14,-28,-12,-34,-25,-35,-12,-45,-9,-38,-24,-45,-15,-40,-15,-50,-20,-44,-22,-53,-21,-47,-14,-42,-27,-37,-10,-45,-8,-51,-1,-58,0,-59,0,-61,0,-43,-13,-63,2,-68,-1,-63,3,-67,1,-60,0,-75,0,-52,13,-61,23,-61,20,-69,31,-83,39,-83,37,-77,20,-78,32,-82,29,-88,41,-92,32,-83,48,-94,45,0,0,0,0,0,0,41,103,49,109,35,83,46,96,61,104,30,98,53,102,52,88,51,105,56,66,62,66,68,70,84,68,87,72,60,77,70,62,83,62,78,70,71,62,85,60,71,55,77,67,77,36,85,32,89,37,105,29,103,33,85,49,99,31,100,23,98,31,94,24,108,42,93,35,94,36,84,15,99,10,101,13,101,0,101,12,95,19,84,37,92,19,92,34,83,28,82,27,69,31,78,34,61,13,72,16,64,15,71,13,61,20,65,20,50,33,53,23,47,29,0,0,0,0,0,0,0,0,0,0]"""
1782318873917,2026-06-25T01:34:33.887,warning,bed_exit,yja,bed_exit_failed,t057,"CSI_DATA,809939,1a:00:00:00:00:00,-65,11,-99,16,50,11,-353370633,47,2,256,0,""[0,0,0,0,0,0,0,0,0,0,0,0,9,-9,2,-10,6,-7,9,-12,0,-20,13,-16,12,-15,14,-9,13,-19,12,-14,16,-21,16,-25,11,-25,10,-26,14,-30,14,-21,22,-30,13,-30,19,-34,27,-42,19,-38,20,-33,25,-32,17,-42,19,-46,18,-42,20,-34,27,-38,10,-46,12,-52,19,-44,19,-59,21,-52,14,-52,12,-49,17,-53,14,-52,-2,-59,-6,-57,-9,-49,-5,-62,-15,-54,-20,-62,-15,-70,-18,-87,-5,-80,-17,-74,-15,-82,-18,-66,-41,-75,-61,-80,-53,-62,-40,-74,-54,-83,-76,-71,-58,-77,-58,-91,0,0,0,0,0,0,-75,69,-66,65,-84,91,-81,68,-62,58,-71,82,-63,78,-67,91,-56,83,-74,89,-66,87,-64,75,-56,83,-45,84,-39,104,-26,99,-22,93,-22,83,-31,94,-5,83,-10,98,-8,97,-11,116,-12,101,-11,92,-2,93,-2,90,23,105,25,95,17,91,17,84,9,98,26,87,34,94,31,100,35,118,8,100,21,89,12,105,15,86,31,90,48,94,39,81,33,68,20,82,33,74,37,76,23,77,20,93,11,69,17,73,4,71,9,61,13,57,16,60,19,55,13,53,0,0,0,0,0,0,0,0,0,0]"""
1782318873928,2026-06-25T01:34:33.898,warning,bed_exit,yja,bed_exit_failed,t057,"CSI_DATA,809940,1a:00:00:00:00:00,-65,11,-99,16,50,11,-353355428,47,2,256,0,""[0,0,0,0,0,0,0,0,0,0,0,0,5,-10,5,-11,7,-9,10,-14,9,-17,7,-13,5,-13,9,-12,11,-19,17,-12,16,-12,20,-22,21,-22,28,-16,29,-15,24,-27,22,-25,34,-17,31,-25,26,-18,33,-9,32,-32,34,-27,37,-24,41,-25,34,-26,37,-29,42,-29,43,-39,42,-27,37,-30,32,-32,36,-34,36,-40,31,-43,26,-49,30,-42,35,-41,36,-51,42,-54,44,-56,24,-65,25,-59,39,-61,23,-60,20,-64,13,-73,15,-79,16,-83,20,-86,20,-82,17,-91,10,-86,8,-95,20,-98,8,-99,10,-97,0,0,0,0,0,0,-105,-14,-114,-20,-98,-13,-103,-7,-111,-8,-102,-20,-109,-4,-105,1,-109,-14,-92,9,-93,9,-107,6,-109,26,-112,20,-96,1,-99,16,-98,18,-102,18,-94,20,-95,40,-83,35,-97,27,-75,36,-85,45,-89,44,-91,60,-92,53,-91,42,-94,50,-82,53,-86,51,-85,46,-86,69,-75,54,-85,57,-74,59,-73,63,-75,58,-80,64,-73,65,-78,61,-78,43,-77,58,-81,50,-81,44,-71,56,-62,42,-73,34,-56,41,-59,34,-56,38,-59,33,-62,41,-64,29,-56,16,-56,19,-51,11,0,0,0,0,0,0,0,0,0,0]"""
1782318873939,2026-06-25T01:34:33.909,warning,bed_exit,yja,bed_exit_failed,t057,"CSI_DATA,809941,1a:00:00:00:00:00,-65,11,-99,14,50,11,-353346794,47,2,256,0,""[0,0,0,0,0,0,0,0,0,0,0,0,-47,69,21,-56,26,54,84,53,85,-11,6,8,24,2,0,-111,24,39,-20,24,-117,11,0,38,13,47,80,2,7,53,-13,26,0,82,27,43,9,39,7,60,21,30,-4,53,-21,25,0,54,-5,47,-16,47,-12,47,-7,52,-2,39,-2,58,-5,44,-6,69,-8,54,0,54,-1,54,-10,48,-2,42,10,58,1,59,1,55,-1,67,5,45,15,73,11,69,8,104,2,76,7,78,-6,78,12,68,14,81,30,101,19,81,19,94,15,87,33,96,26,113,13,105,0,0,0,0,0,0,114,-23,81,-20,127,-33,96,-10,73,-10,124,-22,88,-20,124,-30,85,-15,127,-20,116,-16,102,-5,92,-16,85,-11,107,-31,96,-30,91,-32,86,-31,111,-33,74,-30,97,-45,81,-30,115,-45,103,-45,91,-35,87,-35,78,-29,90,-55,86,-55,84,-43,87,-37,103,-39,72,-40,93,-63,84,-39,123,-54,95,-32,96,-41,97,-27,82,-23,81,-29,98,-42,86,-35,78,-27,89,-20,67,-27,92,-29,68,-10,105,-10,72,-5,72,-1,68,1,63,1,57,-2,67,1,59,0,59,8,0,0,0,0,0,0,0,0,0,0]"""
1782318873950,2026-06-25T01:34:33.920,warning,bed_exit,yja,bed_exit_failed,t057,"CSI_DATA,809942,1a:00:00:00:00:00,-64,11,-99,16,50,11,-353336765,47,2,256,0,""[0,0,0,0,0,0,0,0,0,0,0,0,-6,-3,-12,0,-17,2,-21,0,-13,-3,-16,-2,-15,-2,-12,-9,-24,-4,-17,-7,-20,-12,-22,-16,-24,-16,-25,-22,-32,-25,-17,-14,-28,-20,-29,-18,-39,-23,-31,-36,-35,-37,-33,-36,-20,-27,-31,-42,-31,-40,-23,-32,-25,-40,-28,-43,-27,-29,-39,-42,-32,-40,-40,-51,-34,-45,-41,-38,-39,-47,-30,-42,-29,-37,-40,-43,-37,-43,-37,-47,-50,-52,-42,-33,-54,-42,-53,-53,-64,-67,-47,-47,-61,-42,-51,-64,-66,-55,-63,-63,-73,-62,-62,-62,-72,-69,-66,-66,-79,-64,-81,-74,-71,-72,0,0,0,0,0,0,-87,83,-71,69,-97,90,-84,73,-72,56,-94,70,-71,66,-91,73,-67,71,-98,70,-81,72,-70,57,-79,68,-78,51,-83,65,-83,64,-80,68,-79,61,-94,72,-60,59,-71,75,-72,66,-83,75,-80,72,-63,67,-74,80,-68,55,-73,70,-76,72,-71,64,-72,60,-93,69,-48,68,-64,78,-73,66,-98,88,-76,57,-76,70,-84,58,-83,58,-77,51,-76,60,-83,55,-74,38,-88,31,-67,43,-72,37,-80,27,-90,25,-64,19,-67,24,-65,5,-66,11,-61,4,-63,0,-58,0,-58,0,0,0,0,0,0,0,0,0,0,0]"""
1782318873961,2026-06-25T01:34:33.931,warning,bed_exit,yja,bed_exit_failed,t057,"CSI_DATA,809943,1a:00:00:00:00:00,-64,11,-99,18,49,11,-353319377,47,2,256,0,""[0,0,0,0,0,0,0,0,0,0,0,0,-14,5,-15,4,-11,6,-12,1,-18,4,-16,0,-23,0,-22,-1,-19,3,-21,-1,-27,-6,-32,-2,-30,1,-32,11,-35,0,-32,9,-41,0,-34,3,-34,3,-39,3,-36,1,-49,5,-42,-9,-47,0,-40,-2,-47,-4,-50,0,-54,-6,-52,11,-46,9,-61,7,-55,4,-51,5,-55,6,-55,6,-63,12,-64,9,-59,21,-59,16,-57,22,-61,23,-61,33,-60,36,-65,34,-69,41,-62,35,-65,42,-78,39,-65,53,-76,56,-68,64,-70,71,-80,61,-76,69,-59,79,-81,68,-73,78,0,0,0,0,0,0,86,79,80,81,77,72,86,77,86,82,89,71,100,61,92,60,89,64,88,65,89,65,79,70,102,59,90,59,88,48,93,52,95,41,89,39,98,50,105,27,102,16,104,25,97,18,99,25,99,32,114,13,101,29,97,4,100,9,100,11,109,14,119,12,105,-17,98,-15,112,-1,111,-9,96,11,111,4,108,14,102,3,108,12,102,-5,91,4,96,2,95,15,89,-5,88,-2,83,10,77,9,68,14,74,18,64,22,72,11,61,27,55,15,59,15,59,20,0,0,0,0,0,0,0,0,0,0]"""
1782318873972,2026-06-25T01:34:33.942,warning,bed_exit,yja,bed_exit_failed,t057,"CSI_DATA,809944,1a:00:00:00:00:00,-64,11,-99,20,49,11,-353315633,47,2,256,0,""[0,0,0,0,0,0,0,0,0,0,0,0,0,-5,0,-11,0,-20,4,-12,5,-19,4,-16,3,-20,7,-20,9,-17,17,-17,12,-17,19,-15,27,-15,24,-20,33,-20,20,-17,20,-16,28,-23,41,-24,48,-14,52,-9,46,-19,38,-13,49,-9,46,-9,46,-9,46,-11,53,-11,43,-18,57,-12,49,-9,61,-16,61,-4,56,-17,63,-5,63,-11,58,-14,55,-17,65,-10,63,-10,68,0,57,-25,62,-28,79,-14,85,-12,72,-11,82,-25,80,-1,86,-17,97,-9,98,-16,97,-18,96,-16,97,-13,101,-9,119,-2,110,-6,0,0,0,0,0,0,14,-128,9,-105,16,-118,8,-108,14,-101,24,-126,14,-102,24,-116,15,-103,26,-108,31,-115,29,-93,20,-112,37,-92,32,-97,33,-99,38,-101,41,-98,43,-114,20,-87,15,-105,26,-101,27,-108,41,-105,36,-90,31,-105,37,-91,35,-94,41,-100,34,-94,43,-89,51,-105,23,-94,32,-107,45,-99,53,-108,56,-85,55,-93,65,-82,59,-81,62,-70,60,-79,66,-66,61,-57,78,-54,48,-62,60,-61,76,-46,82,-42,61,-30,71,-32,69,-20,69,-24,65,-11,64,-15,60,-10,54,-5,0,0,0,0,0,0,0,0,0,0]"""
1782318873983,2026-06-25T01:34:33.953,warning,bed_exit,yja,bed_exit_failed,t057,"CSI_DATA,809945,1a:00:00:00:00:00,-64,11,-99,18,49,11,-353304633,47,2,256,0,""[0,0,0,0,0,0,0,0,0,0,0,0,8,-9,12,-1,15,-8,16,-1,14,0,21,-8,18,-9,30,-13,14,-11,25,-4,18,-4,23,-6,32,-14,32,-5,40,-1,31,-15,26,-13,38,-11,33,-13,45,-8,52,-17,43,-26,41,-26,48,-11,46,-18,40,-25,46,-22,47,-21,48,-25,50,-26,44,-29,36,-30,43,-41,43,-39,39,-44,36,-51,39,-48,43,-45,38,-57,46,-55,42,-55,30,-67,28,-60,45,-72,23,-68,27,-77,13,-84,7,-81,18,-91,15,-91,30,-89,13,-96,11,-100,2,-107,16,-108,-5,-103,-3,-110,0,0,0,0,0,0,-119,5,-126,0,-110,2,-108,10,-122,27,-109,11,-121,18,-111,30,-119,11,-97,36,-95,47,-94,49,-94,59,-102,56,-106,37,-88,55,-90,64,-95,58,-96,61,-72,72,-68,69,-85,71,-66,74,-61,80,-67,88,-52,104,-55,98,-68,80,-49,91,-47,102,-57,91,-46,98,-48,99,-44,100,-49,96,-30,92,-23,103,-26,102,-17,104,-17,102,-27,97,-42,86,-25,93,-38,99,-34,84,-25,87,-28,77,-28,77,-19,76,-18,74,-10,76,-11,71,-12,69,-19,67,-30,54,-20,56,-27,55,0,0,0,0,0,0,0,0,0,0]"""
1782318873994,2026-06-25T01:34:33.964,warning,bed_exit,yja,bed_exit_failed,t057,"CSI_DATA,809946,1a:00:00:00:00:00,-64,11,-99,19,49,11,-353290180,47,2,256,0,""[0,0,0,0,0,0,0,0,0,0,0,0,-9,-8,-7,-9,-18,-9,-15,-6,-18,-11,-11,-11,-11,-3,-21,-14,-25,-15,-29,-15,-18,-16,-13,-22,-15,-18,-24,-28,-27,-20,-31,-27,-26,-26,-28,-32,-24,-25,-29,-29,-41,-39,-39,-32,-37,-38,-30,-32,-31,-43,-26,-34,-28,-51,-35,-44,-46,-46,-46,-40,-42,-39,-37,-32,-44,-30,-51,-31,-58,-33,-59,-38,-52,-43,-41,-37,-52,-40,-67,-38,-73,-30,-66,-43,-68,-32,-74,-18,-58,-31,-76,-23,-77,-23,-87,-8,-106,-15,-101,-22,-75,-32,-103,-32,-102,-19,-101,-16,-104,-38,-115,-21,-116,-10,0,0,0,0,0,0,-1,123,-7,127,-15,96,-5,120,-12,127,-23,108,-7,127,6,117,-9,125,-9,99,0,89,11,112,15,122,17,127,-6,96,0,113,10,106,15,121,25,115,18,114,29,102,37,103,21,84,38,87,57,95,60,104,47,107,33,87,46,113,40,98,46,114,55,102,50,112,51,99,52,93,39,77,61,76,56,86,70,87,64,105,49,94,29,83,29,100,40,105,44,94,39,85,32,77,40,79,20,61,25,65,25,62,37,70,27,76,19,79,1,56,0,67,0,57,0,0,0,0,0,0,0,0,0,0]"""
1782318874005,2026-06-25T01:34:33.975,warning,bed_exit,yja,bed_exit_failed,t057,"CSI_DATA,809947,1a:00:00:00:00:00,-64,11,-99,16,49,11,-353282633,47,2,256,0,""[0,0,0,0,0,0,0,0,0,0,0,0,7,9,0,17,3,10,3,14,0,11,-3,22,-4,24,-4,26,-6,27,-12,15,-5,28,-9,29,-16,24,-9,25,-22,33,-11,30,-19,40,-15,39,-18,39,-38,39,-33,35,-29,40,-30,30,-34,42,-29,45,-29,39,-24,43,-40,45,-27,32,-35,45,-29,50,-49,55,-48,33,-39,35,-53,37,-47,46,-35,49,-28,59,-38,51,-32,52,-51,50,-21,59,-34,79,-51,60,-62,89,-60,51,-50,76,-70,68,-59,65,-48,74,-45,101,-34,100,-57,89,-57,90,-35,98,-63,98,-75,87,0,0,0,0,0,0,100,83,86,66,106,87,91,78,70,59,103,81,88,55,101,90,81,59,107,88,92,87,67,87,89,72,68,79,104,65,96,65,93,61,85,58,88,76,80,39,105,63,89,57,108,77,80,80,67,72,86,64,70,63,103,56,96,51,94,56,86,59,92,73,83,40,103,56,93,57,113,82,69,90,77,75,63,97,62,70,65,71,93,62,72,65,62,58,52,75,64,54,74,71,47,73,53,95,21,76,30,69,7,80,15,65,13,64,31,67,21,59,14,54,0,0,0,0,0,0,0,0,0,0]"""
1782318874016,2026-06-25T01:34:33.986,warning,bed_exit,yja,bed_exit_failed,t057,"CSI_DATA,809948,1a:00:00:00:00:00,-63,11,-99,20,48,11,-353268162,47,2,256,0,""[0,0,0,0,0,0,0,0,0,0,0,0,-4,-18,0,-10,-4,-13,0,-21,4,-17,9,-17,6,-22,7,-22,9,-26,17,-24,11,-25,16,-27,23,-24,23,-29,31,-33,16,-24,25,-36,24,-37,38,-31,44,-37,39,-29,50,-33,33,-19,51,-20,51,-23,48,-17,50,-19,58,-24,45,-24,55,-29,51,-26,59,-31,59,-11,60,-21,66,-21,59,-24,65,-33,57,-33,61,-20,66,-24,72,-14,67,-46,67,-49,93,-29,90,-35,71,-21,81,-38,91,-16,88,-31,107,-23,108,-32,104,-39,106,-35,98,-31,114,-34,127,-25,116,-17,0,0,0,0,0,0,-9,-128,0,-120,-2,-128,-7,-125,0,-110,3,-128,4,-112,9,-128,3,-121,16,-124,17,-125,26,-107,13,-128,32,-110,24,-110,24,-112,31,-112,28,-111,31,-123,3,-102,6,-109,18,-106,22,-110,27,-117,32,-96,22,-120,34,-104,25,-105,38,-111,34,-105,32,-100,49,-118,20,-105,23,-109,39,-113,47,-116,61,-92,57,-96,74,-92,65,-91,65,-75,58,-86,70,-76,66,-72,80,-60,52,-70,61,-71,77,-54,81,-53,60,-34,71,-34,76,-16,70,-20,74,-17,64,-11,66,-13,55,0,0,0,0,0,0,0,0,0,0,0]"""
1782318874027,2026-06-25T01:34:33.997,warning,bed_exit,yja,bed_exit_failed,t057,"CSI_DATA,809949,1a:00:00:00:00:00,-63,11,-99,19,48,11,-353260633,47,2,256,0,""[0,0,0,0,0,0,0,0,0,0,0,0,-18,0,-16,-2,-19,-6,-11,-9,-18,-8,-17,-8,-23,-15,-23,-11,-17,-15,-22,-16,-27,-25,-26,-28,-22,-26,-21,-27,-17,-21,-28,-45,-17,-34,-17,-48,-19,-31,-25,-44,-27,-56,-19,-33,-28,-55,-21,-49,-15,-47,-12,-57,-13,-52,-18,-38,-25,-69,-11,-54,-25,-61,-7,-51,-16,-64,-34,-68,-21,-60,-16,-80,-28,-81,-3,-66,7,-80,-22,-70,-27,-78,-4,-88,-8,-75,-34,-89,-42,-66,-42,-97,-28,-66,-46,-101,-33,-105,-43,-87,-11,-94,-14,-123,-16,-117,-32,-128,-18,-94,-21,-91,-32,-112,0,0,0,0,0,0,-106,15,-128,8,-104,11,-128,12,-128,10,-112,3,-128,-3,-108,0,-128,-7,-111,-10,-118,4,-128,4,-114,0,-128,8,-120,-13,-118,-11,-118,-3,-120,-13,-91,3,-128,0,-101,-6,-120,-2,-93,0,-111,6,-124,5,-106,6,-128,-4,-119,-13,-106,-10,-118,-7,-121,-11,-95,0,-128,-17,-104,-19,-119,-19,-91,-13,-123,-12,-107,-18,-114,-13,-105,-27,-109,-40,-99,-52,-97,-50,-92,-51,-82,-40,-90,-63,-67,-52,-74,-50,-43,-43,-76,-50,-63,-50,-66,-46,-54,-47,-45,-57,-28,-59,-25,-56,-17,-54,0,0,0,0,0,0,0,0,0,0]"""
1782318874038,2026-06-25T01:34:34.008,warning,bed_exit,yja,bed_exit_failed,t057,"CSI_DATA,809950,1a:00:00:00:00:00,-63,11,-99,15,49,11,-353248155,47,2,256,0,""[0,0,0,0,0,0,0,0,0,0,0,0,-13,2,-10,3,-17,13,-15,5,-15,6,-21,2,-19,6,-26,11,-21,4,-31,10,-31,14,-24,10,-38,14,-31,9,-32,6,-45,2,-40,4,-45,8,-51,6,-50,16,-44,15,-51,8,-48,4,-55,13,-54,11,-53,12,-53,7,-52,6,-61,10,-67,11,-56,12,-69,19,-71,14,-69,21,-72,21,-64,12,-65,18,-67,34,-65,38,-62,41,-62,43,-67,35,-72,38,-67,54,-80,54,-75,57,-79,49,-73,55,-74,56,-72,70,-82,84,-62,72,-79,68,-88,83,-81,97,-86,87,-93,90,0,0,0,0,0,0,93,79,101,72,107,89,92,86,88,76,100,81,105,82,106,81,106,67,106,82,99,87,104,63,84,65,105,56,114,45,106,38,118,36,110,34,101,30,103,48,116,42,107,24,127,31,120,42,110,21,106,31,106,19,127,2,116,5,111,0,118,2,112,3,121,16,116,6,110,5,127,12,127,14,113,11,113,12,100,25,106,5,112,-3,108,4,98,5,99,6,91,17,90,17,91,10,87,27,86,24,75,24,71,24,67,26,68,21,68,26,55,21,52,28,0,0,0,0,0,0,0,0,0,0]"""
1782318874049,2026-06-25T01:34:34.019,warning,bed_exit,yja,bed_exit_failed,t057,"CSI_DATA,809951,1a:00:00:00:00:00,-63,11,-99,19,48,11,-353238468,47,2,256,0,""[0,0,0,0,0,0,0,0,0,0,0,0,-19,-2,-17,-6,-18,0,-18,-3,-23,-2,-18,-8,-29,-5,-32,-15,-30,-10,-28,-12,-27,-21,-31,-22,-26,-18,-31,-22,-34,-23,-38,-25,-35,-25,-31,-30,-31,-26,-42,-18,-34,-25,-43,-34,-41,-41,-29,-42,-37,-43,-44,-47,-42,-48,-46,-50,-46,-45,-45,-37,-48,-50,-43,-38,-48,-37,-50,-33,-54,-33,-70,-44,-59,-45,-57,-47,-63,-41,-59,-47,-59,-48,-76,-42,-70,-43,-73,-51,-80,-37,-85,-44,-95,-36,-91,-40,-97,-37,-97,-46,-88,-49,-106,-49,-94,-54,-114,-46,-100,-50,-111,-47,-122,-44,0,0,0,0,0,0,-59,108,-68,122,-55,113,-62,121,-53,123,-62,112,-60,122,-47,110,-63,114,-48,111,-40,117,-57,111,-29,127,-40,119,-52,110,-40,114,-37,108,-44,110,-37,110,-11,124,-16,109,-35,123,-17,101,-11,113,-17,118,-5,122,-14,122,-19,112,-19,125,-13,116,-12,121,-12,119,0,124,-10,114,-23,125,-4,106,-5,117,0,117,-16,109,-7,124,-14,111,-33,98,-11,107,-29,104,-40,93,-22,102,-30,85,-38,88,-22,83,-33,78,-25,71,-31,71,-29,76,-35,67,-38,50,-33,51,-36,46,0,0,0,0,0,0,0,0,0,0]"""
1782318874060,2026-06-25T01:34:34.030,warning,bed_exit,yja,bed_exit_failed,t057,"CSI_DATA,809952,1a:00:00:00:00:00,-63,11,-99,21,48,11,-353227139,47,2,256,0,""[0,0,0,0,0,0,0,0,0,0,0,0,0,10,-5,11,-9,26,-10,17,-11,24,-11,16,-17,25,-15,25,-15,16,-16,22,-23,30,-23,24,-33,22,-27,22,-24,29,-34,30,-28,24,-39,28,-47,31,-54,26,-54,24,-38,27,-41,28,-52,32,-50,24,-49,26,-45,23,-39,20,-63,26,-52,25,-53,36,-58,29,-64,40,-63,36,-61,35,-54,31,-61,37,-55,46,-72,46,-61,44,-52,46,-68,50,-61,43,-64,64,-58,60,-71,76,-67,64,-57,71,-69,61,-79,77,-93,81,-67,66,-64,69,-93,89,-87,81,-78,83,-90,100,0,0,0,0,0,0,87,82,105,100,97,99,95,87,91,95,86,83,106,107,85,89,103,95,89,91,98,93,93,80,70,77,102,83,96,80,85,82,97,74,85,81,83,57,97,81,86,59,104,62,103,67,114,71,111,57,86,57,105,61,110,59,100,55,100,52,95,53,90,38,114,74,99,56,107,55,99,67,119,64,97,65,97,63,77,68,93,67,90,73,76,76,72,64,69,59,74,78,63,62,74,66,54,69,69,72,47,69,43,58,38,56,39,74,26,63,20,52,20,51,0,0,0,0,0,0,0,0,0,0]"""
1782318874071,2026-06-25T01:34:34.041,warning,bed_exit,yja,bed_exit_failed,t057,"CSI_DATA,809953,1a:00:00:00:00:00,-63,11,-99,19,48,11,-353214433,47,2,256,0,""[0,0,0,0,0,0,0,0,0,0,0,0,2,-15,2,-23,-7,-15,0,-23,-3,-19,0,-29,0,-32,3,-25,10,-32,9,-24,10,-29,9,-33,11,-37,11,-35,14,-46,16,-28,19,-46,14,-41,15,-54,18,-53,12,-46,23,-53,32,-40,29,-49,24,-54,37,-46,31,-54,42,-61,16,-46,18,-63,30,-59,35,-71,30,-53,22,-67,26,-67,32,-65,31,-64,25,-71,23,-66,23,-65,31,-78,6,-73,9,-92,23,-84,27,-121,27,-89,9,-106,40,-99,11,-97,12,-105,4,-119,13,-106,8,-120,17,-109,0,-127,2,-128,11,-122,0,0,0,0,0,0,-128,-11,-113,-12,-128,-15,-128,-12,-103,-10,-128,-17,-106,5,-128,0,-107,-4,-128,-15,-128,-9,-113,-13,-122,-2,-105,-8,-128,-4,-126,-4,-118,6,-103,-3,-128,6,-99,19,-119,26,-111,19,-128,22,-121,27,-109,27,-118,31,-103,13,-111,31,-114,26,-104,23,-102,16,-128,18,-84,43,-109,44,-116,35,-128,42,-114,14,-111,38,-122,10,-105,21,-102,19,-118,28,-104,16,-88,12,-108,5,-86,23,-108,21,-94,4,-117,-6,-74,-13,-87,-4,-76,-22,-74,-6,-72,-12,-71,-16,-65,-19,-60,-16,0,0,0,0,0,0,0,0,0,0]"""
1782318874082,2026-06-25T01:34:34.052,warning,bed_exit,yja,bed_exit_failed,t057,"CSI_DATA,809954,1a:00:00:00:00:00,-63,11,-99,14,49,11,-353205079,47,2,256,0,""[0,0,0,0,0,0,0,0,0,0,0,0,-17,2,-19,0,-18,0,-21,0,-25,-4,-19,-7,-22,-9,-16,-13,-28,-12,-25,-14,-23,-17,-21,-16,-32,-22,-33,-25,-39,-28,-33,-27,-34,-29,-36,-33,-35,-39,-38,-35,-28,-27,-45,-46,-22,-42,-40,-48,-34,-48,-28,-41,-28,-48,-33,-58,-46,-43,-43,-48,-38,-59,-46,-55,-34,-59,-42,-54,-41,-67,-41,-57,-35,-59,-47,-52,-47,-56,-52,-56,-49,-67,-64,-54,-66,-58,-64,-70,-61,-77,-46,-67,-61,-72,-53,-84,-75,-73,-75,-83,-86,-77,-84,-82,-77,-83,-71,-84,-93,-82,-85,-99,-85,-104,0,0,0,0,0,0,-108,86,-107,77,-114,84,-105,80,-108,62,-104,83,-95,77,-113,81,-101,73,-111,66,-108,65,-106,41,-100,79,-108,53,-96,67,-108,62,-99,69,-94,65,-109,73,-80,77,-82,81,-95,74,-87,79,-97,73,-94,62,-105,81,-95,59,-87,79,-92,78,-87,69,-88,64,-108,71,-73,88,-85,83,-96,78,-107,77,-99,53,-101,66,-111,44,-104,54,-99,45,-93,56,-97,44,-87,41,-105,33,-83,47,-85,46,-93,18,-98,17,-81,9,-82,6,-82,-3,-81,5,-73,-2,-69,-3,-64,-4,-61,-10,0,0,0,0,0,0,0,0,0,0]"""
1782318874093,2026-06-25T01:34:34.063,warning,bed_exit,yja,bed_exit_failed,t057,"CSI_DATA,809955,1a:00:00:00:00:00,-63,11,-99,15,49,11,-353194633,47,2,256,0,""[0,0,0,0,0,0,0,0,0,0,0,0,0,17,0,17,-5,17,-8,18,-12,18,-7,21,0,26,-6,27,-5,28,-14,28,-11,29,-14,34,-15,28,-26,37,-24,36,-28,44,-21,41,-28,51,-25,28,-18,43,-28,55,-21,49,-27,52,-38,33,-40,45,-32,42,-42,51,-36,60,-40,55,-37,52,-38,66,-28,51,-23,49,-23,66,-21,67,-19,74,-31,78,-29,62,-35,65,-34,78,-30,88,-28,83,-18,87,-19,95,-9,80,0,89,6,95,16,106,3,121,0,113,-23,90,-14,124,0,116,2,118,-25,125,-2,127,15,124,0,0,0,0,0,0,127,-6,127,3,112,6,127,-17,127,-12,125,0,127,-7,127,-13,127,-6,110,-22,101,-35,116,-43,124,-49,127,-35,111,-8,126,-28,113,-25,127,-26,119,-37,118,-44,107,-50,114,-49,87,-36,80,-62,95,-71,98,-87,105,-73,101,-44,110,-67,92,-66,112,-64,102,-83,100,-70,98,-74,95,-75,80,-52,69,-76,75,-86,80,-94,94,-95,90,-75,90,-47,98,-54,97,-47,95,-55,88,-55,86,-40,79,-51,59,-34,62,-43,64,-44,62,-54,72,-42,73,-32,56,-12,65,-11,63,-13,0,0,0,0,0,0,0,0,0,0]"""
1782318874104,2026-06-25T01:34:34.074,warning,bed_exit,yja,bed_exit_failed,t057,"CSI_DATA,809956,1a:00:00:00:00:00,-63,11,-99,19,48,11,-353182055,47,2,256,0,""[0,0,0,0,0,0,0,0,0,0,0,0,-2,17,-11,19,-10,16,-10,17,-13,17,-19,26,-28,22,-31,21,-28,14,-25,21,-30,22,-30,26,-27,24,-28,26,-31,26,-46,11,-51,14,-45,15,-50,15,-56,23,-50,29,-46,9,-50,13,-60,18,-53,9,-60,13,-61,10,-59,6,-62,3,-62,12,-68,10,-69,4,-75,2,-69,13,-65,6,-67,-2,-76,11,-84,17,-85,19,-67,15,-72,9,-92,3,-93,8,-84,16,-100,7,-106,14,-97,4,-101,5,-99,10,-107,19,-122,21,-107,12,-111,12,-128,5,-121,14,-120,5,-128,3,0,0,0,0,0,0,0,120,3,124,-3,127,-15,127,-7,127,-6,127,-10,127,-14,127,-10,125,-14,127,-16,127,-15,127,-24,114,-8,116,-3,127,-3,122,7,125,3,117,-5,104,-10,123,-10,114,4,119,-6,127,-6,127,4,113,-10,105,-3,113,9,126,8,112,2,123,0,116,0,107,-18,120,-6,117,-13,116,-18,126,-21,127,-22,116,-25,121,-33,98,-30,108,-22,118,-35,107,-27,93,-31,90,-46,88,-46,86,-36,86,-54,81,-57,76,-49,68,-53,59,-52,46,-46,51,-57,47,-48,44,-49,37,0,0,0,0,0,0,0,0,0,0]"""
1782318874115,2026-06-25T01:34:34.085,warning,bed_exit,yja,bed_exit_failed,t057,"CSI_DATA,809957,1a:00:00:00:00:00,-63,11,-99,18,48,11,-353171168,47,2,256,0,""[0,0,0,0,0,0,0,0,0,0,0,0,-12,-3,-19,0,-20,-3,-20,-4,-18,-8,-21,-8,-27,-5,-33,-9,-32,-14,-30,-9,-28,-19,-36,-16,-31,-15,-40,-22,-38,-25,-39,-22,-36,-30,-46,-36,-39,-22,-45,-25,-46,-32,-49,-26,-53,-32,-42,-38,-46,-36,-49,-29,-52,-47,-55,-48,-48,-35,-53,-42,-56,-43,-56,-28,-56,-26,-66,-19,-68,-18,-75,-28,-72,-26,-66,-38,-74,-27,-71,-32,-73,-39,-79,-26,-84,-32,-83,-40,-88,-20,-86,-12,-101,0,-103,0,-112,-2,-106,-7,-97,-20,-125,-10,-125,-13,-118,-7,-109,-25,-123,-4,-126,-3,0,0,0,0,0,0,-12,127,-15,127,-9,123,-16,127,-8,127,-28,127,-6,127,-8,127,-9,125,8,123,16,124,12,121,30,127,25,119,0,123,23,120,19,110,16,118,21,124,38,110,32,117,26,120,46,98,48,99,48,94,72,105,66,100,34,106,58,100,61,99,53,112,66,112,59,99,55,104,46,112,61,97,58,90,75,94,75,87,66,98,57,100,40,100,55,96,46,96,35,99,48,84,31,96,20,93,33,80,32,74,35,73,39,69,31,75,22,74,2,68,14,64,5,62,0,0,0,0,0,0,0,0,0,0]"""
1782318874126,2026-06-25T01:34:34.096,warning,bed_exit,yja,bed_exit_failed,t057,"CSI_DATA,809958,1a:00:00:00:00:00,-63,11,-99,19,48,11,-353161567,47,2,256,0,""[0,0,0,0,0,0,0,0,0,0,0,0,-13,16,-12,11,-16,5,-18,10,-25,11,-23,15,-18,16,-19,26,-24,17,-31,15,-35,24,-30,18,-33,14,-37,14,-35,17,-44,29,-43,27,-43,25,-48,16,-50,28,-41,34,-50,21,-51,28,-56,26,-54,27,-53,34,-53,32,-43,38,-64,35,-54,31,-50,43,-53,38,-55,50,-51,48,-51,48,-44,46,-49,67,-42,68,-46,65,-41,59,-35,63,-49,82,-30,71,-38,85,-37,85,-27,109,-26,101,-12,93,-33,93,-24,108,-30,114,-23,106,-9,103,-19,127,-23,120,-18,112,-9,125,0,0,0,0,0,0,122,-5,127,-11,127,-13,127,-25,127,-24,116,-28,127,-22,122,-28,127,-34,127,-41,127,-43,119,-60,103,-35,121,-50,112,-65,98,-61,106,-66,93,-59,76,-51,106,-81,83,-73,88,-94,83,-84,74,-92,71,-99,66,-82,67,-105,70,-107,65,-102,63,-108,46,-104,32,-94,69,-113,48,-100,45,-113,54,-103,45,-123,44,-111,36,-116,36,-99,42,-111,40,-110,51,-98,40,-94,28,-90,37,-95,35,-78,34,-92,34,-79,34,-91,33,-74,25,-72,30,-61,30,-69,36,-69,30,-50,29,-49,0,0,0,0,0,0,0,0,0,0]"""
1782318874137,2026-06-25T01:34:34.107,warning,bed_exit,yja,bed_exit_failed,t057,"CSI_DATA,809959,1a:00:00:00:00:00,-63,11,-99,18,48,11,-353150516,47,2,256,0,""[0,0,0,0,0,0,0,0,0,0,0,0,0,-14,0,-15,3,-27,0,-22,7,-25,3,-19,0,-20,3,-31,7,-25,2,-38,6,-30,8,-33,14,-40,15,-38,15,-39,20,-49,12,-35,19,-47,23,-46,13,-39,22,-48,16,-53,15,-62,13,-53,23,-61,18,-55,23,-57,12,-52,20,-81,15,-58,5,-65,8,-56,3,-73,5,-69,-6,-78,4,-79,4,-85,0,-67,-3,-83,-12,-91,-23,-82,-13,-101,-7,-77,-36,-85,-8,-55,-45,-82,-18,-82,-45,-80,-55,-113,-52,-100,-35,-92,-41,-107,-46,-96,-57,-103,-54,-106,-54,-104,-82,-107,0,0,0,0,0,0,-106,79,-119,98,-88,69,-91,84,-124,99,-87,71,-108,97,-82,91,-100,109,-73,77,-74,78,-77,111,-74,100,-71,124,-57,87,-60,93,-56,110,-54,117,-36,107,-59,125,-40,99,-32,127,-27,98,-30,107,-21,126,-13,120,-12,127,-8,114,-8,120,-3,119,3,127,12,113,-9,127,0,109,12,118,0,85,26,117,4,116,27,113,10,124,0,116,0,100,-3,111,5,121,6,105,-5,105,-7,87,14,93,4,57,4,94,-2,78,7,83,-3,81,0,77,2,66,-7,61,-5,54,0,0,0,0,0,0,0,0,0,0]"""
1782318874148,2026-06-25T01:34:34.118,warning,bed_exit,yja,bed_exit_failed,t057,"CSI_DATA,809960,1a:00:00:00:00:00,-63,11,-99,17,48,11,-353139633,47,2,256,0,""[0,0,0,0,0,0,0,0,0,0,0,0,-13,-44,34,39,-31,14,56,-45,-90,-7,24,0,25,57,-30,-55,-84,-27,-29,-92,-3,-15,-49,11,-66,-3,-23,-33,9,0,-26,-6,-57,-40,-30,6,-47,-34,-52,-37,-71,-6,-42,-17,-54,-36,-52,-19,-59,-24,-56,-25,-56,-26,-53,-21,-63,-31,-59,-22,-56,-26,-66,-21,-76,-20,-66,-20,-65,-13,-55,-19,-72,-17,-79,-9,-80,-6,-77,0,-80,0,-87,-9,-82,-7,-91,10,-104,-4,-107,2,-98,0,-99,15,-94,14,-108,20,-119,30,-97,15,-102,24,-128,26,-117,40,-111,37,-128,42,0,0,0,0,0,0,51,121,54,127,56,127,47,127,47,121,54,121,57,127,56,113,67,118,59,124,63,127,65,107,49,98,74,103,86,108,73,92,88,86,84,80,79,77,87,89,78,76,89,78,99,72,107,80,99,64,91,56,98,59,117,51,109,50,100,50,101,46,94,36,118,56,104,43,109,40,111,50,120,51,107,46,102,35,96,51,97,44,114,42,96,44,91,40,91,33,90,49,77,43,84,29,78,47,84,45,70,32,66,37,59,39,59,37,71,39,53,34,44,35,0,0,0,0,0,0,0,0,0,0]"""
1782318874159,2026-06-25T01:34:34.129,warning,bed_exit,yja,bed_exit_failed,t057,"CSI_DATA,809961,1a:00:00:00:00:00,-63,11,-99,14,49,11,-353128353,47,2,256,0,""[0,0,0,0,0,0,0,0,0,0,0,0,-13,17,-14,8,-16,8,-12,20,-18,17,-14,10,-18,17,-18,15,-28,20,-28,20,-29,7,-39,4,-33,7,-46,5,-47,9,-45,0,-47,4,-48,0,-41,0,-53,5,-65,3,-60,6,-62,-6,-45,-20,-62,-12,-54,-18,-67,-26,-62,-17,-65,-12,-65,-14,-64,-22,-56,-9,-65,0,-65,3,-72,0,-82,-9,-72,-22,-70,-30,-79,-23,-83,-23,-91,-19,-86,-23,-84,-18,-92,-8,-73,-15,-87,-4,-92,-7,-104,4,-121,0,-110,-14,-88,-32,-121,-38,-116,-35,-109,-16,-111,-44,-128,-22,-122,-13,0,0,0,0,0,0,-38,127,-44,127,-40,109,-39,119,-54,127,-65,110,-59,120,-47,116,-61,112,-47,101,-29,96,-38,121,-36,127,-40,126,-57,92,-60,105,-52,101,-64,114,-56,117,-47,117,-39,112,-53,106,-30,92,-16,104,-22,110,-16,127,-31,120,-58,98,-51,110,-49,105,-69,114,-53,120,-48,112,-47,106,-47,105,-41,83,-32,99,-33,107,-35,113,-48,112,-60,94,-72,68,-75,84,-85,83,-79,82,-75,69,-68,62,-66,65,-55,48,-51,52,-51,55,-55,55,-66,52,-66,40,-53,17,-64,19,-60,10,0,0,0,0,0,0,0,0,0,0]"""
1782318874170,2026-06-25T01:34:34.140,warning,bed_exit,yja,bed_exit_failed,t057,"CSI_DATA,809962,1a:00:00:00:00:00,-63,11,-99,19,48,11,-353114567,47,2,256,0,""[0,0,0,0,0,0,0,0,0,0,0,0,14,-9,11,-5,16,-11,11,-12,29,-10,22,-5,19,-10,32,-22,32,-12,29,-19,35,-11,32,-22,31,-13,45,-16,40,-13,61,-21,36,-26,55,-16,48,-11,32,-9,51,-22,54,-25,63,-34,56,-12,54,-23,56,-26,69,-25,52,-27,73,-27,59,-16,66,-34,42,-21,54,-33,47,-40,47,-51,63,-60,62,-65,63,-44,57,-59,60,-60,49,-61,75,-69,61,-61,52,-70,37,-61,41,-98,36,-90,17,-100,49,-110,42,-105,53,-76,61,-111,48,-114,33,-121,50,-111,33,-113,27,-126,0,0,0,0,0,0,-128,-32,-128,-38,-97,-22,-128,-29,-128,-24,-116,-32,-128,-24,-114,-12,-128,-21,-110,0,-107,10,-128,24,-128,17,-128,32,-111,7,-123,21,-117,29,-127,25,-107,38,-128,31,-101,32,-125,48,-79,33,-83,54,-90,65,-99,80,-103,84,-94,51,-94,71,-92,85,-106,85,-83,82,-118,76,-94,65,-91,79,-55,60,-62,94,-72,86,-49,101,-82,99,-73,88,-80,60,-81,76,-91,76,-75,82,-84,63,-67,51,-65,69,-41,43,-57,64,-46,54,-44,81,-53,57,-51,67,-46,38,-56,37,-50,30,0,0,0,0,0,0,0,0,0,0]"""
1782318874181,2026-06-25T01:34:34.151,warning,bed_exit,yja,bed_exit_failed,t057,"CSI_DATA,809963,1a:00:00:00:00:00,-63,11,-99,21,48,11,-353106633,47,2,256,0,""[0,0,0,0,0,0,0,0,0,0,0,0,18,0,13,1,24,5,21,5,22,12,13,8,16,6,35,9,23,11,35,14,26,17,30,18,33,21,35,28,36,30,32,36,29,26,31,34,26,28,38,36,52,48,34,47,42,45,29,42,34,51,45,44,40,54,25,43,39,60,41,49,24,48,36,46,65,40,26,41,58,35,65,39,47,46,53,57,77,50,77,70,62,40,75,55,64,55,65,41,35,53,91,51,93,63,90,26,96,79,112,62,81,50,80,78,81,55,99,56,115,76,115,61,125,54,0,0,0,0,0,0,69,-128,74,-128,46,-101,56,-121,78,-128,56,-96,82,-128,60,-109,75,-128,48,-96,36,-96,30,-126,47,-119,35,-128,42,-101,35,-114,35,-119,50,-122,26,-112,41,-128,30,-108,30,-123,18,-93,8,-106,8,-128,10,-123,1,-128,11,-114,7,-124,1,-116,12,-128,-2,-116,27,-128,23,-115,2,-113,10,-89,-3,-114,6,-112,-13,-112,12,-124,7,-115,19,-96,25,-113,30,-117,21,-103,31,-93,38,-84,19,-85,17,-55,17,-87,19,-71,3,-79,32,-70,33,-70,27,-51,38,-52,32,-49,0,0,0,0,0,0,0,0,0,0]"""
1782318874192,2026-06-25T01:34:34.162,warning,bed_exit,yja,bed_exit_failed,t057,"CSI_DATA,809964,1a:00:00:00:00:00,-63,11,-99,20,48,11,-353095633,47,2,256,0,""[0,0,0,0,0,0,0,0,0,0,0,0,-7,12,-6,13,-16,19,-10,13,-18,15,-16,12,-5,14,-19,30,-18,22,-26,23,-23,18,-21,18,-31,23,-40,18,-38,18,-44,23,-35,20,-50,13,-47,25,-42,11,-65,18,-51,20,-55,30,-58,9,-58,21,-50,24,-55,13,-55,12,-74,14,-69,10,-74,9,-57,22,-67,22,-68,34,-67,30,-63,33,-66,34,-71,15,-73,44,-93,31,-75,37,-88,28,-78,25,-88,32,-58,39,-74,53,-72,55,-65,72,-104,61,-95,69,-96,51,-105,62,-93,55,-94,77,-119,55,-103,63,-114,74,0,0,0,0,0,0,59,125,66,127,61,100,56,120,76,127,37,117,60,127,53,110,47,127,68,95,65,88,81,102,80,102,92,107,56,105,76,86,83,95,68,104,66,94,86,103,67,85,69,108,71,68,81,71,93,90,93,66,103,76,80,85,95,82,99,71,93,78,87,77,96,97,72,91,78,90,75,61,100,73,92,72,95,65,91,76,87,79,60,87,83,82,69,99,65,87,52,92,35,80,45,80,45,52,48,69,45,68,54,60,39,71,40,65,17,65,23,64,13,58,0,0,0,0,0,0,0,0,0,0]"""
1782318874203,2026-06-25T01:34:34.173,warning,bed_exit,yja,bed_exit_failed,t057,"CSI_DATA,809965,1a:00:00:00:00:00,-63,11,-99,19,48,11,-353084633,47,2,256,0,""[0,0,0,0,0,0,0,0,0,0,0,0,-6,14,-11,16,-16,13,-14,5,-18,8,-26,12,-24,12,-29,12,-28,2,-27,2,-34,6,-33,4,-36,0,-42,-4,-49,-6,-37,-10,-43,-5,-46,-13,-52,-24,-54,-32,-51,-27,-38,-29,-48,-29,-54,-33,-42,-42,-44,-42,-38,-35,-51,-34,-36,-46,-45,-46,-46,-46,-48,-67,-47,-63,-46,-59,-42,-63,-45,-54,-40,-53,-54,-66,-41,-71,-43,-69,-47,-65,-43,-65,-49,-78,-53,-73,-52,-95,-50,-92,-51,-88,-50,-88,-42,-89,-42,-97,-50,-116,-36,-105,-42,-106,-32,-112,-32,-122,-29,-128,-34,-125,0,0,0,0,0,0,-128,19,-128,9,-128,13,-128,14,-123,4,-128,7,-128,-13,-128,-4,-128,-5,-128,-21,-128,-17,-124,-14,-114,-23,-124,-24,-122,-25,-119,-31,-124,-32,-119,-31,-117,-24,-112,-31,-127,-34,-107,-17,-128,-38,-123,-36,-118,-30,-108,-42,-103,-42,-120,-38,-109,-44,-112,-48,-104,-48,-109,-46,-102,-57,-111,-55,-101,-50,-113,-86,-103,-66,-95,-75,-87,-81,-79,-71,-76,-75,-83,-88,-62,-89,-56,-82,-60,-81,-43,-86,-50,-86,-43,-78,-33,-101,-29,-82,-18,-81,-9,-76,-4,-73,3,-70,0,-79,6,-63,16,-65,0,0,0,0,0,0,0,0,0,0]"""
1782318874214,2026-06-25T01:34:34.184,warning,bed_exit,yja,bed_exit_failed,t057,"CSI_DATA,809966,1a:00:00:00:00:00,-63,11,-99,18,48,11,-353072014,47,2,256,0,""[0,0,0,0,0,0,0,0,0,0,0,0,7,8,4,14,15,15,14,16,8,19,7,16,12,14,17,22,15,22,13,29,15,27,7,30,5,35,10,40,15,40,14,41,13,36,18,46,17,41,19,44,22,60,27,51,21,62,17,54,20,65,9,54,19,61,17,52,28,64,25,56,36,55,21,48,42,53,49,54,47,58,56,56,51,66,38,55,51,60,69,68,68,51,77,54,67,49,88,44,58,38,81,36,82,40,100,31,120,33,112,46,92,38,106,44,108,28,119,35,127,39,124,27,127,13,0,0,0,0,0,0,15,-128,12,-128,10,-109,-10,-128,2,-128,2,-112,-5,-128,-17,-126,-14,-128,-16,-109,-21,-107,-27,-128,-41,-122,-43,-128,-12,-108,-18,-124,-40,-117,-39,-128,-42,-104,-69,-120,-57,-86,-69,-105,-61,-84,-67,-78,-79,-90,-101,-80,-84,-100,-68,-88,-81,-93,-83,-92,-91,-88,-93,-69,-113,-80,-105,-66,-108,-61,-78,-51,-105,-51,-101,-57,-110,-52,-113,-53,-103,-65,-77,-64,-90,-73,-96,-64,-91,-53,-95,-52,-77,-46,-91,-42,-60,-28,-70,-32,-68,-39,-73,-31,-73,-39,-68,-41,-53,-40,-53,-45,-45,-44,0,0,0,0,0,0,0,0,0,0]"""
1782318874225,2026-06-25T01:34:34.195,warning,bed_exit,yja,bed_exit_failed,t057,"CSI_DATA,809967,1a:00:00:00:00:00,-63,11,-99,14,49,11,-353060666,47,2,256,0,""[0,0,0,0,0,0,0,0,0,0,0,0,-16,-7,-14,0,-20,-2,-17,6,-21,-2,-17,-7,-26,-7,-30,-13,-23,-15,-26,-13,-26,-20,-26,-25,-25,-20,-28,-23,-25,-15,-31,-35,-31,-33,-34,-40,-26,-28,-34,-39,-48,-44,-28,-38,-39,-52,-28,-43,-21,-48,-30,-55,-36,-55,-31,-42,-33,-61,-29,-46,-35,-66,-25,-47,-43,-59,-36,-56,-44,-57,-38,-62,-43,-70,-42,-72,-46,-69,-49,-71,-55,-53,-51,-80,-47,-70,-66,-61,-48,-67,-79,-78,-58,-78,-79,-68,-72,-72,-75,-88,-67,-85,-61,-91,-72,-85,-88,-109,-79,-92,-69,-92,-91,-94,0,0,0,0,0,0,-95,78,-108,97,-87,72,-108,98,-125,97,-87,80,-117,92,-87,77,-111,96,-99,77,-97,82,-101,98,-95,75,-105,91,-105,77,-100,71,-95,81,-85,81,-68,78,-104,92,-78,80,-79,100,-70,81,-78,82,-83,100,-73,85,-87,104,-77,98,-80,78,-85,95,-79,94,-54,83,-97,98,-75,81,-73,97,-69,77,-73,99,-78,79,-79,90,-84,81,-95,82,-86,64,-95,62,-87,66,-70,68,-91,57,-78,45,-73,60,-66,34,-77,53,-72,33,-68,45,-72,36,-78,29,-68,20,-60,9,-58,10,0,0,0,0,0,0,0,0,0,0]"""
1782318874236,2026-06-25T01:34:34.206,warning,bed_exit,yja,bed_exit_failed,t057,"CSI_DATA,809968,1a:00:00:00:00:00,-63,11,-99,17,48,11,-353048737,47,2,256,0,""[0,0,0,0,0,0,0,0,0,0,0,0,12,-6,16,-6,14,-7,17,0,19,-2,26,-7,24,0,22,-3,25,0,30,5,29,-3,36,4,35,2,35,10,44,15,36,20,40,21,40,21,37,30,42,34,51,36,30,33,40,35,32,39,32,46,33,46,41,44,37,44,22,61,34,62,33,47,32,69,29,63,21,66,23,62,31,59,32,65,31,74,23,77,36,72,32,74,23,82,26,83,34,79,26,92,37,100,22,92,32,92,12,99,16,102,15,114,20,104,20,109,15,127,6,127,0,127,3,127,0,0,0,0,0,0,127,17,126,17,127,27,127,21,127,23,127,23,127,39,127,47,117,39,127,49,127,45,126,42,104,52,112,47,120,42,106,50,112,55,107,49,103,50,110,62,106,54,109,56,110,64,102,61,116,61,89,67,106,55,110,55,98,73,99,69,100,67,96,61,93,86,86,87,88,73,87,97,93,92,73,93,74,90,61,94,63,98,62,97,42,103,35,97,46,92,27,97,23,100,27,88,11,90,9,92,0,83,4,84,-9,66,-15,77,-16,74,-24,61,-22,61,0,0,0,0,0,0,0,0,0,0]"""
1782318874247,2026-06-25T01:34:34.217,warning,bed_exit,yja,bed_exit_failed,t057,"CSI_DATA,809969,1a:00:00:00:00:00,-63,11,-99,20,48,11,-353039783,47,2,256,0,""[0,0,0,0,0,0,0,0,0,0,0,0,13,-9,12,-8,19,-4,17,-3,15,-6,17,-10,22,-6,28,-7,29,-2,24,3,32,0,34,4,34,8,35,14,44,9,40,7,43,12,52,20,40,17,36,27,44,31,44,24,51,29,35,35,46,32,48,27,48,47,45,38,55,42,48,35,48,45,38,35,56,39,62,38,50,54,72,43,71,53,57,55,61,54,52,48,54,56,72,49,65,56,71,69,74,51,63,51,73,54,78,67,89,60,85,71,76,73,96,78,86,91,91,85,75,91,86,95,96,91,0,0,0,0,0,0,116,-70,127,-74,101,-65,117,-73,123,-70,117,-65,121,-69,115,-65,126,-55,102,-65,97,-70,112,-55,116,-78,120,-56,109,-45,112,-55,107,-56,109,-57,112,-44,101,-71,98,-60,120,-56,92,-54,91,-61,102,-50,105,-74,112,-59,102,-36,115,-45,107,-48,113,-50,114,-49,110,-63,103,-49,116,-42,101,-38,101,-38,113,-46,117,-40,118,-42,117,-26,103,-12,112,-20,113,-6,108,0,101,-8,93,-4,104,16,85,6,78,9,86,12,82,16,76,9,73,28,62,37,66,31,59,36,0,0,0,0,0,0,0,0,0,0]"""
1782318874258,2026-06-25T01:34:34.228,warning,bed_exit,yja,bed_exit_failed,t057,"CSI_DATA,809970,1a:00:00:00:00:00,-63,11,-99,19,48,11,-353028474,47,2,256,0,""[0,0,0,0,0,0,0,0,0,0,0,0,6,16,6,12,7,15,5,12,4,15,5,23,4,14,8,29,0,21,10,31,7,34,8,33,14,27,6,30,7,31,-2,45,3,45,-4,50,0,51,5,41,9,40,-3,51,7,55,3,56,4,50,0,59,-4,60,-7,59,-11,62,-3,60,0,64,0,60,6,70,0,66,12,67,3,68,9,73,13,78,9,79,22,81,25,70,10,93,13,94,29,74,18,84,35,107,24,102,48,91,24,95,42,88,40,101,38,104,36,104,46,122,50,117,56,113,53,117,0,0,0,0,0,0,123,-47,126,-62,108,-52,127,-56,127,-64,124,-52,126,-57,112,-56,126,-63,123,-64,116,-56,114,-78,108,-50,101,-82,100,-74,91,-73,93,-86,88,-73,80,-79,108,-80,97,-74,85,-78,86,-85,78,-87,78,-101,74,-80,69,-105,73,-103,61,-93,64,-102,62,-97,53,-98,94,-97,82,-93,63,-90,70,-84,70,-118,68,-91,60,-97,80,-82,66,-89,72,-83,71,-85,69,-79,64,-80,81,-67,78,-62,67,-68,62,-59,76,-69,63,-50,61,-61,61,-38,55,-47,62,-36,49,-32,52,-30,0,0,0,0,0,0,0,0,0,0]"""
1782318874269,2026-06-25T01:34:34.239,warning,bed_exit,yja,bed_exit_failed,t057,"CSI_DATA,809971,1a:00:00:00:00:00,-63,11,-99,15,49,11,-353012167,47,2,256,0,""[0,0,0,0,0,0,0,0,0,0,0,0,6,16,6,13,0,16,0,13,-2,18,-3,23,3,14,3,24,-4,27,-3,28,-7,25,-2,27,-4,35,-14,35,-18,30,-12,38,-11,36,-24,48,-18,38,-19,32,-27,36,-14,43,-24,57,-35,42,-29,40,-23,54,-28,48,-30,44,-42,54,-35,46,-40,49,-28,47,-31,49,-24,66,-23,57,-17,73,-27,75,-40,63,-27,75,-42,76,-37,71,-40,79,-37,73,-47,76,-23,68,-12,93,-17,87,-6,105,-31,107,-24,107,-30,93,-31,114,-27,109,-24,120,-49,109,-23,106,-37,121,0,0,0,0,0,0,119,53,127,62,104,46,119,52,127,47,102,60,127,61,112,48,125,65,108,26,107,25,126,28,127,22,127,19,111,36,117,13,119,14,122,30,109,24,127,23,101,16,125,30,98,3,107,3,122,0,122,-8,124,-5,113,15,119,-4,121,-9,125,6,111,0,127,8,118,13,122,15,94,-4,117,-8,116,-6,114,-15,124,-3,112,0,106,22,110,6,116,19,101,17,97,24,86,27,95,34,70,18,85,22,80,19,83,14,80,25,72,26,54,38,59,30,53,36,0,0,0,0,0,0,0,0,0,0]"""
1782318874280,2026-06-25T01:34:34.250,warning,bed_exit,yja,bed_exit_failed,t057,"CSI_DATA,809972,1a:00:00:00:00:00,-63,11,-99,16,49,11,-353007634,47,2,256,0,""[0,0,0,0,0,0,0,0,0,0,0,0,8,4,10,0,18,5,18,5,22,7,19,7,21,0,18,7,18,5,30,3,26,6,23,8,37,8,28,12,29,10,38,15,35,14,47,19,52,15,50,29,59,20,43,16,48,20,58,18,51,12,45,14,52,19,47,19,65,22,55,17,57,19,68,18,73,8,70,5,70,9,61,8,74,5,72,0,78,-10,77,-9,71,-11,80,-6,76,-7,92,-24,81,-14,94,-27,92,-20,88,-28,92,-30,107,-42,113,-48,93,-33,89,-43,116,-49,109,-65,101,-50,114,-63,0,0,0,0,0,0,-73,-100,-79,-106,-81,-110,-79,-108,-77,-106,-73,-93,-93,-106,-81,-96,-93,-97,-86,-101,-91,-101,-94,-82,-77,-73,-98,-78,-101,-76,-92,-62,-104,-66,-94,-51,-95,-42,-108,-65,-97,-44,-112,-43,-111,-45,-121,-42,-125,-27,-98,-29,-113,-23,-126,-17,-117,-17,-115,-14,-106,-11,-102,-7,-126,-16,-114,0,-116,5,-118,-7,-128,0,-109,-4,-113,0,-97,-6,-112,0,-117,-4,-108,-2,-96,2,-90,2,-101,-4,-89,-9,-98,3,-90,-5,-95,-5,-86,-7,-80,-4,-67,-10,-77,-9,-73,-12,-65,-10,-58,-9,0,0,0,0,0,0,0,0,0,0]"""
1782318874291,2026-06-25T01:34:34.261,warning,bed_exit,yja,bed_exit_failed,t057,"CSI_DATA,809973,1a:00:00:00:00:00,-63,11,-99,16,49,11,-352996634,47,2,256,0,""[0,0,0,0,0,0,0,0,0,0,0,0,8,3,8,9,12,5,12,15,8,14,11,21,12,18,5,16,10,22,8,27,12,31,12,24,5,35,11,30,9,40,6,30,6,38,10,36,6,55,-3,49,-6,44,-4,50,-8,43,-4,64,-3,58,-5,53,0,52,-4,56,-9,58,-9,62,2,59,-8,82,-11,68,0,69,-3,70,-4,64,-6,62,-3,74,-7,76,-6,72,-5,75,2,79,6,80,2,83,-5,100,-6,90,-3,88,-13,93,-5,91,0,98,-7,123,-7,91,0,106,-9,112,0,124,-22,127,-12,126,0,0,0,0,0,0,125,11,109,9,127,27,119,7,102,12,127,10,122,20,127,17,110,14,127,33,127,26,114,19,110,18,106,22,121,21,114,21,114,23,110,14,119,13,102,16,119,15,103,7,127,16,127,14,115,3,109,15,100,13,123,8,109,11,108,14,105,13,114,12,103,9,116,9,108,6,127,28,117,22,108,17,107,27,95,32,96,31,109,27,96,43,83,30,97,31,81,31,85,32,80,37,88,57,74,43,72,42,57,46,51,48,50,53,52,57,39,50,43,50,0,0,0,0,0,0,0,0,0,0]"""
1782318874302,2026-06-25T01:34:34.272,warning,bed_exit,yja,bed_exit_failed,t057,"CSI_DATA,809974,1a:00:00:00:00:00,-63,11,-99,20,48,11,-352983810,47,2,256,0,""[0,0,0,0,0,0,0,0,0,0,0,0,2,13,0,16,-7,14,0,18,0,20,0,17,-3,22,-5,18,-2,25,-9,23,-12,25,-3,31,-13,37,-2,37,-9,35,-7,33,-10,39,-14,42,-15,36,-5,42,-8,35,-11,61,-19,47,-18,49,-17,61,-12,54,-16,53,-15,57,-9,61,-3,68,-10,65,-12,68,-10,61,4,63,-10,70,3,71,-2,62,13,69,13,67,17,69,8,83,29,69,28,69,31,91,29,90,18,75,44,82,32,94,52,92,55,105,69,88,61,85,62,89,59,95,88,89,67,103,76,100,0,0,0,0,0,0,102,-92,101,-92,103,-101,95,-81,90,-89,88,-96,78,-88,86,-107,80,-96,78,-93,69,-95,80,-83,60,-97,73,-95,59,-101,54,-104,39,-104,43,-103,48,-114,27,-101,21,-112,26,-114,21,-113,20,-106,25,-109,12,-122,18,-107,0,-111,0,-116,5,-108,0,-105,10,-118,-24,-111,-21,-105,-9,-116,-15,-119,0,-106,-16,-113,-2,-120,-15,-110,-9,-106,-29,-108,-14,-103,-18,-98,-9,-102,-23,-89,-22,-92,-8,-94,-2,-96,3,-74,-6,-86,10,-78,-3,-80,3,-73,-4,-67,7,-71,0,-63,0,0,0,0,0,0,0,0,0,0]"""
1782318874313,2026-06-25T01:34:34.283,warning,bed_exit,yja,bed_exit_failed,t057,"CSI_DATA,809975,1a:00:00:00:00:00,-64,11,-99,16,49,11,-352974634,47,2,256,0,""[0,0,0,0,0,0,0,0,0,0,0,0,15,4,15,3,16,9,14,5,19,8,15,16,17,11,23,12,22,15,14,22,18,22,19,20,11,30,18,34,18,29,28,35,20,36,24,46,8,44,16,28,8,44,24,45,21,52,5,49,2,55,8,56,10,61,18,59,5,65,6,61,11,59,-4,45,15,54,8,58,11,65,19,76,6,75,0,64,-2,77,6,85,11,87,11,92,7,87,11,85,8,77,27,85,18,83,26,97,15,106,12,103,-8,87,0,119,9,119,7,113,-9,115,0,117,-6,120,0,0,0,0,0,0,127,7,127,20,101,22,127,15,127,26,116,24,127,31,113,23,120,36,104,29,105,16,122,22,127,19,124,30,97,36,107,39,104,37,116,49,110,36,123,36,107,25,112,26,88,26,94,11,110,22,118,19,117,30,93,44,106,42,105,30,116,47,114,36,116,42,102,43,105,36,80,45,97,30,99,36,107,35,112,48,95,59,64,58,76,71,82,77,82,66,69,67,60,63,68,57,40,55,54,53,45,54,58,59,50,67,43,71,15,51,14,68,16,62,0,0,0,0,0,0,0,0,0,0]"""
1782318874324,2026-06-25T01:34:34.294,warning,bed_exit,yja,bed_exit_failed,t057,"CSI_DATA,809976,1a:00:00:00:00:00,-63,11,-99,16,49,11,-352962074,47,2,256,0,""[0,0,0,0,0,0,0,0,0,0,0,0,-12,7,-16,13,-12,9,-18,3,-17,6,-21,6,-24,6,-24,3,-26,2,-21,0,-35,4,-36,0,-28,-5,-30,0,-37,0,-35,-10,-47,-7,-45,-15,-44,-17,-35,-24,-48,-25,-35,-16,-48,-22,-50,-18,-48,-23,-49,-31,-49,-25,-52,-27,-49,-37,-55,-32,-56,-27,-56,-35,-55,-34,-57,-32,-53,-29,-58,-40,-61,-33,-70,-39,-62,-47,-60,-38,-74,-32,-63,-42,-79,-53,-70,-30,-86,-53,-93,-49,-76,-48,-91,-49,-79,-53,-81,-50,-88,-65,-83,-61,-98,-61,-94,-69,-94,-68,-95,-75,-100,-79,0,0,0,0,0,0,-79,102,-74,87,-97,105,-78,103,-75,81,-88,105,-83,85,-101,93,-78,80,-106,93,-98,93,-83,89,-85,69,-79,69,-89,91,-80,74,-86,74,-78,69,-69,80,-87,66,-85,88,-68,78,-93,90,-80,86,-72,89,-77,63,-75,78,-78,82,-78,74,-80,83,-76,74,-74,82,-82,69,-88,81,-76,70,-100,77,-95,78,-88,61,-89,61,-83,52,-83,51,-92,56,-96,38,-80,39,-87,46,-82,26,-95,28,-76,30,-85,19,-88,21,-73,11,-76,9,-68,0,-68,0,-69,-5,-62,-10,-59,-13,0,0,0,0,0,0,0,0,0,0]"""
1782318874335,2026-06-25T01:34:34.305,warning,bed_exit,yja,bed_exit_failed,t057,"CSI_DATA,809977,1a:00:00:00:00:00,-63,11,-99,22,48,11,-352952634,47,2,256,0,""[0,0,0,0,0,0,0,0,0,0,0,0,10,16,7,10,11,17,13,10,10,13,9,18,10,19,19,21,12,28,19,26,10,35,14,31,14,31,18,35,13,27,12,56,8,40,12,50,3,42,19,38,19,48,11,47,9,60,6,47,1,48,5,66,1,65,15,57,13,69,9,50,16,75,-9,59,15,64,17,69,28,84,24,67,7,84,5,63,12,90,30,91,30,86,18,107,21,80,45,80,10,42,58,108,26,74,58,70,36,95,50,91,25,117,38,97,43,101,66,127,38,112,37,102,49,112,0,0,0,0,0,0,101,-56,127,-63,94,-47,116,-56,127,-59,97,-46,127,-59,101,-52,117,-62,101,-39,106,-54,117,-62,108,-52,108,-66,104,-57,99,-47,103,-54,99,-62,71,-59,118,-74,85,-59,95,-77,69,-60,80,-72,83,-79,82,-75,98,-83,83,-74,86,-62,88,-70,86,-87,61,-71,105,-90,75,-66,77,-88,72,-58,74,-90,77,-74,74,-79,87,-68,91,-69,86,-58,95,-51,92,-57,74,-59,91,-49,71,-37,71,-58,59,-31,77,-48,76,-26,64,-40,67,-32,71,-20,67,-15,63,-15,55,-7,0,0,0,0,0,0,0,0,0,0]"""
1782318874346,2026-06-25T01:34:34.316,warning,bed_exit,yja,bed_exit_failed,t057,"CSI_DATA,809978,1a:00:00:00:00:00,-63,11,-99,16,49,11,-352941608,47,2,256,0,""[0,0,0,0,0,0,0,0,0,0,0,0,-13,11,-11,5,-19,11,-16,8,-19,12,-18,7,-17,8,-25,8,-28,7,-33,10,-31,5,-28,9,-34,7,-40,2,-33,8,-47,10,-39,2,-46,7,-49,2,-54,2,-70,-3,-46,2,-54,7,-61,0,-54,-7,-55,-6,-59,-7,-49,2,-77,-6,-59,-3,-65,0,-61,-5,-72,10,-71,-2,-68,0,-63,-2,-78,-7,-76,-2,-82,-8,-90,5,-71,18,-93,0,-80,4,-89,18,-66,7,-95,23,-87,4,-88,25,-110,12,-99,8,-112,7,-104,4,-97,10,-126,14,-120,10,-111,9,-128,28,0,0,0,0,0,0,15,112,23,127,15,109,28,127,19,127,22,106,18,127,12,116,22,127,5,113,11,116,24,126,15,104,21,127,18,107,5,108,11,120,25,114,35,88,23,124,21,98,37,114,28,99,44,103,47,112,32,99,35,116,39,111,31,108,31,111,44,108,40,85,38,127,29,101,47,101,22,88,49,106,24,103,44,107,21,103,21,108,16,102,0,105,9,108,20,91,6,100,-4,79,18,91,0,66,6,93,-5,74,-4,81,-6,67,-10,75,-15,68,-20,56,-22,56,0,0,0,0,0,0,0,0,0,0]"""
1782318874357,2026-06-25T01:34:34.327,warning,bed_exit,yja,bed_exit_failed,t057,"CSI_DATA,809979,1a:00:00:00:00:00,-63,11,-99,16,49,11,-352930634,47,2,256,0,""[0,0,0,0,0,0,0,0,0,0,0,0,16,-3,15,-2,22,0,22,0,24,3,18,4,20,-3,34,-3,20,-3,36,4,26,7,33,5,35,6,40,16,39,5,50,17,43,16,47,31,39,24,36,7,47,22,49,16,54,33,45,31,55,24,47,33,49,39,51,37,59,46,49,36,46,47,42,26,54,26,61,30,69,21,66,36,70,43,52,50,72,46,80,50,77,35,71,61,67,59,76,40,52,31,93,27,75,32,96,22,109,50,103,35,80,56,98,70,92,51,104,58,95,68,103,55,116,61,0,0,0,0,0,0,66,-110,92,-128,56,-92,73,-97,78,-126,78,-78,92,-116,71,-99,92,-114,60,-73,55,-85,54,-114,60,-101,62,-124,66,-85,54,-88,56,-103,71,-105,47,-98,76,-102,53,-81,62,-94,47,-85,32,-85,47,-114,45,-111,47,-120,58,-90,54,-105,44,-102,60,-108,42,-93,78,-100,61,-90,60,-93,39,-66,39,-97,45,-96,29,-102,61,-102,65,-95,63,-67,68,-81,82,-76,62,-76,78,-60,69,-49,63,-59,43,-43,56,-51,51,-45,47,-59,68,-43,57,-47,56,-18,62,-21,58,-17,0,0,0,0,0,0,0,0,0,0]"""
1782318874368,2026-06-25T01:34:34.338,warning,bed_exit,yja,bed_exit_failed,t057,"CSI_DATA,809980,1a:00:00:00:00:00,-63,11,-99,20,48,11,-352919053,47,2,256,0,""[0,0,0,0,0,0,0,0,0,0,0,0,10,2,17,6,22,6,25,7,22,2,34,9,28,8,19,8,23,16,17,13,27,18,31,15,37,25,34,27,38,27,24,12,45,35,26,23,52,39,30,49,37,50,42,39,23,33,43,51,37,50,33,48,31,50,35,55,35,30,48,53,27,42,57,80,37,65,43,59,33,60,34,55,27,46,54,52,45,58,36,46,56,77,49,40,69,68,59,57,85,102,45,75,66,73,47,90,63,74,61,63,91,96,76,64,85,95,63,90,82,87,98,113,87,100,0,0,0,0,0,0,114,-80,73,-55,127,-98,106,-66,70,-35,127,-82,78,-61,122,-89,80,-57,127,-78,118,-71,95,-45,94,-61,82,-47,108,-64,98,-69,97,-64,87,-62,114,-76,58,-54,94,-79,75,-57,110,-90,98,-75,81,-62,83,-69,65,-53,89,-87,88,-75,88,-66,80,-57,103,-73,47,-64,87,-86,77,-65,124,-102,103,-54,93,-62,105,-53,87,-53,80,-39,88,-65,93,-45,77,-37,102,-36,58,-39,93,-46,74,-20,112,-29,77,-7,79,-11,66,2,65,-12,60,-4,76,-5,61,0,66,7,0,0,0,0,0,0,0,0,0,0]"""
1782318874379,2026-06-25T01:34:34.349,warning,bed_exit,yja,bed_exit_failed,t057,"CSI_DATA,809981,1a:00:00:00:00:00,-63,11,-99,19,48,11,-352908634,47,2,256,0,""[0,0,0,0,0,0,0,0,0,0,0,0,16,-5,15,-7,26,-3,22,-2,28,0,17,-4,24,-10,30,-4,29,-4,36,3,27,4,35,7,38,10,41,12,41,11,51,6,42,6,46,12,44,11,51,13,69,17,52,10,65,10,52,17,55,24,55,14,61,17,51,7,75,16,57,16,69,10,59,14,68,9,68,8,72,5,75,-4,82,10,70,10,82,12,94,6,78,0,95,-4,68,-9,86,-15,56,-18,83,-27,84,-16,93,-38,109,-31,105,-35,104,-16,111,-23,98,-40,117,-51,122,-34,103,-34,120,-57,0,0,0,0,0,0,-43,-128,-56,-128,-33,-102,-56,-111,-52,-128,-31,-106,-65,-128,-51,-108,-51,-128,-44,-94,-61,-97,-66,-108,-74,-97,-70,-123,-48,-95,-51,-98,-64,-95,-70,-106,-66,-86,-90,-94,-69,-73,-87,-85,-63,-60,-79,-68,-92,-75,-93,-72,-94,-74,-81,-73,-85,-81,-87,-72,-99,-68,-94,-50,-108,-85,-83,-60,-101,-54,-73,-47,-100,-47,-90,-55,-102,-48,-100,-54,-95,-70,-67,-61,-76,-78,-80,-75,-71,-57,-82,-62,-64,-49,-78,-49,-47,-42,-69,-47,-55,-43,-66,-43,-55,-49,-53,-50,-33,-50,-35,-49,-32,-52,0,0,0,0,0,0,0,0,0,0]"""
1782318874390,2026-06-25T01:34:34.360,warning,bed_exit,yja,bed_exit_failed,t057,"CSI_DATA,809982,1a:00:00:00:00:00,-63,11,-99,21,48,11,-352897634,47,2,256,0,""[0,0,0,0,0,0,0,0,0,0,0,0,1,-17,8,-16,0,-12,10,-14,13,-16,15,-21,12,-18,21,-10,16,-25,32,-15,20,-24,31,-21,35,-16,30,-21,45,-13,29,-26,37,-29,40,-23,50,-13,43,-13,44,-6,55,-10,50,-3,52,-10,61,-2,55,-6,63,-7,69,-2,59,-9,64,-5,65,-8,62,0,65,7,64,3,74,10,75,0,71,3,69,-9,75,3,76,0,87,12,79,-21,84,-26,96,-1,99,-2,84,5,99,0,95,11,102,5,111,13,110,-4,110,-6,121,0,114,5,120,-2,122,15,120,16,0,0,0,0,0,0,36,-128,31,-125,34,-124,32,-126,37,-120,41,-128,29,-114,36,-121,42,-119,43,-112,46,-111,59,-92,44,-123,58,-99,49,-107,46,-109,49,-101,47,-105,59,-110,22,-103,22,-111,38,-110,40,-102,50,-105,62,-93,54,-110,49,-89,43,-102,49,-98,48,-95,52,-97,61,-103,38,-100,41,-100,57,-101,61,-96,69,-76,74,-84,86,-70,71,-89,83,-75,67,-77,71,-63,72,-67,85,-55,62,-68,71,-63,80,-47,77,-37,65,-26,73,-22,77,-16,73,-16,68,-14,64,-9,62,-10,59,-1,0,0,0,0,0,0,0,0,0,0]"""
1782318874401,2026-06-25T01:34:34.371,warning,bed_exit,yja,bed_exit_failed,t057,"CSI_DATA,809983,1a:00:00:00:00:00,-63,11,-99,19,47,11,-352886634,47,2,256,0,""[0,0,0,0,0,0,0,0,0,0,0,0,-9,9,-7,15,-11,10,-13,15,-17,16,-28,17,-25,13,-31,13,-28,11,-23,15,-32,21,-38,13,-34,8,-30,6,-43,4,-47,4,-48,3,-48,11,-56,-6,-57,-25,-61,-21,-38,-16,-54,-2,-57,-10,-56,-9,-54,-6,-60,-24,-41,-34,-52,7,-125,-54,-27,-64,-4,127,-107,-50,-128,127,-92,-47,127,-128,-53,-64,-64,-61,-79,-25,-71,-18,-69,-40,-64,-34,-87,-41,-73,-31,-93,-47,-88,-61,-81,-52,-81,-52,-73,-59,-82,-53,-101,-59,-91,-45,-93,-62,-98,-71,-103,-71,-99,-86,-88,-80,0,0,0,0,0,0,-96,85,-84,74,-105,98,-103,79,-86,70,-109,86,-98,70,-112,69,-96,67,-121,79,-118,67,-102,62,-101,46,-92,53,-103,77,-91,69,-91,71,-89,63,-100,56,-94,52,-109,61,-78,53,-125,60,-102,43,-100,46,-94,32,-86,47,-98,59,-91,59,-95,64,-92,53,-103,46,-98,34,-114,42,-100,38,-127,31,-119,14,-108,11,-113,10,-103,2,-98,11,-110,21,-103,10,-93,7,-100,-7,-88,-10,-94,-15,-89,-18,-94,-28,-79,-36,-67,-30,-68,-39,-52,-35,-53,-30,-64,-35,-49,-30,-42,-41,0,0,0,0,0,0,0,0,0,0]"""
1782318874412,2026-06-25T01:34:34.382,warning,bed_exit,yja,bed_exit_failed,t057,"CSI_DATA,809984,1a:00:00:00:00:00,-63,11,-99,19,48,11,-352874864,47,2,256,0,""[0,0,0,0,0,0,0,0,0,0,0,0,0,-17,-6,-19,-3,-14,0,-24,3,-13,0,-31,8,-31,7,-21,11,-30,15,-21,9,-30,14,-31,21,-25,18,-32,24,-32,18,-33,30,-40,25,-34,48,-44,48,-23,48,-17,41,-26,42,-15,54,-29,47,-30,56,-30,47,-29,65,-30,41,-24,62,-26,53,-23,86,-31,71,-16,63,-24,65,-18,67,-22,56,-25,68,-37,64,-25,60,-17,80,-19,60,-30,92,-47,82,-25,116,-44,90,-16,93,-36,93,-10,89,-27,84,-16,109,-33,100,-40,123,-28,110,-17,114,-27,127,-17,113,-4,0,0,0,0,0,0,-5,-128,7,-93,17,-128,6,-119,6,-95,14,-128,2,-90,15,-128,12,-99,25,-128,28,-128,35,-108,15,-107,29,-89,26,-126,26,-124,31,-111,27,-101,37,-121,14,-83,26,-122,18,-91,41,-128,38,-120,33,-87,30,-104,34,-80,31,-113,32,-107,34,-108,33,-93,52,-120,28,-80,41,-117,38,-88,71,-128,70,-93,56,-88,71,-80,62,-74,52,-62,65,-88,69,-76,63,-57,83,-64,50,-57,80,-70,65,-44,103,-56,74,-24,74,-33,72,-11,65,-18,59,-12,75,-13,61,-10,61,0,0,0,0,0,0,0,0,0,0,0]"""
1782318874423,2026-06-25T01:34:34.393,warning,bed_exit,yja,bed_exit_failed,t057,"CSI_DATA,809985,1a:00:00:00:00:00,-63,11,-99,20,48,11,-352864629,47,2,256,0,""[0,0,0,0,0,0,0,0,0,0,0,0,-15,3,-21,4,-11,0,-20,0,-12,9,-33,5,-34,0,-26,-3,-35,6,-21,-5,-42,-3,-39,6,-40,5,-35,2,-44,3,-36,0,-54,0,-36,0,-58,0,-52,8,-29,5,-55,0,-43,-10,-54,2,-57,7,-58,0,-58,8,-67,7,-48,11,-67,19,-51,14,-83,17,-69,16,-65,18,-59,15,-65,16,-54,17,-72,35,-63,32,-58,29,-70,42,-38,43,-74,60,-57,48,-98,81,-72,52,-68,70,-80,58,-61,65,-52,61,-60,98,-55,86,-74,96,-69,85,-48,104,-66,118,-59,96,0,0,0,0,0,0,113,59,81,44,127,71,112,57,75,40,127,62,91,33,127,43,85,30,127,62,127,43,104,44,106,25,88,27,127,17,120,8,111,7,96,0,127,7,82,-12,127,-20,92,-14,127,-19,116,-19,105,-18,100,-26,85,-21,110,-42,98,-43,105,-37,88,-34,119,-43,65,-38,107,-71,88,-46,127,-78,109,-33,92,-55,111,-42,87,-39,82,-40,99,-63,88,-55,70,-45,91,-48,62,-44,88,-67,66,-29,111,-46,72,-31,76,-35,66,-19,63,-24,52,-11,70,-28,58,-21,64,-15,0,0,0,0,0,0,0,0,0,0]"""
1782318874434,2026-06-25T01:34:34.404,warning,bed_exit,yja,bed_exit_failed,t057,"CSI_DATA,809986,1a:00:00:00:00:00,-63,11,-99,15,49,11,-352853634,47,2,256,0,""[0,0,0,0,0,0,0,0,0,0,0,0,16,0,14,4,26,7,18,0,22,3,18,7,23,2,27,8,29,11,36,12,24,13,28,18,32,14,36,25,27,24,42,30,34,26,36,33,35,28,28,14,30,33,48,27,42,50,31,45,33,49,30,51,34,61,34,47,48,51,33,43,38,56,33,42,46,43,43,47,46,46,50,61,48,66,36,60,43,65,52,70,53,52,59,72,53,59,73,51,42,49,68,59,69,71,83,59,86,70,79,80,63,78,68,89,72,87,89,88,71,90,69,86,87,85,0,0,0,0,0,0,97,-74,116,-93,74,-62,94,-85,121,-88,94,-63,110,-88,88,-69,110,-79,84,-55,85,-66,106,-73,93,-80,101,-82,98,-54,102,-54,98,-60,97,-67,88,-66,101,-84,75,-71,95,-74,68,-70,74,-72,85,-80,76,-89,93,-81,85,-67,97,-67,88,-65,100,-75,76,-69,105,-85,76,-70,88,-75,71,-53,81,-80,92,-62,92,-71,91,-64,103,-57,93,-32,98,-38,104,-42,85,-38,93,-34,85,-26,83,-35,67,-17,79,-26,74,-15,75,-24,72,-11,83,-4,59,11,63,13,55,14,0,0,0,0,0,0,0,0,0,0]"""
1782318874445,2026-06-25T01:34:34.415,warning,bed_exit,yja,bed_exit_failed,t057,"CSI_DATA,809987,1a:00:00:00:00:00,-63,11,-99,20,48,11,-352841722,47,2,256,0,""[0,0,0,0,0,0,0,0,0,0,0,0,11,-13,18,-12,21,-9,18,-8,26,-5,25,-14,17,-5,29,-19,26,-13,34,-14,31,-8,34,-11,34,-10,47,-5,40,-3,49,-14,38,-16,58,-8,50,-8,32,-9,45,-9,54,-21,57,-25,48,-5,62,-19,48,-22,62,-12,47,-14,67,-18,63,-15,69,-15,47,-21,62,-33,55,-42,56,-39,61,-51,57,-49,60,-34,62,-49,78,-47,60,-48,69,-61,64,-50,66,-59,46,-54,45,-77,46,-81,40,-89,58,-93,53,-96,63,-78,60,-94,58,-94,54,-107,73,-98,50,-102,53,-109,0,0,0,0,0,0,-111,-62,-126,-73,-94,-44,-117,-57,-128,-57,-104,-59,-128,-64,-100,-40,-125,-63,-101,-18,-104,-10,-124,-12,-128,-10,-128,-5,-108,-33,-109,-9,-119,-7,-119,-10,-108,-9,-128,2,-104,4,-122,-4,-96,24,-100,26,-107,29,-116,46,-118,49,-112,18,-117,38,-107,42,-114,39,-102,45,-126,37,-107,32,-114,38,-86,47,-96,54,-95,58,-99,68,-103,61,-98,51,-98,24,-89,48,-106,34,-96,26,-95,31,-82,23,-96,25,-61,28,-72,28,-71,37,-70,44,-69,28,-70,31,-62,6,-61,17,-58,6,0,0,0,0,0,0,0,0,0,0]"""
1782318874456,2026-06-25T01:34:34.426,warning,bed_exit,yja,bed_exit_failed,t057,"CSI_DATA,809988,1a:00:00:00:00:00,-63,11,-99,16,49,11,-352831634,47,2,256,0,""[0,0,0,0,0,0,0,0,0,0,0,0,-14,-16,-13,-16,-14,-18,-16,-19,-13,-21,-12,-18,-12,-24,-18,-25,-15,-27,-14,-26,-6,-29,-9,-29,-11,-37,-11,-45,-7,-49,-2,-43,-10,-45,3,-54,-4,-53,4,-55,9,-57,-4,-61,4,-52,12,-55,4,-62,11,-54,15,-55,14,-62,13,-66,17,-65,27,-58,12,-65,7,-60,6,-72,10,-67,19,-77,9,-67,23,-67,12,-81,27,-86,27,-79,18,-79,22,-80,27,-90,14,-78,19,-81,11,-92,12,-95,21,-114,19,-113,37,-98,30,-110,28,-116,26,-103,46,-117,32,-121,39,-116,0,0,0,0,0,0,-125,-63,-120,-77,-109,-59,-108,-70,-112,-63,-95,-83,-110,-74,-104,-76,-101,-82,-99,-58,-98,-53,-98,-61,-120,-63,-114,-62,-82,-75,-96,-65,-103,-65,-98,-72,-101,-77,-91,-64,-86,-63,-78,-80,-89,-53,-95,-56,-88,-57,-111,-54,-98,-58,-81,-71,-99,-65,-96,-57,-95,-77,-93,-86,-86,-69,-86,-75,-70,-90,-88,-73,-80,-73,-91,-67,-90,-74,-88,-82,-69,-81,-55,-83,-66,-86,-49,-86,-49,-97,-43,-82,-30,-89,-24,-90,-33,-75,-24,-70,-26,-71,-28,-69,-20,-80,-12,-70,2,-67,3,-63,15,-63,0,0,0,0,0,0,0,0,0,0]"""
1782318874467,2026-06-25T01:34:34.437,warning,bed_exit,yja,bed_exit_failed,t057,"CSI_DATA,809989,1a:00:00:00:00:00,-63,11,-99,20,48,11,-352820634,47,2,256,0,""[0,0,0,0,0,0,0,0,0,0,0,0,0,19,-7,22,-10,27,-4,18,-14,28,-9,22,-10,23,-19,24,-10,33,-15,27,-24,28,-16,31,-26,33,-26,35,-31,34,-25,39,-24,37,-33,32,-33,43,-30,36,-40,30,-33,54,-32,43,-56,37,-48,53,-40,46,-43,47,-43,47,-51,54,-45,47,-44,50,-35,46,-44,56,-40,62,-36,63,-30,68,-34,64,-46,58,-43,75,-48,75,-43,69,-37,80,-33,69,-51,75,-25,83,-24,87,-20,89,-18,93,-20,108,-27,112,-44,101,-29,107,-32,106,-23,120,-39,117,-25,122,-27,127,0,0,0,0,0,0,127,43,127,46,112,35,119,45,127,33,109,56,127,46,120,35,127,55,117,16,114,14,120,17,127,7,127,8,114,35,114,8,123,9,118,21,117,17,121,-4,104,0,121,14,106,-14,117,-22,123,-12,126,-28,118,-19,120,2,111,-14,113,-19,124,-10,115,-11,124,-22,107,-15,119,-5,106,-22,108,-23,113,-26,112,-23,114,-26,113,-17,105,2,114,-14,113,3,103,8,97,-4,81,7,95,11,75,4,81,4,80,0,73,0,80,3,75,12,64,23,66,16,59,24,0,0,0,0,0,0,0,0,0,0]"""
1782318874478,2026-06-25T01:34:34.448,warning,bed_exit,yja,bed_exit_failed,t057,"CSI_DATA,809990,1a:00:00:00:00:00,-63,11,-99,18,48,11,-352807267,47,2,256,0,""[0,0,0,0,0,0,0,0,0,0,0,0,2,19,3,23,4,19,0,25,-2,20,-17,34,-6,31,-8,32,-12,25,-14,27,-23,31,-18,32,-18,25,-21,25,-25,36,-26,32,-29,42,-29,40,-42,44,-41,30,-45,29,-41,31,-41,28,-45,34,-49,28,-57,35,-53,35,-61,41,-43,33,-54,43,-51,41,-71,42,-62,34,-58,29,-61,25,-64,31,-55,36,-68,52,-64,42,-55,35,-66,39,-58,48,-73,64,-70,48,-101,70,-84,51,-83,55,-98,48,-80,51,-87,48,-101,67,-93,65,-107,66,-104,58,-104,69,-114,69,-107,58,0,0,0,0,0,0,61,117,41,99,57,127,58,120,33,107,60,127,46,99,54,127,46,99,41,127,38,127,32,119,30,116,20,103,41,122,39,121,39,117,31,106,36,118,34,93,49,119,45,100,46,127,36,126,35,100,32,108,27,104,45,112,33,110,29,111,33,111,34,118,33,91,42,116,33,106,31,127,14,124,16,112,0,117,0,105,6,108,12,119,-5,104,-2,91,-12,101,-6,86,-5,103,-16,90,-36,107,-33,77,-32,75,-42,79,-30,65,-33,61,-40,69,-39,52,-39,52,0,0,0,0,0,0,0,0,0,0]"""
1782318874489,2026-06-25T01:34:34.459,warning,bed_exit,yja,bed_exit_failed,t057,"CSI_DATA,809991,1a:00:00:00:00:00,-63,11,-99,14,48,11,-352798634,47,2,256,0,""[0,0,0,0,0,0,0,0,0,0,0,0,9,-15,14,-20,14,-15,15,-11,22,-19,19,-17,30,-21,24,-6,24,-19,28,-10,32,-21,36,-17,37,-15,47,-15,50,-9,35,-21,44,-22,52,-30,53,-22,62,-4,57,-4,62,-7,62,-9,55,-8,61,0,58,-3,73,-2,58,-9,63,-15,54,-8,58,-18,69,-24,63,9,47,-10,77,4,88,-8,57,-17,81,-33,83,-6,80,-25,64,-15,87,-44,76,-46,80,-19,82,-40,69,-31,97,-53,93,-42,81,-47,127,-50,102,-46,79,-59,108,-35,115,-59,120,-62,114,-54,121,-54,0,0,0,0,0,0,-55,-128,-47,-128,-50,-120,-48,-127,-42,-117,-43,-123,-50,-117,-54,-124,-42,-119,-48,-120,-50,-123,-32,-116,-55,-120,-31,-119,-52,-114,-50,-115,-52,-105,-51,-108,-39,-119,-66,-91,-73,-94,-62,-106,-61,-110,-53,-108,-44,-105,-68,-106,-51,-97,-57,-92,-66,-104,-55,-92,-54,-93,-62,-113,-75,-84,-68,-91,-70,-108,-70,-113,-42,-102,-54,-99,-41,-112,-51,-106,-43,-103,-51,-98,-41,-95,-36,-94,-25,-97,-44,-86,-40,-90,-19,-95,-19,-93,-8,-72,-7,-82,7,-79,-4,-80,4,-68,6,-73,4,-74,7,-62,0,0,0,0,0,0,0,0,0,0]"""
1782318874500,2026-06-25T01:34:34.470,warning,bed_exit,yja,bed_exit_failed,t057,"CSI_DATA,809992,1a:00:00:00:00:00,-63,11,-99,19,48,11,-352787633,47,2,256,0,""[0,0,0,0,0,0,0,0,0,0,0,0,-19,-8,-15,-10,-19,-16,-18,-13,-10,-21,-14,-18,-19,-16,-28,-32,-28,-25,-23,-25,-19,-33,-18,-35,-22,-27,-15,-36,-14,-36,-29,-51,-18,-41,-9,-61,-15,-43,-13,-44,-15,-60,-28,-50,-26,-62,-5,-59,-11,-60,-19,-60,-12,-68,-12,-70,-5,-68,-5,-67,2,-76,-3,-47,-17,-61,-26,-67,-22,-64,-30,-73,-25,-87,-3,-76,-32,-83,-18,-92,-16,-81,-19,-93,-14,-85,-15,-89,-30,-75,-36,-99,-38,-82,-57,-88,-50,-95,-50,-100,-22,-102,-34,-114,-31,-109,-53,-122,-25,-123,-40,-103,-38,-123,0,0,0,0,0,0,-128,14,-128,22,-110,18,-128,28,-128,35,-116,10,-128,22,-124,23,-128,2,-114,30,-109,35,-122,40,-127,48,-127,41,-119,12,-122,27,-120,32,-122,16,-112,28,-128,40,-110,31,-128,18,-89,33,-97,48,-109,47,-110,62,-120,55,-116,22,-116,38,-110,50,-123,35,-113,37,-128,30,-107,18,-125,18,-95,27,-105,40,-114,45,-105,46,-112,38,-114,26,-107,-3,-114,18,-111,0,-102,0,-107,-9,-90,-16,-93,-19,-73,-4,-82,-6,-82,0,-81,-2,-82,-10,-80,-18,-61,-32,-60,-28,-50,-33,0,0,0,0,0,0,0,0,0,0]"""
1782318874511,2026-06-25T01:34:34.481,warning,bed_exit,yja,bed_exit_failed,t057,"CSI_DATA,809993,1a:00:00:00:00:00,-63,11,-99,20,48,11,-352774338,47,2,256,0,""[0,0,0,0,0,0,0,0,0,0,0,0,11,18,4,17,7,27,2,25,10,21,10,29,9,30,4,29,4,27,3,39,4,40,4,35,0,44,-2,42,0,45,-6,45,-9,48,-4,53,-8,54,-15,68,-2,65,-17,48,-10,62,-11,66,-15,59,-12,63,-11,51,-13,52,-27,66,-19,65,-16,68,-20,74,-25,86,-21,72,-18,73,-17,61,-16,72,-6,85,-10,83,-7,80,0,77,-12,88,-5,80,-6,95,-4,97,-4,103,-5,96,-2,100,-8,99,0,120,6,125,3,96,10,102,0,127,-4,125,3,127,2,127,0,0,0,0,0,0,127,6,127,5,127,0,127,6,127,7,126,3,127,2,125,11,127,6,127,10,127,10,123,-11,112,7,127,-7,127,-12,109,-15,124,-17,112,-16,106,-19,125,-15,113,-17,123,-20,125,-19,127,-20,121,-29,109,-12,119,-34,124,-33,117,-27,115,-35,106,-27,95,-30,124,-21,114,-34,117,-26,126,-24,127,-20,117,-11,123,-10,102,-2,111,-14,114,-24,114,-7,97,-8,95,-4,99,5,90,2,94,5,93,18,94,12,78,17,79,15,65,28,73,21,76,24,60,17,51,28,0,0,0,0,0,0,0,0,0,0]"""
1782318874522,2026-06-25T01:34:34.492,warning,bed_exit,yja,bed_exit_failed,t057,"CSI_DATA,809994,1a:00:00:00:00:00,-63,11,-99,17,48,11,-352764812,47,2,256,0,""[0,0,0,0,0,0,0,0,0,0,0,0,19,2,17,13,16,17,19,24,22,17,26,20,26,26,15,16,21,22,21,34,30,34,26,32,26,34,29,35,29,44,23,30,30,40,29,32,39,55,23,50,14,47,30,45,22,45,40,57,41,57,33,46,36,47,32,50,36,47,46,52,44,43,59,66,43,64,41,55,47,62,43,47,51,45,69,44,63,47,60,42,59,56,74,27,82,27,87,44,108,54,80,51,90,32,86,61,86,41,111,41,127,22,103,21,114,27,121,34,127,23,127,30,127,40,0,0,0,0,0,0,33,-128,27,-122,25,-128,32,-124,12,-101,11,-128,10,-121,9,-128,0,-118,11,-128,15,-128,14,-109,3,-117,10,-113,-16,-128,-27,-124,-23,-116,-22,-108,-17,-121,-26,-98,-40,-110,-37,-103,-41,-128,-22,-123,-36,-107,-33,-107,-41,-100,-59,-109,-57,-102,-50,-92,-50,-87,-45,-104,-64,-72,-65,-97,-62,-106,-80,-128,-37,-118,-56,-96,-44,-118,-30,-92,-45,-101,-77,-94,-56,-89,-41,-70,-33,-86,-56,-72,-54,-80,-40,-91,-35,-108,-13,-78,-27,-81,-11,-79,-16,-66,-12,-69,-21,-74,-17,-60,-16,-59,0,0,0,0,0,0,0,0,0,0]"""
1782318874533,2026-06-25T01:34:34.503,warning,bed_exit,yja,bed_exit_failed,t057,"CSI_DATA,809995,1a:00:00:00:00:00,-63,11,-99,17,48,11,-352752806,47,2,256,0,""[0,0,0,0,0,0,0,0,0,0,0,0,-15,-15,-14,-13,-15,-13,-16,-13,-14,-15,-11,-24,-17,-17,-19,-23,-12,-27,-23,-32,-16,-32,-14,-37,-24,-33,-13,-41,-17,-40,-7,-61,-14,-43,-7,-56,-7,-42,-7,-37,-4,-64,-9,-61,-11,-73,-5,-55,0,-60,0,-64,6,-76,0,-65,10,-74,3,-65,10,-73,2,-51,-5,-62,0,-69,-15,-74,0,-88,-3,-81,7,-74,2,-84,2,-98,-9,-88,16,-100,20,-88,-10,-88,4,-64,-9,-99,4,-89,-33,-104,-10,-119,-21,-110,2,-83,16,-122,9,-118,-9,-121,17,-120,3,-117,-11,-119,0,0,0,0,0,0,-128,-10,-128,-17,-108,-6,-128,-13,-128,-30,-116,-27,-128,-32,-122,-21,-128,-29,-109,-21,-104,-9,-128,0,-128,-22,-128,0,-108,-15,-114,-13,-112,-9,-127,-20,-116,-7,-128,-30,-108,-13,-123,-16,-89,-9,-96,5,-120,11,-121,-4,-128,4,-108,-14,-113,-9,-120,-3,-128,-19,-122,-5,-128,-36,-118,-31,-118,-20,-80,-23,-110,-7,-106,-21,-116,-9,-118,-34,-112,-32,-87,-51,-96,-49,-100,-57,-97,-40,-80,-71,-62,-62,-76,-45,-44,-37,-67,-46,-61,-50,-71,-40,-56,-57,-52,-49,-30,-45,-32,-50,-31,-52,0,0,0,0,0,0,0,0,0,0]"""
1782318874544,2026-06-25T01:34:34.514,warning,bed_exit,yja,bed_exit_failed,t057,"CSI_DATA,809996,1a:00:00:00:00:00,-63,11,-99,18,48,11,-352741723,47,2,256,0,""[0,0,0,0,0,0,0,0,0,0,0,0,-18,-12,-17,-10,-19,-14,-18,-16,-21,-15,-14,-19,-14,-25,-19,-27,-13,-30,-26,-27,-19,-28,-17,-40,-19,-32,-19,-36,-19,-35,-10,-54,-8,-48,-9,-51,-13,-38,-12,-53,-16,-71,0,-55,-12,-71,-5,-53,0,-57,0,-65,3,-71,0,-66,9,-73,3,-66,7,-70,2,-48,-9,-61,0,-70,-7,-67,2,-80,0,-83,8,-74,5,-82,5,-97,-12,-88,19,-101,16,-88,-8,-83,7,-69,-5,-95,8,-87,-19,-99,0,-116,-5,-106,5,-88,20,-120,8,-118,2,-126,14,-120,8,-113,7,-126,0,0,0,0,0,0,-128,-25,-128,-29,-100,-15,-128,-36,-128,-35,-110,-40,-128,-40,-114,-33,-128,-44,-106,-42,-100,-28,-128,-33,-120,-43,-128,-25,-98,-32,-114,-38,-121,-32,-122,-39,-112,-30,-128,-45,-104,-41,-117,-38,-86,-26,-96,-18,-122,-22,-109,-27,-127,-27,-104,-32,-113,-38,-118,-35,-125,-48,-114,-28,-127,-57,-105,-53,-107,-42,-77,-41,-107,-35,-90,-53,-110,-40,-100,-65,-98,-66,-74,-67,-81,-71,-86,-77,-80,-68,-65,-85,-47,-75,-66,-68,-29,-44,-55,-57,-39,-64,-51,-54,-36,-73,-31,-64,-19,-56,-12,-58,-5,-55,0,0,0,0,0,0,0,0,0,0]"""
1782318874555,2026-06-25T01:34:34.525,warning,bed_exit,yja,bed_exit_failed,t057,"CSI_DATA,809997,1a:00:00:00:00:00,-63,11,-99,20,48,11,-352732634,47,2,256,0,""[0,0,0,0,0,0,0,0,0,0,0,0,18,0,14,4,26,12,20,15,25,19,30,14,28,6,34,11,21,17,37,19,31,19,31,9,39,27,35,23,32,25,48,24,29,21,48,31,47,33,37,34,48,39,44,37,57,34,53,32,51,43,54,35,62,29,50,16,66,36,54,29,67,12,57,21,69,18,67,25,73,9,70,14,79,16,76,7,83,14,91,3,77,-16,102,0,77,-8,92,-24,72,-12,102,-35,98,-20,92,-35,104,-37,114,-32,112,-27,106,-33,90,-47,117,-59,119,-48,104,-49,103,-70,0,0,0,0,0,0,-72,-106,-103,-109,-73,-93,-96,-87,-99,-113,-80,-71,-111,-112,-87,-86,-108,-99,-83,-83,-102,-75,-104,-76,-95,-72,-117,-72,-99,-63,-96,-63,-104,-64,-112,-52,-94,-30,-128,-45,-104,-27,-120,-21,-99,-23,-116,-25,-126,-11,-111,-19,-125,-6,-118,-13,-115,-16,-122,-8,-122,10,-100,16,-128,-3,-111,6,-116,28,-98,0,-128,28,-116,9,-116,20,-108,15,-114,12,-103,15,-111,0,-106,8,-94,19,-108,9,-82,6,-95,22,-66,5,-88,16,-79,2,-77,10,-67,3,-76,0,-66,-3,-59,-8,-52,-7,0,0,0,0,0,0,0,0,0,0]"""
1782318874566,2026-06-25T01:34:34.536,warning,bed_exit,yja,bed_exit_failed,t057,"CSI_DATA,809998,1a:00:00:00:00:00,-63,11,-99,14,49,11,-352718159,47,2,256,0,""[0,0,0,0,0,0,0,0,0,0,0,0,7,13,4,16,4,25,0,22,0,25,0,30,0,31,-4,28,-7,30,-2,39,-6,34,-12,34,-14,46,-17,34,-17,43,-23,42,-22,39,-22,47,-34,52,-35,48,-41,43,-31,40,-35,46,-44,55,-46,47,-43,44,-41,41,-42,34,-59,44,-52,48,-44,44,-60,44,-61,52,-57,49,-55,54,-48,40,-59,49,-55,54,-64,47,-58,56,-56,56,-68,52,-58,53,-62,70,-73,58,-74,74,-67,57,-68,67,-77,67,-80,75,-93,80,-79,58,-74,65,-105,81,-100,77,-93,77,-110,85,0,0,0,0,0,0,71,112,72,109,72,119,69,109,58,111,61,112,68,124,61,119,68,120,51,122,59,126,60,112,42,103,54,120,58,114,44,100,52,113,47,101,45,91,42,118,43,105,53,106,58,118,57,118,58,110,39,97,44,107,54,117,48,111,44,106,43,108,43,91,36,121,40,111,34,111,29,121,38,125,28,119,25,113,8,99,8,113,8,112,0,107,-2,100,0,87,-15,96,-18,86,-13,94,-25,88,-21,90,-26,77,-30,72,-28,56,-28,72,-43,60,-38,49,-36,43,0,0,0,0,0,0,0,0,0,0]"""
1782318874577,2026-06-25T01:34:34.547,warning,bed_exit,yja,bed_exit_failed,t057,"CSI_DATA,809999,1a:00:00:00:00:00,-63,11,-99,17,48,11,-352709656,47,2,256,0,""[0,0,0,0,0,0,0,0,0,0,0,0,-3,19,-4,24,0,14,-2,27,0,27,-12,34,-24,25,-15,22,-16,29,-25,17,-21,35,-22,34,-24,26,-24,34,-37,36,-27,32,-34,44,-32,40,-45,37,-40,31,-37,17,-46,35,-50,27,-45,43,-50,41,-44,43,-45,39,-63,41,-35,37,-51,39,-52,41,-66,51,-65,30,-55,33,-65,25,-59,47,-52,43,-49,63,-45,49,-47,44,-65,45,-36,63,-54,73,-67,60,-78,91,-77,53,-74,71,-90,60,-67,66,-72,78,-71,100,-61,101,-77,98,-74,89,-57,99,-92,104,-90,89,0,0,0,0,0,0,93,101,74,88,111,113,82,99,72,78,101,110,72,70,102,98,76,80,97,107,91,110,59,99,83,94,61,90,98,86,101,81,90,80,90,74,92,92,82,51,104,70,84,70,97,82,90,89,65,82,87,81,72,69,101,60,100,66,94,67,87,59,93,91,87,42,102,65,92,73,109,97,70,100,77,89,62,100,65,84,67,78,90,70,74,69,60,64,55,91,64,56,65,70,44,80,50,97,15,78,25,80,10,76,19,71,11,64,23,65,16,61,5,61,0,0,0,0,0,0,0,0,0,0]"""
1782318874588,2026-06-25T01:34:34.558,warning,bed_exit,yja,bed_exit_failed,t057,"CSI_DATA,810000,1a:00:00:00:00:00,-63,11,-99,19,48,11,-352698681,47,2,256,0,""[0,0,0,0,0,0,0,0,0,0,0,0,0,26,0,26,-4,24,-4,22,-7,25,0,29,-3,28,-5,33,-3,41,-11,32,-11,37,-14,36,-15,36,-14,45,-17,44,-13,53,-9,50,-19,57,-22,51,-14,42,-19,40,-15,62,-18,60,-32,50,-24,56,-23,59,-19,62,-18,67,-15,65,-16,62,-13,69,-8,61,-10,67,-6,68,-5,74,9,79,4,80,-6,71,10,79,4,83,4,89,25,85,19,84,14,93,29,86,34,78,40,84,47,98,48,97,43,101,36,98,53,111,61,109,64,108,47,112,66,109,65,109,0,0,0,0,0,0,118,-70,120,-70,105,-64,107,-74,113,-85,110,-72,110,-82,102,-80,110,-73,84,-89,86,-84,84,-83,81,-121,88,-94,89,-81,78,-88,75,-87,82,-93,76,-95,57,-103,54,-99,62,-106,50,-94,42,-104,46,-112,38,-127,40,-121,49,-99,42,-112,32,-111,40,-116,32,-116,22,-124,27,-112,32,-113,21,-104,11,-108,17,-106,18,-112,12,-119,26,-106,31,-101,24,-97,38,-101,32,-92,17,-95,25,-88,38,-90,22,-80,22,-78,19,-80,26,-73,21,-69,24,-69,38,-55,27,-57,30,-51,0,0,0,0,0,0,0,0,0,0]"""
1782318874599,2026-06-25T01:34:34.569,warning,bed_exit,yja,bed_exit_failed,t057,"CSI_DATA,810001,1a:00:00:00:00:00,-63,11,-99,19,48,11,-352688634,47,2,256,0,""[0,0,0,0,0,0,0,0,0,0,0,0,-7,-18,-7,-17,0,-28,-8,-24,-8,-21,0,-27,-2,-35,0,-45,4,-31,-2,-44,0,-35,10,-37,4,-36,0,-46,-3,-41,8,-62,6,-50,11,-56,12,-45,0,-42,-2,-56,16,-57,13,-66,8,-57,15,-53,19,-62,15,-68,10,-55,8,-72,10,-54,9,-74,5,-52,-2,-71,2,-67,0,-75,4,-75,0,-88,0,-79,4,-82,-6,-85,-21,-75,-2,-101,-3,-80,-30,-85,-16,-80,-37,-100,-17,-102,-41,-101,-35,-105,-36,-111,-25,-99,-22,-111,-30,-104,-43,-128,-44,-109,-29,-94,-54,-121,0,0,0,0,0,0,-118,56,-128,66,-101,45,-127,68,-128,73,-104,53,-128,71,-98,56,-127,73,-105,45,-110,63,-113,74,-116,55,-113,84,-100,68,-108,67,-104,80,-91,80,-68,65,-114,92,-82,73,-86,97,-66,65,-75,81,-73,97,-69,85,-84,108,-80,94,-75,85,-79,94,-76,102,-51,89,-87,109,-68,88,-67,105,-55,69,-63,107,-73,85,-61,101,-74,88,-75,88,-79,76,-81,72,-76,83,-55,72,-80,78,-65,48,-61,74,-48,40,-66,61,-60,45,-59,60,-55,47,-61,47,-57,35,-54,22,-46,18,0,0,0,0,0,0,0,0,0,0]"""
1782318874610,2026-06-25T01:34:34.580,warning,bed_exit,yja,bed_exit_failed,t057,"CSI_DATA,810002,1a:00:00:00:00:00,-63,11,-99,18,48,11,-352676499,47,2,256,0,""[0,0,0,0,0,0,0,0,0,0,0,0,15,7,21,7,20,9,27,8,23,13,31,18,27,19,23,20,27,25,25,20,35,22,36,25,35,21,28,23,30,34,31,39,34,42,32,39,36,48,27,45,16,42,25,39,30,45,43,42,38,48,42,45,47,44,42,51,34,45,38,55,49,47,47,69,49,58,49,52,44,52,49,56,58,46,70,42,65,43,66,34,69,43,67,43,85,44,78,40,96,48,95,59,97,41,97,46,77,41,99,36,114,33,110,21,112,35,125,44,116,25,124,29,118,53,0,0,0,0,0,0,41,-124,29,-113,41,-128,44,-128,32,-119,38,-128,28,-116,26,-128,17,-116,39,-128,34,-128,25,-128,30,-118,13,-105,-7,-128,-9,-114,-6,-120,-8,-110,-7,-118,-8,-111,-13,-127,-13,-107,-8,-128,-7,-128,-21,-110,0,-105,-25,-99,-40,-119,-39,-110,-48,-104,-32,-104,-34,-112,-30,-110,-31,-116,-35,-107,-31,-128,-22,-125,-26,-110,-18,-114,-14,-105,-25,-93,-42,-109,-30,-101,-29,-82,-18,-94,-14,-88,-19,-101,-14,-86,-7,-97,0,-86,-2,-82,4,-77,6,-69,3,-70,0,-70,4,-66,6,-59,0,0,0,0,0,0,0,0,0,0]"""
1782318874621,2026-06-25T01:34:34.591,warning,bed_exit,yja,bed_exit_failed,t057,"CSI_DATA,810003,1a:00:00:00:00:00,-63,11,-99,19,48,11,-352665643,47,2,256,0,""[0,0,0,0,0,0,0,0,0,0,0,0,10,11,16,12,18,23,12,29,17,22,13,32,8,29,16,37,6,27,10,33,19,42,9,32,9,47,7,48,5,46,-2,48,-6,46,0,53,-9,61,-16,64,-17,68,-17,52,-10,62,-19,69,-15,66,-11,61,-17,61,-17,55,-34,67,-32,69,-23,55,-34,72,-27,73,-28,72,-25,63,-26,59,-29,66,-28,71,-44,81,-38,78,-31,85,-45,68,-45,79,-35,82,-43,79,-41,93,-47,74,-28,93,-64,93,-45,91,-67,103,-60,84,-67,101,-65,103,-75,102,-81,101,-71,103,0,0,0,0,0,0,105,89,98,99,107,102,97,93,93,87,85,94,86,114,92,110,87,102,88,109,81,104,88,100,64,95,88,97,85,88,75,84,79,93,70,94,71,87,67,106,68,102,62,87,72,100,67,107,85,99,52,97,76,86,72,98,72,90,72,91,67,99,64,94,48,116,46,116,54,98,42,117,60,120,38,112,40,106,25,105,25,104,25,111,16,108,13,103,16,103,-16,95,-13,99,-3,89,-16,78,-17,90,-17,81,-14,80,-31,65,-18,62,-33,57,-32,49,-34,50,0,0,0,0,0,0,0,0,0,0]"""
1782318874632,2026-06-25T01:34:34.602,warning,bed_exit,yja,bed_exit_failed,t057,"CSI_DATA,810004,1a:00:00:00:00:00,-63,11,-99,18,48,11,-352654399,47,2,256,0,""[0,0,0,0,0,0,0,0,0,0,0,0,9,20,20,20,19,19,15,23,20,26,13,27,9,33,3,33,14,33,7,34,2,38,5,42,5,42,7,47,9,52,5,45,8,55,5,56,8,55,-8,61,-14,53,13,64,-19,61,4,61,-2,68,0,60,-7,62,-10,71,9,65,7,68,-3,70,0,69,3,71,4,70,-3,72,0,81,0,72,12,67,14,70,14,77,8,88,29,73,31,87,28,100,18,99,10,80,22,94,16,104,35,100,34,108,49,103,43,110,41,108,40,116,61,118,44,121,47,123,0,0,0,0,0,0,127,-49,127,-45,127,-55,127,-48,123,-39,127,-41,117,-58,120,-54,118,-49,121,-40,119,-42,118,-26,119,-51,113,-38,112,-42,114,-48,109,-56,109,-54,116,-55,88,-65,90,-68,109,-62,99,-64,96,-58,97,-49,98,-73,99,-54,78,-74,94,-67,86,-66,88,-68,104,-65,73,-81,83,-84,100,-77,100,-75,100,-52,94,-65,103,-54,105,-57,100,-53,84,-69,84,-58,80,-52,85,-42,79,-54,80,-48,88,-33,87,-31,60,-16,73,-19,78,-9,72,-19,79,-7,64,-17,64,-2,62,0,0,0,0,0,0,0,0,0,0,0]"""
1782318874643,2026-06-25T01:34:34.613,warning,bed_exit,yja,bed_exit_failed,t057,"CSI_DATA,810005,1a:00:00:00:00:00,-63,11,-99,16,48,11,-352644404,47,2,256,0,""[0,0,0,0,0,0,0,0,0,0,0,0,21,5,9,4,23,10,25,5,32,16,23,13,27,17,33,20,42,23,31,19,26,30,35,35,33,23,32,35,23,36,37,44,26,43,25,52,27,34,35,43,38,59,38,36,45,64,20,56,31,54,30,66,34,66,26,65,28,65,38,57,34,80,37,43,25,43,43,37,41,61,62,76,38,81,27,69,58,48,33,68,51,63,40,90,40,72,36,71,34,42,51,71,63,43,75,76,75,103,61,78,52,73,82,83,52,104,95,95,79,111,65,74,76,111,0,0,0,0,0,0,124,-74,127,-63,93,-55,124,-58,127,-80,124,-42,127,-56,103,-62,127,-48,99,-58,98,-69,104,-78,111,-81,97,-85,109,-49,99,-69,95,-67,110,-73,104,-66,112,-71,89,-62,109,-58,71,-64,78,-75,90,-76,93,-88,94,-92,93,-55,85,-71,90,-90,100,-74,96,-65,105,-68,96,-54,105,-55,69,-58,88,-74,87,-67,76,-78,94,-72,96,-66,103,-30,95,-52,107,-34,95,-35,100,-27,86,-10,88,-21,61,-19,79,-20,76,-19,80,-25,72,-10,64,-16,64,5,58,7,63,9,0,0,0,0,0,0,0,0,0,0]"""
1782318874654,2026-06-25T01:34:34.624,warning,bed_exit,yja,bed_exit_failed,t057,"CSI_DATA,810007,1a:00:00:00:00:00,-63,11,-99,17,48,11,-352622601,47,2,256,0,""[0,0,0,0,0,0,0,0,0,0,0,0,22,-11,20,-9,30,-13,22,-7,31,-11,30,0,30,-3,32,-4,25,-4,42,0,42,0,44,14,42,4,45,0,39,3,61,20,49,10,55,21,46,22,49,11,49,23,54,24,63,34,55,29,52,32,54,37,61,35,46,23,70,46,56,36,63,35,50,34,66,33,57,47,70,34,63,44,65,57,61,46,66,57,81,43,72,33,80,67,60,52,92,34,59,45,92,49,73,64,92,42,97,64,96,67,88,64,82,72,84,70,110,82,98,80,90,76,118,84,0,0,0,0,0,0,79,-98,100,-120,81,-86,98,-101,117,-113,81,-77,116,-113,82,-84,111,-97,90,-69,89,-80,106,-94,97,-70,106,-97,89,-73,93,-60,99,-77,98,-81,73,-69,112,-91,88,-69,98,-82,81,-63,84,-78,94,-89,87,-69,107,-79,91,-76,98,-70,94,-69,99,-77,73,-69,117,-81,91,-55,93,-76,89,-44,103,-78,101,-54,100,-62,104,-46,109,-42,99,-30,111,-16,109,-31,92,-29,107,-14,80,-11,91,-19,61,0,84,-11,79,4,77,-3,74,4,76,14,56,19,55,26,49,25,0,0,0,0,0,0,0,0,0,0]"""
1782318874665,2026-06-25T01:34:34.635,warning,bed_exit,yja,bed_exit_failed,t057,"CSI_DATA,810008,1a:00:00:00:00:00,-63,11,-99,17,48,11,-352611634,47,2,256,0,""[0,0,0,0,0,0,0,0,0,0,0,0,-12,16,-16,12,-14,13,-19,17,-15,24,-23,19,-35,20,-24,14,-31,9,-24,10,-35,20,-40,21,-41,14,-36,17,-47,20,-39,12,-53,19,-47,20,-61,20,-49,9,-45,0,-54,16,-55,14,-62,21,-60,21,-67,19,-63,15,-72,23,-49,12,-66,31,-65,23,-78,30,-74,23,-67,26,-69,20,-74,21,-66,25,-74,50,-62,37,-61,35,-69,43,-63,49,-78,64,-65,56,-104,73,-91,56,-80,62,-98,61,-74,64,-81,71,-83,89,-81,77,-91,91,-93,84,-76,103,-96,96,-91,93,0,0,0,0,0,0,104,94,90,81,110,103,104,93,73,77,113,98,92,72,116,90,94,61,114,108,107,100,90,80,91,83,87,72,110,77,102,61,98,63,96,61,102,60,94,50,116,49,99,43,119,54,109,62,101,44,100,52,97,44,119,37,106,40,102,42,96,34,119,47,96,23,116,20,111,30,127,42,106,53,113,39,100,45,97,42,89,40,116,27,94,42,80,30,86,44,83,35,89,40,73,40,93,56,64,46,66,50,49,53,55,37,42,45,56,43,42,41,42,43,0,0,0,0,0,0,0,0,0,0]"""
1782318874676,2026-06-25T01:34:34.646,warning,bed_exit,yja,bed_exit_failed,t057,"CSI_DATA,810009,1a:00:00:00:00:00,-63,11,-99,19,48,11,-352597175,47,2,256,0,""[0,0,0,0,0,0,0,0,0,0,0,0,14,21,11,22,8,21,9,24,4,29,3,27,14,31,12,35,16,42,10,36,7,42,7,44,4,47,-7,49,-2,42,-4,54,-7,54,-14,56,-6,45,-3,54,-4,66,-15,55,-5,69,-22,53,-16,56,-12,65,-24,66,-18,54,-35,73,-28,60,-37,70,-22,51,-14,62,-16,65,-11,65,-13,87,-19,86,-24,73,-15,85,-32,91,-14,83,-29,89,-37,81,-34,92,-2,72,-7,104,-13,97,6,108,-24,123,-12,113,-33,95,-29,123,-17,116,-18,127,-43,120,-25,116,-36,127,0,0,0,0,0,0,120,53,127,66,104,42,125,55,127,60,108,66,127,75,106,59,119,80,114,35,110,35,127,42,123,34,127,30,109,52,120,33,124,31,119,44,110,44,127,48,104,35,114,52,99,24,101,23,121,30,122,22,127,17,108,42,112,28,121,15,120,30,110,29,125,54,101,50,109,51,84,33,108,32,107,31,113,26,116,42,103,46,86,61,94,48,92,62,78,52,80,65,64,67,62,66,53,41,67,56,59,47,61,45,52,56,49,55,30,54,27,50,23,56,0,0,0,0,0,0,0,0,0,0]"""
1782318874687,2026-06-25T01:34:34.657,warning,bed_exit,yja,bed_exit_failed,t057,"CSI_DATA,810010,1a:00:00:00:00:00,-63,11,-99,14,49,11,-352589634,47,2,256,0,""[0,0,0,0,0,0,0,0,0,0,0,0,-22,2,-21,2,-33,3,-27,4,-29,-6,-18,-5,-25,2,-31,-10,-32,-6,-44,-8,-31,-14,-30,-20,-38,-17,-41,-22,-42,-13,-51,-27,-38,-23,-46,-29,-46,-27,-39,-17,-52,-29,-57,-21,-54,-43,-44,-38,-56,-42,-46,-41,-56,-47,-47,-35,-65,-45,-57,-31,-57,-45,-56,-40,-64,-28,-65,-31,-65,-36,-75,-28,-68,-49,-51,-49,-71,-49,-84,-45,-77,-36,-87,-46,-70,-36,-93,-34,-59,-35,-91,-33,-88,-30,-96,-22,-120,-28,-109,-40,-94,-46,-108,-58,-107,-42,-116,-42,-117,-52,-114,-46,-128,-33,0,0,0,0,0,0,-47,127,-65,127,-35,100,-43,122,-66,127,-54,104,-56,127,-41,118,-56,127,-39,106,-32,111,-41,124,-31,123,-42,127,-49,104,-57,101,-42,118,-47,112,-32,111,-36,127,-21,108,-28,127,-15,101,-13,107,-16,124,-6,127,-18,127,-29,114,-36,117,-25,111,-31,121,-17,108,-19,127,-15,109,-18,116,-22,93,-4,118,-15,107,-13,121,-12,118,-38,110,-45,88,-53,98,-46,99,-31,94,-40,91,-38,79,-32,84,-34,57,-31,74,-33,65,-33,72,-34,71,-48,60,-46,44,-47,39,-46,35,0,0,0,0,0,0,0,0,0,0]"""
1782318874698,2026-06-25T01:34:34.668,warning,bed_exit,yja,bed_exit_failed,t057,"CSI_DATA,810011,1a:00:00:00:00:00,-63,11,-99,16,48,11,-352578635,47,2,256,0,""[0,0,0,0,0,0,0,0,0,0,0,0,-98,-18,16,-52,3,-21,12,-83,-34,-123,-27,-59,21,3,65,66,-31,-49,17,-28,-100,-64,0,-49,-10,-56,-72,-74,11,-57,-21,-30,-36,-35,-30,-38,-20,-45,7,-85,2,-72,-18,-65,7,-47,-12,-71,-7,-66,-5,-66,-7,-66,-13,-73,-18,-67,-21,-67,-12,-57,-17,-74,-27,-72,-25,-64,-35,-65,-31,-73,-31,-59,-38,-57,-44,-71,-38,-66,-52,-81,-58,-49,-67,-59,-68,-82,-72,-81,-56,-71,-82,-59,-72,-75,-87,-57,-96,-73,-106,-64,-98,-63,-105,-65,-92,-58,-120,-61,-123,-66,-114,-68,0,0,0,0,0,0,-69,127,-58,119,-52,127,-36,124,-44,102,-48,127,-30,113,-38,127,-34,118,-40,126,-26,125,-33,110,-17,126,-26,113,-19,121,-17,120,-9,117,0,117,-7,127,18,98,28,117,18,110,20,127,28,116,33,105,44,119,25,98,41,116,42,109,37,100,24,104,41,117,57,85,67,102,55,106,63,125,40,97,66,103,48,106,50,93,40,92,54,90,52,94,40,81,43,94,44,68,55,82,31,82,41,89,28,69,36,71,18,64,34,71,26,61,19,64,21,63,17,63,0,0,0,0,0,0,0,0,0,0]"""
1782318874709,2026-06-25T01:34:34.679,warning,bed_exit,yja,bed_exit_failed,t057,"CSI_DATA,810012,1a:00:00:00:00:00,-63,11,-99,18,48,11,-352567635,47,2,256,0,""[0,0,0,0,0,0,0,0,0,0,0,0,14,12,22,19,9,17,12,26,14,18,15,27,14,27,9,19,16,33,8,32,23,31,25,34,19,42,17,40,23,49,15,29,28,47,16,39,30,70,21,57,13,48,29,54,15,45,26,66,29,62,26,52,25,51,32,65,28,41,41,67,34,48,49,83,39,64,42,66,40,65,44,52,40,39,57,55,52,62,56,56,70,69,57,23,88,43,75,42,117,69,79,52,91,36,87,55,77,45,91,42,120,49,101,28,120,43,105,43,127,33,127,46,124,43,0,0,0,0,0,0,42,-128,34,-108,40,-128,29,-127,16,-83,27,-128,13,-107,23,-128,4,-101,23,-128,14,-128,13,-117,3,-112,17,-99,0,-122,-8,-121,0,-124,0,-104,-12,-128,-28,-79,-44,-128,-30,-90,-31,-128,-29,-124,-28,-104,-33,-109,-28,-84,-44,-114,-47,-97,-41,-95,-35,-94,-53,-118,-51,-66,-71,-104,-52,-83,-77,-128,-42,-100,-60,-92,-48,-106,-40,-82,-39,-82,-61,-92,-55,-91,-41,-72,-40,-87,-49,-55,-58,-91,-32,-65,-42,-106,-22,-72,-31,-74,-15,-70,-26,-65,-14,-59,-23,-67,-19,-53,-13,-59,0,0,0,0,0,0,0,0,0,0]"""
1782318874720,2026-06-25T01:34:34.690,warning,bed_exit,yja,bed_exit_failed,t057,"CSI_DATA,810013,1a:00:00:00:00:00,-63,11,-99,18,48,11,-352556493,47,2,256,0,""[0,0,0,0,0,0,0,0,0,0,0,0,-3,-18,4,-22,4,-13,12,-31,0,-18,12,-25,17,-29,17,-20,13,-22,15,-30,20,-34,15,-40,10,-38,9,-39,19,-34,9,-41,16,-62,-3,-10,56,-72,-80,-33,-4,-16,4,-112,17,0,53,-22,41,-59,43,-54,33,-58,38,-64,27,-41,35,-70,23,-48,33,-72,33,-68,27,-72,23,-66,34,-69,18,-54,14,-72,13,-71,17,-66,18,-85,-7,-64,-7,-95,5,-92,5,-128,20,-88,-10,-99,19,-107,-5,-92,-6,-103,-25,-125,-15,-103,-15,-122,-7,-117,-34,-124,-25,-128,-14,-128,0,0,0,0,0,0,-128,28,-108,22,-128,44,-128,20,-91,15,-128,40,-98,32,-128,43,-100,36,-128,35,-128,40,-104,20,-109,49,-100,26,-112,47,-108,53,-103,47,-91,46,-118,65,-69,56,-97,82,-85,61,-119,81,-97,77,-87,68,-77,75,-67,56,-80,98,-80,85,-78,75,-71,64,-93,81,-41,80,-57,104,-68,82,-99,127,-83,79,-67,87,-80,79,-72,78,-62,67,-67,95,-69,82,-51,61,-71,72,-43,66,-61,83,-61,56,-88,74,-58,41,-58,55,-62,32,-47,43,-47,32,-59,38,-52,36,-55,30,0,0,0,0,0,0,0,0,0,0]"""
1782318874731,2026-06-25T01:34:34.701,warning,bed_exit,yja,bed_exit_failed,t057,"CSI_DATA,810014,1a:00:00:00:00:00,-63,11,-99,18,48,11,-352545611,47,2,256,0,""[0,0,0,0,0,0,0,0,0,0,0,0,19,2,16,2,25,4,23,2,27,3,30,10,30,9,33,12,23,16,36,8,35,12,31,22,34,20,32,16,38,12,49,30,45,27,45,26,52,33,42,23,43,23,51,23,48,38,59,34,52,29,51,38,48,36,42,25,61,35,56,25,57,31,66,35,72,31,69,30,67,18,58,32,75,31,75,30,71,27,71,20,70,12,84,30,81,19,94,6,87,21,113,14,97,16,97,9,95,6,109,6,121,6,100,9,98,7,127,6,121,4,109,6,127,-4,0,0,0,0,0,0,-12,-123,-10,-128,-5,-128,-10,-128,-4,-128,-4,-124,-13,-128,-13,-123,-18,-127,-6,-128,-14,-128,-21,-116,-9,-109,-27,-122,-27,-126,-23,-110,-30,-114,-29,-111,-33,-90,-32,-124,-36,-105,-48,-114,-45,-107,-51,-114,-62,-108,-44,-95,-53,-111,-62,-109,-58,-100,-55,-99,-55,-91,-52,-80,-66,-107,-58,-92,-65,-93,-59,-97,-72,-100,-60,-93,-62,-92,-47,-85,-51,-95,-51,-90,-47,-90,-38,-80,-41,-71,-35,-93,-34,-75,-43,-79,-25,-73,-35,-88,-26,-69,-27,-68,-20,-61,-17,-65,-15,-71,-9,-59,-10,-53,0,0,0,0,0,0,0,0,0,0]"""
1782318874742,2026-06-25T01:34:34.712,warning,bed_exit,yja,bed_exit_failed,t057,"CSI_DATA,810015,1a:00:00:00:00:00,-64,11,-99,19,48,11,-352524353,47,2,256,0,""[0,0,0,0,0,0,0,0,0,0,0,0,-25,-3,-23,-3,-23,-10,-14,-7,-26,-9,-27,-16,-28,-16,-30,-17,-27,-19,-25,-23,-33,-17,-35,-21,-28,-23,-26,-24,-29,-23,-26,-33,-38,-37,-42,-40,-38,-41,-31,-54,-35,-49,-24,-34,-38,-48,-35,-47,-34,-44,-42,-48,-33,-50,-31,-43,-35,-56,-35,-51,-45,-49,-36,-57,-49,-59,-35,-56,-40,-54,-43,-53,-49,-55,-60,-55,-46,-55,-47,-47,-53,-52,-61,-64,-60,-65,-69,-55,-67,-66,-84,-71,-79,-67,-79,-68,-68,-65,-80,-63,-90,-79,-86,-68,-84,-60,-98,-94,-95,-82,-87,-74,-105,-88,0,0,0,0,0,0,-81,94,-83,101,-88,100,-94,100,-85,88,-84,97,-98,91,-81,87,-82,95,-101,100,-90,103,-78,99,-79,79,-72,89,-76,112,-66,95,-68,95,-66,89,-56,75,-69,92,-63,94,-61,103,-69,104,-59,106,-57,101,-55,83,-57,99,-56,114,-45,98,-46,101,-47,91,-47,89,-61,97,-59,97,-54,90,-70,104,-70,103,-62,89,-61,89,-55,75,-63,84,-62,90,-62,73,-54,67,-52,66,-62,64,-63,64,-61,66,-64,54,-66,49,-62,46,-60,45,-54,27,-57,36,-64,33,-54,29,-49,26,0,0,0,0,0,0,0,0,0,0]"""
1782318874753,2026-06-25T01:34:34.723,warning,bed_exit,yja,bed_exit_failed,t057,"CSI_DATA,810016,1a:00:00:00:00:00,-63,11,-99,15,49,11,-352523427,47,2,256,0,""[0,0,0,0,0,0,0,0,0,0,0,0,-9,-14,-9,-25,-8,-17,-12,-19,-8,-25,-9,-32,-6,-30,-5,-31,0,-25,-3,-37,3,-35,-2,-33,5,-42,2,-43,5,-40,19,-45,11,-46,5,-48,21,-53,27,-61,17,-67,21,-51,18,-51,29,-57,37,-53,31,-49,27,-45,30,-51,45,-56,43,-57,42,-48,46,-56,47,-60,50,-51,43,-61,46,-45,43,-46,51,-56,56,-60,51,-60,53,-68,62,-48,70,-57,57,-67,62,-62,71,-74,65,-59,65,-73,80,-66,72,-65,91,-71,78,-59,84,-63,95,-69,109,-66,100,-74,113,-66,0,0,0,0,0,0,-66,-110,-61,-118,-67,-128,-53,-118,-43,-111,-43,-116,-45,-127,-31,-128,-30,-122,-27,-128,-31,-117,-43,-116,-15,-111,-35,-117,-27,-116,-25,-111,-24,-113,-27,-110,-35,-110,-11,-118,-16,-113,-22,-108,-17,-120,-23,-116,-29,-122,-8,-105,-16,-105,-16,-113,-13,-113,-13,-106,-5,-107,-14,-104,7,-114,8,-124,3,-99,11,-120,10,-122,12,-110,12,-109,29,-93,31,-93,28,-102,35,-91,40,-87,31,-87,45,-75,53,-75,41,-66,50,-60,54,-66,46,-52,44,-51,50,-44,55,-38,53,-31,49,-24,49,-25,0,0,0,0,0,0,0,0,0,0]"""
1782318874764,2026-06-25T01:34:34.734,warning,bed_exit,yja,bed_exit_failed,t057,"CSI_DATA,810017,1a:00:00:00:00:00,-64,11,-99,20,48,11,-352511108,47,2,256,0,""[0,0,0,0,0,0,0,0,0,0,0,0,0,22,0,23,0,21,0,26,3,26,-2,28,-9,29,-10,26,-10,36,-13,31,-11,39,-13,38,-12,36,-15,38,-18,46,-16,42,-14,43,-20,46,-17,44,-17,49,-22,31,-25,58,-39,44,-23,51,-31,51,-34,53,-30,55,-35,59,-16,54,-24,61,-37,62,-26,60,-30,56,-26,62,-30,64,-34,66,-27,68,-18,73,-18,67,-14,71,-27,76,-7,79,-4,89,-20,96,-17,98,-27,78,-21,101,-33,101,-12,104,-13,113,4,108,-4,116,-15,117,-13,116,12,114,-7,118,-8,127,0,0,0,0,0,0,127,11,127,5,127,5,127,17,125,22,127,9,116,0,127,-2,121,3,126,6,123,13,114,24,127,0,116,8,113,4,120,0,109,-6,114,-10,121,-7,104,-29,107,-31,118,-18,108,-18,111,-15,104,-11,113,-31,107,-16,101,-32,103,-29,108,-26,100,-23,116,-17,96,-45,96,-48,119,-31,117,-36,101,-13,104,-27,106,-12,107,-22,102,-22,98,-23,95,-21,88,-17,91,-9,89,-25,86,-19,86,-9,87,-4,66,0,70,4,69,13,70,0,65,14,61,3,60,8,56,12,0,0,0,0,0,0,0,0,0,0]"""
1782318874775,2026-06-25T01:34:34.745,warning,bed_exit,yja,bed_exit_failed,t057,"CSI_DATA,810018,1a:00:00:00:00:00,-64,11,-99,16,49,11,-352500181,47,2,256,0,""[0,0,0,0,0,0,0,0,0,0,0,0,-25,2,-19,0,-29,0,-28,-6,-28,-2,-20,-4,-26,-3,-32,-6,-29,-8,-32,-13,-33,-9,-31,-13,-37,-16,-43,-22,-33,-15,-45,-17,-37,-14,-45,-24,-35,-23,-38,-33,-60,-35,-38,-25,-56,-26,-50,-37,-40,-39,-49,-29,-46,-33,-47,-26,-57,-47,-49,-35,-54,-30,-46,-35,-67,-27,-61,-37,-63,-31,-62,-30,-70,-42,-55,-43,-72,-44,-76,-45,-69,-25,-79,-50,-67,-38,-86,-28,-57,-26,-98,-15,-80,-33,-96,-15,-105,-36,-104,-39,-92,-49,-97,-49,-96,-29,-119,-36,-111,-52,-103,-48,-126,-29,0,0,0,0,0,0,-44,119,-49,127,-42,103,-31,124,-55,127,-39,94,-52,127,-36,111,-49,127,-32,108,-30,107,-27,126,-26,109,-30,124,-36,102,-32,96,-35,119,-37,113,-18,100,-32,122,-20,101,-14,114,-16,95,-7,103,-11,127,-7,104,-7,124,-19,109,-20,104,-15,109,-13,118,0,97,-24,127,-19,108,-2,110,-12,87,6,113,-15,100,0,103,-13,103,-24,100,-30,88,-36,91,-33,95,-20,86,-39,85,-33,66,-20,85,-22,54,-26,77,-28,61,-20,68,-32,57,-32,55,-32,50,-38,44,-33,44,0,0,0,0,0,0,0,0,0,0]"""
1782318874786,2026-06-25T01:34:34.756,warning,bed_exit,yja,bed_exit_failed,t057,"CSI_DATA,810019,1a:00:00:00:00:00,-64,11,-99,15,49,11,-352490635,47,2,256,0,""[0,0,0,0,0,0,0,0,0,0,0,0,2,-17,8,-23,9,-25,9,-23,11,-19,12,-27,18,-29,13,-23,22,-33,26,-21,28,-23,30,-29,35,-25,37,-19,40,-28,29,-24,35,-34,36,-34,43,-24,50,-19,40,-12,53,-30,46,-18,52,-14,59,-18,52,-23,60,-23,68,-19,54,-22,56,-26,61,-29,70,-26,66,-18,68,-28,70,-23,70,-32,63,-31,59,-33,67,-25,65,-21,79,-21,62,-50,69,-56,86,-38,97,-48,79,-31,78,-57,89,-32,90,-47,104,-44,97,-52,95,-62,100,-64,102,-49,108,-59,120,-52,113,-46,0,0,0,0,0,0,-51,-128,-35,-121,-33,-128,-45,-121,-34,-114,-37,-128,-37,-108,-43,-128,-35,-117,-32,-122,-30,-128,-19,-101,-42,-117,-12,-109,-28,-105,-29,-112,-27,-113,-23,-113,-16,-122,-40,-90,-51,-110,-35,-108,-35,-118,-34,-109,-25,-101,-37,-113,-23,-99,-28,-100,-25,-112,-27,-93,-21,-101,-21,-113,-38,-91,-40,-101,-31,-107,-31,-123,-12,-103,-24,-108,-7,-110,-16,-107,-7,-97,-13,-100,0,-95,0,-85,8,-90,-8,-84,-7,-86,16,-84,17,-88,21,-59,13,-75,28,-61,18,-69,29,-59,28,-60,26,-50,25,-46,0,0,0,0,0,0,0,0,0,0]"""
1782318874797,2026-06-25T01:34:34.767,warning,bed_exit,yja,bed_exit_failed,t057,"CSI_DATA,810020,1a:00:00:00:00:00,-64,11,-99,16,49,11,-352479592,47,2,256,0,""[0,0,0,0,0,0,0,0,0,0,0,0,11,12,17,13,17,15,22,17,17,19,14,22,19,20,11,27,17,30,13,29,18,32,9,40,16,38,12,40,13,45,15,44,9,47,13,48,10,45,11,57,7,45,2,63,-13,62,0,59,-3,62,-13,65,-3,60,-8,63,5,61,-2,57,-10,74,-9,72,-13,55,-5,68,-17,74,-7,68,-12,68,0,70,0,74,-9,69,-15,85,9,79,3,85,0,97,-13,91,-9,72,-11,96,-21,94,0,105,-10,109,3,108,0,116,-8,112,-18,112,10,120,-10,123,-14,120,0,0,0,0,0,0,127,20,127,27,122,26,125,34,122,40,120,38,123,28,118,29,117,38,109,42,113,48,99,62,120,42,106,61,104,45,100,51,111,39,108,36,107,48,102,22,104,21,106,36,102,29,101,36,92,53,114,35,99,48,105,34,102,43,94,40,97,46,102,54,108,26,101,26,102,47,102,53,87,54,89,49,85,68,87,59,74,66,78,50,70,62,75,58,59,71,71,52,63,56,57,65,42,60,32,59,34,61,28,68,37,64,20,64,27,54,16,56,16,51,0,0,0,0,0,0,0,0,0,0]"""
1782318874808,2026-06-25T01:34:34.778,warning,bed_exit,yja,bed_exit_failed,t057,"CSI_DATA,810021,1a:00:00:00:00:00,-64,11,-99,19,49,11,-352467969,47,2,256,0,""[0,0,0,0,0,0,0,0,0,0,0,0,-22,-15,-18,-12,-13,-22,-13,-13,-16,-26,-12,-21,-22,-17,-19,-23,-23,-29,-23,-32,-15,-31,-21,-40,-16,-37,-11,-42,-4,-38,-7,-52,-11,-46,0,-51,-7,-41,0,-56,-1,-63,0,-53,-12,-71,2,-58,-1,-56,0,-61,5,-65,1,-58,15,-70,15,-63,18,-67,6,-54,6,-61,8,-71,2,-63,-3,-79,1,-75,20,-77,3,-79,14,-89,12,-82,20,-90,16,-80,15,-80,0,-65,0,-93,1,-96,-15,-96,17,-113,1,-102,21,-90,15,-112,15,-119,11,-117,30,-115,23,-110,31,-119,0,0,0,0,0,0,-111,-48,-128,-59,-92,-39,-118,-55,-128,-54,-97,-62,-125,-67,-100,-54,-119,-76,-101,-43,-98,-39,-115,-40,-111,-42,-125,-41,-97,-46,-108,-38,-112,-45,-105,-58,-92,-48,-116,-59,-92,-46,-100,-68,-78,-35,-93,-35,-99,-41,-108,-43,-119,-35,-92,-50,-99,-46,-101,-39,-106,-60,-90,-47,-100,-74,-80,-62,-86,-68,-72,-46,-93,-53,-91,-54,-95,-44,-92,-63,-85,-61,-59,-70,-75,-65,-71,-77,-60,-67,-51,-83,-34,-76,-39,-74,-32,-51,-36,-65,-32,-61,-42,-55,-21,-66,-27,-63,-9,-55,-10,-53,-1,-52,0,0,0,0,0,0,0,0,0,0]"""
1782318874819,2026-06-25T01:34:34.789,warning,bed_exit,yja,bed_exit_failed,t057,"CSI_DATA,810022,1a:00:00:00:00:00,-64,11,-99,17,49,11,-352456772,47,2,256,0,""[0,0,0,0,0,0,0,0,0,0,0,0,-6,-17,-7,-26,-4,-14,-4,-33,-8,-21,1,-34,4,-30,3,-26,0,-40,5,-24,9,-41,7,-38,12,-38,7,-34,19,-48,12,-28,17,-52,18,-33,30,-55,30,-51,24,-39,34,-38,25,-35,42,-48,35,-41,43,-42,39,-39,51,-57,26,-28,40,-50,30,-41,66,-61,52,-46,45,-42,53,-41,49,-44,43,-42,52,-66,44,-49,44,-44,60,-53,32,-56,56,-86,51,-48,98,-95,73,-53,68,-68,80,-60,63,-56,68,-52,82,-88,74,-77,95,-90,83,-67,87,-71,110,-83,92,-68,0,0,0,0,0,0,-71,-113,-45,-75,-81,-128,-62,-101,-40,-74,-71,-128,-42,-72,-63,-128,-42,-77,-58,-128,-48,-128,-29,-105,-41,-102,-17,-88,-44,-121,-40,-111,-35,-111,-32,-95,-41,-118,-31,-78,-57,-113,-33,-87,-51,-128,-34,-116,-24,-97,-23,-98,-15,-76,-41,-103,-31,-105,-29,-100,-22,-90,-25,-120,-28,-71,-38,-109,-20,-82,-24,-128,-3,-107,-14,-99,0,-100,0,-89,2,-83,-9,-107,3,-89,5,-68,17,-91,3,-69,9,-98,17,-65,34,-107,35,-65,27,-63,41,-56,32,-51,33,-39,35,-56,27,-43,34,-43,0,0,0,0,0,0,0,0,0,0]"""
1782318874830,2026-06-25T01:34:34.800,warning,bed_exit,yja,bed_exit_failed,t057,"CSI_DATA,810023,1a:00:00:00:00:00,-64,11,-99,17,49,11,-352446265,47,2,256,0,""[0,0,0,0,0,0,0,0,0,0,0,0,11,20,8,16,11,27,12,18,12,25,10,26,14,29,11,33,14,36,12,45,1,37,2,40,2,34,3,38,2,41,2,54,6,45,0,55,0,42,3,45,-1,68,9,52,0,72,-6,53,0,59,-8,58,-9,67,0,58,3,73,2,60,0,71,2,49,10,65,6,63,9,73,13,78,0,84,0,78,-3,76,9,88,19,75,11,100,14,83,21,81,11,72,33,89,20,88,40,93,40,100,32,108,23,90,23,117,25,106,39,117,33,106,30,106,42,117,0,0,0,0,0,0,120,-36,127,-45,96,-25,124,-48,127,-38,116,-20,127,-44,106,-37,126,-41,103,-30,105,-37,122,-40,112,-53,123,-48,107,-25,114,-26,101,-43,111,-39,94,-43,115,-59,88,-53,98,-56,77,-41,76,-53,96,-62,87,-67,104,-62,89,-51,96,-48,91,-54,97,-55,83,-60,102,-62,83,-54,92,-64,72,-40,74,-62,79,-57,80,-58,86,-58,98,-47,83,-33,95,-35,89,-36,81,-33,92,-35,68,-24,74,-38,56,-19,68,-23,66,-17,64,-26,64,-20,67,-17,52,0,56,3,53,4,0,0,0,0,0,0,0,0,0,0]"""
1782318874841,2026-06-25T01:34:34.811,warning,bed_exit,yja,bed_exit_failed,t057,"CSI_DATA,810024,1a:00:00:00:00:00,-63,11,-99,-64,47,11,-352435074,47,2,256,0,""[0,0,0,0,0,0,0,0,0,0,0,0,38,0,0,0,37,-38,0,0,38,-37,37,0,0,0,37,-39,38,0,38,-38,37,0,37,-38,39,-39,38,-37,37,-37,38,-37,37,-39,38,-37,37,-38,39,-39,38,-37,37,-37,38,-39,37,-38,39,-39,37,-38,37,-39,37,-37,37,-37,38,-38,37,-37,39,-39,37,-76,37,-37,38,-77,37,-77,38,-78,38,-76,0,-77,38,-76,0,-76,38,-76,37,-76,0,-77,0,-76,0,-117,0,-77,-39,-116,0,-117,0,-117,0,-76,0,-116,0,-117,0,-117,0,-115,-38,-115,-39,-115,0,0,0,0,0,0,-116,37,-128,37,-76,39,-115,38,-116,76,-116,39,-116,77,-115,39,-116,77,-77,38,-77,77,-77,77,-116,76,-78,115,-78,38,-77,77,-77,77,-76,76,-77,76,-76,115,-77,77,-76,115,-38,78,-38,77,-37,117,-39,117,-39,116,-37,78,-38,116,-37,117,-38,117,0,117,-39,115,-39,116,-37,117,0,77,0,115,0,78,0,117,0,116,0,116,0,77,0,117,-39,117,0,78,0,77,-39,77,0,78,0,39,0,78,0,77,0,76,0,76,0,76,0,39,0,77,0,38,0,0,0,0,0,0,0,0,0,0]"""
1782318874852,2026-06-25T01:34:34.822,warning,bed_exit,yja,bed_exit_failed,t057,"CSI_DATA,810025,1a:00:00:00:00:00,-64,11,-99,20,48,11,-352424635,47,2,256,0,""[0,0,0,0,0,0,0,0,0,0,0,0,-74,-15,10,-83,78,0,22,-114,-20,68,53,-45,118,-15,9,-51,-46,-19,40,-103,97,-13,32,10,32,-19,93,-36,100,23,21,13,46,-34,28,10,57,-18,88,-11,49,-28,64,-26,62,-12,53,0,70,-19,62,-15,64,-11,65,-16,67,-23,60,-23,61,-19,59,-24,66,-37,57,-40,68,-43,55,-46,58,-46,60,-35,62,-54,71,-55,67,-50,65,-66,54,-58,74,-60,52,-58,45,-69,48,-76,55,-88,51,-94,59,-103,54,-90,46,-97,52,-95,53,-109,64,-109,46,-109,59,-119,0,0,0,0,0,0,-118,-57,-126,-58,-109,-43,-119,-50,-123,-46,-109,-53,-119,-42,-110,-31,-122,-45,-109,-19,-107,-25,-111,-18,-128,-7,-126,-14,-107,-28,-110,-13,-107,-8,-111,-5,-117,-13,-110,18,-98,9,-112,7,-102,22,-106,24,-106,17,-107,42,-113,34,-105,20,-106,34,-95,35,-104,34,-105,36,-98,50,-91,44,-104,45,-87,49,-93,53,-88,46,-93,54,-87,51,-95,46,-81,26,-86,44,-92,32,-83,26,-80,36,-70,34,-77,23,-64,28,-61,29,-59,29,-57,29,-61,29,-68,20,-56,8,-55,9,-57,10,0,0,0,0,0,0,0,0,0,0]"""
1782318874863,2026-06-25T01:34:34.833,warning,bed_exit,yja,bed_exit_failed,t057,"CSI_DATA,810026,1a:00:00:00:00:00,-64,11,-99,19,48,11,-352411546,47,2,256,0,""[0,0,0,0,0,0,0,0,0,0,0,0,-21,0,-33,0,-17,6,-29,-4,-22,8,-40,0,-37,3,-35,-5,-45,0,-25,-12,-45,-7,-46,-7,-47,-6,-40,-3,-63,-3,-34,0,-64,-2,-51,-4,-66,-8,-60,-8,-57,-14,-57,0,-57,-2,-66,-7,-69,-2,-67,-4,-64,-4,-81,0,-51,13,-74,14,-65,2,-85,11,-68,7,-70,18,-63,10,-74,24,-62,21,-75,34,-70,28,-64,24,-84,31,-56,36,-83,63,-64,47,-111,68,-80,51,-79,69,-84,61,-71,67,-66,64,-75,91,-71,87,-86,101,-72,85,-64,100,-80,118,-70,97,0,0,0,0,0,0,124,68,86,48,127,76,120,63,89,42,127,60,97,30,127,49,95,33,127,57,127,41,104,43,107,37,88,25,116,23,121,14,107,14,102,12,125,13,85,-9,119,-14,102,-9,127,-12,109,-14,102,-9,105,-22,84,-16,97,-31,100,-35,98,-33,91,-27,124,-36,67,-44,101,-57,88,-44,127,-63,93,-35,91,-47,95,-30,78,-36,75,-37,89,-56,80,-45,68,-41,81,-36,56,-45,82,-57,55,-25,90,-41,64,-21,69,-28,63,-17,63,-32,48,-19,61,-24,53,-23,54,-17,0,0,0,0,0,0,0,0,0,0]"""
1782318874874,2026-06-25T01:34:34.844,warning,bed_exit,yja,bed_exit_failed,t057,"CSI_DATA,810028,1a:00:00:00:00:00,-64,11,-99,21,48,11,-352389570,47,2,256,0,""[0,0,0,0,0,0,0,0,0,0,0,0,-18,-19,-10,-24,-11,-28,-11,-27,-14,-33,-8,-34,-15,-39,-14,-40,-8,-33,-10,-37,-10,-47,-10,-47,-8,-43,-10,-40,-14,-43,-2,-58,-8,-51,-14,-52,-7,-59,-19,-67,-26,-63,0,-53,-12,-71,-14,-62,-6,-57,-14,-61,-5,-64,-23,-58,-9,-70,-22,-55,-31,-76,-25,-77,-40,-64,-37,-77,-29,-52,-27,-52,-45,-81,-27,-80,-37,-56,-30,-59,-56,-64,-48,-65,-46,-75,-73,-81,-69,-98,-67,-98,-53,-64,-68,-80,-60,-79,-71,-65,-99,-80,-80,-93,-98,-68,-101,-84,-94,-65,-72,-72,-102,-78,0,0,0,0,0,0,-65,98,-69,106,-79,104,-65,116,-75,110,-59,109,-69,109,-53,101,-56,116,-62,113,-61,126,-44,115,-48,101,-43,113,-41,115,-41,105,-30,107,-24,100,-16,91,-35,123,-21,100,-7,118,-11,105,-8,119,0,106,-4,98,0,113,3,115,4,108,8,111,9,103,12,87,2,110,12,101,18,111,11,105,19,112,14,104,16,104,6,91,12,99,14,99,4,92,8,79,13,75,4,91,5,79,8,81,2,78,8,84,0,72,2,67,-1,57,-5,59,-2,60,-4,51,-5,48,0,0,0,0,0,0,0,0,0,0]"""
1782318874885,2026-06-25T01:34:34.855,warning,bed_exit,yja,bed_exit_failed,t057,"CSI_DATA,810029,1a:00:00:00:00:00,-64,11,-99,20,48,11,-352380266,47,2,256,0,""[0,0,0,0,0,0,0,0,0,0,0,0,-24,-3,-30,-5,-23,-7,-32,-14,-24,-9,-42,-19,-29,-26,-29,-14,-30,-15,-30,-22,-50,-20,-43,-18,-35,-24,-33,-25,-36,-36,-39,-29,-49,-37,-44,-36,-51,-55,-38,-54,-33,-52,-44,-49,-46,-40,-49,-52,-52,-45,-53,-39,-46,-37,-54,-54,-30,-47,-52,-66,-42,-44,-62,-67,-51,-57,-58,-55,-50,-50,-52,-42,-51,-45,-69,-35,-66,-50,-64,-45,-67,-45,-65,-26,-92,-42,-76,-39,-106,-58,-83,-57,-96,-34,-91,-51,-78,-49,-93,-39,-116,-40,-105,-26,-103,-44,-110,-47,-119,-44,-128,-52,-113,-59,0,0,0,0,0,0,-62,121,-45,98,-57,127,-58,117,-37,89,-59,127,-45,104,-62,127,-34,98,-64,127,-56,126,-40,108,-45,102,-35,100,-28,126,-18,113,-14,120,-22,100,-24,117,-18,93,-17,117,-5,95,-21,127,-27,121,-8,102,-19,97,-4,89,7,116,4,110,11,104,7,95,-4,106,-6,86,0,119,3,90,-13,127,-21,111,-5,103,-13,104,-14,87,-8,81,5,105,3,99,-8,79,-19,91,-11,66,-13,92,-14,72,-33,90,-25,63,-19,66,-24,58,-23,50,-21,49,-21,60,-15,50,-17,49,0,0,0,0,0,0,0,0,0,0]"""
1782318874896,2026-06-25T01:34:34.866,warning,bed_exit,yja,bed_exit_failed,t057,"CSI_DATA,810030,1a:00:00:00:00:00,-64,11,-99,15,49,11,-352368268,47,2,256,0,""[0,0,0,0,0,0,0,0,0,0,0,0,10,32,7,24,13,37,8,30,4,40,-2,35,-4,35,7,42,-2,37,2,52,-2,47,-10,48,-3,49,-8,53,-2,43,-18,65,-13,57,-22,61,-15,53,-14,59,-13,76,-17,53,-22,68,-18,64,-23,63,-24,61,-30,70,-15,64,-25,75,-17,62,-21,69,-17,55,-5,72,-21,73,-6,83,-13,83,-16,89,-24,82,-21,84,-13,91,2,83,-22,94,-14,94,11,98,-6,69,15,106,-6,93,22,100,5,118,14,104,-6,94,-13,113,0,120,13,127,2,119,8,109,27,125,0,0,0,0,0,0,124,-17,127,-21,102,-12,127,-18,127,-7,110,-13,127,-10,120,-11,127,-12,110,-9,105,-22,127,-29,121,-17,127,-36,108,-11,111,-9,113,-24,112,-28,88,-31,127,-33,106,-33,110,-35,83,-30,91,-45,112,-49,98,-50,106,-53,95,-37,100,-40,105,-50,103,-48,82,-54,121,-47,88,-44,89,-54,73,-33,92,-62,90,-51,88,-57,95,-47,97,-41,85,-23,93,-14,95,-30,82,-34,92,-21,75,-10,76,-31,54,-12,74,-29,63,-12,68,-25,66,-10,70,-19,53,4,54,6,51,4,0,0,0,0,0,0,0,0,0,0]"""
1782318874907,2026-06-25T01:34:34.877,warning,bed_exit,yja,bed_exit_failed,t057,"CSI_DATA,810031,1a:00:00:00:00:00,-64,11,-99,20,48,11,-352357630,47,2,256,0,""[0,0,0,0,0,0,0,0,0,0,0,0,-25,17,-21,15,-36,16,-31,9,-37,12,-28,9,-34,11,-47,16,-35,5,-53,8,-43,16,-46,9,-49,4,-53,0,-47,0,-68,0,-51,5,-65,0,-58,-8,-53,4,-63,-2,-68,-13,-71,-5,-68,-11,-65,-15,-61,-9,-68,-16,-60,-2,-87,-22,-70,-14,-79,-5,-58,-8,-81,-2,-77,-12,-72,0,-79,-2,-85,-9,-78,-12,-91,-19,-98,0,-83,6,-95,-8,-87,0,-95,9,-72,-3,-100,24,-89,6,-102,26,-120,13,-117,13,-111,-6,-118,-4,-103,12,-128,16,-128,-2,-108,-4,-128,17,0,0,0,0,0,0,10,127,6,127,5,113,27,127,15,127,6,106,2,127,5,116,-2,127,5,107,14,108,21,127,10,112,22,127,4,110,7,107,3,117,12,120,21,100,17,127,21,99,35,114,17,88,26,99,36,106,25,97,44,117,19,105,18,106,28,106,28,114,40,82,23,121,22,99,37,100,12,79,44,105,21,102,39,96,24,100,14,103,5,88,-6,99,-2,105,16,82,-5,94,-5,72,15,81,0,56,4,81,-5,63,4,71,-12,60,-12,69,-14,56,-20,48,-24,44,0,0,0,0,0,0,0,0,0,0]"""
1782318874918,2026-06-25T01:34:34.888,warning,bed_exit,yja,bed_exit_failed,t057,"CSI_DATA,810032,1a:00:00:00:00:00,-64,11,-99,20,48,11,-352347635,47,2,256,0,""[0,0,0,0,0,0,0,0,0,0,0,0,-20,0,-35,0,-27,-4,-36,-7,-32,-4,-50,-13,-38,-19,-30,-10,-37,-17,-37,-18,-39,-27,-38,-25,-50,-28,-43,-31,-49,-38,-34,-18,-48,-30,-46,-31,-59,-50,-44,-54,-30,-48,-48,-49,-31,-46,-47,-58,-46,-62,-38,-58,-34,-56,-44,-66,-47,-46,-58,-60,-40,-50,-62,-75,-43,-70,-53,-64,-49,-70,-40,-61,-37,-50,-60,-63,-58,-64,-49,-59,-51,-77,-56,-39,-69,-62,-62,-76,-87,-93,-47,-71,-78,-74,-52,-85,-73,-72,-72,-83,-98,-90,-77,-78,-81,-93,-71,-78,-93,-96,-100,-106,-83,-95,0,0,0,0,0,0,-114,88,-92,67,-128,95,-105,78,-79,48,-128,73,-81,65,-125,87,-85,60,-128,70,-111,71,-95,45,-101,67,-94,44,-107,56,-97,54,-102,57,-93,59,-115,65,-62,57,-96,77,-83,56,-108,79,-95,71,-83,51,-91,71,-73,46,-87,67,-95,64,-83,55,-85,45,-104,56,-63,61,-82,77,-89,55,-116,72,-90,38,-86,56,-98,40,-90,39,-79,39,-91,50,-89,33,-75,24,-89,21,-62,30,-81,32,-77,14,-98,16,-68,3,-65,14,-63,-4,-63,2,-55,-7,-68,-5,-54,-10,-53,-5,0,0,0,0,0,0,0,0,0,0]"""
1782318874929,2026-06-25T01:34:34.899,warning,bed_exit,yja,bed_exit_failed,t057,"CSI_DATA,810033,1a:00:00:00:00:00,-64,11,-99,14,49,11,-352334908,47,2,256,0,""[0,0,0,0,0,0,0,0,0,0,0,0,-22,18,-20,15,-29,23,-30,15,-36,13,-30,18,-25,20,-41,23,-38,23,-46,27,-43,12,-41,14,-51,14,-53,5,-51,6,-61,4,-56,0,-65,-7,-53,6,-68,4,-82,12,-68,0,-71,0,-68,-8,-68,0,-68,0,-71,-13,-64,-12,-85,-10,-70,-15,-71,-23,-62,-4,-78,4,-81,5,-77,8,-85,3,-83,-4,-75,-13,-96,6,-99,0,-92,4,-99,-13,-88,-19,-96,-3,-67,3,-97,16,-95,8,-100,29,-120,18,-113,22,-104,0,-118,5,-108,3,-121,13,-124,-9,-119,20,-125,4,0,0,0,0,0,0,-17,127,-15,127,0,112,-22,125,-10,127,-31,110,-25,127,-12,113,-36,127,-3,104,0,104,3,124,-3,127,14,127,-17,105,6,108,8,112,-7,123,3,110,-4,127,0,100,-14,112,10,98,13,99,13,111,20,113,23,118,0,106,14,110,15,114,7,117,3,105,-5,122,-5,105,-10,103,0,83,10,101,8,104,19,103,0,99,-4,101,-20,90,-8,103,-22,98,-20,86,-35,85,-34,75,-29,75,-17,52,-20,71,-21,65,-12,67,-28,64,-18,65,-35,46,-29,41,-35,38,0,0,0,0,0,0,0,0,0,0]"""
1782318874940,2026-06-25T01:34:34.910,warning,bed_exit,yja,bed_exit_failed,t057,"CSI_DATA,810034,1a:00:00:00:00:00,-64,11,-99,17,48,11,-352324175,47,2,256,0,""[0,0,0,0,0,0,0,0,0,0,0,0,22,23,19,15,26,27,16,24,16,35,22,29,23,34,32,36,23,41,24,35,16,45,16,51,21,50,14,53,7,45,5,71,7,62,-3,66,2,51,10,60,9,72,0,62,5,81,-10,61,-4,62,0,66,-10,74,-7,71,-24,86,-16,67,-19,76,-10,56,0,77,-4,77,0,74,0,90,4,91,-14,84,0,88,-14,101,-7,90,-17,101,-20,87,-17,90,2,72,10,108,5,96,23,100,0,109,7,108,-17,101,-14,119,-7,121,0,127,-26,117,-4,113,-14,122,0,0,0,0,0,0,123,27,127,47,99,29,124,44,127,37,109,50,127,54,106,41,118,57,110,27,107,21,123,21,118,30,127,19,107,36,113,20,113,23,111,39,99,27,123,36,101,25,112,44,91,20,96,16,114,17,113,17,120,10,100,34,107,22,114,10,109,29,99,22,113,49,93,44,102,41,80,23,100,23,97,27,102,15,100,36,98,41,73,51,83,47,84,61,69,45,65,60,55,57,60,53,43,36,61,46,54,51,59,41,43,57,43,51,26,47,26,46,23,47,0,0,0,0,0,0,0,0,0,0]"""
1782318874951,2026-06-25T01:34:34.921,warning,bed_exit,yja,bed_exit_failed,t057,"CSI_DATA,810035,1a:00:00:00:00:00,-64,11,-99,19,48,11,-352312621,47,2,256,0,""[0,0,0,0,0,0,0,0,0,0,0,0,-24,-22,-24,-28,-12,-18,-21,-29,-21,-28,-26,-31,-26,-31,-26,-38,-30,-42,-15,-42,-24,-38,-24,-45,-23,-48,-23,-53,-22,-60,-29,-45,-28,-55,-17,-59,-26,-60,-17,-55,-9,-60,-29,-59,-28,-62,-14,-66,-26,-65,-37,-63,-22,-65,-31,-80,-27,-64,-27,-70,-26,-66,-35,-69,-33,-61,-41,-63,-36,-69,-55,-70,-51,-63,-50,-59,-60,-57,-57,-68,-52,-75,-59,-51,-68,-65,-62,-76,-84,-59,-67,-57,-87,-50,-87,-61,-92,-62,-90,-55,-98,-63,-111,-53,-119,-59,-98,-50,-104,-65,-112,-60,-108,-52,0,0,0,0,0,0,-73,124,-66,108,-57,114,-67,114,-43,114,-69,120,-57,100,-60,124,-63,106,-36,127,-34,111,-38,106,-24,127,-27,111,-34,106,-17,113,-17,116,-26,118,-30,126,0,103,-5,118,-10,106,-2,109,0,107,-3,110,15,113,15,102,3,103,14,109,21,101,14,107,10,124,23,92,15,107,8,105,24,110,11,100,32,104,21,103,24,103,24,95,14,94,22,91,14,81,5,100,17,81,16,88,-5,72,7,81,4,60,5,75,7,63,5,71,-5,62,-2,55,0,61,-9,55,0,0,0,0,0,0,0,0,0,0]"""
1782318874962,2026-06-25T01:34:34.932,warning,bed_exit,yja,bed_exit_failed,t057,"CSI_DATA,810036,1a:00:00:00:00:00,-64,11,-99,19,48,11,-352294542,47,2,256,0,""[0,0,0,0,0,0,0,0,0,0,0,0,5,-29,7,-27,14,-37,13,-30,27,-28,15,-32,7,-34,10,-40,18,-41,19,-42,26,-40,14,-44,23,-46,27,-36,30,-36,41,-57,42,-46,50,-50,34,-41,24,-51,24,-49,40,-56,35,-67,54,-49,41,-55,42,-63,53,-55,44,-54,49,-59,57,-31,49,-57,29,-43,35,-83,22,-73,28,-71,27,-69,44,-76,44,-72,23,-90,29,-66,26,-75,35,-91,25,-82,31,-87,7,-75,0,-83,0,-94,-25,-106,24,-125,-3,-127,0,-97,-14,-109,7,-128,-9,-123,13,-116,5,-119,-13,-117,0,0,0,0,0,0,-128,2,-128,2,-106,10,-122,3,-128,13,-120,0,-128,7,-105,12,-128,0,-102,33,-103,30,-118,44,-119,42,-127,57,-103,35,-100,47,-100,51,-112,48,-101,45,-110,52,-91,48,-114,48,-75,51,-84,65,-81,70,-86,76,-90,87,-90,56,-79,79,-76,84,-85,83,-69,76,-99,72,-82,60,-85,66,-53,64,-65,80,-69,73,-56,83,-69,81,-72,75,-72,56,-60,69,-81,61,-65,59,-79,53,-66,42,-67,54,-44,40,-57,51,-51,44,-44,54,-53,47,-47,45,-51,31,-47,35,-45,25,0,0,0,0,0,0,0,0,0,0]"""
1782318874973,2026-06-25T01:34:34.943,warning,bed_exit,yja,bed_exit_failed,t057,"CSI_DATA,810037,1a:00:00:00:00:00,-64,11,-99,14,49,11,-352291904,47,2,256,0,""[0,0,0,0,0,0,0,0,0,0,0,0,31,3,30,-6,36,9,33,3,31,7,32,8,30,9,47,15,34,19,53,19,32,29,38,32,40,25,41,40,36,34,41,61,31,52,35,58,28,42,29,48,40,72,34,52,42,70,30,66,32,54,33,64,17,75,21,66,9,86,14,57,12,65,10,44,14,70,6,59,27,80,32,91,9,101,3,72,19,79,0,88,28,85,-17,100,0,92,14,75,12,52,25,93,29,104,28,90,-6,105,33,98,-14,92,-33,127,2,117,-17,119,-34,104,-6,127,-9,119,0,0,0,0,0,0,118,28,127,47,95,33,126,52,127,47,97,66,127,72,111,49,103,70,90,66,95,39,120,47,108,60,127,51,86,58,99,55,105,56,91,75,85,55,105,80,85,58,93,81,68,58,79,45,97,57,83,61,106,67,71,68,81,69,85,71,88,86,80,74,68,104,54,82,60,86,41,61,64,75,57,75,67,78,55,96,52,87,26,86,33,92,30,100,27,92,3,95,0,82,10,82,0,56,8,71,0,69,8,69,-12,72,-5,62,-19,47,-25,51,-29,45,0,0,0,0,0,0,0,0,0,0]"""
1782318874984,2026-06-25T01:34:34.954,warning,bed_exit,yja,bed_exit_failed,t057,"CSI_DATA,810038,1a:00:00:00:00:00,-64,11,-99,20,48,11,-352281635,47,2,256,0,""[0,0,0,0,0,0,0,0,0,0,0,0,12,-23,21,-30,17,-23,27,-27,23,-21,33,-34,34,-22,35,-19,44,-23,33,-12,39,-22,46,-23,50,-22,51,-12,60,-16,38,-19,56,-18,49,-24,76,-19,72,0,68,9,67,-9,57,0,72,0,74,-7,66,-5,63,0,79,3,54,-7,82,-6,71,-4,91,-9,70,10,75,2,80,4,73,-5,63,-10,70,-16,80,-15,74,-13,93,7,68,-28,96,-29,96,-9,118,-20,89,-2,98,-23,102,-4,97,-19,102,-16,110,-36,101,-40,117,-29,106,-23,118,-27,127,-27,122,-5,0,0,0,0,0,0,-13,-128,-13,-105,-15,-128,-2,-125,-13,-99,-7,-128,-9,-93,-10,-128,-3,-111,-6,-128,-3,-128,16,-115,-14,-115,9,-102,-9,-117,-13,-113,-15,-111,-13,-103,7,-128,-24,-83,-24,-116,-14,-98,-16,-128,-5,-118,0,-108,-17,-111,-6,-91,-11,-109,-18,-114,-19,-100,-14,-98,-3,-121,-25,-78,-20,-106,-10,-99,-16,-128,14,-105,-4,-100,17,-103,2,-98,6,-86,0,-100,0,-94,10,-82,28,-91,-5,-72,3,-94,25,-77,26,-96,32,-58,28,-67,35,-58,26,-54,30,-49,28,-51,20,-48,30,-42,0,0,0,0,0,0,0,0,0,0]"""
1782318874995,2026-06-25T01:34:34.965,warning,bed_exit,yja,bed_exit_failed,t057,"CSI_DATA,810039,1a:00:00:00:00:00,-64,11,-99,17,48,11,-352270635,47,2,256,0,""[0,0,0,0,0,0,0,0,0,0,0,0,39,36,-77,-32,2,52,17,70,40,50,-5,5,-69,44,0,107,-78,10,-17,-11,-99,73,-42,-9,-44,-14,0,32,-87,-10,-32,11,-52,-22,-90,-2,-77,4,-40,-17,-40,-24,-73,12,-61,-6,-64,6,-72,-11,-70,2,-67,0,-84,4,-56,13,-64,21,-71,16,-74,14,-71,9,-71,16,-78,9,-76,27,-70,30,-71,37,-65,27,-69,26,-70,27,-62,57,-69,66,-79,46,-92,62,-76,49,-78,66,-94,60,-74,67,-90,71,-79,79,-83,93,-87,89,-81,87,-76,90,-82,87,-81,98,0,0,0,0,0,0,108,84,96,78,100,80,103,83,94,66,102,80,97,64,106,71,101,63,107,65,104,67,92,70,113,60,88,67,104,53,101,52,99,49,96,43,113,52,97,12,110,14,114,22,110,22,107,27,91,27,112,12,101,15,100,9,109,12,99,11,102,11,119,14,97,-16,100,-12,117,-7,119,0,100,9,100,-3,103,17,103,-2,101,4,100,-3,93,4,80,-2,87,10,81,-5,82,-5,86,11,87,12,60,14,74,5,64,20,62,4,59,21,54,15,57,17,55,15,0,0,0,0,0,0,0,0,0,0]"""
1782318875006,2026-06-25T01:34:34.976,warning,bed_exit,yja,bed_exit_failed,t057,"CSI_DATA,810040,1a:00:00:00:00:00,-64,11,-99,21,48,11,-352259635,47,2,256,0,""[0,0,0,0,0,0,0,0,0,0,0,0,9,36,8,30,5,36,11,31,1,38,0,39,6,39,3,46,-2,32,0,53,-5,49,-11,49,-10,46,-5,47,-6,42,-12,71,-7,52,-15,72,-16,52,-13,59,-22,71,-14,53,-13,78,-18,58,-22,62,-18,68,-14,71,-9,57,-20,82,-15,53,-14,80,-10,53,0,64,-11,74,-10,74,-2,73,-6,85,-6,82,-7,79,6,87,14,67,4,102,9,93,25,82,9,75,29,107,14,94,33,102,33,101,24,107,12,97,21,113,26,108,45,127,38,113,36,103,49,115,0,0,0,0,0,0,100,-44,127,-63,100,-44,112,-72,127,-60,97,-55,119,-61,97,-43,115,-77,100,-40,94,-57,116,-63,105,-60,106,-71,92,-62,97,-53,99,-63,89,-66,64,-64,94,-87,75,-73,69,-89,65,-67,67,-76,72,-88,68,-67,78,-99,64,-84,78,-72,75,-86,65,-91,41,-80,77,-99,54,-83,55,-98,51,-61,51,-102,63,-78,57,-85,58,-79,69,-81,63,-72,75,-63,66,-71,44,-66,66,-65,53,-52,45,-74,39,-39,54,-60,43,-43,47,-46,41,-38,53,-41,41,-27,48,-26,40,-21,0,0,0,0,0,0,0,0,0,0]"""
1782318875017,2026-06-25T01:34:34.987,warning,bed_exit,yja,bed_exit_failed,t057,"CSI_DATA,810041,1a:00:00:00:00:00,-64,11,-99,16,49,11,-352248635,47,2,256,0,""[0,0,0,0,0,0,0,0,0,0,0,0,-28,19,-27,10,-31,19,-26,10,-36,13,-27,12,-31,5,-40,2,-49,10,-47,3,-47,-8,-43,-14,-49,-10,-52,-16,-48,-9,-65,-20,-51,-21,-56,-23,-38,-21,-62,-8,-62,-11,-61,-28,-62,-40,-49,-43,-45,-52,-45,-45,-51,-56,-51,-44,-62,-51,-51,-37,-54,-51,-43,-36,-56,-33,-49,-46,-62,-45,-60,-46,-56,-63,-44,-60,-52,-60,-66,-67,-62,-53,-71,-64,-61,-54,-75,-52,-45,-51,-72,-55,-61,-59,-87,-61,-87,-65,-78,-78,-59,-66,-70,-89,-70,-81,-81,-88,-80,-91,-70,-82,-93,-87,0,0,0,0,0,0,-99,73,-123,78,-93,55,-106,70,-125,73,-98,46,-125,59,-96,51,-126,58,-99,35,-99,46,-110,45,-107,62,-123,62,-105,25,-112,23,-104,37,-112,31,-101,40,-126,43,-91,45,-110,40,-81,32,-82,44,-100,43,-101,52,-117,35,-99,18,-105,22,-104,20,-107,18,-97,17,-115,28,-93,24,-101,19,-85,8,-99,32,-102,22,-94,14,-105,10,-100,-10,-86,-17,-96,-23,-91,-21,-79,-17,-93,-23,-71,-21,-76,-19,-48,-23,-66,-14,-57,-26,-57,-21,-57,-27,-56,-37,-36,-33,-33,-44,-26,-37,0,0,0,0,0,0,0,0,0,0]"""
1782318875028,2026-06-25T01:34:34.998,warning,bed_exit,yja,bed_exit_failed,t057,"CSI_DATA,810042,1a:00:00:00:00:00,-64,11,-99,20,48,11,-352236759,47,2,256,0,""[0,0,0,0,0,0,0,0,0,0,0,0,-4,26,0,32,-4,27,-2,39,-4,32,-9,45,-12,37,-18,30,-14,37,-17,35,-16,39,-16,47,-18,52,-14,46,-28,57,-20,35,-35,54,-23,43,-32,67,-43,65,-34,62,-27,47,-32,45,-35,68,-30,63,-37,59,-38,46,-36,59,-35,58,-36,65,-45,48,-45,90,-45,77,-24,70,-39,67,-46,50,-47,60,-24,85,-23,89,-36,55,-20,91,-31,66,-31,92,-19,77,-37,112,-45,79,-21,91,-26,87,-16,110,10,102,2,112,-18,82,0,103,0,102,3,103,5,127,7,123,0,0,0,0,0,0,127,-2,99,11,127,0,118,11,94,9,127,11,110,6,127,4,104,-2,127,13,127,6,112,7,108,10,94,0,115,-12,114,-24,106,-22,98,-23,113,-22,92,-9,120,-22,94,-18,127,-30,121,-22,102,-37,96,-22,87,-23,107,-50,101,-47,99,-37,86,-27,105,-34,83,-26,111,-45,93,-34,121,-40,100,-27,93,-30,93,-27,87,-14,79,-22,88,-39,93,-31,72,-25,87,-24,68,-14,87,-19,70,-16,92,-6,74,-4,67,-7,64,3,53,0,48,0,63,-2,50,0,48,0,0,0,0,0,0,0,0,0,0,0]"""
1782318875039,2026-06-25T01:34:35.009,warning,bed_exit,yja,bed_exit_failed,t057,"CSI_DATA,810043,1a:00:00:00:00:00,-64,11,-99,18,49,11,-352224682,47,2,256,0,""[0,0,0,0,0,0,0,0,0,0,0,0,-26,8,-23,0,-39,7,-29,4,-35,-3,-30,0,-24,8,-43,9,-39,7,-51,5,-38,1,-47,0,-43,-2,-56,-12,-48,-9,-64,-12,-48,-6,-61,-23,-52,-11,-43,-15,-65,-16,-64,-13,-72,-3,-54,-16,-62,-19,-59,-7,-68,-17,-58,-10,-71,-30,-58,-26,-68,-19,-50,-17,-72,-9,-68,-3,-73,5,-75,6,-77,0,-71,-9,-81,-1,-102,-8,-83,4,-88,-14,-75,-5,-90,4,-51,2,-91,26,-80,17,-86,46,-115,23,-111,34,-89,9,-114,14,-102,29,-106,29,-116,10,-109,30,-116,36,0,0,0,0,0,0,23,114,30,127,30,88,37,113,43,127,24,100,28,127,28,107,29,127,33,87,37,89,63,105,48,102,65,112,34,92,48,92,51,95,46,111,56,88,51,115,48,86,57,97,46,67,56,68,72,81,79,89,83,78,54,83,76,84,73,75,72,90,72,75,73,109,55,82,65,75,39,63,74,65,59,68,79,59,72,83,62,76,40,73,53,79,48,84,52,71,35,80,19,70,43,64,23,36,46,55,31,46,47,49,29,57,37,51,8,44,16,52,10,45,0,0,0,0,0,0,0,0,0,0]"""
1782318875050,2026-06-25T01:34:35.020,warning,bed_exit,yja,bed_exit_failed,t057,"CSI_DATA,810044,1a:00:00:00:00:00,-64,11,-99,17,49,11,-352215558,47,2,256,0,""[0,0,0,0,0,0,0,0,0,0,0,0,-10,25,-7,24,-15,33,-13,32,-17,32,-18,25,-19,33,-11,31,-27,26,-35,35,-32,30,-31,25,-40,31,-45,30,-42,30,-53,26,-42,26,-48,27,-55,21,-55,34,-53,41,-59,24,-58,31,-63,24,-69,17,-61,17,-60,23,-47,20,-71,23,-63,23,-64,26,-67,19,-78,36,-71,28,-64,32,-56,23,-71,26,-75,33,-76,29,-71,39,-63,41,-77,32,-80,27,-75,53,-70,40,-93,64,-81,42,-74,49,-87,47,-90,52,-101,46,-84,38,-76,46,-116,63,-103,51,-96,58,-110,69,0,0,0,0,0,0,56,97,69,116,59,110,71,105,54,111,53,96,62,127,51,108,59,112,45,110,55,103,56,94,40,91,54,109,47,103,44,94,49,99,57,90,52,81,53,107,47,84,62,88,55,91,68,94,76,96,43,84,64,88,62,93,49,91,54,88,56,83,54,67,55,106,54,85,59,85,44,89,58,96,44,89,49,83,38,77,33,87,32,83,23,86,28,83,30,72,15,80,10,72,22,75,5,62,17,70,9,62,9,62,0,57,0,58,0,55,-9,46,-5,44,0,0,0,0,0,0,0,0,0,0]"""
1782318875061,2026-06-25T01:34:35.031,warning,bed_exit,yja,bed_exit_failed,t057,"CSI_DATA,810045,1a:00:00:00:00:00,-64,11,-99,16,49,11,-352204494,47,2,256,0,""[0,0,0,0,0,0,0,0,0,0,0,0,21,3,29,3,28,0,33,0,36,2,30,10,37,21,32,14,43,22,29,18,34,27,35,27,44,31,38,36,42,37,30,26,40,29,43,40,45,40,52,54,37,50,48,52,24,62,32,48,36,56,30,55,26,63,23,64,40,40,46,52,27,51,50,68,40,68,47,40,48,57,45,72,43,46,40,51,50,70,32,52,54,67,62,54,62,51,74,78,65,66,44,48,51,64,55,71,93,69,62,60,71,75,95,87,83,99,69,78,93,58,81,96,68,91,0,0,0,0,0,0,106,-82,96,-70,102,-76,99,-74,98,-59,106,-68,85,-64,102,-73,92,-71,106,-63,103,-53,96,-44,98,-63,99,-47,94,-58,96,-54,86,-63,87,-59,104,-61,71,-59,79,-70,86,-62,85,-66,88,-58,78,-51,86,-77,80,-46,78,-65,83,-61,85,-54,83,-55,98,-56,66,-63,75,-71,88,-60,90,-59,90,-40,85,-52,95,-32,85,-43,82,-29,73,-42,79,-33,72,-26,86,-20,60,-34,69,-26,78,-12,78,-14,62,3,64,-10,61,2,58,-3,55,3,61,-2,52,0,46,2,0,0,0,0,0,0,0,0,0,0]"""
1782318875072,2026-06-25T01:34:35.042,warning,bed_exit,yja,bed_exit_failed,t057,"CSI_DATA,810046,1a:00:00:00:00:00,-64,11,-99,18,49,11,-352192886,47,2,256,0,""[0,0,0,0,0,0,0,0,0,0,0,0,-11,17,-18,29,-14,23,-21,25,-21,22,-28,35,-29,25,-29,29,-34,35,-29,10,-37,20,-39,22,-47,15,-40,14,-59,18,-41,17,-54,24,-44,17,-74,13,-55,7,-43,-1,-67,13,-52,3,-66,-3,-64,0,-65,4,-61,0,-76,2,-49,5,-68,3,-59,4,-87,1,-68,0,-65,0,-74,0,-73,5,-69,9,-78,11,-73,5,-62,5,-82,0,-70,24,-85,30,-88,3,-116,14,-86,4,-95,30,-94,2,-87,22,-95,11,-117,24,-100,25,-117,29,-102,14,-111,18,-128,18,-119,12,0,0,0,0,0,0,0,127,0,106,12,127,7,124,-2,92,0,127,0,97,0,127,-2,98,-5,127,0,122,-4,101,5,115,-16,100,-6,117,-4,117,-3,107,-17,97,-11,123,11,83,4,114,5,101,2,126,1,107,0,94,0,113,-5,90,0,103,-4,108,0,99,-4,89,-12,117,7,87,4,108,0,96,-6,124,-18,91,0,97,-20,97,-15,90,-19,80,-11,92,-19,82,-24,65,-38,80,-15,65,-24,80,-33,67,-49,83,-31,50,-34,56,-43,51,-33,49,-37,41,-40,47,-35,35,-34,34,0,0,0,0,0,0,0,0,0,0]"""
1782318875083,2026-06-25T01:34:35.053,warning,bed_exit,yja,bed_exit_failed,t057,"CSI_DATA,810047,1a:00:00:00:00:00,-64,11,-99,18,49,11,-352180870,47,2,256,0,""[0,0,0,0,0,0,0,0,0,0,0,0,10,-23,5,-30,4,-24,8,-37,6,-34,16,-38,23,-36,17,-33,19,-34,23,-36,22,-38,22,-36,25,-47,24,-41,31,-53,25,-32,31,-52,24,-49,32,-59,43,-52,40,-51,31,-53,36,-41,30,-60,37,-54,34,-49,37,-42,34,-59,26,-57,27,-67,29,-54,33,-80,29,-67,32,-67,24,-64,25,-67,21,-54,14,-69,17,-75,7,-65,15,-86,1,-62,-1,-82,-3,-80,0,-116,15,-92,-3,-94,15,-94,-7,-88,-15,-101,-35,-119,-24,-94,-23,-101,-18,-106,-42,-116,-30,-117,-34,-111,0,0,0,0,0,0,-121,48,-101,36,-128,55,-116,44,-86,29,-120,53,-94,50,-125,59,-88,54,-128,50,-111,42,-99,40,-92,39,-88,41,-93,65,-93,59,-88,60,-79,63,-86,72,-61,60,-76,81,-65,68,-91,96,-83,77,-68,83,-66,74,-55,64,-58,95,-60,87,-55,82,-54,73,-60,90,-25,84,-44,99,-45,91,-64,111,-64,78,-49,90,-60,75,-51,70,-45,69,-34,88,-48,84,-38,66,-42,75,-24,66,-37,74,-38,69,-56,69,-36,46,-46,54,-43,37,-33,43,-35,40,-39,49,-37,43,-35,37,0,0,0,0,0,0,0,0,0,0]"""
1782318875094,2026-06-25T01:34:35.064,warning,bed_exit,yja,bed_exit_failed,t057,"CSI_DATA,810048,1a:00:00:00:00:00,-64,11,-99,16,49,11,-352171635,47,2,256,0,""[0,0,0,0,0,0,0,0,0,0,0,0,-6,24,-4,30,-2,30,-6,27,-13,32,-7,32,-12,32,-15,34,-15,42,-15,36,-31,29,-20,40,-17,42,-27,39,-30,50,-31,38,-30,37,-43,35,-34,50,-45,52,-44,50,-37,54,-36,53,-45,43,-46,51,-38,52,-45,40,-59,45,-38,52,-46,46,-44,38,-38,57,-33,56,-34,69,-34,64,-36,75,-39,52,-38,57,-37,68,-43,71,-38,76,-33,63,-38,77,-48,77,-27,77,-27,80,-17,91,-19,87,-17,111,-21,102,-30,99,-26,110,-33,114,-27,97,-36,108,-19,119,-23,117,0,0,0,0,0,0,124,35,112,45,113,44,108,39,112,31,117,48,113,35,121,26,116,40,116,22,111,18,108,15,126,2,114,5,99,29,111,14,116,5,117,20,119,19,99,0,104,3,101,22,103,-7,100,-13,106,-8,114,-21,94,-11,101,6,106,-11,104,-15,103,-7,112,-9,102,-16,103,-11,97,3,107,-20,95,-12,100,-27,97,-19,106,-9,87,-16,88,5,97,-5,88,6,96,8,72,0,78,9,74,18,70,0,63,8,66,3,62,5,71,0,53,11,50,16,53,19,51,17,0,0,0,0,0,0,0,0,0,0]"""
1782318875105,2026-06-25T01:34:35.075,warning,bed_exit,yja,bed_exit_failed,t057,"CSI_DATA,810049,1a:00:00:00:00:00,-64,11,-99,16,49,11,-352157549,47,2,256,0,""[0,0,0,0,0,0,0,0,0,0,0,0,-14,-24,-14,-21,-13,-22,-17,-31,-19,-20,-16,-46,-5,-39,-2,-33,0,-39,-6,-35,-3,-47,-3,-46,-8,-45,-5,-44,0,-51,10,-39,6,-65,0,-50,12,-70,18,-59,9,-46,16,-58,18,-51,14,-67,19,-71,21,-67,19,-62,27,-63,21,-52,27,-71,22,-56,29,-87,29,-67,27,-65,25,-69,33,-56,22,-58,17,-76,14,-75,16,-68,23,-76,21,-63,28,-88,21,-83,40,-111,39,-92,29,-92,36,-83,33,-77,25,-90,19,-123,21,-98,33,-105,43,-100,28,-123,35,-124,42,-113,0,0,0,0,0,0,-120,-50,-95,-38,-128,-58,-100,-70,-80,-39,-118,-66,-88,-48,-119,-68,-96,-51,-128,-75,-105,-79,-93,-68,-86,-61,-86,-49,-109,-49,-100,-45,-102,-39,-100,-42,-99,-50,-77,-52,-100,-47,-82,-35,-117,-59,-91,-62,-88,-51,-83,-55,-80,-40,-107,-42,-98,-43,-98,-35,-90,-44,-99,-56,-76,-44,-99,-54,-82,-48,-110,-75,-76,-75,-75,-61,-70,-67,-54,-71,-62,-51,-81,-61,-67,-59,-56,-49,-59,-71,-45,-61,-54,-67,-44,-54,-46,-86,-28,-67,-30,-61,-19,-62,-15,-56,-16,-52,-29,-61,-11,-46,-8,-48,0,0,0,0,0,0,0,0,0,0]"""
1782318875116,2026-06-25T01:34:35.086,warning,bed_exit,yja,bed_exit_failed,t057,"CSI_DATA,810050,1a:00:00:00:00:00,-64,11,-99,15,49,11,-352149491,47,2,256,0,""[0,0,0,0,0,0,0,0,0,0,0,0,25,-7,34,-2,26,-4,36,4,23,0,45,9,43,12,33,24,42,22,25,18,36,29,42,32,35,28,33,30,47,49,28,30,38,51,31,36,41,66,30,44,17,44,29,61,6,48,24,60,15,68,12,65,10,63,8,90,16,48,15,69,12,59,15,94,5,72,11,70,9,76,3,76,6,61,10,80,6,69,2,65,4,85,17,68,14,93,0,80,-2,127,-5,87,0,107,-22,100,-2,93,-8,84,-3,120,-6,108,-15,126,-17,99,-6,112,-25,127,-14,106,0,0,0,0,0,0,127,46,84,31,127,60,114,46,80,50,125,79,79,36,124,75,92,36,116,94,101,83,78,75,91,74,59,68,88,79,91,87,84,81,80,71,94,89,64,48,92,83,71,63,94,92,81,81,66,67,79,83,50,76,75,80,72,85,60,88,52,81,65,111,48,59,71,98,46,84,65,122,35,100,45,98,26,101,18,90,8,75,24,97,15,92,10,86,-3,98,13,66,7,91,-7,72,-19,107,-17,63,-18,65,-35,56,-24,55,-24,44,-27,59,-27,46,-38,42,0,0,0,0,0,0,0,0,0,0]"""
1782318875127,2026-06-25T01:34:35.097,warning,bed_exit,yja,bed_exit_failed,t057,"CSI_DATA,810051,1a:00:00:00:00:00,-64,11,-99,15,49,11,-352137419,47,2,256,0,""[0,0,0,0,0,0,0,0,0,0,0,0,-22,16,-28,24,-18,23,-34,29,-21,16,-35,22,-42,14,-34,9,-36,11,-35,15,-47,24,-44,25,-48,24,-40,29,-53,25,-37,13,-61,29,-42,22,-72,34,-60,30,-49,18,-52,32,-47,14,-62,45,-59,41,-53,31,-50,34,-65,41,-45,34,-67,49,-46,24,-80,64,-63,50,-48,50,-59,55,-56,47,-42,51,-40,68,-37,62,-30,70,-48,74,-21,54,-33,87,-28,73,-48,111,-41,86,-26,90,-35,92,-18,88,-9,94,-5,121,-10,102,-10,117,-6,103,10,127,2,127,0,123,0,0,0,0,0,0,127,-12,106,-17,127,-25,112,-7,79,-11,127,-18,100,-26,127,-35,95,-25,127,-30,125,-35,106,-32,97,-32,95,-33,107,-56,107,-57,95,-63,84,-52,104,-65,67,-52,99,-79,69,-59,107,-97,85,-82,63,-74,69,-68,61,-59,70,-99,60,-99,53,-88,52,-73,68,-98,33,-74,54,-112,45,-80,72,-128,66,-88,47,-99,64,-88,44,-73,36,-76,41,-105,42,-91,34,-70,44,-86,27,-67,41,-84,37,-64,54,-86,42,-59,42,-62,41,-50,30,-53,31,-43,36,-57,32,-48,30,-46,0,0,0,0,0,0,0,0,0,0]"""
1782318875138,2026-06-25T01:34:35.108,warning,bed_exit,yja,bed_exit_failed,t057,"CSI_DATA,810052,1a:00:00:00:00:00,-63,11,-99,18,48,11,-352126792,47,2,256,0,""[0,0,0,0,0,0,0,0,0,0,0,0,-18,-21,-20,-26,-14,-29,-17,-28,-22,-31,-14,-31,-16,-41,-5,-44,-23,-44,-9,-45,-14,-45,-13,-53,-15,-48,-17,-59,-6,-59,-19,-52,-21,-55,-17,-59,-4,-59,-13,-58,3,-48,-17,-74,-2,-68,-9,-69,-7,-71,-19,-65,-20,-67,-12,-67,-25,-62,-31,-65,-34,-59,-25,-68,-23,-67,-29,-65,-29,-75,-40,-64,-33,-65,-53,-55,-39,-69,-47,-65,-49,-77,-67,-53,-72,-49,-68,-66,-78,-61,-68,-62,-79,-59,-74,-68,-90,-54,-86,-72,-93,-52,-98,-48,-103,-53,-107,-55,-110,-46,-107,-55,-110,-58,0,0,0,0,0,0,-48,127,-56,125,-45,112,-39,122,-36,121,-35,120,-30,127,-25,121,-26,120,-23,112,-21,118,-40,106,-9,124,-30,114,-12,118,-10,118,-2,112,-3,116,-9,124,26,111,29,100,16,109,18,106,15,107,3,108,31,116,21,110,35,104,29,106,34,105,35,100,39,112,54,91,56,93,47,99,47,105,36,93,42,96,32,111,47,93,34,101,49,87,38,87,39,83,29,91,47,78,45,74,31,83,27,75,22,72,20,71,8,70,19,72,14,59,20,60,17,59,14,62,0,0,0,0,0,0,0,0,0,0]"""
1782318875149,2026-06-25T01:34:35.119,warning,bed_exit,yja,bed_exit_failed,t057,"CSI_DATA,810053,1a:00:00:00:00:00,-63,11,-99,18,48,11,-352116635,47,2,256,0,""[0,0,0,0,0,0,0,0,0,0,0,0,60,56,-55,-6,22,52,62,61,58,-15,-40,9,9,59,60,-19,-27,48,-34,12,45,0,-49,39,-39,45,-99,27,-26,48,-36,32,-27,62,-4,26,-56,42,-46,64,-20,38,-44,45,-49,18,-62,54,-51,56,-56,46,-45,38,-60,48,-36,40,-57,66,-43,43,-71,67,-54,51,-49,57,-47,53,-49,51,-39,46,-41,69,-35,65,-36,54,-47,79,-30,57,-34,97,-31,75,-54,124,-52,81,-32,90,-54,84,-29,92,-23,85,-20,123,-22,101,-33,120,-30,101,-8,116,-20,127,-25,116,0,0,0,0,0,0,127,21,86,9,127,20,125,23,80,13,127,20,100,6,127,15,87,4,127,27,127,19,114,19,111,5,95,0,127,-3,123,-6,112,-15,101,-14,127,-13,80,-18,125,-31,86,-19,127,-30,119,-29,104,-22,101,-23,86,-21,113,-44,100,-38,99,-40,88,-25,124,-42,74,-46,111,-57,88,-38,127,-60,109,-25,104,-38,107,-29,88,-22,81,-23,99,-45,91,-36,71,-33,96,-32,60,-27,94,-34,64,-12,114,-18,77,-8,78,-12,78,2,60,-7,58,-2,69,-8,59,-6,61,7,0,0,0,0,0,0,0,0,0,0]"""
1782318875160,2026-06-25T01:34:35.130,warning,bed_exit,yja,bed_exit_failed,t057,"CSI_DATA,810054,1a:00:00:00:00:00,-63,11,-99,18,48,11,-352104356,47,2,256,0,""[0,0,0,0,0,0,0,0,0,0,0,0,-12,21,-19,22,-20,23,-25,26,-26,29,-34,26,-40,25,-36,31,-35,18,-43,23,-43,33,-40,33,-42,33,-39,27,-52,30,-47,25,-51,28,-51,31,-60,28,-77,32,-69,44,-57,20,-62,33,-64,43,-60,32,-59,28,-49,28,-57,32,-72,30,-60,32,-58,39,-69,41,-74,46,-64,43,-69,46,-53,33,-53,49,-60,60,-66,55,-59,55,-48,57,-60,62,-54,61,-59,70,-60,75,-54,78,-52,77,-52,85,-55,83,-51,96,-62,105,-43,92,-46,87,-58,111,-61,109,-57,107,-58,118,0,0,0,0,0,0,113,47,118,49,127,41,121,49,116,44,120,34,127,47,127,44,127,35,121,39,127,40,120,22,99,25,124,23,126,16,113,9,113,10,109,6,106,3,117,12,114,0,111,-5,124,-2,125,-6,119,-21,97,-4,112,-26,124,-29,113,-23,108,-30,100,-19,94,-28,119,-15,114,-22,107,-32,121,-19,124,-25,112,-20,112,-26,101,-12,103,-23,108,-30,101,-15,95,-15,94,-15,97,-10,91,-9,87,-14,83,-4,88,-7,73,-6,67,-2,69,7,70,0,72,7,61,9,58,6,0,0,0,0,0,0,0,0,0,0]"""
1782318875171,2026-06-25T01:34:35.141,warning,bed_exit,yja,bed_exit_failed,t057,"CSI_DATA,810055,1a:00:00:00:00:00,-63,11,-99,18,48,11,-352089343,47,2,256,0,""[0,0,0,0,0,0,0,0,0,0,0,0,-2,33,-7,34,-5,40,-9,36,-17,34,-10,36,-10,34,-14,54,-19,47,-12,47,-26,43,-21,47,-20,49,-31,49,-25,53,-26,67,-25,54,-39,67,-14,51,-18,53,-25,69,-12,67,-27,80,-31,62,-23,65,-23,72,-33,77,-27,77,-23,73,-18,69,-25,79,-2,60,0,70,13,71,5,78,10,88,10,83,-3,81,20,81,12,87,16,83,22,97,22,95,22,92,33,71,51,85,58,82,73,80,66,87,69,83,48,87,74,98,73,96,90,95,73,97,88,78,96,84,0,0,0,0,0,0,83,-100,108,-105,78,-86,84,-103,95,-119,93,-88,81,-108,62,-93,81,-103,47,-100,41,-109,43,-125,27,-128,33,-123,56,-108,33,-119,27,-114,30,-118,22,-113,12,-123,12,-109,22,-124,-7,-104,-17,-101,-12,-109,-32,-116,-28,-122,0,-109,-23,-110,-35,-117,-23,-123,-33,-116,-34,-116,-23,-110,-25,-110,-42,-88,-51,-96,-58,-97,-58,-93,-57,-100,-53,-97,-22,-98,-46,-94,-34,-104,-32,-93,-40,-88,-19,-84,-26,-92,-31,-64,-33,-72,-34,-69,-39,-71,-36,-69,-28,-64,-15,-62,-12,-59,-10,-52,0,0,0,0,0,0,0,0,0,0]"""
1782318875182,2026-06-25T01:34:35.152,warning,bed_exit,yja,bed_exit_failed,t057,"CSI_DATA,810056,1a:00:00:00:00:00,-63,11,-99,17,48,11,-352083636,47,2,256,0,""[0,0,0,0,0,0,0,0,0,0,0,0,-13,26,-19,30,-24,30,-26,26,-23,25,-37,34,-39,27,-35,27,-40,21,-44,10,-50,19,-51,15,-57,9,-50,5,-70,6,-57,11,-67,11,-57,9,-76,-6,-77,-13,-77,-6,-63,-26,-55,-17,-76,-13,-65,-23,-63,-22,-69,-24,-66,-36,-55,-24,-74,-32,-74,-11,-77,-32,-64,-44,-64,-53,-64,-44,-66,-33,-63,-14,-71,-32,-57,-43,-65,-24,-65,-51,-72,-23,-83,-36,-89,-41,-96,-59,-83,-30,-81,-53,-83,-67,-56,-79,-83,-82,-114,-73,-94,-46,-109,-70,-99,-89,-111,-70,-107,-103,-92,-102,0,0,0,0,0,0,-111,82,-84,66,-120,88,-106,86,-97,59,-123,81,-104,52,-128,62,-101,64,-128,60,-128,55,-108,46,-102,41,-104,26,-118,54,-114,40,-116,39,-103,37,-117,41,-93,31,-114,41,-98,46,-128,37,-126,29,-103,27,-109,16,-99,13,-124,25,-116,22,-112,14,-104,10,-117,23,-99,11,-124,10,-111,13,-128,-5,-123,-14,-106,-21,-118,-25,-98,-25,-91,-25,-118,-20,-94,-37,-77,-33,-91,-41,-72,-34,-91,-41,-73,-43,-82,-67,-53,-56,-61,-57,-39,-60,-37,-51,-36,-57,-36,-60,-24,-49,-22,-54,0,0,0,0,0,0,0,0,0,0]"""
1782318875193,2026-06-25T01:34:35.163,warning,bed_exit,yja,bed_exit_failed,t057,"CSI_DATA,810058,1a:00:00:00:00:00,-63,11,-99,17,48,11,-352060619,47,2,256,0,""[0,0,0,0,0,0,0,0,0,0,0,0,27,21,30,19,33,19,33,23,29,25,27,31,32,36,13,41,33,45,22,49,22,50,20,46,24,51,22,61,20,67,27,51,26,59,16,64,16,64,11,70,0,76,27,76,0,72,11,69,4,78,7,70,6,72,0,73,20,77,16,74,7,83,13,87,3,74,7,78,3,83,13,83,3,76,21,74,17,79,20,84,17,90,32,80,29,79,32,92,23,89,21,86,29,87,21,99,42,112,33,117,47,101,45,107,41,118,41,100,64,116,40,121,50,127,0,0,0,0,0,0,127,-42,123,-32,124,-35,126,-41,127,-23,119,-34,120,-44,127,-49,126,-46,113,-27,117,-27,112,-7,122,-44,120,-21,118,-31,113,-27,111,-29,112,-30,120,-37,99,-55,98,-45,111,-40,102,-39,107,-39,106,-31,114,-52,106,-29,108,-45,109,-35,102,-41,104,-41,114,-31,97,-63,98,-56,106,-43,111,-44,103,-31,111,-30,116,-21,108,-25,111,-12,101,-25,107,-13,98,-21,99,-3,91,-24,87,-13,96,-7,86,2,73,4,84,10,74,19,73,11,69,24,64,10,59,21,55,21,0,0,0,0,0,0,0,0,0,0]"""
1782318875204,2026-06-25T01:34:35.174,warning,bed_exit,yja,bed_exit_failed,t057,"CSI_DATA,810059,1a:00:00:00:00:00,-63,11,-99,18,48,11,-352047098,47,2,256,0,""[0,0,0,0,0,0,0,0,0,0,0,0,3,-35,7,-32,12,-44,12,-38,13,-42,20,-45,21,-41,22,-53,21,-39,28,-49,30,-44,29,-44,42,-47,31,-38,36,-40,48,-46,40,-42,52,-56,53,-49,68,-48,66,-66,56,-38,60,-55,67,-51,57,-41,59,-46,55,-41,46,-40,75,-51,54,-48,59,-48,58,-56,67,-64,65,-56,55,-54,41,-52,57,-62,66,-57,64,-57,60,-66,45,-64,60,-67,51,-66,55,-81,56,-79,55,-94,45,-85,52,-91,52,-87,62,-104,64,-107,55,-83,46,-86,71,-112,67,-104,59,-99,62,-118,0,0,0,0,0,0,-106,-55,-126,-61,-119,-65,-122,-54,-112,-58,-108,-57,-128,-70,-113,-59,-120,-60,-111,-57,-116,-54,-116,-45,-98,-42,-121,-49,-112,-47,-98,-44,-109,-46,-110,-38,-95,-27,-113,-41,-101,-32,-118,-21,-113,-27,-123,-29,-122,-20,-101,-18,-114,-26,-119,-22,-114,-22,-110,-21,-103,-16,-91,-6,-126,-28,-110,-19,-114,-10,-114,-28,-128,-18,-111,-26,-107,-17,-90,-26,-106,-30,-104,-34,-93,-45,-93,-33,-80,-25,-88,-39,-77,-34,-88,-33,-72,-35,-85,-36,-69,-32,-65,-32,-56,-38,-59,-48,-52,-45,-39,-43,-41,-38,0,0,0,0,0,0,0,0,0,0]"""
1782318875215,2026-06-25T01:34:35.185,warning,bed_exit,yja,bed_exit_failed,t057,"CSI_DATA,810060,1a:00:00:00:00:00,-63,11,-99,17,48,11,-352039636,47,2,256,0,""[0,0,0,0,0,0,0,0,0,0,0,0,-29,-16,-15,-19,-37,-25,-31,-22,-33,-36,-22,-29,-30,-25,-36,-41,-27,-34,-43,-49,-29,-42,-22,-40,-30,-51,-26,-56,-23,-40,-40,-70,-26,-49,-31,-69,-27,-59,-29,-56,-33,-62,-36,-64,-26,-77,-23,-71,-19,-70,-22,-72,-15,-74,-23,-49,-37,-90,-25,-66,-33,-73,-31,-57,-45,-69,-45,-66,-51,-67,-43,-65,-47,-81,-36,-72,-44,-76,-55,-70,-61,-54,-63,-88,-50,-66,-77,-65,-46,-51,-82,-67,-72,-67,-86,-50,-96,-67,-91,-74,-76,-80,-81,-69,-81,-63,-107,-77,-93,-83,-91,-54,-120,-57,0,0,0,0,0,0,-60,102,-81,126,-57,89,-61,109,-81,127,-54,90,-80,126,-46,97,-78,122,-54,90,-49,103,-51,123,-40,108,-52,122,-54,108,-45,104,-46,109,-42,110,-19,90,-35,124,-24,91,-26,117,-16,94,-5,112,-7,120,0,110,-14,126,-19,117,-17,114,-17,112,-13,118,7,89,-9,127,-4,100,-3,109,-7,98,14,122,0,117,14,113,5,108,-9,107,-25,96,-24,108,-23,103,-9,89,-20,99,-20,78,-11,92,-11,64,-10,90,-17,73,-11,78,-21,63,-27,71,-31,55,-33,53,-29,49,0,0,0,0,0,0,0,0,0,0]"""
1782318875226,2026-06-25T01:34:35.196,warning,bed_exit,yja,bed_exit_failed,t057,"CSI_DATA,810061,1a:00:00:00:00:00,-64,11,-99,19,48,11,-352027206,47,2,256,0,""[0,0,0,0,0,0,0,0,0,0,0,0,34,3,38,5,33,4,46,10,45,9,50,21,45,15,37,19,46,28,41,28,41,36,44,40,43,37,42,50,50,57,33,42,46,52,43,53,47,65,37,53,29,42,48,67,26,67,30,75,26,80,22,73,13,72,24,87,30,54,38,74,23,76,33,92,26,80,33,65,31,75,23,78,25,68,31,74,34,72,26,75,27,86,35,75,49,86,35,88,36,113,30,83,46,95,31,106,47,99,44,107,49,112,41,111,45,118,32,104,42,111,46,127,43,123,0,0,0,0,0,0,127,-41,112,-27,127,-30,127,-27,112,-16,127,-15,109,-22,127,-21,113,-22,127,-9,127,-17,109,-11,127,-22,108,0,118,0,124,-6,117,-9,106,-5,125,-13,94,-15,112,-19,112,-18,119,-17,112,-16,108,-19,116,-22,111,0,112,-8,117,-9,111,-6,108,10,126,2,95,-14,109,-19,118,3,127,-8,106,5,111,-2,110,13,106,23,93,11,111,15,95,26,82,30,97,32,74,16,90,24,78,36,92,52,63,33,72,33,57,49,60,43,49,48,49,47,36,43,38,49,0,0,0,0,0,0,0,0,0,0]"""
1782318875237,2026-06-25T01:34:35.207,warning,bed_exit,yja,bed_exit_failed,t057,"CSI_DATA,810062,1a:00:00:00:00:00,-63,11,-99,17,48,11,-352016981,47,2,256,0,""[0,0,0,0,0,0,0,0,0,0,0,0,34,-6,36,-7,41,-10,43,-6,44,-9,49,-2,52,2,49,-2,46,0,52,-4,52,-5,51,-5,60,-2,59,-4,64,0,64,5,74,-3,62,-2,80,-4,84,13,88,2,66,0,71,-2,79,-17,77,-11,69,-12,70,-12,71,-10,84,-13,80,-12,65,-23,91,-19,87,-23,77,-29,77,-29,65,-25,66,-30,74,-54,70,-57,64,-54,64,-54,66,-53,65,-64,60,-72,62,-79,66,-78,55,-78,56,-82,66,-82,54,-96,53,-113,30,-98,42,-103,40,-111,35,-128,37,-117,47,-114,0,0,0,0,0,0,-126,-27,-116,-15,-128,-16,-128,-20,-107,-10,-122,-3,-128,0,-128,4,-121,11,-128,7,-128,11,-117,12,-111,5,-113,25,-117,46,-96,42,-103,55,-96,59,-99,56,-90,51,-92,54,-89,56,-103,74,-97,65,-76,81,-87,60,-69,78,-77,101,-62,96,-62,92,-52,91,-54,86,-62,93,-60,99,-53,100,-65,109,-59,99,-51,89,-52,102,-47,79,-41,86,-36,107,-40,96,-37,84,-35,83,-33,76,-34,79,-34,79,-39,80,-37,72,-35,63,-29,60,-33,59,-34,63,-30,67,-26,49,-26,45,0,0,0,0,0,0,0,0,0,0]"""
1782318875248,2026-06-25T01:34:35.218,warning,bed_exit,yja,bed_exit_failed,t057,"CSI_DATA,810063,1a:00:00:00:00:00,-64,11,-99,19,48,11,-352006636,47,2,256,0,""[0,0,0,0,0,0,0,0,0,0,0,0,6,30,9,44,10,30,10,45,6,35,0,52,-10,52,-5,43,-9,59,-14,36,-12,63,-12,59,-17,54,-17,57,-30,59,-18,46,-29,63,-23,66,-43,69,-53,73,-42,57,-46,59,-44,57,-48,62,-49,59,-38,55,-42,59,-49,63,-31,51,-36,64,-44,70,-55,78,-62,59,-46,56,-55,49,-48,61,-41,62,-37,87,-38,67,-26,60,-54,62,-21,75,-28,92,-44,87,-62,120,-53,78,-37,97,-64,91,-36,81,-44,97,-32,120,-22,105,-42,104,-52,118,-40,121,-47,117,-52,110,0,0,0,0,0,0,121,54,105,51,127,65,112,65,91,46,127,67,102,44,126,54,99,48,127,64,127,66,91,60,100,48,92,52,124,44,110,34,101,38,94,30,104,40,94,23,116,25,110,26,122,37,112,44,92,30,97,34,90,27,114,19,106,21,105,19,90,25,106,37,90,10,107,19,111,17,127,38,100,56,98,38,99,54,87,43,92,40,113,25,89,31,78,29,80,46,83,29,90,37,75,47,87,59,52,53,59,48,48,57,45,48,48,47,57,50,46,42,36,44,0,0,0,0,0,0,0,0,0,0]"""
1782318875259,2026-06-25T01:34:35.229,warning,bed_exit,yja,bed_exit_failed,t057,"CSI_DATA,810064,1a:00:00:00:00:00,-64,11,-99,18,48,11,-351994253,47,2,256,0,""[0,0,0,0,0,0,0,0,0,0,0,0,0,-35,0,-43,3,-29,2,-43,2,-41,2,-39,12,-53,9,-36,14,-52,23,-48,18,-52,21,-54,18,-62,21,-57,19,-70,16,-52,15,-65,19,-69,20,-68,32,-68,35,-64,16,-74,29,-69,19,-73,22,-78,18,-68,22,-64,25,-70,7,-72,3,-75,12,-77,8,-88,6,-75,2,-79,13,-85,0,-78,4,-71,-8,-74,-13,-84,-19,-75,-16,-95,-36,-71,-38,-81,-40,-86,-41,-100,-26,-85,-42,-87,-35,-95,-66,-87,-61,-93,-80,-101,-70,-79,-70,-90,-74,-88,-105,-72,-93,-83,-93,-86,0,0,0,0,0,0,-78,118,-77,90,-80,109,-83,112,-70,88,-78,104,-49,101,-47,110,-52,111,-72,111,-55,118,-53,93,-43,109,-53,96,-29,103,-32,116,-22,107,-22,105,-28,118,5,96,8,109,-7,114,4,116,0,114,7,98,23,109,9,98,26,101,18,106,21,99,23,100,21,113,54,94,54,97,43,108,56,112,32,91,46,97,33,104,42,93,41,90,46,96,44,86,42,77,33,85,41,77,48,80,33,87,32,87,25,61,29,74,19,64,30,69,15,67,16,58,22,59,14,60,0,0,0,0,0,0,0,0,0,0]"""
1782318875270,2026-06-25T01:34:35.240,warning,bed_exit,yja,bed_exit_failed,t057,"CSI_DATA,810065,1a:00:00:00:00:00,-64,11,-99,14,49,11,-351984636,47,2,256,0,""[0,0,0,0,0,0,0,0,0,0,0,0,-6,29,-13,46,-5,25,-16,40,-8,32,-18,52,-33,44,-26,34,-29,40,-22,30,-30,47,-36,44,-33,52,-30,47,-41,54,-31,38,-53,58,-30,38,-60,70,-46,61,-35,46,-42,53,-44,34,-52,66,-53,57,-53,55,-53,47,-60,61,-34,55,-45,70,-42,53,-55,88,-47,65,-41,66,-44,66,-48,59,-36,55,-30,74,-28,79,-27,70,-31,83,-14,69,-22,93,-21,80,-31,127,-36,92,-19,101,-32,101,-14,90,-3,94,0,127,0,100,-8,124,-4,112,8,118,3,127,2,117,0,0,0,0,0,0,123,-7,92,-9,127,-19,116,-6,84,-4,127,-15,96,-17,127,-25,96,-25,127,-12,123,-22,105,-14,104,-30,92,-16,113,-41,107,-44,101,-53,92,-44,110,-49,68,-46,100,-68,78,-49,116,-73,101,-64,82,-61,82,-62,69,-47,84,-78,74,-77,73,-68,69,-62,97,-71,45,-68,74,-90,67,-69,104,-106,83,-71,71,-81,80,-72,70,-60,57,-59,72,-87,62,-78,56,-59,73,-68,44,-58,69,-72,58,-52,90,-73,61,-41,66,-49,67,-33,54,-38,45,-27,61,-42,49,-35,54,-33,0,0,0,0,0,0,0,0,0,0]"""
1782318875281,2026-06-25T01:34:35.251,warning,bed_exit,yja,bed_exit_failed,t057,"CSI_DATA,810066,1a:00:00:00:00:00,-64,11,-99,19,48,11,-351965834,47,2,256,0,""[0,0,0,0,0,0,0,0,0,0,0,0,-26,-24,-26,-25,-19,-37,-24,-30,-26,-35,-15,-37,-21,-47,-21,-47,-12,-46,-12,-53,-15,-59,-6,-57,0,-56,0,-61,-2,-52,6,-71,2,-60,-2,-74,9,-70,11,-78,10,-88,26,-60,18,-83,23,-74,22,-65,22,-69,16,-65,13,-64,31,-82,24,-65,19,-80,28,-68,22,-78,26,-74,15,-75,16,-71,23,-85,19,-89,30,-88,18,-82,11,-75,27,-99,19,-84,7,-88,11,-88,7,-112,21,-105,-3,-99,25,-100,18,-103,25,-108,17,-97,11,-109,19,-125,29,-112,36,-100,14,-126,0,0,0,0,0,0,-109,-25,-128,-24,-120,-26,-128,-11,-128,-27,-114,-17,-128,-33,-111,-25,-128,-33,-116,-26,-116,-22,-126,-15,-102,-23,-120,-28,-108,-15,-98,-24,-112,-28,-104,-25,-91,-10,-120,-26,-104,-19,-109,-6,-100,-18,-105,-8,-120,-3,-102,-14,-110,-13,-111,-5,-105,-12,-111,-15,-105,-7,-95,9,-121,-22,-104,-18,-107,-8,-97,-21,-121,-11,-104,-25,-107,-16,-93,-24,-102,-29,-101,-34,-91,-45,-85,-36,-86,-29,-87,-43,-72,-38,-80,-34,-64,-38,-83,-41,-62,-49,-62,-36,-49,-41,-54,-44,-40,-51,-38,-41,-30,-43,0,0,0,0,0,0,0,0,0,0]"""
1782318875292,2026-06-25T01:34:35.262,warning,bed_exit,yja,bed_exit_failed,t057,"CSI_DATA,810067,1a:00:00:00:00:00,-64,11,-99,17,48,11,-351962636,47,2,256,0,""[0,0,0,0,0,0,0,0,0,0,0,0,-34,9,-23,20,-12,-97,-50,6,-37,0,-80,104,-5,54,-83,34,-76,-73,-114,51,-52,56,-30,46,-27,-16,-55,-37,-86,-30,-104,24,-51,9,-81,3,-54,-32,-61,0,-71,12,-79,10,-82,6,-61,-11,-74,-10,-71,0,-76,-10,-72,-5,-83,-22,-72,-17,-78,-3,-57,-5,-73,2,-72,4,-81,14,-84,7,-83,16,-77,0,-88,10,-101,10,-87,21,-94,0,-86,7,-90,10,-66,24,-82,42,-84,31,-86,55,-109,34,-98,43,-89,16,-108,35,-109,41,-99,46,-114,24,-108,39,-109,42,0,0,0,0,0,0,45,118,57,127,44,100,45,108,63,127,32,107,51,127,37,106,44,127,44,88,55,79,77,97,66,104,79,98,51,83,62,91,65,86,67,100,67,80,71,102,67,76,78,88,57,64,69,59,87,61,84,72,100,65,74,66,90,73,88,57,97,74,90,54,88,94,76,78,88,63,61,54,82,56,80,53,94,45,94,65,82,60,59,66,73,76,74,83,74,66,55,79,50,70,52,63,44,36,57,52,49,45,67,54,40,64,50,45,27,53,31,53,25,49,0,0,0,0,0,0,0,0,0,0]"""
1782318875303,2026-06-25T01:34:35.273,warning,bed_exit,yja,bed_exit_failed,t057,"CSI_DATA,810068,1a:00:00:00:00:00,-64,11,-99,18,48,11,-351951636,47,2,256,0,""[0,0,0,0,0,0,0,0,0,0,0,0,-16,-34,-8,-38,-10,-41,-8,-30,2,-45,-6,-41,-14,-39,-3,-52,-7,-51,-6,-58,8,-55,2,-56,7,-54,17,-59,15,-56,15,-74,17,-62,35,-68,16,-52,18,-56,23,-80,18,-65,18,-81,29,-60,26,-61,15,-67,35,-67,29,-61,36,-72,32,-57,35,-72,19,-58,20,-67,19,-67,16,-81,12,-86,19,-83,27,-79,12,-84,26,-86,22,-82,29,-95,23,-83,27,-83,2,-68,0,-99,0,-92,-21,-98,0,-110,-2,-105,16,-90,3,-123,5,-109,-10,-126,22,-117,-9,-103,0,-127,0,0,0,0,0,0,-118,-14,-128,-14,-100,-10,-124,-12,-128,5,-114,-20,-128,-17,-103,-8,-125,-19,-105,13,-108,16,-120,19,-116,21,-120,27,-113,3,-109,22,-101,18,-111,5,-98,13,-120,20,-98,20,-110,14,-83,25,-95,36,-99,38,-97,47,-110,55,-105,23,-91,41,-101,49,-109,38,-96,40,-112,30,-98,26,-101,25,-79,33,-97,48,-86,44,-91,51,-100,47,-99,43,-96,14,-94,29,-100,23,-88,15,-97,12,-79,5,-84,3,-65,12,-74,15,-71,17,-74,20,-71,7,-74,6,-57,-8,-64,-10,-56,-12,0,0,0,0,0,0,0,0,0,0]"""
1782318875314,2026-06-25T01:34:35.284,warning,bed_exit,yja,bed_exit_failed,t057,"CSI_DATA,810069,1a:00:00:00:00:00,-64,11,-99,18,48,11,-351936884,47,2,256,0,""[0,0,0,0,0,0,0,0,0,0,0,0,-31,-5,-40,-4,-30,-9,-43,-15,-41,-10,-42,-17,-41,-23,-30,-14,-56,-23,-38,-30,-43,-38,-49,-34,-47,-33,-43,-39,-62,-44,-44,-25,-52,-39,-45,-39,-58,-49,-58,-59,-54,-46,-60,-53,-44,-45,-52,-54,-55,-55,-59,-44,-48,-46,-57,-56,-55,-34,-66,-42,-57,-43,-74,-53,-61,-44,-73,-38,-69,-44,-68,-36,-60,-27,-67,-27,-77,-34,-68,-40,-84,-43,-79,-5,-87,-8,-96,-21,-100,-21,-80,-14,-101,0,-97,-18,-108,-4,-109,-8,-117,4,-107,4,-112,0,-107,7,-127,0,-128,6,-121,14,0,0,0,0,0,0,6,127,5,124,17,127,18,117,13,97,18,126,20,106,21,127,26,108,19,122,33,116,22,104,46,108,21,108,35,99,36,103,32,101,42,97,49,117,59,75,68,91,55,87,72,92,56,87,65,74,67,91,51,71,65,83,77,82,69,68,54,73,71,83,71,66,92,51,86,79,98,82,66,75,83,56,74,83,70,67,60,60,82,59,77,62,65,57,66,69,65,52,79,59,66,68,61,68,45,52,53,59,40,55,49,59,31,59,35,56,28,52,28,44,0,0,0,0,0,0,0,0,0,0]"""
1782318875325,2026-06-25T01:34:35.295,warning,bed_exit,yja,bed_exit_failed,t057,"CSI_DATA,810070,1a:00:00:00:00:00,-64,11,-99,20,48,11,-351928316,47,2,256,0,""[0,0,0,0,0,0,0,0,0,0,0,0,-29,19,-32,18,-36,11,-45,7,-35,9,-45,4,-48,4,-48,4,-45,-5,-49,-11,-55,-16,-56,-11,-57,-23,-56,-27,-59,-28,-51,-36,-60,-40,-51,-34,-54,-54,-57,-58,-61,-59,-33,-56,-50,-56,-51,-65,-46,-59,-35,-54,-33,-54,-35,-68,-43,-74,-45,-72,-37,-70,-17,-81,-31,-70,-33,-75,-51,-87,-26,-62,-26,-68,-21,-80,-31,-80,-39,-79,-56,-77,-26,-65,-29,-90,-37,-68,-39,-123,-26,-88,-37,-99,-55,-118,-17,-91,-28,-101,-2,-90,-20,-98,-31,-109,-30,-128,-6,-124,-11,-128,4,-109,0,0,0,0,0,0,-128,8,-120,-5,-128,-9,-123,4,-113,-9,-128,-9,-118,-21,-128,-25,-109,-17,-128,-29,-116,-21,-109,-19,-94,-20,-108,-25,-114,-22,-105,-18,-103,-22,-101,-27,-106,-21,-102,-26,-114,-26,-92,-22,-115,-37,-106,-35,-108,-27,-90,-32,-91,-29,-106,-29,-96,-35,-91,-37,-96,-33,-93,-34,-91,-54,-105,-52,-87,-39,-105,-72,-93,-62,-86,-58,-76,-63,-68,-61,-63,-63,-72,-68,-61,-73,-57,-74,-55,-71,-50,-68,-45,-77,-35,-57,-34,-81,-32,-71,-25,-65,-21,-67,-9,-63,-7,-59,-9,-71,0,-58,0,-56,0,0,0,0,0,0,0,0,0,0]"""
1782318875336,2026-06-25T01:34:35.306,warning,bed_exit,yja,bed_exit_failed,t057,"CSI_DATA,810071,1a:00:00:00:00:00,-64,11,-99,18,48,11,-351916954,47,2,256,0,""[0,0,0,0,0,0,0,0,0,0,0,0,29,-16,40,-16,35,-14,44,-9,43,-9,43,-9,49,0,45,-2,60,-4,47,5,56,8,55,12,62,12,67,17,73,19,56,5,61,10,66,14,69,21,77,25,69,21,78,29,55,35,59,35,72,38,60,34,65,40,72,43,66,26,72,29,69,33,77,36,68,44,74,36,70,44,69,35,68,33,73,22,72,34,75,32,84,33,82,5,94,13,95,36,104,29,73,29,101,17,90,35,109,26,112,33,119,17,107,19,109,23,109,25,119,16,126,27,124,28,0,0,0,0,0,0,32,-128,34,-124,42,-125,39,-121,29,-110,34,-119,20,-108,30,-128,27,-111,30,-109,29,-117,38,-96,22,-114,41,-104,22,-100,19,-108,20,-107,19,-104,25,-119,-3,-95,0,-104,5,-105,4,-110,13,-103,10,-98,0,-113,8,-93,0,-101,7,-106,3,-98,5,-97,9,-116,-16,-95,-17,-104,0,-108,2,-119,18,-95,6,-103,22,-106,8,-100,17,-95,7,-94,16,-95,19,-85,33,-87,0,-78,8,-79,28,-83,26,-75,29,-59,28,-64,38,-54,33,-66,35,-62,33,-52,28,-49,31,-45,0,0,0,0,0,0,0,0,0,0]"""
1782318875347,2026-06-25T01:34:35.317,warning,bed_exit,yja,bed_exit_failed,t057,"CSI_DATA,810072,1a:00:00:00:00:00,-64,11,-99,18,48,11,-351907636,47,2,256,0,""[0,0,0,0,0,0,0,0,0,0,0,0,-6,32,-6,25,-12,41,-12,39,-22,44,-19,33,-25,40,-27,39,-29,31,-38,44,-41,35,-41,30,-54,36,-51,31,-45,33,-72,34,-48,23,-68,33,-60,27,-73,27,-80,32,-60,17,-82,18,-79,17,-74,7,-71,7,-71,7,-51,15,-94,8,-70,13,-74,7,-67,3,-81,17,-83,2,-83,10,-75,10,-85,-3,-85,4,-88,-3,-90,9,-78,23,-100,3,-82,4,-94,29,-71,0,-112,28,-96,4,-97,23,-111,16,-112,8,-114,-2,-101,-8,-105,6,-125,4,-112,9,-105,-10,-128,16,0,0,0,0,0,0,4,117,0,127,0,117,3,121,-17,127,0,107,-9,127,-3,110,-10,127,-18,99,-6,113,-7,120,-20,101,-15,126,-18,106,-23,100,-21,111,-10,107,0,92,-12,126,-12,93,-4,109,-8,98,-5,105,-3,117,-8,95,-6,112,-7,105,-23,108,-20,105,-10,107,4,91,-20,123,-15,98,-6,111,-22,90,-15,114,-29,99,-21,105,-25,92,-36,97,-40,87,-52,86,-45,87,-30,74,-53,82,-45,67,-39,82,-40,47,-47,67,-52,51,-46,54,-46,48,-56,47,-55,31,-55,21,-44,23,0,0,0,0,0,0,0,0,0,0]"""
1782318875358,2026-06-25T01:34:35.328,warning,bed_exit,yja,bed_exit_failed,t057,"CSI_DATA,810073,1a:00:00:00:00:00,-64,11,-99,15,49,11,-351896543,47,2,256,0,""[0,0,0,0,0,0,0,0,0,0,0,0,19,27,15,27,16,42,12,37,17,41,8,45,9,51,9,52,0,47,0,59,-6,55,-13,56,-19,66,-15,56,-13,60,-35,70,-25,55,-21,69,-35,57,-30,73,-35,72,-48,52,-41,62,-54,61,-57,51,-52,51,-54,50,-40,53,-65,61,-60,52,-51,60,-54,45,-53,67,-62,54,-59,56,-56,55,-69,52,-66,49,-75,49,-78,59,-60,62,-75,61,-63,52,-63,76,-57,61,-65,87,-70,64,-70,76,-84,70,-85,68,-87,66,-88,55,-75,62,-101,83,-101,66,-88,60,-94,80,0,0,0,0,0,0,64,95,70,106,50,100,71,97,64,120,59,93,63,120,50,101,64,120,44,107,49,100,55,101,36,97,47,118,44,100,30,98,37,114,43,101,43,80,51,103,41,87,52,102,44,92,49,93,56,105,35,90,40,100,46,97,29,104,35,103,40,100,43,83,35,109,30,87,46,91,25,87,44,104,17,106,19,100,11,92,7,99,0,101,-12,100,-10,100,0,87,-12,90,-14,76,-6,83,-18,59,-10,83,-23,73,-15,69,-28,61,-28,57,-27,56,-34,41,-35,38,0,0,0,0,0,0,0,0,0,0]"""
1782318875369,2026-06-25T01:34:35.339,warning,bed_exit,yja,bed_exit_failed,t057,"CSI_DATA,810074,1a:00:00:00:00:00,-64,11,-99,19,48,11,-351884072,47,2,256,0,""[0,0,0,0,0,0,0,0,0,0,0,0,-9,-28,-9,-41,0,-24,5,-48,7,-30,15,-55,14,-52,16,-45,19,-48,17,-33,28,-59,30,-51,34,-45,36,-40,50,-53,27,-37,47,-59,36,-46,71,-63,70,-37,56,-26,61,-41,49,-29,72,-42,68,-33,66,-37,63,-29,85,-36,46,-30,74,-36,61,-28,93,-44,74,-23,66,-32,78,-21,65,-27,65,-31,75,-43,71,-31,69,-29,85,-31,54,-46,85,-67,82,-33,123,-64,83,-34,85,-52,101,-28,81,-37,89,-34,110,-61,90,-51,112,-55,101,-44,103,-50,126,-50,112,-32,0,0,0,0,0,0,-44,-123,-25,-84,-38,-128,-41,-112,-19,-80,-38,-128,-18,-86,-35,-128,-18,-88,-27,-128,-21,-125,-10,-98,-29,-102,-3,-88,-25,-120,-26,-114,-14,-109,-11,-94,-19,-120,-26,-73,-40,-117,-21,-85,-29,-128,-23,-111,-11,-93,-19,-99,-10,-74,-22,-108,-18,-109,-21,-98,-16,-88,-15,-117,-21,-73,-29,-114,-22,-85,-18,-128,3,-105,-5,-101,9,-108,0,-90,2,-80,-4,-108,9,-93,8,-72,24,-87,-4,-70,10,-102,23,-67,34,-107,33,-65,28,-66,41,-56,31,-49,28,-48,43,-57,34,-50,35,-33,0,0,0,0,0,0,0,0,0,0]"""
1782318875380,2026-06-25T01:34:35.350,warning,bed_exit,yja,bed_exit_failed,t057,"CSI_DATA,810075,1a:00:00:00:00:00,-64,11,-99,15,49,11,-351873934,47,2,256,0,""[0,0,0,0,0,0,0,0,0,0,0,0,-32,0,-38,-13,-35,-9,-47,-5,-32,-10,-48,-22,-41,-32,-41,-26,-40,-32,-28,-30,-35,-41,-41,-44,-34,-41,-28,-44,-41,-67,-28,-38,-42,-59,-32,-52,-34,-75,-16,-72,-12,-67,-18,-67,-2,-67,-11,-69,-8,-72,0,-84,-3,-73,0,-92,-9,-54,-9,-79,-3,-75,-2,-100,9,-71,-4,-80,3,-74,5,-74,7,-69,-2,-89,3,-74,7,-69,4,-88,0,-71,-9,-104,7,-86,10,-128,8,-88,12,-106,29,-102,7,-95,14,-101,13,-117,8,-108,16,-128,33,-108,17,-118,32,-128,17,-108,0,0,0,0,0,0,-123,-41,-87,-35,-128,-53,-116,-49,-83,-43,-122,-63,-83,-35,-124,-56,-84,-33,-124,-73,-107,-68,-82,-63,-98,-61,-64,-55,-94,-63,-92,-66,-91,-62,-76,-51,-101,-68,-75,-41,-98,-59,-74,-47,-107,-69,-90,-65,-78,-52,-83,-57,-64,-61,-92,-59,-80,-66,-76,-65,-68,-60,-89,-81,-64,-43,-95,-62,-73,-62,-90,-95,-66,-80,-62,-74,-60,-88,-52,-82,-38,-68,-60,-82,-36,-81,-41,-66,-34,-90,-32,-61,-42,-85,-21,-64,-18,-103,-3,-71,-10,-71,9,-70,2,-67,3,-53,4,-68,9,-55,13,-55,0,0,0,0,0,0,0,0,0,0]"""
1782318875391,2026-06-25T01:34:35.361,warning,bed_exit,yja,bed_exit_failed,t057,"CSI_DATA,810076,1a:00:00:00:00:00,-64,11,-99,21,48,11,-351863636,47,2,256,0,""[0,0,0,0,0,0,0,0,0,0,0,0,9,-35,13,-41,12,-32,20,-41,21,-31,18,-45,27,-42,26,-39,29,-47,25,-38,36,-36,42,-45,36,-47,43,-44,62,-47,43,-29,59,-38,64,-30,54,-38,49,-43,45,-36,64,-45,55,-30,65,-22,65,-36,66,-32,75,-26,87,-29,57,-22,70,-26,73,-21,75,-32,70,-33,62,-38,69,-36,77,-36,65,-39,76,-34,65,-53,75,-43,87,-36,72,-42,90,-53,78,-38,93,-55,77,-44,80,-70,78,-52,87,-64,78,-62,82,-65,83,-68,106,-75,85,-66,93,-69,98,-77,93,-60,0,0,0,0,0,0,-65,-114,-58,-108,-72,-110,-51,-114,-65,-96,-55,-125,-51,-89,-63,-109,-40,-95,-70,-99,-61,-93,-53,-93,-75,-96,-63,-83,-60,-94,-74,-93,-72,-77,-67,-79,-74,-102,-61,-67,-72,-82,-49,-82,-81,-77,-75,-69,-66,-71,-82,-71,-67,-61,-67,-70,-79,-68,-80,-64,-74,-77,-82,-88,-71,-60,-74,-74,-58,-86,-92,-73,-64,-75,-76,-66,-72,-73,-72,-79,-63,-62,-59,-76,-66,-66,-51,-73,-44,-93,-48,-68,-36,-75,-16,-68,-35,-74,-21,-63,-22,-67,-19,-65,-22,-66,-16,-56,-12,-55,-12,-56,-1,-53,0,0,0,0,0,0,0,0,0,0]"""
1782318875402,2026-06-25T01:34:35.372,warning,bed_exit,yja,bed_exit_failed,t057,"CSI_DATA,810077,1a:00:00:00:00:00,-64,11,-99,20,48,11,-351847003,47,2,256,0,""[0,0,0,0,0,0,0,0,0,0,0,0,17,25,16,35,11,27,13,43,15,37,3,57,-6,55,-2,44,-7,45,-6,40,-5,54,-10,59,-9,56,-13,51,-20,69,-18,49,-33,71,-17,53,-38,72,-52,68,-46,63,-34,52,-40,46,-36,72,-44,66,-47,59,-43,53,-60,61,-30,43,-50,70,-42,47,-59,75,-60,54,-47,55,-54,57,-52,51,-44,55,-47,75,-43,68,-40,65,-58,69,-42,59,-55,93,-45,65,-72,107,-68,70,-56,83,-77,77,-51,72,-45,80,-56,104,-51,92,-64,99,-57,89,-59,105,-83,106,-68,91,0,0,0,0,0,0,98,73,75,61,126,94,83,82,60,52,108,95,71,59,110,94,72,58,106,101,93,92,73,77,63,75,68,65,91,77,91,68,91,57,79,54,88,71,63,51,99,74,76,48,107,79,88,70,78,55,74,54,66,53,97,53,95,53,83,54,73,55,91,67,63,43,101,61,66,55,107,88,78,73,83,66,66,74,60,69,59,67,81,66,67,67,53,54,58,75,38,50,54,75,35,63,47,99,27,69,31,60,14,67,17,58,12,50,24,61,15,56,9,51,0,0,0,0,0,0,0,0,0,0]"""
1782318875413,2026-06-25T01:34:35.383,warning,bed_exit,yja,bed_exit_failed,t057,"CSI_DATA,810078,1a:00:00:00:00:00,-64,11,-99,20,48,11,-351841636,47,2,256,0,""[0,0,0,0,0,0,0,0,0,0,0,0,-22,14,-36,18,-31,13,-42,17,-34,11,-48,4,-48,0,-35,-5,-45,2,-46,-5,-55,-7,-53,-2,-61,-3,-59,-7,-71,-17,-49,-12,-61,-15,-62,-24,-77,-32,-65,-43,-45,-35,-70,-38,-36,-46,-66,-46,-68,-47,-56,-45,-58,-42,-61,-54,-55,-32,-64,-47,-56,-44,-76,-59,-54,-61,-56,-51,-51,-60,-52,-51,-51,-48,-71,-36,-68,-39,-61,-39,-67,-63,-62,-26,-74,-46,-75,-61,-93,-71,-59,-68,-75,-64,-60,-79,-74,-63,-87,-62,-113,-54,-95,-45,-89,-71,-77,-67,-112,-58,-99,-75,-94,-78,0,0,0,0,0,0,-88,99,-74,77,-102,105,-91,81,-72,67,-91,94,-66,76,-96,91,-69,78,-102,82,-101,71,-97,49,-87,67,-82,60,-86,82,-80,79,-69,80,-68,72,-76,80,-46,68,-66,85,-63,73,-79,87,-81,72,-75,53,-76,74,-69,57,-65,99,-68,85,-65,76,-63,70,-87,67,-49,73,-64,96,-74,71,-94,88,-99,49,-79,61,-95,51,-79,43,-74,50,-73,66,-75,54,-62,42,-87,33,-62,42,-80,47,-75,27,-91,25,-67,4,-70,15,-74,-6,-61,0,-58,-2,-74,13,-54,5,-53,0,0,0,0,0,0,0,0,0,0,0]"""
1782318875424,2026-06-25T01:34:35.394,warning,bed_exit,yja,bed_exit_failed,t057,"CSI_DATA,810079,1a:00:00:00:00:00,-64,11,-99,16,49,11,-351830636,47,2,256,0,""[0,0,0,0,0,0,0,0,0,0,0,0,-26,17,-20,18,-35,24,-26,22,-45,15,-34,23,-36,25,-39,28,-44,22,-52,28,-50,10,-48,17,-57,19,-57,5,-64,10,-65,13,-60,8,-71,0,-64,10,-59,11,-70,10,-72,21,-77,16,-73,-3,-72,8,-67,8,-73,3,-71,6,-93,10,-75,3,-80,0,-65,11,-72,19,-70,32,-73,33,-77,30,-72,27,-75,11,-82,40,-87,26,-81,31,-86,33,-79,29,-90,32,-64,38,-76,45,-63,54,-68,74,-87,77,-87,76,-87,49,-92,64,-88,64,-88,73,-107,59,-85,77,-88,83,0,0,0,0,0,0,87,101,78,111,74,79,73,95,88,95,59,96,81,104,76,85,77,102,79,63,79,58,93,67,106,60,105,64,70,80,87,61,91,55,94,64,85,62,101,62,81,46,94,52,86,29,95,28,96,23,104,11,102,22,93,42,104,33,100,22,105,36,94,29,112,31,98,31,102,33,85,16,98,19,96,4,101,7,92,15,101,11,87,39,92,28,94,38,82,29,81,34,68,37,74,39,59,17,64,22,64,16,70,11,68,26,58,25,45,33,48,31,46,35,0,0,0,0,0,0,0,0,0,0]"""
1782318875435,2026-06-25T01:34:35.405,warning,bed_exit,yja,bed_exit_failed,t057,"CSI_DATA,810080,1a:00:00:00:00:00,-64,11,-99,16,49,11,-351817360,47,2,256,0,""[0,0,0,0,0,0,0,0,0,0,0,0,-11,32,-10,30,-19,40,-9,31,-21,35,-25,33,-20,35,-36,44,-33,37,-31,52,-36,36,-40,34,-34,36,-40,42,-35,36,-57,49,-46,43,-59,52,-47,44,-49,38,-60,59,-45,44,-62,55,-51,39,-55,38,-62,43,-62,50,-50,48,-63,55,-52,45,-58,57,-45,39,-45,61,-46,58,-44,69,-49,70,-51,69,-56,63,-53,71,-46,72,-32,73,-54,93,-38,75,-20,86,-33,63,-28,99,-31,89,-10,100,-24,106,-24,100,-31,85,-39,108,-20,104,-18,119,-30,110,-18,97,0,118,0,0,0,0,0,0,118,9,127,8,104,7,119,0,127,-3,110,2,126,-3,105,-13,124,-5,107,-8,107,-14,123,-25,109,-20,118,-37,101,-15,108,-18,101,-27,104,-34,81,-39,120,-47,90,-47,102,-55,72,-40,69,-55,85,-62,85,-62,93,-72,81,-57,88,-60,82,-61,87,-70,67,-69,98,-74,76,-68,73,-73,62,-46,61,-85,72,-65,65,-78,75,-72,79,-63,74,-45,78,-54,78,-62,63,-61,79,-58,64,-44,55,-60,47,-32,58,-48,54,-36,53,-45,55,-33,56,-35,53,-28,52,-21,45,-18,0,0,0,0,0,0,0,0,0,0]"""
1782318875446,2026-06-25T01:34:35.416,warning,bed_exit,yja,bed_exit_failed,t057,"CSI_DATA,810081,1a:00:00:00:00:00,-64,11,-99,20,48,11,-351806216,47,2,256,0,""[0,0,0,0,0,0,0,0,0,0,0,0,-26,6,-37,4,-31,3,-39,0,-43,2,-46,4,-46,0,-39,-8,-54,-7,-47,-15,-51,-12,-62,-18,-55,-24,-55,-20,-63,-25,-54,-15,-65,-17,-61,-15,-62,-27,-65,-24,-52,-17,-72,-30,-60,-33,-65,-40,-68,-38,-64,-27,-65,-36,-76,-34,-60,-21,-74,-21,-68,-27,-79,-27,-66,-28,-75,-21,-77,-24,-75,-16,-74,-12,-74,-5,-77,-19,-72,-10,-90,-17,-81,10,-88,15,-94,-2,-111,2,-83,3,-98,22,-90,6,-99,13,-106,11,-110,20,-112,26,-111,31,-112,23,-111,36,-128,31,-112,23,0,0,0,0,0,0,37,127,36,107,47,124,38,111,29,101,35,120,36,103,48,123,36,103,50,115,59,103,45,94,61,107,40,103,51,88,55,103,56,85,51,88,60,102,67,65,78,70,80,74,76,80,73,80,74,68,83,73,71,63,79,65,81,69,74,60,73,62,89,74,83,44,96,48,93,57,102,71,73,63,81,51,83,61,85,55,83,59,81,46,77,53,63,49,64,57,67,43,77,43,58,60,64,62,48,42,53,48,43,52,50,47,34,47,44,50,39,50,36,43,0,0,0,0,0,0,0,0,0,0]"""
1782318875457,2026-06-25T01:34:35.427,warning,bed_exit,yja,bed_exit_failed,t057,"CSI_DATA,810082,1a:00:00:00:00:00,-64,11,-99,22,48,11,-351797145,47,2,256,0,""[0,0,0,0,0,0,0,0,0,0,0,0,25,-19,36,-17,30,-8,33,-14,29,-11,47,-13,53,0,45,-4,45,0,44,-7,59,-8,59,-4,55,-7,56,-5,64,5,59,9,69,8,66,7,73,9,64,25,58,26,64,23,66,17,77,14,73,14,77,14,73,16,73,26,62,24,74,29,71,22,79,29,75,30,68,27,67,27,74,28,75,18,89,7,79,8,73,8,79,8,86,18,94,18,85,6,108,8,95,13,95,10,99,13,93,17,99,-2,114,-6,110,-14,105,5,117,6,109,-5,120,7,117,13,0,0,0,0,0,0,8,-113,0,-102,0,-128,23,-126,9,-100,6,-128,4,-110,0,-128,0,-110,5,-128,11,-126,5,-112,9,-105,0,-101,-24,-117,-17,-109,-26,-105,-26,-105,-18,-100,-18,-94,-15,-111,-20,-95,-23,-114,-16,-109,-25,-98,-12,-95,-26,-93,-39,-101,-42,-92,-39,-99,-33,-96,-30,-102,-23,-96,-28,-101,-26,-96,-27,-117,-17,-113,-21,-102,-14,-99,-7,-96,-17,-88,-22,-99,-26,-99,-19,-80,-10,-88,-6,-79,0,-90,-4,-82,2,-88,18,-76,5,-68,13,-62,13,-58,15,-58,10,-64,8,-55,10,-49,0,0,0,0,0,0,0,0,0,0]"""
1782318875468,2026-06-25T01:34:35.438,warning,bed_exit,yja,bed_exit_failed,t057,"CSI_DATA,810083,1a:00:00:00:00:00,-64,11,-99,17,49,11,-351783369,47,2,256,0,""[0,0,0,0,0,0,0,0,0,0,0,0,-31,16,-26,18,-40,11,-33,11,-38,8,-36,2,-29,12,-53,14,-48,11,-53,14,-43,12,-54,1,-50,3,-57,-2,-51,-2,-71,-3,-59,0,-76,-6,-52,-9,-50,-4,-76,-4,-70,-5,-86,0,-62,-11,-64,-10,-67,-8,-75,-14,-72,-2,-84,-24,-71,-24,-76,-12,-53,-13,-67,5,-69,-2,-78,9,-85,10,-90,4,-77,0,-87,-4,-91,0,-90,12,-95,-5,-83,0,-83,16,-66,8,-96,40,-84,26,-83,58,-113,27,-97,39,-82,4,-112,21,-107,33,-102,45,-111,23,-108,36,-107,50,0,0,0,0,0,0,45,114,43,127,32,89,59,102,61,127,34,99,41,125,39,97,40,119,40,87,55,78,81,96,61,96,75,101,48,84,62,83,63,84,63,101,65,77,74,99,62,70,75,79,53,58,62,52,83,67,81,68,102,66,67,66,79,66,84,63,93,75,88,49,87,88,73,71,84,54,53,51,82,44,77,55,86,44,92,65,83,59,56,59,64,70,68,77,67,66,52,72,46,65,56,49,37,39,58,50,40,45,56,38,42,49,44,47,22,48,28,43,22,45,0,0,0,0,0,0,0,0,0,0]"""
1782318875479,2026-06-25T01:34:35.449,warning,bed_exit,yja,bed_exit_failed,t057,"CSI_DATA,810084,1a:00:00:00:00:00,-64,11,-99,16,49,11,-351775138,47,2,256,0,""[0,0,0,0,0,0,0,0,0,0,0,0,-4,-26,-7,-35,-2,-21,-2,-52,0,-32,0,-46,0,-46,7,-39,-3,-49,8,-38,11,-49,6,-51,5,-53,13,-56,20,-67,8,-46,18,-66,15,-49,20,-71,13,-73,6,-61,14,-75,14,-46,20,-68,24,-68,14,-70,18,-64,22,-83,-4,-58,16,-79,14,-62,17,-102,13,-70,0,-76,-11,-73,0,-76,9,-64,23,-81,-17,-77,-14,-72,-27,-93,-30,-53,-20,-89,-30,-73,-24,-124,-17,-75,-33,-88,-12,-123,-44,-85,-50,-96,-81,-72,-61,-91,-64,-104,-26,-81,-69,-86,-72,-98,-77,-101,0,0,0,0,0,0,-106,69,-85,57,-112,85,-96,69,-67,58,-111,78,-68,66,-96,101,-75,63,-90,90,-73,83,-74,69,-63,91,-64,73,-60,85,-51,89,-50,92,-47,85,-67,107,-24,76,-39,104,-43,78,-44,112,-29,100,-28,97,-22,103,-18,83,-20,100,-14,103,-13,95,-19,95,-30,118,0,81,-4,106,-13,90,-4,127,-19,97,2,100,-8,105,-5,94,-5,81,-4,96,0,94,-4,82,-13,94,9,68,-4,91,-17,72,-16,88,-13,61,-8,68,-18,63,-9,64,-15,57,-14,55,-13,56,-16,52,0,0,0,0,0,0,0,0,0,0]"""
1782318875490,2026-06-25T01:34:35.460,warning,bed_exit,yja,bed_exit_failed,t057,"CSI_DATA,810085,1a:00:00:00:00:00,-64,11,-99,17,49,11,-351764472,47,2,256,0,""[0,0,0,0,0,0,0,0,0,0,0,0,26,-16,24,-16,35,-23,31,-14,44,-22,36,-6,39,-9,44,-15,42,-3,54,-12,50,-6,51,7,57,6,59,1,48,0,70,23,58,17,69,11,52,19,66,8,68,13,59,22,66,36,58,30,55,40,63,43,63,40,47,28,65,37,55,33,71,35,50,32,71,32,63,40,65,39,67,45,70,53,60,50,52,54,69,46,71,25,81,63,67,46,85,29,69,49,95,50,77,56,86,45,83,49,87,53,90,54,78,68,80,53,104,74,95,62,76,64,108,59,0,0,0,0,0,0,65,-91,78,-107,61,-79,75,-103,97,-109,68,-77,88,-106,64,-84,78,-99,75,-69,83,-77,91,-83,78,-75,78,-91,77,-77,84,-65,75,-73,71,-76,48,-64,85,-83,66,-69,70,-84,63,-65,63,-73,69,-84,72,-71,80,-83,67,-81,69,-66,73,-69,72,-72,57,-71,84,-80,65,-68,77,-76,68,-59,73,-77,81,-61,74,-61,81,-48,91,-50,84,-40,79,-28,83,-42,69,-39,82,-29,70,-24,73,-38,60,-11,78,-20,67,-8,67,-11,61,-7,62,0,59,0,49,7,47,10,0,0,0,0,0,0,0,0,0,0]"""
1782318875501,2026-06-25T01:34:35.471,warning,bed_exit,yja,bed_exit_failed,t057,"CSI_DATA,810087,1a:00:00:00:00:00,-64,11,-99,16,49,11,-351740796,47,2,256,0,""[0,0,0,0,0,0,0,0,0,0,0,0,34,0,30,0,38,7,27,10,34,19,39,7,35,15,33,22,39,20,35,29,35,30,39,37,36,40,36,49,32,46,44,39,40,44,37,54,32,55,27,51,15,61,36,62,26,63,11,69,17,74,21,60,17,67,18,72,27,73,21,75,14,68,18,67,19,70,24,70,22,76,32,66,19,71,14,75,15,80,16,78,18,85,29,77,26,82,21,92,33,78,33,79,47,87,33,91,37,100,34,103,20,92,27,109,30,110,35,104,24,116,26,120,27,122,0,0,0,0,0,0,118,-24,125,-5,115,-11,121,-13,123,-12,120,0,118,-3,120,-9,118,3,107,-11,108,-10,109,-3,118,-25,114,-3,106,5,107,3,108,3,108,7,116,5,103,-13,103,-16,100,2,97,-8,98,-15,97,-6,108,-22,100,-7,97,7,109,3,102,0,95,7,110,0,106,-9,98,0,103,9,97,6,99,4,105,3,97,13,97,0,92,16,87,32,87,26,89,38,81,39,81,21,72,32,66,40,65,35,62,31,51,34,58,36,53,40,49,43,29,50,36,43,30,43,0,0,0,0,0,0,0,0,0,0]"""
1782318875512,2026-06-25T01:34:35.482,warning,bed_exit,yja,bed_exit_failed,t057,"CSI_DATA,810088,1a:00:00:00:00:00,-64,11,-99,16,49,11,-351731636,47,2,256,0,""[0,0,0,0,0,0,0,0,0,0,0,0,26,-8,33,-13,27,-9,37,-6,30,-11,47,-3,50,3,42,0,51,3,39,6,58,4,47,12,55,14,48,9,57,16,50,15,69,13,61,11,62,27,57,32,45,24,58,29,55,33,60,33,57,37,68,34,64,30,63,30,51,30,63,29,61,29,76,44,65,38,59,38,63,39,70,37,61,26,82,17,63,26,64,23,74,30,74,12,91,15,82,23,109,34,91,23,99,27,101,35,87,22,94,33,109,14,103,9,110,16,109,33,117,14,114,29,113,23,0,0,0,0,0,0,17,-121,24,-89,33,-128,14,-120,25,-98,23,-128,22,-103,19,-119,11,-102,34,-128,31,-118,28,-101,27,-97,22,-93,8,-110,12,-106,21,-110,5,-96,14,-103,4,-94,-10,-110,-5,-105,5,-121,9,-114,0,-101,9,-94,0,-90,-12,-106,-3,-101,-3,-102,-5,-93,-9,-107,-11,-89,-14,-103,-11,-98,0,-120,11,-107,2,-102,11,-98,11,-89,6,-90,-6,-98,13,-92,4,-82,13,-86,4,-74,6,-86,15,-78,23,-88,20,-66,26,-65,33,-58,26,-53,25,-50,31,-56,28,-47,26,-42,0,0,0,0,0,0,0,0,0,0]"""
1782318875523,2026-06-25T01:34:35.493,warning,bed_exit,yja,bed_exit_failed,t057,"CSI_DATA,810089,1a:00:00:00:00:00,-64,11,-99,20,48,11,-351720345,47,2,256,0,""[0,0,0,0,0,0,0,0,0,0,0,0,18,19,21,20,25,24,28,29,20,21,23,40,21,44,27,40,23,44,18,39,26,50,31,46,32,42,30,36,29,49,23,56,29,63,26,50,30,67,22,56,17,51,24,58,27,60,46,61,43,58,40,60,36,60,40,68,24,52,36,63,39,56,48,72,49,68,44,58,43,56,49,60,54,45,75,52,66,36,64,38,67,47,66,44,87,46,74,34,102,55,92,54,92,39,90,45,87,38,93,17,116,18,105,13,113,21,114,20,116,11,113,14,115,19,0,0,0,0,0,0,13,-123,7,-100,3,-128,20,-122,-9,-104,-8,-128,0,-110,-17,-128,-10,-101,-12,-128,-13,-124,-17,-118,-19,-100,-24,-91,-51,-104,-58,-99,-54,-88,-48,-82,-49,-90,-53,-90,-57,-97,-53,-82,-68,-99,-59,-95,-64,-75,-53,-83,-71,-67,-90,-62,-81,-59,-85,-58,-82,-59,-79,-60,-72,-57,-85,-59,-82,-52,-100,-67,-90,-68,-88,-61,-76,-56,-66,-57,-70,-46,-93,-37,-88,-33,-78,-36,-72,-43,-70,-40,-74,-46,-61,-39,-73,-59,-57,-49,-53,-49,-46,-46,-46,-37,-49,-33,-52,-37,-45,-27,-35,-37,0,0,0,0,0,0,0,0,0,0]"""
1782318875534,2026-06-25T01:34:35.504,warning,bed_exit,yja,bed_exit_failed,t057,"CSI_DATA,810090,1a:00:00:00:00:00,-64,11,-99,16,49,11,-351709434,47,2,256,0,""[0,0,0,0,0,0,0,0,0,0,0,0,24,-19,31,-15,28,-18,30,-17,31,-21,29,-13,39,-12,40,-5,43,-20,42,-10,48,-9,52,-5,49,-10,55,-15,58,-12,52,-16,59,-13,65,-11,52,-12,66,-15,70,-11,67,-12,74,4,66,-6,70,-6,65,-5,72,-4,73,-11,64,-30,65,-24,72,-17,67,-21,65,-20,72,-24,69,-20,68,-32,80,-25,70,-29,61,-35,72,-38,71,-38,57,-59,59,-57,65,-63,71,-62,60,-52,63,-66,80,-61,64,-76,74,-79,58,-88,64,-89,63,-88,63,-92,51,-110,69,-101,62,-105,0,0,0,0,0,0,-108,-63,-113,-51,-103,-57,-101,-59,-107,-54,-101,-52,-106,-44,-112,-33,-112,-37,-102,-39,-99,-36,-97,-56,-112,-23,-105,-35,-98,-28,-100,-30,-100,-15,-111,-16,-112,-17,-103,8,-100,18,-103,3,-98,6,-100,9,-101,0,-106,23,-102,7,-102,26,-104,23,-91,22,-102,24,-104,25,-90,55,-85,48,-100,36,-98,40,-88,31,-97,36,-103,27,-91,33,-93,25,-87,34,-86,35,-85,33,-87,22,-74,36,-74,39,-73,28,-72,23,-62,14,-70,15,-66,8,-65,15,-64,9,-62,8,-55,7,-59,5,0,0,0,0,0,0,0,0,0,0]"""
1782318875545,2026-06-25T01:34:35.515,warning,bed_exit,yja,bed_exit_failed,t057,"CSI_DATA,810091,1a:00:00:00:00:00,-64,11,-99,16,49,11,-351698636,47,2,256,0,""[0,0,0,0,0,0,0,0,0,0,0,0,25,-3,34,-7,30,-5,40,-5,37,-2,47,7,43,10,38,12,37,14,43,16,47,18,45,21,49,23,42,25,50,28,38,27,51,36,49,32,59,52,49,50,33,40,48,46,30,48,47,55,45,61,42,52,37,54,33,63,38,46,48,58,42,55,52,73,35,73,42,62,35,67,30,58,33,57,51,61,46,62,38,54,44,68,49,48,61,61,57,77,69,97,46,79,49,75,38,89,52,70,65,88,82,92,58,73,60,89,54,100,80,85,66,103,62,98,0,0,0,0,0,0,108,-66,88,-58,127,-69,108,-51,82,-39,115,-62,92,-52,114,-59,93,-58,126,-42,118,-44,95,-24,95,-39,95,-26,106,-51,99,-40,97,-42,88,-40,95,-43,75,-46,92,-57,90,-49,111,-54,106,-46,87,-39,92,-44,86,-30,95,-58,92,-49,91,-33,81,-37,97,-33,76,-50,93,-55,94,-43,125,-48,106,-27,98,-28,105,-12,81,-8,89,-12,102,-30,93,-14,72,-10,85,-7,76,-14,81,-13,82,2,100,12,66,23,67,14,62,26,51,14,55,28,60,22,49,17,44,23,0,0,0,0,0,0,0,0,0,0]"""
1782318875556,2026-06-25T01:34:35.526,warning,bed_exit,yja,bed_exit_failed,t057,"CSI_DATA,810092,1a:00:00:00:00:00,-64,11,-99,16,49,11,-351686816,47,2,256,0,""[0,0,0,0,0,0,0,0,0,0,0,0,-33,-9,-23,-5,-29,-18,-23,-16,-33,-23,-24,-30,-29,-31,-33,-38,-34,-34,-31,-35,-20,-46,-18,-50,-24,-42,-14,-50,-14,-39,-17,-66,-15,-51,-9,-66,-8,-52,-7,-49,-4,-65,-10,-62,-3,-77,7,-68,4,-70,6,-76,3,-71,0,-58,8,-86,6,-60,5,-79,2,-56,-3,-70,0,-71,-2,-75,0,-77,13,-78,19,-83,16,-82,12,-85,4,-70,16,-98,9,-78,-2,-89,6,-71,-3,-108,4,-96,-13,-102,-4,-95,0,-106,15,-96,13,-100,6,-99,2,-128,19,-111,5,-99,6,-115,0,0,0,0,0,0,-107,-20,-128,-28,-93,-23,-126,-17,-128,-30,-98,-28,-128,-29,-92,-24,-123,-34,-98,-26,-103,-25,-122,-27,-100,-23,-116,-26,-101,-33,-91,-35,-105,-34,-103,-39,-81,-22,-125,-32,-90,-18,-114,-33,-93,-19,-97,-16,-109,-24,-94,-17,-113,-25,-97,-34,-96,-31,-102,-26,-108,-29,-85,-19,-114,-38,-89,-33,-102,-32,-72,-24,-107,-21,-91,-36,-99,-28,-87,-35,-93,-50,-75,-57,-77,-55,-70,-57,-68,-42,-78,-63,-49,-48,-62,-54,-39,-44,-60,-59,-48,-53,-53,-46,-40,-53,-35,-60,-25,-56,-14,-53,-19,-49,0,0,0,0,0,0,0,0,0,0]"""
1782318875567,2026-06-25T01:34:35.537,warning,bed_exit,yja,bed_exit_failed,t057,"CSI_DATA,810093,1a:00:00:00:00:00,-64,11,-99,17,49,11,-351676636,47,2,256,0,""[0,0,0,0,0,0,0,0,0,0,0,0,-20,-24,-14,-33,-7,-21,-4,-28,-10,-36,-9,-41,2,-42,4,-40,2,-44,8,-39,12,-46,14,-51,14,-48,22,-47,27,-55,14,-40,19,-55,23,-52,39,-55,55,-54,51,-50,47,-46,42,-34,47,-44,54,-41,46,-44,49,-40,62,-43,41,-37,55,-47,56,-42,74,-49,67,-29,68,-31,75,-25,62,-32,58,-40,52,-55,63,-41,62,-38,73,-37,54,-55,67,-62,79,-44,96,-61,77,-25,81,-52,93,-33,90,-45,93,-43,99,-65,81,-69,99,-53,98,-48,94,-61,116,-52,111,-39,0,0,0,0,0,0,-37,-126,-16,-105,-33,-128,-16,-113,-17,-99,-23,-128,-16,-92,-20,-128,-21,-97,-17,-121,-8,-123,4,-105,-12,-110,6,-97,-16,-109,-13,-111,-15,-100,-9,-100,3,-118,-19,-79,-20,-111,-13,-100,-9,-119,0,-113,8,-93,0,-109,3,-93,-9,-103,-7,-103,-6,-99,-3,-96,7,-114,-15,-84,-2,-104,4,-100,9,-116,32,-99,26,-93,44,-102,26,-88,33,-83,18,-97,29,-90,27,-75,49,-81,23,-70,30,-83,48,-66,58,-75,51,-42,51,-48,57,-34,51,-42,50,-35,46,-34,48,-32,49,-21,0,0,0,0,0,0,0,0,0,0]"""
1782318875578,2026-06-25T01:34:35.548,warning,bed_exit,yja,bed_exit_failed,t057,"CSI_DATA,810094,1a:00:00:00:00:00,-64,11,-99,19,48,11,-351665636,47,2,256,0,""[0,0,0,0,0,0,0,0,0,0,0,0,-5,31,-7,42,-2,34,-7,42,-10,38,-9,40,-18,40,-14,34,-15,40,-28,31,-29,40,-36,34,-42,34,-38,37,-51,47,-27,41,-40,48,-44,51,-47,43,-60,34,-60,24,-47,46,-55,35,-56,31,-60,32,-56,40,-55,38,-66,41,-44,44,-56,44,-63,38,-65,51,-61,36,-59,42,-61,37,-68,57,-57,48,-52,55,-54,49,-56,49,-67,55,-35,68,-46,81,-68,71,-67,78,-55,69,-56,88,-71,66,-64,81,-71,72,-55,90,-62,90,-70,100,-64,91,-61,91,-76,100,-72,99,0,0,0,0,0,0,105,80,89,73,101,79,107,73,99,64,111,71,82,59,109,71,85,66,97,71,101,68,85,67,106,61,81,64,92,55,101,63,89,57,89,56,105,60,87,25,104,35,105,38,101,37,102,42,92,41,107,36,85,47,98,37,98,36,89,31,89,33,107,46,93,15,105,16,106,32,114,31,93,42,100,35,92,53,99,37,89,41,93,30,82,44,73,38,74,49,81,27,81,38,65,47,73,56,46,41,55,48,45,56,50,41,42,48,40,48,42,40,37,40,0,0,0,0,0,0,0,0,0,0]"""
1782318875589,2026-06-25T01:34:35.559,warning,bed_exit,yja,bed_exit_failed,t057,"CSI_DATA,810095,1a:00:00:00:00:00,-64,11,-99,22,48,11,-351648728,47,2,256,0,""[0,0,0,0,0,0,0,0,0,0,0,0,-4,-32,-3,-38,0,-31,0,-37,5,-34,3,-37,-3,-44,3,-45,-2,-51,12,-43,12,-53,5,-55,13,-51,15,-51,17,-55,4,-62,5,-64,19,-66,13,-60,1,-56,14,-59,8,-76,13,-65,26,-61,24,-73,16,-69,21,-68,14,-77,6,-72,9,-70,4,-75,0,-70,-4,-67,-5,-73,-1,-74,-14,-85,-9,-82,-7,-79,-14,-78,-13,-84,-20,-90,-41,-74,-32,-84,-31,-87,-47,-78,-47,-74,-55,-75,-48,-88,-67,-88,-61,-88,-59,-88,-80,-92,-78,-97,-71,-82,-77,-89,-91,-85,-80,-86,0,0,0,0,0,0,-91,95,-88,104,-71,84,-80,98,-76,107,-78,96,-64,95,-59,99,-68,99,-47,94,-42,100,-52,100,-32,127,-35,102,-44,95,-40,98,-38,105,-26,104,-31,114,-5,116,0,104,-12,107,0,94,8,97,-1,100,19,116,11,107,2,105,11,102,24,105,13,113,25,112,37,102,29,100,26,105,30,96,35,90,40,94,34,99,40,104,35,98,19,93,32,88,25,88,24,92,32,80,25,82,17,77,19,71,22,59,19,68,19,70,23,67,14,59,4,57,10,60,4,56,0,0,0,0,0,0,0,0,0,0]"""
1782318875600,2026-06-25T01:34:35.570,warning,bed_exit,yja,bed_exit_failed,t057,"CSI_DATA,810096,1a:00:00:00:00:00,-64,11,-99,18,48,11,-351642898,47,2,256,0,""[0,0,0,0,0,0,0,0,0,0,0,0,15,31,-66,72,-57,-14,51,-22,-91,-14,19,-51,46,-8,-77,-52,-31,52,-112,5,-97,-38,-39,-53,-33,-42,-25,9,-59,14,-71,-18,-52,-65,-41,-2,-52,-72,-52,-75,-44,-29,-40,-46,-44,-43,-48,-55,-42,-47,-47,-51,-47,-43,-56,-51,-45,-36,-60,-46,-57,-31,-72,-51,-55,-52,-59,-44,-57,-48,-59,-43,-68,-30,-77,-27,-71,-27,-65,-26,-78,-25,-79,-2,-97,-4,-87,-16,-120,-18,-90,-15,-100,-2,-98,-18,-87,-5,-94,-7,-122,8,-100,20,-113,14,-118,12,-113,27,-125,20,-116,17,0,0,0,0,0,0,25,121,30,96,42,127,40,118,27,90,51,113,45,95,62,114,39,95,64,121,54,112,45,105,51,96,38,87,77,90,75,83,61,88,69,73,73,77,67,57,95,66,83,59,104,75,85,73,82,65,78,57,73,45,105,41,91,43,87,45,86,38,96,42,83,21,106,18,96,27,127,39,93,43,96,31,90,52,88,32,92,30,110,23,88,22,80,23,85,25,79,13,96,14,72,20,94,34,65,31,64,34,55,36,60,23,45,28,64,27,54,22,53,26,0,0,0,0,0,0,0,0,0,0]"""
1782318875611,2026-06-25T01:34:35.581,warning,bed_exit,yja,bed_exit_failed,t057,"CSI_DATA,810097,1a:00:00:00:00:00,-64,11,-99,20,48,11,-351630849,47,2,256,0,""[0,0,0,0,0,0,0,0,0,0,0,0,-19,32,-3,33,-15,14,-11,33,-22,39,-46,40,-21,20,-24,33,-40,26,-45,26,-35,14,-59,11,-55,11,-59,23,-54,13,-46,22,-64,15,-55,14,-70,13,-66,6,-54,-6,-72,13,-61,6,-70,3,-73,0,-70,5,-66,0,-78,0,-59,10,-76,5,-71,3,-96,0,-67,0,-77,9,-79,7,-80,13,-70,16,-77,18,-77,2,-69,5,-89,0,-66,24,-91,39,-95,15,-117,23,-83,19,-102,33,-98,21,-89,33,-105,21,-110,30,-108,32,-111,42,-107,25,-112,34,-124,36,-116,28,0,0,0,0,0,0,25,127,22,103,27,127,31,119,26,91,32,127,25,99,29,127,19,99,26,126,36,113,24,102,38,112,11,99,28,113,23,110,27,100,15,104,30,122,36,75,48,102,38,94,42,114,39,99,38,91,48,100,32,89,36,98,47,100,39,90,31,91,44,110,50,75,56,99,46,95,50,117,33,97,45,93,26,102,38,94,26,91,33,98,19,91,11,83,12,91,23,72,24,88,-2,81,4,101,4,67,5,80,-5,67,0,67,-11,62,-5,62,-10,59,-16,59,0,0,0,0,0,0,0,0,0,0]"""
1782318875622,2026-06-25T01:34:35.592,warning,bed_exit,yja,bed_exit_failed,t057,"CSI_DATA,810098,1a:00:00:00:00:00,-64,11,-99,15,49,11,-351621637,47,2,256,0,""[0,0,0,0,0,0,0,0,0,0,0,0,3,49,-14,24,-9,30,-11,16,-34,33,-10,40,-21,32,-13,50,-25,42,-41,46,-17,26,-27,42,-32,33,-43,37,-48,34,-59,30,-50,32,-55,30,-48,16,-57,29,-81,27,-57,23,-76,44,-59,17,-68,26,-64,22,-66,11,-70,22,-84,7,-64,-8,-69,0,-55,4,-69,35,-71,29,-66,23,-94,24,-94,7,-69,-5,-81,4,-116,2,-88,15,-99,-4,-98,-7,-87,21,-54,21,-81,41,-91,36,-83,32,-128,5,-104,4,-78,-16,-88,0,-126,4,-102,15,-113,-12,-128,10,-118,5,0,0,0,0,0,0,-8,127,-8,127,4,98,-10,122,-12,127,-18,100,-21,127,-17,114,-30,127,-13,102,-7,99,5,122,-13,121,0,127,-16,101,-6,103,0,107,-25,117,-5,103,-21,123,-11,93,-19,111,-15,84,-5,92,0,111,-5,110,0,117,-14,95,-19,110,-4,108,-22,113,-6,99,-37,121,-28,95,-17,98,-17,76,-13,101,-25,97,-9,107,-35,107,-29,102,-41,75,-44,88,-60,90,-43,83,-59,76,-53,54,-55,64,-35,38,-41,63,-48,51,-38,61,-55,49,-50,44,-47,26,-52,22,-47,24,0,0,0,0,0,0,0,0,0,0]"""
1782318875633,2026-06-25T01:34:35.603,warning,bed_exit,yja,bed_exit_failed,t057,"CSI_DATA,810099,1a:00:00:00:00:00,-64,11,-99,18,48,11,-351610358,47,2,256,0,""[0,0,0,0,0,0,0,0,0,0,0,0,4,-25,9,-34,9,-25,13,-38,13,-29,23,-42,20,-35,26,-30,27,-29,33,-20,35,-31,35,-36,51,-30,48,-22,68,-25,33,-23,58,-33,45,-27,88,-32,79,-10,60,0,65,-19,51,0,73,-8,71,-2,69,-4,65,-4,83,0,51,-4,82,-5,66,-6,99,-7,78,7,77,-2,81,8,75,2,62,0,77,-10,78,3,66,0,91,14,67,-16,93,-14,84,10,127,0,77,13,101,-8,93,15,86,2,96,13,119,0,101,-10,120,0,100,13,118,0,127,20,116,19,0,0,0,0,0,0,31,-128,26,-87,39,-128,19,-117,18,-79,44,-128,21,-90,40,-128,21,-91,44,-128,44,-117,44,-86,32,-100,49,-78,38,-107,43,-105,42,-100,42,-90,51,-111,20,-71,30,-112,23,-82,49,-128,42,-100,44,-88,42,-105,39,-68,41,-99,45,-100,41,-88,45,-79,55,-104,22,-70,41,-110,40,-82,69,-127,66,-85,60,-87,78,-75,58,-68,47,-54,65,-82,64,-69,54,-52,80,-54,42,-55,70,-72,58,-39,97,-51,64,-21,66,-30,67,-13,52,-20,53,-13,61,-12,54,-8,52,-3,0,0,0,0,0,0,0,0,0,0]"""
1782318875644,2026-06-25T01:34:35.614,warning,bed_exit,yja,bed_exit_failed,t057,"CSI_DATA,810100,1a:00:00:00:00:00,-64,11,-99,22,48,11,-351599637,47,2,256,0,""[0,0,0,0,0,0,0,0,0,0,0,0,15,-24,20,-25,27,-27,16,-21,31,-26,31,-31,35,-29,41,-17,46,-32,42,-14,56,-11,52,-14,55,-11,59,-7,61,-1,63,-7,63,-5,65,9,59,4,65,0,70,3,73,9,76,13,63,27,60,22,70,24,66,30,70,34,73,30,66,31,68,41,66,24,67,29,67,25,71,31,81,30,77,35,73,44,75,35,71,38,69,44,88,36,77,40,69,55,75,43,83,50,86,43,90,44,93,49,93,51,81,63,94,64,98,75,102,67,88,80,90,67,96,80,0,0,0,0,0,0,96,-85,117,-77,88,-64,105,-75,105,-81,105,-63,98,-60,94,-59,116,-51,93,-64,96,-65,100,-59,97,-79,96,-56,104,-47,101,-53,96,-51,101,-42,98,-39,99,-57,90,-50,106,-43,81,-48,86,-48,96,-42,95,-58,99,-54,99,-31,98,-39,91,-46,100,-43,107,-33,106,-39,95,-30,103,-23,93,-26,95,-25,95,-24,99,-27,108,-28,102,-11,94,6,98,-2,99,9,89,17,88,12,80,21,81,30,72,23,69,24,64,23,63,30,61,29,58,33,44,39,40,41,36,41,0,0,0,0,0,0,0,0,0,0]"""
1782318875655,2026-06-25T01:34:35.625,warning,bed_exit,yja,bed_exit_failed,t057,"CSI_DATA,810101,1a:00:00:00:00:00,-64,11,-99,20,48,11,-351587288,47,2,256,0,""[0,0,0,0,0,0,0,0,0,0,0,0,27,15,35,21,21,16,30,25,26,22,29,35,29,39,25,34,26,44,15,36,24,47,18,56,7,48,5,55,4,66,14,48,14,64,8,69,2,70,-14,69,-19,64,-8,72,-19,65,-19,63,-30,65,-22,71,-31,65,-37,75,-11,58,-17,68,-30,73,-30,77,-30,64,-31,72,-35,68,-29,80,-29,72,-25,75,-34,68,-32,60,-49,74,-14,83,-19,95,-53,83,-48,108,-39,69,-37,97,-58,82,-38,92,-58,89,-55,101,-47,105,-59,107,-53,97,-55,92,-72,101,-65,91,0,0,0,0,0,0,113,90,79,74,102,92,88,83,79,80,97,99,66,70,98,96,73,82,79,99,79,96,57,88,82,90,48,87,64,90,65,94,65,94,61,93,65,103,68,59,76,77,62,87,64,85,60,90,46,83,77,88,46,88,54,89,46,96,51,83,48,85,55,108,57,70,60,87,49,101,52,105,29,92,38,92,32,105,33,101,17,97,23,94,14,89,14,81,5,95,21,80,13,88,-7,86,-12,92,-17,64,-17,72,-30,60,-14,65,-27,58,-25,56,-28,52,-30,48,0,0,0,0,0,0,0,0,0,0]"""
1782318875666,2026-06-25T01:34:35.636,warning,bed_exit,yja,bed_exit_failed,t057,"CSI_DATA,810102,1a:00:00:00:00:00,-64,11,-99,16,49,11,-351576807,47,2,256,0,""[0,0,0,0,0,0,0,0,0,0,0,0,-14,-29,-12,-31,-7,-44,-4,-32,-2,-38,0,-37,3,-37,4,-50,12,-48,9,-55,14,-45,19,-48,27,-53,23,-56,27,-45,42,-62,35,-56,43,-56,47,-36,33,-40,48,-40,52,-44,61,-55,63,-35,68,-36,62,-37,67,-36,50,-37,81,-23,66,-20,65,-34,59,-8,62,-34,72,-19,67,-34,78,-32,80,-24,80,-15,81,-8,90,-25,86,-24,95,-14,88,-16,88,-32,66,-19,97,-37,91,-13,96,-50,114,-9,107,-14,94,3,109,2,107,-10,121,-13,114,5,109,5,123,-3,0,0,0,0,0,0,17,-122,17,-128,21,-99,12,-116,30,-128,24,-95,43,-128,26,-110,50,-118,39,-94,30,-93,34,-114,38,-101,43,-123,33,-88,46,-95,47,-101,51,-101,46,-92,51,-104,43,-93,49,-99,40,-75,35,-76,47,-102,50,-87,55,-106,49,-83,62,-93,52,-91,63,-89,49,-82,87,-89,72,-76,62,-78,56,-51,61,-76,72,-64,69,-73,89,-69,92,-57,75,-40,95,-35,91,-32,77,-34,88,-22,77,-12,77,-20,54,-10,72,-19,71,-3,73,-16,71,2,74,7,53,14,48,15,50,19,0,0,0,0,0,0,0,0,0,0]"""
1782318875677,2026-06-25T01:34:35.647,warning,bed_exit,yja,bed_exit_failed,t057,"CSI_DATA,810103,1a:00:00:00:00:00,-64,11,-99,15,49,11,-351566637,47,2,256,0,""[0,0,0,0,0,0,0,0,0,0,0,0,-25,-28,-19,-23,-26,-33,-21,-29,-18,-45,-12,-30,-19,-24,-26,-42,-19,-42,-33,-50,-18,-36,-18,-47,-22,-50,-19,-59,-23,-53,-18,-71,-15,-54,-5,-71,-13,-56,-27,-51,-28,-63,-24,-70,-26,-78,-11,-67,-27,-71,-14,-71,-12,-81,-27,-65,-24,-83,-15,-70,-17,-74,-23,-55,-37,-61,-33,-64,-53,-66,-40,-68,-50,-82,-32,-70,-57,-68,-48,-78,-52,-63,-47,-87,-49,-73,-63,-69,-42,-51,-70,-53,-72,-55,-91,-36,-101,-66,-87,-61,-67,-64,-90,-78,-89,-64,-94,-59,-87,-75,-94,-51,-116,-56,0,0,0,0,0,0,-51,108,-75,126,-38,87,-51,107,-66,127,-60,88,-63,122,-41,100,-57,125,-32,89,-19,95,-12,113,-17,114,-8,127,-25,94,-19,105,-6,114,-14,113,0,106,-13,122,-7,95,-2,117,8,80,19,88,34,101,31,107,36,118,14,95,30,108,36,102,29,117,33,91,29,125,23,100,29,103,24,68,51,88,45,90,67,89,44,105,45,100,13,89,35,95,29,100,34,87,11,90,11,76,24,86,22,47,22,73,18,60,32,62,23,68,25,73,0,53,6,54,0,52,0,0,0,0,0,0,0,0,0,0]"""
1782318875688,2026-06-25T01:34:35.658,warning,bed_exit,yja,bed_exit_failed,t057,"CSI_DATA,810104,1a:00:00:00:00:00,-64,11,-99,19,48,11,-351555547,47,2,256,0,""[0,0,0,0,0,0,0,0,0,0,0,0,19,17,25,28,27,24,29,34,18,38,23,35,29,34,21,36,24,41,26,40,8,50,13,48,22,56,8,57,3,65,0,59,-5,63,-12,62,2,72,0,62,3,51,0,83,-14,67,-28,65,-18,82,-14,68,-28,68,-28,73,-17,73,-29,74,-31,70,-22,80,-23,71,-12,79,-8,83,-18,83,-23,75,-30,69,-10,81,-28,81,-31,85,-22,80,-33,86,-33,88,-28,92,-24,83,-9,90,-11,101,-15,114,-18,111,-32,107,-32,110,-38,116,-33,106,-37,111,-30,121,-34,112,0,0,0,0,0,0,111,60,118,55,117,57,95,66,100,61,101,83,93,59,110,66,98,73,106,54,100,53,93,47,114,48,100,40,82,64,93,50,98,42,93,55,107,63,84,42,93,51,84,64,101,38,95,33,94,42,113,35,91,45,89,57,93,48,91,44,87,51,97,64,92,42,92,51,80,71,101,53,89,49,98,47,90,49,88,61,72,56,65,66,78,59,63,70,61,75,60,55,49,66,40,74,46,65,42,59,47,61,37,55,38,57,23,55,12,57,14,54,5,57,0,0,0,0,0,0,0,0,0,0]"""
1782318875699,2026-06-25T01:34:35.669,warning,bed_exit,yja,bed_exit_failed,t057,"CSI_DATA,810105,1a:00:00:00:00:00,-64,11,-99,15,49,11,-351544378,47,2,256,0,""[0,0,0,0,0,0,0,0,0,0,0,0,38,6,12,3,37,21,46,0,30,38,31,6,36,0,45,24,47,33,59,17,23,33,47,32,52,53,45,32,21,31,47,46,56,38,17,76,48,37,47,11,66,45,60,40,40,49,41,67,51,41,49,41,41,61,49,61,59,64,48,50,52,61,57,33,61,43,71,48,73,36,65,45,78,50,57,60,75,38,75,49,72,40,76,60,73,54,85,47,70,26,84,35,92,31,93,18,110,28,107,21,94,31,110,44,100,45,113,26,112,37,103,16,122,24,0,0,0,0,0,0,34,-120,46,-128,30,-95,46,-117,37,-128,46,-103,42,-124,14,-113,33,-128,12,-101,13,-110,9,-114,2,-124,-12,-122,22,-106,0,-103,-11,-110,0,-116,0,-104,-2,-112,-10,-94,3,-120,-23,-84,-34,-95,-32,-101,-50,-110,-40,-110,-21,-102,-45,-100,-40,-97,-34,-110,-33,-93,-35,-114,-27,-90,-22,-106,-33,-81,-47,-92,-48,-92,-60,-87,-47,-98,-38,-93,-18,-95,-37,-93,-23,-102,-26,-86,-16,-90,-12,-75,-14,-86,-14,-61,-15,-70,-15,-67,-24,-73,-14,-69,-15,-70,2,-55,0,-56,5,-50,0,0,0,0,0,0,0,0,0,0]"""
1782318875710,2026-06-25T01:34:35.680,warning,bed_exit,yja,bed_exit_failed,t057,"CSI_DATA,810106,1a:00:00:00:00:00,-64,11,-99,20,48,11,-351533637,47,2,256,0,""[0,0,0,0,0,0,0,0,0,0,0,0,8,9,73,-85,34,-3,5,-100,0,25,83,-46,104,52,39,-83,22,-51,110,-78,51,6,22,-37,42,-38,68,15,8,3,59,-30,78,8,74,-32,47,5,26,0,69,5,75,0,66,-13,63,0,69,6,66,4,90,0,69,-3,87,18,75,11,76,-5,56,5,73,-9,72,0,77,-21,86,-13,79,-17,72,-4,83,-9,94,-10,88,-20,96,-2,89,-12,86,-23,62,-17,100,-46,90,-33,75,-64,113,-44,98,-44,90,-15,119,-31,103,-39,102,-49,120,-30,104,-39,114,-47,0,0,0,0,0,0,-45,-118,-52,-128,-43,-90,-52,-114,-62,-128,-39,-99,-38,-125,-32,-107,-43,-113,-43,-89,-51,-79,-77,-100,-62,-100,-77,-103,-48,-89,-60,-86,-71,-88,-67,-101,-65,-82,-68,-101,-60,-82,-69,-89,-51,-65,-65,-64,-73,-68,-81,-76,-96,-69,-73,-66,-79,-73,-92,-62,-93,-73,-95,-54,-75,-94,-74,-76,-80,-63,-47,-48,-88,-59,-75,-67,-94,-48,-90,-80,-76,-65,-51,-71,-68,-79,-66,-83,-69,-71,-38,-76,-30,-77,-51,-59,-33,-35,-50,-62,-40,-52,-56,-51,-37,-63,-38,-54,-22,-43,-17,-51,-14,-49,0,0,0,0,0,0,0,0,0,0]"""
1782318875721,2026-06-25T01:34:35.691,warning,bed_exit,yja,bed_exit_failed,t057,"CSI_DATA,810107,1a:00:00:00:00:00,-64,11,-99,13,49,11,-351522018,47,2,256,0,""[0,0,0,0,0,0,0,0,0,0,0,0,17,-14,27,-13,5,100,32,-7,36,-41,-57,-121,26,-26,26,-5,76,-106,36,-84,33,-33,24,-11,44,-40,46,-21,39,0,16,20,53,0,73,-4,30,-31,73,-10,81,-14,91,-22,70,-10,73,4,66,-5,73,3,76,5,78,6,73,-7,72,-2,77,5,78,-7,74,-17,80,-24,82,-19,76,-12,80,-14,84,0,83,-22,86,-12,79,-16,87,-24,88,-16,91,-24,88,-26,84,-32,94,-43,83,-39,92,-56,96,-46,103,-39,101,-39,111,-44,107,-55,110,-39,106,-50,109,-55,0,0,0,0,0,0,-53,-117,-47,-123,-51,-101,-39,-110,-51,-114,-32,-123,-50,-116,-45,-100,-39,-121,-53,-98,-57,-97,-57,-93,-73,-92,-67,-96,-41,-99,-51,-91,-67,-89,-56,-93,-57,-97,-69,-84,-64,-77,-55,-90,-69,-73,-78,-65,-72,-73,-94,-71,-73,-69,-65,-84,-78,-76,-78,-74,-70,-76,-78,-81,-86,-66,-77,-71,-62,-81,-77,-64,-81,-63,-88,-55,-87,-60,-80,-65,-65,-69,-56,-76,-70,-67,-61,-81,-54,-79,-57,-65,-47,-65,-39,-76,-39,-61,-40,-57,-43,-55,-36,-54,-40,-52,-30,-60,-12,-52,-20,-57,-16,-56,0,0,0,0,0,0,0,0,0,0]"""
1782318875732,2026-06-25T01:34:35.702,warning,bed_exit,yja,bed_exit_failed,t057,"CSI_DATA,810108,1a:00:00:00:00:00,-64,11,-99,17,47,11,-351510739,47,2,256,0,""[0,0,0,0,0,0,0,0,0,0,0,0,-26,-4,-25,-12,-36,-17,-48,-17,-27,-26,-31,-29,-27,-19,-37,-37,-26,-32,-42,-29,-36,-31,-29,-27,-25,-26,-15,-42,-10,-72,-55,-7,-32,-6,-53,-105,127,-128,3,-128,-10,-4,-76,-92,31,-81,-6,-101,-27,-111,-46,-90,-46,-70,-40,-61,-21,-78,-41,-90,-10,-59,-19,-75,-41,-72,-30,-79,-30,-67,-33,-89,-16,-63,-26,-63,-25,-67,-34,-75,-36,-89,-44,-56,-49,-68,-60,-90,-59,-97,-32,-87,-53,-79,-53,-98,-63,-76,-72,-93,-81,-78,-78,-78,-71,-82,-68,-93,-94,-82,-86,-100,-72,-97,0,0,0,0,0,0,-101,86,-89,77,-104,87,-97,72,-86,63,-101,70,-93,75,-100,91,-87,67,-96,66,-92,75,-89,57,-90,78,-85,64,-87,75,-79,72,-74,75,-75,74,-82,77,-52,85,-52,93,-71,87,-67,86,-59,93,-59,77,-60,94,-60,78,-47,90,-55,85,-57,81,-64,75,-75,83,-32,94,-36,100,-60,96,-67,102,-62,71,-57,90,-62,83,-63,77,-66,72,-52,76,-62,70,-56,66,-68,59,-47,67,-59,67,-62,51,-67,52,-57,38,-62,46,-56,25,-52,37,-53,25,-57,32,-47,21,-51,19,0,0,0,0,0,0,0,0,0,0]"""
1782318875743,2026-06-25T01:34:35.713,warning,bed_exit,yja,bed_exit_failed,t057,"CSI_DATA,810109,1a:00:00:00:00:00,-64,11,-99,18,48,11,-351500637,47,2,256,0,""[0,0,0,0,0,0,0,0,0,0,0,0,35,17,23,14,36,27,32,21,30,33,26,27,16,26,36,34,22,29,38,48,29,38,16,49,27,45,23,58,20,44,21,71,25,57,22,71,17,62,14,56,8,74,20,66,17,82,15,60,12,77,0,69,3,75,9,65,7,86,10,67,2,79,3,57,21,70,6,78,19,77,13,84,3,85,0,81,4,90,19,92,25,78,5,97,0,91,30,90,0,67,30,97,3,91,35,96,26,105,28,108,8,96,6,113,14,108,26,124,19,120,15,104,31,126,0,0,0,0,0,0,116,-16,127,-22,99,-18,120,-10,127,-10,107,-14,127,-17,108,-17,126,-6,106,-8,100,-14,126,-17,108,-7,126,-29,100,-7,107,0,98,-15,106,-13,92,-27,126,-16,98,-20,114,-21,81,-16,91,-26,112,-27,99,-28,121,-32,93,-22,106,-23,108,-21,111,-23,94,-28,127,-19,105,-18,101,-26,75,-6,105,-29,100,-8,98,-21,104,-8,103,-4,90,6,98,8,100,2,92,-3,96,19,82,21,84,0,58,14,73,9,65,20,69,6,72,22,60,22,51,25,44,33,39,30,0,0,0,0,0,0,0,0,0,0]"""
1782318875754,2026-06-25T01:34:35.724,warning,bed_exit,yja,bed_exit_failed,t057,"CSI_DATA,810110,1a:00:00:00:00:00,-64,11,-99,16,49,11,-351489637,47,2,256,0,""[0,0,0,0,0,0,0,0,0,0,0,0,-27,-13,-20,-16,-36,-21,-31,-17,-33,-27,-29,-31,-35,-23,-44,-25,-19,-31,-45,-32,-40,-36,-35,-29,-44,-39,-42,-44,-29,-32,-38,-62,-29,-49,-39,-65,-45,-54,-35,-46,-43,-53,-29,-62,-42,-60,-49,-61,-51,-57,-45,-53,-44,-65,-39,-49,-47,-77,-38,-60,-38,-62,-37,-49,-59,-65,-53,-58,-61,-53,-53,-57,-63,-54,-59,-50,-74,-48,-77,-50,-75,-38,-71,-71,-63,-60,-78,-45,-62,-38,-99,-43,-78,-49,-101,-27,-102,-43,-100,-31,-105,-40,-99,-36,-93,-33,-122,-40,-116,-43,-104,-27,-120,-30,0,0,0,0,0,0,-40,115,-30,127,-19,112,-29,119,-21,127,-27,103,-22,127,-18,108,-15,127,-8,108,-8,110,6,117,-11,105,20,126,13,113,18,100,21,110,25,107,27,93,14,121,14,91,28,110,34,96,36,106,51,104,33,93,56,101,50,98,57,91,62,88,57,96,56,73,50,112,48,91,48,92,42,78,66,94,48,90,64,82,43,87,59,85,47,78,53,82,52,81,45,69,29,89,23,74,44,74,23,56,36,73,25,63,35,61,19,62,29,62,14,55,14,48,12,46,0,0,0,0,0,0,0,0,0,0]"""
1782318875765,2026-06-25T01:34:35.735,warning,bed_exit,yja,bed_exit_failed,t057,"CSI_DATA,810111,1a:00:00:00:00:00,-64,11,-99,18,48,11,-351476158,47,2,256,0,""[0,0,0,0,0,0,0,0,0,0,0,0,3,-32,0,-43,0,-30,-3,-35,9,-38,14,-46,12,-40,12,-46,18,-51,26,-25,23,-46,33,-48,31,-47,36,-42,42,-51,29,-40,49,-52,36,-55,38,-52,58,-47,46,-48,47,-51,58,-40,56,-40,60,-48,54,-45,60,-34,67,-45,46,-43,56,-49,62,-45,67,-48,56,-40,54,-48,60,-47,69,-55,54,-52,57,-55,59,-44,52,-46,64,-54,45,-69,60,-79,68,-62,84,-87,62,-57,60,-85,73,-75,58,-75,67,-83,74,-86,72,-94,84,-99,68,-81,74,-87,91,-98,87,-92,0,0,0,0,0,0,-96,-91,-70,-79,-97,-97,-94,-80,-72,-79,-97,-99,-67,-58,-92,-94,-79,-74,-90,-96,-88,-83,-70,-74,-92,-73,-66,-78,-84,-85,-87,-78,-74,-70,-79,-72,-92,-79,-73,-45,-95,-64,-85,-65,-92,-64,-80,-65,-75,-47,-93,-61,-70,-59,-85,-58,-88,-57,-87,-53,-78,-61,-94,-68,-81,-38,-92,-46,-88,-55,-99,-74,-70,-64,-85,-56,-78,-65,-79,-60,-71,-62,-75,-59,-67,-60,-54,-59,-57,-71,-62,-45,-66,-65,-44,-69,-51,-79,-34,-57,-43,-60,-27,-67,-28,-51,-18,-58,-23,-55,-15,-54,-12,-53,0,0,0,0,0,0,0,0,0,0]"""
1782318875776,2026-06-25T01:34:35.746,warning,bed_exit,yja,bed_exit_failed,t057,"CSI_DATA,810112,1a:00:00:00:00:00,-64,11,-99,20,48,11,-351467637,47,2,256,0,""[0,0,0,0,0,0,0,0,0,0,0,0,22,24,21,30,17,27,22,33,17,30,27,40,18,48,12,36,12,46,5,49,14,54,13,60,12,59,5,57,19,66,6,49,12,70,11,58,6,76,6,85,13,67,-7,72,7,61,-4,75,-13,72,0,70,-3,72,-13,72,0,62,8,89,13,60,-11,95,-5,83,2,92,0,73,-8,70,0,66,28,83,28,76,7,79,20,70,37,86,37,87,47,98,53,118,24,82,53,86,13,99,25,109,27,112,52,114,40,70,58,99,56,99,46,98,51,103,57,108,0,0,0,0,0,0,115,-68,104,-53,127,-73,106,-59,86,-43,117,-66,94,-59,121,-71,90,-63,118,-66,107,-65,92,-59,96,-55,89,-62,88,-74,76,-67,88,-67,79,-66,81,-78,60,-66,70,-83,57,-77,81,-93,78,-81,63,-83,69,-83,60,-74,61,-91,68,-86,61,-88,56,-75,60,-91,49,-81,50,-91,45,-82,73,-109,63,-85,57,-82,63,-80,59,-66,56,-70,58,-86,61,-74,49,-71,58,-71,47,-63,52,-72,56,-64,66,-65,51,-48,51,-45,56,-34,48,-37,51,-31,54,-35,44,-33,46,-25,0,0,0,0,0,0,0,0,0,0]"""
1782318875787,2026-06-25T01:34:35.757,warning,bed_exit,yja,bed_exit_failed,t057,"CSI_DATA,810113,1a:00:00:00:00:00,-64,11,-99,20,48,11,-351456615,47,2,256,0,""[0,0,0,0,0,0,0,0,0,0,0,0,-18,28,-18,23,-27,25,-26,19,-29,22,-44,22,-47,27,-46,22,-44,9,-48,20,-58,10,-55,5,-52,3,-52,2,-45,0,-72,-11,-63,-8,-66,-18,-66,-21,-58,-22,-63,-28,-56,-20,-76,-36,-70,-32,-60,-29,-64,-35,-66,-37,-54,-22,-67,-52,-51,-43,-71,-48,-55,-51,-64,-45,-57,-52,-58,-33,-61,-48,-60,-68,-64,-62,-62,-67,-66,-51,-62,-43,-72,-70,-57,-53,-73,-62,-64,-57,-79,-70,-70,-73,-86,-61,-67,-64,-73,-73,-73,-88,-63,-75,-72,-82,-85,-106,-66,-90,-64,-81,-74,-102,0,0,0,0,0,0,-93,66,-111,64,-100,60,-105,67,-121,61,-103,54,-116,52,-103,39,-119,56,-120,42,-115,52,-111,54,-94,34,-109,45,-108,44,-97,32,-103,29,-98,33,-78,29,-115,34,-95,28,-107,36,-99,32,-106,38,-99,47,-89,27,-111,42,-106,25,-95,19,-105,26,-105,26,-86,33,-118,14,-92,15,-111,24,-101,7,-119,12,-101,0,-103,4,-96,-9,-103,-11,-105,-16,-92,-25,-87,-26,-78,-11,-86,-40,-73,-31,-74,-29,-68,-32,-76,-38,-64,-38,-57,-37,-49,-36,-49,-45,-39,-58,-25,-49,-23,-42,0,0,0,0,0,0,0,0,0,0]"""
1782318875798,2026-06-25T01:34:35.768,warning,bed_exit,yja,bed_exit_failed,t057,"CSI_DATA,810115,1a:00:00:00:00:00,-64,11,-99,20,48,11,-351432183,47,2,256,0,""[0,0,0,0,0,0,0,0,0,0,0,0,-22,0,-33,0,-27,3,-46,-3,-39,-4,-53,-18,-46,-18,-35,-25,-40,-24,-32,-25,-42,-26,-35,-32,-48,-37,-38,-40,-48,-51,-28,-29,-44,-59,-37,-38,-52,-74,-29,-71,-17,-69,-26,-63,-14,-52,-36,-72,-25,-71,-18,-63,-20,-68,-8,-82,-20,-45,-26,-87,-9,-52,-12,-99,0,-83,-12,-92,-16,-78,0,-60,-7,-59,-32,-85,-39,-85,-18,-61,-28,-101,-2,-69,-23,-104,0,-78,0,-128,-4,-105,6,-111,-4,-92,-13,-82,-27,-83,-20,-128,-21,-124,-4,-128,14,-103,-5,-128,8,-128,15,-114,0,0,0,0,0,0,-128,-11,-89,0,-128,-12,-124,-29,-90,-17,-128,-32,-95,-16,-128,-27,-93,-12,-128,-43,-121,-44,-99,-42,-101,-40,-79,-33,-119,-31,-109,-30,-108,-28,-94,-28,-117,-38,-78,-20,-115,-33,-78,-22,-128,-37,-110,-36,-96,-26,-94,-29,-73,-30,-113,-25,-110,-33,-94,-38,-82,-38,-106,-53,-77,-24,-109,-35,-86,-37,-128,-60,-95,-61,-92,-52,-85,-65,-71,-59,-62,-51,-93,-61,-77,-61,-61,-51,-60,-77,-50,-50,-59,-69,-44,-57,-55,-91,-30,-67,-31,-65,-15,-67,-15,-55,-17,-53,-19,-64,-11,-54,-3,-55,0,0,0,0,0,0,0,0,0,0]"""
1782318875809,2026-06-25T01:34:35.779,warning,bed_exit,yja,bed_exit_failed,t057,"CSI_DATA,810116,1a:00:00:00:00:00,-64,11,-99,18,48,11,-351422296,47,2,256,0,""[0,0,0,0,0,0,0,0,0,0,0,0,-30,15,-23,14,-40,19,-26,14,-38,13,-40,10,-35,14,-53,18,-48,12,-56,21,-46,10,-53,8,-47,5,-56,4,-53,9,-77,13,-57,14,-78,17,-58,5,-58,0,-75,9,-64,12,-80,17,-65,0,-70,6,-78,10,-85,17,-71,17,-91,12,-60,8,-81,22,-52,10,-71,40,-65,28,-69,43,-78,28,-85,46,-75,31,-73,38,-82,57,-66,52,-92,57,-78,53,-58,68,-52,46,-69,87,-67,70,-47,92,-68,95,-56,90,-57,70,-85,96,-66,96,-64,108,-69,93,-56,98,-43,116,0,0,0,0,0,0,116,43,127,47,86,33,127,31,127,44,107,27,127,43,104,22,122,26,100,25,101,16,123,5,122,4,124,-13,106,2,113,0,107,-10,114,-14,100,-18,122,-17,105,-17,114,-31,79,-30,91,-34,111,-47,100,-46,108,-59,91,-44,91,-47,96,-58,99,-68,75,-65,104,-64,91,-52,75,-72,58,-41,66,-75,75,-54,67,-78,85,-70,78,-65,72,-47,83,-52,84,-62,65,-57,78,-52,68,-43,57,-58,42,-32,57,-46,54,-34,49,-51,59,-40,57,-41,45,-26,47,-27,46,-22,0,0,0,0,0,0,0,0,0,0]"""
1782318875820,2026-06-25T01:34:35.790,warning,bed_exit,yja,bed_exit_failed,t057,"CSI_DATA,810117,1a:00:00:00:00:00,-64,11,-99,24,47,11,-351412608,47,2,256,0,""[0,0,0,0,0,0,0,0,0,0,0,0,32,6,39,12,33,19,26,21,35,17,34,20,36,31,31,26,43,33,33,35,40,37,44,40,42,42,39,50,40,57,46,36,50,42,48,49,38,55,36,63,33,77,49,62,44,58,44,63,40,65,38,60,40,59,45,57,48,52,53,57,46,56,59,63,56,65,42,70,47,67,58,49,59,58,64,46,53,55,71,53,73,63,77,36,89,26,90,53,86,38,67,48,91,45,82,56,91,50,116,58,103,27,110,33,106,37,114,31,113,26,123,33,124,52,0,0,0,0,0,0,34,-128,36,-128,33,-128,23,-123,23,-121,22,-122,11,-122,21,-128,14,-114,15,-110,13,-113,26,-107,-3,-119,19,-113,-5,-103,-7,-110,0,-106,-4,-111,-7,-120,-32,-102,-40,-98,-27,-111,-33,-104,-24,-96,-14,-106,-35,-116,-31,-103,-32,-98,-33,-102,-45,-93,-40,-92,-34,-97,-58,-88,-55,-79,-57,-105,-54,-99,-31,-95,-49,-100,-37,-109,-49,-95,-35,-91,-40,-87,-38,-90,-38,-80,-26,-79,-45,-75,-38,-79,-35,-83,-28,-76,-14,-64,-17,-71,-13,-70,-21,-65,-5,-68,-13,-57,-10,-62,-7,-56,0,0,0,0,0,0,0,0,0,0]"""
1782318875831,2026-06-25T01:34:35.801,warning,bed_exit,yja,bed_exit_failed,t057,"CSI_DATA,810118,1a:00:00:00:00:00,-64,11,-99,19,48,11,-351401637,47,2,256,0,""[0,0,0,0,0,0,0,0,0,0,0,0,-7,-30,-5,-32,7,-41,8,-38,6,-46,9,-34,10,-42,15,-50,23,-36,21,-54,24,-49,24,-48,32,-54,35,-48,32,-36,54,-47,53,-42,54,-36,55,-41,63,-50,65,-59,57,-29,64,-44,62,-42,64,-37,62,-37,65,-30,61,-24,84,-22,80,-18,70,-22,70,-23,81,-38,78,-30,71,-35,66,-26,80,-35,81,-28,87,-32,84,-28,75,-33,97,-14,87,-17,85,-28,78,-25,94,-41,89,-26,86,-47,109,-33,95,-36,108,-29,97,-21,105,-18,117,-27,122,-21,122,-22,127,-28,0,0,0,0,0,0,-16,-123,-11,-128,-23,-123,4,-122,-10,-123,2,-110,6,-128,5,-117,10,-128,7,-120,0,-112,-13,-127,11,-99,-11,-123,-6,-109,-10,-103,-10,-109,-3,-107,-8,-91,12,-118,5,-98,5,-107,0,-105,-2,-110,-10,-117,7,-89,-15,-108,-10,-108,-14,-100,-6,-99,4,-103,-3,-92,26,-120,21,-109,11,-94,15,-93,18,-119,26,-103,15,-105,31,-87,28,-99,35,-90,32,-99,37,-90,35,-82,54,-75,56,-63,49,-65,38,-54,46,-65,51,-53,48,-56,56,-38,48,-47,57,-34,47,-29,44,-24,0,0,0,0,0,0,0,0,0,0]"""
1782318875842,2026-06-25T01:34:35.812,warning,bed_exit,yja,bed_exit_failed,t057,"CSI_DATA,810119,1a:00:00:00:00:00,-64,11,-99,19,48,11,-351387623,47,2,256,0,""[0,0,0,0,0,0,0,0,0,0,0,0,11,-32,21,-28,16,-31,23,-30,27,-34,22,-31,17,-38,19,-33,25,-44,37,-37,40,-30,40,-42,46,-38,53,-36,52,-46,40,-41,44,-43,46,-40,43,-40,59,-49,56,-50,60,-54,52,-50,56,-33,64,-41,56,-40,60,-40,59,-46,67,-63,59,-53,60,-52,49,-53,50,-55,46,-65,48,-64,36,-66,47,-67,44,-63,47,-72,59,-80,47,-79,35,-83,27,-86,45,-88,17,-79,22,-79,21,-100,14,-102,15,-112,19,-106,31,-103,16,-117,25,-113,8,-110,14,-123,8,-127,5,-128,0,0,0,0,0,0,-128,-4,-128,-12,-128,-7,-125,7,-125,6,-119,4,-128,2,-123,12,-122,7,-106,18,-103,27,-101,23,-112,47,-117,32,-108,14,-101,28,-99,33,-105,37,-110,40,-94,57,-86,56,-95,46,-86,57,-80,60,-82,64,-74,81,-80,71,-82,54,-83,68,-74,68,-75,71,-85,76,-70,89,-68,76,-72,75,-67,74,-55,85,-60,86,-62,83,-63,91,-63,79,-69,66,-68,72,-71,70,-70,66,-54,71,-53,60,-63,57,-47,59,-43,53,-47,52,-36,49,-47,54,-51,44,-49,27,-44,34,-44,27,0,0,0,0,0,0,0,0,0,0]"""
1782318875853,2026-06-25T01:34:35.823,warning,bed_exit,yja,bed_exit_failed,t057,"CSI_DATA,810121,1a:00:00:00:00:00,-64,11,-99,21,48,11,-351368637,47,2,256,0,""[0,0,0,0,0,0,0,0,0,0,0,0,23,-20,33,-21,37,-11,34,-10,34,-11,48,-9,38,-4,48,-4,45,6,43,0,59,0,50,8,63,14,53,21,57,15,62,28,60,35,53,34,55,42,49,35,53,34,41,49,57,51,52,54,43,54,46,59,47,57,43,58,31,77,35,75,39,60,32,74,35,67,26,70,41,64,32,73,35,78,39,78,27,80,36,78,32,81,21,93,27,94,29,79,26,90,36,107,25,102,46,105,11,94,20,91,25,106,18,104,21,115,18,112,10,120,7,120,9,126,0,0,0,0,0,0,120,12,113,10,127,11,127,13,115,12,124,11,117,31,125,27,105,36,121,37,113,39,126,30,95,39,107,30,114,26,102,27,104,34,96,41,91,35,103,51,104,43,100,41,99,59,96,43,108,38,74,47,98,40,98,44,92,43,92,40,93,54,94,47,86,76,80,72,81,58,82,78,82,77,69,77,68,67,53,76,58,73,61,83,47,83,41,78,40,84,23,82,20,90,27,77,9,74,11,80,0,75,2,71,-4,65,-2,64,-11,58,-16,51,-17,54,0,0,0,0,0,0,0,0,0,0]"""
1782318875864,2026-06-25T01:34:35.834,warning,bed_exit,yja,bed_exit_failed,t057,"CSI_DATA,810122,1a:00:00:00:00:00,-64,11,-99,15,49,11,-351357637,47,2,256,0,""[0,0,0,0,0,0,0,0,0,0,0,0,0,-32,4,-32,3,-41,5,-34,8,-36,11,-36,6,-42,4,-54,0,-52,7,-43,22,-42,18,-49,14,-45,28,-54,24,-56,27,-60,28,-55,36,-63,25,-50,26,-48,34,-56,29,-69,38,-72,36,-49,36,-64,31,-66,42,-71,34,-75,35,-76,27,-67,25,-84,22,-52,5,-69,5,-68,6,-83,3,-95,9,-87,15,-74,19,-86,18,-91,4,-94,6,-93,0,-98,-4,-91,-10,-83,-28,-82,-31,-91,-38,-88,-36,-106,-41,-111,-5,-87,-21,-126,-38,-112,-44,-105,-15,-109,-40,-107,-53,-109,0,0,0,0,0,0,-124,69,-128,52,-95,50,-104,67,-119,71,-106,53,-109,49,-97,66,-105,55,-84,59,-72,70,-78,88,-81,93,-88,89,-84,56,-88,80,-76,76,-84,81,-74,84,-66,90,-52,91,-66,98,-41,73,-23,83,-26,97,-32,110,-42,112,-49,81,-48,100,-30,97,-45,106,-26,110,-37,105,-31,101,-23,105,-18,81,-5,98,-3,92,4,104,-11,119,-14,103,-30,79,-29,90,-31,90,-26,95,-19,82,-24,78,-15,79,-12,62,-10,70,-8,70,-6,71,-15,71,-13,72,-25,45,-27,54,-31,50,0,0,0,0,0,0,0,0,0,0]"""
1782318875875,2026-06-25T01:34:35.845,warning,bed_exit,yja,bed_exit_failed,t057,"CSI_DATA,810123,1a:00:00:00:00:00,-64,11,-99,15,49,11,-351343970,47,2,256,0,""[0,0,0,0,0,0,0,0,0,0,0,0,25,3,36,5,37,5,42,7,37,16,40,18,43,15,38,17,54,21,32,24,33,35,37,33,38,38,40,41,50,51,31,34,49,44,44,46,49,59,45,54,28,48,49,61,28,54,35,68,33,71,33,62,27,64,41,70,45,50,51,62,41,56,49,72,46,67,53,59,53,62,50,63,45,56,50,60,47,68,47,60,60,74,59,48,68,63,75,73,78,83,52,61,91,55,60,70,84,61,84,74,92,72,84,70,93,74,86,72,93,73,105,82,101,82,0,0,0,0,0,0,88,-112,79,-91,92,-114,70,-97,67,-72,88,-105,70,-86,89,-105,70,-86,89,-93,70,-95,57,-79,70,-103,70,-78,65,-86,63,-88,69,-88,64,-76,67,-102,34,-80,49,-93,46,-81,53,-108,46,-104,30,-93,38,-103,37,-83,44,-98,45,-95,44,-84,48,-82,52,-100,17,-86,32,-108,38,-99,51,-112,42,-89,34,-100,48,-93,42,-88,45,-80,44,-90,50,-83,50,-65,52,-74,35,-70,41,-75,49,-64,61,-69,41,-51,43,-61,50,-44,47,-51,52,-34,53,-30,43,-28,45,-30,0,0,0,0,0,0,0,0,0,0]"""
1782318875886,2026-06-25T01:34:35.856,warning,bed_exit,yja,bed_exit_failed,t057,"CSI_DATA,810124,1a:00:00:00:00:00,-64,11,-99,15,49,11,-351333094,47,2,256,0,""[0,0,0,0,0,0,0,0,0,0,0,0,-35,4,-30,0,-45,-5,-40,0,-44,-12,-32,-10,-41,-3,-47,-8,-43,-10,-56,-11,-43,-24,-45,-26,-51,-18,-52,-33,-44,-24,-55,-50,-49,-36,-46,-49,-38,-33,-53,-24,-66,-33,-53,-49,-61,-55,-41,-48,-49,-59,-47,-49,-43,-62,-42,-52,-49,-72,-36,-55,-41,-67,-38,-46,-52,-49,-60,-49,-64,-46,-63,-60,-59,-65,-40,-63,-66,-67,-73,-72,-72,-56,-56,-81,-50,-71,-69,-64,-41,-46,-73,-51,-60,-57,-93,-41,-93,-75,-93,-64,-64,-72,-74,-89,-74,-82,-82,-71,-74,-90,-86,-68,-103,-76,0,0,0,0,0,0,-90,97,-100,104,-56,69,-88,89,-104,103,-82,61,-101,97,-73,82,-104,92,-73,64,-56,72,-67,94,-68,89,-72,108,-71,72,-65,84,-65,85,-76,86,-60,83,-81,94,-62,69,-73,78,-45,70,-43,74,-50,105,-52,97,-57,102,-57,82,-54,97,-52,95,-62,98,-46,90,-79,102,-62,82,-62,81,-47,62,-46,92,-53,88,-38,99,-62,92,-56,80,-65,52,-70,72,-78,72,-55,66,-75,51,-73,41,-68,57,-33,32,-53,48,-49,38,-48,49,-62,40,-55,33,-51,15,-59,21,-51,11,0,0,0,0,0,0,0,0,0,0]"""
1782318875897,2026-06-25T01:34:35.867,warning,bed_exit,yja,bed_exit_failed,t057,"CSI_DATA,810125,1a:00:00:00:00:00,-64,11,-99,15,49,11,-351323654,47,2,256,0,""[0,0,0,0,0,0,0,0,0,0,0,0,-22,-15,-29,-27,-21,-22,-28,-32,-26,-27,-23,-38,-21,-41,-13,-40,-27,-38,-16,-42,-21,-48,-22,-53,-21,-49,-25,-55,-22,-69,-26,-38,-18,-63,-23,-60,-35,-75,-13,-75,-4,-56,-25,-69,-6,-70,-12,-75,-27,-81,-17,-76,-17,-67,-13,-87,-15,-55,-41,-78,-19,-40,-26,-80,-6,-75,-6,-79,-23,-79,-45,-67,-38,-80,-32,-76,-35,-63,-38,-73,-31,-71,-57,-64,-65,-69,-54,-94,-73,-111,-40,-84,-42,-84,-61,-91,-62,-65,-88,-74,-94,-73,-79,-65,-74,-71,-71,-66,-90,-57,-104,-83,-93,-74,0,0,0,0,0,0,-90,103,-66,84,-88,120,-82,92,-62,67,-88,102,-54,84,-71,119,-56,86,-83,106,-75,99,-79,80,-56,95,-55,86,-51,100,-44,103,-42,101,-33,93,-54,110,-13,78,-23,114,-30,93,-30,121,-34,101,-19,99,-23,102,-27,84,-8,110,-6,114,-9,102,-6,90,-23,118,9,84,9,118,-6,93,0,127,-15,103,-4,101,-24,103,-13,95,-15,85,4,100,0,99,3,83,-21,90,7,71,0,92,-17,75,-17,99,-26,63,-22,73,-34,56,-14,62,-28,55,-17,63,-13,52,-22,53,0,0,0,0,0,0,0,0,0,0]"""
1782318875908,2026-06-25T01:34:35.878,warning,bed_exit,yja,bed_exit_failed,t057,"CSI_DATA,810126,1a:00:00:00:00:00,-64,11,-99,19,48,11,-351313637,47,2,256,0,""[0,0,0,0,0,0,0,0,0,0,0,0,-10,30,-8,40,-10,30,-5,35,-5,38,-12,36,-18,48,-14,31,-17,47,-28,46,-25,48,-24,53,-24,52,-25,55,-34,61,-22,50,-29,63,-32,57,-37,67,-24,64,-25,47,-30,73,-42,46,-32,70,-30,72,-28,56,-24,68,-37,78,-14,62,-11,76,-25,62,-21,84,-25,79,3,78,-18,87,-18,76,-17,90,10,83,13,80,4,100,2,85,40,80,33,80,36,103,42,98,37,71,38,80,31,105,40,111,66,107,80,89,59,70,70,81,73,82,70,86,85,95,78,91,0,0,0,0,0,0,89,-97,88,-101,85,-106,78,-94,64,-84,73,-97,55,-102,64,-112,56,-105,64,-100,55,-106,52,-88,38,-104,43,-102,30,-108,30,-101,22,-101,15,-102,25,-111,-12,-95,-9,-107,4,-107,-8,-106,-8,-100,-13,-100,-29,-106,-9,-87,-29,-97,-36,-102,-33,-92,-27,-90,-32,-105,-55,-81,-60,-81,-47,-101,-57,-105,-33,-92,-61,-81,-42,-99,-49,-86,-37,-95,-53,-71,-57,-72,-47,-70,-36,-78,-49,-67,-53,-67,-44,-76,-41,-82,-30,-56,-38,-63,-28,-60,-33,-57,-21,-64,-26,-57,-28,-49,-21,-50,0,0,0,0,0,0,0,0,0,0]"""
1782318875919,2026-06-25T01:34:35.889,warning,bed_exit,yja,bed_exit_failed,t057,"CSI_DATA,810127,1a:00:00:00:00:00,-64,11,-99,21,48,11,-351302637,47,2,256,0,""[0,0,0,0,0,0,0,0,0,0,0,0,26,-4,29,-5,40,0,39,-3,43,1,41,5,42,11,42,7,37,7,56,7,57,10,46,9,58,14,59,10,52,9,59,18,60,21,64,15,76,20,72,25,69,25,58,18,70,21,84,17,74,16,70,14,67,12,63,9,82,14,71,9,80,4,80,8,88,6,87,-9,78,-4,74,-2,79,-8,86,-10,90,-11,84,-18,72,-25,86,-28,81,-18,86,-41,83,-38,87,-46,73,-43,81,-48,85,-52,90,-59,98,-68,75,-56,78,-60,105,-77,93,-83,82,-75,93,-90,0,0,0,0,0,0,-92,-73,-101,-78,-95,-79,-102,-74,-95,-69,-96,-58,-114,-69,-102,-61,-114,-55,-105,-63,-112,-54,-102,-39,-90,-39,-106,-38,-115,-26,-99,-25,-104,-19,-104,-16,-89,-6,-109,-13,-100,-4,-106,3,-109,8,-112,9,-105,21,-93,15,-98,16,-114,28,-105,26,-97,27,-93,32,-84,29,-108,32,-99,35,-96,43,-101,41,-103,51,-102,42,-94,44,-82,29,-93,39,-91,48,-85,39,-79,40,-74,38,-80,38,-70,25,-78,42,-71,31,-75,34,-66,31,-66,30,-58,16,-61,25,-65,24,-46,14,-46,8,0,0,0,0,0,0,0,0,0,0]"""
1782318875930,2026-06-25T01:34:35.900,warning,bed_exit,yja,bed_exit_failed,t057,"CSI_DATA,810128,1a:00:00:00:00:00,-64,11,-99,18,49,11,-351291637,47,2,256,0,""[0,0,0,0,0,0,0,0,0,0,0,0,30,-4,33,-1,31,-5,44,0,35,5,45,3,44,10,42,7,58,9,39,16,44,19,53,21,51,22,50,28,59,40,40,16,56,35,48,31,63,40,51,51,48,59,61,46,40,39,49,59,51,57,49,47,45,48,55,61,48,43,53,59,34,53,64,65,43,64,54,51,52,64,56,52,50,49,54,55,62,51,53,55,70,72,60,36,80,55,62,63,90,63,62,53,80,59,75,64,81,58,77,59,93,62,90,55,91,69,77,58,96,76,112,73,92,73,0,0,0,0,0,0,95,-97,81,-72,91,-100,86,-74,60,-63,96,-93,66,-69,96,-99,73,-70,84,-93,77,-80,79,-65,67,-92,73,-67,72,-75,63,-82,64,-86,66,-77,87,-92,34,-68,59,-95,50,-66,60,-98,55,-89,61,-90,61,-95,39,-71,59,-84,48,-90,45,-83,52,-79,73,-98,30,-78,60,-100,56,-74,63,-114,58,-80,53,-83,66,-83,53,-77,53,-68,62,-74,59,-76,58,-61,78,-62,40,-51,67,-63,63,-42,72,-57,59,-37,60,-46,64,-30,54,-33,53,-27,59,-19,54,-29,58,-15,0,0,0,0,0,0,0,0,0,0]"""
1782318875941,2026-06-25T01:34:35.911,warning,bed_exit,yja,bed_exit_failed,t057,"CSI_DATA,810129,1a:00:00:00:00:00,-64,11,-99,20,48,11,-351280637,47,2,256,0,""[0,0,0,0,0,0,0,0,0,0,0,0,-5,-34,-6,-30,-4,-44,0,-32,7,-38,2,-37,0,-32,4,-48,2,-53,18,-53,20,-49,24,-50,25,-48,35,-45,32,-47,32,-64,26,-50,39,-56,36,-42,46,-47,60,-61,50,-58,54,-60,62,-39,59,-39,55,-42,61,-42,53,-46,72,-56,59,-40,65,-49,54,-37,55,-59,62,-56,59,-53,54,-68,74,-58,57,-45,72,-46,78,-60,64,-51,69,-60,59,-52,71,-65,57,-51,57,-79,57,-62,67,-85,74,-79,82,-74,75,-55,89,-62,79,-72,89,-87,93,-73,87,-67,90,-81,0,0,0,0,0,0,-67,-99,-82,-114,-49,-77,-83,-89,-81,-118,-51,-87,-78,-117,-60,-80,-64,-108,-59,-75,-63,-74,-67,-85,-82,-86,-77,-100,-51,-82,-53,-86,-61,-93,-58,-92,-56,-78,-77,-92,-71,-65,-75,-85,-58,-62,-62,-59,-69,-83,-81,-74,-78,-87,-60,-81,-65,-95,-63,-72,-67,-93,-66,-70,-74,-99,-64,-72,-71,-78,-44,-63,-70,-72,-56,-81,-61,-79,-60,-78,-50,-95,-33,-81,-30,-91,-36,-93,-29,-83,-38,-90,-28,-74,-26,-78,-19,-51,-26,-69,-13,-63,-18,-66,-15,-71,-2,-74,10,-55,8,-54,13,-47,0,0,0,0,0,0,0,0,0,0]"""
1782318875952,2026-06-25T01:34:35.922,warning,bed_exit,yja,bed_exit_failed,t057,"CSI_DATA,810130,1a:00:00:00:00:00,-64,11,-99,17,49,11,-351264266,47,2,256,0,""[0,0,0,0,0,0,0,0,0,0,0,0,-31,-12,-36,-14,-27,-11,-32,-14,-25,-11,-39,-27,-43,-26,-39,-25,-33,-30,-30,-25,-40,-39,-41,-37,-32,-45,-37,-40,-34,-41,-38,-46,-40,-51,-42,-43,-42,-62,-38,-54,-32,-47,-38,-48,-36,-55,-46,-63,-34,-59,-41,-63,-24,-54,-45,-57,-39,-56,-56,-70,-47,-52,-47,-71,-59,-64,-60,-65,-40,-59,-55,-46,-59,-45,-69,-57,-50,-60,-35,-61,-62,-57,-65,-46,-83,-56,-75,-42,-90,-67,-82,-88,-81,-55,-91,-56,-61,-72,-73,-60,-101,-65,-86,-64,-88,-29,-112,-58,-103,-46,-123,-67,-93,-46,0,0,0,0,0,0,-47,113,-41,89,-42,125,-30,123,-39,94,-33,123,-38,100,-38,113,-27,100,-40,127,-25,121,-16,113,-19,98,-21,105,-17,119,-23,100,-16,102,-16,96,-2,104,-4,96,3,111,15,92,1,110,3,104,14,100,7,88,12,95,21,107,18,100,17,105,15,98,30,102,21,94,27,102,33,88,23,113,21,105,24,100,16,96,21,85,17,90,25,99,8,95,7,81,15,87,7,76,11,85,11,76,0,93,6,79,6,75,-1,66,0,58,-2,62,-4,63,-10,56,-11,56,0,0,0,0,0,0,0,0,0,0]"""
1782318875963,2026-06-25T01:34:35.933,warning,bed_exit,yja,bed_exit_failed,t057,"CSI_DATA,810131,1a:00:00:00:00:00,-64,11,-99,17,49,11,-351258637,47,2,256,0,""[0,0,0,0,0,0,0,0,0,0,0,0,-28,-16,-26,-17,-24,-25,-17,-20,-27,-30,-23,-30,-26,-36,-25,-44,-19,-34,-25,-47,-16,-49,-17,-45,-10,-52,-5,-50,-6,-39,-9,-76,-5,-57,-1,-75,7,-55,0,-49,4,-64,8,-64,10,-84,20,-67,16,-66,15,-68,21,-74,8,-54,41,-85,30,-59,23,-72,25,-55,19,-76,28,-72,22,-75,24,-70,32,-88,34,-78,35,-78,33,-86,29,-72,48,-88,41,-70,35,-87,19,-60,25,-102,39,-88,13,-101,46,-91,34,-102,51,-83,47,-86,42,-90,60,-117,56,-93,53,-85,60,-103,0,0,0,0,0,0,-83,-63,-114,-80,-75,-50,-99,-68,-109,-84,-75,-56,-107,-95,-70,-55,-90,-89,-76,-67,-82,-67,-97,-70,-77,-62,-97,-73,-82,-72,-73,-63,-76,-69,-74,-72,-63,-49,-92,-79,-65,-56,-88,-76,-61,-51,-78,-59,-90,-69,-70,-61,-98,-68,-76,-72,-71,-68,-80,-67,-75,-72,-69,-49,-76,-102,-47,-70,-74,-76,-48,-62,-77,-84,-66,-84,-68,-71,-55,-80,-53,-88,-38,-87,-43,-90,-40,-82,-31,-70,-27,-94,-8,-69,-25,-78,-4,-54,-22,-81,-5,-67,-16,-64,-2,-65,0,-67,12,-56,12,-52,13,-47,0,0,0,0,0,0,0,0,0,0]"""
1782318875974,2026-06-25T01:34:35.944,warning,bed_exit,yja,bed_exit_failed,t057,"CSI_DATA,810132,1a:00:00:00:00:00,-64,11,-99,-13,48,11,-351247637,47,2,256,0,""[0,0,0,0,0,0,0,0,0,0,0,0,-128,-54,-31,102,16,-128,-47,-128,-23,-7,56,0,8,-64,-31,-96,55,-6,31,-22,-39,-103,30,-14,39,0,47,71,46,-16,64,-8,64,-48,64,-30,71,-6,71,7,48,-24,78,30,47,6,55,23,55,30,70,30,80,32,87,22,56,30,55,38,71,6,71,23,79,38,62,32,78,32,62,47,63,30,79,24,55,30,63,32,64,30,79,30,80,31,80,40,104,55,86,55,86,48,86,55,78,38,87,47,102,64,96,55,103,46,96,70,94,72,94,80,79,71,0,0,0,0,0,0,78,-104,78,-71,86,-88,78,-78,79,-87,87,-96,87,-64,103,-80,71,-72,104,-70,95,-79,87,-70,79,-63,86,-56,86,-70,86,-63,86,-72,80,-64,71,-62,88,-55,94,-71,71,-63,88,-56,87,-63,87,-62,71,-39,80,-64,88,-70,79,-63,86,-56,80,-56,78,-63,86,-47,96,-54,87,-47,110,-40,95,-40,95,-38,87,-24,88,-14,96,-15,95,-24,96,-7,95,-7,95,-16,79,0,86,8,72,0,80,16,78,15,70,32,70,16,56,23,46,16,46,32,48,31,46,30,0,0,0,0,0,0,0,0,0,0]"""
1782318875985,2026-06-25T01:34:35.955,warning,bed_exit,yja,bed_exit_failed,t057,"CSI_DATA,810133,1a:00:00:00:00:00,-64,11,-99,17,49,11,-351236442,47,2,256,0,""[0,0,0,0,0,0,0,0,0,0,0,0,-26,-25,-20,-20,-24,-32,-24,-27,-15,-34,-16,-34,-20,-32,-24,-48,-16,-44,-26,-40,-15,-43,-17,-48,-21,-45,-11,-51,-5,-51,-9,-74,-6,-59,1,-69,-4,-52,-3,-60,-1,-73,-1,-65,-11,-82,5,-61,-3,-65,-3,-75,5,-81,2,-73,4,-76,14,-67,9,-80,-3,-56,-2,-72,-10,-72,-14,-72,-8,-85,-13,-85,2,-83,-14,-83,-6,-88,-7,-81,-3,-101,2,-85,-3,-79,-12,-68,-28,-94,-24,-94,-42,-95,-22,-106,-31,-99,-18,-92,-19,-105,-25,-113,-30,-110,-6,-108,-25,-97,-30,-112,0,0,0,0,0,0,-115,19,-126,19,-91,24,-128,22,-128,29,-97,10,-128,26,-96,24,-113,10,-103,33,-92,42,-103,54,-108,46,-101,58,-101,25,-94,43,-89,49,-97,38,-79,48,-111,53,-90,40,-104,42,-71,50,-64,55,-80,59,-82,64,-89,73,-81,50,-71,64,-82,75,-88,68,-79,62,-100,63,-86,47,-90,54,-63,46,-75,72,-74,61,-78,75,-87,64,-81,58,-85,36,-83,46,-90,44,-79,35,-88,25,-73,20,-78,25,-56,24,-67,28,-64,22,-61,36,-66,20,-72,19,-51,1,-53,3,-49,0,0,0,0,0,0,0,0,0,0,0]"""
1782318875996,2026-06-25T01:34:35.966,warning,bed_exit,yja,bed_exit_failed,t057,"CSI_DATA,810134,1a:00:00:00:00:00,-64,11,-99,16,49,11,-351225613,47,2,256,0,""[0,0,0,0,0,0,0,0,0,0,0,0,-23,-9,-32,-14,-21,-17,-36,-22,-30,-14,-40,-32,-30,-36,-20,-28,-22,-33,-21,-26,-27,-45,-25,-47,-27,-53,-30,-49,-34,-64,-18,-34,-26,-60,-19,-42,-29,-81,-17,-81,-21,-66,-22,-67,5,-48,-16,-76,-15,-70,0,-71,-9,-64,-6,-78,-14,-52,-20,-77,-13,-61,-18,-103,-11,-82,-14,-70,-10,-76,-4,-64,-9,-59,-28,-75,-22,-75,-18,-68,-16,-85,-28,-59,-38,-86,-25,-73,-32,-126,-19,-90,-33,-87,-8,-94,-30,-86,-29,-89,-51,-107,-43,-87,-43,-114,-27,-101,-55,-97,-50,-126,-43,-108,0,0,0,0,0,0,-115,47,-74,21,-128,54,-100,29,-72,13,-126,42,-83,36,-125,51,-80,39,-128,47,-114,33,-93,22,-94,33,-81,20,-103,47,-98,42,-96,48,-83,42,-101,50,-62,33,-96,64,-72,40,-119,67,-102,56,-82,55,-85,43,-69,29,-89,61,-86,54,-82,46,-72,37,-101,56,-55,51,-92,77,-73,50,-128,75,-98,44,-92,53,-97,42,-79,27,-74,30,-81,52,-90,44,-70,21,-89,30,-58,30,-89,36,-71,18,-107,22,-73,4,-74,9,-63,-10,-59,4,-59,-3,-71,7,-55,-7,-51,-4,0,0,0,0,0,0,0,0,0,0]"""
1782318876007,2026-06-25T01:34:35.977,warning,bed_exit,yja,bed_exit_failed,t057,"CSI_DATA,810135,1a:00:00:00:00:00,-64,11,-99,17,49,11,-351214620,47,2,256,0,""[0,0,0,0,0,0,0,0,0,0,0,0,25,17,19,19,19,26,21,34,22,31,17,37,12,41,18,40,11,39,11,47,15,49,16,47,7,52,3,52,8,54,0,57,0,63,0,60,-11,72,-11,65,-9,61,-11,72,-18,65,-12,75,-13,67,-12,64,-15,65,-14,60,-26,73,-25,72,-17,66,-25,78,-30,87,-30,74,-22,75,-18,59,-20,75,-16,84,-17,87,-17,79,-17,75,-21,82,-15,79,-16,95,-17,93,-23,94,-16,92,-15,91,-22,89,-20,107,-20,115,-18,95,-21,97,-23,120,-18,115,-21,110,-30,121,0,0,0,0,0,0,111,35,115,28,127,23,115,31,105,22,112,19,119,35,108,34,111,29,111,32,113,34,100,25,96,39,103,27,113,19,102,14,105,20,106,18,98,13,102,24,98,14,100,9,106,14,107,24,107,13,93,16,99,9,110,8,97,8,102,4,88,8,89,6,104,19,103,10,95,15,110,24,110,25,100,24,102,28,85,30,88,25,97,22,88,35,82,27,78,29,73,37,75,34,74,36,65,48,64,51,55,45,50,43,45,40,48,44,40,49,37,41,30,38,0,0,0,0,0,0,0,0,0,0]"""
1782318876018,2026-06-25T01:34:35.988,warning,bed_exit,yja,bed_exit_failed,t057,"CSI_DATA,810136,1a:00:00:00:00:00,-64,11,-99,16,49,11,-351202983,47,2,256,0,""[0,0,0,0,0,0,0,0,0,0,0,0,-31,0,-34,-3,-39,-9,-36,-6,-43,-12,-34,-11,-34,-4,-40,-13,-46,-19,-52,-13,-44,-18,-44,-26,-46,-25,-48,-35,-43,-27,-50,-51,-35,-40,-39,-59,-36,-44,-32,-32,-45,-53,-45,-52,-47,-61,-35,-53,-44,-56,-36,-54,-32,-69,-33,-55,-35,-77,-29,-68,-21,-66,-28,-50,-43,-51,-47,-60,-55,-56,-46,-74,-39,-74,-26,-69,-45,-72,-51,-80,-55,-71,-33,-91,-31,-82,-59,-69,-31,-48,-54,-65,-46,-78,-73,-57,-67,-93,-73,-86,-44,-73,-42,-102,-49,-91,-64,-85,-45,-103,-58,-86,-74,-94,0,0,0,0,0,0,-105,60,-126,68,-76,48,-97,53,-116,62,-89,33,-118,51,-102,50,-123,52,-81,44,-74,43,-94,69,-102,56,-98,80,-85,47,-83,53,-81,58,-97,58,-87,58,-108,49,-78,53,-102,58,-65,47,-68,52,-81,77,-87,63,-88,74,-69,56,-83,63,-79,63,-94,62,-75,64,-109,53,-92,45,-89,46,-61,33,-78,59,-83,53,-75,70,-101,53,-93,50,-80,23,-95,33,-98,27,-85,33,-91,7,-78,5,-76,20,-49,6,-71,14,-59,8,-65,18,-72,2,-66,6,-52,-11,-52,-8,-48,-11,0,0,0,0,0,0,0,0,0,0]"""
1782318876029,2026-06-25T01:34:35.999,warning,bed_exit,yja,bed_exit_failed,t057,"CSI_DATA,810137,1a:00:00:00:00:00,-64,11,-99,16,48,11,-351192637,47,2,256,0,""[0,0,0,0,0,0,0,0,0,0,0,0,-23,34,-19,38,-66,44,-47,-5,-110,74,-50,75,-50,73,5,59,-55,-2,121,-55,-9,105,73,16,-38,-42,-13,21,-114,-59,-128,-128,-27,-44,-74,-59,-80,-28,-35,30,-80,3,-51,21,-83,36,-64,24,-61,21,-64,24,-65,20,-56,16,-87,26,-63,24,-72,27,-57,12,-59,27,-69,31,-65,30,-63,45,-76,33,-69,31,-79,31,-85,51,-61,41,-79,59,-62,48,-69,63,-51,37,-69,74,-72,57,-57,79,-71,80,-80,73,-72,57,-80,75,-61,76,-83,97,-82,87,-67,69,-64,93,0,0,0,0,0,0,88,76,112,86,71,58,104,61,118,78,78,56,114,74,83,49,110,73,80,55,88,41,107,49,104,44,111,55,90,45,94,45,97,43,98,40,92,31,120,26,88,16,111,16,81,20,97,10,105,19,104,5,114,14,99,17,98,16,100,10,110,6,93,-3,120,4,92,0,109,-6,78,4,100,-11,100,2,107,-7,97,-10,102,5,87,7,96,16,95,18,81,4,97,17,74,10,93,-4,55,11,75,4,71,14,71,9,66,10,73,12,51,24,56,23,50,23,0,0,0,0,0,0,0,0,0,0]"""
1782318876040,2026-06-25T01:34:36.010,warning,bed_exit,yja,bed_exit_failed,t057,"CSI_DATA,810138,1a:00:00:00:00:00,-64,11,-99,20,48,11,-351181637,47,2,256,0,""[0,0,0,0,0,0,0,0,0,0,0,0,-14,23,-21,33,-16,25,-23,32,-16,30,-30,36,-40,23,-38,18,-40,32,-33,18,-44,37,-50,33,-40,30,-46,23,-55,29,-35,23,-62,34,-55,33,-69,27,-72,15,-65,5,-63,19,-61,15,-69,26,-70,20,-65,31,-68,28,-74,25,-57,23,-67,21,-71,31,-90,20,-83,15,-73,17,-72,14,-71,20,-60,30,-68,50,-63,40,-57,34,-74,34,-55,51,-68,60,-76,54,-94,75,-80,50,-75,61,-91,51,-72,49,-73,67,-76,89,-64,79,-76,73,-86,82,-64,90,-79,79,-95,83,0,0,0,0,0,0,85,88,72,73,102,87,83,90,75,63,99,80,73,67,99,88,82,61,102,88,93,79,73,79,81,65,73,67,103,50,102,49,88,49,81,43,96,57,75,33,99,37,97,40,102,53,99,59,90,37,85,42,85,27,107,18,109,17,96,13,90,17,99,36,83,9,95,10,107,18,120,28,91,50,95,30,99,46,87,36,89,23,97,16,92,19,72,17,80,31,75,14,87,19,76,39,90,48,57,44,62,37,50,50,47,33,46,37,52,35,50,26,40,32,0,0,0,0,0,0,0,0,0,0]"""
1782318876051,2026-06-25T01:34:36.021,warning,bed_exit,yja,bed_exit_failed,t057,"CSI_DATA,810140,1a:00:00:00:00:00,-64,11,-99,18,49,11,-351159637,47,2,256,0,""[0,0,0,0,0,0,0,0,0,0,0,0,-11,-30,-7,-30,-13,-37,-15,-31,-3,-41,-2,-35,-14,-38,-10,-45,-20,-47,-13,-47,0,-48,-11,-49,-15,-42,-7,-56,-3,-55,-2,-63,0,-58,9,-65,-9,-52,-9,-50,-1,-60,-23,-66,-14,-71,-1,-63,-8,-64,-12,-68,-6,-80,-9,-73,-7,-75,-10,-68,-2,-79,-27,-57,-28,-61,-41,-64,-43,-59,-40,-72,-36,-72,-27,-75,-38,-65,-39,-68,-45,-62,-56,-74,-50,-71,-58,-67,-56,-54,-68,-55,-77,-49,-75,-46,-95,-50,-91,-53,-71,-64,-91,-59,-88,-64,-101,-49,-89,-69,-95,-30,-107,-46,0,0,0,0,0,0,-47,111,-56,122,-36,104,-44,114,-33,127,-48,100,-32,120,-24,109,-28,116,-6,104,-1,101,5,107,6,121,14,113,-7,105,6,108,14,107,12,111,14,99,28,111,23,90,15,110,44,72,54,79,45,80,76,84,69,90,44,88,59,83,62,81,63,88,59,87,73,89,62,74,60,85,65,54,78,64,77,59,87,56,90,67,77,66,54,71,72,58,63,72,57,67,61,64,53,58,55,64,45,44,54,51,59,37,60,44,55,37,54,47,28,48,33,43,30,40,0,0,0,0,0,0,0,0,0,0]"""
1782318876062,2026-06-25T01:34:36.032,warning,bed_exit,yja,bed_exit_failed,t057,"CSI_DATA,810141,1a:00:00:00:00:00,-64,11,-99,17,49,11,-351148570,47,2,256,0,""[0,0,0,0,0,0,0,0,0,0,0,0,-16,-27,-16,-30,-13,-27,-17,-33,-13,-33,-14,-36,-15,-42,-11,-41,-24,-50,-4,-45,-1,-52,-4,-54,-8,-44,-3,-53,-6,-59,-14,-58,-8,-63,-6,-61,-6,-58,-4,-62,0,-75,-15,-69,-2,-72,-2,-66,0,-67,-9,-67,-8,-70,-9,-76,-17,-75,-19,-63,-11,-71,-13,-71,-25,-66,-32,-66,-24,-68,-38,-80,-33,-76,-33,-73,-34,-64,-31,-73,-28,-67,-61,-62,-59,-63,-52,-69,-64,-66,-58,-61,-75,-60,-71,-68,-80,-65,-77,-64,-77,-64,-88,-61,-92,-62,-97,-60,-95,-61,-98,-54,-98,-53,0,0,0,0,0,0,-49,110,-55,104,-40,100,-48,115,-44,107,-45,110,-38,106,-23,105,-29,104,-27,103,-18,106,-19,101,-2,118,-17,108,-18,107,-14,106,-6,94,-5,102,-2,111,29,108,19,102,14,106,11,96,23,90,16,98,45,100,30,99,29,88,32,92,44,91,41,94,40,95,58,88,54,87,50,88,59,80,51,82,44,84,47,85,61,82,50,85,50,84,40,74,48,77,37,84,55,71,48,69,32,67,39,67,33,60,33,58,33,62,36,61,24,62,14,57,17,56,10,60,0,0,0,0,0,0,0,0,0,0]"""
1782318876073,2026-06-25T01:34:36.043,warning,bed_exit,yja,bed_exit_failed,t057,"CSI_DATA,810142,1a:00:00:00:00:00,-64,11,-99,16,49,11,-351132585,47,2,256,0,""[0,0,0,0,0,0,0,0,0,0,0,0,-17,25,-22,22,-32,23,-26,23,-30,25,-35,11,-34,21,-45,21,-38,12,-48,18,-45,14,-53,6,-53,8,-54,4,-48,10,-74,-2,-54,0,-63,-4,-64,-9,-56,-4,-63,-10,-64,-10,-74,-19,-71,-15,-66,-22,-68,-25,-70,-24,-54,-15,-76,-27,-61,-17,-74,-20,-60,-27,-73,-14,-66,-26,-75,-23,-65,-26,-76,-39,-70,-32,-73,-37,-78,-27,-80,-15,-90,-46,-72,-29,-93,-14,-64,-31,-100,-26,-79,-45,-96,-24,-101,-34,-96,-40,-93,-40,-93,-49,-92,-44,-111,-49,-101,-40,-96,-46,-115,-43,0,0,0,0,0,0,-40,98,-51,120,-52,88,-51,108,-64,114,-46,91,-67,116,-50,93,-57,109,-57,78,-57,93,-63,99,-57,83,-58,107,-56,89,-67,80,-57,85,-48,93,-32,78,-62,102,-49,81,-45,100,-47,87,-43,85,-52,104,-46,82,-60,95,-44,93,-56,81,-56,80,-58,96,-37,79,-68,101,-49,80,-46,91,-55,73,-57,95,-64,80,-57,82,-63,71,-75,67,-72,57,-82,49,-72,57,-61,54,-76,47,-63,34,-63,54,-58,26,-63,38,-64,20,-65,24,-58,20,-68,16,-57,8,-53,4,-53,-2,0,0,0,0,0,0,0,0,0,0]"""
1782318876084,2026-06-25T01:34:36.054,warning,bed_exit,yja,bed_exit_failed,t057,"CSI_DATA,810143,1a:00:00:00:00:00,-64,11,-99,16,49,11,-351126365,47,2,256,0,""[0,0,0,0,0,0,0,0,0,0,0,0,-31,3,-29,9,-33,10,-38,6,-38,6,-42,0,-45,-5,-47,-4,-38,-14,-45,-4,-53,-2,-48,-8,-52,0,-51,-5,-55,-5,-51,-21,-57,-19,-60,-16,-68,-14,-67,-32,-67,-23,-57,-23,-60,-25,-75,-11,-74,-13,-66,-14,-63,-17,-60,-17,-67,-25,-67,-16,-69,-21,-80,-14,-79,-21,-72,-16,-69,-11,-65,-20,-74,-7,-83,-3,-87,7,-76,9,-80,5,-87,-4,-88,4,-90,18,-104,12,-105,9,-92,8,-94,11,-82,12,-94,30,-101,42,-90,27,-95,24,-117,32,-107,48,-107,44,-111,42,0,0,0,0,0,0,39,105,49,98,56,114,38,115,44,99,50,106,59,104,59,102,59,96,62,117,54,107,56,96,40,93,63,87,78,80,74,71,78,69,77,58,70,64,75,69,82,67,81,58,89,64,86,67,87,51,72,56,81,45,104,36,95,37,95,34,93,40,87,37,92,39,98,42,90,38,101,50,99,56,90,43,93,42,76,50,82,39,100,34,90,33,79,28,75,33,71,38,76,42,70,30,73,45,68,45,58,43,51,42,46,44,48,30,57,39,44,31,37,37,0,0,0,0,0,0,0,0,0,0]"""
1782318876095,2026-06-25T01:34:36.065,warning,bed_exit,yja,bed_exit_failed,t057,"CSI_DATA,810144,1a:00:00:00:00:00,-64,11,-99,18,49,11,-351115099,47,2,256,0,""[0,0,0,0,0,0,0,0,0,0,0,0,-31,10,-30,13,-35,7,-35,8,-38,4,-34,0,-32,3,-46,-1,-45,-1,-48,0,-45,-13,-49,-20,-50,-13,-52,-24,-56,-21,-57,-33,-54,-31,-56,-36,-42,-29,-40,-28,-56,-45,-57,-35,-56,-54,-41,-41,-47,-54,-43,-55,-50,-64,-52,-59,-50,-59,-42,-52,-43,-58,-33,-42,-49,-47,-48,-55,-49,-53,-62,-71,-51,-65,-36,-60,-42,-67,-50,-79,-59,-70,-53,-68,-49,-68,-58,-59,-43,-52,-60,-61,-51,-64,-75,-70,-75,-82,-66,-77,-39,-71,-55,-105,-68,-102,-59,-89,-54,-94,-60,-89,-69,-85,0,0,0,0,0,0,-107,70,-124,60,-81,42,-108,57,-126,63,-104,44,-105,52,-95,50,-107,47,-92,32,-85,44,-106,48,-107,54,-103,46,-86,25,-105,30,-88,37,-108,34,-94,45,-98,41,-88,46,-97,41,-70,30,-65,42,-88,48,-95,59,-95,50,-84,30,-97,37,-96,34,-107,35,-100,44,-103,37,-97,33,-96,43,-72,20,-80,35,-86,31,-94,34,-111,28,-104,17,-88,-1,-91,-1,-102,-1,-99,6,-92,-5,-78,-9,-84,0,-59,-12,-67,-9,-62,-14,-68,-10,-70,-16,-63,-21,-49,-26,-45,-38,-47,-33,0,0,0,0,0,0,0,0,0,0]"""
1782318876106,2026-06-25T01:34:36.076,warning,bed_exit,yja,bed_exit_failed,t057,"CSI_DATA,810145,1a:00:00:00:00:00,-64,11,-99,16,49,11,-351101663,47,2,256,0,""[0,0,0,0,0,0,0,0,0,0,0,0,-11,24,-16,38,-8,21,-22,34,-12,27,-31,40,-29,38,-24,23,-26,37,-23,27,-40,35,-37,35,-32,36,-36,32,-52,50,-31,34,-48,46,-38,44,-55,51,-59,43,-54,28,-43,52,-53,30,-58,49,-59,49,-58,38,-50,39,-65,50,-32,47,-48,60,-46,47,-60,67,-51,54,-45,57,-48,56,-47,59,-48,52,-35,66,-34,64,-35,61,-39,72,-17,65,-22,99,-28,77,-47,113,-46,73,-20,96,-47,90,-20,82,-18,95,-9,117,-8,95,-13,114,-14,98,11,110,0,127,0,109,0,0,0,0,0,0,125,-3,93,-3,127,-14,116,-4,80,0,124,-6,92,-13,127,-30,96,-23,127,-12,115,-23,98,-7,108,-24,85,-16,107,-34,98,-37,92,-37,82,-31,105,-49,67,-47,88,-69,76,-48,109,-76,86,-61,68,-56,80,-68,68,-48,72,-82,73,-68,71,-60,69,-53,88,-82,34,-71,56,-90,65,-77,86,-108,77,-68,58,-82,74,-75,59,-71,54,-60,57,-87,51,-71,48,-65,63,-70,36,-58,49,-81,53,-58,75,-71,52,-46,49,-55,57,-35,47,-49,45,-33,49,-40,49,-34,50,-36,0,0,0,0,0,0,0,0,0,0]"""
1782318876117,2026-06-25T01:34:36.087,warning,bed_exit,yja,bed_exit_failed,t057,"CSI_DATA,810146,1a:00:00:00:00:00,-64,11,-99,14,49,11,-351093638,47,2,256,0,""[0,0,0,0,0,0,0,0,0,0,0,0,36,-38,-48,-6,13,45,-57,-31,54,-47,84,6,-62,40,-27,-12,0,71,80,2,-9,62,67,65,31,80,52,30,-31,46,34,81,18,91,-17,98,-19,62,20,65,7,91,-17,66,3,68,-10,65,-7,67,-15,72,-15,72,-13,54,-40,78,-29,65,-29,70,-30,54,-31,73,-34,68,-22,66,-33,68,-36,82,-35,72,-35,73,-43,82,-30,66,-57,81,-52,62,-44,73,-35,62,-48,99,-52,83,-33,86,-65,77,-54,92,-53,71,-59,87,-62,80,-78,108,-71,80,-69,77,-83,90,0,0,0,0,0,0,66,88,82,103,64,84,66,99,83,109,59,83,70,116,56,91,55,109,51,87,53,90,68,93,46,91,65,97,60,87,54,78,62,87,48,87,41,73,48,112,44,85,47,103,35,80,42,86,46,97,34,95,57,99,47,94,46,92,47,97,43,96,34,75,21,119,16,95,21,103,13,85,19,108,5,99,22,93,0,100,10,104,-4,98,-6,100,-9,96,-8,78,-41,95,-30,72,-19,75,-21,54,-28,78,-33,62,-28,64,-42,49,-43,55,-44,45,-46,38,-40,35,0,0,0,0,0,0,0,0,0,0]"""
1782318876128,2026-06-25T01:34:36.098,warning,bed_exit,yja,bed_exit_failed,t057,"CSI_DATA,810147,1a:00:00:00:00:00,-64,11,-99,16,49,11,-351081484,47,2,256,0,""[0,0,0,0,0,0,0,0,0,0,0,0,17,23,25,33,5,25,9,35,9,30,13,42,-4,48,2,39,4,44,-22,38,-10,55,-11,55,-19,53,-15,47,-23,55,-14,46,-23,57,-24,56,-45,64,-46,52,-36,36,-52,43,-51,37,-52,46,-59,44,-51,36,-48,30,-57,40,-52,35,-59,40,-61,48,-83,47,-70,30,-69,29,-79,24,-62,33,-65,36,-67,47,-71,33,-55,29,-69,27,-57,49,-71,55,-93,36,-111,53,-80,32,-88,37,-97,25,-85,27,-98,28,-111,50,-88,38,-95,34,-107,25,-107,42,-120,26,-123,21,0,0,0,0,0,0,8,119,13,94,12,127,11,115,4,89,9,127,2,98,3,127,7,103,-5,127,-17,125,-18,99,-11,105,-27,91,-9,111,-3,107,-11,103,-8,96,-15,102,-4,81,-4,104,6,101,-16,124,-26,109,-17,102,-17,98,-20,88,-15,109,-13,98,-20,96,-21,87,-26,100,-17,86,-24,101,-23,96,-50,121,-50,95,-47,89,-55,81,-49,69,-51,74,-45,99,-56,72,-50,54,-68,52,-39,64,-51,71,-61,57,-80,61,-67,30,-64,35,-67,18,-52,21,-58,12,-61,20,-50,13,-48,5,0,0,0,0,0,0,0,0,0,0]"""
1782318876139,2026-06-25T01:34:36.109,warning,bed_exit,yja,bed_exit_failed,t057,"CSI_DATA,810148,1a:00:00:00:00:00,-64,11,-99,19,48,11,-351070772,47,2,256,0,""[0,0,0,0,0,0,0,0,0,0,0,0,43,113,-128,-57,79,-6,-15,-11,-40,15,-49,12,-59,-24,-37,-5,-52,-6,-35,-22,-52,-14,-59,-18,-57,-13,-51,-16,-66,-8,-54,-15,-68,-21,-59,-4,-66,-24,-63,-31,-36,-38,-64,-15,-57,-34,-76,-28,-70,-17,-70,-15,-59,-16,-76,-16,-63,-6,-71,-15,-73,-8,-92,-17,-74,-11,-72,-11,-70,-16,-78,-5,-73,0,-89,16,-71,2,-67,7,-80,3,-65,33,-82,37,-92,26,-109,48,-101,21,-90,48,-108,25,-75,30,-93,48,-97,68,-79,63,-81,63,-104,70,-84,78,-94,78,-104,73,0,0,0,0,0,0,88,88,71,71,102,102,80,94,69,62,101,79,78,61,105,74,83,57,102,75,102,78,82,62,91,53,82,60,110,49,101,40,94,42,89,29,90,34,88,8,103,16,100,9,121,19,114,19,97,11,94,6,94,5,111,-11,101,-12,101,-13,91,-5,105,-5,86,-27,97,-25,103,-26,127,-31,104,-2,98,-16,109,0,88,-22,90,-17,102,-32,92,-22,73,-21,80,-13,82,-29,86,-27,86,-15,98,-15,76,0,74,-7,72,5,62,-7,57,0,78,-8,62,-8,59,-4,0,0,0,0,0,0,0,0,0,0]"""
1782318876150,2026-06-25T01:34:36.120,warning,bed_exit,yja,bed_exit_failed,t057,"CSI_DATA,810149,1a:00:00:00:00:00,-64,11,-99,21,48,11,-351060638,47,2,256,0,""[0,0,0,0,0,0,0,0,0,0,0,0,-19,-18,-18,-23,-21,-25,-29,-27,-18,-22,-25,-38,-31,-39,-18,-41,-13,-45,-22,-35,-24,-47,-23,-45,-27,-49,-20,-49,-21,-46,-19,-59,-29,-62,-19,-54,-22,-67,-14,-54,-17,-59,-15,-55,-17,-59,-24,-72,-22,-63,-16,-70,-19,-67,-26,-68,-17,-69,-29,-64,-28,-64,-20,-71,-30,-74,-29,-65,-31,-71,-28,-68,-34,-61,-48,-81,-39,-66,-44,-62,-57,-65,-50,-69,-62,-73,-53,-51,-69,-72,-79,-72,-61,-72,-84,-68,-61,-63,-70,-55,-86,-70,-75,-69,-92,-65,-95,-78,-96,-69,-103,-63,-97,-66,0,0,0,0,0,0,-55,105,-50,94,-59,115,-53,116,-55,100,-51,122,-41,99,-51,119,-38,104,-54,120,-45,109,-33,110,-37,88,-27,97,-22,112,-17,102,-20,102,-15,104,-2,94,-15,107,-1,111,12,98,5,114,12,105,19,108,1,89,10,101,25,108,18,95,23,104,20,94,33,96,21,96,26,107,35,91,22,111,37,109,21,102,34,94,20,89,16,89,31,98,17,99,23,81,29,84,13,79,17,95,22,72,10,90,16,77,1,76,9,69,-2,56,3,60,0,61,0,53,0,57,0,0,0,0,0,0,0,0,0,0]"""
1782318876161,2026-06-25T01:34:36.131,warning,bed_exit,yja,bed_exit_failed,t057,"CSI_DATA,810150,1a:00:00:00:00:00,-64,11,-99,20,48,11,-351048228,47,2,256,0,""[0,0,0,0,0,0,0,0,0,0,0,0,25,-19,28,-16,36,-16,34,-17,35,-11,39,-13,23,-16,46,-20,50,-17,51,-16,44,-9,49,-9,50,-5,62,3,71,-6,65,-9,59,-15,65,-10,54,0,50,0,69,4,75,-12,76,-14,66,5,76,3,68,-6,83,0,75,-11,83,-10,70,-12,75,-18,55,-2,65,-19,69,-20,72,-22,78,-32,81,-28,76,-11,78,-16,94,-31,91,-39,85,-45,73,-44,74,-53,55,-36,57,-60,68,-59,69,-75,85,-78,75,-69,73,-49,92,-74,82,-85,63,-75,92,-74,83,-87,70,-91,0,0,0,0,0,0,-102,-72,-102,-87,-78,-61,-107,-57,-118,-71,-94,-63,-105,-71,-98,-61,-103,-63,-90,-48,-92,-26,-102,-34,-119,-35,-113,-42,-82,-40,-102,-44,-102,-37,-114,-43,-112,-23,-111,-14,-100,-10,-105,-7,-72,-12,-89,3,-102,5,-119,15,-111,7,-91,-7,-112,-3,-97,9,-118,7,-112,21,-118,16,-108,17,-94,28,-90,8,-88,27,-90,20,-97,37,-114,32,-106,17,-81,6,-101,2,-107,5,-97,17,-89,14,-87,10,-76,14,-58,3,-71,19,-64,9,-68,20,-79,8,-63,6,-54,-6,-61,-10,-58,-9,0,0,0,0,0,0,0,0,0,0]"""
1782318876172,2026-06-25T01:34:36.142,warning,bed_exit,yja,bed_exit_failed,t057,"CSI_DATA,810151,1a:00:00:00:00:00,-64,11,-99,16,49,11,-351038027,47,2,256,0,""[0,0,0,0,0,0,0,0,0,0,0,0,2,30,7,28,-8,42,0,32,-6,38,-12,35,-11,43,-14,49,-17,37,-21,49,-23,38,-30,36,-36,43,-38,38,-31,32,-54,47,-40,32,-50,39,-52,34,-56,26,-69,37,-61,28,-66,37,-67,30,-68,15,-67,22,-68,21,-54,25,-86,23,-71,17,-71,24,-67,8,-75,31,-77,17,-71,25,-66,20,-81,14,-76,16,-89,12,-95,23,-77,30,-96,15,-75,9,-90,40,-66,13,-90,35,-87,9,-88,29,-107,20,-107,27,-98,8,-99,8,-95,18,-116,15,-116,12,-102,9,-125,15,0,0,0,0,0,0,4,115,13,127,0,105,22,120,0,127,6,95,0,127,5,103,-3,127,-8,105,0,101,0,119,-7,104,-4,123,-7,104,-16,92,-10,108,-9,109,-4,86,-6,117,0,86,2,103,-9,91,0,100,0,117,-7,98,-3,120,0,102,-18,97,-9,103,-5,111,2,93,-22,121,-13,94,-3,104,-22,82,-9,113,-27,97,-19,102,-32,93,-40,100,-35,82,-59,82,-52,88,-33,78,-51,83,-50,62,-44,74,-43,43,-46,68,-52,50,-50,56,-56,46,-59,40,-51,33,-51,21,-50,23,0,0,0,0,0,0,0,0,0,0]"""
1782318876183,2026-06-25T01:34:36.153,warning,bed_exit,yja,bed_exit_failed,t057,"CSI_DATA,810152,1a:00:00:00:00:00,-64,11,-99,16,49,11,-351027444,47,2,256,0,""[0,0,0,0,0,0,0,0,0,0,0,0,31,2,24,7,35,13,34,16,38,17,31,23,31,18,40,20,29,24,52,23,42,27,40,27,43,26,44,30,32,32,45,57,32,39,40,55,44,49,32,50,42,55,37,53,52,62,42,60,44,50,47,52,38,58,37,44,47,75,35,62,38,67,34,51,50,65,46,63,54,59,38,63,56,69,50,65,62,64,63,60,65,49,54,81,50,73,71,64,51,52,79,68,62,68,82,40,86,70,91,62,75,58,75,65,74,65,102,76,89,69,83,54,106,73,0,0,0,0,0,0,68,-90,80,-103,54,-87,72,-94,75,-108,70,-75,82,-111,61,-79,77,-105,54,-82,65,-79,52,-102,61,-90,38,-112,49,-95,37,-82,29,-107,36,-103,24,-87,55,-109,42,-89,44,-97,23,-87,28,-97,24,-110,25,-93,20,-113,19,-108,7,-105,8,-109,14,-97,5,-87,43,-123,27,-96,26,-97,19,-79,16,-113,24,-102,9,-100,30,-99,25,-102,26,-88,24,-95,26,-92,21,-82,45,-87,47,-63,31,-77,27,-54,37,-72,34,-62,26,-65,46,-51,36,-62,33,-47,26,-37,34,-34,0,0,0,0,0,0,0,0,0,0]"""
1782318876194,2026-06-25T01:34:36.164,warning,bed_exit,yja,bed_exit_failed,t057,"CSI_DATA,810153,1a:00:00:00:00:00,-63,11,-99,17,48,11,-351016433,47,2,256,0,""[0,0,0,0,0,0,0,0,0,0,0,0,33,7,35,10,29,4,34,6,44,5,32,10,41,10,34,20,54,14,40,27,44,21,50,24,53,27,57,26,55,33,52,21,51,20,64,15,59,22,69,36,59,43,69,26,59,39,67,31,71,39,55,27,64,31,66,32,73,13,81,13,70,21,76,12,73,24,74,16,72,23,77,9,76,7,72,-3,84,-7,84,0,84,2,77,-32,77,-29,98,-22,90,-27,77,-19,84,-29,92,-13,92,-45,111,-46,100,-55,90,-61,91,-51,93,-59,90,-74,96,-70,101,-87,0,0,0,0,0,0,-87,-101,-91,-94,-87,-90,-94,-97,-78,-72,-90,-78,-120,-70,-100,-62,-101,-74,-83,-101,-94,-72,-69,-55,-113,-50,-88,-47,-77,-36,-44,-46,-128,-12,-98,-30,-114,-55,-128,-71,-117,-7,-100,-17,24,-2,-113,0,-107,-11,-64,-92,-111,-51,-126,-32,-128,-65,-43,32,-82,26,-119,74,-104,127,-67,96,-128,-11,-3,72,-114,31,-92,34,-24,-73,-100,47,-98,12,-87,-61,-93,42,-89,36,-128,33,-106,62,-82,55,-91,17,-69,17,-59,31,-78,11,-84,-17,-65,22,-71,3,-73,23,-60,12,-57,5,0,0,0,0,0,0,0,0,0,0]"""
1782318876205,2026-06-25T01:34:36.175,warning,bed_exit,yja,bed_exit_failed,t057,"CSI_DATA,810154,1a:00:00:00:00:00,-64,11,-99,20,48,11,-351003994,47,2,256,0,""[0,0,0,0,0,0,0,0,0,0,0,0,-29,0,-34,-5,-35,0,-35,-2,-39,-10,-37,-9,-44,-5,-32,-12,-52,-5,-46,-11,-57,-19,-58,-20,-58,-15,-58,-18,-58,-19,-54,-19,-58,-21,-59,-20,-57,-22,-69,-9,-58,-16,-76,-13,-63,-30,-71,-26,-71,-31,-65,-20,-71,-25,-77,-24,-69,-3,-77,-5,-69,-19,-75,-7,-74,0,-77,4,-79,3,-82,10,-77,3,-76,13,-82,14,-83,16,-90,18,-74,34,-78,34,-89,36,-79,32,-74,44,-81,52,-87,56,-81,68,-89,71,-82,70,-88,69,-89,74,-83,77,-85,85,-79,88,-83,97,0,0,0,0,0,0,113,70,110,74,99,72,102,66,105,67,95,68,104,51,112,49,105,47,100,50,106,31,99,43,119,24,115,26,104,29,109,24,108,8,107,7,116,3,98,-9,103,-22,109,-5,95,-13,95,-17,94,-31,106,-49,98,-23,94,-30,102,-36,95,-42,98,-40,98,-50,87,-65,86,-65,89,-50,85,-61,81,-55,87,-63,81,-62,79,-63,79,-61,80,-58,86,-61,78,-57,83,-51,58,-62,60,-51,74,-46,60,-46,57,-43,59,-42,58,-44,55,-43,59,-36,55,-24,53,-34,53,-21,0,0,0,0,0,0,0,0,0,0]"""
1782318876216,2026-06-25T01:34:36.186,warning,bed_exit,yja,bed_exit_failed,t057,"CSI_DATA,810155,1a:00:00:00:00:00,-64,11,-99,19,48,11,-350991622,47,2,256,0,""[0,0,0,0,0,0,0,0,0,0,0,0,-97,41,-114,-43,-8,-47,-105,37,29,-13,-60,38,-128,4,14,-10,-32,-68,40,-42,-11,4,-73,-14,-62,-31,-14,-64,17,-41,-36,-15,-71,-38,0,-51,-46,-64,-52,-62,-34,-57,-32,-59,-28,-57,-25,-69,-11,-74,-11,-64,-10,-75,-16,-69,-29,-80,-21,-68,-16,-78,-18,-73,-15,-75,-19,-75,-14,-84,-23,-76,-7,-82,-9,-72,-14,-84,-13,-87,-10,-85,-22,-81,-11,-84,-6,-90,-13,-89,-8,-79,-17,-97,-10,-98,-15,-111,-12,-118,0,-106,-8,-114,-7,-116,-4,-108,-2,-125,0,-120,7,-126,0,0,0,0,0,0,-128,-18,-128,-22,-114,-32,-124,-15,-116,-28,-108,-42,-113,-31,-119,-25,-117,-38,-98,-32,-100,-27,-101,-44,-118,-27,-110,-43,-91,-47,-93,-44,-95,-41,-98,-46,-108,-43,-99,-22,-94,-22,-94,-43,-92,-31,-102,-30,-95,-43,-114,-30,-87,-41,-94,-53,-100,-48,-91,-45,-94,-55,-99,-52,-108,-36,-93,-46,-89,-60,-87,-56,-82,-57,-89,-65,-85,-66,-86,-65,-68,-66,-60,-72,-60,-75,-56,-83,-50,-83,-52,-66,-51,-68,-38,-82,-32,-63,-28,-73,-22,-69,-15,-69,-17,-74,-6,-68,-2,-59,2,-53,10,-57,0,0,0,0,0,0,0,0,0,0]"""
1782318876227,2026-06-25T01:34:36.197,warning,bed_exit,yja,bed_exit_failed,t057,"CSI_DATA,810156,1a:00:00:00:00:00,-64,11,-99,18,48,11,-350982621,47,2,256,0,""[0,0,0,0,0,0,0,0,0,0,0,0,-27,12,-35,17,-32,8,-38,14,-28,10,-42,0,-44,5,-49,4,-44,-6,-39,2,-56,-8,-51,-12,-56,-13,-45,-10,-56,-15,-57,-22,-66,-23,-57,-27,-65,-38,-53,-25,-52,-31,-53,-33,-54,-41,-58,-43,-51,-41,-57,-48,-60,-46,-67,-34,-47,-40,-56,-54,-58,-32,-70,-65,-65,-49,-61,-45,-61,-22,-56,-53,-58,-49,-78,-70,-56,-49,-61,-42,-54,-32,-58,-44,-79,-61,-61,-35,-111,-65,-85,-58,-98,-56,-111,-56,-67,-49,-84,-59,-60,-66,-85,-67,-93,-69,-111,-92,-91,-68,-97,-79,-84,-53,0,0,0,0,0,0,-80,97,-72,82,-74,106,-80,100,-71,81,-77,106,-73,80,-75,94,-65,81,-93,91,-80,92,-70,87,-71,77,-66,77,-75,95,-69,83,-69,77,-62,81,-53,87,-69,74,-65,82,-49,82,-74,97,-55,87,-51,95,-58,72,-59,81,-59,92,-59,84,-62,92,-57,86,-56,93,-65,82,-64,97,-48,88,-73,86,-69,93,-71,77,-66,80,-70,66,-71,66,-80,71,-82,57,-68,56,-69,56,-70,46,-79,52,-64,48,-85,41,-71,45,-67,28,-67,29,-58,14,-61,17,-68,17,-59,6,-51,0,0,0,0,0,0,0,0,0,0,0]"""
1782318876238,2026-06-25T01:34:36.208,warning,bed_exit,yja,bed_exit_failed,t057,"CSI_DATA,810157,1a:00:00:00:00:00,-64,11,-99,19,48,11,-350971912,47,2,256,0,""[0,0,0,0,0,0,0,0,0,0,0,0,-24,-9,-26,-14,-30,-23,-33,-15,-34,-25,-38,-32,-30,-31,-42,-33,-24,-27,-47,-33,-36,-40,-31,-43,-36,-38,-30,-40,-30,-35,-36,-60,-30,-44,-43,-55,-38,-56,-33,-59,-41,-67,-28,-48,-44,-69,-46,-60,-34,-52,-35,-63,-33,-66,-36,-53,-41,-67,-35,-60,-44,-67,-41,-64,-59,-65,-47,-55,-55,-61,-45,-52,-54,-65,-64,-62,-54,-60,-59,-51,-52,-36,-68,-69,-67,-52,-86,-57,-74,-60,-92,-66,-88,-60,-87,-48,-83,-48,-94,-55,-99,-56,-78,-49,-84,-47,-125,-64,-98,-51,-86,-42,-118,-46,0,0,0,0,0,0,-32,113,-48,116,-37,112,-33,122,-35,116,-30,105,-38,127,-25,105,-28,123,-30,112,-27,127,-14,126,-25,95,-11,112,-16,114,-12,104,-6,106,-6,98,5,85,-4,119,0,97,14,110,16,105,21,111,25,108,18,88,25,109,27,107,21,102,29,112,27,95,27,81,32,112,35,99,37,107,33,105,51,114,30,102,34,102,29,94,26,105,25,108,15,90,21,84,27,75,16,98,19,78,24,84,9,80,14,87,10,76,11,75,10,60,2,74,-3,68,-5,54,-2,54,0,0,0,0,0,0,0,0,0,0]"""
1782318876249,2026-06-25T01:34:36.219,warning,bed_exit,yja,bed_exit_failed,t057,"CSI_DATA,810158,1a:00:00:00:00:00,-64,11,-99,15,49,11,-350955958,47,2,256,0,""[0,0,0,0,0,0,0,0,0,0,0,0,-32,18,-24,12,-43,19,-29,13,-38,13,-37,4,-47,3,-54,0,-46,-2,-57,-6,-48,-12,-50,-17,-52,-18,-57,-16,-50,-13,-67,-37,-51,-27,-62,-36,-49,-28,-62,-37,-78,-38,-44,-45,-65,-51,-48,-49,-42,-47,-43,-61,-40,-65,-38,-41,-59,-76,-31,-64,-55,-80,-40,-46,-55,-56,-38,-56,-49,-67,-59,-70,-47,-98,-32,-82,-18,-74,-54,-89,-33,-54,-56,-93,-33,-78,-79,-78,-48,-61,-65,-83,-59,-80,-44,-81,-50,-104,-27,-97,-24,-91,-37,-91,-40,-107,-50,-128,-52,-99,-34,-105,-63,-117,0,0,0,0,0,0,-99,28,-128,37,-93,30,-120,26,-128,22,-99,13,-128,22,-106,15,-128,14,-111,3,-107,9,-123,10,-109,-3,-128,17,-103,-4,-107,-6,-114,-4,-110,0,-87,5,-128,-6,-102,0,-121,10,-89,2,-99,5,-121,4,-93,-7,-122,-4,-108,-6,-108,-16,-107,-14,-116,-8,-89,-5,-127,-28,-93,-15,-118,-21,-78,-26,-111,-10,-98,-32,-103,-22,-97,-38,-100,-47,-81,-54,-78,-63,-83,-61,-79,-41,-80,-66,-61,-57,-69,-51,-41,-50,-64,-56,-45,-65,-51,-54,-38,-56,-33,-64,-17,-60,-16,-61,-12,-54,0,0,0,0,0,0,0,0,0,0]"""
1782318876260,2026-06-25T01:34:36.230,warning,bed_exit,yja,bed_exit_failed,t057,"CSI_DATA,810159,1a:00:00:00:00:00,-64,11,-99,18,48,11,-350950638,47,2,256,0,""[0,0,0,0,0,0,0,0,0,0,0,0,18,-22,29,-28,20,-16,32,-16,28,-21,44,-31,47,-20,34,-18,48,-25,41,-9,55,-12,58,-8,56,-5,57,-2,69,-7,55,-5,69,-10,68,-13,71,0,75,-6,54,-9,82,-3,62,5,70,10,78,12,73,8,69,14,81,9,64,3,81,6,72,0,90,4,72,14,74,-3,75,4,79,-7,71,-14,79,-9,73,-4,74,0,95,0,85,-22,95,-21,97,-8,120,-23,83,-6,96,-35,104,-13,94,-23,109,-20,110,-28,117,-28,113,-31,99,-23,116,-29,121,-22,121,-19,0,0,0,0,0,0,-26,-127,-19,-109,-25,-128,-30,-119,-23,-99,-25,-128,-23,-95,-27,-128,-23,-99,-31,-123,-35,-117,-30,-97,-43,-113,-17,-99,-32,-118,-36,-109,-29,-99,-29,-100,-38,-116,-46,-73,-51,-101,-47,-94,-52,-103,-53,-97,-56,-88,-58,-95,-44,-87,-42,-95,-51,-98,-52,-78,-42,-88,-56,-103,-49,-67,-61,-91,-51,-83,-68,-108,-51,-90,-66,-93,-43,-96,-57,-87,-46,-81,-45,-84,-40,-84,-29,-79,-18,-84,-39,-75,-41,-86,-18,-82,-22,-100,-14,-64,-25,-73,-9,-72,-10,-64,0,-66,0,-67,2,-65,3,-58,0,0,0,0,0,0,0,0,0,0]"""
1782318876271,2026-06-25T01:34:36.241,warning,bed_exit,yja,bed_exit_failed,t057,"CSI_DATA,810160,1a:00:00:00:00:00,-64,11,-99,19,48,11,-350939638,47,2,256,0,""[0,0,0,0,0,0,0,0,0,0,0,0,12,-124,23,35,-33,-70,-92,-19,-40,14,21,-31,0,-16,85,41,-10,-46,23,-59,127,-107,17,-66,15,-46,-3,21,12,-52,53,-79,11,-82,27,-51,41,-32,19,-45,47,-32,37,-59,71,-62,51,-40,55,-42,64,-53,55,-47,45,-56,74,-46,51,-44,49,-56,47,-24,53,-52,52,-42,56,-59,55,-73,92,-60,66,-49,54,-63,76,-49,49,-82,79,-54,67,-52,42,-63,34,-40,55,-91,45,-89,41,-92,79,-72,48,-78,57,-66,88,-88,59,-72,79,-102,82,-65,62,-87,52,-99,0,0,0,0,0,0,-90,-69,-111,-88,-72,-72,-107,-76,-109,-98,-82,-70,-98,-95,-76,-65,-94,-88,-83,-68,-79,-63,-107,-71,-91,-69,-101,-73,-79,-65,-83,-74,-85,-64,-89,-66,-78,-50,-108,-75,-85,-53,-104,-61,-71,-52,-85,-43,-103,-46,-92,-48,-113,-54,-87,-47,-83,-57,-92,-49,-102,-54,-92,-33,-105,-73,-87,-53,-97,-46,-63,-40,-102,-44,-90,-52,-95,-47,-91,-64,-93,-67,-71,-59,-69,-72,-80,-72,-70,-54,-69,-82,-56,-67,-65,-60,-38,-49,-56,-62,-44,-52,-51,-57,-40,-57,-36,-70,-19,-53,-18,-62,-18,-55,0,0,0,0,0,0,0,0,0,0]"""
1782318876282,2026-06-25T01:34:36.252,warning,bed_exit,yja,bed_exit_failed,t057,"CSI_DATA,810161,1a:00:00:00:00:00,-64,11,-99,19,48,11,-350926687,47,2,256,0,""[0,0,0,0,0,0,0,0,0,0,0,0,3,-32,4,-38,-3,-31,10,-36,2,-38,15,-50,13,-48,13,-40,25,-52,17,-32,26,-49,32,-51,24,-44,38,-43,43,-60,32,-44,45,-51,43,-56,40,-60,49,-46,56,-41,46,-61,52,-43,57,-48,61,-51,61,-46,60,-48,70,-60,42,-46,52,-57,61,-52,65,-61,57,-52,54,-56,64,-52,56,-59,52,-62,57,-68,57,-53,54,-55,63,-59,34,-75,40,-89,62,-79,59,-97,51,-71,47,-103,67,-88,48,-88,57,-85,54,-100,46,-108,56,-109,52,-97,56,-110,65,-111,60,-103,0,0,0,0,0,0,-119,-67,-98,-60,-117,-65,-116,-61,-90,-54,-120,-67,-94,-48,-121,-67,-92,-48,-118,-70,-113,-57,-90,-50,-117,-43,-88,-53,-97,-52,-104,-53,-97,-42,-95,-44,-112,-42,-90,-26,-101,-24,-100,-30,-111,-34,-110,-25,-97,-23,-110,-18,-94,-26,-98,-17,-110,-22,-101,-22,-102,-30,-112,-34,-92,-3,-107,-5,-110,-24,-127,-24,-92,-28,-106,-10,-108,-35,-102,-26,-95,-24,-99,-26,-93,-31,-80,-27,-85,-45,-84,-16,-90,-32,-81,-41,-89,-48,-65,-40,-70,-36,-60,-43,-59,-35,-51,-36,-48,-45,-47,-42,-44,-44,0,0,0,0,0,0,0,0,0,0]"""
1782318876293,2026-06-25T01:34:36.263,warning,bed_exit,yja,bed_exit_failed,t057,"CSI_DATA,810162,1a:00:00:00:00:00,-64,11,-99,15,49,11,-350917117,47,2,256,0,""[0,0,0,0,0,0,0,0,0,0,0,0,32,-16,30,-16,47,-13,36,-5,45,-11,38,0,38,0,47,-2,45,6,61,0,51,6,43,13,55,12,64,19,53,12,69,30,55,25,64,28,53,32,61,15,67,27,62,37,67,45,62,44,55,51,51,48,56,50,54,38,71,55,60,45,64,43,53,46,73,47,66,53,67,45,65,50,66,55,51,60,68,62,78,59,83,40,76,70,61,55,88,46,49,43,90,51,71,64,93,44,99,62,94,70,78,68,79,79,87,69,102,80,90,80,86,74,112,76,0,0,0,0,0,0,72,-90,94,-107,65,-82,83,-102,100,-110,69,-79,97,-105,69,-88,92,-103,70,-71,69,-80,78,-92,79,-83,78,-101,73,-82,74,-68,83,-86,76,-85,61,-81,84,-99,61,-75,69,-85,53,-71,56,-85,62,-100,63,-86,65,-90,65,-82,73,-81,72,-84,68,-85,46,-83,81,-102,70,-82,63,-87,62,-63,65,-97,72,-78,68,-84,79,-73,85,-70,80,-52,93,-54,87,-59,72,-61,94,-50,73,-31,74,-54,56,-22,71,-40,73,-26,70,-31,72,-22,74,-18,63,-12,59,0,49,2,0,0,0,0,0,0,0,0,0,0]"""
1782318876304,2026-06-25T01:34:36.274,warning,bed_exit,yja,bed_exit_failed,t057,"CSI_DATA,810163,1a:00:00:00:00:00,-64,11,-99,19,48,11,-350906638,47,2,256,0,""[0,0,0,0,0,0,0,0,0,0,0,0,31,-9,40,-12,31,-12,45,-10,35,-6,48,-12,53,-7,53,0,59,-12,37,0,55,9,61,-6,62,-6,63,-6,72,6,53,6,72,8,66,15,74,5,64,0,57,9,75,7,64,11,64,23,74,10,81,11,80,14,92,25,64,7,79,11,71,19,81,2,78,6,76,-7,80,0,87,0,74,-3,85,-4,81,-19,79,-13,100,-4,80,-16,101,-19,85,-4,109,-24,101,-15,98,-43,97,-32,103,-43,84,-40,98,-45,109,-56,127,-53,90,-47,105,-48,126,-65,97,-40,0,0,0,0,0,0,-53,-128,-40,-104,-55,-123,-40,-128,-57,-102,-48,-128,-43,-95,-50,-118,-38,-99,-66,-111,-59,-105,-60,-97,-81,-97,-61,-83,-61,-97,-79,-82,-83,-72,-73,-80,-82,-99,-73,-60,-86,-78,-64,-75,-91,-68,-89,-59,-74,-55,-100,-60,-81,-48,-87,-64,-99,-54,-99,-47,-98,-52,-111,-69,-87,-33,-103,-56,-79,-55,-103,-50,-88,-61,-108,-36,-98,-50,-101,-56,-85,-38,-86,-56,-87,-41,-79,-47,-86,-62,-62,-42,-83,-55,-61,-53,-70,-56,-48,-48,-65,-54,-48,-46,-57,-40,-44,-48,-46,-47,-46,-40,-45,-51,0,0,0,0,0,0,0,0,0,0]"""
1782318876315,2026-06-25T01:34:36.285,warning,bed_exit,yja,bed_exit_failed,t057,"CSI_DATA,810164,1a:00:00:00:00:00,-64,11,-99,18,48,11,-350894310,47,2,256,0,""[0,0,0,0,0,0,0,0,0,0,0,0,22,-27,25,-29,29,-27,29,-29,31,-20,32,-17,32,-23,46,-28,43,-26,44,-22,42,-18,54,-18,59,-13,64,-19,59,-18,69,-26,60,-28,71,-25,59,-9,43,-17,66,-17,79,-23,77,-21,72,-3,79,-10,73,-18,82,-8,88,-34,85,-7,74,-21,56,-36,51,-12,57,-22,57,-23,81,-33,93,-56,91,-23,62,-31,74,-41,79,-34,95,-60,68,-44,73,-54,66,-75,47,-60,56,-79,80,-84,52,-87,66,-81,85,-95,87,-62,104,-64,86,-106,72,-86,74,-85,92,-77,86,-101,0,0,0,0,0,0,-109,-85,-120,-87,-79,-66,-111,-71,-122,-87,-96,-77,-103,-72,-100,-62,-101,-67,-88,-55,-86,-40,-107,-52,-123,-49,-111,-54,-86,-41,-98,-57,-94,-45,-105,-58,-107,-33,-112,-33,-99,-20,-106,-22,-92,-18,-92,-7,-114,-12,-112,-7,-119,-10,-96,-15,-114,-20,-105,-9,-119,-14,-113,7,-121,-2,-106,0,-108,14,-92,-7,-96,17,-97,2,-104,8,-116,5,-111,4,-92,-13,-98,-18,-101,-16,-101,-3,-92,-9,-83,-9,-83,0,-69,-10,-70,-5,-70,-7,-74,-7,-73,-16,-67,-16,-53,-19,-61,-30,-52,-26,0,0,0,0,0,0,0,0,0,0]"""
1782318876326,2026-06-25T01:34:36.296,warning,bed_exit,yja,bed_exit_failed,t057,"CSI_DATA,810165,1a:00:00:00:00:00,-64,11,-99,17,48,11,-350883760,47,2,256,0,""[0,0,0,0,0,0,0,0,0,0,0,0,-21,30,-23,25,-27,33,-20,32,-34,26,-25,24,-21,22,-44,25,-40,26,-47,37,-54,9,-50,23,-57,23,-59,15,-55,10,-78,0,-64,-3,-70,-17,-64,-3,-53,4,-67,-13,-72,0,-83,-5,-66,-20,-73,-13,-70,-15,-78,-24,-71,-23,-86,-37,-72,-30,-64,-46,-53,-26,-74,-19,-81,-20,-81,-11,-88,-31,-84,-35,-69,-47,-89,-31,-90,-47,-88,-30,-84,-61,-73,-52,-87,-39,-53,-25,-89,-29,-87,-37,-106,-23,-116,-41,-99,-27,-81,-52,-106,-64,-97,-63,-111,-56,-101,-79,-99,-49,-111,-66,0,0,0,0,0,0,-78,98,-96,108,-69,78,-98,80,-103,102,-90,55,-103,86,-83,77,-110,78,-77,65,-74,66,-84,93,-84,80,-83,103,-81,62,-78,76,-79,88,-86,74,-76,63,-96,77,-81,66,-97,59,-62,64,-62,72,-79,86,-72,86,-78,89,-80,62,-80,77,-88,78,-100,62,-84,63,-111,62,-94,47,-101,45,-73,42,-83,66,-84,61,-88,73,-107,56,-101,49,-92,15,-100,34,-106,26,-98,24,-99,0,-80,-5,-89,3,-57,3,-77,0,-78,0,-78,3,-81,-7,-74,-16,-59,-21,-54,-24,-50,-27,0,0,0,0,0,0,0,0,0,0]"""
1782318876337,2026-06-25T01:34:36.307,warning,bed_exit,yja,bed_exit_failed,t057,"CSI_DATA,810166,1a:00:00:00:00:00,-64,11,-99,18,48,11,-350865965,47,2,256,0,""[0,0,0,0,0,0,0,0,0,0,0,0,31,18,23,19,34,22,31,22,33,36,29,30,29,21,35,34,38,39,46,40,30,46,31,38,42,42,30,62,27,51,31,69,22,57,19,79,28,52,28,49,25,62,33,67,34,77,17,72,28,71,33,71,21,85,26,73,23,83,15,67,15,84,31,55,35,64,42,71,47,68,42,81,44,82,28,77,56,70,53,84,47,75,44,93,38,80,47,78,46,56,67,72,68,69,84,65,83,81,91,73,65,82,82,88,78,92,84,85,73,94,81,79,94,79,0,0,0,0,0,0,92,-86,111,-98,71,-73,101,-74,103,-108,98,-67,99,-91,77,-84,107,-87,65,-74,68,-86,75,-98,64,-106,59,-107,66,-79,60,-93,57,-101,61,-104,60,-95,62,-105,58,-88,73,-92,29,-80,31,-93,34,-117,22,-107,36,-117,35,-94,32,-104,22,-111,40,-117,32,-104,52,-113,40,-98,43,-104,14,-80,19,-108,17,-99,17,-109,29,-107,29,-101,49,-86,36,-101,44,-99,41,-91,54,-80,52,-69,48,-78,30,-54,39,-69,34,-70,30,-69,36,-67,34,-66,45,-41,43,-53,39,-34,0,0,0,0,0,0,0,0,0,0]"""
1782318876348,2026-06-25T01:34:36.318,warning,bed_exit,yja,bed_exit_failed,t057,"CSI_DATA,810167,1a:00:00:00:00:00,-64,11,-99,22,47,11,-350858255,47,2,256,0,""[0,0,0,0,0,0,0,0,0,0,0,0,33,-4,39,-5,28,-6,52,4,35,0,53,17,48,18,43,17,45,23,39,17,47,30,45,30,48,40,43,30,55,53,29,28,53,51,45,41,60,65,41,68,23,54,45,58,18,52,46,70,41,69,36,69,28,61,28,77,31,49,44,77,28,60,51,104,25,78,36,74,30,81,31,71,27,60,45,72,41,70,31,64,35,95,36,57,57,87,39,82,62,127,31,86,58,91,28,104,42,85,48,86,64,107,53,87,62,109,44,98,72,103,65,127,44,106,0,0,0,0,0,0,126,-56,92,-25,127,-52,114,-39,81,-20,127,-41,88,-30,127,-56,92,-34,127,-38,127,-31,108,-16,99,-32,93,-16,120,-33,116,-30,106,-35,93,-33,123,-32,70,-29,117,-48,84,-26,127,-49,113,-35,106,-30,101,-32,72,-20,110,-38,103,-36,97,-33,90,-22,119,-25,72,-41,118,-42,87,-25,127,-39,114,-13,106,-21,109,-6,97,-2,85,0,104,-8,100,-5,83,-10,106,14,69,-10,104,0,77,17,113,29,71,26,74,19,65,40,62,29,52,29,68,35,54,35,53,38,0,0,0,0,0,0,0,0,0,0]"""
1782318876359,2026-06-25T01:34:36.329,warning,bed_exit,yja,bed_exit_failed,t057,"CSI_DATA,810168,1a:00:00:00:00:00,-64,11,-99,19,48,11,-350850114,47,2,256,0,""[0,0,0,0,0,0,0,0,0,0,0,0,18,29,15,38,18,29,15,38,21,35,11,55,2,60,0,44,3,60,3,41,0,63,2,63,-3,61,-3,60,-10,66,-12,57,-13,62,-5,69,-16,76,-28,79,-23,66,-22,68,-30,57,-26,72,-24,71,-32,72,-29,75,-37,76,-21,64,-28,73,-27,75,-31,87,-43,76,-32,74,-38,74,-33,65,-27,69,-21,88,-22,79,-17,67,-23,74,-11,78,-14,100,-18,93,-41,127,-41,90,-19,110,-56,102,-17,89,-18,108,-11,125,-15,106,-26,114,-31,124,-9,124,-26,124,-33,127,0,0,0,0,0,0,127,38,100,21,127,38,126,45,104,28,127,34,105,21,127,27,111,22,127,42,127,50,104,42,111,28,99,32,123,18,118,15,114,8,97,10,114,19,102,2,111,4,105,0,127,6,120,11,103,8,103,10,98,3,114,-6,112,-5,107,0,97,7,118,8,94,-9,106,-16,112,3,127,0,106,29,107,19,111,27,90,25,97,16,117,2,98,10,80,10,82,24,88,18,89,13,85,34,101,51,70,43,74,37,64,50,60,38,50,33,68,42,49,31,41,31,0,0,0,0,0,0,0,0,0,0]"""
1782318876370,2026-06-25T01:34:36.340,warning,bed_exit,yja,bed_exit_failed,t057,"CSI_DATA,810169,1a:00:00:00:00:00,-64,11,-99,19,48,11,-350840143,47,2,256,0,""[0,0,0,0,0,0,0,0,0,0,0,0,17,21,32,27,19,19,25,40,26,25,32,40,27,47,22,35,34,40,13,42,26,51,26,53,14,55,23,57,23,74,17,46,24,63,21,55,24,83,23,82,22,70,23,80,8,62,18,78,21,81,15,66,15,67,23,88,24,60,33,83,25,65,41,100,23,81,36,79,27,84,37,72,31,64,51,67,41,71,40,67,48,86,63,41,76,59,55,71,88,91,61,71,83,65,65,78,82,69,81,73,106,71,92,57,104,65,83,60,114,59,123,82,101,68,0,0,0,0,0,0,68,-122,53,-92,75,-128,66,-111,36,-78,66,-128,44,-95,53,-128,37,-92,56,-128,52,-118,41,-101,35,-109,45,-102,34,-110,27,-112,16,-111,21,-97,27,-125,-3,-86,-4,-113,0,-95,4,-128,4,-119,0,-100,-5,-109,-2,-89,-13,-109,-16,-111,-18,-97,-16,-90,-8,-122,-33,-84,-33,-112,-24,-99,-41,-128,-4,-104,-30,-103,-5,-116,-17,-93,-14,-92,-32,-103,-28,-94,-18,-83,-10,-108,-27,-74,-29,-94,-10,-83,-11,-111,5,-65,-6,-81,7,-68,-3,-69,5,-59,3,-71,0,-61,6,-63,0,0,0,0,0,0,0,0,0,0]"""
1782318876381,2026-06-25T01:34:36.351,warning,bed_exit,yja,bed_exit_failed,t057,"CSI_DATA,810171,1a:00:00:00:00:00,-64,11,-99,8,48,11,-350818638,47,2,256,0,""[0,0,0,0,0,0,0,0,0,0,0,0,8,38,4,39,-13,35,-7,46,-4,31,-16,44,-25,46,-31,39,-21,38,-40,40,-35,52,-38,48,-40,40,-39,35,-53,34,-38,42,-52,44,-52,44,-79,33,-78,26,-74,25,-73,13,-60,16,-74,21,-69,12,-65,7,-68,5,-77,5,-65,13,-77,9,-87,12,-104,9,-95,-7,-82,5,-87,-18,-69,0,-78,0,-94,16,-86,0,-61,4,-77,-4,-86,18,-90,17,-99,0,-124,-4,-92,-9,-104,0,-98,-21,-95,-5,-107,-17,-128,-5,-103,-5,-118,-14,-116,-12,-122,-12,-124,-25,-125,-27,0,0,0,0,0,0,-33,127,-30,105,-53,127,-39,121,-40,87,-53,126,-35,100,-56,126,-39,109,-57,127,-68,122,-46,92,-47,95,-55,85,-55,108,-56,98,-59,100,-51,91,-56,105,-31,86,-46,105,-34,95,-57,113,-72,107,-56,86,-52,92,-52,82,-60,107,-56,96,-57,92,-51,81,-60,91,-47,77,-60,105,-59,86,-95,107,-95,82,-77,72,-91,66,-73,57,-72,51,-78,74,-81,51,-68,43,-83,33,-61,47,-73,52,-83,38,-105,35,-78,14,-74,17,-77,3,-59,5,-66,3,-73,3,-57,-5,-53,-7,0,0,0,0,0,0,0,0,0,0]"""
1782318876392,2026-06-25T01:34:36.362,warning,bed_exit,yja,bed_exit_failed,t057,"CSI_DATA,810172,1a:00:00:00:00:00,-64,11,-99,20,48,11,-350807361,47,2,256,0,""[0,0,0,0,0,0,0,0,0,0,0,0,-21,-24,-23,-28,-20,-36,-19,-34,-15,-42,-11,-39,-17,-35,-13,-44,-14,-53,-6,-56,0,-54,-4,-54,2,-62,0,-65,12,-72,-4,-63,-3,-61,5,-66,12,-72,21,-67,27,-66,9,-79,18,-70,24,-73,26,-75,23,-70,23,-73,23,-79,19,-80,8,-77,14,-73,18,-70,15,-76,18,-82,19,-83,7,-82,15,-79,13,-78,8,-89,16,-96,18,-91,-4,-86,0,-81,8,-97,-4,-90,4,-92,-8,-103,2,-101,-16,-117,-9,-115,-8,-111,-12,-112,-13,-112,-17,-111,-6,-120,-9,-126,-17,-128,0,0,0,0,0,0,-128,10,-128,3,-123,4,-126,8,-128,10,-125,10,-122,16,-118,16,-128,5,-110,14,-110,19,-114,5,-125,32,-119,15,-110,12,-109,13,-106,23,-109,21,-114,24,-97,44,-89,32,-106,31,-97,42,-95,38,-107,26,-111,54,-101,35,-102,38,-102,40,-96,42,-105,45,-113,39,-106,57,-96,50,-102,48,-93,49,-94,45,-102,46,-106,35,-101,48,-94,28,-88,26,-98,28,-94,24,-103,15,-88,30,-83,27,-89,8,-78,15,-76,6,-77,8,-73,-4,-76,6,-73,0,-61,-5,-60,-13,-59,-10,0,0,0,0,0,0,0,0,0,0]"""
1782318876403,2026-06-25T01:34:36.373,warning,bed_exit,yja,bed_exit_failed,t057,"CSI_DATA,810173,1a:00:00:00:00:00,-64,11,-99,20,48,11,-350794558,47,2,256,0,""[0,0,0,0,0,0,0,0,0,0,0,0,33,18,27,18,38,21,34,23,39,29,27,33,26,30,28,37,20,35,46,48,28,46,26,45,26,53,34,57,28,44,34,69,27,57,30,69,20,64,18,54,19,73,23,64,27,79,23,75,16,66,11,80,17,77,19,63,24,81,20,71,23,83,21,70,39,80,29,77,30,73,27,77,29,88,30,88,27,86,39,81,50,64,39,94,38,80,57,70,38,73,69,92,46,88,70,79,63,83,59,87,63,91,56,99,66,93,79,110,74,94,62,90,83,92,0,0,0,0,0,0,87,-74,99,-97,83,-73,88,-86,109,-98,79,-81,105,-95,75,-79,91,-95,88,-68,83,-83,82,-96,77,-77,81,-95,73,-76,78,-75,76,-86,60,-88,45,-81,69,-99,58,-87,54,-108,49,-89,49,-98,52,-109,51,-87,55,-105,44,-102,50,-92,53,-99,53,-106,29,-91,56,-113,35,-99,38,-103,38,-81,36,-120,47,-98,38,-100,46,-89,58,-96,49,-87,66,-85,59,-88,44,-82,64,-83,55,-60,43,-98,33,-50,52,-71,39,-71,48,-71,37,-53,61,-35,50,-47,32,-18,27,-30,0,0,0,0,0,0,0,0,0,0]"""
1782318876414,2026-06-25T01:34:36.384,warning,bed_exit,yja,bed_exit_failed,t057,"CSI_DATA,810174,1a:00:00:00:00:00,-64,11,-99,21,47,11,-350785638,47,2,256,0,""[0,0,0,0,0,0,0,0,0,0,0,0,-19,39,100,36,44,-59,116,-52,127,9,96,15,-7,-22,-42,-42,56,15,41,-19,120,52,77,-45,71,-35,27,34,87,-27,42,29,46,27,36,7,59,20,100,24,66,34,69,20,64,23,83,16,76,12,71,12,65,12,69,19,67,4,82,10,81,13,94,21,81,22,86,12,77,22,77,5,81,7,94,-16,81,-6,80,-11,88,0,74,-30,93,-36,92,-25,121,-33,101,-14,93,-40,108,-23,91,-24,104,-42,111,-65,84,-55,94,-50,114,-63,101,-74,98,-63,120,-64,0,0,0,0,0,0,-71,-101,-72,-101,-86,-118,-76,-102,-61,-73,-80,-92,-77,-84,-91,-96,-82,-78,-92,-96,-98,-96,-76,-84,-86,-69,-72,-78,-109,-64,-101,-53,-82,-53,-78,-45,-96,-60,-88,-29,-108,-27,-102,-39,-122,-49,-103,-46,-97,-35,-100,-37,-94,-23,-111,-6,-106,-11,-98,-7,-97,-7,-110,-15,-97,3,-108,10,-117,0,-128,-6,-102,-26,-99,-3,-109,-31,-86,-7,-98,-5,-113,14,-100,0,-76,10,-82,-5,-87,4,-92,5,-91,-11,-103,-16,-78,-24,-81,-19,-74,-23,-60,-17,-61,-19,-67,-21,-64,-12,-55,-21,0,0,0,0,0,0,0,0,0,0]"""
1782318876425,2026-06-25T01:34:36.395,warning,bed_exit,yja,bed_exit_failed,t057,"CSI_DATA,810175,1a:00:00:00:00:00,-64,11,-99,18,48,11,-350773809,47,2,256,0,""[0,0,0,0,0,0,0,0,0,0,0,0,0,33,0,38,-2,40,-10,45,0,38,-20,44,-19,42,-12,44,-15,46,-21,39,-25,53,-21,48,-29,52,-28,54,-33,58,-28,47,-38,62,-26,56,-51,71,-53,58,-48,51,-39,62,-44,47,-45,68,-46,66,-43,59,-39,60,-40,65,-36,65,-39,70,-33,69,-46,88,-42,75,-34,77,-40,73,-31,71,-27,65,-19,86,-23,85,-18,73,-23,92,-9,70,-3,94,0,100,-8,119,-9,97,-2,99,-8,107,7,101,2,107,19,122,15,101,16,114,7,112,25,121,22,124,26,125,0,0,0,0,0,0,122,-34,106,-39,127,-44,122,-43,93,-23,120,-53,101,-44,127,-62,90,-52,127,-54,114,-47,101,-53,94,-48,92,-51,96,-74,86,-61,83,-67,78,-65,85,-73,64,-61,77,-85,58,-80,79,-98,72,-85,66,-86,69,-86,55,-73,60,-101,56,-93,57,-91,49,-84,48,-101,39,-91,43,-114,31,-105,55,-125,56,-98,40,-105,49,-104,38,-83,40,-80,32,-98,45,-96,36,-81,35,-88,29,-79,29,-91,29,-73,56,-88,42,-68,41,-60,42,-52,35,-54,44,-52,38,-58,35,-48,38,-40,0,0,0,0,0,0,0,0,0,0]"""
1782318876436,2026-06-25T01:34:36.406,warning,bed_exit,yja,bed_exit_failed,t057,"CSI_DATA,810176,1a:00:00:00:00:00,-64,11,-99,22,47,11,-350758738,47,2,256,0,""[0,0,0,0,0,0,0,0,0,0,0,0,-28,-12,-40,-25,-22,-15,-41,-28,-33,-23,-36,-31,-32,-38,-22,-34,-32,-41,-18,-42,-29,-41,-25,-52,-25,-58,-28,-55,-36,-72,-26,-31,-31,-67,-30,-51,-42,-85,-27,-78,-14,-69,-30,-71,-3,-54,-23,-80,-19,-80,-19,-73,-13,-66,-15,-80,-28,-56,-33,-85,-21,-58,-39,-106,-21,-82,-29,-77,-20,-82,-26,-70,-18,-60,-45,-78,-38,-72,-36,-68,-43,-88,-41,-49,-68,-81,-47,-71,-73,-112,-38,-78,-60,-81,-43,-86,-57,-75,-59,-84,-92,-96,-74,-79,-90,-93,-60,-86,-97,-83,-95,-113,-78,-90,0,0,0,0,0,0,-92,99,-71,71,-121,118,-90,81,-62,51,-94,101,-62,78,-91,111,-58,74,-107,106,-83,98,-83,72,-64,87,-61,65,-82,94,-65,85,-64,84,-58,83,-77,103,-26,74,-51,106,-43,88,-71,125,-55,108,-49,92,-46,101,-39,70,-40,103,-35,99,-41,98,-41,91,-49,111,-7,86,-19,118,-29,94,-53,127,-49,105,-36,105,-51,99,-38,88,-43,77,-29,109,-39,95,-40,79,-52,84,-19,70,-36,98,-41,66,-65,97,-49,56,-43,67,-56,47,-40,56,-44,41,-53,58,-41,42,-46,38,0,0,0,0,0,0,0,0,0,0]"""
1782318876447,2026-06-25T01:34:36.417,warning,bed_exit,yja,bed_exit_failed,t057,"CSI_DATA,810177,1a:00:00:00:00:00,-64,11,-99,18,48,11,-350748892,47,2,256,0,""[0,0,0,0,0,0,0,0,0,0,0,0,26,-20,34,-15,21,-8,44,-12,32,-16,52,-16,49,-14,43,-10,53,-7,42,6,56,-2,58,0,57,7,61,9,79,15,48,4,70,10,56,7,78,23,79,21,56,21,78,33,51,30,71,30,75,39,66,34,60,33,77,42,59,25,78,40,67,26,94,34,71,53,79,32,77,44,70,34,66,18,81,16,79,31,65,30,83,42,79,7,101,6,92,35,125,35,78,40,103,12,98,32,98,27,104,29,125,18,107,12,119,18,107,18,119,20,127,35,117,30,0,0,0,0,0,0,35,-128,34,-101,45,-128,35,-121,21,-87,34,-128,28,-96,41,-128,18,-97,45,-128,36,-120,30,-98,23,-119,42,-88,30,-118,19,-121,31,-107,25,-105,29,-123,3,-88,5,-120,6,-98,16,-128,16,-107,10,-98,9,-111,7,-83,8,-109,9,-106,10,-99,5,-91,17,-119,-7,-78,-3,-110,7,-101,8,-128,21,-103,12,-109,26,-106,14,-95,15,-88,6,-107,26,-95,22,-78,31,-91,12,-75,20,-94,31,-74,48,-100,35,-60,34,-67,48,-56,35,-59,40,-45,43,-51,40,-47,39,-44,0,0,0,0,0,0,0,0,0,0]"""
1782318876458,2026-06-25T01:34:36.428,warning,bed_exit,yja,bed_exit_failed,t057,"CSI_DATA,810178,1a:00:00:00:00:00,-64,11,-99,19,48,11,-350741498,47,2,256,0,""[0,0,0,0,0,0,0,0,0,0,0,0,-13,-27,-12,-44,-9,-24,-6,-51,0,-24,4,-60,8,-55,10,-42,6,-43,23,-34,23,-57,27,-53,32,-49,38,-47,51,-52,22,-36,49,-55,41,-44,75,-64,65,-42,54,-26,64,-35,53,-22,71,-37,72,-29,71,-29,67,-21,84,-30,50,-25,83,-32,61,-25,103,-37,93,-15,75,-17,87,-13,70,-22,57,-18,82,-32,78,-23,76,-13,88,-16,64,-33,94,-43,78,-11,127,-32,93,-13,111,-35,104,-4,90,-15,93,-3,127,-21,102,-25,119,-21,114,-6,123,-18,127,-2,114,9,0,0,0,0,0,0,18,-128,16,-98,21,-128,16,-111,25,-87,21,-128,16,-88,32,-128,11,-93,40,-128,35,-125,37,-89,25,-103,38,-79,34,-119,30,-105,38,-108,29,-97,49,-117,14,-76,29,-124,22,-85,46,-128,43,-114,36,-88,37,-93,30,-72,40,-114,41,-105,37,-97,36,-83,56,-108,26,-74,47,-109,38,-84,80,-128,76,-86,69,-87,82,-73,55,-65,52,-59,68,-84,74,-68,64,-47,83,-57,45,-53,78,-69,60,-32,111,-46,71,-27,75,-24,74,-11,59,-8,59,-6,70,-12,59,-4,62,2,0,0,0,0,0,0,0,0,0,0]"""
1782318876469,2026-06-25T01:34:36.439,warning,bed_exit,yja,bed_exit_failed,t057,"CSI_DATA,810179,1a:00:00:00:00:00,-63,11,-99,14,49,11,-350730575,47,2,256,0,""[0,0,0,0,0,0,0,0,0,0,0,0,28,10,42,19,29,14,38,28,28,15,47,32,41,33,42,27,38,27,34,29,52,34,51,33,52,31,44,35,53,46,41,39,60,55,49,40,61,60,46,48,40,42,42,41,45,46,66,51,66,46,66,49,60,41,64,48,49,46,72,51,58,40,88,57,72,48,67,34,67,39,72,38,65,27,86,21,82,22,68,17,92,21,74,18,113,14,78,2,125,13,109,13,107,4,109,2,94,-4,92,-12,118,-27,104,-25,119,-21,116,-18,112,-36,127,-39,117,-25,0,0,0,0,0,0,-46,-128,-36,-96,-61,-128,-39,-107,-40,-82,-60,-128,-40,-88,-65,-119,-53,-78,-78,-128,-71,-109,-68,-86,-69,-94,-60,-75,-97,-85,-92,-71,-87,-60,-85,-60,-86,-66,-79,-58,-105,-62,-83,-44,-121,-65,-101,-53,-98,-32,-83,-39,-88,-28,-105,-18,-106,-15,-104,-15,-97,-19,-113,-19,-87,-12,-112,-15,-94,-6,-128,-18,-105,-26,-105,-12,-103,-17,-90,-19,-92,-6,-109,2,-97,0,-81,2,-94,-4,-79,-8,-100,-10,-79,-8,-105,-8,-78,-15,-74,-8,-68,-15,-61,-15,-61,-8,-67,-13,-61,-9,-57,-8,0,0,0,0,0,0,0,0,0,0]"""
1782318876480,2026-06-25T01:34:36.450,warning,bed_exit,yja,bed_exit_failed,t057,"CSI_DATA,810180,1a:00:00:00:00:00,-64,11,-99,19,48,11,-350719638,47,2,256,0,""[0,0,0,0,0,0,0,0,0,0,0,0,25,-26,23,-22,33,-25,33,-26,42,-21,30,-18,37,-28,44,-26,49,-18,62,-14,49,-9,52,0,60,-2,73,0,61,0,76,-2,59,-4,71,9,53,13,78,4,81,2,80,8,81,7,70,22,74,30,70,28,76,32,67,14,99,28,72,19,78,18,63,22,79,7,80,12,83,16,79,16,89,28,73,25,92,32,101,22,91,11,102,22,83,18,102,6,68,12,100,6,91,10,103,-6,120,9,119,13,101,22,109,28,106,13,127,8,121,28,113,11,125,16,0,0,0,0,0,0,21,-126,28,-128,23,-93,16,-117,27,-128,26,-97,24,-128,21,-109,25,-128,25,-98,12,-101,16,-113,6,-119,17,-128,22,-100,27,-97,22,-108,26,-113,13,-97,13,-125,0,-93,8,-112,3,-89,-9,-97,4,-116,-7,-114,0,-123,19,-108,15,-112,10,-111,9,-117,0,-99,8,-128,10,-100,0,-110,12,-82,-3,-106,10,-108,3,-106,6,-105,26,-105,34,-87,42,-98,37,-100,29,-92,33,-95,28,-73,29,-89,24,-56,29,-73,37,-67,29,-69,41,-70,45,-55,48,-42,49,-36,46,-34,0,0,0,0,0,0,0,0,0,0]"""
1782318876491,2026-06-25T01:34:36.461,warning,bed_exit,yja,bed_exit_failed,t057,"CSI_DATA,810181,1a:00:00:00:00:00,-64,11,-99,23,47,11,-350708551,47,2,256,0,""[0,0,0,0,0,0,0,0,0,0,0,0,24,-23,32,-14,33,-18,42,-14,43,-17,38,-21,41,-15,43,-16,49,-27,54,-15,49,-10,57,-16,57,-12,62,-7,70,-11,67,-15,64,-12,72,4,62,-7,71,-19,70,-18,85,-15,66,-5,80,3,82,-12,76,-5,78,-4,85,-4,87,-21,71,-15,78,-7,70,-21,75,-18,76,-33,74,-30,78,-30,76,-32,82,-22,80,-40,86,-41,86,-33,75,-53,78,-44,84,-54,72,-61,67,-56,66,-70,66,-71,76,-81,78,-81,80,-83,74,-86,75,-81,71,-93,88,-87,80,-101,72,-104,0,0,0,0,0,0,-110,-74,-103,-85,-99,-69,-98,-74,-100,-70,-92,-75,-106,-67,-103,-61,-103,-73,-98,-50,-104,-40,-98,-46,-116,-26,-116,-45,-104,-51,-100,-33,-105,-32,-108,-30,-109,-30,-104,-4,-100,-2,-106,-21,-104,12,-105,-4,-107,0,-113,17,-106,3,-114,0,-111,15,-100,15,-108,15,-107,7,-108,28,-108,19,-109,8,-101,27,-106,22,-107,29,-104,26,-99,33,-102,27,-103,13,-100,24,-91,16,-90,10,-85,19,-82,10,-92,7,-69,15,-68,5,-80,11,-70,9,-71,11,-73,2,-65,-7,-59,0,-60,-11,0,0,0,0,0,0,0,0,0,0]"""
1782318876502,2026-06-25T01:34:36.472,warning,bed_exit,yja,bed_exit_failed,t057,"CSI_DATA,810182,1a:00:00:00:00:00,-64,11,-99,21,48,11,-350696729,47,2,256,0,""[0,0,0,0,0,0,0,0,0,0,0,0,11,-45,-6,-31,13,-30,26,-45,23,-38,24,-49,29,-40,43,-36,26,-51,16,-41,48,-28,28,-43,33,-44,50,-47,58,-36,43,-40,51,-43,55,-22,61,-41,54,-37,60,-21,63,-38,57,-26,71,-17,68,-31,67,-33,74,-27,92,-16,58,-23,71,-24,71,-14,87,-30,73,-19,70,-30,73,-26,87,-36,68,-30,83,-23,80,-37,75,-22,95,-21,66,-36,98,-35,86,-16,105,-50,82,-35,90,-51,97,-46,88,-47,92,-40,98,-51,105,-52,119,-45,98,-43,109,-38,122,-50,111,-33,0,0,0,0,0,0,-32,-128,-18,-105,-26,-128,-19,-126,-32,-103,-16,-128,-14,-102,-26,-128,-4,-100,-28,-127,-26,-116,-21,-112,-42,-122,-20,-89,-21,-114,-39,-108,-23,-103,-20,-100,-19,-126,-33,-89,-35,-109,-8,-93,-41,-110,-38,-106,-30,-91,-45,-103,-35,-90,-27,-103,-42,-94,-44,-98,-35,-106,-25,-125,-34,-75,-30,-114,-12,-94,-31,-117,-10,-100,-38,-101,-18,-105,-24,-109,-17,-80,-11,-101,-18,-88,-2,-86,4,-100,-1,-79,5,-99,27,-75,16,-88,21,-71,10,-74,20,-70,17,-69,16,-51,32,-59,25,-58,31,-57,0,0,0,0,0,0,0,0,0,0]"""
1782318876513,2026-06-25T01:34:36.483,warning,bed_exit,yja,bed_exit_failed,t057,"CSI_DATA,810183,1a:00:00:00:00:00,-64,11,-99,18,48,11,-350682439,47,2,256,0,""[0,0,0,0,0,0,0,0,0,0,0,0,31,30,21,38,-4,45,8,-69,25,-8,9,90,13,-5,27,-82,85,46,80,-12,59,-28,42,-8,64,-34,52,-26,52,-14,95,-40,46,-54,43,-51,75,-68,42,-54,43,-70,54,-53,55,-66,52,-57,49,-46,45,-55,46,-55,32,-59,45,-64,39,-54,39,-78,40,-64,41,-79,27,-68,30,-77,28,-74,26,-91,18,-91,27,-80,17,-80,0,-68,14,-101,0,-90,-4,-90,4,-91,-20,-111,-10,-103,-21,-99,-17,-96,-15,-108,-22,-104,-15,-96,-28,-96,-40,-127,-28,-112,-33,-103,-43,-116,0,0,0,0,0,0,-98,48,-112,67,-96,58,-99,81,-106,74,-85,71,-108,81,-80,62,-96,87,-85,80,-91,80,-75,97,-67,74,-70,95,-64,94,-61,77,-59,87,-49,84,-34,82,-51,109,-34,96,-29,110,-30,94,-23,110,-15,113,-16,92,-12,113,-10,107,-13,105,0,109,-4,99,10,92,0,122,3,100,19,110,6,100,15,118,9,100,20,105,12,93,12,106,15,105,3,95,9,92,18,74,7,100,5,80,17,87,8,70,17,84,6,79,10,71,-6,68,5,65,4,71,0,61,0,54,0,0,0,0,0,0,0,0,0,0]"""
1782318876524,2026-06-25T01:34:36.494,warning,bed_exit,yja,bed_exit_failed,t057,"CSI_DATA,810184,1a:00:00:00:00:00,-64,11,-99,19,48,11,-350675639,47,2,256,0,""[0,0,0,0,0,0,0,0,0,0,0,0,23,-27,23,-26,35,-23,34,-18,33,-19,38,-17,29,-23,51,-25,37,-21,56,-22,50,-18,56,-13,49,-15,60,-5,53,-12,80,-9,64,-11,72,-6,56,3,66,-12,84,-15,70,5,85,-10,70,2,68,12,73,4,75,0,73,-3,89,5,76,8,85,-2,62,6,79,0,85,0,75,-5,89,-15,97,0,86,-5,93,0,94,-19,81,-21,102,-6,88,-9,85,-27,67,-19,95,-44,95,-28,90,-52,103,-37,102,-33,98,-14,109,-29,106,-38,113,-45,120,-30,110,-36,107,-59,0,0,0,0,0,0,-44,-108,-49,-125,-33,-105,-63,-108,-62,-128,-47,-99,-50,-126,-47,-93,-56,-120,-41,-101,-48,-92,-74,-102,-60,-93,-73,-105,-51,-92,-50,-90,-53,-100,-56,-101,-52,-82,-75,-99,-61,-79,-74,-89,-54,-68,-59,-75,-84,-83,-72,-73,-85,-84,-69,-76,-71,-79,-85,-72,-85,-81,-82,-59,-85,-93,-74,-78,-83,-64,-57,-60,-91,-67,-75,-73,-87,-61,-83,-73,-74,-75,-54,-80,-53,-90,-57,-84,-63,-71,-54,-82,-45,-65,-52,-66,-38,-54,-50,-66,-36,-63,-45,-63,-28,-72,-32,-67,-18,-60,-8,-55,-12,-54,0,0,0,0,0,0,0,0,0,0]"""
1782318876535,2026-06-25T01:34:36.505,warning,bed_exit,yja,bed_exit_failed,t057,"CSI_DATA,810186,1a:00:00:00:00:00,-63,11,-99,14,48,11,-350652519,47,2,256,0,""[0,0,0,0,0,0,0,0,0,0,0,0,11,-32,15,-32,9,-35,13,-37,24,-36,22,-29,22,-35,32,-30,26,-48,39,-31,47,-29,43,-32,46,-36,47,-31,59,-41,44,-32,52,-36,55,-24,53,-39,61,-24,73,-21,61,-48,74,-30,79,-30,77,-24,65,-26,70,-21,75,-22,77,-31,74,-35,68,-18,70,-30,69,-32,64,-36,75,-36,75,-42,76,-31,74,-26,76,-39,79,-43,76,-43,66,-52,77,-42,81,-51,70,-50,66,-55,69,-52,81,-65,84,-70,80,-72,81,-66,86,-72,86,-69,81,-68,93,-82,92,-87,97,-77,0,0,0,0,0,0,-86,-95,-84,-106,-80,-92,-76,-103,-76,-88,-64,-81,-87,-86,-86,-106,-64,-88,-88,-75,-102,-72,-47,-80,-94,-83,-86,-68,-93,-90,-116,-101,-66,-30,-91,-41,-99,-26,-128,-25,-105,-90,-42,-21,-98,-84,-72,-115,-128,-13,-128,-30,-128,-114,-84,-110,-55,0,-44,-110,-79,-70,-51,-121,-17,-25,-120,-22,-13,-29,-65,-102,-75,-110,-128,0,-121,-81,-128,-51,-46,-68,-101,-19,-33,-95,-39,-91,-18,-69,-31,-9,-48,-25,-51,-76,-47,-61,-47,-76,-43,-17,-59,-40,-31,-53,-55,-65,-15,-53,-40,-51,-22,-51,0,0,0,0,0,0,0,0,0,0]"""
1782318876546,2026-06-25T01:34:36.516,warning,bed_exit,yja,bed_exit_failed,t057,"CSI_DATA,810187,1a:00:00:00:00:00,-64,11,-99,18,48,11,-350641562,47,2,256,0,""[0,0,0,0,0,0,0,0,0,0,0,0,-14,27,-19,38,-15,26,-21,36,-16,26,-35,41,-38,35,-32,31,-36,30,-31,23,-47,32,-53,36,-49,25,-48,28,-60,32,-49,18,-67,25,-54,16,-82,22,-70,18,-53,22,-64,17,-57,5,-71,18,-71,14,-74,17,-65,13,-80,14,-56,10,-78,14,-65,12,-94,13,-80,10,-72,10,-75,13,-70,7,-64,20,-82,33,-75,22,-68,17,-83,15,-60,22,-96,40,-72,26,-119,41,-95,25,-94,33,-101,28,-81,29,-77,35,-105,54,-97,45,-111,54,-105,31,-100,47,-128,46,-113,36,0,0,0,0,0,0,43,113,26,86,51,127,30,106,29,80,46,127,32,81,44,127,36,92,46,127,44,120,35,100,35,96,36,87,55,110,53,100,47,95,43,83,42,108,43,77,59,107,45,78,65,117,49,98,51,88,46,86,45,72,65,88,68,86,61,88,54,78,60,99,49,68,72,94,53,81,68,119,42,100,49,92,39,95,32,88,34,73,51,96,45,88,32,67,26,93,27,65,33,98,14,77,15,106,2,78,9,75,-6,71,0,62,0,57,0,72,0,54,-4,60,0,0,0,0,0,0,0,0,0,0]"""
1782318876557,2026-06-25T01:34:36.527,warning,bed_exit,yja,bed_exit_failed,t057,"CSI_DATA,810188,1a:00:00:00:00:00,-64,11,-99,12,49,11,-350631601,47,2,256,0,""[0,0,0,0,0,0,0,0,0,0,0,0,49,33,-66,-35,14,48,-92,30,-9,98,-10,-20,94,55,-51,-11,-64,-7,41,0,-20,78,-48,11,-19,12,-33,59,-69,14,-36,28,-59,65,-25,30,-73,27,-64,30,-66,63,-62,24,-51,30,-69,40,-65,21,-58,19,-63,23,-55,23,-75,30,-57,23,-78,26,-72,31,-76,27,-74,42,-76,34,-63,25,-81,31,-83,25,-81,30,-64,30,-59,45,-90,31,-80,26,-85,43,-90,35,-96,49,-93,37,-87,41,-94,41,-100,42,-104,45,-90,23,-85,37,-118,42,-106,42,-97,35,-125,45,0,0,0,0,0,0,41,106,47,125,38,118,41,125,27,113,30,102,31,125,28,107,32,120,21,113,24,113,33,109,16,94,27,114,26,111,20,99,24,111,19,102,28,87,25,112,24,89,38,106,32,100,30,111,44,107,28,88,31,102,38,106,24,103,32,100,32,96,27,80,23,112,21,94,24,99,16,104,25,118,9,98,17,104,6,93,3,106,4,107,-10,98,-7,87,-3,75,-12,94,-17,76,-11,88,-19,73,-21,81,-24,68,-23,67,-27,54,-27,61,-37,59,-33,41,-33,41,0,0,0,0,0,0,0,0,0,0]"""
1782318876568,2026-06-25T01:34:36.538,warning,bed_exit,yja,bed_exit_failed,t057,"CSI_DATA,810189,1a:00:00:00:00:00,-64,11,-99,19,48,11,-350620153,47,2,256,0,""[0,0,0,0,0,0,0,0,0,0,0,0,16,29,9,36,7,26,12,47,9,31,4,59,0,49,0,43,-5,49,-9,36,-11,59,-14,53,-17,55,-17,49,-31,62,-23,47,-30,67,-29,61,-45,71,-55,56,-49,46,-44,46,-40,44,-56,56,-51,43,-52,47,-56,48,-65,54,-33,38,-55,53,-50,47,-74,63,-65,43,-54,47,-66,43,-59,40,-52,42,-56,62,-56,52,-50,41,-73,49,-43,53,-73,80,-59,48,-102,81,-76,57,-73,68,-87,57,-67,56,-73,55,-83,94,-75,78,-93,75,-88,72,-76,79,-100,75,-92,67,0,0,0,0,0,0,68,95,42,78,85,127,62,108,44,71,69,122,48,80,67,118,49,79,63,127,61,114,43,94,48,97,36,82,56,103,55,92,56,94,48,84,55,106,43,68,65,94,47,75,65,113,51,100,48,89,48,85,44,72,59,91,61,86,56,95,44,85,54,109,40,70,57,94,48,85,49,127,25,105,34,97,22,100,19,92,19,83,34,94,25,95,15,79,3,93,11,70,14,99,-2,79,-6,110,-15,74,-8,78,-21,68,-16,60,-15,50,-25,72,-21,55,-22,48,0,0,0,0,0,0,0,0,0,0]"""
1782318876579,2026-06-25T01:34:36.549,warning,bed_exit,yja,bed_exit_failed,t057,"CSI_DATA,810190,1a:00:00:00:00:00,-64,11,-99,19,48,11,-350609135,47,2,256,0,""[0,0,0,0,0,0,0,0,0,0,0,0,-28,-17,-26,-23,-23,-23,-31,-32,-19,-21,-27,-46,-25,-47,-14,-36,-9,-44,-15,-43,-18,-53,-8,-59,-19,-60,-9,-50,-7,-61,3,-55,3,-68,2,-63,11,-84,19,-72,7,-50,17,-59,19,-61,18,-74,19,-76,25,-69,26,-64,34,-72,22,-57,35,-74,31,-59,45,-85,44,-73,33,-68,32,-66,44,-53,35,-68,36,-81,30,-76,29,-64,38,-78,31,-65,48,-87,41,-78,57,-107,63,-91,50,-91,63,-82,40,-76,36,-88,48,-108,44,-92,54,-101,63,-102,56,-105,70,-107,62,-89,0,0,0,0,0,0,-99,-76,-80,-59,-117,-92,-85,-82,-65,-62,-98,-92,-72,-72,-95,-89,-76,-73,-92,-103,-79,-98,-71,-82,-66,-80,-66,-71,-85,-85,-83,-68,-81,-68,-73,-67,-74,-78,-59,-73,-80,-84,-67,-67,-87,-94,-76,-80,-70,-65,-60,-68,-60,-65,-89,-74,-86,-68,-72,-74,-62,-70,-67,-79,-52,-69,-78,-91,-59,-75,-72,-116,-53,-102,-52,-87,-51,-99,-38,-83,-34,-85,-49,-92,-34,-86,-30,-76,-29,-87,-21,-78,-17,-91,-8,-72,-4,-108,0,-86,0,-75,11,-65,16,-56,10,-56,11,-65,14,-54,16,-50,0,0,0,0,0,0,0,0,0,0]"""
1782318876590,2026-06-25T01:34:36.560,warning,bed_exit,yja,bed_exit_failed,t057,"CSI_DATA,810191,1a:00:00:00:00:00,-64,11,-99,21,48,11,-350598639,47,2,256,0,""[0,0,0,0,0,0,0,0,0,0,0,0,20,-28,24,-26,23,-30,23,-30,33,-21,28,-34,33,-28,31,-25,40,-34,34,-23,49,-15,51,-26,44,-33,51,-25,63,-18,60,-22,67,-17,61,-11,62,-19,71,-26,63,-23,75,-23,62,-17,61,-9,74,-15,71,-13,82,0,88,5,65,-1,62,-2,82,-6,63,-21,68,-9,74,-45,77,-30,101,-29,66,-33,83,-4,86,-44,88,-18,67,-20,72,-41,82,-31,86,-6,102,-54,85,-45,59,-57,84,-63,85,-74,66,-43,92,-44,88,-61,92,-61,89,-52,123,-51,109,-61,87,-78,0,0,0,0,0,0,-50,-110,-35,-107,-50,-105,-50,-113,-59,-101,-48,-122,-46,-98,-51,-109,-39,-98,-59,-99,-57,-88,-56,-91,-80,-90,-63,-80,-46,-92,-60,-90,-75,-76,-65,-88,-69,-91,-68,-70,-69,-77,-63,-87,-77,-66,-80,-57,-72,-59,-98,-62,-81,-62,-69,-68,-84,-69,-86,-64,-80,-76,-82,-82,-73,-61,-78,-69,-70,-78,-86,-61,-77,-58,-88,-49,-84,-56,-87,-69,-68,-64,-58,-75,-72,-66,-60,-67,-60,-81,-56,-66,-53,-70,-37,-71,-53,-67,-39,-61,-45,-58,-38,-53,-43,-62,-26,-56,-19,-62,-20,-60,-18,-60,0,0,0,0,0,0,0,0,0,0]"""
1782318876601,2026-06-25T01:34:36.571,warning,bed_exit,yja,bed_exit_failed,t057,"CSI_DATA,810192,1a:00:00:00:00:00,-64,11,-99,10,49,11,-350586246,47,2,256,0,""[0,0,0,0,0,0,0,0,0,0,0,0,-14,31,-14,26,-14,41,-18,26,-28,47,-21,35,-28,30,-26,48,-35,32,-40,37,-40,20,-50,18,-53,30,-64,20,-59,26,-65,19,-58,9,-68,26,-46,10,-72,14,-80,17,-74,10,-75,0,-72,-7,-75,-11,-72,-6,-73,-11,-57,0,-92,-25,-72,-10,-68,-11,-58,-17,-76,-4,-74,-19,-77,-8,-72,-18,-79,-25,-68,-30,-79,-31,-91,-35,-82,-15,-79,-36,-66,-30,-91,-13,-61,-15,-92,-17,-75,-29,-98,-11,-105,-29,-104,-30,-92,-40,-88,-51,-83,-36,-110,-39,-94,-52,-102,-46,-113,-55,0,0,0,0,0,0,-59,94,-72,123,-50,79,-59,95,-77,114,-59,79,-90,113,-61,84,-84,90,-69,65,-57,77,-70,90,-70,81,-77,104,-63,70,-64,69,-74,72,-74,76,-61,65,-82,84,-58,72,-81,84,-66,61,-61,73,-70,94,-66,70,-81,87,-68,69,-80,66,-70,66,-82,68,-65,63,-101,73,-76,58,-87,66,-69,46,-75,68,-82,52,-83,58,-86,51,-103,43,-87,21,-99,26,-94,26,-79,25,-99,6,-80,0,-83,19,-61,0,-82,0,-72,-7,-69,0,-68,-11,-73,-18,-53,-26,-55,-24,-50,-24,0,0,0,0,0,0,0,0,0,0]"""
1782318876612,2026-06-25T01:34:36.582,warning,bed_exit,yja,bed_exit_failed,t057,"CSI_DATA,810193,1a:00:00:00:00:00,-64,11,-99,20,48,11,-350576639,47,2,256,0,""[0,0,0,0,0,0,0,0,0,0,0,0,21,-26,25,-26,23,-31,25,-26,26,-33,32,-25,40,-24,36,-9,43,-26,47,-19,49,-24,54,-22,50,-27,52,-29,60,-27,53,-31,59,-29,65,-29,57,-28,60,-20,61,0,68,-32,76,-11,66,-26,74,-25,70,-21,71,-26,73,-22,54,-39,60,-44,73,-32,65,-43,60,-32,64,-36,73,-36,69,-49,67,-40,55,-52,54,-50,53,-64,64,-57,45,-73,47,-77,52,-83,58,-77,55,-62,56,-70,68,-70,43,-95,54,-98,33,-96,35,-102,46,-105,43,-106,8,-118,40,-105,39,-110,0,0,0,0,0,0,-128,-32,-113,-26,-106,-19,-120,-29,-117,-20,-117,-25,-114,0,-122,0,-111,-5,-113,-14,-117,-8,-101,-26,-109,10,-107,-10,-100,9,-110,6,-105,17,-97,28,-110,9,-96,42,-95,49,-99,39,-92,43,-93,39,-92,32,-92,57,-96,40,-79,54,-86,54,-83,57,-86,56,-97,58,-64,83,-63,78,-85,70,-83,75,-75,58,-77,66,-90,58,-82,67,-80,61,-67,69,-67,60,-68,64,-74,56,-57,66,-58,60,-68,56,-63,44,-56,33,-64,44,-66,31,-62,44,-60,23,-51,36,-55,26,-52,21,0,0,0,0,0,0,0,0,0,0]"""
1782318876623,2026-06-25T01:34:36.593,warning,bed_exit,yja,bed_exit_failed,t057,"CSI_DATA,810194,1a:00:00:00:00:00,-64,11,-99,20,48,11,-350554356,47,2,256,0,""[0,0,0,0,0,0,0,0,0,0,0,0,2,-30,7,-27,6,-49,5,-32,16,-42,17,-36,15,-27,17,-48,18,-46,22,-62,22,-35,31,-45,31,-46,26,-47,28,-50,49,-57,37,-47,47,-55,34,-43,40,-48,45,-68,50,-51,48,-60,43,-42,45,-52,53,-49,56,-51,45,-52,57,-60,39,-53,56,-64,34,-42,40,-64,40,-64,33,-70,44,-73,47,-72,49,-71,45,-74,35,-87,22,-76,47,-85,38,-74,13,-92,21,-54,16,-101,33,-90,2,-92,14,-111,13,-101,20,-82,31,-103,20,-108,19,-112,19,-113,2,-108,-6,-116,0,0,0,0,0,0,-120,-7,-128,0,-90,4,-117,0,-128,0,-102,0,-126,14,-107,7,-116,15,-103,7,-99,12,-117,24,-110,16,-111,36,-95,14,-106,19,-102,25,-110,30,-89,36,-108,39,-86,32,-98,54,-61,43,-76,55,-91,60,-75,54,-95,69,-75,53,-83,59,-90,59,-92,70,-66,71,-94,73,-73,60,-81,68,-56,53,-69,76,-72,60,-66,86,-83,69,-87,62,-78,44,-91,55,-86,63,-72,59,-82,47,-65,34,-67,56,-45,32,-63,40,-62,32,-58,43,-65,29,-65,37,-48,22,-54,19,-51,15,0,0,0,0,0,0,0,0,0,0]"""
1782318876634,2026-06-25T01:34:36.604,warning,bed_exit,yja,bed_exit_failed,t057,"CSI_DATA,810195,1a:00:00:00:00:00,-64,11,-99,16,49,11,-350554198,47,2,256,0,""[0,0,0,0,0,0,0,0,0,0,0,0,18,-27,21,-24,30,-27,27,-18,35,-21,26,-28,26,-30,35,-39,36,-30,36,-38,38,-26,38,-30,47,-31,56,-23,55,-25,68,-26,53,-24,67,-20,51,-20,56,-33,67,-44,64,-23,64,-40,61,-20,61,-24,64,-34,67,-31,62,-31,75,-25,63,-22,71,-26,54,-23,62,-35,54,-39,59,-45,68,-50,62,-59,60,-40,56,-56,70,-56,57,-49,75,-62,61,-52,74,-56,45,-62,42,-76,51,-77,37,-90,63,-88,50,-96,61,-74,54,-89,61,-101,46,-98,71,-86,47,-93,52,-91,0,0,0,0,0,0,-97,-65,-118,-67,-81,-45,-97,-56,-124,-55,-92,-50,-120,-65,-90,-40,-108,-62,-99,-28,-96,-25,-117,-16,-117,-20,-116,-10,-96,-23,-103,-4,-107,4,-117,-18,-99,-5,-120,-5,-96,0,-104,0,-79,11,-93,15,-103,23,-103,26,-109,29,-102,10,-99,28,-100,31,-114,23,-95,36,-116,16,-99,16,-105,25,-78,24,-90,39,-96,35,-90,45,-104,40,-94,39,-85,13,-91,27,-98,16,-88,18,-90,12,-79,2,-85,9,-55,20,-74,19,-69,19,-70,21,-65,10,-71,10,-52,-5,-59,3,-56,-3,0,0,0,0,0,0,0,0,0,0]"""
1782318876645,2026-06-25T01:34:36.615,warning,bed_exit,yja,bed_exit_failed,t057,"CSI_DATA,810196,1a:00:00:00:00:00,-64,11,-99,19,48,11,-350539296,47,2,256,0,""[0,0,0,0,0,0,0,0,0,0,0,0,35,-5,36,-10,38,-6,42,-7,47,-4,42,-5,48,0,35,13,57,-4,48,11,53,4,62,9,60,7,60,3,63,8,59,0,65,5,70,6,70,13,64,14,51,24,78,0,72,17,73,11,73,11,76,10,72,10,85,12,67,-6,70,-3,80,-6,78,0,70,0,71,-2,78,0,85,-17,79,-19,71,-31,72,-22,71,-22,79,-24,67,-52,70,-60,82,-48,88,-56,80,-45,75,-68,88,-56,74,-61,79,-69,67,-74,66,-86,70,-84,64,-89,61,-101,66,-94,69,-98,0,0,0,0,0,0,-102,-63,-105,-59,-114,-62,-103,-53,-107,-49,-114,-46,-103,-31,-112,-36,-105,-25,-111,-34,-114,-25,-100,-29,-113,-9,-100,-30,-104,-5,-110,-5,-100,0,-99,0,-111,-3,-94,26,-98,30,-103,25,-108,27,-97,28,-92,26,-101,44,-93,33,-85,45,-92,43,-85,48,-83,50,-93,46,-66,65,-70,68,-90,73,-88,70,-79,46,-70,72,-85,62,-81,65,-78,61,-65,70,-71,64,-60,55,-70,49,-57,62,-62,68,-69,55,-68,51,-51,38,-63,44,-61,33,-57,43,-54,38,-50,34,-54,35,-50,30,0,0,0,0,0,0,0,0,0,0]"""
1782318876656,2026-06-25T01:34:36.626,warning,bed_exit,yja,bed_exit_failed,t057,"CSI_DATA,810197,1a:00:00:00:00:00,-64,11,-99,19,49,11,-350532639,47,2,256,0,""[0,0,0,0,0,0,0,0,0,0,0,0,5,-33,1,-32,13,-40,7,-40,18,-40,19,-29,13,-28,26,-32,30,-43,45,-38,40,-27,50,-25,45,-33,50,-27,45,-31,63,-32,59,-21,61,-27,55,-16,68,-13,80,-13,64,-21,76,-8,70,3,74,10,67,2,73,11,65,2,94,2,76,0,73,9,64,10,79,0,77,8,81,2,82,3,80,22,77,21,85,26,87,20,90,9,91,20,77,21,94,7,64,20,94,4,84,19,107,8,107,10,110,22,89,33,97,44,99,34,112,34,110,39,105,38,116,40,0,0,0,0,0,0,48,-111,60,-128,48,-84,47,-103,69,-120,59,-86,69,-116,53,-94,72,-100,54,-77,53,-83,67,-93,59,-98,73,-101,73,-72,72,-71,68,-77,79,-80,58,-76,70,-89,53,-79,69,-90,54,-72,53,-77,65,-85,58,-90,75,-86,68,-67,82,-69,75,-69,81,-77,71,-64,86,-86,79,-73,77,-72,66,-53,75,-70,75,-63,81,-69,85,-62,96,-44,84,-26,95,-24,94,-27,86,-26,92,-26,77,-15,83,-21,59,-6,74,-14,76,0,71,-4,74,-6,70,14,60,20,54,32,46,28,0,0,0,0,0,0,0,0,0,0]"""
1782318876667,2026-06-25T01:34:36.637,warning,bed_exit,yja,bed_exit_failed,t057,"CSI_DATA,810198,1a:00:00:00:00:00,-64,11,-99,16,49,11,-350517358,47,2,256,0,""[0,0,0,0,0,0,0,0,0,0,0,0,-2,25,-9,38,-2,18,-15,47,-7,29,-22,47,-20,49,-26,33,-22,38,-28,32,-27,49,-33,49,-34,51,-31,46,-37,61,-20,34,-38,59,-24,40,-52,70,-44,65,-30,48,-43,58,-38,36,-47,63,-46,60,-42,54,-46,45,-51,62,-20,49,-44,73,-36,45,-60,91,-48,66,-32,67,-39,70,-37,58,-31,49,-24,78,-25,75,-22,67,-28,87,-2,54,-13,98,-14,80,-21,127,-24,92,-15,102,-21,100,3,82,0,85,15,122,13,95,6,118,5,104,29,117,25,127,18,114,0,0,0,0,0,0,127,-34,79,-19,127,-40,109,-22,70,-15,127,-40,80,-34,127,-55,80,-37,127,-49,113,-46,98,-35,89,-43,77,-32,100,-55,90,-61,85,-57,68,-53,95,-70,46,-50,83,-93,56,-62,91,-96,77,-87,63,-69,58,-74,48,-57,57,-88,53,-93,51,-81,45,-69,65,-91,23,-69,36,-110,38,-75,64,-128,62,-83,47,-95,59,-87,37,-71,38,-65,38,-101,38,-88,30,-68,47,-82,25,-61,38,-96,40,-58,60,-95,46,-61,44,-65,44,-42,33,-50,34,-42,42,-52,35,-43,40,-42,0,0,0,0,0,0,0,0,0,0]"""
1782318876678,2026-06-25T01:34:36.648,warning,bed_exit,yja,bed_exit_failed,t057,"CSI_DATA,810199,1a:00:00:00:00:00,-64,11,-99,16,49,11,-350508750,47,2,256,0,""[0,0,0,0,0,0,0,0,0,0,0,0,22,-18,34,-31,17,-8,36,-23,26,-15,42,-28,42,-18,40,-13,46,-22,35,-2,58,-8,65,-9,62,-3,56,-7,75,-6,47,-9,79,-5,52,-8,88,7,73,0,51,4,70,14,48,8,72,16,73,11,73,8,68,10,86,12,53,0,78,3,64,3,105,8,78,15,74,6,75,11,71,6,63,-4,81,-6,76,-3,70,2,91,3,62,-21,96,-26,82,-3,127,-17,82,-2,88,-30,102,-9,83,-17,86,-16,111,-32,88,-35,113,-33,98,-24,108,-44,127,-36,111,-20,0,0,0,0,0,0,-32,-126,-19,-80,-44,-128,-33,-110,-20,-75,-47,-128,-29,-81,-38,-128,-27,-76,-43,-128,-36,-114,-28,-100,-39,-98,-23,-80,-53,-97,-49,-101,-43,-96,-38,-85,-49,-106,-48,-56,-65,-98,-43,-72,-79,-106,-57,-91,-56,-81,-54,-75,-48,-57,-64,-80,-60,-82,-65,-72,-56,-73,-70,-99,-62,-49,-74,-80,-62,-60,-91,-112,-62,-91,-58,-73,-52,-88,-51,-82,-46,-64,-70,-74,-56,-71,-39,-65,-46,-82,-44,-49,-58,-72,-29,-63,-47,-100,-27,-60,-30,-66,-16,-65,-20,-55,-7,-47,-21,-70,-15,-59,-13,-58,0,0,0,0,0,0,0,0,0,0]"""
1782318876689,2026-06-25T01:34:36.659,warning,bed_exit,yja,bed_exit_failed,t057,"CSI_DATA,810200,1a:00:00:00:00:00,-64,11,-99,17,49,11,-350499603,47,2,256,0,""[0,0,0,0,0,0,0,0,0,0,0,0,3,39,3,38,0,33,0,37,0,35,-3,53,-3,47,-2,46,-11,44,-10,46,-6,52,-10,52,-14,57,-19,51,-16,55,-23,56,-19,65,-11,61,-35,68,-28,69,-18,58,-32,57,-25,59,-28,65,-32,64,-27,67,-25,65,-19,70,-31,65,-30,75,-14,65,-32,81,-25,79,-25,76,-15,73,-11,67,-9,76,-8,82,-18,84,-8,84,0,84,-3,80,4,98,6,82,6,106,21,100,10,98,23,98,13,94,15,93,20,106,26,98,37,114,28,97,39,114,33,115,38,105,0,0,0,0,0,0,113,-49,94,-46,117,-60,104,-55,88,-51,100,-69,95,-59,106,-68,83,-61,107,-66,93,-73,85,-72,77,-63,73,-65,78,-77,67,-76,77,-79,68,-76,60,-80,61,-73,60,-95,43,-82,61,-90,56,-93,44,-88,47,-76,38,-85,33,-100,37,-96,32,-98,26,-92,19,-103,36,-94,30,-104,19,-85,34,-111,30,-109,33,-98,25,-94,27,-92,25,-84,20,-97,28,-86,26,-80,18,-88,25,-77,26,-85,14,-72,33,-78,28,-74,22,-65,28,-64,25,-55,23,-58,33,-58,28,-49,29,-46,0,0,0,0,0,0,0,0,0,0]"""
1782318876700,2026-06-25T01:34:36.670,warning,bed_exit,yja,bed_exit_failed,t057,"CSI_DATA,810201,1a:00:00:00:00:00,-64,11,-99,16,49,11,-350486022,47,2,256,0,""[0,0,0,0,0,0,0,0,0,0,0,0,24,17,34,24,26,23,31,27,26,30,26,34,21,38,12,36,29,47,19,53,22,48,19,53,17,56,22,63,16,67,16,59,18,54,13,68,7,65,12,65,-3,57,11,83,-6,64,0,71,-3,74,-3,68,-6,73,-8,78,12,73,5,74,-4,76,4,75,-6,76,0,77,-5,83,-4,86,-4,76,12,73,13,82,6,83,2,86,26,80,23,81,16,99,8,91,3,83,19,98,3,102,23,107,20,114,29,102,27,105,20,107,26,110,44,106,22,114,27,117,0,0,0,0,0,0,127,-29,120,-23,119,-28,116,-21,115,-15,112,-22,113,-26,112,-39,110,-21,110,-18,110,-16,105,-6,106,-30,108,-12,98,-28,99,-22,97,-33,97,-32,108,-31,90,-45,86,-50,94,-38,91,-39,96,-40,96,-32,101,-56,90,-30,86,-50,99,-49,90,-38,91,-45,98,-40,86,-62,87,-61,94,-45,97,-48,93,-32,91,-38,98,-24,96,-35,96,-27,82,-36,93,-28,85,-26,91,-17,76,-34,80,-31,78,-15,75,-10,69,0,72,0,64,10,68,0,65,4,65,2,61,5,56,8,0,0,0,0,0,0,0,0,0,0]"""
1782318876711,2026-06-25T01:34:36.681,warning,bed_exit,yja,bed_exit_failed,t057,"CSI_DATA,810204,1a:00:00:00:00:00,-64,11,-99,15,49,11,-350451656,47,2,256,0,""[0,0,0,0,0,0,0,0,0,0,0,0,-28,4,-37,7,-26,0,-47,0,-32,4,-51,-10,-48,-14,-36,-19,-36,-15,-37,-19,-46,-22,-49,-22,-48,-35,-50,-32,-61,-43,-31,-28,-52,-40,-38,-34,-67,-67,-50,-57,-32,-40,-48,-54,-29,-46,-45,-62,-42,-63,-40,-61,-31,-61,-46,-73,-37,-47,-54,-72,-31,-57,-67,-87,-38,-72,-46,-66,-45,-73,-31,-67,-33,-46,-57,-63,-50,-66,-37,-55,-53,-83,-49,-44,-65,-66,-51,-67,-82,-105,-48,-83,-59,-76,-42,-82,-56,-71,-54,-75,-82,-98,-71,-67,-74,-94,-55,-84,-81,-88,-88,-107,-74,-91,0,0,0,0,0,0,-97,76,-76,52,-128,92,-99,60,-61,37,-118,75,-70,53,-113,79,-68,46,-128,71,-104,70,-82,36,-89,54,-76,37,-92,68,-81,60,-87,64,-74,57,-98,69,-53,49,-91,75,-64,52,-103,85,-88,68,-75,62,-80,67,-64,48,-86,72,-78,74,-72,64,-73,52,-92,63,-51,55,-82,84,-63,54,-117,91,-90,51,-82,61,-94,36,-70,44,-59,35,-86,62,-85,51,-70,35,-90,33,-53,37,-89,44,-75,19,-105,26,-66,10,-72,13,-69,-3,-61,5,-53,2,-73,0,-57,0,-53,-4,0,0,0,0,0,0,0,0,0,0]"""
1782318876722,2026-06-25T01:34:36.692,warning,bed_exit,yja,bed_exit_failed,t057,"CSI_DATA,810205,1a:00:00:00:00:00,-64,11,-99,17,49,11,-350444639,47,2,256,0,""[0,0,0,0,0,0,0,0,0,0,0,0,-20,-36,-10,-26,-10,-39,-5,-28,-7,-45,-5,-31,-2,-35,-8,-49,6,-51,6,-57,10,-37,16,-54,18,-51,31,-60,26,-54,48,-59,38,-46,42,-49,38,-28,45,-44,59,-66,60,-40,57,-56,51,-37,60,-40,54,-41,82,-28,60,-35,96,-27,67,-6,70,-20,56,-15,78,-27,83,-21,60,-34,94,-41,88,-32,70,-16,91,-19,114,-2,94,-23,96,4,80,-4,91,-21,59,-9,87,-52,75,-20,94,-36,106,-18,94,-18,76,18,99,26,103,-12,112,3,112,16,127,21,124,14,0,0,0,0,0,0,30,-118,45,-128,29,-88,37,-108,42,-128,43,-87,50,-123,44,-101,64,-105,43,-81,31,-82,37,-117,51,-96,45,-116,42,-77,48,-85,47,-91,61,-93,48,-85,71,-91,49,-77,64,-87,49,-68,42,-67,49,-98,63,-87,61,-105,55,-77,69,-83,59,-84,77,-79,62,-81,97,-75,87,-60,75,-68,62,-41,69,-64,79,-63,73,-63,96,-53,92,-50,77,-30,93,-27,99,-26,90,-27,91,-4,76,0,82,-7,50,0,73,-8,67,0,67,-8,72,18,65,16,45,20,57,28,46,29,0,0,0,0,0,0,0,0,0,0]"""
1782318876733,2026-06-25T01:34:36.703,warning,bed_exit,yja,bed_exit_failed,t057,"CSI_DATA,810206,1a:00:00:00:00:00,-64,11,-99,21,48,11,-350433168,47,2,256,0,""[0,0,0,0,0,0,0,0,0,0,0,0,32,-5,29,-6,36,-6,37,-2,44,0,37,-3,44,-3,41,2,48,-2,56,0,50,8,53,0,63,1,68,11,63,10,62,12,60,14,62,23,62,7,73,9,72,4,78,16,75,16,68,16,78,18,70,17,71,21,75,14,79,10,77,12,72,18,78,-3,78,-1,75,-2,84,-1,84,-5,79,-7,77,4,81,-15,88,-14,90,-18,81,-25,81,-22,99,-20,73,-31,80,-39,84,-43,80,-47,91,-63,93,-63,91,-53,96,-63,102,-61,94,-66,102,-70,94,-75,94,-75,0,0,0,0,0,0,-80,-99,-89,-103,-79,-82,-78,-88,-88,-89,-71,-86,-89,-82,-85,-72,-88,-84,-84,-56,-82,-57,-87,-58,-103,-47,-106,-50,-90,-54,-91,-45,-99,-41,-104,-42,-102,-38,-102,-20,-91,-24,-102,-32,-92,-8,-96,-2,-98,-12,-105,0,-99,0,-97,-12,-105,0,-99,6,-101,1,-104,3,-110,14,-97,10,-98,7,-95,20,-98,24,-99,22,-100,30,-102,23,-100,20,-91,7,-96,22,-96,13,-90,7,-86,13,-79,3,-90,4,-67,14,-73,10,-67,11,-69,9,-70,7,-64,5,-58,-2,-59,5,-55,-5,0,0,0,0,0,0,0,0,0,0]"""
1782318876744,2026-06-25T01:34:36.714,warning,bed_exit,yja,bed_exit_failed,t057,"CSI_DATA,810207,1a:00:00:00:00:00,-64,11,-99,16,49,11,-350422283,47,2,256,0,""[0,0,0,0,0,0,0,0,0,0,0,0,36,-9,24,0,40,-3,27,-3,47,3,30,6,44,6,49,11,43,12,58,18,45,25,43,26,51,23,51,28,38,25,64,50,36,33,52,56,42,36,46,42,46,63,50,50,57,71,45,54,38,57,42,64,42,63,32,53,49,79,34,52,40,66,26,48,49,61,47,70,48,62,42,64,47,77,34,74,40,76,50,80,45,52,55,90,39,71,68,73,37,49,71,73,45,83,69,73,66,81,67,89,53,78,52,96,51,88,73,100,58,89,59,75,68,94,0,0,0,0,0,0,95,-58,118,-74,71,-42,102,-64,127,-67,75,-35,123,-71,73,-47,122,-63,79,-37,93,-51,100,-52,102,-44,104,-65,93,-43,88,-39,94,-46,98,-55,72,-40,105,-61,68,-46,98,-58,70,-38,72,-56,92,-59,80,-58,103,-62,86,-51,86,-45,89,-54,100,-58,71,-48,110,-68,73,-42,97,-56,68,-31,85,-61,94,-45,89,-53,90,-43,102,-31,91,-21,92,-19,96,-21,74,-24,97,-14,71,-9,89,-14,52,0,74,-12,70,0,74,-9,73,0,71,8,51,12,53,15,49,22,0,0,0,0,0,0,0,0,0,0]"""
1782318876755,2026-06-25T01:34:36.725,warning,bed_exit,yja,bed_exit_failed,t057,"CSI_DATA,810208,1a:00:00:00:00:00,-64,11,-99,18,49,11,-350411639,47,2,256,0,""[0,0,0,0,0,0,0,0,0,0,0,0,25,8,35,12,28,12,37,21,38,18,37,26,35,30,34,30,30,30,32,37,34,37,31,41,31,47,29,47,25,55,20,56,22,63,29,54,20,71,15,72,10,73,12,69,9,67,11,84,6,75,0,70,0,68,2,72,-3,72,0,85,9,66,-7,86,-6,83,-5,82,-7,80,-8,69,0,69,0,90,-10,83,-4,81,-2,83,-2,80,-2,89,2,88,-8,100,-4,97,-1,93,-6,102,-5,98,-9,100,-15,115,-12,92,-15,106,-16,112,-14,116,-17,121,-16,123,0,0,0,0,0,0,122,16,109,19,127,24,117,19,99,26,121,24,111,30,124,35,107,20,115,50,114,38,108,32,96,38,95,34,105,29,94,33,102,37,91,30,99,25,90,30,100,29,86,19,113,33,99,34,106,26,88,30,86,29,100,28,95,35,92,34,88,30,102,26,89,40,99,44,91,29,107,56,97,47,93,43,88,52,76,50,76,53,84,52,73,60,66,53,65,53,59,59,62,59,55,54,52,68,43,59,33,57,26,59,27,55,19,62,24,58,16,55,9,48,0,0,0,0,0,0,0,0,0,0]"""
1782318876766,2026-06-25T01:34:36.736,warning,bed_exit,yja,bed_exit_failed,t057,"CSI_DATA,810209,1a:00:00:00:00:00,-64,11,-99,19,48,11,-350400632,47,2,256,0,""[0,0,0,0,0,0,0,0,0,0,0,0,13,-38,11,-28,13,-36,19,-32,29,-34,13,-34,11,-41,22,-42,13,-48,27,-51,38,-37,28,-40,34,-51,49,-34,50,-38,46,-49,47,-40,62,-37,47,-34,49,-45,62,-52,54,-46,62,-54,66,-34,55,-36,54,-33,63,-38,59,-38,78,-45,66,-34,65,-33,46,-41,52,-54,53,-56,49,-60,54,-66,54,-60,68,-48,56,-69,69,-63,60,-60,70,-62,63,-57,73,-66,37,-61,42,-78,37,-85,30,-90,56,-100,52,-99,62,-78,60,-98,57,-93,47,-108,80,-95,57,-101,56,-109,0,0,0,0,0,0,-104,-60,-109,-81,-93,-56,-98,-62,-116,-63,-83,-71,-112,-66,-94,-52,-104,-73,-99,-33,-98,-33,-107,-31,-114,-23,-114,-30,-92,-51,-99,-28,-101,-28,-104,-43,-101,-33,-111,-26,-90,-16,-97,-30,-88,-6,-95,0,-102,-2,-107,13,-113,5,-106,-14,-108,-6,-105,3,-108,-7,-99,-4,-113,-3,-102,-7,-99,-2,-82,7,-97,13,-98,14,-98,18,-105,8,-107,7,-90,-17,-95,-5,-99,-17,-87,-18,-88,-18,-73,-19,-80,-23,-63,-6,-72,-6,-72,-2,-68,5,-66,-12,-62,-12,-50,-29,-54,-23,-48,-25,0,0,0,0,0,0,0,0,0,0]"""
1782318876777,2026-06-25T01:34:36.747,warning,bed_exit,yja,bed_exit_failed,t057,"CSI_DATA,810210,1a:00:00:00:00:00,-64,11,-99,21,48,11,-350385793,47,2,256,0,""[0,0,0,0,0,0,0,0,0,0,0,0,-25,7,-42,21,-19,12,-40,12,-23,14,-48,11,-51,10,-43,0,-47,4,-31,0,-59,10,-51,6,-54,5,-52,4,-65,4,-45,6,-70,6,-57,5,-81,2,-74,-4,-66,-11,-64,2,-56,-3,-75,3,-70,0,-78,0,-68,2,-87,0,-51,10,-75,13,-61,2,-98,9,-77,0,-70,12,-67,5,-74,7,-62,16,-77,34,-72,26,-69,27,-81,32,-53,35,-84,53,-69,42,-115,65,-87,44,-84,65,-93,46,-70,57,-66,52,-79,84,-63,82,-83,83,-74,70,-59,89,-86,103,-77,79,0,0,0,0,0,0,102,81,69,53,126,87,95,70,68,48,120,79,79,42,115,65,75,41,126,78,106,63,95,56,98,38,84,36,107,36,109,23,98,26,92,23,113,33,79,2,111,0,82,9,127,1,108,6,94,1,89,-3,83,3,103,-20,94,-19,97,-13,95,-11,114,-8,70,-27,100,-37,91,-20,127,-34,103,-11,99,-30,98,-15,86,-24,80,-19,95,-34,87,-29,67,-20,89,-21,64,-27,92,-30,71,-12,103,-16,72,-2,72,-10,68,0,60,-4,47,0,68,-11,59,-5,55,-3,0,0,0,0,0,0,0,0,0,0]"""
1782318876788,2026-06-25T01:34:36.758,warning,bed_exit,yja,bed_exit_failed,t057,"CSI_DATA,810211,1a:00:00:00:00:00,-64,11,-99,15,49,11,-350376776,47,2,256,0,""[0,0,0,0,0,0,0,0,0,0,0,0,40,31,72,14,114,-26,27,71,-33,-34,86,16,-15,-88,89,-13,65,-48,-23,64,89,37,73,-6,47,47,73,10,15,-4,45,38,37,-10,88,11,62,48,62,43,57,66,63,55,63,41,53,37,46,47,54,40,53,44,50,49,64,36,59,31,64,43,65,46,55,50,60,44,52,57,69,33,67,42,76,36,72,36,70,31,76,46,84,19,87,19,88,34,90,30,85,30,92,36,89,42,102,34,107,38,106,19,103,16,111,23,110,24,119,8,112,27,120,28,0,0,0,0,0,0,25,-128,28,-123,29,-116,26,-122,19,-109,24,-117,9,-109,12,-117,19,-116,16,-114,11,-118,27,-107,10,-112,19,-103,2,-102,7,-102,7,-100,2,-103,13,-114,-25,-92,-22,-97,-16,-102,-15,-106,-14,-103,-7,-99,-31,-111,-15,-93,-22,-94,-22,-97,-25,-94,-24,-93,-21,-107,-40,-88,-38,-93,-38,-105,-34,-105,-15,-97,-27,-93,-13,-103,-22,-97,-16,-93,-27,-89,-22,-86,-15,-81,-9,-88,-30,-81,-28,-75,-10,-86,-8,-86,4,-67,0,-76,5,-66,0,-65,16,-69,9,-55,5,-56,5,-53,0,0,0,0,0,0,0,0,0,0]"""
1782318876799,2026-06-25T01:34:36.769,warning,bed_exit,yja,bed_exit_failed,t057,"CSI_DATA,810212,1a:00:00:00:00:00,-64,11,-99,18,49,11,-350367639,47,2,256,0,""[0,0,0,0,0,0,0,0,0,0,0,0,29,-16,28,-12,31,-1,47,-2,36,-6,42,0,43,0,44,6,37,12,49,10,52,18,44,17,46,28,47,27,48,29,38,41,43,42,39,43,42,58,32,59,31,70,24,58,30,55,33,76,28,68,18,67,20,63,24,65,9,76,11,75,17,63,9,85,8,84,4,80,8,77,2,73,6,71,6,77,0,85,-1,88,4,85,-2,80,2,96,0,85,-11,98,-2,95,-9,90,-6,94,-21,96,-13,97,-29,109,-27,94,-29,107,-29,107,-33,109,-43,118,-33,106,0,0,0,0,0,0,100,54,104,56,117,64,102,59,89,52,94,60,92,75,99,78,85,72,90,86,79,70,88,71,63,69,79,73,83,75,72,76,69,77,66,69,72,68,61,79,69,80,64,65,65,93,60,85,65,84,48,80,56,72,65,82,51,88,54,88,43,85,48,88,35,93,41,102,36,88,33,109,38,108,24,95,17,100,8,86,10,86,10,97,0,92,-3,89,-5,89,-10,80,-21,84,-13,72,-31,78,-22,72,-29,62,-29,59,-39,48,-35,39,-44,48,-37,36,-41,38,0,0,0,0,0,0,0,0,0,0]"""
1782318876810,2026-06-25T01:34:36.780,warning,bed_exit,yja,bed_exit_failed,t057,"CSI_DATA,810213,1a:00:00:00:00:00,-64,11,-99,18,49,11,-350352817,47,2,256,0,""[0,0,0,0,0,0,0,0,0,0,0,0,-17,28,-16,23,-30,32,-21,26,-31,27,-30,22,-23,22,-33,43,-35,30,-33,33,-39,22,-41,30,-41,23,-55,18,-48,21,-67,19,-61,21,-62,19,-49,11,-47,12,-69,20,-63,20,-77,27,-57,4,-64,17,-64,11,-74,12,-64,23,-83,6,-65,8,-76,21,-53,11,-62,28,-62,25,-69,36,-75,32,-81,32,-73,22,-82,30,-85,30,-71,36,-93,30,-82,28,-68,43,-56,25,-70,59,-73,52,-64,84,-92,60,-79,70,-73,37,-104,54,-86,68,-81,63,-92,58,-85,60,-87,76,0,0,0,0,0,0,75,90,86,117,60,75,85,86,96,107,67,83,79,109,73,81,76,99,63,72,67,60,98,70,88,76,99,73,71,63,77,63,74,66,82,65,83,56,95,72,79,56,88,61,62,50,77,36,99,30,88,37,112,40,87,44,93,44,95,38,105,47,101,28,103,61,88,51,92,33,67,35,91,23,88,32,96,14,108,38,95,34,71,43,81,50,85,54,83,39,73,58,61,51,70,35,46,31,64,32,54,33,71,29,55,44,54,40,31,36,39,39,31,43,0,0,0,0,0,0,0,0,0,0]"""
1782318876821,2026-06-25T01:34:36.791,warning,bed_exit,yja,bed_exit_failed,t057,"CSI_DATA,810214,1a:00:00:00:00:00,-64,11,-99,18,49,11,-350345639,47,2,256,0,""[0,0,0,0,0,0,0,0,0,0,0,0,4,-27,9,-30,11,-30,23,-34,21,-27,24,-37,27,-34,29,-24,30,-37,38,-19,37,-30,46,-28,43,-21,54,-16,67,-18,46,-26,56,-29,58,-20,66,-20,67,-2,63,5,74,-10,60,3,68,-1,73,1,64,2,66,1,74,5,69,-4,72,-4,71,-6,77,2,72,10,71,5,84,12,75,5,68,0,72,-4,77,4,71,1,84,12,71,-14,83,-15,92,0,98,4,73,10,95,-4,91,16,97,6,111,18,108,-2,108,-5,106,-1,105,5,113,3,117,14,117,6,0,0,0,0,0,0,29,-128,25,-119,26,-128,22,-117,26,-102,30,-116,14,-100,29,-117,28,-110,31,-109,30,-105,43,-91,28,-116,42,-96,26,-92,25,-102,27,-102,35,-92,34,-106,8,-88,15,-100,19,-100,26,-104,28,-99,33,-86,23,-111,25,-92,27,-95,30,-100,27,-86,26,-96,40,-102,7,-94,17,-102,28,-99,37,-110,41,-80,40,-92,59,-92,46,-87,48,-78,43,-80,48,-76,45,-67,57,-67,31,-68,40,-71,60,-55,57,-60,53,-42,55,-46,54,-30,58,-40,57,-30,51,-26,46,-26,49,-20,0,0,0,0,0,0,0,0,0,0]"""
1782318876832,2026-06-25T01:34:36.802,warning,bed_exit,yja,bed_exit_failed,t057,"CSI_DATA,810215,1a:00:00:00:00:00,-64,11,-99,19,49,11,-350334639,47,2,256,0,""[0,0,0,0,0,0,0,0,0,0,0,0,-10,-28,-13,-34,-6,-32,-4,-36,-8,-37,-5,-42,-8,-46,-5,-39,-1,-45,5,-42,2,-48,5,-49,10,-57,6,-52,11,-57,12,-46,12,-63,1,-56,20,-71,19,-77,5,-71,29,-58,17,-59,20,-68,21,-63,24,-64,19,-63,17,-64,21,-63,20,-77,13,-64,27,-79,25,-79,18,-74,20,-73,17,-67,13,-64,4,-78,16,-75,8,-76,7,-82,-1,-76,-7,-82,-4,-87,6,-108,0,-94,-9,-95,0,-94,-3,-87,-6,-104,-12,-114,-14,-94,-13,-106,-17,-110,-15,-121,-7,-117,-18,-118,0,0,0,0,0,0,-116,32,-106,26,-128,36,-111,20,-97,17,-111,37,-109,35,-125,32,-94,36,-117,32,-111,33,-101,40,-97,32,-92,32,-101,48,-94,42,-101,46,-96,42,-91,56,-83,45,-90,58,-76,60,-100,58,-86,62,-81,65,-85,49,-82,61,-82,77,-78,64,-75,57,-73,64,-71,64,-74,66,-76,70,-67,75,-93,78,-81,71,-73,71,-80,68,-70,56,-67,56,-70,69,-77,52,-63,47,-63,49,-58,50,-64,49,-60,41,-79,48,-63,40,-62,37,-62,26,-58,24,-57,21,-64,26,-51,15,-49,10,0,0,0,0,0,0,0,0,0,0]"""
1782318876843,2026-06-25T01:34:36.813,warning,bed_exit,yja,bed_exit_failed,t057,"CSI_DATA,810216,1a:00:00:00:00:00,-64,11,-99,16,49,11,-350320308,47,2,256,0,""[0,0,0,0,0,0,0,0,0,0,0,0,0,-29,0,-36,0,-30,3,-32,9,-35,9,-37,11,-43,14,-32,22,-45,20,-36,28,-47,33,-42,30,-40,32,-40,39,-48,28,-44,36,-50,40,-49,42,-43,53,-46,44,-40,58,-50,55,-31,53,-32,60,-31,54,-36,63,-35,70,-35,53,-37,52,-39,63,-38,70,-36,65,-28,62,-32,71,-29,62,-42,63,-44,60,-47,64,-39,66,-35,73,-35,51,-61,55,-65,77,-50,83,-56,68,-45,76,-59,80,-50,77,-66,95,-56,77,-68,75,-75,85,-68,78,-69,80,-72,96,-70,95,-64,0,0,0,0,0,0,-71,-112,-60,-95,-68,-104,-62,-107,-62,-91,-71,-102,-55,-96,-61,-102,-54,-85,-59,-94,-64,-99,-35,-87,-64,-95,-40,-98,-52,-93,-62,-98,-59,-81,-54,-97,-61,-97,-60,-69,-70,-74,-68,-80,-63,-78,-65,-89,-44,-82,-68,-87,-56,-74,-57,-72,-59,-85,-61,-77,-54,-83,-62,-85,-66,-68,-69,-66,-63,-82,-67,-88,-42,-82,-55,-80,-44,-88,-52,-83,-38,-87,-46,-82,-39,-76,-29,-74,-23,-82,-38,-72,-43,-75,-20,-80,-22,-82,-10,-62,-13,-72,0,-65,-6,-63,3,-68,3,-62,-3,-57,2,-56,0,0,0,0,0,0,0,0,0,0]"""
1782318876854,2026-06-25T01:34:36.824,warning,bed_exit,yja,bed_exit_failed,t057,"CSI_DATA,810217,1a:00:00:00:00:00,-64,11,-99,17,49,11,-350310811,47,2,256,0,""[0,0,0,0,0,0,0,0,0,0,0,0,-6,26,-7,28,-11,32,-16,35,-8,32,-23,34,-27,33,-25,26,-25,33,-26,31,-30,39,-34,34,-42,32,-38,32,-45,42,-39,28,-51,41,-42,35,-58,48,-55,42,-44,35,-57,42,-49,30,-65,43,-64,37,-62,30,-57,31,-53,34,-54,35,-61,40,-52,38,-68,49,-66,44,-56,43,-65,48,-53,35,-57,39,-51,60,-56,46,-46,50,-56,66,-44,58,-53,71,-49,69,-70,79,-60,64,-57,74,-63,73,-51,76,-49,80,-56,100,-51,78,-54,90,-61,87,-50,102,-63,100,-49,103,0,0,0,0,0,0,109,50,95,43,127,61,103,51,82,43,113,40,93,43,114,46,96,29,113,55,103,43,95,40,87,38,89,35,108,27,96,26,100,26,94,20,105,18,87,16,111,7,94,12,118,11,111,13,104,3,94,10,87,6,110,-5,104,3,99,3,93,0,97,-9,90,-9,104,-13,89,-15,127,0,107,0,104,-3,98,6,86,9,87,2,95,-2,90,8,75,2,86,0,71,0,85,4,76,4,88,14,70,14,65,15,63,19,52,10,60,18,65,22,48,20,48,19,0,0,0,0,0,0,0,0,0,0]"""
1782318876865,2026-06-25T01:34:36.835,warning,bed_exit,yja,bed_exit_failed,t057,"CSI_DATA,810218,1a:00:00:00:00:00,-64,11,-99,13,50,11,-350299548,47,2,256,0,""[0,0,0,0,0,0,0,0,0,0,0,0,-33,6,-26,1,-34,0,-28,0,-38,-3,-32,-8,-34,-4,-40,-11,-43,-16,-54,-14,-40,-20,-45,-21,-40,-20,-45,-31,-38,-33,-50,-52,-38,-46,-35,-50,-25,-44,-41,-32,-43,-47,-38,-49,-48,-64,-27,-53,-32,-55,-30,-63,-23,-74,-23,-61,-20,-83,-17,-66,-14,-71,-15,-46,-31,-59,-21,-69,-36,-62,-33,-79,-22,-83,-9,-73,-17,-80,-19,-87,-26,-76,-5,-97,-2,-84,-26,-75,-7,-60,-36,-85,-13,-78,-46,-84,-24,-108,-33,-96,-4,-79,-4,-106,-8,-104,-9,-107,5,-109,-15,-97,-7,-115,0,0,0,0,0,0,-123,-1,-128,-5,-96,0,-119,-13,-128,-7,-100,-22,-125,-23,-102,-10,-115,-30,-98,-23,-93,-12,-122,-2,-111,-24,-121,-6,-91,-22,-108,-16,-100,-11,-102,-25,-90,-16,-114,-43,-95,-28,-101,-33,-82,-13,-83,-10,-106,-8,-99,-19,-117,-14,-83,-23,-97,-19,-100,-26,-108,-37,-94,-22,-103,-59,-90,-43,-92,-40,-68,-36,-91,-28,-86,-35,-98,-29,-96,-49,-87,-51,-60,-55,-78,-61,-68,-69,-71,-57,-51,-77,-42,-68,-49,-59,-27,-45,-44,-60,-28,-57,-44,-51,-31,-66,-32,-54,-9,-50,-6,-60,-4,-51,0,0,0,0,0,0,0,0,0,0]"""
1782318876876,2026-06-25T01:34:36.846,warning,bed_exit,yja,bed_exit_failed,t057,"CSI_DATA,810219,1a:00:00:00:00:00,-64,11,-99,17,49,11,-350290639,47,2,256,0,""[0,0,0,0,0,0,0,0,0,0,0,0,0,-27,0,-25,8,-38,4,-33,11,-38,5,-30,7,-34,16,-40,17,-38,22,-43,25,-39,35,-31,41,-43,42,-38,31,-33,52,-44,35,-31,50,-40,41,-29,54,-26,62,-29,55,-32,63,-42,62,-24,66,-23,67,-35,67,-33,48,-19,84,-26,58,-28,73,-27,44,-16,56,-26,80,-40,68,-33,75,-43,68,-41,70,-21,93,-36,98,-38,52,-25,75,-47,64,-35,87,-40,62,-42,67,-71,56,-27,63,-75,82,-68,99,-27,93,-42,76,-37,66,-32,100,-54,103,-65,81,-45,94,-69,0,0,0,0,0,0,-40,-101,-51,-125,-30,-81,-52,-97,-56,-128,-36,-91,-52,-127,-31,-85,-44,-118,-35,-87,-39,-87,-48,-104,-53,-95,-49,-122,-31,-92,-28,-93,-38,-95,-40,-97,-34,-79,-57,-103,-34,-67,-55,-93,-37,-75,-44,-85,-48,-96,-57,-87,-59,-101,-40,-92,-38,-94,-44,-92,-47,-92,-48,-67,-55,-107,-35,-87,-57,-90,-25,-70,-47,-88,-35,-93,-45,-89,-44,-89,-30,-99,-17,-83,-11,-92,-12,-98,-13,-77,-14,-88,-4,-67,-12,-84,-1,-52,-8,-79,0,-71,-4,-70,0,-68,10,-67,18,-53,21,-54,17,-40,0,0,0,0,0,0,0,0,0,0]"""
1782318876887,2026-06-25T01:34:36.857,warning,bed_exit,yja,bed_exit_failed,t057,"CSI_DATA,810220,1a:00:00:00:00:00,-64,11,-99,16,49,11,-350278467,47,2,256,0,""[0,0,0,0,0,0,0,0,0,0,0,0,17,21,20,28,14,28,9,33,17,29,13,29,15,37,8,37,24,43,2,45,11,42,13,52,9,52,9,51,2,55,17,51,22,58,15,56,3,59,8,62,-9,51,11,71,0,58,2,67,-3,69,6,58,8,66,9,66,26,66,21,69,24,69,17,73,14,71,19,77,16,75,34,68,27,68,33,60,34,71,35,68,29,77,63,58,68,56,60,74,62,66,45,64,62,68,55,72,69,71,65,75,81,54,94,51,88,63,90,62,104,56,91,68,95,65,0,0,0,0,0,0,60,-94,65,-112,61,-98,48,-108,51,-103,45,-110,43,-104,35,-111,43,-105,37,-101,33,-99,51,-88,17,-116,42,-101,20,-100,15,-100,22,-104,17,-100,19,-108,-14,-101,-17,-101,-11,-104,-6,-95,-5,-100,2,-99,-22,-107,-9,-97,-19,-98,-19,-98,-22,-91,-25,-93,-24,-100,-47,-92,-43,-89,-44,-102,-37,-97,-24,-100,-34,-89,-21,-101,-37,-91,-29,-93,-37,-83,-31,-85,-33,-79,-20,-81,-39,-71,-38,-72,-26,-83,-19,-75,-12,-61,-14,-66,-7,-64,-11,-67,-9,-64,-10,-58,-8,-54,-7,-58,0,0,0,0,0,0,0,0,0,0]"""
1782318876898,2026-06-25T01:34:36.868,warning,bed_exit,yja,bed_exit_failed,t057,"CSI_DATA,810221,1a:00:00:00:00:00,-64,11,-99,16,49,11,-350268615,47,2,256,0,""[0,0,0,0,0,0,0,0,0,0,0,0,4,-33,2,-24,10,-35,7,-30,12,-37,14,-33,13,-35,19,-46,20,-37,20,-45,22,-47,27,-37,25,-40,26,-40,31,-40,38,-54,34,-49,39,-54,43,-35,37,-47,40,-46,43,-38,51,-52,45,-44,51,-33,55,-48,51,-49,37,-50,60,-53,47,-38,44,-65,43,-37,46,-61,50,-47,39,-54,39,-60,49,-67,46,-64,48,-56,43,-67,31,-60,50,-78,32,-71,31,-77,32,-64,25,-94,42,-81,19,-96,34,-95,37,-96,36,-87,32,-94,28,-97,34,-117,27,-105,34,-93,26,-107,0,0,0,0,0,0,-113,-23,-123,-22,-98,-28,-117,-4,-128,-26,-94,-6,-128,-18,-101,-9,-125,-12,-104,-9,-109,0,-109,0,-108,-4,-114,-2,-103,6,-98,-5,-105,-9,-105,2,-86,22,-116,19,-88,16,-106,32,-92,18,-97,27,-99,31,-85,20,-110,35,-99,32,-102,17,-103,30,-99,37,-75,43,-116,37,-90,30,-91,52,-81,28,-95,53,-91,34,-89,42,-88,37,-96,29,-82,24,-89,10,-94,25,-72,29,-94,22,-74,12,-76,28,-63,11,-77,23,-69,9,-70,15,-60,6,-70,3,-55,-7,-53,-4,-52,-7,0,0,0,0,0,0,0,0,0,0]"""
1782318876909,2026-06-25T01:34:36.879,warning,bed_exit,yja,bed_exit_failed,t057,"CSI_DATA,810222,1a:00:00:00:00:00,-64,11,-99,17,49,11,-350254198,47,2,256,0,""[0,0,0,0,0,0,0,0,0,0,0,0,-28,-14,-28,-16,-25,-11,-30,-13,-33,-15,-32,-26,-31,-26,-29,-27,-38,-25,-31,-31,-34,-34,-29,-42,-35,-41,-39,-39,-39,-45,-42,-35,-45,-45,-38,-41,-34,-46,-34,-42,-27,-39,-46,-50,-35,-50,-35,-54,-34,-49,-42,-57,-46,-51,-47,-57,-50,-37,-54,-40,-52,-46,-46,-41,-47,-44,-49,-38,-53,-50,-65,-43,-61,-42,-70,-36,-65,-35,-64,-32,-72,-40,-82,-16,-85,-11,-81,-23,-93,-20,-86,-22,-90,-21,-91,-20,-97,-11,-93,-13,-94,-12,-111,0,-107,-3,-110,6,-103,11,-108,1,-104,4,0,0,0,0,0,0,8,108,9,121,12,112,17,127,16,120,23,114,32,112,31,109,29,102,31,99,34,107,24,108,52,104,32,104,44,100,46,97,47,90,51,93,47,89,73,74,76,74,67,76,60,73,67,72,65,76,81,68,70,74,77,64,76,66,81,58,84,62,83,65,88,43,90,45,92,50,89,49,81,52,83,43,78,61,88,44,76,51,89,45,76,47,75,40,67,49,80,32,77,37,65,41,61,40,54,42,59,40,49,43,51,37,43,40,47,36,43,34,38,42,0,0,0,0,0,0,0,0,0,0]"""
1782318876920,2026-06-25T01:34:36.890,warning,bed_exit,yja,bed_exit_failed,t057,"CSI_DATA,810223,1a:00:00:00:00:00,-64,11,-99,17,49,11,-350246590,47,2,256,0,""[0,0,0,0,0,0,0,0,0,0,0,0,-13,20,-23,25,-12,15,-23,26,-13,25,-31,34,-39,25,-30,25,-31,19,-27,14,-46,28,-44,27,-44,25,-44,19,-51,25,-42,10,-66,17,-47,16,-75,19,-65,17,-57,19,-60,8,-53,10,-65,21,-61,18,-65,16,-63,7,-78,7,-54,7,-71,8,-63,12,-86,14,-77,7,-67,17,-64,16,-61,4,-58,17,-77,36,-72,32,-60,22,-75,19,-59,27,-91,41,-66,32,-109,45,-93,31,-78,43,-91,33,-74,29,-75,40,-93,61,-78,44,-92,60,-94,47,-82,64,-104,63,-101,55,0,0,0,0,0,0,59,101,41,80,73,125,54,106,40,67,66,115,39,76,65,113,47,74,69,127,60,106,52,95,46,83,40,77,74,92,71,83,69,73,59,69,67,81,49,67,80,85,53,61,88,95,70,83,64,66,66,71,60,60,85,69,78,61,76,62,68,58,76,76,62,49,83,75,63,56,99,92,70,82,68,66,70,77,52,68,58,62,75,65,61,69,47,50,55,67,36,52,54,73,35,60,52,87,26,67,35,63,23,63,20,57,21,46,27,64,24,50,16,51,0,0,0,0,0,0,0,0,0,0]"""
1782318876931,2026-06-25T01:34:36.901,warning,bed_exit,yja,bed_exit_failed,t057,"CSI_DATA,810224,1a:00:00:00:00:00,-64,11,-99,17,49,11,-350235619,47,2,256,0,""[0,0,0,0,0,0,0,0,0,0,0,0,16,-27,13,-31,14,-22,23,-22,20,-27,28,-29,27,-24,28,-20,33,-29,34,-13,39,-26,46,-22,46,-16,48,-18,60,-24,41,-27,53,-22,53,-28,60,-13,62,-18,48,-11,67,-14,55,-1,61,-2,70,-1,65,-11,65,-5,76,-12,58,-8,68,-15,68,-15,79,-17,70,-5,71,-10,73,-9,70,-16,71,-15,67,-23,72,-15,72,-11,83,-7,66,-37,71,-46,90,-26,94,-36,73,-20,85,-35,82,-20,88,-35,99,-34,94,-42,88,-52,99,-48,91,-34,97,-49,113,-43,114,-44,0,0,0,0,0,0,-43,-120,-37,-102,-45,-117,-37,-105,-39,-102,-44,-115,-37,-90,-41,-114,-45,-99,-41,-106,-42,-113,-28,-92,-57,-105,-23,-95,-35,-95,-44,-101,-41,-95,-36,-94,-52,-114,-52,-67,-57,-86,-49,-86,-53,-98,-50,-96,-40,-80,-57,-93,-42,-81,-54,-76,-52,-89,-48,-77,-44,-87,-57,-98,-63,-65,-69,-74,-58,-86,-65,-97,-35,-88,-52,-85,-41,-99,-48,-86,-34,-82,-41,-81,-34,-76,-30,-74,-23,-92,-42,-64,-39,-76,-18,-80,-18,-87,-6,-61,-15,-68,2,-66,-6,-66,0,-66,3,-57,1,-60,8,-54,0,0,0,0,0,0,0,0,0,0]"""
1782318876942,2026-06-25T01:34:36.912,warning,bed_exit,yja,bed_exit_failed,t057,"CSI_DATA,810225,1a:00:00:00:00:00,-64,11,-99,17,49,11,-350224639,47,2,256,0,""[0,0,0,0,0,0,0,0,0,0,0,0,-19,-22,-16,-22,-18,-36,-21,-32,-15,-36,-13,-38,-5,-44,-7,-40,-3,-36,-8,-41,-6,-47,-9,-45,-9,-51,-4,-51,3,-56,13,-51,14,-58,8,-57,15,-68,25,-74,14,-76,26,-52,15,-54,19,-70,17,-65,17,-62,20,-54,26,-60,24,-56,32,-63,30,-57,32,-73,39,-77,26,-72,32,-67,32,-58,25,-55,27,-78,21,-82,19,-71,27,-80,21,-67,28,-77,25,-80,32,-88,31,-88,31,-79,28,-81,27,-93,23,-90,16,-110,20,-91,21,-99,35,-100,19,-116,30,-120,35,-112,0,0,0,0,0,0,-114,-39,-105,-34,-121,-41,-99,-47,-91,-32,-115,-37,-111,-43,-114,-50,-101,-38,-115,-50,-104,-49,-95,-42,-86,-43,-91,-31,-110,-24,-94,-15,-104,-21,-95,-20,-101,-22,-88,-30,-105,-33,-87,-27,-120,-32,-107,-37,-104,-25,-96,-31,-88,-16,-109,-6,-100,-10,-94,-7,-92,-11,-93,-17,-99,-28,-108,-27,-91,-24,-113,-36,-101,-43,-91,-39,-94,-38,-75,-43,-81,-22,-92,-28,-91,-36,-73,-30,-77,-43,-68,-41,-65,-54,-61,-41,-66,-57,-52,-52,-48,-50,-43,-49,-34,-47,-37,-41,-46,-43,-32,-38,-25,-41,0,0,0,0,0,0,0,0,0,0]"""
1782318876953,2026-06-25T01:34:36.923,warning,bed_exit,yja,bed_exit_failed,t057,"CSI_DATA,810226,1a:00:00:00:00:00,-64,11,-99,17,49,11,-350212476,47,2,256,0,""[0,0,0,0,0,0,0,0,0,0,0,0,12,22,13,32,5,23,11,32,14,31,9,40,-6,46,-6,37,6,42,-6,40,3,49,0,51,5,52,6,51,0,56,-2,44,0,58,4,59,0,68,-8,81,-6,69,1,61,-10,55,4,74,9,75,0,60,-1,62,-5,71,7,58,15,69,3,68,10,85,-3,74,5,71,3,72,4,70,12,65,28,68,31,62,24,61,29,73,41,57,47,61,52,74,53,90,24,89,46,76,42,88,42,64,72,72,91,71,71,49,66,66,73,79,98,55,95,70,86,71,0,0,0,0,0,0,77,-96,54,-85,81,-113,70,-87,46,-73,63,-106,37,-95,56,-118,45,-95,67,-113,52,-111,52,-88,37,-89,40,-91,23,-108,16,-103,7,-103,12,-91,21,-107,-2,-84,-2,-103,0,-98,-3,-121,11,-106,6,-94,0,-95,0,-93,-30,-110,-24,-99,-27,-93,-22,-84,-10,-101,-36,-81,-34,-91,-28,-100,-44,-124,-12,-110,-31,-96,-10,-108,-14,-86,-30,-87,-49,-91,-30,-84,-32,-64,-18,-84,-29,-69,-38,-78,-12,-79,-16,-91,-1,-69,-12,-65,2,-62,-7,-56,-4,-55,-13,-63,-11,-54,-7,-52,0,0,0,0,0,0,0,0,0,0]"""
1782318876964,2026-06-25T01:34:36.934,warning,bed_exit,yja,bed_exit_failed,t057,"CSI_DATA,810227,1a:00:00:00:00:00,-64,11,-99,17,49,11,-350202639,47,2,256,0,""[0,0,0,0,0,0,0,0,0,0,0,0,17,-17,23,-27,23,-24,27,-29,27,-24,34,-21,36,-16,30,-19,36,-20,34,-24,41,-27,42,-19,49,-29,50,-24,50,-26,54,-13,57,-21,52,-23,68,-21,60,-21,57,-15,59,-20,56,-8,70,-24,69,-13,62,-13,65,-11,63,-13,64,-21,65,-24,60,-26,79,-27,70,-29,72,-31,68,-31,63,-24,63,-24,65,-39,69,-35,68,-35,65,-40,61,-45,66,-51,62,-62,80,-66,71,-64,68,-56,74,-61,66,-63,68,-67,75,-82,65,-67,70,-77,73,-71,68,-88,73,-85,67,-85,0,0,0,0,0,0,-97,-64,-84,-60,-111,-81,-101,-63,-76,-63,-94,-59,-97,-57,-105,-62,-95,-50,-105,-70,-99,-58,-96,-49,-78,-52,-95,-45,-107,-38,-93,-43,-99,-44,-98,-33,-102,-21,-92,-35,-101,-21,-94,-10,-112,-22,-111,-15,-105,-8,-93,-15,-86,-11,-114,-6,-102,-7,-99,-12,-92,-6,-105,0,-99,-3,-105,5,-94,10,-122,0,-113,-1,-103,-4,-100,-1,-87,-12,-85,-4,-102,-1,-92,-12,-86,-6,-87,-6,-78,-8,-83,-9,-73,-8,-85,-19,-70,-18,-61,-14,-63,-20,-53,-15,-59,-18,-58,-22,-42,-22,-45,-19,0,0,0,0,0,0,0,0,0,0]"""
1782318876975,2026-06-25T01:34:36.945,warning,bed_exit,yja,bed_exit_failed,t057,"CSI_DATA,810228,1a:00:00:00:00:00,-64,11,-99,17,49,11,-350191639,47,2,256,0,""[0,0,0,0,0,0,0,0,0,0,0,0,4,23,9,34,5,26,8,35,3,32,0,47,0,38,-3,36,2,46,-4,39,-14,42,-12,50,-8,52,-15,53,-19,62,-12,42,-17,52,-18,54,-20,64,-27,59,-32,46,-12,68,-27,50,-30,66,-27,64,-29,58,-25,55,-41,66,-16,54,-19,74,-26,52,-22,82,-23,63,-11,73,-17,67,-18,68,-18,60,-15,69,-11,80,-15,73,-19,85,2,64,-4,89,-17,83,-4,110,-17,81,3,89,-5,95,10,90,4,100,5,102,14,102,5,114,11,93,14,109,21,127,4,113,0,0,0,0,0,0,127,-7,101,-5,127,-16,116,-3,90,-9,127,0,94,-19,127,-26,92,-13,125,-16,111,-23,102,-7,101,-38,92,-17,101,-19,100,-25,101,-41,96,-37,112,-31,67,-41,104,-50,85,-28,107,-53,93,-51,80,-42,83,-59,72,-40,89,-51,87,-58,83,-50,77,-43,107,-48,59,-63,88,-68,83,-44,105,-74,88,-47,81,-64,92,-49,76,-46,74,-43,85,-46,77,-53,70,-41,87,-39,59,-37,83,-44,74,-23,86,-36,60,-19,64,-27,56,-15,58,-22,54,-12,62,-12,54,-17,53,-6,0,0,0,0,0,0,0,0,0,0]"""
1782318876986,2026-06-25T01:34:36.956,warning,bed_exit,yja,bed_exit_failed,t057,"CSI_DATA,810229,1a:00:00:00:00:00,-64,11,-99,18,49,11,-350180565,47,2,256,0,""[0,0,0,0,0,0,0,0,0,0,0,0,16,22,22,28,13,22,19,34,12,23,15,51,12,46,6,42,-2,42,1,33,2,58,4,47,2,48,-5,45,-5,55,-17,47,-20,67,-16,50,-23,66,-40,59,-37,58,-34,44,-31,41,-34,62,-37,58,-36,54,-41,46,-52,56,-33,36,-50,51,-42,48,-62,64,-58,50,-45,42,-51,44,-57,39,-47,40,-56,64,-50,52,-45,41,-59,52,-50,51,-68,65,-54,50,-89,76,-81,48,-79,64,-85,52,-72,48,-65,53,-89,78,-71,64,-87,70,-89,52,-93,60,-110,66,-101,52,0,0,0,0,0,0,49,110,33,80,55,127,38,109,24,78,38,127,28,79,34,123,26,91,33,127,23,120,16,101,12,105,10,88,32,118,32,105,30,99,23,89,23,103,16,85,24,114,21,90,17,127,8,112,12,95,5,93,4,80,24,113,22,102,18,105,7,89,3,113,5,85,0,111,-5,88,-18,127,-22,104,-14,96,-29,96,-26,87,-14,83,-17,101,-29,90,-23,69,-38,77,-30,62,-43,78,-38,59,-67,76,-56,53,-42,51,-58,48,-48,31,-45,31,-50,37,-46,31,-43,22,0,0,0,0,0,0,0,0,0,0]"""
1782318876997,2026-06-25T01:34:36.967,warning,bed_exit,yja,bed_exit_failed,t057,"CSI_DATA,810230,1a:00:00:00:00:00,-64,11,-99,16,49,11,-350169640,47,2,256,0,""[0,0,0,0,0,0,0,0,0,0,0,0,12,6,12,8,33,-57,-31,49,-22,10,-106,-65,-61,43,-10,2,-16,127,21,75,-4,31,-8,34,-31,11,-40,5,-58,-4,-102,3,-64,32,-56,5,-38,51,-40,36,-45,28,-45,34,-62,24,-59,15,-59,28,-68,17,-72,11,-73,10,-68,23,-63,18,-73,10,-67,25,-59,23,-68,40,-60,32,-73,34,-69,27,-72,19,-69,36,-80,29,-75,33,-73,33,-80,34,-85,37,-79,43,-67,44,-69,51,-66,56,-80,66,-73,66,-87,45,-102,61,-93,61,-79,59,-95,48,-87,65,-98,65,0,0,0,0,0,0,60,99,55,110,51,89,47,111,63,104,40,108,51,94,58,100,45,104,49,90,64,82,63,89,79,92,75,87,42,86,60,92,70,76,62,88,65,91,64,79,63,77,60,90,61,68,74,54,73,62,90,67,83,60,62,76,80,76,78,66,71,85,77,83,76,74,70,72,57,85,73,68,72,63,76,63,80,63,83,77,69,76,50,78,61,71,48,79,46,76,36,71,36,73,30,77,31,67,37,61,37,64,33,54,29,64,26,63,7,59,10,54,4,56,0,0,0,0,0,0,0,0,0,0]"""
1782318877008,2026-06-25T01:34:36.978,warning,bed_exit,yja,bed_exit_failed,t057,"CSI_DATA,810231,1a:00:00:00:00:00,-64,11,-99,18,49,11,-350158578,47,2,256,0,""[0,0,0,0,0,0,0,0,0,0,0,0,-5,-31,-7,-26,2,-39,2,-34,4,-43,6,-34,0,-38,4,-45,13,-41,15,-52,14,-45,14,-45,20,-45,23,-47,23,-37,40,-61,26,-43,37,-48,36,-40,37,-48,39,-62,44,-36,49,-65,47,-51,40,-42,46,-48,56,-48,39,-41,65,-53,48,-33,57,-52,43,-35,49,-55,57,-50,46,-55,44,-58,53,-62,59,-57,53,-58,53,-64,41,-54,71,-65,54,-51,57,-65,44,-48,56,-88,58,-71,34,-83,63,-70,60,-87,67,-69,69,-69,54,-77,72,-106,76,-81,55,-73,73,-95,0,0,0,0,0,0,-72,-71,-103,-90,-69,-62,-86,-72,-111,-91,-69,-66,-105,-101,-70,-59,-89,-92,-82,-64,-88,-64,-102,-63,-78,-69,-98,-67,-89,-62,-77,-51,-90,-59,-86,-66,-69,-42,-101,-72,-73,-48,-96,-70,-73,-45,-81,-48,-95,-58,-84,-52,-107,-52,-88,-54,-85,-56,-97,-45,-89,-52,-77,-30,-100,-75,-72,-55,-87,-56,-70,-47,-98,-57,-80,-61,-90,-49,-79,-63,-83,-65,-72,-64,-61,-73,-60,-65,-59,-51,-51,-76,-38,-60,-48,-70,-30,-42,-52,-65,-35,-58,-41,-51,-25,-57,-37,-63,-14,-55,-14,-51,-14,-52,0,0,0,0,0,0,0,0,0,0]"""
1782318877019,2026-06-25T01:34:36.989,warning,bed_exit,yja,bed_exit_failed,t057,"CSI_DATA,810232,1a:00:00:00:00:00,-64,11,-99,17,49,11,-350144818,47,2,256,0,""[0,0,0,0,0,0,0,0,0,0,0,0,32,-7,26,-9,31,-15,30,-7,37,-1,36,0,42,3,51,3,43,8,54,7,45,17,45,24,45,23,44,30,37,23,52,41,43,38,51,42,38,31,44,43,56,56,40,37,46,65,39,52,28,55,33,63,30,62,31,52,33,71,24,56,31,69,17,57,45,62,26,66,33,63,31,72,32,76,21,81,19,87,28,83,32,56,25,99,21,84,41,81,18,65,42,94,20,95,47,86,36,99,28,95,18,95,5,100,19,102,26,118,11,103,15,93,28,115,0,0,0,0,0,0,104,-9,127,-6,93,2,119,-8,127,-6,97,1,127,4,102,0,124,8,101,17,111,6,119,8,99,13,122,9,107,21,101,26,100,21,100,17,81,8,121,27,95,10,112,16,90,18,91,12,113,15,88,20,115,22,97,24,88,32,100,36,102,37,85,27,113,48,80,38,97,38,75,38,100,37,88,50,95,43,85,55,83,67,66,64,61,78,59,71,58,54,58,78,41,66,49,62,25,54,42,61,28,61,32,60,24,62,20,67,2,53,0,57,1,49,0,0,0,0,0,0,0,0,0,0]"""
1782318877030,2026-06-25T01:34:37.000,warning,bed_exit,yja,bed_exit_failed,t057,"CSI_DATA,810233,1a:00:00:00:00:00,-64,11,-99,18,49,11,-350136491,47,2,256,0,""[0,0,0,0,0,0,0,0,0,0,0,0,-11,23,-15,23,-24,28,-22,25,-28,30,-30,30,-36,30,-30,29,-29,24,-41,31,-43,34,-37,31,-42,32,-39,30,-48,26,-55,29,-46,26,-59,30,-60,30,-63,26,-59,29,-56,24,-61,30,-67,27,-64,32,-57,25,-42,21,-52,26,-62,31,-48,35,-58,38,-65,39,-87,35,-72,39,-54,37,-49,49,-44,38,-63,48,-70,34,-40,60,-48,53,-59,58,-61,66,-57,69,-55,72,-38,93,-42,69,-51,88,-55,49,-62,87,-59,97,-45,90,-60,69,-51,111,-58,103,-63,75,-48,119,0,0,0,0,0,0,104,52,119,48,114,49,109,41,99,39,108,38,121,45,112,43,117,31,114,35,121,38,106,20,95,26,113,23,110,19,93,13,105,11,91,3,93,0,113,9,94,0,103,-8,108,-5,111,-5,110,-16,93,-15,102,-21,112,-24,104,-19,100,-22,91,-21,79,-30,111,-22,100,-25,95,-33,104,-23,115,-33,101,-27,96,-29,88,-23,95,-22,98,-22,95,-11,78,-16,80,-16,86,-11,80,-9,79,-15,79,-5,81,-15,62,-8,66,-4,59,3,70,-6,69,5,49,3,53,2,0,0,0,0,0,0,0,0,0,0]"""
1782318877041,2026-06-25T01:34:37.011,warning,bed_exit,yja,bed_exit_failed,t057,"CSI_DATA,810234,1a:00:00:00:00:00,-64,11,-99,17,49,11,-350125640,47,2,256,0,""[0,0,0,0,0,0,0,0,0,0,0,0,-13,24,-24,32,-17,19,-27,23,-20,20,-34,28,-36,29,-28,24,-42,34,-31,18,-49,23,-43,22,-44,16,-47,17,-63,22,-44,21,-53,30,-55,25,-64,12,-53,29,-46,12,-66,24,-58,16,-69,10,-67,6,-62,15,-65,14,-83,20,-49,24,-66,21,-63,18,-73,22,-66,24,-59,34,-69,26,-60,38,-69,29,-65,38,-73,29,-69,22,-73,39,-53,49,-72,62,-74,51,-99,67,-62,54,-68,74,-75,61,-61,60,-72,63,-78,74,-73,77,-81,86,-76,77,-70,77,-81,86,-73,73,0,0,0,0,0,0,88,83,76,71,103,88,96,78,78,62,109,84,79,59,103,77,77,54,103,74,102,61,84,62,105,52,83,58,94,61,93,55,89,53,87,58,101,56,88,17,106,32,95,36,114,38,100,32,94,23,103,28,93,22,91,26,99,30,94,25,89,33,109,32,79,3,103,8,102,17,122,26,90,20,105,8,99,25,99,14,88,19,98,21,84,26,77,25,82,34,79,13,89,18,68,32,87,45,61,24,68,26,56,35,55,26,50,30,51,36,44,36,45,36,0,0,0,0,0,0,0,0,0,0]"""
1782318877052,2026-06-25T01:34:37.022,warning,bed_exit,yja,bed_exit_failed,t057,"CSI_DATA,810235,1a:00:00:00:00:00,-64,11,-99,17,49,11,-350112909,47,2,256,0,""[0,0,0,0,0,0,0,0,0,0,0,0,17,23,22,23,17,32,13,33,12,31,12,33,17,34,12,40,18,46,14,50,0,42,-2,52,-7,56,-12,62,-14,63,-17,62,-1,58,-17,66,-21,50,-12,50,-25,62,-17,78,-24,71,-38,49,-37,64,-30,53,-41,60,-32,58,-34,66,-45,61,-40,59,-37,47,-27,58,-27,63,-27,65,-25,73,-42,66,-40,49,-53,71,-54,70,-51,75,-48,65,-46,75,-47,76,-34,61,-26,74,-24,78,-28,87,-51,102,-50,96,-62,64,-68,93,-62,95,-48,88,-76,83,-59,95,-64,100,0,0,0,0,0,0,92,88,101,93,78,68,88,71,97,85,75,80,84,91,87,89,76,95,72,71,76,54,83,65,97,72,87,81,60,74,64,82,67,79,70,92,73,82,73,76,74,65,73,77,57,63,71,56,79,63,93,68,87,71,55,78,70,88,64,69,70,90,73,79,67,87,67,87,61,79,51,65,65,67,66,72,74,78,70,84,54,86,26,83,34,92,29,94,33,98,27,76,14,78,16,77,14,57,19,66,20,62,19,66,6,78,0,61,-11,51,-14,59,-13,52,0,0,0,0,0,0,0,0,0,0]"""
1782318877063,2026-06-25T01:34:37.033,warning,bed_exit,yja,bed_exit_failed,t057,"CSI_DATA,810236,1a:00:00:00:00:00,-64,11,-99,16,49,11,-350102394,47,2,256,0,""[0,0,0,0,0,0,0,0,0,0,0,0,11,-22,25,-23,25,-21,39,-23,31,-16,39,-21,30,-21,36,-13,47,-19,38,-8,44,-3,48,-8,56,-2,58,3,77,9,37,0,61,6,56,16,75,12,62,29,62,33,73,19,48,17,60,43,63,38,56,30,55,33,69,53,51,26,66,38,49,43,75,43,63,42,67,39,67,39,64,38,50,33,59,39,69,39,64,50,67,64,61,28,78,48,55,64,85,58,60,49,77,43,77,59,81,58,75,58,89,66,93,60,89,80,72,51,87,77,106,87,79,85,0,0,0,0,0,0,110,-79,91,-60,113,-79,97,-59,77,-55,112,-65,80,-52,117,-66,93,-38,106,-61,96,-59,93,-46,95,-76,87,-42,97,-36,96,-54,92,-55,101,-50,118,-52,62,-49,94,-57,81,-27,108,-59,94,-53,95,-42,95,-62,78,-32,96,-39,98,-48,90,-42,94,-38,118,-32,72,-36,111,-39,92,-16,125,-43,99,-25,98,-32,107,-12,101,-22,81,-16,93,0,98,-13,85,0,101,20,66,-7,90,13,71,26,85,28,61,28,66,24,61,29,67,24,47,29,46,34,44,29,34,44,0,0,0,0,0,0,0,0,0,0]"""
1782318877074,2026-06-25T01:34:37.044,warning,bed_exit,yja,bed_exit_failed,t057,"CSI_DATA,810237,1a:00:00:00:00:00,-64,11,-99,19,48,11,-350092169,47,2,256,0,""[0,0,0,0,0,0,0,0,0,0,0,0,8,-29,9,-30,14,-36,23,-27,32,-31,18,-26,14,-30,26,-38,25,-42,35,-46,34,-29,33,-40,36,-43,49,-37,56,-31,60,-30,36,-21,67,-14,49,-33,64,-28,72,-28,59,-32,67,-30,66,-18,65,-32,57,-32,71,-22,62,-26,84,-25,68,-15,71,-13,52,-23,64,-28,70,-30,67,-40,67,-34,71,-43,64,-21,75,-47,88,-43,72,-40,85,-33,73,-26,83,-40,47,-37,65,-54,71,-51,62,-73,91,-73,87,-78,83,-49,85,-61,81,-60,88,-74,108,-53,81,-66,98,-65,0,0,0,0,0,0,-62,-112,-59,-117,-52,-83,-54,-105,-71,-113,-38,-98,-55,-121,-52,-98,-52,-121,-56,-78,-67,-79,-73,-89,-73,-87,-90,-91,-54,-82,-72,-79,-76,-79,-73,-91,-64,-82,-83,-90,-59,-70,-63,-89,-66,-57,-68,-67,-80,-68,-88,-71,-90,-69,-68,-74,-80,-65,-89,-66,-85,-78,-73,-68,-79,-92,-67,-84,-70,-79,-61,-56,-78,-63,-74,-64,-82,-61,-78,-76,-73,-73,-51,-82,-70,-76,-56,-81,-46,-78,-41,-81,-25,-76,-30,-79,-27,-50,-36,-65,-29,-62,-36,-60,-32,-69,-19,-59,-11,-57,-9,-54,-9,-50,0,0,0,0,0,0,0,0,0,0]"""
1782318877085,2026-06-25T01:34:37.055,warning,bed_exit,yja,bed_exit_failed,t057,"CSI_DATA,810239,1a:00:00:00:00:00,-64,11,-99,20,48,11,-350070640,47,2,256,0,""[0,0,0,0,0,0,0,0,0,0,0,0,11,26,6,33,-2,33,0,44,-7,40,5,43,3,38,6,35,5,49,-4,46,-13,46,0,51,-4,56,-11,55,-17,70,-8,56,-19,52,-24,52,-16,65,-31,62,-34,54,-16,76,-21,61,-31,64,-20,74,-14,61,-20,68,-31,76,-16,63,-21,72,-23,61,-15,74,-12,64,-7,74,-3,72,-10,81,-3,70,-7,69,0,86,-6,82,-6,99,13,76,16,93,4,93,17,91,9,77,23,89,26,93,32,104,34,95,31,97,40,102,43,117,37,90,36,106,55,117,36,106,0,0,0,0,0,0,125,-48,116,-47,116,-48,110,-45,98,-52,114,-49,96,-49,114,-58,102,-47,101,-60,85,-61,87,-61,91,-90,83,-70,85,-54,79,-79,72,-77,77,-73,94,-83,59,-74,69,-82,74,-69,68,-88,50,-82,51,-81,56,-111,42,-78,52,-80,51,-96,35,-94,46,-93,65,-103,40,-88,50,-95,51,-91,46,-101,44,-88,32,-102,46,-96,44,-103,32,-78,45,-83,38,-86,46,-82,54,-90,31,-72,46,-77,57,-63,42,-74,44,-53,38,-58,38,-59,39,-57,32,-50,38,-39,39,-42,39,-47,0,0,0,0,0,0,0,0,0,0]"""
1782318877096,2026-06-25T01:34:37.066,warning,bed_exit,yja,bed_exit_failed,t057,"CSI_DATA,810240,1a:00:00:00:00:00,-64,11,-99,21,48,11,-350055202,47,2,256,0,""[0,0,0,0,0,0,0,0,0,0,0,0,31,0,30,6,35,4,34,6,34,16,38,5,50,12,44,15,52,24,41,18,40,29,45,25,44,26,46,37,41,39,49,35,40,42,44,50,46,34,50,41,55,50,53,39,57,48,39,56,43,49,54,59,46,56,47,60,47,52,41,51,43,66,49,43,59,44,60,39,62,42,72,42,63,53,56,58,67,51,65,56,62,51,73,49,70,57,68,53,75,39,83,41,90,34,99,29,94,31,92,31,86,46,100,54,104,57,108,48,98,56,102,33,109,43,0,0,0,0,0,0,55,-111,63,-110,53,-97,63,-111,53,-118,68,-105,50,-109,46,-98,61,-103,34,-100,34,-108,38,-111,22,-117,27,-109,54,-103,34,-104,23,-107,39,-100,33,-102,24,-110,22,-98,34,-104,8,-95,1,-101,1,-98,-5,-114,0,-114,26,-107,8,-103,4,-110,16,-114,16,-114,7,-113,11,-103,24,-108,0,-98,-7,-99,-4,-105,-12,-105,2,-108,8,-97,31,-98,14,-88,26,-93,24,-84,24,-85,32,-83,32,-76,19,-68,19,-74,20,-67,14,-65,16,-61,27,-56,31,-49,31,-40,41,-34,0,0,0,0,0,0,0,0,0,0]"""
1782318877107,2026-06-25T01:34:37.077,warning,bed_exit,yja,bed_exit_failed,t057,"CSI_DATA,810241,1a:00:00:00:00:00,-64,11,-99,16,49,11,-350048494,47,2,256,0,""[0,0,0,0,0,0,0,0,0,0,0,0,-18,29,-20,29,-31,22,-30,25,-28,18,-29,20,-31,25,-37,17,-46,27,-48,15,-51,10,-53,8,-50,3,-56,0,-65,4,-61,9,-63,5,-68,-7,-62,-9,-54,-9,-54,-20,-69,-8,-70,-22,-61,-30,-65,-29,-63,-28,-68,-30,-70,-32,-68,-30,-61,-33,-64,-32,-61,-24,-62,-30,-65,-30,-63,-38,-80,-32,-67,-39,-64,-47,-67,-39,-67,-44,-66,-50,-76,-30,-86,-38,-74,-58,-77,-44,-73,-38,-89,-44,-86,-50,-91,-49,-88,-55,-78,-55,-93,-59,-95,-64,-91,-51,-90,-70,-92,-66,-90,-67,0,0,0,0,0,0,-88,86,-102,89,-81,72,-87,88,-96,89,-94,76,-95,78,-90,76,-95,67,-81,74,-77,74,-89,68,-87,79,-94,62,-91,57,-90,61,-86,61,-91,60,-92,63,-80,80,-74,67,-96,62,-73,59,-75,64,-86,56,-96,72,-85,57,-88,50,-98,51,-93,56,-94,53,-99,51,-93,62,-91,49,-92,46,-89,42,-86,39,-96,42,-104,34,-99,39,-98,30,-96,11,-91,13,-99,11,-89,0,-88,13,-85,5,-83,-11,-79,-6,-68,-8,-74,-11,-68,-16,-67,-14,-65,-22,-48,-24,-45,-26,-42,-34,0,0,0,0,0,0,0,0,0,0]"""
1782318877118,2026-06-25T01:34:37.088,warning,bed_exit,yja,bed_exit_failed,t057,"CSI_DATA,810242,1a:00:00:00:00:00,-64,11,-99,15,49,11,-350037640,47,2,256,0,""[0,0,0,0,0,0,0,0,0,0,0,0,-21,-17,-26,-26,-21,-17,-28,-27,-28,-29,-32,-35,-21,-46,-18,-32,-14,-42,-11,-41,-22,-41,-17,-51,-24,-46,-22,-54,-21,-64,-9,-47,-10,-64,-22,-60,-21,-69,-7,-78,0,-69,-7,-66,0,-63,-13,-74,-10,-66,-7,-67,0,-62,4,-70,-8,-59,-9,-74,-8,-72,-15,-92,0,-78,-6,-76,-2,-83,7,-69,-12,-68,-25,-79,-24,-68,-23,-65,-22,-78,-24,-73,-36,-83,-35,-92,-34,-112,-8,-93,-33,-87,-9,-101,-28,-85,-43,-102,-64,-110,-46,-87,-41,-97,-47,-106,-63,-101,-45,-107,-45,-121,0,0,0,0,0,0,-116,47,-94,46,-128,56,-111,34,-92,42,-120,50,-90,47,-116,60,-92,50,-119,49,-117,44,-104,34,-98,41,-95,44,-102,70,-95,63,-86,59,-81,54,-91,57,-71,52,-85,68,-83,65,-97,85,-93,64,-80,59,-83,67,-74,55,-76,88,-73,80,-68,68,-73,55,-89,66,-57,76,-68,80,-82,74,-97,85,-94,54,-78,68,-94,55,-81,42,-82,60,-79,75,-76,62,-59,45,-79,37,-62,49,-68,49,-80,40,-95,37,-72,23,-68,24,-65,8,-56,14,-62,12,-69,18,-53,15,-49,10,0,0,0,0,0,0,0,0,0,0]"""
1782318877129,2026-06-25T01:34:37.099,warning,bed_exit,yja,bed_exit_failed,t057,"CSI_DATA,810243,1a:00:00:00:00:00,-64,11,-99,15,49,11,-350026640,47,2,256,0,""[0,0,0,0,0,0,0,0,0,0,0,0,-21,18,-19,25,-23,22,-28,25,-26,24,-42,26,-44,23,-35,23,-37,9,-42,18,-44,19,-46,14,-49,17,-51,12,-52,16,-55,2,-67,2,-52,5,-75,5,-63,9,-62,10,-62,0,-62,0,-73,3,-69,-6,-65,-15,-70,-9,-71,-4,-70,-7,-83,-3,-68,-6,-88,-7,-78,-4,-79,0,-73,0,-73,-5,-65,-3,-86,-2,-78,0,-74,3,-83,10,-78,-4,-97,3,-84,14,-102,2,-103,14,-91,9,-102,11,-99,16,-95,17,-109,11,-101,6,-114,16,-108,11,-116,14,-123,10,-126,16,0,0,0,0,0,0,29,124,14,110,26,127,25,112,12,107,25,127,15,111,18,126,25,105,13,127,15,123,30,116,15,109,23,105,24,110,14,109,18,113,23,100,28,100,21,106,30,114,31,94,35,109,37,106,48,97,27,98,33,90,45,106,34,102,33,100,28,99,42,101,29,98,36,109,37,92,33,116,35,109,27,102,29,105,16,91,14,93,14,104,11,102,12,86,14,91,-4,80,0,88,10,80,-10,90,-2,75,-8,71,-7,69,-12,62,-15,60,-17,63,-18,50,-18,53,0,0,0,0,0,0,0,0,0,0]"""
1782318877140,2026-06-25T01:34:37.110,warning,bed_exit,yja,bed_exit_failed,t057,"CSI_DATA,810244,1a:00:00:00:00:00,-64,11,-99,19,48,11,-350013113,47,2,256,0,""[0,0,0,0,0,0,0,0,0,0,0,0,-27,8,-33,8,-30,7,-34,5,-42,10,-43,-10,-43,-9,-38,0,-46,-12,-43,-15,-40,-21,-50,-26,-43,-18,-44,-34,-51,-33,-48,-24,-46,-31,-50,-46,-52,-45,-38,-52,-29,-57,-46,-54,-32,-62,-36,-57,-34,-64,-30,-70,-27,-65,-29,-76,-36,-52,-35,-61,-35,-72,-35,-72,-29,-65,-32,-62,-27,-70,-25,-72,-27,-73,-29,-73,-28,-67,-32,-69,-26,-75,-41,-69,-48,-82,-30,-90,-40,-111,-12,-86,-36,-91,-13,-97,-36,-93,-26,-107,-38,-108,-35,-112,-28,-114,-21,-111,-31,-111,-27,-121,-25,-118,0,0,0,0,0,0,-126,12,-119,10,-122,8,-128,2,-111,-5,-128,-11,-107,11,-128,0,-120,0,-123,-16,-119,-14,-108,-23,-128,0,-106,-17,-101,-26,-116,-23,-107,-11,-104,-25,-119,-18,-95,-3,-110,-2,-103,-7,-110,-14,-107,-17,-94,-28,-114,-15,-97,-30,-102,-22,-106,-19,-99,-25,-91,-35,-108,-40,-92,-13,-103,-19,-105,-30,-106,-37,-92,-45,-98,-41,-94,-50,-90,-52,-83,-50,-85,-54,-75,-64,-65,-50,-62,-68,-66,-41,-67,-52,-51,-67,-52,-73,-30,-56,-36,-65,-24,-66,-27,-63,-19,-61,-16,-61,-8,-57,-3,-50,0,0,0,0,0,0,0,0,0,0]"""
1782318877151,2026-06-25T01:34:37.121,warning,bed_exit,yja,bed_exit_failed,t057,"CSI_DATA,810245,1a:00:00:00:00:00,-64,11,-99,15,49,11,-350003734,47,2,256,0,""[0,0,0,0,0,0,0,0,0,0,0,0,26,18,18,21,27,31,28,26,24,34,30,32,28,28,30,36,26,34,43,41,27,42,29,38,35,38,33,50,28,46,35,61,21,51,22,64,28,52,42,52,49,62,35,61,51,56,24,54,35,59,34,59,30,65,30,59,45,69,37,53,37,62,42,48,49,56,52,50,60,50,59,53,66,56,47,57,73,47,74,61,79,52,70,55,65,56,74,53,59,37,89,25,79,32,95,19,112,30,105,28,94,40,105,30,106,38,112,27,109,33,110,18,127,11,0,0,0,0,0,0,23,-128,28,-128,6,-103,21,-125,22,-128,28,-108,19,-128,6,-110,18,-128,-7,-107,-12,-108,-19,-118,-21,-114,-36,-120,-12,-101,-27,-103,-42,-107,-21,-113,-34,-106,-31,-118,-31,-95,-37,-109,-43,-82,-52,-85,-56,-89,-69,-86,-73,-87,-54,-88,-76,-88,-80,-79,-72,-89,-67,-78,-74,-100,-61,-84,-60,-86,-60,-64,-81,-72,-71,-71,-87,-52,-81,-74,-67,-72,-55,-71,-69,-69,-72,-80,-61,-68,-48,-68,-36,-66,-53,-67,-45,-36,-46,-57,-37,-53,-60,-48,-42,-55,-44,-54,-29,-51,-31,-44,-26,-49,0,0,0,0,0,0,0,0,0,0]"""
1782318877162,2026-06-25T01:34:37.132,warning,bed_exit,yja,bed_exit_failed,t057,"CSI_DATA,810246,1a:00:00:00:00:00,-64,11,-99,15,49,11,-349992360,47,2,256,0,""[0,0,0,0,0,0,0,0,0,0,0,0,-3,34,-2,34,-7,30,-2,40,-7,40,-13,36,-13,37,-18,33,-17,47,-17,35,-26,37,-24,45,-25,51,-28,57,-35,57,-27,48,-35,55,-29,56,-28,60,-46,51,-48,42,-32,62,-49,52,-36,61,-36,62,-45,57,-44,61,-47,65,-24,66,-25,65,-40,68,-34,71,-33,59,-32,68,-40,68,-30,85,-29,76,-17,75,-17,72,-14,73,-19,87,4,79,2,87,-5,99,-11,103,-18,92,0,94,-11,100,9,100,8,108,19,107,21,109,13,117,16,117,33,117,34,111,30,114,0,0,0,0,0,0,127,-32,113,-34,118,-38,122,-32,109,-31,122,-44,104,-53,112,-59,103,-46,112,-46,108,-46,104,-34,103,-62,100,-45,92,-56,103,-59,88,-67,81,-64,95,-69,65,-74,70,-86,83,-81,73,-83,76,-86,70,-71,70,-87,72,-79,57,-87,62,-92,60,-85,59,-81,70,-93,29,-99,35,-105,57,-98,49,-105,54,-83,47,-93,63,-84,52,-88,59,-86,43,-90,48,-84,36,-71,50,-74,33,-84,35,-81,46,-71,57,-76,45,-49,43,-61,53,-46,43,-56,43,-48,38,-48,40,-48,44,-37,0,0,0,0,0,0,0,0,0,0]"""
1782318877173,2026-06-25T01:34:37.143,warning,bed_exit,yja,bed_exit_failed,t057,"CSI_DATA,810247,1a:00:00:00:00:00,-64,11,-99,19,48,11,-349982640,47,2,256,0,""[0,0,0,0,0,0,0,0,0,0,0,0,-8,31,-13,33,-12,27,-16,38,-14,30,-25,42,-35,33,-29,35,-37,27,-30,28,-48,35,-45,30,-51,25,-48,21,-52,25,-52,26,-66,25,-67,24,-71,22,-70,3,-74,3,-60,10,-73,5,-83,4,-69,-5,-69,0,-65,-6,-65,-3,-60,2,-73,3,-79,-11,-84,0,-70,-11,-84,-19,-81,-15,-82,-31,-74,2,-84,-11,-88,-2,-81,-14,-67,-14,-72,10,-90,0,-101,-8,-121,3,-94,-6,-98,-30,-94,-15,-72,-11,-112,-29,-119,-5,-107,-30,-113,-27,-128,-42,-107,-16,-108,-29,-122,-44,0,0,0,0,0,0,-37,110,-27,106,-40,127,-41,122,-44,100,-40,126,-47,104,-52,121,-41,97,-64,122,-62,113,-46,100,-50,95,-53,88,-56,108,-53,95,-65,93,-54,92,-46,87,-50,86,-55,102,-43,101,-63,112,-67,102,-46,92,-53,81,-54,85,-52,90,-56,82,-62,87,-55,81,-64,91,-55,81,-52,88,-53,90,-86,95,-73,79,-71,75,-81,67,-83,62,-76,61,-81,68,-88,50,-73,40,-76,40,-76,44,-85,45,-72,37,-91,31,-74,17,-73,14,-73,3,-60,6,-69,0,-67,-4,-55,0,-55,-7,0,0,0,0,0,0,0,0,0,0]"""
1782318877184,2026-06-25T01:34:37.154,warning,bed_exit,yja,bed_exit_failed,t057,"CSI_DATA,810248,1a:00:00:00:00:00,-64,11,-99,15,49,11,-349971037,47,2,256,0,""[0,0,0,0,0,0,0,0,0,0,0,0,12,-34,12,-32,11,-31,15,-35,12,-38,22,-35,24,-30,28,-32,37,-41,32,-24,37,-31,46,-35,42,-37,43,-34,56,-42,41,-42,49,-45,52,-40,47,-35,64,-30,65,-24,56,-41,67,-28,59,-30,62,-27,67,-32,69,-31,76,-32,57,-45,60,-45,70,-44,63,-38,63,-32,63,-38,71,-33,75,-45,65,-36,62,-50,64,-49,57,-50,73,-51,55,-68,50,-71,63,-66,73,-75,73,-54,70,-72,86,-68,63,-73,69,-75,54,-89,67,-99,76,-100,62,-99,51,-100,68,-101,68,-90,0,0,0,0,0,0,-114,-69,-94,-65,-103,-74,-108,-73,-102,-72,-105,-70,-100,-54,-104,-55,-100,-56,-100,-61,-105,-68,-87,-72,-113,-61,-88,-63,-93,-51,-103,-51,-98,-42,-103,-45,-98,-53,-105,-21,-106,-10,-113,-25,-97,-29,-97,-32,-98,-35,-120,-24,-98,-35,-99,-16,-104,-16,-101,-21,-105,-23,-120,-33,-107,4,-108,0,-111,-18,-114,-10,-99,-28,-101,-26,-102,-38,-106,-21,-98,-34,-93,-14,-91,-22,-88,-23,-85,-34,-82,-16,-88,-13,-79,-28,-75,-42,-56,-37,-69,-36,-52,-43,-59,-35,-50,-40,-49,-38,-47,-36,-44,-37,0,0,0,0,0,0,0,0,0,0]"""
1782318877195,2026-06-25T01:34:37.165,warning,bed_exit,yja,bed_exit_failed,t057,"CSI_DATA,810249,1a:00:00:00:00:00,-64,11,-99,14,49,11,-349959913,47,2,256,0,""[0,0,0,0,0,0,0,0,0,0,0,0,-4,-27,-5,-38,-8,-28,-2,-47,-9,-30,4,-53,12,-45,5,-38,12,-39,8,-38,9,-53,13,-54,15,-56,14,-54,23,-56,18,-42,32,-59,18,-48,40,-79,44,-60,39,-54,30,-52,43,-45,42,-72,35,-65,39,-57,39,-52,42,-58,36,-47,49,-74,34,-52,51,-88,46,-66,34,-65,38,-67,40,-53,35,-62,34,-79,32,-79,23,-71,35,-81,26,-61,35,-97,25,-79,44,-119,45,-84,36,-92,44,-93,25,-83,21,-92,19,-123,23,-99,33,-114,32,-108,14,-119,26,-128,34,-120,0,0,0,0,0,0,-123,-25,-95,-22,-128,-34,-112,-41,-85,-22,-128,-29,-98,-21,-128,-35,-90,-22,-128,-42,-128,-27,-111,-26,-98,-29,-92,-25,-122,-19,-118,-5,-108,0,-92,-4,-119,-3,-82,-5,-126,3,-95,0,-128,2,-113,-6,-108,4,-97,-2,-86,3,-113,26,-109,18,-101,20,-92,8,-114,7,-87,13,-124,19,-93,10,-128,7,-113,-2,-107,5,-113,-5,-90,-13,-86,0,-103,16,-94,5,-74,0,-94,-13,-71,-6,-98,-12,-75,-12,-106,-21,-68,-25,-72,-23,-64,-36,-52,-22,-48,-22,-60,-22,-54,-16,-48,-23,0,0,0,0,0,0,0,0,0,0]"""
1782318877206,2026-06-25T01:34:37.176,warning,bed_exit,yja,bed_exit_failed,t057,"CSI_DATA,810250,1a:00:00:00:00:00,-64,11,-99,21,48,11,-349949482,47,2,256,0,""[0,0,0,0,0,0,0,0,0,0,0,0,29,-3,37,-2,29,-3,38,-4,40,2,44,7,50,11,34,14,48,17,45,15,43,27,46,26,40,25,50,32,54,48,48,22,51,37,52,41,60,40,42,55,31,55,62,50,28,59,45,54,54,65,41,57,37,55,45,66,49,51,58,49,46,52,55,64,54,65,53,58,46,69,43,60,46,55,53,56,58,54,57,55,53,68,65,46,72,50,78,65,79,74,55,58,73,60,67,77,84,62,91,81,96,68,89,65,88,77,91,74,100,67,94,83,105,74,0,0,0,0,0,0,88,-108,80,-95,89,-100,90,-83,77,-70,84,-93,68,-90,84,-100,70,-95,83,-83,80,-93,77,-63,71,-93,80,-77,81,-84,74,-85,72,-87,78,-82,84,-85,52,-84,53,-96,63,-91,68,-100,62,-88,60,-89,59,-97,69,-73,55,-92,62,-93,57,-82,58,-77,73,-86,36,-92,51,-97,65,-91,65,-104,73,-80,63,-85,81,-84,66,-80,64,-70,61,-73,69,-67,58,-65,77,-56,52,-64,55,-64,74,-54,80,-48,63,-31,63,-38,63,-22,65,-32,66,-29,59,-18,56,-15,56,-13,0,0,0,0,0,0,0,0,0,0]"""
1782318877217,2026-06-25T01:34:37.187,warning,bed_exit,yja,bed_exit_failed,t057,"CSI_DATA,810251,1a:00:00:00:00:00,-64,11,-99,20,48,11,-349938640,47,2,256,0,""[0,0,0,0,0,0,0,0,0,0,0,0,-15,26,-21,26,-17,25,-26,25,-21,25,-40,28,-38,25,-34,23,-47,26,-36,9,-51,17,-55,15,-55,6,-54,5,-75,10,-45,7,-64,13,-55,9,-82,0,-77,0,-55,5,-80,-13,-55,-5,-70,-12,-78,-16,-70,-12,-59,-14,-85,-19,-55,-6,-78,-14,-67,-8,-95,-19,-76,-21,-73,-11,-79,-20,-75,-18,-71,-2,-81,-10,-76,-14,-69,-19,-90,-20,-69,11,-97,9,-89,-13,-115,-19,-81,-13,-108,2,-97,-19,-98,-7,-105,-12,-120,-3,-111,-5,-117,-16,-107,-11,-120,-14,-128,-21,-115,-23,0,0,0,0,0,0,-23,127,-34,108,-37,127,-27,119,-21,85,-26,127,-18,94,-30,127,-23,105,-37,127,-26,123,-31,92,-17,111,-34,94,-24,111,-26,122,-30,109,-23,104,-32,126,-5,92,-8,115,-15,98,-22,127,-18,110,-13,98,-14,120,-18,87,-20,106,-22,110,-16,101,-24,97,-28,116,-12,88,-10,115,-19,104,-36,127,-29,103,-25,107,-37,103,-32,94,-26,80,-34,100,-44,86,-37,75,-55,79,-24,67,-35,85,-45,71,-64,88,-46,49,-47,68,-52,46,-38,47,-51,40,-54,38,-45,29,-48,30,0,0,0,0,0,0,0,0,0,0]"""
1782318877228,2026-06-25T01:34:37.198,warning,bed_exit,yja,bed_exit_failed,t057,"CSI_DATA,810252,1a:00:00:00:00:00,-64,11,-99,20,48,11,-349927640,47,2,256,0,""[0,0,0,0,0,0,0,0,0,0,0,0,36,-5,34,2,35,3,36,2,36,10,38,9,37,15,37,18,52,16,40,30,43,28,42,31,44,34,45,49,44,49,48,32,43,44,35,49,43,52,43,53,36,57,42,73,29,64,25,67,26,65,27,63,24,64,21,73,28,70,33,69,31,69,30,69,22,72,27,77,28,81,34,73,29,72,32,71,29,79,31,85,21,87,45,72,49,72,36,95,39,87,31,82,39,83,38,90,50,97,43,109,49,100,46,102,39,105,53,105,48,103,31,120,48,110,0,0,0,0,0,0,127,-37,125,-35,126,-25,114,-33,122,-28,121,-18,122,-32,118,-29,119,-14,112,-28,117,-23,112,-9,119,-35,112,-6,100,-14,111,-16,113,-18,112,-12,122,-14,97,-34,99,-37,106,-28,105,-28,107,-22,106,-14,113,-31,109,-16,109,-19,109,-14,101,-25,108,-19,106,-16,108,-28,106,-26,105,-11,110,-15,107,-4,103,0,106,7,111,-4,105,7,95,8,103,17,100,17,94,31,88,12,85,16,83,32,77,31,66,28,67,34,63,37,64,35,53,42,47,40,49,38,39,38,0,0,0,0,0,0,0,0,0,0]"""
1782318877239,2026-06-25T01:34:37.209,warning,bed_exit,yja,bed_exit_failed,t057,"CSI_DATA,810253,1a:00:00:00:00:00,-64,11,-99,19,48,11,-349916628,47,2,256,0,""[0,0,0,0,0,0,0,0,0,0,0,0,29,-25,23,-21,33,-24,30,-15,32,-14,28,-12,33,-17,43,-19,48,-25,57,-13,47,-9,53,-10,54,-5,64,-4,55,-3,70,-13,66,-17,65,-5,60,3,63,-11,71,-9,72,-3,79,-2,67,5,76,13,69,0,76,2,68,0,92,3,74,0,76,-5,62,3,73,-8,75,-9,83,-16,79,-26,82,-19,71,-8,92,-8,94,-14,81,-24,95,-25,79,-28,89,-35,60,-29,74,-51,84,-37,85,-52,94,-52,101,-48,93,-36,110,-50,99,-53,105,-73,107,-50,100,-51,94,-69,0,0,0,0,0,0,-69,-109,-74,-121,-54,-92,-80,-101,-82,-113,-55,-90,-81,-113,-69,-88,-81,-107,-59,-85,-67,-73,-81,-86,-98,-79,-92,-97,-60,-83,-65,-88,-74,-84,-81,-92,-76,-71,-100,-72,-85,-54,-97,-63,-71,-52,-89,-44,-102,-59,-104,-49,-105,-53,-84,-60,-93,-65,-93,-57,-105,-60,-93,-40,-118,-60,-90,-48,-98,-45,-74,-41,-102,-38,-93,-45,-103,-38,-99,-40,-100,-49,-72,-52,-78,-68,-84,-66,-81,-47,-80,-57,-66,-51,-74,-44,-49,-34,-64,-40,-60,-38,-66,-44,-54,-47,-52,-53,-32,-45,-35,-46,-28,-45,0,0,0,0,0,0,0,0,0,0]"""
1782318877250,2026-06-25T01:34:37.220,warning,bed_exit,yja,bed_exit_failed,t057,"CSI_DATA,810254,1a:00:00:00:00:00,-64,11,-99,18,48,11,-349905575,47,2,256,0,""[0,0,0,0,0,0,0,0,0,0,0,0,17,-27,18,-32,16,-23,27,-35,23,-23,33,-39,31,-39,35,-21,38,-38,35,-23,43,-26,39,-35,41,-35,49,-32,58,-33,39,-27,62,-32,51,-18,64,-40,48,-27,47,-15,62,-43,57,-17,72,-19,65,-31,70,-29,74,-21,87,-18,48,-22,74,-33,64,-17,80,-41,67,-30,66,-43,67,-35,74,-38,52,-32,71,-34,61,-42,61,-47,84,-48,53,-52,81,-61,73,-44,87,-73,84,-48,68,-77,81,-64,66,-80,61,-66,71,-79,72,-95,96,-97,67,-73,82,-84,83,-106,78,-84,0,0,0,0,0,0,-96,-98,-80,-78,-99,-100,-78,-96,-80,-74,-91,-109,-70,-65,-107,-94,-67,-72,-101,-87,-93,-71,-74,-69,-106,-68,-80,-57,-90,-73,-98,-57,-97,-49,-90,-57,-104,-77,-85,-33,-111,-52,-82,-59,-114,-53,-100,-41,-87,-43,-114,-33,-85,-32,-92,-41,-103,-33,-106,-28,-98,-43,-121,-52,-81,-12,-112,-29,-90,-41,-127,-42,-94,-40,-100,-27,-100,-39,-101,-40,-82,-28,-87,-43,-90,-31,-81,-40,-87,-55,-70,-26,-92,-48,-61,-46,-86,-58,-52,-44,-68,-45,-51,-48,-60,-38,-35,-38,-49,-40,-44,-39,-36,-49,0,0,0,0,0,0,0,0,0,0]"""
1782318877261,2026-06-25T01:34:37.231,warning,bed_exit,yja,bed_exit_failed,t057,"CSI_DATA,810255,1a:00:00:00:00:00,-64,11,-99,14,49,11,-349894640,47,2,256,0,""[0,0,0,0,0,0,0,0,0,0,0,0,32,-5,27,-2,41,-3,39,4,46,6,32,9,36,2,53,9,46,12,59,15,45,16,41,22,48,26,56,28,47,20,64,35,46,28,58,39,42,29,56,31,75,53,59,43,66,51,53,46,51,49,41,49,54,54,44,43,71,56,56,48,61,47,42,40,67,38,66,46,68,45,64,39,72,57,54,52,71,52,82,55,75,41,83,59,65,48,87,41,56,35,83,38,80,45,95,35,103,47,103,56,86,49,96,56,92,46,109,47,106,53,97,47,125,41,0,0,0,0,0,0,49,-114,62,-128,41,-88,38,-111,69,-128,49,-83,60,-128,39,-101,52,-116,41,-87,38,-88,46,-107,38,-110,43,-128,45,-99,48,-90,42,-106,39,-116,29,-97,32,-123,15,-92,26,-109,18,-90,6,-94,13,-108,13,-117,23,-121,18,-101,32,-107,21,-103,23,-117,14,-101,23,-128,17,-98,13,-108,13,-83,5,-111,23,-107,5,-104,13,-103,28,-109,34,-87,44,-94,43,-96,26,-90,39,-92,34,-70,30,-80,27,-49,30,-68,31,-65,28,-65,40,-61,46,-58,38,-41,41,-38,43,-33,0,0,0,0,0,0,0,0,0,0]"""
1782318877272,2026-06-25T01:34:37.242,warning,bed_exit,yja,bed_exit_failed,t057,"CSI_DATA,810256,1a:00:00:00:00:00,-64,11,-99,15,49,11,-349883629,47,2,256,0,""[0,0,0,0,0,0,0,0,0,0,0,0,-26,16,-34,15,-27,8,-38,15,-33,15,-43,11,-44,10,-41,6,-41,2,-45,8,-53,14,-50,8,-52,11,-54,17,-63,12,-59,0,-74,2,-61,8,-83,5,-81,6,-78,14,-70,0,-59,6,-80,19,-73,15,-70,16,-69,10,-73,11,-73,8,-75,21,-71,15,-90,23,-86,17,-75,24,-76,23,-70,19,-67,32,-73,45,-68,47,-66,46,-76,53,-67,41,-75,54,-67,63,-82,73,-74,61,-73,62,-76,66,-62,64,-56,81,-67,99,-54,81,-61,89,-65,97,-55,109,-60,119,-70,110,0,0,0,0,0,0,117,49,104,43,127,51,108,47,91,35,125,48,112,35,127,44,106,27,127,40,119,38,109,22,100,24,109,10,120,-4,109,-10,109,-22,106,-14,106,-13,105,-8,112,-11,95,-25,127,-30,117,-25,105,-37,93,-25,91,-42,106,-61,92,-59,89,-59,91,-53,92,-55,93,-47,97,-56,89,-54,118,-70,106,-53,93,-59,100,-52,84,-41,78,-52,82,-66,84,-65,69,-53,78,-49,71,-44,80,-51,68,-46,81,-42,71,-37,70,-32,65,-22,55,-21,60,-28,63,-30,51,-26,51,-22,0,0,0,0,0,0,0,0,0,0]"""
1782318877283,2026-06-25T01:34:37.253,warning,bed_exit,yja,bed_exit_failed,t057,"CSI_DATA,810257,1a:00:00:00:00:00,-64,11,-99,20,48,11,-349869573,47,2,256,0,""[0,0,0,0,0,0,0,0,0,0,0,0,22,-13,36,-11,23,-8,40,-15,32,-12,43,-13,46,0,38,0,46,-9,39,6,52,-5,58,4,59,2,56,4,71,17,53,-6,66,0,54,8,75,14,68,21,49,26,77,18,58,24,70,24,72,25,66,18,66,18,79,27,59,11,81,14,67,19,93,19,74,30,69,25,76,30,75,16,62,9,80,-4,82,13,71,0,89,20,72,-20,99,-19,97,6,116,-8,81,10,101,-9,108,7,98,-4,111,-7,115,-32,101,-31,115,-25,100,-25,116,-46,127,-31,127,-23,0,0,0,0,0,0,-19,-128,-13,-108,-27,-128,-18,-123,-15,-93,-23,-128,-26,-91,-36,-128,-20,-105,-40,-128,-29,-122,-13,-111,-38,-108,-9,-105,-44,-110,-48,-103,-40,-99,-42,-95,-38,-121,-52,-63,-69,-97,-54,-85,-63,-109,-46,-110,-46,-101,-59,-99,-45,-81,-64,-88,-64,-88,-65,-74,-55,-78,-65,-104,-71,-61,-82,-85,-60,-85,-83,-107,-37,-99,-53,-92,-46,-106,-54,-83,-57,-81,-65,-79,-56,-77,-48,-72,-39,-86,-52,-58,-57,-78,-29,-75,-35,-99,-17,-66,-24,-73,-8,-78,-22,-61,-9,-66,-11,-62,-15,-58,-3,-56,0,0,0,0,0,0,0,0,0,0]"""
1782318877294,2026-06-25T01:34:37.264,warning,bed_exit,yja,bed_exit_failed,t057,"CSI_DATA,810258,1a:00:00:00:00:00,-64,11,-99,18,48,11,-349861640,47,2,256,0,""[0,0,0,0,0,0,0,0,0,0,0,0,23,16,25,22,27,15,33,22,30,23,36,40,23,47,17,41,17,46,17,38,18,52,16,56,13,53,15,53,15,67,6,49,7,69,10,65,13,79,-6,79,-5,70,-5,67,-9,64,-4,70,-13,68,-18,70,-15,68,-15,78,-6,56,-2,71,-12,71,-19,91,-26,79,-17,70,-21,75,-27,69,-12,72,-7,92,-16,73,-9,70,-12,77,0,80,-2,88,-6,94,-18,114,-20,92,-14,104,-38,101,-16,90,-20,97,-2,124,-12,107,-15,114,-30,111,-9,120,-22,121,-27,118,0,0,0,0,0,0,117,33,100,16,127,38,125,35,97,33,127,45,106,25,122,34,105,25,125,52,117,53,101,48,107,45,91,41,113,38,104,42,99,36,105,33,108,39,86,28,111,31,99,23,127,31,112,41,90,34,98,40,86,32,114,23,99,32,105,36,95,36,111,42,91,18,111,26,106,35,125,56,97,58,95,48,88,59,73,58,78,52,101,55,79,53,68,44,67,56,69,46,73,53,59,62,65,83,43,67,41,62,30,67,32,56,21,54,35,61,20,56,16,54,0,0,0,0,0,0,0,0,0,0]"""
1782318877305,2026-06-25T01:34:37.275,warning,bed_exit,yja,bed_exit_failed,t057,"CSI_DATA,810259,1a:00:00:00:00:00,-64,11,-99,17,48,11,-349850640,47,2,256,0,""[0,0,0,0,0,0,0,0,0,0,0,0,12,-20,23,-34,5,-24,23,-36,17,-26,39,-40,41,-37,36,-23,35,-33,29,-20,45,-37,53,-31,51,-27,46,-33,64,-35,36,-21,60,-41,41,-25,72,-44,66,-31,56,-14,61,-36,56,-9,66,-34,67,-30,70,-25,65,-24,83,-33,46,-30,67,-45,57,-30,91,-45,73,-31,70,-40,64,-34,65,-42,53,-36,71,-57,63,-46,44,-39,67,-52,37,-54,66,-82,55,-57,100,-102,74,-63,67,-80,83,-65,42,-67,51,-69,59,-101,51,-86,69,-103,62,-92,45,-103,80,-126,62,-97,0,0,0,0,0,0,-112,-54,-78,-43,-128,-71,-108,-60,-71,-42,-126,-73,-83,-29,-128,-59,-80,-30,-128,-78,-119,-56,-92,-49,-100,-39,-80,-41,-118,-41,-112,-34,-103,-26,-97,-24,-121,-34,-77,-4,-119,-9,-92,-10,-128,-15,-116,-13,-103,-11,-103,-3,-83,-6,-112,2,-111,9,-107,0,-98,-3,-128,-3,-78,15,-114,22,-93,7,-128,16,-111,-6,-106,9,-106,-2,-90,-2,-82,-2,-111,14,-97,0,-80,3,-96,-5,-71,9,-102,7,-73,-13,-113,-16,-74,-17,-79,-12,-61,-27,-60,-9,-52,-21,-69,-12,-57,-20,-57,-23,0,0,0,0,0,0,0,0,0,0]"""
1782318877316,2026-06-25T01:34:37.286,warning,bed_exit,yja,bed_exit_failed,t057,"CSI_DATA,810260,1a:00:00:00:00:00,-64,11,-99,19,48,11,-349837748,47,2,256,0,""[0,0,0,0,0,0,0,0,0,0,0,0,-10,-26,-16,-33,-10,-28,-13,-47,-11,-33,-12,-46,-9,-49,2,-42,-9,-48,2,-41,2,-57,2,-53,7,-63,5,-56,5,-80,3,-42,2,-70,3,-54,2,-86,23,-78,17,-67,7,-68,17,-56,11,-83,13,-80,15,-73,13,-62,16,-78,-5,-56,-2,-89,5,-63,3,-113,4,-78,-6,-83,2,-81,0,-73,-4,-62,-19,-83,-13,-85,-8,-74,-13,-93,-28,-60,-38,-89,-18,-82,-40,-122,-32,-88,-46,-84,-28,-95,-40,-88,-44,-84,-66,-110,-54,-89,-62,-103,-53,-85,-71,-97,-82,-121,-66,-101,0,0,0,0,0,0,-105,79,-89,60,-126,101,-91,73,-63,53,-107,91,-67,62,-108,112,-64,72,-113,107,-90,84,-78,66,-69,82,-68,63,-76,93,-64,94,-68,94,-52,83,-71,110,-30,71,-46,110,-44,76,-62,127,-50,112,-38,104,-33,101,-32,75,-28,122,-32,108,-33,100,-32,85,-38,114,-2,81,-12,122,-17,95,-32,127,-35,108,-18,113,-38,107,-22,88,-25,79,-16,106,-18,95,-18,82,-32,94,-13,74,-22,97,-24,71,-49,108,-28,66,-25,74,-35,56,-21,64,-31,48,-33,70,-26,53,-29,51,0,0,0,0,0,0,0,0,0,0]"""
1782318877327,2026-06-25T01:34:37.297,warning,bed_exit,yja,bed_exit_failed,t057,"CSI_DATA,810261,1a:00:00:00:00:00,-64,11,-99,18,48,11,-349828640,47,2,256,0,""[0,0,0,0,0,0,0,0,0,0,0,0,19,-29,26,-31,17,-25,21,-28,29,-27,36,-30,39,-21,46,-23,46,-33,45,-22,44,-25,54,-18,44,-15,56,-23,68,-23,55,-29,57,-29,66,-18,61,-16,55,-13,58,8,68,-23,68,-3,69,-13,75,-7,78,-6,84,-13,85,-5,66,-19,70,-21,74,-20,71,-6,67,-10,70,-13,77,0,86,-17,81,-9,74,-19,74,-25,74,-28,92,-15,72,-48,79,-44,87,-33,88,-43,81,-18,93,-39,108,-27,95,-41,101,-40,87,-56,99,-69,103,-60,98,-55,86,-74,108,-60,110,-44,0,0,0,0,0,0,-65,-117,-54,-106,-53,-103,-65,-109,-56,-111,-64,-113,-60,-100,-62,-96,-64,-101,-62,-101,-56,-100,-41,-105,-66,-104,-47,-103,-62,-90,-65,-99,-57,-84,-70,-86,-62,-100,-82,-67,-86,-68,-79,-83,-64,-80,-66,-72,-52,-86,-78,-85,-72,-83,-71,-67,-79,-73,-77,-70,-83,-71,-82,-87,-92,-62,-88,-59,-84,-69,-80,-73,-59,-72,-75,-84,-59,-90,-75,-84,-66,-83,-68,-69,-61,-72,-66,-71,-48,-81,-67,-64,-66,-72,-45,-70,-42,-73,-25,-60,-27,-72,-18,-72,-25,-65,-19,-64,-22,-61,-16,-58,-12,-56,0,0,0,0,0,0,0,0,0,0]"""
1782318877338,2026-06-25T01:34:37.308,warning,bed_exit,yja,bed_exit_failed,t057,"CSI_DATA,810262,1a:00:00:00:00:00,-64,11,-99,17,48,11,-349817457,47,2,256,0,""[0,0,0,0,0,0,0,0,0,0,0,0,9,-32,6,-26,20,-35,12,-25,20,-33,20,-29,24,-39,25,-45,31,-29,41,-44,34,-36,37,-33,44,-30,45,-37,41,-27,62,-44,50,-37,63,-40,57,-24,59,-25,77,-31,55,-19,77,-40,71,-23,65,-19,71,-30,66,-27,53,-34,82,-27,65,-21,72,-40,56,-16,73,-36,74,-27,66,-33,70,-36,76,-32,73,-36,81,-31,88,-41,59,-46,87,-44,71,-35,84,-52,60,-37,84,-70,86,-49,78,-76,89,-57,94,-53,90,-42,92,-56,82,-60,109,-80,106,-60,92,-52,102,-83,0,0,0,0,0,0,-64,-98,-84,-119,-53,-93,-80,-89,-86,-123,-64,-81,-83,-116,-60,-91,-76,-104,-60,-90,-70,-82,-84,-97,-63,-82,-76,-102,-66,-84,-53,-88,-61,-89,-66,-86,-67,-71,-87,-102,-71,-71,-90,-78,-67,-66,-81,-74,-92,-73,-77,-65,-90,-77,-74,-72,-74,-76,-84,-78,-88,-77,-78,-49,-90,-92,-79,-78,-90,-65,-61,-70,-91,-74,-73,-84,-84,-67,-78,-77,-76,-83,-55,-81,-49,-94,-53,-86,-63,-71,-51,-87,-40,-69,-51,-66,-29,-56,-46,-76,-25,-67,-37,-62,-22,-61,-22,-65,-7,-53,-3,-55,-4,-51,0,0,0,0,0,0,0,0,0,0]"""
1782318877349,2026-06-25T01:34:37.319,warning,bed_exit,yja,bed_exit_failed,t057,"CSI_DATA,810263,1a:00:00:00:00:00,-64,11,-99,21,48,11,-349805864,47,2,256,0,""[0,0,0,0,0,0,0,0,0,0,0,0,22,-17,26,-18,23,-16,29,-12,37,-18,41,-21,40,-5,45,-4,50,-9,48,3,54,0,52,6,54,1,59,0,65,7,66,0,63,-2,65,9,56,19,67,14,58,19,71,25,63,33,61,25,60,39,65,26,72,29,73,38,64,22,68,20,70,22,67,33,71,34,69,38,65,45,84,28,79,31,77,17,75,28,75,25,77,28,87,0,93,1,95,20,92,20,85,23,101,16,96,36,104,18,106,33,109,9,113,6,117,20,117,10,122,6,112,22,118,25,0,0,0,0,0,0,21,-128,28,-128,36,-122,18,-118,22,-126,24,-126,14,-128,23,-118,26,-111,20,-111,17,-126,35,-114,7,-123,39,-104,18,-106,26,-111,24,-105,15,-114,31,-112,-11,-109,-10,-114,1,-110,4,-102,2,-110,21,-97,2,-119,10,-106,0,-107,10,-110,0,-108,4,-105,13,-117,-11,-112,-12,-101,-4,-113,0,-112,15,-102,17,-104,31,-102,13,-114,25,-102,5,-100,24,-95,16,-93,31,-93,4,-93,8,-87,30,-87,33,-74,31,-66,38,-65,42,-63,35,-57,51,-53,33,-50,41,-45,40,-40,0,0,0,0,0,0,0,0,0,0]"""
1782318877360,2026-06-25T01:34:37.330,warning,bed_exit,yja,bed_exit_failed,t057,"CSI_DATA,810264,1a:00:00:00:00:00,-64,11,-99,18,48,11,-349795174,47,2,256,0,""[0,0,0,0,0,0,0,0,0,0,0,0,31,7,31,13,33,13,33,16,31,17,33,15,33,26,23,28,38,34,31,39,30,39,25,43,27,44,33,52,30,59,36,47,34,47,26,61,26,60,12,65,0,70,32,75,6,70,13,74,9,82,13,67,9,71,7,78,26,74,25,70,10,75,18,73,8,82,12,79,9,80,16,81,4,75,10,74,20,77,20,87,7,87,28,74,29,74,21,98,32,91,18,86,26,92,14,93,36,108,29,112,40,110,38,108,29,109,36,108,45,111,38,124,35,116,0,0,0,0,0,0,127,-30,127,-21,127,-27,125,-15,119,-16,114,-15,117,-27,123,-30,120,-19,114,-17,111,-15,109,3,118,-35,117,-7,107,-17,111,-5,112,-18,113,-15,119,-15,96,-36,98,-36,106,-33,103,-20,99,-29,107,-17,112,-33,106,-17,108,-25,114,-20,93,-18,106,-30,113,-22,108,-42,106,-39,104,-21,107,-22,108,-13,110,-17,109,6,108,-12,101,6,97,-2,101,0,95,7,96,18,92,-10,92,5,91,15,82,23,71,22,74,25,65,31,69,27,60,30,58,32,53,30,42,31,0,0,0,0,0,0,0,0,0,0]"""
1782318877371,2026-06-25T01:34:37.341,warning,bed_exit,yja,bed_exit_failed,t057,"CSI_DATA,810265,1a:00:00:00:00:00,-64,11,-99,19,48,11,-349784068,47,2,256,0,""[0,0,0,0,0,0,0,0,0,0,0,0,-24,26,-25,18,-30,24,-32,19,-42,19,-27,13,-35,16,-45,12,-47,8,-61,14,-52,0,-53,3,-52,-3,-59,-6,-56,-3,-73,-8,-60,-11,-67,-14,-52,-15,-65,-5,-79,-11,-65,-18,-70,-18,-55,-31,-70,-35,-62,-30,-64,-31,-61,-25,-82,-44,-68,-31,-68,-30,-55,-28,-76,-26,-68,-36,-79,-29,-73,-30,-71,-44,-65,-47,-78,-49,-85,-43,-79,-30,-80,-53,-75,-44,-90,-26,-64,-26,-102,-27,-74,-40,-102,-17,-103,-41,-97,-43,-84,-53,-90,-62,-92,-43,-107,-53,-105,-57,-100,-55,-109,-54,0,0,0,0,0,0,-67,116,-76,124,-56,87,-51,108,-73,124,-59,85,-75,121,-67,93,-78,106,-55,82,-54,90,-62,108,-63,87,-71,114,-69,84,-68,81,-72,92,-73,88,-63,88,-76,105,-56,87,-60,98,-55,84,-46,90,-63,104,-50,97,-61,104,-62,89,-67,88,-63,92,-71,92,-51,84,-87,100,-69,86,-63,87,-59,66,-64,100,-71,75,-65,89,-75,75,-82,69,-82,50,-89,53,-88,56,-83,60,-92,45,-78,33,-73,49,-55,26,-73,36,-67,24,-66,33,-71,21,-75,14,-56,0,-59,0,-52,-3,0,0,0,0,0,0,0,0,0,0]"""
1782318877382,2026-06-25T01:34:37.352,warning,bed_exit,yja,bed_exit_failed,t057,"CSI_DATA,810266,1a:00:00:00:00:00,-63,11,-99,18,48,11,-349773623,47,2,256,0,""[0,0,0,0,0,0,0,0,0,0,0,0,2,28,0,38,-2,32,-3,35,-6,40,-7,46,-17,44,-12,35,-18,48,-32,38,-30,42,-34,41,-36,35,-43,33,-53,38,-31,34,-49,40,-53,38,-64,34,-59,29,-47,21,-73,42,-59,15,-65,20,-70,18,-65,20,-68,16,-81,23,-59,19,-74,19,-70,26,-83,21,-77,8,-71,21,-84,9,-79,14,-71,16,-74,30,-77,13,-73,8,-88,7,-73,30,-87,35,-96,15,-106,23,-77,16,-93,31,-99,8,-100,18,-112,13,-111,22,-109,18,-111,20,-106,3,-123,17,-128,6,-123,6,0,0,0,0,0,0,0,127,-10,123,-17,127,-5,127,-8,104,-13,127,-8,106,-22,127,-15,118,-23,119,-20,121,-22,101,-20,116,-29,108,-21,107,-19,114,-22,112,-32,110,-31,120,-9,86,-6,109,-19,107,-21,116,-27,111,-21,104,-20,122,-28,91,-26,103,-29,107,-23,98,-35,93,-45,109,-14,90,-29,112,-40,100,-47,114,-45,97,-42,96,-59,105,-48,96,-51,85,-54,92,-65,87,-59,65,-65,65,-47,60,-58,74,-66,54,-75,58,-56,34,-60,42,-61,36,-55,36,-62,21,-56,21,-57,17,-56,6,0,0,0,0,0,0,0,0,0,0]"""
1782318877393,2026-06-25T01:34:37.363,warning,bed_exit,yja,bed_exit_failed,t057,"CSI_DATA,810267,1a:00:00:00:00:00,-64,11,-99,18,48,11,-349762640,47,2,256,0,""[0,0,0,0,0,0,0,0,0,0,0,0,41,59,16,-49,7,49,-44,-21,-46,59,55,23,46,127,25,-5,29,-4,65,91,-35,70,17,31,29,75,-30,59,8,23,4,56,-47,59,-15,77,-13,62,3,68,-26,36,-19,71,-23,57,-35,69,-25,74,-21,65,-32,61,-43,72,-17,60,-36,82,-35,47,-36,85,-26,67,-21,77,-19,77,-25,82,-25,54,-26,73,-13,79,-23,83,-31,96,-3,72,-18,97,-18,80,-8,109,-15,83,-5,101,-15,104,-3,107,3,97,-4,110,3,111,-6,125,-3,97,3,117,3,127,-3,116,0,0,0,0,0,0,127,20,116,7,127,6,112,21,98,4,127,15,101,-4,127,5,104,17,127,6,114,-4,111,10,124,-17,94,-7,114,4,114,-9,113,-15,106,-8,127,-10,81,-27,121,-29,96,-5,117,-32,103,-32,106,-30,106,-42,81,-27,104,-26,101,-39,100,-38,94,-21,127,-26,75,-39,114,-39,97,-12,127,-46,98,-21,105,-42,105,-26,105,-29,83,-20,98,-19,93,-31,92,-21,112,-5,68,-20,97,-16,77,2,93,-6,71,0,79,0,68,0,75,-7,47,13,58,10,62,14,59,16,0,0,0,0,0,0,0,0,0,0]"""
1782318877404,2026-06-25T01:34:37.374,warning,bed_exit,yja,bed_exit_failed,t057,"CSI_DATA,810268,1a:00:00:00:00:00,-64,11,-99,17,48,11,-349749130,47,2,256,0,""[0,0,0,0,0,0,0,0,0,0,0,0,-20,-23,-20,-35,-17,-30,-17,-30,-10,-36,-13,-35,0,-43,3,-51,6,-53,10,-41,6,-52,9,-59,11,-49,13,-55,21,-55,10,-61,13,-63,32,-64,33,-52,33,-46,42,-34,40,-62,51,-51,43,-51,53,-47,54,-57,49,-56,59,-57,44,-60,44,-61,52,-53,52,-56,60,-45,54,-47,66,-45,65,-53,64,-49,43,-59,57,-46,59,-57,65,-53,53,-77,53,-74,70,-66,71,-70,71,-53,70,-67,86,-61,72,-65,79,-66,71,-84,82,-89,89,-87,83,-78,72,-94,90,-72,91,-70,0,0,0,0,0,0,-72,-107,-77,-100,-74,-100,-66,-110,-56,-114,-62,-112,-69,-97,-67,-108,-64,-97,-53,-103,-52,-102,-33,-111,-60,-111,-36,-106,-50,-98,-51,-114,-49,-96,-51,-98,-43,-114,-62,-84,-63,-93,-56,-92,-42,-91,-49,-92,-29,-98,-55,-108,-44,-102,-50,-90,-47,-97,-45,-97,-44,-101,-42,-109,-52,-90,-56,-94,-46,-109,-37,-101,-24,-100,-20,-107,-3,-111,-23,-111,-5,-104,-22,-98,-11,-97,-9,-91,11,-94,-13,-88,-7,-89,6,-89,14,-81,26,-62,25,-73,34,-66,23,-66,29,-55,26,-52,30,-55,33,-47,0,0,0,0,0,0,0,0,0,0]"""
1782318877415,2026-06-25T01:34:37.385,warning,bed_exit,yja,bed_exit_failed,t057,"CSI_DATA,810269,1a:00:00:00:00:00,-64,11,-99,20,48,11,-349739079,47,2,256,0,""[0,0,0,0,0,0,0,0,0,0,0,0,9,26,5,35,10,23,10,37,5,33,4,51,-9,46,-5,32,-10,48,-13,42,-13,56,-11,55,-13,54,-15,56,-20,67,-13,47,-22,65,-20,56,-28,67,-37,64,-26,54,-32,66,-36,49,-33,57,-37,63,-35,59,-38,57,-57,69,-22,54,-35,74,-38,58,-40,79,-50,59,-31,60,-44,63,-40,63,-32,61,-28,79,-20,69,-17,65,-40,79,-13,75,-17,103,-26,82,-43,118,-42,81,-28,105,-47,97,-25,95,-19,99,-8,111,-9,116,-22,117,-21,109,-4,120,-20,127,-21,114,0,0,0,0,0,0,127,30,108,15,127,25,126,33,95,17,127,30,99,8,127,17,100,16,127,30,125,26,106,34,123,15,102,22,121,16,117,5,105,-4,101,-2,127,13,91,-15,114,-17,108,4,126,-10,106,0,102,4,107,-8,99,0,111,-15,104,-18,106,-9,101,-10,127,0,80,-30,113,-31,106,-19,127,-27,111,2,108,-7,109,5,100,0,92,7,111,-11,100,-10,81,-9,97,13,79,-6,98,4,83,14,108,18,71,31,72,22,68,29,68,21,57,20,62,26,57,17,55,23,0,0,0,0,0,0,0,0,0,0]"""
1782318877426,2026-06-25T01:34:37.396,warning,bed_exit,yja,bed_exit_failed,t057,"CSI_DATA,810270,1a:00:00:00:00:00,-64,11,-99,15,49,11,-349729640,47,2,256,0,""[0,0,0,0,0,0,0,0,0,0,0,0,14,29,12,29,12,32,9,31,14,33,8,43,11,46,6,45,13,36,8,54,12,56,10,56,6,49,6,51,7,51,-3,73,0,59,3,68,-2,70,0,60,2,55,-3,60,-5,78,2,73,-6,68,3,71,2,72,12,65,-4,78,-3,73,10,83,7,74,15,87,11,71,18,73,12,72,25,83,30,83,26,79,26,71,29,64,41,87,42,83,47,82,41,85,62,102,50,89,62,79,54,71,63,81,67,92,62,75,73,78,89,105,80,88,79,78,89,86,0,0,0,0,0,0,63,-90,76,-89,87,-97,78,-103,71,-101,69,-91,81,-106,65,-91,70,-111,72,-106,67,-116,57,-111,46,-89,55,-104,54,-124,41,-100,34,-111,36,-94,17,-89,34,-117,26,-108,18,-110,25,-106,14,-121,0,-121,13,-91,8,-110,0,-124,2,-107,0,-110,0,-105,-8,-93,-4,-116,-2,-103,-12,-110,0,-110,-13,-124,-13,-113,-16,-108,-6,-95,-10,-106,-9,-109,2,-97,-2,-88,-6,-79,0,-97,0,-89,-6,-85,6,-81,4,-89,7,-76,6,-70,6,-57,7,-65,7,-68,12,-53,9,-51,0,0,0,0,0,0,0,0,0,0]"""
1782318877437,2026-06-25T01:34:37.407,warning,bed_exit,yja,bed_exit_failed,t057,"CSI_DATA,810271,1a:00:00:00:00:00,-64,11,-99,19,48,11,-349716210,47,2,256,0,""[0,0,0,0,0,0,0,0,0,0,0,0,35,4,36,2,29,5,38,10,35,6,38,8,46,16,32,17,57,16,36,28,48,24,53,33,49,29,50,28,54,37,55,22,63,24,57,28,57,40,61,30,43,33,71,35,60,45,57,41,64,48,63,36,67,34,73,42,69,15,70,17,81,21,72,37,67,25,71,26,76,32,81,9,80,15,71,3,74,8,80,13,87,16,80,-22,87,-22,103,-9,100,-19,86,-12,90,-26,100,-13,95,-32,108,-32,104,-41,102,-54,101,-44,106,-57,104,-65,108,-61,121,-48,0,0,0,0,0,0,-66,-116,-66,-99,-74,-110,-82,-101,-76,-95,-86,-103,-78,-78,-92,-95,-84,-84,-84,-87,-90,-82,-76,-78,-103,-63,-76,-82,-91,-63,-98,-70,-92,-63,-94,-56,-97,-62,-102,-25,-107,-17,-111,-35,-108,-36,-105,-32,-94,-28,-111,-22,-102,-26,-103,-11,-110,-23,-105,-11,-102,-13,-113,-22,-100,19,-107,19,-120,10,-126,2,-104,-8,-110,10,-119,-12,-110,0,-104,8,-105,18,-95,0,-84,10,-90,-7,-87,19,-93,22,-91,4,-95,0,-78,0,-79,4,-68,-15,-69,4,-66,-10,-63,-6,-59,-5,-59,-7,0,0,0,0,0,0,0,0,0,0]"""
1782318877448,2026-06-25T01:34:37.418,warning,bed_exit,yja,bed_exit_failed,t057,"CSI_DATA,810272,1a:00:00:00:00:00,-64,11,-99,18,48,11,-349704531,47,2,256,0,""[0,0,0,0,0,0,0,0,0,0,0,0,-31,2,-22,0,-46,-5,-32,0,-45,-15,-34,-6,-28,0,-47,-7,-46,0,-49,-8,-45,-16,-52,-6,-56,-10,-60,-21,-48,-26,-67,-23,-54,-16,-69,-33,-52,-19,-62,-19,-82,-13,-64,-27,-81,-10,-57,-26,-69,-20,-69,-20,-74,-27,-69,-14,-78,-28,-69,-22,-79,-20,-56,-7,-71,-6,-73,3,-81,6,-81,7,-86,10,-75,-6,-83,9,-93,5,-85,9,-94,9,-90,12,-90,12,-62,25,-81,55,-80,38,-77,65,-110,56,-98,59,-91,38,-100,46,-95,66,-95,72,-107,43,-93,65,-90,81,0,0,0,0,0,0,79,103,87,116,67,81,82,92,105,99,71,88,87,99,74,79,98,94,85,55,83,52,104,52,106,58,121,52,81,51,103,40,107,44,117,58,103,40,117,44,94,35,117,42,88,10,96,9,112,0,106,-7,126,-3,96,15,120,0,108,-17,122,-5,105,-14,125,5,111,6,113,0,80,-5,99,-26,106,-17,103,-42,110,-33,109,-23,94,6,103,-14,111,-3,98,-14,90,0,79,4,90,-2,58,-14,77,-13,69,-17,71,-30,72,-7,69,-10,55,2,56,-2,52,0,0,0,0,0,0,0,0,0,0,0]"""
1782318877459,2026-06-25T01:34:37.429,warning,bed_exit,yja,bed_exit_failed,t057,"CSI_DATA,810273,1a:00:00:00:00:00,-64,11,-99,15,49,11,-349695908,47,2,256,0,""[0,0,0,0,0,0,0,0,0,0,0,0,32,-5,35,-3,36,-10,38,-7,40,-13,38,-5,42,-4,43,2,51,0,47,0,49,9,50,9,52,3,59,15,56,16,59,16,60,14,65,19,59,8,62,23,68,21,69,19,73,24,65,26,70,22,61,32,69,28,73,31,73,19,72,23,73,28,72,14,71,11,75,5,80,10,87,12,83,21,72,21,81,5,88,11,86,10,88,0,88,0,90,9,91,-3,93,-2,93,-5,104,-5,98,-24,108,-21,100,-13,112,-16,119,-8,107,-21,120,-17,123,-24,116,-34,0,0,0,0,0,0,-33,-124,-26,-128,-17,-121,-21,-124,-21,-128,-19,-123,-38,-120,-30,-123,-26,-119,-27,-118,-41,-108,-31,-113,-54,-112,-37,-108,-19,-111,-36,-109,-42,-100,-43,-103,-45,-106,-62,-95,-57,-89,-50,-106,-54,-85,-70,-81,-60,-90,-81,-84,-62,-89,-55,-90,-65,-89,-63,-91,-65,-92,-68,-87,-78,-81,-74,-78,-66,-91,-80,-78,-72,-79,-76,-81,-74,-84,-75,-80,-67,-85,-49,-90,-57,-75,-49,-81,-50,-89,-50,-76,-48,-76,-35,-78,-33,-73,-33,-67,-33,-64,-32,-59,-33,-67,-23,-61,-16,-63,-11,-61,-11,-55,0,0,0,0,0,0,0,0,0,0]"""
1782318877470,2026-06-25T01:34:37.440,warning,bed_exit,yja,bed_exit_failed,t057,"CSI_DATA,810274,1a:00:00:00:00:00,-64,11,-99,15,49,11,-349684821,47,2,256,0,""[0,0,0,0,0,0,0,0,0,0,0,0,28,-12,30,-9,31,-4,35,-7,43,-3,37,3,47,7,47,6,43,9,46,11,53,11,49,16,48,22,47,19,42,21,55,52,51,43,52,54,46,50,33,44,38,57,37,44,49,60,44,55,38,51,48,62,37,60,34,46,32,78,21,72,35,69,23,62,38,71,30,74,31,67,35,78,33,86,38,78,34,80,42,85,30,72,28,99,22,93,31,79,32,72,45,107,31,88,57,94,17,105,40,98,25,94,15,105,24,103,30,121,16,113,22,105,26,127,0,0,0,0,0,0,127,-11,125,-2,112,-10,127,-2,127,0,117,9,127,12,108,13,127,9,119,14,121,12,127,-2,111,23,123,0,120,4,111,0,109,-3,105,13,92,11,127,26,110,21,117,19,100,22,111,21,117,8,93,27,120,10,110,9,105,8,112,22,108,21,97,16,113,51,95,43,106,40,90,44,111,45,99,47,101,45,84,56,97,52,87,60,76,62,79,62,68,52,63,81,51,72,55,63,38,61,51,72,33,69,40,60,25,59,34,67,17,63,11,59,8,52,0,0,0,0,0,0,0,0,0,0]"""
1782318877481,2026-06-25T01:34:37.451,warning,bed_exit,yja,bed_exit_failed,t057,"CSI_DATA,810275,1a:00:00:00:00:00,-64,11,-99,20,48,11,-349667898,47,2,256,0,""[0,0,0,0,0,0,0,0,0,0,0,0,-29,5,-23,3,-42,3,-39,0,-43,-5,-34,4,-33,2,-43,4,-52,8,-52,2,-45,-9,-49,0,-62,-3,-61,-16,-58,-14,-64,-9,-61,-6,-69,-14,-59,-4,-66,-13,-82,-19,-71,0,-71,0,-70,-22,-67,-5,-69,0,-77,-5,-69,-8,-76,-3,-77,-12,-76,-14,-56,-2,-76,5,-67,10,-74,20,-92,18,-63,25,-76,15,-79,20,-104,23,-66,23,-90,28,-71,43,-81,47,-61,65,-64,64,-83,54,-63,87,-88,94,-72,60,-77,75,-95,88,-74,94,-54,98,-70,93,-64,92,-71,97,0,0,0,0,0,0,111,76,118,70,86,61,111,68,127,56,96,63,122,66,105,44,116,70,106,23,105,22,113,11,121,9,123,10,107,26,107,3,112,0,121,7,114,4,115,-13,98,-15,118,-4,92,-24,99,-30,102,-35,108,-48,106,-56,105,-25,100,-44,98,-59,104,-51,97,-52,109,-55,98,-38,102,-49,74,-52,83,-63,83,-74,80,-75,83,-75,83,-70,86,-43,81,-58,98,-48,76,-47,75,-51,70,-37,79,-38,55,-44,61,-45,49,-49,48,-52,57,-43,56,-43,59,-20,51,-31,52,-26,0,0,0,0,0,0,0,0,0,0]"""
1782318877492,2026-06-25T01:34:37.462,warning,bed_exit,yja,bed_exit_failed,t057,"CSI_DATA,810276,1a:00:00:00:00:00,-64,11,-99,18,48,11,-349661753,47,2,256,0,""[0,0,0,0,0,0,0,0,0,0,0,0,0,-28,7,-27,12,-40,13,-35,27,-35,13,-36,12,-35,16,-45,20,-35,19,-46,21,-40,21,-44,28,-41,43,-43,42,-36,46,-48,35,-45,60,-35,47,-38,42,-31,56,-35,58,-49,59,-57,59,-34,61,-39,56,-49,60,-41,55,-40,71,-40,61,-30,69,-32,45,-39,56,-44,54,-47,55,-54,59,-58,61,-59,54,-45,56,-61,73,-58,58,-57,71,-61,60,-57,73,-66,48,-61,52,-80,57,-78,41,-85,72,-90,60,-92,70,-79,75,-95,72,-87,65,-98,81,-75,64,-91,80,-96,0,0,0,0,0,0,-95,-81,-101,-104,-81,-69,-92,-83,-118,-91,-73,-81,-95,-91,-81,-78,-95,-97,-84,-55,-88,-57,-101,-60,-104,-58,-110,-66,-84,-60,-95,-52,-106,-47,-99,-66,-91,-56,-107,-61,-91,-52,-98,-67,-86,-30,-95,-34,-101,-41,-107,-33,-116,-36,-98,-48,-107,-28,-106,-26,-106,-45,-101,-35,-110,-57,-93,-49,-96,-48,-84,-31,-105,-36,-91,-41,-101,-27,-106,-41,-101,-46,-82,-56,-94,-45,-88,-62,-79,-57,-78,-66,-51,-55,-65,-59,-49,-31,-61,-51,-56,-42,-64,-45,-52,-53,-45,-46,-31,-47,-31,-42,-35,-45,0,0,0,0,0,0,0,0,0,0]"""
1782318877503,2026-06-25T01:34:37.473,warning,bed_exit,yja,bed_exit_failed,t057,"CSI_DATA,810277,1a:00:00:00:00:00,-64,11,-99,14,49,11,-349652641,47,2,256,0,""[0,0,0,0,0,0,0,0,0,0,0,0,15,29,7,23,12,43,18,31,9,44,2,39,6,34,9,46,4,41,20,52,10,51,8,48,17,56,10,54,5,42,-3,79,-5,57,-7,69,0,64,3,65,14,68,-9,64,0,79,0,69,7,68,2,75,-9,73,3,60,-8,84,-3,71,-7,81,5,61,9,84,10,78,16,77,10,77,23,83,17,83,25,83,29,80,31,71,18,103,21,84,30,87,25,69,51,99,33,92,55,80,49,93,60,88,55,92,52,92,53,90,75,106,65,96,60,88,84,96,0,0,0,0,0,0,94,-69,104,-85,88,-77,99,-74,106,-97,85,-69,110,-96,77,-79,96,-95,77,-80,91,-83,79,-96,78,-79,60,-107,66,-97,51,-93,51,-99,54,-101,43,-81,68,-112,56,-92,53,-108,30,-90,35,-95,33,-118,36,-98,22,-120,27,-114,12,-108,13,-113,14,-111,5,-92,36,-127,26,-100,27,-111,20,-82,8,-117,29,-108,2,-108,26,-96,15,-107,19,-95,15,-99,23,-96,17,-80,36,-92,28,-75,16,-83,20,-64,28,-86,25,-67,15,-68,28,-57,20,-69,22,-56,25,-47,26,-45,0,0,0,0,0,0,0,0,0,0]"""
1782318877514,2026-06-25T01:34:37.484,warning,bed_exit,yja,bed_exit_failed,t057,"CSI_DATA,810279,1a:00:00:00:00:00,-64,11,-99,15,49,11,-349630641,47,2,256,0,""[0,0,0,0,0,0,0,0,0,0,0,0,31,18,27,19,32,25,26,17,29,29,25,28,29,32,31,44,29,37,26,45,17,50,13,51,10,50,8,52,13,51,10,70,5,57,10,73,0,53,0,63,-8,85,-5,63,-7,85,-12,66,-18,70,-17,70,-22,65,-10,62,-30,81,-29,67,-27,79,-28,55,-15,78,-27,69,-17,72,-16,86,-34,81,-41,75,-42,81,-32,84,-17,78,-36,88,-41,83,-28,88,-26,65,-25,102,-44,84,-18,101,-38,100,-38,98,-47,81,-63,90,-49,94,-55,112,-65,97,-56,91,-55,114,0,0,0,0,0,0,101,73,113,89,78,62,106,72,116,93,85,69,104,93,78,79,95,88,74,81,79,69,95,89,81,76,92,93,74,82,68,89,69,81,76,83,67,69,88,97,70,67,85,83,64,70,73,70,87,82,70,75,87,93,60,84,59,87,66,86,65,95,67,75,67,111,56,94,66,92,45,80,65,90,44,94,61,95,43,101,37,106,25,93,13,98,19,106,19,94,10,100,0,84,13,83,-4,63,5,88,-12,69,2,80,-16,70,-14,63,-25,55,-27,50,-27,46,0,0,0,0,0,0,0,0,0,0]"""
1782318877525,2026-06-25T01:34:37.495,warning,bed_exit,yja,bed_exit_failed,t057,"CSI_DATA,810280,1a:00:00:00:00:00,-64,11,-99,20,48,11,-349618259,47,2,256,0,""[0,0,0,0,0,0,0,0,0,0,0,0,15,27,17,32,17,27,18,28,11,33,11,37,5,40,0,44,6,51,-9,50,-6,53,-10,57,-7,45,-10,54,-18,59,-9,59,-9,67,-20,65,-32,53,-24,48,-34,48,-44,65,-45,51,-38,49,-47,52,-45,58,-50,62,-58,62,-44,56,-38,58,-43,56,-46,54,-59,43,-50,47,-60,42,-63,57,-60,59,-56,65,-45,53,-47,53,-61,58,-46,72,-57,81,-61,68,-69,73,-68,56,-69,74,-85,59,-70,70,-83,73,-60,76,-76,92,-88,85,-87,83,-75,89,-91,72,-88,72,0,0,0,0,0,0,72,116,68,108,62,107,67,111,59,107,63,112,58,92,69,109,52,99,48,101,51,113,27,112,65,112,29,111,50,114,40,110,43,105,45,106,37,111,60,82,57,93,48,108,35,91,39,97,21,103,53,104,20,104,39,94,36,106,35,97,37,101,30,120,49,90,49,101,30,107,30,106,8,105,10,107,-4,111,12,116,0,104,9,97,0,98,-6,96,-17,97,5,94,2,95,-18,85,-21,81,-30,61,-31,63,-47,63,-33,67,-38,57,-29,55,-40,51,-35,46,0,0,0,0,0,0,0,0,0,0]"""
1782318877536,2026-06-25T01:34:37.506,warning,bed_exit,yja,bed_exit_failed,t057,"CSI_DATA,810281,1a:00:00:00:00:00,-64,11,-99,19,48,11,-349608641,47,2,256,0,""[0,0,0,0,0,0,0,0,0,0,0,0,63,-68,-55,-50,50,9,54,40,55,49,55,-11,-7,-55,-89,-7,55,-50,24,9,78,-102,32,-12,43,-14,41,-71,55,11,30,-44,24,-64,32,-41,66,-28,92,-18,89,-22,57,-8,66,-10,70,-28,64,-18,69,-17,60,-13,79,-5,54,-23,69,-17,72,-22,91,-23,84,0,75,-12,85,-3,68,-8,76,-23,73,-36,71,-24,66,-23,83,-16,64,-49,80,-55,87,-33,107,-50,93,-27,88,-46,104,-26,82,-32,102,-45,104,-64,81,-60,97,-56,107,-46,102,-73,110,-65,116,-47,0,0,0,0,0,0,-52,-123,-37,-87,-52,-128,-44,-109,-44,-97,-53,-122,-43,-94,-56,-119,-55,-95,-59,-124,-48,-122,-31,-95,-46,-100,-31,-100,-67,-107,-67,-99,-55,-93,-46,-89,-50,-100,-53,-69,-72,-85,-69,-86,-75,-106,-65,-111,-53,-88,-56,-91,-57,-76,-79,-89,-65,-78,-66,-83,-56,-79,-59,-99,-68,-64,-71,-79,-65,-87,-83,-112,-40,-104,-53,-93,-43,-99,-47,-84,-45,-81,-69,-84,-48,-79,-35,-71,-22,-81,-46,-65,-53,-82,-28,-87,-29,-105,-5,-72,-23,-73,2,-78,-7,-66,-3,-70,-11,-71,-2,-55,3,-52,0,0,0,0,0,0,0,0,0,0]"""
1782318877547,2026-06-25T01:34:37.517,warning,bed_exit,yja,bed_exit_failed,t057,"CSI_DATA,810282,1a:00:00:00:00:00,-64,11,-99,21,48,11,-349592229,47,2,256,0,""[0,0,0,0,0,0,0,0,0,0,0,0,29,22,23,14,25,25,23,17,24,29,18,27,23,33,37,33,26,39,31,44,21,43,20,46,27,42,19,55,14,50,4,74,8,58,0,67,6,50,2,47,10,71,4,65,7,87,2,65,2,65,-1,71,-5,79,-3,70,-15,82,-8,71,-10,74,0,53,8,70,-1,69,8,71,0,84,0,87,-14,73,-9,89,-4,99,10,87,-20,101,-13,85,6,80,-5,61,15,98,0,86,30,97,2,115,17,103,-6,89,-15,121,-7,112,0,118,-3,114,0,109,9,125,0,0,0,0,0,0,127,5,127,10,101,-4,126,17,127,21,113,19,127,17,116,11,127,23,96,21,98,5,126,-5,115,12,127,-3,97,12,108,8,106,6,113,14,108,0,125,15,97,10,120,9,83,2,94,-7,110,-17,115,-5,126,-8,99,0,109,-5,120,-7,127,8,103,-1,125,21,108,15,107,7,78,13,103,-3,102,11,111,-12,119,18,109,18,84,35,98,32,97,34,97,20,85,54,70,48,80,32,50,24,72,32,61,33,70,26,60,44,55,31,39,45,41,46,32,44,0,0,0,0,0,0,0,0,0,0]"""
1782318877558,2026-06-25T01:34:37.528,warning,bed_exit,yja,bed_exit_failed,t057,"CSI_DATA,810283,1a:00:00:00:00:00,-64,11,-99,15,49,11,-349586641,47,2,256,0,""[0,0,0,0,0,0,0,0,0,0,0,0,17,17,29,21,19,23,22,32,24,29,25,34,18,33,22,37,16,37,12,46,12,51,7,51,4,54,4,55,11,60,0,49,2,60,4,59,-9,80,-10,67,-8,53,-11,67,-18,55,-11,82,-26,71,-24,67,-21,64,-17,62,-25,69,-14,74,-19,66,-31,86,-25,83,-28,72,-26,80,-26,67,-28,67,-15,76,-30,72,-17,74,-23,80,-22,75,-23,84,-15,89,-27,98,-19,98,-14,90,-31,92,-23,90,-21,100,-31,122,-28,88,-31,104,-35,103,-24,118,-44,119,-41,121,0,0,0,0,0,0,121,30,110,40,127,50,114,33,90,45,121,47,109,47,122,53,104,37,118,56,116,51,104,46,88,46,101,51,118,46,100,51,102,51,104,45,104,38,89,38,107,42,101,29,117,45,109,36,106,32,90,42,89,42,112,42,106,41,99,41,91,38,100,36,97,41,107,38,99,37,116,63,104,60,93,49,91,62,83,55,80,56,95,60,72,71,69,57,66,61,59,59,65,55,59,59,55,76,45,62,43,60,34,62,29,55,24,61,31,62,14,61,23,52,0,0,0,0,0,0,0,0,0,0]"""
1782318877569,2026-06-25T01:34:37.539,warning,bed_exit,yja,bed_exit_failed,t057,"CSI_DATA,810284,1a:00:00:00:00:00,-64,11,-99,14,49,11,-349573347,47,2,256,0,""[0,0,0,0,0,0,0,0,0,0,0,0,-23,27,-22,18,-28,29,-23,21,-32,21,-30,27,-21,25,-32,33,-34,32,-33,36,-39,27,-35,36,-32,33,-46,26,-46,30,-61,36,-45,32,-66,33,-45,21,-43,40,-52,51,-53,40,-48,58,-58,29,-56,31,-59,46,-61,34,-54,42,-65,43,-59,52,-58,47,-39,36,-33,59,-31,49,-47,70,-44,54,-47,60,-52,55,-43,66,-43,90,-33,67,-60,79,-53,67,-38,73,-19,66,-23,75,-23,88,10,103,-42,90,-23,97,-42,92,-41,125,-20,103,-2,109,-25,96,6,119,-8,118,0,0,0,0,0,0,127,6,127,13,98,7,124,2,127,-5,114,9,125,2,108,-9,127,-4,100,-27,100,-32,110,-47,112,-42,118,-59,105,-27,103,-47,93,-51,106,-52,93,-48,113,-58,95,-49,106,-54,65,-49,71,-64,78,-80,77,-92,74,-88,80,-58,72,-87,71,-90,80,-90,61,-92,98,-88,81,-70,75,-78,49,-68,41,-93,45,-87,34,-99,61,-101,53,-94,66,-67,58,-80,71,-80,57,-78,65,-68,59,-52,56,-68,31,-53,46,-65,36,-54,32,-69,41,-54,34,-60,41,-40,36,-46,39,-39,0,0,0,0,0,0,0,0,0,0]"""
1782318877580,2026-06-25T01:34:37.550,warning,bed_exit,yja,bed_exit_failed,t057,"CSI_DATA,810285,1a:00:00:00:00:00,-64,11,-99,20,48,11,-349564461,47,2,256,0,""[0,0,0,0,0,0,0,0,0,0,0,0,-5,-34,-7,-31,-10,-39,-13,-35,-2,-36,7,-33,3,-38,6,-52,9,-46,-2,-49,9,-45,15,-48,5,-53,11,-54,8,-46,28,-69,19,-51,26,-64,15,-51,20,-60,21,-79,20,-51,28,-72,31,-58,31,-54,32,-62,42,-65,24,-56,33,-70,24,-58,29,-71,22,-60,14,-77,22,-66,9,-76,21,-77,25,-88,26,-75,31,-76,19,-89,0,-77,28,-96,16,-82,-3,-89,13,-72,-7,-109,6,-99,-19,-98,-4,-108,-6,-103,3,-90,13,-106,0,-111,-9,-128,3,-114,-7,-100,-23,-120,0,0,0,0,0,0,-123,8,-128,15,-95,15,-123,23,-128,15,-112,16,-128,19,-107,25,-128,25,-111,17,-102,24,-119,38,-111,30,-120,45,-107,26,-106,17,-110,29,-110,39,-87,43,-121,47,-93,39,-100,57,-78,48,-76,49,-94,67,-89,62,-100,70,-97,54,-94,48,-97,61,-100,64,-72,64,-107,66,-92,57,-85,70,-70,47,-87,83,-83,59,-75,74,-92,68,-98,62,-86,39,-88,38,-93,52,-77,52,-91,40,-77,30,-66,49,-54,27,-70,42,-68,25,-71,38,-66,23,-66,28,-62,14,-62,7,-56,10,0,0,0,0,0,0,0,0,0,0]"""
1782318877591,2026-06-25T01:34:37.561,warning,bed_exit,yja,bed_exit_failed,t057,"CSI_DATA,810286,1a:00:00:00:00:00,-64,11,-99,19,48,11,-349553641,47,2,256,0,""[0,0,0,0,0,0,0,0,0,0,0,0,30,-4,28,0,42,0,32,3,36,8,38,15,41,11,44,14,33,16,48,18,47,25,42,30,40,29,38,28,42,26,50,45,41,38,53,45,46,34,43,40,59,56,36,45,51,56,53,50,46,47,46,59,42,52,46,44,46,59,45,36,54,53,46,51,59,52,57,50,56,44,52,49,61,61,62,55,57,56,64,54,61,27,74,63,67,52,79,36,68,50,93,49,80,55,92,38,86,42,89,50,94,48,89,54,91,48,123,66,100,51,95,44,120,50,0,0,0,0,0,0,37,-104,49,-123,44,-108,50,-112,54,-123,47,-102,52,-122,43,-97,47,-120,53,-111,53,-109,33,-117,42,-95,27,-116,31,-109,42,-99,29,-112,19,-100,13,-91,37,-124,22,-97,8,-113,16,-100,14,-105,13,-113,16,-101,9,-121,5,-117,15,-103,10,-117,3,-109,-4,-97,19,-126,12,-101,4,-114,11,-105,0,-119,14,-105,7,-105,19,-94,17,-104,22,-106,24,-98,23,-90,10,-78,34,-89,27,-73,16,-83,25,-72,26,-84,34,-68,27,-65,28,-56,38,-67,28,-56,35,-43,30,-44,0,0,0,0,0,0,0,0,0,0]"""
1782318877602,2026-06-25T01:34:37.572,warning,bed_exit,yja,bed_exit_failed,t057,"CSI_DATA,810287,1a:00:00:00:00:00,-64,11,-99,16,49,11,-349542420,47,2,256,0,""[0,0,0,0,0,0,0,0,0,0,0,0,-30,-5,-29,0,-42,-11,-33,-5,-29,-11,-24,-20,-27,-16,-35,-16,-29,-24,-45,-30,-40,-31,-33,-36,-38,-27,-36,-35,-29,-26,-45,-53,-32,-44,-39,-54,-33,-51,-34,-39,-40,-46,-37,-49,-40,-67,-35,-61,-27,-54,-21,-60,-27,-63,-26,-54,-39,-69,-30,-57,-37,-68,-29,-59,-46,-57,-35,-65,-48,-65,-42,-63,-35,-67,-38,-63,-40,-71,-53,-72,-48,-53,-53,-76,-43,-71,-60,-57,-36,-64,-77,-61,-48,-70,-72,-60,-70,-76,-73,-80,-61,-75,-64,-86,-60,-74,-78,-95,-78,-83,-70,-83,-92,-87,0,0,0,0,0,0,-73,83,-95,94,-70,74,-82,91,-104,99,-67,75,-101,103,-66,86,-89,97,-80,67,-76,76,-75,96,-80,74,-82,96,-76,86,-71,73,-77,87,-73,92,-52,76,-81,96,-55,78,-60,94,-52,72,-52,88,-57,98,-57,90,-64,100,-62,95,-62,86,-64,85,-58,91,-37,87,-71,107,-54,90,-53,94,-51,66,-53,103,-64,86,-48,91,-59,78,-72,75,-74,67,-73,68,-70,66,-53,69,-78,60,-60,49,-50,70,-47,32,-59,63,-60,40,-58,53,-55,40,-64,38,-51,24,-51,15,-49,17,0,0,0,0,0,0,0,0,0,0]"""
1782318877613,2026-06-25T01:34:37.583,warning,bed_exit,yja,bed_exit_failed,t057,"CSI_DATA,810288,1a:00:00:00:00:00,-64,11,-99,16,49,11,-349530565,47,2,256,0,""[0,0,0,0,0,0,0,0,0,0,0,0,-33,6,-30,2,-33,0,-28,0,-37,-2,-32,-9,-30,-3,-38,-13,-49,-8,-42,-14,-33,-28,-43,-31,-34,-30,-37,-38,-39,-44,-50,-46,-44,-42,-37,-51,-25,-35,-20,-35,-26,-60,-40,-53,-32,-74,-18,-57,-18,-62,-22,-63,-21,-72,-21,-69,-12,-81,-15,-65,-15,-69,-7,-53,-21,-56,-17,-70,-22,-66,-23,-82,-13,-86,-7,-69,-4,-80,3,-86,-10,-87,-3,-92,-3,-83,-8,-80,-2,-77,-17,-79,-2,-83,-27,-104,-2,-108,-6,-111,17,-79,14,-115,11,-110,7,-109,26,-112,19,-105,18,-113,0,0,0,0,0,0,-119,-27,-128,-36,-85,-31,-118,-28,-128,-50,-100,-43,-107,-57,-94,-42,-111,-52,-83,-54,-90,-26,-111,-48,-110,-48,-107,-59,-83,-60,-96,-69,-83,-62,-87,-72,-96,-59,-101,-65,-89,-51,-99,-63,-68,-53,-75,-39,-82,-59,-102,-60,-98,-59,-65,-66,-74,-86,-77,-73,-79,-87,-82,-79,-74,-91,-69,-78,-70,-74,-45,-66,-67,-66,-62,-72,-71,-81,-65,-101,-49,-100,-28,-85,-23,-99,-21,-104,-24,-93,-18,-92,-8,-83,-16,-83,0,-62,-9,-71,-4,-66,-8,-73,4,-80,16,-69,27,-53,29,-53,31,-48,0,0,0,0,0,0,0,0,0,0]"""
1782318877624,2026-06-25T01:34:37.594,warning,bed_exit,yja,bed_exit_failed,t057,"CSI_DATA,810289,1a:00:00:00:00:00,-64,11,-99,15,49,11,-349518934,47,2,256,0,""[0,0,0,0,0,0,0,0,0,0,0,0,31,-4,25,0,38,7,34,0,37,13,32,5,32,0,40,3,41,2,53,7,38,16,45,14,47,16,54,23,45,21,57,42,47,30,45,46,43,30,51,15,56,28,60,33,67,41,42,41,56,38,49,44,50,56,48,46,54,61,46,43,46,60,46,34,57,34,60,37,67,31,69,43,68,53,48,56,73,44,75,55,73,37,68,66,61,59,73,51,53,32,81,35,76,37,92,23,106,54,104,42,74,49,98,61,92,53,97,44,90,67,100,42,107,47,0,0,0,0,0,0,63,-113,83,-119,47,-87,68,-97,74,-127,73,-82,75,-107,56,-98,84,-105,51,-81,43,-87,48,-111,51,-110,43,-128,61,-86,43,-102,37,-105,50,-108,43,-95,55,-111,50,-81,61,-97,26,-79,19,-95,25,-114,21,-120,28,-124,42,-95,25,-106,26,-103,42,-111,23,-100,53,-111,45,-97,47,-93,26,-76,26,-101,23,-105,10,-111,37,-107,31,-105,56,-72,42,-91,67,-91,50,-83,61,-69,64,-61,53,-67,30,-46,45,-60,37,-56,31,-65,47,-62,44,-60,47,-28,46,-34,46,-28,0,0,0,0,0,0,0,0,0,0]"""
1782318877635,2026-06-25T01:34:37.605,warning,bed_exit,yja,bed_exit_failed,t057,"CSI_DATA,810290,1a:00:00:00:00:00,-64,11,-99,17,49,11,-349509641,47,2,256,0,""[0,0,0,0,0,0,0,0,0,0,0,0,12,-21,20,-22,16,-25,27,-27,23,-22,31,-23,29,-20,25,-14,35,-27,36,-12,37,-14,46,-16,51,-7,56,-2,64,-9,44,-7,56,-11,55,-12,74,-6,64,6,54,2,69,0,51,16,67,14,71,14,58,14,59,14,80,16,53,10,72,5,61,13,85,18,73,18,77,3,77,14,74,15,65,15,72,9,62,16,69,21,81,23,69,-4,85,3,94,16,112,10,84,12,96,-8,95,26,91,12,103,27,110,13,101,19,115,18,102,16,112,30,126,34,115,26,0,0,0,0,0,0,38,-128,36,-97,48,-128,29,-113,31,-94,43,-121,27,-94,47,-124,33,-88,51,-119,42,-116,38,-98,30,-112,53,-90,48,-99,44,-102,43,-99,57,-95,49,-110,22,-87,32,-107,36,-96,45,-117,41,-100,39,-99,31,-103,37,-82,49,-101,47,-97,44,-92,50,-87,53,-100,26,-89,39,-103,44,-94,60,-117,54,-88,51,-93,61,-92,53,-87,58,-75,54,-83,64,-69,63,-57,70,-65,43,-64,63,-63,68,-52,77,-54,60,-35,62,-47,59,-31,60,-34,59,-20,60,-20,57,-17,53,-12,0,0,0,0,0,0,0,0,0,0]"""
1782318877646,2026-06-25T01:34:37.616,warning,bed_exit,yja,bed_exit_failed,t057,"CSI_DATA,810291,1a:00:00:00:00:00,-64,11,-99,16,49,11,-349495937,47,2,256,0,""[0,0,0,0,0,0,0,0,0,0,0,0,27,-11,25,-4,39,0,37,-2,44,9,26,2,33,0,44,0,42,0,48,0,38,5,42,6,46,10,50,21,47,15,54,29,42,25,48,37,43,27,54,24,70,29,54,28,61,35,49,37,58,38,44,35,49,51,44,36,58,53,49,46,48,48,38,29,60,24,64,29,66,27,69,43,69,45,50,56,75,46,76,54,75,36,71,60,59,52,80,46,48,27,81,30,67,36,91,22,105,48,102,44,72,54,90,67,86,56,98,48,93,74,96,47,104,53,0,0,0,0,0,0,68,-101,82,-123,44,-77,66,-87,86,-118,72,-70,86,-102,59,-87,89,-103,59,-63,49,-80,49,-103,58,-101,57,-116,58,-74,58,-82,48,-105,66,-102,50,-93,69,-102,56,-75,63,-91,35,-79,34,-82,32,-111,43,-105,42,-110,52,-80,48,-98,42,-99,57,-105,43,-93,63,-104,56,-82,55,-88,39,-57,40,-89,42,-92,23,-100,59,-97,56,-91,64,-61,65,-79,76,-81,65,-70,78,-57,59,-43,63,-59,35,-34,53,-51,53,-42,46,-54,60,-46,60,-50,52,-13,57,-19,52,-14,0,0,0,0,0,0,0,0,0,0]"""
1782318877657,2026-06-25T01:34:37.627,warning,bed_exit,yja,bed_exit_failed,t057,"CSI_DATA,810292,1a:00:00:00:00:00,-64,11,-99,17,49,11,-349487080,47,2,256,0,""[0,0,0,0,0,0,0,0,0,0,0,0,-27,11,-24,14,-31,14,-22,9,-32,10,-28,0,-31,9,-43,2,-40,2,-54,5,-45,-3,-44,-10,-47,-12,-52,-8,-40,-7,-57,-19,-47,-21,-57,-27,-50,-22,-46,-28,-69,-38,-47,-27,-55,-41,-53,-45,-53,-39,-44,-41,-50,-47,-38,-42,-60,-53,-48,-40,-47,-50,-34,-40,-52,-46,-50,-53,-56,-47,-56,-57,-47,-72,-34,-56,-51,-66,-60,-59,-58,-51,-53,-75,-49,-69,-70,-57,-36,-50,-67,-61,-56,-69,-76,-65,-65,-77,-61,-76,-51,-75,-53,-87,-60,-87,-75,-94,-62,-90,-55,-86,-71,-94,0,0,0,0,0,0,-89,57,-111,71,-85,49,-102,56,-128,59,-89,40,-124,52,-92,43,-117,47,-102,26,-98,38,-111,48,-101,28,-116,50,-99,28,-99,24,-106,27,-107,28,-79,38,-117,28,-94,33,-108,44,-91,22,-95,41,-109,36,-99,33,-109,41,-101,30,-101,19,-108,23,-114,24,-90,28,-128,21,-102,15,-109,16,-90,6,-109,29,-101,2,-104,8,-102,0,-108,-7,-90,-18,-96,-27,-101,-22,-86,-15,-88,-30,-70,-28,-90,-17,-59,-23,-73,-26,-60,-35,-68,-30,-52,-36,-52,-41,-39,-40,-34,-46,-34,-44,0,0,0,0,0,0,0,0,0,0]"""
1782318877668,2026-06-25T01:34:37.638,warning,bed_exit,yja,bed_exit_failed,t057,"CSI_DATA,810293,1a:00:00:00:00:00,-64,11,-99,16,49,11,-349476641,47,2,256,0,""[0,0,0,0,0,0,0,0,0,0,0,0,-25,0,-28,-5,-27,0,-40,-2,-32,-3,-32,-10,-44,-15,-24,-16,-40,-15,-39,-15,-47,-18,-40,-19,-46,-24,-40,-22,-54,-32,-29,-21,-43,-30,-52,-23,-61,-37,-47,-48,-43,-46,-42,-42,-39,-39,-56,-48,-53,-42,-37,-45,-37,-37,-44,-53,-53,-40,-54,-47,-46,-45,-63,-59,-49,-59,-53,-56,-48,-59,-40,-46,-50,-42,-65,-35,-64,-42,-55,-33,-55,-50,-67,-27,-69,-31,-78,-51,-98,-59,-60,-59,-69,-46,-69,-71,-74,-47,-93,-50,-106,-43,-82,-31,-88,-50,-93,-55,-111,-40,-104,-45,-110,-68,0,0,0,0,0,0,-59,115,-52,93,-68,127,-68,104,-49,80,-57,109,-38,100,-57,114,-38,101,-67,112,-64,106,-64,81,-51,89,-53,90,-39,110,-35,97,-34,105,-28,100,-39,108,-21,90,-25,105,-20,101,-29,116,-43,108,-30,98,-27,99,-36,88,-17,113,-14,109,-20,102,-19,92,-36,99,0,92,-13,105,-18,107,-30,127,-53,101,-25,101,-50,99,-37,82,-29,88,-23,105,-27,89,-23,74,-36,77,-25,80,-28,87,-46,75,-49,82,-46,56,-47,58,-49,48,-40,48,-47,45,-39,51,-37,45,-38,39,0,0,0,0,0,0,0,0,0,0]"""
1782318877679,2026-06-25T01:34:37.649,warning,bed_exit,yja,bed_exit_failed,t057,"CSI_DATA,810294,1a:00:00:00:00:00,-64,11,-99,16,49,11,-349464334,47,2,256,0,""[0,0,0,0,0,0,0,0,0,0,0,0,5,25,6,37,0,24,0,33,0,27,-6,42,-8,39,-10,35,-9,33,-16,27,-24,43,-23,40,-30,39,-32,32,-38,37,-27,30,-47,46,-33,39,-59,43,-60,33,-53,34,-54,16,-45,24,-60,28,-51,25,-61,27,-53,20,-72,23,-49,19,-67,21,-57,23,-91,19,-70,7,-68,10,-72,7,-64,13,-61,19,-71,28,-73,19,-68,14,-81,0,-65,17,-86,28,-69,9,-120,20,-91,11,-91,18,-94,2,-88,9,-87,2,-107,19,-95,22,-120,8,-101,3,-111,11,-128,0,-103,-5,0,0,0,0,0,0,-18,123,-21,78,-36,127,-28,116,-19,83,-26,127,-20,85,-33,127,-22,91,-52,127,-39,118,-35,99,-40,100,-49,76,-32,116,-36,100,-50,99,-35,89,-57,108,-31,75,-49,104,-33,86,-58,115,-52,101,-46,92,-53,86,-42,78,-52,95,-52,95,-50,93,-48,80,-68,95,-43,76,-61,105,-53,78,-93,106,-83,74,-75,77,-86,61,-70,58,-60,56,-79,72,-78,53,-71,48,-85,44,-61,35,-82,45,-66,27,-99,24,-71,9,-72,19,-71,-2,-59,2,-53,7,-73,0,-57,0,-60,-10,0,0,0,0,0,0,0,0,0,0]"""
1782318877690,2026-06-25T01:34:37.660,warning,bed_exit,yja,bed_exit_failed,t057,"CSI_DATA,810295,1a:00:00:00:00:00,-64,11,-99,14,49,11,-349454054,47,2,256,0,""[0,0,0,0,0,0,0,0,0,0,0,0,34,-62,75,-59,55,-18,-59,33,84,-79,18,19,93,61,-12,2,0,16,42,55,40,-13,8,-41,0,-3,53,-4,82,-16,68,-5,52,29,28,0,59,14,71,0,74,35,61,27,66,27,51,27,61,33,56,27,57,32,45,21,80,34,54,19,67,30,54,26,72,20,70,29,70,23,64,19,79,34,62,31,70,34,84,22,71,18,93,28,66,28,93,20,58,22,90,19,78,26,87,20,103,17,111,31,93,33,93,33,88,29,121,27,104,33,92,29,127,15,0,0,0,0,0,0,36,-106,43,-128,34,-85,28,-109,48,-128,30,-87,46,-128,22,-99,53,-126,31,-93,26,-104,34,-113,31,-101,33,-125,43,-100,43,-86,36,-106,33,-106,21,-83,29,-126,15,-81,25,-116,17,-85,8,-104,21,-121,5,-105,26,-109,23,-103,33,-99,27,-107,27,-107,12,-87,30,-128,19,-86,17,-114,18,-81,13,-107,34,-104,23,-103,21,-97,39,-107,46,-85,49,-92,47,-92,29,-73,52,-90,34,-57,42,-82,31,-46,44,-67,47,-54,44,-58,44,-55,49,-56,48,-38,44,-28,46,-27,0,0,0,0,0,0,0,0,0,0]"""
1782318877701,2026-06-25T01:34:37.671,warning,bed_exit,yja,bed_exit_failed,t057,"CSI_DATA,810296,1a:00:00:00:00:00,-64,11,-99,18,49,11,-349441745,47,2,256,0,""[0,0,0,0,0,0,0,0,0,0,0,0,-32,8,-30,3,-32,0,-35,0,-32,-6,-40,-5,-33,-6,-34,-11,-51,-9,-29,-11,-35,-20,-49,-20,-39,-19,-43,-26,-49,-37,-42,-20,-45,-22,-41,-30,-45,-30,-45,-50,-46,-47,-53,-40,-45,-37,-42,-38,-52,-43,-52,-41,-49,-43,-54,-56,-39,-47,-50,-49,-40,-55,-53,-47,-41,-45,-51,-52,-48,-48,-62,-49,-58,-39,-54,-42,-60,-46,-58,-48,-67,-60,-62,-40,-74,-50,-55,-58,-75,-48,-63,-42,-88,-39,-81,-53,-86,-49,-85,-59,-79,-54,-96,-53,-102,-58,-86,-40,-84,-62,-104,-72,-93,-67,0,0,0,0,0,0,-80,99,-73,87,-79,98,-75,84,-64,97,-91,93,-71,83,-77,102,-82,82,-66,88,-64,91,-67,85,-64,101,-61,84,-62,82,-53,94,-58,96,-61,91,-75,96,-42,88,-49,92,-60,88,-45,95,-49,89,-48,86,-44,107,-41,91,-53,89,-43,102,-36,100,-50,96,-62,104,-40,88,-48,98,-59,85,-52,99,-52,86,-48,88,-55,86,-54,96,-51,80,-54,74,-47,82,-62,70,-74,70,-50,62,-64,67,-66,50,-55,63,-55,46,-54,49,-57,42,-56,47,-48,30,-51,30,-49,33,-53,26,0,0,0,0,0,0,0,0,0,0]"""
1782318877712,2026-06-25T01:34:37.682,warning,bed_exit,yja,bed_exit_failed,t057,"CSI_DATA,810297,1a:00:00:00:00:00,-64,11,-99,21,48,11,-349431761,47,2,256,0,""[0,0,0,0,0,0,0,0,0,0,0,0,-27,4,-34,2,-25,11,-25,10,-32,7,-36,0,-34,2,-41,5,-42,1,-46,-4,-38,-5,-47,-9,-47,-5,-47,-6,-59,-6,-47,-5,-54,-8,-60,-10,-59,-7,-61,-8,-68,-18,-63,-2,-58,-18,-58,-14,-61,-16,-61,-17,-59,-17,-65,-14,-67,0,-67,-2,-69,-15,-69,0,-65,-2,-66,0,-70,0,-73,6,-80,-2,-68,0,-72,6,-77,12,-86,10,-84,13,-78,17,-87,23,-77,21,-79,25,-85,29,-90,29,-93,42,-96,42,-88,38,-97,40,-107,47,-91,44,-102,52,-97,56,-101,63,0,0,0,0,0,0,61,109,59,113,59,103,57,104,66,104,56,101,64,91,77,92,62,104,62,91,71,79,69,87,90,82,70,81,63,87,77,79,82,75,84,68,83,74,90,59,93,57,89,65,89,45,89,47,92,49,108,37,94,45,93,43,96,44,92,44,102,49,100,50,103,31,101,25,100,37,96,31,99,36,102,30,101,35,102,26,96,34,88,42,90,31,90,43,86,42,87,25,74,29,75,37,72,38,67,30,64,31,58,28,61,30,58,39,48,42,45,38,43,44,0,0,0,0,0,0,0,0,0,0]"""
1782318877723,2026-06-25T01:34:37.693,warning,bed_exit,yja,bed_exit_failed,t057,"CSI_DATA,810298,1a:00:00:00:00:00,-64,11,-99,19,49,11,-349420395,47,2,256,0,""[0,0,0,0,0,0,0,0,0,0,0,0,24,-12,27,-15,21,-4,28,-4,30,-4,36,-6,43,-4,34,0,47,-12,40,1,44,0,51,0,41,0,53,3,55,2,52,-1,57,-2,62,0,54,5,61,14,55,25,63,7,65,13,64,13,62,12,64,5,65,19,70,8,66,2,72,7,78,5,74,6,50,19,57,12,76,13,65,-7,77,-13,88,-18,86,-7,58,-18,85,-3,67,-32,67,-45,98,-9,96,-20,95,-9,89,-15,95,-32,77,-28,94,-46,89,-55,105,-68,78,-34,107,-56,97,-71,105,-28,101,-42,0,0,0,0,0,0,-48,-113,-44,-105,-54,-113,-57,-108,-57,-105,-57,-102,-63,-90,-74,-95,-65,-92,-56,-97,-68,-93,-45,-95,-71,-91,-53,-91,-73,-82,-79,-80,-71,-75,-74,-77,-75,-82,-88,-60,-92,-58,-85,-70,-82,-64,-80,-62,-70,-70,-92,-63,-81,-63,-91,-51,-89,-54,-88,-48,-94,-56,-92,-68,-96,-30,-94,-39,-103,-44,-98,-45,-79,-55,-89,-49,-88,-67,-92,-53,-91,-58,-90,-39,-84,-44,-77,-41,-73,-60,-86,-31,-79,-36,-71,-52,-61,-46,-48,-48,-56,-46,-47,-55,-52,-44,-43,-48,-48,-46,-46,-43,-35,-43,0,0,0,0,0,0,0,0,0,0]"""
1782318877734,2026-06-25T01:34:37.704,warning,bed_exit,yja,bed_exit_failed,t057,"CSI_DATA,810299,1a:00:00:00:00:00,-64,11,-99,16,49,11,-349409795,47,2,256,0,""[0,0,0,0,0,0,0,0,0,0,0,0,-17,-20,-21,-18,-18,-21,-14,-26,-17,-24,-15,-29,-14,-34,-17,-33,-8,-36,-13,-36,-28,-43,-22,-44,-17,-47,-19,-48,-8,-45,-9,-48,-11,-54,-14,-50,-5,-61,-12,-63,-12,-53,10,-62,-5,-57,-12,-69,-8,-62,-13,-61,-5,-61,-6,-62,-4,-66,0,-74,-13,-63,-10,-75,-11,-74,-4,-73,-4,-68,-6,-64,-18,-63,-26,-67,-26,-74,-25,-63,-21,-76,-29,-70,-31,-75,-31,-79,-37,-90,-43,-88,-39,-76,-32,-87,-29,-85,-44,-85,-51,-93,-50,-77,-58,-87,-51,-96,-57,-93,-59,-108,-51,-107,0,0,0,0,0,0,-106,51,-94,56,-112,70,-108,56,-86,61,-100,65,-96,68,-104,63,-93,58,-103,72,-105,66,-91,60,-89,63,-81,67,-82,82,-72,83,-75,76,-74,68,-75,70,-75,70,-71,80,-60,80,-74,88,-77,80,-68,92,-65,71,-61,82,-55,95,-53,88,-53,91,-51,81,-55,89,-68,85,-66,92,-58,86,-71,94,-74,87,-68,80,-63,78,-65,66,-55,75,-59,88,-65,83,-58,71,-60,62,-54,63,-65,60,-62,59,-63,58,-61,52,-60,40,-58,40,-51,31,-56,40,-53,35,-45,38,-50,29,0,0,0,0,0,0,0,0,0,0]"""
1782318877745,2026-06-25T01:34:37.715,warning,bed_exit,yja,bed_exit_failed,t057,"CSI_DATA,810300,1a:00:00:00:00:00,-64,11,-99,17,49,11,-349398920,47,2,256,0,""[0,0,0,0,0,0,0,0,0,0,0,0,-14,-13,-13,-23,-7,-18,-15,-33,-14,-27,-14,-40,-7,-38,-10,-37,-6,-36,4,-37,-3,-41,0,-44,-6,-50,-3,-45,0,-53,0,-38,0,-61,-2,-46,4,-75,17,-70,14,-64,6,-52,12,-43,8,-69,12,-60,13,-59,14,-53,20,-69,5,-57,7,-69,10,-54,13,-88,13,-67,4,-73,5,-67,12,-66,9,-57,-3,-75,0,-77,5,-68,2,-85,-2,-62,-4,-86,-6,-76,3,-120,11,-87,0,-92,1,-91,-2,-90,-11,-85,-22,-111,-10,-95,-15,-109,-11,-94,-29,-114,-26,-128,-12,-113,0,0,0,0,0,0,-128,12,-91,11,-128,19,-107,10,-78,4,-128,17,-98,20,-128,18,-96,21,-128,8,-125,10,-101,10,-102,12,-88,7,-104,17,-102,23,-100,21,-98,24,-112,23,-79,19,-106,37,-87,23,-124,36,-114,31,-95,28,-89,39,-74,22,-98,45,-94,43,-92,41,-85,35,-107,41,-75,37,-105,52,-85,38,-128,54,-105,27,-94,37,-105,26,-88,18,-83,20,-99,37,-93,28,-76,16,-95,19,-74,21,-88,21,-74,6,-102,8,-77,-1,-75,0,-67,-5,-62,-4,-55,-3,-71,-9,-58,-7,-55,-12,0,0,0,0,0,0,0,0,0,0]"""
1782318877756,2026-06-25T01:34:37.726,warning,bed_exit,yja,bed_exit_failed,t057,"CSI_DATA,810301,1a:00:00:00:00:00,-64,11,-99,19,49,11,-349388641,47,2,256,0,""[0,0,0,0,0,0,0,0,0,0,0,0,17,23,14,22,13,31,13,27,8,33,11,32,19,32,25,40,15,39,15,44,1,41,12,44,4,47,3,51,0,47,0,64,-5,59,-14,71,-5,48,-3,52,-9,70,-3,62,-1,72,-18,63,-13,61,-11,65,-17,69,-13,62,-32,68,-19,57,-34,63,-18,49,-11,63,-9,63,-8,69,-6,77,-14,75,-24,66,-12,79,-23,82,-15,78,-23,90,-21,81,-17,82,1,61,8,91,0,86,17,99,-10,108,-1,100,-24,77,-21,109,-15,113,-5,111,-31,106,-5,104,-15,108,0,0,0,0,0,0,118,22,127,39,92,25,114,24,127,33,97,40,120,48,102,28,117,49,98,20,89,13,122,5,112,18,123,5,97,25,104,17,101,17,112,30,96,21,120,25,99,11,114,27,77,6,88,0,103,0,108,1,120,-9,98,22,107,9,111,0,121,16,106,2,121,29,103,23,101,23,79,10,103,6,96,11,105,-6,115,10,107,15,83,35,101,31,99,48,86,35,80,54,62,46,72,37,54,29,71,33,63,32,69,28,65,43,59,34,43,44,43,47,33,44,0,0,0,0,0,0,0,0,0,0]"""
1782318877767,2026-06-25T01:34:37.737,warning,bed_exit,yja,bed_exit_failed,t057,"CSI_DATA,810302,1a:00:00:00:00:00,-64,11,-99,17,49,11,-349377565,47,2,256,0,""[0,0,0,0,0,0,0,0,0,0,0,0,-19,18,-12,19,-30,19,-25,17,-34,13,-19,14,-33,9,-35,10,-39,13,-47,13,-39,7,-42,8,-49,6,-54,-3,-49,4,-62,0,-54,0,-52,0,-48,-12,-48,-1,-60,-7,-60,-4,-66,-10,-56,-15,-60,-20,-60,-24,-61,-13,-46,-11,-63,-30,-69,-26,-66,-16,-41,-39,-64,-18,-58,-25,-57,-36,-72,-12,-72,-30,-68,-52,-68,-35,-93,-33,-92,-26,-95,-42,-82,-28,-61,-22,-62,-1,-98,-20,-75,-34,-91,-25,-98,-28,-96,-20,-101,-55,-101,-37,-96,-22,-120,-51,-104,-32,-91,-31,-127,-39,0,0,0,0,0,0,-41,112,-46,127,-35,87,-31,111,-52,121,-45,92,-65,122,-48,97,-62,117,-41,91,-36,85,-40,111,-41,105,-50,117,-45,89,-44,89,-49,96,-46,102,-34,90,-53,107,-28,88,-41,100,-25,84,-27,90,-39,109,-31,102,-33,112,-41,93,-48,93,-34,95,-44,105,-19,99,-57,116,-44,86,-39,99,-42,70,-40,105,-51,85,-34,99,-55,95,-57,85,-63,69,-70,75,-69,80,-58,68,-75,62,-65,48,-58,66,-42,31,-60,56,-56,38,-52,56,-65,37,-59,32,-50,16,-59,13,-56,13,0,0,0,0,0,0,0,0,0,0]"""
1782318877778,2026-06-25T01:34:37.748,warning,bed_exit,yja,bed_exit_failed,t057,"CSI_DATA,810303,1a:00:00:00:00:00,-64,11,-99,19,49,11,-349364917,47,2,256,0,""[0,0,0,0,0,0,0,0,0,0,0,0,24,6,32,2,24,0,33,9,33,11,33,10,33,16,29,22,35,19,32,27,34,27,33,34,41,33,35,32,38,41,37,34,34,33,32,46,32,46,36,50,24,44,46,60,14,51,32,60,32,63,22,47,29,59,25,64,34,46,39,63,27,61,36,71,29,63,31,62,31,66,34,65,32,65,36,52,46,59,34,59,33,75,47,53,45,60,52,77,54,77,30,67,58,69,36,79,59,77,60,94,73,82,64,85,60,86,61,90,77,94,63,107,72,106,0,0,0,0,0,0,115,-65,107,-58,114,-59,103,-59,97,-50,108,-59,91,-60,108,-68,102,-60,100,-46,98,-51,95,-29,101,-54,104,-39,93,-48,100,-50,90,-49,93,-49,102,-48,77,-61,80,-63,88,-63,86,-60,88,-59,93,-45,89,-68,90,-46,91,-65,93,-53,78,-53,84,-49,102,-49,70,-60,82,-72,95,-58,105,-58,92,-46,99,-47,99,-40,94,-38,90,-34,88,-47,84,-43,80,-31,93,-15,76,-38,79,-28,95,-13,86,-15,68,0,76,-1,73,11,71,-1,73,8,68,5,64,8,59,12,0,0,0,0,0,0,0,0,0,0]"""
1782318877789,2026-06-25T01:34:37.759,warning,bed_exit,yja,bed_exit_failed,t057,"CSI_DATA,810304,1a:00:00:00:00:00,-64,11,-99,17,49,11,-349355180,47,2,256,0,""[0,0,0,0,0,0,0,0,0,0,0,0,-22,0,-24,0,-34,0,-32,1,-35,-4,-26,-6,-30,3,-39,0,-38,-1,-46,-6,-31,-16,-45,-22,-37,-17,-47,-24,-51,-24,-53,-18,-48,-18,-50,-25,-46,-19,-54,-16,-66,-28,-57,-24,-55,-29,-43,-37,-56,-33,-46,-33,-54,-40,-60,-31,-70,-32,-62,-25,-57,-29,-57,-27,-57,-20,-55,-13,-74,-11,-76,-20,-70,-27,-56,-26,-79,-29,-83,-22,-81,-14,-84,-24,-78,-16,-79,-7,-65,-10,-83,6,-77,0,-91,7,-109,9,-103,5,-87,-12,-111,-12,-110,0,-94,3,-112,-5,-110,6,-111,14,0,0,0,0,0,0,17,126,14,127,13,99,19,109,18,127,6,112,11,125,23,115,14,116,12,93,28,82,29,100,37,113,38,112,11,92,12,104,23,100,23,111,41,107,44,107,48,86,49,97,31,77,60,72,60,86,74,89,60,93,37,87,52,94,51,89,50,104,65,89,69,102,66,84,58,86,48,70,67,68,62,71,75,76,74,89,60,89,35,81,42,90,40,99,47,89,40,81,32,74,45,75,30,59,32,59,33,57,39,61,34,70,29,68,10,53,9,61,5,55,0,0,0,0,0,0,0,0,0,0]"""
1782318877800,2026-06-25T01:34:37.770,warning,bed_exit,yja,bed_exit_failed,t057,"CSI_DATA,810305,1a:00:00:00:00:00,-64,11,-99,19,49,11,-349343045,47,2,256,0,""[0,0,0,0,0,0,0,0,0,0,0,0,-3,-26,1,-33,6,-22,4,-38,2,-26,12,-43,20,-43,15,-31,18,-35,22,-27,22,-42,24,-39,30,-35,32,-30,38,-40,32,-27,45,-47,35,-30,57,-40,50,-32,35,-18,58,-27,46,-26,50,-33,52,-30,60,-37,54,-32,70,-31,44,-16,72,-26,53,-25,88,-28,69,-19,58,-19,71,-13,63,-15,59,-29,74,-37,64,-31,63,-17,76,-19,59,-32,85,-42,68,-18,111,-41,86,-20,87,-43,94,-26,81,-21,85,-27,100,-45,91,-43,103,-33,99,-26,105,-34,121,-37,106,-11,0,0,0,0,0,0,-18,-118,-6,-82,-23,-128,-14,-112,-8,-83,-9,-128,-13,-93,-8,-128,-12,-90,-1,-128,-2,-125,-1,-102,-9,-107,0,-88,-16,-117,-14,-107,-7,-101,-7,-91,-8,-114,-6,-84,-5,-123,-2,-84,1,-128,-1,-111,0,-97,0,-100,0,-88,-8,-108,-12,-108,-15,-107,2,-90,4,-117,5,-83,2,-122,3,-94,10,-128,31,-113,15,-100,30,-99,24,-93,19,-84,16,-100,29,-92,26,-69,41,-83,23,-66,41,-89,39,-61,61,-85,54,-59,45,-63,54,-48,46,-43,42,-32,47,-46,45,-35,46,-29,0,0,0,0,0,0,0,0,0,0]"""
1782318877811,2026-06-25T01:34:37.781,warning,bed_exit,yja,bed_exit_failed,t057,"CSI_DATA,810306,1a:00:00:00:00:00,-64,11,-99,17,49,11,-349325755,47,2,256,0,""[0,0,0,0,0,0,0,0,0,0,0,0,-20,11,-19,4,-32,7,-29,8,-37,0,-26,6,-29,11,-38,5,-35,8,-51,12,-41,0,-41,0,-47,4,-53,-7,-43,-8,-55,-9,-46,-12,-56,-20,-54,-8,-50,-8,-53,-10,-64,0,-69,-12,-60,-20,-66,-12,-57,-14,-58,-22,-52,-22,-71,-16,-63,-17,-60,-22,-61,-7,-70,-3,-69,0,-74,2,-74,3,-75,-3,-76,-14,-73,4,-82,0,-80,6,-83,0,-82,-8,-85,-1,-67,7,-80,18,-73,19,-85,32,-97,33,-99,31,-97,21,-97,23,-100,18,-104,31,-112,13,-106,41,-109,29,0,0,0,0,0,0,34,113,30,127,26,103,20,118,31,124,15,106,22,127,33,106,17,121,34,96,43,91,51,102,61,94,56,100,27,104,46,87,55,98,42,103,47,93,60,97,56,86,48,97,53,72,68,70,68,79,83,75,75,77,55,88,72,76,77,77,62,87,65,76,78,87,62,80,58,83,65,65,81,72,82,70,89,58,81,72,72,67,46,89,65,75,55,85,46,76,43,73,34,67,37,78,37,55,41,62,35,58,48,53,42,60,35,53,17,66,16,51,18,52,0,0,0,0,0,0,0,0,0,0]"""
1782318877822,2026-06-25T01:34:37.792,warning,bed_exit,yja,bed_exit_failed,t057,"CSI_DATA,810307,1a:00:00:00:00:00,-64,11,-99,16,49,11,-349322601,47,2,256,0,""[0,0,0,0,0,0,0,0,0,0,0,0,21,-12,30,-17,18,-19,32,-18,27,-11,35,-22,37,-11,33,-3,40,-19,33,0,38,-7,51,0,47,-5,49,0,57,5,44,0,59,3,46,4,64,15,57,10,47,13,65,19,46,16,54,24,63,18,57,15,53,14,74,29,55,12,76,20,59,14,77,27,62,31,62,22,66,31,66,18,57,17,67,7,62,15,65,11,90,30,67,0,90,6,73,24,104,20,75,21,88,2,92,20,96,15,96,16,100,12,100,0,117,10,90,8,109,8,127,22,112,21,0,0,0,0,0,0,33,-128,33,-99,36,-128,32,-109,14,-92,37,-124,18,-89,29,-128,22,-94,27,-128,29,-109,36,-90,18,-117,31,-87,24,-104,14,-111,22,-98,20,-97,29,-118,0,-78,4,-110,16,-93,11,-119,20,-103,22,-99,11,-107,12,-85,11,-100,8,-104,8,-98,12,-98,18,-126,-4,-80,6,-119,11,-92,12,-125,29,-95,12,-100,32,-102,25,-99,18,-86,18,-99,22,-91,20,-75,47,-92,12,-71,26,-95,37,-67,47,-87,44,-53,33,-68,50,-52,38,-54,38,-49,40,-42,38,-52,43,-39,0,0,0,0,0,0,0,0,0,0]"""
1782318877833,2026-06-25T01:34:37.803,warning,bed_exit,yja,bed_exit_failed,t057,"CSI_DATA,810308,1a:00:00:00:00:00,-64,11,-99,16,49,11,-349311641,47,2,256,0,""[0,0,0,0,0,0,0,0,0,0,0,0,-21,-6,-24,-9,-18,-9,-26,-16,-28,-10,-34,-26,-21,-26,-12,-31,-23,-33,-14,-27,-30,-34,-30,-37,-24,-36,-27,-35,-28,-49,-23,-39,-24,-53,-24,-46,-25,-62,-18,-61,-13,-46,-14,-64,-2,-53,-16,-54,-25,-57,-16,-67,-5,-61,-3,-74,-14,-49,-22,-65,-5,-64,-10,-76,4,-71,-3,-58,7,-75,0,-65,-6,-59,-22,-72,-15,-68,-17,-60,-10,-71,-30,-67,-34,-78,-24,-78,-21,-117,0,-95,-17,-85,7,-105,-15,-80,-21,-91,-44,-96,-42,-97,-23,-108,-24,-110,-48,-104,-23,-114,-10,-107,0,0,0,0,0,0,-128,9,-96,7,-128,22,-115,0,-92,10,-128,7,-91,22,-128,16,-93,18,-128,4,-123,-8,-108,-21,-114,-3,-95,-6,-112,18,-110,17,-98,22,-91,19,-115,9,-87,21,-109,27,-92,22,-116,15,-114,0,-101,0,-103,13,-94,0,-107,27,-99,29,-97,21,-91,16,-116,3,-81,23,-108,30,-101,16,-128,22,-104,-14,-100,-7,-97,-20,-93,-17,-89,-17,-106,5,-92,-4,-80,-7,-90,-17,-72,0,-93,-7,-76,-20,-94,-33,-61,-36,-68,-36,-56,-49,-52,-28,-55,-29,-58,-26,-58,-30,-47,-37,0,0,0,0,0,0,0,0,0,0]"""
1782318877844,2026-06-25T01:34:37.814,warning,bed_exit,yja,bed_exit_failed,t057,"CSI_DATA,810309,1a:00:00:00:00:00,-64,11,-99,17,49,11,-349298079,47,2,256,0,""[0,0,0,0,0,0,0,0,0,0,0,0,-29,5,-25,0,-25,0,-29,1,-34,2,-28,0,-35,0,-28,-6,-42,1,-44,-4,-44,-6,-39,-10,-48,-2,-48,-11,-50,-4,-52,-4,-56,-3,-49,-6,-51,-4,-60,2,-58,-1,-64,-7,-60,-21,-65,-4,-61,-11,-58,-11,-60,-8,-64,-12,-64,7,-64,6,-67,-4,-65,3,-61,0,-70,4,-68,6,-74,8,-72,4,-68,14,-68,17,-70,29,-71,24,-68,36,-72,39,-78,40,-75,39,-73,36,-78,43,-82,44,-67,65,-76,63,-68,74,-75,72,-81,71,-81,76,-71,96,-75,87,-76,92,0,0,0,0,0,0,98,71,98,77,92,59,96,60,100,68,90,62,111,45,108,45,108,53,99,43,100,39,96,56,106,29,105,42,104,30,111,32,102,13,108,21,103,17,102,0,100,-10,108,5,101,0,106,-11,107,0,108,-24,106,-5,102,-25,107,-20,99,-26,101,-27,108,-25,94,-52,87,-50,104,-38,97,-43,91,-33,99,-42,100,-28,91,-34,99,-35,84,-40,90,-40,83,-36,85,-31,75,-47,72,-45,81,-36,73,-33,66,-21,70,-20,68,-20,69,-31,58,-17,55,-26,60,-17,54,-15,0,0,0,0,0,0,0,0,0,0]"""
1782318877855,2026-06-25T01:34:37.825,warning,bed_exit,yja,bed_exit_failed,t057,"CSI_DATA,810310,1a:00:00:00:00:00,-64,11,-99,17,49,11,-349289641,47,2,256,0,""[0,0,0,0,0,0,0,0,0,0,0,0,29,15,26,11,30,19,24,13,27,23,18,16,26,24,27,33,29,28,22,37,18,41,21,47,20,41,11,47,15,40,20,58,13,47,9,58,-3,48,8,48,7,57,6,59,3,71,-10,52,-15,61,-8,65,-7,69,-6,65,-15,76,-10,58,-6,72,-7,54,-4,65,-4,67,-4,69,-1,74,-16,81,-22,68,-20,76,-19,79,-11,73,-23,89,-20,73,-18,84,-12,63,-5,87,-20,90,-3,102,-15,95,-26,101,-28,77,-35,95,-26,92,-28,112,-40,102,-34,100,-36,102,0,0,0,0,0,0,103,55,126,58,80,46,107,35,118,66,80,52,110,68,82,47,100,62,85,50,85,45,103,60,108,52,103,62,78,65,77,62,87,60,87,63,80,56,100,64,91,52,94,64,69,50,80,44,90,57,101,56,96,75,71,68,79,75,78,62,84,72,84,55,91,76,78,61,83,68,56,56,77,65,72,67,75,64,77,73,61,88,49,81,41,93,45,94,37,77,43,87,27,71,33,78,18,61,33,75,15,71,25,71,11,75,2,74,-12,52,-12,64,-10,56,0,0,0,0,0,0,0,0,0,0]"""
1782318877866,2026-06-25T01:34:37.836,warning,bed_exit,yja,bed_exit_failed,t057,"CSI_DATA,810311,1a:00:00:00:00:00,-64,11,-99,17,49,11,-349275411,47,2,256,0,""[0,0,0,0,0,0,0,0,0,0,0,0,30,2,35,3,16,0,33,8,24,0,44,10,42,15,29,12,40,10,28,24,43,22,43,17,47,19,41,21,53,21,38,17,66,23,40,11,58,38,56,28,41,13,51,29,37,32,56,32,53,29,57,32,54,24,66,32,44,15,72,25,49,19,84,34,64,28,64,22,60,33,58,15,57,11,75,9,66,7,59,7,83,14,57,-16,93,-17,75,0,124,-4,90,0,84,-21,99,1,83,-11,81,-15,109,-39,89,-34,106,-34,94,-29,104,-42,118,-40,99,-33,0,0,0,0,0,0,-49,-112,-35,-74,-69,-128,-52,-104,-32,-65,-67,-120,-50,-72,-76,-112,-47,-68,-70,-127,-64,-104,-51,-88,-63,-77,-42,-73,-77,-76,-73,-76,-74,-78,-64,-67,-77,-82,-62,-39,-95,-58,-78,-44,-113,-80,-87,-65,-80,-51,-81,-54,-64,-42,-89,-37,-92,-41,-88,-41,-84,-40,-106,-50,-76,-9,-113,-24,-89,-25,-128,-43,-98,-47,-98,-33,-88,-47,-84,-30,-83,-32,-107,-24,-85,-21,-68,-21,-93,-35,-66,-10,-100,-17,-63,-27,-107,-43,-62,-33,-70,-39,-55,-42,-54,-26,-43,-27,-62,-32,-50,-26,-51,-31,0,0,0,0,0,0,0,0,0,0]"""
1782318877877,2026-06-25T01:34:37.847,warning,bed_exit,yja,bed_exit_failed,t057,"CSI_DATA,810312,1a:00:00:00:00:00,-64,11,-99,17,49,11,-349265556,47,2,256,0,""[0,0,0,0,0,0,0,0,0,0,0,0,-10,25,-14,29,-9,21,-10,23,-4,27,-15,36,-23,32,-18,18,-29,39,-25,22,-29,31,-40,31,-39,23,-37,35,-48,36,-31,31,-37,37,-39,38,-42,31,-50,37,-42,38,-45,37,-48,28,-51,27,-55,25,-51,39,-51,37,-55,36,-53,33,-47,51,-55,35,-45,37,-44,38,-50,40,-63,58,-55,55,-50,46,-53,38,-40,50,-44,49,-37,52,-27,58,-37,77,-51,58,-36,96,-61,70,-32,89,-39,57,-41,93,-40,87,-33,119,-44,92,-53,106,-46,74,-23,93,-57,94,-21,108,0,0,0,0,0,0,120,52,95,35,113,44,112,36,99,37,126,44,97,27,116,35,108,31,116,42,114,31,101,34,117,17,98,30,108,22,110,21,100,18,100,20,115,18,87,0,111,-8,101,1,108,0,102,-6,86,7,112,-8,94,-3,94,-4,100,-6,99,-2,98,0,117,-7,84,-29,99,-26,107,-17,121,-26,99,-8,95,-23,104,-12,101,-17,99,-10,102,-24,92,-10,81,-6,92,2,77,-12,85,-16,84,1,93,3,65,2,78,0,70,15,67,-1,66,16,61,9,60,14,63,9,0,0,0,0,0,0,0,0,0,0]"""
1782318877888,2026-06-25T01:34:37.858,warning,bed_exit,yja,bed_exit_failed,t057,"CSI_DATA,810313,1a:00:00:00:00:00,-64,11,-99,20,49,11,-349256029,47,2,256,0,""[0,0,0,0,0,0,0,0,0,0,0,0,-23,11,-31,13,-31,-2,-28,1,-36,1,-33,0,-32,3,-33,-6,-45,2,-39,-20,-46,-8,-44,-17,-45,-12,-46,-17,-43,-29,-52,-6,-51,-11,-55,-24,-50,-26,-42,-37,-26,-42,-66,-31,-44,-37,-50,-35,-45,-42,-49,-36,-51,-39,-52,-43,-53,-33,-58,-33,-54,-35,-55,-41,-54,-49,-48,-42,-52,-49,-61,-33,-56,-41,-59,-29,-57,-41,-66,-40,-68,-42,-75,-15,-84,-20,-85,-39,-83,-31,-66,-34,-77,-36,-85,-49,-84,-39,-84,-44,-101,-31,-93,-26,-102,-39,-106,-35,-104,-20,-107,-53,-105,-47,0,0,0,0,0,0,-50,117,-53,117,-47,104,-36,111,-42,109,-45,109,-32,104,-40,113,-45,108,-41,104,-40,99,-61,94,-31,116,-53,96,-33,100,-42,107,-33,99,-34,98,-43,104,-11,102,-4,98,-22,96,-23,97,-22,102,-37,94,-23,113,-31,97,-22,104,-26,99,-16,100,-18,107,-26,103,3,104,-5,107,-14,108,-18,101,-31,95,-27,104,-47,96,-30,98,-31,90,-25,91,-34,92,-32,87,-40,75,-22,85,-20,85,-38,79,-33,73,-34,63,-40,62,-51,54,-35,62,-50,49,-36,46,-40,45,-37,38,0,0,0,0,0,0,0,0,0,0]"""
1782318877899,2026-06-25T01:34:37.869,warning,bed_exit,yja,bed_exit_failed,t057,"CSI_DATA,810314,1a:00:00:00:00:00,-64,11,-99,17,49,11,-349245451,47,2,256,0,""[0,0,0,0,0,0,0,0,0,0,0,0,-20,15,-25,15,-22,15,-30,18,-28,16,-31,17,-29,15,-33,6,-42,21,-36,11,-41,4,-45,7,-43,17,-47,12,-56,8,-46,11,-57,5,-53,0,-53,16,-49,13,-45,6,-60,25,-52,8,-55,1,-62,11,-59,12,-61,11,-70,12,-58,17,-61,23,-69,7,-63,25,-58,20,-60,33,-64,33,-69,39,-58,35,-63,30,-56,45,-65,43,-71,44,-56,45,-62,49,-69,47,-63,55,-49,49,-63,75,-60,71,-54,74,-57,78,-52,90,-59,90,-67,95,-49,80,-56,89,-53,103,-55,98,0,0,0,0,0,0,108,58,103,57,108,57,91,64,108,43,107,68,96,43,116,47,97,46,104,29,105,28,98,30,117,17,104,15,105,26,106,7,109,3,105,2,117,10,102,-5,107,-4,103,7,102,-20,89,-14,100,-11,110,-29,98,-24,95,-17,100,-36,88,-34,104,-26,112,-24,86,-42,98,-35,104,-20,105,-46,95,-33,93,-49,91,-45,95,-43,87,-37,91,-31,86,-48,88,-38,95,-25,75,-36,81,-33,81,-21,79,-26,65,-27,68,-30,69,-20,69,-26,59,-23,56,-5,56,-14,62,-7,0,0,0,0,0,0,0,0,0,0]"""
1782318877910,2026-06-25T01:34:37.880,warning,bed_exit,yja,bed_exit_failed,t057,"CSI_DATA,810315,1a:00:00:00:00:00,-64,11,-99,18,49,11,-349223341,47,2,256,0,""[0,0,0,0,0,0,0,0,0,0,0,0,-23,-8,-29,-13,-28,-3,-30,-7,-22,-13,-32,-22,-31,-22,-29,-24,-33,-28,-23,-25,-22,-36,-30,-43,-25,-35,-23,-43,-27,-48,-22,-46,-17,-50,-26,-47,-27,-58,-15,-51,-4,-43,-26,-59,-4,-53,-4,-59,-8,-61,0,-65,0,-65,-7,-84,-12,-55,-16,-62,-7,-67,-7,-71,-4,-61,-7,-66,0,-69,0,-76,-6,-69,-10,-73,-4,-66,2,-70,-2,-76,-21,-73,-24,-84,-11,-85,-10,-108,-3,-82,-14,-96,0,-90,-15,-93,-9,-93,-12,-103,-7,-112,-4,-116,3,-102,-7,-112,0,-113,-3,-109,0,0,0,0,0,0,-121,-1,-97,-4,-123,-16,-117,-5,-101,-19,-125,-28,-98,-7,-117,-20,-101,-10,-114,-28,-116,-23,-98,-26,-117,-18,-94,-25,-105,-32,-114,-31,-107,-21,-95,-33,-115,-28,-89,-12,-110,-18,-100,-20,-108,-27,-104,-20,-88,-18,-111,-12,-89,-25,-94,-23,-102,-28,-96,-29,-96,-35,-109,-41,-89,-7,-105,-15,-98,-29,-117,-38,-92,-37,-102,-31,-93,-41,-86,-44,-84,-47,-86,-43,-78,-52,-62,-47,-71,-57,-72,-38,-76,-48,-57,-59,-60,-73,-41,-53,-49,-59,-34,-61,-41,-57,-27,-56,-35,-54,-25,-59,-19,-57,0,0,0,0,0,0,0,0,0,0]"""
1782318877921,2026-06-25T01:34:37.891,warning,bed_exit,yja,bed_exit_failed,t057,"CSI_DATA,810316,1a:00:00:00:00:00,-64,11,-99,13,50,11,-349223211,47,2,256,0,""[0,0,0,0,0,0,0,0,0,0,0,0,16,-5,34,-8,25,-6,34,-8,27,-2,42,-2,35,1,32,4,38,6,32,7,42,10,35,18,44,19,43,16,57,31,35,10,49,27,39,21,65,43,48,49,42,44,48,39,23,36,50,48,44,47,42,50,35,43,45,55,35,33,51,54,39,39,58,72,37,60,46,52,45,61,37,48,33,46,48,48,47,52,42,50,53,70,50,35,65,57,43,62,81,93,45,64,60,69,42,80,58,60,59,72,76,80,64,67,75,92,46,76,76,83,68,104,61,86,0,0,0,0,0,0,112,-61,75,-40,127,-74,100,-50,65,-33,125,-60,74,-42,124,-61,80,-38,127,-49,116,-45,91,-31,91,-37,81,-20,105,-40,100,-42,107,-39,91,-39,115,-45,61,-35,97,-49,80,-38,121,-58,110,-43,89,-42,96,-44,73,-19,98,-45,98,-42,93,-36,88,-27,112,-31,71,-37,107,-54,82,-29,127,-43,107,-15,97,-30,103,-14,88,-11,75,-5,101,-20,92,-9,76,-2,97,4,64,-7,94,-1,71,12,111,23,66,23,76,16,62,35,55,20,49,23,63,28,50,30,53,33,0,0,0,0,0,0,0,0,0,0]"""
1782318877932,2026-06-25T01:34:37.902,warning,bed_exit,yja,bed_exit_failed,t057,"CSI_DATA,810317,1a:00:00:00:00:00,-64,11,-99,17,49,11,-349211721,47,2,256,0,""[0,0,0,0,0,0,0,0,0,0,0,0,22,2,27,6,29,0,30,1,32,7,29,16,30,19,25,24,34,20,27,28,27,31,28,36,32,32,30,38,31,47,29,34,28,42,30,51,23,44,26,51,10,41,26,60,6,57,21,63,13,57,1,64,9,66,8,67,24,56,25,61,16,66,14,67,1,63,1,69,2,78,7,73,3,69,15,70,18,68,13,72,6,80,25,67,29,79,21,83,13,90,3,71,14,90,-7,98,16,98,16,107,28,102,18,99,18,111,8,111,31,112,11,115,1,108,0,0,0,0,0,0,126,2,119,11,122,0,112,9,106,9,119,14,116,2,118,9,110,10,106,21,111,26,94,37,116,20,103,30,96,14,101,21,105,19,105,21,117,28,94,-1,103,3,104,20,99,18,102,24,89,38,107,18,94,38,100,13,107,19,94,23,101,24,105,39,97,4,104,14,99,32,106,39,87,46,90,38,90,63,86,57,84,57,87,37,78,54,78,44,73,64,72,38,67,45,63,59,60,61,32,61,39,62,28,62,38,60,25,62,28,58,25,55,19,54,0,0,0,0,0,0,0,0,0,0]"""
1782318877943,2026-06-25T01:34:37.913,warning,bed_exit,yja,bed_exit_failed,t057,"CSI_DATA,810318,1a:00:00:00:00:00,-64,11,-99,18,49,11,-349201508,47,2,256,0,""[0,0,0,0,0,0,0,0,0,0,0,0,26,-4,30,-6,27,-1,30,-7,29,-6,34,-7,42,-5,34,3,43,-9,39,1,49,1,53,-3,53,-2,50,3,51,-7,56,-2,56,-2,54,-2,51,0,67,-14,56,-4,66,-7,60,0,58,-1,70,-2,62,-1,67,0,71,-6,56,-14,61,-22,67,-16,65,-18,61,-17,60,-30,58,-22,70,-29,61,-28,61,-42,59,-37,57,-30,66,-40,46,-57,50,-67,57,-61,68,-83,59,-67,52,-77,62,-68,50,-71,50,-83,32,-88,45,-90,41,-96,49,-93,32,-102,40,-105,40,-104,0,0,0,0,0,0,-120,-25,-111,-27,-120,-22,-117,-23,-104,-12,-124,-21,-95,-2,-124,-3,-101,-2,-114,-5,-113,2,-105,-3,-120,15,-108,9,-108,17,-106,13,-95,25,-101,25,-106,29,-81,49,-92,59,-93,47,-95,54,-84,55,-83,51,-87,62,-82,57,-71,62,-77,66,-69,64,-76,62,-86,76,-50,81,-51,86,-70,90,-73,96,-62,70,-52,84,-70,78,-59,84,-60,74,-51,87,-50,88,-40,70,-59,68,-32,75,-41,83,-51,64,-51,72,-39,51,-42,65,-43,52,-33,61,-40,47,-41,52,-42,50,-36,47,0,0,0,0,0,0,0,0,0,0]"""
1782318877954,2026-06-25T01:34:37.924,warning,bed_exit,yja,bed_exit_failed,t057,"CSI_DATA,810319,1a:00:00:00:00:00,-64,11,-99,21,48,11,-349190642,47,2,256,0,""[0,0,0,0,0,0,0,0,0,0,0,0,19,21,14,17,13,33,12,25,13,32,6,29,12,29,5,41,9,35,0,49,-4,45,-12,42,-5,50,-12,54,-9,49,-26,53,-18,42,-16,48,-29,39,-24,63,-29,61,-37,42,-43,50,-43,45,-46,44,-51,39,-48,45,-42,39,-66,46,-54,38,-51,45,-52,28,-60,49,-61,36,-56,41,-53,38,-61,36,-59,31,-71,32,-75,44,-60,41,-81,34,-69,30,-78,48,-57,26,-77,58,-80,23,-81,49,-94,35,-96,37,-99,24,-91,18,-84,26,-109,32,-106,25,-100,21,-116,26,0,0,0,0,0,0,3,110,19,127,0,104,9,123,0,127,9,93,-8,127,-6,103,-10,127,-20,94,-10,108,-15,119,-19,97,-19,123,-25,102,-34,91,-33,105,-30,109,-18,88,-32,116,-15,91,-25,113,-32,83,-25,99,-34,110,-39,103,-35,117,-37,98,-50,90,-48,93,-48,92,-22,83,-69,104,-50,84,-48,95,-55,65,-59,96,-72,77,-64,82,-71,69,-83,64,-74,54,-91,38,-86,55,-69,51,-85,40,-72,27,-71,40,-62,14,-78,27,-66,10,-71,20,-68,1,-74,1,-62,-5,-55,-13,-49,-9,0,0,0,0,0,0,0,0,0,0]"""
1782318877965,2026-06-25T01:34:37.935,warning,bed_exit,yja,bed_exit_failed,t057,"CSI_DATA,810320,1a:00:00:00:00:00,-64,11,-99,17,49,11,-349177399,47,2,256,0,""[0,0,0,0,0,0,0,0,0,0,0,0,-7,23,-11,23,-14,28,-14,30,-19,29,-16,27,-17,34,-15,26,-18,35,-25,35,-29,29,-34,28,-36,31,-36,36,-37,34,-39,32,-44,23,-50,26,-45,33,-37,46,-38,44,-51,45,-48,36,-57,20,-60,28,-52,28,-58,25,-61,25,-60,29,-60,36,-60,26,-53,32,-54,40,-46,45,-49,45,-56,47,-58,41,-61,35,-55,49,-66,48,-66,49,-57,48,-63,46,-72,57,-52,54,-60,55,-57,71,-47,71,-60,90,-65,81,-61,75,-71,76,-75,82,-55,74,-81,83,-68,88,-66,86,0,0,0,0,0,0,98,80,93,86,86,75,91,71,88,78,77,80,89,75,89,73,85,86,75,60,83,57,80,61,102,52,91,54,74,64,82,58,89,50,89,61,98,66,86,47,94,41,84,58,88,42,82,26,94,40,110,31,95,31,93,48,102,45,97,32,94,45,101,40,105,37,108,31,95,42,98,42,97,26,102,19,102,20,100,40,99,36,75,48,85,44,79,49,79,49,75,46,64,47,69,47,60,35,62,37,58,34,55,33,63,34,53,43,36,43,39,45,31,47,0,0,0,0,0,0,0,0,0,0]"""
1782318877976,2026-06-25T01:34:37.946,warning,bed_exit,yja,bed_exit_failed,t057,"CSI_DATA,810321,1a:00:00:00:00:00,-64,11,-99,17,49,11,-349168441,47,2,256,0,""[0,0,0,0,0,0,0,0,0,0,0,0,-15,16,-24,21,-14,24,-24,26,-15,23,-31,25,-35,16,-26,18,-30,16,-31,23,-36,26,-34,36,-37,32,-37,26,-45,30,-42,12,-57,22,-37,22,-58,28,-65,35,-49,35,-49,16,-43,17,-55,39,-47,36,-53,27,-52,27,-60,33,-51,34,-64,36,-47,26,-77,45,-64,33,-56,41,-58,39,-53,29,-50,34,-53,52,-49,60,-41,50,-50,57,-48,46,-57,68,-47,59,-74,81,-59,64,-54,76,-56,74,-44,72,-38,82,-48,105,-39,77,-44,102,-52,96,-29,104,-40,120,-47,102,0,0,0,0,0,0,119,45,88,29,127,34,104,50,84,24,127,40,105,29,127,32,94,17,127,38,122,33,103,15,94,22,88,7,117,0,108,-2,106,-11,97,-8,103,-8,93,-3,115,-8,89,-10,125,-19,108,-10,98,-33,91,-14,87,-27,100,-43,94,-47,88,-42,86,-36,101,-39,83,-32,102,-49,87,-37,123,-46,108,-33,92,-47,91,-34,83,-25,77,-34,93,-49,82,-42,70,-39,84,-32,66,-22,89,-33,67,-21,93,-27,80,-20,67,-22,64,-11,58,-9,55,-18,68,-14,52,-17,60,-18,0,0,0,0,0,0,0,0,0,0]"""
1782318877987,2026-06-25T01:34:37.957,warning,bed_exit,yja,bed_exit_failed,t057,"CSI_DATA,810322,1a:00:00:00:00:00,-64,11,-99,19,49,11,-349157279,47,2,256,0,""[0,0,0,0,0,0,0,0,0,0,0,0,-23,15,-24,13,-35,14,-26,10,-35,9,-32,8,-31,13,-43,15,-37,7,-46,4,-41,5,-45,1,-43,1,-51,-3,-41,0,-62,0,-55,0,-67,3,-54,-6,-49,-7,-72,-1,-54,-4,-73,0,-57,-10,-62,-12,-66,-4,-68,-10,-55,3,-76,-7,-63,-12,-71,1,-49,-2,-63,12,-66,0,-66,7,-75,21,-80,5,-73,7,-76,6,-84,10,-73,22,-84,13,-78,15,-76,32,-63,24,-84,51,-78,37,-79,55,-94,44,-90,43,-85,26,-96,39,-86,51,-100,58,-102,42,-89,48,-94,70,0,0,0,0,0,0,63,94,69,109,57,82,76,94,85,115,63,82,76,106,60,84,74,97,62,80,77,66,97,82,76,74,86,76,74,69,70,77,82,75,77,79,81,49,104,79,81,53,98,55,78,49,83,43,105,46,96,35,106,41,90,51,89,57,101,43,101,46,99,21,112,49,90,40,98,27,66,32,106,15,92,42,106,30,98,29,99,35,86,45,80,53,89,46,85,28,84,47,70,44,77,21,49,26,77,30,67,31,70,23,60,30,59,37,48,36,42,38,42,33,0,0,0,0,0,0,0,0,0,0]"""
1782318877998,2026-06-25T01:34:37.968,warning,bed_exit,yja,bed_exit_failed,t057,"CSI_DATA,810323,1a:00:00:00:00:00,-64,11,-99,11,50,11,-349145919,47,2,256,0,""[0,0,0,0,0,0,0,0,0,0,0,0,73,-82,-11,18,36,-54,0,-94,-54,6,43,31,-27,-29,11,56,13,7,27,-45,62,57,17,0,44,3,7,-43,79,-21,40,13,85,0,44,-51,35,-25,88,-29,47,-38,64,-11,51,-5,68,-26,64,-18,70,-15,61,-12,62,-18,63,-6,68,-15,61,-14,71,-23,73,-23,65,-19,67,-24,65,-12,60,-24,64,-29,64,-41,63,-41,68,-35,62,-31,71,-42,74,-47,82,-50,78,-49,75,-48,74,-47,71,-51,70,-67,75,-81,69,-63,74,-65,88,-72,76,-82,84,-79,88,-72,0,0,0,0,0,0,-85,-76,-83,-71,-94,-85,-81,-85,-78,-80,-86,-78,-85,-80,-89,-80,-83,-65,-89,-85,-90,-85,-86,-72,-74,-70,-88,-59,-97,-59,-87,-47,-100,-43,-93,-44,-95,-45,-89,-55,-105,-43,-91,-36,-102,-42,-108,-45,-98,-34,-89,-35,-91,-28,-110,-22,-102,-14,-105,-15,-94,-19,-93,-21,-100,-24,-111,-22,-95,-21,-112,-27,-117,-24,-100,-25,-98,-26,-87,-29,-87,-26,-104,-23,-93,-22,-87,-19,-86,-22,-80,-28,-83,-31,-74,-23,-80,-32,-73,-37,-63,-29,-63,-30,-49,-35,-55,-27,-61,-27,-47,-25,-44,-29,0,0,0,0,0,0,0,0,0,0]"""
1782318878009,2026-06-25T01:34:37.979,warning,bed_exit,yja,bed_exit_failed,t057,"CSI_DATA,810324,1a:00:00:00:00:00,-64,11,-99,16,49,11,-349134742,47,2,256,0,""[0,0,0,0,0,0,0,0,0,0,0,0,22,8,31,13,19,11,28,17,20,18,25,31,27,30,24,29,20,36,15,33,27,44,20,42,14,40,11,44,9,50,12,46,16,59,15,57,4,60,-7,64,0,52,-11,61,-8,58,-6,68,-9,56,-8,65,-12,64,-22,70,-8,51,-16,56,-13,68,-25,79,-32,64,-25,57,-32,60,-23,63,-15,65,-7,85,-13,65,-15,51,-30,66,-6,73,-9,81,-27,87,-30,106,-38,74,-30,89,-58,77,-35,80,-40,99,-28,111,-25,104,-33,92,-49,106,-28,103,-51,102,-60,104,0,0,0,0,0,0,95,72,81,61,108,76,88,67,78,59,102,78,81,55,96,76,91,58,92,86,86,86,60,78,74,73,65,76,91,71,81,71,77,66,70,63,69,80,74,55,80,71,83,68,78,72,71,88,54,77,59,77,61,70,79,70,74,73,67,66,65,69,66,86,65,58,70,71,68,79,69,104,40,97,45,90,34,103,30,89,40,86,55,89,34,86,26,71,14,78,29,74,30,81,13,85,8,97,-11,73,-7,73,-20,72,-11,62,-13,64,-7,68,-9,56,-14,51,0,0,0,0,0,0,0,0,0,0]"""
1782318878020,2026-06-25T01:34:37.990,warning,bed_exit,yja,bed_exit_failed,t057,"CSI_DATA,810325,1a:00:00:00:00:00,-64,11,-99,19,49,11,-349120944,47,2,256,0,""[0,0,0,0,0,0,0,0,0,0,0,0,18,-18,22,-21,17,-26,26,-22,36,-19,23,-22,29,-17,40,-23,33,-28,39,-26,42,-11,35,-21,45,-24,54,-16,61,-21,45,-21,47,-22,53,-11,48,-15,58,-24,61,-29,63,-26,63,-19,64,-12,61,-23,62,-15,65,-17,65,-15,67,-34,60,-24,61,-20,60,-32,57,-37,58,-32,59,-36,55,-41,64,-43,62,-32,65,-42,69,-45,65,-46,53,-56,56,-54,66,-60,50,-57,46,-64,44,-65,55,-75,49,-79,63,-86,59,-77,59,-84,58,-90,59,-87,63,-93,58,-102,62,-109,0,0,0,0,0,0,-105,-57,-111,-70,-96,-55,-98,-57,-110,-57,-90,-55,-109,-46,-104,-46,-101,-54,-95,-31,-98,-28,-101,-36,-117,-18,-111,-35,-96,-34,-98,-25,-103,-17,-106,-21,-112,-23,-102,-2,-94,0,-108,-7,-87,9,-100,10,-110,9,-113,18,-103,10,-104,0,-108,13,-98,12,-107,11,-107,15,-107,26,-101,22,-108,15,-90,31,-93,28,-104,30,-103,30,-100,35,-95,18,-94,9,-92,23,-96,15,-94,5,-88,21,-77,4,-86,7,-71,15,-67,15,-71,12,-67,14,-77,15,-69,2,-58,0,-61,0,-53,-8,0,0,0,0,0,0,0,0,0,0]"""
1782318878031,2026-06-25T01:34:38.001,warning,bed_exit,yja,bed_exit_failed,t057,"CSI_DATA,810326,1a:00:00:00:00:00,-64,11,-99,19,49,11,-349113642,47,2,256,0,""[0,0,0,0,0,0,0,0,0,0,0,0,-18,-15,-14,-17,-26,-28,-23,-26,-22,-31,-18,-23,-18,-23,-25,-28,-21,-37,-27,-45,-15,-35,-17,-36,-21,-47,-20,-44,-23,-36,-29,-53,-18,-45,-26,-49,-18,-47,-33,-54,-38,-64,-30,-55,-29,-67,-25,-59,-21,-62,-19,-60,-23,-56,-24,-37,-39,-68,-28,-52,-43,-58,-22,-62,-43,-55,-42,-55,-60,-70,-45,-47,-57,-63,-61,-44,-60,-59,-63,-60,-42,-24,-54,-64,-41,-56,-77,-28,-58,-45,-81,-40,-67,-41,-73,-48,-97,-29,-103,-53,-105,-64,-94,-41,-84,-34,-128,-34,-92,-41,-98,-37,-106,-5,0,0,0,0,0,0,-18,101,-26,127,-18,83,-10,109,-24,127,-15,94,-4,127,0,95,-3,127,0,84,0,102,5,112,14,104,16,127,1,103,0,101,15,106,18,109,27,78,40,113,27,77,46,110,39,71,47,93,58,96,60,89,57,105,50,93,48,95,59,92,62,94,65,63,82,105,52,71,73,77,51,55,85,74,66,77,83,66,72,69,74,80,46,76,53,77,59,81,53,61,63,75,43,57,64,63,35,39,56,56,46,55,49,51,45,52,47,64,30,52,22,47,26,46,0,0,0,0,0,0,0,0,0,0]"""
1782318878042,2026-06-25T01:34:38.012,warning,bed_exit,yja,bed_exit_failed,t057,"CSI_DATA,810327,1a:00:00:00:00:00,-64,11,-99,21,48,11,-349102642,47,2,256,0,""[0,0,0,0,0,0,0,0,0,0,0,0,-18,-14,-25,-23,-21,-10,-30,-28,-17,-16,-23,-41,-20,-35,-14,-29,-16,-42,-5,-29,-14,-45,-17,-46,-14,-57,-10,-43,-11,-60,0,-36,-7,-62,-6,-44,-1,-74,-1,-68,0,-42,0,-65,14,-48,6,-61,5,-64,13,-64,15,-62,21,-71,6,-45,4,-77,9,-56,9,-95,16,-68,10,-70,11,-64,16,-58,6,-56,3,-79,4,-73,8,-53,15,-77,-4,-58,-1,-93,6,-77,15,-124,22,-80,9,-93,26,-95,9,-75,10,-86,0,-123,1,-101,12,-117,14,-92,0,-114,27,-128,12,-104,0,0,0,0,0,0,-120,-20,-82,-20,-128,-22,-113,-33,-74,-22,-128,-38,-83,-11,-128,-33,-70,-11,-128,-44,-121,-39,-94,-34,-100,-29,-76,-26,-110,-27,-107,-22,-103,-19,-90,-16,-116,-33,-77,-10,-115,-15,-88,-12,-128,-24,-115,-23,-86,-12,-88,-10,-77,-23,-112,-20,-97,-9,-97,-22,-85,-20,-106,-37,-67,-1,-120,-15,-89,-14,-128,-39,-91,-36,-103,-36,-88,-44,-83,-36,-74,-35,-98,-34,-85,-34,-71,-29,-80,-54,-61,-27,-88,-40,-58,-38,-86,-75,-47,-56,-55,-49,-37,-55,-37,-46,-31,-39,-47,-53,-30,-42,-30,-48,0,0,0,0,0,0,0,0,0,0]"""
1782318878053,2026-06-25T01:34:38.023,warning,bed_exit,yja,bed_exit_failed,t057,"CSI_DATA,810328,1a:00:00:00:00:00,-64,11,-99,16,49,11,-349091379,47,2,256,0,""[0,0,0,0,0,0,0,0,0,0,0,0,24,-8,34,-6,34,2,28,0,32,2,39,2,38,8,39,9,37,11,40,22,53,15,47,15,46,20,40,27,37,21,43,34,45,31,53,37,47,46,33,54,34,50,32,42,40,48,47,55,37,53,44,53,38,49,44,47,31,65,34,61,39,59,37,65,35,68,34,60,30,58,27,56,38,62,48,67,44,68,40,60,36,58,47,69,46,63,49,74,54,76,58,81,52,69,54,75,45,80,45,78,61,89,52,74,56,78,57,105,52,102,53,90,56,101,0,0,0,0,0,0,104,-36,105,-38,115,-52,110,-47,103,-44,106,-42,115,-47,110,-39,107,-40,115,-43,121,-37,104,-49,90,-34,108,-32,104,-51,99,-43,95,-44,92,-29,81,-33,100,-30,92,-36,97,-49,105,-38,107,-36,98,-46,92,-23,97,-44,101,-46,91,-38,96,-47,87,-29,82,-35,101,-27,94,-28,100,-33,106,-25,115,-25,100,-18,97,-17,87,-10,96,-11,107,-17,94,-10,83,-4,79,-3,92,3,81,7,79,5,78,15,82,19,70,17,62,19,54,17,60,23,61,27,53,27,50,28,0,0,0,0,0,0,0,0,0,0]"""
1782318878064,2026-06-25T01:34:38.034,warning,bed_exit,yja,bed_exit_failed,t057,"CSI_DATA,810329,1a:00:00:00:00:00,-64,11,-99,18,49,11,-349080357,47,2,256,0,""[0,0,0,0,0,0,0,0,0,0,0,0,-21,23,-20,20,-24,13,-26,17,-25,20,-40,21,-38,17,-38,17,-38,9,-43,3,-55,17,-48,8,-50,0,-50,2,-50,0,-57,-6,-57,-5,-59,-1,-61,-20,-55,-18,-49,-16,-52,-30,-60,-22,-64,-20,-59,-21,-64,-23,-62,-20,-58,-27,-55,-34,-54,-37,-59,-25,-64,-43,-57,-42,-57,-41,-59,-37,-64,-36,-57,-34,-72,-30,-60,-30,-61,-33,-66,-33,-73,-42,-78,-42,-71,-40,-82,-44,-77,-51,-81,-58,-82,-52,-69,-54,-78,-48,-90,-54,-82,-43,-88,-57,-91,-76,-88,-60,-87,-66,-95,-72,0,0,0,0,0,0,-77,81,-72,82,-91,99,-78,78,-75,88,-83,82,-89,79,-90,76,-85,73,-92,85,-91,76,-90,69,-82,59,-79,60,-79,81,-71,74,-74,73,-69,60,-71,58,-79,59,-82,69,-81,67,-92,70,-88,64,-77,68,-81,52,-73,64,-81,74,-76,69,-76,72,-75,61,-82,59,-89,53,-88,55,-78,56,-104,55,-104,45,-95,38,-92,36,-86,25,-88,36,-93,42,-90,32,-82,25,-83,21,-80,11,-86,11,-77,12,-88,0,-80,-1,-74,-1,-72,-5,-58,-14,-64,-11,-64,-15,-58,-14,-56,-13,0,0,0,0,0,0,0,0,0,0]"""
1782318878075,2026-06-25T01:34:38.045,warning,bed_exit,yja,bed_exit_failed,t057,"CSI_DATA,810331,1a:00:00:00:00:00,-64,11,-99,17,49,11,-349053666,47,2,256,0,""[0,0,0,0,0,0,0,0,0,0,0,0,27,-7,23,-6,37,0,28,3,41,1,39,-5,35,3,43,-7,35,0,51,-6,43,-4,43,-1,47,-3,50,6,44,4,61,7,52,3,62,9,56,4,67,7,78,2,54,23,67,-6,65,6,59,0,61,-2,59,6,57,-2,70,14,68,8,64,3,65,0,73,-2,75,0,71,-12,65,-10,75,-20,69,-23,76,-24,78,-21,70,-28,85,-17,76,-24,76,-29,67,-28,79,-57,77,-41,67,-58,88,-49,74,-58,86,-54,77,-62,76,-62,86,-83,84,-68,81,-69,90,-81,0,0,0,0,0,0,-83,-72,-98,-81,-77,-70,-89,-77,-100,-70,-85,-64,-102,-82,-90,-68,-97,-70,-95,-49,-99,-55,-110,-43,-83,-47,-107,-36,-99,-29,-101,-23,-103,-22,-103,-24,-91,-10,-109,-32,-99,-24,-102,-11,-95,-14,-105,-8,-111,10,-96,-1,-109,16,-103,15,-101,16,-103,27,-98,26,-87,26,-116,6,-102,7,-101,24,-89,21,-110,34,-100,17,-99,37,-95,23,-95,33,-88,21,-91,27,-93,21,-82,27,-90,10,-78,4,-81,21,-63,16,-83,19,-64,12,-68,24,-61,1,-66,19,-61,5,-53,9,-49,8,0,0,0,0,0,0,0,0,0,0]"""
1782318878086,2026-06-25T01:34:38.056,warning,bed_exit,yja,bed_exit_failed,t057,"CSI_DATA,810332,1a:00:00:00:00:00,-64,11,-99,16,49,11,-349045659,47,2,256,0,""[0,0,0,0,0,0,0,0,0,0,0,0,11,-31,5,-22,110,-89,0,-32,28,-36,-74,13,18,9,-17,-65,36,-117,-45,-50,0,-3,25,0,69,-52,53,-62,11,-70,3,-32,44,-30,30,-43,46,-51,39,-52,53,-55,34,-16,52,-59,46,-38,51,-33,45,-48,49,-49,36,-40,64,-46,50,-31,57,-49,44,-34,49,-51,56,-47,49,-55,44,-59,61,-61,56,-54,50,-65,53,-61,36,-59,66,-78,50,-57,50,-68,37,-53,46,-95,53,-72,29,-88,47,-85,47,-89,53,-79,49,-85,43,-78,51,-113,61,-88,45,-82,55,-101,0,0,0,0,0,0,-93,-51,-113,-66,-92,-46,-102,-55,-119,-61,-87,-52,-117,-69,-86,-47,-104,-61,-94,-38,-101,-35,-113,-37,-93,-40,-109,-33,-105,-34,-101,-28,-99,-24,-101,-24,-77,-20,-119,-29,-77,-29,-113,-31,-81,-17,-96,-15,-100,-11,-98,-15,-113,-2,-106,-21,-108,-8,-109,-4,-110,-2,-81,5,-126,-22,-99,-7,-104,-7,-82,-16,-108,-6,-100,-8,-101,2,-102,-15,-109,-19,-99,-18,-95,-13,-98,-16,-75,-15,-93,-32,-60,-32,-75,-14,-58,-15,-83,-23,-66,-28,-69,-17,-56,-25,-57,-28,-52,-29,-48,-27,-46,-26,0,0,0,0,0,0,0,0,0,0]"""
1782318878097,2026-06-25T01:34:38.067,warning,bed_exit,yja,bed_exit_failed,t057,"CSI_DATA,810333,1a:00:00:00:00:00,-64,11,-99,17,49,11,-349028524,47,2,256,0,""[0,0,0,0,0,0,0,0,0,0,0,0,-22,-12,-24,-15,-28,-18,-30,-19,-26,-24,-19,-23,-22,-23,-30,-35,-30,-30,-20,-43,-11,-40,-11,-47,-14,-54,-9,-60,-10,-60,-5,-59,-7,-54,-7,-52,6,-49,-6,-45,5,-59,0,-76,13,-72,24,-53,30,-64,22,-55,26,-64,18,-58,28,-69,23,-65,27,-55,29,-50,21,-60,18,-66,24,-64,20,-76,36,-65,34,-56,47,-61,54,-67,39,-74,42,-66,38,-69,42,-75,32,-59,29,-75,40,-73,33,-89,61,-101,58,-83,68,-62,82,-77,66,-84,66,-73,82,-71,77,-83,72,-89,0,0,0,0,0,0,-87,-92,-79,-113,-57,-76,-70,-78,-73,-114,-54,-88,-61,-107,-63,-98,-49,-106,-42,-89,-58,-71,-58,-94,-62,-96,-50,-104,-26,-88,-29,-102,-32,-96,-32,-113,-44,-98,-44,-101,-43,-83,-36,-96,-23,-79,-44,-73,-48,-91,-57,-100,-39,-103,-13,-93,-15,-104,-14,-97,-10,-111,-25,-105,-25,-116,-19,-100,-18,-95,0,-84,-19,-89,-15,-94,-11,-101,-9,-110,8,-103,19,-76,32,-93,33,-94,31,-90,27,-86,33,-73,33,-76,32,-55,24,-65,30,-60,31,-64,45,-61,45,-47,44,-27,53,-33,43,-28,0,0,0,0,0,0,0,0,0,0]"""
1782318878108,2026-06-25T01:34:38.078,warning,bed_exit,yja,bed_exit_failed,t057,"CSI_DATA,810334,1a:00:00:00:00:00,-64,11,-99,16,49,11,-349024208,47,2,256,0,""[0,0,0,0,0,0,0,0,0,0,0,0,-29,-9,-31,-13,-30,-13,-31,-16,-27,-17,-23,-12,-28,-17,-34,-22,-40,-27,-35,-27,-30,-36,-34,-40,-24,-39,-25,-46,-28,-43,-34,-54,-27,-48,-26,-57,-16,-46,-35,-35,-30,-39,-32,-60,-31,-68,-3,-56,-15,-62,-19,-64,-12,-70,-19,-62,-10,-71,-10,-64,-15,-67,-9,-54,-24,-49,-26,-56,-28,-61,-32,-74,-24,-73,-15,-69,-21,-70,-19,-80,-23,-75,-28,-85,-29,-79,-27,-76,-25,-65,-46,-63,-51,-72,-63,-76,-55,-92,-53,-90,-24,-87,-36,-112,-42,-98,-39,-96,-29,-110,-46,-97,-52,-105,0,0,0,0,0,0,-112,42,-128,33,-88,26,-111,42,-128,44,-110,20,-114,25,-107,26,-113,26,-95,18,-82,43,-94,46,-103,59,-109,43,-99,13,-106,26,-100,20,-109,21,-104,39,-108,40,-98,39,-105,40,-71,26,-73,46,-81,55,-92,57,-96,58,-93,22,-95,33,-95,38,-111,34,-104,47,-103,38,-96,28,-101,37,-78,26,-81,43,-82,48,-87,49,-101,47,-101,31,-91,3,-101,8,-97,2,-94,10,-88,9,-79,2,-85,0,-64,5,-74,13,-66,6,-70,12,-80,-2,-65,-5,-48,-21,-61,-21,-56,-22,0,0,0,0,0,0,0,0,0,0]"""
1782318878119,2026-06-25T01:34:38.089,warning,bed_exit,yja,bed_exit_failed,t057,"CSI_DATA,810335,1a:00:00:00:00:00,-64,11,-99,19,49,11,-349013497,47,2,256,0,""[0,0,0,0,0,0,0,0,0,0,0,0,-25,-5,-28,-4,-25,-11,-32,-8,-39,-11,-32,-16,-29,-21,-30,-22,-36,-21,-25,-30,-38,-26,-36,-32,-34,-34,-42,-32,-39,-43,-48,-26,-46,-29,-42,-31,-39,-44,-32,-44,-15,-53,-50,-51,-37,-57,-43,-48,-45,-50,-47,-45,-46,-46,-46,-53,-49,-44,-52,-47,-46,-46,-50,-46,-46,-51,-51,-46,-47,-54,-65,-44,-57,-41,-66,-30,-59,-38,-66,-35,-70,-46,-73,-20,-82,-16,-88,-34,-81,-27,-71,-25,-85,-28,-94,-39,-90,-32,-101,-32,-100,-11,-103,-10,-108,-16,-104,-11,-113,2,-110,-23,-121,-19,0,0,0,0,0,0,-18,127,-12,126,-9,119,-11,112,-3,117,-3,121,12,109,8,122,4,107,0,110,-2,107,-10,112,21,114,-2,106,19,104,20,110,25,104,22,105,19,113,44,92,54,88,42,101,36,96,33,89,27,92,51,94,39,94,47,86,53,92,53,81,56,87,51,99,70,73,69,77,76,93,61,91,42,88,54,85,43,104,57,84,52,86,63,76,51,76,52,71,42,78,58,65,55,65,38,77,42,74,29,62,31,70,19,67,33,66,20,65,27,53,26,57,15,54,0,0,0,0,0,0,0,0,0,0]"""
1782318878130,2026-06-25T01:34:38.100,warning,bed_exit,yja,bed_exit_failed,t057,"CSI_DATA,810336,1a:00:00:00:00:00,-64,11,-99,16,49,11,-349003589,47,2,256,0,""[0,0,0,0,0,0,0,0,0,0,0,0,25,11,24,13,28,29,26,21,28,25,19,23,24,14,35,23,24,28,42,36,24,31,26,40,37,35,30,46,29,40,28,57,23,49,18,57,14,56,34,39,47,47,26,64,30,61,21,55,22,63,25,61,17,68,24,59,20,79,28,64,22,64,19,50,40,60,33,56,45,58,36,65,38,71,23,64,44,73,49,77,54,65,29,87,34,73,60,61,30,47,71,62,53,65,85,49,75,87,73,65,47,71,65,89,70,78,83,67,69,91,74,74,94,82,0,0,0,0,0,0,87,-93,104,-95,64,-67,69,-79,98,-100,80,-60,105,-88,70,-74,88,-88,67,-68,54,-70,56,-98,68,-82,61,-109,61,-69,62,-78,59,-87,69,-92,53,-94,70,-93,50,-87,59,-88,39,-70,33,-85,33,-108,37,-106,39,-111,44,-88,35,-99,33,-97,43,-107,28,-98,61,-106,54,-95,35,-93,29,-67,17,-102,30,-91,11,-104,43,-105,39,-93,50,-67,48,-90,58,-88,43,-90,59,-69,59,-59,35,-66,29,-42,34,-60,35,-54,24,-74,49,-54,33,-60,35,-35,42,-39,39,-32,0,0,0,0,0,0,0,0,0,0]"""
1782318878141,2026-06-25T01:34:38.111,warning,bed_exit,yja,bed_exit_failed,t057,"CSI_DATA,810337,1a:00:00:00:00:00,-64,11,-99,17,49,11,-348988553,47,2,256,0,""[0,0,0,0,0,0,0,0,0,0,0,0,-27,-7,-28,-8,-30,-18,-30,-13,-32,-24,-33,-12,-40,-13,-31,-16,-41,-27,-36,-30,-27,-34,-36,-35,-36,-41,-29,-42,-29,-55,-27,-45,-25,-45,-21,-52,-24,-54,-31,-53,-27,-45,-28,-65,-22,-48,-6,-62,-17,-63,-21,-52,-15,-67,-15,-66,-16,-66,-15,-69,-5,-69,-17,-58,-15,-61,-26,-68,-25,-61,-29,-71,-27,-63,-15,-69,-30,-75,-17,-83,-15,-83,-29,-70,-20,-71,-18,-88,-34,-74,-31,-74,-46,-77,-48,-75,-50,-88,-40,-91,-32,-99,-45,-99,-39,-102,-50,-92,-27,-107,-44,-108,-44,-113,0,0,0,0,0,0,-125,25,-121,16,-113,16,-111,18,-117,31,-114,3,-112,14,-119,22,-116,12,-107,30,-100,32,-93,27,-106,48,-105,38,-99,6,-102,25,-108,36,-114,30,-113,24,-89,31,-100,32,-103,17,-95,36,-95,30,-90,38,-102,53,-86,45,-99,16,-102,41,-94,42,-97,30,-109,30,-100,32,-102,32,-102,15,-98,35,-95,28,-89,38,-92,36,-108,30,-93,19,-88,7,-93,23,-91,5,-95,-1,-80,5,-84,-3,-83,-12,-77,2,-71,-4,-71,2,-64,-1,-72,-12,-67,-5,-57,-26,-55,-20,-53,-24,0,0,0,0,0,0,0,0,0,0]"""
1782318878152,2026-06-25T01:34:38.122,warning,bed_exit,yja,bed_exit_failed,t057,"CSI_DATA,810338,1a:00:00:00:00:00,-64,11,-99,17,49,11,-348981632,47,2,256,0,""[0,0,0,0,0,0,0,0,0,0,0,0,5,26,4,22,0,32,0,33,0,34,-2,39,0,40,-1,35,-10,33,-14,49,-14,53,-12,37,-17,46,-19,43,-21,42,-33,52,-21,48,-29,56,-36,53,-32,52,-37,47,-32,46,-34,53,-48,52,-46,43,-41,51,-35,46,-30,42,-50,51,-44,50,-43,52,-51,52,-54,60,-51,60,-45,54,-44,54,-42,62,-47,66,-50,58,-48,65,-34,58,-53,67,-44,69,-48,79,-45,71,-45,85,-49,75,-40,81,-51,84,-46,85,-57,94,-49,74,-39,81,-60,110,-59,94,-60,87,-62,102,0,0,0,0,0,0,99,53,101,70,104,64,102,61,95,64,88,53,109,71,88,64,103,68,102,67,100,64,99,55,81,56,92,60,94,53,89,51,99,52,91,49,87,34,97,56,87,39,99,35,104,47,105,48,102,42,82,40,97,39,113,35,97,51,99,37,90,35,78,23,104,48,92,40,102,39,95,50,108,46,90,49,93,46,74,40,84,54,87,53,73,52,70,53,71,40,68,59,61,55,68,47,61,54,60,55,54,54,49,50,36,54,44,46,36,58,25,48,24,49,0,0,0,0,0,0,0,0,0,0]"""
1782318878163,2026-06-25T01:34:38.133,warning,bed_exit,yja,bed_exit_failed,t057,"CSI_DATA,810339,1a:00:00:00:00:00,-64,11,-99,17,49,11,-348968026,47,2,256,0,""[0,0,0,0,0,0,0,0,0,0,0,0,22,-9,26,-4,22,-8,34,-7,29,-7,41,0,43,8,37,14,41,10,39,9,46,15,49,15,45,20,43,20,51,29,40,25,49,31,47,34,49,45,48,43,32,33,39,53,22,52,45,50,35,46,33,55,31,56,31,70,33,38,36,57,35,60,41,70,16,70,24,56,26,72,24,66,23,67,54,64,36,57,30,53,27,72,41,63,48,71,38,83,39,114,7,87,26,89,5,100,33,79,31,98,56,98,40,89,34,103,19,107,46,104,36,117,21,109,0,0,0,0,0,0,119,-16,98,-13,127,-5,113,-1,94,0,125,-6,92,-9,122,-6,102,-5,126,7,127,26,102,27,105,16,91,20,114,9,112,5,105,3,99,5,108,22,89,5,107,8,102,8,119,10,106,29,90,29,100,21,93,26,113,3,108,16,102,18,92,16,103,42,85,13,107,16,101,29,114,46,88,56,82,51,84,65,74,54,75,51,94,40,73,47,64,42,63,63,61,41,65,52,59,65,55,82,32,67,35,61,21,68,22,60,23,55,29,59,16,51,15,54,0,0,0,0,0,0,0,0,0,0]"""
1782318878174,2026-06-25T01:34:38.144,warning,bed_exit,yja,bed_exit_failed,t057,"CSI_DATA,810340,1a:00:00:00:00:00,-64,11,-99,17,49,11,-348959123,47,2,256,0,""[0,0,0,0,0,0,0,0,0,0,0,0,19,-10,29,-8,34,-1,35,-6,39,-8,34,-2,36,-6,40,-7,38,0,40,-5,47,-4,43,0,49,0,46,5,54,0,56,10,64,6,57,2,69,8,60,9,59,17,63,7,60,0,74,8,65,12,66,5,59,12,58,-8,81,18,72,7,53,13,81,8,83,0,81,-2,77,-11,51,4,57,-17,82,-16,96,-7,79,-34,85,-19,68,-22,83,-18,73,-53,79,-45,83,-52,94,-43,63,-57,76,-29,62,-60,93,-63,100,-45,80,-53,91,-44,99,-46,96,-56,90,-66,0,0,0,0,0,0,-79,-99,-71,-87,-90,-97,-78,-83,-69,-78,-84,-87,-83,-82,-85,-90,-83,-78,-88,-83,-84,-73,-92,-58,-75,-71,-90,-62,-93,-56,-83,-53,-93,-53,-96,-47,-99,-43,-85,-53,-95,-47,-91,-28,-107,-38,-105,-31,-111,-19,-91,-27,-99,-20,-108,-16,-101,-18,-102,-11,-98,-18,-105,-1,-108,-22,-112,-16,-96,2,-113,-14,-109,-2,-101,-8,-104,0,-96,-14,-93,-11,-99,-6,-99,-18,-89,-13,-92,-10,-77,-14,-83,-13,-74,-4,-81,-13,-82,-13,-68,-17,-72,-12,-63,-21,-65,-15,-61,-14,-47,-16,-46,-16,0,0,0,0,0,0,0,0,0,0]"""
1782318878185,2026-06-25T01:34:38.155,warning,bed_exit,yja,bed_exit_failed,t057,"CSI_DATA,810341,1a:00:00:00:00:00,-64,11,-99,20,48,11,-348940963,47,2,256,0,""[0,0,0,0,0,0,0,0,0,0,0,0,-7,12,-49,-8,10,-24,115,0,-46,9,56,-20,28,-109,87,15,78,0,96,-49,43,3,31,52,73,43,48,0,3,-29,48,-5,62,-27,66,15,49,-9,38,0,90,-3,61,-6,83,-6,65,-2,60,5,66,0,71,-7,56,-16,81,-6,65,-5,66,-23,54,-5,73,-18,68,-13,73,-24,63,-31,77,-34,67,-31,75,-23,83,-36,65,-36,82,-43,64,-40,68,-58,58,-39,66,-69,71,-54,67,-72,79,-64,83,-63,80,-50,87,-74,68,-75,76,-90,80,-80,74,-74,77,-99,0,0,0,0,0,0,-88,-66,-108,-72,-83,-60,-111,-50,-122,-66,-92,-42,-114,-70,-87,-48,-115,-61,-90,-50,-94,-35,-109,-39,-96,-46,-112,-46,-96,-33,-99,-37,-104,-33,-107,-30,-92,-14,-115,-23,-101,-7,-106,4,-89,-8,-100,0,-106,0,-102,7,-119,5,-102,2,-104,-2,-113,5,-113,18,-83,26,-125,10,-98,9,-102,32,-81,8,-102,31,-105,8,-99,28,-96,23,-100,20,-99,11,-95,7,-99,11,-85,18,-95,12,-75,8,-81,23,-65,12,-83,25,-74,8,-77,14,-71,10,-70,4,-64,0,-55,-5,-53,-2,0,0,0,0,0,0,0,0,0,0]"""
1782318878196,2026-06-25T01:34:38.166,warning,bed_exit,yja,bed_exit_failed,t057,"CSI_DATA,810342,1a:00:00:00:00:00,-64,11,-99,18,49,11,-348933739,47,2,256,0,""[0,0,0,0,0,0,0,0,0,0,0,0,-4,30,-9,32,-8,28,-14,30,-16,28,-19,35,-24,33,-28,28,-22,41,-34,28,-34,33,-38,38,-41,30,-35,26,-45,28,-39,38,-43,38,-56,34,-53,30,-49,17,-44,8,-58,30,-61,13,-48,17,-62,17,-63,23,-59,22,-67,23,-58,32,-58,29,-66,28,-65,26,-64,15,-65,18,-68,18,-70,30,-68,31,-59,40,-65,30,-67,34,-76,24,-59,52,-73,51,-82,42,-80,51,-74,35,-78,60,-83,36,-75,57,-88,58,-82,63,-80,72,-87,54,-88,66,-89,65,-90,52,-95,60,0,0,0,0,0,0,60,107,63,110,57,100,60,104,59,92,67,106,56,86,62,91,58,92,60,96,59,98,48,88,73,105,41,91,58,96,55,89,56,88,48,89,57,91,76,79,81,76,72,82,72,81,59,85,47,81,79,87,54,79,68,80,66,82,67,76,62,78,70,95,75,59,78,74,71,87,69,86,55,71,66,82,42,96,63,81,52,82,54,72,43,78,50,66,35,83,54,73,47,69,30,77,28,76,24,66,21,71,9,70,17,60,5,69,9,59,4,59,5,55,0,0,0,0,0,0,0,0,0,0]"""
1782318878207,2026-06-25T01:34:38.177,warning,bed_exit,yja,bed_exit_failed,t057,"CSI_DATA,810343,1a:00:00:00:00:00,-64,11,-99,16,49,11,-348926448,47,2,256,0,""[0,0,0,0,0,0,0,0,0,0,0,0,0,-30,8,-31,9,-31,12,-31,17,-33,15,-31,18,-31,28,-27,28,-35,39,-24,31,-27,45,-30,44,-28,52,-23,51,-22,47,-30,52,-31,56,-22,57,-8,54,-17,49,-5,77,-9,61,0,61,3,64,7,61,5,70,2,69,7,64,-2,67,0,67,2,66,6,65,21,76,15,69,23,70,15,71,9,70,0,73,15,72,12,80,26,78,-2,78,0,90,20,85,16,76,21,93,19,86,28,96,21,98,32,104,25,104,18,105,23,105,35,109,28,107,46,103,44,0,0,0,0,0,0,68,-111,71,-103,64,-102,69,-98,64,-103,71,-96,67,-91,63,-95,69,-87,68,-82,77,-89,80,-68,69,-93,85,-71,70,-73,77,-78,75,-72,77,-73,88,-73,59,-82,56,-80,68,-79,64,-67,74,-71,73,-57,77,-85,81,-65,76,-67,80,-74,74,-63,78,-60,87,-64,75,-76,75,-69,89,-62,81,-61,87,-45,94,-39,97,-39,95,-44,101,-32,87,-39,93,-23,88,-24,92,-9,77,-27,82,-17,92,-3,76,-3,69,6,67,7,70,21,71,16,68,20,59,21,56,20,50,29,0,0,0,0,0,0,0,0,0,0]"""
1782318878218,2026-06-25T01:34:38.188,warning,bed_exit,yja,bed_exit_failed,t057,"CSI_DATA,810344,1a:00:00:00:00:00,-64,11,-99,18,49,11,-348915145,47,2,256,0,""[0,0,0,0,0,0,0,0,0,0,0,0,30,10,27,15,22,24,22,22,20,34,20,23,27,27,33,43,21,35,32,44,13,37,16,40,18,50,4,61,1,56,0,63,0,48,-10,59,-3,51,-9,61,-12,79,-7,63,-7,68,-19,55,-20,66,-12,64,-25,62,-19,59,-42,67,-37,59,-36,52,-28,51,-25,65,-23,71,-26,63,-29,70,-36,69,-40,57,-38,70,-55,73,-44,66,-56,61,-57,55,-59,65,-34,59,-53,81,-44,69,-30,86,-65,86,-53,90,-65,65,-75,71,-70,72,-73,87,-90,65,-74,72,-88,76,0,0,0,0,0,0,59,110,63,125,54,90,48,106,66,118,35,102,38,117,34,103,27,123,36,90,40,91,53,94,45,102,64,107,23,95,41,93,42,95,28,106,26,102,22,108,20,90,7,113,29,83,22,91,33,107,35,100,43,107,8,95,25,100,30,100,12,107,12,99,-2,117,-4,95,-8,106,0,85,0,107,3,102,10,97,-6,107,-10,103,-31,86,-21,102,-37,96,-43,82,-50,77,-48,64,-53,67,-30,51,-40,64,-34,58,-35,64,-50,58,-49,53,-50,30,-46,33,-59,27,0,0,0,0,0,0,0,0,0,0]"""
1782318878229,2026-06-25T01:34:38.199,warning,bed_exit,yja,bed_exit_failed,t057,"CSI_DATA,810345,1a:00:00:00:00:00,-64,11,-99,16,49,11,-348903202,47,2,256,0,""[0,0,0,0,0,0,0,0,0,0,0,0,-24,0,-34,-5,-31,-3,-37,-9,-30,-4,-39,-22,-38,-20,-33,-19,-35,-27,-26,-27,-33,-33,-29,-38,-26,-35,-26,-35,-30,-49,-24,-35,-25,-52,-26,-49,-23,-61,-12,-54,-3,-46,-14,-61,-2,-57,-3,-61,-2,-59,0,-68,12,-68,6,-85,-4,-53,-3,-70,10,-66,4,-85,13,-64,0,-63,9,-72,14,-70,11,-64,9,-75,9,-63,17,-65,21,-73,-4,-72,5,-95,21,-82,26,-116,31,-72,12,-100,39,-89,21,-85,30,-89,31,-104,26,-103,38,-108,42,-95,26,-98,52,-112,45,-94,0,0,0,0,0,0,-107,-69,-75,-58,-107,-80,-93,-74,-75,-64,-100,-86,-74,-51,-96,-86,-74,-62,-92,-91,-81,-89,-61,-76,-81,-87,-54,-78,-74,-89,-68,-88,-63,-79,-56,-76,-68,-93,-62,-59,-78,-80,-63,-74,-74,-92,-66,-90,-54,-74,-67,-83,-42,-78,-59,-88,-57,-91,-49,-89,-38,-82,-47,-111,-48,-67,-59,-94,-43,-92,-51,-121,-24,-93,-37,-95,-17,-100,-17,-93,-8,-88,-20,-94,-11,-88,-6,-79,6,-88,-10,-69,-4,-96,12,-79,19,-101,26,-66,18,-75,34,-62,24,-63,32,-51,29,-59,32,-50,35,-43,0,0,0,0,0,0,0,0,0,0]"""
1782318878240,2026-06-25T01:34:38.210,warning,bed_exit,yja,bed_exit_failed,t057,"CSI_DATA,810346,1a:00:00:00:00:00,-64,11,-99,17,49,11,-348893642,47,2,256,0,""[0,0,0,0,0,0,0,0,0,0,0,0,23,22,13,15,24,29,15,26,19,36,14,32,15,42,19,49,10,40,21,47,8,46,6,49,14,49,11,45,10,37,4,64,12,56,11,66,3,54,13,53,17,56,5,57,6,72,5,58,2,59,0,72,8,70,9,56,10,74,12,57,13,72,18,58,29,75,21,68,24,61,22,61,23,77,26,75,23,74,36,74,42,52,38,85,40,67,59,63,39,62,69,66,49,70,71,71,60,65,71,80,64,77,55,77,63,68,87,90,71,75,69,63,83,73,0,0,0,0,0,0,63,-87,73,-99,55,-78,62,-108,71,-112,57,-87,75,-107,46,-81,63,-112,57,-85,56,-99,50,-109,47,-92,48,-111,43,-99,51,-85,40,-105,30,-98,15,-82,33,-120,20,-85,13,-113,12,-85,7,-110,1,-112,5,-92,6,-117,2,-103,13,-91,4,-105,0,-100,-8,-87,0,-119,-6,-94,-13,-110,-1,-83,-19,-109,-1,-102,-15,-97,-3,-96,-4,-102,3,-95,12,-95,-2,-87,-7,-80,-3,-99,0,-72,-14,-82,3,-66,2,-79,7,-73,0,-71,6,-63,7,-63,3,-62,15,-52,11,-51,0,0,0,0,0,0,0,0,0,0]"""
1782318878251,2026-06-25T01:34:38.221,warning,bed_exit,yja,bed_exit_failed,t057,"CSI_DATA,810347,1a:00:00:00:00:00,-64,11,-99,17,49,11,-348882028,47,2,256,0,""[0,0,0,0,0,0,0,0,0,0,0,0,0,28,0,35,-1,31,-3,34,-3,39,-12,36,-15,42,-21,34,-7,41,-24,36,-20,39,-20,38,-24,51,-23,50,-27,54,-21,44,-24,52,-36,50,-27,51,-31,49,-38,37,-27,65,-43,41,-35,57,-35,64,-38,54,-35,49,-38,52,-22,60,-19,64,-34,59,-26,66,-30,58,-34,59,-36,67,-33,68,-23,62,-16,62,-16,70,-16,71,-21,79,-5,70,-4,79,-5,90,-12,90,-15,85,-9,95,-20,90,4,94,0,107,16,100,7,103,6,100,8,106,25,111,10,113,16,118,0,0,0,0,0,0,124,-21,127,-21,125,-19,118,-16,97,-24,122,-21,106,-34,117,-45,107,-35,106,-22,104,-34,104,-15,109,-37,106,-32,88,-42,100,-47,94,-47,85,-43,104,-51,76,-60,79,-66,87,-59,84,-65,82,-61,80,-55,82,-71,80,-60,66,-70,78,-75,71,-69,74,-68,83,-67,56,-91,53,-86,68,-76,64,-88,72,-66,63,-78,77,-67,70,-74,70,-72,61,-74,63,-73,49,-69,65,-65,50,-64,47,-69,60,-58,58,-55,56,-40,60,-46,58,-34,51,-48,55,-42,50,-31,52,-36,46,-32,0,0,0,0,0,0,0,0,0,0]"""
1782318878262,2026-06-25T01:34:38.232,warning,bed_exit,yja,bed_exit_failed,t057,"CSI_DATA,810348,1a:00:00:00:00:00,-64,11,-99,15,49,11,-348871461,47,2,256,0,""[0,0,0,0,0,0,0,0,0,0,0,0,26,19,21,23,18,32,11,28,17,32,22,35,14,34,21,36,13,37,13,48,15,45,12,48,8,49,2,49,3,48,-8,70,-8,57,-9,52,-14,53,-13,67,-13,75,-21,50,-10,67,-16,59,-22,59,-23,59,-19,62,-17,43,-48,62,-34,62,-40,59,-42,51,-36,67,-40,67,-22,63,-36,59,-30,68,-38,73,-40,68,-45,70,-36,72,-57,69,-51,63,-41,72,-42,73,-51,92,-43,73,-31,87,-66,74,-47,78,-63,81,-53,75,-60,80,-68,90,-75,85,-71,76,-79,85,0,0,0,0,0,0,76,82,81,98,74,82,80,95,80,84,70,89,78,104,53,86,70,103,66,87,60,92,86,97,54,86,73,88,72,83,70,72,71,83,60,83,57,72,63,102,56,85,62,85,54,87,55,88,73,85,47,84,75,85,69,86,65,74,70,85,59,81,57,73,45,121,42,94,44,90,33,88,50,103,33,97,42,94,30,92,34,93,28,98,21,94,15,90,15,88,-9,95,-6,87,0,80,-7,71,0,87,-13,70,-3,68,-22,64,-15,69,-26,63,-19,55,-19,51,0,0,0,0,0,0,0,0,0,0]"""
1782318878273,2026-06-25T01:34:38.243,warning,bed_exit,yja,bed_exit_failed,t057,"CSI_DATA,810349,1a:00:00:00:00:00,-64,11,-99,17,49,11,-348857904,47,2,256,0,""[0,0,0,0,0,0,0,0,0,0,0,0,-18,-25,-20,-25,-19,-33,-18,-30,-14,-31,-10,-38,-11,-41,-12,-42,-9,-39,-9,-42,-16,-46,-21,-41,-11,-49,-7,-47,-9,-50,-4,-53,-7,-66,-13,-51,-1,-61,0,-73,-5,-64,2,-55,-4,-58,-10,-68,-9,-58,-11,-57,-5,-61,-9,-60,0,-67,2,-62,-7,-62,-5,-67,-5,-91,-2,-87,-16,-67,-17,-57,-34,-68,-29,-73,-15,-57,-27,-77,-22,-60,-37,-78,-35,-69,-34,-77,-37,-83,-39,-93,-34,-66,-53,-93,-48,-93,-43,-77,-70,-67,-74,-57,-55,-72,-88,-90,-82,-94,-68,-65,-73,-89,0,0,0,0,0,0,-87,78,-72,81,-72,96,-83,86,-65,83,-76,93,-77,90,-81,89,-66,86,-72,98,-77,97,-59,89,-55,86,-54,90,-40,114,-28,94,-34,102,-33,98,-30,86,-36,96,-27,100,-12,104,-27,114,-27,107,-24,98,-29,93,-1,91,-4,112,2,105,5,100,3,93,-4,91,-7,100,-4,105,3,96,-4,116,-7,109,-1,107,-7,99,-5,95,-1,101,8,97,-6,85,6,82,-5,85,-3,79,-6,86,-1,80,-10,85,-10,82,-13,81,-10,66,-10,60,-12,60,-11,69,-4,59,-15,55,0,0,0,0,0,0,0,0,0,0]"""
1782318878284,2026-06-25T01:34:38.254,warning,bed_exit,yja,bed_exit_failed,t057,"CSI_DATA,810350,1a:00:00:00:00:00,-64,11,-99,16,49,11,-348847903,47,2,256,0,""[0,0,0,0,0,0,0,0,0,0,0,0,15,19,25,26,17,21,20,36,20,24,21,32,16,40,10,31,17,40,8,37,12,48,11,45,13,60,9,47,12,69,9,40,9,60,8,53,12,69,15,73,9,56,7,69,-8,45,0,67,-5,68,-8,65,-3,59,-4,79,10,55,10,76,7,59,10,93,0,80,16,69,6,73,7,70,3,57,21,69,15,72,14,66,13,82,26,51,35,75,24,79,33,108,14,80,39,83,17,87,44,80,42,90,57,97,46,82,58,101,45,92,68,99,61,101,49,100,0,0,0,0,0,0,106,-67,88,-52,127,-88,101,-55,69,-50,117,-63,77,-50,113,-72,70,-61,115,-65,98,-65,86,-38,79,-67,78,-50,89,-60,83,-62,87,-69,70,-55,90,-77,57,-64,69,-91,65,-66,83,-96,72,-87,60,-82,65,-86,62,-54,65,-92,62,-82,59,-74,57,-63,72,-87,32,-77,49,-94,54,-82,72,-112,67,-71,56,-90,70,-81,57,-68,54,-66,51,-81,54,-75,49,-61,68,-70,37,-65,53,-72,59,-52,75,-77,57,-40,56,-52,59,-34,47,-43,48,-34,59,-37,52,-30,52,-30,0,0,0,0,0,0,0,0,0,0]"""
1782318878295,2026-06-25T01:34:38.265,warning,bed_exit,yja,bed_exit_failed,t057,"CSI_DATA,810351,1a:00:00:00:00:00,-64,11,-99,18,49,11,-348837624,47,2,256,0,""[0,0,0,0,0,0,0,0,0,0,0,0,19,18,27,27,16,23,23,32,16,27,25,40,24,41,7,38,19,42,1,35,8,47,1,48,0,48,0,47,-8,60,3,46,-4,63,-8,59,-19,67,-33,54,-46,48,-30,57,-32,45,-32,52,-39,52,-34,52,-34,50,-50,59,-22,46,-36,58,-38,48,-54,62,-53,40,-49,46,-59,42,-50,48,-47,47,-45,61,-50,45,-46,45,-73,46,-41,59,-55,82,-65,50,-85,71,-67,44,-70,68,-82,42,-71,54,-77,51,-81,69,-74,75,-99,67,-85,52,-81,62,-107,57,-96,42,0,0,0,0,0,0,30,118,28,98,40,125,25,116,23,88,28,127,27,88,29,127,7,97,12,127,6,115,-8,105,7,106,-12,91,3,110,3,114,0,101,6,99,-8,118,15,79,7,115,4,92,-4,118,-12,108,-22,91,0,107,-8,86,0,102,-8,108,-12,97,-13,96,-30,120,0,80,-18,115,-25,88,-38,122,-48,86,-36,93,-54,88,-47,85,-37,71,-37,89,-48,84,-39,65,-62,69,-41,65,-65,74,-60,49,-78,62,-63,29,-66,38,-67,23,-61,27,-59,19,-61,24,-58,18,-59,9,0,0,0,0,0,0,0,0,0,0]"""
1782318878306,2026-06-25T01:34:38.276,warning,bed_exit,yja,bed_exit_failed,t057,"CSI_DATA,810352,1a:00:00:00:00:00,-64,11,-99,16,49,11,-348827084,47,2,256,0,""[0,0,0,0,0,0,0,0,0,0,0,0,-15,-30,-11,-28,-12,-38,-6,-31,-10,-29,-7,-34,-8,-39,-3,-46,-3,-42,-4,-47,5,-47,7,-50,10,-42,12,-55,8,-45,22,-62,19,-56,27,-62,21,-43,12,-45,23,-51,19,-61,31,-66,33,-47,35,-50,38,-54,42,-61,26,-62,46,-60,43,-49,40,-58,31,-39,24,-60,43,-54,37,-63,44,-69,44,-65,40,-57,47,-65,48,-71,36,-67,48,-76,43,-64,30,-77,30,-63,33,-90,44,-75,25,-96,44,-92,44,-94,49,-72,58,-85,45,-90,48,-102,62,-93,48,-90,50,-106,0,0,0,0,0,0,-97,-53,-119,-65,-71,-47,-106,-52,-113,-67,-82,-57,-103,-74,-81,-48,-101,-70,-75,-55,-86,-45,-103,-55,-92,-57,-103,-56,-78,-60,-86,-62,-87,-58,-89,-59,-82,-44,-106,-65,-82,-43,-101,-45,-74,-38,-86,-37,-99,-39,-92,-40,-106,-45,-79,-46,-86,-52,-93,-51,-102,-54,-88,-34,-100,-64,-86,-50,-93,-45,-65,-39,-99,-38,-87,-53,-91,-42,-96,-53,-83,-64,-65,-61,-63,-69,-72,-70,-66,-57,-65,-70,-50,-64,-62,-55,-36,-42,-57,-57,-39,-62,-53,-61,-39,-58,-39,-64,-18,-58,-18,-62,-13,-55,0,0,0,0,0,0,0,0,0,0]"""
1782318878317,2026-06-25T01:34:38.287,warning,bed_exit,yja,bed_exit_failed,t057,"CSI_DATA,810353,1a:00:00:00:00:00,-64,11,-99,18,49,11,-348813339,47,2,256,0,""[0,0,0,0,0,0,0,0,0,0,0,0,0,34,0,32,-4,34,-1,31,-8,35,-12,34,-9,38,-15,38,-13,37,-14,48,-19,40,-25,45,-21,37,-26,38,-20,43,-44,60,-37,46,-39,44,-38,33,-26,44,-32,53,-41,47,-48,55,-42,29,-45,34,-48,44,-59,47,-47,48,-59,48,-51,41,-51,53,-39,34,-38,54,-42,46,-39,58,-47,60,-59,56,-52,46,-51,53,-54,59,-43,62,-66,70,-59,60,-37,68,-34,55,-40,93,-57,73,-35,89,-52,88,-47,85,-53,59,-63,87,-58,89,-57,102,-67,89,-57,83,-47,107,0,0,0,0,0,0,94,60,109,72,84,47,109,54,113,76,88,51,107,68,89,52,106,68,86,54,87,46,110,48,100,50,111,47,90,56,91,54,90,47,91,48,88,33,106,49,92,35,106,37,83,25,88,20,108,24,96,20,114,25,91,32,98,37,101,31,106,32,100,15,117,39,92,37,100,24,73,22,100,10,90,25,100,16,99,30,98,37,78,44,83,56,92,43,84,30,85,51,63,48,78,29,51,24,69,30,57,34,69,34,59,43,59,41,37,46,37,45,33,44,0,0,0,0,0,0,0,0,0,0]"""
1782318878328,2026-06-25T01:34:38.298,warning,bed_exit,yja,bed_exit_failed,t057,"CSI_DATA,810354,1a:00:00:00:00:00,-64,11,-99,13,50,11,-348805607,47,2,256,0,""[0,0,0,0,0,0,0,0,0,0,0,0,-2,33,-5,31,-10,31,-7,33,-7,41,-15,30,-13,31,-21,31,-25,22,-28,37,-30,38,-35,27,-42,35,-37,35,-32,33,-58,25,-50,21,-50,30,-49,24,-60,31,-62,39,-53,13,-69,24,-67,20,-58,13,-63,4,-58,9,-53,22,-85,1,-64,15,-62,-3,-64,-2,-84,9,-90,4,-71,10,-49,0,-78,12,-86,5,-95,-5,-80,21,-78,6,-80,8,-79,-1,-82,36,-75,17,-95,30,-103,16,-80,7,-89,-6,-81,11,-94,1,-101,0,-87,-8,-117,-17,-125,-19,-99,-8,-112,-5,0,0,0,0,0,0,-9,113,-10,127,-11,104,-19,121,-28,123,-20,104,-33,127,-24,110,-32,119,-41,101,-22,110,-23,118,-28,85,-30,118,-32,110,-32,89,-35,108,-32,103,-14,84,-43,106,-28,90,-24,109,-23,96,-22,103,-25,114,-30,87,-33,105,-31,105,-36,96,-37,99,-36,95,-22,82,-50,100,-38,83,-43,98,-49,83,-45,110,-52,92,-49,88,-53,72,-61,81,-67,71,-72,68,-68,67,-47,64,-76,55,-62,46,-63,56,-59,35,-68,51,-62,34,-57,38,-59,26,-68,30,-66,17,-54,7,-51,7,0,0,0,0,0,0,0,0,0,0]"""
1782318878339,2026-06-25T01:34:38.309,warning,bed_exit,yja,bed_exit_failed,t057,"CSI_DATA,810355,1a:00:00:00:00:00,-64,11,-99,16,49,11,-348794642,47,2,256,0,""[0,0,0,0,0,0,0,0,0,0,0,0,24,17,20,23,14,25,20,32,21,25,18,38,17,39,19,39,14,36,8,46,19,47,12,42,10,46,13,52,13,48,10,58,9,60,14,50,0,66,10,66,16,69,-5,56,2,61,3,63,-3,63,2,60,-2,62,5,60,0,68,-2,68,9,60,0,76,8,69,4,71,5,67,13,57,8,77,14,79,5,81,14,79,15,73,15,77,27,86,30,73,30,92,44,91,30,90,35,86,24,89,24,88,34,101,29,94,43,95,44,102,39,102,32,109,35,107,0,0,0,0,0,0,102,-53,99,-36,123,-53,104,-56,96,-45,106,-58,98,-47,117,-43,95,-49,115,-55,101,-62,98,-56,86,-46,89,-50,98,-58,90,-52,89,-51,85,-54,75,-59,90,-62,81,-77,72,-65,93,-68,87,-66,75,-77,76,-57,68,-70,81,-77,82,-71,69,-73,68,-72,67,-76,73,-60,78,-79,57,-74,88,-75,76,-77,70,-71,72,-71,71,-58,67,-62,74,-66,79,-57,70,-49,71,-59,71,-45,70,-51,61,-54,75,-47,68,-47,67,-32,59,-29,56,-26,57,-24,67,-24,55,-13,50,-14,0,0,0,0,0,0,0,0,0,0]"""
1782318878350,2026-06-25T01:34:38.320,warning,bed_exit,yja,bed_exit_failed,t057,"CSI_DATA,810356,1a:00:00:00:00:00,-64,11,-99,19,48,11,-348783227,47,2,256,0,""[0,0,0,0,0,0,0,0,0,0,0,0,-30,-14,-25,-16,-27,-14,-23,-11,-33,-18,-21,-25,-25,-24,-33,-30,-28,-34,-28,-38,-16,-42,-18,-44,-17,-46,-15,-48,-19,-46,-9,-67,-2,-59,-2,-63,0,-46,-4,-43,2,-59,-3,-62,5,-82,13,-60,12,-62,13,-60,17,-68,5,-65,32,-80,28,-67,26,-62,26,-42,8,-62,24,-60,8,-66,27,-83,30,-71,33,-64,40,-68,40,-78,25,-80,49,-76,45,-65,26,-74,24,-54,29,-94,34,-73,18,-97,53,-93,36,-91,55,-59,62,-86,55,-89,63,-101,80,-82,57,-78,71,-98,0,0,0,0,0,0,-81,-89,-95,-94,-64,-67,-88,-84,-84,-108,-62,-82,-76,-113,-63,-88,-61,-104,-52,-82,-57,-72,-88,-90,-66,-99,-75,-97,-52,-78,-55,-90,-50,-76,-42,-97,-46,-82,-56,-110,-53,-81,-52,-105,-36,-66,-48,-67,-65,-91,-51,-86,-68,-97,-43,-78,-41,-92,-42,-94,-42,-109,-44,-90,-32,-110,-29,-95,-38,-105,-21,-71,-38,-87,-28,-86,-34,-94,-23,-106,-15,-111,3,-87,9,-95,10,-98,0,-84,26,-93,32,-81,16,-80,25,-54,11,-73,21,-69,19,-67,27,-65,41,-65,47,-43,46,-50,44,-54,0,0,0,0,0,0,0,0,0,0]"""
1782318878361,2026-06-25T01:34:38.331,warning,bed_exit,yja,bed_exit_failed,t057,"CSI_DATA,810357,1a:00:00:00:00:00,-64,11,-99,18,49,11,-348770765,47,2,256,0,""[0,0,0,0,0,0,0,0,0,0,0,0,12,27,12,34,9,25,1,33,2,24,-2,46,-1,46,-6,36,-12,42,-13,38,-13,45,-22,45,-20,43,-24,36,-38,49,-23,36,-37,54,-28,39,-52,42,-50,39,-40,30,-44,33,-42,26,-54,31,-53,35,-61,41,-53,30,-67,33,-44,16,-65,32,-54,30,-82,28,-73,20,-64,24,-59,13,-64,24,-59,24,-67,40,-68,27,-64,23,-73,19,-60,30,-84,45,-68,25,-112,41,-86,20,-89,37,-90,10,-74,18,-80,19,-106,37,-90,37,-116,32,-100,24,-100,21,-119,18,-105,8,0,0,0,0,0,0,3,122,2,88,0,127,0,115,-2,83,-7,127,-7,90,-10,127,-5,92,-17,127,-22,124,-17,99,-11,96,-30,83,-17,116,-7,108,-14,106,-15,92,-25,111,-11,77,-17,117,-14,88,-33,127,-32,104,-30,91,-27,93,-19,74,-23,105,-21,102,-23,94,-26,90,-40,106,-21,76,-34,108,-34,81,-59,126,-55,89,-50,88,-64,82,-52,69,-39,71,-49,86,-54,75,-53,60,-72,60,-46,51,-67,72,-57,42,-89,57,-71,32,-63,35,-70,21,-61,21,-53,14,-66,21,-54,18,-55,12,0,0,0,0,0,0,0,0,0,0]"""
1782318878372,2026-06-25T01:34:38.342,warning,bed_exit,yja,bed_exit_failed,t057,"CSI_DATA,810358,1a:00:00:00:00:00,-64,11,-99,18,49,11,-348761643,47,2,256,0,""[0,0,0,0,0,0,0,0,0,0,0,0,-9,-16,-5,-35,-2,-21,-7,-45,-6,-25,-8,-43,0,-43,0,-30,-2,-36,0,-32,0,-49,0,-50,5,-50,0,-48,2,-65,0,-30,1,-64,0,-42,2,-80,16,-69,19,-62,2,-58,14,-46,6,-67,0,-70,2,-61,1,-56,7,-70,-2,-53,-8,-79,1,-53,-1,-99,5,-71,-10,-70,-3,-71,-2,-60,-6,-47,-18,-75,-20,-73,-13,-64,-19,-87,-31,-49,-44,-85,-30,-62,-55,-108,-25,-81,-46,-75,-29,-86,-41,-68,-46,-73,-75,-88,-58,-64,-67,-91,-56,-71,-88,-77,-88,-95,-67,-88,0,0,0,0,0,0,-90,80,-66,61,-114,116,-83,74,-50,49,-93,94,-45,67,-84,114,-47,67,-91,106,-75,92,-66,69,-51,80,-56,68,-53,100,-42,91,-47,99,-36,83,-54,108,-18,65,-23,112,-17,75,-35,127,-25,107,-24,97,-19,94,-16,73,-1,109,-5,103,0,98,-10,81,-14,116,11,72,13,110,1,88,2,127,-11,100,6,102,-10,106,-3,83,-1,71,14,103,8,93,6,74,-4,95,8,62,12,100,-3,63,-6,111,-8,65,-7,75,-17,63,-8,62,-15,45,-4,68,-6,59,-8,60,0,0,0,0,0,0,0,0,0,0]"""
1782318878383,2026-06-25T01:34:38.353,warning,bed_exit,yja,bed_exit_failed,t057,"CSI_DATA,810359,1a:00:00:00:00:00,-64,11,-99,17,49,11,-348746710,47,2,256,0,""[0,0,0,0,0,0,0,0,0,0,0,0,27,-8,26,-12,35,1,33,5,32,0,38,7,49,2,42,13,37,12,39,23,44,21,44,22,42,32,34,27,31,22,43,39,42,35,41,37,31,52,37,50,33,40,25,52,39,55,34,64,22,56,29,61,23,54,24,46,16,71,23,62,17,63,16,69,20,74,18,64,19,66,18,63,22,69,24,77,15,70,10,71,22,66,21,87,17,76,23,84,19,84,33,101,24,86,26,91,8,82,12,97,11,108,10,85,18,85,16,124,3,103,5,104,4,118,0,0,0,0,0,0,102,0,119,11,123,9,115,0,109,11,111,7,125,18,114,16,112,16,117,19,122,16,108,17,87,17,103,25,111,19,97,20,101,23,93,23,80,18,104,26,91,16,104,22,104,27,104,32,110,24,80,32,108,29,114,33,99,35,98,33,89,29,80,21,100,51,92,41,95,38,95,53,98,57,87,56,89,56,74,53,76,64,81,68,60,72,59,52,52,52,56,71,51,66,54,60,38,69,43,73,34,65,36,60,19,59,16,63,14,73,10,56,8,51,0,0,0,0,0,0,0,0,0,0]"""
1782318878394,2026-06-25T01:34:38.364,warning,bed_exit,yja,bed_exit_failed,t057,"CSI_DATA,810360,1a:00:00:00:00:00,-64,11,-99,18,49,11,-348739569,47,2,256,0,""[0,0,0,0,0,0,0,0,0,0,0,0,14,19,14,35,11,26,10,30,3,25,3,47,3,40,0,35,5,45,0,30,-9,47,-5,48,-5,43,-16,47,-25,49,-12,40,-23,55,-26,40,-33,54,-28,44,-22,39,-35,62,-34,39,-43,35,-47,48,-49,49,-51,51,-65,53,-35,31,-51,43,-46,33,-51,56,-49,37,-39,41,-51,49,-59,50,-47,44,-45,45,-41,53,-67,42,-78,49,-38,53,-65,70,-62,39,-78,65,-72,56,-67,65,-73,54,-78,61,-64,56,-68,59,-81,71,-86,74,-74,63,-81,66,-104,86,-84,59,0,0,0,0,0,0,50,108,33,85,59,117,41,110,46,78,50,127,29,79,51,124,25,93,47,115,40,106,29,102,51,105,29,84,31,98,46,99,38,91,31,90,37,117,37,72,45,102,22,87,53,106,41,91,29,83,45,96,32,82,30,89,42,93,44,93,34,89,30,122,37,68,31,110,17,88,30,119,14,95,32,95,7,97,16,101,14,85,4,93,10,92,-1,85,-12,104,4,76,-7,94,-22,65,-19,95,-20,68,-18,72,-30,62,-24,59,-22,56,-29,59,-30,51,-33,45,0,0,0,0,0,0,0,0,0,0]"""
1782318878405,2026-06-25T01:34:38.375,warning,bed_exit,yja,bed_exit_failed,t057,"CSI_DATA,810361,1a:00:00:00:00:00,-64,11,-99,17,49,11,-348728527,47,2,256,0,""[0,0,0,0,0,0,0,0,0,0,0,0,14,23,12,21,10,36,14,30,10,36,1,31,12,22,12,42,12,39,20,47,3,38,1,44,4,48,4,50,6,44,0,68,-4,53,-5,65,-8,46,8,44,11,58,-6,63,1,69,-6,49,-1,62,-9,55,-14,67,-5,59,-14,75,-9,64,-12,68,-6,43,4,61,7,64,17,72,0,77,2,80,-4,68,2,78,5,85,19,76,-4,93,-3,81,16,74,1,57,24,81,12,79,45,81,28,103,32,89,14,79,12,109,25,98,30,101,20,107,34,99,42,105,0,0,0,0,0,0,111,-34,127,-40,80,-32,103,-28,127,-39,103,-22,121,-31,100,-31,110,-42,92,-29,84,-34,96,-58,102,-46,100,-71,83,-35,96,-46,90,-55,95,-48,79,-55,103,-54,82,-57,90,-58,66,-50,65,-56,77,-79,77,-71,83,-86,72,-55,71,-78,74,-73,87,-77,62,-73,95,-70,79,-58,68,-64,55,-51,59,-87,69,-66,55,-83,81,-76,75,-72,67,-45,79,-57,80,-60,70,-58,89,-40,70,-27,64,-43,45,-30,60,-44,56,-32,58,-53,67,-31,57,-35,48,-20,55,-20,49,-11,0,0,0,0,0,0,0,0,0,0]"""
1782318878416,2026-06-25T01:34:38.386,warning,bed_exit,yja,bed_exit_failed,t057,"CSI_DATA,810362,1a:00:00:00:00:00,-64,11,-99,16,49,11,-348717643,47,2,256,0,""[0,0,0,0,0,0,0,0,0,0,0,0,37,0,31,5,36,0,24,2,34,13,34,12,34,10,37,19,36,14,39,25,35,30,32,32,34,38,37,39,25,40,38,53,29,45,33,56,16,47,18,48,11,67,27,49,24,72,13,61,6,60,11,67,12,62,15,55,3,80,6,58,0,71,0,56,9,68,3,72,10,65,2,74,-4,75,-6,69,0,79,-5,77,4,68,-14,92,-2,69,0,81,-12,66,5,94,-11,87,13,92,-5,92,-8,92,-25,82,-26,101,-20,97,-25,120,-33,110,-26,87,-28,103,0,0,0,0,0,0,91,29,122,54,83,34,106,40,125,67,82,50,120,70,87,38,103,66,78,55,93,47,103,65,95,56,97,69,83,61,69,64,81,68,75,67,63,53,97,73,76,56,92,67,60,54,74,55,82,69,79,65,93,80,68,76,65,71,70,77,77,81,65,64,79,98,51,69,72,80,38,68,63,79,49,86,56,83,53,87,47,97,31,85,22,99,22,94,17,74,18,96,5,72,19,82,2,58,6,77,-7,70,4,76,-7,66,-13,66,-24,55,-28,52,-29,52,0,0,0,0,0,0,0,0,0,0]"""
1782318878427,2026-06-25T01:34:38.397,warning,bed_exit,yja,bed_exit_failed,t057,"CSI_DATA,810363,1a:00:00:00:00:00,-64,11,-99,17,49,11,-348706624,47,2,256,0,""[0,0,0,0,0,0,0,0,0,0,0,0,-3,27,-1,36,-2,25,-8,30,-5,29,-12,42,-13,37,-16,28,-15,45,-27,27,-30,35,-33,42,-28,36,-37,36,-41,37,-30,40,-35,43,-37,43,-39,33,-53,41,-41,39,-54,40,-48,28,-48,25,-55,30,-53,27,-51,30,-63,30,-50,39,-47,37,-57,39,-60,34,-58,29,-57,39,-59,33,-58,39,-56,40,-49,46,-52,34,-55,31,-67,42,-47,62,-54,67,-75,49,-67,65,-64,48,-68,67,-76,51,-69,66,-77,69,-74,78,-74,77,-76,80,-84,67,-67,77,-84,71,-78,87,0,0,0,0,0,0,76,93,66,88,76,96,74,92,62,74,80,89,71,74,83,82,64,76,72,90,78,82,49,83,84,84,63,88,69,74,64,85,69,79,69,74,72,83,75,53,80,59,78,64,76,70,78,69,67,66,88,61,67,64,75,63,76,66,73,57,72,60,80,76,83,45,85,50,85,65,88,71,67,68,73,65,69,81,68,68,67,70,77,64,65,61,57,58,46,80,63,57,66,59,48,69,43,78,27,56,35,71,24,68,33,58,23,61,23,60,21,54,12,55,0,0,0,0,0,0,0,0,0,0]"""
1782318878438,2026-06-25T01:34:38.408,warning,bed_exit,yja,bed_exit_failed,t057,"CSI_DATA,810364,1a:00:00:00:00:00,-64,11,-99,18,49,11,-348695643,47,2,256,0,""[0,0,0,0,0,0,0,0,0,0,0,0,-22,10,-25,11,-30,4,-31,4,-37,3,-26,13,-33,11,-32,16,-40,17,-46,15,-40,-4,-39,6,-39,0,-56,-6,-52,-1,-59,-2,-52,0,-57,-4,-49,-4,-51,14,-51,11,-69,6,-59,2,-53,-14,-68,-7,-56,-9,-66,-11,-69,0,-73,-3,-67,0,-66,0,-54,2,-60,16,-63,21,-70,27,-72,27,-71,27,-62,9,-79,19,-76,19,-82,30,-74,32,-69,27,-82,38,-45,33,-56,51,-58,54,-51,71,-84,74,-79,72,-76,44,-89,59,-80,64,-68,66,-96,59,-74,84,-71,83,0,0,0,0,0,0,92,84,101,92,79,63,84,68,105,73,75,73,89,74,95,71,92,78,78,53,90,30,98,29,109,26,114,38,74,52,95,42,88,37,100,48,103,34,108,27,88,17,101,22,84,15,91,0,101,-13,116,-15,103,-5,92,20,114,4,97,-3,103,4,100,-9,106,-8,97,-12,97,-12,83,-8,88,-33,88,-35,97,-40,105,-34,94,-25,89,-1,97,-7,97,-6,91,-12,88,-7,77,-5,90,-4,61,-5,60,-17,59,-20,67,-26,76,-18,73,-12,60,14,63,3,56,7,0,0,0,0,0,0,0,0,0,0]"""
1782318878449,2026-06-25T01:34:38.419,warning,bed_exit,yja,bed_exit_failed,t057,"CSI_DATA,810365,1a:00:00:00:00:00,-64,11,-99,17,49,11,-348683858,47,2,256,0,""[0,0,0,0,0,0,0,0,0,0,0,0,14,13,15,12,26,28,21,22,17,36,18,25,18,27,26,31,14,28,34,34,23,35,27,25,25,37,25,44,23,34,22,53,19,45,16,57,21,56,23,49,28,52,24,55,27,60,29,57,32,54,32,57,31,54,22,54,33,74,24,63,24,57,33,53,46,69,31,59,43,54,32,50,45,60,44,54,58,51,67,50,54,41,59,69,47,60,69,51,50,45,76,46,64,55,82,31,84,52,93,41,92,43,90,46,77,44,105,55,97,45,99,31,106,39,0,0,0,0,0,0,40,-109,36,-111,28,-98,43,-103,38,-121,30,-89,35,-128,22,-95,23,-118,11,-94,17,-104,2,-113,13,-103,-9,-113,-4,-105,-13,-98,-17,-116,-18,-102,-25,-81,-9,-119,-8,-93,-21,-102,-30,-86,-28,-99,-39,-105,-32,-85,-49,-100,-48,-95,-48,-89,-53,-83,-54,-81,-50,-63,-49,-115,-39,-95,-42,-90,-42,-75,-65,-88,-49,-92,-65,-77,-46,-86,-55,-80,-46,-79,-50,-84,-45,-82,-45,-71,-39,-83,-24,-70,-43,-68,-29,-51,-39,-71,-26,-61,-40,-61,-22,-63,-33,-61,-25,-54,-26,-48,-16,-46,0,0,0,0,0,0,0,0,0,0]"""
1782318878460,2026-06-25T01:34:38.430,warning,bed_exit,yja,bed_exit_failed,t057,"CSI_DATA,810366,1a:00:00:00:00:00,-64,11,-99,14,50,11,-348673636,47,2,256,0,""[0,0,0,0,0,0,0,0,0,0,0,0,-24,-7,-25,-12,-25,-18,-29,-16,-32,-20,-19,-17,-26,-14,-28,-13,-38,-29,-36,-22,-25,-28,-28,-36,-31,-37,-31,-44,-33,-36,-33,-45,-37,-38,-31,-46,-26,-33,-44,-43,-54,-47,-44,-45,-39,-55,-28,-48,-31,-56,-25,-53,-29,-63,-41,-55,-37,-52,-43,-52,-41,-55,-30,-38,-39,-39,-51,-41,-57,-36,-61,-47,-56,-54,-44,-54,-52,-59,-59,-54,-67,-45,-60,-49,-66,-49,-71,-33,-51,-39,-69,-32,-74,-34,-93,-28,-100,-36,-102,-38,-70,-39,-92,-61,-88,-49,-92,-38,-95,-53,-102,-44,-103,-29,0,0,0,0,0,0,-36,117,-47,123,-31,87,-27,117,-41,119,-43,96,-30,115,-30,109,-29,111,-31,91,-7,82,-13,112,-9,120,-14,112,-28,84,-26,105,-11,106,-16,114,0,107,-2,113,2,104,1,111,8,83,18,85,19,101,41,108,21,111,0,90,11,110,15,98,9,109,22,107,27,112,22,94,23,98,15,79,39,84,34,86,45,91,38,107,22,100,0,78,8,99,5,99,16,94,9,84,7,81,14,79,5,61,10,70,17,68,16,69,11,75,7,72,-4,58,-11,63,-11,56,0,0,0,0,0,0,0,0,0,0]"""
1782318878471,2026-06-25T01:34:38.441,warning,bed_exit,yja,bed_exit_failed,t057,"CSI_DATA,810367,1a:00:00:00:00:00,-64,11,-99,18,49,11,-348660803,47,2,256,0,""[0,0,0,0,0,0,0,0,0,0,0,0,-19,15,-28,13,-25,4,-29,7,-29,12,-37,5,-42,3,-43,6,-41,-4,-39,3,-49,0,-46,-2,-45,-2,-41,-9,-39,-15,-51,-16,-47,-21,-56,-14,-52,-29,-58,-40,-58,-31,-33,-37,-52,-32,-54,-32,-50,-31,-55,-32,-45,-33,-49,-34,-43,-39,-52,-46,-54,-43,-51,-48,-50,-50,-50,-48,-49,-49,-50,-44,-54,-40,-70,-42,-58,-43,-54,-36,-60,-43,-55,-44,-68,-52,-70,-50,-72,-57,-69,-57,-67,-56,-69,-55,-66,-63,-62,-61,-81,-65,-77,-49,-82,-63,-84,-66,-80,-73,-74,-68,-77,-74,0,0,0,0,0,0,-81,77,-78,80,-88,85,-85,72,-78,69,-82,83,-83,72,-93,73,-73,67,-94,77,-94,75,-81,70,-75,60,-74,66,-73,88,-62,68,-71,79,-68,63,-68,63,-78,63,-79,68,-69,75,-76,69,-87,65,-73,67,-72,55,-69,69,-66,77,-65,72,-69,78,-67,69,-67,72,-77,63,-85,67,-74,69,-91,64,-92,59,-85,53,-72,54,-78,43,-82,47,-84,59,-88,42,-74,38,-78,34,-82,29,-81,25,-72,27,-82,21,-76,17,-72,10,-67,6,-61,-6,-59,3,-66,1,-58,0,-51,-1,0,0,0,0,0,0,0,0,0,0]"""
1782318878482,2026-06-25T01:34:38.452,warning,bed_exit,yja,bed_exit_failed,t057,"CSI_DATA,810368,1a:00:00:00:00:00,-64,11,-99,18,49,11,-348651643,47,2,256,0,""[0,0,0,0,0,0,0,0,0,0,0,0,-24,-19,-20,-17,-17,-31,-12,-21,-16,-29,-11,-31,-15,-29,-21,-37,-15,-36,-10,-42,-4,-40,-3,-42,-1,-46,12,-50,2,-47,12,-61,14,-51,19,-52,13,-36,14,-45,17,-69,22,-49,27,-70,23,-47,30,-51,27,-54,37,-61,29,-47,48,-50,40,-46,43,-45,36,-37,33,-61,38,-35,27,-62,43,-73,47,-51,55,-46,56,-65,69,-58,33,-58,71,-67,59,-56,35,-49,42,-21,52,-68,82,-55,38,-75,77,-61,77,-52,65,-42,69,-51,63,-60,73,-76,108,-39,88,-50,97,-66,0,0,0,0,0,0,-49,-101,-61,-119,-35,-87,-47,-105,-49,-128,-31,-94,-40,-124,-26,-98,-26,-116,-25,-93,-30,-82,-50,-110,-29,-100,-43,-114,-28,-87,-24,-99,-28,-94,-14,-101,-22,-92,-20,-115,-24,-96,-20,-110,-13,-81,-23,-78,-31,-106,-18,-101,-34,-113,-8,-88,-14,-100,-15,-102,-11,-112,-23,-95,12,-122,5,-97,-1,-102,7,-69,-8,-96,4,-96,-3,-101,15,-110,19,-106,29,-82,38,-88,41,-97,27,-88,51,-74,49,-67,36,-68,30,-45,42,-63,42,-51,38,-64,48,-55,49,-53,49,-21,54,-28,49,-24,0,0,0,0,0,0,0,0,0,0]"""
1782318878493,2026-06-25T01:34:38.463,warning,bed_exit,yja,bed_exit_failed,t057,"CSI_DATA,810369,1a:00:00:00:00:00,-64,11,-99,22,48,11,-348637310,47,2,256,0,""[0,0,0,0,0,0,0,0,0,0,0,0,17,-18,30,-21,27,-12,30,-11,30,-14,39,-7,41,-8,33,-1,45,-1,35,0,49,-8,45,-3,49,0,49,2,56,4,50,18,54,18,54,14,59,23,63,33,58,17,43,33,55,24,64,25,43,25,58,23,55,30,59,38,52,34,55,40,54,32,57,43,55,49,50,47,45,42,52,40,64,38,71,40,67,35,60,31,59,50,63,43,75,39,60,48,80,56,73,51,76,49,71,48,70,50,78,53,86,59,81,42,86,59,100,58,88,53,84,67,78,60,0,0,0,0,0,0,88,-90,65,-75,84,-94,93,-66,65,-79,81,-86,73,-68,88,-79,75,-73,87,-86,89,-65,75,-71,78,-65,68,-64,78,-88,67,-82,66,-74,72,-65,74,-69,69,-68,74,-72,62,-68,85,-82,82,-75,75,-69,76,-62,62,-70,72,-86,65,-79,61,-87,65,-71,73,-75,78,-64,81,-71,67,-67,89,-65,97,-59,83,-59,90,-51,83,-45,78,-50,85,-60,83,-45,71,-38,77,-35,78,-25,89,-31,73,-26,87,-18,76,-7,68,-8,69,-3,61,4,61,-4,66,1,61,0,58,7,0,0,0,0,0,0,0,0,0,0]"""
1782318878504,2026-06-25T01:34:38.474,warning,bed_exit,yja,bed_exit_failed,t057,"CSI_DATA,810370,1a:00:00:00:00:00,-64,11,-99,19,49,11,-348629643,47,2,256,0,""[0,0,0,0,0,0,0,0,0,0,0,0,23,-14,23,-9,34,-11,27,-9,35,0,27,-10,31,-10,37,-8,40,-16,45,-15,43,8,43,-5,39,-12,49,0,46,0,57,-4,45,-3,63,12,49,-1,46,-5,59,0,71,-20,63,-11,59,10,64,0,65,-6,64,1,60,0,73,-3,61,-2,67,-2,55,-16,63,-15,61,-27,61,-31,62,-32,67,-28,64,-13,66,-36,77,-34,73,-32,76,-41,63,-35,79,-41,48,-41,55,-54,57,-66,52,-68,61,-80,73,-78,72,-63,71,-79,66,-78,54,-80,77,-74,61,-90,58,-86,0,0,0,0,0,0,-95,-66,-107,-80,-85,-57,-92,-66,-108,-62,-77,-62,-110,-67,-96,-44,-96,-65,-89,-29,-94,-23,-105,-33,-116,-18,-116,-20,-94,-42,-94,-21,-103,-14,-109,-28,-102,-20,-112,-6,-86,0,-105,-15,-85,4,-95,15,-101,20,-110,29,-105,28,-98,3,-102,20,-96,32,-107,18,-94,26,-113,32,-94,22,-103,20,-78,32,-92,43,-89,46,-91,56,-90,46,-88,40,-91,16,-85,35,-96,27,-90,21,-86,29,-75,18,-82,19,-54,24,-69,26,-66,27,-67,32,-63,29,-68,24,-55,8,-55,5,-60,1,0,0,0,0,0,0,0,0,0,0]"""
1782318878515,2026-06-25T01:34:38.485,warning,bed_exit,yja,bed_exit_failed,t057,"CSI_DATA,810371,1a:00:00:00:00:00,-64,11,-99,17,49,11,-348618099,47,2,256,0,""[0,0,0,0,0,0,0,0,0,0,0,0,-20,-14,-23,-24,-23,-16,-23,-20,-22,-21,-24,-32,-29,-24,-20,-31,-30,-33,-22,-34,-21,-35,-27,-42,-17,-40,-22,-39,-20,-48,-33,-46,-34,-45,-24,-53,-23,-47,-29,-43,-14,-51,-39,-55,-23,-57,-26,-55,-23,-58,-28,-59,-32,-61,-31,-60,-34,-51,-35,-56,-38,-55,-38,-47,-43,-44,-40,-49,-38,-55,-62,-47,-51,-50,-51,-49,-54,-48,-52,-51,-49,-52,-69,-45,-73,-39,-67,-44,-71,-41,-74,-35,-80,-32,-86,-39,-88,-31,-91,-33,-90,-32,-102,-29,-100,-36,-100,-25,-96,-23,-110,-29,-105,-27,0,0,0,0,0,0,-19,112,-21,120,-21,109,-13,114,-8,117,-7,117,-6,108,0,112,-12,108,0,106,2,106,-4,103,13,119,3,104,5,108,18,106,10,99,19,108,14,102,39,91,45,90,27,102,37,82,40,85,32,91,60,92,48,88,41,86,50,90,48,84,54,90,57,90,66,75,72,69,56,83,64,73,66,79,59,74,63,81,68,76,63,74,59,75,58,71,49,72,53,70,61,55,60,61,49,62,44,58,41,54,44,58,42,58,37,52,33,52,25,55,30,59,23,50,0,0,0,0,0,0,0,0,0,0]"""
1782318878526,2026-06-25T01:34:38.496,warning,bed_exit,yja,bed_exit_failed,t057,"CSI_DATA,810372,1a:00:00:00:00:00,-64,11,-99,19,49,11,-348607643,47,2,256,0,""[0,0,0,0,0,0,0,0,0,0,0,0,12,21,14,23,15,40,14,29,11,37,7,32,10,22,13,39,4,39,16,46,7,39,7,46,4,48,9,52,2,43,0,66,-1,51,-9,65,-2,50,16,48,17,55,-1,62,-1,68,-3,54,1,62,-2,62,-10,66,-4,60,-7,75,-5,61,-1,71,0,47,15,63,12,64,27,70,11,82,20,77,5,74,20,75,21,83,25,72,9,90,12,79,32,78,16,56,41,73,33,73,61,67,53,92,55,80,30,77,41,100,49,94,55,88,44,94,59,84,68,86,0,0,0,0,0,0,84,-72,109,-79,76,-57,86,-63,110,-85,90,-50,104,-77,82,-61,95,-76,71,-62,68,-64,77,-86,77,-81,66,-94,67,-68,66,-77,58,-89,70,-89,52,-82,74,-85,52,-77,59,-94,34,-65,38,-87,33,-104,38,-100,34,-113,38,-90,31,-95,31,-98,39,-108,20,-95,50,-110,40,-95,37,-97,29,-69,13,-101,26,-95,5,-102,32,-103,29,-95,38,-77,32,-94,38,-90,30,-87,51,-75,46,-60,27,-79,17,-49,27,-70,26,-63,15,-73,31,-61,29,-67,35,-43,35,-48,32,-41,0,0,0,0,0,0,0,0,0,0]"""
1782318878537,2026-06-25T01:34:38.507,warning,bed_exit,yja,bed_exit_failed,t057,"CSI_DATA,810373,1a:00:00:00:00:00,-64,11,-99,17,49,11,-348595701,47,2,256,0,""[0,0,0,0,0,0,0,0,0,0,0,0,25,-11,20,-13,36,-3,27,-2,35,0,28,-5,22,-9,45,-14,31,-4,47,-10,35,-5,44,-4,46,0,49,5,46,1,61,8,46,0,63,7,46,9,44,0,62,-6,64,11,68,2,54,7,61,15,59,3,71,14,66,6,70,13,63,17,66,9,50,10,65,0,63,0,68,-10,73,-6,77,-12,67,-2,78,-4,90,-4,76,-18,88,0,81,-10,78,-18,54,-15,79,-34,81,-32,73,-59,91,-35,83,-45,79,-14,101,-31,93,-39,87,-51,102,-24,88,-38,101,-50,0,0,0,0,0,0,-59,-107,-52,-119,-33,-79,-55,-94,-67,-115,-44,-92,-55,-117,-45,-95,-63,-105,-53,-78,-59,-72,-82,-70,-67,-82,-89,-82,-58,-68,-77,-69,-75,-65,-79,-79,-77,-62,-75,-81,-70,-65,-84,-59,-66,-43,-72,-45,-94,-41,-96,-48,-104,-46,-76,-46,-89,-45,-99,-36,-101,-49,-92,-24,-99,-64,-86,-58,-88,-36,-62,-35,-92,-25,-89,-35,-100,-15,-100,-41,-92,-37,-70,-45,-82,-43,-84,-53,-86,-40,-72,-55,-60,-52,-68,-37,-43,-22,-66,-37,-55,-29,-70,-24,-56,-43,-66,-31,-34,-40,-45,-42,-34,-40,0,0,0,0,0,0,0,0,0,0]"""
1782318878548,2026-06-25T01:34:38.518,warning,bed_exit,yja,bed_exit_failed,t057,"CSI_DATA,810374,1a:00:00:00:00:00,-64,11,-99,16,49,11,-348584879,47,2,256,0,""[0,0,0,0,0,0,0,0,0,0,0,0,-116,4,0,-10,-16,30,29,-16,14,-60,-22,-16,-46,36,-128,93,-19,-13,-59,35,52,-27,-30,16,-28,2,22,7,-57,-7,-53,9,-12,15,-46,-3,-35,-2,-67,-5,-83,12,-60,-10,-65,13,-58,-2,-62,-5,-57,-6,-69,-14,-58,4,-65,-14,-56,-13,-67,-5,-50,-2,-60,0,-60,0,-70,4,-74,6,-82,9,-61,8,-79,2,-85,7,-75,21,-87,2,-81,10,-74,14,-55,8,-75,37,-80,21,-78,56,-102,32,-82,28,-81,3,-105,26,-103,32,-92,48,-101,18,-97,23,-96,49,0,0,0,0,0,0,38,109,51,126,37,87,56,101,54,126,37,94,46,120,36,93,45,114,43,80,46,69,70,93,55,92,74,102,52,78,57,86,62,83,62,100,64,75,61,92,61,74,69,78,49,57,65,52,79,63,77,71,96,71,65,66,75,67,81,63,89,77,83,54,77,92,70,77,75,62,48,52,83,47,73,66,88,49,85,73,79,60,54,57,62,67,68,79,73,70,49,75,40,68,56,54,40,38,55,51,43,50,58,47,45,60,42,59,26,46,27,49,25,49,0,0,0,0,0,0,0,0,0,0]"""
1782318878559,2026-06-25T01:34:38.529,warning,bed_exit,yja,bed_exit_failed,t057,"CSI_DATA,810375,1a:00:00:00:00:00,-64,11,-99,18,49,11,-348574520,47,2,256,0,""[0,0,0,0,0,0,0,0,0,0,0,0,-3,-25,1,-32,8,-26,8,-33,7,-27,18,-38,19,-39,26,-37,23,-26,17,-30,32,-41,30,-35,35,-30,34,-26,37,-32,49,-24,51,-30,50,-25,63,-23,45,-10,56,-9,56,-8,61,-7,60,-8,58,-1,64,-7,67,-2,65,-11,57,2,70,0,64,0,75,14,67,0,66,4,65,7,68,8,65,0,78,2,71,11,68,5,67,2,76,6,86,9,77,2,93,15,97,17,89,19,88,23,88,17,86,24,98,25,89,34,99,25,97,39,98,31,103,38,92,46,0,0,0,0,0,0,46,-96,53,-91,60,-106,59,-99,59,-92,69,-107,59,-88,69,-94,56,-90,83,-88,68,-90,70,-81,72,-67,66,-76,69,-84,69,-74,77,-76,69,-72,69,-73,71,-66,75,-75,73,-74,90,-75,77,-68,72,-76,75,-54,76,-63,82,-73,79,-65,88,-61,77,-59,81,-61,85,-46,87,-55,78,-57,103,-50,95,-40,93,-40,91,-35,91,-27,88,-29,98,-29,94,-12,83,-5,93,-14,86,-3,93,-1,78,-2,85,10,76,11,75,15,71,24,54,22,60,25,59,28,48,34,48,32,0,0,0,0,0,0,0,0,0,0]"""
1782318878570,2026-06-25T01:34:38.540,warning,bed_exit,yja,bed_exit_failed,t057,"CSI_DATA,810376,1a:00:00:00:00:00,-64,11,-99,18,49,11,-348558796,47,2,256,0,""[0,0,0,0,0,0,0,0,0,0,0,0,-9,23,-7,28,-10,28,-7,32,-12,34,-21,30,-16,27,-38,21,-30,34,-31,38,-25,31,-32,31,-28,38,-34,43,-41,39,-30,39,-38,41,-38,44,-32,43,-49,38,-52,30,-43,53,-57,37,-43,43,-45,48,-50,38,-48,47,-50,45,-35,59,-38,55,-48,45,-44,55,-41,50,-41,57,-43,51,-38,59,-46,53,-26,65,-30,67,-26,71,-41,73,-17,76,-15,79,-17,93,-24,86,-35,77,-27,84,-35,92,-5,88,-15,101,0,102,2,103,-5,108,-6,103,23,108,0,114,0,114,0,0,0,0,0,0,119,-4,118,-13,118,-5,110,-4,116,-11,114,-12,112,-30,110,-29,111,-22,101,-18,109,-16,105,0,107,-32,108,-24,95,-32,102,-30,96,-44,99,-47,104,-39,75,-54,82,-66,91,-54,80,-50,77,-56,87,-52,77,-71,80,-53,73,-62,83,-75,78,-72,74,-68,79,-68,49,-84,64,-88,70,-76,66,-78,73,-65,78,-78,78,-71,60,-69,76,-71,59,-71,59,-66,58,-74,65,-57,48,-71,45,-65,59,-59,57,-54,56,-43,57,-44,61,-40,52,-45,61,-42,48,-34,48,-34,52,-30,0,0,0,0,0,0,0,0,0,0]"""
1782318878581,2026-06-25T01:34:38.551,warning,bed_exit,yja,bed_exit_failed,t057,"CSI_DATA,810377,1a:00:00:00:00:00,-64,11,-99,18,49,11,-348548895,47,2,256,0,""[0,0,0,0,0,0,0,0,0,0,0,0,-23,-29,-13,-21,-24,-30,-18,-22,-21,-32,-20,-31,-22,-36,-27,-38,-11,-33,-14,-45,-18,-49,-17,-44,-13,-47,-7,-47,-1,-38,6,-72,-1,-53,10,-63,14,-54,14,-50,14,-57,13,-45,23,-69,21,-59,16,-58,10,-71,14,-66,21,-50,45,-75,33,-49,26,-73,32,-47,39,-65,23,-48,22,-64,18,-62,47,-67,30,-77,25,-59,21,-67,30,-73,59,-86,41,-67,30,-70,37,-49,51,-98,26,-90,35,-105,63,-90,30,-77,60,-77,33,-88,35,-73,53,-96,70,-102,53,-80,62,-96,0,0,0,0,0,0,-77,-72,-88,-88,-63,-61,-81,-86,-100,-88,-60,-75,-86,-100,-58,-69,-78,-97,-70,-75,-69,-80,-87,-75,-58,-83,-88,-83,-73,-74,-73,-73,-72,-75,-65,-79,-51,-65,-75,-95,-53,-69,-69,-96,-54,-65,-62,-80,-72,-77,-51,-78,-78,-83,-65,-74,-65,-72,-74,-74,-71,-80,-59,-64,-53,-114,-37,-85,-52,-92,-36,-75,-57,-95,-40,-93,-46,-84,-35,-93,-43,-95,-29,-89,-32,-90,-26,-92,-21,-73,-1,-102,3,-82,-7,-84,0,-59,-2,-85,8,-73,-2,-69,16,-60,9,-66,21,-58,13,-58,19,-45,0,0,0,0,0,0,0,0,0,0]"""
1782318878592,2026-06-25T01:34:38.562,warning,bed_exit,yja,bed_exit_failed,t057,"CSI_DATA,810378,1a:00:00:00:00:00,-64,11,-99,13,50,11,-348541055,47,2,256,0,""[0,0,0,0,0,0,0,0,0,0,0,0,16,9,29,19,24,8,34,22,21,13,32,32,28,28,19,25,21,39,14,30,17,42,21,45,14,42,18,47,24,61,10,33,21,52,21,47,20,67,8,77,10,59,7,59,-3,50,7,61,1,68,-3,69,-4,63,-8,79,7,44,8,70,0,61,2,91,-1,70,0,66,0,71,-6,69,-3,57,7,75,4,64,6,62,0,80,18,61,17,88,7,70,1,124,-3,84,9,91,-15,99,13,85,6,87,17,116,15,101,9,116,-6,97,21,110,2,127,5,106,0,0,0,0,0,0,123,0,85,5,127,1,112,9,75,8,127,8,85,0,127,1,80,3,127,16,122,24,99,24,108,11,79,13,112,13,111,8,105,7,89,7,116,12,78,-2,114,-3,89,0,127,0,110,11,97,5,98,0,77,12,108,0,104,0,104,7,89,7,113,14,75,-14,113,-5,88,3,127,13,97,27,99,13,96,35,87,25,72,24,102,19,89,27,68,21,81,37,65,11,90,25,65,36,97,56,57,39,61,43,45,51,52,35,36,38,56,43,35,41,38,41,0,0,0,0,0,0,0,0,0,0]"""
1782318878603,2026-06-25T01:34:38.573,warning,bed_exit,yja,bed_exit_failed,t057,"CSI_DATA,810379,1a:00:00:00:00:00,-64,11,-99,13,50,11,-348530643,47,2,256,0,""[0,0,0,0,0,0,0,0,0,0,0,0,-15,-20,-11,-28,-13,-27,-17,-31,-14,-28,-4,-35,-2,-44,2,-40,-1,-48,6,-40,4,-44,13,-49,11,-44,7,-53,18,-50,11,-54,18,-54,23,-61,24,-50,32,-58,33,-50,38,-60,40,-40,33,-46,46,-48,40,-49,44,-54,52,-47,31,-50,37,-54,47,-63,44,-47,53,-35,48,-42,55,-39,51,-49,59,-49,44,-55,54,-46,51,-49,60,-44,38,-69,49,-67,62,-69,68,-67,66,-50,71,-60,79,-52,67,-67,79,-62,60,-72,74,-82,77,-73,81,-75,70,-87,83,-73,90,-72,0,0,0,0,0,0,-65,-100,-62,-94,-60,-98,-62,-94,-53,-100,-63,-106,-53,-89,-63,-99,-57,-97,-47,-99,-41,-107,-23,-103,-57,-106,-30,-98,-45,-91,-41,-101,-45,-93,-44,-93,-42,-106,-57,-83,-52,-79,-49,-92,-39,-84,-45,-89,-24,-91,-50,-98,-29,-99,-42,-85,-39,-96,-31,-92,-40,-94,-33,-109,-54,-79,-50,-90,-35,-98,-30,-98,-14,-96,-16,-97,-5,-107,-14,-104,-9,-97,-16,-89,0,-89,-6,-85,11,-92,-10,-80,-9,-80,12,-83,17,-84,22,-65,24,-69,36,-60,26,-63,31,-60,27,-48,30,-53,36,-45,0,0,0,0,0,0,0,0,0,0]"""
1782318878614,2026-06-25T01:34:38.584,warning,bed_exit,yja,bed_exit_failed,t057,"CSI_DATA,810380,1a:00:00:00:00:00,-64,11,-99,18,49,11,-348519643,47,2,256,0,""[0,0,0,0,0,0,0,0,0,0,0,0,-18,20,-24,29,-20,17,-25,26,-24,23,-34,27,-35,25,-28,15,-30,26,-36,10,-38,25,-46,23,-49,21,-40,20,-49,21,-41,21,-55,24,-53,26,-65,21,-72,4,-67,-3,-60,11,-58,1,-67,16,-65,11,-61,19,-54,13,-64,17,-56,12,-62,21,-61,22,-83,15,-71,8,-67,6,-69,6,-60,13,-66,24,-67,41,-65,28,-57,25,-65,20,-51,46,-63,55,-79,40,-94,57,-78,32,-75,48,-88,38,-68,38,-85,51,-90,74,-67,61,-76,62,-91,73,-74,71,-93,64,-99,61,0,0,0,0,0,0,59,94,66,78,77,105,74,88,61,68,74,94,67,74,77,94,64,79,83,96,85,99,52,84,73,78,59,78,93,73,85,69,74,67,72,59,73,72,72,49,86,52,84,50,95,75,83,76,76,61,75,61,82,56,98,47,90,46,85,43,74,43,87,52,81,28,100,40,94,46,111,64,77,71,83,59,82,71,69,57,83,50,96,41,81,45,67,36,62,56,76,36,75,40,65,53,75,70,46,52,52,48,38,63,36,49,40,52,44,49,38,45,29,43,0,0,0,0,0,0,0,0,0,0]"""
1782318878625,2026-06-25T01:34:38.595,warning,bed_exit,yja,bed_exit_failed,t057,"CSI_DATA,810381,1a:00:00:00:00:00,-64,11,-99,13,50,11,-348505171,47,2,256,0,""[0,0,0,0,0,0,0,0,0,0,0,0,-9,-22,-8,-19,-7,-34,-1,-35,-1,-42,0,-42,1,-38,-10,-45,1,-33,-10,-46,-5,-48,-2,-47,-2,-46,-1,-47,-3,-43,8,-63,6,-56,11,-63,2,-63,4,-53,7,-60,7,-51,2,-62,0,-66,-6,-58,6,-67,5,-67,3,-63,15,-72,8,-65,8,-64,0,-65,-1,-73,-2,-67,-17,-64,-5,-74,-12,-70,-9,-77,-19,-75,-20,-70,-26,-66,-9,-85,-8,-85,-28,-67,-21,-74,-51,-89,-30,-87,-47,-77,-45,-82,-55,-78,-51,-79,-50,-82,-53,-79,-58,-97,-62,-92,-64,-84,-65,-88,0,0,0,0,0,0,-88,74,-98,81,-79,75,-95,75,-93,81,-87,69,-96,85,-75,74,-83,85,-80,83,-81,77,-63,102,-73,70,-48,99,-53,98,-50,92,-43,95,-41,91,-35,84,-62,100,-47,86,-44,99,-25,95,-26,101,-20,106,-26,93,-14,103,-13,108,-5,102,-3,108,-10,102,-4,90,-29,110,-17,102,-17,98,-10,94,-5,113,-13,105,8,99,-18,94,-6,96,-17,98,-4,98,-11,91,-2,83,-25,85,-28,76,-12,79,-15,65,-13,83,-11,68,-4,73,-21,63,-10,69,-13,60,-17,50,-13,57,0,0,0,0,0,0,0,0,0,0]"""
1782318878636,2026-06-25T01:34:38.606,warning,bed_exit,yja,bed_exit_failed,t057,"CSI_DATA,810382,1a:00:00:00:00:00,-64,11,-99,18,49,11,-348497643,47,2,256,0,""[0,0,0,0,0,0,0,0,0,0,0,0,15,24,16,20,27,29,16,26,17,33,15,30,21,32,21,39,18,35,26,46,21,44,15,44,17,44,20,48,27,41,16,64,16,47,24,54,13,52,31,59,37,62,14,61,24,63,26,60,20,63,19,59,23,63,21,49,30,71,28,58,37,59,30,56,44,60,40,63,45,60,38,57,48,64,43,59,49,62,60,54,60,40,63,63,56,52,77,40,53,43,83,36,72,55,87,37,91,44,92,49,87,47,88,47,88,42,106,43,105,37,97,31,103,25,0,0,0,0,0,0,17,-110,17,-128,15,-99,0,-113,20,-128,8,-95,5,-128,0,-97,-4,-125,3,-97,-2,-103,-10,-112,-7,-100,-27,-118,-14,-98,-8,-98,-20,-111,-32,-101,-38,-79,-37,-111,-39,-83,-50,-96,-47,-80,-52,-85,-61,-91,-61,-83,-62,-96,-61,-87,-58,-87,-66,-87,-68,-78,-67,-59,-80,-89,-65,-72,-77,-62,-59,-60,-88,-69,-73,-75,-80,-59,-69,-69,-75,-71,-63,-67,-61,-71,-70,-72,-69,-57,-65,-62,-48,-53,-73,-53,-46,-43,-62,-53,-48,-50,-57,-50,-44,-50,-52,-49,-37,-45,-30,-43,-29,-40,0,0,0,0,0,0,0,0,0,0]"""
1782318878647,2026-06-25T01:34:38.617,warning,bed_exit,yja,bed_exit_failed,t057,"CSI_DATA,810383,1a:00:00:00:00:00,-64,11,-99,20,49,11,-348486643,47,2,256,0,""[0,0,0,0,0,0,0,0,0,0,0,0,-28,-6,-27,-2,-34,-1,-33,0,-39,-8,-31,-14,-29,-14,-36,-18,-41,-14,-42,-25,-32,-31,-39,-31,-38,-26,-40,-39,-36,-38,-44,-45,-37,-38,-38,-44,-32,-34,-28,-43,-39,-56,-44,-46,-43,-65,-27,-53,-29,-56,-24,-58,-24,-70,-34,-56,-37,-70,-26,-49,-31,-72,-28,-46,-34,-47,-38,-52,-44,-61,-43,-65,-43,-76,-23,-61,-29,-72,-52,-75,-42,-65,-44,-75,-40,-73,-54,-66,-30,-56,-58,-63,-49,-72,-64,-74,-64,-84,-58,-90,-37,-71,-47,-94,-51,-82,-61,-93,-48,-94,-57,-89,-61,-86,0,0,0,0,0,0,-94,60,-114,72,-79,46,-98,60,-122,60,-92,39,-111,59,-86,47,-108,55,-86,40,-84,42,-103,53,-98,62,-105,56,-89,33,-95,42,-89,45,-104,45,-85,55,-99,62,-85,52,-97,60,-61,46,-67,58,-84,61,-83,70,-97,68,-83,42,-95,51,-85,52,-101,53,-84,58,-99,62,-81,54,-96,59,-71,40,-77,55,-86,52,-89,53,-86,53,-95,37,-83,25,-93,21,-97,28,-87,25,-94,20,-76,14,-83,21,-61,11,-69,15,-70,11,-72,14,-71,4,-72,0,-56,-12,-61,-11,-54,-11,0,0,0,0,0,0,0,0,0,0]"""
1782318878658,2026-06-25T01:34:38.628,warning,bed_exit,yja,bed_exit_failed,t057,"CSI_DATA,810384,1a:00:00:00:00:00,-64,11,-99,19,49,11,-348474652,47,2,256,0,""[0,0,0,0,0,0,0,0,0,0,0,0,22,-25,26,-23,20,-20,24,-18,25,-29,32,-21,34,-19,37,-15,44,-22,42,-15,41,-20,50,-26,45,-23,44,-21,54,-29,44,-28,55,-24,55,-21,52,-23,49,-26,45,-9,63,-29,64,-14,60,-24,63,-21,66,-25,66,-22,68,-27,54,-32,52,-35,65,-30,56,-37,57,-26,63,-35,68,-37,64,-43,62,-42,58,-50,53,-49,46,-53,56,-52,45,-65,44,-66,52,-73,59,-78,53,-67,53,-79,64,-77,51,-80,44,-93,30,-94,38,-105,46,-102,47,-97,22,-101,46,-104,43,-107,0,0,0,0,0,0,-114,-33,-108,-27,-109,-30,-109,-34,-105,-32,-125,-30,-109,-12,-119,-20,-108,-7,-112,-15,-108,-17,-108,-22,-121,-4,-102,-8,-104,0,-111,0,-99,12,-100,12,-111,8,-91,32,-94,38,-104,31,-92,24,-93,27,-94,23,-105,39,-94,29,-87,46,-94,48,-83,42,-90,42,-104,48,-79,62,-78,63,-92,61,-92,63,-85,43,-88,60,-89,46,-87,51,-93,52,-77,63,-80,52,-71,51,-78,42,-70,56,-63,55,-73,42,-75,38,-58,33,-63,35,-64,23,-62,39,-60,22,-58,21,-61,25,-57,16,0,0,0,0,0,0,0,0,0,0]"""
1782318878669,2026-06-25T01:34:38.639,warning,bed_exit,yja,bed_exit_failed,t057,"CSI_DATA,810385,1a:00:00:00:00:00,-64,11,-99,18,49,11,-348463974,47,2,256,0,""[0,0,0,0,0,0,0,0,0,0,0,0,-27,-2,-30,0,-37,-5,-32,-7,-37,-17,-30,-11,-35,-4,-53,-20,-30,-13,-45,-23,-34,-20,-37,-29,-40,-24,-42,-35,-37,-23,-56,-34,-46,-25,-50,-39,-44,-36,-44,-30,-53,-40,-53,-42,-53,-43,-38,-39,-38,-45,-46,-50,-50,-49,-53,-32,-58,-57,-50,-37,-54,-38,-42,-28,-60,-30,-60,-35,-69,-30,-60,-28,-72,-36,-51,-30,-69,-43,-79,-41,-70,-24,-78,-33,-73,-30,-80,-13,-58,-17,-89,0,-74,-18,-88,-3,-107,-18,-100,-16,-96,-34,-98,-26,-97,-4,-112,-15,-109,-24,-106,-9,-118,-5,0,0,0,0,0,0,-7,112,5,127,4,96,17,109,5,127,6,96,8,127,8,103,12,124,11,97,18,99,30,117,21,105,26,118,16,97,16,96,24,105,29,104,35,86,37,109,33,83,52,93,39,77,48,78,67,97,55,87,63,93,51,88,53,91,59,88,59,90,64,65,65,105,54,81,62,72,47,66,79,79,55,76,75,70,67,79,59,78,47,75,40,88,51,82,53,68,48,80,38,66,59,67,29,52,48,65,34,55,45,57,30,62,30,63,21,59,10,57,14,52,0,0,0,0,0,0,0,0,0,0]"""
1782318878680,2026-06-25T01:34:38.650,warning,bed_exit,yja,bed_exit_failed,t057,"CSI_DATA,810386,1a:00:00:00:00:00,-64,11,-99,17,49,11,-348452852,47,2,256,0,""[0,0,0,0,0,0,0,0,0,0,0,0,26,-2,34,0,30,-3,37,0,34,1,34,0,39,9,36,6,48,6,36,16,47,17,38,16,45,20,48,27,58,28,44,17,47,23,45,20,54,33,61,32,53,28,65,39,53,33,52,39,52,33,47,32,49,34,58,39,58,26,66,29,57,28,68,39,62,34,69,30,69,37,65,28,58,30,69,13,75,33,68,27,76,32,73,0,81,-3,93,22,97,13,68,18,91,3,83,24,99,5,102,10,103,5,105,0,103,-5,100,0,107,0,120,0,119,4,0,0,0,0,0,0,-1,-128,-9,-111,0,-120,-2,-115,-5,-103,-9,-122,-13,-100,-10,-126,-18,-114,-16,-107,-11,-113,-9,-93,-25,-109,0,-97,-16,-97,-14,-100,-22,-101,-23,-95,-30,-115,-41,-76,-48,-93,-39,-89,-42,-102,-37,-98,-33,-85,-54,-101,-39,-83,-47,-83,-47,-93,-40,-80,-44,-85,-47,-100,-64,-69,-65,-81,-57,-87,-66,-102,-40,-90,-54,-84,-44,-99,-50,-82,-43,-81,-54,-83,-48,-80,-40,-70,-34,-85,-52,-62,-50,-71,-28,-74,-29,-87,-21,-60,-26,-71,-14,-66,-24,-66,-7,-67,-11,-60,-15,-53,-8,-52,0,0,0,0,0,0,0,0,0,0]"""
1782318878691,2026-06-25T01:34:38.661,warning,bed_exit,yja,bed_exit_failed,t057,"CSI_DATA,810387,1a:00:00:00:00:00,-64,11,-99,19,49,11,-348442643,47,2,256,0,""[0,0,0,0,0,0,0,0,0,0,0,0,10,-31,11,-25,16,-37,15,-31,18,-32,18,-23,16,-23,28,-28,32,-32,33,-33,34,-21,45,-20,44,-26,53,-21,51,-28,58,-17,53,-13,55,-8,48,-9,44,-21,55,-15,69,-13,71,1,57,9,71,10,62,17,72,17,70,15,67,17,71,2,63,14,55,14,60,3,63,13,75,10,80,15,77,25,58,31,72,34,84,27,83,15,80,35,77,33,83,20,57,27,82,27,77,25,94,23,104,35,102,33,73,36,96,62,94,51,93,51,97,54,97,46,108,52,0,0,0,0,0,0,68,-105,77,-105,56,-75,69,-94,93,-101,78,-73,86,-89,77,-81,87,-78,77,-52,67,-60,83,-78,84,-84,87,-81,80,-52,91,-55,85,-63,96,-62,83,-67,97,-69,72,-62,84,-62,70,-51,67,-60,84,-65,90,-73,94,-62,82,-46,94,-51,83,-46,107,-42,98,-57,100,-54,92,-48,92,-42,82,-27,79,-39,91,-34,97,-39,106,-30,101,-19,85,-5,100,3,103,4,101,0,94,6,83,10,83,2,55,17,68,7,65,19,72,13,70,24,63,29,45,33,44,38,48,40,0,0,0,0,0,0,0,0,0,0]"""
1782318878702,2026-06-25T01:34:38.672,warning,bed_exit,yja,bed_exit_failed,t057,"CSI_DATA,810388,1a:00:00:00:00:00,-64,11,-99,17,49,11,-348431041,47,2,256,0,""[0,0,0,0,0,0,0,0,0,0,0,0,-29,32,-16,27,47,-72,-42,14,-23,8,62,-57,-10,-8,-50,41,-44,-81,-62,-19,-52,-10,-42,3,-72,16,-52,4,-57,-6,-104,-49,-74,-11,-48,-16,-82,0,-63,13,-72,0,-72,1,-75,0,-62,-15,-59,-6,-63,-12,-62,-22,-63,-18,-74,-15,-61,-11,-61,-28,-62,-4,-66,0,-74,0,-70,5,-84,0,-74,-12,-70,-25,-78,-2,-84,-6,-76,-6,-83,-7,-80,-10,-82,-2,-77,0,-87,12,-82,10,-88,23,-96,20,-98,20,-95,3,-103,3,-112,1,-106,16,-109,-2,-107,24,-111,12,0,0,0,0,0,0,5,116,-1,127,3,111,-6,115,4,127,-14,106,1,123,7,103,-9,122,13,106,14,100,14,106,27,107,27,108,-3,102,11,98,25,100,7,108,9,99,27,111,21,94,4,110,32,86,37,85,36,94,49,95,48,98,19,100,25,95,34,94,24,107,25,98,42,101,26,93,15,107,35,85,40,88,47,92,51,89,35,93,32,93,6,98,26,95,10,102,4,96,15,90,-3,84,-1,83,9,72,7,69,10,74,14,68,8,67,-1,64,-13,58,-12,58,-15,57,0,0,0,0,0,0,0,0,0,0]"""
1782318878713,2026-06-25T01:34:38.683,warning,bed_exit,yja,bed_exit_failed,t057,"CSI_DATA,810389,1a:00:00:00:00:00,-64,11,-99,13,50,11,-348420182,47,2,256,0,""[0,0,0,0,0,0,0,0,0,0,0,0,24,-20,21,-18,35,-15,30,-14,34,-14,28,-11,32,-11,40,-14,36,-12,56,-11,44,-4,40,-2,51,-2,50,3,51,9,63,4,46,2,59,6,49,13,55,14,81,19,52,17,72,15,57,20,57,27,59,23,62,27,52,15,75,39,61,27,66,20,51,25,69,24,69,26,67,16,73,15,70,31,66,30,77,35,85,28,83,16,77,34,70,30,84,9,59,14,98,5,76,17,94,-5,106,25,98,30,87,29,94,31,98,19,112,25,107,38,97,34,116,20,0,0,0,0,0,0,25,-113,40,-128,30,-93,25,-110,35,-128,30,-91,47,-128,36,-105,47,-113,33,-87,33,-102,28,-115,29,-100,25,-118,17,-94,32,-94,21,-105,35,-108,17,-100,28,-114,15,-92,14,-109,10,-92,5,-87,2,-108,14,-102,5,-111,21,-98,21,-102,11,-103,17,-104,3,-100,35,-123,20,-100,12,-100,21,-77,11,-103,23,-92,9,-101,24,-102,26,-97,39,-82,43,-87,45,-95,33,-85,41,-81,37,-66,29,-76,27,-47,34,-68,33,-56,25,-62,44,-58,38,-55,44,-41,48,-42,40,-32,0,0,0,0,0,0,0,0,0,0]"""
1782318878724,2026-06-25T01:34:38.694,warning,bed_exit,yja,bed_exit_failed,t057,"CSI_DATA,810390,1a:00:00:00:00:00,-64,11,-99,16,49,11,-348409497,47,2,256,0,""[0,0,0,0,0,0,0,0,0,0,0,0,31,-7,31,3,39,3,36,3,35,6,31,7,33,5,45,6,42,9,59,12,36,21,40,21,44,21,49,30,42,22,50,49,39,39,43,50,33,33,46,21,59,30,46,42,53,54,36,40,47,45,35,51,40,64,36,55,38,66,34,55,29,67,27,42,47,50,44,53,52,50,56,61,48,67,27,71,43,67,49,74,55,56,35,86,38,72,51,65,32,43,63,65,51,61,82,57,69,79,77,74,49,68,53,98,48,87,64,90,52,91,60,81,66,91,0,0,0,0,0,0,95,-68,118,-68,81,-52,102,-58,123,-65,94,-35,121,-46,93,-49,116,-49,87,-37,79,-49,93,-70,99,-55,97,-72,87,-33,91,-44,88,-58,100,-49,87,-50,111,-48,80,-37,97,-48,70,-42,63,-54,81,-71,83,-60,96,-77,82,-44,88,-55,85,-54,98,-50,79,-57,103,-48,99,-38,91,-43,71,-30,87,-56,83,-51,79,-63,99,-50,91,-42,90,-9,94,-22,101,-19,91,-29,98,-4,77,7,78,-12,51,-5,74,-11,67,-7,69,-18,76,4,76,3,46,22,55,14,53,16,0,0,0,0,0,0,0,0,0,0]"""
1782318878735,2026-06-25T01:34:38.705,warning,bed_exit,yja,bed_exit_failed,t057,"CSI_DATA,810391,1a:00:00:00:00:00,-64,11,-99,13,50,11,-348398450,47,2,256,0,""[0,0,0,0,0,0,0,0,0,0,0,0,23,11,28,7,30,13,26,19,28,26,30,19,29,14,32,21,34,27,31,33,17,42,26,41,25,48,21,51,19,54,32,48,24,50,17,50,15,58,11,56,-3,65,22,66,4,64,-3,62,-3,69,0,59,3,62,-4,62,4,73,4,73,0,64,-1,72,3,66,10,70,5,70,7,71,6,75,-6,64,0,77,-2,83,-6,79,7,79,3,79,-2,89,8,78,9,80,2,86,8,90,7,100,4,105,-6,98,0,108,-5,108,3,108,-5,111,-6,113,0,113,0,0,0,0,0,0,119,17,126,26,114,27,114,16,112,30,112,30,120,27,117,29,108,32,99,19,100,13,98,26,117,17,103,33,96,41,106,32,99,25,101,38,104,34,103,18,94,18,102,32,93,19,102,18,95,29,110,11,99,19,95,34,100,25,91,27,95,30,95,34,106,19,98,35,91,34,90,30,93,26,94,28,98,39,102,34,83,46,81,53,77,52,70,61,71,59,75,43,61,43,56,57,52,51,51,46,52,51,49,50,49,53,38,52,24,55,26,53,16,57,0,0,0,0,0,0,0,0,0,0]"""
1782318878746,2026-06-25T01:34:38.716,warning,bed_exit,yja,bed_exit_failed,t057,"CSI_DATA,810392,1a:00:00:00:00:00,-64,11,-99,16,49,11,-348384163,47,2,256,0,""[0,0,0,0,0,0,0,0,0,0,0,0,-10,-23,-8,-32,-13,-17,-15,-44,-13,-24,-9,-49,-4,-42,0,-36,0,-38,4,-33,10,-50,13,-50,9,-46,8,-46,11,-59,7,-42,11,-68,10,-47,20,-76,24,-57,22,-43,20,-57,23,-44,24,-60,30,-65,28,-57,27,-51,46,-69,17,-49,28,-70,28,-47,43,-86,32,-59,29,-61,35,-61,33,-54,22,-52,31,-75,21,-61,22,-55,39,-74,15,-65,21,-97,17,-65,50,-126,33,-82,21,-90,47,-93,21,-74,23,-75,23,-110,27,-91,30,-115,26,-91,22,-106,33,-126,29,-102,0,0,0,0,0,0,-121,-40,-77,-25,-128,-53,-110,-35,-65,-30,-128,-48,-71,-21,-128,-43,-80,-22,-128,-59,-119,-44,-92,-43,-97,-33,-70,-42,-106,-40,-105,-29,-104,-34,-88,-29,-113,-29,-78,-10,-113,-14,-77,-13,-128,-27,-109,-21,-93,-22,-92,-17,-73,-22,-102,-15,-102,-14,-99,-21,-83,-26,-112,-23,-67,0,-112,-7,-87,-19,-128,-28,-94,-34,-96,-18,-95,-35,-82,-31,-69,-27,-104,-23,-86,-31,-63,-30,-80,-39,-66,-18,-94,-29,-55,-34,-96,-62,-51,-47,-59,-38,-46,-45,-46,-37,-33,-33,-55,-46,-44,-40,-42,-44,0,0,0,0,0,0,0,0,0,0]"""
1782318878757,2026-06-25T01:34:38.727,warning,bed_exit,yja,bed_exit_failed,t057,"CSI_DATA,810393,1a:00:00:00:00:00,-64,11,-99,17,49,11,-348375742,47,2,256,0,""[0,0,0,0,0,0,0,0,0,0,0,0,-1,27,-10,30,-12,30,-13,34,-25,29,-13,28,-26,27,-26,23,-30,29,-39,20,-32,18,-38,19,-40,19,-43,21,-52,20,-40,24,-44,18,-59,16,-67,17,-59,3,-52,-5,-78,10,-51,-1,-65,-3,-64,-5,-64,-5,-58,-12,-72,-12,-65,1,-68,0,-64,-3,-76,-8,-69,-10,-67,-6,-78,-15,-72,-15,-58,-15,-69,-6,-74,-8,-71,-12,-76,-17,-70,6,-80,0,-88,-21,-98,-16,-73,-14,-93,-10,-79,-29,-97,-11,-105,-20,-97,-21,-102,-16,-108,-29,-95,-33,-110,-17,-113,-32,-106,-37,0,0,0,0,0,0,-47,127,-49,103,-49,111,-49,106,-51,93,-60,105,-43,91,-55,109,-52,100,-66,96,-64,88,-66,74,-56,96,-68,80,-60,81,-65,83,-61,83,-65,86,-73,89,-39,76,-46,87,-54,85,-55,87,-66,85,-52,76,-65,95,-62,66,-56,76,-72,87,-63,70,-68,70,-80,79,-50,79,-64,90,-65,78,-81,80,-77,62,-76,69,-86,55,-80,60,-78,46,-75,52,-80,47,-73,39,-87,34,-72,43,-78,41,-79,26,-85,21,-62,12,-70,13,-67,0,-68,4,-66,-4,-63,0,-59,-5,-52,-10,0,0,0,0,0,0,0,0,0,0]"""
1782318878768,2026-06-25T01:34:38.738,warning,bed_exit,yja,bed_exit_failed,t057,"CSI_DATA,810394,1a:00:00:00:00:00,-64,11,-99,17,49,11,-348365301,47,2,256,0,""[0,0,0,0,0,0,0,0,0,0,0,0,6,-20,13,-32,17,-24,24,-33,16,-27,29,-27,28,-30,31,-17,33,-29,39,-15,38,-19,40,-20,48,-17,46,-9,62,-10,45,-11,57,-11,51,-6,69,0,66,-3,51,-5,74,7,48,13,65,16,64,19,52,17,59,19,71,29,53,11,67,20,64,24,81,29,61,36,68,23,68,32,63,27,52,26,73,26,69,26,60,36,67,42,62,20,81,25,74,47,96,54,63,40,83,33,69,55,84,48,81,56,102,61,81,56,93,62,74,56,80,68,95,81,91,80,0,0,0,0,0,0,97,-91,77,-63,105,-86,96,-74,71,-52,106,-68,78,-52,115,-66,80,-58,103,-60,101,-57,90,-41,96,-56,90,-32,99,-41,98,-41,97,-45,94,-37,109,-42,72,-42,92,-47,85,-33,111,-44,103,-41,84,-36,96,-34,81,-24,99,-30,99,-27,89,-22,88,-17,113,-16,83,-25,100,-26,92,-10,127,-14,101,0,98,-5,107,10,94,1,85,7,92,8,94,13,79,21,94,33,70,7,84,23,76,28,84,37,56,32,62,34,49,46,50,44,45,39,43,49,37,41,29,47,0,0,0,0,0,0,0,0,0,0]"""
1782318878779,2026-06-25T01:34:38.749,warning,bed_exit,yja,bed_exit_failed,t057,"CSI_DATA,810395,1a:00:00:00:00:00,-64,11,-99,16,49,11,-348353812,47,2,256,0,""[0,0,0,0,0,0,0,0,0,0,0,0,-16,-24,-12,-23,-19,-30,-18,-24,-16,-36,-16,-24,-19,-27,-27,-34,-20,-37,-32,-43,-12,-38,-21,-39,-20,-44,-18,-51,-14,-48,-13,-54,-16,-49,-16,-62,-22,-48,-26,-53,-47,-62,-26,-59,-30,-59,-14,-57,-26,-61,-28,-54,-25,-73,-18,-48,-31,-71,-24,-57,-28,-61,-30,-42,-45,-53,-48,-45,-58,-45,-55,-51,-58,-54,-39,-60,-67,-48,-65,-54,-62,-49,-63,-62,-54,-51,-70,-53,-48,-34,-75,-29,-77,-29,-91,-11,-108,-28,-105,-27,-82,-36,-97,-43,-90,-36,-104,-23,-108,-47,-108,-16,-121,-11,0,0,0,0,0,0,-9,122,-23,127,-6,101,-9,109,-12,127,-23,102,-8,127,-2,103,-3,127,12,88,14,95,37,111,27,107,50,116,12,94,29,99,47,95,38,114,39,95,39,104,35,88,45,100,49,66,61,72,78,77,78,77,78,80,57,80,78,70,78,67,79,80,76,59,86,90,71,76,71,71,60,45,88,45,80,47,97,29,81,49,87,51,57,59,77,52,77,66,78,51,70,54,53,54,70,49,47,26,64,29,55,29,70,29,54,40,67,39,47,34,43,35,40,38,0,0,0,0,0,0,0,0,0,0]"""
1782318878790,2026-06-25T01:34:38.760,warning,bed_exit,yja,bed_exit_failed,t057,"CSI_DATA,810396,1a:00:00:00:00:00,-64,11,-99,11,49,11,-348343643,47,2,256,0,""[0,0,0,0,0,0,0,0,0,0,0,0,14,18,8,23,0,45,3,32,-17,34,-9,32,-7,29,-9,52,-18,27,-10,53,-8,47,-7,39,-17,39,-23,41,-28,32,-39,57,-31,40,-53,42,-46,39,-40,30,-38,45,-52,27,-42,50,-54,31,-43,42,-45,38,-55,46,-48,40,-68,31,-47,17,-61,35,-57,27,-53,25,-59,23,-64,46,-50,24,-59,32,-56,43,-61,46,-80,63,-56,46,-84,42,-73,41,-68,42,-45,40,-88,96,-74,50,-56,63,-109,52,-89,60,-89,52,-96,61,-62,42,-96,73,-85,64,-107,55,-100,54,0,0,0,0,0,0,45,110,57,110,49,100,47,100,55,116,38,94,47,121,36,95,46,116,49,92,40,95,54,98,35,100,63,100,57,88,61,81,59,89,54,96,49,78,49,107,38,80,53,91,40,81,47,94,60,94,43,88,66,86,67,89,68,81,74,88,61,85,57,62,38,114,34,94,36,91,36,81,50,95,30,96,42,86,29,100,30,93,27,88,32,95,28,99,24,86,0,93,0,78,13,86,7,61,9,85,-4,68,9,71,-15,67,-2,68,-9,63,-6,54,-17,46,0,0,0,0,0,0,0,0,0,0]"""
1782318878801,2026-06-25T01:34:38.771,warning,bed_exit,yja,bed_exit_failed,t057,"CSI_DATA,810397,1a:00:00:00:00:00,-64,11,-99,16,49,11,-348330328,47,2,256,0,""[0,0,0,0,0,0,0,0,0,0,0,0,15,-15,11,-33,7,-19,18,-29,9,-26,27,-36,30,-28,20,-20,23,-33,24,-19,36,-30,36,-29,33,-43,30,-30,43,-45,25,-20,44,-47,31,-36,49,-50,58,-39,53,-30,36,-42,42,-32,50,-56,53,-50,47,-44,38,-36,55,-46,26,-39,44,-70,40,-38,60,-80,44,-58,43,-59,44,-57,32,-59,32,-49,25,-72,24,-68,24,-62,32,-79,8,-58,8,-91,9,-77,22,-121,24,-86,8,-94,29,-90,2,-87,0,-87,-8,-113,-6,-90,-6,-109,-4,-99,-30,-106,-16,-126,-17,-101,0,0,0,0,0,0,-107,34,-81,22,-128,42,-114,27,-68,12,-119,43,-82,32,-128,59,-72,36,-128,51,-113,49,-96,32,-90,42,-78,37,-99,64,-90,62,-81,63,-67,58,-89,72,-50,58,-75,90,-51,60,-90,103,-69,90,-61,70,-56,72,-43,61,-49,95,-44,89,-50,83,-44,72,-57,97,-12,72,-30,111,-33,85,-56,127,-49,91,-33,96,-53,93,-30,80,-30,70,-27,100,-27,93,-20,73,-31,87,-14,66,-18,97,-28,68,-49,100,-25,58,-29,71,-37,61,-19,62,-24,45,-29,64,-26,53,-31,55,0,0,0,0,0,0,0,0,0,0]"""
1782318878812,2026-06-25T01:34:38.782,warning,bed_exit,yja,bed_exit_failed,t057,"CSI_DATA,810398,1a:00:00:00:00:00,-64,11,-99,17,49,11,-348321643,47,2,256,0,""[0,0,0,0,0,0,0,0,0,0,0,0,22,-4,36,1,29,0,41,3,33,12,37,15,31,10,28,15,47,18,33,17,35,31,38,27,38,26,41,30,45,50,27,33,32,46,27,45,44,60,32,48,18,49,44,52,20,45,27,61,25,65,28,59,14,61,13,78,27,53,25,77,3,60,25,79,14,64,30,68,23,72,22,69,21,57,16,68,30,68,21,75,17,91,23,58,29,91,5,80,21,95,16,78,30,87,17,86,39,88,28,90,26,107,26,102,24,118,24,90,12,104,27,126,11,104,0,0,0,0,0,0,127,-5,107,2,127,3,115,17,95,4,127,25,92,10,127,10,96,21,123,14,115,10,95,19,114,3,88,9,103,22,104,13,106,2,102,10,123,24,81,2,105,8,87,26,124,12,105,13,97,14,110,2,84,13,98,24,101,15,96,14,98,22,109,40,83,8,104,20,82,38,118,33,87,37,103,25,99,35,90,35,76,33,81,48,88,40,72,47,76,67,59,28,70,60,43,59,66,68,40,49,50,54,43,57,43,54,28,46,31,58,25,52,18,57,0,0,0,0,0,0,0,0,0,0]"""
1782318878823,2026-06-25T01:34:38.793,warning,bed_exit,yja,bed_exit_failed,t057,"CSI_DATA,810399,1a:00:00:00:00:00,-64,11,-99,17,49,11,-348310240,47,2,256,0,""[0,0,0,0,0,0,0,0,0,0,0,0,-27,0,-28,-9,-26,-3,-37,-10,-31,-9,-31,-24,-33,-26,-26,-24,-27,-29,-25,-26,-28,-32,-22,-45,-26,-41,-22,-42,-32,-43,-17,-37,-23,-56,-30,-48,-26,-62,-22,-70,-25,-53,-12,-60,-2,-56,-12,-67,-7,-64,0,-65,5,-57,0,-65,-4,-58,-12,-71,-2,-62,-2,-90,1,-75,0,-64,4,-74,12,-63,0,-62,-1,-76,0,-72,-2,-67,-2,-73,0,-70,-8,-84,2,-88,10,-112,15,-86,5,-93,21,-86,0,-86,8,-101,6,-116,13,-88,12,-108,28,-102,15,-115,18,-122,27,-111,0,0,0,0,0,0,-122,-35,-89,-24,-128,-42,-112,-42,-80,-38,-122,-47,-96,-39,-107,-46,-94,-32,-119,-70,-108,-63,-82,-51,-84,-54,-79,-61,-105,-50,-86,-61,-91,-58,-85,-49,-90,-51,-79,-48,-99,-50,-90,-39,-102,-63,-95,-64,-83,-54,-82,-50,-69,-57,-94,-49,-86,-58,-78,-63,-72,-57,-81,-63,-76,-49,-90,-65,-71,-54,-97,-87,-77,-77,-72,-68,-66,-82,-45,-71,-43,-74,-63,-77,-48,-85,-42,-66,-40,-77,-37,-67,-47,-72,-32,-70,-26,-93,-14,-73,-13,-68,0,-67,-8,-60,2,-60,0,-65,3,-52,8,-49,0,0,0,0,0,0,0,0,0,0]"""
1782318878834,2026-06-25T01:34:38.804,warning,bed_exit,yja,bed_exit_failed,t057,"CSI_DATA,810400,1a:00:00:00:00:00,-64,11,-99,13,50,11,-348299515,47,2,256,0,""[0,0,0,0,0,0,0,0,0,0,0,0,-8,-24,-9,-28,-14,-33,-15,-30,-14,-36,0,-32,0,-40,9,-37,-4,-47,5,-41,2,-44,7,-48,11,-47,6,-49,8,-55,8,-54,6,-52,13,-58,13,-57,20,-56,31,-54,10,-59,32,-49,22,-58,22,-59,26,-50,23,-60,35,-62,16,-68,14,-62,22,-68,23,-65,28,-59,19,-72,32,-62,30,-68,27,-64,17,-61,26,-75,21,-69,21,-76,3,-83,9,-80,12,-87,17,-81,16,-78,13,-91,26,-94,12,-96,13,-110,0,-103,6,-104,13,-114,6,-111,-2,-111,5,-106,2,-118,0,0,0,0,0,0,-126,0,-128,-20,-115,-13,-112,-13,-112,-17,-110,-18,-115,-1,-117,-3,-114,-8,-100,-14,-109,-8,-97,-29,-114,-3,-107,-13,-107,-8,-108,-14,-104,-6,-103,0,-103,-1,-98,15,-102,15,-105,7,-103,7,-100,17,-98,0,-107,18,-104,2,-99,13,-101,14,-94,12,-100,10,-106,4,-98,29,-99,32,-107,18,-103,12,-102,8,-99,9,-106,0,-102,5,-100,-4,-88,5,-92,0,-87,3,-89,-9,-88,12,-85,2,-89,-5,-77,-14,-67,-11,-72,-14,-62,-24,-66,-12,-63,-32,-58,-21,-52,-23,-50,-19,0,0,0,0,0,0,0,0,0,0]"""
1782318878845,2026-06-25T01:34:38.815,warning,bed_exit,yja,bed_exit_failed,t057,"CSI_DATA,810401,1a:00:00:00:00:00,-64,11,-99,16,49,11,-348284866,47,2,256,0,""[0,0,0,0,0,0,0,0,0,0,0,0,-4,24,-7,27,-10,28,-13,39,-14,28,-22,34,-26,30,-26,24,-27,30,-36,25,-40,32,-29,32,-42,29,-43,26,-58,24,-33,23,-47,25,-53,26,-64,25,-71,13,-64,6,-65,10,-56,8,-73,19,-62,12,-62,13,-60,5,-64,7,-55,8,-63,12,-63,14,-82,9,-75,-10,-71,4,-73,0,-65,0,-62,10,-72,23,-71,12,-64,6,-76,-4,-68,23,-83,20,-91,11,-108,11,-79,-4,-88,9,-92,-6,-86,0,-111,7,-117,24,-87,28,-97,12,-112,2,-113,25,-116,6,-120,0,0,0,0,0,0,0,4,123,-7,108,-3,127,-14,109,-15,86,-9,118,-13,103,-13,126,4,103,-22,123,-28,122,-28,94,-19,97,-26,94,-8,110,-6,111,-15,105,-9,90,-24,114,-6,88,-12,104,-12,95,-19,121,-26,115,-19,91,-25,100,-21,85,-6,106,-6,111,-8,99,-14,86,-28,96,-3,89,-9,98,-25,111,-26,127,-47,92,-39,100,-62,97,-43,87,-40,77,-25,91,-36,85,-26,70,-50,67,-27,72,-33,77,-53,68,-64,74,-53,47,-49,49,-61,34,-53,37,-49,32,-56,43,-52,37,-45,29,0,0,0,0,0,0,0,0,0,0]"""
1782318878856,2026-06-25T01:34:38.826,warning,bed_exit,yja,bed_exit_failed,t057,"CSI_DATA,810402,1a:00:00:00:00:00,-64,11,-99,21,48,11,-348277643,47,2,256,0,""[0,0,0,0,0,0,0,0,0,0,0,0,-51,-5,-77,-67,-6,-64,5,37,5,-96,20,13,9,44,-8,-88,-68,-4,-77,-85,-14,-76,14,-53,20,-43,18,-11,-5,-7,-16,-53,12,-69,27,-34,17,-61,15,-72,20,-39,32,-65,17,-49,39,-48,38,-57,35,-56,48,-54,39,-47,45,-50,48,-48,42,-52,35,-51,32,-58,25,-61,30,-60,32,-69,35,-64,49,-49,34,-62,48,-70,42,-64,45,-73,38,-67,51,-64,23,-60,25,-74,34,-76,29,-87,39,-98,41,-98,56,-77,53,-93,40,-91,42,-91,74,-89,51,-98,60,-101,0,0,0,0,0,0,-101,-76,-100,-90,-79,-65,-84,-76,-108,-85,-67,-79,-87,-86,-79,-68,-82,-96,-80,-56,-79,-52,-96,-52,-106,-53,-104,-64,-74,-74,-86,-60,-91,-58,-82,-76,-79,-64,-88,-63,-75,-57,-87,-70,-70,-45,-86,-39,-90,-43,-99,-41,-100,-49,-78,-71,-85,-58,-91,-53,-90,-65,-83,-50,-99,-72,-78,-69,-76,-66,-66,-52,-84,-53,-84,-59,-85,-43,-83,-60,-84,-65,-58,-70,-71,-65,-62,-85,-57,-74,-49,-70,-41,-68,-36,-75,-36,-54,-42,-56,-39,-62,-41,-55,-33,-63,-25,-63,-10,-59,-14,-56,-9,-57,0,0,0,0,0,0,0,0,0,0]"""
1782318878867,2026-06-25T01:34:38.837,warning,bed_exit,yja,bed_exit_failed,t057,"CSI_DATA,810403,1a:00:00:00:00:00,-64,11,-99,13,50,11,-348266644,47,2,256,0,""[0,0,0,0,0,0,0,0,0,0,0,0,23,3,33,9,26,9,35,10,29,9,35,22,33,17,33,19,28,25,27,26,36,30,36,29,36,34,28,34,39,46,21,35,28,49,22,45,33,70,18,61,16,62,24,55,15,46,29,69,27,59,21,58,14,58,13,61,10,52,18,74,12,53,17,90,12,76,13,67,11,73,3,58,11,56,25,72,26,73,22,69,19,83,13,63,27,85,25,72,19,103,13,84,27,87,16,92,20,85,28,82,40,106,26,90,26,106,10,91,29,111,33,127,19,111,0,0,0,0,0,0,127,-18,98,-13,127,-16,116,-1,81,-14,127,-4,97,-6,127,-3,102,-10,127,6,121,5,105,-3,95,6,96,-3,117,-9,105,-9,110,-14,95,-11,114,-5,83,0,111,-6,83,-5,127,-1,107,2,100,-9,104,1,86,-6,110,-14,107,-15,94,-10,89,-1,111,-2,83,-6,115,-1,89,3,127,10,108,18,99,6,103,20,90,20,78,12,105,7,94,19,81,14,92,29,64,19,90,31,67,28,87,50,64,44,61,37,49,47,43,37,46,38,53,37,40,39,37,40,0,0,0,0,0,0,0,0,0,0]"""
1782318878878,2026-06-25T01:34:38.848,warning,bed_exit,yja,bed_exit_failed,t057,"CSI_DATA,810404,1a:00:00:00:00:00,-64,11,-99,17,49,11,-348255644,47,2,256,0,""[0,0,0,0,0,0,0,0,0,0,0,0,-8,-24,-10,-30,-9,-31,-12,-31,-10,-36,1,-39,6,-36,1,-34,14,-34,3,-43,7,-50,8,-51,6,-47,13,-44,20,-43,30,-47,30,-47,32,-46,33,-54,34,-47,30,-38,36,-40,43,-41,40,-57,42,-47,46,-48,45,-41,46,-41,50,-37,52,-45,52,-34,66,-48,62,-45,60,-42,56,-37,61,-28,58,-45,58,-53,54,-50,50,-47,56,-49,66,-43,69,-48,60,-52,81,-55,82,-57,76,-43,78,-51,70,-46,75,-55,84,-75,76,-56,77,-54,98,-56,90,-64,93,-55,100,-56,0,0,0,0,0,0,-53,-101,-58,-97,-55,-119,-27,-117,-32,-100,-39,-112,-40,-105,-34,-112,-38,-102,-31,-115,-27,-120,-28,-107,-14,-98,-33,-98,-42,-101,-35,-98,-40,-97,-34,-90,-32,-89,-19,-100,-28,-104,-33,-99,-31,-107,-24,-104,-33,-93,-21,-91,-25,-93,-45,-103,-39,-94,-33,-91,-22,-93,-26,-90,-15,-102,-20,-105,-18,-101,-13,-110,-1,-109,0,-99,2,-98,18,-92,6,-91,-2,-99,6,-91,7,-79,7,-85,24,-84,26,-81,22,-78,28,-78,34,-71,32,-65,34,-58,37,-53,37,-51,34,-55,32,-43,31,-44,0,0,0,0,0,0,0,0,0,0]"""
1782318878889,2026-06-25T01:34:38.859,warning,bed_exit,yja,bed_exit_failed,t057,"CSI_DATA,810405,1a:00:00:00:00:00,-64,11,-99,19,49,11,-348244644,47,2,256,0,""[0,0,0,0,0,0,0,0,0,0,0,0,-23,15,-27,13,-31,10,-25,11,-37,4,-32,7,-36,5,-43,2,-46,5,-50,6,-46,-9,-46,-2,-48,-4,-49,-18,-48,-14,-62,-26,-46,-27,-52,-40,-38,-18,-55,-22,-61,-30,-51,-27,-59,-36,-41,-39,-47,-33,-51,-41,-50,-49,-46,-46,-47,-58,-40,-46,-38,-63,-36,-39,-46,-44,-50,-40,-52,-46,-56,-58,-50,-56,-38,-59,-55,-49,-52,-70,-46,-60,-49,-74,-42,-72,-44,-65,-42,-51,-65,-68,-57,-64,-73,-60,-66,-81,-72,-70,-42,-76,-58,-96,-57,-92,-73,-93,-44,-107,-57,-80,-51,-102,0,0,0,0,0,0,-114,46,-123,40,-86,30,-117,32,-128,44,-112,17,-128,26,-101,26,-123,10,-101,21,-99,26,-113,37,-108,29,-114,36,-97,10,-101,29,-100,31,-103,13,-95,13,-112,16,-92,13,-118,0,-83,19,-91,15,-95,27,-108,23,-111,31,-99,5,-104,16,-108,15,-114,2,-101,4,-117,-5,-92,-5,-108,-14,-77,3,-98,-2,-94,0,-102,1,-110,-10,-105,-4,-89,-35,-90,-21,-96,-36,-87,-35,-79,-46,-63,-50,-68,-46,-46,-32,-61,-38,-62,-41,-63,-36,-56,-41,-52,-46,-30,-47,-32,-49,-27,-49,0,0,0,0,0,0,0,0,0,0]"""
1782318878900,2026-06-25T01:34:38.870,warning,bed_exit,yja,bed_exit_failed,t057,"CSI_DATA,810406,1a:00:00:00:00:00,-64,11,-99,21,48,11,-348233644,47,2,256,0,""[0,0,0,0,0,0,0,0,0,0,0,0,-14,-25,-5,-28,0,-22,0,-34,0,-35,4,-44,6,-45,11,-37,14,-42,18,-25,14,-47,18,-42,25,-42,26,-36,38,-45,22,-35,41,-48,34,-38,59,-41,54,-34,41,-27,56,-25,44,-14,55,-28,59,-19,53,-23,57,-20,67,-24,44,-14,68,-22,54,-20,86,-22,72,-8,66,-14,72,-7,65,-10,56,-17,72,-33,63,-15,66,-12,79,-8,55,-26,82,-28,78,-11,119,-26,90,-16,89,-20,91,2,82,-10,81,-7,113,-18,98,-23,109,-13,99,-5,107,-4,127,-5,107,11,0,0,0,0,0,0,17,-121,15,-83,25,-128,25,-109,19,-79,31,-128,20,-83,41,-128,22,-87,49,-128,47,-117,47,-92,39,-92,42,-67,39,-112,41,-107,43,-100,37,-86,45,-103,28,-72,41,-114,29,-75,64,-113,58,-97,54,-85,54,-82,42,-68,43,-94,44,-93,49,-88,52,-80,75,-88,41,-64,63,-96,53,-72,94,-107,86,-67,74,-78,87,-65,73,-57,69,-54,76,-68,82,-57,64,-45,83,-39,59,-36,90,-48,67,-22,108,-33,75,-8,75,-12,73,1,58,2,55,2,69,0,56,1,59,8,0,0,0,0,0,0,0,0,0,0]"""
1782318878911,2026-06-25T01:34:38.881,warning,bed_exit,yja,bed_exit_failed,t057,"CSI_DATA,810407,1a:00:00:00:00:00,-64,11,-99,17,49,11,-348222554,47,2,256,0,""[0,0,0,0,0,0,0,0,0,0,0,0,-1,26,-3,30,-9,33,-10,38,-18,26,-18,31,-16,34,-19,41,-22,28,-24,35,-19,45,-23,37,-30,39,-31,39,-37,38,-38,34,-44,35,-42,30,-58,38,-43,22,-57,36,-57,29,-48,38,-57,37,-57,31,-59,36,-55,33,-49,25,-64,22,-69,30,-55,33,-65,36,-66,35,-62,28,-62,38,-50,28,-56,33,-56,42,-66,48,-58,49,-68,51,-66,35,-74,51,-59,57,-66,50,-66,57,-60,51,-55,61,-74,55,-71,63,-76,56,-72,52,-71,55,-85,68,-88,78,-91,74,-96,73,0,0,0,0,0,0,70,89,62,93,76,102,62,99,68,83,72,91,71,99,78,103,72,92,77,94,61,86,76,88,61,87,71,79,78,70,72,69,77,76,73,81,75,69,68,84,75,79,70,69,76,77,75,84,89,72,61,70,75,62,86,59,84,72,80,66,77,63,81,56,71,84,81,79,78,65,72,82,81,77,66,76,75,74,59,78,55,70,68,71,60,81,52,74,55,73,37,75,42,76,43,60,35,70,39,70,26,67,30,61,17,66,23,62,14,59,12,51,9,56,0,0,0,0,0,0,0,0,0,0]"""
1782318878922,2026-06-25T01:34:38.892,warning,bed_exit,yja,bed_exit_failed,t057,"CSI_DATA,810408,1a:00:00:00:00:00,-64,11,-99,17,49,11,-348211166,47,2,256,0,""[0,0,0,0,0,0,0,0,0,0,0,0,14,-21,17,-22,24,-25,23,-28,23,-26,24,-17,21,-26,29,-28,27,-31,31,-33,38,-14,42,-21,44,-17,52,-21,51,-22,56,-15,50,-14,61,-10,50,-14,48,-22,63,-28,61,-24,66,-10,57,-3,66,-9,56,-4,67,6,68,-5,69,-7,68,-12,61,0,56,-7,59,-18,61,-21,67,-25,77,-21,73,-14,67,-1,78,-10,84,-15,83,-24,80,-8,77,-7,88,-19,63,-11,72,-28,72,-31,80,-46,105,-46,96,-41,82,-19,106,-13,101,-26,91,-29,116,-10,104,-39,111,-34,0,0,0,0,0,0,-31,-121,-26,-128,-27,-96,-27,-111,-22,-124,-4,-114,-22,-116,-22,-114,-18,-123,-7,-90,-36,-86,-30,-98,-43,-110,-35,-112,-2,-90,-13,-103,-25,-102,-20,-117,-24,-107,-24,-105,-23,-90,-14,-108,-23,-83,-44,-81,-46,-91,-49,-103,-39,-108,-21,-94,-33,-107,-25,-94,-20,-107,-38,-105,-28,-106,-30,-105,-26,-100,-20,-82,-39,-87,-40,-88,-43,-91,-34,-105,-19,-101,-6,-90,-9,-100,2,-101,-4,-99,0,-85,2,-83,0,-79,5,-62,0,-62,-6,-68,-7,-71,2,-76,13,-71,27,-49,25,-53,28,-48,0,0,0,0,0,0,0,0,0,0]"""
1782318878933,2026-06-25T01:34:38.903,warning,bed_exit,yja,bed_exit_failed,t057,"CSI_DATA,810409,1a:00:00:00:00:00,-64,11,-99,18,49,11,-348199720,47,2,256,0,""[0,0,0,0,0,0,0,0,0,0,0,0,12,25,8,32,4,25,1,36,9,30,8,46,0,44,5,33,3,37,0,36,7,50,10,50,8,53,2,53,-2,55,-4,45,0,67,0,44,-10,68,-5,73,3,57,-14,58,-5,51,0,64,-2,65,3,67,5,62,2,68,-4,54,0,78,9,53,1,86,-1,76,4,71,7,68,10,63,16,58,28,70,23,76,23,62,29,82,26,55,44,72,35,65,56,97,38,81,50,70,49,77,44,78,55,68,68,74,63,63,75,75,65,77,74,84,99,93,73,81,0,0,0,0,0,0,86,-83,68,-73,93,-115,78,-84,45,-62,73,-94,70,-79,84,-109,51,-77,77,-110,66,-97,51,-91,49,-83,43,-85,34,-106,29,-104,28,-103,30,-91,30,-106,24,-77,22,-110,15,-90,24,-123,20,-106,9,-107,17,-96,2,-85,-12,-106,-12,-105,-12,-97,-6,-89,-9,-108,-12,-88,-11,-108,-7,-93,-17,-128,3,-107,-14,-99,0,-105,3,-86,-18,-85,-22,-101,-16,-93,-17,-78,-10,-89,-9,-73,-12,-96,-6,-71,0,-98,0,-74,-5,-72,5,-66,4,-60,2,-59,0,-68,-6,-60,5,-55,0,0,0,0,0,0,0,0,0,0]"""
1782318878944,2026-06-25T01:34:38.914,warning,bed_exit,yja,bed_exit_failed,t057,"CSI_DATA,810410,1a:00:00:00:00:00,-64,11,-99,19,49,11,-348189644,47,2,256,0,""[0,0,0,0,0,0,0,0,0,0,0,0,-35,-8,-28,-9,-30,-17,-27,-9,-27,-16,-28,-18,-32,-16,-37,-32,-31,-33,-34,-32,-27,-41,-28,-41,-29,-40,-27,-45,-22,-40,-32,-59,-26,-49,-22,-59,-10,-44,-24,-42,-15,-46,-15,-55,-16,-77,-4,-56,5,-65,-3,-62,0,-74,-9,-61,-4,-76,-8,-62,-4,-69,-5,-51,-10,-65,-1,-66,-9,-69,-9,-73,5,-78,4,-75,4,-77,1,-77,-8,-70,-3,-94,0,-72,-10,-79,-2,-66,-5,-94,-2,-88,-20,-96,-12,-98,0,-100,2,-85,7,-100,0,-105,2,-123,8,-113,0,-92,-2,-108,0,0,0,0,0,0,-114,-4,-128,-10,-91,-21,-117,-4,-128,-24,-98,-25,-127,-21,-99,-22,-122,-32,-97,-24,-99,-19,-111,-32,-109,-18,-120,-29,-98,-34,-101,-41,-98,-27,-102,-36,-92,-32,-122,-27,-94,-17,-108,-27,-75,-22,-91,-19,-103,-21,-107,-17,-118,-38,-93,-37,-97,-38,-101,-34,-100,-39,-96,-31,-115,-42,-94,-34,-104,-38,-72,-31,-94,-34,-94,-43,-96,-41,-93,-51,-90,-58,-71,-64,-64,-68,-72,-68,-67,-56,-68,-70,-47,-55,-59,-60,-40,-43,-49,-55,-38,-56,-44,-56,-39,-60,-34,-69,-17,-58,-12,-59,-8,-57,0,0,0,0,0,0,0,0,0,0]"""
1782318878955,2026-06-25T01:34:38.925,warning,bed_exit,yja,bed_exit_failed,t057,"CSI_DATA,810411,1a:00:00:00:00:00,-64,11,-99,18,49,11,-348178644,47,2,256,0,""[0,0,0,0,0,0,0,0,0,0,0,0,35,8,28,12,27,18,24,22,24,24,29,23,28,21,33,28,23,26,30,38,28,39,32,36,24,44,20,44,10,42,15,60,16,54,11,58,2,60,6,54,2,59,-4,54,5,61,1,66,0,61,3,67,0,61,-3,55,-18,71,-25,64,-13,62,-13,60,-21,69,-19,72,-4,65,-21,68,-11,75,-12,77,-17,73,-7,82,-9,79,-27,79,-23,80,-15,74,-21,64,-3,101,-17,81,-3,88,-38,98,-22,92,-26,87,-30,94,-28,93,-29,108,-42,104,-37,95,-53,103,0,0,0,0,0,0,87,53,110,62,96,54,99,62,107,57,96,66,104,79,85,70,95,67,88,72,82,68,106,59,72,69,95,59,88,58,87,51,88,60,84,61,71,49,85,82,84,69,79,65,78,70,82,74,88,65,67,65,88,63,83,65,75,59,81,63,81,66,71,60,65,95,66,86,66,75,52,81,75,87,51,90,58,81,46,84,49,89,39,86,42,88,39,84,32,83,13,89,18,81,23,77,4,72,14,88,0,74,7,65,-8,64,-1,64,-8,66,-7,59,-13,55,0,0,0,0,0,0,0,0,0,0]"""
1782318878966,2026-06-25T01:34:38.936,warning,bed_exit,yja,bed_exit_failed,t057,"CSI_DATA,810412,1a:00:00:00:00:00,-64,11,-99,16,49,11,-348164036,47,2,256,0,""[0,0,0,0,0,0,0,0,0,0,0,0,-26,-9,-22,-8,-36,-22,-28,-11,-29,-21,-23,-19,-33,-17,-38,-23,-26,-26,-40,-26,-30,-24,-28,-30,-33,-33,-32,-44,-37,-29,-45,-43,-34,-32,-45,-39,-37,-45,-35,-46,-56,-59,-35,-43,-49,-47,-43,-45,-39,-49,-40,-45,-43,-46,-47,-37,-55,-56,-46,-43,-51,-40,-42,-35,-64,-35,-59,-42,-64,-40,-58,-40,-67,-38,-62,-33,-66,-43,-76,-35,-67,-25,-80,-35,-68,-30,-78,-22,-60,-17,-94,-12,-80,-17,-88,0,-104,-18,-100,-16,-93,-27,-93,-25,-94,-10,-116,-5,-109,-12,-101,-9,-115,5,0,0,0,0,0,0,9,114,7,127,9,100,26,109,14,127,16,105,28,127,16,99,31,121,24,104,31,97,44,110,31,110,50,112,32,99,30,93,34,102,43,102,42,82,55,100,51,76,64,87,54,71,71,79,77,89,64,72,77,79,67,80,63,82,72,75,78,76,73,42,77,93,74,69,81,61,58,58,92,61,77,70,90,52,79,65,76,69,65,63,62,75,67,71,71,49,63,66,49,55,69,46,46,40,66,57,47,47,56,45,48,53,48,55,36,43,31,47,27,40,0,0,0,0,0,0,0,0,0,0]"""
1782318878977,2026-06-25T01:34:38.947,warning,bed_exit,yja,bed_exit_failed,t057,"CSI_DATA,810413,1a:00:00:00:00:00,-64,11,-99,16,49,11,-348154522,47,2,256,0,""[0,0,0,0,0,0,0,0,0,0,0,0,-13,-26,-15,-21,-14,-32,-11,-24,-16,-32,-5,-37,-8,-28,-11,-44,-10,-44,-11,-50,-8,-44,0,-44,-6,-50,-2,-47,-3,-42,0,-69,0,-51,6,-59,2,-53,-2,-46,0,-54,12,-54,7,-75,0,-58,12,-58,12,-65,12,-69,2,-55,11,-73,6,-58,6,-70,0,-53,-7,-71,4,-63,-9,-66,0,-67,0,-83,0,-75,0,-73,-8,-82,-18,-65,-5,-91,-5,-72,-28,-78,-11,-68,-28,-89,-13,-81,-33,-81,-32,-93,-33,-91,-27,-91,-18,-97,-31,-96,-38,-110,-33,-98,-30,-90,-56,-100,0,0,0,0,0,0,-104,44,-111,57,-90,44,-103,51,-128,55,-90,47,-122,54,-85,44,-103,54,-95,35,-91,50,-103,64,-91,45,-102,69,-86,56,-87,48,-92,57,-90,58,-64,59,-103,74,-73,58,-77,77,-57,55,-63,69,-76,89,-73,73,-82,85,-71,82,-71,57,-72,72,-76,82,-50,73,-86,82,-63,68,-65,82,-58,56,-61,93,-73,73,-57,81,-66,67,-69,72,-66,70,-82,55,-77,66,-57,65,-70,57,-68,39,-52,58,-53,37,-65,55,-54,36,-52,44,-56,38,-61,33,-56,26,-50,19,-48,16,0,0,0,0,0,0,0,0,0,0]"""
1782318878988,2026-06-25T01:34:38.958,warning,bed_exit,yja,bed_exit_failed,t057,"CSI_DATA,810414,1a:00:00:00:00:00,-64,11,-99,18,49,11,-348145644,47,2,256,0,""[0,0,0,0,0,0,0,0,0,0,0,0,22,-15,31,-17,22,-16,38,-19,26,-18,36,-14,35,-14,35,-4,43,-16,33,-7,48,-2,52,-15,44,-17,45,-13,58,-16,39,-9,57,-15,46,-5,63,-21,51,-11,50,-2,59,-27,52,-4,61,-10,69,-16,64,-14,63,-12,74,-8,45,-23,67,-28,61,-9,71,-28,59,-22,51,-30,61,-30,63,-36,56,-26,63,-39,58,-43,54,-41,72,-46,42,-45,63,-62,57,-50,72,-83,63,-61,50,-80,63,-72,46,-79,41,-80,39,-88,44,-88,58,-101,37,-88,38,-101,49,-118,44,-97,0,0,0,0,0,0,-128,-42,-93,-46,-126,-43,-101,-50,-87,-34,-121,-53,-86,-24,-128,-32,-90,-29,-126,-29,-114,-24,-102,-26,-111,-1,-95,-14,-100,-13,-115,-5,-101,9,-96,0,-119,3,-85,16,-123,25,-86,6,-117,26,-100,22,-92,28,-101,43,-80,22,-94,40,-99,42,-88,41,-90,30,-119,43,-70,46,-94,63,-88,31,-108,64,-86,44,-81,57,-88,48,-87,49,-85,40,-83,45,-86,53,-68,44,-89,40,-59,43,-80,50,-71,28,-90,43,-62,25,-63,31,-59,19,-57,36,-51,18,-62,20,-58,22,-61,17,0,0,0,0,0,0,0,0,0,0]"""
1782318878999,2026-06-25T01:34:38.969,warning,bed_exit,yja,bed_exit_failed,t057,"CSI_DATA,810415,1a:00:00:00:00:00,-64,11,-99,16,49,11,-348131136,47,2,256,0,""[0,0,0,0,0,0,0,0,0,0,0,0,-17,18,-31,22,-17,11,-31,18,-20,15,-38,22,-39,17,-38,12,-37,19,-31,7,-42,14,-49,15,-44,12,-42,10,-54,16,-40,9,-60,11,-45,9,-75,4,-57,5,-42,2,-62,6,-50,-4,-64,2,-65,4,-68,4,-60,3,-73,0,-45,0,-71,7,-59,2,-90,6,-70,0,-60,5,-63,6,-63,5,-52,14,-74,24,-64,17,-57,19,-75,14,-54,31,-86,43,-67,20,-114,45,-81,28,-77,39,-95,24,-73,30,-72,29,-97,55,-82,56,-99,53,-82,48,-92,65,-104,62,-94,42,0,0,0,0,0,0,57,102,44,78,69,127,55,104,38,75,63,115,47,72,67,118,45,76,65,127,62,103,48,91,58,86,40,74,71,96,66,80,65,80,60,73,65,91,62,54,81,77,62,66,93,101,70,87,70,71,66,64,55,57,85,66,82,65,78,61,67,59,86,77,66,42,89,63,71,59,106,88,68,78,75,63,68,81,61,60,62,57,80,66,71,62,52,52,54,71,56,44,73,63,43,53,60,92,37,62,46,63,28,60,30,51,19,51,33,61,28,52,28,57,0,0,0,0,0,0,0,0,0,0]"""
1782318879010,2026-06-25T01:34:38.980,warning,bed_exit,yja,bed_exit_failed,t057,"CSI_DATA,810416,1a:00:00:00:00:00,-64,11,-99,16,49,11,-348122486,47,2,256,0,""[0,0,0,0,0,0,0,0,0,0,0,0,2,88,68,-10,-40,35,-63,0,-73,-9,-25,21,50,28,90,-5,-17,64,12,22,-30,113,0,23,0,28,-16,99,-28,11,-14,77,10,74,-22,53,-20,43,-45,43,-57,57,-31,56,-35,59,-40,49,-39,50,-33,42,-46,40,-43,38,-48,52,-42,39,-57,44,-36,47,-44,50,-35,59,-43,57,-33,64,-47,65,-53,46,-48,67,-53,63,-50,54,-64,58,-52,52,-67,56,-30,52,-32,66,-44,77,-31,83,-56,92,-49,92,-68,63,-65,87,-62,77,-57,92,-78,73,-55,80,-66,93,0,0,0,0,0,0,76,86,89,105,68,68,73,90,90,97,55,89,83,100,62,75,69,106,74,66,66,62,83,77,86,79,95,80,59,86,74,68,82,72,76,85,66,80,77,83,63,71,68,87,71,53,77,57,87,67,93,67,89,64,64,75,78,70,87,65,81,79,69,71,81,92,59,76,60,86,56,60,72,70,70,71,78,69,70,80,71,77,44,82,59,77,44,93,40,79,36,86,22,70,25,81,27,63,26,71,31,61,27,64,22,66,21,69,0,61,7,57,2,62,0,0,0,0,0,0,0,0,0,0]"""
1782318879021,2026-06-25T01:34:38.991,warning,bed_exit,yja,bed_exit_failed,t057,"CSI_DATA,810417,1a:00:00:00:00:00,-64,11,-99,20,49,11,-348110664,47,2,256,0,""[0,0,0,0,0,0,0,0,0,0,0,0,24,-21,22,-17,30,-19,23,-16,26,-14,36,-11,29,-16,42,-15,38,-17,40,-17,43,-9,45,-13,42,-6,51,-11,49,-4,62,-18,48,-19,61,-8,48,-1,44,-13,49,-8,61,-13,67,-12,57,-1,62,-2,61,-7,66,-12,65,-14,71,-13,55,-13,62,-18,54,-14,60,-22,57,-19,60,-32,62,-32,72,-31,63,-23,70,-29,74,-37,59,-40,73,-48,61,-50,63,-54,52,-40,58,-65,61,-61,54,-70,69,-74,67,-68,67,-57,72,-77,66,-83,62,-94,72,-82,66,-75,57,-94,0,0,0,0,0,0,-94,-56,-105,-76,-70,-50,-106,-59,-121,-72,-92,-52,-109,-67,-90,-44,-105,-55,-94,-36,-91,-36,-103,-41,-109,-31,-116,-37,-95,-38,-94,-41,-99,-35,-105,-38,-95,-19,-116,-14,-99,-5,-116,-9,-82,-6,-84,2,-101,0,-105,11,-120,6,-96,-4,-103,-5,-107,9,-116,5,-102,22,-124,12,-99,14,-103,24,-78,10,-98,33,-100,16,-102,27,-100,20,-106,11,-91,8,-96,-2,-100,0,-89,9,-90,12,-76,4,-85,12,-58,7,-79,9,-74,9,-72,14,-68,1,-71,4,-58,-5,-57,-9,-50,-14,0,0,0,0,0,0,0,0,0,0]"""
1782318879032,2026-06-25T01:34:39.002,warning,bed_exit,yja,bed_exit_failed,t057,"CSI_DATA,810418,1a:00:00:00:00:00,-64,11,-99,13,50,11,-348096947,47,2,256,0,""[0,0,0,0,0,0,0,0,0,0,0,0,-26,5,-30,3,-35,3,-33,0,-35,-4,-30,-6,-28,1,-41,-1,-39,-6,-57,-8,-34,-4,-38,-8,-47,-17,-48,-27,-54,-20,-51,-33,-40,-23,-47,-36,-45,-35,-36,-23,-49,-31,-53,-32,-57,-34,-48,-37,-54,-45,-47,-35,-50,-44,-49,-37,-54,-55,-46,-47,-45,-44,-39,-37,-56,-36,-53,-36,-55,-30,-62,-45,-58,-42,-43,-42,-69,-41,-70,-46,-74,-38,-63,-55,-56,-51,-75,-40,-47,-28,-81,-37,-61,-45,-92,-20,-102,-50,-96,-28,-68,-43,-90,-52,-79,-49,-90,-44,-90,-61,-102,-41,-107,-52,0,0,0,0,0,0,-55,101,-67,122,-43,78,-62,97,-61,115,-56,77,-74,114,-54,88,-71,104,-50,74,-37,79,-41,104,-51,102,-45,122,-48,82,-44,96,-41,101,-54,100,-40,95,-54,101,-35,84,-47,99,-25,73,-23,90,-26,104,-32,102,-29,109,-30,92,-31,105,-26,97,-35,109,-24,99,-53,111,-45,92,-32,94,-28,69,-22,94,-33,91,-17,97,-44,98,-38,93,-47,68,-46,86,-54,88,-50,84,-58,71,-57,56,-45,66,-29,39,-42,59,-44,51,-35,63,-59,52,-46,52,-45,28,-43,28,-49,28,0,0,0,0,0,0,0,0,0,0]"""
1782318879043,2026-06-25T01:34:39.013,warning,bed_exit,yja,bed_exit_failed,t057,"CSI_DATA,810419,1a:00:00:00:00:00,-64,11,-99,17,49,11,-348090644,47,2,256,0,""[0,0,0,0,0,0,0,0,0,0,0,0,27,8,29,14,29,14,35,14,30,13,33,20,26,20,41,27,26,35,34,25,34,32,39,32,31,30,28,36,30,42,23,49,35,53,27,50,25,52,26,41,25,48,16,50,30,53,27,53,26,49,25,59,27,59,25,55,19,64,17,61,23,55,23,65,38,62,25,55,32,54,27,63,27,63,32,70,35,62,38,66,51,60,31,71,38,79,44,56,45,64,69,76,51,81,66,73,59,81,58,62,57,78,51,81,58,82,67,86,59,90,64,85,67,92,0,0,0,0,0,0,96,-66,83,-66,95,-72,105,-58,90,-62,99,-69,100,-58,96,-62,91,-63,102,-68,97,-66,86,-77,89,-53,75,-73,90,-75,74,-70,74,-75,71,-68,68,-66,85,-64,79,-70,69,-64,75,-76,68,-74,64,-86,62,-64,66,-82,69,-83,63,-80,66,-83,65,-83,58,-86,79,-67,82,-79,69,-70,74,-78,74,-86,77,-69,63,-81,75,-63,69,-64,78,-65,77,-60,71,-54,70,-59,73,-37,82,-42,61,-43,66,-37,73,-42,66,-33,62,-36,59,-26,63,-27,59,-21,54,-13,54,-15,0,0,0,0,0,0,0,0,0,0]"""
1782318879054,2026-06-25T01:34:39.024,warning,bed_exit,yja,bed_exit_failed,t057,"CSI_DATA,810420,1a:00:00:00:00:00,-64,11,-99,13,50,11,-348077891,47,2,256,0,""[0,0,0,0,0,0,0,0,0,0,0,0,4,24,8,39,3,23,-2,39,-6,30,-11,43,-10,38,-8,42,-9,39,-16,26,-19,48,-21,37,-25,35,-29,36,-37,45,-24,29,-42,47,-32,37,-55,44,-60,22,-56,25,-51,27,-42,24,-57,29,-53,23,-57,23,-50,24,-70,28,-45,21,-63,22,-49,24,-87,23,-72,4,-64,13,-67,11,-59,11,-60,17,-72,32,-66,20,-58,15,-78,11,-53,30,-79,33,-72,15,-116,30,-85,10,-89,23,-99,12,-78,10,-86,6,-108,26,-97,29,-115,23,-99,5,-103,15,-128,4,-105,-3,0,0,0,0,0,0,-14,121,-11,85,-18,127,-14,114,-17,84,-17,127,-15,83,-31,127,-14,87,-43,127,-37,119,-33,95,-26,97,-40,76,-34,111,-28,109,-35,103,-36,83,-44,102,-19,76,-36,108,-30,83,-48,123,-49,99,-40,85,-40,82,-37,65,-41,98,-37,91,-44,91,-43,82,-59,96,-34,69,-55,105,-45,81,-82,114,-74,78,-67,75,-76,68,-66,59,-61,55,-68,73,-68,63,-63,46,-81,45,-56,41,-80,57,-69,34,-101,37,-74,15,-68,16,-71,5,-62,2,-53,4,-72,2,-58,5,-56,-7,0,0,0,0,0,0,0,0,0,0]"""
1782318879065,2026-06-25T01:34:39.035,warning,bed_exit,yja,bed_exit_failed,t057,"CSI_DATA,810421,1a:00:00:00:00:00,-64,11,-99,17,49,11,-348068424,47,2,256,0,""[0,0,0,0,0,0,0,0,0,0,0,0,20,22,20,19,13,32,11,30,9,33,7,36,10,38,12,48,4,37,12,45,10,46,12,45,5,42,1,47,0,38,-11,65,-11,52,-12,55,-13,50,-10,49,-9,71,-22,43,-7,66,-14,62,-12,60,-18,58,-19,58,-10,51,-35,65,-27,52,-29,62,-26,49,-26,59,-27,56,-22,62,-26,67,-25,74,-21,75,-18,71,-22,81,-16,69,-41,77,-40,74,-22,75,-17,68,-20,101,-29,83,-6,96,-35,93,-18,94,-20,87,-27,95,-32,94,-22,109,-37,93,-32,98,-36,107,0,0,0,0,0,0,101,35,115,45,92,36,99,50,118,53,94,45,113,63,87,54,114,55,102,48,91,54,115,39,89,52,109,32,98,34,100,27,101,25,97,42,82,30,107,58,94,41,104,41,88,36,98,37,109,33,87,37,111,27,102,26,95,26,100,23,101,30,89,19,107,55,89,50,97,40,75,40,105,43,85,46,94,36,81,54,87,51,82,51,83,50,81,54,72,47,68,74,49,63,61,53,44,51,63,59,41,57,50,50,34,58,41,56,26,59,22,49,17,50,0,0,0,0,0,0,0,0,0,0]"""
1782318879076,2026-06-25T01:34:39.046,warning,bed_exit,yja,bed_exit_failed,t057,"CSI_DATA,810422,1a:00:00:00:00:00,-64,11,-99,13,50,11,-348057644,47,2,256,0,""[0,0,0,0,0,0,0,0,0,0,0,0,-12,-23,-21,-30,-14,-18,-16,-38,-14,-21,-14,-42,-10,-37,-9,-35,-19,-43,-2,-33,-4,-44,-4,-46,-7,-54,-8,-46,-11,-59,-6,-33,-9,-57,-4,-43,-6,-78,-2,-61,3,-44,-9,-66,7,-46,0,-73,-6,-65,-3,-55,-2,-55,0,-64,-11,-53,-13,-74,-12,-54,-15,-87,-12,-71,-20,-64,-14,-72,-9,-58,-11,-48,-26,-64,-30,-64,-17,-59,-25,-79,-31,-43,-48,-68,-34,-65,-61,-104,-39,-74,-44,-68,-38,-78,-53,-64,-44,-67,-74,-85,-54,-65,-68,-86,-58,-70,-83,-76,-85,-94,-69,-87,0,0,0,0,0,0,-82,83,-62,62,-103,111,-76,77,-49,46,-88,100,-60,71,-88,105,-53,69,-89,103,-70,95,-69,74,-55,84,-55,64,-62,92,-55,93,-57,90,-48,83,-66,101,-23,70,-34,108,-33,78,-51,122,-45,111,-35,92,-36,102,-26,71,-22,107,-21,103,-27,96,-25,81,-31,114,2,78,-4,117,-11,86,-15,127,-23,96,-9,104,-30,102,-14,84,-12,79,-9,100,-15,97,-9,74,-23,91,-3,66,-13,97,-23,68,-34,98,-24,61,-20,74,-31,58,-23,60,-20,52,-33,66,-24,59,-27,49,0,0,0,0,0,0,0,0,0,0]"""
1782318879087,2026-06-25T01:34:39.057,warning,bed_exit,yja,bed_exit_failed,t057,"CSI_DATA,810423,1a:00:00:00:00:00,-64,11,-99,17,49,11,-348046557,47,2,256,0,""[0,0,0,0,0,0,0,0,0,0,0,0,24,20,21,22,21,24,20,20,21,34,17,32,21,27,21,33,17,36,28,35,13,43,16,45,21,43,18,49,12,46,13,61,6,56,1,60,12,45,21,42,17,48,18,62,15,62,3,55,17,62,10,66,1,70,7,67,14,67,8,60,1,67,17,50,26,56,30,60,31,59,29,68,32,71,20,72,33,58,35,73,34,63,37,84,22,70,34,68,36,55,53,72,52,69,63,62,68,70,66,71,53,68,65,84,67,89,76,78,65,86,75,69,73,81,0,0,0,0,0,0,85,-72,101,-82,63,-62,93,-72,99,-85,88,-58,92,-84,70,-75,97,-73,66,-73,61,-74,68,-85,62,-95,55,-104,70,-74,59,-86,55,-92,66,-89,57,-83,62,-95,53,-82,70,-88,28,-80,32,-90,35,-95,30,-103,36,-109,40,-94,27,-101,24,-105,40,-106,34,-96,47,-106,38,-88,42,-95,17,-76,23,-103,19,-94,10,-98,25,-105,26,-95,40,-82,25,-92,40,-97,38,-83,42,-82,42,-67,47,-71,23,-54,35,-72,25,-58,27,-67,31,-65,30,-65,40,-45,34,-43,36,-41,0,0,0,0,0,0,0,0,0,0]"""
1782318879098,2026-06-25T01:34:39.068,warning,bed_exit,yja,bed_exit_failed,t057,"CSI_DATA,810424,1a:00:00:00:00:00,-64,11,-99,13,50,11,-348034326,47,2,256,0,""[0,0,0,0,0,0,0,0,0,0,0,0,0,-20,15,-27,12,-27,16,-32,16,-33,28,-31,33,-25,25,-25,28,-23,38,-21,36,-29,37,-27,41,-19,44,-20,51,-21,35,-18,50,-20,49,-21,72,-13,66,-1,47,0,63,-11,54,2,65,-8,67,-4,59,-1,58,-4,64,0,57,-1,65,-8,66,-6,83,0,74,14,70,3,73,11,56,5,60,3,75,-15,72,-2,61,-1,74,8,69,-15,76,-15,86,0,102,3,76,11,91,-5,85,21,80,6,101,2,114,-7,90,-11,95,0,104,8,113,-8,119,9,115,17,0,0,0,0,0,0,26,-128,22,-102,31,-128,29,-107,25,-82,32,-119,27,-99,31,-120,21,-100,45,-119,47,-113,44,-88,37,-98,45,-88,26,-113,29,-94,25,-99,22,-99,42,-101,24,-76,33,-105,20,-86,36,-112,47,-106,37,-92,40,-99,33,-84,30,-110,29,-103,35,-88,39,-80,54,-94,27,-85,32,-102,36,-96,63,-121,69,-88,62,-80,76,-78,63,-64,59,-66,50,-89,53,-75,44,-58,64,-53,48,-60,52,-65,64,-53,83,-53,66,-32,63,-35,68,-15,56,-20,58,-17,67,-26,53,-15,57,-14,0,0,0,0,0,0,0,0,0,0]"""
1782318879109,2026-06-25T01:34:39.079,warning,bed_exit,yja,bed_exit_failed,t057,"CSI_DATA,810425,1a:00:00:00:00:00,-64,11,-99,17,49,11,-348023249,47,2,256,0,""[0,0,0,0,0,0,0,0,0,0,0,0,1,26,2,34,6,23,7,33,2,31,-1,40,0,46,-5,29,-1,47,-5,32,-15,44,-11,52,-10,40,-10,45,-14,60,-12,47,-16,56,-14,54,-20,51,-25,63,-17,50,-29,61,-32,50,-26,50,-29,57,-33,56,-34,55,-34,63,-13,53,-14,60,-25,65,-21,64,-30,53,-16,59,-28,63,-27,70,-17,61,-16,70,-15,65,-14,58,-19,69,3,74,5,82,-11,87,-9,101,-13,74,-4,93,-14,88,1,85,-6,105,8,98,0,108,5,109,0,105,7,111,11,116,4,108,0,0,0,0,0,0,126,-5,111,-9,121,-9,117,-3,106,-6,119,-2,105,-14,115,-11,104,-14,109,-8,118,-15,103,-2,113,-20,97,-9,101,-14,113,-17,99,-27,98,-21,111,-27,85,-35,92,-41,101,-37,99,-38,95,-37,92,-30,96,-43,91,-30,90,-42,98,-44,92,-42,91,-36,106,-38,76,-53,87,-58,96,-51,104,-55,93,-35,90,-48,96,-35,90,-41,92,-30,82,-50,83,-38,75,-29,85,-24,77,-37,76,-36,82,-22,92,-21,67,-8,73,-21,69,-2,71,-10,67,-6,58,-6,66,-3,60,-3,0,0,0,0,0,0,0,0,0,0]"""
1782318879120,2026-06-25T01:34:39.090,warning,bed_exit,yja,bed_exit_failed,t057,"CSI_DATA,810426,1a:00:00:00:00:00,-64,11,-99,19,49,11,-348013644,47,2,256,0,""[0,0,0,0,0,0,0,0,0,0,0,0,-2,27,-1,19,-17,34,-15,23,-15,32,-15,26,-19,30,-31,36,-25,31,-34,32,-32,31,-35,23,-37,34,-45,29,-37,30,-50,39,-35,28,-51,32,-47,24,-49,18,-63,20,-48,23,-59,30,-60,24,-64,12,-59,20,-56,25,-44,19,-75,23,-58,24,-58,26,-62,19,-65,36,-67,18,-63,32,-56,27,-69,29,-64,28,-70,21,-70,30,-62,38,-77,40,-63,29,-71,50,-56,30,-69,63,-72,40,-77,55,-87,47,-80,50,-83,40,-88,39,-73,51,-97,59,-97,48,-94,50,-98,61,0,0,0,0,0,0,57,96,63,109,49,94,66,95,64,111,48,79,63,118,54,90,68,105,44,95,55,92,63,98,46,87,63,110,56,94,36,89,46,99,56,96,52,73,63,103,53,72,75,94,56,79,65,84,67,94,55,81,68,91,62,90,49,94,56,86,67,83,66,64,66,105,53,79,73,81,47,77,71,89,53,88,61,87,48,83,46,94,35,90,27,98,33,94,39,75,31,92,25,72,33,79,14,61,26,76,15,70,19,70,7,71,4,76,-4,62,-7,51,-9,60,0,0,0,0,0,0,0,0,0,0]"""
1782318879131,2026-06-25T01:34:39.101,warning,bed_exit,yja,bed_exit_failed,t057,"CSI_DATA,810427,1a:00:00:00:00:00,-64,11,-99,18,49,11,-348000740,47,2,256,0,""[0,0,0,0,0,0,0,0,0,0,0,0,-7,32,-12,26,-19,30,-18,27,-21,27,-26,24,-16,30,-34,25,-31,28,-34,33,-33,25,-43,27,-37,23,-43,26,-36,18,-56,28,-48,26,-60,26,-46,18,-49,13,-70,20,-52,15,-67,28,-55,11,-55,10,-58,12,-62,17,-51,19,-75,11,-61,16,-63,19,-51,1,-57,22,-61,16,-59,27,-70,35,-78,29,-70,23,-74,23,-79,35,-65,40,-80,25,-72,27,-65,39,-51,25,-81,63,-69,41,-66,68,-86,49,-74,51,-79,31,-88,48,-88,50,-90,67,-93,41,-78,51,-92,72,0,0,0,0,0,0,58,91,64,122,47,82,70,91,69,120,54,88,57,115,49,89,64,107,55,84,61,79,77,95,69,91,76,89,56,85,52,78,59,88,54,87,57,73,72,102,63,68,72,85,55,67,66,62,84,72,69,67,91,74,70,73,71,79,74,69,80,74,74,53,81,95,67,73,78,69,52,59,81,67,65,73,81,63,71,82,70,85,44,74,45,85,54,83,51,66,42,81,32,71,50,66,26,44,46,69,30,58,40,59,26,65,22,66,15,54,8,58,6,53,0,0,0,0,0,0,0,0,0,0]"""
1782318879142,2026-06-25T01:34:39.112,warning,bed_exit,yja,bed_exit_failed,t057,"CSI_DATA,810428,1a:00:00:00:00:00,-64,11,-99,17,49,11,-347991391,47,2,256,0,""[0,0,0,0,0,0,0,0,0,0,0,0,-8,28,-6,22,-15,33,-15,26,-18,30,-14,27,-13,32,-23,36,-20,28,-28,31,-33,34,-36,27,-39,30,-40,28,-32,23,-54,32,-44,32,-47,33,-44,10,-44,27,-60,35,-55,13,-62,29,-52,17,-63,10,-55,10,-59,16,-51,16,-81,13,-58,14,-63,17,-51,7,-61,21,-64,10,-65,21,-61,25,-70,24,-68,11,-73,8,-84,21,-72,20,-83,21,-77,24,-77,30,-60,23,-85,45,-76,24,-79,48,-95,26,-91,30,-88,10,-95,13,-91,25,-107,31,-104,19,-94,16,-106,34,0,0,0,0,0,0,22,109,26,127,14,101,26,112,20,127,10,98,14,127,15,103,11,122,9,102,14,91,24,117,19,106,16,120,8,96,2,102,11,108,5,112,10,96,1,120,21,94,17,101,7,86,19,90,21,112,10,99,19,112,13,98,1,108,10,101,8,109,24,89,4,121,4,101,14,104,-1,84,14,106,3,97,4,100,0,108,-8,105,-19,92,-29,94,-24,97,-19,88,-28,88,-27,70,-17,87,-21,49,-26,72,-26,58,-22,69,-34,61,-39,58,-37,38,-42,37,-44,37,0,0,0,0,0,0,0,0,0,0]"""
1782318879153,2026-06-25T01:34:39.123,warning,bed_exit,yja,bed_exit_failed,t057,"CSI_DATA,810429,1a:00:00:00:00:00,-64,11,-99,14,49,11,-347980629,47,2,256,0,""[0,0,0,0,0,0,0,0,0,0,0,0,-9,-16,-18,-31,-12,-21,-23,-34,-8,-22,-13,-47,-4,-39,-7,-43,0,-43,4,-31,2,-48,6,-43,6,-44,9,-43,16,-57,2,-42,13,-61,15,-46,26,-61,39,-47,35,-42,23,-48,33,-40,39,-51,42,-46,40,-49,43,-46,48,-61,20,-28,35,-55,33,-47,55,-62,52,-43,43,-45,49,-46,43,-48,40,-45,36,-61,38,-53,38,-38,58,-56,30,-55,48,-81,48,-58,78,-86,55,-57,62,-74,69,-60,55,-64,58,-65,61,-88,60,-81,78,-92,67,-71,68,-75,83,-83,82,-71,0,0,0,0,0,0,-77,-92,-48,-69,-86,-116,-69,-92,-47,-68,-80,-112,-48,-71,-74,-117,-56,-69,-69,-123,-65,-105,-41,-91,-61,-90,-29,-77,-58,-95,-55,-90,-47,-93,-45,-82,-56,-106,-52,-60,-69,-96,-52,-67,-61,-112,-53,-97,-42,-77,-46,-85,-33,-73,-51,-88,-53,-87,-44,-87,-40,-86,-45,-111,-41,-66,-57,-97,-36,-86,-49,-127,-27,-87,-33,-96,-16,-100,-15,-94,-14,-77,-29,-98,-20,-90,-8,-82,-4,-97,-12,-69,-8,-92,6,-72,18,-105,20,-71,8,-72,33,-64,15,-58,21,-45,26,-65,30,-56,29,-49,0,0,0,0,0,0,0,0,0,0]"""
1782318879164,2026-06-25T01:34:39.134,warning,bed_exit,yja,bed_exit_failed,t057,"CSI_DATA,810430,1a:00:00:00:00:00,-64,11,-99,18,49,11,-347969644,47,2,256,0,""[0,0,0,0,0,0,0,0,0,0,0,0,-35,-64,-15,-92,17,-24,-50,27,-17,-46,22,45,4,29,-50,-57,-19,57,-59,34,-61,-4,-59,-39,-55,-33,-32,-73,-18,-87,-19,-83,-15,-44,-23,-55,-6,-76,-3,-66,-28,-56,-4,-60,-23,-44,2,-49,3,-59,-2,-59,13,-67,12,-63,0,-59,0,-63,9,-65,-6,-70,0,-66,-7,-62,3,-65,-9,-58,0,-72,5,-70,-5,-72,5,-78,14,-74,3,-82,0,-80,17,-90,1,-78,0,-80,-6,-85,-9,-86,-3,-104,7,-102,16,-98,13,-95,12,-106,8,-102,37,-113,13,-115,25,-112,0,0,0,0,0,0,-109,-51,-113,-58,-98,-42,-106,-46,-114,-52,-88,-69,-101,-59,-95,-51,-93,-66,-92,-42,-103,-49,-90,-49,-105,-49,-99,-53,-82,-66,-83,-56,-91,-54,-88,-62,-90,-68,-87,-51,-79,-51,-82,-62,-80,-46,-89,-46,-82,-53,-95,-49,-83,-52,-82,-73,-81,-67,-81,-61,-81,-70,-79,-65,-86,-74,-76,-73,-62,-78,-74,-64,-73,-76,-69,-72,-72,-68,-74,-72,-55,-76,-36,-88,-53,-87,-35,-89,-31,-90,-37,-79,-24,-73,-22,-80,-21,-70,-16,-73,-17,-68,-16,-69,-11,-73,1,-62,7,-59,9,-56,19,-54,0,0,0,0,0,0,0,0,0,0]"""
1782318879175,2026-06-25T01:34:39.145,warning,bed_exit,yja,bed_exit_failed,t057,"CSI_DATA,810431,1a:00:00:00:00:00,-64,11,-99,13,50,11,-347958644,47,2,256,0,""[0,0,0,0,0,0,0,0,0,0,0,0,-4,22,-12,29,-16,28,-18,32,-11,29,-26,30,-22,25,-32,29,-24,20,-29,27,-31,30,-36,23,-39,31,-31,32,-45,35,-44,26,-53,27,-48,26,-59,29,-51,32,-44,38,-57,22,-50,19,-61,28,-56,20,-63,16,-61,19,-56,24,-58,24,-65,26,-49,26,-69,26,-65,32,-60,22,-62,35,-59,22,-58,29,-65,39,-61,32,-57,39,-63,44,-59,34,-69,44,-58,52,-80,48,-66,57,-69,44,-71,52,-70,60,-72,58,-77,68,-68,52,-78,67,-93,62,-87,76,-80,68,-88,76,0,0,0,0,0,0,75,87,74,87,90,96,68,84,63,77,81,94,77,83,88,92,80,73,79,99,73,87,71,79,65,74,72,75,79,79,66,76,76,81,70,69,77,66,72,69,86,68,70,55,90,68,88,65,97,59,72,53,78,59,96,60,78,65,83,59,79,54,90,47,83,55,89,60,81,52,91,71,90,66,84,57,81,61,67,61,65,64,80,62,68,72,58,59,75,62,56,63,62,62,52,57,53,67,45,68,44,60,32,57,30,58,33,52,31,60,17,56,21,46,0,0,0,0,0,0,0,0,0,0]"""
1782318879186,2026-06-25T01:34:39.156,warning,bed_exit,yja,bed_exit_failed,t057,"CSI_DATA,810432,1a:00:00:00:00:00,-64,11,-99,18,49,11,-347947644,47,2,256,0,""[0,0,0,0,0,0,0,0,0,0,0,0,22,16,20,11,31,24,27,18,27,21,26,25,20,33,29,36,17,30,34,35,27,33,26,39,29,37,24,40,24,40,16,65,11,47,16,59,17,46,19,60,31,66,9,59,21,73,16,54,20,56,18,59,14,59,12,53,11,73,7,57,13,72,13,52,20,65,16,62,21,59,14,67,16,81,21,73,30,74,27,74,34,58,17,86,12,72,34,74,27,61,44,83,29,84,53,79,33,91,46,83,41,86,36,86,31,90,51,105,38,96,33,80,48,101,0,0,0,0,0,0,98,-31,125,-54,86,-36,114,-35,127,-49,96,-27,126,-43,90,-33,121,-37,105,-33,108,-34,106,-52,98,-28,108,-60,88,-44,83,-45,88,-56,84,-47,75,-37,112,-49,83,-39,102,-53,80,-47,87,-48,93,-56,90,-48,97,-72,87,-64,84,-55,89,-66,87,-57,70,-51,113,-48,90,-40,91,-48,78,-38,92,-58,91,-36,83,-54,94,-37,95,-45,92,-32,91,-33,89,-29,72,-30,97,-13,75,-4,82,-20,59,-9,86,-15,72,-1,65,-13,70,-1,71,-1,59,0,55,5,53,1,0,0,0,0,0,0,0,0,0,0]"""
1782318879197,2026-06-25T01:34:39.167,warning,bed_exit,yja,bed_exit_failed,t057,"CSI_DATA,810433,1a:00:00:00:00:00,-64,11,-99,17,49,11,-347936566,47,2,256,0,""[0,0,0,0,0,0,0,0,0,0,0,0,24,-6,36,0,36,0,34,2,33,7,39,0,37,4,42,17,38,7,36,12,41,20,44,16,43,19,41,27,49,31,41,26,51,33,41,38,36,34,48,36,44,36,49,48,44,39,30,53,42,50,40,41,41,54,51,65,44,51,45,48,31,53,62,45,29,50,57,45,56,43,63,42,46,50,40,37,50,63,51,65,42,60,45,36,56,54,62,47,56,59,75,53,64,28,74,40,70,49,93,62,50,46,99,63,98,69,49,57,82,78,99,74,69,76,0,0,0,0,0,0,95,-84,92,-76,89,-83,90,-81,78,-80,99,-78,86,-60,92,-78,90,-62,79,-86,76,-78,73,-67,73,-92,74,-70,73,-61,76,-76,73,-77,77,-70,91,-76,60,-73,63,-75,86,-71,65,-73,71,-76,72,-67,65,-85,57,-70,69,-61,68,-82,58,-79,70,-77,79,-80,64,-75,74,-75,84,-66,68,-70,67,-67,68,-71,73,-70,76,-73,71,-62,77,-51,74,-62,83,-49,90,-40,68,-45,78,-41,77,-33,74,-31,64,-20,67,-27,56,-29,66,-20,63,-22,61,-4,57,-7,63,-1,0,0,0,0,0,0,0,0,0,0]"""
1782318879208,2026-06-25T01:34:39.178,warning,bed_exit,yja,bed_exit_failed,t057,"CSI_DATA,810434,1a:00:00:00:00:00,-64,11,-99,17,49,11,-347923926,47,2,256,0,""[0,0,0,0,0,0,0,0,0,0,0,0,-6,24,-4,25,-7,29,-12,29,-9,37,-10,28,-21,35,-21,28,-20,40,-24,39,-20,31,-27,36,-19,43,-23,42,-31,44,-22,39,-29,48,-31,46,-31,51,-32,48,-42,39,-27,62,-44,44,-39,57,-35,59,-35,52,-33,48,-35,55,-21,57,-18,61,-28,58,-25,67,-24,60,-19,66,-22,63,-19,67,-23,65,-10,69,-9,71,-6,70,-7,76,8,75,10,78,8,91,7,83,0,78,13,89,6,96,24,94,26,97,40,93,35,89,29,97,28,95,55,99,41,103,48,106,0,0,0,0,0,0,111,-63,100,-53,107,-56,104,-57,95,-52,102,-60,82,-74,93,-76,82,-68,88,-64,89,-67,82,-54,78,-78,79,-68,73,-75,71,-71,63,-80,62,-81,72,-87,42,-84,40,-94,48,-88,44,-92,43,-95,43,-92,31,-105,36,-92,24,-91,25,-101,19,-92,27,-97,33,-108,0,-101,-2,-104,16,-107,9,-113,24,-91,9,-101,17,-106,10,-99,16,-99,2,-93,7,-94,7,-86,12,-92,-2,-86,1,-86,16,-85,6,-78,13,-65,16,-73,20,-64,11,-71,16,-67,18,-63,14,-63,13,-57,0,0,0,0,0,0,0,0,0,0]"""
1782318879219,2026-06-25T01:34:39.189,warning,bed_exit,yja,bed_exit_failed,t057,"CSI_DATA,810435,1a:00:00:00:00:00,-64,11,-99,18,49,11,-347914644,47,2,256,0,""[0,0,0,0,0,0,0,0,0,0,0,0,-8,-20,-12,-31,-3,-24,-12,-37,-4,-28,-9,-42,0,-39,0,-37,0,-38,3,-33,2,-45,0,-46,2,-53,2,-50,2,-58,3,-34,9,-59,5,-47,10,-76,19,-72,7,-69,21,-56,10,-48,13,-62,7,-62,8,-59,15,-53,10,-66,6,-55,10,-72,9,-45,14,-91,14,-66,4,-68,5,-73,2,-61,0,-52,-12,-75,-11,-78,-12,-65,-5,-86,-11,-58,-13,-92,-16,-76,-21,-108,-10,-83,-27,-77,-15,-93,-23,-80,-28,-76,-50,-101,-41,-81,-44,-108,-33,-80,-48,-101,-59,-116,-35,-102,0,0,0,0,0,0,-112,49,-78,35,-128,62,-109,44,-72,29,-123,59,-83,44,-120,65,-78,47,-128,58,-101,55,-87,52,-83,51,-82,51,-89,69,-79,69,-78,76,-69,63,-90,81,-54,56,-84,86,-57,58,-96,102,-74,77,-63,74,-65,74,-48,63,-61,93,-55,95,-46,85,-52,69,-66,89,-41,72,-59,100,-47,74,-79,118,-73,83,-53,86,-64,84,-59,64,-42,64,-47,89,-53,85,-40,65,-54,72,-33,56,-59,83,-50,51,-77,85,-58,46,-56,49,-56,41,-46,43,-43,39,-51,44,-42,39,-46,35,0,0,0,0,0,0,0,0,0,0]"""
1782318879230,2026-06-25T01:34:39.200,warning,bed_exit,yja,bed_exit_failed,t057,"CSI_DATA,810436,1a:00:00:00:00:00,-64,11,-99,18,49,11,-347903613,47,2,256,0,""[0,0,0,0,0,0,0,0,0,0,0,0,27,-9,30,-6,30,-1,33,6,34,8,34,0,30,2,38,1,46,8,45,14,38,19,38,26,42,27,37,31,42,44,39,35,38,38,32,39,35,37,42,49,46,43,42,54,40,46,22,56,31,56,30,55,25,59,20,58,25,62,27,61,20,64,30,59,25,60,38,60,30,60,33,62,30,61,23,67,30,75,24,69,22,77,32,65,30,72,18,83,24,63,32,69,44,67,43,75,40,93,46,98,29,99,31,100,32,97,30,92,21,105,28,108,23,108,0,0,0,0,0,0,127,-1,127,2,107,-8,112,0,119,-5,114,11,118,15,112,9,118,17,102,3,106,3,104,1,119,-3,113,0,104,21,111,4,107,2,110,19,119,20,92,11,97,18,103,20,93,9,99,4,100,5,115,1,99,14,93,26,102,14,92,15,101,31,104,30,105,23,104,37,99,37,99,22,95,28,104,26,98,34,101,34,88,34,69,54,90,42,72,57,72,64,68,51,53,58,51,65,51,51,48,52,55,53,50,51,49,55,40,61,13,59,22,59,14,57,0,0,0,0,0,0,0,0,0,0]"""
1782318879241,2026-06-25T01:34:39.211,warning,bed_exit,yja,bed_exit_failed,t057,"CSI_DATA,810438,1a:00:00:00:00:00,-64,11,-99,13,50,11,-347880526,47,2,256,0,""[0,0,0,0,0,0,0,0,0,0,0,0,30,2,19,2,39,6,28,1,39,10,27,16,34,10,47,18,35,18,46,21,38,24,31,27,39,31,42,28,37,24,47,43,34,36,44,42,40,41,34,36,44,54,36,35,47,51,41,47,41,46,35,51,39,49,38,35,48,58,38,46,43,48,43,48,60,44,43,50,56,41,49,49,57,53,41,57,59,53,72,49,58,30,66,56,57,50,81,38,56,42,89,45,67,50,87,38,87,43,86,48,83,52,75,58,80,53,101,56,96,56,83,50,107,54,0,0,0,0,0,0,42,-98,61,-112,52,-92,51,-109,66,-119,41,-89,62,-122,37,-93,50,-112,52,-84,43,-93,42,-110,41,-87,51,-117,39,-95,54,-83,45,-94,36,-99,21,-90,41,-115,31,-93,30,-104,20,-90,15,-99,11,-114,18,-98,21,-111,17,-107,28,-99,22,-101,21,-104,5,-88,27,-123,19,-97,7,-103,22,-84,6,-112,22,-99,17,-105,27,-96,29,-99,28,-90,45,-92,31,-90,16,-80,38,-89,34,-67,21,-84,25,-49,32,-78,27,-55,31,-68,36,-57,38,-60,34,-49,42,-42,36,-38,0,0,0,0,0,0,0,0,0,0]"""
1782318879252,2026-06-25T01:34:39.222,warning,bed_exit,yja,bed_exit_failed,t057,"CSI_DATA,810439,1a:00:00:00:00:00,-64,11,-99,18,49,11,-347870644,47,2,256,0,""[0,0,0,0,0,0,0,0,0,0,0,0,-30,6,-32,4,-38,0,-29,0,-36,-1,-29,0,-25,0,-40,-4,-44,-3,-56,-6,-41,-11,-47,-14,-45,-14,-56,-24,-49,-19,-60,-12,-48,-9,-55,-12,-44,-14,-55,-13,-65,-13,-57,-14,-69,-15,-51,-24,-59,-29,-58,-19,-59,-28,-54,-4,-77,-10,-58,-10,-71,-5,-56,-7,-62,-1,-61,-3,-75,0,-78,11,-78,6,-64,-2,-70,-3,-84,12,-73,13,-83,20,-68,19,-81,30,-57,21,-69,37,-74,31,-78,52,-89,47,-94,42,-82,29,-94,47,-83,48,-90,59,-98,45,-91,48,-90,66,0,0,0,0,0,0,75,88,89,107,51,70,86,77,97,98,70,76,90,91,76,72,90,88,70,59,72,67,89,66,102,60,97,70,75,60,85,66,88,64,95,59,84,46,108,47,91,28,103,31,71,30,93,22,106,27,111,14,113,23,93,30,108,31,98,11,113,11,99,3,120,9,95,6,109,-9,79,7,101,-4,100,-3,103,-4,107,-4,108,4,83,14,94,17,102,16,93,6,96,2,76,3,86,1,62,1,75,2,71,0,71,0,71,1,78,8,52,18,60,19,59,20,0,0,0,0,0,0,0,0,0,0]"""
1782318879263,2026-06-25T01:34:39.233,warning,bed_exit,yja,bed_exit_failed,t057,"CSI_DATA,810440,1a:00:00:00:00:00,-64,11,-99,16,49,11,-347856873,47,2,256,0,""[0,0,0,0,0,0,0,0,0,0,0,0,-29,-10,-28,-16,-28,-16,-24,-15,-30,-16,-31,-21,-35,-28,-30,-27,-26,-28,-27,-30,-37,-35,-34,-35,-29,-34,-23,-33,-24,-34,-31,-53,-31,-49,-33,-50,-25,-55,-33,-58,-39,-58,-8,-51,-25,-58,-24,-54,-24,-56,-24,-62,-22,-55,-25,-50,-18,-64,-15,-57,-30,-62,-24,-67,-25,-64,-25,-65,-28,-57,-31,-54,-35,-62,-53,-68,-40,-61,-40,-62,-36,-51,-45,-67,-46,-66,-49,-64,-54,-71,-68,-79,-58,-69,-67,-66,-52,-68,-65,-76,-66,-87,-65,-68,-65,-67,-86,-96,-74,-83,-69,-79,-80,-83,0,0,0,0,0,0,-76,78,-86,80,-89,79,-90,79,-89,74,-78,73,-98,73,-88,69,-85,81,-94,82,-93,78,-74,85,-73,64,-78,78,-77,87,-70,76,-66,76,-62,74,-53,69,-77,86,-68,79,-61,88,-62,85,-67,89,-54,91,-58,72,-54,93,-57,99,-52,85,-50,96,-47,81,-37,79,-65,93,-59,86,-51,85,-58,85,-61,98,-55,82,-55,85,-55,73,-57,78,-62,85,-64,70,-52,68,-49,62,-60,66,-55,62,-60,62,-62,53,-60,57,-59,50,-54,45,-52,27,-57,40,-58,32,-46,27,-44,24,0,0,0,0,0,0,0,0,0,0]"""
1782318879274,2026-06-25T01:34:39.244,warning,bed_exit,yja,bed_exit_failed,t057,"CSI_DATA,810441,1a:00:00:00:00:00,-64,11,-99,18,49,11,-347846563,47,2,256,0,""[0,0,0,0,0,0,0,0,0,0,0,0,-21,10,-30,13,-18,11,-33,10,-30,9,-50,8,-43,3,-28,2,-40,2,-38,-4,-53,0,-49,-4,-50,-7,-47,-13,-59,-21,-32,2,-60,-14,-44,-3,-74,-24,-55,-33,-46,-34,-55,-29,-34,-27,-58,-34,-57,-37,-55,-35,-47,-31,-62,-36,-40,-22,-65,-32,-44,-19,-80,-48,-60,-40,-63,-32,-59,-43,-57,-35,-44,-24,-69,-26,-67,-31,-59,-30,-72,-39,-58,-4,-83,-20,-67,-30,-113,-47,-69,-37,-92,-31,-72,-42,-78,-30,-85,-35,-113,-34,-93,-26,-107,-31,-85,-34,-108,-33,-124,-50,-93,-35,0,0,0,0,0,0,-55,110,-38,77,-64,127,-47,101,-32,61,-58,125,-30,74,-54,127,-31,78,-69,127,-58,109,-42,77,-44,88,-50,71,-50,103,-43,97,-50,97,-42,88,-52,114,-15,69,-25,112,-19,82,-49,127,-46,107,-41,95,-34,92,-25,73,-29,100,-30,98,-30,91,-35,82,-45,111,-7,66,-29,114,-30,81,-57,127,-53,91,-36,95,-58,88,-44,80,-36,65,-40,94,-47,82,-43,63,-61,75,-23,59,-41,88,-39,54,-71,77,-50,49,-52,51,-57,40,-53,40,-46,29,-55,43,-45,33,-56,33,0,0,0,0,0,0,0,0,0,0]"""
1782318879285,2026-06-25T01:34:39.255,warning,bed_exit,yja,bed_exit_failed,t057,"CSI_DATA,810442,1a:00:00:00:00:00,-64,11,-99,18,49,11,-347833573,47,2,256,0,""[0,0,0,0,0,0,0,0,0,0,0,0,-7,31,-2,25,-18,28,-10,25,-19,32,-14,29,-11,34,-22,39,-23,36,-25,40,-26,29,-28,36,-32,35,-47,35,-31,28,-52,36,-42,33,-57,30,-37,20,-45,36,-54,43,-46,29,-61,46,-50,21,-53,32,-42,31,-57,39,-53,27,-67,30,-65,15,-71,31,-41,22,-60,36,-49,44,-60,37,-47,51,-53,45,-55,31,-61,41,-82,62,-59,51,-82,41,-69,30,-67,43,-50,33,-42,43,-61,52,-56,88,-87,49,-76,57,-71,37,-105,64,-70,53,-72,82,-79,49,-63,74,-77,82,0,0,0,0,0,0,76,90,88,106,56,79,72,90,91,103,56,83,72,107,59,86,69,104,63,73,66,67,86,74,81,74,86,85,67,71,78,73,71,71,73,90,67,69,86,90,70,66,82,78,58,51,67,54,91,59,90,58,108,66,76,63,87,59,90,55,88,68,86,54,88,86,68,72,81,67,58,56,87,48,82,59,91,47,88,78,83,70,56,72,69,74,65,80,63,70,54,77,41,68,49,65,33,42,47,55,36,51,59,52,38,63,43,58,18,52,19,58,16,54,0,0,0,0,0,0,0,0,0,0]"""
1782318879296,2026-06-25T01:34:39.266,warning,bed_exit,yja,bed_exit_failed,t057,"CSI_DATA,810443,1a:00:00:00:00:00,-64,11,-99,17,49,11,-347825776,47,2,256,0,""[0,0,0,0,0,0,0,0,0,0,0,0,27,-9,28,-1,32,-1,32,0,31,11,38,6,35,3,34,2,46,0,41,13,37,24,41,18,40,25,44,30,41,36,41,22,46,33,44,41,38,37,51,44,47,46,45,43,44,47,25,57,31,47,34,51,32,58,33,54,31,58,23,55,27,59,29,52,32,51,37,60,39,60,45,56,37,62,26,67,33,66,28,78,25,74,41,71,41,67,27,88,43,64,49,71,50,74,53,71,46,85,45,86,35,95,41,95,51,101,50,98,27,101,44,101,30,104,0,0,0,0,0,0,126,-20,125,-12,109,-18,112,-12,123,-19,117,-2,119,-2,113,-4,117,11,108,-10,109,-19,108,-5,112,-25,110,-12,107,11,102,-5,104,-8,102,10,108,12,102,-8,97,-6,105,14,96,-5,105,-8,100,0,108,-18,107,-12,102,14,101,9,103,1,107,15,111,12,110,7,98,14,98,33,96,18,101,16,104,13,101,13,104,19,95,22,84,48,87,33,84,53,78,54,71,38,68,50,62,55,65,41,55,45,55,41,59,46,50,43,40,53,30,52,27,49,23,53,0,0,0,0,0,0,0,0,0,0]"""
1782318879307,2026-06-25T01:34:39.277,warning,bed_exit,yja,bed_exit_failed,t057,"CSI_DATA,810444,1a:00:00:00:00:00,-64,11,-99,16,49,11,-347815364,47,2,256,0,""[0,0,0,0,0,0,0,0,0,0,0,0,67,-52,29,-105,-7,-34,85,-74,67,0,-6,18,91,-91,68,-23,49,-68,-21,25,54,-49,0,-40,43,-49,12,-9,86,-6,28,-46,59,-46,82,-21,68,-19,58,-42,61,-33,65,-18,40,-35,48,-27,60,-27,56,-20,62,-23,56,-28,68,-19,63,-23,56,-28,63,-24,66,-29,57,-29,63,-36,59,-26,58,-38,62,-44,68,-38,66,-49,61,-45,74,-29,69,-47,61,-47,69,-42,75,-57,72,-47,63,-60,90,-55,77,-58,85,-64,71,-59,83,-65,85,-68,96,-68,90,-77,91,-66,0,0,0,0,0,0,-70,-98,-67,-91,-80,-95,-70,-93,-71,-82,-64,-86,-68,-97,-70,-95,-74,-90,-72,-93,-61,-85,-80,-76,-60,-78,-76,-73,-79,-79,-77,-68,-79,-74,-74,-76,-78,-67,-67,-81,-76,-75,-76,-61,-79,-69,-75,-63,-88,-62,-71,-59,-79,-54,-93,-65,-90,-58,-90,-52,-78,-59,-86,-49,-79,-76,-87,-72,-73,-54,-78,-68,-91,-66,-74,-69,-83,-61,-66,-67,-68,-58,-66,-67,-68,-70,-65,-67,-66,-67,-45,-66,-47,-70,-49,-58,-44,-62,-46,-64,-37,-58,-40,-62,-27,-63,-29,-56,-33,-58,-21,-51,-24,-52,0,0,0,0,0,0,0,0,0,0]"""
1782318879318,2026-06-25T01:34:39.288,warning,bed_exit,yja,bed_exit_failed,t057,"CSI_DATA,810445,1a:00:00:00:00:00,-64,11,-99,17,49,11,-347804177,47,2,256,0,""[0,0,0,0,0,0,0,0,0,0,0,0,-29,3,-30,1,-32,0,-36,3,-35,0,-36,-5,-32,-2,-35,-11,-45,-9,-41,-11,-45,-10,-43,-21,-48,-7,-50,-11,-47,-21,-53,-12,-48,-11,-55,-18,-60,-15,-52,-24,-49,-31,-68,-10,-56,-27,-55,-14,-63,-16,-59,-20,-69,-19,-58,-23,-64,0,-65,-5,-67,-10,-67,-5,-62,-9,-62,-3,-69,-4,-73,0,-73,0,-67,3,-69,12,-73,18,-75,10,-68,28,-73,34,-82,33,-75,32,-79,26,-80,38,-86,35,-78,49,-86,51,-74,55,-81,59,-89,57,-85,61,-76,81,-86,73,-80,76,0,0,0,0,0,0,91,78,86,86,84,75,85,80,90,77,87,83,94,65,91,66,88,70,90,64,88,54,83,71,106,50,96,49,89,54,96,46,96,39,99,36,99,42,101,15,100,11,102,20,102,10,98,6,96,17,108,4,106,8,100,0,104,0,100,-3,102,-1,112,0,98,-29,101,-27,100,-18,108,-23,98,-15,102,-20,102,-14,98,-24,98,-12,91,-21,95,-21,87,-17,93,-12,86,-24,77,-21,82,-18,80,-7,71,-6,73,-8,71,-2,68,-14,72,-4,57,0,61,-5,62,-1,0,0,0,0,0,0,0,0,0,0]"""
1782318879329,2026-06-25T01:34:39.299,warning,bed_exit,yja,bed_exit_failed,t057,"CSI_DATA,810446,1a:00:00:00:00:00,-64,11,-99,16,49,11,-347789166,47,2,256,0,""[0,0,0,0,0,0,0,0,0,0,0,0,14,20,22,30,19,20,27,28,19,20,21,45,8,38,9,35,10,44,2,34,7,45,10,46,0,50,0,43,6,57,-5,38,-6,62,-4,49,-11,71,-25,63,-19,57,-16,51,-24,45,-15,57,-22,62,-32,61,-23,54,-36,67,-18,45,-25,65,-27,55,-35,72,-39,56,-35,54,-33,54,-37,46,-29,53,-26,69,-25,65,-24,56,-42,66,-20,57,-29,83,-39,68,-57,108,-53,69,-42,82,-54,73,-42,70,-38,74,-44,104,-35,86,-54,101,-55,81,-43,102,-65,107,-61,92,0,0,0,0,0,0,100,67,68,57,115,93,87,81,57,53,97,96,75,51,97,89,63,61,83,110,79,92,57,82,74,74,48,73,78,78,82,74,71,74,70,68,80,85,60,52,82,81,60,61,90,86,68,85,63,67,64,72,49,68,80,73,72,75,68,79,60,71,68,96,56,53,76,81,61,72,75,113,47,97,49,86,35,95,31,85,32,75,54,91,35,85,25,75,23,92,34,65,29,86,14,74,8,107,-3,75,2,72,-16,74,-7,64,-2,59,-9,73,-9,55,-19,59,0,0,0,0,0,0,0,0,0,0]"""
1782318879340,2026-06-25T01:34:39.310,warning,bed_exit,yja,bed_exit_failed,t057,"CSI_DATA,810447,1a:00:00:00:00:00,-64,11,-99,20,49,11,-347780426,47,2,256,0,""[0,0,0,0,0,0,0,0,0,0,0,0,24,-20,26,-16,33,-9,23,-9,34,-12,34,-7,33,-8,46,-15,37,-2,42,-10,37,-13,44,-10,46,-9,53,-6,44,-7,60,-20,52,-10,56,-9,58,-4,61,-9,74,-14,56,2,68,-16,61,-4,61,-1,62,-11,65,-13,45,-19,74,-18,54,-12,65,-27,56,-15,63,-27,67,-21,60,-23,56,-29,68,-34,61,-40,61,-30,67,-43,46,-47,65,-57,55,-63,54,-62,53,-48,54,-79,65,-63,47,-83,61,-72,65,-74,63,-80,54,-75,49,-86,61,-104,54,-99,48,-79,48,-105,0,0,0,0,0,0,-105,-41,-119,-43,-96,-33,-116,-25,-128,-39,-102,-20,-128,-36,-99,-24,-119,-9,-100,-19,-113,-16,-124,-9,-98,-13,-116,-7,-106,1,-105,-8,-106,-7,-106,8,-90,20,-117,19,-89,23,-104,39,-93,18,-100,32,-110,36,-91,32,-106,43,-102,49,-92,33,-99,46,-92,51,-67,53,-105,57,-87,54,-83,63,-76,41,-96,72,-83,58,-79,63,-79,51,-88,54,-81,53,-88,40,-83,52,-67,49,-83,49,-64,42,-61,53,-56,35,-69,58,-61,36,-61,41,-61,31,-63,34,-56,30,-52,19,-46,20,0,0,0,0,0,0,0,0,0,0]"""
1782318879351,2026-06-25T01:34:39.321,warning,bed_exit,yja,bed_exit_failed,t057,"CSI_DATA,810448,1a:00:00:00:00:00,-64,11,-99,18,49,11,-347771379,47,2,256,0,""[0,0,0,0,0,0,0,0,0,0,0,0,2,35,3,27,-6,37,-6,30,-8,34,-13,29,-14,32,-15,43,-15,33,-19,46,-22,37,-24,30,-33,40,-38,34,-35,31,-50,34,-37,25,-51,34,-41,28,-50,27,-68,31,-46,27,-57,31,-55,21,-60,25,-54,26,-57,26,-42,30,-75,31,-57,16,-70,13,-54,21,-64,24,-73,27,-63,25,-62,30,-68,24,-68,13,-77,19,-83,30,-72,26,-88,13,-68,8,-81,25,-63,17,-92,41,-77,24,-73,41,-94,30,-97,33,-95,24,-94,19,-90,21,-113,31,-112,12,-99,19,-117,23,0,0,0,0,0,0,5,113,11,127,0,97,3,115,2,127,-6,98,-5,127,-4,102,-13,127,-3,98,0,105,4,115,-8,103,1,127,-10,108,-6,94,-6,107,-12,110,-1,86,-12,121,-6,87,-10,103,-2,91,-7,103,-3,114,-1,101,0,117,-12,100,-13,104,-12,107,-14,106,-5,88,-25,127,-23,90,-22,100,-19,77,-17,110,-30,98,-20,98,-29,96,-35,94,-49,81,-50,90,-51,88,-41,71,-60,78,-48,52,-55,73,-36,49,-51,66,-53,52,-47,59,-51,44,-54,43,-56,30,-51,23,-53,20,0,0,0,0,0,0,0,0,0,0]"""
1782318879362,2026-06-25T01:34:39.332,warning,bed_exit,yja,bed_exit_failed,t057,"CSI_DATA,810449,1a:00:00:00:00:00,-64,11,-99,18,49,11,-347760645,47,2,256,0,""[0,0,0,0,0,0,0,0,0,0,0,0,25,2,35,8,24,6,34,13,35,5,41,18,33,21,28,16,33,18,22,25,38,28,40,30,37,37,39,36,47,49,32,23,45,36,34,35,48,57,42,42,22,41,47,50,27,41,37,58,36,57,36,53,32,46,44,64,38,39,49,50,39,46,58,64,38,57,49,49,46,59,50,53,44,39,60,42,54,51,46,49,59,62,58,24,74,35,70,48,99,66,56,47,78,43,69,61,79,52,80,50,100,52,84,40,92,49,86,53,100,54,113,63,95,52,0,0,0,0,0,0,59,-118,52,-95,60,-128,45,-100,41,-73,57,-116,38,-89,59,-118,41,-88,63,-114,49,-111,50,-88,43,-100,53,-81,40,-104,37,-104,33,-95,41,-89,42,-117,11,-77,22,-111,17,-93,30,-127,30,-107,23,-93,20,-105,19,-74,15,-108,17,-104,16,-92,18,-85,23,-117,-2,-81,0,-106,9,-91,20,-128,32,-96,7,-107,38,-103,17,-90,20,-85,10,-101,23,-93,21,-76,28,-91,6,-72,13,-90,24,-73,41,-96,32,-60,25,-68,36,-55,31,-60,33,-55,36,-59,32,-51,37,-46,0,0,0,0,0,0,0,0,0,0]"""
1782318879373,2026-06-25T01:34:39.343,warning,bed_exit,yja,bed_exit_failed,t057,"CSI_DATA,810450,1a:00:00:00:00:00,-64,11,-99,17,49,11,-347749645,47,2,256,0,""[0,0,0,0,0,0,0,0,0,0,0,0,-21,-11,-27,-11,-25,-16,-30,-21,-28,-21,-25,-30,-19,-28,-19,-33,-16,-33,-20,-41,-15,-41,-6,-40,-11,-49,-18,-43,-10,-48,-6,-50,0,-63,-7,-55,3,-58,0,-71,-6,-68,13,-55,15,-53,10,-66,20,-62,24,-57,19,-55,21,-56,20,-57,23,-66,16,-60,33,-65,28,-65,32,-63,36,-59,39,-57,38,-54,36,-68,39,-61,36,-70,35,-71,39,-61,45,-72,32,-74,60,-78,49,-80,52,-67,55,-70,52,-70,55,-73,62,-88,61,-63,68,-75,73,-70,68,-80,87,-74,85,-87,0,0,0,0,0,0,-75,-83,-65,-81,-75,-106,-67,-94,-53,-92,-65,-108,-58,-103,-62,-108,-58,-92,-43,-120,-40,-109,-45,-100,-34,-97,-41,-95,-46,-105,-36,-96,-35,-102,-39,-96,-42,-91,-24,-90,-36,-97,-33,-92,-25,-106,-32,-97,-33,-101,-17,-92,-18,-92,-29,-108,-16,-95,-14,-102,-14,-100,-14,-101,-12,-105,-11,-114,-13,-97,3,-115,3,-115,9,-104,17,-102,18,-86,19,-91,16,-102,32,-82,30,-87,28,-89,35,-79,41,-77,38,-73,53,-69,42,-64,50,-56,53,-53,49,-40,49,-39,55,-45,54,-27,53,-24,0,0,0,0,0,0,0,0,0,0]"""
1782318879384,2026-06-25T01:34:39.354,warning,bed_exit,yja,bed_exit_failed,t057,"CSI_DATA,810451,1a:00:00:00:00:00,-64,11,-99,18,49,11,-347738216,47,2,256,0,""[0,0,0,0,0,0,0,0,0,0,0,0,19,17,21,24,22,23,22,26,22,30,18,32,21,30,10,41,16,44,15,39,12,43,10,39,9,48,10,54,7,59,14,53,13,49,4,52,0,59,11,62,2,57,0,75,-4,54,-5,63,-12,65,-5,59,-1,67,-10,65,2,62,0,70,1,63,-3,69,-9,67,-2,69,-14,75,0,72,-4,73,8,71,2,81,1,83,-2,84,19,71,18,78,17,87,15,81,3,80,8,82,3,96,14,99,12,107,17,100,27,104,21,106,16,104,25,110,17,114,8,107,0,0,0,0,0,0,123,-2,124,-21,118,-8,110,-8,116,-11,117,-1,117,-12,122,-16,115,-9,104,-2,110,-10,107,5,117,-22,109,-7,101,-7,103,-4,97,-18,103,-18,110,-11,98,-35,95,-30,104,-17,105,-24,99,-24,101,-10,109,-32,94,-18,98,-20,105,-23,94,-25,99,-25,105,-23,95,-43,98,-37,97,-29,107,-25,98,-19,99,-16,110,-9,94,-13,98,-10,90,-15,95,-11,91,-5,88,0,88,-21,81,-4,80,5,74,4,67,8,78,11,65,14,69,11,67,22,59,15,54,13,54,22,0,0,0,0,0,0,0,0,0,0]"""
1782318879395,2026-06-25T01:34:39.365,warning,bed_exit,yja,bed_exit_failed,t057,"CSI_DATA,810452,1a:00:00:00:00:00,-64,11,-99,16,49,11,-347723438,47,2,256,0,""[0,0,0,0,0,0,0,0,0,0,0,0,-20,-16,-24,-19,-27,-22,-24,-17,-29,-17,-24,-31,-29,-36,-27,-32,-24,-30,-29,-33,-28,-43,-26,-43,-23,-39,-24,-38,-25,-37,-34,-58,-29,-46,-31,-55,-20,-51,-29,-51,-24,-45,-24,-46,-23,-62,-23,-59,-20,-54,-20,-68,-23,-52,-27,-50,-22,-66,-24,-45,-42,-62,-31,-62,-46,-62,-37,-56,-37,-53,-29,-57,-38,-64,-47,-68,-40,-58,-42,-51,-40,-49,-55,-64,-54,-57,-63,-53,-64,-66,-82,-72,-69,-64,-77,-57,-67,-56,-79,-68,-79,-67,-73,-62,-78,-56,-99,-79,-94,-62,-80,-58,-94,-66,0,0,0,0,0,0,-59,87,-63,95,-58,98,-61,107,-59,100,-61,99,-67,109,-53,88,-46,104,-57,104,-53,111,-44,103,-44,89,-50,101,-47,106,-39,96,-33,101,-31,93,-20,86,-26,111,-25,95,-13,108,-18,111,-8,116,-5,111,-13,90,-13,110,-2,112,-12,105,-6,104,-8,98,2,89,-6,107,2,94,2,110,-3,108,3,112,-5,97,-7,99,-10,89,-12,99,-8,111,-14,89,-8,81,-9,76,-15,93,-13,78,-4,87,-17,81,-14,86,-15,75,-19,69,-16,62,-24,63,-20,64,-23,53,-16,46,0,0,0,0,0,0,0,0,0,0]"""
1782318879406,2026-06-25T01:34:39.376,warning,bed_exit,yja,bed_exit_failed,t057,"CSI_DATA,810453,1a:00:00:00:00:00,-64,11,-99,17,49,11,-347715208,47,2,256,0,""[0,0,0,0,0,0,0,0,0,0,0,0,16,-3,32,-3,33,-1,36,0,38,5,39,9,33,12,32,17,45,17,39,23,34,21,35,23,45,25,45,36,53,38,38,24,36,30,47,39,45,44,38,57,36,59,47,47,30,51,42,48,44,54,36,41,32,48,31,50,45,51,47,51,46,50,48,57,36,60,37,59,42,66,40,50,37,55,46,46,54,59,49,52,47,69,55,46,61,43,67,73,60,61,40,62,58,62,51,83,77,71,79,74,77,66,74,65,75,72,71,72,91,66,76,79,81,81,0,0,0,0,0,0,99,-79,95,-81,89,-78,88,-72,86,-63,90,-74,84,-75,90,-78,93,-73,87,-61,92,-66,91,-46,88,-75,91,-64,79,-69,85,-64,83,-68,77,-64,93,-71,63,-73,61,-77,80,-71,74,-71,73,-69,71,-57,80,-78,76,-66,70,-72,77,-78,66,-68,69,-63,83,-65,55,-80,64,-82,80,-75,80,-69,79,-56,78,-66,96,-54,83,-56,84,-53,70,-56,80,-54,70,-43,83,-36,67,-53,68,-45,80,-35,71,-30,66,-13,68,-18,70,-4,69,-17,69,-8,66,-15,63,-3,56,0,0,0,0,0,0,0,0,0,0,0]"""
1782318879417,2026-06-25T01:34:39.387,warning,bed_exit,yja,bed_exit_failed,t057,"CSI_DATA,810454,1a:00:00:00:00:00,-64,11,-99,18,49,11,-347705645,47,2,256,0,""[0,0,0,0,0,0,0,0,0,0,0,0,16,-13,28,-16,27,-8,39,-24,26,-14,44,-13,42,-12,41,-9,30,-1,40,-3,45,-4,43,0,45,5,49,2,58,11,41,2,58,10,44,12,78,26,59,38,54,30,53,26,45,26,63,31,60,34,53,26,47,31,59,38,48,35,61,41,48,28,73,59,55,52,59,39,55,50,46,42,46,32,66,32,65,42,54,41,69,51,50,30,79,47,62,48,89,70,60,52,66,53,60,58,61,62,72,58,95,69,79,53,81,66,75,68,90,75,92,91,84,88,0,0,0,0,0,0,91,-85,72,-54,116,-90,92,-62,66,-46,106,-79,73,-54,114,-76,74,-58,122,-69,101,-62,88,-51,84,-49,87,-47,94,-68,85,-71,88,-63,82,-52,100,-57,67,-42,96,-60,72,-44,112,-67,95,-56,87,-54,89,-49,68,-37,93,-66,87,-58,80,-59,80,-44,99,-43,73,-43,105,-45,85,-38,125,-51,102,-27,98,-30,101,-18,84,-13,80,-17,101,-30,91,-16,77,-12,95,-2,67,-8,97,-4,75,2,106,9,79,14,71,9,67,25,58,24,54,14,67,20,58,16,55,30,0,0,0,0,0,0,0,0,0,0]"""
1782318879428,2026-06-25T01:34:39.398,warning,bed_exit,yja,bed_exit_failed,t057,"CSI_DATA,810455,1a:00:00:00:00:00,-64,11,-99,16,49,11,-347687345,47,2,256,0,""[0,0,0,0,0,0,0,0,0,0,0,0,-21,17,-27,21,-28,19,-27,22,-31,17,-34,13,-32,14,-33,9,-43,12,-43,8,-46,8,-43,4,-49,9,-47,8,-57,6,-51,10,-56,10,-63,7,-61,9,-51,0,-65,-10,-58,15,-71,-10,-70,-2,-64,3,-54,0,-68,-2,-69,-3,-66,14,-69,11,-69,6,-64,13,-67,10,-67,11,-66,15,-64,19,-72,16,-64,16,-70,20,-69,24,-75,26,-72,32,-75,39,-86,38,-77,28,-73,39,-72,42,-89,42,-75,55,-87,56,-75,60,-80,57,-87,54,-91,63,-86,73,-98,66,-91,75,0,0,0,0,0,0,81,97,80,96,63,92,68,94,74,95,68,91,76,86,82,81,77,82,77,82,79,81,69,85,87,73,78,79,76,75,76,71,83,67,78,70,83,68,95,46,93,45,91,54,90,48,96,40,90,49,105,37,93,51,99,43,98,38,93,39,96,37,98,44,104,22,101,26,97,39,98,31,94,35,93,30,103,36,96,29,90,39,87,35,91,35,86,34,79,38,83,31,79,23,77,35,67,34,59,36,57,37,59,38,61,32,54,33,51,34,48,34,45,40,0,0,0,0,0,0,0,0,0,0]"""
1782318879439,2026-06-25T01:34:39.409,warning,bed_exit,yja,bed_exit_failed,t057,"CSI_DATA,810456,1a:00:00:00:00:00,-64,11,-99,19,49,11,-347683645,47,2,256,0,""[0,0,0,0,0,0,0,0,0,0,0,0,-24,20,-25,22,-29,19,-24,16,-35,20,-34,14,-32,17,-36,13,-40,22,-44,21,-43,1,-49,6,-43,8,-53,5,-57,9,-49,-3,-54,0,-63,-7,-49,5,-56,0,-61,-3,-65,7,-67,0,-52,-12,-62,-3,-62,-11,-70,-18,-66,-16,-68,0,-66,-8,-64,-19,-56,0,-63,4,-68,8,-70,14,-80,3,-76,5,-76,-8,-77,5,-78,-3,-77,4,-78,3,-87,2,-83,3,-79,7,-77,15,-85,28,-83,33,-102,32,-92,33,-91,12,-112,15,-110,15,-98,21,-109,15,-101,37,-106,32,0,0,0,0,0,0,21,125,17,127,22,104,19,115,27,124,6,110,19,110,17,119,11,120,21,104,27,94,38,103,41,111,42,108,12,98,28,103,35,94,24,104,28,101,32,103,31,101,22,108,42,85,51,82,47,84,64,92,52,89,32,90,47,90,47,94,42,108,46,102,41,94,43,94,38,104,46,81,51,78,57,81,57,85,51,93,44,90,19,93,35,91,20,93,25,84,23,84,14,84,15,80,19,70,15,69,19,68,14,66,20,73,6,65,-5,56,-4,62,-8,58,0,0,0,0,0,0,0,0,0,0]"""
1782318879450,2026-06-25T01:34:39.420,warning,bed_exit,yja,bed_exit_failed,t057,"CSI_DATA,810457,1a:00:00:00:00:00,-64,11,-99,17,49,11,-347672611,47,2,256,0,""[0,0,0,0,0,0,0,0,0,0,0,0,-18,-11,-28,-21,-19,-13,-28,-22,-22,-18,-27,-30,-24,-33,-13,-22,-27,-38,-16,-35,-13,-43,-14,-45,-23,-42,-15,-48,-16,-62,-13,-40,-18,-62,-11,-48,-11,-65,-17,-58,-8,-40,-14,-69,2,-57,-7,-62,-8,-71,0,-62,0,-61,3,-73,-12,-56,-13,-77,2,-60,-10,-77,-2,-65,-8,-64,-12,-72,-8,-67,-6,-66,-16,-71,-22,-70,-13,-68,-10,-89,-26,-67,-29,-83,-16,-76,-22,-103,-6,-64,-24,-83,-13,-96,-32,-86,-28,-93,-39,-95,-36,-92,-30,-108,-32,-99,-48,-95,-46,-114,-25,-112,0,0,0,0,0,0,-121,32,-105,15,-128,23,-109,19,-91,21,-124,21,-88,21,-125,34,-97,16,-122,22,-103,27,-111,11,-102,29,-95,20,-100,19,-102,36,-101,30,-92,29,-113,30,-66,41,-103,43,-87,22,-110,43,-99,36,-102,25,-92,49,-87,29,-91,39,-98,43,-89,44,-91,36,-109,34,-73,47,-97,53,-90,30,-113,51,-94,27,-90,43,-95,33,-94,29,-86,18,-92,22,-89,31,-81,21,-95,14,-75,19,-95,16,-71,1,-92,7,-67,0,-70,1,-71,-5,-65,-1,-58,-9,-63,-9,-58,-4,-58,-14,0,0,0,0,0,0,0,0,0,0]"""
1782318879461,2026-06-25T01:34:39.431,warning,bed_exit,yja,bed_exit_failed,t057,"CSI_DATA,810458,1a:00:00:00:00:00,-64,11,-99,16,49,11,-347661645,47,2,256,0,""[0,0,0,0,0,0,0,0,0,0,0,0,-107,-12,-21,-62,11,17,24,-80,-89,-25,4,-2,-68,60,8,-31,12,-57,6,34,-98,-25,-51,-53,-45,-26,-88,-31,-49,-82,4,-28,-75,-50,-17,5,-38,-60,-39,-56,-45,-36,-47,-45,-26,-37,-59,-48,-55,-46,-51,-46,-53,-34,-60,-45,-37,-26,-65,-43,-47,-25,-70,-59,-57,-43,-59,-42,-56,-35,-57,-30,-42,-25,-71,-22,-63,-37,-57,-28,-77,-32,-53,0,-92,-5,-75,-12,-124,-18,-87,-24,-93,-2,-96,-17,-80,-4,-87,-6,-114,7,-94,17,-113,4,-104,4,-111,25,-125,9,-108,7,0,0,0,0,0,0,12,125,9,87,25,127,21,109,14,69,35,121,23,86,42,127,26,82,40,127,43,113,33,97,38,90,25,82,56,100,53,93,53,91,48,79,64,100,56,56,82,86,56,67,85,105,65,81,71,72,63,67,59,58,89,68,87,64,76,57,69,51,92,69,67,32,101,51,76,42,120,80,78,66,81,55,76,70,69,48,64,48,97,44,76,49,60,32,77,55,64,25,95,42,54,32,85,65,51,45,61,46,42,53,48,43,40,39,50,39,46,35,45,46,0,0,0,0,0,0,0,0,0,0]"""
1782318879472,2026-06-25T01:34:39.442,warning,bed_exit,yja,bed_exit_failed,t057,"CSI_DATA,810459,1a:00:00:00:00:00,-64,11,-99,20,49,11,-347650590,47,2,256,0,""[0,0,0,0,0,0,0,0,0,0,0,0,20,-24,22,-22,24,-25,30,-22,26,-25,35,-18,32,-15,47,-18,36,-11,37,-16,46,-16,50,-7,49,-17,49,-11,49,-9,58,-2,60,0,53,0,61,2,55,8,61,11,57,6,65,9,70,14,57,4,63,19,62,16,65,14,63,22,70,17,65,15,73,21,70,17,60,17,70,15,69,21,67,21,79,25,77,25,68,14,78,12,71,27,81,24,78,6,89,21,101,16,89,19,96,17,87,22,95,18,103,28,91,32,110,32,105,36,104,37,118,33,105,31,0,0,0,0,0,0,37,-109,33,-105,38,-128,49,-108,42,-100,48,-112,43,-106,49,-114,46,-95,59,-112,60,-102,44,-103,58,-83,38,-92,48,-104,44,-94,41,-93,44,-90,40,-95,53,-86,48,-100,34,-89,50,-103,44,-94,32,-87,36,-81,37,-92,32,-105,39,-94,44,-94,42,-89,37,-93,53,-88,48,-94,34,-83,59,-93,45,-98,52,-85,52,-88,59,-68,56,-70,60,-76,68,-67,56,-66,56,-67,65,-53,72,-61,54,-51,68,-42,60,-51,61,-40,62,-32,58,-21,52,-31,61,-25,54,-16,48,-12,0,0,0,0,0,0,0,0,0,0]"""
1782318879483,2026-06-25T01:34:39.453,warning,bed_exit,yja,bed_exit_failed,t057,"CSI_DATA,810460,1a:00:00:00:00:00,-64,11,-99,17,49,11,-347639645,47,2,256,0,""[0,0,0,0,0,0,0,0,0,0,0,0,11,-21,11,-23,15,-25,23,-28,23,-30,30,-32,29,-32,30,-24,33,-26,33,-30,37,-30,35,-29,38,-32,45,-34,44,-30,44,-24,47,-27,50,-29,53,-34,64,-23,64,-28,44,-23,54,-25,62,-38,53,-38,49,-32,49,-31,53,-26,60,-30,60,-31,54,-28,66,-40,68,-38,68,-39,59,-38,57,-32,60,-37,57,-46,50,-59,53,-56,50,-50,51,-49,56,-56,52,-62,52,-70,64,-67,58,-69,58,-68,57,-69,55,-78,50,-96,49,-76,51,-83,60,-102,60,-97,60,-102,63,-96,0,0,0,0,0,0,-108,-54,-98,-50,-115,-55,-97,-61,-96,-51,-105,-51,-107,-53,-110,-54,-100,-41,-107,-52,-108,-50,-98,-41,-89,-45,-97,-33,-116,-26,-103,-13,-106,-20,-104,-13,-91,-13,-104,-22,-97,-18,-102,-12,-109,-11,-109,-11,-105,-3,-95,-12,-91,-5,-110,10,-101,11,-101,13,-94,7,-93,12,-102,4,-101,8,-101,9,-115,4,-113,0,-98,6,-100,1,-90,-5,-90,9,-98,15,-95,13,-82,9,-83,0,-81,-4,-83,-1,-82,-3,-80,-7,-78,-14,-67,-11,-61,-10,-61,-12,-63,-9,-67,-6,-54,-7,-53,-12,0,0,0,0,0,0,0,0,0,0]"""
1782318879494,2026-06-25T01:34:39.464,warning,bed_exit,yja,bed_exit_failed,t057,"CSI_DATA,810461,1a:00:00:00:00:00,-64,11,-99,17,49,11,-347628645,47,2,256,0,""[0,0,0,0,0,0,0,0,0,0,0,0,23,7,31,15,26,9,32,17,26,21,33,29,28,27,17,29,33,32,20,29,17,40,25,42,26,42,21,44,19,66,12,40,15,61,1,49,16,63,14,68,8,60,8,71,-2,53,0,59,0,64,-12,64,-7,64,-26,76,2,48,-8,73,-10,52,-6,71,-9,60,-11,66,-8,74,5,71,-5,73,-23,75,-15,73,-4,76,-33,76,4,74,-19,86,-15,86,-8,108,-11,69,3,108,-25,72,-27,96,-13,67,-17,97,-12,114,-47,112,-28,89,-42,117,-44,115,-53,102,0,0,0,0,0,0,115,66,89,58,116,78,82,77,79,51,100,88,73,51,103,79,77,68,99,79,92,68,75,69,97,61,71,49,72,75,86,66,85,59,73,69,90,85,64,50,83,75,65,71,90,63,78,65,71,66,87,63,61,63,68,68,77,68,75,64,66,74,72,98,62,52,76,83,47,81,78,94,55,83,71,74,55,81,50,82,40,71,39,86,47,80,31,76,27,95,22,65,22,86,7,73,13,89,6,68,5,72,1,67,0,72,-2,59,-8,56,-7,52,-14,55,0,0,0,0,0,0,0,0,0,0]"""
1782318879505,2026-06-25T01:34:39.475,warning,bed_exit,yja,bed_exit_failed,t057,"CSI_DATA,810462,1a:00:00:00:00:00,-64,11,-99,18,49,11,-347616712,47,2,256,0,""[0,0,0,0,0,0,0,0,0,0,0,0,26,-11,31,-12,26,-12,30,-7,32,-4,34,-13,39,-5,31,2,49,-3,38,11,45,4,52,9,53,11,52,7,62,17,42,7,55,4,48,9,58,14,62,18,61,17,69,23,51,24,58,23,64,22,60,21,61,26,70,30,59,14,66,18,69,18,69,20,65,19,71,14,75,25,65,14,59,13,66,0,74,14,72,13,81,18,71,-11,81,-12,87,6,99,0,78,4,88,-7,88,5,94,-2,102,-4,105,-14,103,-17,104,-21,95,-17,110,-27,118,-7,114,-11,0,0,0,0,0,0,-14,-126,-11,-117,-20,-120,-17,-116,-21,-104,-17,-123,-20,-104,-20,-122,-19,-105,-16,-111,-21,-112,-6,-96,-35,-109,-7,-104,-27,-98,-25,-104,-25,-95,-31,-98,-30,-112,-43,-75,-51,-86,-46,-92,-41,-97,-43,-99,-36,-88,-49,-99,-38,-88,-49,-80,-49,-91,-46,-82,-39,-83,-53,-105,-61,-65,-63,-75,-51,-86,-59,-99,-41,-88,-51,-82,-35,-96,-56,-83,-46,-77,-52,-78,-44,-75,-35,-72,-30,-83,-50,-67,-46,-71,-28,-82,-29,-80,-13,-59,-29,-72,-15,-67,-19,-63,-13,-70,-6,-55,-11,-59,-6,-55,0,0,0,0,0,0,0,0,0,0]"""
1782318879516,2026-06-25T01:34:39.486,warning,bed_exit,yja,bed_exit_failed,t057,"CSI_DATA,810463,1a:00:00:00:00:00,-64,11,-99,19,49,11,-347606477,47,2,256,0,""[0,0,0,0,0,0,0,0,0,0,0,0,-10,-29,-12,-26,-1,-35,-6,-36,-1,-36,-1,-37,0,-45,1,-42,2,-40,6,-46,5,-47,5,-50,14,-45,14,-40,20,-46,22,-57,16,-46,24,-53,33,-59,24,-60,30,-51,30,-47,35,-54,40,-59,34,-61,32,-53,32,-50,23,-48,46,-58,36,-57,34,-60,35,-61,48,-69,35,-61,36,-58,30,-54,35,-63,32,-77,41,-61,36,-66,25,-66,40,-71,31,-68,32,-82,37,-77,32,-94,27,-79,28,-83,32,-85,46,-102,42,-103,32,-77,19,-76,38,-118,32,-97,40,-96,42,-115,0,0,0,0,0,0,-111,-37,-109,-40,-111,-46,-109,-32,-100,-40,-102,-32,-119,-49,-105,-42,-115,-47,-108,-44,-116,-42,-107,-30,-83,-30,-111,-41,-104,-32,-95,-30,-103,-32,-95,-28,-88,-18,-103,-33,-89,-18,-101,-20,-104,-20,-109,-23,-108,-15,-86,-17,-97,-14,-108,-15,-99,-16,-102,-11,-94,-14,-84,-9,-106,-25,-95,-13,-102,-12,-102,-21,-113,-18,-97,-22,-95,-17,-82,-20,-96,-25,-95,-25,-88,-35,-82,-25,-69,-25,-79,-36,-72,-32,-76,-32,-70,-34,-76,-38,-59,-33,-56,-33,-47,-40,-48,-43,-49,-39,-35,-32,-37,-34,0,0,0,0,0,0,0,0,0,0]"""
1782318879527,2026-06-25T01:34:39.497,warning,bed_exit,yja,bed_exit_failed,t057,"CSI_DATA,810464,1a:00:00:00:00:00,-64,11,-99,18,49,11,-347595314,47,2,256,0,""[0,0,0,0,0,0,0,0,0,0,0,0,-25,-17,-22,-16,-28,-23,-23,-20,-26,-25,-15,-25,-26,-23,-30,-28,-26,-30,-31,-33,-16,-37,-24,-41,-27,-40,-18,-51,-23,-39,-19,-66,-15,-48,-1,-61,-3,-46,-23,-41,-22,-46,-9,-56,-24,-69,0,-54,-11,-58,-4,-64,4,-70,-8,-75,-4,-75,6,-54,-14,-68,-8,-49,-19,-60,-12,-64,-5,-50,-16,-79,-11,-84,-15,-51,-6,-77,-21,-92,-29,-84,-15,-75,0,-74,-18,-69,-25,-58,-17,-93,-30,-79,-57,-64,-24,-103,-36,-84,-30,-89,-13,-100,-21,-100,-12,-98,-13,-92,-17,-91,-30,-96,0,0,0,0,0,0,-106,27,-128,21,-90,19,-117,18,-128,24,-107,3,-123,13,-94,8,-125,9,-87,11,-88,19,-117,41,-107,34,-115,39,-96,1,-97,19,-99,29,-103,16,-91,20,-118,16,-88,19,-109,19,-75,23,-77,37,-88,45,-102,39,-106,49,-87,25,-100,32,-96,37,-109,28,-96,38,-113,21,-85,21,-94,25,-65,16,-89,39,-88,33,-88,46,-104,24,-98,21,-87,1,-94,7,-103,3,-93,12,-91,-9,-71,-12,-84,1,-45,0,-73,0,-64,-5,-68,9,-70,-6,-68,-8,-50,-24,-54,-19,-50,-21,0,0,0,0,0,0,0,0,0,0]"""
1782318879538,2026-06-25T01:34:39.508,warning,bed_exit,yja,bed_exit_failed,t057,"CSI_DATA,810465,1a:00:00:00:00:00,-64,11,-99,14,50,11,-347584645,47,2,256,0,""[0,0,0,0,0,0,0,0,0,0,0,0,-22,6,-36,6,-26,0,-36,0,-32,-1,-48,-3,-37,-14,-33,-8,-36,-11,-34,-19,-38,-22,-41,-20,-40,-25,-43,-25,-56,-31,-32,-18,-48,-34,-35,-30,-56,-53,-50,-47,-31,-33,-49,-48,-18,-35,-39,-57,-34,-58,-34,-52,-29,-50,-40,-66,-30,-38,-46,-59,-31,-44,-55,-78,-39,-61,-40,-53,-41,-59,-33,-55,-32,-46,-51,-55,-46,-53,-40,-48,-42,-66,-47,-34,-67,-60,-42,-61,-67,-91,-47,-72,-59,-67,-43,-78,-58,-62,-58,-69,-77,-85,-68,-69,-71,-92,-51,-79,-74,-88,-80,-105,-59,-89,0,0,0,0,0,0,-104,70,-69,51,-124,85,-94,54,-65,35,-112,65,-74,47,-117,76,-68,49,-127,58,-114,52,-95,35,-90,47,-80,32,-94,50,-92,51,-94,48,-83,48,-108,57,-59,39,-98,66,-62,48,-118,66,-96,54,-79,38,-83,49,-70,30,-92,60,-86,56,-86,42,-74,41,-104,46,-54,52,-92,59,-76,41,-128,66,-99,34,-88,39,-94,30,-80,22,-73,20,-92,33,-88,28,-70,21,-94,7,-57,19,-91,30,-73,5,-107,0,-67,-6,-73,0,-67,-18,-58,-5,-54,-5,-70,-17,-55,-10,-57,-17,0,0,0,0,0,0,0,0,0,0]"""
1782318879549,2026-06-25T01:34:39.519,warning,bed_exit,yja,bed_exit_failed,t057,"CSI_DATA,810466,1a:00:00:00:00:00,-64,11,-99,19,49,11,-347573332,47,2,256,0,""[0,0,0,0,0,0,0,0,0,0,0,0,30,10,23,10,37,18,29,16,35,23,29,23,31,19,37,18,29,27,45,34,33,34,31,28,33,35,35,41,31,34,39,57,29,38,32,54,30,46,43,44,52,50,35,47,46,52,30,56,34,49,32,52,31,57,34,40,48,74,39,46,44,59,37,48,55,49,53,50,55,48,58,46,56,56,48,54,60,51,72,52,62,33,66,63,60,50,75,43,53,32,87,40,77,32,84,25,92,35,101,42,92,48,80,46,82,35,113,42,100,45,83,32,121,31,0,0,0,0,0,0,28,-100,45,-125,25,-96,22,-117,42,-128,26,-94,36,-128,19,-89,29,-128,20,-94,12,-103,0,-112,11,-108,0,-118,13,-104,11,-94,0,-110,2,-107,-1,-89,-6,-120,-8,-87,-11,-109,-15,-82,-33,-97,-30,-105,-38,-93,-28,-107,-22,-104,-26,-97,-37,-104,-33,-97,-37,-72,-34,-114,-29,-88,-40,-93,-27,-77,-59,-95,-38,-90,-52,-87,-37,-83,-35,-92,-19,-90,-19,-92,-22,-93,-26,-74,-25,-86,-10,-70,-26,-77,-17,-51,-31,-76,-20,-63,-24,-68,-15,-63,-14,-70,-6,-61,0,-47,-1,-50,0,0,0,0,0,0,0,0,0,0]"""
1782318879560,2026-06-25T01:34:39.530,warning,bed_exit,yja,bed_exit_failed,t057,"CSI_DATA,810467,1a:00:00:00:00:00,-64,11,-99,19,49,11,-347562621,47,2,256,0,""[0,0,0,0,0,0,0,0,0,0,0,0,36,16,19,13,30,26,21,20,25,31,13,29,23,24,22,34,23,36,35,38,20,37,19,41,21,43,24,45,22,39,29,58,27,46,15,58,17,50,19,38,16,56,31,59,18,74,11,58,13,59,10,61,15,67,12,52,28,74,23,54,25,68,17,46,37,57,29,61,32,68,28,65,28,72,21,63,36,73,41,69,46,58,41,81,36,63,54,62,30,55,58,70,54,68,64,65,75,70,77,82,57,70,68,80,63,81,87,80,66,78,61,74,95,74,0,0,0,0,0,0,66,-79,102,-96,60,-65,76,-81,106,-108,64,-64,91,-104,59,-80,84,-94,58,-65,59,-79,76,-87,68,-94,69,-103,62,-80,64,-82,65,-91,60,-92,42,-77,59,-109,36,-77,47,-99,31,-73,25,-80,40,-102,28,-105,41,-111,43,-90,45,-94,33,-100,39,-100,29,-88,36,-112,23,-91,28,-102,26,-63,16,-97,28,-95,25,-94,30,-97,41,-96,37,-73,46,-82,38,-94,32,-75,35,-83,33,-64,25,-78,27,-44,34,-67,33,-55,32,-65,32,-60,43,-63,36,-41,39,-39,35,-38,0,0,0,0,0,0,0,0,0,0]"""
1782318879571,2026-06-25T01:34:39.541,warning,bed_exit,yja,bed_exit_failed,t057,"CSI_DATA,810468,1a:00:00:00:00:00,-64,11,-99,18,49,11,-347551621,47,2,256,0,""[0,0,0,0,0,0,0,0,0,0,0,0,15,12,27,27,17,15,24,30,15,21,23,45,19,42,15,38,11,45,5,32,8,55,9,51,2,48,-2,43,-6,53,-1,42,-7,61,-4,55,-18,72,-29,61,-26,58,-24,55,-24,45,-25,57,-29,54,-35,53,-31,54,-41,57,-19,41,-33,57,-28,48,-56,71,-49,53,-41,48,-43,49,-44,44,-40,43,-44,69,-40,55,-36,43,-50,58,-32,55,-46,81,-48,61,-88,87,-65,59,-55,71,-71,57,-59,59,-57,53,-71,85,-63,82,-82,75,-81,70,-71,73,-91,76,-90,58,0,0,0,0,0,0,68,107,37,78,72,127,60,111,30,81,54,116,37,85,51,124,47,77,52,127,41,116,28,102,30,101,15,81,41,107,30,100,27,96,27,88,29,109,21,73,36,103,25,80,27,125,24,108,21,86,18,94,15,78,29,103,20,95,22,94,10,89,12,111,15,76,19,111,5,93,1,127,-15,101,-9,93,-24,93,-18,84,-7,76,-10,98,-13,92,-21,73,-29,78,-19,63,-28,88,-31,67,-56,87,-47,56,-42,59,-49,44,-40,39,-41,31,-46,45,-37,30,-40,29,0,0,0,0,0,0,0,0,0,0]"""
1782318879582,2026-06-25T01:34:39.552,warning,bed_exit,yja,bed_exit_failed,t057,"CSI_DATA,810469,1a:00:00:00:00:00,-64,11,-99,14,50,11,-347540645,47,2,256,0,""[0,0,0,0,0,0,0,0,0,0,0,0,18,18,18,27,19,22,23,30,17,32,21,30,19,35,14,33,22,39,13,41,9,43,16,46,15,52,9,56,5,67,7,46,6,56,0,50,0,57,7,69,9,61,0,73,-2,49,-6,57,-1,66,-1,59,-15,61,-14,78,2,58,-9,71,-17,61,-1,77,-5,67,3,73,3,73,6,76,0,66,-5,65,13,74,2,82,-5,88,11,69,7,84,0,87,16,91,7,71,24,86,20,88,21,107,23,90,20,101,26,104,17,115,19,88,11,107,35,122,13,113,0,0,0,0,0,0,127,-20,120,-6,125,-10,113,0,103,-14,121,0,101,-5,122,-1,109,3,108,-16,99,-18,101,-11,112,-25,99,-10,99,-9,100,-26,94,-30,104,-18,119,-21,88,-24,98,-28,98,-13,98,-35,91,-33,95,-25,99,-47,85,-29,94,-27,99,-40,83,-42,96,-31,112,-31,84,-30,99,-37,93,-20,98,-42,84,-25,89,-41,96,-28,91,-26,84,-29,81,-14,90,-28,90,-21,98,-8,68,-13,84,-9,74,4,78,-6,64,0,65,-7,60,3,69,2,58,5,60,9,54,8,55,10,0,0,0,0,0,0,0,0,0,0]"""
1782318879593,2026-06-25T01:34:39.563,warning,bed_exit,yja,bed_exit_failed,t057,"CSI_DATA,810470,1a:00:00:00:00:00,-64,11,-99,19,49,11,-347528891,47,2,256,0,""[0,0,0,0,0,0,0,0,0,0,0,0,6,29,-3,31,1,32,3,30,-7,34,0,35,4,40,0,41,5,41,-3,44,-14,46,-5,44,-5,44,-11,51,-16,46,-15,58,-15,53,-23,63,-13,50,5,47,3,51,0,66,-4,67,-23,57,-11,61,-14,65,-13,69,-12,66,-9,68,-7,61,-10,77,2,57,10,63,15,65,22,61,26,70,18,77,4,74,22,68,21,80,23,69,34,83,24,72,31,77,39,59,53,71,64,63,67,61,70,71,74,75,47,75,65,89,74,78,85,77,64,80,78,67,86,69,0,0,0,0,0,0,78,-87,88,-92,55,-69,76,-94,77,-106,79,-81,70,-98,58,-82,63,-92,41,-86,32,-99,28,-106,27,-111,21,-112,47,-97,28,-100,17,-101,25,-99,20,-95,13,-108,10,-92,13,-104,-11,-85,-18,-90,-22,-95,-28,-104,-27,-108,0,-97,-19,-101,-28,-101,-18,-107,-28,-97,-34,-105,-25,-90,-26,-104,-32,-77,-46,-85,-49,-83,-50,-74,-46,-91,-46,-87,-24,-83,-35,-83,-25,-89,-32,-80,-34,-84,-20,-70,-21,-74,-29,-57,-29,-62,-36,-59,-39,-59,-34,-58,-29,-55,-15,-59,-15,-54,-10,-50,0,0,0,0,0,0,0,0,0,0]"""
1782318879604,2026-06-25T01:34:39.574,warning,bed_exit,yja,bed_exit_failed,t057,"CSI_DATA,810471,1a:00:00:00:00:00,-64,11,-99,17,49,11,-347518645,47,2,256,0,""[0,0,0,0,0,0,0,0,0,0,0,0,-19,20,-28,16,-19,16,-22,13,-25,13,-33,15,-42,10,-38,6,-43,16,-42,5,-47,10,-50,7,-39,14,-48,11,-58,7,-50,12,-52,14,-54,21,-46,14,-61,6,-61,3,-58,7,-65,3,-59,13,-64,11,-61,10,-65,15,-72,8,-60,24,-58,25,-67,20,-59,21,-63,17,-63,21,-61,14,-70,25,-70,25,-65,31,-60,35,-60,34,-66,41,-55,57,-55,56,-67,57,-72,60,-62,45,-69,55,-80,60,-63,72,-72,71,-60,80,-62,82,-64,82,-69,86,-47,95,-59,85,-61,90,0,0,0,0,0,0,105,66,97,68,102,60,101,62,95,61,104,58,97,44,103,43,105,43,98,53,94,46,88,53,107,42,90,45,99,32,108,30,97,26,93,26,100,25,99,0,96,3,104,6,99,5,94,5,91,9,104,-4,105,5,94,-7,99,-7,95,-5,95,-6,105,-5,88,-31,95,-34,104,-23,99,-18,94,-8,92,-16,102,-8,89,-17,99,-9,91,-22,84,-19,79,-20,82,-10,79,-25,74,-19,77,-7,74,-6,63,1,68,-3,66,8,68,-4,65,2,59,-2,52,3,49,1,0,0,0,0,0,0,0,0,0,0]"""
1782318879615,2026-06-25T01:34:39.585,warning,bed_exit,yja,bed_exit_failed,t057,"CSI_DATA,810472,1a:00:00:00:00:00,-64,11,-99,19,49,11,-347507645,47,2,256,0,""[0,0,0,0,0,0,0,0,0,0,0,0,59,-36,-29,2,16,-13,18,69,72,-38,-21,-6,0,-98,10,40,68,18,-21,47,44,-37,82,14,57,21,38,-31,108,-34,59,-3,43,-27,63,16,65,-14,73,-7,46,0,46,-18,76,-6,62,-3,63,-7,62,-14,52,-5,69,-8,54,-15,63,-18,63,-5,77,-10,63,-13,66,-16,63,-14,70,-30,65,-24,68,-32,71,-18,67,-21,78,-31,55,-45,66,-52,78,-42,84,-56,67,-41,70,-60,77,-54,72,-56,69,-60,77,-67,77,-71,77,-72,77,-74,77,-79,85,-81,87,-70,0,0,0,0,0,0,-88,-80,-79,-77,-94,-87,-90,-77,-73,-68,-94,-74,-78,-62,-96,-73,-76,-61,-94,-77,-94,-64,-83,-63,-102,-51,-72,-58,-89,-62,-94,-59,-81,-54,-79,-56,-91,-59,-86,-26,-103,-32,-92,-32,-98,-42,-90,-25,-83,-25,-104,-30,-85,-24,-88,-20,-93,-24,-90,-15,-88,-26,-101,-28,-91,3,-98,-3,-103,-11,-122,-14,-90,-19,-94,-3,-96,-27,-94,-4,-88,-19,-93,-12,-83,-16,-71,-14,-85,-19,-75,0,-87,-4,-73,-22,-85,-26,-58,-16,-74,-16,-60,-25,-59,-15,-53,-29,-50,-22,-50,-26,-53,-27,0,0,0,0,0,0,0,0,0,0]"""
1782318879626,2026-06-25T01:34:39.596,warning,bed_exit,yja,bed_exit_failed,t057,"CSI_DATA,810473,1a:00:00:00:00:00,-65,11,-99,14,50,11,-347496274,47,2,256,0,""[0,0,0,0,0,0,0,0,0,0,0,0,22,-15,20,-7,37,-19,30,-11,33,-21,28,-9,37,-15,45,-14,33,-4,50,-13,46,-7,36,-8,42,0,49,0,43,-8,61,2,51,0,59,0,59,6,62,-6,63,-9,64,3,66,5,72,2,59,5,62,6,57,6,53,-6,71,5,64,1,67,-2,68,0,77,-8,73,-1,69,-9,60,-5,75,0,77,-5,82,-9,76,-21,64,-24,88,-14,73,-17,81,-41,67,-15,85,-44,82,-30,80,-41,89,-33,93,-36,99,-42,90,-34,77,-38,111,-51,101,-50,93,-39,111,-65,0,0,0,0,0,0,-59,-91,-66,-102,-59,-98,-63,-97,-60,-103,-56,-85,-66,-111,-56,-92,-72,-103,-59,-93,-68,-92,-70,-88,-54,-74,-79,-88,-73,-80,-54,-80,-66,-77,-73,-73,-61,-53,-79,-77,-64,-60,-80,-63,-76,-63,-87,-63,-90,-56,-75,-57,-88,-53,-96,-60,-87,-57,-83,-58,-77,-44,-72,-25,-99,-58,-79,-42,-87,-42,-75,-47,-102,-43,-90,-54,-91,-40,-74,-44,-81,-47,-79,-52,-73,-54,-72,-46,-63,-32,-66,-55,-55,-44,-70,-42,-52,-39,-68,-44,-51,-45,-53,-37,-41,-42,-51,-42,-41,-47,-28,-41,-29,-35,0,0,0,0,0,0,0,0,0,0]"""
1782318879637,2026-06-25T01:34:39.607,warning,bed_exit,yja,bed_exit_failed,t057,"CSI_DATA,810474,1a:00:00:00:00:00,-64,11,-99,18,49,11,-347482388,47,2,256,0,""[0,0,0,0,0,0,0,0,0,0,0,0,-21,-13,-28,-27,-13,-17,-22,-28,-17,-21,-25,-37,-20,-41,-23,-32,-24,-32,-16,-30,-28,-44,-26,-41,-24,-39,-20,-38,-24,-51,-22,-36,-30,-58,-25,-40,-29,-69,-10,-66,-8,-62,-16,-48,-21,-49,-28,-65,-26,-59,-30,-55,-30,-60,-30,-59,-19,-47,-45,-58,-31,-37,-37,-73,-50,-65,-42,-63,-29,-55,-43,-59,-53,-47,-61,-56,-50,-52,-55,-26,-57,-53,-48,-33,-79,-48,-59,-40,-91,-60,-94,-63,-77,-41,-77,-47,-60,-60,-71,-54,-95,-40,-85,-31,-117,-28,-84,-46,-102,-46,-102,-41,-101,-33,0,0,0,0,0,0,-34,125,-29,74,-31,127,-31,102,-17,72,-22,127,-20,92,-23,127,-12,84,-17,127,-18,112,-7,102,-2,92,-4,86,12,113,13,105,14,104,13,84,9,109,14,75,29,114,25,77,32,121,27,105,30,92,26,83,31,69,50,95,48,88,52,82,39,76,46,102,38,64,59,93,50,72,73,117,43,94,49,80,42,88,39,73,44,68,60,81,44,74,37,58,42,76,33,52,55,74,35,56,46,88,22,63,34,61,21,62,22,48,23,51,25,56,27,49,21,52,0,0,0,0,0,0,0,0,0,0]"""
1782318879648,2026-06-25T01:34:39.618,warning,bed_exit,yja,bed_exit_failed,t057,"CSI_DATA,810475,1a:00:00:00:00:00,-65,11,-99,18,49,11,-347474645,47,2,256,0,""[0,0,0,0,0,0,0,0,0,0,0,0,21,-17,22,-21,23,-24,25,-22,26,-24,33,-23,41,-26,33,-14,40,-16,33,-13,44,-30,45,-28,37,-29,36,-26,47,-26,40,-30,49,-25,53,-28,55,-26,59,-30,39,-21,54,-30,54,-22,50,-33,51,-35,53,-31,40,-26,61,-30,31,-39,36,-32,52,-44,55,-52,70,-43,51,-52,54,-40,43,-32,45,-39,43,-64,36,-62,29,-37,41,-62,20,-72,18,-79,27,-76,38,-108,59,-51,28,-84,36,-86,27,-102,0,-95,-14,-101,9,-89,-4,-102,4,-113,-15,-107,-20,-112,-1,-115,0,0,0,0,0,0,-117,11,-102,0,-128,24,-120,0,-90,17,-121,27,-99,30,-117,38,-90,35,-119,32,-115,30,-103,20,-102,34,-91,34,-97,64,-89,62,-77,61,-70,55,-87,54,-59,61,-71,76,-65,71,-76,81,-74,74,-73,66,-63,73,-59,71,-44,96,-45,84,-40,85,-38,85,-59,83,-27,82,-29,95,-39,95,-42,117,-56,81,-35,85,-56,88,-39,73,-33,85,-17,100,-16,83,-11,68,-28,65,-15,78,-15,81,-23,72,-33,85,-30,59,-29,65,-35,52,-25,56,-21,52,-15,59,-11,51,-27,47,0,0,0,0,0,0,0,0,0,0]"""
1782318879659,2026-06-25T01:34:39.629,warning,bed_exit,yja,bed_exit_failed,t057,"CSI_DATA,810476,1a:00:00:00:00:00,-65,11,-99,15,50,11,-347462829,47,2,256,0,""[0,0,0,0,0,0,0,0,0,0,0,0,-17,21,-18,16,-26,22,-24,21,-29,27,-32,17,-34,15,-36,13,-31,14,-39,24,-44,19,-41,12,-44,15,-43,12,-40,13,-57,4,-54,4,-59,12,-63,4,-61,1,-69,1,-49,4,-67,-1,-71,5,-60,6,-61,-3,-63,-5,-55,-4,-72,-9,-64,2,-68,-1,-71,2,-79,3,-71,1,-59,6,-63,3,-75,-4,-84,-2,-72,3,-72,4,-71,18,-82,6,-79,12,-84,23,-84,8,-102,20,-85,14,-82,17,-84,22,-92,18,-107,29,-88,15,-92,18,-119,23,-103,17,-105,23,-103,19,0,0,0,0,0,0,27,101,27,110,24,117,22,115,18,111,23,104,19,118,18,103,25,111,17,122,24,111,28,106,13,95,29,107,30,109,26,95,34,97,29,91,34,75,31,99,29,90,39,97,39,100,39,99,46,93,36,80,38,91,50,94,39,89,43,89,37,83,37,75,43,95,34,88,42,91,35,98,48,101,34,92,40,93,25,81,25,91,25,98,20,84,23,73,22,71,14,82,9,74,16,76,3,72,7,81,2,66,4,67,0,52,5,62,-4,58,-7,49,-8,42,0,0,0,0,0,0,0,0,0,0]"""
1782318879670,2026-06-25T01:34:39.640,warning,bed_exit,yja,bed_exit_failed,t057,"CSI_DATA,810477,1a:00:00:00:00:00,-65,11,-99,18,49,11,-347452645,47,2,256,0,""[0,0,0,0,0,0,0,0,0,0,0,0,24,30,15,25,16,35,6,30,7,41,11,30,18,34,9,37,16,43,4,47,0,42,6,42,3,49,-5,55,-12,51,-7,59,-4,50,-18,52,-18,48,-5,47,-16,49,-13,64,-15,64,-25,53,-32,61,-21,61,-32,57,-28,58,-38,67,-39,56,-35,56,-27,53,-24,58,-25,66,-23,62,-21,71,-21,73,-35,56,-23,69,-37,79,-33,68,-38,77,-35,68,-43,77,-11,63,-20,87,-23,85,-11,87,-34,97,-29,94,-40,83,-34,95,-36,96,-30,103,-54,89,-41,91,-41,97,0,0,0,0,0,0,94,60,103,72,78,54,98,59,109,56,87,68,101,65,87,59,91,83,87,47,86,47,95,50,102,46,106,46,78,57,87,47,88,50,86,60,80,56,96,55,80,42,88,57,78,30,80,33,88,38,99,40,103,33,80,58,90,42,88,33,84,50,83,41,92,64,75,53,84,59,68,32,84,42,88,45,86,38,88,56,80,45,58,59,72,56,63,66,58,62,57,60,39,57,42,62,38,39,46,49,44,53,49,46,39,54,35,58,14,53,16,52,21,50,0,0,0,0,0,0,0,0,0,0]"""
1782318879681,2026-06-25T01:34:39.651,warning,bed_exit,yja,bed_exit_failed,t057,"CSI_DATA,810478,1a:00:00:00:00:00,-65,11,-99,20,49,11,-347439968,47,2,256,0,""[0,0,0,0,0,0,0,0,0,0,0,0,24,9,27,10,24,18,23,22,24,20,27,23,31,27,27,31,24,25,22,40,30,34,33,34,29,42,27,41,25,43,21,48,28,49,25,43,18,57,23,62,31,56,9,63,12,57,22,61,10,58,16,52,20,47,13,56,2,66,7,72,13,69,14,71,-5,83,9,83,9,69,14,73,15,78,22,79,7,85,33,51,22,70,14,74,11,70,29,76,30,88,35,73,36,61,24,96,35,68,43,90,42,97,53,79,29,100,26,103,20,98,41,99,31,119,0,0,0,0,0,0,107,-28,116,-20,116,-23,110,-28,104,-32,106,-23,124,-17,108,-19,108,-23,113,-20,120,-21,100,-22,92,-18,107,-21,105,-32,95,-25,105,-31,87,-29,83,-24,101,-23,99,-26,91,-34,102,-26,107,-26,99,-31,86,-25,86,-36,98,-42,94,-34,86,-41,83,-34,79,-35,97,-27,92,-31,94,-31,101,-20,105,-22,98,-25,92,-18,83,-11,90,-12,95,-20,83,-10,77,-8,75,-11,82,-4,72,3,78,-2,78,8,73,8,66,1,65,13,53,13,59,12,58,17,49,13,50,12,0,0,0,0,0,0,0,0,0,0]"""
1782318879692,2026-06-25T01:34:39.662,warning,bed_exit,yja,bed_exit_failed,t057,"CSI_DATA,810479,1a:00:00:00:00:00,-65,11,-99,16,50,11,-347428644,47,2,256,0,""[0,0,0,0,0,0,0,0,0,0,0,0,20,22,22,14,19,25,15,22,21,29,20,29,22,32,21,39,14,34,17,41,20,45,14,47,10,48,5,46,10,43,1,61,9,53,3,55,-14,51,0,54,4,56,-13,53,-3,71,-9,62,-20,52,-14,61,-17,63,-5,53,-21,70,-16,53,-10,65,-19,58,-14,72,-19,65,-15,69,-8,60,-15,72,-13,72,-20,67,-9,70,-8,61,-20,85,-16,72,-5,78,-9,71,0,99,-10,90,2,94,-19,83,-17,93,-20,94,-24,86,-9,90,-10,120,-22,105,-23,91,-21,114,0,0,0,0,0,0,94,21,116,20,104,26,120,14,126,26,99,18,124,37,96,23,114,29,102,35,101,31,111,25,86,32,113,26,105,23,87,26,96,26,92,27,82,11,116,30,90,18,102,17,88,23,102,19,101,15,83,20,105,16,98,20,88,24,95,18,96,18,79,5,110,32,83,30,94,12,74,24,105,20,93,32,91,31,75,26,91,38,83,38,75,50,73,43,68,31,72,46,58,44,63,36,48,35,68,42,45,44,47,39,37,43,46,45,33,45,29,44,26,42,0,0,0,0,0,0,0,0,0,0]"""
1782318879703,2026-06-25T01:34:39.673,warning,bed_exit,yja,bed_exit_failed,t057,"CSI_DATA,810480,1a:00:00:00:00:00,-65,11,-99,19,49,11,-347418185,47,2,256,0,""[0,0,0,0,0,0,0,0,0,0,0,0,-2,20,-9,28,-8,26,-15,31,-15,32,-18,35,-27,34,-26,34,-29,32,-28,27,-32,38,-32,30,-34,30,-33,30,-41,29,-46,21,-53,29,-44,22,-56,21,-63,18,-52,26,-57,4,-59,15,-60,21,-60,10,-62,15,-65,13,-62,10,-59,10,-68,6,-68,15,-74,9,-71,0,-65,6,-65,4,-66,0,-64,11,-78,12,-66,17,-67,15,-66,4,-81,7,-85,5,-74,10,-96,4,-94,6,-92,6,-87,0,-83,0,-88,11,-108,10,-94,10,-98,11,-109,0,-105,11,-105,3,-109,0,0,0,0,0,0,0,-13,110,-4,105,-15,124,-32,115,-11,97,-20,118,-15,104,-22,114,-16,107,-27,120,-33,118,-27,105,-32,95,-17,96,-15,112,-6,107,-9,97,-12,94,-15,94,-30,94,-21,102,-10,96,-15,104,-32,103,-20,94,-27,80,-16,86,-13,102,-7,97,-11,99,-20,93,-26,92,-27,88,-28,96,-29,91,-35,108,-49,93,-43,82,-43,80,-44,74,-42,74,-37,94,-39,77,-40,66,-46,64,-46,63,-57,58,-46,51,-61,55,-63,46,-51,46,-47,35,-53,26,-42,36,-52,34,-45,27,-43,24,0,0,0,0,0,0,0,0,0,0]"""
1782318879714,2026-06-25T01:34:39.684,warning,bed_exit,yja,bed_exit_failed,t057,"CSI_DATA,810481,1a:00:00:00:00:00,-65,11,-99,21,49,11,-347408645,47,2,256,0,""[0,0,0,0,0,0,0,0,0,0,0,0,-7,-31,-4,-23,1,-37,0,-22,3,-39,2,-31,1,-34,8,-46,7,-35,10,-45,22,-39,17,-41,30,-39,20,-43,21,-34,31,-57,22,-41,29,-52,24,-34,31,-54,29,-63,42,-49,41,-57,38,-39,41,-38,47,-43,48,-47,38,-54,56,-64,38,-40,41,-63,46,-23,31,-49,41,-59,25,-68,31,-70,55,-64,68,-45,44,-61,46,-69,12,-56,38,-76,34,-62,32,-64,32,-68,30,-83,37,-86,28,-113,43,-83,47,-94,57,-47,48,-86,33,-84,54,-128,53,-92,42,-78,47,-100,0,0,0,0,0,0,-94,-46,-117,-58,-70,-46,-111,-48,-126,-57,-83,-38,-126,-55,-77,-30,-112,-54,-86,-36,-95,-33,-107,-39,-101,-28,-110,-45,-94,-45,-87,-46,-93,-42,-92,-38,-79,-23,-113,-31,-82,-19,-108,-30,-76,-18,-84,-13,-100,-23,-101,-9,-113,-17,-90,-22,-87,-26,-104,-23,-102,-19,-78,-4,-115,-23,-78,-20,-95,-16,-72,-17,-97,-10,-90,-25,-90,-11,-92,-24,-97,-27,-77,-33,-73,-40,-80,-34,-68,-20,-86,-32,-61,-30,-70,-22,-46,-15,-69,-25,-58,-28,-54,-26,-54,-31,-58,-38,-33,-33,-34,-36,-33,-35,0,0,0,0,0,0,0,0,0,0]"""
1782318879725,2026-06-25T01:34:39.695,warning,bed_exit,yja,bed_exit_failed,t057,"CSI_DATA,810482,1a:00:00:00:00:00,-65,11,-99,19,49,11,-347397385,47,2,256,0,""[0,0,0,0,0,0,0,0,0,0,0,0,15,-28,15,-22,17,-23,24,-28,28,-26,23,-22,22,-23,31,-21,34,-25,32,-30,35,-13,43,-17,41,-19,49,-23,47,-20,52,-14,53,-16,64,-7,53,-8,49,-22,45,-15,64,-23,58,-14,60,0,67,-5,65,0,71,2,64,0,69,-6,63,-6,65,0,57,-5,62,-15,64,-22,67,-26,77,-20,71,-17,65,3,73,-14,78,-7,82,-19,78,-11,76,-10,84,-15,62,-10,79,-18,75,-30,80,-36,97,-44,94,-35,90,-15,101,-22,98,-22,94,-30,108,-18,106,-37,105,-36,0,0,0,0,0,0,-24,-111,-25,-124,-24,-87,-26,-110,-17,-111,-7,-98,-22,-108,-18,-108,-17,-122,-20,-91,-37,-86,-36,-89,-45,-104,-41,-105,-14,-91,-28,-100,-32,-95,-26,-103,-27,-99,-32,-95,-32,-96,-33,-105,-28,-81,-48,-74,-48,-83,-60,-84,-45,-91,-26,-94,-33,-99,-38,-77,-34,-98,-39,-88,-45,-96,-35,-87,-33,-94,-37,-81,-45,-72,-41,-80,-46,-77,-44,-91,-29,-90,-9,-81,-23,-87,-14,-94,-19,-88,-17,-75,-5,-76,-4,-79,-9,-60,-16,-61,-12,-58,-10,-63,-9,-71,-3,-60,9,-54,11,-55,14,-47,0,0,0,0,0,0,0,0,0,0]"""
1782318879736,2026-06-25T01:34:39.706,warning,bed_exit,yja,bed_exit_failed,t057,"CSI_DATA,810483,1a:00:00:00:00:00,-65,11,-99,20,49,11,-347384535,47,2,256,0,""[0,0,0,0,0,0,0,0,0,0,0,0,31,-5,30,3,36,0,32,0,41,5,31,11,28,14,36,12,43,9,47,25,32,31,35,27,39,30,42,27,31,31,38,54,34,47,28,48,20,36,37,42,40,54,24,55,26,65,19,51,15,56,13,64,12,72,10,57,8,76,6,61,7,68,4,50,19,57,10,64,17,70,10,77,5,78,-4,67,0,77,3,84,10,73,-6,91,-4,81,15,72,-2,61,15,94,-5,85,19,94,-5,102,2,96,-9,77,-22,101,-20,96,-13,106,-22,100,-24,94,-15,110,0,0,0,0,0,0,108,25,125,42,89,30,103,31,123,54,86,45,115,54,93,42,97,55,84,48,85,36,100,53,89,52,104,54,79,54,79,65,82,57,86,63,72,52,93,67,77,46,88,60,71,50,66,44,85,52,85,52,95,72,72,61,69,62,74,72,72,72,70,58,70,83,62,72,70,67,46,58,69,60,57,73,61,68,52,83,48,86,25,78,31,81,31,84,33,73,15,87,1,70,22,71,4,49,11,72,3,58,11,69,0,61,0,59,-18,45,-22,54,-20,49,0,0,0,0,0,0,0,0,0,0]"""
1782318879747,2026-06-25T01:34:39.717,warning,bed_exit,yja,bed_exit_failed,t057,"CSI_DATA,810484,1a:00:00:00:00:00,-65,11,-99,15,50,11,-347375645,47,2,256,0,""[0,0,0,0,0,0,0,0,0,0,0,0,15,25,8,32,14,31,10,32,5,35,4,36,10,38,1,39,3,45,4,43,-8,42,-6,45,-1,53,-13,49,-20,56,-15,48,-25,51,-32,49,-26,55,-17,51,-22,40,-24,64,-35,50,-46,40,-42,55,-32,46,-50,45,-49,48,-37,49,-45,45,-49,38,-39,54,-35,52,-37,59,-38,54,-42,60,-45,53,-54,49,-39,63,-46,56,-52,60,-47,55,-54,59,-58,68,-50,61,-48,55,-41,70,-42,71,-48,90,-49,86,-59,73,-68,80,-73,78,-58,81,-77,72,-67,89,-78,86,0,0,0,0,0,0,79,93,75,93,76,84,58,93,77,83,56,94,58,87,69,94,53,94,64,72,63,77,56,77,87,75,74,79,49,86,63,86,73,76,57,85,63,83,55,71,60,77,50,86,68,74,70,63,65,67,77,74,70,70,56,76,63,69,63,74,55,80,55,88,58,69,56,74,46,83,59,77,52,76,64,77,53,69,54,84,43,77,32,80,46,75,32,78,21,83,22,68,16,73,12,77,14,71,12,58,13,65,14,60,13,63,2,63,0,52,-6,50,-13,44,0,0,0,0,0,0,0,0,0,0]"""
1782318879758,2026-06-25T01:34:39.728,warning,bed_exit,yja,bed_exit_failed,t057,"CSI_DATA,810485,1a:00:00:00:00:00,-65,11,-99,16,50,11,-347361692,47,2,256,0,""[0,0,0,0,0,0,0,0,0,0,0,0,24,-9,20,-5,39,-5,30,-7,43,0,31,0,34,-3,43,8,41,0,51,11,43,10,42,10,43,17,47,13,38,7,60,26,38,20,53,29,46,33,47,24,51,30,51,25,46,42,54,40,48,42,49,38,48,40,34,29,61,54,46,38,50,46,42,30,69,37,59,38,60,40,54,34,56,49,48,44,68,42,68,43,62,28,67,52,53,41,72,31,42,36,87,31,72,40,81,29,91,41,91,44,76,52,71,49,74,43,102,61,83,56,81,44,100,45,0,0,0,0,0,0,42,-98,62,-107,49,-86,45,-99,72,-114,51,-76,73,-114,45,-78,69,-108,49,-80,49,-89,47,-94,47,-84,52,-103,52,-83,50,-73,48,-94,54,-88,38,-80,45,-97,33,-74,43,-93,31,-77,30,-93,32,-101,27,-86,37,-98,42,-91,37,-87,36,-90,38,-91,22,-73,46,-110,35,-74,34,-92,31,-72,30,-95,39,-93,27,-90,27,-75,47,-84,49,-70,49,-71,54,-72,35,-64,53,-71,43,-47,44,-61,30,-38,42,-65,41,-42,34,-55,41,-40,50,-42,47,-26,46,-24,38,-23,0,0,0,0,0,0,0,0,0,0]"""
1782318879769,2026-06-25T01:34:39.739,warning,bed_exit,yja,bed_exit_failed,t057,"CSI_DATA,810486,1a:00:00:00:00:00,-65,11,-99,19,49,11,-347353458,47,2,256,0,""[0,0,0,0,0,0,0,0,0,0,0,0,-16,-27,-12,-25,-11,-34,-7,-32,-7,-38,-8,-37,-15,-39,-11,-47,-1,-39,-3,-46,-4,-46,-2,-43,1,-42,2,-46,2,-40,6,-58,0,-53,7,-63,16,-57,21,-56,20,-63,7,-42,10,-65,21,-63,18,-58,15,-60,19,-60,9,-52,22,-70,19,-58,12,-66,17,-64,14,-67,16,-67,5,-63,4,-64,7,-76,6,-76,13,-67,9,-70,4,-70,1,-84,0,-71,-6,-78,-1,-87,-20,-98,-7,-92,-13,-94,-4,-79,-3,-94,0,-98,-7,-90,-19,-84,-23,-117,-9,-103,-11,-94,-22,-110,0,0,0,0,0,0,-102,16,-114,25,-108,18,-107,30,-108,25,-97,27,-121,25,-94,18,-119,32,-108,28,-101,31,-103,42,-86,32,-103,39,-100,38,-87,33,-94,34,-94,30,-70,39,-101,41,-80,45,-88,57,-82,46,-93,53,-80,63,-68,38,-77,62,-86,57,-77,55,-78,61,-72,60,-61,60,-89,60,-69,46,-70,66,-75,47,-81,77,-76,55,-66,60,-71,50,-79,53,-77,55,-76,43,-68,43,-63,39,-77,38,-71,34,-62,41,-59,29,-69,37,-62,29,-55,32,-49,18,-57,20,-55,17,-46,15,-41,7,0,0,0,0,0,0,0,0,0,0]"""
1782318879780,2026-06-25T01:34:39.750,warning,bed_exit,yja,bed_exit_failed,t057,"CSI_DATA,810487,1a:00:00:00:00:00,-65,11,-99,17,50,11,-347341078,47,2,256,0,""[0,0,0,0,0,0,0,0,0,0,0,0,22,14,27,24,17,22,17,25,22,22,21,37,19,34,16,35,13,30,12,30,26,43,22,38,21,41,14,38,12,47,16,47,14,59,18,50,8,65,-5,62,-1,61,4,50,6,56,15,65,15,58,15,62,16,61,11,59,2,57,6,70,14,67,12,78,0,72,9,70,6,65,14,59,24,59,36,70,26,70,28,60,23,66,26,62,32,75,38,69,38,86,30,89,46,83,39,81,30,77,42,69,61,80,60,71,56,80,62,87,67,79,56,89,62,90,0,0,0,0,0,0,100,-62,81,-55,102,-73,87,-63,70,-65,90,-81,87,-62,94,-78,74,-62,90,-79,91,-72,74,-63,68,-59,64,-63,63,-86,55,-78,58,-83,52,-76,59,-75,53,-75,52,-92,36,-80,60,-94,65,-84,48,-84,50,-62,39,-86,30,-91,32,-89,33,-95,26,-86,37,-88,37,-82,38,-95,30,-86,45,-94,55,-95,46,-86,46,-80,46,-75,33,-78,31,-86,35,-74,30,-62,40,-67,37,-64,31,-66,30,-61,46,-65,45,-54,38,-50,36,-48,33,-38,31,-46,33,-43,32,-39,32,-43,0,0,0,0,0,0,0,0,0,0]"""
1782318879791,2026-06-25T01:34:39.761,warning,bed_exit,yja,bed_exit_failed,t057,"CSI_DATA,810488,1a:00:00:00:00:00,-65,11,-99,20,49,11,-347329934,47,2,256,0,""[0,0,0,0,0,0,0,0,0,0,0,0,33,3,26,11,34,6,31,6,29,10,31,10,35,15,36,10,40,12,44,16,34,29,42,29,42,22,38,27,37,36,49,34,40,33,39,47,34,36,51,24,38,26,48,37,47,48,31,49,39,46,44,49,41,49,38,51,43,49,38,44,38,58,43,37,46,39,48,34,59,34,62,43,56,47,45,51,57,40,53,44,53,45,63,50,64,47,61,47,64,36,78,41,80,31,84,36,91,36,87,39,79,46,89,40,90,49,102,43,84,53,94,34,94,37,0,0,0,0,0,0,49,-99,56,-109,40,-85,58,-93,49,-103,62,-83,54,-99,41,-93,59,-97,29,-96,36,-95,29,-96,20,-109,21,-103,47,-85,27,-94,24,-97,29,-88,36,-91,13,-100,19,-88,25,-98,6,-79,1,-90,9,-94,-8,-103,-2,-97,9,-95,0,-98,-2,-99,12,-99,8,-96,2,-98,7,-87,18,-96,-1,-85,-8,-91,-11,-91,-13,-90,-2,-92,5,-86,19,-82,0,-83,15,-86,17,-75,14,-72,17,-70,22,-71,8,-57,10,-65,8,-64,3,-60,3,-59,16,-52,28,-50,18,-45,28,-47,0,0,0,0,0,0,0,0,0,0]"""
1782318879802,2026-06-25T01:34:39.772,warning,bed_exit,yja,bed_exit_failed,t057,"CSI_DATA,810489,1a:00:00:00:00:00,-65,11,-99,19,49,11,-347320065,47,2,256,0,""[0,0,0,0,0,0,0,0,0,0,0,0,23,12,21,16,26,15,24,21,29,25,24,31,26,31,17,33,30,35,18,31,13,38,11,45,18,41,11,48,17,60,13,44,15,53,14,56,15,63,7,62,3,57,15,63,-7,55,3,63,-3,69,-6,58,-2,65,-16,71,13,48,5,64,5,75,0,77,4,60,14,59,0,52,-1,83,-4,56,10,62,18,69,5,57,7,93,11,53,18,77,24,70,17,83,4,63,42,82,-3,80,9,85,17,71,32,86,19,103,20,98,6,97,14,110,27,105,16,96,0,0,0,0,0,0,118,-22,102,-8,123,-21,113,-11,95,-3,124,-13,89,-14,120,-20,92,-11,112,-9,106,-11,94,-7,106,-26,93,-5,99,-6,103,-11,95,-16,92,-15,110,-15,72,-25,97,-27,89,-24,102,-25,95,-21,84,-32,97,-29,84,-16,90,-27,96,-25,87,-18,85,-11,102,-21,75,-33,91,-38,86,-26,109,-28,87,-16,83,-27,92,-14,93,-13,82,-7,83,-12,83,-8,69,-5,81,0,65,-12,77,-10,76,5,83,7,56,1,66,1,57,16,59,7,52,15,52,15,54,16,47,20,0,0,0,0,0,0,0,0,0,0]"""
1782318879813,2026-06-25T01:34:39.783,warning,bed_exit,yja,bed_exit_failed,t057,"CSI_DATA,810490,1a:00:00:00:00:00,-65,11,-99,17,50,11,-347309378,47,2,256,0,""[0,0,0,0,0,0,0,0,0,0,0,0,-20,12,-34,7,-18,7,-30,6,-30,11,-40,7,-48,2,-33,1,-38,8,-33,-6,-48,3,-52,1,-51,-2,-45,5,-57,0,-43,-6,-54,0,-44,7,-64,-6,-62,-10,-54,-5,-55,-12,-47,-8,-61,-6,-57,-6,-56,0,-55,-2,-68,-5,-47,4,-62,0,-58,-3,-77,3,-64,-12,-66,-1,-62,-11,-68,8,-57,9,-68,23,-61,20,-55,24,-74,12,-54,34,-72,42,-78,27,-89,45,-74,22,-75,39,-87,31,-70,30,-78,42,-77,64,-62,69,-80,60,-72,60,-68,72,-84,63,-85,58,0,0,0,0,0,0,66,90,67,73,87,91,66,88,57,58,82,85,69,54,96,81,66,58,91,83,76,73,63,78,83,62,61,61,89,47,93,41,86,38,78,42,86,54,74,14,102,26,91,26,107,37,86,38,77,39,89,30,76,24,91,10,93,9,88,6,82,9,97,24,74,-8,94,-5,95,0,119,13,87,27,82,10,90,26,78,15,82,6,89,-7,78,-4,68,0,78,16,66,-10,81,-8,69,12,86,14,57,14,65,14,54,25,56,12,48,12,60,6,50,6,47,12,0,0,0,0,0,0,0,0,0,0]"""
1782318879824,2026-06-25T01:34:39.794,warning,bed_exit,yja,bed_exit_failed,t057,"CSI_DATA,810491,1a:00:00:00:00:00,-65,11,-99,15,50,11,-347298646,47,2,256,0,""[0,0,0,0,0,0,0,0,0,0,0,0,2,-27,3,-28,9,-27,10,-28,10,-34,15,-30,12,-33,16,-45,20,-27,14,-43,19,-41,18,-42,24,-35,25,-40,23,-32,42,-45,35,-35,36,-41,32,-41,45,-39,38,-53,45,-28,39,-57,35,-44,35,-46,43,-46,38,-41,34,-44,54,-46,47,-35,43,-47,36,-42,41,-48,40,-48,32,-52,38,-53,40,-64,34,-62,31,-67,39,-60,28,-59,43,-64,43,-64,30,-69,27,-64,32,-90,30,-77,13,-91,32,-85,19,-85,22,-85,22,-84,21,-98,20,-109,31,-99,19,-98,26,-102,0,0,0,0,0,0,-98,-26,-109,-15,-101,-17,-113,-22,-112,-14,-101,-14,-120,-23,-97,-23,-108,-14,-106,-11,-101,-4,-108,7,-94,-12,-101,10,-97,15,-90,22,-98,16,-91,16,-77,18,-103,9,-92,16,-95,17,-85,20,-93,21,-88,38,-79,13,-89,41,-84,35,-79,41,-85,48,-81,41,-74,44,-99,30,-82,30,-77,39,-79,31,-93,53,-81,36,-73,47,-77,34,-72,40,-77,36,-70,33,-70,31,-66,32,-75,19,-68,15,-65,26,-54,20,-70,26,-55,19,-54,21,-62,8,-55,17,-47,12,-46,8,-44,6,0,0,0,0,0,0,0,0,0,0]"""
1782318879835,2026-06-25T01:34:39.805,warning,bed_exit,yja,bed_exit_failed,t057,"CSI_DATA,810492,1a:00:00:00:00:00,-65,11,-99,17,50,11,-347287599,47,2,256,0,""[0,0,0,0,0,0,0,0,0,0,0,0,22,19,9,15,22,26,23,20,21,25,16,22,15,24,22,31,20,31,26,41,14,38,12,43,14,43,20,45,11,36,13,68,14,42,15,59,8,46,17,36,9,47,19,57,6,68,7,56,2,61,3,58,7,62,6,51,9,72,9,55,13,66,13,45,22,59,15,62,20,62,22,63,23,74,10,70,17,70,26,73,38,61,29,86,27,62,44,66,24,53,50,72,40,73,47,65,54,76,54,78,40,74,40,86,46,73,67,94,56,79,52,70,69,79,0,0,0,0,0,0,78,-62,102,-79,62,-55,86,-70,104,-78,71,-48,90,-79,63,-59,88,-73,70,-52,70,-64,80,-74,70,-72,83,-85,74,-62,70,-58,68,-66,66,-73,51,-65,70,-91,48,-67,62,-86,38,-58,44,-70,46,-84,40,-85,54,-95,49,-78,54,-72,46,-85,44,-87,35,-77,49,-94,38,-70,42,-84,32,-62,27,-86,39,-79,29,-85,39,-82,44,-86,48,-60,49,-65,50,-70,32,-64,48,-68,36,-50,35,-65,25,-37,28,-55,38,-46,35,-49,38,-50,38,-46,33,-40,40,-35,36,-28,0,0,0,0,0,0,0,0,0,0]"""
1782318879846,2026-06-25T01:34:39.816,warning,bed_exit,yja,bed_exit_failed,t057,"CSI_DATA,810493,1a:00:00:00:00:00,-65,11,-99,20,50,11,-347275344,47,2,256,0,""[0,0,0,0,0,0,0,0,0,0,0,0,25,13,26,13,26,18,22,13,21,20,32,18,36,23,28,25,31,23,31,32,26,31,30,36,32,32,27,43,23,47,32,41,27,43,32,55,32,45,23,42,19,55,36,47,35,53,20,53,28,55,25,55,27,57,23,60,31,53,26,55,27,62,24,53,30,50,38,48,39,52,51,57,43,54,39,60,47,52,40,57,47,57,47,52,54,52,56,64,58,50,57,38,74,33,73,37,82,42,80,52,66,52,86,54,85,55,83,51,76,71,87,51,81,51,0,0,0,0,0,0,62,-86,67,-86,57,-81,63,-85,62,-95,62,-87,55,-86,66,-90,64,-87,42,-87,31,-92,37,-94,30,-103,39,-92,50,-83,35,-90,34,-89,42,-91,37,-92,18,-91,17,-93,34,-95,14,-79,2,-91,1,-84,2,-103,5,-97,22,-79,6,-88,0,-90,14,-90,10,-101,5,-84,8,-91,9,-89,-3,-86,0,-78,-9,-85,-5,-83,-5,-87,-2,-86,14,-80,7,-86,16,-85,11,-78,7,-73,11,-64,18,-73,10,-65,11,-57,1,-60,7,-59,10,-63,8,-55,18,-47,18,-53,21,-45,0,0,0,0,0,0,0,0,0,0]"""
1782318879857,2026-06-25T01:34:39.827,warning,bed_exit,yja,bed_exit_failed,t057,"CSI_DATA,810494,1a:00:00:00:00:00,-65,11,-99,16,50,11,-347265100,47,2,256,0,""[0,0,0,0,0,0,0,0,0,0,0,0,-17,22,-21,25,-16,19,-21,18,-22,20,-31,24,-38,20,-31,13,-38,19,-36,9,-44,18,-43,14,-44,9,-42,11,-51,8,-41,11,-61,13,-50,16,-63,8,-70,2,-57,1,-55,-7,-52,-7,-57,-1,-61,-3,-65,0,-60,0,-63,0,-54,4,-63,0,-61,8,-73,0,-64,-7,-65,-4,-60,-8,-61,-2,-56,0,-71,17,-62,6,-62,6,-69,1,-60,24,-83,24,-76,18,-99,23,-79,9,-85,20,-83,9,-76,15,-83,12,-97,32,-85,32,-90,32,-92,23,-94,31,-101,30,-105,24,0,0,0,0,0,0,31,105,26,81,35,119,33,104,22,83,37,111,28,81,34,113,26,77,37,121,30,112,20,90,30,89,17,84,41,96,35,93,33,94,34,82,32,94,31,69,51,91,49,68,45,94,44,93,44,79,34,76,34,66,48,77,46,74,44,73,45,69,53,85,47,65,60,72,57,66,53,99,38,90,38,72,29,83,35,68,36,68,55,78,36,70,31,62,28,68,33,59,37,70,24,61,22,83,16,61,16,65,5,57,8,50,1,53,7,51,3,53,1,52,0,0,0,0,0,0,0,0,0,0]"""
1782318879868,2026-06-25T01:34:39.838,warning,bed_exit,yja,bed_exit_failed,t057,"CSI_DATA,810495,1a:00:00:00:00:00,-65,11,-99,18,50,11,-347254646,47,2,256,0,""[0,0,0,0,0,0,0,0,0,0,0,0,23,0,27,0,24,-1,30,-1,29,-4,44,1,42,3,36,4,41,6,33,4,46,8,49,0,43,1,45,0,51,11,41,6,53,14,50,9,65,15,55,22,50,24,44,10,55,18,65,6,63,6,59,8,53,11,59,13,49,9,61,5,59,1,74,10,62,9,61,1,63,6,58,2,58,-2,73,-19,63,-15,56,-16,72,-14,62,-18,80,-27,65,-21,94,-32,88,-24,73,-34,88,-29,73,-32,66,-45,77,-60,66,-46,79,-49,87,-57,83,-67,84,-64,80,-55,0,0,0,0,0,0,-67,-85,-58,-64,-93,-94,-65,-82,-53,-54,-81,-77,-64,-56,-91,-73,-68,-55,-94,-88,-83,-73,-81,-57,-70,-56,-74,-44,-90,-49,-87,-36,-87,-34,-85,-30,-87,-35,-75,-32,-97,-33,-80,-16,-112,-25,-92,-24,-90,-13,-78,-16,-79,-7,-99,6,-90,2,-87,1,-81,0,-94,-3,-74,3,-99,14,-81,7,-111,4,-99,0,-86,5,-88,5,-79,-1,-68,12,-90,20,-81,16,-62,14,-75,8,-66,10,-82,8,-64,10,-82,1,-70,0,-62,6,-55,-5,-48,0,-55,1,-55,0,-48,4,-42,2,0,0,0,0,0,0,0,0,0,0]"""
1782318879879,2026-06-25T01:34:39.849,warning,bed_exit,yja,bed_exit_failed,t057,"CSI_DATA,810496,1a:00:00:00:00:00,-65,11,-99,17,50,11,-347243646,47,2,256,0,""[0,0,0,0,0,0,0,0,0,0,0,0,23,-20,22,-17,29,-20,19,-12,35,-13,26,-16,25,-22,35,-23,30,-19,39,-29,38,-19,40,-22,33,-18,45,-15,39,-9,58,-16,56,-14,62,-6,44,-7,44,-24,47,-33,54,-9,62,-29,51,-6,50,-11,61,-17,66,-13,52,-22,69,-10,58,-9,62,-18,45,-12,52,-28,50,-30,54,-39,65,-38,60,-42,58,-32,57,-41,64,-39,56,-46,69,-39,66,-37,54,-45,38,-36,47,-75,54,-62,33,-82,62,-83,51,-74,57,-56,66,-78,60,-77,55,-81,69,-68,52,-73,50,-86,0,0,0,0,0,0,-85,-48,-102,-58,-67,-38,-101,-45,-110,-52,-79,-54,-96,-55,-81,-38,-99,-49,-86,-25,-83,-18,-109,-18,-100,-17,-108,-19,-79,-20,-93,-13,-81,-12,-94,-17,-84,-6,-110,-15,-88,-11,-96,0,-69,3,-78,12,-88,14,-88,19,-104,27,-86,11,-93,18,-88,30,-97,26,-83,30,-106,10,-85,7,-81,22,-59,16,-82,43,-78,35,-70,46,-86,37,-78,31,-77,10,-81,22,-86,19,-74,26,-73,10,-69,7,-63,20,-44,14,-60,20,-53,14,-58,28,-59,18,-52,22,-46,5,-51,7,-45,7,0,0,0,0,0,0,0,0,0,0]"""
1782318879890,2026-06-25T01:34:39.860,warning,bed_exit,yja,bed_exit_failed,t057,"CSI_DATA,810497,1a:00:00:00:00:00,-65,11,-99,17,50,11,-347232072,47,2,256,0,""[0,0,0,0,0,0,0,0,0,0,0,0,19,22,18,17,10,24,12,30,10,30,7,35,4,45,6,40,5,39,3,43,9,45,-2,46,-1,38,-6,44,-6,54,-12,46,-13,50,-9,45,-26,64,-20,53,-19,47,-28,47,-24,46,-27,58,-30,55,-30,49,-26,49,-27,53,-38,45,-32,55,-24,47,-42,55,-39,58,-32,54,-34,55,-37,46,-34,53,-35,61,-38,61,-33,61,-36,66,-43,54,-46,64,-30,68,-43,70,-33,78,-36,63,-39,69,-49,75,-42,73,-49,85,-50,70,-47,78,-55,80,-57,83,-67,86,-57,88,0,0,0,0,0,0,87,60,92,62,94,75,80,69,70,63,78,65,76,70,85,68,72,67,79,78,75,65,78,62,56,66,68,63,77,61,66,57,71,69,70,52,74,56,65,57,71,62,62,50,74,62,62,64,79,62,63,58,68,46,83,52,68,59,72,52,64,49,69,55,64,67,73,68,64,56,70,73,67,65,60,62,63,62,49,66,50,57,50,62,46,75,41,64,42,67,30,57,35,67,31,58,23,68,28,61,17,52,19,52,14,49,14,56,5,52,6,51,5,46,0,0,0,0,0,0,0,0,0,0]"""
1782318879901,2026-06-25T01:34:39.871,warning,bed_exit,yja,bed_exit_failed,t057,"CSI_DATA,810498,1a:00:00:00:00:00,-65,11,-99,18,50,11,-347215122,47,2,256,0,""[0,0,0,0,0,0,0,0,0,0,0,0,19,-2,32,-7,29,-3,36,0,31,4,39,3,34,6,33,6,38,13,33,18,34,20,41,25,40,26,39,27,42,37,32,23,37,35,32,33,42,44,48,42,37,24,47,51,15,44,28,47,31,53,20,51,18,52,28,65,26,39,34,60,27,52,37,70,26,55,35,51,29,58,26,63,29,53,33,53,28,61,25,55,30,67,32,50,42,65,29,77,37,86,32,65,42,72,28,81,44,71,34,83,42,86,40,92,38,90,25,82,42,94,45,99,32,90,0,0,0,0,0,0,113,-38,89,-28,121,-31,104,-30,85,-15,120,-14,86,-17,114,-21,93,-20,114,-4,107,-24,84,-8,100,-16,90,-6,95,-8,96,0,91,-6,93,-5,99,-11,74,-11,99,-14,88,-15,108,-16,96,-19,86,-23,94,-29,80,-7,86,-14,90,-7,88,-5,84,0,100,6,81,-13,94,-17,86,0,110,-3,82,8,91,-6,80,2,85,6,79,12,74,6,82,12,72,11,73,24,68,14,76,14,64,25,70,35,51,29,55,28,45,37,51,25,40,37,36,27,36,31,34,33,0,0,0,0,0,0,0,0,0,0]"""
1782318879912,2026-06-25T01:34:39.882,warning,bed_exit,yja,bed_exit_failed,t057,"CSI_DATA,810499,1a:00:00:00:00:00,-65,11,-99,17,50,11,-347209334,47,2,256,0,""[0,0,0,0,0,0,0,0,0,0,0,0,6,-28,6,-24,14,-30,13,-27,19,-32,14,-31,18,-33,22,-36,14,-25,27,-36,22,-37,25,-30,28,-30,34,-28,25,-25,39,-32,33,-34,38,-36,47,-37,40,-38,33,-28,47,-32,50,-43,47,-42,50,-28,46,-38,41,-39,35,-32,58,-33,47,-38,45,-44,49,-33,52,-46,53,-42,50,-40,38,-42,45,-50,46,-53,51,-50,41,-51,32,-46,45,-60,37,-55,36,-68,40,-61,39,-86,41,-70,27,-76,39,-73,46,-86,46,-90,36,-72,26,-72,41,-102,42,-93,36,-85,47,-96,0,0,0,0,0,0,-92,-43,-95,-30,-102,-38,-100,-30,-100,-30,-92,-24,-112,-32,-94,-30,-105,-29,-102,-23,-102,-21,-98,-13,-88,-22,-104,-19,-94,-14,-93,-12,-92,-11,-82,-1,-74,1,-95,-7,-84,-1,-93,13,-94,4,-99,6,-95,14,-76,8,-93,16,-96,11,-88,12,-91,18,-86,15,-65,29,-100,13,-85,17,-87,30,-85,13,-102,28,-86,19,-80,22,-70,16,-86,15,-86,14,-83,12,-72,14,-66,12,-78,6,-70,4,-65,16,-61,6,-74,14,-59,1,-57,5,-49,0,-59,-3,-54,2,-45,-3,-44,-1,0,0,0,0,0,0,0,0,0,0]"""
1782318879923,2026-06-25T01:34:39.893,warning,bed_exit,yja,bed_exit_failed,t057,"CSI_DATA,810500,1a:00:00:00:00:00,-65,11,-99,18,50,11,-347198658,47,2,256,0,""[0,0,0,0,0,0,0,0,0,0,0,0,4,-24,13,-32,4,-19,11,-28,11,-20,22,-33,32,-28,25,-28,25,-28,25,-19,32,-30,36,-32,31,-27,32,-29,42,-38,30,-19,51,-32,36,-26,53,-33,48,-37,39,-27,53,-24,42,-11,57,-29,51,-28,52,-22,56,-20,65,-27,41,-19,55,-27,42,-22,67,-37,62,-24,56,-29,53,-32,53,-24,47,-26,60,-45,50,-39,43,-35,58,-38,37,-44,56,-58,49,-40,88,-71,66,-50,56,-58,71,-45,50,-55,53,-59,67,-76,58,-70,70,-82,64,-66,49,-75,69,-95,63,-66,0,0,0,0,0,0,-80,-63,-65,-50,-100,-88,-75,-76,-60,-49,-99,-85,-63,-49,-95,-74,-62,-42,-101,-81,-83,-76,-71,-62,-75,-65,-57,-48,-86,-55,-83,-45,-86,-42,-74,-41,-92,-56,-68,-33,-90,-42,-70,-32,-100,-47,-80,-47,-70,-32,-74,-39,-65,-26,-86,-24,-80,-20,-81,-30,-74,-25,-88,-38,-66,-6,-92,-29,-76,-25,-112,-35,-82,-37,-86,-24,-76,-38,-66,-35,-63,-28,-88,-23,-68,-24,-63,-18,-75,-33,-60,-19,-73,-28,-54,-30,-70,-51,-46,-35,-53,-32,-44,-37,-40,-30,-32,-30,-47,-30,-37,-32,-35,-39,0,0,0,0,0,0,0,0,0,0]"""
1782318879934,2026-06-25T01:34:39.904,warning,bed_exit,yja,bed_exit_failed,t057,"CSI_DATA,810501,1a:00:00:00:00:00,-65,11,-99,17,50,11,-347188515,47,2,256,0,""[0,0,0,0,0,0,0,0,0,0,0,0,13,27,7,24,13,30,9,27,9,33,5,29,3,30,6,43,3,40,4,44,0,41,-7,43,-1,46,-5,47,-4,43,-15,62,-16,50,-20,49,-12,40,-16,54,-12,68,-23,46,-17,55,-22,46,-23,51,-29,44,-26,54,-29,54,-38,62,-23,50,-35,56,-22,39,-14,54,-28,59,-21,62,-28,69,-38,62,-32,55,-32,69,-29,70,-18,63,-45,71,-35,69,-11,69,-22,51,-21,87,-31,72,-10,86,-26,86,-25,85,-29,66,-36,86,-32,87,-31,98,-40,87,-27,78,-27,105,0,0,0,0,0,0,93,32,108,41,81,34,99,30,123,38,87,26,108,40,88,31,101,41,86,30,80,32,103,26,94,31,103,28,78,25,81,31,86,25,91,27,84,19,108,30,88,23,93,25,74,13,78,6,94,12,90,10,102,14,78,18,87,18,89,22,94,14,84,6,98,29,78,17,88,13,62,16,90,6,82,22,87,7,88,24,85,26,71,30,80,33,82,36,70,22,68,42,59,37,67,22,42,30,57,30,50,35,58,27,48,35,44,35,31,27,27,33,32,35,0,0,0,0,0,0,0,0,0,0]"""
1782318879945,2026-06-25T01:34:39.915,warning,bed_exit,yja,bed_exit_failed,t057,"CSI_DATA,810502,1a:00:00:00:00:00,-65,11,-99,16,50,11,-347174656,47,2,256,0,""[0,0,0,0,0,0,0,0,0,0,0,0,26,14,19,17,23,20,26,20,27,26,18,18,20,20,26,29,22,26,34,30,20,37,21,34,29,35,19,42,21,38,20,57,15,50,9,54,12,40,31,38,32,41,17,60,25,59,10,53,18,55,17,53,9,68,17,55,14,66,10,56,9,62,13,37,26,48,25,56,33,54,33,61,33,66,16,64,31,56,33,65,41,56,32,78,21,68,34,61,31,48,55,63,44,66,68,58,64,71,71,66,42,62,56,83,49,72,64,73,57,81,60,61,67,77,0,0,0,0,0,0,90,-69,90,-78,69,-49,86,-53,98,-75,85,-50,95,-64,80,-62,90,-61,65,-56,56,-59,65,-77,68,-72,59,-84,65,-57,66,-69,56,-76,59,-72,59,-67,68,-80,56,-61,70,-72,34,-61,33,-66,32,-81,38,-85,40,-86,50,-67,38,-81,41,-83,48,-83,35,-78,59,-88,45,-76,53,-73,28,-61,25,-78,31,-79,19,-81,41,-81,39,-78,50,-56,44,-74,48,-64,46,-64,52,-52,52,-49,43,-55,27,-40,35,-48,29,-43,30,-56,32,-44,37,-48,36,-29,40,-29,35,-24,0,0,0,0,0,0,0,0,0,0]"""
1782318879956,2026-06-25T01:34:39.926,warning,bed_exit,yja,bed_exit_failed,t057,"CSI_DATA,810503,1a:00:00:00:00:00,-65,11,-99,18,50,11,-347165644,47,2,256,0,""[0,0,0,0,0,0,0,0,0,0,0,0,-25,13,-24,13,-28,9,-31,11,-35,10,-32,7,-31,6,-34,3,-42,5,-41,-11,-40,-4,-42,-6,-45,-13,-50,-16,-55,-20,-44,-6,-43,-11,-51,-14,-47,-22,-60,-34,-52,-32,-49,-31,-45,-27,-52,-28,-49,-38,-47,-36,-48,-37,-44,-38,-50,-34,-52,-30,-49,-35,-51,-41,-45,-45,-50,-41,-48,-47,-50,-37,-45,-34,-54,-32,-53,-37,-57,-42,-57,-45,-65,-26,-64,-22,-72,-42,-61,-42,-48,-41,-67,-37,-61,-50,-75,-48,-82,-53,-84,-43,-83,-40,-78,-37,-85,-51,-96,-42,-94,-58,-92,-63,0,0,0,0,0,0,-63,90,-57,87,-66,85,-65,86,-63,77,-63,91,-58,84,-65,84,-59,79,-60,74,-65,77,-69,60,-64,82,-70,68,-55,73,-58,76,-59,74,-55,72,-64,73,-38,73,-43,77,-48,79,-48,79,-63,74,-59,59,-47,81,-56,71,-48,71,-54,77,-44,70,-52,69,-59,73,-42,76,-39,80,-50,77,-53,75,-58,65,-56,65,-71,58,-55,61,-61,54,-49,63,-60,55,-55,52,-62,45,-48,52,-49,50,-63,39,-60,40,-55,24,-50,25,-56,17,-53,24,-55,13,-48,20,-48,18,-41,9,0,0,0,0,0,0,0,0,0,0]"""
1782318879967,2026-06-25T01:34:39.937,warning,bed_exit,yja,bed_exit_failed,t057,"CSI_DATA,810504,1a:00:00:00:00:00,-65,11,-99,17,50,11,-347155646,47,2,256,0,""[0,0,0,0,0,0,0,0,0,0,0,0,1,22,-2,30,2,22,-5,35,1,29,0,40,-18,40,-19,25,-21,35,-21,28,-19,38,-22,43,-24,42,-19,36,-29,41,-26,35,-32,43,-26,46,-36,49,-47,40,-48,30,-32,44,-46,40,-34,54,-40,46,-38,48,-38,44,-45,41,-24,42,-31,54,-39,48,-44,60,-42,51,-36,39,-37,44,-38,49,-31,46,-30,67,-25,67,-23,49,-28,52,-15,64,-15,71,-24,74,-34,100,-48,75,-29,86,-42,71,-23,65,-19,84,-1,100,-4,84,-12,94,-15,97,3,96,-16,100,-18,110,0,0,0,0,0,0,105,16,86,9,126,9,103,20,80,14,111,6,93,2,110,0,93,0,112,10,114,11,90,15,91,0,86,4,103,-8,96,-13,90,-15,78,-13,95,-5,80,-23,99,-28,90,-25,104,-24,98,-15,82,-22,78,-20,80,-20,78,-37,80,-38,78,-30,70,-27,89,-27,59,-41,73,-44,86,-46,96,-50,88,-6,78,-25,91,-18,73,-22,69,-31,78,-44,63,-37,56,-29,67,-20,61,-32,69,-36,70,-22,86,-22,58,-5,63,-10,64,3,54,-6,49,-5,58,-9,46,-11,46,-4,0,0,0,0,0,0,0,0,0,0]"""
1782318879978,2026-06-25T01:34:39.948,warning,bed_exit,yja,bed_exit_failed,t057,"CSI_DATA,810505,1a:00:00:00:00:00,-65,11,-99,17,50,11,-347143214,47,2,256,0,""[0,0,0,0,0,0,0,0,0,0,0,0,-13,14,-18,21,-17,16,-32,24,-21,19,-32,25,-30,17,-31,9,-35,14,-30,6,-40,13,-41,5,-46,0,-42,2,-58,-1,-40,5,-54,-1,-47,-6,-64,-14,-49,-6,-39,-12,-60,-14,-39,-21,-59,-18,-56,-25,-54,-20,-46,-23,-60,-31,-46,-9,-63,-22,-47,-22,-75,-32,-58,-30,-58,-22,-61,-35,-49,-30,-48,-22,-63,-14,-54,-25,-50,-24,-64,-39,-62,-5,-73,-12,-70,-38,-94,-43,-60,-29,-78,-20,-69,-45,-75,-31,-77,-39,-100,-34,-78,-33,-87,-35,-80,-39,-91,-34,-98,-52,-91,-50,0,0,0,0,0,0,-52,102,-46,72,-68,102,-56,85,-39,58,-70,91,-45,78,-71,100,-51,70,-78,86,-72,80,-55,55,-64,75,-62,55,-67,72,-63,73,-60,70,-52,63,-74,76,-36,64,-54,77,-44,62,-66,84,-62,78,-59,60,-57,70,-50,48,-62,74,-56,71,-55,63,-52,53,-73,66,-36,60,-59,78,-54,63,-84,85,-71,53,-62,64,-74,47,-63,45,-59,38,-64,55,-70,42,-59,34,-75,35,-48,42,-67,43,-62,25,-86,30,-55,8,-62,18,-57,4,-52,6,-50,6,-55,7,-47,3,-46,0,0,0,0,0,0,0,0,0,0,0]"""
1782318879989,2026-06-25T01:34:39.959,warning,bed_exit,yja,bed_exit_failed,t057,"CSI_DATA,810506,1a:00:00:00:00:00,-65,11,-99,17,50,11,-347130538,47,2,256,0,""[0,0,0,0,0,0,0,0,0,0,0,0,-24,-8,-22,-11,-24,-13,-30,-18,-20,-22,-24,-23,-22,-23,-19,-31,-18,-31,-17,-31,-30,-37,-26,-35,-25,-39,-22,-36,-12,-48,-18,-45,-9,-54,-14,-46,-10,-67,5,-53,6,-52,6,-52,-3,-48,-4,-64,-5,-59,-9,-56,0,-53,0,-52,6,-62,6,-62,6,-51,8,-71,6,-67,11,-60,1,-64,12,-58,6,-58,-8,-67,1,-65,-1,-62,8,-70,0,-60,-1,-75,0,-70,2,-86,6,-77,5,-81,10,-80,16,-79,-3,-85,-6,-97,-6,-81,-6,-92,8,-93,0,-107,4,-103,14,-105,0,0,0,0,0,0,-106,-18,-95,-14,-123,-15,-95,-28,-86,-11,-102,-20,-103,-18,-111,-22,-93,-14,-111,-35,-100,-32,-86,-21,-78,-30,-86,-15,-99,-12,-90,-6,-93,-5,-88,-13,-85,-12,-79,-24,-93,-15,-81,-13,-100,-23,-98,-27,-86,-16,-80,-21,-74,-13,-98,-7,-94,-6,-93,-5,-81,-8,-86,-10,-82,-19,-92,-22,-83,-15,-99,-30,-93,-34,-85,-32,-79,-37,-69,-37,-73,-25,-82,-23,-79,-27,-66,-27,-68,-38,-57,-33,-58,-38,-62,-35,-56,-51,-47,-47,-45,-38,-39,-46,-32,-45,-37,-39,-38,-43,-32,-37,-25,-37,0,0,0,0,0,0,0,0,0,0]"""
1782318880000,2026-06-25T01:34:39.970,warning,bed_exit,yja,bed_exit_failed,t057,"CSI_DATA,810507,1a:00:00:00:00:00,-65,11,-99,17,50,11,-347108136,47,2,256,0,""[0,0,0,0,0,0,0,0,0,0,0,0,-12,-14,-9,-25,-11,-22,-5,-34,-11,-25,0,-45,8,-39,8,-41,6,-30,6,-40,7,-43,9,-44,1,-46,11,-41,21,-48,25,-38,33,-54,24,-37,37,-41,32,-43,24,-36,39,-34,38,-32,36,-46,33,-45,46,-39,46,-36,49,-40,42,-29,49,-41,46,-30,59,-44,59,-35,48,-31,51,-36,54,-27,46,-30,54,-48,51,-45,45,-40,50,-39,52,-37,64,-46,49,-39,78,-50,73,-37,71,-30,79,-39,62,-36,62,-52,83,-58,65,-50,88,-44,79,-42,82,-57,91,-49,90,-36,0,0,0,0,0,0,-38,-95,-24,-81,-47,-118,-17,-99,-23,-81,-29,-116,-26,-82,-31,-112,-26,-88,-22,-112,-12,-106,-15,-94,-5,-93,-15,-82,-25,-101,-32,-86,-30,-91,-27,-79,-22,-88,-9,-86,-19,-102,-20,-80,-19,-103,-6,-94,-15,-86,-11,-81,-6,-73,-26,-94,-25,-86,-26,-81,-17,-80,-13,-90,-7,-82,-14,-97,-6,-79,-2,-108,9,-93,6,-87,11,-83,23,-73,10,-73,5,-88,8,-84,11,-63,18,-72,22,-60,24,-77,22,-57,38,-65,33,-56,35,-50,38,-41,34,-40,27,-37,37,-49,31,-37,32,-30,0,0,0,0,0,0,0,0,0,0]"""
1782318880011,2026-06-25T01:34:39.981,warning,bed_exit,yja,bed_exit_failed,t057,"CSI_DATA,810508,1a:00:00:00:00:00,-65,11,-99,16,50,11,-347108028,47,2,256,0,""[0,0,0,0,0,0,0,0,0,0,0,0,24,-3,31,0,25,-1,34,0,28,0,39,13,34,13,26,22,34,18,23,14,34,18,38,25,41,25,37,22,42,35,22,24,31,42,31,36,46,53,29,62,30,53,20,46,14,42,33,48,28,51,22,53,14,47,17,64,20,41,23,57,10,48,29,75,12,65,16,58,10,61,11,53,9,47,31,62,28,60,21,51,20,71,22,52,27,79,23,63,27,102,9,71,19,77,10,86,22,72,23,79,40,96,27,80,21,94,17,83,29,95,20,112,14,97,0,0,0,0,0,0,105,-3,76,-8,127,-15,104,4,73,8,114,-1,78,-3,116,8,85,3,117,20,108,17,88,19,96,17,80,16,97,1,95,6,97,2,85,4,102,12,69,2,100,4,70,9,111,10,92,11,78,14,82,9,68,11,99,1,86,3,91,11,80,20,91,19,74,3,95,20,80,18,123,24,88,42,89,26,88,39,59,33,61,27,82,23,77,31,64,32,64,43,51,24,72,42,47,42,66,57,35,47,44,46,29,46,33,43,28,39,27,48,24,40,27,37,0,0,0,0,0,0,0,0,0,0]"""
1782318880022,2026-06-25T01:34:39.992,warning,bed_exit,yja,bed_exit_failed,t057,"CSI_DATA,810509,1a:00:00:00:00:00,-65,11,-99,18,50,11,-347100646,47,2,256,0,""[0,0,0,0,0,0,0,0,0,0,0,0,-11,19,-10,25,-10,24,-17,24,-10,19,-29,31,-30,27,-26,25,-31,21,-32,23,-38,27,-42,19,-39,18,-37,17,-44,20,-47,13,-50,12,-44,17,-53,9,-63,14,-53,19,-50,0,-45,0,-58,1,-55,-3,-56,-2,-56,-4,-64,0,-49,-1,-58,0,-58,0,-72,-5,-62,-6,-63,-8,-63,-11,-58,-5,-63,-6,-77,3,-64,-1,-58,0,-63,-8,-67,0,-77,5,-70,2,-93,0,-75,-5,-86,3,-81,-6,-78,-5,-78,-2,-95,1,-87,1,-95,2,-97,-10,-97,3,-98,-11,-100,-5,0,0,0,0,0,0,-12,100,-7,92,-13,124,-9,112,-15,88,-13,114,-10,96,-20,106,-13,88,-28,114,-22,106,-18,94,-21,91,-18,79,-12,106,-15,92,-21,91,-15,86,-6,91,-9,81,-11,94,-12,86,-18,100,-16,93,-6,88,-18,82,-13,81,-11,95,-16,88,-14,88,-11,84,-11,93,-12,80,-9,88,-8,88,-26,108,-24,87,-17,82,-32,77,-27,74,-32,69,-29,85,-37,70,-27,63,-30,67,-32,62,-36,68,-30,53,-50,68,-38,52,-42,48,-42,41,-38,38,-37,23,-41,42,-37,27,-38,26,0,0,0,0,0,0,0,0,0,0]"""
1782318880033,2026-06-25T01:34:40.003,warning,bed_exit,yja,bed_exit_failed,t057,"CSI_DATA,810511,1a:00:00:00:00:00,-65,11,-99,17,50,11,-347070761,47,2,256,0,""[0,0,0,0,0,0,0,0,0,0,0,0,17,0,30,7,21,0,36,4,23,1,40,13,30,18,29,17,30,17,23,14,35,25,34,24,39,28,29,32,44,39,20,22,30,37,28,29,44,61,30,56,21,51,32,48,12,41,33,56,30,54,22,54,16,46,21,62,22,38,30,61,13,48,30,80,19,66,29,60,22,66,9,53,19,50,30,63,28,59,21,49,26,68,27,40,38,70,25,63,41,100,15,68,40,74,18,78,37,63,32,70,50,94,33,75,38,90,33,85,46,88,43,113,40,89,0,0,0,0,0,0,105,-40,78,-18,127,-46,96,-16,62,-10,115,-23,70,-22,113,-33,68,-22,127,-16,106,-22,84,-12,86,-17,78,-12,99,-16,91,-19,92,-20,78,-22,102,-19,62,-20,95,-33,71,-12,110,-33,90,-20,74,-16,78,-17,65,-19,90,-25,87,-23,81,-17,75,-19,96,-15,61,-27,100,-27,73,-14,127,-21,93,-8,85,-16,84,-3,70,-2,63,0,88,-8,77,0,64,0,78,7,51,-6,83,0,62,13,87,20,61,19,59,18,52,22,46,14,44,20,54,29,42,19,40,24,0,0,0,0,0,0,0,0,0,0]"""
1782318880044,2026-06-25T01:34:40.014,warning,bed_exit,yja,bed_exit_failed,t057,"CSI_DATA,810512,1a:00:00:00:00:00,-65,11,-99,17,50,11,-347065205,47,2,256,0,""[0,0,0,0,0,0,0,0,0,0,0,0,13,22,6,27,4,37,8,32,6,35,0,30,7,25,9,39,2,32,6,45,-2,33,0,39,1,45,0,51,0,46,-10,57,-10,47,-14,54,-6,46,-1,48,7,71,-8,51,-7,60,-8,58,-5,57,-15,52,-14,64,0,56,-17,64,-6,61,-18,64,-15,42,-3,55,6,56,9,47,4,67,1,70,-6,48,8,68,15,77,27,52,-15,75,5,76,25,82,-10,51,34,61,25,75,78,70,31,94,37,75,38,66,14,87,28,89,35,92,15,100,43,94,62,93,0,0,0,0,0,0,101,-61,110,-52,69,-39,81,-54,105,-64,82,-41,105,-57,78,-56,90,-58,63,-45,61,-44,68,-71,76,-68,74,-82,63,-53,68,-60,64,-68,70,-69,54,-69,75,-73,50,-65,59,-80,36,-57,36,-75,40,-88,42,-82,41,-94,43,-74,43,-82,35,-78,44,-89,22,-84,54,-87,43,-83,31,-78,30,-52,21,-85,29,-80,13,-87,40,-86,31,-76,33,-60,38,-72,43,-79,32,-79,41,-60,39,-49,30,-64,14,-39,27,-59,22,-46,19,-61,37,-53,26,-59,30,-36,32,-33,29,-36,0,0,0,0,0,0,0,0,0,0]"""
1782318880055,2026-06-25T01:34:40.025,warning,bed_exit,yja,bed_exit_failed,t057,"CSI_DATA,810513,1a:00:00:00:00:00,-65,11,-99,18,50,11,-347056646,47,2,256,0,""[0,0,0,0,0,0,0,0,0,0,0,0,-9,24,-11,21,-12,32,-13,21,-24,28,-14,19,-23,22,-28,26,-25,30,-23,37,-27,30,-32,32,-25,27,-31,30,-25,26,-46,43,-31,36,-49,37,-32,25,-22,39,-33,41,-37,42,-48,45,-42,33,-41,34,-50,40,-42,42,-37,39,-44,49,-35,30,-41,53,-29,33,-31,56,-31,53,-22,55,-27,63,-35,64,-30,58,-28,61,-19,67,-9,55,-20,90,-19,61,-5,78,-11,54,2,77,-4,81,4,81,9,83,3,96,0,80,6,95,6,86,15,105,13,95,15,78,21,104,0,0,0,0,0,0,93,-21,115,-28,70,-19,100,-37,125,-48,80,-27,117,-50,61,-36,102,-56,73,-41,81,-49,84,-51,81,-61,84,-63,76,-43,74,-49,69,-64,73,-64,51,-57,75,-83,42,-59,57,-83,31,-59,38,-78,45,-85,35,-85,46,-90,41,-79,43,-81,35,-91,36,-88,13,-73,37,-105,17,-71,20,-97,19,-57,12,-91,17,-83,6,-84,14,-85,17,-90,25,-75,26,-78,20,-86,15,-69,18,-82,20,-53,10,-76,7,-47,11,-68,9,-64,4,-62,13,-56,10,-59,13,-47,19,-46,18,-43,0,0,0,0,0,0,0,0,0,0]"""
1782318880066,2026-06-25T01:34:40.036,warning,bed_exit,yja,bed_exit_failed,t057,"CSI_DATA,810514,1a:00:00:00:00:00,-65,11,-99,18,50,11,-347044232,47,2,256,0,""[0,0,0,0,0,0,0,0,0,0,0,0,-29,-2,-24,-2,-32,-9,-31,-11,-37,-14,-20,-11,-28,-11,-36,-20,-32,-20,-42,-27,-32,-26,-27,-25,-33,-33,-37,-37,-31,-32,-31,-48,-24,-38,-31,-43,-26,-35,-30,-43,-42,-52,-19,-50,-30,-52,-22,-43,-23,-50,-22,-48,-22,-52,-24,-46,-31,-70,-28,-51,-25,-48,-20,-45,-32,-52,-28,-49,-32,-56,-30,-50,-31,-60,-27,-57,-37,-59,-47,-63,-51,-50,-37,-68,-31,-61,-53,-53,-27,-38,-58,-51,-40,-60,-68,-49,-70,-70,-63,-67,-49,-65,-55,-81,-58,-70,-65,-62,-59,-78,-59,-74,-73,-63,0,0,0,0,0,0,-73,63,-79,86,-64,59,-72,71,-93,81,-68,57,-86,79,-63,73,-81,74,-68,53,-60,61,-69,83,-68,68,-69,84,-56,62,-69,63,-64,70,-66,71,-55,74,-63,80,-49,71,-55,73,-42,59,-40,65,-55,81,-43,77,-50,81,-47,69,-56,73,-55,73,-48,81,-38,73,-58,85,-53,73,-42,72,-41,50,-42,83,-51,68,-43,81,-48,78,-55,67,-50,53,-66,57,-62,64,-50,62,-54,55,-51,37,-38,53,-35,27,-46,51,-47,32,-42,44,-48,32,-46,35,-45,24,-47,18,-35,17,0,0,0,0,0,0,0,0,0,0]"""
1782318880077,2026-06-25T01:34:40.047,warning,bed_exit,yja,bed_exit_failed,t057,"CSI_DATA,810515,1a:00:00:00:00:00,-65,11,-99,18,50,11,-347034587,47,2,256,0,""[0,0,0,0,0,0,0,0,0,0,0,0,20,11,19,19,32,26,23,16,23,25,15,28,20,23,20,34,20,29,32,36,18,34,11,37,17,37,20,43,20,37,25,50,19,38,15,55,21,45,14,42,11,56,24,45,19,62,13,50,16,58,12,50,11,60,19,48,30,62,25,52,28,57,24,43,34,49,32,52,38,55,39,49,34,56,31,57,39,55,52,55,48,46,49,61,50,53,67,50,39,42,59,37,57,38,76,35,79,43,73,48,66,44,73,55,75,42,94,41,86,45,85,39,99,32,0,0,0,0,0,0,33,-90,42,-116,32,-78,20,-94,47,-122,38,-81,37,-107,24,-89,29,-111,19,-71,9,-91,17,-94,11,-98,14,-108,19,-84,25,-90,6,-99,11,-102,0,-78,-4,-105,-11,-84,-6,-97,-19,-71,-20,-84,-24,-94,-30,-94,-23,-98,-11,-94,-24,-93,-27,-86,-22,-94,-22,-82,-37,-95,-27,-80,-34,-84,-25,-68,-42,-82,-37,-79,-44,-81,-42,-78,-27,-73,-12,-73,-24,-80,-23,-86,-25,-73,-27,-78,-17,-66,-32,-71,-15,-45,-21,-57,-16,-58,-20,-57,-20,-55,-24,-56,-11,-55,-6,-44,-2,-44,0,0,0,0,0,0,0,0,0,0]"""
1782318880088,2026-06-25T01:34:40.058,warning,bed_exit,yja,bed_exit_failed,t057,"CSI_DATA,810516,1a:00:00:00:00:00,-65,11,-99,18,50,11,-347011905,47,2,256,0,""[0,0,0,0,0,0,0,0,0,0,0,0,-28,3,-29,6,-28,0,-26,0,-31,1,-34,-5,-39,-4,-39,-5,-32,-10,-42,-11,-44,-16,-37,-18,-38,-20,-33,-24,-29,-18,-47,-36,-37,-35,-44,-37,-32,-37,-38,-36,-44,-34,-23,-38,-38,-50,-28,-48,-24,-45,-30,-49,-32,-50,-31,-38,-32,-55,-23,-45,-33,-53,-19,-53,-35,-54,-25,-54,-28,-50,-32,-51,-32,-59,-31,-65,-23,-60,-30,-56,-31,-48,-24,-63,-34,-59,-36,-62,-32,-60,-56,-78,-32,-75,-45,-74,-30,-68,-36,-74,-34,-86,-27,-81,-32,-77,-44,-106,-37,-91,-27,-75,-35,-100,0,0,0,0,0,0,-87,36,-96,30,-92,29,-99,38,-104,27,-91,29,-104,24,-89,19,-104,28,-99,19,-99,23,-104,28,-88,14,-96,19,-99,24,-86,11,-94,13,-86,18,-71,19,-104,14,-85,19,-91,22,-91,12,-94,19,-91,22,-73,11,-93,19,-94,19,-84,6,-93,14,-91,18,-75,24,-105,5,-84,0,-91,21,-84,0,-99,11,-89,1,-86,2,-81,-4,-86,-7,-88,-16,-77,-23,-73,-17,-67,-11,-81,-25,-62,-25,-71,-14,-59,-24,-66,-25,-55,-30,-56,-22,-49,-27,-48,-35,-37,-34,-32,-37,-31,-29,0,0,0,0,0,0,0,0,0,0]"""
1782318880099,2026-06-25T01:34:40.069,warning,bed_exit,yja,bed_exit_failed,t057,"CSI_DATA,810517,1a:00:00:00:00:00,-65,11,-99,16,50,11,-347011737,47,2,256,0,""[0,0,0,0,0,0,0,0,0,0,0,0,-20,5,-27,3,-28,0,-29,-1,-30,-5,-36,-4,-35,-16,-32,-13,-30,-12,-29,-19,-41,-20,-34,-21,-42,-25,-32,-28,-29,-35,-33,-32,-33,-37,-31,-34,-31,-52,-20,-45,-20,-40,-21,-48,-28,-45,-30,-61,-27,-53,-33,-52,-21,-49,-28,-51,-14,-55,-18,-63,-18,-48,-13,-60,-13,-65,-15,-61,-20,-62,-14,-53,-23,-50,-30,-56,-29,-62,-22,-60,-21,-66,-18,-60,-27,-69,-27,-66,-31,-80,-28,-78,-23,-73,-24,-68,-17,-78,-31,-79,-37,-88,-33,-75,-30,-78,-30,-93,-24,-94,-23,-96,-22,-97,0,0,0,0,0,0,-102,15,-93,16,-108,19,-104,12,-89,19,-105,11,-97,11,-113,9,-94,6,-108,9,-103,6,-94,9,-89,0,-89,1,-94,18,-89,20,-94,17,-83,13,-94,11,-85,5,-91,9,-83,7,-101,14,-105,0,-91,10,-84,0,-88,10,-102,20,-87,20,-87,14,-84,10,-85,12,-88,-3,-90,0,-85,0,-105,-8,-98,-16,-90,-9,-90,-13,-72,-21,-78,-13,-86,-3,-83,-14,-70,-14,-70,-19,-66,-21,-70,-24,-59,-30,-64,-35,-60,-42,-53,-32,-44,-39,-37,-31,-40,-33,-47,-36,-37,-28,-31,-32,0,0,0,0,0,0,0,0,0,0]"""
1782318880110,2026-06-25T01:34:40.080,warning,bed_exit,yja,bed_exit_failed,t057,"CSI_DATA,810518,1a:00:00:00:00:00,-65,11,-99,19,50,11,-346999302,47,2,256,0,""[0,0,0,0,0,0,0,0,0,0,0,0,0,-21,0,-30,0,-28,0,-30,3,-32,9,-34,19,-32,9,-34,20,-31,11,-33,16,-42,16,-36,23,-39,21,-37,25,-36,35,-33,39,-35,36,-32,46,-38,55,-40,48,-41,46,-20,53,-31,47,-40,46,-35,51,-28,46,-26,53,-24,47,-26,50,-21,51,-24,61,-29,62,-27,57,-28,58,-21,53,-16,51,-26,62,-40,54,-33,49,-36,51,-34,61,-30,65,-38,59,-40,83,-37,76,-31,76,-35,76,-34,61,-32,65,-37,80,-61,75,-40,84,-36,85,-40,84,-52,89,-46,96,-34,0,0,0,0,0,0,-36,-96,-28,-86,-35,-104,-21,-100,-31,-91,-31,-105,-32,-96,-28,-102,-31,-90,-32,-117,-16,-106,-26,-93,-11,-95,-27,-81,-31,-97,-30,-91,-36,-84,-30,-80,-24,-81,-20,-87,-26,-86,-35,-79,-33,-101,-22,-98,-26,-84,-16,-81,-26,-82,-43,-87,-39,-82,-34,-89,-26,-76,-28,-82,-16,-84,-25,-90,-16,-81,-19,-101,-11,-96,-9,-88,-6,-88,6,-83,-5,-78,-13,-86,-8,-80,-3,-73,1,-69,6,-74,9,-76,7,-65,16,-71,25,-68,19,-60,22,-54,21,-47,20,-51,25,-52,23,-46,25,-40,0,0,0,0,0,0,0,0,0,0]"""
1782318880121,2026-06-25T01:34:40.091,warning,bed_exit,yja,bed_exit_failed,t057,"CSI_DATA,810519,1a:00:00:00:00:00,-65,11,-99,18,50,11,-346990646,47,2,256,0,""[0,0,0,0,0,0,0,0,0,0,0,0,-29,-1,-25,-6,-28,-1,-29,-5,-24,-5,-24,-11,-31,-6,-39,-12,-42,-8,-38,-14,-26,-30,-36,-28,-32,-21,-33,-27,-37,-37,-40,-37,-39,-35,-37,-44,-26,-30,-37,-21,-39,-24,-45,-40,-37,-42,-20,-47,-29,-50,-22,-49,-29,-60,-35,-54,-35,-50,-35,-43,-32,-55,-24,-37,-37,-42,-42,-35,-45,-35,-54,-52,-48,-46,-36,-55,-42,-49,-40,-59,-45,-51,-50,-49,-54,-52,-50,-48,-49,-44,-62,-41,-66,-39,-73,-35,-81,-47,-73,-50,-55,-56,-73,-71,-74,-59,-77,-57,-68,-66,-73,-51,-73,-58,0,0,0,0,0,0,-63,82,-71,79,-65,64,-66,84,-74,87,-78,68,-73,68,-63,74,-69,73,-60,67,-44,80,-50,81,-50,88,-52,85,-65,58,-67,75,-57,70,-68,71,-58,79,-50,78,-45,80,-55,77,-35,64,-24,80,-29,83,-34,93,-37,90,-50,68,-44,79,-42,79,-46,81,-39,86,-42,79,-44,79,-46,81,-40,69,-28,75,-28,86,-32,82,-38,91,-39,73,-50,61,-48,68,-55,63,-55,64,-45,60,-51,50,-45,51,-40,41,-38,45,-32,52,-32,49,-41,48,-47,46,-44,19,-47,30,-42,24,0,0,0,0,0,0,0,0,0,0]"""
1782318880132,2026-06-25T01:34:40.102,warning,bed_exit,yja,bed_exit_failed,t057,"CSI_DATA,810520,1a:00:00:00:00:00,-65,11,-99,22,49,11,-346979543,47,2,256,0,""[0,0,0,0,0,0,0,0,0,0,0,0,-18,19,-18,19,-24,21,-19,10,-32,11,-31,6,-33,8,-37,6,-35,0,-40,2,-44,-4,-41,-9,-47,-11,-42,-19,-42,-3,-50,-19,-43,-21,-48,-17,-39,-29,-48,-28,-60,-37,-29,-32,-49,-39,-38,-44,-29,-46,-33,-47,-32,-49,-39,-36,-32,-55,-30,-49,-37,-57,-19,-49,-35,-50,-21,-53,-27,-55,-28,-56,-32,-63,-21,-65,-17,-68,-27,-61,-31,-55,-22,-76,-22,-63,-32,-65,-19,-63,-36,-81,-19,-71,-35,-71,-22,-88,-20,-82,-12,-83,-8,-88,-19,-86,-19,-106,-5,-98,0,-86,-12,-102,0,0,0,0,0,0,-97,0,-110,-15,-86,-7,-106,3,-112,-23,-89,-11,-112,-24,-87,-22,-106,-26,-91,-30,-94,-20,-106,-31,-81,-30,-97,-32,-90,-37,-87,-35,-85,-42,-83,-34,-67,-24,-97,-50,-76,-35,-93,-41,-64,-43,-81,-47,-86,-50,-71,-50,-91,-51,-75,-49,-72,-54,-70,-58,-74,-57,-62,-37,-71,-78,-59,-61,-72,-53,-50,-63,-66,-65,-53,-70,-54,-68,-47,-75,-44,-81,-37,-76,-28,-81,-24,-81,-29,-68,-20,-80,-11,-68,-23,-70,0,-57,-15,-64,0,-64,0,-64,11,-55,14,-59,17,-53,17,-44,20,-42,0,0,0,0,0,0,0,0,0,0]"""
1782318880143,2026-06-25T01:34:40.113,warning,bed_exit,yja,bed_exit_failed,t057,"CSI_DATA,810521,1a:00:00:00:00:00,-65,11,-99,17,50,11,-346968646,47,2,256,0,""[0,0,0,0,0,0,0,0,0,0,0,0,-23,-7,-28,-14,-22,-9,-23,-16,-26,-9,-35,-23,-25,-29,-26,-20,-28,-22,-16,-25,-31,-31,-29,-33,-27,-33,-23,-32,-31,-48,-24,-22,-33,-40,-32,-31,-39,-58,-25,-59,-13,-52,-28,-43,-22,-38,-31,-50,-33,-51,-31,-47,-28,-40,-30,-50,-28,-35,-45,-51,-34,-36,-54,-59,-38,-49,-43,-45,-40,-47,-44,-42,-37,-31,-53,-39,-45,-36,-45,-31,-61,-51,-51,-15,-74,-23,-64,-32,-101,-46,-68,-39,-78,-22,-69,-34,-68,-21,-69,-20,-98,-17,-82,-9,-95,-19,-78,-14,-89,-14,-106,-20,-94,-20,0,0,0,0,0,0,-12,109,-6,81,-9,127,-12,106,-3,70,-2,115,0,82,2,125,1,75,0,121,9,111,0,87,14,86,0,82,18,95,21,89,22,91,15,80,18,98,30,64,47,94,29,68,46,114,38,89,33,76,34,81,30,67,59,79,53,78,48,76,43,64,55,86,53,47,67,68,56,64,83,104,46,76,55,72,49,81,50,62,38,53,67,62,55,61,42,52,45,67,47,44,62,58,38,54,53,83,35,51,35,51,22,52,30,45,22,44,29,54,25,47,25,47,0,0,0,0,0,0,0,0,0,0]"""
1782318880154,2026-06-25T01:34:40.124,warning,bed_exit,yja,bed_exit_failed,t057,"CSI_DATA,810522,1a:00:00:00:00:00,-65,11,-99,9,50,11,-346957646,47,2,256,0,""[0,0,0,0,0,0,0,0,0,0,0,0,0,15,0,33,10,17,5,26,2,31,9,39,-2,32,3,29,0,40,-3,27,-2,32,-3,44,-4,51,-2,42,-5,52,-5,34,-11,52,-2,36,-14,66,-16,56,-14,34,-21,53,-16,41,-20,57,-10,61,-6,59,-6,53,-13,63,-16,44,-12,67,-7,46,-14,76,-13,66,-12,60,-3,62,-10,52,0,49,4,57,4,62,7,56,-4,77,9,51,20,77,10,66,21,102,7,76,22,78,14,72,19,71,25,74,42,94,35,72,40,86,31,82,46,90,45,99,32,98,0,0,0,0,0,0,100,-41,72,-31,124,-60,84,-41,60,-41,100,-55,73,-40,108,-56,63,-40,108,-64,92,-57,77,-46,67,-44,66,-46,76,-74,66,-71,66,-69,54,-59,66,-73,50,-50,66,-76,40,-60,73,-90,69,-79,52,-69,49,-65,37,-57,45,-83,39,-87,34,-72,36,-71,40,-82,34,-62,45,-96,34,-64,59,-106,54,-79,42,-76,47,-78,44,-67,31,-59,26,-82,35,-80,27,-63,35,-73,27,-53,39,-73,34,-59,45,-72,41,-50,36,-47,39,-43,36,-39,31,-39,36,-47,25,-36,29,-40,0,0,0,0,0,0,0,0,0,0]"""
1782318880165,2026-06-25T01:34:40.135,warning,bed_exit,yja,bed_exit_failed,t057,"CSI_DATA,810523,1a:00:00:00:00:00,-65,11,-99,16,50,11,-346946370,47,2,256,0,""[0,0,0,0,0,0,0,0,0,0,0,0,-14,0,-23,19,-69,-64,0,18,-5,53,71,127,-3,27,0,38,-100,51,-53,72,-26,58,-11,59,-41,28,-32,35,-44,49,-38,83,-31,56,-36,28,-74,28,-39,41,-34,45,-25,42,-27,32,-31,42,-30,35,-43,31,-41,28,-57,43,-25,35,-33,46,-42,42,-52,54,-42,39,-35,45,-42,41,-38,41,-32,42,-38,54,-31,49,-28,48,-38,56,-20,49,-29,77,-28,59,-46,86,-34,62,-36,81,-42,68,-24,79,-20,67,-18,94,-27,81,-28,97,-21,72,-11,86,-21,105,-22,98,0,0,0,0,0,0,106,20,81,10,125,20,98,24,69,15,119,24,83,9,117,14,75,4,120,24,105,9,83,16,96,15,72,10,102,2,95,0,93,2,85,1,110,-1,72,-9,101,-20,83,-13,110,-22,91,-17,78,-12,93,-20,72,-10,82,-29,83,-24,86,-18,81,-18,101,-31,65,-35,89,-44,79,-29,109,-37,85,-20,83,-27,91,-18,78,-20,70,-20,81,-34,74,-27,64,-24,83,-20,58,-25,73,-33,63,-11,94,-13,59,-5,66,-12,61,1,51,-14,49,-6,54,-5,51,-6,53,-4,0,0,0,0,0,0,0,0,0,0]"""
1782318880176,2026-06-25T01:34:40.146,warning,bed_exit,yja,bed_exit_failed,t057,"CSI_DATA,810524,1a:00:00:00:00:00,-65,11,-99,14,51,11,-346934558,47,2,256,0,""[0,0,0,0,0,0,0,0,0,0,0,0,20,-14,21,-15,25,-19,25,-12,28,-11,26,-11,24,-17,31,-11,32,-15,39,-19,41,-3,38,-8,41,-9,45,-8,49,-9,45,-4,50,-2,51,6,46,-6,60,-13,60,-12,57,-8,53,-1,57,6,54,-2,57,2,56,4,57,0,59,-4,55,-8,54,5,56,-8,54,-6,60,-18,59,-16,63,-20,55,-15,59,-4,63,-28,70,-19,67,-19,65,-20,61,-20,74,-20,62,-28,55,-34,66,-40,68,-43,68,-53,73,-50,74,-45,71,-50,80,-44,72,-51,88,-49,79,-58,76,-57,0,0,0,0,0,0,-63,-94,-65,-96,-55,-86,-55,-89,-68,-87,-47,-88,-62,-87,-61,-79,-55,-87,-63,-68,-68,-61,-63,-68,-79,-59,-74,-63,-56,-73,-65,-68,-74,-59,-73,-63,-72,-70,-78,-53,-71,-55,-68,-57,-73,-39,-80,-40,-80,-41,-97,-37,-81,-33,-78,-54,-81,-39,-80,-33,-81,-44,-83,-43,-86,-36,-80,-37,-74,-45,-80,-28,-84,-30,-85,-27,-90,-27,-88,-32,-76,-34,-68,-46,-73,-36,-73,-37,-67,-40,-66,-34,-59,-36,-63,-42,-57,-29,-53,-34,-56,-32,-54,-24,-55,-30,-42,-35,-42,-37,-39,-34,-34,-37,0,0,0,0,0,0,0,0,0,0]"""
1782318880187,2026-06-25T01:34:40.157,warning,bed_exit,yja,bed_exit_failed,t057,"CSI_DATA,810525,1a:00:00:00:00:00,-65,11,-99,18,50,11,-346924646,47,2,256,0,""[0,0,0,0,0,0,0,0,0,0,0,0,-19,16,-11,13,-22,22,-15,20,-27,18,-25,16,-27,20,-34,14,-31,17,-34,24,-33,12,-39,11,-39,11,-43,14,-33,10,-55,27,-39,17,-58,18,-41,22,-37,13,-53,16,-44,25,-63,27,-49,16,-52,14,-56,24,-57,24,-42,23,-55,32,-40,19,-55,41,-34,22,-41,40,-43,34,-41,39,-41,46,-54,50,-47,42,-44,45,-43,55,-29,46,-46,73,-34,54,-29,66,-25,50,-24,83,-32,74,-11,78,-20,81,-23,89,-19,72,-19,90,-12,81,-7,110,-17,96,-13,74,-6,106,0,0,0,0,0,0,94,-10,121,-2,81,-5,101,-16,126,-11,84,-12,119,-25,72,-21,112,-29,77,-20,86,-32,96,-33,88,-46,102,-48,88,-28,86,-34,86,-46,80,-51,63,-46,86,-66,54,-50,78,-69,46,-49,55,-63,60,-73,56,-75,64,-87,64,-73,62,-68,60,-79,60,-85,31,-71,57,-94,37,-66,35,-95,22,-54,24,-86,33,-80,22,-88,31,-81,37,-90,43,-73,38,-72,37,-81,28,-63,33,-81,25,-54,20,-74,19,-49,20,-73,26,-59,21,-64,19,-55,27,-62,20,-46,24,-45,21,-38,0,0,0,0,0,0,0,0,0,0]"""
1782318880198,2026-06-25T01:34:40.168,warning,bed_exit,yja,bed_exit_failed,t057,"CSI_DATA,810526,1a:00:00:00:00:00,-65,11,-99,14,51,11,-346913586,47,2,256,0,""[0,0,0,0,0,0,0,0,0,0,0,0,14,4,29,16,18,10,31,18,14,10,32,23,23,29,18,24,19,32,14,24,22,33,22,30,19,36,17,36,23,49,12,24,24,52,15,35,25,66,9,54,1,50,18,54,8,47,15,61,16,60,6,51,3,50,7,61,11,38,14,64,16,46,13,82,12,67,12,63,11,67,8,53,10,46,17,67,19,58,11,53,24,73,18,41,36,71,19,57,32,102,17,73,32,73,14,77,23,68,29,68,50,93,33,70,41,88,25,83,46,79,45,113,38,92,0,0,0,0,0,0,100,-41,70,-24,127,-43,94,-34,60,-21,117,-38,74,-29,118,-42,62,-33,127,-27,101,-24,86,-19,83,-30,75,-24,89,-37,92,-32,90,-32,77,-33,101,-38,57,-30,86,-50,70,-31,108,-58,88,-40,83,-31,83,-41,64,-18,87,-48,80,-55,79,-37,71,-34,96,-42,56,-35,84,-59,62,-30,119,-63,84,-31,90,-36,90,-22,73,-23,65,-25,86,-42,81,-24,62,-18,80,-19,49,-22,81,-27,59,-7,102,-12,57,1,68,-4,58,10,52,-4,54,5,62,3,52,6,55,9,0,0,0,0,0,0,0,0,0,0]"""
1782318880209,2026-06-25T01:34:40.179,warning,bed_exit,yja,bed_exit_failed,t057,"CSI_DATA,810527,1a:00:00:00:00:00,-65,11,-99,18,50,11,-346902438,47,2,256,0,""[0,0,0,0,0,0,0,0,0,0,0,0,11,-14,21,-22,15,-16,22,-17,18,-15,37,-27,32,-19,32,-11,32,-21,24,-8,37,-11,44,-11,39,0,38,2,55,0,33,-4,50,-5,35,-11,75,6,61,16,55,13,45,16,41,10,61,9,51,8,60,18,50,11,68,14,39,5,65,13,48,6,88,26,59,17,57,14,50,23,56,9,52,6,75,0,55,16,50,12,77,20,55,-11,79,-6,63,5,107,9,76,10,80,0,81,15,68,4,76,12,99,0,81,-10,100,0,84,5,101,0,110,13,96,11,0,0,0,0,0,0,18,-106,13,-73,23,-128,17,-99,12,-63,18,-122,13,-78,19,-122,10,-78,22,-125,22,-108,23,-84,14,-84,27,-73,18,-99,11,-95,21,-88,18,-88,22,-102,-1,-62,6,-106,4,-74,11,-125,15,-103,12,-82,9,-90,13,-63,6,-99,13,-92,11,-87,10,-70,18,-104,-3,-69,3,-99,3,-79,18,-128,28,-87,17,-89,38,-86,26,-74,21,-66,19,-87,23,-73,23,-68,37,-75,10,-63,24,-81,32,-52,51,-91,35,-51,30,-56,37,-42,28,-42,39,-32,42,-46,35,-39,37,-34,0,0,0,0,0,0,0,0,0,0]"""
1782318880220,2026-06-25T01:34:40.190,warning,bed_exit,yja,bed_exit_failed,t057,"CSI_DATA,810528,1a:00:00:00:00:00,-65,11,-99,16,50,11,-346891569,47,2,256,0,""[0,0,0,0,0,0,0,0,0,0,0,0,0,21,-6,30,0,25,-11,32,-2,26,-9,35,-16,31,-13,24,-20,39,-17,24,-24,37,-25,35,-19,39,-18,34,-29,40,-25,34,-33,42,-31,31,-36,43,-29,37,-35,21,-32,42,-38,32,-39,42,-31,51,-38,43,-39,44,-45,47,-23,41,-33,54,-31,44,-35,58,-42,42,-31,46,-40,47,-34,53,-31,50,-20,53,-19,61,-14,48,-28,61,-3,56,-10,77,-19,70,-19,92,-25,67,-15,72,-29,76,-11,70,-3,80,4,90,5,92,0,92,0,96,25,93,3,103,-5,96,0,0,0,0,0,0,114,0,88,-4,122,-9,109,6,86,-10,114,-9,81,-14,112,-21,83,-13,116,-14,107,-9,91,-2,99,-20,83,-10,94,-33,90,-36,84,-37,80,-34,96,-36,63,-40,79,-52,75,-39,90,-56,83,-45,83,-44,83,-46,72,-40,67,-61,70,-61,66,-60,65,-51,88,-61,46,-63,61,-77,66,-59,80,-79,76,-50,61,-60,84,-52,66,-56,63,-55,62,-67,56,-62,45,-51,66,-49,42,-55,53,-57,53,-37,72,-49,57,-30,57,-35,62,-27,54,-35,50,-26,53,-29,45,-28,49,-26,0,0,0,0,0,0,0,0,0,0]"""
1782318880231,2026-06-25T01:34:40.201,warning,bed_exit,yja,bed_exit_failed,t057,"CSI_DATA,810529,1a:00:00:00:00:00,-65,11,-99,16,50,11,-346880594,47,2,256,0,""[0,0,0,0,0,0,0,0,0,0,0,0,24,-5,23,-4,33,1,24,0,31,7,26,1,27,3,29,8,42,1,31,15,30,19,35,25,31,27,31,33,30,34,39,29,41,33,36,42,33,31,28,41,25,48,38,43,31,49,17,53,20,51,24,46,25,53,22,53,27,53,22,53,20,55,21,53,21,48,24,54,31,55,29,55,23,49,20,60,24,55,16,63,13,66,39,63,28,66,19,72,31,63,35,62,35,67,38,74,42,78,32,90,27,82,40,85,29,88,40,87,28,95,26,91,35,92,0,0,0,0,0,0,105,-21,105,-16,98,-6,105,-9,106,-17,105,-4,102,-11,95,-7,105,5,97,-17,89,-10,98,-6,104,-19,100,-1,92,6,86,3,95,-1,101,6,96,2,94,-16,92,-5,95,7,88,-8,93,-12,92,-1,96,-17,88,-4,94,14,94,6,91,2,96,8,94,6,98,0,94,6,94,9,88,8,88,4,93,4,92,7,93,7,92,20,77,29,83,24,75,37,75,39,76,31,67,33,65,46,57,36,51,37,53,30,51,37,53,36,43,40,26,45,31,44,30,44,0,0,0,0,0,0,0,0,0,0]"""
1782318880242,2026-06-25T01:34:40.212,warning,bed_exit,yja,bed_exit_failed,t057,"CSI_DATA,810531,1a:00:00:00:00:00,-65,11,-99,17,50,11,-346858646,47,2,256,0,""[0,0,0,0,0,0,0,0,0,0,0,0,-6,-25,-6,-28,0,-29,0,-30,0,-29,0,-33,6,-35,3,-40,11,-25,13,-37,2,-37,9,-43,11,-38,18,-35,12,-39,20,-43,24,-44,20,-39,31,-41,29,-48,22,-51,46,-34,24,-42,31,-44,34,-42,32,-45,32,-40,28,-43,42,-40,44,-45,34,-37,39,-47,39,-54,41,-42,33,-49,34,-46,33,-53,30,-59,36,-54,32,-52,29,-52,39,-52,39,-68,29,-61,30,-63,31,-80,38,-60,21,-80,43,-70,27,-68,35,-76,34,-78,35,-86,41,-86,45,-87,42,-93,37,-95,0,0,0,0,0,0,-98,-41,-100,-43,-98,-47,-101,-38,-94,-42,-94,-36,-94,-47,-94,-44,-92,-39,-101,-40,-94,-40,-101,-27,-81,-31,-93,-23,-96,-20,-86,-22,-94,-23,-89,-27,-87,-21,-94,-27,-94,-25,-82,-18,-97,-19,-92,-23,-102,-6,-80,-20,-91,-3,-98,-7,-95,-1,-93,-3,-92,-8,-91,5,-95,-22,-98,-19,-82,-6,-96,-20,-97,-10,-90,-17,-94,-10,-84,-21,-85,-15,-84,-14,-86,-22,-81,-20,-82,-17,-70,-32,-70,-33,-70,-22,-65,-28,-69,-26,-55,-25,-57,-23,-53,-36,-47,-30,-44,-31,-40,-28,-41,-30,0,0,0,0,0,0,0,0,0,0]"""
1782318880253,2026-06-25T01:34:40.223,warning,bed_exit,yja,bed_exit_failed,t057,"CSI_DATA,810532,1a:00:00:00:00:00,-65,11,-99,18,50,11,-346847646,47,2,256,0,""[0,0,0,0,0,0,0,0,0,0,0,0,2,22,6,29,1,23,0,33,5,26,4,36,0,36,0,24,1,36,-4,32,-1,36,-3,37,-10,42,-5,41,-6,50,-2,37,-3,51,-6,46,-7,56,0,50,-6,38,-4,61,-12,45,-9,61,-10,58,-8,51,-8,55,-7,58,1,48,8,62,7,46,0,75,1,55,6,63,6,59,12,67,8,46,22,54,12,63,23,53,17,65,30,43,39,55,37,63,41,79,30,55,49,53,46,69,52,63,59,64,73,68,55,57,61,61,65,58,71,66,86,73,88,68,0,0,0,0,0,0,63,-90,58,-75,62,-103,62,-86,44,-68,62,-91,42,-74,53,-104,40,-84,56,-94,35,-94,38,-85,26,-100,36,-85,35,-97,28,-94,23,-86,24,-91,23,-102,0,-78,-6,-94,0,-86,0,-108,-11,-92,-11,-89,-21,-97,-3,-80,-11,-94,-15,-95,-19,-79,-14,-85,-16,-105,-37,-68,-43,-91,-29,-87,-43,-108,-26,-84,-42,-86,-28,-86,-32,-82,-28,-74,-37,-82,-35,-80,-25,-67,-28,-82,-37,-61,-40,-78,-26,-68,-28,-81,-17,-55,-31,-68,-11,-55,-25,-55,-10,-56,-9,-60,-11,-54,-9,-54,0,0,0,0,0,0,0,0,0,0]"""
1782318880264,2026-06-25T01:34:40.234,warning,bed_exit,yja,bed_exit_failed,t057,"CSI_DATA,810533,1a:00:00:00:00:00,-65,11,-99,18,50,11,-346835872,47,2,256,0,""[0,0,0,0,0,0,0,0,0,0,0,0,18,-19,21,-20,11,-18,21,-23,14,-23,29,-24,34,-24,32,-21,29,-21,24,-9,38,-19,41,-20,36,-21,37,-22,47,-27,30,-13,48,-25,32,-22,60,-29,47,-33,33,-24,42,-29,39,-15,52,-32,49,-28,51,-25,50,-24,56,-27,32,-27,47,-42,41,-25,58,-48,48,-33,43,-35,46,-37,43,-36,32,-33,39,-54,36,-48,34,-42,37,-54,21,-45,31,-69,24,-57,43,-94,39,-63,32,-70,41,-67,19,-65,16,-78,18,-103,10,-81,17,-104,24,-81,1,-96,9,-109,11,-95,0,0,0,0,0,0,-111,-7,-76,-2,-128,6,-103,-1,-64,3,-116,2,-77,11,-125,17,-79,11,-128,8,-109,6,-90,7,-84,19,-75,13,-97,33,-92,32,-85,32,-81,31,-95,42,-56,32,-92,58,-63,35,-104,68,-78,55,-73,55,-75,55,-54,43,-68,70,-69,66,-64,60,-63,51,-76,71,-30,63,-56,86,-53,63,-86,109,-65,73,-55,80,-69,63,-49,60,-48,56,-55,82,-50,77,-39,57,-53,65,-31,57,-51,79,-38,47,-68,74,-43,44,-46,54,-48,39,-36,47,-41,34,-47,49,-35,36,-36,37,0,0,0,0,0,0,0,0,0,0]"""
1782318880275,2026-06-25T01:34:40.245,warning,bed_exit,yja,bed_exit_failed,t057,"CSI_DATA,810534,1a:00:00:00:00:00,-65,11,-99,17,50,11,-346823139,47,2,256,0,""[0,0,0,0,0,0,0,0,0,0,0,0,23,-11,18,-13,30,-8,24,-11,25,-9,30,-4,30,-7,42,-8,29,-7,38,-6,32,-7,37,-4,42,-1,42,-1,36,-2,47,-1,45,-6,54,-9,46,-1,54,-1,63,-11,51,2,62,-8,54,-5,52,11,54,-5,52,-6,45,-14,67,-7,54,-6,54,-22,54,-14,58,-27,55,-19,54,-27,56,-23,58,-32,54,-33,63,-22,53,-32,46,-40,59,-48,53,-45,48,-59,40,-45,48,-71,52,-64,43,-63,50,-66,48,-69,56,-63,51,-73,39,-78,46,-97,50,-86,54,-73,44,-92,0,0,0,0,0,0,-101,-30,-108,-30,-92,-27,-105,-11,-111,-30,-95,-15,-117,-22,-86,-20,-111,-11,-92,-12,-103,-5,-103,4,-99,2,-105,4,-97,5,-89,-3,-102,5,-96,18,-82,20,-108,23,-85,24,-93,48,-80,26,-84,45,-82,48,-77,38,-87,55,-89,50,-81,39,-87,54,-83,58,-52,58,-93,62,-70,54,-60,75,-69,50,-70,80,-74,62,-62,68,-63,67,-70,63,-68,60,-75,53,-70,54,-54,57,-67,58,-53,44,-47,62,-45,46,-47,59,-49,42,-50,49,-45,40,-47,46,-46,33,-44,24,-39,25,0,0,0,0,0,0,0,0,0,0]"""
1782318880286,2026-06-25T01:34:40.256,warning,bed_exit,yja,bed_exit_failed,t057,"CSI_DATA,810535,1a:00:00:00:00:00,-65,11,-99,18,50,11,-346814440,47,2,256,0,""[0,0,0,0,0,0,0,0,0,0,0,0,-13,20,-10,21,-21,17,-19,20,-19,16,-28,15,-12,23,-28,33,-28,19,-25,34,-28,22,-27,27,-33,24,-36,16,-28,24,-52,19,-42,17,-57,16,-40,12,-28,15,-43,26,-46,24,-56,32,-42,11,-50,19,-50,21,-62,21,-50,25,-61,19,-44,16,-53,19,-37,17,-39,37,-37,30,-45,37,-54,43,-48,42,-46,32,-55,44,-55,42,-48,48,-69,42,-63,39,-40,44,-37,34,-47,64,-49,50,-37,74,-49,72,-36,68,-50,54,-59,72,-63,76,-50,77,-60,63,-40,75,-49,82,0,0,0,0,0,0,87,58,101,68,69,45,91,54,102,61,82,53,94,66,79,50,96,51,80,39,82,32,109,34,103,35,103,25,81,32,93,28,96,24,98,34,94,24,109,39,91,22,101,20,73,19,84,0,99,-6,97,6,104,-1,84,4,95,0,95,-4,109,4,94,-16,107,16,96,7,93,-2,68,2,94,-16,89,-6,89,-21,102,-1,99,-5,81,11,91,10,98,6,86,-2,85,20,74,24,81,0,48,5,75,5,60,6,72,-10,68,12,63,5,50,14,52,14,44,16,0,0,0,0,0,0,0,0,0,0]"""
1782318880297,2026-06-25T01:34:40.267,warning,bed_exit,yja,bed_exit_failed,t057,"CSI_DATA,810536,1a:00:00:00:00:00,-65,11,-99,17,50,11,-346801550,47,2,256,0,""[0,0,0,0,0,0,0,0,0,0,0,0,11,-20,10,-28,7,-22,12,-26,0,-31,11,-30,20,-25,15,-23,17,-33,19,-23,25,-26,30,-35,22,-30,24,-31,34,-41,27,-34,31,-36,28,-34,35,-38,27,-36,24,-27,38,-43,40,-31,38,-37,40,-32,43,-34,48,-37,46,-44,26,-39,30,-46,38,-45,35,-48,37,-43,27,-48,28,-46,35,-54,34,-44,32,-56,30,-49,23,-54,32,-60,14,-67,14,-67,20,-75,28,-85,26,-67,16,-86,29,-76,8,-83,10,-88,4,-91,7,-96,4,-100,8,-95,-2,-100,0,-102,0,-102,0,0,0,0,0,0,-109,5,-104,0,-115,6,-109,8,-99,0,-114,8,-92,12,-116,12,-94,14,-112,7,-105,20,-92,8,-107,28,-86,10,-95,22,-100,23,-86,30,-86,26,-102,22,-76,42,-83,49,-87,46,-90,44,-85,46,-76,38,-88,64,-81,44,-70,55,-79,56,-75,54,-73,44,-90,57,-57,65,-63,72,-78,69,-78,73,-70,50,-70,65,-81,60,-72,60,-68,58,-66,62,-60,56,-54,50,-72,46,-56,57,-59,59,-65,41,-69,45,-54,30,-54,41,-59,27,-52,42,-55,27,-49,30,-54,26,-52,21,0,0,0,0,0,0,0,0,0,0]"""
1782318880308,2026-06-25T01:34:40.278,warning,bed_exit,yja,bed_exit_failed,t057,"CSI_DATA,810537,1a:00:00:00:00:00,-65,11,-99,19,49,11,-346792647,47,2,256,0,""[0,0,0,0,0,0,0,0,0,0,0,0,-25,0,67,80,11,7,102,33,19,-31,21,85,-83,32,46,63,59,56,-32,93,-4,7,30,59,10,73,3,23,59,58,8,45,6,19,-8,68,25,67,6,71,-5,38,15,52,0,50,0,62,3,55,-1,59,0,50,-5,58,1,46,1,62,4,51,6,78,-2,63,1,65,0,56,0,52,3,51,20,61,17,60,11,61,3,74,18,57,23,70,13,66,20,101,2,69,22,77,5,81,20,68,19,84,41,94,37,78,36,97,28,88,44,88,43,113,19,94,0,0,0,0,0,0,106,-36,89,-25,127,-45,98,-24,69,-26,111,-37,84,-29,114,-39,79,-32,117,-31,108,-33,89,-17,88,-32,77,-21,99,-39,84,-41,94,-42,84,-42,99,-42,63,-39,89,-55,68,-39,107,-58,97,-50,90,-48,85,-47,66,-32,77,-62,77,-58,75,-54,75,-48,91,-57,59,-54,81,-66,70,-44,111,-72,91,-46,80,-53,93,-40,73,-43,74,-32,77,-52,77,-45,70,-34,85,-39,55,-32,76,-39,65,-21,96,-28,67,-10,71,-17,66,-1,61,-8,57,-4,71,-10,52,-6,60,-2,0,0,0,0,0,0,0,0,0,0]"""
1782318880319,2026-06-25T01:34:40.289,warning,bed_exit,yja,bed_exit_failed,t057,"CSI_DATA,810538,1a:00:00:00:00:00,-65,11,-99,15,50,11,-346781400,47,2,256,0,""[0,0,0,0,0,0,0,0,0,0,0,0,-6,-22,-10,-23,-2,-31,-4,-28,-5,-30,1,-28,3,-28,3,-41,0,-37,8,-43,8,-32,12,-39,19,-38,18,-43,15,-33,26,-49,14,-40,18,-53,23,-37,32,-47,31,-59,32,-30,33,-52,28,-39,38,-36,36,-43,30,-39,18,-42,43,-46,34,-35,32,-50,30,-33,31,-49,41,-47,36,-46,34,-48,39,-56,36,-50,43,-50,39,-59,21,-60,39,-68,36,-54,21,-74,27,-57,17,-82,42,-61,21,-77,46,-77,46,-77,41,-69,46,-75,36,-87,48,-103,45,-96,46,-76,35,-99,0,0,0,0,0,0,-85,-45,-110,-49,-80,-32,-107,-35,-111,-54,-81,-28,-116,-56,-80,-39,-103,-47,-84,-45,-91,-37,-105,-44,-93,-42,-102,-45,-89,-37,-77,-46,-89,-48,-92,-33,-79,-19,-110,-35,-79,-22,-104,-21,-77,-29,-99,-17,-97,-18,-83,-29,-109,-23,-95,-25,-91,-32,-97,-32,-98,-23,-84,-9,-117,-32,-86,-27,-102,-14,-74,-28,-101,-18,-92,-34,-98,-18,-87,-26,-90,-35,-80,-36,-77,-49,-78,-44,-72,-28,-76,-43,-63,-39,-77,-32,-48,-32,-69,-32,-56,-41,-56,-40,-41,-33,-46,-46,-38,-43,-31,-42,-28,-35,0,0,0,0,0,0,0,0,0,0]"""
1782318880330,2026-06-25T01:34:40.300,warning,bed_exit,yja,bed_exit_failed,t057,"CSI_DATA,810539,1a:00:00:00:00:00,-65,11,-99,16,50,11,-346765740,47,2,256,0,""[0,0,0,0,0,0,0,0,0,0,0,0,-7,-24,0,-21,0,-35,-4,-29,1,-33,9,-27,0,-22,2,-36,9,-28,0,-47,4,-37,9,-33,7,-38,17,-44,10,-38,19,-52,13,-39,20,-49,13,-42,11,-45,11,-67,20,-49,13,-55,15,-48,22,-46,21,-50,27,-53,17,-45,23,-56,18,-48,19,-54,12,-46,7,-58,4,-53,5,-60,9,-64,13,-66,12,-54,12,-68,-3,-72,-8,-68,8,-80,3,-66,-13,-74,0,-53,-20,-74,-5,-77,-27,-76,-26,-93,-24,-86,-15,-75,-11,-95,-22,-88,-30,-91,-23,-86,-24,-94,-43,-96,0,0,0,0,0,0,-99,46,-115,47,-72,31,-92,42,-114,42,-87,32,-115,50,-85,48,-109,52,-78,36,-79,48,-82,61,-87,49,-84,72,-74,46,-79,45,-79,59,-82,64,-64,64,-80,83,-61,57,-70,79,-50,50,-52,71,-58,84,-60,80,-60,89,-52,75,-61,81,-55,83,-57,92,-41,83,-69,105,-51,83,-43,85,-35,64,-38,91,-43,88,-27,98,-48,86,-49,86,-52,71,-55,76,-53,82,-44,76,-57,67,-45,53,-35,73,-30,45,-37,68,-37,48,-31,64,-43,57,-41,54,-34,40,-39,34,-35,30,0,0,0,0,0,0,0,0,0,0]"""
1782318880341,2026-06-25T01:34:40.311,warning,bed_exit,yja,bed_exit_failed,t057,"CSI_DATA,810540,1a:00:00:00:00:00,-65,11,-99,16,50,11,-346759541,47,2,256,0,""[0,0,0,0,0,0,0,0,0,0,0,0,-13,-25,-12,-19,-9,-23,-10,-20,-4,-30,-3,-29,-9,-31,-9,-39,-6,-32,0,-37,1,-37,0,-42,11,-37,7,-42,0,-33,15,-56,12,-48,21,-54,27,-35,9,-35,18,-42,20,-43,29,-53,29,-42,33,-40,33,-43,31,-47,21,-42,42,-48,35,-37,32,-49,31,-31,29,-47,38,-43,31,-52,39,-58,42,-53,40,-45,44,-46,46,-53,34,-53,49,-62,40,-53,31,-62,32,-45,33,-79,46,-58,31,-77,45,-77,47,-67,54,-61,61,-71,49,-77,56,-91,64,-76,52,-64,58,-85,0,0,0,0,0,0,-75,-68,-94,-80,-63,-58,-88,-62,-94,-87,-65,-64,-83,-94,-70,-72,-73,-82,-65,-67,-67,-58,-87,-77,-65,-67,-85,-76,-64,-65,-63,-64,-71,-71,-69,-79,-61,-57,-83,-81,-72,-59,-78,-64,-57,-53,-67,-54,-85,-66,-71,-61,-85,-72,-62,-66,-59,-72,-73,-64,-74,-71,-69,-53,-73,-84,-57,-69,-80,-67,-44,-61,-80,-67,-56,-72,-69,-68,-62,-77,-55,-83,-42,-73,-34,-83,-41,-85,-41,-72,-36,-86,-20,-72,-38,-72,-12,-55,-32,-67,-17,-72,-21,-63,-10,-69,-7,-66,1,-60,6,-58,4,-52,0,0,0,0,0,0,0,0,0,0]"""
1782318880352,2026-06-25T01:34:40.322,warning,bed_exit,yja,bed_exit_failed,t057,"CSI_DATA,810541,1a:00:00:00:00:00,-65,11,-99,17,50,11,-346748647,47,2,256,0,""[0,0,0,0,0,0,0,0,0,0,0,0,-18,-6,-22,-9,-22,-16,-21,-14,-22,-21,-17,-12,-22,-21,-15,-26,-20,-22,-14,-31,-9,-34,-16,-38,-10,-35,-6,-45,0,-49,-13,-46,-10,-38,3,-49,-2,-48,4,-46,12,-50,-3,-54,11,-51,15,-52,14,-56,13,-47,15,-53,18,-49,13,-64,13,-57,14,-52,14,-54,11,-53,6,-57,6,-60,7,-62,14,-57,23,-57,18,-66,22,-68,22,-71,10,-70,18,-64,23,-76,6,-67,16,-70,2,-71,13,-72,17,-92,23,-85,27,-82,29,-87,26,-83,24,-86,38,-92,35,-101,39,-101,0,0,0,0,0,0,-107,-54,-107,-58,-87,-56,-91,-55,-96,-54,-82,-62,-93,-60,-95,-54,-83,-68,-84,-44,-78,-43,-86,-54,-104,-44,-90,-53,-70,-67,-78,-59,-79,-55,-81,-64,-88,-66,-87,-46,-87,-49,-82,-53,-81,-44,-77,-38,-86,-54,-101,-47,-86,-54,-78,-62,-78,-59,-77,-57,-76,-59,-86,-65,-81,-63,-78,-54,-75,-70,-70,-57,-72,-57,-77,-62,-71,-65,-74,-64,-61,-70,-42,-70,-47,-72,-46,-84,-42,-82,-46,-68,-32,-65,-28,-77,-26,-59,-25,-59,-29,-61,-20,-64,-20,-66,-11,-64,2,-58,0,-58,6,-53,0,0,0,0,0,0,0,0,0,0]"""
1782318880363,2026-06-25T01:34:40.333,warning,bed_exit,yja,bed_exit_failed,t057,"CSI_DATA,810542,1a:00:00:00:00:00,-65,11,-99,16,50,11,-346736080,47,2,256,0,""[0,0,0,0,0,0,0,0,0,0,0,0,18,0,27,3,27,0,31,5,32,7,23,9,26,12,21,20,28,22,30,23,30,22,21,26,30,30,33,32,30,40,31,31,31,33,23,39,28,50,20,43,9,42,29,61,9,43,22,53,20,56,12,52,10,54,11,56,27,49,23,52,14,60,22,60,13,59,16,59,5,63,8,60,10,63,18,58,21,61,20,66,11,68,27,59,31,62,28,73,24,74,11,70,19,79,7,75,29,80,22,91,38,84,36,94,27,94,24,87,44,93,31,101,31,102,0,0,0,0,0,0,117,-19,109,-15,114,-16,105,-13,101,-13,108,-12,104,-19,107,-15,105,-11,97,-2,97,0,98,15,105,-8,102,9,97,-5,94,0,97,-3,99,-11,107,-1,94,-20,94,-18,100,-8,96,-11,94,-8,97,5,102,-16,99,4,95,-7,100,-1,91,-5,94,0,105,6,101,-21,99,-17,100,-1,105,3,92,14,104,10,102,31,97,16,89,28,90,9,84,21,83,17,81,36,79,10,79,22,73,32,72,32,53,38,59,38,46,48,58,40,49,42,46,39,40,41,32,40,0,0,0,0,0,0,0,0,0,0]"""
1782318880374,2026-06-25T01:34:40.344,warning,bed_exit,yja,bed_exit_failed,t057,"CSI_DATA,810543,1a:00:00:00:00:00,-65,11,-99,18,50,11,-346719578,47,2,256,0,""[0,0,0,0,0,0,0,0,0,0,0,0,19,-18,12,-15,25,-17,21,-17,22,-15,27,-9,31,-19,32,-16,31,-8,37,-11,32,-15,33,-8,40,-13,38,-11,36,-17,51,-11,37,-12,50,-8,53,-4,54,0,65,2,48,-5,58,-11,55,-5,54,-3,57,0,54,-4,41,-4,65,0,55,-2,55,-4,58,-1,63,-14,63,-11,61,-14,54,-11,57,-9,62,-15,72,-11,70,-18,60,-25,67,-21,62,-21,70,-34,57,-24,78,-49,77,-36,70,-36,81,-39,76,-38,92,-41,78,-32,73,-52,93,-49,88,-47,81,-38,95,-60,0,0,0,0,0,0,-55,-86,-57,-97,-56,-91,-69,-85,-63,-94,-55,-79,-68,-97,-56,-85,-68,-92,-60,-85,-64,-80,-68,-77,-53,-76,-72,-85,-64,-77,-50,-71,-63,-83,-67,-73,-66,-54,-74,-78,-66,-60,-81,-56,-69,-61,-75,-64,-83,-51,-71,-55,-85,-60,-79,-63,-76,-58,-82,-63,-81,-57,-76,-35,-89,-63,-77,-52,-88,-43,-71,-53,-99,-54,-80,-52,-86,-46,-71,-52,-75,-56,-73,-57,-65,-65,-70,-60,-61,-46,-62,-60,-54,-54,-68,-49,-50,-42,-63,-52,-50,-48,-50,-48,-37,-48,-39,-45,-37,-52,-22,-49,-25,-50,0,0,0,0,0,0,0,0,0,0]"""
1782318880385,2026-06-25T01:34:40.355,warning,bed_exit,yja,bed_exit_failed,t057,"CSI_DATA,810544,1a:00:00:00:00:00,-65,11,-99,21,49,11,-346715601,47,2,256,0,""[0,0,0,0,0,0,0,0,0,0,0,0,-27,2,-22,3,-34,5,-30,0,-31,-1,-26,-1,-26,0,-28,-5,-31,-2,-37,-8,-28,-14,-30,-18,-33,-21,-40,-20,-43,-19,-46,-27,-38,-24,-37,-23,-32,-25,-48,-17,-47,-23,-51,-34,-43,-40,-34,-34,-40,-42,-32,-41,-38,-42,-34,-39,-50,-44,-40,-30,-43,-38,-38,-30,-46,-31,-46,-38,-48,-38,-54,-38,-47,-47,-42,-46,-54,-46,-61,-41,-57,-38,-64,-44,-57,-38,-68,-32,-46,-37,-70,-38,-61,-46,-77,-33,-84,-34,-86,-50,-70,-45,-76,-59,-77,-38,-86,-48,-89,-44,-82,-51,-101,-46,0,0,0,0,0,0,-46,99,-64,111,-53,70,-53,101,-66,106,-49,82,-56,110,-44,88,-62,104,-49,65,-42,86,-58,89,-50,97,-54,104,-52,78,-61,80,-47,86,-54,91,-39,94,-38,104,-28,83,-42,100,-32,78,-27,78,-33,90,-26,96,-46,103,-33,82,-45,89,-38,87,-42,93,-31,94,-36,106,-31,94,-33,94,-30,69,-22,90,-33,94,-38,94,-38,91,-51,86,-43,72,-57,76,-47,81,-43,78,-43,79,-38,60,-44,75,-36,41,-38,54,-44,49,-42,54,-46,55,-56,42,-43,30,-47,28,-50,30,0,0,0,0,0,0,0,0,0,0]"""
1782318880396,2026-06-25T01:34:40.366,warning,bed_exit,yja,bed_exit_failed,t057,"CSI_DATA,810545,1a:00:00:00:00:00,-64,11,-99,20,49,11,-346703237,47,2,256,0,""[0,0,0,0,0,0,0,0,0,0,0,0,23,12,20,14,27,14,25,10,24,12,26,17,20,20,27,25,32,25,26,27,30,26,31,34,33,23,38,27,30,34,34,31,34,27,38,33,32,29,36,37,37,45,42,36,37,43,34,37,31,39,39,43,42,43,48,44,49,24,51,24,53,39,49,29,47,31,52,28,48,39,63,29,53,30,61,26,59,18,64,18,66,19,70,5,70,0,73,9,83,6,76,3,81,2,91,8,88,-11,91,-8,83,-16,97,-21,97,-18,97,-24,95,-40,93,-36,94,-29,0,0,0,0,0,0,-40,-101,-36,-104,-43,-93,-50,-105,-48,-97,-52,-101,-61,-88,-63,-90,-52,-86,-54,-88,-63,-83,-55,-91,-78,-75,-65,-76,-72,-83,-68,-78,-69,-63,-77,-63,-78,-69,-88,-47,-87,-38,-85,-51,-78,-43,-90,-34,-82,-42,-105,-31,-92,-38,-94,-25,-91,-31,-87,-26,-94,-21,-105,-29,-97,-9,-105,0,-105,-12,-95,-6,-98,-13,-104,-3,-98,-19,-90,-1,-92,-20,-96,-7,-91,0,-93,-5,-90,-15,-89,3,-81,6,-78,-6,-73,-7,-67,-9,-71,-8,-67,-13,-69,-5,-67,-9,-60,-10,-60,-4,-58,-12,0,0,0,0,0,0,0,0,0,0]"""
1782318880407,2026-06-25T01:34:40.377,warning,bed_exit,yja,bed_exit_failed,t057,"CSI_DATA,810546,1a:00:00:00:00:00,-64,11,-99,16,50,11,-346690986,47,2,256,0,""[0,0,0,0,0,0,0,0,0,0,0,0,7,-15,20,-19,18,-12,23,-16,20,-13,31,-21,36,-8,31,-9,33,-13,29,0,35,-12,38,-12,37,-9,43,-8,54,-9,36,-11,54,-9,40,-5,57,-2,60,0,45,1,60,10,42,7,57,6,57,9,58,1,49,0,60,9,49,3,64,1,57,1,70,6,62,16,63,7,64,16,58,10,53,0,63,-17,59,-6,62,-5,74,4,55,-21,76,-18,77,-9,97,-20,67,1,81,-17,83,3,81,-7,88,-14,94,-33,85,-45,90,-28,87,-18,96,-42,106,-30,100,-20,0,0,0,0,0,0,-13,-110,-16,-99,-19,-127,-10,-106,-18,-82,-23,-116,-21,-94,-27,-119,-21,-94,-20,-115,-12,-107,-8,-96,-25,-99,-9,-91,-34,-93,-42,-97,-39,-90,-31,-90,-34,-107,-38,-71,-48,-91,-37,-81,-42,-108,-31,-107,-29,-86,-32,-91,-29,-81,-54,-89,-53,-86,-48,-80,-41,-76,-41,-100,-49,-61,-57,-88,-48,-82,-61,-105,-20,-98,-31,-91,-22,-104,-28,-83,-31,-83,-48,-79,-38,-85,-35,-67,-17,-88,-36,-62,-36,-82,-21,-75,-16,-95,3,-64,-3,-71,16,-69,0,-62,8,-62,-4,-63,-6,-56,0,-53,0,0,0,0,0,0,0,0,0,0]"""
1782318880418,2026-06-25T01:34:40.388,warning,bed_exit,yja,bed_exit_failed,t057,"CSI_DATA,810547,1a:00:00:00:00:00,-65,11,-99,16,50,11,-346680580,47,2,256,0,""[0,0,0,0,0,0,0,0,0,0,0,0,22,-4,25,-5,25,-9,25,-10,33,-3,26,-2,25,-1,33,0,34,-2,39,3,35,2,42,6,37,3,43,7,47,9,45,6,43,5,44,14,53,1,39,0,41,11,61,3,53,12,48,18,62,15,51,15,53,19,56,18,63,3,57,3,58,11,58,0,55,0,59,-6,61,-5,61,-8,61,-4,60,-3,61,-12,68,-12,68,-16,62,-26,68,-31,68,-19,69,-27,58,-30,69,-37,67,-44,69,-53,76,-54,71,-55,74,-49,87,-45,77,-60,76,-61,72,-68,77,-60,0,0,0,0,0,0,-76,-84,-81,-89,-70,-74,-72,-76,-83,-77,-72,-74,-82,-71,-87,-66,-79,-76,-74,-59,-77,-48,-83,-61,-97,-53,-90,-55,-78,-59,-87,-47,-87,-40,-85,-44,-94,-38,-94,-24,-89,-22,-95,-30,-92,-17,-89,-9,-93,-14,-103,1,-99,-9,-98,-17,-99,-6,-94,-7,-102,-9,-105,-11,-105,15,-101,12,-95,6,-94,12,-90,17,-94,15,-107,12,-102,20,-93,5,-87,3,-90,9,-93,6,-92,3,-80,10,-73,9,-82,0,-73,4,-65,7,-68,5,-67,4,-69,9,-64,1,-58,-8,-59,-6,-58,-9,0,0,0,0,0,0,0,0,0,0]"""
1782318880429,2026-06-25T01:34:40.399,warning,bed_exit,yja,bed_exit_failed,t057,"CSI_DATA,810548,1a:00:00:00:00:00,-65,11,-99,21,49,11,-346669672,47,2,256,0,""[0,0,0,0,0,0,0,0,0,0,0,0,18,-8,26,-16,17,-7,30,-13,21,-14,36,-13,34,-6,25,-5,38,-3,27,-3,46,-7,46,-10,39,-7,40,-5,50,-2,36,0,54,1,40,0,60,0,49,7,39,3,52,3,45,5,60,0,57,-6,54,6,49,-1,64,6,42,-1,67,0,51,-2,75,0,59,1,59,-6,57,-6,62,-3,54,-7,67,-19,61,-24,53,-18,68,-20,50,-22,76,-34,62,-26,102,-44,82,-32,72,-36,86,-34,64,-32,61,-46,74,-62,66,-61,80,-62,77,-51,70,-67,96,-73,88,-64,0,0,0,0,0,0,-78,-85,-53,-56,-96,-104,-58,-79,-56,-54,-90,-100,-64,-53,-94,-92,-68,-55,-99,-93,-88,-78,-78,-69,-75,-59,-55,-49,-100,-53,-94,-46,-93,-39,-70,-31,-96,-46,-70,-30,-111,-45,-80,-29,-117,-41,-95,-33,-89,-25,-81,-30,-79,-20,-100,-8,-98,-7,-99,-14,-85,-14,-102,-16,-77,-3,-115,-7,-89,-10,-128,-16,-101,-22,-96,-13,-98,-16,-85,-16,-78,-8,-104,0,-98,-3,-70,2,-88,-14,-68,-5,-94,-14,-62,-11,-104,-24,-66,-22,-70,-14,-59,-27,-55,-15,-53,-14,-65,-14,-56,-15,-49,-19,0,0,0,0,0,0,0,0,0,0]"""
1782318880440,2026-06-25T01:34:40.410,warning,bed_exit,yja,bed_exit_failed,t057,"CSI_DATA,810549,1a:00:00:00:00:00,-65,11,-99,19,49,11,-346660023,47,2,256,0,""[0,0,0,0,0,0,0,0,0,0,0,0,-15,-18,-14,-21,-22,-24,-15,-15,-13,-28,-14,-26,-15,-27,-16,-34,-20,-31,-22,-32,-13,-37,-20,-32,-16,-38,-15,-42,-12,-37,-6,-53,-6,-45,0,-56,-13,-38,0,-41,-5,-58,-10,-53,-13,-63,-6,-51,-5,-54,-7,-59,0,-60,0,-52,3,-63,0,-49,1,-58,-11,-46,-10,-51,-19,-54,-20,-53,-19,-63,-20,-67,-14,-67,-25,-61,-19,-74,-20,-58,-17,-82,-15,-70,-23,-68,-24,-51,-40,-67,-38,-74,-52,-63,-51,-81,-50,-69,-32,-69,-46,-89,-44,-86,-50,-86,-35,-88,-50,-78,-54,-81,0,0,0,0,0,0,-94,45,-115,60,-71,44,-97,42,-109,67,-93,33,-110,52,-81,49,-103,49,-70,50,-77,55,-84,70,-86,70,-82,85,-77,52,-67,68,-74,73,-84,66,-78,60,-83,78,-67,61,-85,66,-48,65,-51,73,-65,77,-55,90,-59,90,-62,66,-54,79,-55,87,-73,88,-57,81,-77,88,-62,74,-73,76,-41,61,-51,84,-54,84,-38,88,-62,84,-55,75,-68,61,-57,73,-74,67,-64,64,-66,56,-63,42,-64,51,-42,40,-53,50,-44,47,-45,56,-52,46,-49,48,-52,26,-49,32,-53,22,0,0,0,0,0,0,0,0,0,0]"""
1782318880451,2026-06-25T01:34:40.421,warning,bed_exit,yja,bed_exit_failed,t057,"CSI_DATA,810550,1a:00:00:00:00:00,-64,11,-99,21,49,11,-346649647,47,2,256,0,""[0,0,0,0,0,0,0,0,0,0,0,0,8,24,9,23,9,24,7,28,14,20,14,31,1,40,-4,28,4,33,2,37,6,42,5,43,9,46,9,42,6,51,8,38,6,54,5,45,6,58,5,55,2,39,4,56,-6,46,14,64,10,59,6,51,5,46,8,62,19,53,14,55,17,54,14,74,12,64,16,57,12,62,11,55,21,48,43,47,38,53,35,49,37,62,46,38,46,46,56,57,63,70,33,70,53,56,53,69,54,58,67,46,89,48,77,33,78,50,83,54,108,34,95,49,92,53,0,0,0,0,0,0,48,-110,28,-95,39,-126,54,-95,26,-76,26,-108,18,-99,22,-121,14,-97,27,-114,28,-107,32,-94,15,-96,16,-99,-6,-109,-14,-101,-14,-97,-12,-88,-4,-102,-23,-77,-32,-99,-25,-94,-32,-109,-23,-95,-23,-93,-33,-94,-30,-82,-60,-86,-53,-74,-49,-71,-46,-69,-42,-92,-60,-68,-75,-73,-64,-78,-77,-101,-38,-93,-57,-83,-45,-96,-46,-78,-55,-74,-77,-63,-65,-69,-60,-53,-55,-68,-59,-53,-62,-56,-46,-63,-53,-77,-34,-60,-40,-59,-24,-60,-30,-52,-29,-49,-49,-54,-37,-43,-28,-51,0,0,0,0,0,0,0,0,0,0]"""
1782318880462,2026-06-25T01:34:40.432,warning,bed_exit,yja,bed_exit_failed,t057,"CSI_DATA,810552,1a:00:00:00:00:00,-65,11,-99,19,49,11,-346626431,47,2,256,0,""[0,0,0,0,0,0,0,0,0,0,0,0,22,-6,28,-2,17,-4,32,-1,28,-5,35,9,35,11,26,10,33,11,29,10,36,9,37,17,42,21,39,22,46,35,28,11,44,31,32,24,53,37,42,49,40,47,36,40,23,32,43,48,35,45,31,40,35,39,40,51,37,25,47,47,33,34,60,58,35,56,36,47,41,57,34,48,28,40,51,39,48,46,40,41,53,52,48,21,67,38,54,51,85,67,44,52,63,49,53,65,60,48,63,53,89,63,73,48,80,59,67,64,87,62,93,76,79,73,0,0,0,0,0,0,78,-94,56,-65,100,-108,75,-72,45,-46,83,-92,56,-62,94,-102,50,-63,99,-95,83,-76,74,-62,63,-67,64,-51,70,-79,64,-76,69,-76,62,-67,76,-80,38,-58,63,-89,48,-61,78,-107,73,-87,58,-70,60,-74,51,-57,54,-86,61,-83,56,-77,52,-66,74,-92,31,-67,55,-97,53,-68,87,-110,72,-71,61,-79,84,-64,59,-56,52,-54,65,-79,58,-65,55,-48,74,-49,44,-49,63,-64,60,-37,96,-59,64,-30,59,-39,63,-20,53,-25,52,-15,63,-25,52,-15,52,-15,0,0,0,0,0,0,0,0,0,0]"""
1782318880473,2026-06-25T01:34:40.443,warning,bed_exit,yja,bed_exit_failed,t057,"CSI_DATA,810553,1a:00:00:00:00:00,-65,11,-99,16,50,11,-346609978,47,2,256,0,""[0,0,0,0,0,0,0,0,0,0,0,0,17,-20,19,-17,15,-19,22,-20,20,-21,20,-19,29,-16,33,-10,36,-18,31,-10,35,-13,39,-12,41,-20,43,-21,40,-18,42,-20,44,-21,47,-14,45,-16,49,-26,44,-20,51,-22,51,-4,53,-14,54,-9,55,-7,53,-9,59,-9,53,-31,53,-27,56,-20,53,-29,53,-24,51,-26,54,-25,58,-36,56,-31,52,-28,49,-36,52,-37,57,-39,52,-51,47,-54,53,-53,63,-56,57,-47,54,-56,66,-49,45,-68,53,-71,58,-80,53,-77,55,-79,54,-81,38,-92,57,-90,51,-88,0,0,0,0,0,0,-100,-52,-98,-54,-103,-54,-98,-56,-99,-45,-93,-52,-109,-36,-104,-37,-94,-42,-94,-40,-97,-41,-87,-49,-109,-22,-98,-36,-94,-31,-90,-31,-95,-23,-94,-20,-100,-19,-93,3,-95,4,-97,-1,-97,-5,-89,4,-96,-9,-105,9,-93,-4,-87,7,-100,3,-99,1,-96,9,-99,7,-96,36,-94,38,-92,23,-99,20,-91,12,-96,15,-102,8,-92,18,-89,16,-89,20,-92,21,-82,15,-84,11,-79,27,-75,24,-75,12,-80,5,-61,4,-70,3,-68,-2,-72,8,-64,-4,-54,-3,-53,-8,-58,-10,0,0,0,0,0,0,0,0,0,0]"""
1782318880484,2026-06-25T01:34:40.454,warning,bed_exit,yja,bed_exit_failed,t057,"CSI_DATA,810554,1a:00:00:00:00:00,-65,11,-99,16,50,11,-346605193,47,2,256,0,""[0,0,0,0,0,0,0,0,0,0,0,0,16,14,13,15,12,16,20,26,17,21,13,39,14,36,6,32,0,33,10,35,7,38,4,42,2,42,2,40,0,42,-9,40,-12,50,-8,43,-14,55,-16,57,-7,42,-23,46,-26,42,-15,61,-20,55,-23,48,-16,53,-27,45,-31,49,-23,42,-33,37,-40,48,-26,63,-32,49,-32,44,-42,52,-29,62,-32,57,-32,54,-7,58,-29,57,-44,53,-35,63,-38,66,-51,72,-81,70,-49,61,-68,59,-41,38,-48,56,-51,84,-34,67,-73,87,-65,67,-58,74,-55,92,-75,76,0,0,0,0,0,0,77,78,73,66,83,87,61,85,57,75,65,89,64,84,72,87,65,80,65,97,55,102,49,83,44,88,53,77,72,83,63,77,69,80,65,71,53,73,51,80,57,81,55,77,56,91,49,93,58,80,42,79,45,80,71,80,62,72,64,75,55,75,45,83,42,85,53,89,50,83,45,105,38,101,31,97,28,94,21,85,27,84,35,91,30,83,24,76,13,82,11,72,7,83,2,79,-6,85,-13,76,-11,69,-17,68,-20,57,-17,56,-13,66,-14,52,-22,45,0,0,0,0,0,0,0,0,0,0]"""
1782318880495,2026-06-25T01:34:40.465,warning,bed_exit,yja,bed_exit_failed,t057,"CSI_DATA,810555,1a:00:00:00:00:00,-65,11,-99,15,50,11,-346594360,47,2,256,0,""[0,0,0,0,0,0,0,0,0,0,0,0,26,6,19,2,33,7,26,9,34,16,20,16,25,7,38,16,24,17,35,26,31,21,25,26,28,30,34,32,25,21,38,43,25,27,34,45,34,32,31,43,30,52,33,36,34,55,29,46,28,50,22,48,27,51,22,37,39,53,30,42,32,57,24,41,45,48,36,54,46,48,41,48,41,59,36,55,46,60,54,56,47,36,55,61,48,54,68,48,38,32,71,30,60,52,72,44,76,47,73,56,63,58,70,56,60,46,88,61,83,56,74,52,96,63,0,0,0,0,0,0,54,-94,70,-100,54,-69,55,-94,69,-107,51,-71,67,-113,41,-72,70,-102,44,-76,44,-79,55,-92,44,-93,52,-109,51,-77,49,-78,53,-90,41,-92,27,-85,38,-110,24,-75,39,-103,20,-76,18,-97,26,-110,16,-94,25,-107,28,-96,32,-93,25,-101,25,-97,13,-76,24,-122,10,-86,15,-103,16,-79,6,-106,18,-97,14,-98,18,-96,34,-101,33,-81,40,-83,30,-89,25,-77,37,-91,29,-65,20,-79,23,-54,26,-74,26,-56,32,-67,31,-65,38,-59,32,-42,40,-37,37,-37,0,0,0,0,0,0,0,0,0,0]"""
1782318880506,2026-06-25T01:34:40.476,warning,bed_exit,yja,bed_exit_failed,t057,"CSI_DATA,810556,1a:00:00:00:00:00,-64,11,-99,15,50,11,-346583605,47,2,256,0,""[0,0,0,0,0,0,0,0,0,0,0,0,-19,-2,-29,0,-26,-2,-30,-4,-28,-4,-36,-12,-30,-23,-28,-17,-23,-22,-26,-26,-32,-27,-32,-21,-30,-36,-33,-29,-35,-36,-29,-25,-33,-36,-26,-32,-37,-51,-31,-47,-22,-32,-26,-47,-20,-36,-28,-51,-22,-51,-26,-50,-23,-44,-27,-52,-26,-48,-31,-52,-28,-46,-37,-63,-33,-55,-24,-56,-24,-60,-26,-52,-26,-38,-40,-50,-35,-55,-31,-51,-35,-55,-44,-43,-52,-49,-51,-55,-61,-76,-41,-69,-53,-58,-45,-71,-51,-62,-53,-66,-79,-68,-69,-52,-72,-62,-58,-72,-79,-74,-78,-86,-72,-75,0,0,0,0,0,0,-78,78,-66,68,-95,89,-76,75,-66,55,-87,89,-70,77,-90,85,-64,78,-89,70,-94,75,-70,56,-72,63,-78,59,-72,75,-69,70,-75,71,-63,69,-66,77,-50,66,-56,82,-49,75,-74,96,-69,84,-56,79,-62,74,-49,64,-57,93,-59,80,-53,77,-53,68,-58,78,-46,67,-50,91,-51,80,-73,108,-71,79,-60,81,-75,69,-54,63,-56,61,-58,85,-61,66,-49,60,-63,63,-46,60,-57,66,-58,49,-75,60,-56,37,-58,38,-59,27,-54,32,-52,22,-58,32,-51,21,-51,16,0,0,0,0,0,0,0,0,0,0]"""
1782318880517,2026-06-25T01:34:40.487,warning,bed_exit,yja,bed_exit_failed,t057,"CSI_DATA,810557,1a:00:00:00:00:00,-65,11,-99,17,50,11,-346572395,47,2,256,0,""[0,0,0,0,0,0,0,0,0,0,0,0,6,20,3,30,0,16,2,33,3,22,-2,34,-8,36,-1,14,-5,34,-5,29,-10,46,-8,34,-13,42,-9,41,-12,52,-4,29,-12,48,-11,30,-18,57,-16,57,-12,47,-14,50,-21,31,-14,52,-22,53,-16,46,-16,43,-22,58,-1,43,-7,61,-6,46,-6,86,-10,66,0,61,-7,67,-3,56,0,46,10,64,11,62,11,57,10,73,17,46,22,71,17,60,29,104,19,68,32,67,21,82,31,65,34,70,57,93,48,66,51,86,48,82,75,77,70,95,66,86,0,0,0,0,0,0,86,-73,63,-53,112,-104,82,-63,44,-45,86,-82,53,-65,82,-102,47,-62,94,-95,66,-91,63,-67,55,-78,46,-63,52,-94,43,-89,38,-88,35,-78,45,-99,15,-65,22,-110,25,-70,31,-126,23,-96,21,-88,10,-94,11,-77,1,-103,0,-99,4,-94,5,-78,1,-109,-14,-70,-16,-105,-7,-81,-15,-128,3,-97,-10,-102,0,-99,-4,-77,-4,-77,-19,-95,-9,-92,-13,-72,-4,-98,-17,-57,-14,-92,-2,-67,-3,-103,2,-67,-2,-66,6,-61,0,-55,4,-58,0,-65,-3,-62,3,-58,0,0,0,0,0,0,0,0,0,0]"""
1782318880528,2026-06-25T01:34:40.498,warning,bed_exit,yja,bed_exit_failed,t057,"CSI_DATA,810558,1a:00:00:00:00:00,-65,11,-99,15,50,11,-346558618,47,2,256,0,""[0,0,0,0,0,0,0,0,0,0,0,0,-12,17,-17,22,-20,15,-23,15,-21,19,-35,15,-36,16,-34,14,-32,0,-31,6,-41,11,-35,14,-44,2,-43,-1,-46,-6,-33,-7,-56,-8,-41,0,-60,-21,-56,-36,-57,-27,-43,-29,-41,-16,-54,-25,-50,-25,-48,-22,-45,-24,-45,-33,-40,-36,-47,-38,-42,-29,-54,-50,-48,-54,-44,-46,-46,-48,-40,-43,-42,-31,-56,-32,-49,-40,-45,-37,-48,-44,-49,-35,-67,-47,-51,-48,-73,-71,-54,-58,-56,-53,-49,-57,-47,-63,-60,-65,-74,-63,-65,-56,-64,-68,-62,-74,-64,-80,-71,-89,-52,-87,0,0,0,0,0,0,-97,49,-72,46,-123,63,-101,41,-68,32,-103,48,-91,40,-114,43,-83,44,-126,46,-108,26,-95,33,-90,23,-85,25,-98,45,-94,43,-95,36,-80,28,-101,32,-84,22,-106,28,-81,29,-122,31,-107,22,-94,26,-91,6,-77,23,-97,34,-95,27,-94,24,-83,20,-102,21,-88,6,-110,15,-91,8,-125,2,-110,-12,-95,-5,-98,-15,-85,-17,-79,-6,-105,-5,-96,-15,-77,-20,-85,-34,-65,-25,-82,-28,-65,-27,-82,-50,-60,-46,-53,-38,-54,-46,-34,-42,-40,-35,-46,-52,-32,-36,-37,-38,0,0,0,0,0,0,0,0,0,0]"""
1782318880539,2026-06-25T01:34:40.509,warning,bed_exit,yja,bed_exit_failed,t057,"CSI_DATA,810559,1a:00:00:00:00:00,-65,11,-99,22,49,11,-346549303,47,2,256,0,""[0,0,0,0,0,0,0,0,0,0,0,0,-2,24,-6,24,-11,27,-6,26,-12,30,-13,27,-8,22,-11,39,-20,36,-14,42,-15,28,-19,29,-16,36,-28,36,-15,36,-40,42,-29,33,-37,42,-26,33,-24,43,-31,63,-34,42,-33,52,-30,37,-32,41,-37,40,-45,44,-37,47,-42,52,-33,37,-42,49,-11,35,-21,50,-18,55,-10,60,-26,63,-24,66,-36,53,-19,63,-29,78,-6,69,-36,78,-24,70,-5,68,-19,50,0,84,-4,74,18,76,4,100,11,88,-10,77,-11,101,-7,95,6,99,-10,94,10,93,24,97,0,0,0,0,0,0,106,-18,124,-24,88,-24,109,-25,127,-32,104,-10,118,-25,97,-22,113,-31,86,-24,81,-34,95,-60,98,-52,94,-66,86,-32,94,-46,86,-55,94,-57,77,-63,102,-58,77,-50,82,-65,55,-55,51,-72,54,-84,61,-81,62,-90,59,-68,58,-85,53,-87,68,-87,45,-85,77,-84,61,-75,50,-82,42,-58,37,-89,45,-83,24,-94,52,-94,41,-86,52,-61,53,-79,61,-83,42,-80,55,-70,53,-51,41,-67,22,-42,34,-63,30,-51,27,-68,41,-54,34,-62,34,-37,39,-40,37,-37,0,0,0,0,0,0,0,0,0,0]"""
1782318880550,2026-06-25T01:34:40.520,warning,bed_exit,yja,bed_exit_failed,t057,"CSI_DATA,810560,1a:00:00:00:00:00,-65,11,-99,23,49,11,-346539080,47,2,256,0,""[0,0,0,0,0,0,0,0,0,0,0,0,-23,-9,-26,-8,-27,-11,-23,-12,-26,-20,-24,-16,-26,-20,-29,-25,-32,-28,-28,-21,-22,-32,-31,-31,-26,-31,-21,-38,-25,-43,-33,-41,-26,-43,-29,-58,-24,-37,-16,-35,-17,-45,-31,-41,-27,-54,-22,-47,-22,-51,-26,-53,-29,-58,-26,-55,-34,-50,-27,-43,-34,-56,-28,-41,-29,-41,-38,-46,-37,-45,-51,-50,-44,-48,-41,-46,-44,-44,-45,-51,-46,-49,-63,-46,-55,-52,-49,-52,-58,-41,-66,-42,-73,-40,-71,-44,-80,-36,-77,-40,-73,-48,-90,-46,-85,-51,-91,-45,-91,-52,-90,-36,-91,-49,0,0,0,0,0,0,-51,94,-57,102,-43,86,-50,106,-49,110,-51,94,-45,101,-38,91,-51,94,-31,93,-27,99,-32,93,-17,110,-33,99,-34,92,-22,101,-16,90,-19,95,-16,102,-2,106,-1,98,-14,96,0,81,0,93,-3,93,19,108,5,98,-9,98,7,99,16,96,5,104,8,101,23,100,11,97,6,101,15,86,13,92,17,92,20,92,22,96,16,95,0,90,11,89,-1,91,0,85,11,81,8,80,-2,76,4,71,1,64,3,73,6,69,1,70,-4,64,-14,56,-7,57,-16,54,0,0,0,0,0,0,0,0,0,0]"""
1782318880561,2026-06-25T01:34:40.531,warning,bed_exit,yja,bed_exit_failed,t057,"CSI_DATA,810561,1a:00:00:00:00:00,-65,11,-99,17,50,11,-346528647,47,2,256,0,""[0,0,0,0,0,0,0,0,0,0,0,0,28,3,21,6,29,6,22,7,26,9,27,11,27,14,34,20,29,17,22,30,21,30,21,37,21,35,21,42,14,30,25,55,21,39,22,56,8,39,7,40,-3,54,10,51,5,73,0,55,-4,54,-5,55,0,59,1,44,-2,75,-5,50,-5,62,-8,38,-3,57,-16,54,-6,62,1,64,-14,69,-22,66,-18,68,-13,75,-6,58,-7,81,-14,62,-14,80,-5,52,8,79,-14,83,-8,90,-14,86,-29,91,-26,74,-28,87,-22,82,-31,113,-38,86,-31,77,-38,102,0,0,0,0,0,0,85,40,116,64,62,38,97,49,114,71,74,42,114,71,69,48,92,75,69,49,74,54,92,67,81,64,89,74,68,62,70,73,71,69,74,69,54,54,92,74,66,47,88,75,59,46,63,54,72,70,78,57,84,76,56,71,61,78,68,75,71,78,59,54,73,96,44,66,69,78,40,56,65,72,51,86,54,82,52,85,38,92,20,81,20,90,23,90,19,71,20,98,2,70,16,79,0,53,11,71,-2,70,1,66,-2,65,-13,69,-21,49,-26,49,-27,46,0,0,0,0,0,0,0,0,0,0]"""
1782318880572,2026-06-25T01:34:40.542,warning,bed_exit,yja,bed_exit_failed,t057,"CSI_DATA,810562,1a:00:00:00:00:00,-65,11,-99,15,50,11,-346517638,47,2,256,0,""[0,0,0,0,0,0,0,0,0,0,0,0,0,-29,-4,-21,9,-32,9,-27,13,-27,10,-25,1,-27,8,-33,13,-32,19,-43,20,-26,23,-36,21,-32,34,-35,31,-36,36,-40,29,-27,50,-27,35,-29,26,-20,35,-27,41,-39,44,-45,46,-18,45,-33,44,-33,49,-28,41,-31,56,-24,52,-29,49,-31,35,-25,42,-40,48,-44,42,-48,48,-47,46,-43,46,-30,54,-46,64,-51,47,-52,64,-50,63,-40,55,-48,32,-38,42,-69,46,-62,35,-76,61,-79,56,-77,64,-53,69,-64,58,-64,60,-81,79,-66,58,-84,68,-80,0,0,0,0,0,0,-76,-80,-84,-93,-61,-63,-72,-72,-96,-89,-57,-73,-81,-94,-66,-77,-77,-95,-74,-56,-73,-47,-91,-54,-93,-55,-103,-61,-61,-64,-78,-53,-85,-54,-81,-73,-77,-57,-89,-66,-74,-52,-80,-70,-63,-35,-79,-34,-94,-37,-93,-38,-108,-35,-78,-49,-92,-41,-88,-36,-90,-51,-85,-36,-94,-65,-77,-52,-86,-54,-66,-37,-89,-30,-91,-34,-93,-24,-93,-39,-86,-46,-63,-60,-79,-50,-72,-65,-70,-52,-64,-59,-46,-57,-52,-61,-38,-31,-57,-46,-50,-39,-58,-37,-48,-51,-50,-46,-26,-52,-32,-47,-24,-42,0,0,0,0,0,0,0,0,0,0]"""
1782318880583,2026-06-25T01:34:40.553,warning,bed_exit,yja,bed_exit_failed,t057,"CSI_DATA,810563,1a:00:00:00:00:00,-65,11,-99,15,50,11,-346506546,47,2,256,0,""[0,0,0,0,0,0,0,0,0,0,0,0,23,4,21,3,32,7,32,5,32,15,24,13,23,14,32,20,28,18,38,21,29,28,24,27,27,27,33,32,32,26,29,46,25,42,25,44,17,36,32,35,40,56,20,46,26,56,23,50,21,44,19,48,19,55,21,44,30,62,23,52,23,49,17,44,29,57,21,59,30,50,28,59,24,63,15,63,31,65,41,67,41,57,28,73,32,63,53,63,24,44,47,67,27,63,62,59,55,85,54,73,42,66,41,89,44,77,55,87,60,79,52,77,71,90,0,0,0,0,0,0,94,-64,109,-65,76,-45,91,-54,112,-72,87,-40,112,-65,83,-56,102,-63,76,-44,78,-47,95,-52,88,-49,98,-66,79,-38,85,-47,86,-54,89,-62,69,-52,94,-60,72,-53,85,-64,66,-52,67,-60,80,-71,72,-61,84,-71,73,-55,80,-57,80,-63,81,-67,64,-68,98,-66,76,-55,76,-59,62,-42,76,-67,79,-48,75,-63,85,-52,88,-50,75,-31,91,-33,86,-40,76,-41,82,-29,70,-16,66,-32,53,-20,66,-26,61,-11,65,-26,67,-7,69,-17,51,0,51,0,54,2,0,0,0,0,0,0,0,0,0,0]"""
1782318880594,2026-06-25T01:34:40.564,warning,bed_exit,yja,bed_exit_failed,t057,"CSI_DATA,810564,1a:00:00:00:00:00,-65,11,-99,16,50,11,-346495241,47,2,256,0,""[0,0,0,0,0,0,0,0,0,0,0,0,25,-1,23,-3,22,0,31,0,25,-2,31,2,35,9,40,6,34,12,33,11,42,9,42,17,41,11,37,9,45,11,45,18,48,13,45,13,55,17,46,23,47,28,50,15,42,28,56,20,50,21,48,28,49,22,54,18,53,13,60,9,51,20,64,15,62,10,59,14,58,4,53,9,61,6,64,1,57,9,60,-2,66,-9,69,-5,77,-13,71,-15,89,-12,80,-22,83,-23,82,-15,74,-20,79,-24,89,-40,80,-26,90,-33,93,-36,84,-43,96,-54,95,-55,0,0,0,0,0,0,-60,-89,-53,-80,-71,-99,-65,-90,-51,-81,-69,-94,-67,-81,-67,-90,-72,-71,-65,-96,-70,-86,-61,-73,-62,-72,-63,-65,-80,-70,-76,-70,-72,-61,-71,-52,-78,-52,-76,-43,-88,-48,-88,-34,-101,-51,-94,-46,-90,-42,-79,-30,-83,-33,-100,-21,-89,-31,-92,-29,-85,-22,-94,-19,-86,-16,-100,-13,-95,-9,-113,-18,-98,-16,-92,-17,-97,-13,-77,-20,-88,-18,-94,-13,-81,-17,-73,-12,-79,-8,-74,-11,-83,-12,-76,-4,-83,-28,-73,-9,-72,-17,-61,-22,-60,-15,-55,-20,-59,-20,-47,-15,-50,-18,0,0,0,0,0,0,0,0,0,0]"""
1782318880605,2026-06-25T01:34:40.575,warning,bed_exit,yja,bed_exit_failed,t057,"CSI_DATA,810565,1a:00:00:00:00:00,-65,11,-99,18,50,11,-346481467,47,2,256,0,""[0,0,0,0,0,0,0,0,0,0,0,0,16,-6,27,-5,28,-7,30,-9,30,6,32,-1,32,2,26,3,42,0,37,4,32,15,37,10,37,19,41,20,49,31,32,19,37,27,35,37,43,36,32,44,36,41,37,47,32,38,27,42,36,48,25,42,24,54,24,55,24,55,24,51,19,57,28,53,17,51,33,56,24,63,24,59,29,55,20,53,30,65,23,66,20,73,26,59,16,68,18,73,23,66,20,61,38,73,22,72,33,92,37,86,19,90,24,95,21,100,19,84,11,100,24,104,6,102,0,0,0,0,0,0,127,8,112,17,104,9,105,15,102,18,107,30,103,24,107,24,98,41,101,23,99,25,89,26,114,18,97,26,82,30,95,22,99,21,98,33,106,45,80,24,86,28,81,42,84,31,90,29,90,31,105,30,86,27,79,40,93,41,90,32,86,45,94,64,85,47,81,52,75,60,85,53,73,53,81,55,72,62,80,67,64,58,54,63,66,68,54,73,48,83,38,64,32,68,24,77,29,63,20,58,22,60,17,60,18,72,12,59,-2,61,0,59,-6,57,0,0,0,0,0,0,0,0,0,0]"""
1782318880616,2026-06-25T01:34:40.586,warning,bed_exit,yja,bed_exit_failed,t057,"CSI_DATA,810566,1a:00:00:00:00:00,-65,11,-99,16,50,11,-346472123,47,2,256,0,""[0,0,0,0,0,0,0,0,0,0,0,0,10,19,18,18,12,18,13,32,7,20,12,39,14,36,5,32,4,32,3,31,9,40,5,44,1,41,0,40,1,55,-9,33,-10,51,-8,42,-12,66,-31,56,-17,49,-18,48,-18,42,-16,58,-15,61,-23,48,-28,45,-31,55,-20,38,-24,59,-28,42,-38,71,-39,56,-28,53,-31,58,-33,44,-23,42,-20,67,-20,65,-18,48,-26,68,-25,52,-31,70,-19,61,-48,88,-46,60,-24,73,-40,72,-31,69,-21,70,-29,91,-34,77,-41,94,-34,79,-39,93,-47,105,-42,85,0,0,0,0,0,0,97,48,72,40,125,64,80,59,61,40,101,66,71,42,109,75,72,41,105,81,89,71,75,59,73,60,72,42,89,55,89,53,86,42,78,49,94,56,65,42,101,59,67,37,96,56,85,56,84,40,68,51,64,40,93,42,92,42,83,41,74,42,87,58,64,38,94,58,69,46,103,76,70,68,75,51,69,72,56,61,52,51,77,59,70,65,49,52,53,67,35,53,53,77,34,54,44,83,25,63,36,56,22,60,21,53,24,49,20,53,16,54,11,55,0,0,0,0,0,0,0,0,0,0]"""
1782318880627,2026-06-25T01:34:40.597,warning,bed_exit,yja,bed_exit_failed,t057,"CSI_DATA,810567,1a:00:00:00:00:00,-65,11,-99,20,49,11,-346458482,47,2,256,0,""[0,0,0,0,0,0,0,0,0,0,0,0,7,18,11,31,10,20,9,35,10,20,5,44,2,42,-1,30,-3,40,-8,23,-11,41,-8,41,-11,38,-6,41,-15,48,-10,31,-17,55,-11,37,-30,56,-16,53,-10,34,-24,50,-28,34,-26,53,-30,45,-33,47,-35,50,-40,63,-19,32,-29,53,-28,42,-34,68,-33,50,-25,51,-30,52,-23,51,-22,49,-30,61,-27,56,-22,48,-34,59,-10,53,-21,80,-24,64,-45,106,-33,74,-20,86,-44,77,-20,76,-20,76,-31,103,-25,95,-33,109,-31,83,-18,98,-42,121,-30,91,0,0,0,0,0,0,97,42,79,36,127,45,95,44,65,31,115,48,70,22,122,45,76,25,124,51,105,53,81,44,92,38,69,32,101,36,102,35,91,30,87,29,105,35,68,14,108,23,76,20,124,35,104,23,94,22,90,20,75,20,93,19,95,17,86,20,85,20,109,29,68,0,98,10,80,21,127,30,89,33,94,24,83,32,87,24,75,28,93,24,81,31,72,26,82,40,61,18,84,38,58,42,88,57,54,39,58,44,45,51,48,34,33,37,46,42,37,37,39,42,0,0,0,0,0,0,0,0,0,0]"""
1782318880638,2026-06-25T01:34:40.608,warning,bed_exit,yja,bed_exit_failed,t057,"CSI_DATA,810568,1a:00:00:00:00:00,-65,11,-99,17,50,11,-346450448,47,2,256,0,""[0,0,0,0,0,0,0,0,0,0,0,0,19,0,23,8,23,10,28,12,29,12,28,14,30,29,26,24,20,25,26,30,31,26,29,22,30,33,22,43,23,43,19,34,15,47,15,38,16,59,19,62,22,54,-2,56,12,38,14,62,6,56,10,52,6,48,-3,60,-12,53,2,57,-6,44,-9,78,-13,76,5,56,-10,69,-26,54,-4,70,13,62,6,60,6,75,-10,57,10,58,-8,72,3,74,-3,82,-1,58,-13,75,-3,78,-24,102,7,92,-6,97,-22,66,-18,66,-12,85,-30,103,-30,97,-42,93,0,0,0,0,0,0,100,38,90,33,120,46,100,56,83,37,96,53,94,41,102,54,90,39,103,60,93,66,79,51,68,54,76,47,100,42,82,46,94,41,88,45,83,54,69,51,87,56,79,48,96,63,86,71,79,55,60,60,70,45,98,51,85,50,79,43,73,49,78,58,67,67,71,71,66,58,76,83,69,84,62,77,52,80,36,70,51,64,67,71,57,73,41,67,37,77,21,62,25,80,22,71,22,85,12,76,10,66,3,63,-1,63,-1,56,6,62,1,54,-1,54,0,0,0,0,0,0,0,0,0,0]"""
1782318880649,2026-06-25T01:34:40.619,warning,bed_exit,yja,bed_exit_failed,t057,"CSI_DATA,810569,1a:00:00:00:00:00,-65,11,-99,17,50,11,-346440096,47,2,256,0,""[0,0,0,0,0,0,0,0,0,0,0,0,-14,22,-15,15,-22,22,-23,15,-27,16,-29,14,-28,22,-26,15,-25,18,-38,16,-40,21,-38,13,-41,14,-41,17,-38,18,-45,22,-43,15,-46,16,-54,15,-52,20,-46,22,-48,14,-43,15,-56,15,-58,13,-52,19,-41,16,-44,14,-49,21,-54,21,-49,37,-57,29,-59,46,-56,34,-54,38,-40,35,-55,41,-47,39,-50,42,-48,41,-42,54,-39,55,-36,58,-38,70,-37,66,-35,77,-36,76,-30,78,-30,74,-33,89,-38,98,-29,72,-14,77,-28,109,-29,98,-27,96,-26,102,0,0,0,0,0,0,99,11,102,8,112,11,110,1,98,-4,102,-6,120,2,104,0,112,-13,106,-8,115,-18,100,-27,85,-18,105,-19,102,-25,88,-28,96,-31,89,-28,70,-31,89,-39,79,-42,81,-55,83,-56,93,-62,79,-64,69,-51,75,-68,73,-75,69,-67,69,-68,62,-69,45,-69,65,-82,56,-63,55,-82,68,-81,61,-96,55,-77,59,-80,46,-65,52,-78,52,-83,49,-70,45,-65,37,-60,46,-68,42,-61,38,-70,47,-64,43,-69,38,-58,40,-54,30,-45,42,-47,33,-50,34,-33,35,-34,0,0,0,0,0,0,0,0,0,0]"""
1782318880660,2026-06-25T01:34:40.630,warning,bed_exit,yja,bed_exit_failed,t057,"CSI_DATA,810570,1a:00:00:00:00:00,-65,11,-99,16,50,11,-346429504,47,2,256,0,""[0,0,0,0,0,0,0,0,0,0,0,0,9,21,9,21,18,28,13,28,12,31,8,29,9,32,13,33,2,31,15,36,11,35,1,35,4,40,9,43,12,38,0,55,5,46,3,54,5,46,14,53,20,57,0,48,1,56,4,53,5,51,-2,55,0,61,4,50,6,61,13,51,14,62,8,50,15,60,15,59,24,53,15,59,18,68,16,62,22,60,32,66,37,42,29,76,37,59,50,54,31,61,55,69,52,65,61,55,57,61,58,64,61,61,58,65,61,62,77,80,72,65,68,61,89,61,0,0,0,0,0,0,53,-79,57,-97,52,-70,55,-94,61,-102,46,-91,63,-113,45,-83,44,-105,48,-87,39,-87,38,-111,36,-93,33,-97,33,-91,35,-91,30,-96,23,-97,9,-83,18,-105,9,-87,-1,-97,0,-85,-1,-93,-10,-96,-9,-86,-5,-113,-13,-96,-5,-92,-9,-102,-16,-97,-23,-80,-16,-107,-22,-87,-31,-94,-20,-83,-40,-104,-22,-90,-31,-94,-17,-90,-18,-96,-17,-83,-8,-87,-18,-86,-23,-74,-11,-88,-13,-72,-27,-73,-12,-59,-20,-71,-14,-61,-20,-66,-11,-59,-11,-69,-1,-52,0,-49,0,-48,0,0,0,0,0,0,0,0,0,0]"""
1782318880671,2026-06-25T01:34:40.641,warning,bed_exit,yja,bed_exit_failed,t057,"CSI_DATA,810571,1a:00:00:00:00:00,-65,11,-99,17,50,11,-346418647,47,2,256,0,""[0,0,0,0,0,0,0,0,0,0,0,0,-25,-1,-22,-2,-29,-10,-29,-11,-30,-20,-20,-14,-22,-7,-32,-14,-25,-16,-41,-19,-31,-19,-36,-19,-35,-24,-33,-34,-34,-26,-41,-35,-32,-29,-34,-38,-29,-34,-27,-28,-36,-40,-39,-32,-50,-35,-28,-37,-37,-44,-36,-35,-44,-41,-37,-37,-42,-56,-39,-47,-41,-37,-34,-32,-51,-33,-46,-31,-60,-23,-62,-35,-58,-27,-44,-35,-63,-32,-72,-34,-67,-26,-67,-38,-54,-38,-73,-24,-43,-14,-69,-8,-68,-14,-86,0,-98,-17,-95,-14,-76,-27,-93,-22,-88,-12,-94,-6,-104,-25,-95,-11,-101,0,0,0,0,0,0,0,-13,115,-6,127,0,87,-1,105,-5,126,-7,94,-4,124,-2,94,-6,117,11,86,9,84,32,104,23,103,31,115,12,90,20,100,24,96,20,106,31,99,30,109,26,86,35,94,30,65,38,67,56,86,51,85,65,91,43,78,54,86,62,80,54,86,63,69,52,103,51,86,55,76,38,56,68,71,55,71,72,56,60,83,63,70,33,63,50,78,51,85,56,68,37,78,25,63,44,64,25,42,37,56,36,50,51,47,29,57,37,52,14,46,17,50,14,41,0,0,0,0,0,0,0,0,0,0]"""
1782318880682,2026-06-25T01:34:40.652,warning,bed_exit,yja,bed_exit_failed,t057,"CSI_DATA,810572,1a:00:00:00:00:00,-65,11,-99,16,50,11,-346407187,47,2,256,0,""[0,0,0,0,0,0,0,0,0,0,0,0,-22,-8,-21,-13,-27,-7,-24,-11,-23,-14,-24,-17,-32,-16,-30,-22,-34,-21,-27,-19,-25,-32,-25,-32,-25,-26,-28,-29,-30,-38,-32,-36,-29,-34,-26,-47,-31,-36,-30,-42,-33,-46,-40,-40,-34,-50,-18,-37,-25,-47,-33,-53,-31,-53,-36,-54,-35,-47,-32,-43,-33,-54,-35,-38,-32,-44,-42,-39,-40,-42,-52,-40,-48,-37,-44,-50,-49,-40,-51,-46,-49,-37,-61,-39,-59,-40,-55,-43,-62,-36,-69,-31,-70,-32,-79,-26,-90,-26,-80,-31,-70,-34,-96,-38,-97,-43,-96,-32,-84,-40,-98,-26,-102,-28,0,0,0,0,0,0,-30,99,-39,108,-31,98,-31,112,-31,118,-34,100,-31,106,-18,101,-31,99,-19,102,-9,92,-18,102,-6,110,-4,100,-18,99,-11,107,-9,96,-8,95,-6,92,7,99,7,94,0,101,15,82,24,87,19,93,31,102,20,96,14,98,23,98,18,97,18,97,25,101,32,95,30,94,23,91,29,81,31,90,35,79,38,78,38,94,28,87,11,83,27,83,15,86,20,86,22,81,19,74,12,75,12,71,14,61,16,63,15,69,15,63,4,65,-3,49,-4,60,-4,53,0,0,0,0,0,0,0,0,0,0]"""
1782318880693,2026-06-25T01:34:40.663,warning,bed_exit,yja,bed_exit_failed,t057,"CSI_DATA,810573,1a:00:00:00:00:00,-65,11,-99,16,50,11,-346395951,47,2,256,0,""[0,0,0,0,0,0,0,0,0,0,0,0,-17,-14,-16,-19,-17,-20,-19,-26,-17,-18,-20,-35,-8,-38,-5,-37,0,-37,-7,-32,-2,-40,3,-42,-5,-40,0,-42,1,-53,7,-44,13,-52,9,-41,16,-57,16,-57,5,-45,23,-45,28,-41,18,-50,29,-48,29,-44,35,-44,32,-45,28,-41,33,-48,31,-45,37,-59,41,-49,35,-53,38,-53,38,-37,36,-45,37,-55,39,-45,36,-42,36,-53,30,-55,37,-65,34,-63,60,-80,54,-61,56,-68,53,-56,44,-58,48,-64,55,-86,59,-66,65,-85,69,-69,63,-81,72,-81,74,-80,0,0,0,0,0,0,-77,-82,-70,-69,-90,-94,-72,-81,-52,-71,-72,-97,-58,-64,-71,-95,-61,-72,-65,-107,-61,-99,-42,-81,-49,-84,-41,-78,-61,-90,-54,-83,-50,-86,-52,-75,-55,-82,-48,-70,-61,-82,-55,-72,-61,-88,-62,-86,-52,-75,-45,-76,-34,-74,-61,-85,-50,-85,-38,-85,-39,-81,-48,-95,-42,-74,-51,-88,-41,-82,-47,-119,-33,-99,-25,-89,-17,-101,-17,-83,-16,-75,-19,-85,-15,-94,-12,-70,-11,-79,-8,-71,-4,-85,-1,-71,13,-89,10,-62,15,-60,20,-56,15,-54,22,-53,20,-56,20,-49,23,-42,0,0,0,0,0,0,0,0,0,0]"""
1782318880704,2026-06-25T01:34:40.674,warning,bed_exit,yja,bed_exit_failed,t057,"CSI_DATA,810574,1a:00:00:00:00:00,-65,11,-99,18,49,11,-346382661,47,2,256,0,""[0,0,0,0,0,0,0,0,0,0,0,0,-11,41,-26,46,16,98,-35,-6,-10,33,87,37,-7,-18,-34,28,-77,-69,-95,-29,-77,0,-72,0,-56,26,-59,17,-51,20,9,25,-38,-10,-45,-6,-55,-47,-46,-26,-30,-31,-76,-21,-41,-34,-58,-34,-54,-34,-53,-24,-50,-26,-48,-36,-47,-16,-59,-28,-40,-30,-58,-38,-49,-38,-48,-37,-54,-44,-43,-38,-44,-28,-55,-21,-60,-25,-53,-28,-55,-46,-55,-13,-67,-22,-68,-41,-80,-41,-51,-45,-69,-36,-61,-52,-70,-39,-84,-47,-94,-40,-90,-31,-82,-43,-74,-45,-102,-30,-95,-56,-89,-54,0,0,0,0,0,0,-66,102,-65,74,-81,106,-68,74,-55,63,-76,85,-50,76,-66,98,-57,74,-74,87,-74,78,-74,55,-67,78,-70,62,-66,77,-61,68,-57,79,-59,74,-78,80,-33,70,-54,87,-58,72,-72,100,-69,74,-76,65,-54,71,-55,59,-62,84,-66,78,-47,69,-52,67,-74,72,-37,71,-60,77,-63,66,-84,102,-75,47,-75,66,-82,57,-69,51,-62,49,-67,59,-67,59,-61,50,-85,35,-58,48,-65,46,-63,30,-82,30,-64,8,-69,16,-64,8,-60,10,-54,3,-61,10,-52,13,-49,2,0,0,0,0,0,0,0,0,0,0]"""
1782318880715,2026-06-25T01:34:40.685,warning,bed_exit,yja,bed_exit_failed,t057,"CSI_DATA,810575,1a:00:00:00:00:00,-65,11,-99,16,50,11,-346374561,47,2,256,0,""[0,0,0,0,0,0,0,0,0,0,0,0,20,-4,19,-10,25,-9,26,-5,33,0,33,-4,31,3,32,5,43,-3,36,14,31,11,37,12,40,14,45,21,49,23,37,8,47,15,43,20,46,31,50,23,32,24,57,31,35,33,40,42,48,37,37,35,38,33,50,44,45,29,49,32,42,33,48,38,42,37,45,32,51,42,51,34,50,31,55,26,53,38,52,32,58,45,59,22,68,24,72,36,76,39,54,37,70,32,69,52,84,29,88,38,93,32,87,31,84,39,86,38,98,29,100,41,102,45,0,0,0,0,0,0,44,-107,46,-98,52,-105,48,-102,53,-88,52,-99,38,-98,41,-107,42,-95,49,-96,50,-94,55,-73,40,-95,54,-83,42,-92,42,-90,39,-94,44,-90,50,-97,18,-85,20,-92,30,-94,33,-96,29,-98,34,-83,20,-101,34,-81,23,-89,35,-101,26,-83,29,-86,35,-95,9,-91,10,-98,22,-104,30,-108,34,-83,31,-89,42,-90,28,-81,41,-80,23,-88,35,-75,31,-71,43,-69,18,-76,26,-70,43,-65,46,-67,37,-48,43,-57,49,-42,39,-51,48,-42,37,-43,43,-39,40,-30,0,0,0,0,0,0,0,0,0,0]"""
1782318880726,2026-06-25T01:34:40.696,warning,bed_exit,yja,bed_exit_failed,t057,"CSI_DATA,810576,1a:00:00:00:00:00,-65,11,-99,20,49,11,-346359960,47,2,256,0,""[0,0,0,0,0,0,0,0,0,0,0,0,-25,9,-20,1,-32,3,-27,3,-33,1,-27,-3,-30,0,-29,3,-41,-1,-40,0,-35,-9,-40,-13,-42,-8,-46,-13,-35,-16,-47,-13,-40,-17,-42,-25,-37,-12,-55,-14,-53,-9,-48,-15,-53,-15,-43,-28,-50,-18,-55,-24,-51,-33,-48,-27,-53,-20,-48,-21,-50,-33,-54,-8,-52,-13,-57,-6,-66,-5,-61,-10,-64,-15,-60,-24,-68,-8,-68,-14,-64,-10,-75,-10,-70,-9,-74,-9,-71,0,-74,5,-81,10,-83,18,-87,20,-88,16,-88,8,-94,11,-98,4,-100,16,-105,4,-92,25,-96,19,0,0,0,0,0,0,18,106,15,117,10,96,8,108,11,117,-2,104,16,116,21,103,9,111,26,89,30,90,32,97,47,102,43,97,16,101,36,89,42,83,35,94,33,88,48,92,37,83,34,96,60,69,61,71,58,83,74,72,64,83,49,82,66,80,61,75,60,83,56,80,69,83,51,75,55,84,60,59,67,64,77,65,76,61,72,68,61,73,42,80,58,66,48,76,42,70,46,71,35,67,36,72,38,54,39,53,39,51,40,54,38,53,34,51,20,56,18,52,15,48,0,0,0,0,0,0,0,0,0,0]"""
1782318880737,2026-06-25T01:34:40.707,warning,bed_exit,yja,bed_exit_failed,t057,"CSI_DATA,810577,1a:00:00:00:00:00,-65,11,-99,16,50,11,-346349796,47,2,256,0,""[0,0,0,0,0,0,0,0,0,0,0,0,-27,-8,-21,-4,-30,-13,-24,-12,-22,-15,-19,-11,-22,-7,-23,-21,-23,-22,-35,-30,-23,-23,-26,-26,-27,-30,-28,-39,-27,-31,-36,-44,-21,-39,-22,-47,-20,-47,-24,-28,-25,-45,-23,-48,-24,-58,-18,-54,-18,-55,-16,-45,-17,-58,-20,-46,-20,-64,-20,-50,-22,-51,-18,-47,-33,-55,-24,-50,-38,-53,-35,-53,-27,-60,-20,-53,-32,-61,-37,-64,-42,-52,-35,-68,-24,-62,-53,-60,-23,-45,-56,-59,-36,-62,-63,-53,-65,-65,-57,-64,-48,-75,-55,-78,-56,-64,-74,-74,-59,-83,-64,-73,-74,-75,0,0,0,0,0,0,-75,73,-87,82,-64,63,-73,76,-89,81,-73,57,-96,83,-69,66,-86,76,-70,53,-62,63,-70,81,-70,73,-71,87,-69,59,-67,63,-64,71,-74,74,-53,74,-74,82,-56,67,-56,74,-49,69,-41,75,-47,90,-49,81,-54,92,-56,71,-61,78,-45,82,-63,84,-42,83,-69,94,-57,73,-48,79,-45,61,-39,95,-50,77,-38,86,-51,82,-62,77,-56,57,-64,64,-69,68,-52,69,-61,60,-56,42,-47,57,-40,41,-55,59,-48,37,-44,51,-51,37,-49,32,-53,24,-46,21,-41,20,0,0,0,0,0,0,0,0,0,0]"""
1782318880748,2026-06-25T01:34:40.718,warning,bed_exit,yja,bed_exit_failed,t057,"CSI_DATA,810578,1a:00:00:00:00:00,-65,11,-99,20,49,11,-346341648,47,2,256,0,""[0,0,0,0,0,0,0,0,0,0,0,0,-17,-14,-21,-18,-19,-21,-15,-20,-15,-21,-18,-36,-19,-36,-20,-39,-13,-31,-8,-35,-16,-42,-15,-40,-5,-42,-10,-40,-9,-37,-9,-43,-9,-53,-17,-51,-6,-53,-8,-60,-15,-54,3,-46,-6,-54,-10,-54,2,-54,-7,-60,-8,-51,-8,-61,0,-54,-7,-57,-12,-57,-4,-64,-9,-60,-5,-57,-16,-60,-16,-55,-18,-61,-31,-66,-17,-57,-28,-60,-25,-59,-23,-68,-36,-71,-39,-59,-38,-79,-51,-70,-42,-64,-51,-68,-41,-72,-43,-67,-53,-72,-53,-77,-63,-74,-62,-78,-65,-85,-61,-78,-60,-86,0,0,0,0,0,0,-84,69,-67,66,-81,86,-73,84,-74,71,-75,89,-74,73,-77,75,-64,78,-85,84,-77,78,-67,85,-66,74,-61,80,-59,86,-57,77,-59,78,-50,77,-41,78,-56,83,-47,91,-32,91,-50,99,-41,96,-35,95,-35,76,-34,87,-30,98,-30,86,-24,94,-20,87,-17,99,-28,83,-27,105,-9,91,-33,105,-17,105,-35,90,-24,92,-20,85,-24,85,-27,89,-30,84,-26,77,-20,83,-32,75,-29,77,-18,68,-32,75,-28,72,-24,63,-28,63,-32,51,-26,46,-31,58,-26,50,-27,50,0,0,0,0,0,0,0,0,0,0]"""
1782318880759,2026-06-25T01:34:40.729,warning,bed_exit,yja,bed_exit_failed,t057,"CSI_DATA,810579,1a:00:00:00:00:00,-65,11,-99,19,49,11,-346330648,47,2,256,0,""[0,0,0,0,0,0,0,0,0,0,0,0,-43,-7,1,-62,67,15,-46,2,58,73,-30,27,-40,-46,40,81,82,23,71,96,-4,67,0,19,0,24,30,68,16,106,-9,59,-1,25,12,82,13,37,13,30,0,53,13,70,3,50,-1,55,0,62,12,58,1,64,5,60,-1,63,-1,53,-4,61,9,50,15,59,17,63,21,63,18,63,22,65,7,62,15,61,15,66,15,72,27,59,31,65,19,76,40,63,27,60,53,71,46,61,46,76,46,76,46,82,58,85,53,80,58,78,41,94,68,88,56,88,0,0,0,0,0,0,103,-56,105,-56,94,-57,90,-52,91,-63,98,-47,91,-57,94,-56,100,-54,73,-67,71,-70,68,-66,73,-81,75,-73,82,-58,71,-66,72,-75,83,-66,78,-77,63,-75,60,-74,71,-67,51,-73,49,-79,53,-76,51,-98,44,-91,62,-74,56,-85,50,-79,52,-85,53,-90,56,-83,54,-77,58,-78,45,-78,42,-83,42,-87,32,-83,43,-91,46,-80,53,-71,48,-74,55,-67,56,-67,45,-63,51,-60,58,-57,46,-53,38,-53,38,-61,35,-54,46,-49,35,-41,39,-34,43,-30,46,-29,0,0,0,0,0,0,0,0,0,0]"""
1782318880770,2026-06-25T01:34:40.740,warning,bed_exit,yja,bed_exit_failed,t057,"CSI_DATA,810580,1a:00:00:00:00:00,-65,11,-99,21,49,11,-346316827,47,2,256,0,""[0,0,0,0,0,0,0,0,0,0,0,0,17,15,20,16,17,23,15,24,15,20,14,30,13,34,13,30,6,31,13,31,12,46,14,40,12,46,7,44,5,48,-3,46,0,44,-1,49,-4,60,-6,53,-12,44,-11,52,-12,44,-11,59,-7,54,-10,47,-13,54,-22,50,-17,54,-23,57,-19,52,-22,63,-27,62,-23,63,-19,62,-24,49,-19,58,-10,61,-15,67,-15,69,-18,69,-17,59,-21,66,-17,78,-27,79,-20,78,-26,71,-27,74,-27,78,-10,82,-22,104,-12,78,-23,84,-31,94,-21,100,-27,104,-39,103,0,0,0,0,0,0,98,37,96,37,117,38,99,54,89,43,102,46,98,49,105,56,91,46,100,61,90,65,91,50,77,53,87,39,101,34,87,35,101,32,93,33,86,31,78,44,89,46,86,40,98,43,97,50,95,37,76,49,79,33,98,28,99,26,92,32,84,35,86,30,88,42,91,44,80,42,98,59,84,60,78,54,74,58,63,60,70,51,85,46,71,54,69,48,64,56,50,53,56,64,48,55,48,68,38,63,31,57,32,54,16,56,28,51,31,57,20,45,18,47,0,0,0,0,0,0,0,0,0,0]"""
1782318880781,2026-06-25T01:34:40.751,warning,bed_exit,yja,bed_exit_failed,t057,"CSI_DATA,810581,1a:00:00:00:00:00,-65,11,-99,21,49,11,-346307954,47,2,256,0,""[0,0,0,0,0,0,0,0,0,0,0,0,22,4,23,4,24,6,30,9,35,8,26,7,30,8,35,12,25,6,31,18,33,19,33,16,39,21,41,21,42,14,45,28,43,17,46,18,48,25,59,26,61,14,47,25,46,22,56,24,55,25,51,23,47,27,45,20,62,31,56,16,57,14,62,18,70,8,62,9,61,2,55,5,66,5,67,0,69,1,66,-6,58,-9,70,-6,68,-10,74,-26,73,-13,77,-32,77,-25,75,-36,70,-38,81,-43,90,-46,77,-33,77,-46,94,-57,91,-55,82,-59,86,-67,0,0,0,0,0,0,-74,-74,-86,-74,-84,-73,-86,-73,-79,-72,-71,-60,-95,-73,-86,-62,-93,-60,-89,-65,-94,-62,-94,-50,-77,-44,-96,-45,-95,-43,-85,-39,-95,-34,-86,-27,-79,-12,-104,-27,-91,-16,-96,-4,-102,-2,-105,0,-104,10,-86,7,-101,6,-112,11,-98,8,-92,18,-88,17,-74,23,-106,22,-89,22,-93,34,-102,26,-98,39,-89,37,-91,34,-79,30,-86,26,-90,38,-81,25,-78,29,-74,30,-77,26,-68,26,-72,33,-65,25,-75,31,-55,25,-57,23,-53,16,-59,21,-57,20,-47,15,-47,14,0,0,0,0,0,0,0,0,0,0]"""
1782318880792,2026-06-25T01:34:40.762,warning,bed_exit,yja,bed_exit_failed,t057,"CSI_DATA,810582,1a:00:00:00:00:00,-65,11,-99,18,50,11,-346295570,47,2,256,0,""[0,0,0,0,0,0,0,0,0,0,0,0,9,22,8,24,2,33,2,28,-3,33,0,25,1,31,5,32,-3,41,-5,49,-9,30,-8,38,-16,43,-22,40,-19,37,-32,44,-28,39,-35,40,-32,39,-28,32,-44,42,-32,43,-49,40,-52,33,-45,44,-41,34,-54,25,-39,34,-61,23,-51,34,-61,10,-42,10,-44,29,-48,41,-32,37,-53,38,-55,31,-40,18,-68,39,-71,36,-45,37,-75,8,-71,13,-86,29,-44,-3,-59,44,-77,33,-73,81,-100,34,-77,46,-94,33,-85,15,-95,20,-104,22,-99,0,-108,24,-114,26,0,0,0,0,0,0,16,113,0,127,6,85,-6,112,0,127,-21,89,-15,120,-8,103,-26,119,-7,86,-2,88,3,105,-1,104,5,118,-19,84,-13,98,-6,98,-19,104,-21,89,-19,104,-17,90,-34,99,-11,81,-8,86,-6,100,-10,102,-6,109,-27,88,-15,95,-14,100,-32,101,-26,84,-44,103,-37,84,-46,86,-32,73,-29,86,-34,89,-32,91,-43,88,-46,85,-53,59,-53,74,-68,69,-54,64,-68,50,-65,36,-65,49,-42,35,-52,44,-51,37,-48,42,-60,36,-55,30,-54,10,-53,11,-51,6,0,0,0,0,0,0,0,0,0,0]"""
1782318880803,2026-06-25T01:34:40.773,warning,bed_exit,yja,bed_exit_failed,t057,"CSI_DATA,810583,1a:00:00:00:00:00,-65,11,-99,15,50,11,-346285405,47,2,256,0,""[0,0,0,0,0,0,0,0,0,0,0,0,26,2,29,3,20,10,31,10,28,10,30,23,32,22,24,17,31,23,21,28,35,29,29,31,28,36,24,34,24,40,25,35,29,40,30,35,23,54,25,52,34,42,7,47,15,46,19,60,14,55,15,56,13,46,18,53,10,52,21,61,22,53,19,73,20,66,10,65,15,61,23,52,21,54,31,62,15,65,18,52,25,65,31,52,39,67,33,70,46,87,38,76,41,73,33,74,35,74,33,77,51,89,42,78,50,84,42,93,48,94,46,94,48,99,0,0,0,0,0,0,104,-55,88,-45,119,-52,86,-53,84,-36,101,-52,92,-37,114,-47,81,-46,112,-47,105,-52,86,-45,85,-36,89,-28,94,-49,89,-46,94,-47,83,-43,88,-46,79,-43,90,-55,73,-55,99,-60,94,-57,77,-53,76,-39,77,-45,88,-69,87,-50,84,-48,77,-48,82,-55,74,-46,85,-60,69,-53,101,-62,87,-45,88,-48,84,-42,75,-29,80,-31,86,-46,87,-30,71,-25,75,-30,67,-27,77,-33,73,-19,87,-17,64,-15,68,-7,65,-2,60,0,58,2,63,0,53,4,52,4,0,0,0,0,0,0,0,0,0,0]"""
1782318880814,2026-06-25T01:34:40.784,warning,bed_exit,yja,bed_exit_failed,t057,"CSI_DATA,810584,1a:00:00:00:00:00,-65,11,-99,18,50,11,-346275648,47,2,256,0,""[0,0,0,0,0,0,0,0,0,0,0,0,19,24,14,18,11,27,8,24,11,30,11,24,21,30,14,36,11,36,2,44,-3,44,3,42,-5,46,-5,47,-4,35,-12,53,-10,47,-15,55,-19,42,-14,55,-18,62,-17,50,-19,62,-26,46,-29,38,-25,45,-32,45,-21,44,-41,55,-38,36,-39,48,-32,42,-32,52,-36,51,-27,51,-29,56,-42,64,-38,53,-46,50,-48,62,-34,53,-49,63,-42,51,-41,68,-28,49,-32,82,-41,63,-28,81,-50,75,-54,76,-64,65,-62,70,-45,69,-60,90,-74,72,-52,65,-68,94,0,0,0,0,0,0,67,75,81,84,61,71,76,72,86,95,63,67,93,109,57,64,74,93,68,61,69,71,81,77,66,78,76,81,60,76,59,74,63,75,63,77,47,56,69,87,55,63,66,85,51,53,66,68,78,69,75,67,74,81,55,76,50,73,70,78,63,81,54,54,65,95,51,71,60,79,46,69,62,79,54,81,50,65,50,74,41,88,26,93,28,83,24,86,21,66,19,92,5,72,19,76,9,55,16,81,10,64,16,66,3,58,-1,64,-20,55,-16,50,-9,52,0,0,0,0,0,0,0,0,0,0]"""
1782318880825,2026-06-25T01:34:40.795,warning,bed_exit,yja,bed_exit_failed,t057,"CSI_DATA,810585,1a:00:00:00:00:00,-65,11,-99,21,49,11,-346263025,47,2,256,0,""[0,0,0,0,0,0,0,0,0,0,0,0,0,-27,0,-24,0,-30,-1,-30,8,-30,10,-23,8,-24,5,-37,13,-32,6,-48,12,-33,14,-38,10,-32,14,-39,18,-39,26,-52,20,-45,30,-47,23,-42,14,-25,26,-52,25,-46,29,-61,22,-39,22,-45,30,-48,35,-56,27,-49,36,-56,26,-48,30,-53,19,-38,13,-59,12,-52,8,-63,21,-67,18,-70,26,-59,16,-70,12,-78,3,-72,24,-79,22,-72,-8,-71,8,-49,-8,-86,0,-70,-31,-81,-12,-102,-19,-90,0,-75,-6,-101,-8,-93,-20,-94,-8,-99,-22,-89,-30,-98,0,0,0,0,0,0,-115,32,-126,29,-79,30,-103,30,-126,39,-103,21,-114,33,-94,37,-113,31,-80,33,-79,42,-87,69,-96,50,-86,68,-79,41,-88,55,-79,59,-91,55,-70,64,-94,60,-74,55,-82,67,-55,52,-54,62,-58,79,-60,82,-69,95,-57,65,-63,81,-50,84,-66,89,-45,84,-79,86,-56,77,-51,79,-40,52,-33,92,-43,78,-31,98,-55,88,-51,87,-53,60,-49,72,-56,77,-49,76,-60,61,-54,46,-42,68,-29,34,-41,61,-36,51,-30,62,-43,54,-38,59,-33,34,-39,34,-37,30,0,0,0,0,0,0,0,0,0,0]"""
1782318880836,2026-06-25T01:34:40.806,warning,bed_exit,yja,bed_exit_failed,t057,"CSI_DATA,810586,1a:00:00:00:00:00,-65,11,-99,18,50,11,-346252819,47,2,256,0,""[0,0,0,0,0,0,0,0,0,0,0,0,1,25,-3,19,-5,31,-6,24,-11,30,-16,29,-8,31,-13,38,-11,32,-19,36,-20,37,-23,30,-28,32,-27,32,-22,26,-41,44,-27,38,-37,46,-32,27,-32,26,-46,36,-36,30,-50,49,-40,33,-37,31,-44,37,-46,43,-34,38,-51,43,-35,30,-40,48,-37,27,-38,47,-37,40,-37,49,-37,55,-50,53,-42,49,-50,50,-42,61,-26,56,-48,73,-37,54,-29,68,-30,52,-33,82,-40,63,-25,80,-32,81,-37,81,-32,78,-42,79,-31,86,-41,104,-35,88,-36,79,-29,101,0,0,0,0,0,0,94,31,115,34,81,26,110,19,125,39,91,29,119,32,90,24,112,31,96,32,99,21,112,18,96,24,112,20,99,16,94,24,93,9,96,7,80,0,112,11,88,4,99,-6,66,6,99,-13,102,-5,95,-19,110,-15,94,-7,103,7,94,-17,98,-17,75,-15,114,0,94,-4,99,-17,73,-21,105,-26,96,-11,106,-17,93,-12,95,-13,73,-1,89,1,94,-6,75,-18,87,-1,75,2,73,-9,59,5,73,0,64,8,71,0,62,7,71,6,52,11,49,17,45,18,0,0,0,0,0,0,0,0,0,0]"""
1782318880847,2026-06-25T01:34:40.817,warning,bed_exit,yja,bed_exit_failed,t057,"CSI_DATA,810587,1a:00:00:00:00:00,-65,11,-99,20,49,11,-346232429,47,2,256,0,""[0,0,0,0,0,0,0,0,0,0,0,0,8,20,9,27,7,23,9,28,8,31,5,34,0,37,-5,35,-1,43,-7,31,-8,39,-13,44,-13,40,-11,42,-16,44,-14,43,-9,46,-17,53,-20,39,-26,46,-20,35,-33,48,-39,36,-31,43,-37,42,-41,48,-48,41,-46,49,-20,43,-23,41,-40,53,-38,49,-52,36,-37,39,-44,37,-37,55,-39,46,-29,56,-35,50,-36,53,-48,55,-24,67,-34,72,-44,65,-48,76,-53,61,-43,72,-56,67,-44,76,-53,73,-37,85,-44,91,-52,87,-52,91,-42,93,-63,88,-62,85,0,0,0,0,0,0,98,65,87,69,83,69,97,79,79,66,91,77,88,58,86,69,83,57,83,74,79,77,60,72,87,71,65,74,82,61,80,70,74,63,80,63,83,73,81,50,87,50,86,53,83,59,78,61,60,68,86,58,69,61,78,53,80,59,77,55,79,58,83,67,80,35,85,45,84,61,82,61,65,69,69,63,62,76,67,67,61,70,70,59,62,69,51,58,50,68,59,55,56,61,43,68,38,71,28,59,30,64,8,66,26,61,13,61,21,53,15,53,13,51,0,0,0,0,0,0,0,0,0,0]"""
1782318880858,2026-06-25T01:34:40.828,warning,bed_exit,yja,bed_exit_failed,t057,"CSI_DATA,810588,1a:00:00:00:00:00,-65,11,-99,17,49,11,-346229919,47,2,256,0,""[0,0,0,0,0,0,0,0,0,0,0,0,26,8,-63,2,-8,-44,7,67,35,-95,-2,12,-65,11,55,-40,37,-87,102,-34,24,-5,-1,-48,10,-46,58,-31,35,19,21,-24,29,-57,25,-16,39,-39,60,-48,42,-38,36,-30,46,-49,54,-34,39,-26,42,-26,42,-35,29,-36,57,-38,40,-32,41,-43,39,-26,43,-54,47,-33,43,-47,37,-38,53,-45,47,-42,60,-39,50,-52,42,-48,53,-66,45,-50,45,-72,38,-50,44,-78,43,-65,39,-73,47,-67,55,-76,55,-64,54,-69,37,-70,55,-95,58,-88,54,-75,50,-95,0,0,0,0,0,0,-86,-53,-103,-55,-75,-49,-105,-44,-118,-57,-82,-35,-106,-62,-81,-43,-104,-49,-84,-49,-95,-43,-104,-45,-85,-46,-107,-50,-93,-41,-79,-45,-91,-47,-92,-40,-76,-24,-110,-37,-83,-27,-101,-24,-77,-27,-92,-20,-103,-20,-90,-19,-108,-23,-96,-19,-89,-35,-97,-27,-100,-16,-79,-2,-112,-24,-83,-17,-104,-10,-77,-24,-107,-4,-95,-25,-91,-14,-95,-20,-97,-25,-81,-28,-81,-48,-84,-34,-73,-20,-82,-34,-65,-33,-72,-23,-54,-28,-72,-25,-55,-31,-61,-26,-54,-32,-61,-39,-42,-39,-35,-42,-35,-32,0,0,0,0,0,0,0,0,0,0]"""
1782318880869,2026-06-25T01:34:40.839,warning,bed_exit,yja,bed_exit_failed,t057,"CSI_DATA,810589,1a:00:00:00:00:00,-65,11,-99,21,49,11,-346219241,47,2,256,0,""[0,0,0,0,0,0,0,0,0,0,0,0,4,30,6,20,6,33,2,26,3,38,-4,26,-1,30,-5,39,-8,30,-1,43,-10,43,-11,33,-9,41,-6,46,-6,37,-16,59,-6,37,-15,52,-9,39,0,52,0,56,-14,58,-16,60,-12,44,-16,47,-24,54,-18,58,-11,46,-9,69,-8,44,-6,69,-1,43,3,63,-1,62,14,67,6,63,5,76,2,67,11,68,17,77,21,56,21,84,14,62,38,70,18,54,46,77,31,77,50,67,55,72,50,79,41,76,41,81,46,77,69,94,59,77,44,67,81,76,0,0,0,0,0,0,60,-78,89,-92,59,-58,72,-91,84,-106,59,-68,77,-105,46,-72,62,-103,38,-76,45,-86,52,-94,45,-101,42,-117,45,-92,42,-79,37,-101,30,-103,15,-77,25,-118,14,-78,6,-108,-5,-77,-1,-93,1,-104,-9,-99,-8,-115,-5,-105,-5,-100,-10,-103,-14,-102,-20,-79,-23,-118,-12,-87,-26,-98,-20,-75,-45,-101,-22,-96,-37,-91,-34,-95,-24,-97,-16,-88,-18,-91,-24,-96,-24,-71,-22,-86,-15,-64,-32,-80,-14,-45,-23,-70,-14,-61,-26,-62,-13,-59,-18,-64,-7,-54,-6,-50,0,-47,0,0,0,0,0,0,0,0,0,0]"""
1782318880880,2026-06-25T01:34:40.850,warning,bed_exit,yja,bed_exit_failed,t057,"CSI_DATA,810590,1a:00:00:00:00:00,-65,11,-99,20,49,11,-346207958,47,2,256,0,""[0,0,0,0,0,0,0,0,0,0,0,0,15,20,15,22,13,15,25,25,20,16,17,31,18,36,21,27,18,36,9,26,24,43,17,45,6,42,14,43,24,38,14,40,17,49,21,49,13,49,20,60,21,55,9,49,15,51,22,61,14,56,19,54,20,48,20,56,20,48,22,54,27,48,28,62,28,53,30,54,24,57,32,49,32,51,52,55,41,55,39,51,45,48,53,45,69,48,57,44,76,58,71,50,73,45,71,50,59,40,77,44,90,48,79,35,90,40,93,45,96,33,95,42,103,37,0,0,0,0,0,0,38,-108,30,-95,30,-124,22,-110,21,-94,16,-118,22,-95,14,-114,1,-98,20,-126,10,-120,9,-104,9,-97,7,-94,-9,-116,-10,-105,-7,-97,-9,-88,-20,-94,-17,-91,-38,-103,-37,-85,-30,-106,-36,-94,-39,-89,-34,-88,-40,-83,-48,-92,-46,-84,-49,-81,-41,-76,-53,-83,-52,-72,-63,-76,-66,-72,-66,-92,-56,-84,-57,-80,-53,-89,-49,-72,-53,-71,-65,-70,-52,-80,-41,-62,-49,-64,-51,-58,-51,-66,-50,-51,-47,-76,-39,-62,-31,-59,-33,-55,-33,-49,-21,-50,-29,-56,-24,-50,-21,-49,0,0,0,0,0,0,0,0,0,0]"""
1782318880891,2026-06-25T01:34:40.861,warning,bed_exit,yja,bed_exit_failed,t057,"CSI_DATA,810591,1a:00:00:00:00:00,-65,11,-99,20,49,11,-346198605,47,2,256,0,""[0,0,0,0,0,0,0,0,0,0,0,0,15,20,11,23,14,27,2,23,9,30,4,27,11,30,9,34,8,42,6,46,0,37,0,42,0,40,-12,46,-7,40,-22,56,-14,53,-20,52,-15,33,-20,45,-24,61,-31,44,-26,61,-31,43,-33,46,-31,43,-41,53,-30,49,-56,49,-44,37,-43,43,-36,31,-30,42,-37,47,-28,51,-44,59,-45,56,-49,45,-53,53,-55,61,-44,59,-61,54,-55,52,-48,53,-34,36,-46,73,-46,53,-42,84,-69,72,-51,74,-54,43,-69,67,-69,66,-67,74,-83,61,-66,66,-78,77,0,0,0,0,0,0,67,90,75,106,50,63,60,88,70,112,44,86,51,113,43,93,53,108,44,80,46,67,72,94,55,92,69,95,43,79,54,82,50,85,46,94,48,79,54,107,44,82,52,93,30,69,47,69,62,88,43,90,68,89,37,72,41,93,47,85,49,104,49,83,29,113,25,92,35,98,14,73,40,81,30,86,43,88,29,102,28,99,2,83,1,94,1,97,5,88,-13,91,-19,74,-6,77,-2,45,-9,72,-11,57,-2,72,-20,66,-21,61,-20,42,-31,53,-28,42,0,0,0,0,0,0,0,0,0,0]"""
1782318880902,2026-06-25T01:34:40.872,warning,bed_exit,yja,bed_exit_failed,t057,"CSI_DATA,810592,1a:00:00:00:00:00,-65,11,-99,19,49,11,-346187439,47,2,256,0,""[0,0,0,0,0,0,0,0,0,0,0,0,-23,7,-31,4,-24,0,-30,5,-27,3,-40,-1,-34,-3,-30,-13,-32,-9,-32,-9,-38,-17,-39,-17,-35,-20,-33,-16,-45,-32,-27,-21,-36,-35,-36,-33,-48,-47,-40,-44,-18,-33,-37,-42,-14,-43,-30,-46,-31,-50,-22,-49,-15,-51,-24,-67,-24,-38,-34,-60,-18,-53,-33,-69,-22,-58,-24,-49,-26,-63,-19,-57,-23,-50,-34,-60,-25,-53,-25,-48,-24,-66,-30,-57,-41,-70,-24,-72,-37,-102,-11,-64,-32,-76,-13,-80,-33,-71,-30,-87,-41,-96,-34,-84,-34,-97,-25,-88,-43,-95,-29,-118,-35,-104,0,0,0,0,0,0,-123,22,-94,12,-128,17,-108,16,-84,0,-126,4,-92,10,-128,1,-92,6,-125,-10,-115,-8,-95,-20,-98,-5,-85,-15,-108,-10,-105,-8,-97,-12,-101,-14,-115,-15,-78,0,-108,-3,-86,-1,-122,-10,-103,-10,-95,-8,-104,-5,-77,-20,-99,-8,-101,-15,-91,-13,-88,-29,-108,-27,-84,0,-113,-7,-92,-22,-117,-37,-83,-45,-91,-31,-88,-47,-78,-37,-70,-42,-94,-41,-76,-39,-67,-39,-69,-58,-61,-33,-74,-49,-59,-58,-68,-74,-32,-54,-44,-55,-27,-59,-34,-53,-22,-51,-32,-57,-21,-47,-14,-53,0,0,0,0,0,0,0,0,0,0]"""
1782318880913,2026-06-25T01:34:40.883,warning,bed_exit,yja,bed_exit_failed,t057,"CSI_DATA,810593,1a:00:00:00:00:00,-64,11,-99,18,49,11,-346176648,47,2,256,0,""[0,0,0,0,0,0,0,0,0,0,0,0,-78,-1,43,51,-58,19,-88,73,-30,88,-8,37,-45,50,11,122,-48,21,-17,6,48,75,-33,5,-43,1,-101,-31,-47,15,-30,20,-15,19,-17,5,-51,8,-39,12,-32,-25,-56,28,-55,-4,-56,7,-63,9,-61,12,-57,11,-70,8,-46,7,-64,8,-52,7,-66,4,-60,9,-58,8,-62,14,-64,18,-55,16,-59,23,-51,16,-57,13,-72,16,-45,30,-73,39,-66,17,-89,46,-75,17,-71,42,-83,25,-71,37,-75,33,-79,48,-75,59,-93,56,-87,47,-92,58,-97,59,-91,43,0,0,0,0,0,0,50,107,39,91,57,113,50,105,36,78,50,117,42,79,51,112,42,82,61,107,52,95,34,88,60,91,38,75,53,93,60,88,55,84,48,75,57,97,56,53,76,86,49,70,68,86,60,75,53,70,70,79,55,69,63,66,67,71,69,70,60,66,73,90,64,45,75,76,64,70,82,87,50,76,62,75,54,81,60,72,47,66,60,77,61,72,43,64,40,81,46,53,52,79,30,68,34,82,19,65,25,65,16,67,22,59,13,48,12,57,11,59,9,57,0,0,0,0,0,0,0,0,0,0]"""
1782318880924,2026-06-25T01:34:40.894,warning,bed_exit,yja,bed_exit_failed,t057,"CSI_DATA,810594,1a:00:00:00:00:00,-64,11,-99,21,49,11,-346164585,47,2,256,0,""[0,0,0,0,0,0,0,0,0,0,0,0,-4,-27,0,-23,-6,-33,3,-30,0,-30,-4,-28,-6,-29,-1,-32,-5,-38,11,-42,13,-32,6,-38,13,-41,20,-43,27,-53,22,-45,22,-38,30,-42,27,-33,12,-52,12,-56,34,-54,23,-48,38,-34,38,-41,36,-38,44,-45,36,-47,45,-49,38,-46,33,-53,38,-45,25,-53,23,-60,26,-58,23,-67,29,-58,30,-46,38,-62,37,-65,34,-62,31,-66,35,-66,33,-75,21,-55,9,-70,14,-77,6,-81,27,-97,22,-94,33,-78,33,-94,30,-93,22,-86,46,-95,27,-100,28,-100,0,0,0,0,0,0,-118,-32,-117,-41,-92,-29,-103,-26,-115,-31,-98,-38,-108,-41,-109,-35,-112,-41,-86,-23,-96,-12,-101,-12,-111,-7,-109,-17,-86,-34,-97,-24,-96,-20,-109,-30,-106,-17,-102,-16,-91,-4,-102,-9,-85,-4,-89,2,-94,0,-110,13,-104,5,-89,-22,-102,-4,-102,-4,-105,-11,-100,0,-105,-4,-95,-3,-102,-7,-86,-6,-92,10,-92,12,-96,15,-109,9,-94,-6,-80,-17,-99,-23,-93,-21,-93,-21,-79,-19,-71,-20,-79,-22,-62,-14,-62,-9,-62,-10,-67,-9,-70,-18,-57,-17,-45,-29,-50,-32,-42,-30,0,0,0,0,0,0,0,0,0,0]"""
1782318880935,2026-06-25T01:34:40.905,warning,bed_exit,yja,bed_exit_failed,t057,"CSI_DATA,810595,1a:00:00:00:00:00,-65,11,-99,19,49,11,-346151214,47,2,256,0,""[0,0,0,0,0,0,0,0,0,0,0,0,-20,18,-11,13,-33,14,-26,16,-30,11,-26,14,-29,10,-36,11,-32,7,-44,9,-39,8,-37,2,-44,6,-49,0,-36,3,-60,5,-41,1,-54,0,-39,-5,-51,4,-59,1,-61,-4,-63,-2,-54,-14,-51,-13,-60,-9,-65,-12,-44,-1,-69,-9,-51,-5,-62,0,-46,-4,-66,3,-61,0,-61,3,-61,12,-72,6,-62,2,-76,0,-81,5,-63,14,-81,7,-60,11,-77,22,-53,11,-77,38,-75,21,-72,43,-88,32,-94,32,-85,20,-91,29,-76,31,-108,51,-95,32,-82,32,-102,48,0,0,0,0,0,0,41,95,46,119,31,79,65,92,63,121,37,83,62,121,44,79,63,114,46,72,52,84,62,95,65,86,65,100,50,90,44,78,59,91,67,101,51,71,83,86,58,52,80,77,55,56,67,63,81,72,78,63,86,72,70,70,64,72,72,68,82,65,66,46,99,76,67,57,90,59,57,47,87,53,72,62,85,53,82,56,79,73,58,66,55,77,62,72,52,52,65,68,43,50,61,55,39,38,58,52,38,49,42,51,41,44,40,61,26,50,18,49,22,51,0,0,0,0,0,0,0,0,0,0]"""
1782318880946,2026-06-25T01:34:40.916,warning,bed_exit,yja,bed_exit_failed,t057,"CSI_DATA,810596,1a:00:00:00:00:00,-65,11,-99,18,49,11,-346143470,47,2,256,0,""[0,0,0,0,0,0,0,0,0,0,0,0,-5,23,-4,30,0,27,-8,30,-2,26,-19,36,-19,38,-20,28,-23,28,-19,20,-31,29,-33,27,-30,24,-38,26,-39,28,-38,24,-51,26,-39,24,-49,23,-57,24,-55,27,-51,13,-58,15,-58,19,-51,8,-50,5,-48,8,-66,21,-51,15,-54,10,-51,29,-73,8,-76,5,-45,13,-59,18,-63,18,-42,0,-80,19,-54,26,-62,16,-59,1,-53,22,-71,30,-75,17,-108,42,-74,27,-62,11,-81,23,-69,36,-76,7,-106,30,-72,40,-77,36,-96,20,-115,26,-115,23,-107,25,0,0,0,0,0,0,23,105,11,88,26,123,22,109,10,91,17,122,15,93,13,117,13,94,7,127,3,122,3,105,-2,99,3,93,8,116,5,107,6,105,8,93,15,98,4,86,16,98,27,90,13,111,12,111,18,97,12,91,5,89,17,102,11,99,8,101,9,92,9,100,13,86,14,103,12,89,3,118,0,104,-5,95,-10,94,-14,87,-8,85,-4,96,-17,86,-13,77,-17,80,-13,75,-13,77,-17,76,-34,88,-31,65,-29,61,-36,55,-32,53,-34,53,-38,56,-34,40,-37,41,0,0,0,0,0,0,0,0,0,0]"""
1782318880957,2026-06-25T01:34:40.927,warning,bed_exit,yja,bed_exit_failed,t057,"CSI_DATA,810597,1a:00:00:00:00:00,-64,11,-99,20,49,11,-346132207,47,2,256,0,""[0,0,0,0,0,0,0,0,0,0,0,0,-11,-12,-23,-23,-11,-15,-17,-26,-17,-16,-20,-33,-10,-34,-11,-28,-10,-33,-5,-38,-17,-36,-12,-40,-9,-50,-7,-42,-11,-55,-9,-32,-11,-48,-9,-37,-16,-59,0,-64,2,-57,-10,-51,3,-44,-10,-61,-6,-64,-5,-53,-1,-52,-8,-63,-12,-48,-15,-65,-10,-53,-17,-83,-13,-60,-15,-61,-12,-69,-18,-61,-15,-47,-26,-61,-26,-60,-20,-56,-31,-76,-29,-43,-50,-62,-38,-61,-60,-86,-36,-67,-53,-56,-38,-74,-48,-61,-55,-65,-75,-72,-62,-54,-80,-72,-61,-61,-75,-67,-96,-88,-66,-72,0,0,0,0,0,0,-72,88,-59,72,-90,111,-73,84,-51,58,-81,97,-48,76,-80,110,-46,74,-85,106,-65,95,-60,72,-54,85,-52,67,-48,101,-49,92,-45,89,-34,86,-46,105,-19,70,-27,107,-23,83,-41,120,-30,97,-31,86,-21,97,-20,72,-13,98,-20,98,-19,93,-15,82,-26,112,0,83,2,112,-8,87,-10,127,-20,100,-8,102,-25,99,-13,84,-13,76,0,97,-8,87,-5,75,-19,86,0,65,-1,97,-11,69,-27,94,-19,62,-20,67,-25,57,-17,56,-23,50,-25,61,-15,52,-20,53,0,0,0,0,0,0,0,0,0,0]"""
1782318880968,2026-06-25T01:34:40.938,warning,bed_exit,yja,bed_exit_failed,t057,"CSI_DATA,810598,1a:00:00:00:00:00,-65,11,-99,19,49,11,-346121648,47,2,256,0,""[0,0,0,0,0,0,0,0,0,0,0,0,-23,-15,-21,-12,-25,-15,-19,-16,-25,-22,-20,-21,-15,-16,-27,-29,-24,-28,-23,-40,-14,-37,-15,-41,-11,-42,-4,-46,-11,-46,-12,-54,-13,-51,-1,-49,7,-44,-8,-42,-2,-47,0,-58,7,-61,15,-48,18,-56,15,-57,21,-62,12,-52,21,-64,26,-56,17,-57,18,-42,14,-50,20,-55,15,-63,12,-73,23,-66,22,-49,34,-65,34,-67,27,-75,24,-78,25,-71,26,-73,15,-60,17,-72,19,-73,13,-91,24,-94,36,-88,39,-63,50,-88,35,-92,41,-88,59,-89,50,-84,47,-97,0,0,0,0,0,0,-92,-57,-107,-75,-74,-55,-102,-52,-101,-75,-77,-72,-90,-78,-81,-65,-82,-77,-65,-58,-73,-45,-85,-72,-90,-69,-79,-82,-60,-71,-71,-77,-63,-78,-67,-90,-71,-77,-77,-78,-73,-63,-72,-66,-60,-61,-68,-52,-79,-65,-76,-78,-78,-77,-50,-70,-57,-87,-59,-76,-62,-93,-66,-75,-66,-90,-58,-82,-68,-76,-37,-71,-60,-69,-54,-73,-58,-84,-56,-93,-39,-94,-19,-78,-15,-96,-16,-93,-22,-94,-12,-86,-10,-78,-15,-72,-3,-59,-8,-67,2,-58,-4,-69,6,-71,15,-67,21,-45,29,-54,28,-46,0,0,0,0,0,0,0,0,0,0]"""
1782318880979,2026-06-25T01:34:40.949,warning,bed_exit,yja,bed_exit_failed,t057,"CSI_DATA,810599,1a:00:00:00:00:00,-64,11,-99,19,49,11,-346110648,47,2,256,0,""[0,0,0,0,0,0,0,0,0,0,0,0,-7,-15,-6,-22,0,-25,-2,-28,-5,-32,1,-30,17,-36,7,-26,23,-32,26,-30,15,-35,18,-36,27,-33,30,-27,37,-34,25,-27,35,-30,36,-28,56,-38,63,-20,51,-15,49,-19,57,-12,54,-24,53,-21,49,-20,53,-14,55,-6,53,-17,61,-16,59,-14,73,-10,68,0,58,-6,68,0,55,9,55,-7,63,-20,69,-15,60,-13,66,-2,63,-18,77,-20,86,-17,96,-9,69,3,89,-2,86,11,81,2,90,-5,109,-21,88,-17,85,-3,104,0,104,-13,111,6,115,12,0,0,0,0,0,0,19,-117,18,-102,36,-125,30,-101,26,-88,36,-118,34,-92,40,-116,31,-100,49,-110,57,-106,54,-79,51,-96,52,-84,38,-101,38,-96,42,-99,42,-88,54,-94,37,-82,36,-91,43,-83,57,-95,65,-93,56,-74,52,-79,57,-69,53,-94,55,-91,48,-76,50,-75,64,-77,46,-77,54,-84,61,-78,84,-90,88,-59,75,-62,88,-51,76,-44,73,-50,76,-64,75,-46,60,-45,75,-34,61,-45,71,-40,78,-22,88,-24,68,-2,70,-3,70,4,55,2,59,6,70,-3,52,0,49,9,0,0,0,0,0,0,0,0,0,0]"""
1782318880990,2026-06-25T01:34:40.960,warning,bed_exit,yja,bed_exit_failed,t057,"CSI_DATA,810600,1a:00:00:00:00:00,-65,11,-99,17,50,11,-346097478,47,2,256,0,""[0,0,0,0,0,0,0,0,0,0,0,0,22,-14,20,-9,26,-15,27,-8,30,-3,23,-6,20,-13,37,-10,32,-6,40,-12,40,-4,37,-6,42,-5,49,2,46,2,51,1,43,6,53,11,47,0,55,1,66,-1,57,13,58,-3,53,14,55,6,54,6,61,7,54,8,65,14,57,10,54,12,56,6,60,2,64,-1,60,-4,63,-10,60,-2,67,4,68,-13,78,-6,70,-6,75,-2,72,0,79,-9,52,-14,77,-29,71,-20,70,-46,89,-33,83,-38,84,-21,87,-34,91,-28,96,-41,102,-23,89,-45,102,-42,0,0,0,0,0,0,-36,-114,-37,-119,-34,-89,-36,-102,-50,-123,-19,-92,-34,-122,-35,-93,-30,-115,-46,-77,-45,-78,-61,-90,-57,-93,-71,-96,-39,-84,-60,-77,-69,-78,-60,-93,-59,-82,-66,-90,-44,-75,-54,-84,-53,-61,-64,-57,-80,-69,-76,-64,-87,-61,-59,-70,-76,-62,-88,-63,-78,-70,-78,-57,-78,-82,-63,-78,-62,-67,-60,-44,-80,-57,-81,-58,-89,-46,-80,-62,-71,-59,-59,-67,-65,-62,-64,-75,-58,-64,-48,-67,-34,-62,-47,-60,-38,-40,-48,-49,-41,-48,-49,-45,-43,-54,-42,-51,-21,-52,-22,-47,-20,-52,0,0,0,0,0,0,0,0,0,0]"""
1782318881001,2026-06-25T01:34:40.971,warning,bed_exit,yja,bed_exit_failed,t057,"CSI_DATA,810602,1a:00:00:00:00:00,-65,11,-99,17,50,11,-346077612,47,2,256,0,""[0,0,0,0,0,0,0,0,0,0,0,0,0,-26,5,-26,6,-22,6,-28,7,-27,10,-30,14,-23,25,-26,20,-31,26,-34,25,-22,32,-29,29,-30,34,-28,44,-29,36,-31,44,-29,48,-21,41,-24,37,-16,39,-12,44,-33,57,-15,54,-12,53,-23,59,-17,54,-10,64,-14,62,-20,54,-18,62,-14,54,-18,52,-21,48,-21,58,-20,67,-27,63,-17,62,-10,62,-21,66,-22,66,-23,67,-35,70,-31,65,-34,70,-32,70,-31,74,-40,80,-36,73,-45,81,-39,77,-33,89,-36,98,-37,93,-34,98,-36,98,-43,97,-46,0,0,0,0,0,0,-42,-105,-35,-118,-32,-92,-27,-106,-28,-118,-14,-114,-22,-107,-26,-100,-19,-103,-22,-102,-22,-96,-14,-103,-31,-110,-25,-102,-10,-103,-17,-103,-18,-94,-19,-102,-19,-99,-30,-94,-32,-93,-15,-103,-22,-78,-32,-85,-22,-99,-42,-102,-23,-98,-17,-91,-30,-97,-23,-93,-17,-97,-19,-100,-34,-104,-26,-96,-13,-97,-22,-91,-22,-88,-27,-89,-22,-92,-15,-99,-6,-92,6,-84,2,-90,1,-87,8,-87,3,-87,7,-82,11,-78,12,-70,12,-64,13,-70,20,-63,15,-70,21,-54,32,-46,27,-46,31,-43,0,0,0,0,0,0,0,0,0,0]"""
1782318881012,2026-06-25T01:34:40.982,warning,bed_exit,yja,bed_exit_failed,t057,"CSI_DATA,810603,1a:00:00:00:00:00,-65,11,-99,19,49,11,-346066648,47,2,256,0,""[0,0,0,0,0,0,0,0,0,0,0,0,-20,-4,-23,-15,-21,-11,-23,-15,-27,-15,-26,-18,-19,-22,-21,-25,-17,-29,-21,-32,-28,-30,-22,-32,-23,-40,-23,-39,-23,-44,-11,-39,-11,-47,-8,-44,-15,-61,-16,-63,-15,-51,4,-55,-9,-51,-5,-59,-8,-59,-2,-54,-1,-54,0,-54,5,-62,5,-65,2,-55,1,-73,12,-65,5,-63,5,-63,5,-57,3,-55,-4,-67,0,-71,-2,-70,0,-74,0,-66,2,-74,0,-70,5,-86,0,-87,1,-79,7,-79,12,-85,2,-86,0,-101,0,-87,2,-95,14,-107,6,-105,8,-111,23,-101,0,0,0,0,0,0,-107,-23,-101,-21,-122,-26,-108,-28,-96,-23,-110,-25,-107,-33,-115,-31,-98,-32,-116,-39,-104,-38,-96,-30,-84,-32,-94,-26,-103,-19,-96,-15,-100,-16,-93,-23,-97,-25,-90,-29,-97,-24,-93,-20,-107,-31,-98,-40,-99,-27,-88,-40,-85,-22,-105,-16,-99,-20,-96,-21,-92,-23,-94,-31,-94,-35,-96,-42,-84,-31,-102,-51,-95,-51,-86,-54,-82,-57,-69,-57,-72,-46,-86,-45,-79,-57,-63,-48,-63,-52,-55,-52,-59,-61,-53,-55,-48,-61,-46,-65,-36,-59,-30,-52,-26,-55,-28,-55,-26,-60,-20,-51,-16,-51,0,0,0,0,0,0,0,0,0,0]"""
1782318881023,2026-06-25T01:34:40.993,warning,bed_exit,yja,bed_exit_failed,t057,"CSI_DATA,810604,1a:00:00:00:00:00,-65,11,-99,16,50,11,-346055643,47,2,256,0,""[0,0,0,0,0,0,0,0,0,0,0,0,-16,15,-18,17,-20,14,-25,12,-21,17,-31,9,-32,9,-32,13,-27,10,-32,10,-43,10,-39,6,-47,9,-39,8,-45,10,-47,-2,-51,4,-41,8,-58,0,-61,8,-59,17,-52,0,-51,-3,-60,5,-55,2,-53,-10,-54,-6,-53,5,-52,1,-64,0,-56,-1,-68,8,-66,6,-56,9,-61,9,-56,2,-57,3,-66,13,-66,11,-59,15,-65,24,-64,10,-77,20,-63,36,-88,27,-72,34,-69,33,-81,27,-72,34,-76,37,-87,43,-76,36,-79,43,-92,41,-86,48,-94,51,-93,55,0,0,0,0,0,0,57,91,53,84,68,100,61,86,45,93,62,92,56,86,64,107,57,83,56,105,59,91,60,87,44,83,61,79,69,83,62,79,71,76,61,74,79,66,62,67,74,67,73,61,85,74,76,61,84,59,68,65,72,51,90,57,81,58,75,57,75,50,85,53,77,61,93,53,78,42,89,63,91,58,81,55,78,53,68,55,71,53,76,61,68,61,65,52,70,42,55,48,61,57,59,47,56,60,55,53,44,53,46,49,34,42,33,47,42,51,29,40,30,40,0,0,0,0,0,0,0,0,0,0]"""
1782318881034,2026-06-25T01:34:41.004,warning,bed_exit,yja,bed_exit_failed,t057,"CSI_DATA,810605,1a:00:00:00:00:00,-65,11,-99,21,49,11,-346044648,47,2,256,0,""[0,0,0,0,0,0,0,0,0,0,0,0,10,-15,12,-25,1,-17,10,-28,8,-22,19,-31,27,-24,20,-19,23,-38,24,-18,31,-32,30,-32,30,-26,31,-30,42,-34,28,-27,41,-31,38,-27,47,-25,42,-30,35,-22,47,-30,45,-14,48,-22,53,-24,47,-30,48,-23,62,-27,37,-20,50,-29,50,-25,63,-35,59,-22,48,-26,54,-23,55,-27,46,-28,55,-40,50,-39,39,-40,61,-36,34,-49,50,-61,57,-44,73,-70,62,-41,62,-63,69,-56,53,-53,56,-62,55,-80,52,-84,66,-79,55,-78,56,-87,67,-99,61,-76,0,0,0,0,0,0,-90,-79,-67,-57,-97,-79,-77,-83,-62,-54,-89,-83,-72,-49,-101,-78,-70,-53,-101,-73,-86,-74,-64,-72,-86,-56,-64,-57,-88,-60,-89,-55,-82,-47,-75,-43,-92,-64,-73,-30,-101,-41,-78,-40,-106,-53,-91,-48,-75,-47,-91,-38,-78,-40,-93,-31,-92,-31,-86,-30,-81,-30,-102,-46,-79,-14,-100,-24,-85,-34,-118,-33,-87,-44,-86,-38,-85,-46,-79,-40,-78,-36,-91,-33,-78,-30,-65,-31,-73,-46,-66,-20,-86,-38,-55,-41,-82,-54,-46,-48,-56,-43,-46,-50,-48,-34,-42,-38,-42,-47,-38,-39,-33,-45,0,0,0,0,0,0,0,0,0,0]"""
1782318881045,2026-06-25T01:34:41.015,warning,bed_exit,yja,bed_exit_failed,t057,"CSI_DATA,810606,1a:00:00:00:00:00,-65,11,-99,15,50,11,-346032012,47,2,256,0,""[0,0,0,0,0,0,0,0,0,0,0,0,11,-17,19,-20,15,-10,33,-19,21,-13,31,-16,37,-14,32,-11,29,-5,31,-1,35,-11,36,-6,43,-3,45,1,57,8,30,3,51,4,41,3,71,16,51,31,46,26,49,25,33,18,54,25,51,27,47,24,41,25,48,32,39,21,59,35,46,22,66,44,43,42,46,41,49,42,50,39,46,26,59,32,59,37,56,39,57,49,53,27,70,36,54,41,85,63,50,46,64,44,59,54,67,54,61,49,87,57,65,46,84,64,68,59,87,63,89,77,71,74,0,0,0,0,0,0,89,-71,76,-50,108,-87,85,-61,62,-46,107,-74,70,-46,112,-70,70,-52,119,-63,103,-53,83,-45,88,-48,81,-32,86,-52,83,-53,92,-53,85,-46,103,-53,58,-37,90,-53,68,-38,114,-52,102,-47,83,-42,87,-39,68,-24,93,-48,93,-46,87,-39,79,-32,102,-36,66,-35,102,-41,81,-32,126,-36,100,-14,99,-20,100,-7,86,-9,76,-8,95,-19,93,-7,69,-6,95,12,64,-5,91,0,66,12,99,22,68,25,70,21,52,36,49,21,48,24,58,31,42,29,42,30,0,0,0,0,0,0,0,0,0,0]"""
1782318881056,2026-06-25T01:34:41.026,warning,bed_exit,yja,bed_exit_failed,t057,"CSI_DATA,810607,1a:00:00:00:00:00,-65,11,-99,16,50,11,-346020348,47,2,256,0,""[0,0,0,0,0,0,0,0,0,0,0,0,14,13,16,21,19,17,25,20,15,22,13,30,15,26,2,33,9,34,7,32,5,36,0,37,1,38,2,41,-6,45,-5,44,-3,46,-17,45,-7,49,-13,42,-25,32,-14,54,-30,37,-24,47,-26,45,-33,47,-38,45,-38,49,-24,53,-22,55,-32,50,-31,52,-36,45,-34,53,-40,45,-34,47,-38,50,-35,50,-39,50,-36,53,-43,54,-33,58,-37,65,-43,61,-51,61,-52,58,-52,63,-65,53,-45,66,-54,68,-52,72,-62,74,-68,77,-65,67,-53,82,-67,70,-72,72,0,0,0,0,0,0,73,83,61,94,65,86,64,99,57,99,62,96,63,88,56,88,50,93,50,93,45,91,24,95,54,94,31,93,38,92,38,93,37,89,42,88,42,96,48,83,52,82,34,91,40,88,43,91,22,88,40,91,20,92,35,94,31,93,25,90,23,96,21,105,40,90,41,96,28,94,22,97,9,101,9,92,0,95,4,94,-7,90,0,93,-8,86,-7,84,-16,79,-2,82,-8,74,-15,77,-27,72,-27,65,-31,66,-38,53,-28,61,-40,50,-35,48,-35,42,-37,35,0,0,0,0,0,0,0,0,0,0]"""
1782318881067,2026-06-25T01:34:41.037,warning,bed_exit,yja,bed_exit_failed,t057,"CSI_DATA,810608,1a:00:00:00:00:00,-65,11,-99,16,50,11,-346010760,47,2,256,0,""[0,0,0,0,0,0,0,0,0,0,0,0,-18,4,-20,6,-26,8,-23,4,-27,7,-28,2,-34,0,-32,3,-28,0,-39,1,-37,6,-35,0,-46,0,-35,-1,-36,3,-42,-7,-44,-6,-47,0,-52,-8,-61,2,-56,9,-50,-10,-53,-7,-62,-1,-55,0,-55,-1,-51,-3,-49,0,-63,0,-56,-2,-59,2,-64,2,-67,7,-60,6,-59,14,-48,6,-59,10,-69,20,-61,18,-57,26,-61,20,-66,21,-61,27,-61,38,-72,37,-67,40,-70,38,-66,48,-69,45,-68,57,-76,67,-61,48,-59,58,-75,73,-70,70,-68,77,-76,82,0,0,0,0,0,0,82,62,85,61,99,72,86,65,81,58,84,53,99,62,99,59,94,52,93,55,101,56,94,42,76,46,95,36,105,30,94,29,100,18,93,15,84,9,96,20,95,14,102,7,107,5,108,13,102,-1,92,0,92,-6,107,-15,98,-16,99,-19,83,-15,82,-21,103,-15,98,-24,94,-25,109,-22,105,-25,94,-19,93,-22,82,-13,90,-19,94,-28,88,-21,77,-20,76,-20,82,-10,78,-12,76,-21,72,-9,78,-13,66,-14,62,-12,59,-4,57,-8,66,-11,51,-6,48,-8,0,0,0,0,0,0,0,0,0,0]"""
1782318881078,2026-06-25T01:34:41.048,warning,bed_exit,yja,bed_exit_failed,t057,"CSI_DATA,810609,1a:00:00:00:00:00,-65,11,-99,16,50,11,-345998577,47,2,256,0,""[0,0,0,0,0,0,0,0,0,0,0,0,18,-10,26,-9,20,-10,26,-13,18,-10,35,-13,35,-9,31,-7,27,-3,29,-5,42,-13,38,-13,37,-17,35,-9,49,-9,34,-2,58,-11,39,-5,54,-9,57,-12,52,-17,45,-3,43,-2,54,-14,51,-14,58,-9,51,-9,56,-11,47,-15,59,-21,50,-14,70,-21,59,-18,55,-26,53,-20,50,-16,45,-25,54,-36,47,-40,48,-38,56,-42,44,-37,57,-52,41,-45,72,-68,60,-51,53,-60,61,-61,45,-58,40,-65,47,-94,40,-70,51,-78,45,-82,41,-94,43,-105,48,-94,0,0,0,0,0,0,-104,-37,-79,-29,-128,-35,-95,-40,-72,-25,-113,-30,-89,-25,-121,-32,-86,-17,-128,-31,-109,-23,-101,-17,-87,-17,-87,-5,-109,4,-100,7,-97,20,-90,20,-99,16,-83,9,-103,17,-79,20,-117,29,-104,27,-91,33,-82,26,-76,33,-86,49,-84,48,-85,48,-72,42,-94,51,-64,43,-90,62,-70,52,-108,71,-94,53,-78,61,-84,46,-76,37,-59,40,-71,66,-69,60,-54,45,-72,53,-53,38,-74,53,-53,38,-85,44,-62,32,-57,39,-61,25,-49,24,-42,27,-57,30,-46,27,-45,25,0,0,0,0,0,0,0,0,0,0]"""
1782318881089,2026-06-25T01:34:41.059,warning,bed_exit,yja,bed_exit_failed,t057,"CSI_DATA,810610,1a:00:00:00:00:00,-65,11,-99,16,50,11,-345985798,47,2,256,0,""[0,0,0,0,0,0,0,0,0,0,0,0,-20,10,-19,19,-15,19,-13,21,-20,15,-26,13,-29,17,-30,10,-33,18,-36,16,-29,15,-40,14,-36,20,-32,21,-41,20,-34,20,-40,21,-35,22,-40,20,-41,26,-35,10,-48,25,-51,9,-45,18,-53,27,-45,9,-53,20,-58,25,-42,37,-39,40,-52,32,-46,39,-47,33,-50,41,-53,38,-47,42,-47,38,-38,47,-41,49,-34,53,-42,62,-26,60,-24,68,-30,70,-36,72,-40,65,-23,76,-39,70,-20,82,-22,90,-2,89,-7,90,-16,96,-9,94,16,105,-2,98,1,108,0,0,0,0,0,0,116,-9,107,-9,112,-17,105,-11,101,-9,105,-20,97,-36,105,-29,101,-25,94,-16,101,-23,100,-9,97,-33,99,-30,96,-38,95,-42,83,-50,79,-51,93,-49,66,-60,63,-72,73,-63,71,-59,72,-66,61,-63,62,-78,74,-67,45,-83,60,-83,55,-79,55,-74,63,-81,31,-89,33,-93,47,-90,46,-86,41,-78,38,-74,60,-87,49,-82,51,-80,33,-87,32,-88,27,-79,42,-70,20,-80,17,-76,36,-72,31,-65,38,-61,32,-61,39,-50,31,-59,39,-52,23,-52,26,-51,31,-42,0,0,0,0,0,0,0,0,0,0]"""
1782318881100,2026-06-25T01:34:41.070,warning,bed_exit,yja,bed_exit_failed,t057,"CSI_DATA,810611,1a:00:00:00:00:00,-65,11,-99,17,50,11,-345978576,47,2,256,0,""[0,0,0,0,0,0,0,0,0,0,0,0,-6,19,-10,19,-15,12,-14,22,-15,27,-22,22,-26,21,-23,19,-28,17,-23,21,-31,26,-31,20,-35,34,-31,17,-36,22,-40,11,-49,21,-42,21,-46,22,-58,18,-45,23,-44,11,-48,14,-50,26,-44,28,-47,21,-44,19,-54,19,-44,16,-58,22,-50,15,-62,28,-61,15,-55,19,-54,17,-56,12,-54,22,-57,35,-50,38,-51,39,-57,38,-53,35,-60,45,-55,46,-80,49,-72,42,-64,44,-71,46,-62,46,-53,59,-65,73,-57,59,-74,60,-78,64,-62,73,-77,73,-76,66,0,0,0,0,0,0,74,79,75,66,89,90,75,83,60,67,81,85,75,75,85,81,72,72,85,90,73,84,70,68,59,76,74,62,86,55,86,52,88,47,83,44,83,53,66,52,88,54,80,45,99,62,85,61,84,50,78,47,78,39,104,33,96,30,95,34,86,35,92,41,84,36,99,37,83,34,101,53,90,55,87,47,88,56,68,51,76,38,96,33,86,38,70,29,74,44,65,41,76,43,60,42,62,53,54,54,49,49,44,46,39,44,46,42,48,46,39,33,35,38,0,0,0,0,0,0,0,0,0,0]"""
1782318881111,2026-06-25T01:34:41.081,warning,bed_exit,yja,bed_exit_failed,t057,"CSI_DATA,810612,1a:00:00:00:00:00,-65,11,-99,16,50,11,-345967144,47,2,256,0,""[0,0,0,0,0,0,0,0,0,0,0,0,-19,-3,-23,-9,-28,-2,-26,-4,-26,-8,-30,-10,-31,-9,-19,-9,-30,-17,-28,-18,-31,-19,-23,-24,-31,-25,-32,-28,-37,-37,-31,-25,-31,-31,-31,-31,-38,-33,-42,-44,-33,-36,-37,-49,-27,-44,-31,-42,-27,-44,-28,-40,-31,-47,-31,-50,-42,-36,-41,-37,-34,-47,-42,-48,-39,-47,-41,-41,-32,-49,-39,-53,-32,-42,-41,-35,-43,-42,-42,-38,-51,-49,-52,-31,-60,-36,-65,-47,-69,-53,-56,-48,-66,-39,-53,-58,-77,-45,-75,-50,-84,-42,-82,-41,-82,-51,-77,-47,-94,-44,-95,-55,-95,-60,0,0,0,0,0,0,-61,99,-62,94,-62,96,-60,93,-55,80,-62,96,-41,89,-53,101,-48,95,-57,91,-53,87,-56,70,-50,99,-53,84,-46,81,-45,90,-43,86,-39,90,-53,95,-20,87,-22,94,-37,86,-39,93,-39,93,-35,90,-25,100,-34,87,-27,90,-30,92,-28,84,-28,85,-32,100,-1,91,-9,95,-24,99,-21,111,-32,85,-28,96,-39,91,-31,88,-33,85,-22,87,-29,83,-27,82,-42,77,-16,74,-24,71,-38,72,-40,69,-35,58,-37,57,-46,46,-39,57,-40,44,-39,51,-39,45,-40,39,0,0,0,0,0,0,0,0,0,0]"""
1782318881122,2026-06-25T01:34:41.092,warning,bed_exit,yja,bed_exit_failed,t057,"CSI_DATA,810613,1a:00:00:00:00:00,-65,11,-99,20,49,11,-345954851,47,2,256,0,""[0,0,0,0,0,0,0,0,0,0,0,0,19,-14,15,-9,26,-18,23,-12,28,-11,25,-6,31,-9,31,-8,28,-3,40,-9,40,-1,31,1,41,0,42,-1,42,-1,52,0,35,3,49,5,45,2,54,7,66,9,47,6,58,4,55,10,48,20,49,16,54,12,44,4,72,14,53,9,59,8,48,12,61,1,63,10,65,6,57,6,69,12,66,2,74,11,70,2,68,-7,82,6,63,2,75,-14,58,-1,79,-27,74,-9,78,-18,84,-13,102,-14,99,-2,89,-7,76,-20,107,-20,111,-22,93,-12,105,-32,0,0,0,0,0,0,-24,-96,-34,-123,-14,-94,-31,-107,-27,-125,-26,-93,-32,-125,-25,-105,-31,-116,-16,-90,-27,-94,-41,-105,-19,-95,-35,-112,-27,-97,-19,-89,-24,-97,-41,-94,-40,-83,-42,-105,-39,-79,-52,-90,-44,-82,-50,-87,-59,-96,-51,-86,-57,-86,-51,-91,-45,-85,-49,-91,-57,-83,-50,-63,-55,-97,-42,-77,-72,-82,-39,-76,-66,-84,-49,-87,-58,-87,-47,-76,-35,-83,-38,-85,-26,-93,-33,-83,-42,-72,-36,-84,-21,-72,-42,-72,-21,-54,-28,-66,-16,-68,-21,-65,-13,-60,-10,-64,-6,-61,0,-48,-1,-45,0,0,0,0,0,0,0,0,0,0]"""
1782318881133,2026-06-25T01:34:41.103,warning,bed_exit,yja,bed_exit_failed,t057,"CSI_DATA,810614,1a:00:00:00:00:00,-65,11,-99,9,50,11,-345945401,47,2,256,0,""[0,0,0,0,0,0,0,0,0,0,0,0,-14,-12,-13,-12,-22,-20,-13,-17,-14,-25,-10,-23,-17,-29,-19,-32,-9,-31,-27,-29,-15,-30,-17,-26,-17,-34,-17,-37,-9,-33,-16,-43,-14,-35,-17,-51,-21,-46,-9,-44,-16,-55,-9,-47,-21,-45,-22,-49,-26,-47,-19,-50,-22,-46,-20,-40,-20,-63,-20,-53,-21,-54,-27,-47,-41,-57,-29,-51,-39,-47,-29,-53,-41,-45,-36,-45,-49,-46,-55,-45,-49,-35,-50,-61,-45,-52,-61,-41,-43,-34,-70,-41,-59,-49,-73,-37,-76,-47,-83,-36,-79,-36,-80,-35,-80,-43,-96,-39,-96,-40,-88,-44,-104,-22,0,0,0,0,0,0,-24,110,-32,109,-27,106,-33,107,-30,114,-31,89,-25,126,-24,99,-22,114,-10,101,-17,97,0,112,-7,93,11,110,9,100,9,93,23,97,16,99,17,87,3,107,9,86,21,94,20,86,23,96,36,96,32,84,54,92,50,90,54,76,57,87,53,82,55,70,51,106,45,89,43,84,40,72,63,86,45,84,64,70,45,83,50,78,43,78,54,74,53,76,47,69,33,79,29,71,42,62,32,50,41,71,22,56,39,60,24,61,40,57,27,52,21,47,17,49,0,0,0,0,0,0,0,0,0,0]"""
1782318881144,2026-06-25T01:34:41.114,warning,bed_exit,yja,bed_exit_failed,t057,"CSI_DATA,810615,1a:00:00:00:00:00,-65,11,-99,16,50,11,-345933670,47,2,256,0,""[0,0,0,0,0,0,0,0,0,0,0,0,21,8,21,12,20,20,18,20,22,25,22,24,20,23,14,21,15,28,19,30,20,32,15,27,17,34,12,37,10,42,14,35,5,46,11,44,2,55,2,72,13,58,-8,50,5,48,2,63,-2,51,0,53,0,52,-2,48,-5,59,-6,61,1,59,-1,60,-6,66,-9,61,-3,60,-6,53,0,59,4,61,0,72,11,61,0,63,7,69,9,68,9,76,6,80,0,85,0,75,5,76,-6,83,6,86,12,103,9,82,10,83,4,105,9,107,1,100,-2,108,0,0,0,0,0,0,107,2,108,-1,122,0,109,2,104,0,111,4,114,10,113,10,108,9,114,10,112,7,101,9,88,14,102,1,110,0,98,-2,104,-3,102,9,98,2,97,4,99,7,92,3,105,0,108,-1,105,-8,89,4,90,-4,103,-6,100,-4,97,-7,91,-3,88,-2,97,6,102,1,97,-2,112,8,110,14,98,15,96,9,82,14,93,9,94,11,86,25,78,17,70,22,74,27,75,27,70,31,70,31,71,41,60,34,53,33,53,35,49,42,55,41,38,29,38,31,0,0,0,0,0,0,0,0,0,0]"""
1782318881155,2026-06-25T01:34:41.125,warning,bed_exit,yja,bed_exit_failed,t057,"CSI_DATA,810616,1a:00:00:00:00:00,-65,11,-99,22,49,11,-345923571,47,2,256,0,""[0,0,0,0,0,0,0,0,0,0,0,0,-7,28,-7,19,-9,25,-14,17,-19,27,-15,24,-22,24,-28,20,-27,29,-30,23,-38,11,-37,12,-31,16,-42,12,-41,11,-41,15,-42,6,-56,6,-41,8,-50,16,-50,9,-55,9,-57,2,-46,-1,-49,-2,-55,-3,-59,-7,-58,-11,-57,-2,-52,-6,-62,-15,-50,-3,-54,-4,-52,-2,-59,-6,-63,-8,-70,-11,-61,-13,-64,-5,-70,-9,-61,-10,-76,-5,-75,-6,-74,-11,-71,-5,-72,-8,-76,-6,-89,-6,-90,0,-93,-5,-83,-11,-99,-15,-97,-14,-102,-12,-97,-16,-101,-11,-106,-18,0,0,0,0,0,0,-37,98,-41,113,-31,94,-42,101,-47,110,-54,96,-46,104,-47,93,-51,100,-40,89,-41,93,-51,87,-39,109,-44,94,-58,83,-53,90,-45,86,-50,94,-56,85,-35,96,-39,86,-56,89,-35,81,-34,86,-44,85,-27,103,-49,95,-54,77,-48,86,-48,88,-59,86,-63,81,-47,91,-45,82,-68,81,-50,77,-54,78,-54,80,-59,80,-61,83,-69,69,-71,55,-67,61,-69,55,-73,44,-66,50,-66,42,-69,35,-60,30,-62,29,-64,32,-61,25,-66,32,-63,19,-55,5,-50,6,-53,-2,0,0,0,0,0,0,0,0,0,0]"""
1782318881166,2026-06-25T01:34:41.136,warning,bed_exit,yja,bed_exit_failed,t057,"CSI_DATA,810617,1a:00:00:00:00:00,-65,11,-99,16,50,11,-345912465,47,2,256,0,""[0,0,0,0,0,0,0,0,0,0,0,0,9,19,5,29,5,22,1,28,0,21,-5,38,-8,39,-9,24,-7,31,-11,20,-12,39,-14,36,-20,34,-18,37,-28,39,-18,27,-36,40,-25,27,-47,37,-49,36,-40,38,-42,21,-42,22,-49,29,-44,28,-46,27,-43,23,-53,31,-39,15,-60,24,-47,25,-72,26,-59,13,-54,19,-59,17,-54,18,-49,20,-56,37,-53,27,-48,20,-63,20,-48,33,-74,38,-62,19,-105,35,-75,22,-76,42,-85,16,-68,16,-67,31,-92,39,-83,38,-101,35,-92,19,-94,33,-105,28,-94,9,0,0,0,0,0,0,13,112,7,83,7,127,4,100,1,83,1,127,0,85,-9,124,2,84,-13,127,-7,121,-7,97,-7,101,-20,85,-3,112,-2,107,-5,102,-11,88,-18,102,0,72,-9,105,0,82,-20,118,-18,104,-12,94,-18,90,-15,75,-7,97,-13,99,-8,99,-15,85,-27,105,-13,75,-24,102,-25,84,-47,125,-40,88,-37,88,-52,83,-43,71,-34,73,-42,93,-47,78,-42,61,-56,69,-44,51,-53,72,-54,48,-80,63,-61,34,-56,40,-58,31,-49,28,-43,18,-66,31,-49,25,-57,12,0,0,0,0,0,0,0,0,0,0]"""
1782318881177,2026-06-25T01:34:41.147,warning,bed_exit,yja,bed_exit_failed,t057,"CSI_DATA,810618,1a:00:00:00:00:00,-64,11,-99,19,49,11,-345901525,47,2,256,0,""[0,0,0,0,0,0,0,0,0,0,0,0,2,18,3,24,0,18,-3,28,0,24,-11,38,-15,32,-11,33,-20,32,-11,29,-21,33,-15,32,-23,35,-25,33,-32,31,-40,27,-48,27,-37,25,-51,24,-51,29,-38,24,-46,14,-45,17,-49,18,-49,21,-60,13,-53,20,-62,11,-46,4,-58,7,-55,7,-73,9,-65,0,-56,0,-57,3,-53,0,-60,4,-71,16,-62,16,-53,14,-65,5,-61,3,-82,6,-77,1,-96,6,-86,-4,-81,0,-91,-9,-74,-6,-78,0,-94,10,-85,7,-95,-6,-100,-13,-102,-1,-109,-20,-96,-24,0,0,0,0,0,0,-37,105,-28,88,-32,120,-53,104,-36,87,-47,111,-44,87,-49,109,-37,88,-67,115,-63,94,-53,86,-60,78,-44,78,-47,105,-41,96,-45,92,-33,85,-55,87,-51,72,-61,89,-46,79,-70,90,-69,77,-63,76,-58,62,-55,76,-53,94,-47,86,-57,85,-52,72,-69,75,-65,58,-77,72,-68,62,-95,77,-94,60,-81,53,-84,45,-75,33,-69,42,-80,58,-82,47,-73,38,-82,24,-74,21,-87,20,-66,13,-94,8,-79,-4,-70,-5,-66,-8,-57,-12,-62,-2,-63,-12,-57,-12,-49,-15,0,0,0,0,0,0,0,0,0,0]"""
1782318881188,2026-06-25T01:34:41.158,warning,bed_exit,yja,bed_exit_failed,t057,"CSI_DATA,810619,1a:00:00:00:00:00,-65,11,-99,15,50,11,-345890581,47,2,256,0,""[0,0,0,0,0,0,0,0,0,0,0,0,-13,-15,-15,-15,-18,-22,-22,-13,-20,-29,-20,-15,-14,-18,-18,-17,-25,-21,-27,-26,-12,-35,-20,-40,-23,-31,-20,-41,-23,-38,-23,-48,-17,-39,-14,-49,-25,-35,-29,-43,-30,-50,-33,-46,-33,-54,-15,-50,-33,-44,-25,-46,-24,-58,-21,-50,-30,-55,-29,-37,-32,-56,-37,-38,-39,-38,-46,-32,-54,-37,-55,-39,-50,-44,-38,-54,-57,-33,-63,-41,-56,-32,-61,-44,-62,-43,-67,-43,-52,-20,-71,-15,-79,-17,-88,-8,-89,-7,-94,-11,-86,-23,-93,-27,-97,-20,-107,-18,-96,-23,-91,0,-104,-3,0,0,0,0,0,0,-3,112,-10,125,2,94,-6,111,4,121,-13,110,0,116,4,101,0,117,17,92,28,93,36,103,47,99,44,102,14,99,32,97,39,98,39,98,40,88,53,98,46,84,45,99,57,59,73,59,69,71,85,63,85,70,61,79,77,68,77,63,76,76,73,64,85,69,73,63,75,70,69,41,91,38,91,46,84,34,87,39,90,45,63,63,83,47,78,59,66,55,71,51,52,46,70,49,50,32,60,36,62,31,66,24,59,30,60,34,42,44,45,35,35,35,0,0,0,0,0,0,0,0,0,0]"""
1782318881199,2026-06-25T01:34:41.169,warning,bed_exit,yja,bed_exit_failed,t057,"CSI_DATA,810620,1a:00:00:00:00:00,-65,11,-99,16,50,11,-345879524,47,2,256,0,""[0,0,0,0,0,0,0,0,0,0,0,0,16,16,10,13,24,21,20,23,20,24,18,21,15,20,27,29,19,31,28,34,16,33,12,33,20,34,22,41,19,39,20,50,22,39,19,50,13,45,12,40,20,61,25,44,27,51,14,50,20,55,18,46,16,55,20,42,30,63,21,52,31,46,24,45,44,52,39,53,43,48,44,45,42,52,39,47,47,54,51,55,61,43,53,57,53,50,64,39,47,36,75,29,64,32,75,20,83,44,84,40,72,47,85,45,79,36,107,36,92,45,98,39,108,23,0,0,0,0,0,0,25,-110,31,-124,15,-92,17,-116,20,-126,13,-90,20,-125,7,-100,16,-121,5,-93,0,-89,-8,-111,0,-102,-8,-118,0,-96,-3,-94,-8,-102,-8,-102,-18,-94,-28,-108,-21,-83,-38,-92,-25,-77,-40,-87,-42,-102,-47,-91,-54,-93,-37,-91,-41,-89,-47,-88,-48,-89,-55,-66,-50,-104,-45,-84,-56,-76,-41,-67,-69,-80,-53,-80,-70,-68,-60,-80,-52,-82,-40,-72,-42,-83,-48,-84,-49,-71,-42,-76,-32,-61,-54,-61,-32,-47,-49,-64,-32,-54,-45,-57,-29,-56,-35,-59,-18,-48,-17,-52,-18,-44,0,0,0,0,0,0,0,0,0,0]"""
1782318881210,2026-06-25T01:34:41.180,warning,bed_exit,yja,bed_exit_failed,t057,"CSI_DATA,810621,1a:00:00:00:00:00,-64,11,-99,15,50,11,-345868454,47,2,256,0,""[0,0,0,0,0,0,0,0,0,0,0,0,19,8,26,11,20,11,22,17,24,19,25,25,23,26,22,29,19,31,26,24,27,29,30,27,26,27,22,33,22,36,26,48,28,46,25,46,21,46,20,43,16,40,16,48,28,49,32,48,31,46,32,50,34,46,27,49,21,51,30,54,34,54,33,54,37,54,36,49,37,46,42,53,41,48,53,46,52,43,48,32,50,36,58,39,62,46,58,35,74,48,82,51,76,45,73,42,67,46,79,33,94,32,86,32,85,32,98,46,98,27,100,29,96,47,0,0,0,0,0,0,40,-98,29,-97,29,-111,35,-108,22,-98,29,-109,28,-108,20,-102,18,-100,18,-112,32,-113,14,-109,19,-94,2,-102,-7,-109,-8,-100,-13,-105,-10,-95,-10,-91,-10,-105,-13,-101,-28,-95,-22,-104,-16,-112,-25,-101,-14,-94,-39,-92,-44,-97,-45,-85,-46,-93,-45,-84,-41,-83,-36,-95,-39,-86,-41,-93,-43,-99,-39,-101,-36,-90,-39,-87,-24,-87,-38,-82,-49,-91,-34,-79,-42,-77,-32,-75,-25,-82,-24,-78,-28,-72,-24,-75,-20,-72,-20,-67,-14,-62,-14,-62,-16,-61,-16,-63,-11,-56,-17,-48,0,0,0,0,0,0,0,0,0,0]"""
1782318881221,2026-06-25T01:34:41.191,warning,bed_exit,yja,bed_exit_failed,t057,"CSI_DATA,810622,1a:00:00:00:00:00,-64,11,-99,19,49,11,-345857616,47,2,256,0,""[0,0,0,0,0,0,0,0,0,0,0,0,22,5,24,9,26,5,32,13,28,8,32,23,21,26,23,25,22,32,17,27,30,32,24,32,24,34,25,32,19,38,15,40,22,46,23,46,17,56,15,50,10,39,12,57,-2,54,13,52,5,53,2,57,-2,51,-2,61,8,44,5,56,3,65,1,74,-7,60,-1,63,-2,61,-6,56,-6,61,8,74,1,63,7,51,-7,63,13,65,12,76,0,82,-3,113,-17,77,0,90,-22,91,0,75,0,94,12,103,8,93,-4,92,-8,109,14,104,-12,98,-10,104,0,0,0,0,0,0,112,16,99,16,127,20,108,32,86,21,121,27,94,18,120,31,98,20,114,46,111,55,87,46,95,35,90,43,111,34,107,29,97,26,89,26,99,32,83,22,104,29,99,21,109,35,100,44,84,41,90,40,84,42,103,24,98,25,92,28,82,32,93,44,87,26,96,32,101,37,113,54,78,63,80,54,82,70,71,64,69,55,91,54,68,51,59,42,55,57,64,45,65,55,49,61,54,79,21,64,35,61,15,65,19,54,19,63,29,55,23,51,13,46,0,0,0,0,0,0,0,0,0,0]"""
1782318881232,2026-06-25T01:34:41.202,warning,bed_exit,yja,bed_exit_failed,t057,"CSI_DATA,810623,1a:00:00:00:00:00,-64,11,-99,15,50,11,-345844135,47,2,256,0,""[0,0,0,0,0,0,0,0,0,0,0,0,0,23,1,29,9,23,1,32,8,27,0,30,-3,35,-3,30,0,42,-7,32,-7,38,-7,41,-8,45,-9,46,-17,52,-7,41,-8,49,-10,49,-12,53,-16,56,-21,47,-5,56,-26,51,-13,55,-14,55,-22,54,-15,50,-18,58,0,53,-5,59,-17,63,-5,67,-9,59,-1,61,-6,63,0,70,-6,63,6,63,3,67,11,63,7,69,22,63,27,69,18,85,23,92,7,73,34,81,17,84,36,77,35,87,49,84,47,83,44,89,46,89,63,81,63,95,64,96,0,0,0,0,0,0,87,-66,80,-64,101,-74,96,-62,86,-59,93,-71,72,-70,91,-83,74,-75,93,-73,85,-75,77,-62,72,-84,74,-65,73,-70,71,-78,58,-81,58,-82,68,-91,33,-77,44,-94,45,-90,46,-97,45,-90,36,-87,37,-104,43,-83,32,-91,27,-97,32,-94,37,-88,43,-105,7,-89,3,-101,26,-111,22,-117,31,-86,11,-98,33,-93,19,-99,22,-90,13,-95,17,-89,19,-80,22,-80,11,-81,11,-85,24,-78,32,-80,23,-63,22,-69,26,-61,18,-65,26,-49,31,-59,24,-54,26,-47,0,0,0,0,0,0,0,0,0,0]"""
1782318881243,2026-06-25T01:34:41.213,warning,bed_exit,yja,bed_exit_failed,t057,"CSI_DATA,810624,1a:00:00:00:00:00,-64,11,-99,19,49,11,-345835649,47,2,256,0,""[0,0,0,0,0,0,0,0,0,0,0,0,-19,-1,-25,-4,-22,-5,-31,-14,-21,-23,-29,-17,-28,-15,-21,-25,-27,-26,-25,-21,-17,-31,-22,-35,-34,-36,-15,-37,-15,-55,-15,-36,-8,-46,-5,-47,-20,-57,-1,-48,8,-39,-17,-61,5,-50,12,-57,0,-63,5,-64,5,-50,17,-71,4,-48,0,-68,13,-56,5,-69,8,-43,-5,-57,15,-57,26,-77,19,-48,15,-64,0,-79,0,-67,35,-85,2,-64,24,-85,26,-79,35,-104,18,-75,39,-89,14,-87,9,-94,34,-99,36,-82,30,-69,61,-111,31,-86,31,-104,54,-91,56,-94,0,0,0,0,0,0,-103,-77,-74,-70,-95,-75,-79,-76,-81,-75,-84,-93,-67,-72,-83,-94,-62,-78,-77,-86,-71,-80,-57,-85,-77,-84,-61,-71,-56,-82,-65,-81,-73,-79,-58,-80,-74,-105,-52,-74,-62,-82,-44,-86,-66,-83,-62,-81,-53,-77,-66,-80,-49,-75,-54,-81,-62,-83,-57,-83,-45,-94,-45,-114,-45,-77,-46,-96,-26,-90,-44,-102,-33,-93,-35,-94,-31,-92,-24,-98,-18,-78,-7,-94,-23,-85,-3,-91,10,-99,-4,-71,5,-85,18,-73,15,-88,20,-63,14,-66,18,-67,21,-61,23,-50,31,-46,30,-45,40,-46,0,0,0,0,0,0,0,0,0,0]"""
1782318881254,2026-06-25T01:34:41.224,warning,bed_exit,yja,bed_exit_failed,t057,"CSI_DATA,810625,1a:00:00:00:00:00,-64,11,-99,19,49,11,-345824649,47,2,256,0,""[0,0,0,0,0,0,0,0,0,0,0,0,-25,5,-33,3,-20,1,-32,3,-22,0,-36,0,-39,-4,-31,-6,-44,-5,-32,-6,-42,-10,-46,-12,-39,-3,-42,-3,-55,-12,-39,-5,-62,-14,-46,-14,-56,-15,-51,-3,-38,-9,-57,-8,-50,-16,-54,-16,-54,-10,-61,-10,-58,-12,-73,-17,-51,0,-63,-3,-51,-12,-74,5,-58,-3,-60,8,-56,8,-66,11,-55,7,-58,10,-63,21,-56,15,-78,6,-56,28,-82,42,-61,25,-86,53,-72,37,-69,47,-88,43,-63,53,-71,53,-71,68,-69,74,-81,75,-71,73,-68,75,-79,94,-72,69,0,0,0,0,0,0,95,81,77,56,106,79,86,70,74,51,95,75,76,43,114,60,79,52,118,63,100,55,84,55,109,36,84,40,100,38,108,27,99,20,92,19,112,28,84,-3,113,1,97,14,119,5,102,0,89,2,105,-11,83,-5,94,-15,108,-15,93,-24,95,-15,122,-15,73,-36,99,-40,93,-19,117,-44,96,-24,96,-37,102,-28,84,-39,81,-28,90,-35,81,-42,72,-32,91,-23,63,-32,88,-39,74,-15,89,-28,71,-15,66,-26,66,-16,61,-25,60,-12,58,-14,61,-15,60,-10,0,0,0,0,0,0,0,0,0,0]"""
1782318881265,2026-06-25T01:34:41.235,warning,bed_exit,yja,bed_exit_failed,t057,"CSI_DATA,810626,1a:00:00:00:00:00,-64,11,-99,15,50,11,-345813649,47,2,256,0,""[0,0,0,0,0,0,0,0,0,0,0,0,19,-9,29,-15,21,-5,32,-8,25,-9,43,-10,39,-4,37,-7,39,-2,34,0,45,-5,48,-2,45,1,42,4,50,9,38,11,56,13,47,4,63,25,65,35,60,16,41,31,46,19,59,21,49,26,52,23,51,25,55,27,37,30,55,36,49,26,70,45,54,46,56,35,53,39,49,32,56,24,70,21,59,27,58,21,65,33,57,26,78,31,67,29,96,38,75,35,79,32,79,36,66,35,75,29,104,37,96,14,103,30,94,40,102,35,108,51,90,49,0,0,0,0,0,0,52,-109,39,-69,59,-124,58,-97,35,-77,58,-116,47,-83,74,-110,38,-86,73,-120,67,-108,47,-77,51,-77,46,-77,40,-105,40,-103,38,-97,44,-94,54,-89,35,-78,47,-104,30,-88,53,-116,52,-92,40,-94,46,-83,28,-80,30,-108,27,-102,23,-97,32,-88,40,-98,37,-77,46,-101,31,-84,66,-119,64,-92,46,-91,57,-81,57,-71,40,-78,46,-90,48,-81,40,-67,57,-70,47,-60,62,-71,51,-53,73,-68,63,-46,52,-51,60,-36,52,-26,47,-32,57,-33,49,-28,55,-24,0,0,0,0,0,0,0,0,0,0]"""
1782318881276,2026-06-25T01:34:41.246,warning,bed_exit,yja,bed_exit_failed,t057,"CSI_DATA,810627,1a:00:00:00:00:00,-64,11,-99,18,49,11,-345801566,47,2,256,0,""[0,0,0,0,0,0,0,0,0,0,0,0,-21,7,-24,11,-32,5,-25,2,-34,0,-35,3,-30,0,-33,11,-37,-6,-46,4,-40,1,-39,4,-42,5,-49,-2,-42,-4,-56,-4,-56,-1,-52,-11,-53,-5,-51,-8,-65,1,-51,-11,-61,1,-61,-4,-51,0,-57,-1,-58,1,-52,6,-69,-10,-54,-9,-59,-1,-56,4,-70,0,-65,-1,-65,14,-58,3,-65,19,-66,21,-73,27,-73,27,-59,29,-81,23,-69,20,-74,35,-59,35,-82,49,-75,38,-57,63,-86,41,-74,59,-81,57,-73,53,-69,62,-87,77,-86,59,-80,60,-80,79,0,0,0,0,0,0,63,76,88,96,82,65,82,75,103,77,81,64,99,87,79,70,93,79,88,56,90,63,104,50,90,52,113,37,97,30,99,30,105,29,97,29,87,24,110,41,93,22,104,15,90,10,102,17,120,0,94,17,111,-12,103,-4,101,-9,104,-23,103,-16,88,-20,118,4,105,0,102,-11,84,-6,112,-25,105,-7,95,-23,97,-6,95,-21,89,-11,96,-10,88,-14,84,-13,91,4,85,3,82,-7,63,-4,87,-11,69,-7,71,-16,64,1,65,-5,59,0,59,-6,52,0,0,0,0,0,0,0,0,0,0,0]"""
1782318881287,2026-06-25T01:34:41.257,warning,bed_exit,yja,bed_exit_failed,t057,"CSI_DATA,810628,1a:00:00:00:00:00,-64,11,-99,19,49,11,-345791535,47,2,256,0,""[0,0,0,0,0,0,0,0,0,0,0,0,-18,-5,-22,-13,-27,-17,-29,-19,-22,-27,-23,-17,-25,-19,-20,-32,-27,-28,-23,-36,-15,-35,-13,-39,-20,-42,-11,-46,-10,-50,-16,-45,-14,-41,-1,-57,-9,-54,0,-54,6,-56,-12,-62,0,-53,6,-57,4,-59,7,-55,7,-60,8,-63,4,-63,8,-63,12,-62,6,-61,2,-63,6,-61,3,-68,3,-61,9,-64,10,-60,12,-73,13,-76,16,-80,0,-77,1,-72,13,-84,2,-74,0,-69,-4,-81,1,-85,2,-105,4,-96,15,-94,7,-102,12,-105,9,-94,19,-108,13,-108,17,-107,0,0,0,0,0,0,-117,-28,-108,-40,-105,-32,-101,-36,-114,-38,-99,-41,-108,-46,-108,-36,-100,-55,-89,-30,-100,-27,-95,-40,-111,-30,-108,-48,-86,-47,-96,-46,-95,-38,-98,-47,-100,-51,-100,-28,-96,-28,-90,-46,-93,-28,-92,-28,-94,-41,-113,-25,-97,-38,-83,-48,-96,-44,-99,-40,-94,-49,-92,-51,-102,-40,-99,-47,-87,-53,-82,-40,-84,-46,-87,-51,-92,-51,-89,-53,-77,-60,-63,-61,-74,-62,-67,-66,-59,-69,-62,-60,-51,-61,-41,-71,-46,-55,-36,-52,-37,-60,-33,-63,-32,-64,-29,-55,-10,-62,-13,-58,-6,-56,0,0,0,0,0,0,0,0,0,0]"""
1782318881298,2026-06-25T01:34:41.268,warning,bed_exit,yja,bed_exit_failed,t057,"CSI_DATA,810629,1a:00:00:00:00:00,-64,11,-99,13,50,11,-345777106,47,2,256,0,""[0,0,0,0,0,0,0,0,0,0,0,0,-21,2,-27,-3,-27,-2,-33,-3,-29,-9,-30,-9,-28,-12,-23,-27,-42,-22,-22,-30,-29,-22,-32,-28,-31,-30,-38,-39,-34,-43,-29,-33,-30,-34,-36,-41,-30,-44,-25,-54,-27,-59,-32,-57,-20,-52,-25,-53,-28,-52,-20,-46,-26,-52,-24,-59,-34,-53,-40,-52,-27,-53,-29,-54,-22,-59,-26,-55,-27,-64,-30,-58,-22,-60,-35,-51,-37,-63,-39,-59,-32,-66,-50,-51,-56,-53,-53,-73,-47,-66,-34,-57,-54,-72,-34,-75,-59,-78,-60,-81,-67,-70,-78,-70,-61,-82,-65,-73,-87,-73,-73,-87,-66,-92,0,0,0,0,0,0,-110,70,-99,78,-94,70,-90,67,-88,62,-92,68,-79,67,-96,78,-93,70,-95,57,-91,63,-90,43,-90,64,-97,52,-76,56,-88,62,-81,63,-80,68,-94,69,-60,72,-59,78,-78,70,-74,69,-79,66,-80,60,-75,82,-78,58,-67,74,-74,75,-69,66,-70,71,-84,71,-60,84,-68,84,-70,77,-75,74,-81,56,-77,61,-94,51,-80,59,-78,53,-68,59,-76,52,-71,49,-84,40,-62,53,-64,48,-81,36,-75,32,-65,14,-69,21,-67,9,-69,20,-63,5,-58,14,-58,10,-55,1,0,0,0,0,0,0,0,0,0,0]"""
1782318881309,2026-06-25T01:34:41.279,warning,bed_exit,yja,bed_exit_failed,t057,"CSI_DATA,810630,1a:00:00:00:00:00,-64,11,-99,19,49,11,-345769649,47,2,256,0,""[0,0,0,0,0,0,0,0,0,0,0,0,-4,25,-6,33,-11,28,-13,27,-15,30,-22,32,-27,34,-24,32,-22,28,-32,23,-36,33,-27,32,-36,24,-34,25,-38,23,-46,16,-53,16,-50,15,-63,5,-56,0,-48,-5,-54,2,-55,4,-64,1,-54,0,-62,3,-57,-2,-66,-4,-52,-9,-61,-12,-58,-3,-73,-15,-61,-18,-55,-20,-61,-19,-61,-19,-67,-12,-69,1,-69,-8,-63,-8,-69,-15,-68,-14,-88,-15,-77,-11,-96,-22,-90,-29,-89,-23,-89,-29,-80,-39,-83,-23,-100,-22,-90,-19,-105,-33,-92,-38,-99,-33,-98,-46,-92,-55,0,0,0,0,0,0,-58,94,-53,85,-66,114,-69,96,-57,82,-74,100,-63,79,-81,97,-64,77,-92,95,-89,80,-74,75,-79,64,-64,64,-69,97,-66,88,-66,84,-64,73,-77,69,-71,65,-79,79,-64,75,-86,78,-87,66,-81,67,-78,53,-70,65,-74,82,-68,73,-73,72,-72,68,-81,63,-78,56,-94,57,-85,53,-108,56,-105,39,-93,35,-92,32,-88,17,-93,24,-94,40,-90,26,-84,23,-89,10,-85,6,-94,0,-72,1,-89,-8,-77,-12,-73,-14,-65,-21,-56,-21,-57,-13,-68,-22,-55,-20,-51,-27,0,0,0,0,0,0,0,0,0,0]"""
1782318881320,2026-06-25T01:34:41.290,warning,bed_exit,yja,bed_exit_failed,t057,"CSI_DATA,810631,1a:00:00:00:00:00,-64,11,-99,18,49,11,-345756161,47,2,256,0,""[0,0,0,0,0,0,0,0,0,0,0,0,-32,4,-25,2,-34,1,-32,0,-38,0,-29,-7,-26,-3,-38,-5,-37,-11,-48,-12,-38,-20,-37,-22,-41,-24,-41,-26,-37,-27,-43,-45,-35,-34,-34,-42,-30,-33,-32,-28,-38,-34,-38,-41,-37,-59,-32,-44,-30,-48,-26,-54,-25,-57,-27,-47,-31,-73,-26,-54,-26,-60,-20,-47,-36,-53,-28,-57,-39,-52,-35,-65,-30,-73,-17,-63,-26,-65,-33,-72,-39,-60,-26,-86,-23,-74,-45,-70,-16,-52,-52,-75,-29,-71,-53,-72,-46,-95,-47,-84,-23,-78,-19,-99,-23,-90,-36,-100,-30,-110,-39,-89,-49,-99,0,0,0,0,0,0,-114,30,-128,35,-87,21,-114,30,-128,26,-94,12,-128,18,-100,21,-127,15,-94,2,-98,15,-115,19,-108,16,-125,26,-95,8,-100,5,-108,7,-111,8,-93,18,-119,7,-92,7,-115,8,-85,9,-90,14,-107,20,-98,13,-119,18,-96,3,-104,0,-103,8,-117,-4,-98,5,-124,-9,-92,-8,-99,2,-74,-11,-99,4,-92,-9,-103,0,-106,-15,-103,-24,-80,-32,-90,-33,-92,-37,-88,-27,-84,-48,-66,-43,-78,-38,-44,-28,-68,-32,-56,-37,-59,-35,-58,-46,-52,-42,-30,-47,-34,-54,-29,-46,0,0,0,0,0,0,0,0,0,0]"""
1782318881331,2026-06-25T01:34:41.301,warning,bed_exit,yja,bed_exit_failed,t057,"CSI_DATA,810633,1a:00:00:00:00:00,-64,11,-99,13,50,11,-345736649,47,2,256,0,""[0,0,0,0,0,0,0,0,0,0,0,0,24,9,29,17,22,11,33,17,18,19,26,27,23,26,23,23,32,29,17,23,18,35,23,37,25,37,18,44,16,58,12,35,20,57,1,43,17,66,15,54,3,44,19,59,0,49,-2,53,2,69,1,57,-5,59,-9,73,12,51,5,67,-8,50,4,76,0,64,9,64,0,66,5,66,0,59,0,65,10,65,6,70,0,85,14,55,11,89,3,70,8,99,0,77,14,91,2,92,22,91,15,87,21,103,19,98,12,122,12,88,19,101,21,127,4,103,0,0,0,0,0,0,127,-1,94,8,127,1,112,20,88,5,127,21,92,0,127,8,88,13,125,14,117,5,95,16,112,-6,92,11,104,15,106,2,107,-3,104,-2,121,13,78,-7,114,-5,82,10,119,-2,109,-2,97,7,109,-12,87,3,96,2,108,-6,101,-1,98,6,124,15,82,-11,115,-1,91,14,126,0,95,18,104,3,108,16,98,15,79,13,90,24,95,12,83,16,95,40,65,14,82,33,62,36,80,45,55,34,64,35,48,37,55,35,37,36,47,41,37,36,41,42,0,0,0,0,0,0,0,0,0,0]"""
1782318881342,2026-06-25T01:34:41.312,warning,bed_exit,yja,bed_exit_failed,t057,"CSI_DATA,810634,1a:00:00:00:00:00,-64,11,-99,17,49,11,-345722642,47,2,256,0,""[0,0,0,0,0,0,0,0,0,0,0,0,30,0,22,0,32,0,24,-2,34,2,34,11,36,2,47,5,34,8,47,1,41,9,41,11,42,13,43,10,38,9,58,17,53,15,59,20,47,18,42,12,54,15,53,24,63,12,50,19,50,23,62,21,65,18,60,14,71,16,55,17,59,1,47,6,69,-2,55,1,66,-5,66,-9,73,-3,71,-1,72,-6,78,-15,68,-20,82,-16,70,-12,73,-33,59,-27,77,-56,78,-36,73,-57,84,-43,86,-52,73,-35,88,-52,83,-63,85,-73,84,-59,73,-60,75,-73,0,0,0,0,0,0,-82,-69,-102,-88,-71,-62,-104,-62,-106,-82,-86,-57,-100,-68,-83,-56,-107,-59,-85,-39,-89,-38,-111,-40,-97,-39,-106,-34,-96,-28,-101,-33,-105,-27,-106,-33,-92,-10,-114,-18,-94,-5,-114,3,-83,0,-89,1,-102,8,-98,13,-117,21,-98,10,-101,7,-104,23,-107,28,-82,36,-117,19,-98,22,-88,44,-71,18,-91,49,-85,31,-81,54,-94,42,-97,37,-85,27,-96,19,-95,32,-80,38,-81,27,-78,22,-75,38,-53,22,-72,30,-60,22,-64,38,-63,24,-62,33,-53,15,-54,14,-49,10,0,0,0,0,0,0,0,0,0,0]"""
1782318881353,2026-06-25T01:34:41.323,warning,bed_exit,yja,bed_exit_failed,t057,"CSI_DATA,810635,1a:00:00:00:00:00,-64,11,-99,19,49,11,-345713331,47,2,256,0,""[0,0,0,0,0,0,0,0,0,0,0,0,24,5,28,0,38,11,31,5,37,8,31,15,32,15,38,15,32,20,39,16,37,26,32,24,39,24,43,26,41,18,46,37,38,32,54,34,38,33,56,34,67,34,40,38,46,38,47,41,41,38,46,38,48,38,47,28,55,45,44,35,56,36,49,33,66,32,62,32,63,28,49,31,68,34,62,32,67,30,74,21,64,8,77,37,69,23,85,7,69,18,90,11,82,20,83,11,95,8,94,7,97,14,94,12,93,15,111,3,104,6,95,2,118,-9,0,0,0,0,0,0,-19,-104,-17,-127,-15,-107,-11,-108,-16,-126,-14,-104,-10,-128,-19,-108,-27,-114,-12,-102,-23,-113,-32,-116,-16,-98,-32,-110,-35,-104,-28,-95,-35,-108,-41,-94,-49,-75,-42,-109,-35,-87,-55,-88,-55,-81,-65,-89,-71,-86,-53,-82,-68,-83,-71,-87,-60,-81,-63,-77,-74,-77,-65,-60,-72,-93,-63,-70,-75,-67,-61,-74,-88,-81,-66,-77,-71,-67,-55,-69,-66,-76,-61,-76,-55,-75,-55,-72,-62,-62,-49,-67,-46,-59,-62,-63,-36,-56,-53,-62,-35,-55,-40,-54,-29,-58,-42,-59,-34,-56,-20,-44,-20,-46,0,0,0,0,0,0,0,0,0,0]"""
1782318881364,2026-06-25T01:34:41.334,warning,bed_exit,yja,bed_exit_failed,t057,"CSI_DATA,810636,1a:00:00:00:00:00,-64,11,-99,19,49,11,-345702924,47,2,256,0,""[0,0,0,0,0,0,0,0,0,0,0,0,-27,-7,-25,-8,-27,-11,-29,-2,-24,-14,-33,-16,-33,-13,-37,-18,-35,-25,-32,-19,-30,-32,-28,-29,-33,-26,-36,-35,-35,-32,-41,-37,-33,-41,-32,-51,-43,-32,-36,-37,-23,-44,-53,-39,-40,-55,-32,-53,-33,-53,-38,-56,-41,-63,-37,-55,-41,-50,-32,-46,-33,-55,-43,-38,-49,-42,-52,-39,-49,-38,-58,-46,-55,-45,-46,-49,-59,-39,-58,-50,-55,-45,-71,-44,-63,-48,-64,-51,-63,-38,-77,-35,-82,-32,-83,-30,-94,-34,-90,-32,-82,-49,-93,-44,-100,-44,-94,-36,-96,-38,-92,-32,-108,-34,0,0,0,0,0,0,-46,107,-49,109,-38,94,-49,109,-44,115,-66,97,-41,104,-40,101,-46,96,-28,101,-22,108,-24,105,-16,121,-19,98,-35,97,-21,101,-13,102,-26,101,-29,107,-4,108,-11,99,-24,108,1,94,7,99,2,104,19,104,16,109,-4,101,4,101,8,108,2,113,3,108,7,108,1,102,-1,104,17,96,16,96,26,100,18,95,17,103,9,98,-9,98,8,92,-4,93,-6,89,-1,87,-10,82,-14,77,-9,73,-1,76,-5,71,-1,68,0,72,-11,64,-20,58,-16,56,-24,53,0,0,0,0,0,0,0,0,0,0]"""
1782318881375,2026-06-25T01:34:41.345,warning,bed_exit,yja,bed_exit_failed,t057,"CSI_DATA,810637,1a:00:00:00:00:00,-64,11,-99,13,50,11,-345691571,47,2,256,0,""[0,0,0,0,0,0,0,0,0,0,0,0,-25,-5,-20,-7,-32,-11,-28,-15,-28,-19,-25,-17,-22,-17,-32,-21,-26,-24,-37,-31,-24,-25,-25,-28,-29,-36,-33,-37,-29,-36,-26,-51,-27,-45,-30,-51,-24,-36,-28,-53,-38,-72,-25,-46,-34,-54,-25,-51,-22,-55,-20,-53,-25,-63,-27,-42,-24,-74,-32,-57,-13,-61,-16,-34,-32,-43,-27,-62,-59,-73,-37,-62,-39,-70,-20,-71,-54,-67,-40,-57,-33,-42,-36,-75,-51,-65,-54,-72,-13,-30,-82,-50,-42,-65,-53,-60,-90,-66,-70,-66,-36,-49,-70,-78,-77,-64,-94,-71,-66,-87,-83,-73,-81,-76,0,0,0,0,0,0,-76,84,-87,111,-62,72,-70,82,-90,105,-66,74,-82,94,-65,85,-83,97,-59,71,-54,71,-56,100,-64,93,-62,112,-55,71,-53,86,-51,87,-60,99,-37,83,-52,104,-40,90,-45,97,-27,75,-34,82,-27,105,-32,101,-31,107,-38,91,-40,98,-32,94,-28,103,-17,96,-39,112,-31,91,-22,97,-25,71,-16,97,-33,88,-17,100,-29,96,-37,88,-39,75,-45,86,-41,91,-36,83,-46,79,-44,61,-29,78,-26,48,-34,66,-35,55,-28,63,-40,58,-48,63,-33,35,-43,42,-40,33,0,0,0,0,0,0,0,0,0,0]"""
1782318881386,2026-06-25T01:34:41.356,warning,bed_exit,yja,bed_exit_failed,t057,"CSI_DATA,810638,1a:00:00:00:00:00,-64,11,-99,19,49,11,-345674885,47,2,256,0,""[0,0,0,0,0,0,0,0,0,0,0,0,-15,-19,-14,-30,-11,-22,-15,-30,-11,-31,-17,-30,-6,-38,-2,-30,-16,-41,-1,-40,-6,-39,-7,-46,-5,-49,-9,-53,-9,-60,-15,-47,-14,-52,-11,-54,-6,-65,-12,-54,0,-45,-11,-69,0,-54,-6,-59,-3,-63,-13,-60,-5,-53,-15,-66,-18,-59,-29,-65,-18,-53,-25,-71,-20,-62,-22,-63,-22,-65,-33,-61,-29,-57,-38,-48,-41,-61,-45,-59,-42,-63,-56,-34,-64,-41,-60,-63,-76,-62,-48,-57,-70,-41,-68,-60,-83,-51,-82,-54,-96,-35,-91,-31,-98,-39,-96,-33,-99,-30,-109,-36,-102,-32,0,0,0,0,0,0,-25,123,-23,108,-24,125,-18,118,-19,102,-11,124,-4,108,-1,125,-4,105,-8,113,-4,114,-14,100,8,106,-1,102,15,106,15,106,15,103,16,100,24,111,43,74,50,90,42,95,49,97,47,94,40,89,63,88,53,79,59,88,71,83,54,72,50,77,62,93,77,55,88,57,75,76,91,78,59,73,82,67,71,82,72,61,68,64,75,52,77,55,62,54,56,66,71,38,75,51,64,54,63,58,48,48,52,52,41,46,50,48,38,52,36,42,39,46,32,43,0,0,0,0,0,0,0,0,0,0]"""
1782318881397,2026-06-25T01:34:41.367,warning,bed_exit,yja,bed_exit_failed,t057,"CSI_DATA,810639,1a:00:00:00:00:00,-64,11,-99,17,49,11,-345670343,47,2,256,0,""[0,0,0,0,0,0,0,0,0,0,0,0,0,22,11,32,8,20,4,34,4,19,1,44,-10,42,-5,36,-6,46,-7,22,-18,47,-13,48,-13,38,-21,45,-20,55,-17,33,-27,53,-17,38,-37,60,-39,52,-24,51,-36,50,-31,31,-35,44,-40,48,-46,42,-45,37,-52,53,-22,30,-38,50,-33,37,-56,69,-46,45,-38,47,-41,46,-45,42,-32,42,-42,62,-39,50,-41,45,-44,54,-21,54,-43,76,-41,52,-68,94,-53,54,-47,81,-61,71,-38,68,-41,60,-52,98,-46,85,-56,102,-50,70,-51,89,-74,107,-55,86,0,0,0,0,0,0,97,76,56,48,112,90,88,75,53,45,105,93,65,45,104,86,63,48,107,100,91,82,68,68,85,65,59,55,88,76,81,67,76,65,66,61,85,75,59,37,103,66,66,49,103,78,82,67,67,60,77,58,59,47,86,66,80,56,82,63,70,56,89,68,63,32,93,56,70,46,112,84,73,70,81,56,69,74,63,61,56,52,78,67,66,66,47,52,57,72,49,45,64,77,38,60,52,99,30,66,37,65,11,68,22,53,15,52,19,58,12,52,11,56,0,0,0,0,0,0,0,0,0,0]"""
1782318881408,2026-06-25T01:34:41.378,warning,bed_exit,yja,bed_exit_failed,t057,"CSI_DATA,810640,1a:00:00:00:00:00,-64,11,-99,20,49,11,-345659649,47,2,256,0,""[0,0,0,0,0,0,0,0,0,0,0,0,-11,17,-14,30,-13,22,-25,26,-15,20,-34,31,-31,22,-24,20,-32,23,-30,14,-43,21,-42,22,-49,11,-47,9,-60,17,-31,9,-54,20,-42,14,-77,9,-59,-8,-40,-13,-59,0,-46,-5,-61,-1,-61,-3,-61,-6,-54,-7,-73,-7,-42,-4,-72,-3,-55,-7,-88,-12,-67,-20,-61,-10,-69,-19,-59,-11,-53,-3,-75,1,-69,-7,-57,-4,-73,-18,-55,10,-83,14,-75,-12,-118,-10,-79,-11,-90,0,-80,-20,-79,-4,-78,-13,-116,-6,-96,5,-110,-9,-91,-11,-105,-9,-128,-15,-108,-22,0,0,0,0,0,0,-21,116,-18,84,-39,127,-20,108,-18,70,-37,127,-22,84,-39,127,-20,91,-43,127,-37,115,-35,83,-25,101,-43,79,-35,106,-32,105,-38,100,-32,87,-46,112,-9,72,-24,115,-19,83,-30,127,-31,106,-33,88,-30,96,-30,71,-24,103,-33,101,-22,89,-31,83,-44,105,-9,73,-23,113,-20,79,-45,127,-53,84,-40,91,-60,79,-42,77,-40,64,-46,93,-48,75,-42,59,-59,67,-33,62,-49,78,-50,48,-83,76,-56,40,-51,50,-60,33,-47,34,-50,26,-61,36,-51,23,-51,18,0,0,0,0,0,0,0,0,0,0]"""
1782318881419,2026-06-25T01:34:41.389,warning,bed_exit,yja,bed_exit_failed,t057,"CSI_DATA,810641,1a:00:00:00:00:00,-64,11,-99,19,49,11,-345647892,47,2,256,0,""[0,0,0,0,0,0,0,0,0,0,0,0,-32,12,-23,6,-35,8,-27,3,-39,1,-32,-8,-30,-2,-39,-7,-37,-4,-48,-9,-33,-17,-38,-21,-44,-15,-47,-25,-40,-14,-53,-37,-33,-29,-43,-39,-32,-31,-51,-24,-58,-34,-37,-41,-47,-47,-43,-47,-40,-54,-34,-49,-39,-57,-33,-45,-43,-63,-37,-48,-35,-51,-28,-45,-46,-54,-37,-54,-33,-46,-38,-52,-35,-66,-32,-64,-37,-66,-51,-64,-49,-51,-43,-77,-38,-63,-63,-55,-31,-49,-63,-66,-37,-75,-63,-63,-64,-72,-63,-75,-46,-70,-38,-86,-49,-79,-67,-96,-62,-94,-50,-78,-71,-92,0,0,0,0,0,0,-94,55,-111,69,-86,51,-96,49,-115,56,-91,38,-125,58,-90,48,-116,51,-95,27,-95,40,-104,51,-101,35,-113,56,-92,40,-95,32,-98,38,-94,38,-79,40,-115,44,-86,39,-95,44,-78,34,-90,41,-103,55,-91,42,-106,47,-84,42,-95,32,-100,35,-103,38,-79,41,-118,37,-95,32,-102,40,-76,18,-96,46,-100,17,-99,32,-101,15,-99,15,-87,2,-96,-5,-99,0,-87,1,-89,-4,-72,-14,-85,3,-57,-8,-79,-3,-61,-17,-64,-9,-65,-16,-59,-20,-53,-34,-45,-29,-38,-28,0,0,0,0,0,0,0,0,0,0]"""
1782318881430,2026-06-25T01:34:41.400,warning,bed_exit,yja,bed_exit_failed,t057,"CSI_DATA,810642,1a:00:00:00:00:00,-64,11,-99,18,49,11,-345637649,47,2,256,0,""[0,0,0,0,0,0,0,0,0,0,0,0,23,-15,22,-14,31,-17,29,-15,35,-13,28,-2,24,-9,42,-7,44,-6,51,-1,40,4,43,10,45,9,54,14,46,7,55,26,45,22,56,27,44,22,47,25,63,36,45,33,59,43,47,41,49,43,43,36,44,56,45,38,53,57,45,45,40,48,28,39,47,33,44,50,54,42,49,59,42,62,31,56,43,67,52,63,57,58,36,72,36,71,57,55,30,39,61,65,39,59,73,59,57,85,61,71,37,67,40,98,39,79,59,88,49,103,52,90,60,97,0,0,0,0,0,0,100,-53,125,-58,80,-27,104,-41,127,-41,102,-26,123,-29,98,-30,120,-28,95,-18,85,-28,113,-39,100,-22,118,-38,90,-14,105,-13,98,-17,114,-21,89,-24,122,-12,92,-11,105,-15,81,-15,82,-21,113,-31,105,-22,115,-19,88,-5,108,-2,99,-6,114,0,94,-14,115,8,99,6,104,2,77,7,99,-2,97,8,104,3,105,15,104,26,77,34,93,36,91,40,90,28,74,55,61,43,72,30,37,31,62,38,49,42,61,35,53,48,45,47,32,46,26,56,26,47,0,0,0,0,0,0,0,0,0,0]"""
1782318881441,2026-06-25T01:34:41.411,warning,bed_exit,yja,bed_exit_failed,t057,"CSI_DATA,810643,1a:00:00:00:00:00,-64,11,-99,20,49,11,-345626649,47,2,256,0,""[0,0,0,0,0,0,0,0,0,0,0,0,-6,22,-7,32,-4,23,-10,32,-9,28,-20,34,-24,32,-22,26,-27,31,-21,23,-39,30,-38,28,-35,33,-31,30,-43,31,-40,28,-49,34,-43,32,-53,34,-60,31,-43,32,-57,16,-53,19,-58,28,-52,20,-61,22,-57,24,-66,27,-47,23,-58,31,-51,31,-71,33,-69,25,-53,24,-57,21,-57,22,-57,31,-66,44,-54,36,-48,27,-60,39,-50,45,-66,53,-61,46,-90,69,-70,48,-69,63,-81,50,-66,48,-67,54,-73,75,-69,73,-74,77,-85,65,-72,72,-85,75,-79,75,0,0,0,0,0,0,78,89,60,73,91,99,78,91,61,65,89,95,72,64,84,89,71,64,83,104,82,96,66,80,72,81,61,70,84,75,80,71,72,67,72,61,79,71,70,53,90,63,81,52,99,73,90,72,73,56,72,59,72,55,95,52,86,54,84,61,75,53,84,61,73,40,94,49,86,49,105,69,79,67,83,61,77,64,71,59,72,57,84,60,68,56,57,45,61,62,60,43,72,58,54,56,61,73,40,59,45,59,26,59,36,48,29,51,34,57,28,53,25,48,0,0,0,0,0,0,0,0,0,0]"""
1782318881452,2026-06-25T01:34:41.422,warning,bed_exit,yja,bed_exit_failed,t057,"CSI_DATA,810644,1a:00:00:00:00:00,-64,11,-99,16,49,11,-345615322,47,2,256,0,""[0,0,0,0,0,0,0,0,0,0,0,0,-96,45,47,-10,-40,69,-15,114,33,91,-6,16,-8,53,87,28,-57,46,-40,7,30,-72,-54,0,-70,15,-94,85,-48,12,-62,-8,-64,-40,-67,-6,-51,2,-66,0,-90,6,-45,-18,-72,-7,-59,-20,-52,-19,-54,-26,-57,-27,-48,-19,-64,-33,-54,-22,-61,-31,-38,-27,-61,-26,-59,-32,-57,-25,-52,-40,-60,-44,-58,-47,-59,-45,-63,-39,-57,-21,-71,-58,-59,-52,-77,-34,-56,-38,-85,-52,-63,-51,-80,-47,-70,-56,-78,-58,-68,-63,-60,-70,-66,-67,-85,-82,-71,-75,-62,-68,-82,-81,0,0,0,0,0,0,-80,67,-102,71,-77,58,-104,67,-110,59,-89,47,-119,64,-82,46,-105,48,-95,35,-96,39,-114,45,-102,33,-109,47,-101,33,-96,18,-104,24,-100,26,-82,31,-119,28,-93,23,-106,34,-89,19,-92,25,-110,32,-91,14,-116,23,-100,19,-95,3,-101,5,-107,10,-87,19,-115,4,-86,0,-109,7,-82,-9,-111,0,-96,-14,-98,-9,-89,-22,-97,-27,-85,-34,-75,-45,-85,-33,-75,-26,-76,-58,-56,-44,-73,-35,-50,-45,-60,-48,-47,-56,-49,-49,-38,-51,-39,-54,-30,-53,-15,-47,-19,-49,0,0,0,0,0,0,0,0,0,0]"""
1782318881463,2026-06-25T01:34:41.433,warning,bed_exit,yja,bed_exit_failed,t057,"CSI_DATA,810645,1a:00:00:00:00:00,-64,11,-99,19,49,11,-345604298,47,2,256,0,""[0,0,0,0,0,0,0,0,0,0,0,0,32,5,31,5,32,0,32,0,37,9,33,10,33,9,34,15,43,10,39,10,36,18,34,26,39,16,44,23,44,26,47,21,51,18,46,34,47,26,45,22,42,26,63,28,54,35,51,35,55,35,58,40,59,36,50,34,50,25,59,24,67,49,57,17,43,23,77,11,74,15,91,21,60,18,77,28,73,0,97,0,70,15,69,0,82,-8,93,0,71,-15,65,-2,104,0,81,-2,87,-18,116,-30,85,-27,125,-23,120,-28,107,-32,103,-23,103,-36,108,-42,0,0,0,0,0,0,-52,-95,-53,-110,-45,-94,-54,-104,-59,-104,-44,-97,-65,-96,-71,-94,-61,-100,-60,-84,-63,-88,-63,-88,-88,-77,-70,-87,-66,-87,-72,-79,-76,-66,-77,-72,-81,-75,-93,-59,-83,-49,-86,-56,-87,-45,-94,-37,-84,-51,-108,-35,-96,-46,-91,-43,-98,-37,-95,-35,-98,-43,-103,-35,-109,-10,-103,-15,-100,-29,-99,-15,-96,-19,-100,-20,-102,-18,-100,-11,-98,-25,-84,-18,-87,-20,-91,-18,-90,-32,-89,-8,-77,-13,-74,-25,-75,-18,-68,-15,-70,-15,-65,-19,-68,-13,-62,-19,-58,-26,-48,-24,-52,-28,0,0,0,0,0,0,0,0,0,0]"""
1782318881474,2026-06-25T01:34:41.444,warning,bed_exit,yja,bed_exit_failed,t057,"CSI_DATA,810646,1a:00:00:00:00:00,-64,11,-99,13,50,11,-345593051,47,2,256,0,""[0,0,0,0,0,0,0,0,0,0,0,0,3,22,3,28,0,34,-6,40,-6,37,-11,36,-3,32,-12,40,-15,29,-22,45,-23,42,-25,32,-23,42,-29,36,-27,41,-31,38,-40,34,-35,38,-54,41,-48,34,-51,39,-44,32,-51,33,-52,44,-53,38,-49,30,-46,28,-51,37,-53,26,-62,36,-43,35,-64,36,-63,38,-63,31,-56,39,-55,30,-54,28,-60,38,-65,42,-58,41,-59,50,-63,35,-68,39,-54,49,-72,46,-65,63,-66,37,-67,54,-78,51,-78,57,-82,57,-82,47,-79,61,-90,49,-90,57,-93,62,-92,59,0,0,0,0,0,0,64,100,61,91,68,111,69,96,53,91,66,98,58,102,60,109,52,91,50,112,49,99,59,94,41,92,51,91,60,95,46,89,54,91,53,88,60,82,42,93,51,88,51,78,52,98,58,89,67,88,47,84,52,81,67,89,56,86,55,87,51,86,59,81,51,91,52,98,53,78,47,101,57,96,40,96,40,88,32,88,27,87,32,96,24,93,22,87,25,83,10,79,10,85,19,70,1,83,10,77,0,72,0,64,-5,65,-9,69,-11,61,-17,54,-13,52,0,0,0,0,0,0,0,0,0,0]"""
1782318881485,2026-06-25T01:34:41.455,warning,bed_exit,yja,bed_exit_failed,t057,"CSI_DATA,810647,1a:00:00:00:00:00,-64,11,-99,17,49,11,-345582556,47,2,256,0,""[0,0,0,0,0,0,0,0,0,0,0,0,12,24,11,36,7,24,12,38,2,24,0,39,0,42,0,44,0,45,-2,33,-16,45,-12,47,-9,42,-13,40,-29,60,-13,45,-25,55,-39,45,-32,56,-30,41,-32,30,-31,56,-34,38,-45,36,-42,41,-43,46,-48,45,-69,43,-37,31,-49,39,-49,27,-56,51,-43,42,-40,48,-47,44,-53,46,-43,40,-57,40,-51,50,-53,42,-67,48,-43,44,-63,62,-55,36,-75,70,-59,46,-64,71,-70,64,-61,68,-60,55,-78,64,-70,72,-89,74,-64,62,-81,62,-91,84,-87,56,0,0,0,0,0,0,56,118,44,89,58,120,44,110,43,80,46,127,40,84,53,117,23,90,52,118,51,106,37,96,62,100,32,85,31,104,53,97,46,93,39,91,42,114,37,77,52,109,25,85,47,103,44,89,26,90,49,97,32,78,36,97,41,95,45,95,35,95,30,122,32,68,36,100,13,87,38,114,16,93,29,99,18,98,18,94,18,86,0,96,24,90,5,87,-11,100,2,66,-8,92,-23,69,-18,92,-19,62,-10,75,-25,68,-15,68,-16,51,-32,60,-24,56,-32,46,0,0,0,0,0,0,0,0,0,0]"""
1782318881496,2026-06-25T01:34:41.466,warning,bed_exit,yja,bed_exit_failed,t057,"CSI_DATA,810648,1a:00:00:00:00:00,-64,11,-99,11,49,11,-345571649,47,2,256,0,""[0,0,0,0,0,0,0,0,0,0,0,0,0,31,-6,39,-3,18,-9,31,-7,30,-7,39,-16,35,-16,29,-11,48,-23,24,-30,31,-34,42,-39,31,-38,36,-49,30,-35,28,-52,34,-46,21,-48,27,-54,20,-64,13,-48,25,-50,17,-60,17,-60,16,-56,16,-63,21,-78,0,-49,13,-69,15,-46,14,-63,6,-57,0,-69,2,-67,6,-55,16,-60,18,-80,13,-84,14,-66,20,-101,9,-50,2,-85,9,-56,-11,-80,0,-82,0,-78,6,-103,13,-101,28,-96,20,-91,15,-109,0,-112,10,-77,9,-96,-18,-112,2,-89,-7,0,0,0,0,0,0,-31,127,-24,105,-30,116,-39,116,-22,99,-45,121,-18,93,-36,119,-46,93,-32,125,-31,106,-36,94,-24,114,-29,93,-36,91,-29,98,-30,96,-43,96,-56,114,-16,82,-32,105,-41,96,-36,102,-43,96,-36,89,-34,110,-29,81,-45,86,-46,95,-34,96,-43,99,-68,102,-32,77,-54,100,-49,82,-52,98,-53,75,-50,88,-61,81,-64,84,-47,67,-59,62,-56,74,-67,57,-82,50,-49,57,-68,55,-74,28,-80,52,-60,28,-63,40,-71,21,-63,27,-59,17,-54,13,-54,13,-56,8,0,0,0,0,0,0,0,0,0,0]"""
1782318881507,2026-06-25T01:34:41.477,warning,bed_exit,yja,bed_exit_failed,t057,"CSI_DATA,810649,1a:00:00:00:00:00,-64,11,-99,16,49,11,-345560649,47,2,256,0,""[0,0,0,0,0,0,0,0,0,0,0,0,0,-23,4,-30,0,-22,17,-37,18,-22,18,-35,18,-32,15,-26,25,-33,33,-22,27,-34,34,-37,44,-24,46,-29,61,-22,32,-25,50,-29,47,-19,71,-20,64,-3,61,11,63,-8,52,0,68,-2,64,0,58,0,59,0,75,12,56,-3,80,2,59,4,83,10,70,18,66,16,70,24,60,12,60,6,69,0,76,5,64,12,80,25,65,-5,86,0,77,19,108,19,79,23,90,12,78,33,87,18,89,37,106,18,96,15,109,29,87,34,105,23,119,43,96,48,0,0,0,0,0,0,71,-109,58,-81,77,-114,71,-96,51,-69,81,-101,53,-76,90,-104,68,-76,83,-94,79,-77,77,-59,67,-86,74,-53,73,-82,69,-77,71,-75,72,-72,96,-82,46,-64,66,-87,61,-63,90,-85,93,-68,85,-54,79,-67,71,-44,79,-71,79,-70,72,-62,74,-52,104,-61,60,-53,90,-68,77,-50,113,-63,101,-32,96,-40,105,-27,99,-26,78,-20,93,-33,86,-24,78,-21,102,0,65,-19,91,-14,75,5,97,6,66,18,70,19,63,25,67,19,50,26,62,19,48,20,52,26,0,0,0,0,0,0,0,0,0,0]"""
1782318881518,2026-06-25T01:34:41.488,warning,bed_exit,yja,bed_exit_failed,t057,"CSI_DATA,810650,1a:00:00:00:00:00,-64,11,-99,18,49,11,-345542746,47,2,256,0,""[0,0,0,0,0,0,0,0,0,0,0,0,-29,-4,-25,-7,-33,-4,-30,-4,-30,-7,-28,-13,-32,-8,-36,-16,-37,-19,-44,-18,-32,-32,-32,-38,-31,-23,-36,-39,-42,-31,-47,-36,-44,-41,-39,-49,-30,-36,-25,-30,-36,-38,-48,-46,-43,-58,-31,-49,-31,-56,-29,-58,-32,-62,-43,-56,-41,-56,-39,-51,-37,-56,-33,-40,-39,-39,-46,-43,-54,-47,-63,-51,-42,-61,-35,-59,-47,-54,-49,-62,-64,-55,-56,-59,-57,-58,-61,-41,-47,-50,-69,-43,-70,-49,-86,-46,-89,-48,-84,-57,-59,-50,-77,-74,-89,-73,-82,-59,-80,-72,-90,-63,-96,-58,0,0,0,0,0,0,-64,100,-79,111,-52,77,-57,101,-82,107,-65,86,-72,100,-56,95,-67,96,-59,74,-43,81,-50,103,-51,116,-51,103,-63,72,-71,95,-53,83,-58,94,-46,98,-41,107,-40,94,-38,100,-30,82,-17,90,-25,101,-18,109,-36,111,-37,88,-45,97,-34,92,-47,105,-30,110,-31,107,-30,101,-26,97,-23,75,-13,92,-23,94,-18,109,-30,114,-40,91,-53,76,-51,79,-58,87,-40,82,-45,76,-43,68,-36,71,-30,53,-30,59,-33,54,-31,67,-39,63,-42,53,-37,34,-47,37,-48,30,0,0,0,0,0,0,0,0,0,0]"""
1782318881529,2026-06-25T01:34:41.499,warning,bed_exit,yja,bed_exit_failed,t057,"CSI_DATA,810651,1a:00:00:00:00:00,-64,11,-99,20,48,11,-345538144,47,2,256,0,""[0,0,0,0,0,0,0,0,0,0,0,0,17,9,23,14,27,13,34,15,29,17,30,31,28,26,31,34,28,25,35,33,37,29,28,32,34,38,36,32,35,34,29,43,34,47,34,46,49,56,38,49,36,43,43,54,36,50,45,55,47,49,40,53,40,56,47,52,43,61,53,51,36,26,53,60,60,40,59,45,44,56,55,39,57,35,52,47,70,33,63,19,55,30,61,46,71,43,96,5,70,43,94,4,85,28,117,-3,91,16,89,4,127,15,90,10,102,3,116,31,112,-5,116,0,126,12,0,0,0,0,0,0,-21,-117,-28,-117,-23,-121,-11,-118,-22,-110,-26,-112,-30,-112,-29,-116,-34,-107,-30,-126,-44,-114,-47,-107,-31,-91,-51,-88,-51,-93,-56,-89,-61,-88,-62,-79,-68,-77,-59,-90,-66,-93,-67,-70,-75,-77,-85,-74,-92,-57,-69,-62,-81,-54,-93,-55,-93,-51,-95,-55,-86,-57,-90,-39,-93,-56,-103,-54,-83,-34,-91,-52,-103,-46,-99,-48,-92,-38,-77,-52,-87,-44,-86,-33,-89,-46,-80,-39,-90,-33,-71,-42,-77,-42,-72,-31,-66,-35,-72,-34,-57,-32,-67,-31,-48,-37,-56,-29,-59,-34,-46,-33,-48,-33,0,0,0,0,0,0,0,0,0,0]"""
1782318881540,2026-06-25T01:34:41.510,warning,bed_exit,yja,bed_exit_failed,t057,"CSI_DATA,810652,1a:00:00:00:00:00,-64,11,-99,17,49,11,-345527649,47,2,256,0,""[0,0,0,0,0,0,0,0,0,0,0,0,33,10,22,15,28,22,23,18,19,33,25,19,28,24,30,31,35,33,33,32,20,37,27,41,18,45,10,48,14,47,18,59,14,54,6,67,5,49,8,46,3,60,15,52,13,72,-12,60,-1,60,0,66,-5,62,-3,67,-16,74,-1,61,-17,62,-10,52,-1,52,-5,75,4,63,24,93,18,87,-9,70,12,75,-7,108,-5,84,-11,88,-12,76,-16,84,9,65,-10,77,10,88,26,96,3,121,7,116,3,101,24,99,0,120,3,112,-15,127,-8,105,-6,115,0,0,0,0,0,0,110,19,127,25,95,18,114,18,127,18,106,39,123,31,104,23,119,43,101,12,103,4,120,9,117,1,126,7,101,25,103,12,104,7,104,30,97,26,116,12,95,13,112,31,79,4,91,1,106,2,110,-5,114,-1,99,22,100,5,104,4,109,21,104,14,112,24,96,27,100,31,87,11,95,7,95,11,103,1,104,18,105,27,81,44,96,30,91,47,77,43,80,46,66,47,63,49,55,31,65,41,63,36,65,32,53,41,60,48,33,52,33,50,32,48,0,0,0,0,0,0,0,0,0,0]"""
1782318881551,2026-06-25T01:34:41.521,warning,bed_exit,yja,bed_exit_failed,t057,"CSI_DATA,810653,1a:00:00:00:00:00,-64,11,-99,17,49,11,-345516381,47,2,256,0,""[0,0,0,0,0,0,0,0,0,0,0,0,24,4,34,8,23,2,31,11,29,8,34,23,35,22,25,29,25,33,29,22,29,36,29,38,28,40,22,37,35,57,13,31,32,50,26,43,35,70,18,69,18,58,16,53,9,48,23,58,14,65,1,57,1,66,5,81,15,48,10,68,8,58,24,90,1,69,17,60,6,72,0,65,15,56,20,74,10,70,5,63,15,79,18,60,24,87,11,74,20,109,4,76,17,91,0,93,23,83,14,86,24,106,20,89,12,112,7,100,26,105,21,127,10,106,0,0,0,0,0,0,127,-1,92,1,127,-4,111,2,78,9,127,1,88,-1,127,-3,93,-5,127,18,119,12,99,15,103,9,83,21,109,17,108,13,106,5,95,7,115,15,73,-2,123,-3,90,0,127,4,112,8,92,4,102,6,81,9,108,6,104,5,99,9,93,15,119,21,86,-7,111,-1,87,10,127,26,97,30,104,15,98,39,83,26,74,28,100,29,93,32,76,25,83,47,63,23,87,34,64,40,90,68,54,51,59,43,44,55,42,37,39,43,41,53,34,42,29,47,0,0,0,0,0,0,0,0,0,0]"""
1782318881562,2026-06-25T01:34:41.532,warning,bed_exit,yja,bed_exit_failed,t057,"CSI_DATA,810654,1a:00:00:00:00:00,-64,11,-99,19,49,11,-345505468,47,2,256,0,""[0,0,0,0,0,0,0,0,0,0,0,0,-27,-1,-36,0,-29,-1,-34,-5,-34,-2,-43,-15,-42,-14,-42,-12,-36,-22,-39,-14,-45,-23,-42,-23,-40,-29,-43,-23,-44,-25,-41,-38,-51,-38,-42,-34,-50,-43,-55,-44,-61,-38,-35,-38,-44,-43,-51,-38,-44,-45,-44,-51,-49,-44,-48,-46,-42,-46,-56,-48,-46,-35,-61,-49,-63,-46,-53,-46,-60,-43,-54,-43,-60,-41,-74,-43,-64,-43,-63,-34,-68,-37,-69,-43,-78,-42,-69,-22,-89,-48,-96,-38,-95,-34,-93,-33,-90,-31,-90,-28,-98,-33,-90,-38,-108,-28,-107,-36,-103,-29,-108,-32,-105,-29,0,0,0,0,0,0,-16,122,-15,105,-29,123,-19,122,-21,102,-22,122,-19,111,-22,118,-5,105,-22,125,-19,124,-5,116,-17,96,-4,100,-4,111,-2,109,8,105,6,102,7,101,3,108,7,111,17,96,8,116,22,104,27,101,26,93,23,99,33,105,29,96,33,108,28,96,33,104,26,102,30,106,37,96,25,108,35,108,24,93,28,106,15,94,21,94,30,108,15,102,23,84,22,83,12,86,11,93,19,79,0,87,12,87,0,73,5,69,1,63,-1,63,-2,74,-9,56,-4,59,0,0,0,0,0,0,0,0,0,0]"""
1782318881573,2026-06-25T01:34:41.543,warning,bed_exit,yja,bed_exit_failed,t057,"CSI_DATA,810655,1a:00:00:00:00:00,-64,11,-99,16,49,11,-345494337,47,2,256,0,""[0,0,0,0,0,0,0,0,0,0,0,0,10,27,0,30,3,40,2,38,3,33,-7,20,-11,30,-21,42,-7,38,-9,47,-30,34,-28,36,-30,53,-32,31,-44,40,-38,42,-42,34,-51,27,-45,33,-51,30,-52,20,-50,50,-71,32,-57,20,-61,24,-65,21,-69,16,-63,14,-70,24,-64,14,-73,4,-56,23,-63,19,-70,25,-71,28,-78,21,-78,17,-74,4,-76,17,-78,13,-72,8,-81,12,-81,6,-87,0,-72,13,-82,12,-81,16,-82,26,-92,23,-92,18,-95,9,-103,6,-120,0,-109,14,-104,-6,-104,0,-113,8,0,0,0,0,0,0,-19,119,-28,127,-15,103,-33,120,-34,123,-38,104,-34,117,-29,106,-48,111,-28,106,-26,107,-33,103,-17,112,-27,109,-52,92,-36,98,-33,105,-47,101,-38,91,-34,107,-34,85,-53,97,-20,93,-24,91,-29,90,-22,114,-33,95,-49,80,-49,91,-42,95,-57,97,-52,93,-52,102,-54,85,-71,79,-44,79,-53,92,-47,88,-53,85,-61,89,-68,71,-77,56,-63,68,-77,55,-75,48,-76,49,-74,37,-77,36,-60,31,-65,33,-68,30,-68,29,-67,27,-65,12,-62,3,-57,3,-56,3,0,0,0,0,0,0,0,0,0,0]"""
1782318881584,2026-06-25T01:34:41.554,warning,bed_exit,yja,bed_exit_failed,t057,"CSI_DATA,810656,1a:00:00:00:00:00,-64,11,-99,17,49,11,-345482740,47,2,256,0,""[0,0,0,0,0,0,0,0,0,0,0,0,23,-24,20,-16,33,-19,22,-17,39,-18,37,-6,38,-10,45,-5,41,-2,50,-6,50,3,48,7,50,10,50,10,45,6,66,23,53,20,60,25,45,23,53,28,69,37,42,36,63,48,46,38,37,42,47,50,46,49,41,42,53,56,41,48,52,52,29,48,54,49,39,55,46,55,47,60,40,72,39,70,34,72,49,71,48,57,50,81,42,62,57,58,34,61,61,79,42,80,58,78,53,79,50,88,44,86,40,93,42,92,54,109,42,96,30,85,44,111,0,0,0,0,0,0,100,-30,127,-32,102,-28,114,-39,127,-29,93,-30,127,-27,102,-25,121,-18,114,-12,105,-11,122,-16,106,-2,119,-11,110,-5,102,5,104,-2,101,-4,87,-7,125,0,93,-4,110,-9,95,-3,94,-9,111,-8,95,0,121,0,107,5,95,12,105,7,100,9,92,-2,123,27,96,13,112,7,80,21,112,17,94,32,102,30,88,35,98,46,85,44,83,57,82,48,74,37,76,63,60,48,70,43,40,49,64,60,45,58,45,55,35,60,36,65,27,55,15,53,10,57,0,0,0,0,0,0,0,0,0,0]"""
1782318881595,2026-06-25T01:34:41.565,warning,bed_exit,yja,bed_exit_failed,t057,"CSI_DATA,810657,1a:00:00:00:00:00,-64,11,-99,19,49,11,-345470173,47,2,256,0,""[0,0,0,0,0,0,0,0,0,0,0,0,-23,17,-32,21,-23,14,-33,17,-27,6,-43,18,-39,14,-34,4,-46,13,-37,1,-51,9,-50,8,-52,6,-53,0,-66,-4,-42,7,-65,7,-50,1,-74,-12,-59,-10,-47,-5,-71,-7,-56,-16,-58,-14,-68,-14,-63,-4,-65,-8,-81,-18,-50,-3,-74,-7,-61,-9,-87,-10,-68,-14,-66,-5,-73,-10,-71,-1,-62,4,-78,6,-76,7,-66,0,-88,-7,-64,26,-94,24,-85,0,-112,23,-79,4,-87,20,-101,8,-88,18,-87,16,-97,37,-105,48,-114,30,-98,33,-104,38,-128,38,-109,26,0,0,0,0,0,0,34,127,29,95,28,127,34,120,30,91,41,126,28,85,42,127,18,89,45,125,40,110,30,97,51,101,22,90,45,94,50,100,51,93,44,87,51,114,57,61,73,96,44,77,74,105,54,86,52,88,71,83,50,68,68,77,76,77,70,67,62,72,74,100,64,50,79,78,62,72,89,97,55,83,71,74,63,92,68,72,57,70,71,76,59,70,51,64,49,89,50,49,64,75,28,69,49,87,29,66,36,73,17,72,29,61,18,58,22,58,19,56,13,56,0,0,0,0,0,0,0,0,0,0]"""
1782318881606,2026-06-25T01:34:41.576,warning,bed_exit,yja,bed_exit_failed,t057,"CSI_DATA,810658,1a:00:00:00:00:00,-64,11,-99,14,49,11,-345461649,47,2,256,0,""[0,0,0,0,0,0,0,0,0,0,0,0,51,33,-46,20,15,-20,78,86,16,-74,58,48,57,93,44,-46,-19,-7,26,-74,75,-13,57,38,58,38,18,9,32,-29,69,15,54,61,49,12,51,51,44,48,53,19,41,35,60,48,57,46,48,34,45,49,44,46,41,41,42,71,38,54,40,62,36,44,52,55,44,57,53,51,43,61,51,61,52,64,58,59,59,59,54,52,52,77,47,70,60,55,45,49,75,71,53,71,75,58,59,78,79,58,70,66,71,67,62,74,87,92,72,80,66,71,83,97,0,0,0,0,0,0,90,-66,107,-84,84,-71,99,-61,108,-77,88,-54,113,-73,86,-60,101,-71,98,-62,92,-61,98,-75,86,-49,83,-78,80,-71,78,-68,75,-74,80,-68,66,-60,106,-69,83,-56,83,-66,70,-65,79,-61,80,-81,77,-55,79,-81,75,-77,68,-75,67,-79,73,-74,65,-58,104,-66,85,-54,82,-54,77,-48,92,-69,83,-53,80,-60,88,-40,95,-51,86,-49,92,-44,84,-46,68,-40,97,-20,84,-14,81,-25,64,-14,81,-20,78,-6,70,-13,71,4,67,-3,65,4,55,4,52,7,0,0,0,0,0,0,0,0,0,0]"""
1782318881617,2026-06-25T01:34:41.587,warning,bed_exit,yja,bed_exit_failed,t057,"CSI_DATA,810659,1a:00:00:00:00:00,-64,11,-99,21,48,11,-345448366,47,2,256,0,""[0,0,0,0,0,0,0,0,0,0,0,0,5,25,5,22,8,43,7,33,0,35,0,34,4,34,4,45,-7,42,3,56,-1,44,-3,43,-6,49,-13,60,-1,47,-15,61,-7,57,-11,60,-10,63,-7,51,-9,64,-8,62,-15,72,-7,62,-22,65,-18,63,-17,75,-2,61,-10,84,-11,63,0,68,-4,57,7,70,9,72,8,74,12,75,4,76,5,70,15,84,23,82,33,70,16,82,22,81,43,81,19,59,56,80,42,73,55,75,66,89,64,87,47,87,54,88,61,77,71,83,72,94,72,76,85,76,0,0,0,0,0,0,71,-77,89,-109,62,-78,58,-95,78,-103,62,-83,79,-114,61,-88,60,-110,53,-90,43,-83,43,-111,45,-95,44,-113,42,-86,40,-88,39,-100,29,-106,13,-96,23,-114,14,-96,6,-109,4,-86,-12,-99,-10,-114,-7,-100,-12,-112,-4,-101,-9,-105,-13,-106,-18,-106,-30,-87,-21,-118,-22,-103,-36,-103,-20,-83,-48,-98,-29,-98,-47,-95,-25,-101,-20,-101,-17,-86,-16,-100,-27,-101,-25,-83,-25,-88,-17,-77,-34,-80,-15,-57,-28,-75,-8,-68,-28,-71,-14,-72,-15,-65,-8,-55,-5,-59,-6,-53,0,0,0,0,0,0,0,0,0,0]"""
1782318881628,2026-06-25T01:34:41.598,warning,bed_exit,yja,bed_exit_failed,t057,"CSI_DATA,810660,1a:00:00:00:00:00,-64,11,-99,15,49,11,-345437388,47,2,256,0,""[0,0,0,0,0,0,0,0,0,0,0,0,11,26,16,31,11,24,9,34,5,30,9,50,0,46,-5,37,0,51,-10,31,-3,50,-8,50,-15,50,-16,49,-24,60,-9,43,-21,60,-19,54,-30,60,-44,63,-32,49,-38,52,-35,44,-35,52,-40,52,-36,53,-40,53,-54,60,-28,44,-36,61,-41,55,-56,66,-54,53,-42,51,-56,51,-48,56,-40,56,-37,71,-38,67,-33,53,-56,63,-21,70,-34,88,-50,63,-59,98,-55,66,-51,78,-69,73,-43,74,-51,76,-46,100,-45,97,-63,98,-51,87,-48,107,-63,101,-63,90,0,0,0,0,0,0,100,74,85,65,109,91,89,81,73,60,105,84,75,51,105,85,83,63,100,85,88,81,66,74,92,68,67,71,90,65,93,72,85,59,80,52,91,75,80,42,101,55,86,54,91,70,86,66,71,64,89,53,69,55,91,48,89,54,85,45,76,49,93,80,79,32,99,52,82,60,104,74,65,79,76,62,66,81,66,69,67,64,81,59,70,67,53,52,52,74,64,46,64,71,45,69,50,88,23,62,31,65,15,68,25,62,19,56,25,66,17,62,11,56,0,0,0,0,0,0,0,0,0,0]"""
1782318881639,2026-06-25T01:34:41.609,warning,bed_exit,yja,bed_exit_failed,t057,"CSI_DATA,810661,1a:00:00:00:00:00,-64,11,-99,16,49,11,-345428100,47,2,256,0,""[0,0,0,0,0,0,0,0,0,0,0,0,31,19,23,20,23,23,20,20,20,30,21,23,24,23,34,31,31,33,40,36,21,38,32,38,36,43,29,48,24,43,26,62,18,54,12,62,25,49,32,48,36,62,27,61,31,65,11,57,26,56,20,65,14,74,16,61,17,74,12,64,10,73,21,48,31,60,36,57,40,54,36,70,40,74,20,69,46,63,45,82,40,63,36,85,34,75,42,70,35,55,63,66,61,67,71,59,75,76,76,64,51,74,66,83,66,86,77,81,60,81,77,69,82,78,0,0,0,0,0,0,92,-75,99,-85,73,-65,97,-68,103,-96,87,-63,95,-81,72,-76,97,-76,70,-74,62,-76,67,-91,67,-91,55,-102,70,-76,59,-86,49,-95,62,-87,49,-81,64,-100,53,-82,67,-88,30,-77,29,-85,33,-101,31,-101,30,-112,46,-86,33,-100,23,-103,37,-103,32,-91,49,-104,38,-90,50,-93,22,-75,17,-104,22,-101,11,-98,28,-107,30,-97,46,-81,37,-96,45,-89,39,-85,52,-80,47,-65,45,-69,28,-53,36,-62,34,-62,26,-70,35,-61,38,-59,32,-40,37,-43,42,-39,0,0,0,0,0,0,0,0,0,0]"""
1782318881650,2026-06-25T01:34:41.620,warning,bed_exit,yja,bed_exit_failed,t057,"CSI_DATA,810662,1a:00:00:00:00:00,-64,11,-99,5,49,11,-345416975,47,2,256,0,""[0,0,0,0,0,0,0,0,0,0,0,0,16,15,9,15,25,45,26,26,13,36,3,47,11,29,17,49,4,45,22,54,8,41,5,41,8,42,0,51,4,41,4,66,4,54,-13,70,-9,51,0,43,0,62,-17,70,-9,70,-8,60,-13,62,-17,68,-25,71,-22,72,-15,79,-11,67,-12,74,-3,58,-7,68,-7,71,0,76,-13,79,-8,88,-8,76,0,75,3,89,8,80,-12,100,-8,84,11,80,-3,68,13,95,-12,87,21,83,16,106,12,97,-3,83,0,108,9,100,11,109,0,108,11,105,32,104,0,0,0,0,0,0,121,-26,127,-24,97,-5,112,-25,127,-12,105,-9,127,-20,100,-7,127,-15,97,-13,100,-11,108,-25,113,-21,117,-36,92,-21,105,-13,106,-32,112,-30,92,-37,119,-29,93,-28,105,-42,76,-33,85,-42,97,-41,91,-47,106,-49,89,-41,100,-41,93,-55,100,-53,79,-54,110,-46,92,-43,79,-54,64,-26,84,-64,91,-38,88,-63,101,-43,91,-33,83,-24,100,-24,100,-34,89,-34,93,-21,75,-7,81,-30,49,-15,76,-16,62,-9,70,-22,71,0,74,-8,54,-5,59,0,54,9,0,0,0,0,0,0,0,0,0,0]"""
1782318881661,2026-06-25T01:34:41.631,warning,bed_exit,yja,bed_exit_failed,t057,"CSI_DATA,810664,1a:00:00:00:00:00,-64,11,-99,16,49,11,-345394543,47,2,256,0,""[0,0,0,0,0,0,0,0,0,0,0,0,35,-4,28,-2,35,-4,34,0,35,2,38,5,40,5,45,15,33,15,48,12,46,17,36,28,44,27,42,28,46,15,52,39,46,38,50,36,38,33,57,37,57,35,39,43,51,51,50,46,44,50,37,54,42,55,39,42,48,61,44,43,56,53,43,47,56,50,45,56,52,50,53,53,55,62,51,60,46,62,54,53,61,43,63,66,54,58,72,44,51,53,87,58,71,63,87,49,79,58,80,59,72,64,69,74,76,63,95,87,83,71,74,71,97,67,0,0,0,0,0,0,63,-83,72,-99,63,-86,65,-95,85,-95,71,-81,82,-101,56,-78,74,-100,75,-72,68,-78,74,-97,74,-79,69,-95,66,-80,76,-76,71,-85,62,-85,43,-75,70,-92,55,-80,54,-92,46,-72,48,-88,46,-99,46,-82,59,-99,45,-93,54,-79,59,-88,51,-95,36,-78,60,-97,51,-85,52,-91,53,-78,48,-99,53,-78,52,-91,62,-77,66,-78,65,-69,71,-60,68,-67,54,-65,72,-62,59,-46,56,-64,55,-32,59,-53,63,-36,53,-38,55,-34,58,-30,57,-26,54,-14,51,-13,0,0,0,0,0,0,0,0,0,0]"""
1782318881672,2026-06-25T01:34:41.642,warning,bed_exit,yja,bed_exit_failed,t057,"CSI_DATA,810665,1a:00:00:00:00:00,-64,11,-99,17,49,11,-345383136,47,2,256,0,""[0,0,0,0,0,0,0,0,0,0,0,0,4,22,4,28,2,17,3,37,5,28,0,46,-9,38,-1,31,-5,37,-5,36,-12,52,-14,51,-12,51,-16,48,-21,49,-26,38,-35,54,-20,45,-42,57,-45,60,-25,48,-39,41,-36,37,-43,49,-42,51,-46,53,-46,45,-53,47,-37,35,-52,53,-41,46,-66,63,-55,46,-42,46,-49,51,-53,40,-41,47,-49,68,-44,60,-35,51,-54,59,-40,53,-59,72,-41,56,-80,92,-64,65,-52,64,-69,67,-50,59,-47,70,-66,99,-55,83,-63,92,-65,81,-60,88,-71,101,-70,89,0,0,0,0,0,0,92,77,72,53,111,96,81,82,63,53,95,92,77,60,92,92,73,59,99,97,81,89,78,77,68,75,65,60,102,69,91,62,89,56,77,59,86,71,65,59,90,66,75,51,105,73,88,68,80,59,61,60,73,50,96,49,93,47,88,50,78,52,91,62,72,48,93,58,71,54,105,79,78,73,84,58,71,81,53,61,66,55,84,63,70,65,53,51,56,69,46,60,62,73,38,63,46,88,28,70,33,63,16,66,21,56,17,54,20,58,18,50,14,50,0,0,0,0,0,0,0,0,0,0]"""
1782318881683,2026-06-25T01:34:41.653,warning,bed_exit,yja,bed_exit_failed,t057,"CSI_DATA,810666,1a:00:00:00:00:00,-64,11,-99,16,49,11,-345373650,47,2,256,0,""[0,0,0,0,0,0,0,0,0,0,0,0,-23,-12,-24,-27,-17,-27,-25,-23,-25,-27,-21,-35,-12,-42,-12,-34,-8,-37,-16,-37,-17,-48,-16,-42,-12,-50,-9,-49,-3,-51,0,-56,7,-59,4,-55,11,-70,23,-66,28,-65,15,-54,16,-60,12,-70,19,-64,23,-58,22,-61,28,-56,27,-65,34,-62,27,-54,40,-71,43,-67,40,-64,38,-68,38,-52,29,-55,30,-71,29,-77,23,-69,32,-74,35,-64,46,-73,33,-72,45,-81,50,-85,55,-75,48,-70,54,-75,40,-83,48,-100,44,-83,57,-83,57,-92,59,-102,64,-94,70,-90,0,0,0,0,0,0,-93,-71,-81,-74,-108,-87,-72,-85,-80,-74,-78,-81,-78,-86,-90,-91,-74,-78,-74,-95,-76,-96,-72,-78,-59,-79,-72,-75,-89,-76,-75,-66,-79,-70,-75,-64,-69,-73,-61,-76,-73,-75,-63,-70,-75,-87,-67,-86,-67,-69,-57,-73,-65,-67,-78,-80,-76,-70,-77,-70,-63,-71,-65,-75,-61,-81,-61,-83,-59,-80,-62,-102,-56,-98,-45,-96,-44,-93,-30,-85,-32,-83,-49,-90,-36,-89,-37,-78,-27,-85,-15,-76,-13,-86,-15,-82,-3,-83,3,-82,5,-65,9,-66,14,-59,5,-60,8,-70,10,-53,18,-54,0,0,0,0,0,0,0,0,0,0]"""
1782318881694,2026-06-25T01:34:41.664,warning,bed_exit,yja,bed_exit_failed,t057,"CSI_DATA,810667,1a:00:00:00:00:00,-64,11,-99,18,49,11,-345360845,47,2,256,0,""[0,0,0,0,0,0,0,0,0,0,0,0,29,2,31,2,31,15,26,13,32,18,38,14,38,14,37,19,40,19,35,30,31,39,32,35,34,39,31,42,31,45,33,49,29,42,24,59,29,56,23,60,18,66,23,64,25,63,4,62,14,67,10,62,5,65,5,67,7,71,7,65,8,71,7,68,14,70,10,71,8,75,19,67,17,77,5,76,13,80,8,80,1,82,21,81,16,79,7,93,20,85,25,84,28,84,30,83,27,99,17,101,8,105,19,100,14,105,24,117,2,105,2,110,18,110,0,0,0,0,0,0,112,1,127,5,107,7,120,3,124,5,107,20,115,15,109,11,114,25,104,-2,111,-1,105,8,119,-9,117,5,105,14,107,7,105,8,105,20,108,15,110,0,98,0,104,17,91,1,101,0,98,0,103,-4,104,-2,102,19,105,12,108,8,102,14,98,18,106,4,92,11,101,20,99,9,96,12,106,7,102,16,102,10,97,22,90,40,88,32,81,47,74,42,78,36,67,40,69,55,64,37,60,38,60,43,57,42,55,41,43,50,28,50,32,50,30,49,0,0,0,0,0,0,0,0,0,0]"""
1782318881705,2026-06-25T01:34:41.675,warning,bed_exit,yja,bed_exit_failed,t057,"CSI_DATA,810668,1a:00:00:00:00:00,-64,11,-99,18,49,11,-345351650,47,2,256,0,""[0,0,0,0,0,0,0,0,0,0,0,0,-29,-5,-31,-14,-21,-13,-33,-24,-22,-17,-32,-25,-28,-33,-25,-29,-28,-33,-21,-33,-19,-44,-14,-50,-12,-42,-8,-48,-8,-57,-9,-47,-8,-58,-1,-62,-1,-69,12,-60,14,-59,2,-68,10,-58,14,-62,18,-63,20,-62,29,-59,37,-72,12,-50,23,-59,22,-63,32,-70,29,-58,27,-67,34,-66,32,-69,30,-60,26,-69,28,-55,34,-50,50,-62,25,-73,30,-87,46,-69,60,-91,50,-66,41,-93,61,-75,49,-83,52,-75,59,-90,63,-89,68,-100,61,-78,64,-88,77,-89,72,-77,0,0,0,0,0,0,-95,-92,-64,-81,-81,-106,-74,-90,-48,-82,-68,-109,-51,-77,-63,-105,-52,-73,-61,-117,-54,-108,-46,-88,-59,-99,-32,-93,-47,-99,-44,-102,-41,-96,-32,-92,-37,-110,-42,-79,-55,-96,-40,-88,-42,-101,-40,-95,-30,-81,-47,-98,-26,-88,-22,-99,-26,-97,-26,-91,-21,-88,-17,-117,-29,-78,-30,-101,-21,-99,-20,-124,-3,-94,-12,-99,3,-100,0,-100,5,-90,9,-99,17,-84,17,-79,38,-85,12,-78,19,-87,33,-75,48,-81,41,-52,34,-64,49,-55,38,-53,48,-41,44,-43,47,-36,47,-26,0,0,0,0,0,0,0,0,0,0]"""
1782318881716,2026-06-25T01:34:41.686,warning,bed_exit,yja,bed_exit_failed,t057,"CSI_DATA,810669,1a:00:00:00:00:00,-64,11,-99,21,48,11,-345340588,47,2,256,0,""[0,0,0,0,0,0,0,0,0,0,0,0,-29,-10,-20,-12,-34,-13,-26,-10,-35,-26,-25,-14,-25,-8,-40,-18,-34,-11,-48,-17,-36,-34,-34,-27,-48,-23,-43,-40,-39,-28,-47,-38,-39,-38,-43,-48,-51,-33,-45,-30,-48,-34,-62,-32,-52,-43,-43,-54,-56,-37,-50,-41,-51,-45,-53,-45,-62,-40,-54,-34,-51,-48,-55,-24,-68,-22,-68,-21,-74,-15,-71,-15,-75,-29,-61,-34,-81,-16,-87,-25,-78,-17,-83,-19,-73,-21,-93,-10,-70,2,-87,5,-81,13,-92,24,-106,25,-106,18,-101,4,-108,12,-102,20,-113,28,-110,18,-105,47,-105,34,0,0,0,0,0,0,31,115,46,127,40,93,31,106,51,121,28,107,51,115,46,101,51,120,56,80,61,78,72,83,83,75,84,86,57,91,70,76,77,72,79,81,79,67,87,69,76,61,82,69,84,41,88,31,97,37,103,25,105,34,90,53,102,28,94,33,101,37,92,33,104,39,100,30,98,37,89,9,102,7,103,5,106,0,111,1,98,11,86,27,96,13,102,23,82,24,85,20,76,27,86,24,65,12,67,8,66,4,70,1,72,5,61,13,57,29,49,24,46,24,0,0,0,0,0,0,0,0,0,0]"""
1782318881727,2026-06-25T01:34:41.697,warning,bed_exit,yja,bed_exit_failed,t057,"CSI_DATA,810670,1a:00:00:00:00:00,-64,11,-99,16,49,11,-345329650,47,2,256,0,""[0,0,0,0,0,0,0,0,0,0,0,0,2,24,3,29,4,30,4,32,4,33,-4,31,-6,38,-6,37,4,50,-11,39,-6,46,-8,45,-6,50,-12,54,-15,57,-6,45,-11,54,-16,58,-14,59,-20,59,-36,47,-11,68,-28,58,-21,66,-22,69,-17,61,-16,62,-25,65,-7,71,-2,70,-15,67,-14,70,-15,63,-10,73,-11,74,-8,70,-7,72,10,66,2,79,13,77,4,82,17,70,26,74,23,88,24,78,12,75,25,78,17,96,31,96,45,101,53,92,51,85,46,94,43,102,70,92,65,105,65,99,0,0,0,0,0,0,102,-59,105,-74,101,-73,95,-68,92,-65,91,-71,81,-78,88,-81,87,-80,90,-74,80,-69,81,-65,77,-81,85,-79,65,-79,66,-79,55,-83,60,-85,58,-91,32,-91,34,-94,46,-100,44,-96,42,-101,42,-91,33,-104,35,-92,20,-94,24,-101,17,-93,25,-93,29,-102,0,-98,7,-105,15,-114,15,-114,25,-90,11,-100,23,-103,13,-100,21,-93,7,-98,12,-89,10,-88,20,-87,7,-85,7,-80,22,-81,22,-69,21,-61,25,-66,26,-64,19,-66,22,-64,18,-60,25,-57,19,-53,0,0,0,0,0,0,0,0,0,0]"""
1782318881738,2026-06-25T01:34:41.708,warning,bed_exit,yja,bed_exit_failed,t057,"CSI_DATA,810671,1a:00:00:00:00:00,-64,11,-99,16,49,11,-345318650,47,2,256,0,""[0,0,0,0,0,0,0,0,0,0,0,0,17,23,10,19,21,31,20,26,14,37,15,30,13,27,18,37,21,42,27,46,11,47,12,45,21,45,8,53,12,53,10,62,6,48,0,71,18,46,0,53,7,67,18,60,18,75,0,60,13,63,11,68,2,78,2,63,7,82,7,64,-3,76,23,53,24,61,26,63,29,65,32,75,32,72,21,68,36,71,33,78,31,66,30,85,30,74,40,70,35,55,57,73,54,66,71,60,73,73,74,73,59,75,74,75,70,83,87,73,70,81,69,64,89,76,0,0,0,0,0,0,75,-83,95,-100,67,-73,81,-76,81,-103,81,-67,93,-95,60,-90,90,-92,48,-86,48,-75,56,-92,53,-108,47,-104,60,-81,38,-94,35,-100,46,-95,36,-93,38,-108,33,-81,39,-104,16,-80,8,-102,12,-99,-3,-112,0,-116,18,-93,4,-102,-4,-110,10,-114,5,-99,14,-112,9,-98,19,-105,0,-80,-8,-97,-15,-101,-21,-102,-4,-106,-2,-100,15,-89,0,-99,10,-97,9,-85,17,-88,21,-72,13,-81,6,-58,5,-73,2,-68,3,-67,7,-70,6,-66,16,-51,13,-53,20,-53,0,0,0,0,0,0,0,0,0,0]"""
1782318881749,2026-06-25T01:34:41.719,warning,bed_exit,yja,bed_exit_failed,t057,"CSI_DATA,810672,1a:00:00:00:00:00,-64,11,-99,16,49,11,-345307650,47,2,256,0,""[0,0,0,0,0,0,0,0,0,0,0,0,-73,-50,-66,28,23,-2,-56,33,-87,-14,-19,-62,-39,62,-34,-2,18,14,-103,-91,-9,-19,-38,-61,12,-26,-28,-35,53,-32,-49,-60,-2,-63,7,-86,-9,-48,-14,-74,7,-57,-28,-66,-13,-58,10,-60,-5,-65,-13,-70,-8,-73,-6,-71,-11,-70,-3,-57,-10,-67,-11,-61,-18,-67,-23,-60,-20,-66,-30,-73,-26,-75,-17,-70,-32,-65,-24,-76,-22,-74,-44,-72,-39,-70,-33,-75,-47,-74,-48,-65,-57,-76,-51,-72,-66,-74,-65,-77,-51,-79,-72,-80,-66,-82,-74,-78,-66,-87,-76,-69,-74,-86,0,0,0,0,0,0,-90,77,-102,73,-75,62,-88,79,-93,86,-94,71,-81,82,-73,80,-93,81,-67,83,-68,93,-70,77,-60,104,-68,88,-69,79,-67,88,-62,90,-60,82,-55,89,-42,98,-43,93,-56,95,-39,87,-33,95,-44,87,-28,110,-32,103,-43,90,-34,97,-29,96,-29,105,-34,107,-23,104,-30,97,-37,98,-20,94,-20,90,-14,95,-21,98,-22,105,-24,99,-31,88,-25,88,-38,83,-38,75,-23,86,-30,74,-39,69,-26,68,-31,63,-26,63,-32,65,-27,60,-33,55,-35,46,-31,49,-37,42,0,0,0,0,0,0,0,0,0,0]"""
1782318881760,2026-06-25T01:34:41.730,warning,bed_exit,yja,bed_exit_failed,t057,"CSI_DATA,810673,1a:00:00:00:00:00,-64,11,-99,17,49,11,-345294123,47,2,256,0,""[0,0,0,0,0,0,0,0,0,0,0,0,-7,19,-15,23,-14,26,-17,28,-15,27,-30,30,-29,28,-20,25,-27,21,-35,34,-34,32,-29,33,-37,36,-36,36,-42,31,-41,27,-53,32,-42,26,-60,29,-66,42,-53,40,-60,27,-47,29,-59,41,-53,39,-51,39,-51,36,-56,37,-66,37,-55,40,-52,34,-63,44,-65,44,-60,44,-54,45,-51,40,-47,48,-46,62,-38,64,-42,66,-45,67,-43,61,-44,68,-41,73,-45,73,-46,75,-51,76,-43,81,-43,84,-30,90,-32,110,-21,90,-33,88,-42,113,-25,112,-35,113,-35,105,0,0,0,0,0,0,123,27,111,20,127,26,116,25,104,13,124,13,115,14,127,13,114,1,122,13,121,14,104,4,102,11,105,-9,113,-19,98,-23,105,-20,93,-24,102,-23,96,-20,97,-27,93,-35,115,-39,117,-31,99,-48,91,-28,86,-46,95,-61,82,-55,82,-60,78,-56,86,-52,88,-52,89,-56,81,-52,97,-60,101,-50,92,-48,93,-48,81,-37,74,-48,80,-61,79,-49,70,-51,74,-43,63,-34,75,-41,65,-40,74,-36,70,-30,66,-30,63,-26,60,-13,55,-24,59,-23,48,-20,43,-17,0,0,0,0,0,0,0,0,0,0]"""
1782318881771,2026-06-25T01:34:41.741,warning,bed_exit,yja,bed_exit_failed,t057,"CSI_DATA,810674,1a:00:00:00:00:00,-64,11,-99,18,49,11,-345278417,47,2,256,0,""[0,0,0,0,0,0,0,0,0,0,0,0,6,-24,7,-25,14,-31,16,-29,23,-29,17,-24,23,-28,26,-32,27,-24,44,-28,41,-23,41,-18,43,-18,52,-16,42,-16,59,-15,53,-10,58,-9,60,-5,57,-1,82,-1,60,-3,71,-4,65,4,67,12,59,10,67,15,56,9,81,16,69,19,62,10,55,19,74,4,70,23,74,10,67,14,74,25,68,23,87,29,86,20,80,12,78,30,73,31,80,11,59,21,93,19,78,30,99,9,103,28,102,33,85,36,88,39,86,35,106,39,108,52,92,45,109,40,0,0,0,0,0,0,61,-104,73,-120,53,-93,53,-102,79,-114,57,-76,83,-109,63,-88,81,-97,62,-78,59,-77,67,-97,66,-82,69,-102,64,-81,71,-73,66,-79,73,-85,53,-73,81,-86,64,-75,65,-81,59,-70,56,-78,65,-96,65,-79,72,-89,68,-76,80,-68,72,-68,76,-75,61,-76,100,-74,78,-62,70,-73,69,-48,78,-70,84,-55,79,-69,77,-55,89,-50,80,-30,93,-22,92,-29,79,-31,90,-23,71,-10,75,-24,59,-1,76,-14,60,2,71,-11,70,0,72,2,53,17,48,22,49,24,0,0,0,0,0,0,0,0,0,0]"""
1782318881782,2026-06-25T01:34:41.752,warning,bed_exit,yja,bed_exit_failed,t057,"CSI_DATA,810675,1a:00:00:00:00:00,-64,11,-99,18,49,11,-345269564,47,2,256,0,""[0,0,0,0,0,0,0,0,0,0,0,0,25,7,28,15,28,7,31,11,28,11,35,28,30,31,19,30,26,37,20,30,30,36,30,38,31,36,28,44,30,48,17,37,25,53,32,48,26,58,19,77,17,53,15,57,0,55,21,62,18,64,10,62,7,59,2,70,13,53,16,67,16,71,15,82,3,72,6,70,2,75,0,69,9,70,23,74,20,60,20,56,7,72,31,70,28,74,22,84,27,116,1,89,29,89,0,100,24,82,35,98,45,105,43,92,32,101,28,111,43,94,30,117,27,110,0,0,0,0,0,0,116,-31,99,-20,127,-34,114,-9,97,-18,125,-21,96,-29,117,-31,100,-28,124,-8,120,-2,108,0,113,-6,98,-1,113,-26,109,-20,99,-30,89,-25,110,-20,88,-29,100,-28,101,-34,108,-35,109,-23,93,-14,91,-21,94,-18,100,-42,98,-33,93,-24,88,-24,103,-15,79,-31,93,-36,99,-34,117,-34,101,4,95,-7,103,5,87,4,94,-7,104,-22,95,-13,76,-11,84,4,78,-4,83,-2,78,1,96,14,67,27,63,19,61,31,55,23,59,30,57,19,55,21,45,22,0,0,0,0,0,0,0,0,0,0]"""
1782318881793,2026-06-25T01:34:41.763,warning,bed_exit,yja,bed_exit_failed,t057,"CSI_DATA,810676,1a:00:00:00:00:00,-64,11,-99,17,49,11,-345258431,47,2,256,0,""[0,0,0,0,0,0,0,0,0,0,0,0,-19,13,-29,15,-22,7,-32,15,-33,15,-45,10,-43,4,-39,6,-33,3,-42,9,-44,11,-46,14,-46,12,-43,8,-50,9,-48,-3,-58,2,-54,2,-65,3,-74,0,-59,10,-60,-2,-53,-9,-71,4,-61,9,-67,0,-61,0,-64,0,-56,0,-72,5,-66,2,-84,7,-75,2,-69,2,-72,10,-62,5,-55,11,-75,27,-68,22,-62,23,-71,29,-69,22,-84,31,-71,36,-98,38,-86,34,-84,37,-86,35,-72,43,-71,60,-90,70,-71,60,-85,59,-94,62,-81,76,-88,73,-92,71,0,0,0,0,0,0,78,90,64,72,102,98,70,88,65,68,88,83,81,76,97,87,83,65,98,93,93,85,79,69,73,64,84,55,101,53,94,46,100,36,90,34,91,42,87,43,97,41,90,30,118,34,106,37,97,19,90,33,90,21,119,5,104,4,94,4,99,12,94,8,93,11,108,5,93,1,123,9,112,17,104,9,94,14,80,21,86,9,104,-3,95,0,75,0,84,4,74,9,86,15,74,6,83,24,75,19,68,17,56,24,53,18,60,11,68,16,47,18,51,14,0,0,0,0,0,0,0,0,0,0]"""
1782318881804,2026-06-25T01:34:41.774,warning,bed_exit,yja,bed_exit_failed,t057,"CSI_DATA,810677,1a:00:00:00:00:00,-64,11,-99,17,49,11,-345249802,47,2,256,0,""[0,0,0,0,0,0,0,0,0,0,0,0,23,-5,29,-2,22,3,37,0,30,0,39,6,40,1,33,7,40,8,32,12,50,9,49,11,48,18,42,22,49,23,38,22,54,32,44,16,52,47,60,42,47,32,43,48,40,32,57,41,54,41,48,39,47,36,52,44,43,41,57,54,48,42,67,57,49,50,52,50,50,47,49,41,52,37,68,33,63,35,59,38,64,46,60,31,83,39,71,40,91,54,86,45,85,38,86,42,70,49,79,42,111,38,85,29,100,41,91,40,100,40,110,49,100,52,0,0,0,0,0,0,53,-113,51,-76,55,-128,51,-101,31,-81,47,-118,49,-85,59,-112,39,-90,55,-124,53,-109,37,-94,41,-86,39,-83,23,-110,17,-106,19,-101,20,-87,28,-96,24,-90,22,-115,11,-86,32,-123,36,-111,14,-103,29,-99,13,-84,5,-103,9,-100,2,-99,9,-88,12,-97,12,-83,15,-111,9,-91,23,-125,28,-104,21,-95,30,-95,26,-77,16,-78,10,-104,18,-88,19,-79,31,-80,23,-65,28,-85,27,-67,45,-87,39,-61,30,-59,34,-53,36,-40,36,-42,37,-54,30,-45,31,-42,0,0,0,0,0,0,0,0,0,0]"""
1782318881815,2026-06-25T01:34:41.785,warning,bed_exit,yja,bed_exit_failed,t057,"CSI_DATA,810678,1a:00:00:00:00:00,-64,11,-99,19,49,11,-345241574,47,2,256,0,""[0,0,0,0,0,0,0,0,0,0,0,0,-19,-13,-26,-17,-14,-6,-21,-24,-20,-19,-24,-32,-23,-35,-14,-30,-22,-46,-7,-32,-11,-45,-8,-51,-6,-41,-4,-48,-10,-63,-3,-42,-15,-63,0,-47,3,-73,-3,-53,0,-42,5,-61,19,-48,15,-62,23,-68,26,-62,25,-58,30,-75,12,-46,19,-66,17,-56,28,-85,32,-62,19,-64,27,-65,32,-62,21,-55,26,-72,25,-63,24,-59,35,-72,8,-68,19,-94,28,-74,42,-113,35,-77,25,-99,45,-84,23,-82,39,-81,35,-103,36,-100,44,-110,37,-91,36,-98,56,-112,41,-96,0,0,0,0,0,0,-109,-51,-76,-42,-126,-81,-106,-62,-75,-55,-114,-70,-77,-46,-109,-69,-79,-38,-109,-91,-95,-69,-76,-64,-93,-64,-63,-63,-91,-71,-79,-67,-77,-70,-73,-65,-93,-78,-68,-44,-97,-60,-77,-50,-94,-78,-89,-65,-77,-63,-78,-56,-58,-61,-80,-61,-78,-63,-73,-68,-68,-63,-80,-82,-67,-39,-90,-61,-67,-56,-93,-95,-63,-75,-66,-70,-57,-80,-54,-72,-41,-67,-60,-75,-44,-72,-32,-64,-32,-82,-43,-57,-46,-74,-24,-62,-25,-99,-8,-65,-14,-67,0,-61,-6,-60,3,-46,0,-61,1,-53,5,-51,0,0,0,0,0,0,0,0,0,0]"""
1782318881826,2026-06-25T01:34:41.796,warning,bed_exit,yja,bed_exit_failed,t057,"CSI_DATA,810679,1a:00:00:00:00:00,-65,11,-99,14,50,11,-345229659,47,2,256,0,""[0,0,0,0,0,0,0,0,0,0,0,0,26,9,24,14,32,12,31,12,30,20,17,22,27,17,27,27,33,28,33,31,30,37,30,41,30,30,28,42,35,48,31,48,34,44,30,53,30,37,30,45,42,55,37,53,30,64,24,50,30,57,23,55,23,73,31,64,42,65,33,54,38,57,29,43,34,42,42,50,49,59,45,63,43,67,33,64,45,64,55,65,67,58,58,66,58,61,65,48,47,49,69,45,65,52,77,43,95,59,86,51,60,53,83,71,96,63,88,53,90,60,95,54,97,42,0,0,0,0,0,0,51,-113,59,-120,42,-83,50,-108,59,-120,45,-95,43,-113,38,-100,49,-111,37,-85,28,-86,30,-106,32,-117,30,-116,34,-87,40,-101,30,-100,28,-109,16,-108,13,-117,6,-103,17,-100,7,-82,-4,-88,0,-100,-13,-111,0,-113,1,-92,3,-104,0,-99,0,-112,-13,-103,-9,-114,-11,-102,-13,-95,0,-74,-19,-88,-15,-89,-22,-102,-7,-110,-3,-98,4,-83,7,-93,0,-94,0,-91,4,-82,8,-71,0,-75,0,-56,1,-62,6,-62,1,-66,7,-66,9,-61,11,-49,21,-48,21,-50,0,0,0,0,0,0,0,0,0,0]"""
1782318881837,2026-06-25T01:34:41.807,warning,bed_exit,yja,bed_exit_failed,t057,"CSI_DATA,810680,1a:00:00:00:00:00,-64,11,-99,17,49,11,-345218014,47,2,256,0,""[0,0,0,0,0,0,0,0,0,0,0,0,20,10,20,12,19,27,14,23,22,30,20,32,16,37,23,42,17,32,12,44,15,45,1,45,1,47,0,43,0,41,0,53,-6,46,0,54,-14,56,-18,72,-17,71,-18,50,-18,60,-24,67,-29,59,-25,51,-30,49,-21,51,-44,60,-29,55,-33,56,-39,57,-36,75,-36,63,-32,64,-26,55,-35,63,-38,67,-46,72,-42,64,-32,61,-47,70,-46,66,-40,80,-47,72,-40,93,-41,73,-36,82,-50,74,-55,88,-64,87,-49,66,-46,72,-69,92,-75,83,-62,80,-76,89,0,0,0,0,0,0,79,79,87,78,88,79,86,76,76,84,71,70,82,100,74,86,84,86,77,89,76,90,71,81,53,74,73,82,72,84,63,76,67,84,60,72,59,68,61,91,59,71,66,78,63,86,68,84,64,71,50,71,61,79,64,88,57,83,61,84,59,75,51,66,52,95,49,81,49,82,42,87,58,95,40,89,42,93,35,78,30,86,24,99,17,88,18,82,17,71,8,86,6,72,4,74,-1,68,6,79,-5,63,-4,65,-10,55,-14,51,-22,56,-20,42,-19,42,0,0,0,0,0,0,0,0,0,0]"""
1782318881848,2026-06-25T01:34:41.818,warning,bed_exit,yja,bed_exit_failed,t057,"CSI_DATA,810681,1a:00:00:00:00:00,-64,11,-99,19,49,11,-345208607,47,2,256,0,""[0,0,0,0,0,0,0,0,0,0,0,0,2,-24,2,-33,0,-22,-2,-34,2,-30,12,-40,18,-39,10,-32,21,-37,23,-32,18,-37,22,-39,29,-35,26,-41,32,-47,28,-30,39,-47,33,-40,46,-48,56,-46,42,-37,53,-36,48,-25,51,-39,53,-36,58,-36,57,-35,60,-41,46,-31,49,-35,56,-46,74,-44,63,-35,53,-36,57,-27,51,-38,56,-35,52,-59,57,-38,46,-34,58,-45,44,-52,59,-63,54,-56,81,-81,64,-56,71,-68,74,-53,59,-52,66,-65,74,-86,61,-79,74,-80,81,-75,67,-94,77,-80,78,-85,0,0,0,0,0,0,-85,-83,-77,-64,-94,-92,-84,-73,-64,-66,-99,-91,-69,-64,-90,-85,-79,-61,-93,-94,-84,-94,-68,-73,-73,-78,-62,-73,-94,-69,-84,-68,-74,-70,-74,-63,-83,-69,-73,-48,-86,-54,-86,-52,-95,-73,-85,-71,-74,-54,-77,-63,-72,-51,-89,-50,-86,-54,-80,-56,-77,-52,-86,-55,-77,-38,-91,-46,-87,-45,-105,-69,-69,-69,-70,-63,-68,-70,-63,-59,-63,-54,-83,-56,-59,-60,-52,-46,-60,-62,-53,-47,-59,-53,-50,-48,-51,-78,-37,-61,-34,-60,-22,-59,-25,-51,-25,-47,-27,-52,-20,-53,-15,-45,0,0,0,0,0,0,0,0,0,0]"""
1782318881859,2026-06-25T01:34:41.829,warning,bed_exit,yja,bed_exit_failed,t057,"CSI_DATA,810682,1a:00:00:00:00:00,-65,11,-99,19,49,11,-345195738,47,2,256,0,""[0,0,0,0,0,0,0,0,0,0,0,0,32,-5,29,-1,31,3,29,0,33,6,34,1,30,1,38,9,43,11,41,17,33,26,42,22,35,19,32,37,36,32,38,53,32,38,34,54,23,43,36,45,43,53,30,49,39,64,12,55,24,55,18,60,14,66,18,63,6,69,4,67,3,69,7,50,16,61,16,61,29,62,15,76,13,80,-3,66,9,72,0,85,7,80,-4,89,-9,81,-3,79,9,61,15,92,8,82,31,89,5,101,11,94,-13,81,-10,108,-12,101,0,108,-32,98,-12,102,-13,109,0,0,0,0,0,0,112,39,124,43,93,37,106,42,125,44,85,56,106,62,95,50,105,64,89,42,86,28,109,40,95,45,118,42,81,60,90,38,90,44,89,60,75,47,97,65,81,55,91,71,75,44,80,37,94,46,89,48,93,54,70,63,77,59,84,52,83,72,79,64,69,87,53,81,69,80,50,50,69,61,66,61,69,63,67,80,56,79,34,84,45,84,34,94,29,85,13,81,10,73,10,77,5,50,15,68,7,61,15,62,0,65,0,64,-11,46,-17,49,-16,44,0,0,0,0,0,0,0,0,0,0]"""
1782318881870,2026-06-25T01:34:41.840,warning,bed_exit,yja,bed_exit_failed,t057,"CSI_DATA,810683,1a:00:00:00:00:00,-65,11,-99,18,49,11,-345186650,47,2,256,0,""[0,0,0,0,0,0,0,0,0,0,0,0,-29,-7,-16,-12,-31,-7,-19,-7,-29,-15,-21,-19,-25,-20,-30,-29,-23,-26,-31,-31,-32,-29,-22,-38,-28,-34,-26,-39,-24,-37,-25,-60,-18,-46,-16,-59,-13,-45,-12,-56,-17,-67,-21,-50,-20,-68,-5,-60,-3,-56,-9,-66,-7,-65,-5,-51,-3,-73,-6,-61,0,-68,-5,-45,-15,-74,-9,-68,-11,-63,-7,-69,-5,-79,2,-78,0,-79,-2,-85,-11,-62,0,-97,-1,-77,-18,-78,-2,-65,-16,-98,-7,-84,-35,-86,-17,-93,-20,-94,-2,-91,-2,-99,-10,-92,-12,-121,-2,-104,-3,-88,-20,-112,0,0,0,0,0,0,-104,-2,-128,0,-92,3,-122,-4,-128,0,-96,-11,-128,-5,-97,-5,-126,-9,-102,-6,-101,-1,-122,1,-99,-4,-116,2,-103,-7,-102,-7,-100,-8,-103,-5,-83,-3,-117,-1,-83,-2,-113,-1,-83,6,-99,15,-108,11,-90,11,-110,8,-96,-2,-89,-12,-101,1,-108,-9,-85,3,-110,-11,-88,-12,-103,-5,-80,-8,-105,-2,-96,-10,-92,0,-96,-13,-94,-23,-80,-30,-77,-32,-82,-30,-73,-21,-77,-46,-59,-35,-71,-34,-42,-32,-67,-35,-50,-34,-55,-29,-46,-33,-44,-38,-28,-41,-27,-41,-25,-35,0,0,0,0,0,0,0,0,0,0]"""
1782318881881,2026-06-25T01:34:41.851,warning,bed_exit,yja,bed_exit_failed,t057,"CSI_DATA,810685,1a:00:00:00:00:00,-65,11,-99,19,49,11,-345162836,47,2,256,0,""[0,0,0,0,0,0,0,0,0,0,0,0,0,-25,0,-26,0,-35,0,-30,5,-32,11,-27,11,-26,14,-41,13,-37,7,-40,16,-37,21,-31,17,-45,21,-45,15,-35,27,-52,22,-44,21,-47,32,-38,19,-39,18,-46,29,-53,44,-56,27,-47,32,-50,45,-53,43,-60,31,-52,37,-64,33,-47,34,-70,23,-48,19,-65,26,-59,19,-64,32,-63,31,-72,29,-67,26,-72,17,-77,9,-72,29,-91,17,-71,-5,-78,8,-68,1,-91,12,-83,-9,-90,-1,-94,0,-96,1,-94,9,-104,-10,-102,-10,-117,-8,-102,-4,-98,-28,-107,0,0,0,0,0,0,-101,21,-122,29,-92,19,-113,36,-128,34,-94,22,-123,35,-95,33,-108,46,-92,32,-94,30,-102,48,-102,36,-94,61,-88,39,-94,36,-92,52,-89,56,-73,49,-102,58,-74,54,-79,76,-61,60,-59,71,-69,72,-64,64,-77,85,-64,70,-63,70,-70,74,-69,80,-50,77,-74,77,-60,72,-50,80,-44,52,-54,85,-55,70,-47,81,-56,74,-61,73,-63,61,-65,59,-58,67,-49,65,-60,63,-56,46,-44,61,-34,37,-48,51,-46,38,-41,48,-42,38,-45,40,-43,21,-44,27,-39,21,0,0,0,0,0,0,0,0,0,0]"""
1782318881892,2026-06-25T01:34:41.862,warning,bed_exit,yja,bed_exit_failed,t057,"CSI_DATA,810686,1a:00:00:00:00:00,-65,11,-99,18,49,11,-345153650,47,2,256,0,""[0,0,0,0,0,0,0,0,0,0,0,0,9,8,1,15,51,127,36,-4,37,44,-35,-41,-45,67,4,-20,86,-19,-66,-9,-19,70,19,80,40,16,10,20,-18,58,7,83,15,40,35,56,-1,40,17,78,0,40,37,54,-5,61,5,63,9,64,2,66,7,63,7,73,14,56,14,65,7,64,7,65,13,63,11,69,7,66,11,65,8,65,20,59,13,59,10,69,13,74,35,64,40,68,30,79,40,91,17,76,38,76,23,98,41,81,46,86,55,84,55,93,56,92,48,96,71,83,54,91,51,101,0,0,0,0,0,0,99,-65,94,-56,104,-59,99,-49,88,-56,103,-54,82,-54,102,-68,86,-59,99,-56,96,-54,94,-35,92,-54,93,-45,83,-55,90,-54,75,-56,74,-57,81,-57,60,-64,69,-68,75,-68,75,-70,68,-65,71,-58,76,-70,72,-59,61,-71,68,-71,62,-60,64,-61,82,-67,47,-79,51,-79,67,-78,73,-77,69,-53,71,-67,77,-54,65,-52,71,-55,67,-59,59,-59,61,-52,64,-45,53,-53,57,-56,66,-36,66,-33,48,-24,58,-25,55,-19,56,-26,53,-11,46,-19,49,-15,46,-7,0,0,0,0,0,0,0,0,0,0]"""
1782318881903,2026-06-25T01:34:41.873,warning,bed_exit,yja,bed_exit_failed,t057,"CSI_DATA,810687,1a:00:00:00:00:00,-65,11,-99,19,49,11,-345141127,47,2,256,0,""[0,0,0,0,0,0,0,0,0,0,0,0,7,20,9,24,9,23,12,29,9,31,7,40,2,40,0,32,-2,35,0,37,2,40,0,42,-1,48,-2,45,-3,51,-7,45,-7,49,-5,42,-15,62,-28,71,-17,64,-18,50,-10,47,-15,65,-15,65,-13,55,-15,55,-23,59,-24,55,-18,65,-18,55,-26,73,-30,71,-19,68,-28,67,-19,56,-15,63,-6,70,-3,78,-4,63,-7,77,-3,69,-3,81,-5,80,-4,94,-6,90,-1,88,-8,87,-5,85,4,94,10,112,15,88,7,94,5,98,15,110,9,119,5,108,0,0,0,0,0,0,119,-2,103,-13,126,-14,110,2,90,-7,116,-8,107,-10,121,-12,102,-22,122,-13,111,-1,108,-12,93,-5,98,-19,105,-37,95,-40,101,-32,85,-35,97,-33,78,-32,93,-37,81,-32,107,-43,108,-28,90,-38,84,-34,73,-32,86,-59,82,-52,76,-56,72,-48,83,-44,76,-44,92,-54,77,-54,108,-53,99,-37,87,-42,88,-33,75,-24,75,-32,77,-49,78,-38,69,-38,73,-29,68,-25,78,-23,64,-18,82,-19,66,-7,58,-7,60,-5,48,0,47,-2,57,-9,46,-7,38,-3,0,0,0,0,0,0,0,0,0,0]"""
1782318881914,2026-06-25T01:34:41.884,warning,bed_exit,yja,bed_exit_failed,t057,"CSI_DATA,810688,1a:00:00:00:00:00,-65,11,-99,21,49,11,-345127330,47,2,256,0,""[0,0,0,0,0,0,0,0,0,0,0,0,-15,16,-22,23,-14,22,-22,21,-20,25,-24,25,-35,24,-30,24,-37,28,-30,15,-33,24,-39,21,-43,18,-39,18,-51,23,-40,21,-50,20,-54,28,-52,21,-62,19,-54,11,-55,17,-55,14,-50,13,-62,14,-56,17,-61,17,-66,22,-48,23,-54,25,-63,27,-64,25,-59,23,-54,28,-62,26,-61,30,-58,35,-59,46,-56,38,-52,34,-63,38,-45,54,-48,62,-55,54,-66,73,-54,51,-55,71,-70,63,-62,72,-69,76,-45,81,-54,90,-55,87,-54,89,-47,94,-57,94,-56,89,0,0,0,0,0,0,102,63,94,57,105,51,106,59,86,44,106,53,90,37,106,40,95,36,106,48,107,40,87,36,102,28,86,42,99,29,97,28,92,25,89,16,102,32,90,3,100,3,102,8,92,7,97,9,91,11,104,0,91,6,92,-6,97,-5,91,-10,94,-5,103,-1,81,-23,86,-23,101,-16,103,-16,86,0,90,-14,96,0,93,-16,88,-7,88,-18,81,-12,75,-8,80,-1,70,-16,79,-14,74,2,80,5,54,7,65,3,57,15,62,0,52,10,54,11,44,5,43,7,0,0,0,0,0,0,0,0,0,0]"""
1782318881925,2026-06-25T01:34:41.895,warning,bed_exit,yja,bed_exit_failed,t057,"CSI_DATA,810689,1a:00:00:00:00:00,-65,11,-99,15,50,11,-345120650,47,2,256,0,""[0,0,0,0,0,0,0,0,0,0,0,0,-20,13,-15,13,-27,15,-17,13,-32,14,-22,10,-33,17,-40,12,-30,11,-48,13,-42,3,-39,0,-46,0,-44,-6,-41,0,-59,-6,-51,-6,-52,-18,-50,-21,-49,-3,-63,-12,-53,-15,-63,-20,-47,-21,-46,-27,-48,-31,-48,-32,-45,-18,-68,-37,-61,-37,-58,-30,-57,-30,-38,-25,-58,-24,-68,-22,-53,-13,-50,-29,-54,-43,-69,-35,-61,-52,-70,-29,-72,-41,-63,-47,-75,-24,-52,-30,-89,9,-66,-25,-89,-14,-118,-55,-106,-37,-77,-41,-77,-59,-82,-7,-106,-51,-99,-58,-77,-40,-107,-43,0,0,0,0,0,0,-43,106,-61,113,-40,94,-51,98,-57,114,-49,82,-66,110,-50,94,-66,107,-59,77,-40,81,-47,109,-51,82,-54,108,-54,84,-56,77,-52,83,-57,88,-36,83,-65,98,-42,77,-50,87,-39,77,-32,79,-39,102,-36,88,-48,102,-47,88,-50,83,-52,80,-48,86,-36,79,-59,94,-54,81,-46,78,-46,63,-38,90,-47,73,-46,85,-57,74,-63,71,-64,56,-74,57,-70,59,-59,57,-66,46,-62,34,-50,45,-38,24,-56,42,-51,24,-51,39,-52,24,-55,18,-46,9,-48,8,-43,1,0,0,0,0,0,0,0,0,0,0]"""
1782318881936,2026-06-25T01:34:41.906,warning,bed_exit,yja,bed_exit_failed,t057,"CSI_DATA,810690,1a:00:00:00:00:00,-65,11,-99,19,49,11,-345108245,47,2,256,0,""[0,0,0,0,0,0,0,0,0,0,0,0,-16,-15,-18,-17,-17,-23,-20,-28,-16,-28,-15,-26,-18,-29,-16,-29,-18,-30,-10,-32,-6,-39,-9,-35,-7,-42,0,-50,0,-56,-9,-46,-3,-48,8,-52,0,-55,10,-57,15,-63,6,-61,7,-54,19,-57,16,-58,13,-57,22,-60,23,-58,10,-63,14,-56,19,-58,16,-57,8,-68,8,-64,14,-72,12,-66,15,-69,22,-62,17,-76,15,-74,18,-72,7,-75,11,-74,20,-80,11,-73,16,-77,0,-77,1,-89,8,-89,12,-99,14,-91,15,-95,18,-98,12,-99,19,-100,13,-104,18,-105,0,0,0,0,0,0,-108,-24,-123,-33,-101,-29,-100,-31,-115,-32,-101,-35,-108,-25,-102,-28,-107,-36,-96,-25,-98,-14,-95,-26,-108,-15,-105,-27,-90,-40,-93,-24,-95,-25,-94,-24,-101,-32,-99,-13,-91,-15,-95,-24,-92,-17,-94,-12,-96,-18,-100,-7,-94,-15,-94,-22,-93,-23,-95,-15,-90,-23,-97,-26,-104,-13,-93,-18,-96,-25,-91,-16,-90,-18,-94,-17,-89,-22,-90,-21,-82,-27,-77,-35,-76,-35,-74,-44,-65,-47,-63,-40,-62,-35,-52,-42,-54,-40,-49,-36,-54,-40,-46,-40,-43,-40,-36,-32,-30,-44,-29,-36,-21,-39,0,0,0,0,0,0,0,0,0,0]"""
1782318881947,2026-06-25T01:34:41.917,warning,bed_exit,yja,bed_exit_failed,t057,"CSI_DATA,810691,1a:00:00:00:00:00,-65,11,-99,20,49,11,-345098650,47,2,256,0,""[0,0,0,0,0,0,0,0,0,0,0,0,-30,-3,-28,0,-30,-4,-25,-10,-25,-16,-28,-6,-33,-4,-36,-10,-33,-18,-34,-20,-31,-27,-29,-28,-30,-28,-30,-40,-25,-36,-34,-48,-21,-38,-20,-48,-20,-34,-19,-42,-37,-57,-22,-48,-33,-54,-9,-53,-19,-55,-21,-55,-11,-61,-15,-55,-6,-67,-3,-63,0,-66,-6,-53,-7,-63,-13,-57,-12,-60,-15,-80,-17,-74,-4,-62,-12,-65,-7,-80,-4,-69,-4,-81,-5,-75,0,-78,-13,-65,-19,-86,-19,-76,-29,-85,-19,-96,-16,-94,-6,-82,-6,-94,-4,-93,-17,-107,14,-98,-9,-90,0,-105,0,0,0,0,0,0,-103,-20,-123,-20,-83,-10,-105,-25,-121,-20,-92,-33,-113,-37,-93,-21,-105,-42,-89,-14,-88,-10,-104,-12,-102,-8,-115,-12,-92,-33,-92,-13,-100,-20,-98,-28,-88,-34,-105,-28,-83,-28,-101,-37,-78,-23,-86,-22,-91,-22,-94,-20,-105,-15,-83,-38,-87,-25,-97,-21,-91,-31,-83,-35,-98,-49,-76,-44,-83,-49,-68,-31,-88,-33,-80,-36,-84,-26,-87,-44,-83,-52,-65,-55,-67,-49,-61,-61,-57,-55,-45,-66,-34,-61,-34,-58,-32,-42,-37,-54,-32,-46,-35,-49,-25,-50,-25,-52,-8,-45,-12,-42,-2,-43,0,0,0,0,0,0,0,0,0,0]"""
1782318881958,2026-06-25T01:34:41.928,warning,bed_exit,yja,bed_exit_failed,t057,"CSI_DATA,810692,1a:00:00:00:00:00,-65,11,-99,16,50,11,-345087650,47,2,256,0,""[0,0,0,0,0,0,0,0,0,0,0,0,12,22,10,17,14,25,7,30,8,35,9,30,5,35,3,40,-3,35,-7,42,-6,42,-10,35,-17,39,-18,42,-12,42,-29,53,-19,39,-31,47,-30,35,-35,53,-34,53,-40,35,-42,50,-47,38,-48,26,-53,35,-50,38,-34,39,-63,42,-51,27,-51,38,-44,21,-54,37,-61,27,-54,26,-58,36,-63,32,-57,27,-69,20,-75,37,-58,37,-72,33,-65,26,-69,46,-50,26,-70,49,-72,28,-67,52,-91,33,-89,35,-83,28,-82,29,-75,32,-105,40,-102,23,-88,23,-97,38,0,0,0,0,0,0,12,100,20,124,16,94,25,95,21,127,19,89,9,127,9,104,4,118,0,94,1,92,6,113,-1,88,7,112,1,95,0,92,-5,100,-6,105,0,83,-6,109,-2,87,5,102,-7,86,-4,91,0,105,-13,86,-6,103,-10,101,-22,92,-17,94,-17,95,-6,83,-29,115,-21,89,-15,95,-32,79,-20,97,-38,80,-32,90,-42,81,-46,82,-53,71,-61,62,-55,64,-47,60,-61,57,-42,42,-44,55,-39,30,-48,48,-54,31,-50,35,-50,21,-53,20,-49,10,-42,7,-42,4,0,0,0,0,0,0,0,0,0,0]"""
1782318881969,2026-06-25T01:34:41.939,warning,bed_exit,yja,bed_exit_failed,t057,"CSI_DATA,810693,1a:00:00:00:00:00,-65,11,-99,17,50,11,-345076643,47,2,256,0,""[0,0,0,0,0,0,0,0,0,0,0,0,1,-24,0,-25,5,-23,2,-29,4,-29,3,-28,6,-33,14,-25,7,-36,14,-33,14,-33,12,-37,15,-46,17,-45,21,-52,12,-36,14,-45,18,-48,21,-49,16,-48,23,-37,12,-67,30,-42,23,-53,20,-55,18,-53,21,-47,25,-55,0,-55,4,-62,12,-56,14,-69,7,-57,4,-65,12,-63,0,-65,0,-54,-9,-57,-6,-65,-9,-62,-4,-74,-24,-59,-32,-65,-28,-80,-26,-81,-18,-69,-33,-70,-22,-84,-46,-79,-47,-83,-62,-79,-60,-71,-55,-75,-55,-73,-76,-70,-69,-81,-71,-79,0,0,0,0,0,0,-74,91,-78,81,-76,93,-66,80,-61,67,-63,85,-50,90,-53,100,-55,91,-53,85,-54,95,-52,72,-36,93,-46,89,-33,89,-31,99,-25,96,-22,88,-32,103,3,84,3,95,-6,102,-2,104,-6,103,-7,90,7,99,-3,87,18,95,14,94,16,83,15,85,13,99,44,86,45,84,34,97,31,104,18,85,35,87,21,93,31,78,21,86,31,81,28,70,27,69,22,74,36,64,35,62,22,69,22,72,12,54,12,58,5,55,20,61,5,49,18,50,11,46,7,45,0,0,0,0,0,0,0,0,0,0]"""
1782318881980,2026-06-25T01:34:41.950,warning,bed_exit,yja,bed_exit_failed,t057,"CSI_DATA,810694,1a:00:00:00:00:00,-65,11,-99,20,49,11,-345064729,47,2,256,0,""[0,0,0,0,0,0,0,0,0,0,0,0,-9,-20,-5,-25,-6,-34,2,-23,3,-33,2,-26,1,-28,9,-37,11,-31,15,-42,13,-30,21,-34,21,-39,31,-41,31,-33,43,-42,32,-32,37,-33,36,-21,42,-29,51,-42,49,-23,56,-32,49,-20,57,-12,57,-17,62,-20,47,-15,70,-8,56,-12,58,-18,53,0,58,-12,61,-5,64,-17,66,-12,64,-3,61,-6,76,1,77,-7,79,-8,81,3,71,0,76,-14,60,0,87,-15,68,0,81,-17,98,0,92,2,83,10,95,9,95,1,100,-2,105,20,95,19,101,14,0,0,0,0,0,0,25,-103,35,-120,33,-91,30,-95,36,-116,42,-82,51,-117,40,-96,54,-96,40,-79,35,-80,48,-106,47,-81,50,-102,50,-72,51,-78,45,-84,57,-82,47,-77,59,-93,47,-70,54,-78,46,-65,55,-68,55,-82,56,-74,64,-83,61,-75,71,-66,59,-68,72,-76,57,-69,83,-72,77,-61,71,-61,59,-41,72,-63,72,-51,70,-53,88,-49,90,-33,72,-22,80,-19,86,-23,74,-21,78,-9,67,3,67,-14,52,0,64,0,53,9,63,-1,62,7,57,9,42,28,42,26,38,22,0,0,0,0,0,0,0,0,0,0]"""
1782318881991,2026-06-25T01:34:41.961,warning,bed_exit,yja,bed_exit_failed,t057,"CSI_DATA,810695,1a:00:00:00:00:00,-65,11,-99,18,50,11,-345053517,47,2,256,0,""[0,0,0,0,0,0,0,0,0,0,0,0,-9,18,-11,28,-10,17,-11,29,-6,25,-21,33,-24,28,-15,20,-14,22,-19,27,-19,39,-17,35,-22,43,-23,37,-32,50,-28,31,-34,38,-26,33,-43,45,-38,50,-31,43,-41,37,-30,32,-35,52,-36,50,-32,44,-32,42,-36,50,-32,38,-46,52,-26,42,-47,63,-41,59,-30,58,-35,55,-27,47,-23,42,-19,67,-18,71,-10,61,-19,74,-11,55,-5,78,-2,69,-10,94,-11,79,-3,80,-8,76,0,80,4,79,23,100,17,81,17,94,13,96,23,99,22,111,19,98,0,0,0,0,0,0,104,-31,82,-32,125,-48,104,-32,68,-28,109,-45,85,-34,110,-54,74,-46,111,-55,93,-43,81,-50,78,-41,68,-50,74,-73,62,-71,63,-71,54,-66,69,-71,55,-56,64,-80,42,-62,66,-97,65,-85,43,-82,51,-66,30,-70,31,-98,23,-87,24,-86,22,-80,33,-88,24,-73,32,-96,26,-80,39,-120,42,-93,26,-87,35,-88,34,-68,21,-73,10,-90,19,-83,16,-69,22,-78,12,-60,20,-73,19,-63,28,-78,26,-56,23,-53,25,-48,24,-40,14,-42,18,-55,18,-40,15,-42,0,0,0,0,0,0,0,0,0,0]"""
1782318882002,2026-06-25T01:34:41.972,warning,bed_exit,yja,bed_exit_failed,t057,"CSI_DATA,810696,1a:00:00:00:00:00,-65,11,-99,18,50,11,-345043650,47,2,256,0,""[0,0,0,0,0,0,0,0,0,0,0,0,-9,-25,-8,-19,-6,-27,-3,-28,-3,-36,-2,-28,-4,-30,-1,-34,0,-30,7,-42,7,-37,17,-39,19,-39,17,-40,20,-37,24,-52,18,-40,28,-43,32,-32,18,-36,33,-32,36,-51,44,-45,43,-33,46,-36,42,-38,45,-37,33,-37,55,-43,42,-40,45,-40,37,-28,42,-41,52,-39,42,-48,44,-50,57,-45,42,-36,62,-37,63,-48,51,-50,57,-57,46,-41,54,-56,42,-37,54,-64,57,-55,53,-65,63,-65,78,-65,65,-51,75,-58,63,-61,77,-67,78,-62,66,-51,74,-69,0,0,0,0,0,0,-56,-79,-72,-99,-52,-66,-62,-81,-72,-103,-46,-69,-65,-101,-50,-78,-57,-96,-52,-71,-49,-73,-59,-83,-55,-82,-58,-98,-40,-80,-38,-82,-48,-88,-43,-87,-47,-74,-56,-86,-50,-66,-60,-84,-37,-63,-45,-68,-54,-86,-62,-74,-50,-85,-42,-80,-42,-85,-42,-78,-47,-86,-52,-70,-49,-96,-41,-73,-47,-80,-23,-68,-40,-76,-34,-80,-37,-82,-39,-79,-19,-90,-13,-73,-6,-85,-6,-91,-9,-71,-3,-86,0,-67,-6,-69,0,-50,-3,-64,5,-58,1,-51,10,-55,20,-50,14,-41,20,-38,19,-35,0,0,0,0,0,0,0,0,0,0]"""
1782318882013,2026-06-25T01:34:41.983,warning,bed_exit,yja,bed_exit_failed,t057,"CSI_DATA,810697,1a:00:00:00:00:00,-65,11,-99,17,50,11,-345024921,47,2,256,0,""[0,0,0,0,0,0,0,0,0,0,0,0,-8,-24,-3,-25,0,-30,4,-25,9,-32,0,-26,5,-28,5,-37,10,-35,10,-41,15,-31,16,-37,19,-36,30,-38,30,-30,37,-36,34,-30,40,-37,28,-30,37,-40,44,-44,42,-31,38,-48,45,-26,46,-36,40,-33,52,-25,46,-25,62,-32,54,-25,54,-29,37,-20,44,-38,45,-37,45,-40,51,-41,50,-46,56,-29,64,-36,69,-40,62,-43,68,-38,60,-35,64,-42,29,-33,49,-55,53,-54,41,-70,71,-57,66,-60,69,-38,75,-54,70,-54,68,-62,85,-48,74,-59,80,-67,0,0,0,0,0,0,-53,-86,-61,-104,-46,-73,-50,-86,-63,-98,-33,-86,-46,-102,-43,-86,-36,-104,-45,-75,-45,-65,-61,-78,-54,-83,-66,-81,-34,-74,-54,-73,-53,-76,-49,-84,-45,-77,-50,-84,-48,-78,-46,-87,-48,-61,-49,-65,-56,-70,-60,-70,-72,-75,-46,-78,-61,-75,-59,-70,-56,-84,-50,-69,-42,-95,-33,-84,-38,-82,-37,-61,-53,-68,-46,-70,-55,-72,-46,-78,-46,-74,-6,-71,-25,-77,-16,-85,-22,-78,-6,-79,0,-67,-4,-66,-4,-46,-9,-59,-8,-55,-14,-54,5,-62,-3,-54,10,-43,6,-45,12,-44,0,0,0,0,0,0,0,0,0,0]"""
1782318882024,2026-06-25T01:34:41.994,warning,bed_exit,yja,bed_exit_failed,t057,"CSI_DATA,810698,1a:00:00:00:00:00,-65,11,-99,13,51,11,-345021619,47,2,256,0,""[0,0,0,0,0,0,0,0,0,0,0,0,24,1,22,2,30,13,30,14,25,14,21,12,24,14,31,20,30,24,43,22,31,22,32,22,30,30,28,32,26,38,35,46,29,39,27,44,18,46,42,30,53,45,29,49,44,44,21,36,25,47,24,45,35,56,33,45,35,57,22,48,31,42,24,39,48,41,42,50,41,50,47,54,43,47,36,44,50,53,59,55,55,45,48,58,42,49,63,42,37,30,69,38,53,46,73,29,85,54,75,50,52,46,71,59,71,54,78,49,79,62,80,55,84,49,0,0,0,0,0,0,52,-82,64,-105,41,-77,48,-94,57,-104,44,-76,67,-96,50,-86,60,-91,38,-80,30,-69,32,-99,43,-91,32,-103,31,-73,30,-84,30,-86,39,-90,23,-92,32,-102,24,-82,24,-94,21,-75,12,-81,14,-97,11,-94,10,-100,14,-81,14,-94,6,-90,14,-102,2,-87,22,-100,14,-91,1,-83,14,-63,0,-86,13,-86,-1,-94,14,-89,20,-87,22,-68,26,-78,24,-86,19,-79,31,-72,29,-61,17,-67,16,-43,20,-58,25,-48,10,-58,32,-54,21,-46,27,-35,27,-35,26,-34,0,0,0,0,0,0,0,0,0,0]"""
1782318882035,2026-06-25T01:34:42.005,warning,bed_exit,yja,bed_exit_failed,t057,"CSI_DATA,810699,1a:00:00:00:00:00,-66,11,-99,18,50,11,-345010650,47,2,256,0,""[0,0,0,0,0,0,0,0,0,0,0,0,-24,0,-25,0,-27,-8,-23,0,-32,-11,-27,-11,-32,-12,-36,-11,-28,-11,-37,-16,-36,-21,-31,-19,-30,-24,-34,-32,-19,-25,-34,-50,-28,-39,-20,-50,-14,-37,-28,-45,-27,-40,-16,-50,-22,-64,-16,-52,-19,-51,-20,-54,-12,-53,-7,-51,-3,-61,6,-49,3,-63,-1,-47,-7,-62,3,-58,-8,-60,-6,-63,-4,-69,0,-71,-4,-69,-6,-74,-7,-57,13,-78,10,-71,3,-64,0,-57,0,-94,9,-74,-12,-75,11,-81,0,-87,7,-81,12,-86,11,-84,14,-110,20,-95,12,-73,19,-105,0,0,0,0,0,0,-82,-30,-105,-39,-82,-23,-94,-46,-117,-52,-80,-45,-99,-56,-78,-40,-90,-59,-79,-51,-77,-51,-99,-45,-71,-50,-97,-48,-86,-45,-76,-37,-83,-41,-76,-42,-57,-44,-90,-68,-61,-45,-79,-61,-64,-42,-75,-49,-81,-53,-62,-55,-88,-53,-71,-51,-72,-50,-78,-51,-73,-55,-56,-50,-64,-84,-46,-68,-55,-72,-42,-53,-55,-79,-45,-74,-51,-63,-33,-76,-37,-81,-37,-84,-35,-75,-26,-75,-21,-64,-4,-82,0,-67,-5,-68,-2,-47,-4,-71,6,-60,-2,-56,16,-50,5,-57,18,-45,19,-38,20,-36,0,0,0,0,0,0,0,0,0,0]"""
1782318882046,2026-06-25T01:34:42.016,warning,bed_exit,yja,bed_exit_failed,t057,"CSI_DATA,810700,1a:00:00:00:00:00,-66,11,-99,16,50,11,-344999650,47,2,256,0,""[0,0,0,0,0,0,0,0,0,0,0,0,-9,53,0,51,95,42,-50,17,26,-5,-42,85,69,63,-63,85,-71,48,54,98,18,15,-22,0,-1,51,0,19,-21,-20,-59,53,-1,29,-40,67,-48,19,-46,39,-33,35,-43,23,-49,36,-46,28,-48,27,-50,25,-49,31,-39,34,-58,32,-49,20,-44,39,-44,30,-49,42,-56,30,-58,33,-48,36,-49,40,-55,42,-55,35,-53,49,-43,34,-59,50,-46,46,-53,60,-45,39,-48,65,-56,50,-56,64,-60,66,-61,57,-67,54,-66,51,-58,61,-79,80,-70,61,-66,56,-73,76,0,0,0,0,0,0,73,61,73,83,63,66,79,60,87,78,74,58,82,85,59,61,76,81,61,64,68,62,70,72,62,63,75,74,73,66,59,59,70,66,78,66,62,42,80,68,65,47,87,49,64,52,75,45,78,53,67,51,83,57,75,54,69,62,75,54,79,48,63,35,85,71,64,52,81,50,58,53,85,51,63,62,71,52,61,57,57,62,55,57,47,72,53,67,50,53,47,63,29,49,42,53,26,42,42,54,26,53,33,49,24,46,23,55,11,42,7,41,4,39,0,0,0,0,0,0,0,0,0,0]"""
1782318882057,2026-06-25T01:34:42.027,warning,bed_exit,yja,bed_exit_failed,t057,"CSI_DATA,810701,1a:00:00:00:00:00,-65,11,-99,17,50,11,-344987433,47,2,256,0,""[0,0,0,0,0,0,0,0,0,0,0,0,7,-22,4,-25,10,-30,9,-26,13,-22,6,-24,1,-26,1,-37,8,-41,13,-39,17,-30,22,-33,15,-31,32,-33,27,-40,26,-54,26,-41,31,-44,24,-38,12,-32,26,-38,15,-55,30,-53,30,-34,31,-45,26,-43,34,-54,20,-56,29,-52,29,-44,22,-61,18,-43,8,-50,5,-52,0,-64,6,-69,8,-72,16,-59,7,-61,13,-70,1,-68,0,-76,-6,-73,-4,-75,-10,-61,-23,-70,-29,-74,-40,-70,-46,-78,-33,-83,-12,-73,-30,-97,-43,-85,-40,-74,-28,-90,-50,-80,-46,-74,0,0,0,0,0,0,-78,70,-93,59,-75,51,-80,70,-86,68,-91,54,-87,54,-72,64,-73,65,-64,57,-46,70,-49,85,-50,89,-50,86,-62,60,-59,80,-44,71,-56,77,-39,85,-37,89,-28,82,-30,88,-17,70,0,83,-6,90,0,102,-2,97,-23,78,-14,91,-4,85,-13,102,5,92,-2,93,0,88,6,88,6,72,18,73,22,82,28,86,22,98,11,89,-6,73,-2,83,-6,80,3,78,6,70,3,66,6,71,-2,49,16,54,12,54,14,55,8,57,6,54,-11,46,-7,47,-5,41,0,0,0,0,0,0,0,0,0,0]"""
1782318882068,2026-06-25T01:34:42.038,warning,bed_exit,yja,bed_exit_failed,t057,"CSI_DATA,810702,1a:00:00:00:00:00,-66,11,-99,19,50,11,-344977650,47,2,256,0,""[0,0,0,0,0,0,0,0,0,0,0,0,16,13,21,18,25,16,27,16,21,21,20,21,19,31,10,28,20,41,13,32,12,36,15,41,12,39,9,41,10,53,8,42,12,46,4,56,4,47,0,49,-15,41,5,56,-14,51,-2,54,-6,62,-10,56,-12,57,-14,57,0,56,-2,58,-13,60,-8,60,-16,58,-16,61,-17,63,-14,61,-14,58,-8,61,-3,58,2,61,-15,72,4,71,6,71,-7,80,-18,84,-15,61,-17,81,-21,83,-8,85,-13,85,4,88,-7,95,-11,97,-9,92,3,95,-12,97,-6,96,0,0,0,0,0,0,104,9,102,22,98,25,98,27,101,26,101,26,91,20,105,21,95,21,92,25,93,36,82,45,104,26,86,31,86,24,91,32,87,24,91,24,94,28,82,6,87,9,92,22,90,22,85,19,81,37,94,12,78,36,84,14,90,27,85,23,90,23,89,34,87,9,88,9,86,28,89,30,74,32,76,38,83,46,78,41,71,42,69,32,68,37,63,38,61,50,61,33,58,31,53,51,49,50,33,41,38,49,30,52,33,46,26,42,24,42,20,36,15,46,0,0,0,0,0,0,0,0,0,0]"""
1782318882079,2026-06-25T01:34:42.049,warning,bed_exit,yja,bed_exit_failed,t057,"CSI_DATA,810703,1a:00:00:00:00:00,-66,11,-99,20,50,11,-344966650,47,2,256,0,""[0,0,0,0,0,0,0,0,0,0,0,0,-4,23,-1,21,-10,27,-4,20,-8,23,-13,30,-17,37,-18,36,-16,26,-16,32,-20,35,-25,35,-20,34,-30,35,-27,26,-36,45,-34,32,-40,42,-30,37,-43,34,-53,44,-37,34,-47,47,-43,35,-41,30,-48,41,-47,34,-23,29,-50,52,-39,35,-39,59,-32,27,-39,40,-51,58,-40,42,-31,41,-57,50,-48,60,-32,62,-54,67,-14,49,-38,75,-30,55,-25,80,-13,52,-8,64,-34,64,-5,82,-31,97,-8,74,-33,62,-54,83,-37,74,-27,97,-24,101,-25,74,-18,113,0,0,0,0,0,0,86,14,111,30,81,12,101,11,122,13,79,11,118,20,79,10,103,13,90,9,89,0,107,-5,88,0,97,-8,95,2,90,-4,94,-8,91,-7,69,-12,99,-17,81,-12,98,-18,70,-13,81,-30,93,-34,79,-30,91,-36,86,-28,81,-29,90,-34,86,-34,72,-34,98,-30,78,-26,86,-35,66,-25,83,-46,85,-34,69,-40,79,-35,79,-35,75,-19,74,-18,83,-20,59,-27,83,-17,63,-10,64,-18,52,-11,69,-19,58,-9,57,-15,47,-10,52,-6,47,-2,40,1,39,3,0,0,0,0,0,0,0,0,0,0]"""
1782318882090,2026-06-25T01:34:42.060,warning,bed_exit,yja,bed_exit_failed,t057,"CSI_DATA,810704,1a:00:00:00:00:00,-66,11,-99,18,50,11,-344954276,47,2,256,0,""[0,0,0,0,0,0,0,0,0,0,0,0,15,-24,15,-17,20,-32,16,-22,21,-17,20,-25,21,-21,26,-29,37,-18,23,-25,21,-34,22,-29,36,-25,36,-28,34,-22,43,-27,44,-22,43,-24,50,-26,52,-12,63,-32,48,-16,49,-36,50,-23,46,-24,48,-26,50,-28,42,-27,60,-19,55,-23,50,-24,49,-22,57,-39,54,-30,52,-35,47,-42,48,-44,52,-44,46,-42,48,-50,50,-42,65,-45,56,-50,50,-49,42,-45,41,-77,48,-55,37,-74,53,-65,38,-64,46,-67,50,-72,42,-81,42,-89,51,-75,44,-81,47,-86,0,0,0,0,0,0,-94,-35,-99,-42,-94,-35,-93,-37,-99,-34,-86,-30,-96,-43,-87,-42,-102,-35,-104,-25,-93,-24,-104,-16,-81,-26,-98,-12,-93,-5,-86,-6,-92,-3,-86,-6,-75,-3,-99,-12,-90,-1,-90,1,-85,0,-94,7,-90,19,-79,0,-91,25,-94,19,-88,20,-86,24,-85,22,-74,32,-104,7,-87,10,-77,19,-81,14,-92,27,-85,11,-82,24,-83,14,-84,26,-80,16,-79,11,-75,13,-69,15,-75,-1,-71,-2,-63,13,-60,5,-72,7,-54,3,-54,8,-51,-5,-54,0,-48,-2,-46,-2,-38,-4,0,0,0,0,0,0,0,0,0,0]"""
1782318882101,2026-06-25T01:34:42.071,warning,bed_exit,yja,bed_exit_failed,t057,"CSI_DATA,810705,1a:00:00:00:00:00,-66,11,-99,14,51,11,-344942801,47,2,256,0,""[0,0,0,0,0,0,0,0,0,0,0,0,-9,-19,-11,-23,-10,-21,-19,-30,-7,-29,-9,-32,-1,-36,-2,-27,-2,-32,-2,-35,0,-37,3,-43,-6,-45,-6,-45,0,-59,0,-36,0,-48,5,-42,0,-63,14,-59,23,-50,3,-50,16,-42,8,-55,2,-58,6,-50,9,-48,15,-62,-4,-49,1,-68,12,-55,5,-78,6,-61,2,-63,10,-63,0,-63,0,-47,-9,-64,-18,-69,-9,-60,-4,-73,-17,-55,-24,-71,-16,-75,-26,-89,-12,-74,-24,-71,-11,-80,-26,-72,-32,-74,-49,-83,-49,-70,-41,-84,-39,-71,-51,-76,-55,-92,-41,-93,0,0,0,0,0,0,-107,50,-74,44,-111,56,-91,43,-67,36,-93,55,-67,48,-97,70,-75,45,-105,54,-88,48,-76,33,-74,63,-64,45,-73,62,-71,68,-63,68,-55,68,-78,66,-37,58,-58,73,-51,57,-61,86,-55,71,-52,63,-55,81,-42,56,-37,82,-40,82,-32,71,-40,66,-54,78,-23,73,-35,85,-39,71,-50,102,-54,78,-42,74,-55,73,-40,70,-42,61,-33,75,-31,72,-32,61,-45,56,-26,55,-36,68,-47,50,-53,59,-38,40,-41,43,-43,35,-34,40,-35,30,-34,35,-32,32,-37,32,0,0,0,0,0,0,0,0,0,0]"""
1782318882112,2026-06-25T01:34:42.082,warning,bed_exit,yja,bed_exit_failed,t057,"CSI_DATA,810706,1a:00:00:00:00:00,-65,11,-99,18,50,11,-344933438,47,2,256,0,""[0,0,0,0,0,0,0,0,0,0,0,0,24,8,22,13,35,15,24,6,30,24,23,16,32,16,27,19,35,19,40,19,28,29,31,26,35,19,37,33,38,31,42,32,37,36,32,40,34,26,43,20,44,19,52,32,43,34,38,41,49,37,47,32,42,44,37,37,60,37,38,25,48,36,51,18,56,21,58,11,65,10,64,11,66,21,58,24,65,5,71,11,68,12,76,11,63,12,81,12,50,-3,63,-11,64,-16,73,-27,87,-28,90,-25,86,-16,85,-19,86,-26,94,-27,97,-19,79,-37,86,-43,0,0,0,0,0,0,-43,-89,-45,-104,-41,-71,-46,-94,-56,-99,-33,-80,-58,-89,-52,-72,-59,-97,-63,-60,-65,-57,-65,-64,-79,-60,-86,-54,-56,-69,-72,-51,-74,-52,-81,-58,-74,-51,-76,-48,-69,-32,-81,-46,-75,-14,-79,-15,-81,-11,-97,-7,-94,-15,-82,-28,-88,-13,-86,-6,-91,-18,-83,-10,-94,-13,-88,-11,-95,-17,-71,0,-93,7,-87,17,-86,20,-84,11,-81,9,-79,-11,-83,12,-85,-8,-78,-2,-81,-4,-63,-10,-69,-1,-53,6,-61,6,-52,8,-54,11,-57,6,-48,-5,-44,-6,-41,-6,-37,-7,0,0,0,0,0,0,0,0,0,0]"""
1782318882123,2026-06-25T01:34:42.093,warning,bed_exit,yja,bed_exit_failed,t057,"CSI_DATA,810707,1a:00:00:00:00:00,-66,11,-99,19,50,11,-344922407,47,2,256,0,""[0,0,0,0,0,0,0,0,0,0,0,0,1,21,-2,33,0,23,0,33,0,31,-1,32,-7,34,-6,26,-2,43,-14,31,-9,38,-20,39,-18,47,-16,39,-19,54,-9,36,-16,48,-14,49,-17,57,-26,52,-30,52,-13,59,-29,48,-23,58,-24,57,-21,46,-22,48,-20,61,-6,52,-6,59,-12,60,-18,70,-11,59,1,65,-9,66,-5,61,-10,56,1,61,5,61,2,59,11,78,16,60,20,77,19,76,15,88,11,61,31,66,20,77,36,74,41,81,52,77,41,75,43,76,39,72,66,76,61,84,62,84,0,0,0,0,0,0,79,-73,77,-65,83,-71,73,-64,66,-54,76,-71,56,-65,76,-84,63,-70,77,-72,60,-81,57,-68,55,-80,52,-66,57,-78,49,-76,42,-81,41,-76,45,-91,22,-68,23,-91,24,-83,26,-95,20,-90,18,-82,15,-95,17,-79,8,-82,9,-91,14,-82,11,-81,16,-96,-11,-80,-12,-90,-1,-87,-1,-109,1,-81,-13,-87,1,-88,-4,-76,3,-81,-6,-84,0,-76,1,-68,2,-75,-6,-66,-11,-75,6,-67,6,-76,2,-53,-3,-64,15,-44,0,-53,14,-50,8,-46,9,-45,10,-41,0,0,0,0,0,0,0,0,0,0]"""
1782318882134,2026-06-25T01:34:42.104,warning,bed_exit,yja,bed_exit_failed,t057,"CSI_DATA,810708,1a:00:00:00:00:00,-66,11,-99,17,50,11,-344910904,47,2,256,0,""[0,0,0,0,0,0,0,0,0,0,0,0,-25,3,-22,-2,-31,-3,-26,0,-34,0,-30,-14,-30,-10,-44,-12,-29,-17,-46,-18,-35,-20,-32,-23,-38,-27,-31,-22,-29,-22,-43,-44,-30,-27,-33,-42,-30,-36,-32,-30,-26,-39,-35,-32,-37,-53,-30,-41,-30,-47,-22,-52,-23,-54,-22,-38,-36,-62,-20,-46,-29,-57,-20,-43,-39,-49,-39,-56,-40,-45,-31,-48,-36,-66,-27,-62,-31,-58,-42,-60,-41,-43,-41,-78,-30,-53,-50,-54,-26,-46,-46,-61,-38,-61,-60,-59,-56,-63,-59,-61,-43,-65,-43,-73,-41,-67,-64,-80,-55,-79,-50,-58,-69,-70,0,0,0,0,0,0,-78,56,-103,64,-66,48,-84,56,-110,68,-70,36,-102,67,-66,46,-96,66,-79,43,-75,51,-78,57,-75,45,-81,65,-78,47,-76,41,-74,54,-74,49,-54,43,-91,58,-61,39,-74,62,-57,49,-57,62,-67,74,-67,57,-75,66,-68,50,-70,50,-75,58,-78,56,-53,45,-86,61,-62,41,-70,57,-56,37,-67,64,-74,47,-67,59,-72,48,-78,41,-79,29,-76,29,-72,26,-62,27,-85,14,-54,14,-70,21,-40,8,-68,21,-55,10,-55,21,-54,5,-54,11,-44,-9,-38,-7,-34,-10,0,0,0,0,0,0,0,0,0,0]"""
1782318882145,2026-06-25T01:34:42.115,warning,bed_exit,yja,bed_exit_failed,t057,"CSI_DATA,810709,1a:00:00:00:00:00,-66,11,-99,17,50,11,-344900651,47,2,256,0,""[0,0,0,0,0,0,0,0,0,0,0,0,12,21,13,22,14,31,10,26,9,40,4,27,12,20,14,39,8,38,14,47,1,36,6,39,14,42,6,47,0,46,2,57,-3,52,-8,49,-3,46,17,47,14,52,-4,63,2,64,-1,49,-6,59,-3,52,-14,58,-1,57,-8,65,-6,57,-1,59,-3,52,13,59,9,63,27,57,10,66,10,72,3,63,14,68,16,80,26,63,6,79,2,75,30,69,11,44,34,64,20,64,54,61,46,85,46,72,28,66,25,94,32,88,44,71,33,87,46,77,55,79,0,0,0,0,0,0,90,-63,87,-62,67,-49,71,-55,99,-64,76,-46,90,-64,71,-55,91,-66,61,-47,57,-54,63,-80,70,-71,62,-83,62,-55,59,-67,56,-70,62,-76,50,-76,71,-76,51,-62,51,-78,37,-62,38,-70,26,-93,29,-87,37,-92,46,-73,38,-84,30,-88,37,-91,24,-86,46,-93,38,-76,29,-76,23,-61,17,-87,25,-77,3,-86,30,-87,30,-80,35,-58,38,-77,40,-73,30,-74,47,-64,41,-43,32,-67,19,-36,22,-50,24,-42,14,-55,30,-51,23,-48,31,-34,28,-30,30,-30,0,0,0,0,0,0,0,0,0,0]"""
1782318882156,2026-06-25T01:34:42.126,warning,bed_exit,yja,bed_exit_failed,t057,"CSI_DATA,810710,1a:00:00:00:00:00,-66,11,-99,19,50,11,-344889266,47,2,256,0,""[0,0,0,0,0,0,0,0,0,0,0,0,-28,-3,-29,-4,-26,-6,-33,-12,-31,-6,-37,-18,-33,-18,-32,-16,-33,-22,-33,-17,-42,-22,-34,-19,-38,-22,-33,-31,-40,-26,-35,-31,-46,-39,-42,-34,-40,-41,-28,-41,-26,-37,-35,-40,-32,-36,-45,-44,-41,-37,-52,-43,-41,-40,-44,-41,-31,-45,-38,-48,-39,-42,-48,-51,-50,-51,-42,-42,-39,-43,-41,-46,-49,-39,-60,-35,-56,-29,-50,-27,-56,-39,-60,-31,-66,-39,-59,-31,-85,-44,-76,-49,-79,-37,-75,-46,-70,-37,-78,-27,-95,-23,-84,-17,-88,-32,-98,-29,-91,-23,-90,-28,-89,-32,0,0,0,0,0,0,-32,101,-20,89,-30,109,-34,99,-19,84,-16,107,-16,96,-17,108,-9,91,-24,114,-23,104,-8,96,-25,87,-8,82,7,102,11,94,11,89,6,83,6,81,4,93,0,100,11,86,13,99,1,91,15,85,1,78,20,85,27,90,30,77,37,87,31,81,26,87,21,86,31,88,21,81,28,98,14,96,16,85,12,86,5,78,17,77,28,77,22,74,19,66,15,70,10,66,9,74,11,61,5,74,0,67,-5,65,-7,53,-4,50,0,50,2,52,-2,45,-5,46,0,0,0,0,0,0,0,0,0,0]"""
1782318882167,2026-06-25T01:34:42.137,warning,bed_exit,yja,bed_exit_failed,t057,"CSI_DATA,810711,1a:00:00:00:00:00,-65,11,-99,19,50,11,-344878651,47,2,256,0,""[0,0,0,0,0,0,0,0,0,0,0,0,-5,-26,-1,-26,0,-28,6,-32,2,-32,10,-38,16,-37,9,-33,16,-30,21,-31,22,-40,23,-36,30,-31,31,-32,36,-31,29,-32,39,-41,43,-31,58,-32,44,-18,41,-13,55,-18,45,-10,57,-15,61,-16,61,-17,54,-18,59,-11,48,-13,60,-8,55,-14,78,-1,66,-2,63,-2,67,-5,58,-8,61,-6,62,-14,66,-4,61,-6,69,-4,65,-16,76,-23,76,-5,101,-4,69,0,80,-4,83,6,72,-5,82,0,97,-6,86,-7,90,-1,93,6,96,0,92,12,97,10,0,0,0,0,0,0,15,-111,21,-88,29,-118,19,-99,25,-83,31,-114,21,-87,34,-103,23,-86,48,-100,46,-100,41,-81,50,-77,46,-74,31,-90,42,-82,36,-86,36,-75,44,-78,31,-69,29,-84,26,-76,53,-93,56,-86,47,-72,53,-64,51,-60,39,-84,50,-76,45,-71,42,-71,48,-77,41,-64,47,-78,51,-71,73,-83,67,-61,66,-54,68,-51,61,-48,57,-41,63,-55,67,-42,57,-33,72,-33,51,-31,62,-38,63,-26,78,-16,61,-7,61,-11,55,0,50,0,56,0,49,5,46,5,43,9,0,0,0,0,0,0,0,0,0,0]"""
1782318882178,2026-06-25T01:34:42.148,warning,bed_exit,yja,bed_exit_failed,t057,"CSI_DATA,810712,1a:00:00:00:00:00,-66,11,-99,19,50,11,-344867651,47,2,256,0,""[0,0,0,0,0,0,0,0,0,0,0,0,22,16,21,11,32,16,21,19,29,28,16,19,19,16,26,27,21,25,32,36,26,31,21,32,28,38,30,40,29,37,42,47,21,32,32,50,24,29,35,44,49,54,38,47,46,49,32,46,27,46,27,46,32,51,31,26,50,54,36,36,50,41,33,29,53,45,41,42,56,35,54,20,59,38,52,35,60,33,66,33,61,20,74,33,56,15,79,21,54,6,79,6,79,11,76,-4,93,-3,99,2,88,4,95,8,77,-3,105,-1,95,7,91,-6,108,-21,0,0,0,0,0,0,-23,-93,-34,-118,-18,-72,-36,-102,-36,-119,-18,-76,-40,-120,-36,-76,-45,-104,-43,-65,-38,-75,-53,-85,-51,-76,-68,-91,-40,-80,-47,-70,-55,-74,-66,-74,-57,-55,-77,-69,-59,-48,-77,-57,-55,-41,-66,-42,-71,-50,-76,-36,-89,-51,-80,-41,-77,-47,-84,-44,-86,-39,-66,-16,-105,-43,-72,-29,-86,-26,-61,-26,-92,-13,-95,-24,-87,-12,-81,-16,-86,-25,-71,-26,-80,-35,-83,-28,-68,-14,-81,-24,-47,-21,-69,-13,-41,-13,-61,-12,-56,-11,-61,-13,-49,-17,-57,-14,-41,-17,-39,-20,-36,-18,0,0,0,0,0,0,0,0,0,0]"""
1782318882189,2026-06-25T01:34:42.159,warning,bed_exit,yja,bed_exit_failed,t057,"CSI_DATA,810713,1a:00:00:00:00:00,-66,11,-99,17,50,11,-344855774,47,2,256,0,""[0,0,0,0,0,0,0,0,0,0,0,0,5,-29,1,-25,10,-31,11,-28,15,-33,16,-22,14,-27,15,-25,27,-30,37,-29,33,-20,38,-20,38,-20,42,-21,41,-21,59,-17,45,-16,52,-10,44,-5,44,-19,52,-9,59,-9,64,8,52,7,62,10,57,11,61,20,57,12,67,10,49,8,59,15,48,11,62,4,60,17,64,7,70,19,68,25,53,28,64,28,71,27,66,21,75,30,69,22,70,23,54,22,80,22,72,32,83,30,88,32,87,38,67,40,80,46,75,51,91,49,86,46,80,45,89,50,0,0,0,0,0,0,64,-80,82,-94,60,-60,67,-72,88,-78,65,-50,86,-71,67,-57,81,-68,70,-45,67,-47,83,-51,82,-59,87,-62,76,-37,78,-37,76,-43,84,-42,71,-41,89,-57,69,-45,84,-45,64,-33,63,-41,81,-53,85,-41,89,-38,80,-24,85,-27,84,-27,86,-25,85,-26,98,-29,76,-22,87,-21,65,-10,79,-21,83,-12,79,-14,88,-7,93,8,73,13,80,18,78,14,69,16,73,21,62,22,62,15,45,22,52,21,46,30,46,25,45,28,38,33,26,36,23,41,23,38,0,0,0,0,0,0,0,0,0,0]"""
1782318882200,2026-06-25T01:34:42.170,warning,bed_exit,yja,bed_exit_failed,t057,"CSI_DATA,810714,1a:00:00:00:00:00,-65,11,-99,17,50,11,-344845171,47,2,256,0,""[0,0,0,0,0,0,0,0,0,0,0,0,78,-20,-42,68,21,4,56,1,54,-57,-10,8,18,63,84,-22,-14,62,-21,16,70,60,-22,39,-20,29,-28,-30,-19,57,-38,33,-62,79,-14,57,-35,52,-69,45,-54,40,-38,29,-38,25,-50,28,-47,35,-45,38,-46,30,-59,36,-27,25,-54,37,-46,30,-75,43,-55,36,-45,37,-50,29,-50,37,-47,30,-49,41,-49,37,-45,30,-62,39,-33,44,-52,62,-46,46,-78,72,-60,46,-59,63,-66,55,-58,46,-53,51,-69,69,-57,66,-75,70,-59,56,-57,68,-83,71,-70,60,0,0,0,0,0,0,64,83,40,56,82,102,57,81,48,52,68,99,44,62,71,95,42,60,70,108,55,84,46,77,58,65,43,64,66,83,60,72,52,73,45,61,61,83,44,45,70,72,51,48,75,90,59,78,48,57,59,62,46,47,61,65,60,67,56,66,47,62,61,75,48,36,66,63,54,52,79,100,45,77,52,61,40,77,40,62,37,60,53,68,39,64,29,52,29,69,30,48,37,65,19,54,26,87,6,55,13,54,0,53,7,51,2,40,3,53,6,46,-4,45,0,0,0,0,0,0,0,0,0,0]"""
1782318882211,2026-06-25T01:34:42.181,warning,bed_exit,yja,bed_exit_failed,t057,"CSI_DATA,810715,1a:00:00:00:00:00,-66,11,-99,19,50,11,-344834498,47,2,256,0,""[0,0,0,0,0,0,0,0,0,0,0,0,17,-17,20,-19,21,-24,23,-16,21,-16,29,-18,22,-24,29,-27,29,-22,29,-27,36,-14,41,-17,36,-26,46,-26,56,-21,41,-14,46,-16,59,-16,57,-26,54,-15,57,-10,53,-27,54,-20,61,-12,56,-25,57,-16,66,-15,60,-17,52,-19,63,-22,61,-8,51,-26,51,-34,50,-39,53,-41,56,-36,53,-32,66,-30,53,-42,61,-37,59,-36,58,-39,63,-43,64,-49,53,-51,49,-56,45,-66,47,-70,46,-76,51,-76,50,-72,56,-71,60,-74,50,-78,59,-72,50,-93,52,-86,0,0,0,0,0,0,-93,-59,-92,-56,-89,-52,-77,-65,-85,-50,-76,-63,-83,-54,-91,-56,-86,-57,-88,-39,-91,-32,-84,-32,-92,-18,-93,-18,-87,-37,-96,-26,-88,-15,-85,-27,-96,-24,-81,-14,-89,-16,-86,-27,-86,-1,-92,8,-76,6,-95,19,-85,11,-82,-7,-96,6,-88,13,-87,0,-95,8,-87,6,-91,11,-90,-5,-86,16,-82,22,-83,30,-78,23,-85,18,-81,13,-78,3,-81,17,-76,0,-76,-3,-64,5,-66,0,-68,-6,-61,0,-56,5,-60,11,-56,3,-58,7,-46,-1,-46,-11,-41,-7,-43,-7,0,0,0,0,0,0,0,0,0,0]"""
1782318882222,2026-06-25T01:34:42.192,warning,bed_exit,yja,bed_exit_failed,t057,"CSI_DATA,810716,1a:00:00:00:00:00,-66,11,-99,20,50,11,-344819994,47,2,256,0,""[0,0,0,0,0,0,0,0,0,0,0,0,-26,-13,-23,-18,-24,-18,-19,-16,-20,-19,-19,-30,-26,-30,-28,-30,-20,-30,-20,-34,-20,-40,-19,-43,-19,-42,-13,-42,-20,-35,-13,-53,-17,-50,-14,-49,-6,-51,-20,-62,-20,-54,0,-50,-8,-64,-3,-56,-4,-50,-5,-62,-5,-64,-13,-55,3,-67,0,-56,-12,-67,0,-59,-10,-64,-2,-60,-10,-62,-7,-67,-5,-71,-10,-73,-5,-73,-10,-74,-20,-58,-5,-80,-16,-73,-26,-70,-14,-64,-34,-86,-18,-79,-30,-79,-19,-81,-21,-88,-20,-88,-16,-87,-25,-82,-28,-106,-24,-93,-30,-83,-29,-97,0,0,0,0,0,0,-86,30,-98,28,-87,25,-100,39,-113,23,-85,31,-108,30,-85,28,-101,28,-96,26,-96,29,-98,37,-86,21,-90,32,-91,31,-80,20,-84,27,-79,32,-68,30,-94,35,-75,33,-86,42,-75,33,-77,42,-82,47,-68,35,-79,42,-80,42,-77,34,-79,44,-83,47,-66,49,-86,39,-68,36,-74,47,-68,31,-80,47,-77,30,-76,37,-72,25,-74,25,-76,30,-76,16,-70,18,-60,21,-77,13,-63,9,-58,22,-51,7,-66,10,-55,2,-53,15,-48,-2,-57,-1,-42,-5,-40,-10,-42,-9,0,0,0,0,0,0,0,0,0,0]"""
1782318882233,2026-06-25T01:34:42.203,warning,bed_exit,yja,bed_exit_failed,t057,"CSI_DATA,810717,1a:00:00:00:00:00,-66,11,-99,13,51,11,-344812651,47,2,256,0,""[0,0,0,0,0,0,0,0,0,0,0,0,27,-3,26,2,28,7,30,6,32,5,31,21,34,15,43,14,28,22,45,15,34,19,34,14,42,22,38,27,40,21,39,42,41,38,38,40,44,37,32,43,43,53,28,35,45,47,46,37,49,38,39,45,29,50,33,40,36,54,45,63,44,50,43,51,35,54,35,51,52,33,26,47,39,34,52,38,58,29,50,48,54,25,51,67,59,75,57,24,55,30,62,32,52,31,72,48,94,39,90,46,84,54,85,61,61,36,93,51,102,45,72,70,85,39,0,0,0,0,0,0,47,-90,46,-87,37,-94,52,-87,40,-92,46,-91,51,-99,45,-89,38,-89,44,-96,39,-90,36,-94,46,-71,28,-94,21,-87,22,-83,15,-93,18,-86,11,-76,34,-88,22,-91,16,-84,19,-82,16,-92,3,-94,13,-80,6,-84,-5,-89,0,-86,-3,-89,-1,-86,-2,-81,18,-93,8,-85,7,-82,8,-83,6,-94,12,-82,-3,-74,14,-74,5,-75,9,-78,10,-74,14,-75,8,-70,23,-62,25,-61,11,-61,18,-52,23,-64,22,-46,14,-49,26,-46,12,-46,20,-37,22,-34,23,-30,0,0,0,0,0,0,0,0,0,0]"""
1782318882244,2026-06-25T01:34:42.214,warning,bed_exit,yja,bed_exit_failed,t057,"CSI_DATA,810718,1a:00:00:00:00:00,-66,11,-99,18,50,11,-344801600,47,2,256,0,""[0,0,0,0,0,0,0,0,0,0,0,0,-8,26,-10,29,-15,32,-16,32,-21,32,-17,25,-20,17,-30,25,-33,24,-37,31,-32,28,-38,17,-42,22,-45,19,-38,22,-56,17,-48,10,-55,8,-47,6,-53,18,-62,11,-62,1,-61,0,-59,-12,-58,-10,-61,-12,-65,-16,-50,-12,-77,-20,-58,-22,-63,-16,-43,-21,-59,-14,-59,-23,-61,-16,-64,-18,-58,-30,-55,-32,-67,-38,-69,-27,-67,-25,-70,-43,-55,-37,-75,-19,-51,-17,-78,-19,-59,-40,-80,-21,-84,-44,-86,-39,-63,-50,-72,-50,-69,-47,-87,-48,-74,-60,-73,-55,-89,-63,0,0,0,0,0,0,-68,79,-82,82,-57,59,-75,68,-88,79,-59,57,-92,70,-71,58,-88,61,-62,43,-67,43,-82,62,-79,50,-82,63,-77,43,-76,35,-78,42,-79,42,-65,42,-93,44,-70,37,-81,42,-68,33,-63,38,-88,44,-83,40,-84,44,-80,31,-80,38,-83,28,-87,32,-75,41,-98,32,-82,24,-81,26,-66,11,-82,25,-85,12,-86,19,-83,11,-81,0,-64,-7,-79,-13,-81,-11,-69,-2,-68,-24,-60,-19,-63,-11,-37,-11,-53,-15,-50,-28,-52,-21,-45,-33,-44,-31,-32,-33,-30,-33,-22,-29,0,0,0,0,0,0,0,0,0,0]"""
1782318882255,2026-06-25T01:34:42.225,warning,bed_exit,yja,bed_exit_failed,t057,"CSI_DATA,810719,1a:00:00:00:00:00,-66,11,-99,19,50,11,-344789291,47,2,256,0,""[0,0,0,0,0,0,0,0,0,0,0,0,19,19,22,20,20,32,14,24,20,31,18,22,17,26,22,30,14,37,15,45,4,40,6,45,3,44,-5,56,-7,45,-9,58,-10,53,-16,56,-20,49,-7,46,-16,52,-16,63,-20,60,-31,48,-35,53,-26,52,-40,51,-33,46,-49,51,-44,43,-45,43,-31,34,-34,49,-41,51,-36,52,-40,55,-44,57,-49,35,-55,54,-62,61,-54,52,-62,44,-58,34,-58,54,-38,41,-49,67,-54,50,-45,75,-71,65,-66,66,-73,40,-77,51,-69,46,-76,60,-88,43,-77,55,-84,57,0,0,0,0,0,0,36,97,45,114,33,78,31,91,35,114,20,83,28,111,23,94,11,102,21,81,25,73,35,92,29,96,36,95,9,79,22,88,17,82,4,94,11,87,11,94,6,77,7,91,11,73,16,70,16,91,16,86,18,91,-4,81,8,88,10,82,-2,94,6,88,-11,99,-6,79,-19,83,-1,61,0,86,-5,81,2,81,-11,88,-15,83,-26,64,-28,78,-41,72,-27,63,-42,59,-41,44,-41,44,-27,33,-33,46,-32,40,-31,46,-40,36,-36,31,-40,17,-41,23,-34,16,0,0,0,0,0,0,0,0,0,0]"""
1782318882266,2026-06-25T01:34:42.236,warning,bed_exit,yja,bed_exit_failed,t057,"CSI_DATA,810720,1a:00:00:00:00:00,-66,11,-99,18,50,11,-344779651,47,2,256,0,""[0,0,0,0,0,0,0,0,0,0,0,0,27,5,24,3,33,5,32,6,32,11,31,15,37,11,35,11,25,16,42,18,33,23,33,24,37,32,43,30,39,19,46,34,35,29,44,32,38,41,39,31,44,32,44,33,46,37,46,37,40,43,41,42,40,43,42,27,54,42,52,32,51,31,49,33,58,30,57,29,63,26,56,32,61,28,59,37,61,33,70,19,66,10,78,27,66,15,81,11,64,17,84,-13,73,8,83,-1,88,12,94,5,95,14,88,9,78,7,107,0,103,-6,81,2,102,-9,0,0,0,0,0,0,-22,-98,-12,-98,-20,-95,-24,-94,-24,-118,-24,-81,-37,-116,-28,-82,-39,-94,-20,-86,-36,-88,-42,-81,-37,-76,-37,-90,-32,-75,-29,-79,-35,-88,-49,-83,-49,-60,-55,-81,-45,-59,-58,-63,-57,-59,-69,-63,-68,-48,-63,-52,-65,-56,-68,-62,-56,-55,-58,-60,-68,-50,-65,-30,-79,-55,-67,-41,-75,-34,-62,-42,-83,-37,-70,-42,-75,-32,-58,-40,-64,-45,-59,-42,-54,-50,-62,-45,-60,-25,-59,-38,-50,-33,-55,-28,-37,-32,-50,-26,-42,-31,-46,-28,-37,-27,-42,-30,-30,-31,-24,-34,-26,-25,0,0,0,0,0,0,0,0,0,0]"""
1782318882277,2026-06-25T01:34:42.247,warning,bed_exit,yja,bed_exit_failed,t057,"CSI_DATA,810721,1a:00:00:00:00:00,-66,11,-99,21,50,11,-344768651,47,2,256,0,""[0,0,0,0,0,0,0,0,0,0,0,0,-15,22,-15,25,-12,25,-16,22,-17,27,-22,22,-23,15,-34,11,-32,28,-30,20,-35,23,-45,24,-36,27,-39,22,-47,31,-37,25,-40,29,-46,25,-42,29,-60,22,-61,14,-48,27,-54,15,-49,27,-55,24,-54,21,-55,24,-66,22,-49,33,-45,35,-60,27,-55,30,-53,24,-55,27,-60,22,-60,42,-52,36,-53,46,-46,39,-49,48,-51,50,-41,55,-41,67,-45,57,-51,66,-52,54,-55,60,-56,58,-48,65,-48,78,-38,74,-47,87,-48,85,-45,87,-27,91,-46,91,-43,88,0,0,0,0,0,0,100,41,93,37,89,40,93,41,92,39,97,37,87,15,102,24,88,26,91,27,90,33,79,42,105,27,88,26,86,21,90,12,82,12,85,8,91,10,83,-6,91,-3,90,-1,81,-6,79,-2,79,4,91,-13,84,-4,81,-15,85,-19,85,-13,87,-20,89,-15,72,-34,78,-34,86,-29,77,-29,71,-11,72,-21,80,-13,77,-17,73,-16,71,-29,68,-21,63,-22,70,-15,59,-23,59,-28,66,-14,67,-10,53,-1,56,-4,48,5,53,-8,56,-2,39,-6,48,-3,36,-3,0,0,0,0,0,0,0,0,0,0]"""
1782318882288,2026-06-25T01:34:42.258,warning,bed_exit,yja,bed_exit_failed,t057,"CSI_DATA,810722,1a:00:00:00:00:00,-66,11,-99,21,50,11,-344754731,47,2,256,0,""[0,0,0,0,0,0,0,0,0,0,0,0,26,-8,27,-9,31,-3,28,0,38,8,32,-3,38,2,41,1,40,3,44,8,36,22,46,15,43,17,43,30,39,27,44,41,33,33,36,47,26,29,41,37,40,43,30,49,36,53,14,53,22,55,26,55,18,59,17,58,10,68,8,59,11,65,9,44,10,59,21,59,18,64,22,70,15,67,-3,64,10,63,1,78,0,71,3,79,-1,67,-1,79,13,58,8,78,13,70,26,85,0,93,4,91,-19,79,-3,88,-9,96,-4,95,-31,92,-11,86,-28,94,0,0,0,0,0,0,90,47,98,51,69,34,87,52,101,54,67,60,91,65,72,48,72,75,74,42,70,44,83,43,83,50,79,59,61,62,67,50,69,54,62,67,59,58,74,65,57,57,56,74,51,48,60,45,64,62,65,54,72,58,46,60,57,67,62,62,46,70,44,66,48,81,35,71,33,75,35,56,41,67,34,67,42,69,44,71,31,74,8,68,23,72,0,77,4,69,0,74,-8,60,-12,65,-1,46,-3,57,-3,54,0,53,-12,51,-12,52,-23,33,-24,37,-22,33,0,0,0,0,0,0,0,0,0,0]"""
1782318882299,2026-06-25T01:34:42.269,warning,bed_exit,yja,bed_exit_failed,t057,"CSI_DATA,810723,1a:00:00:00:00:00,-66,11,-99,15,51,11,-344746477,47,2,256,0,""[0,0,0,0,0,0,0,0,0,0,0,0,-22,-10,-26,-9,-19,-9,-31,-16,-32,-19,-26,-23,-23,-26,-26,-30,-31,-28,-25,-36,-24,-36,-27,-36,-25,-39,-30,-26,-33,-49,-26,-31,-32,-34,-28,-44,-32,-48,-21,-55,-15,-56,-34,-55,-16,-51,-23,-54,-22,-57,-14,-55,-15,-55,-16,-62,-32,-50,-35,-56,-25,-54,-30,-65,-27,-58,-29,-56,-26,-58,-28,-59,-26,-56,-33,-53,-38,-54,-33,-48,-32,-56,-46,-47,-51,-46,-49,-64,-51,-65,-36,-57,-54,-54,-36,-76,-63,-54,-63,-71,-71,-61,-68,-57,-66,-65,-66,-62,-81,-56,-77,-68,-77,-56,0,0,0,0,0,0,-65,86,-67,74,-69,81,-61,77,-63,65,-71,76,-57,71,-62,86,-58,80,-65,71,-58,69,-56,63,-49,81,-52,65,-52,69,-51,66,-47,68,-45,70,-51,79,-22,69,-29,79,-36,73,-32,85,-36,86,-31,71,-22,87,-31,71,-21,78,-28,80,-20,73,-26,69,-32,86,-5,76,-8,82,-17,86,-22,92,-27,72,-15,79,-31,76,-22,71,-22,67,-12,64,-22,69,-19,57,-21,64,-10,62,-11,73,-29,60,-30,59,-22,40,-22,49,-26,41,-21,51,-26,39,-25,42,-24,41,-25,40,0,0,0,0,0,0,0,0,0,0]"""
1782318882310,2026-06-25T01:34:42.280,warning,bed_exit,yja,bed_exit_failed,t057,"CSI_DATA,810724,1a:00:00:00:00:00,-66,11,-99,16,51,11,-344735505,47,2,256,0,""[0,0,0,0,0,0,0,0,0,0,0,0,-26,0,-28,-1,-28,-8,-24,-5,-31,-14,-27,-15,-25,-13,-31,-21,-37,-23,-30,-31,-21,-35,-25,-38,-20,-36,-22,-45,-20,-47,-30,-45,-27,-43,-20,-53,-8,-37,-15,-47,-20,-61,-8,-59,-9,-72,0,-54,9,-59,6,-53,11,-60,-1,-57,4,-69,8,-54,1,-64,12,-43,0,-52,17,-59,10,-65,5,-74,19,-72,16,-58,23,-66,21,-69,17,-64,15,-78,14,-69,11,-76,15,-51,8,-73,17,-74,18,-81,25,-87,26,-84,34,-69,41,-91,32,-81,28,-96,35,-82,42,-81,35,-91,0,0,0,0,0,0,-86,-47,-96,-64,-66,-45,-82,-50,-95,-68,-69,-52,-79,-71,-69,-58,-73,-66,-55,-55,-64,-50,-66,-64,-68,-57,-76,-77,-48,-62,-50,-74,-49,-62,-57,-64,-57,-54,-72,-66,-59,-52,-57,-57,-45,-52,-56,-45,-56,-63,-59,-63,-58,-60,-42,-61,-40,-70,-44,-65,-52,-72,-47,-62,-47,-79,-44,-61,-48,-66,-26,-56,-35,-59,-28,-60,-35,-70,-33,-76,-20,-85,-10,-66,-3,-69,-4,-75,-8,-69,-8,-72,-3,-57,-7,-62,0,-41,0,-53,7,-50,3,-52,9,-50,16,-51,13,-30,22,-38,24,-30,0,0,0,0,0,0,0,0,0,0]"""
1782318882321,2026-06-25T01:34:42.291,warning,bed_exit,yja,bed_exit_failed,t057,"CSI_DATA,810726,1a:00:00:00:00:00,-66,11,-99,20,50,11,-344713490,47,2,256,0,""[0,0,0,0,0,0,0,0,0,0,0,0,25,8,19,8,31,16,30,18,33,25,24,25,24,20,33,24,23,24,40,24,32,31,29,25,36,36,40,33,33,34,32,45,25,40,30,41,33,42,40,50,57,47,30,47,43,44,36,42,38,42,37,42,40,42,35,35,39,62,40,47,42,48,37,35,51,46,47,38,57,37,47,36,57,42,53,31,65,33,63,35,62,21,64,42,58,41,67,29,50,18,85,17,73,27,75,15,79,25,91,15,87,18,83,11,78,17,101,18,91,17,87,12,100,3,0,0,0,0,0,0,1,-101,0,-108,-3,-92,7,-100,-3,-103,3,-86,-3,-104,-2,-91,-13,-103,-9,-93,-8,-83,-32,-93,-6,-86,-40,-86,-30,-83,-34,-80,-39,-79,-40,-79,-41,-64,-40,-86,-35,-69,-40,-69,-44,-64,-57,-67,-62,-62,-45,-60,-65,-54,-66,-54,-68,-49,-69,-46,-67,-51,-58,-37,-65,-75,-55,-57,-57,-45,-52,-46,-74,-48,-58,-50,-71,-35,-56,-47,-64,-44,-57,-44,-63,-42,-61,-42,-53,-34,-50,-45,-37,-41,-52,-33,-37,-23,-51,-35,-39,-32,-43,-22,-34,-37,-38,-23,-36,-25,-32,-21,-25,-24,0,0,0,0,0,0,0,0,0,0]"""
1782318882332,2026-06-25T01:34:42.302,warning,bed_exit,yja,bed_exit_failed,t057,"CSI_DATA,810727,1a:00:00:00:00:00,-66,11,-99,16,51,11,-344702651,47,2,256,0,""[0,0,0,0,0,0,0,0,0,0,0,0,4,26,2,20,0,36,-1,25,-6,34,0,29,-1,32,-6,35,-3,41,-9,49,-18,36,-13,41,-25,40,-33,42,-25,37,-33,45,-25,35,-45,35,-39,32,-30,34,-36,32,-40,45,-47,45,-52,26,-51,40,-43,41,-52,35,-46,32,-66,35,-54,26,-59,25,-40,23,-53,35,-49,44,-48,39,-54,44,-57,41,-58,25,-56,40,-63,40,-59,36,-63,39,-63,29,-63,36,-42,35,-57,49,-53,45,-47,65,-74,59,-67,58,-71,40,-73,45,-71,43,-72,62,-87,40,-71,48,-90,54,0,0,0,0,0,0,33,92,46,108,31,79,28,90,46,108,16,86,30,103,27,79,20,104,36,67,35,75,42,83,46,84,57,90,26,80,40,79,46,80,29,89,29,70,39,88,30,68,25,86,34,58,33,65,40,67,45,70,52,70,24,76,37,74,43,71,37,79,31,71,35,83,26,68,20,83,27,54,36,71,37,69,41,65,40,74,30,69,10,62,16,69,9,77,3,65,3,68,-2,57,0,63,4,44,0,56,0,51,8,48,-3,50,-3,50,-14,39,-9,38,-13,39,0,0,0,0,0,0,0,0,0,0]"""
1782318882343,2026-06-25T01:34:42.313,warning,bed_exit,yja,bed_exit_failed,t057,"CSI_DATA,810728,1a:00:00:00:00:00,-66,11,-99,20,50,11,-344690806,47,2,256,0,""[0,0,0,0,0,0,0,0,0,0,0,0,-28,-3,-28,-10,-30,-4,-33,-3,-28,-11,-33,-11,-36,-8,-35,-13,-40,-11,-39,-19,-35,-24,-35,-22,-40,-17,-40,-28,-40,-35,-44,-32,-41,-26,-39,-43,-40,-24,-47,-31,-55,-36,-45,-30,-47,-32,-39,-40,-48,-35,-47,-34,-49,-42,-52,-44,-48,-34,-40,-40,-49,-47,-46,-27,-48,-25,-55,-16,-56,-20,-69,-28,-63,-25,-59,-25,-69,-13,-63,-33,-64,-25,-64,-25,-73,-23,-75,-24,-67,-12,-62,-12,-77,-2,-81,3,-91,0,-86,1,-86,-3,-99,0,-96,-3,-98,9,-87,-6,-93,6,-96,1,0,0,0,0,0,0,8,104,-3,103,3,92,-2,101,14,105,-13,105,5,87,7,92,0,89,13,90,20,84,25,85,42,87,28,79,11,86,35,84,30,80,23,86,30,91,39,69,37,72,39,78,44,61,47,57,50,63,66,62,54,57,39,60,56,56,55,62,56,62,58,65,62,56,56,55,52,62,53,44,62,48,68,35,64,42,61,49,55,45,48,54,50,42,52,52,49,51,47,40,42,42,38,42,35,38,38,40,42,30,41,30,41,30,31,34,23,30,27,34,25,34,0,0,0,0,0,0,0,0,0,0]"""
1782318882354,2026-06-25T01:34:42.324,warning,bed_exit,yja,bed_exit_failed,t057,"CSI_DATA,810729,1a:00:00:00:00:00,-66,11,-99,20,50,11,-344677645,47,2,256,0,""[0,0,0,0,0,0,0,0,0,0,0,0,20,-18,26,-19,25,-9,30,-16,25,-15,37,-11,39,-10,40,-12,38,-3,40,-4,50,-8,42,-6,40,-8,43,-3,47,0,51,8,55,8,54,8,57,20,51,18,45,6,47,19,52,14,57,18,58,16,64,15,64,19,64,18,58,20,52,24,60,25,50,40,56,31,59,32,65,47,64,27,56,22,69,-2,64,26,61,30,57,47,62,25,69,25,63,31,99,0,66,39,91,12,105,24,64,25,80,24,65,9,85,13,90,22,81,47,79,13,82,23,105,26,0,0,0,0,0,0,34,-90,36,-91,40,-104,44,-96,40,-81,40,-94,36,-89,42,-88,35,-85,44,-97,53,-93,35,-87,41,-81,30,-74,23,-94,16,-85,16,-87,19,-76,19,-79,26,-82,21,-81,20,-79,30,-85,28,-83,20,-77,27,-67,20,-74,8,-86,10,-79,8,-83,10,-80,15,-74,19,-72,18,-76,19,-74,28,-86,30,-79,26,-76,25,-71,32,-64,25,-69,23,-75,18,-66,20,-60,25,-53,31,-52,35,-52,31,-47,37,-56,38,-40,36,-41,31,-39,33,-30,28,-35,29,-39,30,-29,25,-23,0,0,0,0,0,0,0,0,0,0]"""
1782318882365,2026-06-25T01:34:42.335,warning,bed_exit,yja,bed_exit_failed,t057,"CSI_DATA,810730,1a:00:00:00:00:00,-66,11,-99,18,51,11,-344667516,47,2,256,0,""[0,0,0,0,0,0,0,0,0,0,0,0,28,-6,35,-5,27,-3,27,0,37,5,33,0,39,2,37,2,42,12,40,10,40,23,40,20,44,19,39,29,39,31,47,33,36,33,34,46,37,37,42,32,47,31,43,45,42,41,26,51,32,47,34,49,32,54,33,52,32,49,24,51,19,59,25,51,29,53,41,47,35,51,42,52,32,58,24,67,33,58,28,65,27,65,34,60,30,63,26,70,40,62,46,60,48,63,51,68,46,72,49,73,29,76,47,78,47,86,51,81,32,89,40,89,39,84,0,0,0,0,0,0,92,-26,98,-22,86,-23,97,-19,108,-31,89,-16,98,-15,86,-19,94,-5,88,-21,82,-26,88,-20,91,-29,88,-25,88,-9,82,-20,87,-22,86,-14,81,-8,86,-28,78,-19,85,-12,73,-22,71,-30,79,-22,79,-33,80,-27,72,-10,69,-19,81,-28,81,-13,80,-12,81,-17,77,-13,79,-4,72,-12,70,-16,77,-19,76,-16,75,-20,69,-6,71,7,66,0,66,10,68,10,63,5,57,12,59,15,51,6,49,14,48,14,51,7,48,15,43,13,37,26,33,19,35,21,0,0,0,0,0,0,0,0,0,0]"""
1782318882376,2026-06-25T01:34:42.346,warning,bed_exit,yja,bed_exit_failed,t057,"CSI_DATA,810731,1a:00:00:00:00:00,-66,11,-99,16,51,11,-344658651,47,2,256,0,""[0,0,0,0,0,0,0,0,0,0,0,0,-24,7,-33,7,-31,3,-32,0,-30,-3,-35,0,-40,-1,-46,0,-45,-5,-35,-8,-38,-13,-45,-9,-42,-16,-47,-22,-49,-30,-39,-19,-48,-22,-45,-29,-45,-24,-40,-33,-47,-42,-50,-33,-48,-34,-39,-41,-47,-40,-49,-32,-49,-38,-53,-42,-42,-22,-42,-35,-45,-42,-35,-52,-44,-30,-52,-38,-58,-57,-64,-31,-59,-40,-72,-28,-59,-31,-55,-40,-55,-35,-41,-24,-58,-41,-69,-26,-82,-49,-71,-31,-75,-19,-44,-36,-86,-28,-80,-40,-92,-72,-90,-32,-93,-38,-96,-32,-74,-45,-88,-50,-84,-25,0,0,0,0,0,0,-59,91,-56,78,-48,88,-59,81,-46,88,-52,82,-52,78,-52,89,-51,74,-39,84,-37,82,-39,74,-37,91,-37,74,-42,67,-32,83,-32,79,-36,79,-41,79,-22,74,-26,81,-36,73,-25,74,-22,74,-17,69,-20,91,-18,74,-27,74,-13,80,-12,76,-19,74,-25,86,-14,72,-22,74,-25,73,-20,78,-18,68,-15,79,-20,73,-18,75,-18,69,-22,62,-19,68,-20,64,-30,62,-18,54,-21,58,-30,47,-25,51,-20,40,-18,47,-20,39,-23,47,-23,35,-26,32,-27,35,-28,29,0,0,0,0,0,0,0,0,0,0]"""
1782318882387,2026-06-25T01:34:42.357,warning,bed_exit,yja,bed_exit_failed,t057,"CSI_DATA,810732,1a:00:00:00:00:00,-66,11,-99,19,50,11,-344646230,47,2,256,0,""[0,0,0,0,0,0,0,0,0,0,0,0,-20,2,-31,2,-23,3,-43,-3,-26,-1,-44,-16,-35,-17,-30,-17,-32,-17,-19,-19,-38,-25,-37,-33,-38,-30,-32,-29,-36,-46,-21,-30,-36,-47,-26,-37,-37,-56,-33,-60,-31,-36,-19,-54,-10,-46,-17,-51,-16,-54,-6,-61,-6,-53,-4,-74,-9,-39,-14,-65,-8,-56,-11,-87,1,-65,-3,-59,0,-69,7,-55,-2,-51,-11,-69,-4,-61,2,-51,6,-70,-8,-54,-16,-84,3,-65,4,-112,16,-71,-1,-87,26,-81,3,-73,7,-71,6,-97,9,-84,21,-108,21,-80,2,-97,20,-106,20,-87,0,0,0,0,0,0,-101,-36,-66,-26,-112,-53,-81,-41,-61,-40,-99,-58,-66,-22,-104,-48,-66,-21,-101,-66,-86,-71,-68,-56,-70,-56,-49,-51,-79,-62,-73,-52,-73,-53,-72,-51,-75,-61,-51,-36,-82,-50,-56,-39,-83,-70,-73,-63,-54,-47,-56,-52,-39,-41,-64,-47,-53,-52,-58,-58,-45,-55,-56,-71,-43,-35,-66,-61,-43,-51,-64,-83,-36,-66,-46,-61,-34,-67,-29,-62,-26,-52,-36,-67,-28,-59,-21,-50,-17,-64,-19,-41,-24,-67,-8,-51,-5,-75,2,-51,0,-51,11,-44,6,-42,3,-36,6,-50,10,-36,15,-38,0,0,0,0,0,0,0,0,0,0]"""
1782318882398,2026-06-25T01:34:42.368,warning,bed_exit,yja,bed_exit_failed,t057,"CSI_DATA,810733,1a:00:00:00:00:00,-66,11,-99,20,50,11,-344636624,47,2,256,0,""[0,0,0,0,0,0,0,0,0,0,0,0,2,-30,8,-24,0,-26,5,-34,9,-30,6,-30,4,-30,13,-36,12,-44,20,-33,20,-37,19,-40,26,-42,24,-40,30,-41,20,-52,22,-43,34,-44,30,-44,26,-39,37,-31,27,-57,37,-49,41,-41,40,-47,40,-47,39,-52,39,-49,35,-55,29,-52,33,-48,30,-56,31,-62,22,-55,23,-61,13,-61,21,-64,23,-57,20,-66,19,-68,24,-73,4,-73,1,-71,12,-76,5,-70,0,-65,-5,-79,-6,-81,-7,-91,0,-92,0,-86,-13,-93,-9,-91,-14,-87,-8,-99,-16,-93,-19,-94,0,0,0,0,0,0,-105,16,-115,13,-92,5,-100,23,-106,35,-89,21,-96,25,-91,24,-101,23,-81,35,-78,39,-78,25,-82,47,-91,37,-79,30,-80,35,-80,41,-80,35,-81,35,-64,55,-61,56,-64,52,-57,45,-57,57,-59,52,-55,69,-57,61,-62,56,-56,61,-50,57,-53,63,-52,62,-44,68,-40,62,-46,64,-44,62,-36,68,-36,71,-42,66,-35,65,-41,60,-42,56,-43,55,-40,52,-42,53,-32,58,-30,47,-39,49,-26,43,-31,41,-26,42,-24,40,-30,42,-30,34,-28,32,-23,27,-29,26,0,0,0,0,0,0,0,0,0,0]"""
1782318882409,2026-06-25T01:34:42.379,warning,bed_exit,yja,bed_exit_failed,t057,"CSI_DATA,810734,1a:00:00:00:00:00,-66,11,-99,20,50,11,-344625651,47,2,256,0,""[0,0,0,0,0,0,0,0,0,0,0,0,-30,11,-24,6,-39,6,-27,4,-37,0,-34,0,-33,0,-46,0,-36,-5,-45,-8,-41,-17,-40,-18,-42,-16,-46,-19,-33,-15,-57,-38,-39,-27,-44,-40,-37,-29,-38,-39,-52,-51,-39,-35,-51,-46,-44,-42,-40,-47,-40,-47,-37,-52,-31,-40,-39,-58,-26,-46,-32,-60,-31,-39,-44,-53,-40,-59,-43,-52,-41,-49,-46,-61,-34,-65,-36,-59,-44,-62,-40,-49,-37,-71,-28,-62,-43,-57,-31,-50,-65,-71,-43,-63,-57,-58,-59,-65,-54,-62,-43,-71,-39,-79,-42,-74,-57,-91,-41,-78,-49,-72,-58,-86,0,0,0,0,0,0,-87,35,-104,48,-77,31,-92,44,-110,40,-82,28,-112,42,-77,31,-104,29,-79,29,-84,36,-93,44,-81,25,-89,42,-84,30,-81,24,-84,30,-81,26,-63,25,-94,30,-69,21,-86,29,-64,31,-78,39,-70,42,-69,26,-81,35,-81,26,-74,27,-85,30,-81,20,-64,28,-92,25,-66,19,-76,19,-57,18,-74,34,-74,25,-68,28,-73,18,-76,9,-73,-2,-74,0,-75,-3,-61,3,-71,-10,-50,-10,-62,-6,-40,-3,-63,-4,-52,-7,-48,-5,-41,-8,-49,-8,-40,-19,-40,-18,-32,-20,0,0,0,0,0,0,0,0,0,0]"""
1782318882420,2026-06-25T01:34:42.390,warning,bed_exit,yja,bed_exit_failed,t057,"CSI_DATA,810735,1a:00:00:00:00:00,-66,11,-99,21,50,11,-344614393,47,2,256,0,""[0,0,0,0,0,0,0,0,0,0,0,0,-24,-13,-20,-15,-21,-15,-22,-23,-22,-25,-21,-25,-22,-31,-11,-32,-18,-42,-15,-36,-16,-34,-17,-43,-20,-43,-18,-48,-17,-59,-22,-48,-23,-40,-17,-49,-11,-48,-15,-63,-13,-64,-14,-65,-4,-53,-10,-62,-10,-65,-10,-57,-9,-60,-8,-62,-27,-56,-19,-56,-17,-60,-21,-64,-12,-59,-22,-58,-8,-70,-18,-65,-17,-54,-29,-51,-27,-67,-27,-67,-29,-67,-51,-48,-45,-59,-39,-67,-44,-64,-35,-67,-40,-66,-35,-72,-54,-74,-60,-72,-71,-64,-67,-60,-61,-74,-60,-67,-76,-68,-64,-75,-63,-74,0,0,0,0,0,0,-89,70,-79,75,-74,67,-74,67,-72,67,-73,74,-64,76,-67,76,-63,74,-55,66,-66,64,-70,50,-64,79,-70,64,-51,66,-48,78,-48,72,-50,74,-55,76,-24,78,-31,73,-36,77,-34,77,-41,75,-47,70,-35,85,-33,67,-27,74,-21,74,-24,74,-24,71,-29,81,-11,82,-6,81,-22,79,-21,80,-26,72,-27,77,-34,74,-20,68,-29,70,-9,63,-20,69,-15,61,-24,59,-14,60,-8,65,-22,54,-19,54,-17,41,-17,50,-26,40,-18,41,-24,41,-15,36,-22,40,-20,31,0,0,0,0,0,0,0,0,0,0]"""
1782318882431,2026-06-25T01:34:42.401,warning,bed_exit,yja,bed_exit_failed,t057,"CSI_DATA,810736,1a:00:00:00:00:00,-66,11,-99,22,50,11,-344600736,47,2,256,0,""[0,0,0,0,0,0,0,0,0,0,0,0,26,-14,22,-10,32,-17,31,-9,31,-13,35,-13,33,-14,41,-17,34,-7,49,-11,43,-8,38,-7,47,-1,49,-8,47,-8,55,-8,46,-2,57,-3,58,-2,67,0,77,-2,50,2,62,-10,65,-3,57,2,60,0,58,-5,50,-2,70,-2,65,2,65,-7,62,-2,74,-12,66,-9,63,-17,51,-14,62,-16,63,-24,72,-23,66,-28,56,-23,73,-28,65,-24,68,-39,57,-31,72,-46,62,-42,60,-55,74,-45,72,-56,78,-59,69,-51,58,-58,77,-59,80,-60,70,-50,73,-84,0,0,0,0,0,0,-70,-73,-77,-74,-76,-70,-81,-64,-78,-67,-70,-56,-90,-73,-70,-64,-85,-59,-78,-62,-78,-51,-92,-47,-63,-50,-86,-45,-88,-49,-72,-35,-84,-38,-76,-24,-71,-18,-89,-33,-71,-24,-82,-19,-82,-20,-90,-20,-93,-10,-77,-15,-87,-5,-88,-7,-81,-9,-88,-3,-79,0,-62,3,-95,-5,-79,-1,-81,10,-83,-7,-89,10,-85,3,-77,5,-70,5,-77,0,-75,3,-77,-2,-68,1,-57,4,-68,0,-58,-5,-62,7,-58,0,-64,6,-53,3,-49,1,-45,-3,-48,-1,-41,-1,-37,-5,-35,-3,0,0,0,0,0,0,0,0,0,0]"""
1782318882442,2026-06-25T01:34:42.412,warning,bed_exit,yja,bed_exit_failed,t057,"CSI_DATA,810737,1a:00:00:00:00:00,-66,11,-99,19,50,11,-344592601,47,2,256,0,""[0,0,0,0,0,0,0,0,0,0,0,0,14,26,12,27,16,30,9,30,7,38,5,26,11,32,12,40,11,40,14,46,-5,41,7,55,1,46,1,46,-2,48,-15,60,-11,56,-19,51,-11,36,-2,56,2,64,-7,59,-8,62,-23,50,-14,56,-14,57,-22,66,-20,62,-33,64,-25,55,-31,66,-11,51,-9,51,-12,61,-4,56,-8,68,-14,72,-26,63,-10,71,-16,71,-15,69,-24,74,-30,66,-16,68,-3,62,2,82,0,76,21,86,-2,101,1,88,-15,77,-12,98,-6,98,-1,101,-26,93,-5,92,-2,104,0,0,0,0,0,0,99,15,114,26,80,13,105,15,119,10,89,23,101,30,93,18,97,26,80,4,83,2,104,-13,99,0,99,-9,76,15,89,-6,91,0,92,6,86,0,101,7,82,3,97,7,69,-5,73,-7,85,-21,78,-16,88,-27,79,-3,86,-16,85,-19,90,-16,75,-17,98,0,79,5,81,0,60,-5,78,-26,71,-11,71,-31,82,-10,75,-12,68,7,72,0,77,6,71,-1,68,11,61,14,57,8,40,0,51,4,48,-1,51,-7,46,10,50,0,34,11,40,15,40,13,0,0,0,0,0,0,0,0,0,0]"""
1782318882453,2026-06-25T01:34:42.423,warning,bed_exit,yja,bed_exit_failed,t057,"CSI_DATA,810738,1a:00:00:00:00:00,-66,11,-99,20,50,11,-344581291,47,2,256,0,""[0,0,0,0,0,0,0,0,0,0,0,0,28,-9,30,-6,30,-8,36,-6,26,2,29,3,34,0,40,6,43,4,38,7,45,10,46,18,42,24,47,19,46,24,57,16,55,16,47,31,47,21,45,18,40,28,62,39,54,45,38,49,36,46,47,35,46,45,42,45,44,30,47,33,42,49,45,37,45,41,47,46,53,45,61,45,53,46,42,40,52,43,57,44,52,47,62,25,67,37,64,50,66,41,64,42,79,38,75,48,71,42,78,52,76,47,86,46,85,47,88,47,87,48,86,50,86,52,0,0,0,0,0,0,72,-90,66,-89,61,-74,56,-82,55,-91,57,-87,55,-82,56,-79,62,-71,49,-77,48,-79,60,-70,45,-96,63,-72,54,-73,50,-70,57,-69,52,-72,53,-77,36,-80,32,-74,40,-79,34,-67,35,-76,43,-70,34,-81,43,-69,40,-68,37,-70,32,-69,35,-74,40,-72,26,-78,30,-66,34,-69,35,-66,34,-65,35,-71,42,-67,35,-68,42,-58,38,-58,38,-58,40,-49,41,-52,33,-61,30,-52,40,-47,36,-40,31,-39,32,-40,40,-33,28,-35,36,-24,32,-25,36,-30,38,-20,0,0,0,0,0,0,0,0,0,0]"""
1782318882464,2026-06-25T01:34:42.434,warning,bed_exit,yja,bed_exit_failed,t057,"CSI_DATA,810739,1a:00:00:00:00:00,-66,11,-99,14,51,11,-344569442,47,2,256,0,""[0,0,0,0,0,0,0,0,0,0,0,0,-7,21,-18,26,-15,20,-22,30,-18,22,-20,32,-27,26,-29,23,-28,29,-25,29,-30,26,-34,25,-30,32,-34,30,-50,37,-28,28,-46,35,-43,27,-45,45,-49,35,-57,26,-42,43,-46,25,-48,34,-50,39,-44,39,-50,37,-55,35,-32,44,-47,50,-44,34,-50,60,-42,48,-40,53,-45,51,-37,55,-30,43,-36,54,-32,60,-27,59,-39,70,-14,60,-27,81,-26,69,-29,93,-30,73,-12,79,-24,84,-3,83,-5,86,1,97,0,99,-5,102,-1,86,9,102,9,114,-4,98,0,0,0,0,0,0,114,-4,94,0,122,-15,104,-4,85,-12,119,-6,80,-24,113,-24,86,-16,105,-24,94,-28,88,-15,84,-37,78,-31,90,-35,81,-44,79,-49,70,-39,91,-47,54,-50,77,-62,73,-46,75,-67,65,-60,55,-49,50,-65,46,-51,50,-61,52,-68,44,-62,47,-56,65,-72,22,-70,42,-81,43,-61,50,-87,42,-61,32,-74,38,-70,34,-68,32,-59,32,-68,24,-72,24,-60,34,-68,18,-50,28,-68,28,-42,31,-64,24,-43,22,-47,24,-41,17,-41,17,-37,24,-42,19,-35,22,-39,0,0,0,0,0,0,0,0,0,0]"""
1782318882475,2026-06-25T01:34:42.445,warning,bed_exit,yja,bed_exit_failed,t057,"CSI_DATA,810740,1a:00:00:00:00:00,-66,11,-99,19,50,11,-344559443,47,2,256,0,""[0,0,0,0,0,0,0,0,0,0,0,0,26,-11,25,-11,24,-6,29,-7,30,-7,43,-3,36,-2,43,0,40,0,36,6,51,1,47,4,44,7,43,8,46,17,51,21,57,28,50,19,46,37,48,32,36,26,43,36,50,36,52,40,46,40,46,34,46,39,42,36,43,44,40,46,42,43,49,55,45,56,41,49,42,53,36,44,54,46,56,46,51,46,51,41,53,49,51,46,61,55,56,51,67,55,69,59,63,54,60,57,54,62,71,66,73,66,66,60,72,67,76,69,73,78,63,73,61,86,0,0,0,0,0,0,77,-67,75,-61,96,-56,82,-56,70,-61,87,-68,89,-51,91,-61,81,-49,89,-57,90,-50,83,-51,82,-46,75,-44,78,-65,71,-55,71,-57,66,-51,69,-51,76,-46,72,-51,69,-51,81,-48,79,-43,63,-43,68,-31,64,-47,66,-60,67,-47,68,-55,66,-44,63,-51,71,-40,73,-42,68,-43,80,-41,79,-29,74,-30,73,-33,70,-32,65,-31,66,-36,68,-28,58,-21,61,-18,64,-17,61,-14,60,-9,61,-4,58,-6,51,-4,51,-2,40,4,41,0,47,2,41,3,41,5,0,0,0,0,0,0,0,0,0,0]"""
1782318882486,2026-06-25T01:34:42.456,warning,bed_exit,yja,bed_exit_failed,t057,"CSI_DATA,810741,1a:00:00:00:00:00,-66,11,-99,19,50,11,-344548159,47,2,256,0,""[0,0,0,0,0,0,0,0,0,0,0,0,21,10,24,17,21,19,21,28,21,23,21,31,13,33,19,41,15,36,20,31,25,37,20,39,16,42,14,49,11,49,0,47,3,56,1,50,4,67,-18,71,-11,70,-14,51,-11,51,0,66,-1,59,-7,52,-9,56,-9,58,-19,54,-16,65,-15,58,-27,75,-31,68,-24,63,-22,66,-25,57,-16,56,-11,72,-11,75,-14,69,-21,72,-19,61,-25,70,-22,68,-33,81,-30,81,-26,73,-32,69,-36,80,-19,76,-23,99,-17,81,-33,85,-38,89,-36,101,-41,103,-48,92,0,0,0,0,0,0,100,61,85,45,109,54,84,66,77,48,86,61,74,55,96,65,79,52,81,67,82,76,81,61,63,61,74,49,84,47,76,40,84,48,79,42,69,49,65,56,74,56,65,45,80,58,68,61,76,53,62,54,58,41,82,44,76,39,71,40,64,39,60,46,56,52,62,55,58,46,65,70,55,71,52,58,51,64,32,57,40,52,50,51,51,58,41,54,31,55,25,55,29,59,21,55,23,57,16,58,13,45,13,51,8,41,16,47,11,47,2,37,6,41,0,0,0,0,0,0,0,0,0,0]"""
1782318882497,2026-06-25T01:34:42.467,warning,bed_exit,yja,bed_exit_failed,t057,"CSI_DATA,810742,1a:00:00:00:00:00,-66,11,-99,17,50,11,-344537651,47,2,256,0,""[0,0,0,0,0,0,0,0,0,0,0,0,-64,67,-52,101,-31,40,-107,-35,24,-36,-4,46,19,-52,10,17,14,10,-128,-25,-46,22,-39,-28,-69,14,-38,-19,-85,-53,-56,7,-54,-33,-40,-46,-36,-4,-44,-38,-59,-11,-46,-20,-53,-25,-44,-30,-55,-22,-56,-30,-51,-38,-44,-37,-56,-46,-46,-40,-42,-48,-38,-26,-52,-29,-55,-35,-54,-30,-61,-46,-54,-45,-43,-50,-63,-43,-60,-50,-52,-41,-49,-70,-47,-62,-54,-56,-46,-38,-67,-60,-62,-54,-70,-47,-67,-65,-71,-59,-53,-63,-61,-71,-52,-74,-74,-76,-53,-82,-60,-65,-58,-81,0,0,0,0,0,0,-99,48,-109,48,-86,37,-104,30,-112,48,-96,17,-108,30,-88,26,-107,23,-84,23,-84,30,-104,39,-94,30,-93,42,-88,21,-81,25,-85,35,-92,20,-80,23,-99,17,-78,19,-98,6,-70,22,-75,24,-84,28,-85,24,-89,29,-76,14,-82,24,-85,22,-89,11,-83,6,-93,2,-78,3,-81,-3,-63,4,-78,6,-79,6,-79,11,-82,-1,-78,-11,-68,-24,-75,-9,-72,-22,-65,-17,-62,-30,-54,-30,-56,-22,-38,-17,-50,-19,-44,-22,-48,-15,-40,-25,-43,-21,-29,-28,-28,-34,-22,-35,0,0,0,0,0,0,0,0,0,0]"""
1782318882508,2026-06-25T01:34:42.478,warning,bed_exit,yja,bed_exit_failed,t057,"CSI_DATA,810743,1a:00:00:00:00:00,-66,11,-99,19,50,11,-344526613,47,2,256,0,""[0,0,0,0,0,0,0,0,0,0,0,0,-21,6,-33,9,-24,10,-33,6,-31,6,-36,0,-37,0,-38,-5,-44,-5,-36,-13,-38,-10,-41,-16,-42,-21,-40,-25,-46,-26,-35,-27,-45,-35,-41,-29,-46,-46,-49,-35,-46,-20,-43,-51,-19,-48,-36,-53,-29,-54,-25,-57,-21,-56,-24,-66,-26,-39,-31,-54,-30,-54,-36,-73,-21,-59,-36,-53,-30,-66,-20,-61,-27,-59,-26,-63,-23,-61,-20,-56,-22,-70,-30,-61,-40,-74,-16,-76,-21,-99,-14,-60,-29,-84,-13,-87,-26,-76,-21,-86,-24,-96,-18,-92,-22,-104,-9,-90,-15,-99,-6,-110,-10,-102,0,0,0,0,0,0,-119,-1,-95,-4,-122,-11,-105,-14,-76,-21,-111,-28,-90,-14,-113,-26,-87,-16,-105,-36,-103,-34,-82,-28,-101,-31,-76,-31,-90,-41,-82,-43,-87,-33,-81,-40,-93,-41,-69,-32,-84,-31,-76,-27,-89,-36,-85,-38,-75,-25,-88,-41,-68,-41,-75,-39,-81,-41,-69,-41,-66,-50,-79,-56,-63,-36,-79,-39,-62,-51,-79,-60,-57,-46,-66,-47,-58,-59,-56,-60,-42,-55,-47,-57,-45,-56,-33,-52,-34,-62,-38,-50,-43,-55,-25,-58,-25,-69,-9,-46,-21,-56,-10,-51,-11,-46,-4,-44,-7,-44,-3,-42,2,-40,0,0,0,0,0,0,0,0,0,0]"""
1782318882519,2026-06-25T01:34:42.489,warning,bed_exit,yja,bed_exit_failed,t057,"CSI_DATA,810744,1a:00:00:00:00:00,-66,11,-99,19,50,11,-344514410,47,2,256,0,""[0,0,0,0,0,0,0,0,0,0,0,0,26,8,33,13,26,7,31,15,31,16,32,23,29,30,25,33,31,33,18,29,31,28,31,31,37,35,36,35,36,51,26,34,34,48,36,37,33,50,26,64,30,61,31,55,13,53,41,55,30,54,29,51,28,49,23,62,36,44,37,55,31,56,36,67,23,60,25,61,24,68,27,57,31,55,46,53,47,51,43,45,39,70,50,42,61,56,56,65,58,78,31,65,50,60,40,82,51,63,64,68,81,60,71,53,68,77,64,71,89,56,81,81,74,76,0,0,0,0,0,0,83,-75,72,-61,90,-97,89,-68,66,-61,83,-74,65,-69,82,-85,64,-67,83,-71,88,-67,81,-48,72,-61,70,-57,60,-75,61,-71,56,-69,50,-62,63,-76,35,-61,50,-77,49,-69,56,-84,61,-69,60,-56,51,-69,53,-56,37,-81,35,-83,37,-71,37,-66,53,-72,27,-70,33,-82,41,-72,51,-93,61,-63,46,-66,61,-64,46,-56,43,-56,31,-69,32,-63,31,-54,46,-55,32,-50,32,-57,41,-46,54,-50,45,-26,41,-33,42,-26,34,-38,38,-22,34,-41,30,-32,36,-25,0,0,0,0,0,0,0,0,0,0]"""
1782318882530,2026-06-25T01:34:42.500,warning,bed_exit,yja,bed_exit_failed,t057,"CSI_DATA,810745,1a:00:00:00:00:00,-66,11,-99,17,50,11,-344504577,47,2,256,0,""[0,0,0,0,0,0,0,0,0,0,0,0,12,-20,12,-26,9,-22,20,-25,16,-29,22,-34,30,-25,18,-20,23,-39,26,-25,31,-31,39,-28,26,-33,34,-32,41,-41,36,-25,38,-36,38,-39,46,-43,51,-39,48,-39,40,-46,49,-30,49,-43,43,-42,44,-43,49,-33,58,-35,39,-30,46,-46,39,-41,62,-67,46,-38,34,-54,38,-75,44,-58,38,-53,8,-61,36,-62,29,-55,37,-52,35,-53,34,-78,9,-63,38,-108,23,-72,24,-78,55,-71,5,-77,17,-90,20,-119,6,-94,12,-101,1,-112,16,-103,12,-110,-15,-94,0,0,0,0,0,0,-120,0,-97,8,-118,5,-120,-1,-98,0,-110,2,-88,10,-106,6,-88,9,-109,10,-102,16,-90,14,-96,28,-90,12,-91,14,-96,25,-83,27,-84,24,-90,32,-63,40,-79,46,-79,44,-84,46,-72,46,-65,42,-68,59,-67,48,-60,49,-66,52,-62,50,-65,50,-73,54,-42,56,-46,67,-62,63,-60,76,-48,54,-47,66,-59,58,-56,55,-56,50,-49,60,-38,55,-41,48,-50,48,-35,52,-38,55,-44,44,-50,46,-35,38,-36,44,-41,37,-31,37,-36,34,-33,29,-30,26,-30,30,0,0,0,0,0,0,0,0,0,0]"""
1782318882541,2026-06-25T01:34:42.511,warning,bed_exit,yja,bed_exit_failed,t057,"CSI_DATA,810746,1a:00:00:00:00:00,-66,11,-99,19,50,11,-344493028,47,2,256,0,""[0,0,0,0,0,0,0,0,0,0,0,0,-10,-22,-8,-33,-8,-23,-8,-34,-8,-35,-6,-30,-6,-38,2,-32,-4,-47,10,-47,2,-43,3,-46,0,-48,3,-55,10,-56,-2,-50,-3,-52,2,-50,6,-49,6,-66,9,-56,16,-66,18,-53,8,-60,17,-57,7,-56,11,-65,15,-64,1,-64,-6,-61,3,-64,0,-67,0,-66,-3,-70,9,-68,0,-70,-4,-66,-17,-66,-13,-70,-16,-68,-14,-73,-33,-64,-36,-65,-24,-80,-27,-74,-20,-76,-33,-76,-18,-87,-38,-82,-38,-88,-55,-75,-52,-81,-51,-82,-52,-78,-64,-89,-52,-87,-61,-85,0,0,0,0,0,0,-89,65,-87,66,-86,68,-80,61,-86,65,-81,69,-70,76,-76,85,-76,73,-71,62,-76,66,-71,53,-59,78,-75,64,-60,66,-59,66,-55,76,-54,74,-59,82,-29,81,-26,80,-39,79,-35,79,-37,77,-42,74,-32,91,-36,76,-26,84,-21,88,-23,77,-20,81,-25,86,-2,81,0,84,-12,89,-15,89,-22,77,-14,80,-27,84,-15,75,-14,75,-3,74,-6,76,-3,71,-16,70,3,68,0,66,-14,67,-11,57,-11,49,-12,58,-23,44,-12,52,-16,48,-11,39,-10,41,-13,40,0,0,0,0,0,0,0,0,0,0]"""
1782318882552,2026-06-25T01:34:42.522,warning,bed_exit,yja,bed_exit_failed,t057,"CSI_DATA,810747,1a:00:00:00:00:00,-66,11,-99,16,50,11,-344482651,47,2,256,0,""[0,0,0,0,0,0,0,0,0,0,0,0,-13,-25,-10,-28,-7,-32,-9,-26,-5,-30,-5,-35,-6,-42,-8,-44,-3,-39,-6,-44,0,-47,8,-45,1,-47,5,-46,0,-34,8,-58,5,-46,4,-63,12,-55,15,-53,19,-62,12,-45,12,-66,16,-60,15,-52,15,-58,12,-54,5,-50,22,-65,11,-55,11,-69,22,-60,10,-71,12,-63,12,-64,0,-61,6,-70,1,-80,7,-68,-1,-72,-3,-62,-2,-85,-4,-73,-17,-79,-6,-77,-30,-93,-16,-83,-25,-85,-12,-82,-19,-92,-9,-92,-17,-84,-26,-81,-31,-109,-27,-99,-13,-96,-27,-109,0,0,0,0,0,0,-94,33,-103,32,-96,36,-102,43,-110,38,-86,52,-108,42,-88,31,-99,41,-95,40,-94,40,-96,53,-81,40,-86,41,-85,45,-88,41,-84,40,-73,49,-54,45,-94,53,-73,46,-74,63,-74,55,-68,61,-61,72,-58,49,-64,68,-63,57,-61,54,-59,61,-52,58,-39,54,-72,67,-55,58,-50,68,-57,60,-53,73,-53,61,-48,65,-50,57,-55,56,-52,61,-58,51,-48,43,-35,47,-53,47,-44,39,-42,48,-42,39,-47,50,-42,39,-38,39,-41,31,-34,31,-40,30,-32,19,-31,21,0,0,0,0,0,0,0,0,0,0]"""
1782318882563,2026-06-25T01:34:42.533,warning,bed_exit,yja,bed_exit_failed,t057,"CSI_DATA,810748,1a:00:00:00:00:00,-66,11,-99,17,50,11,-344470604,47,2,256,0,""[0,0,0,0,0,0,0,0,0,0,0,0,-17,-14,-24,-23,-19,-14,-27,-25,-27,-24,-21,-23,-22,-26,-19,-26,-27,-30,-17,-38,-16,-38,-12,-46,-20,-47,-22,-48,-21,-55,-19,-37,-23,-47,-19,-49,-24,-52,-13,-59,-3,-52,-24,-62,-4,-53,-14,-61,-14,-63,-16,-54,-14,-53,-17,-69,-27,-49,-26,-62,-20,-60,-28,-70,-17,-56,-30,-61,-26,-62,-30,-63,-22,-61,-38,-56,-35,-61,-34,-60,-36,-62,-51,-46,-54,-56,-50,-71,-58,-70,-44,-62,-59,-62,-42,-72,-70,-56,-68,-74,-70,-62,-72,-58,-70,-72,-70,-63,-90,-54,-86,-68,-86,-73,0,0,0,0,0,0,-70,94,-65,79,-74,89,-68,81,-60,68,-69,78,-52,83,-62,90,-56,77,-67,83,-62,84,-56,67,-49,86,-60,72,-53,76,-52,78,-38,79,-38,82,-51,92,-21,74,-22,89,-31,84,-32,94,-30,87,-28,88,-25,94,-27,70,-18,83,-17,86,-19,77,-24,79,-24,89,6,81,-2,90,-11,86,-9,102,-17,73,-9,82,-21,82,-16,77,-14,73,-9,75,-6,76,-11,61,-18,75,0,63,3,69,-17,62,-18,69,-15,48,-13,52,-26,46,-6,53,-21,48,-14,46,-21,39,-14,39,0,0,0,0,0,0,0,0,0,0]"""
1782318882574,2026-06-25T01:34:42.544,warning,bed_exit,yja,bed_exit_failed,t057,"CSI_DATA,810749,1a:00:00:00:00:00,-66,11,-99,17,50,11,-344459653,47,2,256,0,""[0,0,0,0,0,0,0,0,0,0,0,0,-27,14,-27,13,-31,14,-32,6,-34,10,-38,11,-39,2,-28,0,-45,5,-40,-10,-46,-1,-39,-4,-44,-8,-50,-1,-56,-17,-38,0,-52,-5,-55,-1,-58,-14,-56,-32,-53,-28,-58,-20,-56,-22,-57,-22,-63,-23,-59,-16,-58,-20,-60,-22,-59,-18,-61,-10,-60,-14,-68,-21,-61,-24,-64,-15,-61,-24,-66,-8,-65,-11,-70,-3,-70,-9,-69,-2,-74,-16,-68,10,-75,13,-84,-2,-87,-2,-75,-10,-88,6,-88,-6,-94,3,-101,1,-94,19,-101,15,-99,16,-94,7,-100,24,-105,9,-112,19,0,0,0,0,0,0,-5,115,7,118,16,121,14,110,12,97,17,108,14,92,4,108,23,111,14,92,22,94,-1,84,10,107,-5,91,19,85,12,89,24,101,14,86,22,94,42,69,30,79,46,88,39,85,22,75,35,86,51,81,30,72,47,74,43,87,39,65,40,72,38,84,56,67,57,65,43,76,50,80,30,71,46,71,29,78,38,75,30,72,43,64,24,57,30,60,20,67,41,52,37,57,22,62,23,62,15,46,21,56,6,54,19,50,13,48,8,44,8,41,7,39,0,0,0,0,0,0,0,0,0,0]"""
1782318882585,2026-06-25T01:34:42.555,warning,bed_exit,yja,bed_exit_failed,t057,"CSI_DATA,810750,1a:00:00:00:00:00,-65,11,-99,19,50,11,-344449362,47,2,256,0,""[0,0,0,0,0,0,0,0,0,0,0,0,2,-29,8,-25,6,-32,7,-37,8,-27,19,-34,19,-36,20,-34,22,-25,23,-30,33,-35,34,-30,38,-32,32,-27,43,-30,49,-21,52,-24,41,-23,49,-25,62,-21,66,-16,44,-4,63,-13,61,-16,58,-10,65,-3,62,0,61,0,57,6,69,2,66,-1,71,7,70,0,65,12,65,0,66,16,66,11,74,15,69,16,68,6,76,7,69,27,84,26,76,6,82,26,93,21,77,29,88,14,80,24,82,19,86,32,86,36,98,41,91,45,96,47,93,43,101,49,0,0,0,0,0,0,59,-90,65,-81,69,-96,71,-81,74,-74,75,-81,76,-72,80,-78,71,-66,95,-70,84,-66,82,-69,77,-53,70,-56,76,-62,77,-58,75,-58,71,-56,69,-57,77,-47,83,-53,67,-49,80,-51,77,-50,74,-51,78,-36,76,-47,80,-50,80,-42,80,-40,77,-34,81,-36,81,-21,92,-26,77,-31,89,-24,87,-23,81,-14,81,-16,78,-1,74,-3,81,-1,72,6,76,1,73,-3,64,15,72,17,59,9,59,19,63,16,49,23,50,19,44,25,40,26,45,28,36,27,31,29,0,0,0,0,0,0,0,0,0,0]"""
1782318882596,2026-06-25T01:34:42.566,warning,bed_exit,yja,bed_exit_failed,t057,"CSI_DATA,810751,1a:00:00:00:00:00,-65,11,-99,17,50,11,-344438488,47,2,256,0,""[0,0,0,0,0,0,0,0,0,0,0,0,12,16,13,26,12,26,14,32,11,30,16,40,12,42,14,32,23,38,4,35,9,44,12,43,16,53,12,40,8,63,22,38,11,53,19,42,15,62,7,65,5,65,20,58,10,54,7,67,17,67,15,56,9,54,14,65,18,46,30,69,14,56,30,77,21,62,35,59,25,62,40,54,32,51,34,60,46,59,43,54,46,70,44,33,66,60,46,58,79,66,60,50,75,46,66,50,75,55,71,54,80,52,81,45,90,59,78,43,92,48,108,52,98,53,0,0,0,0,0,0,54,-110,44,-90,62,-111,57,-95,27,-80,54,-110,28,-80,39,-118,38,-78,31,-115,25,-104,29,-83,3,-103,19,-86,18,-99,6,-96,7,-94,8,-88,9,-110,-9,-75,-13,-95,0,-75,-12,-107,-14,-93,-9,-88,-27,-87,-18,-70,-18,-89,-24,-79,-32,-79,-19,-73,-22,-90,-38,-58,-45,-82,-22,-74,-48,-95,-29,-80,-42,-70,-26,-78,-43,-63,-34,-57,-34,-70,-44,-60,-30,-66,-30,-70,-35,-45,-45,-64,-21,-56,-36,-70,-23,-44,-29,-51,-18,-48,-26,-43,-16,-42,-21,-41,-13,-41,-16,-43,0,0,0,0,0,0,0,0,0,0]"""
1782318882607,2026-06-25T01:34:42.577,warning,bed_exit,yja,bed_exit_failed,t057,"CSI_DATA,810752,1a:00:00:00:00:00,-65,11,-99,6,50,11,-344424319,47,2,256,0,""[0,0,0,0,0,0,0,0,0,0,0,0,20,11,22,20,17,15,30,26,20,22,21,35,13,36,15,37,9,41,8,35,19,43,11,43,8,39,3,42,-8,53,6,39,2,52,2,58,-15,70,-21,54,-22,33,-18,59,-28,48,-22,55,-25,58,-20,58,-25,53,-35,64,-22,43,-30,57,-22,57,-41,66,-46,51,-39,46,-47,51,-40,50,-36,52,-24,70,-31,59,-30,53,-51,50,-26,65,-31,79,-55,66,-65,91,-58,51,-50,70,-72,50,-58,59,-61,68,-58,86,-48,86,-69,76,-68,73,-62,90,-82,72,-86,64,0,0,0,0,0,0,68,93,53,82,64,110,46,102,42,81,57,110,44,83,44,105,47,79,39,101,37,108,18,91,37,93,18,91,46,91,41,86,35,82,32,77,29,95,40,69,43,92,28,81,30,98,14,94,7,80,25,81,10,79,37,84,36,80,35,84,18,80,19,97,26,73,30,79,19,83,14,101,-19,83,-3,80,-15,87,-7,77,-8,72,3,80,-4,77,-4,62,-20,68,-2,65,-11,72,-22,63,-28,72,-35,42,-28,50,-41,40,-29,39,-30,36,-22,47,-30,37,-32,28,0,0,0,0,0,0,0,0,0,0]"""
1782318882618,2026-06-25T01:34:42.588,warning,bed_exit,yja,bed_exit_failed,t057,"CSI_DATA,810753,1a:00:00:00:00:00,-65,11,-99,16,50,11,-344416390,47,2,256,0,""[0,0,0,0,0,0,0,0,0,0,0,0,-22,-14,-24,-21,-17,-10,-30,-24,-19,-20,-28,-41,-18,-34,-17,-31,-15,-39,-8,-29,-10,-42,-16,-49,-9,-43,-9,-41,-10,-58,-14,-41,-11,-60,-3,-46,-5,-63,0,-70,-3,-56,9,-59,9,-42,2,-62,10,-57,14,-60,20,-54,20,-77,8,-44,13,-59,11,-54,19,-81,19,-62,13,-57,19,-66,20,-59,16,-58,12,-72,15,-60,15,-60,20,-66,5,-66,8,-90,15,-70,28,-108,25,-72,16,-86,36,-87,16,-83,23,-80,18,-103,20,-94,30,-112,33,-90,25,-97,35,-110,31,-99,0,0,0,0,0,0,-109,-42,-81,-34,-116,-63,-98,-50,-72,-42,-117,-62,-71,-39,-106,-50,-77,-38,-112,-77,-101,-67,-76,-51,-81,-53,-62,-48,-77,-58,-84,-53,-82,-46,-76,-45,-93,-61,-65,-31,-90,-43,-74,-40,-98,-57,-79,-48,-71,-42,-76,-37,-55,-44,-76,-40,-69,-42,-74,-51,-66,-43,-85,-60,-65,-27,-80,-44,-63,-43,-94,-66,-61,-57,-62,-49,-56,-59,-51,-58,-50,-51,-66,-55,-52,-53,-39,-51,-44,-66,-44,-41,-52,-53,-30,-45,-35,-77,-22,-46,-29,-53,-10,-48,-22,-42,-12,-43,-19,-52,-9,-46,-11,-45,0,0,0,0,0,0,0,0,0,0]"""
1782318882629,2026-06-25T01:34:42.599,warning,bed_exit,yja,bed_exit_failed,t057,"CSI_DATA,810754,1a:00:00:00:00:00,-65,11,-99,18,50,11,-344403735,47,2,256,0,""[0,0,0,0,0,0,0,0,0,0,0,0,0,-24,-2,-36,-2,-24,6,-30,-1,-30,6,-42,14,-42,13,-33,11,-40,17,-26,21,-44,26,-42,28,-35,28,-36,37,-48,21,-37,34,-46,24,-38,53,-48,43,-35,39,-19,40,-42,42,-24,53,-36,56,-34,54,-36,49,-30,57,-30,28,-21,53,-32,54,-42,74,-24,59,-24,54,-31,62,4,59,-34,55,-28,73,-21,53,-32,50,-27,85,-33,57,-57,71,-72,62,-19,88,-83,73,-32,76,-43,107,-23,61,-47,78,-42,119,-64,75,-66,84,-64,104,-43,83,-57,102,-55,99,-58,0,0,0,0,0,0,-48,-104,-27,-79,-56,-120,-44,-92,-25,-84,-52,-117,-32,-71,-43,-116,-33,-80,-40,-115,-37,-105,-25,-90,-38,-96,-18,-82,-37,-98,-28,-101,-32,-93,-23,-82,-27,-102,-39,-59,-45,-82,-35,-72,-35,-105,-32,-94,-24,-80,-34,-81,-24,-74,-36,-86,-36,-79,-32,-79,-25,-73,-30,-99,-36,-59,-41,-86,-32,-75,-37,-105,-14,-83,-22,-81,-12,-84,-17,-69,-15,-69,-21,-82,-9,-70,-5,-57,-4,-73,-16,-55,-11,-75,2,-55,6,-84,11,-54,3,-61,19,-54,4,-52,16,-42,11,-48,16,-37,18,-41,0,0,0,0,0,0,0,0,0,0]"""
1782318882640,2026-06-25T01:34:42.610,warning,bed_exit,yja,bed_exit_failed,t057,"CSI_DATA,810755,1a:00:00:00:00:00,-65,11,-99,16,50,11,-344394652,47,2,256,0,""[0,0,0,0,0,0,0,0,0,0,0,0,-20,18,-33,19,-22,17,-30,21,-27,12,-36,14,-38,20,-35,9,-46,22,-34,8,-43,7,-45,11,-40,9,-48,4,-61,2,-50,2,-58,1,-55,-3,-55,3,-55,7,-42,2,-71,3,-56,2,-58,-9,-57,-9,-65,-4,-66,-8,-74,-7,-51,0,-63,-2,-62,-9,-66,0,-60,-9,-59,5,-66,0,-88,6,-65,1,-69,4,-67,16,-68,11,-80,-1,-70,22,-83,19,-80,0,-92,21,-79,17,-87,23,-84,12,-92,28,-86,23,-92,25,-104,34,-111,31,-87,23,-94,25,-108,36,-105,19,0,0,0,0,0,0,15,117,12,105,19,113,7,112,23,106,9,119,13,89,23,113,9,92,32,109,29,100,20,94,39,109,29,86,22,94,32,92,37,88,29,86,34,104,38,72,40,88,24,94,45,76,42,70,31,83,42,88,42,75,42,77,52,75,53,76,48,76,44,96,42,66,47,70,34,82,53,77,36,69,52,77,38,74,46,84,34,59,39,73,42,66,39,68,30,74,24,60,30,62,19,65,25,60,17,51,20,55,16,51,21,51,10,44,9,42,14,45,9,50,0,0,0,0,0,0,0,0,0,0]"""
1782318882651,2026-06-25T01:34:42.621,warning,bed_exit,yja,bed_exit_failed,t057,"CSI_DATA,810756,1a:00:00:00:00:00,-65,11,-99,16,50,11,-344380938,47,2,256,0,""[0,0,0,0,0,0,0,0,0,0,0,0,26,0,28,5,26,7,35,17,31,14,38,14,33,29,31,18,26,23,31,30,42,27,36,24,37,30,34,35,32,41,25,35,29,47,26,35,29,58,18,68,35,65,12,57,15,47,25,61,21,53,21,58,19,53,12,58,8,57,13,70,13,58,16,83,3,73,7,67,8,72,3,60,17,61,24,67,17,71,18,71,12,78,14,66,19,81,11,77,9,101,9,83,11,87,4,81,3,87,16,93,20,104,19,86,14,104,8,102,11,113,13,120,-9,105,0,0,0,0,0,0,111,9,100,11,127,12,103,21,85,8,117,12,100,24,117,27,91,14,122,29,103,31,94,22,88,31,90,21,97,10,92,4,94,8,94,11,92,19,82,22,97,12,77,12,108,28,93,28,92,20,80,24,78,14,106,4,84,11,88,6,79,9,82,20,79,23,94,31,77,18,105,37,90,44,82,37,72,47,66,36,64,24,75,30,70,36,66,29,61,42,45,37,59,44,46,38,53,52,38,49,36,44,33,47,20,40,33,37,30,50,25,35,22,37,0,0,0,0,0,0,0,0,0,0]"""
1782318882662,2026-06-25T01:34:42.632,warning,bed_exit,yja,bed_exit_failed,t057,"CSI_DATA,810757,1a:00:00:00:00:00,-65,11,-99,16,50,11,-344371383,47,2,256,0,""[0,0,0,0,0,0,0,0,0,0,0,0,20,17,16,16,28,23,20,21,21,33,20,29,19,29,30,38,13,32,12,43,10,41,3,40,6,51,1,52,6,40,-1,59,-8,46,-1,53,-9,55,-3,61,-5,72,-24,51,-15,60,-27,57,-34,53,-33,53,-31,53,-21,44,-44,61,-36,50,-31,54,-34,45,-38,67,-45,53,-43,54,-38,58,-47,50,-48,48,-61,58,-53,62,-47,62,-59,60,-50,50,-53,65,-46,49,-51,70,-63,55,-55,71,-72,65,-68,67,-81,53,-80,51,-67,53,-94,67,-97,55,-88,50,-95,61,0,0,0,0,0,0,41,98,51,111,42,94,51,103,44,115,30,82,39,124,27,92,30,109,12,97,19,92,31,105,10,94,20,107,15,93,5,90,2,98,8,96,14,75,7,104,7,80,14,93,2,82,9,91,9,97,0,87,5,96,0,91,-10,88,-6,88,-3,96,3,71,-19,98,-8,83,-9,90,-19,76,-11,93,-23,78,-16,90,-17,71,-33,78,-34,72,-44,63,-47,66,-30,62,-44,57,-38,50,-37,53,-34,38,-40,51,-42,40,-41,36,-42,28,-42,27,-48,24,-41,14,-34,14,0,0,0,0,0,0,0,0,0,0]"""
1782318882673,2026-06-25T01:34:42.643,warning,bed_exit,yja,bed_exit_failed,t057,"CSI_DATA,810758,1a:00:00:00:00:00,-65,11,-99,16,50,11,-344358839,47,2,256,0,""[0,0,0,0,0,0,0,0,0,0,0,0,-22,1,-36,2,-24,1,-40,-1,-23,1,-43,-9,-38,-20,-30,-17,-33,-20,-28,-19,-38,-30,-40,-28,-36,-28,-31,-31,-42,-41,-31,-28,-43,-43,-27,-36,-38,-69,-27,-49,-14,-34,-28,-54,-9,-45,-21,-57,-20,-62,-14,-63,-14,-56,-7,-72,-16,-42,-19,-64,-17,-53,-18,-83,0,-68,-8,-61,-1,-62,0,-62,-1,-53,-10,-73,-8,-67,-8,-60,0,-75,-17,-60,-22,-87,-9,-70,-1,-128,3,-82,-7,-94,12,-93,-1,-81,6,-81,-3,-108,0,-93,6,-114,8,-86,-2,-102,21,-123,15,-97,0,0,0,0,0,0,-118,-37,-75,-27,-128,-47,-99,-41,-71,-27,-121,-50,-71,-20,-116,-45,-72,-23,-120,-72,-97,-61,-68,-53,-85,-54,-62,-50,-87,-55,-88,-51,-75,-45,-69,-45,-86,-54,-58,-26,-90,-52,-66,-37,-96,-71,-84,-56,-63,-58,-71,-51,-44,-41,-77,-51,-77,-51,-64,-55,-56,-45,-76,-68,-54,-32,-84,-63,-61,-55,-83,-87,-52,-70,-52,-72,-43,-72,-32,-61,-29,-51,-54,-72,-40,-59,-31,-51,-23,-72,-34,-44,-37,-70,-12,-57,-16,-90,2,-57,-9,-60,11,-58,0,-47,1,-47,-3,-55,4,-47,9,-42,0,0,0,0,0,0,0,0,0,0]"""
1782318882684,2026-06-25T01:34:42.654,warning,bed_exit,yja,bed_exit_failed,t057,"CSI_DATA,810759,1a:00:00:00:00:00,-65,11,-99,15,50,11,-344348523,47,2,256,0,""[0,0,0,0,0,0,0,0,0,0,0,0,23,-20,14,-18,23,-16,23,-19,34,-17,37,-12,35,-13,39,-15,40,-3,41,-4,50,-7,46,0,45,6,44,4,38,3,58,15,56,16,58,21,46,29,42,22,45,30,44,27,63,43,54,38,45,45,47,46,52,47,46,32,45,62,36,51,46,52,30,52,50,52,36,58,43,54,41,56,44,66,43,63,34,70,43,69,45,57,35,82,35,75,43,64,34,68,57,86,32,87,48,80,32,84,35,93,25,90,25,93,32,84,27,119,18,106,16,93,19,108,0,0,0,0,0,0,99,-5,118,-8,100,6,117,-3,125,10,101,0,125,21,100,23,116,19,97,29,101,21,114,22,90,33,101,21,97,25,90,28,88,35,87,30,70,18,101,45,81,34,91,37,79,35,84,42,96,35,68,45,93,41,85,41,74,45,79,44,77,49,71,34,75,67,63,50,69,52,58,56,78,59,50,61,63,62,46,64,54,71,45,71,31,74,33,69,35,56,21,79,18,63,25,61,9,57,20,67,7,58,10,62,0,46,0,49,-7,53,-14,43,-10,42,0,0,0,0,0,0,0,0,0,0]"""
1782318882695,2026-06-25T01:34:42.665,warning,bed_exit,yja,bed_exit_failed,t057,"CSI_DATA,810760,1a:00:00:00:00:00,-65,11,-99,15,50,11,-344339625,47,2,256,0,""[0,0,0,0,0,0,0,0,0,0,0,0,-26,16,-21,12,-31,15,-23,16,-37,9,-31,-1,-32,0,-40,2,-40,0,-46,3,-44,-9,-39,-7,-44,-11,-51,-7,-43,-13,-62,-22,-43,-18,-52,-29,-42,-15,-52,-26,-61,-36,-50,-29,-62,-45,-54,-36,-45,-35,-43,-46,-44,-44,-43,-37,-60,-60,-41,-42,-59,-53,-30,-34,-49,-43,-48,-52,-50,-44,-54,-49,-50,-63,-37,-61,-42,-61,-53,-64,-47,-46,-59,-77,-43,-55,-65,-59,-37,-45,-66,-64,-55,-67,-64,-60,-64,-71,-63,-80,-57,-66,-53,-93,-56,-84,-69,-98,-62,-94,-46,-70,-73,-101,0,0,0,0,0,0,-88,52,-119,62,-72,39,-101,53,-128,53,-88,26,-125,46,-75,32,-112,38,-80,24,-91,32,-106,38,-99,35,-113,40,-95,15,-96,14,-95,21,-94,21,-70,26,-106,37,-75,26,-100,34,-61,24,-75,30,-91,30,-82,28,-107,27,-91,21,-86,15,-92,16,-96,16,-69,13,-110,20,-74,14,-93,14,-65,4,-88,18,-84,4,-80,17,-91,6,-92,-9,-77,-16,-77,-19,-86,-14,-68,-7,-78,-22,-55,-18,-73,-16,-46,-15,-62,-14,-52,-18,-55,-15,-53,-22,-49,-25,-34,-31,-32,-30,-24,-29,0,0,0,0,0,0,0,0,0,0]"""
1782318882706,2026-06-25T01:34:42.676,warning,bed_exit,yja,bed_exit_failed,t057,"CSI_DATA,810761,1a:00:00:00:00:00,-65,11,-99,16,50,11,-344328376,47,2,256,0,""[0,0,0,0,0,0,0,0,0,0,0,0,-23,-13,-19,-17,-28,-20,-24,-19,-22,-33,-17,-24,-21,-24,-21,-33,-26,-31,-22,-39,-6,-42,-14,-43,-11,-50,-9,-49,-9,-53,-9,-52,-2,-51,6,-52,2,-50,-9,-54,-5,-54,-2,-68,8,-63,21,-58,23,-65,17,-56,24,-55,22,-61,24,-70,13,-62,29,-59,18,-57,17,-64,10,-62,13,-70,23,-70,28,-61,31,-56,31,-62,37,-70,36,-72,32,-66,30,-65,42,-76,29,-61,27,-72,31,-75,25,-88,35,-97,39,-93,50,-83,54,-87,55,-85,53,-88,63,-83,54,-89,70,-100,0,0,0,0,0,0,-90,-85,-85,-91,-68,-77,-72,-75,-74,-96,-57,-94,-66,-94,-63,-80,-54,-99,-53,-76,-66,-64,-61,-73,-75,-75,-72,-79,-41,-85,-48,-80,-52,-81,-40,-88,-52,-84,-55,-78,-43,-70,-42,-85,-46,-67,-52,-66,-53,-75,-70,-81,-48,-80,-34,-80,-43,-86,-42,-74,-34,-83,-35,-88,-44,-87,-36,-80,-27,-84,-27,-77,-35,-70,-40,-82,-36,-77,-28,-81,-16,-75,-8,-75,-9,-76,0,-79,-9,-77,-3,-72,6,-67,7,-72,5,-55,6,-58,0,-58,6,-55,9,-63,19,-53,27,-38,23,-34,25,-34,0,0,0,0,0,0,0,0,0,0]"""
1782318882717,2026-06-25T01:34:42.687,warning,bed_exit,yja,bed_exit_failed,t057,"CSI_DATA,810762,1a:00:00:00:00:00,-65,11,-99,20,49,11,-344317276,47,2,256,0,""[0,0,0,0,0,0,0,0,0,0,0,0,33,4,25,6,32,8,27,9,35,12,28,18,37,15,40,24,32,23,39,28,35,30,29,29,36,34,40,31,29,30,47,50,33,42,41,44,23,42,46,42,56,50,29,48,36,61,39,53,26,51,26,54,31,57,30,46,38,69,36,44,44,58,34,47,52,57,37,56,44,47,37,57,45,67,42,65,42,65,55,55,50,43,52,72,43,58,65,50,48,51,80,59,56,71,72,60,76,61,70,65,64,65,59,64,65,69,84,85,77,73,69,60,88,74,0,0,0,0,0,0,72,-78,83,-92,64,-72,70,-86,89,-102,64,-76,77,-99,60,-72,79,-93,69,-63,69,-78,72,-82,66,-64,68,-89,63,-76,65,-64,69,-75,61,-80,40,-67,71,-87,47,-72,46,-88,42,-72,42,-82,42,-95,39,-72,49,-87,47,-83,42,-79,48,-78,45,-84,33,-72,51,-92,33,-72,41,-83,34,-65,31,-90,47,-70,35,-81,46,-67,55,-69,44,-63,53,-59,50,-72,36,-57,51,-60,38,-46,39,-63,38,-39,42,-54,37,-34,41,-42,38,-42,43,-40,38,-24,37,-20,39,-20,0,0,0,0,0,0,0,0,0,0]"""
1782318882728,2026-06-25T01:34:42.698,warning,bed_exit,yja,bed_exit_failed,t057,"CSI_DATA,810763,1a:00:00:00:00:00,-65,11,-99,16,50,11,-344306652,47,2,256,0,""[0,0,0,0,0,0,0,0,0,0,0,0,-31,0,-23,1,-32,3,-33,2,-38,0,-32,-8,-34,-4,-38,-9,-37,-10,-40,-10,-42,-22,-42,-23,-41,-22,-43,-18,-44,-22,-51,-39,-42,-30,-52,-28,-42,-29,-42,-42,-65,-43,-34,-35,-43,-45,-44,-44,-35,-43,-41,-54,-42,-53,-37,-39,-45,-54,-41,-43,-45,-52,-41,-42,-53,-43,-42,-48,-57,-46,-46,-51,-53,-60,-48,-58,-48,-61,-55,-54,-56,-40,-61,-68,-57,-58,-65,-47,-51,-53,-83,-60,-64,-65,-69,-55,-73,-60,-78,-68,-67,-63,-66,-70,-68,-66,-85,-79,-72,-76,-68,-74,-92,-67,0,0,0,0,0,0,-72,77,-75,86,-65,73,-74,91,-93,87,-72,70,-83,89,-66,70,-75,83,-72,65,-76,74,-72,80,-74,68,-75,83,-71,73,-73,59,-70,68,-64,71,-44,62,-75,79,-53,65,-58,76,-48,66,-54,74,-48,76,-51,64,-60,78,-53,74,-57,68,-61,73,-55,71,-41,64,-63,74,-47,64,-47,72,-51,61,-52,76,-60,69,-49,64,-53,57,-66,61,-61,48,-65,43,-62,50,-52,49,-63,43,-49,35,-49,50,-42,29,-53,41,-53,31,-49,31,-52,24,-42,21,-43,18,-42,11,-45,9,0,0,0,0,0,0,0,0,0,0]"""
1782318882739,2026-06-25T01:34:42.709,warning,bed_exit,yja,bed_exit_failed,t057,"CSI_DATA,810764,1a:00:00:00:00:00,-65,11,-99,15,50,11,-344294537,47,2,256,0,""[0,0,0,0,0,0,0,0,0,0,0,0,19,17,26,17,26,16,32,17,29,26,19,23,21,28,24,32,25,44,22,35,18,34,16,38,19,47,15,45,17,57,17,44,15,51,20,63,22,55,3,65,-6,56,16,63,-2,65,7,64,9,65,9,63,0,63,-1,70,14,58,18,68,4,67,8,77,0,66,7,66,2,73,3,70,0,71,13,68,7,66,15,69,15,79,24,69,26,75,19,91,20,90,11,75,23,90,12,94,29,89,28,100,42,95,36,92,29,99,28,104,46,101,32,111,31,118,0,0,0,0,0,0,121,-31,115,-22,123,-16,109,-11,107,-11,115,-13,100,-24,111,-21,105,-17,103,-10,106,-11,98,0,108,-21,100,-7,94,-20,98,-15,94,-26,90,-25,104,-19,78,-30,86,-28,97,-21,90,-31,83,-27,87,-18,94,-37,81,-16,80,-33,88,-32,80,-30,84,-28,89,-27,82,-40,82,-42,80,-34,87,-27,86,-20,81,-23,88,-16,88,-16,78,-15,79,-20,82,-17,74,-12,78,-6,65,-20,66,-15,67,0,65,0,52,9,58,-6,54,17,63,3,57,8,49,10,50,9,41,12,0,0,0,0,0,0,0,0,0,0]"""
1782318882750,2026-06-25T01:34:42.720,warning,bed_exit,yja,bed_exit_failed,t057,"CSI_DATA,810765,1a:00:00:00:00:00,-65,11,-99,18,49,11,-344284374,47,2,256,0,""[0,0,0,0,0,0,0,0,0,0,0,0,4,-8,24,91,-8,37,83,52,-38,-11,2,88,-75,74,48,48,26,12,57,98,-38,50,0,5,2,30,-48,57,-71,12,-22,26,-30,59,-22,20,-42,38,-52,42,-37,68,-43,48,-51,45,-50,29,-59,50,-45,45,-59,40,-54,37,-66,32,-61,32,-57,28,-42,30,-55,45,-55,42,-50,52,-58,49,-56,46,-59,30,-58,52,-73,42,-66,44,-75,44,-65,35,-74,41,-45,44,-63,53,-58,55,-61,66,-85,63,-81,71,-78,50,-80,54,-80,59,-87,59,-102,47,-82,59,-96,57,0,0,0,0,0,0,43,103,45,123,39,87,32,99,56,116,16,95,26,120,36,96,20,107,33,80,43,80,46,98,50,89,51,96,25,89,47,85,49,88,37,94,38,91,35,100,30,85,21,94,36,70,43,79,38,80,46,84,52,86,30,77,39,80,48,76,34,86,28,84,23,101,25,84,17,88,30,66,31,73,30,87,31,77,31,86,22,81,14,75,17,86,1,87,0,79,-8,73,-10,62,-10,62,0,49,-8,63,0,53,10,58,-8,60,-9,48,-19,44,-8,46,-18,42,0,0,0,0,0,0,0,0,0,0]"""
1782318882761,2026-06-25T01:34:42.731,warning,bed_exit,yja,bed_exit_failed,t057,"CSI_DATA,810766,1a:00:00:00:00:00,-65,11,-99,21,49,11,-344269290,47,2,256,0,""[0,0,0,0,0,0,0,0,0,0,0,0,0,-20,10,-26,6,-21,10,-35,4,-26,23,-42,25,-38,17,-22,21,-28,21,-30,30,-38,29,-42,28,-43,25,-36,37,-42,38,-27,47,-43,34,-31,55,-46,51,-33,45,-28,48,-30,46,-29,55,-41,52,-51,49,-41,42,-32,59,-38,44,-24,62,-41,47,-30,70,-46,61,-34,54,-45,56,-38,55,-31,48,-36,56,-53,51,-52,47,-44,60,-55,51,-48,62,-62,42,-61,78,-80,66,-57,54,-73,65,-64,62,-55,53,-71,54,-92,59,-75,61,-88,61,-78,60,-86,74,-92,62,-86,0,0,0,0,0,0,-86,-71,-70,-61,-107,-88,-80,-80,-70,-52,-97,-81,-73,-56,-99,-80,-68,-46,-102,-88,-83,-76,-77,-56,-74,-62,-69,-50,-93,-54,-86,-50,-86,-42,-76,-37,-87,-49,-65,-46,-95,-47,-71,-38,-103,-49,-86,-41,-86,-36,-79,-45,-70,-34,-91,-26,-88,-22,-85,-28,-73,-28,-91,-35,-64,-23,-93,-25,-75,-29,-102,-40,-86,-40,-81,-34,-76,-39,-66,-39,-67,-30,-81,-32,-73,-32,-62,-25,-62,-37,-52,-28,-65,-38,-52,-28,-68,-46,-50,-41,-42,-30,-40,-39,-38,-35,-30,-35,-45,-38,-34,-28,-30,-32,0,0,0,0,0,0,0,0,0,0]"""
1782318882772,2026-06-25T01:34:42.742,warning,bed_exit,yja,bed_exit_failed,t057,"CSI_DATA,810767,1a:00:00:00:00:00,-65,11,-99,16,50,11,-344262652,47,2,256,0,""[0,0,0,0,0,0,0,0,0,0,0,0,0,-24,3,-33,0,-25,7,-31,2,-31,13,-43,22,-39,12,-28,19,-31,17,-32,22,-43,23,-40,24,-41,21,-37,30,-43,28,-35,32,-47,28,-50,44,-57,52,-50,37,-29,39,-43,39,-35,41,-52,42,-45,50,-42,46,-41,47,-50,32,-38,44,-54,42,-48,52,-61,55,-55,49,-53,47,-48,45,-46,40,-51,43,-66,37,-59,32,-55,40,-61,24,-64,29,-77,34,-74,52,-94,48,-68,42,-81,57,-76,34,-74,31,-80,34,-105,31,-83,40,-97,46,-97,26,-106,44,-113,39,-101,0,0,0,0,0,0,-104,-42,-89,-26,-128,-41,-105,-46,-82,-39,-112,-43,-89,-29,-119,-39,-86,-26,-111,-54,-112,-40,-92,-33,-90,-38,-75,-32,-97,-30,-99,-24,-92,-21,-86,-20,-94,-16,-75,-11,-99,-12,-85,-4,-112,-6,-100,-16,-84,-7,-83,-10,-79,-9,-94,7,-87,-6,-85,-2,-80,0,-94,-6,-72,6,-94,7,-79,6,-115,0,-93,-12,-81,-4,-89,-11,-70,-10,-72,-9,-85,7,-77,-9,-65,2,-74,-9,-63,-2,-75,0,-69,-6,-83,-16,-61,-14,-56,-20,-46,-20,-45,-12,-45,-20,-53,-13,-35,-11,-40,-12,0,0,0,0,0,0,0,0,0,0]"""
1782318882783,2026-06-25T01:34:42.753,warning,bed_exit,yja,bed_exit_failed,t057,"CSI_DATA,810768,1a:00:00:00:00:00,-65,11,-99,21,49,11,-344247441,47,2,256,0,""[0,0,0,0,0,0,0,0,0,0,0,0,33,3,30,0,41,3,28,0,38,8,32,0,39,7,38,14,39,10,50,7,30,21,36,22,46,17,46,23,38,24,55,38,35,31,38,49,42,30,31,32,39,51,48,38,52,46,41,46,46,41,40,43,45,52,36,61,32,59,39,49,18,60,28,49,41,56,68,50,50,49,38,49,33,77,46,73,69,52,50,82,58,55,49,87,46,64,46,71,47,46,86,65,75,56,75,62,62,56,74,75,67,72,84,68,77,90,88,88,72,79,82,62,87,73,0,0,0,0,0,0,94,-62,110,-57,75,-51,94,-54,117,-76,95,-40,106,-60,83,-50,107,-49,74,-46,71,-59,87,-63,79,-70,82,-76,78,-46,78,-60,79,-65,80,-64,70,-54,89,-57,71,-48,86,-54,56,-54,57,-63,70,-60,69,-75,71,-77,68,-55,71,-65,67,-67,77,-64,65,-57,85,-69,67,-48,78,-47,46,-54,70,-60,63,-64,49,-65,78,-56,70,-54,75,-35,70,-45,78,-37,68,-36,75,-25,60,-16,67,-17,45,-14,59,-18,54,-12,49,-18,55,-12,54,-11,45,-6,45,-3,46,2,0,0,0,0,0,0,0,0,0,0]"""
1782318882794,2026-06-25T01:34:42.764,warning,bed_exit,yja,bed_exit_failed,t057,"CSI_DATA,810769,1a:00:00:00:00:00,-65,11,-99,17,49,11,-344232887,47,2,256,0,""[0,0,0,0,0,0,0,0,0,0,0,0,-91,31,35,-6,-50,61,-24,108,23,67,-7,9,0,48,81,0,-41,55,-44,11,-15,-87,-55,18,-65,39,-50,102,-59,24,-49,14,-87,0,-74,13,-49,19,-58,30,-62,36,-64,23,-63,19,-67,7,-69,12,-52,10,-64,12,-66,9,-74,17,-65,22,-63,8,-63,24,-57,23,-69,32,-65,33,-66,37,-72,33,-67,18,-64,34,-70,31,-70,25,-65,39,-69,35,-72,40,-64,41,-68,37,-75,43,-78,51,-79,65,-82,67,-77,55,-82,59,-87,53,-80,68,-90,66,-84,71,-97,72,0,0,0,0,0,0,61,94,66,107,63,89,53,91,65,99,54,99,65,93,72,91,57,104,59,77,60,78,57,80,78,75,73,83,57,81,61,68,69,67,61,77,66,75,73,59,69,53,66,77,67,49,66,60,69,55,85,43,73,52,68,62,80,50,75,41,74,49,75,58,82,41,76,42,74,56,73,40,66,38,72,41,76,48,73,46,66,44,57,55,68,51,60,59,53,54,58,41,50,46,53,52,44,36,44,38,45,41,38,41,34,39,31,48,21,39,25,42,20,37,0,0,0,0,0,0,0,0,0,0]"""
1782318882805,2026-06-25T01:34:42.775,warning,bed_exit,yja,bed_exit_failed,t057,"CSI_DATA,810770,1a:00:00:00:00:00,-65,11,-99,19,49,11,-344229037,47,2,256,0,""[0,0,0,0,0,0,0,0,0,0,0,0,32,-5,28,-3,36,-3,30,0,42,6,35,-2,29,-3,47,-4,39,0,48,-1,41,0,46,10,46,6,45,11,46,8,65,6,53,6,61,14,46,9,49,13,73,8,58,12,77,1,57,11,63,11,62,5,72,15,67,6,75,23,63,19,69,0,57,5,55,-7,65,-7,67,-19,81,-17,78,-12,74,-9,77,-14,86,-15,74,-19,93,-17,78,-18,72,-28,57,-21,70,-56,77,-43,68,-72,94,-55,86,-57,80,-34,93,-56,89,-58,81,-61,98,-51,77,-62,84,-76,0,0,0,0,0,0,-77,-84,-81,-106,-54,-64,-84,-73,-100,-95,-68,-73,-83,-90,-73,-67,-88,-83,-73,-53,-77,-44,-98,-50,-93,-49,-105,-46,-66,-48,-91,-43,-94,-32,-104,-45,-87,-34,-102,-39,-89,-19,-101,-30,-68,-15,-79,0,-100,0,-91,3,-107,0,-91,-15,-89,-6,-93,8,-101,2,-87,15,-108,-14,-83,1,-87,12,-68,5,-85,26,-82,17,-76,29,-102,22,-91,9,-77,-3,-81,1,-91,7,-77,10,-74,0,-63,1,-65,11,-45,13,-64,16,-52,11,-60,18,-59,10,-57,15,-44,3,-49,5,-40,0,0,0,0,0,0,0,0,0,0,0]"""
1782318882816,2026-06-25T01:34:42.786,warning,bed_exit,yja,bed_exit_failed,t057,"CSI_DATA,810771,1a:00:00:00:00:00,-65,11,-99,15,50,11,-344218652,47,2,256,0,""[0,0,0,0,0,0,0,0,0,0,0,0,20,18,18,28,15,18,22,37,16,27,17,39,15,40,17,32,22,40,16,33,8,42,12,47,8,44,8,51,3,63,10,43,-3,61,-6,48,-3,76,-10,60,-10,56,0,69,-14,57,-21,64,-11,66,-19,65,-23,55,-40,77,-12,54,-23,74,-33,54,-25,80,-23,63,-11,67,-15,73,-20,71,-16,58,-29,65,-8,75,-17,69,-33,88,-8,61,-29,90,-28,70,-26,101,-23,73,-15,91,-32,89,-17,95,-15,93,-23,97,-26,95,-38,113,-23,86,-29,103,-34,124,-34,104,0,0,0,0,0,0,115,56,91,51,117,60,89,63,83,43,109,77,74,34,104,67,75,56,95,67,86,52,86,54,93,48,75,48,82,61,87,53,89,46,83,51,102,65,74,34,91,51,63,57,93,47,88,33,77,44,96,34,66,39,78,44,87,43,82,36,74,47,92,63,67,31,86,46,60,52,98,56,68,54,81,40,72,49,77,47,47,43,60,56,64,46,49,54,53,68,40,39,45,59,33,57,43,64,28,51,35,48,26,49,28,45,20,42,15,45,18,44,4,46,0,0,0,0,0,0,0,0,0,0]"""
1782318882827,2026-06-25T01:34:42.797,warning,bed_exit,yja,bed_exit_failed,t057,"CSI_DATA,810772,1a:00:00:00:00:00,-65,11,-99,19,49,11,-344205707,47,2,256,0,""[0,0,0,0,0,0,0,0,0,0,0,0,29,-6,39,-9,22,-4,36,-9,22,-5,41,-8,46,-8,39,2,50,-2,32,0,53,2,51,2,54,2,47,3,65,1,44,-3,66,5,47,6,73,14,57,3,46,5,64,4,54,14,65,9,67,11,66,8,62,4,81,8,49,0,75,-4,58,0,83,-3,63,-4,63,-12,68,0,69,-12,60,-8,78,-24,71,-19,65,-14,88,-17,54,-35,81,-48,67,-30,109,-49,78,-23,72,-49,90,-45,74,-49,71,-45,86,-63,75,-63,96,-66,82,-56,81,-71,95,-84,85,-66,0,0,0,0,0,0,-73,-85,-66,-62,-99,-100,-81,-79,-65,-53,-97,-90,-68,-52,-101,-80,-68,-53,-102,-83,-92,-70,-75,-59,-87,-59,-65,-53,-94,-55,-89,-47,-82,-45,-79,-39,-98,-48,-73,-18,-101,-22,-79,-18,-111,-31,-96,-27,-79,-18,-88,-14,-75,-10,-91,-9,-92,-9,-88,-2,-84,-11,-103,-15,-67,15,-93,11,-83,2,-117,5,-85,-1,-87,8,-90,-3,-80,6,-69,3,-83,7,-76,5,-63,3,-75,0,-63,17,-79,14,-55,-1,-89,-2,-52,-2,-65,0,-57,-15,-50,3,-46,-6,-51,-6,-46,-9,-49,-5,0,0,0,0,0,0,0,0,0,0]"""
1782318882838,2026-06-25T01:34:42.808,warning,bed_exit,yja,bed_exit_failed,t057,"CSI_DATA,810773,1a:00:00:00:00:00,-65,11,-99,20,49,11,-344196637,47,2,256,0,""[0,0,0,0,0,0,0,0,0,0,0,0,15,22,21,31,17,25,13,31,9,25,15,43,12,45,5,42,3,44,1,39,-6,45,-2,45,-6,50,-9,49,-10,53,-10,53,-15,57,-14,56,-19,61,-36,60,-31,59,-32,48,-36,46,-33,48,-42,48,-42,50,-44,55,-49,51,-33,43,-38,51,-42,51,-53,63,-58,46,-43,52,-51,46,-45,45,-51,53,-50,59,-52,53,-49,45,-53,46,-47,60,-57,72,-58,61,-83,81,-74,52,-77,69,-76,51,-70,54,-72,63,-82,72,-78,72,-87,69,-83,61,-81,70,-91,62,-91,62,0,0,0,0,0,0,55,102,46,86,61,116,53,105,36,96,47,119,42,84,41,113,38,85,36,122,33,116,31,94,21,98,16,84,36,103,24,92,25,92,27,91,21,99,24,78,29,95,29,83,26,104,19,99,16,83,16,81,18,72,25,95,20,89,19,94,15,81,17,96,20,76,16,88,19,83,8,109,-3,93,0,88,-9,89,-10,82,-11,80,-5,88,-20,75,-14,61,-25,74,-7,63,-18,74,-21,60,-35,75,-32,52,-30,57,-39,40,-29,43,-31,37,-32,44,-36,33,-29,28,0,0,0,0,0,0,0,0,0,0]"""
1782318882849,2026-06-25T01:34:42.819,warning,bed_exit,yja,bed_exit_failed,t057,"CSI_DATA,810774,1a:00:00:00:00:00,-65,11,-99,21,49,11,-344185652,47,2,256,0,""[0,0,0,0,0,0,0,0,0,0,0,0,-16,25,-9,22,-27,32,-17,24,-29,26,-14,27,-18,25,-25,31,-27,33,-30,36,-29,30,-34,30,-37,28,-48,24,-44,22,-55,26,-49,27,-57,20,-46,19,-33,22,-51,24,-53,29,-60,43,-56,14,-62,25,-58,25,-72,19,-57,30,-79,19,-68,12,-62,21,-50,13,-59,30,-54,34,-54,39,-72,41,-61,43,-71,22,-73,30,-91,30,-68,42,-79,29,-72,32,-75,35,-47,39,-59,64,-64,56,-53,76,-84,73,-72,72,-83,46,-88,61,-86,62,-78,64,-98,48,-87,70,-86,72,0,0,0,0,0,0,64,96,75,113,38,79,64,92,78,104,44,93,63,110,52,89,59,110,59,66,67,62,81,77,73,71,86,77,54,75,69,63,72,70,67,86,60,73,67,76,66,63,62,74,61,46,68,45,81,56,82,52,94,46,62,61,71,56,80,54,78,60,70,44,83,72,70,62,68,54,54,41,78,46,75,44,76,31,78,50,70,46,53,54,61,46,57,62,58,49,48,56,33,54,46,54,30,33,42,43,40,39,46,37,35,48,40,38,18,43,14,38,22,37,0,0,0,0,0,0,0,0,0,0]"""
1782318882860,2026-06-25T01:34:42.830,warning,bed_exit,yja,bed_exit_failed,t057,"CSI_DATA,810775,1a:00:00:00:00:00,-65,11,-99,19,49,11,-344173816,47,2,256,0,""[0,0,0,0,0,0,0,0,0,0,0,0,-29,1,-24,0,-36,-6,-32,-3,-34,-1,-37,-10,-41,-17,-40,-15,-27,-15,-44,-16,-47,-18,-41,-16,-40,-15,-42,-18,-39,-21,-50,-33,-45,-37,-50,-38,-48,-36,-44,-43,-45,-33,-40,-38,-51,-46,-49,-47,-42,-40,-46,-49,-46,-44,-46,-39,-49,-53,-47,-43,-56,-52,-47,-49,-53,-49,-50,-46,-53,-44,-47,-45,-62,-46,-66,-49,-61,-45,-58,-37,-51,-38,-77,-50,-72,-41,-70,-35,-72,-47,-90,-55,-85,-54,-82,-51,-76,-45,-83,-47,-95,-48,-82,-43,-89,-46,-106,-65,-92,-47,-84,-46,-99,-61,0,0,0,0,0,0,-46,89,-54,112,-49,105,-57,105,-54,100,-55,94,-53,95,-49,94,-48,94,-55,97,-63,108,-44,95,-50,76,-46,84,-43,103,-34,99,-39,94,-29,88,-26,77,-42,94,-33,87,-24,91,-24,90,-32,97,-22,94,-26,73,-21,95,-17,96,-15,85,-15,94,-14,85,-11,77,-19,93,-13,82,-15,93,-24,94,-18,94,-25,83,-27,84,-24,67,-26,91,-23,88,-21,79,-15,65,-18,64,-31,67,-29,56,-21,61,-27,58,-30,63,-32,49,-25,44,-32,41,-27,46,-37,38,-28,32,-25,28,0,0,0,0,0,0,0,0,0,0]"""
1782318882871,2026-06-25T01:34:42.841,warning,bed_exit,yja,bed_exit_failed,t057,"CSI_DATA,810776,1a:00:00:00:00:00,-65,11,-99,20,49,11,-344163381,47,2,256,0,""[0,0,0,0,0,0,0,0,0,0,0,0,12,30,10,30,10,34,11,29,7,34,-1,29,12,40,9,45,-1,43,9,45,-3,43,-9,48,-9,47,-17,49,-9,53,-21,62,-17,54,-22,53,-15,46,-21,53,-18,77,-23,49,-28,74,-25,53,-27,52,-37,53,-40,59,-19,55,-39,66,-36,54,-31,66,-28,40,-21,62,-28,57,-24,64,-31,63,-41,68,-41,61,-46,65,-38,83,-24,68,-52,75,-40,66,-20,78,-28,60,-20,98,-39,78,-12,95,-36,96,-33,89,-42,72,-54,90,-47,94,-47,105,-52,92,-39,90,-43,106,0,0,0,0,0,0,96,51,116,59,83,46,108,42,120,60,86,55,109,63,94,53,101,58,91,49,90,37,108,47,86,50,103,42,83,53,85,52,86,40,83,42,80,30,99,51,91,34,92,37,72,28,77,24,97,23,82,35,95,32,83,34,80,42,87,32,94,36,82,21,92,43,75,31,84,29,59,31,83,23,72,34,83,27,85,36,79,44,61,45,63,52,70,45,60,43,61,51,49,48,59,33,36,32,56,41,42,37,50,38,38,38,38,39,29,38,20,39,23,34,0,0,0,0,0,0,0,0,0,0]"""
1782318882882,2026-06-25T01:34:42.852,warning,bed_exit,yja,bed_exit_failed,t057,"CSI_DATA,810777,1a:00:00:00:00:00,-65,11,-99,20,49,11,-344152030,47,2,256,0,""[0,0,0,0,0,0,0,0,0,0,0,0,25,10,23,14,31,21,31,16,35,27,27,23,27,27,40,25,23,26,39,31,34,27,33,28,40,35,37,38,31,34,35,51,37,44,33,48,36,48,45,42,60,43,28,51,46,45,41,45,42,46,41,53,34,49,38,40,42,61,44,45,40,52,45,50,60,53,57,45,61,39,50,49,59,48,61,46,73,38,73,34,62,23,70,52,68,44,80,31,69,29,101,24,75,38,91,14,99,32,96,12,95,22,91,18,95,18,113,22,111,18,108,9,126,16,0,0,0,0,0,0,5,-114,10,-121,-2,-112,9,-109,0,-127,1,-102,1,-120,0,-109,-1,-122,-4,-105,-9,-100,-22,-110,-11,-91,-35,-108,-26,-97,-28,-85,-36,-99,-34,-94,-41,-75,-26,-106,-31,-86,-39,-85,-46,-79,-45,-85,-61,-82,-45,-75,-61,-80,-57,-75,-62,-66,-62,-69,-57,-64,-61,-54,-58,-84,-58,-77,-53,-60,-48,-66,-75,-63,-61,-61,-70,-50,-52,-63,-61,-60,-54,-60,-61,-57,-53,-58,-54,-42,-41,-60,-36,-53,-49,-48,-36,-38,-53,-53,-37,-37,-41,-42,-31,-48,-32,-39,-32,-36,-25,-33,-21,-32,0,0,0,0,0,0,0,0,0,0]"""
1782318882893,2026-06-25T01:34:42.863,warning,bed_exit,yja,bed_exit_failed,t057,"CSI_DATA,810778,1a:00:00:00:00:00,-65,11,-99,19,49,11,-344139521,47,2,256,0,""[0,0,0,0,0,0,0,0,0,0,0,0,7,-28,5,-31,11,-31,15,-29,18,-36,5,-34,9,-34,13,-36,20,-45,17,-39,23,-31,23,-45,23,-43,34,-46,36,-46,29,-45,28,-41,32,-45,31,-48,32,-56,40,-56,31,-58,23,-53,40,-46,36,-59,27,-55,37,-52,40,-57,33,-56,38,-58,36,-51,25,-63,23,-63,10,-68,10,-70,11,-77,5,-71,16,-66,12,-80,16,-79,15,-77,4,-78,2,-76,8,-84,-2,-82,-6,-70,-24,-85,-28,-84,-27,-94,-29,-100,-4,-101,-24,-103,-24,-101,-32,-101,-15,-117,-34,-108,-32,-106,0,0,0,0,0,0,-117,41,-119,37,-101,45,-103,34,-106,45,-106,31,-108,40,-100,46,-110,35,-77,46,-81,60,-75,59,-84,79,-80,77,-82,46,-72,70,-71,68,-81,63,-84,72,-53,72,-57,68,-71,68,-53,69,-44,77,-39,79,-37,95,-32,86,-52,73,-43,83,-32,85,-43,84,-38,94,-31,89,-34,78,-37,84,-25,84,-28,83,-14,88,-15,93,-15,81,-12,77,-26,76,-17,85,-24,77,-24,68,-17,66,-26,65,-30,63,-15,60,-15,57,-8,64,-12,49,-14,60,-17,49,-16,46,-16,47,-18,37,0,0,0,0,0,0,0,0,0,0]"""
1782318882904,2026-06-25T01:34:42.874,warning,bed_exit,yja,bed_exit_failed,t057,"CSI_DATA,810779,1a:00:00:00:00:00,-65,11,-99,13,50,11,-344130652,47,2,256,0,""[0,0,0,0,0,0,0,0,0,0,0,0,-21,72,-39,81,-41,24,44,6,-18,40,-69,-13,-21,-1,44,64,-67,-7,-29,-1,-6,6,19,-3,-5,16,2,20,9,37,34,-2,10,44,-7,61,10,46,-4,46,-4,67,17,60,7,63,-4,71,-2,75,1,67,-3,66,-9,74,5,64,-5,77,-9,62,1,73,1,64,15,68,11,74,15,70,15,60,7,67,20,75,15,70,15,88,24,58,22,80,9,84,34,85,22,77,48,79,31,86,37,92,44,89,41,97,49,87,44,105,43,82,44,99,57,113,44,108,0,0,0,0,0,0,126,-37,106,-38,115,-45,109,-32,85,-36,120,-33,89,-37,115,-44,98,-33,103,-56,100,-48,79,-38,84,-72,76,-43,86,-45,77,-59,81,-54,82,-56,95,-55,55,-57,73,-61,77,-47,73,-67,68,-69,64,-56,61,-78,51,-60,65,-65,65,-69,53,-68,58,-58,73,-73,46,-58,58,-77,56,-60,63,-84,57,-61,47,-74,57,-68,54,-72,42,-58,52,-59,51,-66,55,-57,66,-54,42,-46,53,-53,54,-38,55,-48,41,-34,43,-40,45,-34,46,-40,35,-34,44,-27,37,-23,40,-23,0,0,0,0,0,0,0,0,0,0]"""
1782318882915,2026-06-25T01:34:42.885,warning,bed_exit,yja,bed_exit_failed,t057,"CSI_DATA,810780,1a:00:00:00:00:00,-65,11,-99,21,49,11,-344115476,47,2,256,0,""[0,0,0,0,0,0,0,0,0,0,0,0,-26,-15,-24,-22,-25,-19,-29,-17,-28,-20,-28,-16,-28,-24,-31,-17,-38,-28,-38,-22,-22,-38,-37,-30,-36,-28,-28,-39,-34,-37,-35,-40,-38,-35,-35,-47,-39,-40,-41,-29,-30,-28,-52,-37,-48,-41,-32,-50,-43,-45,-44,-44,-48,-54,-46,-52,-48,-41,-46,-46,-50,-53,-52,-35,-53,-36,-59,-29,-62,-29,-75,-30,-70,-30,-57,-42,-72,-23,-68,-29,-71,-34,-76,-27,-76,-24,-78,-25,-79,-15,-78,-11,-92,0,-95,0,-102,2,-99,0,-87,-1,-111,-4,-114,-2,-103,6,-107,-6,-103,16,-106,15,0,0,0,0,0,0,19,118,8,118,19,102,13,114,23,118,10,119,18,111,21,110,15,106,31,95,38,93,39,92,54,94,50,86,30,91,48,93,51,79,45,91,52,84,62,77,52,76,46,86,59,57,71,56,70,52,86,54,76,57,60,60,76,55,78,53,77,67,77,62,73,47,71,46,72,54,80,34,73,30,80,31,80,33,83,30,78,37,68,47,73,32,66,46,68,40,62,32,60,31,58,41,59,31,50,26,52,24,50,20,54,22,47,23,35,28,40,26,33,28,0,0,0,0,0,0,0,0,0,0]"""
1782318882926,2026-06-25T01:34:42.896,warning,bed_exit,yja,bed_exit_failed,t057,"CSI_DATA,810781,1a:00:00:00:00:00,-65,11,-99,20,49,11,-344108066,47,2,256,0,""[0,0,0,0,0,0,0,0,0,0,0,0,19,25,16,26,17,25,12,27,12,31,5,35,1,36,-2,31,5,44,-4,44,-11,49,-9,48,-8,50,-20,46,-20,51,-16,53,-13,50,-29,49,-31,57,-27,37,-42,31,-29,54,-45,48,-47,44,-44,43,-51,42,-52,41,-56,42,-43,53,-41,50,-51,42,-48,41,-51,34,-53,38,-60,39,-60,42,-61,44,-63,39,-59,34,-66,45,-66,38,-65,54,-64,51,-68,42,-72,43,-69,42,-87,48,-94,31,-76,47,-89,43,-82,45,-95,50,-105,46,-102,42,-96,43,-98,35,-103,39,0,0,0,0,0,0,27,115,15,124,7,108,11,117,7,120,0,115,14,112,8,107,3,104,-9,102,-10,107,-20,99,-3,113,-13,98,-15,98,-18,102,-20,94,-15,100,-23,98,1,95,-6,94,-20,96,-18,86,-10,90,-24,92,-15,103,-25,90,-21,87,-25,90,-28,84,-33,92,-35,94,-12,93,-20,85,-35,87,-26,83,-42,73,-42,83,-49,70,-46,79,-53,65,-48,66,-48,60,-51,56,-61,52,-47,59,-49,54,-55,47,-51,34,-51,26,-51,26,-51,20,-47,23,-53,11,-48,7,-49,9,-45,5,0,0,0,0,0,0,0,0,0,0]"""
1782318882937,2026-06-25T01:34:42.907,warning,bed_exit,yja,bed_exit_failed,t057,"CSI_DATA,810782,1a:00:00:00:00:00,-65,11,-99,20,49,11,-344096840,47,2,256,0,""[0,0,0,0,0,0,0,0,0,0,0,0,4,29,5,22,8,39,7,31,5,35,0,37,-1,36,2,44,-11,35,1,43,0,42,-14,39,-3,43,-5,48,0,42,-6,56,0,44,-4,61,-3,56,-11,51,-11,66,0,52,-5,64,-9,61,-4,60,-9,66,-5,68,-3,60,3,73,3,63,6,76,7,60,20,72,7,72,22,72,13,61,18,72,16,70,16,70,32,71,34,57,33,82,33,72,53,66,35,69,65,76,48,75,62,72,61,70,66,77,63,74,57,81,72,73,81,84,82,78,66,67,94,73,0,0,0,0,0,0,62,-86,63,-106,57,-83,55,-99,70,-111,47,-89,58,-121,42,-83,43,-108,48,-94,41,-99,34,-108,39,-92,28,-105,31,-101,32,-89,18,-102,12,-97,3,-81,11,-111,1,-81,-7,-105,-9,-82,-12,-92,-15,-94,-11,-88,-19,-101,-21,-92,-14,-86,-21,-93,-30,-93,-35,-67,-27,-99,-29,-84,-37,-86,-26,-78,-48,-81,-36,-83,-46,-72,-31,-77,-36,-79,-31,-76,-19,-78,-33,-75,-31,-62,-29,-70,-21,-56,-38,-61,-22,-55,-30,-59,-27,-52,-29,-55,-18,-42,-28,-51,-20,-51,-10,-41,-12,-38,0,0,0,0,0,0,0,0,0,0]"""
1782318882948,2026-06-25T01:34:42.918,warning,bed_exit,yja,bed_exit_failed,t057,"CSI_DATA,810783,1a:00:00:00:00:00,-65,11,-99,15,50,11,-344084290,47,2,256,0,""[0,0,0,0,0,0,0,0,0,0,0,0,-24,-15,-32,-11,-25,-21,-23,-13,-23,-25,-15,-26,-25,-23,-32,-31,-22,-33,-21,-37,-15,-38,-13,-43,-17,-38,-7,-43,-11,-42,-14,-64,-7,-51,-4,-61,0,-50,0,-42,8,-58,0,-55,7,-72,13,-60,19,-59,11,-65,20,-63,14,-65,27,-76,27,-62,24,-65,20,-47,18,-66,21,-58,12,-67,23,-69,36,-74,39,-61,45,-73,39,-79,34,-70,47,-72,43,-71,25,-79,28,-58,36,-101,48,-70,32,-92,57,-80,47,-84,60,-65,74,-84,58,-71,76,-103,69,-77,68,-73,69,-90,0,0,0,0,0,0,-74,-85,-75,-103,-61,-80,-80,-89,-81,-104,-54,-80,-63,-109,-46,-81,-49,-107,-46,-90,-44,-82,-65,-104,-41,-88,-58,-103,-42,-88,-35,-86,-34,-92,-32,-94,-35,-77,-41,-106,-35,-84,-40,-96,-25,-77,-34,-77,-38,-85,-37,-80,-38,-105,-28,-86,-16,-86,-26,-94,-21,-96,-29,-77,-11,-110,-7,-87,-20,-89,0,-67,-18,-87,-3,-90,-11,-90,-3,-92,10,-91,17,-79,23,-81,26,-83,11,-69,36,-76,32,-58,20,-62,26,-44,29,-67,27,-49,25,-52,37,-47,33,-46,35,-29,39,-25,38,-25,0,0,0,0,0,0,0,0,0,0]"""
1782318882959,2026-06-25T01:34:42.929,warning,bed_exit,yja,bed_exit_failed,t057,"CSI_DATA,810784,1a:00:00:00:00:00,-65,11,-99,21,49,11,-344074035,47,2,256,0,""[0,0,0,0,0,0,0,0,0,0,0,0,20,22,18,20,18,22,21,22,17,28,19,30,23,37,19,38,21,38,14,33,17,41,18,47,21,45,19,46,19,49,18,51,14,54,16,57,22,46,24,61,27,62,31,56,22,63,14,62,19,60,20,62,21,61,20,54,30,61,30,54,27,66,32,52,35,51,41,50,38,54,52,54,49,54,40,59,49,54,56,62,54,56,70,50,63,53,69,53,62,46,72,50,82,46,81,47,81,40,87,44,80,46,96,40,99,47,109,40,94,43,99,28,103,38,0,0,0,0,0,0,42,-111,38,-109,36,-101,29,-114,27,-117,42,-106,21,-108,23,-109,31,-107,16,-102,4,-101,12,-98,-1,-114,4,-106,14,-99,9,-104,-1,-95,1,-94,-3,-94,-20,-94,-16,-94,-15,-102,-22,-83,-29,-94,-30,-86,-42,-82,-30,-89,-25,-81,-29,-86,-40,-81,-37,-89,-39,-86,-53,-82,-39,-72,-46,-81,-50,-72,-46,-73,-51,-65,-50,-71,-57,-71,-46,-73,-38,-75,-40,-65,-39,-69,-30,-68,-44,-67,-35,-55,-30,-61,-34,-54,-30,-49,-29,-53,-28,-49,-30,-46,-27,-50,-14,-49,-19,-47,-16,-39,0,0,0,0,0,0,0,0,0,0]"""
1782318882970,2026-06-25T01:34:42.940,warning,bed_exit,yja,bed_exit_failed,t057,"CSI_DATA,810785,1a:00:00:00:00:00,-65,11,-99,18,49,11,-344064497,47,2,256,0,""[0,0,0,0,0,0,0,0,0,0,0,0,30,3,31,0,23,3,36,6,25,3,36,0,45,11,33,11,41,14,30,18,36,16,42,14,43,26,41,19,51,30,37,16,55,27,50,15,55,30,58,36,55,20,49,35,42,28,53,33,51,34,56,34,55,31,61,41,50,22,59,25,52,29,69,44,57,32,60,30,64,34,62,25,62,19,75,16,67,27,59,21,70,38,68,-3,90,0,83,24,116,16,76,16,90,0,89,20,84,9,92,11,109,3,100,-4,107,0,100,0,103,-6,120,3,111,2,0,0,0,0,0,0,0,-120,6,-98,4,-128,2,-112,0,-83,-5,-128,-11,-88,0,-128,-10,-83,-1,-124,0,-116,0,-96,-16,-97,10,-85,-8,-103,-11,-102,-12,-95,-10,-88,-18,-101,-29,-70,-38,-96,-25,-84,-38,-111,-29,-95,-28,-82,-30,-87,-23,-73,-33,-82,-38,-80,-37,-76,-30,-75,-41,-91,-43,-58,-48,-79,-47,-76,-57,-108,-29,-79,-47,-74,-31,-86,-35,-72,-30,-68,-42,-79,-31,-68,-30,-60,-26,-76,-33,-53,-40,-70,-18,-62,-26,-85,-13,-49,-19,-60,-9,-56,-15,-48,-9,-43,-8,-55,-8,-49,-9,-51,0,0,0,0,0,0,0,0,0,0]"""
1782318882981,2026-06-25T01:34:42.951,warning,bed_exit,yja,bed_exit_failed,t057,"CSI_DATA,810786,1a:00:00:00:00:00,-65,11,-99,19,49,11,-344053152,47,2,256,0,""[0,0,0,0,0,0,0,0,0,0,0,0,-2,28,-5,24,-5,34,-5,31,-10,35,-10,26,-15,27,-18,39,-16,33,-20,42,-24,35,-23,36,-18,34,-27,40,-26,35,-42,53,-30,43,-39,47,-31,36,-32,27,-48,48,-40,46,-46,57,-40,39,-39,45,-47,48,-51,53,-42,51,-53,51,-38,39,-51,52,-33,38,-36,51,-44,51,-33,60,-45,61,-47,59,-50,56,-47,60,-45,66,-39,70,-58,78,-43,64,-31,70,-31,52,-32,84,-45,69,-25,89,-41,97,-33,95,-38,73,-46,97,-39,95,-37,109,-45,91,-40,90,-32,113,0,0,0,0,0,0,110,39,127,47,81,26,107,33,127,51,92,34,119,40,96,27,114,38,90,29,87,30,112,27,103,31,118,23,93,27,100,27,96,20,105,15,87,12,122,21,92,11,102,6,77,5,82,0,94,1,94,-6,110,-5,91,0,101,0,98,-6,103,-6,93,-17,106,2,89,-6,92,-11,65,-1,85,-17,89,-2,84,-20,89,-1,90,0,75,11,82,8,90,9,77,0,82,11,68,15,74,-4,47,4,63,0,57,12,62,-6,60,7,58,14,46,5,41,16,37,14,0,0,0,0,0,0,0,0,0,0]"""
1782318882992,2026-06-25T01:34:42.962,warning,bed_exit,yja,bed_exit_failed,t057,"CSI_DATA,810787,1a:00:00:00:00:00,-65,11,-99,12,50,11,-344040806,47,2,256,0,""[0,0,0,0,0,0,0,0,0,0,0,0,12,-9,10,-18,31,-20,26,-18,33,-13,28,-12,21,-20,30,-22,29,-15,39,-28,38,-18,32,-20,38,-18,53,-12,42,-10,57,-9,45,-17,58,-5,47,-11,43,-6,60,-8,59,-15,63,-25,58,0,64,-16,56,-12,67,-8,60,-14,74,-10,62,-7,65,-5,52,-16,62,-21,62,-25,66,-32,63,-37,71,-31,70,-15,71,-34,89,-27,71,-39,76,-27,71,-20,74,-29,46,-26,66,-61,62,-46,62,-69,88,-59,77,-66,77,-39,88,-57,85,-58,80,-71,98,-53,87,-62,87,-70,0,0,0,0,0,0,-61,-102,-75,-114,-56,-74,-63,-91,-78,-102,-42,-93,-68,-110,-65,-90,-64,-107,-60,-66,-64,-61,-83,-68,-82,-72,-92,-69,-57,-66,-73,-59,-75,-56,-76,-78,-67,-61,-78,-71,-68,-55,-80,-64,-61,-35,-78,-38,-90,-38,-86,-39,-94,-37,-75,-46,-86,-43,-83,-32,-92,-45,-83,-34,-92,-62,-82,-44,-75,-44,-57,-27,-81,-27,-87,-27,-93,-22,-78,-34,-81,-43,-63,-35,-73,-32,-77,-47,-67,-40,-55,-45,-51,-43,-59,-39,-44,-25,-52,-33,-45,-21,-56,-21,-47,-34,-47,-27,-30,-30,-27,-33,-27,-31,0,0,0,0,0,0,0,0,0,0]"""
1782318883003,2026-06-25T01:34:42.973,warning,bed_exit,yja,bed_exit_failed,t057,"CSI_DATA,810788,1a:00:00:00:00:00,-65,11,-99,19,49,11,-344031652,47,2,256,0,""[0,0,0,0,0,0,0,0,0,0,0,0,6,-23,12,-33,3,-21,17,-36,8,-27,14,-40,15,-33,13,-31,10,-40,14,-33,20,-40,18,-38,17,-45,23,-46,32,-57,19,-32,28,-47,25,-37,34,-62,32,-52,40,-46,18,-61,26,-45,34,-60,23,-67,25,-51,24,-49,37,-62,14,-54,25,-72,25,-46,18,-77,20,-67,15,-70,15,-74,15,-65,5,-55,6,-66,-5,-77,1,-72,7,-90,-11,-61,-9,-88,0,-80,-15,-102,-10,-78,-27,-80,-22,-87,-33,-91,-33,-86,-43,-102,-36,-91,-36,-108,-33,-88,-49,-103,-59,-108,-47,-97,0,0,0,0,0,0,-113,61,-98,42,-118,68,-105,51,-77,48,-107,56,-78,60,-108,76,-79,49,-95,68,-81,67,-76,53,-68,84,-64,65,-72,66,-65,77,-59,79,-53,75,-76,90,-33,72,-48,94,-48,69,-47,104,-33,90,-36,84,-28,96,-26,73,-32,91,-21,93,-15,84,-22,83,-34,101,0,79,-6,101,-26,78,-17,117,-13,90,5,92,-16,86,-9,85,-9,71,-9,83,0,81,-6,77,-20,81,3,64,-7,82,-15,63,-8,79,-11,62,-3,60,-8,52,-9,56,-9,50,-15,47,-10,50,-10,47,0,0,0,0,0,0,0,0,0,0]"""
1782318883014,2026-06-25T01:34:42.984,warning,bed_exit,yja,bed_exit_failed,t057,"CSI_DATA,810789,1a:00:00:00:00:00,-65,11,-99,15,50,11,-344020137,47,2,256,0,""[0,0,0,0,0,0,0,0,0,0,0,0,20,-16,17,-12,32,-17,24,-15,33,-13,29,-15,32,-14,38,-14,40,-8,47,-19,38,-1,46,-14,48,-11,55,-2,50,-1,62,9,49,3,55,11,46,9,48,-5,63,-3,63,11,61,1,52,14,63,15,56,15,71,18,62,14,79,31,55,22,62,22,53,15,65,11,67,17,64,2,77,8,72,15,59,20,80,15,89,24,82,6,82,27,73,29,89,7,55,4,89,2,77,11,89,-12,115,10,102,3,88,18,101,29,98,14,104,8,110,28,105,15,114,15,0,0,0,0,0,0,23,-111,27,-128,23,-84,30,-103,38,-128,31,-83,35,-119,37,-100,45,-113,24,-77,23,-83,15,-103,31,-105,22,-112,25,-87,21,-99,18,-96,32,-108,18,-96,30,-106,15,-84,29,-98,16,-73,6,-86,7,-102,12,-105,4,-105,15,-86,14,-102,11,-94,16,-96,6,-88,37,-106,19,-91,17,-93,16,-64,7,-95,14,-84,1,-89,27,-96,22,-93,34,-62,36,-82,43,-76,27,-79,46,-64,43,-51,32,-63,20,-39,29,-57,30,-45,26,-51,36,-48,30,-51,38,-24,37,-29,35,-24,0,0,0,0,0,0,0,0,0,0]"""
1782318883025,2026-06-25T01:34:42.995,warning,bed_exit,yja,bed_exit_failed,t057,"CSI_DATA,810790,1a:00:00:00:00:00,-65,11,-99,19,49,11,-344009652,47,2,256,0,""[0,0,0,0,0,0,0,0,0,0,0,0,27,7,28,15,24,15,29,14,32,18,31,15,30,16,33,17,38,19,37,20,31,31,36,28,32,29,36,33,41,45,40,32,38,42,38,50,43,36,37,32,29,35,53,32,44,43,37,48,38,46,52,41,45,51,51,53,44,45,41,44,44,55,51,38,51,34,55,24,56,30,67,37,63,34,62,35,68,32,68,37,69,40,71,27,72,33,75,41,85,25,81,21,93,7,92,13,96,13,92,16,95,32,113,20,115,14,105,13,103,27,105,6,106,14,0,0,0,0,0,0,15,-114,21,-119,22,-108,26,-115,4,-107,28,-114,19,-106,6,-113,15,-105,0,-104,-5,-105,-10,-89,-18,-117,-16,-100,5,-99,-11,-102,-15,-93,-11,-101,-14,-105,-18,-90,-29,-96,-23,-103,-29,-78,-39,-84,-40,-84,-50,-91,-46,-75,-28,-84,-46,-83,-47,-76,-41,-93,-38,-89,-41,-77,-35,-81,-35,-87,-51,-73,-44,-70,-55,-70,-57,-66,-56,-78,-46,-69,-39,-74,-42,-67,-32,-69,-34,-74,-36,-67,-29,-66,-23,-71,-30,-58,-30,-49,-32,-51,-28,-46,-31,-53,-22,-54,-10,-47,-17,-49,-10,-46,0,0,0,0,0,0,0,0,0,0]"""
1782318883036,2026-06-25T01:34:43.006,warning,bed_exit,yja,bed_exit_failed,t057,"CSI_DATA,810791,1a:00:00:00:00:00,-65,11,-99,18,49,11,-343998652,47,2,256,0,""[0,0,0,0,0,0,0,0,0,0,0,0,16,-29,14,-19,27,-24,24,-22,30,-19,20,-17,22,-24,31,-30,32,-23,33,-26,33,-19,34,-21,41,-14,47,-18,36,-11,54,-29,37,-25,59,-30,50,-14,42,-12,59,-8,52,-21,70,-27,59,-15,63,-10,64,-20,64,-19,45,-23,74,-23,58,-13,54,-30,45,-15,54,-30,59,-26,60,-31,59,-43,70,-37,65,-30,75,-27,73,-36,54,-36,76,-53,55,-39,70,-56,48,-36,58,-68,66,-63,57,-73,71,-70,74,-70,76,-53,75,-66,63,-64,86,-88,86,-75,67,-60,68,-96,0,0,0,0,0,0,-79,-71,-112,-84,-69,-56,-92,-63,-111,-88,-65,-55,-103,-85,-71,-55,-90,-79,-74,-52,-80,-49,-90,-60,-87,-56,-102,-62,-77,-52,-76,-49,-88,-51,-90,-59,-79,-34,-106,-44,-75,-20,-98,-33,-76,-21,-87,-27,-91,-28,-84,-15,-108,-31,-87,-33,-84,-30,-94,-24,-102,-20,-82,-6,-104,-29,-76,-13,-90,-8,-70,-18,-91,-7,-92,-16,-82,-10,-89,-10,-89,-21,-72,-29,-77,-30,-88,-30,-68,-24,-82,-25,-57,-19,-72,-14,-47,-14,-65,-17,-51,-13,-58,-14,-56,-16,-53,-30,-39,-20,-36,-28,-38,-26,0,0,0,0,0,0,0,0,0,0]"""
1782318883047,2026-06-25T01:34:43.017,warning,bed_exit,yja,bed_exit_failed,t057,"CSI_DATA,810792,1a:00:00:00:00:00,-65,11,-99,15,50,11,-343987652,47,2,256,0,""[0,0,0,0,0,0,0,0,0,0,0,0,19,6,29,18,19,14,30,19,19,15,28,25,23,33,15,33,32,32,15,30,26,33,22,38,27,39,27,42,25,50,26,28,31,54,16,42,25,63,26,61,20,51,28,63,9,48,26,58,21,65,26,52,19,50,20,70,26,45,30,73,15,44,32,75,16,72,28,63,23,70,27,65,24,47,41,54,41,62,38,59,34,75,48,38,62,61,39,71,67,94,36,68,55,66,48,80,58,70,63,68,88,69,82,63,77,88,66,66,88,69,98,99,79,79,0,0,0,0,0,0,107,-88,77,-69,107,-92,91,-65,59,-52,98,-80,63,-63,95,-93,67,-61,94,-86,81,-69,78,-57,71,-77,67,-58,65,-82,57,-81,56,-76,55,-74,79,-86,30,-61,50,-96,46,-67,61,-97,52,-79,52,-74,51,-85,42,-65,39,-86,36,-90,37,-80,32,-75,54,-91,20,-73,28,-95,40,-70,48,-110,53,-72,38,-82,52,-74,41,-71,37,-65,29,-77,32,-74,33,-60,50,-67,21,-56,33,-74,41,-45,48,-67,42,-43,40,-47,46,-40,38,-36,40,-34,37,-35,36,-37,38,-31,0,0,0,0,0,0,0,0,0,0]"""
1782318883058,2026-06-25T01:34:43.028,warning,bed_exit,yja,bed_exit_failed,t057,"CSI_DATA,810793,1a:00:00:00:00:00,-65,11,-99,18,49,11,-343975314,47,2,256,0,""[0,0,0,0,0,0,0,0,0,0,0,0,-26,-42,-51,-30,-59,31,-22,-85,59,-7,-58,-41,60,32,-40,2,-16,0,74,-53,-16,-72,-15,-20,23,-65,-15,-43,24,-7,26,-44,21,-26,-20,-54,29,-68,23,-72,25,-49,44,-52,31,-37,37,-49,34,-43,40,-50,43,-44,52,-56,30,-33,41,-43,35,-49,58,-64,60,-43,44,-40,55,-40,47,-40,36,-35,49,-63,44,-52,44,-47,62,-50,37,-49,59,-69,58,-49,86,-84,70,-47,74,-69,79,-44,59,-43,69,-53,87,-78,78,-62,89,-68,81,-51,82,-68,105,-68,95,-42,0,0,0,0,0,0,-57,-102,-45,-77,-63,-128,-37,-110,-33,-71,-52,-122,-28,-80,-43,-115,-30,-72,-33,-124,-26,-121,-13,-102,-22,-95,-7,-81,-29,-106,-30,-96,-28,-93,-26,-87,-22,-105,-16,-70,-32,-107,-24,-82,-27,-114,-17,-99,-17,-84,-11,-85,-7,-75,-26,-96,-19,-92,-17,-95,-13,-81,-11,-103,-18,-62,-20,-95,-5,-81,-1,-125,12,-94,0,-96,12,-90,13,-74,12,-65,6,-93,7,-88,8,-63,21,-75,12,-59,21,-77,27,-54,43,-85,37,-52,26,-54,41,-39,31,-42,31,-34,32,-46,33,-37,31,-34,0,0,0,0,0,0,0,0,0,0]"""
1782318883069,2026-06-25T01:34:43.039,warning,bed_exit,yja,bed_exit_failed,t057,"CSI_DATA,810794,1a:00:00:00:00:00,-65,11,-99,21,49,11,-343965653,47,2,256,0,""[0,0,0,0,0,0,0,0,0,0,0,0,-9,23,-18,22,-11,14,-20,21,-23,18,-20,23,-24,25,-22,29,-34,29,-21,23,-42,14,-36,26,-40,23,-40,23,-49,17,-46,19,-49,18,-49,18,-46,22,-55,26,-49,26,-56,22,-52,21,-52,5,-58,18,-61,15,-65,7,-78,7,-53,10,-57,16,-63,7,-63,22,-64,19,-58,30,-61,27,-72,25,-68,27,-72,14,-62,33,-71,23,-78,17,-74,28,-79,31,-83,19,-88,36,-76,30,-71,51,-78,46,-85,51,-83,51,-88,35,-92,50,-104,48,-91,50,-94,36,-94,49,-92,46,0,0,0,0,0,0,41,118,31,101,40,102,22,117,35,108,19,118,22,100,26,104,13,102,38,103,39,102,36,98,59,97,34,87,23,95,33,94,48,90,30,92,34,98,39,85,32,92,22,94,46,78,46,70,44,78,54,87,39,70,28,76,46,82,46,82,41,86,38,98,38,70,43,77,25,93,47,79,37,75,51,75,37,73,38,79,35,70,23,79,36,75,21,81,15,79,14,65,15,78,4,75,9,66,9,57,18,62,10,56,12,58,6,49,-2,56,0,49,-6,42,0,0,0,0,0,0,0,0,0,0]"""
1782318883080,2026-06-25T01:34:43.050,warning,bed_exit,yja,bed_exit_failed,t057,"CSI_DATA,810795,1a:00:00:00:00:00,-65,11,-99,21,49,11,-343954630,47,2,256,0,""[0,0,0,0,0,0,0,0,0,0,0,0,22,-7,27,-17,19,-11,32,-19,22,-15,38,-21,39,-14,36,-9,36,-16,30,-3,44,-13,47,-13,37,-18,43,-11,55,-21,35,-16,58,-19,37,-19,66,-22,58,-14,54,6,51,-22,56,-5,64,-17,57,-19,60,-16,55,-17,70,-17,42,-22,62,-35,49,-17,80,-38,57,-22,57,-29,58,-30,62,-30,54,-30,61,-47,54,-38,54,-36,63,-46,37,-53,57,-71,44,-50,86,-90,65,-57,54,-78,74,-66,41,-65,48,-70,54,-100,45,-91,56,-96,45,-86,33,-92,55,-119,41,-92,0,0,0,0,0,0,-108,-42,-74,-30,-128,-53,-104,-41,-67,-28,-126,-42,-79,-19,-128,-36,-74,-24,-128,-42,-110,-30,-91,-30,-98,-19,-77,-20,-108,-17,-104,-12,-98,-9,-81,-2,-105,-1,-74,8,-108,17,-77,14,-125,14,-106,15,-83,9,-91,22,-68,11,-94,28,-86,22,-84,23,-83,27,-100,29,-52,36,-91,49,-74,34,-122,51,-86,28,-80,42,-85,30,-75,29,-68,29,-78,51,-71,38,-58,29,-70,27,-54,34,-78,44,-53,18,-89,32,-59,14,-61,24,-52,6,-48,20,-45,6,-53,12,-42,14,-46,13,0,0,0,0,0,0,0,0,0,0]"""
1782318883091,2026-06-25T01:34:43.061,warning,bed_exit,yja,bed_exit_failed,t057,"CSI_DATA,810796,1a:00:00:00:00:00,-65,11,-99,20,49,11,-343943653,47,2,256,0,""[0,0,0,0,0,0,0,0,0,0,0,0,-11,-15,-24,-25,-12,-22,-20,-31,-13,-20,-23,-30,-18,-33,-12,-28,-15,-30,-13,-34,-25,-38,-28,-43,-21,-42,-20,-38,-17,-52,-17,-39,-23,-53,-17,-37,-25,-71,-11,-52,-4,-42,-18,-55,-14,-47,-20,-60,-23,-59,-26,-56,-15,-53,-24,-61,-15,-45,-31,-69,-21,-47,-35,-81,-24,-69,-33,-63,-26,-62,-23,-61,-30,-46,-50,-58,-44,-59,-40,-55,-45,-66,-42,-42,-67,-62,-53,-53,-82,-85,-61,-62,-65,-53,-61,-61,-61,-60,-64,-49,-92,-61,-77,-47,-87,-66,-83,-57,-89,-59,-109,-68,-94,-68,0,0,0,0,0,0,-71,102,-52,73,-76,127,-61,92,-30,72,-61,113,-43,80,-62,119,-41,75,-60,125,-47,107,-37,93,-32,86,-29,76,-23,106,-19,99,-17,98,-21,90,-23,99,-11,72,-11,106,-9,73,-13,116,-14,100,0,96,-7,91,0,76,11,92,14,94,17,91,8,77,11,100,9,72,19,105,14,76,15,125,5,102,12,86,1,92,1,74,7,72,26,87,13,83,12,62,9,75,6,61,14,85,0,57,2,90,4,61,11,63,0,57,0,54,-1,50,3,61,0,50,1,45,0,0,0,0,0,0,0,0,0,0]"""
1782318883102,2026-06-25T01:34:43.072,warning,bed_exit,yja,bed_exit_failed,t057,"CSI_DATA,810797,1a:00:00:00:00:00,-65,11,-99,16,50,11,-343932653,47,2,256,0,""[0,0,0,0,0,0,0,0,0,0,0,0,10,21,9,27,8,24,8,30,5,31,7,33,6,36,-2,34,3,41,-2,42,-3,40,0,44,0,45,-6,48,-6,54,0,44,-5,48,-5,56,-6,53,-14,53,-25,57,-5,65,-21,52,-14,57,-15,69,-10,58,-12,66,-15,68,-2,66,0,72,-7,60,-11,71,-11,68,-7,70,-15,66,-9,71,-8,61,1,61,0,73,6,80,1,78,19,68,25,73,15,82,18,86,11,76,16,87,4,89,24,91,20,98,39,89,41,93,32,100,31,93,52,94,44,105,38,109,0,0,0,0,0,0,110,-42,113,-42,107,-40,106,-45,103,-35,105,-40,98,-52,106,-58,95,-49,96,-40,93,-44,96,-22,90,-57,91,-41,83,-51,87,-47,81,-53,79,-58,87,-58,61,-61,62,-68,71,-59,70,-69,62,-65,72,-57,64,-84,61,-59,58,-67,62,-67,61,-65,61,-68,59,-71,40,-82,48,-84,53,-72,58,-75,58,-69,61,-74,69,-68,53,-66,56,-60,48,-62,54,-64,47,-61,55,-57,33,-59,42,-56,49,-54,52,-46,41,-40,45,-42,52,-31,41,-36,41,-30,40,-38,39,-30,40,-28,0,0,0,0,0,0,0,0,0,0]"""
1782318883113,2026-06-25T01:34:43.083,warning,bed_exit,yja,bed_exit_failed,t057,"CSI_DATA,810798,1a:00:00:00:00:00,-65,11,-99,16,50,11,-343921019,47,2,256,0,""[0,0,0,0,0,0,0,0,0,0,0,0,25,-19,18,-20,33,-19,27,-9,33,-17,31,-14,26,-14,35,-20,34,-8,42,-12,35,-19,39,-7,50,-3,43,-9,37,-6,58,-10,44,-11,53,-9,50,0,53,1,72,0,58,-4,67,-4,62,-9,58,-2,58,-4,64,-2,49,-8,85,-4,61,-4,63,-11,57,-3,77,-12,65,-7,64,-19,64,-16,74,-20,72,-20,81,-10,79,-21,61,-31,82,-30,71,-27,76,-44,62,-24,75,-51,75,-32,70,-53,88,-46,87,-52,92,-42,87,-39,76,-53,102,-66,96,-57,83,-45,100,-62,0,0,0,0,0,0,-62,-94,-70,-100,-50,-80,-80,-88,-75,-103,-59,-72,-76,-110,-54,-85,-80,-95,-54,-81,-61,-70,-76,-84,-60,-72,-81,-89,-61,-72,-60,-74,-69,-73,-75,-72,-65,-52,-83,-72,-69,-52,-86,-53,-61,-50,-76,-48,-88,-49,-67,-49,-88,-53,-79,-51,-78,-55,-81,-44,-83,-41,-74,-31,-91,-59,-72,-43,-85,-30,-60,-40,-94,-33,-77,-47,-82,-36,-75,-40,-83,-46,-69,-46,-61,-52,-72,-50,-63,-31,-72,-50,-50,-37,-61,-31,-44,-29,-60,-39,-44,-38,-55,-29,-40,-38,-37,-39,-35,-39,-27,-35,-26,-29,0,0,0,0,0,0,0,0,0,0]"""
1782318883124,2026-06-25T01:34:43.094,warning,bed_exit,yja,bed_exit_failed,t057,"CSI_DATA,810799,1a:00:00:00:00:00,-65,11,-99,20,49,11,-343910641,47,2,256,0,""[0,0,0,0,0,0,0,0,0,0,0,0,23,9,30,12,22,7,31,17,21,12,31,26,33,26,18,30,28,31,18,31,18,35,22,40,22,34,18,42,20,58,20,42,18,54,7,53,7,59,10,51,1,40,9,60,0,52,-1,58,-6,63,-5,61,-7,64,-13,77,-1,47,-5,71,-14,59,-9,73,-20,61,-9,61,-23,63,-19,68,-11,61,-15,73,-14,67,-12,61,-30,77,-8,69,-19,94,-27,71,-36,102,-32,71,-27,89,-40,84,-25,86,-31,79,-32,94,-35,101,-54,113,-47,88,-42,95,-58,116,-40,84,0,0,0,0,0,0,105,79,72,65,103,86,81,82,67,61,87,99,66,61,91,94,65,71,83,93,68,89,53,87,77,83,51,73,56,87,61,86,53,82,53,78,61,97,57,59,62,85,43,77,57,86,54,81,45,71,54,80,32,72,45,85,50,82,45,83,41,79,36,108,39,61,42,86,25,75,41,104,22,84,23,80,12,89,13,83,10,74,15,82,12,81,0,73,-8,83,9,61,-6,81,-12,62,-15,81,-18,60,-17,57,-28,55,-17,58,-20,44,-30,45,-21,47,-30,42,0,0,0,0,0,0,0,0,0,0]"""
1782318883135,2026-06-25T01:34:43.105,warning,bed_exit,yja,bed_exit_failed,t057,"CSI_DATA,810800,1a:00:00:00:00:00,-65,11,-99,20,49,11,-343898347,47,2,256,0,""[0,0,0,0,0,0,0,0,0,0,0,0,-19,18,-22,15,-20,20,-25,19,-27,19,-30,20,-32,19,-31,14,-37,20,-34,13,-34,9,-45,9,-43,13,-47,14,-53,9,-51,9,-51,11,-55,10,-53,9,-58,2,-61,-6,-61,14,-61,3,-58,5,-57,6,-61,0,-67,3,-69,0,-62,14,-60,20,-69,5,-59,9,-62,2,-65,9,-65,9,-72,12,-75,12,-70,16,-72,16,-68,18,-71,17,-72,35,-70,38,-78,26,-80,28,-72,20,-91,27,-89,23,-85,43,-89,33,-83,47,-92,47,-100,50,-99,47,-93,59,-100,45,-106,45,0,0,0,0,0,0,38,105,45,113,42,93,40,111,54,113,44,108,49,101,58,93,37,96,45,99,46,102,30,103,54,101,39,89,41,89,41,90,53,83,49,82,45,90,63,70,59,72,53,86,53,74,59,70,52,72,61,71,55,84,58,70,60,71,57,67,57,77,58,72,72,63,69,53,66,68,60,61,53,68,59,64,57,77,60,63,52,69,51,65,43,66,47,59,42,66,47,53,50,58,37,63,33,61,29,52,26,54,15,53,23,52,16,57,21,50,17,43,11,46,0,0,0,0,0,0,0,0,0,0]"""
1782318883146,2026-06-25T01:34:43.116,warning,bed_exit,yja,bed_exit_failed,t057,"CSI_DATA,810801,1a:00:00:00:00:00,-65,11,-99,22,49,11,-343886864,47,2,256,0,""[0,0,0,0,0,0,0,0,0,0,0,0,-20,-24,-11,-26,-16,-25,-6,-20,-11,-28,-15,-27,-14,-28,-14,-34,-19,-31,-13,-38,0,-42,-9,-44,-16,-46,0,-48,-2,-47,-6,-59,-1,-54,4,-65,0,-46,-11,-51,-3,-50,-2,-63,-2,-66,16,-50,11,-57,2,-64,11,-63,11,-63,8,-78,14,-63,11,-68,0,-50,-1,-62,-11,-61,-9,-64,-11,-74,-5,-81,9,-72,-11,-74,7,-86,2,-79,-8,-81,0,-77,0,-87,-15,-73,-30,-86,-35,-84,-38,-89,-25,-99,-24,-99,-8,-96,-24,-108,-19,-101,-40,-112,-6,-112,-34,-99,-29,-112,0,0,0,0,0,0,-110,11,-123,7,-97,15,-117,6,-128,24,-107,0,-121,6,-99,13,-117,-4,-97,21,-99,32,-101,29,-104,44,-104,38,-97,8,-93,29,-94,29,-109,18,-96,18,-102,33,-87,23,-99,24,-68,33,-83,43,-84,42,-86,55,-94,54,-92,26,-82,37,-82,47,-90,41,-79,40,-95,40,-84,34,-86,28,-63,33,-80,44,-73,50,-78,54,-79,50,-77,50,-76,18,-74,31,-80,18,-77,20,-73,22,-63,9,-73,7,-55,10,-61,18,-55,21,-60,24,-58,15,-57,9,-48,-7,-44,0,-46,-4,0,0,0,0,0,0,0,0,0,0]"""
1782318883157,2026-06-25T01:34:43.127,warning,bed_exit,yja,bed_exit_failed,t057,"CSI_DATA,810802,1a:00:00:00:00:00,-65,11,-99,15,50,11,-343877625,47,2,256,0,""[0,0,0,0,0,0,0,0,0,0,0,0,22,15,26,22,19,18,18,22,16,24,19,23,25,27,21,33,24,32,20,35,16,40,18,40,13,46,11,52,7,51,13,54,15,48,6,49,11,48,14,60,15,56,9,67,6,60,-3,61,-12,63,0,58,-7,65,-4,64,-2,70,-5,64,-9,63,-6,67,-2,62,0,66,0,72,4,71,0,75,-9,70,-3,82,-8,77,-7,84,0,77,0,77,-10,87,0,78,-3,76,4,79,10,88,4,103,5,102,-9,97,-12,103,-5,104,1,107,-19,110,-7,116,-6,119,0,0,0,0,0,0,122,14,126,29,103,19,108,23,114,25,102,36,111,26,109,37,107,38,89,25,94,15,97,23,108,17,110,32,88,37,94,29,97,27,93,32,97,32,97,17,86,23,89,27,86,16,89,15,101,23,102,13,97,16,90,28,94,26,90,17,94,23,93,27,94,23,89,22,88,31,80,26,84,18,86,19,88,26,90,24,77,34,64,42,73,35,69,48,64,46,63,35,57,43,52,46,53,37,45,32,50,37,46,35,44,40,36,46,23,48,24,38,18,41,0,0,0,0,0,0,0,0,0,0]"""
1782318883168,2026-06-25T01:34:43.138,warning,bed_exit,yja,bed_exit_failed,t057,"CSI_DATA,810803,1a:00:00:00:00:00,-65,11,-99,15,50,11,-343866632,47,2,256,0,""[0,0,0,0,0,0,0,0,0,0,0,0,-10,-23,-8,-29,-4,-19,-9,-30,-6,-29,-4,-41,0,-43,4,-30,3,-45,3,-27,11,-40,4,-44,0,-45,5,-46,8,-61,3,-36,1,-55,8,-48,3,-71,23,-63,24,-46,7,-56,18,-47,12,-63,9,-67,14,-58,12,-52,19,-68,-1,-50,1,-71,15,-60,6,-86,15,-67,8,-65,15,-70,2,-70,5,-63,-5,-72,-13,-67,-8,-61,0,-87,-22,-58,-22,-84,-12,-81,-23,-108,2,-81,-21,-84,-8,-94,-27,-79,-33,-93,-48,-100,-43,-93,-41,-103,-32,-89,-62,-95,-47,-108,-42,-106,0,0,0,0,0,0,-121,51,-89,32,-128,55,-110,33,-82,27,-122,46,-75,46,-113,61,-79,46,-115,49,-103,42,-94,21,-94,54,-85,39,-83,60,-80,60,-75,63,-69,59,-83,64,-49,58,-68,73,-65,60,-78,81,-75,70,-67,63,-61,72,-50,55,-57,77,-58,77,-48,68,-49,66,-70,77,-21,70,-40,91,-48,69,-60,100,-62,69,-44,74,-67,70,-46,68,-51,62,-46,79,-38,71,-32,58,-53,65,-27,55,-39,73,-42,48,-56,66,-42,39,-43,42,-46,32,-40,43,-39,30,-33,40,-35,36,-36,28,0,0,0,0,0,0,0,0,0,0]"""
1782318883179,2026-06-25T01:34:43.149,warning,bed_exit,yja,bed_exit_failed,t057,"CSI_DATA,810804,1a:00:00:00:00:00,-65,11,-99,18,49,11,-343855248,47,2,256,0,""[0,0,0,0,0,0,0,0,0,0,0,0,8,17,17,25,10,24,15,31,12,23,8,38,7,39,6,35,6,43,-1,34,-2,47,-6,46,-4,43,-13,37,-15,56,-12,40,-14,55,-15,48,-27,63,-28,49,-33,40,-29,52,-30,46,-34,50,-32,47,-41,52,-44,49,-45,60,-25,39,-40,48,-35,50,-44,62,-46,43,-37,60,-49,48,-44,52,-36,46,-42,64,-37,55,-46,47,-55,53,-31,64,-49,75,-53,59,-76,90,-59,56,-60,80,-75,60,-53,65,-70,62,-73,82,-66,77,-72,84,-79,73,-73,79,-89,80,-78,76,0,0,0,0,0,0,78,101,53,79,78,116,66,98,48,80,70,112,52,76,61,108,47,76,53,113,50,102,41,83,50,96,26,82,40,102,39,97,34,93,30,85,42,99,33,69,52,90,39,82,49,100,36,87,31,74,37,85,23,78,39,83,35,89,32,85,26,84,32,104,34,65,38,82,29,84,35,106,15,86,25,85,8,92,14,80,4,75,12,88,1,81,0,67,-6,74,9,64,0,78,-12,66,-16,80,-14,56,-11,64,-27,55,-13,49,-24,46,-20,46,-23,42,-23,36,0,0,0,0,0,0,0,0,0,0]"""
1782318883190,2026-06-25T01:34:43.160,warning,bed_exit,yja,bed_exit_failed,t057,"CSI_DATA,810805,1a:00:00:00:00:00,-65,11,-99,15,50,11,-343844099,47,2,256,0,""[0,0,0,0,0,0,0,0,0,0,0,0,-27,2,-25,0,-35,-6,-22,-3,-39,-12,-28,-13,-27,-7,-37,-11,-37,-9,-47,-18,-40,-26,-37,-23,-38,-22,-43,-29,-33,-20,-57,-36,-38,-28,-46,-35,-37,-29,-47,-22,-52,-29,-49,-36,-51,-47,-40,-40,-38,-42,-46,-45,-43,-46,-42,-36,-63,-46,-44,-31,-50,-46,-46,-32,-62,-35,-60,-42,-58,-37,-56,-40,-63,-51,-51,-45,-60,-47,-74,-35,-60,-31,-83,-48,-59,-34,-90,-34,-49,-28,-86,-25,-81,-34,-85,-26,-105,-26,-100,-32,-84,-42,-90,-42,-79,-30,-116,-33,-101,-36,-91,-28,-116,-26,0,0,0,0,0,0,-24,100,-33,127,-35,90,-29,113,-38,127,-31,85,-42,127,-23,96,-27,127,-20,83,-28,100,-32,110,-18,100,-26,117,-34,88,-36,86,-24,98,-22,101,-8,82,-13,114,-2,77,-5,109,0,77,0,93,9,106,11,90,5,110,-8,95,-8,98,2,99,2,98,11,72,7,117,6,82,8,95,0,74,19,90,0,93,13,91,9,87,-3,98,-15,82,-14,85,-6,86,-1,69,-2,85,-15,55,0,77,0,48,0,64,-8,59,-5,59,-9,56,-20,60,-18,46,-20,39,-17,38,0,0,0,0,0,0,0,0,0,0]"""
1782318883201,2026-06-25T01:34:43.171,warning,bed_exit,yja,bed_exit_failed,t057,"CSI_DATA,810806,1a:00:00:00:00:00,-65,11,-99,19,49,11,-343832576,47,2,256,0,""[0,0,0,0,0,0,0,0,0,0,0,0,26,-4,24,0,32,-2,33,0,32,6,33,8,27,12,32,16,40,9,36,24,36,23,35,29,38,25,46,31,48,35,38,31,37,33,36,39,28,48,41,42,34,43,43,58,20,55,25,53,26,63,19,55,16,62,16,65,31,61,32,62,19,58,23,61,17,70,15,63,13,74,19,67,11,70,17,64,19,75,21,76,15,77,21,74,26,72,23,88,18,78,9,82,20,91,4,91,26,100,11,99,26,99,10,108,12,105,14,103,23,108,2,118,8,113,0,0,0,0,0,0,126,13,126,15,113,21,115,22,115,35,107,32,112,21,115,19,107,38,99,33,102,31,86,48,103,32,96,48,95,37,94,44,92,42,89,42,96,49,92,24,89,28,85,38,83,37,86,39,84,44,94,37,77,48,84,44,78,51,76,39,77,48,77,58,89,41,82,43,74,49,76,52,72,59,67,62,63,65,64,63,56,64,54,63,46,71,51,66,34,72,46,58,36,55,36,66,21,59,16,53,17,65,11,55,16,60,8,60,0,52,2,50,-3,46,0,0,0,0,0,0,0,0,0,0]"""
1782318883212,2026-06-25T01:34:43.182,warning,bed_exit,yja,bed_exit_failed,t057,"CSI_DATA,810807,1a:00:00:00:00:00,-65,11,-99,19,49,11,-343818208,47,2,256,0,""[0,0,0,0,0,0,0,0,0,0,0,0,9,-26,6,-25,17,-25,7,-24,13,-30,16,-24,13,-32,23,-37,24,-31,32,-40,29,-33,30,-30,32,-29,40,-28,34,-28,52,-39,41,-30,51,-32,44,-15,41,-31,46,-34,52,-18,64,-33,58,-15,64,-14,61,-22,67,-16,49,-25,77,-11,63,-9,63,-19,53,-10,63,-27,66,-12,66,-28,75,-20,72,-16,67,-13,77,-14,83,-19,76,-28,88,-13,78,-15,73,-30,63,-24,81,-38,81,-13,79,-47,107,-25,98,-18,93,-14,106,-14,100,-26,108,-22,110,-7,97,-6,109,-24,0,0,0,0,0,0,-17,-104,-16,-128,-13,-102,-7,-106,-9,-128,-4,-97,3,-128,1,-106,3,-117,-2,-101,-7,-91,-6,-112,-3,-97,-4,-118,-2,-96,1,-94,4,-103,3,-108,-4,-95,6,-110,-9,-96,-7,-102,5,-78,-7,-82,-4,-108,-9,-98,-9,-109,-5,-87,9,-94,-1,-95,0,-101,-7,-84,12,-108,9,-87,-3,-94,8,-76,3,-92,13,-84,5,-91,8,-92,17,-89,22,-77,34,-78,34,-78,29,-75,33,-73,34,-59,22,-66,22,-48,22,-65,31,-47,29,-52,32,-51,39,-44,32,-30,35,-32,40,-29,0,0,0,0,0,0,0,0,0,0]"""
1782318883223,2026-06-25T01:34:43.193,warning,bed_exit,yja,bed_exit_failed,t057,"CSI_DATA,810808,1a:00:00:00:00:00,-65,11,-99,19,49,11,-343811636,47,2,256,0,""[0,0,0,0,0,0,0,0,0,0,0,0,18,-17,26,-17,21,-14,30,-16,22,-17,37,-17,39,-10,32,-10,33,-12,34,-13,46,-11,46,-2,41,-10,45,-6,46,-1,51,8,55,1,55,0,59,2,63,5,69,-2,50,14,58,14,59,4,60,11,63,20,58,16,63,19,61,18,67,21,63,18,69,23,71,20,67,20,65,18,63,15,66,23,79,21,68,25,72,16,75,11,76,23,87,23,79,3,92,28,105,15,94,20,93,26,86,21,90,26,99,26,97,32,105,28,106,39,100,28,103,31,107,32,0,0,0,0,0,0,33,-117,40,-105,39,-120,37,-109,47,-102,47,-113,46,-104,52,-108,39,-95,58,-108,54,-95,43,-108,46,-84,39,-87,44,-105,44,-94,41,-93,34,-90,34,-83,44,-85,42,-99,33,-85,46,-99,40,-93,32,-98,34,-75,35,-85,32,-92,33,-91,37,-90,37,-85,32,-89,39,-85,41,-86,36,-80,48,-83,38,-90,42,-81,43,-79,49,-70,48,-67,44,-76,51,-57,44,-61,47,-63,50,-54,57,-54,42,-51,60,-46,44,-43,51,-32,49,-36,45,-31,43,-31,48,-26,45,-16,46,-16,0,0,0,0,0,0,0,0,0,0]"""
1782318883234,2026-06-25T01:34:43.204,warning,bed_exit,yja,bed_exit_failed,t057,"CSI_DATA,810809,1a:00:00:00:00:00,-65,11,-99,20,49,11,-343796123,47,2,256,0,""[0,0,0,0,0,0,0,0,0,0,0,0,-30,5,-28,4,-32,0,-30,3,-39,-3,-28,0,-30,0,-42,-4,-41,-4,-50,-6,-36,-11,-39,-16,-43,-17,-42,-24,-37,-19,-55,-40,-39,-29,-42,-50,-36,-33,-31,-23,-41,-38,-47,-39,-58,-52,-35,-42,-40,-42,-42,-53,-37,-57,-37,-53,-32,-65,-31,-51,-32,-61,-21,-42,-37,-48,-31,-49,-48,-45,-45,-69,-41,-64,-24,-71,-36,-71,-42,-75,-43,-65,-28,-83,-20,-72,-43,-64,-27,-56,-49,-75,-42,-73,-61,-73,-56,-98,-49,-87,-28,-79,-33,-109,-33,-102,-43,-103,-18,-97,-36,-92,-47,-101,0,0,0,0,0,0,-118,24,-128,23,-93,17,-124,10,-128,17,-100,0,-128,-1,-100,0,-123,-8,-94,-6,-83,8,-116,17,-108,-7,-115,12,-96,-5,-104,0,-94,3,-101,-4,-87,-7,-116,-15,-92,-6,-100,-17,-72,0,-83,2,-98,6,-95,-3,-112,2,-84,-14,-94,-9,-98,-8,-103,-17,-94,-9,-109,-26,-83,-23,-91,-25,-64,-16,-91,-10,-84,-22,-92,-5,-92,-29,-88,-40,-67,-47,-77,-40,-73,-51,-68,-44,-62,-59,-45,-53,-51,-43,-31,-33,-50,-42,-42,-42,-50,-33,-40,-55,-42,-42,-20,-46,-21,-47,-21,-42,0,0,0,0,0,0,0,0,0,0]"""
1782318883245,2026-06-25T01:34:43.215,warning,bed_exit,yja,bed_exit_failed,t057,"CSI_DATA,810810,1a:00:00:00:00:00,-65,11,-99,20,49,11,-343789653,47,2,256,0,""[0,0,0,0,0,0,0,0,0,0,0,0,-18,13,-22,12,-30,13,-28,12,-32,15,-33,9,-33,9,-31,12,-32,6,-43,13,-43,7,-42,2,-50,3,-42,4,-40,5,-58,0,-48,-2,-53,3,-56,5,-67,-4,-74,1,-54,6,-65,2,-76,2,-63,3,-62,-3,-61,-3,-53,-1,-73,-4,-65,3,-70,3,-75,-1,-80,7,-73,9,-71,9,-69,0,-76,5,-79,8,-77,12,-70,19,-63,23,-79,10,-73,10,-83,31,-83,23,-96,36,-84,31,-82,42,-84,34,-100,36,-107,41,-82,29,-81,33,-118,46,-106,41,-96,33,-114,54,0,0,0,0,0,0,53,96,56,112,56,107,53,103,55,107,48,99,58,121,52,100,60,105,49,105,61,97,64,89,47,79,66,92,63,92,55,76,61,84,55,78,57,59,61,93,57,70,71,70,69,74,79,80,84,66,63,60,70,67,83,65,73,65,72,62,68,54,61,40,80,68,72,52,76,58,70,72,90,66,72,54,77,54,61,49,70,59,68,60,58,66,54,53,53,45,52,60,48,53,53,54,43,49,48,53,38,48,43,46,29,41,39,48,31,50,18,42,21,37,0,0,0,0,0,0,0,0,0,0]"""
1782318883256,2026-06-25T01:34:43.226,warning,bed_exit,yja,bed_exit_failed,t057,"CSI_DATA,810811,1a:00:00:00:00:00,-65,11,-99,18,49,11,-343777583,47,2,256,0,""[0,0,0,0,0,0,0,0,0,0,0,0,-12,28,-8,31,-4,23,-14,31,-12,25,-19,28,-22,26,-26,28,-25,27,-26,28,-31,30,-37,29,-34,28,-30,26,-37,32,-46,20,-56,28,-42,22,-58,23,-50,27,-42,25,-55,18,-59,10,-61,18,-58,10,-70,8,-63,10,-72,14,-58,-2,-64,11,-59,9,-74,5,-77,9,-69,6,-65,8,-65,-3,-69,4,-83,8,-79,4,-68,6,-75,1,-74,0,-89,6,-74,15,-103,3,-97,8,-91,0,-103,-3,-88,5,-95,0,-103,2,-97,-6,-114,-6,-116,-7,-111,-5,-111,-9,-113,-3,0,0,0,0,0,0,-14,111,-22,105,-24,127,-25,117,-32,103,-31,125,-33,109,-40,116,-23,101,-45,119,-37,111,-30,111,-45,93,-33,88,-41,110,-36,94,-39,89,-36,91,-28,96,-42,86,-37,95,-25,82,-40,97,-39,88,-30,92,-37,81,-36,87,-36,99,-41,83,-48,87,-41,84,-36,89,-47,79,-42,89,-38,81,-57,90,-48,88,-50,81,-57,76,-54,59,-58,63,-62,72,-58,53,-58,49,-58,55,-58,46,-64,46,-56,37,-68,35,-60,35,-59,27,-56,23,-50,13,-52,21,-54,15,-41,12,-48,9,0,0,0,0,0,0,0,0,0,0]"""
1782318883267,2026-06-25T01:34:43.237,warning,bed_exit,yja,bed_exit_failed,t057,"CSI_DATA,810812,1a:00:00:00:00:00,-65,11,-99,18,49,11,-343767427,47,2,256,0,""[0,0,0,0,0,0,0,0,0,0,0,0,0,19,3,31,3,20,5,38,3,21,-4,47,-8,41,-4,30,-7,37,-5,29,-7,42,-14,41,-15,43,-9,42,-22,56,-10,37,-23,58,-13,46,-24,68,-38,55,-31,42,-26,48,-31,40,-29,62,-34,54,-38,55,-34,46,-43,61,-23,44,-29,67,-27,52,-47,82,-41,57,-28,60,-32,62,-35,55,-22,51,-24,76,-21,68,-21,57,-35,74,-13,61,-21,97,-22,71,-41,120,-31,73,-24,86,-47,90,-17,75,-26,82,-19,120,-16,97,-32,115,-31,96,-11,108,-26,127,-30,112,0,0,0,0,0,0,121,32,81,21,127,37,109,42,70,30,127,44,84,17,127,33,88,16,127,45,121,38,92,39,100,28,82,27,113,25,103,22,105,17,93,21,111,27,72,7,112,8,84,10,127,15,101,14,85,17,90,14,73,12,101,0,97,-2,96,2,88,9,108,14,72,-9,108,-10,85,3,127,9,90,17,93,8,90,24,71,18,68,15,99,4,84,8,58,6,75,17,60,4,80,12,59,16,91,37,55,30,59,26,51,29,42,28,39,24,56,31,47,22,42,31,0,0,0,0,0,0,0,0,0,0]"""
1782318883278,2026-06-25T01:34:43.248,warning,bed_exit,yja,bed_exit_failed,t057,"CSI_DATA,810813,1a:00:00:00:00:00,-64,11,-99,20,49,11,-343755442,47,2,256,0,""[0,0,0,0,0,0,0,0,0,0,0,0,27,-7,32,-1,23,-11,27,-9,33,-1,35,-2,38,-5,38,2,48,-3,41,7,42,12,49,12,41,20,47,14,53,20,54,13,57,14,58,22,48,19,58,24,61,29,58,25,57,32,52,30,52,33,57,31,56,31,59,35,60,23,65,28,66,32,57,28,59,29,60,26,64,30,67,21,74,35,71,29,72,29,72,26,74,31,84,14,91,13,83,28,93,20,91,24,101,19,94,22,101,19,97,23,96,22,110,20,120,25,112,19,114,25,112,31,111,19,0,0,0,0,0,0,26,-119,30,-122,29,-115,24,-122,36,-118,33,-116,27,-116,22,-115,42,-106,31,-111,22,-111,34,-109,16,-122,33,-105,36,-107,26,-105,25,-95,19,-105,24,-103,0,-101,2,-104,20,-99,4,-95,0,-99,14,-93,-3,-101,4,-96,10,-94,9,-101,9,-96,5,-104,8,-110,-8,-94,-2,-96,6,-94,0,-93,5,-91,0,-89,4,-95,4,-96,9,-89,17,-88,17,-88,20,-81,20,-77,11,-75,12,-76,21,-67,19,-68,20,-63,19,-63,27,-60,19,-56,28,-45,24,-43,30,-44,30,-41,0,0,0,0,0,0,0,0,0,0]"""
1782318883289,2026-06-25T01:34:43.259,warning,bed_exit,yja,bed_exit_failed,t057,"CSI_DATA,810814,1a:00:00:00:00:00,-64,11,-99,20,49,11,-343745607,47,2,256,0,""[0,0,0,0,0,0,0,0,0,0,0,0,-22,-24,-17,-17,-10,-30,-13,-29,-9,-32,-13,-29,-12,-26,-17,-37,-9,-36,-11,-45,-9,-43,-4,-46,1,-45,0,-46,-5,-50,9,-59,1,-51,1,-60,17,-56,0,-61,5,-64,18,-54,14,-67,17,-63,22,-59,20,-61,20,-66,4,-55,31,-74,25,-61,16,-64,27,-61,22,-76,29,-72,19,-66,17,-68,21,-74,22,-72,32,-76,25,-78,15,-74,34,-88,25,-77,17,-88,20,-74,9,-109,24,-89,10,-94,36,-100,26,-101,44,-99,31,-93,27,-97,43,-126,43,-102,37,-97,37,-116,0,0,0,0,0,0,-106,-42,-121,-50,-107,-40,-118,-37,-126,-53,-105,-36,-124,-66,-98,-47,-118,-58,-98,-50,-97,-50,-114,-42,-87,-52,-108,-49,-106,-43,-87,-40,-98,-50,-93,-46,-85,-33,-105,-54,-86,-42,-102,-37,-90,-37,-101,-39,-104,-39,-78,-46,-106,-35,-98,-40,-87,-42,-92,-41,-92,-36,-82,-18,-99,-57,-79,-42,-88,-31,-71,-51,-96,-47,-82,-49,-83,-42,-72,-49,-78,-51,-71,-54,-61,-59,-66,-58,-62,-47,-60,-69,-45,-55,-54,-50,-39,-50,-48,-52,-37,-51,-36,-50,-28,-53,-35,-53,-16,-49,-13,-45,-13,-45,0,0,0,0,0,0,0,0,0,0]"""
1782318883300,2026-06-25T01:34:43.270,warning,bed_exit,yja,bed_exit_failed,t057,"CSI_DATA,810815,1a:00:00:00:00:00,-64,11,-99,21,48,11,-343733577,47,2,256,0,""[0,0,0,0,0,0,0,0,0,0,0,0,-7,-19,-3,-32,-4,-20,-2,-29,0,-34,3,-36,15,-35,18,-25,10,-46,15,-36,10,-41,16,-44,21,-39,25,-44,24,-46,21,-48,22,-52,28,-43,36,-35,30,-41,34,-25,34,-53,51,-39,48,-45,47,-39,54,-43,53,-48,62,-51,32,-45,37,-51,50,-49,50,-48,54,-39,48,-45,56,-45,65,-54,56,-47,48,-59,48,-56,51,-59,65,-50,42,-73,50,-76,59,-67,68,-74,56,-51,61,-69,84,-68,69,-75,78,-74,60,-85,70,-93,73,-92,70,-87,69,-94,85,-88,84,-87,0,0,0,0,0,0,-84,-88,-79,-98,-70,-101,-82,-97,-77,-94,-73,-105,-68,-81,-84,-91,-75,-82,-68,-98,-61,-98,-46,-95,-74,-100,-46,-87,-58,-85,-62,-90,-60,-84,-63,-79,-55,-99,-73,-61,-73,-70,-69,-77,-60,-70,-56,-80,-51,-86,-75,-75,-58,-90,-59,-66,-63,-87,-62,-74,-65,-78,-60,-93,-66,-62,-75,-69,-69,-82,-63,-87,-47,-82,-51,-80,-38,-92,-51,-87,-31,-87,-46,-72,-38,-74,-39,-68,-25,-86,-38,-63,-32,-69,-18,-72,-17,-71,-4,-60,-6,-67,5,-61,-5,-61,-5,-59,-3,-53,0,-52,3,-43,0,0,0,0,0,0,0,0,0,0]"""
1782318883311,2026-06-25T01:34:43.281,warning,bed_exit,yja,bed_exit_failed,t057,"CSI_DATA,810816,1a:00:00:00:00:00,-64,11,-99,16,49,11,-343722050,47,2,256,0,""[0,0,0,0,0,0,0,0,0,0,0,0,27,18,19,16,24,26,23,16,24,22,18,23,20,20,33,28,23,40,38,34,24,34,23,40,26,37,21,46,26,38,16,63,16,59,12,61,12,43,22,50,25,70,13,53,25,76,12,56,15,66,10,64,2,77,5,63,0,82,0,60,-2,66,2,55,15,65,7,73,20,68,6,81,9,79,-10,72,10,81,5,95,14,81,-13,98,-11,90,18,77,5,59,27,88,6,79,38,96,18,116,20,103,4,89,-3,119,2,116,11,115,-5,114,10,105,6,116,0,0,0,0,0,0,125,-4,127,6,96,0,124,16,127,15,107,21,127,21,111,14,127,26,98,21,96,14,127,0,116,19,127,3,94,18,108,15,100,10,112,15,100,4,123,26,98,16,113,21,83,10,93,0,104,0,103,8,116,-3,85,9,98,7,105,4,116,18,98,4,117,31,94,23,97,17,65,14,96,3,91,17,95,6,97,32,98,27,72,40,82,37,86,43,82,30,67,58,54,48,66,34,42,28,57,32,47,31,60,27,50,45,52,39,23,38,32,43,28,39,0,0,0,0,0,0,0,0,0,0]"""
1782318883322,2026-06-25T01:34:43.292,warning,bed_exit,yja,bed_exit_failed,t057,"CSI_DATA,810817,1a:00:00:00:00:00,-64,11,-99,18,49,11,-343712653,47,2,256,0,""[0,0,0,0,0,0,0,0,0,0,0,0,-19,-7,-19,-14,-23,-15,-33,-28,-26,-21,-30,-34,-27,-30,-20,-33,-16,-30,-21,-35,-25,-36,-23,-37,-27,-41,-20,-42,-26,-48,-2,-47,-13,-63,-6,-49,-9,-71,-1,-64,-1,-56,6,-63,7,-59,-3,-70,-1,-69,2,-60,4,-64,15,-65,10,-70,17,-74,13,-60,20,-89,26,-77,19,-75,24,-69,32,-62,16,-61,18,-83,14,-80,7,-71,19,-81,22,-70,29,-90,17,-88,43,-101,44,-86,36,-80,39,-88,41,-92,35,-93,33,-117,32,-95,43,-103,59,-102,45,-117,60,-117,68,-98,0,0,0,0,0,0,-100,-68,-91,-66,-122,-88,-84,-88,-71,-65,-96,-86,-80,-84,-96,-97,-80,-80,-84,-114,-73,-101,-64,-90,-56,-86,-64,-84,-83,-87,-71,-78,-79,-82,-68,-74,-67,-83,-50,-77,-64,-88,-55,-78,-72,-100,-57,-95,-59,-83,-43,-88,-46,-76,-75,-85,-62,-83,-61,-79,-51,-78,-46,-87,-41,-87,-50,-97,-40,-81,-48,-117,-30,-109,-31,-98,-24,-98,-4,-85,-18,-82,-30,-87,-13,-88,-14,-74,-4,-87,-5,-68,9,-87,5,-73,14,-81,21,-66,24,-62,23,-56,27,-49,13,-53,25,-59,25,-42,24,-40,0,0,0,0,0,0,0,0,0,0]"""
1782318883333,2026-06-25T01:34:43.303,warning,bed_exit,yja,bed_exit_failed,t057,"CSI_DATA,810819,1a:00:00:00:00:00,-64,11,-99,20,48,11,-343690604,47,2,256,0,""[0,0,0,0,0,0,0,0,0,0,0,0,19,-14,22,-24,17,-16,28,-24,21,-25,39,-26,39,-24,23,-17,29,-25,32,-17,43,-28,39,-28,45,-36,40,-37,49,-30,43,-11,54,-27,43,-24,61,-37,66,-37,53,-47,56,-23,46,-26,59,-44,54,-43,53,-35,51,-35,58,-39,49,-36,63,-48,52,-38,70,-60,60,-50,55,-57,57,-55,53,-52,47,-48,42,-70,40,-74,35,-64,49,-79,42,-62,39,-82,36,-83,52,-108,42,-87,27,-93,37,-96,27,-86,15,-101,15,-123,15,-91,16,-114,20,-117,10,-123,11,-128,27,-128,0,0,0,0,0,0,-128,-10,-117,0,-128,0,-125,-17,-97,0,-128,2,-113,0,-128,10,-105,10,-128,7,-128,13,-113,13,-102,13,-96,25,-112,35,-105,38,-101,46,-94,43,-108,46,-82,37,-106,52,-85,48,-112,70,-103,62,-83,67,-80,56,-71,54,-80,81,-70,77,-67,74,-67,61,-74,70,-63,64,-69,85,-57,68,-86,98,-82,75,-60,75,-71,69,-62,57,-52,65,-55,82,-51,69,-43,61,-62,65,-45,53,-61,68,-50,52,-61,62,-46,48,-42,52,-52,40,-42,36,-40,32,-42,42,-37,33,-37,32,0,0,0,0,0,0,0,0,0,0]"""
1782318883344,2026-06-25T01:34:43.314,warning,bed_exit,yja,bed_exit_failed,t057,"CSI_DATA,810820,1a:00:00:00:00:00,-64,11,-99,18,49,11,-343679653,47,2,256,0,""[0,0,0,0,0,0,0,0,0,0,0,0,0,-22,0,-31,9,-27,8,-39,0,-30,9,-45,12,-39,0,-31,9,-34,9,-34,11,-46,9,-47,11,-53,9,-48,14,-58,14,-34,22,-64,11,-44,30,-65,22,-65,18,-66,31,-57,16,-47,17,-70,19,-69,14,-61,15,-54,16,-70,16,-59,25,-83,7,-57,20,-96,24,-74,15,-72,15,-82,14,-66,4,-63,-12,-84,-1,-85,-2,-74,-6,-89,-10,-66,-21,-98,-14,-83,-21,-115,-5,-96,-26,-86,-17,-102,-19,-99,-32,-92,-49,-112,-42,-94,-50,-117,-44,-108,-51,-107,-59,-122,-41,-113,0,0,0,0,0,0,-123,64,-92,43,-128,78,-111,49,-73,37,-123,70,-88,58,-128,82,-84,56,-128,78,-113,63,-89,64,-84,61,-79,64,-88,89,-69,81,-72,80,-62,72,-83,89,-58,59,-72,96,-51,75,-79,116,-71,89,-46,91,-67,79,-35,79,-43,107,-38,103,-32,94,-33,82,-47,102,-34,84,-35,105,-32,87,-48,127,-50,91,-32,93,-47,94,-33,76,-28,70,-20,99,-30,88,-18,69,-34,81,-20,60,-27,80,-29,61,-39,80,-30,56,-25,58,-29,51,-30,50,-23,37,-28,53,-23,44,-24,47,0,0,0,0,0,0,0,0,0,0]"""
1782318883355,2026-06-25T01:34:43.325,warning,bed_exit,yja,bed_exit_failed,t057,"CSI_DATA,810821,1a:00:00:00:00:00,-64,11,-99,15,49,11,-343668636,47,2,256,0,""[0,0,0,0,0,0,0,0,0,0,0,0,35,44,15,-41,-51,-3,10,-65,56,23,8,61,-67,-46,-26,-53,-70,25,11,38,-92,26,-13,59,-49,56,-5,6,-90,16,-28,44,-34,61,-80,37,-75,34,-26,22,-44,40,-64,24,-63,21,-67,23,-61,25,-60,17,-68,11,-66,19,-64,38,-59,29,-73,27,-66,35,-62,34,-63,45,-74,45,-65,43,-72,45,-63,48,-68,63,-73,62,-62,55,-61,61,-68,60,-73,61,-59,61,-56,73,-62,79,-57,72,-66,102,-72,93,-74,85,-68,97,-72,90,-64,105,-73,97,-70,107,-67,103,0,0,0,0,0,0,110,80,116,89,100,66,113,68,119,74,101,75,124,69,107,54,108,80,108,49,104,45,102,47,123,40,121,36,95,46,102,41,108,33,113,42,118,42,107,15,101,18,110,28,98,4,104,7,107,7,118,-7,104,10,104,18,106,8,104,2,107,9,108,9,107,-12,107,-4,106,6,97,-11,98,-5,97,-12,101,-13,100,-8,93,-8,88,3,87,-7,92,2,84,7,83,-4,71,5,80,12,60,0,62,4,67,2,67,0,60,3,59,7,49,11,56,13,50,13,0,0,0,0,0,0,0,0,0,0]"""
1782318883366,2026-06-25T01:34:43.336,warning,bed_exit,yja,bed_exit_failed,t057,"CSI_DATA,810822,1a:00:00:00:00:00,-64,11,-99,15,49,11,-343654201,47,2,256,0,""[0,0,0,0,0,0,0,0,0,0,0,0,-6,-29,-3,-28,-6,-37,-10,-32,0,-40,0,-34,-2,-34,-9,-45,6,-38,-7,-57,4,-47,7,-36,10,-52,4,-55,0,-51,5,-65,0,-56,2,-64,0,-55,-6,-72,-13,-79,0,-70,3,-69,3,-70,12,-65,10,-69,9,-68,-5,-59,-6,-83,-10,-68,-11,-70,-6,-66,-24,-74,-18,-75,-31,-78,-24,-70,-25,-86,-22,-78,-24,-79,-42,-84,-51,-65,-40,-92,-38,-82,-69,-75,-35,-64,-79,-74,-55,-75,-86,-65,-87,-83,-79,-86,-71,-83,-71,-87,-71,-78,-98,-85,-88,-84,-92,-74,-118,-66,0,0,0,0,0,0,-65,109,-82,125,-55,93,-52,114,-74,127,-56,102,-70,127,-48,99,-60,127,-46,101,-35,107,-32,119,-31,106,-33,127,-31,109,-40,101,-26,117,-17,117,0,98,-14,126,-6,91,6,119,6,87,15,99,26,116,25,97,26,120,16,108,13,117,26,103,26,107,40,81,33,119,25,99,45,90,22,82,56,93,34,92,50,84,37,94,36,94,19,87,22,88,31,87,33,78,25,82,22,68,38,69,21,49,35,73,24,61,28,60,22,52,22,64,13,47,5,47,6,41,0,0,0,0,0,0,0,0,0,0]"""
1782318883377,2026-06-25T01:34:43.347,warning,bed_exit,yja,bed_exit_failed,t057,"CSI_DATA,810823,1a:00:00:00:00:00,-64,11,-99,16,48,11,-343646583,47,2,256,0,""[0,0,0,0,0,0,0,0,0,0,0,0,-19,16,-21,13,-31,17,-25,16,-34,21,-37,10,-36,16,-40,21,-37,14,-44,11,-47,10,-40,7,-59,10,-47,11,-52,11,-58,7,-52,2,-65,9,-69,0,-62,0,-61,10,-67,-5,-66,-7,-75,0,-72,-10,-72,-4,-58,-6,-57,0,-87,-2,-79,0,-71,6,-76,0,-89,14,-80,0,-80,9,-73,3,-73,5,-88,10,-86,9,-80,9,-72,21,-92,12,-87,12,-88,37,-97,18,-102,33,-96,33,-99,35,-96,35,-114,33,-124,38,-97,34,-92,38,-128,40,-128,37,-102,34,-121,40,0,0,0,0,0,0,52,124,40,124,52,127,55,106,49,127,49,116,65,127,42,121,58,119,13,111,50,126,51,103,41,104,40,121,48,127,36,127,35,73,48,96,50,95,102,127,72,98,45,97,73,9,81,95,58,111,109,-31,83,92,103,92,127,35,63,125,79,74,117,5,93,11,62,58,49,106,127,4,67,116,71,62,127,35,35,67,63,81,127,127,30,83,36,74,94,89,78,68,52,54,26,86,43,65,23,64,38,56,19,21,23,58,5,61,18,45,5,48,13,40,0,0,0,0,0,0,0,0,0,0]"""
1782318883388,2026-06-25T01:34:43.358,warning,bed_exit,yja,bed_exit_failed,t057,"CSI_DATA,810824,1a:00:00:00:00:00,-64,11,-99,16,49,11,-343634918,47,2,256,0,""[0,0,0,0,0,0,0,0,0,0,0,0,-15,16,-34,21,-18,11,-29,18,-21,14,-40,24,-46,20,-29,13,-38,21,-30,6,-48,13,-49,15,-48,11,-45,9,-59,8,-44,10,-69,15,-49,14,-75,0,-77,7,-54,10,-59,4,-56,2,-69,5,-68,3,-66,0,-59,4,-87,5,-57,9,-82,4,-74,16,-92,2,-71,-7,-88,5,-82,-2,-74,-7,-75,11,-75,31,-60,5,-65,20,-101,-2,-51,31,-88,43,-98,13,-128,51,-99,26,-92,65,-121,12,-95,23,-104,37,-109,56,-111,39,-117,37,-106,28,-106,75,-128,54,-111,45,0,0,0,0,0,0,51,126,32,88,68,127,46,124,31,79,53,127,42,88,55,127,40,92,62,127,43,127,35,111,47,105,26,91,60,109,57,100,50,103,49,93,48,113,53,63,66,104,58,71,80,120,63,101,52,87,45,82,46,72,68,91,66,80,69,80,54,73,72,98,61,53,71,76,65,71,86,113,53,94,57,77,35,94,36,75,36,62,66,79,51,78,49,59,39,80,46,56,51,73,26,61,33,98,16,69,21,63,5,60,13,56,16,50,13,60,12,51,9,45,0,0,0,0,0,0,0,0,0,0]"""
1782318883399,2026-06-25T01:34:43.369,warning,bed_exit,yja,bed_exit_failed,t057,"CSI_DATA,810825,1a:00:00:00:00:00,-64,11,-99,22,48,11,-343622463,47,2,256,0,""[0,0,0,0,0,0,0,0,0,0,0,0,18,-28,11,-22,31,-30,22,-16,28,-21,32,-21,29,-27,32,-26,29,-13,46,-22,39,-22,44,-17,53,-14,51,-19,47,-25,63,-22,49,-23,59,-24,53,-14,57,-24,62,-27,67,-14,73,-24,73,-15,69,-4,65,-15,68,-17,60,-19,87,-15,67,-15,74,-24,64,-14,79,-30,77,-19,75,-29,68,-31,80,-35,75,-29,87,-24,88,-41,68,-40,95,-44,76,-38,86,-62,66,-36,78,-69,88,-46,81,-66,88,-63,99,-57,104,-51,99,-52,85,-57,109,-82,108,-68,98,-55,101,-84,0,0,0,0,0,0,-71,-101,-89,-122,-66,-89,-89,-88,-91,-121,-78,-82,-93,-117,-68,-88,-88,-105,-68,-88,-77,-89,-88,-98,-73,-87,-84,-100,-72,-88,-64,-82,-78,-92,-86,-87,-78,-57,-92,-88,-76,-56,-91,-65,-75,-59,-83,-65,-105,-62,-82,-63,-102,-76,-85,-60,-84,-64,-91,-68,-92,-57,-81,-41,-102,-75,-84,-60,-98,-55,-70,-60,-106,-53,-93,-66,-83,-54,-79,-63,-81,-70,-70,-65,-62,-81,-67,-59,-61,-42,-68,-65,-45,-52,-67,-51,-35,-39,-47,-51,-43,-51,-46,-49,-37,-52,-36,-49,-30,-47,-26,-47,-18,-38,0,0,0,0,0,0,0,0,0,0]"""
1782318883410,2026-06-25T01:34:43.380,warning,bed_exit,yja,bed_exit_failed,t057,"CSI_DATA,810826,1a:00:00:00:00:00,-64,11,-99,18,48,11,-343613653,47,2,256,0,""[0,0,0,0,0,0,0,0,0,0,0,0,-30,-6,-29,-12,-28,-18,-27,-9,-31,-27,-25,-18,-28,-16,-28,-18,-42,-22,-35,-26,-28,-36,-34,-31,-33,-40,-32,-46,-28,-42,-40,-55,-30,-53,-21,-62,-23,-45,-32,-48,-39,-56,-28,-54,-38,-64,-14,-61,-22,-57,-25,-66,-23,-70,-21,-70,-15,-77,-10,-65,-8,-78,-20,-55,-30,-62,-27,-66,-35,-66,-44,-71,-34,-80,-18,-78,-32,-77,-21,-86,-22,-78,-31,-94,-25,-84,-23,-93,-39,-69,-45,-83,-47,-83,-62,-88,-58,-101,-57,-90,-30,-93,-42,-107,-47,-108,-51,-118,-31,-116,-46,-95,-38,-116,0,0,0,0,0,0,-127,23,-128,27,-107,25,-128,21,-128,40,-122,0,-128,14,-111,21,-128,3,-104,28,-100,25,-123,33,-121,42,-128,36,-113,8,-107,23,-111,30,-114,18,-104,14,-123,26,-98,27,-123,12,-82,29,-90,32,-96,36,-97,48,-108,44,-104,8,-106,26,-108,36,-111,23,-101,22,-117,18,-98,8,-106,13,-81,21,-96,30,-92,25,-94,26,-100,27,-97,12,-91,-8,-87,5,-98,-10,-81,-9,-84,-12,-67,-16,-78,-19,-56,-6,-71,-9,-58,-9,-62,-4,-60,-13,-54,-20,-43,-33,-44,-30,-42,-28,0,0,0,0,0,0,0,0,0,0]"""
1782318883421,2026-06-25T01:34:43.391,warning,bed_exit,yja,bed_exit_failed,t057,"CSI_DATA,810827,1a:00:00:00:00:00,-64,11,-99,16,49,11,-343602653,47,2,256,0,""[0,0,0,0,0,0,0,0,0,0,0,0,18,17,23,24,13,20,22,34,9,25,22,33,22,26,22,29,27,36,15,26,18,37,25,43,17,45,20,45,23,63,22,37,25,58,11,52,26,62,14,60,19,65,30,63,21,52,16,64,27,68,33,58,27,64,28,76,23,48,32,73,19,58,42,76,34,63,43,65,38,70,47,65,39,46,42,62,56,57,50,68,59,82,58,44,77,66,49,75,94,76,57,58,89,50,82,62,85,61,83,49,101,62,104,49,116,65,86,47,108,61,127,69,103,72,0,0,0,0,0,0,83,-125,67,-93,82,-128,71,-103,42,-90,80,-124,48,-88,75,-128,58,-82,55,-122,42,-112,46,-97,23,-122,34,-95,40,-103,27,-107,23,-110,33,-106,39,-128,6,-88,13,-116,25,-87,12,-119,7,-105,13,-103,-7,-114,-3,-81,12,-104,-2,-104,-10,-98,-2,-97,-3,-128,-13,-81,-10,-112,0,-86,-18,-121,-3,-96,-18,-91,-3,-98,-14,-98,-13,-79,-4,-92,-18,-96,0,-85,2,-99,-10,-64,-2,-81,12,-64,4,-86,6,-62,-4,-70,5,-62,0,-65,7,-49,11,-52,7,-50,9,-52,0,0,0,0,0,0,0,0,0,0]"""
1782318883432,2026-06-25T01:34:43.402,warning,bed_exit,yja,bed_exit_failed,t057,"CSI_DATA,810828,1a:00:00:00:00:00,-64,11,-99,16,49,11,-343591304,47,2,256,0,""[0,0,0,0,0,0,0,0,0,0,0,0,25,-2,27,6,28,6,31,2,31,11,26,9,36,12,43,13,38,13,45,12,40,23,42,27,42,23,43,33,37,30,46,45,39,42,37,56,29,35,43,36,47,44,44,55,51,52,28,51,36,53,38,57,39,67,36,60,27,76,21,60,22,73,26,50,36,58,36,61,47,57,45,74,45,79,29,74,47,69,40,83,37,72,34,95,23,83,34,83,35,60,49,91,55,82,73,75,51,97,60,97,33,94,49,111,42,114,59,117,23,111,45,98,35,111,0,0,0,0,0,0,123,-24,127,-17,98,-25,127,-13,127,-24,114,6,127,-8,104,-7,127,9,102,-9,112,-14,119,-26,119,-22,127,-28,114,0,112,-13,104,-21,113,-2,108,0,127,-12,100,-5,120,12,87,-13,89,-16,110,-16,106,-20,124,-18,98,3,102,-10,105,-14,111,3,98,-4,124,11,97,11,101,20,78,3,97,0,95,-3,95,-5,104,8,97,14,83,34,90,20,87,31,76,33,80,44,62,44,58,46,47,25,62,30,54,37,59,27,48,37,49,36,26,43,29,38,24,39,0,0,0,0,0,0,0,0,0,0]"""
1782318883443,2026-06-25T01:34:43.413,warning,bed_exit,yja,bed_exit_failed,t057,"CSI_DATA,810829,1a:00:00:00:00:00,-64,11,-99,20,48,11,-343580653,47,2,256,0,""[0,0,0,0,0,0,0,0,0,0,0,0,11,21,10,26,12,24,10,31,15,28,13,36,4,48,-2,30,3,43,3,36,7,45,0,52,0,42,5,52,0,54,-4,43,3,55,2,63,-4,67,-10,62,-13,44,-3,64,-17,65,-7,71,-5,66,-13,71,-9,67,-15,73,3,55,0,69,-5,75,0,87,-18,75,-9,67,-15,71,-17,76,0,71,12,80,7,74,5,68,-4,77,28,80,24,80,19,97,25,125,-7,98,17,101,-4,108,19,94,23,107,49,111,37,100,21,109,29,118,57,110,36,119,33,115,0,0,0,0,0,0,127,-38,112,-30,127,-40,127,-25,98,-27,127,-32,102,-40,127,-37,108,-38,127,-33,127,-26,116,-11,110,-28,102,-24,109,-50,106,-48,91,-51,94,-38,110,-33,78,-47,89,-61,92,-53,103,-60,101,-53,92,-38,89,-50,83,-43,81,-71,80,-67,81,-59,78,-49,94,-52,56,-59,71,-73,83,-65,98,-77,95,-34,80,-53,96,-40,73,-34,80,-39,77,-63,71,-46,54,-37,69,-30,61,-39,64,-45,69,-26,81,-32,65,-15,65,-25,60,-3,52,-11,51,-11,55,-15,51,-11,50,-6,0,0,0,0,0,0,0,0,0,0]"""
1782318883454,2026-06-25T01:34:43.424,warning,bed_exit,yja,bed_exit_failed,t057,"CSI_DATA,810830,1a:00:00:00:00:00,-64,11,-99,20,48,11,-343569637,47,2,256,0,""[0,0,0,0,0,0,0,0,0,0,0,0,24,-22,14,-14,27,-21,20,-18,27,-18,31,-13,38,-11,42,-8,40,-7,42,-8,47,0,48,4,46,0,49,0,42,0,68,8,57,7,63,13,53,13,64,17,72,23,51,25,67,30,62,25,48,33,56,40,61,35,56,30,66,54,49,37,60,50,53,40,71,35,53,44,62,43,63,49,60,54,60,63,51,68,60,58,63,45,75,73,58,60,74,54,54,58,90,71,66,77,88,77,70,83,80,88,59,81,56,93,61,86,79,121,67,101,50,95,77,108,0,0,0,0,0,0,96,-48,123,-66,104,-42,127,-49,127,-45,102,-40,127,-44,97,-37,127,-33,114,-16,115,-27,118,-22,114,-8,125,-22,114,-13,112,0,114,-7,108,-3,88,-14,125,-12,94,-10,121,-19,87,-6,102,-8,112,-14,93,3,117,0,99,0,94,17,100,9,105,7,87,0,123,21,93,13,103,13,87,24,101,14,90,26,101,24,87,30,90,46,75,53,71,52,74,46,65,36,69,59,50,51,60,45,36,39,48,49,44,46,38,46,27,45,31,47,14,53,9,43,11,43,0,0,0,0,0,0,0,0,0,0]"""
1782318883465,2026-06-25T01:34:43.435,warning,bed_exit,yja,bed_exit_failed,t057,"CSI_DATA,810831,1a:00:00:00:00:00,-64,11,-99,15,49,11,-343554368,47,2,256,0,""[0,0,0,0,0,0,0,0,0,0,0,0,28,0,24,0,37,2,30,6,41,9,34,0,28,9,44,4,35,13,53,10,51,8,43,7,51,8,49,11,43,16,60,19,48,17,60,21,49,21,60,28,80,21,56,31,75,15,63,24,64,18,67,16,63,25,51,12,82,31,63,21,68,22,60,16,82,16,78,19,80,3,69,2,88,4,79,5,89,-4,98,-4,75,0,103,6,86,0,93,-13,63,-13,104,-25,102,-13,92,-40,111,-23,110,-34,114,-22,105,-27,100,-28,122,-51,119,-30,105,-33,123,-53,0,0,0,0,0,0,-37,-110,-57,-128,-33,-103,-46,-112,-64,-125,-42,-93,-59,-128,-40,-103,-61,-125,-64,-97,-59,-102,-71,-106,-59,-94,-82,-100,-62,-88,-70,-75,-79,-86,-75,-75,-67,-67,-84,-90,-63,-67,-83,-80,-69,-62,-83,-76,-99,-67,-79,-57,-98,-61,-87,-55,-88,-51,-90,-47,-88,-47,-78,-30,-97,-73,-70,-55,-88,-46,-67,-38,-101,-37,-84,-48,-90,-32,-76,-41,-79,-45,-71,-40,-81,-45,-71,-46,-63,-37,-64,-48,-46,-45,-65,-31,-44,-24,-61,-31,-49,-30,-53,-28,-45,-38,-51,-29,-36,-31,-27,-26,-31,-24,0,0,0,0,0,0,0,0,0,0]"""
1782318883476,2026-06-25T01:34:43.446,warning,bed_exit,yja,bed_exit_failed,t057,"CSI_DATA,810832,1a:00:00:00:00:00,-64,11,-99,16,49,11,-343547321,47,2,256,0,""[0,0,0,0,0,0,0,0,0,0,0,0,13,-25,10,-23,19,-32,13,-25,21,-31,21,-29,20,-30,25,-37,29,-27,27,-34,29,-38,35,-30,34,-32,33,-29,28,-33,48,-45,39,-42,43,-47,38,-33,45,-54,38,-59,47,-35,46,-52,48,-47,50,-39,53,-49,43,-54,30,-53,53,-54,35,-51,42,-69,45,-53,38,-69,43,-62,33,-66,29,-68,38,-80,33,-80,37,-72,25,-77,22,-77,26,-92,18,-82,11,-95,15,-89,0,-113,16,-104,-3,-105,10,-108,11,-108,12,-109,10,-108,-5,-114,-5,-128,7,-113,3,-108,-21,-122,0,0,0,0,0,0,-110,17,-128,33,-115,18,-123,38,-128,28,-110,42,-128,28,-104,20,-118,34,-116,33,-106,46,-120,48,-99,42,-114,43,-104,48,-98,37,-105,45,-93,52,-72,54,-98,74,-76,60,-77,79,-76,64,-77,78,-73,75,-64,68,-74,79,-70,75,-76,69,-68,78,-64,81,-40,78,-74,87,-54,73,-42,83,-56,65,-48,95,-53,71,-46,79,-52,77,-53,75,-49,67,-54,62,-48,65,-36,59,-42,69,-38,53,-33,63,-31,47,-36,59,-30,46,-30,50,-32,37,-34,38,-36,35,-31,28,-30,27,0,0,0,0,0,0,0,0,0,0]"""
1782318883487,2026-06-25T01:34:43.457,warning,bed_exit,yja,bed_exit_failed,t057,"CSI_DATA,810833,1a:00:00:00:00:00,-64,11,-99,17,49,11,-343536604,47,2,256,0,""[0,0,0,0,0,0,0,0,0,0,0,0,-1,-24,0,-28,2,-31,4,-29,4,-35,4,-42,7,-42,5,-41,7,-36,5,-45,2,-51,6,-45,9,-48,11,-45,10,-47,18,-49,16,-58,15,-58,28,-61,38,-56,26,-56,30,-60,20,-69,23,-68,19,-65,11,-69,13,-63,16,-55,28,-71,26,-69,16,-61,22,-75,26,-79,20,-81,15,-81,14,-68,1,-75,0,-93,4,-82,1,-81,0,-83,3,-87,-7,-92,-1,-91,-10,-100,-10,-105,-20,-101,-13,-98,-8,-99,-20,-106,-34,-125,-29,-100,-31,-106,-28,-125,-37,-118,-30,-120,-33,-122,0,0,0,0,0,0,-119,36,-116,38,-126,44,-122,43,-107,46,-115,50,-125,42,-124,45,-110,51,-123,60,-119,53,-100,59,-94,40,-96,58,-93,73,-84,70,-86,76,-83,66,-81,66,-86,67,-81,69,-68,74,-83,76,-88,71,-72,78,-73,67,-63,76,-65,99,-56,83,-51,85,-49,78,-45,84,-58,81,-52,83,-47,84,-56,86,-61,78,-55,76,-55,70,-51,60,-42,71,-38,82,-46,72,-41,68,-42,58,-42,59,-49,60,-32,49,-43,53,-48,48,-38,45,-34,44,-34,36,-32,33,-32,38,-21,30,-27,28,0,0,0,0,0,0,0,0,0,0]"""
1782318883498,2026-06-25T01:34:43.468,warning,bed_exit,yja,bed_exit_failed,t057,"CSI_DATA,810834,1a:00:00:00:00:00,-64,11,-99,17,49,11,-343524624,47,2,256,0,""[0,0,0,0,0,0,0,0,0,0,0,0,-23,1,-23,-6,-32,-5,-32,-3,-31,-13,-36,-8,-29,-1,-42,-1,-41,-10,-51,-13,-40,-14,-43,-11,-51,-13,-52,-20,-50,-19,-60,-29,-43,-27,-48,-39,-44,-26,-60,-22,-69,-17,-62,-30,-67,-23,-49,-32,-58,-29,-62,-27,-65,-39,-62,-29,-71,-31,-66,-37,-66,-35,-57,-18,-68,-16,-75,-9,-84,-10,-76,-15,-84,-15,-71,-16,-92,-1,-99,-10,-87,-4,-92,-18,-88,-17,-95,-14,-69,2,-101,12,-93,11,-101,23,-124,17,-114,27,-103,6,-125,13,-116,10,-115,29,-125,8,-117,31,-123,36,0,0,0,0,0,0,20,127,20,127,20,114,15,127,36,127,14,112,28,127,30,118,29,127,35,96,40,91,50,107,58,109,69,109,36,101,55,88,65,96,58,105,58,92,56,101,51,82,49,91,63,69,69,68,80,75,84,70,83,72,68,79,87,67,85,61,81,68,74,63,81,82,65,73,69,69,64,53,79,54,78,50,80,47,77,57,71,51,52,58,64,52,64,63,55,55,47,59,40,53,51,53,38,36,45,45,39,36,50,32,45,45,44,32,30,40,28,35,26,34,0,0,0,0,0,0,0,0,0,0]"""
1782318883509,2026-06-25T01:34:43.479,warning,bed_exit,yja,bed_exit_failed,t057,"CSI_DATA,810835,1a:00:00:00:00:00,-64,11,-99,20,48,11,-343514653,47,2,256,0,""[0,0,0,0,0,0,0,0,0,0,0,0,-39,-36,45,-56,56,65,-37,-35,-2,114,-36,0,5,-57,-18,95,53,77,-10,127,-45,54,-11,16,-9,33,-16,87,-56,100,-39,50,-10,24,-47,80,-7,53,-6,54,-20,68,-30,71,-25,56,-37,55,-32,64,-27,63,-32,65,-31,68,-32,68,-34,63,-33,65,-17,65,-25,72,-15,78,-15,76,-13,83,-16,86,-27,78,-14,86,-25,90,-30,93,-14,95,-15,91,-32,102,-3,93,-3,89,11,97,13,106,2,116,4,114,-10,113,7,113,0,126,9,126,-19,127,6,126,0,127,0,0,0,0,0,0,127,6,127,17,120,9,127,9,127,-3,122,26,127,13,121,6,127,22,116,-9,117,-14,116,-11,122,-33,119,-17,112,0,107,-17,114,-14,114,-7,111,-8,106,-23,99,-27,111,-12,91,-32,92,-34,100,-29,99,-58,97,-40,103,-17,97,-36,93,-43,97,-35,100,-34,103,-34,88,-29,102,-25,82,-34,82,-44,86,-48,83,-44,79,-48,80,-32,83,-18,81,-29,88,-14,83,-12,74,-16,70,-13,70,-7,59,-16,63,-13,57,-11,56,-16,52,-10,55,-7,45,5,46,2,47,7,0,0,0,0,0,0,0,0,0,0]"""
1782318883520,2026-06-25T01:34:43.490,warning,bed_exit,yja,bed_exit_failed,t057,"CSI_DATA,810836,1a:00:00:00:00:00,-64,11,-99,21,48,11,-343502709,47,2,256,0,""[0,0,0,0,0,0,0,0,0,0,0,0,3,-29,2,-33,4,-27,12,-28,5,-27,17,-39,20,-39,21,-38,22,-33,27,-36,36,-39,35,-34,36,-29,39,-29,36,-42,53,-30,50,-32,44,-34,55,-32,64,-23,61,-23,54,-15,64,-27,61,-24,70,-14,74,-18,73,-15,72,-17,67,-11,73,-13,70,-15,84,-4,80,-15,73,-10,78,-6,76,-9,80,-11,88,-10,82,-8,87,-4,88,-11,93,-9,98,-9,86,-18,112,-5,110,-11,111,-8,107,-1,101,-2,107,0,119,0,117,5,119,-3,127,11,119,5,121,7,127,12,0,0,0,0,0,0,16,-126,20,-123,29,-128,30,-125,38,-111,39,-128,44,-118,40,-121,35,-103,63,-124,52,-121,52,-116,47,-96,44,-96,45,-112,49,-101,51,-99,47,-94,41,-97,50,-92,46,-100,38,-99,47,-101,49,-98,42,-98,54,-80,46,-82,40,-89,43,-79,62,-89,53,-84,44,-85,57,-75,55,-87,50,-83,66,-88,62,-76,63,-71,68,-69,64,-57,67,-59,73,-63,72,-43,63,-42,66,-46,69,-39,71,-37,61,-36,73,-23,66,-24,62,-16,58,-12,50,-7,49,-3,49,-5,46,2,41,9,0,0,0,0,0,0,0,0,0,0]"""
1782318883531,2026-06-25T01:34:43.501,warning,bed_exit,yja,bed_exit_failed,t057,"CSI_DATA,810837,1a:00:00:00:00:00,-64,11,-99,20,48,11,-343492532,47,2,256,0,""[0,0,0,0,0,0,0,0,0,0,0,0,-12,-17,-21,-24,-14,-19,-25,-28,-18,-20,-27,-47,-11,-47,-10,-28,-15,-46,-9,-32,-11,-48,-13,-49,-8,-58,-11,-45,-6,-65,-8,-38,-5,-65,-5,-48,-8,-82,-6,-83,-7,-65,-3,-68,9,-49,-3,-76,4,-69,6,-75,11,-64,8,-82,-4,-53,-7,-85,2,-58,4,-103,10,-87,4,-77,8,-83,5,-71,6,-64,-13,-86,-10,-85,-4,-71,-4,-94,-17,-63,-21,-100,-12,-87,-13,-128,0,-96,-11,-100,6,-111,-16,-90,-14,-100,-34,-128,-22,-102,-18,-128,-8,-113,-28,-124,-19,-128,-14,-125,0,0,0,0,0,0,-128,9,-98,19,-128,13,-128,0,-72,-3,-128,6,-91,15,-128,18,-94,11,-128,4,-128,9,-109,-3,-108,0,-88,4,-122,11,-119,14,-106,15,-99,17,-120,20,-73,24,-115,31,-93,16,-128,34,-114,24,-89,25,-97,23,-72,8,-105,40,-94,31,-96,23,-85,14,-109,20,-68,33,-103,46,-80,22,-128,39,-99,15,-91,18,-97,10,-86,9,-75,11,-96,20,-82,14,-71,10,-90,0,-60,11,-78,11,-66,-4,-96,-8,-57,-12,-61,-10,-57,-18,-49,-13,-43,-8,-60,-11,-48,-12,-50,-11,0,0,0,0,0,0,0,0,0,0]"""
1782318883542,2026-06-25T01:34:43.512,warning,bed_exit,yja,bed_exit_failed,t057,"CSI_DATA,810838,1a:00:00:00:00:00,-64,11,-99,16,49,11,-343481654,47,2,256,0,""[0,0,0,0,0,0,0,0,0,0,0,0,14,26,12,18,14,30,11,27,12,34,14,35,13,30,14,37,21,38,15,44,7,46,10,48,10,50,0,51,-7,55,0,67,0,55,-10,66,-2,47,-6,64,0,74,-12,65,-6,81,-25,57,-16,60,-20,65,-26,76,-9,69,-28,72,-28,68,-47,74,-8,50,-19,62,-7,89,-5,81,7,102,-11,82,-23,82,-5,73,-20,87,-18,94,-24,104,-25,85,-27,86,-13,88,0,111,3,80,26,112,0,114,-17,116,-27,97,-32,116,-29,126,-19,127,-50,108,-19,112,-38,127,0,0,0,0,0,0,116,47,127,56,100,47,116,52,127,39,98,56,127,62,110,40,119,71,101,31,103,22,121,26,117,22,121,28,99,48,103,25,104,27,111,38,93,33,115,30,89,25,108,42,80,15,91,11,103,18,107,8,116,5,89,40,95,19,100,11,105,24,89,11,107,31,89,32,99,32,78,15,86,15,95,19,89,10,99,19,89,25,73,38,83,34,80,47,66,43,66,50,52,39,58,46,45,23,51,32,48,33,55,28,50,35,39,33,27,47,32,36,20,40,0,0,0,0,0,0,0,0,0,0]"""
1782318883553,2026-06-25T01:34:43.523,warning,bed_exit,yja,bed_exit_failed,t057,"CSI_DATA,810839,1a:00:00:00:00:00,-64,11,-99,20,48,11,-343470514,47,2,256,0,""[0,0,0,0,0,0,0,0,0,0,0,0,-17,28,-16,26,-25,26,-19,19,-27,28,-22,20,-25,29,-30,42,-28,30,-32,38,-39,31,-33,27,-32,22,-44,26,-35,26,-56,45,-38,47,-54,42,-45,29,-32,43,-43,44,-54,44,-65,46,-55,25,-69,30,-65,39,-64,38,-56,43,-70,53,-53,40,-55,51,-44,32,-53,62,-57,59,-45,65,-50,64,-61,67,-57,61,-61,67,-54,70,-45,71,-51,91,-43,74,-46,82,-36,66,-33,96,-35,92,-28,110,-33,109,-45,109,-45,92,-56,110,-35,108,-38,127,-47,121,-29,108,-26,126,0,0,0,0,0,0,119,33,127,40,104,25,127,12,127,29,106,24,127,27,107,16,122,23,102,14,106,6,127,2,121,-5,126,-3,106,10,110,9,107,0,111,0,97,-14,124,-27,93,-23,109,-27,81,-16,86,-30,101,-35,99,-40,107,-46,99,-27,100,-27,97,-34,104,-47,80,-56,110,-45,80,-40,86,-56,60,-34,75,-60,80,-46,75,-59,86,-52,86,-42,77,-28,78,-27,85,-34,67,-33,77,-40,62,-31,59,-35,46,-17,54,-30,55,-28,57,-29,55,-21,58,-24,48,-5,42,-10,40,-5,0,0,0,0,0,0,0,0,0,0]"""
1782318883564,2026-06-25T01:34:43.534,warning,bed_exit,yja,bed_exit_failed,t057,"CSI_DATA,810840,1a:00:00:00:00:00,-65,11,-99,15,49,11,-343457340,47,2,256,0,""[0,0,0,0,0,0,0,0,0,0,0,0,-10,25,-14,33,-8,26,-18,27,-23,33,-15,34,-31,27,-41,24,-35,35,-36,24,-36,33,-43,28,-47,21,-51,31,-56,26,-42,36,-52,37,-51,34,-53,25,-73,16,-75,6,-70,22,-69,12,-66,17,-70,15,-65,19,-75,16,-83,14,-65,28,-71,24,-81,24,-75,22,-76,10,-76,13,-78,5,-82,26,-78,21,-72,33,-76,22,-86,23,-91,19,-75,48,-85,52,-102,36,-105,41,-89,23,-108,34,-110,23,-103,38,-109,34,-111,47,-109,57,-118,47,-109,49,-114,66,-125,45,-116,35,0,0,0,0,0,0,42,127,31,127,36,123,32,127,31,125,34,127,40,105,32,121,26,118,29,117,29,113,0,103,38,116,9,114,31,108,26,108,21,103,29,103,22,113,46,85,51,90,45,100,26,98,29,91,21,95,45,108,22,97,35,84,28,98,35,87,38,91,28,102,45,80,45,83,44,90,30,90,16,85,25,84,12,98,22,89,15,84,32,82,17,79,11,71,5,82,21,76,16,68,2,72,2,75,-6,54,-6,60,-15,47,-9,60,-12,47,-7,46,-9,51,-10,38,0,0,0,0,0,0,0,0,0,0]"""
1782318883575,2026-06-25T01:34:43.545,warning,bed_exit,yja,bed_exit_failed,t057,"CSI_DATA,810841,1a:00:00:00:00:00,-65,11,-99,16,49,11,-343448397,47,2,256,0,""[0,0,0,0,0,0,0,0,0,0,0,0,-22,-19,-19,-19,-28,-24,-21,-27,-17,-30,-23,-21,-23,-26,-22,-40,-24,-38,-20,-42,-7,-45,-8,-48,-10,-52,-3,-57,-4,-62,-3,-56,-3,-54,10,-65,5,-63,0,-57,12,-62,4,-80,6,-70,27,-69,21,-64,22,-69,31,-64,32,-63,28,-80,28,-70,35,-63,22,-66,23,-75,25,-81,28,-75,27,-87,30,-77,47,-67,27,-83,47,-83,42,-80,39,-78,37,-79,56,-86,29,-89,39,-90,32,-88,34,-99,35,-110,45,-110,59,-95,55,-100,59,-99,52,-106,75,-100,57,-103,71,-104,0,0,0,0,0,0,-98,-88,-97,-100,-86,-85,-85,-91,-92,-100,-70,-94,-87,-99,-75,-87,-61,-106,-75,-80,-72,-72,-66,-87,-85,-78,-80,-86,-52,-96,-60,-83,-73,-86,-64,-93,-62,-87,-66,-81,-58,-69,-51,-82,-57,-73,-63,-70,-62,-69,-77,-74,-60,-75,-47,-85,-52,-81,-56,-77,-48,-87,-48,-85,-52,-87,-44,-87,-38,-87,-48,-72,-44,-75,-53,-74,-46,-77,-35,-77,-30,-73,-15,-79,-25,-80,-11,-82,-3,-77,-13,-71,-2,-65,3,-67,-6,-56,0,-57,-5,-58,0,-56,3,-54,10,-45,14,-42,15,-35,19,-42,0,0,0,0,0,0,0,0,0,0]"""
1782318883586,2026-06-25T01:34:43.556,warning,bed_exit,yja,bed_exit_failed,t057,"CSI_DATA,810842,1a:00:00:00:00:00,-65,11,-99,18,49,11,-343437002,47,2,256,0,""[0,0,0,0,0,0,0,0,0,0,0,0,-15,27,-19,22,-25,29,-20,26,-32,23,-26,19,-30,25,-32,25,-36,22,-45,31,-42,17,-48,20,-48,23,-57,16,-52,4,-63,4,-59,2,-67,-9,-57,0,-55,3,-57,0,-66,5,-83,-5,-66,-13,-67,-2,-73,-12,-76,-30,-70,-20,-84,-30,-63,-28,-65,-44,-61,-12,-74,-17,-77,-21,-78,-9,-83,-29,-80,-30,-71,-44,-88,-26,-90,-43,-82,-28,-86,-51,-81,-51,-85,-44,-70,-22,-92,-36,-88,-40,-103,-24,-112,-43,-106,-41,-91,-55,-101,-64,-93,-59,-110,-60,-91,-70,-104,-58,-108,-63,0,0,0,0,0,0,-80,84,-111,97,-69,78,-100,82,-111,92,-97,59,-108,82,-88,63,-114,67,-83,66,-82,66,-87,77,-85,71,-86,86,-86,48,-80,60,-79,65,-88,51,-80,55,-100,61,-77,50,-101,46,-70,53,-66,58,-82,61,-72,59,-88,63,-83,41,-73,56,-81,54,-88,45,-81,41,-98,41,-80,24,-89,29,-64,32,-78,36,-79,36,-75,44,-83,30,-84,19,-74,4,-76,17,-81,7,-65,6,-74,-6,-61,-8,-63,-1,-43,-6,-55,-6,-53,-9,-54,0,-53,-15,-47,-7,-40,-19,-33,-19,-35,-22,0,0,0,0,0,0,0,0,0,0]"""
1782318883597,2026-06-25T01:34:43.567,warning,bed_exit,yja,bed_exit_failed,t057,"CSI_DATA,810843,1a:00:00:00:00:00,-65,11,-99,18,49,11,-343425122,47,2,256,0,""[0,0,0,0,0,0,0,0,0,0,0,0,0,27,-6,37,-4,22,-1,41,-7,28,-17,39,-22,39,-17,44,-22,35,-26,34,-29,46,-25,44,-29,36,-34,39,-39,34,-48,29,-57,39,-45,30,-63,28,-57,29,-45,21,-57,18,-59,21,-66,27,-62,27,-67,26,-66,13,-79,19,-61,12,-79,15,-68,18,-93,11,-88,2,-72,9,-76,5,-71,2,-72,13,-88,23,-78,16,-79,14,-85,6,-80,10,-105,14,-88,3,-117,4,-108,-8,-103,14,-109,-6,-99,-6,-101,0,-124,4,-106,8,-120,0,-127,-8,-117,-6,-128,-15,-119,-29,0,0,0,0,0,0,-37,120,-30,101,-37,127,-39,118,-25,99,-50,127,-47,95,-55,117,-36,94,-58,126,-57,110,-45,98,-53,86,-42,85,-44,110,-35,98,-43,98,-38,86,-50,90,-38,80,-52,100,-33,80,-62,105,-61,86,-43,79,-43,67,-39,72,-47,92,-42,84,-34,86,-38,75,-48,80,-41,59,-58,73,-48,69,-78,84,-73,61,-54,59,-61,55,-61,46,-52,49,-60,56,-57,48,-53,38,-59,42,-53,30,-62,32,-55,25,-71,23,-62,12,-55,10,-48,1,-42,1,-43,8,-48,5,-41,4,-40,2,0,0,0,0,0,0,0,0,0,0]"""
1782318883608,2026-06-25T01:34:43.578,warning,bed_exit,yja,bed_exit_failed,t057,"CSI_DATA,810844,1a:00:00:00:00:00,-65,11,-99,16,49,11,-343415301,47,2,256,0,""[0,0,0,0,0,0,0,0,0,0,0,0,18,16,23,24,17,25,26,25,25,14,26,32,33,34,24,29,21,36,15,42,21,42,20,40,14,52,17,49,28,59,16,43,15,61,16,51,15,72,18,64,19,60,0,68,4,57,3,79,0,71,0,67,0,63,10,67,0,63,6,82,11,70,-4,88,0,85,3,75,10,82,5,70,9,71,15,82,3,89,12,76,8,88,17,75,14,91,17,93,19,113,21,89,24,95,12,100,18,104,13,106,18,125,25,102,25,112,14,120,23,122,18,127,23,126,0,0,0,0,0,0,127,-24,122,-21,127,-14,121,-21,99,-2,124,-18,109,-11,127,-15,111,-24,127,-11,112,-7,107,-15,105,-6,107,-6,113,-11,106,-16,107,-12,100,-15,104,-22,93,-14,106,-23,86,-30,118,-22,107,-23,101,-28,95,-16,82,-20,106,-28,96,-22,91,-22,83,-18,93,-24,83,-16,98,-31,83,-26,111,-22,92,-21,86,-17,87,-13,76,-7,78,-13,86,-12,85,0,69,-2,73,-2,66,-2,72,-7,67,0,72,8,64,2,59,6,51,13,46,13,43,15,48,11,40,13,39,15,0,0,0,0,0,0,0,0,0,0]"""
1782318883619,2026-06-25T01:34:43.589,warning,bed_exit,yja,bed_exit_failed,t057,"CSI_DATA,810845,1a:00:00:00:00:00,-64,11,-99,22,48,11,-343404654,47,2,256,0,""[0,0,0,0,0,0,0,0,0,0,0,0,29,3,24,1,36,13,30,3,31,14,30,7,30,2,47,7,37,26,54,9,33,8,44,14,46,16,53,28,36,28,57,34,52,20,61,39,48,29,35,21,59,31,59,37,77,29,47,31,58,34,63,31,66,38,67,32,72,50,61,43,67,40,51,30,76,25,71,22,79,13,82,21,87,16,68,25,93,25,99,23,92,9,101,27,83,21,97,9,59,3,99,-16,92,0,98,-33,127,0,120,-21,94,6,123,0,124,-9,117,-19,121,7,118,-17,126,-19,0,0,0,0,0,0,-20,-128,-20,-128,-20,-103,-29,-121,-42,-128,-17,-115,-21,-128,-25,-113,-30,-128,-34,-86,-40,-94,-64,-104,-51,-110,-63,-117,-36,-88,-55,-96,-60,-94,-60,-103,-64,-94,-61,-111,-54,-85,-68,-90,-48,-58,-61,-65,-79,-69,-81,-74,-99,-72,-62,-65,-87,-70,-80,-59,-89,-66,-90,-50,-87,-90,-68,-70,-82,-56,-50,-43,-86,-45,-75,-54,-91,-30,-85,-55,-83,-51,-51,-53,-68,-58,-71,-60,-70,-53,-59,-60,-43,-51,-59,-44,-40,-26,-56,-41,-44,-30,-54,-28,-44,-44,-44,-28,-26,-38,-34,-37,-28,-28,0,0,0,0,0,0,0,0,0,0]"""
1782318883630,2026-06-25T01:34:43.600,warning,bed_exit,yja,bed_exit_failed,t057,"CSI_DATA,810846,1a:00:00:00:00:00,-64,11,-99,18,48,11,-343386502,47,2,256,0,""[0,0,0,0,0,0,0,0,0,0,0,0,-5,-35,0,-27,6,-38,5,-31,7,-36,13,-36,9,-34,14,-45,17,-35,26,-49,21,-40,28,-35,33,-41,30,-48,26,-40,48,-55,39,-42,40,-53,47,-40,43,-49,53,-54,53,-46,57,-45,64,-39,61,-32,66,-38,62,-42,49,-35,85,-45,61,-36,68,-49,66,-28,68,-52,74,-43,70,-44,64,-44,77,-45,74,-40,92,-45,80,-56,67,-58,83,-49,74,-41,77,-67,64,-39,88,-75,88,-59,83,-75,96,-61,108,-72,106,-52,101,-55,95,-55,125,-78,117,-61,104,-53,117,-75,0,0,0,0,0,0,-57,-116,-72,-128,-51,-108,-73,-116,-67,-128,-59,-101,-65,-128,-56,-106,-61,-128,-46,-106,-56,-113,-59,-125,-38,-110,-54,-127,-46,-111,-34,-109,-42,-117,-45,-113,-49,-83,-49,-123,-43,-93,-58,-109,-45,-101,-53,-101,-56,-106,-49,-99,-51,-113,-49,-101,-32,-103,-38,-104,-48,-101,-46,-74,-38,-119,-39,-93,-48,-99,-22,-88,-53,-100,-26,-103,-36,-99,-25,-96,-13,-103,-14,-97,10,-100,-7,-98,-17,-77,-2,-98,3,-72,0,-80,8,-57,0,-82,17,-68,6,-66,15,-60,15,-60,26,-45,25,-39,21,-43,0,0,0,0,0,0,0,0,0,0]"""
1782318883641,2026-06-25T01:34:43.611,warning,bed_exit,yja,bed_exit_failed,t057,"CSI_DATA,810847,1a:00:00:00:00:00,-63,11,-99,20,48,11,-343382654,47,2,256,0,""[0,0,0,0,0,0,0,0,0,0,0,0,-5,-25,-2,-34,-10,-23,-2,-32,10,-32,0,-47,-2,-36,7,-38,12,-55,10,-36,21,-46,21,-50,14,-47,21,-52,38,-60,25,-47,43,-56,47,-46,42,-52,42,-54,36,-51,54,-57,50,-43,54,-36,52,-48,59,-48,71,-43,81,-49,51,-43,68,-42,72,-29,71,-54,69,-26,62,-48,65,-42,75,-50,68,-42,77,-47,64,-53,74,-45,95,-38,73,-52,91,-57,91,-37,97,-57,81,-47,95,-69,105,-53,100,-68,98,-54,110,-58,116,-67,127,-64,103,-53,121,-53,127,-56,123,-40,0,0,0,0,0,0,-33,-128,-9,-125,-19,-128,-5,-128,-15,-124,-3,-128,-5,-111,-7,-128,11,-117,-16,-128,-9,-128,-6,-121,-17,-128,-3,-107,6,-128,-7,-118,-6,-116,4,-118,13,-128,-12,-100,-8,-123,12,-106,-4,-124,0,-110,12,-104,-6,-118,3,-94,12,-107,0,-109,0,-112,9,-116,26,-128,3,-91,22,-109,26,-94,21,-118,26,-99,20,-104,31,-102,35,-108,33,-87,32,-85,30,-92,39,-78,55,-80,35,-64,55,-72,56,-52,57,-67,49,-40,45,-52,53,-44,44,-39,42,-27,42,-26,47,-28,52,-21,0,0,0,0,0,0,0,0,0,0]"""
1782318883652,2026-06-25T01:34:43.622,warning,bed_exit,yja,bed_exit_failed,t057,"CSI_DATA,810848,1a:00:00:00:00:00,-63,11,-99,19,48,11,-343371621,47,2,256,0,""[0,0,0,0,0,0,0,0,0,0,0,0,-11,25,-16,31,-10,25,-19,32,-16,27,-26,37,-22,33,-15,27,-34,36,-29,25,-37,37,-36,34,-41,31,-45,33,-53,44,-33,31,-53,40,-51,38,-55,45,-69,33,-60,28,-61,42,-60,23,-68,35,-63,35,-65,37,-67,28,-80,33,-50,35,-60,43,-65,44,-82,51,-65,37,-61,49,-70,43,-68,45,-64,52,-69,60,-64,47,-61,43,-73,54,-54,69,-63,85,-74,67,-105,95,-64,57,-74,91,-87,82,-67,85,-80,82,-82,108,-71,90,-88,104,-88,95,-80,107,-89,111,-89,97,0,0,0,0,0,0,116,104,86,84,123,99,109,101,71,74,114,113,85,67,108,98,91,61,113,107,107,97,91,82,110,80,78,74,99,83,99,80,95,72,82,66,103,81,84,48,111,55,94,61,116,70,101,55,97,57,107,43,78,50,97,49,102,50,97,47,95,52,109,65,83,25,106,35,99,45,122,54,88,57,93,30,91,55,89,46,80,47,91,40,78,50,63,36,69,57,65,34,75,42,55,54,65,65,47,47,49,49,35,51,48,38,27,50,33,47,26,40,28,46,0,0,0,0,0,0,0,0,0,0]"""
1782318883663,2026-06-25T01:34:43.633,warning,bed_exit,yja,bed_exit_failed,t057,"CSI_DATA,810849,1a:00:00:00:00:00,-64,11,-99,20,48,11,-343358018,47,2,256,0,""[0,0,0,0,0,0,0,0,0,0,0,0,-18,-5,-31,-9,-21,-10,-30,-11,-29,-9,-30,-22,-23,-20,-21,-27,-27,-24,-31,-26,-34,-32,-25,-35,-26,-39,-27,-43,-33,-50,-21,-36,-31,-51,-31,-44,-34,-68,-26,-58,-20,-46,-25,-64,-5,-56,-24,-65,-17,-61,-5,-67,-3,-60,-12,-69,-22,-59,-17,-72,-20,-71,-21,-95,-8,-76,-13,-78,-6,-81,-3,-69,-10,-64,-20,-82,-15,-85,-8,-76,-16,-93,-20,-80,-24,-96,-18,-96,-15,-124,0,-98,-5,-103,7,-110,-21,-96,-11,-106,-24,-128,-15,-109,-10,-123,0,-122,-21,-128,-6,-128,-8,-128,0,0,0,0,0,0,-128,0,-108,0,-128,-19,-128,-12,-109,-15,-128,-14,-117,-8,-128,-20,-115,-8,-128,-45,-128,-39,-107,-36,-110,-31,-104,-35,-128,-28,-116,-26,-113,-30,-111,-25,-120,-32,-98,-23,-116,-17,-104,-18,-117,-23,-109,-35,-102,-26,-107,-26,-90,-27,-109,-24,-108,-26,-102,-32,-93,-31,-105,-38,-95,-24,-114,-26,-94,-34,-122,-43,-98,-54,-90,-43,-86,-59,-72,-50,-76,-47,-87,-50,-69,-56,-66,-43,-74,-59,-53,-47,-69,-51,-56,-54,-62,-71,-37,-54,-38,-57,-26,-60,-27,-51,-20,-51,-28,-57,-14,-48,-13,-50,0,0,0,0,0,0,0,0,0,0]"""
1782318883674,2026-06-25T01:34:43.644,warning,bed_exit,yja,bed_exit_failed,t057,"CSI_DATA,810850,1a:00:00:00:00:00,-64,11,-99,18,48,11,-343349654,47,2,256,0,""[0,0,0,0,0,0,0,0,0,0,0,0,-2,-25,0,-28,-2,-23,0,-30,-4,-29,4,-32,7,-40,3,-26,6,-48,6,-31,15,-38,16,-48,20,-40,17,-38,22,-58,14,-45,20,-51,25,-51,22,-52,31,-58,29,-55,32,-62,34,-52,36,-49,38,-56,41,-55,47,-59,51,-60,36,-45,34,-59,42,-64,43,-65,39,-59,32,-58,43,-67,48,-71,45,-64,43,-79,38,-68,43,-67,53,-70,31,-83,33,-95,48,-80,61,-104,41,-74,34,-105,65,-98,46,-97,47,-103,47,-114,57,-109,62,-119,61,-108,71,-109,68,-124,65,-114,0,0,0,0,0,0,-126,-74,-107,-67,-118,-87,-112,-78,-91,-68,-120,-94,-96,-62,-116,-79,-93,-64,-110,-84,-108,-74,-90,-67,-114,-69,-82,-70,-94,-73,-98,-73,-86,-69,-87,-71,-105,-73,-91,-45,-111,-56,-93,-51,-99,-60,-98,-45,-80,-42,-106,-53,-84,-49,-94,-48,-93,-59,-91,-55,-86,-55,-108,-60,-84,-31,-99,-44,-95,-52,-107,-60,-79,-54,-87,-48,-84,-66,-86,-61,-68,-58,-78,-59,-68,-57,-57,-56,-66,-71,-62,-49,-64,-58,-44,-66,-57,-72,-39,-53,-44,-55,-35,-61,-39,-55,-27,-49,-21,-55,-23,-52,-14,-45,0,0,0,0,0,0,0,0,0,0]"""
1782318883685,2026-06-25T01:34:43.655,warning,bed_exit,yja,bed_exit_failed,t057,"CSI_DATA,810851,1a:00:00:00:00:00,-63,11,-99,17,48,11,-343338612,47,2,256,0,""[0,0,0,0,0,0,0,0,0,0,0,0,-14,20,-12,24,-9,22,-11,24,-16,30,-15,25,-16,25,-24,29,-22,25,-31,33,-37,22,-40,17,-40,22,-39,30,-53,24,-52,29,-50,19,-57,17,-54,25,-59,16,-67,15,-64,27,-67,11,-60,10,-66,14,-73,12,-77,6,-80,5,-69,21,-70,15,-81,0,-70,16,-66,17,-72,19,-73,21,-87,26,-81,16,-87,5,-83,15,-91,12,-94,14,-94,31,-98,24,-100,17,-97,20,-92,26,-104,34,-110,33,-107,39,-109,35,-114,21,-126,26,-128,22,-123,20,-128,19,-126,25,-128,19,0,0,0,0,0,0,17,127,4,127,0,127,6,127,-4,127,-14,127,6,127,0,127,-10,127,-11,127,4,120,-3,121,7,127,-3,127,-19,116,-16,120,-3,112,-11,123,-7,119,10,120,0,117,-9,113,10,111,11,107,0,102,21,118,6,120,-5,108,-6,114,-2,112,-11,118,-6,116,2,114,4,114,-10,107,0,103,0,102,0,107,-11,107,-5,102,-20,94,-32,100,-25,89,-33,89,-36,82,-27,88,-29,76,-40,71,-34,69,-30,61,-29,60,-35,55,-37,61,-40,52,-35,36,-39,39,-43,29,0,0,0,0,0,0,0,0,0,0]"""
1782318883696,2026-06-25T01:34:43.666,warning,bed_exit,yja,bed_exit_failed,t057,"CSI_DATA,810852,1a:00:00:00:00:00,-63,11,-99,17,48,11,-343327654,47,2,256,0,""[0,0,0,0,0,0,0,0,0,0,0,0,-23,14,-23,14,-26,13,-23,15,-33,16,-22,4,-27,13,-35,19,-35,16,-51,24,-39,6,-47,10,-45,3,-55,3,-54,7,-66,-17,-54,-7,-60,-17,-54,-12,-57,-2,-83,5,-69,-19,-78,-14,-55,-16,-70,-9,-59,-19,-62,-23,-63,-30,-71,-47,-72,-32,-64,-26,-43,-31,-61,-13,-69,-44,-74,-12,-97,-30,-93,-31,-67,-37,-87,-35,-119,-50,-98,-22,-87,-64,-78,-61,-98,-43,-55,-19,-112,-49,-92,-36,-111,-13,-128,-43,-117,-33,-80,-57,-96,-81,-88,-57,-110,-59,-91,-82,-120,-53,-123,-69,0,0,0,0,0,0,-80,112,-116,127,-59,92,-82,103,-108,127,-86,77,-124,118,-94,89,-117,97,-81,66,-73,84,-83,111,-89,94,-90,117,-78,71,-80,84,-76,91,-99,89,-73,84,-110,83,-76,72,-97,80,-71,56,-62,72,-80,96,-81,92,-82,103,-72,71,-80,82,-72,77,-91,74,-72,78,-114,74,-93,57,-91,61,-66,44,-80,70,-79,59,-77,78,-100,57,-90,61,-80,31,-92,37,-97,30,-87,35,-94,6,-73,0,-81,19,-47,11,-62,19,-60,5,-69,19,-69,0,-64,5,-43,-11,-56,-9,-43,-11,0,0,0,0,0,0,0,0,0,0]"""
1782318883707,2026-06-25T01:34:43.677,warning,bed_exit,yja,bed_exit_failed,t057,"CSI_DATA,810853,1a:00:00:00:00:00,-63,11,-99,18,48,11,-343315428,47,2,256,0,""[0,0,0,0,0,0,0,0,0,0,0,0,0,-26,0,-31,6,-30,6,-34,4,-34,6,-45,12,-43,8,-39,18,-42,12,-39,13,-41,20,-45,20,-44,18,-46,23,-51,23,-52,22,-62,16,-55,38,-65,40,-66,28,-68,40,-56,26,-61,35,-69,38,-58,29,-64,33,-61,28,-67,41,-65,44,-72,25,-69,39,-82,35,-82,36,-73,32,-82,22,-71,21,-77,20,-87,21,-92,19,-85,16,-87,19,-85,5,-101,9,-96,12,-117,0,-108,4,-110,-5,-114,8,-103,-3,-109,0,-128,0,-112,-8,-128,-7,-128,-7,-128,0,-128,-14,-128,0,0,0,0,0,0,-128,13,-128,20,-128,20,-128,27,-120,22,-128,36,-128,22,-128,26,-127,22,-128,26,-128,31,-122,38,-112,25,-114,32,-116,47,-109,43,-122,39,-110,41,-98,49,-108,43,-109,57,-92,65,-106,66,-108,60,-94,70,-88,52,-84,66,-86,74,-83,70,-83,75,-78,61,-77,78,-87,68,-90,73,-64,75,-90,81,-84,77,-78,71,-85,64,-74,61,-71,57,-73,72,-80,57,-71,51,-69,57,-65,46,-75,52,-61,42,-66,45,-61,41,-61,35,-54,35,-49,25,-55,29,-51,28,-46,16,-48,16,0,0,0,0,0,0,0,0,0,0]"""
1782318883718,2026-06-25T01:34:43.688,warning,bed_exit,yja,bed_exit_failed,t057,"CSI_DATA,810854,1a:00:00:00:00:00,-63,11,-99,18,48,11,-343305563,47,2,256,0,""[0,0,0,0,0,0,0,0,0,0,0,0,-2,-27,-5,-33,0,-27,0,-32,0,-26,6,-44,6,-45,7,-40,5,-42,15,-21,16,-48,22,-44,26,-40,28,-41,40,-47,26,-40,48,-51,29,-55,58,-55,65,-55,53,-49,59,-30,44,-32,60,-43,57,-32,64,-34,60,-29,82,-31,47,-30,72,-34,66,-36,104,-34,85,-27,79,-27,80,-20,71,-23,66,-28,85,-38,79,-34,70,-22,91,-29,68,-38,100,-59,92,-21,127,-41,100,-27,103,-40,118,-21,101,-21,110,-23,127,-43,113,-36,127,-25,121,-27,127,-25,127,-16,127,-5,0,0,0,0,0,0,2,-128,16,-111,6,-128,10,-128,13,-98,20,-128,13,-108,32,-128,15,-107,34,-128,38,-128,33,-112,25,-116,41,-92,32,-128,32,-127,31,-118,29,-109,41,-123,16,-83,39,-125,27,-108,53,-128,44,-126,34,-105,35,-95,39,-79,39,-113,41,-112,41,-104,39,-92,56,-113,31,-80,49,-114,43,-86,77,-125,72,-86,65,-87,81,-79,70,-67,59,-60,70,-85,69,-65,61,-47,81,-57,49,-48,80,-52,64,-40,97,-46,69,-12,66,-21,69,-10,54,-14,56,-3,67,-10,55,-6,52,-2,0,0,0,0,0,0,0,0,0,0]"""
1782318883729,2026-06-25T01:34:43.699,warning,bed_exit,yja,bed_exit_failed,t057,"CSI_DATA,810855,1a:00:00:00:00:00,-63,11,-99,20,47,11,-343294418,47,2,256,0,""[0,0,0,0,0,0,0,0,0,0,0,0,-28,-16,-32,-17,-18,-12,-20,-25,-17,-14,-26,-31,-27,-38,-21,-31,-24,-42,-9,-38,-21,-48,-18,-51,-12,-45,-5,-47,-7,-57,-9,-49,-5,-68,-2,-64,4,-72,2,-61,-4,-54,6,-74,13,-55,25,-62,23,-68,21,-67,33,-65,34,-82,19,-50,27,-69,27,-80,38,-85,34,-68,23,-73,36,-74,34,-75,32,-76,32,-83,34,-75,38,-65,51,-78,26,-86,43,-104,58,-82,75,-117,51,-75,48,-109,75,-96,58,-93,68,-88,75,-116,75,-107,94,-114,81,-88,85,-98,106,-103,92,-96,0,0,0,0,0,0,-96,-126,-73,-98,-89,-128,-85,-121,-63,-105,-74,-128,-54,-93,-69,-128,-57,-100,-64,-128,-63,-128,-45,-109,-61,-128,-31,-112,-38,-126,-42,-125,-33,-118,-31,-114,-38,-128,-35,-90,-51,-123,-34,-109,-38,-128,-38,-120,-30,-105,-32,-128,-11,-100,-21,-125,-19,-119,-14,-113,-5,-113,0,-128,-19,-92,-16,-125,0,-114,0,-128,11,-104,0,-114,17,-114,18,-109,18,-93,25,-103,37,-95,33,-79,48,-89,28,-78,36,-86,48,-68,63,-83,49,-50,44,-58,57,-49,48,-44,51,-30,51,-37,51,-30,52,-27,0,0,0,0,0,0,0,0,0,0]"""
1782318883740,2026-06-25T01:34:43.710,warning,bed_exit,yja,bed_exit_failed,t057,"CSI_DATA,810856,1a:00:00:00:00:00,-63,11,-99,16,48,11,-343283654,47,2,256,0,""[0,0,0,0,0,0,0,0,0,0,0,0,23,-4,32,-5,25,-6,32,-5,26,-11,45,-9,43,-7,33,0,36,-2,34,-2,52,-9,50,-7,52,-12,50,-13,61,-9,51,0,64,0,49,-7,74,0,71,-10,57,-18,62,0,55,-3,76,-18,72,-18,72,-6,63,-7,78,-7,61,-11,78,-23,68,-12,92,-27,87,-21,74,-31,75,-24,73,-14,65,-35,81,-48,71,-51,63,-48,74,-59,64,-41,83,-67,71,-61,103,-85,92,-63,80,-79,87,-68,74,-69,61,-94,71,-116,62,-93,76,-105,78,-105,61,-117,79,-128,82,-107,0,0,0,0,0,0,-128,-75,-98,-51,-128,-80,-118,-76,-96,-52,-128,-72,-120,-50,-128,-66,-106,-38,-128,-71,-128,-69,-123,-40,-114,-51,-112,-26,-128,-21,-128,-4,-128,0,-114,2,-124,-5,-102,-12,-128,0,-112,5,-128,11,-128,4,-112,16,-107,5,-99,18,-124,42,-105,43,-113,37,-103,32,-116,30,-90,32,-117,45,-98,37,-128,52,-128,28,-100,40,-109,28,-89,21,-88,32,-103,54,-96,48,-81,38,-90,31,-74,23,-97,32,-74,19,-106,30,-76,14,-73,18,-66,10,-63,10,-54,11,-65,12,-54,11,-48,11,0,0,0,0,0,0,0,0,0,0]"""
1782318883751,2026-06-25T01:34:43.721,warning,bed_exit,yja,bed_exit_failed,t057,"CSI_DATA,810857,1a:00:00:00:00:00,-63,11,-99,18,48,11,-343272441,47,2,256,0,""[0,0,0,0,0,0,0,0,0,0,0,0,-27,-6,-22,-10,-29,-12,-23,-12,-28,-17,-27,-16,-27,-15,-31,-26,-32,-25,-36,-25,-23,-36,-25,-39,-32,-35,-25,-42,-28,-43,-40,-52,-31,-41,-36,-52,-29,-42,-29,-44,-25,-60,-39,-48,-33,-70,-20,-59,-13,-66,-23,-61,-17,-75,-27,-66,-25,-73,-26,-65,-27,-78,-19,-56,-39,-64,-39,-69,-38,-71,-41,-78,-34,-92,-16,-80,-26,-85,-40,-92,-40,-70,-39,-96,-36,-87,-51,-81,-36,-78,-49,-91,-46,-95,-64,-95,-65,-103,-55,-105,-42,-98,-44,-121,-55,-112,-65,-122,-53,-123,-56,-118,-65,-118,0,0,0,0,0,0,-126,52,-128,58,-111,36,-128,52,-128,42,-120,36,-128,47,-114,41,-128,38,-117,27,-114,38,-128,40,-128,47,-128,45,-118,14,-127,16,-120,21,-116,26,-104,31,-128,48,-99,42,-122,44,-90,31,-94,51,-117,44,-111,61,-128,41,-107,26,-112,22,-112,29,-124,31,-103,39,-128,39,-108,36,-112,32,-91,17,-99,39,-101,29,-111,30,-110,19,-113,7,-100,-6,-101,-12,-103,-6,-91,0,-103,-3,-84,-13,-83,-5,-57,-13,-74,-6,-67,-16,-75,-16,-68,-18,-62,-30,-47,-26,-48,-35,-42,-34,0,0,0,0,0,0,0,0,0,0]"""
1782318883762,2026-06-25T01:34:43.732,warning,bed_exit,yja,bed_exit_failed,t057,"CSI_DATA,810858,1a:00:00:00:00:00,-63,11,-99,17,48,11,-343261654,47,2,256,0,""[0,0,0,0,0,0,0,0,0,0,0,0,-20,14,-17,7,-31,15,-22,14,-33,4,-25,16,-22,12,-34,19,-29,16,-42,20,-37,11,-36,14,-44,14,-47,4,-46,0,-53,5,-42,13,-60,0,-49,14,-47,3,-59,-2,-56,14,-65,20,-61,4,-65,14,-55,21,-65,6,-61,9,-73,14,-66,4,-69,10,-56,17,-67,16,-65,34,-65,34,-74,36,-72,41,-79,30,-77,46,-90,44,-76,36,-80,35,-81,36,-82,39,-57,43,-71,65,-67,64,-60,82,-89,87,-76,87,-86,67,-86,78,-82,81,-80,98,-102,77,-83,101,-97,98,0,0,0,0,0,0,94,101,107,126,84,81,91,103,117,99,83,97,104,110,87,94,100,120,93,62,97,67,116,63,111,61,127,57,91,69,103,50,113,53,111,62,100,56,118,61,94,43,109,59,91,25,100,23,114,20,120,15,124,13,112,36,114,16,121,11,118,20,101,19,123,35,107,30,107,36,90,12,104,10,107,11,109,0,112,9,108,10,91,32,106,17,101,31,89,29,87,35,69,34,81,36,60,17,74,24,62,13,70,9,57,23,63,22,46,29,49,25,41,30,0,0,0,0,0,0,0,0,0,0]"""
1782318883773,2026-06-25T01:34:43.743,warning,bed_exit,yja,bed_exit_failed,t057,"CSI_DATA,810859,1a:00:00:00:00:00,-63,11,-99,20,48,11,-343250334,47,2,256,0,""[0,0,0,0,0,0,0,0,0,0,0,0,-18,-3,-22,-4,-23,-15,-21,-12,-21,-16,-20,-13,-23,-8,-33,-14,-28,-9,-44,-19,-26,-11,-33,-16,-32,-18,-35,-28,-32,-28,-43,-34,-33,-20,-42,-33,-33,-27,-35,-34,-63,-36,-45,-35,-54,-31,-40,-32,-46,-32,-48,-36,-52,-40,-49,-30,-59,-51,-54,-40,-59,-39,-42,-33,-58,-36,-64,-27,-65,-26,-71,-34,-77,-32,-63,-26,-75,-39,-93,-37,-87,-24,-80,-45,-77,-33,-86,-21,-52,-21,-100,-2,-87,-25,-100,16,-128,-22,-113,-9,-89,-26,-120,-30,-119,-18,-112,-9,-120,-30,-123,-15,-128,-6,0,0,0,0,0,0,-20,127,-10,127,-12,104,4,127,-6,127,-13,111,-17,127,-16,126,-14,127,-3,111,11,114,24,127,3,120,28,127,8,107,7,111,16,123,8,127,25,107,16,127,27,103,29,113,22,81,35,91,45,107,43,109,52,117,36,98,38,113,46,108,46,118,60,101,37,127,37,103,50,95,24,75,57,98,44,95,55,91,42,107,38,98,17,86,24,101,23,113,30,89,11,93,6,76,26,72,5,56,20,75,17,64,30,67,7,66,17,69,-4,47,0,53,-6,47,0,0,0,0,0,0,0,0,0,0]"""
1782318883784,2026-06-25T01:34:43.754,warning,bed_exit,yja,bed_exit_failed,t057,"CSI_DATA,810860,1a:00:00:00:00:00,-64,11,-99,17,49,11,-343239098,47,2,256,0,""[0,0,0,0,0,0,0,0,0,0,0,0,-21,-8,-16,-6,-20,-14,-14,-18,-15,-23,-16,-21,-15,-21,-27,-21,-12,-23,-10,-26,-20,-23,-19,-25,-18,-31,-18,-39,-18,-36,-9,-47,-13,-43,-7,-45,-4,-44,-5,-60,-9,-66,2,-44,-15,-58,-8,-59,-5,-53,-4,-60,-1,-54,-5,-57,11,-72,12,-64,0,-61,10,-66,5,-71,8,-72,4,-66,5,-66,0,-71,4,-80,8,-76,5,-80,4,-80,18,-85,16,-83,8,-82,7,-82,-3,-97,11,-85,-7,-95,33,-104,5,-98,23,-104,17,-95,19,-106,19,-118,37,-115,34,-115,43,-118,0,0,0,0,0,0,-118,-55,-120,-53,-118,-50,-114,-58,-121,-50,-104,-62,-121,-73,-103,-72,-111,-70,-114,-64,-106,-65,-120,-62,-84,-58,-108,-56,-107,-56,-93,-46,-99,-55,-90,-53,-86,-57,-92,-75,-88,-66,-87,-62,-93,-72,-89,-61,-104,-58,-77,-72,-96,-57,-95,-61,-92,-61,-93,-58,-86,-65,-86,-57,-74,-92,-68,-80,-71,-72,-62,-81,-77,-84,-68,-87,-61,-77,-49,-76,-58,-76,-51,-86,-45,-83,-40,-87,-39,-81,-14,-89,-15,-86,-23,-75,-9,-64,-14,-81,-6,-72,-10,-67,6,-59,-3,-61,11,-58,7,-50,14,-49,0,0,0,0,0,0,0,0,0,0]"""
1782318883795,2026-06-25T01:34:43.765,warning,bed_exit,yja,bed_exit_failed,t057,"CSI_DATA,810861,1a:00:00:00:00:00,-64,11,-99,15,49,11,-343228372,47,2,256,0,""[0,0,0,0,0,0,0,0,0,0,0,0,11,-14,13,-8,16,-14,14,-18,18,-19,9,-19,14,-22,14,-28,23,-23,31,-31,23,-17,22,-22,27,-25,33,-14,35,-21,41,-25,38,-19,48,-22,33,-14,44,-24,56,-33,51,-21,45,-35,43,-18,49,-29,50,-26,61,-29,48,-21,69,-21,61,-23,59,-21,44,-21,55,-36,54,-42,50,-43,52,-45,59,-47,61,-33,69,-47,85,-53,63,-50,79,-48,64,-33,72,-50,38,-37,49,-70,52,-65,54,-88,83,-86,72,-92,76,-55,85,-80,76,-71,80,-84,94,-70,80,-81,88,-76,0,0,0,0,0,0,-81,-100,-99,-111,-68,-79,-78,-100,-98,-111,-55,-88,-78,-117,-73,-92,-81,-120,-72,-69,-78,-70,-100,-74,-92,-78,-110,-83,-67,-83,-88,-72,-95,-75,-89,-94,-81,-76,-98,-86,-80,-63,-89,-83,-72,-51,-82,-51,-102,-60,-104,-57,-112,-57,-79,-67,-90,-56,-105,-53,-101,-70,-95,-50,-95,-82,-80,-71,-84,-71,-66,-43,-94,-46,-94,-49,-99,-36,-94,-59,-86,-55,-57,-70,-78,-64,-70,-80,-64,-68,-57,-72,-36,-69,-53,-68,-35,-35,-54,-49,-47,-47,-57,-44,-38,-61,-34,-51,-16,-54,-22,-54,-17,-48,0,0,0,0,0,0,0,0,0,0]"""
1782318883806,2026-06-25T01:34:43.776,warning,bed_exit,yja,bed_exit_failed,t057,"CSI_DATA,810862,1a:00:00:00:00:00,-64,11,-99,16,49,11,-343215888,47,2,256,0,""[0,0,0,0,0,0,0,0,0,0,0,0,-11,-10,-14,-16,-10,-15,-14,-22,-16,-14,-20,-25,-16,-30,-7,-17,-10,-28,-7,-24,-16,-27,-15,-30,-19,-29,-18,-36,-18,-46,-17,-24,-18,-43,-14,-32,-28,-54,-14,-65,-18,-51,-16,-52,-7,-36,-18,-61,-19,-56,-17,-59,-11,-52,-16,-63,-18,-47,-25,-66,-17,-49,-31,-80,-17,-64,-27,-66,-22,-68,-18,-58,-14,-44,-39,-58,-37,-62,-31,-56,-32,-71,-44,-44,-56,-73,-39,-63,-68,-99,-34,-74,-54,-63,-43,-79,-56,-66,-59,-74,-88,-85,-66,-70,-73,-83,-63,-72,-90,-86,-93,-104,-72,-91,0,0,0,0,0,0,-99,87,-73,64,-123,112,-96,72,-68,52,-115,88,-73,68,-113,94,-74,67,-120,93,-102,81,-88,69,-81,70,-77,62,-87,89,-69,89,-71,82,-63,78,-85,89,-45,70,-72,103,-55,73,-82,116,-79,92,-65,80,-59,81,-52,69,-57,99,-54,92,-50,90,-53,75,-67,99,-33,74,-56,104,-45,79,-80,120,-70,82,-58,90,-73,78,-62,69,-53,64,-49,95,-55,76,-46,60,-63,67,-40,59,-56,75,-54,48,-83,70,-57,43,-57,50,-54,26,-45,34,-42,26,-53,37,-42,23,-53,26,0,0,0,0,0,0,0,0,0,0]"""
1782318883817,2026-06-25T01:34:43.787,warning,bed_exit,yja,bed_exit_failed,t057,"CSI_DATA,810863,1a:00:00:00:00:00,-64,11,-99,14,49,11,-343206654,47,2,256,0,""[0,0,0,0,0,0,0,0,0,0,0,0,-69,-38,-53,44,19,28,-39,86,-113,22,-80,-32,28,40,2,61,4,-25,-73,-2,0,-65,-85,-42,-58,-46,-52,18,-17,-46,-58,-14,-81,-30,-55,-53,-48,-44,-44,-8,-54,-36,-32,-16,-38,-35,-62,-29,-45,-21,-53,-28,-46,-25,-48,-26,-55,-26,-54,-18,-54,-30,-64,-35,-55,-22,-60,-26,-51,-19,-59,-23,-64,-22,-77,-16,-67,-19,-66,-14,-71,-5,-73,-3,-90,4,-84,16,-109,4,-100,6,-96,10,-97,5,-85,10,-90,20,-109,25,-96,20,-104,26,-122,20,-109,43,-109,25,-114,36,0,0,0,0,0,0,44,109,41,106,60,125,53,121,42,100,60,120,56,107,62,118,54,94,53,125,60,118,48,108,51,101,53,91,71,105,66,88,66,88,69,77,72,73,73,79,88,73,88,65,93,81,92,81,88,68,73,61,84,58,101,56,92,57,90,58,80,53,97,51,93,49,98,39,98,42,114,57,94,47,90,44,92,49,77,48,83,47,97,42,82,45,77,39,80,36,75,38,82,40,72,36,73,49,61,38,55,38,51,46,48,35,47,38,56,43,39,36,38,36,0,0,0,0,0,0,0,0,0,0]"""
1782318883828,2026-06-25T01:34:43.798,warning,bed_exit,yja,bed_exit_failed,t057,"CSI_DATA,810865,1a:00:00:00:00:00,-64,11,-99,17,49,11,-343181701,47,2,256,0,""[0,0,0,0,0,0,0,0,0,0,0,0,-18,7,-20,7,-20,4,-16,4,-25,7,-28,8,-25,4,-26,0,-37,7,-33,-6,-35,0,-37,0,-40,-6,-43,-3,-44,-10,-41,3,-45,-2,-48,0,-54,-7,-53,-20,-46,-32,-53,-18,-48,-20,-50,-19,-57,-22,-50,-20,-56,-18,-62,-24,-55,-13,-59,-11,-59,-16,-65,-24,-56,-25,-61,-24,-65,-28,-65,-18,-68,-17,-68,-9,-64,-17,-72,-14,-73,-24,-78,1,-79,3,-82,-10,-88,-10,-76,-13,-94,-12,-91,-24,-92,-17,-103,-14,-104,-6,-113,2,-109,-5,-103,-4,-120,3,-118,-20,-118,-7,0,0,0,0,0,0,-33,127,-17,126,-19,117,-13,121,-18,119,-23,125,-9,117,-20,126,-17,117,-17,112,-26,110,-37,105,-17,119,-33,109,-13,101,-20,111,-11,110,-14,105,-24,117,4,95,5,105,3,102,-10,98,-11,98,-28,99,-6,114,-10,100,3,101,-2,103,1,103,1,105,-8,113,10,101,11,101,0,103,-5,106,-16,94,-14,94,-33,100,-14,98,-19,93,-8,86,-21,85,-14,83,-29,83,-8,79,-7,77,-25,67,-27,72,-27,52,-31,56,-45,50,-33,57,-31,45,-30,47,-28,37,-32,37,0,0,0,0,0,0,0,0,0,0]"""
1782318883839,2026-06-25T01:34:43.809,warning,bed_exit,yja,bed_exit_failed,t057,"CSI_DATA,810866,1a:00:00:00:00:00,-64,11,-99,17,49,11,-343173294,47,2,256,0,""[0,0,0,0,0,0,0,0,0,0,0,0,3,19,1,19,-4,21,-6,26,-4,23,-10,27,-12,24,-5,23,-14,36,-21,20,-16,30,-24,28,-29,27,-25,24,-37,30,-19,25,-36,35,-33,35,-45,35,-54,27,-46,24,-51,17,-50,15,-53,21,-49,17,-52,18,-50,20,-64,33,-51,23,-70,21,-43,23,-87,20,-73,15,-49,7,-69,10,-48,19,-72,9,-59,44,-51,8,-44,24,-93,18,-67,20,-80,47,-74,34,-92,18,-71,7,-106,49,-101,0,-90,10,-95,37,-99,29,-109,41,-126,33,-104,31,-104,18,-117,3,-125,14,0,0,0,0,0,0,-2,127,3,99,0,127,2,125,-5,89,-5,127,-9,95,-10,127,-4,99,-17,127,-18,121,-16,99,-17,115,-31,88,-20,108,-13,111,-24,105,-19,97,-32,112,-5,83,-13,110,-10,97,-27,118,-25,100,-16,90,-19,106,-22,85,-25,100,-25,100,-19,99,-25,87,-42,110,-12,76,-24,106,-28,85,-46,120,-51,89,-38,88,-49,89,-49,82,-40,67,-46,87,-46,70,-47,59,-63,62,-34,57,-47,67,-50,50,-72,56,-49,34,-56,36,-52,30,-52,33,-43,17,-50,20,-44,20,-48,13,0,0,0,0,0,0,0,0,0,0]"""
1782318883850,2026-06-25T01:34:43.820,warning,bed_exit,yja,bed_exit_failed,t057,"CSI_DATA,810867,1a:00:00:00:00:00,-65,11,-99,19,49,11,-343162551,47,2,256,0,""[0,0,0,0,0,0,0,0,0,0,0,0,-20,1,-22,0,-21,0,-21,0,-24,-3,-28,-3,-28,0,-32,0,-36,3,-29,-6,-38,-4,-36,-10,-34,-6,-35,-11,-45,-18,-37,-10,-44,-20,-47,-26,-44,-17,-48,-15,-39,-10,-57,-18,-48,-21,-44,-28,-50,-27,-54,-14,-53,-29,-61,-32,-47,-28,-57,-28,-53,-33,-51,-23,-49,-18,-55,-15,-62,-27,-74,-19,-63,-15,-59,-15,-67,-14,-70,-18,-81,-32,-68,-9,-83,-10,-79,-29,-93,-15,-78,-18,-94,-3,-91,-14,-98,0,-96,-13,-95,-5,-114,0,-118,-9,-98,-3,-109,-5,-117,0,-107,-10,0,0,0,0,0,0,-27,125,-27,111,-22,125,-28,117,-3,111,-30,127,-12,97,-16,125,-24,98,-6,120,-11,111,-11,105,5,121,-4,99,-7,108,6,109,2,104,1,100,-8,122,9,94,10,110,0,100,16,102,17,94,9,94,22,108,18,87,13,89,24,102,26,102,15,95,14,111,18,82,15,100,11,89,21,107,10,83,22,88,14,91,17,105,10,91,4,85,15,80,7,79,-1,87,2,71,1,77,-15,74,-9,77,-8,61,-4,67,-4,63,-4,63,-8,50,-16,50,-7,51,-10,47,0,0,0,0,0,0,0,0,0,0]"""
1782318883861,2026-06-25T01:34:43.831,warning,bed_exit,yja,bed_exit_failed,t057,"CSI_DATA,810868,1a:00:00:00:00:00,-65,11,-99,20,49,11,-343151654,47,2,256,0,""[0,0,0,0,0,0,0,0,0,0,0,0,8,17,7,18,4,24,9,18,3,29,8,22,0,18,9,35,8,27,4,39,1,33,2,31,7,40,5,41,4,46,6,50,8,40,11,48,4,43,8,49,17,63,3,53,11,61,3,47,3,54,5,53,4,60,10,48,17,71,19,53,26,53,18,50,30,61,31,56,31,57,33,55,37,66,28,59,37,71,45,65,53,56,52,67,50,59,64,53,43,47,76,44,66,61,82,40,91,63,76,61,67,58,84,63,88,43,95,52,95,49,96,51,111,44,0,0,0,0,0,0,38,-119,34,-122,30,-94,22,-109,27,-128,18,-99,32,-127,14,-104,16,-122,9,-94,8,-98,0,-115,1,-118,-1,-116,4,-96,0,-106,-4,-110,-12,-113,-26,-97,-25,-110,-24,-87,-39,-95,-28,-77,-34,-91,-52,-99,-49,-89,-58,-96,-37,-84,-44,-94,-55,-88,-63,-91,-58,-69,-58,-96,-51,-76,-61,-68,-44,-61,-73,-69,-52,-77,-71,-63,-68,-76,-56,-74,-45,-62,-50,-81,-53,-78,-51,-65,-45,-62,-40,-60,-54,-49,-35,-36,-43,-51,-39,-42,-46,-48,-39,-50,-39,-45,-27,-42,-25,-42,-23,-36,0,0,0,0,0,0,0,0,0,0]"""
1782318883872,2026-06-25T01:34:43.842,warning,bed_exit,yja,bed_exit_failed,t057,"CSI_DATA,810869,1a:00:00:00:00:00,-65,11,-99,16,50,11,-343139130,47,2,256,0,""[0,0,0,0,0,0,0,0,0,0,0,0,7,15,7,26,2,18,0,28,0,21,-1,34,-8,33,-6,25,-10,23,-8,28,-1,41,-17,36,-14,36,-21,29,-21,34,-16,30,-30,45,-26,40,-41,41,-39,33,-39,19,-39,26,-42,29,-42,36,-42,32,-44,35,-45,31,-57,29,-43,24,-58,29,-52,30,-67,26,-66,25,-56,25,-59,20,-54,21,-54,23,-67,39,-62,31,-53,21,-72,21,-60,25,-85,40,-67,21,-103,36,-83,23,-84,33,-90,22,-80,18,-78,21,-100,33,-92,23,-108,18,-104,12,-109,18,-121,9,-103,5,0,0,0,0,0,0,0,114,-5,90,-11,127,-20,112,-12,83,-26,127,-21,95,-30,127,-12,94,-39,127,-31,121,-30,93,-32,92,-29,85,-22,113,-19,101,-25,101,-26,90,-31,99,-36,83,-39,104,-30,88,-53,111,-54,91,-39,81,-44,78,-37,78,-31,96,-31,90,-38,92,-42,82,-48,87,-42,68,-61,88,-41,73,-76,99,-81,77,-68,67,-71,60,-68,50,-54,55,-64,69,-70,51,-56,44,-71,40,-54,35,-81,40,-62,20,-84,23,-65,11,-60,15,-60,2,-52,1,-44,3,-61,3,-47,0,-42,-1,0,0,0,0,0,0,0,0,0,0]"""
1782318883883,2026-06-25T01:34:43.853,warning,bed_exit,yja,bed_exit_failed,t057,"CSI_DATA,810870,1a:00:00:00:00:00,-65,11,-99,18,49,11,-343128023,47,2,256,0,""[0,0,0,0,0,0,0,0,0,0,0,0,21,-10,19,-5,25,0,20,-1,25,0,24,-7,27,-11,32,-4,34,-9,36,-12,32,-2,33,-8,40,-4,43,0,44,2,48,-2,41,-2,55,1,49,-6,41,-6,47,-9,56,-13,54,-19,53,6,61,-6,55,-9,66,-4,56,-8,69,-12,61,-1,59,-14,49,-18,62,-22,58,-30,58,-32,57,-41,60,-31,58,-29,62,-39,67,-43,56,-38,67,-45,61,-45,68,-50,45,-49,46,-66,43,-73,36,-74,52,-81,46,-85,58,-74,52,-91,46,-85,43,-104,65,-88,33,-98,52,-103,0,0,0,0,0,0,-111,-48,-117,-63,-96,-47,-97,-40,-122,-47,-84,-45,-119,-46,-93,-33,-117,-44,-86,-4,-89,-7,-105,0,-104,0,-117,12,-98,-15,-106,0,-101,17,-111,0,-101,8,-111,13,-88,13,-103,15,-79,27,-86,37,-88,36,-96,53,-95,61,-94,30,-83,46,-84,55,-95,44,-79,46,-97,45,-84,39,-88,42,-64,46,-74,60,-67,64,-60,69,-67,63,-69,54,-72,33,-65,54,-81,43,-69,34,-71,46,-65,30,-65,35,-43,35,-52,42,-39,44,-45,40,-49,37,-44,37,-49,20,-40,25,-41,21,0,0,0,0,0,0,0,0,0,0]"""
1782318883894,2026-06-25T01:34:43.864,warning,bed_exit,yja,bed_exit_failed,t057,"CSI_DATA,810871,1a:00:00:00:00:00,-65,11,-99,16,50,11,-343115322,47,2,256,0,""[0,0,0,0,0,0,0,0,0,0,0,0,-22,-13,-22,-14,-22,-16,-17,-9,-22,-20,-20,-17,-20,-17,-27,-25,-17,-29,-20,-26,-19,-29,-20,-32,-10,-31,-9,-42,-13,-38,-11,-50,-9,-46,-8,-54,-6,-41,-3,-43,-6,-61,-6,-48,-8,-61,2,-53,1,-53,3,-55,11,-61,6,-53,20,-66,17,-54,16,-56,18,-41,9,-61,19,-61,8,-61,10,-74,25,-74,33,-56,31,-69,37,-74,20,-72,38,-72,36,-70,25,-68,18,-54,20,-86,29,-73,8,-94,45,-91,31,-86,46,-61,53,-88,45,-88,49,-86,69,-79,58,-74,59,-99,0,0,0,0,0,0,-81,-80,-96,-94,-63,-57,-79,-81,-94,-94,-59,-81,-74,-105,-57,-86,-56,-103,-53,-77,-61,-61,-75,-85,-61,-88,-78,-95,-54,-79,-55,-80,-53,-90,-50,-96,-45,-78,-53,-107,-47,-81,-48,-95,-32,-77,-43,-71,-54,-89,-49,-86,-56,-96,-31,-84,-38,-90,-41,-91,-31,-107,-35,-88,-21,-109,-14,-90,-15,-93,-9,-67,-27,-84,-16,-85,-28,-87,-9,-99,-5,-97,14,-83,9,-84,19,-89,19,-76,24,-76,29,-63,25,-63,15,-46,21,-63,27,-55,17,-57,32,-53,31,-43,31,-32,35,-33,34,-27,0,0,0,0,0,0,0,0,0,0]"""
1782318883905,2026-06-25T01:34:43.875,warning,bed_exit,yja,bed_exit_failed,t057,"CSI_DATA,810872,1a:00:00:00:00:00,-65,11,-99,20,49,11,-343107499,47,2,256,0,""[0,0,0,0,0,0,0,0,0,0,0,0,-19,-6,-25,0,-18,0,-21,-8,-24,-4,-31,-11,-31,-14,-26,-12,-31,-16,-29,-11,-41,-14,-41,-12,-34,-12,-31,-8,-36,-21,-38,-26,-47,-26,-38,-21,-44,-32,-47,-32,-44,-20,-42,-35,-42,-23,-53,-31,-47,-24,-53,-31,-52,-33,-54,-29,-42,-29,-50,-35,-45,-32,-60,-42,-53,-44,-52,-31,-46,-34,-53,-31,-53,-24,-77,-22,-64,-20,-61,-14,-66,-30,-67,-20,-83,-21,-72,-20,-94,-25,-91,-29,-94,-20,-91,-24,-79,-23,-83,-11,-107,-4,-99,-1,-105,-14,-114,-12,-103,-7,-121,-1,-105,-12,0,0,0,0,0,0,-17,116,-9,97,-1,127,-19,120,-3,92,-11,127,-4,105,0,122,0,97,-3,127,-8,125,3,106,-11,98,9,95,24,115,21,101,27,102,20,89,20,96,14,93,22,106,24,93,24,109,25,105,25,93,14,83,30,88,49,96,48,85,42,90,40,84,31,91,33,82,39,92,34,84,37,110,30,99,28,90,28,88,19,78,29,72,44,86,31,75,30,68,16,76,19,65,23,76,17,63,11,80,7,65,9,64,6,61,1,53,2,51,5,61,7,44,3,46,0,0,0,0,0,0,0,0,0,0]"""
1782318883916,2026-06-25T01:34:43.886,warning,bed_exit,yja,bed_exit_failed,t057,"CSI_DATA,810873,1a:00:00:00:00:00,-65,11,-99,20,49,11,-343096286,47,2,256,0,""[0,0,0,0,0,0,0,0,0,0,0,0,21,5,20,6,16,8,22,10,22,8,32,14,31,15,27,12,28,15,22,21,38,20,34,15,29,20,27,19,36,26,33,32,42,33,32,31,40,42,38,42,46,35,26,42,39,32,41,41,40,34,44,35,44,36,50,46,36,38,42,45,46,40,57,59,42,55,43,49,44,45,43,42,53,39,68,42,57,38,53,32,61,43,61,37,76,45,60,41,90,55,76,54,83,44,82,49,65,43,76,31,104,38,90,31,98,37,103,42,101,37,103,46,95,53,0,0,0,0,0,0,45,-101,32,-97,48,-123,52,-105,36,-89,56,-116,44,-93,49,-118,31,-89,53,-120,52,-112,35,-103,42,-96,30,-89,19,-118,10,-107,14,-98,17,-95,25,-97,15,-90,19,-109,10,-94,16,-121,23,-100,13,-97,23,-90,12,-91,0,-106,-6,-98,-9,-101,-4,-94,2,-96,7,-83,3,-101,0,-92,10,-119,20,-98,9,-94,18,-86,15,-82,4,-81,-1,-96,2,-88,4,-69,17,-75,8,-61,10,-90,16,-62,21,-83,24,-65,21,-56,28,-48,20,-46,16,-49,20,-54,15,-42,15,-41,0,0,0,0,0,0,0,0,0,0]"""
1782318883927,2026-06-25T01:34:43.897,warning,bed_exit,yja,bed_exit_failed,t057,"CSI_DATA,810874,1a:00:00:00:00:00,-65,11,-99,22,49,11,-343079310,47,2,256,0,""[0,0,0,0,0,0,0,0,0,0,0,0,17,12,19,11,17,13,19,13,24,19,15,19,19,19,22,24,17,26,22,29,18,32,20,35,17,34,14,42,14,40,6,55,6,50,4,51,0,37,15,41,14,57,-2,56,5,63,-6,47,-6,57,-2,60,-12,65,0,63,-27,68,-19,57,-12,64,-19,38,-7,59,-19,58,-4,63,-16,82,-23,76,-26,63,-32,70,-31,76,-22,76,-44,78,-41,70,-22,75,-19,52,-18,90,-33,77,-13,96,-42,96,-35,89,-43,68,-56,91,-54,86,-60,100,-70,83,-55,89,-57,91,0,0,0,0,0,0,82,81,98,95,61,51,91,87,96,104,63,80,70,107,61,87,65,109,51,82,62,71,73,94,65,96,80,87,50,81,57,94,57,86,49,94,49,91,49,110,47,90,35,94,32,73,42,70,63,97,43,96,64,104,30,77,37,94,41,91,38,105,39,86,15,118,12,95,22,96,3,70,22,86,16,88,26,88,7,97,7,94,-6,80,-10,88,-16,86,-9,79,-36,73,-32,61,-22,67,-19,42,-19,62,-32,56,-19,63,-36,52,-35,51,-29,31,-32,32,-39,29,0,0,0,0,0,0,0,0,0,0]"""
1782318883938,2026-06-25T01:34:43.908,warning,bed_exit,yja,bed_exit_failed,t057,"CSI_DATA,810875,1a:00:00:00:00:00,-65,11,-99,15,50,11,-343074654,47,2,256,0,""[0,0,0,0,0,0,0,0,0,0,0,0,15,-5,26,-7,16,-2,30,0,21,0,31,-9,36,-3,24,0,31,0,22,10,34,6,35,9,41,11,42,15,53,20,24,3,53,17,35,7,63,29,63,36,50,31,50,30,36,25,52,32,46,30,46,32,39,30,56,32,37,20,66,32,47,25,75,47,57,45,53,32,60,42,48,32,45,21,71,28,60,36,53,32,75,44,52,6,86,17,63,27,108,45,69,41,86,24,76,48,77,32,80,38,111,40,91,21,107,37,88,35,107,30,117,56,95,46,0,0,0,0,0,0,52,-109,39,-77,67,-128,48,-98,40,-71,59,-128,37,-79,57,-128,35,-77,71,-125,62,-106,53,-81,42,-89,47,-67,48,-103,48,-97,44,-94,45,-84,60,-107,15,-71,34,-109,25,-70,48,-121,48,-97,41,-88,43,-97,34,-63,31,-99,32,-89,34,-91,37,-77,46,-99,17,-67,26,-103,21,-77,57,-126,52,-76,35,-87,57,-82,39,-63,32,-56,40,-83,45,-75,40,-60,52,-64,22,-52,46,-77,40,-44,72,-69,49,-38,41,-48,51,-25,36,-37,42,-26,46,-32,37,-27,42,-26,0,0,0,0,0,0,0,0,0,0]"""
1782318883949,2026-06-25T01:34:43.919,warning,bed_exit,yja,bed_exit_failed,t057,"CSI_DATA,810876,1a:00:00:00:00:00,-65,11,-99,18,49,11,-343063397,47,2,256,0,""[0,0,0,0,0,0,0,0,0,0,0,0,-17,9,-16,14,-21,11,-22,8,-23,14,-30,11,-28,11,-29,10,-35,0,-30,6,-42,10,-38,15,-36,1,-36,4,-38,1,-47,0,-49,-6,-48,-2,-51,-9,-50,-5,-46,-2,-50,-11,-51,-8,-55,-9,-53,-7,-59,-15,-63,-8,-61,-12,-54,-21,-56,-12,-59,-18,-70,-20,-62,-21,-60,-21,-63,-19,-54,-19,-68,-17,-72,-16,-68,-11,-63,-12,-66,-14,-73,-18,-81,-16,-78,-20,-95,-14,-98,-23,-88,-15,-89,-18,-75,-12,-93,-15,-98,-15,-93,-14,-92,-18,-111,-26,-105,-18,-101,-21,-113,-22,0,0,0,0,0,0,-30,109,-38,101,-33,119,-40,114,-31,106,-40,110,-41,109,-38,99,-34,100,-47,112,-45,114,-30,112,-44,99,-32,94,-34,117,-25,100,-24,97,-25,92,-24,95,-34,95,-28,95,-23,101,-28,104,-37,100,-25,95,-29,86,-26,94,-27,104,-22,92,-22,97,-26,86,-25,88,-38,88,-31,90,-28,88,-36,102,-41,94,-37,83,-41,84,-42,72,-35,82,-36,87,-40,73,-33,63,-36,59,-45,58,-47,59,-44,57,-48,53,-46,55,-46,50,-43,37,-40,30,-40,32,-45,39,-37,25,-34,27,0,0,0,0,0,0,0,0,0,0]"""
1782318883960,2026-06-25T01:34:43.930,warning,bed_exit,yja,bed_exit_failed,t057,"CSI_DATA,810877,1a:00:00:00:00:00,-65,11,-99,13,50,11,-343050768,47,2,256,0,""[0,0,0,0,0,0,0,0,0,0,0,0,16,-4,16,0,22,-2,27,-2,26,-1,27,0,24,0,33,-1,28,1,37,6,34,11,29,12,42,10,45,13,37,10,47,18,34,18,48,22,41,20,39,16,57,38,43,24,53,27,47,29,52,35,44,29,44,37,40,24,62,45,57,33,47,36,38,36,64,28,62,39,61,33,60,33,62,46,48,42,63,51,75,45,72,33,65,48,66,39,77,29,55,26,86,31,72,43,90,29,96,41,87,43,78,43,79,52,76,47,105,53,91,49,91,50,103,52,0,0,0,0,0,0,57,-105,65,-114,46,-93,48,-107,75,-112,49,-83,76,-109,50,-95,71,-107,58,-76,52,-82,63,-97,50,-85,57,-108,58,-84,61,-84,53,-85,61,-86,41,-81,57,-99,41,-76,46,-91,39,-82,34,-88,41,-101,31,-95,48,-101,49,-85,49,-89,45,-90,51,-93,33,-82,63,-101,47,-78,34,-89,37,-62,36,-91,48,-76,39,-86,57,-74,60,-75,58,-63,68,-59,59,-64,44,-62,56,-57,51,-43,45,-58,40,-33,45,-49,46,-31,45,-42,50,-35,49,-25,41,-19,46,-11,35,-11,0,0,0,0,0,0,0,0,0,0]"""
1782318883971,2026-06-25T01:34:43.941,warning,bed_exit,yja,bed_exit_failed,t057,"CSI_DATA,810879,1a:00:00:00:00:00,-65,11,-99,16,50,11,-343029140,47,2,256,0,""[0,0,0,0,0,0,0,0,0,0,0,0,17,0,24,1,17,0,20,-2,24,0,29,3,31,5,28,5,32,11,24,8,38,7,34,10,32,9,33,12,41,8,40,9,46,10,47,9,57,15,48,26,42,26,43,19,47,20,56,18,51,22,52,16,52,19,61,18,47,19,63,16,58,14,76,24,62,25,58,14,60,18,63,15,59,11,76,2,67,14,56,9,68,10,72,-11,87,-11,72,-5,106,-4,89,-6,86,-13,94,0,76,-8,86,-11,110,-20,94,-20,96,-25,109,-16,102,-26,115,-24,106,-21,0,0,0,0,0,0,-31,-102,-31,-102,-42,-125,-36,-111,-20,-88,-47,-116,-36,-91,-42,-113,-34,-94,-42,-125,-39,-112,-41,-94,-29,-94,-29,-88,-54,-101,-47,-94,-45,-92,-43,-75,-53,-83,-49,-74,-66,-84,-61,-69,-65,-95,-64,-80,-57,-76,-49,-78,-48,-65,-77,-72,-61,-68,-63,-67,-61,-66,-71,-72,-66,-57,-72,-63,-72,-57,-85,-83,-68,-78,-63,-61,-58,-71,-58,-58,-59,-60,-72,-57,-58,-53,-46,-53,-48,-51,-49,-50,-56,-57,-44,-50,-49,-69,-35,-48,-42,-49,-23,-50,-29,-42,-22,-42,-31,-45,-18,-42,-20,-37,0,0,0,0,0,0,0,0,0,0]"""
1782318883982,2026-06-25T01:34:43.952,warning,bed_exit,yja,bed_exit_failed,t057,"CSI_DATA,810880,1a:00:00:00:00:00,-65,11,-99,15,50,11,-343019463,47,2,256,0,""[0,0,0,0,0,0,0,0,0,0,0,0,6,20,5,24,6,18,4,25,0,19,0,31,-5,32,-4,31,-10,31,-6,26,-8,38,-8,40,-13,36,-8,34,-16,43,-26,33,-29,46,-22,34,-36,46,-32,35,-26,28,-37,33,-39,35,-38,42,-35,43,-45,43,-45,36,-44,40,-37,26,-50,32,-49,29,-63,52,-64,24,-50,29,-77,10,-59,15,-46,27,-50,39,-62,48,-50,46,-59,52,-59,37,-77,38,-55,23,-108,55,-89,23,-81,45,-69,36,-84,23,-70,32,-120,46,-92,32,-104,35,-91,9,-105,34,-111,18,-94,22,0,0,0,0,0,0,14,108,7,95,15,127,-14,121,0,84,-10,127,-12,96,-15,122,-6,99,-22,127,-31,124,-17,108,-30,99,-15,91,-14,113,-10,100,-12,105,-12,94,-17,100,-24,86,-30,105,-22,87,-34,116,-39,102,-28,95,-40,85,-19,85,-24,104,-21,96,-32,90,-32,85,-48,90,-41,77,-41,88,-41,75,-70,101,-64,79,-56,67,-63,66,-58,60,-55,54,-58,69,-49,63,-50,46,-64,46,-55,34,-69,44,-52,30,-79,32,-65,18,-54,17,-59,10,-50,5,-46,9,-51,14,-44,8,-45,5,0,0,0,0,0,0,0,0,0,0]"""
1782318883993,2026-06-25T01:34:43.963,warning,bed_exit,yja,bed_exit_failed,t057,"CSI_DATA,810881,1a:00:00:00:00:00,-65,11,-99,19,49,11,-343008557,47,2,256,0,""[0,0,0,0,0,0,0,0,0,0,0,0,-7,-16,-10,-21,-6,-18,-6,-18,-12,-22,-13,-30,-9,-28,-6,-25,-15,-28,-2,-27,-15,-37,-15,-38,-12,-40,-6,-37,-8,-46,-7,-40,-11,-51,-16,-38,-13,-57,-6,-65,-5,-63,-3,-46,-15,-49,-19,-55,-25,-56,-20,-53,-18,-50,-23,-55,-15,-46,-22,-63,-29,-50,-37,-76,-28,-62,-28,-61,-24,-62,-31,-54,-33,-45,-54,-49,-50,-53,-45,-46,-49,-55,-51,-39,-67,-51,-56,-50,-77,-63,-64,-56,-74,-42,-71,-60,-71,-47,-71,-43,-102,-42,-91,-32,-94,-37,-93,-46,-100,-35,-107,-41,-95,-46,0,0,0,0,0,0,-34,108,-26,94,-27,127,-34,110,-11,80,-19,121,-20,100,-20,127,-11,102,-19,127,-10,111,-3,106,-12,96,0,97,21,113,28,105,23,100,25,88,20,102,19,82,32,100,32,83,37,119,32,103,38,89,31,88,42,70,65,82,60,77,60,70,56,72,54,84,41,65,60,85,57,63,76,94,49,86,56,73,50,79,46,67,49,58,69,58,59,63,49,47,46,58,44,51,58,63,49,50,51,65,35,56,45,50,28,49,27,40,26,35,37,46,31,39,27,35,0,0,0,0,0,0,0,0,0,0]"""
