pc_time_ms,datetime,risk,domain,subject_id,label,trial_id,raw_line
1782313071311,2026-06-24T23:57:51.311,warning,bed_exit,yja,bed_exit_failed,t030,"CSI_DATA,334263,1a:00:00:00:00:00,-65,11,-99,15,50,11,-1290819229,47,2,256,0,""[0,0,0,0,0,0,0,0,0,0,0,0,-14,-14,-16,-14,-14,-16,-19,-22,-14,-22,-16,-31,-11,-28,-14,-28,-14,-31,-5,-33,-8,-39,-8,-39,-2,-39,2,-39,-2,-42,2,-45,0,-50,2,-53,14,-56,11,-62,2,-59,19,-53,8,-53,14,-62,19,-53,16,-59,14,-53,14,-53,31,-59,25,-59,16,-67,22,-64,28,-73,28,-67,25,-67,22,-59,16,-73,16,-76,16,-73,22,-70,19,-67,22,-81,16,-84,19,-87,31,-95,33,-104,22,-93,22,-90,36,-87,28,-104,25,-115,19,-93,19,-98,31,-124,31,-118,36,-109,39,-118,0,0,0,0,0,0,-109,-39,-109,-39,-129,-42,-115,-39,-104,-39,-115,-39,-121,-50,-112,-45,-109,-39,-109,-50,-112,-45,-107,-36,-87,-39,-101,-42,-107,-36,-101,-28,-104,-25,-93,-25,-90,-22,-104,-36,-93,-22,-98,-22,-101,-28,-101,-33,-95,-16,-81,-25,-90,-19,-107,-16,-93,-16,-93,-19,-81,-16,-78,-16,-93,-33,-87,-28,-90,-19,-90,-33,-93,-42,-84,-39,-78,-36,-67,-33,-76,-31,-81,-33,-70,-36,-56,-36,-56,-31,-56,-39,-47,-42,-56,-36,-45,-47,-45,-45,-36,-39,-33,-42,-19,-39,-25,-42,-22,-36,-16,-33,-11,-36,0,0,0,0,0,0,0,0,0,0]"""
1782313071315,2026-06-24T23:57:51.315,warning,bed_exit,yja,bed_exit_failed,t030,"CSI_DATA,334264,1a:00:00:00:00:00,-65,11,-99,16,50,11,-1290816161,47,2,256,0,""[0,0,0,0,0,0,0,0,0,0,0,0,24,-8,24,-5,32,0,30,0,32,-2,24,2,30,0,35,5,32,10,41,13,35,21,30,21,38,21,38,24,35,24,46,35,38,30,43,38,30,38,46,30,52,32,41,41,43,49,35,49,38,43,32,49,30,52,27,35,43,65,35,46,35,57,32,46,49,52,43,57,46,54,43,52,43,73,35,65,41,71,54,73,52,52,52,76,38,60,68,65,35,49,73,68,60,71,73,60,79,73,71,84,62,87,49,90,57,79,79,104,62,101,57,76,82,101,0,0,0,0,0,0,84,-65,125,-79,84,-52,93,-60,123,-73,82,-49,125,-62,82,-54,123,-57,93,-46,90,-54,95,-62,84,-54,112,-68,98,-43,90,-35,101,-49,95,-46,68,-43,106,-60,65,-41,93,-54,68,-46,73,-54,82,-62,76,-65,90,-57,90,-41,82,-46,87,-46,84,-43,60,-41,98,-52,71,-35,79,-46,65,-30,76,-54,79,-43,71,-46,73,-35,84,-30,73,-10,76,-16,84,-16,60,-16,76,-8,54,0,68,-8,43,-2,62,-8,52,0,52,-5,49,2,46,10,43,13,38,19,35,16,0,0,0,0,0,0,0,0,0,0]"""
1782313071319,2026-06-24T23:57:51.319,warning,bed_exit,yja,bed_exit_failed,t030,"CSI_DATA,334265,1a:00:00:00:00:00,-65,11,-99,14,50,11,-1290805351,47,2,256,0,""[0,0,0,0,0,0,0,0,0,0,0,0,8,-20,8,-20,20,-20,17,-17,20,-20,20,-20,23,-17,31,-26,26,-17,40,-23,37,-14,34,-11,40,-11,40,-14,37,-11,55,-14,40,-11,52,-20,55,-8,46,2,66,2,58,-2,63,-5,60,-2,60,2,60,0,58,2,52,-5,72,5,63,0,69,-2,60,5,75,-8,69,0,69,0,69,-5,78,-5,72,0,84,5,84,-2,75,-8,89,-2,75,-2,98,-20,75,-8,101,-20,95,-5,95,-20,107,-8,116,-5,107,-2,104,0,95,-14,127,-14,118,-5,107,-5,118,-14,0,0,0,0,0,0,-17,-116,-17,-136,-2,-107,-26,-121,-11,-147,-14,-98,-8,-145,-8,-107,-5,-133,2,-107,-8,-113,-8,-113,-5,-98,-5,-121,-8,-110,-5,-98,-2,-107,-8,-107,-17,-84,-20,-107,-17,-84,-23,-104,-14,-87,-20,-92,-23,-107,-17,-84,-23,-104,-23,-98,-11,-92,-11,-98,-23,-92,-29,-69,-11,-110,-17,-87,-31,-89,-8,-78,-23,-95,-5,-87,-14,-89,-11,-81,0,-87,0,-78,17,-75,11,-78,0,-60,14,-75,5,-52,5,-66,8,-49,5,-58,20,-46,11,-52,17,-43,20,-49,26,-37,26,-31,20,-26,0,0,0,0,0,0,0,0,0,0]"""
1782313071323,2026-06-24T23:57:51.323,warning,bed_exit,yja,bed_exit_failed,t030,"CSI_DATA,334266,1a:00:00:00:00:00,-65,11,-99,18,49,11,-1290793911,47,2,256,0,""[0,0,0,0,0,0,0,0,0,0,0,0,5,-14,14,-26,2,-17,14,-29,14,-29,20,-29,17,-26,17,-23,20,-29,20,-20,26,-23,29,-26,26,-34,29,-31,46,-34,26,-20,40,-34,37,-23,46,-34,52,-29,52,-29,46,-40,43,-20,52,-31,55,-31,49,-29,58,-26,72,-29,40,-31,60,-40,52,-26,66,-49,55,-37,52,-43,58,-46,58,-46,46,-37,58,-40,49,-58,58,-52,75,-60,40,-46,63,-72,60,-52,75,-78,60,-58,60,-75,69,-72,55,-84,55,-72,63,-84,58,-92,84,-104,58,-81,55,-98,72,-116,60,-89,0,0,0,0,0,0,-110,-89,-81,-63,-116,-89,-89,-72,-75,-58,-107,-92,-75,-49,-116,-81,-78,-60,-107,-75,-95,-58,-84,-63,-104,-49,-81,-46,-81,-55,-95,-46,-98,-37,-92,-40,-110,-55,-75,-14,-107,-34,-72,-43,-110,-31,-92,-29,-87,-26,-101,-17,-66,-23,-84,-23,-95,-20,-87,-11,-84,-26,-107,-34,-66,0,-107,-11,-72,-23,-113,-17,-78,-23,-84,-14,-84,-23,-81,-23,-66,-20,-72,-23,-81,-8,-69,-17,-81,-37,-52,-14,-72,-29,-43,-31,-66,-31,-43,-26,-46,-29,-37,-31,-40,-29,-29,-26,-29,-29,-31,-26,-29,-31,0,0,0,0,0,0,0,0,0,0]"""
1782313071326,2026-06-24T23:57:51.326,warning,bed_exit,yja,bed_exit_failed,t030,"CSI_DATA,334267,1a:00:00:00:00:00,-65,11,-99,18,49,11,-1290781975,47,2,256,0,""[0,0,0,0,0,0,0,0,0,0,0,0,-2,63,-11,72,-31,14,-37,-110,78,-8,-40,-34,43,52,-55,-26,-31,-23,49,26,2,-46,-37,-23,11,-5,-2,-46,-31,-37,17,-37,0,-66,40,-58,20,-49,40,-40,20,-49,14,-37,8,-58,8,-63,5,-60,5,-60,8,-60,11,-58,14,-63,8,-58,5,-63,11,-66,14,-75,11,-69,5,-66,8,-66,0,-75,-11,-87,-11,-78,-14,-75,-11,-72,-14,-84,-23,-87,-26,-81,-23,-98,-31,-98,-29,-101,-31,-92,-23,-87,-43,-89,-52,-98,-58,-87,-58,-98,-60,-116,-63,-98,-58,-95,-46,-104,0,0,0,0,0,0,-98,63,-95,66,-101,78,-104,69,-89,69,-98,84,-95,75,-89,75,-84,81,-95,84,-89,87,-72,84,-75,72,-63,84,-55,95,-49,92,-46,89,-40,87,-37,84,-49,89,-46,89,-31,92,-43,101,-49,95,-29,89,-29,84,-17,89,-8,107,-5,98,-2,98,-8,92,-8,89,-14,87,-14,87,-5,92,-8,98,-14,98,-11,89,-8,81,-14,78,-2,75,0,87,0,78,2,63,-2,66,-8,66,-8,72,-8,58,-14,63,-17,60,-11,49,-17,49,-11,40,-8,43,-11,46,-5,37,-11,31,0,0,0,0,0,0,0,0,0,0]"""
1782313071330,2026-06-24T23:57:51.330,warning,bed_exit,yja,bed_exit_failed,t030,"CSI_DATA,334269,1a:00:00:00:00:00,-65,11,-99,7,49,11,-1290761319,47,2,256,0,""[0,0,0,0,0,0,0,0,0,0,0,0,31,11,35,7,15,11,11,15,27,3,23,3,31,19,23,19,39,19,27,27,19,35,31,43,31,31,27,39,31,39,27,47,27,47,19,51,11,43,23,35,11,51,31,43,27,63,15,59,19,63,23,55,19,63,23,59,19,67,19,63,15,67,15,55,27,47,31,67,31,51,39,79,27,75,19,79,23,79,27,79,31,79,27,75,35,79,35,79,39,63,55,75,51,79,63,75,59,87,63,87,39,91,43,103,55,107,59,95,47,107,55,91,55,95,0,0,0,0,0,0,111,-55,131,-47,99,-47,107,-51,111,-51,111,-35,111,-43,107,-43,111,-31,99,-39,91,-47,99,-51,95,-63,95,-55,91,-31,91,-47,87,-43,95,-35,91,-47,91,-51,75,-51,95,-51,75,-43,67,-55,75,-59,79,-63,79,-63,71,-31,75,-47,75,-47,87,-43,87,-55,71,-47,63,-43,83,-51,67,-43,63,-43,63,-51,71,-51,75,-47,75,-39,71,-23,67,-27,63,-23,63,-23,71,-15,59,-11,59,-7,51,-11,43,-15,55,-11,39,-7,51,-11,47,7,39,3,43,11,39,7,0,0,0,0,0,0,0,0,0,0]"""
1782313071333,2026-06-24T23:57:51.333,warning,bed_exit,yja,bed_exit_failed,t030,"CSI_DATA,334270,1a:00:00:00:00:00,-65,11,-99,20,49,11,-1290750351,47,2,256,0,""[0,0,0,0,0,0,0,0,0,0,0,0,-10,21,-13,21,-10,21,-10,30,-13,30,-19,21,-24,27,-21,19,-27,30,-24,16,-35,19,-35,21,-35,21,-41,24,-46,24,-38,27,-41,24,-49,24,-49,19,-41,24,-35,8,-52,27,-57,10,-54,16,-60,10,-65,19,-65,13,-71,27,-41,27,-52,27,-68,32,-84,19,-57,13,-62,32,-79,49,-62,27,-71,30,-52,8,-76,38,-73,38,-101,46,-73,54,-68,54,-87,57,-60,32,-93,52,-60,52,-60,43,-76,52,-84,68,-112,68,-84,73,-84,68,-87,95,-90,73,-98,79,-95,62,0,0,0,0,0,0,82,104,68,87,71,98,71,106,62,93,73,104,68,82,82,90,71,82,71,95,71,90,54,93,82,87,54,90,62,82,68,82,68,73,62,65,71,82,76,46,87,57,82,62,76,57,76,57,60,57,84,54,68,65,68,49,71,60,73,54,71,57,76,65,79,32,79,35,84,49,82,49,62,49,71,46,62,52,65,49,60,52,62,46,54,41,54,41,46,52,52,38,49,38,38,49,35,52,32,35,30,46,21,41,30,35,13,35,21,35,19,35,8,35,0,0,0,0,0,0,0,0,0,0]"""
1782313071336,2026-06-24T23:57:51.336,warning,bed_exit,yja,bed_exit_failed,t030,"CSI_DATA,334271,1a:00:00:00:00:00,-65,11,-99,16,50,11,-1290736916,47,2,256,0,""[0,0,0,0,0,0,0,0,0,0,0,0,-24,2,-27,-2,-21,0,-24,-5,-30,-8,-24,-13,-32,-19,-27,-24,-32,-24,-27,-24,-27,-19,-30,-27,-30,-27,-32,-27,-30,-35,-41,-32,-41,-32,-35,-35,-30,-35,-35,-43,-32,-32,-35,-46,-35,-46,-32,-49,-24,-49,-32,-49,-32,-52,-35,-60,-43,-49,-41,-49,-38,-54,-30,-49,-30,-57,-35,-54,-35,-62,-49,-57,-49,-60,-52,-57,-52,-57,-54,-54,-49,-62,-71,-52,-76,-54,-65,-60,-71,-65,-62,-68,-73,-68,-73,-79,-79,-62,-79,-65,-82,-60,-93,-68,-90,-73,-87,-68,-93,-60,-87,-73,-93,-73,0,0,0,0,0,0,-76,98,-79,93,-84,93,-73,93,-79,95,-73,98,-68,93,-65,93,-65,82,-71,84,-68,87,-73,76,-65,93,-71,82,-60,87,-57,84,-60,79,-54,87,-57,87,-30,98,-38,90,-41,84,-38,82,-35,82,-41,79,-38,93,-43,79,-32,82,-41,82,-30,82,-35,87,-41,84,-21,79,-19,84,-35,82,-32,76,-30,73,-30,76,-41,79,-32,71,-38,71,-32,68,-32,60,-32,62,-41,57,-27,62,-27,54,-32,46,-38,49,-35,35,-38,38,-35,35,-32,32,-32,27,-30,24,-32,24,-30,19,0,0,0,0,0,0,0,0,0,0]"""
1782313071340,2026-06-24T23:57:51.340,warning,bed_exit,yja,bed_exit_failed,t030,"CSI_DATA,334272,1a:00:00:00:00:00,-65,11,-99,15,50,11,-1290728071,47,2,256,0,""[0,0,0,0,0,0,0,0,0,0,0,0,0,22,-2,28,2,28,0,28,0,28,-2,19,-8,28,-16,19,-11,42,-16,33,-14,33,-14,39,-19,39,-19,45,-31,47,-19,42,-19,42,-22,45,-28,45,-25,56,-25,42,-33,59,-31,42,-31,53,-39,50,-31,53,-31,50,-42,59,-19,62,-22,64,-22,64,-25,67,-28,62,-31,64,-33,70,-22,73,-19,67,-5,64,-11,78,-11,81,-19,84,14,73,11,78,2,98,2,95,-8,81,0,93,-11,98,11,109,8,115,28,101,31,107,19,109,22,107,50,107,36,115,33,124,0,0,0,0,0,0,129,-47,129,-47,121,-50,115,-36,109,-42,115,-47,104,-53,112,-64,104,-53,101,-45,93,-50,95,-33,93,-64,98,-53,81,-59,87,-62,76,-62,78,-67,84,-73,50,-76,50,-81,64,-78,59,-73,56,-76,64,-73,59,-90,53,-76,39,-81,47,-81,45,-78,39,-81,53,-78,19,-81,22,-84,31,-84,33,-87,42,-73,33,-78,45,-73,28,-73,39,-67,14,-73,25,-70,22,-67,33,-62,14,-67,16,-64,28,-56,28,-50,28,-33,28,-39,33,-33,28,-39,31,-33,22,-33,25,-31,25,-25,0,0,0,0,0,0,0,0,0,0]"""
1782313071343,2026-06-24T23:57:51.343,warning,bed_exit,yja,bed_exit_failed,t030,"CSI_DATA,334273,1a:00:00:00:00:00,-65,11,-99,20,49,11,-1290717063,47,2,256,0,""[0,0,0,0,0,0,0,0,0,0,0,0,13,8,16,19,21,13,21,19,21,27,21,27,10,30,13,27,19,35,13,32,16,32,8,43,16,41,8,46,13,57,13,35,10,46,8,54,8,57,0,62,-8,52,16,62,-8,52,2,62,0,65,-5,57,-5,60,-10,71,8,62,2,68,-5,62,0,79,0,68,8,68,0,68,2,65,-2,62,10,71,8,79,5,73,0,84,19,71,24,84,10,98,13,106,5,84,24,93,2,101,30,101,19,109,32,109,21,104,21,106,16,109,41,115,30,120,24,117,0,0,0,0,0,0,128,-30,106,-19,142,-19,120,-21,106,-10,120,-19,95,-16,131,-30,112,-19,123,-10,115,-27,98,-8,112,-27,95,-16,101,-16,106,-16,101,-24,95,-16,106,-27,73,-38,93,-38,87,-32,98,-41,98,-35,82,-35,93,-46,82,-21,82,-32,90,-35,82,-30,79,-21,98,-24,68,-41,79,-52,84,-38,95,-46,79,-21,76,-35,84,-21,73,-21,68,-19,68,-21,68,-21,60,-13,68,-8,52,-21,60,-19,60,-2,68,-5,43,2,52,-2,46,13,49,-2,43,10,41,8,35,10,32,10,0,0,0,0,0,0,0,0,0,0]"""
1782313071346,2026-06-24T23:57:51.346,warning,bed_exit,yja,bed_exit_failed,t030,"CSI_DATA,334274,1a:00:00:00:00:00,-65,11,-99,17,50,11,-1290705700,47,2,256,0,""[0,0,0,0,0,0,0,0,0,0,0,0,21,-5,23,-2,23,-2,29,0,23,5,37,10,29,13,26,13,29,10,26,13,39,18,39,15,29,23,31,26,39,39,23,26,39,39,23,34,42,58,29,63,34,55,21,53,18,39,26,55,31,53,26,50,21,47,21,61,18,55,26,63,13,50,26,90,13,77,18,74,18,79,15,61,18,61,31,66,29,74,15,61,21,87,21,53,31,87,18,74,37,117,18,90,31,90,15,93,21,90,26,93,34,114,29,93,26,114,23,98,26,119,29,143,10,117,0,0,0,0,0,0,133,-13,93,0,159,-2,117,2,74,-2,138,7,90,10,146,10,90,7,141,15,122,18,98,13,95,15,85,18,109,5,103,0,103,10,98,10,109,18,71,2,111,10,74,5,125,13,98,15,87,10,85,18,69,10,98,2,93,5,87,5,77,10,98,21,63,13,95,18,69,18,114,31,82,37,82,26,74,37,63,31,55,26,71,26,69,34,50,26,61,45,37,18,61,42,37,37,55,55,29,39,31,37,18,39,18,34,21,29,21,37,18,29,13,31,0,0,0,0,0,0,0,0,0,0]"""
1782313071350,2026-06-24T23:57:51.350,warning,bed_exit,yja,bed_exit_failed,t030,"CSI_DATA,334275,1a:00:00:00:00:00,-65,11,-99,15,50,11,-1290695345,47,2,256,0,""[0,0,0,0,0,0,0,0,0,0,0,0,-8,28,-8,25,-14,28,-11,28,-19,28,-16,22,-19,16,-19,22,-25,25,-36,25,-28,19,-36,19,-39,16,-47,19,-47,16,-53,16,-42,16,-50,19,-45,8,-56,2,-67,5,-59,16,-67,8,-53,-5,-64,-5,-56,-2,-62,-5,-59,-2,-78,-2,-62,2,-64,0,-53,-8,-67,5,-73,-8,-70,-2,-78,2,-78,-11,-67,-11,-84,-16,-90,-14,-84,-8,-87,-8,-78,-8,-87,2,-64,-5,-90,0,-81,0,-98,0,-118,-8,-115,-19,-90,-19,-109,-28,-107,-14,-112,-14,-115,-31,-104,-31,-124,-22,0,0,0,0,0,0,-42,124,-45,135,-33,93,-31,112,-53,135,-39,95,-45,118,-45,107,-47,109,-36,87,-36,90,-50,95,-39,104,-50,107,-47,78,-53,87,-50,90,-53,98,-45,87,-36,98,-25,81,-33,95,-33,70,-33,78,-39,84,-36,95,-45,95,-45,76,-56,78,-42,78,-47,87,-39,78,-50,87,-39,70,-36,81,-36,50,-39,67,-47,67,-42,67,-45,73,-59,62,-50,42,-62,45,-59,50,-56,45,-56,42,-47,33,-50,39,-42,22,-42,22,-45,19,-42,19,-45,16,-47,8,-31,-2,-42,-2,-36,-2,0,0,0,0,0,0,0,0,0,0]"""
1782313071353,2026-06-24T23:57:51.353,warning,bed_exit,yja,bed_exit_failed,t030,"CSI_DATA,334276,1a:00:00:00:00:00,-65,11,-99,16,50,11,-1290677518,47,2,256,0,""[0,0,0,0,0,0,0,0,0,0,0,0,-8,24,-10,21,-16,19,-19,21,-19,19,-21,21,-30,13,-35,13,-30,10,-35,19,-38,16,-35,19,-41,21,-43,13,-41,10,-52,2,-54,5,-52,5,-57,2,-60,8,-49,8,-52,-10,-52,-5,-65,2,-60,2,-60,-2,-60,-5,-60,-10,-57,-5,-65,-5,-65,-19,-73,-10,-68,-16,-68,-13,-68,-8,-62,-16,-71,-8,-82,-2,-82,2,-76,-2,-79,2,-82,-8,-82,-5,-84,0,-101,-8,-106,-13,-95,-13,-101,-10,-90,-5,-95,0,-115,8,-101,-2,-101,-10,-117,-13,-117,5,-104,-10,-115,-16,0,0,0,0,0,0,-16,115,-19,106,-19,125,-35,112,-19,104,-27,117,-21,115,-30,117,-16,106,-32,120,-32,115,-27,106,-32,90,-19,101,-10,109,-10,101,-8,104,-2,93,-13,90,-19,93,-19,95,-8,90,-8,106,-21,95,-10,95,-16,82,-13,84,2,98,0,90,-2,93,-5,82,-10,82,-16,82,-10,90,-13,82,-19,90,-30,95,-19,76,-24,73,-27,65,-24,65,-19,79,-21,73,-21,60,-21,60,-32,46,-32,49,-24,49,-35,49,-38,43,-27,30,-38,30,-32,19,-30,30,-32,27,-27,19,-24,19,0,0,0,0,0,0,0,0,0,0]"""
1782313071357,2026-06-24T23:57:51.357,warning,bed_exit,yja,bed_exit_failed,t030,"CSI_DATA,334277,1a:00:00:00:00:00,-65,11,-99,15,50,11,-1290673041,47,2,256,0,""[0,0,0,0,0,0,0,0,0,0,0,0,-8,16,-19,19,-22,14,-25,19,-28,16,-25,14,-28,14,-28,8,-36,14,-36,5,-39,2,-42,2,-45,0,-45,0,-53,-8,-45,-2,-47,-2,-47,-14,-53,-16,-62,-19,-56,-16,-62,-28,-45,-28,-47,-31,-53,-36,-47,-39,-50,-39,-53,-45,-53,-31,-53,-33,-53,-45,-59,-42,-53,-50,-50,-47,-47,-53,-50,-50,-50,-47,-59,-45,-56,-53,-50,-53,-53,-62,-70,-42,-67,-50,-67,-73,-67,-73,-56,-62,-67,-64,-56,-78,-64,-84,-67,-90,-76,-87,-67,-87,-64,-87,-59,-87,-64,-95,-62,-104,-62,-112,0,0,0,0,0,0,-126,47,-124,47,-121,36,-112,39,-107,28,-112,28,-104,28,-121,28,-118,28,-107,14,-109,14,-104,0,-112,16,-104,0,-101,2,-101,2,-107,8,-101,5,-107,2,-87,14,-87,16,-95,5,-95,5,-95,-2,-87,-5,-104,2,-87,-14,-93,-5,-90,-5,-87,-8,-81,-11,-93,-16,-84,-2,-90,-5,-87,-14,-90,-19,-81,-31,-76,-25,-73,-39,-67,-31,-64,-36,-62,-33,-56,-39,-53,-36,-47,-47,-53,-31,-50,-33,-42,-45,-36,-42,-25,-36,-25,-39,-16,-42,-16,-42,-11,-39,-11,-36,-8,-33,-5,-33,0,0,0,0,0,0,0,0,0,0]"""
1782313071360,2026-06-24T23:57:51.360,warning,bed_exit,yja,bed_exit_failed,t030,"CSI_DATA,334278,1a:00:00:00:00:00,-65,11,-99,17,50,11,-1290662006,47,2,256,0,""[0,0,0,0,0,0,0,0,0,0,0,0,-13,-18,-10,-26,-13,-21,-10,-23,-5,-21,-10,-26,-7,-29,-5,-37,-13,-37,2,-34,2,-42,-2,-39,2,-39,5,-50,5,-47,-2,-47,-2,-47,7,-53,5,-50,5,-39,21,-39,-2,-61,15,-55,15,-58,13,-55,10,-61,10,-61,13,-71,2,-63,7,-61,5,-63,5,-63,5,-66,7,-63,5,-74,-7,-74,0,-74,2,-71,-2,-74,2,-79,5,-79,-23,-79,-21,-90,-13,-85,-15,-87,-13,-82,-23,-90,-23,-95,-29,-95,-18,-101,-23,-98,-31,-106,-31,-111,-37,-103,-34,-106,-34,-109,-34,-111,0,0,0,0,0,0,-117,39,-114,34,-111,29,-111,39,-114,42,-117,39,-103,34,-103,37,-101,29,-103,47,-98,42,-106,39,-101,61,-95,42,-95,37,-93,45,-82,39,-85,42,-95,45,-71,61,-77,63,-85,55,-71,55,-66,55,-71,47,-69,74,-69,55,-69,58,-74,61,-63,58,-63,61,-71,61,-55,69,-61,66,-58,61,-58,58,-53,58,-55,58,-61,58,-58,61,-58,47,-55,47,-55,42,-58,39,-55,37,-45,42,-47,42,-47,29,-50,29,-42,23,-45,21,-42,18,-42,23,-39,13,-37,7,-37,7,-31,2,0,0,0,0,0,0,0,0,0,0]"""
1782313071364,2026-06-24T23:57:51.364,warning,bed_exit,yja,bed_exit_failed,t030,"CSI_DATA,334279,1a:00:00:00:00:00,-65,11,-99,17,50,11,-1290650791,47,2,256,0,""[0,0,0,0,0,0,0,0,0,0,0,0,10,-23,10,-18,18,-23,13,-21,23,-26,23,-18,23,-15,21,-21,26,-18,34,-29,37,-13,37,-13,42,-10,42,-15,39,-13,50,-10,45,-7,50,-7,53,0,53,5,66,-2,45,-2,61,0,63,-2,58,5,58,2,63,7,47,-5,74,15,66,5,63,10,61,5,79,0,77,5,71,5,63,5,74,5,77,10,82,13,82,0,74,-2,90,15,82,15,87,-7,74,7,103,-5,87,5,98,-7,98,7,106,13,106,15,101,23,93,7,127,7,119,23,103,13,125,15,0,0,0,0,0,0,21,-117,26,-130,23,-119,10,-117,26,-125,15,-98,39,-130,26,-109,29,-122,34,-103,26,-109,29,-111,31,-87,23,-114,29,-101,26,-90,34,-101,23,-95,13,-87,26,-106,23,-85,21,-98,23,-87,18,-95,21,-103,21,-82,18,-98,15,-95,26,-85,26,-90,23,-87,7,-71,37,-98,26,-82,21,-85,34,-74,23,-93,29,-74,26,-74,31,-58,39,-69,42,-69,45,-55,39,-55,31,-53,47,-47,39,-37,37,-42,37,-29,42,-42,39,-29,34,-29,37,-15,37,-23,39,-10,31,-5,31,-7,0,0,0,0,0,0,0,0,0,0]"""
1782313071367,2026-06-24T23:57:51.367,warning,bed_exit,yja,bed_exit_failed,t030,"CSI_DATA,334280,1a:00:00:00:00:00,-65,11,-99,16,50,11,-1290640351,47,2,256,0,""[0,0,0,0,0,0,0,0,0,0,0,0,13,-13,24,-13,16,-10,27,-16,19,-13,38,-13,35,-5,30,-2,35,-2,27,-2,43,0,41,2,38,5,43,8,46,5,43,10,54,5,43,5,57,19,52,21,41,21,46,16,49,21,54,27,52,30,52,32,60,27,60,30,49,27,60,30,57,24,65,35,60,35,54,32,57,38,62,35,60,30,76,30,65,30,57,30,73,35,68,21,87,27,79,27,109,43,84,41,90,35,90,43,79,38,82,46,112,41,93,35,106,38,95,52,104,41,109,52,98,49,0,0,0,0,0,0,62,-106,41,-90,71,-120,60,-104,49,-79,62,-117,49,-82,54,-109,38,-82,73,-112,68,-104,62,-87,60,-84,54,-73,54,-98,52,-87,54,-84,43,-79,52,-90,41,-71,46,-90,35,-79,49,-98,54,-87,41,-76,46,-71,38,-68,41,-87,41,-82,41,-82,38,-68,41,-84,30,-65,41,-79,32,-73,54,-82,54,-71,41,-62,54,-60,46,-52,46,-52,43,-62,46,-43,41,-43,49,-43,38,-41,49,-46,41,-32,62,-32,46,-21,46,-21,43,-10,35,-13,32,-5,35,-10,38,-5,32,-5,0,0,0,0,0,0,0,0,0,0]"""
1782313071371,2026-06-24T23:57:51.371,warning,bed_exit,yja,bed_exit_failed,t030,"CSI_DATA,334281,1a:00:00:00:00:00,-65,11,-99,17,49,11,-1290628852,47,2,256,0,""[0,0,0,0,0,0,0,0,0,0,0,0,-83,44,32,53,14,-53,65,-14,38,71,-20,35,-38,-92,-2,-95,-47,-14,20,-20,-74,11,8,-8,-11,-8,-23,-65,-32,-17,-26,-35,-17,-56,-14,-35,-35,-53,-41,-65,-26,-65,-32,-41,-17,-35,-38,-56,-38,-47,-35,-47,-32,-50,-41,-62,-26,-35,-38,-59,-35,-44,-44,-77,-35,-65,-35,-62,-32,-65,-41,-56,-41,-50,-56,-56,-53,-56,-44,-53,-59,-65,-56,-35,-74,-56,-62,-59,-92,-77,-62,-68,-71,-59,-65,-74,-65,-56,-68,-65,-101,-68,-86,-59,-92,-62,-77,-62,-95,-71,-101,-89,-80,-74,0,0,0,0,0,0,-77,95,-65,71,-95,119,-71,92,-53,62,-83,107,-56,74,-80,107,-56,77,-86,110,-74,89,-68,74,-56,80,-56,62,-56,98,-47,92,-53,86,-50,77,-59,89,-29,71,-38,98,-32,68,-56,110,-50,89,-41,77,-41,80,-26,65,-32,95,-29,86,-29,80,-26,71,-38,83,-20,68,-29,86,-23,71,-44,104,-50,77,-38,77,-47,68,-35,53,-26,56,-26,74,-32,62,-32,50,-38,53,-23,47,-32,59,-35,41,-53,53,-35,35,-32,32,-41,20,-26,23,-29,20,-32,29,-29,23,-26,14,0,0,0,0,0,0,0,0,0,0]"""
1782313071374,2026-06-24T23:57:51.374,warning,bed_exit,yja,bed_exit_failed,t030,"CSI_DATA,334282,1a:00:00:00:00:00,-65,11,-99,15,50,11,-1290616026,47,2,256,0,""[0,0,0,0,0,0,0,0,0,0,0,0,2,25,0,25,0,25,-11,28,-8,31,-2,25,-2,33,-11,31,-14,36,-14,33,-19,33,-19,33,-22,36,-31,33,-33,36,-31,42,-28,36,-39,31,-39,36,-31,42,-36,36,-47,47,-39,39,-53,28,-56,31,-47,42,-53,36,-56,36,-62,45,-47,39,-59,33,-45,42,-50,50,-53,50,-53,47,-47,62,-53,53,-64,47,-50,62,-67,53,-62,50,-62,62,-59,53,-76,56,-56,64,-56,70,-47,78,-50,84,-64,93,-70,84,-76,76,-67,84,-81,87,-67,93,-93,78,-76,95,-81,90,0,0,0,0,0,0,81,101,87,109,76,87,78,95,93,95,59,93,78,95,73,90,70,98,76,73,73,70,76,73,93,70,87,81,64,84,78,70,81,76,67,81,70,76,78,62,70,59,70,70,67,56,73,50,76,50,87,53,76,45,67,62,76,56,76,47,70,56,67,50,73,53,67,56,62,59,67,42,64,50,70,50,67,45,64,50,56,50,45,56,50,50,39,62,33,62,39,50,25,45,22,53,25,39,22,39,25,39,22,39,16,45,14,28,2,36,2,33,2,31,0,0,0,0,0,0,0,0,0,0]"""
1782313071377,2026-06-24T23:57:51.377,warning,bed_exit,yja,bed_exit_failed,t030,"CSI_DATA,334284,1a:00:00:00:00:00,-65,11,-99,19,49,11,-1290594885,47,2,256,0,""[0,0,0,0,0,0,0,0,0,0,0,0,-19,-14,-14,-11,-19,-25,-22,-25,-22,-31,-11,-19,-19,-16,-28,-28,-22,-31,-33,-39,-16,-36,-16,-36,-19,-36,-16,-47,-16,-45,-16,-59,-14,-45,-2,-53,-5,-53,-16,-42,-22,-50,-14,-62,-16,-64,-5,-59,-8,-62,-8,-62,-5,-67,-16,-59,-5,-81,-2,-70,-5,-70,-11,-53,-25,-59,-22,-64,-33,-67,-28,-76,-28,-76,-8,-73,-25,-81,-25,-95,-33,-78,-19,-90,-8,-87,-33,-84,-28,-53,-50,-81,-33,-78,-64,-70,-59,-107,-62,-90,-31,-87,-42,-107,-45,-101,-56,-95,-39,-112,-56,-93,-64,-104,0,0,0,0,0,0,-112,62,-132,59,-87,47,-107,50,-129,64,-93,36,-124,56,-93,56,-118,53,-81,39,-73,56,-84,76,-90,67,-93,87,-84,45,-81,62,-84,62,-93,56,-76,62,-95,64,-76,56,-81,59,-62,53,-59,62,-59,78,-62,78,-64,81,-62,53,-67,73,-59,70,-70,67,-50,62,-78,64,-64,59,-64,59,-42,45,-47,64,-56,64,-47,70,-59,62,-53,56,-56,36,-59,45,-64,50,-53,42,-56,31,-50,16,-50,31,-33,19,-45,28,-33,19,-39,31,-42,19,-39,14,-28,0,-33,2,-33,0,0,0,0,0,0,0,0,0,0,0]"""
1782313071381,2026-06-24T23:57:51.381,warning,bed_exit,yja,bed_exit_failed,t030,"CSI_DATA,334285,1a:00:00:00:00:00,-65,11,-99,16,50,11,-1290585351,47,2,256,0,""[0,0,0,0,0,0,0,0,0,0,0,0,-13,13,-21,21,-13,13,-27,21,-19,8,-38,16,-35,13,-32,8,-32,8,-32,0,-38,5,-41,-2,-46,-10,-38,-10,-57,-10,-27,-2,-52,-10,-41,-13,-68,-27,-54,-38,-49,-35,-52,-32,-32,-30,-54,-43,-46,-43,-38,-46,-35,-41,-46,-54,-38,-32,-54,-54,-43,-41,-62,-76,-43,-62,-52,-54,-43,-62,-38,-54,-30,-52,-49,-62,-46,-62,-35,-60,-43,-71,-49,-46,-68,-71,-41,-71,-62,-109,-32,-73,-54,-87,-35,-90,-49,-79,-35,-87,-49,-106,-46,-93,-43,-112,-30,-93,-49,-106,-41,-136,-30,-109,0,0,0,0,0,0,-134,21,-93,13,-153,19,-115,16,-76,-5,-139,5,-84,10,-139,5,-98,0,-142,-13,-117,-13,-90,-16,-106,-8,-82,-21,-109,-21,-104,-21,-104,-27,-87,-21,-115,-30,-71,-8,-106,-10,-79,-16,-123,-30,-104,-19,-76,-19,-90,-27,-65,-27,-90,-32,-82,-30,-82,-38,-71,-38,-90,-43,-65,-19,-93,-32,-62,-32,-101,-57,-71,-52,-71,-46,-65,-57,-52,-49,-43,-38,-57,-52,-41,-52,-35,-43,-41,-57,-32,-35,-38,-52,-24,-49,-24,-65,-8,-46,-16,-46,0,-43,-5,-35,-8,-32,0,-43,5,-32,8,-32,0,0,0,0,0,0,0,0,0,0]"""
1782313071385,2026-06-24T23:57:51.385,warning,bed_exit,yja,bed_exit_failed,t030,"CSI_DATA,334286,1a:00:00:00:00:00,-65,11,-99,16,50,11,-1290572281,47,2,256,0,""[0,0,0,0,0,0,0,0,0,0,0,0,19,24,13,16,16,30,8,24,10,30,5,30,8,21,10,38,5,41,-2,43,-5,41,-8,38,-16,41,-13,43,-10,41,-24,57,-21,49,-30,52,-32,38,-13,41,-30,43,-38,46,-52,52,-49,43,-54,35,-52,41,-54,41,-38,38,-73,41,-60,32,-54,38,-52,16,-60,38,-62,27,-60,38,-65,41,-82,32,-76,27,-84,21,-87,27,-73,38,-93,27,-82,19,-82,46,-68,27,-95,46,-87,19,-98,52,-104,30,-104,24,-95,2,-104,2,-104,16,-128,13,-117,-5,-106,0,-120,10,0,0,0,0,0,0,-19,115,-21,139,-24,106,-13,125,-30,136,-21,101,-43,131,-35,98,-43,115,-38,95,-35,95,-38,115,-43,98,-43,112,-49,93,-52,87,-54,82,-57,84,-43,76,-60,101,-43,84,-52,93,-46,65,-38,76,-54,87,-49,68,-54,90,-52,71,-62,65,-57,65,-68,60,-46,60,-73,65,-62,49,-65,60,-57,38,-60,60,-68,38,-68,49,-62,41,-76,30,-71,19,-76,8,-71,16,-60,13,-71,0,-62,0,-54,5,-43,-2,-57,5,-43,-8,-46,-5,-41,-8,-38,-21,-27,-24,-24,-21,-24,-21,0,0,0,0,0,0,0,0,0,0]"""
1782313071388,2026-06-24T23:57:51.388,warning,bed_exit,yja,bed_exit_failed,t030,"CSI_DATA,334287,1a:00:00:00:00:00,-65,11,-99,19,49,11,-1290562194,47,2,256,0,""[0,0,0,0,0,0,0,0,0,0,0,0,-11,-28,-8,-25,-5,-33,-8,-22,0,-36,-5,-28,-2,-31,-2,-42,0,-42,0,-45,8,-39,5,-45,5,-45,14,-47,19,-39,25,-59,25,-47,33,-53,16,-42,16,-62,16,-62,31,-53,25,-64,31,-45,28,-56,31,-62,42,-56,36,-50,53,-59,39,-50,50,-59,28,-50,33,-56,33,-59,28,-70,33,-76,39,-78,45,-64,36,-73,42,-78,42,-73,56,-81,53,-70,53,-70,22,-70,31,-95,36,-87,25,-104,45,-104,33,-107,47,-90,53,-104,50,-98,50,-121,62,-98,47,-95,53,-115,0,0,0,0,0,0,-104,-70,-109,-84,-81,-56,-95,-76,-124,-81,-78,-73,-101,-84,-78,-64,-95,-84,-87,-50,-90,-56,-101,-53,-101,-50,-109,-50,-81,-62,-98,-39,-93,-42,-93,-50,-78,-47,-101,-47,-81,-47,-87,-56,-70,-28,-78,-31,-90,-36,-93,-28,-104,-33,-84,-42,-87,-39,-87,-31,-90,-39,-78,-28,-87,-53,-67,-50,-73,-45,-59,-25,-73,-31,-67,-31,-73,-25,-76,-39,-70,-33,-53,-45,-62,-36,-56,-47,-53,-39,-45,-50,-36,-39,-31,-45,-28,-28,-33,-39,-25,-39,-31,-28,-25,-39,-22,-31,-11,-31,-16,-31,-8,-31,0,0,0,0,0,0,0,0,0,0]"""
1782313071392,2026-06-24T23:57:51.392,warning,bed_exit,yja,bed_exit_failed,t030,"CSI_DATA,334288,1a:00:00:00:00:00,-65,11,-99,19,49,11,-1290545261,47,2,256,0,""[0,0,0,0,0,0,0,0,0,0,0,0,22,11,25,11,31,16,22,14,28,22,22,19,31,16,31,25,22,25,33,39,25,33,22,36,19,42,25,45,22,31,19,59,22,42,19,59,16,50,36,53,28,62,22,59,16,62,5,62,11,62,8,73,5,67,-5,59,28,78,8,70,-14,84,-2,62,19,84,-5,81,25,81,42,90,-11,95,11,70,31,121,50,95,5,81,33,109,-2,81,16,95,-11,42,28,93,45,73,47,76,16,81,73,98,36,115,0,87,16,118,53,129,45,126,36,78,39,124,0,0,0,0,0,0,107,-39,146,-39,104,-19,115,-33,149,-33,101,-16,146,-31,95,-22,129,-25,101,-22,107,-36,115,-36,101,-25,121,-36,107,-16,95,-16,104,-33,101,-28,76,-28,112,-28,78,-22,98,-28,70,-25,87,-42,95,-47,78,-39,98,-45,90,-33,84,-31,90,-33,90,-31,62,-31,101,-33,70,-22,84,-28,67,-22,78,-42,84,-31,73,-33,76,-25,84,-11,78,-2,76,-5,73,-5,59,-14,67,2,47,5,62,-2,39,2,64,0,50,5,47,0,39,11,39,11,33,16,28,22,25,19,0,0,0,0,0,0,0,0,0,0]"""
1782313071395,2026-06-24T23:57:51.395,warning,bed_exit,yja,bed_exit_failed,t030,"CSI_DATA,334289,1a:00:00:00:00:00,-65,11,-99,19,49,11,-1290540566,47,2,256,0,""[0,0,0,0,0,0,0,0,0,0,0,0,-5,25,-11,25,-14,28,-16,31,-14,25,-19,31,-16,31,-25,25,-25,31,-33,28,-31,28,-36,28,-36,28,-39,28,-50,33,-36,33,-42,36,-47,28,-53,36,-53,28,-59,16,-56,39,-56,22,-62,25,-59,28,-56,28,-62,31,-67,31,-59,42,-64,39,-64,33,-62,36,-64,39,-67,39,-73,33,-64,39,-64,39,-59,42,-64,47,-67,53,-76,56,-59,64,-62,67,-73,67,-70,70,-64,56,-73,67,-81,67,-73,78,-78,76,-67,84,-70,90,-76,98,-76,90,-76,109,-78,101,-78,98,0,0,0,0,0,0,98,87,104,81,95,87,98,76,87,73,93,81,98,70,107,73,87,73,84,73,93,67,78,76,93,67,90,67,84,62,84,53,87,50,90,50,90,59,93,28,90,28,87,42,84,39,90,36,87,42,98,31,84,36,93,31,90,36,78,25,81,28,87,33,87,16,87,16,78,31,87,25,76,31,76,33,78,39,78,28,70,33,70,28,70,31,64,25,62,36,59,19,53,19,50,33,45,28,39,28,39,36,31,33,36,28,25,36,28,25,25,28,19,31,0,0,0,0,0,0,0,0,0,0]"""
1782313071398,2026-06-24T23:57:51.398,warning,bed_exit,yja,bed_exit_failed,t030,"CSI_DATA,334290,1a:00:00:00:00:00,-65,11,-99,18,49,11,-1290530352,47,2,256,0,""[0,0,0,0,0,0,0,0,0,0,0,0,-23,-17,-17,-17,-20,-29,-11,-17,-20,-34,-5,-26,-17,-29,-23,-37,-14,-34,-20,-40,-5,-37,-11,-43,-5,-46,0,-52,-2,-43,5,-66,5,-52,17,-63,17,-43,5,-40,11,-55,8,-63,11,-78,26,-55,26,-63,26,-60,34,-66,23,-60,46,-72,37,-58,46,-63,26,-37,23,-58,31,-58,26,-72,40,-75,43,-78,49,-58,46,-72,58,-78,46,-78,63,-75,63,-69,46,-75,34,-55,49,-92,49,-81,34,-104,66,-98,52,-101,60,-60,78,-87,72,-84,75,-95,89,-75,72,-84,89,-89,0,0,0,0,0,0,-75,-92,-84,-116,-55,-75,-69,-101,-84,-121,-52,-92,-63,-121,-52,-87,-55,-116,-49,-84,-55,-84,-72,-92,-66,-98,-72,-98,-43,-87,-55,-89,-55,-87,-40,-98,-46,-81,-49,-110,-43,-84,-43,-101,-34,-66,-46,-69,-55,-81,-52,-84,-60,-89,-26,-75,-40,-78,-43,-87,-34,-89,-37,-84,-23,-101,-14,-75,-17,-89,-17,-55,-26,-72,-20,-72,-31,-75,-17,-84,-8,-81,11,-66,0,-72,8,-78,5,-63,23,-66,20,-52,14,-52,8,-34,14,-49,23,-43,11,-46,23,-40,23,-34,20,-26,26,-29,26,-14,0,0,0,0,0,0,0,0,0,0]"""
1782313071402,2026-06-24T23:57:51.402,warning,bed_exit,yja,bed_exit_failed,t030,"CSI_DATA,334291,1a:00:00:00:00:00,-65,11,-99,14,50,11,-1290513634,47,2,256,0,""[0,0,0,0,0,0,0,0,0,0,0,0,17,-14,23,-8,31,-14,23,-11,37,-14,29,-14,31,-17,31,-14,37,-17,43,-17,43,-2,40,-5,49,-11,52,2,55,2,58,-5,46,0,63,8,55,2,49,-8,52,-5,75,-5,72,2,58,20,72,2,66,0,75,14,58,26,63,5,72,-2,49,23,75,5,87,-2,46,-29,81,-23,92,-29,72,-34,84,17,116,-2,87,5,104,-31,104,17,87,2,110,-29,58,-58,84,-40,46,-26,110,-69,116,-60,92,-60,101,-11,136,-46,130,-31,124,-40,101,-29,104,-49,116,-40,0,0,0,0,0,0,-37,-121,-26,-147,-31,-104,-29,-121,-43,-127,-20,-113,-29,-130,-26,-110,-20,-127,-37,-89,-46,-89,-46,-92,-63,-104,-58,-107,-26,-98,-43,-87,-52,-95,-37,-101,-46,-92,-49,-89,-46,-72,-40,-89,-49,-63,-58,-66,-58,-66,-75,-72,-69,-69,-40,-84,-55,-72,-58,-66,-49,-75,-52,-66,-58,-81,-49,-66,-49,-72,-52,-52,-58,-52,-63,-58,-60,-52,-58,-52,-52,-58,-31,-63,-46,-60,-31,-69,-29,-60,-26,-55,-20,-52,-17,-55,-23,-43,-26,-46,-17,-40,-20,-40,-14,-43,-14,-34,2,-40,-2,-34,-2,-29,0,0,0,0,0,0,0,0,0,0]"""
1782313071406,2026-06-24T23:57:51.406,warning,bed_exit,yja,bed_exit_failed,t030,"CSI_DATA,334292,1a:00:00:00:00:00,-65,11,-99,18,49,11,-1290508352,47,2,256,0,""[0,0,0,0,0,0,0,0,0,0,0,0,14,-11,29,-14,17,-8,34,-14,31,-5,31,-17,34,-14,37,-8,37,-17,31,-8,43,-8,43,-8,46,-17,46,-11,66,-14,34,-14,52,-11,43,-5,66,-14,60,-17,52,-11,66,-29,46,-2,81,-11,72,-11,69,-17,52,-11,81,-11,55,-20,89,0,63,-8,84,-31,60,0,66,-14,69,-55,69,-8,34,-8,52,-26,34,-46,101,-40,78,-43,52,-60,75,-89,69,-34,75,-69,81,-43,66,-63,55,-87,58,-60,37,-69,52,-84,34,-72,81,-121,49,-84,69,-101,40,-116,60,-107,0,0,0,0,0,0,-118,-69,-92,-63,-133,-60,-101,-66,-75,-31,-118,-69,-92,-40,-130,-49,-87,-49,-118,-46,-107,-31,-92,-31,-104,-5,-92,-17,-95,-29,-101,-11,-98,0,-101,-5,-127,-14,-78,5,-107,2,-89,-5,-113,14,-95,20,-89,20,-98,34,-72,23,-92,14,-87,29,-81,34,-84,20,-104,20,-66,34,-87,40,-63,17,-98,46,-78,31,-72,46,-72,37,-69,34,-63,26,-66,29,-66,34,-58,26,-69,23,-46,17,-60,17,-46,5,-58,11,-43,5,-46,14,-40,11,-43,14,-40,8,-37,-2,-34,0,-34,2,0,0,0,0,0,0,0,0,0,0]"""
1782313071409,2026-06-24T23:57:51.409,warning,bed_exit,yja,bed_exit_failed,t030,"CSI_DATA,334293,1a:00:00:00:00:00,-65,11,-99,18,49,11,-1290492792,47,2,256,0,""[0,0,0,0,0,0,0,0,0,0,0,0,-14,20,-17,23,-20,17,-26,26,-20,20,-31,20,-37,20,-37,11,-40,11,-34,8,-49,11,-40,5,-46,0,-43,2,-52,5,-52,-2,-58,-2,-52,-5,-66,-14,-58,-14,-46,-29,-60,-17,-52,-20,-63,-26,-55,-20,-55,-26,-58,-31,-72,-26,-46,-26,-63,-26,-72,-20,-81,-34,-69,-34,-66,-26,-63,-40,-58,-43,-66,-26,-78,-31,-66,-43,-63,-31,-72,-31,-75,-29,-89,-37,-75,-34,-104,-60,-92,-49,-89,-52,-92,-60,-78,-46,-87,-52,-107,-58,-89,-55,-98,-60,-95,-69,-92,-60,-107,-69,-95,-72,0,0,0,0,0,0,-69,101,-66,78,-101,107,-81,95,-78,66,-87,95,-69,78,-92,92,-69,75,-107,84,-89,81,-81,69,-81,69,-72,55,-84,78,-81,66,-81,58,-75,58,-72,66,-66,58,-78,72,-60,60,-89,69,-78,63,-72,63,-69,49,-63,49,-72,63,-72,52,-69,49,-66,49,-72,55,-60,49,-72,55,-63,49,-92,52,-78,34,-72,37,-72,29,-66,26,-63,20,-69,26,-66,11,-58,11,-60,11,-55,17,-66,11,-55,8,-66,-2,-49,-5,-49,-2,-49,-11,-34,-11,-34,-11,-37,-17,-31,-17,-29,-17,0,0,0,0,0,0,0,0,0,0]"""
1782313071413,2026-06-24T23:57:51.413,warning,bed_exit,yja,bed_exit_failed,t030,"CSI_DATA,334294,1a:00:00:00:00:00,-65,11,-99,21,49,11,-1290485077,47,2,256,0,""[0,0,0,0,0,0,0,0,0,0,0,0,7,-26,7,-18,10,-29,13,-29,18,-31,15,-26,15,-29,23,-31,23,-31,21,-42,26,-34,26,-37,26,-37,34,-34,31,-37,45,-39,37,-37,50,-34,34,-39,26,-37,34,-37,42,-47,47,-50,45,-37,45,-50,47,-55,58,-47,50,-45,53,-53,50,-37,55,-50,31,-42,37,-61,23,-61,29,-69,37,-69,42,-77,47,-63,26,-79,42,-77,29,-77,39,-85,47,-79,39,-82,18,-63,21,-98,15,-93,-5,-101,13,-114,2,-109,18,-98,21,-117,21,-117,7,-122,26,-114,-5,-114,0,-114,0,0,0,0,0,0,-125,-13,-143,-10,-95,5,-127,-13,-141,7,-111,-15,-127,-5,-106,0,-127,-5,-95,15,-106,18,-109,31,-109,29,-109,45,-95,15,-98,37,-90,42,-101,31,-85,39,-103,39,-82,31,-98,34,-63,45,-74,55,-71,55,-74,66,-77,71,-74,42,-63,61,-63,71,-77,63,-61,58,-79,58,-66,50,-66,55,-42,45,-53,66,-53,58,-42,66,-53,63,-53,61,-55,39,-53,50,-58,45,-47,42,-55,37,-50,26,-47,34,-31,23,-42,34,-42,26,-31,31,-39,23,-29,21,-29,13,-29,7,-29,0,0,0,0,0,0,0,0,0,0,0]"""
1782313071416,2026-06-24T23:57:51.416,warning,bed_exit,yja,bed_exit_failed,t030,"CSI_DATA,334295,1a:00:00:00:00:00,-65,11,-99,15,50,11,-1290473462,47,2,256,0,""[0,0,0,0,0,0,0,0,0,0,0,0,11,22,8,22,14,31,5,31,5,33,5,36,8,42,2,36,-2,36,-5,42,-2,47,-5,47,-11,50,-8,45,-8,39,-16,56,-14,53,-11,59,-11,53,-25,62,-25,67,-19,45,-25,64,-25,70,-28,50,-25,59,-25,56,-19,56,-31,67,-22,56,-22,70,-25,64,-28,76,-25,62,-16,73,-19,64,-28,78,-19,87,-22,73,-16,70,-14,64,-22,90,-14,81,-8,98,-22,95,-14,112,-11,104,-2,101,-14,93,-11,109,-25,112,-16,101,-14,104,-22,135,-14,115,-16,101,-14,126,0,0,0,0,0,0,112,16,121,14,124,19,129,0,124,11,112,11,126,14,104,11,121,8,121,16,124,11,115,2,93,11,104,5,121,0,101,2,101,5,95,0,78,-2,109,0,90,-11,104,-19,98,-11,104,-16,95,-16,76,-5,93,-14,98,-16,87,-8,90,-16,81,-16,67,-19,93,-14,78,-11,84,-22,84,-8,87,-16,76,-8,76,-14,73,-2,76,-2,78,-5,70,5,62,0,53,-2,64,2,59,5,62,0,53,5,56,8,45,11,42,14,36,11,39,19,36,16,25,19,31,16,0,0,0,0,0,0,0,0,0,0]"""
1782313071419,2026-06-24T23:57:51.419,warning,bed_exit,yja,bed_exit_failed,t030,"CSI_DATA,334296,1a:00:00:00:00:00,-65,11,-99,19,49,11,-1290464352,47,2,256,0,""[0,0,0,0,0,0,0,0,0,0,0,0,-8,-22,-2,-25,-8,-36,-2,-28,0,-39,2,-33,0,-36,0,-42,11,-39,-2,-45,2,-42,11,-36,11,-47,8,-47,2,-36,11,-59,14,-47,11,-62,16,-53,5,-50,16,-59,11,-56,16,-64,8,-67,19,-64,19,-62,16,-59,5,-53,8,-81,2,-62,2,-73,11,-62,-2,-78,0,-73,-5,-76,-2,-70,-5,-87,2,-78,-2,-78,-19,-84,-31,-70,-16,-93,-16,-78,-39,-84,-25,-78,-56,-93,-31,-84,-50,-93,-50,-87,-47,-98,-50,-98,-45,-95,-47,-90,-67,-115,-62,-104,-62,-93,-73,-101,0,0,0,0,0,0,-84,87,-93,90,-76,70,-84,90,-98,95,-70,78,-93,101,-62,81,-76,107,-73,78,-64,84,-64,95,-59,78,-62,101,-56,81,-62,76,-53,93,-47,93,-25,78,-39,104,-31,78,-25,95,-22,76,-16,90,-16,98,-19,81,-16,104,-14,93,-16,87,-11,93,-8,93,5,76,-5,104,2,78,2,87,2,73,11,90,-5,81,8,81,-2,73,-2,78,0,70,-11,73,-5,64,8,59,-11,64,-8,47,2,53,-5,45,-2,53,-8,42,-2,47,-5,39,-14,39,-5,33,-14,28,-16,25,0,0,0,0,0,0,0,0,0,0]"""
1782313071423,2026-06-24T23:57:51.423,warning,bed_exit,yja,bed_exit_failed,t030,"CSI_DATA,334297,1a:00:00:00:00:00,-66,11,-99,17,50,11,-1290453352,47,2,256,0,""[0,0,0,0,0,0,0,0,0,0,0,0,-26,-2,-23,-13,-26,-5,-26,-13,-31,-18,-26,-21,-31,-15,-34,-21,-37,-29,-26,-21,-26,-37,-29,-37,-21,-34,-26,-37,-29,-42,-37,-47,-31,-37,-29,-50,-31,-45,-21,-42,-21,-53,-37,-47,-29,-63,-21,-53,-21,-61,-23,-61,-23,-66,-26,-63,-29,-58,-31,-55,-26,-63,-29,-55,-34,-58,-39,-55,-34,-63,-47,-61,-37,-66,-31,-71,-37,-66,-42,-69,-37,-71,-53,-69,-58,-69,-47,-71,-61,-66,-58,-58,-61,-69,-63,-79,-79,-77,-69,-82,-58,-82,-71,-93,-79,-90,-71,-90,-71,-90,-79,-82,-82,-87,0,0,0,0,0,0,-98,79,-103,77,-87,74,-95,82,-95,71,-98,63,-90,71,-82,71,-85,63,-85,69,-79,74,-82,69,-79,90,-79,71,-87,61,-79,63,-74,63,-74,63,-74,69,-58,79,-61,71,-69,69,-53,63,-45,71,-58,69,-50,82,-55,69,-58,63,-55,69,-55,66,-55,69,-55,69,-47,71,-45,71,-53,71,-42,69,-37,63,-45,61,-47,63,-53,63,-53,55,-50,47,-45,47,-53,37,-47,39,-42,50,-47,39,-45,29,-37,31,-39,29,-39,23,-37,23,-37,21,-34,18,-39,7,-34,7,-31,0,0,0,0,0,0,0,0,0,0,0]"""
1782313071427,2026-06-24T23:57:51.427,warning,bed_exit,yja,bed_exit_failed,t030,"CSI_DATA,334298,1a:00:00:00:00:00,-66,11,-99,16,50,11,-1290442224,47,2,256,0,""[0,0,0,0,0,0,0,0,0,0,0,0,-24,21,-24,21,-19,24,-21,16,-27,10,-30,13,-27,8,-35,2,-38,16,-35,8,-43,2,-43,2,-43,-2,-43,-5,-52,-5,-54,-8,-52,-10,-52,-19,-46,-10,-54,-8,-49,-13,-57,-19,-57,-27,-46,-30,-52,-27,-60,-32,-57,-38,-62,-38,-57,-32,-54,-38,-54,-43,-54,-30,-60,-32,-62,-30,-68,-35,-68,-46,-62,-43,-57,-49,-62,-43,-65,-54,-62,-46,-65,-49,-73,-49,-68,-52,-71,-49,-82,-54,-87,-52,-90,-60,-84,-52,-79,-54,-79,-65,-87,-73,-87,-76,-84,-73,-82,-82,-93,-73,-90,-82,0,0,0,0,0,0,-101,82,-101,71,-84,57,-101,73,-104,73,-104,54,-98,62,-93,60,-93,52,-95,57,-87,60,-93,57,-90,71,-93,54,-93,41,-87,46,-82,49,-84,46,-90,43,-82,52,-79,43,-84,43,-71,43,-68,49,-68,41,-76,54,-82,43,-76,32,-73,43,-79,35,-82,35,-79,38,-82,41,-73,30,-79,21,-71,32,-68,21,-71,30,-71,27,-76,21,-71,13,-68,5,-71,5,-65,0,-60,-2,-60,-2,-52,-10,-49,-8,-46,-8,-43,-13,-41,-8,-43,-13,-38,-16,-32,-19,-27,-19,-24,-21,-24,-21,0,0,0,0,0,0,0,0,0,0]"""
1782313071430,2026-06-24T23:57:51.430,warning,bed_exit,yja,bed_exit_failed,t030,"CSI_DATA,334299,1a:00:00:00:00:00,-66,11,-99,18,50,11,-1290429776,47,2,256,0,""[0,0,0,0,0,0,0,0,0,0,0,0,23,12,23,15,20,15,23,20,20,18,18,25,10,31,10,36,18,41,7,36,7,41,5,41,0,41,5,46,-2,56,2,54,-2,51,-12,56,-7,51,-20,49,-31,49,-12,67,-31,49,-25,54,-31,51,-31,54,-38,56,-49,56,-25,56,-28,54,-46,59,-41,59,-51,46,-38,49,-54,51,-51,59,-51,49,-46,59,-51,54,-46,59,-56,49,-43,72,-51,74,-67,67,-74,64,-67,56,-69,67,-90,51,-74,69,-82,62,-69,72,-85,72,-93,67,-85,62,-80,74,-95,62,-85,56,0,0,0,0,0,0,56,113,41,108,43,100,36,113,31,116,23,118,36,103,41,116,23,100,18,108,12,111,-2,100,20,108,-2,103,7,100,7,93,0,90,7,98,-7,108,23,87,23,87,7,93,7,90,2,85,-15,80,7,100,-12,85,0,85,-7,85,-5,87,-12,85,-12,93,5,77,2,82,-15,80,-12,82,-28,72,-31,72,-36,72,-31,72,-38,62,-28,59,-33,54,-31,54,-43,49,-28,51,-33,43,-43,41,-43,28,-41,18,-41,23,-43,12,-38,20,-38,10,-31,7,-28,5,-25,2,0,0,0,0,0,0,0,0,0,0]"""
1782313071433,2026-06-24T23:57:51.433,warning,bed_exit,yja,bed_exit_failed,t030,"CSI_DATA,334300,1a:00:00:00:00:00,-66,11,-99,18,50,11,-1290420352,47,2,256,0,""[0,0,0,0,0,0,0,0,0,0,0,0,28,-5,18,-2,25,0,25,-2,31,-2,33,5,36,10,41,7,33,7,38,7,41,10,38,20,46,15,38,15,33,15,46,31,46,25,49,28,43,33,54,36,54,33,31,31,46,41,49,43,38,41,41,41,38,46,36,41,43,56,43,43,49,51,49,51,56,51,51,51,54,51,46,51,56,56,59,62,54,51,54,46,51,41,64,64,59,56,72,49,64,67,87,69,74,64,72,56,67,56,82,67,87,69,62,67,69,62,98,90,82,77,72,67,95,82,0,0,0,0,0,0,69,-80,85,-82,80,-87,85,-80,87,-80,74,-80,85,-90,80,-69,77,-85,87,-74,87,-74,74,-80,69,-59,74,-77,72,-77,69,-64,62,-74,56,-69,46,-64,69,-69,59,-59,62,-77,56,-74,67,-82,49,-82,43,-59,56,-67,43,-82,49,-72,49,-69,51,-56,41,-56,59,-67,54,-56,51,-67,59,-59,59,-69,46,-56,49,-54,46,-38,59,-51,56,-49,54,-43,51,-36,41,-31,56,-28,43,-28,46,-31,49,-20,46,-18,41,-20,38,-15,36,-7,38,-10,36,-2,25,2,25,0,0,0,0,0,0,0,0,0,0,0]"""
1782313071437,2026-06-24T23:57:51.437,warning,bed_exit,yja,bed_exit_failed,t030,"CSI_DATA,334301,1a:00:00:00:00:00,-66,11,-99,19,50,11,-1290409113,47,2,256,0,""[0,0,0,0,0,0,0,0,0,0,0,0,-25,-10,-32,-7,-22,-2,-27,-10,-25,-12,-32,-25,-27,-25,-25,-22,-32,-25,-22,-27,-17,-30,-20,-40,-20,-40,-20,-40,-15,-55,-10,-35,-20,-52,-15,-47,-15,-65,-12,-62,-12,-62,-7,-62,2,-50,0,-60,10,-60,15,-57,15,-57,20,-72,0,-50,0,-70,10,-62,5,-82,12,-67,5,-67,15,-75,20,-65,15,-65,15,-72,17,-67,17,-65,27,-77,5,-72,5,-92,25,-82,42,-108,27,-67,22,-92,42,-87,20,-90,42,-95,37,-110,40,-97,50,-113,47,-87,45,-108,57,-118,50,-105,0,0,0,0,0,0,-115,-75,-85,-57,-113,-80,-100,-70,-67,-65,-92,-92,-75,-57,-92,-82,-80,-60,-80,-95,-77,-80,-70,-62,-80,-72,-52,-75,-60,-82,-62,-82,-60,-75,-52,-77,-67,-80,-52,-52,-62,-67,-57,-70,-65,-85,-60,-67,-55,-60,-60,-65,-37,-62,-47,-72,-45,-75,-40,-70,-35,-77,-40,-85,-45,-52,-50,-70,-35,-65,-40,-90,-27,-70,-40,-67,-25,-75,-20,-65,-12,-57,-15,-67,-7,-65,-2,-57,0,-65,-7,-50,-2,-60,5,-47,17,-62,7,-40,5,-37,20,-40,17,-35,17,-30,25,-30,22,-22,22,-25,0,0,0,0,0,0,0,0,0,0]"""
1782313071440,2026-06-24T23:57:51.440,warning,bed_exit,yja,bed_exit_failed,t030,"CSI_DATA,334302,1a:00:00:00:00:00,-66,11,-99,13,51,11,-1290398352,47,2,256,0,""[0,0,0,0,0,0,0,0,0,0,0,0,18,18,13,21,10,29,13,31,10,26,5,34,0,34,2,39,0,31,0,39,0,45,-2,45,-2,47,-7,42,-10,45,-21,45,-15,53,-15,47,-31,47,-23,53,-21,53,-42,45,-31,45,-37,53,-34,45,-39,53,-42,50,-34,45,-47,42,-50,50,-37,45,-53,53,-53,53,-61,50,-55,50,-58,45,-53,53,-53,55,-58,50,-53,61,-53,61,-55,47,-66,58,-50,58,-69,58,-69,71,-69,55,-71,66,-82,55,-69,61,-87,63,-74,55,-79,69,-87,66,-98,66,-101,66,-103,63,0,0,0,0,0,0,47,106,50,103,55,114,53,103,47,95,50,101,42,114,42,117,39,101,37,111,34,101,42,98,23,85,39,98,37,95,39,87,29,93,29,85,39,87,29,93,34,90,31,77,31,98,29,90,37,90,15,77,26,79,31,85,26,79,21,77,23,74,29,74,10,82,15,87,15,71,7,87,10,85,5,74,2,77,-5,71,-5,66,0,71,-10,69,-10,61,-10,55,-18,47,-18,53,-13,47,-23,45,-21,45,-23,39,-21,31,-26,26,-21,23,-29,21,-26,21,-23,10,0,0,0,0,0,0,0,0,0,0]"""
1782313071444,2026-06-24T23:57:51.444,warning,bed_exit,yja,bed_exit_failed,t030,"CSI_DATA,334303,1a:00:00:00:00:00,-66,11,-99,18,50,11,-1290387352,47,2,256,0,""[0,0,0,0,0,0,0,0,0,0,0,0,-28,-2,-28,0,-31,-10,-28,-5,-31,-12,-25,-10,-25,-7,-33,-12,-31,-18,-43,-18,-31,-25,-28,-25,-36,-23,-31,-36,-31,-25,-31,-49,-31,-36,-23,-49,-28,-41,-23,-38,-33,-56,-28,-49,-31,-56,-28,-54,-31,-54,-25,-54,-20,-67,-18,-51,-23,-77,-18,-62,-12,-64,-10,-46,-33,-56,-31,-56,-36,-64,-25,-69,-31,-77,-10,-59,-25,-82,-33,-90,-33,-74,-18,-87,-12,-82,-33,-77,-12,-49,-43,-77,-28,-72,-64,-77,-49,-103,-49,-87,-20,-85,-25,-100,-23,-100,-36,-100,-18,-108,-36,-100,-38,-116,0,0,0,0,0,0,-118,31,-139,18,-93,20,-108,15,-126,23,-95,5,-121,7,-105,15,-124,2,-80,-2,-87,23,-105,25,-105,23,-108,31,-90,15,-90,12,-90,20,-103,10,-87,23,-105,12,-80,10,-93,7,-72,15,-77,20,-90,31,-87,23,-90,28,-82,12,-85,18,-82,18,-90,12,-80,12,-95,2,-82,-2,-80,5,-56,2,-74,20,-72,7,-72,15,-80,2,-77,0,-62,-20,-64,-15,-69,-15,-59,-5,-51,-25,-46,-25,-49,-20,-25,-12,-43,-12,-36,-18,-38,-7,-38,-23,-31,-18,-23,-20,-20,-23,-15,-23,0,0,0,0,0,0,0,0,0,0]"""
1782313071448,2026-06-24T23:57:51.448,warning,bed_exit,yja,bed_exit_failed,t030,"CSI_DATA,334304,1a:00:00:00:00:00,-66,11,-99,20,50,11,-1290376352,47,2,256,0,""[0,0,0,0,0,0,0,0,0,0,0,0,-14,-21,-9,-21,-14,-34,-7,-24,-4,-29,-7,-26,-7,-21,-4,-36,2,-39,-4,-43,4,-43,7,-43,4,-41,4,-41,4,-39,17,-61,14,-46,17,-53,19,-41,7,-43,14,-48,19,-56,31,-65,26,-48,29,-48,31,-58,34,-56,19,-51,41,-68,26,-51,36,-65,21,-43,24,-70,29,-61,17,-63,29,-68,36,-73,43,-65,34,-70,39,-78,21,-68,46,-85,36,-65,26,-82,26,-58,36,-97,36,-87,14,-92,29,-95,31,-95,43,-90,41,-97,39,-92,46,-114,53,-97,31,-90,34,-112,0,0,0,0,0,0,-97,-41,-124,-61,-85,-36,-109,-46,-124,-58,-87,-46,-114,-58,-85,-46,-112,-53,-90,-43,-97,-41,-102,-39,-87,-39,-107,-39,-92,-43,-82,-39,-90,-36,-90,-29,-70,-21,-104,-41,-75,-29,-97,-34,-70,-24,-90,-21,-90,-19,-82,-17,-92,-29,-82,-19,-75,-21,-87,-24,-82,-26,-73,-12,-85,-36,-63,-21,-78,-24,-58,-17,-75,-17,-75,-21,-65,-17,-68,-24,-68,-34,-56,-34,-56,-39,-56,-34,-41,-29,-51,-46,-36,-34,-46,-29,-26,-21,-41,-36,-31,-34,-29,-31,-24,-34,-24,-26,-14,-29,-12,-26,-7,-26,0,0,0,0,0,0,0,0,0,0]"""
1782313071451,2026-06-24T23:57:51.451,warning,bed_exit,yja,bed_exit_failed,t030,"CSI_DATA,334305,1a:00:00:00:00:00,-66,11,-99,17,50,11,-1290365352,47,2,256,0,""[0,0,0,0,0,0,0,0,0,0,0,0,-21,-7,-26,-10,-15,-13,-29,-23,-23,-13,-31,-23,-34,-23,-23,-21,-21,-23,-21,-26,-31,-26,-29,-31,-29,-34,-26,-34,-29,-47,-21,-29,-39,-50,-29,-31,-31,-63,-18,-47,-13,-37,-18,-50,-15,-42,-26,-63,-26,-58,-29,-53,-21,-53,-26,-66,-15,-45,-29,-66,-21,-42,-37,-87,-23,-74,-26,-69,-26,-63,-26,-58,-29,-50,-47,-61,-42,-66,-39,-58,-34,-77,-39,-45,-63,-77,-45,-69,-69,-101,-50,-74,-61,-66,-47,-82,-45,-71,-50,-71,-82,-85,-69,-69,-82,-90,-63,-85,-71,-87,-79,-103,-58,-90,0,0,0,0,0,0,-95,74,-66,47,-117,98,-85,66,-53,45,-98,85,-66,47,-109,79,-61,50,-111,85,-90,71,-74,58,-66,58,-69,53,-79,79,-63,77,-61,74,-58,61,-71,69,-45,58,-63,85,-42,58,-71,93,-61,77,-45,63,-55,55,-39,55,-50,74,-45,74,-37,69,-39,63,-53,69,-31,50,-47,77,-31,55,-66,90,-50,58,-39,53,-53,55,-42,45,-34,39,-39,61,-42,50,-31,39,-47,45,-26,31,-42,47,-39,23,-55,42,-37,23,-34,23,-37,15,-26,18,-31,10,-29,13,-26,13,-26,7,0,0,0,0,0,0,0,0,0,0]"""
1782313071455,2026-06-24T23:57:51.455,warning,bed_exit,yja,bed_exit_failed,t030,"CSI_DATA,334306,1a:00:00:00:00:00,-66,11,-99,16,50,11,-1290354352,47,2,256,0,""[0,0,0,0,0,0,0,0,0,0,0,0,-13,-16,-13,-24,-8,-19,-10,-27,-5,-27,-2,-32,-2,-43,-2,-41,0,-32,-2,-35,-2,-43,-2,-38,0,-43,8,-46,16,-49,16,-41,21,-46,19,-41,30,-57,43,-54,30,-62,41,-41,35,-43,35,-54,35,-49,32,-52,32,-46,41,-49,49,-41,54,-49,41,-38,57,-57,57,-49,57,-49,57,-46,54,-35,46,-46,52,-54,52,-60,52,-60,62,-57,52,-46,65,-60,60,-54,73,-68,76,-57,68,-52,82,-52,79,-49,68,-68,82,-79,73,-68,82,-65,84,-62,95,-65,104,-71,106,-52,0,0,0,0,0,0,-49,-112,-41,-84,-65,-123,-38,-109,-38,-84,-46,-112,-35,-104,-35,-115,-32,-93,-38,-120,-27,-106,-30,-93,-21,-87,-30,-87,-38,-98,-43,-84,-46,-90,-35,-79,-32,-95,-16,-79,-30,-98,-27,-73,-32,-98,-16,-98,-32,-87,-19,-84,-27,-68,-38,-87,-30,-79,-30,-76,-27,-71,-21,-82,-13,-73,-16,-82,-13,-71,-8,-93,2,-90,0,-73,8,-76,10,-65,5,-65,-8,-65,-2,-62,8,-60,10,-57,16,-52,19,-57,24,-43,27,-52,24,-38,19,-32,27,-30,21,-21,24,-24,24,-24,16,-21,27,-16,0,0,0,0,0,0,0,0,0,0]"""
1782313071458,2026-06-24T23:57:51.458,warning,bed_exit,yja,bed_exit_failed,t030,"CSI_DATA,334307,1a:00:00:00:00:00,-66,11,-99,17,50,11,-1290343352,47,2,256,0,""[0,0,0,0,0,0,0,0,0,0,0,0,5,23,0,23,0,34,0,31,-5,37,0,29,0,23,-5,37,-5,37,5,45,-10,37,-2,39,-5,42,-10,47,-10,39,-21,58,-18,47,-29,55,-7,39,0,50,0,63,-21,66,-10,71,-21,47,-15,61,-18,58,-29,63,-21,55,-21,69,-18,55,-29,66,-10,50,-5,63,0,69,7,74,-7,79,-5,87,-15,66,7,79,-2,85,5,82,-10,95,-2,79,5,87,5,55,26,79,18,85,45,93,37,106,39,101,10,87,23,111,21,103,31,109,21,106,42,90,53,103,0,0,0,0,0,0,101,-45,133,-45,87,-37,106,-26,130,-50,98,-21,119,-42,87,-42,111,-39,77,-45,77,-45,82,-66,85,-71,87,-85,74,-45,79,-63,71,-74,79,-71,63,-55,82,-66,66,-53,74,-63,39,-55,37,-69,42,-74,42,-79,47,-90,47,-66,39,-79,37,-82,45,-85,34,-69,53,-77,45,-63,47,-63,23,-50,18,-71,29,-71,18,-74,37,-71,29,-69,39,-45,29,-61,39,-58,26,-50,37,-45,37,-34,31,-45,15,-29,26,-39,23,-31,18,-37,26,-31,21,-29,18,-18,18,-13,21,-18,0,0,0,0,0,0,0,0,0,0]"""
1782313071462,2026-06-24T23:57:51.462,warning,bed_exit,yja,bed_exit_failed,t030,"CSI_DATA,334308,1a:00:00:00:00:00,-66,11,-99,16,50,11,-1290330004,47,2,256,0,""[0,0,0,0,0,0,0,0,0,0,0,0,-8,-24,-16,-30,-5,-21,-5,-30,-10,-30,-10,-30,-8,-41,-5,-30,-10,-41,2,-35,2,-43,5,-49,2,-46,5,-54,5,-57,0,-41,2,-57,2,-49,10,-57,2,-65,0,-52,10,-68,5,-46,16,-60,10,-65,10,-60,13,-57,13,-71,2,-60,2,-73,0,-62,2,-84,5,-71,-10,-76,2,-82,-5,-73,-2,-65,-10,-76,-5,-79,0,-65,-5,-84,-32,-62,-38,-82,-21,-87,-32,-112,-19,-73,-54,-84,-24,-93,-41,-84,-38,-93,-46,-104,-43,-93,-54,-93,-49,-90,-52,-101,-65,-115,-49,-101,0,0,0,0,0,0,-112,57,-95,49,-120,73,-98,68,-79,49,-104,65,-82,54,-106,71,-79,60,-98,68,-82,76,-71,62,-73,73,-76,52,-73,71,-68,71,-73,62,-65,60,-79,76,-38,65,-49,76,-43,65,-62,90,-46,79,-35,76,-43,82,-35,65,-38,79,-43,73,-35,62,-41,65,-41,84,-21,65,-24,79,-30,71,-35,95,-35,65,-19,73,-35,71,-16,62,-21,60,-21,62,-30,57,-24,52,-30,54,-13,46,-19,60,-32,46,-35,54,-16,32,-21,43,-21,30,-19,32,-21,24,-27,27,-24,21,-21,19,0,0,0,0,0,0,0,0,0,0]"""
1782313071465,2026-06-24T23:57:51.465,warning,bed_exit,yja,bed_exit_failed,t030,"CSI_DATA,334309,1a:00:00:00:00:00,-66,11,-99,13,50,11,-1290321124,47,2,256,0,""[0,0,0,0,0,0,0,0,0,0,0,0,-26,53,14,71,5,-5,-95,-32,29,-101,41,-14,14,-101,56,-56,53,-65,-56,-23,23,-26,20,-59,26,-14,32,-50,-5,-41,47,-23,23,-41,38,-56,53,-29,50,-44,56,-26,62,-29,56,-26,50,-20,62,-11,62,-17,65,-17,68,-11,56,-20,59,-17,68,-20,68,-14,68,-5,65,-8,80,0,74,-14,77,-11,74,-17,71,-14,71,-8,80,0,80,-35,86,-26,92,-5,104,-11,77,-2,101,-11,104,5,101,-8,107,0,104,-14,113,-17,110,-8,110,0,116,-8,113,14,116,5,0,0,0,0,0,0,23,-125,23,-113,35,-116,26,-116,35,-107,29,-113,29,-104,29,-110,29,-104,32,-98,47,-104,50,-86,35,-110,59,-95,38,-89,41,-95,44,-80,44,-86,50,-92,26,-83,23,-89,32,-89,38,-80,44,-77,44,-71,38,-86,47,-74,38,-77,50,-74,44,-68,44,-65,47,-77,32,-68,38,-71,50,-62,53,-65,53,-50,56,-50,59,-47,56,-56,59,-44,50,-47,50,-38,50,-26,53,-26,44,-35,47,-29,53,-20,50,-14,41,-5,44,-5,41,2,35,0,38,5,29,0,29,8,26,8,0,0,0,0,0,0,0,0,0,0]"""
1782313071468,2026-06-24T23:57:51.469,warning,bed_exit,yja,bed_exit_failed,t030,"CSI_DATA,334310,1a:00:00:00:00:00,-66,11,-99,17,50,11,-1290306669,47,2,256,0,""[0,0,0,0,0,0,0,0,0,0,0,0,-5,-21,-5,-29,-2,-23,-5,-31,-2,-26,2,-45,10,-42,10,-34,13,-29,7,-29,13,-45,18,-42,18,-47,15,-42,29,-47,21,-31,39,-50,26,-37,47,-53,39,-50,26,-45,45,-31,34,-29,45,-47,47,-42,50,-45,50,-34,63,-37,42,-26,63,-45,45,-31,74,-50,66,-37,63,-42,63,-42,63,-23,55,-37,61,-53,58,-50,53,-42,69,-45,63,-37,82,-61,63,-50,103,-61,90,-39,87,-50,87,-37,74,-47,77,-58,98,-71,87,-61,98,-53,98,-45,98,-63,111,-55,109,-45,0,0,0,0,0,0,-42,-101,-34,-85,-58,-133,-26,-109,-29,-82,-34,-127,-29,-87,-26,-130,-31,-93,-29,-135,-21,-119,-29,-98,-13,-95,-26,-85,-31,-101,-37,-90,-37,-90,-26,-85,-29,-95,-18,-74,-18,-98,-23,-79,-26,-111,-21,-98,-21,-82,-15,-79,-18,-69,-31,-85,-31,-79,-26,-79,-23,-77,-21,-85,-5,-63,-15,-90,-7,-66,-10,-101,0,-82,-7,-77,-2,-71,7,-63,0,-61,-5,-74,5,-66,0,-55,10,-63,10,-42,15,-58,15,-47,26,-55,26,-37,18,-39,26,-31,21,-23,21,-26,23,-23,21,-18,21,-15,0,0,0,0,0,0,0,0,0,0]"""
1782313071472,2026-06-24T23:57:51.472,warning,bed_exit,yja,bed_exit_failed,t030,"CSI_DATA,334311,1a:00:00:00:00:00,-66,11,-99,16,50,11,-1290297166,47,2,256,0,""[0,0,0,0,0,0,0,0,0,0,0,0,13,-24,19,-19,19,-19,21,-16,27,-21,19,-19,24,-21,30,-30,30,-30,35,-30,38,-16,38,-27,41,-24,49,-16,46,-13,52,-19,46,-16,60,-10,41,-19,54,-10,62,-21,57,-19,62,-30,57,-8,60,-19,60,-24,65,-16,62,-19,76,-19,60,-10,71,-5,52,-19,62,-21,62,-32,68,-41,71,-41,71,-38,73,-21,71,-41,84,-35,84,-27,90,-38,76,-32,82,-38,57,-46,73,-57,73,-65,62,-76,84,-71,84,-71,84,-46,93,-71,82,-68,87,-82,101,-57,82,-68,93,-76,0,0,0,0,0,0,-60,-104,-76,-109,-60,-79,-68,-101,-82,-106,-52,-93,-68,-106,-65,-84,-60,-104,-71,-71,-71,-68,-84,-68,-84,-68,-87,-68,-62,-71,-76,-60,-82,-62,-73,-71,-68,-65,-79,-71,-68,-49,-73,-73,-68,-35,-73,-38,-79,-38,-84,-35,-90,-35,-68,-46,-73,-38,-84,-30,-79,-38,-68,-32,-79,-46,-68,-43,-71,-41,-57,-27,-71,-30,-73,-24,-71,-19,-71,-27,-68,-27,-54,-43,-62,-27,-57,-38,-46,-35,-46,-41,-38,-35,-38,-35,-30,-19,-32,-30,-32,-30,-32,-21,-27,-27,-24,-24,-13,-21,-13,-24,-10,-21,0,0,0,0,0,0,0,0,0,0]"""
1782313071475,2026-06-24T23:57:51.475,warning,bed_exit,yja,bed_exit_failed,t030,"CSI_DATA,334312,1a:00:00:00:00:00,-66,11,-99,15,50,11,-1290285224,47,2,256,0,""[0,0,0,0,0,0,0,0,0,0,0,0,16,14,19,22,16,19,22,28,14,22,25,36,19,31,16,28,8,31,16,33,16,45,19,42,11,47,11,45,8,59,8,42,11,59,2,47,5,78,-8,56,-8,56,-5,62,-2,50,-5,76,-2,70,-2,64,-5,59,-8,73,-8,50,-11,84,-2,53,-14,95,-16,81,-2,81,-14,76,-14,67,-2,56,5,81,0,78,0,73,-8,90,5,64,0,101,-2,73,-11,121,-11,95,2,93,-2,101,-2,87,-5,95,5,121,8,93,-2,112,-2,112,2,121,0,146,-8,121,0,0,0,0,0,0,126,8,101,19,155,8,109,11,81,8,138,14,81,16,143,22,90,0,143,22,121,22,98,11,90,14,87,11,112,2,98,5,98,0,87,8,107,5,76,2,104,2,78,-5,121,-2,101,11,90,0,76,5,73,0,98,-8,81,-5,84,-2,62,-5,87,5,67,2,95,0,67,-2,109,8,81,11,78,11,76,25,62,16,56,8,73,8,64,16,50,14,62,25,45,8,59,14,42,16,59,31,39,31,36,19,31,25,22,22,25,22,22,25,16,22,14,22,0,0,0,0,0,0,0,0,0,0]"""
1782313071478,2026-06-24T23:57:51.478,warning,bed_exit,yja,bed_exit_failed,t030,"CSI_DATA,334313,1a:00:00:00:00:00,-66,11,-99,16,50,11,-1290277338,47,2,256,0,""[0,0,0,0,0,0,0,0,0,0,0,0,-10,-24,-8,-30,-2,-27,-5,-32,-5,-27,0,-41,2,-35,2,-35,2,-38,2,-32,0,-46,-2,-43,0,-46,2,-43,8,-43,16,-52,13,-54,8,-46,27,-65,21,-54,16,-46,32,-52,19,-52,21,-62,19,-57,13,-60,24,-60,24,-60,32,-54,24,-62,16,-60,35,-82,38,-73,32,-71,32,-71,27,-57,19,-60,8,-84,16,-79,10,-73,21,-82,13,-71,10,-93,16,-87,19,-115,27,-101,13,-101,16,-95,21,-93,10,-101,0,-123,-2,-101,5,-112,8,-112,0,-123,8,-125,24,-115,0,0,0,0,0,0,-125,-10,-106,-10,-134,-13,-120,-21,-98,-10,-125,-5,-109,-13,-131,-13,-104,-2,-128,-8,-120,-13,-104,-8,-93,-13,-98,-5,-106,16,-101,16,-101,16,-90,16,-98,10,-90,2,-95,16,-84,16,-115,13,-98,2,-84,8,-82,2,-76,24,-90,30,-82,27,-76,30,-68,27,-73,24,-71,16,-87,21,-71,21,-93,21,-82,8,-71,10,-76,5,-62,2,-65,13,-73,21,-62,13,-49,10,-57,2,-49,5,-57,5,-46,2,-60,-5,-49,-10,-41,-5,-32,-8,-27,-13,-38,-8,-30,-10,-27,-8,-24,-8,0,0,0,0,0,0,0,0,0,0]"""
1782313071482,2026-06-24T23:57:51.482,warning,bed_exit,yja,bed_exit_failed,t030,"CSI_DATA,334314,1a:00:00:00:00:00,-66,11,-99,16,50,11,-1290266317,47,2,256,0,""[0,0,0,0,0,0,0,0,0,0,0,0,-24,5,-32,5,-27,2,-32,5,-32,-5,-32,-2,-27,0,-30,-10,-46,-5,-32,-16,-38,-16,-43,-19,-41,-24,-41,-24,-46,-32,-52,-27,-46,-27,-46,-35,-38,-35,-46,-38,-46,-38,-46,-49,-38,-52,-32,-49,-32,-54,-35,-52,-35,-57,-38,-60,-43,-49,-38,-54,-41,-57,-41,-62,-32,-57,-38,-60,-35,-68,-43,-65,-38,-71,-41,-65,-38,-71,-41,-68,-35,-73,-54,-68,-60,-68,-43,-84,-52,-79,-43,-76,-52,-82,-54,-93,-57,-87,-52,-93,-52,-90,-60,-104,-54,-106,-57,-101,-49,-104,-54,-106,-49,-106,0,0,0,0,0,0,-117,41,-120,32,-115,30,-109,35,-123,35,-115,24,-112,30,-112,30,-106,16,-104,27,-104,27,-109,8,-112,32,-104,8,-101,10,-104,13,-98,13,-101,10,-104,8,-90,30,-95,32,-95,13,-87,8,-87,16,-90,10,-93,19,-93,10,-87,8,-84,2,-84,13,-87,10,-84,8,-84,13,-79,13,-82,8,-76,0,-71,2,-76,-5,-73,-8,-79,-5,-76,-10,-62,-10,-60,-16,-60,-16,-54,-21,-54,-16,-49,-21,-49,-24,-43,-21,-35,-24,-41,-21,-32,-27,-27,-24,-27,-32,-19,-24,-16,-27,-10,-27,0,0,0,0,0,0,0,0,0,0]"""
1782313071485,2026-06-24T23:57:51.485,warning,bed_exit,yja,bed_exit_failed,t030,"CSI_DATA,334315,1a:00:00:00:00:00,-66,11,-99,15,50,11,-1290251781,47,2,256,0,""[0,0,0,0,0,0,0,0,0,0,0,0,-14,-22,-14,-31,-11,-22,-11,-31,-11,-22,-11,-36,-11,-39,-8,-33,-16,-39,-5,-36,-8,-39,-11,-50,-5,-45,-11,-45,-8,-64,-14,-42,-11,-62,-5,-50,-2,-70,0,-62,11,-56,-11,-62,0,-56,-2,-64,-8,-67,-8,-64,-8,-67,-8,-76,-16,-53,-16,-73,-8,-62,-19,-87,-11,-67,-25,-70,-16,-78,-31,-70,-25,-59,-36,-70,-39,-70,-36,-64,-42,-93,-47,-53,-67,-76,-47,-73,-73,-93,-47,-73,-73,-67,-70,-87,-73,-76,-64,-73,-93,-73,-95,-62,-98,-76,-84,-67,-95,-64,-115,-84,-90,-84,0,0,0,0,0,0,-84,115,-50,81,-87,124,-70,104,-47,76,-64,115,-42,84,-73,129,-47,81,-59,124,-53,107,-59,93,-31,107,-39,81,-31,104,-25,104,-22,98,-14,101,-36,109,11,76,5,109,-8,76,-8,112,2,98,-2,87,5,93,2,76,5,87,11,90,14,78,11,81,5,104,25,62,25,90,11,73,22,101,0,76,19,73,5,78,19,70,8,62,14,67,16,64,11,50,5,70,16,42,16,62,-2,47,5,64,-2,36,2,45,-5,39,0,36,0,28,-5,31,-5,31,-5,25,0,0,0,0,0,0,0,0,0,0]"""
1782313071489,2026-06-24T23:57:51.489,warning,bed_exit,yja,bed_exit_failed,t030,"CSI_DATA,334316,1a:00:00:00:00:00,-65,11,-99,15,50,11,-1290244299,47,2,256,0,""[0,0,0,0,0,0,0,0,0,0,0,0,28,-8,22,-5,36,-5,33,0,33,-5,25,2,31,2,47,2,36,5,45,8,42,8,45,11,42,16,47,25,45,19,62,28,53,22,53,25,50,31,36,25,50,42,50,31,59,42,47,39,47,45,53,42,53,47,50,33,62,56,50,45,64,45,42,39,64,39,59,47,64,36,64,39,70,50,62,42,67,56,81,56,73,39,81,59,70,50,90,33,59,31,101,28,76,45,101,31,101,59,101,47,81,59,93,62,104,50,115,56,107,62,90,56,115,53,0,0,0,0,0,0,64,-104,70,-126,56,-95,53,-112,73,-126,47,-90,78,-118,56,-98,70,-115,47,-87,45,-90,47,-109,47,-90,53,-112,42,-84,50,-84,47,-90,47,-98,36,-81,47,-104,28,-84,25,-98,25,-76,31,-78,36,-95,22,-93,28,-98,31,-84,36,-81,31,-87,28,-87,14,-76,39,-95,31,-76,25,-78,28,-59,25,-81,36,-76,19,-78,28,-70,39,-64,33,-56,47,-53,45,-64,31,-53,45,-45,33,-39,25,-45,22,-28,31,-36,28,-22,28,-31,28,-19,31,-25,25,-8,28,-5,25,-5,0,0,0,0,0,0,0,0,0,0]"""
1782313071492,2026-06-24T23:57:51.492,warning,bed_exit,yja,bed_exit_failed,t030,"CSI_DATA,334317,1a:00:00:00:00:00,-66,11,-99,16,50,11,-1290233118,47,2,256,0,""[0,0,0,0,0,0,0,0,0,0,0,0,-5,32,-2,21,-13,32,-8,21,-10,32,-13,24,-16,35,-27,41,-24,27,-32,35,-24,32,-38,30,-38,27,-41,27,-41,27,-57,32,-41,24,-54,27,-52,13,-49,16,-60,10,-57,16,-73,19,-65,16,-62,8,-68,8,-71,5,-54,13,-84,2,-68,0,-68,13,-57,-5,-73,8,-76,-5,-73,2,-79,10,-87,-2,-79,-2,-87,-16,-95,-2,-79,5,-98,-2,-82,-8,-90,16,-73,-2,-106,10,-95,-5,-106,16,-106,-10,-112,-8,-106,-24,-106,-13,-104,-8,-131,-16,-117,-24,-95,-30,-128,-16,0,0,0,0,0,0,-30,115,-41,136,-27,101,-21,123,-41,136,-30,93,-54,139,-43,101,-52,115,-41,98,-41,93,-46,112,-46,95,-52,109,-41,84,-49,87,-49,90,-49,95,-35,71,-54,101,-41,79,-41,93,-43,68,-41,76,-49,90,-49,73,-52,95,-46,76,-52,71,-52,76,-52,76,-32,65,-65,76,-43,54,-46,71,-43,46,-52,73,-57,54,-54,57,-52,52,-60,43,-54,35,-60,30,-57,30,-52,27,-60,24,-46,13,-49,24,-32,5,-43,16,-41,8,-38,10,-41,-2,-35,-5,-32,-5,-27,-13,-21,-8,0,0,0,0,0,0,0,0,0,0]"""
1782313071495,2026-06-24T23:57:51.495,warning,bed_exit,yja,bed_exit_failed,t030,"CSI_DATA,334318,1a:00:00:00:00:00,-65,11,-99,16,49,11,-1290222353,47,2,256,0,""[0,0,0,0,0,0,0,0,0,0,0,0,-24,9,-30,6,-24,12,-30,6,-33,9,-33,3,-39,6,-33,-6,-46,0,-36,-6,-43,-3,-46,-6,-46,-3,-58,-6,-58,-9,-52,-3,-52,-6,-58,-3,-55,-6,-64,-15,-61,-30,-67,-6,-64,-21,-61,-9,-64,-18,-64,-18,-67,-12,-67,-18,-64,0,-73,0,-76,-12,-67,-6,-67,-12,-73,-9,-73,-12,-79,-9,-79,-12,-76,3,-76,0,-79,12,-86,3,-86,24,-86,30,-89,27,-92,18,-92,3,-98,21,-104,12,-101,33,-104,36,-95,46,-104,49,-113,43,-110,46,-107,64,-107,46,-107,46,0,0,0,0,0,0,55,116,55,113,46,113,46,113,52,116,46,110,67,98,73,104,61,95,46,104,46,101,36,107,67,98,49,95,58,82,55,86,64,79,64,76,67,82,79,58,82,64,73,70,70,58,73,58,52,61,76,64,64,64,67,46,67,52,67,52,67,52,73,58,82,33,73,30,73,49,70,36,52,46,64,43,58,55,58,39,52,52,55,39,52,43,49,33,46,39,49,33,49,24,30,36,36,39,24,33,27,39,18,33,24,27,18,24,18,24,15,24,12,24,0,0,0,0,0,0,0,0,0,0]"""
1782313071499,2026-06-24T23:57:51.499,warning,bed_exit,yja,bed_exit_failed,t030,"CSI_DATA,334319,1a:00:00:00:00:00,-66,11,-99,5,49,11,-1290210028,47,2,256,0,""[0,0,0,0,0,0,0,0,0,0,0,0,-25,4,-42,4,-16,0,-33,0,-25,8,-37,4,-46,-12,-33,-4,-42,-4,-25,-16,-46,-12,-54,-12,-46,-12,-50,-12,-59,-16,-37,-21,-59,-25,-46,-12,-63,-33,-59,-25,-42,-25,-50,-29,-46,-29,-59,-33,-63,-33,-63,-33,-54,-29,-67,-37,-46,-25,-71,-37,-59,-25,-84,-46,-63,-42,-63,-33,-59,-37,-67,-29,-54,-25,-84,-25,-67,-29,-63,-25,-84,-37,-67,-8,-96,-16,-80,-21,-130,-37,-92,-33,-96,-16,-105,-37,-92,-25,-84,-16,-122,-12,-101,-4,-118,-21,-109,-16,-113,-12,-134,-25,-105,-25,0,0,0,0,0,0,-21,130,-16,92,-21,151,-29,118,-12,80,-25,134,-12,92,-25,139,-8,88,-33,143,-21,122,-21,105,-12,101,-16,88,0,118,0,105,0,101,0,92,-4,109,8,75,12,105,4,84,0,126,-4,101,8,84,4,84,4,71,16,92,16,84,12,84,8,80,8,101,12,63,16,88,21,75,4,109,-4,84,12,75,-8,75,0,63,4,63,8,80,-4,63,4,50,-8,63,0,50,0,67,-12,42,-21,63,-12,42,-16,46,-21,33,-12,33,-21,25,-12,29,-12,25,-16,29,0,0,0,0,0,0,0,0,0,0]"""
1782313071503,2026-06-24T23:57:51.503,warning,bed_exit,yja,bed_exit_failed,t030,"CSI_DATA,334320,1a:00:00:00:00:00,-65,11,-99,14,50,11,-1290200353,47,2,256,0,""[0,0,0,0,0,0,0,0,0,0,0,0,-17,20,-20,23,-23,17,-23,26,-20,23,-31,23,-23,26,-26,20,-37,23,-31,14,-43,17,-46,11,-43,11,-46,11,-66,8,-40,11,-55,8,-55,0,-66,0,-75,-2,-66,2,-66,-8,-55,-11,-60,-20,-66,-26,-58,-26,-55,-31,-72,-37,-52,-17,-69,-26,-63,-23,-81,-31,-60,-37,-72,-20,-72,-37,-69,-31,-63,-31,-75,-34,-66,-40,-60,-43,-72,-52,-75,-29,-84,-37,-78,-55,-98,-69,-78,-37,-92,-34,-75,-58,-95,-55,-87,-66,-95,-75,-89,-72,-101,-84,-81,-75,-87,-87,-95,-95,-81,-87,0,0,0,0,0,0,-113,87,-98,66,-121,81,-98,72,-81,52,-127,66,-89,52,-127,58,-95,52,-116,55,-107,52,-89,43,-101,46,-92,23,-98,26,-104,29,-101,29,-95,17,-116,29,-72,26,-89,34,-84,26,-107,29,-98,26,-81,29,-101,26,-78,14,-92,5,-89,14,-84,11,-84,0,-95,5,-72,11,-92,8,-78,0,-98,-8,-75,-8,-78,2,-75,-14,-75,-14,-58,-17,-69,-17,-60,-29,-46,-29,-55,-37,-49,-14,-49,-23,-37,-34,-46,-40,-26,-31,-31,-29,-23,-34,-20,-34,-14,-31,-20,-29,-8,-26,0,-23,0,0,0,0,0,0,0,0,0,0]"""
1782313071506,2026-06-24T23:57:51.506,warning,bed_exit,yja,bed_exit_failed,t030,"CSI_DATA,334321,1a:00:00:00:00:00,-65,11,-99,19,49,11,-1290189290,47,2,256,0,""[0,0,0,0,0,0,0,0,0,0,0,0,-25,-2,-22,-5,-33,-8,-33,-11,-33,-14,-31,-19,-36,-11,-45,-19,-28,-19,-45,-25,-36,-31,-36,-31,-36,-36,-42,-31,-45,-22,-50,-39,-39,-31,-47,-39,-47,-50,-33,-39,-53,-53,-45,-45,-50,-53,-53,-53,-39,-50,-45,-50,-45,-50,-39,-33,-62,-62,-47,-45,-62,-47,-42,-47,-70,-45,-59,-53,-64,-39,-59,-42,-62,-56,-64,-47,-64,-56,-76,-50,-73,-28,-73,-53,-67,-45,-93,-36,-67,-36,-101,-36,-81,-45,-93,-31,-93,-42,-104,-47,-98,-53,-95,-53,-95,-33,-124,-47,-112,-47,-109,-42,-121,-33,0,0,0,0,0,0,-39,109,-42,129,-36,107,-19,124,-42,135,-19,104,-36,140,-25,107,-25,129,-36,104,-25,109,-16,121,-22,101,-16,121,-19,101,-28,93,-25,107,-11,104,-2,81,-11,109,-2,90,5,107,-2,84,0,101,5,107,2,87,8,101,8,95,-5,90,0,95,14,87,19,70,11,101,5,81,19,81,0,73,19,90,0,81,8,78,5,67,0,73,-8,67,-14,70,-5,64,8,62,-8,62,-11,50,0,53,-8,33,-8,53,-8,39,-8,39,-14,36,-16,31,-16,28,-11,19,-11,25,0,0,0,0,0,0,0,0,0,0]"""
1782313071509,2026-06-24T23:57:51.509,warning,bed_exit,yja,bed_exit_failed,t030,"CSI_DATA,334322,1a:00:00:00:00:00,-65,11,-99,18,49,11,-1290178187,47,2,256,0,""[0,0,0,0,0,0,0,0,0,0,0,0,23,-20,14,-14,34,-20,26,-14,31,-14,29,-14,34,-14,43,-20,37,-17,43,-20,46,-8,49,-8,46,-11,49,-11,43,-8,66,-17,49,-17,60,-14,49,-8,52,-26,58,-31,55,-17,72,-17,63,-14,60,-8,72,-14,72,-17,55,-17,75,-17,58,-17,75,-29,55,-20,66,-37,66,-34,60,-43,66,-40,78,-40,75,-34,78,-43,72,-46,60,-43,89,-60,69,-43,66,-63,58,-43,81,-81,75,-72,58,-87,66,-87,72,-84,78,-69,81,-75,72,-87,84,-107,78,-84,55,-81,63,-104,0,0,0,0,0,0,-89,-58,-113,-75,-87,-63,-107,-58,-124,-75,-81,-63,-121,-63,-78,-37,-110,-63,-87,-46,-104,-43,-116,-37,-98,-34,-116,-34,-98,-43,-92,-37,-98,-31,-92,-34,-78,-14,-116,-23,-87,-11,-107,-17,-78,-5,-95,0,-101,5,-87,8,-101,5,-92,-8,-84,-8,-92,0,-92,2,-72,11,-101,-2,-78,-2,-89,8,-63,2,-87,17,-81,8,-69,17,-75,8,-75,2,-72,-2,-66,-8,-69,-5,-55,0,-63,-5,-49,-11,-52,0,-34,-2,-58,-5,-43,0,-46,0,-34,-5,-40,-11,-26,-11,-26,-14,-20,-17,0,0,0,0,0,0,0,0,0,0]"""
1782313071513,2026-06-24T23:57:51.513,warning,bed_exit,yja,bed_exit_failed,t030,"CSI_DATA,334323,1a:00:00:00:00:00,-66,11,-99,16,49,11,-1290167353,47,2,256,0,""[0,0,0,0,0,0,0,0,0,0,0,0,-52,-135,36,6,-67,12,-33,82,9,43,-21,-12,-6,-33,9,-116,-30,0,-46,-36,-125,-15,-49,-21,-49,-27,-52,-86,-27,-21,-46,-49,-27,-55,-24,-67,-30,-43,-49,-24,-70,-27,-43,-52,-67,-33,-46,-39,-49,-30,-55,-36,-49,-49,-46,-43,-61,-49,-49,-46,-52,-52,-49,-33,-58,-30,-67,-30,-70,-24,-76,-24,-79,-24,-67,-27,-86,-15,-92,-24,-79,-18,-95,-36,-79,-24,-86,-30,-70,0,-98,3,-95,0,-95,18,-113,3,-107,15,-95,-6,-116,9,-107,15,-113,27,-119,-3,-113,21,-116,18,0,0,0,0,0,0,6,125,15,141,21,98,15,122,46,138,12,113,30,132,27,101,24,125,46,82,39,86,58,95,61,95,70,95,46,86,67,70,70,76,61,89,55,79,64,86,58,67,61,86,67,52,64,55,73,61,82,61,92,49,61,61,79,46,82,43,79,49,70,43,79,58,61,46,70,49,58,30,67,33,76,36,67,24,73,33,70,33,52,36,61,27,58,46,52,39,46,39,39,33,43,36,27,18,36,24,30,24,30,21,27,27,30,21,18,24,18,24,18,24,0,0,0,0,0,0,0,0,0,0]"""
1782313071516,2026-06-24T23:57:51.516,warning,bed_exit,yja,bed_exit_failed,t030,"CSI_DATA,334324,1a:00:00:00:00:00,-65,11,-99,15,50,11,-1290156353,47,2,256,0,""[0,0,0,0,0,0,0,0,0,0,0,0,25,5,31,14,25,8,33,14,25,16,31,22,31,22,22,22,31,25,22,28,25,33,25,36,28,39,22,47,25,64,16,42,19,53,11,53,22,64,5,59,2,62,16,67,0,56,-2,67,2,70,2,67,-11,67,-14,78,2,59,-2,73,-14,62,-2,81,-8,67,-2,76,-8,78,-11,81,-11,62,-16,76,-8,81,-19,87,-28,95,-14,73,-22,90,-33,84,-19,104,-22,78,-14,93,-25,95,-19,112,-25,95,-31,104,-33,104,-47,121,-36,93,-47,112,-56,129,-45,107,0,0,0,0,0,0,118,78,87,64,112,81,90,84,73,67,90,95,70,64,98,90,64,78,87,90,73,81,64,76,87,81,62,64,59,78,62,76,67,78,64,78,67,104,56,56,62,84,42,76,70,81,50,70,50,76,70,76,39,62,42,73,53,78,45,73,36,76,36,95,33,62,39,90,14,70,33,93,22,76,28,73,22,76,16,70,5,59,0,70,5,67,-2,64,-14,73,-5,53,-14,59,-14,45,-19,53,-19,42,-19,39,-22,31,-22,36,-19,22,-22,22,-19,19,-25,16,0,0,0,0,0,0,0,0,0,0]"""
1782313071519,2026-06-24T23:57:51.519,warning,bed_exit,yja,bed_exit_failed,t030,"CSI_DATA,334325,1a:00:00:00:00:00,-66,11,-99,21,49,11,-1290145353,47,2,256,0,""[0,0,0,0,0,0,0,0,0,0,0,0,-21,-13,-23,-18,-18,-13,-23,-23,-23,-18,-26,-29,-21,-34,-26,-37,-18,-31,-21,-34,-26,-39,-21,-42,-21,-45,-21,-37,-29,-50,-21,-50,-23,-50,-29,-50,-23,-58,-21,-63,-29,-69,-10,-55,-21,-58,-29,-61,-18,-61,-18,-63,-15,-61,-26,-63,-18,-58,-31,-63,-29,-61,-29,-71,-31,-69,-34,-63,-29,-63,-31,-66,-34,-63,-47,-74,-39,-71,-42,-63,-47,-61,-50,-71,-55,-79,-61,-53,-63,-85,-69,-69,-66,-77,-71,-74,-66,-69,-61,-69,-79,-82,-69,-74,-79,-74,-85,-79,-87,-82,-87,-85,-93,-71,0,0,0,0,0,0,-77,85,-66,90,-77,106,-77,95,-69,87,-71,103,-63,95,-74,93,-53,90,-79,98,-66,98,-61,90,-66,85,-47,82,-53,98,-53,85,-47,87,-39,87,-31,90,-45,85,-39,95,-29,85,-37,95,-29,95,-21,85,-31,79,-23,79,-18,93,-23,85,-26,87,-26,85,-15,87,-23,79,-18,85,-13,77,-26,87,-21,79,-21,74,-15,74,-23,63,-21,63,-23,66,-26,58,-23,50,-15,55,-26,45,-26,47,-18,42,-31,45,-26,42,-23,37,-23,31,-18,26,-21,21,-29,21,-18,18,-21,13,0,0,0,0,0,0,0,0,0,0]"""
1782313071523,2026-06-24T23:57:51.523,warning,bed_exit,yja,bed_exit_failed,t030,"CSI_DATA,334326,1a:00:00:00:00:00,-66,11,-99,22,49,11,-1290134353,47,2,256,0,""[0,0,0,0,0,0,0,0,0,0,0,0,28,15,18,15,25,28,23,20,20,31,20,25,20,18,33,28,25,36,33,36,23,33,25,36,23,41,25,46,18,38,36,64,33,46,31,59,15,49,28,33,36,49,23,56,41,64,18,51,25,59,28,59,28,69,38,49,33,72,33,62,38,54,28,51,38,49,36,59,54,51,56,62,59,64,49,56,54,67,62,62,64,56,69,69,67,54,74,51,51,36,87,43,80,49,103,28,100,54,95,49,77,51,95,62,100,49,113,43,95,51,98,49,111,46,0,0,0,0,0,0,43,-111,43,-129,33,-87,31,-121,43,-139,33,-103,41,-124,31,-100,33,-121,18,-100,15,-93,10,-111,12,-111,12,-121,10,-87,12,-100,7,-105,7,-108,0,-93,-2,-111,-5,-87,-18,-98,-12,-77,-15,-85,-20,-98,-20,-85,-25,-100,-15,-85,-10,-87,-23,-87,-28,-85,-33,-67,-20,-100,-20,-82,-33,-72,-18,-54,-36,-74,-18,-72,-36,-69,-25,-72,-20,-69,-5,-59,-2,-64,-5,-69,-10,-56,-2,-62,0,-51,-12,-49,-5,-33,-5,-46,-5,-41,-7,-43,2,-38,2,-33,5,-28,7,-28,10,-23,0,0,0,0,0,0,0,0,0,0]"""
1782313071526,2026-06-24T23:57:51.526,warning,bed_exit,yja,bed_exit_failed,t030,"CSI_DATA,334327,1a:00:00:00:00:00,-66,11,-99,16,50,11,-1290122510,47,2,256,0,""[0,0,0,0,0,0,0,0,0,0,0,0,24,5,30,8,24,10,32,13,24,8,41,19,35,21,27,19,32,21,19,21,38,27,38,32,35,35,32,35,38,46,27,21,43,43,41,30,49,62,32,60,30,57,30,46,24,41,35,60,38,57,38,54,32,46,43,65,27,38,46,62,35,43,62,84,41,62,43,65,41,62,41,49,38,43,62,57,49,57,46,54,54,65,57,27,87,54,57,52,106,84,62,60,84,49,68,65,71,54,68,57,106,68,84,49,101,65,82,60,98,62,115,79,87,68,0,0,0,0,0,0,73,-101,57,-65,90,-131,68,-90,41,-62,73,-115,49,-71,82,-104,46,-73,82,-123,68,-98,57,-76,49,-84,54,-60,52,-98,52,-90,52,-87,49,-73,60,-93,24,-60,41,-101,27,-73,54,-115,49,-93,38,-79,35,-73,30,-57,35,-84,32,-79,30,-73,30,-65,35,-87,19,-57,24,-87,24,-68,49,-106,43,-68,27,-68,38,-65,27,-54,24,-52,21,-68,32,-57,30,-43,43,-49,16,-41,30,-54,27,-32,49,-49,35,-27,32,-27,30,-16,27,-21,30,-10,32,-13,24,-13,19,-8,0,0,0,0,0,0,0,0,0,0]"""
1782313071529,2026-06-24T23:57:51.529,warning,bed_exit,yja,bed_exit_failed,t030,"CSI_DATA,334328,1a:00:00:00:00:00,-66,11,-99,17,50,11,-1290112258,47,2,256,0,""[0,0,0,0,0,0,0,0,0,0,0,0,-7,-21,-10,-34,-5,-26,-5,-34,-5,-29,-5,-37,-10,-39,2,-29,2,-37,13,-34,18,-45,18,-45,23,-39,21,-39,29,-47,18,-42,23,-50,29,-50,39,-47,31,-42,26,-37,47,-55,37,-34,50,-34,55,-34,47,-34,55,-31,66,-34,47,-34,53,-42,55,-39,66,-42,58,-31,61,-39,69,-34,66,-39,71,-39,66,-47,69,-31,69,-29,74,-29,61,-50,77,-58,82,-34,103,-50,71,-39,85,-61,95,-34,82,-45,101,-37,98,-39,106,-45,114,-50,101,-37,103,-39,125,-31,106,-29,0,0,0,0,0,0,-29,-133,-7,-114,-13,-127,-26,-119,-5,-103,-7,-130,-7,-98,-2,-119,-5,-101,0,-119,-2,-111,5,-101,-7,-119,18,-90,15,-103,13,-101,21,-93,21,-95,21,-106,2,-77,5,-95,13,-93,15,-98,13,-93,7,-77,15,-95,26,-74,29,-82,26,-82,23,-77,29,-74,34,-87,18,-66,21,-77,29,-79,37,-85,34,-66,34,-71,45,-63,39,-61,37,-53,42,-53,47,-39,39,-34,53,-37,34,-42,39,-42,45,-29,53,-26,39,-13,42,-18,39,-2,31,-10,31,2,34,-5,29,0,26,5,0,0,0,0,0,0,0,0,0,0]"""
1782313071533,2026-06-24T23:57:51.533,warning,bed_exit,yja,bed_exit_failed,t030,"CSI_DATA,334329,1a:00:00:00:00:00,-66,11,-99,18,50,11,-1290101353,47,2,256,0,""[0,0,0,0,0,0,0,0,0,0,0,0,18,15,28,23,18,15,25,23,20,15,23,31,28,36,20,31,28,36,18,25,28,36,28,38,25,41,20,38,23,51,18,38,25,54,20,41,31,69,15,62,7,54,18,51,15,49,31,64,28,67,28,62,28,49,25,67,20,49,36,67,25,46,33,87,25,72,33,67,28,67,33,59,38,51,56,62,46,64,38,56,49,69,43,43,67,69,54,56,87,93,59,72,69,62,74,72,59,59,67,59,90,69,82,54,85,69,85,67,87,62,105,82,80,80,0,0,0,0,0,0,80,-100,51,-69,90,-126,69,-90,41,-64,80,-103,51,-72,85,-111,46,-67,77,-121,54,-100,49,-93,46,-82,46,-67,41,-100,36,-95,33,-90,33,-82,38,-95,25,-72,28,-113,23,-74,41,-111,36,-90,20,-82,23,-80,12,-64,10,-87,10,-80,7,-80,12,-72,15,-93,5,-64,10,-87,7,-69,25,-100,23,-77,10,-69,23,-69,18,-62,12,-54,5,-72,15,-59,15,-49,23,-56,12,-43,15,-64,18,-41,28,-59,28,-36,20,-46,23,-23,18,-23,23,-23,20,-25,20,-23,20,-20,0,0,0,0,0,0,0,0,0,0]"""
1782313071536,2026-06-24T23:57:51.536,warning,bed_exit,yja,bed_exit_failed,t030,"CSI_DATA,334330,1a:00:00:00:00:00,-66,11,-99,17,50,11,-1290088512,47,2,256,0,""[0,0,0,0,0,0,0,0,0,0,0,0,-21,-2,-26,-7,-21,-10,-34,-10,-18,-10,-42,-21,-37,-18,-26,-18,-31,-23,-23,-18,-39,-26,-39,-26,-39,-31,-31,-26,-42,-37,-23,-26,-45,-42,-34,-29,-47,-61,-34,-47,-26,-47,-34,-45,-31,-45,-42,-55,-45,-47,-47,-47,-37,-42,-45,-53,-29,-37,-50,-63,-34,-45,-53,-69,-42,-61,-47,-50,-45,-50,-47,-50,-42,-39,-69,-45,-58,-47,-47,-39,-63,-63,-53,-29,-90,-55,-53,-50,-106,-69,-74,-63,-82,-45,-79,-58,-71,-45,-74,-45,-95,-53,-90,-39,-101,-63,-85,-47,-95,-50,-114,-63,-98,-58,0,0,0,0,0,0,-66,106,-45,77,-66,133,-58,98,-31,69,-63,122,-42,74,-63,117,-37,74,-66,127,-55,106,-42,95,-45,85,-42,71,-37,109,-26,98,-34,90,-26,82,-34,93,-21,71,-29,109,-13,71,-37,111,-29,87,-18,85,-26,77,-18,66,-10,90,-13,85,-10,82,-15,71,-18,85,-7,58,-21,87,-7,69,-26,103,-23,77,-15,74,-26,69,-21,58,-15,55,-13,74,-13,63,-10,45,-29,55,-15,42,-23,61,-23,39,-34,55,-29,34,-23,37,-26,26,-23,23,-18,23,-21,23,-18,15,-21,18,0,0,0,0,0,0,0,0,0,0]"""
1782313071540,2026-06-24T23:57:51.540,warning,bed_exit,yja,bed_exit_failed,t030,"CSI_DATA,334331,1a:00:00:00:00:00,-66,11,-99,18,50,11,-1290077163,47,2,256,0,""[0,0,0,0,0,0,0,0,0,0,0,0,-23,5,-31,5,-25,0,-31,2,-31,0,-36,-5,-36,-10,-38,-12,-31,-12,-31,-12,-46,-15,-38,-12,-46,-20,-43,-20,-38,-23,-41,-25,-49,-33,-38,-28,-43,-41,-46,-46,-49,-38,-31,-46,-38,-36,-49,-46,-41,-41,-46,-49,-41,-46,-46,-51,-33,-51,-41,-59,-43,-51,-41,-64,-38,-64,-38,-59,-38,-56,-33,-62,-43,-54,-64,-59,-51,-56,-49,-51,-51,-59,-43,-62,-54,-74,-46,-62,-59,-85,-54,-87,-62,-77,-59,-77,-49,-77,-62,-67,-72,-82,-67,-77,-64,-87,-64,-93,-67,-85,-64,-90,-51,-95,0,0,0,0,0,0,-100,54,-82,49,-118,51,-111,51,-87,38,-111,56,-98,38,-111,43,-87,41,-116,51,-108,41,-100,33,-93,25,-80,41,-93,59,-82,49,-85,49,-77,43,-80,36,-74,31,-87,41,-77,38,-95,38,-87,25,-82,33,-74,23,-72,33,-80,46,-72,41,-77,43,-69,31,-72,33,-72,18,-82,23,-72,18,-85,18,-82,10,-74,5,-72,2,-64,2,-67,7,-72,12,-69,10,-56,2,-54,-2,-51,-7,-54,-10,-43,-12,-51,-20,-46,-23,-36,-15,-33,-18,-25,-18,-28,-18,-25,-20,-20,-15,-20,-20,0,0,0,0,0,0,0,0,0,0]"""
1782313071543,2026-06-24T23:57:51.543,warning,bed_exit,yja,bed_exit_failed,t030,"CSI_DATA,334332,1a:00:00:00:00:00,-66,11,-99,17,50,11,-1290067671,47,2,256,0,""[0,0,0,0,0,0,0,0,0,0,0,0,-10,-29,-10,-26,-7,-39,-5,-23,-2,-37,2,-34,0,-34,-2,-50,2,-31,0,-50,5,-42,7,-45,2,-42,5,-45,0,-39,13,-58,13,-47,10,-58,10,-47,5,-61,5,-63,26,-58,21,-66,10,-63,18,-53,21,-61,21,-58,15,-55,18,-71,13,-53,13,-69,15,-58,0,-79,10,-69,2,-69,13,-74,15,-85,13,-77,7,-77,0,-82,-13,-71,5,-95,0,-77,-21,-90,0,-69,-21,-101,-2,-93,-23,-90,-26,-101,-15,-103,-15,-101,-13,-103,-18,-93,-23,-117,-23,-109,-18,-95,-42,-109,0,0,0,0,0,0,-103,31,-125,39,-90,26,-111,39,-133,39,-93,39,-122,50,-90,37,-111,50,-87,29,-87,31,-106,45,-90,34,-101,53,-87,39,-87,34,-90,42,-85,53,-63,47,-95,58,-71,45,-79,61,-61,42,-69,58,-71,66,-63,50,-74,63,-66,63,-66,50,-69,47,-63,55,-45,53,-74,63,-53,55,-53,61,-45,37,-55,58,-58,45,-53,55,-53,39,-63,39,-53,31,-55,26,-50,31,-42,26,-58,29,-45,18,-45,29,-34,13,-39,18,-37,13,-37,15,-39,7,-34,5,-23,5,-23,-2,-26,-2,0,0,0,0,0,0,0,0,0,0]"""
1782313071547,2026-06-24T23:57:51.547,warning,bed_exit,yja,bed_exit_failed,t030,"CSI_DATA,334333,1a:00:00:00:00:00,-66,11,-99,13,51,11,-1290054802,47,2,256,0,""[0,0,0,0,0,0,0,0,0,0,0,0,29,-5,29,-5,34,0,26,2,37,2,29,0,29,5,42,2,34,13,47,5,37,10,39,13,37,15,45,21,34,18,55,23,47,15,58,23,39,23,42,31,61,34,45,29,61,34,47,23,50,31,50,34,53,37,47,26,66,45,50,34,61,29,47,26,58,23,58,37,71,26,74,26,77,34,69,31,74,34,79,29,77,21,90,29,79,31,85,15,58,21,95,13,77,29,98,2,103,18,103,23,82,29,106,29,103,21,114,18,106,15,95,23,122,13,0,0,0,0,0,0,13,-109,18,-135,15,-90,7,-119,15,-135,13,-98,21,-125,18,-101,15,-114,13,-93,5,-90,7,-109,10,-101,5,-114,2,-90,7,-93,10,-93,7,-101,-2,-85,-2,-109,-7,-87,-10,-95,-7,-69,-10,-74,-2,-95,-15,-87,-13,-95,-7,-82,0,-85,-13,-79,-10,-87,-21,-71,-5,-93,-5,-77,-18,-77,-5,-58,-21,-71,2,-69,-13,-71,-10,-79,0,-71,7,-55,13,-69,7,-66,2,-55,10,-58,13,-45,2,-50,2,-31,10,-42,15,-34,7,-39,18,-34,18,-31,13,-18,21,-18,18,-18,0,0,0,0,0,0,0,0,0,0]"""
1782313071550,2026-06-24T23:57:51.550,warning,bed_exit,yja,bed_exit_failed,t030,"CSI_DATA,334334,1a:00:00:00:00:00,-66,11,-99,18,50,11,-1290046215,47,2,256,0,""[0,0,0,0,0,0,0,0,0,0,0,0,25,-2,23,0,36,2,31,0,36,7,33,10,31,7,43,2,33,10,41,7,43,7,41,10,46,18,46,18,43,12,54,20,46,15,51,20,49,31,49,15,51,25,51,20,56,23,56,31,51,31,54,28,56,25,49,12,64,31,56,20,64,12,62,20,74,15,67,18,69,10,69,7,74,7,80,10,74,15,80,5,72,-5,87,2,74,-7,90,-20,77,-10,100,-28,85,-20,87,-36,93,-28,95,-20,100,-18,95,-18,95,-33,116,-36,105,-28,98,-25,108,-51,0,0,0,0,0,0,-51,-100,-51,-111,-43,-90,-69,-93,-62,-105,-59,-87,-64,-108,-56,-85,-72,-95,-54,-85,-67,-85,-72,-82,-56,-72,-67,-85,-67,-77,-54,-74,-67,-77,-69,-69,-64,-54,-77,-67,-64,-43,-87,-46,-72,-46,-77,-49,-74,-43,-69,-41,-82,-41,-77,-46,-64,-46,-77,-43,-77,-33,-69,-18,-80,-41,-69,-31,-74,-20,-59,-31,-80,-23,-72,-31,-67,-18,-62,-25,-64,-31,-54,-31,-51,-38,-51,-33,-49,-18,-46,-28,-41,-25,-43,-20,-31,-23,-46,-23,-33,-23,-28,-18,-23,-20,-23,-20,-20,-23,-12,-20,-10,-18,0,0,0,0,0,0,0,0,0,0]"""
1782313071554,2026-06-24T23:57:51.554,warning,bed_exit,yja,bed_exit_failed,t030,"CSI_DATA,334335,1a:00:00:00:00:00,-66,11,-99,17,50,11,-1290035353,47,2,256,0,""[0,0,0,0,0,0,0,0,0,0,0,0,18,13,26,21,21,13,26,23,23,21,29,21,29,31,21,21,29,29,23,29,34,31,34,34,29,31,29,26,26,39,29,34,37,39,34,37,37,55,26,47,15,50,34,39,31,50,45,45,42,45,45,42,37,31,47,47,37,39,50,58,53,45,69,55,26,55,37,55,61,37,37,47,47,21,69,10,61,7,53,47,63,26,85,18,106,23,71,13,98,18,58,31,71,13,114,29,74,-15,106,-21,117,-23,111,-39,93,5,119,-13,109,-31,130,-7,117,-2,0,0,0,0,0,0,-21,-106,-29,-98,-31,-127,-29,-109,-26,-90,-34,-111,-34,-93,-42,-111,-39,-90,-42,-117,-42,-106,-29,-87,-39,-82,-39,-82,-69,-85,-63,-74,-55,-71,-55,-63,-53,-74,-55,-55,-71,-66,-69,-58,-74,-71,-66,-71,-63,-55,-61,-58,-61,-42,-77,-39,-71,-39,-71,-34,-63,-37,-77,-47,-61,-21,-66,-31,-74,-34,-87,-39,-63,-50,-63,-29,-58,-45,-50,-34,-58,-29,-71,-18,-53,-26,-42,-15,-45,-29,-47,-21,-53,-21,-39,-26,-45,-34,-34,-26,-31,-26,-23,-26,-23,-15,-15,-23,-26,-21,-18,-18,-13,-18,0,0,0,0,0,0,0,0,0,0]"""
1782313071557,2026-06-24T23:57:51.557,warning,bed_exit,yja,bed_exit_failed,t030,"CSI_DATA,334336,1a:00:00:00:00:00,-66,11,-99,13,51,11,-1290022743,47,2,256,0,""[0,0,0,0,0,0,0,0,0,0,0,0,-21,10,-26,15,-21,5,-29,10,-23,5,-37,10,-37,5,-29,2,-42,2,-26,-7,-37,-2,-45,-5,-45,-15,-45,-13,-58,-15,-37,-7,-58,-10,-50,-10,-69,-23,-55,-37,-45,-31,-53,-21,-39,-29,-47,-37,-47,-39,-50,-34,-50,-34,-58,-37,-39,-23,-63,-31,-53,-29,-71,-47,-55,-39,-58,-31,-55,-45,-58,-31,-50,-26,-71,-31,-55,-37,-53,-37,-69,-45,-66,-15,-85,-29,-63,-39,-106,-53,-69,-37,-90,-34,-77,-53,-77,-34,-74,-45,-106,-47,-90,-45,-109,-55,-90,-42,-95,-47,-114,-71,-90,-58,0,0,0,0,0,0,-69,101,-53,74,-79,122,-55,95,-47,66,-74,109,-55,69,-74,101,-47,66,-79,101,-69,87,-63,71,-58,87,-55,55,-66,79,-66,71,-69,71,-58,66,-74,77,-34,61,-50,87,-39,66,-66,87,-55,77,-45,63,-53,69,-45,47,-55,71,-55,61,-45,61,-45,53,-58,71,-37,45,-53,71,-42,53,-71,74,-61,50,-50,53,-58,39,-50,42,-42,29,-47,45,-47,34,-47,23,-58,26,-31,29,-45,29,-42,15,-63,15,-39,7,-39,7,-37,0,-31,0,-29,2,-29,-5,-26,-5,-26,-5,0,0,0,0,0,0,0,0,0,0]"""
1782313071560,2026-06-24T23:57:51.560,warning,bed_exit,yja,bed_exit_failed,t030,"CSI_DATA,334337,1a:00:00:00:00:00,-66,11,-99,18,49,11,-1290011699,47,2,256,0,""[0,0,0,0,0,0,0,0,0,0,0,0,-84,66,23,101,31,-14,55,72,-29,113,-66,63,23,-26,46,8,-46,-8,-29,49,-72,-23,-66,46,-75,31,-11,29,-66,-2,-37,20,-63,34,-63,23,-75,8,-52,5,-66,8,-43,0,-58,-11,-66,8,-55,0,-60,-2,-55,-2,-63,-2,-52,5,-69,5,-63,0,-84,0,-66,-2,-72,0,-69,-5,-66,-8,-63,-8,-78,5,-72,5,-72,5,-78,11,-66,5,-89,14,-78,17,-107,8,-92,0,-87,8,-92,2,-84,11,-87,17,-107,23,-89,17,-104,20,-104,14,-95,31,-116,20,-110,20,0,0,0,0,0,0,26,113,14,95,23,130,14,116,5,92,20,118,23,95,23,121,20,92,5,127,8,116,2,101,2,92,8,87,23,95,14,92,14,92,14,84,20,98,14,75,26,92,31,84,29,101,14,95,23,78,14,81,14,66,29,84,20,78,11,84,20,69,14,81,17,60,26,75,17,66,23,92,11,81,11,69,8,72,0,58,2,60,11,66,0,60,-2,52,-5,55,-2,49,-2,55,-8,43,-14,58,-14,40,-14,37,-17,31,-11,34,-17,26,-14,31,-14,20,-17,23,0,0,0,0,0,0,0,0,0,0]"""
1782313071563,2026-06-24T23:57:51.563,warning,bed_exit,yja,bed_exit_failed,t030,"CSI_DATA,334338,1a:00:00:00:00:00,-66,11,-99,17,50,11,-1289999524,47,2,256,0,""[0,0,0,0,0,0,0,0,0,0,0,0,26,7,23,10,21,7,26,7,26,5,31,21,26,23,23,21,23,21,29,15,34,23,34,23,39,21,34,21,34,26,31,34,37,34,37,31,45,37,42,55,45,47,31,42,45,39,53,37,50,37,53,37,45,39,45,39,45,37,53,42,50,39,61,47,53,42,55,39,53,39,53,42,58,31,74,31,71,29,66,21,66,26,69,26,79,29,77,21,95,34,93,37,98,31,93,45,77,18,93,10,106,2,93,7,101,15,111,23,111,2,114,10,111,21,0,0,0,0,0,0,10,-109,2,-101,0,-127,21,-111,5,-95,10,-117,-2,-106,0,-114,-13,-95,2,-114,5,-111,2,-101,10,-90,-10,-93,-21,-98,-29,-87,-37,-93,-26,-79,-23,-82,-15,-82,-29,-90,-29,-79,-34,-95,-26,-95,-31,-77,-26,-74,-37,-71,-47,-71,-42,-69,-50,-63,-37,-58,-39,-66,-34,-63,-39,-66,-34,-63,-42,-77,-31,-74,-31,-58,-29,-63,-18,-61,-23,-53,-34,-58,-29,-53,-26,-45,-21,-50,-18,-47,-10,-53,-15,-39,-7,-53,-7,-42,-7,-45,0,-37,5,-29,0,-29,-5,-34,0,-23,5,-26,0,0,0,0,0,0,0,0,0,0]"""
1782313071567,2026-06-24T23:57:51.567,warning,bed_exit,yja,bed_exit_failed,t030,"CSI_DATA,334339,1a:00:00:00:00:00,-66,11,-99,17,50,11,-1289991354,47,2,256,0,""[0,0,0,0,0,0,0,0,0,0,0,0,23,7,21,5,26,7,26,5,29,10,29,10,34,18,31,10,29,15,37,15,42,18,39,15,39,18,39,15,39,21,37,26,42,23,45,23,50,29,61,37,66,21,42,34,47,23,61,31,55,23,53,26,53,26,45,15,61,31,58,23,61,18,69,21,71,21,71,15,71,10,55,10,74,5,77,5,79,0,71,-7,71,-10,79,-2,77,-7,85,-18,82,-15,95,-23,87,-26,79,-29,90,-23,93,-37,101,-39,82,-34,79,-42,106,-50,98,-50,93,-47,109,-53,0,0,0,0,0,0,-61,-93,-58,-95,-74,-93,-69,-82,-63,-77,-69,-85,-74,-90,-63,-85,-79,-74,-71,-82,-77,-77,-79,-61,-61,-63,-82,-63,-85,-61,-77,-47,-79,-45,-77,-42,-74,-31,-82,-45,-74,-31,-82,-26,-90,-31,-95,-26,-87,-15,-79,-18,-79,-10,-93,-7,-82,-10,-79,-7,-77,-5,-63,-2,-82,-7,-79,-7,-79,-2,-79,-10,-85,-7,-77,0,-71,-2,-58,-10,-63,-2,-69,-5,-69,-2,-50,-5,-53,0,-50,-7,-42,-5,-50,-7,-45,-13,-45,-5,-37,-7,-34,-5,-26,-10,-29,-7,-31,-10,-21,-10,-21,-10,0,0,0,0,0,0,0,0,0,0]"""
1782313071570,2026-06-24T23:57:51.570,warning,bed_exit,yja,bed_exit_failed,t030,"CSI_DATA,334340,1a:00:00:00:00:00,-66,11,-99,18,50,11,-1289978421,47,2,256,0,""[0,0,0,0,0,0,0,0,0,0,0,0,-23,-2,-28,-7,-25,-5,-28,-7,-28,-15,-28,-10,-25,-10,-31,-18,-36,-18,-28,-15,-31,-23,-33,-25,-33,-23,-41,-25,-38,-25,-46,-23,-41,-23,-46,-28,-46,-25,-43,-33,-38,-41,-54,-25,-49,-36,-49,-36,-51,-36,-46,-33,-46,-38,-54,-41,-64,-25,-56,-28,-51,-31,-64,-28,-62,-23,-67,-23,-69,-25,-69,-23,-67,-15,-64,-20,-72,-12,-77,-15,-77,-18,-77,0,-82,0,-93,0,-87,-2,-87,-2,-85,5,-95,5,-95,23,-103,12,-95,23,-98,15,-103,18,-100,18,-111,31,-108,28,-111,33,0,0,0,0,0,0,38,108,36,111,41,105,38,103,38,108,33,100,49,95,49,93,46,100,43,93,46,87,36,93,62,85,54,90,46,80,46,77,54,77,56,69,64,74,69,56,69,51,67,64,67,49,72,49,64,49,77,41,72,51,64,59,72,49,64,41,67,46,67,49,80,25,74,28,67,41,64,28,64,28,67,28,56,36,69,25,56,25,49,31,54,31,49,28,49,31,46,25,43,28,36,28,33,20,31,25,28,28,25,23,25,18,23,23,18,25,12,25,15,18,0,0,0,0,0,0,0,0,0,0]"""
1782313071573,2026-06-24T23:57:51.573,warning,bed_exit,yja,bed_exit_failed,t030,"CSI_DATA,334341,1a:00:00:00:00:00,-66,11,-99,14,51,11,-1289969291,47,2,256,0,""[0,0,0,0,0,0,0,0,0,0,0,0,-20,15,-28,18,-20,15,-25,18,-20,15,-33,18,-41,12,-33,10,-36,18,-33,2,-43,12,-41,12,-43,12,-38,7,-49,10,-38,7,-51,12,-49,10,-56,12,-72,0,-59,7,-51,2,-54,0,-59,15,-59,12,-59,10,-54,10,-62,10,-51,12,-59,18,-59,20,-85,18,-72,10,-64,15,-64,7,-62,18,-62,23,-67,38,-67,25,-56,23,-64,23,-56,43,-67,51,-67,49,-95,67,-82,41,-69,56,-90,43,-64,43,-72,59,-77,80,-64,72,-80,64,-95,77,-74,80,-80,82,-93,80,0,0,0,0,0,0,77,90,69,64,100,90,77,85,59,62,87,82,72,59,90,77,72,54,90,87,85,82,69,69,69,59,69,59,95,56,85,46,74,41,67,43,77,46,74,31,82,28,77,33,90,41,82,41,74,33,69,31,74,25,74,18,74,20,74,20,64,18,77,28,64,10,72,15,80,15,93,25,67,28,67,12,69,36,56,18,56,15,69,12,54,20,43,10,41,28,51,12,54,18,38,23,51,28,31,20,31,23,18,28,23,20,23,25,23,18,23,18,12,23,0,0,0,0,0,0,0,0,0,0]"""
1782313071577,2026-06-24T23:57:51.577,warning,bed_exit,yja,bed_exit_failed,t030,"CSI_DATA,334342,1a:00:00:00:00:00,-66,11,-99,18,50,11,-1289958153,47,2,256,0,""[0,0,0,0,0,0,0,0,0,0,0,0,5,-23,5,-25,5,-33,7,-25,15,-31,2,-28,7,-25,15,-33,18,-33,7,-41,15,-31,12,-36,12,-41,20,-38,20,-38,28,-46,20,-43,36,-46,18,-49,28,-46,33,-54,23,-46,28,-64,23,-49,20,-56,23,-56,31,-59,28,-56,33,-67,25,-51,38,-62,18,-54,15,-62,10,-67,2,-67,12,-74,7,-74,18,-64,-2,-77,5,-82,5,-77,12,-90,12,-82,0,-87,-5,-64,-15,-80,-15,-80,-31,-82,-23,-100,-36,-93,-18,-93,-28,-98,-23,-103,-36,-111,-23,-103,-43,-93,-43,-98,0,0,0,0,0,0,-108,36,-116,43,-87,41,-111,31,-113,49,-95,28,-108,49,-85,43,-108,43,-74,51,-74,51,-74,62,-82,67,-72,82,-74,49,-62,67,-62,69,-67,67,-56,62,-69,74,-56,54,-69,67,-33,62,-36,74,-38,72,-33,82,-41,85,-46,72,-31,77,-31,80,-38,82,-25,69,-43,85,-41,64,-33,62,-15,51,-20,67,-23,59,-7,74,-20,72,-18,59,-33,51,-15,62,-28,59,-20,51,-28,46,-28,41,-20,41,-15,33,-18,41,-15,28,-15,33,-18,25,-12,31,-20,12,-18,15,-20,12,0,0,0,0,0,0,0,0,0,0]"""
1782313071581,2026-06-24T23:57:51.581,warning,bed_exit,yja,bed_exit_failed,t030,"CSI_DATA,334343,1a:00:00:00:00:00,-66,11,-99,15,51,11,-1289946058,47,2,256,0,""[0,0,0,0,0,0,0,0,0,0,0,0,0,-20,2,-27,2,-25,5,-27,5,-25,10,-35,12,-32,10,-35,20,-32,15,-32,10,-45,10,-37,17,-40,15,-42,22,-40,30,-40,30,-42,25,-42,35,-50,50,-50,35,-52,37,-35,27,-45,30,-52,25,-47,32,-52,27,-47,37,-50,42,-42,40,-52,35,-52,45,-62,42,-57,42,-57,42,-57,40,-52,27,-57,22,-70,27,-70,20,-67,30,-65,25,-67,30,-77,25,-80,27,-97,27,-95,25,-87,22,-87,35,-87,17,-87,12,-102,10,-95,12,-102,17,-105,12,-113,17,-115,30,-113,0,0,0,0,0,0,-110,-20,-102,-17,-125,-17,-105,-22,-92,-10,-120,-7,-102,-12,-113,-12,-95,-12,-123,-10,-108,-17,-97,-2,-85,-12,-90,-2,-97,15,-92,22,-92,17,-87,10,-92,10,-80,7,-90,15,-75,20,-100,17,-95,10,-80,15,-82,7,-72,25,-77,37,-72,32,-70,37,-67,30,-72,25,-70,17,-77,20,-67,22,-85,20,-75,10,-72,17,-72,15,-60,10,-57,12,-65,20,-57,17,-47,15,-50,7,-47,2,-50,10,-45,2,-50,2,-42,-2,-35,-5,-35,-7,-27,-5,-25,-2,-32,-5,-22,-7,-17,-10,0,0,0,0,0,0,0,0,0,0]"""
1782313071584,2026-06-24T23:57:51.584,warning,bed_exit,yja,bed_exit_failed,t030,"CSI_DATA,334344,1a:00:00:00:00:00,-66,11,-99,20,50,11,-1289936325,47,2,256,0,""[0,0,0,0,0,0,0,0,0,0,0,0,24,0,26,2,21,0,36,7,31,9,36,14,39,14,34,9,31,14,24,17,29,21,36,31,31,29,29,31,36,43,21,31,36,39,26,36,29,56,29,43,26,34,29,56,14,43,14,53,17,63,12,56,4,58,14,70,17,46,21,63,7,61,19,82,9,68,21,61,14,73,9,68,7,61,14,75,9,63,4,63,7,82,21,61,19,80,4,87,4,104,4,78,24,85,0,87,14,90,4,92,12,114,7,95,2,117,-4,97,-2,109,0,126,-4,112,0,0,0,0,0,0,126,12,97,19,129,24,112,24,80,26,114,34,85,19,109,36,90,24,114,36,100,26,82,29,95,34,75,39,85,48,82,46,82,43,75,43,95,43,65,21,85,31,73,36,92,41,80,36,75,31,90,26,58,36,73,43,75,43,61,39,58,43,73,56,61,29,70,46,58,43,75,56,48,51,53,43,53,53,46,56,36,41,34,48,29,48,17,48,19,56,19,36,26,46,12,46,14,56,4,36,9,36,0,36,0,29,0,34,-7,34,-9,24,-9,21,0,0,0,0,0,0,0,0,0,0]"""
1782313071587,2026-06-24T23:57:51.587,warning,bed_exit,yja,bed_exit_failed,t030,"CSI_DATA,334345,1a:00:00:00:00:00,-66,11,-99,20,50,11,-1289922014,47,2,256,0,""[0,0,0,0,0,0,0,0,0,0,0,0,-24,-12,-17,-7,-29,-14,-26,-12,-29,-19,-17,-17,-19,-24,-29,-26,-17,-29,-26,-34,-19,-36,-17,-39,-19,-34,-17,-43,-17,-36,-17,-53,-12,-41,-19,-51,-4,-43,-2,-43,0,-58,-2,-48,-2,-70,-7,-63,2,-56,0,-65,4,-65,-2,-53,4,-75,2,-56,2,-68,4,-48,-2,-68,9,-65,0,-68,4,-70,7,-78,12,-75,14,-75,0,-80,-7,-68,12,-92,12,-75,-12,-85,14,-65,2,-95,19,-85,-7,-87,9,-104,7,-104,12,-90,21,-97,17,-92,29,-119,14,-109,19,-90,12,-112,0,0,0,0,0,0,-104,-19,-124,-24,-90,-26,-112,-24,-124,-43,-95,-26,-126,-39,-87,-29,-112,-34,-85,-39,-92,-34,-102,-39,-90,-41,-100,-36,-85,-34,-78,-46,-85,-39,-82,-31,-65,-19,-100,-48,-78,-26,-87,-31,-68,-26,-70,-29,-85,-29,-75,-34,-92,-41,-73,-31,-65,-36,-75,-41,-78,-31,-58,-24,-78,-43,-56,-31,-70,-36,-48,-34,-63,-36,-56,-41,-58,-39,-51,-43,-48,-53,-39,-43,-39,-53,-36,-51,-34,-34,-31,-53,-17,-41,-29,-34,-9,-29,-17,-43,-7,-39,-12,-34,-7,-29,2,-39,0,-26,4,-26,9,-21,0,0,0,0,0,0,0,0,0,0]"""
1782313071591,2026-06-24T23:57:51.591,warning,bed_exit,yja,bed_exit_failed,t030,"CSI_DATA,334346,1a:00:00:00:00:00,-66,11,-99,14,51,11,-1289914354,47,2,256,0,""[0,0,0,0,0,0,0,0,0,0,0,0,23,-12,28,-15,12,-10,20,-15,23,-15,31,-15,36,-2,36,-2,33,-7,33,-2,41,-12,49,-15,41,-15,43,-18,51,-10,33,-10,54,-10,51,-15,56,-10,62,-2,59,5,54,-10,56,0,62,-15,59,-15,62,-15,54,-15,69,-10,46,-23,59,-25,62,-15,74,-25,67,-7,59,-23,67,-15,64,-20,56,-28,56,-41,54,-43,51,-43,69,-41,38,-51,54,-62,62,-56,82,-74,74,-43,69,-56,85,-54,59,-67,54,-74,51,-90,46,-93,62,-87,59,-87,36,-103,56,-100,54,-93,0,0,0,0,0,0,-105,-59,-87,-43,-116,-59,-90,-67,-82,-36,-108,-51,-82,-28,-113,-38,-87,-31,-111,-46,-103,-43,-82,-51,-90,-33,-77,-23,-95,-15,-98,-12,-87,-5,-82,-5,-95,-18,-77,7,-95,7,-82,-2,-100,2,-87,-5,-72,-10,-85,5,-72,0,-74,23,-74,18,-69,15,-69,10,-82,7,-56,31,-69,33,-69,20,-87,28,-69,2,-64,18,-72,0,-62,7,-56,12,-59,28,-51,18,-43,20,-56,5,-46,18,-54,15,-49,0,-54,0,-41,-5,-41,-5,-31,-10,-31,-2,-23,-5,-36,-2,-25,0,-23,-5,0,0,0,0,0,0,0,0,0,0]"""
1782313071594,2026-06-24T23:57:51.594,warning,bed_exit,yja,bed_exit_failed,t030,"CSI_DATA,334347,1a:00:00:00:00:00,-66,11,-99,15,51,11,-1289902477,47,2,256,0,""[0,0,0,0,0,0,0,0,0,0,0,0,7,22,7,30,2,22,2,30,7,27,0,37,-5,37,-7,32,0,35,-7,35,-7,45,-10,42,-10,45,-10,42,-12,45,-12,37,-12,52,-15,50,-27,57,-22,50,-22,37,-27,52,-22,47,-25,60,-27,60,-25,57,-25,50,-20,57,-22,50,-22,65,-20,60,-27,77,-27,65,-25,62,-30,65,-27,52,-15,62,-15,77,-25,70,-20,67,-17,77,-10,72,0,85,-5,82,-15,110,-5,90,-7,87,-15,90,-7,87,-7,92,-7,110,0,92,5,100,-2,110,2,105,-5,120,-2,120,0,0,0,0,0,0,113,7,105,5,133,2,110,-12,87,0,120,-12,102,-2,113,-7,95,-7,123,-2,110,-10,95,-2,87,-7,90,2,102,-25,92,-7,90,-10,82,-17,92,-20,75,-20,85,-30,77,-32,100,-25,87,-20,77,-20,75,-15,70,-20,87,-27,80,-22,70,-25,67,-22,70,-32,62,-22,75,-35,62,-35,90,-30,72,-22,67,-20,75,-15,57,-12,57,-17,60,-20,65,-10,50,-7,52,-7,47,-10,52,-10,47,-10,55,2,35,2,40,0,35,10,27,5,27,5,30,7,25,10,17,7,0,0,0,0,0,0,0,0,0,0]"""
1782313071597,2026-06-24T23:57:51.597,warning,bed_exit,yja,bed_exit_failed,t030,"CSI_DATA,334348,1a:00:00:00:00:00,-66,11,-99,19,50,11,-1289889821,47,2,256,0,""[0,0,0,0,0,0,0,0,0,0,0,0,-25,-7,-25,-12,-25,-7,-27,-10,-22,-15,-30,-12,-30,-12,-32,-12,-37,-15,-35,-27,-32,-27,-30,-27,-35,-27,-37,-27,-42,-27,-45,-27,-40,-22,-42,-35,-45,-32,-40,-30,-40,-37,-57,-25,-50,-35,-47,-42,-55,-35,-50,-35,-50,-35,-55,-35,-65,-30,-65,-30,-52,-27,-62,-22,-65,-15,-62,-15,-70,-17,-70,-12,-72,-12,-67,-20,-77,-12,-80,-10,-82,-5,-75,2,-80,7,-90,2,-72,12,-80,15,-82,25,-87,22,-95,32,-102,30,-97,22,-105,30,-97,32,-90,35,-102,40,-102,47,-105,50,0,0,0,0,0,0,60,100,57,105,50,95,57,100,62,97,52,95,70,87,67,80,65,92,60,72,67,65,60,70,82,57,77,67,65,70,72,65,70,60,75,60,82,55,82,40,75,32,75,45,70,27,80,22,80,25,95,12,82,22,75,17,77,17,75,12,82,12,80,15,82,2,80,0,77,7,72,-2,67,2,75,0,70,2,67,-5,67,0,57,7,65,5,55,5,57,10,52,5,47,2,47,5,40,7,37,0,37,7,37,2,32,2,32,10,25,12,20,12,20,10,0,0,0,0,0,0,0,0,0,0]"""
1782313071600,2026-06-24T23:57:51.600,warning,bed_exit,yja,bed_exit_failed,t030,"CSI_DATA,334349,1a:00:00:00:00:00,-66,11,-99,21,50,11,-1289881297,47,2,256,0,""[0,0,0,0,0,0,0,0,0,0,0,0,26,11,23,16,26,14,21,11,33,18,26,16,23,11,28,23,37,18,33,23,23,30,30,30,33,23,26,37,33,35,35,40,30,33,30,45,30,28,30,37,30,47,45,40,45,49,26,49,37,47,37,49,40,61,40,52,45,49,52,28,37,52,33,35,68,37,75,37,42,35,87,42,78,64,49,66,66,61,75,28,68,49,61,37,45,21,90,42,78,35,99,11,104,21,75,21,123,45,99,56,82,56,97,66,104,14,109,33,106,42,85,35,104,11,0,0,0,0,0,0,30,-118,42,-123,18,-97,30,-106,35,-113,30,-97,21,-113,18,-90,28,-109,14,-90,7,-94,4,-92,-9,-111,-4,-101,9,-85,4,-97,-9,-92,7,-90,-7,-87,-4,-94,-11,-73,-14,-92,-21,-71,-28,-71,-33,-71,-33,-82,-28,-78,-11,-73,-18,-71,-28,-78,-18,-87,-21,-80,-30,-82,-23,-61,-23,-73,-28,-56,-30,-56,-42,-61,-30,-54,-26,-64,-26,-56,-11,-56,-18,-49,-4,-59,-9,-54,-11,-56,-4,-45,-7,-52,-4,-35,-7,-35,-14,-40,-4,-33,-9,-37,4,-35,2,-23,7,-26,9,-26,0,0,0,0,0,0,0,0,0,0]"""
1782313071604,2026-06-24T23:57:51.604,warning,bed_exit,yja,bed_exit_failed,t030,"CSI_DATA,334350,1a:00:00:00:00:00,-66,11,-99,20,50,11,-1289870342,47,2,256,0,""[0,0,0,0,0,0,0,0,0,0,0,0,9,-24,7,-19,12,-26,12,-24,19,-26,14,-21,12,-26,21,-31,14,-39,17,-36,29,-29,26,-34,24,-31,34,-34,31,-31,36,-39,29,-36,48,-34,29,-39,31,-36,39,-41,29,-53,39,-56,43,-34,36,-41,39,-43,46,-46,39,-48,43,-51,41,-46,48,-51,24,-46,24,-56,24,-58,21,-65,21,-73,24,-70,34,-63,21,-70,34,-78,24,-70,26,-80,24,-78,29,-78,9,-73,0,-90,-12,-92,-14,-92,-7,-95,-9,-102,12,-87,0,-107,-7,-109,-19,-109,12,-109,-21,-107,-12,-107,0,0,0,0,0,0,-109,24,-124,7,-95,12,-114,17,-117,21,-102,2,-109,17,-92,19,-114,12,-85,34,-82,39,-82,46,-92,61,-85,48,-90,29,-82,43,-73,43,-85,36,-78,41,-87,53,-65,46,-78,48,-51,46,-46,58,-51,56,-53,75,-53,75,-63,48,-56,53,-43,68,-51,61,-43,63,-51,63,-46,58,-46,61,-34,53,-31,56,-29,61,-19,53,-29,65,-34,53,-51,41,-31,48,-39,46,-36,36,-34,39,-31,34,-39,31,-24,31,-26,36,-24,34,-24,34,-24,26,-24,19,-21,9,-21,14,-19,9,0,0,0,0,0,0,0,0,0,0]"""
1782313071607,2026-06-24T23:57:51.607,warning,bed_exit,yja,bed_exit_failed,t030,"CSI_DATA,334351,1a:00:00:00:00:00,-66,11,-99,20,50,11,-1289859354,47,2,256,0,""[0,0,0,0,0,0,0,0,0,0,0,0,-4,-21,-2,-29,-2,-24,-2,-29,-2,-26,2,-34,2,-34,2,-31,2,-39,9,-29,14,-34,19,-36,17,-41,19,-43,26,-53,14,-39,24,-51,26,-43,31,-48,24,-56,12,-41,26,-63,36,-36,39,-46,41,-48,41,-43,43,-41,46,-51,26,-46,31,-56,36,-51,43,-65,34,-53,31,-63,31,-65,36,-63,34,-53,29,-65,31,-58,39,-58,46,-70,26,-65,24,-78,36,-80,46,-92,34,-68,21,-92,41,-85,21,-87,36,-92,39,-95,41,-95,43,-102,34,-97,36,-102,39,-117,39,-102,0,0,0,0,0,0,-114,-39,-97,-41,-117,-48,-104,-36,-82,-36,-109,-51,-90,-29,-107,-43,-92,-34,-102,-51,-97,-34,-78,-36,-95,-29,-75,-39,-82,-43,-87,-39,-82,-31,-78,-31,-97,-31,-65,-19,-90,-19,-75,-19,-92,-19,-90,-17,-73,-12,-90,-12,-68,-17,-78,-17,-78,-17,-70,-17,-68,-21,-82,-21,-65,-4,-75,-4,-70,-9,-92,-19,-65,-14,-70,-7,-65,-21,-65,-17,-56,-19,-58,-17,-53,-17,-46,-21,-48,-26,-41,-19,-46,-17,-39,-26,-39,-34,-24,-26,-31,-24,-24,-29,-24,-17,-14,-26,-19,-19,-14,-21,-12,-17,0,0,0,0,0,0,0,0,0,0]"""
1782313071611,2026-06-24T23:57:51.611,warning,bed_exit,yja,bed_exit_failed,t030,"CSI_DATA,334352,1a:00:00:00:00:00,-67,11,-99,18,50,11,-1289847314,47,2,256,0,""[0,0,0,0,0,0,0,0,0,0,0,0,-10,-25,-5,-20,2,-28,0,-25,2,-31,-5,-25,2,-28,7,-41,5,-36,10,-38,7,-36,15,-41,18,-36,28,-46,20,-36,33,-51,25,-41,41,-43,25,-31,28,-41,38,-59,38,-38,43,-56,38,-36,38,-43,41,-41,49,-38,36,-41,59,-43,46,-31,51,-38,36,-23,41,-43,43,-51,41,-49,56,-56,59,-54,54,-38,62,-51,69,-51,51,-49,72,-49,59,-43,64,-54,43,-38,51,-72,56,-56,46,-77,77,-74,69,-77,72,-38,87,-62,74,-69,74,-69,93,-54,74,-56,85,-74,0,0,0,0,0,0,-59,-98,-64,-113,-38,-67,-49,-90,-67,-118,-41,-82,-46,-116,-38,-82,-43,-108,-36,-72,-46,-67,-56,-85,-54,-85,-62,-93,-36,-74,-49,-80,-43,-80,-41,-90,-36,-67,-46,-95,-36,-67,-43,-85,-31,-49,-33,-62,-51,-72,-46,-67,-56,-77,-25,-67,-38,-69,-46,-67,-38,-77,-38,-67,-28,-82,-23,-64,-31,-72,-15,-49,-28,-59,-28,-56,-38,-54,-28,-64,-20,-67,0,-56,-7,-62,-2,-64,-2,-51,7,-54,10,-41,0,-46,5,-31,0,-43,7,-36,-2,-41,12,-38,10,-31,15,-25,20,-23,15,-20,0,0,0,0,0,0,0,0,0,0]"""
1782313071614,2026-06-24T23:57:51.614,warning,bed_exit,yja,bed_exit_failed,t030,"CSI_DATA,334353,1a:00:00:00:00:00,-67,11,-99,15,51,11,-1289837354,47,2,256,0,""[0,0,0,0,0,0,0,0,0,0,0,0,15,-15,25,-15,20,-10,30,-12,22,-12,32,-10,32,-2,30,-5,35,0,32,2,42,0,45,-2,42,5,45,10,52,15,35,2,50,7,45,10,60,25,45,32,35,32,60,25,42,30,60,30,57,32,47,25,50,30,57,37,45,22,60,32,47,30,70,42,52,55,50,37,50,52,50,42,52,32,65,27,67,35,55,32,60,50,67,22,80,27,77,47,92,57,57,47,72,50,65,67,70,52,80,52,100,45,87,45,85,55,85,52,95,52,105,70,92,80,0,0,0,0,0,0,87,-90,70,-72,87,-102,80,-75,65,-62,85,-87,60,-67,87,-87,65,-67,80,-82,82,-62,75,-50,72,-65,75,-50,72,-67,67,-67,65,-60,62,-57,82,-60,45,-57,57,-65,57,-52,72,-65,75,-52,57,-45,67,-52,55,-42,60,-57,57,-57,55,-52,55,-45,65,-50,37,-50,57,-57,52,-45,75,-50,70,-27,62,-35,67,-22,60,-22,52,-25,52,-32,57,-25,45,-15,55,-7,37,-22,47,-15,50,2,57,2,35,5,37,2,35,10,32,10,27,10,30,5,25,5,20,7,0,0,0,0,0,0,0,0,0,0]"""
1782313071617,2026-06-24T23:57:51.617,warning,bed_exit,yja,bed_exit_failed,t030,"CSI_DATA,334354,1a:00:00:00:00:00,-67,11,-99,21,50,11,-1289825925,47,2,256,0,""[0,0,0,0,0,0,0,0,0,0,0,0,-18,-16,-18,-16,-14,-26,-11,-26,-11,-26,-11,-28,-18,-33,-14,-37,-9,-33,-9,-40,-11,-40,-4,-42,-4,-42,-2,-42,-11,-42,0,-61,4,-47,-7,-54,4,-45,-2,-61,-7,-68,9,-52,7,-64,9,-61,9,-52,9,-56,9,-64,2,-54,21,-66,16,-54,4,-73,9,-56,0,-71,4,-64,0,-64,9,-61,11,-78,11,-82,11,-75,7,-75,-7,-64,14,-90,7,-80,-4,-78,4,-73,-11,-111,0,-90,-11,-92,2,-90,0,-99,14,-94,4,-97,0,-92,7,-128,9,-104,4,-92,2,-109,0,0,0,0,0,0,-99,-2,-116,-2,-104,-4,-118,4,-118,-9,-92,0,-125,-9,-92,-4,-109,-7,-99,-11,-104,-2,-111,9,-94,-7,-101,4,-101,0,-92,-4,-92,2,-87,-2,-66,7,-104,0,-80,0,-87,14,-78,4,-90,11,-85,23,-71,4,-90,14,-78,11,-78,7,-82,7,-82,11,-61,18,-90,0,-68,4,-78,7,-61,-4,-71,9,-68,-4,-75,2,-61,0,-66,-9,-64,-7,-52,-14,-52,-14,-47,-4,-52,-18,-40,-18,-45,-14,-30,-14,-45,-9,-35,-18,-35,-16,-28,-18,-23,-16,-21,-21,-14,-18,-16,-18,0,0,0,0,0,0,0,0,0,0]"""
1782313071621,2026-06-24T23:57:51.621,warning,bed_exit,yja,bed_exit_failed,t030,"CSI_DATA,334355,1a:00:00:00:00:00,-66,11,-99,17,51,11,-1289815314,47,2,256,0,""[0,0,0,0,0,0,0,0,0,0,0,0,11,28,0,23,-2,33,-4,28,-9,33,0,28,-4,30,-4,33,-11,35,-11,42,-18,30,-14,40,-21,37,-28,40,-33,33,-35,33,-35,26,-45,28,-30,30,-42,35,-54,40,-47,28,-54,37,-56,23,-54,28,-49,26,-56,18,-52,14,-73,18,-64,11,-59,11,-52,16,-61,23,-59,21,-66,26,-64,23,-71,23,-66,4,-73,23,-90,14,-75,11,-90,4,-75,2,-85,4,-59,11,-82,18,-78,14,-82,37,-106,18,-101,21,-97,2,-104,4,-92,0,-109,11,-111,-18,-104,4,-106,-16,0,0,0,0,0,0,-28,106,-42,120,-26,90,-35,97,-37,123,-42,78,-61,109,-45,80,-59,99,-30,82,-30,80,-33,85,-33,92,-35,104,-45,71,-33,80,-37,85,-49,80,-45,71,-54,80,-40,64,-56,66,-33,64,-37,59,-42,75,-37,78,-37,80,-52,59,-45,66,-42,68,-54,61,-45,54,-64,61,-54,47,-61,45,-40,42,-49,49,-47,52,-49,47,-54,40,-56,37,-54,23,-56,30,-61,16,-52,14,-54,11,-42,4,-49,0,-30,-2,-40,0,-35,-2,-33,4,-37,-7,-33,-11,-23,-14,-23,-14,-21,-14,0,0,0,0,0,0,0,0,0,0]"""
1782313071624,2026-06-24T23:57:51.624,warning,bed_exit,yja,bed_exit_failed,t030,"CSI_DATA,334356,1a:00:00:00:00:00,-67,11,-99,19,50,11,-1289801764,47,2,256,0,""[0,0,0,0,0,0,0,0,0,0,0,0,22,-7,27,0,25,2,32,0,25,2,37,12,35,10,32,10,35,17,25,17,37,22,37,22,37,27,35,32,45,37,25,25,37,40,27,35,37,57,37,55,35,50,17,55,15,42,27,60,25,55,17,52,15,52,17,62,17,47,22,70,15,55,25,87,7,72,10,65,5,70,5,60,7,60,20,75,17,75,10,67,5,80,15,57,15,87,5,75,5,113,-2,85,5,87,-10,90,-2,92,-2,92,0,113,7,92,-7,110,-12,92,-5,108,-15,120,-17,102,0,0,0,0,0,0,118,30,85,20,135,42,95,42,65,27,108,47,85,35,118,57,80,30,105,62,90,60,75,47,77,50,67,45,92,52,82,40,77,45,75,47,85,52,57,35,82,52,57,37,87,55,72,55,62,50,65,52,47,42,70,50,62,45,55,47,50,45,57,60,45,42,60,60,47,47,62,75,37,67,37,60,30,65,15,55,20,50,35,57,17,57,17,47,12,60,12,42,12,52,2,45,0,57,-7,40,-5,40,-12,30,-5,30,-10,27,-5,27,-10,20,-15,17,0,0,0,0,0,0,0,0,0,0]"""
1782313071627,2026-06-24T23:57:51.627,warning,bed_exit,yja,bed_exit_failed,t030,"CSI_DATA,334357,1a:00:00:00:00:00,-67,11,-99,17,50,11,-1289788612,47,2,256,0,""[0,0,0,0,0,0,0,0,0,0,0,0,-5,-26,-5,-26,2,-26,5,-31,5,-29,10,-31,13,-29,18,-31,18,-29,15,-34,21,-39,18,-37,29,-34,26,-34,34,-37,45,-29,45,-34,45,-21,55,-23,55,-29,47,-26,55,-18,53,-10,53,-26,58,-15,55,-13,66,-13,53,-2,58,-13,66,-5,82,-13,79,-13,71,-7,63,-15,53,2,82,23,47,18,71,-23,87,-29,50,-15,101,-2,50,5,79,5,66,-29,77,-21,85,7,101,-13,63,23,71,45,58,-7,101,-7,111,10,85,26,93,37,106,45,101,23,87,39,0,0,0,0,0,0,50,-101,45,-85,50,-103,71,-87,55,-77,63,-90,58,-79,74,-82,58,-79,71,-85,79,-82,61,-69,69,-53,61,-63,61,-82,58,-74,53,-77,50,-63,63,-61,61,-55,69,-61,53,-58,69,-63,69,-45,66,-53,61,-37,61,-45,61,-61,58,-50,58,-53,58,-45,61,-37,63,-29,71,-37,63,-31,79,-34,74,-21,63,-21,69,-10,63,-7,55,-10,69,-13,58,-7,53,-5,53,0,47,7,50,13,42,7,42,18,39,15,34,15,29,26,23,21,18,18,26,15,23,18,15,18,0,0,0,0,0,0,0,0,0,0]"""
1782313071630,2026-06-24T23:57:51.630,warning,bed_exit,yja,bed_exit_failed,t030,"CSI_DATA,334358,1a:00:00:00:00:00,-66,11,-99,18,50,11,-1289779725,47,2,256,0,""[0,0,0,0,0,0,0,0,0,0,0,0,2,23,0,25,-2,28,-7,33,-2,28,-10,36,-15,38,-12,31,-18,31,-12,33,-18,43,-18,38,-18,43,-15,41,-36,41,-25,25,-36,36,-28,31,-43,49,-54,41,-43,49,-46,28,-38,25,-43,41,-41,38,-51,36,-49,31,-54,31,-46,28,-56,36,-49,31,-72,43,-69,31,-59,31,-62,31,-54,28,-51,31,-56,46,-59,51,-51,38,-67,43,-56,33,-74,51,-64,46,-90,56,-87,43,-74,41,-82,41,-77,41,-74,51,-90,69,-67,54,-93,54,-82,49,-87,67,-103,64,-98,51,0,0,0,0,0,0,46,100,41,90,56,124,28,105,31,77,41,111,36,87,41,113,33,77,33,116,25,105,23,93,20,80,33,80,41,87,41,82,43,82,38,77,31,87,20,69,31,87,25,67,36,93,31,85,33,72,20,74,25,59,38,77,38,72,36,67,25,64,25,67,15,67,25,80,18,62,20,93,12,80,15,72,7,67,-2,56,5,59,10,62,10,59,2,51,-5,59,-5,46,-5,54,-10,43,-18,49,-18,33,-12,41,-15,33,-15,31,-12,25,-18,28,-18,18,-18,15,0,0,0,0,0,0,0,0,0,0]"""
1782313071633,2026-06-24T23:57:51.633,warning,bed_exit,yja,bed_exit_failed,t030,"CSI_DATA,334359,1a:00:00:00:00:00,-67,11,-99,20,50,11,-1289768859,47,2,256,0,""[0,0,0,0,0,0,0,0,0,0,0,0,4,24,4,21,0,36,0,29,-4,34,-4,26,-2,26,2,41,-7,39,2,43,-2,41,-4,41,-12,39,-12,46,-12,46,-14,58,-9,41,-17,58,-14,51,-21,41,-19,58,-14,56,-12,63,-9,53,-21,61,-12,61,-14,61,-4,58,-19,75,-14,58,-4,65,-9,56,0,70,-2,68,4,73,7,70,4,80,4,70,-2,85,12,87,19,78,17,82,9,73,31,78,19,58,43,85,21,80,61,75,46,95,43,95,31,92,41,92,51,85,63,85,46,104,48,95,70,90,0,0,0,0,0,0,90,-73,102,-78,78,-58,75,-75,97,-82,68,-63,92,-82,70,-68,80,-78,53,-68,56,-65,58,-85,58,-80,58,-92,53,-65,51,-75,48,-80,51,-85,34,-80,43,-95,31,-70,24,-85,26,-68,17,-80,19,-87,12,-80,17,-85,17,-75,17,-78,9,-80,12,-85,-2,-70,19,-95,9,-75,-7,-65,9,-53,-7,-73,9,-70,-7,-73,2,-68,7,-63,9,-56,9,-61,14,-63,4,-53,9,-51,9,-41,0,-48,2,-31,7,-41,4,-34,0,-36,9,-26,7,-36,14,-19,12,-19,14,-14,0,0,0,0,0,0,0,0,0,0]"""
1782313071637,2026-06-24T23:57:51.637,warning,bed_exit,yja,bed_exit_failed,t030,"CSI_DATA,334360,1a:00:00:00:00:00,-67,11,-99,15,51,11,-1289759809,47,2,256,0,""[0,0,0,0,0,0,0,0,0,0,0,0,-15,-20,-10,-17,-15,-27,-10,-22,-12,-30,-7,-35,-7,-32,-10,-40,2,-32,0,-40,0,-40,5,-37,10,-42,7,-45,5,-42,15,-55,12,-47,12,-55,25,-45,20,-57,15,-65,32,-42,27,-62,30,-52,37,-50,37,-50,35,-55,22,-42,47,-55,35,-45,35,-55,40,-42,42,-62,47,-50,37,-55,37,-57,45,-57,47,-62,60,-57,47,-62,35,-62,60,-62,47,-60,47,-75,47,-57,50,-85,57,-67,42,-82,65,-65,62,-70,70,-70,67,-65,60,-75,82,-87,72,-72,65,-60,75,-87,0,0,0,0,0,0,-65,-75,-80,-92,-65,-77,-82,-80,-77,-95,-67,-70,-77,-100,-62,-77,-70,-90,-52,-77,-57,-85,-70,-82,-42,-75,-62,-85,-65,-75,-47,-70,-50,-80,-50,-75,-47,-60,-55,-82,-47,-60,-60,-67,-40,-65,-52,-67,-57,-67,-37,-60,-57,-67,-50,-65,-37,-70,-47,-67,-47,-62,-42,-45,-37,-75,-30,-62,-47,-60,-25,-57,-37,-67,-30,-67,-32,-62,-20,-60,-17,-67,-20,-62,-2,-62,-10,-60,-10,-50,0,-57,2,-45,-5,-50,2,-37,0,-52,7,-37,5,-37,7,-30,10,-30,15,-25,15,-17,15,-17,0,0,0,0,0,0,0,0,0,0]"""
1782313071640,2026-06-24T23:57:51.640,warning,bed_exit,yja,bed_exit_failed,t030,"CSI_DATA,334361,1a:00:00:00:00:00,-66,11,-99,19,50,11,-1289747498,47,2,256,0,""[0,0,0,0,0,0,0,0,0,0,0,0,5,-27,10,-25,10,-25,17,-30,15,-27,17,-25,20,-25,20,-25,25,-30,27,-25,42,-20,40,-22,37,-25,42,-22,47,-12,50,-15,47,-17,55,-5,52,-17,47,-10,50,0,62,-20,65,2,60,5,62,-2,67,10,70,10,65,12,67,5,65,10,65,22,60,7,70,7,70,2,67,12,72,10,72,15,65,30,75,15,75,22,75,17,82,20,80,20,82,22,80,20,80,15,85,22,95,17,97,17,100,25,92,35,100,40,100,45,102,42,100,52,95,42,100,37,0,0,0,0,0,0,62,-92,72,-95,55,-82,70,-90,77,-90,80,-75,72,-80,72,-75,77,-72,67,-65,62,-70,75,-72,67,-80,70,-67,77,-52,80,-57,67,-57,70,-60,70,-57,70,-62,65,-57,70,-47,57,-50,52,-60,60,-57,60,-62,72,-50,65,-42,70,-42,65,-42,70,-40,72,-35,67,-40,65,-35,72,-27,60,-37,65,-32,60,-32,62,-32,70,-20,65,-10,62,2,57,-7,57,5,55,0,50,7,50,7,40,15,37,10,32,10,37,12,32,15,30,15,27,15,17,20,20,12,12,17,0,0,0,0,0,0,0,0,0,0]"""
1782313071643,2026-06-24T23:57:51.643,warning,bed_exit,yja,bed_exit_failed,t030,"CSI_DATA,334362,1a:00:00:00:00:00,-67,11,-99,17,50,11,-1289738355,47,2,256,0,""[0,0,0,0,0,0,0,0,0,0,0,0,21,-10,23,-18,23,-7,26,-10,23,-15,34,-10,42,-7,34,-5,37,-7,37,-2,47,-10,45,-13,45,-13,42,-7,50,-10,45,-5,53,-5,53,-7,61,-2,61,2,55,13,53,-2,63,-2,63,-21,63,-18,58,-13,55,-10,69,-7,55,-13,58,-21,66,-15,74,-21,69,-13,63,-18,66,-10,63,-18,63,-31,63,-47,61,-39,53,-34,66,-34,55,-50,61,-50,61,-58,82,-71,74,-50,63,-63,79,-55,61,-53,58,-74,50,-95,47,-87,55,-77,61,-93,39,-103,50,-90,63,-98,0,0,0,0,0,0,-98,-58,-95,-37,-114,-58,-98,-55,-85,-31,-103,-47,-87,-31,-111,-34,-93,-29,-106,-39,-106,-45,-87,-39,-90,-34,-85,-21,-106,-5,-98,0,-85,7,-77,0,-87,-10,-77,5,-82,15,-85,13,-95,10,-82,2,-77,5,-79,10,-74,13,-79,37,-71,31,-66,31,-61,26,-71,21,-53,29,-61,29,-69,34,-79,37,-74,10,-58,26,-63,15,-58,13,-58,26,-61,37,-50,29,-45,21,-47,15,-39,23,-45,21,-45,15,-55,13,-39,5,-42,10,-34,-2,-31,5,-31,0,-29,7,-26,2,-23,0,0,0,0,0,0,0,0,0,0,0]"""
1782313071646,2026-06-24T23:57:51.646,warning,bed_exit,yja,bed_exit_failed,t030,"CSI_DATA,334363,1a:00:00:00:00:00,-66,11,-99,14,51,11,-1289717091,47,2,256,0,""[0,0,0,0,0,0,0,0,0,0,0,0,31,-2,33,-5,20,-5,33,0,31,-2,31,2,36,2,33,5,43,5,31,10,41,12,41,20,41,20,41,23,54,25,38,15,49,20,49,20,54,28,49,38,49,31,51,33,46,31,46,33,51,36,46,33,49,41,67,41,49,25,64,36,56,31,69,43,54,36,59,33,62,38,64,31,62,28,67,28,64,33,56,33,69,43,72,18,82,18,80,31,95,36,80,20,95,18,87,28,93,18,98,33,105,28,100,23,108,23,100,25,100,31,116,33,103,38,0,0,0,0,0,0,33,-116,33,-98,33,-124,20,-111,23,-93,33,-113,25,-95,28,-105,28,-87,25,-105,20,-105,15,-87,12,-103,25,-82,18,-90,18,-95,23,-90,20,-80,18,-90,-5,-74,-5,-87,0,-85,2,-93,5,-80,-10,-77,0,-87,5,-74,0,-77,5,-80,0,-77,5,-72,2,-90,-12,-67,-10,-72,-5,-74,-2,-85,0,-67,-10,-72,5,-69,2,-64,2,-64,2,-59,7,-49,12,-54,15,-62,0,-46,5,-54,12,-46,20,-49,10,-31,12,-41,20,-31,7,-25,15,-28,18,-23,18,-23,18,-15,0,0,0,0,0,0,0,0,0,0]"""
1782313071650,2026-06-24T23:57:51.650,warning,bed_exit,yja,bed_exit_failed,t030,"CSI_DATA,334364,1a:00:00:00:00:00,-66,11,-99,17,50,11,-1289714706,47,2,256,0,""[0,0,0,0,0,0,0,0,0,0,0,0,-26,-5,-31,-10,-18,-5,-31,-10,-23,-10,-37,-15,-37,-21,-29,-21,-37,-15,-23,-15,-42,-26,-42,-21,-45,-21,-39,-18,-47,-29,-34,-23,-53,-34,-37,-18,-55,-37,-55,-29,-45,-21,-47,-31,-34,-29,-53,-37,-55,-29,-55,-34,-45,-26,-61,-37,-42,-15,-66,-26,-55,-23,-79,-34,-63,-29,-63,-21,-63,-23,-66,-26,-58,-15,-74,-10,-71,-10,-66,-7,-79,-7,-61,2,-93,0,-69,0,-119,7,-90,-7,-93,13,-93,0,-77,13,-77,15,-103,39,-87,31,-103,34,-95,26,-95,47,-114,47,-93,29,0,0,0,0,0,0,42,109,29,77,61,125,45,103,31,69,61,111,45,63,66,109,42,69,71,117,58,87,47,79,55,74,45,58,74,71,71,61,63,61,61,50,74,66,58,31,82,55,61,39,95,55,74,47,69,37,63,37,53,31,82,26,69,21,71,29,61,26,79,37,53,7,77,21,69,18,95,26,69,29,69,21,66,26,53,21,53,18,69,7,61,13,47,10,53,15,42,5,58,18,34,15,55,23,31,18,39,18,23,23,23,10,18,13,29,18,23,13,23,15,0,0,0,0,0,0,0,0,0,0]"""
1782313071653,2026-06-24T23:57:51.653,warning,bed_exit,yja,bed_exit_failed,t030,"CSI_DATA,334365,1a:00:00:00:00:00,-66,11,-99,18,50,11,-1289703886,47,2,256,0,""[0,0,0,0,0,0,0,0,0,0,0,0,-28,2,-23,0,-33,0,-28,-2,-38,-5,-31,-12,-33,-5,-41,-5,-31,-12,-46,-18,-41,-18,-33,-23,-38,-25,-41,-25,-36,-20,-49,-33,-38,-28,-43,-33,-36,-38,-51,-28,-56,-33,-41,-43,-46,-41,-41,-41,-33,-49,-41,-46,-41,-46,-38,-33,-54,-56,-43,-41,-46,-43,-38,-43,-56,-43,-51,-49,-56,-49,-46,-46,-62,-51,-51,-49,-54,-54,-69,-43,-56,-31,-67,-51,-56,-49,-85,-36,-59,-43,-85,-43,-69,-56,-80,-41,-87,-43,-87,-54,-82,-59,-74,-51,-74,-46,-103,-64,-95,-59,-82,-54,-108,-49,0,0,0,0,0,0,-54,105,-59,111,-54,85,-51,103,-67,113,-41,82,-59,111,-46,82,-56,103,-49,77,-49,85,-51,95,-43,74,-49,98,-43,80,-51,74,-54,80,-38,80,-23,72,-43,90,-33,72,-28,87,-25,72,-25,87,-31,87,-25,74,-28,85,-23,80,-25,72,-28,80,-20,74,-2,64,-23,85,-15,72,-20,74,-25,59,-18,74,-31,72,-23,67,-25,59,-33,59,-28,56,-38,49,-28,51,-18,49,-36,43,-31,36,-23,43,-23,25,-25,36,-25,23,-25,25,-28,23,-28,18,-28,12,-23,10,-23,5,0,0,0,0,0,0,0,0,0,0]"""
1782313071657,2026-06-24T23:57:51.657,warning,bed_exit,yja,bed_exit_failed,t030,"CSI_DATA,334366,1a:00:00:00:00:00,-66,11,-99,14,51,11,-1289694013,47,2,256,0,""[0,0,0,0,0,0,0,0,0,0,0,0,18,-18,25,-18,23,-12,31,-23,20,-20,36,-23,33,-18,33,-18,33,-20,33,-10,38,-23,38,-28,38,-28,36,-25,46,-25,33,-12,56,-25,41,-20,64,-28,59,-28,41,-18,56,-20,43,-15,62,-31,51,-38,49,-36,46,-33,62,-38,43,-33,67,-49,46,-28,77,-54,67,-43,56,-46,56,-46,46,-41,38,-41,46,-69,49,-62,36,-54,51,-69,31,-56,38,-85,33,-69,46,-103,46,-80,31,-85,33,-90,33,-85,25,-93,18,-116,7,-98,15,-103,10,-98,15,-113,15,-126,20,-108,0,0,0,0,0,0,-121,-5,-93,0,-147,0,-103,0,-72,0,-118,7,-90,7,-126,18,-85,18,-129,18,-108,15,-90,15,-85,18,-82,23,-93,43,-77,43,-85,43,-72,38,-85,46,-64,33,-80,59,-51,41,-85,67,-74,54,-64,59,-59,43,-43,46,-59,72,-49,69,-38,62,-41,54,-49,67,-33,49,-49,77,-31,62,-56,80,-46,56,-36,56,-46,54,-36,43,-28,46,-25,62,-31,59,-23,43,-36,43,-20,33,-31,46,-25,31,-38,41,-25,28,-25,36,-25,18,-23,23,-20,10,-20,25,-15,15,-20,18,0,0,0,0,0,0,0,0,0,0]"""
1782313071660,2026-06-24T23:57:51.660,warning,bed_exit,yja,bed_exit_failed,t030,"CSI_DATA,334367,1a:00:00:00:00:00,-66,11,-99,19,50,11,-1289681405,47,2,256,0,""[0,0,0,0,0,0,0,0,0,0,0,0,-5,25,-5,32,-7,30,-10,35,-7,27,-22,40,-22,32,-17,30,-22,30,-25,32,-35,37,-30,35,-35,32,-32,32,-37,35,-35,32,-42,40,-37,30,-57,37,-52,25,-52,17,-55,35,-50,27,-55,32,-62,30,-57,25,-55,20,-70,32,-37,22,-72,27,-62,2,-67,32,-72,7,-42,35,-70,15,-40,7,-85,40,-62,17,-85,60,-72,47,-72,7,-72,37,-60,52,-65,55,-133,50,-95,50,-72,12,-80,25,-75,15,-85,72,-102,45,-62,57,-80,37,-92,27,-85,65,-102,40,-115,42,0,0,0,0,0,0,37,108,37,92,50,133,40,105,25,87,37,110,35,95,40,115,32,85,22,118,27,110,20,95,20,87,20,90,32,100,27,92,25,92,27,80,30,80,27,75,35,85,32,75,35,97,32,90,32,75,20,77,20,72,35,82,22,75,17,80,25,70,22,75,25,62,35,75,22,70,20,90,17,75,12,72,2,67,7,55,0,60,7,65,5,57,-2,50,0,52,0,47,-2,55,-7,45,-15,55,-10,37,-12,37,-17,30,-12,30,-15,22,-17,30,-20,20,-15,17,0,0,0,0,0,0,0,0,0,0]"""
1782313071664,2026-06-24T23:57:51.664,warning,bed_exit,yja,bed_exit_failed,t030,"CSI_DATA,334368,1a:00:00:00:00:00,-66,11,-99,19,50,11,-1289672355,47,2,256,0,""[0,0,0,0,0,0,0,0,0,0,0,0,-30,-10,-17,-10,-32,-20,-27,-10,-30,-27,-22,-17,-25,-17,-32,-27,-27,-27,-30,-37,-25,-37,-22,-37,-25,-42,-25,-42,-22,-32,-37,-55,-27,-37,-35,-57,-22,-45,-30,-40,-27,-45,-35,-55,-32,-62,-25,-55,-17,-60,-25,-52,-35,-65,-12,-42,-40,-67,-35,-60,-47,-45,-15,-40,-35,-57,-30,-80,-45,-52,-32,-37,-50,-47,-50,-62,-75,-80,-60,-52,-72,-57,-37,-82,-42,-55,-50,-62,-15,-70,-87,-67,-52,-87,-102,-17,-85,-50,-90,-42,-75,-55,-97,-87,-67,-60,-92,-75,-95,-85,-85,-67,-115,-65,0,0,0,0,0,0,-57,90,-67,125,-47,77,-45,92,-72,120,-42,70,-62,123,-37,80,-60,115,-37,72,-40,90,-47,90,-45,97,-47,118,-42,82,-40,85,-40,87,-35,92,-25,75,-30,105,-12,70,-15,97,-10,70,-10,82,-17,90,0,87,-10,92,-10,82,-15,80,-12,82,-10,87,0,67,-10,100,-2,65,-2,75,-15,55,7,77,-10,77,0,67,-2,70,-12,70,-15,55,-17,65,-15,65,-10,47,-17,60,-15,37,-12,55,-7,25,-12,40,-15,32,-12,40,-17,30,-17,35,-15,20,-17,22,-10,15,0,0,0,0,0,0,0,0,0,0]"""
1782313071667,2026-06-24T23:57:51.667,warning,bed_exit,yja,bed_exit_failed,t030,"CSI_DATA,334369,1a:00:00:00:00:00,-66,11,-99,13,50,11,-1289655638,47,2,256,0,""[0,0,0,0,0,0,0,0,0,0,0,0,-5,-35,0,-29,-122,38,0,-14,14,-59,-38,-152,11,-47,2,-26,32,-119,8,-83,8,-44,5,-23,17,-44,23,-35,32,-23,47,-17,35,-38,38,-44,32,-14,26,-53,32,-41,35,-56,41,-47,50,-35,50,-41,41,-50,50,-50,47,-56,44,-56,44,-50,44,-53,38,-53,41,-59,41,-56,32,-62,35,-74,35,-62,38,-62,41,-62,47,-68,47,-65,26,-77,29,-77,44,-83,29,-86,23,-80,14,-98,26,-101,20,-101,26,-98,35,-101,26,-107,26,-104,23,-110,41,-104,23,-110,20,-113,0,0,0,0,0,0,-104,-32,-116,-41,-113,-32,-110,-14,-116,-20,-107,-26,-113,-26,-101,-26,-95,-26,-101,-11,-101,0,-92,-11,-104,8,-101,-11,-98,-20,-98,-11,-95,-5,-92,-5,-92,-5,-95,8,-89,8,-92,2,-77,8,-89,17,-80,11,-89,23,-80,20,-83,5,-83,11,-80,17,-77,14,-83,14,-83,23,-74,14,-77,11,-74,11,-71,17,-71,17,-68,14,-71,23,-65,5,-62,0,-62,2,-65,0,-68,0,-50,2,-44,0,-41,-5,-44,5,-47,2,-38,0,-41,0,-38,-11,-29,-2,-20,-11,-17,-8,-20,-17,0,0,0,0,0,0,0,0,0,0]"""
1782313071671,2026-06-24T23:57:51.671,warning,bed_exit,yja,bed_exit_failed,t030,"CSI_DATA,334370,1a:00:00:00:00:00,-66,11,-99,18,50,11,-1289650245,47,2,256,0,""[0,0,0,0,0,0,0,0,0,0,0,0,23,18,18,15,25,25,20,15,23,31,20,25,23,28,31,33,28,31,28,41,25,38,18,38,28,43,25,46,23,38,33,54,20,38,36,56,31,46,28,56,36,69,28,49,38,59,28,62,28,56,33,54,33,59,31,38,51,67,33,49,49,56,38,46,62,54,56,51,56,49,62,38,67,56,62,51,64,56,72,49,62,38,85,43,64,28,90,31,67,20,103,23,93,20,95,12,95,20,103,23,100,36,98,25,93,10,129,15,108,18,95,10,121,2,0,0,0,0,0,0,0,-108,-2,-131,2,-98,-18,-111,-12,-131,-7,-87,-23,-134,-12,-90,-18,-124,-25,-87,-31,-95,-36,-100,-36,-87,-31,-108,-31,-87,-28,-82,-36,-93,-41,-87,-36,-67,-56,-87,-46,-59,-62,-74,-46,-54,-59,-62,-62,-69,-64,-54,-72,-69,-59,-64,-56,-59,-64,-56,-64,-46,-56,-31,-74,-59,-54,-43,-69,-41,-46,-33,-74,-41,-62,-41,-59,-31,-62,-33,-62,-38,-51,-36,-43,-43,-46,-41,-38,-31,-49,-33,-31,-23,-43,-25,-28,-15,-38,-28,-25,-23,-25,-25,-28,-23,-20,-23,-18,-25,-15,-20,-12,-20,0,0,0,0,0,0,0,0,0,0]"""
1782313071674,2026-06-24T23:57:51.674,warning,bed_exit,yja,bed_exit_failed,t030,"CSI_DATA,334371,1a:00:00:00:00:00,-66,11,-99,16,50,11,-1289638979,47,2,256,0,""[0,0,0,0,0,0,0,0,0,0,0,0,-13,21,-19,27,-10,21,-21,30,-16,27,-27,30,-38,19,-32,16,-41,24,-35,10,-43,21,-43,21,-43,19,-49,21,-54,16,-35,19,-57,27,-54,19,-65,19,-68,5,-62,-5,-62,10,-57,5,-73,13,-62,16,-60,16,-52,30,-76,13,-43,19,-62,5,-73,19,-87,30,-60,-16,-62,0,-76,21,-65,-5,-65,0,-71,30,-57,35,-98,57,-87,41,-60,41,-73,60,-65,52,-90,62,-131,46,-87,49,-101,38,-95,21,-95,49,-90,82,-84,68,-65,82,-101,71,-73,98,-106,62,-82,62,0,0,0,0,0,0,71,101,68,79,90,115,68,93,57,76,76,95,65,60,79,87,65,65,79,98,71,93,46,84,71,82,52,71,76,71,76,65,71,57,68,49,71,71,62,38,87,46,71,49,82,57,68,62,54,57,68,52,54,49,79,32,73,35,68,38,68,32,76,49,62,19,71,30,73,38,84,43,49,52,62,41,54,57,49,41,52,35,65,27,52,32,46,21,41,43,43,19,46,32,32,35,35,43,19,41,24,32,10,35,19,30,10,27,16,30,16,27,10,24,0,0,0,0,0,0,0,0,0,0]"""
1782313071677,2026-06-24T23:57:51.677,warning,bed_exit,yja,bed_exit_failed,t030,"CSI_DATA,334372,1a:00:00:00:00:00,-66,11,-99,16,50,11,-1289628017,47,2,256,0,""[0,0,0,0,0,0,0,0,0,0,0,0,16,27,13,27,13,32,8,32,5,38,8,32,8,41,8,41,-5,43,10,43,2,52,0,46,0,49,-5,54,-2,43,-21,65,-19,57,-24,52,-27,54,-16,54,-19,57,-32,49,-27,65,-24,60,-30,54,-27,62,-35,57,-27,57,-52,54,-46,49,-43,54,-38,49,-46,60,-46,57,-38,57,-46,57,-43,71,-49,62,-43,71,-49,68,-35,62,-62,68,-60,68,-43,62,-46,62,-57,98,-60,71,-49,93,-68,76,-52,84,-62,79,-65,73,-62,73,-79,98,-73,79,-65,76,-79,84,0,0,0,0,0,0,68,79,87,95,76,82,71,90,79,90,62,84,68,104,62,84,71,90,62,93,62,87,82,84,49,82,71,79,71,76,68,60,65,68,57,68,52,54,60,90,52,73,52,76,52,62,57,73,65,71,41,60,65,62,60,68,54,60,57,60,54,65,52,52,38,82,35,68,41,65,27,62,46,68,32,65,35,62,21,62,27,62,21,65,21,60,13,57,16,52,0,62,0,52,2,46,0,35,-2,49,-5,41,-2,35,-10,27,-8,35,-13,30,-10,21,-13,19,0,0,0,0,0,0,0,0,0,0]"""
1782313071681,2026-06-24T23:57:51.681,warning,bed_exit,yja,bed_exit_failed,t030,"CSI_DATA,334373,1a:00:00:00:00:00,-66,11,-99,17,50,11,-1289613942,47,2,256,0,""[0,0,0,0,0,0,0,0,0,0,0,0,7,-29,5,-29,15,-37,13,-31,29,-34,18,-26,7,-23,13,-45,23,-37,18,-50,23,-31,26,-39,23,-39,37,-37,29,-39,45,-50,34,-39,45,-39,34,-37,31,-53,29,-66,42,-47,42,-58,39,-45,39,-53,45,-53,53,-50,39,-50,58,-58,42,-47,47,-58,31,-45,29,-61,29,-66,21,-74,34,-77,29,-79,39,-63,29,-79,34,-93,10,-85,42,-90,37,-79,18,-90,13,-58,-2,-90,13,-87,-18,-101,2,-119,-10,-109,2,-87,15,-111,7,-109,-5,-114,21,-111,-15,-101,-5,-111,0,0,0,0,0,0,-125,7,-135,21,-90,15,-117,15,-133,18,-109,2,-122,15,-93,18,-122,15,-90,15,-82,23,-93,42,-103,42,-101,55,-82,26,-85,37,-90,42,-93,45,-77,47,-98,45,-74,39,-82,47,-53,37,-53,53,-58,66,-61,66,-63,69,-61,47,-61,61,-58,66,-66,66,-50,61,-74,61,-58,53,-50,53,-37,39,-42,71,-42,55,-31,66,-55,61,-45,50,-45,34,-47,45,-50,42,-42,42,-47,26,-45,21,-37,31,-23,21,-26,31,-29,23,-29,29,-31,15,-31,23,-21,7,-23,2,-21,2,0,0,0,0,0,0,0,0,0,0]"""
1782313071684,2026-06-24T23:57:51.684,warning,bed_exit,yja,bed_exit_failed,t030,"CSI_DATA,334374,1a:00:00:00:00:00,-66,11,-99,15,50,11,-1289606355,47,2,256,0,""[0,0,0,0,0,0,0,0,0,0,0,0,5,-28,11,-31,8,-28,16,-36,8,-33,22,-42,19,-39,19,-42,22,-39,19,-36,22,-50,19,-45,19,-45,22,-45,25,-45,28,-45,36,-53,25,-50,39,-59,45,-59,39,-62,36,-42,28,-56,31,-62,25,-62,28,-62,25,-59,31,-62,25,-59,28,-67,19,-62,33,-78,31,-73,25,-70,25,-67,22,-73,14,-76,2,-87,0,-84,2,-78,2,-84,0,-84,-2,-101,-5,-81,-14,-115,-5,-107,-16,-104,-16,-104,-14,-93,-28,-95,-45,-104,-45,-95,-45,-101,-45,-107,-50,-101,-50,-107,-42,-107,0,0,0,0,0,0,-104,53,-87,50,-115,73,-107,53,-87,53,-101,70,-87,64,-98,76,-76,62,-101,81,-93,73,-76,70,-73,64,-62,64,-62,93,-47,84,-50,81,-42,78,-47,76,-45,76,-45,93,-36,81,-45,95,-39,84,-31,84,-39,70,-19,73,-14,90,-8,81,-11,81,-5,78,-11,81,-14,67,-16,78,-5,70,-14,84,-16,84,-22,76,-14,70,-14,64,-2,64,0,76,-5,64,-2,56,-8,56,-8,50,-8,62,-8,39,-14,50,-16,42,-14,42,-16,36,-14,28,-11,22,-11,33,-5,28,-11,25,0,0,0,0,0,0,0,0,0,0]"""
1782313071688,2026-06-24T23:57:51.688,warning,bed_exit,yja,bed_exit_failed,t030,"CSI_DATA,334375,1a:00:00:00:00:00,-66,11,-99,20,49,11,-1289594965,47,2,256,0,""[0,0,0,0,0,0,0,0,0,0,0,0,-2,35,2,30,-8,38,-8,32,-16,38,-13,32,-13,30,-21,38,-21,46,-27,43,-24,27,-41,35,-35,32,-46,32,-46,27,-52,43,-41,41,-54,35,-46,21,-52,19,-68,19,-62,35,-71,24,-62,13,-71,8,-65,13,-76,13,-65,13,-84,16,-68,13,-71,13,-60,2,-68,16,-73,5,-79,13,-84,21,-90,8,-71,2,-87,-2,-95,5,-90,10,-93,16,-84,13,-93,24,-65,5,-87,19,-84,8,-98,21,-112,13,-112,8,-95,-5,-120,0,-106,5,-117,5,-120,-8,-112,-10,-120,-2,0,0,0,0,0,0,-21,120,-21,139,-21,95,-13,123,-27,131,-27,93,-24,125,-21,106,-38,115,-24,84,-16,84,-32,98,-24,104,-41,109,-30,73,-41,87,-38,90,-43,95,-35,87,-35,104,-16,79,-30,98,-27,71,-24,73,-32,84,-30,93,-43,95,-38,65,-49,71,-38,71,-43,82,-32,76,-46,82,-38,71,-32,71,-38,52,-41,68,-43,60,-41,60,-43,62,-52,54,-46,38,-60,30,-54,38,-54,30,-54,32,-41,21,-46,21,-32,13,-43,19,-38,5,-32,8,-38,0,-32,2,-27,-2,-30,-8,-27,-5,0,0,0,0,0,0,0,0,0,0]"""
1782313071692,2026-06-24T23:57:51.692,warning,bed_exit,yja,bed_exit_failed,t030,"CSI_DATA,334376,1a:00:00:00:00:00,-66,11,-99,16,50,11,-1289583620,47,2,256,0,""[0,0,0,0,0,0,0,0,0,0,0,0,-32,2,-30,-5,-41,-5,-32,-2,-38,-13,-27,-10,-35,-13,-41,-24,-38,-21,-46,-27,-32,-30,-35,-35,-38,-35,-41,-41,-41,-41,-41,-49,-35,-43,-38,-52,-27,-49,-35,-41,-30,-57,-35,-57,-38,-62,-27,-52,-30,-65,-30,-60,-32,-68,-27,-54,-32,-76,-32,-65,-30,-62,-19,-54,-38,-62,-24,-71,-35,-65,-38,-68,-32,-82,-27,-71,-27,-84,-46,-87,-43,-76,-41,-90,-35,-73,-52,-76,-30,-54,-49,-76,-35,-79,-62,-82,-57,-104,-49,-101,-32,-87,-41,-101,-46,-87,-52,-101,-46,-112,-35,-106,-60,-109,0,0,0,0,0,0,-115,49,-134,54,-93,30,-109,43,-131,46,-95,32,-125,41,-98,35,-123,30,-87,27,-90,35,-104,38,-95,30,-115,41,-84,19,-90,21,-90,24,-101,30,-87,32,-98,35,-76,32,-87,38,-73,27,-73,24,-90,24,-79,38,-90,35,-76,27,-90,21,-82,24,-82,30,-71,32,-95,24,-73,19,-73,30,-57,8,-73,24,-79,13,-71,19,-82,10,-71,0,-54,-2,-71,-10,-68,-5,-57,-2,-60,-13,-46,-13,-46,-8,-30,-8,-43,-10,-32,-13,-38,-13,-32,-21,-21,-13,-21,-16,-19,-24,-10,-19,0,0,0,0,0,0,0,0,0,0]"""
1782313071695,2026-06-24T23:57:51.695,warning,bed_exit,yja,bed_exit_failed,t030,"CSI_DATA,334377,1a:00:00:00:00:00,-66,11,-99,15,50,11,-1289571162,47,2,256,0,""[0,0,0,0,0,0,0,0,0,0,0,0,-11,33,-11,25,-19,31,-19,28,-25,28,-19,25,-19,28,-28,31,-39,33,-39,39,-39,19,-39,31,-45,28,-59,19,-53,22,-67,19,-50,14,-67,14,-53,11,-59,8,-78,8,-67,8,-76,16,-70,0,-70,2,-64,2,-76,-8,-70,-2,-87,-8,-67,-11,-70,-14,-50,-14,-67,0,-70,-2,-78,2,-84,-2,-87,-5,-70,-16,-87,-8,-104,-16,-87,-5,-95,-22,-78,-22,-95,-16,-56,-2,-101,0,-93,-5,-104,14,-124,-22,-115,-8,-90,-31,-115,-33,-104,-25,-118,-19,-109,-47,-107,-31,-112,-25,0,0,0,0,0,0,-53,115,-67,135,-39,78,-56,104,-56,132,-56,78,-76,118,-53,84,-73,104,-45,81,-33,81,-42,104,-53,95,-50,115,-56,76,-45,87,-45,93,-62,90,-50,78,-64,90,-42,67,-64,78,-36,62,-36,67,-45,78,-47,81,-45,87,-50,64,-53,73,-45,70,-56,73,-45,64,-76,76,-56,50,-59,59,-42,42,-50,53,-53,47,-47,59,-59,53,-62,47,-53,28,-62,33,-67,28,-53,31,-64,8,-47,5,-50,8,-28,5,-36,11,-39,5,-39,11,-39,0,-36,0,-28,-14,-28,-11,-28,-11,0,0,0,0,0,0,0,0,0,0]"""
1782313071699,2026-06-24T23:57:51.699,warning,bed_exit,yja,bed_exit_failed,t030,"CSI_DATA,334378,1a:00:00:00:00:00,-66,11,-99,14,50,11,-1289552588,47,2,256,0,""[0,0,0,0,0,0,0,0,0,0,0,0,37,118,-69,104,-63,-14,-40,118,29,-37,-43,66,-104,75,2,20,-8,-23,23,23,-46,60,-66,20,-58,14,-23,20,-46,43,-63,23,-69,-2,-60,17,-78,-14,-58,-20,-78,-23,-69,-17,-52,-20,-72,-17,-66,-26,-58,-20,-46,-29,-72,-40,-58,-11,-72,-23,-63,-29,-89,-55,-58,-46,-72,-34,-66,-52,-63,-43,-60,-34,-72,-40,-63,-46,-58,-43,-66,-55,-69,-31,-87,-43,-66,-60,-101,-84,-63,-52,-78,-60,-60,-81,-69,-66,-66,-81,-92,-89,-72,-72,-75,-95,-69,-81,-72,-95,-72,-107,-66,-101,0,0,0,0,0,0,-127,55,-92,34,-139,55,-107,49,-84,23,-130,49,-87,23,-121,34,-92,31,-133,26,-118,17,-89,5,-107,20,-87,-14,-107,5,-104,5,-101,0,-95,-5,-118,-5,-69,8,-104,5,-81,2,-113,0,-101,-8,-78,-8,-101,-8,-69,-17,-89,-17,-89,-20,-84,-20,-75,-23,-89,-26,-66,-11,-89,-20,-66,-23,-95,-40,-69,-40,-69,-34,-60,-43,-60,-43,-37,-34,-58,-37,-40,-46,-34,-40,-34,-55,-34,-26,-37,-40,-26,-40,-23,-58,-11,-37,-14,-34,-2,-37,2,-37,0,-31,0,-31,2,-23,2,-23,0,0,0,0,0,0,0,0,0,0]"""
1782313071702,2026-06-24T23:57:51.702,warning,bed_exit,yja,bed_exit_failed,t030,"CSI_DATA,334379,1a:00:00:00:00:00,-66,11,-99,15,50,11,-1289551321,47,2,256,0,""[0,0,0,0,0,0,0,0,0,0,0,0,14,31,5,31,5,36,0,36,-5,39,2,33,0,36,-2,45,-5,45,-5,53,-19,45,-11,50,-14,50,-31,50,-31,47,-36,56,-31,47,-47,45,-39,45,-39,36,-53,45,-47,50,-56,62,-59,39,-53,45,-53,45,-64,36,-62,36,-78,36,-64,33,-67,28,-59,25,-59,42,-64,45,-59,47,-67,50,-73,47,-73,25,-73,50,-90,42,-78,36,-90,31,-78,28,-98,28,-62,36,-76,53,-81,47,-84,70,-107,56,-95,50,-101,39,-107,42,-101,36,-107,42,-115,16,-107,39,-115,31,0,0,0,0,0,0,5,118,-2,140,5,104,-8,112,8,135,-11,101,-16,135,-8,107,-31,124,2,98,5,98,2,109,5,112,8,124,-16,98,5,95,2,98,-16,101,-14,95,-11,107,-8,81,-28,98,-8,78,-2,81,-2,93,-8,95,2,93,-22,81,-11,90,-5,90,-22,87,-19,78,-33,93,-31,73,-33,73,-25,59,-28,73,-28,73,-22,70,-31,76,-33,67,-45,47,-39,56,-45,47,-42,42,-53,42,-42,19,-45,25,-33,19,-33,22,-39,25,-36,22,-39,14,-33,8,-39,5,-25,2,-28,0,0,0,0,0,0,0,0,0,0,0]"""
1782313071705,2026-06-24T23:57:51.705,warning,bed_exit,yja,bed_exit_failed,t030,"CSI_DATA,334380,1a:00:00:00:00:00,-66,11,-99,14,50,11,-1289539198,47,2,256,0,""[0,0,0,0,0,0,0,0,0,0,0,0,17,17,23,29,8,26,20,40,11,29,17,43,14,37,11,37,17,49,11,34,0,49,8,49,5,52,0,58,-5,78,2,46,-5,66,-8,52,-5,72,-8,78,-11,72,-8,78,-11,52,-23,63,-20,72,-14,69,-20,66,-31,78,-17,58,-23,81,-23,55,-17,89,-20,72,-11,87,-20,75,-11,78,-5,66,-14,78,-5,87,-11,78,-26,101,-2,75,-14,95,-23,87,-11,113,-20,84,0,98,-5,95,2,104,-8,98,-14,116,0,113,-11,130,0,95,-17,124,-11,145,-23,116,0,0,0,0,0,0,136,29,104,37,136,34,107,37,95,14,127,49,92,29,133,37,87,37,121,31,104,17,98,26,113,11,92,20,95,34,98,14,101,17,95,23,118,34,72,8,101,14,75,26,101,14,95,8,92,14,98,5,75,5,87,20,89,8,87,2,81,17,95,29,63,5,92,14,66,23,98,20,81,23,75,14,75,20,69,23,58,17,63,20,63,23,55,29,60,37,40,17,49,34,31,37,46,34,29,26,31,29,23,29,23,26,17,31,20,29,14,26,11,29,0,0,0,0,0,0,0,0,0,0]"""
1782313071709,2026-06-24T23:57:51.709,warning,bed_exit,yja,bed_exit_failed,t030,"CSI_DATA,334381,1a:00:00:00:00:00,-66,11,-99,15,50,11,-1289527645,47,2,256,0,""[0,0,0,0,0,0,0,0,0,0,0,0,-19,22,-28,28,-19,19,-31,28,-22,25,-42,28,-42,19,-42,22,-39,19,-33,11,-47,22,-50,25,-47,22,-42,25,-64,25,-42,11,-70,22,-47,16,-81,16,-62,19,-47,8,-64,14,-56,-2,-70,22,-73,22,-70,11,-64,5,-84,16,-56,19,-81,19,-64,14,-98,28,-76,14,-76,22,-78,16,-70,14,-67,16,-81,36,-73,31,-67,33,-84,33,-62,39,-90,53,-70,39,-118,56,-87,33,-95,56,-95,39,-81,45,-73,53,-95,78,-84,62,-101,67,-95,53,-87,76,-112,87,-93,67,0,0,0,0,0,0,73,104,47,78,93,124,62,98,50,70,87,118,62,70,84,112,56,64,78,118,67,98,62,87,59,84,53,70,78,84,76,73,76,76,67,56,73,81,53,47,84,73,62,47,93,73,70,67,67,53,64,50,53,45,84,50,76,42,70,47,59,45,76,59,56,28,81,50,62,45,95,67,59,53,59,45,56,53,42,42,45,39,62,45,50,39,39,31,42,45,33,28,47,42,31,33,33,62,19,45,22,39,11,39,16,33,8,25,14,33,11,28,8,25,0,0,0,0,0,0,0,0,0,0]"""
1782313071712,2026-06-24T23:57:51.712,warning,bed_exit,yja,bed_exit_failed,t030,"CSI_DATA,334382,1a:00:00:00:00:00,-66,11,-99,20,49,11,-1289516157,47,2,256,0,""[0,0,0,0,0,0,0,0,0,0,0,0,8,30,5,41,2,24,2,41,8,32,0,52,-5,46,-2,38,-5,46,-10,43,-5,57,-8,57,-13,52,-10,52,-16,60,-8,46,-10,62,-10,57,-21,79,-32,62,-35,60,-19,57,-27,54,-19,73,-24,73,-19,65,-19,62,-16,76,-13,62,-10,82,-8,68,-16,93,-19,82,-19,82,-19,76,-8,73,0,71,8,84,0,84,2,76,5,90,19,76,27,87,24,98,27,120,13,104,27,95,16,93,21,90,24,98,49,115,46,95,46,104,41,112,54,112,49,117,49,115,0,0,0,0,0,0,109,-65,93,-49,128,-73,101,-60,84,-46,106,-79,84,-62,112,-76,84,-62,115,-76,98,-65,82,-57,82,-57,79,-57,82,-82,68,-73,71,-71,62,-68,73,-76,43,-68,52,-84,49,-73,65,-93,57,-84,52,-76,52,-71,38,-71,35,-90,43,-76,38,-73,35,-65,38,-82,24,-68,27,-76,27,-76,46,-95,41,-71,32,-76,43,-68,32,-57,30,-57,27,-73,32,-54,24,-52,32,-52,19,-49,27,-52,30,-43,41,-49,27,-32,21,-38,27,-21,21,-21,32,-21,19,-19,24,-16,19,-16,0,0,0,0,0,0,0,0,0,0]"""
1782313071715,2026-06-24T23:57:51.715,warning,bed_exit,yja,bed_exit_failed,t030,"CSI_DATA,334383,1a:00:00:00:00:00,-66,11,-99,15,50,11,-1289506997,47,2,256,0,""[0,0,0,0,0,0,0,0,0,0,0,0,-25,25,-22,19,-36,22,-25,19,-39,14,-33,14,-31,16,-45,31,-42,16,-47,25,-45,16,-53,19,-47,11,-56,2,-50,8,-73,8,-56,11,-76,-5,-53,2,-47,5,-64,8,-70,8,-84,16,-62,-5,-70,0,-70,8,-78,2,-73,11,-81,-5,-70,0,-78,2,-50,0,-67,16,-73,25,-76,31,-84,28,-93,28,-81,14,-87,22,-101,22,-81,33,-101,25,-84,19,-81,33,-56,28,-84,59,-81,42,-73,76,-107,62,-93,67,-81,31,-115,50,-101,53,-98,70,-112,42,-90,59,-104,67,0,0,0,0,0,0,67,101,70,129,53,76,64,104,84,124,47,95,59,118,50,87,62,109,56,70,64,70,81,78,76,84,90,81,56,70,73,70,67,67,70,84,67,64,81,81,67,64,76,73,56,45,67,45,81,42,81,42,93,47,64,50,78,56,81,45,84,53,78,36,81,70,64,53,64,50,45,36,73,31,62,36,70,25,76,45,67,42,42,47,50,47,56,53,47,36,36,47,31,47,36,36,25,28,33,36,25,31,36,31,19,36,25,33,2,25,5,25,5,28,0,0,0,0,0,0,0,0,0,0]"""
1782313071719,2026-06-24T23:57:51.719,warning,bed_exit,yja,bed_exit_failed,t030,"CSI_DATA,334384,1a:00:00:00:00:00,-66,11,-99,15,49,11,-1289496355,47,2,256,0,""[0,0,0,0,0,0,0,0,0,0,0,0,18,-25,18,-25,34,-28,25,-22,28,-22,31,-18,31,-22,44,-28,37,-25,41,-34,44,-22,50,-22,47,-18,53,-18,50,-18,72,-31,53,-28,66,-22,56,-12,47,-22,56,-22,63,-31,72,-28,66,-12,66,-9,66,-15,79,-22,69,-22,85,-28,60,-22,75,-34,53,-25,63,-44,63,-34,69,-41,69,-53,82,-44,75,-37,75,-44,79,-50,66,-50,82,-66,66,-56,66,-69,56,-50,63,-75,69,-69,56,-91,69,-85,69,-88,66,-66,88,-85,75,-94,75,-107,75,-82,63,-91,56,-98,0,0,0,0,0,0,-98,-56,-120,-72,-75,-53,-110,-53,-132,-75,-91,-66,-110,-69,-82,-44,-107,-60,-88,-44,-94,-41,-107,-47,-107,-37,-113,-37,-91,-47,-94,-50,-91,-37,-91,-37,-85,-18,-113,-18,-85,-15,-104,-15,-79,-9,-82,-3,-91,-9,-101,0,-101,-9,-85,-15,-91,-18,-94,-12,-94,-6,-85,0,-98,-9,-79,-3,-88,6,-63,-3,-79,3,-75,0,-75,9,-82,-3,-79,-9,-63,-15,-66,-15,-63,-15,-56,-12,-69,-12,-50,-15,-50,-9,-31,-9,-47,-12,-37,-9,-41,-12,-37,-12,-31,-22,-25,-18,-22,-18,-18,-15,0,0,0,0,0,0,0,0,0,0]"""
1782313071722,2026-06-24T23:57:51.722,warning,bed_exit,yja,bed_exit_failed,t030,"CSI_DATA,334385,1a:00:00:00:00:00,-65,11,-99,14,50,11,-1289485355,47,2,256,0,""[0,0,0,0,0,0,0,0,0,0,0,0,17,-23,29,-29,17,-23,31,-29,23,-23,40,-31,40,-29,29,-23,31,-23,34,-20,40,-34,43,-37,46,-37,43,-37,58,-37,40,-29,60,-40,43,-29,81,-43,63,-26,60,-20,58,-34,52,-26,69,-46,63,-46,52,-43,52,-40,63,-43,49,-37,69,-55,49,-37,81,-58,66,-55,60,-55,60,-52,55,-43,40,-49,43,-75,49,-78,37,-63,55,-78,29,-58,46,-89,34,-75,55,-118,46,-84,31,-95,31,-89,43,-92,23,-89,23,-124,14,-101,20,-110,26,-104,23,-124,26,-142,29,-121,0,0,0,0,0,0,-133,-14,-95,-8,-171,-8,-107,-20,-81,0,-136,-2,-95,-5,-145,-2,-92,2,-145,2,-116,2,-104,8,-92,11,-89,8,-110,29,-98,29,-95,34,-84,31,-101,31,-69,26,-101,37,-72,29,-113,49,-98,40,-81,46,-81,37,-58,43,-75,60,-69,58,-63,52,-60,43,-78,55,-55,37,-78,60,-55,46,-87,72,-78,40,-55,58,-72,40,-55,34,-49,37,-55,52,-55,46,-43,37,-58,37,-31,26,-55,37,-43,20,-63,29,-43,17,-37,20,-37,14,-34,14,-29,8,-34,17,-29,8,-29,11,0,0,0,0,0,0,0,0,0,0]"""
1782313071725,2026-06-24T23:57:51.725,warning,bed_exit,yja,bed_exit_failed,t030,"CSI_DATA,334386,1a:00:00:00:00:00,-65,11,-99,17,49,11,-1289473878,47,2,256,0,""[0,0,0,0,0,0,0,0,0,0,0,0,-14,-29,-8,-26,-8,-44,-5,-29,-5,-47,-2,-38,-2,-41,-5,-50,5,-41,8,-59,8,-50,5,-53,14,-53,20,-47,20,-41,38,-62,26,-47,41,-59,35,-41,44,-41,53,-53,41,-41,50,-62,50,-47,53,-44,56,-53,53,-44,38,-35,80,-44,59,-35,68,-44,53,-23,65,-50,71,-35,62,-50,65,-47,77,-47,77,-44,77,-47,77,-41,65,-38,95,-41,77,-26,83,-44,62,-35,95,-65,89,-44,86,-71,104,-38,104,-53,101,-32,101,-38,86,-41,125,-59,110,-23,92,-29,128,-35,0,0,0,0,0,0,-17,-104,-20,-143,-17,-101,-11,-119,-20,-143,0,-98,2,-152,5,-101,11,-131,-2,-104,0,-104,-11,-122,5,-98,0,-125,0,-107,0,-98,8,-107,8,-104,8,-74,14,-116,2,-83,14,-104,11,-80,8,-92,11,-101,14,-86,5,-110,11,-92,14,-83,14,-89,20,-86,11,-65,41,-92,35,-65,29,-83,29,-53,32,-74,38,-68,29,-71,41,-62,44,-68,47,-53,47,-53,53,-47,32,-38,62,-38,44,-20,47,-29,29,-14,53,-23,47,-17,35,-17,38,-8,41,-8,32,2,29,2,32,2,0,0,0,0,0,0,0,0,0,0]"""
1782313071728,2026-06-24T23:57:51.728,warning,bed_exit,yja,bed_exit_failed,t030,"CSI_DATA,334387,1a:00:00:00:00:00,-65,11,-99,18,49,11,-1289462359,47,2,256,0,""[0,0,0,0,0,0,0,0,0,0,0,0,11,26,14,29,11,31,8,37,14,37,14,52,2,52,2,37,5,49,-5,40,8,58,2,58,-2,58,0,58,2,66,-5,52,2,66,5,58,-2,78,-8,84,-5,69,-14,60,-8,60,0,78,-8,66,-5,72,0,60,0,75,0,63,5,78,2,72,2,98,0,84,2,81,-2,78,8,72,11,69,26,81,17,78,17,75,20,87,37,66,40,89,37,87,49,110,34,92,49,92,34,95,43,87,46,92,72,107,60,81,66,95,60,95,75,95,69,110,69,107,0,0,0,0,0,0,101,-75,81,-63,116,-87,89,-84,72,-66,92,-89,78,-69,95,-84,72,-78,98,-89,89,-87,75,-72,66,-72,72,-63,66,-89,63,-84,63,-81,52,-75,60,-87,40,-75,40,-95,34,-84,49,-104,52,-89,40,-75,40,-81,29,-78,29,-98,29,-84,29,-75,29,-75,23,-92,14,-72,17,-89,20,-75,29,-107,31,-75,26,-78,29,-81,23,-60,23,-66,29,-78,23,-60,20,-49,29,-58,20,-52,20,-60,29,-46,37,-55,26,-37,23,-40,29,-34,23,-23,26,-20,29,-26,20,-23,20,-20,0,0,0,0,0,0,0,0,0,0]"""
1782313071732,2026-06-24T23:57:51.732,warning,bed_exit,yja,bed_exit_failed,t030,"CSI_DATA,334388,1a:00:00:00:00:00,-65,11,-99,18,49,11,-1289446603,47,2,256,0,""[0,0,0,0,0,0,0,0,0,0,0,0,-8,29,-11,29,-11,34,-14,31,-29,31,-17,31,-26,34,-17,34,-23,40,-34,40,-37,34,-34,34,-43,40,-43,40,-49,34,-46,40,-40,40,-52,34,-46,29,-49,46,-52,46,-55,46,-58,46,-63,31,-60,37,-58,37,-63,37,-60,37,-66,49,-60,34,-72,43,-58,43,-55,52,-58,52,-60,55,-55,63,-55,63,-60,52,-63,60,-66,63,-60,55,-58,72,-52,60,-69,72,-46,75,-49,81,-43,84,-49,84,-55,95,-63,98,-69,87,-52,98,-58,92,-52,110,-66,95,-55,101,-66,107,0,0,0,0,0,0,101,69,110,84,98,60,101,60,110,60,92,63,107,66,95,58,98,72,95,46,101,43,92,49,110,31,101,49,87,55,92,40,89,43,95,40,89,40,95,17,84,20,98,34,78,14,95,20,81,17,101,5,92,14,84,29,84,26,81,11,81,20,78,26,87,20,78,14,87,23,69,20,75,8,81,14,81,5,72,11,72,20,58,37,69,20,60,31,49,29,55,26,46,23,46,31,37,20,40,23,37,17,34,23,34,26,26,26,23,23,20,26,14,26,0,0,0,0,0,0,0,0,0,0]"""
1782313071735,2026-06-24T23:57:51.735,warning,bed_exit,yja,bed_exit_failed,t030,"CSI_DATA,334389,1a:00:00:00:00:00,-65,11,-99,18,49,11,-1289441356,47,2,256,0,""[0,0,0,0,0,0,0,0,0,0,0,0,23,-23,23,-17,34,-20,34,-17,34,-14,29,-14,37,-17,46,-20,40,-20,52,-11,52,-8,49,-2,55,0,58,-2,52,-5,72,2,60,2,69,2,52,14,63,-5,84,0,66,14,81,8,66,20,63,23,69,17,69,20,69,11,84,26,66,23,81,14,60,17,72,11,69,23,78,8,81,8,87,17,78,23,84,20,92,20,84,2,95,17,87,20,92,5,69,8,104,-2,92,17,104,-8,118,11,104,11,95,26,113,26,116,17,127,8,118,26,107,23,121,5,0,0,0,0,0,0,23,-118,29,-133,26,-95,14,-127,26,-139,20,-104,34,-130,29,-101,31,-118,23,-98,23,-98,17,-121,14,-107,20,-118,26,-95,26,-92,29,-95,29,-104,14,-87,20,-113,11,-92,14,-104,17,-78,11,-81,8,-98,8,-87,8,-104,17,-81,20,-87,17,-84,20,-92,5,-81,20,-98,26,-81,14,-81,20,-58,8,-84,23,-72,17,-78,20,-75,29,-69,34,-58,43,-58,37,-60,31,-55,37,-52,31,-46,29,-49,23,-26,31,-43,29,-29,29,-31,29,-23,31,-26,31,-8,29,-11,29,-5,0,0,0,0,0,0,0,0,0,0]"""
1782313071738,2026-06-24T23:57:51.738,warning,bed_exit,yja,bed_exit_failed,t030,"CSI_DATA,334390,1a:00:00:00:00:00,-65,11,-99,19,49,11,-1289430356,47,2,256,0,""[0,0,0,0,0,0,0,0,0,0,0,0,-14,-28,-16,-31,-11,-28,-16,-33,-19,-33,-11,-45,-8,-47,-5,-42,-8,-39,-2,-45,-8,-53,0,-53,0,-56,-8,-50,0,-62,0,-50,2,-64,0,-64,8,-76,11,-81,2,-59,19,-70,22,-53,11,-78,16,-73,16,-62,14,-59,25,-67,5,-62,16,-78,11,-70,14,-98,25,-78,14,-76,19,-81,19,-67,8,-64,-2,-84,8,-81,2,-67,8,-87,-8,-70,-11,-90,-2,-95,2,-129,11,-95,2,-101,28,-104,-5,-93,-8,-112,-19,-129,-16,-95,-5,-112,-2,-115,-31,-121,-11,-124,-8,-126,0,0,0,0,0,0,-129,14,-109,16,-143,14,-124,0,-90,5,-121,11,-95,14,-129,11,-101,14,-132,2,-121,0,-98,-2,-101,5,-98,0,-115,19,-101,14,-101,22,-90,19,-107,14,-76,16,-95,25,-87,22,-109,36,-107,14,-87,11,-90,16,-76,14,-93,31,-90,31,-76,25,-73,16,-90,19,-62,33,-81,28,-81,25,-104,31,-84,8,-78,16,-84,8,-67,5,-70,8,-76,16,-64,5,-56,2,-59,2,-50,5,-56,2,-56,-5,-59,-11,-33,-19,-42,-11,-36,-22,-28,-8,-31,-16,-33,-14,-31,-14,-25,-16,0,0,0,0,0,0,0,0,0,0]"""
1782313071741,2026-06-24T23:57:51.741,warning,bed_exit,yja,bed_exit_failed,t030,"CSI_DATA,334391,1a:00:00:00:00:00,-66,11,-99,17,49,11,-1289419356,47,2,256,0,""[0,0,0,0,0,0,0,0,0,0,0,0,0,35,2,29,-11,41,-5,32,-11,41,-17,35,-11,38,-17,47,-14,35,-20,47,-17,53,-23,41,-29,44,-29,47,-20,41,-41,56,-35,44,-38,59,-38,47,-38,41,-47,56,-35,38,-41,62,-44,56,-47,50,-38,62,-32,59,-41,50,-56,68,-47,47,-23,71,-53,53,-44,86,-59,32,-38,56,-50,44,-44,95,-47,56,-74,83,-68,83,-14,56,-26,77,-44,74,-47,95,-2,74,-5,92,-65,101,-29,77,-47,80,-17,134,-32,89,-26,128,-2,116,-23,128,-44,125,-23,107,-14,122,0,0,0,0,0,0,104,23,125,17,110,29,125,5,131,20,107,8,128,23,98,20,125,14,98,17,116,14,116,2,101,17,107,2,107,2,95,8,101,8,98,-2,77,-5,107,2,89,-8,101,-14,86,-2,92,-11,95,-20,86,-5,95,-14,89,-14,83,-8,92,-17,86,-20,65,-26,98,-8,80,-8,83,-29,71,-5,83,-20,80,-11,77,-14,74,-5,80,-5,71,0,65,5,65,8,56,-5,65,8,50,5,56,-2,41,8,53,5,44,11,38,5,32,11,38,8,32,14,26,17,23,14,0,0,0,0,0,0,0,0,0,0]"""
1782313071745,2026-06-24T23:57:51.745,warning,bed_exit,yja,bed_exit_failed,t030,"CSI_DATA,334392,1a:00:00:00:00:00,-66,11,-99,16,50,11,-1289407300,47,2,256,0,""[0,0,0,0,0,0,0,0,0,0,0,0,-27,-5,-35,-10,-30,-8,-35,-8,-38,-10,-43,-21,-41,-19,-35,-16,-46,-19,-32,-30,-38,-24,-35,-35,-38,-38,-41,-43,-41,-49,-32,-32,-43,-41,-38,-43,-41,-52,-41,-52,-35,-41,-46,-60,-27,-52,-30,-60,-35,-62,-30,-57,-32,-60,-32,-68,-35,-54,-43,-54,-38,-62,-43,-68,-35,-65,-41,-65,-35,-65,-38,-60,-35,-60,-46,-52,-46,-65,-43,-62,-41,-73,-65,-49,-65,-57,-62,-79,-68,-79,-43,-68,-65,-68,-49,-82,-73,-68,-65,-90,-79,-79,-79,-79,-82,-82,-71,-79,-87,-82,-79,-90,-73,-82,0,0,0,0,0,0,-104,90,-95,68,-98,73,-84,76,-87,54,-93,79,-76,71,-93,79,-79,68,-87,68,-82,65,-76,52,-82,73,-84,52,-76,62,-76,62,-73,60,-82,62,-84,65,-49,62,-62,71,-65,62,-68,71,-68,65,-62,52,-68,68,-57,52,-57,54,-68,62,-57,57,-60,54,-71,60,-46,65,-54,62,-60,57,-73,60,-65,41,-60,52,-65,35,-62,41,-54,32,-54,41,-57,30,-52,32,-57,21,-41,32,-41,24,-52,16,-54,13,-41,5,-41,5,-41,2,-35,8,-35,0,-32,0,-24,-5,-21,-2,0,0,0,0,0,0,0,0,0,0]"""
1782313071748,2026-06-24T23:57:51.748,warning,bed_exit,yja,bed_exit_failed,t030,"CSI_DATA,334393,1a:00:00:00:00:00,-66,11,-99,20,49,11,-1289396644,47,2,256,0,""[0,0,0,0,0,0,0,0,0,0,0,0,-30,10,-27,10,-35,5,-32,2,-38,5,-41,5,-41,8,-46,13,-35,2,-46,2,-57,5,-49,8,-52,2,-46,2,-46,2,-62,0,-57,0,-65,5,-65,2,-65,-5,-68,5,-52,2,-73,5,-71,8,-65,5,-68,13,-60,10,-54,19,-73,5,-60,8,-73,24,-71,19,-73,32,-68,30,-65,32,-62,32,-79,41,-68,46,-68,46,-57,43,-49,43,-71,62,-62,57,-62,68,-57,71,-57,87,-57,79,-46,82,-54,73,-60,90,-60,93,-49,84,-35,90,-62,112,-52,104,-46,95,-41,117,0,0,0,0,0,0,104,27,123,35,112,30,120,16,123,24,106,13,125,21,104,13,117,2,109,13,117,-2,109,-8,95,-5,109,-8,112,-13,90,-16,98,-19,87,-24,76,-27,98,-27,84,-30,95,-43,84,-35,93,-41,84,-46,71,-35,79,-57,79,-46,73,-46,71,-54,60,-49,52,-52,71,-52,60,-54,57,-57,60,-49,65,-60,54,-52,54,-54,54,-52,49,-49,54,-43,54,-38,41,-38,38,-41,43,-38,35,-32,38,-38,38,-24,38,-35,35,-27,30,-24,30,-13,30,-19,32,-16,24,-8,24,-10,0,0,0,0,0,0,0,0,0,0]"""
1782313071752,2026-06-24T23:57:51.752,warning,bed_exit,yja,bed_exit_failed,t030,"CSI_DATA,334394,1a:00:00:00:00:00,-66,11,-99,16,50,11,-1289386348,47,2,256,0,""[0,0,0,0,0,0,0,0,0,0,0,0,-19,-21,-16,-24,-16,-30,-16,-27,-16,-32,-16,-24,-13,-30,-16,-30,-21,-41,-13,-43,0,-43,-2,-49,0,-52,10,-54,8,-54,10,-57,5,-52,19,-57,19,-49,2,-54,10,-52,16,-68,21,-60,38,-52,38,-60,35,-54,43,-57,41,-57,46,-60,35,-54,41,-54,35,-49,35,-60,30,-65,30,-68,35,-73,43,-62,52,-49,52,-65,62,-62,57,-62,54,-62,46,-57,62,-65,46,-57,38,-65,30,-73,49,-82,68,-93,71,-87,76,-54,84,-73,73,-73,71,-73,101,-60,90,-76,90,-73,0,0,0,0,0,0,-62,-106,-60,-117,-38,-87,-54,-93,-52,-106,-30,-93,-35,-115,-32,-101,-24,-112,-27,-84,-41,-82,-38,-87,-49,-98,-35,-104,-5,-87,-19,-95,-19,-93,-5,-101,-16,-95,-19,-93,-19,-82,-16,-93,-10,-76,-21,-79,-21,-82,-24,-87,-24,-87,8,-79,0,-90,-5,-79,5,-84,2,-82,5,-90,5,-82,13,-79,8,-68,2,-68,-2,-68,2,-71,8,-73,21,-65,30,-46,35,-54,41,-49,32,-49,32,-43,30,-35,38,-32,27,-24,27,-27,27,-27,24,-27,30,-21,27,-19,27,0,27,-2,24,0,0,0,0,0,0,0,0,0,0,0]"""
1782313071755,2026-06-24T23:57:51.755,warning,bed_exit,yja,bed_exit_failed,t030,"CSI_DATA,334395,1a:00:00:00:00:00,-66,11,-99,17,50,11,-1289375345,47,2,256,0,""[0,0,0,0,0,0,0,0,0,0,0,0,34,-2,26,0,34,2,31,2,34,7,31,15,31,15,39,18,31,21,45,23,42,31,37,34,39,31,45,34,31,26,39,50,34,39,37,45,29,47,31,39,23,50,29,50,29,61,23,55,23,66,23,63,21,63,21,55,26,74,18,58,18,63,13,58,34,63,26,63,29,66,21,69,15,77,18,71,15,77,29,79,31,63,15,93,18,74,34,77,13,71,34,93,15,87,34,87,23,93,29,95,18,90,10,98,23,93,23,114,21,103,10,93,23,103,0,0,0,0,0,0,101,-18,125,-18,98,-5,117,-15,133,0,93,-7,127,-5,98,-5,114,0,90,13,98,7,109,7,90,10,109,2,93,10,87,21,87,10,95,7,77,0,101,18,79,7,93,5,74,7,74,10,93,13,79,13,93,15,82,10,74,23,87,21,82,15,66,7,85,26,66,18,82,23,63,26,71,23,71,34,61,37,55,37,61,45,47,42,42,42,45,37,42,31,42,47,29,39,37,34,15,34,31,34,15,34,13,34,10,29,5,34,2,26,-2,26,-2,21,0,0,0,0,0,0,0,0,0,0]"""
1782313071765,2026-06-24T23:57:51.765,warning,bed_exit,yja,bed_exit_failed,t030,"CSI_DATA,334396,1a:00:00:00:00:00,-67,11,-99,18,50,11,-1289364120,47,2,256,0,""[0,0,0,0,0,0,0,0,0,0,0,0,-23,15,-23,15,-31,20,-31,15,-33,12,-31,15,-28,20,-31,25,-41,18,-38,23,-43,12,-43,18,-43,12,-51,7,-46,10,-54,18,-46,15,-59,7,-43,12,-51,10,-64,15,-54,23,-62,23,-54,7,-56,20,-59,25,-64,18,-56,20,-69,20,-62,12,-62,15,-49,23,-56,31,-51,38,-51,46,-56,51,-59,49,-64,36,-54,46,-67,46,-64,46,-64,56,-56,51,-64,49,-43,54,-41,74,-46,77,-31,87,-51,85,-43,87,-54,74,-51,93,-51,93,-41,98,-67,87,-41,93,-43,95,0,0,0,0,0,0,93,56,111,62,80,38,98,51,111,49,85,56,103,51,85,38,100,56,87,18,87,12,103,12,103,7,103,7,85,25,87,7,87,5,90,18,85,12,95,0,82,-5,93,12,67,-10,67,-12,82,-12,82,-25,85,-20,77,-2,74,-15,77,-28,85,-18,69,-18,82,-12,67,-10,77,-12,54,-12,69,-25,62,-23,59,-28,64,-28,62,-25,56,-5,59,-12,59,-5,54,-5,51,-2,43,5,46,5,31,-5,43,-5,36,-5,36,-10,31,2,33,2,23,7,18,2,20,10,0,0,0,0,0,0,0,0,0,0]"""
1782313071777,2026-06-24T23:57:51.777,warning,bed_exit,yja,bed_exit_failed,t030,"CSI_DATA,334397,1a:00:00:00:00:00,-67,11,-99,22,50,11,-1289353356,47,2,256,0,""[0,0,0,0,0,0,0,0,0,0,0,0,-2,-32,6,-25,9,-32,4,-29,9,-34,16,-29,16,-34,20,-36,20,-32,20,-43,23,-36,27,-34,32,-36,29,-36,20,-34,46,-43,32,-32,43,-39,36,-32,41,-43,52,-50,39,-39,48,-46,46,-34,48,-29,52,-34,52,-41,41,-39,62,-43,48,-34,52,-41,41,-29,46,-50,52,-41,48,-41,52,-50,64,-46,59,-41,59,-48,59,-57,43,-55,71,-59,55,-55,43,-59,46,-46,59,-78,62,-59,50,-80,57,-76,64,-71,62,-59,71,-62,69,-71,76,-87,73,-76,59,-62,69,-82,0,0,0,0,0,0,-78,-71,-87,-82,-64,-69,-89,-78,-85,-85,-66,-66,-82,-85,-64,-66,-78,-78,-59,-71,-66,-64,-78,-71,-64,-71,-78,-62,-62,-64,-57,-73,-66,-64,-69,-64,-55,-46,-78,-66,-62,-52,-69,-57,-55,-39,-62,-46,-66,-59,-64,-43,-73,-55,-64,-50,-52,-50,-62,-57,-62,-57,-59,-43,-62,-64,-48,-50,-57,-50,-39,-43,-59,-43,-43,-50,-50,-48,-41,-52,-43,-52,-32,-50,-27,-50,-32,-55,-25,-46,-27,-52,-13,-46,-20,-36,-6,-34,-16,-36,-2,-34,-6,-36,-4,-34,-4,-25,2,-27,6,-23,9,-16,0,0,0,0,0,0,0,0,0,0]"""
1782313071787,2026-06-24T23:57:51.787,warning,bed_exit,yja,bed_exit_failed,t030,"CSI_DATA,334398,1a:00:00:00:00:00,-67,11,-99,16,51,11,-1289342254,47,2,256,0,""[0,0,0,0,0,0,0,0,0,0,0,0,24,-14,21,-9,34,-12,26,-9,36,-12,29,-4,31,-2,41,-4,36,0,51,2,43,4,36,9,48,12,46,17,41,9,56,24,46,14,51,24,46,24,43,31,56,43,43,26,53,43,46,39,41,43,43,41,43,43,39,29,53,56,41,41,46,46,29,46,53,41,41,53,53,48,41,51,46,63,39,53,41,63,53,61,53,51,46,73,39,56,61,61,31,48,63,68,36,68,68,63,58,80,56,82,48,80,46,85,46,68,56,97,46,95,34,80,63,97,0,0,0,0,0,0,92,-41,119,-46,82,-26,97,-31,119,-36,78,-26,122,-26,87,-24,114,-19,90,-12,85,-14,107,-17,87,-9,109,-12,82,-9,85,-4,85,-7,90,-2,73,-9,97,-2,70,-7,92,-2,73,0,78,-4,95,-12,82,7,87,0,80,7,75,9,75,9,82,12,56,2,90,19,65,14,73,14,53,24,75,14,63,26,65,24,56,31,61,34,46,34,43,41,48,43,36,31,36,46,26,34,31,34,12,24,21,34,9,36,12,29,9,34,4,29,2,24,-4,24,-4,21,0,0,0,0,0,0,0,0,0,0]"""
1782313071797,2026-06-24T23:57:51.797,warning,bed_exit,yja,bed_exit_failed,t030,"CSI_DATA,334399,1a:00:00:00:00:00,-67,11,-99,20,50,11,-1289331234,47,2,256,0,""[0,0,0,0,0,0,0,0,0,0,0,0,19,12,17,14,24,24,21,19,26,26,21,31,24,29,29,26,17,26,26,39,31,39,19,41,21,36,24,39,24,34,26,53,24,39,24,48,26,53,29,48,29,46,26,51,21,53,29,58,26,56,24,61,24,53,21,43,34,63,29,48,31,56,36,56,46,58,39,58,46,56,36,46,48,61,56,63,51,56,51,48,51,41,58,63,56,48,70,51,58,48,78,56,63,61,70,51,65,48,82,53,92,56,68,46,70,43,100,65,85,53,75,51,102,48,0,0,0,0,0,0,39,-95,48,-102,43,-97,46,-92,51,-95,41,-87,48,-104,39,-87,43,-104,48,-90,46,-97,36,-100,39,-78,34,-92,31,-97,29,-85,26,-90,21,-85,9,-65,26,-85,14,-75,12,-85,14,-90,7,-92,0,-85,7,-70,9,-87,0,-87,2,-80,4,-80,0,-75,-7,-61,9,-85,4,-70,2,-73,12,-73,0,-78,7,-73,2,-65,12,-53,14,-63,9,-63,17,-56,14,-51,9,-46,21,-51,17,-34,12,-46,17,-39,17,-43,17,-29,17,-26,19,-21,19,-24,19,-17,19,-14,19,-12,0,0,0,0,0,0,0,0,0,0]"""
1782313071807,2026-06-24T23:57:51.807,warning,bed_exit,yja,bed_exit_failed,t030,"CSI_DATA,334400,1a:00:00:00:00:00,-66,11,-99,19,50,11,-1289318744,47,2,256,0,""[0,0,0,0,0,0,0,0,0,0,0,0,30,-5,25,-7,30,-2,27,-2,37,5,32,2,35,0,42,-5,40,2,50,7,37,7,45,7,47,10,50,17,45,12,57,20,52,12,55,27,45,22,37,12,50,17,55,15,65,22,50,25,60,22,52,22,57,25,42,5,55,40,50,32,65,20,30,52,57,0,62,42,62,35,95,30,60,12,87,27,55,15,62,7,82,-20,105,10,72,10,110,25,35,-12,87,27,105,-12,120,-17,108,-10,100,32,77,-5,110,32,108,12,90,-25,105,30,92,7,105,7,0,0,0,0,0,0,5,-105,10,-130,10,-85,5,-115,17,-123,15,-90,27,-115,17,-92,17,-113,10,-87,2,-90,-7,-108,5,-95,2,-105,5,-85,2,-97,0,-90,7,-95,-5,-87,0,-102,-5,-85,-10,-97,-7,-70,-7,-72,-10,-82,-10,-80,-17,-95,0,-75,-2,-82,-10,-85,-12,-87,-17,-70,2,-95,-2,-70,-10,-75,0,-52,-15,-72,2,-65,-12,-65,0,-75,2,-75,15,-60,17,-65,17,-60,7,-55,25,-55,20,-40,12,-47,12,-30,17,-40,20,-35,10,-37,22,-32,20,-27,22,-25,22,-15,22,-7,0,0,0,0,0,0,0,0,0,0]"""
1782313071817,2026-06-24T23:57:51.817,warning,bed_exit,yja,bed_exit_failed,t030,"CSI_DATA,334401,1a:00:00:00:00:00,-66,11,-99,14,51,11,-1289308196,47,2,256,0,""[0,0,0,0,0,0,0,0,0,0,0,0,28,18,25,18,28,23,25,23,28,28,12,23,23,28,23,38,18,36,25,38,15,36,5,49,10,43,12,46,18,43,0,64,7,54,-2,62,2,49,12,49,7,56,-5,56,-12,69,-12,54,-10,59,-15,64,-18,69,-12,56,-23,67,-18,56,-20,64,-18,46,-10,64,-18,62,-12,69,-25,69,-31,72,-31,59,-25,74,-28,90,-15,80,-46,80,-33,67,-12,85,-23,54,-20,93,-33,72,-15,93,-38,98,-36,87,-36,72,-51,85,-49,87,-49,95,-54,90,-49,82,-49,103,0,0,0,0,0,0,85,56,100,85,72,46,82,67,105,90,64,64,93,93,67,64,82,85,56,62,64,59,74,74,67,74,85,77,54,62,51,67,59,69,62,77,54,59,62,85,54,67,54,77,46,56,49,62,64,74,49,72,54,69,46,67,41,69,41,69,41,80,41,67,36,85,23,64,31,72,18,54,25,64,20,69,28,67,15,74,7,64,-2,59,-5,69,-2,67,0,59,-20,59,-18,43,-5,46,-15,33,-12,41,-23,31,-23,36,-20,33,-25,23,-20,15,-31,12,-23,12,0,0,0,0,0,0,0,0,0,0]"""
1782313071827,2026-06-24T23:57:51.827,warning,bed_exit,yja,bed_exit_failed,t030,"CSI_DATA,334402,1a:00:00:00:00:00,-66,11,-99,16,50,11,-1289298196,47,2,256,0,""[0,0,0,0,0,0,0,0,0,0,0,0,-2,54,93,71,65,2,68,104,-30,54,-13,-10,98,65,27,79,76,16,-16,16,65,41,30,-2,54,16,10,35,57,71,21,21,43,24,46,52,41,57,24,43,24,57,35,49,21,49,8,62,21,57,24,57,13,65,10,71,16,62,10,68,2,62,16,65,13,60,24,65,21,68,21,68,16,60,8,71,19,73,8,79,5,84,21,71,13,79,0,84,19,87,16,73,27,84,21,87,19,101,16,90,2,95,10,104,8,117,13,93,-10,112,2,109,-2,106,0,0,0,0,0,0,120,30,109,30,115,24,112,35,101,16,109,46,93,43,101,43,90,60,101,30,95,27,84,32,104,30,90,32,79,46,84,38,84,38,82,43,84,57,76,35,82,41,71,52,76,32,79,41,71,38,87,41,68,35,62,52,73,43,73,38,65,49,65,57,60,43,57,60,46,60,54,57,46,54,54,52,46,52,46,57,38,52,21,57,30,57,19,62,10,65,13,49,10,52,0,54,2,46,0,41,2,32,-5,43,-2,38,-13,35,-21,27,-19,21,-19,24,0,0,0,0,0,0,0,0,0,0]"""
1782313071842,2026-06-24T23:57:51.842,warning,bed_exit,yja,bed_exit_failed,t030,"CSI_DATA,334403,1a:00:00:00:00:00,-66,11,-99,18,50,11,-1289283322,47,2,256,0,""[0,0,0,0,0,0,0,0,0,0,0,0,-28,10,-23,7,-38,5,-31,5,-43,2,-33,-2,-33,0,-49,-2,-36,-5,-49,-12,-43,-15,-33,-12,-46,-12,-46,-20,-41,-23,-59,-31,-38,-20,-51,-33,-46,-28,-49,-36,-59,-46,-49,-23,-54,-49,-49,-43,-46,-43,-46,-43,-46,-46,-33,-28,-59,-54,-43,-41,-51,-46,-41,-41,-59,-41,-59,-46,-59,-41,-54,-36,-54,-56,-54,-56,-54,-59,-64,-59,-56,-41,-67,-64,-46,-56,-74,-56,-46,-36,-77,-51,-67,-62,-80,-49,-77,-56,-87,-69,-67,-77,-67,-72,-64,-59,-95,-82,-74,-85,-67,-62,-93,-85,0,0,0,0,0,0,-69,69,-105,93,-67,62,-77,74,-105,85,-67,51,-108,85,-67,56,-105,72,-72,51,-85,64,-85,64,-72,59,-95,67,-82,49,-77,41,-82,51,-80,49,-56,41,-87,64,-62,38,-80,56,-67,41,-67,62,-74,56,-64,59,-74,56,-72,49,-72,38,-72,38,-72,38,-51,31,-85,43,-59,38,-74,38,-59,20,-72,41,-72,28,-67,28,-62,23,-74,20,-64,5,-64,7,-67,0,-49,2,-64,2,-43,-5,-49,-2,-36,-5,-49,-5,-41,-10,-36,-12,-33,-7,-28,-18,-23,-23,-18,-18,-15,-20,0,0,0,0,0,0,0,0,0,0]"""
1782313071853,2026-06-24T23:57:51.853,warning,bed_exit,yja,bed_exit_failed,t030,"CSI_DATA,334404,1a:00:00:00:00:00,-66,11,-99,20,50,11,-1289273035,47,2,256,0,""[0,0,0,0,0,0,0,0,0,0,0,0,29,2,36,12,24,2,36,12,24,17,41,17,36,14,36,19,41,24,24,21,36,26,41,26,36,29,41,29,51,39,36,17,53,39,36,34,53,41,36,31,31,39,58,36,41,36,43,46,48,39,56,41,51,43,65,58,48,21,63,39,48,34,73,43,53,34,61,26,56,36,75,31,58,24,61,21,75,17,70,21,87,31,68,2,102,12,63,24,104,7,80,19,97,-2,100,14,100,-4,87,-4,104,-12,114,-14,124,-7,92,-4,100,-17,126,-26,102,-7,0,0,0,0,0,0,-7,-124,-4,-95,-17,-129,-12,-114,-19,-90,-9,-131,-14,-82,-24,-124,-9,-87,-29,-122,-26,-95,-19,-97,-41,-100,-24,-73,-34,-92,-43,-90,-41,-82,-34,-78,-46,-107,-39,-56,-58,-85,-34,-73,-61,-82,-51,-68,-43,-70,-58,-68,-41,-56,-46,-61,-51,-63,-56,-58,-51,-61,-58,-82,-46,-36,-65,-58,-41,-56,-65,-65,-41,-58,-56,-53,-48,-56,-51,-53,-39,-43,-43,-46,-46,-46,-34,-43,-31,-58,-34,-34,-36,-51,-17,-43,-26,-53,-14,-36,-17,-41,-14,-36,-17,-36,-7,-29,-7,-34,-7,-31,-4,-31,0,0,0,0,0,0,0,0,0,0]"""
1782313071864,2026-06-24T23:57:51.864,warning,bed_exit,yja,bed_exit_failed,t030,"CSI_DATA,334405,1a:00:00:00:00:00,-66,11,-99,21,49,11,-1289263896,47,2,256,0,""[0,0,0,0,0,0,0,0,0,0,0,0,26,5,34,0,29,0,37,10,37,5,37,10,39,18,29,15,42,13,31,29,37,23,45,31,45,31,42,31,50,37,42,21,47,29,53,31,53,34,55,45,50,31,53,45,37,34,42,45,47,45,50,34,39,50,53,47,45,34,45,53,55,42,61,47,58,31,79,29,50,47,82,61,47,45,55,15,69,5,45,42,66,26,66,18,66,7,93,45,98,53,85,45,77,53,101,26,85,0,122,7,114,18,114,31,111,-10,103,26,111,26,119,5,122,23,0,0,0,0,0,0,29,-119,15,-114,13,-114,15,-117,5,-93,13,-119,10,-101,5,-117,2,-98,10,-117,7,-103,13,-93,-5,-106,15,-90,0,-93,2,-93,5,-95,2,-90,2,-103,-23,-74,-31,-85,-23,-93,-13,-93,-13,-90,-7,-79,-21,-93,-18,-74,-15,-79,-18,-85,-18,-71,-13,-74,-13,-85,-23,-61,-29,-71,-26,-79,-21,-90,-7,-74,-7,-79,-5,-79,-15,-63,-15,-66,-15,-66,-5,-69,2,-50,7,-58,-5,-53,-5,-53,5,-53,7,-53,7,-37,7,-47,13,-31,13,-31,21,-23,18,-21,13,-21,18,-18,0,0,0,0,0,0,0,0,0,0]"""
1782313071875,2026-06-24T23:57:51.875,warning,bed_exit,yja,bed_exit_failed,t030,"CSI_DATA,334406,1a:00:00:00:00:00,-66,11,-99,20,50,11,-1289252547,47,2,256,0,""[0,0,0,0,0,0,0,0,0,0,0,0,-24,-21,-19,-17,-29,-26,-24,-19,-26,-34,-19,-29,-26,-29,-26,-39,-24,-34,-36,-46,-21,-41,-19,-39,-24,-48,-24,-53,-24,-43,-34,-58,-21,-43,-34,-56,-21,-36,-34,-53,-43,-61,-29,-53,-41,-61,-31,-56,-24,-61,-29,-58,-34,-61,-24,-43,-41,-68,-36,-46,-43,-61,-29,-48,-48,-56,-48,-53,-56,-53,-56,-43,-58,-56,-51,-48,-53,-58,-65,-58,-58,-36,-82,-61,-61,-39,-78,-43,-51,-31,-85,-29,-78,-39,-87,-26,-102,-34,-104,-43,-90,-46,-92,-43,-87,-26,-114,-34,-104,-41,-95,-31,-112,-21,0,0,0,0,0,0,-26,102,-26,139,-17,90,-4,117,-19,139,-7,90,-12,134,-12,90,-12,124,-4,82,4,97,2,107,4,100,7,119,-2,90,2,87,4,95,14,102,17,78,26,104,17,75,31,97,17,65,24,78,29,87,39,80,39,90,21,75,21,80,34,78,36,80,39,58,43,92,34,63,43,68,19,48,41,70,36,70,31,58,48,63,34,65,19,58,14,63,21,58,19,46,17,61,9,41,14,46,9,26,12,41,7,34,9,36,0,34,0,34,0,26,-4,24,-9,21,0,0,0,0,0,0,0,0,0,0]"""
1782313071886,2026-06-24T23:57:51.886,warning,bed_exit,yja,bed_exit_failed,t030,"CSI_DATA,334407,1a:00:00:00:00:00,-66,11,-99,17,50,11,-1289243136,47,2,256,0,""[0,0,0,0,0,0,0,0,0,0,0,0,0,29,-2,29,-2,39,-2,34,-7,39,-5,31,-5,29,-5,42,-7,39,-2,50,-13,45,-10,53,-10,50,-18,53,-18,45,-26,58,-23,50,-34,58,-13,39,-13,58,-10,74,-21,53,-21,71,-29,50,-21,61,-26,63,-31,61,-29,58,-31,69,-29,53,-37,63,-18,50,-10,66,-5,71,-2,71,-10,79,-13,87,-26,69,-2,82,-10,93,-2,74,-23,90,-18,87,-5,85,5,55,18,85,10,90,34,85,21,114,29,103,5,85,10,114,2,103,21,109,7,106,37,95,29,109,0,0,0,0,0,0,111,-34,127,-26,85,-26,111,-18,135,-37,101,-7,119,-21,93,-23,114,-26,79,-23,79,-31,95,-42,93,-39,95,-63,79,-26,85,-47,85,-53,85,-50,74,-39,95,-47,77,-34,85,-37,58,-37,53,-50,61,-63,63,-58,66,-69,61,-47,61,-66,58,-58,71,-61,63,-50,74,-53,61,-42,66,-45,42,-29,45,-55,47,-55,37,-69,55,-50,50,-50,58,-13,47,-39,55,-34,45,-37,55,-21,45,-10,45,-21,31,-13,37,-18,31,-18,34,-23,37,-7,31,-10,26,0,31,0,21,0,0,0,0,0,0,0,0,0,0,0]"""
1782313071897,2026-06-24T23:57:51.897,warning,bed_exit,yja,bed_exit_failed,t030,"CSI_DATA,334408,1a:00:00:00:00:00,-66,11,-99,14,51,11,-1289229200,47,2,256,0,""[0,0,0,0,0,0,0,0,0,0,0,0,25,-20,23,-15,36,-25,31,-15,38,-12,31,-18,28,-28,43,-28,38,-23,38,-31,46,-18,43,-23,43,-23,46,-15,49,-15,67,-23,54,-15,64,-10,51,-7,43,-25,54,-31,64,-28,67,-33,62,-10,64,-20,62,-23,72,-23,69,-25,74,-18,64,-20,69,-20,43,-25,54,-41,54,-41,56,-51,67,-51,67,-56,64,-38,62,-56,69,-46,54,-51,80,-59,69,-51,59,-56,46,-46,43,-77,46,-72,31,-93,56,-90,41,-87,64,-67,69,-87,59,-87,56,-100,77,-74,43,-90,49,-93,0,0,0,0,0,0,-103,-56,-108,-69,-74,-41,-98,-54,-118,-56,-87,-51,-98,-62,-80,-41,-100,-49,-87,-31,-87,-18,-100,-15,-100,-20,-111,-10,-87,-31,-93,-12,-90,-12,-100,-20,-82,-12,-105,-15,-80,-7,-85,-15,-69,0,-69,5,-77,15,-82,20,-93,23,-77,-7,-85,12,-85,20,-93,12,-74,15,-93,0,-77,0,-80,7,-49,2,-64,20,-67,15,-64,23,-74,15,-72,12,-62,-5,-62,2,-62,-5,-59,-2,-59,-10,-46,-7,-49,-5,-28,2,-43,-2,-33,-2,-38,2,-33,-10,-33,-5,-23,-15,-18,-15,-18,-15,0,0,0,0,0,0,0,0,0,0]"""
1782313071907,2026-06-24T23:57:51.907,warning,bed_exit,yja,bed_exit_failed,t030,"CSI_DATA,334409,1a:00:00:00:00:00,-66,11,-99,13,51,11,-1289220230,47,2,256,0,""[0,0,0,0,0,0,0,0,0,0,0,0,7,31,7,26,5,39,-5,34,5,39,-2,37,0,42,-5,42,-7,42,-13,50,-13,47,-21,37,-29,45,-31,47,-21,39,-39,50,-26,42,-37,53,-47,45,-45,37,-58,42,-42,39,-58,50,-53,42,-58,31,-58,37,-53,34,-45,37,-71,39,-61,37,-55,39,-58,26,-63,50,-63,34,-61,39,-58,29,-69,37,-71,39,-74,23,-77,39,-61,42,-77,34,-69,37,-71,50,-63,34,-85,61,-77,39,-79,55,-90,39,-90,42,-95,31,-87,29,-85,37,-111,47,-109,31,-98,29,-106,45,0,0,0,0,0,0,21,103,29,119,21,103,29,109,26,122,21,90,15,130,10,103,10,117,7,98,15,101,18,106,-5,93,5,109,2,98,-7,87,0,95,-2,93,5,79,-2,101,0,85,7,90,-2,85,-5,90,0,93,-10,77,-2,90,-13,85,-15,77,-15,82,-13,79,0,69,-23,87,-21,63,-13,77,-21,58,-23,79,-31,69,-26,66,-23,53,-37,58,-34,53,-42,47,-42,42,-34,37,-45,37,-37,26,-37,34,-31,18,-37,23,-37,15,-34,13,-34,5,-37,7,-31,-2,-26,0,-23,-5,0,0,0,0,0,0,0,0,0,0]"""
1782313071918,2026-06-24T23:57:51.918,warning,bed_exit,yja,bed_exit_failed,t030,"CSI_DATA,334410,1a:00:00:00:00:00,-66,11,-99,17,50,11,-1289209211,47,2,256,0,""[0,0,0,0,0,0,0,0,0,0,0,0,13,26,18,31,13,29,15,37,18,37,13,37,10,45,2,37,15,50,0,42,2,47,2,50,-2,53,0,55,0,66,7,45,7,55,5,58,2,66,-5,63,-15,55,5,71,-10,58,0,66,-10,77,-7,66,-5,69,-7,69,13,63,13,69,13,69,13,79,5,71,15,71,5,74,15,74,13,69,26,71,21,74,18,66,18,79,47,58,47,66,39,85,45,87,29,71,55,71,39,79,55,77,55,98,71,82,69,77,63,85,61,82,74,82,74,90,77,87,0,0,0,0,0,0,90,-79,82,-66,90,-79,79,-74,71,-61,79,-82,71,-79,82,-87,71,-74,77,-77,66,-82,66,-61,61,-87,69,-66,55,-66,61,-71,58,-71,53,-71,55,-82,23,-69,29,-82,45,-79,42,-82,37,-82,31,-71,29,-85,31,-69,26,-74,37,-71,31,-63,31,-63,34,-77,10,-69,15,-77,26,-77,23,-90,29,-66,21,-77,34,-69,26,-66,29,-55,21,-66,26,-53,23,-45,34,-45,18,-47,21,-45,31,-45,34,-42,26,-23,23,-31,31,-18,23,-29,29,-15,21,-18,23,-18,26,-13,0,0,0,0,0,0,0,0,0,0]"""
1782313071928,2026-06-24T23:57:51.928,warning,bed_exit,yja,bed_exit_failed,t030,"CSI_DATA,334411,1a:00:00:00:00:00,-66,11,-99,18,50,11,-1289199357,47,2,256,0,""[0,0,0,0,0,0,0,0,0,0,0,0,28,2,33,10,36,10,33,10,36,15,36,12,38,12,38,12,46,10,43,12,33,23,41,28,43,23,46,31,51,36,49,31,41,33,46,38,49,28,51,33,62,36,51,33,56,38,46,38,56,38,54,38,54,43,51,41,54,33,54,36,54,46,62,28,64,25,64,18,74,18,77,25,72,25,62,36,74,20,74,28,80,25,77,25,82,23,85,25,77,15,80,7,87,-2,93,-2,100,-2,103,-2,93,7,108,7,108,0,105,-2,105,10,103,-5,111,-10,0,0,0,0,0,0,-2,-126,5,-118,-2,-105,5,-111,0,-113,10,-105,-2,-105,-5,-103,0,-105,-5,-95,-12,-93,-12,-87,-28,-105,-25,-95,0,-90,-20,-98,-31,-93,-18,-95,-20,-95,-25,-87,-20,-82,-20,-93,-33,-69,-41,-74,-36,-67,-54,-77,-38,-77,-31,-69,-41,-77,-41,-69,-31,-77,-36,-77,-33,-69,-31,-67,-28,-74,-36,-64,-36,-56,-38,-62,-36,-59,-36,-67,-25,-59,-10,-59,-23,-56,-15,-56,-12,-59,-12,-51,-7,-43,-5,-51,-7,-41,-2,-41,-10,-38,-2,-36,-2,-38,0,-36,10,-28,10,-25,12,-25,0,0,0,0,0,0,0,0,0,0]"""
1782313071945,2026-06-24T23:57:51.945,warning,bed_exit,yja,bed_exit_failed,t030,"CSI_DATA,334412,1a:00:00:00:00:00,-66,11,-99,18,50,11,-1289180179,47,2,256,0,""[0,0,0,0,0,0,0,0,0,0,0,0,-5,31,-7,36,-5,33,-10,33,-7,31,-10,36,-12,33,-10,38,-15,46,-18,41,-18,43,-23,46,-20,41,-23,43,-23,56,-18,51,-15,56,-25,59,-12,51,-18,62,-31,59,-18,64,-25,62,-20,56,-18,59,-20,56,-20,67,-15,69,-2,72,-2,64,-5,72,0,64,2,62,10,67,5,69,18,74,10,74,12,72,15,80,23,77,20,74,38,77,43,72,38,72,41,67,51,69,59,72,54,80,69,69,67,72,56,67,74,80,80,74,85,72,82,64,87,72,90,64,0,0,0,0,0,0,56,-98,56,-98,51,-90,56,-100,56,-100,51,-100,38,-93,38,-103,38,-98,31,-93,25,-98,28,-93,15,-108,20,-95,23,-90,18,-95,12,-85,10,-90,10,-93,-10,-87,-18,-93,-7,-90,-15,-82,-18,-77,-15,-77,-31,-87,-20,-85,-23,-80,-20,-80,-23,-82,-28,-82,-31,-82,-36,-72,-36,-67,-31,-74,-33,-72,-31,-62,-36,-67,-33,-64,-38,-64,-25,-62,-20,-62,-20,-56,-23,-54,-20,-56,-25,-46,-23,-46,-15,-46,-15,-43,-12,-38,-15,-38,-10,-38,-10,-33,-7,-36,-2,-33,2,-33,0,-28,0,0,0,0,0,0,0,0,0,0]"""
1782313071956,2026-06-24T23:57:51.956,warning,bed_exit,yja,bed_exit_failed,t030,"CSI_DATA,334413,1a:00:00:00:00:00,-66,11,-99,18,50,11,-1289177357,47,2,256,0,""[0,0,0,0,0,0,0,0,0,0,0,0,5,-28,7,-25,5,-33,5,-36,5,-31,12,-38,15,-33,12,-43,20,-33,7,-41,10,-46,15,-49,12,-43,15,-41,18,-46,25,-46,28,-49,20,-51,25,-62,28,-56,23,-69,25,-43,18,-59,15,-62,12,-62,20,-64,18,-59,10,-67,20,-62,15,-67,12,-62,5,-69,2,-72,5,-67,-5,-67,2,-69,-5,-72,-7,-77,-15,-77,-18,-77,-25,-74,-10,-82,-20,-87,-28,-69,-28,-87,-38,-90,-33,-82,-46,-77,-46,-82,-49,-77,-51,-82,-49,-85,-59,-87,-64,-85,-69,-85,-64,-80,-77,-82,0,0,0,0,0,0,-74,82,-56,80,-77,90,-80,80,-74,80,-74,90,-67,85,-67,80,-56,85,-67,93,-59,82,-54,103,-54,74,-33,90,-36,87,-36,90,-25,93,-23,90,-15,85,-38,87,-25,93,-15,82,-10,90,-7,87,-2,90,-10,80,5,80,10,93,7,82,7,87,12,80,12,77,2,82,5,90,7,72,2,80,15,74,5,72,12,69,-2,72,5,59,7,64,5,67,7,59,7,62,-12,54,-10,56,7,46,-2,46,-5,51,-7,41,-7,38,-10,33,-5,28,-7,31,-7,18,-12,23,0,0,0,0,0,0,0,0,0,0]"""
1782313071966,2026-06-24T23:57:51.966,warning,bed_exit,yja,bed_exit_failed,t030,"CSI_DATA,334414,1a:00:00:00:00:00,-66,11,-99,18,50,11,-1289165743,47,2,256,0,""[0,0,0,0,0,0,0,0,0,0,0,0,28,2,41,2,23,2,38,10,28,7,36,12,38,18,31,20,38,18,31,23,46,15,49,18,49,25,43,20,49,33,38,18,49,25,41,23,54,41,46,38,36,31,51,38,38,38,54,33,54,36,56,31,51,31,59,43,51,20,64,33,54,28,72,38,49,46,59,41,59,43,59,33,59,23,82,15,72,20,64,18,77,33,67,2,85,5,87,20,111,15,77,33,85,10,93,25,87,23,90,7,103,-12,100,-18,111,-5,108,-7,103,-18,121,2,105,7,0,0,0,0,0,0,2,-116,0,-93,-5,-134,5,-108,-10,-85,0,-124,-10,-93,-15,-124,-10,-95,-2,-113,-2,-111,10,-98,-12,-100,2,-93,-25,-98,-33,-93,-23,-90,-23,-85,-15,-103,-36,-67,-38,-90,-31,-80,-33,-98,-18,-93,-12,-85,-25,-82,-18,-72,-43,-80,-38,-74,-33,-69,-38,-69,-33,-85,-36,-56,-43,-77,-36,-67,-41,-87,-12,-77,-20,-67,-7,-82,-18,-62,-12,-59,-33,-59,-25,-56,-20,-54,-2,-59,-18,-46,-15,-59,-5,-51,-2,-64,10,-41,5,-41,12,-38,10,-36,7,-28,2,-36,5,-31,7,-25,0,0,0,0,0,0,0,0,0,0]"""
1782313071977,2026-06-24T23:57:51.977,warning,bed_exit,yja,bed_exit_failed,t030,"CSI_DATA,334415,1a:00:00:00:00:00,-66,11,-99,16,50,11,-1289154056,47,2,256,0,""[0,0,0,0,0,0,0,0,0,0,0,0,-27,-10,-24,-8,-32,-19,-24,-10,-32,-19,-24,-19,-27,-19,-38,-27,-30,-24,-41,-32,-32,-24,-32,-30,-32,-32,-38,-38,-35,-32,-49,-38,-38,-30,-49,-35,-41,-41,-35,-41,-38,-38,-43,-35,-54,-43,-49,-41,-43,-46,-46,-43,-52,-38,-49,-24,-60,-43,-49,-35,-62,-24,-52,-30,-68,-32,-62,-35,-65,-30,-65,-21,-71,-24,-71,-21,-71,-30,-79,-13,-68,-5,-90,-13,-73,-5,-84,8,-76,-2,-95,16,-87,0,-90,19,-95,5,-101,5,-104,5,-95,10,-93,19,-112,27,-106,21,-95,16,-109,38,0,0,0,0,0,0,41,101,49,112,32,95,60,95,49,115,54,79,57,112,41,84,57,101,54,82,57,82,62,84,52,76,62,90,62,76,52,79,57,79,68,73,62,52,76,73,65,54,82,52,60,46,76,49,82,49,68,46,82,49,73,46,68,49,79,41,79,32,68,21,82,43,71,32,79,30,60,32,79,32,65,41,65,32,65,30,65,38,57,32,54,46,54,41,49,27,52,35,41,27,49,24,38,19,38,30,35,24,30,24,24,30,21,30,19,24,13,21,10,21,0,0,0,0,0,0,0,0,0,0]"""
1782313071988,2026-06-24T23:57:51.988,warning,bed_exit,yja,bed_exit_failed,t030,"CSI_DATA,334416,1a:00:00:00:00:00,-66,11,-99,16,50,11,-1289143456,47,2,256,0,""[0,0,0,0,0,0,0,0,0,0,0,0,-109,-24,-41,112,-13,-43,0,62,13,21,-71,-10,13,-79,-73,-8,-95,-21,8,-46,-30,2,-32,-43,-24,-32,-65,-19,-35,-49,-46,2,-57,-13,-73,10,-43,0,-38,-8,-52,-16,-60,-5,-71,-13,-54,-13,-60,-19,-68,-13,-68,-8,-65,0,-73,-5,-57,0,-68,5,-49,2,-71,13,-65,8,-65,24,-71,16,-73,21,-71,16,-71,19,-79,30,-62,30,-82,43,-68,38,-68,46,-62,38,-65,60,-68,57,-62,68,-65,73,-76,68,-68,57,-82,76,-65,82,-79,87,-76,76,-62,79,-46,90,0,0,0,0,0,0,93,54,106,73,73,57,115,43,115,62,84,49,109,49,87,38,106,46,84,32,101,27,104,35,109,19,109,27,90,30,98,27,95,19,95,16,87,5,106,-2,87,-2,93,-5,73,-5,82,-16,90,-10,84,-19,95,-19,82,-10,87,-8,82,-19,93,-24,82,-27,98,-24,76,-21,73,-32,60,-19,73,-32,71,-24,71,-32,71,-30,73,-16,60,-8,65,-8,68,-10,57,-13,57,-13,46,-8,57,-19,41,-8,43,-10,38,-5,43,-8,41,-5,41,0,27,2,27,8,27,2,0,0,0,0,0,0,0,0,0,0]"""
1782313072000,2026-06-24T23:57:52.000,warning,bed_exit,yja,bed_exit_failed,t030,"CSI_DATA,334417,1a:00:00:00:00:00,-66,11,-99,19,50,11,-1289132599,47,2,256,0,""[0,0,0,0,0,0,0,0,0,0,0,0,-30,7,-27,2,-32,5,-30,2,-35,-2,-32,-7,-37,-5,-37,-10,-40,-10,-42,-17,-37,-20,-40,-27,-37,-32,-40,-32,-40,-35,-50,-37,-45,-37,-40,-45,-40,-42,-32,-32,-22,-42,-47,-45,-37,-57,-30,-55,-35,-52,-37,-60,-30,-57,-30,-60,-32,-62,-25,-60,-27,-62,-32,-50,-27,-60,-35,-57,-35,-62,-40,-65,-30,-67,-27,-70,-32,-70,-25,-70,-22,-75,-45,-80,-37,-75,-27,-87,-32,-72,-40,-77,-45,-75,-42,-85,-42,-80,-45,-97,-27,-90,-37,-100,-37,-108,-40,-108,-30,-102,-35,-100,-32,-105,0,0,0,0,0,0,-115,15,-118,0,-102,2,-118,5,-128,5,-115,-7,-120,-7,-100,-5,-108,-20,-100,-2,-105,-2,-105,-15,-113,2,-102,-10,-97,-30,-102,-17,-95,-20,-90,-22,-90,-22,-97,-7,-87,-12,-95,-35,-75,-7,-80,-15,-82,-27,-90,-5,-87,-22,-80,-32,-80,-22,-85,-30,-85,-35,-80,-35,-82,-27,-67,-37,-72,-42,-60,-27,-65,-37,-70,-40,-60,-37,-65,-42,-57,-45,-45,-55,-47,-47,-40,-50,-27,-52,-35,-45,-25,-45,-15,-52,-17,-42,-15,-45,-12,-45,-7,-42,-7,-37,-2,-35,5,-32,7,-27,10,-25,0,0,0,0,0,0,0,0,0,0]"""
1782313072010,2026-06-24T23:57:52.010,warning,bed_exit,yja,bed_exit_failed,t030,"CSI_DATA,334418,1a:00:00:00:00:00,-65,11,-99,-78,48,11,-1289122337,47,2,256,0,""[0,0,0,0,0,0,0,0,0,0,0,0,0,-51,0,-51,0,-51,0,0,0,-51,0,-51,0,-51,0,-51,0,-51,0,-51,0,-51,0,-51,51,-51,0,-51,51,-51,51,-51,0,-51,51,-51,51,-51,0,-51,0,-51,51,-51,0,-51,0,-51,51,-51,0,-51,0,-51,0,-51,0,-51,0,-51,0,-51,0,-51,0,-51,0,-51,0,-51,0,-51,0,-51,0,-51,0,-51,0,-51,0,-51,0,-51,-51,-51,-51,-51,-51,-103,-51,-51,-51,-51,-51,-103,-51,-51,-51,-51,-51,-51,-51,-51,-51,-51,-51,-51,-51,-51,-103,-51,-51,-51,0,0,0,0,0,0,-51,103,-51,103,-51,103,-51,103,-51,103,-51,103,-51,103,-51,103,0,103,-51,103,-51,103,0,103,0,103,0,103,0,103,0,103,0,103,0,103,0,103,0,103,0,103,0,103,51,103,51,103,51,103,0,103,51,103,51,103,51,103,51,51,51,103,51,51,51,51,51,51,51,51,51,103,51,51,51,51,51,51,51,51,51,51,51,51,51,51,51,51,51,51,51,51,51,51,51,51,51,51,0,51,51,51,0,51,0,51,0,51,0,51,0,0,0,51,0,0,0,0,0,0,0,0,0,0]"""
1782313072021,2026-06-24T23:57:52.021,warning,bed_exit,yja,bed_exit_failed,t030,"CSI_DATA,334419,1a:00:00:00:00:00,-66,11,-99,16,50,11,-1289111357,47,2,256,0,""[0,0,0,0,0,0,0,0,0,0,0,0,30,-8,32,-2,32,-2,41,-2,35,2,38,2,38,2,41,0,46,0,43,0,41,10,49,5,52,2,49,10,60,16,49,5,54,13,57,19,60,5,54,13,54,24,60,8,57,16,57,19,60,13,60,16,68,24,73,35,68,16,68,8,57,21,93,-10,57,16,73,-16,84,-13,84,-16,73,8,54,-8,93,2,87,2,65,10,52,-8,87,-8,68,-27,104,8,87,-30,68,-19,68,-32,95,-32,93,-57,93,-19,101,-54,109,-52,98,-16,98,-46,112,-57,117,-49,0,0,0,0,0,0,-54,-115,-41,-101,-49,-109,-35,-109,-52,-101,-43,-115,-46,-84,-49,-104,-41,-93,-54,-93,-49,-84,-41,-84,-71,-93,-52,-79,-43,-84,-62,-84,-65,-71,-60,-76,-65,-90,-52,-65,-71,-65,-52,-73,-65,-62,-65,-57,-60,-54,-79,-54,-62,-52,-54,-57,-73,-54,-71,-43,-62,-54,-68,-65,-65,-43,-62,-46,-54,-54,-68,-49,-54,-49,-65,-38,-57,-46,-57,-52,-46,-41,-43,-46,-46,-41,-46,-46,-41,-49,-32,-43,-30,-43,-24,-46,-27,-41,-16,-32,-21,-38,-16,-32,-19,-35,-16,-27,-8,-27,-10,-27,-2,-27,0,0,0,0,0,0,0,0,0,0]"""
1782313072032,2026-06-24T23:57:52.032,warning,bed_exit,yja,bed_exit_failed,t030,"CSI_DATA,334420,1a:00:00:00:00:00,-66,11,-99,13,51,11,-1289098262,47,2,256,0,""[0,0,0,0,0,0,0,0,0,0,0,0,10,31,7,23,2,42,2,31,2,39,-2,34,0,39,0,45,-5,42,-15,50,-13,45,-21,42,-26,50,-23,47,-15,39,-34,55,-23,45,-26,63,-34,34,-39,50,-42,58,-39,37,-50,61,-47,45,-55,39,-50,47,-50,39,-37,42,-69,47,-50,39,-55,47,-47,29,-50,47,-63,42,-53,47,-50,47,-69,45,-63,47,-69,42,-69,50,-50,45,-74,53,-61,45,-63,63,-50,45,-71,74,-71,55,-66,74,-82,55,-85,58,-85,45,-87,42,-79,53,-106,69,-93,53,-82,42,-106,61,0,0,0,0,0,0,47,93,58,130,34,90,53,101,45,125,42,85,39,127,23,87,31,114,26,95,29,93,37,101,18,93,26,109,18,90,10,90,13,98,15,95,21,66,15,114,18,77,23,101,7,71,15,85,23,98,10,82,15,98,10,85,0,82,2,82,5,82,15,63,-5,98,-7,71,2,85,-10,63,-5,82,-13,69,-13,71,-13,63,-26,74,-26,61,-37,50,-29,55,-21,50,-37,50,-31,39,-26,42,-21,26,-29,37,-31,26,-29,26,-31,18,-31,7,-26,5,-31,5,-21,2,0,0,0,0,0,0,0,0,0,0]"""
1782313072043,2026-06-24T23:57:52.043,warning,bed_exit,yja,bed_exit_failed,t030,"CSI_DATA,334421,1a:00:00:00:00:00,-66,11,-99,19,50,11,-1289088941,47,2,256,0,""[0,0,0,0,0,0,0,0,0,0,0,0,22,22,17,20,27,30,17,20,22,40,20,35,27,27,35,37,27,32,30,42,22,40,22,37,25,47,25,47,20,40,42,55,32,37,35,60,32,40,30,52,32,57,37,47,47,62,35,55,32,52,45,55,45,57,37,40,50,62,37,45,57,47,42,37,62,40,55,42,65,32,67,25,75,35,65,37,72,35,77,35,62,17,90,27,72,22,87,17,72,12,100,-5,97,7,92,-20,97,-5,110,-5,97,15,100,-2,97,-20,123,-17,110,-7,85,-10,115,-30,0,0,0,0,0,0,-30,-97,-40,-125,-25,-87,-52,-100,-55,-120,-42,-87,-57,-125,-40,-75,-57,-110,-55,-80,-67,-85,-75,-82,-65,-75,-65,-82,-60,-72,-62,-67,-65,-72,-65,-70,-55,-47,-80,-72,-65,-42,-82,-57,-62,-37,-80,-37,-82,-35,-80,-30,-92,-40,-77,-40,-72,-40,-85,-30,-80,-25,-67,-15,-90,-37,-65,-25,-80,-17,-55,-25,-87,-7,-70,-17,-70,-5,-67,-12,-67,-22,-65,-20,-60,-27,-60,-22,-50,-15,-55,-20,-37,-15,-50,-12,-32,-7,-45,-12,-37,-15,-40,-10,-27,-15,-35,-15,-20,-17,-20,-15,-17,-15,0,0,0,0,0,0,0,0,0,0]"""
1782313072054,2026-06-24T23:57:52.054,warning,bed_exit,yja,bed_exit_failed,t030,"CSI_DATA,334422,1a:00:00:00:00:00,-66,11,-99,17,50,11,-1289078352,47,2,256,0,""[0,0,0,0,0,0,0,0,0,0,0,0,0,26,-7,39,-7,23,-18,39,-10,23,-23,42,-18,39,-21,26,-23,39,-29,18,-37,31,-45,34,-42,23,-42,21,-58,29,-31,23,-53,31,-45,31,-77,26,-61,13,-55,10,-61,15,-47,13,-69,13,-66,7,-66,7,-61,2,-77,10,-50,7,-69,7,-55,13,-95,7,-74,2,-71,10,-77,-2,-63,5,-63,7,-82,10,-74,-5,-63,-5,-85,0,-61,18,-95,23,-74,2,-127,7,-82,0,-98,10,-95,-5,-87,7,-85,-2,-117,0,-103,0,-125,-2,-95,-2,-103,-5,-127,-18,-101,-13,0,0,0,0,0,0,-26,125,-26,74,-34,141,-29,114,-21,69,-42,127,-21,71,-37,114,-23,74,-47,130,-45,103,-42,79,-34,90,-42,58,-47,93,-55,85,-50,79,-47,71,-53,95,-23,63,-39,90,-34,66,-58,95,-47,79,-39,69,-45,69,-37,55,-47,69,-53,63,-50,63,-47,53,-61,71,-29,45,-58,63,-42,45,-71,66,-58,42,-55,47,-63,42,-55,31,-50,23,-61,31,-50,21,-45,15,-61,15,-34,15,-53,15,-45,7,-63,5,-42,-10,-39,0,-34,-7,-26,-10,-26,-10,-29,-15,-21,-13,-21,-13,0,0,0,0,0,0,0,0,0,0]"""
1782313072065,2026-06-24T23:57:52.065,warning,bed_exit,yja,bed_exit_failed,t030,"CSI_DATA,334423,1a:00:00:00:00:00,-66,11,-99,17,50,11,-1289067231,47,2,256,0,""[0,0,0,0,0,0,0,0,0,0,0,0,0,-26,2,-42,0,-23,2,-42,2,-37,5,-47,7,-42,13,-37,7,-47,18,-34,13,-45,21,-50,18,-47,21,-53,23,-69,13,-37,18,-61,10,-42,26,-63,26,-69,15,-42,26,-63,29,-39,37,-61,29,-63,31,-53,26,-55,34,-71,5,-53,15,-74,18,-61,29,-85,21,-71,15,-77,15,-63,15,-66,10,-55,2,-71,5,-77,7,-69,10,-79,-7,-58,-23,-85,-10,-79,-7,-122,-5,-77,-13,-93,-2,-93,-15,-90,-13,-95,-26,-109,-31,-93,-31,-106,-31,-95,-42,-103,-42,-125,-29,-109,0,0,0,0,0,0,-111,45,-87,29,-138,50,-103,42,-66,29,-114,47,-77,34,-117,53,-79,39,-119,47,-95,50,-82,34,-85,47,-82,26,-82,45,-82,55,-82,47,-71,39,-90,55,-45,45,-63,71,-58,50,-87,71,-69,63,-63,45,-63,61,-47,42,-63,58,-61,63,-53,50,-50,42,-66,58,-31,58,-45,71,-45,55,-69,74,-53,45,-42,55,-63,50,-42,42,-39,31,-45,50,-47,37,-34,29,-47,34,-31,34,-39,42,-39,23,-55,29,-29,15,-31,18,-37,5,-29,13,-37,7,-34,5,-23,5,-26,5,0,0,0,0,0,0,0,0,0,0]"""
1782313072075,2026-06-24T23:57:52.075,warning,bed_exit,yja,bed_exit_failed,t030,"CSI_DATA,334424,1a:00:00:00:00:00,-66,11,-99,18,50,11,-1289054997,47,2,256,0,""[0,0,0,0,0,0,0,0,0,0,0,0,18,28,12,28,18,38,18,36,7,41,5,31,10,33,18,46,2,41,15,54,7,46,0,51,12,51,-2,56,0,46,-7,67,-2,56,-10,64,-10,54,5,51,-2,62,-12,62,-5,74,-10,62,-10,67,-10,62,-12,72,-2,62,-18,85,-12,59,-7,67,-5,51,2,69,2,67,10,77,0,80,2,82,-2,67,5,90,12,90,15,82,-5,93,-2,80,20,87,5,59,28,90,12,82,41,85,28,113,31,100,10,93,12,103,23,93,28,108,15,108,20,103,33,116,0,0,0,0,0,0,111,-18,131,-28,87,-20,100,-20,129,-31,90,-12,129,-25,103,-25,124,-20,85,-18,82,-25,100,-38,93,-33,108,-49,85,-28,90,-33,93,-36,100,-33,80,-38,105,-31,72,-28,87,-31,67,-33,74,-36,82,-43,77,-41,82,-51,64,-28,80,-43,69,-43,77,-36,64,-43,95,-31,74,-28,77,-31,51,-18,62,-36,64,-25,62,-38,72,-25,67,-25,54,-10,62,-15,69,-12,56,-15,62,2,49,10,51,-5,28,0,43,-2,38,5,38,-5,41,5,38,10,20,5,25,15,18,15,0,0,0,0,0,0,0,0,0,0]"""
1782313072087,2026-06-24T23:57:52.087,warning,bed_exit,yja,bed_exit_failed,t030,"CSI_DATA,334425,1a:00:00:00:00:00,-66,11,-99,18,50,11,-1289045357,47,2,256,0,""[0,0,0,0,0,0,0,0,0,0,0,0,-28,-10,-31,-10,-31,-18,-36,-20,-33,-15,-36,-28,-33,-25,-38,-28,-23,-33,-41,-28,-41,-28,-41,-31,-36,-33,-38,-33,-31,-41,-33,-51,-38,-51,-31,-49,-43,-54,-31,-49,-31,-62,-28,-46,-41,-56,-41,-54,-41,-51,-31,-59,-23,-54,-36,-56,-28,-62,-38,-67,-33,-54,-36,-67,-43,-59,-38,-62,-43,-56,-38,-59,-38,-62,-41,-64,-49,-67,-49,-59,-56,-54,-46,-69,-51,-74,-62,-54,-56,-64,-72,-67,-51,-69,-69,-62,-69,-67,-72,-62,-72,-72,-67,-67,-69,-80,-80,-85,-82,-74,-82,-82,-80,-74,0,0,0,0,0,0,-80,82,-77,80,-85,82,-87,77,-77,69,-82,80,-85,74,-87,80,-74,74,-90,77,-77,64,-74,74,-77,56,-59,72,-64,80,-62,67,-59,77,-54,72,-51,67,-72,64,-67,77,-54,67,-62,74,-54,74,-51,72,-51,59,-49,67,-46,74,-49,69,-46,72,-46,64,-43,64,-64,56,-54,62,-46,54,-54,56,-51,59,-56,49,-49,51,-56,38,-54,38,-49,41,-51,38,-51,33,-46,33,-49,18,-54,15,-38,23,-41,10,-46,15,-41,5,-36,7,-38,0,-31,0,-33,0,-25,-2,-25,-2,0,0,0,0,0,0,0,0,0,0]"""
1782313072098,2026-06-24T23:57:52.098,warning,bed_exit,yja,bed_exit_failed,t030,"CSI_DATA,334426,1a:00:00:00:00:00,-66,11,-99,16,50,11,-1289034357,47,2,256,0,""[0,0,0,0,0,0,0,0,0,0,0,0,-24,-16,-30,-16,-30,-24,-27,-24,-24,-32,-21,-27,-24,-21,-30,-32,-32,-41,-21,-43,-13,-43,-10,-52,-8,-46,-10,-57,-10,-60,-8,-62,-10,-57,-8,-62,-2,-46,-8,-60,-5,-73,-2,-65,-2,-71,16,-57,19,-65,13,-62,24,-68,10,-65,21,-73,13,-68,19,-71,21,-49,5,-60,5,-68,0,-71,5,-84,19,-79,27,-62,27,-71,41,-79,30,-87,27,-84,21,-76,27,-84,19,-68,5,-87,2,-87,2,-93,24,-109,35,-109,43,-71,52,-106,35,-104,35,-101,60,-95,38,-98,41,-106,0,0,0,0,0,0,-109,-60,-112,-73,-79,-60,-101,-57,-106,-71,-76,-73,-84,-82,-84,-73,-79,-79,-65,-62,-79,-49,-90,-57,-93,-60,-79,-73,-52,-71,-65,-82,-60,-73,-54,-87,-62,-71,-68,-65,-60,-65,-65,-79,-46,-54,-60,-52,-68,-54,-73,-62,-62,-71,-35,-68,-41,-82,-43,-71,-41,-82,-43,-68,-41,-76,-32,-68,-32,-76,-24,-60,-35,-54,-30,-62,-32,-62,-32,-73,-16,-71,2,-60,2,-62,5,-71,5,-65,8,-57,13,-52,13,-49,8,-32,5,-38,8,-35,13,-35,16,-35,19,-24,21,-13,27,-16,19,-10,0,0,0,0,0,0,0,0,0,0]"""
1782313072109,2026-06-24T23:57:52.109,warning,bed_exit,yja,bed_exit_failed,t030,"CSI_DATA,334427,1a:00:00:00:00:00,-66,11,-99,16,50,11,-1289023357,47,2,256,0,""[0,0,0,0,0,0,0,0,0,0,0,0,-2,32,-2,27,-5,43,-2,32,-8,38,-13,32,-5,38,-8,49,-10,38,-10,52,-21,49,-16,41,-19,43,-24,46,-16,41,-30,60,-24,43,-32,57,-19,46,-27,60,-27,71,-24,54,-32,65,-32,60,-32,54,-35,60,-38,57,-27,46,-41,73,-27,49,-32,68,-13,57,-21,79,-19,71,-10,73,-19,68,-21,79,-30,73,-16,79,-13,82,-2,65,-19,90,-13,73,2,90,-2,68,8,98,2,93,24,87,19,93,8,104,2,106,2,95,5,93,8,123,8,104,21,101,38,115,0,0,0,0,0,0,106,-30,128,-30,93,-21,109,-30,128,-32,95,-24,123,-41,90,-27,120,-30,90,-24,95,-32,104,-41,84,-43,104,-49,93,-32,84,-24,87,-41,87,-41,65,-38,95,-52,71,-41,87,-46,65,-46,71,-60,79,-62,60,-57,79,-57,73,-49,65,-54,68,-57,71,-52,41,-49,73,-62,52,-46,62,-52,46,-38,54,-62,60,-49,46,-52,54,-43,60,-35,57,-24,57,-27,57,-30,43,-30,54,-24,41,-13,46,-27,30,-10,46,-19,35,-16,38,-16,32,-10,38,-8,30,0,21,2,21,5,0,0,0,0,0,0,0,0,0,0]"""
1782313072120,2026-06-24T23:57:52.120,warning,bed_exit,yja,bed_exit_failed,t030,"CSI_DATA,334428,1a:00:00:00:00:00,-66,11,-99,19,50,11,-1289011159,47,2,256,0,""[0,0,0,0,0,0,0,0,0,0,0,0,0,30,-2,32,-5,42,-5,35,-10,45,-20,37,-15,37,-20,40,-22,32,-32,40,-32,35,-32,30,-40,32,-45,35,-32,32,-52,32,-47,25,-52,30,-50,27,-65,40,-67,40,-50,20,-60,22,-70,20,-65,10,-60,12,-65,12,-55,5,-70,7,-70,17,-45,7,-65,-12,-80,15,-95,20,-67,12,-65,-12,-72,-12,-62,15,-57,22,-82,-12,-40,25,-120,2,-77,5,-118,22,-87,30,-92,32,-95,40,-85,-7,-110,-5,-115,-22,-105,-22,-67,-12,-85,10,-118,-2,-92,-25,-82,-7,-108,-22,0,0,0,0,0,0,-17,105,-25,125,-30,108,-25,105,-42,110,-30,87,-47,120,-40,95,-50,115,-50,87,-45,95,-40,102,-47,80,-52,100,-50,85,-50,70,-52,82,-55,80,-32,67,-60,85,-47,65,-50,77,-50,65,-50,80,-47,82,-47,67,-52,70,-57,65,-60,60,-65,57,-60,57,-40,55,-75,57,-57,42,-60,52,-62,35,-65,55,-67,40,-62,40,-60,27,-65,20,-60,15,-62,5,-62,12,-52,10,-60,0,-45,-2,-52,2,-37,-5,-42,-2,-40,-10,-35,-7,-27,-15,-25,-15,-25,-20,-17,-17,-17,-20,0,0,0,0,0,0,0,0,0,0]"""
1782313072131,2026-06-24T23:57:52.131,warning,bed_exit,yja,bed_exit_failed,t030,"CSI_DATA,334429,1a:00:00:00:00:00,-66,11,-99,17,50,11,-1288999746,47,2,256,0,""[0,0,0,0,0,0,0,0,0,0,0,0,5,31,2,26,0,39,0,37,-5,37,-5,31,-2,29,0,45,-5,42,0,55,-10,39,-2,45,-5,50,-21,53,-13,55,-21,55,-15,47,-23,58,-21,50,-21,50,-15,71,-18,58,-15,66,-15,47,-15,61,-15,58,-21,63,-13,58,-29,71,-18,61,-15,58,-10,55,-2,63,-5,66,10,69,0,71,0,77,-10,63,2,82,0,90,13,82,-7,85,-5,79,18,82,10,58,34,82,21,74,53,79,31,109,34,90,13,87,18,106,26,93,42,101,21,103,31,101,45,109,0,0,0,0,0,0,117,-42,122,-47,85,-39,98,-42,114,-50,87,-29,117,-42,90,-39,111,-39,74,-37,71,-42,79,-63,82,-58,85,-71,71,-39,71,-53,71,-55,82,-58,71,-63,82,-63,66,-50,66,-58,50,-47,55,-61,55,-77,55,-69,53,-79,55,-58,55,-66,45,-71,58,-69,42,-61,69,-66,61,-53,45,-53,37,-42,37,-63,42,-53,31,-63,47,-55,42,-50,42,-31,45,-42,50,-39,42,-39,47,-18,45,-18,34,-31,18,-15,29,-29,26,-21,23,-29,34,-13,29,-10,26,-5,26,0,23,-2,0,0,0,0,0,0,0,0,0,0]"""
1782313072141,2026-06-24T23:57:52.141,warning,bed_exit,yja,bed_exit_failed,t030,"CSI_DATA,334430,1a:00:00:00:00:00,-66,11,-99,10,51,11,-1288990357,47,2,256,0,""[0,0,0,0,0,0,0,0,0,0,0,0,-37,118,14,-66,-63,49,-55,89,17,55,-8,-23,-55,26,5,52,-49,-11,-29,-26,-29,52,-43,-23,-43,-29,-20,-69,-52,-20,-43,-20,-58,-11,-49,-2,-49,-37,-49,-46,-29,-34,-52,-43,-40,-40,-52,-49,-55,-37,-49,-34,-52,-34,-49,-43,-52,-31,-58,-34,-58,-29,-72,-46,-60,-46,-55,-37,-58,-46,-55,-34,-60,-26,-72,-20,-66,-20,-58,-17,-63,-34,-69,-2,-81,-5,-92,-23,-110,-26,-78,-29,-84,-20,-84,-34,-78,-23,-98,-23,-107,-5,-95,-2,-101,-5,-107,-14,-113,2,-101,-11,-113,-23,0,0,0,0,0,0,-23,118,-14,98,-20,127,-14,110,-11,87,-11,113,-2,98,-8,113,-2,98,-11,110,-14,113,-23,87,-5,89,-14,89,8,98,11,95,5,89,2,81,-2,89,17,72,17,81,14,84,8,95,5,87,5,81,5,87,5,72,26,81,20,78,20,69,14,63,14,81,23,58,23,72,23,75,17,92,0,69,8,72,-2,78,0,60,5,58,23,66,5,58,5,46,-11,55,11,46,2,52,-5,49,-8,58,-11,37,-8,37,-20,31,-11,29,-8,26,-11,31,-5,26,-8,20,0,0,0,0,0,0,0,0,0,0]"""
1782313072153,2026-06-24T23:57:52.153,warning,bed_exit,yja,bed_exit_failed,t030,"CSI_DATA,334431,1a:00:00:00:00:00,-66,11,-99,14,51,11,-1288975581,47,2,256,0,""[0,0,0,0,0,0,0,0,0,0,0,0,-31,0,-33,-5,-31,-10,-33,-7,-33,-12,-31,-20,-31,-25,-25,-25,-36,-23,-33,-31,-36,-28,-38,-36,-31,-38,-33,-43,-33,-49,-43,-33,-36,-36,-31,-46,-28,-51,-23,-46,-7,-54,-36,-59,-12,-59,-25,-59,-18,-62,-23,-56,-25,-59,-20,-67,-33,-49,-31,-59,-31,-56,-25,-64,-20,-59,-23,-64,-15,-72,-25,-64,-31,-64,-36,-59,-31,-67,-28,-67,-28,-74,-54,-62,-54,-62,-38,-80,-41,-72,-33,-69,-46,-74,-28,-82,-41,-87,-41,-93,-54,-85,-59,-90,-54,-85,-51,-85,-64,-90,-43,-100,-43,-95,0,0,0,0,0,0,-108,51,-111,43,-103,38,-108,43,-95,38,-95,41,-93,41,-108,38,-105,33,-90,25,-93,28,-95,5,-98,33,-100,12,-87,23,-87,23,-90,25,-85,25,-100,23,-74,41,-77,43,-80,28,-77,28,-85,23,-82,7,-87,28,-74,12,-74,23,-82,18,-72,23,-77,23,-82,20,-74,31,-72,33,-77,18,-72,15,-72,2,-69,0,-72,-5,-67,0,-67,-2,-59,2,-62,-7,-59,-7,-54,-15,-54,0,-51,-2,-49,-15,-41,-15,-36,-20,-31,-18,-28,-25,-28,-20,-25,-25,-20,-12,-18,-18,-12,-15,0,0,0,0,0,0,0,0,0,0]"""
1782313072164,2026-06-24T23:57:52.164,warning,bed_exit,yja,bed_exit_failed,t030,"CSI_DATA,334432,1a:00:00:00:00:00,-66,11,-99,18,50,11,-1288968055,47,2,256,0,""[0,0,0,0,0,0,0,0,0,0,0,0,7,-25,10,-31,15,-36,12,-33,12,-31,23,-41,23,-36,20,-43,23,-33,18,-38,23,-43,28,-43,23,-41,25,-41,25,-43,36,-46,33,-51,31,-43,36,-46,31,-59,28,-62,38,-38,31,-54,28,-59,23,-54,31,-59,31,-54,25,-59,33,-56,23,-59,23,-59,23,-64,15,-69,23,-59,12,-67,20,-67,12,-69,7,-80,7,-82,0,-72,-7,-74,12,-77,-5,-87,-10,-69,-7,-87,-23,-103,-10,-90,-31,-87,-18,-90,-31,-82,-31,-93,-25,-90,-36,-103,-36,-103,-33,-90,-38,-100,-49,-93,0,0,0,0,0,0,-100,56,-90,49,-98,56,-95,51,-90,56,-93,62,-90,62,-93,64,-74,62,-87,72,-80,69,-77,80,-77,62,-59,69,-67,74,-56,69,-46,80,-49,74,-43,74,-56,72,-54,80,-33,80,-38,80,-36,80,-28,85,-36,67,-25,82,-20,82,-20,77,-15,85,-23,85,-12,80,-31,77,-23,82,-12,72,-20,74,-10,80,-20,69,-10,69,-20,67,-15,62,-18,67,-18,62,-12,62,-12,56,-25,46,-23,54,-10,41,-18,41,-20,46,-15,36,-18,36,-15,28,-12,25,-18,23,-18,18,-18,18,0,0,0,0,0,0,0,0,0,0]"""
1782313072175,2026-06-24T23:57:52.175,warning,bed_exit,yja,bed_exit_failed,t030,"CSI_DATA,334433,1a:00:00:00:00:00,-66,11,-99,17,50,11,-1288956736,47,2,256,0,""[0,0,0,0,0,0,0,0,0,0,0,0,0,-34,0,-29,7,-39,10,-34,13,-37,13,-39,23,-42,18,-39,21,-31,21,-42,26,-47,29,-37,29,-42,31,-42,31,-34,47,-31,45,-34,47,-39,50,-31,61,-37,55,-42,53,-18,55,-23,63,-37,61,-26,58,-21,58,-21,55,-15,66,-15,63,-23,63,-21,69,-15,74,-21,69,-21,69,-21,58,-13,71,-15,77,-23,71,-23,69,-23,69,-26,77,-23,82,-15,85,-31,85,-18,95,-15,90,-15,85,-21,87,-15,93,-23,114,-26,85,-15,90,-7,122,-10,111,-15,103,-7,117,-15,0,0,0,0,0,0,2,-114,7,-109,10,-114,18,-106,13,-111,18,-101,15,-117,21,-106,13,-111,29,-111,29,-101,23,-101,31,-82,23,-98,23,-103,23,-87,21,-93,23,-79,21,-74,31,-85,29,-85,21,-87,34,-90,34,-93,26,-87,31,-74,31,-77,31,-93,26,-77,29,-77,31,-69,31,-61,45,-71,37,-63,42,-66,45,-61,53,-69,53,-53,47,-58,45,-34,53,-39,50,-47,53,-39,45,-34,39,-31,50,-21,50,-13,47,-18,47,-5,47,-7,42,-2,42,-5,34,0,39,0,31,10,29,7,21,10,0,0,0,0,0,0,0,0,0,0]"""
1782313072186,2026-06-24T23:57:52.186,warning,bed_exit,yja,bed_exit_failed,t030,"CSI_DATA,334434,1a:00:00:00:00:00,-66,11,-99,16,50,11,-1288943107,47,2,256,0,""[0,0,0,0,0,0,0,0,0,0,0,0,19,30,16,21,13,35,10,35,10,38,5,35,5,49,5,43,0,41,5,52,0,52,-5,46,-8,54,-13,49,-2,49,-24,52,-24,54,-21,52,-21,52,-32,68,-27,65,-38,43,-32,49,-43,62,-35,54,-35,46,-41,52,-32,41,-46,49,-46,46,-41,52,-49,54,-60,62,-52,52,-46,54,-43,46,-49,60,-46,65,-52,54,-52,57,-43,49,-60,62,-49,57,-60,71,-60,57,-68,68,-65,60,-62,62,-71,60,-73,73,-90,79,-68,62,-68,60,-95,82,-82,71,-79,68,-98,65,0,0,0,0,0,0,57,90,60,98,62,101,49,101,49,98,46,93,46,117,41,104,46,106,32,112,35,109,38,98,24,87,30,101,38,106,30,93,32,93,30,87,24,79,19,98,19,79,24,87,21,93,19,95,24,90,13,79,19,84,19,90,13,79,16,84,13,79,13,71,8,93,5,79,8,82,-5,90,-8,84,-10,79,-10,76,-21,60,-19,71,-19,71,-21,68,-24,57,-24,49,-30,54,-30,43,-32,46,-32,35,-32,35,-30,30,-35,27,-30,13,-35,16,-30,8,-30,8,-24,8,0,0,0,0,0,0,0,0,0,0]"""
1782313072196,2026-06-24T23:57:52.196,warning,bed_exit,yja,bed_exit_failed,t030,"CSI_DATA,334435,1a:00:00:00:00:00,-66,11,-99,16,50,11,-1288935100,47,2,256,0,""[0,0,0,0,0,0,0,0,0,0,0,0,27,-27,21,-16,32,-24,30,-21,38,-21,32,-16,32,-16,41,-21,41,-10,52,-19,46,-13,46,-5,49,-8,54,-5,46,-8,68,-2,54,-8,65,-2,54,8,49,10,68,16,54,8,79,10,65,10,62,19,62,13,71,10,54,0,79,24,60,16,68,8,52,21,71,8,71,21,73,16,73,10,79,16,73,16,79,27,87,19,71,8,93,16,76,19,93,8,65,10,98,2,82,19,95,0,98,21,104,13,87,30,98,27,101,16,123,21,106,27,101,27,117,32,0,0,0,0,0,0,35,-109,38,-128,32,-90,21,-115,41,-134,27,-90,49,-120,35,-93,43,-115,35,-87,32,-87,35,-109,38,-93,43,-109,30,-87,38,-84,43,-93,38,-98,21,-73,46,-104,30,-76,27,-98,27,-76,24,-79,30,-98,32,-76,35,-93,38,-84,43,-73,32,-76,35,-84,21,-68,43,-90,38,-68,30,-73,41,-49,35,-71,41,-60,41,-60,49,-62,62,-54,49,-43,57,-30,52,-49,43,-35,52,-43,41,-27,43,-35,30,-13,43,-27,35,-10,41,-19,35,-10,41,-5,35,-2,30,2,30,2,0,0,0,0,0,0,0,0,0,0]"""
1782313072206,2026-06-24T23:57:52.206,warning,bed_exit,yja,bed_exit_failed,t030,"CSI_DATA,334436,1a:00:00:00:00:00,-66,11,-99,15,50,11,-1288924210,47,2,256,0,""[0,0,0,0,0,0,0,0,0,0,0,0,0,31,2,31,0,45,-2,33,-2,42,-8,45,-8,47,-5,47,-14,39,-5,59,-8,47,-19,50,-14,50,-8,50,-11,45,-28,67,-14,47,-16,64,-19,62,-16,56,-16,62,-14,59,-22,73,-16,70,-14,62,-16,70,-19,70,-5,56,-16,76,-8,62,-11,76,-8,67,2,81,0,73,14,73,2,70,8,78,5,81,11,81,16,73,22,64,16,98,16,78,42,78,28,78,56,95,39,93,53,87,50,84,56,93,56,98,47,90,53,81,70,118,62,95,62,81,81,98,0,0,0,0,0,0,73,-78,90,-93,78,-78,78,-90,87,-84,70,-76,87,-101,64,-73,73,-98,73,-81,73,-95,56,-98,53,-76,53,-101,56,-95,53,-78,45,-90,39,-93,22,-73,47,-104,28,-81,25,-98,22,-87,19,-95,11,-98,14,-73,16,-98,11,-95,8,-90,14,-90,5,-84,-2,-67,11,-95,5,-81,0,-87,5,-73,-8,-95,5,-84,0,-76,8,-70,8,-78,8,-73,14,-67,5,-64,-2,-56,14,-67,8,-50,2,-56,11,-45,8,-53,11,-45,8,-42,11,-39,11,-33,19,-31,11,-19,16,-25,0,0,0,0,0,0,0,0,0,0]"""
1782313072217,2026-06-24T23:57:52.217,warning,bed_exit,yja,bed_exit_failed,t030,"CSI_DATA,334437,1a:00:00:00:00:00,-66,11,-99,15,50,11,-1288913049,47,2,256,0,""[0,0,0,0,0,0,0,0,0,0,0,0,0,-39,0,-28,11,-45,8,-28,14,-42,14,-28,14,-33,16,-39,25,-36,39,-47,36,-33,36,-31,42,-36,50,-33,36,-25,62,-42,42,-31,59,-31,50,-22,53,-16,67,-16,64,-25,78,-28,70,-14,67,-14,70,-8,70,-11,50,-11,90,-14,62,-5,73,-5,53,-5,78,-19,78,-8,73,-8,73,-11,87,-5,70,2,84,0,95,-2,78,-5,104,-5,67,0,101,-14,56,-11,101,-16,95,-2,95,-14,107,0,118,0,98,14,107,14,95,0,135,5,118,19,95,19,129,16,0,0,0,0,0,0,25,-101,47,-143,33,-87,31,-112,47,-140,25,-81,53,-135,36,-81,56,-118,42,-76,42,-84,50,-104,45,-93,67,-112,53,-78,56,-73,62,-84,59,-84,45,-64,64,-101,39,-62,59,-87,47,-62,47,-70,59,-81,53,-76,64,-84,62,-64,67,-62,64,-64,64,-64,45,-50,81,-73,53,-47,70,-62,50,-33,67,-56,73,-42,67,-39,64,-39,76,-33,64,-16,76,-19,73,-14,53,-11,70,-8,50,-2,64,-2,31,2,50,5,47,8,39,5,39,11,39,22,22,16,25,25,19,22,0,0,0,0,0,0,0,0,0,0]"""
1782313072229,2026-06-24T23:57:52.229,warning,bed_exit,yja,bed_exit_failed,t030,"CSI_DATA,334438,1a:00:00:00:00:00,-66,11,-99,20,49,11,-1288901480,47,2,256,0,""[0,0,0,0,0,0,0,0,0,0,0,0,-32,-8,-35,-16,-32,-10,-38,-16,-38,-19,-35,-27,-32,-27,-30,-27,-38,-38,-27,-35,-24,-38,-27,-46,-30,-46,-30,-46,-32,-60,-30,-41,-27,-49,-32,-57,-32,-57,-24,-71,-16,-68,-24,-71,-8,-60,-16,-62,-13,-73,-8,-62,-8,-68,-5,-73,-30,-60,-24,-68,-13,-73,-21,-82,-13,-71,-16,-71,-8,-79,-13,-79,-5,-79,-19,-76,-19,-71,-19,-73,-16,-82,-38,-68,-35,-79,-21,-93,-21,-106,-8,-82,-21,-90,-8,-93,-35,-95,-24,-109,-38,-106,-30,-109,-21,-112,-13,-112,-41,-112,-19,-120,-21,-125,0,0,0,0,0,0,-128,21,-120,13,-125,10,-123,13,-109,0,-120,0,-109,13,-120,10,-112,10,-112,-8,-115,-8,-98,-13,-115,2,-104,-16,-98,-5,-101,-13,-98,-8,-95,-8,-109,-10,-87,8,-93,5,-95,2,-95,0,-93,-5,-82,-2,-101,0,-84,-13,-84,-8,-90,-13,-76,-8,-82,-19,-93,-19,-79,8,-90,0,-84,-8,-84,-16,-68,-19,-79,-10,-76,-32,-71,-27,-62,-32,-57,-24,-62,-30,-49,-30,-52,-35,-49,-21,-46,-21,-46,-32,-38,-41,-27,-32,-30,-32,-16,-38,-21,-30,-16,-35,-10,-27,-13,-30,0,-27,0,0,0,0,0,0,0,0,0,0]"""
1782313072240,2026-06-24T23:57:52.240,warning,bed_exit,yja,bed_exit_failed,t030,"CSI_DATA,334439,1a:00:00:00:00:00,-66,11,-99,20,49,11,-1288890239,47,2,256,0,""[0,0,0,0,0,0,0,0,0,0,0,0,-21,35,-13,21,-30,35,-19,27,-27,35,-30,30,-27,32,-41,35,-38,30,-43,38,-38,32,-46,27,-41,32,-43,32,-35,35,-57,41,-41,32,-49,49,-43,38,-57,49,-57,60,-52,38,-60,52,-52,46,-52,35,-57,43,-57,46,-38,43,-57,60,-46,46,-52,62,-38,49,-43,65,-43,62,-41,65,-38,62,-43,76,-46,68,-41,73,-30,79,-19,71,-35,95,-24,73,-10,90,-19,76,-8,106,-21,95,-5,98,-2,98,-13,112,-8,104,-16,109,0,104,-5,131,2,112,-2,104,19,123,0,0,0,0,0,0,106,-21,125,-27,101,-21,115,-35,136,-32,98,-32,123,-38,90,-32,117,-49,98,-32,106,-32,109,-46,98,-35,104,-52,93,-46,95,-38,93,-54,79,-57,57,-52,90,-68,62,-54,65,-73,62,-52,60,-62,60,-71,60,-60,65,-73,52,-71,57,-62,54,-71,49,-73,38,-62,54,-82,41,-60,41,-73,38,-52,38,-73,43,-62,38,-65,46,-57,46,-57,41,-54,46,-54,41,-52,24,-41,43,-54,30,-38,24,-46,24,-27,35,-41,30,-27,21,-30,21,-21,30,-24,19,-21,27,-10,21,-13,0,0,0,0,0,0,0,0,0,0]"""
1782313072251,2026-06-24T23:57:52.251,warning,bed_exit,yja,bed_exit_failed,t030,"CSI_DATA,334440,1a:00:00:00:00:00,-66,11,-99,15,50,11,-1288879071,47,2,256,0,""[0,0,0,0,0,0,0,0,0,0,0,0,-25,-16,-33,-22,-31,-16,-33,-22,-33,-25,-28,-31,-25,-36,-19,-36,-33,-42,-19,-45,-28,-45,-28,-47,-22,-47,-25,-59,-25,-64,-31,-45,-28,-47,-33,-53,-28,-62,-14,-73,-8,-70,-28,-70,-14,-64,-22,-62,-22,-73,-19,-67,-25,-64,-19,-70,-31,-62,-28,-59,-33,-67,-28,-70,-22,-70,-28,-67,-22,-76,-31,-73,-33,-67,-45,-67,-39,-67,-39,-70,-39,-73,-64,-59,-64,-56,-56,-81,-59,-81,-42,-67,-59,-70,-50,-84,-64,-84,-73,-95,-76,-81,-84,-81,-76,-76,-81,-70,-90,-76,-78,-93,-78,-87,0,0,0,0,0,0,-93,93,-93,93,-87,81,-84,84,-84,76,-81,84,-76,76,-81,87,-78,78,-78,73,-76,73,-78,56,-73,84,-81,67,-59,76,-67,78,-64,73,-64,73,-70,78,-36,73,-45,81,-50,81,-53,78,-59,73,-47,64,-50,84,-45,70,-39,76,-50,73,-39,70,-42,70,-47,70,-33,73,-31,70,-36,78,-45,70,-45,59,-47,62,-56,56,-45,59,-42,53,-31,59,-39,50,-36,42,-47,39,-31,42,-31,42,-42,33,-39,31,-33,19,-33,19,-36,11,-33,19,-31,11,-36,8,-25,14,-22,8,0,0,0,0,0,0,0,0,0,0]"""
1782313072262,2026-06-24T23:57:52.262,warning,bed_exit,yja,bed_exit_failed,t030,"CSI_DATA,334441,1a:00:00:00:00:00,-66,11,-99,19,49,11,-1288869230,47,2,256,0,""[0,0,0,0,0,0,0,0,0,0,0,0,25,19,33,28,28,25,28,33,28,33,22,42,16,45,14,45,14,50,8,42,8,50,2,59,2,50,-5,56,-2,70,5,47,0,62,-5,70,-8,70,-22,73,-16,67,-22,73,-31,62,-22,64,-33,59,-31,62,-33,64,-45,73,-25,59,-33,64,-33,64,-36,70,-36,59,-36,67,-39,62,-45,64,-33,56,-19,42,-59,64,-118,78,-33,33,-8,93,-47,109,-53,59,-78,84,-53,64,-64,93,-67,64,-56,90,-73,76,-67,81,-76,90,-76,87,-73,78,-76,84,-90,81,-73,84,0,0,0,0,0,0,76,109,62,93,64,109,70,104,47,98,67,109,56,76,59,101,45,93,50,104,45,107,33,93,47,109,19,81,28,95,25,93,31,93,22,87,25,101,33,73,33,87,33,87,22,90,25,90,8,76,31,93,5,84,19,76,11,84,5,84,5,84,5,93,16,73,11,76,5,81,2,93,-8,76,-5,73,-16,70,-14,70,-19,64,-16,64,-25,53,-22,50,-31,47,-14,50,-19,50,-33,39,-31,39,-33,25,-36,28,-33,19,-28,19,-28,14,-28,14,-28,11,-22,5,0,0,0,0,0,0,0,0,0,0]"""
1782313072272,2026-06-24T23:57:52.272,warning,bed_exit,yja,bed_exit_failed,t030,"CSI_DATA,334442,1a:00:00:00:00:00,-66,11,-99,18,50,11,-1288858295,47,2,256,0,""[0,0,0,0,0,0,0,0,0,0,0,0,20,23,25,31,18,28,23,36,15,36,20,46,15,41,12,38,15,49,7,43,5,51,2,54,7,56,0,54,-10,69,-5,51,-7,67,-20,54,-15,69,0,64,-12,51,-12,74,-20,49,-33,64,-28,67,-33,62,-38,56,-46,74,-23,54,-33,69,-41,54,-36,77,-33,59,-23,69,-36,69,-33,72,-28,59,-41,64,-31,69,-36,67,-51,85,-28,62,-43,85,-46,72,-51,95,-41,69,-33,93,-46,82,-41,98,-38,85,-49,98,-49,93,-67,105,-46,77,-67,93,-72,118,-64,93,0,0,0,0,0,0,95,93,74,72,90,85,77,90,67,64,74,103,62,67,80,93,51,77,72,93,62,80,56,77,77,82,51,69,49,82,51,72,56,72,56,82,59,98,43,51,59,74,38,72,59,74,56,67,49,59,62,64,38,56,41,69,43,69,46,67,33,72,41,90,43,51,36,77,18,64,33,85,28,62,31,69,28,67,25,72,15,59,7,64,15,59,7,56,-2,67,0,46,-2,54,-10,46,-7,51,-7,36,-10,36,-10,33,-12,33,-10,31,-18,28,-15,18,-20,23,0,0,0,0,0,0,0,0,0,0]"""
1782313072283,2026-06-24T23:57:52.283,warning,bed_exit,yja,bed_exit_failed,t030,"CSI_DATA,334443,1a:00:00:00:00:00,-66,11,-99,17,50,11,-1288847120,47,2,256,0,""[0,0,0,0,0,0,0,0,0,0,0,0,18,-26,31,-31,23,-15,37,-31,26,-18,50,-31,47,-21,45,-15,45,-15,39,-10,55,-18,53,-15,53,-13,55,-7,66,-7,45,-2,71,-7,50,-7,82,5,66,0,47,0,69,10,53,10,74,13,66,10,69,13,71,13,82,21,47,2,71,13,63,7,95,21,69,21,69,13,71,21,69,10,58,10,82,0,79,7,66,7,85,18,66,-7,95,-2,79,13,125,7,90,18,98,0,98,23,87,7,87,5,119,0,95,2,117,13,95,18,109,2,127,7,111,26,0,0,0,0,0,0,23,-125,18,-85,34,-141,23,-111,15,-79,31,-125,21,-77,26,-122,18,-85,39,-130,37,-111,34,-90,23,-93,34,-71,23,-101,21,-95,26,-90,21,-79,31,-98,10,-69,18,-93,13,-74,26,-106,31,-79,18,-74,23,-77,21,-63,18,-82,15,-79,15,-79,15,-74,26,-90,15,-55,18,-85,15,-66,34,-95,37,-66,31,-69,37,-58,34,-53,31,-50,29,-63,26,-47,26,-37,37,-45,23,-37,34,-47,29,-31,50,-39,34,-23,26,-23,37,-15,29,-18,23,-13,29,-15,26,-10,26,-5,0,0,0,0,0,0,0,0,0,0]"""
1782313072293,2026-06-24T23:57:52.293,warning,bed_exit,yja,bed_exit_failed,t030,"CSI_DATA,334444,1a:00:00:00:00:00,-66,11,-99,19,49,11,-1288835691,47,2,256,0,""[0,0,0,0,0,0,0,0,0,0,0,0,-8,-16,73,53,2,59,39,-39,-64,73,14,36,42,45,-56,25,-70,53,-70,2,-22,25,-25,64,-31,59,-45,31,-45,11,-31,25,-67,42,-36,22,-73,39,-81,33,-45,36,-62,16,-62,22,-67,22,-59,25,-67,25,-64,16,-73,11,-59,5,-78,14,-67,2,-84,8,-78,2,-73,5,-70,5,-67,-8,-70,5,-84,16,-76,14,-70,11,-81,8,-70,2,-93,2,-84,5,-112,2,-101,-8,-98,5,-95,-11,-84,-8,-93,8,-109,2,-101,-5,-107,-11,-109,-25,-107,-8,-118,-14,-101,-28,0,0,0,0,0,0,-42,107,-33,93,-50,112,-59,98,-39,76,-62,104,-42,84,-62,101,-42,81,-73,107,-67,98,-59,81,-56,67,-45,73,-53,93,-42,87,-39,84,-42,70,-56,76,-59,62,-62,76,-50,56,-64,81,-64,67,-50,59,-59,50,-50,56,-50,73,-45,64,-53,64,-53,50,-67,50,-50,42,-64,53,-64,42,-81,50,-73,33,-62,28,-59,31,-62,14,-59,22,-64,28,-56,19,-53,16,-56,11,-47,2,-56,2,-39,0,-59,-11,-45,-14,-39,-16,-31,-14,-28,-14,-33,-11,-28,-19,-22,-14,-22,-16,0,0,0,0,0,0,0,0,0,0]"""
1782313072305,2026-06-24T23:57:52.305,warning,bed_exit,yja,bed_exit_failed,t030,"CSI_DATA,334445,1a:00:00:00:00:00,-66,11,-99,18,50,11,-1288825358,47,2,256,0,""[0,0,0,0,0,0,0,0,0,0,0,0,-23,20,-33,23,-28,15,-41,15,-33,15,-43,12,-51,-2,-41,-5,-51,10,-41,-5,-51,0,-54,0,-51,-2,-54,-5,-64,-20,-46,-2,-62,-18,-59,-15,-69,-33,-67,-38,-54,-28,-54,-43,-36,-46,-54,-36,-56,-38,-46,-38,-46,-41,-46,-56,-46,-33,-56,-43,-46,-43,-62,-59,-41,-64,-46,-51,-41,-67,-36,-54,-41,-54,-62,-49,-59,-49,-51,-43,-49,-67,-62,-38,-74,-54,-54,-69,-67,-85,-36,-69,-56,-69,-33,-90,-54,-74,-56,-85,-80,-77,-69,-72,-64,-90,-51,-85,-74,-90,-62,-108,-49,-98,0,0,0,0,0,0,-116,43,-90,33,-121,49,-105,20,-82,25,-111,31,-85,31,-118,33,-90,25,-111,15,-105,2,-87,-10,-95,10,-90,-2,-98,15,-93,15,-87,15,-93,15,-100,5,-67,15,-93,18,-82,7,-98,5,-90,-7,-72,-12,-90,0,-67,-10,-85,2,-90,2,-80,0,-77,-5,-85,-20,-64,0,-87,-7,-77,-12,-90,-20,-64,-36,-64,-28,-67,-41,-56,-38,-51,-28,-62,-23,-56,-28,-43,-25,-41,-43,-36,-23,-41,-33,-36,-36,-36,-43,-15,-38,-18,-36,-5,-38,-7,-31,-7,-31,-15,-28,-10,-20,0,-25,0,0,0,0,0,0,0,0,0,0]"""
1782313072315,2026-06-24T23:57:52.315,warning,bed_exit,yja,bed_exit_failed,t030,"CSI_DATA,334446,1a:00:00:00:00:00,-66,11,-99,18,50,11,-1288814358,47,2,256,0,""[0,0,0,0,0,0,0,0,0,0,0,0,20,25,18,33,18,38,15,36,10,36,18,43,18,38,18,41,20,49,12,46,5,46,12,56,15,51,2,56,-2,59,5,59,5,64,-5,64,2,56,12,69,15,59,5,69,7,67,-7,62,2,64,2,67,-5,72,-2,77,7,67,5,69,2,72,10,67,10,67,23,67,20,69,25,74,25,69,10,74,28,69,20,74,23,82,31,77,31,77,23,87,43,80,43,72,56,74,62,72,59,85,54,80,51,85,64,93,64,93,64,77,51,95,67,87,64,87,0,0,0,0,0,0,103,-62,100,-51,85,-56,93,-59,95,-67,103,-54,87,-49,87,-59,93,-51,74,-67,69,-74,74,-64,67,-80,67,-62,72,-56,64,-69,64,-72,72,-67,69,-72,49,-69,54,-69,67,-64,43,-67,43,-69,41,-69,43,-85,36,-74,51,-64,43,-69,36,-72,43,-69,46,-74,38,-69,38,-64,43,-67,36,-64,33,-59,23,-67,31,-64,33,-72,31,-59,33,-49,33,-56,36,-46,41,-41,33,-38,38,-38,36,-31,36,-33,31,-28,23,-36,23,-33,28,-31,28,-20,25,-10,20,-15,25,-7,0,0,0,0,0,0,0,0,0,0]"""
1782313072326,2026-06-24T23:57:52.326,warning,bed_exit,yja,bed_exit_failed,t030,"CSI_DATA,334447,1a:00:00:00:00:00,-66,11,-99,17,50,11,-1288802943,47,2,256,0,""[0,0,0,0,0,0,0,0,0,0,0,0,26,21,21,18,31,34,23,26,21,39,26,29,26,21,37,39,31,39,42,39,29,34,34,37,29,42,26,47,29,50,34,69,34,50,29,63,18,45,29,37,34,47,34,63,55,61,23,50,31,58,37,55,39,69,42,50,39,69,39,61,42,53,31,39,47,45,47,47,69,42,63,50,66,45,55,47,71,53,69,53,74,34,66,61,66,50,79,37,55,21,85,26,85,21,98,2,103,39,101,21,79,34,103,39,103,23,101,23,98,37,93,23,111,15,0,0,0,0,0,0,13,-106,21,-125,10,-85,2,-103,7,-133,13,-103,15,-119,10,-98,13,-119,-2,-87,-13,-87,-31,-103,-15,-106,-29,-109,-13,-82,-23,-93,-21,-93,-21,-98,-23,-82,-26,-103,-29,-77,-31,-87,-29,-58,-42,-66,-47,-69,-47,-77,-55,-77,-31,-71,-50,-71,-50,-69,-55,-74,-55,-58,-42,-87,-37,-71,-45,-55,-23,-47,-53,-53,-45,-58,-55,-47,-45,-61,-50,-53,-29,-50,-34,-58,-34,-63,-34,-53,-23,-55,-15,-42,-26,-47,-15,-23,-23,-39,-21,-31,-31,-34,-13,-37,-13,-29,-7,-23,-5,-29,0,-21,0,0,0,0,0,0,0,0,0,0]"""
1782313072338,2026-06-24T23:57:52.338,warning,bed_exit,yja,bed_exit_failed,t030,"CSI_DATA,334448,1a:00:00:00:00:00,-66,11,-99,17,50,11,-1288790952,47,2,256,0,""[0,0,0,0,0,0,0,0,0,0,0,0,26,-21,34,-18,26,-18,29,-18,37,-23,37,-18,39,-15,42,-2,53,-18,45,-7,53,-7,58,-5,53,-5,58,-10,63,-7,58,-10,61,-10,61,-7,58,-7,69,0,69,7,71,-7,69,13,61,-2,74,0,66,2,71,0,77,10,66,-15,63,-18,77,-7,69,-13,71,-5,69,-7,74,-2,77,-10,71,-7,74,-21,71,-18,66,-21,79,-18,74,-42,74,-39,85,-42,90,-31,85,-23,87,-34,98,-21,85,-42,90,-47,85,-58,93,-61,98,-58,90,-53,87,-71,95,-61,98,-61,0,0,0,0,0,0,-61,-95,-61,-95,-66,-87,-55,-101,-55,-95,-63,-95,-69,-82,-61,-79,-58,-85,-58,-90,-55,-93,-39,-93,-61,-85,-53,-82,-53,-77,-58,-79,-61,-66,-61,-69,-61,-74,-69,-53,-71,-47,-71,-63,-66,-55,-66,-58,-53,-66,-74,-53,-61,-63,-63,-47,-63,-50,-66,-55,-63,-55,-66,-58,-63,-34,-69,-37,-69,-53,-66,-47,-45,-50,-55,-47,-53,-58,-55,-53,-47,-50,-50,-39,-45,-42,-39,-42,-31,-45,-45,-39,-42,-37,-29,-39,-23,-42,-21,-37,-18,-37,-10,-39,-15,-34,-10,-34,-13,-26,-7,-31,-7,-29,0,0,0,0,0,0,0,0,0,0]"""
1782313072348,2026-06-24T23:57:52.348,warning,bed_exit,yja,bed_exit_failed,t030,"CSI_DATA,334449,1a:00:00:00:00:00,-66,11,-99,23,49,11,-1288780299,47,2,256,0,""[0,0,0,0,0,0,0,0,0,0,0,0,-40,-5,-37,-10,-37,-10,-35,-7,-40,-20,-35,-12,-37,-7,-45,-7,-52,-12,-47,-12,-40,-27,-45,-25,-57,-20,-50,-30,-52,-37,-50,-35,-45,-35,-50,-42,-57,-25,-62,-35,-60,-27,-62,-30,-57,-32,-45,-42,-62,-32,-55,-37,-57,-47,-60,-45,-60,-37,-55,-35,-57,-42,-62,-27,-62,-20,-72,-17,-67,-17,-75,-25,-77,-25,-60,-32,-77,-17,-77,-25,-85,-17,-77,-22,-82,-22,-87,-22,-72,-12,-80,0,-90,5,-87,7,-108,10,-105,10,-105,-5,-115,-7,-108,-2,-102,12,-108,-17,-105,12,-108,7,0,0,0,0,0,0,-2,120,0,125,10,105,-5,123,12,123,-12,110,7,118,5,105,0,113,7,95,17,92,22,97,30,108,30,100,7,97,22,97,32,92,22,97,25,95,27,90,32,82,20,90,40,67,47,80,45,80,55,85,47,75,30,72,47,72,40,72,37,82,42,75,42,72,45,70,27,77,42,60,45,60,47,57,52,60,42,67,35,60,25,62,27,60,22,57,22,57,17,57,7,50,7,52,12,45,7,42,17,42,10,37,12,40,7,42,0,32,2,27,-5,25,0,0,0,0,0,0,0,0,0,0]"""
1782313072360,2026-06-24T23:57:52.360,warning,bed_exit,yja,bed_exit_failed,t030,"CSI_DATA,334450,1a:00:00:00:00:00,-66,11,-99,16,50,11,-1288770358,47,2,256,0,""[0,0,0,0,0,0,0,0,0,0,0,0,-27,21,-24,19,-41,21,-32,13,-43,19,-32,13,-41,10,-54,13,-43,5,-57,16,-52,10,-46,8,-54,5,-54,5,-49,0,-68,-13,-54,-13,-60,-19,-60,-13,-54,-21,-68,-24,-62,-24,-71,-21,-68,-24,-65,-27,-62,-21,-65,-27,-46,-16,-76,-46,-60,-35,-60,-38,-54,-30,-76,-32,-68,-43,-68,-30,-68,-35,-73,-38,-68,-32,-79,-35,-82,-38,-71,-27,-76,-60,-60,-49,-82,-41,-57,-27,-93,-41,-73,-49,-87,-30,-93,-57,-95,-46,-90,-52,-82,-49,-71,-46,-104,-60,-84,-65,-82,-54,-90,-73,0,0,0,0,0,0,-79,73,-93,93,-65,79,-84,73,-93,87,-65,62,-98,87,-73,62,-101,71,-73,62,-84,57,-82,71,-82,54,-82,84,-73,65,-62,62,-71,73,-68,60,-57,54,-84,60,-62,49,-82,54,-60,52,-79,52,-71,62,-68,43,-71,62,-68,60,-68,54,-65,54,-73,46,-54,38,-90,41,-71,27,-73,30,-65,24,-76,35,-76,27,-68,30,-68,19,-68,21,-68,16,-65,10,-65,10,-54,8,-60,-8,-46,-10,-52,-5,-38,-2,-54,-13,-38,-13,-41,-10,-35,-16,-38,-13,-30,-19,-21,-19,-16,-16,0,0,0,0,0,0,0,0,0,0]"""
1782313072371,2026-06-24T23:57:52.371,warning,bed_exit,yja,bed_exit_failed,t030,"CSI_DATA,334451,1a:00:00:00:00:00,-66,11,-99,19,50,11,-1288759358,47,2,256,0,""[0,0,0,0,0,0,0,0,0,0,0,0,-10,27,-15,42,-10,27,-20,45,-12,25,-35,50,-32,40,-30,30,-35,32,-25,20,-45,35,-40,32,-45,30,-42,22,-57,32,-30,25,-62,37,-45,25,-80,35,-75,20,-62,10,-60,17,-50,12,-67,17,-65,15,-72,15,-57,15,-82,15,-45,17,-70,17,-52,17,-97,20,-82,12,-67,20,-75,7,-67,10,-70,17,-77,30,-72,20,-70,10,-90,17,-57,32,-95,45,-72,17,-123,37,-87,20,-92,35,-97,15,-85,30,-77,20,-110,45,-90,35,-113,37,-92,22,-100,35,-125,30,-95,20,0,0,0,0,0,0,25,123,7,80,20,150,15,113,12,72,22,140,12,70,10,130,12,75,7,148,5,128,2,92,15,92,-2,72,10,110,7,97,-2,97,2,85,2,108,15,67,17,108,7,67,7,123,7,100,2,77,5,82,0,62,7,90,7,87,2,82,0,72,0,92,10,62,7,90,5,67,-5,113,-12,75,-7,70,-17,75,-12,60,-17,55,-12,72,-17,60,-17,42,-30,57,-5,42,-20,62,-27,37,-37,60,-27,32,-22,35,-30,27,-20,25,-25,15,-25,25,-25,20,-22,12,0,0,0,0,0,0,0,0,0,0]"""
1782313072381,2026-06-24T23:57:52.381,warning,bed_exit,yja,bed_exit_failed,t030,"CSI_DATA,334452,1a:00:00:00:00:00,-66,11,-99,16,50,11,-1288748196,47,2,256,0,""[0,0,0,0,0,0,0,0,0,0,0,0,-24,-16,-30,-19,-35,-19,-35,-21,-38,-27,-35,-32,-38,-32,-35,-32,-30,-32,-32,-35,-41,-35,-35,-32,-41,-41,-43,-38,-38,-35,-38,-46,-41,-43,-43,-43,-49,-52,-43,-60,-52,-54,-41,-41,-43,-49,-54,-46,-54,-43,-52,-41,-49,-41,-43,-38,-57,-43,-60,-41,-54,-41,-65,-43,-73,-46,-68,-38,-71,-30,-60,-35,-71,-32,-79,-21,-82,-24,-73,-13,-76,-13,-76,-21,-76,-8,-87,0,-95,-10,-101,-10,-93,-8,-98,0,-95,0,-104,10,-115,21,-84,19,-95,16,-120,24,-115,24,-109,30,-117,27,0,0,0,0,0,0,41,112,43,101,49,112,38,104,41,98,43,98,54,109,43,104,54,98,49,104,57,101,57,90,41,79,60,79,68,79,62,71,68,68,68,60,62,60,65,60,65,57,76,52,82,60,84,57,82,46,62,46,71,41,87,38,82,38,76,35,68,30,65,27,73,32,71,24,71,24,82,35,84,35,71,27,68,24,57,27,68,24,65,24,62,21,57,21,49,21,49,27,49,21,49,24,46,21,41,27,35,21,35,21,27,16,32,21,24,19,21,16,16,19,0,0,0,0,0,0,0,0,0,0]"""
1782313072392,2026-06-24T23:57:52.392,warning,bed_exit,yja,bed_exit_failed,t030,"CSI_DATA,334453,1a:00:00:00:00:00,-66,11,-99,16,50,11,-1288737153,47,2,256,0,""[0,0,0,0,0,0,0,0,0,0,0,0,-8,35,-13,41,-16,38,-13,35,-24,38,-19,35,-19,35,-24,35,-32,46,-32,38,-41,30,-38,38,-38,38,-43,38,-54,38,-43,43,-43,41,-52,38,-46,43,-54,32,-57,30,-57,46,-54,41,-65,32,-60,38,-52,38,-57,35,-60,35,-60,46,-54,43,-57,35,-52,43,-54,49,-49,52,-57,49,-52,60,-54,54,-54,46,-60,57,-68,57,-68,62,-49,65,-49,62,-62,68,-43,73,-52,73,-38,79,-41,84,-49,90,-60,90,-60,76,-62,90,-57,93,-46,95,-60,93,-60,104,-52,101,0,0,0,0,0,0,104,71,98,71,87,60,101,62,98,65,87,65,101,62,93,60,87,68,87,46,87,46,84,49,106,41,93,49,82,54,84,46,87,46,84,52,87,46,84,24,82,27,79,38,79,21,84,27,79,32,93,16,84,21,82,38,82,27,73,19,82,27,84,24,84,19,82,24,71,24,76,21,71,21,76,21,71,24,76,21,65,24,60,32,60,30,54,38,54,35,46,24,43,24,38,32,38,21,35,19,30,27,32,27,27,27,19,24,16,24,16,19,13,24,0,0,0,0,0,0,0,0,0,0]"""
1782313072402,2026-06-24T23:57:52.402,warning,bed_exit,yja,bed_exit_failed,t030,"CSI_DATA,334454,1a:00:00:00:00:00,-66,11,-99,17,50,11,-1288726312,47,2,256,0,""[0,0,0,0,0,0,0,0,0,0,0,0,10,37,5,39,5,42,7,39,2,42,-2,37,5,31,10,47,2,53,-2,55,-10,42,-13,53,-10,53,-18,61,-7,55,-13,71,-13,58,-18,61,-15,47,-10,58,-10,79,-15,66,-18,74,-18,50,-23,63,-23,58,-31,74,-23,71,-21,71,-15,69,-13,69,-13,53,2,63,-2,71,2,77,-2,87,-15,82,-21,69,-13,82,-5,93,5,90,-5,90,0,90,13,82,5,71,21,85,15,79,31,95,31,109,26,98,10,79,7,114,21,117,23,106,13,114,31,109,42,103,0,0,0,0,0,0,109,-37,125,-39,87,-29,111,-47,127,-37,106,-29,109,-26,98,-37,106,-42,82,-23,74,-37,93,-47,98,-55,98,-50,85,-23,95,-31,82,-37,101,-39,79,-50,90,-50,77,-47,77,-55,58,-37,50,-50,61,-53,63,-71,71,-61,61,-42,71,-47,66,-50,74,-55,63,-53,71,-58,55,-53,55,-50,47,-37,45,-55,50,-50,45,-53,55,-53,58,-42,50,-26,58,-29,63,-31,53,-31,53,-23,47,-21,42,-26,31,-13,39,-18,34,-18,34,-21,39,-13,34,-13,26,0,31,0,26,0,0,0,0,0,0,0,0,0,0,0]"""
1782313072414,2026-06-24T23:57:52.414,warning,bed_exit,yja,bed_exit_failed,t030,"CSI_DATA,334455,1a:00:00:00:00:00,-66,11,-99,16,50,11,-1288715358,47,2,256,0,""[0,0,0,0,0,0,0,0,0,0,0,0,21,-24,27,-21,32,-21,32,-24,41,-19,32,-24,35,-24,38,-30,43,-30,46,-24,46,-19,46,-21,49,-24,57,-19,57,-16,54,-27,54,-16,60,-13,52,-21,57,-30,62,-32,65,-24,60,-32,65,-10,65,-24,65,-27,68,-21,68,-30,68,-27,65,-27,71,-24,57,-35,62,-38,54,-46,54,-43,52,-57,57,-52,68,-41,57,-57,65,-52,65,-57,60,-65,57,-62,65,-57,52,-73,52,-79,38,-82,35,-84,46,-87,43,-84,57,-84,41,-90,52,-98,43,-101,57,-93,46,-101,43,-106,0,0,0,0,0,0,-101,-57,-106,-60,-98,-49,-109,-46,-115,-41,-95,-57,-104,-49,-98,-41,-101,-49,-101,-21,-95,-13,-98,-16,-106,-8,-101,-19,-93,-32,-93,-10,-95,-10,-95,-19,-90,-13,-90,0,-82,2,-98,-13,-82,10,-84,13,-82,13,-84,24,-82,19,-79,0,-82,10,-79,19,-82,16,-79,19,-84,16,-73,16,-79,8,-71,19,-71,19,-62,24,-65,24,-71,21,-68,19,-60,5,-57,10,-60,5,-57,2,-52,13,-46,2,-46,0,-41,2,-41,5,-41,5,-35,5,-32,-2,-30,0,-27,-8,-27,-5,-24,-8,0,0,0,0,0,0,0,0,0,0]"""
1782313072424,2026-06-24T23:57:52.424,warning,bed_exit,yja,bed_exit_failed,t030,"CSI_DATA,334456,1a:00:00:00:00:00,-66,11,-99,17,50,11,-1288704358,47,2,256,0,""[0,0,0,0,0,0,0,0,0,0,0,0,31,2,37,7,31,2,42,10,34,5,50,13,45,13,39,18,50,13,39,13,50,21,50,18,50,18,50,21,63,29,39,10,66,23,55,26,69,29,53,34,50,37,63,18,47,26,66,23,66,23,66,21,55,34,82,31,55,7,71,-5,50,21,79,18,53,7,61,15,74,-5,77,21,79,26,79,0,85,-7,31,-23,79,-5,63,-34,101,-29,82,-15,101,-45,125,7,93,-34,85,-31,117,-39,101,-53,98,-69,95,-82,122,-39,74,-45,95,-55,82,-77,87,-63,0,0,0,0,0,0,-74,-98,-63,-71,-93,-106,-66,-95,-61,-58,-85,-98,-66,-58,-101,-93,-61,-61,-87,-85,-82,-69,-63,-74,-87,-55,-66,-53,-77,-58,-85,-50,-77,-37,-77,-39,-90,-50,-71,-21,-95,-34,-69,-31,-95,-31,-79,-23,-74,-26,-85,-13,-69,-21,-77,-10,-87,-5,-74,-5,-74,-7,-93,-15,-58,7,-82,5,-77,-10,-93,0,-69,-7,-69,5,-74,-7,-69,-5,-55,-5,-63,0,-61,2,-50,0,-63,-7,-45,7,-61,0,-39,-5,-53,-10,-34,-7,-37,-5,-34,-10,-34,-7,-31,-13,-26,-13,-26,-5,-26,-10,0,0,0,0,0,0,0,0,0,0]"""
1782313072435,2026-06-24T23:57:52.435,warning,bed_exit,yja,bed_exit_failed,t030,"CSI_DATA,334457,1a:00:00:00:00:00,-66,11,-99,18,50,11,-1288692768,47,2,256,0,""[0,0,0,0,0,0,0,0,0,0,0,0,10,33,2,28,5,49,5,31,2,43,-2,36,-7,41,-2,51,-10,36,2,56,0,51,0,46,0,51,-5,49,-5,41,-20,69,-15,51,-23,62,-20,59,-23,51,-23,67,-25,54,-18,74,-18,67,-12,69,-18,69,-23,72,-18,56,-31,74,-20,64,-28,72,-12,56,-12,77,-20,77,-5,74,-15,69,-7,80,-10,80,-2,85,7,87,7,74,-20,93,-12,80,7,87,-2,67,7,93,-2,85,25,87,5,103,20,105,18,95,15,100,5,93,23,121,20,105,12,100,20,124,0,0,0,0,0,0,111,-15,124,-20,98,-18,105,-5,129,-28,93,-2,121,-15,93,-18,113,-20,93,-18,100,-12,103,-25,82,-18,93,-46,85,-38,80,-31,87,-46,85,-46,64,-31,103,-33,74,-28,85,-38,67,-41,80,-38,80,-46,69,-33,72,-51,69,-49,56,-51,64,-56,67,-49,49,-43,85,-41,67,-33,67,-36,46,-28,56,-43,62,-36,54,-43,62,-25,62,-36,56,-23,54,-31,56,-31,43,-23,59,-12,49,-5,43,-23,31,-7,46,-12,38,-5,33,-10,33,0,38,-5,31,0,25,0,25,2,0,0,0,0,0,0,0,0,0,0]"""
1782313072447,2026-06-24T23:57:52.447,warning,bed_exit,yja,bed_exit_failed,t030,"CSI_DATA,334458,1a:00:00:00:00:00,-66,11,-99,17,50,11,-1288677217,47,2,256,0,""[0,0,0,0,0,0,0,0,0,0,0,0,31,18,26,15,31,29,26,23,31,34,18,34,23,37,26,45,21,39,26,50,21,45,15,47,15,47,15,53,15,45,18,74,15,55,15,66,7,55,21,50,18,66,5,63,7,77,13,63,5,63,-2,66,2,74,10,55,7,87,5,61,10,69,5,55,21,69,10,69,15,69,10,71,7,85,7,79,2,79,23,82,26,66,10,95,10,79,39,87,15,69,37,95,13,87,37,79,34,98,31,101,29,93,18,95,23,95,31,117,34,106,15,93,31,111,0,0,0,0,0,0,103,-34,125,-42,95,-31,111,-31,127,-26,90,-26,127,-37,93,-23,111,-31,87,-15,93,-21,106,-29,93,-18,106,-34,90,-21,87,-13,90,-21,87,-29,69,-23,101,-26,79,-26,87,-37,71,-31,77,-31,85,-37,71,-23,87,-37,77,-29,77,-29,74,-29,74,-26,58,-29,87,-29,63,-26,74,-29,58,-13,71,-31,71,-13,66,-23,66,-7,74,-7,61,-5,63,0,63,-7,50,-2,61,5,45,5,50,-10,29,0,42,2,39,7,39,7,31,10,34,10,23,10,21,13,15,10,0,0,0,0,0,0,0,0,0,0]"""
1782313072458,2026-06-24T23:57:52.458,warning,bed_exit,yja,bed_exit_failed,t030,"CSI_DATA,334459,1a:00:00:00:00:00,-66,11,-99,18,50,11,-1288668293,47,2,256,0,""[0,0,0,0,0,0,0,0,0,0,0,0,31,-7,41,-7,28,-5,41,-5,38,-5,46,-5,49,-2,38,-2,54,-10,41,7,54,10,56,2,56,2,51,10,62,5,56,2,64,5,59,5,64,15,64,7,49,0,67,7,56,15,64,15,62,12,69,15,69,12,74,15,59,0,67,5,72,0,77,5,67,-2,64,-10,74,-5,77,-12,72,-7,80,-15,69,-7,69,-10,82,-15,69,-28,80,-36,85,-25,108,-36,72,-28,85,-56,95,-33,74,-46,85,-41,90,-51,87,-46,93,-49,93,-54,93,-56,103,-62,98,-56,0,0,0,0,0,0,-69,-98,-54,-82,-62,-103,-69,-90,-54,-82,-72,-98,-59,-69,-72,-93,-64,-72,-64,-98,-77,-77,-69,-69,-74,-74,-54,-64,-62,-72,-64,-67,-62,-59,-54,-62,-72,-67,-64,-41,-72,-41,-69,-46,-80,-49,-74,-43,-67,-31,-77,-38,-67,-33,-74,-41,-72,-36,-64,-33,-62,-41,-80,-41,-59,-12,-72,-20,-74,-28,-82,-33,-59,-28,-69,-15,-69,-28,-64,-25,-56,-25,-62,-23,-51,-25,-46,-23,-43,-25,-43,-20,-51,-18,-38,-25,-46,-31,-31,-20,-33,-18,-23,-25,-28,-18,-18,-18,-20,-28,-20,-20,-18,-20,0,0,0,0,0,0,0,0,0,0]"""
1782313072468,2026-06-24T23:57:52.468,warning,bed_exit,yja,bed_exit_failed,t030,"CSI_DATA,334460,1a:00:00:00:00:00,-66,11,-99,16,50,11,-1288660358,47,2,256,0,""[0,0,0,0,0,0,0,0,0,0,0,0,-10,32,-2,30,-19,38,-13,27,-21,35,-21,30,-19,32,-27,41,-27,32,-30,43,-35,38,-32,38,-35,38,-41,35,-30,30,-62,41,-41,30,-54,35,-43,19,-43,41,-46,49,-54,27,-62,46,-54,30,-49,27,-60,35,-68,30,-46,30,-76,30,-60,21,-71,32,-46,24,-54,41,-60,41,-57,41,-65,41,-76,49,-71,41,-71,38,-65,46,-49,43,-87,52,-68,35,-65,52,-49,41,-71,79,-79,57,-60,73,-79,62,-73,71,-79,46,-82,57,-76,60,-98,76,-90,57,-71,60,-87,73,0,0,0,0,0,0,57,82,73,98,52,71,71,90,71,106,49,73,71,112,46,71,54,101,52,76,57,79,68,93,57,82,73,82,62,76,57,68,54,68,57,73,46,52,62,87,49,57,62,73,49,57,54,60,65,62,49,54,71,62,57,60,52,54,60,60,60,54,49,43,52,76,41,52,52,62,27,43,54,57,41,57,49,54,38,54,38,60,27,60,30,60,35,62,27,41,19,65,8,43,16,46,8,27,16,46,5,38,13,35,8,35,0,30,-5,27,-2,24,-5,19,0,0,0,0,0,0,0,0,0,0]"""
1782313072482,2026-06-24T23:57:52.482,warning,bed_exit,yja,bed_exit_failed,t030,"CSI_DATA,334461,1a:00:00:00:00:00,-66,11,-99,18,50,11,-1288642602,47,2,256,0,""[0,0,0,0,0,0,0,0,0,0,0,0,0,36,-7,36,-7,38,-10,36,-20,41,-2,38,-7,41,-12,43,-10,46,-10,46,-31,41,-18,46,-23,46,-33,43,-28,41,-33,54,-31,46,-51,49,-28,46,-31,46,-51,56,-33,62,-36,64,-43,43,-41,49,-36,51,-46,54,-46,51,-49,51,-46,43,-54,51,-28,51,-31,56,-33,64,-25,67,-25,74,-36,77,-43,64,-33,69,-41,77,-38,69,-43,80,-38,69,-46,74,-20,67,-23,93,-15,90,-10,98,-23,103,-20,103,-38,77,-31,105,-28,103,-25,113,-49,100,-31,95,-31,108,0,0,0,0,0,0,105,33,116,51,85,31,103,38,121,41,95,46,98,51,85,33,100,54,87,15,95,18,100,12,113,7,105,15,85,36,93,15,90,15,90,20,85,15,100,15,82,15,98,25,74,0,74,0,77,2,87,-12,90,-10,77,12,82,0,85,-7,85,5,77,0,85,7,74,10,82,12,59,0,72,-2,67,-7,69,-7,74,-2,69,-2,62,18,59,5,62,18,54,15,54,15,43,18,49,20,36,12,38,12,38,10,38,7,33,18,28,7,23,23,20,15,20,18,0,0,0,0,0,0,0,0,0,0]"""
1782313072493,2026-06-24T23:57:52.493,warning,bed_exit,yja,bed_exit_failed,t030,"CSI_DATA,334462,1a:00:00:00:00:00,-66,11,-99,17,50,11,-1288638359,47,2,256,0,""[0,0,0,0,0,0,0,0,0,0,0,0,-21,-15,-31,-23,-23,-15,-29,-23,-31,-23,-31,-31,-29,-37,-26,-31,-34,-37,-18,-39,-34,-45,-26,-45,-29,-47,-21,-45,-34,-53,-29,-34,-31,-53,-34,-42,-29,-58,-37,-71,-29,-53,-23,-58,-23,-50,-34,-58,-29,-58,-29,-58,-26,-53,-34,-61,-37,-47,-37,-61,-37,-53,-39,-71,-34,-69,-37,-66,-37,-63,-39,-61,-45,-50,-63,-55,-47,-50,-42,-50,-50,-55,-63,-37,-74,-50,-66,-53,-98,-66,-63,-53,-77,-53,-74,-66,-66,-47,-82,-58,-103,-55,-87,-37,-93,-45,-98,-53,-109,-39,-101,-53,-103,-63,0,0,0,0,0,0,-55,98,-45,85,-58,111,-42,101,-37,74,-47,111,-34,85,-47,111,-31,87,-47,114,-45,103,-39,79,-31,87,-39,74,-23,106,-26,95,-26,87,-23,79,-23,90,-7,77,-5,90,-5,85,-15,101,-15,90,-10,77,-10,82,-5,71,0,87,-2,82,0,77,-2,66,0,79,7,66,7,77,10,79,2,101,-10,77,-5,74,-15,77,-2,58,0,61,0,71,-2,55,-5,47,-10,53,5,47,0,53,-10,50,-15,63,-13,39,-10,42,-15,31,-10,29,-21,29,-15,31,-13,29,-13,21,0,0,0,0,0,0,0,0,0,0]"""
1782313072504,2026-06-24T23:57:52.504,warning,bed_exit,yja,bed_exit_failed,t030,"CSI_DATA,334463,1a:00:00:00:00:00,-66,11,-99,19,50,11,-1288626906,47,2,256,0,""[0,0,0,0,0,0,0,0,0,0,0,0,17,27,15,25,20,42,17,30,20,42,10,37,17,37,22,47,12,37,20,52,15,47,5,40,5,55,10,50,12,45,17,65,10,47,15,62,10,65,10,57,12,62,15,60,15,70,15,70,10,67,15,65,17,62,22,55,22,82,22,60,27,62,22,55,40,65,32,70,40,65,35,57,40,70,37,62,45,72,57,67,57,50,60,72,47,57,75,60,47,55,87,57,70,65,87,45,87,60,85,57,80,67,75,62,87,42,102,65,97,60,85,52,113,52,0,0,0,0,0,0,42,-100,42,-118,37,-95,30,-105,42,-123,20,-90,40,-128,22,-100,22,-113,25,-92,17,-97,15,-105,17,-90,10,-115,7,-92,7,-92,10,-102,0,-97,-15,-75,0,-102,-5,-75,-17,-90,-10,-80,-22,-90,-22,-95,-22,-80,-30,-90,-27,-85,-25,-80,-25,-77,-30,-75,-35,-55,-32,-92,-30,-72,-40,-65,-20,-62,-45,-65,-27,-72,-37,-65,-27,-65,-30,-65,-25,-52,-15,-62,-22,-60,-25,-50,-20,-55,-10,-42,-25,-47,-10,-32,-20,-42,-10,-35,-10,-40,-10,-37,-7,-37,-2,-30,-2,-25,0,-25,0,0,0,0,0,0,0,0,0,0]"""
1782313072515,2026-06-24T23:57:52.515,warning,bed_exit,yja,bed_exit_failed,t030,"CSI_DATA,334464,1a:00:00:00:00:00,-66,11,-99,16,50,11,-1288614951,47,2,256,0,""[0,0,0,0,0,0,0,0,0,0,0,0,-30,8,-35,5,-27,0,-41,2,-35,8,-49,2,-49,-2,-46,-2,-38,-2,-35,-5,-52,0,-52,0,-49,2,-52,-5,-62,-8,-46,-13,-65,-16,-46,-5,-68,-10,-71,-21,-71,-16,-49,-21,-57,-13,-73,-10,-60,-5,-62,-19,-65,-10,-68,-21,-54,-13,-76,-13,-65,-13,-87,-16,-73,-19,-71,-8,-68,-13,-60,-16,-68,-2,-79,8,-73,8,-68,8,-82,-2,-68,2,-93,10,-76,10,-117,10,-93,0,-95,10,-93,13,-84,13,-84,21,-104,43,-98,24,-104,32,-101,21,-98,38,-115,38,-109,24,0,0,0,0,0,0,30,104,30,90,52,134,21,115,19,84,32,120,27,93,35,123,32,87,32,125,38,112,35,98,27,87,27,71,46,90,52,84,54,79,43,71,43,79,38,71,46,79,49,65,60,87,35,82,49,71,35,62,41,60,60,65,54,57,52,54,46,54,57,65,41,52,57,65,49,57,60,79,38,71,52,57,38,60,30,54,30,43,46,52,41,52,32,43,32,54,21,41,27,49,19,46,21,54,13,46,13,41,5,32,10,32,8,30,8,35,2,30,0,21,0,0,0,0,0,0,0,0,0,0]"""
1782313072526,2026-06-24T23:57:52.526,warning,bed_exit,yja,bed_exit_failed,t030,"CSI_DATA,334465,1a:00:00:00:00:00,-66,11,-99,16,50,11,-1288605359,47,2,256,0,""[0,0,0,0,0,0,0,0,0,0,0,0,-19,-27,-16,-24,-19,-35,-16,-27,-13,-35,-8,-32,-13,-30,-19,-41,-13,-43,-13,-49,-8,-43,-5,-49,-2,-52,2,-57,0,-52,13,-65,13,-60,21,-62,13,-43,8,-54,10,-76,21,-60,19,-73,27,-49,24,-60,30,-60,43,-62,32,-60,52,-65,41,-49,41,-57,30,-35,21,-60,32,-65,27,-68,43,-79,43,-71,49,-54,43,-68,52,-76,43,-73,65,-62,62,-57,43,-65,38,-43,52,-82,49,-65,38,-93,71,-87,52,-82,57,-52,84,-73,79,-76,79,-76,87,-68,71,-71,82,-79,0,0,0,0,0,0,-60,-87,-71,-117,-54,-65,-54,-98,-65,-112,-41,-101,-49,-112,-35,-87,-41,-106,-32,-87,-41,-71,-68,-98,-43,-90,-60,-93,-32,-82,-43,-84,-38,-84,-30,-90,-32,-76,-30,-104,-21,-84,-24,-93,-19,-65,-27,-65,-46,-79,-24,-82,-38,-87,-19,-71,-21,-73,-27,-84,-19,-87,-16,-76,2,-98,2,-73,0,-79,0,-57,-10,-71,-2,-68,-8,-73,2,-82,8,-73,19,-57,19,-60,19,-62,19,-57,35,-54,27,-43,27,-46,16,-24,24,-41,21,-32,21,-35,27,-30,27,-27,21,-10,27,-10,27,-10,0,0,0,0,0,0,0,0,0,0]"""
1782313072537,2026-06-24T23:57:52.537,warning,bed_exit,yja,bed_exit_failed,t030,"CSI_DATA,334466,1a:00:00:00:00:00,-66,11,-99,16,50,11,-1288594106,47,2,256,0,""[0,0,0,0,0,0,0,0,0,0,0,0,30,-16,30,-13,38,-8,32,-16,41,-10,41,-5,41,-8,49,-10,38,-5,49,-10,46,-8,52,0,54,-2,52,-2,43,-5,68,-5,54,0,71,2,54,2,49,10,68,5,60,2,79,0,62,-2,62,8,68,10,71,2,60,-5,79,0,65,-2,76,-5,57,-2,71,-19,68,-5,73,-16,76,-13,84,-10,73,-10,82,-10,76,-21,68,-30,93,-30,76,-21,73,-43,62,-21,87,-57,82,-27,82,-57,87,-49,90,-52,76,-38,98,-41,87,-54,106,-62,101,-57,90,-43,90,-79,0,0,0,0,0,0,-68,-79,-79,-109,-52,-71,-82,-87,-84,-109,-68,-73,-84,-93,-65,-73,-79,-84,-60,-73,-68,-68,-82,-79,-71,-71,-79,-68,-68,-65,-62,-73,-68,-65,-76,-60,-65,-41,-90,-62,-71,-46,-87,-43,-57,-41,-71,-30,-79,-41,-76,-32,-87,-43,-71,-35,-68,-43,-82,-38,-79,-27,-76,-13,-87,-41,-65,-27,-79,-24,-49,-24,-73,-16,-65,-30,-71,-24,-71,-32,-68,-32,-54,-35,-52,-38,-60,-35,-52,-24,-52,-30,-43,-30,-43,-21,-27,-24,-43,-21,-32,-27,-35,-21,-27,-21,-27,-32,-13,-19,-16,-24,-13,-21,0,0,0,0,0,0,0,0,0,0]"""
1782313072547,2026-06-24T23:57:52.547,warning,bed_exit,yja,bed_exit_failed,t030,"CSI_DATA,334467,1a:00:00:00:00:00,-66,11,-99,19,50,11,-1288583359,47,2,256,0,""[0,0,0,0,0,0,0,0,0,0,0,0,7,27,10,37,0,30,7,40,0,35,7,45,5,45,0,42,10,55,-5,37,0,50,-2,50,-2,52,-2,55,-15,72,0,55,0,62,-12,52,-12,65,5,62,-5,55,0,70,-2,55,-15,57,-7,67,2,67,-5,70,-7,85,7,60,-5,75,-7,62,5,77,0,70,15,72,10,72,22,75,15,60,20,75,27,70,20,75,22,97,35,57,42,82,27,77,55,90,40,75,60,75,57,75,62,80,55,72,62,85,75,75,87,100,70,65,67,87,85,97,72,90,0,0,0,0,0,0,102,-82,85,-65,95,-85,90,-77,65,-72,102,-80,70,-67,85,-92,72,-62,72,-92,57,-87,60,-77,55,-97,47,-70,55,-80,45,-85,47,-85,47,-82,62,-102,22,-75,30,-92,37,-72,32,-90,27,-85,25,-80,12,-92,15,-70,22,-80,20,-85,5,-85,12,-80,20,-100,2,-70,10,-82,15,-70,10,-90,12,-70,-2,-75,7,-75,2,-72,5,-67,5,-65,2,-67,12,-65,20,-67,5,-47,12,-60,20,-47,10,-52,12,-35,7,-42,12,-40,10,-40,17,-32,15,-25,12,-30,17,-27,0,0,0,0,0,0,0,0,0,0]"""
1782313072558,2026-06-24T23:57:52.558,warning,bed_exit,yja,bed_exit_failed,t030,"CSI_DATA,334468,1a:00:00:00:00:00,-66,11,-99,16,50,11,-1288571946,47,2,256,0,""[0,0,0,0,0,0,0,0,0,0,0,0,-5,-30,0,-35,2,-30,2,-38,0,-38,0,-38,2,-41,8,-30,0,-52,16,-43,8,-49,5,-54,8,-52,5,-49,10,-62,2,-49,0,-57,0,-57,10,-60,5,-60,8,-46,0,-71,8,-60,8,-65,5,-68,5,-62,5,-65,0,-71,-13,-62,-16,-71,-8,-65,-10,-76,-10,-68,-16,-73,-8,-73,-27,-73,-21,-65,-35,-68,-27,-71,-30,-68,-32,-76,-57,-52,-62,-57,-65,-71,-68,-76,-57,-62,-65,-60,-60,-76,-73,-65,-76,-71,-93,-60,-87,-52,-93,-54,-93,-49,-101,-49,-109,-57,-98,-60,0,0,0,0,0,0,-62,115,-43,106,-46,112,-35,112,-38,87,-35,112,-24,104,-21,120,-21,98,-30,106,-13,109,-27,87,-2,106,-21,95,-5,95,-5,98,-2,95,2,95,0,104,30,76,30,84,21,87,24,93,21,84,19,84,38,93,24,79,35,73,32,84,32,65,30,68,35,82,52,57,54,57,52,71,52,82,32,68,41,65,30,71,41,60,38,60,46,52,41,54,30,49,30,54,41,35,38,41,24,52,30,49,19,38,19,41,10,41,21,35,13,35,10,30,5,30,10,30,0,0,0,0,0,0,0,0,0,0]"""
1782313072569,2026-06-24T23:57:52.569,warning,bed_exit,yja,bed_exit_failed,t030,"CSI_DATA,334469,1a:00:00:00:00:00,-66,11,-99,14,50,11,-1288561359,47,2,256,0,""[0,0,0,0,0,0,0,0,0,0,0,0,8,-26,8,-31,11,-29,11,-37,8,-34,17,-46,23,-40,20,-37,26,-37,23,-37,23,-46,20,-46,31,-43,29,-40,37,-49,29,-31,46,-43,34,-40,55,-58,49,-46,46,-31,43,-34,34,-34,52,-58,49,-55,43,-52,40,-40,46,-46,49,-34,55,-55,40,-43,66,-63,58,-55,52,-60,52,-58,43,-46,37,-52,34,-69,43,-72,37,-66,43,-69,31,-58,46,-81,40,-75,58,-98,46,-84,37,-84,46,-72,49,-78,37,-92,43,-116,26,-84,40,-98,46,-95,40,-113,46,-113,55,-104,0,0,0,0,0,0,-118,-43,-89,-37,-133,-55,-92,-52,-78,-29,-118,-52,-89,-43,-124,-52,-92,-37,-118,-58,-107,-49,-89,-37,-78,-40,-84,-31,-104,-26,-92,-14,-98,-23,-89,-17,-98,-26,-84,-29,-101,-23,-75,-11,-116,-23,-101,-29,-87,-17,-75,-17,-72,-8,-98,-2,-87,2,-81,0,-69,-5,-87,-11,-69,-8,-89,-8,-66,-2,-101,-17,-84,-20,-72,-8,-75,-20,-63,-20,-60,-11,-72,-11,-63,-14,-52,-14,-63,-20,-49,-17,-58,-20,-46,-17,-52,-31,-40,-26,-37,-20,-29,-23,-29,-26,-23,-23,-31,-20,-26,-20,-20,-14,0,0,0,0,0,0,0,0,0,0]"""
1782313072580,2026-06-24T23:57:52.580,warning,bed_exit,yja,bed_exit_failed,t030,"CSI_DATA,334470,1a:00:00:00:00:00,-66,11,-99,22,49,11,-1288550359,47,2,256,0,""[0,0,0,0,0,0,0,0,0,0,0,0,25,18,25,31,20,23,23,31,20,36,31,31,23,31,20,36,33,38,23,33,20,46,31,49,28,46,25,46,25,56,18,51,23,56,23,59,28,56,15,62,12,64,31,59,31,51,15,59,31,64,28,59,20,72,28,69,20,67,33,56,36,74,41,64,43,49,56,77,51,59,74,54,33,82,38,51,69,82,67,74,20,82,59,62,54,43,46,59,105,51,64,51,85,87,82,67,105,69,41,56,93,59,95,95,124,77,87,41,108,64,82,56,85,54,0,0,0,0,0,0,77,-100,74,-93,64,-100,77,-87,62,-95,82,-100,62,-85,56,-95,74,-77,49,-100,49,-98,38,-90,38,-108,38,-87,49,-87,36,-95,28,-93,38,-87,41,-103,18,-90,28,-90,38,-87,18,-82,15,-85,12,-90,10,-93,7,-85,15,-80,5,-80,2,-87,12,-87,18,-93,7,-80,7,-85,18,-80,7,-87,7,-74,-2,-72,2,-72,5,-82,5,-67,12,-69,5,-67,20,-62,23,-62,12,-54,18,-59,25,-46,15,-46,18,-38,10,-41,12,-41,12,-38,15,-31,20,-28,15,-31,18,-25,0,0,0,0,0,0,0,0,0,0]"""
1782313072591,2026-06-24T23:57:52.591,warning,bed_exit,yja,bed_exit_failed,t030,"CSI_DATA,334471,1a:00:00:00:00:00,-66,11,-99,20,49,11,-1288538763,47,2,256,0,""[0,0,0,0,0,0,0,0,0,0,0,0,27,0,41,5,24,0,43,5,30,-5,49,5,46,10,35,10,49,10,27,16,49,21,54,21,49,21,49,16,65,24,41,16,65,21,46,10,76,24,73,27,60,24,60,16,43,21,65,24,65,19,65,24,57,19,76,21,49,-2,76,5,60,10,101,13,71,5,71,-2,68,8,68,5,57,5,87,-8,79,-8,71,-5,82,-10,60,-21,95,-35,68,-19,128,-43,90,-21,84,-43,98,-27,73,-32,68,-43,98,-60,84,-54,104,-60,87,-52,84,-84,106,-76,90,-71,0,0,0,0,0,0,-84,-90,-46,-65,-104,-115,-68,-90,-41,-49,-93,-101,-60,-52,-109,-87,-65,-52,-104,-101,-87,-71,-73,-65,-82,-65,-60,-49,-93,-62,-87,-57,-84,-49,-65,-38,-95,-49,-62,-16,-109,-30,-71,-27,-123,-38,-90,-27,-79,-16,-84,-13,-60,-19,-90,-13,-82,-10,-79,-16,-68,-16,-93,-19,-54,10,-90,5,-71,0,-115,0,-79,-8,-73,5,-76,-10,-62,-8,-54,-5,-76,13,-60,-8,-46,-8,-57,-8,-52,5,-71,2,-38,-5,-76,-19,-43,-5,-49,-10,-32,-13,-35,-8,-24,-8,-35,-10,-32,-8,-27,-13,0,0,0,0,0,0,0,0,0,0]"""
1782313072601,2026-06-24T23:57:52.601,warning,bed_exit,yja,bed_exit_failed,t030,"CSI_DATA,334472,1a:00:00:00:00:00,-66,11,-99,19,49,11,-1288527829,47,2,256,0,""[0,0,0,0,0,0,0,0,0,0,0,0,31,-8,31,-11,36,-16,33,-8,39,-5,36,-8,36,-11,45,-11,47,-11,53,-5,50,8,47,5,50,2,56,8,56,8,56,8,56,8,59,19,64,5,56,8,62,16,67,0,64,16,64,22,70,16,62,22,64,28,64,22,70,11,70,14,64,22,64,14,67,5,76,2,73,5,78,5,76,11,73,16,81,5,81,5,90,5,84,0,90,5,93,2,87,0,87,-5,90,-11,98,-11,104,-22,107,-11,101,-2,109,-5,107,0,107,-14,115,2,121,-22,121,-8,0,0,0,0,0,0,-8,-126,0,-124,-2,-107,-2,-118,-2,-118,8,-107,-2,-118,-5,-109,0,-115,-2,-98,-14,-101,-2,-101,-19,-107,-14,-109,0,-93,0,-95,-11,-95,-8,-101,-11,-101,-25,-93,-16,-87,-14,-93,-19,-81,-33,-76,-28,-84,-39,-90,-19,-84,-19,-90,-25,-84,-16,-81,-11,-90,-16,-81,-25,-81,-19,-78,-19,-78,-16,-78,-25,-70,-25,-76,-25,-76,-19,-76,-14,-73,2,-64,-8,-70,-2,-67,2,-59,-2,-59,2,-56,8,-56,0,-45,2,-39,0,-45,14,-42,5,-36,8,-39,22,-25,14,-28,14,-28,0,0,0,0,0,0,0,0,0,0]"""
1782313072611,2026-06-24T23:57:52.611,warning,bed_exit,yja,bed_exit_failed,t030,"CSI_DATA,334473,1a:00:00:00:00:00,-66,11,-99,21,49,11,-1288515029,47,2,256,0,""[0,0,0,0,0,0,0,0,0,0,0,0,26,26,23,21,29,31,26,26,23,34,15,34,21,31,23,47,21,39,26,47,15,47,10,45,13,45,15,55,15,45,5,66,7,53,7,63,2,58,5,50,5,69,5,61,5,69,0,71,-5,61,-10,69,-7,71,2,61,-5,82,5,61,0,69,-5,58,13,74,2,74,10,77,2,74,-2,85,-5,71,0,85,10,90,13,82,-2,93,-2,79,26,85,5,63,23,98,2,85,31,93,18,106,21,98,13,95,0,98,10,95,18,114,10,117,13,101,29,122,0,0,0,0,0,0,111,-18,130,-15,95,-5,114,-21,141,-2,95,-5,133,-10,98,-7,125,-7,93,-2,98,-7,114,-18,101,-7,114,-13,93,-7,93,-2,101,-7,98,-7,82,-15,106,-7,85,-13,98,-18,79,-10,79,-21,93,-23,82,-18,95,-23,90,-13,85,-10,85,-13,90,-13,71,-18,98,-7,71,-10,79,-10,63,-5,82,-18,79,-2,85,-15,77,-5,77,5,69,13,66,21,69,10,58,7,58,18,45,18,55,5,37,13,45,15,37,13,39,10,39,18,31,15,23,21,15,23,15,21,0,0,0,0,0,0,0,0,0,0]"""
1782313072622,2026-06-24T23:57:52.622,warning,bed_exit,yja,bed_exit_failed,t030,"CSI_DATA,334474,1a:00:00:00:00:00,-66,11,-99,17,50,11,-1288506359,47,2,256,0,""[0,0,0,0,0,0,0,0,0,0,0,0,-34,-2,-23,-2,-37,-5,-37,-7,-39,-5,-39,-13,-42,-10,-42,-7,-37,-15,-53,-21,-50,-15,-42,-15,-45,-21,-42,-21,-45,-18,-55,-31,-45,-21,-55,-31,-53,-39,-53,-26,-53,-26,-53,-26,-50,-37,-63,-37,-55,-39,-50,-37,-53,-34,-50,-26,-66,-45,-55,-26,-69,-31,-61,-31,-79,-29,-69,-29,-69,-26,-58,-26,-77,-29,-77,-26,-71,-29,-74,-21,-74,-7,-87,-23,-69,-21,-95,-7,-82,-15,-109,-7,-95,-7,-101,0,-95,0,-109,-2,-114,-2,-98,-5,-85,2,-130,0,-117,-2,-98,0,-119,7,0,0,0,0,0,0,5,109,10,125,10,125,15,111,13,111,13,98,15,130,13,103,18,114,10,109,15,111,23,103,15,90,23,109,23,106,18,93,23,93,26,87,29,74,34,98,26,74,42,87,34,82,42,93,45,85,34,71,45,79,47,85,42,77,42,77,42,66,37,53,45,77,42,69,47,69,37,71,47,77,37,66,42,63,29,61,31,66,34,61,23,61,21,55,23,50,15,55,15,47,18,53,10,42,13,47,5,39,7,42,5,29,-2,42,2,34,-5,29,0,21,0,0,0,0,0,0,0,0,0,0]"""
1782313072633,2026-06-24T23:57:52.633,warning,bed_exit,yja,bed_exit_failed,t030,"CSI_DATA,334475,1a:00:00:00:00:00,-66,11,-99,16,50,11,-1288493934,47,2,256,0,""[0,0,0,0,0,0,0,0,0,0,0,0,27,-21,21,-21,38,-19,30,-13,41,-13,30,-13,27,-13,43,-27,41,-19,49,-21,49,-10,49,-16,54,-16,60,-10,54,-5,65,-5,54,-8,68,2,49,-5,60,-10,68,-16,62,-5,73,-16,57,5,62,-5,65,-2,73,5,65,-2,82,5,68,8,73,8,49,-2,68,-8,68,-10,73,-19,79,-21,76,-19,73,-2,87,-16,93,-10,82,-16,95,-8,87,-10,87,-13,57,-24,82,-38,82,-41,82,-60,104,-43,104,-52,87,-16,106,-35,95,-32,104,-49,115,-19,98,-35,112,-41,0,0,0,0,0,0,-32,-109,-43,-134,-27,-90,-27,-106,-43,-131,-13,-101,-24,-125,-24,-104,-21,-120,-35,-79,-38,-84,-54,-93,-52,-93,-60,-104,-24,-82,-46,-87,-46,-84,-32,-93,-35,-79,-41,-93,-35,-71,-41,-90,-35,-57,-46,-65,-54,-71,-52,-73,-65,-71,-30,-76,-46,-65,-49,-68,-43,-79,-46,-57,-38,-82,-30,-65,-35,-73,-30,-43,-43,-57,-46,-60,-54,-60,-46,-62,-38,-60,-16,-57,-27,-65,-16,-65,-19,-60,-8,-60,-8,-46,-5,-52,-10,-27,-10,-46,-8,-38,-16,-35,-5,-41,-2,-38,5,-21,8,-24,10,-27,0,0,0,0,0,0,0,0,0,0]"""
1782313072643,2026-06-24T23:57:52.643,warning,bed_exit,yja,bed_exit_failed,t030,"CSI_DATA,334476,1a:00:00:00:00:00,-66,11,-99,16,50,11,-1288482844,47,2,256,0,""[0,0,0,0,0,0,0,0,0,0,0,0,30,0,35,2,30,8,43,13,32,8,46,19,41,24,32,21,30,27,32,27,46,27,43,27,43,35,35,35,38,52,30,41,41,49,30,41,38,68,19,60,16,62,21,62,19,57,32,65,27,65,27,60,21,57,21,68,10,57,19,73,24,54,16,84,10,82,13,68,13,76,5,68,19,62,30,73,24,79,24,71,16,79,19,65,30,87,19,79,24,104,19,93,21,90,13,93,10,90,21,90,30,109,32,87,21,112,19,104,24,117,10,123,5,115,0,0,0,0,0,0,115,8,98,0,136,2,106,10,87,2,125,5,95,13,128,21,93,10,128,27,112,27,93,19,93,21,82,19,106,5,104,2,95,2,90,10,95,19,82,19,98,16,79,5,106,24,90,27,84,21,73,27,68,10,90,8,84,13,82,10,73,13,84,24,71,21,82,30,65,19,87,46,68,46,65,35,65,41,49,38,49,30,60,32,54,35,43,32,43,49,38,32,38,46,27,38,32,46,16,43,16,35,10,35,5,35,5,30,8,35,5,30,2,27,0,0,0,0,0,0,0,0,0,0]"""
1782313072653,2026-06-24T23:57:52.653,warning,bed_exit,yja,bed_exit_failed,t030,"CSI_DATA,334477,1a:00:00:00:00:00,-66,11,-99,16,50,11,-1288473359,47,2,256,0,""[0,0,0,0,0,0,0,0,0,0,0,0,21,-16,30,-19,24,-16,32,-16,30,-19,41,-13,43,-2,35,5,46,-8,41,0,49,0,54,-2,57,2,52,5,65,10,43,2,62,13,54,19,71,21,65,32,54,21,65,35,46,32,57,30,60,35,52,35,49,35,54,54,52,24,62,38,52,41,73,52,54,60,52,52,49,62,49,52,52,49,65,41,68,46,57,41,52,65,62,32,76,54,62,65,84,73,54,68,68,62,43,87,71,68,71,76,93,62,73,60,71,82,65,84,90,73,84,95,76,95,0,0,0,0,0,0,112,-65,95,-43,123,-54,106,-43,87,-30,120,-46,90,-38,117,-46,93,-35,112,-32,106,-24,95,-5,98,-27,90,-10,93,-27,93,-27,90,-27,90,-24,104,-19,62,-21,87,-21,82,-16,101,-24,95,-10,90,-5,87,-10,76,0,82,-19,84,-8,76,-13,73,-5,93,5,71,-19,84,-10,71,2,93,5,79,19,76,16,76,27,62,16,54,16,65,13,62,21,49,19,49,38,46,16,46,21,41,41,41,35,21,38,19,32,16,35,16,30,13,30,16,32,13,27,5,27,0,0,0,0,0,0,0,0,0,0]"""
1782313072664,2026-06-24T23:57:52.664,warning,bed_exit,yja,bed_exit_failed,t030,"CSI_DATA,334478,1a:00:00:00:00:00,-66,11,-99,17,50,11,-1288462359,47,2,256,0,""[0,0,0,0,0,0,0,0,0,0,0,0,-5,31,-5,34,-7,29,-15,37,-13,34,-18,34,-23,37,-21,29,-23,42,-34,29,-39,31,-45,37,-45,26,-47,23,-55,34,-37,31,-47,34,-50,34,-58,29,-66,37,-50,29,-69,21,-58,15,-61,10,-69,5,-66,13,-69,7,-79,10,-55,18,-66,18,-71,18,-77,15,-74,5,-71,15,-74,5,-71,15,-74,18,-74,21,-74,15,-71,5,-79,2,-71,31,-85,39,-90,13,-109,13,-82,7,-95,26,-93,7,-98,21,-109,13,-109,15,-106,15,-117,26,-101,5,-114,15,-119,13,-106,10,0,0,0,0,0,0,2,127,-5,111,-7,127,0,114,-10,101,-13,125,-10,95,-15,122,-13,106,-18,111,-13,114,-21,90,-15,111,-29,85,-18,90,-26,93,-29,93,-26,85,-29,106,-7,79,-5,95,-18,87,-15,95,-21,95,-21,79,-15,90,-23,71,-26,74,-26,79,-23,77,-26,71,-26,85,-13,71,-13,79,-26,79,-34,82,-37,63,-23,69,-45,63,-31,61,-31,53,-31,50,-39,42,-34,39,-47,37,-34,45,-31,45,-42,31,-45,34,-34,21,-37,21,-34,10,-31,10,-34,5,-37,7,-26,5,-23,0,0,0,0,0,0,0,0,0,0,0]"""
1782313072675,2026-06-24T23:57:52.675,warning,bed_exit,yja,bed_exit_failed,t030,"CSI_DATA,334479,1a:00:00:00:00:00,-66,11,-99,17,50,11,-1288451359,47,2,256,0,""[0,0,0,0,0,0,0,0,0,0,0,0,18,-23,26,-29,18,-21,31,-31,23,-21,37,-29,37,-26,34,-21,42,-29,37,-18,45,-18,45,-21,50,-18,50,-13,74,-10,42,-10,63,-13,55,-2,61,-13,69,-10,66,-7,69,-10,55,-7,63,5,66,-2,69,0,66,5,90,2,53,-5,79,2,61,5,79,0,63,7,69,-15,71,-5,85,-7,61,0,79,2,79,-10,77,-5,87,5,69,-13,95,-7,77,10,111,-7,82,-2,95,-15,101,-7,101,-15,82,-18,106,-13,109,-21,125,-7,95,-15,106,-5,133,-18,106,-7,0,0,0,0,0,0,0,-138,7,-93,13,-138,21,-114,7,-93,29,-130,10,-85,15,-127,18,-85,13,-125,18,-106,21,-95,2,-117,7,-82,23,-95,7,-101,5,-93,13,-90,23,-111,-5,-71,7,-103,21,-74,2,-101,0,-90,7,-82,2,-90,7,-69,15,-79,5,-82,2,-85,10,-77,23,-98,0,-61,13,-82,23,-66,13,-90,18,-66,7,-74,15,-69,15,-66,21,-53,26,-61,18,-61,29,-53,39,-53,18,-42,34,-50,29,-26,34,-45,26,-29,26,-31,29,-21,29,-26,21,-13,29,-13,26,-21,26,-7,0,0,0,0,0,0,0,0,0,0]"""
1782313072686,2026-06-24T23:57:52.686,warning,bed_exit,yja,bed_exit_failed,t030,"CSI_DATA,334480,1a:00:00:00:00:00,-66,11,-99,16,50,11,-1288439754,47,2,256,0,""[0,0,0,0,0,0,0,0,0,0,0,0,-13,-24,-19,-30,-16,-24,-24,-30,-19,-35,-16,-38,-13,-43,-5,-41,-19,-46,-5,-43,0,-49,-5,-57,-5,-52,-2,-57,0,-68,-8,-49,-8,-57,-2,-62,0,-65,-2,-65,2,-46,-2,-76,13,-62,5,-65,10,-73,10,-62,13,-62,13,-73,-2,-62,0,-71,0,-76,0,-82,5,-71,2,-71,8,-76,5,-76,0,-73,-10,-73,-10,-79,-5,-73,0,-82,-24,-73,-32,-76,-16,-93,-16,-104,-13,-76,-19,-93,-5,-95,-32,-93,-27,-106,-41,-106,-24,-104,-27,-101,-24,-106,-41,-104,-35,-109,-35,-115,0,0,0,0,0,0,-123,43,-117,30,-123,27,-115,19,-104,19,-120,21,-95,35,-112,41,-98,30,-106,21,-106,24,-87,8,-98,32,-95,16,-93,32,-95,24,-93,32,-79,32,-95,27,-71,35,-84,46,-82,38,-84,43,-84,38,-76,24,-82,46,-73,21,-68,38,-79,35,-71,35,-71,30,-79,30,-54,46,-65,49,-71,35,-79,43,-65,24,-62,32,-73,19,-73,19,-62,21,-60,30,-54,24,-52,16,-57,10,-49,19,-52,13,-52,5,-49,2,-35,0,-43,0,-32,-10,-38,-2,-30,-8,-30,2,-24,-10,-27,-8,0,0,0,0,0,0,0,0,0,0]"""
1782313072699,2026-06-24T23:57:52.699,warning,bed_exit,yja,bed_exit_failed,t030,"CSI_DATA,334481,1a:00:00:00:00:00,-66,11,-99,17,50,11,-1288425414,47,2,256,0,""[0,0,0,0,0,0,0,0,0,0,0,0,15,31,13,31,10,42,13,31,2,45,10,34,5,31,15,47,7,45,13,55,2,50,10,50,13,50,0,55,-2,53,-7,66,-5,58,-21,61,-5,53,5,47,2,58,-2,69,-5,74,-10,61,0,63,-5,71,-13,77,-13,69,-10,77,-10,63,-23,77,2,58,5,69,13,71,18,71,13,82,13,85,-2,79,18,85,10,90,18,79,2,95,2,87,18,87,21,66,29,85,29,82,50,87,42,103,50,90,29,87,39,106,34,109,39,106,31,106,47,95,50,103,0,0,0,0,0,0,111,-42,127,-37,87,-34,111,-23,125,-53,103,-21,117,-42,93,-39,109,-31,79,-42,85,-42,90,-55,93,-55,87,-66,82,-39,77,-53,74,-66,82,-53,77,-53,85,-53,69,-47,87,-47,50,-53,53,-55,58,-66,58,-63,61,-74,61,-55,53,-69,50,-71,63,-61,53,-58,69,-63,53,-50,66,-45,37,-47,45,-55,45,-55,39,-58,50,-55,47,-47,47,-31,47,-45,58,-42,47,-37,53,-26,47,-23,42,-26,29,-18,39,-21,37,-21,34,-23,34,-13,31,-15,29,-5,26,-5,26,-2,0,0,0,0,0,0,0,0,0,0]"""
1782313072714,2026-06-24T23:57:52.714,warning,bed_exit,yja,bed_exit_failed,t030,"CSI_DATA,334482,1a:00:00:00:00:00,-66,11,-99,16,50,11,-1288410167,47,2,256,0,""[0,0,0,0,0,0,0,0,0,0,0,0,30,-2,35,2,38,2,38,8,35,8,35,10,38,16,52,13,38,19,49,16,49,16,43,19,49,19,46,30,41,24,49,49,38,46,41,43,43,46,54,46,65,41,35,49,54,43,49,43,52,43,49,41,43,52,43,41,46,68,41,57,38,54,43,52,57,57,52,57,54,52,43,52,54,54,54,57,68,57,71,57,68,46,54,76,57,68,65,52,57,49,82,68,65,62,84,52,82,73,82,54,82,73,73,68,68,71,90,76,82,82,79,73,93,87,0,0,0,0,0,0,82,-90,82,-90,79,-87,87,-71,84,-84,79,-71,98,-87,82,-71,84,-76,79,-71,76,-71,68,-84,76,-57,65,-87,68,-76,52,-76,60,-76,62,-68,57,-62,76,-71,62,-52,65,-62,57,-65,62,-71,54,-84,52,-52,46,-71,54,-71,43,-73,38,-68,46,-62,41,-54,68,-65,62,-52,52,-52,57,-49,57,-65,57,-49,46,-54,54,-43,52,-38,52,-38,52,-38,46,-38,43,-38,60,-13,52,-10,41,-19,35,-10,41,-19,38,-10,35,-13,35,2,30,-5,30,0,21,2,21,2,0,0,0,0,0,0,0,0,0,0]"""
1782313072725,2026-06-24T23:57:52.725,warning,bed_exit,yja,bed_exit_failed,t030,"CSI_DATA,334483,1a:00:00:00:00:00,-66,11,-99,18,50,11,-1288407149,47,2,256,0,""[0,0,0,0,0,0,0,0,0,0,0,0,23,-28,20,-25,25,-36,20,-28,33,-33,25,-23,28,-23,36,-33,36,-36,38,-36,41,-28,43,-23,43,-23,51,-28,46,-31,56,-38,43,-31,56,-38,38,-31,43,-23,64,-31,51,-38,67,-38,54,-31,62,-28,56,-33,69,-36,51,-41,64,-51,51,-41,59,-51,43,-38,46,-54,43,-54,46,-56,54,-59,67,-64,54,-51,54,-56,51,-69,38,-72,49,-85,38,-69,28,-85,25,-64,25,-82,33,-85,23,-100,25,-108,33,-100,28,-85,38,-108,31,-108,25,-116,28,-111,10,-103,5,-113,0,0,0,0,0,0,-116,-15,-137,-10,-90,-7,-116,-7,-147,-2,-105,-10,-126,2,-100,5,-118,7,-93,0,-98,2,-105,5,-108,23,-116,15,-93,5,-98,0,-95,18,-98,15,-85,25,-103,36,-80,33,-87,36,-67,31,-69,38,-77,38,-72,51,-90,43,-67,36,-74,36,-69,38,-80,43,-62,43,-77,51,-59,49,-56,51,-49,33,-51,49,-56,46,-54,54,-54,51,-64,38,-54,23,-54,25,-56,31,-46,33,-56,31,-43,20,-43,28,-31,18,-38,20,-31,15,-36,18,-36,15,-36,10,-28,2,-28,0,-25,0,0,0,0,0,0,0,0,0,0,0]"""
1782313072736,2026-06-24T23:57:52.736,warning,bed_exit,yja,bed_exit_failed,t030,"CSI_DATA,334484,1a:00:00:00:00:00,-66,11,-99,18,50,11,-1288396340,47,2,256,0,""[0,0,0,0,0,0,0,0,0,0,0,0,-15,33,-15,36,-18,25,-20,28,-23,31,-28,33,-41,31,-31,23,-38,25,-33,20,-46,31,-43,28,-43,28,-43,20,-54,23,-43,20,-56,25,-54,33,-69,25,-69,10,-64,7,-62,12,-59,7,-72,23,-67,12,-72,18,-64,12,-87,12,-49,20,-69,20,-82,18,-87,12,-90,7,-67,-12,-85,10,-82,20,-69,7,-74,59,-93,31,-69,41,-51,10,-95,31,-82,43,-56,33,-77,69,-93,51,-111,25,-108,49,-85,41,-93,18,-87,72,-105,77,-74,72,-98,43,-74,69,-113,38,-121,38,0,0,0,0,0,0,46,105,41,93,41,118,46,108,28,87,46,108,36,90,43,108,43,85,43,116,38,113,28,93,33,95,25,85,51,98,46,87,41,85,33,77,33,85,41,67,54,80,49,82,43,93,38,87,33,69,36,77,33,74,49,72,49,69,46,69,36,64,36,77,38,56,41,62,43,69,41,85,18,77,28,67,18,72,12,69,23,59,33,64,15,51,12,46,5,59,18,46,12,49,2,54,5,59,-5,41,0,38,-15,41,-7,33,-5,31,-7,38,-2,25,-10,23,0,0,0,0,0,0,0,0,0,0]"""
1782313072746,2026-06-24T23:57:52.746,warning,bed_exit,yja,bed_exit_failed,t030,"CSI_DATA,334485,1a:00:00:00:00:00,-66,11,-99,16,50,11,-1288384558,47,2,256,0,""[0,0,0,0,0,0,0,0,0,0,0,0,30,-21,27,-13,38,-16,35,-16,49,-10,32,-8,38,-13,49,-16,43,-2,57,-10,49,-2,46,-2,52,2,57,8,43,5,65,24,49,13,60,24,46,24,65,13,82,19,54,27,68,32,62,35,60,32,62,35,54,41,46,24,71,62,54,41,60,46,46,35,71,38,65,43,71,38,62,38,68,52,60,57,71,49,76,54,68,35,71,68,49,54,68,52,54,38,93,52,65,57,90,41,90,65,93,60,76,73,68,71,65,68,104,76,76,76,82,65,95,82,0,0,0,0,0,0,82,-76,106,-87,82,-57,90,-65,112,-84,76,-49,123,-76,82,-52,109,-62,82,-43,82,-57,93,-71,84,-52,98,-73,87,-46,73,-43,84,-54,82,-49,62,-43,98,-52,65,-30,87,-41,68,-43,79,-49,79,-52,65,-49,79,-54,76,-41,73,-41,76,-43,76,-35,57,-30,93,-30,71,-24,79,-24,60,-13,79,-38,73,-27,71,-30,68,-13,73,-16,71,-5,68,-2,71,0,49,0,65,13,46,13,54,8,32,10,49,10,41,13,41,8,32,19,30,16,19,19,19,21,19,16,0,0,0,0,0,0,0,0,0,0]"""
1782313072757,2026-06-24T23:57:52.757,warning,bed_exit,yja,bed_exit_failed,t030,"CSI_DATA,334486,1a:00:00:00:00:00,-66,11,-99,19,49,11,-1288373209,47,2,256,0,""[0,0,0,0,0,0,0,0,0,0,0,0,14,-25,25,-31,19,-19,28,-31,19,-25,39,-39,45,-22,31,-22,42,-22,36,-14,45,-25,47,-28,47,-22,47,-16,62,-22,45,-14,70,-19,56,-8,73,-11,67,-14,53,-19,62,-2,50,2,70,-8,67,-8,73,-2,73,0,84,0,50,-5,78,-8,62,-2,93,0,81,5,73,-2,76,0,70,0,70,-5,87,-19,81,-16,70,-11,84,-11,73,-22,101,-22,78,-11,129,-11,104,-8,101,-19,104,0,84,-11,90,-22,118,-33,101,-25,118,-19,109,-8,107,-22,132,-22,109,-5,0,0,0,0,0,0,-11,-121,-2,-90,-8,-149,-2,-115,-2,-84,-5,-132,-5,-90,-5,-132,-5,-84,8,-138,5,-121,8,-104,5,-101,8,-78,-5,-104,-8,-101,-5,-98,-5,-81,-5,-101,-8,-73,-11,-107,-14,-81,-11,-112,-5,-93,-2,-81,0,-81,-2,-76,-11,-87,-14,-84,-11,-84,-5,-78,-2,-93,-8,-62,-5,-84,-2,-70,2,-98,14,-87,0,-67,14,-70,16,-62,5,-56,8,-70,11,-62,11,-47,19,-53,11,-47,16,-59,16,-36,31,-59,31,-36,22,-36,31,-28,19,-25,19,-22,31,-22,22,-22,22,-16,0,0,0,0,0,0,0,0,0,0]"""
1782313072768,2026-06-24T23:57:52.768,warning,bed_exit,yja,bed_exit_failed,t030,"CSI_DATA,334487,1a:00:00:00:00:00,-66,11,-99,13,50,11,-1288361093,47,2,256,0,""[0,0,0,0,0,0,0,0,0,0,0,0,-32,11,-26,8,-41,5,-35,2,-41,2,-32,0,-35,-2,-50,0,-47,-8,-53,-2,-41,-8,-44,-17,-50,-11,-53,-23,-44,-23,-59,-32,-44,-35,-50,-38,-44,-38,-38,-29,-50,-50,-53,-44,-59,-44,-41,-50,-47,-56,-47,-47,-47,-56,-47,-44,-47,-77,-44,-59,-44,-53,-26,-47,-53,-50,-47,-59,-59,-50,-53,-65,-50,-68,-32,-59,-47,-71,-56,-77,-62,-68,-44,-74,-32,-74,-65,-71,-35,-44,-62,-65,-47,-68,-77,-65,-65,-107,-71,-86,-44,-80,-50,-107,-53,-89,-56,-98,-41,-116,-65,-98,-50,-101,0,0,0,0,0,0,-119,44,-137,50,-83,38,-104,38,-128,44,-89,20,-125,32,-107,26,-110,23,-89,14,-89,20,-107,35,-104,23,-113,35,-83,14,-89,17,-89,20,-104,11,-86,26,-110,8,-86,11,-95,8,-71,5,-71,14,-92,26,-86,14,-95,23,-77,8,-86,8,-80,11,-89,2,-74,11,-98,-8,-80,2,-77,0,-56,-11,-74,5,-77,-5,-77,-2,-74,-8,-71,-20,-59,-20,-59,-29,-68,-29,-59,-17,-50,-38,-41,-38,-35,-23,-17,-20,-35,-20,-26,-29,-29,-17,-26,-35,-17,-29,-8,-26,-8,-29,-5,-26,0,0,0,0,0,0,0,0,0,0]"""
1782313072779,2026-06-24T23:57:52.779,warning,bed_exit,yja,bed_exit_failed,t030,"CSI_DATA,334488,1a:00:00:00:00:00,-66,11,-99,16,50,11,-1288351590,47,2,256,0,""[0,0,0,0,0,0,0,0,0,0,0,0,0,-32,0,-35,2,-30,5,-41,8,-35,16,-43,19,-41,24,-35,21,-38,30,-30,30,-46,30,-46,35,-41,32,-35,46,-38,35,-30,49,-43,43,-38,73,-32,65,-21,52,-13,68,-24,60,-13,68,-27,71,-24,62,-19,60,-16,76,-13,57,-16,71,-16,68,-16,87,-19,82,5,68,0,87,5,73,-2,79,-16,82,-24,73,-10,76,-13,82,5,65,-27,84,-27,90,-10,117,-8,84,5,93,-10,101,16,90,5,104,0,115,-16,104,-16,109,-5,109,5,120,-13,120,21,125,27,0,0,0,0,0,0,41,-120,24,-98,38,-134,41,-112,32,-87,41,-117,35,-95,46,-115,41,-93,57,-112,60,-95,57,-73,49,-90,54,-76,41,-95,41,-90,41,-90,41,-76,52,-82,27,-71,41,-84,38,-79,60,-84,71,-76,60,-60,54,-68,52,-54,49,-76,46,-73,46,-71,43,-57,60,-62,41,-54,52,-65,49,-57,71,-60,68,-35,65,-41,71,-30,62,-27,54,-30,52,-43,54,-27,46,-21,60,-5,41,-21,54,-19,54,-2,57,-5,41,10,38,5,38,19,35,10,35,8,32,8,27,10,21,8,0,0,0,0,0,0,0,0,0,0]"""
1782313072791,2026-06-24T23:57:52.791,warning,bed_exit,yja,bed_exit_failed,t030,"CSI_DATA,334489,1a:00:00:00:00:00,-66,11,-99,20,49,11,-1288334140,47,2,256,0,""[0,0,0,0,0,0,0,0,0,0,0,0,16,30,13,27,8,41,10,32,8,41,2,41,5,35,8,49,-2,49,-5,54,-5,49,-16,52,-16,52,-16,52,-16,41,-35,65,-24,57,-32,62,-30,41,-35,49,-54,57,-41,43,-52,68,-46,52,-52,43,-52,49,-52,54,-35,49,-68,52,-49,46,-52,54,-49,35,-52,57,-62,41,-54,52,-60,57,-73,49,-68,43,-76,46,-71,54,-57,52,-82,57,-71,52,-68,73,-57,43,-79,76,-79,54,-68,76,-84,54,-90,62,-87,43,-101,49,-87,60,-112,65,-104,49,-87,43,-98,62,0,0,0,0,0,0,41,104,54,120,35,90,54,106,38,134,41,87,35,131,24,93,30,120,13,101,24,98,30,115,21,101,21,115,19,101,10,95,10,98,16,93,16,73,24,112,13,82,21,101,8,76,21,79,21,98,10,79,19,104,8,84,-5,82,5,87,8,87,16,68,-8,95,0,71,5,79,-8,57,-2,76,-16,68,-10,76,-10,60,-24,71,-24,62,-35,52,-24,57,-19,54,-30,54,-21,43,-24,41,-27,24,-32,38,-35,21,-24,30,-32,19,-30,16,-30,8,-27,8,-24,8,0,0,0,0,0,0,0,0,0,0]"""
1782313072802,2026-06-24T23:57:52.802,warning,bed_exit,yja,bed_exit_failed,t030,"CSI_DATA,334490,1a:00:00:00:00:00,-66,11,-99,20,49,11,-1288330360,47,2,256,0,""[0,0,0,0,0,0,0,0,0,0,0,0,30,-10,32,-2,38,-2,41,-2,41,0,46,5,52,8,43,2,38,10,49,10,52,5,49,2,57,5,54,10,57,10,57,16,60,19,65,16,68,27,65,35,76,24,54,30,65,21,76,13,71,16,65,21,62,19,62,16,65,27,68,21,68,21,79,21,76,21,87,19,79,19,71,24,73,19,87,8,79,2,79,0,84,2,84,10,90,8,90,-2,101,5,106,5,101,2,90,-5,95,0,101,-16,115,-27,104,-21,112,-13,117,-13,109,-32,112,-27,128,-21,0,0,0,0,0,0,-32,-120,-24,-109,-32,-128,-16,-112,-24,-112,-24,-117,-27,-115,-21,-123,-27,-106,-30,-115,-30,-112,-30,-101,-19,-90,-35,-90,-46,-90,-43,-82,-52,-87,-52,-84,-49,-79,-35,-90,-43,-82,-46,-71,-52,-82,-46,-84,-43,-82,-38,-71,-54,-60,-68,-73,-60,-62,-52,-62,-52,-52,-54,-60,-54,-71,-54,-57,-43,-57,-57,-65,-52,-71,-43,-65,-43,-65,-35,-60,-35,-49,-43,-52,-43,-52,-35,-46,-35,-49,-27,-43,-21,-46,-27,-43,-13,-43,-10,-46,-8,-43,-10,-41,-8,-32,-5,-35,-8,-30,-8,-27,-2,-24,0,0,0,0,0,0,0,0,0,0]"""
1782313072812,2026-06-24T23:57:52.812,warning,bed_exit,yja,bed_exit_failed,t030,"CSI_DATA,334491,1a:00:00:00:00:00,-66,11,-99,15,50,11,-1288319360,47,2,256,0,""[0,0,0,0,0,0,0,0,0,0,0,0,22,31,19,31,19,33,16,36,11,36,19,31,14,39,8,42,16,45,5,47,2,53,2,47,-8,53,-5,59,-11,59,-2,59,-5,62,-16,64,-11,56,-8,67,-14,64,-22,70,-16,67,-39,59,-33,64,-31,64,-36,64,-33,67,-31,73,-31,62,-36,67,-25,67,-25,73,-22,70,-28,73,-16,78,-31,76,-36,70,-25,78,-42,81,-39,81,-31,84,-28,81,-39,87,-22,84,-22,84,-16,93,-28,101,-28,107,-33,104,-45,95,-39,104,-39,107,-36,112,-56,101,-42,109,-56,109,0,0,0,0,0,0,104,62,109,64,101,56,107,62,112,62,90,67,107,67,90,56,87,76,90,53,93,47,90,50,95,47,98,59,76,70,87,56,78,56,78,62,78,56,87,39,84,39,81,53,76,42,76,36,73,42,93,36,84,45,64,53,70,47,64,45,70,53,70,42,76,56,64,47,59,53,56,45,64,42,59,47,56,45,53,39,56,53,36,53,36,56,36,59,31,47,31,47,28,45,16,50,16,39,19,39,19,33,16,36,14,36,5,28,2,31,-2,28,-5,25,0,0,0,0,0,0,0,0,0,0]"""
1782313072823,2026-06-24T23:57:52.823,warning,bed_exit,yja,bed_exit_failed,t030,"CSI_DATA,334492,1a:00:00:00:00:00,-66,11,-99,19,49,11,-1288304713,47,2,256,0,""[0,0,0,0,0,0,0,0,0,0,0,0,11,-33,11,-28,25,-36,22,-25,25,-31,28,-22,19,-33,31,-45,31,-31,33,-47,39,-39,42,-39,39,-36,45,-33,42,-28,70,-31,50,-31,73,-22,53,-14,39,-28,56,-39,64,-28,76,-42,59,-19,67,-25,67,-28,78,-28,64,-28,84,-22,64,-19,76,-25,53,-16,62,-36,67,-33,62,-47,81,-36,78,-36,76,-31,78,-42,84,-45,73,-50,95,-33,81,-31,70,-47,50,-31,84,-64,78,-50,67,-78,95,-70,81,-76,76,-39,104,-56,101,-59,93,-64,101,-50,84,-64,101,-67,0,0,0,0,0,0,-62,-101,-76,-121,-50,-76,-56,-104,-73,-129,-47,-93,-59,-112,-50,-84,-56,-107,-39,-84,-50,-78,-73,-87,-62,-95,-78,-90,-47,-73,-67,-84,-59,-76,-59,-90,-53,-73,-62,-98,-53,-73,-56,-84,-42,-59,-59,-56,-67,-64,-62,-67,-76,-76,-56,-56,-59,-59,-64,-59,-62,-76,-64,-50,-47,-87,-45,-64,-47,-62,-28,-47,-50,-50,-45,-53,-53,-50,-50,-67,-42,-59,-25,-53,-31,-56,-33,-62,-33,-53,-11,-67,-5,-50,-11,-45,-8,-28,-16,-42,-5,-39,-16,-36,-2,-39,-11,-36,11,-25,5,-28,8,-25,0,0,0,0,0,0,0,0,0,0]"""
1782313072834,2026-06-24T23:57:52.834,warning,bed_exit,yja,bed_exit_failed,t030,"CSI_DATA,334493,1a:00:00:00:00:00,-66,11,-99,19,49,11,-1288297360,47,2,256,0,""[0,0,0,0,0,0,0,0,0,0,0,0,28,28,22,25,25,39,19,28,22,45,22,28,19,33,19,39,25,36,36,42,14,45,28,50,25,47,19,59,16,47,11,70,8,59,-2,70,16,50,22,62,31,76,16,67,22,78,5,59,14,70,8,70,2,84,0,64,8,78,5,67,2,84,14,59,19,67,28,67,36,70,25,84,25,84,14,78,36,81,28,93,36,87,19,101,14,87,36,90,25,62,45,81,50,76,73,76,64,98,64,93,39,87,47,107,42,104,64,104,36,109,64,87,64,101,0,0,0,0,0,0,109,-53,129,-59,93,-45,112,-45,126,-62,101,-25,126,-50,95,-47,121,-42,81,-45,76,-47,90,-64,90,-59,87,-81,87,-36,78,-59,78,-64,90,-56,76,-50,95,-56,67,-47,90,-50,50,-47,53,-59,53,-70,59,-76,67,-76,62,-45,62,-67,59,-64,73,-59,53,-56,78,-59,62,-45,70,-39,36,-39,45,-59,53,-53,39,-62,59,-56,56,-45,59,-25,56,-42,59,-36,53,-33,56,-22,45,-11,50,-19,31,-14,45,-19,36,-14,36,-19,39,-11,33,-5,28,0,28,2,25,8,0,0,0,0,0,0,0,0,0,0]"""
1782313072852,2026-06-24T23:57:52.852,warning,bed_exit,yja,bed_exit_failed,t030,"CSI_DATA,334495,1a:00:00:00:00:00,-66,11,-99,17,49,11,-1288273900,47,2,256,0,""[0,0,0,0,0,0,0,0,0,0,0,0,-29,-20,-29,-8,92,41,-17,-8,-47,2,-2,-101,-47,-38,-20,-5,-101,35,-53,8,-26,-17,-29,-23,-35,-50,-44,-53,-47,-53,-53,-89,-35,-56,-35,-53,-32,-26,-32,-47,-32,-68,-29,-53,-32,-71,-26,-68,-26,-71,-32,-68,-23,-68,-23,-62,-14,-89,-14,-77,-11,-71,-5,-56,-29,-71,-14,-77,-29,-71,-14,-86,-5,-86,5,-80,0,-89,-11,-101,-20,-89,5,-95,8,-83,-29,-89,-2,-65,-17,-104,0,-89,-35,-104,-5,-116,-11,-110,2,-95,14,-104,11,-101,5,-116,17,-116,8,-104,11,-128,0,0,0,0,0,0,-116,-23,-137,-29,-101,-23,-110,-32,-128,-44,-89,-41,-128,-56,-104,-41,-110,-53,-86,-47,-80,-38,-107,-47,-86,-47,-116,-44,-86,-41,-80,-50,-83,-47,-80,-56,-74,-41,-89,-62,-77,-41,-89,-56,-65,-47,-62,-38,-89,-47,-71,-53,-80,-50,-62,-50,-62,-62,-59,-53,-62,-65,-59,-47,-62,-71,-50,-59,-53,-59,-35,-53,-53,-59,-41,-62,-53,-59,-32,-65,-29,-65,-17,-62,-14,-65,-20,-68,-17,-56,-2,-62,-2,-53,-2,-56,2,-32,-5,-47,8,-38,2,-38,5,-35,14,-35,20,-20,17,-20,17,-17,0,0,0,0,0,0,0,0,0,0]"""
1782313072863,2026-06-24T23:57:52.863,warning,bed_exit,yja,bed_exit_failed,t030,"CSI_DATA,334496,1a:00:00:00:00:00,-66,11,-99,20,49,11,-1288263809,47,2,256,0,""[0,0,0,0,0,0,0,0,0,0,0,0,41,0,32,2,38,5,35,10,43,8,46,16,43,21,49,16,43,24,46,21,49,27,43,27,46,27,46,27,46,27,52,41,46,41,54,35,54,43,52,62,57,54,35,49,49,49,60,52,49,43,57,57,46,49,49,52,46,54,54,49,57,54,57,60,60,60,54,57,60,52,49,54,62,57,71,57,65,52,65,46,65,43,73,57,79,57,79,46,87,62,90,65,82,60,84,57,84,54,93,46,106,52,87,46,90,54,112,62,101,49,101,49,104,60,0,0,0,0,0,0,60,-101,54,-106,60,-117,76,-104,62,-93,62,-101,62,-95,60,-98,52,-98,68,-106,71,-98,54,-95,60,-79,52,-93,49,-101,38,-93,41,-84,38,-84,30,-82,41,-84,41,-84,30,-93,38,-93,41,-87,30,-84,35,-71,27,-84,24,-93,21,-82,21,-82,27,-76,24,-71,30,-79,27,-79,24,-76,32,-84,32,-76,24,-68,30,-65,35,-57,32,-60,30,-68,35,-57,30,-49,30,-49,32,-43,35,-46,27,-38,32,-38,38,-35,30,-30,35,-21,24,-21,24,-19,27,-19,27,-10,27,-5,0,0,0,0,0,0,0,0,0,0]"""
1782313072874,2026-06-24T23:57:52.874,warning,bed_exit,yja,bed_exit_failed,t030,"CSI_DATA,334497,1a:00:00:00:00:00,-66,11,-99,14,50,11,-1288253360,47,2,256,0,""[0,0,0,0,0,0,0,0,0,0,0,0,-34,2,-34,8,-37,0,-43,5,-40,-5,-31,-5,-37,5,-43,-5,-55,-5,-52,-8,-43,-20,-52,-23,-52,-23,-52,-29,-63,-29,-58,-23,-55,-20,-55,-29,-49,-29,-58,-14,-63,-23,-75,-31,-60,-31,-49,-43,-60,-49,-55,-43,-58,-49,-72,-40,-72,-46,-66,-37,-60,-34,-58,-34,-66,-20,-72,-23,-75,-26,-84,-23,-78,-31,-58,-40,-75,-46,-92,-46,-95,-34,-89,-31,-84,-26,-89,-20,-66,-14,-84,-11,-87,-11,-101,-2,-124,-14,-113,-20,-84,-29,-116,-40,-113,-20,-104,-14,-107,-37,-121,-23,-121,-8,0,0,0,0,0,0,-11,147,-34,150,-23,107,-5,121,-26,133,-26,110,-29,113,-20,113,-26,124,-20,84,0,89,-8,110,2,113,-11,121,-29,84,-26,98,-14,101,-20,110,-11,113,-2,107,5,87,5,89,-2,75,11,81,11,89,17,101,8,95,-8,84,-8,95,0,84,-2,92,11,87,5,95,5,87,11,75,-2,66,14,69,5,69,8,78,11,81,-5,69,-11,58,-17,69,-17,69,-11,72,-14,58,-14,52,-5,52,-8,34,-8,40,-8,40,-8,43,-14,40,-14,34,-23,23,-26,20,-20,20,0,0,0,0,0,0,0,0,0,0]"""
1782313072885,2026-06-24T23:57:52.885,warning,bed_exit,yja,bed_exit_failed,t030,"CSI_DATA,334498,1a:00:00:00:00:00,-66,11,-99,14,50,11,-1288242360,47,2,256,0,""[0,0,0,0,0,0,0,0,0,0,0,0,-29,-20,-34,-26,-23,-17,-29,-26,-29,-17,-37,-31,-31,-37,-29,-29,-37,-37,-20,-34,-34,-49,-29,-49,-29,-46,-29,-55,-34,-66,-29,-37,-37,-60,-37,-49,-40,-66,-26,-72,-23,-66,-37,-58,-20,-60,-34,-75,-29,-66,-34,-63,-29,-60,-49,-72,-40,-55,-43,-78,-40,-43,-46,-92,-40,-75,-37,-43,-43,-60,-63,-49,-23,-49,-69,-66,-66,-40,-63,-58,-34,-78,-58,-14,-87,-43,-58,-89,-133,-92,-75,-49,-66,-29,-98,-63,-104,-40,-52,-40,-104,-75,-104,-34,-113,-49,-87,-46,-98,-75,-113,-78,-116,-72,0,0,0,0,0,0,-72,118,-43,87,-66,124,-52,113,-43,81,-63,116,-40,81,-60,121,-43,84,-63,118,-52,107,-40,87,-37,101,-43,78,-37,101,-31,101,-40,95,-31,81,-40,101,-5,72,-11,104,-17,89,-20,113,-26,92,-14,84,-8,92,-11,69,-8,92,-5,84,-11,78,-11,72,-11,95,2,66,2,87,2,78,-2,110,-11,72,0,78,-20,81,-2,69,-8,63,0,72,-11,66,-8,49,-17,58,0,49,-2,55,-14,46,-20,63,-17,34,-14,37,-23,31,-14,29,-20,20,-20,31,-17,26,-14,23,0,0,0,0,0,0,0,0,0,0]"""
1782313072895,2026-06-24T23:57:52.895,warning,bed_exit,yja,bed_exit_failed,t030,"CSI_DATA,334499,1a:00:00:00:00:00,-66,11,-99,21,49,11,-1288231360,47,2,256,0,""[0,0,0,0,0,0,0,0,0,0,0,0,34,15,31,15,31,23,29,23,34,29,29,29,23,29,37,39,29,39,29,47,26,47,15,50,21,53,23,53,26,39,18,74,13,61,15,63,7,58,21,63,26,77,5,63,7,77,2,74,2,71,-7,77,2,74,2,66,-2,82,0,63,7,79,0,69,7,77,0,77,7,77,2,79,-2,87,-2,85,-5,90,5,90,10,74,-5,103,-2,85,23,90,0,77,15,111,-5,95,18,103,10,111,5,111,2,106,-5,111,0,103,-2,127,0,122,0,103,18,127,0,0,0,0,0,0,122,2,138,0,101,5,122,-2,143,10,103,5,143,15,101,10,122,10,106,23,101,15,114,15,101,18,119,13,103,18,95,26,101,18,103,10,79,7,114,15,87,5,106,2,77,7,79,0,95,0,85,5,103,10,90,10,85,13,93,13,87,13,74,5,98,21,77,13,85,7,63,21,82,7,69,23,74,13,69,23,69,34,61,37,58,37,58,34,50,21,53,39,39,31,47,23,26,21,37,31,21,37,26,29,21,31,21,34,7,31,7,29,5,23,0,0,0,0,0,0,0,0,0,0]"""
1782313072905,2026-06-24T23:57:52.905,warning,bed_exit,yja,bed_exit_failed,t030,"CSI_DATA,334500,1a:00:00:00:00:00,-66,11,-99,21,49,11,-1288220103,47,2,256,0,""[0,0,0,0,0,0,0,0,0,0,0,0,18,34,10,31,15,39,15,34,13,39,7,34,5,37,0,50,7,53,0,58,0,47,-10,53,-5,58,-7,61,-13,58,-10,74,-5,63,-15,71,-10,47,-5,50,-13,55,-13,77,-31,79,-31,55,-31,66,-31,66,-37,71,-23,69,-23,82,-18,69,-23,77,-21,55,-13,66,-21,69,-15,77,-23,87,-31,85,-26,74,-26,82,-21,90,-18,85,-15,103,-15,85,2,95,-21,69,-10,98,-15,90,0,103,-5,117,-15,122,-15,95,-21,122,-10,114,-10,122,-7,119,-13,114,0,117,0,0,0,0,0,0,125,13,146,15,95,10,122,7,138,23,103,23,127,13,103,10,119,18,95,18,95,13,109,23,114,13,122,13,90,23,103,31,95,15,103,15,93,7,109,5,90,0,103,2,74,0,79,-2,90,5,95,-10,101,2,79,7,90,10,82,2,95,7,87,-5,95,-2,77,-5,85,0,63,2,74,-5,74,5,77,2,77,7,77,18,61,18,61,23,69,21,58,15,58,21,50,18,50,13,37,15,37,15,34,23,37,18,34,15,29,23,18,26,21,26,18,26,0,0,0,0,0,0,0,0,0,0]"""
1782313072917,2026-06-24T23:57:52.917,warning,bed_exit,yja,bed_exit_failed,t030,"CSI_DATA,334501,1a:00:00:00:00:00,-66,11,-99,14,50,11,-1288209158,47,2,256,0,""[0,0,0,0,0,0,0,0,0,0,0,0,-29,5,-43,8,-31,2,-49,2,-37,-2,-43,-5,-46,-8,-40,-11,-46,-8,-37,-14,-46,-23,-46,-20,-52,-23,-49,-29,-58,-43,-43,-20,-55,-43,-34,-37,-58,-58,-43,-46,-31,-46,-58,-60,-31,-49,-37,-66,-40,-63,-34,-60,-29,-66,-31,-75,-29,-52,-43,-72,-23,-58,-49,-87,-31,-75,-43,-63,-37,-78,-37,-72,-29,-58,-37,-72,-46,-75,-31,-72,-26,-92,-40,-58,-49,-89,-23,-84,-52,-107,-34,-78,-52,-84,-29,-92,-46,-95,-37,-95,-43,-113,-46,-101,-40,-121,-34,-98,-34,-118,-43,-139,-20,-121,0,0,0,0,0,0,-139,5,-110,-2,-156,0,-116,-8,-89,2,-136,-11,-92,-2,-139,-8,-101,-14,-133,-8,-116,-11,-101,-20,-113,-5,-87,-17,-98,-26,-101,-14,-101,-11,-92,-20,-116,-26,-75,-2,-101,-14,-72,-20,-113,-17,-101,-14,-84,-17,-98,-11,-66,-17,-84,-31,-89,-26,-78,-26,-72,-29,-95,-40,-63,-14,-95,-29,-60,-34,-95,-43,-69,-43,-75,-31,-66,-40,-55,-37,-46,-34,-55,-46,-52,-37,-40,-40,-37,-55,-34,-26,-37,-46,-23,-46,-26,-52,-14,-40,-26,-34,-2,-40,-8,-34,-5,-31,2,-34,0,-26,2,-29,0,0,0,0,0,0,0,0,0,0]"""
1782313072929,2026-06-24T23:57:52.929,warning,bed_exit,yja,bed_exit_failed,t030,"CSI_DATA,334502,1a:00:00:00:00:00,-65,11,-99,14,50,11,-1288195400,47,2,256,0,""[0,0,0,0,0,0,0,0,0,0,0,0,31,8,46,14,29,14,40,20,34,11,46,23,43,20,34,20,46,26,29,29,43,34,46,40,40,43,37,49,49,52,37,31,52,46,49,37,43,58,49,43,34,34,60,55,34,55,43,60,46,60,43,58,40,60,58,72,49,43,58,58,52,52,63,72,52,60,58,52,55,58,66,52,63,49,69,46,60,55,52,52,75,58,69,29,89,40,81,52,104,60,84,37,107,34,89,49,92,37,101,52,104,49,107,46,116,40,95,46,107,58,118,52,113,52,0,0,0,0,0,0,49,-130,46,-98,55,-133,40,-113,37,-92,52,-121,37,-92,49,-121,31,-101,46,-118,31,-116,23,-95,20,-116,37,-87,34,-101,29,-98,31,-92,34,-89,29,-113,8,-81,2,-107,11,-89,20,-104,5,-89,0,-84,5,-98,8,-81,11,-89,14,-87,5,-84,11,-78,8,-98,0,-69,-8,-87,-2,-81,5,-98,11,-72,-5,-75,5,-81,5,-72,5,-72,2,-69,14,-63,17,-49,20,-60,5,-52,8,-58,17,-49,26,-58,17,-34,14,-43,17,-37,14,-29,17,-29,23,-26,20,-26,17,-23,0,0,0,0,0,0,0,0,0,0]"""
1782313072940,2026-06-24T23:57:52.940,warning,bed_exit,yja,bed_exit_failed,t030,"CSI_DATA,334503,1a:00:00:00:00:00,-66,11,-99,14,50,11,-1288187360,47,2,256,0,""[0,0,0,0,0,0,0,0,0,0,0,0,-34,11,-31,8,-37,8,-40,5,-43,0,-43,5,-37,5,-43,5,-55,8,-49,0,-52,-5,-55,-5,-55,-5,-60,-8,-66,-11,-60,0,-60,-8,-63,-14,-60,-8,-75,-2,-72,0,-78,0,-63,-2,-69,-14,-72,-14,-69,-14,-75,-14,-75,-8,-81,2,-75,0,-75,-5,-72,5,-78,11,-75,14,-84,11,-81,17,-81,20,-81,11,-89,20,-95,20,-92,26,-87,37,-84,29,-92,31,-78,34,-78,46,-78,58,-87,58,-92,63,-98,60,-95,49,-95,60,-101,60,-87,75,-110,66,-98,78,-95,81,0,0,0,0,0,0,81,104,81,110,78,101,78,92,84,95,69,92,84,92,84,81,75,89,78,72,87,66,75,66,101,60,89,69,69,66,81,60,81,60,87,63,89,63,87,43,84,34,81,49,81,37,89,29,84,29,98,17,87,29,84,31,87,29,78,31,87,31,84,23,87,14,81,11,81,23,75,11,81,8,72,11,78,17,81,8,75,17,60,29,66,20,63,23,60,26,55,14,49,17,52,20,43,17,40,14,37,17,40,17,37,17,29,20,29,20,23,20,20,20,0,0,0,0,0,0,0,0,0,0]"""
1782313072951,2026-06-24T23:57:52.951,warning,bed_exit,yja,bed_exit_failed,t030,"CSI_DATA,334504,1a:00:00:00:00:00,-65,11,-99,19,49,11,-1288176187,47,2,256,0,""[0,0,0,0,0,0,0,0,0,0,0,0,25,-19,33,-25,16,-22,36,-28,28,-19,47,-25,47,-16,33,-19,47,-19,36,-8,56,-14,59,-14,53,-8,53,-11,73,-8,47,-5,70,-8,59,-5,73,-2,78,-2,62,-5,73,5,56,14,73,5,73,2,76,8,70,14,93,8,56,0,76,-2,73,0,98,2,78,11,76,2,84,11,81,5,73,-2,84,-14,78,-5,73,0,95,2,73,-28,101,-25,93,-8,132,-19,93,0,101,-25,104,5,95,-19,101,-14,121,-31,115,-31,129,-28,112,-11,112,-31,132,-25,115,-14,0,0,0,0,0,0,-28,-132,-8,-98,-19,-152,-19,-124,-5,-95,-14,-138,-16,-93,-19,-124,-25,-90,-8,-143,-8,-121,-8,-104,-11,-118,5,-87,-11,-112,-16,-107,-11,-101,-11,-87,-14,-112,-22,-70,-33,-104,-19,-84,-25,-112,-19,-93,-14,-76,-19,-84,-11,-70,-31,-87,-25,-84,-22,-84,-19,-76,-16,-98,-22,-59,-31,-84,-22,-78,-25,-104,-5,-78,-16,-73,-2,-81,-5,-64,-8,-64,-16,-73,-2,-59,0,-53,5,-64,-5,-53,-2,-64,5,-50,11,-67,14,-42,8,-42,22,-39,16,-33,14,-25,14,-36,11,-28,16,-22,0,0,0,0,0,0,0,0,0,0]"""
1782313072962,2026-06-24T23:57:52.962,warning,bed_exit,yja,bed_exit_failed,t030,"CSI_DATA,334505,1a:00:00:00:00:00,-66,11,-99,20,49,11,-1288165205,47,2,256,0,""[0,0,0,0,0,0,0,0,0,0,0,0,8,-38,10,-27,16,-43,13,-32,30,-35,24,-35,27,-35,30,-52,27,-32,27,-49,32,-41,30,-43,32,-43,41,-38,30,-30,57,-49,38,-35,65,-43,43,-38,52,-32,62,-46,49,-38,71,-62,57,-41,52,-41,60,-46,57,-46,49,-43,82,-46,57,-46,68,-49,46,-41,60,-54,60,-57,52,-57,62,-57,62,-68,65,-60,57,-68,62,-71,46,-62,82,-73,62,-57,54,-73,46,-54,62,-106,62,-82,46,-95,65,-87,60,-104,68,-84,68,-87,60,-90,71,-117,68,-98,52,-87,68,-106,0,0,0,0,0,0,-90,-65,-120,-71,-84,-52,-109,-71,-123,-79,-87,-62,-123,-79,-79,-54,-106,-73,-90,-52,-95,-57,-106,-52,-87,-46,-109,-41,-98,-52,-95,-43,-95,-35,-90,-35,-79,-21,-101,-54,-76,-32,-95,-38,-73,-21,-90,-16,-95,-16,-87,-19,-104,-21,-84,-24,-84,-13,-90,-19,-90,-19,-71,-8,-98,-38,-68,-27,-90,-24,-60,-16,-87,-16,-73,-21,-79,-10,-73,-21,-76,-27,-65,-27,-65,-30,-62,-27,-54,-21,-54,-35,-41,-27,-43,-32,-24,-21,-52,-27,-35,-27,-38,-19,-21,-24,-30,-24,-16,-27,-16,-21,-13,-21,0,0,0,0,0,0,0,0,0,0]"""
1782313072973,2026-06-24T23:57:52.973,warning,bed_exit,yja,bed_exit_failed,t030,"CSI_DATA,334506,1a:00:00:00:00:00,-65,11,-99,19,49,11,-1288154360,47,2,256,0,""[0,0,0,0,0,0,0,0,0,0,0,0,0,28,5,42,0,33,2,42,0,33,-2,47,-2,45,-2,36,0,53,-16,45,-19,50,-16,50,-19,59,-25,59,-25,67,-16,47,-22,64,-22,59,-31,70,-25,64,-11,50,-28,78,-31,47,-36,67,-33,70,-33,59,-36,56,-36,76,-16,62,-22,78,-19,62,-33,95,-25,78,-16,78,-19,84,-22,81,-16,70,-19,87,-16,78,-16,73,-19,90,11,78,5,95,-5,101,-8,124,-5,87,16,104,-8,107,19,107,11,115,14,124,14,109,11,129,8,107,16,121,22,135,16,124,0,0,0,0,0,0,135,-28,112,-22,146,-25,118,-22,93,-19,126,-28,95,-25,135,-31,101,-22,126,-14,112,-33,98,-25,104,-39,95,-25,107,-31,95,-28,101,-33,90,-28,101,-39,67,-33,90,-47,81,-36,98,-56,90,-53,70,-56,81,-59,67,-36,78,-53,76,-47,70,-42,70,-33,87,-45,53,-53,67,-62,62,-45,87,-64,67,-42,62,-59,73,-42,62,-42,56,-36,62,-42,62,-33,50,-28,62,-25,39,-31,53,-31,47,-19,62,-16,42,-14,42,-19,33,-5,36,-11,36,0,36,-2,31,-5,31,0,0,0,0,0,0,0,0,0,0,0]"""
1782313072983,2026-06-24T23:57:52.983,warning,bed_exit,yja,bed_exit_failed,t030,"CSI_DATA,334507,1a:00:00:00:00:00,-65,11,-99,19,49,11,-1288143281,47,2,256,0,""[0,0,0,0,0,0,0,0,0,0,0,0,31,25,25,19,28,33,25,28,25,39,22,25,25,31,33,36,31,45,31,47,16,45,16,50,22,53,16,59,16,56,8,78,8,62,8,73,5,50,8,64,16,81,8,70,8,87,0,62,2,73,0,70,-8,78,-2,70,-14,84,-11,73,-16,81,-5,56,2,70,5,78,16,76,5,93,0,90,-19,78,-2,93,0,104,2,90,-19,98,-16,90,11,93,0,64,8,104,5,90,31,101,14,124,16,115,-8,93,-8,126,-14,118,0,121,-22,115,0,115,11,115,0,0,0,0,0,0,129,14,149,16,93,11,121,22,149,16,98,33,138,31,107,22,126,36,95,28,93,16,118,5,118,11,124,0,87,28,101,16,101,11,107,19,90,8,112,28,81,19,104,31,73,5,76,2,90,5,93,2,107,11,78,19,90,8,93,8,98,22,87,11,98,31,76,22,81,25,53,14,76,11,73,11,78,2,84,25,78,31,56,36,62,28,62,42,56,33,45,47,33,39,42,36,25,22,36,31,31,33,33,28,31,39,28,33,11,22,8,31,11,33,0,0,0,0,0,0,0,0,0,0]"""
1782313072995,2026-06-24T23:57:52.995,warning,bed_exit,yja,bed_exit_failed,t030,"CSI_DATA,334508,1a:00:00:00:00:00,-65,11,-99,20,49,11,-1288130532,47,2,256,0,""[0,0,0,0,0,0,0,0,0,0,0,0,-30,-8,-32,-13,-30,-21,-35,-19,-32,-13,-41,-30,-35,-32,-32,-32,-38,-35,-32,-35,-41,-38,-35,-46,-32,-43,-32,-43,-43,-41,-35,-49,-43,-52,-41,-46,-46,-62,-43,-49,-35,-49,-38,-57,-35,-60,-46,-60,-38,-65,-35,-65,-35,-62,-46,-62,-35,-60,-52,-62,-52,-57,-54,-71,-52,-60,-54,-54,-46,-62,-43,-62,-49,-57,-68,-57,-57,-54,-60,-49,-65,-46,-68,-49,-87,-49,-76,-46,-98,-65,-90,-60,-93,-52,-84,-60,-82,-52,-95,-54,-101,-46,-95,-54,-109,-52,-109,-65,-112,-46,-109,-54,-120,-43,0,0,0,0,0,0,-41,106,-35,109,-43,134,-38,128,-38,101,-43,125,-35,112,-35,117,-19,106,-46,123,-38,120,-30,106,-24,101,-21,98,-24,112,-24,101,-19,104,-10,93,-8,95,-13,87,2,109,2,87,0,106,-2,101,5,93,0,84,2,90,10,98,13,87,10,93,5,84,10,87,13,79,19,82,13,82,10,93,5,84,8,79,5,79,0,62,2,68,8,79,0,68,0,60,0,54,2,57,-5,60,0,52,-8,62,-10,49,-8,49,-13,38,-5,38,-13,35,-8,32,-10,24,-13,21,0,0,0,0,0,0,0,0,0,0]"""
1782313073007,2026-06-24T23:57:53.007,warning,bed_exit,yja,bed_exit_failed,t030,"CSI_DATA,334509,1a:00:00:00:00:00,-65,11,-99,20,49,11,-1288121361,47,2,256,0,""[0,0,0,0,0,0,0,0,0,0,0,0,-30,21,-32,13,-38,10,-35,10,-41,10,-43,5,-43,8,-52,8,-43,-2,-52,10,-54,2,-52,-5,-54,-8,-57,-10,-46,-8,-68,-24,-57,-24,-60,-30,-62,-32,-52,-27,-65,-32,-52,-35,-68,-41,-62,-35,-65,-35,-62,-38,-54,-46,-46,-32,-57,-65,-49,-57,-49,-60,-52,-54,-60,-54,-54,-60,-62,-49,-46,-60,-60,-65,-60,-65,-60,-65,-62,-65,-62,-60,-46,-90,-46,-84,-68,-60,-46,-62,-73,-87,-49,-82,-73,-68,-62,-90,-71,-84,-68,-84,-52,-90,-49,-98,-65,-115,-62,-106,-57,-98,-54,-120,0,0,0,0,0,0,-112,35,-131,41,-109,46,-123,21,-125,35,-109,21,-136,24,-112,16,-128,16,-112,10,-112,10,-120,30,-101,2,-115,35,-106,19,-95,21,-101,27,-98,13,-76,13,-115,-5,-93,-2,-98,-2,-101,5,-95,0,-95,16,-90,-5,-95,8,-95,8,-87,10,-90,8,-87,-2,-79,0,-98,-27,-79,-24,-76,-19,-68,-24,-87,-16,-82,-24,-76,-19,-65,-32,-65,-30,-62,-38,-62,-35,-54,-32,-54,-27,-43,-52,-32,-46,-38,-35,-24,-35,-32,-41,-21,-38,-24,-32,-13,-38,-16,-38,-8,-30,-2,-30,-2,-24,0,0,0,0,0,0,0,0,0,0]"""
1782313073017,2026-06-24T23:57:53.017,warning,bed_exit,yja,bed_exit_failed,t030,"CSI_DATA,334510,1a:00:00:00:00:00,-65,11,-99,14,50,11,-1288109477,47,2,256,0,""[0,0,0,0,0,0,0,0,0,0,0,0,37,5,34,8,43,11,40,8,40,17,34,14,37,8,49,17,46,29,58,26,37,26,49,29,49,29,40,49,43,37,49,60,37,49,37,55,26,52,34,40,55,49,40,58,55,60,29,58,43,69,37,58,37,69,37,58,31,87,31,72,31,66,20,55,40,63,37,72,49,60,46,72,49,75,34,66,43,84,52,95,55,75,37,92,31,81,52,75,29,46,69,81,46,78,78,63,69,110,81,92,40,84,49,107,55,98,66,101,43,113,60,95,63,118,0,0,0,0,0,0,116,-49,145,-63,87,-52,110,-40,136,-63,92,-29,133,-46,104,-40,136,-37,84,-26,81,-37,104,-58,104,-40,113,-60,84,-31,95,-43,92,-43,107,-37,89,-37,110,-31,84,-31,95,-37,72,-20,72,-43,92,-55,87,-43,89,-52,78,-29,87,-40,75,-37,89,-31,75,-40,110,-26,84,-14,84,-26,55,-11,75,-26,72,-11,75,-31,81,-20,78,-14,60,-2,75,-5,75,-2,69,-11,66,14,49,20,58,8,29,5,43,8,37,8,40,2,43,20,37,14,26,20,26,26,20,20,0,0,0,0,0,0,0,0,0,0]"""
1782313073027,2026-06-24T23:57:53.027,warning,bed_exit,yja,bed_exit_failed,t030,"CSI_DATA,334511,1a:00:00:00:00:00,-65,11,-99,19,49,11,-1288098025,47,2,256,0,""[0,0,0,0,0,0,0,0,0,0,0,0,22,25,31,25,22,25,22,33,22,28,25,42,28,45,25,45,19,42,19,42,25,50,19,50,19,53,14,53,19,59,14,56,16,70,14,59,5,78,14,62,19,64,0,64,5,64,8,76,0,73,2,73,2,67,11,76,2,70,5,78,11,76,5,87,11,81,8,78,11,76,8,76,8,78,19,87,11,87,14,81,22,81,22,87,28,101,31,76,28,104,36,101,36,101,42,101,31,95,36,93,42,115,28,104,45,109,39,124,39,107,42,118,42,107,0,0,0,0,0,0,109,-50,101,-45,129,-45,121,-53,104,-31,121,-39,112,-33,124,-42,101,-36,129,-39,112,-36,107,-47,101,-33,95,-31,107,-47,98,-42,98,-36,90,-39,87,-47,93,-31,98,-45,81,-50,95,-47,84,-47,76,-53,78,-36,78,-47,81,-53,81,-45,78,-45,73,-47,67,-50,73,-36,78,-45,67,-42,90,-33,76,-39,73,-33,67,-31,64,-28,64,-25,64,-25,64,-16,56,-11,62,-16,59,-8,59,-14,45,-11,59,-5,53,-5,47,2,42,2,36,2,33,2,36,5,31,11,31,11,0,0,0,0,0,0,0,0,0,0]"""
1782313073038,2026-06-24T23:57:53.038,warning,bed_exit,yja,bed_exit_failed,t030,"CSI_DATA,334512,1a:00:00:00:00:00,-65,11,-99,17,49,11,-1288087213,47,2,256,0,""[0,0,0,0,0,0,0,0,0,0,0,0,-8,35,-14,26,-17,35,-17,26,-29,32,-20,32,-14,29,-23,41,-20,44,-26,50,-32,35,-32,44,-29,41,-44,38,-38,38,-56,50,-47,41,-65,35,-38,29,-32,38,-47,38,-47,50,-59,59,-59,29,-53,50,-59,53,-68,44,-47,44,-77,50,-62,32,-83,44,-44,47,-47,62,-29,56,-50,71,-62,59,-83,65,-74,62,-56,83,-89,50,-62,83,-80,68,-62,59,-62,56,-41,56,-62,53,-50,86,-14,92,-65,140,-35,119,-41,80,-47,86,-38,104,-44,116,-50,89,-35,104,-47,113,0,0,0,0,0,0,107,65,113,83,86,47,104,62,134,74,86,71,110,74,86,56,104,77,86,35,98,32,110,32,113,35,119,32,89,50,104,26,98,29,101,38,86,29,110,32,92,26,98,38,71,8,80,8,92,11,98,11,110,2,83,23,92,14,92,5,101,14,83,8,95,26,77,23,86,20,53,11,74,5,71,5,74,-5,83,11,77,11,62,29,65,17,68,35,59,26,56,26,44,29,50,26,35,8,44,20,38,17,44,11,35,26,38,20,17,23,26,23,17,23,0,0,0,0,0,0,0,0,0,0]"""
1782313073048,2026-06-24T23:57:53.048,warning,bed_exit,yja,bed_exit_failed,t030,"CSI_DATA,334513,1a:00:00:00:00:00,-65,11,-99,21,49,11,-1288077222,47,2,256,0,""[0,0,0,0,0,0,0,0,0,0,0,0,18,31,15,34,13,37,13,34,2,39,2,42,0,50,-5,47,0,55,-10,47,-5,50,-13,58,-21,53,-18,50,-29,55,-18,58,-23,55,-29,58,-39,53,-39,58,-37,47,-47,61,-50,47,-45,42,-53,47,-55,47,-55,42,-63,50,-42,47,-50,47,-63,53,-58,47,-63,37,-55,42,-71,39,-69,47,-63,45,-58,53,-63,50,-61,45,-74,37,-63,63,-71,71,-82,55,-90,61,-71,42,-87,53,-95,45,-82,58,-101,55,-93,61,-109,71,-106,58,-101,50,-98,55,-114,50,-114,50,0,0,0,0,0,0,37,122,34,117,29,125,31,125,26,122,26,125,29,111,18,119,15,111,18,117,7,111,-2,101,10,125,-7,106,7,109,2,103,-5,95,-5,106,-7,106,7,90,7,101,2,109,-5,95,-5,93,-13,85,0,101,-10,90,-5,77,-10,90,-10,82,-13,85,-15,93,-5,79,-5,79,-15,90,-26,85,-31,69,-26,66,-39,66,-39,69,-31,63,-31,63,-34,55,-29,47,-42,42,-29,47,-34,47,-42,34,-45,34,-39,21,-39,23,-39,13,-37,15,-37,13,-29,5,-34,10,-29,0,0,0,0,0,0,0,0,0,0,0]"""
1782313073059,2026-06-24T23:57:53.059,warning,bed_exit,yja,bed_exit_failed,t030,"CSI_DATA,334514,1a:00:00:00:00:00,-65,11,-99,20,49,11,-1288065506,47,2,256,0,""[0,0,0,0,0,0,0,0,0,0,0,0,-2,32,-10,35,-10,38,-13,41,-16,43,-21,38,-21,38,-24,35,-27,43,-30,35,-35,35,-43,41,-35,43,-41,35,-54,41,-41,35,-46,38,-62,30,-52,38,-52,30,-54,21,-62,43,-62,27,-62,21,-68,35,-65,27,-73,21,-79,24,-60,32,-62,30,-76,10,-65,32,-71,27,-62,38,-71,35,-79,38,-76,32,-71,32,-71,46,-79,38,-82,38,-73,35,-79,43,-87,35,-84,38,-79,35,-82,54,-90,46,-95,62,-95,60,-93,52,-106,62,-112,49,-93,52,-106,52,-112,60,-106,49,0,0,0,0,0,0,52,134,35,123,41,120,24,123,35,115,16,123,32,115,27,117,19,117,27,106,24,106,24,98,41,109,32,98,10,93,27,104,32,95,27,98,19,109,30,90,27,93,13,95,32,82,27,82,24,84,38,98,27,84,16,84,27,87,27,84,19,90,13,95,21,76,19,82,5,82,19,82,10,76,13,79,13,79,8,82,2,71,-5,62,0,68,-5,65,-13,62,-13,54,-13,54,-19,54,-16,46,-19,35,-16,38,-21,35,-16,38,-16,30,-21,24,-19,21,-19,21,0,0,0,0,0,0,0,0,0,0]"""
1782313073071,2026-06-24T23:57:53.071,warning,bed_exit,yja,bed_exit_failed,t030,"CSI_DATA,334515,1a:00:00:00:00:00,-66,11,-99,19,49,11,-1288055250,47,2,256,0,""[0,0,0,0,0,0,0,0,0,0,0,0,-33,-14,-28,-16,-33,-25,-28,-25,-28,-31,-28,-22,-28,-31,-33,-33,-28,-36,-39,-36,-22,-45,-31,-45,-31,-47,-22,-53,-22,-53,-22,-64,-14,-62,-11,-67,-11,-45,-28,-50,-28,-64,-25,-70,-19,-76,-2,-64,-11,-64,-8,-70,-2,-81,0,-73,-2,-78,-5,-70,5,-76,-11,-56,-16,-67,-22,-73,-22,-73,-19,-84,-14,-84,5,-84,-22,-78,-14,-95,-11,-81,-5,-98,0,-87,-14,-93,-16,-70,-25,-95,-25,-93,-39,-95,-33,-112,-36,-107,-14,-98,-16,-121,-11,-118,-22,-126,-8,-118,-31,-104,-19,-115,0,0,0,0,0,0,-124,5,-140,-5,-98,5,-126,-11,-143,2,-112,-22,-129,-8,-104,-2,-121,-16,-101,2,-101,5,-115,8,-115,11,-112,14,-104,-16,-101,2,-101,8,-104,0,-95,-8,-115,0,-93,0,-104,-8,-81,14,-84,11,-93,8,-101,22,-104,16,-84,-8,-90,8,-93,11,-98,-5,-84,0,-93,-8,-78,-8,-84,-16,-64,2,-78,5,-81,5,-73,2,-78,-2,-76,-14,-62,-28,-67,-14,-62,-31,-59,-19,-56,-31,-45,-31,-47,-28,-36,-19,-39,-22,-42,-25,-36,-22,-33,-25,-25,-25,-16,-28,-16,-28,-14,-28,0,0,0,0,0,0,0,0,0,0]"""
1782313073082,2026-06-24T23:57:53.082,warning,bed_exit,yja,bed_exit_failed,t030,"CSI_DATA,334516,1a:00:00:00:00:00,-66,11,-99,14,50,11,-1288044344,47,2,256,0,""[0,0,0,0,0,0,0,0,0,0,0,0,26,-26,17,-23,34,-26,29,-23,34,-26,29,-17,31,-26,46,-20,43,-20,55,-23,49,-17,52,-11,55,-14,58,-11,49,-14,72,-14,55,-11,66,-11,58,-5,63,0,75,-5,66,0,81,-2,60,2,69,8,72,8,72,5,58,0,87,5,63,2,75,-2,52,2,81,-5,75,5,81,-2,75,-8,92,2,81,2,89,2,101,5,81,-5,101,-5,84,-2,92,-23,66,-11,98,-31,95,-8,101,-34,113,-11,113,-20,101,0,101,-14,107,-23,130,-29,124,-11,104,-8,127,-26,0,0,0,0,0,0,-11,-121,-20,-150,-8,-98,-31,-121,-11,-147,-5,-101,-8,-145,-5,-98,-2,-127,-11,-98,-17,-98,-11,-118,-17,-113,-5,-124,-8,-104,-2,-98,-11,-104,-2,-104,-5,-87,-20,-116,-23,-84,-23,-98,-11,-75,-20,-81,-20,-92,-23,-89,-26,-101,-11,-89,-11,-89,-17,-89,-20,-89,-20,-75,-17,-101,-14,-75,-23,-87,-5,-63,-17,-75,-8,-78,-14,-78,-11,-78,5,-78,2,-69,14,-69,5,-69,5,-55,8,-66,8,-49,2,-55,8,-34,8,-46,17,-40,11,-43,17,-37,23,-31,20,-23,20,-20,23,-20,0,0,0,0,0,0,0,0,0,0]"""
1782313073092,2026-06-24T23:57:53.092,warning,bed_exit,yja,bed_exit_failed,t030,"CSI_DATA,334517,1a:00:00:00:00:00,-66,11,-99,14,50,11,-1288033361,47,2,256,0,""[0,0,0,0,0,0,0,0,0,0,0,0,34,0,40,0,40,0,34,8,34,17,34,14,37,8,43,14,52,20,40,26,31,34,40,40,40,37,34,49,40,46,37,49,37,46,37,58,31,49,31,58,29,72,37,55,40,63,14,58,20,75,17,66,8,72,14,69,11,78,11,69,11,75,14,69,14,66,20,75,23,72,29,84,20,87,8,78,14,84,5,89,2,87,14,92,11,84,5,95,14,84,23,87,26,92,31,95,14,113,17,113,-5,101,5,121,8,118,8,118,-26,116,-5,113,-2,118,0,0,0,0,0,0,127,29,127,43,107,34,113,31,127,31,107,49,113,58,107,52,110,63,92,40,101,34,98,34,113,34,107,46,84,58,92,49,92,49,89,63,89,55,89,52,84,34,87,58,69,43,75,40,81,40,89,40,87,40,63,58,69,58,72,55,66,63,69,58,66,60,58,60,60,63,52,55,49,52,58,52,58,55,55,58,43,60,26,58,31,58,23,63,14,58,17,58,11,52,5,58,8,43,8,46,8,40,2,43,2,46,-5,43,-14,26,-11,31,-17,29,0,0,0,0,0,0,0,0,0,0]"""
1782313073108,2026-06-24T23:57:53.108,warning,bed_exit,yja,bed_exit_failed,t030,"CSI_DATA,334518,1a:00:00:00:00:00,-66,11,-99,16,49,11,-1288016866,47,2,256,0,""[0,0,0,0,0,0,0,0,0,0,0,0,-12,-116,70,15,30,-21,49,-58,39,-113,15,-49,89,15,110,-30,39,9,55,-12,73,70,55,0,64,-3,113,6,43,0,70,9,64,-15,55,-3,52,9,76,9,70,18,64,15,76,9,73,12,73,9,70,9,64,9,58,6,82,33,73,24,64,18,64,21,82,18,73,21,70,6,73,9,73,12,82,9,92,9,89,12,79,3,89,21,86,18,92,3,76,-3,101,-3,86,9,101,-21,107,9,104,-6,107,3,101,0,98,-3,125,-12,119,9,113,0,129,6,0,0,0,0,0,0,9,-119,6,-135,0,-122,9,-116,-3,-125,6,-101,15,-135,6,-116,12,-119,0,-107,0,-107,-12,-122,6,-92,-12,-116,-9,-98,-18,-95,-21,-104,-12,-95,-9,-86,-3,-110,-9,-89,-6,-89,-9,-89,-12,-92,-18,-104,-3,-86,-30,-95,-21,-89,-24,-86,-27,-79,-21,-79,-18,-67,-6,-98,-6,-82,-6,-79,-6,-76,-15,-86,-6,-82,-12,-73,0,-67,-9,-73,-3,-67,3,-73,3,-67,0,-58,15,-64,15,-55,12,-55,9,-36,12,-52,12,-43,6,-36,21,-33,15,-30,18,-33,15,-24,18,-24,0,0,0,0,0,0,0,0,0,0]"""
1782313073120,2026-06-24T23:57:53.120,warning,bed_exit,yja,bed_exit_failed,t030,"CSI_DATA,334519,1a:00:00:00:00:00,-65,11,-99,18,49,11,-1288011102,47,2,256,0,""[0,0,0,0,0,0,0,0,0,0,0,0,2,-34,8,-29,5,-40,5,-37,20,-40,8,-34,8,-40,14,-43,14,-49,11,-55,26,-43,17,-52,17,-49,26,-49,31,-49,29,-60,29,-46,43,-55,20,-49,14,-60,20,-60,23,-63,31,-69,37,-52,29,-60,31,-60,40,-69,34,-63,29,-69,29,-60,37,-66,11,-58,11,-72,5,-72,2,-78,2,-81,5,-87,20,-78,0,-87,5,-89,8,-78,0,-101,5,-89,0,-89,-14,-75,-20,-89,-26,-95,-40,-95,-37,-98,-46,-98,-29,-98,-26,-116,-34,-107,-49,-110,-31,-110,-49,-95,-46,-110,0,0,0,0,0,0,-116,46,-127,43,-89,34,-113,43,-130,63,-113,31,-116,49,-89,46,-110,46,-78,60,-81,63,-84,69,-84,75,-78,78,-87,49,-75,69,-66,72,-81,72,-69,63,-72,78,-63,69,-75,69,-40,66,-40,78,-43,75,-37,87,-43,92,-52,75,-37,75,-37,89,-43,87,-37,81,-40,84,-31,69,-40,75,-23,60,-20,78,-17,75,-11,78,-20,75,-26,66,-37,58,-26,63,-31,58,-31,55,-31,55,-31,46,-29,40,-23,34,-23,43,-17,40,-20,37,-17,29,-20,34,-23,17,-23,17,-26,20,0,0,0,0,0,0,0,0,0,0]"""
1782313073129,2026-06-24T23:57:53.129,warning,bed_exit,yja,bed_exit_failed,t030,"CSI_DATA,334520,1a:00:00:00:00:00,-66,11,-99,15,50,11,-1288000361,47,2,256,0,""[0,0,0,0,0,0,0,0,0,0,0,0,36,-8,39,-5,33,-2,39,0,42,2,45,0,45,11,39,11,53,8,45,22,50,16,47,22,47,22,50,28,53,31,50,22,53,22,53,28,50,39,59,45,47,33,59,47,45,42,50,42,50,53,47,47,50,47,53,53,50,39,59,45,62,47,59,47,50,53,56,53,53,56,64,45,62,45,64,39,62,47,64,50,70,53,84,28,84,25,81,50,90,50,73,42,78,42,84,59,87,50,90,62,98,47,104,45,104,45,104,53,112,42,107,62,109,59,0,0,0,0,0,0,62,-115,67,-104,67,-109,62,-104,64,-98,62,-104,53,-93,62,-101,62,-93,62,-95,62,-90,67,-73,59,-98,62,-78,50,-81,53,-90,56,-90,56,-87,62,-93,28,-81,36,-87,36,-93,42,-81,45,-84,56,-76,42,-87,42,-70,39,-81,47,-76,39,-76,39,-73,39,-81,25,-78,28,-73,33,-81,45,-78,45,-67,42,-67,53,-62,45,-59,39,-53,33,-56,45,-50,42,-50,47,-39,31,-47,36,-50,42,-36,42,-31,31,-22,39,-22,36,-16,36,-22,39,-16,33,-11,28,-8,25,-5,0,0,0,0,0,0,0,0,0,0]"""
1782313073141,2026-06-24T23:57:53.141,warning,bed_exit,yja,bed_exit_failed,t030,"CSI_DATA,334521,1a:00:00:00:00:00,-66,11,-99,19,49,11,-1287989361,47,2,256,0,""[0,0,0,0,0,0,0,0,0,0,0,0,-31,-14,-28,-16,-31,-28,-25,-22,-33,-31,-22,-28,-25,-28,-39,-36,-19,-39,-33,-45,-19,-42,-22,-45,-22,-45,-14,-56,-16,-53,-5,-76,-8,-59,-2,-64,-2,-47,-11,-47,-14,-62,-2,-67,2,-78,11,-56,14,-70,11,-73,16,-76,14,-73,33,-73,25,-64,31,-64,16,-45,8,-70,16,-67,5,-67,31,-84,28,-78,33,-64,25,-76,33,-90,22,-81,50,-84,45,-73,28,-84,19,-56,33,-95,31,-81,14,-104,42,-109,28,-104,45,-76,64,-104,62,-98,53,-107,64,-93,47,-95,62,-104,0,0,0,0,0,0,-87,-64,-112,-98,-76,-53,-76,-87,-112,-98,-64,-81,-84,-104,-67,-81,-67,-101,-53,-76,-64,-64,-87,-90,-73,-84,-87,-84,-50,-76,-64,-81,-64,-76,-56,-90,-53,-73,-56,-101,-45,-73,-45,-93,-36,-64,-45,-62,-62,-87,-50,-73,-67,-87,-42,-64,-45,-76,-45,-76,-42,-90,-36,-78,-28,-95,-22,-76,-22,-81,-19,-56,-28,-64,-25,-73,-31,-73,-11,-84,-8,-78,5,-64,0,-67,2,-70,0,-62,31,-62,25,-50,11,-53,16,-28,14,-45,19,-39,8,-36,22,-42,28,-28,25,-16,31,-22,28,-16,0,0,0,0,0,0,0,0,0,0]"""
1782313073153,2026-06-24T23:57:53.153,warning,bed_exit,yja,bed_exit_failed,t030,"CSI_DATA,334522,1a:00:00:00:00:00,-66,11,-99,15,50,11,-1287978361,47,2,256,0,""[0,0,0,0,0,0,0,0,0,0,0,0,-19,-19,-22,-28,-19,-25,-25,-33,-14,-28,-16,-45,-16,-47,-14,-42,-11,-42,-5,-45,-11,-53,-5,-53,-2,-53,-2,-50,0,-59,0,-50,5,-59,5,-56,16,-78,16,-64,16,-56,19,-70,25,-53,25,-67,25,-67,28,-59,25,-62,25,-62,25,-59,25,-70,25,-56,36,-81,36,-73,28,-67,39,-67,39,-59,28,-64,28,-78,36,-76,28,-64,33,-76,28,-73,33,-81,33,-81,50,-104,39,-87,42,-84,50,-84,39,-81,47,-93,50,-109,42,-90,50,-93,62,-98,53,-109,67,-109,59,-98,0,0,0,0,0,0,-98,-67,-93,-67,-112,-90,-98,-73,-70,-67,-101,-81,-81,-70,-95,-76,-81,-70,-81,-90,-81,-93,-67,-76,-62,-73,-64,-70,-76,-81,-64,-70,-67,-78,-67,-67,-70,-70,-59,-62,-64,-70,-64,-64,-78,-78,-76,-76,-64,-62,-56,-67,-47,-64,-70,-73,-59,-67,-50,-67,-53,-56,-53,-64,-47,-59,-50,-70,-47,-62,-53,-90,-42,-76,-39,-70,-31,-76,-22,-59,-25,-62,-31,-67,-19,-67,-14,-62,-16,-62,-11,-50,-8,-56,-5,-50,2,-62,2,-47,2,-45,14,-36,11,-36,16,-33,14,-45,11,-19,16,-25,0,0,0,0,0,0,0,0,0,0]"""
1782313073163,2026-06-24T23:57:53.163,warning,bed_exit,yja,bed_exit_failed,t030,"CSI_DATA,334523,1a:00:00:00:00:00,-66,11,-99,18,49,11,-1287967361,47,2,256,0,""[0,0,0,0,0,0,0,0,0,0,0,0,-60,-75,87,-20,20,0,46,-55,-8,-101,14,-31,101,2,110,-11,43,0,43,11,78,81,63,14,63,14,95,34,52,14,58,8,84,2,46,-2,69,29,66,34,55,29,49,29,46,34,63,34,58,34,60,31,49,29,60,40,46,34,63,40,55,31,81,55,58,49,63,46,52,49,55,37,58,37,75,34,66,46,60,34,78,46,58,26,89,40,69,37,104,60,81,55,87,40,78,52,72,49,69,40,101,46,87,43,104,55,87,49,110,49,110,63,95,69,0,0,0,0,0,0,78,-101,58,-72,95,-124,69,-89,60,-63,84,-107,55,-69,87,-107,60,-72,98,-110,84,-89,66,-75,69,-72,63,-58,66,-89,63,-81,66,-72,58,-66,69,-81,46,-60,58,-87,43,-66,78,-98,72,-72,58,-69,55,-60,49,-58,58,-72,55,-69,52,-58,52,-58,66,-63,37,-49,58,-63,43,-52,81,-75,63,-49,55,-52,63,-43,55,-37,49,-37,58,-49,58,-31,46,-23,60,-26,37,-26,55,-34,46,-17,75,-11,43,-5,46,-11,43,0,31,-5,31,8,46,-2,29,2,31,2,0,0,0,0,0,0,0,0,0,0]"""
1782313073173,2026-06-24T23:57:53.173,warning,bed_exit,yja,bed_exit_failed,t030,"CSI_DATA,334524,1a:00:00:00:00:00,-66,11,-99,20,49,11,-1287951438,47,2,256,0,""[0,0,0,0,0,0,0,0,0,0,0,0,13,35,13,30,13,43,8,35,8,41,2,30,5,32,13,52,2,43,19,62,2,49,5,49,2,52,-2,62,0,52,-10,71,-2,49,-19,62,-16,49,5,57,8,65,-10,68,0,76,-8,60,-8,71,-5,65,-21,71,-8,62,-21,84,-13,65,-10,71,-8,52,2,71,2,71,16,76,5,82,13,87,0,68,10,84,10,101,24,84,-2,95,2,79,24,87,10,43,32,79,13,79,60,82,46,117,46,98,16,84,30,117,32,98,43,95,21,112,46,104,43,109,0,0,0,0,0,0,117,-52,134,-52,82,-43,101,-49,125,-57,93,-30,128,-41,90,-35,125,-52,82,-32,76,-46,93,-71,95,-49,98,-79,79,-46,82,-60,79,-57,95,-60,73,-57,98,-57,68,-46,79,-60,54,-43,57,-62,62,-79,65,-79,62,-82,54,-60,60,-68,54,-71,68,-68,49,-65,82,-71,57,-60,57,-54,35,-38,41,-65,52,-60,35,-65,54,-68,49,-60,52,-35,54,-49,60,-52,49,-49,54,-27,46,-21,46,-38,24,-19,38,-30,32,-21,32,-30,43,-19,32,-24,32,-8,30,-5,24,-5,0,0,0,0,0,0,0,0,0,0]"""
1782313073185,2026-06-24T23:57:53.185,warning,bed_exit,yja,bed_exit_failed,t030,"CSI_DATA,334525,1a:00:00:00:00:00,-66,11,-99,22,49,11,-1287945344,47,2,256,0,""[0,0,0,0,0,0,0,0,0,0,0,0,12,-36,20,-28,23,-33,23,-31,31,-31,23,-25,18,-36,25,-41,28,-36,36,-43,38,-31,38,-36,38,-33,49,-25,41,-25,62,-28,49,-33,67,-25,49,-23,36,-36,49,-41,56,-38,54,-49,54,-20,59,-25,59,-33,67,-36,51,-31,80,-20,64,-28,85,-20,43,-2,46,-36,54,-46,54,-80,59,-54,69,-56,98,-54,59,-46,69,-43,74,-23,100,-49,69,-56,82,-67,69,-5,38,-82,74,-77,85,-108,64,-80,69,-93,95,-25,85,-95,64,-90,51,-95,103,-85,56,-90,69,-116,0,0,0,0,0,0,-82,-87,-93,-100,-69,-67,-82,-90,-105,-95,-72,-85,-85,-98,-74,-80,-72,-95,-74,-56,-74,-46,-103,-59,-93,-56,-100,-59,-74,-62,-82,-54,-82,-49,-80,-69,-77,-41,-93,-62,-80,-49,-82,-67,-62,-36,-69,-28,-90,-28,-90,-31,-98,-33,-69,-43,-82,-31,-85,-28,-85,-41,-85,-28,-82,-51,-69,-49,-74,-38,-59,-28,-77,-15,-74,-23,-80,-18,-80,-28,-67,-33,-51,-46,-59,-36,-59,-43,-56,-36,-43,-41,-33,-46,-38,-36,-25,-23,-36,-33,-31,-31,-41,-23,-28,-31,-31,-31,-7,-28,-18,-33,-7,-33,0,0,0,0,0,0,0,0,0,0]"""
1782313073196,2026-06-24T23:57:53.196,warning,bed_exit,yja,bed_exit_failed,t030,"CSI_DATA,334526,1a:00:00:00:00:00,-66,11,-99,15,50,11,-1287932742,47,2,256,0,""[0,0,0,0,0,0,0,0,0,0,0,0,-14,-28,-14,-31,-11,-39,-16,-39,-8,-39,-2,-33,-5,-36,-2,-45,-2,-47,-5,-53,0,-45,2,-45,5,-53,8,-53,5,-50,16,-67,14,-59,19,-67,14,-53,16,-53,25,-73,16,-56,25,-73,22,-62,22,-64,22,-56,28,-62,25,-50,31,-78,25,-67,22,-62,31,-50,16,-70,22,-67,11,-73,19,-70,28,-76,33,-64,28,-81,22,-87,8,-90,33,-87,33,-76,2,-81,16,-62,0,-98,28,-78,-8,-95,19,-109,16,-104,19,-87,31,-101,19,-109,11,-115,22,-115,22,-109,8,-126,0,0,0,0,0,0,-121,-16,-132,-16,-101,-25,-112,-25,-129,-31,-101,-28,-129,-33,-107,-22,-124,-33,-93,-31,-93,-22,-112,-19,-98,-25,-121,-14,-90,-22,-90,-25,-95,-19,-101,-19,-93,-14,-107,-25,-90,-16,-95,-11,-81,-8,-84,-5,-95,-8,-84,-8,-95,-8,-84,-8,-90,-11,-90,-8,-95,-11,-81,-2,-101,-16,-81,-11,-78,-11,-62,-14,-87,-2,-73,-19,-78,-5,-73,-22,-70,-25,-62,-28,-70,-31,-73,-28,-64,-19,-53,-36,-50,-33,-50,-22,-28,-16,-45,-22,-31,-28,-39,-22,-31,-28,-33,-28,-16,-25,-14,-31,-11,-28,0,0,0,0,0,0,0,0,0,0]"""
1782313073207,2026-06-24T23:57:53.207,warning,bed_exit,yja,bed_exit_failed,t030,"CSI_DATA,334527,1a:00:00:00:00:00,-66,11,-99,17,50,11,-1287923361,47,2,256,0,""[0,0,0,0,0,0,0,0,0,0,0,0,-2,29,2,37,0,29,-5,39,-2,34,-10,50,-18,45,-15,37,-18,37,-18,39,-29,45,-29,39,-29,42,-29,37,-34,47,-31,39,-42,45,-34,39,-53,47,-45,42,-39,31,-45,39,-53,31,-58,42,-55,37,-58,31,-53,29,-55,31,-50,42,-53,45,-47,42,-74,47,-66,42,-58,39,-61,45,-58,34,-58,31,-55,50,-63,42,-55,42,-61,50,-55,47,-61,58,-61,66,-85,66,-69,61,-79,61,-82,50,-66,61,-79,58,-85,77,-74,61,-85,66,-87,66,-87,74,-101,69,-90,74,0,0,0,0,0,0,71,103,55,93,74,119,63,98,45,85,63,106,53,93,63,106,58,82,55,111,53,106,39,90,42,82,45,90,50,93,45,90,37,90,45,79,50,85,39,74,58,85,50,74,61,93,55,90,47,74,45,77,34,74,53,79,42,79,42,74,34,69,37,74,39,69,50,69,37,63,39,93,31,77,23,74,26,77,15,63,21,63,23,71,10,66,10,58,10,63,10,53,7,58,2,53,-7,58,-5,47,-10,47,-13,39,-10,31,-15,37,-10,37,-15,26,-13,23,0,0,0,0,0,0,0,0,0,0]"""
1782313073217,2026-06-24T23:57:53.217,warning,bed_exit,yja,bed_exit_failed,t030,"CSI_DATA,334528,1a:00:00:00:00:00,-66,11,-99,16,50,11,-1287912361,47,2,256,0,""[0,0,0,0,0,0,0,0,0,0,0,0,35,-13,21,-13,41,-8,35,-8,46,0,32,-5,35,-5,49,-5,41,2,57,0,43,5,43,0,52,5,57,16,49,10,57,24,54,13,60,27,49,21,49,24,73,30,57,27,71,19,54,21,57,32,60,27,62,35,54,27,62,49,52,38,60,35,41,32,60,27,60,30,71,19,76,24,82,30,65,27,76,30,87,35,79,21,84,43,73,30,87,21,54,16,98,13,84,21,95,-8,109,35,101,19,79,32,106,35,104,24,104,21,101,49,98,32,120,24,0,0,0,0,0,0,38,-115,49,-134,30,-87,35,-109,43,-134,43,-90,52,-115,35,-98,49,-109,38,-84,24,-82,16,-112,24,-101,24,-117,27,-84,21,-98,21,-93,30,-101,24,-90,38,-104,24,-82,24,-95,19,-71,10,-79,8,-95,21,-90,5,-104,16,-82,8,-90,5,-87,19,-93,5,-82,38,-95,21,-76,13,-79,21,-52,8,-79,16,-71,5,-79,21,-82,19,-73,30,-52,32,-65,32,-62,27,-57,41,-52,32,-38,27,-43,21,-27,21,-38,24,-32,21,-43,35,-27,27,-27,27,-10,30,-13,30,-13,0,0,0,0,0,0,0,0,0,0]"""
1782313073228,2026-06-24T23:57:53.228,warning,bed_exit,yja,bed_exit_failed,t030,"CSI_DATA,334529,1a:00:00:00:00:00,-66,11,-99,16,50,11,-1287900827,47,2,256,0,""[0,0,0,0,0,0,0,0,0,0,0,0,-30,13,-32,10,-38,13,-35,10,-38,8,-35,2,-38,10,-46,8,-43,10,-49,2,-43,-5,-49,-8,-46,-8,-52,-10,-60,-5,-60,-5,-57,0,-60,-2,-52,-8,-52,-13,-60,-13,-65,-8,-71,-8,-54,-13,-60,-19,-57,-19,-71,-21,-68,-8,-73,-13,-71,-10,-68,-5,-54,-13,-62,0,-65,0,-73,2,-84,10,-79,0,-71,-5,-79,-8,-90,-2,-87,8,-84,8,-87,8,-79,19,-71,16,-79,30,-82,27,-87,41,-106,35,-101,32,-87,10,-112,21,-104,41,-95,41,-112,24,-106,30,-101,43,0,0,0,0,0,0,41,120,43,131,32,98,54,104,46,125,35,109,43,115,43,106,41,104,32,90,49,76,54,95,65,98,54,106,32,82,41,93,43,87,41,98,57,84,60,87,62,73,65,73,38,62,54,54,65,68,71,68,68,68,49,65,49,76,60,65,57,73,71,60,62,68,60,57,57,54,43,49,54,46,54,49,65,49,68,60,49,57,35,52,32,62,38,68,46,57,35,49,30,52,32,43,21,32,21,41,21,38,21,38,16,43,10,32,0,32,0,32,2,27,0,0,0,0,0,0,0,0,0,0]"""
1782313073238,2026-06-24T23:57:53.238,warning,bed_exit,yja,bed_exit_failed,t030,"CSI_DATA,334530,1a:00:00:00:00:00,-66,11,-99,17,50,11,-1287888988,47,2,256,0,""[0,0,0,0,0,0,0,0,0,0,0,0,5,34,2,29,0,39,0,34,-10,39,-5,34,0,31,-2,45,-2,45,0,53,-7,42,-5,45,-2,53,-7,55,-10,47,-18,63,-15,50,-23,58,-5,47,-5,61,2,71,-7,58,-2,66,-10,61,-2,63,-2,69,-13,66,-5,61,-10,77,-7,58,-13,71,5,58,5,69,13,71,23,69,13,74,18,74,2,74,31,74,26,87,26,74,15,85,18,74,31,82,29,55,50,71,50,71,66,61,71,87,71,74,58,79,66,85,63,82,77,82,66,93,79,66,82,87,0,0,0,0,0,0,93,-79,98,-95,61,-69,77,-77,87,-106,82,-66,87,-93,61,-77,87,-93,47,-77,53,-79,42,-90,45,-101,42,-114,50,-82,34,-90,31,-101,37,-98,31,-87,39,-98,26,-79,31,-90,10,-77,5,-90,-2,-93,2,-95,-5,-98,10,-90,-10,-90,-10,-87,0,-93,-5,-82,-2,-98,2,-82,5,-85,-7,-61,-18,-77,-15,-74,-23,-74,-13,-82,-13,-77,0,-63,-10,-69,-5,-74,-2,-63,5,-61,7,-53,2,-61,0,-37,0,-47,2,-45,-5,-45,0,-42,-2,-47,7,-34,7,-29,10,-26,0,0,0,0,0,0,0,0,0,0]"""
1782313073253,2026-06-24T23:57:53.253,warning,bed_exit,yja,bed_exit_failed,t030,"CSI_DATA,334531,1a:00:00:00:00:00,-66,11,-99,17,50,11,-1287872499,47,2,256,0,""[0,0,0,0,0,0,0,0,0,0,0,0,-26,18,-31,15,-31,13,-34,10,-39,7,-31,7,-37,7,-45,5,-47,7,-47,2,-45,-10,-47,-10,-50,-5,-53,-7,-55,-13,-55,-13,-55,-18,-55,-21,-50,-13,-58,-5,-50,-7,-69,-13,-58,-26,-53,-31,-55,-29,-58,-31,-55,-39,-61,-34,-61,-26,-55,-23,-61,-39,-55,-21,-61,-23,-61,-21,-63,-23,-74,-29,-71,-26,-63,-39,-71,-31,-69,-31,-66,-31,-77,-26,-74,-29,-77,-29,-82,-29,-82,-26,-85,-26,-95,-21,-101,-18,-101,-29,-90,-29,-103,-42,-109,-39,-106,-39,-101,-42,-106,-26,-111,-37,0,0,0,0,0,0,-50,109,-58,114,-53,93,-55,109,-61,101,-61,95,-53,101,-47,103,-63,95,-53,85,-47,85,-55,90,-47,106,-50,93,-63,82,-55,85,-53,85,-55,87,-47,85,-39,93,-39,79,-47,85,-34,74,-29,82,-34,74,-34,95,-45,87,-42,71,-45,79,-45,77,-45,77,-45,77,-37,82,-37,71,-45,74,-34,63,-34,66,-39,71,-39,69,-42,71,-50,55,-53,47,-45,55,-47,42,-47,39,-47,42,-50,31,-53,29,-39,26,-39,21,-39,26,-42,18,-39,21,-42,10,-31,2,-26,5,-31,-5,0,0,0,0,0,0,0,0,0,0]"""
1782313073264,2026-06-24T23:57:53.264,warning,bed_exit,yja,bed_exit_failed,t030,"CSI_DATA,334532,1a:00:00:00:00:00,-66,11,-99,17,50,11,-1287866005,47,2,256,0,""[0,0,0,0,0,0,0,0,0,0,0,0,34,-2,26,-5,42,-2,29,0,42,2,37,7,37,0,47,0,42,2,53,2,47,5,42,13,45,13,47,15,39,13,71,13,45,10,71,18,45,13,61,21,74,18,50,18,79,18,58,21,53,23,63,21,63,15,53,10,79,15,53,10,74,5,53,7,69,2,71,7,71,0,71,-10,87,2,74,2,74,-5,85,-10,66,-13,93,-15,71,-13,85,-26,61,-15,98,-42,87,-29,85,-47,87,-42,95,-37,90,-26,98,-34,82,-45,122,-53,101,-42,82,-31,103,-66,0,0,0,0,0,0,-50,-85,-74,-122,-34,-71,-74,-90,-85,-119,-50,-74,-74,-114,-53,-66,-77,-95,-55,-69,-71,-71,-79,-85,-74,-71,-85,-87,-63,-74,-61,-74,-71,-74,-74,-69,-53,-42,-95,-66,-69,-39,-93,-55,-61,-39,-79,-42,-79,-47,-79,-31,-95,-45,-74,-47,-71,-42,-85,-39,-79,-34,-63,-15,-98,-39,-66,-26,-87,-26,-55,-23,-85,-15,-74,-31,-74,-21,-74,-23,-71,-37,-61,-34,-63,-39,-58,-39,-50,-26,-63,-31,-39,-26,-55,-26,-29,-15,-45,-21,-42,-23,-39,-26,-31,-23,-37,-31,-15,-26,-18,-21,-18,-21,0,0,0,0,0,0,0,0,0,0]"""
1782313073276,2026-06-24T23:57:53.276,warning,bed_exit,yja,bed_exit_failed,t030,"CSI_DATA,334533,1a:00:00:00:00:00,-66,11,-99,17,50,11,-1287851516,47,2,256,0,""[0,0,0,0,0,0,0,0,0,0,0,0,-34,0,-26,-5,-34,-7,-31,-10,-34,-10,-29,-7,-29,-5,-42,-10,-37,-7,-53,-13,-39,-18,-42,-18,-47,-21,-47,-31,-42,-21,-42,-42,-31,-34,-37,-42,-39,-29,-47,-21,-55,-26,-53,-42,-50,-42,-37,-42,-45,-39,-45,-42,-42,-53,-37,-45,-42,-61,-42,-45,-39,-53,-37,-37,-47,-39,-50,-42,-61,-37,-61,-42,-58,-45,-42,-53,-66,-47,-69,-55,-66,-39,-55,-63,-53,-58,-69,-55,-45,-31,-74,-37,-71,-42,-87,-26,-101,-53,-93,-45,-74,-58,-90,-63,-79,-55,-93,-55,-82,-69,-95,-42,-87,-63,0,0,0,0,0,0,-71,93,-85,109,-50,74,-74,82,-85,103,-77,66,-87,90,-66,82,-93,87,-53,66,-50,74,-53,93,-61,90,-53,103,-61,69,-50,82,-47,85,-61,85,-50,77,-58,87,-50,66,-66,77,-34,61,-29,74,-37,87,-39,90,-39,93,-45,66,-39,87,-37,79,-47,79,-45,69,-61,79,-42,66,-55,63,-31,55,-34,69,-42,69,-31,71,-45,69,-45,66,-50,39,-47,53,-55,55,-45,45,-58,34,-45,23,-50,29,-31,23,-37,26,-34,23,-29,29,-39,18,-39,21,-37,2,-31,5,-31,5,0,0,0,0,0,0,0,0,0,0]"""
1782313073287,2026-06-24T23:57:53.287,warning,bed_exit,yja,bed_exit_failed,t030,"CSI_DATA,334534,1a:00:00:00:00:00,-65,11,-99,18,50,11,-1287846362,47,2,256,0,""[0,0,0,0,0,0,0,0,0,0,0,0,-10,-20,-20,-36,-12,-25,-15,-36,-12,-25,-18,-41,-15,-33,-12,-38,-20,-43,-7,-36,-2,-46,-18,-46,-10,-46,-10,-49,0,-64,-10,-38,-7,-62,-5,-51,-5,-67,-5,-54,2,-46,-10,-64,-5,-51,5,-62,-7,-62,-10,-59,-5,-67,-2,-77,-7,-46,-7,-74,0,-56,-10,-80,-7,-64,-23,-64,-15,-64,-25,-74,-25,-51,-20,-64,-28,-62,-31,-69,-28,-87,-36,-51,-46,-80,-25,-72,-56,-80,-41,-64,-64,-69,-59,-77,-62,-72,-56,-67,-69,-80,-74,-72,-80,-87,-62,-62,-69,-80,-87,-85,-69,-87,0,0,0,0,0,0,-103,82,-80,64,-105,87,-90,74,-62,67,-103,74,-62,59,-93,93,-77,62,-82,93,-64,82,-62,72,-62,95,-51,62,-67,72,-54,85,-56,82,-51,77,-69,90,-31,67,-43,95,-41,67,-46,98,-43,85,-38,80,-33,90,-31,72,-33,82,-33,82,-23,80,-31,80,-38,98,-12,67,-25,87,-36,72,-33,98,-23,72,-18,82,-25,72,-20,69,-15,59,-25,67,-20,67,-28,59,-38,62,-18,43,-28,59,-31,36,-38,54,-25,33,-25,46,-28,31,-23,36,-25,25,-28,25,-23,28,-31,20,0,0,0,0,0,0,0,0,0,0]"""
1782313073298,2026-06-24T23:57:53.298,warning,bed_exit,yja,bed_exit_failed,t030,"CSI_DATA,334535,1a:00:00:00:00:00,-66,11,-99,16,50,11,-1287835124,47,2,256,0,""[0,0,0,0,0,0,0,0,0,0,0,0,8,-30,8,-32,5,-24,10,-32,5,-38,16,-35,21,-38,10,-30,16,-41,24,-35,24,-35,30,-38,30,-43,24,-43,35,-49,21,-35,30,-49,21,-46,35,-49,35,-62,30,-49,27,-60,32,-35,32,-52,41,-57,32,-49,30,-49,38,-60,16,-57,16,-65,27,-57,30,-71,30,-65,19,-62,27,-62,19,-65,16,-54,10,-68,8,-73,8,-71,10,-82,-13,-68,-13,-79,-5,-90,-10,-101,2,-79,-16,-84,0,-93,-21,-90,-19,-101,-32,-101,-32,-93,-32,-101,-27,-98,-41,-101,-43,-120,-35,-109,0,0,0,0,0,0,-117,57,-98,41,-117,57,-109,49,-84,41,-109,46,-87,54,-98,62,-87,52,-101,52,-93,60,-82,41,-82,65,-84,52,-79,54,-82,65,-73,65,-71,62,-79,71,-46,62,-46,76,-62,76,-57,82,-52,73,-54,73,-46,82,-46,60,-38,73,-49,73,-38,65,-43,65,-49,79,-16,73,-21,84,-35,82,-38,95,-35,73,-32,79,-41,71,-30,62,-38,60,-27,71,-24,65,-24,54,-38,54,-16,57,-21,62,-30,46,-35,54,-24,30,-30,43,-32,27,-24,38,-30,27,-32,27,-24,24,-21,21,0,0,0,0,0,0,0,0,0,0]"""
1782313073309,2026-06-24T23:57:53.309,warning,bed_exit,yja,bed_exit_failed,t030,"CSI_DATA,334536,1a:00:00:00:00:00,-66,11,-99,17,50,11,-1287818322,47,2,256,0,""[0,0,0,0,0,0,0,0,0,0,0,0,26,-21,23,-18,31,-18,31,-18,34,-15,29,-15,26,-23,39,-29,34,-31,39,-18,37,-7,45,-15,39,-13,55,-5,53,-15,55,-21,47,-18,55,-18,47,-7,50,-10,63,-18,53,-26,58,-26,55,-5,61,-13,53,-15,63,-21,61,-29,63,-26,58,-23,63,-34,50,-23,45,-42,42,-45,50,-47,53,-58,61,-50,55,-34,66,-47,66,-47,61,-63,53,-58,55,-66,47,-58,39,-61,26,-79,29,-74,26,-93,37,-95,37,-87,50,-63,58,-93,42,-93,31,-98,58,-95,34,-106,29,-98,0,0,0,0,0,0,-117,-34,-119,-37,-87,-29,-119,-21,-125,-26,-98,-29,-109,-29,-106,-23,-109,-26,-95,-18,-93,-5,-106,2,-111,7,-106,0,-90,-15,-106,-10,-87,-7,-106,-13,-103,7,-95,10,-90,15,-98,18,-71,13,-77,29,-85,29,-87,42,-90,31,-82,10,-95,18,-77,29,-90,26,-82,39,-82,34,-82,29,-74,34,-61,23,-63,42,-63,39,-66,47,-71,47,-74,31,-63,13,-71,18,-69,18,-69,21,-61,18,-55,15,-55,15,-42,10,-37,21,-39,13,-42,21,-50,13,-39,5,-31,-2,-34,0,-37,-2,0,0,0,0,0,0,0,0,0,0]"""
1782313073321,2026-06-24T23:57:53.321,warning,bed_exit,yja,bed_exit_failed,t030,"CSI_DATA,334537,1a:00:00:00:00:00,-66,11,-99,13,50,11,-1287811924,47,2,256,0,""[0,0,0,0,0,0,0,0,0,0,0,0,-26,-104,62,26,17,-29,17,-62,-2,-92,11,-32,86,-11,65,-86,50,8,32,-14,110,-5,44,-2,50,-11,59,-50,56,8,47,0,29,14,50,5,59,8,44,-2,41,2,59,5,56,-5,68,8,65,-2,62,-8,65,-8,56,-8,68,8,65,2,59,-11,59,2,71,-17,65,-11,56,-20,68,-8,65,-29,68,-26,65,-23,65,-32,65,-32,77,-29,80,-32,68,-38,65,-38,71,-56,74,-56,68,-56,71,-50,71,-59,80,-62,71,-65,77,-68,86,-71,80,-68,77,-65,80,-74,0,0,0,0,0,0,-80,-83,-80,-83,-80,-74,-83,-74,-86,-74,-86,-71,-80,-86,-80,-77,-80,-65,-83,-65,-89,-62,-92,-56,-77,-59,-92,-53,-92,-41,-86,-32,-92,-41,-95,-35,-86,-29,-89,-50,-86,-38,-86,-23,-77,-26,-92,-23,-98,-23,-77,-26,-89,-11,-89,-5,-86,-5,-95,2,-86,-5,-80,5,-92,-26,-92,-20,-74,-5,-74,-17,-86,-2,-77,-17,-80,-2,-74,-11,-71,-8,-74,-11,-71,-14,-68,-11,-68,-11,-56,-23,-56,-23,-50,-11,-44,-14,-56,-17,-38,-11,-44,-11,-32,-17,-38,-17,-32,-14,-26,-14,-26,-23,0,0,0,0,0,0,0,0,0,0]"""
1782313073331,2026-06-24T23:57:53.331,warning,bed_exit,yja,bed_exit_failed,t030,"CSI_DATA,334538,1a:00:00:00:00:00,-66,11,-99,17,50,11,-1287802362,47,2,256,0,""[0,0,0,0,0,0,0,0,0,0,0,0,10,26,5,29,5,31,7,31,0,34,7,31,5,37,5,37,10,45,7,47,-7,45,0,47,2,45,-7,50,-7,45,-5,53,-7,50,-23,58,0,45,-2,61,0,69,0,55,0,66,-15,55,-5,55,-10,55,-18,63,-10,61,-7,66,-5,53,-18,66,2,50,2,63,13,66,18,63,10,71,13,71,-2,74,15,74,13,79,10,69,10,87,13,74,13,77,21,63,34,77,42,77,53,79,47,87,50,82,31,85,39,95,39,98,55,95,37,103,61,77,55,85,0,0,0,0,0,0,103,-50,122,-50,87,-39,106,-45,111,-63,98,-34,106,-55,87,-50,103,-47,77,-50,74,-61,79,-66,79,-79,74,-79,82,-50,79,-69,66,-61,77,-66,66,-61,77,-71,61,-61,74,-58,45,-58,42,-69,45,-71,45,-93,47,-85,58,-61,55,-71,50,-82,55,-79,45,-69,50,-71,45,-63,58,-66,37,-58,34,-71,31,-71,26,-71,39,-74,39,-66,53,-47,39,-55,50,-50,45,-47,47,-47,45,-34,39,-42,29,-31,34,-34,31,-34,31,-37,31,-29,31,-26,29,-15,29,-13,29,-7,0,0,0,0,0,0,0,0,0,0]"""
1782313073341,2026-06-24T23:57:53.341,warning,bed_exit,yja,bed_exit_failed,t030,"CSI_DATA,334539,1a:00:00:00:00:00,-66,11,-99,17,50,11,-1287789260,47,2,256,0,""[0,0,0,0,0,0,0,0,0,0,0,0,-13,29,-13,29,-15,29,-18,29,-21,31,-21,26,-23,26,-21,21,-29,34,-31,26,-37,29,-34,26,-31,29,-42,26,-42,29,-34,34,-37,34,-42,31,-42,34,-53,21,-61,15,-45,39,-53,26,-58,34,-50,34,-47,29,-53,31,-58,34,-50,34,-50,42,-50,34,-50,37,-47,42,-50,42,-58,42,-50,47,-50,45,-47,47,-53,53,-55,55,-55,50,-39,63,-42,61,-47,63,-42,66,-42,61,-45,77,-55,66,-45,85,-50,90,-45,87,-42,93,-45,87,-45,90,-42,101,-50,103,-50,106,0,0,0,0,0,0,114,61,106,66,101,50,103,50,106,45,93,47,109,45,103,39,98,47,93,39,95,39,93,50,109,29,95,45,93,39,90,34,93,26,90,29,95,42,90,5,87,7,87,18,87,15,87,15,85,21,103,10,85,13,90,13,90,13,82,7,85,7,87,10,87,-5,79,0,82,5,79,2,79,10,79,7,82,15,74,10,74,13,69,7,69,13,69,13,63,21,61,13,55,10,53,18,47,18,42,21,42,23,37,29,39,23,31,21,29,21,23,23,21,26,0,0,0,0,0,0,0,0,0,0]"""
1782313073352,2026-06-24T23:57:53.352,warning,bed_exit,yja,bed_exit_failed,t030,"CSI_DATA,334540,1a:00:00:00:00:00,-66,11,-99,20,50,11,-1287780301,47,2,256,0,""[0,0,0,0,0,0,0,0,0,0,0,0,14,17,26,29,12,19,24,29,17,12,26,34,26,36,17,29,24,34,4,31,24,41,19,41,19,48,17,39,21,48,24,31,31,48,29,39,31,63,21,51,7,48,29,46,19,48,21,51,31,56,36,51,31,61,41,61,34,39,53,31,29,26,46,68,53,31,39,29,56,53,36,26,34,2,63,19,51,19,43,70,61,46,63,7,112,7,61,29,107,41,109,56,102,29,80,9,95,46,73,36,107,24,100,29,95,-4,102,-2,102,-14,143,19,97,-2,0,0,0,0,0,0,-12,-122,-17,-78,-26,-143,-19,-112,-17,-70,-26,-129,-21,-82,-39,-124,-21,-75,-36,-134,-43,-109,-29,-92,-39,-87,-21,-73,-46,-97,-43,-90,-43,-87,-34,-75,-58,-95,-53,-48,-82,-73,-51,-58,-78,-85,-68,-65,-63,-56,-65,-61,-43,-48,-75,-56,-63,-56,-68,-51,-61,-46,-82,-61,-58,-21,-80,-36,-61,-31,-100,-61,-65,-43,-73,-31,-65,-46,-63,-34,-53,-34,-70,-34,-58,-34,-51,-29,-56,-34,-48,-14,-65,-29,-36,-26,-56,-43,-39,-26,-39,-31,-29,-29,-36,-24,-19,-29,-29,-29,-29,-24,-21,-29,0,0,0,0,0,0,0,0,0,0]"""
1782313073362,2026-06-24T23:57:53.362,warning,bed_exit,yja,bed_exit_failed,t030,"CSI_DATA,334541,1a:00:00:00:00:00,-66,11,-99,16,50,11,-1287768044,47,2,256,0,""[0,0,0,0,0,0,0,0,0,0,0,0,-27,5,-21,13,-32,13,-32,13,-38,10,-32,2,-30,8,-43,8,-35,5,-46,10,-41,2,-41,0,-43,0,-49,-2,-38,2,-60,0,-49,5,-62,2,-49,0,-46,-10,-71,0,-46,-2,-68,2,-57,5,-52,-2,-60,-2,-62,5,-57,8,-71,0,-54,0,-68,13,-49,2,-60,13,-65,13,-68,19,-68,16,-73,21,-68,19,-73,19,-68,30,-52,32,-84,32,-71,32,-62,49,-54,30,-71,62,-71,43,-62,65,-71,60,-79,60,-71,43,-82,54,-76,65,-93,79,-82,71,-71,57,-71,82,0,0,0,0,0,0,82,73,98,87,68,57,93,65,98,82,79,60,95,79,79,57,93,71,73,57,79,52,101,60,79,57,98,57,82,49,79,57,84,49,84,49,76,27,98,46,82,30,93,27,68,21,76,16,93,21,82,13,101,24,82,21,79,30,87,19,90,13,79,5,98,24,76,16,79,10,60,13,79,0,73,16,79,2,82,13,73,16,65,21,62,24,68,21,57,10,62,21,49,21,60,8,35,19,52,13,41,21,43,13,38,16,35,19,30,19,27,21,21,24,0,0,0,0,0,0,0,0,0,0]"""
1782313073374,2026-06-24T23:57:53.374,warning,bed_exit,yja,bed_exit_failed,t030,"CSI_DATA,334542,1a:00:00:00:00:00,-66,11,-99,18,50,11,-1287758362,47,2,256,0,""[0,0,0,0,0,0,0,0,0,0,0,0,-15,-23,-12,-18,-15,-36,-15,-23,-10,-36,-5,-31,-15,-33,-20,-36,-10,-31,-20,-49,-7,-41,-10,-41,-12,-49,-2,-49,-7,-38,-5,-56,-2,-41,0,-54,-5,-49,-7,-51,-5,-56,0,-54,-5,-59,-2,-59,-2,-62,-7,-54,-2,-54,-5,-43,0,-77,2,-54,-2,-62,-5,-54,-18,-72,-18,-69,-20,-62,-10,-62,-20,-72,-15,-62,-31,-67,-38,-72,-31,-62,-25,-82,-20,-62,-36,-69,-33,-51,-56,-77,-38,-69,-56,-59,-59,-80,-64,-74,-54,-85,-49,-77,-49,-72,-72,-82,-56,-90,-64,-72,-72,-85,0,0,0,0,0,0,-74,72,-100,85,-64,62,-82,67,-90,87,-74,59,-98,87,-64,62,-93,80,-67,69,-69,69,-64,85,-64,69,-62,93,-62,80,-51,69,-56,90,-54,80,-38,67,-67,85,-46,59,-56,82,-33,72,-46,77,-38,93,-43,74,-33,90,-38,87,-31,85,-23,90,-28,82,-15,67,-41,90,-33,69,-28,77,-25,62,-20,90,-36,77,-18,77,-31,67,-31,67,-28,64,-36,67,-33,64,-28,51,-41,54,-31,38,-31,49,-23,33,-33,49,-28,33,-23,43,-31,31,-33,28,-25,23,-25,18,-25,18,0,0,0,0,0,0,0,0,0,0]"""
1782313073385,2026-06-24T23:57:53.385,warning,bed_exit,yja,bed_exit_failed,t030,"CSI_DATA,334543,1a:00:00:00:00:00,-66,11,-99,18,50,11,-1287746153,47,2,256,0,""[0,0,0,0,0,0,0,0,0,0,0,0,-10,23,-15,28,-12,20,-20,25,-18,23,-25,31,-23,25,-25,23,-28,28,-28,10,-41,20,-43,20,-49,12,-43,5,-54,10,-38,12,-51,18,-46,10,-67,10,-67,-7,-62,-5,-56,-5,-43,-5,-56,-7,-56,-10,-56,-12,-51,-20,-67,-15,-46,-10,-62,-10,-62,-12,-77,-18,-59,-25,-64,-12,-62,-25,-56,-7,-56,-12,-69,-10,-64,-20,-56,-20,-69,-33,-64,-7,-85,-10,-69,-36,-105,-38,-69,-20,-85,-18,-74,-43,-82,-31,-80,-38,-100,-46,-82,-36,-98,-46,-85,-46,-90,-49,-98,-59,-95,-62,0,0,0,0,0,0,-80,95,-64,67,-90,95,-72,82,-62,56,-80,87,-67,64,-90,74,-69,62,-95,80,-95,64,-74,54,-77,64,-82,36,-90,54,-80,51,-82,43,-80,41,-95,49,-54,43,-77,54,-64,51,-93,51,-82,43,-72,38,-80,41,-69,23,-80,33,-82,31,-77,31,-77,18,-87,28,-62,25,-82,31,-74,25,-100,23,-82,5,-77,10,-82,2,-67,2,-64,-2,-72,0,-64,-10,-54,-12,-62,-20,-51,-5,-59,-12,-54,-23,-62,-36,-36,-25,-43,-20,-28,-31,-28,-28,-25,-33,-23,-31,-12,-25,-12,-28,0,0,0,0,0,0,0,0,0,0]"""
1782313073396,2026-06-24T23:57:53.396,warning,bed_exit,yja,bed_exit_failed,t030,"CSI_DATA,334544,1a:00:00:00:00:00,-66,11,-99,18,50,11,-1287735139,47,2,256,0,""[0,0,0,0,0,0,0,0,0,0,0,0,23,2,33,0,25,0,38,0,28,-2,41,5,41,12,36,12,28,12,36,2,46,7,41,10,49,7,41,10,43,15,36,20,51,23,43,20,54,28,51,23,38,15,49,23,38,28,56,18,54,23,56,28,54,23,54,25,46,25,56,25,46,20,67,28,64,25,59,20,54,23,49,31,56,7,74,15,64,7,64,5,77,5,59,10,85,10,74,-2,103,12,85,15,90,10,90,18,80,5,85,-10,100,-18,95,-12,105,-5,103,-2,95,-18,113,-12,113,-5,0,0,0,0,0,0,-15,-111,-18,-95,-15,-129,-2,-98,-7,-82,-5,-116,-15,-100,-15,-126,-18,-87,-7,-134,-2,-118,-10,-95,-2,-100,-15,-80,-31,-103,-38,-90,-36,-85,-25,-80,-25,-87,-18,-72,-31,-90,-33,-74,-41,-95,-31,-98,-33,-80,-25,-72,-28,-67,-54,-74,-49,-69,-46,-74,-36,-64,-41,-77,-33,-67,-43,-74,-33,-62,-43,-93,-31,-85,-31,-67,-25,-74,-12,-64,-28,-56,-33,-67,-31,-62,-23,-46,-18,-56,-12,-49,-18,-59,-12,-49,-7,-64,2,-51,-2,-46,7,-43,5,-36,2,-41,5,-38,0,-33,10,-31,0,0,0,0,0,0,0,0,0,0]"""
1782313073407,2026-06-24T23:57:53.407,warning,bed_exit,yja,bed_exit_failed,t030,"CSI_DATA,334545,1a:00:00:00:00:00,-66,11,-99,21,50,11,-1287725362,47,2,256,0,""[0,0,0,0,0,0,0,0,0,0,0,0,-21,-11,-18,-16,-26,-21,-23,-21,-26,-26,-23,-26,-18,-28,-26,-37,-18,-35,-30,-35,-23,-30,-28,-33,-28,-42,-28,-37,-18,-30,-23,-52,-16,-45,-18,-47,-18,-45,-23,-59,-35,-68,-11,-47,-26,-52,-23,-45,-28,-47,-21,-47,-16,-52,-16,-45,-28,-71,-16,-52,-16,-59,-23,-54,-33,-64,-30,-56,-33,-54,-16,-56,-33,-61,-37,-59,-47,-59,-54,-59,-42,-49,-42,-73,-33,-66,-52,-64,-40,-52,-61,-64,-42,-71,-66,-52,-61,-73,-68,-61,-71,-61,-71,-64,-59,-59,-82,-75,-68,-78,-73,-68,-87,-75,0,0,0,0,0,0,-73,80,-80,92,-68,78,-85,71,-82,85,-73,66,-87,87,-68,75,-82,87,-61,71,-68,68,-64,90,-66,68,-56,94,-52,78,-45,73,-45,87,-49,80,-37,68,-59,85,-49,73,-49,78,-40,73,-49,78,-47,90,-49,71,-37,87,-28,78,-30,82,-26,82,-30,80,-23,64,-49,85,-40,68,-40,68,-33,66,-35,80,-40,66,-30,68,-40,59,-37,68,-40,56,-37,59,-40,59,-30,49,-49,40,-42,35,-37,42,-28,28,-47,37,-35,26,-30,30,-33,18,-30,30,-35,18,-28,14,-23,11,0,0,0,0,0,0,0,0,0,0]"""
1782313073420,2026-06-24T23:57:53.420,warning,bed_exit,yja,bed_exit_failed,t030,"CSI_DATA,334546,1a:00:00:00:00:00,-66,11,-99,19,50,11,-1287705406,47,2,256,0,""[0,0,0,0,0,0,0,0,0,0,0,0,-25,15,-27,10,-27,7,-32,7,-32,0,-35,2,-35,2,-40,2,-40,5,-37,-2,-37,-12,-40,-15,-40,-20,-35,-22,-42,-22,-45,-25,-47,-20,-42,-35,-47,-25,-37,-35,-42,-45,-45,-25,-47,-40,-35,-47,-37,-42,-40,-42,-37,-47,-37,-47,-40,-50,-32,-47,-30,-57,-35,-40,-35,-45,-40,-47,-37,-47,-47,-52,-40,-55,-27,-60,-40,-57,-37,-65,-27,-62,-47,-62,-40,-62,-37,-65,-42,-62,-52,-67,-52,-70,-52,-72,-55,-72,-45,-77,-37,-80,-45,-90,-45,-92,-52,-87,-32,-97,-40,-92,-37,-95,0,0,0,0,0,0,-113,25,-120,12,-100,7,-113,7,-118,15,-108,0,-110,-5,-102,0,-108,-10,-95,7,-100,2,-97,2,-105,12,-100,0,-97,-20,-95,-5,-95,-7,-95,-15,-92,-20,-97,-7,-82,-5,-95,-25,-80,-2,-85,0,-80,-12,-90,-5,-87,-10,-82,-25,-77,-25,-85,-15,-80,-30,-82,-27,-85,-30,-65,-27,-75,-42,-72,-20,-70,-30,-62,-27,-70,-32,-65,-35,-65,-42,-45,-47,-57,-47,-40,-50,-32,-50,-37,-47,-30,-45,-20,-50,-22,-42,-22,-45,-15,-45,-17,-42,-12,-40,-5,-37,5,-30,2,-30,5,-30,0,0,0,0,0,0,0,0,0,0]"""
1782313073431,2026-06-24T23:57:53.431,warning,bed_exit,yja,bed_exit_failed,t030,"CSI_DATA,334547,1a:00:00:00:00:00,-66,11,-99,19,50,11,-1287703362,47,2,256,0,""[0,0,0,0,0,0,0,0,0,0,0,0,15,22,20,32,12,17,20,32,12,20,20,30,15,30,10,30,27,42,10,30,10,40,17,40,15,42,17,37,12,55,12,37,12,52,7,45,17,57,22,50,20,42,30,55,15,40,7,50,15,57,27,55,20,57,25,67,20,42,22,67,15,47,32,62,25,50,35,45,42,50,47,52,37,47,42,50,47,45,47,50,47,65,47,35,65,55,50,50,82,57,62,47,80,37,77,45,75,35,72,30,85,42,95,37,113,45,85,30,87,42,108,37,90,42,0,0,0,0,0,0,45,-120,35,-87,45,-118,42,-97,22,-85,47,-120,27,-75,32,-120,35,-77,27,-113,17,-100,17,-90,2,-110,10,-82,15,-97,-2,-92,-7,-92,5,-90,2,-118,-10,-70,-12,-105,10,-80,-20,-95,-15,-87,-15,-82,-30,-87,-22,-62,-17,-82,-27,-77,-32,-70,-25,-77,-27,-97,-25,-55,-27,-85,-17,-65,-40,-82,-27,-75,-37,-72,-20,-70,-27,-72,-25,-55,-17,-70,-30,-60,-20,-57,-10,-70,-17,-45,-15,-60,0,-50,-12,-65,-7,-42,-15,-45,-2,-40,-10,-42,0,-25,0,-37,0,-40,0,-32,0,0,0,0,0,0,0,0,0,0]"""
1782313073443,2026-06-24T23:57:53.443,warning,bed_exit,yja,bed_exit_failed,t030,"CSI_DATA,334548,1a:00:00:00:00:00,-66,11,-99,20,50,11,-1287688998,47,2,256,0,""[0,0,0,0,0,0,0,0,0,0,0,0,-4,-26,0,-29,-4,-24,-2,-26,-4,-34,2,-36,9,-39,7,-31,7,-39,12,-31,17,-34,24,-41,19,-34,21,-36,24,-46,19,-43,21,-43,24,-48,19,-46,34,-41,39,-34,24,-53,41,-39,36,-43,41,-43,36,-41,43,-39,46,-51,26,-46,26,-48,39,-48,34,-56,34,-51,31,-51,31,-53,36,-51,34,-56,29,-61,31,-58,31,-51,41,-58,17,-65,21,-80,34,-73,46,-85,34,-63,26,-90,41,-70,24,-85,34,-82,24,-95,39,-90,34,-92,36,-92,21,-97,39,-97,29,-97,0,0,0,0,0,0,-112,-41,-97,-39,-109,-41,-104,-41,-90,-39,-104,-46,-90,-26,-104,-43,-92,-34,-102,-48,-95,-43,-75,-43,-100,-39,-80,-43,-78,-43,-85,-43,-85,-41,-78,-39,-95,-43,-75,-14,-90,-14,-90,-24,-90,-26,-87,-24,-75,-26,-92,-19,-75,-29,-75,-26,-85,-31,-73,-26,-73,-34,-82,-43,-70,-9,-80,-12,-78,-29,-82,-26,-61,-36,-70,-24,-68,-36,-68,-34,-56,-31,-61,-31,-51,-29,-43,-34,-48,-39,-46,-24,-48,-29,-39,-34,-43,-41,-29,-34,-31,-36,-19,-31,-26,-29,-19,-29,-21,-34,-17,-31,-12,-31,0,0,0,0,0,0,0,0,0,0]"""
1782313073454,2026-06-24T23:57:53.454,warning,bed_exit,yja,bed_exit_failed,t030,"CSI_DATA,334549,1a:00:00:00:00:00,-66,11,-99,18,50,11,-1287678935,47,2,256,0,""[0,0,0,0,0,0,0,0,0,0,0,0,-10,-20,-7,-28,-5,-23,-2,-38,-2,-28,-7,-33,-2,-36,2,-33,-10,-43,2,-36,7,-36,5,-38,5,-46,7,-43,15,-56,5,-33,15,-43,15,-41,18,-59,20,-59,10,-62,20,-59,20,-41,28,-43,28,-51,28,-49,33,-46,25,-56,18,-49,31,-51,33,-62,5,-69,12,-56,18,-33,23,-67,-5,-62,-2,-62,31,-64,41,-87,0,-69,46,-95,5,-28,18,-80,28,-43,36,-62,33,-77,38,-69,-10,-93,-10,-85,-18,-77,7,-93,10,-118,23,-111,20,-85,2,-129,15,-129,20,-103,0,0,0,0,0,0,-113,-25,-98,-31,-113,-36,-98,-33,-87,-23,-116,-38,-87,-25,-113,-31,-87,-33,-111,-20,-98,-23,-87,-25,-98,-10,-87,-18,-90,-23,-90,-18,-95,-18,-85,-18,-105,-23,-72,-5,-93,-10,-74,-23,-95,-5,-90,-2,-80,-10,-93,0,-72,-7,-82,-15,-85,-10,-77,0,-80,-12,-87,-23,-69,-2,-85,-12,-69,-20,-90,-10,-74,-12,-74,-10,-74,-10,-72,-12,-62,-15,-62,-25,-69,-12,-59,-20,-59,-31,-43,-18,-56,-25,-36,-31,-46,-28,-36,-25,-38,-23,-23,-25,-33,-23,-20,-25,-23,-28,-15,-23,-18,-25,0,0,0,0,0,0,0,0,0,0]"""
1782313073465,2026-06-24T23:57:53.465,warning,bed_exit,yja,bed_exit_failed,t030,"CSI_DATA,334550,1a:00:00:00:00:00,-66,11,-99,21,50,11,-1287668693,47,2,256,0,""[0,0,0,0,0,0,0,0,0,0,0,0,26,11,28,16,21,16,28,16,18,14,30,23,28,23,21,28,35,26,21,26,30,30,35,30,30,35,37,30,37,47,33,26,47,40,33,37,40,40,33,35,21,42,47,30,30,40,40,37,45,37,47,35,42,35,49,45,42,21,61,33,42,30,61,30,47,28,54,21,54,21,66,21,54,21,64,18,61,9,61,7,73,18,59,-7,82,-4,66,4,99,-4,68,4,85,-11,90,0,82,-16,80,-18,85,-28,94,-35,106,-28,92,-30,90,-37,106,-49,99,-33,0,0,0,0,0,0,-45,-111,-40,-90,-56,-109,-35,-104,-37,-75,-59,-113,-42,-66,-71,-97,-40,-75,-61,-94,-59,-82,-45,-87,-71,-75,-52,-71,-59,-75,-75,-68,-71,-59,-66,-56,-80,-75,-66,-30,-90,-49,-71,-49,-90,-45,-71,-40,-68,-45,-82,-33,-66,-30,-75,-28,-80,-26,-73,-23,-78,-26,-90,-37,-68,-9,-80,-11,-71,-21,-90,-18,-68,-30,-75,-7,-66,-21,-68,-18,-59,-14,-66,-14,-61,-7,-52,-9,-61,-18,-47,-4,-66,-14,-45,-21,-56,-21,-37,-16,-42,-14,-35,-21,-37,-11,-28,-11,-30,-18,-30,-18,-26,-14,0,0,0,0,0,0,0,0,0,0]"""
1782313073477,2026-06-24T23:57:53.477,warning,bed_exit,yja,bed_exit_failed,t030,"CSI_DATA,334551,1a:00:00:00:00:00,-66,11,-99,14,51,11,-1287659362,47,2,256,0,""[0,0,0,0,0,0,0,0,0,0,0,0,-118,10,12,-80,-7,15,54,15,43,-41,-5,-28,-2,-46,-36,-118,2,-23,-18,-41,-74,-5,-2,-31,2,-36,5,-95,5,-38,-2,-56,15,-41,15,-67,2,-51,5,-49,0,-74,12,-49,10,-56,10,-49,18,-46,15,-54,25,-54,5,-59,18,-59,5,-51,-5,-62,0,-49,-2,-49,-12,-62,0,-54,25,-54,-7,-62,28,-67,41,-38,38,-74,-7,-56,33,-74,2,-69,-18,-62,-23,-46,-18,-77,15,-116,-28,-87,-31,-95,23,-124,31,-69,5,-85,31,-95,20,-113,33,-105,5,-95,-7,-85,0,0,0,0,0,0,-118,-10,-124,-18,-72,-20,-113,-23,-126,-33,-90,-31,-118,-31,-82,-18,-103,-23,-80,-25,-82,-18,-95,-23,-100,-20,-105,-25,-82,-33,-87,-43,-90,-28,-90,-33,-87,-23,-103,-23,-80,-15,-90,-18,-69,-10,-77,-10,-90,-15,-87,-10,-90,-25,-77,-28,-80,-25,-85,-20,-87,-25,-74,-15,-90,-25,-72,-20,-77,-20,-56,-23,-72,-15,-64,-28,-72,-20,-74,-25,-64,-38,-49,-36,-51,-49,-51,-38,-49,-38,-46,-36,-33,-33,-41,-31,-28,-33,-33,-33,-20,-33,-25,-33,-20,-31,-15,-38,-10,-28,-7,-36,0,-31,0,0,0,0,0,0,0,0,0,0]"""
1782313073488,2026-06-24T23:57:53.488,warning,bed_exit,yja,bed_exit_failed,t030,"CSI_DATA,334552,1a:00:00:00:00:00,-66,11,-99,17,51,11,-1287640750,47,2,256,0,""[0,0,0,0,0,0,0,0,0,0,0,0,-18,-7,-30,-9,-21,-14,-30,-14,-21,-16,-21,-26,-26,-26,-14,-28,-18,-23,-11,-28,-23,-35,-18,-35,-14,-40,-16,-37,-21,-42,-9,-37,-16,-49,-7,-42,-9,-64,-4,-49,4,-42,-7,-52,9,-42,2,-61,2,-56,9,-52,7,-49,4,-59,4,-47,2,-59,0,-54,4,-75,9,-68,11,-59,11,-64,14,-49,11,-56,4,-64,7,-68,11,-59,14,-71,2,-56,9,-75,4,-75,21,-94,16,-75,9,-75,28,-75,16,-78,21,-87,18,-106,16,-85,16,-97,33,-90,23,-111,40,-109,35,-97,0,0,0,0,0,0,-109,-45,-85,-30,-113,-52,-92,-47,-66,-42,-101,-56,-78,-45,-94,-59,-75,-47,-99,-73,-82,-75,-66,-61,-64,-61,-56,-59,-73,-59,-64,-59,-68,-66,-66,-56,-71,-64,-49,-49,-71,-54,-64,-52,-68,-68,-66,-71,-61,-59,-59,-59,-42,-52,-59,-64,-52,-59,-54,-59,-45,-59,-49,-66,-47,-52,-56,-64,-45,-59,-45,-82,-40,-68,-33,-66,-23,-73,-14,-56,-21,-56,-26,-68,-14,-61,-11,-52,-9,-61,-9,-47,-4,-59,0,-49,7,-61,11,-42,9,-40,18,-33,14,-33,14,-30,23,-33,16,-26,16,-23,0,0,0,0,0,0,0,0,0,0]"""
1782313073498,2026-06-24T23:57:53.498,warning,bed_exit,yja,bed_exit_failed,t030,"CSI_DATA,334553,1a:00:00:00:00:00,-66,11,-99,17,51,11,-1287637362,47,2,256,0,""[0,0,0,0,0,0,0,0,0,0,0,0,21,-9,26,-7,30,2,33,4,30,-2,37,7,35,14,37,7,28,14,35,16,42,11,37,14,37,21,35,23,35,21,33,26,40,33,40,26,37,40,26,54,35,49,21,45,37,37,37,45,33,42,33,40,30,42,30,45,26,49,26,56,26,52,28,61,16,61,21,64,18,61,18,52,28,56,37,61,30,59,30,54,28,59,30,64,35,68,33,66,33,82,33,85,37,75,28,78,18,78,30,75,40,87,40,73,35,87,33,94,40,92,21,99,23,106,0,0,0,0,0,0,106,-7,101,-2,116,-16,104,-4,97,-4,109,-4,106,4,106,9,97,0,113,7,106,14,97,7,87,11,92,11,97,-2,92,-2,92,4,92,2,82,9,90,9,94,7,87,4,92,18,92,28,85,14,68,26,78,16,90,7,80,9,82,9,73,14,71,18,78,30,73,28,66,23,71,42,64,47,64,42,54,42,49,42,54,40,59,37,49,45,45,35,40,42,35,42,35,42,28,45,16,49,16,49,14,42,11,42,0,35,9,35,4,37,2,33,-2,23,0,0,0,0,0,0,0,0,0,0]"""
1782313073509,2026-06-24T23:57:53.509,warning,bed_exit,yja,bed_exit_failed,t030,"CSI_DATA,334554,1a:00:00:00:00:00,-66,11,-99,20,50,11,-1287625538,47,2,256,0,""[0,0,0,0,0,0,0,0,0,0,0,0,29,4,24,12,24,4,26,12,31,9,34,14,31,19,31,24,36,26,24,21,34,24,34,24,31,26,39,24,39,36,36,21,41,26,41,29,31,26,31,39,19,51,51,31,43,43,46,34,39,36,43,36,48,39,46,39,53,21,53,26,53,29,48,26,46,34,48,31,51,36,63,29,56,29,58,14,61,19,65,9,65,12,73,-2,78,-2,78,0,80,4,70,9,82,0,90,19,85,-12,87,-2,82,-21,95,-19,100,-14,92,-24,95,-36,100,-21,95,-19,0,0,0,0,0,0,-34,-114,-31,-109,-34,-107,-31,-104,-21,-104,-39,-107,-43,-87,-48,-90,-46,-95,-36,-92,-31,-92,-26,-102,-48,-97,-29,-92,-43,-78,-46,-80,-51,-73,-53,-78,-51,-82,-61,-58,-73,-58,-56,-63,-56,-65,-58,-58,-43,-58,-70,-61,-61,-63,-63,-51,-58,-51,-65,-56,-63,-46,-63,-61,-68,-29,-70,-26,-70,-46,-65,-46,-48,-46,-58,-48,-53,-58,-53,-43,-48,-48,-46,-36,-48,-43,-51,-39,-41,-43,-53,-29,-46,-26,-34,-36,-29,-36,-24,-34,-24,-36,-19,-36,-24,-29,-12,-31,-21,-29,-21,-29,-12,-26,0,0,0,0,0,0,0,0,0,0]"""
1782313073519,2026-06-24T23:57:53.519,warning,bed_exit,yja,bed_exit_failed,t030,"CSI_DATA,334555,1a:00:00:00:00:00,-66,11,-99,16,51,11,-1287613843,47,2,256,0,""[0,0,0,0,0,0,0,0,0,0,0,0,26,14,24,14,21,17,21,19,24,21,14,24,19,24,21,29,26,29,17,36,14,36,7,46,14,41,9,46,12,46,0,51,12,53,2,48,-4,43,12,34,2,41,0,53,-9,61,-12,43,-14,51,-12,56,-17,65,-12,63,-19,58,-14,51,-12,63,-14,39,-4,51,-14,56,-9,63,-19,73,-24,65,-29,56,-29,65,-26,73,-19,68,-24,78,-19,65,-9,70,-21,58,-17,75,-19,75,-12,87,-26,87,-29,87,-31,65,-51,92,-43,95,-36,92,-51,90,-43,82,-43,82,0,0,0,0,0,0,95,61,102,73,68,51,90,56,97,82,78,75,80,75,68,65,70,75,51,65,65,56,73,70,78,75,70,78,43,70,56,80,51,73,51,80,56,75,65,75,53,65,61,68,36,56,48,51,53,61,58,70,51,82,36,61,36,80,39,75,39,78,39,73,34,85,31,63,34,75,14,56,31,61,21,61,24,70,21,80,2,73,2,63,-7,65,-7,68,-7,61,-7,63,-14,53,-12,48,-14,34,-12,41,-17,39,-14,39,-24,34,-24,31,-21,17,-26,19,-26,17,0,0,0,0,0,0,0,0,0,0]"""
1782313073530,2026-06-24T23:57:53.530,warning,bed_exit,yja,bed_exit_failed,t030,"CSI_DATA,334556,1a:00:00:00:00:00,-66,11,-99,20,50,11,-1287602061,47,2,256,0,""[0,0,0,0,0,0,0,0,0,0,0,0,-17,17,-17,17,-26,19,-19,14,-34,19,-19,14,-26,19,-29,19,-26,21,-39,14,-36,9,-36,14,-39,17,-48,7,-41,7,-53,2,-43,-2,-46,-7,-41,-2,-51,9,-53,9,-56,-4,-58,-4,-48,-9,-53,-2,-56,-4,-58,-9,-48,-7,-63,-14,-53,-9,-53,-17,-43,-9,-61,2,-63,0,-63,2,-70,0,-68,0,-56,-17,-73,0,-75,-4,-68,-4,-80,-17,-65,-17,-80,-14,-51,4,-75,4,-85,4,-75,19,-97,2,-95,12,-87,-7,-92,-9,-92,-4,-102,2,-97,-17,-97,-2,-109,-7,0,0,0,0,0,0,-21,107,-29,129,-14,87,-34,102,-24,122,-36,80,-41,117,-26,92,-43,104,-17,80,-26,87,-12,97,-19,97,-17,109,-31,85,-14,87,-19,97,-29,97,-19,78,-31,95,-24,78,-34,90,-12,70,-12,80,-4,87,-14,87,-4,95,-26,78,-14,80,-12,78,-21,82,-19,70,-34,92,-34,68,-36,75,-19,61,-21,73,-21,75,-19,70,-29,70,-34,63,-41,46,-29,61,-43,53,-39,43,-51,39,-41,26,-39,29,-26,19,-34,31,-31,24,-29,29,-34,21,-39,21,-34,4,-31,9,-31,0,0,0,0,0,0,0,0,0,0,0]"""
1782313073540,2026-06-24T23:57:53.540,warning,bed_exit,yja,bed_exit_failed,t030,"CSI_DATA,334557,1a:00:00:00:00:00,-66,11,-99,19,50,11,-1287590383,47,2,256,0,""[0,0,0,0,0,0,0,0,0,0,0,0,-15,17,-22,17,-20,12,-30,20,-20,20,-32,20,-40,17,-30,10,-35,12,-30,7,-42,12,-45,10,-37,10,-40,10,-45,10,-40,7,-50,10,-47,10,-57,5,-50,5,-37,-2,-52,2,-47,-7,-55,0,-60,5,-60,0,-52,0,-62,2,-45,5,-57,12,-57,10,-70,2,-60,0,-60,7,-62,2,-57,2,-57,10,-70,22,-60,17,-50,15,-62,12,-57,32,-67,32,-70,30,-100,37,-77,12,-72,35,-90,17,-65,32,-80,32,-90,45,-75,47,-85,42,-92,40,-80,55,-97,45,-82,37,0,0,0,0,0,0,47,97,40,87,57,118,45,100,30,75,57,113,40,77,52,105,55,70,50,108,45,102,30,85,45,85,35,77,52,92,40,80,45,80,37,70,47,82,42,62,52,72,52,67,62,82,50,82,45,65,45,67,37,65,57,67,50,67,50,62,40,62,50,70,47,42,57,57,55,62,65,80,37,70,37,60,30,67,27,57,30,57,40,60,22,57,22,45,17,55,25,42,27,55,12,47,15,65,7,45,5,42,-2,42,-2,37,0,30,-2,42,-2,35,-7,25,0,0,0,0,0,0,0,0,0,0]"""
1782313073582,2026-06-24T23:57:53.582,warning,bed_exit,yja,bed_exit_failed,t030,"CSI_DATA,334558,1a:00:00:00:00:00,-66,11,-99,17,51,11,-1287581803,47,2,256,0,""[0,0,0,0,0,0,0,0,0,0,0,0,-7,-18,-7,-28,-9,-28,-4,-33,-4,-30,-4,-28,-4,-30,-2,-33,0,-37,9,-37,7,-40,9,-37,9,-40,18,-47,18,-47,11,-45,14,-45,23,-45,28,-47,21,-40,26,-35,28,-54,28,-42,33,-37,37,-45,28,-42,30,-45,40,-42,35,-52,33,-52,35,-42,33,-47,35,-47,33,-52,30,-52,28,-54,37,-47,35,-52,35,-54,42,-56,45,-64,23,-61,26,-61,40,-68,30,-68,30,-64,33,-68,40,-75,45,-82,49,-80,45,-80,42,-85,45,-87,40,-90,56,-87,52,-97,56,-92,0,0,0,0,0,0,-97,-68,-92,-78,-78,-66,-80,-61,-80,-71,-80,-66,-80,-66,-73,-68,-73,-71,-71,-56,-68,-61,-66,-66,-80,-61,-68,-64,-61,-68,-68,-66,-64,-66,-66,-64,-64,-71,-66,-52,-68,-49,-66,-56,-64,-52,-66,-49,-59,-61,-73,-49,-61,-54,-59,-64,-61,-66,-56,-49,-61,-52,-59,-59,-61,-56,-59,-52,-52,-56,-54,-54,-49,-54,-47,-59,-49,-59,-42,-54,-30,-56,-26,-54,-30,-54,-23,-59,-14,-54,-28,-52,-16,-49,-9,-49,-9,-45,-9,-40,-4,-42,-4,-37,0,-40,4,-35,7,-33,7,-26,11,-30,0,0,0,0,0,0,0,0,0,0]"""
1782313073586,2026-06-24T23:57:53.586,warning,bed_exit,yja,bed_exit_failed,t030,"CSI_DATA,334559,1a:00:00:00:00:00,-66,11,-99,20,50,11,-1287571168,47,2,256,0,""[0,0,0,0,0,0,0,0,0,0,0,0,17,-19,14,-17,24,-26,19,-21,29,-19,21,-14,19,-17,29,-31,31,-19,31,-34,29,-21,31,-24,34,-24,39,-17,39,-19,46,-26,36,-21,46,-24,41,-21,36,-17,46,-31,41,-26,53,-34,43,-21,41,-29,51,-31,53,-34,39,-19,63,-39,41,-26,39,-31,24,-36,24,-46,41,-68,26,-61,19,-65,70,-56,31,-36,61,-75,51,-85,21,-36,58,-61,21,-68,17,-70,46,-63,9,-80,34,-36,-2,-68,41,-85,-21,-107,31,-68,17,-75,36,-75,24,-95,36,-80,9,-107,14,-109,0,0,0,0,0,0,-114,7,-126,4,-78,9,-102,2,-131,4,-97,-2,-124,2,-100,9,-109,-2,-70,2,-80,17,-97,34,-102,29,-97,46,-75,19,-92,26,-82,34,-95,34,-80,43,-95,29,-78,26,-82,36,-53,31,-63,48,-65,58,-73,53,-70,70,-58,41,-68,61,-63,56,-78,56,-53,63,-80,46,-65,41,-56,46,-43,36,-43,51,-51,53,-34,58,-56,56,-56,53,-41,29,-48,39,-56,41,-53,46,-53,31,-43,21,-41,31,-26,19,-34,24,-34,21,-29,29,-36,17,-36,26,-21,4,-29,4,-29,2,0,0,0,0,0,0,0,0,0,0]"""
1782313073596,2026-06-24T23:57:53.596,warning,bed_exit,yja,bed_exit_failed,t030,"CSI_DATA,334560,1a:00:00:00:00:00,-66,11,-99,17,51,11,-1287558067,47,2,256,0,""[0,0,0,0,0,0,0,0,0,0,0,0,16,-16,21,-11,18,-14,28,-14,26,-14,30,-16,33,-9,30,-11,37,-7,35,-16,40,-14,33,-21,42,-14,37,-16,42,-9,40,-11,45,-11,40,-14,52,-14,64,-7,59,-14,49,2,45,-16,54,-16,52,-18,52,-18,47,-16,52,-18,59,-11,59,-16,52,-16,61,-26,64,-18,56,-21,59,-23,52,-18,45,-30,47,-40,54,-45,52,-45,52,-42,52,-47,49,-47,49,-49,59,-59,59,-59,54,-56,52,-61,59,-61,54,-68,54,-90,42,-75,45,-80,52,-85,52,-94,54,-92,64,-92,0,0,0,0,0,0,-90,-56,-90,-42,-104,-45,-97,-56,-97,-35,-101,-47,-90,-45,-101,-47,-92,-35,-101,-37,-97,-37,-90,-28,-85,-33,-85,-21,-99,-9,-87,0,-94,-2,-87,-2,-80,-7,-85,-9,-90,-2,-75,0,-97,2,-92,-9,-85,2,-82,-4,-82,14,-92,21,-78,21,-80,18,-73,16,-73,18,-73,4,-75,16,-75,16,-80,14,-85,7,-75,9,-73,7,-61,0,-64,11,-66,16,-66,16,-56,14,-56,4,-59,2,-52,4,-52,2,-49,0,-49,-9,-45,-4,-37,-4,-33,-7,-35,-9,-33,-7,-30,-7,-26,-9,0,0,0,0,0,0,0,0,0,0]"""
1782313073599,2026-06-24T23:57:53.599,warning,bed_exit,yja,bed_exit_failed,t030,"CSI_DATA,334561,1a:00:00:00:00:00,-66,11,-99,15,51,11,-1287548488,47,2,256,0,""[0,0,0,0,0,0,0,0,0,0,0,0,-2,-17,0,-27,-5,-25,0,-30,-2,-30,7,-40,12,-32,2,-27,15,-37,10,-25,20,-37,20,-40,20,-30,22,-32,32,-42,25,-30,27,-40,22,-37,37,-47,47,-40,37,-35,40,-37,37,-22,42,-32,42,-32,45,-30,47,-25,57,-37,30,-30,47,-42,45,-37,57,-45,52,-30,45,-37,52,-40,50,-30,50,-37,50,-45,45,-40,42,-32,55,-40,45,-50,62,-62,60,-32,87,-80,77,-40,67,-77,67,-52,45,-47,65,-47,75,-67,70,-67,82,-67,77,-52,75,-62,95,-70,80,-55,0,0,0,0,0,0,-55,-95,-45,-75,-67,-115,-40,-92,-32,-75,-45,-108,-40,-77,-45,-108,-37,-72,-40,-113,-42,-100,-25,-87,-37,-92,-20,-80,-22,-95,-30,-92,-35,-82,-25,-77,-25,-100,-27,-65,-42,-82,-35,-77,-32,-100,-30,-77,-25,-80,-32,-75,-15,-70,-30,-77,-27,-77,-20,-72,-15,-67,-12,-90,-32,-55,-22,-82,-12,-77,-17,-102,-2,-72,-10,-75,0,-77,-2,-60,0,-70,0,-75,5,-60,5,-52,17,-60,7,-45,7,-60,15,-40,25,-55,20,-35,22,-40,32,-27,15,-35,30,-25,25,-30,22,-17,25,-15,0,0,0,0,0,0,0,0,0,0]"""
1782313073602,2026-06-24T23:57:53.602,warning,bed_exit,yja,bed_exit_failed,t030,"CSI_DATA,334562,1a:00:00:00:00:00,-66,11,-99,19,50,11,-1287538363,47,2,256,0,""[0,0,0,0,0,0,0,0,0,0,0,0,-17,25,-10,17,-22,30,-22,17,-22,25,-20,17,-25,20,-30,15,-30,17,-40,22,-37,12,-40,10,-45,10,-47,10,-35,5,-55,10,-35,7,-57,2,-40,0,-55,5,-72,5,-55,2,-67,7,-55,-10,-42,-12,-45,-12,-55,-7,-50,-7,-82,-15,-40,-7,-80,-10,-37,0,-47,-5,-87,-17,-57,-20,-57,-22,-92,-15,-47,-5,-50,-42,-67,-2,-87,-20,-65,-32,-45,-17,-113,7,-60,40,-80,10,-35,-5,-105,20,-97,10,-82,-5,-87,-25,-97,12,-87,7,-115,-2,-87,-40,-67,-27,-118,-27,0,0,0,0,0,0,-30,92,-37,130,-27,80,-25,100,-45,120,-32,75,-45,125,-22,77,-52,113,-27,72,-30,97,-42,92,-37,85,-50,105,-42,77,-47,67,-45,87,-45,77,-30,60,-37,102,-15,70,-35,95,-30,52,-32,77,-42,90,-25,77,-45,90,-45,75,-52,72,-42,75,-42,72,-25,52,-50,87,-37,55,-42,75,-40,47,-40,65,-52,60,-42,57,-42,57,-60,52,-52,40,-55,37,-52,42,-45,27,-60,37,-40,20,-52,27,-32,10,-42,22,-45,10,-37,12,-37,10,-42,2,-35,-5,-32,-2,-30,-5,0,0,0,0,0,0,0,0,0,0]"""
1782313073607,2026-06-24T23:57:53.607,warning,bed_exit,yja,bed_exit_failed,t030,"CSI_DATA,334563,1a:00:00:00:00:00,-66,11,-99,17,51,11,-1287527363,47,2,256,0,""[0,0,0,0,0,0,0,0,0,0,0,0,9,-21,9,-28,11,-26,16,-26,14,-26,21,-26,21,-30,21,-23,18,-23,26,-23,26,-35,33,-33,33,-26,26,-33,26,-35,33,-35,30,-42,26,-37,40,-35,33,-40,23,-35,37,-30,37,-33,40,-42,40,-37,37,-40,40,-40,33,-47,33,-40,35,-47,26,-42,42,-56,35,-54,35,-49,30,-54,26,-47,26,-54,21,-68,28,-54,18,-54,18,-64,11,-68,9,-78,16,-71,16,-92,4,-82,0,-85,4,-90,2,-73,0,-85,0,-94,-7,-85,-9,-99,-2,-104,-4,-94,-11,-109,-7,-106,0,0,0,0,0,0,-109,16,-90,23,-116,26,-106,30,-90,26,-104,37,-97,26,-109,30,-85,35,-111,30,-97,37,-92,40,-82,33,-85,26,-85,49,-78,42,-82,40,-71,40,-78,49,-66,52,-75,61,-59,56,-80,64,-68,61,-61,64,-64,52,-54,56,-56,59,-52,64,-56,61,-49,54,-49,66,-49,59,-47,59,-40,66,-54,71,-52,61,-47,56,-52,59,-45,52,-45,47,-37,61,-45,42,-37,42,-37,47,-33,40,-35,40,-33,33,-49,37,-33,35,-33,28,-30,21,-30,16,-35,14,-30,18,-28,14,-26,7,0,0,0,0,0,0,0,0,0,0]"""
1782313073618,2026-06-24T23:57:53.618,warning,bed_exit,yja,bed_exit_failed,t030,"CSI_DATA,334564,1a:00:00:00:00:00,-66,11,-99,16,51,11,-1287516363,47,2,256,0,""[0,0,0,0,0,0,0,0,0,0,0,0,29,12,31,7,24,4,26,9,24,4,29,9,34,12,31,17,39,12,31,21,36,21,43,24,36,17,34,19,36,19,41,17,46,19,41,24,48,26,43,14,29,24,51,19,46,31,48,21,51,24,48,19,48,21,53,29,51,12,58,7,58,12,56,9,56,9,58,12,58,7,65,4,65,2,65,-9,63,-4,61,-7,68,-4,63,-21,65,-26,73,-29,87,-26,82,-24,78,-34,82,-24,73,-43,80,-46,70,-48,82,-53,78,-48,85,-58,75,-75,78,-63,82,-65,0,0,0,0,0,0,-85,-82,-80,-70,-82,-78,-75,-75,-78,-68,-82,-73,-82,-61,-85,-61,-78,-58,-82,-61,-82,-61,-70,-65,-90,-51,-80,-56,-82,-41,-82,-46,-75,-29,-82,-34,-82,-34,-82,-14,-85,-9,-90,-17,-85,-12,-85,-12,-78,-19,-87,-4,-85,-12,-73,4,-80,-2,-78,0,-78,0,-85,-2,-78,17,-73,26,-80,4,-80,12,-70,2,-75,14,-80,-2,-70,7,-65,4,-63,12,-61,9,-58,12,-56,2,-56,14,-53,9,-51,4,-56,-4,-39,-2,-43,0,-41,-7,-36,-4,-36,-4,-34,-7,-34,-4,-29,-4,0,0,0,0,0,0,0,0,0,0]"""
1782313073628,2026-06-24T23:57:53.628,warning,bed_exit,yja,bed_exit_failed,t030,"CSI_DATA,334565,1a:00:00:00:00:00,-66,11,-99,19,50,11,-1287503814,47,2,256,0,""[0,0,0,0,0,0,0,0,0,0,0,0,-5,-27,2,-17,5,-32,5,-32,7,-37,10,-22,-2,-22,0,-42,7,-32,0,-45,7,-32,10,-37,5,-40,20,-37,12,-40,22,-50,20,-37,30,-47,15,-40,17,-37,25,-52,15,-52,17,-52,20,-45,20,-55,17,-47,30,-52,15,-55,27,-65,20,-55,17,-55,12,-47,5,-60,2,-60,-7,-65,2,-65,-5,-70,7,-57,2,-70,-7,-85,-15,-72,2,-80,0,-70,-20,-72,-12,-47,-32,-72,-25,-77,-47,-70,-37,-92,-47,-85,-22,-77,-30,-90,-35,-82,-45,-85,-35,-97,-45,-92,-57,-85,0,0,0,0,0,0,-102,50,-110,67,-70,45,-87,55,-110,72,-82,40,-102,57,-80,57,-95,62,-65,52,-57,55,-62,82,-75,75,-67,90,-60,55,-57,67,-57,75,-70,80,-52,75,-70,75,-45,62,-52,77,-32,57,-32,67,-32,90,-35,85,-30,85,-37,72,-35,82,-22,80,-30,82,-20,75,-45,85,-40,72,-27,67,-20,55,-12,80,-22,72,-10,70,-22,72,-22,70,-27,50,-32,60,-40,67,-30,60,-37,50,-32,37,-25,50,-15,32,-20,40,-17,35,-12,42,-25,35,-20,35,-20,22,-22,20,-20,15,0,0,0,0,0,0,0,0,0,0]"""
1782313073639,2026-06-24T23:57:53.639,warning,bed_exit,yja,bed_exit_failed,t030,"CSI_DATA,334566,1a:00:00:00:00:00,-66,11,-99,15,51,11,-1287493292,47,2,256,0,""[0,0,0,0,0,0,0,0,0,0,0,0,27,0,25,5,35,7,25,2,25,10,27,10,35,5,30,10,40,15,35,15,27,27,37,20,32,17,32,30,32,35,42,27,30,30,30,45,32,32,30,27,25,35,47,35,40,45,25,45,35,45,32,45,32,50,32,50,35,47,37,40,37,55,37,35,40,40,47,40,47,37,50,40,45,45,40,57,50,47,45,50,40,47,62,47,50,47,52,52,60,45,67,47,72,45,70,50,75,42,75,55,70,55,77,60,72,62,87,70,70,70,80,57,82,65,0,0,0,0,0,0,80,-72,90,-72,65,-67,80,-72,80,-77,80,-60,77,-70,72,-72,90,-62,70,-67,67,-70,75,-62,65,-82,72,-67,80,-55,75,-62,62,-62,75,-57,72,-57,67,-72,60,-60,70,-55,50,-57,45,-67,50,-62,47,-75,60,-67,62,-55,62,-57,57,-62,60,-55,60,-55,52,-57,60,-47,65,-55,50,-50,50,-50,50,-55,57,-47,57,-47,55,-42,65,-22,57,-32,60,-25,57,-25,55,-27,50,-20,52,-10,45,-12,45,-7,42,-12,37,-5,42,-2,40,-2,32,7,27,7,30,7,0,0,0,0,0,0,0,0,0,0]"""
1782313073649,2026-06-24T23:57:53.649,warning,bed_exit,yja,bed_exit_failed,t030,"CSI_DATA,334567,1a:00:00:00:00:00,-66,11,-99,18,50,11,-1287483156,47,2,256,0,""[0,0,0,0,0,0,0,0,0,0,0,0,-23,2,-20,5,-33,-2,-28,-2,-36,-2,-33,-5,-33,-5,-36,-2,-28,-5,-43,-5,-41,-5,-36,-10,-41,-10,-41,-12,-36,-10,-51,-15,-41,-5,-49,-10,-54,-15,-49,-20,-54,-23,-46,-10,-54,-12,-56,-15,-56,-15,-54,-10,-49,-7,-43,-2,-59,-12,-51,-7,-59,-2,-56,-7,-72,0,-64,0,-64,5,-54,5,-62,10,-67,10,-69,10,-67,10,-59,12,-72,20,-64,20,-72,33,-67,31,-80,46,-64,38,-67,43,-67,43,-77,49,-85,51,-67,49,-56,54,-90,62,-85,51,-74,59,-82,67,0,0,0,0,0,0,67,69,80,74,74,72,87,69,80,67,72,59,85,82,72,62,90,62,82,59,85,64,82,51,72,49,90,56,87,46,77,41,85,43,82,36,69,25,90,33,77,25,90,18,85,23,95,20,90,12,77,18,90,5,90,12,85,5,85,5,72,7,67,-5,85,5,74,5,80,0,80,12,87,0,72,2,74,2,64,0,74,5,69,2,69,10,59,5,51,2,62,7,49,7,54,2,46,7,54,10,41,10,38,10,38,18,33,10,36,15,25,12,23,7,0,0,0,0,0,0,0,0,0,0]"""
1782313073660,2026-06-24T23:57:53.660,warning,bed_exit,yja,bed_exit_failed,t030,"CSI_DATA,334568,1a:00:00:00:00:00,-66,11,-99,17,51,11,-1287472363,47,2,256,0,""[0,0,0,0,0,0,0,0,0,0,0,0,-26,4,-28,2,-21,-4,-35,-2,-26,0,-37,-4,-40,-11,-37,-11,-33,-16,-33,-4,-42,-9,-42,-11,-40,-9,-33,-14,-37,-21,-35,-23,-45,-26,-40,-23,-52,-33,-35,-33,-26,-33,-42,-30,-45,-28,-56,-26,-47,-28,-54,-30,-45,-33,-45,-45,-40,-45,-54,-49,-40,-18,-49,-61,-59,-37,-33,-42,-35,-40,-16,-45,-73,-33,-56,-33,-87,-40,-68,-35,-30,-11,-49,-7,-71,-26,-87,-33,-73,-14,-61,-47,-97,-59,-64,-56,-80,-68,-78,14,-78,-33,-87,-2,-90,-23,-66,-33,-116,-21,-111,-33,-75,-33,0,0,0,0,0,0,-37,106,-33,82,-37,118,-52,92,-33,87,-40,106,-40,92,-47,111,-26,82,-56,111,-52,99,-42,90,-40,80,-26,80,-28,101,-21,92,-14,92,-14,87,-21,87,-26,78,-28,97,-16,78,-23,97,-30,90,-18,82,-28,68,-11,68,-2,92,-2,85,-4,85,-7,73,-16,82,-16,68,-14,82,-16,75,-28,92,-33,75,-26,68,-30,73,-33,56,-21,56,-18,73,-16,56,-18,54,-30,52,-28,42,-35,49,-26,42,-42,45,-42,30,-33,33,-37,26,-21,18,-33,26,-28,21,-26,16,-28,14,0,0,0,0,0,0,0,0,0,0]"""
1782313073671,2026-06-24T23:57:53.671,warning,bed_exit,yja,bed_exit_failed,t030,"CSI_DATA,334569,1a:00:00:00:00:00,-66,11,-99,19,50,11,-1287461314,47,2,256,0,""[0,0,0,0,0,0,0,0,0,0,0,0,12,15,12,25,15,22,10,30,7,20,5,40,0,37,0,35,-7,32,2,30,-2,45,-7,40,-5,42,-12,45,-12,47,-20,32,-30,52,-15,40,-25,50,-35,55,-25,55,-27,32,-32,32,-25,55,-30,45,-30,45,-32,37,-35,42,-30,37,-42,50,-35,35,-52,57,-52,45,-45,45,-45,45,-45,35,-40,37,-40,55,-42,52,-35,47,-47,50,-37,42,-52,57,-47,52,-75,67,-57,55,-60,57,-65,50,-57,52,-52,65,-67,80,-60,62,-72,62,-72,62,-75,67,-87,75,-80,60,0,0,0,0,0,0,70,92,47,62,65,118,37,95,30,77,50,105,42,82,50,108,42,80,40,123,30,102,35,87,20,87,27,77,35,95,35,85,40,87,27,80,30,92,17,72,22,95,27,70,27,108,20,95,27,75,10,75,15,70,32,80,30,80,20,82,12,77,7,87,2,70,12,92,2,72,-2,100,-7,87,-7,77,-17,72,-17,62,-12,57,-15,72,-17,65,-12,52,-25,60,-25,45,-27,50,-20,42,-40,55,-40,35,-32,30,-35,25,-30,22,-30,20,-32,17,-22,15,-25,12,0,0,0,0,0,0,0,0,0,0]"""
1782313073681,2026-06-24T23:57:53.681,warning,bed_exit,yja,bed_exit_failed,t030,"CSI_DATA,334570,1a:00:00:00:00:00,-66,11,-99,21,50,11,-1287450363,47,2,256,0,""[0,0,0,0,0,0,0,0,0,0,0,0,-28,4,-21,7,-35,7,-26,0,-30,4,-28,0,-28,2,-37,7,-33,2,-40,-2,-42,-4,-35,-9,-40,-9,-40,-7,-42,-4,-52,-7,-40,-7,-45,-7,-42,-9,-56,-9,-64,-9,-47,-18,-54,-14,-49,-16,-47,-21,-47,-14,-54,-11,-45,-2,-59,-14,-49,-11,-59,0,-49,-7,-64,-2,-61,-4,-59,-2,-61,2,-68,0,-64,4,-68,2,-73,9,-61,18,-73,16,-68,14,-78,30,-66,14,-75,28,-78,21,-73,33,-90,26,-87,28,-90,33,-87,30,-78,42,-99,45,-92,52,-87,40,-92,47,0,0,0,0,0,0,45,92,59,101,37,85,71,85,71,101,56,75,68,106,49,75,68,92,54,80,66,73,68,82,54,71,66,90,56,66,47,71,64,78,71,68,56,45,71,68,59,42,78,49,64,42,78,52,78,54,66,49,80,47,71,47,66,47,71,47,73,40,56,26,82,49,64,40,78,30,56,35,78,37,59,45,66,37,61,37,61,49,52,40,47,49,49,45,45,30,49,42,37,30,45,40,28,30,35,35,28,37,28,30,21,33,21,37,18,30,14,28,7,26,0,0,0,0,0,0,0,0,0,0]"""
1782313073693,2026-06-24T23:57:53.693,warning,bed_exit,yja,bed_exit_failed,t030,"CSI_DATA,334571,1a:00:00:00:00:00,-66,11,-99,19,50,11,-1287439363,47,2,256,0,""[0,0,0,0,0,0,0,0,0,0,0,0,-25,-7,-25,-12,-25,-15,-30,-12,-30,-22,-25,-15,-22,-17,-25,-30,-27,-22,-32,-30,-22,-32,-27,-35,-25,-30,-22,-40,-22,-37,-32,-42,-30,-40,-20,-47,-20,-45,-17,-40,-7,-42,-32,-55,-20,-57,-10,-50,-15,-52,-15,-52,-15,-55,-20,-60,-22,-57,-15,-55,-17,-57,-17,-47,-20,-50,-25,-52,-25,-60,-32,-55,-30,-57,-22,-62,-22,-60,-27,-67,-25,-65,-40,-62,-37,-65,-30,-65,-40,-65,-42,-65,-52,-67,-52,-77,-52,-72,-47,-72,-40,-75,-55,-90,-47,-87,-57,-77,-42,-95,-52,-90,-52,-90,0,0,0,0,0,0,-97,50,-105,37,-95,37,-102,47,-108,37,-105,40,-97,37,-95,35,-102,32,-90,37,-92,42,-90,37,-92,50,-90,40,-92,22,-87,30,-80,32,-87,27,-92,30,-85,45,-82,45,-90,27,-72,37,-70,40,-72,32,-72,47,-72,37,-82,25,-82,25,-77,30,-80,30,-82,30,-75,35,-80,27,-75,25,-65,30,-67,22,-65,27,-72,22,-75,22,-70,15,-70,5,-65,5,-65,0,-62,-2,-55,5,-55,-2,-52,-10,-47,-7,-45,-7,-45,-7,-42,-7,-37,-12,-32,-12,-25,-17,-27,-20,-20,-25,0,0,0,0,0,0,0,0,0,0]"""
1782313073703,2026-06-24T23:57:53.703,warning,bed_exit,yja,bed_exit_failed,t030,"CSI_DATA,334572,1a:00:00:00:00:00,-66,11,-99,15,51,11,-1287428363,47,2,256,0,""[0,0,0,0,0,0,0,0,0,0,0,0,32,10,25,5,27,7,27,12,25,10,25,15,32,22,25,27,37,17,30,20,35,22,37,27,37,25,35,22,42,27,40,15,50,22,45,25,37,25,45,20,30,27,55,27,37,35,45,25,47,27,47,20,50,30,57,30,62,7,55,7,62,17,57,10,52,12,60,15,62,22,67,7,60,12,62,5,62,-2,65,-7,70,2,67,-20,70,-30,80,-32,80,-17,75,-27,62,-7,67,-15,67,-40,85,-47,67,-62,77,-55,82,-55,82,-55,77,-75,85,-67,87,-62,0,0,0,0,0,0,-70,-82,-72,-77,-75,-75,-80,-75,-77,-75,-85,-70,-85,-57,-87,-52,-82,-57,-77,-60,-82,-60,-70,-67,-90,-50,-77,-57,-80,-50,-80,-42,-82,-40,-87,-27,-87,-42,-90,-7,-90,-5,-90,-17,-90,-15,-87,-7,-77,-20,-90,-2,-80,-12,-80,0,-80,-2,-80,-2,-82,0,-87,-7,-77,22,-75,22,-87,10,-80,15,-72,2,-72,5,-77,-2,-72,7,-70,2,-67,12,-60,7,-55,10,-62,5,-57,17,-55,12,-55,2,-55,0,-40,-5,-47,-7,-40,-7,-37,-5,-35,-15,-32,-5,-30,-7,-25,-15,0,0,0,0,0,0,0,0,0,0]"""
1782313073714,2026-06-24T23:57:53.714,warning,bed_exit,yja,bed_exit_failed,t030,"CSI_DATA,334573,1a:00:00:00:00:00,-66,11,-99,20,50,11,-1287416287,47,2,256,0,""[0,0,0,0,0,0,0,0,0,0,0,0,24,-9,17,-12,36,-2,26,-4,29,-4,29,-2,34,-2,41,-4,34,2,41,-2,41,0,36,7,36,4,43,7,36,4,58,0,43,0,53,4,43,2,48,9,68,4,46,9,65,7,46,7,51,12,53,12,58,7,48,2,70,9,53,4,68,-4,48,0,63,-9,58,0,65,-7,63,-12,73,-4,68,-9,70,-4,75,-21,61,-24,78,-26,65,-17,65,-36,61,-24,70,-43,80,-31,68,-56,80,-46,78,-46,73,-36,85,-41,73,-53,97,-68,85,-53,73,-43,78,-68,0,0,0,0,0,0,-68,-80,-78,-92,-58,-63,-82,-70,-78,-95,-65,-63,-80,-87,-56,-68,-80,-80,-68,-65,-70,-61,-87,-63,-75,-63,-85,-68,-73,-53,-65,-61,-75,-53,-78,-51,-65,-39,-92,-56,-75,-41,-87,-39,-63,-31,-78,-31,-85,-31,-78,-31,-90,-34,-78,-26,-75,-36,-78,-29,-82,-26,-70,-7,-95,-36,-70,-24,-82,-12,-56,-19,-80,-12,-65,-29,-75,-14,-68,-26,-70,-21,-58,-29,-56,-34,-61,-26,-58,-14,-58,-31,-39,-24,-48,-17,-34,-21,-46,-21,-31,-26,-41,-21,-29,-24,-31,-26,-21,-26,-14,-24,-14,-24,0,0,0,0,0,0,0,0,0,0]"""
1782313073725,2026-06-24T23:57:53.725,warning,bed_exit,yja,bed_exit_failed,t030,"CSI_DATA,334574,1a:00:00:00:00:00,-66,11,-99,19,50,11,-1287406039,47,2,256,0,""[0,0,0,0,0,0,0,0,0,0,0,0,22,-5,25,-7,27,-10,30,-5,32,-2,25,-7,27,-7,32,-10,40,-7,40,-5,35,7,40,-2,45,2,50,7,52,5,47,5,42,0,50,10,47,2,52,-7,50,-12,65,-2,52,2,47,12,60,10,52,5,57,7,57,2,62,0,55,2,57,0,50,-2,55,-10,55,-15,57,-22,67,-30,65,-20,62,-5,67,-17,75,-15,72,-22,65,-30,62,-25,72,-35,50,-27,55,-45,62,-52,57,-60,75,-67,75,-65,75,-47,82,-55,67,-60,70,-67,87,-50,80,-75,75,-77,0,0,0,0,0,0,-80,-82,-85,-87,-65,-72,-75,-65,-82,-72,-65,-82,-72,-82,-80,-75,-72,-80,-67,-50,-80,-45,-85,-45,-95,-47,-90,-57,-67,-55,-82,-50,-80,-45,-80,-55,-87,-50,-82,-40,-75,-32,-82,-37,-70,-25,-77,-10,-85,-12,-97,-10,-85,-15,-70,-32,-85,-27,-75,-17,-85,-30,-85,-17,-90,-20,-75,-22,-80,-20,-67,-12,-77,-7,-75,-2,-77,-7,-82,-7,-77,-12,-60,-25,-65,-22,-62,-30,-62,-25,-52,-22,-50,-22,-52,-22,-37,-15,-40,-15,-37,-10,-42,-15,-37,-17,-32,-15,-22,-25,-22,-20,-20,-20,0,0,0,0,0,0,0,0,0,0]"""
1782313073736,2026-06-24T23:57:53.736,warning,bed_exit,yja,bed_exit_failed,t030,"CSI_DATA,334575,1a:00:00:00:00:00,-66,11,-99,15,51,11,-1287395363,47,2,256,0,""[0,0,0,0,0,0,0,0,0,0,0,0,12,15,30,22,17,7,25,22,22,10,35,27,20,35,25,25,27,27,15,25,30,35,27,35,25,35,22,30,30,45,27,30,35,42,27,32,37,52,27,47,15,45,27,37,20,40,37,52,37,45,40,45,30,42,40,50,30,25,47,42,35,32,57,55,45,45,47,37,42,35,47,35,42,30,60,32,57,30,47,25,65,35,55,10,82,15,65,22,115,30,75,27,90,17,80,20,70,10,72,12,105,0,90,-2,113,2,87,5,100,-12,120,-12,97,7,0,0,0,0,0,0,-10,-113,-15,-70,-22,-143,-15,-108,-5,-67,-22,-125,-15,-72,-30,-120,-20,-72,-17,-133,-27,-113,-17,-87,-27,-87,-17,-77,-45,-97,-40,-85,-40,-80,-30,-75,-42,-87,-40,-52,-60,-80,-35,-55,-62,-102,-52,-72,-42,-62,-50,-62,-40,-52,-60,-65,-52,-57,-55,-57,-50,-55,-60,-65,-47,-32,-72,-55,-52,-42,-85,-77,-52,-60,-57,-45,-50,-60,-40,-45,-40,-40,-60,-47,-50,-42,-35,-37,-37,-50,-37,-30,-50,-45,-27,-32,-40,-65,-25,-37,-27,-40,-15,-40,-25,-22,-10,-32,-20,-30,-15,-30,-10,-32,0,0,0,0,0,0,0,0,0,0]"""
1782313073747,2026-06-24T23:57:53.747,warning,bed_exit,yja,bed_exit_failed,t030,"CSI_DATA,334576,1a:00:00:00:00:00,-66,11,-99,20,50,11,-1287383204,47,2,256,0,""[0,0,0,0,0,0,0,0,0,0,0,0,26,4,24,7,24,9,24,9,29,9,34,19,34,19,39,19,26,17,34,19,34,19,29,26,36,24,31,19,34,19,34,34,34,34,36,31,43,34,41,51,46,43,26,34,39,41,46,36,43,31,36,41,34,31,31,36,41,43,41,31,48,41,48,43,56,39,48,43,48,31,43,34,48,39,61,39,63,26,61,24,56,19,68,36,58,29,75,17,75,29,90,34,80,36,75,31,80,21,95,19,102,17,80,14,82,24,107,29,107,7,90,21,112,21,0,0,0,0,0,0,14,-104,21,-107,17,-112,19,-102,19,-104,14,-95,14,-109,14,-100,9,-107,12,-107,19,-109,9,-97,14,-80,4,-104,-4,-100,0,-87,-2,-92,-9,-85,-2,-78,-2,-92,-4,-85,-12,-90,-17,-87,-19,-92,-19,-92,-9,-73,-17,-85,-24,-95,-21,-78,-19,-78,-19,-75,-21,-65,-12,-82,-19,-73,-19,-78,-14,-82,-17,-85,-14,-75,-14,-73,-2,-65,-9,-70,-9,-73,-4,-63,-9,-56,-7,-56,4,-58,2,-53,2,-56,7,-53,9,-43,9,-43,9,-39,12,-36,12,-36,7,-31,12,-26,12,-24,0,0,0,0,0,0,0,0,0,0]"""
1782313073758,2026-06-24T23:57:53.758,warning,bed_exit,yja,bed_exit_failed,t030,"CSI_DATA,334577,1a:00:00:00:00:00,-66,11,-99,20,50,11,-1287369967,47,2,256,0,""[0,0,0,0,0,0,0,0,0,0,0,0,-19,-17,-12,-24,-12,-24,-14,-26,-9,-26,-4,-39,0,-34,2,-36,-2,-39,2,-29,-2,-48,7,-41,4,-39,7,-36,12,-46,9,-39,12,-48,12,-48,19,-56,34,-46,34,-39,24,-43,29,-43,26,-53,29,-43,34,-46,36,-43,39,-46,26,-39,29,-43,34,-51,48,-58,46,-41,39,-41,41,-39,43,-39,36,-48,39,-61,36,-48,31,-46,43,-48,29,-58,41,-65,48,-68,65,-82,61,-48,53,-70,68,-53,43,-51,63,-65,61,-87,48,-70,61,-70,70,-65,63,-78,80,-75,75,-70,0,0,0,0,0,0,-70,-87,-53,-68,-73,-109,-58,-92,-41,-73,-63,-104,-53,-75,-58,-92,-51,-78,-51,-107,-39,-107,-31,-85,-34,-90,-26,-82,-46,-92,-43,-90,-36,-85,-34,-70,-36,-87,-31,-68,-39,-82,-39,-75,-39,-92,-29,-92,-24,-70,-19,-75,-12,-75,-36,-85,-24,-78,-19,-80,-19,-70,-17,-82,-21,-61,-21,-73,-17,-85,-14,-100,7,-80,-2,-73,7,-78,9,-65,9,-63,2,-73,9,-61,9,-51,21,-53,9,-48,12,-48,24,-48,31,-53,34,-34,26,-39,34,-21,21,-21,24,-24,29,-21,31,-17,24,-12,0,0,0,0,0,0,0,0,0,0]"""
1782313073769,2026-06-24T23:57:53.769,warning,bed_exit,yja,bed_exit_failed,t030,"CSI_DATA,334578,1a:00:00:00:00:00,-66,11,-99,20,50,11,-1287361087,47,2,256,0,""[0,0,0,0,0,0,0,0,0,0,0,0,-17,-17,-21,-24,-21,-14,-21,-19,-24,-24,-21,-21,-19,-34,-21,-24,-21,-36,-12,-34,-19,-36,-17,-36,-14,-36,-14,-41,-19,-46,-26,-36,-24,-36,-29,-39,-21,-36,-21,-53,-17,-51,-31,-48,-24,-48,-26,-43,-26,-46,-31,-48,-34,-53,-36,-61,-36,-41,-41,-39,-41,-43,-41,-41,-29,-41,-41,-43,-39,-43,-56,-51,-48,-46,-56,-36,-51,-31,-56,-29,-61,-41,-73,-9,-73,-14,-73,-29,-78,-21,-78,-29,-82,-21,-82,-29,-87,-19,-87,-12,-87,0,-102,4,-104,-7,-102,0,-104,17,-100,2,-102,0,0,0,0,0,0,0,2,109,14,107,14,109,14,112,17,107,26,104,24,95,31,97,24,87,29,104,24,95,9,92,39,100,21,90,36,85,41,87,34,80,39,78,43,85,61,61,63,63,63,73,48,65,48,65,48,78,68,68,51,63,56,51,58,56,58,51,63,51,63,61,65,34,70,34,75,46,68,46,53,53,56,46,51,58,58,46,53,46,56,31,48,36,51,31,43,41,46,29,48,29,41,36,36,34,24,34,26,31,26,34,29,31,19,29,21,26,21,26,14,26,0,0,0,0,0,0,0,0,0,0]"""
1782313073779,2026-06-24T23:57:53.779,warning,bed_exit,yja,bed_exit_failed,t030,"CSI_DATA,334579,1a:00:00:00:00:00,-66,11,-99,16,50,11,-1287351363,47,2,256,0,""[0,0,0,0,0,0,0,0,0,0,0,0,-49,-19,-65,-24,-123,-5,-10,13,-54,2,-115,76,-24,16,-60,-16,27,-27,0,-41,-27,-27,-27,-35,-54,-21,-52,-21,-73,-21,-65,21,-49,-8,-52,-10,-35,-2,-52,-16,-43,-5,-54,-27,-35,-19,-49,-16,-52,-13,-52,-16,-49,-16,-71,-19,-35,-2,-52,0,-57,-5,-71,-2,-60,-8,-57,5,-62,-2,-60,0,-57,5,-62,19,-60,19,-49,19,-71,16,-46,32,-71,41,-65,19,-95,41,-73,21,-79,38,-79,30,-68,49,-71,49,-65,62,-73,54,-84,68,-73,52,-62,76,-82,73,-73,65,0,0,0,0,0,0,76,84,62,62,90,84,76,82,65,57,87,82,71,49,93,65,62,54,93,79,82,68,62,62,82,54,65,52,90,43,87,49,82,32,82,38,90,49,73,13,93,16,76,19,98,24,84,27,71,21,84,19,71,16,79,16,84,8,76,8,76,13,98,16,60,-10,76,-8,79,5,95,0,79,21,73,8,79,10,62,8,62,10,71,0,65,-2,52,2,57,13,52,-2,65,0,43,16,62,13,43,19,46,19,38,19,35,13,30,19,32,10,32,10,30,16,0,0,0,0,0,0,0,0,0,0]"""
1782313073790,2026-06-24T23:57:53.790,warning,bed_exit,yja,bed_exit_failed,t030,"CSI_DATA,334580,1a:00:00:00:00:00,-66,11,-99,20,50,11,-1287340226,47,2,256,0,""[0,0,0,0,0,0,0,0,0,0,0,0,-12,-21,-14,-24,-7,-24,-4,-29,-4,-29,-7,-41,-4,-34,-7,-34,0,-34,0,-34,-4,-43,-7,-43,4,-43,4,-41,0,-41,2,-46,2,-51,4,-46,19,-61,9,-46,12,-41,12,-43,17,-53,12,-53,12,-48,14,-53,14,-53,9,-56,19,-53,14,-61,7,-58,17,-68,17,-61,12,-61,9,-63,9,-56,7,-63,0,-65,9,-68,7,-65,2,-68,-2,-65,-4,-80,-4,-73,0,-90,-9,-87,-9,-85,-9,-90,-7,-80,-7,-75,-4,-102,-9,-90,-14,-95,-9,-104,-4,-97,-7,-112,-12,-102,0,0,0,0,0,0,-107,9,-100,14,-124,19,-109,24,-97,12,-112,21,-107,9,-109,17,-95,17,-119,7,-104,17,-100,14,-87,9,-85,12,-97,19,-95,12,-92,12,-87,12,-85,24,-78,12,-95,26,-80,24,-92,21,-87,29,-85,26,-75,14,-80,24,-85,31,-80,21,-80,21,-78,24,-78,26,-78,14,-78,19,-70,29,-90,24,-80,21,-75,12,-70,7,-65,4,-61,9,-73,12,-63,2,-61,0,-63,-2,-56,-2,-58,-2,-51,0,-56,-14,-48,-7,-43,-14,-39,-17,-31,-12,-36,-12,-31,-19,-26,-17,-24,-17,0,0,0,0,0,0,0,0,0,0]"""
1782313073806,2026-06-24T23:57:53.806,warning,bed_exit,yja,bed_exit_failed,t030,"CSI_DATA,334581,1a:00:00:00:00:00,-66,11,-99,20,50,11,-1287319431,47,2,256,0,""[0,0,0,0,0,0,0,0,0,0,0,0,-14,19,-14,17,-21,26,-24,24,-31,19,-21,14,-19,17,-31,24,-34,17,-36,17,-34,7,-36,14,-41,17,-48,9,-46,12,-56,4,-41,2,-53,0,-43,-2,-43,0,-68,-2,-51,-2,-65,7,-51,-4,-53,-9,-56,-2,-51,-12,-53,-9,-65,-19,-56,-14,-53,-14,-43,-14,-58,-7,-58,-12,-61,-4,-73,-12,-65,-14,-53,-17,-73,-17,-80,-26,-75,-17,-73,-34,-65,-31,-73,-21,-46,-9,-80,-4,-65,-17,-85,2,-97,-31,-90,-21,-65,-34,-85,-39,-82,-31,-95,-34,-90,-48,-95,-39,-100,-43,0,0,0,0,0,0,-53,87,-73,102,-56,75,-63,85,-75,107,-68,65,-90,85,-73,73,-87,75,-58,58,-53,63,-58,90,-70,75,-70,92,-63,56,-63,63,-65,68,-80,63,-61,63,-82,63,-61,53,-75,56,-51,43,-51,51,-58,63,-65,61,-68,61,-63,46,-75,43,-65,53,-78,43,-63,46,-90,34,-73,26,-70,39,-53,19,-68,34,-73,29,-63,39,-70,19,-75,17,-58,2,-68,4,-80,0,-63,2,-63,-19,-48,-17,-51,-14,-29,-9,-41,-9,-39,-12,-39,-7,-41,-21,-36,-21,-19,-26,-26,-29,-19,-21,0,0,0,0,0,0,0,0,0,0]"""
1782313073817,2026-06-24T23:57:53.817,warning,bed_exit,yja,bed_exit_failed,t030,"CSI_DATA,334582,1a:00:00:00:00:00,-66,11,-99,15,51,11,-1287316885,47,2,256,0,""[0,0,0,0,0,0,0,0,0,0,0,0,-27,-2,-22,0,-32,-5,-30,-5,-30,-10,-30,-7,-30,-7,-40,-10,-32,-12,-42,-17,-37,-17,-35,-17,-37,-22,-40,-27,-32,-20,-45,-35,-40,-25,-40,-30,-35,-30,-35,-35,-52,-45,-30,-35,-55,-35,-37,-37,-35,-40,-37,-30,-42,-42,-40,-30,-47,-47,-42,-45,-45,-37,-32,-32,-47,-35,-47,-45,-45,-35,-55,-37,-55,-42,-47,-40,-55,-47,-65,-45,-65,-32,-60,-55,-60,-50,-65,-27,-42,-27,-85,-27,-62,-37,-85,-22,-87,-50,-82,-45,-65,-47,-80,-47,-82,-45,-95,-42,-85,-55,-85,-45,-95,-45,0,0,0,0,0,0,-55,87,-62,105,-45,70,-45,97,-62,105,-42,87,-65,108,-52,80,-60,87,-45,77,-37,77,-47,100,-47,90,-45,97,-42,75,-35,77,-42,85,-50,82,-35,72,-47,92,-27,77,-35,85,-30,62,-30,72,-35,87,-32,77,-27,90,-37,75,-35,72,-27,85,-35,82,-25,75,-47,87,-37,72,-30,70,-32,50,-27,72,-40,67,-27,75,-35,70,-42,62,-42,47,-50,50,-42,52,-40,47,-47,40,-40,35,-37,37,-25,27,-32,35,-35,22,-30,27,-35,20,-35,17,-30,5,-27,2,-27,0,0,0,0,0,0,0,0,0,0,0]"""
1782313073828,2026-06-24T23:57:53.828,warning,bed_exit,yja,bed_exit_failed,t030,"CSI_DATA,334583,1a:00:00:00:00:00,-66,11,-99,21,50,11,-1287306644,47,2,256,0,""[0,0,0,0,0,0,0,0,0,0,0,0,-16,-2,-35,-2,-14,-7,-35,-7,-23,2,-45,-9,-37,-11,-23,-14,-35,-9,-23,-14,-35,-14,-37,-16,-37,-16,-42,-14,-49,-16,-33,-11,-47,-21,-37,-9,-56,-18,-66,-18,-49,-14,-45,-14,-37,-18,-59,-16,-54,-14,-47,-14,-49,-11,-61,-16,-40,-2,-64,-2,-49,-4,-82,-4,-59,-4,-66,2,-61,2,-61,4,-47,2,-66,18,-61,14,-54,16,-73,23,-45,23,-75,37,-59,28,-101,49,-75,35,-68,45,-82,33,-61,45,-54,47,-71,73,-61,59,-80,73,-71,61,-64,82,-80,92,-54,73,0,0,0,0,0,0,94,61,64,45,118,75,87,66,56,37,104,68,64,33,116,64,68,33,113,73,101,54,82,45,80,37,71,37,99,37,92,26,87,26,78,21,99,23,64,2,99,0,71,4,120,4,94,2,78,-4,75,-4,64,0,85,-18,90,-11,78,-9,68,-7,94,-14,49,-26,85,-30,66,-18,111,-33,75,-11,73,-28,78,-9,61,-9,56,-9,68,-23,64,-18,49,-11,66,-7,45,-16,61,-16,45,-4,71,-7,40,0,42,-2,37,2,35,-4,26,-4,40,7,33,4,33,4,0,0,0,0,0,0,0,0,0,0]"""
1782313073838,2026-06-24T23:57:53.838,warning,bed_exit,yja,bed_exit_failed,t030,"CSI_DATA,334584,1a:00:00:00:00:00,-66,11,-99,19,50,11,-1287295644,47,2,256,0,""[0,0,0,0,0,0,0,0,0,0,0,0,22,17,15,20,22,27,20,25,15,27,15,27,17,22,5,30,17,35,17,45,10,37,12,35,12,42,7,45,10,40,7,52,7,42,2,52,5,50,15,42,2,55,7,52,10,57,2,57,0,57,5,50,5,55,7,47,-2,70,-2,52,12,60,5,50,15,60,7,62,17,62,15,60,15,65,20,60,17,70,30,75,27,60,22,77,22,65,40,67,20,52,47,77,32,75,52,62,50,90,47,80,37,75,37,87,47,75,57,82,45,92,42,87,62,92,0,0,0,0,0,0,82,-57,105,-72,80,-40,82,-67,102,-70,70,-45,108,-70,82,-55,95,-65,72,-47,67,-55,80,-65,72,-52,80,-75,70,-55,75,-57,67,-60,67,-65,52,-60,80,-75,62,-60,65,-67,55,-55,47,-60,55,-70,60,-65,60,-75,55,-62,60,-60,52,-65,52,-65,37,-65,70,-67,50,-57,40,-60,45,-42,47,-70,50,-55,47,-57,52,-50,57,-52,50,-37,57,-37,60,-42,45,-37,52,-32,42,-25,45,-40,35,-17,45,-30,35,-17,37,-17,37,-15,40,-10,35,-5,32,0,27,0,0,0,0,0,0,0,0,0,0,0]"""
1782313073850,2026-06-24T23:57:53.850,warning,bed_exit,yja,bed_exit_failed,t030,"CSI_DATA,334585,1a:00:00:00:00:00,-66,11,-99,18,50,11,-1287283737,47,2,256,0,""[0,0,0,0,0,0,0,0,0,0,0,0,0,-23,0,-28,2,-23,0,-31,10,-28,7,-31,10,-25,18,-28,18,-41,23,-28,23,-31,28,-31,23,-31,28,-36,38,-33,18,-33,28,-38,31,-36,31,-36,43,-25,46,-18,41,-43,51,-23,38,-36,49,-36,46,-31,51,-33,51,-28,33,-38,41,-38,49,-33,49,-43,49,-25,49,-41,51,-33,54,-36,54,-36,41,-43,43,-41,46,-49,54,-38,36,-56,43,-56,49,-56,54,-62,54,-49,64,-59,72,-49,56,-67,64,-62,51,-80,64,-67,72,-67,64,-67,64,-82,72,-80,69,-80,0,0,0,0,0,0,-80,-85,-67,-74,-69,-72,-67,-82,-62,-90,-67,-87,-69,-72,-69,-80,-69,-77,-56,-80,-54,-80,-43,-85,-67,-80,-49,-77,-49,-72,-56,-77,-56,-77,-56,-69,-51,-82,-67,-54,-64,-64,-54,-69,-56,-62,-56,-64,-43,-69,-64,-69,-43,-72,-49,-56,-49,-67,-49,-64,-51,-67,-46,-74,-51,-49,-62,-56,-43,-64,-46,-64,-33,-64,-38,-64,-31,-72,-25,-67,-20,-64,-28,-62,-20,-59,-20,-54,-10,-59,-23,-49,-18,-51,-12,-56,-5,-51,2,-41,2,-43,7,-43,5,-41,10,-31,7,-33,5,-33,10,-25,0,0,0,0,0,0,0,0,0,0]"""
1782313073861,2026-06-24T23:57:53.861,warning,bed_exit,yja,bed_exit_failed,t030,"CSI_DATA,334587,1a:00:00:00:00:00,-66,11,-99,20,50,11,-1287263305,47,2,256,0,""[0,0,0,0,0,0,0,0,0,0,0,0,24,-7,29,-2,26,0,36,-2,34,0,36,-2,34,2,34,2,41,-4,36,0,36,4,39,-2,43,0,46,7,56,7,39,2,51,4,48,12,48,4,43,2,46,12,58,-4,48,4,56,7,61,-2,51,0,53,4,63,7,56,-7,58,-4,56,7,63,-4,56,-12,61,-17,63,-17,68,-19,53,-19,58,-21,61,-39,61,-29,70,-31,53,-31,65,-39,68,-34,63,-48,53,-39,53,-53,58,-56,68,-70,61,-65,63,-68,58,-80,70,-78,51,-63,63,-78,68,-100,63,-85,0,0,0,0,0,0,-102,-75,-85,-65,-100,-58,-82,-70,-78,-58,-90,-70,-82,-48,-97,-58,-80,-63,-85,-53,-82,-34,-78,-43,-104,-34,-87,-34,-80,-34,-85,-26,-95,-17,-90,-21,-107,-26,-82,-12,-87,-12,-85,-24,-85,-12,-82,-4,-87,-4,-97,7,-78,4,-78,0,-87,12,-80,14,-82,7,-95,0,-70,14,-85,9,-73,0,-82,17,-73,7,-78,21,-75,9,-78,14,-65,9,-63,7,-68,14,-61,4,-65,-2,-51,4,-58,-2,-53,-7,-53,-2,-43,-7,-43,-2,-39,-4,-41,-7,-39,-2,-31,-9,-31,-9,-29,-12,0,0,0,0,0,0,0,0,0,0]"""
1782313073872,2026-06-24T23:57:53.872,warning,bed_exit,yja,bed_exit_failed,t030,"CSI_DATA,334588,1a:00:00:00:00:00,-66,11,-99,17,51,11,-1287252364,47,2,256,0,""[0,0,0,0,0,0,0,0,0,0,0,0,9,-23,9,-21,14,-26,16,-23,18,-26,16,-21,18,-18,26,-28,28,-23,30,-26,30,-16,37,-14,37,-18,42,-14,40,-11,49,-11,42,-9,47,-7,42,2,45,-14,52,-9,49,0,61,-2,52,11,56,11,54,14,59,11,47,7,71,21,56,14,59,9,47,18,71,7,59,18,61,7,61,14,68,18,61,26,64,26,73,23,68,16,66,33,66,26,75,16,52,14,90,11,71,23,94,9,90,30,90,35,73,47,80,49,78,42,97,42,87,54,85,49,99,49,0,0,0,0,0,0,64,-87,82,-94,64,-66,66,-80,82,-94,66,-61,92,-75,73,-61,97,-68,73,-56,64,-59,80,-73,75,-56,90,-66,73,-47,75,-45,78,-45,78,-45,66,-42,90,-47,66,-42,78,-49,66,-33,61,-42,82,-37,75,-40,80,-45,75,-23,87,-18,73,-23,80,-23,73,-28,97,-14,75,-16,78,-16,68,-4,78,-18,75,-2,80,-11,68,2,73,9,64,11,66,23,66,21,56,18,56,28,47,26,49,26,26,18,42,26,30,23,35,23,30,33,26,35,11,28,9,30,4,30,0,0,0,0,0,0,0,0,0,0]"""
1782313073890,2026-06-24T23:57:53.890,warning,bed_exit,yja,bed_exit_failed,t030,"CSI_DATA,334589,1a:00:00:00:00:00,-66,11,-99,16,51,11,-1287234858,47,2,256,0,""[0,0,0,0,0,0,0,0,0,0,0,0,-2,-26,4,-26,4,-19,9,-26,7,-29,12,-34,19,-31,21,-24,21,-29,24,-24,19,-39,26,-29,24,-29,31,-31,39,-26,29,-24,29,-26,34,-34,48,-24,63,-19,53,-19,48,-14,46,-12,48,-19,51,-24,48,-17,48,-9,56,-9,46,-12,53,-14,56,-17,65,-19,63,2,63,-2,70,2,53,-7,58,-19,63,-29,61,-19,51,-12,63,-2,58,-29,68,-31,85,-12,97,-19,78,-2,85,-14,87,4,80,-2,97,-7,97,-26,85,-26,82,-17,102,-12,100,-19,107,-4,114,7,0,0,0,0,0,0,19,-112,9,-95,12,-122,19,-102,14,-90,19,-114,17,-90,24,-107,21,-95,34,-112,46,-102,41,-82,34,-87,48,-78,24,-95,24,-87,31,-82,31,-80,36,-82,24,-73,21,-82,26,-80,36,-92,58,-85,46,-65,46,-73,41,-63,36,-82,36,-75,31,-65,36,-63,46,-65,34,-61,41,-70,48,-68,63,-73,65,-48,58,-51,68,-39,58,-36,51,-41,51,-51,51,-39,41,-29,51,-17,43,-26,51,-21,51,-14,58,-9,48,7,39,2,41,4,39,12,34,7,36,4,31,2,21,7,0,0,0,0,0,0,0,0,0,0]"""
1782313073901,2026-06-24T23:57:53.901,warning,bed_exit,yja,bed_exit_failed,t030,"CSI_DATA,334590,1a:00:00:00:00:00,-66,11,-99,16,51,11,-1287228228,47,2,256,0,""[0,0,0,0,0,0,0,0,0,0,0,0,12,21,9,24,9,34,7,26,4,29,0,31,7,31,-4,36,2,34,-4,41,-9,34,-14,36,-14,36,-19,41,-19,41,-21,53,-17,41,-26,48,-29,36,-29,31,-43,34,-26,46,-43,48,-41,36,-46,34,-41,36,-43,39,-39,36,-51,39,-43,31,-46,43,-36,24,-43,34,-48,36,-46,34,-46,56,-61,41,-51,36,-58,34,-58,43,-56,36,-61,48,-53,43,-58,46,-46,39,-58,58,-63,43,-65,53,-80,58,-78,48,-75,34,-82,43,-85,48,-97,61,-90,43,-80,36,-90,56,0,0,0,0,0,0,39,102,36,124,24,80,36,104,29,122,17,90,21,122,19,92,9,109,17,85,17,90,9,104,17,100,7,112,0,90,-4,95,-4,95,-7,97,0,85,2,107,9,78,0,100,-2,73,0,75,-4,87,-2,90,-4,100,-17,80,-21,82,-14,75,-19,85,-7,78,-24,97,-21,68,-21,78,-26,58,-19,70,-31,68,-29,70,-31,70,-46,68,-41,51,-51,48,-53,48,-41,41,-51,46,-41,34,-41,36,-34,21,-39,26,-34,19,-36,19,-39,17,-39,7,-34,-2,-31,-7,-29,-9,0,0,0,0,0,0,0,0,0,0]"""
1782313073911,2026-06-24T23:57:53.911,warning,bed_exit,yja,bed_exit_failed,t030,"CSI_DATA,334591,1a:00:00:00:00:00,-66,11,-99,19,50,11,-1287219364,47,2,256,0,""[0,0,0,0,0,0,0,0,0,0,0,0,-7,22,-7,25,-17,35,-10,22,-15,32,-15,27,-15,25,-17,35,-22,27,-22,37,-20,30,-25,25,-25,30,-25,35,-20,25,-42,32,-30,35,-35,42,-25,35,-35,40,-37,55,-27,37,-35,50,-30,40,-30,50,-40,35,-37,45,-37,37,-20,52,-22,50,-27,80,-17,55,-7,62,-10,65,-17,55,-47,52,-20,35,-7,67,-27,92,12,80,-22,70,10,82,-12,67,17,105,-2,90,10,102,-30,97,35,90,37,90,17,128,0,97,-2,70,22,108,30,105,40,95,17,95,37,118,0,0,0,0,0,0,100,-37,115,-50,85,-32,97,-40,115,-50,77,-32,118,-57,92,-47,102,-60,80,-40,80,-42,95,-52,82,-47,92,-65,80,-47,80,-42,75,-55,75,-70,57,-55,77,-72,62,-57,62,-72,50,-55,52,-67,60,-82,50,-65,57,-75,50,-72,52,-65,52,-70,45,-77,25,-67,55,-77,42,-67,30,-67,35,-50,30,-70,45,-62,30,-72,40,-60,42,-62,40,-52,47,-50,42,-60,27,-50,40,-52,35,-35,27,-47,25,-27,32,-40,32,-25,27,-35,30,-25,30,-25,20,-17,25,-15,25,-12,0,0,0,0,0,0,0,0,0,0]"""
1782313073921,2026-06-24T23:57:53.921,warning,bed_exit,yja,bed_exit_failed,t030,"CSI_DATA,334592,1a:00:00:00:00:00,-66,11,-99,20,50,11,-1287208362,47,2,256,0,""[0,0,0,0,0,0,0,0,0,0,0,0,19,9,24,19,17,14,21,21,24,19,24,24,29,31,17,21,31,31,14,24,17,34,17,39,19,39,12,41,24,53,17,31,24,46,19,36,21,51,24,53,21,34,21,56,4,41,12,56,7,58,9,56,7,53,12,63,17,46,24,61,19,48,26,68,14,58,26,56,26,65,21,53,24,48,34,58,26,58,24,56,29,65,43,41,48,53,36,65,58,82,36,61,61,61,36,70,53,65,51,78,61,80,58,75,65,82,51,75,61,78,73,90,63,87,0,0,0,0,0,0,95,-73,80,-46,104,-73,85,-65,68,-41,92,-70,75,-58,97,-65,73,-53,102,-61,85,-61,73,-51,80,-61,78,-39,78,-51,73,-56,75,-46,70,-43,90,-61,48,-53,65,-68,61,-56,80,-68,73,-61,56,-58,63,-61,53,-43,65,-58,63,-56,58,-48,56,-39,70,-53,43,-53,58,-63,58,-48,75,-65,61,-48,58,-48,65,-43,58,-39,53,-31,53,-43,58,-26,48,-24,58,-24,46,-29,51,-29,51,-14,61,-14,41,-4,41,-9,41,-2,36,-4,36,0,41,2,31,4,29,4,0,0,0,0,0,0,0,0,0,0]"""
1782313073933,2026-06-24T23:57:53.933,warning,bed_exit,yja,bed_exit_failed,t030,"CSI_DATA,334593,1a:00:00:00:00:00,-66,11,-99,20,50,11,-1287192624,47,2,256,0,""[0,0,0,0,0,0,0,0,0,0,0,0,-14,-19,-21,-24,-14,-21,-17,-29,-17,-24,-17,-24,-14,-31,-12,-24,-21,-29,-9,-31,-17,-36,-14,-36,-14,-39,-12,-41,-14,-48,-17,-36,-19,-39,-21,-41,-21,-51,-12,-46,-2,-36,-26,-53,-7,-48,-17,-56,-17,-56,-19,-46,-21,-48,-21,-56,-26,-48,-34,-46,-26,-51,-34,-56,-26,-51,-39,-53,-31,-56,-41,-46,-39,-43,-43,-41,-39,-48,-41,-46,-46,-56,-63,-29,-70,-29,-63,-48,-75,-51,-56,-46,-75,-36,-65,-51,-80,-39,-82,-43,-85,-36,-92,-29,-92,-29,-90,-29,-97,-21,-102,-29,-104,-26,0,0,0,0,0,0,-29,114,-31,97,-26,109,-24,104,-24,97,-21,109,-14,97,-12,109,-19,104,-12,102,-9,109,-21,87,0,102,-17,92,-2,92,-4,97,-2,92,-9,92,-4,100,24,70,24,82,19,90,17,95,9,92,14,80,19,87,19,73,29,75,21,80,21,75,17,73,21,92,36,63,36,65,34,78,31,82,19,70,29,70,17,73,24,63,21,65,26,65,24,63,17,53,7,58,29,53,24,51,7,53,7,56,4,43,2,43,-7,41,7,39,-7,43,-2,31,-7,34,-7,31,0,0,0,0,0,0,0,0,0,0]"""
1782313073943,2026-06-24T23:57:53.943,warning,bed_exit,yja,bed_exit_failed,t030,"CSI_DATA,334594,1a:00:00:00:00:00,-66,11,-99,19,50,11,-1287184914,47,2,256,0,""[0,0,0,0,0,0,0,0,0,0,0,0,0,22,-10,20,-5,35,-2,35,-12,35,-15,25,-12,30,-15,32,-17,30,-7,42,-15,35,-15,32,-20,37,-15,40,-10,35,-25,47,-12,42,-17,52,-22,47,-15,42,-17,50,-17,45,-22,47,-20,52,-25,52,-25,52,-17,55,-15,45,-17,65,-10,52,-5,55,-5,50,-2,67,-7,57,0,65,0,60,0,72,0,65,5,67,15,70,22,55,15,80,15,62,40,67,15,60,42,72,32,75,37,72,50,80,45,80,47,77,47,77,50,67,60,90,57,85,47,67,72,75,0,0,0,0,0,0,70,-82,75,-92,62,-80,65,-87,82,-87,47,-77,75,-102,45,-80,57,-95,57,-75,50,-77,47,-92,45,-80,55,-95,40,-85,45,-75,40,-85,32,-92,12,-75,32,-97,22,-80,12,-100,10,-80,5,-87,2,-92,0,-75,5,-95,2,-87,5,-87,0,-85,-5,-85,-12,-65,-7,-97,-5,-77,-17,-77,-2,-67,-25,-85,0,-77,-10,-72,-5,-70,-2,-72,0,-67,10,-67,0,-62,-5,-52,-2,-65,2,-52,-10,-60,5,-40,-2,-50,7,-40,0,-45,5,-32,10,-47,10,-30,7,-25,12,-27,0,0,0,0,0,0,0,0,0,0]"""
1782313073961,2026-06-24T23:57:53.961,warning,bed_exit,yja,bed_exit_failed,t030,"CSI_DATA,334595,1a:00:00:00:00:00,-66,11,-99,18,50,11,-1287164257,47,2,256,0,""[0,0,0,0,0,0,0,0,0,0,0,0,7,-23,15,-25,12,-18,15,-28,15,-25,12,-31,18,-28,20,-23,23,-36,23,-23,28,-33,25,-33,25,-33,31,-36,36,-41,18,-31,25,-41,23,-31,31,-46,38,-43,41,-43,25,-54,31,-38,31,-46,33,-46,25,-43,28,-43,25,-46,20,-51,15,-59,20,-46,25,-67,23,-51,18,-62,18,-62,10,-64,12,-56,0,-59,0,-67,2,-67,2,-77,-20,-59,-23,-64,-18,-77,-23,-82,-18,-64,-31,-72,-23,-85,-38,-82,-38,-87,-49,-90,-46,-77,-51,-80,-51,-80,-69,-82,-64,-93,-64,-85,0,0,0,0,0,0,-95,74,-80,67,-90,87,-77,72,-62,64,-72,85,-67,77,-72,90,-64,72,-69,80,-59,85,-51,67,-49,85,-56,74,-46,80,-41,80,-43,85,-36,80,-43,93,-12,77,-10,85,-18,90,-25,100,-7,85,-12,77,-10,93,-12,74,0,82,-5,93,-5,74,-5,69,-7,85,18,72,18,77,7,87,7,98,0,74,15,85,-2,80,2,69,2,62,12,67,5,64,7,56,0,67,10,56,12,56,-2,54,-2,56,-2,38,0,51,-12,36,-2,43,-10,36,-7,31,-10,31,-7,31,0,0,0,0,0,0,0,0,0,0]"""
1782313073971,2026-06-24T23:57:53.971,warning,bed_exit,yja,bed_exit_failed,t030,"CSI_DATA,334596,1a:00:00:00:00:00,-66,11,-99,21,50,11,-1287164149,47,2,256,0,""[0,0,0,0,0,0,0,0,0,0,0,0,28,7,23,4,28,18,26,16,21,18,23,16,23,21,33,26,18,23,35,28,33,26,30,23,30,26,28,33,23,28,28,42,23,35,21,42,21,47,33,35,30,42,23,45,30,42,33,45,33,45,30,47,26,47,23,35,28,61,30,54,21,49,30,45,40,56,37,52,40,49,33,45,42,49,45,52,56,49,54,47,54,37,45,59,45,54,52,45,47,37,68,52,59,54,73,40,73,61,75,47,71,59,64,56,71,54,87,61,75,64,78,59,87,61,0,0,0,0,0,0,59,-85,78,-87,64,-90,68,-78,73,-87,64,-75,78,-90,68,-80,68,-87,59,-75,59,-78,52,-87,59,-64,52,-85,52,-82,42,-75,42,-87,47,-73,35,-68,61,-82,49,-68,47,-71,42,-80,49,-82,40,-90,40,-64,37,-82,33,-90,37,-82,33,-82,30,-75,21,-66,49,-80,47,-68,35,-59,42,-61,40,-78,42,-66,35,-68,42,-47,40,-59,40,-54,40,-54,37,-54,37,-49,52,-35,45,-33,40,-35,35,-23,45,-30,40,-18,28,-26,35,-16,35,-18,35,-9,30,-4,26,-4,0,0,0,0,0,0,0,0,0,0]"""
1782313073982,2026-06-24T23:57:53.982,warning,bed_exit,yja,bed_exit_failed,t030,"CSI_DATA,334597,1a:00:00:00:00:00,-66,11,-99,15,51,11,-1287152459,47,2,256,0,""[0,0,0,0,0,0,0,0,0,0,0,0,22,0,35,-2,22,5,40,0,27,-2,42,7,37,7,32,5,37,12,30,7,45,5,42,10,42,7,37,5,47,12,35,12,57,17,35,10,55,22,50,15,42,5,45,17,37,25,52,15,52,12,60,17,47,15,60,17,45,10,65,12,47,12,75,12,60,7,60,7,60,7,55,15,50,0,67,-7,67,-5,60,-5,70,-12,52,-10,82,-17,62,-17,105,-22,85,-12,77,-32,80,-15,77,-27,72,-35,90,-45,77,-37,95,-42,82,-32,87,-50,105,-60,95,-40,0,0,0,0,0,0,-50,-95,-42,-65,-65,-115,-40,-97,-37,-67,-55,-108,-42,-70,-67,-113,-42,-67,-65,-115,-52,-92,-50,-75,-47,-77,-45,-62,-67,-77,-67,-70,-62,-57,-62,-60,-70,-72,-47,-50,-77,-72,-55,-50,-85,-70,-67,-62,-67,-45,-62,-50,-50,-47,-72,-40,-75,-37,-72,-40,-57,-37,-72,-50,-52,-32,-80,-42,-60,-35,-85,-60,-65,-52,-62,-35,-57,-47,-52,-45,-45,-32,-67,-35,-55,-35,-42,-30,-50,-42,-37,-30,-52,-40,-32,-30,-42,-52,-27,-42,-30,-35,-20,-37,-20,-27,-17,-22,-22,-35,-12,-27,-15,-30,0,0,0,0,0,0,0,0,0,0]"""
1782313073993,2026-06-24T23:57:53.993,warning,bed_exit,yja,bed_exit_failed,t030,"CSI_DATA,334598,1a:00:00:00:00:00,-66,11,-99,18,50,11,-1287142354,47,2,256,0,""[0,0,0,0,0,0,0,0,0,0,0,0,-25,-7,-31,-7,-31,-10,-28,-12,-28,-18,-25,-15,-25,-10,-28,-20,-36,-23,-33,-25,-23,-23,-28,-28,-33,-23,-31,-33,-36,-31,-36,-36,-28,-31,-36,-43,-38,-31,-33,-25,-25,-33,-49,-28,-43,-33,-31,-38,-38,-41,-38,-36,-41,-46,-41,-41,-46,-41,-41,-33,-38,-41,-43,-28,-49,-25,-54,-20,-59,-18,-67,-28,-59,-31,-51,-33,-62,-25,-67,-28,-67,-25,-69,-23,-62,-20,-80,-23,-64,-10,-67,-10,-82,-5,-82,0,-93,10,-98,0,-87,-10,-98,-7,-100,-10,-98,0,-103,-10,-105,12,-100,10,0,0,0,0,0,0,7,111,-2,116,2,93,-5,111,5,108,-10,108,5,103,12,103,0,108,10,93,23,90,25,90,33,95,25,100,10,85,23,93,23,90,25,98,25,95,31,90,33,77,25,93,33,67,43,74,46,69,59,77,49,74,31,72,38,74,43,74,36,80,38,72,43,74,41,69,36,77,38,59,41,59,46,56,49,56,46,67,38,59,23,56,31,59,20,64,23,59,20,59,12,51,15,51,7,43,15,41,15,38,10,38,12,41,12,38,0,33,-5,31,-5,33,0,0,0,0,0,0,0,0,0,0]"""
1782313074004,2026-06-24T23:57:54.004,warning,bed_exit,yja,bed_exit_failed,t030,"CSI_DATA,334599,1a:00:00:00:00:00,-66,11,-99,19,50,11,-1287126215,47,2,256,0,""[0,0,0,0,0,0,0,0,0,0,0,0,-25,-5,-20,-5,-32,-10,-25,-7,-27,-17,-22,-12,-30,-5,-35,-15,-37,-12,-45,-17,-30,-17,-32,-17,-40,-20,-40,-25,-40,-30,-42,-35,-35,-25,-32,-40,-27,-30,-40,-15,-47,-25,-45,-37,-50,-30,-37,-37,-42,-35,-45,-32,-42,-40,-40,-37,-47,-47,-37,-37,-45,-42,-37,-22,-47,-30,-52,-22,-60,-20,-60,-25,-65,-27,-50,-32,-67,-20,-75,-37,-62,-27,-72,-30,-60,-30,-72,-35,-47,-17,-72,-7,-72,-17,-82,2,-102,-15,-95,-5,-85,-22,-95,-15,-87,-17,-95,-5,-100,-32,-100,-15,-105,-12,0,0,0,0,0,0,-25,108,-32,125,-15,92,-27,95,-15,118,-30,87,-32,113,-12,92,-32,108,0,82,5,87,7,92,0,105,12,113,-12,80,7,92,12,95,2,100,0,87,-2,100,0,80,-5,97,12,70,15,80,22,85,25,92,30,90,2,77,25,85,25,82,17,90,17,80,17,92,0,77,2,80,15,65,17,72,17,72,27,70,20,77,10,72,-2,67,7,67,-5,72,-7,65,-7,60,-17,45,-12,55,0,37,-7,50,-7,42,-2,45,-12,42,-5,40,-17,32,-12,27,-10,25,0,0,0,0,0,0,0,0,0,0]"""
1782313074014,2026-06-24T23:57:54.014,warning,bed_exit,yja,bed_exit_failed,t030,"CSI_DATA,334600,1a:00:00:00:00:00,-66,11,-99,15,51,11,-1287120349,47,2,256,0,""[0,0,0,0,0,0,0,0,0,0,0,0,-20,20,-22,15,-30,12,-30,10,-30,10,-27,7,-20,15,-32,15,-30,15,-42,15,-37,10,-40,15,-40,7,-45,2,-40,5,-55,7,-45,2,-57,-5,-37,-10,-32,5,-42,5,-60,5,-65,12,-50,-7,-55,-2,-50,5,-60,-10,-52,0,-65,-12,-52,-10,-55,-2,-40,5,-52,7,-52,5,-50,22,-75,22,-70,10,-65,-5,-67,12,-82,7,-75,20,-82,7,-67,10,-72,17,-47,15,-72,40,-72,27,-75,50,-95,37,-85,37,-70,17,-95,27,-90,30,-90,42,-97,17,-87,35,-97,30,0,0,0,0,0,0,32,108,30,128,22,80,30,97,40,123,20,92,22,118,27,92,17,110,22,82,35,72,47,97,40,92,52,100,27,82,37,85,30,85,32,97,35,80,37,97,35,75,37,92,27,62,40,62,45,72,47,75,55,82,30,75,37,82,42,72,40,85,40,67,30,90,22,72,30,75,20,55,40,62,32,67,42,62,35,75,30,72,5,62,12,72,10,70,10,62,0,62,-2,52,2,57,5,35,5,47,0,40,12,42,-7,45,-5,40,-15,27,-12,30,-15,25,0,0,0,0,0,0,0,0,0,0]"""
1782313074025,2026-06-24T23:57:54.025,warning,bed_exit,yja,bed_exit_failed,t030,"CSI_DATA,334601,1a:00:00:00:00:00,-66,11,-99,20,50,11,-1287106371,47,2,256,0,""[0,0,0,0,0,0,0,0,0,0,0,0,2,-26,2,-24,9,-34,7,-26,12,-31,17,-24,12,-36,17,-41,19,-21,24,-36,21,-29,26,-26,21,-34,21,-34,19,-31,34,-46,31,-34,41,-43,34,-31,31,-29,46,-36,29,-34,46,-48,41,-34,41,-29,46,-39,43,-41,26,-36,48,-46,36,-34,41,-48,39,-29,34,-51,41,-43,31,-46,39,-48,48,-56,43,-56,48,-51,41,-58,21,-61,46,-73,34,-58,29,-68,31,-58,26,-87,43,-73,24,-85,36,-80,36,-82,39,-70,39,-82,36,-82,41,-109,36,-90,36,-82,31,-100,0,0,0,0,0,0,-95,-29,-114,-39,-78,-36,-112,-21,-117,-46,-90,-21,-117,-39,-82,-24,-109,-34,-87,-34,-92,-24,-102,-26,-92,-26,-102,-24,-90,-29,-85,-34,-87,-29,-87,-21,-70,-9,-102,-24,-87,-12,-100,-4,-73,-12,-87,-4,-92,-2,-80,-14,-95,-12,-85,-9,-82,-17,-90,-12,-90,-7,-75,2,-95,-17,-70,-9,-90,-4,-65,-12,-82,-4,-75,-14,-70,-9,-73,-14,-75,-19,-63,-19,-61,-29,-61,-21,-56,-12,-63,-29,-46,-24,-51,-14,-36,-19,-48,-21,-39,-29,-39,-21,-29,-26,-31,-29,-21,-29,-17,-29,-12,-26,0,0,0,0,0,0,0,0,0,0]"""
1782313074037,2026-06-24T23:57:54.037,warning,bed_exit,yja,bed_exit_failed,t030,"CSI_DATA,334602,1a:00:00:00:00:00,-66,11,-99,20,50,11,-1287097139,47,2,256,0,""[0,0,0,0,0,0,0,0,0,0,0,0,-2,-21,0,-29,-4,-24,-2,-34,-4,-31,0,-39,12,-39,9,-29,9,-34,7,-34,4,-36,12,-36,7,-39,9,-41,21,-53,12,-39,19,-46,17,-48,26,-51,36,-43,36,-41,24,-46,36,-41,26,-48,26,-48,34,-48,31,-41,36,-48,17,-43,26,-58,29,-51,36,-65,36,-51,31,-51,39,-56,39,-53,29,-53,21,-61,17,-63,19,-56,34,-58,12,-65,14,-75,29,-73,34,-92,34,-68,24,-73,53,-75,24,-75,19,-90,7,-100,17,-95,31,-95,21,-90,7,-104,24,-109,31,-97,0,0,0,0,0,0,-114,-36,-87,-29,-122,-46,-97,-46,-75,-29,-107,-43,-82,-24,-114,-36,-87,-29,-107,-43,-97,-48,-78,-48,-92,-36,-78,-36,-90,-34,-95,-31,-87,-24,-78,-24,-95,-36,-73,-12,-90,-21,-82,-24,-95,-21,-87,-36,-70,-31,-80,-29,-70,-29,-90,-17,-80,-12,-75,-17,-75,-19,-82,-36,-68,-4,-82,-12,-78,-26,-90,-29,-68,-39,-68,-29,-61,-43,-58,-41,-58,-36,-68,-29,-63,-29,-46,-21,-46,-43,-46,-21,-46,-29,-41,-39,-46,-46,-24,-39,-26,-36,-12,-43,-19,-34,-14,-39,-19,-31,-9,-29,-7,-26,0,0,0,0,0,0,0,0,0,0]"""
1782313074048,2026-06-24T23:57:54.048,warning,bed_exit,yja,bed_exit_failed,t030,"CSI_DATA,334603,1a:00:00:00:00:00,-66,11,-99,19,50,11,-1287084864,47,2,256,0,""[0,0,0,0,0,0,0,0,0,0,0,0,5,-25,10,-25,17,-30,15,-32,17,-30,17,-20,12,-27,20,-30,25,-37,30,-35,30,-15,35,-25,40,-20,45,-22,42,-25,47,-25,40,-25,47,-17,47,-15,35,-17,42,-15,57,-32,57,-22,55,-7,62,-12,55,-17,60,-7,57,-12,65,-12,60,-12,57,-12,47,-10,55,-22,52,-25,60,-27,67,-32,62,-17,62,-10,75,-15,75,-12,72,-20,70,-20,70,-25,72,-27,57,-20,70,-35,62,-37,80,-45,90,-32,92,-32,77,-10,105,-22,92,-30,90,-32,110,-12,105,-25,97,-35,0,0,0,0,0,0,-30,-108,-17,-125,-12,-97,-27,-105,-20,-113,0,-102,-7,-108,-10,-105,2,-110,0,-85,-12,-77,-15,-97,-20,-102,-7,-108,12,-75,7,-97,7,-90,5,-97,-5,-100,-5,-92,-2,-82,-5,-90,-2,-75,-7,-75,-5,-85,-15,-97,-7,-92,15,-80,10,-87,5,-80,15,-85,7,-85,12,-90,10,-85,7,-77,10,-65,5,-67,7,-77,12,-77,12,-80,25,-75,30,-52,30,-60,42,-60,35,-60,32,-47,35,-45,32,-42,30,-32,27,-35,30,-35,30,-32,37,-30,32,-17,35,-5,37,-10,32,-5,0,0,0,0,0,0,0,0,0,0]"""
1782313074059,2026-06-24T23:57:54.059,warning,bed_exit,yja,bed_exit_failed,t030,"CSI_DATA,334604,1a:00:00:00:00:00,-66,11,-99,17,51,11,-1287075253,47,2,256,0,""[0,0,0,0,0,0,0,0,0,0,0,0,-2,-33,-2,-18,4,-37,9,-21,16,-30,4,-30,2,-28,9,-35,14,-33,14,-42,26,-26,16,-37,23,-37,30,-42,33,-33,37,-37,30,-26,42,-28,30,-30,37,-30,49,-42,40,-33,45,-45,42,-26,45,-35,40,-33,49,-26,47,-23,64,-26,52,-23,56,-21,35,-21,49,-30,49,-35,49,-37,54,-42,52,-42,56,-30,61,-40,68,-37,61,-37,73,-30,61,-21,71,-28,42,-40,66,-47,64,-42,56,-59,85,-49,75,-52,78,-35,80,-45,82,-42,85,-52,97,-28,90,-47,94,-42,0,0,0,0,0,0,-21,-99,-26,-125,-18,-80,-11,-106,-33,-118,-2,-92,-7,-125,-4,-94,4,-120,-18,-82,-21,-82,-23,-97,-18,-97,-26,-104,-2,-80,-23,-92,-18,-94,-2,-104,-7,-90,-7,-101,-4,-78,4,-97,-14,-68,-9,-75,-11,-90,-11,-87,-21,-94,4,-78,-7,-82,-11,-80,-2,-87,2,-75,16,-90,11,-73,18,-75,4,-59,7,-78,9,-75,4,-75,14,-80,23,-73,37,-59,21,-64,40,-61,33,-49,45,-45,37,-33,42,-42,28,-30,33,-30,33,-30,28,-35,37,-18,35,-23,37,-4,37,-11,33,-7,0,0,0,0,0,0,0,0,0,0]"""
1782313074070,2026-06-24T23:57:54.070,warning,bed_exit,yja,bed_exit_failed,t030,"CSI_DATA,334605,1a:00:00:00:00:00,-66,11,-99,19,50,11,-1287065364,47,2,256,0,""[0,0,0,0,0,0,0,0,0,0,0,0,-12,-25,-7,-25,-12,-40,-2,-25,-2,-40,-7,-30,-5,-27,-17,-42,2,-32,-15,-47,-15,-40,-20,-37,-12,-42,-2,-50,-5,-32,-12,-57,-15,-42,-20,-57,-17,-42,-12,-57,-30,-57,-2,-52,-27,-57,-20,-50,-20,-52,-32,-52,-25,-47,-35,-30,-25,-47,-15,-45,-47,-47,-22,-57,-37,-42,-47,-52,-77,-57,-50,-35,-60,-50,-42,-10,-62,-47,-65,-50,-50,-65,-65,-52,-60,-30,-70,-45,-72,22,-80,-25,-95,0,-118,5,-77,-10,-108,-7,-60,-7,-90,2,-90,0,-100,-12,-90,2,-85,0,-115,37,0,0,0,0,0,0,22,97,25,118,32,87,37,105,42,115,32,80,45,125,25,80,47,102,52,82,55,87,62,80,57,77,72,82,65,67,67,55,80,60,72,60,55,40,80,70,65,45,80,50,67,32,82,40,80,37,82,37,95,27,85,25,80,20,90,10,90,10,67,5,97,32,72,20,85,10,57,10,90,2,75,15,75,-5,72,7,77,0,67,10,70,7,70,10,55,5,67,15,47,10,55,2,37,2,55,7,42,7,50,2,37,12,40,7,40,10,30,7,25,5,0,0,0,0,0,0,0,0,0,0]"""
1782313074081,2026-06-24T23:57:54.081,warning,bed_exit,yja,bed_exit_failed,t030,"CSI_DATA,334606,1a:00:00:00:00:00,-66,11,-99,18,50,11,-1287054301,47,2,256,0,""[0,0,0,0,0,0,0,0,0,0,0,0,-10,-31,-7,-33,-10,-31,-7,-33,-5,-28,-2,-36,2,-36,10,-36,2,-41,12,-31,12,-41,18,-49,18,-36,18,-41,28,-49,12,-41,18,-46,18,-49,23,-46,36,-51,33,-43,33,-46,38,-41,31,-43,36,-41,46,-41,41,-41,49,-41,23,-43,31,-49,38,-46,33,-49,41,-36,36,-46,43,-41,46,-46,38,-49,41,-54,41,-46,33,-49,43,-51,28,-62,31,-64,41,-62,56,-69,46,-54,49,-72,62,-62,41,-69,49,-74,43,-74,49,-82,62,-87,62,-77,49,-87,62,-87,62,-85,0,0,0,0,0,0,-85,-82,-72,-72,-77,-77,-77,-77,-62,-77,-74,-80,-72,-59,-74,-77,-72,-67,-67,-77,-67,-82,-46,-77,-69,-74,-49,-77,-59,-80,-59,-80,-54,-67,-54,-67,-62,-77,-59,-51,-69,-59,-64,-67,-59,-72,-54,-67,-43,-69,-59,-67,-43,-72,-51,-64,-46,-64,-49,-67,-43,-64,-49,-82,-54,-51,-54,-64,-46,-69,-46,-72,-33,-62,-28,-64,-23,-72,-25,-67,-18,-67,-28,-59,-15,-64,-10,-59,-2,-64,-12,-54,-12,-54,0,-59,0,-62,7,-43,7,-43,15,-41,10,-41,15,-36,15,-38,15,-33,20,-23,0,0,0,0,0,0,0,0,0,0]"""
1782313074092,2026-06-24T23:57:54.092,warning,bed_exit,yja,bed_exit_failed,t030,"CSI_DATA,334607,1a:00:00:00:00:00,-66,11,-99,18,50,11,-1287035889,47,2,256,0,""[0,0,0,0,0,0,0,0,0,0,0,0,-23,-2,-28,-7,-25,-10,-33,-10,-28,-7,-38,-18,-36,-18,-36,-12,-28,-18,-36,-15,-41,-12,-38,-7,-43,-15,-43,-18,-43,-15,-38,-20,-46,-23,-38,-18,-59,-28,-43,-38,-46,-33,-46,-25,-43,-20,-62,-15,-56,-10,-54,-12,-49,-10,-54,-12,-51,-18,-59,-12,-56,-10,-72,-15,-69,-15,-64,-2,-62,-7,-54,-2,-54,7,-67,15,-67,12,-64,23,-67,18,-64,15,-72,20,-64,31,-77,33,-82,33,-69,36,-72,36,-74,33,-69,51,-74,62,-62,54,-72,64,-80,64,-74,72,-80,77,-87,67,0,0,0,0,0,0,80,74,72,67,95,74,69,67,72,51,90,67,80,59,98,67,80,49,100,62,90,56,80,43,72,51,82,28,93,23,93,7,93,15,90,15,87,18,77,18,87,15,80,10,100,10,98,15,87,0,82,10,74,-5,93,-15,85,-20,80,-23,80,-15,80,-15,77,-7,87,-18,69,-15,90,-12,87,-10,74,-10,72,-10,64,-5,62,-10,67,-25,67,-18,62,-20,62,-12,56,-5,62,-2,46,-2,54,-2,49,0,43,0,41,5,36,5,38,0,36,2,31,2,31,2,0,0,0,0,0,0,0,0,0,0]"""
1782313074105,2026-06-24T23:57:54.105,warning,bed_exit,yja,bed_exit_failed,t030,"CSI_DATA,334609,1a:00:00:00:00:00,-66,11,-99,20,50,11,-1287018842,47,2,256,0,""[0,0,0,0,0,0,0,0,0,0,0,0,12,34,4,24,4,36,7,29,2,36,-2,29,4,29,4,46,-4,39,2,46,-4,41,-4,41,-2,43,-4,48,-9,41,-19,56,-19,46,-21,56,-14,39,-14,41,-21,65,-19,48,-14,61,-17,48,-17,53,-14,51,-29,53,-14,53,-34,58,-21,53,-21,56,-17,43,-4,56,-4,61,-4,61,-21,70,-14,68,-21,61,-14,73,-12,82,2,70,-29,80,-26,68,-2,70,-9,48,2,80,-4,70,17,80,-4,100,7,87,0,73,-7,102,-14,92,2,95,-19,95,7,100,0,104,0,0,0,0,0,0,112,0,124,9,78,0,104,9,129,7,92,12,126,14,92,7,114,12,80,7,82,2,104,-7,100,2,107,-19,85,2,87,-4,95,-9,100,-2,87,-4,104,7,82,0,97,-2,68,-9,73,-14,87,-21,85,-17,92,-24,80,-12,82,-14,85,-12,92,-7,78,-17,95,2,78,0,78,0,56,-2,75,-17,75,-7,73,-19,82,2,75,0,61,14,68,9,78,7,63,7,61,26,48,21,56,12,31,14,46,14,31,19,43,12,39,21,43,19,24,21,24,29,24,21,0,0,0,0,0,0,0,0,0,0]"""
1782313074116,2026-06-24T23:57:54.116,warning,bed_exit,yja,bed_exit_failed,t030,"CSI_DATA,334610,1a:00:00:00:00:00,-66,11,-99,19,50,11,-1287010365,47,2,256,0,""[0,0,0,0,0,0,0,0,0,0,0,0,0,35,-2,27,-12,37,-7,25,-12,32,-12,20,-10,32,-22,37,-20,35,-30,40,-30,32,-32,30,-30,32,-37,27,-27,22,-50,40,-35,30,-47,30,-40,15,-35,30,-40,25,-47,25,-55,35,-52,20,-52,15,-55,22,-57,22,-42,22,-65,27,-52,20,-57,25,-45,15,-52,27,-57,20,-57,32,-57,35,-70,32,-65,22,-67,25,-72,27,-60,27,-80,40,-62,25,-72,42,-52,25,-67,45,-75,40,-70,47,-82,40,-92,42,-80,30,-92,32,-80,37,-102,52,-95,35,-82,30,-95,40,0,0,0,0,0,0,32,95,32,120,20,77,40,97,42,125,22,87,27,123,22,87,22,113,17,82,25,87,27,108,22,97,20,110,10,87,10,92,10,95,15,97,15,77,25,105,22,75,25,100,17,65,20,80,20,90,17,87,22,97,10,85,2,85,7,85,12,87,12,67,2,102,0,67,12,87,-5,62,7,72,-7,75,-2,82,-2,75,-20,80,-22,62,-25,65,-27,70,-17,57,-25,65,-20,45,-20,55,-22,32,-27,42,-30,40,-25,37,-30,32,-35,27,-27,15,-32,20,-30,10,0,0,0,0,0,0,0,0,0,0]"""
1782313074126,2026-06-24T23:57:54.126,warning,bed_exit,yja,bed_exit_failed,t030,"CSI_DATA,334611,1a:00:00:00:00:00,-66,11,-99,15,51,11,-1286999217,47,2,256,0,""[0,0,0,0,0,0,0,0,0,0,0,0,20,5,30,12,20,7,32,22,22,10,35,25,30,25,22,25,25,20,20,27,30,32,32,35,32,37,25,35,27,45,22,30,30,45,25,32,32,60,22,52,15,35,17,52,10,42,20,52,20,55,17,52,17,50,22,62,17,42,17,62,20,42,30,75,17,70,22,62,17,60,22,57,30,40,32,60,27,57,27,52,27,65,42,42,50,60,37,60,60,92,32,72,50,65,37,77,37,67,40,72,57,82,57,57,57,80,52,70,60,77,62,95,47,85,0,0,0,0,0,0,100,-55,75,-35,123,-60,97,-45,60,-32,113,-57,75,-32,115,-55,70,-35,115,-55,97,-47,80,-35,80,-45,72,-25,85,-52,82,-52,80,-45,75,-40,92,-42,57,-40,87,-52,60,-42,95,-57,82,-42,70,-35,72,-32,60,-30,67,-50,70,-55,70,-47,62,-37,82,-47,47,-35,75,-50,65,-35,100,-45,80,-17,72,-30,75,-15,65,-22,57,-15,70,-30,65,-22,55,-15,67,-5,40,-12,62,-12,52,-2,75,0,45,12,47,2,45,15,35,10,37,12,40,15,32,12,27,15,0,0,0,0,0,0,0,0,0,0]"""
1782313074137,2026-06-24T23:57:54.137,warning,bed_exit,yja,bed_exit_failed,t030,"CSI_DATA,334612,1a:00:00:00:00:00,-66,11,-99,19,50,11,-1286987582,47,2,256,0,""[0,0,0,0,0,0,0,0,0,0,0,0,2,-30,7,-30,10,-32,10,-30,20,-30,17,-25,15,-30,17,-30,25,-35,22,-35,32,-22,30,-27,32,-30,42,-25,35,-22,47,-27,40,-20,50,-17,40,-25,50,-27,55,-27,45,-30,57,-25,57,-12,55,-17,52,-15,55,-10,55,-5,67,-17,57,-17,60,0,50,-12,55,-20,57,-22,60,-22,62,-25,62,-17,65,-5,70,-17,75,-17,70,-12,75,-12,67,-5,80,-10,52,-15,75,-25,70,-30,72,-37,95,-27,90,-27,85,-10,95,-5,90,-7,95,-17,108,5,97,-15,102,-5,0,0,0,0,0,0,15,-110,22,-118,17,-85,20,-97,17,-108,35,-92,30,-113,25,-105,50,-105,12,-82,15,-87,17,-82,10,-97,12,-105,42,-85,25,-82,30,-85,37,-90,32,-80,35,-90,25,-75,40,-82,15,-72,12,-75,27,-80,17,-85,22,-85,47,-75,30,-77,37,-70,42,-72,47,-70,47,-77,42,-62,57,-62,37,-65,32,-67,40,-67,35,-65,45,-62,52,-57,62,-27,50,-47,62,-37,52,-35,57,-30,52,-22,55,-17,40,-10,45,-17,42,-15,37,-15,45,-10,42,-2,37,7,35,7,32,15,0,0,0,0,0,0,0,0,0,0]"""
1782313074149,2026-06-24T23:57:54.149,warning,bed_exit,yja,bed_exit_failed,t030,"CSI_DATA,334613,1a:00:00:00:00:00,-66,11,-99,19,50,11,-1286976181,47,2,256,0,""[0,0,0,0,0,0,0,0,0,0,0,0,12,-22,17,-22,22,-25,17,-22,27,-25,20,-25,17,-30,25,-27,25,-30,30,-25,35,-25,35,-32,37,-32,37,-22,37,-20,42,-35,40,-30,50,-25,30,-25,32,-40,32,-37,42,-40,45,-42,50,-20,45,-30,45,-35,52,-32,40,-32,50,-45,45,-32,52,-45,35,-32,30,-45,27,-50,32,-55,32,-65,37,-60,37,-50,30,-57,42,-60,35,-52,37,-75,30,-62,40,-67,22,-62,12,-75,12,-85,-2,-87,5,-95,7,-92,27,-80,17,-97,10,-92,-2,-102,30,-92,2,-85,10,-105,0,0,0,0,0,0,-108,-10,-125,-20,-85,-7,-108,-5,-123,0,-92,-12,-113,-7,-87,-2,-105,-10,-85,12,-90,25,-97,17,-97,37,-105,30,-95,5,-95,25,-85,22,-92,17,-80,20,-92,37,-80,22,-92,25,-62,40,-67,45,-72,40,-75,62,-75,55,-75,27,-75,42,-72,47,-80,42,-70,40,-80,47,-67,37,-72,37,-50,40,-55,47,-62,50,-52,55,-60,52,-60,47,-65,27,-60,40,-67,30,-60,25,-57,30,-47,20,-55,17,-37,20,-50,22,-40,20,-42,20,-42,15,-35,12,-37,2,-32,7,-32,0,0,0,0,0,0,0,0,0,0,0]"""
1782313074159,2026-06-24T23:57:54.159,warning,bed_exit,yja,bed_exit_failed,t030,"CSI_DATA,334614,1a:00:00:00:00:00,-66,11,-99,19,50,11,-1286965724,47,2,256,0,""[0,0,0,0,0,0,0,0,0,0,0,0,22,12,20,15,22,22,17,20,22,27,15,25,20,25,25,30,20,32,25,37,17,40,10,40,12,45,10,45,15,37,7,55,10,50,10,47,5,40,20,50,25,62,5,57,7,57,0,50,-2,55,0,52,-5,57,5,45,-2,65,2,57,2,60,-2,50,12,57,2,60,17,62,7,60,0,67,-5,62,0,70,10,75,20,65,0,80,-2,72,20,70,7,60,27,77,7,75,30,72,25,97,22,90,7,82,5,95,10,85,12,97,5,97,10,95,17,113,0,0,0,0,0,0,102,-17,120,-10,87,-10,102,-15,123,-5,90,-2,120,-2,95,-10,115,-2,87,2,87,-2,102,-7,90,0,113,-12,85,2,85,10,92,0,100,0,80,-2,105,0,82,-5,90,-7,77,-5,77,-17,92,-12,82,-17,92,-10,75,0,90,5,85,-2,92,5,77,-12,95,0,77,0,80,-5,67,7,77,-5,77,7,80,-5,72,7,75,20,62,22,67,30,67,30,60,22,52,27,42,30,55,20,30,20,47,25,35,27,40,25,32,25,32,35,17,25,15,30,12,30,0,0,0,0,0,0,0,0,0,0]"""
1782313074170,2026-06-24T23:57:54.170,warning,bed_exit,yja,bed_exit_failed,t030,"CSI_DATA,334615,1a:00:00:00:00:00,-66,11,-99,17,51,11,-1286955034,47,2,256,0,""[0,0,0,0,0,0,0,0,0,0,0,0,-23,7,-23,4,-30,7,-26,7,-37,4,-33,0,-35,0,-40,7,-35,2,-40,4,-45,4,-42,0,-40,-4,-42,-2,-30,4,-56,-4,-42,-2,-59,4,-49,-4,-61,-2,-64,7,-42,-7,-56,4,-54,2,-49,-7,-52,0,-54,7,-47,11,-64,0,-47,7,-59,18,-49,7,-59,23,-56,16,-54,23,-54,21,-61,28,-64,33,-61,28,-59,33,-45,37,-68,42,-54,37,-54,47,-47,40,-56,71,-61,59,-45,71,-54,66,-54,64,-64,68,-61,68,-45,73,-61,92,-59,75,-52,78,-52,90,0,0,0,0,0,0,80,37,104,40,85,33,106,30,104,40,87,26,109,45,80,33,104,26,94,30,97,18,109,7,80,18,99,14,94,7,90,11,90,7,90,0,71,-9,101,2,80,-7,97,-11,75,-14,87,-23,92,-26,75,-21,90,-26,82,-23,82,-18,78,-26,75,-33,59,-40,92,-28,73,-26,73,-45,68,-16,75,-40,71,-28,64,-35,66,-23,71,-28,68,-26,68,-14,61,-21,52,-26,64,-18,49,-14,54,-23,47,-14,54,-18,45,-14,45,-14,35,-4,40,-9,42,0,33,4,30,0,0,0,0,0,0,0,0,0,0,0]"""
1782313074181,2026-06-24T23:57:54.181,warning,bed_exit,yja,bed_exit_failed,t030,"CSI_DATA,334616,1a:00:00:00:00:00,-66,11,-99,18,50,11,-1286943328,47,2,256,0,""[0,0,0,0,0,0,0,0,0,0,0,0,-15,80,-46,-41,-25,12,-113,23,15,43,-49,-25,0,-28,-64,46,-18,56,-98,51,-43,12,-12,41,-28,43,-46,15,-12,-10,-41,31,-59,31,-38,5,-43,2,-38,15,-51,41,-49,18,-56,28,-46,18,-46,20,-51,23,-56,12,-49,12,-67,15,-54,15,-64,18,-43,25,-43,20,-51,33,-49,33,-51,43,-56,43,-62,36,-54,51,-56,46,-56,38,-67,43,-62,36,-59,43,-36,46,-54,64,-51,56,-36,72,-59,74,-49,72,-54,54,-59,69,-62,69,-51,82,-64,69,-51,67,-56,85,0,0,0,0,0,0,72,64,87,77,67,54,74,74,98,69,62,67,85,74,72,54,80,74,80,41,77,43,93,43,90,49,90,38,67,46,80,31,80,31,80,43,74,36,87,41,77,31,87,41,64,20,69,20,87,20,87,18,95,12,77,31,80,15,80,12,80,23,74,18,90,31,69,28,80,28,59,12,72,10,72,12,77,5,80,15,74,12,59,25,67,15,62,28,54,25,56,33,41,28,43,33,38,18,41,23,43,23,43,18,36,25,36,23,20,28,18,25,20,23,0,0,0,0,0,0,0,0,0,0]"""
1782313074200,2026-06-24T23:57:54.200,warning,bed_exit,yja,bed_exit_failed,t030,"CSI_DATA,334617,1a:00:00:00:00:00,-66,11,-99,16,51,11,-1286925396,47,2,256,0,""[0,0,0,0,0,0,0,0,0,0,0,0,-19,-9,-24,-19,-19,-21,-21,-29,-21,-19,-26,-36,-24,-34,-17,-26,-12,-29,-19,-29,-19,-36,-19,-36,-19,-41,-14,-39,-12,-46,-7,-39,-7,-53,-9,-39,-9,-61,-7,-63,-21,-56,2,-48,-2,-43,-9,-56,-7,-56,-7,-51,-4,-51,-7,-61,9,-48,4,-65,0,-48,0,-73,9,-68,2,-61,2,-56,4,-51,-2,-48,-17,-63,-9,-65,-12,-61,-4,-70,-7,-53,-12,-78,-7,-63,-9,-95,-7,-78,-14,-73,-9,-75,0,-80,-12,-75,-21,-97,-14,-85,-14,-87,-7,-90,-14,-97,-12,-114,2,-97,0,0,0,0,0,0,-112,-4,-82,-4,-129,0,-97,-7,-75,4,-114,-4,-85,-9,-119,-17,-90,-4,-114,-12,-102,-14,-85,-2,-78,-17,-80,-4,-92,4,-90,7,-90,0,-80,2,-95,-4,-73,-12,-90,-2,-80,0,-107,-7,-92,-4,-82,-7,-73,-17,-63,0,-85,2,-85,0,-82,7,-73,-4,-82,-4,-65,-17,-85,-17,-70,-12,-100,-21,-80,-29,-68,-19,-73,-29,-51,-26,-58,-19,-65,-19,-68,-29,-53,-24,-53,-36,-36,-26,-46,-39,-41,-26,-41,-43,-31,-41,-24,-31,-24,-34,-17,-36,-17,-26,-21,-39,-19,-24,-12,-29,0,0,0,0,0,0,0,0,0,0]"""
1782313074210,2026-06-24T23:57:54.210,warning,bed_exit,yja,bed_exit_failed,t030,"CSI_DATA,334618,1a:00:00:00:00:00,-66,11,-99,15,51,11,-1286919937,47,2,256,0,""[0,0,0,0,0,0,0,0,0,0,0,0,7,25,7,27,10,32,5,30,0,35,2,32,2,32,-2,35,2,40,-5,40,-15,37,-7,40,-10,42,-22,47,-20,42,-25,45,-20,40,-35,32,-32,45,-20,45,-27,37,-30,47,-40,42,-47,37,-42,40,-37,37,-45,35,-42,32,-45,45,-45,37,-45,30,-37,37,-42,42,-45,47,-40,45,-42,47,-42,42,-50,30,-52,45,-62,42,-60,42,-57,50,-52,42,-70,42,-50,45,-50,47,-50,60,-52,57,-70,67,-72,62,-75,50,-67,50,-75,50,-75,65,-85,47,-82,55,-92,50,0,0,0,0,0,0,45,100,32,110,30,92,32,97,35,110,12,100,25,105,22,92,7,105,27,82,30,92,20,85,37,90,27,95,5,90,20,80,17,85,12,92,7,95,20,87,12,77,0,87,15,77,22,85,10,82,25,87,15,82,-2,87,2,82,2,82,-5,80,0,77,-2,85,-7,77,-15,75,-5,75,-2,75,-2,80,-7,77,-17,72,-20,67,-30,60,-25,65,-30,57,-35,52,-32,47,-32,42,-37,40,-30,37,-30,35,-30,35,-32,30,-35,25,-35,25,-32,10,-32,10,-27,5,0,0,0,0,0,0,0,0,0,0]"""
1782313074220,2026-06-24T23:57:54.220,warning,bed_exit,yja,bed_exit_failed,t030,"CSI_DATA,334619,1a:00:00:00:00:00,-66,11,-99,16,51,11,-1286906697,47,2,256,0,""[0,0,0,0,0,0,0,0,0,0,0,0,17,9,26,19,19,14,24,26,21,17,24,36,17,29,7,29,17,39,9,24,12,41,9,39,7,43,4,41,7,51,7,36,4,53,0,43,-2,68,-14,51,-17,43,-2,46,-19,36,-9,58,-9,53,-21,51,-21,46,-26,58,-12,41,-19,56,-19,43,-26,68,-24,58,-19,58,-26,48,-26,48,-21,43,-21,70,-19,56,-19,51,-31,61,-14,53,-26,78,-29,61,-48,92,-36,61,-36,65,-41,65,-29,65,-34,70,-39,87,-39,73,-48,87,-48,73,-43,85,-63,92,-56,78,0,0,0,0,0,0,82,75,51,51,92,87,68,78,46,51,80,90,48,51,70,85,53,56,61,102,61,92,43,73,46,70,36,61,53,78,48,80,48,75,39,65,43,85,29,51,51,78,36,61,51,92,36,85,31,70,29,68,21,65,41,73,36,70,31,73,24,68,29,80,21,56,24,75,17,65,24,100,7,75,7,73,-2,73,-4,63,-7,56,2,70,-7,63,-7,53,-19,61,-7,43,-19,53,-12,48,-36,61,-29,41,-24,36,-34,29,-26,24,-19,19,-36,31,-24,17,-26,14,0,0,0,0,0,0,0,0,0,0]"""
1782313074230,2026-06-24T23:57:54.230,warning,bed_exit,yja,bed_exit_failed,t030,"CSI_DATA,334620,1a:00:00:00:00:00,-66,11,-99,16,51,11,-1286899457,47,2,256,0,""[0,0,0,0,0,0,0,0,0,0,0,0,26,7,26,2,31,9,26,7,39,12,24,12,26,14,26,19,29,19,41,24,26,31,21,31,29,34,34,39,29,29,29,43,21,36,24,43,17,39,31,43,36,53,21,43,21,56,17,53,12,58,7,51,9,58,12,46,12,68,7,53,14,58,7,48,26,56,14,61,19,61,19,61,4,73,4,58,9,70,14,75,19,61,4,75,2,63,24,68,9,48,26,80,2,70,31,73,21,92,17,87,4,75,0,87,7,85,12,102,-4,97,9,87,4,100,0,0,0,0,0,0,97,-4,126,7,87,7,97,4,122,17,82,7,114,21,92,7,109,19,78,19,78,7,100,12,85,19,104,19,75,19,75,29,87,26,90,26,68,17,95,34,73,14,87,21,68,17,73,17,85,17,78,19,87,29,75,31,73,34,75,31,70,39,63,21,85,48,61,39,63,34,51,36,75,36,65,43,63,36,48,48,48,56,39,48,34,58,39,53,34,46,31,61,19,46,29,51,9,31,24,48,7,41,14,39,4,43,4,39,-2,31,-9,31,-12,26,0,0,0,0,0,0,0,0,0,0]"""
1782313074241,2026-06-24T23:57:54.241,warning,bed_exit,yja,bed_exit_failed,t030,"CSI_DATA,334621,1a:00:00:00:00:00,-66,11,-99,17,51,11,-1286888527,47,2,256,0,""[0,0,0,0,0,0,0,0,0,0,0,0,-9,26,-11,26,-16,33,-14,26,-21,30,-18,23,-16,23,-23,37,-18,26,-23,37,-26,30,-28,23,-26,28,-30,33,-30,30,-40,37,-30,30,-40,37,-40,33,-26,21,-45,35,-37,30,-49,33,-35,40,-37,30,-45,30,-45,37,-30,30,-45,42,-40,42,-40,42,-30,35,-30,52,-35,47,-28,54,-33,52,-40,54,-40,49,-37,59,-37,66,-16,56,-45,66,-35,61,-14,73,-23,49,-18,80,-33,66,-11,85,-16,85,-16,85,-21,80,-28,78,-18,82,-21,94,-28,90,-14,87,-4,104,0,0,0,0,0,0,97,2,116,11,87,4,94,-4,116,9,87,7,120,9,82,0,104,4,87,4,82,-4,101,-16,92,-7,104,-14,82,-2,80,0,87,-14,92,-14,68,-23,97,-16,75,-16,82,-23,71,-18,71,-30,90,-35,75,-33,82,-40,80,-26,80,-28,78,-35,80,-35,59,-37,85,-37,71,-35,68,-33,54,-21,66,-42,71,-26,59,-42,64,-30,64,-23,64,-16,71,-14,66,-18,56,-21,64,-9,47,-7,52,-23,35,-4,54,-14,45,-9,45,-9,40,-4,40,-2,33,7,30,4,26,7,0,0,0,0,0,0,0,0,0,0]"""
1782313074251,2026-06-24T23:57:54.251,warning,bed_exit,yja,bed_exit_failed,t030,"CSI_DATA,334622,1a:00:00:00:00:00,-66,11,-99,16,51,11,-1286876942,47,2,256,0,""[0,0,0,0,0,0,0,0,0,0,0,0,-12,31,-7,21,-19,29,-19,26,-19,21,-21,21,-17,26,-26,29,-29,29,-26,34,-29,21,-29,26,-26,24,-39,29,-31,26,-53,26,-43,21,-48,19,-34,9,-34,29,-46,36,-48,19,-53,34,-41,17,-43,26,-48,24,-56,17,-41,21,-61,19,-48,14,-56,17,-34,14,-46,29,-46,26,-46,34,-61,31,-61,31,-53,24,-58,34,-65,39,-53,39,-78,29,-65,29,-51,41,-39,29,-61,51,-58,41,-46,65,-75,58,-61,58,-58,29,-82,51,-75,51,-75,56,-80,43,-70,53,-73,58,0,0,0,0,0,0,63,85,68,100,46,63,51,80,68,97,46,80,48,100,46,78,48,92,43,73,46,61,65,73,48,78,65,73,41,63,58,65,56,68,56,75,58,58,53,82,48,65,53,73,41,51,51,48,68,56,58,63,73,63,51,41,53,61,61,53,61,65,58,53,46,78,41,61,43,61,34,41,53,43,41,58,51,51,48,73,43,61,19,56,31,63,29,63,26,53,14,65,7,53,14,51,9,36,12,48,7,43,12,43,2,46,0,41,-2,26,-9,31,-9,34,0,0,0,0,0,0,0,0,0,0]"""
1782313074263,2026-06-24T23:57:54.263,warning,bed_exit,yja,bed_exit_failed,t030,"CSI_DATA,334623,1a:00:00:00:00:00,-66,11,-99,20,50,11,-1286861937,47,2,256,0,""[0,0,0,0,0,0,0,0,0,0,0,0,2,26,2,26,-2,29,0,34,-4,31,-9,39,-4,39,-4,34,-9,34,-12,34,-9,41,-9,41,-14,43,-9,43,-14,43,-19,43,-19,46,-14,48,-24,43,-21,53,-9,48,-29,41,-19,48,-24,53,-26,51,-21,51,-17,51,-17,46,-29,51,-29,46,-19,53,-26,56,-21,58,-21,58,-14,61,-12,56,-4,61,-7,68,-7,61,-9,56,-7,58,-4,70,-2,78,-4,70,-2,82,4,90,4,80,4,78,-2,78,4,85,14,97,14,80,14,87,12,102,17,97,14,90,14,100,0,0,0,0,0,0,100,-14,97,-14,104,-14,100,-19,92,-14,100,-14,92,-19,100,-12,92,-17,107,-26,107,-26,97,-34,82,-17,85,-19,90,-39,82,-34,78,-31,80,-31,78,-34,80,-26,80,-39,80,-43,75,-41,78,-36,78,-43,70,-31,65,-41,70,-53,63,-51,61,-46,61,-43,61,-41,65,-39,61,-41,61,-43,75,-48,80,-41,58,-43,63,-41,56,-29,58,-29,58,-39,61,-24,48,-24,48,-21,53,-17,56,-21,51,-19,53,-12,48,-14,46,-7,41,-7,39,0,36,-4,41,-2,34,2,29,2,0,0,0,0,0,0,0,0,0,0]"""
1782313074274,2026-06-24T23:57:54.274,warning,bed_exit,yja,bed_exit_failed,t030,"CSI_DATA,334624,1a:00:00:00:00:00,-66,11,-99,20,50,11,-1286852378,47,2,256,0,""[0,0,0,0,0,0,0,0,0,0,0,0,-19,14,-21,14,-21,12,-31,9,-29,7,-39,9,-36,9,-36,4,-36,2,-36,-2,-43,4,-41,2,-41,0,-41,-4,-39,-7,-43,-12,-46,-19,-46,-17,-46,-29,-48,-29,-48,-19,-36,-34,-41,-26,-48,-29,-41,-24,-46,-29,-46,-29,-43,-36,-34,-36,-39,-41,-43,-36,-46,-43,-39,-53,-39,-43,-36,-43,-39,-43,-43,-39,-56,-39,-51,-39,-48,-36,-43,-46,-48,-48,-53,-53,-43,-51,-58,-70,-53,-65,-51,-58,-56,-63,-46,-61,-51,-56,-65,-70,-65,-61,-51,-73,-61,-80,-58,-75,-48,-78,-48,-85,0,0,0,0,0,0,-95,34,-78,46,-100,51,-104,36,-80,24,-95,46,-97,31,-102,36,-78,36,-100,29,-102,21,-95,29,-85,9,-80,24,-90,36,-85,34,-85,29,-70,17,-85,21,-82,14,-95,9,-80,14,-92,17,-92,4,-85,14,-73,-4,-78,7,-82,17,-78,17,-80,17,-82,7,-78,2,-73,-12,-75,-7,-78,-2,-87,-12,-80,-19,-75,-24,-73,-17,-61,-26,-65,-19,-70,-17,-61,-24,-56,-21,-53,-26,-43,-31,-46,-34,-39,-31,-39,-43,-34,-39,-24,-43,-21,-41,-14,-36,-12,-36,-17,-34,-9,-29,-7,-31,0,0,0,0,0,0,0,0,0,0]"""
1782313074284,2026-06-24T23:57:54.284,warning,bed_exit,yja,bed_exit_failed,t030,"CSI_DATA,334625,1a:00:00:00:00:00,-66,11,-99,16,51,11,-1286845285,47,2,256,0,""[0,0,0,0,0,0,0,0,0,0,0,0,17,14,19,19,17,21,21,29,17,21,19,39,12,36,7,31,9,31,7,31,14,41,7,41,7,39,12,36,2,48,-7,36,-7,53,-4,41,-14,61,-4,53,2,48,-14,46,-14,39,-12,56,-12,56,-17,48,-17,43,-21,48,-26,43,-24,61,-17,43,-34,63,-34,53,-26,53,-26,56,-36,41,-21,51,-24,61,-19,63,-19,56,-26,65,-24,48,-31,70,-24,58,-43,78,-36,68,-34,73,-43,65,-39,68,-31,70,-39,90,-36,73,-53,82,-53,75,-51,90,-61,92,-58,80,0,0,0,0,0,0,78,65,63,56,97,80,63,80,56,53,78,80,58,70,75,85,61,56,70,87,63,82,46,68,41,68,48,61,68,73,61,70,65,70,56,65,53,70,34,56,51,75,41,58,56,82,46,80,53,65,34,63,36,61,56,70,51,68,41,65,26,63,36,75,29,58,36,73,26,65,29,95,21,87,21,70,14,68,4,61,9,61,12,68,7,65,4,56,2,63,-7,48,-9,58,-9,48,-19,61,-24,43,-17,36,-24,36,-17,29,-17,29,-24,34,-24,24,-21,24,0,0,0,0,0,0,0,0,0,0]"""
1782313074298,2026-06-24T23:57:54.298,warning,bed_exit,yja,bed_exit_failed,t030,"CSI_DATA,334626,1a:00:00:00:00:00,-66,11,-99,16,51,11,-1286827773,47,2,256,0,""[0,0,0,0,0,0,0,0,0,0,0,0,-14,-19,-17,-21,-17,-17,-17,-24,-21,-24,-21,-26,-12,-36,-9,-24,-19,-36,-9,-36,-12,-34,-14,-41,-12,-36,-14,-43,-12,-48,-17,-34,-17,-39,-17,-41,-17,-53,-2,-56,0,-51,-21,-51,-4,-48,-9,-56,-9,-58,-12,-48,-9,-53,-9,-53,-21,-48,-26,-56,-12,-43,-24,-61,-17,-56,-19,-61,-19,-58,-26,-53,-24,-53,-34,-46,-34,-56,-31,-53,-31,-61,-41,-39,-46,-41,-48,-58,-61,-63,-41,-56,-58,-53,-43,-63,-61,-61,-63,-68,-68,-61,-70,-53,-65,-51,-65,-53,-82,-58,-78,-63,-78,-56,0,0,0,0,0,0,-70,85,-56,75,-63,87,-56,82,-51,65,-58,80,-48,78,-53,97,-56,85,-56,85,-53,80,-51,61,-43,85,-51,70,-43,75,-43,80,-43,75,-39,78,-39,82,-17,70,-19,80,-21,82,-24,85,-26,87,-29,73,-12,92,-21,70,-12,73,-19,85,-14,68,-17,70,-21,80,0,73,0,80,-12,78,-14,90,-21,73,-12,73,-26,70,-17,70,-14,63,-12,65,-17,58,-19,58,-26,56,-7,58,-7,58,-24,51,-21,51,-21,34,-21,39,-24,29,-21,36,-24,24,-24,31,-21,24,-19,21,0,0,0,0,0,0,0,0,0,0]"""
1782313074308,2026-06-24T23:57:54.308,warning,bed_exit,yja,bed_exit_failed,t030,"CSI_DATA,334627,1a:00:00:00:00:00,-66,11,-99,17,51,11,-1286823365,47,2,256,0,""[0,0,0,0,0,0,0,0,0,0,0,0,-7,26,-4,26,-7,35,-4,28,-14,30,-11,21,-4,28,-14,30,-11,30,-16,42,-16,35,-21,28,-21,30,-30,37,-21,33,-28,49,-18,40,-23,45,-23,35,-11,45,-14,47,-23,52,-33,47,-30,40,-30,42,-30,42,-35,49,-23,42,-26,59,-16,47,-18,54,-14,45,-11,54,-14,56,-9,59,-7,61,-16,66,-16,52,-14,66,-11,75,7,61,-2,75,-2,61,11,73,-2,52,14,75,11,71,26,78,30,92,23,94,11,75,16,90,16,80,28,94,26,87,33,85,42,90,0,0,0,0,0,0,87,-42,104,-52,80,-28,82,-49,111,-54,78,-40,97,-59,78,-52,97,-64,71,-45,66,-52,71,-64,71,-61,80,-66,66,-47,73,-47,68,-64,64,-64,56,-61,64,-71,49,-59,52,-73,42,-54,30,-66,47,-75,37,-78,47,-78,42,-64,49,-68,42,-68,42,-73,23,-68,42,-85,28,-66,28,-71,23,-52,21,-71,26,-68,21,-68,21,-71,30,-64,33,-49,40,-59,37,-59,28,-52,33,-54,26,-37,23,-54,18,-33,21,-45,21,-33,23,-37,26,-30,23,-28,23,-18,26,-16,26,-16,0,0,0,0,0,0,0,0,0,0]"""
1782313074319,2026-06-24T23:57:54.319,warning,bed_exit,yja,bed_exit_failed,t030,"CSI_DATA,334628,1a:00:00:00:00:00,-67,11,-99,18,51,11,-1286812365,47,2,256,0,""[0,0,0,0,0,0,0,0,0,0,0,0,-20,-6,-25,-4,-23,-9,-32,-11,-32,-9,-34,-13,-29,-20,-32,-11,-25,-16,-32,-11,-41,-11,-39,-11,-41,-13,-36,-16,-39,-18,-34,-18,-41,-20,-41,-16,-50,-27,-39,-32,-39,-25,-39,-29,-41,-23,-57,-20,-52,-16,-50,-16,-48,-11,-48,-13,-50,-20,-57,-18,-52,-11,-55,-16,-62,-13,-59,-13,-55,-11,-50,-11,-52,0,-62,11,-66,11,-64,13,-64,6,-62,11,-71,18,-66,25,-76,27,-78,25,-69,25,-78,25,-78,25,-76,36,-82,52,-69,48,-69,48,-76,46,-78,62,-85,52,-80,46,0,0,0,0,0,0,66,76,69,71,82,78,64,80,69,64,73,66,78,64,80,69,71,52,82,59,82,62,78,46,69,50,71,41,94,29,82,23,85,23,87,16,78,20,76,25,82,23,73,13,89,16,87,23,82,16,78,20,69,2,85,-11,76,-13,78,-11,76,-11,73,-11,80,-6,82,-11,71,-6,89,-11,82,-2,73,0,71,0,62,-2,62,-6,71,-18,64,-13,57,-13,62,-6,50,-6,55,0,50,-4,50,0,50,9,43,4,41,4,36,6,36,0,41,6,32,2,27,0,0,0,0,0,0,0,0,0,0,0]"""
1782313074330,2026-06-24T23:57:54.330,warning,bed_exit,yja,bed_exit_failed,t030,"CSI_DATA,334629,1a:00:00:00:00:00,-67,11,-99,17,51,11,-1286799792,47,2,256,0,""[0,0,0,0,0,0,0,0,0,0,0,0,-23,16,-23,16,-28,7,-33,2,-21,4,-33,0,-33,4,-42,0,-28,-4,-35,2,-40,-4,-35,-2,-40,0,-35,-7,-35,-7,-40,-21,-47,-21,-40,-21,-47,-30,-47,-14,-52,-9,-35,-28,-40,-26,-47,-23,-37,-23,-40,-26,-42,-30,-45,-26,-37,-26,-49,-26,-47,-30,-54,-28,-49,-28,-52,-26,-52,-26,-40,-33,-47,-26,-56,-35,-54,-33,-54,-26,-56,-23,-54,-35,-66,-35,-59,-21,-73,-35,-73,-37,-68,-35,-68,-28,-68,-35,-68,-28,-75,-35,-66,-42,-78,-45,-80,-47,-75,-37,-85,-42,-85,-45,0,0,0,0,0,0,-52,82,-40,80,-56,92,-52,87,-47,75,-54,87,-47,78,-54,80,-47,75,-66,85,-56,78,-54,78,-56,66,-45,68,-54,73,-52,68,-47,66,-45,68,-37,73,-49,61,-45,73,-40,68,-47,78,-47,73,-35,68,-40,56,-42,66,-42,71,-45,66,-45,64,-45,59,-42,66,-49,61,-52,64,-37,59,-54,64,-47,64,-45,47,-45,49,-47,45,-47,40,-49,40,-52,35,-42,30,-49,33,-45,21,-47,23,-45,23,-49,18,-45,14,-37,11,-37,4,-28,2,-35,7,-35,-2,-28,-4,-23,-2,0,0,0,0,0,0,0,0,0,0]"""
1782313074341,2026-06-24T23:57:54.341,warning,bed_exit,yja,bed_exit_failed,t030,"CSI_DATA,334630,1a:00:00:00:00:00,-67,11,-99,17,51,11,-1286790365,47,2,256,0,""[0,0,0,0,0,0,0,0,0,0,0,0,21,9,28,16,18,14,26,18,18,14,26,28,30,21,21,23,26,23,16,28,28,30,26,30,26,30,26,26,28,37,23,30,35,35,28,33,35,45,23,40,16,30,26,42,23,45,26,49,28,47,28,45,28,40,35,49,28,35,33,47,37,40,40,54,35,49,35,42,37,45,42,35,42,35,54,35,52,40,45,30,54,47,59,21,68,26,64,30,87,40,66,35,73,28,66,40,64,28,73,35,90,28,80,21,92,23,90,26,87,16,92,30,90,26,0,0,0,0,0,0,26,-94,23,-82,26,-120,18,-97,16,-80,9,-104,11,-80,14,-104,11,-80,21,-109,18,-104,16,-80,11,-82,16,-73,-2,-94,-2,-87,4,-85,-2,-78,0,-90,-9,-73,-14,-87,-16,-75,-14,-99,-4,-92,-14,-75,-4,-75,-11,-68,-26,-78,-16,-75,-16,-75,-16,-71,-21,-78,-21,-56,-28,-73,-28,-66,-18,-92,-9,-73,-11,-71,-7,-73,-7,-59,-16,-61,-21,-64,-11,-59,-9,-49,-4,-56,-11,-47,-16,-54,-4,-49,0,-61,4,-42,0,-45,9,-35,7,-40,4,-33,9,-37,11,-33,11,-30,0,0,0,0,0,0,0,0,0,0]"""
1782313074352,2026-06-24T23:57:54.352,warning,bed_exit,yja,bed_exit_failed,t030,"CSI_DATA,334631,1a:00:00:00:00:00,-67,11,-99,18,51,11,-1286778838,47,2,256,0,""[0,0,0,0,0,0,0,0,0,0,0,0,20,-9,25,-9,23,-11,29,-4,29,-6,29,-2,29,-4,32,-2,39,-4,36,0,39,-2,41,-2,41,-4,43,-4,50,2,41,-4,43,0,41,-4,43,-2,57,0,62,2,50,-4,50,-2,55,-2,52,0,50,-2,50,-4,52,-4,57,-16,57,-16,55,-13,55,-16,55,-13,62,-11,59,-11,55,-23,57,-20,50,-27,57,-29,57,-36,57,-29,48,-48,43,-48,57,-46,52,-50,52,-41,55,-48,62,-50,55,-62,62,-66,48,-71,43,-78,52,-73,43,-76,46,-87,57,-82,52,-82,0,0,0,0,0,0,-94,-48,-99,-48,-96,-43,-89,-34,-87,-36,-89,-34,-92,-23,-99,-27,-89,-23,-89,-29,-87,-20,-80,-29,-92,-9,-89,-23,-85,-11,-82,-6,-85,-6,-92,-4,-94,-6,-73,18,-82,16,-78,11,-80,11,-80,13,-82,4,-85,25,-80,13,-76,23,-78,18,-66,27,-69,25,-73,25,-66,36,-69,39,-66,34,-69,34,-66,20,-62,25,-71,20,-57,27,-62,23,-59,29,-57,25,-59,25,-59,18,-50,25,-50,23,-52,16,-43,11,-39,6,-43,4,-36,6,-41,11,-34,2,-32,4,-27,2,-29,-4,0,0,0,0,0,0,0,0,0,0]"""
1782313074362,2026-06-24T23:57:54.362,warning,bed_exit,yja,bed_exit_failed,t030,"CSI_DATA,334632,1a:00:00:00:00:00,-67,11,-99,16,51,11,-1286768320,47,2,256,0,""[0,0,0,0,0,0,0,0,0,0,0,0,-12,-24,-12,-21,-9,-29,-12,-26,-9,-31,-2,-31,-4,-31,-4,-39,0,-31,-2,-39,2,-36,4,-39,4,-36,2,-41,9,-34,12,-51,9,-41,14,-53,12,-41,17,-41,21,-51,12,-41,21,-63,17,-51,24,-43,24,-51,17,-53,14,-46,26,-61,19,-43,14,-58,17,-41,17,-61,17,-48,12,-53,17,-56,19,-65,17,-63,24,-61,12,-63,7,-56,14,-75,14,-63,0,-73,9,-63,0,-80,12,-75,4,-82,7,-78,9,-90,9,-82,12,-87,9,-82,14,-112,9,-92,9,-78,14,-90,0,0,0,0,0,0,-80,-29,-107,-2,-80,-7,-107,0,-107,-12,-80,-4,-112,-7,-75,-7,-100,-2,-85,-9,-92,-14,-102,-7,-85,-14,-102,-2,-85,-4,-80,-14,-87,-9,-85,-7,-70,7,-97,0,-73,-2,-87,4,-70,0,-78,4,-85,4,-73,2,-92,4,-80,4,-68,-4,-85,4,-82,4,-65,7,-80,-2,-63,0,-85,12,-58,-7,-75,2,-75,-9,-70,-2,-70,-9,-68,-9,-61,-9,-58,-19,-65,-14,-48,-4,-58,-19,-46,-19,-51,-14,-39,-14,-43,-19,-39,-26,-36,-21,-29,-21,-34,-21,-17,-26,-14,-29,-17,-24,0,0,0,0,0,0,0,0,0,0]"""
1782313074374,2026-06-24T23:57:54.374,warning,bed_exit,yja,bed_exit_failed,t030,"CSI_DATA,334633,1a:00:00:00:00:00,-67,11,-99,18,51,11,-1286757366,47,2,256,0,""[0,0,0,0,0,0,0,0,0,0,0,0,-16,-16,-13,-13,-20,-27,-18,-20,-13,-27,-9,-20,-18,-25,-23,-32,-13,-29,-16,-39,-16,-34,-11,-34,-9,-39,-11,-41,-11,-34,-11,-52,-4,-36,-6,-50,-11,-39,-4,-57,-11,-62,-11,-41,-11,-52,-4,-55,-9,-50,-13,-52,-6,-46,-13,-43,-2,-71,-25,-46,-20,-52,-16,-41,-9,-43,-23,-34,-9,-59,-25,-73,9,-64,-16,-50,-46,-78,-41,-55,-32,-71,-29,-62,-20,-71,-52,-64,-36,-55,-62,-66,-23,-99,-66,-55,-78,-64,-59,-101,-32,-85,-20,-55,-34,-85,-66,-76,-64,-80,-25,-64,-64,-85,0,0,0,0,0,0,-82,55,-89,57,-66,55,-71,64,-105,73,-69,41,-99,66,-64,48,-92,62,-62,48,-71,57,-69,66,-62,59,-80,76,-69,46,-66,46,-69,62,-66,59,-46,52,-73,69,-48,50,-59,66,-36,55,-46,64,-48,76,-41,64,-50,71,-57,62,-50,62,-46,66,-48,62,-29,50,-62,71,-39,50,-48,57,-34,46,-41,69,-39,59,-34,62,-43,50,-48,55,-48,39,-52,41,-48,41,-39,36,-52,32,-34,23,-43,41,-29,18,-41,29,-34,20,-36,29,-34,13,-39,16,-27,6,-25,4,-25,2,0,0,0,0,0,0,0,0,0,0]"""
1782313074384,2026-06-24T23:57:54.384,warning,bed_exit,yja,bed_exit_failed,t030,"CSI_DATA,334634,1a:00:00:00:00:00,-67,11,-99,20,51,11,-1286745290,47,2,256,0,""[0,0,0,0,0,0,0,0,0,0,0,0,26,0,28,0,26,2,30,0,30,4,30,0,28,4,28,2,41,6,41,6,30,17,39,13,36,13,36,21,43,26,39,26,36,21,45,34,34,19,36,23,32,36,45,23,45,28,30,34,43,32,47,34,39,43,43,41,39,39,36,41,39,43,36,32,39,30,50,26,47,28,52,39,52,32,45,45,50,28,52,45,50,43,60,39,63,34,56,41,65,34,63,34,76,28,69,30,82,34,78,34,69,43,89,54,80,47,84,41,80,60,91,41,80,45,0,0,0,0,0,0,58,-73,65,-76,63,-76,67,-76,63,-82,71,-67,58,-65,60,-69,71,-65,47,-71,52,-76,47,-71,50,-84,43,-78,56,-54,54,-69,47,-71,56,-67,60,-69,45,-73,47,-69,56,-73,32,-65,36,-67,34,-69,41,-76,41,-73,47,-56,43,-63,39,-67,52,-60,50,-67,47,-58,50,-56,50,-50,39,-58,43,-50,32,-63,39,-60,50,-60,50,-50,52,-41,45,-43,50,-34,47,-28,45,-30,50,-21,50,-21,43,-17,36,-19,34,-26,36,-15,41,-15,39,-8,28,2,32,0,32,6,0,0,0,0,0,0,0,0,0,0]"""
1782313074394,2026-06-24T23:57:54.394,warning,bed_exit,yja,bed_exit_failed,t030,"CSI_DATA,334635,1a:00:00:00:00:00,-67,11,-99,20,51,11,-1286733021,47,2,256,0,""[0,0,0,0,0,0,0,0,0,0,0,0,19,13,19,13,23,15,23,17,21,21,28,21,26,23,21,21,26,26,26,28,19,36,26,30,23,32,30,30,26,39,32,39,28,36,19,41,26,32,34,39,30,32,34,45,28,47,19,43,28,50,21,47,26,52,21,52,32,43,32,45,30,52,34,36,34,43,41,43,41,43,43,43,41,47,32,50,47,41,43,45,45,45,60,43,56,47,63,43,56,41,69,43,60,39,67,39,76,28,78,39,76,39,80,39,80,47,87,39,78,32,82,34,84,41,0,0,0,0,0,0,43,-91,50,-95,39,-91,45,-87,43,-97,41,-84,30,-95,30,-84,34,-87,26,-84,28,-82,32,-84,13,-95,21,-93,32,-80,21,-84,19,-84,21,-82,21,-84,2,-89,8,-78,15,-82,-6,-76,-8,-82,0,-73,-8,-84,2,-80,0,-76,0,-80,-6,-78,0,-76,-4,-80,-8,-82,-10,-73,0,-78,-13,-69,-8,-71,-8,-69,-6,-69,-2,-69,6,-67,8,-65,-2,-63,6,-63,6,-54,6,-56,6,-45,15,-47,6,-43,10,-39,13,-39,15,-36,10,-36,17,-32,19,-28,15,-26,17,-21,0,0,0,0,0,0,0,0,0,0]"""
1782313074407,2026-06-24T23:57:54.407,warning,bed_exit,yja,bed_exit_failed,t030,"CSI_DATA,334636,1a:00:00:00:00:00,-67,11,-99,19,51,11,-1286717975,47,2,256,0,""[0,0,0,0,0,0,0,0,0,0,0,0,26,8,22,4,31,11,24,6,29,11,29,13,24,11,35,13,29,15,35,20,33,17,31,20,33,26,40,22,31,20,40,31,31,22,38,20,38,26,51,26,58,26,33,31,49,26,42,31,38,29,40,35,47,33,40,20,53,35,44,24,53,17,47,26,62,22,55,20,58,20,53,13,60,15,60,13,64,15,62,11,58,-2,76,4,62,2,73,-8,64,-2,78,-20,73,-13,64,-22,85,-13,85,-15,89,-13,80,-11,71,-26,102,-26,91,-15,87,-26,87,-31,0,0,0,0,0,0,-29,-87,-51,-94,-40,-87,-51,-82,-47,-96,-44,-73,-58,-98,-49,-76,-60,-85,-49,-76,-55,-67,-69,-69,-47,-64,-67,-69,-60,-62,-58,-53,-62,-67,-62,-53,-62,-40,-71,-62,-60,-42,-73,-42,-64,-42,-73,-38,-85,-35,-71,-33,-82,-29,-80,-33,-69,-35,-78,-26,-71,-24,-60,-6,-80,-35,-71,-26,-71,-11,-60,-26,-80,-11,-67,-22,-67,-11,-62,-17,-62,-20,-60,-22,-55,-26,-55,-24,-51,-15,-49,-20,-40,-20,-51,-17,-38,-15,-47,-15,-33,-17,-35,-15,-29,-17,-33,-17,-26,-22,-24,-22,-20,-17,0,0,0,0,0,0,0,0,0,0]"""
1782313074418,2026-06-24T23:57:54.418,warning,bed_exit,yja,bed_exit_failed,t030,"CSI_DATA,334637,1a:00:00:00:00:00,-67,11,-99,13,52,11,-1286713063,47,2,256,0,""[0,0,0,0,0,0,0,0,0,0,0,0,-23,4,-21,4,-33,0,-23,0,-30,-4,-26,-7,-30,-4,-33,-4,-28,-11,-42,-9,-33,-11,-33,-11,-37,-16,-40,-18,-35,-16,-45,-23,-37,-18,-47,-23,-42,-23,-42,-26,-47,-37,-37,-26,-54,-21,-47,-30,-42,-28,-42,-26,-37,-26,-40,-16,-56,-37,-42,-23,-49,-21,-45,-26,-56,-23,-52,-33,-54,-18,-49,-14,-64,-21,-59,-21,-66,-30,-68,-16,-59,-7,-75,-18,-59,-9,-71,-4,-54,-9,-80,-2,-73,-7,-73,2,-90,-9,-87,-11,-80,-14,-87,-11,-75,-2,-101,-4,-94,-11,-75,-11,-97,0,0,0,0,0,0,0,2,97,7,111,0,85,14,99,7,116,7,80,7,120,2,87,9,106,2,85,7,80,14,94,7,85,11,101,11,85,7,80,14,87,18,87,21,64,16,90,21,68,33,82,23,66,23,78,33,78,23,68,37,78,30,78,18,73,26,75,23,73,28,52,28,82,21,61,35,68,14,54,33,66,18,68,26,66,18,66,14,66,14,59,2,64,14,61,14,47,7,59,2,49,11,49,0,37,4,45,0,37,4,37,0,33,-7,35,-7,30,-16,26,-7,21,0,0,0,0,0,0,0,0,0,0]"""
1782313074427,2026-06-24T23:57:54.427,warning,bed_exit,yja,bed_exit_failed,t030,"CSI_DATA,334638,1a:00:00:00:00:00,-67,11,-99,18,51,11,-1286702347,47,2,256,0,""[0,0,0,0,0,0,0,0,0,0,0,0,18,11,27,9,20,11,27,18,20,13,29,23,27,18,20,20,20,25,20,25,29,27,32,25,25,39,23,32,23,36,13,32,20,48,16,34,16,59,11,48,6,43,9,50,4,41,11,52,11,55,9,48,2,50,6,57,2,48,4,64,9,50,4,66,2,64,4,59,2,59,0,52,6,46,20,59,11,64,11,57,2,71,13,52,13,78,11,64,18,92,11,69,16,66,2,71,2,76,11,78,16,92,20,80,11,87,2,85,13,94,13,110,-9,92,0,0,0,0,0,0,110,0,80,6,126,4,96,13,71,2,110,9,80,9,110,25,78,6,112,23,94,23,80,9,80,18,76,16,87,6,85,0,87,4,78,4,87,13,66,13,89,16,64,13,101,20,87,16,76,13,73,29,64,9,78,13,78,9,71,11,66,13,76,16,59,18,80,27,57,13,89,39,64,41,64,32,57,39,48,36,46,27,62,32,50,32,41,29,43,39,36,27,41,39,25,32,32,46,20,39,23,32,13,36,11,32,13,23,11,36,11,29,4,25,0,0,0,0,0,0,0,0,0,0]"""
1782313074438,2026-06-24T23:57:54.438,warning,bed_exit,yja,bed_exit_failed,t030,"CSI_DATA,334639,1a:00:00:00:00:00,-67,11,-99,19,51,11,-1286691366,47,2,256,0,""[0,0,0,0,0,0,0,0,0,0,0,0,2,24,0,20,-2,35,2,29,-4,38,-4,26,0,29,-2,38,-6,31,-4,44,-11,38,-11,31,-13,40,-15,44,-4,40,-17,51,-11,38,-17,49,-20,40,-8,49,-6,58,-15,47,-15,53,-17,44,-24,47,-22,49,-20,49,-13,44,-17,64,-13,49,-8,53,-13,49,0,62,-4,60,0,62,4,53,-4,64,0,62,-2,69,2,71,8,62,4,73,4,64,22,64,15,53,40,69,22,69,38,69,38,87,29,89,22,78,22,82,35,78,40,87,29,82,38,78,55,80,0,0,0,0,0,0,76,-51,100,-60,71,-42,76,-60,85,-60,69,-51,89,-73,69,-49,82,-64,60,-49,55,-58,60,-71,60,-64,67,-78,58,-55,58,-55,60,-62,60,-69,38,-67,51,-78,40,-60,38,-76,33,-55,26,-73,31,-85,22,-69,33,-78,33,-69,40,-67,26,-69,24,-76,8,-64,35,-82,24,-73,11,-67,24,-49,6,-73,17,-64,8,-64,17,-67,22,-60,22,-49,31,-55,26,-58,15,-53,22,-51,20,-42,15,-49,17,-26,17,-42,17,-29,15,-40,20,-31,26,-38,20,-22,24,-8,20,-15,0,0,0,0,0,0,0,0,0,0]"""
1782313074449,2026-06-24T23:57:54.449,warning,bed_exit,yja,bed_exit_failed,t030,"CSI_DATA,334640,1a:00:00:00:00:00,-67,11,-99,18,51,11,-1286680366,47,2,256,0,""[0,0,0,0,0,0,0,0,0,0,0,0,-25,4,-23,2,-34,0,-23,-2,-32,-11,-27,-6,-27,-2,-43,-6,-34,-9,-43,-9,-36,-6,-36,-9,-39,-9,-41,-18,-39,-13,-41,-27,-36,-16,-41,-27,-27,-25,-43,-25,-55,-25,-39,-34,-52,-25,-41,-27,-41,-32,-41,-29,-43,-34,-39,-27,-43,-48,-39,-39,-41,-34,-29,-29,-41,-27,-46,-32,-50,-27,-57,-32,-59,-29,-46,-29,-59,-39,-59,-46,-62,-32,-62,-46,-50,-39,-62,-29,-39,-23,-78,-29,-62,-25,-76,-6,-82,-43,-78,-25,-62,-34,-73,-39,-76,-32,-80,-34,-80,-50,-82,-43,-87,-36,0,0,0,0,0,0,-46,94,-55,103,-29,71,-41,85,-52,101,-41,71,-62,92,-46,73,-59,92,-32,73,-29,69,-20,89,-39,82,-32,99,-34,66,-27,76,-29,82,-41,89,-25,71,-43,80,-27,69,-27,80,-23,57,-16,62,-9,87,-25,78,-18,87,-23,69,-20,76,-13,73,-23,78,-13,69,-43,80,-39,64,-27,64,-23,46,-13,64,-20,64,-13,66,-29,71,-25,59,-34,46,-34,50,-39,52,-36,43,-43,36,-39,32,-34,36,-20,23,-25,34,-27,23,-16,29,-39,20,-25,23,-27,11,-27,6,-23,9,0,0,0,0,0,0,0,0,0,0]"""
1782313074460,2026-06-24T23:57:54.460,warning,bed_exit,yja,bed_exit_failed,t030,"CSI_DATA,334641,1a:00:00:00:00:00,-67,11,-99,17,51,11,-1286668873,47,2,256,0,""[0,0,0,0,0,0,0,0,0,0,0,0,-2,-23,-2,-28,-2,-23,4,-28,7,-26,9,-30,11,-33,14,-28,16,-35,23,-28,16,-35,26,-33,28,-28,30,-26,35,-33,21,-30,30,-35,35,-33,42,-30,49,-30,37,-30,52,-28,42,-18,42,-18,54,-16,47,-16,47,-14,56,-18,40,-21,49,-28,54,-23,61,-23,59,-16,52,-21,59,-9,56,-18,54,-23,56,-28,56,-18,52,-14,61,-14,52,-35,59,-37,73,-26,85,-28,61,-14,75,-30,75,-11,78,-30,82,-18,85,-35,82,-33,87,-33,85,-23,87,-30,99,-23,99,-23,0,0,0,0,0,0,-18,-106,-4,-87,-9,-101,-11,-99,0,-87,-2,-104,-4,-82,2,-101,2,-85,0,-101,2,-99,9,-80,-2,-92,16,-78,4,-85,11,-87,7,-87,11,-80,18,-92,-7,-68,-7,-82,2,-78,7,-82,11,-82,9,-68,7,-80,16,-68,11,-68,18,-75,11,-68,18,-66,23,-80,7,-66,4,-68,16,-75,28,-75,28,-56,23,-59,37,-64,26,-61,28,-54,28,-54,33,-49,30,-42,42,-37,26,-40,30,-42,40,-30,37,-30,35,-16,35,-21,37,-9,28,-11,30,-7,33,-14,23,-7,26,-4,0,0,0,0,0,0,0,0,0,0]"""
1782313074470,2026-06-24T23:57:54.470,warning,bed_exit,yja,bed_exit_failed,t030,"CSI_DATA,334642,1a:00:00:00:00:00,-67,11,-99,18,51,11,-1286656712,47,2,256,0,""[0,0,0,0,0,0,0,0,0,0,0,0,2,23,-2,27,-2,23,-6,27,-2,27,-9,36,-13,32,-13,32,-11,32,-6,34,-6,43,-6,39,-6,36,-9,36,-9,46,-16,41,-18,46,-13,39,-23,48,-20,46,-11,43,-25,41,-20,48,-9,50,-4,48,-6,55,-9,50,-11,59,-9,46,-11,57,-11,57,-6,62,-11,64,-6,55,-2,52,-4,57,4,55,16,66,13,64,13,55,11,62,18,64,25,73,23,59,34,80,23,80,29,71,29,71,29,66,39,59,57,71,52,64,52,73,57,78,66,64,64,71,59,69,0,0,0,0,0,0,71,-66,59,-66,78,-80,76,-66,50,-66,73,-78,59,-69,62,-80,48,-71,64,-85,64,-80,48,-80,55,-66,32,-66,27,-82,25,-80,13,-78,13,-78,20,-76,20,-76,18,-85,11,-73,13,-94,20,-82,4,-76,9,-69,2,-71,-13,-80,-13,-73,-16,-73,-6,-64,-9,-76,-6,-66,-9,-76,-13,-69,-4,-85,2,-73,-4,-62,-9,-64,-4,-62,-9,-55,-13,-64,-13,-55,-11,-46,-4,-55,-6,-50,-2,-50,-4,-46,0,-55,4,-46,2,-36,4,-41,6,-29,4,-27,-4,-32,4,-25,9,-25,0,0,0,0,0,0,0,0,0,0]"""
1782313074480,2026-06-24T23:57:54.480,warning,bed_exit,yja,bed_exit_failed,t030,"CSI_DATA,334643,1a:00:00:00:00:00,-67,11,-99,15,52,11,-1286647151,47,2,256,0,""[0,0,0,0,0,0,0,0,0,0,0,0,0,20,-2,33,2,15,-6,33,-6,22,-20,42,-22,29,-17,22,-20,26,-17,20,-24,29,-29,38,-26,31,-29,26,-35,33,-26,20,-38,38,-24,22,-47,40,-42,38,-24,26,-47,24,-38,20,-42,29,-44,31,-49,26,-47,20,-55,29,-31,22,-51,38,-40,22,-67,40,-53,20,-44,31,-49,26,-44,29,-44,24,-49,42,-47,35,-40,31,-58,33,-31,35,-60,55,-47,40,-85,62,-64,35,-60,51,-76,40,-51,44,-53,49,-69,67,-60,55,-76,62,-64,51,-62,60,-87,71,-71,55,0,0,0,0,0,0,67,87,35,58,76,114,44,87,29,53,64,102,42,58,67,98,40,55,58,111,49,82,35,76,40,69,29,60,51,85,42,76,49,78,40,62,51,78,35,49,58,78,42,49,60,87,42,76,38,62,42,55,29,60,53,64,47,55,38,60,38,51,33,76,33,33,49,60,31,49,47,94,22,71,35,55,24,69,24,55,13,51,33,64,15,58,15,42,11,55,11,35,20,55,6,40,0,69,-6,42,-6,38,-11,33,-4,26,-4,22,-6,38,-6,26,-13,22,0,0,0,0,0,0,0,0,0,0]"""
1782313074492,2026-06-24T23:57:54.492,warning,bed_exit,yja,bed_exit_failed,t030,"CSI_DATA,334644,1a:00:00:00:00:00,-67,11,-99,18,51,11,-1286636366,47,2,256,0,""[0,0,0,0,0,0,0,0,0,0,0,0,-20,-11,-23,-18,-18,-11,-25,-23,-23,-13,-27,-23,-20,-29,-13,-25,-20,-32,-11,-25,-20,-27,-18,-29,-20,-36,-23,-36,-18,-50,-9,-27,-16,-41,-11,-41,-13,-52,-11,-59,-11,-43,-9,-55,0,-39,-13,-55,-13,-52,-9,-48,-6,-46,-2,-59,-11,-41,-20,-57,-9,-48,-13,-71,0,-59,-6,-55,-2,-64,-6,-57,-11,-48,-27,-50,-27,-55,-29,-48,-13,-73,-27,-50,-32,-59,-25,-73,-32,-87,-4,-66,-27,-71,-11,-78,-25,-73,-32,-78,-50,-82,-46,-69,-36,-80,-32,-78,-64,-78,-50,-94,-34,-94,0,0,0,0,0,0,-105,41,-82,29,-108,36,-87,27,-71,23,-99,34,-69,36,-99,41,-76,36,-103,29,-92,20,-80,13,-78,29,-78,18,-80,36,-80,39,-73,41,-73,36,-89,32,-55,36,-76,43,-62,36,-80,48,-76,32,-69,23,-73,39,-59,23,-73,41,-59,41,-52,46,-57,34,-78,29,-46,39,-62,41,-57,34,-78,39,-71,13,-62,20,-73,18,-59,11,-52,16,-57,29,-55,20,-48,16,-55,4,-41,16,-48,18,-50,4,-57,-4,-39,-9,-36,-4,-34,-16,-32,-6,-29,-13,-34,-11,-27,-6,-23,-9,0,0,0,0,0,0,0,0,0,0]"""
1782313074503,2026-06-24T23:57:54.503,warning,bed_exit,yja,bed_exit_failed,t030,"CSI_DATA,334645,1a:00:00:00:00:00,-67,11,-99,19,51,11,-1286625222,47,2,256,0,""[0,0,0,0,0,0,0,0,0,0,0,0,8,-22,15,-24,6,-22,11,-22,11,-24,17,-29,22,-20,20,-22,31,-26,20,-20,26,-22,33,-22,31,-24,31,-26,40,-24,29,-29,35,-26,35,-24,40,-29,49,-24,51,-22,42,-31,49,-20,40,-26,42,-29,49,-24,49,-24,55,-22,42,-35,44,-38,47,-31,47,-35,44,-26,47,-33,51,-33,49,-38,51,-33,40,-40,44,-40,42,-42,49,-49,33,-58,38,-53,47,-60,55,-62,49,-49,49,-60,53,-55,47,-69,49,-69,35,-78,42,-80,51,-78,49,-78,33,-87,44,-85,44,-87,0,0,0,0,0,0,-91,-55,-87,-53,-94,-53,-82,-53,-82,-49,-85,-53,-91,-42,-87,-44,-82,-42,-82,-51,-76,-49,-73,-55,-85,-42,-76,-47,-71,-38,-78,-47,-76,-29,-76,-33,-78,-33,-78,-20,-80,-17,-80,-22,-82,-20,-76,-22,-69,-24,-82,-20,-69,-22,-73,-13,-71,-15,-71,-20,-67,-20,-78,-24,-67,-4,-69,0,-78,-17,-80,-13,-64,-24,-60,-17,-64,-22,-62,-20,-60,-22,-58,-15,-51,-15,-53,-15,-51,-26,-53,-13,-49,-11,-42,-24,-35,-24,-29,-17,-35,-22,-24,-29,-22,-22,-24,-26,-24,-20,-17,-20,-15,-24,0,0,0,0,0,0,0,0,0,0]"""
1782313074515,2026-06-24T23:57:54.515,warning,bed_exit,yja,bed_exit_failed,t030,"CSI_DATA,334646,1a:00:00:00:00:00,-67,11,-99,18,51,11,-1286613938,47,2,256,0,""[0,0,0,0,0,0,0,0,0,0,0,0,-11,-18,-9,-27,-9,-25,-9,-27,-6,-29,-9,-29,-4,-32,-4,-32,4,-32,-2,-34,-2,-39,-4,-36,4,-41,6,-41,6,-43,9,-39,9,-41,6,-41,16,-55,27,-48,29,-52,23,-41,18,-46,20,-52,25,-46,16,-48,20,-46,25,-43,32,-46,29,-43,20,-46,32,-57,34,-52,29,-55,32,-50,32,-41,27,-52,25,-57,27,-59,20,-55,27,-59,27,-59,32,-59,32,-64,36,-71,39,-64,34,-62,36,-62,46,-66,36,-76,36,-89,29,-76,36,-76,43,-78,48,-82,55,-85,52,-82,0,0,0,0,0,0,-78,-62,-76,-55,-87,-59,-76,-55,-66,-50,-80,-57,-73,-66,-78,-64,-73,-57,-76,-69,-73,-69,-64,-52,-52,-59,-64,-59,-76,-55,-73,-48,-78,-50,-62,-48,-62,-55,-59,-55,-64,-50,-59,-43,-69,-52,-62,-69,-59,-52,-50,-59,-59,-48,-71,-39,-64,-41,-66,-41,-55,-46,-52,-41,-48,-52,-48,-55,-46,-46,-52,-64,-43,-62,-43,-57,-41,-59,-27,-52,-36,-55,-41,-43,-32,-55,-29,-46,-25,-48,-18,-46,-13,-46,-16,-43,-6,-48,-4,-43,-4,-39,2,-39,4,-32,4,-36,4,-32,4,-25,9,-25,0,0,0,0,0,0,0,0,0,0]"""
1782313074526,2026-06-24T23:57:54.526,warning,bed_exit,yja,bed_exit_failed,t030,"CSI_DATA,334647,1a:00:00:00:00:00,-67,11,-99,17,51,11,-1286601534,47,2,256,0,""[0,0,0,0,0,0,0,0,0,0,0,0,-23,-11,-23,-11,-26,-18,-21,-9,-28,-18,-21,-18,-18,-14,-30,-23,-21,-23,-30,-30,-21,-26,-23,-35,-21,-33,-18,-35,-23,-33,-11,-54,-9,-45,-11,-45,-14,-40,-2,-33,-11,-61,-11,-47,-11,-59,-4,-47,-9,-52,-2,-52,2,-54,-2,-49,9,-61,4,-54,9,-54,7,-35,0,-54,2,-56,-7,-56,2,-71,7,-68,16,-54,9,-66,7,-80,-4,-68,26,-73,23,-66,0,-73,11,-42,0,-85,11,-71,-14,-85,14,-92,-4,-90,11,-64,28,-90,28,-82,21,-92,35,-90,16,-87,28,-92,0,0,0,0,0,0,-97,-42,-109,-47,-75,-23,-82,-47,-104,-52,-71,-49,-94,-71,-73,-45,-85,-64,-61,-52,-64,-40,-82,-45,-78,-49,-90,-42,-61,-47,-66,-45,-73,-47,-71,-54,-64,-40,-68,-68,-61,-42,-66,-64,-47,-37,-59,-33,-71,-42,-59,-49,-75,-49,-52,-40,-61,-45,-56,-49,-59,-56,-49,-45,-52,-75,-37,-59,-42,-59,-23,-45,-45,-47,-33,-49,-49,-52,-37,-64,-33,-61,-16,-49,-18,-59,-16,-64,-18,-49,7,-59,2,-42,-4,-47,4,-26,-2,-40,4,-40,0,-42,9,-40,11,-37,18,-21,16,-18,14,-21,0,0,0,0,0,0,0,0,0,0]"""
1782313074536,2026-06-24T23:57:54.536,warning,bed_exit,yja,bed_exit_failed,t030,"CSI_DATA,334648,1a:00:00:00:00:00,-67,11,-99,19,51,11,-1286590484,47,2,256,0,""[0,0,0,0,0,0,0,0,0,0,0,0,15,13,22,20,17,15,22,22,20,22,17,29,17,35,11,31,8,35,8,26,13,33,11,40,11,38,8,42,4,58,6,33,4,51,2,47,0,55,-11,49,-17,51,2,47,-13,42,-2,55,-8,62,-11,49,-11,49,-17,62,0,42,-2,64,-13,51,-8,71,-22,53,-6,55,-15,60,-17,60,-17,55,-4,62,0,64,-6,55,-15,69,4,55,0,78,-13,69,-15,98,-31,62,-13,73,-26,82,-11,78,-11,82,-2,100,-4,85,-24,100,-17,82,-2,94,-22,102,-22,98,0,0,0,0,0,0,105,38,80,26,120,38,89,40,69,33,107,49,69,29,109,47,76,29,96,51,85,51,67,53,82,42,64,40,78,40,76,38,78,38,71,31,85,49,58,20,89,31,60,35,87,40,73,47,58,35,71,29,53,33,71,35,69,35,69,33,58,33,71,55,55,15,71,33,53,40,73,51,49,53,51,49,49,53,44,47,38,40,49,44,38,42,35,38,26,49,33,24,38,44,20,42,20,51,4,38,4,38,0,40,6,35,2,29,6,33,-4,29,-6,29,0,0,0,0,0,0,0,0,0,0]"""
1782313074548,2026-06-24T23:57:54.548,warning,bed_exit,yja,bed_exit_failed,t030,"CSI_DATA,334649,1a:00:00:00:00:00,-67,11,-99,18,51,11,-1286581250,47,2,256,0,""[0,0,0,0,0,0,0,0,0,0,0,0,-18,4,-29,2,-23,-2,-34,0,-20,-2,-34,-9,-32,-11,-25,-11,-29,-20,-25,-13,-36,-18,-32,-20,-36,-25,-27,-27,-32,-36,-20,-23,-34,-36,-27,-27,-36,-52,-18,-39,-13,-36,-32,-48,-11,-32,-27,-48,-27,-50,-23,-48,-16,-43,-18,-55,-18,-36,-20,-57,-16,-43,-25,-73,-13,-62,-18,-57,-13,-62,-11,-50,-13,-46,-25,-62,-23,-59,-18,-52,-16,-69,-25,-46,-34,-69,-13,-59,-32,-103,-16,-69,-23,-73,-9,-76,-18,-71,-18,-76,-29,-94,-25,-76,-25,-96,-11,-76,-20,-99,-20,-112,-9,-89,0,0,0,0,0,0,-108,-2,-76,2,-129,2,-96,-11,-62,0,-110,-9,-78,-9,-112,-9,-76,-6,-112,-20,-94,-18,-80,-20,-78,-16,-66,-18,-92,-23,-87,-18,-87,-16,-73,-13,-96,-18,-62,-9,-89,-9,-64,-11,-103,-25,-92,-29,-76,-16,-78,-27,-52,-23,-85,-18,-82,-18,-76,-20,-62,-23,-71,-39,-55,-18,-78,-34,-55,-29,-85,-46,-59,-39,-59,-34,-52,-46,-34,-34,-29,-32,-48,-43,-43,-41,-34,-43,-36,-52,-23,-27,-34,-48,-20,-36,-23,-59,-9,-43,-9,-36,-4,-34,0,-32,0,-29,-2,-32,2,-25,6,-29,0,0,0,0,0,0,0,0,0,0]"""
1782313074558,2026-06-24T23:57:54.558,warning,bed_exit,yja,bed_exit_failed,t030,"CSI_DATA,334650,1a:00:00:00:00:00,-67,11,-99,17,51,11,-1286566241,47,2,256,0,""[0,0,0,0,0,0,0,0,0,0,0,0,11,21,4,21,4,28,9,28,4,30,4,33,-2,28,7,40,-2,33,7,37,2,33,4,33,9,40,4,40,2,37,-7,49,-4,47,-2,45,0,52,0,61,4,66,-7,49,9,47,7,49,2,52,2,49,-2,49,4,47,-2,59,0,59,0,52,4,59,11,64,11,64,16,56,7,56,16,59,23,64,28,64,28,61,30,56,16,68,18,68,40,56,28,56,45,78,33,75,45,59,40,75,52,56,59,71,49,66,47,73,61,80,66,71,59,71,68,73,0,0,0,0,0,0,64,-66,73,-71,64,-78,75,-71,71,-73,61,-64,73,-82,64,-68,61,-78,59,-80,61,-71,45,-80,56,-61,37,-80,35,-80,30,-78,23,-82,18,-78,23,-73,42,-75,33,-75,23,-80,16,-75,26,-80,11,-87,16,-71,9,-80,9,-82,2,-75,2,-78,0,-73,-4,-64,21,-80,9,-73,2,-64,7,-71,0,-80,7,-71,-4,-66,14,-61,4,-64,4,-64,7,-64,4,-64,4,-52,18,-49,21,-47,2,-47,9,-40,14,-45,16,-35,14,-40,16,-28,11,-35,11,-26,14,-23,14,-21,0,0,0,0,0,0,0,0,0,0]"""
1782313074568,2026-06-24T23:57:54.568,warning,bed_exit,yja,bed_exit_failed,t030,"CSI_DATA,334651,1a:00:00:00:00:00,-67,11,-99,19,51,11,-1286557829,47,2,256,0,""[0,0,0,0,0,0,0,0,0,0,0,0,22,-8,22,-4,31,-8,29,-4,33,-4,26,0,29,0,35,-2,29,2,40,0,40,6,38,6,44,11,44,8,33,6,51,11,44,8,49,8,42,20,53,11,62,11,47,24,53,15,53,17,49,26,49,22,49,24,40,11,60,29,47,26,60,20,47,22,62,13,53,17,60,13,53,11,62,17,62,13,62,22,69,11,62,4,78,15,64,4,78,-2,60,8,85,-8,76,6,78,-8,89,2,91,6,98,8,87,15,85,-4,109,6,91,8,94,4,100,-4,0,0,0,0,0,0,0,-94,-4,-109,0,-87,-8,-96,-2,-114,-4,-89,-2,-118,-2,-91,-6,-102,0,-85,-2,-94,-15,-94,2,-78,-8,-98,-8,-87,-8,-82,-8,-89,-11,-85,-15,-69,-13,-94,-17,-71,-24,-80,-15,-71,-20,-80,-24,-85,-15,-73,-24,-78,-20,-76,-11,-76,-20,-76,-24,-76,-24,-62,-20,-87,-17,-64,-26,-67,-11,-62,-26,-71,-13,-69,-20,-64,-11,-64,-8,-67,-13,-62,6,-64,2,-58,-4,-53,0,-55,2,-42,-4,-51,2,-38,2,-49,8,-38,4,-38,4,-31,8,-35,13,-26,15,-24,17,-22,0,0,0,0,0,0,0,0,0,0]"""
1782313074579,2026-06-24T23:57:54.579,warning,bed_exit,yja,bed_exit_failed,t030,"CSI_DATA,334652,1a:00:00:00:00:00,-67,11,-99,17,51,11,-1286546516,47,2,256,0,""[0,0,0,0,0,0,0,0,0,0,0,0,-21,-2,-23,-4,-26,-9,-26,-14,-26,-16,-28,-16,-28,-11,-28,-11,-23,-16,-35,-18,-35,-23,-33,-18,-30,-26,-33,-18,-37,-23,-33,-33,-40,-33,-33,-30,-37,-40,-42,-23,-40,-23,-33,-33,-33,-33,-42,-35,-37,-37,-40,-37,-40,-35,-37,-35,-42,-37,-47,-37,-45,-33,-49,-40,-52,-37,-49,-33,-56,-30,-47,-28,-52,-28,-56,-28,-59,-26,-64,-23,-71,-16,-59,-30,-64,-26,-68,-16,-73,-26,-82,-23,-75,-23,-78,-11,-82,-23,-78,-9,-92,-18,-82,-18,-92,-9,-92,-14,-97,-9,-101,-11,-94,-7,0,0,0,0,0,0,4,97,-2,99,-4,111,2,94,-4,85,11,101,-2,101,0,101,7,92,2,104,7,92,11,92,2,82,16,87,21,94,14,80,21,87,18,82,28,80,18,78,28,87,28,68,28,80,33,75,40,73,28,73,33,56,42,75,33,68,40,68,35,66,40,64,30,71,35,66,35,49,30,68,37,68,26,61,30,59,23,56,18,52,26,56,21,59,16,52,16,54,11,49,14,45,18,45,9,45,11,45,7,37,9,35,2,30,7,30,-4,30,-2,26,-2,23,0,0,0,0,0,0,0,0,0,0]"""
1782313074589,2026-06-24T23:57:54.589,warning,bed_exit,yja,bed_exit_failed,t030,"CSI_DATA,334653,1a:00:00:00:00:00,-67,11,-99,21,50,11,-1286537359,47,2,256,0,""[0,0,0,0,0,0,0,0,0,0,0,0,0,23,0,26,2,23,0,28,0,30,-7,35,-9,30,-9,30,-9,42,-16,28,-16,33,-21,35,-16,37,-18,33,-26,47,-18,35,-21,37,-21,40,-26,40,-23,52,-18,37,-33,54,-40,33,-30,37,-33,47,-35,42,-33,47,-37,47,-21,42,-21,52,-30,47,-28,59,-35,47,-28,54,-30,49,-30,56,-28,54,-23,56,-23,54,-18,54,-28,64,-9,64,-9,71,-26,78,-28,90,-21,66,-16,85,-33,78,-11,78,-11,92,-7,97,-9,94,-11,94,-11,94,0,99,-16,104,-16,104,0,0,0,0,0,0,109,16,92,7,116,18,99,16,90,18,101,18,87,-2,101,2,99,4,101,18,99,16,82,23,94,7,80,11,82,9,90,7,85,-2,82,7,97,0,71,-16,82,-9,82,-7,87,-11,85,-7,68,-9,87,-18,71,-7,71,-14,75,-4,73,-9,68,-7,80,-7,61,-21,68,-18,78,-14,85,-21,71,-2,68,-14,73,-2,68,-7,64,0,64,-7,56,-7,47,-2,56,7,49,-2,52,0,54,9,54,14,35,11,40,11,33,16,33,11,30,11,30,16,28,14,23,14,0,0,0,0,0,0,0,0,0,0]"""
1782313074601,2026-06-24T23:57:54.601,warning,bed_exit,yja,bed_exit_failed,t030,"CSI_DATA,334654,1a:00:00:00:00:00,-67,11,-99,16,51,11,-1286525576,47,2,256,0,""[0,0,0,0,0,0,0,0,0,0,0,0,-17,-7,-21,-14,-17,-9,-26,-17,-21,-14,-29,-26,-19,-26,-21,-24,-14,-24,-17,-24,-26,-24,-26,-29,-24,-36,-17,-39,-24,-48,-17,-29,-21,-41,-21,-34,-26,-53,-4,-58,-14,-58,-7,-48,-2,-41,-19,-56,-17,-53,-14,-51,-14,-46,-7,-61,-4,-41,-12,-63,-9,-43,-9,-78,-4,-68,-4,-53,-2,-63,-7,-53,-12,-46,-24,-58,-19,-68,-21,-56,-17,-68,-21,-43,-24,-73,-17,-65,-26,-95,-9,-73,-21,-73,-12,-82,-14,-75,-19,-73,-39,-92,-31,-73,-31,-97,-17,-78,-34,-95,-31,-117,-14,-92,0,0,0,0,0,0,-104,14,-80,12,-124,26,-95,9,-65,4,-114,21,-80,12,-122,17,-73,14,-114,9,-95,4,-82,4,-80,4,-73,2,-87,19,-87,21,-85,14,-78,12,-95,17,-56,7,-87,17,-61,17,-102,14,-82,4,-70,7,-75,7,-56,7,-80,19,-75,19,-75,14,-63,14,-80,12,-58,9,-85,14,-58,9,-90,4,-75,-9,-68,-2,-65,-9,-58,-9,-48,-2,-63,-2,-63,-12,-51,-2,-58,-17,-36,-7,-56,-17,-41,-12,-53,-26,-34,-24,-29,-21,-31,-24,-19,-21,-21,-19,-21,-21,-17,-17,-17,-24,0,0,0,0,0,0,0,0,0,0]"""
1782313074612,2026-06-24T23:57:54.612,warning,bed_exit,yja,bed_exit_failed,t030,"CSI_DATA,334655,1a:00:00:00:00:00,-67,11,-99,18,51,11,-1286515366,47,2,256,0,""[0,0,0,0,0,0,0,0,0,0,0,0,4,-25,0,-20,4,-32,6,-25,11,-32,9,-25,6,-25,11,-36,18,-27,16,-41,16,-29,18,-27,16,-34,20,-36,18,-36,25,-48,16,-36,23,-41,25,-32,18,-29,32,-41,32,-48,32,-46,27,-41,34,-41,32,-36,27,-46,18,-46,36,-57,25,-50,20,-55,18,-39,18,-55,18,-55,11,-62,16,-59,16,-59,16,-57,16,-66,6,-80,2,-64,11,-73,6,-64,-9,-73,0,-50,-16,-80,2,-69,-20,-73,-16,-101,-13,-87,-4,-78,-13,-89,-16,-85,-27,-87,-16,-89,-25,-87,-34,-96,0,0,0,0,0,0,-96,43,-110,39,-73,29,-85,43,-108,48,-82,34,-103,46,-85,46,-96,52,-69,36,-69,48,-78,52,-78,50,-87,62,-69,43,-66,41,-73,52,-73,59,-57,52,-69,59,-48,57,-50,64,-41,48,-36,62,-52,71,-43,69,-46,73,-43,62,-52,66,-41,66,-36,73,-27,69,-46,76,-34,62,-27,64,-29,46,-23,71,-34,59,-23,62,-34,64,-34,55,-29,39,-41,50,-34,57,-29,46,-32,46,-27,34,-27,41,-16,25,-27,34,-27,27,-25,29,-25,25,-25,25,-16,13,-20,13,-23,11,0,0,0,0,0,0,0,0,0,0]"""
1782313074623,2026-06-24T23:57:54.623,warning,bed_exit,yja,bed_exit_failed,t030,"CSI_DATA,334656,1a:00:00:00:00:00,-67,11,-99,13,52,11,-1286504367,47,2,256,0,""[0,0,0,0,0,0,0,0,0,0,0,0,-21,7,-26,2,-23,7,-28,0,-30,0,-33,0,-33,-7,-30,-7,-42,-7,-28,-18,-37,-11,-35,-14,-37,-18,-40,-23,-40,-26,-37,-11,-37,-18,-42,-21,-37,-26,-45,-37,-45,-33,-42,-33,-37,-37,-40,-28,-40,-35,-37,-33,-42,-37,-42,-35,-47,-26,-42,-30,-54,-30,-49,-37,-45,-42,-45,-35,-40,-45,-52,-33,-52,-30,-56,-28,-54,-33,-49,-33,-54,-37,-66,-16,-66,-18,-68,-35,-78,-33,-54,-37,-73,-28,-71,-40,-75,-30,-85,-42,-90,-30,-87,-28,-87,-33,-92,-26,-97,-30,-87,-42,-99,-42,0,0,0,0,0,0,-47,97,-42,94,-49,92,-40,92,-35,85,-40,92,-40,85,-42,87,-35,90,-40,85,-37,82,-42,73,-33,90,-49,78,-35,75,-30,82,-35,75,-33,78,-37,85,-9,73,-11,75,-23,78,-21,82,-30,71,-28,71,-21,85,-26,71,-23,73,-18,73,-16,71,-18,66,-23,75,-9,66,-9,73,-21,71,-18,73,-33,64,-26,64,-33,64,-28,56,-23,56,-23,52,-26,52,-23,45,-28,45,-18,49,-23,45,-35,42,-30,35,-30,26,-30,28,-35,21,-28,23,-30,21,-26,16,-21,18,-23,4,0,0,0,0,0,0,0,0,0,0]"""
1782313074632,2026-06-24T23:57:54.632,warning,bed_exit,yja,bed_exit_failed,t030,"CSI_DATA,334657,1a:00:00:00:00:00,-67,11,-99,18,51,11,-1286493367,47,2,256,0,""[0,0,0,0,0,0,0,0,0,0,0,0,20,6,27,9,29,13,23,9,27,16,27,9,34,9,27,13,36,20,27,20,25,32,29,27,27,29,20,34,16,39,23,46,18,46,18,50,16,36,27,46,29,52,16,48,23,57,0,50,9,50,11,50,2,62,6,55,6,62,2,50,2,57,9,48,13,55,16,55,13,59,16,69,6,71,0,64,9,64,4,71,2,66,4,78,0,73,-9,73,9,59,16,76,13,71,23,80,16,87,9,85,-6,85,4,96,0,99,4,99,-23,89,0,92,-11,94,0,0,0,0,0,0,92,25,105,36,80,25,96,41,108,32,76,41,92,48,76,34,82,55,80,25,80,25,94,32,94,25,92,29,73,48,78,36,73,36,73,46,69,41,82,43,71,34,73,55,57,27,66,29,66,32,76,29,76,36,55,50,64,43,69,43,66,48,55,43,64,52,48,48,52,59,46,39,52,43,52,43,50,43,55,50,48,52,27,55,32,52,23,57,20,50,13,57,6,50,9,52,6,36,6,39,6,43,6,36,2,39,-4,36,-11,27,-6,27,-11,23,0,0,0,0,0,0,0,0,0,0]"""
1782313074644,2026-06-24T23:57:54.644,warning,bed_exit,yja,bed_exit_failed,t030,"CSI_DATA,334658,1a:00:00:00:00:00,-67,11,-99,18,50,11,-1286480926,47,2,256,0,""[0,0,0,0,0,0,0,0,0,0,0,0,-38,-15,-38,2,18,-105,-12,10,-33,23,-129,54,-46,33,-36,5,18,0,-5,-33,-41,-18,-51,-10,-51,25,-54,23,-46,38,-2,25,-43,10,-41,23,-62,7,-54,15,-46,7,-49,41,-49,7,-51,15,-62,23,-51,15,-54,20,-54,25,-41,23,-49,36,-46,31,-54,33,-46,36,-46,38,-41,43,-51,41,-43,33,-38,43,-43,38,-43,38,-46,49,-28,59,-31,64,-41,64,-51,82,-36,54,-23,74,-46,74,-25,77,-25,85,-23,95,-25,85,-23,95,-25,85,-20,100,-23,103,-20,95,0,0,0,0,0,0,113,10,95,15,111,12,108,10,85,7,103,5,82,0,100,-2,87,-10,95,2,93,-18,85,-2,90,-20,85,-7,87,-7,90,-15,82,-20,80,-23,90,-23,62,-31,69,-43,69,-36,80,-38,67,-51,62,-43,62,-46,64,-36,59,-49,59,-49,59,-43,62,-36,69,-46,41,-51,46,-59,54,-49,59,-59,43,-43,46,-54,54,-43,49,-43,46,-38,46,-43,36,-38,38,-36,49,-41,33,-41,33,-36,41,-28,38,-31,31,-23,33,-23,33,-18,31,-20,28,-20,31,-7,23,-7,28,-10,0,0,0,0,0,0,0,0,0,0]"""
1782313074655,2026-06-24T23:57:54.655,warning,bed_exit,yja,bed_exit_failed,t030,"CSI_DATA,334659,1a:00:00:00:00:00,-67,11,-99,17,51,11,-1286471125,47,2,256,0,""[0,0,0,0,0,0,0,0,0,0,0,0,26,2,26,0,30,9,28,4,30,11,26,11,28,4,35,9,40,11,37,14,33,18,30,18,30,18,40,28,37,21,47,21,40,16,49,26,35,23,28,21,42,30,54,18,52,28,37,26,47,33,45,26,52,28,52,21,56,26,47,26,54,11,37,16,54,7,56,7,64,7,68,2,66,7,56,7,61,11,80,9,71,-4,75,-2,68,-9,75,-14,56,-7,66,-28,68,-23,75,-33,92,-30,85,-26,68,-14,99,-21,90,-40,80,-35,92,-28,94,-33,78,-42,0,0,0,0,0,0,-59,-92,-61,-104,-40,-68,-64,-78,-66,-99,-54,-73,-59,-87,-56,-71,-56,-80,-49,-64,-54,-52,-64,-64,-80,-66,-73,-71,-54,-59,-59,-66,-59,-61,-66,-66,-73,-54,-78,-49,-66,-35,-73,-37,-52,-35,-59,-18,-71,-28,-85,-23,-82,-30,-61,-30,-71,-35,-71,-26,-75,-30,-73,-18,-78,-26,-73,-16,-66,-14,-56,-11,-61,-4,-64,-14,-68,-9,-73,-9,-66,-16,-47,-21,-56,-26,-61,-23,-56,-18,-54,-18,-42,-14,-49,-9,-30,-11,-37,-9,-33,-11,-40,-9,-37,-16,-35,-16,-18,-18,-23,-23,-21,-16,0,0,0,0,0,0,0,0,0,0]"""
1782313074666,2026-06-24T23:57:54.666,warning,bed_exit,yja,bed_exit_failed,t030,"CSI_DATA,334660,1a:00:00:00:00:00,-67,11,-99,19,51,11,-1286458992,47,2,256,0,""[0,0,0,0,0,0,0,0,0,0,0,0,-2,-22,4,-29,0,-17,2,-31,0,-29,8,-38,13,-31,8,-26,8,-38,13,-26,13,-35,15,-38,13,-42,15,-40,24,-47,13,-33,20,-44,17,-38,26,-51,33,-53,24,-47,26,-49,29,-38,29,-49,26,-51,29,-40,24,-42,38,-51,17,-47,22,-55,26,-42,35,-69,31,-51,29,-58,31,-58,22,-58,20,-51,11,-62,15,-64,11,-60,24,-71,-4,-60,-2,-73,11,-73,11,-91,24,-69,4,-76,20,-78,-2,-80,11,-87,-13,-94,-11,-82,-2,-94,-6,-87,-24,-100,-11,-111,-4,-89,0,0,0,0,0,0,-114,0,-94,4,-123,6,-98,-2,-76,2,-109,8,-85,13,-111,20,-78,15,-107,15,-94,8,-80,-4,-85,20,-78,8,-82,20,-76,22,-78,26,-76,22,-94,26,-55,38,-78,38,-71,26,-91,40,-82,31,-71,24,-73,40,-62,22,-64,42,-64,44,-60,40,-60,33,-78,35,-44,47,-62,51,-60,35,-76,49,-67,24,-60,31,-69,26,-55,26,-51,22,-55,35,-55,35,-42,26,-58,17,-35,24,-51,24,-42,15,-55,17,-35,2,-38,4,-40,-4,-29,2,-29,2,-35,2,-31,2,-24,0,0,0,0,0,0,0,0,0,0,0]"""
1782313074676,2026-06-24T23:57:54.676,warning,bed_exit,yja,bed_exit_failed,t030,"CSI_DATA,334661,1a:00:00:00:00:00,-67,11,-99,17,51,11,-1286448415,47,2,256,0,""[0,0,0,0,0,0,0,0,0,0,0,0,4,21,7,30,4,23,0,30,0,26,2,37,0,33,-2,30,0,30,0,30,2,40,4,40,-2,37,0,40,-4,47,-9,45,-9,54,-7,45,-11,56,-18,40,-18,40,-11,45,-11,49,-7,59,-9,52,-2,54,-7,56,-4,56,-9,49,-14,56,-2,49,-11,68,-11,64,-7,59,0,56,2,59,4,56,9,66,11,64,16,59,11,66,9,64,18,78,14,61,30,92,23,82,28,75,21,80,21,73,28,71,42,82,42,78,42,82,40,80,42,87,45,85,37,92,0,0,0,0,0,0,94,-47,75,-42,104,-54,92,-40,61,-42,92,-59,75,-45,90,-61,68,-49,87,-61,85,-49,78,-47,71,-47,61,-49,66,-73,54,-66,52,-66,47,-61,59,-59,54,-52,54,-68,45,-56,54,-75,52,-59,42,-66,42,-59,35,-56,33,-71,30,-68,26,-71,33,-68,30,-68,35,-56,40,-64,26,-61,40,-78,45,-61,37,-52,35,-56,35,-47,30,-54,28,-61,26,-54,23,-45,30,-45,28,-37,35,-49,26,-35,35,-40,30,-30,28,-28,26,-21,28,-14,23,-18,23,-23,26,-16,26,-16,0,0,0,0,0,0,0,0,0,0]"""
1782313074687,2026-06-24T23:57:54.687,warning,bed_exit,yja,bed_exit_failed,t030,"CSI_DATA,334662,1a:00:00:00:00:00,-67,11,-99,17,51,11,-1286438193,47,2,256,0,""[0,0,0,0,0,0,0,0,0,0,0,0,-9,16,-16,28,-18,14,-26,26,-16,14,-35,23,-33,18,-30,14,-30,11,-28,16,-40,18,-37,16,-33,16,-35,9,-40,9,-37,2,-54,4,-37,7,-64,-2,-49,2,-40,-2,-47,-4,-45,-7,-54,0,-49,2,-54,-4,-52,-7,-56,-9,-49,-11,-61,-14,-52,-7,-71,-14,-64,-14,-54,-4,-56,-9,-54,-14,-54,-4,-68,-2,-66,-2,-54,-2,-64,-14,-59,-9,-80,-7,-61,-7,-101,-14,-80,-16,-80,-2,-82,-14,-71,-14,-75,-4,-99,-4,-82,-4,-94,-14,-97,-14,-92,-11,-109,-16,-90,-26,0,0,0,0,0,0,-28,104,-14,73,-21,116,-35,92,-23,73,-40,106,-23,78,-37,104,-23,75,-49,106,-45,97,-33,87,-35,68,-26,73,-30,94,-21,80,-23,75,-26,75,-30,80,-30,71,-30,85,-23,68,-37,94,-37,78,-23,73,-28,59,-23,61,-23,78,-21,73,-26,71,-28,66,-28,75,-28,56,-33,75,-28,56,-47,75,-37,66,-40,52,-35,56,-37,45,-35,49,-40,49,-37,49,-30,37,-40,35,-33,28,-42,35,-37,28,-52,30,-42,21,-35,16,-37,9,-30,2,-30,7,-35,4,-28,4,-28,4,0,0,0,0,0,0,0,0,0,0]"""
1782313074699,2026-06-24T23:57:54.699,warning,bed_exit,yja,bed_exit_failed,t030,"CSI_DATA,334663,1a:00:00:00:00:00,-67,11,-99,14,52,11,-1286427367,47,2,256,0,""[0,0,0,0,0,0,0,0,0,0,0,0,-16,-20,-16,-18,-20,-25,-16,-18,-20,-27,-6,-23,-11,-29,-9,-36,-16,-36,-11,-41,-4,-39,-2,-39,-4,-41,-2,-43,2,-34,2,-57,2,-46,9,-55,6,-41,-2,-39,9,-43,2,-52,13,-62,16,-48,20,-50,18,-46,23,-55,13,-52,18,-64,11,-50,13,-62,11,-41,6,-57,13,-52,9,-64,9,-64,23,-66,20,-59,18,-64,16,-71,4,-64,13,-78,11,-64,0,-73,11,-59,4,-76,9,-76,2,-87,4,-85,6,-89,13,-76,23,-94,11,-89,9,-103,16,-92,11,-89,11,-96,0,0,0,0,0,0,-99,-18,-117,-25,-73,-20,-101,-18,-110,-32,-82,-27,-110,-27,-85,-16,-101,-32,-76,-25,-78,-18,-92,-25,-92,-18,-96,-18,-78,-25,-78,-36,-78,-23,-87,-27,-76,-18,-92,-23,-71,-9,-87,-11,-66,-9,-71,-6,-78,-13,-80,-9,-89,-18,-69,-20,-76,-20,-76,-18,-80,-20,-69,-11,-82,-23,-62,-9,-76,-18,-55,-18,-64,-11,-62,-18,-64,-18,-66,-25,-71,-34,-48,-32,-52,-34,-55,-34,-48,-29,-48,-32,-34,-27,-41,-29,-23,-25,-29,-29,-27,-32,-29,-27,-29,-29,-20,-32,-11,-20,-9,-29,-6,-27,0,0,0,0,0,0,0,0,0,0]"""
1782313074709,2026-06-24T23:57:54.709,warning,bed_exit,yja,bed_exit_failed,t030,"CSI_DATA,334664,1a:00:00:00:00:00,-67,11,-99,13,52,11,-1286415526,47,2,256,0,""[0,0,0,0,0,0,0,0,0,0,0,0,-14,18,-14,21,-16,21,-18,18,-23,18,-21,16,-21,18,-28,14,-30,21,-35,21,-35,11,-33,14,-37,14,-49,14,-45,14,-42,23,-37,14,-47,9,-47,14,-49,9,-54,0,-52,18,-56,11,-54,4,-54,9,-54,11,-56,11,-56,11,-59,18,-56,18,-56,14,-54,18,-59,23,-56,18,-54,21,-54,28,-54,23,-56,23,-64,28,-66,28,-64,33,-56,45,-56,40,-68,45,-56,40,-52,45,-54,49,-64,45,-64,61,-75,59,-66,52,-71,61,-71,61,-68,61,-78,64,-75,71,-75,71,0,0,0,0,0,0,66,75,73,82,61,71,66,78,66,78,59,75,73,78,68,75,64,73,54,61,61,59,54,64,80,64,68,64,59,66,64,61,61,59,64,61,66,64,71,40,68,40,64,45,64,42,68,37,64,45,78,37,68,42,61,45,64,45,61,33,64,40,71,40,68,30,68,33,64,33,64,33,64,33,61,30,64,37,59,30,52,37,42,35,47,37,42,40,42,35,42,30,40,30,35,35,28,26,26,28,23,26,26,30,23,28,18,28,14,30,11,28,9,26,0,0,0,0,0,0,0,0,0,0]"""
1782313074720,2026-06-24T23:57:54.720,warning,bed_exit,yja,bed_exit_failed,t030,"CSI_DATA,334665,1a:00:00:00:00:00,-67,11,-99,16,51,11,-1286405219,47,2,256,0,""[0,0,0,0,0,0,0,0,0,0,0,0,-9,-19,-12,-26,-12,-17,-9,-31,-12,-21,-2,-41,2,-36,4,-29,2,-36,7,-29,4,-41,9,-41,9,-36,12,-31,14,-48,7,-29,19,-48,19,-39,31,-56,26,-41,26,-24,24,-46,31,-29,36,-39,39,-41,39,-36,39,-31,46,-46,21,-29,34,-48,39,-36,48,-61,43,-39,39,-48,46,-43,48,-39,36,-36,43,-51,39,-41,39,-39,56,-41,36,-53,48,-68,51,-48,78,-75,61,-48,61,-61,68,-41,51,-51,58,-56,70,-70,73,-63,75,-68,68,-53,65,-61,85,-73,73,-58,0,0,0,0,0,0,-61,-95,-39,-68,-61,-104,-39,-90,-21,-70,-51,-109,-34,-65,-43,-97,-36,-65,-34,-114,-36,-100,-24,-80,-26,-90,-14,-70,-21,-90,-21,-87,-24,-80,-17,-70,-21,-95,-21,-61,-29,-82,-24,-68,-31,-95,-19,-82,-14,-65,-24,-78,-7,-61,-21,-78,-14,-80,-14,-75,-4,-68,-7,-85,-19,-51,-19,-78,-12,-70,-9,-92,9,-70,-2,-68,12,-68,12,-61,9,-56,7,-65,7,-51,12,-48,24,-48,9,-41,14,-53,19,-39,36,-53,24,-29,26,-36,34,-26,21,-21,26,-14,26,-24,21,-14,21,-7,0,0,0,0,0,0,0,0,0,0]"""
1782313074732,2026-06-24T23:57:54.732,warning,bed_exit,yja,bed_exit_failed,t030,"CSI_DATA,334666,1a:00:00:00:00:00,-67,11,-99,17,51,11,-1286394134,47,2,256,0,""[0,0,0,0,0,0,0,0,0,0,0,0,-21,-7,-28,-11,-26,-16,-23,-23,-23,-18,-28,-23,-28,-23,-23,-28,-18,-26,-18,-26,-26,-33,-21,-33,-18,-37,-21,-37,-16,-37,-16,-42,-18,-52,-16,-45,-11,-52,-18,-42,-11,-40,-7,-47,-4,-54,-9,-59,-2,-52,-7,-54,-2,-49,-11,-59,0,-54,0,-59,-11,-56,-7,-66,-9,-64,-2,-59,-7,-64,-7,-59,-4,-61,-9,-73,-2,-66,-2,-61,-7,-66,-7,-66,-11,-78,-11,-66,-7,-87,-16,-80,-9,-73,-16,-82,-9,-68,-9,-80,-11,-94,-2,-82,-16,-92,-9,-99,-7,-94,-2,-104,-2,-101,0,0,0,0,0,0,-99,-2,-85,0,-116,0,-104,9,-82,-2,-101,-2,-92,-9,-101,-9,-82,-7,-104,-11,-99,-4,-94,-7,-82,-11,-80,-9,-94,-9,-82,-7,-85,-16,-80,-7,-87,-2,-80,-4,-92,-7,-78,0,-87,-9,-82,-7,-78,-2,-68,-11,-73,-2,-82,-2,-78,-9,-75,-7,-68,-9,-71,-4,-71,-11,-68,-11,-64,-4,-78,-21,-75,-11,-68,-11,-66,-18,-56,-23,-54,-26,-61,-21,-45,-28,-49,-26,-47,-23,-37,-28,-47,-28,-42,-26,-35,-33,-33,-28,-30,-28,-21,-30,-21,-28,-11,-26,-21,-26,-11,-28,-7,-26,0,0,0,0,0,0,0,0,0,0]"""
1782313074742,2026-06-24T23:57:54.742,warning,bed_exit,yja,bed_exit_failed,t030,"CSI_DATA,334667,1a:00:00:00:00:00,-67,11,-99,19,51,11,-1286383367,47,2,256,0,""[0,0,0,0,0,0,0,0,0,0,0,0,15,15,22,24,17,15,22,26,17,20,22,29,17,31,20,26,22,31,13,29,20,35,20,40,15,40,17,38,24,49,22,33,29,51,22,44,26,51,8,49,2,51,26,44,15,47,22,49,22,51,29,53,22,44,29,58,26,33,38,58,24,42,35,55,24,44,33,49,33,53,49,44,38,40,49,40,53,42,44,38,55,51,58,20,76,38,55,42,80,47,60,47,73,29,73,47,78,33,71,31,80,29,91,15,100,26,78,24,89,15,107,29,91,35,0,0,0,0,0,0,26,-114,26,-89,24,-114,24,-100,15,-76,17,-105,8,-78,6,-114,13,-78,6,-107,4,-100,6,-82,-6,-102,6,-78,-6,-87,-11,-89,-6,-82,-11,-78,-15,-98,-33,-60,-33,-87,-17,-71,-31,-87,-22,-78,-24,-71,-33,-76,-24,-62,-33,-69,-40,-69,-35,-64,-33,-62,-35,-82,-40,-42,-47,-64,-38,-55,-51,-78,-29,-60,-38,-55,-29,-67,-33,-55,-29,-49,-31,-51,-33,-47,-26,-42,-24,-53,-26,-35,-40,-53,-15,-42,-26,-49,-13,-33,-17,-35,-8,-38,-13,-31,-8,-24,-8,-33,-11,-29,-4,-29,0,0,0,0,0,0,0,0,0,0]"""
1782313074754,2026-06-24T23:57:54.754,warning,bed_exit,yja,bed_exit_failed,t030,"CSI_DATA,334668,1a:00:00:00:00:00,-67,11,-99,17,51,11,-1286372367,47,2,256,0,""[0,0,0,0,0,0,0,0,0,0,0,0,-26,9,-26,4,-33,4,-23,2,-35,-2,-26,-2,-26,0,-35,0,-37,-7,-42,-4,-33,-11,-35,-21,-35,-18,-37,-23,-37,-23,-42,-37,-33,-35,-33,-40,-26,-23,-33,-33,-49,-37,-35,-40,-40,-52,-23,-40,-30,-42,-30,-45,-23,-59,-21,-47,-18,-64,-18,-47,-16,-61,-16,-35,-23,-49,-28,-47,-33,-49,-30,-61,-26,-66,-9,-59,-23,-66,-21,-73,-23,-56,-11,-78,-7,-61,-23,-73,-18,-49,-28,-71,-21,-71,-42,-73,-30,-90,-37,-85,-7,-71,-7,-94,-7,-82,-14,-101,4,-94,-18,-87,-4,-97,0,0,0,0,0,0,-99,-7,-123,-23,-71,-7,-94,-21,-116,-28,-80,-28,-109,-40,-80,-26,-101,-40,-68,-26,-75,-23,-92,-18,-92,-26,-101,-23,-68,-37,-80,-28,-80,-23,-82,-40,-66,-35,-87,-42,-66,-35,-73,-47,-56,-26,-56,-21,-71,-26,-71,-28,-82,-35,-54,-35,-64,-37,-64,-40,-61,-54,-56,-42,-61,-64,-42,-47,-52,-54,-35,-33,-52,-37,-45,-49,-54,-40,-49,-59,-37,-59,-18,-54,-28,-52,-18,-59,-18,-49,-9,-59,-2,-47,-7,-47,0,-28,-4,-35,-2,-40,-7,-37,2,-45,9,-37,16,-23,16,-26,14,-21,0,0,0,0,0,0,0,0,0,0]"""
1782313074766,2026-06-24T23:57:54.766,warning,bed_exit,yja,bed_exit_failed,t030,"CSI_DATA,334669,1a:00:00:00:00:00,-67,11,-99,18,51,11,-1286361334,47,2,256,0,""[0,0,0,0,0,0,0,0,0,0,0,0,-18,16,-23,11,-25,9,-29,11,-27,9,-36,6,-36,6,-36,2,-32,2,-29,-2,-41,-2,-41,-9,-41,-13,-43,-11,-43,-13,-39,-13,-46,-20,-43,-11,-50,-20,-48,-32,-52,-29,-36,-32,-41,-32,-46,-32,-36,-29,-46,-39,-41,-36,-48,-39,-39,-34,-41,-43,-46,-34,-43,-52,-43,-46,-41,-43,-34,-43,-46,-41,-41,-43,-55,-41,-39,-46,-36,-46,-43,-48,-46,-50,-62,-46,-48,-48,-66,-69,-57,-57,-62,-59,-52,-66,-43,-55,-52,-64,-64,-76,-52,-64,-62,-71,-57,-76,-62,-80,-59,-87,-48,-82,0,0,0,0,0,0,-87,57,-73,43,-96,50,-87,57,-76,36,-92,55,-87,39,-92,34,-80,39,-101,36,-96,29,-80,27,-78,20,-73,16,-89,34,-80,20,-82,23,-76,13,-78,25,-71,23,-80,32,-73,29,-89,23,-85,18,-73,20,-71,9,-71,13,-82,18,-71,16,-73,9,-71,13,-78,13,-64,9,-73,11,-66,13,-82,0,-73,-2,-71,-6,-69,-11,-59,-11,-55,-11,-64,-6,-55,-20,-48,-13,-50,-16,-46,-11,-50,-18,-39,-18,-43,-27,-36,-25,-27,-25,-27,-23,-18,-23,-18,-25,-23,-27,-11,-20,-13,-23,0,0,0,0,0,0,0,0,0,0]"""
1782313074777,2026-06-24T23:57:54.777,warning,bed_exit,yja,bed_exit_failed,t030,"CSI_DATA,334670,1a:00:00:00:00:00,-67,11,-99,19,51,11,-1286350072,47,2,256,0,""[0,0,0,0,0,0,0,0,0,0,0,0,-26,4,-26,8,-20,2,-31,4,-26,2,-40,-2,-35,0,-29,-2,-33,-8,-29,-8,-44,-4,-38,-6,-38,-11,-38,-13,-42,-20,-35,-22,-49,-26,-40,-22,-49,-40,-35,-35,-26,-29,-35,-33,-33,-31,-42,-33,-42,-38,-47,-33,-40,-38,-47,-44,-29,-33,-44,-47,-38,-40,-47,-55,-40,-53,-38,-42,-38,-47,-35,-44,-42,-38,-53,-40,-49,-44,-42,-38,-49,-51,-44,-35,-67,-53,-51,-47,-76,-69,-51,-60,-64,-51,-58,-60,-47,-60,-58,-53,-80,-60,-71,-49,-73,-62,-64,-62,-69,-64,-71,-71,-58,-78,0,0,0,0,0,0,-80,71,-55,51,-96,78,-78,62,-58,44,-85,67,-69,47,-91,67,-67,47,-98,69,-87,53,-73,51,-76,44,-64,38,-73,58,-60,58,-62,55,-60,47,-69,53,-58,38,-73,53,-51,44,-80,55,-71,44,-62,47,-60,33,-49,35,-58,53,-58,51,-53,49,-51,40,-64,47,-53,33,-69,42,-51,33,-80,42,-67,29,-64,29,-64,22,-55,17,-47,22,-60,29,-55,22,-44,15,-53,11,-42,6,-55,13,-42,2,-58,0,-44,-6,-38,-2,-35,-11,-29,-8,-31,-4,-33,-8,-26,-6,-26,-6,0,0,0,0,0,0,0,0,0,0]"""
1782313074788,2026-06-24T23:57:54.788,warning,bed_exit,yja,bed_exit_failed,t030,"CSI_DATA,334671,1a:00:00:00:00:00,-67,11,-99,16,51,11,-1286335755,47,2,256,0,""[0,0,0,0,0,0,0,0,0,0,0,0,0,26,2,26,-7,31,-2,29,-7,29,-9,29,-4,31,-7,36,-12,39,-17,39,-21,34,-24,34,-19,31,-24,34,-19,34,-39,43,-29,41,-34,41,-31,29,-21,43,-29,53,-39,34,-41,43,-39,34,-43,34,-46,31,-51,29,-39,39,-48,39,-41,26,-46,36,-36,31,-39,48,-39,41,-41,48,-46,43,-56,43,-61,39,-56,43,-53,48,-41,48,-61,51,-58,48,-36,61,-41,41,-43,78,-53,58,-41,70,-56,73,-51,73,-53,51,-65,56,-63,65,-61,73,-73,58,-58,58,-63,78,0,0,0,0,0,0,75,65,85,80,61,58,73,65,90,82,63,65,75,80,63,61,65,75,56,68,63,58,82,58,70,63,75,68,51,68,53,61,58,61,58,58,53,46,75,65,56,53,68,58,46,41,53,34,68,41,65,43,68,48,56,51,53,51,53,51,61,56,56,39,65,61,48,48,51,46,43,39,58,41,41,46,58,41,46,46,41,53,26,51,26,53,34,56,29,43,19,56,12,43,24,36,7,29,17,41,9,39,21,36,9,34,0,34,-4,24,-2,26,-4,24,0,0,0,0,0,0,0,0,0,0]"""
1782313074799,2026-06-24T23:57:54.799,warning,bed_exit,yja,bed_exit_failed,t030,"CSI_DATA,334672,1a:00:00:00:00:00,-67,11,-99,16,51,11,-1286328364,47,2,256,0,""[0,0,0,0,0,0,0,0,0,0,0,0,65,17,-21,-117,-12,34,-31,46,-26,43,0,-7,-12,-75,-73,-39,21,-61,7,-2,39,-92,14,-26,17,-26,-2,-68,41,-24,7,-39,4,-39,21,-19,36,-36,39,-51,31,-43,41,-26,36,-31,36,-29,46,-29,46,-34,51,-26,58,-21,31,-21,53,-26,51,-26,65,-29,53,-12,53,-19,63,-12,56,-17,56,-24,58,-39,53,-21,53,-21,65,-14,51,-31,68,-36,65,-17,92,-34,70,-19,80,-26,82,-4,70,-19,78,-9,87,-26,87,-24,97,-17,87,-14,90,-29,97,-14,95,2,0,0,0,0,0,0,9,-114,9,-75,21,-114,14,-102,17,-78,21,-112,14,-73,21,-104,17,-80,31,-107,34,-95,36,-73,24,-92,34,-65,26,-85,29,-85,34,-75,26,-70,43,-82,12,-61,24,-90,31,-68,39,-78,39,-70,43,-61,34,-65,39,-58,39,-65,31,-68,34,-65,39,-58,53,-63,26,-51,43,-63,43,-48,56,-68,53,-36,48,-46,56,-39,53,-34,48,-29,48,-36,48,-36,41,-21,53,-19,36,-26,48,-19,43,-9,58,-9,43,7,39,0,39,7,36,4,31,4,29,9,26,7,17,7,0,0,0,0,0,0,0,0,0,0]"""
1782313074813,2026-06-24T23:57:54.813,warning,bed_exit,yja,bed_exit_failed,t030,"CSI_DATA,334673,1a:00:00:00:00:00,-67,11,-99,16,51,11,-1286311852,47,2,256,0,""[0,0,0,0,0,0,0,0,0,0,0,0,26,4,24,9,31,12,29,9,29,17,21,17,26,12,39,19,29,21,31,17,34,19,29,26,26,26,31,31,26,26,46,34,36,26,41,34,36,26,34,36,48,43,34,29,56,31,43,34,39,34,43,34,46,36,46,26,56,43,43,29,58,24,41,19,56,19,48,19,58,17,65,14,65,26,63,17,63,17,73,14,61,0,85,12,75,9,68,-4,56,2,87,-19,80,-2,80,-21,78,-14,82,-12,78,-7,92,-14,80,-21,97,-29,90,-17,82,-19,90,-36,0,0,0,0,0,0,-39,-82,-43,-100,-31,-73,-51,-87,-56,-104,-36,-80,-53,-92,-36,-75,-56,-85,-46,-65,-53,-63,-61,-68,-61,-65,-68,-73,-53,-63,-53,-65,-58,-65,-63,-56,-61,-41,-80,-61,-65,-43,-73,-41,-63,-34,-61,-31,-75,-31,-65,-34,-80,-34,-73,-26,-61,-34,-75,-21,-78,-21,-61,-2,-78,-34,-58,-24,-70,-12,-53,-17,-73,-7,-61,-14,-70,-12,-61,-17,-63,-14,-46,-14,-56,-21,-58,-19,-51,-7,-53,-21,-43,-12,-51,-9,-31,-7,-46,-12,-39,-12,-43,-7,-31,-17,-31,-14,-24,-14,-24,-12,-19,-9,0,0,0,0,0,0,0,0,0,0]"""
1782313074823,2026-06-24T23:57:54.823,warning,bed_exit,yja,bed_exit_failed,t030,"CSI_DATA,334674,1a:00:00:00:00:00,-67,11,-99,13,52,11,-1286306349,47,2,256,0,""[0,0,0,0,0,0,0,0,0,0,0,0,14,-21,11,-23,18,-26,14,-21,28,-23,21,-16,23,-16,33,-16,26,-26,45,-16,40,-9,37,-9,42,-9,47,-11,49,-9,56,-9,40,-11,47,-7,35,-2,54,-2,61,-2,56,-4,59,4,49,14,59,18,49,11,52,14,56,11,71,7,52,4,59,4,47,11,52,4,54,9,64,9,66,4,71,18,59,16,68,18,75,16,73,11,78,9,64,7,75,0,59,7,68,-2,71,11,87,0,94,7,94,18,75,18,87,21,80,11,94,11,97,18,87,23,99,16,0,0,0,0,0,0,33,-97,40,-116,28,-82,16,-99,42,-109,30,-78,35,-101,35,-82,37,-97,33,-61,28,-75,30,-82,26,-90,42,-97,40,-66,42,-71,40,-75,42,-78,40,-68,40,-87,26,-68,30,-82,21,-56,18,-68,30,-71,28,-80,35,-82,30,-59,42,-66,35,-61,40,-71,33,-66,37,-75,30,-61,30,-68,30,-47,33,-54,35,-56,37,-56,35,-59,52,-54,40,-30,56,-33,49,-35,45,-33,42,-35,37,-26,40,-30,30,-16,30,-21,30,-14,35,-16,37,-11,37,-9,28,7,28,0,26,2,0,0,0,0,0,0,0,0,0,0]"""
1782313074835,2026-06-24T23:57:54.835,warning,bed_exit,yja,bed_exit_failed,t030,"CSI_DATA,334675,1a:00:00:00:00:00,-67,11,-99,17,51,11,-1286294298,47,2,256,0,""[0,0,0,0,0,0,0,0,0,0,0,0,-16,-18,-21,-18,-18,-18,-16,-26,-14,-26,-14,-26,-16,-30,-7,-37,-16,-35,-4,-35,-9,-42,-2,-40,-7,-40,-4,-40,-4,-47,-11,-40,-11,-49,-2,-52,2,-47,-2,-45,9,-40,2,-56,7,-54,4,-52,11,-54,7,-56,9,-59,2,-64,-4,-54,-2,-56,-2,-59,2,-59,7,-54,7,-64,9,-64,-2,-61,0,-64,-2,-61,-2,-59,-7,-64,0,-75,-18,-64,-23,-71,-14,-75,-18,-75,-16,-80,-23,-80,-14,-80,-23,-73,-18,-82,-30,-82,-30,-90,-35,-97,-28,-90,-42,-85,-23,-90,-23,-92,0,0,0,0,0,0,-104,33,-104,26,-90,23,-92,26,-92,23,-94,33,-92,26,-92,28,-85,21,-92,23,-87,30,-85,9,-90,40,-85,16,-82,28,-80,16,-78,18,-71,26,-82,18,-64,37,-75,42,-66,37,-75,33,-54,33,-68,16,-71,42,-66,33,-73,37,-68,33,-66,30,-61,40,-66,33,-54,42,-56,45,-66,37,-66,37,-64,21,-61,30,-64,26,-59,23,-56,23,-56,26,-54,16,-52,18,-52,9,-42,18,-47,14,-47,7,-47,9,-37,0,-40,0,-35,-4,-40,0,-28,-4,-28,0,-28,-2,-28,-7,0,0,0,0,0,0,0,0,0,0]"""
1782313074845,2026-06-24T23:57:54.845,warning,bed_exit,yja,bed_exit_failed,t030,"CSI_DATA,334676,1a:00:00:00:00:00,-67,11,-99,14,52,11,-1286284367,47,2,256,0,""[0,0,0,0,0,0,0,0,0,0,0,0,20,-16,20,-16,32,-11,25,-11,29,-9,29,-9,32,-6,39,-11,29,-2,46,-11,39,-13,34,-9,43,-11,46,-2,41,-2,57,6,50,4,48,13,46,9,50,2,57,0,48,18,57,2,55,6,55,6,50,6,55,9,48,4,62,23,57,20,59,13,55,18,66,11,59,13,57,4,59,11,69,4,64,6,73,0,71,2,64,-2,80,9,69,13,73,0,55,0,89,-11,76,6,78,-20,89,6,87,-11,82,-4,82,-4,80,0,105,-11,96,-6,92,0,101,-9,0,0,0,0,0,0,2,-96,2,-112,0,-87,2,-103,0,-112,-4,-87,4,-112,6,-85,6,-101,-6,-85,-2,-89,-9,-99,2,-85,-16,-96,-16,-82,-20,-78,-20,-80,-13,-80,-13,-69,-6,-89,-16,-69,-13,-80,-13,-73,-18,-76,-18,-80,-11,-71,-29,-76,-25,-71,-29,-69,-32,-71,-25,-69,-27,-57,-6,-85,-11,-66,-16,-66,-4,-55,-18,-71,-4,-71,-13,-66,-4,-62,-6,-64,-4,-57,-4,-59,-4,-57,-2,-48,6,-57,13,-48,2,-48,4,-36,4,-50,13,-36,2,-36,16,-29,6,-29,13,-29,13,-20,13,-20,0,0,0,0,0,0,0,0,0,0]"""
1782313074856,2026-06-24T23:57:54.856,warning,bed_exit,yja,bed_exit_failed,t030,"CSI_DATA,334677,1a:00:00:00:00:00,-67,11,-99,19,51,11,-1286271677,47,2,256,0,""[0,0,0,0,0,0,0,0,0,0,0,0,17,-15,26,-24,17,-13,29,-17,20,-15,35,-20,33,-13,26,-13,35,-15,29,-11,38,-13,35,-17,42,-20,42,-15,49,-22,35,-8,58,-13,33,-11,60,-17,58,-20,47,-29,53,-15,38,-13,53,-20,51,-22,49,-22,47,-15,58,-22,42,-15,62,-29,44,-17,71,-35,62,-26,53,-35,53,-26,47,-29,40,-26,49,-47,49,-49,44,-42,51,-55,38,-38,51,-58,42,-53,60,-71,53,-62,35,-64,51,-64,44,-67,35,-71,40,-91,31,-71,42,-82,38,-73,35,-89,38,-98,40,-85,0,0,0,0,0,0,-98,-38,-76,-22,-120,-29,-82,-33,-69,-15,-107,-24,-82,-15,-109,-24,-73,-11,-111,-33,-91,-13,-82,-8,-73,-13,-78,-6,-91,8,-87,13,-85,8,-73,8,-87,11,-60,8,-89,15,-55,13,-100,24,-82,20,-71,24,-71,22,-53,20,-69,38,-71,35,-64,38,-62,26,-69,29,-53,29,-69,38,-53,29,-82,47,-69,29,-60,35,-64,29,-51,20,-49,22,-51,38,-53,35,-47,24,-49,22,-38,15,-49,22,-38,15,-53,15,-38,11,-35,13,-33,4,-33,6,-26,6,-31,11,-24,4,-24,6,0,0,0,0,0,0,0,0,0,0]"""
1782313074867,2026-06-24T23:57:54.867,warning,bed_exit,yja,bed_exit_failed,t030,"CSI_DATA,334678,1a:00:00:00:00:00,-67,11,-99,14,52,11,-1286259236,47,2,256,0,""[0,0,0,0,0,0,0,0,0,0,0,0,-25,-4,-25,-9,-29,-13,-25,-11,-25,-23,-23,-16,-23,-9,-34,-18,-29,-20,-39,-23,-32,-18,-32,-20,-32,-20,-29,-34,-32,-32,-39,-43,-32,-32,-32,-43,-23,-39,-23,-29,-32,-39,-36,-41,-46,-43,-29,-43,-34,-41,-39,-39,-36,-46,-43,-36,-36,-59,-34,-48,-39,-43,-27,-34,-39,-34,-46,-36,-55,-32,-55,-36,-57,-36,-43,-41,-57,-36,-59,-46,-64,-29,-62,-46,-62,-41,-62,-32,-41,-25,-73,-23,-69,-25,-85,-4,-87,-34,-87,-20,-57,-34,-87,-32,-85,-25,-94,-27,-89,-34,-85,-32,-87,-23,0,0,0,0,0,0,-39,96,-32,115,-20,71,-16,96,-32,117,-27,82,-29,103,-29,80,-32,96,-13,78,0,73,6,85,-4,92,4,99,-4,78,4,80,0,87,-2,96,6,80,2,89,6,71,9,80,9,55,13,64,23,78,20,78,32,78,11,71,20,76,29,69,23,76,34,64,9,85,11,66,25,69,11,50,29,62,20,62,32,59,25,71,18,62,6,52,9,62,4,57,11,57,-2,52,-6,48,6,46,2,29,4,41,4,34,9,39,-4,36,0,32,-6,25,-11,23,-9,20,0,0,0,0,0,0,0,0,0,0]"""
1782313074877,2026-06-24T23:57:54.877,warning,bed_exit,yja,bed_exit_failed,t030,"CSI_DATA,334679,1a:00:00:00:00:00,-67,11,-99,19,51,11,-1286248539,47,2,256,0,""[0,0,0,0,0,0,0,0,0,0,0,0,22,-2,29,0,29,-2,29,6,29,2,31,11,31,8,29,8,42,13,33,13,31,20,33,26,33,26,33,29,47,31,31,20,38,31,35,35,42,35,38,47,33,47,40,42,29,42,33,47,31,47,29,49,26,49,29,58,35,42,35,44,35,49,42,55,29,49,29,49,31,60,33,55,33,51,38,49,40,53,35,51,33,67,51,44,51,49,47,64,49,69,35,51,49,58,33,71,55,64,53,78,60,67,55,73,55,78,51,73,58,76,55,89,58,89,0,0,0,0,0,0,98,-49,91,-47,98,-47,89,-44,76,-35,96,-42,78,-40,96,-47,80,-44,85,-38,82,-35,73,-24,89,-40,80,-24,76,-26,78,-29,78,-33,76,-31,87,-29,55,-35,71,-42,71,-33,71,-38,71,-33,67,-26,78,-38,60,-22,67,-33,73,-29,64,-22,67,-24,76,-20,60,-33,60,-35,64,-24,80,-29,69,-15,64,-22,69,-8,62,-8,58,-11,55,-11,55,-6,51,-2,58,2,44,-11,49,0,51,4,47,8,31,11,35,6,33,17,31,11,31,15,26,20,20,15,24,15,0,0,0,0,0,0,0,0,0,0]"""
1782313074888,2026-06-24T23:57:54.888,warning,bed_exit,yja,bed_exit_failed,t030,"CSI_DATA,334680,1a:00:00:00:00:00,-67,11,-99,19,51,11,-1286238737,47,2,256,0,""[0,0,0,0,0,0,0,0,0,0,0,0,13,-26,15,-20,17,-29,11,-20,24,-20,17,-20,17,-26,29,-31,26,-26,24,-33,26,-20,33,-31,35,-26,33,-24,38,-22,47,-31,35,-24,49,-24,31,-22,40,-22,55,-38,44,-29,53,-38,38,-17,42,-29,47,-33,55,-31,47,-31,58,-29,42,-26,58,-31,31,-22,38,-38,38,-40,33,-40,49,-53,47,-55,49,-40,40,-55,53,-58,44,-51,55,-55,47,-49,47,-55,35,-42,29,-62,35,-67,15,-80,35,-87,26,-82,40,-60,40,-85,47,-80,31,-87,49,-85,31,-80,26,-96,0,0,0,0,0,0,-91,-31,-107,-49,-67,-29,-89,-38,-118,-42,-82,-42,-96,-44,-80,-29,-89,-40,-73,-13,-73,-11,-91,-6,-98,-11,-96,-4,-78,-17,-85,-2,-85,-4,-91,-11,-71,0,-89,-6,-78,-4,-89,-4,-55,4,-58,13,-73,17,-76,22,-82,20,-69,6,-73,20,-76,24,-82,17,-69,17,-82,11,-67,6,-76,8,-49,8,-58,20,-62,22,-60,33,-69,17,-67,20,-53,-2,-62,15,-62,0,-53,4,-53,0,-44,-4,-51,2,-29,4,-40,4,-40,0,-38,8,-40,0,-38,6,-22,-11,-22,-6,-26,-8,0,0,0,0,0,0,0,0,0,0]"""
1782313074899,2026-06-24T23:57:54.899,warning,bed_exit,yja,bed_exit_failed,t030,"CSI_DATA,334681,1a:00:00:00:00:00,-67,11,-99,19,51,11,-1286229368,47,2,256,0,""[0,0,0,0,0,0,0,0,0,0,0,0,-22,-11,-17,-13,-20,-20,-17,-20,-20,-26,-22,-26,-22,-33,-24,-31,-11,-31,-17,-35,-20,-40,-13,-35,-11,-42,-4,-38,-6,-38,-4,-47,-2,-44,-2,-53,0,-51,15,-58,11,-64,15,-44,8,-58,11,-64,15,-55,11,-53,15,-51,11,-44,26,-58,24,-51,20,-55,22,-55,26,-62,26,-62,20,-51,17,-49,20,-62,20,-69,24,-62,22,-60,26,-58,31,-64,26,-60,22,-73,26,-71,33,-82,31,-67,33,-71,35,-69,42,-82,40,-91,35,-64,33,-67,49,-91,44,-82,47,-82,58,-87,0,0,0,0,0,0,-73,-64,-67,-62,-82,-64,-71,-67,-67,-67,-67,-60,-76,-78,-58,-71,-64,-73,-62,-71,-67,-71,-67,-64,-49,-60,-62,-69,-67,-67,-53,-58,-53,-69,-53,-60,-47,-49,-47,-67,-47,-58,-55,-55,-49,-62,-55,-71,-53,-60,-35,-58,-49,-60,-49,-62,-47,-62,-44,-55,-42,-55,-35,-44,-35,-71,-29,-62,-38,-58,-26,-67,-33,-73,-24,-62,-17,-62,-11,-60,-15,-58,-13,-62,-6,-58,-8,-51,-2,-49,-2,-51,2,-42,4,-51,4,-42,11,-42,6,-40,11,-35,13,-26,17,-33,20,-22,13,-17,15,-17,0,0,0,0,0,0,0,0,0,0]"""
1782313074914,2026-06-24T23:57:54.914,warning,bed_exit,yja,bed_exit_failed,t030,"CSI_DATA,334682,1a:00:00:00:00:00,-67,11,-99,20,51,11,-1286210680,47,2,256,0,""[0,0,0,0,0,0,0,0,0,0,0,0,-4,-26,-2,-28,2,-23,4,-30,2,-26,2,-39,8,-36,8,-39,10,-34,8,-34,2,-45,2,-39,8,-39,4,-39,8,-41,15,-41,15,-52,10,-45,15,-58,19,-36,19,-34,17,-45,19,-50,8,-54,6,-56,8,-58,6,-52,13,-58,15,-50,17,-58,13,-54,13,-67,15,-63,4,-58,6,-56,15,-56,-2,-63,-15,-67,-13,-67,-15,-58,-13,-67,-10,-65,-15,-78,-19,-56,-23,-82,-21,-84,-26,-80,-23,-78,-26,-73,-32,-69,-50,-76,-50,-69,-50,-78,-43,-80,-52,-76,-56,-82,-50,-87,0,0,0,0,0,0,-89,56,-71,52,-84,69,-82,54,-60,54,-80,73,-60,56,-73,69,-56,58,-73,73,-76,65,-60,60,-63,60,-43,60,-41,82,-32,78,-30,78,-30,69,-34,73,-36,63,-36,76,-26,65,-30,80,-36,76,-17,67,-28,69,-13,67,-6,78,-2,71,0,78,-2,69,-4,69,-10,65,-8,71,0,60,-8,80,-15,69,-6,71,-8,63,-15,63,-2,56,0,60,-2,54,-4,52,-4,52,-8,43,-8,52,-10,41,-15,47,-17,41,-15,39,-10,34,-8,28,-8,23,-13,28,-10,28,-8,23,0,0,0,0,0,0,0,0,0,0]"""
1782313074925,2026-06-24T23:57:54.925,warning,bed_exit,yja,bed_exit_failed,t030,"CSI_DATA,334683,1a:00:00:00:00:00,-67,11,-99,18,51,11,-1286207368,47,2,256,0,""[0,0,0,0,0,0,0,0,0,0,0,0,6,-20,11,-23,9,-27,11,-29,13,-27,18,-34,13,-27,20,-34,23,-29,18,-27,23,-34,20,-32,27,-34,25,-34,27,-34,32,-34,36,-41,32,-36,39,-41,36,-32,34,-27,34,-29,34,-41,36,-46,39,-41,29,-46,34,-46,32,-43,39,-41,34,-41,29,-43,34,-52,27,-55,32,-50,27,-55,29,-50,25,-52,25,-66,20,-62,18,-59,16,-62,20,-62,13,-73,6,-66,16,-82,9,-82,9,-80,-2,-87,9,-78,-2,-71,-9,-85,4,-82,-4,-92,-9,-99,-11,-94,-6,-94,-13,-92,0,0,0,0,0,0,-94,25,-87,13,-96,23,-94,29,-85,27,-94,32,-85,27,-94,29,-76,32,-96,34,-87,34,-87,41,-71,36,-76,36,-78,46,-76,39,-64,50,-62,41,-55,48,-69,48,-66,52,-52,55,-62,55,-50,59,-52,55,-50,43,-43,50,-43,62,-43,57,-41,62,-39,57,-32,57,-43,57,-43,59,-27,52,-39,59,-36,59,-36,57,-29,52,-39,48,-29,46,-29,50,-34,48,-23,41,-29,43,-32,41,-29,43,-25,32,-29,34,-23,36,-25,25,-25,25,-23,18,-20,20,-23,20,-18,18,-18,13,0,0,0,0,0,0,0,0,0,0]"""
1782313074935,2026-06-24T23:57:54.935,warning,bed_exit,yja,bed_exit_failed,t030,"CSI_DATA,334684,1a:00:00:00:00:00,-67,11,-99,18,51,11,-1286195706,47,2,256,0,""[0,0,0,0,0,0,0,0,0,0,0,0,6,29,2,18,2,34,4,20,2,36,0,32,2,29,-2,39,0,32,-2,46,-11,39,-13,36,-6,34,-11,34,-11,32,-25,55,-16,41,-25,48,-25,41,-9,43,-16,55,-25,43,-25,57,-25,46,-20,48,-32,50,-32,48,-18,41,-36,57,-20,41,-34,52,-18,41,-23,62,-18,55,-11,57,-23,57,-27,69,-32,59,-20,62,-16,71,-6,52,-29,82,-18,59,-6,71,-11,52,-11,87,-16,80,6,80,-6,78,-2,87,-16,85,-18,80,-11,78,-9,103,-20,85,-4,73,-9,96,0,0,0,0,0,0,87,9,108,4,76,4,96,9,110,4,80,13,112,13,73,2,105,11,82,4,82,-4,94,-4,85,-4,99,-11,85,0,78,0,78,-6,82,-11,62,-6,99,-6,69,-9,82,-9,62,-16,71,-18,78,-25,69,-20,82,-23,73,-13,69,-16,71,-20,69,-18,55,-23,82,-18,62,-13,69,-16,46,-13,69,-27,59,-16,55,-27,62,-13,59,-9,57,0,57,-2,57,-2,48,-9,57,4,41,4,46,-2,29,-4,46,0,39,2,36,0,29,2,34,9,27,13,23,11,18,13,0,0,0,0,0,0,0,0,0,0]"""
1782313074946,2026-06-24T23:57:54.946,warning,bed_exit,yja,bed_exit_failed,t030,"CSI_DATA,334685,1a:00:00:00:00:00,-67,11,-99,19,51,11,-1286183447,47,2,256,0,""[0,0,0,0,0,0,0,0,0,0,0,0,0,26,-2,22,-6,31,-4,26,-8,33,-13,31,-15,33,-6,35,-13,29,-11,40,-22,40,-24,33,-17,40,-15,35,-15,35,-29,49,-20,40,-24,47,-20,40,-26,55,-20,60,-29,40,-26,51,-24,49,-22,40,-29,42,-24,51,-22,44,-26,51,-17,47,-22,60,-17,49,-17,64,-13,55,-11,58,-17,53,-15,67,-6,69,-8,62,-4,62,6,49,-2,76,2,64,13,76,2,67,20,80,13,76,17,78,22,73,26,85,22,89,17,82,22,76,38,105,24,87,26,80,40,89,0,0,0,0,0,0,76,-42,91,-58,73,-47,85,-44,89,-53,71,-49,85,-60,64,-49,76,-62,71,-51,76,-60,67,-64,60,-51,62,-69,62,-64,58,-58,51,-60,51,-64,31,-51,53,-71,40,-60,38,-76,33,-62,38,-69,24,-71,26,-58,31,-76,26,-76,26,-69,24,-73,17,-64,8,-55,29,-78,13,-64,11,-71,15,-58,8,-76,15,-60,8,-60,13,-58,17,-62,17,-60,22,-53,20,-55,2,-47,13,-55,13,-38,6,-49,13,-35,13,-44,15,-31,11,-31,11,-26,13,-29,17,-26,15,-22,13,-13,0,0,0,0,0,0,0,0,0,0]"""
1782313074957,2026-06-24T23:57:54.957,warning,bed_exit,yja,bed_exit_failed,t030,"CSI_DATA,334686,1a:00:00:00:00:00,-67,11,-99,19,51,11,-1286172500,47,2,256,0,""[0,0,0,0,0,0,0,0,0,0,0,0,0,-17,-2,-31,2,-24,4,-33,6,-24,11,-33,13,-31,13,-26,11,-31,11,-26,17,-38,20,-33,15,-33,17,-33,29,-47,24,-24,38,-42,22,-35,42,-51,40,-33,40,-31,33,-38,33,-24,40,-49,40,-42,35,-38,38,-31,42,-40,29,-35,40,-47,31,-40,51,-53,49,-42,35,-47,42,-47,42,-42,31,-33,31,-55,31,-51,31,-44,44,-64,26,-44,33,-67,33,-55,53,-82,42,-51,33,-62,49,-60,35,-62,35,-67,35,-89,31,-73,47,-85,38,-76,29,-91,47,-94,40,-82,0,0,0,0,0,0,-96,-40,-67,-35,-114,-51,-85,-51,-64,-24,-91,-53,-67,-33,-96,-49,-67,-26,-98,-60,-80,-51,-69,-40,-69,-40,-64,-35,-80,-40,-78,-31,-80,-29,-64,-26,-82,-31,-55,-15,-82,-24,-62,-20,-94,-26,-76,-26,-67,-17,-60,-17,-53,-17,-73,-11,-67,-13,-67,-13,-60,-17,-76,-26,-53,-6,-71,-11,-55,-11,-85,-24,-64,-24,-67,-20,-60,-29,-47,-24,-47,-20,-60,-15,-51,-20,-44,-13,-44,-24,-33,-13,-49,-24,-33,-22,-42,-35,-24,-24,-29,-26,-22,-29,-17,-22,-13,-17,-24,-22,-15,-20,-15,-20,0,0,0,0,0,0,0,0,0,0]"""
1782313074969,2026-06-24T23:57:54.969,warning,bed_exit,yja,bed_exit_failed,t030,"CSI_DATA,334687,1a:00:00:00:00:00,-67,11,-99,20,51,11,-1286163074,47,2,256,0,""[0,0,0,0,0,0,0,0,0,0,0,0,-13,-26,-4,-21,-2,-28,0,-26,2,-32,-2,-30,4,-32,6,-39,13,-32,4,-43,2,-41,2,-41,4,-39,6,-41,8,-30,26,-56,21,-39,28,-47,23,-41,17,-39,21,-47,30,-41,28,-58,26,-50,23,-43,26,-52,34,-47,26,-43,47,-45,36,-39,45,-41,32,-34,28,-50,34,-45,30,-50,39,-50,39,-54,34,-60,28,-54,32,-58,21,-54,52,-65,47,-50,32,-58,28,-47,39,-82,43,-60,26,-76,43,-73,32,-76,36,-69,41,-76,45,-69,52,-97,39,-76,39,-69,52,-84,0,0,0,0,0,0,-73,-45,-95,-60,-69,-43,-78,-63,-95,-56,-71,-45,-89,-63,-58,-45,-82,-60,-71,-47,-76,-58,-89,-50,-69,-54,-82,-43,-71,-34,-71,-32,-71,-32,-69,-34,-58,-26,-78,-52,-58,-39,-73,-45,-56,-26,-69,-34,-71,-28,-58,-41,-78,-21,-71,-21,-67,-21,-76,-19,-67,-26,-54,-17,-69,-52,-54,-32,-65,-36,-47,-28,-65,-34,-50,-36,-54,-28,-52,-39,-52,-34,-43,-34,-47,-36,-47,-34,-39,-32,-32,-50,-21,-36,-30,-30,-17,-23,-26,-32,-19,-34,-19,-30,-10,-32,-17,-34,-4,-28,-8,-23,-2,-28,0,0,0,0,0,0,0,0,0,0]"""
1782313074979,2026-06-24T23:57:54.979,warning,bed_exit,yja,bed_exit_failed,t030,"CSI_DATA,334688,1a:00:00:00:00:00,-67,11,-99,20,51,11,-1286151433,47,2,256,0,""[0,0,0,0,0,0,0,0,0,0,0,0,21,17,21,21,15,21,21,28,15,19,19,32,13,36,17,28,10,28,8,32,19,36,17,41,10,41,10,36,13,47,6,41,6,54,10,41,4,60,-2,63,-2,58,-6,45,4,52,8,60,8,54,8,58,4,52,6,54,2,50,4,63,8,43,6,71,0,67,6,65,8,60,6,54,17,50,23,60,21,54,21,50,17,63,23,52,34,69,30,60,41,87,30,69,36,69,32,76,28,65,39,67,58,73,45,69,52,71,47,82,54,78,56,91,43,82,0,0,0,0,0,0,87,-52,69,-43,95,-60,87,-43,65,-43,89,-56,71,-36,93,-58,60,-43,91,-58,82,-52,69,-47,65,-45,56,-47,60,-65,54,-65,52,-60,50,-52,56,-54,45,-50,54,-58,45,-50,60,-65,56,-56,41,-58,45,-41,34,-50,39,-65,34,-60,28,-60,30,-52,36,-63,34,-45,39,-58,32,-52,52,-67,50,-52,41,-54,43,-43,34,-36,28,-45,34,-54,28,-45,23,-34,36,-36,28,-34,32,-36,26,-23,47,-32,34,-21,32,-19,30,-13,21,-13,26,-13,23,-17,23,-10,19,-8,0,0,0,0,0,0,0,0,0,0]"""
1782313074990,2026-06-24T23:57:54.990,warning,bed_exit,yja,bed_exit_failed,t030,"CSI_DATA,334689,1a:00:00:00:00:00,-67,11,-99,20,51,11,-1286139679,47,2,256,0,""[0,0,0,0,0,0,0,0,0,0,0,0,-23,-8,-23,-13,-21,-13,-23,-23,-17,-17,-23,-26,-19,-26,-17,-23,-15,-36,-21,-30,-26,-36,-21,-32,-17,-41,-17,-39,-15,-47,-4,-34,-10,-50,-19,-41,-10,-58,-4,-65,-10,-56,-2,-43,-10,-43,-10,-56,-8,-54,-6,-54,-2,-56,-4,-58,6,-50,0,-63,-2,-47,-2,-78,4,-65,-2,-60,0,-65,-2,-54,-4,-47,-10,-65,-8,-69,-4,-56,-2,-65,-8,-47,-10,-78,-10,-67,-10,-95,-6,-78,-17,-78,-8,-73,-2,-69,-13,-73,-23,-91,-19,-80,-19,-89,-15,-82,-13,-100,-15,-106,-4,-100,0,0,0,0,0,0,-108,6,-73,13,-119,4,-91,4,-73,2,-104,2,-78,-2,-110,-4,-80,4,-108,0,-93,-2,-76,6,-80,-4,-71,-4,-84,8,-78,17,-80,15,-76,8,-82,4,-63,6,-84,6,-60,6,-93,8,-78,6,-71,13,-65,-2,-60,10,-73,8,-71,17,-63,13,-67,4,-76,8,-54,6,-73,6,-65,6,-87,0,-67,-6,-63,-2,-60,-4,-52,-4,-50,2,-65,0,-60,-2,-47,-4,-54,-15,-36,-13,-50,-13,-34,-15,-45,-21,-34,-19,-32,-21,-23,-19,-23,-19,-19,-17,-23,-17,-19,-15,-13,-19,0,0,0,0,0,0,0,0,0,0]"""
1782313075002,2026-06-24T23:57:55.002,warning,bed_exit,yja,bed_exit_failed,t030,"CSI_DATA,334690,1a:00:00:00:00:00,-67,11,-99,19,51,11,-1286128979,47,2,256,0,""[0,0,0,0,0,0,0,0,0,0,0,0,8,-22,2,-26,8,-29,8,-31,6,-26,17,-31,20,-29,17,-26,17,-26,20,-24,22,-33,26,-31,31,-33,26,-31,31,-35,26,-29,38,-31,33,-31,49,-33,38,-31,38,-22,42,-33,42,-17,51,-33,53,-29,49,-22,51,-26,49,-29,42,-29,51,-33,44,-29,62,-38,51,-33,53,-35,55,-38,49,-24,44,-31,49,-40,51,-38,40,-38,51,-38,47,-42,53,-49,53,-53,71,-55,58,-44,64,-49,60,-44,53,-51,62,-53,78,-71,58,-51,64,-58,69,-60,67,-67,73,-60,78,-58,0,0,0,0,0,0,-71,-67,-62,-64,-80,-87,-64,-67,-44,-62,-67,-71,-58,-69,-67,-78,-53,-55,-58,-85,-55,-71,-47,-64,-44,-62,-49,-62,-62,-69,-49,-64,-53,-64,-49,-55,-58,-53,-42,-51,-58,-55,-53,-49,-64,-64,-62,-58,-53,-51,-51,-49,-42,-44,-53,-49,-58,-51,-47,-47,-44,-49,-51,-44,-42,-40,-58,-47,-51,-33,-58,-62,-42,-53,-40,-47,-42,-53,-33,-44,-31,-47,-40,-42,-24,-47,-26,-38,-29,-42,-24,-40,-24,-42,-20,-35,-17,-47,-11,-35,-6,-35,0,-35,-8,-29,0,-31,-2,-31,4,-26,2,-20,0,0,0,0,0,0,0,0,0,0]"""
1782313075012,2026-06-24T23:57:55.012,warning,bed_exit,yja,bed_exit_failed,t030,"CSI_DATA,334691,1a:00:00:00:00:00,-67,11,-99,16,52,11,-1286118833,47,2,256,0,""[0,0,0,0,0,0,0,0,0,0,0,0,-17,-17,-19,-23,-17,-19,-13,-30,-15,-26,-10,-39,-2,-34,-2,-30,0,-39,0,-32,0,-41,4,-39,6,-45,8,-41,13,-45,10,-39,21,-47,10,-43,28,-52,30,-50,26,-45,34,-32,34,-30,34,-43,39,-39,43,-32,43,-30,47,-39,32,-26,43,-39,43,-39,54,-39,52,-32,50,-32,52,-30,47,-26,54,-26,54,-39,54,-30,45,-30,60,-26,52,-36,65,-41,52,-36,84,-36,76,-30,73,-30,76,-15,69,-23,67,-21,87,-34,76,-28,89,-26,91,-15,89,-30,93,-21,91,-6,0,0,0,0,0,0,-6,-102,-6,-76,6,-110,0,-93,10,-73,13,-106,2,-78,15,-100,2,-78,26,-104,23,-93,19,-80,28,-73,23,-69,26,-89,30,-78,21,-73,26,-69,23,-80,23,-58,26,-78,17,-63,32,-82,36,-73,30,-67,32,-60,36,-52,32,-71,36,-63,36,-58,34,-54,41,-60,28,-47,41,-56,36,-47,56,-56,47,-43,50,-43,52,-34,45,-30,45,-26,47,-32,50,-19,43,-15,47,-19,39,-13,50,-15,39,-8,52,-4,41,2,36,0,32,4,23,8,23,4,28,13,17,13,19,10,0,0,0,0,0,0,0,0,0,0]"""
1782313075023,2026-06-24T23:57:55.023,warning,bed_exit,yja,bed_exit_failed,t030,"CSI_DATA,334692,1a:00:00:00:00:00,-68,11,-99,21,51,11,-1286105043,47,2,256,0,""[0,0,0,0,0,0,0,0,0,0,0,0,-25,14,-19,10,-31,6,-31,4,-33,4,-27,0,-25,8,-31,6,-33,2,-42,12,-40,2,-44,2,-42,2,-46,-8,-44,-6,-54,-19,-48,-2,-52,-14,-35,-14,-29,-8,-48,-16,-52,-19,-63,-12,-46,-19,-50,-25,-52,-19,-57,-27,-50,-14,-54,-44,-46,-27,-52,-23,-40,-21,-52,-14,-57,-21,-59,-10,-69,-23,-65,-19,-54,-21,-69,-23,-71,-25,-67,-12,-71,-31,-65,-33,-65,-12,-44,-12,-78,-8,-69,-10,-80,10,-92,-25,-84,-6,-65,-25,-95,-25,-86,-19,-84,-10,-92,-29,-82,-23,-97,-19,0,0,0,0,0,0,-23,90,-31,112,-19,67,-21,88,-27,109,-23,78,-35,95,-21,80,-31,90,-16,80,-14,71,-6,95,-16,90,-10,95,-8,71,-10,76,-10,78,-12,84,-4,69,-16,88,-12,71,-10,82,-4,54,6,61,4,76,-6,78,8,84,0,67,0,73,4,73,0,73,8,67,-21,80,-10,63,-8,65,-12,44,6,61,-8,54,6,65,-10,69,-6,67,-14,46,-14,52,-19,57,-12,50,-27,42,-27,35,-12,44,-12,25,-14,38,-12,27,-8,33,-21,27,-14,25,-16,14,-19,16,-19,10,0,0,0,0,0,0,0,0,0,0]"""
1782313075035,2026-06-24T23:57:55.035,warning,bed_exit,yja,bed_exit_failed,t030,"CSI_DATA,334693,1a:00:00:00:00:00,-68,11,-99,19,51,11,-1286097368,47,2,256,0,""[0,0,0,0,0,0,0,0,0,0,0,0,-6,20,-6,29,-11,22,-15,33,-11,20,-24,31,-26,29,-20,24,-26,22,-24,17,-33,24,-38,26,-35,17,-35,17,-42,17,-33,15,-44,20,-42,24,-64,13,-60,-11,-53,-11,-49,-2,-49,0,-62,2,-58,-2,-51,-4,-51,-4,-55,-13,-44,-2,-51,-4,-55,-4,-73,-8,-62,-17,-51,-8,-64,-20,-58,-13,-53,-2,-71,-6,-60,-13,-49,-8,-64,-20,-53,2,-73,0,-73,-15,-96,-20,-76,-20,-73,-11,-78,-26,-67,-20,-78,-24,-96,-20,-78,-17,-80,-22,-89,-29,-91,-24,-94,-31,-96,-38,0,0,0,0,0,0,-49,91,-42,64,-53,100,-49,87,-40,64,-51,87,-38,67,-53,80,-40,71,-62,87,-67,76,-55,55,-51,64,-55,49,-58,76,-58,64,-58,62,-47,51,-58,55,-42,51,-47,64,-40,60,-62,67,-62,60,-47,47,-51,51,-47,42,-55,58,-49,47,-47,47,-49,40,-58,42,-38,42,-53,47,-51,44,-69,49,-62,33,-58,26,-55,20,-47,20,-51,20,-58,26,-47,11,-40,8,-42,6,-40,13,-44,15,-47,2,-55,0,-38,-6,-38,-4,-35,-13,-22,-11,-22,-11,-29,-6,-24,-6,-15,-15,0,0,0,0,0,0,0,0,0,0]"""
1782313075045,2026-06-24T23:57:55.045,warning,bed_exit,yja,bed_exit_failed,t030,"CSI_DATA,334694,1a:00:00:00:00:00,-68,11,-99,20,51,11,-1286086368,47,2,256,0,""[0,0,0,0,0,0,0,0,0,0,0,0,19,-8,32,-10,28,-10,26,-10,30,-4,30,-2,36,-2,41,2,36,-2,39,4,39,13,43,13,39,15,36,13,47,17,47,15,43,15,43,26,39,21,47,26,47,28,47,28,41,34,41,34,39,36,39,39,43,41,41,43,47,34,47,34,41,45,43,36,41,41,45,34,39,41,50,45,47,43,39,47,43,39,45,52,41,47,60,41,58,43,52,52,56,47,56,47,58,47,58,56,65,54,58,56,58,56,65,58,71,65,63,65,58,65,67,67,56,67,0,0,0,0,0,0,84,-60,84,-60,76,-50,80,-60,82,-52,87,-47,71,-47,73,-50,82,-43,71,-41,71,-43,73,-39,80,-54,76,-34,78,-32,80,-34,67,-32,69,-32,69,-30,65,-47,60,-43,71,-32,63,-34,58,-36,65,-28,60,-45,63,-32,63,-28,63,-32,60,-26,67,-28,67,-28,65,-34,60,-26,65,-26,56,-23,54,-17,58,-19,63,-13,60,-17,58,-4,54,-4,54,-4,56,0,47,2,52,-2,43,4,45,8,36,10,34,8,34,8,32,13,30,8,23,10,21,15,17,10,10,13,0,0,0,0,0,0,0,0,0,0]"""
1782313075055,2026-06-24T23:57:55.055,warning,bed_exit,yja,bed_exit_failed,t030,"CSI_DATA,334695,1a:00:00:00:00:00,-68,11,-99,20,51,11,-1286075249,47,2,256,0,""[0,0,0,0,0,0,0,0,0,0,0,0,-17,15,-26,26,-17,13,-30,19,-15,19,-36,26,-39,15,-30,10,-34,15,-28,8,-41,17,-41,17,-43,19,-36,17,-50,21,-32,13,-50,21,-39,15,-65,21,-52,15,-41,0,-45,23,-39,4,-56,23,-56,17,-56,15,-50,10,-58,15,-32,23,-56,32,-43,21,-78,39,-52,30,-54,32,-50,32,-50,30,-41,19,-50,43,-45,39,-41,34,-54,45,-23,43,-43,67,-39,50,-63,82,-47,52,-39,65,-60,65,-34,56,-32,65,-41,93,-32,69,-41,87,-36,76,-26,91,-45,97,-34,80,0,0,0,0,0,0,104,32,63,23,128,36,91,36,54,19,100,32,71,8,108,17,67,10,110,28,91,17,76,21,76,4,65,15,87,6,76,6,76,2,69,2,91,-2,52,-13,82,-21,56,-6,102,-21,78,-17,65,-19,67,-19,50,-10,67,-28,63,-17,60,-19,56,-15,78,-17,41,-34,60,-41,52,-21,84,-41,56,-19,50,-32,60,-21,43,-21,45,-15,54,-32,47,-19,41,-19,52,-15,26,-19,45,-26,32,-10,58,-17,32,-6,34,-8,30,-2,26,-8,23,-6,28,0,28,-4,23,-2,0,0,0,0,0,0,0,0,0,0]"""
1782313075065,2026-06-24T23:57:55.065,warning,bed_exit,yja,bed_exit_failed,t030,"CSI_DATA,334696,1a:00:00:00:00:00,-68,11,-99,7,52,11,-1286064368,47,2,256,0,""[0,0,0,0,0,0,0,0,0,0,0,0,22,-14,22,-14,25,-11,22,-11,25,-19,33,-11,39,-8,33,-8,31,0,39,-5,39,-5,42,-5,45,-8,45,-5,47,-2,45,11,53,11,42,2,50,11,50,2,45,0,50,14,45,11,59,8,53,2,56,11,50,14,47,8,47,19,56,16,50,16,59,16,59,16,59,16,53,14,56,19,50,14,67,14,62,8,56,2,64,5,59,11,70,16,73,-2,84,5,87,16,73,14,76,11,73,8,73,-8,93,-11,76,0,81,2,98,11,90,-2,95,-2,95,11,0,0,0,0,0,0,8,-95,2,-90,8,-104,11,-90,5,-84,2,-95,11,-95,8,-95,5,-78,11,-95,11,-90,14,-84,11,-67,2,-78,-8,-87,-8,-81,-8,-76,-5,-70,-2,-73,0,-76,-2,-78,-2,-70,-5,-84,-2,-76,-8,-78,5,-59,-11,-67,-22,-70,-14,-64,-16,-64,-5,-59,-5,-59,-5,-64,-11,-62,0,-67,-2,-76,2,-64,-2,-64,5,-56,5,-50,5,-56,-2,-64,2,-53,-2,-45,2,-42,19,-47,14,-45,16,-33,16,-36,14,-33,22,-31,14,-25,19,-22,16,-16,14,-22,16,-19,16,-16,0,0,0,0,0,0,0,0,0,0]"""
1782313075076,2026-06-24T23:57:55.076,warning,bed_exit,yja,bed_exit_failed,t030,"CSI_DATA,334697,1a:00:00:00:00:00,-68,11,-99,20,51,11,-1286053368,47,2,256,0,""[0,0,0,0,0,0,0,0,0,0,0,0,13,21,6,23,13,26,10,30,6,26,8,28,10,32,4,28,4,39,2,39,-8,36,-4,41,-8,45,-15,43,-19,43,-10,45,-17,41,-30,39,-21,43,-32,41,-41,41,-19,50,-32,43,-45,41,-39,47,-41,34,-41,34,-43,36,-43,45,-43,39,-45,30,-36,43,-47,43,-41,50,-41,41,-43,47,-45,39,-50,30,-47,43,-58,47,-54,45,-54,43,-52,39,-56,39,-50,41,-47,45,-50,52,-54,52,-60,63,-65,54,-71,43,-76,54,-73,54,-71,50,-80,39,-71,52,-84,54,0,0,0,0,0,0,32,97,34,97,23,87,23,87,28,95,6,84,19,95,19,87,6,95,17,78,23,76,13,84,28,84,17,87,2,82,4,76,13,78,2,82,0,78,10,78,6,69,-8,76,13,71,13,73,13,73,17,78,8,67,-6,69,0,71,2,69,-4,69,-8,73,-4,71,-6,63,-17,65,-4,60,-6,65,-6,63,-10,65,-13,58,-15,56,-28,41,-21,54,-28,45,-32,41,-23,41,-26,34,-30,30,-23,23,-21,28,-23,28,-26,21,-30,21,-23,10,-28,4,-28,4,-21,0,0,0,0,0,0,0,0,0,0,0]"""
1782313075087,2026-06-24T23:57:55.087,warning,bed_exit,yja,bed_exit_failed,t030,"CSI_DATA,334698,1a:00:00:00:00:00,-68,11,-99,20,51,11,-1286041221,47,2,256,0,""[0,0,0,0,0,0,0,0,0,0,0,0,-15,-15,-13,-19,-17,-30,-15,-26,-13,-34,-13,-23,-19,-23,-23,-30,-15,-30,-30,-36,-8,-34,-19,-32,-19,-34,-13,-43,-10,-41,-13,-54,-8,-41,-4,-52,-10,-45,-17,-36,-19,-41,-19,-50,-19,-56,-8,-50,-19,-58,-23,-50,-15,-54,-10,-45,-13,-71,-23,-56,-4,-58,-23,-23,-34,-52,-32,-54,-32,-71,-41,-50,-43,-56,-23,-23,-56,-52,-54,-60,-67,-73,-60,-63,-39,-47,-71,-52,-21,-52,-69,-26,-52,-50,-58,-60,-78,-45,-80,-32,-71,-13,-73,-45,-73,-41,-76,-50,-78,-43,-82,-30,-82,-23,0,0,0,0,0,0,-41,93,-45,104,-21,80,-39,87,-32,106,-34,73,-39,93,-26,82,-39,91,-10,73,-4,73,0,87,-4,89,8,95,-4,76,0,76,8,78,2,87,6,76,2,82,4,67,2,78,15,60,23,67,26,69,32,69,34,71,17,67,30,67,36,65,28,67,30,56,28,73,23,65,26,63,23,50,36,52,34,52,41,47,32,52,26,47,19,50,28,47,21,52,19,45,6,45,8,39,17,43,13,26,13,32,10,28,15,32,8,26,13,30,-2,21,4,23,2,21,0,0,0,0,0,0,0,0,0,0]"""
1782313075098,2026-06-24T23:57:55.098,warning,bed_exit,yja,bed_exit_failed,t030,"CSI_DATA,334699,1a:00:00:00:00:00,-68,11,-99,19,51,11,-1286030460,47,2,256,0,""[0,0,0,0,0,0,0,0,0,0,0,0,-4,-17,-11,-31,-4,-20,-8,-31,-6,-24,2,-42,6,-38,8,-24,8,-38,4,-31,11,-40,8,-38,11,-47,11,-33,15,-53,15,-29,22,-51,11,-42,26,-58,33,-55,24,-51,26,-40,22,-31,26,-49,26,-49,31,-42,29,-38,38,-51,17,-38,31,-58,24,-42,44,-67,40,-51,31,-51,38,-53,29,-49,26,-44,26,-58,20,-58,20,-51,33,-60,8,-51,22,-76,22,-62,40,-96,29,-62,22,-73,42,-64,26,-67,24,-73,24,-94,15,-78,29,-87,35,-76,17,-94,42,-105,38,-82,0,0,0,0,0,0,-94,-31,-69,-22,-123,-47,-82,-35,-62,-24,-102,-40,-73,-24,-102,-33,-62,-22,-100,-51,-87,-47,-71,-33,-71,-31,-62,-31,-78,-26,-76,-24,-78,-17,-69,-22,-78,-26,-60,-22,-80,-22,-55,-15,-89,-20,-73,-22,-67,-17,-69,-15,-53,-13,-78,-8,-69,-13,-62,-11,-58,-13,-71,-15,-51,-4,-73,-13,-55,-8,-94,-20,-60,-24,-62,-20,-62,-26,-47,-24,-42,-17,-60,-22,-49,-17,-35,-17,-47,-29,-31,-13,-49,-17,-33,-20,-42,-35,-24,-24,-26,-24,-20,-29,-17,-20,-13,-15,-20,-24,-13,-24,-11,-20,0,0,0,0,0,0,0,0,0,0]"""
1782313075109,2026-06-24T23:57:55.109,warning,bed_exit,yja,bed_exit_failed,t030,"CSI_DATA,334700,1a:00:00:00:00:00,-68,11,-99,14,51,11,-1286020368,47,2,256,0,""[0,0,0,0,0,0,0,0,0,0,0,0,-90,-7,-10,69,25,-59,5,33,-23,23,-28,-43,64,10,10,-28,46,-62,-56,18,7,-41,-7,-15,0,-54,12,-36,-2,-77,20,-41,-2,-38,0,-59,5,-49,18,-31,15,-49,23,-38,15,-62,10,-56,10,-51,7,-54,15,-56,18,-41,28,-62,20,-49,28,-54,15,-49,20,-62,20,-51,10,-56,23,-59,15,-67,20,-62,10,-69,10,-69,2,-59,28,-72,28,-64,10,-69,12,-59,12,-82,18,-74,0,-77,15,-82,10,-82,5,-82,15,-80,12,-80,15,-103,12,-85,7,-80,12,-93,0,0,0,0,0,0,-87,-15,-103,-18,-85,-10,-90,-28,-111,-25,-80,-23,-108,-28,-74,-23,-100,-25,-82,-20,-85,-18,-90,-7,-77,-25,-87,-5,-80,0,-77,0,-80,2,-77,-5,-64,-2,-85,-18,-69,-12,-74,-12,-67,0,-77,-2,-82,0,-64,-5,-80,5,-69,5,-69,7,-69,15,-67,7,-56,5,-77,-7,-64,-10,-64,-7,-54,-7,-67,-2,-59,-10,-56,-2,-56,-10,-59,-7,-54,-10,-56,-5,-46,-12,-49,-5,-46,-25,-36,-25,-38,-12,-23,-15,-41,-18,-25,-18,-23,-10,-23,-23,-23,-15,-12,-12,-10,-12,-10,-18,0,0,0,0,0,0,0,0,0,0]"""
1782313075120,2026-06-24T23:57:55.120,warning,bed_exit,yja,bed_exit_failed,t030,"CSI_DATA,334701,1a:00:00:00:00:00,-68,11,-99,19,51,11,-1286005810,47,2,256,0,""[0,0,0,0,0,0,0,0,0,0,0,0,-6,-29,-6,-26,-4,-38,-4,-24,6,-38,2,-26,0,-29,2,-38,4,-40,6,-44,17,-33,15,-42,17,-40,26,-44,22,-35,38,-44,26,-38,44,-38,29,-24,17,-35,29,-40,40,-38,47,-47,40,-24,49,-35,44,-33,55,-29,40,-29,69,-24,49,-20,60,-22,42,-11,47,-31,49,-31,42,-40,60,-42,64,-33,55,-20,62,-26,76,-29,60,-29,73,-24,60,-13,73,-29,42,-20,62,-42,62,-33,60,-55,87,-35,78,-42,73,-13,91,-26,82,-26,89,-38,87,-11,82,-22,94,-11,0,0,0,0,0,0,-15,-100,0,-120,-8,-69,-2,-94,-8,-120,4,-78,13,-105,8,-78,20,-100,11,-64,-8,-71,-6,-87,4,-87,0,-96,11,-67,0,-73,2,-82,13,-80,11,-71,13,-94,4,-62,17,-80,11,-49,6,-62,2,-76,6,-76,0,-85,13,-60,15,-71,8,-67,15,-71,8,-58,31,-78,24,-58,24,-62,22,-42,17,-55,20,-55,13,-60,22,-60,26,-60,35,-35,35,-42,42,-42,29,-35,44,-26,35,-22,42,-17,20,-15,26,-22,29,-17,29,-17,29,-13,29,-11,24,4,22,0,24,0,0,0,0,0,0,0,0,0,0,0]"""
1782313075130,2026-06-24T23:57:55.130,warning,bed_exit,yja,bed_exit_failed,t030,"CSI_DATA,334702,1a:00:00:00:00:00,-68,11,-99,21,51,11,-1285998368,47,2,256,0,""[0,0,0,0,0,0,0,0,0,0,0,0,-23,6,-23,6,-29,4,-29,8,-31,4,-35,-2,-38,-2,-40,4,-33,-2,-42,0,-38,-2,-38,-6,-40,-6,-40,-4,-44,0,-44,-12,-46,-10,-48,-10,-57,-21,-48,-19,-46,-23,-46,-14,-50,-19,-59,-19,-52,-19,-52,-21,-48,-19,-54,-10,-54,-16,-61,-12,-54,-8,-61,-19,-69,-12,-59,-12,-61,-6,-54,-10,-61,-6,-65,-6,-71,-10,-67,-2,-65,2,-61,-6,-69,0,-71,10,-78,2,-82,10,-71,2,-73,12,-78,12,-80,14,-90,14,-80,6,-86,21,-84,16,-90,25,-97,21,-97,25,0,0,0,0,0,0,29,88,23,90,38,101,31,84,25,84,35,88,27,88,31,92,31,78,25,92,35,82,38,78,25,69,35,76,42,73,33,67,40,73,40,65,44,59,42,63,44,65,40,54,44,67,52,63,54,61,40,50,46,50,52,50,46,50,44,48,46,46,48,42,48,48,50,44,44,40,46,50,50,46,46,44,40,42,35,38,33,38,40,40,25,42,29,42,35,35,25,33,23,40,23,31,19,35,21,35,16,31,14,27,8,21,10,25,6,27,2,25,6,19,0,0,0,0,0,0,0,0,0,0]"""
1782313075141,2026-06-24T23:57:55.141,warning,bed_exit,yja,bed_exit_failed,t030,"CSI_DATA,334703,1a:00:00:00:00:00,-68,11,-99,18,51,11,-1285987025,47,2,256,0,""[0,0,0,0,0,0,0,0,0,0,0,0,23,-9,27,-9,32,-9,23,-9,36,-2,29,-4,25,-13,36,-16,36,-9,43,-11,39,-4,36,-4,43,-4,48,2,46,4,55,-2,48,2,52,11,36,-2,52,2,59,-4,55,0,59,-11,52,11,52,-2,59,-6,64,-2,52,0,62,2,52,2,62,2,46,-2,55,-16,50,-18,59,-23,64,-27,66,-25,59,-18,59,-32,73,-27,64,-23,64,-29,59,-25,66,-29,50,-34,55,-46,57,-50,48,-64,59,-62,52,-64,59,-46,62,-64,66,-64,59,-71,69,-59,55,-62,57,-66,0,0,0,0,0,0,-64,-59,-73,-73,-55,-52,-73,-62,-87,-62,-59,-64,-78,-64,-57,-39,-76,-64,-69,-27,-73,-34,-80,-29,-89,-25,-85,-25,-71,-34,-80,-20,-73,-18,-76,-25,-64,-20,-78,-20,-66,-16,-76,-20,-57,-2,-62,-2,-66,2,-76,6,-78,9,-66,-4,-71,4,-71,16,-76,9,-64,11,-73,6,-59,-2,-64,-2,-46,6,-57,13,-57,13,-59,25,-69,13,-57,16,-52,0,-52,9,-57,0,-48,2,-46,0,-41,-4,-41,-2,-27,0,-41,2,-34,0,-29,4,-32,-4,-27,-2,-23,-6,-20,-2,-23,-9,0,0,0,0,0,0,0,0,0,0]"""
1782313075153,2026-06-24T23:57:55.153,warning,bed_exit,yja,bed_exit_failed,t030,"CSI_DATA,334704,1a:00:00:00:00:00,-68,11,-99,20,51,11,-1285976195,47,2,256,0,""[0,0,0,0,0,0,0,0,0,0,0,0,-15,19,-21,23,-19,17,-21,17,-26,17,-36,15,-39,17,-34,13,-32,10,-36,8,-41,8,-43,4,-45,0,-41,0,-43,-2,-47,-13,-52,-13,-50,-4,-58,-19,-54,-26,-63,-28,-39,-28,-43,-23,-50,-26,-39,-34,-47,-32,-43,-34,-47,-34,-39,-34,-43,-39,-41,-30,-45,-50,-39,-45,-39,-45,-41,-41,-36,-43,-41,-43,-50,-45,-41,-50,-36,-45,-43,-47,-43,-47,-47,-54,-47,-54,-50,-63,-54,-67,-41,-67,-47,-63,-45,-65,-39,-65,-52,-78,-36,-71,-47,-80,-36,-89,-36,-87,-36,-91,-32,-84,0,0,0,0,0,0,-84,30,-78,28,-100,26,-93,30,-84,13,-100,21,-84,8,-97,8,-84,10,-106,2,-95,0,-89,8,-78,-6,-78,-8,-91,4,-73,-2,-78,-6,-76,-4,-76,-4,-73,-8,-82,-6,-69,-4,-82,-13,-73,-15,-71,-8,-63,-19,-67,-13,-71,-13,-60,-19,-69,-19,-65,-17,-60,-19,-56,-26,-63,-26,-60,-15,-60,-30,-63,-30,-50,-32,-47,-32,-43,-34,-36,-32,-43,-43,-32,-36,-32,-34,-30,-39,-23,-36,-23,-41,-23,-34,-15,-39,-15,-36,-4,-36,-2,-30,0,-23,-2,-28,2,-28,6,-23,4,-26,0,0,0,0,0,0,0,0,0,0]"""
1782313075163,2026-06-24T23:57:55.163,warning,bed_exit,yja,bed_exit_failed,t030,"CSI_DATA,334705,1a:00:00:00:00:00,-68,11,-99,20,51,11,-1285963491,47,2,256,0,""[0,0,0,0,0,0,0,0,0,0,0,0,0,28,-4,28,-8,26,-6,32,-8,28,-17,34,-13,34,-21,26,-19,39,-26,26,-32,30,-30,32,-32,28,-34,26,-45,36,-23,30,-32,32,-45,36,-43,30,-52,21,-52,19,-47,26,-47,21,-50,19,-56,23,-52,21,-50,23,-63,21,-45,26,-47,28,-58,21,-63,30,-58,15,-56,26,-56,19,-54,26,-54,28,-54,32,-54,28,-50,21,-63,19,-47,43,-56,50,-69,30,-80,39,-63,28,-73,43,-82,30,-73,36,-80,43,-73,52,-76,54,-78,50,-80,47,-71,56,-87,47,-82,47,0,0,0,0,0,0,45,89,32,82,36,95,45,93,30,87,39,97,32,78,36,87,34,80,32,93,39,87,19,69,39,89,13,76,23,78,21,80,19,73,23,73,26,80,34,56,39,67,34,71,34,71,28,65,21,60,32,65,23,60,19,60,19,67,26,60,21,65,28,69,36,45,30,56,26,65,19,67,10,58,15,60,15,60,10,60,10,52,15,43,2,52,2,43,-6,56,10,45,8,47,-6,43,-10,41,-4,30,-8,34,-10,30,-8,26,-17,26,-10,17,-13,19,-13,17,0,0,0,0,0,0,0,0,0,0]"""
1782313075174,2026-06-24T23:57:55.174,warning,bed_exit,yja,bed_exit_failed,t030,"CSI_DATA,334706,1a:00:00:00:00:00,-68,11,-99,21,51,11,-1285952541,47,2,256,0,""[0,0,0,0,0,0,0,0,0,0,0,0,-23,-25,-16,-14,-23,-29,-16,-19,-16,-31,-6,-25,-12,-29,-8,-42,-14,-33,-12,-46,-4,-40,-2,-40,-4,-46,-6,-44,-2,-31,-2,-65,2,-44,6,-61,4,-44,-4,-42,12,-52,4,-57,10,-69,12,-57,16,-54,16,-54,14,-61,6,-44,12,-73,6,-50,14,-65,8,-46,2,-61,12,-61,0,-63,6,-65,16,-76,14,-61,14,-63,2,-69,0,-61,6,-84,6,-57,-6,-78,4,-54,-14,-82,4,-73,-6,-84,-12,-82,2,-95,2,-76,10,-84,2,-76,2,-107,0,-90,0,-78,-10,-88,0,0,0,0,0,0,-86,-4,-116,-10,-65,0,-95,2,-122,-2,-71,-2,-112,-6,-69,2,-107,-2,-65,-2,-84,-4,-82,-6,-86,-2,-99,4,-82,-8,-76,-8,-78,0,-82,4,-57,0,-88,6,-57,4,-88,10,-54,10,-69,8,-80,12,-63,12,-86,8,-71,4,-67,6,-71,2,-67,12,-48,10,-80,8,-57,8,-69,8,-46,6,-63,10,-63,-2,-59,10,-57,2,-67,-4,-52,-14,-52,-10,-59,-8,-38,-4,-54,-19,-31,-16,-46,-8,-23,-10,-35,-10,-33,-14,-27,-16,-29,-14,-29,-19,-19,-14,-12,-16,-10,-16,0,0,0,0,0,0,0,0,0,0]"""
1782313075185,2026-06-24T23:57:55.185,warning,bed_exit,yja,bed_exit_failed,t030,"CSI_DATA,334707,1a:00:00:00:00:00,-68,11,-99,18,51,11,-1285943369,47,2,256,0,""[0,0,0,0,0,0,0,0,0,0,0,0,-16,-20,-13,-23,-16,-25,-13,-29,-20,-27,-13,-39,-11,-34,-11,-34,-2,-34,-13,-34,-13,-41,-9,-43,-9,-41,-11,-41,-11,-43,2,-50,-4,-52,-9,-48,-2,-52,-11,-62,-23,-57,2,-55,-4,-55,-13,-59,-13,-55,-4,-57,-9,-52,-11,-55,-6,-55,-13,-57,-13,-57,-13,-59,-23,-64,-13,-57,-20,-59,-13,-52,-16,-59,-32,-64,-27,-64,-29,-55,-34,-52,-25,-66,-36,-64,-46,-48,-41,-69,-48,-62,-41,-69,-50,-62,-52,-59,-52,-64,-57,-59,-57,-62,-55,-59,-64,-71,-64,-59,-69,-64,-73,-59,0,0,0,0,0,0,-62,80,-55,73,-59,80,-59,76,-50,69,-50,82,-52,82,-55,82,-43,73,-57,78,-50,73,-41,78,-43,69,-34,73,-34,76,-36,71,-27,82,-23,71,-16,73,-27,66,-20,78,-11,69,-13,78,-11,73,-4,73,-9,62,-4,73,-2,76,-4,69,-4,66,-2,66,0,64,-2,66,0,69,4,62,2,69,2,66,-2,59,2,62,-4,52,0,55,0,59,-2,57,-2,50,0,48,-6,43,-6,43,2,36,-6,41,-6,39,-6,29,-6,32,-13,25,-6,25,-9,27,-11,23,-13,18,0,0,0,0,0,0,0,0,0,0]"""
1782313075197,2026-06-24T23:57:55.197,warning,bed_exit,yja,bed_exit_failed,t030,"CSI_DATA,334708,1a:00:00:00:00:00,-68,11,-99,18,51,11,-1285928494,47,2,256,0,""[0,0,0,0,0,0,0,0,0,0,0,0,-16,20,-23,23,-16,20,-27,25,-25,13,-34,16,-36,16,-39,0,-32,11,-34,4,-41,9,-41,9,-39,9,-46,6,-50,-9,-41,4,-52,-6,-48,-9,-62,-16,-43,-18,-32,-27,-50,-25,-41,-29,-50,-25,-50,-23,-48,-25,-43,-25,-48,-34,-41,-25,-52,-29,-46,-34,-55,-46,-39,-52,-46,-41,-41,-55,-36,-48,-34,-39,-52,-36,-55,-34,-48,-39,-43,-57,-50,-29,-62,-41,-50,-57,-62,-66,-25,-59,-52,-62,-29,-76,-41,-64,-50,-66,-76,-69,-62,-59,-55,-76,-46,-71,-73,-69,-57,-89,-46,-85,0,0,0,0,0,0,-105,36,-80,32,-112,36,-92,20,-71,16,-96,29,-73,23,-105,32,-82,27,-99,16,-87,2,-73,-6,-80,4,-76,-9,-82,16,-85,9,-78,11,-76,9,-87,-2,-55,11,-82,11,-76,2,-87,0,-76,-4,-73,-9,-69,-2,-57,-11,-73,0,-73,-4,-59,2,-59,0,-71,-11,-57,-4,-69,-6,-66,-11,-78,-18,-52,-27,-52,-20,-46,-36,-55,-34,-41,-27,-52,-18,-52,-25,-36,-18,-32,-34,-36,-18,-29,-27,-25,-32,-29,-39,-9,-32,-13,-27,0,-34,-4,-27,-9,-23,-9,-29,0,-18,0,-16,0,0,0,0,0,0,0,0,0,0]"""
1782313075225,2026-06-24T23:57:55.225,warning,bed_exit,yja,bed_exit_failed,t030,"CSI_DATA,334710,1a:00:00:00:00:00,-68,11,-99,18,51,11,-1285900827,47,2,256,0,""[0,0,0,0,0,0,0,0,0,0,0,0,-29,-6,-20,-11,-34,-16,-27,-11,-32,-20,-20,-13,-25,-9,-29,-16,-29,-16,-41,-25,-27,-29,-32,-25,-34,-27,-32,-41,-27,-32,-34,-50,-23,-29,-27,-48,-23,-34,-27,-34,-36,-50,-39,-41,-39,-55,-20,-46,-34,-52,-32,-43,-27,-59,-32,-46,-34,-64,-25,-48,-29,-57,-25,-36,-41,-41,-46,-41,-48,-41,-43,-48,-50,-52,-32,-55,-48,-52,-52,-62,-52,-48,-48,-59,-39,-52,-55,-55,-39,-29,-64,-39,-57,-41,-76,-32,-78,-59,-78,-46,-52,-52,-71,-66,-64,-50,-71,-55,-66,-71,-76,-48,-76,-52,0,0,0,0,0,0,-55,78,-73,92,-39,57,-59,73,-71,89,-55,52,-73,78,-52,69,-66,82,-36,48,-39,64,-34,76,-36,78,-39,92,-41,55,-36,69,-32,71,-48,76,-29,69,-46,78,-29,64,-41,76,-23,50,-20,64,-20,78,-18,76,-16,78,-25,57,-18,71,-11,66,-27,69,-18,62,-27,78,-18,55,-25,59,-16,41,-9,59,-11,59,-4,62,-13,64,-18,62,-25,41,-27,48,-27,46,-23,48,-32,39,-25,25,-25,36,-13,20,-16,29,-18,25,-18,32,-18,23,-13,23,-20,16,-23,6,-20,9,0,0,0,0,0,0,0,0,0,0]"""
1782313075236,2026-06-24T23:57:55.236,warning,bed_exit,yja,bed_exit_failed,t030,"CSI_DATA,334711,1a:00:00:00:00:00,-68,11,-99,20,51,11,-1285896551,47,2,256,0,""[0,0,0,0,0,0,0,0,0,0,0,0,-26,-6,-32,-19,-21,-6,-28,-15,-21,-17,-34,-21,-28,-28,-19,-30,-39,-26,-15,-28,-28,-26,-34,-34,-32,-32,-26,-32,-30,-50,-23,-28,-34,-45,-30,-36,-41,-52,-21,-60,-13,-58,-26,-45,-26,-45,-32,-50,-32,-52,-32,-43,-30,-43,-36,-56,-30,-30,-43,-54,-28,-43,-41,-60,-30,-56,-36,-52,-30,-60,-43,-47,-41,-36,-52,-39,-47,-39,-43,-36,-50,-54,-54,-23,-69,-36,-63,-43,-82,-47,-54,-52,-69,-36,-65,-52,-65,-41,-71,-36,-91,-28,-84,-23,-89,-43,-76,-30,-91,-28,-102,-45,-87,-34,0,0,0,0,0,0,-36,95,-41,73,-36,113,-39,87,-21,71,-36,97,-15,69,-32,104,-28,73,-28,102,-32,89,-32,69,-21,82,-32,65,-10,82,-6,80,-10,76,-8,67,-21,87,10,63,6,87,0,67,-4,95,-6,76,-6,69,2,73,4,56,8,71,15,67,6,65,6,56,8,84,17,52,17,69,10,58,15,76,2,63,6,58,-6,65,-2,58,8,52,13,60,8,50,10,39,-2,52,10,36,8,47,-8,39,-4,50,-10,34,-4,32,-13,26,-4,28,-10,23,-6,26,-6,28,-6,21,0,0,0,0,0,0,0,0,0,0]"""
1782313075247,2026-06-24T23:57:55.247,warning,bed_exit,yja,bed_exit_failed,t030,"CSI_DATA,334712,1a:00:00:00:00:00,-68,11,-99,19,51,11,-1285888043,47,2,256,0,""[0,0,0,0,0,0,0,0,0,0,0,0,29,4,20,11,35,13,26,13,29,24,29,17,26,22,38,15,26,26,38,17,42,20,38,20,42,22,31,22,26,26,44,35,33,26,44,38,40,35,31,40,47,42,38,40,58,31,47,33,47,29,55,24,55,33,58,15,60,35,44,26,55,35,29,8,67,38,40,24,49,8,42,24,87,15,64,26,94,2,85,2,73,24,78,35,73,22,49,4,80,8,87,-22,80,15,60,-20,94,6,78,-31,85,-2,80,-24,73,-22,116,-22,91,-22,76,-26,107,-33,0,0,0,0,0,0,-33,-85,-44,-94,-35,-71,-40,-89,-58,-98,-33,-73,-47,-100,-35,-71,-49,-87,-47,-64,-53,-76,-67,-67,-49,-67,-62,-67,-60,-53,-64,-40,-69,-51,-69,-44,-51,-38,-69,-53,-58,-40,-67,-47,-58,-26,-67,-33,-76,-26,-64,-31,-82,-17,-69,-13,-69,-8,-69,-6,-67,-8,-55,-4,-76,-24,-64,-22,-62,-11,-49,-17,-64,-4,-64,-15,-58,0,-60,-15,-55,-8,-55,-6,-55,-4,-53,-8,-47,-8,-47,-15,-35,-13,-40,-8,-31,-6,-38,-11,-31,-11,-33,-4,-24,-13,-29,-11,-22,-8,-22,-6,-15,-11,0,0,0,0,0,0,0,0,0,0]"""
1782313075257,2026-06-24T23:57:55.257,warning,bed_exit,yja,bed_exit_failed,t030,"CSI_DATA,334713,1a:00:00:00:00:00,-68,11,-99,18,51,11,-1285875845,47,2,256,0,""[0,0,0,0,0,0,0,0,0,0,0,0,25,9,27,20,27,18,25,23,25,23,23,25,18,27,23,36,27,34,13,39,16,39,13,41,6,46,9,50,2,52,13,46,13,48,4,50,0,55,2,48,-9,43,2,62,-9,52,-11,57,-9,59,-9,55,-9,62,-13,64,-6,57,-6,64,-11,59,-13,62,-11,59,-9,62,-18,66,-4,62,-6,66,-13,62,-13,66,-13,69,-16,66,2,71,-6,71,-11,80,-4,73,-2,69,-2,76,-13,82,-4,85,-9,89,-16,80,-6,92,-9,89,-11,87,-16,96,-20,101,-29,92,0,0,0,0,0,0,99,23,94,39,87,36,94,32,92,27,92,36,87,25,87,29,82,39,82,32,78,29,78,39,92,20,78,39,71,36,71,32,73,36,78,32,73,36,73,16,73,13,64,25,66,20,62,23,66,29,69,20,66,23,66,32,64,32,57,25,59,32,64,34,66,23,62,25,59,27,59,27,50,34,52,29,52,36,50,34,46,32,41,32,39,36,36,36,34,41,34,29,29,36,18,34,23,36,18,27,16,29,16,27,9,32,9,29,0,23,4,25,-2,20,0,0,0,0,0,0,0,0,0,0]"""
1782313075268,2026-06-24T23:57:55.268,warning,bed_exit,yja,bed_exit_failed,t030,"CSI_DATA,334714,1a:00:00:00:00:00,-68,11,-99,19,50,11,-1285866349,47,2,256,0,""[0,0,0,0,0,0,0,0,0,0,0,0,77,-77,-65,45,-20,-72,-77,-97,-95,-40,-30,-12,-55,-20,-80,52,-30,-57,-12,-37,42,30,-5,-45,-12,-57,-70,-70,-20,-47,-15,-52,2,-62,-30,-62,-22,-45,-25,-55,-40,-57,-15,-57,-27,-52,-10,-57,-7,-60,-10,-62,-15,-57,-20,-45,-20,-72,-15,-55,-27,-55,-15,-52,-35,-60,-25,-55,-37,-55,-30,-55,-30,-62,-32,-55,-30,-65,-40,-65,-42,-50,-40,-70,-40,-57,-55,-55,-42,-45,-60,-55,-45,-55,-67,-45,-65,-65,-62,-60,-52,-65,-57,-72,-62,-60,-77,-70,-70,-75,-67,-65,-77,-55,0,0,0,0,0,0,-57,72,-70,90,-55,65,-47,80,-72,90,-50,65,-75,85,-55,67,-60,77,-47,60,-40,70,-50,80,-45,67,-47,85,-42,65,-47,65,-42,72,-42,75,-22,67,-40,80,-27,65,-25,75,-22,57,-20,70,-22,77,-17,67,-17,82,-20,67,-25,67,-20,67,-17,72,0,62,-22,80,-15,62,-7,60,-17,45,-5,65,-22,65,-7,62,-15,57,-17,57,-25,47,-30,55,-27,55,-15,47,-22,42,-25,32,-17,40,-12,25,-17,32,-17,25,-15,30,-22,25,-17,25,-22,20,-20,17,-17,12,0,0,0,0,0,0,0,0,0,0]"""
1782313075278,2026-06-24T23:57:55.278,warning,bed_exit,yja,bed_exit_failed,t030,"CSI_DATA,334715,1a:00:00:00:00:00,-67,11,-99,18,50,11,-1285852894,47,2,256,0,""[0,0,0,0,0,0,0,0,0,0,0,0,28,2,28,10,31,5,33,2,36,12,33,7,33,5,38,5,38,5,38,2,43,10,41,7,41,10,46,10,54,10,56,2,51,0,51,2,59,-10,49,0,54,0,64,-15,59,-12,59,-10,54,-12,62,-15,59,-15,59,-25,43,-36,46,-36,56,-33,38,-46,38,-43,31,-51,41,-51,31,-56,33,-62,33,-54,20,-62,23,-69,15,-69,10,-69,7,-77,2,-72,-7,-74,-12,-74,-18,-80,-23,-74,-41,-82,-38,-74,-33,-77,-43,-82,-51,-87,-59,-69,-64,-67,-77,-64,-80,-59,0,0,0,0,0,0,-54,82,-51,90,-43,87,-41,103,-36,90,-38,90,-28,116,-7,95,-15,87,18,77,7,77,7,95,20,72,31,77,28,72,33,43,59,95,51,62,49,41,28,2,46,43,62,64,-15,95,54,15,77,51,-33,20,64,25,67,10,5,-43,108,7,74,-12,23,-46,5,-18,51,-5,72,33,18,-100,80,7,46,-18,95,-111,54,2,54,-20,126,-10,33,-5,49,5,93,5,64,-33,49,-31,33,-5,54,-18,15,-7,49,-31,43,-33,25,-18,23,-10,41,-23,25,-15,20,-12,0,0,0,0,0,0,0,0,0,0]"""
1782313075291,2026-06-24T23:57:55.291,warning,bed_exit,yja,bed_exit_failed,t030,"CSI_DATA,334716,1a:00:00:00:00:00,-68,11,-99,19,51,11,-1285833220,47,2,256,0,""[0,0,0,0,0,0,0,0,0,0,0,0,-4,24,-6,33,-4,24,-6,33,0,29,-17,42,-22,42,-17,31,-20,35,-17,26,-29,35,-31,40,-22,40,-26,33,-38,44,-24,26,-42,40,-26,31,-47,44,-44,47,-38,38,-44,40,-38,20,-47,40,-44,40,-47,33,-44,29,-58,35,-31,33,-49,49,-40,35,-62,53,-51,35,-47,44,-55,42,-44,31,-38,35,-44,55,-44,53,-33,42,-47,55,-31,47,-47,69,-40,53,-62,82,-51,55,-44,60,-55,58,-42,62,-40,67,-44,91,-40,73,-55,85,-51,71,-42,89,-51,98,-53,82,0,0,0,0,0,0,89,53,67,38,109,69,73,58,51,40,94,60,64,38,98,53,64,31,91,69,80,53,64,44,64,40,58,38,80,42,78,38,78,26,67,29,80,35,51,17,80,24,62,22,82,31,73,24,62,20,67,15,53,20,76,11,67,11,69,17,58,17,71,24,49,2,73,11,53,13,85,22,62,26,55,17,58,26,49,17,49,20,58,15,49,15,35,13,44,24,33,11,44,22,33,20,42,31,22,24,26,24,17,26,22,15,20,17,17,24,13,17,11,22,0,0,0,0,0,0,0,0,0,0]"""
1782313075302,2026-06-24T23:57:55.302,warning,bed_exit,yja,bed_exit_failed,t030,"CSI_DATA,334717,1a:00:00:00:00:00,-68,11,-99,19,51,11,-1285833100,47,2,256,0,""[0,0,0,0,0,0,0,0,0,0,0,0,-11,26,-24,24,-17,22,-26,22,-17,22,-29,26,-31,22,-33,24,-33,15,-31,20,-42,29,-35,20,-42,22,-42,24,-49,22,-44,15,-53,17,-44,17,-60,20,-69,13,-60,20,-55,2,-44,13,-60,17,-60,20,-49,15,-55,11,-55,15,-49,6,-64,15,-53,13,-76,13,-67,13,-64,15,-67,11,-55,6,-53,22,-60,35,-60,33,-53,33,-64,26,-55,26,-67,35,-62,33,-80,42,-78,33,-67,35,-73,35,-76,31,-69,42,-78,58,-58,49,-76,44,-69,44,-76,55,-89,58,-82,53,0,0,0,0,0,0,51,89,51,71,62,98,49,85,44,64,55,89,47,76,60,87,49,69,51,91,44,80,44,67,38,67,47,64,62,62,58,53,62,53,58,47,58,55,47,47,53,60,49,42,67,60,53,60,53,47,51,53,44,33,67,42,60,40,64,31,53,31,55,35,49,38,60,42,44,33,62,51,47,49,44,40,42,44,40,44,31,33,44,31,44,38,33,31,35,35,22,31,29,35,22,33,26,38,15,31,15,33,8,29,6,26,11,31,11,24,4,22,2,20,0,0,0,0,0,0,0,0,0,0]"""
1782313075313,2026-06-24T23:57:55.313,warning,bed_exit,yja,bed_exit_failed,t030,"CSI_DATA,334718,1a:00:00:00:00:00,-68,11,-99,19,51,11,-1285821679,47,2,256,0,""[0,0,0,0,0,0,0,0,0,0,0,0,2,-26,6,-31,6,-24,11,-31,6,-24,15,-40,20,-33,20,-26,22,-31,20,-29,29,-35,31,-35,29,-38,33,-33,38,-33,40,-24,49,-33,33,-31,55,-31,55,-33,47,-35,49,-15,44,-13,49,-29,53,-29,53,-17,55,-20,60,-15,49,-17,64,-20,58,-17,73,-22,67,-17,60,-13,62,-15,55,-6,58,-17,62,-26,62,-26,53,-26,64,-22,62,-22,85,-24,67,-26,91,-29,85,-15,78,-24,85,-13,76,-20,78,-33,94,-38,73,-31,89,-33,91,-17,91,-38,102,-29,100,-26,0,0,0,0,0,0,-15,-98,-13,-82,-20,-120,0,-91,-4,-80,-13,-109,-6,-85,-6,-105,-6,-80,-4,-116,8,-96,4,-96,4,-73,-6,-78,-13,-89,-13,-87,-17,-80,-11,-76,-6,-78,0,-69,-4,-80,-4,-71,-6,-85,0,-80,-8,-71,-2,-64,-6,-55,-17,-76,-15,-69,-11,-67,-2,-58,2,-69,-4,-55,-2,-67,-2,-60,4,-80,0,-69,4,-62,13,-60,13,-49,6,-47,8,-58,11,-51,11,-42,17,-51,15,-33,17,-38,17,-38,31,-35,29,-31,20,-26,26,-20,22,-17,22,-15,20,-20,17,-13,17,-8,0,0,0,0,0,0,0,0,0,0]"""
1782313075323,2026-06-24T23:57:55.323,warning,bed_exit,yja,bed_exit_failed,t030,"CSI_DATA,334719,1a:00:00:00:00:00,-68,11,-99,18,51,11,-1285811336,47,2,256,0,""[0,0,0,0,0,0,0,0,0,0,0,0,9,25,13,29,9,23,11,39,13,25,16,34,13,39,9,29,16,41,4,41,6,43,6,46,2,48,2,46,2,59,4,39,6,55,9,48,2,57,9,62,13,52,4,64,0,48,-2,59,-2,62,0,55,-6,52,-2,62,6,50,11,64,6,57,16,69,6,59,20,59,16,64,18,59,16,55,23,57,18,62,16,59,23,69,36,50,46,59,41,71,48,82,39,55,55,59,48,69,55,64,59,71,59,71,55,66,66,69,62,71,57,71,71,78,66,78,0,0,0,0,0,0,73,-69,69,-59,82,-85,59,-71,52,-57,71,-76,57,-69,71,-78,50,-66,64,-73,50,-76,43,-69,41,-78,50,-62,43,-66,41,-73,41,-66,46,-62,39,-73,20,-62,23,-73,27,-64,27,-78,16,-66,4,-66,16,-71,11,-62,18,-66,16,-64,9,-57,20,-55,23,-69,-2,-50,6,-64,6,-62,4,-76,4,-52,-6,-57,9,-59,0,-57,6,-52,2,-52,9,-46,11,-50,13,-48,6,-43,4,-43,13,-41,16,-41,6,-29,2,-34,11,-27,11,-29,16,-25,13,-25,16,-20,16,-18,0,0,0,0,0,0,0,0,0,0]"""
1782313075333,2026-06-24T23:57:55.333,warning,bed_exit,yja,bed_exit_failed,t030,"CSI_DATA,334720,1a:00:00:00:00:00,-68,11,-99,17,51,11,-1285798555,47,2,256,0,""[0,0,0,0,0,0,0,0,0,0,0,0,-23,14,-33,16,-26,14,-28,11,-30,18,-33,7,-40,4,-35,2,-47,11,-40,4,-47,2,-49,-2,-45,4,-52,0,-49,-2,-45,2,-49,0,-47,-2,-49,0,-61,0,-49,-4,-64,-9,-59,-14,-49,-7,-59,-9,-56,-11,-59,-11,-66,-11,-54,4,-64,7,-61,2,-61,-2,-59,-7,-56,0,-68,-9,-66,0,-66,-4,-68,9,-61,7,-64,7,-73,2,-66,28,-68,26,-78,21,-85,21,-73,14,-80,26,-87,7,-75,30,-87,30,-75,42,-85,40,-87,37,-94,37,-80,52,-87,42,-82,42,0,0,0,0,0,0,42,101,40,85,42,92,42,94,30,80,42,92,47,68,47,85,45,75,42,85,42,78,28,80,52,78,33,73,45,68,47,73,45,59,40,64,42,75,54,45,59,47,47,56,45,47,47,49,37,49,56,47,49,47,49,35,52,45,52,42,54,45,56,47,56,28,56,26,56,40,56,40,42,37,45,35,42,42,42,35,42,40,42,35,35,30,30,28,28,35,40,26,33,30,23,35,26,35,16,28,18,33,11,28,16,23,11,30,11,23,11,28,4,26,0,0,0,0,0,0,0,0,0,0]"""
1782313075344,2026-06-24T23:57:55.344,warning,bed_exit,yja,bed_exit_failed,t030,"CSI_DATA,334721,1a:00:00:00:00:00,-68,11,-99,19,51,11,-1285787106,47,2,256,0,""[0,0,0,0,0,0,0,0,0,0,0,0,22,8,33,11,26,8,35,17,26,13,35,26,31,26,33,22,26,24,29,24,38,31,29,29,35,29,33,29,35,33,33,33,40,40,44,31,44,42,38,47,33,42,35,35,31,42,47,42,40,42,40,42,40,35,47,40,47,33,55,40,49,33,62,47,55,40,51,35,51,33,47,33,51,33,62,29,60,31,53,24,67,20,60,17,73,17,76,8,96,24,82,22,80,20,85,17,78,8,80,8,100,0,82,2,94,2,94,6,102,-8,105,-2,98,-6,0,0,0,0,0,0,-17,-98,-13,-82,-17,-118,-15,-94,-8,-78,-26,-105,-22,-82,-26,-100,-29,-73,-17,-102,-22,-87,-22,-80,-17,-73,-24,-76,-35,-80,-31,-76,-33,-73,-31,-67,-40,-64,-38,-62,-47,-62,-47,-53,-53,-69,-49,-60,-49,-51,-42,-51,-42,-47,-55,-44,-49,-47,-49,-44,-47,-42,-51,-44,-51,-33,-55,-38,-49,-31,-64,-44,-51,-40,-49,-35,-51,-40,-35,-38,-38,-35,-47,-33,-40,-33,-35,-26,-40,-26,-33,-26,-42,-29,-31,-24,-33,-35,-22,-24,-20,-29,-17,-29,-17,-22,-13,-22,-17,-24,-6,-20,-8,-17,0,0,0,0,0,0,0,0,0,0]"""
1782313075354,2026-06-24T23:57:55.354,warning,bed_exit,yja,bed_exit_failed,t030,"CSI_DATA,334722,1a:00:00:00:00:00,-68,11,-99,21,51,11,-1285778369,47,2,256,0,""[0,0,0,0,0,0,0,0,0,0,0,0,23,-23,23,-14,33,-21,19,-19,38,-21,27,-10,31,-12,38,-14,35,-12,50,-6,44,-2,40,6,48,0,48,2,40,0,65,8,46,4,61,16,46,14,44,12,52,23,54,14,59,27,50,25,52,31,52,31,52,29,46,23,65,40,50,29,52,31,40,29,59,27,54,38,59,29,54,33,57,46,52,42,57,42,67,46,57,33,63,50,50,40,71,42,40,31,73,42,57,44,80,38,80,50,78,57,65,57,67,61,61,50,88,67,76,69,61,57,80,73,0,0,0,0,0,0,69,-67,88,-84,61,-44,65,-65,90,-69,59,-44,97,-71,61,-52,92,-57,63,-35,65,-46,73,-52,67,-42,84,-59,67,-31,65,-27,67,-40,69,-38,54,-35,76,-46,54,-33,71,-42,50,-29,54,-33,61,-42,59,-44,69,-40,63,-27,65,-23,63,-29,61,-29,44,-27,76,-31,52,-23,61,-27,46,-14,59,-29,61,-12,59,-19,50,-12,63,-4,52,-2,52,2,54,2,50,4,48,6,35,8,48,0,23,4,40,10,29,10,31,10,29,14,23,16,19,19,12,19,12,16,0,0,0,0,0,0,0,0,0,0]"""
1782313075365,2026-06-24T23:57:55.365,warning,bed_exit,yja,bed_exit_failed,t030,"CSI_DATA,334723,1a:00:00:00:00:00,-68,11,-99,18,50,11,-1285764091,47,2,256,0,""[0,0,0,0,0,0,0,0,0,0,0,0,-80,-54,43,-56,2,-2,-72,-111,-20,62,-41,-59,-15,-100,-49,2,-12,18,-56,33,-59,-28,-18,-51,-15,-46,-31,-15,-62,-23,-54,-33,-23,-36,-67,-36,-28,-43,-15,-46,-28,-59,-43,-46,-23,-51,-36,-36,-28,-49,-33,-46,-46,-54,-38,-51,-46,-33,-56,-54,-49,-51,-51,-46,-38,-31,-54,-28,-28,-51,-62,-56,-28,-59,-56,-25,-72,-20,-38,-25,-69,-33,-62,-20,-69,-10,-62,-31,-64,-20,-43,-41,-64,-10,-77,-51,-87,-41,-64,-33,-77,-5,-93,-2,-82,-33,-95,-15,-103,2,-80,-18,-93,-23,0,0,0,0,0,0,-15,103,-23,100,-18,90,-12,100,-12,95,-10,95,-2,90,-2,95,-7,90,-7,90,-5,90,-23,80,5,93,-12,80,5,82,5,85,2,74,5,77,0,82,28,72,33,64,25,69,18,69,15,69,7,72,25,69,15,67,25,59,23,64,28,59,28,59,25,67,33,59,36,54,33,64,31,59,20,54,20,54,15,59,23,54,20,51,31,46,20,46,20,43,10,43,28,41,23,41,18,31,10,41,5,31,7,33,-2,33,7,28,-2,25,2,25,0,23,5,23,0,0,0,0,0,0,0,0,0,0]"""
1782313075375,2026-06-24T23:57:55.375,warning,bed_exit,yja,bed_exit_failed,t030,"CSI_DATA,334724,1a:00:00:00:00:00,-68,11,-99,18,51,11,-1285754821,47,2,256,0,""[0,0,0,0,0,0,0,0,0,0,0,0,9,-29,13,-23,23,-27,16,-25,23,-29,20,-23,20,-23,27,-32,34,-25,39,-25,29,-18,43,-23,41,-18,48,-20,41,-16,62,-16,48,-16,55,-11,43,-2,36,-4,52,2,59,-2,69,0,50,-2,62,9,62,4,62,6,52,-4,71,13,59,18,57,9,41,11,59,4,57,20,59,2,73,9,69,16,59,18,73,27,78,18,71,13,71,23,66,18,76,13,48,11,82,13,71,20,85,0,87,32,87,25,66,32,87,29,82,23,94,32,82,39,80,36,92,36,0,0,0,0,0,0,46,-85,55,-103,46,-66,46,-82,66,-94,46,-73,69,-80,57,-71,64,-78,46,-64,43,-64,50,-71,52,-62,55,-80,46,-55,50,-57,50,-62,52,-62,43,-52,57,-64,43,-57,50,-64,41,-43,39,-48,46,-52,46,-55,48,-64,46,-43,55,-46,48,-50,48,-50,41,-46,62,-46,48,-39,46,-46,39,-23,46,-36,46,-27,46,-32,55,-34,59,-25,48,-16,59,-9,52,-20,46,-18,48,-6,36,-4,46,-9,25,0,39,0,32,4,34,-4,34,9,27,9,20,11,20,9,18,13,0,0,0,0,0,0,0,0,0,0]"""
1782313075386,2026-06-24T23:57:55.386,warning,bed_exit,yja,bed_exit_failed,t030,"CSI_DATA,334725,1a:00:00:00:00:00,-68,11,-99,19,51,11,-1285743439,47,2,256,0,""[0,0,0,0,0,0,0,0,0,0,0,0,-6,-24,-2,-31,2,-29,-4,-38,-4,-31,-2,-42,2,-42,4,-38,6,-38,6,-40,4,-47,4,-47,4,-49,2,-44,11,-49,8,-47,15,-60,8,-44,22,-62,17,-53,8,-42,22,-55,15,-47,13,-58,8,-58,8,-58,13,-55,13,-60,13,-51,15,-62,6,-53,15,-71,17,-64,11,-60,13,-64,6,-55,0,-58,-8,-69,-6,-69,-11,-62,-8,-71,-13,-53,-20,-78,-17,-69,-20,-98,-11,-85,-24,-73,-17,-78,-15,-76,-24,-73,-42,-87,-40,-71,-35,-82,-42,-82,-44,-85,-47,-91,-33,-98,0,0,0,0,0,0,-94,51,-78,38,-100,62,-80,42,-58,47,-91,53,-71,44,-89,60,-69,47,-85,64,-78,55,-62,51,-62,44,-55,44,-53,71,-47,64,-40,64,-42,55,-47,58,-35,53,-42,69,-35,58,-49,76,-47,60,-31,62,-42,51,-26,58,-20,67,-20,64,-17,62,-17,58,-22,64,-22,55,-20,64,-13,62,-26,73,-31,60,-20,55,-29,55,-22,47,-17,47,-13,58,-15,44,-11,40,-20,44,-17,35,-15,44,-15,33,-22,44,-22,35,-17,31,-26,22,-24,15,-17,20,-20,20,-17,20,-15,15,0,0,0,0,0,0,0,0,0,0]"""
1782313075397,2026-06-24T23:57:55.397,warning,bed_exit,yja,bed_exit_failed,t030,"CSI_DATA,334726,1a:00:00:00:00:00,-68,11,-99,18,51,11,-1285734369,47,2,256,0,""[0,0,0,0,0,0,0,0,0,0,0,0,-13,-27,-13,-25,-6,-32,-6,-27,-6,-36,-2,-32,-6,-32,0,-46,4,-36,2,-48,6,-41,9,-43,18,-46,16,-48,13,-43,25,-57,25,-50,29,-50,29,-34,16,-43,25,-50,32,-43,48,-57,36,-36,48,-34,43,-36,48,-52,39,-39,48,-41,55,-41,52,-48,43,-29,20,-48,29,-57,43,-29,64,-46,55,-20,48,-41,69,-62,48,-55,62,-62,57,-43,64,-48,36,-59,34,-55,48,-62,73,-76,43,-59,57,-46,52,-59,64,-50,94,-48,52,-64,96,-50,87,-29,78,-55,78,-50,0,0,0,0,0,0,-46,-73,-46,-99,-32,-71,-39,-89,-39,-103,-23,-71,-29,-96,-27,-71,-29,-89,-20,-78,-23,-76,-34,-89,-20,-80,-27,-85,-20,-78,-11,-76,-13,-73,-13,-73,-18,-62,-18,-82,-20,-69,-18,-73,-13,-57,-18,-55,-23,-69,-16,-66,-16,-78,-13,-69,-2,-64,-6,-66,-11,-66,-11,-59,-2,-76,-6,-59,-9,-62,-2,-48,-6,-59,2,-59,-4,-59,4,-62,9,-59,18,-48,18,-48,13,-52,11,-46,18,-46,20,-36,13,-36,18,-23,20,-34,23,-27,18,-29,18,-20,20,-16,20,-13,23,-11,20,-4,0,0,0,0,0,0,0,0,0,0]"""
1782313075408,2026-06-24T23:57:55.408,warning,bed_exit,yja,bed_exit_failed,t030,"CSI_DATA,334727,1a:00:00:00:00:00,-68,11,-99,15,52,11,-1285718924,47,2,256,0,""[0,0,0,0,0,0,0,0,0,0,0,0,-22,-15,-8,-8,-20,-24,-22,-38,-20,-22,-22,-29,-22,-38,-20,-33,-15,-31,-13,-38,-15,-42,-13,-40,-8,-47,-6,-47,-2,-49,6,-53,2,-51,8,-51,13,-58,11,-53,13,-51,17,-49,20,-53,26,-55,20,-51,22,-51,22,-51,22,-49,38,-49,35,-49,33,-49,42,-49,38,-55,44,-49,40,-49,40,-47,38,-44,42,-49,49,-49,49,-55,44,-51,53,-49,55,-49,42,-55,55,-47,55,-62,60,-51,64,-53,69,-47,67,-44,76,-55,69,-40,71,-53,78,-53,82,-47,89,-44,89,-42,0,0,0,0,0,0,-29,-96,-38,-85,-33,-107,-26,-96,-20,-80,-20,-89,-11,-98,-8,-96,-17,-94,0,-96,0,-89,-11,-85,6,-76,-4,-80,-2,-85,-2,-76,2,-80,0,-76,-2,-73,6,-76,4,-67,0,-69,13,-73,6,-76,11,-76,13,-60,8,-62,11,-71,13,-67,11,-64,13,-64,13,-58,24,-62,26,-62,17,-55,31,-55,29,-60,33,-51,33,-49,29,-42,31,-35,35,-42,38,-35,35,-31,35,-29,38,-22,40,-15,29,-24,38,-11,35,-17,31,-6,29,-6,26,-2,24,0,29,0,22,2,20,4,0,0,0,0,0,0,0,0,0,0]"""
1782313075418,2026-06-24T23:57:55.418,warning,bed_exit,yja,bed_exit_failed,t030,"CSI_DATA,334728,1a:00:00:00:00:00,-68,11,-99,20,51,11,-1285710274,47,2,256,0,""[0,0,0,0,0,0,0,0,0,0,0,0,19,15,21,26,19,21,23,26,17,28,23,39,10,36,6,39,8,41,4,39,10,41,8,45,6,45,0,47,0,58,6,41,-6,56,-2,47,-4,58,-26,56,-26,50,-17,54,-17,50,-15,50,-21,54,-23,52,-21,50,-36,58,-13,45,-21,58,-26,52,-30,63,-39,50,-26,50,-41,52,-32,56,-26,50,-21,60,-19,56,-21,47,-41,58,-8,63,-21,80,-28,67,-45,84,-43,58,-34,73,-54,60,-34,67,-36,73,-30,84,-39,84,-45,82,-45,76,-34,89,-52,89,-45,71,0,0,0,0,0,0,80,60,63,45,89,76,71,71,56,52,73,76,63,43,78,69,56,50,71,73,63,73,43,71,65,65,39,56,60,63,58,58,50,52,45,54,56,69,50,34,60,54,52,47,60,54,41,56,34,47,45,54,34,50,47,41,45,45,45,41,36,47,41,63,41,30,45,43,39,45,50,54,19,58,26,50,21,58,21,47,17,47,30,45,17,43,13,36,6,47,17,36,10,43,2,41,4,50,-8,30,0,30,-13,30,-2,26,-4,26,-10,26,-4,23,-8,17,0,0,0,0,0,0,0,0,0,0]"""
1782313075429,2026-06-24T23:57:55.429,warning,bed_exit,yja,bed_exit_failed,t030,"CSI_DATA,334729,1a:00:00:00:00:00,-68,11,-99,9,52,11,-1285698804,47,2,256,0,""[0,0,0,0,0,0,0,0,0,0,0,0,-5,-26,0,-23,5,-34,5,-29,7,-31,7,-39,13,-34,13,-39,10,-34,21,-45,21,-42,23,-37,31,-34,23,-31,21,-34,39,-47,31,-39,37,-39,42,-34,39,-45,37,-50,42,-29,45,-37,50,-37,42,-31,50,-26,47,-34,31,-34,61,-31,42,-31,47,-37,50,-29,53,-39,53,-34,47,-42,42,-39,50,-45,53,-45,58,-37,55,-42,42,-37,55,-47,50,-42,47,-55,50,-42,58,-69,53,-61,53,-55,61,-53,69,-63,69,-58,58,-50,50,-63,79,-71,69,-61,66,-53,74,-66,0,0,0,0,0,0,-61,-63,-66,-79,-61,-74,-66,-66,-61,-79,-53,-61,-63,-82,-50,-69,-63,-77,-45,-63,-58,-66,-66,-61,-47,-55,-53,-66,-53,-61,-45,-55,-45,-66,-50,-50,-42,-45,-55,-55,-45,-42,-61,-50,-39,-47,-50,-50,-47,-45,-37,-39,-50,-50,-55,-42,-42,-45,-47,-45,-42,-42,-42,-29,-47,-55,-37,-37,-45,-42,-37,-45,-42,-47,-31,-50,-34,-47,-31,-37,-26,-45,-23,-42,-23,-42,-18,-42,-21,-34,-18,-45,-15,-34,-15,-39,-5,-34,-13,-34,-10,-34,-5,-29,-2,-26,5,-26,7,-26,2,-21,5,-13,0,0,0,0,0,0,0,0,0,0]"""
1782313075440,2026-06-24T23:57:55.440,warning,bed_exit,yja,bed_exit_failed,t030,"CSI_DATA,334730,1a:00:00:00:00:00,-68,11,-99,15,52,11,-1285688671,47,2,256,0,""[0,0,0,0,0,0,0,0,0,0,0,0,26,-8,31,-11,33,-11,35,-6,31,-6,38,-6,31,-6,29,-6,49,8,44,0,47,4,42,13,49,17,40,11,51,8,47,17,49,22,47,11,51,20,60,22,62,26,42,26,47,29,53,26,42,29,47,35,44,33,49,26,44,33,51,29,51,26,55,38,58,35,51,29,51,29,44,38,53,33,62,35,55,31,51,29,55,33,55,33,67,29,67,20,76,44,71,35,73,38,69,38,67,31,78,33,85,42,71,35,76,40,87,55,80,49,89,44,85,42,0,0,0,0,0,0,38,-87,35,-82,51,-96,38,-87,44,-73,53,-85,51,-80,51,-80,38,-78,60,-82,49,-76,47,-71,51,-60,42,-62,44,-73,38,-62,42,-73,40,-60,29,-69,38,-64,35,-62,22,-67,38,-71,31,-67,26,-64,29,-58,26,-58,26,-67,35,-58,31,-58,29,-53,22,-58,29,-51,24,-58,26,-55,31,-58,24,-53,29,-49,33,-49,33,-40,33,-42,33,-47,35,-38,33,-31,24,-33,33,-26,31,-31,24,-26,38,-20,24,-17,29,-15,29,-6,24,-8,22,-11,26,-6,22,0,20,2,0,0,0,0,0,0,0,0,0,0]"""
1782313075450,2026-06-24T23:57:55.450,warning,bed_exit,yja,bed_exit_failed,t030,"CSI_DATA,334731,1a:00:00:00:00:00,-68,11,-99,15,51,11,-1285679370,47,2,256,0,""[0,0,0,0,0,0,0,0,0,0,0,0,72,12,70,-10,47,-108,42,40,-20,-5,87,12,-2,-75,105,0,75,12,2,-45,12,27,42,37,17,12,20,50,60,57,50,12,32,42,27,32,40,27,32,35,60,42,40,47,45,40,32,40,22,50,25,52,27,55,22,45,30,62,25,50,32,47,25,42,30,50,30,52,42,52,35,55,35,60,30,55,35,60,42,62,35,57,40,70,30,60,45,60,27,47,52,55,40,60,55,60,55,75,50,75,35,72,37,80,42,72,50,82,42,85,40,77,52,80,0,0,0,0,0,0,85,-40,105,-47,72,-32,77,-40,108,-40,72,-27,105,-30,80,-27,90,-30,72,-20,65,-22,77,-30,75,-30,85,-32,70,-17,70,-17,72,-22,77,-27,60,-22,80,-25,60,-20,65,-25,57,-20,60,-22,70,-30,60,-27,70,-30,62,-20,65,-17,60,-27,62,-25,50,-25,75,-17,60,-15,57,-17,45,-7,57,-20,57,-10,55,-15,57,-10,60,0,50,7,52,10,55,5,45,2,45,10,37,12,35,5,17,5,37,7,27,12,30,7,30,15,20,17,15,15,15,17,10,15,0,0,0,0,0,0,0,0,0,0]"""
1782313075461,2026-06-24T23:57:55.461,warning,bed_exit,yja,bed_exit_failed,t030,"CSI_DATA,334732,1a:00:00:00:00:00,-68,11,-99,15,51,11,-1285668288,47,2,256,0,""[0,0,0,0,0,0,0,0,0,0,0,0,-10,40,87,15,45,-82,80,17,10,45,-12,-27,97,0,45,-7,75,-45,-42,0,57,-22,17,-27,55,-47,27,-30,72,-42,27,-32,45,-57,40,-55,32,-30,27,-65,37,-45,32,-45,47,-40,42,-45,37,-50,45,-50,40,-50,27,-45,47,-50,32,-42,27,-50,32,-40,27,-65,32,-52,17,-57,35,-52,27,-55,25,-62,30,-55,22,-65,7,-62,20,-72,12,-62,2,-75,12,-67,2,-80,7,-85,0,-77,-7,-77,0,-82,0,-82,7,-82,-12,-87,-5,-97,-2,-92,-7,-87,-20,-90,0,0,0,0,0,0,-85,27,-100,27,-87,22,-87,35,-102,27,-77,27,-97,35,-77,30,-82,40,-77,27,-85,32,-80,40,-70,37,-75,45,-72,40,-67,35,-67,45,-60,47,-42,45,-67,50,-50,42,-47,52,-37,45,-35,57,-45,55,-37,50,-42,60,-37,57,-37,50,-35,60,-35,60,-17,50,-40,60,-30,47,-25,57,-27,42,-17,62,-27,50,-17,47,-25,50,-25,42,-25,42,-30,37,-22,42,-15,40,-22,37,-25,35,-15,35,-20,27,-20,35,-22,25,-17,22,-15,22,-17,17,-12,20,-15,15,-15,10,0,0,0,0,0,0,0,0,0,0]"""
1782313075471,2026-06-24T23:57:55.471,warning,bed_exit,yja,bed_exit_failed,t030,"CSI_DATA,334733,1a:00:00:00:00:00,-68,11,-99,14,51,11,-1285655772,47,2,256,0,""[0,0,0,0,0,0,0,0,0,0,0,0,74,-23,38,-85,-20,10,90,49,-36,105,-67,25,18,103,-46,80,-20,69,-7,-31,-38,46,7,23,-38,31,-20,18,-49,-18,-41,54,-51,20,-51,7,-46,28,-43,5,-41,23,-51,10,-49,25,-54,20,-51,20,-51,23,-54,18,-49,15,-62,10,-51,7,-56,15,-54,10,-72,15,-59,10,-56,20,-54,12,-64,23,-67,25,-64,23,-62,20,-59,20,-72,15,-72,12,-69,20,-51,20,-82,23,-80,18,-72,31,-82,12,-80,28,-82,12,-77,20,-85,20,-93,25,-82,7,-85,12,-98,15,0,0,0,0,0,0,12,82,5,108,2,93,2,85,7,103,0,85,-7,100,-10,85,0,87,2,80,-5,82,5,87,-7,72,5,85,5,80,10,72,10,77,5,74,2,62,-7,80,2,72,2,69,-2,62,-2,64,7,74,0,64,12,72,10,67,7,64,12,62,10,62,2,54,-12,74,-7,59,-7,56,-10,54,-10,62,-10,56,-2,51,-10,51,-12,51,-10,49,-18,54,-15,49,-15,36,-28,36,-28,31,-18,31,-18,25,-23,28,-20,20,-12,23,-23,12,-20,15,-15,10,-18,10,-20,7,0,0,0,0,0,0,0,0,0,0]"""
1782313075482,2026-06-24T23:57:55.482,warning,bed_exit,yja,bed_exit_failed,t030,"CSI_DATA,334734,1a:00:00:00:00:00,-68,11,-99,15,51,11,-1285645311,47,2,256,0,""[0,0,0,0,0,0,0,0,0,0,0,0,-70,-128,50,-60,-7,47,60,-70,-118,-20,5,-15,22,27,-25,-62,-67,-67,17,-87,15,-20,-32,-27,-27,-45,12,-42,-2,-5,-37,-42,-15,-57,-35,-40,-5,-52,-7,-45,-22,-57,-7,-55,-7,-57,-12,-55,-5,-55,-2,-57,-10,-57,-10,-50,0,-65,0,-55,-7,-62,2,-52,-12,-67,-2,-57,-10,-60,-2,-60,-2,-67,-7,-67,2,-65,-10,-67,-10,-57,-2,-77,0,-65,-17,-67,-10,-62,-15,-90,-5,-77,-17,-87,-10,-82,-15,-85,-5,-85,5,-82,-15,-80,-12,-102,-2,-92,-2,-80,-2,-100,0,0,0,0,0,0,-90,0,-102,5,-85,2,-95,0,-97,0,-82,0,-105,-10,-85,-5,-90,-7,-87,-15,-82,-7,-97,0,-75,-12,-82,-5,-85,-2,-75,-10,-77,-2,-72,-5,-60,5,-87,-7,-67,-2,-72,0,-60,-2,-70,-2,-72,2,-60,-5,-67,0,-70,2,-60,-5,-65,-5,-60,-2,-55,5,-67,-10,-57,-5,-60,0,-50,-10,-62,-5,-55,-12,-52,-12,-50,-12,-57,-17,-50,-17,-45,-22,-40,-20,-37,-10,-40,-25,-35,-22,-35,-17,-27,-17,-30,-20,-20,-22,-22,-17,-17,-22,-12,-20,-15,-20,-7,-20,-10,-20,0,0,0,0,0,0,0,0,0,0]"""
1782313075494,2026-06-24T23:57:55.494,warning,bed_exit,yja,bed_exit_failed,t030,"CSI_DATA,334735,1a:00:00:00:00:00,-68,11,-99,15,52,11,-1285633942,47,2,256,0,""[0,0,0,0,0,0,0,0,0,0,0,0,-29,-11,-20,-4,-31,-13,-22,-13,-31,-20,-26,-20,-26,-22,-29,-22,-24,-29,-29,-35,-29,-38,-24,-40,-20,-44,-17,-42,-17,-38,-17,-58,-17,-47,-17,-53,-6,-49,-8,-64,-11,-64,4,-49,-4,-60,2,-62,6,-53,4,-55,8,-60,2,-47,17,-67,8,-51,17,-62,22,-51,22,-62,22,-58,15,-62,15,-55,22,-64,20,-67,24,-60,24,-67,15,-51,31,-69,24,-60,22,-73,22,-64,26,-85,38,-69,26,-78,38,-67,44,-76,47,-71,40,-64,42,-69,55,-89,53,-73,51,-62,62,-76,0,0,0,0,0,0,-60,-58,-64,-76,-64,-64,-60,-67,-64,-73,-55,-62,-58,-85,-40,-69,-51,-80,-40,-71,-47,-71,-47,-73,-29,-62,-38,-78,-42,-69,-33,-64,-33,-69,-29,-62,-29,-51,-33,-73,-29,-55,-31,-62,-22,-60,-29,-64,-33,-67,-15,-51,-24,-62,-24,-58,-20,-58,-20,-60,-20,-58,-17,-42,-11,-64,-8,-51,-17,-67,4,-53,-4,-62,2,-58,2,-58,8,-51,6,-53,6,-53,13,-47,11,-40,11,-35,20,-42,20,-33,17,-33,20,-24,24,-29,24,-22,22,-22,22,-15,22,-15,20,-11,17,-6,15,-6,0,0,0,0,0,0,0,0,0,0]"""
1782313075504,2026-06-24T23:57:55.504,warning,bed_exit,yja,bed_exit_failed,t030,"CSI_DATA,334736,1a:00:00:00:00:00,-68,11,-99,17,52,11,-1285624346,47,2,256,0,""[0,0,0,0,0,0,0,0,0,0,0,0,-14,-23,-12,-25,-12,-29,-12,-33,0,-29,-6,-38,0,-38,-6,-38,10,-35,-2,-44,8,-42,12,-46,14,-48,14,-42,12,-42,25,-44,29,-44,33,-40,38,-46,40,-31,48,-40,38,-33,40,-38,50,-40,44,-38,42,-31,46,-29,44,-31,59,-23,59,-25,48,-19,61,-21,59,-31,54,-23,59,-29,59,-23,57,-19,59,-19,71,-21,69,-25,65,-29,67,-8,71,-6,63,-21,69,-8,82,-19,73,-6,76,-16,84,0,76,-6,82,-10,80,-6,76,-2,88,4,90,0,99,10,95,14,0,0,0,0,0,0,25,-82,23,-90,25,-97,29,-82,35,-86,31,-78,40,-86,38,-84,38,-73,46,-78,40,-69,40,-73,50,-54,44,-67,35,-71,35,-63,42,-63,40,-59,35,-57,50,-52,52,-54,40,-52,44,-50,44,-46,46,-59,46,-38,38,-48,46,-52,46,-48,38,-44,44,-38,42,-40,52,-33,57,-33,38,-27,54,-25,57,-33,52,-23,54,-21,48,-10,44,-12,48,-10,52,-12,48,-8,44,-6,38,6,42,4,35,4,29,10,38,6,27,14,29,8,25,12,12,14,19,14,14,14,12,14,0,0,0,0,0,0,0,0,0,0]"""
1782313075514,2026-06-24T23:57:55.514,warning,bed_exit,yja,bed_exit_failed,t030,"CSI_DATA,334737,1a:00:00:00:00:00,-68,11,-99,19,52,11,-1285613370,47,2,256,0,""[0,0,0,0,0,0,0,0,0,0,0,0,-19,19,-23,17,-25,11,-31,17,-29,9,-31,13,-33,13,-33,11,-41,15,-31,9,-43,3,-45,5,-45,9,-51,1,-55,3,-45,0,-49,-1,-51,-5,-49,-3,-49,9,-43,0,-65,1,-55,-3,-47,-11,-55,-7,-57,-5,-59,-13,-69,-13,-51,0,-57,-3,-63,-15,-59,-3,-57,-7,-59,3,-59,3,-65,-1,-57,1,-63,-1,-61,7,-63,1,-71,-1,-61,9,-73,5,-69,0,-79,9,-73,5,-75,23,-81,11,-85,17,-79,17,-81,19,-97,19,-99,11,-81,11,-87,13,-95,27,-87,11,0,0,0,0,0,0,9,101,3,91,9,95,-1,97,13,85,-5,103,11,77,7,87,-1,83,9,83,13,83,11,79,25,87,13,73,5,73,19,71,15,73,13,69,9,85,15,65,17,67,9,67,27,63,23,59,19,57,29,63,21,57,21,55,27,63,27,57,19,59,23,71,23,49,21,53,13,57,29,55,17,49,29,49,17,51,17,57,19,49,11,47,19,45,11,41,3,47,7,37,3,39,0,37,3,37,-1,29,1,27,-3,29,0,27,0,27,-3,23,-7,19,-5,15,0,0,0,0,0,0,0,0,0,0]"""
1782313075530,2026-06-24T23:57:55.530,warning,bed_exit,yja,bed_exit_failed,t030,"CSI_DATA,334738,1a:00:00:00:00:00,-68,11,-99,16,52,11,-1285594559,47,2,256,0,""[0,0,0,0,0,0,0,0,0,0,0,0,-28,8,-28,4,-30,4,-32,6,-36,-2,-34,6,-34,6,-34,-2,-45,6,-41,0,-36,-10,-41,-4,-50,-4,-50,-8,-52,-13,-47,-4,-52,-6,-54,-13,-45,-6,-65,-10,-60,-4,-58,-6,-52,-6,-54,-17,-58,-15,-50,-13,-54,-13,-52,-10,-65,-6,-56,-6,-60,-13,-56,-4,-63,2,-58,8,-63,10,-60,6,-60,8,-65,2,-65,13,-71,6,-67,10,-65,15,-60,15,-73,15,-65,23,-60,36,-65,41,-65,43,-71,43,-78,39,-78,34,-76,41,-76,43,-71,56,-78,43,-78,50,-80,52,0,0,0,0,0,0,52,82,39,91,54,76,45,76,54,80,39,84,50,76,52,73,43,84,52,56,56,60,50,54,60,56,65,60,45,58,52,47,60,45,50,47,56,52,58,34,58,34,56,45,52,32,63,28,56,30,69,15,63,23,54,32,60,26,58,17,56,26,54,26,65,15,54,13,52,23,60,13,58,13,56,6,50,6,52,4,47,10,45,19,45,10,43,19,43,21,36,13,32,17,34,13,26,8,28,13,30,10,28,8,26,8,21,13,17,17,15,10,15,13,0,0,0,0,0,0,0,0,0,0]"""
1782313075541,2026-06-24T23:57:55.541,warning,bed_exit,yja,bed_exit_failed,t030,"CSI_DATA,334739,1a:00:00:00:00:00,-68,11,-99,17,52,11,-1285591370,47,2,256,0,""[0,0,0,0,0,0,0,0,0,0,0,0,-25,-16,-23,-19,-25,-23,-23,-21,-19,-27,-12,-23,-16,-21,-27,-33,-19,-31,-29,-42,-14,-38,-19,-38,-14,-38,-12,-42,-12,-40,-4,-59,-4,-46,-2,-50,0,-48,-8,-38,-8,-48,-4,-52,-4,-63,-2,-54,0,-57,0,-54,6,-61,2,-52,19,-69,10,-57,16,-57,12,-42,-2,-57,4,-59,-4,-61,2,-67,4,-67,16,-57,8,-71,12,-80,2,-73,25,-73,25,-65,-2,-71,6,-44,0,-73,8,-67,-16,-76,6,-95,-4,-82,19,-71,21,-86,23,-84,12,-90,31,-90,14,-78,12,-97,0,0,0,0,0,0,-90,-21,-105,-33,-71,-19,-82,-29,-105,-33,-76,-33,-90,-38,-73,-31,-84,-40,-65,-33,-57,-19,-82,-14,-73,-33,-90,-16,-65,-25,-69,-21,-73,-16,-73,-27,-63,-21,-73,-38,-63,-27,-65,-33,-50,-21,-52,-12,-67,-16,-61,-19,-71,-12,-52,-21,-61,-19,-61,-14,-61,-29,-54,-14,-63,-35,-52,-27,-52,-23,-35,-19,-52,-14,-48,-19,-50,-14,-46,-29,-44,-27,-29,-25,-35,-29,-38,-31,-31,-25,-23,-40,-16,-29,-25,-27,-12,-19,-23,-23,-12,-23,-21,-25,-12,-23,-14,-23,-2,-19,2,-21,0,-19,0,0,0,0,0,0,0,0,0,0]"""
1782313075553,2026-06-24T23:57:55.553,warning,bed_exit,yja,bed_exit_failed,t030,"CSI_DATA,334740,1a:00:00:00:00:00,-68,11,-99,16,51,11,-1285580370,47,2,256,0,""[0,0,0,0,0,0,0,0,0,0,0,0,12,-56,0,-41,4,126,34,-19,7,-19,26,87,36,-7,-4,-34,112,-43,63,-46,46,-31,46,-26,24,-46,34,-36,34,-36,43,-68,41,-36,53,-14,21,-21,34,-34,51,-34,39,-31,56,-26,51,-17,53,-29,46,-17,58,-14,75,-4,53,-12,41,-17,85,-9,46,-36,39,-19,65,-21,63,-17,39,-19,75,-12,56,-36,31,-36,56,-48,68,-9,43,-21,63,-29,78,-12,80,-46,70,-53,39,-56,80,-56,97,-46,58,-70,53,-34,97,-46,95,-34,85,-56,65,-43,65,-53,80,-36,0,0,0,0,0,0,-31,-87,-31,-97,-36,-80,-24,-85,-29,-82,-14,-85,-26,-87,-26,-87,-19,-92,-26,-75,-26,-68,-29,-73,-41,-75,-36,-73,-12,-70,-31,-70,-34,-68,-26,-73,-24,-73,-31,-61,-29,-63,-24,-73,-31,-58,-31,-53,-31,-53,-41,-58,-31,-53,-21,-56,-29,-53,-31,-53,-21,-58,-26,-56,-31,-53,-21,-53,-17,-58,-29,-46,-24,-46,-34,-46,-26,-51,-24,-48,-19,-43,-4,-46,-19,-46,-12,-46,-4,-43,-7,-36,-2,-41,-2,-39,2,-36,-2,-26,-2,-31,-2,-26,-2,-29,4,-26,12,-19,2,-21,9,-14,0,0,0,0,0,0,0,0,0,0]"""
1782313075563,2026-06-24T23:57:55.563,warning,bed_exit,yja,bed_exit_failed,t030,"CSI_DATA,334741,1a:00:00:00:00:00,-68,11,-99,16,52,11,-1285569370,47,2,256,0,""[0,0,0,0,0,0,0,0,0,0,0,0,28,2,32,2,28,6,34,17,26,8,28,21,34,23,26,23,26,23,30,26,28,32,28,30,30,39,21,36,28,45,19,36,21,47,19,41,26,63,4,54,2,56,4,52,10,50,8,54,6,56,0,43,-6,50,8,52,-13,50,10,56,19,58,2,80,0,60,6,82,-4,60,4,30,-4,80,-6,63,19,67,8,52,-15,91,6,58,-17,73,-17,71,-41,65,-30,65,10,63,-21,63,-19,47,2,100,-30,97,-13,60,-36,80,-39,93,-47,95,-30,100,-34,93,0,0,0,0,0,0,87,50,69,45,97,56,67,54,52,45,80,56,69,41,80,63,58,47,67,69,60,67,47,52,50,56,47,54,58,60,47,52,56,60,45,52,50,58,34,47,47,56,43,47,50,63,41,60,39,50,34,54,26,47,41,52,30,52,34,50,26,45,28,56,30,43,32,52,26,45,30,71,17,56,17,54,10,56,8,45,6,43,13,45,4,45,2,36,0,39,2,32,0,36,-4,36,-8,45,-10,30,-8,32,-17,26,-8,21,-15,19,-13,21,-13,13,-13,10,0,0,0,0,0,0,0,0,0,0]"""
1782313075574,2026-06-24T23:57:55.574,warning,bed_exit,yja,bed_exit_failed,t030,"CSI_DATA,334742,1a:00:00:00:00:00,-68,11,-99,16,52,11,-1285558329,47,2,256,0,""[0,0,0,0,0,0,0,0,0,0,0,0,-28,-13,-26,-10,-30,-17,-28,-17,-21,-21,-26,-28,-28,-23,-26,-32,-23,-26,-32,-23,-30,-32,-30,-26,-32,-30,-30,-28,-30,-32,-23,-45,-32,-47,-28,-43,-30,-45,-32,-45,-41,-45,-17,-47,-26,-45,-36,-45,-32,-43,-26,-45,-23,-47,-30,-47,-21,-52,-30,-52,-26,-45,-32,-54,-36,-52,-41,-52,-39,-43,-30,-50,-39,-50,-45,-47,-47,-45,-50,-43,-54,-41,-41,-54,-47,-58,-52,-39,-50,-47,-67,-36,-52,-45,-63,-45,-63,-50,-60,-43,-63,-54,-54,-50,-67,-50,-69,-47,-78,-54,-76,-45,-78,-52,0,0,0,0,0,0,-56,82,-45,76,-52,80,-47,73,-47,76,-52,76,-47,78,-47,76,-41,65,-50,76,-43,71,-34,80,-39,63,-26,71,-30,73,-23,69,-21,71,-17,71,-19,71,-28,67,-26,71,-15,63,-13,71,-17,76,-4,78,-10,58,-10,60,-4,71,-2,65,-6,58,-10,56,2,56,-8,63,-10,67,2,47,-8,60,-4,65,-13,56,-2,58,-8,52,-10,43,-8,47,-10,43,-8,43,-2,45,-15,32,-19,36,-8,36,-15,30,-8,34,-15,26,-8,28,-10,23,-8,17,-8,23,-8,10,-6,17,0,0,0,0,0,0,0,0,0,0]"""
1782313075584,2026-06-24T23:57:55.584,warning,bed_exit,yja,bed_exit_failed,t030,"CSI_DATA,334743,1a:00:00:00:00:00,-68,11,-99,18,52,11,-1285547370,47,2,256,0,""[0,0,0,0,0,0,0,0,0,0,0,0,-14,24,-8,24,-18,28,-18,26,-26,26,-20,26,-26,24,-24,30,-26,20,-32,32,-32,30,-28,26,-32,32,-39,24,-34,16,-55,20,-43,16,-49,4,-47,12,-45,18,-47,16,-51,6,-59,18,-57,12,-49,12,-51,12,-51,8,-45,8,-65,0,-55,-4,-57,0,-47,0,-63,8,-61,2,-61,10,-57,4,-65,10,-61,8,-65,10,-69,10,-57,12,-78,2,-65,-6,-65,6,-47,6,-75,18,-71,4,-75,24,-84,6,-82,12,-82,6,-80,6,-82,8,-98,10,-92,-2,-86,0,-92,12,0,0,0,0,0,0,-12,84,-12,106,-6,90,-10,84,-8,102,-8,73,-20,104,-20,75,-20,98,-8,78,-14,78,-2,92,-16,69,-2,88,-6,75,4,67,4,73,-6,71,-8,63,-16,82,-2,61,-12,73,-8,61,-12,63,0,78,-18,59,0,73,2,71,-4,59,-2,61,-4,63,-2,49,-18,69,-16,53,-10,55,-12,45,-10,59,-16,57,-8,53,-18,49,-18,53,-16,45,-20,47,-18,43,-14,36,-28,32,-22,24,-22,30,-16,22,-22,28,-18,24,-18,26,-22,16,-20,16,-22,12,-16,10,-12,10,0,0,0,0,0,0,0,0,0,0]"""
1782313075595,2026-06-24T23:57:55.595,warning,bed_exit,yja,bed_exit_failed,t030,"CSI_DATA,334744,1a:00:00:00:00:00,-68,11,-99,16,52,11,-1285536370,47,2,256,0,""[0,0,0,0,0,0,0,0,0,0,0,0,0,-28,4,-32,2,-26,6,-32,4,-32,6,-32,6,-34,13,-28,8,-41,8,-36,17,-36,15,-41,19,-43,17,-41,23,-45,13,-43,17,-45,21,-52,17,-43,26,-52,28,-52,17,-54,15,-56,23,-45,19,-52,17,-54,17,-52,21,-54,15,-54,19,-56,21,-56,6,-58,13,-52,2,-60,2,-58,-6,-65,-2,-65,2,-65,-4,-63,-2,-65,2,-69,-17,-63,-10,-69,-10,-71,-26,-67,-23,-63,-34,-65,-32,-71,-32,-78,-34,-76,-36,-73,-45,-78,-43,-80,-47,-71,-39,-78,-47,-78,-47,-80,0,0,0,0,0,0,-91,45,-87,52,-73,50,-80,47,-73,54,-80,45,-71,50,-76,60,-69,50,-58,56,-60,54,-56,56,-47,71,-54,58,-52,56,-45,65,-45,63,-45,60,-52,60,-26,60,-23,67,-39,63,-23,56,-21,60,-21,60,-15,67,-13,60,-19,56,-17,60,-6,63,-10,60,-13,65,-6,58,-13,56,-10,58,-4,58,-6,50,0,56,-2,56,0,54,0,50,-8,47,0,50,-4,45,-8,43,-4,39,-2,36,-6,39,-2,36,-4,30,-4,34,-6,30,-4,28,-4,26,-10,23,-6,21,-4,23,0,0,0,0,0,0,0,0,0,0]"""
1782313075605,2026-06-24T23:57:55.605,warning,bed_exit,yja,bed_exit_failed,t030,"CSI_DATA,334745,1a:00:00:00:00:00,-68,11,-99,18,52,11,-1285525273,47,2,256,0,""[0,0,0,0,0,0,0,0,0,0,0,0,26,4,28,8,28,16,30,18,26,20,32,22,24,30,24,24,20,22,26,32,32,32,26,30,26,34,20,39,14,39,18,45,16,49,14,47,10,57,6,55,0,47,2,49,0,55,6,61,6,53,6,53,-4,51,-4,49,-10,51,-10,57,-10,51,-12,61,-16,67,-20,55,-14,59,-16,57,-6,55,-6,67,-10,61,-12,63,-12,63,-16,61,-18,63,-14,65,-24,69,-26,82,-22,73,-20,69,-26,65,-22,75,-28,90,-22,71,-32,73,-39,86,-43,88,-41,86,-47,86,0,0,0,0,0,0,63,55,69,53,73,67,67,63,63,51,69,55,63,61,61,63,67,55,61,69,55,63,55,55,39,57,55,61,55,59,49,53,47,55,47,53,39,51,41,57,43,51,45,49,47,61,36,63,39,57,30,55,36,49,43,53,34,51,30,47,26,45,24,47,20,59,24,57,22,51,24,65,14,61,18,55,16,53,8,43,6,47,12,47,4,49,4,41,0,36,-6,41,-2,39,-10,36,-12,41,-10,34,-10,24,-8,28,-14,20,-18,18,-10,20,-12,18,-14,12,0,0,0,0,0,0,0,0,0,0]"""
1782313075615,2026-06-24T23:57:55.615,warning,bed_exit,yja,bed_exit_failed,t030,"CSI_DATA,334746,1a:00:00:00:00:00,-68,11,-99,17,52,11,-1285511680,47,2,256,0,""[0,0,0,0,0,0,0,0,0,0,0,0,14,-21,19,-27,12,-16,29,-25,21,-12,38,-25,33,-19,31,-12,35,-12,29,-6,44,-12,38,-8,42,-4,40,-4,52,-4,31,-2,54,-2,38,0,67,12,50,6,35,0,57,19,40,16,52,25,50,23,46,21,40,27,57,29,42,12,59,25,40,21,71,38,44,35,54,31,46,35,44,25,40,21,59,29,50,31,46,29,52,46,48,19,71,27,50,38,86,57,52,42,67,35,50,50,54,42,54,50,76,54,69,46,76,65,50,50,71,57,76,76,61,67,0,0,0,0,0,0,86,-61,61,-35,105,-63,69,-44,44,-27,92,-57,57,-29,99,-46,61,-29,99,-46,82,-40,67,-23,69,-31,61,-12,80,-27,73,-25,73,-23,63,-16,78,-19,42,-19,69,-29,50,-21,90,-25,76,-21,59,-14,65,-12,46,-10,65,-19,63,-12,61,-10,50,-6,71,-8,42,-8,69,-12,48,-6,86,-6,59,6,57,2,54,8,46,6,44,10,46,0,44,12,33,12,42,19,27,6,40,10,27,16,40,29,23,21,23,14,19,21,16,19,14,16,14,23,14,16,6,16,0,0,0,0,0,0,0,0,0,0]"""
1782313075626,2026-06-24T23:57:55.626,warning,bed_exit,yja,bed_exit_failed,t030,"CSI_DATA,334747,1a:00:00:00:00:00,-68,11,-99,19,52,11,-1285502318,47,2,256,0,""[0,0,0,0,0,0,0,0,0,0,0,0,-23,-21,-15,-21,-19,-25,-17,-23,-17,-31,-19,-23,-13,-27,-21,-29,-21,-33,-25,-39,-13,-39,-17,-39,-17,-37,-13,-43,-11,-37,-9,-61,-3,-49,3,-55,-1,-41,-11,-37,-7,-45,-11,-53,-7,-57,3,-51,-5,-45,-5,-57,3,-59,1,-55,7,-65,9,-55,9,-61,-3,-45,-1,-53,-7,-57,-11,-61,-1,-69,-9,-65,3,-59,-9,-67,-5,-71,-7,-59,-3,-77,1,-63,-7,-71,-9,-49,-17,-75,-7,-73,-27,-67,-21,-83,-19,-77,-11,-73,-11,-85,-9,-85,-21,-91,-5,-83,-25,-73,-21,-89,0,0,0,0,0,0,-91,3,-107,-3,-73,9,-91,-3,-113,9,-79,-9,-99,3,-81,3,-91,-5,-69,9,-71,9,-83,13,-83,15,-87,19,-73,-1,-73,9,-77,19,-73,5,-63,7,-83,7,-65,7,-77,0,-51,19,-59,15,-55,15,-65,21,-69,23,-61,7,-59,19,-59,19,-67,13,-59,15,-71,5,-51,3,-61,1,-41,9,-49,17,-55,11,-51,21,-61,11,-53,7,-47,-3,-49,7,-49,0,-39,-1,-47,-7,-33,-7,-39,-3,-21,-3,-29,-7,-27,-3,-29,-1,-31,-5,-27,-9,-13,-13,-17,-11,-17,-11,0,0,0,0,0,0,0,0,0,0]"""
1782313075636,2026-06-24T23:57:55.636,warning,bed_exit,yja,bed_exit_failed,t030,"CSI_DATA,334748,1a:00:00:00:00:00,-68,11,-99,14,52,11,-1285491108,47,2,256,0,""[0,0,0,0,0,0,0,0,0,0,0,0,25,-11,23,-9,27,-9,25,-9,34,-6,29,-6,32,-9,39,-2,39,-6,41,0,36,9,41,6,39,2,39,16,43,20,48,20,43,20,41,29,41,23,43,11,34,18,52,23,46,34,32,36,34,34,41,41,39,46,41,46,39,41,34,41,29,48,36,32,41,39,39,39,43,34,50,46,41,46,27,57,41,46,36,55,36,50,43,52,39,55,36,64,48,55,48,64,55,57,55,59,50,59,52,62,43,64,43,73,41,82,50,80,43,80,48,66,43,80,0,0,0,0,0,0,80,-29,94,-16,80,-18,94,-18,94,-25,89,2,94,-13,80,-11,89,0,78,-16,80,-18,80,-13,87,-25,76,-11,78,6,71,-9,71,-4,76,2,66,2,76,-9,62,-11,71,11,62,-4,59,-11,64,-4,66,-13,69,-6,62,9,62,2,62,-4,62,4,62,9,69,2,57,9,57,16,52,4,55,9,57,2,52,2,55,6,50,13,41,23,46,16,39,20,39,25,41,27,34,23,23,27,27,18,23,20,23,23,18,18,20,20,9,20,6,25,9,20,4,23,0,0,0,0,0,0,0,0,0,0]"""
1782313075646,2026-06-24T23:57:55.646,warning,bed_exit,yja,bed_exit_failed,t030,"CSI_DATA,334749,1a:00:00:00:00:00,-68,11,-99,18,52,11,-1285481370,47,2,256,0,""[0,0,0,0,0,0,0,0,0,0,0,0,-16,-18,-16,-24,-12,-22,-12,-32,-6,-26,-10,-28,-6,-30,-4,-34,-4,-36,-4,-36,10,-36,4,-39,4,-39,16,-43,16,-45,10,-41,8,-47,20,-41,14,-47,24,-39,39,-34,20,-53,36,-34,20,-45,24,-45,30,-36,41,-41,49,-43,28,-41,22,-39,45,-28,43,-45,49,-26,41,-43,34,-47,55,-41,53,-41,49,-41,39,-47,57,-39,55,-43,49,-39,45,-45,59,-36,59,-51,55,-30,61,-49,63,-39,67,-53,59,-53,63,-43,75,-47,82,-41,75,-41,71,-36,80,-45,78,-41,0,0,0,0,0,0,-30,-98,-16,-92,-22,-94,-12,-92,-18,-82,-2,-90,-6,-82,-8,-92,2,-80,-8,-86,-2,-84,0,-71,-6,-84,-4,-73,8,-71,2,-73,0,-73,8,-73,8,-80,6,-65,4,-65,12,-67,0,-65,4,-61,2,-63,0,-73,4,-61,14,-61,10,-65,8,-57,14,-59,24,-67,8,-55,12,-57,24,-51,16,-59,20,-47,16,-53,20,-49,24,-49,22,-39,28,-36,18,-39,28,-34,36,-32,26,-32,30,-24,34,-18,32,-22,26,-10,26,-16,28,-8,24,-6,20,-10,22,-4,22,-4,14,2,0,0,0,0,0,0,0,0,0,0]"""
1782313075656,2026-06-24T23:57:55.657,warning,bed_exit,yja,bed_exit_failed,t030,"CSI_DATA,334750,1a:00:00:00:00:00,-68,11,-99,19,52,11,-1285470370,47,2,256,0,""[0,0,0,0,0,0,0,0,0,0,0,0,19,11,31,21,15,11,29,21,15,13,31,29,21,29,13,29,19,31,17,23,17,33,11,37,13,41,9,35,11,47,7,29,11,53,11,41,0,65,11,53,7,31,5,57,-9,35,-9,47,-11,53,-19,49,-17,63,-13,67,-3,33,-15,43,-9,45,-13,81,-33,43,-27,53,0,53,-39,63,-29,61,-17,69,-23,65,15,19,-15,59,1,57,-17,73,-13,59,-27,107,-51,31,-19,69,-29,69,-27,47,-33,55,-29,93,-41,71,-17,83,-33,77,-15,87,-53,107,-29,85,0,0,0,0,0,0,91,43,49,33,107,57,77,43,41,31,85,59,49,31,91,59,49,27,83,67,67,61,53,49,55,47,39,45,59,55,57,51,57,49,47,51,61,57,41,31,65,51,45,37,69,57,59,47,45,39,49,39,31,37,49,43,43,47,41,49,35,43,41,55,33,25,49,43,31,41,49,63,31,53,33,41,23,49,17,41,19,37,29,47,19,39,15,35,17,43,17,27,21,47,5,33,7,47,0,29,3,33,-9,27,1,19,0,25,-3,21,-7,17,-7,17,0,0,0,0,0,0,0,0,0,0]"""
1782313075668,2026-06-24T23:57:55.668,warning,bed_exit,yja,bed_exit_failed,t030,"CSI_DATA,334751,1a:00:00:00:00:00,-68,11,-99,12,52,11,-1285457691,47,2,256,0,""[0,0,0,0,0,0,0,0,0,0,0,0,-82,26,-46,2,4,-9,0,-7,-4,-2,-31,24,-41,36,-53,43,-31,34,-41,7,-31,-12,-41,-24,-41,-26,-24,-19,-34,-7,-41,-12,-48,-9,-48,-7,-51,-14,-43,-19,-43,-17,-34,-19,-36,-29,-36,-34,-39,-36,-36,-39,-39,-36,-41,-36,-41,-36,-39,-36,-39,-36,-36,-39,-36,-39,-39,-41,-41,-41,-41,-43,-41,-46,-39,-48,-39,-51,-39,-51,-41,-51,-46,-51,-46,-48,-46,-48,-46,-51,-46,-53,-46,-56,-46,-58,-46,-61,-46,-65,-46,-70,-46,-73,-46,-75,-43,-78,-41,-78,-34,-78,-31,-80,0,0,0,0,0,0,-90,24,-87,21,-87,19,-87,14,-85,12,-85,9,-85,9,-82,9,-80,7,-80,9,-80,7,-82,4,-80,2,-78,0,-75,-4,-75,-7,-73,-9,-73,-4,-73,-2,-73,0,-70,4,-68,2,-65,2,-68,-2,-65,-2,-65,-4,-63,-9,-63,-9,-63,-12,-61,-14,-61,-12,-61,-12,-58,-12,-58,-12,-56,-12,-53,-14,-51,-17,-51,-19,-51,-21,-48,-21,-46,-24,-41,-26,-39,-29,-34,-29,-31,-29,-29,-26,-26,-26,-21,-26,-19,-26,-17,-26,-14,-29,-14,-26,-9,-26,-7,-21,-4,-21,-2,-19,0,-17,0,0,0,0,0,0,0,0,0,0]"""
1782313075678,2026-06-24T23:57:55.678,warning,bed_exit,yja,bed_exit_failed,t030,"CSI_DATA,334752,1a:00:00:00:00:00,-68,11,-99,19,52,11,-1285447239,47,2,256,0,""[0,0,0,0,0,0,0,0,0,0,0,0,5,25,-5,23,-1,29,-3,25,-9,33,-3,25,-5,31,-5,41,-3,35,-7,43,-19,37,-13,41,-11,39,-21,37,-19,37,-27,45,-21,39,-39,41,-19,39,-11,37,-11,35,-25,49,-29,45,-35,39,-27,41,-29,45,-37,45,-31,41,-33,47,-25,35,-39,45,-19,35,-21,45,-21,49,-19,49,-25,59,-31,59,-33,49,-21,57,-33,65,-29,51,-35,69,-31,55,-33,63,-13,49,-19,77,-13,77,-7,77,-15,83,-11,85,-25,67,-19,85,-27,87,-15,95,-31,85,-9,71,-17,91,0,0,0,0,0,0,75,31,101,39,71,17,85,37,103,25,69,31,91,35,69,29,85,37,73,17,73,19,83,11,91,3,85,1,69,27,73,11,69,9,71,11,67,11,83,7,61,3,75,15,51,1,59,-1,71,-3,67,-13,75,-7,61,7,59,-5,69,-11,69,-1,59,-3,67,0,55,5,65,3,49,-5,53,-9,49,-3,51,-13,57,-7,53,-3,43,11,49,-1,49,7,39,3,43,9,33,13,39,15,25,5,33,5,29,5,25,0,25,7,23,11,19,11,19,11,11,13,0,0,0,0,0,0,0,0,0,0]"""
1782313075690,2026-06-24T23:57:55.690,warning,bed_exit,yja,bed_exit_failed,t030,"CSI_DATA,334753,1a:00:00:00:00:00,-68,11,-99,18,52,11,-1285437370,47,2,256,0,""[0,0,0,0,0,0,0,0,0,0,0,0,-22,-8,-22,-12,-20,-16,-22,-14,-20,-24,-22,-18,-20,-24,-20,-26,-22,-28,-22,-30,-14,-34,-16,-36,-16,-41,-12,-45,-2,-45,-12,-47,-10,-43,0,-51,2,-47,-4,-41,4,-39,-4,-61,8,-53,16,-49,14,-57,10,-51,12,-51,20,-49,14,-55,18,-51,22,-53,18,-51,20,-51,14,-55,10,-55,14,-57,16,-55,28,-49,24,-61,32,-59,36,-59,26,-59,24,-57,34,-59,20,-61,30,-61,22,-67,24,-71,34,-78,30,-75,47,-69,41,-71,45,-75,45,-75,55,-65,55,-71,59,-65,0,0,0,0,0,0,-59,-65,-61,-75,-51,-61,-61,-69,-57,-73,-43,-73,-49,-82,-47,-71,-36,-78,-47,-59,-41,-61,-36,-65,-47,-63,-43,-69,-28,-69,-34,-63,-34,-73,-24,-65,-22,-73,-36,-65,-30,-57,-24,-67,-26,-61,-26,-55,-24,-57,-36,-61,-28,-63,-16,-61,-14,-61,-24,-57,-14,-63,-16,-61,-18,-61,-10,-51,-8,-57,-12,-51,-10,-51,-10,-57,-6,-55,-6,-53,-2,-49,6,-47,4,-45,14,-49,16,-41,4,-39,14,-34,20,-36,12,-26,14,-28,14,-26,8,-22,20,-26,16,-16,18,-14,18,-14,14,-10,0,0,0,0,0,0,0,0,0,0]"""
1782313075701,2026-06-24T23:57:55.701,warning,bed_exit,yja,bed_exit_failed,t030,"CSI_DATA,334754,1a:00:00:00:00:00,-68,11,-99,11,53,11,-1285425538,47,2,256,0,""[0,0,0,0,0,0,0,0,0,0,0,0,0,-29,4,-24,6,-29,4,-20,11,-33,6,-24,6,-31,11,-33,15,-35,22,-31,24,-26,29,-26,33,-31,31,-35,22,-29,40,-35,31,-24,35,-29,22,-13,33,-33,42,-33,44,-24,51,-29,47,-20,49,-20,42,-20,44,-22,26,-13,60,-13,47,-15,38,-15,40,-33,44,-22,49,-20,13,-29,51,-33,60,-15,73,15,58,-17,67,-26,53,-55,47,-40,35,-15,69,-62,44,0,53,-44,49,-26,35,-6,67,-44,76,-31,96,-26,78,-31,58,-31,78,-58,80,-22,64,-24,76,-22,0,0,0,0,0,0,-22,-78,-29,-91,-11,-58,-26,-69,-24,-100,-17,-60,-20,-96,-15,-60,-13,-87,-11,-53,-13,-67,-15,-73,-20,-69,-17,-80,-8,-60,-8,-62,-11,-69,-13,-67,-11,-47,-20,-73,-15,-47,-17,-69,-6,-42,-13,-51,-13,-58,-17,-53,-15,-64,-11,-53,-8,-55,-13,-55,-13,-58,-13,-40,-11,-67,-8,-42,-11,-55,-4,-38,-8,-47,-4,-49,-6,-47,-6,-47,2,-49,6,-40,6,-42,4,-40,4,-33,13,-40,8,-33,6,-33,2,-20,6,-31,11,-26,6,-24,11,-22,15,-20,13,-13,15,-8,13,-8,0,0,0,0,0,0,0,0,0,0]"""
1782313075711,2026-06-24T23:57:55.711,warning,bed_exit,yja,bed_exit_failed,t030,"CSI_DATA,334755,1a:00:00:00:00:00,-68,11,-99,18,52,11,-1285414430,47,2,256,0,""[0,0,0,0,0,0,0,0,0,0,0,0,26,-6,26,-2,26,-6,26,2,30,6,32,6,32,10,32,18,36,8,32,14,36,14,34,18,32,18,30,18,34,26,41,14,43,20,43,28,39,24,30,36,28,47,41,30,39,41,36,36,32,39,32,34,34,39,39,41,41,34,43,32,43,39,36,43,34,41,34,41,36,47,41,36,41,41,45,39,47,39,47,39,45,47,65,34,63,28,55,43,63,47,57,49,55,49,57,49,59,43,61,53,73,41,78,45,73,51,75,47,75,36,67,55,65,55,0,0,0,0,0,0,51,-73,63,-65,61,-67,61,-69,63,-63,63,-69,51,-71,55,-65,49,-61,57,-55,53,-61,59,-49,53,-63,59,-51,51,-59,49,-53,49,-51,47,-51,53,-49,32,-61,32,-63,39,-61,39,-51,41,-53,47,-41,34,-53,41,-43,39,-49,39,-53,32,-45,36,-53,39,-49,26,-55,26,-51,36,-55,34,-51,36,-41,36,-39,43,-34,34,-41,39,-36,34,-32,32,-30,30,-30,34,-22,24,-32,30,-30,32,-22,30,-20,28,-18,28,-14,30,-8,24,-8,20,-6,26,-8,20,-6,20,2,0,0,0,0,0,0,0,0,0,0]"""
1782313075724,2026-06-24T23:57:55.724,warning,bed_exit,yja,bed_exit_failed,t030,"CSI_DATA,334756,1a:00:00:00:00:00,-68,11,-99,18,52,11,-1285401886,47,2,256,0,""[0,0,0,0,0,0,0,0,0,0,0,0,-18,14,-20,16,-22,16,-24,14,-26,12,-28,12,-30,10,-32,8,-34,6,-36,4,-36,4,-41,0,-41,-2,-43,-2,-43,-2,-47,-2,-45,-2,-47,-8,-45,-10,-45,-16,-45,-18,-45,-20,-47,-20,-47,-18,-47,-18,-47,-20,-49,-20,-49,-20,-51,-18,-49,-20,-47,-20,-47,-20,-47,-24,-47,-26,-49,-26,-51,-26,-55,-24,-57,-26,-57,-22,-59,-20,-59,-18,-63,-18,-63,-20,-65,-22,-65,-24,-67,-30,-67,-34,-69,-32,-71,-32,-75,-28,-75,-30,-78,-26,-82,-28,-82,-30,-82,-34,-80,-36,-80,-39,0,0,0,0,0,0,-49,80,-49,80,-51,80,-51,80,-51,78,-49,75,-47,71,-43,69,-47,63,-47,63,-51,61,-53,61,-55,61,-51,61,-49,59,-49,57,-47,55,-43,57,-41,59,-39,61,-36,59,-36,55,-34,53,-41,51,-41,51,-41,51,-41,53,-41,53,-41,51,-39,49,-36,49,-36,49,-34,49,-32,49,-32,47,-34,43,-36,39,-41,34,-41,34,-43,34,-41,32,-41,28,-39,26,-36,24,-36,24,-39,22,-36,20,-34,16,-32,12,-30,8,-30,4,-28,2,-26,0,-24,0,-22,-2,-20,-2,-20,-4,0,0,0,0,0,0,0,0,0,0]"""
1782313075734,2026-06-24T23:57:55.735,warning,bed_exit,yja,bed_exit_failed,t030,"CSI_DATA,334757,1a:00:00:00:00:00,-68,11,-99,17,52,11,-1285389876,47,2,256,0,""[0,0,0,0,0,0,0,0,0,0,0,0,10,-25,10,-19,16,-29,16,-21,27,-19,12,-16,16,-25,25,-25,29,-25,31,-29,31,-12,33,-16,33,-19,44,-12,40,-8,54,-10,40,-2,50,-2,40,-6,46,-4,59,4,50,-2,59,-2,48,8,50,2,48,4,54,16,44,6,61,19,48,12,52,16,33,16,54,10,57,10,59,4,65,12,63,19,46,25,67,23,71,25,61,14,61,35,54,38,67,23,38,12,65,14,63,21,73,6,82,29,80,25,59,40,71,46,67,42,76,42,69,54,67,40,73,46,0,0,0,0,0,0,59,-65,86,-82,48,-52,65,-57,82,-76,59,-35,82,-63,67,-48,84,-46,52,-38,48,-42,63,-57,63,-50,71,-59,61,-31,63,-42,67,-38,67,-35,54,-38,76,-33,54,-25,67,-33,42,-21,46,-33,61,-38,59,-35,65,-40,52,-23,52,-29,52,-27,69,-21,50,-23,73,-14,61,-10,57,-14,38,-12,52,-21,52,-14,52,-23,63,-10,54,-2,42,8,52,-2,50,8,40,4,46,16,31,14,42,12,19,6,27,10,27,12,31,6,29,16,29,12,14,19,14,19,8,16,0,0,0,0,0,0,0,0,0,0]"""
1782313075746,2026-06-24T23:57:55.746,warning,bed_exit,yja,bed_exit_failed,t030,"CSI_DATA,334758,1a:00:00:00:00:00,-69,11,-99,13,53,11,-1285382179,47,2,256,0,""[0,0,0,0,0,0,0,0,0,0,0,0,-14,23,-12,16,-21,23,-16,16,-21,21,-21,16,-16,19,-25,21,-31,19,-31,25,-29,16,-33,21,-33,16,-42,10,-35,8,-50,6,-40,10,-46,0,-35,0,-31,4,-48,2,-46,2,-57,6,-44,-2,-50,-2,-50,-2,-50,-6,-40,-2,-61,-21,-48,-10,-52,-14,-38,-12,-46,-4,-52,-4,-52,4,-57,-6,-59,-6,-54,-10,-57,-14,-65,-14,-63,-6,-61,-21,-52,-21,-63,-6,-44,-6,-67,-4,-57,-8,-69,10,-80,-16,-73,-6,-57,-16,-73,-27,-69,-21,-73,-23,-67,-29,-69,-27,-76,-25,0,0,0,0,0,0,-33,76,-46,90,-25,61,-35,67,-42,88,-38,57,-50,73,-40,63,-46,63,-35,52,-27,52,-31,69,-35,61,-33,76,-33,48,-35,54,-33,59,-42,54,-33,52,-40,61,-29,50,-38,50,-29,42,-25,44,-27,54,-31,48,-29,57,-31,42,-35,46,-29,50,-33,50,-27,44,-42,44,-38,38,-35,40,-27,25,-29,40,-33,35,-25,44,-38,31,-38,31,-33,21,-38,21,-40,21,-33,21,-40,8,-31,6,-31,12,-21,6,-25,12,-23,2,-23,10,-25,0,-23,2,-16,-2,-16,-4,-19,-4,0,0,0,0,0,0,0,0,0,0]"""
1782313075756,2026-06-24T23:57:55.756,warning,bed_exit,yja,bed_exit_failed,t030,"CSI_DATA,334759,1a:00:00:00:00:00,-69,11,-99,18,52,11,-1285369904,47,2,256,0,""[0,0,0,0,0,0,0,0,0,0,0,0,-6,22,-6,28,-4,26,-10,32,-8,24,-10,26,-14,28,-14,30,-18,30,-18,32,-14,36,-12,36,-12,43,-12,36,-18,34,-18,39,-20,49,-16,47,-28,45,-18,45,-10,41,-32,36,-24,43,-18,47,-14,45,-16,47,-14,51,-14,47,-20,47,-18,49,-10,55,-14,59,-14,55,-14,51,-8,55,-8,55,0,57,6,61,8,57,14,57,8,59,10,63,14,67,16,59,18,75,20,80,18,69,26,69,18,69,34,65,47,67,47,65,43,71,43,80,51,69,47,71,47,71,0,0,0,0,0,0,65,-57,57,-57,71,-65,73,-59,63,-57,65,-63,59,-57,61,-61,55,-59,61,-65,61,-65,47,-65,47,-57,41,-63,30,-75,24,-71,28,-65,22,-61,14,-61,28,-59,24,-69,12,-65,12,-69,18,-67,10,-61,12,-53,0,-63,-8,-59,-2,-57,-14,-65,-6,-61,-10,-63,-6,-59,-6,-59,-4,-57,-10,-61,0,-63,-8,-53,0,-47,-6,-51,-10,-49,-10,-53,-14,-45,-10,-36,-12,-43,-8,-39,-6,-41,-6,-34,-4,-34,-2,-34,-2,-32,2,-28,0,-22,0,-26,0,-22,0,-18,2,-20,0,0,0,0,0,0,0,0,0,0]"""
1782313075768,2026-06-24T23:57:55.768,warning,bed_exit,yja,bed_exit_failed,t030,"CSI_DATA,334760,1a:00:00:00:00:00,-68,11,-99,11,52,11,-1285359511,47,2,256,0,""[0,0,0,0,0,0,0,0,0,0,0,0,7,-25,5,-30,2,-20,7,-22,0,-32,7,-35,15,-37,10,-27,12,-40,17,-27,20,-30,27,-37,22,-35,22,-32,30,-45,20,-30,25,-35,17,-42,25,-35,37,-47,35,-37,30,-42,40,-32,32,-35,35,-37,37,-37,37,-37,47,-35,30,-40,27,-45,37,-40,37,-42,40,-37,37,-40,40,-40,42,-47,37,-42,30,-45,32,-45,30,-47,42,-50,20,-57,25,-65,35,-70,35,-72,35,-60,27,-67,40,-60,32,-67,37,-75,25,-75,32,-80,35,-77,35,-77,22,-80,35,-80,42,-80,0,0,0,0,0,0,-87,-42,-82,-35,-87,-45,-80,-37,-75,-37,-82,-42,-70,-35,-85,-35,-75,-32,-72,-40,-75,-37,-62,-40,-72,-30,-62,-35,-67,-35,-72,-35,-65,-27,-57,-25,-67,-35,-67,-12,-70,-10,-70,-17,-67,-17,-67,-12,-52,-15,-65,-15,-57,-20,-57,-10,-62,-15,-57,-15,-55,-17,-62,-22,-57,0,-57,2,-62,-10,-65,-10,-47,-17,-55,-5,-47,-22,-52,-10,-42,-20,-47,-10,-50,-15,-40,-15,-37,-17,-37,-10,-40,-12,-35,-17,-35,-22,-25,-20,-25,-17,-17,-20,-27,-15,-17,-20,-12,-17,-12,-17,-10,-17,0,0,0,0,0,0,0,0,0,0]"""
1782313075778,2026-06-24T23:57:55.778,warning,bed_exit,yja,bed_exit_failed,t030,"CSI_DATA,334761,1a:00:00:00:00:00,-68,11,-99,20,52,11,-1285348258,47,2,256,0,""[0,0,0,0,0,0,0,0,0,0,0,0,17,-15,21,-15,23,-17,21,-17,27,-17,31,-11,31,-9,34,-5,38,-9,36,-1,36,-5,38,0,40,1,42,-1,44,7,42,0,46,1,50,1,48,11,44,21,38,31,50,15,50,23,44,19,44,23,44,25,46,25,48,27,46,19,48,21,46,23,46,29,44,29,46,27,50,32,56,29,50,32,52,25,48,27,52,31,50,36,65,21,65,25,63,36,65,32,54,36,67,36,58,44,69,36,63,52,71,38,77,38,75,42,75,46,81,31,67,56,73,50,0,0,0,0,0,0,71,-63,67,-69,58,-69,60,-63,62,-65,67,-62,60,-62,62,-62,62,-58,60,-52,67,-54,65,-38,63,-58,67,-38,63,-50,60,-40,60,-40,58,-40,62,-40,50,-48,48,-52,56,-44,54,-40,50,-40,58,-34,56,-42,54,-32,54,-32,54,-32,50,-36,52,-31,56,-32,48,-40,44,-40,54,-34,50,-27,50,-21,52,-21,54,-9,50,-19,50,-17,40,-15,46,-11,42,-13,46,-1,36,-11,42,-9,42,-1,36,1,31,3,32,1,29,9,23,7,23,5,23,11,21,11,15,11,0,0,0,0,0,0,0,0,0,0]"""
1782313075789,2026-06-24T23:57:55.789,warning,bed_exit,yja,bed_exit_failed,t030,"CSI_DATA,334762,1a:00:00:00:00:00,-68,11,-99,18,52,11,-1285336310,47,2,256,0,""[0,0,0,0,0,0,0,0,0,0,0,0,-24,2,-26,-4,-28,-2,-28,-6,-28,-6,-28,-12,-30,-14,-24,-26,-32,-24,-18,-20,-22,-26,-22,-30,-24,-30,-20,-30,-20,-41,-22,-30,-20,-41,-20,-43,-18,-43,-12,-53,-12,-49,-12,-51,0,-47,-4,-47,2,-51,6,-53,8,-51,10,-57,-6,-43,-4,-49,4,-55,0,-59,12,-55,4,-57,16,-57,10,-55,12,-53,2,-61,8,-53,8,-51,18,-55,0,-67,2,-69,16,-69,24,-82,20,-59,20,-73,30,-63,16,-69,26,-71,20,-80,28,-86,34,-86,32,-75,24,-82,41,-78,39,-84,0,0,0,0,0,0,-82,-55,-67,-47,-69,-61,-63,-65,-63,-61,-63,-69,-55,-51,-59,-63,-53,-55,-57,-67,-49,-67,-34,-65,-51,-63,-36,-65,-36,-67,-39,-71,-34,-57,-39,-63,-39,-67,-36,-51,-41,-53,-36,-59,-30,-63,-28,-59,-16,-51,-34,-61,-18,-61,-20,-57,-16,-63,-10,-59,-12,-59,-10,-69,-16,-51,-22,-55,-16,-57,-16,-61,-2,-55,-6,-55,8,-55,0,-55,6,-47,-4,-51,10,-51,8,-41,16,-41,2,-41,8,-43,16,-32,16,-34,20,-26,16,-24,22,-18,20,-20,18,-14,20,-16,16,-8,18,-8,0,0,0,0,0,0,0,0,0,0]"""
1782313075799,2026-06-24T23:57:55.799,warning,bed_exit,yja,bed_exit_failed,t030,"CSI_DATA,334763,1a:00:00:00:00:00,-68,11,-99,19,52,11,-1285327371,47,2,256,0,""[0,0,0,0,0,0,0,0,0,0,0,0,7,27,3,25,1,31,0,25,-3,29,-1,25,1,29,1,37,-5,33,-5,41,-11,35,-13,37,-11,35,-21,39,-17,37,-31,43,-23,31,-29,39,-23,27,-27,27,-39,39,-25,37,-35,51,-31,31,-33,39,-33,39,-43,35,-37,37,-51,37,-39,29,-47,31,-27,25,-31,41,-33,37,-27,45,-45,47,-47,45,-47,33,-47,43,-57,45,-41,47,-65,41,-59,37,-43,47,-33,31,-43,55,-45,45,-37,69,-59,63,-45,61,-49,37,-65,55,-65,57,-69,59,-73,45,-59,53,-59,57,0,0,0,0,0,0,55,71,59,91,41,59,41,77,57,89,35,71,43,93,37,65,33,81,31,61,35,61,59,69,45,69,57,71,31,63,39,63,39,59,31,69,35,59,39,77,31,55,31,65,27,49,33,43,43,55,41,55,47,63,29,51,29,53,35,53,33,61,33,53,23,69,21,55,23,53,15,41,31,43,23,47,37,43,23,55,15,55,3,47,9,47,5,51,5,47,0,45,-9,39,1,37,0,23,0,33,0,31,1,27,-5,27,-9,25,-11,21,-11,17,-9,15,0,0,0,0,0,0,0,0,0,0]"""
1782313075811,2026-06-24T23:57:55.811,warning,bed_exit,yja,bed_exit_failed,t030,"CSI_DATA,334764,1a:00:00:00:00:00,-68,11,-99,17,52,11,-1285316371,47,2,256,0,""[0,0,0,0,0,0,0,0,0,0,0,0,-10,-21,-6,-14,-16,-31,-10,-19,-14,-27,-8,-27,-8,-31,-10,-33,-8,-33,-8,-40,-4,-42,-2,-35,-2,-42,8,-40,2,-33,10,-57,4,-46,10,-54,2,-44,14,-50,19,-57,10,-42,21,-59,16,-50,14,-44,21,-48,23,-52,14,-42,25,-57,19,-40,23,-52,14,-40,12,-57,19,-59,10,-54,12,-61,25,-65,25,-57,21,-54,19,-61,4,-54,27,-73,14,-54,8,-71,6,-48,2,-76,12,-76,2,-76,6,-78,12,-84,16,-80,23,-71,23,-73,23,-99,23,-82,19,-69,21,-86,0,0,0,0,0,0,-78,-16,-99,-33,-76,-16,-86,-31,-101,-35,-65,-29,-97,-31,-65,-21,-86,-33,-69,-29,-78,-21,-84,-21,-76,-21,-82,-23,-65,-25,-61,-27,-73,-16,-73,-25,-57,-14,-84,-27,-57,-16,-73,-21,-59,-10,-67,-12,-69,-10,-59,-6,-78,-10,-65,-14,-57,-14,-67,-14,-63,-16,-50,-6,-65,-21,-48,-6,-61,-16,-44,-12,-61,-12,-52,-14,-54,-10,-46,-23,-52,-21,-42,-25,-40,-23,-42,-25,-38,-16,-40,-29,-25,-21,-33,-23,-23,-14,-27,-19,-21,-21,-23,-21,-21,-16,-19,-16,-10,-21,-4,-21,-6,-16,0,0,0,0,0,0,0,0,0,0]"""
1782313075822,2026-06-24T23:57:55.822,warning,bed_exit,yja,bed_exit_failed,t030,"CSI_DATA,334765,1a:00:00:00:00:00,-68,11,-99,17,52,11,-1285305335,47,2,256,0,""[0,0,0,0,0,0,0,0,0,0,0,0,6,-27,10,-23,6,-29,6,-25,14,-25,8,-23,10,-29,10,-33,19,-33,14,-33,16,-27,19,-38,16,-35,27,-33,31,-29,38,-40,35,-31,46,-29,27,-25,21,-33,29,-40,40,-35,40,-33,38,-25,29,-31,35,-33,42,-29,40,-31,48,-31,46,-25,50,-29,29,-27,33,-35,35,-40,35,-42,40,-46,44,-46,46,-38,38,-52,46,-50,42,-46,54,-54,46,-46,46,-44,29,-46,38,-61,31,-61,25,-71,44,-73,33,-73,46,-52,46,-71,48,-78,46,-78,52,-67,35,-73,46,-71,0,0,0,0,0,0,-63,-65,-80,-65,-54,-44,-69,-61,-82,-63,-54,-59,-71,-65,-61,-52,-65,-63,-61,-35,-61,-35,-80,-40,-71,-40,-73,-35,-57,-40,-67,-23,-65,-29,-67,-42,-63,-38,-65,-42,-59,-27,-61,-33,-50,-16,-52,-19,-67,-19,-67,-19,-76,-14,-57,-25,-65,-19,-65,-6,-67,-16,-63,-19,-63,-31,-52,-25,-48,-23,-40,-21,-52,-14,-57,-16,-50,-4,-52,-19,-48,-21,-42,-23,-42,-21,-44,-27,-35,-25,-35,-29,-31,-29,-25,-23,-19,-14,-27,-21,-23,-14,-27,-12,-16,-21,-14,-12,-12,-16,-12,-16,-10,-19,0,0,0,0,0,0,0,0,0,0]"""
1782313075836,2026-06-24T23:57:55.836,warning,bed_exit,yja,bed_exit_failed,t030,"CSI_DATA,334766,1a:00:00:00:00:00,-68,11,-99,10,52,11,-1285289074,47,2,256,0,""[0,0,0,0,0,0,0,0,0,0,0,0,23,-5,23,-7,25,-15,20,-12,36,-12,28,-12,31,-5,33,-12,36,-2,38,-10,31,-7,41,0,41,-5,46,-5,41,-5,49,-5,41,-2,49,-10,38,-10,49,-10,62,-20,49,-10,56,-7,46,-7,51,-5,51,-5,54,-10,49,-15,59,-10,46,-12,49,-20,43,-12,49,-28,49,-18,46,-33,51,-28,56,-33,49,-25,54,-28,54,-43,41,-38,62,-41,46,-38,38,-54,41,-31,46,-62,49,-51,38,-59,43,-72,43,-67,41,-59,51,-69,43,-67,49,-77,54,-74,36,-64,25,-85,0,0,0,0,0,0,-87,-28,-90,-33,-67,-25,-80,-18,-100,-31,-80,-23,-98,-31,-74,-18,-90,-10,-72,-12,-80,-10,-90,-2,-77,-12,-85,-2,-74,-12,-80,-10,-77,0,-77,2,-67,15,-87,10,-67,7,-69,20,-51,15,-62,18,-67,23,-59,28,-72,25,-59,20,-62,25,-62,31,-62,33,-49,36,-69,33,-51,28,-43,33,-38,18,-43,43,-46,25,-43,38,-46,31,-46,25,-41,12,-49,15,-49,20,-41,25,-38,20,-36,15,-36,25,-20,12,-31,15,-28,12,-25,18,-25,10,-31,18,-15,5,-20,2,-20,0,0,0,0,0,0,0,0,0,0,0]"""
1782313075847,2026-06-24T23:57:55.847,warning,bed_exit,yja,bed_exit_failed,t030,"CSI_DATA,334767,1a:00:00:00:00:00,-68,11,-99,17,52,11,-1285283371,47,2,256,0,""[0,0,0,0,0,0,0,0,0,0,0,0,19,-6,23,-8,25,-8,33,-6,27,-6,35,-2,35,-6,31,-2,33,0,35,-4,40,-2,35,-4,44,-6,40,-2,48,0,33,6,46,6,42,-2,59,2,59,12,59,10,44,6,46,4,61,-2,57,-4,48,-2,46,-4,52,6,54,6,57,0,42,-2,73,4,63,2,59,-4,57,-4,57,-2,48,-8,63,-14,59,-23,52,-19,63,-23,48,-16,63,-21,61,-23,78,-25,78,-21,65,-25,63,-31,65,-29,61,-44,76,-54,59,-48,73,-44,76,-46,67,-54,78,-57,80,-50,0,0,0,0,0,0,-54,-80,-52,-71,-67,-82,-44,-71,-44,-48,-57,-73,-48,-61,-63,-73,-44,-52,-63,-71,-52,-69,-52,-61,-50,-54,-54,-48,-65,-46,-63,-38,-65,-38,-63,-33,-61,-40,-48,-35,-67,-38,-57,-27,-71,-38,-63,-40,-63,-29,-54,-31,-50,-21,-69,-16,-61,-12,-63,-8,-57,-14,-61,-19,-52,-14,-65,-19,-52,-10,-69,-21,-61,-21,-59,-21,-57,-19,-40,-19,-46,-16,-57,-6,-50,-14,-42,-8,-42,-16,-33,-12,-42,-14,-31,-16,-38,-19,-27,-21,-25,-16,-19,-21,-21,-12,-19,-21,-19,-14,-14,-12,-14,-12,0,0,0,0,0,0,0,0,0,0]"""
1782313075858,2026-06-24T23:57:55.858,warning,bed_exit,yja,bed_exit_failed,t030,"CSI_DATA,334768,1a:00:00:00:00:00,-68,11,-99,17,52,11,-1285270308,47,2,256,0,""[0,0,0,0,0,0,0,0,0,0,0,0,-4,-27,0,-21,0,-31,0,-23,8,-29,6,-27,2,-29,6,-42,10,-33,12,-40,16,-40,14,-38,16,-38,21,-40,16,-29,33,-44,31,-33,35,-42,29,-25,35,-35,38,-48,40,-25,46,-46,40,-31,33,-27,40,-31,38,-21,40,-33,63,-23,38,-29,40,-23,42,-10,35,-21,63,-16,31,-35,71,-50,63,-54,52,-38,48,-44,84,-31,52,-42,69,-23,57,-21,57,-31,54,-21,42,-23,65,-38,57,-59,92,-12,82,-35,80,-40,80,-57,80,-33,86,-35,90,-40,69,-21,88,-33,0,0,0,0,0,0,-25,-78,-27,-101,-23,-73,-23,-84,-25,-99,-14,-76,-10,-99,-10,-67,-10,-97,-19,-80,-14,-80,-23,-88,-10,-76,-23,-82,-19,-73,-25,-67,-19,-73,-12,-71,-8,-59,-10,-86,-10,-61,-14,-80,-14,-61,-8,-65,-12,-71,-8,-61,-23,-73,-14,-65,-12,-67,-14,-67,-12,-61,-12,-46,4,-73,4,-54,2,-63,0,-48,-2,-63,8,-59,-4,-57,4,-54,6,-54,10,-48,12,-52,10,-46,8,-38,21,-44,21,-33,16,-35,16,-21,16,-35,19,-25,19,-21,23,-14,19,-21,19,-16,14,-12,19,-8,0,0,0,0,0,0,0,0,0,0]"""
1782313075868,2026-06-24T23:57:55.868,warning,bed_exit,yja,bed_exit_failed,t030,"CSI_DATA,334769,1a:00:00:00:00:00,-68,11,-99,17,52,11,-1285260107,47,2,256,0,""[0,0,0,0,0,0,0,0,0,0,0,0,19,-4,31,-4,25,0,29,2,27,2,33,6,29,-2,25,2,33,8,29,10,31,14,33,19,40,19,33,25,42,29,35,16,42,23,40,27,46,35,31,35,27,31,44,31,31,33,35,35,38,46,25,35,29,46,33,48,31,35,35,48,29,40,40,50,29,42,42,42,38,46,33,42,35,40,38,46,31,48,35,52,40,54,44,42,50,46,44,52,63,67,48,52,59,67,44,50,57,46,52,78,42,63,44,65,59,71,57,76,44,82,52,90,31,76,0,0,0,0,0,0,82,-67,88,-40,95,-50,65,-59,69,-33,101,-38,65,-42,105,-33,61,-25,88,-31,67,-33,63,-27,78,-35,65,-12,78,-16,73,-16,76,-12,71,-14,84,-27,50,-23,69,-33,63,-21,73,-21,69,-25,59,-21,73,-21,59,-14,59,-16,65,-10,59,-19,57,-12,65,-10,50,-19,59,-23,57,-14,73,-12,61,0,59,-16,61,4,48,-2,52,0,50,2,48,4,42,8,46,10,35,2,42,2,33,14,42,19,29,14,31,12,25,21,25,10,21,23,16,21,12,19,16,12,0,0,0,0,0,0,0,0,0,0]"""
1782313075879,2026-06-24T23:57:55.879,warning,bed_exit,yja,bed_exit_failed,t030,"CSI_DATA,334770,1a:00:00:00:00:00,-68,11,-99,14,51,11,-1285249616,47,2,256,0,""[0,0,0,0,0,0,0,0,0,0,0,0,-20,-2,-23,-5,-31,0,-28,2,-33,-5,-36,-7,-33,-7,-31,-5,-28,-10,-33,-7,-38,-10,-36,-7,-38,-10,-36,-7,-41,-12,-41,-15,-38,-20,-46,-15,-51,-23,-49,-28,-54,-23,-43,-23,-46,-18,-54,-20,-43,-18,-46,-20,-46,-18,-43,-25,-59,-36,-54,-28,-41,-7,-80,-31,-59,-18,-62,-18,-62,-43,-49,-10,-51,-18,-74,-38,-62,0,-56,-7,-72,-28,-72,-20,-77,-7,-46,23,-103,0,-67,0,-72,15,-36,10,-80,18,-74,7,-59,18,-77,12,-74,12,-77,41,-93,23,-87,12,-74,31,0,0,0,0,0,0,36,87,33,82,41,95,23,85,23,80,23,82,31,90,36,82,33,77,33,85,31,93,36,72,28,67,38,69,43,69,43,56,49,64,49,59,43,56,41,54,41,54,49,49,49,56,51,64,54,46,38,51,46,43,62,43,56,43,54,38,46,38,49,36,46,43,49,38,49,33,56,43,56,43,46,38,46,36,36,36,38,36,46,31,41,25,36,25,31,25,28,28,31,33,31,33,23,31,25,31,18,25,18,28,18,23,12,28,12,23,7,18,5,18,0,0,0,0,0,0,0,0,0,0]"""
1782313075895,2026-06-24T23:57:55.895,warning,bed_exit,yja,bed_exit_failed,t030,"CSI_DATA,334771,1a:00:00:00:00:00,-68,11,-99,16,52,11,-1285230969,47,2,256,0,""[0,0,0,0,0,0,0,0,0,0,0,0,-23,-8,-21,-15,-26,-17,-19,-17,-26,-26,-15,-23,-17,-26,-15,-30,-26,-30,-15,-43,-13,-39,-8,-41,-6,-43,-6,-43,-2,-39,-8,-54,-6,-43,2,-54,2,-39,0,-34,17,-39,2,-54,17,-60,23,-50,23,-52,21,-47,23,-52,21,-47,19,-58,19,-47,19,-56,21,-43,15,-47,23,-47,28,-50,30,-60,36,-58,34,-47,39,-50,41,-54,32,-56,39,-63,32,-60,36,-63,34,-47,26,-60,36,-63,45,-76,47,-67,56,-67,52,-52,65,-71,56,-65,67,-71,65,-71,60,-54,63,-69,0,0,0,0,0,0,-56,-71,-60,-89,-39,-60,-56,-76,-50,-93,-39,-69,-47,-84,-36,-65,-36,-84,-30,-67,-36,-56,-28,-73,-39,-82,-26,-87,-21,-76,-21,-76,-17,-71,-15,-73,-19,-67,-28,-80,-21,-60,-19,-71,-13,-58,-17,-56,-21,-65,-21,-67,-17,-76,0,-58,-2,-60,-4,-63,-4,-71,-6,-63,-8,-73,2,-56,0,-65,6,-43,-10,-58,4,-56,4,-54,0,-60,13,-54,19,-45,26,-43,19,-43,19,-39,19,-45,21,-43,21,-34,17,-23,15,-28,21,-21,21,-21,28,-19,23,-13,21,-8,19,-4,21,-4,0,0,0,0,0,0,0,0,0,0]"""
1782313075906,2026-06-24T23:57:55.906,warning,bed_exit,yja,bed_exit_failed,t030,"CSI_DATA,334772,1a:00:00:00:00:00,-68,11,-99,16,52,11,-1285225845,47,2,256,0,""[0,0,0,0,0,0,0,0,0,0,0,0,-21,-15,-17,-15,-28,-21,-19,-21,-19,-26,-13,-19,-19,-17,-28,-30,-21,-28,-28,-34,-17,-32,-19,-34,-19,-39,-21,-41,-17,-36,-30,-47,-28,-32,-23,-45,-15,-43,-21,-32,-21,-39,-28,-45,-26,-52,-17,-47,-17,-47,-19,-47,-26,-52,-26,-36,-32,-58,-23,-45,-32,-43,-26,-39,-34,-47,-34,-43,-39,-47,-41,-43,-45,-47,-36,-43,-41,-52,-50,-52,-47,-36,-60,-52,-45,-34,-60,-39,-43,-30,-65,-32,-60,-36,-71,-28,-78,-39,-80,-43,-58,-41,-71,-47,-76,-28,-87,-32,-73,-45,-78,-39,-84,-30,0,0,0,0,0,0,-39,84,-36,100,-30,65,-19,91,-41,108,-28,71,-30,104,-26,76,-30,93,-15,69,-15,69,-17,84,-13,87,-13,95,-15,73,-15,71,-6,78,-10,82,-4,69,-2,84,6,60,2,73,4,56,8,63,8,73,15,71,10,80,6,63,6,67,13,63,15,69,17,56,17,76,13,60,23,60,13,50,26,56,13,58,17,52,15,58,13,63,6,45,2,50,4,54,8,43,8,50,-2,34,10,43,4,28,6,36,0,30,4,32,-4,32,-4,23,-2,21,-6,19,-8,21,0,0,0,0,0,0,0,0,0,0]"""
1782313075917,2026-06-24T23:57:55.917,warning,bed_exit,yja,bed_exit_failed,t030,"CSI_DATA,334773,1a:00:00:00:00:00,-68,11,-99,12,52,11,-1285217371,47,2,256,0,""[0,0,0,0,0,0,0,0,0,0,0,0,-26,-9,-17,-7,-34,-19,-19,-7,-21,-29,-17,-29,-19,-24,-19,-41,-17,-29,-17,-41,-12,-36,-9,-34,-4,-39,-4,-41,-2,-31,-7,-56,-7,-43,2,-56,7,-39,-2,-43,-4,-51,12,-48,14,-61,17,-43,29,-39,24,-53,21,-56,17,-39,29,-58,19,-41,19,-63,17,-36,19,-58,26,-48,21,-53,24,-56,31,-58,34,-51,36,-46,31,-61,29,-43,41,-73,26,-48,29,-61,29,-46,36,-75,43,-68,36,-68,39,-68,53,-75,53,-56,58,-63,43,-65,61,-78,65,-63,48,-51,61,-73,0,0,0,0,0,0,-51,-70,-68,-85,-34,-63,-53,-73,-65,-104,-39,-58,-48,-95,-34,-56,-43,-87,-29,-63,-39,-73,-36,-82,-41,-75,-36,-87,-24,-78,-21,-73,-24,-75,-29,-70,-17,-53,-34,-85,-26,-58,-26,-75,-14,-51,-24,-63,-21,-70,-19,-56,-21,-85,-9,-68,-2,-61,-12,-63,-7,-65,-9,-48,-9,-80,-7,-53,-9,-65,2,-46,-4,-56,4,-61,4,-58,2,-58,17,-58,17,-46,19,-56,24,-46,12,-36,26,-41,24,-29,21,-34,17,-21,17,-31,26,-19,19,-21,26,-17,21,-14,24,-4,21,-7,21,-4,0,0,0,0,0,0,0,0,0,0]"""
1782313075927,2026-06-24T23:57:55.927,warning,bed_exit,yja,bed_exit_failed,t030,"CSI_DATA,334774,1a:00:00:00:00:00,-68,11,-99,19,51,11,-1285205765,47,2,256,0,""[0,0,0,0,0,0,0,0,0,0,0,0,4,24,4,31,4,24,0,33,-2,31,-6,33,-11,31,-13,26,-13,40,-15,29,-17,35,-24,33,-26,33,-24,35,-35,40,-24,35,-29,38,-33,44,-38,38,-33,33,-33,20,-47,38,-44,20,-44,26,-51,22,-49,26,-47,24,-55,29,-35,33,-44,33,-49,31,-55,33,-58,24,-47,29,-53,22,-55,38,-53,31,-49,35,-53,29,-47,29,-62,26,-49,47,-58,51,-64,40,-78,44,-64,26,-69,44,-76,31,-67,40,-73,42,-71,44,-78,49,-82,51,-73,38,-73,47,-87,38,-87,49,0,0,0,0,0,0,35,94,31,94,31,89,29,87,31,87,26,96,26,78,24,89,24,80,22,89,22,87,6,80,26,85,2,78,17,78,11,85,8,76,8,71,11,85,26,62,26,69,17,73,15,69,15,73,6,64,20,73,6,64,13,62,11,69,11,64,8,64,6,76,20,53,22,62,11,67,6,69,-4,55,-4,64,-6,53,-4,62,-6,51,-4,53,-8,49,-13,42,-20,42,-2,44,-6,42,-17,42,-17,40,-17,24,-17,29,-26,24,-17,22,-20,17,-17,20,-20,17,-20,13,0,0,0,0,0,0,0,0,0,0]"""
1782313075942,2026-06-24T23:57:55.942,warning,bed_exit,yja,bed_exit_failed,t030,"CSI_DATA,334775,1a:00:00:00:00:00,-68,11,-99,15,52,11,-1285184105,47,2,256,0,""[0,0,0,0,0,0,0,0,0,0,0,0,0,-31,2,-26,4,-35,8,-26,11,-31,4,-29,6,-31,13,-33,8,-35,11,-42,22,-33,13,-35,24,-35,29,-33,29,-31,33,-44,24,-35,44,-33,26,-35,26,-24,42,-33,33,-40,42,-49,42,-29,40,-35,42,-40,49,-33,40,-38,51,-40,44,-33,51,-35,38,-35,44,-40,40,-40,38,-47,38,-55,49,-55,53,-40,42,-55,58,-51,53,-53,51,-55,55,-44,55,-53,35,-49,35,-62,42,-67,35,-73,49,-76,51,-73,51,-62,53,-69,53,-73,51,-80,69,-67,49,-73,55,-76,0,0,0,0,0,0,-71,-71,-73,-82,-49,-60,-60,-71,-80,-71,-51,-71,-67,-80,-53,-67,-51,-82,-60,-49,-62,-51,-67,-58,-69,-47,-71,-53,-49,-62,-60,-49,-64,-53,-60,-55,-51,-53,-60,-49,-53,-49,-58,-55,-49,-29,-58,-35,-58,-40,-67,-31,-71,-40,-49,-47,-58,-40,-60,-33,-60,-47,-51,-38,-55,-47,-44,-42,-44,-47,-42,-26,-49,-31,-51,-33,-49,-31,-51,-38,-40,-40,-33,-40,-40,-38,-31,-47,-29,-38,-22,-42,-15,-38,-15,-38,-15,-24,-20,-29,-15,-29,-20,-29,-8,-26,-6,-33,2,-22,0,-22,-2,-24,0,0,0,0,0,0,0,0,0,0]"""
1782313075953,2026-06-24T23:57:55.953,warning,bed_exit,yja,bed_exit_failed,t030,"CSI_DATA,334776,1a:00:00:00:00:00,-68,11,-99,20,51,11,-1285183997,47,2,256,0,""[0,0,0,0,0,0,0,0,0,0,0,0,-19,19,-23,21,-23,17,-30,13,-30,13,-28,13,-32,17,-30,8,-39,17,-41,6,-41,2,-41,4,-43,0,-41,-10,-52,-13,-47,-6,-45,-10,-47,-23,-45,-17,-39,-17,-39,-23,-58,-17,-50,-21,-39,-39,-47,-34,-45,-34,-43,-39,-45,-43,-43,-32,-39,-39,-39,-45,-41,-41,-43,-39,-47,-36,-45,-39,-54,-41,-43,-43,-34,-50,-50,-43,-39,-60,-36,-56,-45,-50,-45,-54,-32,-67,-52,-60,-43,-52,-58,-54,-56,-58,-56,-69,-58,-67,-43,-78,-47,-80,-50,-89,-43,-78,-28,-89,-43,-87,-39,-91,0,0,0,0,0,0,-100,15,-97,10,-97,6,-97,6,-100,15,-95,-8,-91,-10,-91,-4,-91,-23,-91,2,-89,4,-80,-2,-87,8,-82,-2,-73,-23,-80,-8,-84,-13,-82,-19,-78,-23,-69,-13,-73,-10,-73,-26,-65,-17,-71,-15,-67,-13,-73,-10,-67,-17,-63,-32,-69,-21,-65,-19,-60,-32,-67,-32,-52,-26,-54,-36,-50,-36,-54,-32,-50,-30,-58,-30,-45,-30,-52,-34,-41,-32,-30,-39,-32,-36,-23,-43,-23,-45,-21,-39,-19,-39,-8,-43,-15,-39,-10,-32,-13,-34,-6,-30,-4,-30,-2,-30,8,-19,6,-21,10,-21,0,0,0,0,0,0,0,0,0,0]"""
1782313075965,2026-06-24T23:57:55.965,warning,bed_exit,yja,bed_exit_failed,t030,"CSI_DATA,334777,1a:00:00:00:00:00,-68,11,-99,19,51,11,-1285172632,47,2,256,0,""[0,0,0,0,0,0,0,0,0,0,0,0,-22,0,-33,-4,-24,-4,-33,-6,-26,-8,-35,-20,-35,-15,-29,-13,-33,-24,-24,-20,-29,-26,-26,-35,-33,-33,-26,-33,-38,-47,-20,-26,-26,-42,-24,-31,-33,-58,-29,-64,-29,-49,-17,-51,-11,-40,-15,-55,-13,-55,-11,-55,-4,-51,-11,-69,-20,-40,-20,-60,-11,-49,-15,-82,-8,-62,-11,-62,-6,-58,-6,-58,-4,-51,-20,-60,-13,-64,-8,-58,-2,-76,-22,-55,-22,-76,-6,-64,-11,-105,-6,-69,-17,-80,2,-80,-13,-73,-4,-73,-11,-100,-11,-80,-4,-102,8,-80,-11,-94,-2,-109,-2,-107,0,0,0,0,0,0,-109,-8,-71,-13,-132,-22,-89,-13,-67,-26,-107,-20,-73,-20,-107,-31,-71,-8,-105,-40,-87,-29,-67,-29,-76,-26,-55,-35,-78,-35,-71,-35,-76,-35,-69,-31,-87,-35,-53,-22,-82,-26,-58,-20,-82,-38,-76,-31,-60,-24,-69,-26,-47,-26,-64,-33,-60,-35,-58,-31,-47,-33,-62,-40,-49,-22,-62,-29,-49,-26,-69,-51,-49,-42,-47,-33,-44,-42,-38,-40,-31,-35,-40,-40,-31,-42,-26,-40,-24,-44,-22,-26,-22,-42,-15,-35,-15,-49,-6,-29,-8,-33,0,-31,2,-29,-2,-22,0,-26,4,-20,8,-20,0,0,0,0,0,0,0,0,0,0]"""
1782313075976,2026-06-24T23:57:55.976,warning,bed_exit,yja,bed_exit_failed,t030,"CSI_DATA,334778,1a:00:00:00:00:00,-67,11,-99,20,51,11,-1285160553,47,2,256,0,""[0,0,0,0,0,0,0,0,0,0,0,0,-4,-26,0,-30,0,-32,2,-32,2,-30,8,-36,10,-39,10,-36,6,-39,6,-30,10,-47,4,-41,6,-43,10,-41,10,-47,21,-43,19,-52,15,-47,17,-52,26,-63,17,-58,23,-43,17,-50,15,-58,13,-54,10,-58,8,-54,13,-56,15,-56,8,-58,8,-60,13,-67,15,-63,8,-65,6,-58,4,-63,-2,-63,-15,-73,-15,-67,-19,-58,-15,-63,-17,-67,-21,-73,-17,-67,-30,-87,-23,-84,-26,-76,-34,-76,-23,-73,-39,-67,-50,-76,-50,-69,-52,-78,-56,-84,-58,-69,-50,-84,-47,-82,0,0,0,0,0,0,-73,63,-71,56,-78,78,-80,69,-63,60,-76,71,-67,60,-65,65,-58,67,-78,78,-73,69,-58,76,-52,58,-43,65,-43,82,-32,78,-30,73,-28,71,-28,65,-34,73,-23,73,-26,69,-30,80,-32,76,-19,65,-26,60,-6,63,2,78,2,63,2,71,-2,67,-2,69,0,65,-2,67,0,65,-2,73,-8,67,-2,60,-6,56,-6,58,0,52,2,58,2,58,4,45,-4,43,-4,43,-2,47,-2,45,-6,45,-10,43,-4,34,-6,34,-10,26,-4,26,-8,26,-6,21,-6,19,0,0,0,0,0,0,0,0,0,0]"""
1782313075987,2026-06-24T23:57:55.987,warning,bed_exit,yja,bed_exit_failed,t030,"CSI_DATA,334779,1a:00:00:00:00:00,-68,11,-99,18,51,11,-1285151372,47,2,256,0,""[0,0,0,0,0,0,0,0,0,0,0,0,-18,-23,-13,-23,-18,-29,-11,-29,-16,-27,-16,-29,-16,-29,-23,-27,-20,-39,-20,-32,-6,-39,-13,-43,-13,-39,-9,-46,-11,-48,-13,-48,-13,-43,-11,-57,-16,-39,-16,-46,-16,-52,-25,-50,-23,-52,-4,-43,-11,-57,-13,-57,-9,-62,-16,-62,-18,-55,-16,-50,-13,-59,-20,-48,-27,-52,-43,-46,-39,-48,-43,-62,-34,-57,-20,-59,-36,-59,-36,-62,-36,-59,-46,-62,-43,-62,-46,-59,-43,-43,-55,-43,-64,-41,-71,-43,-80,-46,-80,-50,-59,-57,-71,-66,-73,-59,-71,-59,-71,-69,-78,-46,-82,-50,0,0,0,0,0,0,-50,87,-69,92,-43,71,-55,80,-55,92,-62,71,-50,78,-46,78,-55,80,-39,71,-25,78,-27,80,-25,96,-27,80,-41,64,-36,78,-29,76,-32,78,-27,78,-20,82,-13,71,-27,76,-9,57,4,62,4,69,6,80,-2,76,-13,64,-11,73,-2,71,-13,78,-2,71,2,69,-2,62,-4,66,0,52,9,55,11,57,13,66,9,62,2,59,-9,50,-4,52,-9,57,-6,50,-9,50,-11,43,-11,43,-9,36,-4,32,-2,34,-4,32,-2,34,-6,29,-9,16,-11,18,-13,18,0,0,0,0,0,0,0,0,0,0]"""
1782313075996,2026-06-24T23:57:55.996,warning,bed_exit,yja,bed_exit_failed,t030,"CSI_DATA,334780,1a:00:00:00:00:00,-67,11,-99,19,51,11,-1285140372,47,2,256,0,""[0,0,0,0,0,0,0,0,0,0,0,0,20,20,11,22,20,29,13,20,15,31,11,29,13,38,6,42,4,38,15,42,11,40,13,40,20,47,11,44,2,42,-8,64,-2,49,-6,55,0,47,-2,60,2,64,-17,51,0,67,0,55,2,53,-6,62,-8,60,-6,47,-22,69,-13,51,-20,60,-13,55,-8,64,-15,62,-4,62,-20,62,-17,67,-13,67,-4,69,0,78,0,62,-24,82,-15,69,0,73,-4,58,-6,89,-22,80,8,82,-13,89,0,94,0,89,-6,82,-17,82,-6,107,-4,91,-8,87,-4,111,0,0,0,0,0,0,94,15,111,22,85,11,102,29,109,24,85,22,107,29,80,22,100,26,82,22,87,24,96,15,76,26,89,4,85,6,80,8,87,2,73,6,62,8,91,24,71,13,82,13,64,4,73,15,82,15,67,8,80,2,71,0,64,-2,76,2,71,2,58,-2,80,20,60,11,64,20,51,11,67,15,58,13,62,8,60,20,60,20,51,15,55,17,49,15,40,17,40,31,33,24,40,15,24,17,33,29,22,26,24,15,20,22,24,22,13,22,11,15,11,20,0,0,0,0,0,0,0,0,0,0]"""
1782313076007,2026-06-24T23:57:56.007,warning,bed_exit,yja,bed_exit_failed,t030,"CSI_DATA,334781,1a:00:00:00:00:00,-67,11,-99,13,52,11,-1285129372,47,2,256,0,""[0,0,0,0,0,0,0,0,0,0,0,0,2,28,4,26,0,28,-4,37,2,35,-9,40,-11,40,-11,35,-18,37,-18,33,-18,40,-33,35,-26,37,-28,35,-33,35,-37,35,-42,33,-40,35,-49,33,-47,33,-40,30,-49,23,-47,21,-61,18,-54,18,-56,14,-54,14,-59,21,-49,18,-59,21,-61,21,-68,16,-61,11,-64,14,-61,11,-59,11,-61,9,-75,14,-68,18,-64,9,-64,14,-71,16,-75,9,-73,14,-92,9,-78,7,-90,7,-82,-2,-80,7,-85,2,-99,9,-85,0,-92,0,-92,-11,-97,0,-101,-16,-97,-4,0,0,0,0,0,0,-16,92,-16,90,-26,116,-23,106,-30,78,-35,101,-30,90,-35,94,-23,78,-59,92,-45,92,-42,78,-47,68,-42,61,-49,75,-47,66,-52,71,-42,68,-45,68,-42,61,-37,66,-37,64,-52,73,-47,68,-42,64,-45,52,-47,54,-40,61,-45,54,-54,52,-45,47,-52,49,-42,42,-49,49,-47,45,-64,47,-56,37,-56,30,-59,28,-47,16,-49,18,-52,21,-49,14,-47,14,-49,14,-40,4,-45,11,-35,7,-45,-2,-37,-7,-35,-9,-28,-11,-23,-9,-23,-7,-26,-14,-18,-11,-16,-14,0,0,0,0,0,0,0,0,0,0]"""
1782313076017,2026-06-24T23:57:56.017,warning,bed_exit,yja,bed_exit_failed,t030,"CSI_DATA,334782,1a:00:00:00:00:00,-67,11,-99,18,51,11,-1285112948,47,2,256,0,""[0,0,0,0,0,0,0,0,0,0,0,0,9,-29,9,-25,16,-34,16,-25,25,-32,18,-25,16,-20,20,-32,29,-29,29,-36,39,-16,32,-25,39,-25,50,-23,41,-25,55,-13,46,-9,57,-6,39,-9,50,-20,64,-23,57,-6,64,-9,52,4,59,0,57,0,62,16,52,4,69,20,57,18,57,25,43,11,57,4,57,6,62,4,69,11,71,20,55,32,73,16,78,27,73,23,64,41,57,43,69,29,48,16,73,18,76,25,87,13,96,29,96,39,64,39,80,55,64,48,89,57,73,73,78,50,66,62,0,0,0,0,0,0,76,-69,94,-78,59,-48,82,-48,94,-64,71,-25,99,-50,80,-41,105,-39,64,-32,59,-36,78,-48,76,-46,87,-57,71,-20,71,-36,78,-36,80,-27,73,-25,87,-18,69,-18,82,-16,59,-18,59,-25,78,-32,71,-23,80,-27,66,-4,73,-18,71,-13,78,-4,64,-9,80,0,62,9,69,6,48,2,62,-2,62,0,66,-4,66,11,64,13,48,25,57,20,50,29,46,23,39,34,27,29,34,34,16,18,23,20,23,25,23,20,18,29,18,25,2,23,4,27,2,20,0,0,0,0,0,0,0,0,0,0]"""
1782313076028,2026-06-24T23:57:56.028,warning,bed_exit,yja,bed_exit_failed,t030,"CSI_DATA,334783,1a:00:00:00:00:00,-67,11,-99,18,51,11,-1285106374,47,2,256,0,""[0,0,0,0,0,0,0,0,0,0,0,0,-23,-13,-23,-16,-27,-13,-32,-18,-29,-20,-29,-16,-34,-20,-27,-18,-39,-29,-36,-27,-25,-25,-29,-25,-36,-29,-41,-32,-36,-36,-36,-34,-34,-29,-34,-43,-36,-36,-39,-39,-36,-48,-52,-34,-41,-41,-41,-46,-46,-46,-39,-41,-41,-48,-43,-39,-52,-34,-52,-32,-46,-39,-50,-34,-55,-25,-59,-20,-59,-27,-62,-20,-64,-27,-55,-29,-69,-23,-73,-25,-71,-20,-71,-9,-71,-16,-78,-11,-76,0,-76,-6,-76,2,-89,2,-96,11,-92,4,-87,0,-101,6,-92,9,-94,16,-99,18,-103,23,-96,20,0,0,0,0,0,0,27,110,20,112,20,94,29,96,27,105,18,94,34,96,36,85,29,94,32,76,39,76,34,78,55,82,48,80,34,78,39,73,46,73,48,76,48,69,59,57,52,55,46,59,52,48,57,43,59,48,76,39,55,52,52,48,57,43,59,41,55,41,59,46,64,32,59,32,57,39,57,29,55,23,55,23,55,23,59,23,55,25,43,29,50,27,46,32,46,32,41,20,34,23,39,23,29,20,29,18,27,20,23,20,25,23,23,18,16,23,13,18,11,16,0,0,0,0,0,0,0,0,0,0]"""
1782313076038,2026-06-24T23:57:56.038,warning,bed_exit,yja,bed_exit_failed,t030,"CSI_DATA,334784,1a:00:00:00:00:00,-67,11,-99,17,51,11,-1285095856,47,2,256,0,""[0,0,0,0,0,0,0,0,0,0,0,0,23,11,30,11,21,14,30,21,26,14,37,26,28,30,26,26,26,26,21,30,33,35,28,37,30,37,23,37,28,49,18,30,28,52,23,35,30,66,16,61,9,52,16,52,11,45,26,61,26,56,23,54,21,49,21,64,16,47,21,66,26,47,30,85,11,66,23,61,21,61,18,56,21,49,42,59,30,59,23,56,33,71,33,49,47,68,35,61,54,94,30,75,52,71,37,75,37,68,42,71,64,80,52,66,61,78,42,73,59,82,68,99,47,90,0,0,0,0,0,0,94,-54,75,-37,113,-64,85,-45,59,-33,101,-54,64,-37,104,-52,71,-37,106,-54,90,-42,75,-37,73,-33,71,-30,78,-52,71,-52,75,-47,68,-40,78,-40,47,-33,73,-49,52,-42,82,-56,73,-40,61,-42,61,-40,49,-35,61,-49,59,-49,54,-42,49,-35,64,-42,42,-33,59,-47,45,-35,78,-52,64,-28,56,-30,61,-26,47,-18,40,-21,52,-35,52,-21,40,-18,49,-18,30,-21,47,-16,37,-4,54,-9,37,-4,30,0,33,0,28,0,23,4,33,-2,21,4,26,4,0,0,0,0,0,0,0,0,0,0]"""
1782313076050,2026-06-24T23:57:56.050,warning,bed_exit,yja,bed_exit_failed,t030,"CSI_DATA,334785,1a:00:00:00:00:00,-67,11,-99,15,51,11,-1285084300,47,2,256,0,""[0,0,0,0,0,0,0,0,0,0,0,0,22,-17,25,-17,27,-12,30,-12,30,-15,32,-10,22,-15,37,-17,45,-15,42,-10,40,-7,47,-7,47,-5,52,2,50,-10,57,-10,55,-5,60,-10,47,-2,52,-7,70,-15,67,-5,65,-10,52,-2,60,2,57,0,72,2,65,-5,70,-5,65,-2,62,-15,55,0,52,-7,60,-12,62,-17,72,-20,72,-17,65,-12,70,-7,82,-15,72,-22,77,-27,77,-27,70,-32,60,-25,65,-45,65,-35,75,-50,80,-50,82,-45,70,-30,95,-45,90,-50,80,-50,90,-40,85,-50,82,-52,0,0,0,0,0,0,-67,-95,-65,-108,-45,-72,-65,-80,-72,-102,-60,-72,-60,-87,-52,-72,-52,-80,-42,-65,-52,-60,-60,-75,-72,-77,-57,-72,-50,-65,-55,-72,-55,-65,-57,-75,-62,-52,-65,-65,-65,-50,-62,-47,-45,-40,-52,-40,-67,-45,-67,-42,-65,-47,-50,-45,-57,-52,-57,-37,-67,-45,-65,-40,-65,-47,-57,-37,-57,-32,-40,-35,-52,-25,-47,-30,-57,-32,-60,-35,-50,-37,-37,-35,-35,-40,-42,-37,-42,-35,-37,-35,-30,-30,-35,-30,-22,-22,-25,-30,-20,-22,-22,-27,-17,-27,-15,-25,-7,-22,-7,-25,-5,-20,0,0,0,0,0,0,0,0,0,0]"""
1782313076059,2026-06-24T23:57:56.059,warning,bed_exit,yja,bed_exit_failed,t030,"CSI_DATA,334786,1a:00:00:00:00:00,-67,11,-99,16,51,11,-1285071068,47,2,256,0,""[0,0,0,0,0,0,0,0,0,0,0,0,29,-9,24,-9,34,-7,31,-7,36,-4,31,0,39,0,41,2,36,9,48,7,39,9,41,19,48,14,51,17,41,12,56,36,41,24,48,26,34,34,56,31,61,31,39,39,48,46,48,36,39,43,39,43,39,48,39,34,46,61,34,48,43,51,24,51,41,48,36,56,48,51,39,53,36,65,34,56,36,65,46,65,48,51,43,80,29,63,56,65,26,51,51,68,31,73,48,68,53,80,43,85,41,82,36,82,39,73,41,95,36,92,31,85,46,107,0,0,0,0,0,0,90,-31,114,-43,82,-21,102,-34,119,-21,82,-12,122,-19,85,-19,109,-14,82,0,90,-7,100,-9,85,-2,104,-12,90,-7,80,2,85,-2,82,-4,65,-9,100,2,68,0,85,-7,65,2,73,-7,80,-4,68,-2,85,4,73,-2,75,9,70,7,73,2,58,0,85,9,58,12,70,7,53,12,70,9,58,19,63,14,48,24,61,26,46,26,46,31,48,24,41,21,36,39,31,29,36,26,14,29,29,31,21,24,21,29,17,29,14,34,14,24,2,21,2,24,0,0,0,0,0,0,0,0,0,0]"""
1782313076072,2026-06-24T23:57:56.072,warning,bed_exit,yja,bed_exit_failed,t030,"CSI_DATA,334788,1a:00:00:00:00:00,-67,11,-99,17,51,11,-1285052303,47,2,256,0,""[0,0,0,0,0,0,0,0,0,0,0,0,18,-18,30,-18,16,-11,33,-16,26,-4,42,-16,37,-11,35,-9,47,-14,33,-7,45,0,47,-2,49,0,47,0,61,2,40,-2,61,2,56,11,66,11,52,18,49,21,61,7,45,14,54,21,61,14,61,9,61,18,73,33,49,9,68,16,54,18,73,21,54,23,61,9,59,16,71,14,56,11,71,9,66,7,66,14,80,28,61,2,90,4,71,18,101,14,78,21,99,2,85,21,87,9,82,4,94,9,111,-4,123,11,80,4,97,14,123,16,90,14,0,0,0,0,0,0,28,-111,26,-78,37,-113,42,-97,21,-90,40,-120,21,-73,40,-109,33,-71,30,-109,28,-94,33,-87,21,-94,28,-66,26,-85,18,-87,26,-82,23,-75,35,-92,7,-61,16,-85,26,-73,18,-85,14,-75,21,-68,11,-78,16,-59,21,-73,11,-78,9,-68,11,-68,28,-85,4,-56,18,-73,18,-56,21,-80,23,-56,18,-61,26,-59,16,-61,14,-47,23,-49,23,-49,18,-45,33,-49,16,-37,30,-49,30,-28,33,-37,26,-23,26,-23,28,-18,26,-23,21,-11,26,-14,23,-16,18,-9,0,0,0,0,0,0,0,0,0,0]"""
1782313076083,2026-06-24T23:57:56.083,warning,bed_exit,yja,bed_exit_failed,t030,"CSI_DATA,334789,1a:00:00:00:00:00,-67,11,-99,20,50,11,-1285040589,47,2,256,0,""[0,0,0,0,0,0,0,0,0,0,0,0,29,0,31,-2,29,2,36,9,29,4,41,12,39,14,39,9,36,17,39,21,51,24,41,26,39,34,34,31,41,34,31,39,41,43,31,41,36,56,29,53,34,61,21,46,31,56,31,61,24,58,26,61,19,61,24,58,14,58,21,68,19,56,14,70,24,68,17,68,19,63,14,70,12,68,26,73,12,73,14,65,24,73,14,70,21,85,24,65,19,95,29,92,19,90,26,87,17,80,19,82,14,95,9,95,17,97,7,104,9,102,9,109,12,109,0,0,0,0,0,0,109,2,92,7,114,7,107,0,92,14,112,14,95,21,109,19,87,7,107,31,102,21,100,21,80,29,82,19,92,24,85,21,85,24,78,24,78,17,75,29,85,24,68,24,82,29,75,29,73,21,65,29,68,26,75,26,68,31,68,29,63,29,68,26,58,31,61,31,61,26,63,43,61,39,53,41,48,31,39,36,46,41,46,46,36,46,31,41,29,39,26,41,29,46,21,29,17,46,19,41,9,36,9,39,4,29,-2,24,0,29,-2,24,-2,24,0,0,0,0,0,0,0,0,0,0]"""
1782313076096,2026-06-24T23:57:56.096,warning,bed_exit,yja,bed_exit_failed,t030,"CSI_DATA,334790,1a:00:00:00:00:00,-69,11,-99,17,53,11,-1285028545,47,2,256,0,""[0,0,0,0,0,0,0,0,0,0,0,0,11,28,9,30,5,30,3,30,3,32,3,32,5,33,5,37,5,39,3,43,1,47,-1,45,-5,48,-9,48,-15,52,-18,50,-20,48,-18,48,-16,50,-15,52,-15,56,-16,58,-20,58,-24,56,-22,52,-26,54,-26,50,-32,54,-33,50,-33,50,-28,48,-26,48,-18,50,-16,58,-16,60,-20,64,-22,65,-24,65,-26,65,-28,65,-32,67,-32,65,-30,64,-24,62,-16,65,-11,69,-9,80,-11,82,-16,88,-24,82,-24,84,-32,84,-30,86,-32,86,-30,90,-32,86,-32,86,0,0,0,0,0,0,82,41,86,41,82,43,84,47,80,47,79,50,80,52,75,47,69,41,75,35,77,28,80,30,80,26,79,30,77,32,71,30,71,32,69,28,73,30,67,32,65,32,64,28,64,26,65,18,65,18,65,16,65,18,65,20,64,18,67,20,64,22,67,24,60,28,54,30,50,28,50,24,48,18,56,16,54,16,56,20,50,24,48,26,43,30,39,30,35,33,32,32,26,32,22,30,22,26,20,24,20,22,18,22,18,24,13,24,9,22,5,22,3,20,0,0,0,0,0,0,0,0,0,0]"""
1782313076105,2026-06-24T23:57:56.105,warning,bed_exit,yja,bed_exit_failed,t030,"CSI_DATA,334791,1a:00:00:00:00:00,-67,11,-99,16,51,11,-1285019372,47,2,256,0,""[0,0,0,0,0,0,0,0,0,0,0,0,26,12,24,17,26,24,26,24,26,24,24,36,26,31,29,34,17,36,26,36,26,39,24,41,24,39,17,51,17,43,12,58,12,56,4,65,9,58,4,56,2,70,0,51,12,73,4,61,7,61,2,65,2,61,2,61,-9,70,-12,65,-4,68,-7,70,-4,70,-4,68,0,63,-7,75,-4,70,-4,78,-2,78,-2,75,2,75,-14,85,-9,85,0,78,-4,78,-2,97,-12,90,12,90,-17,95,4,90,-9,92,-17,100,-9,97,-12,109,-19,104,-14,100,-14,102,0,0,0,0,0,0,104,21,104,34,102,24,104,34,102,34,100,31,97,43,92,34,90,34,97,43,87,34,104,26,80,41,92,29,87,26,80,21,78,24,80,24,68,21,85,41,78,34,73,29,68,34,68,29,85,21,61,31,75,21,70,24,70,24,70,24,73,26,65,21,63,41,56,41,61,34,51,39,61,36,53,31,53,34,51,39,46,39,41,39,41,43,39,39,36,36,29,46,21,48,26,34,17,36,21,39,12,36,14,31,7,31,9,31,2,26,0,26,2,24,0,0,0,0,0,0,0,0,0,0]"""
1782313076117,2026-06-24T23:57:56.117,warning,bed_exit,yja,bed_exit_failed,t030,"CSI_DATA,334792,1a:00:00:00:00:00,-67,11,-99,15,50,11,-1285008372,47,2,256,0,""[0,0,0,0,0,0,0,0,0,0,0,0,-19,-22,-19,-31,-16,-28,-19,-28,-16,-31,-16,-36,-19,-39,-14,-36,-36,-42,-14,-31,-14,-42,-19,-47,-22,-45,-22,-50,-25,-56,-19,-45,-19,-56,-11,-53,-16,-50,-31,-56,-31,-53,-28,-64,-19,-53,-14,-53,-25,-62,-33,-53,-25,-64,-28,-76,-28,-53,-25,-59,-22,-67,-36,-50,-31,-53,-45,-50,-33,-50,-50,-62,-42,-47,-47,-53,-56,-50,-47,-50,-64,-62,-56,-39,-67,-56,-59,-56,-78,-47,-64,-45,-81,-42,-84,-45,-90,-45,-93,-33,-81,-36,-104,-36,-101,-36,-93,-33,-95,-36,-112,-31,-93,-33,0,0,0,0,0,0,-33,115,-42,95,-31,104,-42,104,-22,95,-39,107,-22,93,-22,98,-28,90,-11,98,-11,93,-14,87,-5,109,2,90,-8,87,5,90,14,81,2,87,2,93,16,76,16,84,5,78,19,81,19,70,19,64,31,78,31,67,19,70,28,70,36,67,31,70,28,81,31,56,31,64,25,70,36,64,22,53,39,53,33,62,39,62,25,50,25,53,31,47,28,47,19,53,19,42,14,47,8,42,11,42,5,39,11,36,8,31,11,36,2,28,0,22,2,25,0,28,0,0,0,0,0,0,0,0,0,0]"""
1782313076127,2026-06-24T23:57:56.127,warning,bed_exit,yja,bed_exit_failed,t030,"CSI_DATA,334793,1a:00:00:00:00:00,-67,11,-99,17,50,11,-1284997372,47,2,256,0,""[0,0,0,0,0,0,0,0,0,0,0,0,-58,-37,-61,61,55,21,-47,-13,13,-50,90,0,-47,5,15,-26,-7,23,101,2,23,10,58,39,26,26,63,21,34,-10,55,42,37,37,26,18,50,29,37,42,37,39,42,31,47,47,58,42,45,39,42,39,45,39,50,47,47,42,50,39,53,42,55,50,53,42,58,45,55,42,53,39,50,47,69,42,61,42,55,37,61,31,66,37,74,34,74,34,82,47,82,50,85,39,74,45,69,37,79,45,93,45,85,42,93,39,95,53,93,37,87,47,93,50,0,0,0,0,0,0,45,-90,47,-85,53,-98,47,-101,53,-85,50,-101,47,-85,50,-93,37,-85,61,-101,55,-98,45,-85,45,-79,42,-74,45,-82,39,-79,42,-74,37,-71,37,-77,31,-71,31,-79,29,-79,29,-79,26,-79,21,-71,29,-63,26,-74,21,-77,23,-66,26,-77,23,-69,21,-69,23,-58,21,-66,15,-71,31,-74,26,-63,26,-55,29,-55,31,-47,31,-55,29,-55,31,-47,23,-39,26,-37,34,-45,29,-39,23,-34,34,-34,26,-23,26,-23,29,-15,29,-18,26,-15,31,-13,21,-10,21,-7,0,0,0,0,0,0,0,0,0,0]"""
1782313076140,2026-06-24T23:57:56.140,warning,bed_exit,yja,bed_exit_failed,t030,"CSI_DATA,334794,1a:00:00:00:00:00,-67,11,-99,19,50,11,-1284984471,47,2,256,0,""[0,0,0,0,0,0,0,0,0,0,0,0,-20,17,-27,22,-22,15,-37,25,-27,20,-37,20,-37,22,-35,15,-35,20,-37,15,-45,27,-40,25,-45,22,-40,22,-52,22,-45,17,-55,20,-50,17,-72,22,-65,10,-57,15,-57,17,-52,15,-70,30,-60,30,-55,27,-52,27,-60,27,-52,22,-65,35,-50,25,-80,45,-70,32,-57,42,-60,37,-52,35,-42,37,-50,57,-55,57,-42,52,-57,62,-40,50,-50,70,-40,62,-60,90,-57,72,-40,77,-47,75,-45,77,-30,82,-40,102,-32,82,-37,95,-40,90,-27,110,-32,113,-45,100,0,0,0,0,0,0,108,35,87,27,135,32,102,32,72,15,113,25,92,20,123,20,95,10,120,25,108,12,95,7,87,7,80,0,100,-12,85,-17,90,-20,77,-17,90,-17,70,-12,82,-17,70,-15,100,-25,85,-17,75,-32,72,-20,57,-25,75,-42,65,-40,65,-37,55,-32,67,-35,55,-32,70,-42,52,-32,82,-47,67,-30,60,-35,65,-35,52,-25,47,-27,50,-35,47,-30,40,-30,42,-27,37,-20,47,-22,40,-12,52,-15,40,-12,32,-12,32,-2,32,-7,30,-10,30,-12,20,-5,25,-5,0,0,0,0,0,0,0,0,0,0]"""
1782313076152,2026-06-24T23:57:56.152,warning,bed_exit,yja,bed_exit_failed,t030,"CSI_DATA,334795,1a:00:00:00:00:00,-67,11,-99,20,50,11,-1284975357,47,2,256,0,""[0,0,0,0,0,0,0,0,0,0,0,0,-24,-4,-29,-19,-29,-14,-26,-17,-26,-24,-26,-26,-26,-24,-17,-34,-31,-39,-19,-41,-19,-43,-19,-46,-19,-41,-19,-48,-19,-58,-24,-39,-21,-51,-21,-58,-17,-56,-2,-73,2,-65,-14,-68,2,-58,-4,-63,0,-70,2,-61,4,-65,12,-63,-14,-68,-9,-61,0,-68,-2,-78,4,-65,0,-65,9,-73,4,-68,7,-73,-2,-65,-2,-78,0,-80,7,-73,-12,-73,-14,-80,-2,-90,-2,-90,9,-73,0,-92,19,-85,-2,-92,4,-100,-12,-104,-4,-100,4,-109,4,-95,-9,-104,7,-109,17,-112,0,0,0,0,0,0,-114,-19,-112,-17,-109,-21,-104,-21,-100,-31,-102,-26,-97,-19,-102,-19,-102,-29,-90,-34,-87,-34,-75,-46,-97,-34,-80,-43,-82,-29,-85,-34,-85,-29,-85,-29,-92,-36,-75,-12,-80,-17,-82,-24,-78,-24,-78,-31,-73,-39,-85,-19,-65,-39,-73,-26,-73,-36,-65,-31,-70,-34,-68,-41,-68,-14,-65,-21,-65,-26,-65,-36,-58,-43,-56,-39,-48,-48,-46,-39,-43,-39,-43,-31,-43,-39,-39,-34,-31,-41,-34,-29,-34,-34,-29,-41,-19,-39,-7,-34,-9,-31,-2,-34,-7,-31,-12,-34,-2,-31,2,-24,4,-24,0,0,0,0,0,0,0,0,0,0]"""
1782313076164,2026-06-24T23:57:56.164,warning,bed_exit,yja,bed_exit_failed,t030,"CSI_DATA,334796,1a:00:00:00:00:00,-67,11,-99,19,50,11,-1284962869,47,2,256,0,""[0,0,0,0,0,0,0,0,0,0,0,0,15,-22,17,-27,20,-20,30,-27,20,-25,35,-32,35,-25,30,-22,32,-20,37,-20,42,-25,47,-22,52,-20,42,-22,50,-27,45,-17,55,-22,45,-27,65,-25,70,-30,60,-32,57,-17,52,-10,65,-22,65,-15,62,-12,60,-15,62,-20,55,-22,65,-27,57,-22,82,-30,70,-27,70,-27,65,-27,65,-22,60,-25,70,-37,70,-35,62,-35,65,-40,55,-42,70,-45,65,-52,90,-52,75,-52,77,-50,80,-42,72,-57,75,-52,85,-72,67,-55,77,-60,87,-60,75,-70,90,-70,85,-75,0,0,0,0,0,0,-75,-82,-65,-80,-80,-97,-65,-80,-52,-72,-75,-80,-67,-70,-80,-87,-67,-60,-67,-97,-70,-80,-52,-67,-57,-70,-57,-65,-70,-67,-60,-65,-65,-67,-65,-57,-70,-57,-55,-50,-72,-57,-65,-45,-72,-62,-72,-55,-67,-50,-57,-50,-52,-47,-72,-42,-62,-50,-57,-47,-52,-40,-62,-45,-60,-40,-67,-40,-60,-40,-72,-52,-60,-45,-55,-42,-47,-45,-37,-42,-42,-40,-52,-35,-45,-40,-32,-32,-40,-32,-32,-32,-37,-35,-32,-35,-27,-45,-22,-35,-20,-30,-10,-35,-12,-27,-7,-30,-10,-30,-5,-25,-2,-22,0,0,0,0,0,0,0,0,0,0]"""
1782313076175,2026-06-24T23:57:56.175,warning,bed_exit,yja,bed_exit_failed,t030,"CSI_DATA,334797,1a:00:00:00:00:00,-67,11,-99,19,50,11,-1284952265,47,2,256,0,""[0,0,0,0,0,0,0,0,0,0,0,0,22,-25,27,-30,20,-25,22,-22,25,-27,30,-27,35,-20,37,-17,35,-27,42,-20,40,-20,47,-17,50,-20,47,-20,55,-20,45,-25,52,-20,50,-27,50,-25,57,-17,62,-17,67,-22,62,-5,57,-17,60,-15,62,-15,65,-12,67,-12,62,-30,62,-32,62,-22,62,-27,60,-22,65,-20,70,-20,70,-30,70,-22,65,-37,67,-35,65,-37,70,-35,60,-57,60,-57,67,-55,75,-42,67,-32,77,-57,85,-42,67,-62,77,-62,67,-80,72,-77,80,-72,82,-67,65,-95,82,-77,87,-80,0,0,0,0,0,0,-80,-87,-75,-72,-80,-77,-75,-82,-70,-85,-72,-80,-77,-57,-87,-65,-77,-67,-65,-70,-70,-72,-55,-75,-80,-65,-65,-72,-67,-60,-67,-62,-72,-55,-72,-55,-70,-62,-75,-32,-77,-35,-75,-42,-67,-40,-75,-35,-67,-50,-85,-37,-62,-40,-70,-27,-72,-32,-67,-32,-72,-35,-75,-45,-70,-15,-70,-20,-67,-30,-70,-27,-60,-32,-60,-32,-60,-37,-62,-32,-52,-37,-52,-22,-50,-25,-42,-27,-45,-32,-47,-20,-42,-22,-42,-27,-35,-30,-27,-30,-25,-32,-17,-30,-22,-27,-17,-25,-17,-27,-12,-27,-10,-22,0,0,0,0,0,0,0,0,0,0]"""
1782313076187,2026-06-24T23:57:56.187,warning,bed_exit,yja,bed_exit_failed,t030,"CSI_DATA,334798,1a:00:00:00:00:00,-67,11,-99,19,50,11,-1284942372,47,2,256,0,""[0,0,0,0,0,0,0,0,0,0,0,0,-17,-20,-22,-25,-17,-32,-20,-30,-20,-30,-15,-42,-17,-37,-17,-32,-7,-40,-25,-40,-20,-45,-20,-47,-17,-42,-20,-47,-17,-47,-7,-60,-7,-67,-7,-50,-2,-65,-10,-55,-10,-55,-7,-60,-7,-60,-10,-65,-10,-65,-7,-65,-5,-67,-12,-62,0,-67,-5,-72,-5,-60,-10,-67,-12,-72,-7,-70,-22,-67,-7,-67,-17,-70,-15,-77,-22,-72,-30,-75,-32,-75,-12,-80,-27,-82,-35,-70,-32,-82,-35,-85,-25,-87,-40,-80,-32,-90,-47,-72,-45,-85,-37,-87,-42,-92,-47,-100,-45,-97,-57,-102,-52,-90,0,0,0,0,0,0,-100,55,-95,52,-100,62,-102,42,-90,45,-102,47,-97,47,-100,52,-92,50,-97,52,-87,45,-82,55,-82,37,-70,62,-72,60,-70,52,-72,62,-62,55,-60,55,-75,55,-72,55,-57,52,-67,57,-62,57,-50,67,-60,45,-52,57,-47,65,-50,62,-47,60,-50,60,-45,57,-60,52,-55,60,-45,47,-52,52,-47,57,-50,52,-45,50,-50,40,-45,42,-45,45,-47,42,-35,37,-42,37,-42,20,-50,25,-35,30,-37,17,-47,17,-37,7,-30,15,-37,12,-30,7,-27,15,-22,5,-22,2,0,0,0,0,0,0,0,0,0,0]"""
1782313076198,2026-06-24T23:57:56.198,warning,bed_exit,yja,bed_exit_failed,t030,"CSI_DATA,334799,1a:00:00:00:00:00,-67,11,-99,18,50,11,-1284931331,47,2,256,0,""[0,0,0,0,0,0,0,0,0,0,0,0,-28,-12,-28,-20,-23,-15,-33,-18,-23,-15,-36,-31,-31,-28,-31,-31,-31,-28,-23,-28,-41,-36,-38,-36,-33,-31,-33,-33,-38,-38,-31,-38,-36,-49,-31,-36,-43,-56,-41,-54,-41,-36,-28,-49,-33,-43,-41,-46,-41,-49,-43,-54,-41,-51,-41,-54,-25,-43,-43,-56,-43,-46,-51,-67,-43,-59,-43,-49,-46,-51,-43,-46,-46,-43,-67,-49,-59,-43,-56,-36,-62,-46,-59,-36,-80,-46,-62,-38,-100,-54,-77,-46,-87,-41,-80,-43,-72,-41,-77,-31,-105,-36,-93,-36,-100,-36,-98,-41,-100,-28,-113,-41,-103,-38,0,0,0,0,0,0,-38,105,-28,87,-33,126,-38,108,-23,80,-36,116,-28,93,-28,113,-18,82,-33,118,-31,105,-18,98,-25,80,-18,80,-5,105,-2,90,5,93,-2,80,-2,85,0,77,5,100,0,69,2,103,2,87,7,74,5,72,10,64,23,80,23,74,20,77,15,67,20,80,10,59,18,72,12,62,20,87,10,72,12,67,7,67,7,54,10,49,15,64,12,56,12,49,7,49,7,49,5,59,2,43,-2,56,-5,46,-2,38,-5,38,-10,28,-5,25,-5,36,-7,28,-7,23,0,0,0,0,0,0,0,0,0,0]"""
1782313076208,2026-06-24T23:57:56.208,warning,bed_exit,yja,bed_exit_failed,t030,"CSI_DATA,334800,1a:00:00:00:00:00,-67,11,-99,19,50,11,-1284919379,47,2,256,0,""[0,0,0,0,0,0,0,0,0,0,0,0,-12,25,-15,30,-15,25,-25,30,-12,27,-32,37,-30,32,-27,27,-37,22,-25,22,-40,30,-37,37,-42,35,-32,30,-45,32,-45,22,-55,30,-50,27,-70,25,-65,17,-57,17,-50,25,-52,10,-57,32,-60,30,-57,30,-57,25,-65,22,-55,12,-70,30,-52,20,-77,32,-72,25,-62,30,-65,30,-67,17,-50,22,-65,42,-62,42,-57,40,-62,35,-62,27,-80,50,-60,40,-97,55,-85,45,-80,50,-82,42,-75,40,-65,52,-82,70,-75,55,-90,62,-87,57,-87,67,-95,67,-97,57,0,0,0,0,0,0,60,95,50,77,80,110,47,95,42,70,62,108,52,80,65,110,50,75,52,110,52,97,45,85,37,77,45,67,67,75,60,70,65,72,57,65,57,72,37,67,60,80,47,52,62,75,55,72,50,55,45,60,42,47,62,52,60,50,57,55,47,45,55,62,40,42,57,62,45,47,55,75,45,67,45,55,37,55,22,57,27,42,42,47,32,50,27,42,27,47,17,40,22,50,15,37,10,57,7,37,10,42,-2,37,2,32,2,32,2,30,0,27,-2,30,0,0,0,0,0,0,0,0,0,0]"""
1782313076219,2026-06-24T23:57:56.219,warning,bed_exit,yja,bed_exit_failed,t030,"CSI_DATA,334801,1a:00:00:00:00:00,-67,11,-99,13,50,11,-1284909176,47,2,256,0,""[0,0,0,0,0,0,0,0,0,0,0,0,11,26,11,35,14,32,2,29,8,26,5,38,2,38,-2,35,11,44,-8,47,5,47,2,56,2,47,8,50,-2,62,5,50,8,56,8,56,0,53,5,71,2,62,2,65,-2,62,5,56,5,65,8,62,8,62,5,74,29,62,20,62,17,65,17,68,14,62,17,68,17,68,32,68,32,68,44,59,41,62,44,59,41,74,59,44,68,47,65,62,68,59,56,62,68,56,62,68,74,53,80,50,89,38,92,44,101,47,101,44,104,29,98,41,92,47,0,0,0,0,0,0,44,-119,32,-104,35,-110,26,-113,23,-107,17,-107,14,-98,8,-107,11,-101,17,-101,11,-104,23,-89,2,-104,17,-86,-8,-92,-5,-92,-8,-86,-14,-89,-2,-92,-32,-71,-38,-80,-26,-83,-26,-77,-23,-77,-17,-77,-35,-80,-29,-74,-29,-62,-41,-68,-44,-59,-41,-62,-38,-77,-47,-41,-47,-56,-50,-59,-44,-59,-26,-59,-41,-62,-35,-62,-38,-50,-32,-53,-47,-41,-35,-44,-35,-38,-26,-47,-41,-32,-38,-35,-29,-35,-23,-38,-14,-32,-20,-38,-11,-32,-17,-26,-11,-29,-11,-23,-14,-23,-8,-23,0,0,0,0,0,0,0,0,0,0]"""
1782313076230,2026-06-24T23:57:56.230,warning,bed_exit,yja,bed_exit_failed,t030,"CSI_DATA,334802,1a:00:00:00:00:00,-67,11,-99,19,50,11,-1284898372,47,2,256,0,""[0,0,0,0,0,0,0,0,0,0,0,0,-20,27,-22,22,-27,32,-27,22,-32,27,-27,15,-25,15,-37,22,-37,27,-42,17,-42,7,-47,2,-47,5,-62,2,-60,7,-62,2,-55,2,-60,0,-50,-5,-60,0,-75,0,-70,-5,-65,-12,-52,-22,-65,-30,-57,-27,-65,-37,-60,-30,-72,-30,-67,-25,-57,-25,-50,-20,-62,-15,-70,-17,-67,-20,-72,-25,-65,-35,-55,-37,-70,-40,-80,-40,-77,-32,-72,-42,-72,-40,-77,-30,-57,-27,-72,-30,-72,-30,-90,-35,-108,-42,-85,-47,-72,-52,-80,-70,-85,-60,-87,-52,-85,-75,-85,-67,-95,-60,0,0,0,0,0,0,-82,92,-90,100,-70,65,-72,82,-92,82,-82,52,-87,72,-77,65,-92,70,-70,42,-55,57,-80,57,-80,70,-90,60,-75,37,-90,32,-80,42,-90,40,-77,50,-87,47,-70,47,-77,40,-60,32,-55,42,-70,45,-72,52,-80,35,-72,25,-82,22,-70,25,-80,20,-72,30,-80,30,-72,27,-67,22,-60,10,-60,25,-65,22,-70,20,-72,15,-70,0,-52,-10,-60,-12,-62,-12,-62,-7,-57,-10,-45,-15,-47,-10,-32,-15,-32,-7,-32,-12,-32,-15,-30,-20,-20,-20,-20,-20,-15,-22,-10,-20,0,0,0,0,0,0,0,0,0,0]"""
1782313076249,2026-06-24T23:57:56.249,warning,bed_exit,yja,bed_exit_failed,t030,"CSI_DATA,334804,1a:00:00:00:00:00,-67,11,-99,20,50,11,-1284876373,47,2,256,0,""[0,0,0,0,0,0,0,0,0,0,0,0,-17,-14,-24,-17,-29,-24,-24,-21,-29,-29,-21,-26,-29,-34,-34,-34,-24,-34,-29,-41,-26,-43,-24,-39,-24,-41,-24,-43,-24,-36,-29,-58,-26,-46,-31,-51,-26,-56,-36,-48,-39,-39,-34,-51,-26,-61,-36,-58,-29,-58,-26,-58,-26,-58,-29,-46,-39,-61,-39,-48,-43,-56,-46,-61,-53,-56,-43,-58,-51,-51,-43,-48,-51,-61,-61,-56,-56,-53,-61,-41,-58,-41,-68,-56,-68,-43,-85,-43,-80,-46,-92,-39,-80,-41,-87,-34,-80,-24,-102,-41,-112,-43,-80,-36,-78,-31,-112,-51,-104,-39,-97,-31,-112,-26,0,0,0,0,0,0,-14,107,-21,112,-19,117,-19,112,-21,102,-17,95,-14,122,-14,100,-2,112,-19,102,-9,112,2,102,0,82,0,107,2,100,-4,85,2,85,9,85,19,70,17,90,17,82,26,85,24,82,31,80,43,73,31,61,31,85,39,80,29,68,34,73,31,65,29,53,41,75,29,63,36,65,31,70,41,70,34,58,39,56,29,46,31,58,24,53,24,56,24,48,19,43,19,51,19,43,24,46,12,39,14,46,12,36,14,34,9,31,7,36,0,29,2,26,4,19,0,0,0,0,0,0,0,0,0,0]"""
1782313076260,2026-06-24T23:57:56.260,warning,bed_exit,yja,bed_exit_failed,t030,"CSI_DATA,334805,1a:00:00:00:00:00,-66,11,-99,18,50,11,-1284865373,47,2,256,0,""[0,0,0,0,0,0,0,0,0,0,0,0,0,-25,0,-36,0,-28,0,-41,0,-28,15,-49,12,-41,18,-36,12,-38,12,-31,20,-49,23,-43,25,-49,18,-41,28,-54,15,-33,31,-51,23,-43,49,-69,41,-51,38,-31,36,-54,43,-31,43,-56,43,-49,43,-46,43,-43,56,-56,25,-38,43,-64,33,-38,62,-69,51,-51,43,-56,49,-51,46,-46,41,-41,38,-67,41,-64,31,-51,49,-67,20,-54,38,-80,38,-64,72,-103,62,-64,49,-82,62,-69,36,-69,38,-77,54,-105,41,-85,59,-95,56,-80,46,-105,59,-111,56,-93,0,0,0,0,0,0,-105,-56,-69,-41,-126,-74,-90,-59,-54,-41,-108,-69,-72,-41,-111,-64,-64,-36,-111,-82,-90,-69,-67,-64,-69,-56,-59,-46,-85,-54,-80,-49,-82,-43,-67,-38,-85,-49,-56,-28,-85,-41,-62,-28,-98,-51,-80,-49,-64,-38,-67,-28,-51,-31,-77,-28,-72,-33,-67,-31,-56,-33,-72,-41,-54,-18,-80,-25,-54,-28,-93,-43,-62,-46,-56,-33,-54,-49,-43,-31,-41,-25,-62,-36,-49,-28,-36,-28,-41,-38,-31,-23,-43,-33,-28,-28,-38,-49,-18,-33,-18,-36,-15,-38,-12,-20,-15,-25,-12,-31,-12,-25,-5,-25,0,0,0,0,0,0,0,0,0,0]"""
1782313076271,2026-06-24T23:57:56.271,warning,bed_exit,yja,bed_exit_failed,t030,"CSI_DATA,334806,1a:00:00:00:00:00,-67,11,-99,20,50,11,-1284854168,47,2,256,0,""[0,0,0,0,0,0,0,0,0,0,0,0,14,26,21,29,19,24,19,34,14,29,12,43,14,46,9,41,14,46,0,36,-4,48,-2,56,-7,43,-14,46,-7,58,-9,48,-12,56,-19,58,-14,63,-26,56,-21,63,-24,63,-31,48,-36,53,-39,53,-46,53,-48,48,-48,58,-29,46,-34,61,-41,56,-43,65,-39,51,-34,63,-46,61,-43,61,-43,53,-41,65,-41,53,-41,46,-53,56,-41,63,-43,80,-58,61,-78,80,-51,61,-53,85,-68,70,-56,82,-68,70,-78,75,-80,70,-78,82,-78,65,-78,75,-82,75,-73,68,0,0,0,0,0,0,68,102,51,82,63,102,63,95,41,82,51,109,43,70,48,104,39,82,41,107,48,100,39,82,46,97,21,85,24,97,24,95,19,82,14,80,24,97,31,68,36,85,29,80,29,85,24,82,26,70,31,82,17,68,14,75,14,80,9,75,7,73,7,95,14,58,14,75,7,75,9,85,-4,65,12,65,0,68,-2,68,-9,61,-4,63,-9,51,-17,48,-19,46,-4,43,-17,48,-17,43,-31,48,-24,29,-21,31,-24,26,-19,24,-21,24,-29,19,-24,14,-24,7,0,0,0,0,0,0,0,0,0,0]"""
1782313076283,2026-06-24T23:57:56.283,warning,bed_exit,yja,bed_exit_failed,t030,"CSI_DATA,334807,1a:00:00:00:00:00,-67,11,-99,12,51,11,-1284842771,47,2,256,0,""[0,0,0,0,0,0,0,0,0,0,0,0,8,87,65,-24,-90,0,2,-30,5,-41,-32,30,-76,-54,-65,5,-93,35,-19,-65,-41,-2,-49,-35,-32,-2,-68,-21,-21,-10,-65,-5,-52,-35,-62,-30,-38,-19,-62,0,-52,-16,-76,-8,-57,-43,-49,-41,-60,-41,-52,-38,-57,-41,-57,-30,-65,-43,-57,-38,-49,-35,-43,-30,-62,-21,-62,-27,-68,-16,-79,-32,-60,-41,-49,-49,-62,-46,-71,-54,-82,-41,-68,-46,-68,-43,-73,-35,-57,-35,-76,-27,-76,-24,-90,-27,-101,-32,-95,-41,-62,-49,-90,-73,-90,-57,-87,-49,-93,-79,-95,-54,-90,-57,0,0,0,0,0,0,-60,106,-73,106,-54,82,-65,84,-79,90,-79,68,-73,79,-68,82,-82,76,-62,57,-46,68,-54,82,-57,87,-60,82,-68,49,-71,60,-62,57,-79,65,-60,68,-62,71,-54,65,-65,65,-49,52,-32,60,-41,71,-49,73,-54,65,-54,46,-57,54,-52,52,-65,49,-52,54,-54,60,-54,52,-57,49,-43,46,-43,52,-35,52,-43,54,-49,49,-57,38,-46,16,-57,24,-57,21,-52,24,-49,19,-46,13,-41,10,-32,8,-35,13,-38,13,-35,10,-38,2,-30,5,-24,-8,-27,-13,-24,-10,0,0,0,0,0,0,0,0,0,0]"""
1782313076293,2026-06-24T23:57:56.293,warning,bed_exit,yja,bed_exit_failed,t030,"CSI_DATA,334808,1a:00:00:00:00:00,-67,11,-99,17,50,11,-1284832373,47,2,256,0,""[0,0,0,0,0,0,0,0,0,0,0,0,21,13,23,23,21,21,29,29,18,23,29,45,18,37,13,31,18,39,7,34,13,42,13,47,13,50,10,50,13,66,5,37,10,61,7,47,7,79,-5,61,-2,53,5,66,-7,45,-5,69,-10,66,-10,69,-13,58,-10,79,2,53,-2,71,-2,53,-5,90,-10,71,-2,71,-10,71,-5,66,-7,55,0,79,-2,74,-2,66,-5,87,10,63,15,93,2,74,-7,125,-7,77,2,90,-18,90,5,87,-2,93,7,114,0,93,0,119,-10,90,7,109,-2,130,-5,103,0,0,0,0,0,0,122,10,82,10,149,15,106,18,77,15,127,23,82,5,127,21,79,5,117,34,103,26,85,26,87,18,71,21,95,23,85,23,90,23,82,21,103,26,58,13,95,10,69,10,103,15,87,15,74,10,79,7,58,15,85,15,77,21,71,18,63,21,82,21,58,2,82,10,61,7,98,31,69,26,63,15,69,29,55,23,42,21,61,21,53,26,42,21,50,29,39,15,53,23,37,26,42,45,21,26,29,23,15,29,13,26,13,23,13,29,13,23,7,23,0,0,0,0,0,0,0,0,0,0]"""
1782313076303,2026-06-24T23:57:56.303,warning,bed_exit,yja,bed_exit_failed,t030,"CSI_DATA,334809,1a:00:00:00:00:00,-67,11,-99,19,50,11,-1284821373,47,2,256,0,""[0,0,0,0,0,0,0,0,0,0,0,0,15,-30,10,-27,22,-32,20,-27,27,-30,30,-17,27,-27,37,-25,37,-17,50,-25,40,-20,45,-10,50,-15,57,-12,45,-12,65,-7,47,0,57,2,52,5,62,-2,77,-2,55,17,67,15,65,15,57,20,62,32,62,27,55,15,72,35,57,27,65,25,50,32,72,27,67,35,62,30,57,32,67,47,55,40,67,47,75,47,70,32,72,52,55,47,77,40,42,37,90,50,65,52,77,47,80,65,75,65,65,70,65,75,65,67,77,87,72,82,57,72,75,90,0,0,0,0,0,0,82,-62,105,-60,90,-47,90,-60,118,-55,82,-40,118,-47,90,-37,115,-40,82,-20,82,-22,97,-32,95,-22,108,-25,87,-20,87,-7,92,-7,97,-12,77,-22,97,-7,75,-15,90,-15,72,-5,77,-5,95,-2,82,-5,90,-2,82,-2,77,2,75,5,80,2,60,2,92,17,70,12,75,7,52,20,72,10,65,27,65,22,57,27,65,37,47,32,45,42,47,37,37,27,42,50,25,35,35,35,15,27,30,35,15,37,20,32,15,35,7,35,0,27,-5,25,-5,22,0,0,0,0,0,0,0,0,0,0]"""
1782313076315,2026-06-24T23:57:56.315,warning,bed_exit,yja,bed_exit_failed,t030,"CSI_DATA,334810,1a:00:00:00:00:00,-67,11,-99,18,50,11,-1284810373,47,2,256,0,""[0,0,0,0,0,0,0,0,0,0,0,0,-18,-31,-10,-25,-10,-38,-10,-33,-2,-43,-2,-28,-7,-31,-5,-46,-7,-41,-7,-54,2,-43,-2,-49,0,-51,2,-59,-2,-51,15,-64,7,-49,5,-62,7,-46,12,-62,0,-77,10,-62,12,-67,7,-56,15,-64,7,-62,15,-72,10,-54,20,-80,23,-54,18,-74,12,-59,15,-82,-7,-77,12,-77,-10,-62,2,-67,10,-62,7,-69,-25,-116,-18,-77,12,-100,15,-77,-5,-90,0,-64,18,-69,7,-82,-38,-82,2,-131,-10,-121,-5,-103,-20,-116,-5,-116,-7,-103,7,-126,-2,-93,-20,-103,0,0,0,0,0,0,-105,25,-126,7,-87,20,-108,20,-126,18,-87,7,-121,15,-95,18,-118,15,-80,10,-80,15,-100,20,-98,23,-111,31,-82,12,-80,18,-87,25,-93,23,-80,31,-98,25,-72,25,-82,33,-64,25,-64,33,-80,36,-74,36,-82,38,-67,25,-74,33,-69,36,-72,33,-62,36,-85,33,-67,25,-67,31,-54,18,-59,36,-62,23,-56,36,-62,28,-62,18,-54,7,-59,10,-64,18,-51,15,-54,5,-46,0,-41,7,-25,5,-38,5,-36,-2,-38,10,-38,-2,-33,-2,-25,-5,-23,-10,-20,-7,0,0,0,0,0,0,0,0,0,0]"""
1782313076326,2026-06-24T23:57:56.326,warning,bed_exit,yja,bed_exit_failed,t030,"CSI_DATA,334811,1a:00:00:00:00:00,-67,11,-99,14,51,11,-1284798528,47,2,256,0,""[0,0,0,0,0,0,0,0,0,0,0,0,20,20,23,28,20,23,23,36,12,33,25,41,18,43,15,38,7,33,10,36,18,46,15,46,15,46,7,49,5,56,10,46,5,62,7,49,-2,72,-15,67,-20,64,-15,54,-5,59,-5,69,-2,64,-5,62,-5,59,-12,69,-12,54,-20,69,-7,56,-18,82,-25,74,-20,69,-23,69,-18,62,-5,64,-2,80,-7,77,-7,67,-15,80,-7,64,-5,90,-5,74,-12,105,-15,87,-10,87,-18,93,-23,87,-12,90,-5,108,-2,93,-7,113,-18,98,-7,113,-23,118,-20,111,0,0,0,0,0,0,111,36,93,28,137,36,100,43,80,18,108,33,95,33,113,43,87,28,116,41,100,46,87,28,80,36,77,31,95,20,93,15,90,20,85,20,85,28,69,25,90,25,69,15,95,36,80,31,77,25,72,33,69,12,87,15,72,12,77,12,69,12,74,23,59,23,77,28,59,23,85,38,67,43,62,33,56,38,46,36,49,25,59,25,51,28,46,28,43,38,36,25,43,36,25,31,33,41,20,38,23,28,12,33,7,25,7,23,10,31,12,23,7,23,0,0,0,0,0,0,0,0,0,0]"""
1782313076335,2026-06-24T23:57:56.335,warning,bed_exit,yja,bed_exit_failed,t030,"CSI_DATA,334812,1a:00:00:00:00:00,-67,11,-99,19,50,11,-1284788219,47,2,256,0,""[0,0,0,0,0,0,0,0,0,0,0,0,30,17,22,17,32,25,22,17,27,30,17,25,22,27,22,35,25,35,30,47,15,42,15,47,20,47,15,50,12,47,15,62,17,50,12,62,5,50,15,45,7,57,15,65,2,70,-2,62,-2,65,0,65,-7,72,0,60,2,82,5,67,0,72,-2,55,7,67,5,72,12,72,7,80,-10,85,-7,65,-2,72,2,87,5,72,5,95,7,77,15,85,2,67,15,90,10,85,17,97,22,97,7,105,2,82,5,105,2,102,10,113,10,105,5,97,17,110,0,0,0,0,0,0,108,-10,130,-5,90,2,113,-5,133,7,97,12,123,2,92,2,110,7,95,10,85,5,100,7,105,-5,105,5,80,17,87,22,87,15,92,15,82,5,100,7,82,-5,90,2,67,0,72,-2,82,0,85,-12,92,5,75,7,75,15,77,7,82,7,72,0,82,5,70,2,72,2,60,7,67,5,70,7,67,5,67,10,67,25,52,25,52,32,55,25,50,20,50,25,42,22,45,17,30,17,32,22,27,22,27,22,30,22,22,30,15,22,10,27,10,25,0,0,0,0,0,0,0,0,0,0]"""
1782313076347,2026-06-24T23:57:56.347,warning,bed_exit,yja,bed_exit_failed,t030,"CSI_DATA,334813,1a:00:00:00:00:00,-67,11,-99,18,50,11,-1284777292,47,2,256,0,""[0,0,0,0,0,0,0,0,0,0,0,0,0,33,2,31,-2,38,-5,31,-7,33,-5,36,5,38,-5,41,-7,49,-10,49,-20,43,-18,49,-12,49,-25,43,-28,43,-33,56,-36,49,-41,46,-28,38,-23,54,-31,62,-36,54,-38,59,-46,43,-38,49,-41,51,-51,49,-38,49,-51,56,-46,43,-56,51,-36,46,-36,54,-36,59,-33,59,-36,67,-43,72,-51,56,-38,69,-51,69,-43,64,-54,74,-51,67,-54,67,-25,64,-33,90,-28,82,-23,93,-41,93,-41,95,-51,69,-56,90,-54,93,-43,103,-69,87,-43,85,-46,98,0,0,0,0,0,0,95,59,103,80,77,46,93,72,111,67,69,72,87,77,69,59,77,82,80,41,87,46,93,46,93,46,93,46,72,56,85,41,80,43,77,51,69,46,82,46,69,36,77,51,56,25,69,23,72,31,82,23,85,25,62,49,72,31,77,25,74,33,62,31,72,38,59,36,67,46,43,25,59,23,59,23,67,23,64,25,62,33,43,38,51,33,43,46,41,38,38,38,31,33,31,41,25,23,28,28,23,28,33,23,20,28,18,33,5,25,7,23,7,23,0,0,0,0,0,0,0,0,0,0]"""
1782313076359,2026-06-24T23:57:56.359,warning,bed_exit,yja,bed_exit_failed,t030,"CSI_DATA,334814,1a:00:00:00:00:00,-67,11,-99,19,50,11,-1284766059,47,2,256,0,""[0,0,0,0,0,0,0,0,0,0,0,0,12,22,15,30,10,22,15,42,15,22,10,50,2,45,-2,37,-2,45,-10,35,-12,47,-12,50,-15,50,-15,42,-27,57,-12,40,-22,60,-25,47,-40,67,-37,47,-35,35,-35,47,-40,35,-42,50,-45,42,-45,47,-55,40,-60,50,-30,40,-52,55,-42,40,-65,60,-50,40,-42,47,-55,40,-57,47,-50,35,-52,55,-45,47,-50,35,-65,52,-40,45,-62,72,-55,47,-92,75,-72,47,-75,67,-82,45,-62,57,-65,47,-90,67,-80,62,-95,70,-82,45,-87,62,-108,70,-90,47,0,0,0,0,0,0,47,110,32,75,50,133,42,105,22,75,35,125,27,67,30,118,27,75,22,133,20,110,12,92,20,92,2,72,10,100,10,97,5,90,2,82,10,105,15,65,22,95,12,67,15,102,15,90,5,72,5,82,-5,62,7,82,2,77,-2,80,-5,72,-5,90,12,52,7,82,-5,60,-10,95,-17,67,-12,67,-20,65,-17,60,-20,47,-15,62,-20,52,-17,45,-32,47,-15,40,-25,52,-20,35,-40,47,-25,25,-30,25,-35,17,-25,15,-22,12,-30,15,-25,12,-25,10,0,0,0,0,0,0,0,0,0,0]"""
1782313076370,2026-06-24T23:57:56.370,warning,bed_exit,yja,bed_exit_failed,t030,"CSI_DATA,334815,1a:00:00:00:00:00,-67,11,-99,19,50,11,-1284755373,47,2,256,0,""[0,0,0,0,0,0,0,0,0,0,0,0,-10,-32,-2,-35,-2,-37,-2,-35,7,-42,5,-37,2,-40,5,-40,12,-45,12,-47,22,-42,22,-42,17,-42,27,-45,35,-45,30,-42,32,-40,45,-37,35,-47,42,-37,47,-42,35,-50,47,-45,52,-35,55,-45,50,-35,60,-30,55,-35,57,-40,52,-37,65,-25,52,-37,55,-40,55,-47,55,-47,62,-47,60,-45,62,-30,65,-50,70,-42,70,-45,65,-40,67,-35,80,-45,65,-42,60,-45,72,-57,72,-57,82,-65,87,-62,87,-45,92,-60,92,-50,90,-55,102,-37,100,-65,100,-60,0,0,0,0,0,0,-35,-118,-37,-115,-27,-95,-27,-102,-32,-115,-2,-105,-20,-102,-22,-100,-15,-108,-27,-87,-15,-87,-20,-85,-30,-100,-27,-92,2,-85,-15,-87,-17,-85,-12,-92,-15,-95,-7,-82,-12,-75,-5,-85,-15,-72,-17,-85,-20,-75,-27,-82,-22,-72,7,-77,-7,-77,-10,-75,-12,-80,-5,-72,-2,-72,-2,-72,7,-72,-2,-70,-7,-65,-12,-70,-2,-65,5,-80,12,-62,17,-55,7,-60,22,-52,25,-50,22,-45,27,-35,27,-40,22,-32,22,-30,22,-27,20,-32,25,-27,27,-25,17,-15,22,-17,22,-2,0,0,0,0,0,0,0,0,0,0]"""
1782313076381,2026-06-24T23:57:56.381,warning,bed_exit,yja,bed_exit_failed,t030,"CSI_DATA,334816,1a:00:00:00:00:00,-67,11,-99,14,51,11,-1284742914,47,2,256,0,""[0,0,0,0,0,0,0,0,0,0,0,0,28,-7,36,-2,25,0,36,2,31,-2,46,2,43,7,31,7,46,2,33,15,46,12,51,15,46,23,49,20,62,25,43,10,62,23,49,18,64,33,56,28,41,20,56,33,36,31,54,43,59,41,54,33,43,31,64,43,46,25,69,31,59,25,77,43,56,36,64,28,62,38,59,28,62,23,69,25,64,31,54,31,69,38,69,5,85,12,80,31,121,36,74,28,93,10,90,36,80,12,90,31,105,20,95,12,105,20,98,20,98,25,116,31,100,20,0,0,0,0,0,0,28,-116,31,-87,33,-131,15,-103,23,-77,31,-118,18,-82,33,-113,20,-87,31,-121,28,-108,20,-87,18,-95,31,-74,23,-95,20,-93,20,-90,25,-77,25,-98,2,-67,2,-90,0,-80,18,-103,12,-87,2,-72,-2,-80,7,-62,2,-72,7,-74,2,-67,7,-64,10,-82,-2,-59,-2,-74,2,-67,5,-95,12,-67,0,-67,18,-69,7,-54,7,-56,2,-64,12,-54,15,-38,15,-46,0,-43,2,-51,15,-41,25,-54,15,-33,10,-33,25,-25,20,-28,15,-20,23,-25,15,-20,18,-23,0,0,0,0,0,0,0,0,0,0]"""
1782313076395,2026-06-24T23:57:56.395,warning,bed_exit,yja,bed_exit_failed,t030,"CSI_DATA,334817,1a:00:00:00:00:00,-67,11,-99,20,50,11,-1284729335,47,2,256,0,""[0,0,0,0,0,0,0,0,0,0,0,0,-17,21,-24,19,-29,21,-29,26,-31,21,-31,24,-26,29,-29,17,-34,24,-43,21,-46,12,-48,17,-48,19,-56,12,-53,12,-53,9,-53,14,-53,2,-58,9,-53,21,-53,12,-68,21,-56,9,-63,-9,-65,7,-65,4,-65,0,-65,0,-68,12,-63,7,-68,0,-68,9,-68,17,-65,24,-68,21,-70,24,-68,14,-73,12,-73,24,-87,17,-82,17,-75,26,-75,21,-85,19,-73,31,-82,34,-73,48,-73,43,-90,51,-90,46,-92,39,-87,34,-100,46,-90,48,-109,39,-95,53,-107,46,0,0,0,0,0,0,43,112,36,114,39,102,39,102,41,104,19,104,36,102,34,97,26,104,41,82,46,85,39,87,58,82,48,87,26,92,36,78,41,82,36,87,39,78,41,73,36,68,34,78,41,61,48,68,48,65,63,63,51,61,39,75,41,68,48,63,39,65,41,65,46,61,41,61,34,61,41,58,41,58,48,51,41,53,36,53,31,53,21,56,31,53,21,53,21,51,19,43,12,43,12,46,12,39,12,39,14,34,12,31,12,36,4,31,-2,26,0,26,-4,24,0,0,0,0,0,0,0,0,0,0]"""
1782313076407,2026-06-24T23:57:56.407,warning,bed_exit,yja,bed_exit_failed,t030,"CSI_DATA,334818,1a:00:00:00:00:00,-67,11,-99,18,50,11,-1284718589,47,2,256,0,""[0,0,0,0,0,0,0,0,0,0,0,0,2,36,2,31,0,36,0,31,-7,38,-12,31,-10,33,-12,49,-12,41,-18,46,-23,38,-28,41,-28,41,-36,41,-33,41,-49,51,-38,38,-49,43,-33,25,-51,31,-56,43,-46,31,-67,46,-51,31,-62,25,-56,28,-64,20,-54,31,-82,23,-54,20,-67,31,-46,10,-51,23,-64,15,-59,31,-74,28,-82,25,-69,15,-77,20,-77,28,-69,31,-93,20,-74,12,-77,33,-54,18,-80,38,-82,18,-87,46,-100,25,-93,28,-82,12,-103,23,-98,18,-108,23,-103,7,-85,10,-108,15,0,0,0,0,0,0,7,111,-2,129,-2,85,5,116,-10,134,-5,100,-15,118,-15,87,-15,113,-12,85,-7,87,-7,98,-15,103,-7,103,-15,77,-20,87,-18,85,-20,87,-10,74,-25,95,-15,77,-20,93,-20,59,-15,67,-15,82,-20,80,-18,90,-20,69,-25,72,-20,77,-25,77,-20,69,-38,80,-28,62,-31,69,-25,38,-25,62,-36,51,-28,67,-41,59,-41,56,-41,38,-41,41,-46,38,-41,33,-46,33,-36,20,-38,25,-25,15,-36,20,-36,15,-31,18,-33,12,-33,5,-23,2,-31,0,-25,-2,0,0,0,0,0,0,0,0,0,0]"""
1782313076417,2026-06-24T23:57:56.417,warning,bed_exit,yja,bed_exit_failed,t030,"CSI_DATA,334819,1a:00:00:00:00:00,-67,11,-99,19,50,11,-1284711373,47,2,256,0,""[0,0,0,0,0,0,0,0,0,0,0,0,27,17,22,15,30,22,27,25,22,27,27,32,27,27,30,30,20,32,37,35,35,42,32,35,30,42,35,42,25,37,22,57,17,47,27,52,22,55,27,62,40,67,12,50,32,57,32,55,37,52,32,52,27,57,22,47,27,75,27,60,25,60,27,55,40,67,35,65,47,57,30,57,45,62,50,55,60,52,62,55,55,47,52,75,47,62,65,57,47,47,75,60,60,62,77,42,72,70,82,55,82,60,72,52,70,60,100,67,90,62,90,52,90,57,0,0,0,0,0,0,57,-92,65,-102,50,-95,70,-77,65,-102,52,-70,70,-102,47,-87,65,-97,45,-77,52,-82,37,-95,45,-75,32,-100,35,-87,22,-82,22,-90,25,-87,20,-72,37,-87,27,-75,25,-82,17,-82,17,-82,7,-90,20,-70,7,-85,2,-82,-2,-75,-2,-75,2,-72,-2,-62,17,-87,12,-77,7,-67,10,-70,0,-80,5,-70,5,-65,12,-57,10,-60,12,-57,10,-55,7,-60,2,-55,12,-47,17,-42,17,-42,12,-30,20,-45,15,-32,7,-35,17,-32,10,-27,15,-22,15,-20,15,-17,0,0,0,0,0,0,0,0,0,0]"""
1782313076427,2026-06-24T23:57:56.427,warning,bed_exit,yja,bed_exit_failed,t030,"CSI_DATA,334820,1a:00:00:00:00:00,-67,11,-99,21,50,11,-1284698925,47,2,256,0,""[0,0,0,0,0,0,0,0,0,0,0,0,21,23,14,21,18,30,14,28,9,40,14,30,16,33,11,42,14,40,16,49,2,45,4,42,0,54,-4,54,-14,49,-7,59,-14,49,-26,59,-14,47,-23,52,-35,59,-18,64,-21,68,-35,47,-30,56,-26,54,-37,52,-40,47,-47,59,-47,47,-45,49,-33,47,-42,49,-35,59,-42,61,-42,64,-42,61,-54,47,-49,61,-61,61,-56,52,-68,64,-56,75,-64,45,-30,42,-118,35,-56,49,-49,85,-64,66,-59,80,-68,52,-78,61,-75,56,-80,73,-92,52,-80,61,-94,56,0,0,0,0,0,0,37,97,35,118,26,87,23,101,37,116,9,97,14,118,16,97,-2,111,16,85,26,80,18,90,23,99,23,106,2,90,9,85,14,87,2,90,-4,85,7,90,7,80,-11,90,9,73,9,75,-2,78,14,85,9,82,-11,73,-2,75,-2,78,-9,78,-9,75,-16,75,-16,71,-23,71,-9,56,-16,68,-16,68,-11,66,-16,66,-28,59,-30,49,-28,54,-37,47,-30,35,-40,40,-28,30,-40,26,-28,23,-28,28,-30,21,-28,21,-33,14,-33,11,-26,0,-26,7,-21,-2,0,0,0,0,0,0,0,0,0,0]"""
1782313076439,2026-06-24T23:57:56.439,warning,bed_exit,yja,bed_exit_failed,t030,"CSI_DATA,334821,1a:00:00:00:00:00,-67,11,-99,15,50,11,-1284689315,47,2,256,0,""[0,0,0,0,0,0,0,0,0,0,0,0,-73,-115,36,2,-70,5,-50,70,-8,33,-22,-16,-5,-28,28,-90,-31,-5,-42,-42,-107,-67,-39,-36,-33,-36,-5,-78,-33,-25,-36,-62,-11,-39,-16,-53,-14,-47,-31,-42,-33,-70,-19,-50,-36,-64,-31,-64,-25,-64,-22,-59,-22,-56,-22,-45,-33,-78,-22,-59,-25,-64,-16,-62,-33,-56,-31,-67,-33,-59,-33,-62,-31,-73,-31,-70,-31,-81,-42,-76,-47,-59,-39,-81,-25,-67,-56,-64,-25,-50,-62,-70,-42,-70,-62,-67,-56,-84,-53,-81,-39,-81,-36,-90,-42,-73,-64,-93,-53,-95,-45,-87,-76,-95,0,0,0,0,0,0,-104,50,-107,70,-78,45,-87,62,-112,59,-78,42,-118,64,-78,47,-107,62,-78,33,-73,45,-90,50,-81,45,-93,59,-73,47,-73,36,-76,39,-76,50,-59,47,-81,50,-64,42,-70,56,-62,39,-62,47,-64,62,-67,45,-67,53,-59,45,-73,39,-67,47,-62,50,-45,45,-78,47,-56,36,-53,47,-53,22,-59,47,-59,31,-53,36,-53,31,-59,31,-50,19,-56,16,-62,22,-45,22,-50,14,-42,5,-45,14,-28,2,-45,8,-33,2,-33,8,-33,-2,-33,-2,-28,-8,-28,-11,-22,-5,0,0,0,0,0,0,0,0,0,0]"""
1782313076450,2026-06-24T23:57:56.450,warning,bed_exit,yja,bed_exit_failed,t030,"CSI_DATA,334822,1a:00:00:00:00:00,-67,11,-99,21,50,11,-1284674816,47,2,256,0,""[0,0,0,0,0,0,0,0,0,0,0,0,-28,11,-28,9,-40,4,-30,4,-35,4,-35,-4,-33,2,-47,4,-37,0,-54,-2,-42,-4,-42,-11,-45,-11,-47,-18,-42,-9,-64,-21,-52,-14,-61,-16,-47,-21,-52,-30,-71,-23,-54,-23,-68,-21,-54,-28,-54,-28,-56,-26,-59,-28,-52,-16,-71,-35,-56,-28,-68,-21,-49,-33,-64,-18,-64,-26,-71,-16,-75,-18,-80,-26,-71,-23,-68,-28,-80,-23,-68,-4,-87,-21,-80,-23,-87,-9,-64,-14,-99,4,-85,-16,-90,4,-97,-9,-99,-14,-87,-16,-97,-14,-97,-4,-111,-7,-109,-7,-97,-18,-113,0,0,0,0,0,0,0,-4,101,-9,123,-16,94,0,109,-9,132,-2,92,-9,130,-9,92,-4,109,-2,90,0,90,4,106,4,90,0,106,0,90,0,92,-2,94,2,94,14,75,7,99,9,78,16,90,14,68,16,71,21,90,9,78,21,90,18,75,7,78,21,80,21,73,23,64,14,85,14,71,21,66,4,59,23,68,11,66,23,64,14,64,7,66,7,56,-7,59,-2,61,4,54,-7,54,-4,45,4,45,2,30,-2,45,-4,35,-2,35,-9,30,-7,28,-11,23,-16,26,-11,18,0,0,0,0,0,0,0,0,0,0]"""
1782313076461,2026-06-24T23:57:56.461,warning,bed_exit,yja,bed_exit_failed,t030,"CSI_DATA,334823,1a:00:00:00:00:00,-67,11,-99,20,50,11,-1284666451,47,2,256,0,""[0,0,0,0,0,0,0,0,0,0,0,0,-24,0,-39,0,-21,-4,-41,-4,-29,4,-51,-7,-43,-9,-36,-14,-43,-9,-34,-14,-46,-12,-51,-14,-46,-17,-46,-14,-58,-21,-36,-17,-61,-24,-41,-9,-68,-21,-65,-31,-61,-24,-51,-19,-43,-31,-68,-21,-63,-19,-61,-26,-51,-24,-75,-29,-46,-12,-68,-17,-53,-17,-85,-17,-68,-24,-70,-4,-70,-14,-68,-12,-61,-7,-82,0,-73,2,-65,-7,-82,-2,-58,14,-95,21,-73,12,-117,19,-87,12,-92,19,-97,7,-78,17,-78,21,-100,43,-90,34,-107,41,-95,31,-95,48,-117,56,-95,34,0,0,0,0,0,0,48,104,36,75,61,124,43,100,34,65,56,109,39,65,63,100,41,65,68,117,61,95,48,78,48,80,36,61,61,78,63,68,56,63,51,58,65,68,48,41,70,61,48,46,80,65,63,56,63,43,58,46,51,39,70,36,65,39,65,41,56,31,70,48,46,19,75,26,56,26,82,43,58,41,63,24,51,36,46,29,43,21,56,29,53,24,43,14,46,26,36,14,48,29,29,21,51,39,26,26,29,24,17,26,21,21,17,17,19,29,17,21,19,19,0,0,0,0,0,0,0,0,0,0]"""
1782313076472,2026-06-24T23:57:56.472,warning,bed_exit,yja,bed_exit_failed,t030,"CSI_DATA,334824,1a:00:00:00:00:00,-67,11,-99,20,50,11,-1284655184,47,2,256,0,""[0,0,0,0,0,0,0,0,0,0,0,0,-26,-14,-24,-21,-21,-24,-21,-21,-21,-26,-24,-31,-24,-34,-26,-39,-19,-31,-21,-41,-26,-48,-19,-43,-19,-46,-17,-41,-19,-43,-14,-61,-14,-53,-12,-61,-12,-61,-17,-56,-17,-53,-9,-56,-2,-68,-7,-65,-4,-63,-4,-65,-7,-61,-9,-58,-7,-68,-2,-61,-12,-68,-7,-70,-9,-75,-14,-63,-14,-65,-12,-63,-19,-78,-17,-80,-12,-78,-17,-65,-17,-61,-21,-80,-21,-73,-26,-80,-29,-85,-46,-92,-31,-82,-36,-85,-31,-78,-36,-82,-36,-104,-31,-90,-41,-82,-36,-114,-31,-97,-26,-92,-43,-104,0,0,0,0,0,0,-95,43,-109,31,-104,31,-102,34,-107,31,-95,36,-104,31,-97,29,-97,31,-100,31,-104,29,-90,41,-82,21,-92,29,-92,36,-85,31,-82,31,-75,31,-58,31,-87,34,-73,39,-75,39,-73,34,-75,41,-68,41,-63,34,-70,41,-75,41,-68,34,-68,36,-70,36,-56,34,-63,31,-63,26,-61,36,-65,29,-68,36,-56,24,-63,26,-53,21,-56,21,-63,21,-53,14,-48,14,-43,9,-53,9,-48,4,-46,7,-43,2,-46,2,-39,0,-31,-2,-26,0,-31,-12,-26,-4,-21,-7,-19,-7,0,0,0,0,0,0,0,0,0,0]"""
1782313076483,2026-06-24T23:57:56.483,warning,bed_exit,yja,bed_exit_failed,t030,"CSI_DATA,334825,1a:00:00:00:00:00,-67,11,-99,15,51,11,-1284645370,47,2,256,0,""[0,0,0,0,0,0,0,0,0,0,0,0,10,-27,12,-35,10,-32,12,-35,12,-32,15,-30,20,-35,20,-32,20,-40,25,-32,27,-37,30,-42,32,-42,32,-42,37,-47,25,-47,25,-50,27,-50,37,-42,30,-42,35,-32,32,-62,45,-45,40,-52,40,-55,37,-52,37,-52,37,-57,27,-62,25,-65,22,-67,27,-65,30,-60,27,-67,32,-65,20,-65,20,-70,2,-67,12,-75,10,-72,17,-80,-7,-75,-15,-72,-2,-95,-2,-87,-5,-80,-12,-85,0,-92,-15,-92,-15,-102,-27,-97,-35,-100,-27,-90,-35,-97,-45,-97,-35,-108,-42,-102,0,0,0,0,0,0,-105,42,-105,55,-97,57,-97,45,-85,52,-87,52,-85,57,-87,65,-85,60,-80,50,-82,55,-77,42,-75,62,-82,55,-62,65,-62,62,-62,62,-57,62,-65,70,-35,70,-32,75,-45,72,-42,67,-45,72,-45,62,-40,77,-35,65,-27,67,-27,70,-25,62,-25,65,-30,70,-10,72,-7,65,-17,75,-20,75,-22,55,-20,62,-27,60,-15,60,-17,60,-7,57,-15,57,-15,50,-20,45,-2,50,-5,45,-17,50,-20,40,-10,32,-15,35,-17,27,-15,35,-15,27,-15,25,-15,25,-12,20,0,0,0,0,0,0,0,0,0,0]"""
1782313076493,2026-06-24T23:57:56.493,warning,bed_exit,yja,bed_exit_failed,t030,"CSI_DATA,334826,1a:00:00:00:00:00,-67,11,-99,20,50,11,-1284634130,47,2,256,0,""[0,0,0,0,0,0,0,0,0,0,0,0,-2,29,-2,29,-9,39,-7,29,-12,39,-19,29,-9,31,-17,48,-19,39,-21,41,-19,46,-26,36,-29,39,-26,36,-24,39,-43,48,-34,41,-39,51,-36,43,-43,39,-48,48,-36,36,-51,53,-43,46,-43,39,-51,43,-48,43,-34,43,-53,48,-39,36,-41,56,-46,36,-43,53,-46,53,-41,56,-46,58,-48,58,-51,58,-51,56,-39,63,-29,61,-53,75,-39,63,-31,75,-43,63,-39,100,-51,75,-36,90,-41,75,-41,90,-48,82,-48,80,-36,80,-56,112,-46,95,-39,80,-41,104,0,0,0,0,0,0,92,36,107,51,90,34,104,36,107,46,90,31,109,51,85,34,102,41,92,36,95,41,100,31,82,34,95,29,90,34,78,34,87,29,82,24,65,7,95,34,80,9,82,12,65,14,85,9,90,12,70,12,87,12,82,0,75,9,75,7,78,7,63,-7,80,19,68,4,70,2,61,14,75,7,63,12,63,2,58,17,68,19,61,12,56,19,48,24,51,12,53,21,43,17,41,14,34,19,43,17,31,19,31,9,26,17,26,21,21,14,14,21,12,17,0,0,0,0,0,0,0,0,0,0]"""
1782313076504,2026-06-24T23:57:56.504,warning,bed_exit,yja,bed_exit_failed,t030,"CSI_DATA,334827,1a:00:00:00:00:00,-67,11,-99,16,51,11,-1284623374,47,2,256,0,""[0,0,0,0,0,0,0,0,0,0,0,0,-2,-34,-2,-29,2,-36,4,-34,14,-36,2,-34,4,-34,4,-43,9,-41,14,-46,26,-39,21,-41,21,-46,31,-43,34,-36,46,-51,34,-36,53,-39,39,-36,34,-31,46,-34,43,-51,51,-48,56,-29,56,-41,46,-41,61,-34,51,-31,70,-29,58,-24,63,-24,46,-24,53,-31,53,-36,56,-41,61,-43,65,-43,58,-26,63,-41,80,-34,73,-34,75,-31,70,-24,80,-31,48,-31,68,-51,68,-51,63,-58,92,-51,87,-58,90,-31,92,-41,90,-41,97,-48,102,-21,95,-43,109,-34,0,0,0,0,0,0,-14,-102,-12,-124,-19,-87,-9,-107,-14,-119,2,-92,0,-119,0,-97,14,-114,-14,-82,-19,-85,-12,-100,-19,-97,-21,-107,4,-82,-9,-85,-9,-87,0,-85,4,-80,0,-92,-7,-75,9,-87,-4,-68,-4,-70,-4,-80,-9,-82,-12,-85,7,-75,-4,-78,-7,-78,7,-73,2,-68,12,-80,14,-63,19,-68,4,-51,4,-68,7,-65,2,-63,14,-63,19,-61,24,-48,19,-56,34,-56,29,-43,34,-43,31,-31,36,-36,17,-21,24,-31,29,-26,19,-26,29,-24,21,-14,29,-9,21,-9,21,-4,0,0,0,0,0,0,0,0,0,0]"""
1782313076515,2026-06-24T23:57:56.515,warning,bed_exit,yja,bed_exit_failed,t030,"CSI_DATA,334828,1a:00:00:00:00:00,-67,11,-99,20,50,11,-1284612182,47,2,256,0,""[0,0,0,0,0,0,0,0,0,0,0,0,-26,-2,-36,-4,-24,-2,-36,-7,-29,0,-48,-9,-46,-17,-29,-19,-41,-12,-29,-14,-48,-21,-48,-19,-51,-19,-46,-14,-56,-21,-39,-21,-58,-24,-46,-24,-63,-34,-53,-26,-36,-21,-53,-26,-39,-34,-63,-29,-61,-24,-58,-31,-53,-29,-65,-31,-41,-14,-70,-24,-58,-19,-87,-29,-63,-29,-65,-26,-65,-19,-63,-21,-58,-12,-80,-7,-73,0,-63,-2,-78,-7,-61,4,-87,9,-73,4,-119,2,-85,0,-90,14,-100,2,-80,7,-87,12,-104,36,-87,31,-109,34,-90,21,-97,41,-114,34,-95,34,0,0,0,0,0,0,43,112,31,75,51,126,34,102,29,68,48,117,41,68,51,112,36,63,51,117,46,95,34,87,43,75,34,65,61,82,58,70,56,65,48,61,56,73,43,46,63,65,53,48,78,70,63,58,53,51,53,48,46,41,70,39,63,39,65,43,58,39,68,48,51,24,68,29,58,26,82,46,53,41,56,31,53,39,48,31,46,26,61,26,48,24,36,21,43,34,36,19,48,29,31,21,43,39,26,26,21,26,17,26,21,19,14,19,17,24,19,17,14,19,0,0,0,0,0,0,0,0,0,0]"""
1782313076526,2026-06-24T23:57:56.526,warning,bed_exit,yja,bed_exit_failed,t030,"CSI_DATA,334829,1a:00:00:00:00:00,-67,11,-99,17,50,11,-1284601184,47,2,256,0,""[0,0,0,0,0,0,0,0,0,0,0,0,10,-26,18,-29,21,-29,18,-29,23,-29,29,-29,31,-21,37,-18,39,-29,39,-21,37,-23,42,-21,45,-23,45,-15,55,-21,47,-18,53,-26,61,-23,58,-21,55,-7,58,7,61,-21,63,-2,61,-13,63,-10,63,-5,66,-7,74,-5,61,-18,66,-21,69,-18,66,-18,63,-13,66,-10,71,-7,74,-18,71,-10,69,-15,66,-18,69,-21,71,-18,69,-39,74,-45,77,-31,87,-29,77,-26,82,-23,98,-18,85,-42,90,-34,79,-45,93,-50,93,-37,95,-37,93,-55,95,-45,101,-42,0,0,0,0,0,0,-39,-101,-42,-95,-37,-106,-37,-98,-29,-101,-31,-101,-39,-90,-47,-93,-34,-93,-34,-101,-26,-98,-10,-95,-37,-98,-21,-90,-18,-82,-18,-90,-26,-77,-26,-79,-26,-87,-42,-66,-42,-69,-37,-79,-34,-66,-31,-69,-18,-71,-39,-77,-21,-74,-37,-71,-26,-63,-29,-69,-29,-66,-23,-71,-47,-50,-42,-61,-29,-63,-31,-58,-18,-61,-18,-63,-13,-63,-13,-55,-13,-55,-15,-58,-7,-50,-13,-50,-5,-50,-13,-47,-10,-45,-2,-42,0,-42,5,-34,5,-37,10,-34,5,-31,7,-29,10,-23,10,-23,10,-18,0,0,0,0,0,0,0,0,0,0]"""
1782313076537,2026-06-24T23:57:56.537,warning,bed_exit,yja,bed_exit_failed,t030,"CSI_DATA,334830,1a:00:00:00:00:00,-67,11,-99,15,51,11,-1284590374,47,2,256,0,""[0,0,0,0,0,0,0,0,0,0,0,0,22,-15,35,-17,27,-7,37,-7,32,-15,45,-5,45,0,40,2,45,-2,37,7,47,-5,50,-5,52,0,52,2,60,10,45,2,65,5,50,2,67,15,70,17,60,12,62,20,52,22,65,10,62,15,65,12,60,12,67,17,55,5,70,12,62,10,77,20,67,32,65,15,67,27,62,17,62,2,72,-5,70,2,67,-2,77,17,67,-17,80,-17,82,2,110,-7,80,15,90,-5,100,20,80,2,92,-7,105,-27,87,-32,102,-15,100,-17,108,-27,115,-10,110,-5,0,0,0,0,0,0,-2,-120,-5,-95,-10,-128,-5,-110,-10,-90,-5,-115,-12,-85,-7,-108,-10,-90,-10,-110,5,-100,10,-85,-10,-95,5,-82,-17,-95,-20,-87,-17,-87,-15,-77,-10,-90,-25,-57,-32,-87,-27,-75,-22,-92,-7,-87,-7,-72,-15,-75,-20,-65,-32,-72,-30,-70,-27,-60,-22,-60,-20,-77,-25,-50,-30,-67,-27,-62,-27,-82,-5,-72,-12,-62,2,-65,-5,-57,-5,-57,-22,-57,-10,-57,-12,-42,7,-50,-15,-42,-10,-45,0,-42,2,-52,10,-37,5,-35,12,-32,10,-25,10,-30,5,-25,5,-20,7,-25,0,0,0,0,0,0,0,0,0,0]"""
1782313076551,2026-06-24T23:57:56.551,warning,bed_exit,yja,bed_exit_failed,t030,"CSI_DATA,334831,1a:00:00:00:00:00,-67,11,-99,19,50,11,-1284573556,47,2,256,0,""[0,0,0,0,0,0,0,0,0,0,0,0,30,10,25,12,32,10,25,12,35,22,35,12,32,17,30,17,42,20,37,30,32,37,37,32,37,30,35,37,32,40,37,42,35,37,30,52,40,35,40,47,40,55,42,47,40,47,30,55,32,52,35,57,30,62,27,60,35,57,32,52,30,65,42,45,45,52,55,50,47,52,52,52,47,57,42,65,52,55,50,60,45,55,62,60,57,57,55,62,55,47,65,50,70,50,75,50,82,45,85,50,77,65,85,62,80,62,95,62,72,67,77,55,82,60,0,0,0,0,0,0,80,-72,82,-82,67,-70,77,-75,70,-87,77,-65,75,-77,65,-67,80,-65,55,-80,57,-77,60,-72,57,-87,50,-77,65,-57,55,-70,50,-72,57,-65,55,-65,45,-77,42,-65,60,-67,25,-62,30,-70,40,-65,22,-80,35,-72,40,-62,35,-70,35,-67,40,-67,37,-65,32,-70,32,-57,45,-55,25,-62,32,-62,25,-57,25,-60,30,-60,35,-52,42,-40,32,-45,40,-42,37,-40,37,-37,32,-25,35,-30,27,-30,32,-25,25,-25,25,-22,25,-22,22,-20,30,-10,22,-5,25,-2,0,0,0,0,0,0,0,0,0,0]"""
1782313076561,2026-06-24T23:57:56.561,warning,bed_exit,yja,bed_exit_failed,t030,"CSI_DATA,334832,1a:00:00:00:00:00,-67,11,-99,16,51,11,-1284568374,47,2,256,0,""[0,0,0,0,0,0,0,0,0,0,0,0,21,24,14,24,17,34,12,29,7,36,17,29,17,31,14,41,17,43,9,48,0,41,2,48,4,51,-7,53,-9,46,-4,63,-7,53,-14,58,-14,48,-2,48,-7,53,-4,63,-9,73,-29,51,-21,58,-19,63,-26,56,-26,56,-29,65,-21,53,-36,65,-17,53,-19,58,-14,63,-12,65,-9,70,-26,78,-34,63,-14,70,-31,78,-24,65,-36,82,-31,70,-36,75,-14,65,-14,82,-17,80,-12,90,-19,95,-26,100,-36,73,-36,102,-39,92,-29,107,-56,87,-36,87,-34,97,0,0,0,0,0,0,85,48,100,65,75,46,87,58,104,61,73,61,90,75,78,53,78,73,68,41,82,39,87,43,87,41,92,48,68,56,73,41,78,43,68,58,61,48,80,53,68,41,70,61,53,34,63,29,75,36,73,29,80,39,56,51,63,36,65,34,63,46,56,43,65,48,46,43,51,56,41,36,51,34,51,36,51,34,51,41,46,51,31,43,39,39,31,48,21,41,21,43,17,39,19,46,14,29,14,31,12,34,17,34,12,31,4,34,-2,29,-2,26,-7,24,0,0,0,0,0,0,0,0,0,0]"""
1782313076572,2026-06-24T23:57:56.572,warning,bed_exit,yja,bed_exit_failed,t030,"CSI_DATA,334833,1a:00:00:00:00:00,-67,11,-99,16,51,11,-1284557374,47,2,256,0,""[0,0,0,0,0,0,0,0,0,0,0,0,-26,7,-39,4,-29,-2,-36,-2,-26,-4,-46,0,-39,-7,-39,-7,-46,-7,-31,-9,-39,-19,-46,-21,-43,-19,-46,-26,-53,-31,-39,-17,-53,-34,-34,-29,-53,-36,-53,-31,-43,-29,-56,-34,-36,-29,-36,-43,-46,-41,-43,-39,-41,-46,-56,-61,-39,-29,-53,-46,-39,-41,-56,-53,-48,-43,-53,-34,-51,-41,-61,-39,-53,-26,-58,-41,-61,-36,-53,-46,-63,-58,-51,-24,-78,-46,-43,-51,-90,-53,-70,-46,-82,-43,-78,-46,-78,-39,-68,-34,-82,-48,-90,-39,-100,-53,-78,-34,-78,-46,-107,-58,-78,-63,0,0,0,0,0,0,-78,90,-56,63,-75,95,-73,75,-46,70,-90,87,-51,56,-75,85,-61,53,-68,85,-61,82,-56,63,-48,90,-51,53,-61,65,-51,73,-48,70,-51,56,-65,73,-31,53,-51,75,-48,51,-48,75,-41,63,-41,61,-36,70,-31,56,-43,58,-36,65,-36,63,-36,58,-53,68,-24,51,-39,68,-41,43,-43,65,-36,48,-34,51,-41,48,-36,53,-29,41,-39,41,-36,43,-34,34,-46,31,-26,29,-39,29,-39,17,-43,29,-31,17,-31,21,-29,14,-31,12,-21,9,-29,0,-24,7,-26,2,0,0,0,0,0,0,0,0,0,0]"""
1782313076582,2026-06-24T23:57:56.582,warning,bed_exit,yja,bed_exit_failed,t030,"CSI_DATA,334834,1a:00:00:00:00:00,-67,11,-99,10,51,11,-1284546374,47,2,256,0,""[0,0,0,0,0,0,0,0,0,0,0,0,31,11,29,14,29,23,26,20,26,26,17,23,26,23,23,34,29,37,29,40,14,40,17,46,17,40,8,55,11,49,14,60,11,52,8,55,0,49,17,40,11,52,2,66,-5,66,-8,52,-14,63,-11,58,-17,66,-8,66,-20,66,-14,58,-17,66,-11,46,-5,55,-11,58,-11,66,-14,81,-23,72,-26,60,-29,66,-31,75,-23,72,-29,81,-26,75,-20,75,-26,60,-17,84,-17,78,-17,87,-34,89,-37,87,-40,63,-58,92,-46,95,-46,87,-60,84,-55,84,-43,87,0,0,0,0,0,0,89,63,87,84,60,55,84,66,87,87,60,75,69,84,63,69,63,84,43,69,49,58,63,72,66,78,58,81,40,63,43,84,37,72,40,84,46,75,46,81,43,66,43,69,29,60,37,52,46,72,49,69,43,72,23,63,26,72,29,66,26,75,31,69,26,75,17,63,20,63,8,49,20,58,11,58,14,63,17,66,2,66,-5,52,-17,55,-11,58,-5,55,-11,49,-14,46,-5,40,-11,26,-8,34,-17,34,-14,29,-17,23,-17,20,-17,14,-23,17,-20,11,0,0,0,0,0,0,0,0,0,0]"""
1782313076593,2026-06-24T23:57:56.593,warning,bed_exit,yja,bed_exit_failed,t030,"CSI_DATA,334835,1a:00:00:00:00:00,-67,11,-99,19,50,11,-1284534265,47,2,256,0,""[0,0,0,0,0,0,0,0,0,0,0,0,-10,-30,-7,-30,-7,-30,-7,-32,-7,-32,-5,-30,-7,-32,-5,-35,-10,-45,-7,-40,5,-40,2,-47,-2,-50,5,-55,2,-52,0,-60,2,-52,7,-57,7,-45,-10,-55,-12,-50,-5,-70,0,-62,12,-55,7,-67,2,-62,10,-72,2,-70,2,-70,0,-60,0,-70,-7,-57,-10,-55,-20,-57,-20,-60,-27,-75,-15,-75,-15,-70,-22,-70,-22,-70,-22,-72,-35,-75,-35,-75,-32,-80,-32,-65,-37,-65,-52,-72,-65,-62,-72,-72,-62,-80,-50,-72,-65,-92,-67,-80,-70,-82,-55,-85,-70,-67,-72,-72,0,0,0,0,0,0,-80,80,-85,80,-62,65,-75,77,-80,90,-80,67,-70,72,-60,67,-72,75,-52,67,-50,77,-47,82,-42,92,-47,82,-55,67,-47,80,-37,75,-47,75,-40,75,-35,82,-22,75,-32,80,-20,60,-10,75,-12,72,-7,85,-12,82,-25,67,-17,75,-10,75,-17,75,-12,77,-7,70,-5,62,-10,70,-2,55,2,57,5,62,-2,60,-5,72,-2,62,-15,55,-2,55,-10,52,-12,50,-7,47,-10,42,-12,42,-10,32,-5,32,-5,37,-2,30,-2,37,-12,30,-15,20,-12,22,-12,17,0,0,0,0,0,0,0,0,0,0]"""
1782313076604,2026-06-24T23:57:56.604,warning,bed_exit,yja,bed_exit_failed,t030,"CSI_DATA,334836,1a:00:00:00:00:00,-67,11,-99,16,51,11,-1284522506,47,2,256,0,""[0,0,0,0,0,0,0,0,0,0,0,0,12,-21,17,-29,14,-21,19,-29,19,-24,29,-34,31,-31,26,-26,36,-29,36,-12,36,-21,46,-19,46,-14,48,-14,56,-17,39,-19,53,-14,51,-17,65,-9,70,-7,53,-17,70,4,48,4,61,9,58,12,58,12,56,19,73,17,46,4,65,7,63,9,85,17,63,21,63,9,65,21,63,14,61,14,75,7,63,24,58,19,73,29,65,0,87,9,75,29,102,34,73,24,92,12,80,31,78,19,82,41,100,34,87,34,100,36,82,39,92,43,102,51,95,53,0,0,0,0,0,0,65,-95,58,-70,80,-95,61,-82,58,-61,75,-85,56,-63,80,-80,53,-61,80,-78,73,-73,61,-51,63,-65,65,-36,73,-53,75,-53,70,-43,73,-41,78,-51,48,-46,61,-56,51,-48,73,-51,68,-46,56,-39,63,-48,56,-26,68,-36,70,-31,61,-34,63,-24,68,-29,48,-29,63,-34,56,-24,80,-29,61,-14,58,-19,61,-7,58,-12,48,-9,56,-9,56,0,48,9,48,7,39,-4,46,0,43,4,51,12,29,17,36,12,26,19,24,17,21,17,21,17,17,14,14,19,0,0,0,0,0,0,0,0,0,0]"""
1782313076615,2026-06-24T23:57:56.615,warning,bed_exit,yja,bed_exit_failed,t030,"CSI_DATA,334837,1a:00:00:00:00:00,-67,11,-99,18,51,11,-1284513374,47,2,256,0,""[0,0,0,0,0,0,0,0,0,0,0,0,27,-11,23,-11,34,-11,29,-16,32,-9,32,-4,29,-9,36,-4,43,-13,43,-13,43,-4,52,-4,46,-2,52,0,50,-2,62,-9,48,-11,62,-4,46,0,46,-18,50,-20,59,-11,66,-9,59,4,57,2,62,-4,69,0,62,-11,66,-11,55,-13,69,-23,46,-16,55,-29,52,-27,59,-32,64,-36,73,-32,66,-27,59,-32,69,-46,59,-39,71,-52,59,-50,52,-62,50,-41,57,-64,55,-59,43,-76,52,-82,55,-82,50,-57,62,-78,55,-85,57,-92,64,-82,50,-73,41,-94,0,0,0,0,0,0,-101,-46,-108,-55,-69,-34,-101,-32,-119,-46,-89,-32,-101,-46,-82,-25,-96,-32,-73,-25,-80,-18,-94,-20,-94,-16,-99,-13,-80,-18,-89,-20,-80,-9,-87,-13,-73,0,-96,4,-71,11,-82,6,-59,13,-66,16,-76,25,-73,20,-85,20,-76,6,-73,11,-78,18,-76,16,-64,27,-73,27,-57,20,-62,32,-46,18,-57,34,-50,29,-57,32,-57,32,-57,23,-52,11,-50,18,-55,13,-43,20,-50,18,-39,16,-41,16,-27,6,-34,13,-29,11,-29,11,-27,11,-29,2,-32,2,-27,2,-18,0,0,0,0,0,0,0,0,0,0,0]"""
1782313076625,2026-06-24T23:57:56.625,warning,bed_exit,yja,bed_exit_failed,t030,"CSI_DATA,334838,1a:00:00:00:00:00,-67,11,-99,15,51,11,-1284502374,47,2,256,0,""[0,0,0,0,0,0,0,0,0,0,0,0,17,20,20,27,12,32,20,30,15,27,10,37,12,37,17,42,7,42,12,40,10,50,10,47,7,50,7,42,5,47,0,62,0,60,-2,57,0,60,-2,55,-5,55,-10,50,-7,62,-5,65,-7,60,-7,60,-10,62,-5,57,-15,67,-7,65,-2,57,-12,67,0,70,-2,67,2,70,-5,62,-2,67,2,80,-5,75,2,72,10,72,-2,80,5,82,20,67,5,90,27,92,10,87,20,97,12,82,22,77,12,87,10,92,20,102,22,108,15,105,22,108,12,105,0,0,0,0,0,0,102,-15,97,-20,108,-22,105,-25,97,-15,108,-20,102,-12,110,-15,90,-22,110,-15,100,-20,97,-25,90,-5,85,-22,90,-25,85,-22,75,-22,77,-20,70,-25,80,-20,87,-27,72,-30,82,-25,72,-32,72,-35,62,-20,65,-35,72,-37,65,-30,67,-30,62,-27,62,-32,65,-17,65,-30,60,-27,70,-22,60,-27,57,-22,62,-25,55,-15,52,-17,57,-20,57,-10,47,-12,50,-15,45,0,50,-2,37,-7,42,2,42,-2,35,5,32,2,27,7,22,7,25,7,20,7,20,5,0,0,0,0,0,0,0,0,0,0]"""
1782313076635,2026-06-24T23:57:56.635,warning,bed_exit,yja,bed_exit_failed,t030,"CSI_DATA,334839,1a:00:00:00:00:00,-67,11,-99,20,50,11,-1284489705,47,2,256,0,""[0,0,0,0,0,0,0,0,0,0,0,0,-26,9,-29,7,-29,7,-31,12,-34,12,-36,9,-39,2,-39,-4,-46,7,-43,0,-46,0,-48,-4,-48,0,-51,0,-58,-2,-53,0,-53,0,-53,2,-53,4,-65,0,-61,-4,-63,0,-61,-9,-56,2,-65,-4,-58,-2,-63,-2,-68,-2,-58,14,-63,17,-63,2,-68,12,-63,7,-65,12,-70,7,-68,17,-68,17,-58,29,-61,31,-63,34,-70,29,-56,46,-58,53,-63,48,-70,43,-68,36,-70,51,-78,46,-68,65,-73,63,-56,73,-58,80,-73,82,-63,75,-46,90,-65,82,-63,82,0,0,0,0,0,0,92,61,87,61,87,53,95,65,87,61,90,53,87,43,97,43,92,41,82,48,87,48,78,48,100,29,82,41,82,26,85,31,82,17,82,19,82,24,78,0,85,-4,82,7,75,4,73,2,70,7,82,-7,70,0,73,-14,73,-9,65,-4,70,-7,78,-2,61,-29,63,-26,70,-14,65,-21,61,-7,58,-14,65,-9,65,-14,61,-7,51,-12,51,-12,48,-17,51,-9,41,-17,43,-14,46,-9,41,0,31,0,41,0,31,7,31,2,31,4,21,4,21,2,21,2,0,0,0,0,0,0,0,0,0,0]"""
1782313076645,2026-06-24T23:57:56.645,warning,bed_exit,yja,bed_exit_failed,t030,"CSI_DATA,334840,1a:00:00:00:00:00,-67,11,-99,17,51,11,-1284480374,47,2,256,0,""[0,0,0,0,0,0,0,0,0,0,0,0,33,4,23,7,33,11,26,11,37,18,30,16,37,23,37,23,28,26,35,30,35,33,30,33,30,28,30,37,26,28,30,52,28,45,33,59,26,52,23,49,18,47,26,49,23,64,23,61,16,54,16,64,21,59,21,49,14,71,14,52,21,71,16,56,28,71,21,64,23,61,18,61,16,68,21,73,16,71,16,64,23,56,23,85,21,68,30,75,21,75,37,90,23,80,35,82,26,80,33,90,28,87,21,82,26,82,28,120,18,99,23,87,30,101,0,0,0,0,0,0,90,-23,111,-21,94,-21,111,-23,111,-16,94,-4,111,-9,85,-4,106,-11,94,-4,101,-7,92,-9,80,0,94,-7,97,-7,85,-4,82,-4,78,-2,66,-9,92,-2,71,-4,90,-11,73,-9,78,-7,73,-14,66,-2,80,-7,75,-7,68,0,73,-7,71,-4,54,-4,78,4,59,0,75,-4,61,7,75,0,61,4,64,4,54,14,64,14,59,14,49,16,47,16,40,9,47,21,37,18,40,16,30,18,37,18,26,21,23,23,21,21,21,23,18,23,11,18,11,18,0,0,0,0,0,0,0,0,0,0]"""
1782313076656,2026-06-24T23:57:56.656,warning,bed_exit,yja,bed_exit_failed,t030,"CSI_DATA,334841,1a:00:00:00:00:00,-67,11,-99,16,51,11,-1284469374,47,2,256,0,""[0,0,0,0,0,0,0,0,0,0,0,0,26,-14,21,-14,34,-17,26,-17,36,-17,31,-9,29,-9,53,-14,39,-12,46,-14,43,-9,48,-9,46,-7,48,-14,41,-12,65,-12,48,-9,61,-9,51,-2,41,-12,53,-12,56,-12,70,-9,58,-12,58,0,61,-4,63,-12,53,-19,75,-17,53,-14,65,-24,48,-14,61,-34,56,-17,65,-31,58,-31,73,-36,61,-31,61,-29,61,-41,46,-48,75,-53,58,-46,46,-63,46,-41,53,-82,58,-63,51,-70,51,-75,58,-80,58,-68,61,-75,46,-78,58,-100,56,-80,41,-75,41,-87,0,0,0,0,0,0,-95,-36,-114,-39,-75,-34,-102,-21,-117,-48,-82,-24,-114,-31,-82,-21,-104,-24,-82,-24,-90,-17,-100,-19,-82,-17,-104,-7,-85,-12,-87,-9,-87,-4,-82,-2,-63,4,-97,4,-70,9,-85,12,-61,9,-70,21,-75,12,-70,24,-82,21,-70,19,-65,14,-70,24,-73,31,-53,29,-78,26,-53,21,-58,36,-48,19,-61,34,-58,21,-51,34,-53,29,-61,24,-48,17,-53,12,-51,19,-39,19,-51,17,-36,9,-39,21,-34,7,-36,12,-34,7,-34,9,-29,7,-34,9,-21,2,-21,-2,-17,-2,0,0,0,0,0,0,0,0,0,0]"""
1782313076666,2026-06-24T23:57:56.666,warning,bed_exit,yja,bed_exit_failed,t030,"CSI_DATA,334842,1a:00:00:00:00:00,-67,11,-99,16,51,11,-1284458374,47,2,256,0,""[0,0,0,0,0,0,0,0,0,0,0,0,-17,29,-12,21,-21,29,-19,26,-26,24,-24,19,-21,24,-34,31,-36,21,-36,29,-36,29,-43,21,-36,26,-46,21,-36,21,-56,26,-51,24,-61,21,-46,9,-41,24,-51,21,-58,14,-70,24,-48,19,-58,14,-61,17,-68,21,-53,24,-65,12,-61,14,-68,19,-39,14,-53,21,-63,24,-63,34,-68,24,-73,26,-65,26,-73,24,-68,36,-61,41,-85,34,-65,29,-58,48,-48,29,-75,48,-73,26,-58,53,-80,51,-85,53,-58,36,-82,48,-87,51,-87,65,-78,53,-80,46,-80,63,0,0,0,0,0,0,58,78,63,102,46,65,63,87,70,104,43,75,61,97,48,70,56,90,39,70,43,68,53,85,51,82,65,78,46,63,46,73,56,68,58,70,48,56,61,78,51,56,56,63,39,43,48,46,51,56,51,56,65,58,51,48,51,53,51,51,58,56,51,43,56,58,46,51,48,46,29,34,46,36,31,46,41,41,46,46,34,53,26,46,26,48,29,46,31,39,21,48,17,39,24,34,9,26,19,39,4,31,12,29,2,29,4,31,0,26,-2,21,0,17,0,0,0,0,0,0,0,0,0,0]"""
1782313076678,2026-06-24T23:57:56.678,warning,bed_exit,yja,bed_exit_failed,t030,"CSI_DATA,334843,1a:00:00:00:00:00,-67,11,-99,17,51,11,-1284447347,47,2,256,0,""[0,0,0,0,0,0,0,0,0,0,0,0,-28,-2,-28,-7,-35,-14,-30,-9,-35,-18,-30,-11,-33,-16,-40,-11,-28,-23,-45,-16,-37,-16,-37,-18,-42,-23,-37,-28,-37,-23,-40,-42,-30,-33,-40,-40,-37,-37,-45,-40,-59,-40,-28,-42,-52,-40,-47,-35,-45,-35,-47,-37,-45,-37,-37,-35,-47,-56,-45,-47,-45,-47,-37,-40,-54,-47,-47,-42,-52,-37,-52,-35,-59,-37,-56,-35,-68,-33,-71,-35,-64,-28,-73,-49,-61,-40,-73,-30,-56,-23,-85,-30,-73,-37,-78,-18,-87,-37,-92,-23,-87,-30,-85,-23,-80,-28,-104,-26,-97,-30,-85,-30,-106,-23,0,0,0,0,0,0,-30,94,-30,109,-28,90,-35,99,-23,111,-28,85,-40,113,-26,85,-33,104,-16,87,-26,82,-9,99,-23,82,-4,99,-7,87,4,75,4,87,0,87,0,68,-7,97,-7,64,2,82,2,73,-2,82,11,78,-2,68,21,82,16,73,18,66,21,68,21,68,16,56,2,87,0,61,9,61,9,56,11,75,4,66,11,61,4,56,14,54,4,54,7,52,4,56,2,45,-7,49,-9,40,-4,37,0,26,-2,40,-7,30,-2,33,-9,30,-11,33,-7,26,-7,18,-7,18,0,0,0,0,0,0,0,0,0,0]"""
1782313076689,2026-06-24T23:57:56.689,warning,bed_exit,yja,bed_exit_failed,t030,"CSI_DATA,334844,1a:00:00:00:00:00,-67,11,-99,18,51,11,-1284435416,47,2,256,0,""[0,0,0,0,0,0,0,0,0,0,0,0,-23,-6,-27,-6,-27,-13,-29,-11,-32,-13,-34,-20,-29,-23,-36,-16,-29,-23,-36,-25,-41,-25,-36,-23,-43,-25,-36,-27,-36,-23,-36,-29,-41,-34,-48,-32,-48,-36,-50,-43,-59,-43,-39,-32,-52,-34,-57,-29,-52,-32,-50,-27,-48,-29,-46,-25,-57,-34,-55,-34,-57,-27,-62,-25,-71,-32,-66,-20,-62,-23,-55,-23,-66,-23,-64,-13,-71,-9,-64,-4,-66,-2,-73,-11,-73,-6,-76,4,-80,0,-92,2,-85,2,-82,11,-78,6,-87,16,-101,20,-80,11,-78,18,-101,23,-103,29,-92,25,-112,29,0,0,0,0,0,0,34,96,39,89,41,103,34,96,36,92,41,89,43,96,43,92,55,82,46,89,48,85,52,73,41,71,52,73,64,71,55,62,62,59,52,52,57,43,59,59,55,57,62,41,62,48,69,50,71,36,57,39,62,34,76,29,66,27,62,25,59,25,52,18,71,32,62,25,57,20,64,27,71,25,55,20,64,20,43,23,52,18,55,18,50,23,46,16,43,16,36,23,36,18,41,13,36,18,34,18,27,16,27,16,23,16,25,13,23,20,18,13,18,18,0,0,0,0,0,0,0,0,0,0]"""
1782313076701,2026-06-24T23:57:56.701,warning,bed_exit,yja,bed_exit_failed,t030,"CSI_DATA,334845,1a:00:00:00:00:00,-67,11,-99,2,51,11,-1284425374,47,2,256,0,""[0,0,0,0,0,0,0,0,0,0,0,0,3,-32,0,-36,-3,-29,3,-25,-10,-43,0,-32,3,-40,0,-40,3,-43,14,-43,18,-40,29,-47,21,-47,14,-51,10,-43,36,-54,32,-47,25,-51,25,-29,14,-54,25,-51,29,-47,43,-58,40,-51,43,-47,40,-47,40,-51,25,-51,51,-58,36,-43,36,-47,36,-32,25,-62,40,-51,25,-51,40,-58,43,-54,47,-51,51,-54,47,-65,32,-62,51,-65,43,-58,21,-73,29,-54,40,-87,40,-62,25,-87,40,-76,36,-83,40,-73,51,-73,47,-69,54,-94,51,-87,47,-91,47,-87,0,0,0,0,0,0,-83,-43,-105,-62,-65,-47,-94,-51,-102,-65,-73,-47,-94,-69,-76,-47,-83,-62,-69,-58,-69,-43,-83,-54,-73,-54,-87,-51,-73,-47,-62,-51,-65,-43,-69,-40,-54,-32,-80,-54,-62,-36,-76,-40,-51,-32,-54,-32,-76,-36,-58,-32,-73,-36,-58,-36,-58,-32,-58,-40,-62,-40,-51,-25,-65,-40,-54,-32,-58,-36,-43,-29,-58,-25,-51,-36,-54,-40,-47,-32,-43,-43,-36,-43,-36,-43,-36,-40,-32,-29,-29,-47,-21,-36,-25,-32,-7,-29,-21,-25,-14,-32,-14,-25,-14,-25,-7,-25,3,-29,-3,-29,3,-25,0,0,0,0,0,0,0,0,0,0]"""
1782313076711,2026-06-24T23:57:56.711,warning,bed_exit,yja,bed_exit_failed,t030,"CSI_DATA,334846,1a:00:00:00:00:00,-67,11,-99,17,51,11,-1284414374,47,2,256,0,""[0,0,0,0,0,0,0,0,0,0,0,0,18,26,14,18,16,33,14,30,14,33,9,37,14,40,18,45,7,35,18,42,11,40,18,40,14,47,9,45,9,45,-2,56,4,54,0,52,-2,52,4,49,4,56,-9,52,-2,61,0,61,2,56,-7,64,-7,61,0,54,-16,66,-14,61,-9,66,-9,56,-2,68,-7,68,9,64,-2,61,2,68,2,75,7,75,9,71,9,68,-9,82,-7,78,14,68,9,73,21,97,9,80,26,78,11,94,23,80,18,85,14,85,14,92,14,106,16,94,14,94,23,92,0,0,0,0,0,0,97,-23,106,-18,101,-14,97,-11,106,-18,92,-7,109,-7,90,-9,97,-9,99,-14,90,-16,92,-28,85,-4,87,-30,80,-28,73,-28,73,-33,73,-23,68,-28,87,-11,80,-21,75,-18,73,-21,68,-26,68,-40,61,-21,68,-37,64,-30,64,-28,64,-33,66,-30,56,-35,73,-21,61,-16,56,-21,56,-18,61,-26,59,-18,49,-21,54,-16,54,-16,54,-14,52,-14,49,-11,47,-11,47,2,42,2,35,-7,30,0,40,-2,35,7,28,-2,30,7,30,4,23,2,16,7,16,9,0,0,0,0,0,0,0,0,0,0]"""
1782313076722,2026-06-24T23:57:56.722,warning,bed_exit,yja,bed_exit_failed,t030,"CSI_DATA,334847,1a:00:00:00:00:00,-67,11,-99,16,51,11,-1284403374,47,2,256,0,""[0,0,0,0,0,0,0,0,0,0,0,0,-19,-9,-26,-17,-21,-17,-36,-17,-26,-17,-29,-26,-29,-34,-29,-24,-17,-34,-31,-24,-39,-29,-31,-31,-34,-29,-31,-29,-31,-41,-26,-41,-31,-51,-24,-39,-31,-56,-26,-48,-19,-39,-24,-46,-29,-43,-41,-43,-41,-51,-39,-48,-31,-56,-41,-53,-17,-46,-39,-58,-36,-61,-39,-70,-34,-73,-14,-58,-36,-61,-39,-75,-24,-24,-61,-51,-24,-41,-36,-43,-63,-26,-36,-46,-78,-63,-56,-53,-51,-87,-58,-65,-48,-31,-56,-43,-39,-41,-100,-41,-75,-43,-78,-12,-63,-41,-80,-61,-70,-41,-97,-68,-92,-63,0,0,0,0,0,0,-51,87,-41,73,-51,95,-65,82,-43,70,-48,95,-43,70,-51,95,-39,75,-61,97,-58,85,-48,82,-48,73,-31,75,-36,92,-21,82,-17,78,-19,70,-24,73,-21,68,-26,80,-19,73,-24,82,-31,75,-19,73,-19,65,-12,61,2,75,2,70,0,70,-4,63,-9,68,-9,61,-7,70,-7,58,-14,70,-17,68,-12,56,-14,61,-14,48,-7,46,-4,58,-4,56,-7,46,-12,48,-14,39,-14,46,-4,36,-14,41,-19,29,-12,29,-17,24,-17,19,-9,26,-17,24,-17,19,-14,14,0,0,0,0,0,0,0,0,0,0]"""
1782313076733,2026-06-24T23:57:56.733,warning,bed_exit,yja,bed_exit_failed,t030,"CSI_DATA,334848,1a:00:00:00:00:00,-67,11,-99,22,50,11,-1284391628,47,2,256,0,""[0,0,0,0,0,0,0,0,0,0,0,0,-4,29,-9,39,-9,29,-9,32,-13,25,-11,36,-11,39,-16,34,-16,46,-18,34,-20,36,-20,43,-20,46,-27,46,-36,52,-20,39,-29,48,-29,43,-29,50,-27,52,-25,55,-29,55,-20,46,-32,48,-29,52,-20,55,-32,50,-36,64,-25,41,-29,62,-29,48,-25,64,-27,55,-11,64,-16,64,-11,69,-6,62,-13,66,0,71,-9,71,-11,80,4,64,6,78,-6,80,16,89,2,71,25,87,16,82,25,89,23,85,25,89,36,89,36,105,29,73,27,96,39,110,34,99,0,0,0,0,0,0,112,-29,96,-29,105,-36,101,-32,80,-39,101,-36,80,-36,99,-39,85,-29,85,-50,71,-46,73,-43,78,-66,64,-48,71,-46,64,-59,57,-59,62,-55,73,-59,36,-57,52,-64,50,-50,52,-62,46,-55,36,-59,39,-71,29,-62,32,-59,29,-64,25,-64,27,-59,39,-76,23,-52,27,-69,25,-50,27,-69,25,-50,18,-62,25,-55,20,-59,13,-48,25,-52,11,-50,20,-48,25,-50,13,-39,13,-46,20,-27,18,-39,13,-27,13,-29,11,-23,18,-27,9,-18,18,-18,18,-20,16,-13,0,0,0,0,0,0,0,0,0,0]"""
1782313076746,2026-06-24T23:57:56.746,warning,bed_exit,yja,bed_exit_failed,t030,"CSI_DATA,334849,1a:00:00:00:00:00,-67,11,-99,18,51,11,-1284379053,47,2,256,0,""[0,0,0,0,0,0,0,0,0,0,0,0,-6,27,-11,27,-9,25,-20,32,-13,25,-23,34,-32,27,-23,29,-25,23,-27,25,-34,32,-34,32,-36,34,-36,29,-43,27,-39,18,-50,23,-46,16,-66,25,-55,11,-46,9,-50,13,-50,16,-62,23,-57,18,-62,13,-55,9,-62,9,-52,4,-64,9,-57,6,-73,6,-69,4,-66,4,-64,9,-62,2,-59,9,-73,16,-71,18,-64,13,-71,18,-64,9,-78,16,-69,16,-94,16,-87,2,-85,11,-82,2,-78,11,-80,20,-96,25,-85,11,-101,11,-94,6,-103,18,-101,11,-103,6,0,0,0,0,0,0,0,105,-6,87,-2,117,-16,103,-4,82,-11,112,-6,92,-20,105,-6,82,-27,112,-29,96,-20,87,-23,80,-13,80,-4,89,-9,85,-2,85,-6,76,-13,76,-18,66,-18,82,-6,66,-13,89,-18,82,-16,71,-13,64,-13,57,-4,80,-9,69,-9,69,-16,62,-18,69,-13,55,-18,69,-20,59,-27,76,-25,59,-29,55,-29,55,-27,41,-18,41,-25,48,-20,48,-18,36,-25,34,-27,29,-32,34,-25,29,-32,29,-32,18,-29,16,-23,13,-25,11,-16,11,-29,9,-23,6,-16,4,0,0,0,0,0,0,0,0,0,0]"""
1782313076759,2026-06-24T23:57:56.759,warning,bed_exit,yja,bed_exit_failed,t030,"CSI_DATA,334850,1a:00:00:00:00:00,-68,11,-99,18,51,11,-1284367485,47,2,256,0,""[0,0,0,0,0,0,0,0,0,0,0,0,-18,13,-29,18,-20,11,-36,16,-25,11,-46,9,-46,6,-32,4,-34,2,-32,-9,-46,-6,-43,-6,-48,-11,-41,-13,-55,-18,-29,-11,-55,-16,-32,-13,-66,-46,-41,-34,-27,-32,-41,-36,-27,-29,-46,-50,-41,-46,-34,-43,-34,-43,-39,-52,-27,-29,-46,-57,-32,-39,-50,-73,-36,-64,-36,-55,-29,-57,-20,-48,-27,-46,-41,-59,-34,-57,-27,-46,-29,-71,-34,-41,-46,-71,-25,-59,-41,-110,-25,-78,-39,-73,-18,-76,-27,-66,-23,-73,-39,-101,-27,-78,-27,-99,-11,-78,-27,-94,-27,-122,-4,-96,0,0,0,0,0,0,-115,4,-73,-2,-145,-11,-89,-11,-55,-13,-115,-23,-66,-9,-117,-20,-69,-4,-119,-32,-92,-25,-69,-25,-71,-23,-62,-25,-85,-29,-82,-25,-82,-34,-64,-27,-87,-41,-50,-18,-76,-32,-50,-25,-92,-48,-69,-41,-55,-36,-62,-36,-41,-27,-69,-36,-57,-41,-52,-36,-43,-34,-55,-50,-41,-27,-62,-43,-41,-27,-64,-69,-34,-52,-34,-48,-27,-50,-25,-46,-20,-36,-32,-46,-25,-48,-11,-34,-13,-46,-18,-29,-16,-41,-4,-29,-4,-52,6,-32,4,-34,16,-25,6,-20,13,-23,6,-27,6,-18,13,-16,0,0,0,0,0,0,0,0,0,0]"""
1782313076769,2026-06-24T23:57:56.769,warning,bed_exit,yja,bed_exit_failed,t030,"CSI_DATA,334851,1a:00:00:00:00:00,-67,11,-99,19,51,11,-1284359374,47,2,256,0,""[0,0,0,0,0,0,0,0,0,0,0,0,-11,-26,-11,-24,-8,-29,-6,-29,-4,-35,-4,-35,-4,-42,-8,-47,0,-35,-11,-40,-6,-42,-6,-44,-6,-47,-2,-44,-2,-40,6,-60,8,-53,11,-49,11,-51,2,-58,-8,-67,11,-53,2,-64,6,-60,6,-55,4,-60,11,-58,11,-51,13,-62,13,-60,13,-62,8,-55,2,-73,2,-67,-4,-64,13,-60,-6,-71,2,-71,-8,-71,-13,-67,-13,-69,6,-82,0,-78,-13,-69,-6,-67,-22,-87,-8,-82,-38,-73,-17,-82,-33,-80,-26,-87,-20,-85,-24,-87,-29,-98,-26,-96,-31,-87,-29,-94,0,0,0,0,0,0,-94,26,-105,31,-89,42,-91,22,-98,33,-87,20,-105,31,-91,22,-100,31,-91,31,-91,31,-80,47,-78,22,-76,51,-76,42,-67,38,-69,47,-64,42,-55,40,-85,35,-67,31,-67,35,-55,40,-67,38,-60,51,-53,38,-58,53,-53,55,-51,55,-47,51,-49,44,-38,40,-67,40,-58,42,-51,33,-40,40,-51,47,-49,42,-40,47,-47,33,-47,35,-44,33,-42,33,-42,26,-33,29,-49,15,-42,13,-35,22,-31,11,-38,22,-29,13,-29,8,-26,8,-29,8,-22,2,-17,0,-20,0,0,0,0,0,0,0,0,0,0,0]"""
1782313076780,2026-06-24T23:57:56.780,warning,bed_exit,yja,bed_exit_failed,t030,"CSI_DATA,334852,1a:00:00:00:00:00,-67,11,-99,18,51,11,-1284348374,47,2,256,0,""[0,0,0,0,0,0,0,0,0,0,0,0,13,-20,20,-23,13,-16,27,-20,16,-25,32,-29,29,-25,27,-20,34,-29,27,-16,39,-20,43,-18,39,-20,36,-23,52,-27,32,-23,48,-29,43,-23,62,-32,50,-25,43,-13,46,-34,46,-11,57,-27,59,-29,57,-25,52,-23,62,-27,36,-29,50,-41,48,-27,64,-48,52,-36,55,-34,52,-46,50,-34,41,-36,43,-46,48,-46,39,-43,50,-50,32,-52,39,-66,46,-59,64,-89,43,-52,39,-71,55,-59,32,-69,39,-73,36,-94,36,-78,43,-92,48,-82,25,-89,36,-105,34,-101,0,0,0,0,0,0,-105,-36,-80,-20,-117,-32,-89,-32,-66,-27,-101,-36,-76,-16,-108,-25,-76,-18,-103,-34,-94,-25,-76,-27,-85,-16,-71,-23,-82,-18,-82,-13,-85,-4,-76,-6,-87,-9,-62,9,-80,6,-66,2,-96,2,-85,9,-64,6,-71,6,-57,0,-69,13,-66,11,-64,4,-57,2,-78,2,-46,18,-62,20,-59,16,-85,25,-64,9,-55,18,-62,4,-48,2,-50,9,-57,20,-48,9,-36,6,-48,2,-34,9,-46,16,-39,0,-50,0,-29,-2,-36,-2,-27,-6,-27,2,-25,-9,-25,0,-20,-6,-18,-9,0,0,0,0,0,0,0,0,0,0]"""
1782313076790,2026-06-24T23:57:56.790,warning,bed_exit,yja,bed_exit_failed,t030,"CSI_DATA,334853,1a:00:00:00:00:00,-68,11,-99,18,51,11,-1284335326,47,2,256,0,""[0,0,0,0,0,0,0,0,0,0,0,0,11,25,11,25,16,36,11,25,9,34,2,32,11,32,11,46,2,36,11,50,9,41,4,39,0,39,0,55,6,41,-4,55,4,48,2,57,-6,50,-4,48,-9,59,0,52,-2,62,-6,59,-11,57,-9,59,-4,62,0,48,-6,71,0,59,0,62,-11,52,13,69,0,69,11,66,6,57,6,69,4,64,4,73,16,76,23,64,11,82,16,71,32,66,16,57,41,71,25,76,36,69,36,87,39,80,29,89,27,82,34,73,48,96,39,94,39,82,55,94,0,0,0,0,0,0,87,-48,103,-57,73,-41,78,-59,103,-59,66,-41,101,-57,76,-46,89,-59,71,-41,69,-46,76,-57,71,-48,76,-59,62,-48,69,-41,69,-50,64,-55,46,-43,62,-59,50,-50,55,-62,46,-48,43,-52,50,-66,43,-52,52,-62,50,-55,48,-50,43,-59,41,-55,25,-52,50,-64,41,-52,32,-52,36,-36,29,-62,41,-48,32,-50,32,-46,32,-46,34,-36,41,-32,39,-39,27,-36,36,-34,29,-20,25,-32,16,-16,27,-25,23,-16,25,-23,27,-16,20,-13,25,-11,18,-6,18,-2,0,0,0,0,0,0,0,0,0,0]"""
1782313076802,2026-06-24T23:57:56.802,warning,bed_exit,yja,bed_exit_failed,t030,"CSI_DATA,334854,1a:00:00:00:00:00,-68,11,-99,18,51,11,-1284324573,47,2,256,0,""[0,0,0,0,0,0,0,0,0,0,0,0,-2,-34,2,-27,4,-36,6,-32,9,-36,11,-27,6,-29,13,-41,18,-34,20,-46,20,-34,23,-39,29,-39,32,-41,29,-34,46,-48,39,-29,50,-41,32,-27,39,-25,57,-32,39,-34,57,-43,46,-29,50,-29,48,-36,52,-32,46,-32,66,-27,48,-20,57,-27,36,-20,46,-36,50,-29,50,-34,62,-36,66,-32,62,-27,59,-32,71,-39,55,-36,73,-29,66,-25,59,-50,43,-23,66,-52,66,-36,59,-62,82,-50,80,-57,69,-32,85,-43,80,-39,92,-52,92,-39,76,-39,87,-43,0,0,0,0,0,0,-34,-89,-46,-108,-27,-66,-36,-89,-46,-119,-25,-85,-32,-103,-27,-82,-25,-105,-20,-80,-20,-78,-34,-94,-23,-82,-39,-94,-18,-78,-16,-80,-20,-78,-20,-78,-20,-66,-25,-94,-23,-64,-20,-82,-16,-52,-27,-59,-25,-69,-20,-69,-29,-78,-13,-59,-16,-66,-20,-71,-20,-73,-25,-62,-9,-76,-6,-57,-9,-64,-4,-48,-11,-57,-6,-52,-13,-55,-2,-64,2,-62,13,-50,6,-52,2,-52,2,-48,16,-50,16,-32,9,-36,9,-25,11,-36,11,-29,11,-32,18,-27,16,-23,16,-18,20,-16,11,-9,0,0,0,0,0,0,0,0,0,0]"""
1782313076813,2026-06-24T23:57:56.813,warning,bed_exit,yja,bed_exit_failed,t030,"CSI_DATA,334855,1a:00:00:00:00:00,-68,11,-99,17,51,11,-1284314106,47,2,256,0,""[0,0,0,0,0,0,0,0,0,0,0,0,23,4,26,4,35,14,28,9,33,11,33,16,37,16,35,18,30,14,40,21,42,26,30,18,37,26,37,26,33,26,40,30,40,28,52,30,52,30,42,42,49,40,37,33,49,40,54,37,47,35,45,35,47,35,40,26,49,35,54,28,52,26,54,35,66,33,64,21,61,28,49,23,59,21,66,23,61,23,66,18,56,11,66,14,61,11,80,9,82,14,90,2,80,0,78,-2,82,2,94,2,101,-7,68,2,73,-2,109,-7,94,0,82,-9,109,-16,0,0,0,0,0,0,-26,-99,-21,-101,-23,-104,-21,-101,-18,-92,-18,-78,-26,-104,-18,-90,-33,-92,-21,-92,-35,-92,-35,-82,-23,-68,-35,-87,-37,-85,-33,-68,-35,-75,-40,-66,-37,-56,-40,-73,-40,-61,-49,-64,-47,-59,-54,-61,-56,-56,-40,-49,-52,-54,-56,-59,-49,-49,-52,-40,-47,-40,-40,-30,-54,-49,-49,-45,-47,-42,-52,-40,-59,-47,-45,-37,-42,-35,-37,-30,-40,-35,-45,-40,-33,-37,-33,-33,-26,-26,-35,-35,-21,-26,-30,-23,-23,-28,-26,-28,-18,-23,-21,-21,-18,-21,-11,-21,-14,-23,-7,-11,-7,-18,0,0,0,0,0,0,0,0,0,0]"""
1782313076824,2026-06-24T23:57:56.824,warning,bed_exit,yja,bed_exit_failed,t030,"CSI_DATA,334856,1a:00:00:00:00:00,-68,11,-99,17,51,11,-1284304049,47,2,256,0,""[0,0,0,0,0,0,0,0,0,0,0,0,-26,-9,-23,-16,-23,-14,-26,-18,-28,-21,-23,-30,-21,-30,-11,-28,-23,-35,-21,-33,-18,-35,-18,-42,-18,-42,-14,-45,-18,-56,-16,-42,-18,-42,-14,-52,-9,-56,0,-52,0,-49,-14,-64,7,-59,-2,-61,2,-61,-2,-56,4,-59,7,-56,-7,-54,-9,-61,-2,-66,-2,-66,-2,-54,0,-68,2,-66,2,-59,2,-66,-9,-61,-9,-66,0,-71,-2,-73,-18,-66,-11,-75,-7,-80,-9,-78,-7,-68,-9,-80,4,-80,-14,-87,-9,-97,-9,-92,-16,-87,-9,-90,-4,-92,-14,-94,-7,-101,4,-101,0,0,0,0,0,0,-111,0,-101,-4,-101,-7,-90,-4,-90,-14,-101,-16,-90,-4,-94,-7,-92,-9,-90,-16,-87,-18,-78,-21,-90,-11,-82,-21,-78,-16,-85,-18,-80,-11,-73,-9,-80,-16,-73,2,-73,2,-78,-9,-78,-9,-80,-7,-68,-21,-80,-9,-66,-16,-68,-7,-71,-14,-68,-14,-64,-9,-73,-18,-66,-2,-66,2,-61,-16,-68,-18,-59,-14,-49,-14,-56,-26,-54,-21,-47,-23,-49,-16,-42,-18,-40,-18,-40,-26,-37,-14,-40,-18,-33,-28,-30,-23,-18,-23,-23,-23,-14,-26,-18,-26,-11,-23,-11,-18,-9,-18,-7,-18,0,0,0,0,0,0,0,0,0,0]"""
1782313076840,2026-06-24T23:57:56.840,warning,bed_exit,yja,bed_exit_failed,t030,"CSI_DATA,334857,1a:00:00:00:00:00,-68,11,-99,14,52,11,-1284284189,47,2,256,0,""[0,0,0,0,0,0,0,0,0,0,0,0,-6,27,-9,27,-16,32,-16,20,-16,34,-18,23,-23,27,-25,39,-27,25,-34,32,-32,29,-34,23,-41,25,-43,23,-34,23,-55,23,-43,25,-50,23,-43,6,-46,25,-52,23,-50,4,-64,13,-52,11,-57,2,-57,4,-57,9,-48,16,-71,6,-57,4,-59,9,-50,4,-62,11,-66,2,-62,6,-64,11,-73,6,-69,4,-71,-9,-73,2,-69,13,-82,4,-69,2,-78,18,-57,11,-85,20,-76,9,-80,18,-82,4,-92,6,-78,-4,-85,2,-87,9,-108,6,-96,-9,-85,-6,-108,2,0,0,0,0,0,0,-4,96,-9,117,-9,87,2,99,-18,117,-4,82,-18,112,-11,82,-18,101,-18,78,-18,80,-13,99,-18,73,-18,99,-16,85,-16,73,-18,82,-20,82,-16,64,-20,92,-9,69,-11,89,-20,62,-16,62,-18,82,-16,64,-18,80,-13,71,-27,62,-23,64,-13,69,-6,55,-27,76,-27,55,-18,59,-20,48,-23,62,-34,48,-25,55,-23,52,-32,48,-29,41,-36,36,-32,41,-27,32,-34,32,-27,25,-25,34,-20,18,-29,23,-32,18,-27,18,-23,11,-25,9,-18,2,-18,4,-20,0,0,0,0,0,0,0,0,0,0,0]"""
1782313076851,2026-06-24T23:57:56.851,warning,bed_exit,yja,bed_exit_failed,t030,"CSI_DATA,334858,1a:00:00:00:00:00,-68,11,-99,15,51,11,-1284279333,47,2,256,0,""[0,0,0,0,0,0,0,0,0,0,0,0,-50,-7,-55,-20,-143,-30,-22,17,-57,-2,-85,97,-12,32,-72,0,15,-47,-42,-47,-57,-25,-55,-22,-62,12,-57,2,-57,10,-35,35,-45,2,-60,-5,-55,-22,-52,2,-52,2,-70,2,-57,0,-62,-10,-57,-10,-52,-5,-62,-2,-62,0,-60,7,-57,10,-62,5,-57,15,-60,12,-65,17,-65,17,-62,25,-60,20,-60,17,-60,27,-72,30,-70,35,-57,40,-57,42,-67,47,-52,52,-55,50,-52,57,-57,57,-60,65,-57,67,-62,62,-57,72,-62,75,-55,75,-57,82,-60,82,-57,85,0,0,0,0,0,0,90,60,92,57,85,45,87,45,90,42,80,45,90,37,85,37,90,40,80,30,82,22,80,25,95,10,85,27,75,25,80,15,80,20,82,17,82,15,77,-10,77,-7,75,0,72,-7,72,-17,72,-10,75,-22,67,-12,67,-7,67,-12,67,-15,70,-15,67,-20,60,-27,60,-27,57,-25,57,-27,55,-22,55,-22,57,-25,50,-25,47,-20,50,-20,50,-20,45,-15,45,-15,42,-20,37,-17,37,-15,35,-10,32,-10,32,-15,25,-7,27,-7,30,-5,25,-2,25,0,22,2,0,0,0,0,0,0,0,0,0,0]"""
1782313076862,2026-06-24T23:57:56.862,warning,bed_exit,yja,bed_exit_failed,t030,"CSI_DATA,334859,1a:00:00:00:00:00,-68,11,-99,14,51,11,-1284266512,47,2,256,0,""[0,0,0,0,0,0,0,0,0,0,0,0,7,25,-5,28,0,36,0,38,-7,33,-10,33,-7,31,-15,31,-10,38,-15,41,-12,38,-15,41,-23,41,-20,41,-25,46,-10,49,-12,43,-15,51,-23,56,-31,43,-43,38,-23,56,-31,46,-25,49,-31,43,-25,46,-23,46,-31,51,-10,54,-12,56,-15,56,-18,64,-25,51,-15,59,-28,64,-10,64,-15,64,2,64,0,64,0,64,-2,67,12,69,18,69,2,80,12,74,7,69,15,82,2,80,15,80,20,90,31,85,31,80,31,82,33,80,54,82,33,95,43,95,0,0,0,0,0,0,95,-46,93,-46,95,-43,93,-43,87,-38,87,-38,74,-56,85,-56,80,-49,74,-49,72,-41,74,-33,72,-59,72,-46,62,-51,62,-46,64,-46,56,-49,69,-56,36,-64,38,-64,49,-59,46,-62,43,-59,54,-54,49,-67,41,-46,36,-56,33,-54,33,-51,31,-59,43,-56,10,-62,20,-59,25,-64,28,-64,31,-49,25,-54,36,-54,25,-51,25,-49,10,-49,18,-51,15,-38,28,-41,12,-46,12,-36,23,-38,20,-33,15,-20,20,-28,18,-15,18,-28,23,-12,20,-15,15,-15,15,-12,0,0,0,0,0,0,0,0,0,0]"""
1782313076872,2026-06-24T23:57:56.872,warning,bed_exit,yja,bed_exit_failed,t030,"CSI_DATA,334860,1a:00:00:00:00:00,-68,11,-99,20,51,11,-1284256048,47,2,256,0,""[0,0,0,0,0,0,0,0,0,0,0,0,-8,23,-13,28,-8,26,-13,30,-17,26,-23,28,-30,30,-23,21,-30,30,-32,13,-30,26,-41,23,-43,19,-41,23,-47,23,-34,28,-50,30,-47,23,-54,21,-52,23,-34,8,-60,26,-56,8,-56,8,-58,4,-63,13,-63,10,-63,13,-50,13,-54,17,-60,21,-69,13,-63,8,-54,21,-60,15,-58,19,-63,19,-60,26,-60,15,-52,13,-65,15,-52,41,-63,41,-78,28,-78,32,-58,30,-76,45,-80,26,-73,34,-78,34,-80,39,-80,43,-84,52,-84,41,-87,43,-93,43,-91,43,0,0,0,0,0,0,39,104,21,93,32,104,34,95,21,82,32,100,26,76,30,97,30,82,26,97,34,91,19,80,32,89,10,78,19,80,19,82,15,78,15,78,21,87,30,60,32,69,26,71,32,76,26,71,19,56,30,67,17,58,17,69,23,67,19,71,15,60,21,73,28,52,26,52,23,56,21,65,15,58,17,56,8,58,10,63,6,54,10,50,6,52,0,45,-2,43,13,41,4,43,-6,41,-6,47,-4,36,-4,34,-15,28,-8,32,-13,19,-4,23,-13,21,-10,15,0,0,0,0,0,0,0,0,0,0]"""
1782313076883,2026-06-24T23:57:56.883,warning,bed_exit,yja,bed_exit_failed,t030,"CSI_DATA,334861,1a:00:00:00:00:00,-67,11,-99,18,51,11,-1284245326,47,2,256,0,""[0,0,0,0,0,0,0,0,0,0,0,0,-16,18,-20,27,-20,13,-27,18,-23,13,-34,18,-36,9,-39,11,-36,6,-36,9,-46,11,-43,9,-41,4,-46,6,-46,-4,-46,-9,-57,-9,-50,-9,-57,-18,-46,-29,-48,-29,-41,-27,-48,-23,-59,-25,-55,-23,-55,-25,-50,-25,-50,-29,-41,-34,-50,-36,-43,-29,-52,-50,-43,-52,-43,-43,-41,-46,-36,-43,-50,-39,-55,-39,-52,-41,-46,-41,-46,-50,-48,-46,-52,-57,-46,-48,-62,-66,-52,-69,-50,-64,-50,-69,-39,-64,-46,-55,-64,-69,-55,-64,-55,-80,-52,-87,-52,-76,-41,-87,-43,-92,0,0,0,0,0,0,-96,36,-87,20,-105,34,-101,18,-82,18,-103,20,-85,11,-101,16,-82,11,-108,6,-99,0,-94,0,-82,-4,-80,-2,-92,13,-78,16,-80,9,-76,4,-76,-4,-73,-6,-85,-6,-71,-2,-85,-9,-78,-20,-71,-18,-62,-16,-62,-11,-73,-2,-69,-4,-69,-4,-64,-6,-66,-16,-52,-16,-66,-25,-57,-20,-62,-29,-52,-41,-48,-36,-43,-34,-39,-34,-41,-29,-48,-29,-41,-29,-29,-27,-32,-36,-25,-27,-25,-36,-20,-32,-18,-43,-9,-39,-4,-29,-4,-27,0,-27,-4,-18,0,-29,0,-23,0,-20,0,0,0,0,0,0,0,0,0,0]"""
1782313076895,2026-06-24T23:57:56.895,warning,bed_exit,yja,bed_exit_failed,t030,"CSI_DATA,334862,1a:00:00:00:00:00,-68,11,-99,14,52,11,-1284238375,47,2,256,0,""[0,0,0,0,0,0,0,0,0,0,0,0,18,-25,16,-18,20,-23,25,-25,27,-20,20,-18,18,-20,32,-29,25,-32,34,-29,34,-18,39,-20,39,-20,52,-13,48,-16,50,-23,48,-25,52,-16,46,-9,36,-18,48,-13,52,-25,52,-23,52,0,59,-9,55,-6,69,-2,59,-16,64,-9,59,-13,55,-11,46,-9,48,-25,55,-25,59,-32,57,-39,62,-25,55,-11,66,-18,73,-18,71,-29,69,-25,64,-29,71,-36,52,-27,59,-46,52,-48,59,-57,82,-52,80,-48,73,-25,89,-41,76,-43,73,-46,92,-29,89,-46,82,-46,0,0,0,0,0,0,-52,-99,-41,-101,-27,-73,-48,-82,-55,-96,-29,-87,-34,-89,-39,-87,-36,-85,-34,-69,-46,-57,-50,-66,-55,-76,-48,-80,-25,-71,-39,-76,-34,-71,-32,-82,-41,-73,-43,-69,-46,-59,-41,-62,-32,-50,-48,-41,-48,-50,-57,-57,-55,-55,-23,-57,-36,-57,-41,-50,-39,-66,-46,-55,-34,-59,-34,-52,-36,-50,-27,-41,-41,-39,-39,-36,-43,-41,-41,-48,-29,-48,-16,-43,-16,-48,-16,-48,-18,-46,-13,-36,-11,-34,-9,-36,-9,-25,-9,-25,-9,-29,-13,-23,-9,-27,-2,-27,6,-20,6,-25,4,-20,0,0,0,0,0,0,0,0,0,0]"""
1782313076905,2026-06-24T23:57:56.905,warning,bed_exit,yja,bed_exit_failed,t030,"CSI_DATA,334863,1a:00:00:00:00:00,-68,11,-99,15,52,11,-1284227375,47,2,256,0,""[0,0,0,0,0,0,0,0,0,0,0,0,11,-22,15,-29,20,-22,26,-26,22,-22,29,-26,29,-20,35,-17,35,-15,35,-8,40,-22,40,-20,42,-13,44,-6,55,-6,40,-6,53,-2,49,-8,62,4,71,8,47,2,55,15,49,11,60,8,58,8,53,11,51,13,55,20,44,8,58,17,58,13,73,22,58,33,58,22,58,38,49,24,58,17,69,8,58,20,51,13,58,26,62,4,80,11,73,22,94,40,67,35,76,26,69,47,62,29,76,35,96,33,78,24,85,33,80,44,91,33,85,49,89,51,0,0,0,0,0,0,71,-78,53,-60,82,-87,69,-73,51,-51,73,-78,51,-53,73,-78,53,-55,78,-69,82,-58,64,-42,62,-49,60,-40,62,-64,58,-55,60,-53,55,-47,67,-51,49,-42,58,-49,47,-47,71,-51,71,-40,55,-38,64,-35,49,-31,60,-47,58,-38,53,-33,49,-31,55,-31,47,-29,62,-31,53,-29,71,-31,62,-13,51,-8,60,-8,51,-11,47,-8,51,-22,49,-6,38,-6,42,-2,42,-6,42,-2,40,6,42,6,29,13,31,13,29,13,17,11,17,15,22,13,17,8,15,15,0,0,0,0,0,0,0,0,0,0]"""
1782313076915,2026-06-24T23:57:56.915,warning,bed_exit,yja,bed_exit_failed,t030,"CSI_DATA,334864,1a:00:00:00:00:00,-68,11,-99,20,51,11,-1284216102,47,2,256,0,""[0,0,0,0,0,0,0,0,0,0,0,0,-19,17,-23,17,-30,13,-30,17,-30,19,-36,17,-32,17,-32,23,-32,10,-34,13,-41,23,-43,19,-47,10,-41,13,-45,13,-47,13,-54,19,-50,17,-60,10,-50,15,-43,8,-56,8,-52,13,-67,13,-58,10,-60,13,-58,13,-54,17,-63,6,-65,10,-54,19,-67,21,-56,26,-58,21,-60,23,-52,26,-54,30,-58,39,-67,26,-52,34,-54,41,-54,39,-58,47,-52,50,-65,56,-63,56,-56,60,-52,58,-60,54,-56,60,-63,67,-56,60,-54,73,-60,73,-67,71,-69,80,-63,89,0,0,0,0,0,0,84,63,73,50,95,60,84,45,78,39,89,45,76,52,91,50,76,41,87,52,80,36,82,32,71,36,73,36,84,30,73,28,78,30,71,21,76,21,71,19,76,15,71,2,82,19,82,10,73,6,65,8,63,4,71,2,71,6,69,4,60,2,63,-8,60,4,76,-2,58,-8,73,6,67,-2,58,0,58,0,52,-2,50,2,56,-2,52,4,47,4,47,2,39,2,43,8,36,6,41,6,34,8,32,8,26,6,23,6,19,13,28,10,21,6,13,6,0,0,0,0,0,0,0,0,0,0]"""
1782313076926,2026-06-24T23:57:56.926,warning,bed_exit,yja,bed_exit_failed,t030,"CSI_DATA,334865,1a:00:00:00:00:00,-68,11,-99,20,51,11,-1284205375,47,2,256,0,""[0,0,0,0,0,0,0,0,0,0,0,0,-30,-8,-23,-10,-30,-15,-23,-15,-34,-13,-28,-17,-28,-15,-39,-17,-26,-21,-39,-26,-34,-21,-28,-26,-30,-32,-32,-32,-26,-26,-43,-36,-34,-26,-45,-39,-36,-34,-30,-36,-43,-47,-36,-36,-50,-41,-45,-36,-32,-43,-41,-43,-43,-41,-41,-23,-56,-47,-39,-30,-52,-28,-41,-26,-54,-28,-50,-36,-56,-26,-60,-21,-65,-34,-60,-23,-58,-30,-63,-26,-60,-10,-78,-19,-65,-15,-73,-10,-63,-6,-84,4,-84,-13,-87,4,-87,-4,-89,-6,-80,-10,-91,-6,-87,6,-104,13,-100,2,-84,0,-91,13,0,0,0,0,0,0,17,87,21,110,17,87,34,97,28,117,26,78,32,108,26,71,36,97,23,82,28,69,39,82,39,82,39,87,39,71,28,73,36,76,41,76,39,56,50,76,41,56,63,60,39,45,45,56,60,54,47,45,63,52,52,52,45,47,54,45,52,45,54,28,60,54,47,32,52,30,36,36,56,30,45,36,50,30,50,32,43,36,43,36,34,34,39,34,36,28,34,30,26,23,36,23,23,19,26,23,19,19,26,21,15,23,19,19,15,21,10,17,10,15,0,0,0,0,0,0,0,0,0,0]"""
1782313076937,2026-06-24T23:57:56.937,warning,bed_exit,yja,bed_exit_failed,t030,"CSI_DATA,334866,1a:00:00:00:00:00,-68,11,-99,14,52,11,-1284193836,47,2,256,0,""[0,0,0,0,0,0,0,0,0,0,0,0,-13,-20,-20,-29,-13,-23,-18,-34,-13,-25,-16,-41,-13,-39,-11,-32,-9,-39,-2,-32,-9,-46,-2,-43,-4,-46,-2,-46,0,-57,-2,-32,0,-57,-2,-39,2,-64,2,-62,0,-55,6,-52,9,-46,9,-59,6,-57,6,-52,6,-50,13,-66,6,-46,4,-64,4,-48,9,-80,16,-64,6,-62,13,-62,6,-59,0,-50,-11,-64,-4,-66,0,-57,-2,-71,-16,-46,-20,-80,-13,-66,-18,-103,-9,-73,-20,-78,-2,-78,-13,-76,-9,-73,-32,-96,-23,-76,-25,-94,-18,-78,-29,-92,-23,-110,-16,-85,0,0,0,0,0,0,-99,18,-76,25,-119,29,-92,16,-69,23,-103,23,-71,20,-112,32,-76,20,-110,18,-89,20,-78,16,-80,20,-71,11,-82,32,-78,29,-76,27,-69,25,-80,27,-50,27,-69,39,-50,27,-87,39,-69,32,-64,32,-66,25,-50,20,-64,39,-62,29,-55,32,-50,32,-64,29,-36,29,-55,36,-43,27,-71,39,-57,20,-52,25,-55,20,-43,20,-41,18,-52,29,-46,18,-36,13,-46,11,-29,11,-43,16,-36,13,-50,9,-32,2,-32,0,-27,-2,-32,-2,-27,-9,-27,-4,-20,0,-20,-4,0,0,0,0,0,0,0,0,0,0]"""
1782313076948,2026-06-24T23:57:56.948,warning,bed_exit,yja,bed_exit_failed,t030,"CSI_DATA,334867,1a:00:00:00:00:00,-68,11,-99,19,51,11,-1284182235,47,2,256,0,""[0,0,0,0,0,0,0,0,0,0,0,0,24,6,26,0,29,8,33,13,26,15,38,20,35,15,40,13,26,17,42,17,42,20,35,15,38,22,38,22,38,26,40,33,44,33,42,29,44,44,38,31,42,31,35,35,42,26,49,38,47,38,47,31,42,33,47,26,47,44,51,42,44,26,58,33,64,38,55,31,58,26,51,31,58,22,67,20,64,20,73,17,64,13,69,24,73,24,67,11,71,13,94,2,80,13,80,-2,89,13,80,4,89,11,87,4,89,-4,91,8,98,-2,102,2,107,-4,0,0,0,0,0,0,-11,-105,-6,-91,-6,-102,-4,-94,-11,-87,-11,-96,-2,-96,-8,-102,-11,-87,-13,-96,-13,-89,-26,-89,-11,-76,-29,-80,-26,-78,-33,-71,-33,-76,-31,-69,-35,-69,-31,-73,-35,-71,-38,-58,-35,-67,-31,-69,-47,-62,-31,-55,-44,-51,-42,-55,-42,-55,-49,-47,-42,-51,-44,-44,-38,-60,-40,-55,-40,-44,-38,-58,-49,-51,-33,-44,-40,-44,-31,-47,-33,-38,-31,-42,-31,-44,-33,-42,-29,-40,-20,-38,-22,-40,-20,-31,-15,-31,-22,-31,-13,-29,-13,-20,-11,-24,-8,-24,-8,-24,-4,-22,0,-17,0,0,0,0,0,0,0,0,0,0]"""
1782313076959,2026-06-24T23:57:56.959,warning,bed_exit,yja,bed_exit_failed,t030,"CSI_DATA,334868,1a:00:00:00:00:00,-68,11,-99,18,51,11,-1284172375,47,2,256,0,""[0,0,0,0,0,0,0,0,0,0,0,0,-9,-27,-6,-27,0,-29,-6,-29,-4,-32,0,-41,2,-43,2,-43,4,-34,4,-39,0,-50,4,-46,6,-41,4,-43,13,-41,9,-55,9,-52,9,-55,13,-55,20,-50,20,-57,16,-43,13,-57,13,-64,16,-50,9,-57,16,-57,6,-48,13,-57,16,-52,6,-62,13,-62,13,-69,4,-64,4,-59,9,-57,0,-69,-4,-76,-4,-64,-4,-57,-2,-62,-4,-73,-9,-73,-11,-71,-11,-82,-27,-92,-20,-82,-23,-78,-16,-78,-29,-82,-34,-94,-23,-80,-32,-76,-32,-103,-27,-82,-29,-80,-34,-94,0,0,0,0,0,0,-82,43,-94,34,-92,43,-92,36,-85,36,-89,43,-87,36,-78,34,-80,41,-94,46,-92,50,-76,46,-69,39,-69,43,-76,52,-64,50,-64,52,-52,43,-46,43,-62,48,-57,48,-55,55,-55,52,-55,50,-48,55,-46,41,-46,50,-43,64,-34,50,-39,55,-36,50,-32,46,-43,50,-34,48,-34,55,-41,52,-39,55,-39,46,-32,48,-32,39,-34,41,-39,48,-36,39,-23,36,-25,29,-32,32,-32,27,-32,27,-29,27,-29,27,-25,23,-25,20,-23,11,-20,13,-20,13,-23,9,-16,4,0,0,0,0,0,0,0,0,0,0]"""
1782313076969,2026-06-24T23:57:56.969,warning,bed_exit,yja,bed_exit_failed,t030,"CSI_DATA,334869,1a:00:00:00:00:00,-68,11,-99,18,51,11,-1284161375,47,2,256,0,""[0,0,0,0,0,0,0,0,0,0,0,0,4,27,4,27,2,34,-2,29,-4,32,-9,34,-6,34,-18,43,-13,36,-16,48,-18,36,-23,39,-20,34,-25,39,-23,32,-43,52,-34,41,-39,46,-39,36,-23,27,-36,36,-36,41,-50,46,-48,32,-43,29,-50,36,-50,41,-41,36,-57,32,-41,32,-48,41,-36,23,-41,46,-46,41,-43,48,-50,48,-52,43,-52,36,-62,39,-55,50,-43,48,-66,48,-52,48,-46,57,-43,39,-50,73,-55,48,-50,66,-62,62,-57,64,-57,46,-73,59,-64,57,-80,73,-69,59,-57,55,-57,66,0,0,0,0,0,0,57,73,73,87,46,59,66,73,71,89,46,66,64,85,52,69,55,82,48,71,43,66,66,76,50,66,59,73,43,71,48,69,48,62,46,64,39,50,57,76,41,55,50,59,36,46,48,46,55,52,48,48,55,57,43,57,39,57,36,50,41,59,39,46,41,62,32,48,41,50,25,41,39,48,23,50,34,41,29,52,27,57,16,48,11,52,16,48,16,43,9,48,2,43,11,41,4,25,4,36,2,32,4,34,0,32,-4,25,-9,20,-9,20,-11,18,0,0,0,0,0,0,0,0,0,0]"""
1782313076980,2026-06-24T23:57:56.980,warning,bed_exit,yja,bed_exit_failed,t030,"CSI_DATA,334870,1a:00:00:00:00:00,-68,11,-99,14,52,11,-1284150291,47,2,256,0,""[0,0,0,0,0,0,0,0,0,0,0,0,-18,20,-20,16,-20,16,-29,18,-32,13,-32,11,-39,9,-36,2,-43,11,-41,-4,-43,2,-43,0,-46,-6,-48,-9,-48,-18,-48,-4,-48,-4,-46,-18,-46,-23,-43,-20,-32,-27,-52,-29,-36,-36,-34,-36,-43,-43,-39,-39,-41,-39,-43,-50,-48,-34,-41,-36,-41,-36,-46,-46,-39,-52,-39,-48,-34,-59,-39,-52,-36,-57,-46,-43,-46,-52,-43,-55,-36,-62,-52,-41,-52,-46,-41,-71,-46,-66,-34,-52,-46,-69,-27,-73,-48,-73,-43,-78,-57,-71,-55,-69,-46,-85,-43,-76,-50,-80,-41,-94,-41,-87,0,0,0,0,0,0,-103,23,-105,16,-94,20,-101,16,-92,11,-96,9,-89,18,-96,9,-92,4,-85,2,-85,-2,-82,-20,-89,0,-85,-16,-78,-4,-78,-9,-80,-11,-76,-11,-80,-20,-69,2,-69,6,-76,-9,-69,-9,-76,-18,-64,-27,-73,-13,-57,-25,-66,-13,-64,-23,-62,-20,-59,-23,-64,-29,-62,-13,-59,-16,-59,-25,-59,-29,-46,-32,-48,-36,-41,-43,-48,-36,-34,-34,-39,-32,-34,-36,-29,-32,-20,-41,-27,-27,-27,-29,-16,-39,-16,-32,-4,-25,-6,-32,2,-32,-2,-23,0,-29,-2,-23,6,-25,6,-20,0,0,0,0,0,0,0,0,0,0]"""
1782313076991,2026-06-24T23:57:56.991,warning,bed_exit,yja,bed_exit_failed,t030,"CSI_DATA,334871,1a:00:00:00:00:00,-68,11,-99,20,51,11,-1284138356,47,2,256,0,""[0,0,0,0,0,0,0,0,0,0,0,0,21,-10,28,-8,34,-8,36,-6,32,-2,36,-4,36,-2,39,-10,36,4,39,0,43,-4,43,-8,47,-8,45,-2,50,0,43,2,50,8,50,4,63,6,52,17,45,13,54,6,50,10,67,6,56,0,54,2,56,4,56,2,65,4,65,4,60,2,71,2,71,4,63,0,63,-4,56,2,60,-13,67,-10,71,-19,63,-19,67,-21,63,-15,69,-21,69,-28,82,-28,82,-19,73,-21,71,-26,78,-36,73,-45,87,-52,65,-47,78,-41,84,-52,84,-52,84,-47,89,-43,0,0,0,0,0,0,-45,-84,-50,-69,-69,-87,-45,-82,-43,-65,-56,-82,-56,-76,-56,-84,-56,-65,-54,-76,-56,-78,-54,-65,-43,-69,-50,-58,-63,-52,-63,-43,-67,-47,-58,-45,-63,-43,-52,-47,-60,-47,-58,-39,-73,-47,-63,-54,-65,-36,-52,-41,-58,-26,-67,-26,-67,-23,-65,-19,-56,-26,-58,-21,-60,-28,-58,-26,-52,-21,-63,-32,-60,-34,-56,-23,-54,-28,-45,-28,-41,-21,-52,-21,-52,-17,-45,-15,-39,-21,-34,-23,-36,-23,-32,-21,-28,-21,-28,-21,-26,-21,-19,-21,-15,-19,-15,-19,-21,-15,-17,-15,-10,-15,0,0,0,0,0,0,0,0,0,0]"""
1782313077003,2026-06-24T23:57:57.003,warning,bed_exit,yja,bed_exit_failed,t030,"CSI_DATA,334872,1a:00:00:00:00:00,-68,11,-99,19,51,11,-1284128375,47,2,256,0,""[0,0,0,0,0,0,0,0,0,0,0,0,-22,-11,-31,-17,-20,-13,-31,-17,-24,-13,-33,-20,-31,-22,-26,-22,-35,-26,-29,-24,-26,-33,-26,-33,-29,-31,-31,-40,-35,-47,-31,-33,-29,-44,-26,-44,-33,-44,-40,-44,-38,-40,-38,-42,-29,-40,-24,-47,-33,-51,-40,-47,-33,-53,-40,-64,-29,-38,-33,-47,-29,-51,-42,-49,-40,-38,-42,-38,-47,-47,-60,-44,-44,-38,-47,-42,-55,-35,-51,-38,-55,-51,-55,-31,-69,-38,-58,-44,-80,-35,-60,-33,-76,-29,-76,-33,-80,-26,-82,-24,-78,-31,-94,-24,-105,-35,-78,-24,-89,-26,-109,-26,-85,-31,0,0,0,0,0,0,-42,105,-29,80,-31,102,-40,96,-22,82,-44,102,-24,78,-26,98,-26,73,-22,98,-15,87,-17,82,-6,100,-4,71,-11,78,-13,85,2,89,-4,69,-4,85,6,67,4,82,-8,73,8,78,13,69,4,60,20,76,8,60,6,67,20,69,22,64,8,71,8,80,15,51,20,64,11,58,22,60,11,55,22,60,13,62,17,60,13,49,6,51,15,49,6,47,2,51,8,40,4,42,-8,40,2,42,-2,35,0,35,-6,31,-2,29,-4,20,-4,26,-6,26,-4,20,0,0,0,0,0,0,0,0,0,0]"""
1782313077013,2026-06-24T23:57:57.013,warning,bed_exit,yja,bed_exit_failed,t030,"CSI_DATA,334873,1a:00:00:00:00:00,-68,11,-99,18,51,11,-1284116191,47,2,256,0,""[0,0,0,0,0,0,0,0,0,0,0,0,-13,-25,-11,-29,-16,-27,-13,-27,-9,-34,-16,-29,-13,-29,-18,-27,-20,-32,-18,-36,-6,-41,-16,-39,-20,-43,-13,-46,-11,-46,-18,-50,-16,-46,-6,-48,-18,-48,-18,-41,-16,-46,-36,-50,-23,-57,-16,-62,-23,-55,-27,-48,-23,-59,-20,-50,-32,-55,-29,-50,-29,-55,-27,-41,-43,-43,-46,-41,-46,-39,-48,-41,-52,-41,-41,-46,-59,-36,-55,-48,-55,-39,-64,-34,-55,-34,-71,-41,-55,-23,-71,-18,-73,-16,-78,-13,-87,-11,-89,-16,-82,-20,-87,-16,-89,-13,-101,-4,-94,-16,-89,6,-96,-6,0,0,0,0,0,0,0,96,-11,112,-2,89,-2,92,4,105,-4,89,4,105,9,82,4,99,18,82,29,76,27,78,41,76,39,80,20,78,34,71,39,76,34,71,32,71,46,73,39,55,36,62,43,46,57,46,52,48,64,41,59,46,46,57,55,43,52,39,52,46,52,34,57,39,48,39,46,39,50,25,57,20,57,18,57,16,57,23,48,25,39,32,48,25,43,29,39,29,39,25,29,25,36,29,29,16,25,16,27,11,34,16,25,16,32,16,13,16,13,16,9,11,0,0,0,0,0,0,0,0,0,0]"""
1782313077025,2026-06-24T23:57:57.025,warning,bed_exit,yja,bed_exit_failed,t030,"CSI_DATA,334874,1a:00:00:00:00:00,-68,11,-99,18,51,11,-1284106375,47,2,256,0,""[0,0,0,0,0,0,0,0,0,0,0,0,-23,11,-25,13,-27,6,-36,9,-29,4,-39,2,-41,0,-39,6,-34,-13,-41,-9,-43,-9,-41,-16,-39,-20,-39,-18,-34,-18,-39,-29,-43,-29,-43,-32,-39,-46,-27,-39,-27,-48,-27,-41,-41,-46,-36,-50,-32,-43,-34,-46,-27,-48,-34,-46,-20,-57,-20,-57,-25,-52,-20,-59,-27,-55,-16,-55,-23,-52,-18,-55,-18,-66,-20,-64,-20,-62,-20,-64,-20,-59,-16,-69,-18,-76,-25,-59,-20,-78,-20,-82,-13,-78,-29,-80,-11,-76,-16,-78,-11,-80,-9,-89,-9,-85,-6,-101,-2,-96,0,-92,2,-96,0,0,0,0,0,0,-96,-11,-87,-9,-99,-16,-99,-18,-87,-23,-94,-23,-89,-36,-89,-29,-87,-34,-92,-39,-87,-34,-82,-29,-71,-34,-76,-36,-82,-32,-73,-34,-66,-39,-64,-36,-64,-32,-69,-43,-66,-39,-62,-34,-62,-46,-62,-36,-66,-27,-46,-43,-62,-36,-55,-43,-48,-43,-55,-41,-50,-41,-52,-43,-48,-52,-41,-50,-46,-41,-36,-55,-41,-48,-34,-48,-34,-50,-25,-50,-23,-52,-23,-50,-11,-46,-16,-48,-13,-43,-2,-41,-4,-46,-4,-34,0,-39,2,-39,6,-36,4,-29,6,-23,6,-27,11,-25,16,-13,16,-11,0,0,0,0,0,0,0,0,0,0]"""
1782313077036,2026-06-24T23:57:57.036,warning,bed_exit,yja,bed_exit_failed,t030,"CSI_DATA,334875,1a:00:00:00:00:00,-68,11,-99,18,51,11,-1284093308,47,2,256,0,""[0,0,0,0,0,0,0,0,0,0,0,0,-18,20,-23,23,-13,20,-25,25,-23,25,-29,27,-34,27,-25,18,-29,27,-32,20,-39,25,-43,25,-41,25,-41,27,-43,27,-34,20,-46,34,-39,27,-52,32,-55,34,-36,27,-48,25,-46,11,-50,39,-50,32,-48,25,-46,25,-52,25,-34,34,-43,46,-46,39,-62,48,-50,36,-46,43,-50,39,-41,39,-36,43,-36,59,-34,50,-29,46,-32,52,-18,57,-18,73,-27,71,-41,87,-39,64,-25,71,-43,69,-20,66,-25,82,-13,99,-6,82,-16,82,-16,89,11,94,-13,99,-16,103,0,0,0,0,0,0,101,0,85,0,124,-2,99,4,71,-2,96,-2,85,-9,105,-13,85,-16,103,0,96,-6,78,-2,78,-6,76,-9,80,-27,76,-20,76,-23,62,-20,76,-23,55,-34,69,-39,64,-32,76,-46,76,-36,57,-34,59,-34,52,-29,57,-46,50,-41,55,-29,46,-29,57,-36,29,-46,36,-50,43,-46,55,-59,50,-36,43,-41,50,-32,39,-32,41,-34,41,-48,34,-34,27,-29,36,-32,23,-32,29,-29,32,-25,41,-27,29,-16,29,-18,29,-4,23,-16,23,-6,27,-13,20,-6,25,-9,0,0,0,0,0,0,0,0,0,0]"""
1782313077047,2026-06-24T23:57:57.047,warning,bed_exit,yja,bed_exit_failed,t030,"CSI_DATA,334876,1a:00:00:00:00:00,-68,11,-99,20,51,11,-1284080939,47,2,256,0,""[0,0,0,0,0,0,0,0,0,0,0,0,-6,21,-15,28,-15,21,-17,26,-19,21,-23,36,-30,26,-28,23,-30,23,-23,26,-34,30,-34,26,-41,26,-34,21,-50,17,-41,15,-56,17,-45,19,-65,17,-65,6,-58,8,-45,4,-54,6,-58,15,-52,10,-60,10,-50,0,-65,2,-43,-4,-60,2,-54,2,-76,0,-63,-4,-60,4,-65,0,-54,-10,-54,4,-71,13,-69,8,-56,4,-69,-2,-54,6,-82,4,-63,6,-100,2,-80,-6,-84,8,-82,-4,-71,4,-78,8,-89,8,-84,8,-93,-4,-89,0,-89,0,-104,2,-87,-4,0,0,0,0,0,0,-17,100,-10,73,-15,119,-28,97,-13,73,-23,110,-19,73,-28,108,-13,76,-32,110,-34,95,-23,78,-34,78,-21,71,-23,89,-17,78,-15,80,-19,69,-21,76,-23,60,-23,82,-15,63,-30,84,-23,78,-10,65,-23,58,-15,60,-13,73,-13,69,-13,65,-19,63,-26,73,-23,52,-26,67,-21,58,-41,71,-39,58,-30,54,-34,43,-34,36,-30,39,-32,47,-32,43,-26,34,-34,32,-26,23,-41,30,-28,21,-43,23,-34,13,-28,15,-32,6,-23,8,-26,2,-28,6,-19,2,-19,0,0,0,0,0,0,0,0,0,0,0]"""
1782313077057,2026-06-24T23:57:57.057,warning,bed_exit,yja,bed_exit_failed,t030,"CSI_DATA,334877,1a:00:00:00:00:00,-68,11,-99,17,51,11,-1284072451,47,2,256,0,""[0,0,0,0,0,0,0,0,0,0,0,0,-4,-61,75,-61,78,54,-42,-28,66,85,-18,35,-61,-7,73,52,47,0,90,18,37,56,4,54,11,56,28,21,59,4,33,54,21,73,18,16,9,56,42,56,33,42,21,37,42,54,40,59,35,45,37,40,35,37,28,33,35,64,35,49,35,47,33,42,52,49,42,49,52,35,37,45,49,37,52,35,54,42,61,37,64,28,61,37,64,37,68,26,59,18,87,23,71,26,82,0,80,26,82,7,85,11,78,14,85,7,97,0,97,16,94,0,106,7,0,0,0,0,0,0,-9,-90,-4,-106,-7,-92,-11,-94,-18,-99,-11,-87,-4,-118,-9,-94,-18,-94,-28,-82,-21,-82,-35,-80,-18,-68,-37,-82,-40,-73,-47,-66,-42,-73,-47,-73,-47,-61,-45,-78,-42,-61,-42,-59,-42,-47,-49,-56,-56,-54,-45,-47,-61,-37,-54,-37,-59,-42,-59,-30,-54,-33,-52,-26,-54,-54,-56,-42,-42,-30,-47,-33,-64,-33,-49,-37,-56,-23,-49,-33,-45,-28,-42,-26,-42,-33,-42,-26,-40,-21,-28,-30,-28,-28,-33,-21,-26,-11,-30,-18,-23,-21,-28,-14,-18,-21,-23,-16,-14,-21,-11,-16,-14,-14,0,0,0,0,0,0,0,0,0,0]"""
1782313077069,2026-06-24T23:57:57.069,warning,bed_exit,yja,bed_exit_failed,t030,"CSI_DATA,334878,1a:00:00:00:00:00,-68,11,-99,15,52,11,-1284058963,47,2,256,0,""[0,0,0,0,0,0,0,0,0,0,0,0,-17,-15,-20,-24,-13,-17,-22,-31,-15,-20,-24,-35,-17,-35,-15,-26,-15,-35,-8,-33,-15,-42,-17,-44,-13,-47,-11,-38,-13,-53,-4,-38,-6,-60,-15,-38,-4,-67,0,-67,-8,-55,4,-51,2,-42,-2,-62,0,-58,-4,-60,4,-51,2,-62,6,-42,6,-64,0,-49,4,-82,8,-64,2,-62,4,-67,2,-51,-2,-51,-15,-67,-6,-62,-8,-58,-2,-69,-4,-51,-17,-82,-6,-64,-15,-100,-4,-71,-17,-71,-8,-78,-11,-69,-17,-78,-26,-94,-20,-76,-22,-87,-15,-89,-22,-89,-29,-111,-11,-96,0,0,0,0,0,0,-109,13,-67,8,-125,22,-94,13,-64,8,-111,17,-73,8,-116,4,-73,13,-109,13,-96,13,-71,8,-78,11,-67,4,-85,22,-73,22,-78,17,-71,13,-87,13,-58,13,-87,22,-60,17,-94,24,-82,17,-62,17,-67,15,-53,15,-71,24,-69,20,-60,24,-58,17,-69,17,-51,13,-73,24,-49,15,-80,20,-69,4,-53,11,-62,4,-53,2,-47,8,-58,13,-51,6,-44,4,-51,2,-35,4,-51,0,-38,-4,-51,-11,-33,-8,-33,-8,-26,-15,-26,-8,-22,-15,-26,-13,-17,-11,-15,-11,0,0,0,0,0,0,0,0,0,0]"""
1782313077079,2026-06-24T23:57:57.079,warning,bed_exit,yja,bed_exit_failed,t030,"CSI_DATA,334879,1a:00:00:00:00:00,-68,11,-99,19,51,11,-1284051376,47,2,256,0,""[0,0,0,0,0,0,0,0,0,0,0,0,13,29,8,24,4,33,4,29,0,38,-2,38,0,40,0,38,-4,31,-2,40,-8,49,-8,40,-11,44,-11,42,-6,38,-22,53,-15,47,-15,53,-20,53,-17,44,-24,44,-17,44,-31,58,-29,58,-22,51,-26,55,-22,49,-20,44,-31,55,-24,47,-22,60,-24,60,-24,62,-22,58,-13,55,-17,58,-20,67,-20,73,-20,64,-11,60,-8,51,-11,76,-8,69,-6,71,-11,76,-6,87,-11,80,2,80,-4,76,-4,89,-8,94,-4,82,2,80,-2,109,-6,91,-6,82,0,105,0,0,0,0,0,0,91,2,100,0,100,-4,102,-4,98,6,87,0,102,4,85,4,98,0,94,8,98,-6,91,-6,73,0,91,-2,89,-8,78,-6,80,-8,67,-4,55,-6,87,-11,69,-11,82,-15,67,-15,78,-22,71,-26,55,-11,71,-17,73,-17,62,-13,67,-22,58,-8,58,-13,71,-20,58,-11,69,-20,62,-13,67,-17,62,-13,53,-17,51,-11,55,-11,53,-8,58,0,42,-2,40,-2,49,4,47,2,42,2,40,6,44,4,38,2,29,6,24,4,26,8,22,11,17,6,15,6,0,0,0,0,0,0,0,0,0,0]"""
1782313077090,2026-06-24T23:57:57.090,warning,bed_exit,yja,bed_exit_failed,t030,"CSI_DATA,334880,1a:00:00:00:00:00,-68,11,-99,20,51,11,-1284040376,47,2,256,0,""[0,0,0,0,0,0,0,0,0,0,0,0,-23,-10,-21,-15,-30,-26,-21,-19,-26,-26,-21,-26,-19,-30,-17,-41,-21,-34,-21,-43,-15,-41,-15,-41,-10,-47,-6,-47,-10,-39,-10,-60,-8,-50,-6,-60,2,-52,-6,-41,4,-50,2,-52,8,-65,10,-58,13,-47,15,-56,6,-60,0,-47,21,-69,13,-52,6,-63,13,-47,8,-67,13,-54,13,-58,10,-58,17,-67,19,-65,26,-65,19,-69,6,-54,21,-73,17,-65,6,-71,19,-60,0,-93,13,-73,8,-89,15,-76,23,-80,21,-78,28,-78,15,-80,34,-108,32,-80,28,-76,32,-93,0,0,0,0,0,0,-78,-30,-97,-41,-84,-39,-95,-39,-100,-50,-76,-32,-95,-54,-69,-41,-84,-45,-71,-54,-73,-41,-80,-47,-65,-47,-76,-47,-71,-47,-65,-50,-67,-52,-65,-43,-54,-30,-78,-52,-60,-39,-71,-41,-50,-36,-63,-43,-76,-47,-56,-41,-65,-43,-56,-45,-43,-43,-60,-43,-54,-41,-52,-30,-60,-54,-45,-43,-56,-41,-34,-39,-47,-43,-41,-50,-41,-45,-36,-41,-32,-52,-28,-52,-19,-52,-19,-47,-23,-39,-13,-50,-6,-39,-17,-39,-4,-32,-13,-39,-2,-36,-2,-32,4,-28,2,-26,6,-23,6,-21,8,-19,0,0,0,0,0,0,0,0,0,0]"""
1782313077100,2026-06-24T23:57:57.100,warning,bed_exit,yja,bed_exit_failed,t030,"CSI_DATA,334881,1a:00:00:00:00:00,-68,11,-99,19,51,11,-1284025735,47,2,256,0,""[0,0,0,0,0,0,0,0,0,0,0,0,0,33,0,24,0,38,-4,31,-11,35,-8,29,-4,35,-6,42,-11,40,-6,49,-17,33,-17,47,-17,40,-24,42,-26,38,-35,47,-29,44,-40,42,-29,35,-17,35,-24,40,-38,47,-42,51,-42,31,-35,40,-40,47,-49,38,-40,40,-55,35,-53,31,-47,38,-31,24,-38,38,-40,40,-35,51,-42,58,-44,60,-49,38,-42,53,-53,53,-44,55,-55,49,-58,47,-49,47,-38,40,-40,71,-44,60,-29,82,-58,73,-51,76,-58,49,-67,67,-58,73,-58,76,-76,53,-58,69,-64,82,0,0,0,0,0,0,69,73,71,87,51,55,62,76,73,80,49,71,55,85,49,71,51,96,47,58,55,49,73,60,67,64,69,62,49,64,62,58,55,58,51,64,51,55,58,67,47,55,51,67,38,38,44,40,58,49,60,51,60,47,40,51,55,49,55,42,51,58,44,44,42,60,31,58,38,58,33,38,40,40,38,44,44,42,40,49,35,51,20,44,29,47,20,51,22,44,13,49,11,47,11,44,8,26,11,35,8,31,11,29,-4,33,6,31,-11,24,-4,24,-4,24,0,0,0,0,0,0,0,0,0,0]"""
1782313077111,2026-06-24T23:57:57.111,warning,bed_exit,yja,bed_exit_failed,t030,"CSI_DATA,334882,1a:00:00:00:00:00,-68,11,-99,21,51,11,-1284018376,47,2,256,0,""[0,0,0,0,0,0,0,0,0,0,0,0,23,-12,25,-6,40,-8,29,-8,33,-6,35,-10,35,-10,44,-16,33,0,40,-16,46,-12,42,-8,42,-8,40,0,40,-4,63,2,48,-2,52,2,54,-2,46,-6,48,-6,52,-2,59,-12,59,-8,57,-6,61,-12,61,-8,52,-12,59,-6,54,-2,59,-14,54,-12,59,-27,52,-25,52,-29,57,-23,61,-29,61,-35,57,-38,57,-40,44,-35,69,-40,61,-40,50,-48,48,-42,48,-69,50,-59,33,-67,52,-61,46,-65,48,-65,52,-67,50,-73,48,-82,52,-73,44,-73,40,-84,0,0,0,0,0,0,-88,-35,-90,-38,-86,-29,-86,-35,-97,-27,-82,-31,-97,-35,-78,-23,-82,-23,-90,-21,-97,-16,-92,-8,-80,-19,-88,2,-88,0,-80,4,-80,4,-76,6,-71,10,-90,0,-78,6,-73,16,-69,14,-73,19,-73,27,-63,14,-69,38,-65,29,-61,31,-63,35,-59,35,-50,31,-73,25,-63,23,-57,27,-48,27,-57,42,-50,31,-46,40,-50,31,-48,29,-50,25,-46,23,-46,23,-38,27,-50,19,-42,12,-33,19,-31,12,-40,19,-29,8,-31,19,-27,2,-29,10,-23,2,-19,0,-23,2,0,0,0,0,0,0,0,0,0,0]"""
1782313077120,2026-06-24T23:57:57.120,warning,bed_exit,yja,bed_exit_failed,t030,"CSI_DATA,334883,1a:00:00:00:00:00,-68,11,-99,19,51,11,-1284007376,47,2,256,0,""[0,0,0,0,0,0,0,0,0,0,0,0,31,-2,26,-2,33,2,26,2,33,2,31,8,40,11,38,13,29,17,42,22,38,26,35,26,35,29,40,26,26,26,38,44,33,38,38,44,26,44,26,40,22,44,24,49,24,58,26,55,20,51,20,58,22,51,17,42,13,67,11,53,17,64,11,58,22,62,15,55,15,62,11,58,11,67,13,69,8,62,15,64,15,55,13,80,8,67,24,71,11,67,20,87,11,80,17,85,13,73,8,85,11,87,0,87,6,73,4,109,8,94,2,82,6,102,0,0,0,0,0,0,91,13,105,8,96,6,98,8,105,17,89,17,102,24,82,17,94,22,87,31,89,26,91,22,71,33,89,26,82,33,71,31,71,33,67,24,62,20,80,38,67,26,76,29,67,29,69,35,73,33,58,22,71,35,69,31,60,31,62,40,60,33,55,24,60,47,47,40,62,40,44,44,55,40,42,44,44,40,38,44,40,51,33,49,22,49,22,42,15,38,17,51,13,40,15,44,8,35,11,44,0,38,-2,33,0,26,-4,29,-8,29,-11,22,-11,17,0,0,0,0,0,0,0,0,0,0]"""
1782313077136,2026-06-24T23:57:57.136,warning,bed_exit,yja,bed_exit_failed,t030,"CSI_DATA,334884,1a:00:00:00:00:00,-68,11,-99,18,51,11,-1283989721,47,2,256,0,""[0,0,0,0,0,0,0,0,0,0,0,0,-23,-13,-20,-16,-29,-18,-23,-18,-27,-23,-18,-27,-27,-25,-29,-29,-20,-27,-27,-39,-23,-36,-18,-34,-20,-41,-23,-39,-25,-36,-25,-52,-16,-36,-25,-48,-18,-43,-18,-39,-23,-48,-20,-46,-25,-57,-25,-57,-18,-52,-16,-55,-20,-50,-20,-41,-29,-62,-27,-46,-25,-55,-23,-50,-36,-50,-34,-57,-34,-52,-29,-50,-34,-57,-32,-52,-36,-59,-46,-52,-43,-43,-50,-59,-41,-46,-62,-46,-36,-43,-62,-50,-50,-52,-62,-46,-66,-48,-71,-57,-66,-55,-59,-57,-59,-46,-80,-62,-73,-52,-73,-52,-85,-50,0,0,0,0,0,0,-41,78,-57,94,-50,80,-46,82,-62,99,-39,73,-59,94,-36,71,-48,87,-43,64,-39,78,-46,85,-41,71,-41,87,-36,76,-39,62,-36,76,-29,78,-11,69,-27,85,-20,64,-16,80,-18,62,-11,71,-13,82,-16,69,-16,76,-11,73,-20,71,-13,66,-16,69,-6,57,-11,78,-11,62,-4,66,-13,57,-2,69,-11,64,-4,57,-13,55,-20,57,-18,50,-23,48,-16,52,-9,43,-25,46,-16,34,-11,46,-6,29,-13,39,-18,23,-13,29,-16,29,-18,20,-18,18,-20,11,-16,9,0,0,0,0,0,0,0,0,0,0]"""
1782313077147,2026-06-24T23:57:57.147,warning,bed_exit,yja,bed_exit_failed,t030,"CSI_DATA,334885,1a:00:00:00:00:00,-68,11,-99,19,51,11,-1283984092,47,2,256,0,""[0,0,0,0,0,0,0,0,0,0,0,0,-26,13,-29,11,-26,8,-38,6,-31,6,-38,4,-42,-2,-35,0,-38,-6,-38,-2,-42,0,-42,-2,-47,2,-44,-2,-51,-11,-40,-17,-53,-11,-51,-4,-55,-24,-58,-24,-58,-15,-42,-17,-51,-22,-60,-13,-55,-11,-64,-17,-49,-20,-53,-24,-49,-20,-58,-22,-51,-24,-62,-22,-60,-29,-55,-22,-55,-24,-51,-22,-55,-17,-69,-11,-67,-6,-64,-6,-64,-13,-64,-15,-73,-17,-67,-11,-89,-15,-78,-17,-78,-11,-80,-24,-71,-13,-73,-4,-98,4,-82,-2,-89,-6,-87,-11,-96,-2,-98,-8,-98,-8,0,0,0,0,0,0,-8,100,-8,87,-13,107,-22,96,-8,80,-13,100,-6,87,-17,105,-6,82,-22,105,-26,94,-13,87,-22,76,-8,78,2,91,2,85,6,78,4,73,0,80,-8,71,-4,85,6,64,6,87,-4,85,6,73,-8,64,4,67,20,76,13,64,15,67,11,64,4,71,2,60,6,76,0,62,2,76,-4,71,-6,62,-2,60,-13,51,-4,51,0,60,0,53,2,44,-6,49,-8,42,-11,47,-13,40,-22,42,-22,35,-15,35,-20,29,-17,24,-15,22,-17,22,-15,17,-15,13,0,0,0,0,0,0,0,0,0,0]"""
1782313077157,2026-06-24T23:57:57.157,warning,bed_exit,yja,bed_exit_failed,t030,"CSI_DATA,334886,1a:00:00:00:00:00,-68,11,-99,19,51,11,-1283974275,47,2,256,0,""[0,0,0,0,0,0,0,0,0,0,0,0,20,24,15,22,11,35,13,29,11,35,11,33,15,31,17,47,11,35,15,42,11,35,8,42,11,47,4,49,13,44,15,58,15,49,8,60,8,47,13,38,22,44,11,55,20,60,8,51,4,51,13,58,15,62,26,51,17,62,13,58,29,53,17,44,29,53,22,51,40,51,40,53,44,58,38,53,40,55,47,60,49,47,53,60,49,49,60,44,42,31,76,35,62,40,85,29,82,42,78,38,60,49,78,42,85,35,89,38,82,44,80,35,91,26,0,0,0,0,0,0,26,-100,20,-105,20,-78,13,-98,17,-109,11,-85,17,-107,13,-80,11,-105,2,-78,-2,-82,-11,-96,-6,-85,-8,-96,-6,-78,-6,-82,-15,-80,-6,-85,-22,-73,-20,-85,-26,-69,-26,-73,-24,-53,-31,-60,-35,-64,-42,-64,-44,-67,-33,-60,-35,-64,-38,-60,-47,-60,-42,-47,-40,-67,-35,-58,-40,-47,-22,-42,-53,-44,-33,-49,-51,-42,-44,-49,-35,-44,-22,-42,-26,-47,-26,-53,-26,-38,-26,-47,-17,-35,-33,-33,-22,-22,-26,-31,-17,-31,-26,-31,-11,-26,-15,-29,-6,-17,-2,-22,-4,-20,0,0,0,0,0,0,0,0,0,0]"""
1782313077168,2026-06-24T23:57:57.168,warning,bed_exit,yja,bed_exit_failed,t030,"CSI_DATA,334887,1a:00:00:00:00:00,-68,11,-99,18,51,11,-1283961920,47,2,256,0,""[0,0,0,0,0,0,0,0,0,0,0,0,18,-23,25,-27,13,-16,25,-27,18,-20,39,-27,36,-23,29,-16,32,-23,25,-9,43,-18,39,-18,41,-23,36,-20,52,-29,34,-13,52,-23,34,-18,62,-29,57,-23,43,-4,46,-23,48,-6,59,-25,50,-25,57,-20,50,-18,62,-23,32,-25,57,-36,41,-23,66,-41,55,-27,52,-36,50,-29,46,-29,43,-29,50,-48,48,-43,36,-41,57,-52,29,-46,43,-64,46,-52,71,-85,48,-57,48,-62,57,-57,34,-59,39,-64,41,-94,27,-69,41,-87,41,-76,29,-87,46,-99,43,-87,0,0,0,0,0,0,-101,-36,-59,-16,-117,-46,-87,-39,-50,-27,-108,-39,-66,-18,-108,-25,-62,-16,-108,-41,-94,-32,-69,-34,-76,-16,-62,-20,-85,-13,-85,-13,-76,-13,-69,-6,-85,-9,-57,2,-85,4,-57,4,-101,4,-82,4,-66,6,-71,6,-52,4,-73,18,-66,9,-64,6,-57,6,-76,4,-43,18,-66,32,-52,11,-94,23,-64,9,-59,20,-62,4,-50,4,-46,6,-55,20,-55,13,-41,11,-55,4,-36,9,-52,6,-36,2,-59,-2,-32,-6,-34,-6,-32,-13,-27,-4,-23,-4,-34,-6,-27,-6,-25,-13,0,0,0,0,0,0,0,0,0,0]"""
1782313077179,2026-06-24T23:57:57.179,warning,bed_exit,yja,bed_exit_failed,t030,"CSI_DATA,334888,1a:00:00:00:00:00,-68,11,-99,19,51,11,-1283951766,47,2,256,0,""[0,0,0,0,0,0,0,0,0,0,0,0,-17,24,-11,22,-22,26,-20,26,-24,24,-26,22,-29,24,-29,35,-35,17,-31,33,-33,29,-31,26,-31,29,-31,26,-38,20,-53,26,-42,17,-51,24,-42,22,-51,22,-60,31,-44,15,-51,35,-47,31,-47,31,-49,31,-53,31,-44,26,-58,31,-47,26,-49,31,-42,26,-53,40,-44,40,-42,42,-51,38,-51,51,-47,44,-38,53,-44,53,-33,49,-55,53,-49,51,-40,58,-35,51,-44,78,-42,67,-31,71,-44,76,-33,73,-35,73,-35,78,-42,82,-42,100,-38,78,-35,78,-38,91,0,0,0,0,0,0,85,31,98,35,82,26,91,35,105,33,80,29,98,33,85,24,91,26,89,20,89,17,98,15,76,22,89,0,85,2,82,-6,82,-2,78,2,64,-2,89,4,76,-2,82,-2,67,-6,73,-8,76,-15,62,-6,78,-24,69,-24,64,-22,69,-26,69,-24,55,-20,76,-8,69,-15,64,-15,55,-15,67,-24,60,-13,58,-22,55,-6,55,-13,51,-11,51,-11,58,-13,42,-6,51,-2,49,2,42,-4,33,-4,47,-2,35,2,35,-2,26,6,29,2,26,6,22,6,17,6,0,0,0,0,0,0,0,0,0,0]"""
1782313077189,2026-06-24T23:57:57.189,warning,bed_exit,yja,bed_exit_failed,t030,"CSI_DATA,334889,1a:00:00:00:00:00,-68,11,-99,17,51,11,-1283941376,47,2,256,0,""[0,0,0,0,0,0,0,0,0,0,0,0,-26,9,-26,7,-35,9,-26,7,-35,-2,-35,-2,-30,7,-47,2,-33,-2,-45,-2,-42,-4,-37,-7,-42,-11,-40,-9,-40,-9,-61,-9,-45,-7,-56,-14,-42,-16,-45,0,-52,-2,-47,-14,-56,-9,-49,-9,-47,-18,-54,-18,-54,-9,-59,-2,-71,-30,-42,-9,-68,-16,-49,0,-68,11,-42,-9,-59,14,-80,4,-61,16,-56,-7,-61,-16,-49,18,-64,14,-75,0,-71,4,-52,9,-61,2,-101,33,-80,26,-68,26,-54,26,-87,16,-85,26,-75,52,-80,52,-94,59,-75,35,-68,40,-68,56,0,0,0,0,0,0,49,71,64,90,47,71,56,78,66,94,47,68,64,90,49,61,66,75,54,59,54,59,68,66,59,61,71,64,56,56,54,61,52,56,61,52,54,35,78,59,59,37,75,35,52,33,59,28,71,33,61,30,71,33,61,35,64,35,68,28,68,23,59,11,75,35,61,23,64,16,40,18,64,14,56,26,59,18,56,21,54,23,49,28,47,28,47,26,42,21,45,30,33,23,37,18,28,16,35,21,26,21,30,18,23,23,28,18,11,16,11,21,7,18,0,0,0,0,0,0,0,0,0,0]"""
1782313077200,2026-06-24T23:57:57.200,warning,bed_exit,yja,bed_exit_failed,t030,"CSI_DATA,334890,1a:00:00:00:00:00,-68,11,-99,21,51,11,-1283930376,47,2,256,0,""[0,0,0,0,0,0,0,0,0,0,0,0,-23,19,-27,16,-27,16,-27,16,-29,12,-33,10,-35,12,-33,6,-48,6,-35,2,-38,2,-46,-4,-46,0,-48,-2,-52,-6,-48,6,-54,-2,-57,-6,-48,-2,-52,-21,-57,-25,-54,-10,-50,-23,-52,-12,-50,-19,-54,-14,-54,-16,-57,-21,-52,-8,-54,-4,-59,-12,-54,-16,-50,-21,-54,-19,-52,-27,-67,-8,-57,-16,-65,-6,-59,-12,-61,-8,-61,-19,-69,6,-71,2,-78,-6,-78,-4,-65,-14,-80,-2,-78,-19,-76,-2,-84,-12,-88,6,-101,10,-99,0,-90,-2,-99,12,-88,-12,-88,-8,0,0,0,0,0,0,-2,97,-8,97,-10,86,-12,101,-14,90,-14,101,-4,92,-2,86,-12,92,-14,86,-16,90,-27,80,-4,90,-25,80,-10,78,-12,80,-14,73,-12,78,-14,80,4,73,10,76,-4,80,-6,71,-2,67,-21,71,-2,80,-14,67,-2,69,-2,67,-2,65,-2,71,-8,73,8,59,6,59,-4,69,-4,61,-12,59,-10,63,-16,61,-19,61,-16,57,-6,52,-14,46,-16,46,-21,44,-10,48,-8,46,-19,40,-25,35,-25,25,-25,27,-25,21,-19,25,-25,19,-21,16,-21,12,-23,8,0,0,0,0,0,0,0,0,0,0]"""
1782313077212,2026-06-24T23:57:57.212,warning,bed_exit,yja,bed_exit_failed,t030,"CSI_DATA,334891,1a:00:00:00:00:00,-68,11,-99,15,52,11,-1283918301,47,2,256,0,""[0,0,0,0,0,0,0,0,0,0,0,0,-24,-4,-22,-6,-35,-11,-33,-8,-35,-15,-26,-13,-31,-11,-35,-20,-29,-22,-40,-29,-31,-24,-29,-24,-35,-33,-35,-38,-29,-33,-29,-47,-26,-42,-26,-51,-17,-47,-17,-33,-26,-49,-20,-51,-26,-55,-17,-47,-17,-53,-15,-53,-17,-58,-22,-47,-17,-69,-13,-58,-13,-62,-6,-47,-26,-53,-15,-58,-24,-58,-17,-67,-11,-64,-4,-58,-17,-71,-20,-76,-24,-67,-6,-73,-6,-60,-33,-64,-15,-42,-38,-67,-11,-62,-42,-71,-26,-94,-26,-89,-13,-73,-11,-94,-13,-76,-22,-89,-8,-91,-17,-87,-29,-102,0,0,0,0,0,0,-94,13,-120,8,-73,6,-89,4,-109,-2,-82,-4,-105,-8,-89,-2,-102,-6,-73,-6,-73,-2,-91,4,-87,-6,-98,4,-71,-6,-76,-2,-76,-6,-85,-11,-69,0,-89,-11,-64,-2,-82,-13,-60,-4,-69,-2,-80,4,-73,-6,-82,-4,-62,-13,-69,-11,-60,-8,-73,-13,-62,-6,-78,-22,-60,-15,-69,-15,-44,-11,-62,-6,-55,-20,-60,-4,-60,-17,-55,-31,-38,-29,-49,-33,-49,-38,-44,-26,-29,-42,-24,-31,-29,-26,-13,-26,-24,-26,-20,-29,-20,-26,-17,-33,-13,-31,-4,-26,0,-22,2,-22,0,0,0,0,0,0,0,0,0,0]"""
1782313077222,2026-06-24T23:57:57.222,warning,bed_exit,yja,bed_exit_failed,t030,"CSI_DATA,334892,1a:00:00:00:00:00,-68,11,-99,19,51,11,-1283908162,47,2,256,0,""[0,0,0,0,0,0,0,0,0,0,0,0,29,4,22,4,33,13,26,6,29,15,29,15,31,15,42,22,35,24,44,22,33,22,31,26,35,29,38,31,31,22,51,38,40,31,40,40,29,33,40,29,47,29,35,40,49,44,35,33,33,44,38,40,42,42,38,35,42,49,38,40,51,35,31,29,47,33,44,38,51,33,55,35,58,44,51,31,58,40,62,33,62,22,64,38,62,31,71,24,53,17,82,20,67,31,87,2,89,26,85,29,69,20,91,31,87,20,94,20,94,29,89,24,96,6,0,0,0,0,0,0,8,-96,17,-105,20,-71,6,-96,17,-114,11,-85,17,-107,6,-85,6,-98,8,-85,6,-78,0,-94,0,-85,-2,-94,0,-78,2,-80,0,-80,-2,-87,-8,-67,-8,-94,-17,-71,-15,-80,-8,-62,-17,-64,-17,-73,-20,-67,-29,-78,-15,-62,-20,-76,-26,-62,-26,-71,-31,-58,-17,-71,-20,-60,-31,-53,-13,-47,-26,-55,-17,-62,-20,-47,-22,-62,-15,-60,-6,-58,-4,-58,-11,-55,-8,-51,0,-47,-2,-42,-13,-42,-2,-29,-4,-42,4,-35,-4,-40,2,-31,2,-35,8,-22,6,-22,15,-17,0,0,0,0,0,0,0,0,0,0]"""
1782313077233,2026-06-24T23:57:57.233,warning,bed_exit,yja,bed_exit_failed,t030,"CSI_DATA,334893,1a:00:00:00:00:00,-68,11,-99,18,51,11,-1283895360,47,2,256,0,""[0,0,0,0,0,0,0,0,0,0,0,0,-11,-23,-11,-29,-16,-23,-16,-32,-13,-27,-11,-36,-6,-34,-4,-34,-9,-46,4,-41,0,-43,2,-41,2,-48,-2,-46,2,-57,-2,-41,-2,-48,-2,-50,2,-52,16,-52,23,-48,-2,-62,16,-50,13,-55,9,-62,9,-50,11,-50,13,-57,-2,-52,-4,-62,6,-59,2,-64,2,-59,2,-62,4,-57,2,-62,2,-57,-6,-55,-2,-64,-4,-57,0,-69,-20,-59,-23,-59,-16,-80,-11,-82,-9,-64,-18,-73,-6,-80,-23,-80,-20,-89,-34,-89,-27,-82,-25,-85,-25,-82,-36,-82,-36,-99,-34,-94,0,0,0,0,0,0,-103,34,-85,32,-96,32,-92,32,-73,20,-94,25,-78,34,-92,34,-85,32,-87,27,-82,27,-78,16,-78,32,-82,23,-71,27,-71,29,-71,27,-69,32,-80,36,-57,39,-59,43,-66,39,-66,39,-62,39,-59,34,-64,50,-57,29,-57,39,-62,34,-50,36,-59,34,-71,36,-43,43,-48,41,-50,39,-59,39,-52,32,-50,34,-62,29,-50,27,-46,23,-43,27,-48,23,-43,20,-46,16,-39,25,-43,20,-43,16,-41,11,-29,4,-32,4,-34,-2,-34,4,-32,-2,-25,-6,-27,-4,-23,-6,0,0,0,0,0,0,0,0,0,0]"""
1782313077244,2026-06-24T23:57:57.244,warning,bed_exit,yja,bed_exit_failed,t030,"CSI_DATA,334894,1a:00:00:00:00:00,-68,11,-99,20,51,11,-1283884843,47,2,256,0,""[0,0,0,0,0,0,0,0,0,0,0,0,-19,-15,-26,-26,-19,-13,-23,-28,-15,-23,-26,-30,-23,-36,-17,-28,-28,-34,-13,-28,-15,-34,-19,-43,-23,-45,-17,-47,-21,-58,-17,-30,-23,-50,-13,-41,-19,-56,-13,-58,-13,-58,-17,-56,-10,-45,-6,-47,-19,-56,-21,-52,-19,-54,-15,-71,-15,-39,-26,-65,-13,-52,-23,-69,-15,-54,-23,-54,-19,-58,-28,-54,-23,-47,-36,-47,-36,-50,-34,-54,-36,-71,-36,-34,-52,-63,-32,-54,-54,-65,-34,-56,-54,-58,-47,-65,-56,-63,-52,-52,-69,-60,-76,-56,-80,-69,-56,-52,-71,-56,-93,-73,-67,-71,0,0,0,0,0,0,-89,73,-65,52,-78,78,-67,69,-43,58,-76,82,-47,54,-73,76,-58,50,-65,78,-58,65,-54,58,-50,80,-47,52,-50,60,-43,73,-39,67,-43,63,-56,76,-21,54,-36,80,-36,54,-43,82,-34,67,-34,60,-28,67,-23,52,-28,63,-28,78,-17,58,-23,54,-36,69,-17,45,-21,71,-26,52,-23,78,-32,54,-21,58,-34,52,-26,54,-19,43,-17,50,-21,50,-21,36,-30,47,-13,34,-21,41,-30,30,-32,41,-23,26,-21,26,-26,19,-21,23,-21,13,-19,15,-19,17,-23,13,0,0,0,0,0,0,0,0,0,0]"""
1782313077255,2026-06-24T23:57:57.255,warning,bed_exit,yja,bed_exit_failed,t030,"CSI_DATA,334895,1a:00:00:00:00:00,-68,11,-99,20,51,11,-1283875376,47,2,256,0,""[0,0,0,0,0,0,0,0,0,0,0,0,21,13,30,15,21,17,30,19,26,13,32,26,36,28,21,28,34,21,23,26,36,30,39,30,34,30,32,23,36,30,34,28,45,32,36,28,47,45,30,43,23,45,43,32,34,41,50,36,47,30,50,32,47,23,47,32,45,19,54,19,56,26,67,32,52,30,52,28,52,26,56,21,54,15,73,4,60,10,56,4,60,13,63,-10,71,-13,73,-4,95,-15,78,-6,76,-17,84,-8,71,-13,76,-23,84,-39,73,-43,76,-36,89,-41,76,-52,84,-47,93,-43,0,0,0,0,0,0,-52,-78,-54,-71,-60,-87,-54,-87,-45,-65,-63,-78,-52,-58,-76,-73,-65,-54,-73,-76,-69,-69,-58,-58,-63,-56,-56,-50,-84,-45,-69,-36,-67,-30,-60,-30,-65,-34,-58,-15,-76,-15,-71,-21,-82,-28,-71,-26,-67,-17,-65,-19,-63,-13,-69,0,-71,2,-65,-4,-56,-4,-71,-4,-56,13,-65,15,-69,10,-82,4,-69,-8,-58,8,-60,-8,-50,0,-54,6,-58,17,-52,8,-41,10,-45,-2,-50,13,-47,13,-41,2,-54,-4,-34,-6,-39,-6,-32,-8,-28,-4,-26,-8,-30,-2,-26,-2,-28,-8,0,0,0,0,0,0,0,0,0,0]"""
1782313077271,2026-06-24T23:57:57.271,warning,bed_exit,yja,bed_exit_failed,t030,"CSI_DATA,334896,1a:00:00:00:00:00,-68,11,-99,20,51,11,-1283853854,47,2,256,0,""[0,0,0,0,0,0,0,0,0,0,0,0,-13,23,-19,30,-13,21,-19,30,-13,26,-28,34,-26,34,-21,21,-28,32,-26,17,-36,19,-39,21,-39,26,-39,28,-45,39,-30,23,-52,28,-36,28,-52,36,-52,34,-43,32,-47,34,-45,19,-47,28,-45,34,-50,23,-50,23,-54,34,-32,26,-43,41,-47,34,-58,45,-45,36,-43,43,-45,43,-39,41,-41,34,-39,50,-39,47,-39,43,-50,56,-28,52,-30,69,-34,58,-56,80,-41,54,-30,76,-45,69,-26,67,-34,73,-26,89,-34,73,-34,84,-34,78,-28,93,-32,100,-32,93,0,0,0,0,0,0,108,34,80,32,108,30,93,32,71,23,104,36,84,19,93,28,80,10,106,36,89,21,78,17,84,21,69,19,82,19,82,15,76,10,71,10,89,6,63,0,80,-4,69,2,89,0,76,-4,69,-6,73,-6,60,0,69,-13,67,-8,67,-4,63,4,80,0,47,-17,65,-19,60,-13,84,-13,60,-4,60,-23,63,-6,54,-4,52,2,58,-8,47,-6,43,0,52,2,36,-4,50,-10,45,4,52,13,32,10,34,2,32,15,28,4,26,10,28,17,26,13,26,13,0,0,0,0,0,0,0,0,0,0]"""
1782313077281,2026-06-24T23:57:57.281,warning,bed_exit,yja,bed_exit_failed,t030,"CSI_DATA,334897,1a:00:00:00:00:00,-68,11,-99,18,51,11,-1283853321,47,2,256,0,""[0,0,0,0,0,0,0,0,0,0,0,0,-25,-6,-34,-9,-20,-6,-29,-11,-32,-9,-36,-16,-36,-16,-29,-13,-41,-16,-20,-20,-34,-23,-41,-29,-39,-34,-34,-29,-46,-27,-32,-20,-46,-27,-39,-23,-43,-39,-55,-29,-41,-23,-43,-27,-39,-36,-43,-34,-43,-36,-41,-39,-41,-34,-46,-41,-46,-23,-48,-32,-43,-29,-62,-39,-52,-29,-57,-20,-50,-27,-55,-23,-50,-18,-66,-20,-52,-23,-50,-20,-59,-25,-59,0,-80,-2,-69,-16,-96,-16,-66,-6,-82,9,-80,-9,-73,4,-80,-4,-94,4,-89,2,-94,6,-89,6,-85,9,-103,11,-89,9,0,0,0,0,0,0,11,94,13,85,23,117,25,94,11,71,23,101,18,64,23,94,27,73,29,105,27,92,25,85,34,85,16,73,27,80,25,73,27,76,18,62,34,73,34,52,50,66,43,62,41,73,41,57,46,50,48,55,39,48,41,50,46,55,39,50,32,52,43,59,43,29,50,41,46,46,55,57,39,50,48,39,39,46,41,39,29,41,41,41,32,41,20,34,25,43,32,27,39,32,23,39,25,48,13,32,20,36,13,32,13,25,2,20,6,29,6,20,0,25,0,0,0,0,0,0,0,0,0,0]"""
1782313077291,2026-06-24T23:57:57.291,warning,bed_exit,yja,bed_exit_failed,t030,"CSI_DATA,334898,1a:00:00:00:00:00,-68,11,-99,19,51,11,-1283841483,47,2,256,0,""[0,0,0,0,0,0,0,0,0,0,0,0,-24,15,-29,11,-24,15,-31,8,-31,13,-31,11,-38,11,-35,0,-40,6,-42,2,-42,-2,-47,0,-47,8,-49,-2,-49,-6,-55,2,-47,0,-58,-2,-51,-6,-49,-13,-53,-22,-53,-2,-60,-17,-55,-11,-51,-13,-51,-17,-58,-17,-58,-17,-60,-4,-58,-4,-58,-13,-53,-6,-53,-8,-55,-8,-58,-11,-62,-4,-62,-13,-60,-11,-58,-6,-62,-2,-62,-4,-67,13,-69,11,-78,4,-80,6,-69,0,-82,4,-82,-4,-78,8,-89,11,-80,22,-89,15,-87,11,-96,17,-91,24,-89,8,-89,17,0,0,0,0,0,0,11,105,11,100,11,89,8,98,15,102,4,96,22,91,20,89,13,89,6,87,6,89,2,80,15,91,11,80,11,78,8,80,15,71,17,76,15,82,33,69,26,67,24,76,22,67,24,71,13,69,31,73,13,71,22,60,20,67,20,67,20,64,17,69,33,58,31,58,22,67,24,55,17,58,17,62,6,58,11,55,6,53,11,55,11,51,6,49,4,47,15,49,2,42,0,47,-6,44,-4,33,-6,35,-13,33,-8,29,-11,26,-15,24,-11,24,-15,20,0,0,0,0,0,0,0,0,0,0]"""
1782313077302,2026-06-24T23:57:57.302,warning,bed_exit,yja,bed_exit_failed,t030,"CSI_DATA,334899,1a:00:00:00:00:00,-68,11,-99,20,51,11,-1283831376,47,2,256,0,""[0,0,0,0,0,0,0,0,0,0,0,0,-19,21,-13,23,-17,26,-17,26,-19,21,-21,28,-30,28,-28,28,-32,23,-30,28,-26,34,-32,32,-30,32,-28,32,-23,23,-36,36,-36,34,-36,36,-43,36,-36,41,-23,34,-41,32,-41,41,-43,41,-39,36,-39,41,-32,41,-28,43,-41,41,-30,45,-32,50,-32,52,-32,54,-26,54,-19,56,-21,50,-23,63,-15,67,-13,63,-8,58,-8,60,-10,73,-6,73,2,69,0,87,10,87,8,78,10,80,6,71,13,80,21,84,19,80,23,82,26,104,28,87,30,76,34,93,0,0,0,0,0,0,82,-45,80,-43,87,-47,82,-47,71,-47,73,-52,80,-54,71,-52,69,-54,76,-56,69,-67,63,-65,58,-54,54,-65,63,-67,47,-63,47,-67,41,-63,30,-58,47,-71,39,-65,28,-71,32,-67,34,-71,21,-76,21,-63,19,-67,13,-73,13,-65,8,-71,6,-65,0,-60,13,-69,8,-65,0,-67,4,-67,6,-76,4,-63,4,-58,8,-52,6,-56,2,-67,4,-52,2,-43,2,-41,6,-50,4,-41,4,-41,8,-43,0,-41,4,-36,6,-32,6,-28,10,-32,6,-28,10,-23,8,-21,0,0,0,0,0,0,0,0,0,0]"""
1782313077313,2026-06-24T23:57:57.313,warning,bed_exit,yja,bed_exit_failed,t030,"CSI_DATA,334900,1a:00:00:00:00:00,-68,11,-99,17,51,11,-1283818617,47,2,256,0,""[0,0,0,0,0,0,0,0,0,0,0,0,49,-23,18,-18,-80,80,35,16,16,7,-73,54,16,23,54,-9,18,94,56,47,49,18,35,16,54,11,45,14,33,21,82,64,59,18,40,23,61,33,47,11,49,23,54,21,61,26,56,21,42,23,52,18,49,18,42,9,64,28,54,16,54,9,49,16,59,7,64,14,56,7,59,2,66,9,68,0,71,11,73,0,56,-4,73,-7,66,-11,71,-23,64,-14,78,-28,71,-23,75,-35,75,-21,80,-28,80,-21,75,-30,68,-33,94,-47,82,-35,85,-35,78,-47,0,0,0,0,0,0,-40,-64,-61,-90,-47,-73,-75,-71,-68,-85,-54,-59,-73,-82,-54,-61,-68,-73,-52,-61,-61,-56,-73,-59,-54,-49,-68,-56,-68,-47,-59,-49,-68,-52,-68,-42,-56,-26,-75,-45,-64,-26,-75,-23,-61,-26,-73,-26,-75,-23,-64,-21,-78,-18,-68,-14,-66,-23,-71,-14,-73,-11,-59,-2,-78,-18,-61,-14,-64,-7,-54,-14,-68,-7,-61,-11,-59,-9,-54,-4,-61,-9,-52,-9,-54,-21,-52,-11,-47,-4,-49,-11,-45,-9,-40,-4,-33,-11,-40,-9,-30,-11,-30,-4,-26,-14,-28,-16,-23,-14,-16,-16,-16,-14,0,0,0,0,0,0,0,0,0,0]"""
1782313077324,2026-06-24T23:57:57.324,warning,bed_exit,yja,bed_exit_failed,t030,"CSI_DATA,334901,1a:00:00:00:00:00,-67,11,-99,20,51,11,-1283803564,47,2,256,0,""[0,0,0,0,0,0,0,0,0,0,0,0,-23,19,-28,15,-28,15,-30,15,-30,13,-30,13,-32,15,-34,13,-36,10,-43,13,-43,-2,-47,0,-43,-2,-47,-4,-43,-10,-54,-10,-50,-8,-47,-26,-47,-10,-39,-6,-41,-21,-63,-13,-56,-23,-43,-32,-45,-26,-54,-30,-47,-39,-43,-36,-54,-34,-43,-34,-43,-43,-43,-23,-45,-28,-58,-26,-56,-23,-60,-34,-56,-34,-43,-47,-58,-32,-56,-45,-52,-41,-58,-45,-47,-41,-56,-50,-50,-36,-65,-39,-60,-39,-73,-34,-73,-39,-76,-47,-54,-50,-63,-56,-56,-60,-78,-60,-52,-73,-69,-52,-76,-63,0,0,0,0,0,0,-73,58,-97,60,-67,47,-84,45,-87,63,-82,39,-89,47,-71,41,-93,32,-67,43,-65,43,-73,43,-76,54,-73,52,-76,23,-69,32,-67,41,-71,30,-69,28,-76,34,-65,30,-76,19,-56,30,-52,34,-65,23,-65,45,-69,43,-65,17,-65,28,-65,30,-71,19,-63,13,-69,17,-58,13,-73,2,-50,17,-63,19,-63,19,-60,19,-65,10,-58,2,-52,-15,-54,0,-50,-8,-45,-8,-50,-17,-39,-21,-41,-15,-32,-13,-28,-13,-34,-17,-32,-15,-26,-19,-21,-21,-13,-23,-8,-23,-8,-21,0,0,0,0,0,0,0,0,0,0]"""
1782313077334,2026-06-24T23:57:57.334,warning,bed_exit,yja,bed_exit_failed,t030,"CSI_DATA,334902,1a:00:00:00:00:00,-68,11,-99,21,51,11,-1283798334,47,2,256,0,""[0,0,0,0,0,0,0,0,0,0,0,0,-31,6,-25,4,-29,4,-25,6,-38,2,-31,-2,-35,0,-40,4,-35,0,-44,2,-44,2,-40,0,-42,-8,-42,-2,-35,-2,-57,-6,-46,2,-61,-2,-50,-6,-57,-14,-63,-8,-42,-8,-63,-2,-59,0,-50,-6,-50,-4,-54,0,-44,4,-65,-4,-54,2,-57,6,-59,-4,-63,8,-59,6,-59,14,-54,12,-67,14,-61,23,-59,16,-63,21,-52,25,-69,27,-59,27,-65,40,-61,31,-63,59,-63,44,-61,52,-61,48,-69,57,-71,52,-63,50,-54,54,-80,76,-69,63,-61,50,-67,78,0,0,0,0,0,0,69,50,84,61,76,52,80,52,82,61,76,42,86,61,71,42,88,50,76,46,86,38,88,38,67,29,82,35,86,27,69,25,78,31,76,19,61,12,86,21,67,12,82,2,71,8,78,4,78,-4,65,0,84,-4,78,-8,71,4,69,-8,63,-8,48,-16,84,-4,59,-4,61,-16,59,-2,69,-16,63,-4,59,-12,61,-8,65,-8,50,-8,54,2,46,-4,42,-12,52,0,42,-2,46,-6,35,0,46,-4,33,-2,31,2,31,12,27,8,27,4,23,10,19,8,0,0,0,0,0,0,0,0,0,0]"""
1782313077346,2026-06-24T23:57:57.346,warning,bed_exit,yja,bed_exit_failed,t030,"CSI_DATA,334903,1a:00:00:00:00:00,-68,11,-99,19,51,11,-1283784787,47,2,256,0,""[0,0,0,0,0,0,0,0,0,0,0,0,13,-26,13,-31,17,-26,13,-24,22,-26,17,-26,17,-31,20,-29,20,-33,22,-38,33,-29,33,-35,31,-31,31,-33,33,-31,33,-44,29,-40,42,-35,38,-35,33,-33,35,-26,33,-44,42,-42,42,-29,40,-40,38,-42,44,-42,42,-44,35,-49,35,-44,40,-51,29,-42,26,-51,26,-51,29,-53,17,-62,26,-60,31,-60,17,-64,20,-62,24,-60,11,-76,13,-67,20,-69,4,-73,-2,-73,0,-76,-6,-82,-11,-85,-6,-89,0,-80,-15,-91,-13,-91,-22,-94,-13,-91,-20,-89,-20,-91,0,0,0,0,0,0,-98,24,-105,24,-89,20,-94,29,-100,29,-89,24,-94,26,-82,22,-85,29,-76,42,-78,35,-76,38,-69,55,-80,42,-76,33,-69,44,-64,44,-67,44,-67,44,-53,64,-53,51,-60,51,-42,53,-44,60,-42,53,-33,67,-42,60,-44,53,-44,62,-33,60,-40,62,-35,55,-31,67,-35,55,-33,60,-24,58,-24,55,-20,55,-29,60,-24,64,-29,51,-33,44,-26,47,-31,47,-29,38,-26,47,-24,35,-31,35,-24,33,-24,33,-20,31,-17,24,-17,26,-22,22,-22,17,-20,15,-22,13,0,0,0,0,0,0,0,0,0,0]"""
1782313077357,2026-06-24T23:57:57.357,warning,bed_exit,yja,bed_exit_failed,t030,"CSI_DATA,334904,1a:00:00:00:00:00,-67,11,-99,14,52,11,-1283776350,47,2,256,0,""[0,0,0,0,0,0,0,0,0,0,0,0,-29,-6,-27,-6,-34,-13,-29,-9,-32,-11,-25,-16,-29,-9,-34,-16,-36,-16,-41,-23,-27,-25,-34,-27,-34,-25,-29,-39,-29,-34,-43,-36,-36,-23,-39,-43,-34,-32,-27,-29,-32,-39,-48,-34,-39,-46,-29,-43,-32,-48,-32,-41,-39,-50,-36,-36,-48,-50,-39,-39,-46,-36,-32,-36,-43,-34,-43,-36,-52,-36,-57,-34,-55,-43,-43,-34,-50,-46,-55,-43,-59,-34,-64,-36,-59,-34,-71,-29,-41,-23,-69,-25,-62,-29,-80,-20,-92,-27,-94,-34,-64,-36,-82,-39,-82,-27,-92,-25,-89,-36,-89,-32,-96,-32,0,0,0,0,0,0,-36,94,-34,117,-23,76,-20,89,-29,112,-23,80,-27,103,-27,87,-25,99,-18,71,-9,73,-18,89,-4,89,-20,99,-20,66,-20,80,-13,80,-13,85,-9,80,-2,89,0,66,4,80,0,59,6,69,4,78,9,78,4,82,-2,64,-2,76,2,69,0,76,6,66,11,82,9,64,13,64,2,50,9,62,6,64,11,64,9,64,4,62,-6,46,-9,55,-11,62,-6,52,-2,50,-9,41,-4,43,-6,29,-6,36,-11,32,-2,34,-13,36,-13,32,-13,18,-18,20,-16,18,0,0,0,0,0,0,0,0,0,0]"""
1782313077367,2026-06-24T23:57:57.367,warning,bed_exit,yja,bed_exit_failed,t030,"CSI_DATA,334905,1a:00:00:00:00:00,-67,11,-99,19,51,11,-1283764599,47,2,256,0,""[0,0,0,0,0,0,0,0,0,0,0,0,24,-4,33,-8,24,-11,31,-6,24,-8,38,-8,40,-6,33,-2,40,-8,35,0,40,0,49,4,42,0,44,2,55,-4,42,2,62,-2,51,0,58,2,51,-2,40,4,58,-4,53,8,53,4,60,2,58,2,53,6,67,4,42,-11,62,-15,60,-2,71,-15,58,-13,62,-22,62,-17,55,-17,53,-17,58,-24,55,-22,58,-15,64,-26,53,-38,58,-44,60,-40,80,-62,58,-35,53,-58,71,-49,49,-60,55,-58,58,-69,62,-62,64,-73,62,-64,55,-71,62,-87,53,-73,0,0,0,0,0,0,-89,-51,-73,-51,-94,-58,-80,-55,-64,-44,-89,-58,-73,-35,-100,-49,-76,-33,-91,-51,-82,-35,-76,-33,-87,-31,-69,-35,-78,-35,-80,-26,-76,-24,-67,-22,-91,-22,-62,-6,-78,2,-73,-8,-82,-4,-73,6,-67,4,-76,11,-60,0,-67,4,-69,4,-67,0,-67,-2,-76,2,-51,17,-67,22,-69,13,-80,15,-60,8,-60,22,-67,13,-62,13,-53,8,-58,15,-53,8,-40,6,-53,6,-40,8,-53,11,-42,2,-53,4,-33,0,-38,6,-31,-2,-31,0,-26,-8,-24,-8,-29,-6,-24,-11,0,0,0,0,0,0,0,0,0,0]"""
1782313077378,2026-06-24T23:57:57.378,warning,bed_exit,yja,bed_exit_failed,t030,"CSI_DATA,334906,1a:00:00:00:00:00,-67,11,-99,14,51,11,-1283753073,47,2,256,0,""[0,0,0,0,0,0,0,0,0,0,0,0,25,-20,20,-18,33,-12,25,-10,31,-18,31,-7,31,-10,38,-12,36,-10,49,-7,41,-12,43,-5,46,-7,43,-5,43,-7,59,0,46,-5,54,-2,49,10,54,-10,51,-7,56,12,59,0,54,7,56,12,56,7,62,7,46,0,69,10,56,7,62,0,51,10,67,0,62,5,64,0,59,-7,69,0,67,-5,72,0,72,-7,64,-15,77,-12,64,-15,80,-23,56,-18,80,-33,74,-18,80,-31,82,-18,80,-20,87,-12,77,-20,74,-28,98,-36,93,-23,82,-20,95,-31,0,0,0,0,0,0,-25,-90,-41,-105,-23,-87,-46,-93,-41,-108,-36,-74,-28,-108,-33,-74,-36,-98,-25,-77,-31,-82,-46,-80,-31,-74,-36,-90,-33,-77,-31,-72,-31,-82,-36,-72,-28,-59,-43,-77,-36,-56,-49,-64,-36,-64,-41,-64,-46,-64,-38,-56,-49,-64,-43,-62,-33,-64,-36,-62,-43,-54,-41,-43,-43,-64,-36,-56,-49,-51,-31,-51,-43,-56,-28,-51,-36,-54,-31,-46,-28,-59,-25,-51,-18,-56,-20,-54,-23,-43,-20,-51,-12,-41,-15,-38,-5,-38,-12,-38,0,-38,-7,-33,-2,-36,5,-31,5,-33,2,-23,2,-23,0,0,0,0,0,0,0,0,0,0]"""
1782313077388,2026-06-24T23:57:57.388,warning,bed_exit,yja,bed_exit_failed,t030,"CSI_DATA,334907,1a:00:00:00:00:00,-67,11,-99,19,51,11,-1283742143,47,2,256,0,""[0,0,0,0,0,0,0,0,0,0,0,0,31,-6,29,-4,38,0,26,-2,38,2,31,6,33,4,47,6,35,11,49,11,33,17,40,17,42,22,44,29,42,20,47,40,38,29,40,33,35,33,35,42,49,51,35,35,44,47,33,44,33,51,29,47,31,49,31,38,40,60,31,51,26,47,22,42,42,47,35,53,38,44,38,49,38,62,22,51,35,60,42,58,38,51,40,69,31,60,51,58,29,38,58,64,33,58,62,67,47,78,51,76,35,69,33,82,40,73,53,94,42,91,42,78,51,94,0,0,0,0,0,0,100,-40,107,-42,80,-20,87,-38,111,-31,78,-22,109,-33,82,-22,105,-24,78,-11,73,-22,94,-24,87,-17,98,-24,78,-13,80,-8,80,-15,82,-11,76,-15,91,-11,71,-13,80,-17,64,-11,71,-17,85,-22,71,-15,82,-17,73,-11,73,-4,71,-6,76,-6,64,-13,87,-8,67,0,71,-6,53,4,73,-4,67,8,62,-2,64,4,62,13,53,17,53,22,53,20,51,20,49,22,38,24,38,17,26,17,35,20,22,20,29,24,20,26,22,33,11,24,8,24,6,26,0,0,0,0,0,0,0,0,0,0]"""
1782313077402,2026-06-24T23:57:57.402,warning,bed_exit,yja,bed_exit_failed,t030,"CSI_DATA,334908,1a:00:00:00:00:00,-67,11,-99,19,51,11,-1283722598,47,2,256,0,""[0,0,0,0,0,0,0,0,0,0,0,0,13,-20,24,-22,20,-20,26,-20,22,-20,35,-17,42,-20,40,-15,40,-4,35,-8,47,-13,44,-11,47,-11,42,-8,49,-2,47,4,58,6,49,8,58,20,67,11,58,0,49,22,47,20,60,15,53,15,55,15,51,20,60,22,47,29,58,29,51,24,64,38,55,38,49,31,51,26,47,35,51,26,69,29,62,26,58,22,58,31,58,31,71,40,55,29,78,53,73,51,71,49,64,55,58,44,69,44,85,47,73,42,76,58,76,64,76,55,85,67,69,73,0,0,0,0,0,0,73,-69,64,-55,89,-87,85,-49,69,-51,89,-67,73,-47,89,-55,78,-49,96,-55,91,-44,85,-42,78,-33,69,-35,82,-55,78,-44,67,-42,64,-40,67,-35,69,-26,71,-35,67,-35,82,-35,85,-24,67,-31,62,-17,62,-29,73,-38,62,-33,67,-26,64,-24,67,-22,62,-15,71,-15,64,-13,76,-6,73,-2,62,-4,64,2,60,6,58,0,67,-2,62,6,44,4,47,13,44,17,47,22,40,15,44,24,40,29,31,22,22,26,17,24,22,17,22,26,13,22,13,20,0,0,0,0,0,0,0,0,0,0]"""
1782313077412,2026-06-24T23:57:57.412,warning,bed_exit,yja,bed_exit_failed,t030,"CSI_DATA,334909,1a:00:00:00:00:00,-67,11,-99,14,51,11,-1283716392,47,2,256,0,""[0,0,0,0,0,0,0,0,0,0,0,0,59,-28,54,-31,142,-51,41,2,12,-31,-90,-25,36,7,15,-2,108,-43,67,-36,46,-20,41,-23,51,0,51,-5,69,-2,87,-20,56,-23,51,-2,41,18,49,-7,51,10,64,-18,62,-5,54,-12,64,-12,56,-10,56,-10,62,-7,54,-31,51,-33,56,-18,59,-28,54,-20,62,-25,62,-25,56,-38,54,-25,51,-36,54,-41,49,-43,59,-46,33,-56,33,-56,49,-69,46,-64,54,-54,46,-62,56,-62,43,-74,43,-87,31,-82,31,-85,41,-82,33,-90,10,-100,31,-98,25,-98,0,0,0,0,0,0,-108,-31,-105,-12,-103,-15,-103,-23,-98,-18,-90,-12,-93,2,-100,5,-100,0,-87,-7,-87,0,-87,-18,-90,10,-87,5,-85,12,-77,10,-80,23,-80,15,-85,15,-67,36,-69,49,-74,28,-72,33,-72,25,-69,38,-72,38,-64,18,-49,41,-64,36,-49,43,-54,38,-72,43,-43,49,-33,62,-43,51,-56,43,-46,31,-51,43,-56,31,-41,36,-56,38,-36,38,-49,43,-38,41,-38,33,-23,36,-25,43,-36,31,-33,25,-25,18,-36,23,-33,12,-33,18,-31,20,-20,12,-25,7,-25,7,0,0,0,0,0,0,0,0,0,0]"""
1782313077423,2026-06-24T23:57:57.423,warning,bed_exit,yja,bed_exit_failed,t030,"CSI_DATA,334910,1a:00:00:00:00:00,-67,11,-99,16,51,11,-1283710290,47,2,256,0,""[0,0,0,0,0,0,0,0,0,0,0,0,4,-31,7,-26,7,-29,9,-31,7,-34,7,-36,9,-36,19,-29,14,-41,26,-34,21,-39,24,-39,26,-41,26,-43,29,-46,14,-53,12,-46,19,-48,29,-43,34,-48,43,-43,24,-53,31,-48,29,-51,39,-48,21,-46,24,-51,34,-51,17,-63,17,-58,17,-56,21,-63,24,-56,21,-61,26,-63,9,-65,9,-63,2,-68,9,-65,0,-68,9,-73,-17,-65,-21,-68,-9,-82,-12,-80,-4,-73,-19,-78,-12,-80,-24,-78,-19,-95,-34,-87,-43,-82,-43,-85,-41,-85,-53,-87,-34,-87,-41,-92,0,0,0,0,0,0,-90,46,-95,51,-85,51,-85,56,-82,58,-78,63,-80,61,-75,65,-78,61,-68,56,-73,58,-75,41,-61,65,-75,58,-58,61,-61,58,-56,61,-53,65,-61,63,-26,75,-29,75,-43,75,-39,68,-39,61,-39,65,-26,75,-31,68,-24,68,-34,73,-24,58,-24,70,-26,63,-12,75,-7,68,-17,78,-19,70,-24,58,-9,65,-26,68,-4,56,-17,68,-9,61,-12,51,-19,53,-19,48,-7,53,-9,51,-19,46,-17,41,-14,34,-14,36,-24,29,-17,29,-19,26,-19,19,-19,21,-17,19,0,0,0,0,0,0,0,0,0,0]"""
1782313077434,2026-06-24T23:57:57.434,warning,bed_exit,yja,bed_exit_failed,t030,"CSI_DATA,334911,1a:00:00:00:00:00,-67,11,-99,16,51,11,-1283697665,47,2,256,0,""[0,0,0,0,0,0,0,0,0,0,0,0,-24,7,-34,12,-17,4,-34,4,-24,7,-43,4,-41,-2,-39,-4,-43,0,-31,-2,-46,-4,-46,-2,-48,-2,-46,-7,-56,-4,-36,-2,-63,-7,-46,-4,-70,-7,-63,-19,-58,-17,-48,-17,-48,-14,-61,-7,-58,-7,-61,-9,-53,-12,-73,-14,-46,-4,-63,0,-56,-2,-82,-4,-63,-7,-61,0,-58,-2,-56,-4,-51,4,-73,12,-63,12,-58,14,-75,12,-53,21,-80,31,-63,21,-107,34,-80,19,-80,36,-85,26,-63,24,-70,31,-87,53,-75,46,-92,48,-78,41,-75,61,-100,63,-85,46,0,0,0,0,0,0,51,97,43,65,80,109,58,82,36,56,68,100,51,58,68,95,51,58,75,102,63,87,51,68,48,65,46,53,63,65,70,58,63,56,58,43,73,68,53,29,75,48,58,34,87,53,70,46,65,36,58,41,51,34,75,31,68,31,63,34,56,31,70,43,48,17,70,26,58,26,87,36,58,36,68,21,61,34,51,31,41,24,61,24,53,31,39,21,46,31,39,17,51,29,31,29,51,41,26,29,29,26,19,29,21,21,19,21,21,26,19,21,17,24,0,0,0,0,0,0,0,0,0,0]"""
1782313077444,2026-06-24T23:57:57.444,warning,bed_exit,yja,bed_exit_failed,t030,"CSI_DATA,334912,1a:00:00:00:00:00,-67,11,-99,16,51,11,-1283685123,47,2,256,0,""[0,0,0,0,0,0,0,0,0,0,0,0,31,9,24,12,31,19,21,14,29,26,24,21,24,29,29,36,14,34,29,34,24,41,26,39,26,41,19,41,14,34,7,63,7,53,4,61,2,51,-2,48,-7,56,0,48,2,73,2,63,-2,56,2,73,-2,61,-12,53,-17,75,-19,53,-9,53,0,51,0,68,-19,78,0,70,-12,82,-17,56,-12,73,-19,53,-19,61,7,73,-21,75,-43,65,-21,75,0,56,-21,87,-31,100,-21,95,-36,102,-9,70,-29,87,-41,65,-48,80,-43,100,-46,75,-41,82,-46,104,0,0,0,0,0,0,85,53,102,65,80,43,78,70,100,63,70,58,92,75,63,61,78,75,75,58,68,70,80,65,58,70,85,51,70,53,68,46,70,46,63,53,46,46,63,73,48,51,63,65,53,46,56,56,61,56,46,56,65,53,58,53,51,48,61,53,51,56,46,51,43,78,34,58,39,65,24,46,39,63,24,65,41,56,17,61,24,61,17,61,21,58,17,56,12,48,-4,63,-7,48,-4,43,-2,39,-4,46,-14,39,-7,36,-14,34,-12,29,-14,24,-12,24,-19,19,0,0,0,0,0,0,0,0,0,0]"""
1782313077454,2026-06-24T23:57:57.454,warning,bed_exit,yja,bed_exit_failed,t030,"CSI_DATA,334913,1a:00:00:00:00:00,-67,11,-99,20,50,11,-1283677377,47,2,256,0,""[0,0,0,0,0,0,0,0,0,0,0,0,29,-7,34,-7,31,-7,34,-7,36,-4,48,4,43,7,43,4,34,12,43,9,46,12,39,17,43,19,46,21,48,19,46,29,51,36,51,19,48,36,53,39,56,39,36,39,46,39,51,39,36,39,43,39,39,46,43,43,43,46,46,46,41,48,46,56,46,48,46,51,48,48,39,48,46,53,53,51,43,53,51,51,53,43,48,58,56,63,56,43,63,68,70,63,58,65,65,58,61,58,68,61,68,68,61,68,70,78,65,82,73,73,65,82,68,80,0,0,0,0,0,0,82,-61,80,-56,90,-73,82,-63,87,-53,90,-58,87,-53,90,-63,73,-48,104,-51,87,-48,82,-51,78,-31,73,-48,85,-53,78,-41,78,-43,73,-43,68,-46,80,-34,75,-46,65,-43,80,-51,68,-41,68,-36,63,-31,65,-34,68,-53,73,-34,65,-34,65,-29,65,-36,70,-26,70,-34,58,-31,75,-24,73,-26,70,-21,68,-21,61,-9,61,-7,65,-12,58,-4,58,-4,53,-2,53,4,56,7,46,-2,51,12,46,14,34,17,31,17,31,14,24,19,29,17,24,19,19,19,0,0,0,0,0,0,0,0,0,0]"""
1782313077465,2026-06-24T23:57:57.465,warning,bed_exit,yja,bed_exit_failed,t030,"CSI_DATA,334914,1a:00:00:00:00:00,-66,11,-99,15,50,11,-1283664950,47,2,256,0,""[0,0,0,0,0,0,0,0,0,0,0,0,-45,-135,36,14,-14,-56,2,-87,-16,-140,-25,-76,59,-22,64,-101,19,-25,-5,-50,73,11,19,-31,31,-42,64,-76,11,-33,19,-62,-2,-62,5,-64,16,-45,33,-67,11,-76,36,-47,28,-62,25,-45,33,-42,39,-50,36,-53,22,-56,36,-59,28,-42,22,-67,25,-53,22,-67,25,-53,19,-64,25,-62,22,-73,22,-73,25,-62,19,-67,8,-64,22,-84,16,-76,8,-76,16,-70,5,-101,16,-90,0,-90,8,-87,14,-90,16,-93,19,-95,5,-90,14,-115,19,-98,16,-93,2,-107,0,0,0,0,0,0,-104,2,-115,-8,-93,-11,-112,8,-121,-11,-95,2,-118,-8,-84,-8,-107,0,-93,-8,-109,0,-107,8,-84,-5,-98,5,-93,2,-90,-2,-95,0,-90,5,-67,14,-98,2,-81,8,-90,22,-73,5,-84,19,-87,25,-70,14,-87,19,-84,22,-78,11,-81,16,-78,25,-56,33,-90,11,-70,11,-67,19,-64,5,-78,28,-64,5,-67,19,-64,8,-64,8,-64,2,-62,-2,-64,-5,-53,5,-59,-11,-45,-5,-47,5,-39,-5,-53,-2,-36,-5,-42,-2,-31,-11,-33,-16,-31,-11,-19,-14,-22,-14,0,0,0,0,0,0,0,0,0,0]"""
1782313077476,2026-06-24T23:57:57.476,warning,bed_exit,yja,bed_exit_failed,t030,"CSI_DATA,334915,1a:00:00:00:00:00,-66,11,-99,14,51,11,-1283648724,47,2,256,0,""[0,0,0,0,0,0,0,0,0,0,0,0,15,-28,20,-28,18,-25,23,-33,18,-28,23,-31,28,-31,28,-31,28,-38,36,-31,36,-38,36,-41,38,-36,36,-33,43,-38,31,-36,38,-46,43,-38,49,-38,43,-36,49,-25,41,-54,43,-36,43,-46,46,-49,38,-43,38,-46,43,-49,33,-59,31,-62,38,-51,33,-59,38,-56,33,-64,36,-62,31,-64,23,-64,20,-69,18,-72,15,-72,20,-80,-7,-74,-5,-72,5,-90,2,-87,7,-74,-5,-90,2,-90,-12,-95,-7,-103,-28,-95,-25,-98,-15,-93,-25,-98,-43,-100,-31,-100,-36,-111,0,0,0,0,0,0,-111,49,-111,51,-108,49,-95,46,-87,36,-93,51,-90,56,-90,59,-87,46,-82,54,-80,51,-85,38,-74,62,-80,54,-64,64,-67,69,-62,67,-62,59,-67,72,-36,72,-36,82,-51,74,-46,74,-43,69,-46,67,-33,80,-38,67,-33,69,-25,74,-20,72,-25,72,-28,77,-7,74,-5,74,-15,74,-12,77,-23,67,-10,69,-25,67,-15,59,-12,59,-5,67,-12,64,-5,54,-18,51,-2,54,-5,54,-18,51,-12,43,-12,38,-10,38,-20,31,-7,36,-18,31,-10,23,-12,25,-15,23,0,0,0,0,0,0,0,0,0,0]"""
1782313077486,2026-06-24T23:57:57.486,warning,bed_exit,yja,bed_exit_failed,t030,"CSI_DATA,334916,1a:00:00:00:00:00,-66,11,-99,23,49,11,-1283640601,47,2,256,0,""[0,0,0,0,0,0,0,0,0,0,0,0,27,-2,37,2,37,-2,35,5,42,10,35,17,35,20,37,25,47,20,32,32,37,27,37,32,40,37,40,40,37,47,40,35,40,40,32,45,32,50,22,50,15,50,40,62,22,55,30,57,25,65,20,60,20,57,22,65,37,55,35,62,25,57,25,70,22,70,22,57,15,72,22,72,17,65,25,65,27,70,25,72,17,77,42,60,45,70,35,80,30,87,25,72,32,85,12,87,27,92,30,102,40,90,42,95,30,102,27,92,47,97,25,113,32,105,0,0,0,0,0,0,120,-15,123,-17,120,-7,108,-7,105,0,113,-7,100,-15,110,-7,105,-2,97,2,97,2,97,15,105,-5,90,20,90,2,95,2,95,10,92,7,95,17,80,-2,82,-7,87,10,85,2,87,7,75,17,92,7,75,12,82,15,85,17,72,12,80,15,82,27,75,2,77,0,67,15,80,22,67,30,72,17,65,35,70,32,47,32,60,22,50,37,52,35,42,37,45,25,42,32,35,40,30,32,20,37,25,37,12,37,22,35,10,42,12,27,2,27,2,27,0,0,0,0,0,0,0,0,0,0]"""
1782313077496,2026-06-24T23:57:57.496,warning,bed_exit,yja,bed_exit_failed,t030,"CSI_DATA,334917,1a:00:00:00:00:00,-66,11,-99,17,50,11,-1283631503,47,2,256,0,""[0,0,0,0,0,0,0,0,0,0,0,0,10,34,7,31,7,39,5,34,2,45,2,37,5,39,0,47,0,47,7,53,-7,45,-2,50,-2,47,-10,55,-7,47,-21,63,-18,50,-29,66,-13,45,-18,47,-18,66,-18,58,-18,77,-21,55,-18,63,-15,63,-26,69,-23,55,-34,66,-31,53,-34,63,-13,45,-10,63,-7,69,-5,63,-15,79,-18,79,-23,71,-10,79,-21,82,-10,71,-29,93,-21,74,-13,79,-2,61,5,90,-5,82,13,93,2,103,13,98,-10,85,-13,106,-13,101,2,109,-18,103,5,95,0,114,0,0,0,0,0,0,98,15,127,15,85,5,106,23,133,15,95,31,122,18,95,13,119,23,85,7,93,2,109,-2,106,0,114,-15,87,13,93,-7,93,-7,98,0,85,-5,109,2,79,-2,101,7,63,-7,74,-13,82,-18,82,-23,90,-23,74,-2,85,-13,87,-15,87,-10,77,-10,90,-2,74,0,90,-2,58,-7,74,-15,63,-15,69,-13,79,0,66,-10,61,5,74,0,69,7,55,5,58,18,45,15,47,10,34,5,47,15,34,15,42,5,39,18,34,7,23,21,21,15,18,21,0,0,0,0,0,0,0,0,0,0]"""
1782313077512,2026-06-24T23:57:57.512,warning,bed_exit,yja,bed_exit_failed,t030,"CSI_DATA,334918,1a:00:00:00:00:00,-66,11,-99,15,50,11,-1283613855,47,2,256,0,""[0,0,0,0,0,0,0,0,0,0,0,0,62,-45,-62,84,-28,-25,-90,-50,-107,14,-36,33,-64,22,-87,112,-47,-2,-36,31,16,78,-28,11,-47,2,-109,-25,-59,-8,-47,0,-25,-22,-67,-31,-59,5,-62,-19,-87,-14,-56,-5,-73,-2,-59,-25,-64,-16,-59,-14,-62,-28,-59,-22,-73,-28,-62,-28,-56,-36,-53,-16,-67,-16,-70,-14,-73,-14,-70,-25,-73,-22,-64,-36,-81,-16,-84,-36,-76,-31,-73,-45,-67,-42,-81,-42,-59,-19,-81,-25,-84,-25,-93,-14,-104,-36,-98,-25,-87,-50,-90,-50,-87,-53,-95,-45,-90,-67,-95,-39,-104,-59,0,0,0,0,0,0,-76,93,-93,95,-64,64,-84,73,-90,98,-81,59,-98,78,-84,67,-95,62,-62,56,-62,53,-73,73,-76,76,-76,87,-78,50,-67,67,-70,73,-76,64,-70,56,-87,59,-67,47,-87,42,-56,47,-56,56,-67,59,-64,59,-67,70,-76,45,-64,56,-67,50,-76,45,-64,33,-87,39,-76,33,-76,22,-56,31,-62,36,-64,36,-64,36,-73,22,-70,19,-62,0,-64,19,-73,0,-62,5,-59,-11,-47,-11,-50,-14,-33,-8,-42,-5,-39,-8,-36,-5,-42,-19,-33,-16,-25,-25,-19,-25,-22,-22,0,0,0,0,0,0,0,0,0,0]"""
1782313077523,2026-06-24T23:57:57.523,warning,bed_exit,yja,bed_exit_failed,t030,"CSI_DATA,334919,1a:00:00:00:00:00,-66,11,-99,18,50,11,-1283609489,47,2,256,0,""[0,0,0,0,0,0,0,0,0,0,0,0,33,0,33,-2,41,-5,36,0,43,0,36,7,36,7,38,2,46,2,54,10,49,15,49,20,51,15,54,18,56,20,56,12,62,12,56,23,59,20,56,15,49,20,72,15,59,31,62,28,64,23,56,33,64,33,64,25,74,12,69,12,62,20,69,15,72,10,74,10,72,7,77,2,77,10,69,7,80,0,80,-2,80,0,80,-7,80,-18,93,-15,82,-12,87,-12,85,-15,93,-18,95,-31,105,-25,95,-28,103,-31,105,-25,103,-38,105,-38,105,-43,111,-46,0,0,0,0,0,0,-49,-105,-54,-116,-46,-108,-46,-100,-51,-108,-38,-98,-54,-98,-56,-93,-51,-103,-46,-85,-54,-82,-49,-93,-67,-85,-54,-90,-46,-80,-54,-82,-54,-74,-56,-77,-56,-82,-69,-64,-67,-56,-62,-64,-67,-56,-69,-54,-56,-59,-77,-46,-59,-56,-64,-54,-67,-51,-62,-46,-64,-51,-64,-54,-72,-38,-69,-36,-67,-41,-67,-43,-62,-41,-67,-41,-62,-41,-64,-36,-49,-46,-49,-38,-51,-38,-43,-43,-46,-41,-43,-28,-38,-33,-38,-41,-31,-36,-28,-28,-28,-31,-31,-31,-28,-31,-23,-28,-15,-31,-12,-28,-10,-28,0,0,0,0,0,0,0,0,0,0]"""
1782313077534,2026-06-24T23:57:57.534,warning,bed_exit,yja,bed_exit_failed,t030,"CSI_DATA,334920,1a:00:00:00:00:00,-66,11,-99,16,50,11,-1283600067,47,2,256,0,""[0,0,0,0,0,0,0,0,0,0,0,0,2,30,-5,38,-8,30,-10,41,-16,35,-21,43,-16,43,-21,35,-24,46,-27,30,-35,38,-38,35,-46,35,-43,27,-54,32,-35,41,-49,43,-54,41,-60,30,-52,24,-41,16,-62,32,-57,10,-65,13,-68,13,-65,10,-68,13,-71,16,-54,21,-65,21,-71,21,-76,24,-65,16,-68,24,-73,10,-73,21,-68,16,-73,24,-71,10,-65,10,-76,8,-76,38,-82,43,-93,13,-112,24,-76,13,-95,38,-95,10,-90,32,-104,8,-104,24,-106,27,-106,24,-106,16,-109,21,-112,8,-112,8,0,0,0,0,0,0,5,125,-5,106,-8,123,8,120,-16,101,-13,120,-5,93,-13,117,-10,104,-24,112,-16,115,-21,87,-8,117,-38,90,-27,93,-30,98,-27,87,-30,87,-35,98,-5,84,-10,98,-16,93,-24,98,-21,87,-21,79,-19,84,-27,73,-30,79,-35,79,-30,73,-35,71,-41,84,-8,73,-21,76,-27,76,-41,82,-38,62,-38,68,-46,57,-38,60,-38,57,-38,52,-46,41,-38,35,-52,32,-30,43,-41,43,-46,30,-54,32,-38,16,-38,21,-41,13,-38,10,-32,2,-38,2,-30,0,-27,-2,0,0,0,0,0,0,0,0,0,0]"""
1782313077545,2026-06-24T23:57:57.545,warning,bed_exit,yja,bed_exit_failed,t030,"CSI_DATA,334921,1a:00:00:00:00:00,-66,11,-99,21,49,11,-1283588141,47,2,256,0,""[0,0,0,0,0,0,0,0,0,0,0,0,10,-31,13,-34,18,-31,15,-31,15,-37,15,-29,29,-39,34,-31,26,-45,31,-39,31,-39,37,-42,34,-42,37,-47,39,-45,31,-45,26,-55,29,-50,31,-47,39,-58,42,-42,45,-58,45,-42,42,-50,47,-53,42,-53,37,-55,45,-58,26,-61,29,-71,26,-63,34,-69,37,-66,34,-66,39,-71,26,-71,29,-71,10,-71,15,-77,13,-79,18,-87,-15,-79,-15,-82,0,-90,-5,-90,7,-79,-7,-93,5,-98,-10,-103,-10,-106,-29,-98,-31,-106,-31,-109,-31,-103,-50,-111,-37,-109,-37,-111,0,0,0,0,0,0,-114,45,-111,47,-109,47,-103,53,-103,45,-103,50,-93,61,-98,66,-98,61,-93,55,-85,55,-87,42,-82,69,-93,55,-77,63,-79,63,-69,69,-71,69,-77,66,-42,79,-39,85,-47,71,-47,79,-50,74,-61,61,-47,85,-47,71,-37,82,-42,79,-34,69,-31,74,-37,82,-13,85,-13,79,-23,79,-29,82,-31,69,-29,74,-37,69,-23,69,-29,69,-18,69,-23,61,-21,58,-29,58,-13,55,-13,53,-26,47,-21,47,-23,31,-15,39,-26,29,-21,42,-23,31,-23,26,-21,18,-21,23,0,0,0,0,0,0,0,0,0,0]"""
1782313077555,2026-06-24T23:57:57.555,warning,bed_exit,yja,bed_exit_failed,t030,"CSI_DATA,334922,1a:00:00:00:00:00,-66,11,-99,18,49,11,-1283577271,47,2,256,0,""[0,0,0,0,0,0,0,0,0,0,0,0,-14,26,-23,37,-14,23,-29,29,-17,31,-40,37,-40,34,-31,23,-37,29,-34,23,-49,31,-46,31,-46,31,-46,26,-60,29,-37,20,-60,31,-43,26,-75,29,-72,31,-58,34,-60,23,-52,11,-60,29,-63,26,-63,23,-63,20,-75,20,-49,23,-69,34,-55,17,-92,34,-72,20,-66,29,-69,31,-66,23,-55,26,-69,49,-63,43,-55,37,-75,46,-52,40,-81,63,-69,43,-101,72,-75,46,-81,55,-92,55,-66,49,-69,60,-89,89,-75,69,-92,72,-84,63,-78,84,-113,87,-92,72,0,0,0,0,0,0,78,98,55,66,92,113,66,95,46,66,84,107,58,72,87,110,55,63,81,118,66,98,55,81,58,81,49,69,69,87,66,72,72,72,63,66,69,84,46,55,81,75,60,52,87,81,75,72,66,60,60,60,46,49,75,58,69,52,66,58,49,52,72,69,55,31,75,55,55,43,81,75,49,63,58,52,46,60,37,49,34,43,52,55,40,49,31,43,34,55,23,37,40,52,23,43,29,66,11,43,17,40,5,46,5,34,5,29,2,37,2,29,-2,31,0,0,0,0,0,0,0,0,0,0]"""
1782313077566,2026-06-24T23:57:57.566,warning,bed_exit,yja,bed_exit_failed,t030,"CSI_DATA,334923,1a:00:00:00:00:00,-66,11,-99,22,49,11,-1283567322,47,2,256,0,""[0,0,0,0,0,0,0,0,0,0,0,0,36,-2,31,-2,43,-7,38,-7,41,2,38,2,36,-2,51,5,49,2,62,-2,46,5,54,7,51,5,62,2,51,0,69,5,59,7,69,0,56,2,62,-7,72,-12,64,5,80,-2,56,2,69,7,69,7,72,0,67,-2,82,-5,67,-7,74,-10,59,-10,69,-25,64,-20,69,-31,74,-28,85,-25,74,-25,77,-36,80,-54,67,-49,87,-46,72,-43,56,-67,56,-43,64,-74,69,-59,56,-87,72,-85,69,-82,59,-69,72,-85,64,-82,64,-95,64,-95,59,-93,49,-113,0,0,0,0,0,0,-116,-43,-129,-56,-90,-36,-111,-33,-131,-51,-103,-36,-129,-38,-98,-25,-126,-31,-90,-23,-93,-15,-108,-12,-111,-18,-124,-2,-87,-12,-100,-10,-105,-5,-105,5,-87,15,-113,5,-85,5,-100,25,-69,23,-77,25,-95,31,-90,36,-93,38,-82,33,-87,36,-80,38,-82,38,-64,43,-87,43,-74,36,-67,41,-51,25,-62,49,-64,33,-59,56,-69,43,-64,36,-56,28,-64,23,-62,36,-51,28,-59,20,-43,23,-46,38,-36,18,-46,23,-41,18,-41,23,-38,15,-43,15,-28,2,-33,5,-31,5,0,0,0,0,0,0,0,0,0,0]"""
1782313077580,2026-06-24T23:57:57.580,warning,bed_exit,yja,bed_exit_failed,t030,"CSI_DATA,334925,1a:00:00:00:00:00,-65,11,-99,19,49,11,-1283545377,47,2,256,0,""[0,0,0,0,0,0,0,0,0,0,0,0,0,-31,2,-42,5,-28,11,-47,8,-33,16,-50,25,-42,19,-39,28,-36,16,-36,31,-50,31,-47,33,-50,28,-50,39,-53,36,-33,56,-42,36,-42,59,-50,64,-45,53,-47,53,-28,53,-31,56,-45,53,-36,67,-39,64,-36,73,-39,47,-25,73,-39,56,-25,81,-45,70,-28,62,-33,64,-36,70,-22,62,-33,70,-45,67,-45,59,-39,78,-42,64,-33,90,-53,73,-42,115,-59,93,-33,90,-47,98,-45,84,-42,84,-47,101,-70,90,-59,109,-56,95,-45,107,-53,121,-59,107,-33,0,0,0,0,0,0,-39,-115,-25,-90,-47,-138,-31,-115,-22,-81,-33,-138,-19,-93,-31,-129,-22,-87,-19,-149,-11,-118,-16,-101,-5,-101,-16,-84,-25,-104,-28,-104,-22,-101,-16,-87,-25,-107,-8,-76,-19,-112,-16,-87,-25,-115,-8,-98,-16,-87,-8,-87,-11,-70,-19,-95,-22,-84,-16,-87,-11,-78,-8,-95,-2,-70,-8,-98,-5,-73,2,-107,8,-87,5,-78,11,-76,19,-67,8,-62,8,-73,11,-67,14,-56,22,-62,22,-45,33,-56,22,-45,42,-53,39,-36,33,-39,36,-31,31,-19,25,-19,33,-22,25,-16,25,-11,0,0,0,0,0,0,0,0,0,0]"""
1782313077591,2026-06-24T23:57:57.591,warning,bed_exit,yja,bed_exit_failed,t030,"CSI_DATA,334926,1a:00:00:00:00:00,-65,11,-99,17,49,11,-1283534377,47,2,256,0,""[0,0,0,0,0,0,0,0,0,0,0,0,-26,-23,-20,-29,-20,-29,-20,-38,-26,-29,-26,-44,-20,-47,-20,-41,-11,-41,-23,-38,-29,-44,-26,-47,-32,-50,-29,-47,-20,-50,-20,-56,-20,-59,-26,-56,-26,-65,-20,-77,-26,-71,-17,-62,-23,-59,-35,-62,-41,-62,-32,-59,-32,-62,-26,-65,-29,-65,-35,-65,-32,-65,-41,-71,-41,-74,-38,-62,-38,-59,-38,-65,-53,-56,-68,-56,-62,-47,-65,-44,-71,-44,-62,-56,-77,-59,-77,-41,-80,-62,-92,-59,-83,-56,-83,-50,-83,-44,-89,-35,-104,-32,-98,-35,-101,-41,-110,-50,-116,-32,-110,-41,-116,-35,0,0,0,0,0,0,-26,119,-26,110,-23,131,-35,116,-23,107,-26,119,-14,119,-14,122,-8,107,-20,125,-23,116,-11,104,-14,101,8,101,20,110,14,101,23,104,23,92,20,92,8,95,20,98,23,92,29,104,20,98,32,86,20,83,32,77,53,83,47,71,47,83,41,68,41,71,35,80,44,77,38,68,41,83,38,83,32,74,32,71,20,68,32,62,38,65,32,59,32,56,26,50,14,56,11,56,14,47,14,56,11,53,8,44,5,38,2,41,2,35,8,35,2,29,2,29,0,0,0,0,0,0,0,0,0,0]"""
1782313077605,2026-06-24T23:57:57.605,warning,bed_exit,yja,bed_exit_failed,t030,"CSI_DATA,334927,1a:00:00:00:00:00,-65,11,-99,19,49,11,-1283520420,47,2,256,0,""[0,0,0,0,0,0,0,0,0,0,0,0,-14,-33,-14,-31,-16,-45,-14,-36,-8,-45,-8,-33,-14,-36,-19,-53,-11,-47,-25,-56,-11,-39,-19,-50,-14,-53,-5,-62,-8,-59,-11,-70,-8,-59,-11,-70,-5,-50,-8,-62,-28,-78,-11,-67,-28,-73,-11,-59,-16,-67,-22,-64,-14,-76,-25,-67,-14,-84,-11,-67,-31,-73,-16,-53,-36,-67,-36,-62,-50,-62,-50,-64,-59,-67,-39,-64,-56,-70,-59,-81,-62,-62,-59,-84,-53,-70,-64,-62,-50,-36,-87,-36,-84,-50,-93,-22,-107,-67,-101,-47,-67,-62,-98,-64,-101,-50,-107,-47,-93,-64,-101,-50,-115,-45,0,0,0,0,0,0,-47,115,-47,135,-31,93,-31,109,-39,138,-31,104,-39,129,-33,104,-36,124,-14,90,-5,93,8,115,-8,115,11,121,-2,90,11,98,11,104,2,115,16,95,8,112,14,87,22,98,16,67,28,78,39,90,36,87,53,98,31,81,42,87,45,81,42,90,47,64,28,101,31,81,39,73,22,50,50,67,36,64,56,56,45,73,45,62,25,59,31,64,31,70,33,64,14,64,8,50,22,53,14,33,25,42,8,36,22,45,2,45,11,45,-2,31,0,36,2,28,0,0,0,0,0,0,0,0,0,0]"""
1782313077615,2026-06-24T23:57:57.615,warning,bed_exit,yja,bed_exit_failed,t030,"CSI_DATA,334928,1a:00:00:00:00:00,-65,11,-99,12,50,11,-1283511589,47,2,256,0,""[0,0,0,0,0,0,0,0,0,0,0,0,24,107,86,12,-30,-9,46,-33,95,24,39,64,-70,24,-58,-6,-21,67,3,9,-9,107,21,30,15,46,-43,24,-12,73,-39,36,-39,27,-18,36,-36,58,-73,58,-64,52,-46,46,-36,39,-49,58,-49,55,-52,52,-49,43,-58,46,-52,39,-61,52,-49,36,-70,61,-70,49,-64,49,-64,49,-55,33,-52,43,-61,55,-61,61,-58,58,-64,61,-58,49,-67,55,-64,61,-82,64,-76,64,-76,58,-76,58,-79,55,-76,64,-86,79,-70,64,-89,73,-86,64,-92,79,-107,76,-101,61,0,0,0,0,0,0,64,110,52,98,70,122,39,107,39,89,55,110,49,98,52,122,52,98,46,119,36,116,36,104,24,95,39,95,52,98,46,89,46,98,49,82,36,92,27,82,36,95,33,86,39,104,27,95,33,82,18,86,33,76,49,86,39,82,33,79,30,73,24,82,24,86,18,95,15,70,15,98,3,92,6,82,0,79,0,70,0,67,3,76,-3,67,-3,58,-15,61,-12,49,-21,61,-18,49,-30,55,-30,46,-24,39,-30,33,-24,27,-24,27,-21,27,-21,18,-27,18,0,0,0,0,0,0,0,0,0,0]"""
1782313077626,2026-06-24T23:57:57.626,warning,bed_exit,yja,bed_exit_failed,t030,"CSI_DATA,334929,1a:00:00:00:00:00,-65,11,-99,19,49,11,-1283501378,47,2,256,0,""[0,0,0,0,0,0,0,0,0,0,0,0,-28,28,-19,25,-36,28,-28,28,-39,25,-33,19,-36,22,-42,28,-45,19,-50,33,-42,25,-53,19,-50,25,-56,28,-47,22,-73,31,-56,28,-64,25,-53,19,-45,14,-67,16,-62,28,-78,25,-62,25,-64,19,-70,22,-76,28,-56,28,-81,33,-64,28,-73,31,-53,31,-62,45,-64,36,-62,47,-73,47,-78,45,-64,42,-73,45,-70,62,-56,64,-78,62,-64,53,-50,76,-50,42,-59,84,-70,64,-50,90,-64,95,-67,87,-53,73,-81,90,-64,90,-67,101,-62,98,-56,93,-53,124,0,0,0,0,0,0,112,53,121,64,87,45,104,53,126,64,95,53,126,62,93,36,115,50,81,39,84,42,104,45,104,39,118,36,84,36,87,42,104,31,98,31,87,16,112,22,87,16,107,5,78,5,84,5,98,11,93,2,109,5,78,8,93,8,90,0,101,2,87,-8,98,8,81,0,84,-5,64,5,81,-8,78,8,78,-8,84,5,81,11,67,14,70,16,73,11,67,5,64,19,53,22,59,0,33,8,47,14,36,16,45,11,45,19,42,16,25,22,25,22,16,25,0,0,0,0,0,0,0,0,0,0]"""
1782313077636,2026-06-24T23:57:57.636,warning,bed_exit,yja,bed_exit_failed,t030,"CSI_DATA,334930,1a:00:00:00:00:00,-65,11,-99,13,50,11,-1283490251,47,2,256,0,""[0,0,0,0,0,0,0,0,0,0,0,0,8,32,14,38,5,32,11,47,8,35,-2,53,-5,47,-5,41,-5,44,-2,41,-5,59,-5,56,-5,62,-8,56,-17,65,-20,44,-23,59,-17,53,-32,77,-41,68,-32,68,-35,53,-29,53,-32,71,-26,65,-26,65,-29,53,-35,71,-38,56,-44,74,-32,50,-47,77,-50,68,-35,68,-41,65,-38,53,-26,59,-26,77,-26,80,-26,71,-35,80,-29,65,-32,86,-26,77,-44,113,-47,86,-35,89,-47,86,-38,86,-26,86,-38,122,-23,92,-41,107,-47,95,-38,116,-47,122,-50,113,0,0,0,0,0,0,125,59,86,44,134,62,95,59,80,41,116,68,89,47,119,65,89,38,116,71,101,65,89,53,77,53,83,41,101,41,95,35,98,35,83,35,92,44,71,38,98,50,74,35,104,47,89,50,89,26,74,41,68,29,95,32,92,26,80,26,68,29,83,38,68,32,86,41,62,32,95,56,65,56,68,41,65,50,50,47,50,38,65,41,59,44,44,41,41,53,32,35,35,47,29,44,29,62,17,50,14,41,11,44,2,35,5,38,8,41,11,35,-2,32,0,0,0,0,0,0,0,0,0,0]"""
1782313077646,2026-06-24T23:57:57.646,warning,bed_exit,yja,bed_exit_failed,t030,"CSI_DATA,334931,1a:00:00:00:00:00,-65,11,-99,14,50,11,-1283479354,47,2,256,0,""[0,0,0,0,0,0,0,0,0,0,0,0,40,-2,29,0,49,2,37,2,43,8,40,8,43,0,55,2,43,11,60,8,55,5,52,5,55,11,55,20,43,17,63,31,55,29,55,40,52,31,49,34,58,46,46,34,63,34,66,34,63,31,66,31,55,31,52,20,66,49,58,43,60,52,49,23,75,43,66,37,81,17,60,40,78,31,89,11,84,37,92,29,92,5,92,34,78,34,81,49,63,0,104,26,78,37,98,46,98,40,118,23,95,63,95,34,95,29,98,49,110,37,107,31,107,46,0,0,0,0,0,0,46,-107,46,-130,34,-110,52,-104,37,-130,31,-89,55,-130,37,-98,55,-113,31,-98,37,-98,31,-113,43,-89,23,-116,14,-104,11,-92,11,-104,17,-98,14,-78,31,-110,23,-84,26,-92,17,-81,17,-84,14,-101,26,-81,2,-98,2,-95,2,-89,5,-92,5,-89,5,-72,29,-101,20,-84,20,-81,17,-69,17,-89,26,-75,17,-78,23,-69,20,-78,29,-69,26,-72,29,-66,20,-55,37,-49,43,-37,31,-43,23,-31,31,-46,31,-31,29,-34,34,-23,34,-26,31,-20,26,-14,26,-8,0,0,0,0,0,0,0,0,0,0]"""
1782313077659,2026-06-24T23:57:57.659,warning,bed_exit,yja,bed_exit_failed,t030,"CSI_DATA,334932,1a:00:00:00:00:00,-66,11,-99,14,50,11,-1283465356,47,2,256,0,""[0,0,0,0,0,0,0,0,0,0,0,0,31,-2,37,-5,40,5,37,8,43,5,49,8,46,11,40,11,37,17,49,26,55,23,46,23,46,34,46,34,37,26,46,43,40,43,52,46,49,55,34,60,34,58,31,49,43,58,46,63,34,60,37,58,34,60,29,55,23,69,29,69,26,72,26,78,31,78,26,75,23,66,17,66,29,75,34,81,29,75,29,75,26,72,29,84,26,81,31,89,29,87,37,95,29,92,34,89,20,84,29,101,31,107,23,95,20,95,26,127,17,116,11,104,11,130,0,0,0,0,0,0,113,0,116,5,130,2,118,8,116,8,113,0,118,20,110,23,118,20,118,23,116,26,116,17,89,26,104,29,113,20,95,20,101,20,84,23,81,23,98,34,87,26,95,26,92,29,92,46,89,29,75,40,87,29,89,34,81,34,81,29,69,34,69,31,72,52,69,43,72,43,72,55,69,58,55,60,60,55,43,52,52,55,52,60,40,58,31,52,29,49,29,55,23,55,17,55,8,58,8,58,5,49,-2,40,-5,34,-8,34,-11,40,-5,31,-11,26,0,0,0,0,0,0,0,0,0,0]"""
1782313077670,2026-06-24T23:57:57.670,warning,bed_exit,yja,bed_exit_failed,t030,"CSI_DATA,334933,1a:00:00:00:00:00,-65,11,-99,15,50,11,-1283457378,47,2,256,0,""[0,0,0,0,0,0,0,0,0,0,0,0,31,-16,36,-22,28,-16,39,-19,31,-22,45,-19,45,-14,45,-16,53,-22,42,-5,56,-8,59,-16,56,-11,56,-14,73,-11,47,-14,73,-11,59,-5,64,-14,76,-11,59,-8,67,-16,62,-2,70,-5,70,-8,73,-11,64,-5,84,-8,53,-22,76,-22,70,-11,84,-28,67,-14,67,-28,70,-16,76,-22,59,-22,73,-33,64,-36,62,-33,78,-33,53,-53,70,-59,73,-42,95,-70,84,-39,76,-67,84,-53,67,-62,73,-64,76,-81,73,-84,84,-84,70,-70,64,-90,76,-104,76,-90,0,0,0,0,0,0,-90,-84,-81,-70,-101,-87,-90,-84,-67,-64,-101,-93,-73,-45,-104,-78,-76,-56,-95,-78,-90,-67,-73,-70,-101,-53,-81,-53,-84,-56,-95,-47,-90,-42,-81,-39,-98,-53,-81,-14,-95,-31,-78,-33,-98,-36,-87,-31,-70,-31,-90,-14,-76,-28,-84,-22,-87,-16,-78,-19,-73,-25,-95,-33,-70,2,-78,-11,-78,-16,-98,-16,-76,-28,-81,-8,-78,-28,-73,-19,-62,-16,-70,-16,-67,-14,-53,-11,-59,-25,-53,-11,-64,-22,-42,-25,-56,-31,-33,-28,-39,-22,-33,-28,-33,-25,-25,-22,-28,-28,-25,-25,-19,-22,0,0,0,0,0,0,0,0,0,0]"""
1782313077681,2026-06-24T23:57:57.681,warning,bed_exit,yja,bed_exit_failed,t030,"CSI_DATA,334934,1a:00:00:00:00:00,-66,11,-99,22,49,11,-1283445778,47,2,256,0,""[0,0,0,0,0,0,0,0,0,0,0,0,-12,33,-15,31,-18,38,-18,28,-25,36,-18,33,-23,41,-25,38,-20,49,-23,43,-43,36,-33,43,-33,51,-36,38,-38,43,-38,54,-38,51,-49,51,-31,46,-41,59,-46,59,-38,62,-41,64,-51,46,-38,54,-38,59,-49,64,-43,62,-38,67,-33,54,-38,64,-23,56,-20,67,-15,72,-15,69,-12,87,-18,82,-28,80,-2,82,-15,82,-12,77,0,93,0,85,-12,90,10,82,18,90,28,93,31,98,31,98,31,100,20,100,33,105,36,111,49,108,33,113,49,95,49,111,0,0,0,0,0,0,105,-49,113,-38,100,-38,111,-51,105,-56,108,-43,105,-54,80,-51,95,-51,74,-69,80,-72,82,-62,67,-90,74,-77,80,-67,67,-77,62,-74,69,-74,67,-67,51,-87,49,-80,62,-77,33,-74,33,-80,36,-72,20,-93,28,-87,41,-82,23,-80,25,-90,28,-87,36,-80,15,-87,18,-72,31,-82,10,-74,10,-82,7,-77,2,-80,12,-80,15,-72,25,-64,12,-64,23,-64,25,-62,18,-62,15,-54,23,-51,10,-46,15,-49,15,-49,12,-36,12,-38,25,-33,20,-28,20,-25,23,-20,0,0,0,0,0,0,0,0,0,0]"""
1782313077692,2026-06-24T23:57:57.692,warning,bed_exit,yja,bed_exit_failed,t030,"CSI_DATA,334935,1a:00:00:00:00:00,-66,11,-99,15,50,11,-1283435337,47,2,256,0,""[0,0,0,0,0,0,0,0,0,0,0,0,-28,22,-31,16,-31,16,-36,16,-39,19,-42,11,-47,11,-42,16,-53,16,-47,-2,-50,2,-53,2,-56,-5,-56,0,-64,-8,-50,5,-62,8,-64,2,-67,-5,-67,-19,-67,-22,-64,-8,-67,-16,-64,-14,-70,-14,-64,-11,-62,-16,-76,-19,-62,2,-73,0,-73,-2,-78,-14,-64,-11,-73,-14,-76,-14,-78,-8,-70,-5,-76,2,-76,-5,-73,2,-84,-11,-78,25,-90,19,-93,5,-104,8,-78,11,-98,19,-101,-5,-104,11,-101,5,-112,19,-107,31,-112,14,-107,16,-112,19,-112,11,-115,14,0,0,0,0,0,0,22,124,11,115,14,126,14,118,14,101,11,124,16,98,22,124,5,101,11,115,14,115,-5,95,22,107,-2,93,16,101,11,101,14,98,8,93,8,104,36,73,33,90,28,93,19,95,16,90,2,81,31,93,19,81,22,84,16,87,16,73,16,81,16,95,33,70,33,81,25,81,19,90,5,73,11,76,2,81,8,76,0,73,14,70,2,67,2,56,-11,59,8,56,5,62,-16,56,-11,62,-16,42,-14,47,-22,36,-16,39,-22,36,-19,33,-19,28,-22,25,0,0,0,0,0,0,0,0,0,0]"""
1782313077703,2026-06-24T23:57:57.703,warning,bed_exit,yja,bed_exit_failed,t030,"CSI_DATA,334936,1a:00:00:00:00:00,-66,11,-99,16,50,11,-1283422524,47,2,256,0,""[0,0,0,0,0,0,0,0,0,0,0,0,35,2,35,5,35,10,41,2,38,13,35,8,41,5,49,5,52,8,52,10,41,21,46,19,52,21,49,32,57,21,60,19,54,19,49,32,54,24,49,19,60,24,68,13,71,24,54,35,65,32,57,24,65,38,65,21,71,24,65,21,65,19,60,16,68,5,71,-2,73,-10,82,-8,76,2,73,8,84,2,93,2,87,-5,79,-10,82,-13,90,-19,71,-19,73,-41,76,-43,76,-54,98,-54,95,-49,93,-27,112,-41,98,-52,93,-49,106,-30,104,-60,101,-62,0,0,0,0,0,0,-71,-106,-65,-117,-54,-82,-71,-84,-76,-95,-54,-90,-71,-93,-68,-90,-65,-93,-68,-73,-73,-54,-79,-52,-95,-60,-84,-62,-57,-62,-73,-60,-73,-54,-79,-68,-87,-54,-79,-49,-76,-38,-82,-46,-76,-32,-79,-21,-82,-21,-101,-19,-82,-21,-73,-41,-87,-30,-79,-19,-84,-32,-82,-19,-87,-27,-79,-21,-79,-19,-65,-13,-68,-2,-79,5,-79,2,-84,-5,-73,-10,-60,-19,-62,-21,-68,-27,-65,-19,-57,-19,-49,-19,-52,-19,-38,-10,-46,-8,-41,-8,-43,-8,-41,-13,-38,-19,-19,-19,-21,-21,-21,-16,0,0,0,0,0,0,0,0,0,0]"""
1782313077713,2026-06-24T23:57:57.713,warning,bed_exit,yja,bed_exit_failed,t030,"CSI_DATA,334937,1a:00:00:00:00:00,-66,11,-99,16,50,11,-1283413378,47,2,256,0,""[0,0,0,0,0,0,0,0,0,0,0,0,27,13,35,21,27,16,41,24,24,16,38,30,35,38,30,27,30,35,27,27,38,35,41,35,43,35,38,32,38,43,30,41,41,60,35,41,41,60,41,65,43,54,30,49,38,43,49,49,49,46,52,49,46,46,54,54,30,43,52,62,38,43,57,60,49,54,52,46,49,49,49,52,52,41,68,46,68,32,54,30,73,41,57,35,90,46,68,32,104,49,87,46,93,35,93,35,82,32,87,19,106,24,98,21,109,30,101,30,104,27,123,24,104,32,0,0,0,0,0,0,19,-117,16,-82,19,-139,27,-109,13,-84,21,-123,21,-87,24,-123,5,-87,21,-134,13,-112,2,-104,13,-95,0,-82,-10,-106,-19,-95,-19,-87,-10,-84,-10,-98,-8,-76,-13,-104,-16,-79,-27,-109,-16,-95,-27,-82,-8,-73,-24,-68,-35,-82,-35,-73,-35,-82,-30,-71,-32,-84,-19,-57,-27,-84,-27,-62,-35,-95,-19,-82,-27,-73,-16,-68,-8,-71,-19,-57,-27,-68,-21,-60,-16,-52,-13,-62,-8,-43,-8,-62,-5,-43,0,-68,0,-49,0,-49,8,-43,2,-35,2,-27,5,-38,8,-32,8,-27,0,0,0,0,0,0,0,0,0,0]"""
1782313077724,2026-06-24T23:57:57.724,warning,bed_exit,yja,bed_exit_failed,t030,"CSI_DATA,334938,1a:00:00:00:00:00,-66,11,-99,16,50,11,-1283401727,47,2,256,0,""[0,0,0,0,0,0,0,0,0,0,0,0,-27,19,-32,19,-27,13,-38,19,-38,16,-46,16,-41,10,-30,5,-46,16,-43,-2,-49,-2,-52,-5,-54,-5,-54,-10,-65,-5,-49,2,-60,0,-57,-2,-68,-10,-68,-8,-49,-2,-71,-13,-57,-19,-57,-21,-68,-24,-60,-19,-60,-24,-73,-21,-52,-5,-68,-13,-68,-13,-73,-21,-65,-19,-68,-10,-71,-16,-73,-13,-71,-10,-71,0,-71,-13,-71,-13,-84,-21,-71,10,-87,16,-90,-8,-112,-8,-82,-5,-101,10,-90,-5,-93,0,-98,-5,-106,0,-104,8,-117,8,-98,2,-106,5,-115,0,-109,-8,0,0,0,0,0,0,-8,120,-5,101,-5,120,-5,109,-5,93,-2,120,-2,95,-5,117,-2,95,-8,109,0,112,-10,95,2,104,-10,87,-5,98,-10,95,-8,93,-13,90,-10,104,13,73,16,93,10,87,2,98,2,98,2,87,13,95,2,79,8,84,-2,84,2,76,-5,76,2,90,10,71,13,82,10,82,2,95,-5,76,2,73,-10,79,2,79,-2,62,-5,68,-13,60,-16,54,-21,60,-2,54,-8,57,-24,54,-21,57,-19,38,-21,41,-27,32,-19,30,-27,30,-21,24,-21,24,-21,19,0,0,0,0,0,0,0,0,0,0]"""
1782313077734,2026-06-24T23:57:57.734,warning,bed_exit,yja,bed_exit_failed,t030,"CSI_DATA,334939,1a:00:00:00:00:00,-66,11,-99,18,50,11,-1283391378,47,2,256,0,""[0,0,0,0,0,0,0,0,0,0,0,0,-2,36,0,33,-7,41,-2,33,-12,41,-12,38,-15,38,-15,51,-12,38,-18,54,-20,49,-20,43,-23,46,-31,46,-23,33,-43,62,-33,41,-41,51,-38,41,-33,38,-43,49,-33,43,-49,64,-43,43,-38,49,-41,49,-46,51,-31,46,-62,56,-43,36,-56,56,-38,33,-38,62,-41,56,-38,62,-38,56,-49,67,-59,59,-46,62,-51,69,-31,54,-62,77,-43,62,-38,69,-33,51,-38,95,-46,74,-28,93,-41,80,-43,98,-51,80,-54,85,-43,77,-56,113,-54,87,-43,85,-54,100,0,0,0,0,0,0,85,46,113,59,69,41,100,51,118,67,77,46,113,67,72,36,105,64,82,49,90,46,100,41,87,49,108,38,90,43,82,38,93,36,87,38,67,23,103,49,69,33,95,38,67,25,80,28,93,25,74,23,98,25,82,31,72,25,87,23,80,31,69,18,93,43,64,33,77,33,54,28,82,25,72,33,69,20,64,33,64,38,56,38,54,36,56,43,46,28,49,51,33,41,41,33,20,25,38,41,31,31,33,31,23,36,20,25,15,31,12,31,7,28,0,0,0,0,0,0,0,0,0,0]"""
1782313077746,2026-06-24T23:57:57.746,warning,bed_exit,yja,bed_exit_failed,t030,"CSI_DATA,334940,1a:00:00:00:00:00,-66,11,-99,16,50,11,-1283380378,47,2,256,0,""[0,0,0,0,0,0,0,0,0,0,0,0,-35,-16,-30,-13,-38,-21,-24,-13,-35,-27,-21,-21,-32,-24,-35,-35,-30,-38,-32,-41,-24,-43,-19,-49,-19,-46,-19,-54,-13,-43,-21,-71,-16,-46,-13,-65,-2,-49,-13,-52,-2,-60,-16,-65,-2,-79,8,-62,5,-60,5,-71,8,-73,-2,-57,8,-79,10,-54,8,-73,8,-52,2,-68,5,-68,2,-68,2,-76,16,-84,19,-73,16,-76,13,-84,5,-68,13,-95,13,-71,-2,-84,10,-62,2,-95,16,-84,8,-98,13,-98,19,-109,24,-82,32,-101,24,-95,27,-117,35,-98,24,-90,30,-109,0,0,0,0,0,0,-101,-38,-123,-52,-76,-35,-106,-43,-120,-65,-76,-46,-112,-65,-76,-41,-95,-65,-73,-49,-82,-46,-93,-60,-82,-49,-93,-62,-68,-62,-68,-65,-73,-60,-71,-54,-57,-43,-87,-68,-68,-43,-76,-62,-54,-43,-62,-38,-73,-57,-65,-52,-79,-65,-57,-57,-52,-62,-57,-60,-60,-62,-52,-46,-60,-73,-38,-54,-54,-62,-35,-46,-54,-60,-41,-60,-46,-62,-43,-62,-30,-76,-13,-62,-13,-65,-13,-65,-16,-54,-10,-68,0,-46,-8,-49,0,-35,0,-49,5,-49,5,-43,5,-46,16,-38,16,-27,19,-24,19,-21,0,0,0,0,0,0,0,0,0,0]"""
1782313077757,2026-06-24T23:57:57.757,warning,bed_exit,yja,bed_exit_failed,t030,"CSI_DATA,334941,1a:00:00:00:00:00,-66,11,-99,18,50,11,-1283369378,47,2,256,0,""[0,0,0,0,0,0,0,0,0,0,0,0,2,31,-5,31,0,36,-2,43,-7,36,-12,41,-18,38,-10,43,-15,38,-15,49,-18,49,-12,49,-18,46,-20,46,-18,46,-25,49,-33,51,-28,54,-36,56,-36,43,-33,59,-33,46,-28,59,-31,64,-31,59,-33,59,-25,59,-25,64,-38,56,-31,64,-25,59,-31,62,-25,69,-20,62,-18,62,-23,67,-18,74,-23,80,-12,77,-7,77,-2,80,-18,82,-18,90,2,74,-5,87,5,98,-10,95,12,87,-2,93,10,87,7,98,5,95,12,108,15,103,10,105,10,103,18,111,0,0,0,0,0,0,105,-15,103,-15,113,-23,116,-23,105,-25,111,-25,103,-20,103,-20,98,-23,113,-28,105,-23,98,-43,93,-23,80,-46,90,-38,87,-38,85,-49,77,-43,69,-43,87,-38,82,-38,72,-46,80,-49,72,-54,67,-54,67,-41,62,-56,59,-59,62,-51,64,-59,59,-51,56,-56,72,-43,64,-56,54,-49,64,-49,59,-62,62,-46,46,-51,54,-41,54,-41,56,-43,54,-38,49,-36,46,-36,54,-23,56,-23,36,-31,46,-20,51,-25,38,-15,38,-20,38,-12,33,-12,33,-7,31,-7,28,0,0,0,0,0,0,0,0,0,0,0]"""
1782313077767,2026-06-24T23:57:57.767,warning,bed_exit,yja,bed_exit_failed,t030,"CSI_DATA,334942,1a:00:00:00:00:00,-66,11,-99,13,50,11,-1283358378,47,2,256,0,""[0,0,0,0,0,0,0,0,0,0,0,0,-95,26,-53,-53,65,-2,-68,26,74,77,-44,62,-77,-8,17,80,41,32,41,77,-23,80,-29,32,-23,35,8,65,-11,110,-20,47,-26,35,-8,80,-14,50,-38,53,-41,56,-32,59,-44,38,-29,53,-32,59,-29,59,-29,56,-38,59,-23,47,-29,65,-29,56,-41,65,-47,53,-38,53,-44,56,-44,50,-32,56,-26,74,-23,59,-20,59,-44,62,-11,71,-17,83,-38,77,-50,107,-53,74,-41,89,-65,71,-35,77,-32,89,-20,104,-17,104,-38,107,-38,92,-20,107,-47,104,-44,95,0,0,0,0,0,0,107,59,83,38,119,62,92,68,71,44,104,68,77,44,104,56,80,41,98,71,86,71,65,68,86,56,59,56,92,47,89,44,80,41,74,35,83,53,71,26,89,38,74,38,83,44,71,50,56,53,65,41,62,44,83,32,77,32,71,32,68,32,74,53,65,20,77,29,71,38,80,50,50,62,50,53,47,59,47,56,50,47,62,38,44,41,41,32,32,50,38,32,41,47,26,41,26,59,5,50,11,38,0,44,11,38,5,32,11,38,8,32,2,29,0,0,0,0,0,0,0,0,0,0]"""
1782313077789,2026-06-24T23:57:57.789,warning,bed_exit,yja,bed_exit_failed,t030,"CSI_DATA,334943,1a:00:00:00:00:00,-66,11,-99,17,50,11,-1283336190,47,2,256,0,""[0,0,0,0,0,0,0,0,0,0,0,0,5,-34,13,-29,15,-37,15,-34,26,-31,18,-26,15,-29,23,-37,26,-42,37,-47,39,-29,39,-31,39,-31,50,-26,47,-26,58,-29,47,-18,61,-13,47,-21,45,-15,58,-13,61,-26,61,-26,63,-5,69,-15,63,-13,66,-7,58,-7,79,-2,69,-2,66,2,58,-7,66,-13,66,-15,71,-21,74,-18,77,-13,69,2,79,-15,95,-5,77,-2,85,0,71,5,90,0,63,-7,85,-15,79,-15,87,-29,101,-15,109,-18,95,2,101,-2,95,5,109,0,109,23,109,-7,106,13,0,0,0,0,0,0,29,-111,42,-122,29,-93,37,-101,31,-117,50,-85,42,-114,39,-90,58,-98,26,-79,21,-87,29,-98,26,-103,29,-109,47,-82,31,-82,31,-87,45,-87,37,-71,45,-90,37,-69,55,-77,29,-71,29,-71,31,-82,29,-90,31,-85,47,-63,42,-77,37,-74,45,-74,45,-63,55,-77,53,-58,61,-61,34,-50,39,-63,42,-63,42,-63,53,-58,50,-50,55,-34,55,-42,63,-37,55,-29,61,-23,50,-15,55,-10,34,-15,39,-13,45,-13,42,-10,42,-5,37,0,34,10,31,7,29,10,0,0,0,0,0,0,0,0,0,0]"""
1782313077800,2026-06-24T23:57:57.800,warning,bed_exit,yja,bed_exit_failed,t030,"CSI_DATA,334944,1a:00:00:00:00:00,-66,11,-99,18,50,11,-1283333648,47,2,256,0,""[0,0,0,0,0,0,0,0,0,0,0,0,-2,-23,-2,-33,2,-25,2,-41,5,-33,7,-49,15,-46,10,-41,10,-41,5,-41,7,-49,10,-54,15,-56,18,-54,20,-56,28,-36,31,-56,18,-38,41,-62,33,-62,23,-51,43,-43,25,-43,31,-62,31,-56,28,-51,28,-49,38,-56,31,-49,43,-62,31,-51,46,-74,49,-69,38,-67,36,-56,36,-51,23,-59,23,-77,25,-74,31,-56,33,-74,23,-64,28,-82,25,-69,38,-98,41,-82,25,-85,33,-82,33,-85,18,-82,20,-108,18,-87,33,-103,31,-87,25,-105,36,-113,46,-103,0,0,0,0,0,0,-113,-41,-87,-31,-129,-43,-95,-38,-77,-23,-113,-41,-85,-36,-116,-41,-85,-28,-116,-46,-98,-36,-82,-25,-85,-28,-80,-23,-100,-18,-90,-10,-95,-10,-85,-12,-98,-18,-74,-20,-95,-20,-69,-12,-108,-12,-93,-23,-93,-10,-77,-18,-69,-2,-90,2,-87,5,-82,5,-72,-5,-82,-7,-69,-12,-85,-7,-67,-10,-95,-15,-80,-20,-74,-15,-69,-20,-56,-25,-56,-12,-77,-2,-69,-15,-56,-15,-62,-18,-43,-15,-56,-25,-41,-20,-56,-33,-36,-33,-36,-23,-23,-28,-28,-28,-28,-28,-28,-28,-23,-20,-18,-25,0,0,0,0,0,0,0,0,0,0]"""
1782313077811,2026-06-24T23:57:57.811,warning,bed_exit,yja,bed_exit_failed,t030,"CSI_DATA,334945,1a:00:00:00:00:00,-66,11,-99,17,50,11,-1283322502,47,2,256,0,""[0,0,0,0,0,0,0,0,0,0,0,0,29,7,37,10,29,5,39,15,31,10,42,23,39,23,29,21,34,31,31,26,47,34,39,31,39,37,37,37,47,37,37,39,42,42,45,31,47,45,42,58,47,53,31,42,42,45,50,47,42,47,39,55,39,47,42,50,39,39,47,42,47,42,61,50,50,50,53,45,42,45,50,50,50,42,66,45,61,45,58,37,66,37,66,34,82,39,74,29,101,47,82,39,79,42,87,42,71,31,82,34,103,31,87,31,95,34,103,47,101,29,109,39,106,29,0,0,0,0,0,0,23,-103,23,-87,31,-127,29,-114,26,-85,23,-122,23,-93,21,-111,13,-87,31,-119,29,-109,21,-95,26,-90,21,-85,15,-106,18,-95,15,-93,10,-85,5,-90,5,-82,0,-98,-7,-85,2,-101,0,-87,0,-85,5,-82,2,-77,-13,-82,-7,-82,0,-79,-2,-74,-7,-85,-13,-69,-15,-79,-15,-79,-7,-93,-5,-82,-2,-74,0,-74,5,-63,0,-63,-5,-77,5,-63,5,-50,0,-58,2,-53,0,-61,2,-47,15,-63,10,-47,13,-45,18,-37,15,-34,21,-29,18,-37,15,-29,18,-23,0,0,0,0,0,0,0,0,0,0]"""
1782313077822,2026-06-24T23:57:57.822,warning,bed_exit,yja,bed_exit_failed,t030,"CSI_DATA,334946,1a:00:00:00:00:00,-66,11,-99,13,51,11,-1283311200,47,2,256,0,""[0,0,0,0,0,0,0,0,0,0,0,0,-26,-13,-34,-21,-23,-13,-31,-23,-23,-23,-34,-31,-29,-23,-29,-29,-31,-31,-23,-31,-21,-39,-29,-45,-31,-45,-23,-47,-29,-66,-18,-37,-29,-55,-10,-50,-23,-69,-21,-53,-10,-47,-26,-69,-7,-45,-5,-63,-10,-63,-15,-61,-5,-66,-7,-79,-13,-50,-13,-74,-2,-58,-18,-79,-5,-66,-15,-66,-13,-69,-18,-69,-15,-53,-15,-66,-29,-71,-18,-69,-10,-95,-29,-55,-29,-85,-7,-77,-31,-93,-13,-74,-39,-79,-21,-85,-34,-95,-26,-87,-31,-98,-37,-95,-37,-114,-29,-77,-23,-103,-31,-127,-23,-103,0,0,0,0,0,0,-133,13,-101,7,-133,10,-114,0,-87,18,-125,0,-85,10,-122,7,-90,-7,-111,10,-101,7,-98,-5,-103,18,-87,2,-93,-2,-90,7,-95,10,-93,5,-114,0,-69,13,-95,15,-77,0,-101,15,-90,10,-85,5,-93,15,-69,10,-82,2,-87,5,-74,7,-77,2,-98,-5,-63,13,-90,2,-71,-7,-101,0,-71,-5,-82,0,-77,-7,-74,0,-55,-5,-66,-21,-69,-13,-61,-18,-63,-34,-42,-7,-55,-23,-42,-31,-53,-29,-34,-31,-42,-23,-31,-29,-34,-26,-18,-26,-26,-34,-21,-23,-15,-29,0,0,0,0,0,0,0,0,0,0]"""
1782313077832,2026-06-24T23:57:57.832,warning,bed_exit,yja,bed_exit_failed,t030,"CSI_DATA,334947,1a:00:00:00:00:00,-66,11,-99,18,50,11,-1283302390,47,2,256,0,""[0,0,0,0,0,0,0,0,0,0,0,0,25,-18,31,-18,25,-10,38,-10,33,-10,46,-2,46,0,46,-5,43,2,41,5,54,2,49,7,51,2,49,10,49,15,49,23,56,25,49,20,59,36,54,49,56,43,41,36,51,31,62,36,54,31,56,36,54,33,54,43,38,46,49,51,46,43,56,56,46,56,46,49,38,54,43,49,49,49,64,54,59,49,46,46,54,59,54,51,67,67,49,51,67,77,64,74,62,69,59,72,49,72,62,62,80,80,69,69,67,87,64,90,69,77,67,93,54,100,0,0,0,0,0,0,103,-46,87,-33,118,-54,108,-31,87,-38,111,-38,90,-23,111,-31,87,-28,121,-25,111,-18,103,-25,87,-12,82,-23,100,-38,93,-33,87,-31,80,-25,87,-18,82,-10,93,-23,80,-12,103,-15,90,-7,87,-20,80,-5,77,-12,85,-20,82,-20,82,-23,74,-18,82,-10,72,0,80,-2,74,0,93,7,90,20,82,10,72,20,69,31,64,5,80,20,67,12,56,18,54,28,46,28,54,31,41,31,46,38,33,43,36,36,28,38,20,38,20,31,18,36,7,25,10,28,0,0,0,0,0,0,0,0,0,0]"""
1782313077843,2026-06-24T23:57:57.843,warning,bed_exit,yja,bed_exit_failed,t030,"CSI_DATA,334948,1a:00:00:00:00:00,-66,11,-99,18,50,11,-1283289940,47,2,256,0,""[0,0,0,0,0,0,0,0,0,0,0,0,23,-25,20,-25,28,-28,28,-23,38,-25,25,-23,25,-25,33,-36,31,-31,33,-41,33,-25,38,-33,36,-33,46,-33,41,-28,59,-36,49,-28,64,-28,38,-31,33,-33,36,-46,51,-43,51,-49,49,-28,49,-46,49,-41,64,-43,46,-41,59,-43,49,-38,54,-51,28,-38,41,-59,28,-62,20,-64,38,-64,36,-74,41,-59,28,-72,33,-77,23,-82,41,-85,33,-69,28,-80,12,-59,10,-85,5,-82,-10,-85,5,-113,-5,-105,7,-87,10,-116,7,-111,-7,-113,10,-108,-10,-95,-18,-108,0,0,0,0,0,0,-105,10,-137,15,-80,18,-108,5,-134,23,-100,5,-116,20,-93,25,-111,23,-77,31,-80,36,-90,51,-93,56,-93,64,-80,33,-80,56,-72,64,-85,59,-67,54,-87,59,-67,49,-77,54,-38,46,-43,62,-49,72,-49,77,-46,82,-49,59,-38,80,-43,77,-51,82,-38,69,-59,77,-49,64,-46,67,-28,51,-23,72,-23,67,-10,74,-33,77,-31,72,-36,49,-31,62,-38,64,-36,54,-43,49,-36,36,-36,46,-18,28,-25,41,-23,33,-23,41,-28,33,-20,36,-23,23,-25,18,-25,18,0,0,0,0,0,0,0,0,0,0]"""
1782313077853,2026-06-24T23:57:57.853,warning,bed_exit,yja,bed_exit_failed,t030,"CSI_DATA,334949,1a:00:00:00:00:00,-66,11,-99,16,50,11,-1283280941,47,2,256,0,""[0,0,0,0,0,0,0,0,0,0,0,0,24,24,19,21,21,35,19,27,19,38,10,38,16,43,19,46,8,43,13,49,8,46,5,49,2,46,5,52,8,49,-2,68,-2,57,-2,65,-10,57,-10,46,-19,60,-13,57,-19,76,-13,62,-21,57,-19,65,-16,65,-10,54,-30,73,-16,54,-19,73,-27,49,-16,71,-21,62,-16,65,-16,68,-30,73,-21,73,-30,71,-24,79,-13,65,-30,90,-19,68,-13,84,-19,68,-13,98,-27,87,-10,95,-24,90,-30,95,-38,87,-41,93,-30,93,-43,115,-35,101,-27,84,-32,115,0,0,0,0,0,0,101,38,112,43,82,43,106,35,120,57,90,35,115,57,79,41,98,52,82,49,90,43,101,52,79,49,95,52,84,46,76,52,82,52,76,46,71,30,98,54,76,35,84,43,65,35,73,35,84,43,71,38,90,43,73,41,65,52,73,52,76,41,65,32,76,60,62,43,79,43,54,41,65,49,60,52,57,52,52,52,52,62,43,60,32,60,38,54,35,46,30,60,24,49,32,52,16,41,21,52,13,52,10,43,5,43,0,41,-5,41,-5,32,-2,30,0,0,0,0,0,0,0,0,0,0]"""
1782313077864,2026-06-24T23:57:57.864,warning,bed_exit,yja,bed_exit_failed,t030,"CSI_DATA,334950,1a:00:00:00:00:00,-66,11,-99,17,50,11,-1283270084,47,2,256,0,""[0,0,0,0,0,0,0,0,0,0,0,0,29,-10,34,-10,23,-7,45,-5,34,-10,50,-5,47,-2,39,-2,45,-2,42,0,50,-7,53,-7,53,-7,47,-5,63,-5,45,5,69,0,45,-2,71,0,77,-2,66,-10,58,5,53,0,66,-7,71,-10,63,-10,61,-5,63,-5,55,-10,74,-15,61,-7,90,-15,74,-15,66,-23,71,-23,69,-15,55,-23,69,-34,63,-42,61,-37,71,-42,55,-34,77,-53,63,-45,95,-63,74,-53,69,-50,71,-53,63,-55,66,-71,69,-95,58,-71,71,-85,69,-77,63,-87,74,-103,66,-85,0,0,0,0,0,0,-98,-58,-82,-45,-125,-71,-85,-69,-63,-50,-106,-55,-85,-42,-111,-53,-85,-37,-111,-63,-98,-53,-82,-37,-79,-34,-82,-26,-103,-26,-93,-18,-98,-15,-87,-13,-106,-13,-74,-13,-101,-10,-71,-7,-114,-2,-95,-5,-85,7,-77,2,-71,2,-93,18,-87,18,-79,15,-74,13,-87,10,-66,13,-85,21,-71,15,-106,21,-85,15,-74,18,-79,13,-63,0,-63,10,-74,18,-69,15,-53,10,-66,7,-53,7,-69,10,-47,5,-69,-5,-50,-5,-50,0,-39,-7,-37,-7,-37,0,-39,-7,-34,-5,-31,-5,0,0,0,0,0,0,0,0,0,0]"""
1782313077876,2026-06-24T23:57:57.876,warning,bed_exit,yja,bed_exit_failed,t030,"CSI_DATA,334951,1a:00:00:00:00:00,-66,11,-99,18,50,11,-1283259378,47,2,256,0,""[0,0,0,0,0,0,0,0,0,0,0,0,7,-31,10,-33,7,-31,18,-36,15,-36,18,-38,28,-38,25,-31,33,-41,31,-25,33,-36,41,-33,38,-31,46,-31,49,-38,38,-33,41,-36,41,-41,49,-38,56,-31,54,-31,56,-33,54,-20,51,-28,62,-25,62,-23,64,-23,72,-28,49,-33,54,-38,64,-36,62,-36,62,-31,56,-36,67,-33,67,-41,59,-36,62,-46,56,-41,51,-36,72,-38,49,-56,56,-67,67,-49,85,-67,67,-49,67,-69,82,-54,64,-64,69,-64,72,-74,77,-72,87,-74,77,-67,74,-80,82,-74,85,-77,0,0,0,0,0,0,-80,-93,-62,-80,-77,-98,-74,-87,-56,-82,-74,-95,-59,-69,-69,-90,-56,-72,-67,-95,-64,-93,-49,-80,-72,-77,-49,-77,-62,-80,-59,-82,-51,-69,-56,-72,-62,-80,-62,-51,-74,-59,-59,-62,-59,-64,-67,-64,-51,-59,-64,-62,-51,-62,-59,-56,-59,-64,-59,-62,-51,-59,-59,-72,-56,-41,-67,-49,-62,-56,-62,-67,-46,-62,-54,-56,-43,-62,-46,-62,-33,-56,-41,-56,-33,-56,-31,-54,-23,-59,-36,-46,-31,-51,-20,-51,-18,-59,-2,-41,-12,-49,2,-46,-5,-41,2,-46,0,-38,10,-33,12,-33,0,0,0,0,0,0,0,0,0,0]"""
1782313077887,2026-06-24T23:57:57.887,warning,bed_exit,yja,bed_exit_failed,t030,"CSI_DATA,334952,1a:00:00:00:00:00,-66,11,-99,15,50,11,-1283241079,47,2,256,0,""[0,0,0,0,0,0,0,0,0,0,0,0,-31,-19,-25,-19,-31,-31,-22,-22,-25,-36,-19,-31,-22,-31,-19,-42,-25,-39,-28,-47,-14,-47,-16,-50,-22,-47,-14,-59,-11,-50,-5,-70,-2,-53,8,-70,5,-47,0,-45,5,-64,-2,-64,2,-81,14,-59,11,-64,8,-67,19,-73,11,-64,31,-76,22,-62,28,-70,16,-47,8,-67,11,-64,5,-64,19,-84,22,-81,33,-67,25,-78,25,-84,22,-81,39,-90,39,-73,22,-78,16,-59,14,-95,19,-84,2,-101,28,-104,22,-101,39,-70,47,-95,45,-95,36,-101,59,-90,39,-81,45,-109,0,0,0,0,0,0,-93,-59,-124,-78,-73,-45,-95,-64,-107,-70,-70,-64,-90,-87,-73,-62,-78,-81,-62,-62,-73,-42,-90,-64,-87,-67,-95,-62,-62,-67,-73,-67,-67,-59,-67,-70,-59,-59,-76,-78,-56,-62,-64,-78,-45,-47,-62,-47,-73,-62,-67,-53,-76,-64,-45,-56,-56,-64,-59,-59,-59,-73,-56,-59,-47,-87,-33,-70,-50,-73,-31,-47,-45,-56,-45,-62,-50,-56,-45,-73,-33,-70,-8,-67,-16,-70,-14,-76,-11,-62,0,-70,5,-53,0,-50,8,-33,0,-47,5,-39,0,-47,11,-45,14,-42,25,-25,28,-28,22,-25,0,0,0,0,0,0,0,0,0,0]"""
1782313077898,2026-06-24T23:57:57.898,warning,bed_exit,yja,bed_exit_failed,t030,"CSI_DATA,334953,1a:00:00:00:00:00,-66,11,-99,17,50,11,-1283237379,47,2,256,0,""[0,0,0,0,0,0,0,0,0,0,0,0,29,5,42,10,26,7,42,13,31,7,47,15,39,26,37,23,42,23,31,23,42,29,47,31,45,29,39,31,53,39,37,23,53,45,39,31,58,45,42,55,39,50,39,39,37,42,53,47,47,45,47,45,45,42,58,53,39,31,61,45,47,37,69,58,53,47,55,37,50,39,58,37,53,31,74,31,63,29,58,23,71,37,63,15,95,23,74,18,117,37,85,37,90,23,90,39,79,15,82,18,111,10,98,7,114,18,95,15,109,7,122,18,101,18,0,0,0,0,0,0,18,-114,7,-79,15,-135,15,-111,7,-82,5,-127,5,-85,10,-127,0,-79,7,-135,13,-114,7,-101,0,-95,2,-77,-7,-106,-7,-93,-7,-85,-10,-87,-10,-95,-21,-69,-26,-106,-15,-74,-23,-111,-18,-87,-18,-79,-15,-77,-10,-69,-29,-82,-31,-79,-31,-74,-26,-74,-26,-87,-26,-47,-34,-79,-29,-66,-37,-103,-13,-79,-23,-69,-13,-79,-15,-61,-13,-58,-29,-69,-18,-61,-15,-55,-5,-63,-18,-50,-15,-69,-2,-47,0,-74,5,-47,0,-47,13,-42,5,-31,7,-31,7,-37,5,-34,13,-34,0,0,0,0,0,0,0,0,0,0]"""
1782313077909,2026-06-24T23:57:57.909,warning,bed_exit,yja,bed_exit_failed,t030,"CSI_DATA,334954,1a:00:00:00:00:00,-66,11,-99,18,50,11,-1283226252,47,2,256,0,""[0,0,0,0,0,0,0,0,0,0,0,0,-33,15,-33,7,-43,12,-36,10,-46,5,-36,7,-38,7,-43,7,-49,2,-49,2,-46,-10,-46,-10,-56,-5,-54,-15,-46,-20,-59,-18,-49,-20,-51,-31,-49,-15,-59,-15,-67,-15,-59,-20,-62,-25,-56,-36,-54,-31,-56,-28,-54,-43,-54,-41,-62,-36,-54,-33,-51,-54,-54,-28,-56,-23,-69,-23,-69,-25,-72,-28,-69,-33,-54,-46,-67,-28,-74,-43,-72,-33,-72,-51,-67,-41,-72,-38,-67,-25,-80,-20,-80,-23,-87,-15,-100,-25,-98,-28,-80,-41,-93,-49,-93,-49,-98,-46,-87,-62,-98,-41,-105,-46,0,0,0,0,0,0,-64,100,-77,103,-51,82,-64,85,-74,105,-77,69,-72,93,-64,80,-82,80,-49,77,-46,77,-51,82,-49,95,-51,93,-69,67,-56,77,-51,80,-62,74,-56,69,-56,80,-46,62,-69,72,-33,69,-38,69,-41,72,-41,85,-46,85,-56,67,-43,72,-49,72,-59,69,-49,64,-59,69,-51,64,-59,62,-41,54,-43,67,-43,64,-43,67,-49,56,-54,54,-62,31,-56,41,-62,36,-54,31,-59,28,-46,18,-54,18,-41,18,-46,20,-49,23,-38,23,-43,10,-41,7,-38,-7,-33,-5,-31,-7,0,0,0,0,0,0,0,0,0,0]"""
1782313077920,2026-06-24T23:57:57.920,warning,bed_exit,yja,bed_exit_failed,t030,"CSI_DATA,334955,1a:00:00:00:00:00,-66,11,-99,19,50,11,-1283215379,47,2,256,0,""[0,0,0,0,0,0,0,0,0,0,0,0,-32,17,-30,15,-37,20,-30,17,-40,10,-35,17,-35,17,-40,20,-45,25,-45,17,-50,5,-50,15,-47,17,-55,12,-52,2,-62,17,-52,17,-67,2,-47,12,-52,30,-47,25,-65,27,-70,25,-62,12,-57,15,-60,27,-70,15,-62,20,-75,25,-62,15,-70,27,-45,27,-52,37,-45,42,-45,50,-52,60,-60,55,-60,42,-52,52,-62,57,-55,50,-57,70,-50,60,-62,65,-32,60,-40,80,-32,85,-22,92,-32,100,-32,97,-45,77,-42,102,-35,100,-32,113,-50,100,-20,97,-20,108,0,0,0,0,0,0,100,25,125,40,82,25,115,25,128,22,95,32,115,27,87,15,115,30,95,-2,92,-7,105,-7,105,-22,105,-17,95,0,97,-12,92,-12,97,-7,87,-12,95,-32,77,-27,100,-17,62,-30,70,-42,80,-47,72,-57,80,-57,77,-32,72,-45,70,-50,77,-50,70,-45,75,-55,65,-37,75,-45,50,-42,52,-50,52,-52,50,-57,57,-62,57,-52,60,-37,52,-40,62,-35,52,-27,55,-32,47,-22,52,-30,32,-30,40,-25,40,-27,35,-25,35,-20,37,-25,32,-5,27,-7,30,-5,0,0,0,0,0,0,0,0,0,0]"""
1782313077931,2026-06-24T23:57:57.931,warning,bed_exit,yja,bed_exit_failed,t030,"CSI_DATA,334956,1a:00:00:00:00:00,-66,11,-99,18,49,11,-1283203640,47,2,256,0,""[0,0,0,0,0,0,0,0,0,0,0,0,60,52,-46,8,11,-26,17,104,84,-63,14,34,-34,37,75,14,81,-26,104,34,52,43,37,-11,43,-8,75,23,58,52,23,40,69,17,26,31,66,31,81,23,49,20,46,29,52,23,66,23,63,17,63,26,58,26,63,29,46,31,69,29,55,23,78,31,69,23,66,23,63,17,60,29,60,17,78,17,69,5,69,5,87,11,66,11,92,5,75,-2,113,11,89,11,87,0,95,5,84,2,84,-11,107,-17,98,-11,107,-2,107,0,101,-14,118,-14,110,-5,0,0,0,0,0,0,-17,-113,-5,-87,-17,-136,-11,-113,-8,-84,-17,-121,-11,-89,-14,-124,-17,-87,-11,-133,-11,-110,-14,-95,-5,-98,-20,-81,-29,-98,-34,-89,-40,-89,-29,-78,-37,-95,-23,-81,-40,-98,-34,-69,-43,-92,-37,-84,-43,-75,-31,-78,-37,-63,-58,-78,-49,-69,-46,-72,-37,-69,-40,-78,-31,-60,-49,-75,-37,-63,-52,-89,-34,-72,-37,-63,-29,-66,-23,-66,-29,-58,-37,-66,-29,-58,-26,-46,-29,-55,-17,-49,-20,-60,-14,-43,-11,-63,-5,-49,-5,-43,2,-43,-2,-37,0,-31,-2,-34,2,-29,8,-31,0,0,0,0,0,0,0,0,0,0]"""
1782313077942,2026-06-24T23:57:57.942,warning,bed_exit,yja,bed_exit_failed,t030,"CSI_DATA,334957,1a:00:00:00:00:00,-66,11,-99,13,51,11,-1283193379,47,2,256,0,""[0,0,0,0,0,0,0,0,0,0,0,0,-10,34,-13,29,-21,37,-15,29,-21,34,-26,26,-21,31,-31,34,-31,31,-45,37,-39,31,-45,21,-45,26,-50,23,-42,21,-61,23,-50,26,-63,21,-53,5,-45,13,-61,7,-58,15,-74,15,-61,10,-63,2,-69,5,-69,5,-55,15,-79,-2,-63,-2,-66,10,-53,-5,-71,7,-71,0,-66,7,-77,7,-77,-5,-74,-2,-85,-7,-82,0,-71,10,-87,-5,-77,-2,-85,15,-63,0,-95,13,-87,-2,-93,15,-101,-7,-103,-5,-85,-15,-101,-10,-95,0,-117,0,-103,-13,-93,-18,-109,-10,0,0,0,0,0,0,-21,101,-29,133,-23,98,-15,109,-34,125,-21,90,-42,122,-29,95,-42,111,-34,85,-29,90,-37,111,-31,85,-39,103,-34,87,-37,87,-37,87,-42,85,-29,71,-45,101,-31,77,-29,90,-34,66,-34,74,-34,90,-39,74,-31,93,-31,77,-45,71,-45,74,-37,74,-26,63,-50,82,-50,63,-34,74,-45,53,-37,69,-53,58,-50,61,-47,58,-58,50,-53,42,-61,37,-61,39,-53,34,-58,29,-45,23,-53,23,-37,18,-47,23,-39,10,-42,10,-39,0,-45,0,-34,-7,-31,-13,-31,-13,0,0,0,0,0,0,0,0,0,0]"""
1782313077954,2026-06-24T23:57:57.954,warning,bed_exit,yja,bed_exit_failed,t030,"CSI_DATA,334958,1a:00:00:00:00:00,-66,11,-99,16,50,11,-1283182221,47,2,256,0,""[0,0,0,0,0,0,0,0,0,0,0,0,-2,-32,0,-32,2,-46,-2,-35,10,-41,5,-35,5,-35,-5,-43,8,-41,0,-57,5,-41,2,-52,5,-49,16,-52,10,-52,24,-62,13,-52,21,-57,16,-41,10,-52,2,-82,21,-60,5,-71,16,-54,19,-62,10,-60,21,-68,10,-60,27,-76,16,-60,10,-65,13,-52,-2,-65,-2,-65,-13,-71,-2,-76,-8,-76,2,-68,-5,-82,-13,-90,-24,-79,-2,-90,-5,-76,-27,-82,-16,-43,-43,-76,-27,-79,-52,-73,-41,-101,-49,-84,-21,-79,-30,-104,-38,-93,-49,-84,-30,-106,-46,-101,-60,-93,0,0,0,0,0,0,-101,57,-115,68,-71,49,-87,65,-106,73,-79,46,-104,65,-87,60,-98,68,-68,49,-65,60,-65,82,-71,68,-65,93,-60,62,-60,71,-57,71,-68,76,-49,79,-68,76,-49,68,-52,76,-38,62,-32,68,-27,93,-30,87,-30,90,-35,71,-32,84,-21,79,-27,87,-13,79,-52,93,-41,73,-21,71,-21,49,-16,79,-24,76,-2,76,-24,76,-24,68,-30,49,-32,65,-38,71,-24,68,-35,49,-32,38,-24,54,-16,27,-21,43,-21,32,-16,41,-24,35,-21,38,-21,13,-21,19,-21,16,0,0,0,0,0,0,0,0,0,0]"""
1782313077964,2026-06-24T23:57:57.964,warning,bed_exit,yja,bed_exit_failed,t030,"CSI_DATA,334959,1a:00:00:00:00:00,-66,11,-99,18,50,11,-1283171379,47,2,256,0,""[0,0,0,0,0,0,0,0,0,0,0,0,-18,20,-20,31,-18,23,-31,31,-23,25,-36,33,-38,28,-28,28,-33,25,-33,20,-46,28,-43,25,-43,31,-43,28,-54,38,-38,23,-49,36,-36,33,-64,43,-64,31,-59,38,-51,31,-49,25,-54,43,-56,38,-51,36,-49,36,-51,38,-41,43,-54,54,-46,38,-64,59,-56,54,-51,51,-49,49,-36,46,-33,46,-33,67,-41,64,-28,62,-36,69,-18,62,-23,80,-20,82,-28,98,-33,85,-20,85,-31,87,-23,80,-18,95,-12,111,-5,85,-10,100,-18,100,0,113,-7,121,-7,118,0,0,0,0,0,0,118,0,100,-10,134,-7,111,-7,85,-10,118,-18,93,-15,124,-23,90,-25,124,-25,108,-25,93,-25,87,-20,85,-23,93,-36,90,-38,87,-36,74,-41,90,-49,67,-36,77,-56,64,-56,87,-69,82,-59,67,-56,74,-51,56,-49,59,-69,59,-62,54,-64,51,-54,59,-67,41,-56,51,-77,38,-64,67,-82,62,-64,49,-67,51,-54,49,-46,38,-49,43,-62,46,-54,38,-49,41,-49,31,-43,41,-51,31,-36,46,-43,38,-28,38,-28,33,-20,31,-25,28,-15,36,-23,31,-18,28,-15,0,0,0,0,0,0,0,0,0,0]"""
1782313077975,2026-06-24T23:57:57.975,warning,bed_exit,yja,bed_exit_failed,t030,"CSI_DATA,334960,1a:00:00:00:00:00,-66,11,-99,18,50,11,-1283159322,47,2,256,0,""[0,0,0,0,0,0,0,0,0,0,0,0,20,18,18,25,12,33,18,38,12,28,18,46,10,43,7,41,2,41,7,41,18,54,10,51,7,51,5,49,-2,56,-5,49,-12,62,-7,49,-20,69,-18,64,-15,46,-28,59,-15,49,-20,69,-18,64,-15,56,-23,51,-31,59,-31,56,-38,64,-25,51,-38,74,-49,64,-36,59,-41,62,-33,51,-23,54,-23,69,-28,74,-25,69,-36,72,-28,59,-41,80,-33,69,-41,93,-49,69,-46,72,-46,74,-49,64,-43,74,-43,105,-38,85,-46,87,-51,85,-54,95,-69,103,-72,90,0,0,0,0,0,0,85,80,77,69,103,85,69,82,74,56,87,82,62,74,85,95,59,69,82,93,64,90,56,77,49,80,62,64,82,69,67,59,77,67,64,62,64,77,46,59,59,74,46,59,77,80,49,85,56,72,36,72,54,59,64,67,64,64,56,56,49,56,51,67,38,69,46,72,38,62,38,93,31,85,25,77,20,77,7,62,20,59,28,69,28,72,15,59,5,69,5,54,2,64,0,51,-7,62,-18,46,-15,43,-18,41,-23,31,-18,36,-20,38,-15,23,-15,25,0,0,0,0,0,0,0,0,0,0]"""
1782313077986,2026-06-24T23:57:57.986,warning,bed_exit,yja,bed_exit_failed,t030,"CSI_DATA,334961,1a:00:00:00:00:00,-66,11,-99,17,50,11,-1283149379,47,2,256,0,""[0,0,0,0,0,0,0,0,0,0,0,0,-26,23,-26,18,-31,21,-31,21,-39,15,-26,10,-34,10,-42,13,-45,18,-53,10,-45,-2,-45,-2,-53,-5,-55,-5,-55,-2,-61,-13,-53,-5,-53,-13,-55,-15,-47,-10,-58,-10,-71,-15,-63,-26,-55,-34,-61,-39,-53,-34,-53,-39,-50,-31,-71,-37,-53,-34,-58,-34,-47,-31,-61,-26,-58,-34,-61,-34,-66,-34,-61,-42,-53,-39,-69,-45,-71,-47,-61,-42,-71,-45,-61,-45,-79,-39,-53,-34,-69,-34,-69,-39,-87,-39,-90,-50,-87,-58,-69,-55,-74,-69,-79,-55,-90,-66,-87,-74,-82,-63,-85,-71,0,0,0,0,0,0,-79,85,-101,90,-66,63,-74,79,-98,82,-74,53,-98,79,-79,66,-95,63,-74,47,-69,58,-85,66,-82,66,-98,69,-82,39,-82,34,-79,47,-93,39,-79,47,-87,61,-66,45,-79,47,-61,42,-66,50,-74,53,-77,58,-82,45,-74,34,-85,31,-77,34,-85,29,-71,34,-93,42,-77,34,-79,31,-66,18,-74,29,-74,23,-82,26,-74,23,-82,5,-63,-2,-74,-10,-74,-5,-69,-5,-66,-7,-55,-10,-58,-10,-39,-13,-45,-10,-42,-18,-45,-18,-42,-18,-34,-26,-23,-23,-18,-26,-18,-26,0,0,0,0,0,0,0,0,0,0]"""
1782313077996,2026-06-24T23:57:57.996,warning,bed_exit,yja,bed_exit_failed,t030,"CSI_DATA,334962,1a:00:00:00:00:00,-66,11,-99,17,50,11,-1283138379,47,2,256,0,""[0,0,0,0,0,0,0,0,0,0,0,0,15,29,7,21,10,39,13,34,10,39,5,39,5,39,15,45,-2,37,15,47,7,45,7,37,7,47,5,53,2,47,2,63,2,50,0,63,2,61,-7,53,-2,69,-5,63,5,63,5,63,5,66,7,63,5,61,5,53,-5,77,2,66,0,66,5,58,18,79,10,71,23,71,13,71,23,71,23,66,31,74,34,74,37,66,23,85,15,71,39,77,31,53,50,85,39,74,58,69,50,87,61,79,61,82,53,79,58,74,71,90,69,90,66,79,74,85,0,0,0,0,0,0,87,-74,90,-90,74,-79,93,-74,87,-87,63,-66,93,-87,71,-69,87,-82,66,-71,66,-69,61,-95,69,-77,50,-98,47,-90,39,-79,39,-90,39,-90,34,-77,55,-87,39,-74,42,-87,29,-77,29,-87,29,-95,26,-74,18,-90,21,-90,13,-85,13,-90,13,-87,7,-69,31,-95,23,-82,18,-77,15,-63,10,-93,23,-77,2,-77,23,-66,13,-74,21,-63,18,-71,18,-71,15,-61,31,-61,31,-45,15,-55,15,-39,21,-53,21,-39,18,-42,23,-34,21,-42,23,-29,18,-26,15,-18,0,0,0,0,0,0,0,0,0,0]"""
1782313078008,2026-06-24T23:57:58.008,warning,bed_exit,yja,bed_exit_failed,t030,"CSI_DATA,334963,1a:00:00:00:00:00,-66,11,-99,17,50,11,-1283127379,47,2,256,0,""[0,0,0,0,0,0,0,0,0,0,0,0,-31,-15,-18,-10,-37,-21,-26,-15,-34,-26,-21,-23,-34,-21,-31,-29,-29,-26,-37,-31,-34,-37,-18,-34,-26,-39,-29,-45,-18,-34,-34,-58,-18,-45,-21,-61,-18,-50,-23,-47,-21,-58,-23,-53,-23,-66,-18,-66,-18,-61,-18,-61,-13,-61,-13,-45,-21,-74,-15,-55,-15,-66,-18,-53,-34,-66,-26,-63,-31,-61,-21,-55,-18,-69,-18,-69,-23,-69,-31,-82,-34,-61,-26,-85,-15,-69,-42,-77,-29,-58,-47,-82,-31,-85,-58,-71,-45,-82,-47,-90,-31,-95,-21,-87,-31,-82,-55,-111,-34,-98,-39,-90,-55,-101,0,0,0,0,0,0,-93,34,-119,42,-90,39,-106,37,-127,45,-87,26,-133,45,-79,34,-117,34,-93,29,-90,34,-98,47,-90,34,-106,45,-95,31,-87,26,-93,37,-93,37,-69,31,-98,39,-77,29,-93,42,-71,34,-82,45,-90,50,-71,42,-90,42,-79,34,-79,31,-82,37,-82,37,-58,31,-90,39,-69,26,-79,29,-61,23,-82,37,-79,29,-74,37,-74,18,-77,15,-69,0,-69,7,-71,5,-55,7,-71,-2,-50,-7,-61,2,-34,-5,-58,-2,-47,-10,-47,-2,-42,-10,-45,-15,-29,-23,-26,-18,-23,-18,0,0,0,0,0,0,0,0,0,0]"""
1782313078018,2026-06-24T23:57:58.018,warning,bed_exit,yja,bed_exit_failed,t030,"CSI_DATA,334964,1a:00:00:00:00:00,-66,11,-99,18,50,11,-1283116379,47,2,256,0,""[0,0,0,0,0,0,0,0,0,0,0,0,33,0,31,2,31,0,33,2,38,12,36,2,41,5,38,12,43,7,49,10,38,25,43,20,49,15,46,18,51,23,49,28,51,28,49,36,51,28,51,20,43,20,62,28,49,38,46,43,51,36,51,38,49,49,49,43,59,38,49,33,49,49,51,31,59,33,59,28,62,28,67,33,67,41,59,46,69,31,67,38,67,36,72,36,72,36,80,41,69,28,77,31,82,25,87,31,95,18,98,25,93,36,98,38,90,38,105,36,100,43,105,23,108,33,0,0,0,0,0,0,43,-111,51,-116,36,-100,49,-105,41,-116,54,-90,43,-105,41,-95,49,-98,33,-93,33,-100,33,-95,25,-103,28,-105,38,-82,28,-95,23,-90,25,-87,28,-90,20,-95,20,-87,28,-90,15,-85,5,-90,10,-87,0,-95,15,-93,15,-85,10,-87,7,-87,23,-87,18,-82,12,-90,7,-77,18,-85,5,-74,7,-74,10,-77,7,-80,15,-77,23,-74,33,-69,20,-67,31,-64,28,-59,28,-59,25,-49,33,-51,23,-41,28,-46,25,-41,25,-41,28,-33,28,-36,31,-15,28,-18,31,-15,0,0,0,0,0,0,0,0,0,0]"""
1782313078033,2026-06-24T23:57:58.033,warning,bed_exit,yja,bed_exit_failed,t030,"CSI_DATA,334966,1a:00:00:00:00:00,-66,11,-99,16,50,11,-1283091203,47,2,256,0,""[0,0,0,0,0,0,0,0,0,0,0,0,19,10,30,19,24,21,32,24,27,16,30,35,27,41,24,32,24,27,16,35,24,41,24,38,21,46,19,46,21,57,10,35,19,62,10,46,13,73,5,60,-2,49,2,65,-5,49,5,71,5,65,2,65,-2,57,0,68,0,54,2,73,0,52,0,87,-13,73,0,65,-10,71,-8,62,-5,52,8,79,2,82,0,68,-2,84,8,65,8,90,-2,73,0,117,-5,82,5,84,-16,93,-5,84,-2,87,2,117,2,90,-5,109,-8,93,-5,109,-13,128,-19,106,0,0,0,0,0,0,123,21,79,13,142,30,104,27,73,21,125,35,90,24,123,32,87,16,125,49,104,43,82,38,84,32,73,35,98,32,93,24,93,35,87,27,98,38,65,19,101,27,71,27,106,43,93,41,76,32,79,35,57,30,90,24,87,24,76,30,71,30,82,38,62,24,87,35,65,32,95,52,68,54,68,43,57,57,52,52,46,38,62,43,57,46,43,43,43,57,35,35,41,49,30,43,30,62,16,52,13,49,2,52,5,35,5,32,5,41,5,35,-5,32,0,0,0,0,0,0,0,0,0,0]"""
1782313078044,2026-06-24T23:57:58.044,warning,bed_exit,yja,bed_exit_failed,t030,"CSI_DATA,334967,1a:00:00:00:00:00,-66,11,-99,20,49,11,-1283083257,47,2,256,0,""[0,0,0,0,0,0,0,0,0,0,0,0,-30,8,-30,5,-35,2,-41,2,-35,2,-43,-5,-41,-2,-43,0,-41,-8,-46,-5,-49,-8,-43,-19,-43,-13,-41,-13,-43,-16,-49,-27,-46,-24,-52,-30,-57,-30,-54,-38,-60,-38,-41,-30,-57,-46,-54,-32,-54,-35,-52,-38,-49,-41,-43,-32,-54,-43,-46,-30,-52,-41,-57,-43,-62,-46,-54,-43,-62,-35,-49,-41,-60,-41,-71,-43,-65,-41,-62,-35,-60,-30,-68,-49,-65,-41,-76,-38,-82,-46,-90,-49,-73,-46,-84,-41,-71,-38,-87,-38,-93,-49,-76,-52,-84,-43,-109,-65,-93,-54,-87,-49,-98,-57,0,0,0,0,0,0,-52,93,-62,93,-62,98,-68,95,-65,90,-62,87,-71,104,-60,87,-60,93,-73,93,-71,95,-57,90,-57,71,-57,87,-62,93,-52,84,-46,87,-49,73,-41,73,-60,76,-46,73,-46,87,-49,90,-54,90,-38,87,-46,68,-43,79,-46,90,-35,79,-43,84,-41,68,-38,68,-43,76,-35,71,-46,73,-52,68,-46,79,-49,62,-49,68,-49,49,-46,60,-54,60,-54,49,-43,41,-43,41,-57,41,-46,35,-46,35,-46,21,-52,27,-49,24,-43,16,-41,10,-41,10,-41,10,-30,5,-30,0,0,0,0,0,0,0,0,0,0,0]"""
1782313078055,2026-06-24T23:57:58.055,warning,bed_exit,yja,bed_exit_failed,t030,"CSI_DATA,334968,1a:00:00:00:00:00,-66,11,-99,18,50,11,-1283072379,47,2,256,0,""[0,0,0,0,0,0,0,0,0,0,0,0,-7,-25,-12,-41,-5,-20,-2,-38,-5,-28,5,-54,2,-49,10,-33,10,-38,18,-25,20,-43,20,-46,23,-41,25,-36,38,-51,18,-31,43,-54,25,-36,56,-49,46,-41,36,-33,51,-28,38,-25,56,-31,54,-31,56,-23,43,-23,74,-31,33,-18,74,-41,49,-33,82,-36,69,-33,51,-28,72,-15,49,-10,38,-5,67,-23,59,-12,62,-51,77,-23,56,-33,85,-41,67,-10,134,-33,56,20,90,-23,95,-12,74,10,82,2,116,-15,111,-15,100,-7,95,-10,85,-12,137,-15,103,-2,0,0,0,0,0,0,15,-116,5,-80,25,-144,15,-100,12,-74,25,-139,12,-72,36,-126,15,-77,43,-134,38,-111,38,-82,36,-95,41,-62,46,-100,38,-93,43,-87,43,-77,49,-95,23,-62,43,-95,25,-69,62,-103,51,-90,43,-74,49,-69,38,-51,54,-80,51,-77,51,-67,49,-59,64,-74,33,-51,56,-74,43,-49,82,-82,67,-49,64,-51,72,-38,62,-38,51,-28,64,-43,64,-28,49,-18,69,-15,41,-25,64,-25,49,-10,82,-5,46,2,51,5,46,10,36,10,28,12,41,12,31,15,25,20,0,0,0,0,0,0,0,0,0,0]"""
1782313078067,2026-06-24T23:57:58.067,warning,bed_exit,yja,bed_exit_failed,t030,"CSI_DATA,334969,1a:00:00:00:00:00,-66,11,-99,16,50,11,-1283056894,47,2,256,0,""[0,0,0,0,0,0,0,0,0,0,0,0,35,16,27,13,30,21,27,16,24,27,24,21,32,21,30,30,35,32,30,32,19,46,24,43,27,43,16,49,19,49,21,57,16,54,8,60,10,46,24,49,24,52,19,62,16,62,0,60,5,57,5,68,2,68,5,68,0,73,-2,62,-2,71,5,49,10,60,19,60,16,62,19,73,13,73,-2,73,16,68,2,82,0,76,5,87,5,79,0,82,13,76,21,84,27,87,35,90,27,101,27,98,2,93,13,109,10,109,19,109,-8,112,21,95,13,104,0,0,0,0,0,0,106,5,131,13,93,5,117,13,131,8,101,27,117,21,95,16,109,32,93,8,93,0,106,-2,112,-2,109,0,95,27,98,10,95,5,93,16,93,13,104,8,87,8,101,24,73,0,84,-2,90,0,95,-5,95,0,82,24,87,10,90,8,93,16,87,16,90,13,76,19,82,30,68,8,73,10,73,10,79,13,79,16,76,21,57,43,68,24,57,41,54,38,52,38,43,38,43,41,35,32,43,35,35,32,35,27,32,32,21,35,5,32,16,30,5,32,0,0,0,0,0,0,0,0,0,0]"""
1782313078078,2026-06-24T23:57:58.078,warning,bed_exit,yja,bed_exit_failed,t030,"CSI_DATA,334970,1a:00:00:00:00:00,-66,11,-99,14,50,11,-1283049663,47,2,256,0,""[0,0,0,0,0,0,0,0,0,0,0,0,-34,-95,11,92,-72,-8,-124,34,-72,87,-31,26,-49,34,37,84,-69,5,-31,-11,37,-46,-55,-14,-63,-11,-87,37,-72,-17,-40,-5,-72,-26,-72,-2,-63,-5,-75,-26,-63,-8,-69,-23,-46,-23,-60,-26,-58,-31,-52,-29,-49,-29,-66,-31,-55,-17,-63,-20,-63,-14,-69,-26,-58,-37,-63,-23,-63,-31,-66,-20,-60,-20,-66,-17,-66,-26,-60,-26,-69,-34,-75,0,-81,-5,-87,-29,-101,-29,-69,-26,-87,-14,-92,-31,-92,-14,-101,-29,-107,-29,-101,-20,-107,-23,-98,-31,-113,-23,-116,-34,-104,-34,0,0,0,0,0,0,-46,124,-43,104,-46,124,-37,104,-34,87,-49,110,-29,89,-49,110,-40,92,-52,107,-40,101,-46,81,-29,98,-52,81,-46,87,-49,98,-46,87,-43,81,-52,95,-17,78,-23,95,-29,87,-34,92,-31,87,-34,78,-34,84,-34,72,-37,81,-37,84,-29,75,-37,69,-46,87,-17,75,-29,84,-29,78,-43,95,-43,63,-34,72,-46,60,-40,66,-40,55,-40,63,-46,49,-43,43,-49,46,-29,49,-40,46,-49,34,-55,34,-37,23,-40,26,-46,11,-37,14,-37,14,-43,8,-40,8,-31,0,0,0,0,0,0,0,0,0,0,0]"""
1782313078090,2026-06-24T23:57:58.090,warning,bed_exit,yja,bed_exit_failed,t030,"CSI_DATA,334971,1a:00:00:00:00:00,-66,11,-99,16,50,11,-1283036152,47,2,256,0,""[0,0,0,0,0,0,0,0,0,0,0,0,-2,-35,-2,-30,10,-35,5,-32,8,-35,10,-30,5,-32,16,-43,19,-41,13,-46,16,-41,27,-43,19,-38,35,-41,27,-38,46,-43,41,-35,52,-43,35,-27,30,-30,43,-46,43,-38,49,-52,46,-32,46,-43,46,-43,57,-35,52,-41,65,-35,54,-27,62,-35,41,-24,41,-52,49,-41,52,-52,65,-54,62,-49,60,-35,62,-46,73,-54,57,-57,82,-38,71,-38,57,-46,43,-32,65,-71,60,-65,49,-82,84,-76,60,-79,62,-43,90,-60,87,-62,79,-65,95,-54,76,-68,87,-79,0,0,0,0,0,0,-62,-95,-73,-109,-46,-71,-57,-93,-73,-112,-52,-90,-60,-106,-43,-87,-49,-106,-43,-79,-54,-73,-73,-82,-57,-87,-79,-84,-43,-71,-54,-76,-57,-79,-52,-90,-52,-73,-49,-104,-46,-76,-46,-84,-35,-60,-49,-54,-60,-68,-52,-73,-68,-76,-46,-68,-54,-71,-54,-71,-52,-82,-52,-68,-41,-90,-32,-73,-43,-76,-24,-49,-49,-65,-41,-65,-52,-62,-41,-79,-32,-71,-13,-65,-19,-68,-13,-76,-16,-65,0,-68,8,-57,-2,-49,2,-35,0,-52,2,-46,-5,-43,8,-46,2,-43,16,-30,19,-32,16,-27,0,0,0,0,0,0,0,0,0,0]"""
1782313078100,2026-06-24T23:57:58.100,warning,bed_exit,yja,bed_exit_failed,t030,"CSI_DATA,334972,1a:00:00:00:00:00,-66,11,-99,19,50,11,-1283028304,47,2,256,0,""[0,0,0,0,0,0,0,0,0,0,0,0,-30,-7,-32,-10,-27,-10,-35,-22,-30,-12,-37,-20,-37,-25,-27,-30,-40,-25,-32,-30,-45,-25,-40,-25,-42,-25,-40,-25,-35,-30,-42,-22,-52,-30,-50,-25,-55,-37,-42,-42,-32,-45,-47,-30,-47,-37,-57,-27,-57,-27,-57,-27,-57,-27,-60,-30,-52,-20,-65,-17,-70,-15,-77,-30,-62,-32,-60,-25,-62,-32,-67,-20,-65,-10,-82,7,-72,0,-67,0,-75,0,-67,17,-87,22,-82,17,-102,25,-97,5,-90,22,-105,15,-85,17,-92,35,-90,60,-82,55,-97,40,-97,52,-85,70,-95,55,-110,52,0,0,0,0,0,0,67,92,62,77,82,95,67,97,57,67,85,90,65,67,87,80,77,65,90,90,87,82,70,72,75,67,67,65,102,52,92,42,85,37,77,32,85,47,77,25,92,22,90,25,100,30,87,32,85,25,82,20,82,17,95,-5,85,-2,77,-5,75,2,90,5,75,-10,80,-12,87,-10,97,-7,85,15,77,2,82,12,70,2,75,-7,75,-25,72,-15,55,-10,60,0,57,-10,62,-15,55,2,70,7,50,7,50,2,45,17,42,2,40,12,37,5,32,7,30,12,0,0,0,0,0,0,0,0,0,0]"""
1782313078111,2026-06-24T23:57:58.111,warning,bed_exit,yja,bed_exit_failed,t030,"CSI_DATA,334973,1a:00:00:00:00:00,-66,11,-99,17,50,11,-1283017379,47,2,256,0,""[0,0,0,0,0,0,0,0,0,0,0,0,31,13,21,13,31,21,31,15,31,23,23,23,23,18,26,29,31,31,37,37,26,29,29,39,23,34,29,45,29,42,37,47,34,34,31,50,29,42,23,47,26,61,34,47,31,58,23,53,18,63,26,53,29,53,31,47,42,71,37,55,42,58,29,47,42,53,34,53,42,63,45,55,50,69,39,53,45,66,58,69,55,55,66,58,53,47,71,58,39,37,66,47,61,50,82,47,87,71,93,69,69,61,79,71,77,61,95,66,87,66,90,63,95,58,0,0,0,0,0,0,66,-103,79,-117,53,-71,53,-95,77,-111,55,-79,66,-109,50,-85,66,-98,47,-69,45,-82,61,-95,47,-98,61,-109,53,-74,58,-79,45,-82,53,-93,37,-87,39,-103,21,-79,31,-98,26,-71,23,-79,26,-87,18,-101,31,-95,37,-77,37,-82,23,-82,29,-87,21,-79,26,-103,18,-82,15,-90,23,-63,15,-74,23,-79,18,-79,18,-82,37,-71,34,-55,37,-63,26,-66,29,-58,31,-58,26,-47,26,-53,21,-31,26,-42,26,-34,26,-39,29,-34,29,-31,31,-21,31,-15,29,-18,0,0,0,0,0,0,0,0,0,0]"""
1782313078122,2026-06-24T23:57:58.122,warning,bed_exit,yja,bed_exit_failed,t030,"CSI_DATA,334974,1a:00:00:00:00:00,-66,11,-99,16,50,11,-1283006379,47,2,256,0,""[0,0,0,0,0,0,0,0,0,0,0,0,-30,5,-27,2,-32,5,-32,0,-38,0,-41,-8,-41,-8,-38,-2,-35,-10,-49,-5,-49,-8,-41,-10,-52,-13,-49,-10,-46,-10,-49,-24,-49,-21,-54,-21,-54,-19,-65,-27,-60,-13,-54,-24,-54,-21,-65,-21,-60,-21,-60,-24,-57,-21,-52,-16,-60,-19,-68,-19,-62,-16,-73,-19,-71,-19,-73,-16,-71,-8,-65,-16,-65,-5,-82,-5,-79,-5,-73,2,-73,0,-76,0,-82,0,-90,10,-90,0,-101,13,-87,8,-90,13,-90,13,-104,24,-109,30,-87,19,-87,16,-120,24,-106,35,-101,24,-115,24,0,0,0,0,0,0,30,104,41,101,43,115,30,115,32,101,38,109,41,112,43,106,43,101,38,112,38,109,46,93,35,87,49,90,57,95,52,79,54,84,52,79,52,68,49,79,57,76,60,68,65,79,65,84,68,68,54,65,65,62,76,65,68,60,68,49,60,52,57,49,68,60,65,52,62,52,71,60,71,65,60,54,57,54,43,52,52,46,54,57,49,49,46,43,43,43,41,49,32,43,38,43,30,49,27,46,21,43,24,41,16,35,21,38,19,43,10,32,10,27,0,0,0,0,0,0,0,0,0,0]"""
1782313078132,2026-06-24T23:57:58.132,warning,bed_exit,yja,bed_exit_failed,t030,"CSI_DATA,334975,1a:00:00:00:00:00,-65,11,-99,15,50,11,-1282994979,47,2,256,0,""[0,0,0,0,0,0,0,0,0,0,0,0,25,8,25,19,31,16,31,19,31,25,25,25,22,33,16,39,33,36,16,39,22,36,22,42,16,45,25,47,25,62,28,39,28,47,22,50,25,56,16,67,16,67,16,70,8,59,11,59,14,67,11,62,11,62,8,70,22,62,22,64,19,67,16,67,14,70,16,70,8,73,22,70,19,64,33,62,25,78,25,70,19,81,45,62,45,67,36,87,42,87,25,81,33,90,25,93,47,95,39,104,56,90,56,87,45,95,50,95,64,90,53,112,42,112,0,0,0,0,0,0,115,-50,121,-39,115,-39,112,-36,101,-31,115,-36,101,-42,112,-47,107,-36,98,-31,104,-28,98,-14,104,-45,104,-22,93,-33,98,-33,90,-31,93,-36,104,-33,76,-47,81,-50,93,-39,87,-36,81,-33,84,-19,95,-42,81,-25,76,-42,87,-36,73,-33,76,-39,90,-33,70,-45,73,-42,76,-39,84,-36,76,-16,81,-16,81,-8,76,-16,76,-11,67,-19,70,-11,67,-11,67,2,59,-19,56,-11,59,0,56,0,42,11,50,11,42,19,45,8,36,19,36,11,31,16,28,14,0,0,0,0,0,0,0,0,0,0]"""
1782313078143,2026-06-24T23:57:58.143,warning,bed_exit,yja,bed_exit_failed,t030,"CSI_DATA,334976,1a:00:00:00:00:00,-65,11,-99,15,50,11,-1282981523,47,2,256,0,""[0,0,0,0,0,0,0,0,0,0,0,0,28,-16,19,-16,31,-19,28,-14,39,-11,31,-14,36,-14,47,-19,36,-11,47,-16,45,0,47,-8,47,-2,47,-2,42,-5,70,-2,64,-2,62,2,47,11,47,-8,59,-2,62,5,70,5,59,11,56,14,62,14,67,8,62,2,76,16,62,19,73,5,53,16,67,5,67,16,70,-2,81,5,87,11,76,14,78,19,84,14,78,0,93,14,84,11,87,2,67,5,95,-11,87,5,101,-19,107,0,101,2,90,14,104,19,104,0,115,0,112,19,107,8,112,2,0,0,0,0,0,0,2,-115,16,-126,14,-95,2,-121,14,-140,16,-104,28,-126,14,-101,16,-121,11,-101,0,-95,2,-121,11,-104,5,-115,11,-98,19,-93,14,-98,14,-98,2,-87,11,-118,2,-93,2,-101,8,-78,-5,-81,-2,-101,5,-87,-2,-104,8,-87,11,-87,0,-90,0,-95,-5,-81,16,-109,14,-84,5,-87,11,-62,0,-87,11,-76,0,-84,8,-78,22,-84,25,-67,33,-64,31,-70,22,-62,33,-64,31,-50,22,-53,19,-31,22,-50,31,-36,22,-45,33,-33,33,-31,31,-16,33,-14,31,-16,0,0,0,0,0,0,0,0,0,0]"""
1782313078154,2026-06-24T23:57:58.154,warning,bed_exit,yja,bed_exit_failed,t030,"CSI_DATA,334977,1a:00:00:00:00:00,-65,11,-99,21,49,11,-1282973380,47,2,256,0,""[0,0,0,0,0,0,0,0,0,0,0,0,26,-13,31,-13,31,-13,31,-13,34,-13,39,-7,42,-5,37,2,53,-10,45,2,47,0,53,2,45,2,53,5,61,7,53,-7,55,-2,58,5,58,7,55,18,55,26,63,2,63,23,63,7,66,15,69,10,71,10,71,18,66,-2,66,-5,74,2,63,5,61,13,69,5,71,7,79,2,77,7,74,-7,69,-2,77,-7,82,5,85,-29,82,-26,87,-18,95,-18,87,-10,98,-21,103,-5,90,-26,103,-23,93,-37,106,-37,109,-29,109,-34,109,-55,106,-37,114,-34,0,0,0,0,0,0,-37,-106,-34,-117,-34,-106,-26,-117,-34,-114,-37,-117,-42,-106,-39,-109,-42,-106,-34,-106,-29,-106,-18,-106,-45,-106,-29,-101,-39,-93,-42,-95,-39,-87,-42,-90,-39,-98,-50,-77,-58,-74,-47,-87,-47,-77,-53,-79,-37,-77,-61,-82,-42,-85,-53,-71,-50,-74,-50,-71,-53,-71,-45,-82,-63,-55,-58,-55,-58,-71,-53,-66,-37,-66,-42,-66,-34,-77,-39,-71,-31,-69,-39,-63,-31,-63,-34,-61,-23,-61,-34,-55,-31,-53,-18,-53,-15,-55,-10,-47,-5,-53,-2,-50,-7,-45,-2,-42,-2,-39,0,-39,0,-31,0,0,0,0,0,0,0,0,0,0]"""
1782313078165,2026-06-24T23:57:58.165,warning,bed_exit,yja,bed_exit_failed,t030,"CSI_DATA,334978,1a:00:00:00:00:00,-65,11,-99,20,49,11,-1282961828,47,2,256,0,""[0,0,0,0,0,0,0,0,0,0,0,0,-10,27,-19,30,-19,24,-24,30,-24,19,-35,35,-32,24,-32,24,-38,27,-32,13,-46,24,-43,13,-43,13,-46,13,-60,16,-46,19,-60,21,-54,19,-71,13,-60,5,-52,-5,-65,13,-57,-5,-62,0,-68,-2,-71,2,-65,-2,-82,-8,-52,8,-68,5,-71,5,-84,2,-71,0,-68,8,-71,-2,-73,5,-68,5,-71,13,-65,5,-65,0,-84,-5,-73,24,-90,27,-84,2,-120,10,-84,2,-98,30,-101,-2,-93,19,-98,2,-112,13,-104,10,-117,19,-109,5,-112,10,-125,2,-109,0,0,0,0,0,0,0,-2,131,-2,101,-5,131,-8,123,-10,93,-16,134,0,87,-8,128,-5,95,-10,134,-8,120,-16,93,-5,115,-24,84,-19,106,-13,106,-16,98,-21,95,-21,104,0,76,2,104,-2,95,-8,109,-10,98,-2,84,0,95,-8,79,-10,82,-16,84,-10,82,-16,76,-19,101,2,73,-5,87,-13,82,-16,106,-24,79,-19,82,-32,76,-27,73,-27,65,-21,73,-24,57,-27,54,-41,54,-19,52,-27,62,-32,43,-46,52,-27,32,-35,38,-41,27,-32,30,-32,19,-35,19,-30,19,-30,8,0,0,0,0,0,0,0,0,0,0]"""
1782313078175,2026-06-24T23:57:58.175,warning,bed_exit,yja,bed_exit_failed,t030,"CSI_DATA,334979,1a:00:00:00:00:00,-65,11,-99,18,49,11,-1282951380,47,2,256,0,""[0,0,0,0,0,0,0,0,0,0,0,0,-2,31,-5,26,-8,37,-14,31,-20,34,-17,34,-20,31,-20,40,-23,37,-29,40,-29,43,-23,37,-31,40,-37,37,-26,31,-58,43,-43,31,-52,37,-43,26,-46,31,-49,49,-55,23,-58,46,-52,40,-49,37,-58,37,-60,31,-43,31,-75,31,-55,23,-66,31,-52,26,-69,31,-66,29,-63,40,-60,37,-69,43,-66,46,-69,49,-69,49,-60,40,-89,43,-78,34,-66,43,-63,37,-84,63,-84,46,-69,66,-89,46,-81,63,-84,55,-87,55,-89,58,-107,72,-92,58,-87,52,-107,58,0,0,0,0,0,0,46,104,55,121,46,87,46,116,60,124,43,89,55,139,34,92,43,118,46,92,34,98,52,101,31,95,60,104,55,89,55,81,55,89,43,89,34,69,46,107,40,81,43,98,40,75,34,89,49,87,31,78,58,89,49,78,49,72,58,81,46,75,40,60,34,98,29,75,31,78,23,66,34,87,26,84,31,72,20,78,20,78,20,72,14,75,5,72,8,58,-5,72,0,55,0,60,-2,40,-2,55,-11,55,-2,46,-14,40,-14,46,-20,31,-11,29,-17,29,0,0,0,0,0,0,0,0,0,0]"""
1782313078191,2026-06-24T23:57:58.191,warning,bed_exit,yja,bed_exit_failed,t030,"CSI_DATA,334980,1a:00:00:00:00:00,-65,11,-99,20,49,11,-1282933886,47,2,256,0,""[0,0,0,0,0,0,0,0,0,0,0,0,19,27,16,27,19,30,19,30,19,35,19,32,21,35,21,35,27,38,27,43,13,43,19,46,21,38,13,49,19,54,21,60,19,54,13,62,27,52,24,43,27,46,38,60,27,65,16,57,27,60,30,62,27,71,30,71,32,57,32,57,27,71,46,52,46,49,57,41,54,46,68,60,57,54,49,62,65,43,60,54,68,49,71,54,71,52,82,46,76,38,79,38,93,30,98,24,106,21,98,21,95,32,112,35,112,32,112,24,106,24,120,16,120,19,0,0,0,0,0,0,21,-120,24,-128,16,-115,19,-117,8,-128,30,-117,13,-112,8,-112,10,-117,-8,-106,-16,-104,-16,-98,-30,-112,-32,-98,0,-104,-24,-104,-35,-95,-24,-104,-27,-101,-32,-93,-38,-90,-30,-98,-46,-76,-54,-73,-52,-73,-71,-79,-62,-76,-46,-73,-60,-73,-60,-71,-54,-73,-60,-71,-62,-68,-60,-62,-54,-71,-62,-54,-60,-52,-65,-43,-68,-49,-65,-52,-54,-52,-43,-57,-52,-46,-49,-52,-46,-57,-41,-54,-41,-49,-38,-52,-38,-41,-30,-35,-35,-35,-32,-38,-35,-35,-24,-30,-13,-35,-13,-30,-13,-35,0,0,0,0,0,0,0,0,0,0]"""
1782313078202,2026-06-24T23:57:58.202,warning,bed_exit,yja,bed_exit_failed,t030,"CSI_DATA,334981,1a:00:00:00:00:00,-65,11,-99,19,49,11,-1282929202,47,2,256,0,""[0,0,0,0,0,0,0,0,0,0,0,0,-5,-36,0,-36,2,-42,-2,-33,14,-42,8,-31,2,-36,5,-50,16,-42,11,-50,19,-42,19,-53,22,-36,33,-45,31,-39,47,-47,42,-45,50,-42,39,-31,25,-31,50,-42,50,-42,53,-50,50,-36,53,-36,56,-45,62,-36,53,-45,73,-28,64,-25,62,-33,45,-14,50,-39,59,-39,59,-45,73,-47,76,-42,64,-25,78,-36,90,-33,76,-42,93,-28,81,-28,78,-36,53,-19,81,-59,70,-31,81,-70,112,-47,98,-53,81,-22,104,-33,104,-31,112,-42,115,-16,104,-36,115,-28,0,0,0,0,0,0,-25,-118,-19,-143,-14,-90,-16,-126,-19,-146,-2,-107,5,-129,-2,-107,14,-118,5,-95,0,-90,-19,-124,-5,-112,-8,-129,2,-93,-8,-98,2,-98,19,-109,5,-95,16,-121,8,-93,16,-104,14,-67,0,-76,-5,-104,5,-95,0,-115,14,-84,11,-90,2,-95,16,-95,8,-90,42,-101,31,-81,28,-84,19,-50,19,-76,25,-81,8,-87,31,-81,39,-81,39,-50,39,-59,50,-62,39,-59,62,-45,47,-36,45,-39,33,-25,39,-39,36,-25,33,-33,45,-16,45,-22,31,-8,36,0,36,-2,0,0,0,0,0,0,0,0,0,0]"""
1782313078214,2026-06-24T23:57:58.214,warning,bed_exit,yja,bed_exit_failed,t030,"CSI_DATA,334982,1a:00:00:00:00:00,-65,11,-99,18,49,11,-1282918380,47,2,256,0,""[0,0,0,0,0,0,0,0,0,0,0,0,20,-17,29,-17,31,-14,40,-17,37,-17,40,-17,37,-11,43,-8,37,-8,46,-14,49,-23,46,-17,49,-20,52,-11,49,-11,58,-8,60,-8,58,-11,72,-8,60,-2,55,-8,63,-8,60,-8,69,-11,69,-14,66,-11,55,-11,63,-14,69,-2,81,2,69,-20,87,-20,81,2,78,-5,69,-34,69,5,52,-14,60,-37,55,-37,89,-34,66,-34,75,-46,84,-58,75,-37,75,-40,98,-29,81,-34,78,-60,69,-29,55,-66,66,-84,49,-72,89,-72,84,-69,89,-78,75,-89,101,-84,0,0,0,0,0,0,-72,-92,-78,-84,-98,-95,-75,-87,-75,-72,-81,-81,-89,-87,-87,-87,-89,-72,-92,-81,-87,-84,-81,-69,-72,-69,-87,-58,-98,-52,-89,-40,-92,-43,-87,-40,-78,-46,-84,-46,-87,-43,-84,-31,-98,-37,-89,-49,-89,-34,-75,-40,-84,-23,-98,-17,-89,-14,-89,-11,-81,-14,-84,-20,-89,-26,-87,-23,-81,-17,-92,-29,-87,-31,-78,-26,-81,-29,-63,-29,-66,-17,-75,-17,-75,-20,-66,-17,-66,-23,-58,-20,-60,-29,-55,-26,-52,-29,-49,-34,-40,-26,-37,-29,-31,-26,-34,-26,-29,-26,-23,-23,-23,-23,0,0,0,0,0,0,0,0,0,0]"""
1782313078225,2026-06-24T23:57:58.225,warning,bed_exit,yja,bed_exit_failed,t030,"CSI_DATA,334983,1a:00:00:00:00:00,-65,11,-99,19,49,11,-1282904695,47,2,256,0,""[0,0,0,0,0,0,0,0,0,0,0,0,-16,31,-22,31,-25,28,-16,22,-33,31,-22,31,-19,25,-28,36,-31,36,-28,42,-39,31,-36,39,-33,39,-45,33,-45,33,-56,39,-45,33,-67,33,-36,28,-47,39,-59,50,-47,39,-50,53,-53,28,-47,42,-50,45,-56,39,-59,47,-64,50,-53,33,-70,36,-39,42,-39,47,-42,47,-39,62,-47,70,-47,70,-50,56,-39,70,-50,76,-50,70,-53,78,-53,70,-56,67,-31,67,-31,84,-33,87,-16,98,-39,107,-28,101,-39,87,-39,109,-36,107,-25,115,-47,104,-19,101,-31,115,0,0,0,0,0,0,118,36,129,47,95,33,121,45,132,33,109,45,112,36,95,25,109,42,98,11,101,5,112,14,118,0,115,-8,104,14,98,-2,104,-5,104,0,93,2,109,-8,93,-11,107,2,73,-14,81,-19,93,-16,98,-31,98,-33,90,-5,78,-28,90,-36,95,-28,81,-28,95,-19,81,-19,87,-16,62,-31,73,-33,73,-33,73,-36,81,-36,78,-28,70,-11,67,-22,76,-14,67,-5,70,-8,62,-2,64,-2,39,-8,50,-8,47,-5,47,-14,45,0,39,-5,36,11,36,2,36,8,0,0,0,0,0,0,0,0,0,0]"""
1782313078235,2026-06-24T23:57:58.235,warning,bed_exit,yja,bed_exit_failed,t030,"CSI_DATA,334984,1a:00:00:00:00:00,-65,11,-99,12,50,11,-1282896356,47,2,256,0,""[0,0,0,0,0,0,0,0,0,0,0,0,52,82,98,-98,-27,15,-67,-3,-58,-18,-6,0,70,-58,39,-113,67,6,30,-27,101,30,46,-6,43,-6,104,-15,33,0,82,-9,70,-36,55,-18,43,3,64,3,82,15,64,0,82,12,58,3,61,18,58,12,61,6,58,12,79,12,70,6,70,9,55,9,67,0,73,9,79,-3,86,-9,82,3,70,9,86,15,98,3,86,-3,92,-3,86,-3,86,-12,67,-9,82,-12,86,-6,101,-27,110,-12,110,-15,89,3,113,-3,113,-15,116,-18,113,-9,104,-6,107,-21,0,0,0,0,0,0,-15,-122,-15,-144,-6,-98,-27,-116,-9,-138,-6,-107,-6,-135,-9,-110,-9,-122,-9,-98,-12,-92,-18,-113,-21,-107,-12,-122,-3,-98,-6,-98,0,-101,-3,-107,-15,-95,-30,-98,-30,-89,-27,-98,-12,-76,-15,-73,-21,-92,-33,-92,-18,-98,-15,-70,-6,-98,-21,-82,-15,-95,-30,-82,-18,-104,-21,-82,-27,-86,-9,-67,-21,-70,-15,-70,-21,-79,-24,-89,-6,-76,0,-70,9,-67,9,-73,-3,-70,0,-73,3,-61,6,-58,3,-43,9,-55,12,-52,9,-43,15,-52,15,-49,21,-24,24,-30,24,-24,0,0,0,0,0,0,0,0,0,0]"""
1782313078246,2026-06-24T23:57:58.246,warning,bed_exit,yja,bed_exit_failed,t030,"CSI_DATA,334985,1a:00:00:00:00:00,-65,11,-99,18,49,11,-1282883173,47,2,256,0,""[0,0,0,0,0,0,0,0,0,0,0,0,-34,5,-37,2,-29,2,-34,5,-31,5,-40,-2,-46,-5,-37,-8,-52,-2,-40,-14,-46,-14,-58,-14,-52,-8,-55,-11,-60,-14,-52,-5,-63,-5,-60,-5,-55,-11,-66,-5,-55,-8,-69,-8,-60,-20,-60,-14,-66,-17,-66,-14,-66,-11,-75,-11,-60,8,-72,8,-75,2,-75,5,-66,-5,-66,5,-75,-2,-78,5,-78,8,-72,20,-75,14,-63,20,-81,17,-72,43,-75,49,-81,40,-95,49,-81,34,-84,55,-95,43,-78,60,-89,63,-81,72,-84,81,-87,72,-81,81,-75,87,-78,89,-81,84,0,0,0,0,0,0,92,84,101,72,98,78,95,84,87,69,95,75,92,52,107,66,92,55,95,63,107,58,84,66,107,43,89,46,95,46,104,40,84,34,89,34,98,40,92,8,101,2,95,17,98,14,92,5,89,11,98,0,87,2,89,-2,92,-2,87,-2,84,0,95,-2,78,-26,78,-23,95,-17,92,-17,78,0,81,-17,87,0,81,-14,81,-8,75,-20,66,-8,58,-11,63,-2,66,-17,63,-17,58,-2,63,0,46,-2,55,2,46,8,49,-2,40,5,40,2,37,5,34,8,0,0,0,0,0,0,0,0,0,0]"""
1782313078257,2026-06-24T23:57:58.257,warning,bed_exit,yja,bed_exit_failed,t030,"CSI_DATA,334986,1a:00:00:00:00:00,-65,11,-99,14,50,11,-1282874005,47,2,256,0,""[0,0,0,0,0,0,0,0,0,0,0,0,-20,-26,-14,-23,-14,-31,-14,-31,-8,-40,-14,-37,-17,-34,-11,-43,-11,-43,-14,-49,0,-43,-2,-46,0,-49,5,-55,5,-52,5,-63,8,-55,17,-60,8,-49,14,-55,20,-66,8,-63,8,-72,31,-60,23,-60,23,-63,29,-72,29,-60,31,-69,34,-60,40,-60,20,-60,23,-63,23,-72,17,-72,17,-84,29,-84,40,-72,26,-81,40,-81,34,-81,43,-81,31,-72,46,-78,20,-78,26,-92,23,-89,14,-101,29,-113,34,-101,46,-87,43,-107,43,-104,40,-110,60,-101,40,-101,55,-110,0,0,0,0,0,0,-104,-75,-110,-81,-84,-52,-95,-69,-118,-72,-81,-69,-101,-81,-81,-63,-84,-84,-87,-49,-92,-43,-95,-60,-101,-55,-101,-63,-69,-69,-87,-55,-87,-55,-81,-75,-72,-60,-89,-66,-75,-55,-75,-75,-72,-40,-78,-37,-81,-52,-87,-43,-89,-52,-66,-60,-72,-55,-78,-52,-75,-55,-66,-52,-69,-66,-58,-58,-69,-66,-52,-46,-60,-49,-60,-49,-66,-46,-66,-58,-58,-63,-37,-66,-43,-58,-34,-72,-26,-60,-31,-60,-17,-58,-17,-58,-17,-37,-23,-49,-20,-46,-23,-46,-11,-49,-2,-46,8,-34,8,-40,5,-34,0,0,0,0,0,0,0,0,0,0]"""
1782313078269,2026-06-24T23:57:58.269,warning,bed_exit,yja,bed_exit_failed,t030,"CSI_DATA,334987,1a:00:00:00:00:00,-65,11,-99,19,49,11,-1282863376,47,2,256,0,""[0,0,0,0,0,0,0,0,0,0,0,0,33,-2,28,2,45,5,33,0,39,5,39,11,39,8,53,11,39,11,53,8,45,11,47,19,45,19,47,22,45,14,67,31,56,16,62,28,47,25,50,8,53,19,62,16,76,28,56,31,53,31,62,31,67,22,62,14,67,31,62,22,78,14,56,8,78,5,67,11,76,2,76,5,87,5,81,11,84,11,90,0,81,-8,101,-2,84,-2,78,-19,73,-14,107,-33,95,-14,95,-50,104,-33,101,-33,95,-14,115,-22,107,-36,118,-47,121,-36,95,-42,101,-59,0,0,0,0,0,0,-56,-107,-64,-121,-45,-84,-76,-101,-73,-126,-56,-90,-70,-112,-53,-78,-73,-101,-59,-84,-73,-76,-87,-81,-76,-78,-81,-87,-64,-76,-70,-84,-73,-78,-73,-76,-76,-50,-93,-73,-76,-62,-87,-59,-64,-39,-81,-36,-101,-39,-87,-33,-101,-39,-78,-45,-78,-47,-93,-39,-93,-39,-84,-19,-95,-47,-81,-31,-84,-22,-59,-25,-93,-14,-73,-25,-84,-11,-81,-25,-76,-28,-64,-31,-62,-36,-70,-36,-64,-25,-62,-31,-50,-33,-59,-16,-36,-22,-59,-28,-45,-25,-50,-19,-39,-22,-39,-22,-25,-22,-16,-25,-16,-22,0,0,0,0,0,0,0,0,0,0]"""
1782313078279,2026-06-24T23:57:58.279,warning,bed_exit,yja,bed_exit_failed,t030,"CSI_DATA,334988,1a:00:00:00:00:00,-65,11,-99,14,50,11,-1282852055,47,2,256,0,""[0,0,0,0,0,0,0,0,0,0,0,0,-20,26,-14,23,-29,31,-26,26,-31,23,-37,23,-26,20,-40,29,-31,20,-43,29,-40,23,-37,20,-49,17,-52,14,-46,20,-60,17,-49,20,-63,26,-60,14,-66,5,-78,8,-58,8,-75,17,-69,8,-63,8,-66,8,-60,8,-52,14,-78,5,-69,5,-63,14,-69,2,-81,20,-81,14,-72,23,-72,20,-81,26,-81,23,-89,17,-87,23,-66,37,-89,20,-81,26,-89,46,-75,23,-92,58,-81,40,-84,49,-92,40,-95,40,-104,34,-98,31,-87,52,-116,55,-107,40,-101,40,-116,49,0,0,0,0,0,0,46,107,55,127,40,104,63,107,60,118,43,89,52,133,34,101,52,110,40,98,58,101,72,98,43,95,58,104,49,92,43,87,46,95,52,89,43,72,49,95,52,78,60,78,52,78,58,75,58,81,49,78,58,75,63,72,49,75,58,72,60,72,58,52,55,89,46,75,58,63,37,69,58,75,43,78,52,66,40,69,43,72,34,69,26,72,26,66,31,55,23,63,11,55,20,55,11,52,20,55,8,49,14,46,-2,46,-2,40,-2,40,-5,34,-5,31,0,0,0,0,0,0,0,0,0,0]"""
1782313078291,2026-06-24T23:57:58.291,warning,bed_exit,yja,bed_exit_failed,t030,"CSI_DATA,334989,1a:00:00:00:00:00,-65,11,-99,19,49,11,-1282841380,47,2,256,0,""[0,0,0,0,0,0,0,0,0,0,0,0,-19,14,-31,19,-25,11,-39,19,-28,8,-50,11,-45,8,-42,2,-45,2,-36,-2,-50,0,-50,0,-53,-2,-45,-11,-59,-16,-39,-8,-64,-19,-47,-14,-73,-36,-64,-39,-56,-33,-53,-39,-42,-31,-64,-33,-59,-39,-53,-33,-47,-36,-64,-50,-42,-33,-62,-56,-45,-39,-76,-64,-50,-59,-59,-47,-50,-59,-45,-42,-53,-39,-67,-47,-64,-53,-56,-45,-59,-64,-53,-39,-84,-67,-56,-59,-90,-95,-53,-73,-76,-67,-59,-78,-62,-70,-62,-67,-84,-90,-76,-64,-78,-95,-62,-87,-76,-93,-81,-112,-62,-101,0,0,0,0,0,0,-118,59,-78,36,-138,67,-104,45,-70,36,-132,47,-81,31,-138,42,-81,31,-140,39,-115,25,-101,31,-90,22,-84,16,-112,36,-104,36,-98,31,-90,16,-107,19,-67,22,-109,28,-76,22,-124,28,-104,14,-90,16,-84,5,-76,8,-95,19,-95,14,-90,19,-81,8,-98,5,-70,2,-104,2,-70,5,-118,-11,-87,-19,-84,-11,-81,-25,-67,-16,-59,-14,-81,-14,-67,-19,-53,-25,-62,-33,-47,-19,-64,-31,-42,-28,-59,-50,-33,-39,-33,-36,-28,-39,-19,-36,-22,-28,-22,-39,-16,-31,-14,-28,0,0,0,0,0,0,0,0,0,0]"""
1782313078302,2026-06-24T23:57:58.302,warning,bed_exit,yja,bed_exit_failed,t030,"CSI_DATA,334990,1a:00:00:00:00:00,-65,11,-99,14,50,11,-1282830380,47,2,256,0,""[0,0,0,0,0,0,0,0,0,0,0,0,-31,-2,-29,-5,-34,-17,-34,-14,-34,-17,-31,-14,-31,-11,-43,-17,-43,-11,-49,-14,-40,-20,-43,-17,-46,-17,-46,-31,-43,-34,-55,-40,-40,-29,-49,-43,-49,-29,-40,-23,-52,-31,-55,-40,-75,-37,-49,-43,-55,-29,-60,-29,-55,-46,-52,-23,-72,-58,-52,-43,-49,-40,-49,-29,-60,-29,-60,-14,-66,-26,-84,-40,-55,-29,-81,-29,-95,-37,-107,-26,-66,-29,-95,-43,-66,-31,-78,-43,-43,-8,-75,-5,-89,11,-84,17,-98,-11,-121,26,-113,-14,-101,-20,-127,-8,-121,8,-121,-14,-107,5,-116,-11,0,0,0,0,0,0,-5,127,-11,147,0,104,-2,116,5,139,-11,110,-5,139,0,110,-11,124,11,95,20,92,26,110,26,113,34,116,8,95,29,95,34,95,29,104,26,95,29,104,23,81,23,101,34,66,40,78,43,87,52,81,63,84,43,81,55,81,55,72,46,84,46,72,43,95,34,81,37,78,34,55,49,66,43,66,58,63,46,78,49,63,23,69,37,66,29,75,31,63,20,60,5,55,20,60,17,34,17,55,17,43,23,46,11,43,14,46,-2,37,2,31,0,31,0,0,0,0,0,0,0,0,0,0]"""
1782313078313,2026-06-24T23:57:58.313,warning,bed_exit,yja,bed_exit_failed,t030,"CSI_DATA,334991,1a:00:00:00:00:00,-65,11,-99,18,49,11,-1282819380,47,2,256,0,""[0,0,0,0,0,0,0,0,0,0,0,0,14,-26,17,-34,14,-29,20,-34,11,-34,29,-31,29,-34,26,-29,29,-31,26,-29,34,-37,40,-31,37,-37,34,-43,40,-49,34,-31,49,-40,26,-40,49,-52,55,-52,43,-49,49,-43,43,-34,49,-52,52,-55,52,-46,43,-43,52,-52,40,-46,43,-66,34,-58,52,-72,52,-60,46,-63,43,-66,37,-58,31,-60,34,-75,37,-72,29,-72,31,-81,17,-69,17,-87,20,-92,29,-113,23,-87,20,-92,31,-89,11,-92,11,-95,-2,-121,0,-101,2,-104,11,-107,-8,-121,2,-127,2,-124,0,0,0,0,0,0,-127,11,-101,20,-147,20,-113,11,-95,5,-124,26,-95,23,-127,29,-101,26,-130,23,-116,26,-98,14,-95,23,-92,20,-101,37,-92,34,-95,34,-81,40,-95,49,-72,40,-87,60,-69,46,-98,66,-87,60,-78,52,-75,49,-60,46,-69,69,-66,63,-60,55,-60,55,-69,60,-49,58,-55,75,-49,69,-75,81,-72,60,-58,60,-66,55,-52,46,-46,46,-52,63,-58,49,-40,43,-49,43,-37,37,-49,52,-43,37,-58,43,-40,26,-46,26,-43,14,-34,20,-37,14,-37,17,-31,14,-34,14,0,0,0,0,0,0,0,0,0,0]"""
1782313078323,2026-06-24T23:57:58.323,warning,bed_exit,yja,bed_exit_failed,t030,"CSI_DATA,334992,1a:00:00:00:00:00,-65,11,-99,18,49,11,-1282808276,47,2,256,0,""[0,0,0,0,0,0,0,0,0,0,0,0,-5,29,-11,40,-8,23,-17,37,-11,26,-26,40,-26,40,-31,31,-23,40,-20,31,-34,31,-40,40,-29,40,-40,34,-52,40,-31,29,-49,43,-40,31,-52,46,-43,40,-40,29,-55,46,-49,23,-55,26,-58,37,-58,34,-58,29,-75,34,-37,34,-66,46,-58,29,-69,55,-60,40,-55,43,-63,46,-60,43,-55,40,-58,49,-52,55,-60,46,-72,55,-40,55,-66,69,-66,55,-89,81,-75,55,-66,63,-78,66,-58,78,-60,72,-72,87,-66,87,-87,95,-66,72,-75,92,-89,101,-78,87,0,0,0,0,0,0,92,95,66,75,104,107,69,92,58,66,84,107,66,63,92,101,60,69,87,95,78,87,66,84,84,81,60,66,69,81,78,72,81,69,75,66,81,87,60,40,84,66,58,60,89,66,78,55,69,55,81,52,60,46,72,55,78,58,72,55,60,55,81,69,63,26,84,52,60,52,89,63,60,55,63,46,63,55,58,55,49,46,58,55,49,52,43,46,40,60,34,34,43,58,26,49,37,63,17,43,23,46,14,49,17,40,14,34,8,40,11,37,2,34,0,0,0,0,0,0,0,0,0,0]"""
1782313078334,2026-06-24T23:57:58.334,warning,bed_exit,yja,bed_exit_failed,t030,"CSI_DATA,334993,1a:00:00:00:00:00,-65,11,-99,14,50,11,-1282797238,47,2,256,0,""[0,0,0,0,0,0,0,0,0,0,0,0,-2,-31,-2,-26,2,-34,2,-40,0,-37,8,-40,11,-40,5,-43,11,-40,11,-46,14,-55,11,-49,14,-49,20,-46,17,-43,26,-52,23,-49,23,-58,34,-55,43,-55,40,-52,29,-40,29,-58,31,-69,34,-55,26,-60,31,-58,23,-55,40,-58,37,-60,34,-60,40,-69,34,-66,37,-69,29,-66,29,-60,26,-72,20,-84,26,-75,20,-75,20,-78,26,-81,14,-89,14,-84,20,-98,11,-101,17,-98,11,-101,23,-89,17,-101,11,-118,11,-95,8,-101,11,-127,23,-113,14,-110,20,-121,0,0,0,0,0,0,-121,-11,-110,-14,-127,-5,-127,-14,-118,-11,-118,-5,-124,-14,-113,-17,-110,-5,-124,-8,-121,-11,-110,8,-98,-2,-107,0,-116,11,-101,11,-110,8,-92,11,-84,5,-101,11,-98,14,-92,20,-107,17,-98,8,-89,23,-81,14,-89,29,-95,29,-87,26,-89,26,-81,20,-72,29,-92,17,-87,23,-81,26,-92,23,-89,20,-81,14,-75,23,-72,11,-72,17,-78,17,-69,8,-63,8,-63,8,-66,2,-58,8,-58,2,-60,-2,-55,-5,-46,-5,-43,-5,-40,-11,-40,-11,-37,-11,-34,-8,-29,-8,0,0,0,0,0,0,0,0,0,0]"""
1782313078345,2026-06-24T23:57:58.345,warning,bed_exit,yja,bed_exit_failed,t030,"CSI_DATA,334994,1a:00:00:00:00:00,-65,11,-99,15,50,11,-1282785170,47,2,256,0,""[0,0,0,0,0,0,0,0,0,0,0,0,-31,-2,-42,-8,-33,-14,-33,-16,-33,-11,-42,-16,-45,-19,-36,-22,-39,-14,-28,-28,-47,-22,-47,-22,-47,-19,-45,-19,-53,-28,-45,-22,-59,-28,-47,-31,-56,-33,-50,-36,-33,-33,-59,-36,-45,-33,-59,-33,-62,-33,-59,-25,-64,-25,-67,-39,-56,-14,-67,-22,-62,-28,-84,-33,-64,-31,-67,-25,-70,-31,-76,-19,-64,-19,-81,-5,-84,-2,-70,-2,-90,-14,-73,16,-98,16,-90,5,-118,16,-95,-8,-98,19,-107,0,-98,14,-98,19,-104,47,-98,53,-109,39,-101,42,-95,62,-115,53,-118,36,0,0,0,0,0,0,56,118,47,93,64,124,45,112,47,81,64,121,53,81,78,109,53,84,70,107,62,104,42,98,76,84,53,87,73,84,84,73,73,67,70,53,73,76,73,36,93,50,84,56,95,62,76,56,70,53,81,47,73,39,87,31,87,25,78,28,81,28,90,45,76,5,87,14,84,25,101,28,76,42,76,28,76,42,70,28,73,22,78,8,76,11,59,5,62,33,56,8,70,14,53,25,62,31,45,28,47,25,33,33,39,19,33,28,36,28,33,19,28,22,0,0,0,0,0,0,0,0,0,0]"""
1782313078356,2026-06-24T23:57:58.356,warning,bed_exit,yja,bed_exit_failed,t030,"CSI_DATA,334995,1a:00:00:00:00:00,-65,11,-99,21,49,11,-1282772229,47,2,256,0,""[0,0,0,0,0,0,0,0,0,0,0,0,29,-15,23,-13,37,-10,31,-10,34,-7,42,-13,39,-7,53,-15,39,-2,47,-15,47,-15,42,-13,45,-13,50,-5,45,-7,69,-5,61,-5,66,-5,61,-5,53,2,69,-5,61,-7,74,-18,69,-13,61,-10,69,-13,71,-7,58,-13,77,-2,69,-2,71,-13,63,-13,74,-23,69,-23,69,-31,71,-23,77,-37,79,-31,71,-39,71,-34,63,-42,87,-37,82,-37,69,-42,74,-39,90,-74,87,-58,74,-74,87,-63,74,-77,85,-69,82,-69,79,-74,87,-90,87,-77,71,-77,77,-90,0,0,0,0,0,0,-87,-77,-90,-85,-85,-69,-82,-82,-101,-79,-87,-69,-93,-87,-79,-66,-98,-66,-93,-58,-90,-66,-114,-47,-82,-55,-101,-39,-98,-37,-95,-29,-98,-31,-90,-29,-79,-21,-106,-45,-98,-34,-93,-26,-85,-18,-93,-18,-103,-2,-82,-18,-101,2,-95,0,-87,2,-93,2,-98,0,-79,7,-103,-21,-87,-13,-82,0,-77,-10,-98,7,-85,-5,-77,10,-79,-2,-74,2,-74,-2,-74,-5,-71,0,-61,-5,-66,-13,-61,-15,-55,-5,-45,-10,-58,-13,-47,-10,-47,-7,-39,-15,-42,-7,-34,-15,-31,-13,-26,-10,0,0,0,0,0,0,0,0,0,0]"""
1782313078368,2026-06-24T23:57:58.368,warning,bed_exit,yja,bed_exit_failed,t030,"CSI_DATA,334996,1a:00:00:00:00:00,-65,11,-99,17,50,11,-1282764380,47,2,256,0,""[0,0,0,0,0,0,0,0,0,0,0,0,-10,-31,-13,-34,-7,-34,-10,-31,-5,-39,-10,-34,-10,-42,-7,-45,-10,-42,-7,-42,2,-47,2,-47,2,-50,10,-50,10,-50,2,-63,5,-58,23,-63,13,-53,15,-53,21,-58,7,-66,18,-71,26,-58,21,-61,15,-69,18,-69,29,-71,23,-82,21,-74,26,-55,18,-77,13,-61,15,-79,15,-79,18,-93,0,-63,29,-82,-5,-66,7,-79,26,-103,29,-98,10,-95,26,-63,15,-103,-7,-101,0,-71,-18,-98,5,-82,0,-125,5,-90,5,-122,10,-125,-18,-109,34,-114,21,-117,-7,-103,0,0,0,0,0,0,-130,-21,-125,-29,-106,-26,-111,-26,-122,-21,-114,-29,-117,-34,-103,-23,-111,-39,-109,-10,-103,-7,-106,-13,-119,2,-109,-13,-103,-23,-103,-13,-98,-7,-101,-18,-101,-18,-101,-2,-93,-5,-95,-13,-87,7,-90,2,-90,2,-98,10,-93,10,-95,-10,-87,-2,-90,5,-93,-5,-90,-5,-90,2,-87,-5,-87,-13,-77,-2,-85,5,-77,0,-79,2,-82,0,-77,-10,-71,-23,-66,-7,-69,-26,-61,-26,-63,-15,-55,-21,-55,-26,-53,-18,-45,-21,-45,-18,-45,-21,-42,-23,-37,-21,-21,-31,-26,-29,-15,-29,0,0,0,0,0,0,0,0,0,0]"""
1782313078379,2026-06-24T23:57:58.379,warning,bed_exit,yja,bed_exit_failed,t030,"CSI_DATA,334997,1a:00:00:00:00:00,-65,11,-99,20,49,11,-1282751991,47,2,256,0,""[0,0,0,0,0,0,0,0,0,0,0,0,-21,16,-32,19,-21,13,-41,10,-24,8,-49,10,-43,5,-41,5,-43,0,-35,-5,-54,-2,-49,0,-54,-10,-46,-5,-62,-16,-43,-10,-65,-16,-52,-5,-71,-27,-62,-41,-54,-30,-46,-27,-46,-24,-62,-38,-62,-30,-62,-27,-52,-32,-68,-38,-43,-24,-68,-38,-54,-27,-82,-52,-62,-49,-65,-38,-60,-46,-52,-38,-60,-27,-79,-35,-73,-38,-62,-32,-76,-46,-65,-19,-101,-35,-68,-38,-117,-57,-79,-49,-93,-41,-79,-57,-73,-43,-82,-41,-112,-54,-95,-46,-109,-60,-90,-57,-98,-49,-115,-71,-90,-68,0,0,0,0,0,0,-73,109,-62,71,-95,117,-68,90,-52,65,-84,106,-60,65,-87,106,-52,65,-93,104,-87,90,-71,73,-68,76,-62,54,-71,90,-62,90,-62,76,-62,68,-79,82,-46,62,-65,95,-49,60,-79,95,-65,79,-57,65,-57,68,-52,54,-62,73,-54,68,-57,68,-52,62,-71,73,-43,60,-65,71,-46,52,-84,79,-73,46,-62,52,-73,43,-57,35,-52,38,-65,52,-62,38,-49,27,-68,27,-46,24,-65,32,-52,13,-76,16,-54,5,-52,8,-43,0,-38,-2,-35,-5,-41,-2,-38,-2,-32,-8,0,0,0,0,0,0,0,0,0,0]"""
1782313078390,2026-06-24T23:57:58.390,warning,bed_exit,yja,bed_exit_failed,t030,"CSI_DATA,334998,1a:00:00:00:00:00,-65,11,-99,15,50,11,-1282740666,47,2,256,0,""[0,0,0,0,0,0,0,0,0,0,0,0,-22,-19,-16,-22,-22,-33,-19,-25,-19,-36,-22,-28,-22,-19,-28,-33,-22,-33,-36,-39,-16,-39,-25,-39,-31,-42,-22,-53,-16,-47,-28,-56,-25,-45,-14,-59,-19,-45,-19,-39,-25,-50,-39,-59,-36,-62,-22,-53,-33,-64,-33,-50,-36,-64,-36,-53,-36,-76,-31,-59,-39,-62,-33,-39,-50,-50,-53,-45,-64,-42,-67,-42,-67,-50,-56,-45,-76,-47,-78,-53,-76,-42,-84,-56,-67,-45,-81,-42,-56,-14,-93,-11,-87,-19,-98,-2,-115,-22,-115,-22,-93,-33,-112,-28,-107,-25,-109,-8,-109,-28,-109,-8,-118,-5,0,0,0,0,0,0,-2,124,-5,143,2,95,0,107,8,146,-5,101,2,138,8,104,2,135,22,87,31,90,42,98,45,107,50,118,28,95,42,93,45,101,45,104,47,84,45,98,42,76,59,93,47,59,56,59,76,62,76,62,84,64,59,64,73,64,78,59,73,64,70,47,81,67,59,56,67,53,50,36,78,36,67,42,81,31,78,39,70,39,47,50,67,45,62,50,59,45,50,50,36,39,45,45,33,22,47,36,36,31,42,19,36,31,36,25,19,31,19,25,16,25,0,0,0,0,0,0,0,0,0,0]"""
1782313078401,2026-06-24T23:57:58.401,warning,bed_exit,yja,bed_exit_failed,t030,"CSI_DATA,334999,1a:00:00:00:00:00,-65,11,-99,15,50,11,-1282731372,47,2,256,0,""[0,0,0,0,0,0,0,0,0,0,0,0,0,28,0,39,-2,31,-8,42,-8,33,-8,42,-8,47,-11,36,-5,47,-14,39,-16,47,-11,50,-14,50,-22,47,-28,67,-8,45,-22,64,-22,45,-25,70,-22,62,-33,47,-16,67,-19,53,-28,62,-22,70,-25,62,-22,62,-31,73,-2,56,-16,76,-19,56,-19,84,-14,73,-2,76,-14,78,0,73,0,64,0,78,2,84,0,81,-2,95,19,67,19,93,2,84,22,107,16,84,36,95,28,95,33,98,33,90,42,109,47,101,50,118,42,84,45,107,59,126,45,112,0,0,0,0,0,0,121,-64,101,-45,126,-64,107,-47,73,-45,118,-62,81,-50,121,-73,87,-47,101,-67,87,-73,84,-59,78,-78,73,-56,84,-64,76,-78,67,-78,73,-64,87,-81,39,-62,56,-84,50,-62,67,-95,47,-81,47,-76,45,-93,33,-67,42,-81,39,-84,31,-81,33,-73,53,-87,19,-70,28,-93,33,-67,36,-98,31,-76,22,-81,28,-78,22,-76,25,-59,25,-70,22,-73,28,-59,31,-64,16,-53,28,-64,33,-45,28,-59,22,-42,25,-45,25,-39,22,-36,25,-31,28,-22,25,-33,31,-25,0,0,0,0,0,0,0,0,0,0]"""
1782313078413,2026-06-24T23:57:58.413,warning,bed_exit,yja,bed_exit_failed,t030,"CSI_DATA,335000,1a:00:00:00:00:00,-65,11,-99,18,49,11,-1282720380,47,2,256,0,""[0,0,0,0,0,0,0,0,0,0,0,0,-2,-26,2,-34,-2,-26,5,-40,8,-31,11,-43,8,-46,17,-34,17,-46,11,-31,23,-43,23,-46,20,-46,29,-46,43,-58,20,-29,34,-52,34,-37,43,-66,40,-46,52,-37,34,-60,46,-37,49,-49,43,-52,43,-43,43,-43,63,-52,31,-46,55,-58,43,-37,58,-69,49,-55,40,-58,49,-55,40,-63,46,-46,49,-60,29,-66,46,-63,63,-72,31,-58,52,-84,52,-66,58,-98,52,-63,46,-87,55,-78,46,-92,40,-87,46,-98,55,-101,69,-110,52,-84,55,-98,60,-116,63,-89,0,0,0,0,0,0,-110,-89,-78,-66,-113,-87,-89,-84,-81,-49,-98,-89,-75,-55,-107,-84,-72,-66,-104,-78,-84,-63,-72,-63,-95,-58,-75,-49,-81,-63,-84,-55,-84,-55,-81,-49,-101,-72,-66,-31,-98,-55,-58,-55,-98,-49,-89,-43,-78,-37,-92,-34,-66,-34,-78,-43,-89,-40,-75,-37,-75,-43,-87,-60,-63,-23,-87,-37,-60,-46,-98,-49,-63,-40,-78,-37,-69,-43,-66,-46,-55,-31,-58,-43,-60,-37,-49,-34,-52,-58,-34,-26,-46,-49,-29,-43,-37,-52,-26,-40,-31,-37,-17,-43,-23,-40,-17,-31,-11,-37,-11,-34,-5,-34,0,0,0,0,0,0,0,0,0,0]"""
1782313078423,2026-06-24T23:57:58.423,warning,bed_exit,yja,bed_exit_failed,t030,"CSI_DATA,335001,1a:00:00:00:00:00,-65,11,-99,18,49,11,-1282708393,47,2,256,0,""[0,0,0,0,0,0,0,0,0,0,0,0,-23,2,-40,-8,-26,-5,-37,-8,-26,-5,-49,-14,-46,-17,-37,-14,-34,-17,-29,-17,-52,-20,-49,-20,-46,-20,-43,-17,-55,-29,-37,-23,-58,-34,-46,-26,-66,-43,-46,-37,-40,-40,-46,-29,-43,-34,-63,-37,-63,-31,-55,-34,-55,-31,-69,-40,-43,-23,-69,-34,-55,-23,-78,-43,-66,-37,-63,-23,-63,-26,-66,-34,-58,-23,-84,-20,-78,-20,-63,-20,-84,-20,-66,-8,-98,-17,-72,-11,-127,-20,-98,-17,-95,-5,-98,-20,-87,-5,-87,2,-113,5,-101,11,-118,0,-107,2,-118,17,-136,14,-110,2,0,0,0,0,0,0,14,124,8,84,17,150,5,118,5,84,11,142,5,84,14,139,17,84,14,150,17,121,20,104,20,101,17,84,37,113,37,104,37,92,31,78,34,98,29,69,49,107,31,72,52,113,46,95,43,72,37,75,37,63,55,78,58,72,55,72,46,66,55,87,40,52,58,75,43,58,69,89,37,81,52,66,37,66,31,66,34,52,52,66,37,60,31,46,29,66,23,46,31,60,17,43,29,69,14,52,14,43,11,49,8,40,11,31,8,46,2,40,5,37,0,0,0,0,0,0,0,0,0,0]"""
1782313078435,2026-06-24T23:57:58.435,warning,bed_exit,yja,bed_exit_failed,t030,"CSI_DATA,335002,1a:00:00:00:00:00,-65,11,-99,19,49,11,-1282697818,47,2,256,0,""[0,0,0,0,0,0,0,0,0,0,0,0,36,0,33,2,36,8,36,8,36,8,39,5,42,8,39,2,45,14,47,5,42,25,50,19,50,11,50,25,53,22,50,28,45,25,59,31,59,16,56,31,64,31,64,19,62,19,56,31,73,25,67,25,64,33,64,33,67,19,67,25,67,33,64,16,67,11,73,2,76,8,87,8,78,8,76,19,84,-2,90,8,90,11,87,5,87,2,93,5,84,-8,81,-14,90,-28,95,-25,107,-33,109,-39,101,-25,115,-25,112,-25,107,-36,112,-19,109,-45,112,-42,0,0,0,0,0,0,-42,-124,-33,-132,-36,-109,-28,-115,-42,-115,-28,-118,-36,-107,-45,-112,-36,-115,-47,-98,-47,-93,-53,-93,-73,-95,-59,-93,-36,-87,-59,-87,-62,-81,-53,-84,-64,-84,-59,-73,-62,-76,-59,-81,-64,-59,-76,-53,-64,-50,-87,-59,-76,-56,-59,-59,-73,-50,-73,-53,-67,-59,-76,-62,-73,-47,-67,-47,-67,-59,-73,-45,-67,-42,-76,-33,-76,-31,-70,-45,-64,-42,-56,-50,-59,-39,-56,-50,-53,-53,-45,-42,-42,-39,-36,-47,-36,-33,-33,-36,-36,-39,-36,-28,-31,-36,-28,-31,-22,-33,-16,-33,-16,-36,0,0,0,0,0,0,0,0,0,0]"""
1782313078446,2026-06-24T23:57:58.446,warning,bed_exit,yja,bed_exit_failed,t030,"CSI_DATA,335003,1a:00:00:00:00:00,-65,11,-99,18,49,11,-1282686871,47,2,256,0,""[0,0,0,0,0,0,0,0,0,0,0,0,11,31,8,29,11,37,8,34,2,37,5,40,14,37,11,43,14,46,11,52,0,46,5,49,8,49,2,52,2,52,5,66,8,58,-5,66,8,58,17,58,8,52,20,69,8,69,-2,69,2,66,8,72,2,72,5,72,20,75,14,63,2,75,26,60,31,63,37,63,40,60,40,66,40,69,23,81,52,60,43,75,43,66,52,81,52,78,58,78,58,66,69,55,69,58,89,52,89,58,84,58,78,66,89,69,87,72,101,66,87,78,101,55,107,63,0,0,0,0,0,0,66,-104,63,-107,58,-98,60,-104,55,-116,63,-92,58,-110,40,-98,55,-101,31,-101,31,-104,29,-101,14,-113,11,-113,37,-98,17,-98,8,-95,20,-98,8,-98,2,-101,-5,-89,8,-101,-14,-81,-17,-89,-20,-87,-37,-89,-26,-92,-2,-92,-23,-87,-29,-89,-14,-95,-20,-84,-29,-95,-26,-75,-20,-87,-31,-72,-37,-72,-43,-72,-46,-66,-37,-78,-29,-69,-11,-72,-31,-66,-20,-72,-20,-66,-14,-63,-11,-60,-11,-60,-11,-49,-14,-52,-20,-49,-17,-49,-11,-40,-8,-37,2,-37,0,-31,2,-34,0,0,0,0,0,0,0,0,0,0]"""
1782313078456,2026-06-24T23:57:58.456,warning,bed_exit,yja,bed_exit_failed,t030,"CSI_DATA,335004,1a:00:00:00:00:00,-65,11,-99,19,49,11,-1282673315,47,2,256,0,""[0,0,0,0,0,0,0,0,0,0,0,0,8,-33,8,-22,14,-42,8,-33,19,-45,16,-31,8,-36,22,-47,25,-31,19,-53,22,-39,22,-33,31,-42,31,-47,22,-42,39,-56,28,-42,36,-53,28,-47,36,-45,42,-64,28,-47,42,-56,36,-59,39,-59,39,-59,39,-53,28,-50,39,-76,33,-50,28,-70,25,-56,16,-76,28,-70,16,-76,22,-73,28,-84,22,-70,22,-81,11,-87,2,-73,16,-93,11,-76,-8,-98,0,-73,-11,-101,-5,-90,-31,-93,-22,-109,-16,-112,-11,-101,-8,-104,-14,-98,-25,-124,-19,-115,-22,-98,-53,-115,0,0,0,0,0,0,-101,53,-126,62,-93,45,-104,64,-126,59,-90,47,-124,64,-84,47,-107,70,-87,42,-87,59,-93,64,-84,56,-90,76,-81,64,-78,56,-76,70,-73,76,-45,67,-78,84,-56,62,-59,90,-45,70,-45,78,-45,93,-42,81,-53,90,-39,81,-45,84,-45,84,-33,93,-11,76,-45,98,-33,76,-31,84,-36,62,-16,93,-31,76,-16,81,-25,76,-33,76,-33,62,-36,62,-31,73,-22,62,-33,64,-28,47,-14,62,-22,39,-22,50,-22,42,-22,50,-25,36,-31,42,-19,28,-22,19,-25,22,0,0,0,0,0,0,0,0,0,0]"""
1782313078468,2026-06-24T23:57:58.468,warning,bed_exit,yja,bed_exit_failed,t030,"CSI_DATA,335005,1a:00:00:00:00:00,-65,11,-99,15,50,11,-1282665381,47,2,256,0,""[0,0,0,0,0,0,0,0,0,0,0,0,16,-31,16,-25,25,-28,25,-28,31,-31,31,-25,19,-25,31,-36,33,-39,39,-33,39,-22,47,-28,45,-25,47,-22,50,-25,53,-25,53,-28,59,-28,47,-19,47,-31,53,-45,64,-28,64,-36,59,-14,67,-22,59,-22,70,-19,70,-28,73,-28,64,-28,67,-28,56,-16,53,-31,59,-42,62,-42,67,-59,73,-47,67,-22,76,-36,87,-36,76,-47,76,-53,67,-47,76,-56,59,-50,59,-64,56,-70,56,-84,81,-84,81,-78,78,-50,98,-76,84,-81,78,-76,101,-62,81,-78,78,-81,0,0,0,0,0,0,-90,-95,-87,-112,-64,-84,-90,-78,-93,-98,-67,-90,-73,-95,-73,-87,-76,-93,-64,-67,-76,-53,-87,-64,-98,-73,-90,-70,-59,-73,-73,-78,-73,-70,-73,-84,-76,-70,-76,-62,-81,-53,-78,-62,-62,-45,-76,-33,-84,-36,-95,-39,-87,-45,-64,-56,-78,-62,-73,-47,-78,-62,-81,-45,-78,-53,-73,-47,-73,-47,-59,-42,-73,-28,-67,-31,-76,-31,-81,-36,-67,-42,-45,-50,-50,-56,-53,-56,-50,-56,-45,-45,-42,-47,-42,-45,-31,-31,-33,-33,-33,-31,-36,-33,-31,-36,-19,-39,-8,-33,-14,-36,-5,-31,0,0,0,0,0,0,0,0,0,0]"""
1782313078481,2026-06-24T23:57:58.481,warning,bed_exit,yja,bed_exit_failed,t030,"CSI_DATA,335007,1a:00:00:00:00:00,-65,11,-99,20,49,11,-1282643381,47,2,256,0,""[0,0,0,0,0,0,0,0,0,0,0,0,19,-27,16,-19,24,-30,21,-24,30,-27,30,-21,27,-21,32,-27,32,-21,46,-27,43,-21,41,-13,49,-13,52,-16,46,-19,62,-16,54,-10,60,-10,68,-8,57,-8,65,-8,60,-2,73,-5,71,-5,68,2,68,2,68,2,49,-5,82,5,71,2,71,0,71,5,82,-8,84,-8,79,-5,65,0,79,0,82,2,84,5,90,0,73,-10,95,5,82,5,93,-19,79,0,98,-16,90,-5,98,-19,101,-2,106,-8,112,5,101,8,95,-2,125,5,123,5,112,5,125,-2,0,0,0,0,0,0,2,-115,0,-128,5,-115,0,-117,13,-123,5,-106,10,-131,10,-101,13,-123,27,-106,16,-112,8,-117,19,-95,10,-117,16,-106,19,-95,19,-104,16,-95,2,-82,16,-106,8,-90,8,-98,10,-90,2,-98,2,-101,8,-82,13,-95,10,-98,13,-93,13,-90,16,-84,5,-73,19,-101,10,-87,10,-84,27,-76,8,-93,19,-79,19,-79,21,-68,35,-73,32,-73,38,-65,35,-62,21,-57,46,-57,32,-46,24,-49,35,-35,35,-41,38,-30,32,-35,32,-30,38,-19,30,-21,32,-13,35,-8,0,0,0,0,0,0,0,0,0,0]"""
1782313078501,2026-06-24T23:57:58.501,warning,bed_exit,yja,bed_exit_failed,t030,"CSI_DATA,335008,1a:00:00:00:00:00,-65,11,-99,18,49,11,-1282624641,47,2,256,0,""[0,0,0,0,0,0,0,0,0,0,0,0,-26,23,-23,20,-29,20,-26,17,-34,23,-37,14,-37,17,-43,20,-40,8,-52,11,-46,5,-49,-5,-55,-2,-55,-2,-46,2,-60,-14,-52,-14,-66,-8,-55,-14,-66,-17,-81,-17,-52,-23,-69,-26,-63,-26,-60,-31,-55,-37,-63,-34,-52,-23,-69,-43,-60,-34,-63,-31,-52,-37,-72,-34,-63,-40,-63,-40,-60,-37,-69,-55,-58,-52,-66,-55,-78,-49,-72,-40,-72,-60,-58,-52,-87,-40,-60,-52,-89,-58,-72,-63,-78,-55,-78,-63,-81,-75,-72,-72,-63,-84,-66,-75,-87,-92,-81,-89,-69,-75,-92,-89,0,0,0,0,0,0,-87,75,-107,81,-92,63,-95,72,-118,66,-84,58,-124,66,-89,55,-107,58,-95,40,-95,37,-98,46,-89,34,-107,52,-101,37,-92,26,-98,31,-101,40,-75,34,-107,34,-84,34,-89,37,-81,23,-87,34,-95,34,-84,29,-95,31,-89,23,-87,14,-92,20,-87,14,-66,20,-104,14,-81,11,-81,17,-72,-2,-92,14,-81,-5,-84,0,-78,-5,-84,-14,-72,-20,-69,-29,-66,-26,-60,-14,-63,-31,-49,-31,-55,-20,-34,-29,-49,-23,-34,-37,-37,-31,-31,-34,-20,-34,-23,-31,-11,-31,-11,-29,0,0,0,0,0,0,0,0,0,0]"""
1782313078512,2026-06-24T23:57:58.512,warning,bed_exit,yja,bed_exit_failed,t030,"CSI_DATA,335009,1a:00:00:00:00:00,-65,11,-99,14,50,11,-1282620533,47,2,256,0,""[0,0,0,0,0,0,0,0,0,0,0,0,-37,0,-23,-5,-43,-5,-34,-5,-40,-17,-34,-8,-29,-2,-43,-8,-43,-11,-52,-14,-46,-17,-43,-8,-52,-11,-52,-23,-46,-34,-60,-31,-43,-20,-60,-40,-46,-23,-46,-34,-63,-43,-60,-34,-69,-31,-49,-40,-63,-29,-66,-29,-63,-37,-55,-29,-66,-49,-55,-34,-58,-43,-55,-23,-72,-29,-60,-14,-69,-20,-69,-14,-81,-20,-63,-23,-87,-11,-95,-23,-81,-20,-95,-31,-78,-26,-95,-23,-60,2,-95,0,-89,0,-98,14,-113,0,-110,8,-101,-8,-116,-2,-107,0,-118,14,-118,-11,-104,8,-118,8,0,0,0,0,0,0,-2,116,-8,150,2,101,-5,116,2,136,-2,104,-8,133,2,101,-11,124,20,92,17,98,20,110,29,107,34,118,17,92,31,89,34,95,31,107,26,95,29,104,29,87,20,101,37,69,40,81,43,87,46,89,55,84,40,81,55,78,58,75,49,81,43,69,43,98,34,75,37,78,37,58,46,72,40,72,49,66,46,72,43,69,26,63,34,66,34,75,26,63,11,66,8,55,11,63,14,37,14,49,11,43,20,40,5,46,17,46,-2,34,2,37,-2,31,0,0,0,0,0,0,0,0,0,0]"""
1782313078522,2026-06-24T23:57:58.522,warning,bed_exit,yja,bed_exit_failed,t030,"CSI_DATA,335010,1a:00:00:00:00:00,-65,11,-99,14,50,11,-1282607855,47,2,256,0,""[0,0,0,0,0,0,0,0,0,0,0,0,34,-8,31,-8,40,0,37,-2,46,2,31,2,34,0,46,2,43,5,55,5,46,11,49,11,46,14,46,23,43,14,69,23,52,17,63,23,46,23,49,29,69,34,52,29,75,31,52,31,58,29,63,31,63,37,55,20,69,46,58,34,69,29,46,29,63,23,60,29,78,17,81,20,87,31,72,29,78,34,87,29,81,17,98,37,84,26,95,14,63,14,101,-2,89,17,98,-8,107,17,113,11,84,31,116,23,104,11,121,11,113,29,101,20,127,5,0,0,0,0,0,0,14,-113,26,-145,23,-95,5,-121,14,-145,14,-101,26,-133,14,-95,26,-124,11,-101,2,-101,-2,-116,5,-110,-2,-121,2,-92,5,-98,2,-104,5,-107,-5,-89,2,-116,-5,-92,-8,-107,-5,-72,-11,-84,-17,-95,-14,-89,-23,-107,-8,-84,-8,-95,-17,-92,-14,-98,-29,-75,-5,-101,-5,-78,-14,-87,0,-58,-20,-81,-5,-81,-23,-75,-14,-89,-5,-87,5,-66,11,-75,5,-75,0,-69,17,-66,14,-60,8,-58,2,-40,8,-55,14,-43,2,-55,17,-43,20,-46,20,-26,23,-31,17,-29,0,0,0,0,0,0,0,0,0,0]"""
1782313078532,2026-06-24T23:57:58.532,warning,bed_exit,yja,bed_exit_failed,t030,"CSI_DATA,335011,1a:00:00:00:00:00,-65,11,-99,20,49,11,-1282599044,47,2,256,0,""[0,0,0,0,0,0,0,0,0,0,0,0,13,32,13,30,13,32,8,32,16,43,8,41,0,46,8,46,2,41,8,46,5,49,8,54,5,52,2,46,5,46,-5,62,0,52,2,65,5,62,-8,71,-2,73,-2,54,5,65,2,71,5,60,8,68,8,60,10,57,2,73,13,62,10,71,13,71,16,79,19,71,21,71,13,68,21,71,35,82,30,68,38,60,38,62,38,84,43,73,54,71,52,79,57,90,54,82,62,76,60,71,76,73,87,79,71,68,71,71,93,90,90,71,79,68,87,84,0,0,0,0,0,0,60,-90,65,-93,71,-106,76,-93,71,-93,65,-93,62,-104,54,-90,54,-101,62,-101,65,-104,52,-101,52,-82,43,-101,35,-109,30,-95,19,-98,21,-90,10,-82,27,-101,13,-93,8,-101,2,-98,13,-95,2,-98,10,-84,2,-98,-10,-98,-10,-87,-8,-93,-10,-87,-8,-79,-2,-95,-2,-84,-10,-84,-5,-82,-10,-95,-5,-82,-10,-79,-2,-73,-5,-79,-10,-82,-5,-73,-5,-71,-8,-57,0,-68,0,-62,-8,-60,2,-54,5,-57,8,-46,5,-49,8,-38,2,-41,10,-43,8,-35,8,-32,0,0,0,0,0,0,0,0,0,0]"""
1782313078544,2026-06-24T23:57:58.544,warning,bed_exit,yja,bed_exit_failed,t030,"CSI_DATA,335012,1a:00:00:00:00:00,-65,11,-99,15,50,11,-1282584273,47,2,256,0,""[0,0,0,0,0,0,0,0,0,0,0,0,-28,19,-22,19,-36,19,-28,14,-39,16,-36,8,-42,8,-47,8,-42,2,-53,8,-50,-2,-47,-11,-50,-14,-56,-8,-42,-8,-64,-16,-53,-19,-64,-19,-50,-16,-56,-31,-64,-42,-45,-28,-62,-45,-59,-36,-50,-42,-50,-45,-50,-47,-45,-33,-59,-59,-50,-42,-53,-50,-39,-47,-62,-50,-50,-56,-53,-50,-50,-56,-50,-67,-50,-67,-47,-67,-56,-67,-56,-45,-47,-81,-47,-67,-76,-50,-42,-59,-67,-76,-42,-76,-67,-76,-62,-81,-59,-90,-53,-87,-39,-93,-42,-87,-64,-112,-53,-98,-42,-87,-59,-112,0,0,0,0,0,0,-107,45,-126,50,-98,39,-121,42,-129,28,-93,25,-135,31,-98,22,-121,28,-104,5,-101,16,-115,14,-104,5,-124,14,-104,8,-95,-8,-104,0,-95,8,-78,11,-109,0,-93,5,-107,5,-81,0,-90,0,-101,11,-87,-5,-104,-2,-90,0,-93,-11,-90,-19,-90,-11,-76,-5,-101,-22,-81,-16,-90,-11,-73,-19,-81,-16,-81,-31,-81,-28,-67,-33,-76,-47,-56,-42,-53,-53,-53,-45,-50,-33,-50,-53,-33,-45,-45,-42,-25,-36,-36,-47,-16,-45,-19,-42,-14,-42,-16,-47,-2,-42,2,-33,-2,-36,0,0,0,0,0,0,0,0,0,0]"""
1782313078556,2026-06-24T23:57:58.556,warning,bed_exit,yja,bed_exit_failed,t030,"CSI_DATA,335013,1a:00:00:00:00:00,-65,11,-99,18,49,11,-1282572162,47,2,256,0,""[0,0,0,0,0,0,0,0,0,0,0,0,5,-29,5,-37,2,-26,14,-37,11,-31,20,-46,23,-40,17,-43,26,-43,23,-34,34,-37,31,-43,29,-40,31,-40,46,-46,31,-29,46,-49,46,-29,52,-43,40,-46,34,-26,52,-46,49,-26,55,-29,58,-40,58,-37,63,-26,72,-29,40,-31,60,-34,55,-20,69,-49,63,-31,58,-43,63,-37,66,-37,55,-31,63,-40,60,-49,58,-34,81,-43,58,-49,78,-60,72,-40,95,-66,78,-37,75,-58,87,-55,69,-60,72,-60,81,-66,89,-75,104,-72,87,-58,92,-66,107,-87,95,-63,0,0,0,0,0,0,-63,-116,-46,-89,-63,-121,-34,-113,-43,-87,-52,-130,-40,-78,-55,-118,-37,-92,-55,-116,-46,-107,-31,-95,-55,-98,-31,-84,-37,-98,-49,-98,-43,-87,-37,-81,-46,-104,-40,-63,-52,-87,-34,-81,-52,-95,-43,-84,-34,-72,-55,-84,-31,-69,-37,-78,-43,-78,-40,-75,-37,-81,-34,-101,-37,-60,-43,-87,-20,-75,-40,-89,-20,-81,-34,-78,-26,-81,-20,-72,-14,-66,-17,-72,-17,-72,-8,-63,0,-69,-11,-52,-2,-69,8,-49,11,-66,17,-43,8,-49,17,-40,11,-40,14,-37,17,-31,17,-34,23,-29,0,0,0,0,0,0,0,0,0,0]"""
1782313078567,2026-06-24T23:57:58.567,warning,bed_exit,yja,bed_exit_failed,t030,"CSI_DATA,335014,1a:00:00:00:00:00,-65,11,-99,18,49,11,-1282561611,47,2,256,0,""[0,0,0,0,0,0,0,0,0,0,0,0,-23,11,-37,20,-23,14,-43,17,-29,11,-49,17,-46,11,-40,8,-43,8,-34,-2,-52,2,-52,2,-55,-5,-49,-11,-63,-8,-40,2,-69,-5,-43,0,-75,-20,-63,-14,-43,-8,-58,-17,-43,-20,-63,-23,-66,-26,-60,-23,-55,-26,-75,-29,-43,-14,-72,-26,-52,-14,-98,-34,-66,-26,-63,-17,-72,-17,-60,-20,-58,-14,-78,-20,-72,-17,-60,-17,-84,-31,-63,5,-101,0,-72,-17,-139,-26,-87,-23,-101,-5,-92,-26,-84,-11,-81,-23,-121,-20,-107,-5,-118,-17,-101,-17,-107,-20,-136,-31,-104,-23,0,0,0,0,0,0,-34,118,-23,81,-46,150,-23,110,-20,66,-34,139,-20,69,-37,133,-23,78,-43,145,-37,121,-29,89,-26,95,-37,69,-31,107,-31,98,-37,92,-31,78,-43,107,-8,66,-14,113,-14,78,-29,124,-23,98,-26,81,-26,84,-17,63,-17,92,-23,89,-20,89,-20,72,-31,92,-8,60,-17,101,-17,69,-34,116,-31,78,-26,78,-40,75,-31,63,-23,55,-29,78,-29,58,-29,40,-43,58,-17,43,-31,60,-31,37,-60,60,-37,34,-37,34,-37,26,-26,23,-26,11,-37,23,-29,14,-31,11,0,0,0,0,0,0,0,0,0,0]"""
1782313078578,2026-06-24T23:57:58.578,warning,bed_exit,yja,bed_exit_failed,t030,"CSI_DATA,335015,1a:00:00:00:00:00,-65,11,-99,18,49,11,-1282553085,47,2,256,0,""[0,0,0,0,0,0,0,0,0,0,0,0,-26,2,-37,0,-26,-5,-40,-5,-23,-2,-58,-8,-49,-14,-40,-14,-40,-11,-31,-17,-52,-17,-49,-11,-46,-14,-46,-14,-52,-26,-40,-20,-60,-31,-43,-26,-63,-40,-49,-34,-40,-31,-49,-29,-46,-34,-60,-37,-60,-31,-63,-29,-52,-29,-66,-40,-49,-26,-72,-34,-55,-26,-84,-46,-60,-40,-60,-26,-63,-31,-60,-29,-52,-23,-81,-20,-75,-17,-58,-20,-78,-29,-69,-14,-101,-20,-75,-11,-127,-17,-89,-23,-101,-2,-101,-23,-84,-11,-92,-5,-116,-2,-107,2,-118,-5,-107,-2,-104,2,-130,-8,-104,-8,0,0,0,0,0,0,-5,121,0,84,5,153,-14,116,0,81,-5,136,2,87,-2,133,5,87,-5,147,-2,121,0,98,8,101,2,87,20,113,17,104,17,95,14,81,14,107,17,69,26,107,23,81,31,118,23,98,26,81,23,78,23,63,34,87,37,81,40,87,29,72,29,95,26,52,37,84,31,66,40,110,23,87,29,75,17,78,20,66,23,60,31,72,23,69,20,55,8,69,11,49,17,66,2,46,2,78,-5,49,2,52,-8,49,-2,37,-5,43,-5,46,-5,34,-8,34,0,0,0,0,0,0,0,0,0,0]"""
1782313078589,2026-06-24T23:57:58.589,warning,bed_exit,yja,bed_exit_failed,t030,"CSI_DATA,335016,1a:00:00:00:00:00,-65,11,-99,18,49,11,-1282544107,47,2,256,0,""[0,0,0,0,0,0,0,0,0,0,0,0,-20,23,-26,29,-23,17,-29,23,-26,31,-29,26,-40,29,-31,11,-34,31,-43,17,-43,17,-52,29,-46,29,-46,34,-58,34,-40,26,-46,29,-52,31,-49,37,-60,37,-49,37,-55,37,-55,26,-55,43,-60,40,-58,34,-58,34,-63,37,-40,52,-43,55,-58,46,-49,58,-49,46,-46,58,-55,52,-43,66,-46,55,-37,66,-34,69,-31,66,-43,75,-14,78,-14,84,-26,95,-26,101,-37,75,-14,95,-40,95,-11,98,-20,104,0,113,5,107,-8,113,2,113,23,116,2,118,14,124,0,0,0,0,0,0,130,-17,118,-17,124,-17,118,-14,107,-8,116,-23,101,-37,113,-43,104,-37,110,-29,107,-34,98,-23,98,-46,92,-31,89,-46,92,-40,89,-49,81,-46,89,-58,55,-66,69,-69,75,-66,69,-66,72,-66,63,-55,60,-78,58,-60,49,-72,55,-72,46,-58,52,-63,58,-72,23,-78,29,-81,46,-78,43,-89,43,-63,34,-78,55,-69,34,-66,43,-66,31,-69,26,-63,31,-55,37,-60,23,-55,23,-58,29,-49,34,-46,26,-34,31,-40,31,-26,29,-40,31,-29,26,-29,29,-26,26,-26,0,0,0,0,0,0,0,0,0,0]"""
1782313078602,2026-06-24T23:57:58.602,warning,bed_exit,yja,bed_exit_failed,t030,"CSI_DATA,335017,1a:00:00:00:00:00,-65,11,-99,20,49,11,-1282521799,47,2,256,0,""[0,0,0,0,0,0,0,0,0,0,0,0,30,-16,24,-8,43,-8,35,-5,41,-2,32,-2,38,-5,43,0,41,0,60,2,43,10,46,8,49,13,54,19,46,16,60,27,46,19,54,21,43,27,52,32,62,43,49,27,65,35,52,41,49,43,49,41,54,43,49,32,57,57,54,49,60,41,43,43,57,38,54,43,60,35,68,41,60,54,54,52,57,60,68,62,68,43,68,68,60,54,76,46,52,35,87,46,68,52,90,41,84,71,87,65,60,71,73,79,73,68,98,76,73,79,76,76,95,82,0,0,0,0,0,0,84,-73,109,-95,76,-62,79,-84,104,-90,84,-65,106,-82,90,-65,104,-68,76,-57,73,-62,84,-76,79,-65,95,-76,79,-57,84,-49,84,-52,84,-54,68,-54,90,-65,76,-60,76,-65,68,-46,65,-54,79,-65,71,-54,79,-68,73,-46,84,-49,76,-52,76,-46,62,-52,93,-46,71,-38,68,-43,60,-19,71,-49,79,-30,65,-38,71,-30,76,-27,68,-10,76,-13,76,-8,62,-10,65,0,62,2,57,-2,41,2,52,0,49,2,49,0,43,13,38,16,30,16,30,19,27,19,0,0,0,0,0,0,0,0,0,0]"""
1782313078614,2026-06-24T23:57:58.614,warning,bed_exit,yja,bed_exit_failed,t030,"CSI_DATA,335018,1a:00:00:00:00:00,-65,11,-99,19,49,11,-1282521679,47,2,256,0,""[0,0,0,0,0,0,0,0,0,0,0,0,5,-36,5,-31,16,-36,16,-28,22,-31,16,-28,11,-28,28,-42,16,-39,31,-47,31,-33,33,-42,36,-33,45,-36,42,-33,59,-39,45,-31,59,-31,45,-19,39,-22,59,-28,56,-31,70,-39,56,-22,62,-25,59,-28,67,-25,56,-31,76,-19,67,-11,67,-22,50,-11,56,-25,64,-25,64,-36,76,-42,78,-28,67,-16,76,-25,93,-28,76,-33,93,-22,84,-19,81,-33,53,-28,84,-47,78,-39,73,-56,101,-42,93,-45,87,-14,112,-31,101,-36,107,-45,107,-19,98,-33,109,-31,0,0,0,0,0,0,-25,-107,-22,-146,-14,-90,-19,-112,-25,-146,-5,-101,-11,-138,-8,-98,0,-124,-14,-87,-22,-90,-33,-104,-19,-109,-25,-118,-5,-93,-22,-98,-11,-98,-5,-104,-8,-90,-8,-115,-8,-90,-5,-101,-5,-73,-16,-78,-25,-84,-11,-95,-31,-104,-8,-78,-14,-87,-14,-93,-2,-98,-14,-78,11,-104,8,-84,2,-84,5,-59,-8,-78,-5,-78,-8,-73,5,-90,8,-78,19,-62,19,-76,28,-73,19,-64,31,-62,28,-47,31,-50,22,-31,22,-47,25,-39,14,-45,31,-36,31,-31,28,-19,33,-19,28,-16,0,0,0,0,0,0,0,0,0,0]"""
1782313078625,2026-06-24T23:57:58.625,warning,bed_exit,yja,bed_exit_failed,t030,"CSI_DATA,335019,1a:00:00:00:00:00,-65,11,-99,22,49,11,-1282511381,47,2,256,0,""[0,0,0,0,0,0,0,0,0,0,0,0,-23,-5,-38,-7,-23,-5,-38,-10,-28,-7,-41,-18,-43,-18,-31,-18,-46,-18,-23,-20,-49,-28,-46,-28,-38,-31,-43,-31,-51,-36,-41,-23,-56,-33,-46,-20,-62,-41,-49,-36,-28,-36,-56,-33,-33,-36,-51,-41,-56,-46,-59,-41,-49,-36,-69,-49,-46,-18,-69,-36,-49,-18,-77,-43,-62,-31,-67,-28,-67,-28,-64,-25,-59,-18,-90,-10,-72,-20,-62,-23,-87,-23,-69,7,-95,0,-72,-10,-121,-12,-87,-12,-103,5,-105,-10,-95,0,-87,0,-121,15,-105,12,-124,10,-103,5,-100,18,-134,15,-116,12,0,0,0,0,0,0,18,134,12,87,25,147,28,113,15,85,33,134,23,85,36,129,28,80,36,134,41,111,28,90,36,98,20,85,43,103,41,93,31,93,36,82,46,100,46,56,64,82,49,69,72,98,59,77,51,64,59,69,41,59,62,67,59,67,56,62,49,62,64,74,51,33,72,59,62,51,87,74,51,64,67,56,54,64,49,51,46,51,64,56,49,49,33,41,41,56,43,33,56,46,28,43,43,67,25,38,31,43,18,43,20,33,10,33,12,36,12,36,7,36,0,0,0,0,0,0,0,0,0,0]"""
1782313078636,2026-06-24T23:57:58.636,warning,bed_exit,yja,bed_exit_failed,t030,"CSI_DATA,335020,1a:00:00:00:00:00,-65,11,-99,16,50,11,-1282500381,47,2,256,0,""[0,0,0,0,0,0,0,0,0,0,0,0,21,21,27,32,10,19,21,30,16,27,24,35,21,38,10,38,24,35,13,41,27,46,24,46,19,46,24,43,21,54,21,38,30,57,21,46,24,62,13,60,0,57,30,54,21,57,30,65,30,62,35,52,27,57,35,71,35,43,41,62,30,52,52,71,35,60,41,60,38,62,52,49,49,49,62,49,54,52,52,41,62,62,65,21,84,38,73,46,104,49,71,43,87,35,87,49,82,32,87,35,106,19,106,10,112,21,104,19,115,13,123,24,117,30,0,0,0,0,0,0,21,-117,13,-101,16,-136,19,-120,2,-87,5,-125,-5,-90,-2,-128,-2,-93,-2,-128,-5,-112,8,-98,-16,-104,-2,-93,-27,-104,-32,-95,-21,-93,-21,-84,-24,-106,-41,-60,-57,-87,-38,-82,-49,-98,-35,-87,-35,-79,-43,-82,-35,-68,-54,-73,-54,-73,-52,-62,-52,-60,-57,-82,-57,-43,-65,-54,-52,-57,-76,-76,-46,-65,-49,-62,-41,-73,-43,-54,-43,-54,-62,-46,-49,-46,-41,-41,-38,-57,-43,-30,-54,-49,-30,-46,-41,-57,-21,-43,-27,-43,-16,-43,-21,-38,-13,-30,-21,-35,-19,-30,-13,-35,0,0,0,0,0,0,0,0,0,0]"""
1782313078678,2026-06-24T23:57:58.678,warning,bed_exit,yja,bed_exit_failed,t030,"CSI_DATA,335021,1a:00:00:00:00:00,-65,11,-99,17,49,11,-1282487573,47,2,256,0,""[0,0,0,0,0,0,0,0,0,0,0,0,-98,-8,-86,-98,5,-23,-80,80,2,-32,-47,65,-77,68,-8,-35,-104,2,-83,-68,-56,-41,-41,-5,-47,2,-65,26,-95,20,-71,-14,-65,-23,-56,17,-68,-20,-74,-14,-56,8,-62,-5,-53,-8,-71,-8,-62,-5,-65,-11,-62,-11,-74,-11,-56,-2,-74,0,-65,-2,-89,0,-74,-2,-74,5,-77,5,-65,0,-65,8,-77,23,-77,17,-68,23,-77,29,-65,26,-83,38,-71,32,-107,38,-92,29,-86,35,-89,29,-77,44,-80,47,-104,62,-80,47,-89,65,-92,44,-92,68,-104,74,-92,71,0,0,0,0,0,0,80,92,68,71,95,107,77,86,50,71,89,86,68,68,92,89,77,59,83,95,80,86,71,77,65,65,68,65,89,65,80,53,77,59,80,41,86,47,68,32,92,44,77,35,107,47,95,38,86,32,77,38,68,26,95,20,89,23,77,29,74,23,89,26,77,8,89,14,77,14,104,23,86,26,80,17,80,23,62,17,62,17,77,14,65,20,59,17,65,20,53,17,59,20,50,14,62,29,47,23,41,17,32,29,32,20,32,20,38,20,23,20,23,23,0,0,0,0,0,0,0,0,0,0]"""
1782313078686,2026-06-24T23:57:58.686,warning,bed_exit,yja,bed_exit_failed,t030,"CSI_DATA,335022,1a:00:00:00:00:00,-66,11,-99,16,50,11,-1282477591,47,2,256,0,""[0,0,0,0,0,0,0,0,0,0,0,0,-30,16,-24,10,-41,13,-32,8,-41,8,-30,5,-27,8,-35,10,-38,10,-46,10,-38,0,-52,10,-49,5,-54,-2,-46,0,-65,-2,-49,5,-68,-5,-49,0,-57,8,-71,10,-68,-2,-73,13,-57,-2,-65,2,-62,2,-71,0,-65,5,-79,-5,-60,0,-73,2,-54,5,-62,10,-62,19,-68,24,-76,35,-76,30,-68,16,-76,32,-84,24,-73,27,-87,30,-76,24,-84,30,-52,35,-71,57,-73,52,-60,73,-87,65,-84,73,-76,41,-95,71,-84,65,-76,76,-98,57,-76,65,-82,79,0,0,0,0,0,0,79,84,90,106,60,62,76,90,101,101,60,84,87,101,62,71,79,101,71,57,76,52,93,54,95,54,98,62,71,57,90,46,84,52,87,60,73,38,95,57,73,35,93,46,65,24,73,19,84,19,93,19,104,19,79,35,93,16,90,10,93,24,76,10,95,30,79,24,84,30,54,8,71,2,79,8,79,0,84,8,79,5,62,21,71,16,73,30,60,24,60,24,41,24,57,30,35,10,46,16,41,13,43,10,41,19,41,13,21,30,30,21,27,27,0,0,0,0,0,0,0,0,0,0]"""
1782313078690,2026-06-24T23:57:58.690,warning,bed_exit,yja,bed_exit_failed,t030,"CSI_DATA,335023,1a:00:00:00:00:00,-66,11,-99,15,50,11,-1282467327,47,2,256,0,""[0,0,0,0,0,0,0,0,0,0,0,0,16,16,25,33,16,16,28,36,14,19,28,50,16,47,2,36,11,45,0,25,5,47,2,47,5,53,2,45,0,67,0,39,0,64,0,45,-8,81,-2,70,2,50,-14,67,-16,39,-14,64,-16,64,-25,62,-25,50,-22,73,-8,47,-11,76,-14,53,-22,98,-31,67,-16,70,-19,73,-22,64,-16,59,-8,78,-16,81,-11,62,-22,78,2,62,-8,95,-16,76,-36,129,-25,78,-19,95,-42,90,-14,81,-22,87,-16,124,-19,95,-25,112,-33,98,-14,115,-36,135,-28,104,0,0,0,0,0,0,121,36,81,28,152,53,104,42,62,31,126,53,70,22,124,53,73,25,129,70,107,56,81,50,81,42,67,45,95,50,90,45,90,45,78,42,104,50,62,22,107,36,64,25,112,50,98,42,76,33,81,39,56,33,90,42,81,36,73,45,64,39,81,56,62,19,93,36,59,36,107,59,64,53,67,45,62,56,50,42,39,42,64,47,53,50,39,39,45,56,31,31,45,50,25,36,36,70,14,45,11,42,2,42,14,33,5,31,8,45,5,31,2,31,0,0,0,0,0,0,0,0,0,0]"""
1782313078693,2026-06-24T23:57:58.693,warning,bed_exit,yja,bed_exit_failed,t030,"CSI_DATA,335024,1a:00:00:00:00:00,-66,11,-99,21,49,11,-1282456381,47,2,256,0,""[0,0,0,0,0,0,0,0,0,0,0,0,-29,5,-39,10,-18,5,-45,7,-26,13,-53,10,-50,7,-37,5,-45,5,-31,-2,-50,0,-53,0,-55,2,-50,0,-66,2,-37,5,-66,2,-39,7,-77,2,-71,-7,-63,-10,-55,13,-58,-5,-77,2,-69,7,-66,7,-66,5,-82,-5,-42,10,-74,26,-53,-7,-106,23,-79,21,-50,18,-58,29,-85,31,-29,29,-69,26,-82,23,-39,7,-77,50,-61,45,-71,79,-74,47,-103,98,-55,63,-53,63,-82,71,-82,71,-34,79,-50,82,-77,69,-82,79,-66,74,-45,117,-71,119,-61,106,0,0,0,0,0,0,103,55,77,31,146,69,98,47,58,39,119,61,77,21,130,42,74,23,130,55,109,39,95,37,87,34,71,26,109,21,103,15,101,13,85,10,109,13,69,-10,109,-7,74,0,127,-5,101,-5,79,-7,82,-7,66,0,87,-21,87,-21,82,-13,71,-7,98,-18,47,-29,85,-39,71,-23,111,-37,79,-15,69,-34,77,-15,61,-18,58,-13,77,-31,63,-26,45,-15,63,-13,42,-23,66,-29,45,-7,77,-10,45,-5,53,-10,37,0,37,-2,31,2,39,0,34,-2,31,2,0,0,0,0,0,0,0,0,0,0]"""
1782313078696,2026-06-24T23:57:58.696,warning,bed_exit,yja,bed_exit_failed,t030,"CSI_DATA,335025,1a:00:00:00:00:00,-66,11,-99,18,50,11,-1282444329,47,2,256,0,""[0,0,0,0,0,0,0,0,0,0,0,0,-20,20,-25,33,-18,20,-25,33,-20,28,-31,28,-36,31,-28,25,-43,38,-38,12,-46,23,-46,23,-43,20,-43,18,-59,28,-43,25,-51,31,-54,25,-56,23,-51,23,-41,12,-59,36,-59,12,-62,18,-67,18,-67,18,-67,15,-77,28,-49,31,-62,36,-59,33,-72,41,-59,31,-56,38,-62,36,-67,41,-62,36,-62,51,-56,41,-56,36,-69,43,-49,64,-56,69,-67,59,-80,80,-64,56,-54,80,-72,62,-54,80,-64,80,-59,87,-59,90,-67,93,-64,85,-59,93,-67,100,-64,95,0,0,0,0,0,0,111,64,87,64,105,69,103,59,82,56,100,74,85,33,105,62,87,46,100,64,98,51,85,49,108,41,74,51,90,54,93,43,82,41,82,38,95,46,87,20,93,23,90,23,100,28,90,23,72,15,93,10,74,20,82,20,82,15,82,18,72,20,95,23,67,-7,85,-2,82,10,95,12,74,15,74,0,77,23,72,18,62,18,74,10,64,15,49,18,59,23,54,5,62,10,46,20,59,31,38,18,43,18,31,25,36,20,31,20,28,28,23,23,23,20,0,0,0,0,0,0,0,0,0,0]"""
1782313078703,2026-06-24T23:57:58.703,warning,bed_exit,yja,bed_exit_failed,t030,"CSI_DATA,335027,1a:00:00:00:00:00,-66,11,-99,19,49,11,-1282421828,47,2,256,0,""[0,0,0,0,0,0,0,0,0,0,0,0,-25,22,-28,19,-28,19,-25,19,-33,14,-28,19,-25,25,-31,19,-33,28,-45,25,-47,19,-50,25,-47,25,-50,25,-47,16,-50,33,-47,33,-59,25,-53,22,-45,31,-45,22,-59,39,-59,36,-59,28,-56,33,-59,39,-59,36,-56,42,-53,50,-53,36,-56,47,-47,45,-50,47,-39,50,-47,56,-45,70,-47,70,-45,64,-33,67,-36,67,-39,70,-25,84,-28,78,-45,81,-14,81,-11,81,-8,95,-11,104,-8,101,-11,107,-14,101,0,112,-2,112,8,115,0,107,0,109,11,118,0,0,0,0,0,0,124,-5,124,-5,109,-22,121,-22,124,-28,115,-25,112,-28,101,-31,112,-16,95,-45,104,-45,95,-45,90,-70,95,-47,93,-42,90,-50,78,-50,84,-50,78,-53,67,-70,62,-64,76,-64,53,-62,50,-70,53,-62,50,-84,59,-81,56,-70,53,-73,42,-78,42,-76,39,-73,33,-81,36,-70,39,-76,28,-70,31,-76,28,-73,33,-70,25,-73,28,-67,36,-62,33,-59,33,-56,33,-50,22,-56,28,-50,31,-50,25,-45,25,-42,22,-42,19,-36,19,-33,28,-36,25,-19,22,-25,22,-19,0,0,0,0,0,0,0,0,0,0]"""
1782313078714,2026-06-24T23:57:58.714,warning,bed_exit,yja,bed_exit_failed,t030,"CSI_DATA,335028,1a:00:00:00:00:00,-66,11,-99,16,50,11,-1282412329,47,2,256,0,""[0,0,0,0,0,0,0,0,0,0,0,0,-13,30,-10,27,-19,35,-19,30,-27,30,-19,27,-19,35,-24,32,-27,41,-35,43,-41,30,-32,32,-43,38,-49,30,-49,27,-49,27,-43,30,-57,21,-43,27,-54,30,-65,35,-57,38,-60,32,-68,16,-62,21,-62,27,-65,24,-62,16,-71,24,-62,16,-65,13,-60,27,-65,30,-60,38,-65,35,-65,43,-68,35,-68,24,-71,41,-82,32,-76,32,-79,38,-71,32,-84,35,-62,43,-68,54,-68,60,-68,65,-84,68,-87,68,-87,38,-84,52,-93,52,-87,68,-106,41,-90,65,-106,62,0,0,0,0,0,0,60,112,52,128,43,93,46,109,62,117,21,101,43,115,38,106,24,115,41,87,49,87,46,87,60,93,52,98,27,95,41,84,43,87,41,95,32,90,46,84,43,76,32,93,43,71,49,71,52,76,62,76,57,73,35,82,41,79,49,68,41,79,32,73,43,82,35,73,30,79,38,65,41,68,38,71,38,68,35,68,24,65,5,65,19,65,10,71,8,65,5,60,0,49,-8,54,0,41,0,41,0,43,-5,43,0,43,-8,35,-16,27,-13,30,-16,24,0,0,0,0,0,0,0,0,0,0]"""
1782313078724,2026-06-24T23:57:58.724,warning,bed_exit,yja,bed_exit_failed,t030,"CSI_DATA,335029,1a:00:00:00:00:00,-66,11,-99,15,50,11,-1282401382,47,2,256,0,""[0,0,0,0,0,0,0,0,0,0,0,0,-22,14,-25,14,-36,8,-39,16,-33,16,-36,5,-39,11,-47,14,-39,5,-47,5,-42,8,-45,8,-53,8,-56,5,-53,2,-56,-8,-62,-2,-62,-5,-73,-5,-64,-14,-81,-8,-59,-11,-62,0,-73,-5,-70,-5,-64,-5,-62,-11,-64,-8,-73,-16,-73,-14,-64,-8,-76,-16,-81,-8,-73,-11,-76,-2,-70,-11,-67,-5,-73,0,-84,0,-81,0,-87,8,-78,-5,-93,-5,-87,11,-90,2,-101,14,-87,5,-98,22,-101,8,-95,16,-107,16,-98,5,-101,14,-109,16,-118,14,-118,14,-115,14,0,0,0,0,0,0,14,121,16,118,22,124,16,115,14,104,11,115,5,121,11,124,11,104,8,121,16,109,25,104,5,93,28,107,22,101,22,93,28,95,25,93,28,87,14,101,19,93,22,81,25,95,31,93,36,84,22,78,31,76,36,84,33,84,31,81,31,73,39,73,22,87,22,87,28,73,16,84,25,81,16,78,22,76,8,70,11,73,16,70,5,70,8,67,8,62,-8,56,-5,59,0,47,-11,50,-5,50,-8,45,-8,42,-16,36,-8,33,-16,33,-19,25,-14,25,0,0,0,0,0,0,0,0,0,0]"""
1782313078734,2026-06-24T23:57:58.734,warning,bed_exit,yja,bed_exit_failed,t030,"CSI_DATA,335030,1a:00:00:00:00:00,-66,11,-99,16,50,11,-1282390315,47,2,256,0,""[0,0,0,0,0,0,0,0,0,0,0,0,-16,27,-19,24,-30,27,-27,24,-30,27,-32,27,-32,24,-38,19,-38,16,-35,24,-41,24,-43,27,-49,24,-49,24,-49,21,-52,24,-52,19,-52,19,-65,19,-60,24,-54,27,-60,16,-62,19,-65,21,-68,19,-60,24,-60,21,-54,24,-71,16,-65,24,-68,27,-71,30,-76,35,-68,30,-65,30,-62,24,-62,41,-68,43,-73,41,-68,46,-60,46,-68,49,-65,49,-65,60,-68,54,-73,62,-71,62,-60,68,-71,54,-76,71,-79,79,-68,68,-62,68,-79,90,-79,90,-73,84,-82,84,0,0,0,0,0,0,84,79,90,84,95,79,93,79,87,71,84,73,87,76,84,71,90,73,84,71,87,73,90,54,71,60,84,62,95,52,82,46,90,49,82,46,79,43,82,52,79,41,82,38,87,38,90,49,90,35,73,32,84,30,90,24,82,27,84,21,76,21,71,19,84,38,79,27,76,19,82,30,82,35,73,30,71,30,54,35,68,30,68,27,57,30,57,30,49,32,49,32,43,30,46,32,41,32,43,32,30,24,27,30,24,30,21,27,24,30,16,27,19,24,0,0,0,0,0,0,0,0,0,0]"""
1782313078746,2026-06-24T23:57:58.746,warning,bed_exit,yja,bed_exit_failed,t030,"CSI_DATA,335031,1a:00:00:00:00:00,-66,11,-99,15,50,11,-1282379042,47,2,256,0,""[0,0,0,0,0,0,0,0,0,0,0,0,-2,31,-8,33,-14,33,-16,36,-16,36,-22,36,-22,36,-19,36,-28,36,-28,33,-31,42,-28,33,-36,36,-36,36,-39,39,-47,33,-50,31,-47,42,-56,36,-67,39,-64,39,-56,25,-56,28,-62,39,-56,39,-53,25,-56,22,-53,28,-67,28,-70,31,-64,25,-78,28,-78,31,-70,28,-70,33,-67,22,-70,31,-67,45,-70,39,-67,42,-73,36,-76,33,-76,39,-73,45,-90,42,-81,39,-78,33,-87,45,-87,39,-87,53,-98,59,-81,45,-87,45,-109,50,-107,56,-101,42,-118,47,0,0,0,0,0,0,45,109,50,107,53,126,33,112,33,107,33,104,39,112,36,107,36,98,31,109,25,115,19,104,16,93,31,101,39,98,31,87,42,95,33,93,28,87,19,90,28,93,28,87,33,95,25,98,33,95,14,78,28,81,33,90,28,84,31,76,25,76,22,73,16,87,14,81,19,76,11,93,8,87,5,81,2,81,-2,70,2,70,5,70,-2,67,0,59,-5,62,-14,59,-14,59,-14,53,-19,50,-28,45,-22,39,-25,33,-22,25,-19,33,-25,25,-19,19,-19,16,0,0,0,0,0,0,0,0,0,0]"""
1782313078756,2026-06-24T23:57:58.756,warning,bed_exit,yja,bed_exit_failed,t030,"CSI_DATA,335032,1a:00:00:00:00:00,-66,11,-99,19,49,11,-1282368382,47,2,256,0,""[0,0,0,0,0,0,0,0,0,0,0,0,28,2,36,2,36,5,33,11,42,5,36,19,39,16,45,16,36,16,42,22,42,28,42,28,39,31,42,28,45,31,42,45,50,45,42,36,42,47,50,50,56,47,33,50,45,50,47,53,36,45,39,53,36,59,42,53,36,56,47,56,45,53,50,64,50,59,47,56,50,53,39,59,47,62,50,62,50,64,56,62,56,56,50,67,64,70,70,56,73,70,76,73,67,70,76,70,62,67,70,64,81,73,67,70,78,76,81,84,76,78,81,87,87,76,0,0,0,0,0,0,81,-84,78,-73,95,-87,93,-81,84,-62,93,-78,90,-70,90,-76,84,-67,104,-73,84,-67,78,-76,84,-56,73,-59,90,-67,73,-67,73,-64,73,-62,64,-64,73,-56,73,-67,59,-59,70,-62,64,-64,64,-67,62,-53,64,-59,67,-67,64,-62,64,-62,62,-50,62,-53,62,-47,62,-53,59,-53,70,-50,64,-56,64,-45,62,-42,56,-33,59,-31,67,-28,62,-22,62,-22,59,-28,56,-11,59,-19,47,-11,56,0,47,-8,45,-2,45,0,36,0,33,2,36,5,33,5,28,8,0,0,0,0,0,0,0,0,0,0]"""
1782313078770,2026-06-24T23:57:58.770,warning,bed_exit,yja,bed_exit_failed,t030,"CSI_DATA,335033,1a:00:00:00:00:00,-66,11,-99,16,50,11,-1282354869,47,2,256,0,""[0,0,0,0,0,0,0,0,0,0,0,0,21,-16,32,-30,16,-16,32,-24,19,-21,43,-27,41,-27,32,-16,41,-21,32,-13,49,-19,49,-21,54,-21,46,-16,60,-32,41,-16,60,-30,43,-30,71,-35,65,-27,62,-13,54,-32,46,-13,71,-32,65,-35,62,-30,49,-27,73,-24,41,-43,71,-60,62,-24,87,-52,68,-54,76,-41,54,-57,43,-62,65,-43,43,-52,32,-71,30,-49,76,-79,-2,-54,35,-87,49,-98,82,-128,62,-73,35,-62,73,-90,38,-95,32,-68,16,-109,32,-115,13,-117,30,-87,16,-101,32,-134,21,-123,0,0,0,0,0,0,-125,-16,-90,-13,-150,-5,-117,-10,-71,-16,-134,-5,-90,5,-134,2,-87,5,-134,-8,-115,0,-93,-5,-98,5,-84,2,-95,10,-93,8,-98,19,-84,19,-109,24,-62,24,-87,43,-71,30,-109,43,-84,38,-73,41,-82,43,-60,21,-76,46,-79,43,-73,38,-65,30,-87,43,-46,46,-62,60,-57,43,-93,65,-68,38,-57,46,-71,38,-49,35,-49,30,-62,46,-54,38,-41,24,-60,27,-35,30,-49,35,-43,19,-62,27,-38,10,-38,16,-41,2,-32,13,-30,5,-41,5,-27,5,-30,0,0,0,0,0,0,0,0,0,0,0]"""
1782313078782,2026-06-24T23:57:58.782,warning,bed_exit,yja,bed_exit_failed,t030,"CSI_DATA,335034,1a:00:00:00:00:00,-66,11,-99,21,49,11,-1282346141,47,2,256,0,""[0,0,0,0,0,0,0,0,0,0,0,0,-5,-23,-5,-42,-2,-26,0,-42,-7,-34,5,-55,10,-47,15,-39,10,-47,13,-31,21,-47,21,-47,21,-50,15,-37,39,-53,23,-39,42,-53,29,-42,55,-55,45,-53,34,-50,47,-39,45,-31,53,-47,50,-45,58,-39,53,-34,69,-42,37,-37,55,-45,47,-39,82,-58,74,-31,50,-39,63,-34,61,-26,55,-31,63,-55,55,-42,53,-37,74,-39,53,-45,74,-63,69,-45,106,-71,82,-45,85,-63,93,-39,74,-42,71,-50,101,-69,87,-61,101,-66,93,-47,87,-61,114,-61,95,-53,0,0,0,0,0,0,-45,-114,-34,-82,-47,-143,-29,-109,-23,-79,-34,-141,-23,-79,-29,-133,-26,-79,-21,-146,-13,-122,-10,-103,-15,-93,-5,-82,-18,-109,-13,-103,-18,-98,-13,-85,-10,-106,-13,-69,-15,-103,-13,-77,-18,-119,-7,-101,-5,-79,-7,-79,0,-74,-13,-95,-7,-85,-5,-87,-2,-77,5,-93,-5,-63,-7,-87,2,-63,7,-103,15,-85,13,-74,29,-69,21,-61,15,-53,18,-69,26,-61,21,-47,34,-55,15,-45,29,-58,29,-37,45,-50,34,-31,34,-29,39,-15,23,-18,26,-15,34,-15,26,-13,23,-7,0,0,0,0,0,0,0,0,0,0]"""
1782313078793,2026-06-24T23:57:58.793,warning,bed_exit,yja,bed_exit_failed,t030,"CSI_DATA,335035,1a:00:00:00:00:00,-66,11,-99,15,50,11,-1282335379,47,2,256,0,""[0,0,0,0,0,0,0,0,0,0,0,0,8,-28,11,-31,14,-31,22,-33,16,-33,28,-36,28,-39,25,-33,25,-31,25,-33,25,-42,25,-42,31,-42,33,-42,39,-45,42,-33,45,-47,36,-39,59,-50,47,-53,42,-42,47,-42,42,-39,45,-53,39,-53,42,-50,47,-47,45,-53,45,-47,53,-62,39,-45,59,-67,56,-62,47,-62,50,-64,45,-53,28,-56,31,-76,33,-76,28,-70,39,-81,22,-64,28,-93,22,-78,31,-107,33,-95,16,-90,33,-87,25,-93,14,-98,5,-118,0,-98,14,-112,14,-101,11,-115,14,-126,28,-112,0,0,0,0,0,0,-126,-16,-101,-5,-143,-8,-118,-14,-87,5,-129,-5,-101,-5,-135,-11,-104,2,-132,-5,-118,-2,-98,0,-95,2,-87,8,-104,31,-95,31,-98,28,-87,22,-101,25,-73,19,-101,33,-67,31,-112,36,-101,22,-81,31,-81,19,-70,31,-81,47,-78,47,-67,47,-64,36,-76,39,-64,31,-78,47,-62,36,-93,45,-81,31,-67,31,-67,28,-62,22,-56,25,-62,36,-64,31,-50,25,-56,19,-47,16,-59,22,-45,11,-59,11,-45,5,-45,8,-36,-5,-33,-5,-36,0,-36,-2,-31,2,-28,0,0,0,0,0,0,0,0,0,0,0]"""
1782313078805,2026-06-24T23:57:58.805,warning,bed_exit,yja,bed_exit_failed,t030,"CSI_DATA,335036,1a:00:00:00:00:00,-66,11,-99,16,50,11,-1282319438,47,2,256,0,""[0,0,0,0,0,0,0,0,0,0,0,0,5,-32,8,-32,16,-35,16,-30,24,-38,21,-30,21,-27,27,-35,30,-32,38,-38,35,-30,41,-27,43,-27,49,-30,41,-24,62,-30,52,-24,62,-19,57,-10,38,-5,65,-13,60,-19,79,-21,62,-10,68,-5,65,-13,68,-8,62,-16,87,2,68,0,71,-5,54,8,68,-10,76,0,68,-10,82,-10,84,-2,79,2,84,8,93,5,82,-5,95,8,84,8,90,-5,62,0,101,-5,84,8,104,-16,117,10,109,5,90,19,109,16,101,13,117,16,109,24,93,27,120,21,0,0,0,0,0,0,30,-101,46,-131,32,-90,35,-112,49,-131,41,-93,60,-123,43,-93,62,-106,46,-73,41,-82,46,-101,54,-93,54,-109,46,-79,54,-84,49,-82,57,-84,43,-71,68,-93,43,-73,57,-84,46,-65,49,-68,54,-82,52,-73,54,-90,54,-60,57,-65,54,-68,60,-68,46,-60,76,-65,57,-52,54,-60,52,-30,57,-49,57,-43,57,-49,65,-43,71,-35,60,-19,68,-19,62,-19,54,-16,62,-2,49,0,52,-5,35,-2,43,-2,43,8,38,-2,41,10,38,10,27,16,27,19,27,21,0,0,0,0,0,0,0,0,0,0]"""
1782313078817,2026-06-24T23:57:58.817,warning,bed_exit,yja,bed_exit_failed,t030,"CSI_DATA,335037,1a:00:00:00:00:00,-66,11,-99,15,50,11,-1282313144,47,2,256,0,""[0,0,0,0,0,0,0,0,0,0,0,0,5,-28,5,-31,2,-33,5,-39,5,-33,14,-45,14,-36,16,-33,25,-33,22,-36,25,-42,28,-47,33,-45,28,-42,31,-50,28,-36,36,-47,28,-42,56,-53,42,-53,31,-47,47,-42,36,-36,50,-56,47,-47,47,-45,50,-45,42,-50,47,-47,47,-59,39,-50,62,-67,59,-56,47,-53,53,-62,42,-47,45,-53,42,-73,53,-62,45,-59,47,-67,31,-67,33,-84,39,-81,53,-104,39,-87,36,-81,50,-84,42,-81,47,-90,50,-104,36,-87,42,-98,50,-104,47,-107,62,-112,53,-101,0,0,0,0,0,0,-107,-42,-95,-45,-129,-59,-107,-42,-87,-45,-112,-50,-95,-50,-118,-47,-93,-31,-115,-62,-109,-50,-90,-36,-84,-39,-87,-42,-95,-36,-93,-39,-95,-42,-90,-25,-101,-36,-81,-28,-95,-25,-84,-16,-107,-31,-98,-31,-93,-16,-81,-31,-76,-19,-93,-22,-90,-19,-78,-22,-76,-25,-81,-19,-73,-14,-87,-16,-81,-14,-93,-33,-87,-28,-76,-22,-76,-31,-59,-28,-56,-25,-67,-22,-56,-33,-50,-25,-56,-33,-47,-28,-50,-25,-42,-28,-42,-42,-33,-33,-31,-31,-22,-33,-22,-28,-19,-28,-19,-31,-11,-22,-11,-25,0,0,0,0,0,0,0,0,0,0]"""
1782313078828,2026-06-24T23:57:58.828,warning,bed_exit,yja,bed_exit_failed,t030,"CSI_DATA,335038,1a:00:00:00:00:00,-66,11,-99,20,49,11,-1282300661,47,2,256,0,""[0,0,0,0,0,0,0,0,0,0,0,0,2,30,0,30,2,38,2,35,-5,38,-13,41,-5,41,-10,49,-10,38,-10,52,-8,49,-21,46,-19,49,-13,54,-8,46,-27,62,-19,49,-10,60,-19,60,-24,60,-21,73,-19,54,-24,73,-13,65,-16,57,-24,65,-16,62,-8,57,-19,73,-8,60,-10,79,-13,62,2,76,-2,73,0,76,-2,71,-2,82,2,84,0,82,16,82,27,68,8,98,10,82,41,82,16,76,41,90,24,87,43,87,43,90,49,90,46,101,35,98,46,93,57,120,54,101,49,87,65,95,0,0,0,0,0,0,90,-68,101,-82,87,-73,90,-76,98,-79,84,-71,98,-98,76,-76,84,-90,82,-65,79,-84,71,-87,68,-71,65,-93,60,-82,65,-68,62,-84,52,-90,35,-76,62,-93,43,-79,35,-98,38,-79,35,-87,30,-98,30,-73,30,-93,27,-90,27,-87,21,-90,19,-82,2,-73,21,-90,21,-79,10,-79,19,-73,5,-90,21,-79,5,-76,21,-68,24,-71,21,-62,27,-62,19,-62,8,-54,27,-57,24,-43,10,-52,19,-38,24,-49,16,-38,19,-38,21,-27,19,-35,24,-24,24,-21,21,-13,0,0,0,0,0,0,0,0,0,0]"""
1782313078837,2026-06-24T23:57:58.837,warning,bed_exit,yja,bed_exit_failed,t030,"CSI_DATA,335039,1a:00:00:00:00:00,-66,11,-99,20,49,11,-1282291382,47,2,256,0,""[0,0,0,0,0,0,0,0,0,0,0,0,32,2,30,5,35,8,32,10,30,16,32,10,38,13,35,21,43,19,38,24,38,38,38,32,41,38,30,41,35,46,43,38,35,46,35,52,30,43,43,52,43,52,46,54,38,54,19,60,30,57,30,60,30,68,27,65,32,62,24,57,21,71,30,60,32,60,41,57,35,60,46,65,32,71,27,76,35,68,30,76,30,76,41,76,38,84,24,76,41,73,49,79,54,84,52,84,57,84,52,93,38,95,49,101,46,112,54,106,38,109,52,101,43,112,0,0,0,0,0,0,109,-27,120,-24,101,-21,120,-21,123,-21,120,-8,109,-16,109,-19,112,-2,104,-21,106,-24,104,-19,112,-30,101,-19,104,5,101,-13,104,-16,95,-5,98,-2,98,-19,95,-13,101,-2,84,-16,87,-19,87,-13,90,-21,90,-16,90,2,90,-2,87,-13,90,0,90,2,84,-2,79,2,87,10,76,0,79,2,76,2,82,5,82,5,71,10,65,21,62,16,60,27,54,30,54,24,49,27,46,35,38,30,35,27,35,32,30,27,32,30,21,27,8,35,8,30,5,27,0,0,0,0,0,0,0,0,0,0]"""
1782313078849,2026-06-24T23:57:58.849,warning,bed_exit,yja,bed_exit_failed,t030,"CSI_DATA,335040,1a:00:00:00:00:00,-65,11,-99,15,50,11,-1282280283,47,2,256,0,""[0,0,0,0,0,0,0,0,0,0,0,0,8,-28,14,-36,14,-22,19,-33,8,-28,25,-45,31,-39,25,-31,22,-36,28,-28,25,-42,28,-39,36,-47,36,-39,45,-50,25,-33,42,-53,28,-39,53,-62,59,-56,56,-45,42,-39,36,-39,47,-59,42,-53,36,-53,31,-47,42,-59,28,-45,36,-70,25,-47,45,-87,42,-59,33,-70,39,-64,28,-59,16,-53,11,-78,16,-78,16,-70,25,-87,0,-62,-2,-95,2,-81,2,-126,14,-98,-5,-98,5,-101,-2,-90,-11,-90,-31,-115,-31,-93,-25,-112,-19,-95,-36,-109,-31,-132,-19,-118,0,0,0,0,0,0,-126,42,-84,22,-146,50,-104,33,-70,28,-126,53,-81,36,-129,62,-76,45,-126,53,-104,47,-90,36,-87,45,-78,36,-90,67,-81,64,-81,62,-67,56,-90,67,-50,56,-67,84,-53,59,-90,90,-73,73,-62,70,-59,64,-42,53,-50,81,-47,78,-45,73,-45,59,-56,76,-22,59,-42,87,-36,64,-59,101,-56,67,-42,67,-56,56,-36,50,-33,50,-33,67,-36,62,-28,50,-42,56,-25,42,-33,59,-31,33,-47,47,-33,28,-33,28,-33,22,-31,28,-25,19,-31,22,-22,19,-28,16,0,0,0,0,0,0,0,0,0,0]"""
1782313078860,2026-06-24T23:57:58.860,warning,bed_exit,yja,bed_exit_failed,t030,"CSI_DATA,335041,1a:00:00:00:00:00,-65,11,-99,20,49,11,-1282268782,47,2,256,0,""[0,0,0,0,0,0,0,0,0,0,0,0,27,-8,24,-13,35,-13,30,-5,38,-13,35,-5,46,-5,41,-8,35,-5,52,-5,49,2,46,2,52,5,46,-2,46,-2,62,13,49,5,57,5,65,13,76,0,62,-5,60,13,62,8,71,8,68,13,62,13,57,13,54,8,76,16,65,8,71,10,79,10,79,5,79,2,73,2,68,0,79,0,82,-5,87,0,76,-8,71,-10,87,0,76,-5,90,-19,90,-10,98,-27,84,-16,90,-24,93,-21,104,-24,115,-19,93,-16,82,-19,125,-30,117,-21,101,-21,120,-30,0,0,0,0,0,0,-30,-104,-32,-117,-38,-123,-32,-112,-27,-112,-27,-104,-27,-125,-30,-106,-35,-117,-21,-115,-32,-109,-38,-104,-21,-87,-35,-109,-32,-98,-30,-90,-35,-93,-27,-84,-35,-73,-35,-93,-35,-79,-43,-84,-43,-90,-46,-90,-54,-84,-38,-71,-43,-84,-46,-90,-43,-79,-43,-76,-41,-71,-38,-57,-41,-84,-41,-76,-43,-71,-35,-82,-49,-79,-35,-79,-38,-68,-24,-60,-24,-73,-27,-73,-13,-68,-10,-60,-16,-54,-10,-60,-8,-57,-13,-60,-2,-46,-5,-54,0,-46,0,-43,5,-41,5,-32,2,-38,10,-27,8,-27,0,0,0,0,0,0,0,0,0,0]"""
1782313078870,2026-06-24T23:57:58.870,warning,bed_exit,yja,bed_exit_failed,t030,"CSI_DATA,335042,1a:00:00:00:00:00,-66,11,-99,16,50,11,-1282256266,47,2,256,0,""[0,0,0,0,0,0,0,0,0,0,0,0,32,-5,24,-8,38,2,35,-2,38,8,35,2,35,2,43,10,43,8,54,16,41,16,43,19,46,16,49,21,43,21,60,30,57,21,52,35,41,30,41,21,49,35,54,38,68,41,46,38,52,46,52,41,54,41,52,32,60,52,49,41,60,38,41,32,57,38,52,43,60,38,68,41,65,49,57,41,65,46,76,52,71,41,76,52,68,43,79,35,62,24,84,30,73,43,98,30,98,57,95,49,73,49,93,52,90,41,104,46,98,54,95,49,109,41,0,0,0,0,0,0,52,-98,68,-120,49,-79,52,-106,68,-120,54,-84,71,-112,52,-93,68,-104,46,-82,49,-84,52,-104,54,-90,57,-104,46,-79,52,-82,52,-84,54,-90,43,-79,54,-104,32,-79,43,-93,32,-65,38,-79,43,-90,35,-82,41,-95,41,-73,49,-82,38,-82,41,-82,30,-73,57,-87,46,-68,35,-79,35,-49,38,-73,46,-62,41,-65,49,-68,52,-62,46,-46,54,-43,54,-52,46,-41,52,-38,43,-24,41,-35,30,-16,41,-30,38,-19,38,-19,41,-10,38,-16,32,0,38,2,27,-2,0,0,0,0,0,0,0,0,0,0]"""
1782313078881,2026-06-24T23:57:58.881,warning,bed_exit,yja,bed_exit_failed,t030,"CSI_DATA,335043,1a:00:00:00:00:00,-66,11,-99,22,49,11,-1282246059,47,2,256,0,""[0,0,0,0,0,0,0,0,0,0,0,0,0,-31,0,-28,0,-31,2,-33,5,-38,0,-33,0,-28,2,-38,0,-43,0,-54,15,-41,10,-46,0,-51,10,-51,18,-51,15,-62,12,-51,28,-64,10,-49,0,-46,7,-51,5,-64,7,-69,20,-59,5,-64,7,-64,15,-69,7,-67,5,-72,2,-64,10,-72,-7,-59,-12,-72,-18,-69,-23,-69,-20,-74,-20,-80,-10,-74,-36,-72,-28,-77,-28,-72,-31,-85,-25,-80,-38,-85,-38,-67,-43,-64,-62,-69,-72,-69,-80,-72,-77,-74,-62,-72,-67,-82,-67,-82,-85,-82,-72,-82,-85,-64,-95,-69,0,0,0,0,0,0,-77,95,-95,103,-62,90,-80,82,-77,116,-77,77,-72,95,-56,82,-77,93,-46,87,-33,82,-41,98,-36,103,-31,111,-51,82,-28,95,-25,98,-28,98,-25,95,-25,103,-15,85,-31,98,5,77,10,87,10,87,20,93,12,100,-10,90,12,87,10,87,5,95,7,85,10,93,2,85,2,85,15,64,25,77,23,74,31,77,20,74,15,74,-2,67,15,72,2,74,7,67,0,64,-5,54,0,62,5,43,0,51,0,49,10,43,2,41,5,38,-12,31,-7,33,-10,28,0,0,0,0,0,0,0,0,0,0]"""
1782313078890,2026-06-24T23:57:58.890,warning,bed_exit,yja,bed_exit_failed,t030,"CSI_DATA,335044,1a:00:00:00:00:00,-66,11,-99,20,49,11,-1282236382,47,2,256,0,""[0,0,0,0,0,0,0,0,0,0,0,0,5,27,2,32,10,27,8,38,5,35,5,41,5,43,8,43,-2,41,5,46,2,49,0,46,2,49,5,52,5,49,-5,57,-2,62,2,60,0,65,-5,65,-2,73,0,60,2,65,5,68,2,60,0,65,0,62,10,65,8,65,8,65,13,71,13,73,21,71,21,65,24,62,16,65,27,68,30,73,27,71,35,68,46,65,32,73,43,76,57,60,57,84,60,76,57,73,65,76,62,71,68,68,79,73,68,76,76,76,82,76,79,79,84,84,84,68,0,0,0,0,0,0,65,-90,62,-95,65,-104,62,-101,62,-84,60,-106,57,-101,57,-104,43,-95,68,-106,52,-98,38,-98,46,-87,35,-93,35,-101,38,-95,24,-98,19,-90,13,-90,27,-101,24,-98,13,-87,10,-101,10,-95,-2,-93,10,-84,2,-87,-5,-93,-2,-87,-2,-84,0,-82,-5,-79,-5,-84,-8,-87,-10,-82,-5,-90,-13,-84,-5,-76,-5,-73,2,-73,-5,-68,-2,-76,8,-65,0,-62,2,-62,8,-60,8,-62,-2,-52,8,-57,8,-52,8,-46,8,-41,10,-41,8,-35,16,-35,13,-24,10,-30,0,0,0,0,0,0,0,0,0,0]"""
1782313078909,2026-06-24T23:57:58.909,warning,bed_exit,yja,bed_exit_failed,t030,"CSI_DATA,335045,1a:00:00:00:00:00,-66,11,-99,16,50,11,-1282216281,47,2,256,0,""[0,0,0,0,0,0,0,0,0,0,0,0,-24,19,-21,10,-35,16,-30,16,-38,10,-32,8,-35,10,-46,13,-38,5,-49,10,-41,8,-46,-2,-46,-5,-57,-5,-46,0,-60,-8,-49,-8,-60,-2,-52,-13,-62,-13,-73,-16,-54,-19,-68,-13,-62,-16,-60,-27,-57,-27,-60,-21,-54,-8,-76,-30,-60,-19,-68,-19,-54,-21,-71,-13,-62,-27,-68,-21,-60,-16,-76,-27,-71,-24,-73,-32,-82,-19,-76,-10,-84,-30,-73,-19,-90,-10,-65,-16,-98,-8,-84,-21,-90,-8,-101,-21,-106,-24,-95,-32,-93,-30,-87,-24,-112,-32,-104,-35,-98,-38,-115,-21,0,0,0,0,0,0,-43,104,-35,131,-35,104,-27,117,-43,120,-21,87,-49,125,-38,93,-54,117,-38,90,-41,95,-32,101,-41,87,-43,109,-38,90,-46,79,-43,93,-46,90,-32,71,-41,98,-30,76,-30,95,-30,73,-27,84,-32,95,-35,82,-38,90,-30,82,-41,73,-35,79,-38,79,-16,68,-49,87,-38,68,-32,79,-35,52,-41,73,-46,65,-38,65,-46,57,-54,57,-46,46,-57,41,-52,46,-41,41,-54,41,-43,21,-43,32,-32,10,-43,24,-43,16,-35,21,-41,10,-35,8,-38,2,-30,-2,-27,-2,0,0,0,0,0,0,0,0,0,0]"""
1782313078920,2026-06-24T23:57:58.920,warning,bed_exit,yja,bed_exit_failed,t030,"CSI_DATA,335046,1a:00:00:00:00:00,-66,11,-99,19,50,11,-1282214382,47,2,256,0,""[0,0,0,0,0,0,0,0,0,0,0,0,30,-7,35,-12,30,-7,37,-10,37,-10,37,-5,50,-5,40,-2,52,-10,35,7,47,5,52,5,47,12,52,7,57,12,52,2,60,2,57,5,60,10,57,5,42,7,70,12,60,22,62,20,67,25,62,17,62,20,70,20,60,7,67,7,67,5,72,10,65,12,67,10,72,15,80,0,67,0,72,-2,75,5,70,5,80,7,72,-27,85,-30,90,-10,100,-12,77,-7,95,-25,100,-5,92,-22,100,-17,108,-35,100,-35,102,-25,105,-32,108,-45,110,-25,118,-30,0,0,0,0,0,0,-32,-120,-17,-108,-30,-115,-35,-115,-27,-102,-32,-113,-32,-92,-40,-113,-32,-100,-32,-110,-37,-108,-15,-90,-42,-97,-17,-97,-30,-97,-32,-97,-25,-90,-30,-85,-35,-105,-47,-70,-50,-75,-42,-85,-45,-85,-42,-80,-35,-70,-52,-85,-35,-75,-42,-67,-40,-75,-42,-70,-37,-65,-45,-82,-55,-57,-55,-60,-52,-67,-47,-80,-30,-67,-37,-62,-32,-72,-32,-70,-30,-67,-32,-62,-22,-65,-20,-50,-15,-62,-32,-45,-27,-50,-15,-55,-12,-60,-2,-42,-5,-45,5,-40,2,-37,2,-37,5,-30,2,-32,10,-27,0,0,0,0,0,0,0,0,0,0]"""
1782313078932,2026-06-24T23:57:58.932,warning,bed_exit,yja,bed_exit_failed,t030,"CSI_DATA,335047,1a:00:00:00:00:00,-66,11,-99,18,50,11,-1282203382,47,2,256,0,""[0,0,0,0,0,0,0,0,0,0,0,0,-18,-25,-12,-20,-18,-33,-18,-33,-10,-38,-15,-33,-20,-31,-15,-41,-20,-38,-15,-43,-2,-43,-5,-46,-2,-49,2,-51,7,-51,2,-64,0,-51,10,-67,5,-54,5,-49,18,-49,5,-67,12,-72,28,-56,18,-64,15,-64,25,-59,23,-59,31,-69,25,-59,31,-64,15,-54,18,-64,10,-69,15,-69,7,-80,20,-77,31,-67,25,-74,36,-82,31,-74,31,-85,25,-72,38,-85,15,-72,10,-85,7,-87,5,-95,23,-100,23,-108,38,-90,33,-100,33,-100,33,-105,56,-95,33,-103,41,-108,0,0,0,0,0,0,-95,-64,-105,-72,-85,-49,-95,-64,-108,-64,-77,-69,-93,-85,-85,-62,-80,-85,-80,-49,-90,-49,-90,-54,-100,-51,-95,-54,-67,-67,-82,-56,-80,-59,-74,-69,-67,-62,-87,-59,-72,-43,-69,-72,-64,-43,-69,-43,-69,-51,-80,-41,-80,-49,-54,-62,-67,-59,-67,-54,-62,-64,-56,-56,-62,-69,-49,-56,-51,-67,-46,-49,-54,-54,-54,-51,-59,-49,-54,-54,-46,-62,-23,-62,-31,-59,-20,-67,-10,-56,-15,-56,-7,-46,-2,-54,-7,-36,-10,-46,-5,-43,-5,-38,2,-41,0,-36,12,-31,12,-31,12,-25,0,0,0,0,0,0,0,0,0,0]"""
1782313078942,2026-06-24T23:57:58.942,warning,bed_exit,yja,bed_exit_failed,t030,"CSI_DATA,335048,1a:00:00:00:00:00,-66,11,-99,18,50,11,-1282192140,47,2,256,0,""[0,0,0,0,0,0,0,0,0,0,0,0,5,36,5,28,2,36,2,31,-5,41,-5,33,0,33,-12,43,-7,46,-10,46,-18,46,-18,43,-18,43,-23,43,-23,49,-31,62,-25,46,-28,54,-28,38,-15,41,-31,43,-28,62,-46,64,-41,41,-46,43,-43,49,-49,51,-38,54,-51,59,-33,46,-41,56,-33,41,-28,54,-31,56,-31,59,-36,67,-49,67,-46,59,-49,67,-43,67,-43,69,-49,82,-41,72,-31,72,-36,59,-36,80,-38,80,-31,95,-41,95,-43,95,-46,74,-62,90,-49,95,-51,108,-56,90,-43,87,-46,100,0,0,0,0,0,0,100,59,118,80,74,49,103,59,118,77,85,62,100,69,85,62,87,69,72,54,80,51,87,62,90,56,95,56,74,62,80,67,77,54,77,62,74,49,90,56,74,38,82,54,62,41,69,33,80,41,82,38,87,51,67,43,67,54,72,49,72,54,72,43,77,59,62,46,69,54,43,41,67,38,59,43,59,43,62,51,51,56,36,51,36,59,38,56,33,49,38,49,23,46,28,41,15,41,25,41,15,36,15,38,12,36,2,36,-2,25,-5,33,-7,28,0,0,0,0,0,0,0,0,0,0]"""
1782313078954,2026-06-24T23:57:58.954,warning,bed_exit,yja,bed_exit_failed,t030,"CSI_DATA,335049,1a:00:00:00:00:00,-66,11,-99,18,49,11,-1282180033,47,2,256,0,""[0,0,0,0,0,0,0,0,0,0,0,0,-52,-31,-40,-14,130,-55,-8,-43,-11,-20,60,-98,-34,-58,-5,-17,-116,-60,-55,-46,-20,-46,-23,-58,0,-34,-2,-46,-2,-43,17,-29,-5,-55,-2,-60,17,-69,-8,-43,0,-49,-8,-81,2,-75,14,-52,14,-63,8,-60,20,-69,11,-72,20,-72,11,-66,17,-63,17,-49,2,-58,-2,-66,0,-72,-2,-84,8,-78,26,-63,17,-75,29,-81,17,-81,23,-84,20,-81,17,-81,14,-69,-8,-78,0,-87,-8,-104,14,-107,14,-98,37,-78,40,-110,31,-110,17,-104,49,-101,23,-104,31,-110,0,0,0,0,0,0,-110,-40,-118,-60,-89,-40,-104,-43,-118,-60,-92,-63,-89,-63,-92,-60,-92,-75,-78,-52,-84,-34,-95,-40,-110,-46,-95,-55,-66,-58,-87,-63,-72,-58,-72,-69,-81,-60,-81,-60,-81,-52,-72,-66,-55,-46,-69,-40,-81,-40,-87,-46,-78,-55,-49,-63,-63,-72,-66,-55,-63,-72,-60,-63,-55,-66,-55,-63,-58,-58,-37,-49,-52,-49,-55,-52,-52,-55,-58,-69,-40,-60,-17,-66,-20,-66,-14,-69,-14,-66,-11,-60,-2,-52,-2,-52,-2,-37,-5,-40,-5,-40,-8,-46,2,-43,14,-40,17,-26,17,-31,20,-23,0,0,0,0,0,0,0,0,0,0]"""
1782313078964,2026-06-24T23:57:58.964,warning,bed_exit,yja,bed_exit_failed,t030,"CSI_DATA,335050,1a:00:00:00:00:00,-66,11,-99,16,50,11,-1282170238,47,2,256,0,""[0,0,0,0,0,0,0,0,0,0,0,0,-8,30,-8,32,-10,30,-13,38,-16,35,-16,30,-8,30,-16,41,-16,43,-24,41,-27,35,-30,35,-27,35,-41,38,-35,43,-43,54,-32,52,-43,46,-41,32,-19,41,-30,43,-35,57,-46,54,-46,30,-52,43,-49,43,-57,49,-46,54,-49,52,-43,49,-38,57,-35,38,-30,52,-32,54,-30,68,-38,71,-43,68,-46,57,-49,65,-52,71,-38,73,-38,79,-38,76,-27,79,-30,68,-19,87,-16,87,-2,101,-19,104,-27,98,-32,76,-49,109,-30,109,-27,106,-43,104,-24,104,-16,115,0,0,0,0,0,0,123,21,128,38,93,24,120,19,125,30,106,27,115,27,104,21,104,24,87,21,93,5,109,10,112,5,109,10,84,27,104,27,93,21,98,24,98,8,101,2,98,0,93,2,73,5,73,-19,90,-10,95,-19,98,-2,76,8,93,8,84,0,95,5,95,-8,90,8,84,-5,82,-5,60,5,71,-13,71,-10,82,-8,87,-13,76,5,62,16,60,16,65,21,68,13,57,16,54,16,54,10,41,8,43,10,38,10,43,10,38,13,35,13,13,21,21,27,16,19,0,0,0,0,0,0,0,0,0,0]"""
1782313078976,2026-06-24T23:57:58.976,warning,bed_exit,yja,bed_exit_failed,t030,"CSI_DATA,335051,1a:00:00:00:00:00,-66,11,-99,20,49,11,-1282159383,47,2,256,0,""[0,0,0,0,0,0,0,0,0,0,0,0,27,-10,32,-19,19,-13,38,-16,27,-19,46,-21,46,-16,35,-5,46,-16,32,-5,52,-13,52,-8,52,-13,46,-10,60,-13,43,-8,65,-19,49,-13,76,-16,60,-13,43,-5,60,-21,54,-2,71,-10,68,-10,71,-5,60,-5,79,-8,52,-21,68,-27,57,-13,84,-32,65,-24,62,-32,68,-30,71,-27,60,-24,71,-38,62,-32,57,-32,71,-38,49,-43,65,-68,71,-52,101,-79,73,-49,68,-73,82,-52,60,-62,68,-65,76,-95,65,-73,82,-84,73,-73,62,-95,84,-104,73,-82,0,0,0,0,0,0,-101,-76,-76,-54,-115,-87,-90,-73,-62,-52,-104,-82,-79,-46,-109,-73,-79,-49,-109,-82,-93,-65,-76,-57,-90,-52,-71,-49,-87,-60,-87,-52,-90,-46,-71,-43,-98,-49,-76,-21,-98,-30,-79,-32,-106,-35,-93,-30,-79,-21,-87,-19,-71,-24,-84,-21,-84,-21,-79,-27,-71,-27,-90,-30,-65,0,-84,-5,-76,-16,-106,-16,-73,-30,-79,-8,-82,-21,-62,-21,-60,-21,-76,-19,-60,-21,-52,-16,-49,-27,-49,-10,-62,-19,-43,-30,-60,-41,-35,-21,-38,-24,-21,-30,-35,-21,-19,-24,-27,-27,-21,-24,-16,-19,0,0,0,0,0,0,0,0,0,0]"""
1782313078986,2026-06-24T23:57:58.986,warning,bed_exit,yja,bed_exit_failed,t030,"CSI_DATA,335052,1a:00:00:00:00:00,-66,11,-99,16,50,11,-1282148377,47,2,256,0,""[0,0,0,0,0,0,0,0,0,0,0,0,-27,-2,-43,-5,-27,0,-46,-8,-32,0,-43,-10,-43,-10,-35,-13,-49,-5,-30,-13,-57,-21,-54,-13,-46,-10,-46,-10,-57,-30,-43,-10,-62,-19,-46,-19,-68,-21,-54,-24,-41,-32,-62,-10,-54,-32,-62,-24,-68,-16,-65,-21,-62,-16,-71,-16,-46,2,-68,-5,-71,-13,-68,-24,-68,-13,-71,-13,-38,-21,-79,-8,-57,-5,-60,-21,-71,8,-65,8,-90,-21,-73,5,-101,24,-49,30,-145,41,-84,2,-73,32,-71,-10,-82,46,-87,41,-79,27,-90,54,-106,60,-79,24,-87,68,-104,71,-112,52,0,0,0,0,0,0,68,106,52,71,87,115,68,101,54,71,71,109,60,65,90,95,62,68,87,101,68,87,65,84,79,79,60,68,79,71,84,62,73,52,71,46,79,65,71,30,93,43,76,43,101,54,79,46,71,46,84,35,68,35,82,30,82,32,79,27,68,24,93,41,62,5,84,19,76,24,95,27,65,32,71,30,68,43,60,27,62,24,71,16,62,16,54,13,57,27,49,10,62,16,43,30,54,35,35,27,38,27,32,32,30,24,27,21,27,24,24,24,19,21,0,0,0,0,0,0,0,0,0,0]"""
1782313078998,2026-06-24T23:57:58.998,warning,bed_exit,yja,bed_exit_failed,t030,"CSI_DATA,335053,1a:00:00:00:00:00,-66,11,-99,21,49,11,-1282135247,47,2,256,0,""[0,0,0,0,0,0,0,0,0,0,0,0,-7,-31,-2,-37,-5,-31,-5,-42,-7,-34,5,-45,10,-47,5,-31,5,-47,10,-42,7,-55,7,-53,5,-53,5,-53,10,-58,7,-42,10,-61,10,-53,10,-69,13,-69,18,-50,13,-66,29,-55,13,-71,13,-71,7,-61,13,-61,23,-66,-2,-63,2,-74,10,-66,5,-87,10,-71,2,-74,10,-74,5,-66,-2,-69,-23,-79,-15,-71,-10,-69,-5,-79,-29,-61,-37,-77,-34,-93,-39,-106,-10,-90,-34,-87,-10,-95,-29,-90,-47,-98,-69,-98,-58,-77,-47,-93,-53,-95,-79,-90,-58,-103,-58,-103,0,0,0,0,0,0,-106,63,-85,71,-106,87,-101,61,-74,47,-93,71,-71,69,-93,79,-77,69,-101,69,-95,71,-90,47,-74,61,-77,55,-63,82,-61,77,-61,77,-45,71,-69,79,-29,66,-47,79,-50,79,-58,93,-61,82,-58,77,-42,74,-47,69,-31,90,-29,85,-34,71,-34,66,-47,74,-21,74,-21,85,-29,79,-39,95,-50,69,-34,71,-47,69,-31,53,-26,58,-18,74,-26,63,-18,50,-37,50,-26,47,-26,55,-31,42,-42,47,-29,29,-31,31,-45,18,-29,21,-29,21,-34,26,-29,21,-26,15,0,0,0,0,0,0,0,0,0,0]"""
1782313079009,2026-06-24T23:57:59.009,warning,bed_exit,yja,bed_exit_failed,t030,"CSI_DATA,335054,1a:00:00:00:00:00,-66,11,-99,15,50,11,-1282126264,47,2,256,0,""[0,0,0,0,0,0,0,0,0,0,0,0,-16,-31,-11,-33,-14,-33,-11,-39,-8,-39,-8,-39,-5,-39,2,-39,-5,-53,5,-47,0,-45,2,-50,8,-53,8,-56,14,-64,0,-59,-2,-59,8,-62,16,-56,19,-64,25,-59,16,-67,22,-64,19,-64,19,-64,16,-64,25,-67,22,-70,8,-76,5,-73,5,-67,11,-78,14,-70,14,-70,19,-76,2,-73,8,-78,-2,-76,2,-76,-2,-78,2,-84,-19,-84,-25,-87,-11,-95,-14,-90,-11,-84,-14,-90,-5,-101,-19,-98,-14,-104,-31,-104,-36,-107,-36,-112,-31,-107,-33,-104,-25,-115,-28,-112,0,0,0,0,0,0,-121,19,-121,25,-112,22,-115,28,-115,33,-118,31,-104,36,-104,33,-107,28,-101,28,-98,31,-101,22,-98,39,-101,19,-98,36,-93,36,-95,31,-93,36,-98,33,-81,50,-76,56,-84,45,-81,39,-76,45,-81,28,-78,50,-76,39,-73,42,-76,36,-73,45,-76,45,-76,39,-64,50,-64,50,-70,47,-70,39,-67,33,-70,31,-73,28,-67,31,-67,25,-59,31,-62,25,-59,25,-62,14,-50,28,-50,22,-56,8,-50,8,-42,0,-42,2,-45,-2,-39,-2,-36,-8,-31,-8,-31,-8,-28,-5,0,0,0,0,0,0,0,0,0,0]"""
1782313079019,2026-06-24T23:57:59.019,warning,bed_exit,yja,bed_exit_failed,t030,"CSI_DATA,335055,1a:00:00:00:00:00,-66,11,-99,17,50,11,-1282115317,47,2,256,0,""[0,0,0,0,0,0,0,0,0,0,0,0,18,-31,15,-29,29,-31,26,-21,37,-23,23,-21,26,-23,29,-31,37,-26,45,-31,42,-18,45,-21,45,-21,55,-15,55,-15,66,-15,53,-13,63,-2,53,-2,50,-7,69,2,66,-7,74,-7,66,2,69,0,63,0,71,5,63,0,87,18,66,13,66,13,53,10,74,-5,69,2,71,-7,85,-5,82,0,74,13,85,10,95,13,90,2,87,21,77,15,87,7,58,-2,93,-7,85,-2,95,-26,114,7,109,-5,82,21,103,23,106,18,111,5,106,31,103,10,119,18,0,0,0,0,0,0,34,-119,42,-133,23,-93,34,-109,45,-122,39,-93,55,-119,45,-95,61,-109,31,-82,21,-85,23,-103,31,-101,31,-114,39,-77,34,-90,45,-93,50,-90,37,-82,45,-101,31,-85,42,-87,29,-69,26,-79,34,-90,34,-85,26,-93,39,-71,39,-77,31,-77,50,-77,34,-69,66,-77,47,-66,47,-69,39,-45,34,-61,39,-63,37,-71,50,-63,53,-50,55,-34,58,-42,61,-37,50,-34,61,-23,53,-15,50,-18,31,-10,42,-23,37,-13,42,-15,42,-2,39,-5,29,13,31,10,29,13,0,0,0,0,0,0,0,0,0,0]"""
1782313079031,2026-06-24T23:57:59.031,warning,bed_exit,yja,bed_exit_failed,t030,"CSI_DATA,335057,1a:00:00:00:00:00,-66,11,-99,16,50,11,-1282093026,47,2,256,0,""[0,0,0,0,0,0,0,0,0,0,0,0,13,19,19,27,10,27,19,38,19,24,19,38,13,43,13,35,13,38,5,38,13,49,16,46,10,52,8,43,5,60,2,38,8,62,8,46,5,79,-10,65,-13,54,-2,60,-2,49,0,73,2,68,2,65,2,57,-5,71,-2,54,-2,84,2,57,-2,93,-5,73,-2,73,0,79,-2,65,13,57,16,79,8,79,8,68,8,87,21,60,24,90,13,82,27,117,13,95,27,90,16,90,13,87,21,90,38,115,38,79,35,98,27,98,32,109,41,128,27,115,0,0,0,0,0,0,125,-27,90,-24,145,-32,112,-16,71,-21,123,-30,93,-19,128,-27,87,-24,128,-27,109,-19,93,-21,87,-19,84,-16,95,-41,95,-41,93,-32,84,-32,101,-32,65,-24,93,-38,62,-27,112,-41,98,-30,79,-32,90,-19,62,-24,82,-43,76,-46,68,-38,68,-27,87,-32,62,-27,82,-38,65,-24,106,-35,82,-16,79,-21,84,-21,65,-8,57,-16,76,-27,62,-16,54,-13,68,-5,49,-13,62,-5,49,5,68,5,41,13,43,8,38,16,35,10,30,13,35,10,27,8,24,16,0,0,0,0,0,0,0,0,0,0]"""
1782313079042,2026-06-24T23:57:59.042,warning,bed_exit,yja,bed_exit_failed,t030,"CSI_DATA,335058,1a:00:00:00:00:00,-66,11,-99,16,50,11,-1282082383,47,2,256,0,""[0,0,0,0,0,0,0,0,0,0,0,0,-2,32,-5,24,-10,38,-5,24,-19,32,-10,35,-21,35,-16,38,-13,32,-13,43,-21,41,-21,41,-19,43,-27,38,-19,27,-41,60,-30,35,-52,43,-41,41,-30,41,-38,41,-41,43,-41,57,-41,46,-38,46,-43,52,-49,49,-38,41,-54,52,-41,41,-52,60,-32,43,-43,62,-41,57,-30,62,-38,62,-43,71,-46,65,-38,68,-38,76,-27,60,-57,84,-49,62,-32,82,-30,65,-35,98,-41,84,-19,90,-32,90,-32,104,-43,87,-46,93,-32,87,-46,120,-41,98,-30,87,-32,112,0,0,0,0,0,0,98,32,123,46,90,27,104,49,128,46,84,38,125,52,84,35,112,49,95,35,98,38,115,27,93,30,112,16,95,27,93,19,104,19,87,19,79,8,112,27,82,16,104,24,73,2,98,5,101,5,82,10,104,2,87,8,79,2,90,2,90,8,68,-2,101,13,71,13,90,16,60,10,87,2,79,13,73,2,68,8,76,16,68,24,68,27,65,21,52,16,60,35,41,27,54,24,27,19,46,27,41,27,41,19,30,27,27,27,24,27,13,27,10,24,0,0,0,0,0,0,0,0,0,0]"""
1782313079057,2026-06-24T23:57:59.057,warning,bed_exit,yja,bed_exit_failed,t030,"CSI_DATA,335059,1a:00:00:00:00:00,-66,11,-99,16,50,11,-1282067116,47,2,256,0,""[0,0,0,0,0,0,0,0,0,0,0,0,30,10,21,13,30,16,27,13,30,13,21,24,32,27,30,30,24,27,32,30,35,35,30,32,27,35,27,38,24,30,27,57,24,46,27,52,16,49,35,49,32,46,19,54,24,65,21,60,13,57,16,62,19,62,16,52,13,71,13,62,24,73,13,57,30,73,19,65,27,62,16,68,24,76,16,82,24,79,27,76,35,62,21,93,27,76,38,79,24,76,49,98,30,90,49,82,32,87,41,95,32,93,19,98,38,98,35,123,32,106,27,93,41,109,0,0,0,0,0,0,95,-24,120,-38,101,-32,115,-41,128,-27,104,-32,128,-24,95,-19,115,-19,106,-10,112,-21,112,-27,98,-13,106,-21,106,-16,98,-13,98,-13,93,-10,73,-19,115,-13,87,-10,98,-27,84,-16,87,-21,90,-35,79,-8,101,-27,87,-21,79,-10,93,-16,90,-13,71,-21,101,0,73,0,93,-16,71,0,87,-8,76,-5,76,0,73,2,79,10,71,16,68,21,62,16,57,13,60,30,52,24,54,19,38,27,46,24,41,24,35,27,21,30,24,32,21,27,13,24,10,27,0,0,0,0,0,0,0,0,0,0]"""
1782313079067,2026-06-24T23:57:59.067,warning,bed_exit,yja,bed_exit_failed,t030,"CSI_DATA,335060,1a:00:00:00:00:00,-66,11,-99,15,50,11,-1282060383,47,2,256,0,""[0,0,0,0,0,0,0,0,0,0,0,0,16,-5,33,-8,19,-2,36,-2,25,-2,50,-5,42,5,33,2,36,0,28,8,47,5,47,8,45,11,45,16,59,19,33,11,53,14,42,8,67,33,62,42,53,31,47,36,36,25,62,31,53,33,50,33,50,31,59,39,42,25,62,39,50,22,84,53,59,45,59,39,59,47,56,31,56,28,73,36,64,36,53,36,73,47,67,14,95,31,64,39,121,64,73,42,87,42,81,56,76,42,76,42,115,53,95,36,109,50,84,42,107,47,115,73,90,53,0,0,0,0,0,0,76,-95,50,-70,95,-129,67,-90,47,-62,84,-109,53,-67,87,-107,50,-67,101,-112,81,-87,70,-67,59,-76,59,-50,67,-93,67,-81,64,-76,59,-62,76,-81,39,-53,62,-87,42,-62,81,-95,70,-73,56,-64,59,-64,47,-50,59,-78,62,-70,50,-64,53,-53,67,-70,33,-53,62,-73,47,-50,84,-84,70,-47,67,-47,73,-39,62,-33,47,-28,64,-47,56,-31,50,-22,64,-25,36,-25,67,-25,42,-11,81,-14,50,5,47,-5,45,11,33,2,33,8,36,8,31,11,31,14,0,0,0,0,0,0,0,0,0,0]"""
1782313079078,2026-06-24T23:57:59.078,warning,bed_exit,yja,bed_exit_failed,t030,"CSI_DATA,335061,1a:00:00:00:00:00,-65,11,-99,19,49,11,-1282046103,47,2,256,0,""[0,0,0,0,0,0,0,0,0,0,0,0,16,22,19,28,16,28,14,28,14,36,16,33,19,31,19,42,25,39,19,42,8,47,11,45,14,47,8,53,11,50,11,56,5,56,0,62,5,47,14,59,2,70,14,56,8,64,-2,62,2,64,5,64,0,70,-5,70,-8,70,0,59,-28,64,-5,67,8,64,33,73,8,67,8,98,-5,93,-8,64,14,47,-5,104,0,56,36,104,14,87,25,101,50,62,28,67,56,62,25,107,36,115,25,129,14,98,2,98,25,101,33,101,-14,107,28,95,22,109,0,0,0,0,0,0,118,-14,132,-2,107,-2,124,-5,140,-2,112,14,118,2,104,-2,124,8,98,-14,104,-22,109,-22,118,-28,109,-25,98,5,101,-8,98,-11,101,0,98,0,107,-5,93,-11,109,0,73,-16,90,-22,90,-19,95,-33,98,-28,90,-5,93,-14,93,-14,98,-8,87,-5,93,-11,78,-2,93,2,70,-8,78,-14,78,-14,78,-14,78,-8,76,2,70,19,70,5,70,19,64,19,67,19,50,16,50,28,39,14,47,22,47,19,42,16,42,19,28,28,19,19,28,31,11,31,0,0,0,0,0,0,0,0,0,0]"""
1782313079093,2026-06-24T23:57:59.093,warning,bed_exit,yja,bed_exit_failed,t030,"CSI_DATA,335062,1a:00:00:00:00:00,-65,11,-99,20,49,11,-1282032617,47,2,256,0,""[0,0,0,0,0,0,0,0,0,0,0,0,-30,10,-27,8,-35,2,-32,0,-32,0,-32,0,-35,-2,-43,-5,-35,-10,-52,-8,-41,-13,-41,-13,-41,-19,-49,-21,-41,-21,-60,-24,-52,-16,-60,-30,-43,-24,-43,-32,-54,-41,-41,-30,-68,-38,-49,-30,-49,-41,-54,-32,-57,-35,-49,-27,-65,-49,-54,-38,-62,-32,-38,-35,-57,-27,-57,-41,-65,-41,-76,-38,-71,-49,-60,-35,-73,-46,-84,-49,-73,-35,-79,-49,-68,-43,-87,-30,-57,-27,-93,-24,-82,-43,-104,-16,-98,-52,-95,-46,-76,-43,-98,-49,-95,-43,-115,-41,-98,-52,-90,-54,-106,-43,0,0,0,0,0,0,-57,98,-68,120,-46,79,-52,106,-65,125,-46,93,-71,115,-57,93,-68,101,-49,84,-49,79,-52,104,-57,87,-60,106,-46,82,-52,79,-52,84,-54,90,-41,76,-52,98,-32,79,-41,98,-38,71,-38,73,-41,93,-43,84,-43,104,-35,73,-52,82,-43,79,-46,84,-35,71,-54,93,-43,68,-35,79,-38,49,-41,82,-52,60,-43,71,-46,71,-57,60,-49,52,-57,46,-57,52,-52,46,-57,38,-46,27,-46,35,-30,19,-43,24,-41,13,-38,21,-49,10,-41,8,-35,5,-32,2,-30,-5,0,0,0,0,0,0,0,0,0,0]"""
1782313079103,2026-06-24T23:57:59.103,warning,bed_exit,yja,bed_exit_failed,t030,"CSI_DATA,335063,1a:00:00:00:00:00,-65,11,-99,17,49,11,-1282026530,47,2,256,0,""[0,0,0,0,0,0,0,0,0,0,0,0,86,50,92,92,-14,104,-47,-8,11,59,-80,71,-53,41,29,32,-92,50,-62,17,-50,8,-26,11,-35,26,-20,29,-8,26,-8,32,-23,32,-50,44,-8,32,-35,47,-50,47,-32,53,-50,59,-59,38,-47,44,-47,47,-50,44,-47,44,-68,44,-62,35,-59,35,-44,32,-47,50,-47,50,-44,53,-50,62,-56,53,-62,41,-50,56,-71,50,-65,53,-65,56,-62,44,-71,56,-41,56,-56,71,-53,74,-53,89,-68,83,-71,83,-71,59,-77,80,-77,71,-83,92,-98,65,-71,74,-86,80,0,0,0,0,0,0,62,101,68,119,53,83,53,110,77,110,38,98,53,125,50,92,35,113,50,77,56,80,65,86,68,86,68,95,47,89,59,83,53,80,47,95,38,83,59,92,47,77,41,98,35,62,47,65,56,74,56,74,68,80,32,80,50,77,59,74,41,83,41,71,41,89,26,74,29,83,29,56,32,68,26,71,38,68,32,74,26,74,8,65,20,71,5,71,2,62,-11,71,-5,53,-14,56,-2,41,-5,47,-8,44,0,44,-17,44,-14,41,-20,20,-17,29,-23,26,0,0,0,0,0,0,0,0,0,0]"""
1782313079115,2026-06-24T23:57:59.115,warning,bed_exit,yja,bed_exit_failed,t030,"CSI_DATA,335064,1a:00:00:00:00:00,-66,11,-99,17,50,11,-1282011634,47,2,256,0,""[0,0,0,0,0,0,0,0,0,0,0,0,-26,-7,-26,-10,-26,-15,-26,-15,-23,-15,-37,-21,-37,-29,-31,-23,-23,-26,-29,-29,-39,-29,-37,-23,-34,-29,-34,-29,-31,-37,-31,-47,-31,-45,-37,-47,-29,-47,-34,-50,-29,-37,-23,-50,-34,-50,-37,-55,-34,-50,-34,-55,-31,-55,-31,-50,-31,-58,-34,-53,-37,-55,-39,-63,-37,-66,-37,-55,-39,-50,-34,-61,-47,-63,-53,-63,-53,-53,-53,-47,-47,-50,-55,-63,-58,-61,-61,-55,-69,-71,-74,-85,-66,-74,-66,-66,-63,-69,-79,-63,-87,-69,-79,-58,-77,-66,-87,-87,-90,-74,-85,-74,-85,-85,0,0,0,0,0,0,-74,79,-69,85,-85,90,-87,82,-79,74,-85,82,-85,79,-74,79,-69,87,-87,85,-90,82,-82,82,-79,63,-61,79,-71,87,-61,74,-50,77,-53,69,-45,69,-63,74,-58,77,-50,77,-61,79,-66,79,-55,71,-53,58,-50,79,-45,85,-42,74,-45,79,-45,69,-39,66,-53,69,-42,69,-42,71,-55,69,-58,71,-50,58,-50,58,-55,53,-47,50,-50,61,-47,42,-42,47,-47,39,-47,34,-53,34,-45,34,-47,29,-50,21,-39,18,-42,15,-34,7,-37,10,-39,7,-29,5,-34,0,0,0,0,0,0,0,0,0,0,0]"""
1782313079126,2026-06-24T23:57:59.126,warning,bed_exit,yja,bed_exit_failed,t030,"CSI_DATA,335065,1a:00:00:00:00:00,-66,11,-99,18,50,11,-1282004890,47,2,256,0,""[0,0,0,0,0,0,0,0,0,0,0,0,2,-31,0,-25,7,-33,10,-31,15,-31,5,-28,5,-33,10,-38,10,-41,15,-46,20,-38,20,-43,20,-43,25,-41,25,-36,33,-51,31,-43,43,-41,25,-36,12,-41,25,-51,33,-54,36,-56,38,-33,38,-51,41,-51,46,-49,41,-46,54,-51,43,-41,56,-49,28,-38,31,-51,28,-54,28,-59,38,-69,41,-72,49,-56,36,-74,43,-67,38,-64,54,-77,49,-67,49,-72,33,-59,28,-87,33,-82,18,-100,33,-100,31,-103,46,-74,51,-103,43,-95,43,-116,64,-87,41,-98,41,-98,0,0,0,0,0,0,-95,-51,-118,-72,-80,-46,-98,-59,-124,-69,-82,-62,-108,-69,-85,-49,-95,-69,-82,-41,-87,-36,-105,-38,-103,-36,-111,-33,-80,-51,-95,-31,-90,-36,-90,-46,-82,-33,-100,-43,-82,-31,-93,-49,-72,-20,-74,-18,-87,-20,-93,-18,-103,-12,-77,-36,-85,-20,-87,-15,-90,-36,-80,-23,-90,-38,-72,-33,-77,-36,-56,-15,-72,-15,-72,-18,-77,-12,-77,-25,-74,-28,-49,-33,-62,-28,-56,-41,-56,-36,-51,-43,-41,-38,-38,-36,-28,-25,-41,-25,-31,-31,-33,-23,-28,-33,-23,-33,-12,-31,-10,-25,-5,-25,0,0,0,0,0,0,0,0,0,0]"""
1782313079136,2026-06-24T23:57:59.136,warning,bed_exit,yja,bed_exit_failed,t030,"CSI_DATA,335066,1a:00:00:00:00:00,-66,11,-99,18,50,11,-1281993083,47,2,256,0,""[0,0,0,0,0,0,0,0,0,0,0,0,23,12,25,10,28,20,20,20,25,20,15,15,20,18,20,33,20,31,36,38,25,31,18,38,20,41,25,54,23,43,15,59,15,43,10,51,10,43,20,43,23,62,7,56,12,62,7,51,7,64,5,59,2,69,7,56,0,80,2,67,2,67,0,54,15,62,5,69,12,72,7,77,5,77,-5,69,2,85,7,90,20,80,0,90,-2,77,20,82,2,56,12,85,0,74,31,93,10,116,10,100,5,85,-2,108,-5,100,5,111,-2,113,-5,103,5,121,0,0,0,0,0,0,124,2,137,15,95,10,100,10,139,12,95,18,126,23,100,12,121,31,85,23,95,15,111,18,100,25,118,15,87,20,93,20,95,23,98,20,85,7,108,31,90,20,100,23,77,18,77,15,100,20,90,18,103,20,72,25,80,28,85,18,85,25,80,18,95,38,74,33,77,28,54,25,77,25,72,41,67,20,82,38,72,36,43,41,54,51,59,41,49,41,43,59,36,43,41,41,18,28,33,43,20,38,28,36,18,41,10,41,0,31,2,33,0,33,0,0,0,0,0,0,0,0,0,0]"""
1782313079147,2026-06-24T23:57:59.147,warning,bed_exit,yja,bed_exit_failed,t030,"CSI_DATA,335067,1a:00:00:00:00:00,-66,11,-99,19,50,11,-1281980992,47,2,256,0,""[0,0,0,0,0,0,0,0,0,0,0,0,-12,-27,-5,-22,-10,-32,-7,-27,-2,-32,0,-32,0,-32,5,-42,7,-35,5,-40,10,-37,12,-40,17,-37,20,-42,15,-40,30,-55,25,-40,30,-45,30,-30,22,-32,37,-35,37,-42,47,-50,45,-37,45,-42,52,-42,47,-47,40,-40,65,-37,50,-32,57,-40,40,-20,45,-37,55,-35,47,-45,65,-50,75,-32,65,-32,65,-35,67,-50,62,-45,80,-37,72,-27,62,-50,45,-32,80,-55,87,-27,82,-52,95,-37,85,-42,75,-22,97,-37,102,-35,102,-35,100,-40,90,-17,113,-37,0,0,0,0,0,0,-20,-113,-15,-130,-10,-90,-7,-118,-7,-143,-2,-97,5,-128,-5,-97,7,-113,12,-92,5,-90,7,-115,10,-105,2,-115,7,-85,17,-100,12,-92,15,-95,7,-85,22,-118,15,-85,17,-105,17,-72,17,-77,20,-82,22,-82,17,-108,22,-75,22,-80,22,-80,27,-85,22,-77,50,-87,32,-70,37,-77,40,-52,35,-72,47,-67,47,-65,60,-62,55,-62,52,-42,57,-50,62,-45,52,-37,62,-27,52,-20,50,-25,32,-7,47,-15,50,-2,42,-10,47,-7,40,0,32,2,37,10,30,10,0,0,0,0,0,0,0,0,0,0]"""
1782313079157,2026-06-24T23:57:59.157,warning,bed_exit,yja,bed_exit_failed,t030,"CSI_DATA,335068,1a:00:00:00:00:00,-66,11,-99,21,49,11,-1281972318,47,2,256,0,""[0,0,0,0,0,0,0,0,0,0,0,0,23,-5,26,-2,23,5,34,10,23,2,45,10,34,10,34,10,31,10,31,13,42,13,37,21,29,21,31,18,39,29,29,26,45,34,39,21,50,45,37,55,34,45,29,42,34,34,37,47,39,42,45,37,37,42,45,47,29,42,47,58,34,39,47,63,37,55,45,50,39,55,39,47,42,42,58,47,50,53,45,45,53,55,50,42,63,63,55,58,79,74,58,63,69,61,63,66,55,61,66,63,77,71,69,63,82,74,61,71,74,82,77,90,63,85,0,0,0,0,0,0,98,-63,74,-50,117,-79,90,-61,66,-53,111,-74,74,-47,114,-63,77,-45,117,-66,101,-53,82,-55,85,-50,79,-39,87,-58,85,-55,79,-53,77,-45,90,-47,69,-47,87,-58,69,-47,95,-61,87,-47,71,-50,71,-42,61,-45,79,-58,74,-58,66,-45,69,-39,82,-50,66,-34,87,-45,61,-37,103,-45,79,-23,79,-29,87,-26,61,-18,63,-21,71,-18,66,-15,55,-10,69,-5,50,-5,69,-7,47,0,66,5,47,7,45,2,47,13,31,15,37,10,37,21,31,13,26,13,0,0,0,0,0,0,0,0,0,0]"""
1782313079168,2026-06-24T23:57:59.168,warning,bed_exit,yja,bed_exit_failed,t030,"CSI_DATA,335069,1a:00:00:00:00:00,-66,11,-99,16,50,11,-1281958263,47,2,256,0,""[0,0,0,0,0,0,0,0,0,0,0,0,2,24,2,21,-2,27,-5,30,-2,30,-10,30,-13,27,-13,38,-13,30,-21,32,-19,41,-21,38,-27,32,-24,35,-21,30,-35,41,-27,38,-32,43,-35,24,-30,43,-30,46,-43,30,-46,41,-43,35,-41,27,-46,38,-46,35,-35,38,-54,38,-46,32,-43,46,-49,30,-49,46,-52,35,-46,46,-49,49,-60,46,-52,52,-57,43,-57,52,-46,54,-62,60,-52,52,-54,65,-52,52,-57,76,-68,65,-54,73,-60,68,-71,68,-71,62,-71,65,-60,68,-79,87,-76,73,-76,57,-84,79,0,0,0,0,0,0,71,76,87,87,65,76,93,76,87,101,71,71,82,101,60,76,73,87,60,79,68,79,71,84,60,79,68,84,65,73,57,73,54,87,62,76,54,60,68,79,60,62,76,68,52,62,62,65,73,68,54,62,68,65,62,65,49,65,60,68,60,65,54,49,60,71,49,60,57,54,41,65,60,68,43,68,46,62,38,62,35,68,32,62,21,65,27,62,27,57,19,62,19,52,21,60,10,46,16,54,0,46,10,46,-2,43,2,43,-10,38,-8,32,-8,32,0,0,0,0,0,0,0,0,0,0]"""
1782313079179,2026-06-24T23:57:59.179,warning,bed_exit,yja,bed_exit_failed,t030,"CSI_DATA,335070,1a:00:00:00:00:00,-66,11,-99,19,50,11,-1281948574,47,2,256,0,""[0,0,0,0,0,0,0,0,0,0,0,0,0,-20,-2,-25,-2,-25,0,-25,2,-27,2,-32,2,-30,7,-37,5,-37,5,-30,15,-40,10,-37,10,-37,12,-37,15,-45,7,-45,12,-45,17,-47,7,-50,12,-42,20,-47,5,-57,12,-52,25,-50,17,-50,12,-55,17,-57,17,-60,10,-57,10,-55,17,-60,12,-57,0,-62,-5,-62,0,-65,-7,-70,-10,-67,5,-72,-10,-67,-7,-75,-7,-70,-25,-80,-22,-85,-15,-80,-22,-72,-32,-70,-40,-77,-42,-87,-45,-80,-50,-87,-40,-85,-47,-92,-47,-97,-55,-95,-55,-97,-55,-85,-60,-90,0,0,0,0,0,0,-100,62,-110,57,-90,55,-105,70,-100,70,-97,60,-90,65,-87,65,-90,62,-85,67,-77,72,-80,67,-70,82,-70,77,-80,60,-67,70,-65,70,-70,65,-60,70,-47,85,-50,77,-62,72,-42,72,-37,75,-35,75,-30,85,-37,77,-47,75,-40,82,-35,77,-35,87,-35,85,-27,82,-30,80,-30,75,-22,72,-25,77,-25,75,-22,72,-20,77,-27,72,-35,70,-30,60,-35,62,-30,60,-27,57,-27,50,-30,50,-25,47,-25,40,-20,37,-20,37,-22,37,-22,27,-27,25,-25,25,-22,20,0,0,0,0,0,0,0,0,0,0]"""
1782313079190,2026-06-24T23:57:59.190,warning,bed_exit,yja,bed_exit_failed,t030,"CSI_DATA,335071,1a:00:00:00:00:00,-66,11,-99,6,50,11,-1281934734,47,2,256,0,""[0,0,0,0,0,0,0,0,0,0,0,0,3,-14,7,-14,10,-25,7,-25,10,-29,18,-29,14,-21,18,-32,18,-29,14,-43,21,-32,18,-29,18,-36,18,-32,18,-36,25,-47,25,-32,29,-43,29,-40,29,-36,29,-47,29,-36,32,-43,29,-51,29,-47,32,-47,32,-54,18,-43,29,-58,25,-51,25,-62,18,-51,14,-65,18,-58,10,-62,18,-58,18,-69,10,-73,14,-69,7,-69,0,-62,7,-87,10,-80,-14,-80,0,-80,-14,-102,-7,-91,-18,-87,-10,-83,-18,-94,-10,-98,-7,-94,-18,-98,-21,-120,-21,-102,-29,-94,-47,-109,0,0,0,0,0,0,-87,40,-116,51,-94,40,-105,51,-116,47,-91,43,-109,51,-91,47,-102,58,-87,36,-94,51,-94,62,-87,51,-87,62,-80,65,-83,47,-80,58,-73,62,-54,58,-80,69,-62,54,-58,76,-54,65,-51,80,-51,76,-47,69,-58,76,-40,80,-47,69,-47,80,-40,80,-29,69,-51,80,-43,69,-32,76,-36,62,-32,80,-36,65,-32,65,-32,62,-36,62,-43,62,-40,54,-36,62,-25,54,-36,54,-32,40,-21,51,-29,36,-36,43,-29,36,-32,40,-29,25,-25,40,-25,21,-25,18,-25,18,0,0,0,0,0,0,0,0,0,0]"""
1782313079202,2026-06-24T23:57:59.202,warning,bed_exit,yja,bed_exit_failed,t030,"CSI_DATA,335072,1a:00:00:00:00:00,-66,11,-99,17,50,11,-1281925877,47,2,256,0,""[0,0,0,0,0,0,0,0,0,0,0,0,-23,2,-21,0,-31,-2,-21,-5,-34,-5,-23,-7,-21,-7,-37,-10,-29,-10,-37,-18,-31,-23,-29,-23,-31,-23,-29,-26,-29,-21,-37,-42,-26,-29,-37,-37,-31,-29,-31,-42,-39,-53,-26,-39,-39,-53,-31,-45,-29,-47,-26,-47,-26,-53,-23,-42,-34,-63,-26,-50,-29,-55,-15,-45,-34,-50,-29,-61,-34,-55,-29,-58,-26,-71,-18,-66,-23,-71,-29,-74,-34,-55,-23,-85,-23,-71,-47,-74,-21,-58,-45,-79,-26,-82,-42,-79,-39,-87,-37,-95,-26,-90,-18,-90,-26,-90,-29,-122,-26,-109,-15,-95,-39,-106,0,0,0,0,0,0,-106,15,-133,26,-95,13,-114,15,-127,5,-93,10,-135,10,-95,5,-125,2,-90,-7,-98,0,-109,0,-98,-7,-119,2,-93,-7,-93,-10,-95,-15,-95,-5,-77,2,-111,-13,-82,-5,-103,-7,-77,-5,-90,-5,-98,2,-85,-5,-103,-7,-90,-10,-82,-18,-87,-23,-87,-18,-71,-10,-93,-23,-79,-15,-82,-18,-63,-21,-82,-18,-79,-29,-79,-21,-66,-34,-71,-42,-58,-42,-50,-45,-53,-42,-45,-31,-45,-50,-37,-42,-45,-37,-23,-31,-31,-45,-23,-42,-29,-39,-15,-37,-21,-37,-13,-39,0,-31,-7,-31,0,0,0,0,0,0,0,0,0,0]"""
1782313079213,2026-06-24T23:57:59.213,warning,bed_exit,yja,bed_exit_failed,t030,"CSI_DATA,335073,1a:00:00:00:00:00,-66,11,-99,18,50,11,-1281917358,47,2,256,0,""[0,0,0,0,0,0,0,0,0,0,0,0,-2,23,-5,25,-2,25,-7,28,-5,25,-15,31,-15,25,-18,28,-18,25,-20,31,-28,28,-33,25,-28,28,-31,25,-31,25,-43,15,-46,23,-43,20,-49,15,-43,23,-41,25,-43,10,-51,12,-56,15,-51,15,-56,2,-54,5,-54,10,-62,0,-64,0,-59,-2,-64,2,-69,2,-67,-2,-64,5,-64,-5,-64,-10,-72,-12,-69,-7,-69,-7,-77,-2,-72,-20,-85,-25,-77,-5,-85,-20,-93,-23,-82,-28,-93,-18,-87,-20,-90,-23,-93,-25,-77,-41,-90,-43,-98,-46,-93,-46,-100,-51,-98,-56,0,0,0,0,0,0,-64,93,-67,87,-82,95,-80,85,-77,72,-82,80,-87,74,-87,69,-77,67,-98,67,-90,62,-87,64,-80,43,-82,59,-87,59,-82,49,-87,54,-74,49,-74,43,-87,33,-87,38,-80,41,-93,41,-87,38,-85,46,-77,25,-80,31,-82,36,-82,28,-77,23,-77,23,-82,18,-85,10,-85,7,-74,10,-85,0,-87,7,-77,-2,-80,0,-64,-12,-69,-15,-77,-20,-67,-23,-59,-20,-62,-20,-51,-33,-51,-38,-41,-23,-36,-38,-43,-36,-25,-36,-25,-36,-23,-33,-25,-28,-15,-36,-7,-31,-7,-33,0,0,0,0,0,0,0,0,0,0]"""
1782313079223,2026-06-24T23:57:59.223,warning,bed_exit,yja,bed_exit_failed,t030,"CSI_DATA,335074,1a:00:00:00:00:00,-66,11,-99,17,50,11,-1281906340,47,2,256,0,""[0,0,0,0,0,0,0,0,0,0,0,0,21,-10,26,-13,29,-10,23,-7,34,-10,26,-5,29,-5,34,-2,31,-2,45,-2,34,7,34,10,37,15,45,13,39,7,50,23,42,21,42,21,39,21,50,18,58,23,42,34,47,31,42,34,45,37,37,39,39,42,37,31,50,50,39,42,39,42,37,47,47,37,47,47,47,45,45,47,42,63,34,61,42,69,47,69,55,53,42,77,39,66,63,55,31,50,66,66,42,71,63,69,63,87,61,87,37,87,42,90,39,90,53,103,47,101,45,95,50,103,0,0,0,0,0,0,111,-34,130,-34,95,-26,109,-26,122,-21,98,-10,135,-13,109,-13,125,0,101,5,90,-10,109,-13,101,-2,122,-10,98,5,90,10,93,0,101,7,85,-2,114,13,85,0,98,7,79,7,85,2,106,5,85,5,101,13,85,13,82,21,87,18,82,18,71,13,98,26,77,21,79,23,63,23,82,18,77,31,77,26,69,37,63,47,47,45,50,50,50,53,45,37,42,61,31,50,37,45,18,34,29,45,18,47,26,39,18,45,7,47,2,37,-7,34,-2,29,0,0,0,0,0,0,0,0,0,0]"""
1782313079235,2026-06-24T23:57:59.235,warning,bed_exit,yja,bed_exit_failed,t030,"CSI_DATA,335075,1a:00:00:00:00:00,-66,11,-99,17,50,11,-1281894690,47,2,256,0,""[0,0,0,0,0,0,0,0,0,0,0,0,-2,-29,-2,-23,-2,-26,2,-23,0,-31,0,-26,0,-31,10,-37,5,-37,7,-39,15,-31,15,-37,18,-39,23,-42,15,-37,29,-50,21,-42,29,-45,26,-31,10,-50,21,-53,29,-47,37,-53,45,-37,42,-34,45,-34,50,-37,34,-45,47,-58,42,-37,29,-47,45,-29,47,-58,26,-29,37,-55,23,-66,61,-29,58,-55,31,-55,53,-82,66,-39,61,-45,53,-55,71,-71,31,-71,29,-77,55,-39,34,-87,34,-85,87,-53,74,-71,66,-53,58,-53,82,-74,85,-93,69,-77,66,-85,0,0,0,0,0,0,-66,-87,-77,-109,-39,-71,-79,-85,-71,-117,-47,-93,-63,-109,-53,-77,-55,-103,-47,-79,-58,-82,-58,-87,-66,-87,-58,-95,-34,-90,-34,-90,-39,-90,-39,-87,-39,-85,-61,-95,-47,-71,-55,-85,-29,-61,-45,-61,-47,-79,-53,-74,-50,-90,-34,-82,-34,-82,-37,-79,-37,-82,-39,-69,-39,-93,-31,-71,-42,-82,-21,-63,-39,-69,-29,-69,-34,-71,-29,-71,-13,-82,-5,-66,0,-71,-2,-77,-5,-66,-2,-69,7,-53,-2,-58,5,-42,0,-53,5,-47,5,-47,10,-42,15,-34,15,-26,23,-29,18,-23,0,0,0,0,0,0,0,0,0,0]"""
1782313079245,2026-06-24T23:57:59.245,warning,bed_exit,yja,bed_exit_failed,t030,"CSI_DATA,335076,1a:00:00:00:00:00,-65,11,-99,17,50,11,-1281884384,47,2,256,0,""[0,0,0,0,0,0,0,0,0,0,0,0,7,15,5,26,10,23,5,29,5,26,-2,29,-5,31,-10,31,-7,34,-7,31,-13,39,-13,39,-15,39,-15,42,-23,47,-18,42,-15,45,-29,47,-26,45,-23,37,-23,34,-37,47,-45,37,-39,42,-39,45,-42,42,-47,45,-53,47,-29,47,-34,53,-42,47,-47,50,-47,39,-45,50,-53,47,-50,45,-53,47,-39,53,-42,58,-42,58,-53,55,-39,69,-37,71,-58,66,-63,74,-55,50,-61,66,-79,63,-53,74,-71,74,-53,90,-63,85,-77,79,-74,74,-63,95,-82,87,-77,79,0,0,0,0,0,0,79,93,74,85,77,90,77,98,69,93,63,95,74,79,77,85,66,90,61,95,55,98,34,98,63,95,45,95,53,85,47,85,50,82,55,79,53,87,63,69,63,66,53,82,53,74,45,77,31,71,63,79,39,77,53,69,47,74,45,71,45,79,42,85,53,63,53,61,47,74,45,74,26,74,29,74,23,82,26,77,18,69,29,66,21,69,21,61,2,69,21,58,10,55,5,58,0,61,-7,47,-5,50,-18,45,-10,45,-13,37,-10,37,-10,34,-15,31,0,0,0,0,0,0,0,0,0,0]"""
1782313079255,2026-06-24T23:57:59.255,warning,bed_exit,yja,bed_exit_failed,t030,"CSI_DATA,335077,1a:00:00:00:00:00,-65,11,-99,14,50,11,-1281873082,47,2,256,0,""[0,0,0,0,0,0,0,0,0,0,0,0,-29,0,-26,23,17,-113,-2,14,-14,40,-95,78,-26,55,-23,5,52,14,-5,-11,-31,8,-34,17,-29,55,-29,52,-23,63,5,34,-29,34,-29,37,-52,40,-43,43,-43,29,-26,60,-34,34,-52,43,-49,49,-40,40,-43,34,-58,43,-34,40,-49,52,-46,34,-55,55,-49,46,-43,55,-46,55,-46,55,-34,49,-49,46,-40,63,-49,60,-63,66,-37,58,-52,72,-58,63,-58,81,-46,72,-49,78,-52,72,-49,92,-52,84,-52,95,-52,92,-72,98,-55,87,-60,95,-66,116,-63,98,0,0,0,0,0,0,104,87,84,84,101,84,87,78,81,69,87,92,81,72,98,84,72,78,92,78,87,66,75,69,95,58,69,52,72,63,87,52,72,55,75,58,92,72,72,40,78,52,63,60,87,58,78,43,81,46,92,40,66,37,78,49,81,43,81,40,69,46,89,66,69,37,78,40,60,49,87,55,63,46,72,43,69,46,72,52,58,40,55,52,60,43,55,49,52,58,46,37,43,55,26,46,37,55,29,43,26,40,20,37,26,40,17,31,11,40,11,37,8,43,0,0,0,0,0,0,0,0,0,0]"""
1782313079266,2026-06-24T23:57:59.266,warning,bed_exit,yja,bed_exit_failed,t030,"CSI_DATA,335078,1a:00:00:00:00:00,-65,11,-99,21,49,11,-1281859208,47,2,256,0,""[0,0,0,0,0,0,0,0,0,0,0,0,-7,23,-7,18,-15,23,-10,23,-15,31,-21,29,-18,29,-18,34,-21,26,-21,34,-26,37,-26,31,-23,34,-23,34,-18,29,-34,42,-34,39,-34,45,-37,45,-29,42,-31,42,-23,39,-39,53,-34,58,-31,47,-34,50,-34,53,-26,47,-37,61,-23,55,-26,66,-23,58,-18,74,-21,69,-13,71,-13,63,-18,77,-15,82,-13,77,-2,71,7,58,0,90,2,82,15,85,5,87,23,106,10,95,29,87,26,87,31,103,37,103,26,93,29,85,45,119,42,95,39,90,55,106,0,0,0,0,0,0,93,-66,101,-69,98,-66,101,-77,103,-71,82,-66,98,-85,77,-66,87,-85,87,-71,87,-85,74,-82,69,-66,69,-90,69,-90,55,-77,55,-82,47,-82,29,-69,53,-93,39,-77,34,-98,31,-90,29,-98,18,-95,21,-74,23,-95,18,-101,13,-90,13,-93,7,-87,-5,-71,13,-95,0,-77,-5,-95,5,-82,-7,-93,7,-82,-7,-77,2,-74,2,-85,-2,-79,0,-74,0,-69,-5,-61,2,-74,7,-58,-5,-66,2,-53,0,-63,2,-50,0,-47,5,-42,5,-50,7,-42,7,-34,7,-31,0,0,0,0,0,0,0,0,0,0]"""
1782313079277,2026-06-24T23:57:59.277,warning,bed_exit,yja,bed_exit_failed,t030,"CSI_DATA,335079,1a:00:00:00:00:00,-65,11,-99,19,49,11,-1281849973,47,2,256,0,""[0,0,0,0,0,0,0,0,0,0,0,0,5,-25,2,-28,14,-31,14,-22,14,-31,16,-25,14,-28,25,-33,22,-31,28,-36,28,-33,33,-31,33,-28,39,-28,31,-28,53,-36,47,-28,53,-28,42,-16,36,-31,50,-33,50,-28,64,-33,47,-22,59,-19,62,-25,64,-31,56,-28,76,-22,59,-19,67,-31,50,-16,56,-31,62,-22,59,-36,73,-36,81,-28,70,-25,78,-33,78,-36,70,-39,90,-36,76,-31,67,-50,50,-28,81,-56,84,-33,78,-62,90,-53,95,-50,87,-36,101,-50,93,-50,109,-53,104,-47,93,-45,104,-56,0,0,0,0,0,0,-45,-109,-53,-126,-42,-93,-45,-107,-50,-135,-33,-104,-47,-118,-33,-98,-45,-121,-33,-95,-36,-90,-39,-112,-42,-101,-45,-112,-28,-87,-31,-101,-28,-95,-33,-98,-33,-76,-45,-112,-39,-90,-45,-95,-31,-70,-36,-73,-45,-87,-39,-84,-47,-98,-33,-78,-25,-81,-39,-87,-42,-93,-47,-76,-39,-101,-31,-78,-39,-78,-19,-59,-36,-78,-16,-76,-36,-76,-22,-84,-19,-87,-8,-70,-2,-78,-5,-78,-11,-70,0,-76,8,-59,-5,-59,5,-39,0,-56,11,-50,5,-47,11,-53,16,-45,16,-33,25,-36,22,-31,0,0,0,0,0,0,0,0,0,0]"""
1782313079289,2026-06-24T23:57:59.289,warning,bed_exit,yja,bed_exit_failed,t030,"CSI_DATA,335080,1a:00:00:00:00:00,-65,11,-99,19,49,11,-1281839998,47,2,256,0,""[0,0,0,0,0,0,0,0,0,0,0,0,-16,-19,-22,-19,-19,-22,-19,-19,-22,-22,-19,-33,-16,-33,-16,-36,-14,-25,-25,-33,-25,-33,-19,-39,-25,-36,-28,-36,-22,-39,-22,-53,-19,-45,-28,-47,-31,-56,-25,-62,-31,-64,-22,-45,-31,-56,-42,-56,-33,-53,-31,-53,-28,-50,-28,-50,-33,-59,-39,-50,-33,-56,-45,-64,-45,-56,-45,-56,-45,-53,-39,-50,-50,-56,-64,-53,-62,-47,-62,-42,-59,-36,-64,-56,-70,-53,-76,-42,-78,-50,-93,-50,-84,-50,-84,-47,-84,-42,-95,-33,-104,-33,-87,-33,-90,-33,-115,-42,-104,-28,-101,-28,-115,-39,0,0,0,0,0,0,-25,112,-28,112,-22,124,-28,115,-22,109,-25,121,-14,132,-19,118,-11,109,-22,118,-19,118,-8,109,-11,98,0,109,11,115,14,101,16,112,16,95,19,84,14,101,11,98,25,90,33,101,31,107,33,90,22,73,39,84,47,90,42,81,42,76,42,76,39,73,36,84,47,76,45,81,45,81,50,84,33,78,39,70,22,67,36,70,47,76,39,64,31,62,33,53,25,64,28,56,25,56,22,56,22,62,16,53,14,47,11,42,16,47,11,39,8,36,5,33,0,0,0,0,0,0,0,0,0,0]"""
1782313079300,2026-06-24T23:57:59.300,warning,bed_exit,yja,bed_exit_failed,t030,"CSI_DATA,335081,1a:00:00:00:00:00,-65,11,-99,15,50,11,-1281828080,47,2,256,0,""[0,0,0,0,0,0,0,0,0,0,0,0,-16,-16,-16,-19,-14,-25,-16,-31,-14,-28,-16,-36,-5,-33,-14,-33,-2,-36,-2,-39,-5,-45,-2,-47,8,-47,8,-47,5,-56,11,-50,19,-56,11,-50,22,-59,25,-50,31,-62,25,-50,19,-56,28,-64,31,-56,31,-56,31,-50,28,-47,47,-53,42,-59,36,-53,45,-64,45,-62,47,-59,42,-62,45,-50,45,-53,47,-59,59,-64,47,-56,53,-67,56,-59,56,-67,47,-67,62,-76,62,-81,56,-70,59,-76,73,-70,70,-67,81,-76,76,-67,78,-81,84,-76,98,-73,98,-78,93,-81,0,0,0,0,0,0,-70,-104,-64,-95,-76,-109,-64,-95,-45,-90,-56,-109,-56,-104,-56,-118,-45,-101,-45,-115,-45,-109,-53,-104,-25,-87,-39,-104,-39,-101,-31,-93,-39,-93,-31,-95,-39,-98,-28,-90,-33,-95,-31,-87,-25,-104,-28,-95,-33,-95,-19,-81,-28,-84,-28,-95,-22,-90,-19,-87,-16,-84,-28,-87,-5,-93,-14,-104,-19,-76,-2,-101,-8,-93,0,-87,2,-87,5,-73,8,-78,11,-84,25,-76,19,-67,16,-67,25,-62,33,-64,19,-47,36,-56,28,-56,31,-45,31,-42,31,-33,39,-28,33,-28,33,-14,33,-14,0,0,0,0,0,0,0,0,0,0]"""
1782313079311,2026-06-24T23:57:59.311,warning,bed_exit,yja,bed_exit_failed,t030,"CSI_DATA,335082,1a:00:00:00:00:00,-65,11,-99,16,50,11,-1281818384,47,2,256,0,""[0,0,0,0,0,0,0,0,0,0,0,0,2,-24,5,-32,5,-21,13,-32,8,-21,24,-38,21,-32,24,-27,24,-32,30,-19,38,-32,38,-30,41,-24,38,-16,57,-21,30,-21,49,-24,46,-24,65,-21,68,-5,57,-2,49,-13,49,-2,68,-5,62,0,62,-2,54,2,71,2,49,0,71,-2,65,-2,93,0,71,10,71,5,76,21,65,5,65,5,76,-5,71,5,60,10,82,24,73,-8,98,-10,84,19,128,24,84,21,101,10,95,38,87,16,90,27,117,27,101,19,120,30,101,30,104,30,120,52,106,49,0,0,0,0,0,0,62,-115,43,-82,84,-123,60,-104,49,-68,73,-120,46,-71,79,-109,54,-68,84,-106,82,-87,71,-73,65,-84,71,-46,82,-79,79,-65,76,-60,65,-62,87,-65,43,-57,65,-82,60,-60,93,-73,76,-68,60,-52,71,-62,62,-41,76,-54,76,-54,76,-46,65,-38,90,-49,57,-43,76,-60,68,-46,106,-49,82,-19,79,-32,87,-16,73,-19,65,-10,79,-24,71,-10,57,-2,76,5,54,-13,73,-8,60,10,76,16,49,16,52,13,54,24,38,19,35,19,41,16,32,19,24,27,0,0,0,0,0,0,0,0,0,0]"""
1782313079322,2026-06-24T23:57:59.322,warning,bed_exit,yja,bed_exit_failed,t030,"CSI_DATA,335083,1a:00:00:00:00:00,-65,11,-99,15,50,11,-1281807384,47,2,256,0,""[0,0,0,0,0,0,0,0,0,0,0,0,-8,-19,-19,-31,-11,-19,-14,-31,-11,-22,-14,-42,-16,-39,-11,-33,-16,-39,-2,-33,-8,-39,-5,-47,-2,-45,-8,-47,-5,-67,-14,-36,-5,-59,-14,-50,-11,-62,2,-70,2,-59,-2,-62,0,-56,-2,-70,-5,-70,-5,-62,2,-59,-5,-70,-5,-50,-14,-73,-8,-59,-8,-87,-8,-70,-14,-76,-8,-76,-14,-70,-16,-64,-28,-67,-22,-76,-11,-70,-25,-78,-36,-56,-45,-78,-28,-81,-50,-104,-28,-73,-56,-81,-33,-87,-45,-76,-50,-87,-62,-104,-59,-76,-62,-95,-56,-90,-67,-95,-73,-112,-56,-104,0,0,0,0,0,0,-109,70,-78,56,-121,81,-95,67,-67,50,-104,76,-73,59,-112,84,-73,56,-107,70,-90,76,-78,62,-78,76,-76,50,-78,67,-76,70,-78,70,-70,59,-84,78,-39,62,-56,84,-47,73,-78,90,-62,78,-53,70,-59,78,-50,59,-53,78,-50,76,-47,76,-45,62,-59,87,-28,67,-36,87,-42,70,-62,104,-50,64,-39,78,-56,73,-42,67,-45,56,-39,70,-42,64,-39,56,-47,53,-28,47,-42,59,-45,45,-56,56,-31,33,-36,39,-42,22,-36,31,-36,16,-42,31,-33,22,-36,16,0,0,0,0,0,0,0,0,0,0]"""
1782313079333,2026-06-24T23:57:59.333,warning,bed_exit,yja,bed_exit_failed,t030,"CSI_DATA,335084,1a:00:00:00:00:00,-65,11,-99,21,49,11,-1281796384,47,2,256,0,""[0,0,0,0,0,0,0,0,0,0,0,0,-23,-10,-26,-10,-31,-18,-26,-18,-29,-23,-26,-21,-29,-23,-31,-21,-26,-29,-34,-23,-37,-26,-31,-26,-31,-31,-37,-37,-37,-31,-34,-42,-34,-42,-31,-45,-42,-53,-31,-42,-34,-50,-37,-50,-37,-45,-47,-50,-42,-45,-39,-47,-42,-47,-47,-42,-45,-50,-45,-55,-42,-47,-47,-55,-63,-45,-50,-47,-61,-47,-55,-39,-61,-39,-66,-42,-71,-45,-71,-31,-74,-31,-69,-50,-71,-42,-79,-29,-74,-34,-95,-29,-79,-39,-87,-21,-95,-37,-101,-23,-103,-26,-90,-31,-101,-26,-103,-29,-111,-26,-111,-18,-117,-18,0,0,0,0,0,0,-18,117,-13,122,-10,122,-15,114,-7,111,-13,119,-13,122,-7,119,-10,114,-5,111,-5,109,7,109,-2,101,15,103,13,103,18,95,23,98,18,98,31,90,18,98,21,101,26,87,31,93,37,95,45,93,29,82,39,77,50,82,42,79,47,74,45,77,50,71,39,95,39,85,39,63,37,82,53,77,45,77,53,71,37,74,34,69,37,63,31,71,37,63,37,61,23,61,23,63,26,53,21,55,21,58,18,50,21,45,7,45,18,45,10,42,5,37,2,37,0,0,0,0,0,0,0,0,0,0]"""
1782313079344,2026-06-24T23:57:59.344,warning,bed_exit,yja,bed_exit_failed,t030,"CSI_DATA,335085,1a:00:00:00:00:00,-65,11,-99,15,50,11,-1281785315,47,2,256,0,""[0,0,0,0,0,0,0,0,0,0,0,0,-25,8,-25,8,-31,11,-31,11,-33,11,-31,5,-33,8,-39,2,-45,5,-42,2,-45,2,-45,2,-47,0,-50,-2,-59,-5,-53,8,-50,5,-50,-2,-62,-5,-56,-5,-59,-19,-62,5,-59,-8,-67,0,-67,0,-59,0,-62,0,-67,0,-70,16,-67,19,-67,14,-70,16,-67,11,-73,11,-73,16,-70,25,-64,22,-62,28,-70,33,-70,39,-73,36,-62,50,-62,53,-76,56,-67,56,-70,47,-70,53,-76,59,-76,70,-73,78,-67,81,-59,84,-70,84,-62,87,-59,104,-73,98,-64,101,0,0,0,0,0,0,112,73,109,62,95,62,104,56,101,56,101,56,112,47,112,39,101,45,95,36,101,39,90,45,112,25,104,39,95,22,95,19,98,19,98,16,104,19,98,-11,95,-11,93,-2,95,-2,90,-8,93,2,104,-19,93,-8,93,-14,95,-19,81,-22,84,-22,95,-16,81,-39,84,-39,84,-31,87,-31,84,-25,84,-33,87,-19,76,-31,78,-19,70,-31,73,-31,67,-28,70,-19,59,-31,59,-31,59,-19,56,-11,50,-11,47,-8,53,-8,50,-14,45,-2,39,-8,42,-8,36,-2,0,0,0,0,0,0,0,0,0,0]"""
1782313079355,2026-06-24T23:57:59.355,warning,bed_exit,yja,bed_exit_failed,t030,"CSI_DATA,335086,1a:00:00:00:00:00,-65,11,-99,20,49,11,-1281774384,47,2,256,0,""[0,0,0,0,0,0,0,0,0,0,0,0,0,24,-2,30,-2,30,-5,35,-5,30,-10,35,-13,35,-13,35,-21,41,-13,35,-32,30,-32,38,-30,35,-35,32,-43,35,-41,30,-43,30,-52,21,-43,30,-43,30,-43,32,-60,32,-46,21,-62,8,-57,16,-65,13,-73,16,-79,10,-54,16,-52,-2,-68,-5,-68,16,-46,10,-43,19,-79,16,-60,8,-52,27,-62,8,-60,43,-82,-21,-71,-10,-87,13,-109,13,-65,-10,-84,2,-73,-21,-82,-8,-109,24,-68,0,-76,16,-87,8,-84,2,-136,-10,-104,-10,-95,-35,-98,5,-117,-10,0,0,0,0,0,0,-41,120,-54,115,-41,109,-57,101,-43,101,-68,101,-54,93,-54,104,-62,87,-49,98,-46,93,-46,90,-49,106,-43,90,-62,76,-57,84,-52,93,-60,76,-68,84,-46,76,-54,71,-73,71,-46,76,-49,76,-52,65,-54,87,-52,71,-57,54,-54,65,-57,76,-73,62,-76,68,-57,57,-65,54,-73,52,-60,60,-60,49,-60,52,-68,49,-76,46,-65,38,-76,27,-65,38,-71,27,-76,10,-65,13,-68,8,-62,0,-60,5,-54,-2,-57,5,-43,-8,-57,-2,-41,-8,-41,-16,-35,-16,-32,-16,0,0,0,0,0,0,0,0,0,0]"""
1782313079365,2026-06-24T23:57:59.365,warning,bed_exit,yja,bed_exit_failed,t030,"CSI_DATA,335087,1a:00:00:00:00:00,-65,11,-99,16,50,11,-1281763384,47,2,256,0,""[0,0,0,0,0,0,0,0,0,0,0,0,2,-24,10,-32,10,-16,19,-32,10,-16,30,-38,27,-30,19,-24,24,-27,27,-16,41,-30,41,-21,43,-16,41,-10,54,-21,32,-13,54,-21,41,-19,71,-13,68,-13,52,-21,62,-2,43,0,57,0,62,5,62,2,60,8,73,2,43,-5,71,2,57,0,95,2,68,10,68,8,71,10,62,8,60,2,79,-2,73,8,60,8,84,13,62,-10,93,-13,73,10,128,2,84,8,98,0,90,16,82,5,84,16,115,10,98,8,123,8,98,19,115,24,131,32,101,30,0,0,0,0,0,0,43,-117,30,-76,57,-134,35,-106,30,-65,57,-123,30,-73,52,-112,30,-71,71,-123,54,-106,46,-79,43,-93,49,-60,52,-90,52,-84,57,-84,49,-68,62,-93,21,-60,43,-98,32,-71,60,-109,60,-87,41,-68,46,-73,43,-57,57,-82,52,-73,46,-71,46,-60,62,-79,35,-54,52,-76,43,-57,79,-90,65,-54,54,-60,68,-46,52,-41,49,-41,62,-54,60,-35,52,-27,68,-27,38,-32,60,-38,46,-19,76,-24,54,-8,54,-10,52,0,43,-5,38,0,54,5,41,2,35,8,0,0,0,0,0,0,0,0,0,0]"""
1782313079377,2026-06-24T23:57:59.377,warning,bed_exit,yja,bed_exit_failed,t030,"CSI_DATA,335088,1a:00:00:00:00:00,-66,11,-99,18,50,11,-1281752384,47,2,256,0,""[0,0,0,0,0,0,0,0,0,0,0,0,-15,7,-28,10,-18,7,-36,5,-28,2,-36,-2,-33,-5,-33,-7,-36,-7,-33,-7,-38,-12,-43,-12,-43,-15,-46,-18,-59,-28,-38,-10,-54,-23,-41,-20,-56,-33,-46,-38,-33,-31,-54,-43,-28,-33,-51,-43,-49,-43,-43,-36,-43,-36,-41,-56,-41,-31,-56,-49,-41,-43,-59,-56,-43,-54,-43,-51,-43,-59,-46,-49,-41,-41,-59,-41,-54,-49,-46,-41,-49,-67,-56,-31,-80,-43,-69,-59,-85,-67,-46,-62,-69,-54,-54,-77,-64,-64,-72,-67,-93,-67,-80,-51,-77,-72,-69,-64,-93,-67,-87,-85,-80,-80,0,0,0,0,0,0,-103,74,-80,56,-108,80,-93,64,-72,46,-98,69,-67,56,-100,77,-74,56,-103,69,-90,56,-82,36,-85,62,-80,33,-82,59,-77,62,-77,56,-74,51,-95,49,-49,54,-74,72,-64,51,-87,67,-85,49,-74,36,-80,54,-59,33,-74,54,-72,49,-67,49,-62,41,-87,43,-51,49,-74,54,-67,43,-93,54,-82,25,-74,31,-85,20,-69,20,-59,23,-69,31,-67,25,-56,18,-69,5,-49,23,-59,18,-59,2,-67,2,-49,-7,-51,-5,-49,-18,-43,-2,-41,-12,-38,-5,-33,-5,-36,-12,0,0,0,0,0,0,0,0,0,0]"""
1782313079387,2026-06-24T23:57:59.387,warning,bed_exit,yja,bed_exit_failed,t030,"CSI_DATA,335089,1a:00:00:00:00:00,-66,11,-99,17,50,11,-1281741384,47,2,256,0,""[0,0,0,0,0,0,0,0,0,0,0,0,-2,-23,-5,-23,-2,-31,-2,-29,0,-34,5,-34,-2,-29,0,-42,7,-34,-5,-42,0,-42,0,-37,0,-45,5,-42,5,-45,13,-50,13,-55,13,-50,7,-55,7,-63,-5,-69,21,-53,5,-63,-2,-61,-2,-55,5,-63,7,-61,0,-55,10,-71,10,-63,5,-61,-2,-69,-2,-77,-7,-66,-15,-74,-2,-63,-15,-71,-15,-74,-23,-71,-31,-74,-31,-63,-10,-87,-18,-79,-34,-71,-26,-71,-53,-82,-37,-82,-53,-71,-50,-79,-58,-74,-58,-82,-47,-77,-55,-77,-66,-87,-69,-79,-74,-79,-74,-95,0,0,0,0,0,0,-74,85,-82,74,-71,85,-77,74,-74,85,-69,74,-74,87,-66,82,-69,87,-69,87,-66,85,-47,93,-58,77,-34,98,-39,95,-29,85,-26,93,-23,95,-18,82,-39,90,-31,90,-21,87,-18,90,-13,93,-5,95,-13,82,2,93,7,90,5,87,13,90,2,87,7,77,-5,98,0,90,10,79,2,79,15,90,5,82,18,71,2,79,10,69,7,74,7,74,13,71,13,61,-5,66,-7,63,5,55,0,50,2,58,-2,47,2,45,-2,42,2,45,0,34,-2,29,-5,31,0,0,0,0,0,0,0,0,0,0]"""
1782313079397,2026-06-24T23:57:59.397,warning,bed_exit,yja,bed_exit_failed,t030,"CSI_DATA,335090,1a:00:00:00:00:00,-66,11,-99,19,50,11,-1281730384,47,2,256,0,""[0,0,0,0,0,0,0,0,0,0,0,0,22,-7,22,-7,25,-5,25,-5,37,5,30,2,32,0,37,7,45,5,42,10,37,17,42,15,40,17,45,27,35,25,47,40,35,32,37,45,32,30,40,40,55,50,35,40,47,55,27,40,37,45,30,50,32,50,22,55,25,70,20,35,20,70,22,40,27,80,47,62,35,62,32,57,10,70,-2,80,30,90,7,65,27,72,12,90,17,65,17,82,22,62,-5,80,20,82,52,70,55,128,50,95,2,82,-7,100,30,95,17,113,-7,108,35,87,10,123,0,0,0,0,0,0,100,7,138,25,80,10,102,37,130,25,90,37,115,42,90,17,108,52,82,30,90,20,105,20,100,27,113,17,82,35,92,22,90,25,85,37,75,37,97,47,72,32,82,57,65,25,70,22,80,25,82,32,92,32,60,42,77,32,75,37,80,47,65,42,70,67,52,47,60,65,45,30,60,40,62,45,60,45,60,55,55,60,32,62,45,57,32,65,27,55,22,62,5,55,10,57,7,37,15,45,12,47,20,42,5,45,0,45,-10,35,-10,32,-12,32,0,0,0,0,0,0,0,0,0,0]"""
1782313079409,2026-06-24T23:57:59.409,warning,bed_exit,yja,bed_exit_failed,t030,"CSI_DATA,335091,1a:00:00:00:00:00,-66,11,-99,17,50,11,-1281716725,47,2,256,0,""[0,0,0,0,0,0,0,0,0,0,0,0,-29,5,-23,0,-29,-7,-29,-7,-29,-10,-29,-18,-34,-18,-37,-21,-26,-18,-31,-29,-37,-34,-29,-31,-26,-31,-23,-37,-21,-26,-26,-47,-31,-45,-21,-50,-18,-55,-21,-47,-15,-45,-13,-47,-13,-61,-15,-69,-2,-55,-5,-61,-2,-61,-15,-47,-2,-71,-2,-61,-7,-69,2,-66,-7,-69,0,-69,-2,-69,-2,-63,5,-79,0,-82,7,-71,5,-71,0,-58,2,-79,2,-77,7,-87,10,-87,5,-101,5,-87,7,-90,15,-79,18,-95,29,-101,21,-90,18,-87,34,-119,37,-98,37,-85,42,-109,0,0,0,0,0,0,-79,-39,-101,-47,-95,-53,-98,-47,-98,-53,-87,-45,-101,-69,-79,-58,-90,-63,-87,-66,-87,-63,-87,-61,-63,-50,-74,-63,-85,-66,-69,-58,-71,-66,-58,-55,-53,-42,-71,-66,-63,-53,-77,-61,-58,-61,-69,-66,-66,-58,-45,-53,-63,-66,-63,-61,-47,-58,-47,-61,-47,-61,-47,-47,-47,-74,-37,-58,-45,-66,-34,-69,-42,-74,-31,-63,-31,-69,-23,-58,-26,-71,-21,-71,-10,-61,-10,-61,-5,-50,-10,-58,-2,-50,-5,-55,5,-50,2,-58,7,-45,10,-42,15,-37,21,-37,18,-34,18,-26,18,-23,0,0,0,0,0,0,0,0,0,0]"""
1782313079420,2026-06-24T23:57:59.420,warning,bed_exit,yja,bed_exit_failed,t030,"CSI_DATA,335092,1a:00:00:00:00:00,-66,11,-99,14,51,11,-1281703895,47,2,256,0,""[0,0,0,0,0,0,0,0,0,0,0,0,25,-20,18,-12,33,-20,23,-12,36,-10,28,-7,28,-7,33,-12,38,-7,46,-5,41,0,41,0,49,-2,46,2,38,2,62,-2,38,0,64,2,46,2,54,15,69,15,54,10,69,10,56,15,56,23,54,15,59,15,46,7,80,18,59,15,69,15,54,15,69,12,67,20,67,12,67,5,80,18,67,18,80,23,87,15,69,10,90,12,69,7,85,5,56,10,90,-5,85,12,93,-5,98,7,98,7,90,18,98,10,90,5,118,2,100,18,90,10,113,7,0,0,0,0,0,0,18,-108,20,-129,15,-85,10,-111,18,-129,12,-82,25,-134,18,-77,25,-124,12,-80,10,-85,12,-100,10,-98,20,-113,20,-93,15,-85,15,-93,12,-95,5,-74,5,-105,2,-69,0,-98,5,-67,-2,-85,2,-90,0,-87,0,-98,10,-77,15,-82,2,-82,2,-80,-2,-62,5,-95,7,-67,0,-82,12,-56,0,-77,15,-74,7,-72,5,-72,15,-74,18,-56,23,-59,23,-64,20,-49,23,-59,20,-38,20,-54,7,-33,20,-43,25,-33,23,-41,23,-28,23,-31,23,-20,25,-18,23,-15,0,0,0,0,0,0,0,0,0,0]"""
1782313079432,2026-06-24T23:57:59.432,warning,bed_exit,yja,bed_exit_failed,t030,"CSI_DATA,335093,1a:00:00:00:00:00,-66,11,-99,18,50,11,-1281695999,47,2,256,0,""[0,0,0,0,0,0,0,0,0,0,0,0,-20,-18,-15,-15,-20,-28,-15,-20,-20,-25,-15,-31,-18,-31,-20,-33,-10,-36,-23,-38,-20,-38,-15,-36,-20,-38,-18,-41,-10,-38,-10,-59,-7,-46,-10,-54,-12,-49,-7,-62,-15,-69,-2,-51,-15,-62,-12,-56,-15,-59,-12,-54,-7,-56,-10,-46,-10,-74,-5,-56,-2,-67,-10,-51,-15,-74,-15,-64,-20,-59,-10,-69,-20,-77,-18,-59,-31,-72,-28,-74,-31,-56,-18,-87,-15,-77,-41,-77,-18,-62,-36,-90,-25,-80,-43,-77,-43,-90,-51,-87,-41,-80,-38,-85,-38,-85,-51,-98,-49,-95,-41,-90,-49,-98,0,0,0,0,0,0,-90,51,-103,56,-87,51,-98,41,-105,56,-82,36,-111,54,-82,43,-105,59,-82,46,-90,38,-90,62,-77,36,-82,74,-72,56,-64,56,-69,64,-62,62,-54,51,-85,59,-67,51,-72,64,-54,49,-64,56,-62,64,-56,51,-62,67,-54,64,-46,69,-46,67,-43,69,-38,51,-69,62,-54,49,-51,49,-43,43,-49,62,-54,51,-46,54,-49,41,-49,49,-49,41,-43,46,-46,41,-38,36,-51,31,-43,20,-38,33,-33,18,-43,20,-38,20,-33,25,-36,10,-33,15,-28,12,-28,10,-25,5,0,0,0,0,0,0,0,0,0,0]"""
1782313079444,2026-06-24T23:57:59.444,warning,bed_exit,yja,bed_exit_failed,t030,"CSI_DATA,335094,1a:00:00:00:00:00,-66,11,-99,18,50,11,-1281686289,47,2,256,0,""[0,0,0,0,0,0,0,0,0,0,0,0,-20,7,-28,5,-31,5,-28,2,-31,-2,-31,0,-33,2,-36,-2,-43,5,-33,-7,-36,-12,-41,-15,-41,-20,-43,-25,-38,-28,-43,-31,-43,-28,-38,-38,-36,-36,-41,-31,-31,-25,-43,-41,-43,-38,-25,-56,-33,-51,-38,-46,-31,-56,-31,-59,-25,-56,-28,-59,-25,-59,-25,-56,-36,-62,-36,-54,-33,-56,-41,-62,-38,-59,-23,-62,-31,-64,-20,-77,-20,-77,-31,-69,-25,-74,-18,-85,-36,-74,-31,-72,-46,-77,-49,-77,-38,-87,-28,-95,-12,-103,-25,-98,-31,-105,-23,-105,-5,-105,-12,-103,-7,-105,0,0,0,0,0,0,-121,-12,-113,-18,-103,-15,-111,-12,-105,-12,-108,-33,-100,-25,-100,-31,-98,-41,-93,-23,-95,-23,-87,-18,-100,-15,-93,-23,-80,-41,-87,-28,-85,-31,-80,-38,-85,-38,-80,-31,-74,-25,-80,-41,-72,-31,-72,-23,-69,-28,-80,-28,-77,-25,-59,-41,-64,-33,-67,-33,-64,-43,-69,-46,-62,-41,-56,-49,-59,-51,-59,-41,-54,-38,-56,-38,-51,-41,-51,-46,-43,-41,-33,-46,-33,-49,-28,-54,-20,-54,-25,-46,-15,-49,-7,-54,-18,-43,-12,-38,-10,-38,-7,-33,-5,-36,0,-28,7,-31,7,-28,7,-23,0,0,0,0,0,0,0,0,0,0]"""
1782313079455,2026-06-24T23:57:59.455,warning,bed_exit,yja,bed_exit_failed,t030,"CSI_DATA,335095,1a:00:00:00:00:00,-67,11,-99,20,50,11,-1281675366,47,2,256,0,""[0,0,0,0,0,0,0,0,0,0,0,0,-9,-24,-7,-29,-9,-26,-7,-26,-2,-34,0,-34,7,-36,9,-34,7,-39,14,-39,17,-41,19,-39,12,-39,21,-43,26,-48,21,-46,24,-48,26,-46,34,-41,39,-51,34,-41,43,-46,48,-36,41,-36,46,-34,56,-39,51,-39,61,-36,41,-41,41,-43,58,-43,51,-39,61,-29,53,-36,65,-29,63,-39,68,-31,58,-43,61,-34,61,-41,65,-34,63,-56,61,-56,68,-48,80,-46,78,-36,80,-46,92,-29,78,-46,90,-36,82,-51,90,-56,95,-41,95,-51,90,-56,100,-36,97,-41,0,0,0,0,0,0,-36,-114,-21,-102,-21,-104,-21,-112,-17,-109,-14,-112,-21,-92,-17,-109,-12,-95,-9,-97,0,-104,14,-92,-14,-109,9,-92,0,-95,7,-92,-2,-85,-4,-85,7,-95,-9,-85,-12,-80,-4,-87,0,-82,2,-80,14,-78,-2,-90,14,-78,2,-85,9,-75,7,-75,7,-80,14,-80,-4,-73,0,-73,12,-73,7,-68,24,-61,21,-68,24,-63,26,-61,34,-58,24,-58,31,-51,29,-48,39,-46,19,-48,24,-43,31,-36,34,-31,29,-26,31,-24,34,-17,29,-21,31,-14,29,-19,26,-9,26,-4,0,0,0,0,0,0,0,0,0,0]"""
1782313079466,2026-06-24T23:57:59.466,warning,bed_exit,yja,bed_exit_failed,t030,"CSI_DATA,335096,1a:00:00:00:00:00,-66,11,-99,19,50,11,-1281663793,47,2,256,0,""[0,0,0,0,0,0,0,0,0,0,0,0,10,-22,12,-20,17,-32,10,-25,15,-30,22,-22,17,-27,25,-32,25,-25,25,-42,27,-25,30,-30,35,-25,35,-30,27,-30,45,-42,35,-32,45,-45,42,-32,32,-32,45,-40,42,-32,52,-40,42,-40,42,-35,45,-40,52,-40,42,-37,57,-52,40,-37,47,-50,37,-37,40,-55,45,-55,32,-65,45,-60,47,-70,42,-57,45,-65,35,-72,20,-67,50,-80,35,-65,12,-82,27,-57,25,-95,35,-85,10,-95,20,-95,22,-95,22,-90,27,-92,22,-92,27,-115,15,-102,12,-90,0,-110,0,0,0,0,0,0,-95,0,-120,7,-95,0,-110,0,-125,2,-95,7,-125,10,-90,12,-115,10,-92,7,-100,10,-102,17,-90,12,-105,22,-92,10,-90,10,-90,25,-90,30,-65,32,-92,30,-77,25,-82,42,-62,32,-67,40,-77,42,-67,40,-77,50,-72,47,-65,45,-70,40,-67,55,-45,47,-72,50,-57,42,-55,47,-50,32,-52,60,-57,45,-52,45,-57,37,-57,40,-50,30,-55,30,-52,32,-37,35,-47,25,-40,22,-37,37,-25,20,-42,27,-35,20,-35,20,-32,15,-35,15,-25,12,-25,5,-25,7,0,0,0,0,0,0,0,0,0,0]"""
1782313079477,2026-06-24T23:57:59.477,warning,bed_exit,yja,bed_exit_failed,t030,"CSI_DATA,335097,1a:00:00:00:00:00,-66,11,-99,19,50,11,-1281651542,47,2,256,0,""[0,0,0,0,0,0,0,0,0,0,0,0,15,-22,17,-17,22,-22,20,-20,27,-17,25,-27,25,-22,30,-20,32,-32,35,-25,40,-15,40,-20,40,-25,47,-15,47,-15,47,-22,52,-20,55,-12,47,-17,55,-22,60,-30,52,-25,60,-27,67,-10,60,-17,62,-20,62,-20,62,-15,67,-20,70,-17,60,-12,60,-25,62,-30,67,-37,60,-37,62,-42,65,-40,70,-25,65,-42,77,-40,72,-35,70,-42,70,-40,82,-40,57,-50,62,-55,60,-67,57,-67,75,-70,72,-72,85,-57,80,-65,82,-75,72,-80,90,-62,72,-75,82,-75,0,0,0,0,0,0,-67,-92,-70,-95,-67,-72,-72,-90,-80,-85,-55,-82,-70,-95,-67,-72,-52,-95,-75,-62,-75,-62,-75,-60,-82,-57,-77,-65,-62,-67,-75,-55,-77,-55,-67,-62,-67,-65,-77,-47,-67,-42,-65,-57,-67,-37,-72,-42,-77,-45,-82,-32,-77,-32,-67,-50,-70,-35,-77,-25,-67,-35,-67,-32,-70,-37,-62,-37,-57,-40,-57,-25,-67,-30,-70,-17,-70,-22,-62,-22,-57,-27,-50,-37,-52,-30,-47,-42,-42,-35,-40,-35,-30,-35,-35,-37,-32,-22,-32,-25,-35,-20,-30,-22,-25,-22,-22,-20,-17,-27,-15,-20,-10,-22,0,0,0,0,0,0,0,0,0,0]"""
1782313079489,2026-06-24T23:57:59.489,warning,bed_exit,yja,bed_exit_failed,t030,"CSI_DATA,335098,1a:00:00:00:00:00,-66,11,-99,18,50,11,-1281640899,47,2,256,0,""[0,0,0,0,0,0,0,0,0,0,0,0,-10,20,-12,31,-10,15,-18,31,-10,20,-33,33,-33,25,-28,23,-31,20,-28,12,-33,25,-46,23,-46,20,-36,18,-56,23,-33,10,-56,25,-38,15,-72,18,-72,5,-62,7,-56,0,-43,0,-62,2,-59,0,-64,0,-56,-5,-69,-5,-43,2,-74,0,-56,0,-98,-10,-74,-18,-64,-2,-62,-12,-62,-7,-59,-2,-80,2,-74,-2,-64,-7,-80,-12,-59,10,-98,10,-64,-10,-131,-10,-87,-12,-95,-5,-93,-18,-82,-7,-77,-12,-116,-15,-95,-2,-113,-12,-95,-20,-105,-12,-118,-25,-100,-33,0,0,0,0,0,0,-41,108,-23,77,-49,139,-36,103,-31,64,-43,121,-33,72,-46,121,-25,69,-56,126,-51,105,-43,74,-41,82,-43,64,-43,100,-43,85,-46,80,-36,64,-54,85,-23,62,-41,93,-28,62,-56,100,-46,80,-38,64,-41,69,-36,54,-38,74,-38,69,-36,72,-38,51,-49,69,-23,43,-46,69,-33,51,-67,82,-51,51,-46,49,-54,46,-41,38,-41,36,-51,43,-43,36,-36,28,-49,25,-33,28,-46,36,-38,15,-62,23,-43,10,-38,10,-38,0,-25,7,-25,0,-36,2,-28,2,-31,-2,0,0,0,0,0,0,0,0,0,0]"""
1782313079499,2026-06-24T23:57:59.499,warning,bed_exit,yja,bed_exit_failed,t030,"CSI_DATA,335099,1a:00:00:00:00:00,-66,11,-99,18,50,11,-1281631216,47,2,256,0,""[0,0,0,0,0,0,0,0,0,0,0,0,20,18,25,20,18,18,23,28,20,23,23,36,23,36,20,31,25,33,15,33,25,36,28,33,23,41,20,41,23,46,12,43,23,62,25,43,25,62,12,69,18,62,10,51,23,51,23,62,20,62,20,54,23,56,23,64,12,54,20,74,23,51,25,80,20,69,25,62,25,62,25,62,31,56,46,67,38,67,36,54,41,72,33,54,56,74,38,62,62,90,51,80,64,69,59,80,41,72,56,67,74,77,67,67,72,82,67,77,77,82,82,93,62,87,0,0,0,0,0,0,87,-74,69,-64,105,-90,87,-69,64,-51,95,-74,69,-54,95,-82,67,-59,90,-90,82,-69,69,-69,72,-56,56,-51,64,-80,51,-74,54,-74,43,-67,56,-69,46,-59,59,-80,41,-59,56,-90,54,-72,38,-74,46,-59,33,-62,38,-72,28,-69,31,-72,31,-67,38,-74,33,-51,41,-72,31,-59,51,-72,49,-59,38,-59,41,-56,38,-43,25,-51,31,-62,33,-54,28,-41,31,-46,25,-36,33,-46,36,-31,43,-36,33,-25,31,-25,31,-23,25,-18,28,-20,28,-20,25,-15,25,-12,0,0,0,0,0,0,0,0,0,0]"""
1782313079510,2026-06-24T23:57:59.510,warning,bed_exit,yja,bed_exit_failed,t030,"CSI_DATA,335100,1a:00:00:00:00:00,-66,11,-99,19,50,11,-1281620385,47,2,256,0,""[0,0,0,0,0,0,0,0,0,0,0,0,22,10,30,15,22,10,30,20,25,12,32,20,30,27,17,27,37,25,17,32,32,30,35,30,30,37,30,37,35,45,30,27,40,32,37,37,45,52,27,52,17,50,35,47,25,47,40,52,37,55,42,45,35,47,40,60,37,37,55,50,45,47,60,65,45,62,50,52,45,60,47,50,50,45,62,45,55,42,57,37,57,57,65,17,77,30,75,47,100,47,70,45,80,32,75,57,77,42,90,45,102,30,95,20,100,37,90,32,118,30,115,42,105,37,0,0,0,0,0,0,42,-113,40,-92,45,-130,42,-105,22,-80,37,-120,22,-90,30,-118,25,-90,35,-110,30,-102,32,-87,17,-95,27,-80,15,-100,10,-97,5,-92,10,-85,20,-102,-7,-72,-15,-95,-2,-82,-2,-105,7,-95,7,-82,-2,-85,-5,-65,-12,-80,-10,-82,-10,-70,-5,-67,2,-85,-22,-60,-22,-82,-15,-70,-17,-90,5,-72,-5,-70,2,-80,-2,-62,-7,-60,-15,-60,-7,-60,-10,-52,7,-60,-15,-45,-12,-60,5,-50,5,-60,12,-40,7,-40,17,-32,7,-32,7,-32,10,-32,10,-32,12,-27,0,0,0,0,0,0,0,0,0,0]"""
1782313079523,2026-06-24T23:57:59.523,warning,bed_exit,yja,bed_exit_failed,t030,"CSI_DATA,335101,1a:00:00:00:00:00,-66,11,-99,18,50,11,-1281602668,47,2,256,0,""[0,0,0,0,0,0,0,0,0,0,0,0,-23,-10,-18,-10,-28,-20,-20,-12,-25,-23,-15,-20,-28,-12,-36,-20,-25,-25,-33,-25,-31,-25,-25,-31,-25,-33,-31,-46,-31,-36,-38,-43,-33,-41,-43,-46,-31,-38,-25,-46,-41,-56,-33,-43,-46,-51,-31,-43,-31,-49,-38,-49,-38,-54,-41,-43,-46,-59,-38,-46,-51,-46,-33,-43,-54,-38,-49,-43,-64,-36,-62,-38,-64,-46,-54,-46,-59,-49,-67,-46,-69,-36,-74,-51,-67,-36,-77,-28,-59,-25,-93,-20,-77,-33,-98,-10,-95,-33,-98,-28,-80,-36,-95,-33,-98,-28,-113,-20,-100,-33,-95,-25,-100,-10,0,0,0,0,0,0,-12,105,-18,126,-15,85,0,108,-10,131,-10,100,-15,121,-10,98,-7,111,0,87,7,87,15,105,7,93,15,108,7,85,2,93,10,98,10,93,20,82,23,103,28,77,31,90,20,64,28,69,38,82,38,69,38,77,25,69,28,77,38,72,38,80,41,59,41,85,33,67,43,62,23,51,51,56,31,62,49,59,41,62,33,67,18,56,15,59,25,67,28,54,20,51,15,49,25,43,12,33,20,46,12,38,18,36,10,33,12,38,-2,33,0,31,0,31,0,0,0,0,0,0,0,0,0,0]"""
1782313079533,2026-06-24T23:57:59.533,warning,bed_exit,yja,bed_exit_failed,t030,"CSI_DATA,335102,1a:00:00:00:00:00,-66,11,-99,17,50,11,-1281598385,47,2,256,0,""[0,0,0,0,0,0,0,0,0,0,0,0,5,18,5,31,2,23,2,34,0,31,-7,37,-7,39,-7,29,-5,39,-10,34,-10,39,-18,39,-18,42,-18,39,-26,53,-21,34,-23,53,-21,45,-31,61,-42,50,-29,42,-31,50,-37,34,-37,47,-39,47,-47,45,-45,39,-47,53,-23,42,-37,58,-42,50,-47,69,-42,53,-37,58,-45,55,-42,53,-37,53,-37,58,-39,53,-39,53,-47,58,-23,63,-37,82,-37,71,-63,98,-47,63,-34,87,-55,77,-31,79,-47,87,-47,95,-42,85,-50,95,-55,85,-42,106,-53,109,-53,90,0,0,0,0,0,0,109,58,82,47,109,71,90,58,63,50,98,63,74,45,95,61,74,39,98,71,87,61,74,47,82,53,69,53,79,61,77,58,71,53,66,47,79,50,63,26,82,39,74,34,85,47,79,39,66,31,79,34,58,39,79,31,71,37,66,39,61,37,77,45,58,18,77,26,69,39,85,47,63,45,66,29,61,47,50,39,47,39,55,39,50,37,37,34,37,45,37,31,42,42,31,37,34,55,21,34,26,37,13,42,18,29,10,37,7,37,7,29,5,29,0,0,0,0,0,0,0,0,0,0]"""
1782313079544,2026-06-24T23:57:59.544,warning,bed_exit,yja,bed_exit_failed,t030,"CSI_DATA,335103,1a:00:00:00:00:00,-66,11,-99,19,50,11,-1281586319,47,2,256,0,""[0,0,0,0,0,0,0,0,0,0,0,0,-22,-7,-22,-12,-30,-12,-27,-7,-27,-12,-25,-12,-22,-7,-27,-10,-37,-17,-35,-17,-25,-32,-35,-27,-32,-25,-40,-30,-37,-37,-37,-42,-40,-27,-37,-47,-45,-35,-35,-25,-37,-27,-52,-37,-40,-50,-32,-47,-47,-42,-42,-50,-32,-52,-47,-42,-52,-52,-35,-37,-52,-62,-57,-30,-57,-27,-45,-17,-62,-32,-85,-32,-77,-47,-45,-55,-45,-65,-80,-40,-65,-65,-65,-15,-60,-35,-75,-15,-42,-10,-62,-35,-60,-7,-110,-22,-115,-7,-128,-17,-90,-27,-87,-55,-90,-25,-90,-27,-90,-57,-95,-22,-95,-20,0,0,0,0,0,0,-27,115,-32,118,-22,97,-25,108,-25,115,-35,97,-25,110,-20,97,-22,110,-20,87,-7,92,-2,92,7,105,-5,105,-17,85,-7,90,2,95,-7,97,-2,92,5,95,0,82,0,90,12,75,25,80,25,80,30,87,27,87,5,77,17,80,17,80,15,82,15,82,20,80,20,72,12,80,17,65,25,67,32,65,30,72,22,70,15,65,0,62,7,65,2,67,5,67,2,52,2,55,2,57,2,37,5,42,7,40,5,45,2,50,-5,40,-7,32,-15,30,-12,27,0,0,0,0,0,0,0,0,0,0]"""
1782313079555,2026-06-24T23:57:59.555,warning,bed_exit,yja,bed_exit_failed,t030,"CSI_DATA,335104,1a:00:00:00:00:00,-66,11,-99,18,50,11,-1281573251,47,2,256,0,""[0,0,0,0,0,0,0,0,0,0,0,0,-5,23,-7,20,-10,25,-12,25,-18,25,-18,25,-25,31,-20,23,-20,23,-28,28,-28,31,-28,20,-38,20,-33,20,-33,23,-49,18,-43,18,-43,18,-56,15,-51,20,-43,12,-49,12,-56,10,-62,12,-56,10,-62,2,-59,0,-43,2,-67,2,-64,2,-64,-2,-69,-2,-74,7,-69,0,-72,2,-59,-7,-72,0,-77,0,-77,-2,-72,0,-64,2,-82,-7,-72,-10,-90,7,-80,-10,-95,0,-85,-12,-85,-5,-87,-7,-98,-10,-108,-12,-85,-10,-87,-18,-113,-23,-105,-20,-93,-25,-111,-33,0,0,0,0,0,0,-20,98,-43,108,-33,108,-38,100,-43,95,-38,93,-54,111,-43,90,-51,100,-56,87,-59,90,-49,93,-49,67,-51,87,-49,90,-49,72,-51,77,-46,77,-31,64,-54,74,-43,69,-49,77,-51,74,-49,74,-46,80,-41,59,-56,74,-54,80,-49,62,-49,64,-49,51,-41,51,-62,59,-51,54,-56,62,-59,54,-64,56,-59,43,-62,46,-56,28,-62,33,-67,33,-62,23,-54,25,-43,23,-62,12,-46,10,-56,12,-46,0,-51,0,-43,-5,-41,-5,-36,-5,-38,-10,-38,-12,-28,-12,-20,-12,0,0,0,0,0,0,0,0,0,0]"""
1782313079566,2026-06-24T23:57:59.566,warning,bed_exit,yja,bed_exit_failed,t030,"CSI_DATA,335105,1a:00:00:00:00:00,-66,11,-99,17,50,11,-1281565314,47,2,256,0,""[0,0,0,0,0,0,0,0,0,0,0,0,-42,-31,-45,-23,-18,85,-13,-71,39,-5,-69,-53,-5,47,-66,-37,-45,-53,7,42,23,-29,0,-55,5,-15,26,-50,2,-87,-29,-23,10,-58,-5,-29,-18,-61,-5,-42,0,-50,-7,-66,-7,-47,2,-53,0,-55,-7,-58,-7,-58,-7,-69,-7,-42,-5,-69,-5,-53,-15,-74,-7,-61,-21,-58,-21,-66,-26,-61,-26,-53,-29,-63,-34,-63,-29,-55,-26,-79,-42,-47,-50,-74,-29,-71,-63,-85,-39,-63,-63,-58,-55,-74,-58,-66,-53,-58,-71,-71,-74,-63,-85,-79,-66,-53,-74,-77,-85,-74,-69,-71,0,0,0,0,0,0,-90,90,-69,66,-90,98,-74,82,-53,71,-85,85,-50,63,-79,95,-55,63,-61,98,-58,87,-53,77,-39,93,-47,66,-42,82,-45,87,-42,87,-39,74,-50,85,-15,69,-26,95,-29,71,-31,95,-21,87,-23,79,-15,87,-10,66,-21,79,-13,82,-7,77,-10,74,-18,93,0,63,-7,90,-7,66,-5,95,-13,77,2,77,-15,69,-7,74,-2,63,-7,69,-5,63,-15,55,-18,63,-5,42,-13,63,-15,45,-18,63,-13,42,-15,39,-18,37,-7,34,-18,31,-21,29,-15,29,-15,26,0,0,0,0,0,0,0,0,0,0]"""
1782313079577,2026-06-24T23:57:59.577,warning,bed_exit,yja,bed_exit_failed,t030,"CSI_DATA,335106,1a:00:00:00:00:00,-66,11,-99,17,51,11,-1281552879,47,2,256,0,""[0,0,0,0,0,0,0,0,0,0,0,0,-21,9,-18,11,-28,7,-21,4,-30,4,-26,2,-28,4,-35,4,-35,-2,-40,-4,-33,-9,-35,-14,-35,-16,-47,-16,-40,-9,-45,-28,-40,-21,-42,-26,-30,-28,-49,-21,-52,-30,-40,-30,-45,-37,-37,-42,-30,-47,-37,-45,-37,-42,-35,-37,-45,-56,-35,-47,-37,-42,-26,-45,-45,-45,-37,-52,-45,-47,-45,-49,-40,-61,-33,-56,-40,-64,-49,-71,-49,-56,-37,-73,-33,-64,-54,-59,-30,-47,-64,-68,-40,-64,-66,-66,-56,-85,-49,-87,-40,-85,-37,-92,-40,-85,-45,-97,-40,-104,-40,-99,-49,-97,0,0,0,0,0,0,-101,42,-120,47,-85,28,-99,30,-123,30,-87,14,-125,23,-97,21,-113,14,-90,9,-85,18,-104,23,-92,16,-109,23,-87,9,-87,2,-94,7,-92,4,-78,9,-104,4,-80,9,-90,7,-80,0,-80,11,-99,11,-82,7,-94,9,-78,0,-82,-9,-80,-7,-85,-4,-71,2,-99,-14,-78,-11,-80,-11,-59,-21,-80,-7,-68,-23,-73,-11,-66,-23,-66,-30,-52,-33,-56,-42,-54,-40,-52,-30,-45,-45,-33,-37,-42,-35,-23,-28,-37,-30,-21,-37,-28,-33,-14,-40,-14,-42,-2,-30,0,-33,0,-30,0,0,0,0,0,0,0,0,0,0]"""
1782313079589,2026-06-24T23:57:59.589,warning,bed_exit,yja,bed_exit_failed,t030,"CSI_DATA,335107,1a:00:00:00:00:00,-66,11,-99,15,51,11,-1281540694,47,2,256,0,""[0,0,0,0,0,0,0,0,0,0,0,0,-22,17,-12,12,-30,10,-22,5,-30,10,-27,7,-20,12,-32,7,-30,5,-42,7,-37,5,-32,5,-40,0,-42,0,-32,-5,-57,-2,-42,2,-47,-5,-42,-10,-35,-12,-50,-15,-47,-7,-60,-5,-50,-17,-52,-20,-55,-17,-55,-17,-45,-5,-72,-22,-52,-17,-60,-10,-47,-20,-65,-12,-67,-15,-60,-7,-62,-2,-70,-20,-65,-15,-70,-17,-77,-17,-67,-7,-90,-22,-65,-20,-80,-12,-57,-10,-95,0,-82,-10,-90,5,-92,-10,-97,-10,-87,-20,-95,-17,-87,-10,-115,-10,-100,-22,-85,-20,-115,-10,0,0,0,0,0,0,-15,110,-22,128,-17,87,-17,108,-22,128,-22,87,-30,130,-25,90,-32,108,-17,85,-15,97,-12,102,-12,90,-12,115,-22,95,-12,85,-20,90,-22,87,-10,70,-20,108,-10,75,-12,100,-10,72,-2,82,-7,95,-2,82,-7,100,-15,82,-15,77,-12,82,-12,85,0,65,-25,102,-20,70,-17,87,-15,55,-12,87,-20,80,-12,75,-17,72,-25,72,-32,60,-35,60,-37,62,-22,50,-42,55,-32,40,-30,47,-25,25,-30,45,-32,35,-27,30,-30,27,-32,25,-35,15,-27,12,-25,7,0,0,0,0,0,0,0,0,0,0]"""
1782313079599,2026-06-24T23:57:59.599,warning,bed_exit,yja,bed_exit_failed,t030,"CSI_DATA,335108,1a:00:00:00:00:00,-66,11,-99,17,51,11,-1281526967,47,2,256,0,""[0,0,0,0,0,0,0,0,0,0,0,0,11,16,16,21,9,16,14,21,18,21,16,28,16,30,11,28,21,33,4,33,16,35,16,40,11,45,11,37,16,45,18,33,23,45,23,45,23,49,9,52,9,54,26,49,16,45,21,52,18,52,23,47,23,49,26,52,33,47,37,52,37,47,37,61,30,49,42,47,33,49,45,45,40,45,56,42,42,40,45,47,56,52,59,21,71,26,71,40,87,37,64,37,87,26,73,40,82,26,90,35,97,30,92,16,101,21,92,18,99,18,104,23,99,14,0,0,0,0,0,0,2,-113,11,-109,4,-120,0,-109,0,-90,-4,-109,-4,-94,-2,-116,-7,-94,2,-109,-16,-99,-4,-85,-28,-97,-2,-87,-18,-85,-23,-92,-18,-85,-18,-82,-21,-99,-45,-64,-49,-71,-37,-78,-40,-82,-45,-75,-42,-68,-49,-73,-37,-64,-47,-66,-42,-71,-45,-56,-40,-61,-47,-73,-49,-42,-56,-52,-54,-56,-64,-68,-42,-56,-54,-54,-47,-64,-47,-52,-42,-52,-52,-49,-47,-47,-37,-45,-33,-52,-45,-40,-45,-40,-30,-45,-33,-49,-21,-33,-26,-45,-18,-40,-18,-33,-14,-33,-7,-35,-9,-30,-9,-28,0,0,0,0,0,0,0,0,0,0]"""
1782313079631,2026-06-24T23:57:59.631,warning,bed_exit,yja,bed_exit_failed,t030,"CSI_DATA,335110,1a:00:00:00:00:00,-66,11,-99,17,51,11,-1281493676,47,2,256,0,""[0,0,0,0,0,0,0,0,0,0,0,0,-18,11,-23,16,-16,11,-26,21,-18,14,-30,11,-33,11,-28,9,-33,14,-28,9,-37,11,-35,11,-42,16,-37,16,-45,18,-30,7,-52,11,-33,11,-59,11,-52,23,-42,16,-47,14,-40,4,-59,21,-61,18,-54,14,-47,14,-61,16,-37,18,-61,30,-45,16,-75,33,-61,26,-54,28,-56,26,-52,28,-45,26,-59,45,-54,40,-42,40,-64,52,-33,42,-56,59,-49,52,-75,78,-61,54,-54,68,-61,59,-42,59,-45,68,-47,94,-42,68,-59,87,-49,71,-35,97,-54,99,-49,92,0,0,0,0,0,0,104,52,75,33,128,54,94,49,54,28,109,42,73,26,116,42,75,26,116,49,99,35,82,33,78,28,71,21,97,16,82,9,92,9,80,9,94,9,66,0,97,0,73,0,106,0,92,-2,80,-4,73,-7,64,-4,85,-18,75,-21,78,-14,68,-7,85,-7,56,-16,80,-21,66,-11,101,-16,75,-9,71,-14,78,-7,64,-4,59,-7,68,-14,64,-9,54,-9,61,-4,49,-9,64,-7,47,2,66,7,37,4,45,7,37,14,33,7,30,11,40,9,30,9,28,11,0,0,0,0,0,0,0,0,0,0]"""
1782313079642,2026-06-24T23:57:59.642,warning,bed_exit,yja,bed_exit_failed,t030,"CSI_DATA,335111,1a:00:00:00:00:00,-66,11,-99,15,51,11,-1281492490,47,2,256,0,""[0,0,0,0,0,0,0,0,0,0,0,0,22,-10,25,-12,25,-12,22,-7,27,-5,27,-12,27,-7,30,-12,32,-17,35,-7,40,-5,37,-7,40,-12,42,2,42,-2,45,-7,42,-7,55,-5,42,-15,50,-7,55,-15,52,-15,55,-20,55,-2,52,-12,55,-12,60,-12,55,-12,60,-20,55,-17,57,-15,50,-20,52,-25,45,-37,52,-35,52,-47,55,-42,60,-35,50,-47,57,-47,55,-50,47,-55,52,-57,62,-57,32,-60,35,-77,30,-77,27,-80,35,-85,35,-85,47,-80,30,-87,32,-92,25,-92,40,-85,27,-97,30,-95,0,0,0,0,0,0,-100,-22,-102,-37,-90,-15,-105,-12,-110,-12,-102,-25,-108,-15,-92,-12,-95,-15,-97,5,-87,12,-92,15,-97,25,-87,25,-92,2,-82,17,-90,25,-92,17,-85,25,-85,32,-70,32,-85,25,-67,35,-62,42,-67,42,-67,62,-62,50,-70,42,-62,45,-60,55,-67,50,-62,52,-60,55,-55,47,-60,47,-47,47,-45,55,-45,62,-40,57,-45,57,-45,55,-52,37,-47,47,-50,37,-50,37,-42,37,-40,30,-45,32,-37,32,-32,30,-35,27,-30,32,-32,25,-35,15,-32,15,-27,15,-27,10,0,0,0,0,0,0,0,0,0,0]"""
1782313079652,2026-06-24T23:57:59.652,warning,bed_exit,yja,bed_exit_failed,t030,"CSI_DATA,335112,1a:00:00:00:00:00,-66,11,-99,17,51,11,-1281485309,47,2,256,0,""[0,0,0,0,0,0,0,0,0,0,0,0,18,7,16,9,26,9,23,14,30,14,28,11,26,16,28,11,26,21,30,16,37,16,30,14,40,18,35,21,33,23,37,26,30,26,42,28,45,28,49,42,54,35,37,28,49,23,54,26,49,21,49,18,42,18,45,21,61,26,54,23,59,14,64,21,68,21,61,16,61,4,54,9,64,2,71,-4,71,-4,68,-9,61,-7,75,-11,68,-14,80,-23,73,-23,87,-28,78,-28,75,-37,82,-30,87,-42,90,-47,75,-40,73,-47,90,-54,87,-56,75,-59,90,-64,0,0,0,0,0,0,-66,-73,-75,-82,-80,-78,-75,-71,-78,-68,-73,-59,-82,-75,-78,-61,-85,-56,-85,-56,-87,-56,-80,-40,-73,-42,-87,-40,-92,-33,-80,-21,-87,-18,-78,-21,-75,-14,-87,-18,-80,-14,-82,-7,-85,-11,-90,-11,-87,0,-78,-2,-80,9,-87,14,-78,16,-78,18,-71,14,-64,14,-85,7,-73,16,-75,23,-78,16,-80,18,-73,16,-68,18,-61,9,-66,18,-68,18,-64,16,-56,11,-54,14,-56,14,-52,9,-49,9,-49,4,-52,4,-45,4,-37,7,-37,-2,-33,0,-42,-2,-28,-2,-23,-2,0,0,0,0,0,0,0,0,0,0]"""
1782313079662,2026-06-24T23:57:59.662,warning,bed_exit,yja,bed_exit_failed,t030,"CSI_DATA,335113,1a:00:00:00:00:00,-67,11,-99,16,51,11,-1281477385,47,2,256,0,""[0,0,0,0,0,0,0,0,0,0,0,0,-19,19,-19,19,-24,17,-17,14,-24,14,-26,12,-21,17,-34,14,-31,21,-36,12,-34,4,-39,12,-36,7,-48,4,-46,12,-46,4,-46,12,-51,7,-39,2,-46,19,-51,19,-56,9,-58,12,-43,-2,-56,-4,-51,2,-63,0,-56,9,-63,7,-58,7,-56,19,-48,7,-48,17,-53,21,-63,26,-65,31,-70,21,-56,17,-68,9,-75,24,-73,31,-68,34,-65,36,-61,36,-51,26,-51,51,-56,48,-61,68,-82,61,-73,56,-68,34,-80,56,-78,63,-70,65,-85,51,-78,56,-65,70,0,0,0,0,0,0,75,80,80,92,58,73,82,63,85,87,65,68,73,75,75,63,75,73,61,61,68,43,78,53,87,51,78,63,56,53,65,61,65,56,70,65,75,46,78,41,78,31,82,39,58,36,65,24,80,26,82,21,82,34,63,34,75,43,70,29,78,34,78,21,82,31,75,29,73,14,53,26,65,14,65,17,73,12,75,26,68,29,48,31,53,41,53,36,56,31,46,31,41,29,43,26,29,24,36,21,29,24,34,24,34,26,31,34,9,24,9,31,14,29,0,0,0,0,0,0,0,0,0,0]"""
1782313079673,2026-06-24T23:57:59.673,warning,bed_exit,yja,bed_exit_failed,t030,"CSI_DATA,335114,1a:00:00:00:00:00,-66,11,-99,16,51,11,-1281465657,47,2,256,0,""[0,0,0,0,0,0,0,0,0,0,0,0,-19,7,-19,7,-26,9,-26,9,-29,2,-29,9,-26,9,-31,7,-36,9,-43,4,-39,2,-39,2,-41,4,-41,0,-46,0,-41,9,-43,7,-53,2,-51,7,-46,-2,-51,-7,-51,14,-53,12,-56,-4,-58,0,-53,12,-56,7,-56,9,-58,17,-58,9,-61,12,-51,19,-53,17,-53,26,-58,31,-51,34,-46,34,-56,29,-61,39,-63,31,-61,34,-56,51,-61,48,-63,46,-53,53,-48,68,-46,68,-34,75,-43,73,-43,78,-56,75,-43,82,-51,85,-41,90,-53,85,-43,85,-39,92,0,0,0,0,0,0,107,51,92,48,92,43,97,36,95,31,95,43,100,36,90,29,95,36,90,9,97,9,87,12,100,-7,90,7,85,14,87,0,90,0,87,4,87,2,82,-14,80,-14,85,-2,78,-17,75,-24,75,-19,80,-39,68,-31,80,-19,73,-26,73,-36,75,-29,78,-29,68,-41,68,-31,73,-26,65,-41,63,-36,63,-39,63,-41,61,-41,63,-26,61,-21,56,-29,61,-19,58,-14,51,-19,46,-12,53,-12,41,-14,41,-12,41,-14,36,-12,39,-14,36,-4,31,0,29,0,29,4,0,0,0,0,0,0,0,0,0,0]"""
1782313079683,2026-06-24T23:57:59.683,warning,bed_exit,yja,bed_exit_failed,t030,"CSI_DATA,335115,1a:00:00:00:00:00,-67,11,-99,17,51,11,-1281453926,47,2,256,0,""[0,0,0,0,0,0,0,0,0,0,0,0,-9,16,-7,14,-18,23,-16,18,-23,23,-21,16,-18,26,-23,21,-23,18,-30,21,-33,26,-33,23,-40,16,-33,18,-28,14,-40,21,-37,23,-47,28,-47,21,-49,14,-47,16,-45,16,-54,26,-56,26,-54,18,-54,21,-49,21,-40,23,-56,21,-47,21,-52,33,-54,28,-56,30,-56,28,-54,28,-47,33,-59,37,-56,40,-56,30,-54,37,-47,37,-61,49,-47,49,-56,56,-54,54,-59,66,-54,56,-49,64,-54,56,-64,68,-68,73,-54,61,-52,61,-75,90,-59,78,-61,56,-59,90,0,0,0,0,0,0,73,56,85,68,82,59,87,52,85,64,78,49,90,68,71,47,90,54,80,54,87,49,90,40,66,40,85,52,85,47,73,40,78,40,73,35,66,23,85,35,78,23,85,23,73,33,85,28,87,21,68,18,80,21,85,21,71,21,75,16,68,16,59,7,82,26,68,18,75,16,64,21,82,23,71,18,64,21,59,14,66,23,64,21,56,30,49,23,42,18,52,33,42,23,49,23,37,26,42,30,30,26,30,26,23,28,23,30,21,28,16,23,9,21,0,0,0,0,0,0,0,0,0,0]"""
1782313079693,2026-06-24T23:57:59.693,warning,bed_exit,yja,bed_exit_failed,t030,"CSI_DATA,335116,1a:00:00:00:00:00,-67,11,-99,19,51,11,-1281444147,47,2,256,0,""[0,0,0,0,0,0,0,0,0,0,0,0,11,-24,11,-17,15,-26,13,-20,20,-22,15,-13,15,-20,26,-29,24,-22,33,-24,31,-11,33,-11,40,-15,42,-15,40,-13,55,-2,40,-4,53,6,38,4,38,-11,47,-8,55,-4,58,4,47,11,55,6,51,11,55,15,53,8,64,24,49,20,53,24,38,13,53,4,60,11,62,0,64,13,71,15,51,26,71,26,73,29,67,17,69,35,58,31,78,24,47,13,76,15,69,17,80,2,91,29,89,29,69,40,82,51,67,40,91,40,80,55,87,44,85,44,0,0,0,0,0,0,60,-80,76,-98,47,-64,64,-71,82,-91,62,-55,89,-73,60,-60,89,-60,51,-51,47,-58,60,-67,67,-67,71,-78,64,-49,62,-62,64,-51,73,-58,62,-49,80,-58,60,-40,76,-40,49,-38,51,-42,58,-58,62,-53,69,-58,60,-35,69,-47,62,-40,71,-38,55,-35,85,-35,67,-24,78,-26,49,-13,64,-26,62,-26,67,-31,69,-17,76,-13,58,8,67,-4,71,4,58,2,58,15,44,29,51,17,29,8,35,17,35,17,38,15,40,24,33,24,17,24,17,31,13,26,0,0,0,0,0,0,0,0,0,0]"""
1782313079705,2026-06-24T23:57:59.705,warning,bed_exit,yja,bed_exit_failed,t030,"CSI_DATA,335117,1a:00:00:00:00:00,-67,11,-99,17,51,11,-1281433385,47,2,256,0,""[0,0,0,0,0,0,0,0,0,0,0,0,14,-16,11,-18,26,-21,16,-14,23,-11,23,-9,14,-11,26,-26,23,-14,33,-26,35,-14,33,-18,33,-16,37,-4,37,-11,56,-14,40,-16,54,-9,40,-9,28,-7,52,-16,45,-11,56,-21,49,-11,47,-11,45,-21,52,-9,49,-26,61,-2,52,-18,66,-30,47,-16,45,-30,68,-33,52,-40,45,-49,90,-37,54,-18,64,-59,54,-52,73,-35,73,-45,66,-18,66,-28,37,-2,59,-47,37,-64,37,-73,49,-54,66,-92,68,-42,59,-47,75,-49,78,-78,92,-59,52,-75,54,-78,0,0,0,0,0,0,-73,-68,-85,-85,-61,-56,-68,-64,-90,-87,-64,-59,-73,-80,-64,-64,-75,-78,-59,-49,-71,-45,-85,-47,-82,-47,-85,-40,-66,-47,-78,-45,-75,-45,-73,-52,-75,-33,-90,-49,-64,-33,-75,-47,-52,-21,-71,-16,-80,-14,-78,-18,-85,-21,-64,-26,-75,-26,-78,-16,-78,-26,-71,-11,-80,-40,-64,-30,-66,-28,-45,-18,-64,-9,-61,-14,-66,-9,-73,-23,-68,-21,-47,-33,-52,-30,-54,-37,-52,-23,-49,-40,-33,-33,-42,-26,-26,-14,-37,-26,-26,-21,-35,-18,-28,-28,-28,-30,-9,-21,-16,-26,-11,-28,0,0,0,0,0,0,0,0,0,0]"""
1782313079716,2026-06-24T23:57:59.716,warning,bed_exit,yja,bed_exit_failed,t030,"CSI_DATA,335118,1a:00:00:00:00:00,-67,11,-99,18,51,11,-1281418488,47,2,256,0,""[0,0,0,0,0,0,0,0,0,0,0,0,20,-4,29,0,16,0,27,0,20,-4,36,-2,39,6,27,4,27,2,25,6,34,9,39,9,41,2,34,4,48,6,29,9,50,11,27,4,59,11,55,4,41,-2,43,4,36,16,55,11,52,11,52,9,48,13,59,18,36,-2,62,-4,50,2,73,2,57,2,62,-2,55,0,52,0,50,-2,62,-13,55,-13,55,-11,64,-16,46,-23,73,-36,55,-27,101,-46,71,-25,69,-41,82,-25,59,-32,57,-36,85,-57,64,-50,80,-59,71,-50,69,-69,85,-73,78,-48,0,0,0,0,0,0,-71,-80,-50,-50,-101,-89,-64,-73,-36,-46,-82,-76,-52,-43,-89,-71,-52,-36,-92,-82,-85,-59,-64,-52,-62,-50,-52,-41,-78,-52,-82,-41,-76,-39,-64,-29,-85,-36,-52,-16,-94,-27,-57,-16,-101,-32,-78,-23,-71,-13,-69,-18,-52,-11,-80,-2,-78,-9,-73,-11,-59,-13,-80,-18,-48,4,-87,2,-59,-2,-105,-4,-76,-18,-69,-2,-69,-16,-52,-11,-55,-6,-71,-6,-55,-4,-46,-4,-57,-11,-41,-2,-59,-6,-41,-11,-57,-25,-39,-16,-41,-18,-27,-18,-34,-16,-20,-16,-32,-16,-25,-16,-20,-20,0,0,0,0,0,0,0,0,0,0]"""
1782313079727,2026-06-24T23:57:59.727,warning,bed_exit,yja,bed_exit_failed,t030,"CSI_DATA,335119,1a:00:00:00:00:00,-67,11,-99,17,51,11,-1281409419,47,2,256,0,""[0,0,0,0,0,0,0,0,0,0,0,0,-4,-18,-4,-21,-2,-23,-2,-23,4,-26,4,-23,9,-30,14,-21,16,-33,18,-23,21,-23,21,-28,21,-26,23,-28,35,-33,21,-30,26,-33,33,-28,30,-30,40,-23,49,-16,42,-30,42,-21,42,-21,47,-21,49,-23,47,-23,59,-21,40,-28,45,-30,52,-28,47,-26,49,-16,49,-23,59,-14,56,-23,59,-16,54,-26,54,-21,52,-23,61,-23,59,-40,61,-40,66,-30,78,-33,64,-23,78,-33,82,-16,75,-35,80,-35,75,-47,82,-42,87,-37,87,-30,80,-47,90,-37,85,-35,0,0,0,0,0,0,-33,-104,-30,-94,-23,-99,-23,-101,-14,-99,-23,-99,-28,-80,-21,-97,-18,-92,-7,-94,-7,-92,7,-87,-14,-101,7,-82,-7,-82,-2,-87,-2,-85,-7,-82,2,-87,-21,-73,-21,-80,-4,-85,-9,-78,-4,-80,11,-68,-11,-87,9,-75,-4,-75,4,-78,4,-73,0,-80,4,-80,-9,-68,-7,-68,4,-73,9,-71,18,-66,16,-64,30,-61,26,-68,21,-56,18,-56,26,-52,21,-47,33,-47,16,-47,26,-42,33,-40,37,-33,30,-23,35,-23,35,-16,33,-14,28,-14,30,-16,28,-9,23,-2,0,0,0,0,0,0,0,0,0,0]"""
1782313079737,2026-06-24T23:57:59.737,warning,bed_exit,yja,bed_exit_failed,t030,"CSI_DATA,335120,1a:00:00:00:00:00,-67,11,-99,18,51,11,-1281397816,47,2,256,0,""[0,0,0,0,0,0,0,0,0,0,0,0,9,18,11,23,0,16,4,27,6,23,6,36,2,34,4,23,4,32,0,27,4,39,4,41,4,39,6,34,4,41,-2,29,4,52,2,32,-4,52,-4,50,4,39,-4,46,0,39,4,55,2,52,2,48,0,43,4,59,4,43,4,59,13,46,11,71,6,57,9,52,11,52,13,50,25,43,32,55,29,59,23,50,34,64,27,41,52,69,32,48,64,80,46,62,55,55,55,69,46,55,52,48,73,55,69,46,76,52,69,55,73,57,89,69,71,66,0,0,0,0,0,0,62,-92,43,-59,59,-115,46,-80,25,-55,55,-101,32,-64,50,-108,32,-66,43,-108,39,-89,23,-85,29,-76,20,-66,11,-96,6,-89,13,-82,11,-73,11,-89,2,-66,2,-94,-4,-64,-4,-105,2,-82,-11,-73,0,-73,-9,-59,-13,-78,-16,-76,-20,-66,-16,-59,-18,-80,-16,-52,-23,-80,-20,-62,-27,-92,-13,-71,-18,-62,-11,-71,-11,-59,-20,-55,-25,-62,-13,-52,-11,-41,-11,-59,-11,-39,-6,-59,-4,-41,-2,-57,2,-41,-4,-41,6,-39,2,-32,-2,-27,4,-36,2,-34,6,-25,0,0,0,0,0,0,0,0,0,0]"""
1782313079747,2026-06-24T23:57:59.747,warning,bed_exit,yja,bed_exit_failed,t030,"CSI_DATA,335121,1a:00:00:00:00:00,-67,11,-99,20,51,11,-1281389385,47,2,256,0,""[0,0,0,0,0,0,0,0,0,0,0,0,2,-21,6,-26,6,-17,8,-28,10,-23,19,-26,19,-23,19,-21,21,-19,19,-21,28,-26,28,-28,26,-28,30,-30,30,-26,36,-17,41,-17,34,-17,47,-17,45,-17,36,-21,52,-6,43,-10,52,-19,50,-15,52,-10,54,-10,56,-4,43,-6,54,-13,47,-4,65,-6,54,0,56,0,60,-4,54,8,52,-2,67,-8,60,-10,65,-10,67,-6,56,2,71,-8,67,-8,87,-4,76,2,78,-2,80,4,71,2,78,-4,100,-13,80,-10,95,4,93,8,93,-8,104,2,91,17,0,0,0,0,0,0,26,-104,15,-89,17,-113,32,-95,19,-84,28,-100,19,-87,26,-102,26,-84,39,-100,45,-89,34,-82,41,-73,26,-78,19,-84,19,-78,15,-80,15,-78,30,-71,30,-63,32,-84,26,-71,36,-87,39,-73,28,-69,36,-65,26,-67,21,-80,23,-69,28,-71,26,-65,34,-67,32,-60,41,-69,34,-56,54,-65,50,-56,47,-52,54,-45,45,-39,43,-39,47,-45,45,-41,41,-34,45,-28,45,-17,50,-21,41,-17,52,-13,41,-2,36,0,34,2,32,6,30,0,34,2,28,6,23,10,0,0,0,0,0,0,0,0,0,0]"""
1782313079758,2026-06-24T23:57:59.758,warning,bed_exit,yja,bed_exit_failed,t030,"CSI_DATA,335122,1a:00:00:00:00:00,-67,11,-99,18,51,11,-1281377957,47,2,256,0,""[0,0,0,0,0,0,0,0,0,0,0,0,16,-13,20,-6,27,-9,18,-9,25,-6,23,-6,23,-6,27,-9,34,-9,34,-9,32,-4,34,-9,39,-4,46,0,36,-4,55,0,43,2,48,2,29,-2,46,-4,52,-23,52,-4,59,-9,43,2,46,2,52,-9,57,0,57,-9,62,2,48,-2,62,-4,32,-6,50,-18,48,-18,52,-23,64,-23,64,-32,57,-16,57,-29,69,-27,55,-29,73,-32,62,-29,64,-36,43,-27,52,-50,59,-50,46,-66,69,-64,64,-66,59,-43,76,-62,64,-69,64,-71,73,-59,59,-69,59,-71,0,0,0,0,0,0,-73,-62,-82,-80,-57,-41,-76,-59,-101,-73,-62,-57,-87,-64,-64,-41,-85,-62,-71,-36,-69,-29,-89,-32,-82,-36,-96,-27,-73,-39,-85,-27,-78,-18,-82,-34,-69,-23,-99,-32,-69,-16,-85,-20,-59,-11,-69,0,-73,0,-78,4,-92,4,-62,-11,-73,2,-78,6,-87,-2,-76,13,-89,-4,-66,-4,-69,0,-46,2,-66,13,-62,4,-62,18,-76,6,-71,4,-59,-2,-57,2,-62,-6,-55,-6,-57,-13,-41,-11,-46,-11,-29,-6,-41,-4,-36,-4,-39,0,-34,-6,-34,-11,-25,-11,-25,-16,-20,-16,0,0,0,0,0,0,0,0,0,0]"""
1782313079770,2026-06-24T23:57:59.770,warning,bed_exit,yja,bed_exit_failed,t030,"CSI_DATA,335123,1a:00:00:00:00:00,-67,11,-99,18,51,11,-1281365340,47,2,256,0,""[0,0,0,0,0,0,0,0,0,0,0,0,-13,-11,-18,-13,-11,-11,-18,-18,-13,-16,-20,-32,-18,-27,-18,-25,-16,-25,-16,-23,-23,-32,-25,-29,-16,-27,-20,-34,-16,-36,-13,-36,-13,-46,-18,-36,-20,-50,-20,-55,-23,-48,-4,-46,-13,-43,-23,-52,-20,-41,-23,-48,-20,-48,-18,-57,-13,-43,-20,-57,-25,-46,-20,-64,-20,-57,-20,-55,-23,-46,-20,-48,-29,-46,-46,-55,-34,-55,-36,-48,-39,-57,-39,-43,-57,-62,-39,-50,-59,-71,-48,-64,-62,-50,-59,-59,-48,-57,-57,-50,-76,-57,-69,-46,-71,-57,-76,-52,-76,-64,-87,-62,-66,-66,0,0,0,0,0,0,-64,80,-46,62,-66,92,-66,78,-41,64,-64,89,-48,62,-59,85,-41,66,-57,92,-55,89,-41,78,-43,69,-39,69,-32,92,-23,85,-23,80,-23,78,-27,76,-25,71,-25,85,-20,71,-20,87,-27,76,-13,73,-23,66,-9,73,0,78,-4,73,0,78,-11,69,-4,78,-13,62,-13,76,-6,62,-16,87,-18,71,-4,62,-13,66,-20,59,-9,59,-6,66,-11,57,-9,46,-20,52,-13,43,-20,48,-18,39,-23,43,-27,36,-23,36,-23,29,-20,20,-18,25,-23,25,-18,23,-20,20,0,0,0,0,0,0,0,0,0,0]"""
1782313079781,2026-06-24T23:57:59.781,warning,bed_exit,yja,bed_exit_failed,t030,"CSI_DATA,335124,1a:00:00:00:00:00,-67,11,-99,14,52,11,-1281356385,47,2,256,0,""[0,0,0,0,0,0,0,0,0,0,0,0,-4,-23,0,-25,4,-23,6,-25,4,-25,18,-29,4,-27,6,-29,13,-27,16,-29,20,-34,16,-29,23,-27,23,-32,23,-29,32,-34,32,-34,27,-34,39,-29,32,-29,29,-27,39,-32,32,-32,41,-32,39,-32,46,-29,41,-27,36,-36,46,-32,48,-36,36,-41,52,-34,46,-41,48,-39,46,-41,41,-39,41,-46,46,-48,50,-41,46,-43,39,-55,48,-46,43,-57,41,-57,48,-62,43,-66,43,-59,41,-71,48,-64,46,-64,55,-71,52,-64,52,-73,55,-78,59,-78,62,-76,59,-76,0,0,0,0,0,0,-85,-52,-78,-50,-94,-66,-87,-52,-76,-52,-87,-52,-78,-59,-78,-57,-76,-46,-85,-62,-82,-50,-80,-46,-64,-48,-71,-46,-80,-39,-71,-41,-71,-48,-66,-39,-73,-27,-71,-39,-78,-36,-69,-29,-76,-36,-73,-32,-78,-27,-64,-32,-73,-20,-76,-25,-73,-27,-69,-27,-66,-25,-66,-20,-64,-39,-71,-34,-62,-18,-66,-39,-71,-27,-62,-32,-59,-29,-55,-29,-50,-32,-55,-32,-48,-36,-46,-34,-43,-29,-32,-36,-32,-32,-32,-27,-32,-36,-29,-34,-25,-32,-18,-27,-13,-27,-13,-29,-6,-32,-6,-23,-13,-23,0,0,0,0,0,0,0,0,0,0]"""
1782313079792,2026-06-24T23:57:59.792,warning,bed_exit,yja,bed_exit_failed,t030,"CSI_DATA,335125,1a:00:00:00:00:00,-67,11,-99,19,51,11,-1281344221,47,2,256,0,""[0,0,0,0,0,0,0,0,0,0,0,0,-4,-20,-8,-26,-4,-15,-8,-29,-6,-24,-6,-33,0,-35,-4,-24,-6,-29,4,-24,-2,-38,4,-38,4,-40,4,-38,0,-49,0,-26,0,-53,4,-38,8,-60,2,-51,0,-40,6,-53,11,-33,13,-53,11,-55,11,-49,8,-44,6,-62,0,-40,-2,-64,0,-44,2,-80,-4,-62,-4,-60,-2,-60,-6,-58,-4,-47,-15,-67,-11,-64,-13,-58,-13,-76,-31,-40,-40,-69,-26,-62,-44,-98,-20,-69,-42,-62,-29,-78,-38,-62,-40,-71,-55,-85,-51,-67,-55,-82,-49,-64,-60,-76,-69,-91,-55,-73,0,0,0,0,0,0,-80,76,-60,53,-100,89,-73,67,-44,40,-78,76,-51,58,-80,89,-47,58,-80,85,-64,78,-58,62,-47,67,-55,49,-53,73,-44,71,-49,69,-42,64,-51,85,-15,55,-31,89,-22,62,-38,94,-31,82,-24,71,-24,71,-17,58,-24,78,-17,73,-15,69,-13,55,-20,80,2,53,-4,82,-8,62,-17,102,-15,69,-11,69,-22,64,-11,53,-15,51,-6,67,-15,60,-11,44,-17,51,-6,40,-11,55,-17,42,-29,58,-20,33,-15,35,-24,26,-17,31,-13,20,-24,29,-20,20,-17,24,0,0,0,0,0,0,0,0,0,0]"""
1782313079802,2026-06-24T23:57:59.802,warning,bed_exit,yja,bed_exit_failed,t030,"CSI_DATA,335126,1a:00:00:00:00:00,-67,11,-99,19,51,11,-1281334386,47,2,256,0,""[0,0,0,0,0,0,0,0,0,0,0,0,22,-15,15,-13,24,-8,22,-13,29,-8,24,-6,26,-11,29,-13,33,-6,35,-11,31,-2,33,-6,40,-4,42,-2,42,2,51,8,42,8,44,15,38,11,47,-2,47,-2,51,13,55,11,44,22,49,17,53,15,47,24,47,22,51,31,44,24,49,35,44,13,51,22,58,15,60,15,60,22,58,22,47,35,69,22,71,26,62,22,67,38,60,38,73,38,47,22,69,22,73,24,82,15,87,31,94,24,80,31,85,40,76,42,94,47,82,49,82,31,91,42,0,0,0,0,0,0,60,-85,78,-94,44,-69,67,-78,73,-98,60,-58,71,-85,51,-69,80,-71,47,-64,53,-64,53,-73,53,-76,51,-87,53,-62,44,-69,51,-73,55,-71,49,-60,60,-73,49,-58,60,-62,38,-58,35,-60,51,-69,42,-71,44,-76,49,-53,44,-62,42,-62,55,-62,47,-53,64,-58,53,-44,58,-42,44,-44,49,-49,49,-51,49,-53,55,-44,49,-38,53,-26,49,-33,58,-29,55,-20,51,-15,47,-4,47,-8,26,-8,42,-11,38,-6,38,-8,38,0,31,2,29,8,26,8,24,15,0,0,0,0,0,0,0,0,0,0]"""
1782313079812,2026-06-24T23:57:59.812,warning,bed_exit,yja,bed_exit_failed,t030,"CSI_DATA,335127,1a:00:00:00:00:00,-67,11,-99,13,52,11,-1281322700,47,2,256,0,""[0,0,0,0,0,0,0,0,0,0,0,0,18,-9,21,-9,23,-7,26,-9,26,-4,28,-4,30,4,30,7,33,7,33,9,28,4,30,11,35,16,37,23,40,28,33,14,40,23,37,30,33,28,37,37,35,45,35,42,26,45,26,42,26,49,23,45,28,49,26,54,35,45,30,47,28,52,21,54,16,54,23,54,11,61,16,54,16,56,28,54,21,64,26,66,11,66,30,64,35,64,26,75,18,73,7,59,21,71,4,82,21,82,11,87,23,92,28,92,11,90,14,87,33,109,0,101,4,106,0,0,0,0,0,0,104,16,99,11,101,21,94,16,94,21,94,23,92,16,99,18,94,28,87,28,85,33,73,45,94,30,78,42,78,33,78,40,78,37,75,37,78,47,75,26,78,26,73,35,73,35,68,37,66,49,75,45,59,42,66,37,59,45,59,37,59,45,59,52,59,35,61,40,54,47,49,52,37,56,35,56,35,59,35,56,26,52,30,49,21,52,21,47,14,61,21,47,14,42,4,47,2,42,-7,40,-4,40,-14,35,-7,35,-14,30,-11,26,-14,21,-18,16,0,0,0,0,0,0,0,0,0,0]"""
1782313079822,2026-06-24T23:57:59.822,warning,bed_exit,yja,bed_exit_failed,t030,"CSI_DATA,335128,1a:00:00:00:00:00,-67,11,-99,20,51,11,-1281312386,47,2,256,0,""[0,0,0,0,0,0,0,0,0,0,0,0,21,6,19,15,23,19,15,13,21,21,13,21,17,21,21,30,19,26,15,34,13,32,8,41,8,32,6,43,6,45,8,52,6,41,-2,52,-6,39,4,36,-4,41,-2,58,-17,56,-23,45,-26,47,-19,52,-26,56,-19,50,-28,58,-26,45,-23,60,-19,43,-17,54,-28,50,-28,56,-26,65,-43,63,-34,50,-43,58,-41,60,-39,54,-39,71,-39,63,-34,71,-34,52,-34,71,-41,65,-36,71,-54,76,-69,69,-52,54,-67,69,-60,69,-71,76,-67,69,-69,58,-71,71,0,0,0,0,0,0,63,78,71,95,36,69,60,84,58,106,45,84,54,97,41,76,39,89,32,76,36,71,36,91,47,87,39,95,17,80,17,87,19,89,13,84,21,80,36,91,32,73,26,89,15,63,21,63,23,78,26,80,17,87,4,67,0,80,8,76,6,80,10,76,4,84,4,69,8,78,-2,45,-2,63,-4,63,-4,67,-8,71,-23,67,-26,54,-34,54,-26,47,-26,45,-28,45,-26,30,-26,41,-23,19,-26,32,-30,23,-28,26,-32,19,-30,15,-28,6,-30,0,-26,2,0,0,0,0,0,0,0,0,0,0]"""
1782313079834,2026-06-24T23:57:59.834,warning,bed_exit,yja,bed_exit_failed,t030,"CSI_DATA,335130,1a:00:00:00:00:00,-67,11,-99,17,51,11,-1281290386,47,2,256,0,""[0,0,0,0,0,0,0,0,0,0,0,0,14,18,14,21,11,23,11,26,4,28,9,23,7,26,7,28,9,35,9,33,-4,37,-4,35,-4,40,-9,40,-16,45,-14,42,-14,42,-26,42,-18,52,-9,42,-21,33,-14,54,-23,37,-35,45,-30,52,-30,47,-35,45,-40,47,-28,47,-33,49,-37,42,-35,52,-33,49,-26,54,-33,52,-33,56,-37,56,-40,45,-30,56,-49,59,-54,59,-35,56,-42,54,-56,56,-42,59,-35,56,-37,68,-37,71,-47,82,-47,80,-52,68,-61,80,-59,73,-47,71,-68,68,-56,87,-64,80,0,0,0,0,0,0,80,87,68,85,68,82,56,78,71,71,54,94,52,78,59,82,45,85,59,71,59,61,54,64,68,68,64,61,47,71,52,68,66,66,52,71,49,75,52,61,52,59,37,68,54,59,52,59,49,54,61,61,52,52,37,61,47,64,49,52,35,64,37,66,45,61,37,64,28,59,40,61,37,59,37,54,35,56,28,64,28,54,14,61,28,59,11,56,4,59,7,47,-2,47,-2,49,-2,42,-4,37,-2,40,0,37,-7,37,-9,28,-16,26,-9,26,-18,21,0,0,0,0,0,0,0,0,0,0]"""
1782313079845,2026-06-24T23:57:59.845,warning,bed_exit,yja,bed_exit_failed,t030,"CSI_DATA,335131,1a:00:00:00:00:00,-67,11,-99,17,51,11,-1281279386,47,2,256,0,""[0,0,0,0,0,0,0,0,0,0,0,0,14,18,14,16,14,18,14,21,14,28,9,18,7,21,7,30,4,28,7,40,2,35,0,45,0,40,2,42,0,35,-11,49,-9,40,-9,47,-7,45,-4,45,-11,64,-9,45,-16,59,-21,45,-14,56,-18,47,-28,54,-7,52,-28,52,-26,59,-40,52,-28,30,-14,42,-7,61,0,47,-26,59,-30,68,-7,40,-33,68,-18,73,14,47,-47,61,-33,73,-18,92,-54,30,-4,82,-40,92,23,111,-33,92,-18,75,-9,92,-54,82,-37,94,-37,106,-56,92,-37,99,-21,113,0,0,0,0,0,0,99,21,109,49,85,28,97,30,113,47,85,35,106,45,80,35,97,42,75,40,85,37,94,37,82,33,101,28,75,35,78,40,82,37,85,33,73,23,87,37,73,30,82,28,61,21,73,18,85,21,73,18,85,26,73,26,68,28,68,26,78,26,66,16,78,33,64,26,68,23,49,26,66,23,66,28,64,21,59,30,54,40,42,40,42,42,42,37,45,30,40,42,30,33,37,30,18,28,30,35,18,30,23,30,21,35,11,30,9,28,-2,26,0,26,0,0,0,0,0,0,0,0,0,0]"""
1782313079857,2026-06-24T23:57:59.857,warning,bed_exit,yja,bed_exit_failed,t030,"CSI_DATA,335132,1a:00:00:00:00:00,-67,11,-99,17,51,11,-1281268386,47,2,256,0,""[0,0,0,0,0,0,0,0,0,0,0,0,-11,-18,-14,-21,-9,-18,-14,-21,-11,-21,-11,-26,-9,-28,-4,-23,-14,-33,-7,-28,-14,-30,-7,-37,-4,-33,-9,-40,-7,-49,-14,-40,-18,-45,-14,-47,-11,-42,0,-47,9,-49,-18,-52,-4,-56,-11,-52,-9,-49,-14,-52,-21,-54,-16,-59,-26,-49,-26,-49,-23,-54,-18,-54,-16,-54,-26,-56,-23,-56,-37,-54,-33,-56,-42,-54,-35,-54,-47,-47,-45,-59,-61,-37,-61,-42,-64,-47,-68,-47,-59,-49,-73,-45,-61,-54,-73,-35,-73,-47,-80,-33,-92,-33,-92,-33,-92,-33,-97,-21,-94,-33,-97,-37,0,0,0,0,0,0,-23,99,-26,101,-21,97,-16,106,-9,104,-11,104,0,99,-4,101,-4,92,-7,92,2,94,-14,92,16,97,-4,90,16,90,16,87,14,85,23,82,16,87,42,68,45,71,35,78,28,71,30,64,26,75,52,66,35,66,45,64,45,61,45,56,49,59,47,64,56,42,56,42,56,49,52,49,42,47,47,54,42,59,52,45,47,49,42,37,45,45,35,37,35,40,40,30,40,28,26,35,26,37,23,30,21,33,21,30,23,33,11,30,16,26,14,26,11,23,0,0,0,0,0,0,0,0,0,0]"""
1782313079868,2026-06-24T23:57:59.868,warning,bed_exit,yja,bed_exit_failed,t030,"CSI_DATA,335133,1a:00:00:00:00:00,-67,11,-99,18,51,11,-1281257354,47,2,256,0,""[0,0,0,0,0,0,0,0,0,0,0,0,-16,-13,-11,-16,-9,-18,-11,-23,-11,-23,-6,-29,0,-36,-4,-34,0,-29,0,-34,2,-39,4,-36,6,-41,4,-36,11,-46,11,-29,13,-48,13,-41,25,-48,23,-46,16,-39,27,-39,29,-29,34,-46,34,-36,39,-39,41,-34,46,-39,34,-34,36,-43,39,-36,50,-50,50,-41,46,-36,48,-34,46,-29,48,-36,52,-48,46,-41,43,-39,55,-41,46,-46,50,-55,52,-46,76,-59,69,-39,71,-43,76,-43,59,-46,66,-48,80,-62,76,-48,80,-52,85,-43,80,-57,92,-48,87,-50,0,0,0,0,0,0,-50,-101,-29,-80,-43,-110,-27,-96,-23,-78,-36,-112,-23,-80,-29,-103,-25,-82,-25,-110,-18,-105,-13,-85,-11,-85,-11,-80,-20,-89,-13,-85,-13,-85,-16,-76,-18,-82,-13,-69,-20,-89,-20,-71,-16,-96,-6,-82,-6,-71,-2,-73,-2,-64,-13,-82,-6,-76,-4,-76,-4,-66,-6,-78,-4,-59,-2,-73,4,-69,4,-87,11,-76,13,-66,18,-66,18,-59,20,-55,16,-59,20,-50,20,-48,25,-50,20,-43,27,-46,25,-36,36,-39,29,-29,29,-27,36,-18,29,-13,27,-13,29,-16,23,-9,25,-2,0,0,0,0,0,0,0,0,0,0]"""
1782313079879,2026-06-24T23:57:59.879,warning,bed_exit,yja,bed_exit_failed,t030,"CSI_DATA,335134,1a:00:00:00:00:00,-67,11,-99,17,51,11,-1281245705,47,2,256,0,""[0,0,0,0,0,0,0,0,0,0,0,0,26,9,14,4,30,14,16,7,23,14,18,14,23,7,28,18,28,16,30,30,26,23,18,23,28,28,30,33,21,26,37,37,28,26,30,35,23,28,37,37,42,42,26,42,40,37,30,45,26,42,33,45,33,45,30,30,45,49,30,37,47,42,35,35,47,40,45,42,47,42,52,30,59,42,49,35,56,47,59,42,49,28,75,40,59,23,75,30,49,18,82,14,71,26,80,14,87,30,97,28,80,30,90,28,80,14,113,16,90,18,82,23,109,9,0,0,0,0,0,0,11,-94,14,-120,11,-73,-7,-101,-2,-132,2,-80,0,-123,0,-80,-2,-109,-4,-80,-9,-85,-16,-94,-18,-87,-16,-106,-14,-87,-9,-82,-16,-87,-21,-87,-21,-66,-33,-90,-26,-59,-40,-78,-30,-54,-45,-68,-35,-71,-35,-68,-45,-80,-33,-71,-40,-66,-45,-68,-47,-64,-45,-42,-49,-71,-35,-49,-49,-54,-30,-37,-54,-56,-37,-54,-47,-45,-47,-56,-45,-54,-33,-47,-28,-59,-33,-52,-26,-37,-33,-49,-16,-35,-33,-45,-18,-26,-23,-40,-14,-33,-21,-33,-16,-35,-16,-33,-4,-33,-2,-26,0,-28,0,0,0,0,0,0,0,0,0,0]"""
1782313079890,2026-06-24T23:57:59.890,warning,bed_exit,yja,bed_exit_failed,t030,"CSI_DATA,335135,1a:00:00:00:00:00,-67,11,-99,18,51,11,-1281235386,47,2,256,0,""[0,0,0,0,0,0,0,0,0,0,0,0,-16,2,-25,2,-13,0,-27,2,-18,2,-39,2,-34,-4,-25,-4,-36,-9,-20,-6,-36,-6,-34,-11,-41,-6,-34,-4,-46,-11,-29,-9,-46,-11,-36,-6,-57,-11,-50,-23,-46,-20,-41,-13,-41,-9,-52,-16,-50,-11,-52,-23,-41,-11,-71,-29,-23,-2,-66,-2,-55,4,-80,-6,-52,0,-57,13,-48,-11,-62,-25,-29,-11,-78,11,-92,0,-59,18,-73,-13,-59,36,-85,20,-85,18,-138,18,-94,4,-78,2,-99,27,-76,41,-87,11,-87,34,-64,43,-96,29,-89,41,-99,55,-92,57,-80,34,0,0,0,0,0,0,62,92,39,64,80,117,50,87,36,50,73,92,46,55,82,85,50,50,78,103,71,76,52,62,59,66,46,55,69,66,76,59,64,50,62,41,80,50,57,27,80,43,55,29,94,48,76,43,66,32,69,25,55,25,80,18,71,20,73,20,64,23,82,27,55,6,80,6,59,11,103,18,64,25,66,11,64,20,50,18,48,11,66,9,59,13,41,11,55,16,39,4,59,11,34,13,62,29,36,16,39,18,27,20,25,16,16,20,34,23,29,18,23,20,0,0,0,0,0,0,0,0,0,0]"""
1782313079901,2026-06-24T23:57:59.901,warning,bed_exit,yja,bed_exit_failed,t030,"CSI_DATA,335136,1a:00:00:00:00:00,-67,11,-99,16,51,11,-1281224248,47,2,256,0,""[0,0,0,0,0,0,0,0,0,0,0,0,-7,-19,-9,-24,-7,-17,-12,-24,-7,-26,-4,-24,-7,-26,-7,-21,-2,-39,0,-31,4,-36,2,-36,9,-39,7,-39,7,-43,2,-34,7,-41,9,-43,7,-51,21,-48,19,-48,12,-51,19,-39,24,-48,19,-56,24,-43,26,-43,31,-58,14,-48,21,-56,21,-48,26,-61,17,-56,17,-58,19,-56,24,-61,21,-53,17,-58,19,-56,21,-58,24,-70,7,-61,2,-75,17,-78,24,-85,17,-65,12,-80,21,-75,7,-85,14,-90,12,-100,19,-90,17,-102,19,-85,14,-97,14,-109,12,-100,0,0,0,0,0,0,-112,-12,-97,-12,-122,-17,-97,-17,-82,-17,-104,-21,-90,-9,-102,-17,-90,-14,-102,-26,-97,-14,-78,-17,-92,-12,-80,-17,-85,-14,-85,-17,-82,-14,-75,-12,-92,-9,-75,-2,-85,2,-80,-4,-90,0,-78,-2,-75,9,-85,9,-63,-7,-73,4,-80,2,-68,2,-73,-2,-80,0,-65,9,-73,9,-73,0,-85,-2,-63,2,-65,7,-75,-4,-68,-4,-58,-9,-63,-4,-61,-12,-51,-9,-58,-14,-48,-9,-51,-7,-46,-19,-48,-24,-36,-12,-39,-17,-26,-19,-31,-14,-24,-24,-24,-14,-19,-19,-14,-21,0,0,0,0,0,0,0,0,0,0]"""
1782313079913,2026-06-24T23:57:59.913,warning,bed_exit,yja,bed_exit_failed,t030,"CSI_DATA,335137,1a:00:00:00:00:00,-67,11,-99,18,51,11,-1281213386,47,2,256,0,""[0,0,0,0,0,0,0,0,0,0,0,0,-23,-9,-23,-13,-16,-6,-20,-11,-20,-9,-25,-16,-16,-23,-13,-25,-20,-25,-9,-23,-25,-25,-23,-27,-25,-29,-23,-29,-25,-41,-16,-27,-20,-34,-25,-34,-20,-50,-16,-59,-23,-46,-11,-48,-13,-41,-25,-52,-20,-48,-20,-46,-18,-41,-16,-50,-18,-46,-23,-52,-27,-52,-25,-69,-11,-64,-20,-55,-16,-62,-18,-55,-27,-48,-41,-50,-32,-59,-29,-48,-29,-66,-41,-43,-55,-50,-50,-62,-59,-76,-29,-71,-46,-64,-36,-76,-41,-57,-59,-71,-78,-71,-66,-55,-64,-64,-64,-76,-78,-69,-73,-78,-66,-85,0,0,0,0,0,0,-82,71,-62,62,-85,89,-76,64,-52,46,-80,78,-57,69,-78,80,-52,71,-82,78,-71,66,-64,50,-62,55,-66,59,-55,76,-52,76,-50,71,-46,66,-55,69,-34,57,-41,78,-29,66,-46,87,-50,69,-43,62,-48,69,-34,59,-29,80,-29,73,-32,69,-32,52,-36,66,-25,59,-25,71,-23,71,-39,87,-48,57,-32,59,-43,52,-34,48,-29,48,-23,62,-29,52,-23,34,-29,41,-18,48,-23,46,-34,36,-39,39,-34,23,-27,23,-32,13,-32,18,-27,13,-32,20,-23,16,-20,9,0,0,0,0,0,0,0,0,0,0]"""
1782313079923,2026-06-24T23:57:59.923,warning,bed_exit,yja,bed_exit_failed,t030,"CSI_DATA,335138,1a:00:00:00:00:00,-67,11,-99,17,51,11,-1281202386,47,2,256,0,""[0,0,0,0,0,0,0,0,0,0,0,0,9,14,11,23,7,21,9,28,7,21,9,30,7,23,0,26,7,30,7,28,-7,33,-2,37,0,40,-7,37,-14,45,-7,33,-18,45,-26,33,-21,52,-9,35,-14,30,-23,52,-23,35,-28,45,-28,45,-33,42,-40,40,-47,47,-23,35,-35,47,-35,30,-42,56,-35,45,-30,49,-37,52,-40,52,-33,40,-45,47,-37,52,-45,47,-54,54,-37,47,-52,59,-52,49,-61,64,-52,47,-45,66,-52,59,-49,71,-45,68,-56,73,-64,68,-80,78,-49,61,-68,66,-75,82,-71,68,0,0,0,0,0,0,61,99,45,80,68,99,52,90,40,75,45,106,42,71,54,99,28,78,52,90,47,82,42,80,54,80,42,66,37,80,45,78,52,71,45,78,47,92,35,54,47,82,26,71,54,78,52,66,45,61,56,73,26,56,35,73,37,68,33,68,26,66,30,82,35,49,35,73,11,61,37,85,23,64,30,68,18,66,18,66,11,52,4,59,9,59,2,54,-2,66,2,42,-4,56,-14,47,-11,54,-9,40,-4,42,-16,37,-9,30,-11,26,-21,26,-14,21,-18,18,0,0,0,0,0,0,0,0,0,0]"""
1782313079933,2026-06-24T23:57:59.933,warning,bed_exit,yja,bed_exit_failed,t030,"CSI_DATA,335139,1a:00:00:00:00:00,-67,11,-99,18,51,11,-1281191198,47,2,256,0,""[0,0,0,0,0,0,0,0,0,0,0,0,11,13,13,20,9,16,11,23,9,16,6,32,4,29,4,29,2,34,2,27,0,34,-2,32,-2,39,-2,36,-6,46,-6,32,-6,46,-6,39,-20,59,-23,43,-25,34,-13,48,-18,32,-20,57,-23,48,-25,43,-23,43,-32,48,-23,43,-27,55,-23,43,-43,69,-34,52,-29,55,-32,52,-36,43,-27,43,-23,64,-25,59,-23,55,-34,62,-23,48,-29,78,-25,62,-46,94,-34,66,-32,71,-46,71,-36,66,-25,76,-36,103,-25,76,-41,94,-39,82,-32,94,-48,103,-41,92,0,0,0,0,0,0,96,46,73,39,126,64,87,59,59,34,99,62,76,46,105,57,69,34,103,69,82,57,66,41,64,50,64,41,89,43,82,43,78,36,64,36,82,41,59,29,85,41,59,27,96,48,80,46,71,32,69,36,50,29,80,27,73,32,64,29,59,29,71,41,55,20,76,34,57,29,87,46,59,46,59,34,59,46,41,36,39,32,55,39,50,36,41,34,36,41,29,25,39,43,25,36,32,55,18,39,23,36,9,39,9,29,9,32,9,34,6,29,4,27,0,0,0,0,0,0,0,0,0,0]"""
1782313079946,2026-06-24T23:57:59.946,warning,bed_exit,yja,bed_exit_failed,t030,"CSI_DATA,335140,1a:00:00:00:00:00,-67,11,-99,16,51,11,-1281180038,47,2,256,0,""[0,0,0,0,0,0,0,0,0,0,0,0,-4,17,-12,19,-9,17,-17,19,-17,14,-21,19,-29,17,-24,14,-29,12,-21,12,-34,17,-34,12,-34,9,-36,9,-39,7,-39,0,-48,-2,-43,-2,-48,-7,-53,-12,-41,-2,-46,-17,-41,-17,-48,-17,-51,-17,-53,-12,-51,-21,-48,-26,-41,-31,-46,-34,-43,-26,-63,-39,-48,-43,-41,-36,-43,-36,-39,-43,-48,-31,-61,-39,-56,-34,-46,-31,-53,-36,-53,-39,-68,-53,-51,-39,-73,-65,-61,-58,-63,-58,-58,-65,-51,-56,-58,-56,-70,-65,-68,-53,-65,-78,-56,-75,-61,-73,-63,-82,-53,-87,0,0,0,0,0,0,-97,53,-78,36,-109,56,-95,36,-75,34,-104,46,-85,29,-109,29,-78,34,-112,34,-102,21,-92,24,-90,14,-75,21,-95,34,-87,29,-80,29,-80,24,-87,17,-80,7,-92,17,-73,17,-90,14,-87,4,-78,9,-70,-2,-68,9,-87,17,-73,9,-78,14,-68,9,-78,0,-68,-2,-82,-12,-63,-2,-85,-12,-73,-24,-70,-19,-63,-21,-61,-29,-56,-19,-68,-14,-58,-21,-46,-24,-48,-31,-39,-26,-39,-34,-34,-29,-36,-43,-21,-39,-19,-36,-14,-34,-4,-34,-12,-24,-14,-34,-7,-31,-7,-26,0,0,0,0,0,0,0,0,0,0]"""
1782313079959,2026-06-24T23:57:59.959,warning,bed_exit,yja,bed_exit_failed,t030,"CSI_DATA,335141,1a:00:00:00:00:00,-66,11,-99,16,51,11,-1281166435,47,2,256,0,""[0,0,0,0,0,0,0,0,0,0,0,0,-17,-9,-14,-17,-14,-17,-12,-21,-12,-21,-17,-24,-14,-21,-12,-24,-12,-34,-9,-29,-4,-31,-14,-34,-9,-36,-4,-41,0,-53,-2,-34,-2,-48,2,-41,0,-48,-4,-46,-2,-41,2,-61,4,-41,12,-48,9,-53,2,-58,12,-56,12,-65,4,-48,9,-58,7,-53,4,-63,9,-56,2,-63,4,-65,0,-70,0,-53,2,-61,-2,-63,2,-70,7,-80,-4,-58,-4,-78,2,-75,-14,-82,-7,-70,-21,-80,-12,-80,-14,-95,-12,-80,-14,-82,-24,-95,-14,-112,-19,-80,-9,-100,-14,-119,-7,-87,0,0,0,0,0,0,-114,4,-104,2,-112,14,-100,0,-92,12,-112,-2,-90,2,-107,7,-90,-2,-97,17,-97,12,-87,7,-100,29,-85,14,-80,7,-87,19,-85,24,-95,14,-104,14,-68,21,-82,29,-78,12,-82,24,-70,26,-73,24,-82,36,-63,26,-70,24,-73,31,-68,34,-73,29,-85,34,-61,24,-78,29,-68,19,-75,26,-65,14,-68,26,-65,19,-70,21,-53,14,-61,14,-58,17,-58,9,-68,2,-43,4,-53,4,-46,-7,-53,-4,-36,-7,-43,0,-39,-7,-41,-2,-31,-9,-29,-9,-31,-12,-26,-17,0,0,0,0,0,0,0,0,0,0]"""
1782313079969,2026-06-24T23:57:59.969,warning,bed_exit,yja,bed_exit_failed,t030,"CSI_DATA,335142,1a:00:00:00:00:00,-66,11,-99,14,51,11,-1281158386,47,2,256,0,""[0,0,0,0,0,0,0,0,0,0,0,0,23,2,20,5,25,2,25,2,28,7,31,7,33,10,28,5,31,10,23,10,25,20,28,20,31,20,33,23,36,28,31,25,31,25,36,33,33,20,41,36,43,33,51,36,36,31,25,38,31,90,36,-10,31,15,36,41,51,41,41,46,25,28,46,23,54,20,59,36,74,23,67,33,54,38,85,41,56,38,62,43,95,38,59,12,64,41,49,43,59,-7,93,25,77,28,100,49,74,25,87,5,100,43,87,20,90,31,90,20,72,20,98,25,100,31,0,0,0,0,0,0,28,-111,31,-100,28,-108,33,-105,20,-100,36,-100,20,-87,20,-100,25,-95,7,-98,10,-100,5,-90,-5,-105,-5,-87,10,-85,-2,-93,-10,-82,2,-87,2,-95,-10,-77,-12,-82,2,-90,-23,-82,-23,-74,-23,-67,-33,-82,-23,-72,-12,-74,-25,-74,-28,-74,-20,-74,-20,-82,-23,-62,-25,-67,-18,-74,-31,-69,-23,-64,-33,-64,-25,-72,-28,-67,-20,-64,-10,-64,-20,-56,-10,-59,-7,-59,-12,-54,-10,-51,0,-51,-5,-49,0,-38,-5,-41,-2,-36,0,-41,0,-38,10,-31,10,-33,12,-28,0,0,0,0,0,0,0,0,0,0]"""
1782313079980,2026-06-24T23:57:59.980,warning,bed_exit,yja,bed_exit_failed,t030,"CSI_DATA,335143,1a:00:00:00:00:00,-66,11,-99,18,51,11,-1281146006,47,2,256,0,""[0,0,0,0,0,0,0,0,0,0,0,0,18,16,16,13,16,20,13,18,16,20,13,27,6,23,9,29,4,29,4,36,0,39,-4,34,-9,43,-6,36,-9,34,-16,46,-16,41,-13,43,-23,39,-16,52,-13,52,-32,43,-25,46,-36,39,-41,32,-41,36,-39,39,-29,36,-50,39,-46,36,-41,41,-41,29,-43,50,-46,39,-46,41,-43,39,-48,39,-52,41,-66,34,-62,36,-55,46,-69,41,-62,39,-64,52,-59,41,-66,57,-66,39,-62,52,-73,43,-82,43,-85,34,-80,27,-73,39,-105,46,-101,29,-92,29,-103,41,0,0,0,0,0,0,25,94,27,115,18,99,36,101,11,115,23,94,13,124,2,96,9,103,-2,103,6,92,11,99,0,87,-4,105,-2,92,-13,87,-13,89,-11,92,-4,76,-9,99,-6,80,-4,89,-6,78,-2,89,-4,94,-9,73,-9,85,-18,85,-27,76,-25,76,-23,76,-9,69,-32,82,-20,69,-18,76,-27,64,-29,78,-34,66,-34,62,-34,50,-46,57,-41,48,-55,41,-46,41,-32,39,-46,32,-41,27,-41,32,-39,20,-39,27,-36,13,-34,13,-34,6,-36,4,-29,-2,-29,-4,-25,-9,0,0,0,0,0,0,0,0,0,0]"""
1782313079990,2026-06-24T23:57:59.990,warning,bed_exit,yja,bed_exit_failed,t030,"CSI_DATA,335144,1a:00:00:00:00:00,-66,11,-99,19,50,11,-1281136367,47,2,256,0,""[0,0,0,0,0,0,0,0,0,0,0,0,-2,25,0,22,-5,27,-7,22,-15,25,-7,22,-5,30,-15,30,-15,30,-15,35,-20,32,-17,35,-17,30,-32,30,-27,27,-35,37,-32,32,-47,30,-32,20,-27,37,-32,35,-42,37,-47,40,-40,25,-40,32,-52,35,-55,32,-42,25,-60,27,-47,22,-62,22,-40,27,-40,30,-42,35,-47,42,-52,45,-57,55,-57,32,-50,47,-62,42,-55,45,-67,45,-65,37,-70,37,-45,45,-60,57,-55,52,-45,72,-72,67,-60,67,-62,47,-75,70,-75,67,-62,70,-82,55,-65,67,-80,65,0,0,0,0,0,0,65,90,70,102,57,62,55,95,70,100,45,90,60,100,45,80,45,108,60,70,57,60,75,72,67,70,80,72,50,67,67,62,60,57,62,72,55,67,62,70,57,60,55,75,55,42,57,47,70,57,65,52,75,55,55,65,60,52,65,47,62,55,62,50,60,72,42,57,50,62,40,37,52,50,50,47,57,45,55,57,55,55,30,57,45,55,32,57,27,55,17,57,12,50,12,50,15,32,20,45,15,40,17,40,5,47,7,37,-2,32,0,30,-7,30,0,0,0,0,0,0,0,0,0,0]"""
1782313080001,2026-06-24T23:58:00.001,warning,bed_exit,yja,bed_exit_failed,t030,"CSI_DATA,335145,1a:00:00:00:00:00,-66,11,-99,18,51,11,-1281125328,47,2,256,0,""[0,0,0,0,0,0,0,0,0,0,0,0,-13,-20,-11,-16,-16,-25,-9,-18,-16,-27,-4,-23,-9,-29,-11,-29,-4,-29,-16,-41,-9,-36,-4,-34,-9,-39,-2,-43,-4,-27,2,-55,4,-39,9,-50,4,-39,-2,-52,-11,-62,11,-48,2,-59,9,-50,2,-52,11,-46,16,-57,-4,-41,18,-64,6,-52,20,-71,11,-50,6,-76,18,-50,4,-62,27,-66,-13,-62,13,-78,-9,-52,-6,-57,-11,-80,4,-82,25,-64,-6,-78,-18,-34,-9,-85,-9,-110,-23,-96,-29,-108,4,-85,-20,-99,4,-108,-16,-99,-20,-110,-13,-112,-20,-76,-34,-99,0,0,0,0,0,0,-92,18,-124,20,-89,9,-105,16,-122,23,-87,6,-119,20,-85,13,-119,20,-87,18,-99,13,-96,23,-85,13,-103,36,-85,25,-82,23,-85,29,-87,29,-62,25,-101,27,-66,20,-92,36,-57,32,-76,36,-76,46,-66,39,-85,46,-78,43,-69,41,-73,46,-71,41,-52,34,-92,36,-64,25,-69,34,-50,20,-73,43,-69,27,-55,41,-59,23,-73,27,-66,18,-62,18,-57,13,-48,18,-64,9,-46,6,-55,16,-32,9,-55,4,-39,0,-36,9,-39,-2,-41,-2,-36,-6,-29,-2,-25,-13,0,0,0,0,0,0,0,0,0,0]"""
1782313080012,2026-06-24T23:58:00.012,warning,bed_exit,yja,bed_exit_failed,t030,"CSI_DATA,335146,1a:00:00:00:00:00,-66,11,-99,20,50,11,-1281114329,47,2,256,0,""[0,0,0,0,0,0,0,0,0,0,0,0,9,19,7,21,4,29,7,24,4,26,-2,34,7,29,9,39,0,31,-2,39,-4,43,-4,39,0,36,-12,39,-7,36,-14,46,-7,43,-17,53,-19,51,-17,39,-12,43,-17,43,-21,58,-19,51,-26,48,-21,58,-19,53,-12,48,-26,56,-17,48,-17,65,-21,58,-17,68,-14,58,-17,61,-14,58,-19,65,-14,78,-12,68,-7,65,2,53,-7,82,-4,73,4,80,-4,80,7,95,7,90,7,90,7,80,7,95,4,97,4,85,9,82,14,117,9,97,14,87,19,117,0,0,0,0,0,0,92,-17,107,-21,102,-12,107,-26,109,-24,100,-26,117,-21,95,-24,109,-39,107,-31,112,-29,97,-39,82,-29,90,-34,102,-34,85,-34,85,-39,78,-29,61,-36,85,-48,75,-43,78,-48,73,-51,78,-51,70,-53,58,-39,70,-53,68,-61,65,-48,63,-56,63,-51,48,-46,70,-53,53,-48,65,-61,58,-51,58,-58,56,-51,51,-53,53,-39,63,-39,58,-41,63,-31,53,-34,43,-29,56,-26,48,-24,46,-31,46,-21,43,-29,43,-17,39,-14,34,-7,29,-9,39,-4,31,-2,26,0,0,0,0,0,0,0,0,0,0,0]"""
1782313080023,2026-06-24T23:58:00.023,warning,bed_exit,yja,bed_exit_failed,t030,"CSI_DATA,335147,1a:00:00:00:00:00,-66,11,-99,15,51,11,-1281101937,47,2,256,0,""[0,0,0,0,0,0,0,0,0,0,0,0,-22,12,-22,12,-30,7,-25,2,-32,5,-22,2,-27,7,-40,5,-37,0,-45,0,-35,0,-37,-2,-37,-7,-42,-10,-35,-10,-52,-15,-40,-10,-55,-15,-35,-17,-42,-20,-62,-25,-45,-17,-65,-20,-42,-22,-47,-25,-55,-25,-52,-30,-50,-22,-55,-37,-50,-30,-57,-27,-42,-25,-52,-20,-55,-27,-57,-15,-67,-27,-67,-30,-62,-22,-70,-32,-75,-27,-67,-25,-77,-32,-67,-25,-75,-10,-55,-20,-85,-12,-72,-22,-92,0,-100,-30,-95,-15,-77,-25,-100,-27,-97,-20,-102,-17,-97,-22,-87,-25,-105,-17,0,0,0,0,0,0,-17,105,-32,125,-25,80,-15,102,-30,123,-25,92,-30,118,-22,92,-27,113,-20,82,-20,90,-15,110,-12,95,-12,105,-7,85,-12,87,-7,92,-12,95,-10,80,-12,105,-2,82,-2,95,0,67,-2,72,2,87,2,87,5,95,0,77,0,87,10,82,7,90,12,75,-7,90,-2,72,10,77,-5,57,5,72,-12,72,5,70,-7,82,-10,72,-12,57,-17,65,-15,67,-15,62,-20,57,-20,45,-10,50,-12,30,-12,42,-20,32,-12,42,-25,30,-17,32,-20,25,-25,25,-22,25,0,0,0,0,0,0,0,0,0,0]"""
1782313080035,2026-06-24T23:58:00.035,warning,bed_exit,yja,bed_exit_failed,t030,"CSI_DATA,335148,1a:00:00:00:00:00,-66,11,-99,18,50,11,-1281090332,47,2,256,0,""[0,0,0,0,0,0,0,0,0,0,0,0,2,20,5,28,5,20,5,25,5,28,2,31,0,38,-10,25,-7,38,-7,31,-10,38,-12,36,-12,43,-7,43,-10,49,-12,31,-15,41,-12,41,-20,54,-33,62,-18,54,-25,46,-25,41,-23,59,-25,54,-23,43,-25,43,-28,54,-18,49,-20,62,-18,51,-23,77,-25,62,-25,56,-28,64,-25,56,-15,49,-7,69,-10,69,-5,59,-15,69,7,62,5,74,5,80,-2,103,-10,80,7,82,-18,90,2,80,10,87,18,105,18,87,12,93,15,103,36,100,23,113,15,116,0,0,0,0,0,0,113,-25,95,-25,129,-31,108,-23,72,-12,113,-28,82,-36,113,-33,82,-36,118,-28,113,-25,90,-12,87,-28,87,-20,93,-43,82,-38,85,-41,74,-41,82,-41,59,-46,74,-54,67,-51,90,-62,87,-51,67,-46,67,-41,51,-38,64,-64,59,-56,54,-49,51,-46,64,-51,43,-56,46,-62,54,-59,74,-72,67,-46,59,-46,67,-38,49,-38,46,-38,51,-54,49,-41,38,-31,46,-31,36,-36,43,-36,46,-25,54,-31,41,-15,41,-20,38,-7,38,-15,38,-5,36,-15,25,-10,28,-7,0,0,0,0,0,0,0,0,0,0]"""
1782313080046,2026-06-24T23:58:00.046,warning,bed_exit,yja,bed_exit_failed,t030,"CSI_DATA,335149,1a:00:00:00:00:00,-66,11,-99,18,50,11,-1281079883,47,2,256,0,""[0,0,0,0,0,0,0,0,0,0,0,0,7,-23,10,-31,12,-15,12,-28,12,-25,18,-28,23,-31,18,-20,23,-33,20,-23,28,-25,33,-31,31,-28,33,-28,41,-36,31,-25,41,-25,36,-28,43,-28,36,-43,25,-31,46,-41,41,-25,49,-28,51,-33,51,-31,46,-36,56,-36,41,-33,62,-31,54,-38,46,-51,59,-41,51,-59,38,-41,54,-67,46,-67,41,-56,36,-64,41,-18,49,-54,23,-64,41,-80,38,-72,43,-85,72,-74,33,-85,36,-77,51,-90,43,-93,36,-105,46,-113,33,-80,31,-93,23,-93,12,-118,25,-98,0,0,0,0,0,0,-113,-12,-105,-23,-118,-20,-111,-12,-93,-23,-113,-28,-93,-7,-113,-10,-85,-5,-111,-12,-105,0,-90,0,-105,5,-93,-10,-95,-7,-95,-2,-87,5,-85,0,-103,7,-72,18,-90,23,-82,15,-98,23,-82,28,-77,28,-82,36,-72,18,-72,28,-74,28,-72,20,-72,15,-85,28,-56,36,-64,38,-72,36,-87,41,-64,25,-64,41,-72,33,-64,25,-64,23,-59,25,-56,25,-51,20,-54,18,-46,28,-51,23,-54,10,-56,10,-38,12,-46,12,-41,7,-38,7,-38,-2,-36,5,-33,2,-31,-2,0,0,0,0,0,0,0,0,0,0]"""
1782313080056,2026-06-24T23:58:00.056,warning,bed_exit,yja,bed_exit_failed,t030,"CSI_DATA,335150,1a:00:00:00:00:00,-66,11,-99,19,50,11,-1281070387,47,2,256,0,""[0,0,0,0,0,0,0,0,0,0,0,0,10,17,20,20,15,20,17,25,17,20,15,37,7,35,12,32,7,30,-2,35,12,42,7,40,5,42,5,42,2,50,0,37,2,52,7,42,-2,60,-15,55,-12,47,-2,50,-5,55,-7,65,-2,57,-7,55,0,52,2,62,0,52,0,65,2,60,-2,80,0,67,-2,62,-2,65,5,62,7,65,20,75,7,70,10,62,15,77,20,62,25,77,27,72,30,97,25,87,37,77,22,90,25,80,27,85,45,95,42,80,45,97,45,97,50,90,40,105,47,100,0,0,0,0,0,0,97,-57,85,-40,115,-57,92,-60,80,-42,97,-65,82,-47,102,-62,77,-50,102,-67,92,-62,77,-50,80,-45,77,-42,82,-72,77,-60,72,-57,62,-47,70,-60,50,-55,62,-75,50,-62,75,-77,65,-70,52,-65,55,-52,50,-65,60,-72,52,-60,50,-65,40,-57,45,-70,35,-60,45,-70,35,-60,60,-77,52,-65,45,-62,52,-52,37,-50,40,-45,40,-65,45,-42,32,-45,42,-40,35,-35,42,-45,35,-35,50,-40,40,-27,37,-27,35,-20,30,-17,30,-12,32,-15,30,-12,25,-15,0,0,0,0,0,0,0,0,0,0]"""
1782313080068,2026-06-24T23:58:00.068,warning,bed_exit,yja,bed_exit_failed,t030,"CSI_DATA,335151,1a:00:00:00:00:00,-66,11,-99,14,51,11,-1281057110,47,2,256,0,""[0,0,0,0,0,0,0,0,0,0,0,0,15,20,12,18,10,28,5,25,7,33,5,33,2,28,2,38,-5,31,-7,41,-7,38,-12,36,-12,41,-15,43,-15,36,-25,49,-20,38,-25,46,-28,38,-28,51,-28,54,-38,28,-43,46,-43,43,-43,33,-43,38,-43,36,-31,38,-62,41,-51,38,-46,43,-43,31,-54,43,-59,31,-51,41,-49,36,-59,41,-59,38,-64,36,-64,41,-54,43,-67,41,-62,38,-67,54,-54,38,-72,62,-72,46,-67,56,-72,46,-82,46,-90,36,-82,38,-77,43,-105,54,-100,41,-87,36,-100,46,0,0,0,0,0,0,25,98,36,118,36,100,38,103,38,116,33,85,31,118,20,100,28,111,15,103,23,103,28,108,7,82,20,108,18,95,10,82,10,93,12,90,20,77,10,103,12,80,23,90,5,87,10,90,12,95,2,80,7,93,7,87,0,80,0,85,5,85,7,62,-10,98,-5,77,0,77,-12,69,-5,85,-15,74,-10,72,-15,59,-20,69,-23,67,-33,56,-28,56,-20,51,-36,54,-28,38,-28,38,-31,28,-31,41,-33,31,-31,28,-31,18,-31,20,-31,15,-25,2,-28,5,0,0,0,0,0,0,0,0,0,0]"""
1782313080078,2026-06-24T23:58:00.078,warning,bed_exit,yja,bed_exit_failed,t030,"CSI_DATA,335152,1a:00:00:00:00:00,-66,11,-99,19,50,11,-1281047692,47,2,256,0,""[0,0,0,0,0,0,0,0,0,0,0,0,22,-2,30,-2,20,-5,27,5,27,-2,40,0,42,7,32,5,40,7,25,17,37,10,37,15,40,20,37,25,42,30,35,15,47,25,42,20,52,27,47,42,45,37,42,30,37,30,40,40,45,42,40,42,42,37,50,42,40,25,52,37,42,32,62,50,52,42,52,37,50,42,52,37,52,32,65,32,55,40,47,37,62,50,67,10,80,22,67,40,100,45,65,37,82,25,82,40,77,30,82,37,97,40,90,32,97,40,95,35,102,35,108,42,108,45,0,0,0,0,0,0,45,-108,37,-90,57,-128,35,-97,35,-80,45,-115,32,-82,45,-113,27,-85,50,-115,35,-102,40,-80,22,-92,42,-80,35,-92,25,-92,30,-90,30,-80,35,-92,10,-72,7,-92,15,-82,17,-108,30,-85,12,-70,10,-85,15,-70,15,-82,7,-82,15,-77,17,-65,17,-87,2,-60,5,-80,12,-77,20,-97,22,-70,7,-72,32,-65,15,-65,15,-55,7,-57,25,-57,17,-50,25,-52,5,-47,20,-57,25,-42,35,-55,22,-27,25,-42,27,-32,25,-30,30,-22,22,-32,22,-22,22,-15,0,0,0,0,0,0,0,0,0,0]"""
1782313080088,2026-06-24T23:58:00.088,warning,bed_exit,yja,bed_exit_failed,t030,"CSI_DATA,335153,1a:00:00:00:00:00,-66,11,-99,20,50,11,-1281036264,47,2,256,0,""[0,0,0,0,0,0,0,0,0,0,0,0,7,-21,14,-24,14,-19,21,-24,12,-21,31,-24,34,-17,21,-19,31,-14,29,-21,36,-19,36,-21,39,-19,41,-14,46,-12,41,-4,53,-4,41,-9,61,-4,68,4,61,2,43,4,51,7,58,0,58,-2,58,2,53,7,63,12,51,9,63,12,56,12,75,19,68,21,61,12,63,17,58,24,61,7,80,7,70,2,65,2,65,14,68,14,82,17,73,12,102,24,80,29,90,21,85,34,82,24,85,12,107,9,95,17,102,26,97,26,107,12,104,36,97,29,0,0,0,0,0,0,51,-104,39,-80,51,-119,58,-90,46,-78,61,-104,41,-82,58,-107,39,-85,70,-102,70,-87,56,-87,58,-70,39,-73,43,-95,41,-87,39,-87,34,-78,48,-80,48,-63,53,-78,39,-68,53,-87,53,-80,43,-70,48,-68,41,-61,41,-90,31,-73,39,-75,39,-65,48,-68,43,-56,53,-65,48,-56,61,-70,63,-51,58,-51,56,-46,53,-36,48,-39,51,-48,51,-46,46,-36,51,-29,41,-19,51,-17,46,-17,58,-19,46,-7,41,-2,46,2,34,2,31,-2,39,-2,34,4,31,4,0,0,0,0,0,0,0,0,0,0]"""
1782313080100,2026-06-24T23:58:00.100,warning,bed_exit,yja,bed_exit_failed,t030,"CSI_DATA,335154,1a:00:00:00:00:00,-66,11,-99,14,51,11,-1281024836,47,2,256,0,""[0,0,0,0,0,0,0,0,0,0,0,0,7,-23,15,-23,12,-20,20,-23,20,-18,23,-25,25,-23,20,-23,25,-20,31,-20,31,-28,31,-31,33,-25,31,-28,41,-33,38,-18,46,-31,31,-23,51,-31,46,-31,41,-33,54,-23,38,-25,51,-38,41,-33,43,-36,41,-33,51,-38,43,-33,51,-43,43,-38,62,-49,59,-41,51,-43,51,-46,41,-41,36,-46,36,-67,38,-62,31,-54,41,-67,31,-54,33,-77,28,-69,41,-90,33,-72,18,-82,31,-85,36,-77,23,-93,12,-113,5,-87,12,-98,18,-103,10,-111,15,-116,25,-108,0,0,0,0,0,0,-118,-10,-90,-2,-131,2,-108,-5,-85,0,-118,5,-98,0,-121,7,-98,10,-121,10,-108,7,-98,18,-87,7,-90,15,-95,41,-87,36,-87,38,-74,31,-90,38,-69,31,-82,36,-69,38,-95,56,-87,41,-74,46,-72,41,-54,49,-67,62,-62,59,-54,59,-54,49,-56,54,-51,46,-56,62,-46,51,-67,72,-64,54,-46,49,-56,56,-46,36,-43,43,-41,56,-49,49,-33,38,-41,38,-33,33,-38,43,-36,31,-46,36,-38,23,-33,25,-33,18,-33,18,-31,18,-28,20,-23,12,-23,15,0,0,0,0,0,0,0,0,0,0]"""
1782313080111,2026-06-24T23:58:00.111,warning,bed_exit,yja,bed_exit_failed,t030,"CSI_DATA,335155,1a:00:00:00:00:00,-66,11,-99,14,51,11,-1281015245,47,2,256,0,""[0,0,0,0,0,0,0,0,0,0,0,0,25,2,25,5,23,5,28,7,28,18,31,12,31,10,31,15,36,18,28,23,25,31,31,31,25,28,25,36,28,38,38,38,31,36,25,43,25,43,23,33,10,41,31,54,20,59,15,54,18,56,20,56,15,62,23,56,18,59,20,56,18,62,18,56,15,56,23,56,20,59,36,67,25,67,20,67,23,62,18,69,23,77,36,64,33,77,23,77,38,80,41,72,36,80,38,87,41,90,38,85,28,90,36,98,41,103,46,93,31,95,41,103,38,111,0,0,0,0,0,0,113,-33,108,-18,105,-15,111,-31,111,-31,113,-18,103,-20,105,-20,95,-5,100,-20,98,-20,100,-15,108,-31,98,-10,93,-5,95,-10,95,-7,95,-10,95,-10,87,-25,87,-28,87,-18,77,-20,77,-23,82,-15,87,-25,87,-15,80,-7,77,-12,74,-20,85,-10,87,-12,77,-20,80,-10,74,-2,74,-12,69,-7,77,-12,77,0,74,-7,67,5,67,12,62,7,59,10,62,12,54,5,54,5,43,15,46,15,38,15,43,18,38,18,36,15,25,25,28,23,23,20,18,28,0,0,0,0,0,0,0,0,0,0]"""
1782313080122,2026-06-24T23:58:00.122,warning,bed_exit,yja,bed_exit_failed,t030,"CSI_DATA,335156,1a:00:00:00:00:00,-66,11,-99,19,50,11,-1281004387,47,2,256,0,""[0,0,0,0,0,0,0,0,0,0,0,0,22,15,25,15,17,7,22,15,20,15,20,22,25,22,17,27,30,30,15,27,25,30,22,35,25,32,27,40,30,45,37,27,40,37,32,42,25,42,30,47,15,60,35,45,20,50,30,42,32,45,37,47,37,45,35,55,45,37,47,40,47,47,45,50,42,45,45,50,42,52,52,40,50,47,62,37,65,40,60,32,67,42,77,12,82,17,80,27,90,27,72,30,87,27,87,42,90,25,95,27,97,2,110,0,110,10,113,5,110,-7,97,7,110,10,0,0,0,0,0,0,5,-115,-12,-110,-2,-115,-7,-115,-5,-110,-10,-118,-25,-100,-27,-105,-12,-100,-20,-102,-20,-102,-2,-95,-30,-102,-12,-92,-30,-95,-32,-97,-35,-87,-35,-85,-40,-95,-60,-65,-65,-70,-50,-80,-45,-70,-42,-65,-40,-75,-57,-65,-47,-67,-55,-57,-55,-57,-55,-52,-62,-55,-60,-67,-67,-37,-70,-32,-70,-47,-67,-52,-52,-50,-55,-50,-50,-60,-57,-40,-52,-45,-50,-40,-45,-37,-50,-37,-45,-45,-47,-27,-52,-30,-37,-35,-37,-32,-25,-27,-30,-32,-20,-35,-30,-30,-17,-30,-17,-25,-20,-30,-15,-25,0,0,0,0,0,0,0,0,0,0]"""
1782313080136,2026-06-24T23:58:00.136,warning,bed_exit,yja,bed_exit_failed,t030,"CSI_DATA,335157,1a:00:00:00:00:00,-66,11,-99,19,50,11,-1280988255,47,2,256,0,""[0,0,0,0,0,0,0,0,0,0,0,0,15,5,27,15,17,10,27,22,15,12,27,30,17,27,12,17,17,27,15,27,20,35,15,37,17,45,10,40,20,52,5,30,20,55,10,40,12,70,-2,60,-7,45,10,52,-10,47,-2,67,-5,62,-10,60,-10,52,-10,70,7,42,0,72,-2,52,-5,90,-10,70,2,67,-5,70,-5,62,-5,55,0,70,0,65,-5,57,-2,80,10,60,15,90,0,70,-7,128,0,82,2,90,-20,92,-2,82,0,87,2,123,0,92,-7,113,-15,90,5,115,-7,138,-7,108,0,0,0,0,0,0,115,20,82,10,155,22,110,22,70,20,133,27,80,15,133,25,80,10,133,45,110,32,85,30,97,25,70,30,102,32,95,27,90,22,80,27,105,32,60,10,102,15,70,12,120,27,97,27,82,20,85,17,60,22,92,17,80,22,75,27,67,25,87,32,57,0,90,17,62,17,108,35,72,35,72,22,65,35,55,27,50,27,67,32,55,35,40,30,47,40,37,17,52,35,32,32,47,52,25,32,27,35,17,40,20,32,10,25,17,35,10,27,7,30,0,0,0,0,0,0,0,0,0,0]"""
1782313080146,2026-06-24T23:58:00.146,warning,bed_exit,yja,bed_exit_failed,t030,"CSI_DATA,335158,1a:00:00:00:00:00,-66,11,-99,17,50,11,-1280982338,47,2,256,0,""[0,0,0,0,0,0,0,0,0,0,0,0,21,-10,23,-10,26,-10,26,-7,34,-2,26,-2,23,-2,31,5,39,-7,42,-5,39,5,39,5,37,2,45,7,39,10,55,26,39,18,47,31,39,13,39,21,55,29,47,21,55,31,42,31,47,29,47,31,42,42,39,39,47,50,39,45,37,53,37,31,50,37,50,42,55,37,53,47,53,53,37,55,58,45,58,58,55,50,50,74,45,63,58,61,45,37,69,61,63,58,77,50,77,74,77,63,55,69,63,79,61,79,74,82,58,90,74,77,69,87,0,0,0,0,0,0,101,-47,125,-55,79,-47,103,-34,122,-53,98,-26,125,-45,95,-39,114,-29,82,-37,82,-39,95,-34,98,-39,103,-55,90,-18,85,-39,93,-42,90,-34,82,-21,98,-31,74,-26,98,-15,66,-31,69,-29,85,-26,79,-39,87,-39,79,-21,79,-29,77,-31,85,-15,71,-21,93,-13,74,-10,79,0,58,-10,69,-15,71,-13,71,-21,74,-5,79,0,63,18,66,5,66,13,58,10,61,21,42,15,53,29,31,13,39,21,37,21,37,15,37,23,34,21,21,29,21,26,15,23,0,0,0,0,0,0,0,0,0,0]"""
1782313080158,2026-06-24T23:58:00.158,warning,bed_exit,yja,bed_exit_failed,t030,"CSI_DATA,335159,1a:00:00:00:00:00,-66,11,-99,16,50,11,-1280966089,47,2,256,0,""[0,0,0,0,0,0,0,0,0,0,0,0,8,21,13,21,2,32,5,24,0,27,5,27,5,30,-2,32,5,35,-2,35,-5,41,-10,43,-8,41,-10,46,-10,43,-8,49,-10,49,-16,52,-16,49,-21,43,-27,46,-19,57,-19,54,-27,46,-27,52,-24,52,-30,54,-27,54,-24,60,-27,52,-30,60,-24,54,-19,54,-19,60,-19,65,-8,73,-16,76,-24,65,-21,71,-24,73,-24,73,-10,82,-13,76,-30,82,-8,79,-2,82,5,93,-5,93,-2,95,-8,101,-19,93,-13,104,-2,106,-2,104,-10,106,-2,109,-10,109,0,0,0,0,0,0,112,19,123,21,98,13,109,10,125,5,109,19,112,21,101,10,109,24,101,5,104,-5,104,2,106,-13,109,8,98,13,98,0,95,0,95,2,98,2,98,-13,84,-8,95,0,82,-10,82,-19,87,-16,90,-27,87,-24,93,-5,84,-16,82,-16,87,-10,84,-10,84,-19,79,-16,79,-13,71,-13,71,-21,73,-19,73,-21,71,-21,71,-5,65,0,71,0,65,2,60,5,57,0,54,8,49,5,41,5,46,5,43,2,43,2,38,8,32,8,30,19,30,13,21,21,0,0,0,0,0,0,0,0,0,0]"""
1782313080170,2026-06-24T23:58:00.170,warning,bed_exit,yja,bed_exit_failed,t030,"CSI_DATA,335160,1a:00:00:00:00:00,-66,11,-99,14,51,11,-1280960387,47,2,256,0,""[0,0,0,0,0,0,0,0,0,0,0,0,-12,18,-23,18,-20,12,-28,12,-23,20,-31,12,-28,7,-31,10,-38,15,-33,5,-36,10,-43,7,-43,5,-43,5,-49,0,-46,0,-46,5,-54,0,-54,-10,-51,-2,-41,-7,-64,-12,-49,-18,-51,-12,-56,-20,-56,-18,-56,-10,-64,-23,-56,-10,-59,-15,-64,-12,-64,-12,-54,-20,-56,-23,-64,-20,-64,-15,-72,-12,-67,-10,-67,-12,-64,-12,-74,-18,-82,2,-77,7,-87,-7,-93,-7,-74,-10,-90,0,-93,-20,-95,-5,-108,-15,-108,-5,-108,2,-100,-10,-105,-10,-108,5,-103,-15,-111,-25,0,0,0,0,0,0,-25,124,-25,108,-20,116,-23,108,-15,111,-18,113,-23,111,-25,113,-15,105,-25,105,-28,105,-33,90,-23,105,-31,95,-20,93,-20,100,-15,93,-20,95,-25,95,-2,93,-5,87,-7,98,-12,93,-20,90,-23,85,-10,90,-7,80,-12,80,-12,85,-7,80,-12,80,-18,85,0,77,0,80,-5,87,-10,87,-23,69,-15,69,-31,74,-20,72,-15,69,-15,69,-20,59,-20,54,-23,54,-18,59,-15,54,-33,49,-23,46,-28,31,-25,41,-28,28,-28,28,-31,25,-28,23,-25,18,-28,18,0,0,0,0,0,0,0,0,0,0]"""
1782313080180,2026-06-24T23:58:00.180,warning,bed_exit,yja,bed_exit_failed,t030,"CSI_DATA,335161,1a:00:00:00:00:00,-66,11,-99,17,50,11,-1280949387,47,2,256,0,""[0,0,0,0,0,0,0,0,0,0,0,0,18,13,21,13,15,10,21,21,21,15,15,26,15,34,15,23,13,34,10,34,18,39,18,39,10,42,13,39,7,50,5,34,13,50,15,42,7,61,10,63,7,47,5,61,-5,47,5,63,2,61,0,58,0,50,-5,63,13,53,7,63,5,58,10,82,5,74,7,69,-2,74,0,63,7,61,21,71,21,69,10,63,7,71,31,58,31,74,29,87,26,106,7,85,29,82,7,93,26,85,31,93,50,103,42,82,37,87,31,101,53,101,42,109,37,111,0,0,0,0,0,0,114,-45,98,-34,130,-39,106,-34,87,-21,109,-42,90,-34,119,-45,93,-42,119,-37,114,-31,95,-21,90,-29,90,-23,95,-47,87,-42,87,-39,82,-37,95,-39,58,-45,74,-50,74,-47,95,-55,87,-37,82,-39,74,-39,71,-31,77,-55,74,-47,69,-45,63,-37,69,-39,53,-45,63,-50,69,-47,87,-58,79,-26,66,-34,79,-23,61,-23,58,-26,66,-39,61,-26,50,-18,61,-15,47,-26,50,-23,55,-13,63,-7,45,2,45,-5,45,5,37,-2,39,5,37,-2,34,2,26,5,0,0,0,0,0,0,0,0,0,0]"""
1782313080191,2026-06-24T23:58:00.191,warning,bed_exit,yja,bed_exit_failed,t030,"CSI_DATA,335162,1a:00:00:00:00:00,-66,11,-99,17,50,11,-1280937461,47,2,256,0,""[0,0,0,0,0,0,0,0,0,0,0,0,13,-18,10,-13,18,-23,15,-18,21,-23,26,-18,23,-23,29,-29,23,-21,29,-26,26,-23,34,-15,34,-15,31,-18,31,-21,50,-29,37,-21,47,-29,45,-18,50,-18,61,-26,42,-18,55,-31,55,-23,45,-15,55,-23,47,-29,47,-29,63,-29,50,-31,50,-39,55,-26,53,-42,53,-34,53,-42,47,-39,63,-47,58,-50,55,-47,53,-53,42,-53,66,-63,53,-61,42,-69,50,-55,53,-98,47,-71,37,-85,47,-77,50,-79,61,-79,55,-77,47,-90,61,-109,53,-90,45,-85,45,-103,0,0,0,0,0,0,-101,-29,-119,-45,-98,-42,-122,-34,-119,-47,-98,-23,-119,-45,-93,-29,-106,-29,-103,-31,-103,-26,-117,-13,-93,-26,-106,-15,-103,-18,-90,-18,-98,-15,-101,-5,-79,5,-106,-10,-90,-2,-95,18,-82,0,-90,10,-93,21,-79,5,-95,13,-87,15,-85,15,-82,15,-82,23,-63,29,-93,18,-77,15,-74,23,-74,10,-85,31,-69,18,-71,26,-69,15,-74,15,-71,13,-71,2,-63,10,-55,13,-63,7,-50,2,-50,13,-42,-2,-53,10,-45,0,-42,5,-37,-2,-34,0,-34,-2,-29,-5,-29,-7,0,0,0,0,0,0,0,0,0,0]"""
1782313080201,2026-06-24T23:58:00.201,warning,bed_exit,yja,bed_exit_failed,t030,"CSI_DATA,335163,1a:00:00:00:00:00,-66,11,-99,17,50,11,-1280925708,47,2,256,0,""[0,0,0,0,0,0,0,0,0,0,0,0,-2,18,-7,26,-7,18,-10,31,0,18,-23,34,-21,34,-15,26,-18,34,-21,18,-29,29,-29,37,-26,26,-26,26,-39,37,-29,26,-42,37,-31,31,-50,39,-39,34,-31,15,-42,37,-45,13,-47,34,-47,29,-53,26,-47,23,-61,34,-34,29,-47,42,-47,29,-69,47,-58,37,-50,37,-55,42,-53,39,-47,34,-55,47,-53,47,-42,39,-55,53,-42,50,-58,71,-47,53,-87,77,-61,53,-61,74,-77,61,-55,69,-55,66,-61,87,-69,74,-77,93,-71,66,-61,87,-85,93,-71,87,0,0,0,0,0,0,95,85,63,61,111,95,85,74,55,61,101,82,66,53,98,87,66,50,98,95,85,77,71,69,82,69,55,58,74,69,77,71,77,66,61,58,87,69,55,34,87,50,69,45,95,63,85,47,74,37,74,42,61,39,79,42,77,45,71,47,61,42,87,55,61,23,87,39,69,34,95,55,63,42,71,37,61,55,53,37,45,39,63,39,53,37,42,39,50,47,37,26,53,42,34,34,42,58,23,37,31,42,18,39,23,37,10,26,23,37,15,29,7,31,0,0,0,0,0,0,0,0,0,0]"""
1782313080215,2026-06-24T23:58:00.215,warning,bed_exit,yja,bed_exit_failed,t030,"CSI_DATA,335164,1a:00:00:00:00:00,-66,11,-99,18,50,11,-1280910135,47,2,256,0,""[0,0,0,0,0,0,0,0,0,0,0,0,20,-12,20,-7,25,-7,25,-5,25,-10,28,-5,33,-2,28,-2,31,-5,36,-7,38,-10,38,-10,43,-5,36,0,38,0,43,-2,46,-2,46,0,56,2,59,-2,56,-7,51,7,51,0,62,-2,54,0,59,-2,59,-2,49,0,62,2,56,0,62,-2,72,-2,74,-5,69,-7,64,-7,59,-5,64,-15,72,-25,72,-23,69,-25,64,-25,72,-25,72,-28,72,-38,82,-38,80,-49,72,-49,74,-46,82,-41,80,-54,87,-67,74,-56,72,-62,98,-67,87,-69,82,-64,98,-72,0,0,0,0,0,0,-72,-85,-72,-85,-85,-85,-74,-82,-74,-69,-74,-69,-80,-85,-82,-77,-87,-74,-82,-80,-87,-80,-82,-62,-67,-62,-87,-56,-87,-54,-87,-41,-90,-41,-82,-36,-82,-38,-82,-41,-82,-36,-87,-23,-98,-31,-90,-38,-87,-18,-77,-28,-82,-18,-93,-5,-85,-7,-82,-5,-80,-18,-72,-10,-90,-10,-82,-18,-77,-7,-87,-12,-93,-18,-80,-18,-77,-10,-56,-12,-67,-2,-72,-5,-67,-5,-62,-10,-59,-10,-54,-12,-56,-12,-54,-15,-51,-18,-54,-15,-41,-10,-41,-15,-36,-12,-36,-12,-36,-18,-31,-15,-25,-12,0,0,0,0,0,0,0,0,0,0]"""
1782313080226,2026-06-24T23:58:00.226,warning,bed_exit,yja,bed_exit_failed,t030,"CSI_DATA,335165,1a:00:00:00:00:00,-66,11,-99,17,50,11,-1280905288,47,2,256,0,""[0,0,0,0,0,0,0,0,0,0,0,0,21,2,26,5,21,2,31,2,23,5,37,13,31,15,26,10,29,18,26,13,34,18,34,15,34,15,34,18,39,26,31,29,39,34,37,26,45,39,34,50,31,47,29,31,31,31,47,42,47,37,45,39,37,37,42,42,34,42,45,45,39,39,53,50,47,53,50,39,45,45,34,45,45,39,58,37,58,34,55,31,58,45,55,45,71,50,63,34,87,58,69,61,71,50,71,55,74,50,74,37,98,42,90,39,93,53,93,58,98,42,101,58,87,58,0,0,0,0,0,0,63,-101,50,-82,69,-122,74,-87,42,-79,63,-106,50,-85,66,-103,42,-85,69,-109,66,-93,55,-90,58,-74,39,-79,39,-98,34,-95,26,-90,26,-85,34,-87,37,-74,34,-101,23,-79,39,-106,34,-87,26,-93,31,-71,29,-77,15,-98,18,-85,18,-79,21,-74,23,-77,23,-74,18,-79,23,-66,29,-90,37,-74,23,-66,34,-69,31,-61,26,-66,23,-79,21,-66,15,-47,31,-53,26,-45,34,-53,29,-39,45,-50,34,-34,31,-31,37,-26,31,-18,26,-23,26,-31,21,-18,23,-13,0,0,0,0,0,0,0,0,0,0]"""
1782313080237,2026-06-24T23:58:00.237,warning,bed_exit,yja,bed_exit_failed,t030,"CSI_DATA,335166,1a:00:00:00:00:00,-66,11,-99,19,50,11,-1280893750,47,2,256,0,""[0,0,0,0,0,0,0,0,0,0,0,0,12,-15,10,-20,15,-22,17,-20,12,-22,20,-20,22,-22,22,-20,32,-20,30,-15,30,-20,32,-25,37,-22,40,-22,45,-25,42,-17,40,-25,37,-22,47,-22,57,-27,55,-32,45,-15,50,-22,50,-22,50,-20,52,-20,50,-22,52,-27,55,-25,52,-35,52,-35,62,-35,57,-37,62,-32,60,-40,55,-32,47,-37,52,-50,60,-42,60,-45,55,-55,55,-47,47,-57,50,-60,65,-67,60,-72,50,-70,50,-72,60,-70,57,-75,60,-92,52,-75,45,-85,57,-85,65,-95,65,-95,62,-100,0,0,0,0,0,0,-102,-55,-95,-55,-118,-57,-105,-42,-87,-50,-97,-42,-102,-52,-110,-50,-95,-42,-110,-52,-108,-40,-100,-25,-87,-32,-90,-32,-97,-30,-87,-27,-100,-32,-90,-25,-100,-12,-90,-15,-90,-10,-85,-5,-102,-12,-92,-10,-90,-2,-85,-10,-82,2,-92,2,-85,-5,-87,0,-77,2,-85,10,-85,2,-87,10,-82,15,-95,7,-85,5,-77,2,-80,2,-70,-2,-72,2,-70,5,-65,-5,-67,-2,-62,0,-60,0,-57,-2,-52,-5,-62,-7,-50,-2,-47,-7,-40,-12,-37,-10,-40,-15,-35,-15,-32,-15,-27,-15,0,0,0,0,0,0,0,0,0,0]"""
1782313080247,2026-06-24T23:58:00.247,warning,bed_exit,yja,bed_exit_failed,t030,"CSI_DATA,335167,1a:00:00:00:00:00,-66,11,-99,19,50,11,-1280879629,47,2,256,0,""[0,0,0,0,0,0,0,0,0,0,0,0,20,17,17,17,17,22,12,17,12,25,10,25,20,22,12,27,15,35,10,37,2,32,7,32,2,37,-2,42,-2,42,2,55,-2,50,-15,52,-10,42,-10,37,-15,45,-2,55,-12,60,-25,52,-17,55,-15,57,-22,57,-17,55,-25,62,-22,52,-27,55,-20,47,-17,55,-12,62,-12,65,-10,70,-15,77,-25,62,-20,67,-30,75,-25,70,-25,80,-25,72,-35,77,-15,70,-17,77,-10,87,-7,92,-20,100,-20,102,-37,92,-30,102,-25,97,-25,110,-45,95,-30,92,-40,108,0,0,0,0,0,0,102,50,118,57,82,50,97,60,113,57,82,60,102,70,82,50,90,72,87,40,90,37,85,35,102,37,100,45,75,52,85,40,87,42,85,55,72,47,92,37,80,32,82,55,72,35,80,25,80,32,90,25,92,35,67,50,80,40,80,32,77,47,75,37,77,42,62,42,67,52,67,30,70,32,70,35,70,35,70,37,62,47,50,52,55,45,47,55,32,52,45,45,32,40,30,50,25,37,30,40,25,40,27,32,20,37,10,37,7,30,7,32,0,32,0,0,0,0,0,0,0,0,0,0]"""
1782313080258,2026-06-24T23:58:00.258,warning,bed_exit,yja,bed_exit_failed,t030,"CSI_DATA,335168,1a:00:00:00:00:00,-66,11,-99,16,50,11,-1280869735,47,2,256,0,""[0,0,0,0,0,0,0,0,0,0,0,0,-2,-16,-5,-24,-8,-16,-2,-27,-5,-21,-8,-38,-2,-38,2,-21,-5,-27,8,-30,13,-38,8,-38,2,-41,5,-38,8,-52,5,-30,5,-43,8,-38,8,-52,-2,-54,0,-35,2,-60,13,-52,19,-60,16,-54,10,-46,16,-54,24,-54,-2,-52,0,-71,5,-38,21,-68,5,-57,-13,-90,2,-65,16,-71,19,-54,-10,-54,-16,-49,5,-73,0,-54,-43,-76,-32,-71,-46,-90,-49,-79,-27,-52,-54,-49,-19,-104,-57,-95,-46,-109,-43,-98,-13,-93,-35,-82,-35,-71,-30,-106,-43,-106,-46,-101,0,0,0,0,0,0,-109,62,-90,54,-106,73,-93,68,-82,49,-104,60,-76,57,-98,65,-79,57,-93,60,-84,68,-71,60,-76,76,-73,54,-71,60,-68,65,-71,65,-71,68,-76,76,-46,62,-49,76,-52,65,-54,87,-49,82,-41,73,-46,87,-38,60,-46,76,-41,76,-38,68,-43,65,-46,87,-21,71,-21,84,-30,76,-35,93,-30,68,-16,71,-32,79,-21,71,-24,60,-30,71,-27,60,-21,49,-32,52,-16,46,-21,54,-30,46,-35,49,-21,35,-24,43,-24,32,-21,38,-30,30,-30,24,-27,21,-30,19,0,0,0,0,0,0,0,0,0,0]"""
1782313080269,2026-06-24T23:58:00.269,warning,bed_exit,yja,bed_exit_failed,t030,"CSI_DATA,335169,1a:00:00:00:00:00,-66,11,-99,19,50,11,-1280861387,47,2,256,0,""[0,0,0,0,0,0,0,0,0,0,0,0,-22,12,-20,7,-20,5,-25,7,-27,12,-27,10,-27,7,-32,7,-32,0,-37,12,-37,2,-42,-2,-40,2,-40,-7,-47,-10,-42,-7,-40,-12,-50,-22,-50,-2,-42,-10,-37,-12,-57,-7,-50,-17,-50,-20,-55,-20,-52,-22,-57,-27,-57,-25,-57,-22,-57,-20,-52,-32,-60,-15,-57,-15,-67,-2,-62,-2,-72,-12,-65,-10,-55,-22,-70,-7,-72,-17,-75,-17,-70,-17,-75,-20,-80,-22,-82,-12,-75,-7,-90,0,-87,7,-95,7,-95,10,-97,-7,-105,-7,-110,-5,-100,-10,-105,-12,-113,5,-115,-5,0,0,0,0,0,0,-12,118,-17,120,-15,105,-17,113,-15,115,-32,113,-20,110,-12,102,-27,110,-10,102,-5,105,0,95,10,110,5,100,-17,92,-7,97,5,105,-5,100,-2,105,5,90,0,90,-7,90,12,82,22,87,17,77,27,95,15,85,0,82,12,87,15,90,2,90,5,92,12,85,10,87,-2,87,12,77,10,72,22,80,20,75,10,80,10,72,-10,72,7,70,-5,67,-10,65,-5,57,-17,55,-20,52,-10,50,-7,42,-7,50,-5,37,-7,42,-17,37,-20,30,-20,27,-20,32,0,0,0,0,0,0,0,0,0,0]"""
1782313080280,2026-06-24T23:58:00.280,warning,bed_exit,yja,bed_exit_failed,t030,"CSI_DATA,335170,1a:00:00:00:00:00,-66,11,-99,17,50,11,-1280849145,47,2,256,0,""[0,0,0,0,0,0,0,0,0,0,0,0,-31,-63,13,77,37,-53,58,-69,50,-61,34,-18,55,39,103,-7,15,26,34,-21,47,55,29,-5,34,0,79,5,26,10,50,10,50,-10,31,0,50,15,69,15,61,5,42,21,45,13,50,13,53,13,53,10,53,21,55,13,53,15,61,15,55,13,71,15,66,18,66,7,63,10,55,10,58,2,71,-5,71,-7,66,-10,74,-7,66,-2,82,-2,77,-13,87,-10,87,-10,79,-13,77,-15,87,-18,79,-29,101,-42,82,-34,90,-34,98,-34,101,-45,109,-47,109,-39,0,0,0,0,0,0,-47,-106,-47,-82,-55,-114,-39,-101,-47,-85,-53,-98,-55,-101,-58,-98,-55,-82,-55,-111,-50,-98,-55,-82,-45,-77,-61,-66,-74,-69,-69,-58,-71,-61,-69,-58,-69,-61,-58,-66,-71,-63,-71,-53,-85,-58,-77,-61,-79,-47,-66,-55,-63,-37,-90,-37,-85,-26,-82,-29,-71,-31,-74,-31,-71,-34,-82,-37,-69,-23,-85,-37,-77,-39,-71,-31,-71,-37,-58,-37,-58,-26,-66,-18,-66,-18,-61,-21,-55,-23,-47,-31,-53,-31,-45,-23,-47,-34,-39,-31,-34,-29,-34,-29,-29,-29,-29,-15,-23,-26,-26,-21,-23,-21,0,0,0,0,0,0,0,0,0,0]"""
1782313080291,2026-06-24T23:58:00.291,warning,bed_exit,yja,bed_exit_failed,t030,"CSI_DATA,335171,1a:00:00:00:00:00,-66,11,-99,14,51,11,-1280837963,47,2,256,0,""[0,0,0,0,0,0,0,0,0,0,0,0,-2,23,0,20,2,31,0,23,-5,33,-10,23,0,28,-10,36,-7,28,-5,38,-10,28,-10,28,-15,36,-12,43,-12,33,-23,49,-15,33,-23,49,-15,33,-5,43,-7,49,-23,54,-18,51,-20,43,-25,46,-25,49,-23,54,-15,46,-20,72,-12,51,-7,59,-7,46,-5,64,-7,62,0,72,5,62,-5,77,-7,62,0,69,12,85,15,62,15,87,7,59,31,85,15,51,33,80,23,82,41,74,49,85,49,95,36,85,38,93,38,77,56,103,54,90,43,80,80,95,0,0,0,0,0,0,82,-69,103,-82,67,-51,77,-74,103,-98,64,-59,93,-95,59,-69,82,-90,54,-59,54,-74,67,-82,54,-87,64,-100,56,-72,54,-69,56,-87,46,-90,25,-74,38,-105,18,-77,28,-95,18,-69,7,-80,12,-93,5,-95,15,-98,10,-87,15,-87,2,-95,0,-93,-5,-69,-2,-105,-2,-72,-5,-90,0,-62,-15,-82,-2,-77,-12,-74,-5,-77,-2,-82,0,-64,5,-69,-2,-72,-7,-56,-5,-69,-2,-49,-10,-62,-2,-36,-5,-51,2,-46,-5,-49,2,-46,2,-46,10,-36,5,-33,7,-28,0,0,0,0,0,0,0,0,0,0]"""
1782313080302,2026-06-24T23:58:00.302,warning,bed_exit,yja,bed_exit_failed,t030,"CSI_DATA,335172,1a:00:00:00:00:00,-66,11,-99,21,50,11,-1280828359,47,2,256,0,""[0,0,0,0,0,0,0,0,0,0,0,0,-18,-2,-16,-4,-21,-7,-23,-7,-21,-14,-21,-14,-26,-9,-30,-18,-23,-16,-28,-18,-26,-21,-26,-23,-21,-23,-26,-28,-28,-23,-40,-35,-30,-33,-40,-40,-21,-28,-35,-33,-47,-42,-30,-35,-47,-37,-28,-37,-30,-40,-37,-42,-42,-42,-40,-30,-49,-42,-40,-37,-56,-33,-37,-26,-56,-26,-49,-28,-61,-26,-61,-30,-71,-35,-64,-35,-64,-35,-71,-28,-66,-21,-82,-30,-73,-26,-73,-9,-59,-14,-87,-2,-78,-18,-92,9,-97,-7,-92,-4,-85,-16,-101,-11,-104,-4,-111,0,-99,-11,-94,2,-106,14,0,0,0,0,0,0,14,109,18,128,11,90,26,109,23,132,21,104,21,125,26,90,30,111,23,85,33,85,40,104,37,94,49,94,33,82,28,90,45,87,45,92,45,71,59,87,54,75,61,73,42,54,54,59,66,61,61,56,75,68,54,56,61,71,68,54,71,64,71,37,73,68,61,52,68,42,45,45,71,37,56,47,71,33,68,45,64,45,49,45,49,47,54,45,49,35,49,42,40,35,49,33,30,23,47,33,30,28,42,28,33,33,28,33,21,23,16,28,14,23,0,0,0,0,0,0,0,0,0,0]"""
1782313080313,2026-06-24T23:58:00.313,warning,bed_exit,yja,bed_exit_failed,t030,"CSI_DATA,335173,1a:00:00:00:00:00,-66,11,-99,19,50,11,-1280816821,47,2,256,0,""[0,0,0,0,0,0,0,0,0,0,0,0,-12,-12,-12,-20,-17,-17,-15,-20,-12,-22,-10,-22,-15,-27,-5,-30,-12,-35,-7,-35,2,-35,5,-40,-2,-40,-2,-45,7,-50,10,-37,15,-42,12,-42,10,-50,12,-55,17,-52,17,-57,25,-42,25,-45,30,-57,30,-47,32,-50,45,-60,37,-40,30,-52,32,-22,40,-47,40,-50,50,-72,30,-57,45,-37,25,-37,35,-62,35,-87,25,-42,62,-77,47,-27,55,-57,57,-40,60,-35,65,-40,55,-37,67,-85,45,-92,62,-108,67,-72,85,-60,75,-70,60,-55,82,-42,80,-70,67,-57,0,0,0,0,0,0,-67,-120,-47,-102,-47,-100,-42,-105,-47,-102,-35,-120,-40,-95,-35,-105,-27,-100,-37,-100,-30,-87,-25,-87,-45,-105,-32,-92,-10,-90,-30,-97,-30,-92,-22,-95,-22,-108,-15,-77,-20,-90,-15,-95,-27,-82,-27,-85,-15,-82,-32,-92,-22,-82,-12,-80,-20,-90,-22,-85,-5,-90,-2,-90,-12,-80,-5,-87,10,-80,-2,-85,5,-75,-5,-77,-2,-85,15,-80,12,-72,17,-65,12,-67,20,-70,30,-62,20,-50,27,-50,35,-47,27,-40,32,-32,30,-35,27,-32,32,-35,32,-25,27,-15,30,-22,27,-10,0,0,0,0,0,0,0,0,0,0]"""
1782313080324,2026-06-24T23:58:00.324,warning,bed_exit,yja,bed_exit_failed,t030,"CSI_DATA,335174,1a:00:00:00:00:00,-66,11,-99,20,50,11,-1280803639,47,2,256,0,""[0,0,0,0,0,0,0,0,0,0,0,0,-7,-17,-14,-21,-7,-17,-17,-24,-9,-21,-12,-29,-14,-31,-7,-26,-9,-34,-4,-31,0,-36,0,-39,2,-43,2,-43,0,-51,4,-31,0,-43,2,-43,2,-51,-4,-48,0,-34,4,-58,12,-39,14,-51,14,-53,17,-48,19,-53,21,-61,4,-48,2,-63,9,-58,12,-73,9,-63,4,-68,12,-65,9,-68,7,-61,2,-65,4,-63,7,-68,9,-78,-7,-63,-12,-82,2,-85,2,-100,-4,-70,-17,-87,4,-85,-19,-87,-14,-95,-9,-107,-7,-95,-12,-112,-9,-95,-4,-109,-12,-119,-17,-112,0,0,0,0,0,0,-126,14,-112,-4,-126,9,-114,7,-92,4,-122,4,-97,9,-119,12,-95,9,-119,4,-107,14,-90,12,-104,19,-90,2,-100,2,-97,4,-95,9,-92,2,-104,14,-68,21,-90,24,-82,17,-97,29,-87,34,-80,34,-87,34,-75,17,-80,21,-82,24,-78,19,-75,14,-92,21,-68,31,-78,36,-80,24,-100,29,-73,19,-78,29,-78,19,-75,21,-68,12,-73,14,-65,9,-65,4,-63,4,-53,9,-53,9,-56,-4,-70,-4,-43,-4,-48,2,-43,-7,-43,-4,-36,-12,-39,-9,-31,-9,-34,-14,0,0,0,0,0,0,0,0,0,0]"""
1782313080334,2026-06-24T23:58:00.334,warning,bed_exit,yja,bed_exit_failed,t030,"CSI_DATA,335175,1a:00:00:00:00:00,-65,11,-99,-79,49,11,-1280793928,47,2,256,0,""[0,0,0,0,0,0,0,0,0,0,0,0,0,0,47,0,0,0,0,0,47,0,47,47,47,47,0,0,47,47,0,47,0,47,0,47,47,47,0,47,47,47,0,47,47,47,47,47,47,47,47,47,47,47,47,47,0,47,47,47,47,47,47,47,47,47,47,47,47,47,47,47,47,47,47,47,47,47,47,47,47,47,47,47,47,47,47,47,47,47,47,47,94,47,47,0,94,0,94,47,94,47,94,47,94,0,94,47,94,47,94,0,94,0,94,0,94,0,94,0,94,0,94,0,141,0,0,0,0,0,0,0,0,-141,0,-94,0,-141,0,-94,0,-94,0,-94,0,-94,-47,-94,0,-94,-47,-94,-47,-94,0,-94,-47,-94,0,-94,-47,-94,-47,-94,-47,-94,-47,-94,-47,-94,-47,-47,-47,-47,-47,-94,-47,-94,-47,-47,-47,-47,-47,-47,-47,-47,-47,-47,-47,-47,-47,-47,-47,-47,-47,-47,-47,-47,-47,-47,-47,-47,-94,-47,-47,-47,-47,-47,-47,-47,-47,-47,-47,-47,-47,-47,-47,-47,-47,-47,-47,-47,-47,0,-47,0,-47,-47,-47,-47,-47,0,-47,0,-47,0,-47,0,-47,0,-47,0,-47,0,0,0,0,0,0,0,0,0,0,0,0,0]"""
1782313080345,2026-06-24T23:58:00.345,warning,bed_exit,yja,bed_exit_failed,t030,"CSI_DATA,335176,1a:00:00:00:00:00,-65,11,-99,-82,49,11,-1280784336,47,2,256,0,""[0,0,0,0,0,0,0,0,0,0,0,0,0,0,0,0,0,0,0,0,0,0,0,0,-51,0,0,0,-51,0,-51,0,0,0,0,-51,0,0,0,-51,0,-51,0,-51,0,-51,0,-51,0,0,0,-51,-51,-51,0,-51,0,-51,0,-51,0,-51,0,-51,0,-51,0,-51,0,-51,0,-51,0,-51,0,-51,-51,-51,-51,-51,-51,-51,-51,-51,-51,-51,0,-51,-51,-51,-51,-51,0,-51,-51,-51,-51,-51,-51,-51,-51,-51,-51,-51,-51,-51,-51,-51,-51,-51,-51,-51,-51,-103,-51,-103,-51,-103,-51,-103,-51,-103,-51,-103,-51,-103,0,0,0,0,0,0,-103,51,-103,51,-103,51,-103,51,-103,51,-103,0,-103,51,-103,0,-103,0,-103,51,-103,51,-103,51,-103,51,-103,51,-103,51,-103,51,-103,51,-103,51,-103,0,-103,51,-51,51,-103,51,-51,51,-103,51,-103,51,-51,51,-51,51,-103,0,-51,51,-103,51,-103,51,-103,51,-103,51,-51,51,-103,51,-51,51,-51,51,-51,51,-51,51,-51,51,-51,51,-51,0,-51,0,-51,0,-51,0,-51,0,-51,0,-51,0,-51,0,-51,0,-51,0,-51,0,-51,0,-51,0,-51,0,-51,0,0,0,0,0,0,0,0,0,0,0,0,0]"""
1782313080356,2026-06-24T23:58:00.356,warning,bed_exit,yja,bed_exit_failed,t030,"CSI_DATA,335177,1a:00:00:00:00:00,-66,11,-99,17,50,11,-1280773386,47,2,256,0,""[0,0,0,0,0,0,0,0,0,0,0,0,-2,21,0,21,-2,23,-5,23,-10,23,-10,23,-18,18,-23,21,-21,31,-29,18,-23,26,-31,21,-34,21,-37,18,-42,18,-37,23,-39,18,-53,21,-45,7,-42,-2,-47,-7,-53,7,-55,-5,-55,2,-53,-7,-58,-2,-58,-5,-58,-10,-61,0,-58,2,-69,-5,-61,-13,-55,-21,-55,-21,-58,-21,-61,-13,-66,-13,-69,-13,-69,-23,-63,-15,-63,-34,-79,-2,-79,-5,-79,-29,-82,-31,-74,-34,-82,-37,-77,-45,-77,-34,-87,-47,-87,-37,-98,-39,-101,-45,-101,-58,-98,-45,-82,-66,-87,-58,0,0,0,0,0,0,-82,82,-79,79,-85,69,-82,79,-93,71,-90,69,-79,71,-85,66,-82,61,-85,53,-85,58,-95,37,-90,61,-95,39,-87,45,-90,39,-87,42,-85,42,-93,31,-74,58,-74,50,-82,47,-79,31,-79,34,-82,10,-93,42,-87,23,-79,23,-82,21,-79,23,-85,23,-85,15,-82,31,-71,29,-82,18,-74,5,-82,0,-85,0,-77,-10,-77,-5,-71,-7,-69,-2,-63,-15,-63,-13,-58,-23,-61,-7,-53,-18,-53,-29,-45,-23,-37,-29,-37,-34,-29,-31,-29,-29,-21,-34,-23,-29,-18,-31,-10,-29,0,0,0,0,0,0,0,0,0,0]"""
1782313080367,2026-06-24T23:58:00.367,warning,bed_exit,yja,bed_exit_failed,t030,"CSI_DATA,335178,1a:00:00:00:00:00,-66,11,-99,20,50,11,-1280760692,47,2,256,0,""[0,0,0,0,0,0,0,0,0,0,0,0,19,-12,21,-17,14,-14,17,-14,17,-19,21,-19,29,-14,26,-7,34,-17,29,-7,36,-9,41,-14,41,-9,39,-9,46,-12,36,-9,46,-19,46,-17,48,-9,43,-14,36,2,51,-21,48,-2,51,-9,58,-12,56,-12,58,-12,68,-12,51,-21,48,-29,58,-21,63,-29,51,-21,53,-24,56,-26,63,-34,61,-26,53,-41,56,-31,51,-36,63,-39,46,-56,51,-63,61,-58,70,-68,58,-53,58,-68,70,-68,48,-73,61,-78,53,-85,58,-90,56,-87,61,-87,46,-97,51,-100,58,-97,0,0,0,0,0,0,-107,-56,-95,-48,-112,-56,-100,-51,-87,-46,-107,-48,-95,-34,-112,-34,-95,-34,-107,-39,-104,-36,-92,-39,-107,-24,-87,-31,-97,-26,-100,-21,-92,-14,-85,-17,-104,-14,-85,7,-90,7,-95,-2,-97,4,-90,4,-85,4,-97,9,-80,4,-78,17,-87,14,-80,9,-80,12,-92,9,-63,34,-75,36,-85,26,-92,31,-75,17,-75,26,-80,14,-75,21,-75,14,-70,24,-68,17,-56,17,-61,9,-56,24,-56,19,-51,9,-61,9,-43,4,-48,4,-46,0,-43,9,-36,-2,-39,2,-34,-2,-34,0,0,0,0,0,0,0,0,0,0,0]"""
1782313080378,2026-06-24T23:58:00.378,warning,bed_exit,yja,bed_exit_failed,t030,"CSI_DATA,335179,1a:00:00:00:00:00,-66,11,-99,17,50,11,-1280751378,47,2,256,0,""[0,0,0,0,0,0,0,0,0,0,0,0,13,-21,13,-15,18,-23,13,-18,26,-23,21,-18,18,-18,23,-18,26,-23,29,-21,34,-10,34,-13,37,-13,42,-7,39,-7,47,-7,39,0,50,5,39,-7,58,-2,63,-13,50,-2,58,-2,55,10,61,7,53,7,58,15,47,10,69,10,55,13,58,26,55,7,63,5,63,2,66,5,69,7,71,18,61,26,74,10,77,18,71,18,77,21,74,29,79,23,66,10,82,7,77,5,95,-5,103,5,98,10,93,26,98,29,101,29,106,26,98,42,109,26,111,31,0,0,0,0,0,0,50,-106,58,-119,39,-90,58,-90,66,-109,66,-77,61,-103,53,-85,74,-93,37,-77,42,-79,47,-90,45,-93,42,-103,55,-74,47,-79,47,-82,58,-85,53,-74,55,-87,50,-69,63,-74,31,-69,37,-74,42,-79,39,-87,39,-82,58,-66,47,-77,47,-74,55,-71,50,-63,58,-74,50,-61,63,-55,42,-58,47,-55,47,-66,47,-69,50,-61,58,-55,61,-34,55,-47,63,-37,58,-31,58,-26,50,-18,61,-21,37,-15,45,-18,39,-15,42,-15,47,-7,45,-7,34,7,34,5,34,7,0,0,0,0,0,0,0,0,0,0]"""
1782313080389,2026-06-24T23:58:00.389,warning,bed_exit,yja,bed_exit_failed,t030,"CSI_DATA,335180,1a:00:00:00:00:00,-66,11,-99,20,50,11,-1280740388,47,2,256,0,""[0,0,0,0,0,0,0,0,0,0,0,0,24,2,19,4,31,12,24,9,21,12,26,7,29,4,36,7,31,14,36,7,34,9,39,14,34,17,36,24,34,19,53,29,39,21,41,34,34,29,34,9,51,19,43,26,58,26,39,29,41,24,53,31,51,34,53,31,51,41,43,34,56,31,39,24,58,17,51,17,65,14,73,19,75,14,65,17,70,19,82,19,73,14,87,24,80,17,78,7,61,9,90,-12,87,0,87,-29,107,-4,97,-17,82,2,109,-7,104,-17,104,-19,109,2,102,-7,102,-26,0,0,0,0,0,0,-26,-112,-21,-131,-26,-85,-34,-112,-39,-131,-24,-92,-26,-124,-29,-95,-31,-117,-26,-80,-41,-82,-58,-90,-51,-95,-65,-97,-41,-73,-53,-82,-56,-82,-53,-87,-56,-68,-61,-95,-51,-73,-63,-78,-48,-53,-61,-53,-70,-61,-70,-56,-87,-63,-61,-58,-73,-56,-78,-48,-73,-61,-73,-41,-75,-70,-61,-53,-73,-48,-48,-36,-75,-36,-65,-34,-73,-24,-78,-43,-63,-34,-46,-43,-53,-39,-56,-46,-56,-36,-46,-48,-36,-39,-46,-36,-31,-19,-43,-29,-39,-26,-48,-21,-36,-36,-34,-29,-19,-24,-21,-24,-14,-26,0,0,0,0,0,0,0,0,0,0]"""
1782313080399,2026-06-24T23:58:00.399,warning,bed_exit,yja,bed_exit_failed,t030,"CSI_DATA,335181,1a:00:00:00:00:00,-66,11,-99,17,50,11,-1280729388,47,2,256,0,""[0,0,0,0,0,0,0,0,0,0,0,0,-21,10,-21,7,-26,7,-29,5,-29,5,-26,5,-21,7,-21,5,-37,7,-29,5,-34,0,-34,5,-37,7,-45,-2,-53,0,-39,0,-42,2,-42,-2,-47,0,-53,10,-47,10,-61,7,-45,5,-53,-7,-58,2,-50,7,-58,2,-63,2,-58,5,-58,7,-61,7,-58,18,-55,18,-61,31,-58,26,-63,34,-55,29,-63,23,-61,39,-71,37,-74,37,-61,42,-66,45,-71,42,-58,50,-45,53,-47,69,-45,74,-61,79,-58,79,-61,71,-61,85,-63,90,-50,82,-69,85,-61,101,-61,95,0,0,0,0,0,0,103,66,101,69,101,55,95,55,103,42,87,63,103,50,103,39,101,55,98,31,98,18,93,21,114,13,103,13,87,26,98,7,103,0,101,5,106,5,90,-7,93,-5,95,0,93,-18,82,-18,77,-18,98,-39,82,-31,87,-13,85,-31,79,-39,82,-23,82,-26,79,-34,74,-34,82,-29,66,-37,66,-39,69,-45,61,-45,69,-45,58,-37,61,-23,66,-37,63,-31,63,-23,53,-26,50,-21,55,-15,42,-21,45,-21,42,-18,39,-23,45,-18,34,-13,37,-7,37,-10,34,-5,0,0,0,0,0,0,0,0,0,0]"""
1782313080409,2026-06-24T23:58:00.409,warning,bed_exit,yja,bed_exit_failed,t030,"CSI_DATA,335182,1a:00:00:00:00:00,-66,11,-99,18,50,11,-1280718279,47,2,256,0,""[0,0,0,0,0,0,0,0,0,0,0,0,18,18,10,18,15,20,18,18,15,28,5,20,7,23,7,28,12,33,12,41,5,33,0,38,7,36,7,49,5,41,0,46,2,46,0,54,-2,43,2,33,-5,46,10,56,-10,59,0,56,-10,56,-7,51,-10,67,-10,59,5,62,0,64,0,64,-2,46,7,51,5,59,10,67,7,72,0,80,-5,67,0,64,2,85,18,72,7,87,12,80,28,74,2,67,25,74,20,77,36,82,33,100,31,90,15,80,20,105,25,111,28,98,28,100,33,103,43,103,0,0,0,0,0,0,111,-56,131,-41,85,-25,103,-43,129,-41,100,-33,111,-36,98,-41,108,-46,87,-20,80,-38,100,-43,100,-46,100,-51,82,-25,95,-25,87,-41,95,-38,87,-49,93,-49,72,-49,77,-51,64,-38,56,-51,74,-54,74,-64,80,-54,67,-46,74,-54,67,-51,82,-54,74,-62,77,-59,62,-54,67,-56,54,-41,49,-49,62,-49,59,-56,74,-56,69,-43,56,-31,69,-28,64,-36,62,-33,59,-28,54,-23,54,-33,36,-15,46,-25,41,-15,43,-18,49,-15,43,-7,31,-5,36,0,31,0,0,0,0,0,0,0,0,0,0,0]"""
1782313080421,2026-06-24T23:58:00.421,warning,bed_exit,yja,bed_exit_failed,t030,"CSI_DATA,335183,1a:00:00:00:00:00,-66,11,-99,16,50,11,-1280707388,47,2,256,0,""[0,0,0,0,0,0,0,0,0,0,0,0,-16,-16,-13,-19,-16,-19,-16,-21,-16,-16,-5,-27,-8,-27,-8,-30,-13,-30,-8,-32,0,-35,0,-35,2,-35,0,-43,2,-41,2,-52,5,-43,8,-43,13,-41,8,-35,19,-46,8,-52,21,-62,27,-41,27,-52,30,-49,32,-54,24,-54,32,-62,27,-52,21,-54,24,-41,16,-54,24,-54,21,-62,30,-76,43,-65,38,-54,52,-52,41,-65,35,-68,43,-73,41,-68,32,-68,38,-54,32,-82,41,-79,38,-93,52,-93,46,-90,52,-62,73,-84,65,-93,60,-90,71,-84,65,-87,54,-87,0,0,0,0,0,0,-98,-79,-87,-87,-65,-68,-93,-73,-95,-90,-76,-82,-73,-87,-73,-82,-73,-87,-52,-76,-73,-60,-76,-84,-82,-82,-71,-87,-49,-73,-52,-87,-46,-79,-46,-93,-57,-73,-62,-87,-62,-68,-65,-71,-38,-60,-52,-52,-65,-65,-65,-71,-62,-79,-41,-68,-41,-82,-43,-68,-43,-82,-52,-73,-49,-79,-46,-73,-49,-71,-27,-62,-41,-60,-35,-62,-43,-71,-41,-76,-30,-76,-8,-62,-8,-73,-10,-76,-13,-65,-5,-68,-2,-57,-5,-54,2,-41,0,-43,5,-52,0,-54,5,-46,13,-41,13,-32,21,-32,24,-27,0,0,0,0,0,0,0,0,0,0]"""
1782313080432,2026-06-24T23:58:00.432,warning,bed_exit,yja,bed_exit_failed,t030,"CSI_DATA,335184,1a:00:00:00:00:00,-66,11,-99,14,50,11,-1280696138,47,2,256,0,""[0,0,0,0,0,0,0,0,0,0,0,0,5,-130,52,8,-26,-8,14,58,60,-43,-26,-29,34,-95,-14,-2,-14,-5,26,-63,69,-2,26,-2,37,-17,43,14,14,-17,34,-46,26,-14,69,-23,46,-29,40,-26,26,-17,58,-23,52,-8,43,-20,52,-17,55,-5,58,-8,63,-2,49,-23,52,-23,63,-14,58,-17,60,-8,60,-20,69,-8,66,-14,69,-14,69,-23,63,-17,66,-23,75,-17,75,-31,75,-37,78,-29,84,-26,75,-23,89,-29,92,-14,89,-37,98,-31,87,-43,101,-37,110,-31,104,-31,95,-43,107,-40,107,-29,0,0,0,0,0,0,-31,-121,-23,-113,-29,-110,-26,-116,-14,-116,-14,-116,-29,-107,-31,-113,-17,-104,-17,-101,-14,-113,2,-104,-20,-107,-2,-98,-11,-101,-5,-101,-17,-95,-14,-95,-17,-98,-31,-84,-29,-92,-26,-92,-20,-87,-23,-87,-8,-89,-29,-89,-11,-89,-20,-87,-14,-89,-20,-87,-17,-87,-14,-92,-37,-78,-29,-81,-23,-84,-20,-87,-5,-81,-5,-84,0,-87,-5,-81,-2,-72,-2,-75,5,-72,2,-66,17,-66,0,-60,0,-63,11,-60,14,-52,17,-46,20,-46,20,-40,17,-40,23,-31,20,-37,20,-29,26,-26,0,0,0,0,0,0,0,0,0,0]"""
1782313080445,2026-06-24T23:58:00.445,warning,bed_exit,yja,bed_exit_failed,t030,"CSI_DATA,335185,1a:00:00:00:00:00,-66,11,-99,19,50,11,-1280680914,47,2,256,0,""[0,0,0,0,0,0,0,0,0,0,0,0,-27,7,-15,5,-30,5,-22,5,-35,0,-22,-2,-27,-7,-35,-7,-30,-5,-37,-15,-25,-20,-27,-27,-35,-22,-37,-22,-27,-17,-42,-37,-30,-27,-42,-42,-25,-25,-25,-40,-35,-57,-32,-37,-32,-55,-25,-50,-20,-47,-25,-57,-22,-65,-20,-40,-27,-70,-20,-47,-22,-65,-17,-47,-30,-57,-22,-60,-25,-57,-25,-65,-17,-77,-15,-72,-17,-75,-25,-75,-27,-62,-25,-90,-15,-72,-35,-77,-7,-57,-32,-92,-17,-80,-30,-90,-22,-90,-22,-97,-7,-92,-5,-100,-10,-95,-15,-123,-10,-108,-12,-92,-17,-113,0,0,0,0,0,0,-100,10,-143,0,-82,-2,-113,-5,-145,-15,-85,-10,-135,-17,-92,-7,-123,-25,-87,-25,-95,-20,-108,-27,-105,-22,-123,-25,-90,-35,-87,-35,-97,-30,-100,-27,-80,-15,-118,-30,-80,-20,-100,-30,-70,-15,-85,-15,-92,-25,-90,-25,-102,-35,-80,-35,-77,-37,-82,-40,-85,-37,-65,-27,-97,-42,-67,-30,-82,-42,-57,-32,-75,-40,-65,-45,-70,-40,-65,-47,-62,-55,-42,-57,-42,-60,-50,-65,-40,-45,-40,-65,-22,-45,-35,-47,-17,-32,-25,-50,-12,-45,-12,-40,-15,-47,-5,-42,0,-40,2,-35,7,-32,0,0,0,0,0,0,0,0,0,0]"""
1782313080455,2026-06-24T23:58:00.455,warning,bed_exit,yja,bed_exit_failed,t030,"CSI_DATA,335186,1a:00:00:00:00:00,-65,11,-99,17,50,11,-1280672679,47,2,256,0,""[0,0,0,0,0,0,0,0,0,0,0,0,23,10,18,13,21,18,21,15,15,23,10,18,21,15,23,26,23,29,13,29,7,34,15,42,7,31,5,39,13,42,10,50,10,47,2,53,0,42,7,34,0,45,13,53,5,63,-10,50,-7,58,0,53,-7,61,-5,63,-15,66,-5,61,-7,74,-7,47,2,53,7,63,7,63,7,79,0,74,-18,66,-13,79,-21,79,-5,77,-5,82,-7,79,0,79,-5,66,13,85,15,87,18,93,7,106,0,98,-23,82,-15,117,-7,109,-5,114,-34,109,0,114,-5,109,0,0,0,0,0,0,127,13,130,26,95,26,114,18,127,31,106,42,106,39,103,26,111,37,90,26,98,15,106,15,114,5,111,18,85,47,98,34,87,31,93,42,101,23,106,26,93,15,101,34,71,10,77,5,90,5,101,0,101,13,74,31,95,31,85,21,95,31,93,23,93,26,82,26,85,23,66,23,69,10,77,5,85,15,90,26,77,34,53,39,61,37,55,50,61,42,50,42,42,42,42,39,34,31,39,29,31,31,39,31,34,34,23,37,13,29,13,34,10,34,0,0,0,0,0,0,0,0,0,0]"""
1782313080467,2026-06-24T23:58:00.467,warning,bed_exit,yja,bed_exit_failed,t030,"CSI_DATA,335187,1a:00:00:00:00:00,-65,11,-99,18,50,11,-1280662231,47,2,256,0,""[0,0,0,0,0,0,0,0,0,0,0,0,-15,12,-15,18,-18,7,-25,15,-20,7,-25,18,-28,10,-28,12,-33,12,-28,2,-33,5,-33,7,-41,2,-41,-5,-49,-5,-31,7,-46,2,-49,-2,-54,-10,-46,-10,-36,-12,-62,-7,-43,-12,-46,-20,-56,-23,-54,-18,-51,-25,-64,-23,-46,-12,-59,-10,-56,-18,-69,-23,-56,-28,-67,-18,-62,-25,-64,-15,-62,-12,-62,-12,-64,-20,-67,-23,-72,-25,-67,2,-85,-2,-85,-25,-103,-23,-74,-23,-90,-5,-87,-28,-98,-15,-100,-28,-113,-20,-103,-12,-105,-18,-98,-25,-108,-23,-111,-28,-105,-38,0,0,0,0,0,0,-38,121,-41,93,-46,118,-33,111,-36,95,-46,116,-33,103,-49,113,-38,95,-41,108,-41,108,-36,85,-28,105,-51,80,-41,90,-43,93,-41,90,-46,80,-49,100,-20,80,-18,93,-25,90,-33,98,-28,93,-28,77,-28,95,-28,72,-31,82,-33,87,-33,77,-36,72,-38,87,-15,67,-18,85,-31,80,-33,93,-38,67,-28,80,-41,69,-36,72,-38,56,-36,62,-36,54,-38,49,-46,49,-28,54,-33,51,-46,38,-46,46,-36,28,-36,31,-36,18,-33,28,-33,18,-38,20,-33,10,-36,12,0,0,0,0,0,0,0,0,0,0]"""
1782313080477,2026-06-24T23:58:00.477,warning,bed_exit,yja,bed_exit_failed,t030,"CSI_DATA,335188,1a:00:00:00:00:00,-65,11,-99,18,50,11,-1280652388,47,2,256,0,""[0,0,0,0,0,0,0,0,0,0,0,0,10,23,5,18,0,31,0,28,0,31,2,25,5,18,7,36,2,28,5,41,2,33,2,36,-2,36,-7,41,0,41,-12,51,-5,38,-20,49,-18,46,-2,36,0,59,-15,59,-5,59,-15,51,-12,59,-10,51,-15,59,-7,54,-23,69,-12,64,-10,56,-7,46,2,62,0,64,10,72,2,69,2,80,0,67,7,80,10,85,18,82,0,90,-2,77,23,82,7,51,36,77,15,72,54,74,36,113,41,95,20,80,33,105,36,93,43,95,31,111,46,98,54,98,0,0,0,0,0,0,113,-62,121,-64,82,-43,93,-64,111,-67,90,-41,111,-56,90,-54,113,-64,77,-51,74,-54,72,-82,85,-72,77,-85,67,-56,69,-69,67,-77,77,-74,56,-77,74,-74,54,-69,56,-74,46,-62,43,-72,43,-93,43,-87,41,-93,41,-69,43,-85,31,-87,41,-90,25,-82,56,-90,41,-77,28,-74,31,-49,15,-82,28,-72,7,-80,28,-80,25,-69,33,-56,33,-67,41,-69,25,-67,41,-51,33,-46,23,-54,18,-36,23,-49,20,-41,15,-46,33,-36,20,-41,23,-23,25,-25,23,-18,0,0,0,0,0,0,0,0,0,0]"""
1782313080488,2026-06-24T23:58:00.488,warning,bed_exit,yja,bed_exit_failed,t030,"CSI_DATA,335189,1a:00:00:00:00:00,-65,11,-99,22,49,11,-1280641388,47,2,256,0,""[0,0,0,0,0,0,0,0,0,0,0,0,-15,-15,-18,-12,-20,-18,-18,-20,-28,-25,-18,-18,-18,-20,-18,-18,-20,-28,-25,-20,-18,-33,-23,-33,-25,-31,-23,-36,-20,-41,-20,-43,-25,-43,-15,-43,-25,-41,-31,-36,-33,-33,-36,-46,-28,-46,-18,-49,-33,-49,-28,-51,-25,-62,-28,-54,-33,-49,-33,-46,-31,-56,-41,-41,-46,-41,-56,-33,-56,-38,-62,-46,-54,-46,-51,-51,-62,-38,-62,-46,-67,-43,-69,-46,-69,-43,-80,-43,-67,-31,-80,-18,-93,-15,-90,-18,-103,-15,-100,-23,-85,-31,-105,-28,-108,-28,-98,-23,-111,-25,-113,-10,-113,0,0,0,0,0,0,0,-18,118,-23,121,-10,113,-10,116,-5,124,-18,103,-2,113,0,108,-5,118,7,105,20,95,20,98,33,105,28,108,10,90,23,100,36,93,23,103,33,93,33,95,33,82,33,90,56,72,56,72,59,72,72,82,59,72,46,74,62,77,56,62,54,80,59,74,67,69,59,62,54,67,54,56,59,46,69,46,62,54,69,54,59,49,49,49,56,49,49,51,51,46,41,43,36,49,41,46,38,36,33,38,36,33,33,28,36,31,36,33,15,36,18,31,12,33,0,0,0,0,0,0,0,0,0,0]"""
1782313080498,2026-06-24T23:58:00.498,warning,bed_exit,yja,bed_exit_failed,t030,"CSI_DATA,335190,1a:00:00:00:00:00,-65,11,-99,18,50,11,-1280630388,47,2,256,0,""[0,0,0,0,0,0,0,0,0,0,0,0,20,-12,20,-7,20,-10,23,-5,31,-2,25,-7,23,-7,28,-5,36,-10,36,-5,41,7,38,5,41,10,41,12,41,20,49,20,41,20,43,33,36,25,33,18,36,31,54,25,49,41,33,43,41,36,43,38,43,46,36,46,38,56,31,49,31,62,31,41,41,46,41,49,49,46,51,59,49,59,31,69,49,59,38,69,31,64,43,77,36,69,33,77,46,64,54,77,54,77,62,72,54,85,56,87,33,87,49,98,41,95,49,98,20,111,38,98,33,108,0,0,0,0,0,0,108,-15,131,-5,98,-2,121,2,129,-7,108,18,118,10,103,2,116,20,95,5,100,0,111,0,116,-5,111,-5,98,25,98,5,100,7,95,20,90,18,103,12,90,10,100,36,80,7,85,7,82,10,98,5,100,10,82,31,87,20,90,20,90,31,87,28,87,33,74,38,80,43,64,23,69,33,77,20,77,23,74,38,69,38,54,49,62,43,49,56,41,54,43,54,28,54,25,56,23,36,28,46,28,38,25,38,18,43,12,41,2,38,-2,41,-2,31,0,0,0,0,0,0,0,0,0,0]"""
1782313080510,2026-06-24T23:58:00.510,warning,bed_exit,yja,bed_exit_failed,t030,"CSI_DATA,335191,1a:00:00:00:00:00,-65,11,-99,16,50,11,-1280618187,47,2,256,0,""[0,0,0,0,0,0,0,0,0,0,0,0,-16,0,-24,-8,-19,-5,-27,-8,-24,-8,-27,-16,-24,-24,-21,-21,-24,-27,-21,-21,-32,-24,-27,-24,-30,-32,-24,-30,-24,-38,-21,-32,-27,-41,-24,-38,-27,-54,-16,-49,-5,-38,-16,-52,-2,-49,-21,-52,-19,-54,-16,-52,-10,-52,-10,-60,-19,-52,-19,-62,-13,-62,-21,-76,-10,-68,-16,-65,-10,-71,-8,-65,-19,-62,-30,-68,-32,-65,-24,-60,-13,-73,-30,-60,-32,-71,-27,-87,-32,-104,-10,-84,-21,-84,-5,-98,-21,-82,-35,-98,-54,-104,-43,-87,-27,-95,-30,-115,-52,-98,-41,-115,-30,-109,0,0,0,0,0,0,-125,21,-104,27,-136,35,-115,8,-95,19,-120,19,-101,21,-117,27,-104,16,-125,5,-120,2,-95,-8,-101,8,-98,5,-106,27,-98,21,-95,27,-87,24,-101,16,-73,19,-93,21,-87,21,-106,24,-101,13,-84,10,-90,16,-82,10,-90,30,-84,27,-79,24,-73,13,-90,8,-68,24,-82,24,-87,13,-106,19,-84,-10,-79,0,-87,-10,-71,-10,-71,-2,-79,8,-68,2,-54,-2,-62,-13,-57,-2,-65,-8,-57,-16,-65,-21,-41,-24,-41,-24,-32,-32,-30,-21,-32,-19,-38,-21,-32,-16,-21,-19,0,0,0,0,0,0,0,0,0,0]"""
1782313080521,2026-06-24T23:58:00.521,warning,bed_exit,yja,bed_exit_failed,t030,"CSI_DATA,335192,1a:00:00:00:00:00,-65,11,-99,17,50,11,-1280607634,47,2,256,0,""[0,0,0,0,0,0,0,0,0,0,0,0,-21,5,-26,5,-21,5,-21,2,-23,0,-26,-2,-31,2,-34,-5,-37,-5,-29,-10,-34,-10,-39,-13,-34,-18,-37,-15,-42,-21,-42,-15,-37,-21,-47,-29,-42,-18,-47,-31,-45,-34,-50,-31,-50,-34,-42,-34,-37,-42,-37,-39,-42,-47,-45,-45,-47,-37,-47,-37,-50,-42,-47,-39,-45,-37,-50,-37,-47,-47,-61,-42,-53,-53,-53,-53,-53,-42,-55,-53,-58,-53,-71,-42,-74,-42,-61,-47,-63,-53,-66,-45,-79,-50,-82,-61,-82,-50,-79,-55,-82,-58,-90,-66,-93,-61,-90,-66,-98,-58,-85,-63,-85,-69,0,0,0,0,0,0,-77,90,-79,87,-69,71,-77,90,-90,87,-82,87,-66,82,-71,90,-79,79,-74,79,-66,82,-71,74,-71,95,-77,79,-77,69,-71,69,-61,61,-66,69,-66,71,-47,87,-53,82,-61,77,-50,71,-47,77,-63,69,-53,79,-53,71,-63,69,-61,69,-53,69,-63,71,-58,77,-47,69,-45,71,-58,63,-50,63,-58,58,-53,63,-58,61,-58,63,-58,47,-55,45,-53,45,-53,39,-58,34,-50,45,-53,34,-55,26,-47,21,-45,21,-45,15,-42,15,-42,21,-47,5,-37,0,-34,2,-31,-2,0,0,0,0,0,0,0,0,0,0]"""
1782313080531,2026-06-24T23:58:00.531,warning,bed_exit,yja,bed_exit_failed,t030,"CSI_DATA,335193,1a:00:00:00:00:00,-65,11,-99,18,50,11,-1280596378,47,2,256,0,""[0,0,0,0,0,0,0,0,0,0,0,0,15,18,18,12,18,23,12,20,18,28,10,23,18,20,15,28,12,31,15,36,10,41,5,33,10,41,10,41,10,33,5,54,-2,41,5,51,7,46,12,59,15,67,-5,46,2,59,-5,54,0,56,-7,56,-7,59,-5,46,-2,74,0,51,-2,67,0,54,10,72,10,77,10,69,5,62,5,77,-2,74,7,77,10,82,18,67,2,98,2,69,20,87,7,62,31,95,15,93,38,90,28,93,28,103,18,105,15,93,20,93,33,121,20,108,28,95,38,116,0,0,0,0,0,0,100,-31,131,-25,98,-28,108,-28,139,-38,93,-12,137,-33,90,-31,129,-31,90,-25,98,-28,103,-36,93,-36,111,-46,100,-25,87,-20,98,-38,95,-36,67,-31,105,-43,72,-31,100,-38,67,-41,82,-51,82,-56,74,-49,87,-54,82,-41,80,-43,85,-46,80,-46,56,-41,95,-54,62,-38,80,-43,56,-33,77,-56,72,-43,62,-49,64,-36,80,-31,69,-20,69,-23,72,-23,54,-20,69,-15,54,-5,64,-20,41,-10,59,-10,46,-7,46,-12,49,-7,41,-5,41,5,36,7,31,10,0,0,0,0,0,0,0,0,0,0]"""
1782313080542,2026-06-24T23:58:00.542,warning,bed_exit,yja,bed_exit_failed,t030,"CSI_DATA,335194,1a:00:00:00:00:00,-65,11,-99,16,50,11,-1280584630,47,2,256,0,""[0,0,0,0,0,0,0,0,0,0,0,0,0,-21,0,-27,2,-19,5,-24,8,-27,10,-27,10,-27,13,-24,10,-32,21,-32,19,-30,24,-32,21,-38,21,-43,30,-43,21,-38,19,-38,27,-41,27,-41,32,-54,35,-41,38,-54,38,-35,35,-43,43,-46,35,-43,35,-49,41,-46,27,-54,27,-54,27,-52,32,-62,32,-54,35,-54,41,-57,32,-68,35,-57,21,-65,27,-68,19,-73,32,-73,2,-76,2,-76,16,-93,10,-84,19,-79,10,-90,32,-93,13,-104,13,-109,-5,-106,-5,-109,2,-109,-5,-106,-21,-109,-5,-120,-5,-115,0,0,0,0,0,0,-125,0,-123,8,-117,5,-109,8,-112,8,-101,16,-109,21,-112,27,-112,27,-106,19,-106,24,-101,2,-109,32,-101,8,-87,30,-98,30,-98,32,-95,38,-101,30,-73,54,-76,49,-82,43,-79,46,-82,46,-82,30,-84,62,-76,41,-73,52,-73,54,-62,49,-68,54,-79,49,-54,71,-54,62,-65,62,-65,62,-68,46,-65,57,-82,38,-60,54,-62,43,-54,54,-57,46,-54,46,-57,38,-41,46,-43,43,-52,32,-49,27,-41,19,-49,24,-43,10,-41,21,-41,13,-32,16,-35,13,-35,10,0,0,0,0,0,0,0,0,0,0]"""
1782313080554,2026-06-24T23:58:00.554,warning,bed_exit,yja,bed_exit_failed,t030,"CSI_DATA,335195,1a:00:00:00:00:00,-65,11,-99,17,50,11,-1280575388,47,2,256,0,""[0,0,0,0,0,0,0,0,0,0,0,0,-23,-7,-10,-2,-31,-15,-18,-13,-31,-21,-15,-10,-23,-18,-23,-31,-26,-21,-34,-31,-18,-29,-18,-29,-26,-34,-26,-34,-18,-29,-31,-45,-23,-31,-23,-47,-18,-39,-34,-39,-26,-45,-23,-45,-26,-53,-18,-53,-13,-55,-18,-53,-26,-58,-18,-42,-37,-71,-26,-50,-34,-61,-23,-42,-39,-53,-34,-53,-34,-58,-39,-55,-42,-71,-29,-61,-39,-71,-50,-71,-42,-50,-53,-77,-37,-53,-66,-66,-34,-42,-69,-55,-53,-61,-77,-58,-87,-69,-79,-85,-63,-74,-74,-77,-66,-61,-93,-77,-79,-82,-82,-74,-95,-74,0,0,0,0,0,0,-71,87,-87,111,-61,71,-58,98,-87,114,-53,66,-87,114,-47,77,-77,95,-47,71,-53,85,-61,95,-61,93,-61,109,-58,79,-61,74,-63,87,-50,95,-29,74,-45,106,-26,74,-39,93,-23,74,-29,87,-34,101,-23,87,-34,95,-34,85,-39,85,-29,87,-26,95,-13,71,-34,109,-21,74,-15,93,-15,63,-13,87,-26,77,-15,82,-18,79,-31,82,-31,63,-37,66,-34,71,-23,58,-34,66,-26,45,-26,55,-18,31,-26,50,-26,37,-21,45,-26,39,-29,34,-26,23,-29,23,-29,18,0,0,0,0,0,0,0,0,0,0]"""
1782313080565,2026-06-24T23:58:00.565,warning,bed_exit,yja,bed_exit_failed,t030,"CSI_DATA,335196,1a:00:00:00:00:00,-65,11,-99,18,50,11,-1280564004,47,2,256,0,""[0,0,0,0,0,0,0,0,0,0,0,0,-7,-18,-2,-18,-7,-23,-5,-25,-5,-23,-2,-31,0,-38,-2,-33,-2,-33,2,-38,0,-41,2,-41,0,-43,-2,-38,-2,-38,10,-54,5,-49,5,-49,12,-49,0,-59,-2,-51,10,-49,12,-56,10,-62,12,-54,15,-59,18,-59,10,-51,12,-62,5,-56,2,-69,5,-64,0,-77,-2,-62,-7,-67,2,-64,-2,-77,-10,-80,-10,-77,-2,-64,-18,-56,-15,-93,-18,-82,-33,-80,-23,-87,-41,-100,-36,-85,-36,-93,-31,-80,-41,-90,-46,-100,-31,-85,-41,-82,-59,-121,-51,-100,-43,-87,-59,-100,0,0,0,0,0,0,-85,56,-95,62,-93,67,-95,77,-98,72,-90,67,-95,74,-77,67,-87,80,-93,74,-93,82,-77,82,-64,64,-72,77,-72,85,-64,69,-62,77,-56,74,-43,67,-64,90,-46,80,-46,90,-46,90,-46,90,-38,90,-28,77,-41,87,-33,95,-36,82,-28,90,-25,80,-15,72,-28,90,-20,82,-18,90,-23,82,-20,95,-20,80,-15,82,-20,67,-23,80,-20,82,-23,64,-20,59,-18,59,-25,64,-23,51,-18,59,-28,51,-25,56,-20,49,-23,43,-18,36,-23,36,-23,36,-18,25,-15,28,0,0,0,0,0,0,0,0,0,0]"""
1782313080576,2026-06-24T23:58:00.576,warning,bed_exit,yja,bed_exit_failed,t030,"CSI_DATA,335197,1a:00:00:00:00:00,-65,11,-99,18,50,11,-1280553388,47,2,256,0,""[0,0,0,0,0,0,0,0,0,0,0,0,-10,-18,-10,-25,-10,-20,-5,-23,-2,-23,-7,-31,-2,-36,-7,-31,-5,-33,0,-33,-2,-38,0,-41,-5,-36,5,-43,7,-54,0,-43,2,-51,5,-49,2,-49,-2,-46,5,-38,0,-64,-2,-49,15,-51,5,-56,0,-62,2,-64,5,-69,2,-56,5,-64,7,-62,-5,-64,-2,-56,-12,-64,-10,-67,-18,-82,-20,-64,-23,-74,-25,-64,-20,-72,-20,-77,-38,-67,-38,-82,-23,-77,-43,-82,-46,-74,-59,-74,-56,-82,-62,-80,-59,-77,-59,-74,-82,-80,-77,-87,-72,-74,-69,-82,-82,-82,-69,-90,0,0,0,0,0,0,-93,85,-87,80,-77,80,-90,80,-67,93,-93,82,-72,80,-77,85,-74,69,-59,93,-56,90,-59,85,-49,111,-49,85,-49,87,-38,98,-36,93,-43,93,-46,100,-23,90,-23,98,-33,90,-20,93,-10,87,-18,87,-5,103,0,85,-7,80,2,95,5,93,-2,93,-2,105,5,80,2,90,-2,85,10,87,2,80,15,85,10,80,7,90,12,74,2,74,10,72,0,72,-5,72,2,59,0,67,-5,62,0,62,-2,51,0,51,-2,43,-5,46,-5,38,-10,41,-10,36,-12,36,0,0,0,0,0,0,0,0,0,0]"""
1782313080587,2026-06-24T23:58:00.587,warning,bed_exit,yja,bed_exit_failed,t030,"CSI_DATA,335198,1a:00:00:00:00:00,-65,11,-99,17,50,11,-1280540188,47,2,256,0,""[0,0,0,0,0,0,0,0,0,0,0,0,-10,21,-13,18,-18,21,-13,18,-21,21,-26,21,-26,21,-29,21,-23,15,-39,18,-37,18,-34,10,-42,13,-42,13,-31,15,-45,5,-47,5,-47,7,-53,0,-58,13,-50,13,-53,2,-53,-10,-63,0,-58,0,-58,-5,-53,-7,-50,-5,-63,-10,-58,-7,-63,-10,-69,-15,-74,-13,-71,-10,-69,-10,-61,-13,-69,-10,-79,-5,-74,-2,-74,0,-69,0,-79,-10,-77,-15,-93,0,-90,-10,-101,-7,-93,-10,-95,-5,-87,-7,-103,-2,-111,-5,-95,-13,-95,-7,-127,-18,-117,-21,-98,-18,-125,-15,0,0,0,0,0,0,-15,109,-21,119,-23,125,-31,114,-29,109,-23,106,-31,122,-26,111,-26,117,-31,109,-31,111,-26,111,-31,87,-31,106,-26,109,-26,87,-21,98,-23,93,-15,85,-29,98,-18,93,-21,98,-21,95,-21,103,-10,95,-15,79,-18,93,-13,101,-15,93,-18,87,-15,79,-15,77,-23,90,-23,82,-23,85,-29,90,-34,90,-23,82,-31,74,-31,63,-34,74,-34,74,-37,66,-29,55,-29,50,-42,53,-39,50,-42,53,-45,37,-42,42,-42,29,-37,29,-34,23,-39,18,-39,18,-31,13,-29,10,0,0,0,0,0,0,0,0,0,0]"""
1782313080597,2026-06-24T23:58:00.597,warning,bed_exit,yja,bed_exit_failed,t030,"CSI_DATA,335199,1a:00:00:00:00:00,-65,11,-99,16,50,11,-1280530713,47,2,256,0,""[0,0,0,0,0,0,0,0,0,0,0,0,21,13,19,16,19,24,19,19,13,32,10,19,19,13,24,30,16,30,24,38,16,24,19,38,19,38,13,41,13,43,13,54,16,38,10,52,10,46,5,46,16,68,16,57,24,62,10,49,13,54,10,54,8,65,16,54,10,76,10,65,13,62,13,52,27,60,24,60,35,62,32,68,35,68,19,62,35,73,38,84,43,73,32,87,32,73,49,73,35,46,65,65,49,62,76,57,76,90,76,76,46,76,60,98,68,84,71,79,68,93,82,84,90,84,0,0,0,0,0,0,87,-82,106,-98,68,-71,79,-79,90,-98,82,-73,95,-87,79,-79,93,-82,54,-68,52,-76,49,-101,62,-95,60,-104,57,-68,49,-82,46,-87,65,-93,46,-93,52,-90,41,-82,43,-90,27,-71,27,-79,21,-95,24,-95,13,-104,30,-82,21,-95,19,-95,24,-98,10,-87,38,-101,27,-84,19,-79,16,-62,2,-87,10,-82,-2,-84,19,-84,13,-79,24,-60,21,-73,32,-73,24,-71,32,-57,35,-49,27,-60,13,-35,16,-54,19,-41,8,-52,24,-43,24,-43,21,-21,21,-24,24,-27,0,0,0,0,0,0,0,0,0,0]"""
1782313080609,2026-06-24T23:58:00.609,warning,bed_exit,yja,bed_exit_failed,t030,"CSI_DATA,335200,1a:00:00:00:00:00,-65,11,-99,17,50,11,-1280520389,47,2,256,0,""[0,0,0,0,0,0,0,0,0,0,0,0,0,-21,2,-21,2,-26,5,-26,7,-21,15,-21,13,-26,18,-34,18,-34,13,-37,26,-29,29,-34,23,-29,37,-34,26,-42,34,-42,26,-42,37,-39,26,-34,29,-29,42,-45,37,-47,42,-53,37,-31,45,-37,42,-39,55,-45,45,-53,50,-50,37,-47,39,-50,34,-37,29,-53,31,-58,37,-61,39,-77,37,-66,45,-53,45,-61,47,-74,37,-77,42,-82,39,-79,23,-79,29,-69,15,-87,18,-85,10,-95,21,-111,23,-98,34,-74,39,-111,37,-114,21,-106,39,-103,21,-106,13,-109,0,0,0,0,0,0,-127,-13,-135,-15,-95,-13,-119,0,-135,-15,-111,-13,-114,-5,-109,-2,-119,-7,-93,-13,-98,5,-111,13,-122,13,-114,7,-90,-5,-109,-2,-95,5,-109,0,-106,15,-101,15,-93,23,-101,26,-71,15,-66,37,-85,29,-90,45,-98,39,-79,21,-90,34,-87,34,-98,34,-85,45,-87,37,-82,42,-74,37,-58,29,-66,45,-69,37,-66,45,-82,45,-71,31,-66,15,-74,15,-77,18,-77,26,-69,18,-58,13,-55,21,-42,10,-47,15,-42,10,-45,18,-50,15,-47,13,-34,-2,-39,-7,-34,-7,0,0,0,0,0,0,0,0,0,0]"""
1782313080619,2026-06-24T23:58:00.619,warning,bed_exit,yja,bed_exit_failed,t030,"CSI_DATA,335201,1a:00:00:00:00:00,-65,11,-99,18,50,11,-1280509389,47,2,256,0,""[0,0,0,0,0,0,0,0,0,0,0,0,-23,2,-23,5,-28,0,-23,0,-33,-7,-25,-2,-31,0,-38,0,-36,-2,-41,-2,-33,-7,-36,0,-36,-7,-41,-18,-43,-18,-56,-20,-41,-15,-54,-25,-38,-12,-49,-15,-62,-7,-54,-18,-69,-10,-46,-23,-54,-18,-59,-15,-62,-23,-59,-15,-64,-25,-54,-25,-62,-18,-49,-10,-64,-10,-67,-5,-64,0,-74,0,-74,2,-64,-2,-82,5,-90,-2,-77,5,-87,0,-80,-2,-90,2,-67,20,-87,23,-93,25,-80,46,-105,33,-98,41,-90,23,-105,36,-98,33,-105,51,-105,28,-95,49,-105,54,0,0,0,0,0,0,41,113,54,129,36,85,49,103,72,124,43,95,54,121,46,85,54,113,64,69,59,69,72,77,80,80,93,77,56,69,77,56,77,67,85,74,74,62,77,69,64,54,82,64,69,33,80,41,87,41,95,36,100,33,74,41,87,28,93,18,95,31,85,23,95,49,74,38,82,41,64,18,82,15,80,20,80,7,90,20,82,18,67,25,72,18,74,33,62,28,62,33,49,25,56,25,38,15,51,18,46,18,49,12,43,23,41,20,25,23,28,23,23,23,0,0,0,0,0,0,0,0,0,0]"""
1782313080630,2026-06-24T23:58:00.630,warning,bed_exit,yja,bed_exit_failed,t030,"CSI_DATA,335202,1a:00:00:00:00:00,-65,11,-99,16,50,11,-1280496941,47,2,256,0,""[0,0,0,0,0,0,0,0,0,0,0,0,21,5,16,5,27,13,24,10,30,21,19,13,24,16,30,21,24,21,32,24,30,24,21,27,27,30,32,30,27,30,35,46,32,30,32,43,27,46,27,32,30,41,27,46,32,52,27,49,24,54,32,52,35,49,30,38,43,68,32,52,43,49,32,49,49,49,41,60,46,52,46,52,52,57,49,52,52,62,65,57,60,46,65,65,52,52,79,43,46,41,84,49,71,57,82,41,87,60,84,62,76,65,76,57,82,46,104,60,95,60,90,57,106,60,0,0,0,0,0,0,57,-95,65,-131,49,-79,35,-109,62,-125,38,-93,57,-125,41,-95,49,-112,35,-87,35,-95,35,-106,35,-98,38,-115,30,-101,41,-90,35,-98,24,-106,10,-90,24,-106,10,-84,5,-104,16,-79,8,-95,5,-101,5,-93,-2,-104,2,-90,8,-90,0,-95,-5,-95,-16,-76,0,-112,0,-84,-13,-84,8,-68,-19,-95,0,-82,-8,-87,-2,-79,8,-84,8,-68,16,-76,10,-79,-2,-62,16,-71,10,-57,2,-62,5,-43,8,-57,13,-46,8,-52,19,-38,16,-49,21,-30,19,-32,19,-24,0,0,0,0,0,0,0,0,0,0]"""
1782313080641,2026-06-24T23:58:00.641,warning,bed_exit,yja,bed_exit_failed,t030,"CSI_DATA,335203,1a:00:00:00:00:00,-65,11,-99,16,50,11,-1280487389,47,2,256,0,""[0,0,0,0,0,0,0,0,0,0,0,0,-19,-13,-13,-16,-19,-19,-10,-19,-16,-21,-8,-21,-10,-24,-10,-30,-10,-30,-16,-41,-8,-32,-5,-38,-2,-43,-2,-43,0,-38,5,-57,5,-46,13,-57,8,-35,0,-35,13,-46,19,-54,24,-62,19,-46,21,-46,24,-57,27,-57,24,-52,43,-60,30,-49,27,-54,24,-41,30,-57,38,-52,35,-57,41,-68,54,-62,46,-52,52,-57,52,-68,41,-60,62,-71,57,-57,41,-73,38,-43,52,-76,62,-49,57,-84,68,-84,71,-84,60,-62,79,-71,71,-68,79,-82,76,-76,79,-71,82,-79,0,0,0,0,0,0,-65,-90,-71,-115,-52,-79,-68,-98,-71,-115,-49,-90,-62,-112,-52,-84,-52,-112,-38,-90,-38,-87,-49,-112,-38,-104,-52,-109,-32,-84,-32,-95,-38,-95,-38,-98,-30,-82,-35,-109,-35,-84,-35,-101,-27,-73,-32,-76,-30,-95,-30,-93,-38,-101,-21,-76,-19,-93,-24,-93,-21,-98,-21,-82,-16,-104,-8,-82,-16,-90,-2,-60,-13,-82,0,-76,-8,-84,2,-87,13,-87,16,-73,21,-73,19,-73,16,-68,30,-68,30,-52,19,-57,21,-32,27,-52,32,-38,24,-41,38,-35,32,-30,35,-21,35,-16,32,-16,0,0,0,0,0,0,0,0,0,0]"""
1782313080652,2026-06-24T23:58:00.652,warning,bed_exit,yja,bed_exit_failed,t030,"CSI_DATA,335204,1a:00:00:00:00:00,-65,11,-99,16,50,11,-1280474956,47,2,256,0,""[0,0,0,0,0,0,0,0,0,0,0,0,-13,16,-19,10,-19,13,-27,13,-21,10,-27,13,-27,8,-30,2,-32,13,-38,5,-38,10,-35,10,-43,8,-46,8,-46,2,-41,13,-41,13,-46,10,-54,8,-46,8,-46,-5,-60,10,-52,0,-60,0,-65,2,-57,13,-60,13,-57,8,-62,19,-65,21,-57,19,-65,19,-68,21,-65,24,-68,21,-65,30,-60,27,-60,41,-65,35,-65,43,-79,41,-57,57,-57,57,-62,60,-62,65,-62,57,-60,65,-68,65,-65,76,-73,82,-60,84,-57,84,-60,93,-54,93,-54,104,-62,95,-60,106,0,0,0,0,0,0,115,52,117,54,112,52,109,46,112,46,112,41,109,32,115,32,106,32,101,27,101,30,90,38,115,10,106,30,101,16,98,16,101,8,104,5,106,5,95,-19,98,-21,93,-10,93,-16,90,-16,93,-10,95,-32,90,-21,90,-27,93,-27,82,-27,84,-35,84,-32,76,-43,71,-46,73,-43,79,-43,79,-35,76,-35,82,-30,71,-38,73,-32,68,-35,65,-35,57,-30,65,-27,54,-38,54,-30,57,-24,54,-21,46,-13,46,-10,46,-10,43,-16,43,-8,38,-8,41,-2,35,-5,0,0,0,0,0,0,0,0,0,0]"""
1782313080663,2026-06-24T23:58:00.663,warning,bed_exit,yja,bed_exit_failed,t030,"CSI_DATA,335205,1a:00:00:00:00:00,-65,11,-99,16,50,11,-1280465231,47,2,256,0,""[0,0,0,0,0,0,0,0,0,0,0,0,-19,5,-21,8,-32,0,-24,0,-32,-2,-21,-8,-30,-2,-38,-8,-24,-10,-43,-10,-38,-16,-30,-21,-38,-16,-35,-19,-30,-13,-41,-35,-32,-27,-41,-32,-38,-35,-35,-32,-35,-32,-35,-35,-41,-52,-43,-43,-35,-46,-30,-46,-38,-46,-32,-38,-38,-60,-38,-49,-41,-52,-32,-49,-49,-62,-41,-60,-46,-46,-41,-54,-49,-71,-35,-62,-43,-65,-54,-60,-52,-41,-46,-79,-49,-62,-65,-60,-46,-60,-71,-76,-54,-73,-71,-62,-62,-76,-76,-73,-62,-82,-54,-82,-57,-68,-79,-101,-68,-93,-57,-71,-79,-95,0,0,0,0,0,0,-84,71,-101,76,-82,60,-95,71,-109,71,-82,57,-106,82,-87,60,-95,73,-95,49,-90,60,-95,73,-87,49,-93,65,-84,60,-84,46,-87,57,-84,60,-57,54,-93,65,-73,52,-76,68,-71,54,-71,60,-68,71,-71,54,-76,68,-73,65,-71,52,-73,54,-71,52,-52,52,-84,54,-68,49,-71,54,-65,41,-73,60,-76,41,-71,46,-68,32,-76,38,-71,30,-73,19,-68,21,-57,27,-68,13,-57,5,-60,21,-49,5,-57,8,-52,2,-46,5,-41,2,-43,-2,-35,-10,-35,-13,-35,-10,0,0,0,0,0,0,0,0,0,0]"""
1782313080675,2026-06-24T23:58:00.675,warning,bed_exit,yja,bed_exit_failed,t030,"CSI_DATA,335206,1a:00:00:00:00:00,-65,11,-99,17,50,11,-1280454268,47,2,256,0,""[0,0,0,0,0,0,0,0,0,0,0,0,-26,2,-18,2,-29,5,-21,2,-31,0,-26,-2,-23,2,-34,0,-34,-10,-39,-7,-29,-15,-34,-18,-34,-18,-37,-26,-37,-26,-37,-45,-26,-37,-29,-42,-29,-31,-23,-37,-34,-55,-29,-45,-37,-58,-21,-53,-29,-58,-26,-53,-21,-66,-18,-53,-7,-77,-10,-69,-7,-63,-5,-47,-13,-58,-13,-63,-23,-63,-15,-79,-10,-77,0,-66,-7,-82,-7,-90,-15,-85,21,-87,13,-77,-13,-82,-5,-55,-7,-95,0,-82,-26,-93,5,-117,-10,-98,10,-77,26,-106,23,-98,13,-106,31,-106,18,-101,21,-117,0,0,0,0,0,0,-106,-47,-125,-58,-79,-23,-95,-58,-130,-66,-93,-55,-109,-77,-85,-55,-98,-71,-69,-61,-69,-45,-101,-58,-85,-66,-106,-58,-74,-55,-79,-58,-85,-58,-79,-71,-74,-55,-77,-90,-66,-66,-71,-71,-53,-55,-69,-53,-90,-61,-66,-66,-82,-71,-55,-58,-69,-71,-66,-63,-55,-82,-55,-66,-55,-90,-39,-74,-42,-77,-23,-58,-50,-71,-39,-69,-45,-66,-34,-85,-31,-82,-5,-71,-7,-77,-7,-82,-7,-66,18,-71,15,-61,5,-55,13,-31,5,-53,15,-47,5,-50,21,-47,18,-42,26,-23,29,-26,26,-23,0,0,0,0,0,0,0,0,0,0]"""
1782313080686,2026-06-24T23:58:00.686,warning,bed_exit,yja,bed_exit_failed,t030,"CSI_DATA,335207,1a:00:00:00:00:00,-65,11,-99,15,50,11,-1280442582,47,2,256,0,""[0,0,0,0,0,0,0,0,0,0,0,0,11,-16,16,-25,8,-16,16,-25,8,-25,25,-31,25,-28,16,-22,22,-25,25,-16,33,-28,36,-19,33,-25,36,-19,42,-31,22,-19,45,-31,33,-22,56,-31,50,-36,31,-22,56,-33,42,-8,50,-31,56,-28,56,-19,50,-22,67,-28,42,-28,59,-45,47,-22,73,-42,56,-33,56,-39,59,-42,59,-36,50,-36,53,-50,50,-45,50,-45,67,-59,36,-47,56,-70,56,-62,84,-87,62,-53,56,-81,70,-56,47,-73,53,-73,64,-98,56,-81,67,-90,67,-81,50,-104,70,-112,64,-98,0,0,0,0,0,0,-109,-64,-73,-45,-129,-78,-95,-62,-67,-42,-112,-64,-81,-36,-121,-53,-81,-36,-118,-76,-107,-53,-90,-45,-95,-39,-76,-45,-98,-42,-101,-39,-93,-33,-87,-31,-104,-36,-73,-11,-107,-16,-81,-14,-118,-19,-98,-14,-84,-16,-95,-8,-70,-16,-93,-2,-90,-5,-84,-11,-76,-8,-107,-14,-70,8,-95,11,-78,-2,-118,2,-81,-11,-87,5,-84,-14,-70,-5,-70,-5,-78,2,-70,-2,-62,-2,-73,-19,-53,-2,-70,-2,-50,-14,-76,-22,-42,-14,-50,-14,-42,-25,-36,-14,-36,-19,-39,-22,-28,-19,-31,-22,0,0,0,0,0,0,0,0,0,0]"""
1782313080697,2026-06-24T23:58:00.697,warning,bed_exit,yja,bed_exit_failed,t030,"CSI_DATA,335208,1a:00:00:00:00:00,-65,11,-99,19,49,11,-1280432389,47,2,256,0,""[0,0,0,0,0,0,0,0,0,0,0,0,16,-19,16,-14,22,-22,19,-19,25,-22,19,-14,22,-14,31,-14,31,-11,33,-22,39,-8,33,-8,47,-8,47,-5,47,-2,59,5,50,5,50,11,45,0,56,0,62,-2,53,11,64,8,53,22,59,11,53,14,56,28,47,25,64,31,53,25,56,36,53,19,64,19,70,22,67,16,73,25,70,33,59,39,81,22,78,36,73,36,73,50,64,42,78,45,59,25,81,31,76,31,95,22,104,45,101,28,78,42,93,50,87,53,98,53,90,70,93,53,107,62,0,0,0,0,0,0,73,-90,98,-104,59,-81,93,-78,93,-101,87,-59,101,-87,78,-67,101,-76,59,-67,67,-67,76,-87,70,-78,73,-95,78,-59,67,-73,67,-73,78,-73,67,-64,87,-70,64,-53,87,-53,53,-62,59,-70,67,-78,67,-70,70,-76,67,-56,67,-73,64,-67,76,-59,67,-53,87,-50,73,-45,81,-39,59,-42,70,-56,76,-47,67,-53,73,-42,76,-36,70,-16,78,-31,78,-19,67,-16,76,-11,62,2,64,0,45,-2,59,0,50,-2,47,-11,50,8,47,8,42,16,33,14,36,16,0,0,0,0,0,0,0,0,0,0]"""
1782313080708,2026-06-24T23:58:00.708,warning,bed_exit,yja,bed_exit_failed,t030,"CSI_DATA,335209,1a:00:00:00:00:00,-65,11,-99,17,50,11,-1280421389,47,2,256,0,""[0,0,0,0,0,0,0,0,0,0,0,0,-18,13,-23,13,-18,13,-26,10,-23,5,-29,10,-31,5,-29,5,-42,5,-23,0,-34,0,-39,-2,-39,-2,-42,-7,-53,-7,-39,-7,-47,-15,-42,-18,-45,-15,-50,-10,-53,-15,-53,-23,-45,-23,-39,-26,-47,-26,-53,-23,-55,-34,-55,-37,-47,-23,-50,-31,-50,-37,-53,-31,-50,-29,-58,-26,-58,-29,-69,-31,-61,-29,-61,-39,-63,-29,-66,-34,-69,-50,-66,-26,-77,-37,-69,-47,-90,-42,-69,-47,-87,-37,-79,-39,-93,-45,-79,-37,-87,-47,-103,-50,-114,-58,-87,-42,-90,-53,-114,-55,-90,-58,0,0,0,0,0,0,-82,101,-69,87,-77,95,-79,82,-66,93,-93,90,-66,74,-79,90,-74,69,-71,90,-63,85,-66,77,-63,101,-61,74,-69,71,-63,87,-58,79,-66,79,-77,85,-50,74,-63,82,-71,66,-55,79,-53,77,-53,69,-53,90,-50,69,-55,69,-53,79,-45,77,-55,77,-71,79,-47,61,-58,69,-63,58,-53,66,-58,55,-50,66,-58,53,-63,61,-53,50,-58,45,-55,50,-58,42,-69,37,-50,29,-58,34,-55,18,-55,18,-50,15,-50,21,-50,15,-45,7,-39,7,-34,0,-39,2,-39,-5,0,0,0,0,0,0,0,0,0,0]"""
1782313080718,2026-06-24T23:58:00.718,warning,bed_exit,yja,bed_exit_failed,t030,"CSI_DATA,335210,1a:00:00:00:00:00,-65,11,-99,16,50,11,-1280409944,47,2,256,0,""[0,0,0,0,0,0,0,0,0,0,0,0,10,21,13,24,8,24,5,27,5,27,2,27,2,35,0,32,0,32,-10,32,-10,38,-8,38,-8,41,-19,46,-19,43,-10,46,-8,49,-13,41,-24,43,-13,46,-21,38,-24,60,-35,49,-32,46,-38,52,-30,52,-27,41,-35,52,-24,54,-43,49,-35,54,-35,62,-27,41,-32,41,-43,68,-8,49,-8,65,-21,71,-38,84,-19,49,-32,82,-21,65,-16,52,-30,98,-24,98,-16,98,-19,104,-30,76,-54,109,-60,87,-41,84,-38,84,-16,123,-30,98,-41,106,-13,104,-35,115,0,0,0,0,0,0,120,38,106,35,115,38,109,30,117,38,109,41,109,27,120,30,104,38,112,27,98,27,95,38,112,21,93,41,95,32,95,32,98,32,95,27,98,30,95,2,98,0,95,16,93,10,93,5,93,21,95,8,87,19,90,16,95,19,90,10,84,10,95,10,93,-5,93,2,87,2,87,10,82,13,82,13,82,19,84,8,76,19,68,13,73,21,65,24,65,30,60,13,60,19,54,27,52,24,43,19,43,21,38,27,41,24,30,35,30,30,30,27,24,30,0,0,0,0,0,0,0,0,0,0]"""
1782313080728,2026-06-24T23:58:00.728,warning,bed_exit,yja,bed_exit_failed,t030,"CSI_DATA,335211,1a:00:00:00:00:00,-65,11,-99,17,50,11,-1280398193,47,2,256,0,""[0,0,0,0,0,0,0,0,0,0,0,0,13,21,15,23,10,21,10,23,10,29,18,23,15,26,5,31,18,34,7,29,7,37,10,39,13,42,2,39,2,47,2,45,7,50,-2,50,7,50,2,45,-2,47,7,53,5,55,-5,53,2,58,5,61,2,58,0,71,7,58,2,63,0,61,7,63,7,58,18,63,18,66,26,71,18,66,13,69,23,71,18,69,18,82,29,66,31,77,15,82,42,79,47,77,61,77,53,77,53,79,55,71,47,90,66,85,69,95,61,85,58,95,71,85,69,95,0,0,0,0,0,0,103,-66,98,-61,95,-63,101,-66,90,-71,106,-63,93,-55,90,-69,93,-61,74,-82,77,-79,69,-71,69,-95,63,-77,69,-69,63,-82,58,-77,63,-77,66,-79,45,-71,45,-79,61,-79,42,-82,42,-82,39,-74,31,-98,26,-82,42,-74,31,-82,23,-95,31,-87,39,-93,29,-82,29,-82,34,-79,21,-85,29,-74,13,-87,18,-77,21,-79,23,-69,31,-69,18,-71,29,-63,39,-63,21,-58,31,-55,37,-53,31,-50,23,-42,21,-42,23,-37,26,-39,26,-34,34,-21,26,-34,34,-21,0,0,0,0,0,0,0,0,0,0]"""
1782313080740,2026-06-24T23:58:00.740,warning,bed_exit,yja,bed_exit_failed,t030,"CSI_DATA,335212,1a:00:00:00:00:00,-65,11,-99,15,50,11,-1280388259,47,2,256,0,""[0,0,0,0,0,0,0,0,0,0,0,0,-56,-62,-5,78,25,-70,70,-33,98,-28,53,-36,-36,2,-62,11,36,-42,-8,-16,31,-78,8,-8,8,-11,36,-64,8,-8,36,-62,16,-70,36,-59,28,-50,39,-22,47,-50,36,-39,31,-50,39,-39,31,-36,39,-36,47,-39,33,-42,42,-56,33,-45,39,-56,28,-42,28,-59,31,-56,33,-62,33,-53,39,-70,45,-64,45,-59,39,-73,19,-70,50,-78,39,-70,19,-76,28,-56,16,-93,39,-81,11,-93,28,-107,28,-101,25,-90,47,-98,31,-93,25,-107,31,-107,28,-95,14,-115,0,0,0,0,0,0,-112,-16,-129,-14,-98,-5,-118,-5,-138,-25,-98,-14,-132,-11,-95,-8,-124,-2,-98,-8,-98,-5,-115,5,-101,-8,-118,14,-93,2,-95,-14,-98,2,-104,5,-84,14,-112,11,-78,14,-95,25,-76,16,-84,31,-98,31,-84,31,-104,31,-84,28,-84,25,-95,25,-93,31,-67,36,-101,31,-76,28,-78,36,-62,22,-78,45,-78,25,-73,45,-78,31,-81,22,-70,11,-73,8,-73,19,-59,19,-70,8,-53,2,-59,14,-45,5,-53,14,-47,8,-50,11,-39,5,-45,-2,-39,0,-33,-8,-28,-14,0,0,0,0,0,0,0,0,0,0]"""
1782313080752,2026-06-24T23:58:00.752,warning,bed_exit,yja,bed_exit_failed,t030,"CSI_DATA,335213,1a:00:00:00:00:00,-65,11,-99,16,50,11,-1280373860,47,2,256,0,""[0,0,0,0,0,0,0,0,0,0,0,0,13,-21,10,-13,21,-21,13,-27,24,-21,21,-16,13,-16,24,-30,24,-16,27,-35,27,-21,27,-24,27,-27,32,-21,32,-21,52,-27,41,-21,52,-19,41,-19,27,-27,32,-38,52,-27,52,-38,41,-21,46,-30,49,-30,62,-30,52,-30,62,-30,52,-27,54,-30,41,-27,43,-46,43,-46,41,-54,60,-49,54,-52,60,-41,49,-54,57,-62,43,-65,71,-57,60,-52,41,-71,35,-41,41,-82,46,-73,24,-90,46,-101,35,-95,49,-68,49,-95,46,-93,43,-95,52,-95,41,-95,35,-104,0,0,0,0,0,0,-117,-32,-123,-46,-90,-21,-106,-38,-145,-41,-98,-38,-117,-35,-95,-27,-123,-35,-93,-21,-87,-19,-112,-2,-109,-8,-115,16,-87,-2,-98,0,-101,10,-101,0,-93,10,-112,2,-90,2,-101,16,-68,13,-79,27,-84,35,-93,32,-93,43,-79,24,-87,32,-84,41,-93,35,-76,43,-101,27,-84,24,-76,27,-52,21,-73,46,-68,35,-65,52,-82,35,-73,38,-65,16,-73,27,-79,27,-68,32,-71,13,-57,8,-57,21,-32,8,-54,19,-41,13,-46,27,-43,10,-49,13,-32,2,-35,-2,-32,0,0,0,0,0,0,0,0,0,0,0]"""
1782313080762,2026-06-24T23:58:00.762,warning,bed_exit,yja,bed_exit_failed,t030,"CSI_DATA,335214,1a:00:00:00:00:00,-65,11,-99,16,50,11,-1280366215,47,2,256,0,""[0,0,0,0,0,0,0,0,0,0,0,0,-16,10,-24,16,-13,8,-27,10,-19,13,-32,10,-32,10,-27,5,-30,13,-24,5,-41,2,-46,0,-41,10,-43,8,-52,10,-35,0,-52,8,-38,13,-54,8,-54,16,-41,13,-62,10,-46,0,-60,8,-60,8,-52,5,-52,2,-71,10,-46,21,-62,21,-62,10,-76,30,-60,24,-60,30,-62,32,-57,24,-52,27,-62,30,-62,35,-54,30,-65,46,-43,43,-60,60,-60,57,-82,82,-68,52,-54,71,-68,57,-52,71,-54,79,-60,98,-54,82,-57,93,-60,84,-49,98,-54,112,-52,93,0,0,0,0,0,0,115,52,95,38,134,52,109,38,79,32,117,38,93,21,125,27,87,21,123,41,115,19,93,19,106,10,87,16,104,10,104,10,98,0,90,2,106,0,76,-16,101,-24,82,-16,115,-27,95,-27,76,-30,90,-32,73,-21,84,-38,84,-38,76,-27,73,-24,95,-32,52,-43,73,-54,76,-43,101,-65,73,-30,65,-57,76,-38,60,-35,62,-32,68,-46,62,-41,49,-30,68,-32,43,-35,57,-38,54,-24,71,-27,43,-16,49,-21,49,-13,43,-19,41,-8,43,-5,32,-8,32,-8,0,0,0,0,0,0,0,0,0,0]"""
1782313080774,2026-06-24T23:58:00.774,warning,bed_exit,yja,bed_exit_failed,t030,"CSI_DATA,335215,1a:00:00:00:00:00,-65,11,-99,18,50,11,-1280355028,47,2,256,0,""[0,0,0,0,0,0,0,0,0,0,0,0,-20,0,-18,2,-25,-7,-25,-2,-28,-2,-31,-10,-28,-10,-31,-12,-25,-15,-33,-15,-36,-18,-28,-23,-31,-20,-36,-20,-28,-15,-38,-36,-33,-31,-38,-31,-38,-36,-41,-33,-33,-28,-31,-33,-33,-49,-43,-46,-38,-38,-38,-43,-38,-43,-33,-36,-43,-49,-41,-43,-43,-49,-51,-46,-56,-46,-49,-43,-54,-43,-41,-41,-56,-51,-56,-56,-56,-43,-54,-38,-54,-28,-67,-54,-59,-43,-74,-43,-69,-54,-85,-51,-74,-51,-80,-46,-77,-41,-90,-49,-98,-51,-69,-43,-74,-38,-105,-64,-93,-46,-87,-43,-113,-54,0,0,0,0,0,0,-38,100,-51,111,-51,108,-46,105,-49,100,-46,93,-54,118,-41,98,-41,113,-51,103,-51,111,-36,98,-38,85,-33,98,-36,100,-36,87,-31,98,-28,82,-15,77,-33,98,-23,90,-15,98,-18,93,-12,103,-2,95,-7,80,-12,93,-10,100,-10,87,-10,87,-10,82,0,72,-12,98,-2,85,0,87,-15,87,-12,98,-10,82,-7,82,-10,72,-20,82,-18,80,-20,72,-18,62,-12,62,-20,69,-20,54,-18,64,-23,49,-23,56,-23,43,-20,43,-23,36,-31,38,-31,31,-23,23,-23,20,0,0,0,0,0,0,0,0,0,0]"""
1782313080789,2026-06-24T23:58:00.789,warning,bed_exit,yja,bed_exit_failed,t030,"CSI_DATA,335216,1a:00:00:00:00:00,-65,11,-99,14,50,11,-1280336797,47,2,256,0,""[0,0,0,0,0,0,0,0,0,0,0,0,89,-55,89,-104,20,-34,78,63,-52,-5,20,-63,-43,-2,-8,-37,-14,-55,58,55,46,-26,8,-8,55,-20,26,-20,40,14,40,-31,43,-11,14,-17,52,-37,40,-34,55,-40,52,-31,34,-20,52,-23,60,-31,52,-26,52,-23,69,-26,40,-31,60,-34,52,-17,69,-43,49,-34,49,-46,52,-40,52,-52,46,-31,58,-46,43,-60,52,-49,69,-55,31,-43,60,-69,58,-52,60,-78,52,-66,46,-72,52,-75,49,-89,37,-75,49,-87,43,-95,63,-107,34,-78,43,-104,43,-124,55,-104,0,0,0,0,0,0,-121,-52,-87,-49,-124,-60,-98,-55,-81,-31,-110,-60,-89,-34,-121,-46,-87,-40,-118,-40,-104,-26,-89,-31,-104,-17,-84,-14,-92,-23,-98,-14,-101,-8,-92,-11,-116,-20,-72,2,-110,2,-81,-17,-107,8,-92,14,-89,8,-98,26,-60,11,-89,5,-89,20,-81,23,-81,17,-104,14,-66,26,-89,29,-78,2,-101,31,-78,20,-84,34,-78,20,-75,23,-60,20,-72,17,-69,26,-66,11,-84,8,-43,11,-69,11,-49,-2,-72,5,-49,0,-52,5,-46,0,-49,2,-37,0,-40,-5,-34,-2,-34,-8,0,0,0,0,0,0,0,0,0,0]"""
1782313080800,2026-06-24T23:58:00.800,warning,bed_exit,yja,bed_exit_failed,t030,"CSI_DATA,335217,1a:00:00:00:00:00,-65,11,-99,16,50,11,-1280330791,47,2,256,0,""[0,0,0,0,0,0,0,0,0,0,0,0,0,24,0,24,0,24,-2,21,-5,27,-8,27,-10,30,-10,27,-19,38,-16,24,-21,32,-21,32,-27,27,-30,32,-35,27,-27,38,-32,32,-43,32,-41,27,-49,27,-46,30,-52,21,-52,21,-49,19,-54,13,-54,19,-60,13,-62,16,-52,24,-54,21,-60,24,-57,16,-62,8,-60,10,-71,5,-68,13,-71,16,-68,24,-62,16,-62,10,-73,13,-71,32,-73,30,-90,16,-95,21,-76,10,-93,19,-95,5,-93,16,-104,10,-95,24,-106,27,-101,19,-104,13,-112,24,-106,2,-120,0,0,0,0,0,0,0,0,125,-5,115,-5,115,-8,115,-13,106,-10,115,-8,106,-8,115,-16,104,-16,106,-21,112,-30,87,-16,112,-35,95,-16,95,-27,104,-21,93,-21,93,-24,98,-8,87,-5,95,-19,101,-21,84,-21,93,-24,82,-24,98,-27,87,-19,84,-21,87,-19,87,-24,84,-35,90,-16,79,-19,84,-30,93,-30,82,-38,62,-38,73,-49,68,-43,76,-43,68,-41,71,-46,54,-41,49,-54,43,-35,49,-41,49,-54,38,-49,35,-41,19,-46,24,-46,13,-46,16,-46,8,-35,16,-35,8,-35,0,0,0,0,0,0,0,0,0,0,0]"""
1782313080810,2026-06-24T23:58:00.810,warning,bed_exit,yja,bed_exit_failed,t030,"CSI_DATA,335218,1a:00:00:00:00:00,-65,11,-99,16,50,11,-1280315464,47,2,256,0,""[0,0,0,0,0,0,0,0,0,0,0,0,19,0,24,0,19,-2,27,5,24,8,35,10,32,13,30,8,32,16,21,19,27,21,32,27,24,30,30,27,35,43,30,24,35,35,27,27,35,52,38,43,27,30,41,54,21,38,24,52,21,52,24,52,19,54,35,62,27,41,38,60,27,46,38,68,30,65,35,60,35,65,35,60,35,49,41,54,35,62,32,60,43,73,43,46,62,60,46,71,68,90,43,65,68,62,52,73,60,65,54,79,65,90,62,73,73,84,57,76,73,87,79,101,65,84,0,0,0,0,0,0,104,-68,82,-49,115,-76,93,-68,79,-54,106,-71,76,-54,106,-62,79,-49,101,-68,90,-60,79,-49,84,-65,76,-41,90,-52,87,-57,82,-52,82,-49,95,-60,54,-52,71,-71,65,-54,84,-71,79,-62,65,-60,71,-65,62,-41,76,-57,71,-60,62,-54,71,-43,79,-60,49,-52,68,-68,68,-52,87,-65,71,-43,60,-54,76,-41,65,-41,60,-32,65,-43,65,-30,57,-19,68,-24,49,-30,60,-30,54,-10,73,-19,46,-8,52,-13,46,2,46,-8,41,5,38,2,38,2,35,8,0,0,0,0,0,0,0,0,0,0]"""
1782313080821,2026-06-24T23:58:00.821,warning,bed_exit,yja,bed_exit_failed,t030,"CSI_DATA,335219,1a:00:00:00:00:00,-65,11,-99,18,50,11,-1280310176,47,2,256,0,""[0,0,0,0,0,0,0,0,0,0,0,0,-23,7,-20,5,-25,7,-28,7,-28,5,-31,0,-25,-2,-28,2,-28,-7,-36,-7,-36,-12,-36,-18,-38,-15,-36,-12,-36,-15,-49,-36,-38,-25,-36,-33,-33,-33,-36,-25,-41,-31,-31,-33,-43,-49,-41,-43,-31,-41,-33,-46,-31,-51,-31,-36,-31,-62,-31,-46,-33,-54,-28,-51,-43,-54,-36,-56,-36,-43,-33,-56,-31,-62,-33,-64,-31,-72,-43,-67,-46,-51,-33,-82,-31,-74,-49,-67,-31,-64,-69,-85,-41,-80,-56,-77,-38,-74,-46,-87,-38,-85,-28,-93,-43,-82,-49,-118,-36,-100,-38,-85,-43,-105,0,0,0,0,0,0,-93,38,-113,43,-105,33,-108,41,-118,28,-100,31,-124,28,-98,25,-113,28,-105,18,-111,18,-111,31,-95,7,-103,23,-98,15,-93,12,-100,18,-87,18,-77,23,-111,5,-90,12,-93,20,-85,15,-93,25,-98,38,-77,7,-98,23,-93,18,-82,10,-98,10,-87,7,-69,12,-95,5,-80,2,-90,5,-77,-2,-93,7,-85,0,-85,-5,-74,-12,-82,-15,-82,-23,-69,-28,-67,-25,-59,-15,-62,-31,-49,-28,-56,-23,-41,-25,-56,-31,-38,-36,-33,-28,-28,-36,-31,-38,-25,-31,-15,-31,-12,-31,0,0,0,0,0,0,0,0,0,0]"""
1782313080833,2026-06-24T23:58:00.833,warning,bed_exit,yja,bed_exit_failed,t030,"CSI_DATA,335220,1a:00:00:00:00:00,-65,11,-99,16,50,11,-1280300024,47,2,256,0,""[0,0,0,0,0,0,0,0,0,0,0,0,-16,10,-24,0,-21,0,-30,-5,-24,-2,-35,-2,-30,-13,-21,-13,-30,-10,-27,-16,-30,-16,-32,-21,-32,-21,-27,-24,-32,-43,-24,-16,-35,-32,-27,-35,-38,-49,-24,-46,-13,-43,-35,-52,-13,-38,-21,-54,-24,-52,-16,-54,-19,-54,-19,-65,-21,-46,-24,-65,-16,-54,-30,-73,-16,-68,-19,-65,-19,-76,-13,-62,-13,-57,-27,-60,-24,-65,-19,-65,-16,-82,-32,-52,-32,-79,-19,-79,-35,-101,-13,-79,-32,-87,-8,-87,-24,-93,-19,-93,-32,-104,-43,-90,-32,-104,-19,-84,-43,-104,-21,-125,-10,-101,0,0,0,0,0,0,-131,13,-95,-2,-142,0,-115,-8,-95,5,-120,-2,-90,5,-134,2,-95,2,-125,-10,-109,-16,-90,-13,-101,0,-82,-16,-101,-13,-101,0,-101,-2,-95,0,-115,-10,-73,5,-104,0,-79,-10,-106,0,-95,-10,-87,-16,-95,-5,-71,-16,-95,-2,-93,-5,-82,-10,-82,-8,-101,-30,-68,2,-95,-2,-73,-16,-106,-24,-79,-38,-79,-19,-76,-41,-71,-32,-57,-27,-73,-21,-71,-27,-54,-27,-54,-43,-49,-16,-54,-32,-43,-38,-54,-46,-24,-38,-30,-43,-21,-46,-24,-32,-19,-38,-21,-35,-13,-32,-10,-35,0,0,0,0,0,0,0,0,0,0]"""
1782313080844,2026-06-24T23:58:00.844,warning,bed_exit,yja,bed_exit_failed,t030,"CSI_DATA,335221,1a:00:00:00:00:00,-65,11,-99,17,50,11,-1280289389,47,2,256,0,""[0,0,0,0,0,0,0,0,0,0,0,0,10,-23,7,-18,21,-21,15,-18,18,-21,15,-18,21,-23,18,-21,26,-18,34,-23,34,-13,26,-23,37,-21,42,-15,42,-15,50,-13,47,-13,53,-2,45,-5,37,-13,45,-10,63,-7,58,-10,50,5,58,2,63,-5,71,10,55,5,79,15,58,13,66,13,47,2,61,0,63,0,69,-5,77,5,77,7,61,18,82,0,85,5,82,5,85,15,71,23,90,10,58,2,77,0,79,0,87,-15,103,0,103,-2,87,15,103,13,98,10,109,7,106,29,101,18,111,18,0,0,0,0,0,0,39,-109,39,-130,26,-95,37,-106,37,-125,50,-85,50,-114,42,-98,61,-117,26,-85,26,-82,29,-101,26,-101,23,-111,34,-79,21,-93,23,-95,37,-98,34,-90,45,-101,26,-85,45,-90,21,-71,18,-82,21,-95,26,-93,15,-103,29,-77,26,-85,15,-90,37,-90,31,-85,47,-93,45,-71,37,-74,26,-58,26,-74,34,-77,26,-85,37,-77,42,-69,45,-50,47,-63,61,-55,45,-53,58,-42,50,-29,50,-31,29,-21,42,-37,39,-26,34,-31,50,-21,42,-15,42,-5,37,-7,37,-5,0,0,0,0,0,0,0,0,0,0]"""
1782313080855,2026-06-24T23:58:00.855,warning,bed_exit,yja,bed_exit_failed,t030,"CSI_DATA,335222,1a:00:00:00:00:00,-65,11,-99,17,50,11,-1280271443,47,2,256,0,""[0,0,0,0,0,0,0,0,0,0,0,0,15,-15,21,-13,23,-10,29,-13,26,-10,29,-13,31,-10,31,-13,31,-7,34,-7,37,-15,37,-10,39,-10,39,-10,45,-5,37,-2,45,-5,42,-5,63,-2,47,0,50,7,47,2,47,-5,58,-10,58,-10,55,-7,53,-13,61,-13,61,-5,63,-13,53,-13,77,-18,77,-13,66,-15,69,-15,58,-15,55,-29,61,-45,69,-42,58,-39,63,-37,58,-42,66,-45,61,-55,74,-58,74,-58,63,-53,66,-58,74,-63,61,-77,66,-87,55,-77,58,-79,71,-87,61,-95,66,-87,63,-95,0,0,0,0,0,0,-101,-66,-101,-53,-122,-61,-98,-61,-85,-45,-101,-47,-101,-47,-119,-58,-103,-42,-114,-47,-101,-47,-95,-23,-87,-37,-95,-26,-106,-7,-98,-5,-98,0,-98,5,-95,-2,-95,-5,-101,5,-90,7,-106,10,-101,5,-98,15,-90,0,-85,23,-95,37,-85,29,-79,37,-77,29,-79,29,-82,23,-87,29,-74,29,-95,29,-90,26,-82,23,-79,21,-69,15,-66,31,-66,39,-69,29,-61,29,-66,26,-61,18,-63,18,-58,18,-63,13,-53,7,-53,10,-45,5,-45,0,-39,2,-42,7,-37,5,-34,0,0,0,0,0,0,0,0,0,0,0]"""
1782313080866,2026-06-24T23:58:00.866,warning,bed_exit,yja,bed_exit_failed,t030,"CSI_DATA,335223,1a:00:00:00:00:00,-65,11,-99,16,50,11,-1280267224,47,2,256,0,""[0,0,0,0,0,0,0,0,0,0,0,0,-16,-16,-16,-21,-10,-19,-8,-21,-10,-21,-13,-27,-10,-27,-10,-27,-10,-30,0,-35,-5,-35,-2,-41,2,-38,2,-43,8,-49,-2,-49,-2,-49,2,-49,8,-41,2,-54,8,-54,10,-54,10,-54,16,-49,19,-54,16,-54,13,-54,16,-62,13,-62,16,-60,10,-60,10,-60,10,-60,13,-62,16,-68,0,-73,8,-71,10,-68,10,-71,10,-76,16,-71,-5,-79,-2,-84,5,-82,-5,-82,0,-84,-8,-93,-8,-87,-13,-95,0,-101,0,-95,-8,-109,-2,-112,-10,-106,-2,-104,5,-117,0,-104,0,0,0,0,0,0,-123,-8,-125,-10,-109,-10,-120,2,-112,-2,-112,0,-109,5,-112,8,-104,-5,-101,8,-98,10,-95,2,-106,21,-106,0,-101,2,-101,5,-95,2,-98,5,-104,8,-90,27,-90,32,-90,19,-84,19,-87,24,-95,16,-93,38,-93,30,-87,19,-90,16,-82,24,-87,19,-90,24,-84,30,-79,32,-87,24,-82,24,-76,21,-79,21,-79,19,-79,21,-76,8,-71,8,-76,8,-73,2,-68,0,-62,8,-62,5,-60,-8,-54,-5,-49,-2,-46,-5,-49,-13,-43,-8,-38,-16,-32,-13,-32,-16,-27,-16,0,0,0,0,0,0,0,0,0,0]"""
1782313080877,2026-06-24T23:58:00.877,warning,bed_exit,yja,bed_exit_failed,t030,"CSI_DATA,335224,1a:00:00:00:00:00,-65,11,-99,18,50,11,-1280256037,47,2,256,0,""[0,0,0,0,0,0,0,0,0,0,0,0,-18,-18,-10,-15,-10,-25,-5,-20,-10,-28,-7,-23,-12,-28,-2,-33,-5,-38,-2,-41,5,-38,-2,-38,2,-43,10,-43,20,-38,18,-49,15,-43,25,-41,23,-38,20,-33,38,-41,23,-46,33,-56,33,-41,33,-49,38,-46,38,-41,31,-41,41,-51,36,-41,69,-33,25,-46,36,-36,51,-67,46,-59,56,-74,31,-51,67,-46,31,-72,62,-69,77,-41,67,-38,59,-41,54,-77,31,-25,67,-62,59,-93,69,-82,87,-85,43,-74,93,-41,64,-67,67,-67,72,-59,103,-64,87,-69,87,-51,0,0,0,0,0,0,-54,-105,-54,-134,-43,-80,-43,-105,-56,-121,-23,-95,-33,-126,-33,-95,-23,-118,-38,-85,-49,-82,-43,-98,-51,-93,-46,-105,-23,-98,-41,-87,-36,-95,-28,-95,-25,-87,-36,-100,-36,-80,-20,-100,-25,-72,-36,-69,-33,-85,-33,-85,-49,-98,-12,-82,-31,-82,-33,-82,-20,-90,-20,-80,-18,-100,-12,-82,-7,-87,-10,-67,-18,-82,-18,-82,-18,-80,-12,-82,-5,-85,10,-72,2,-74,18,-72,18,-64,28,-64,23,-51,25,-54,15,-41,18,-46,20,-46,18,-43,28,-41,28,-36,31,-18,31,-23,28,-23,0,0,0,0,0,0,0,0,0,0]"""
1782313080889,2026-06-24T23:58:00.889,warning,bed_exit,yja,bed_exit_failed,t030,"CSI_DATA,335225,1a:00:00:00:00:00,-65,11,-99,17,50,11,-1280245286,47,2,256,0,""[0,0,0,0,0,0,0,0,0,0,0,0,-21,0,-26,-2,-23,-5,-23,-7,-26,-7,-26,-10,-29,-7,-26,-13,-34,-7,-29,-15,-23,-23,-37,-26,-29,-26,-26,-37,-29,-34,-31,-31,-29,-39,-29,-47,-29,-37,-34,-47,-31,-45,-26,-45,-31,-47,-13,-47,-18,-53,-26,-50,-15,-63,-15,-55,-15,-58,-18,-61,-15,-63,-13,-55,-15,-53,-26,-55,-26,-63,-31,-69,-26,-66,-15,-74,-21,-66,-18,-74,-15,-77,-29,-71,-26,-74,-15,-82,-29,-79,-34,-74,-42,-82,-45,-85,-42,-90,-39,-93,-23,-93,-31,-106,-31,-109,-34,-98,-5,-111,-31,-103,-26,-106,0,0,0,0,0,0,-114,10,-127,10,-114,7,-114,2,-127,15,-114,-5,-111,0,-111,-2,-109,-15,-101,7,-103,7,-93,10,-111,18,-98,10,-98,-5,-103,10,-106,7,-101,-5,-106,-2,-95,10,-93,7,-101,-5,-85,7,-87,18,-90,5,-98,18,-93,10,-85,-7,-87,5,-85,10,-90,2,-95,0,-85,-7,-82,-15,-87,-15,-82,-10,-79,-2,-79,0,-79,-5,-85,-5,-69,-7,-69,-23,-71,-15,-63,-29,-61,-34,-55,-23,-53,-31,-50,-34,-47,-29,-42,-31,-42,-26,-39,-29,-37,-29,-34,-31,-18,-37,-18,-31,-13,-31,0,0,0,0,0,0,0,0,0,0]"""
1782313080900,2026-06-24T23:58:00.900,warning,bed_exit,yja,bed_exit_failed,t030,"CSI_DATA,335226,1a:00:00:00:00:00,-65,11,-99,14,50,11,-1280234390,47,2,256,0,""[0,0,0,0,0,0,0,0,0,0,0,0,-49,-14,29,-29,17,17,-95,-11,43,55,-46,26,-78,-8,11,46,23,5,46,34,-14,49,-43,31,-43,29,-17,14,-11,37,-2,37,-46,37,-5,26,-43,46,-58,52,-23,40,-37,46,-29,37,-43,34,-40,43,-37,43,-40,43,-52,58,-34,37,-46,52,-34,43,-37,55,-43,49,-29,58,-34,63,-34,69,-23,58,-26,58,-23,72,-31,69,-37,78,-14,63,-23,84,-29,75,-14,95,-23,78,2,92,-8,87,-8,92,0,89,-2,101,8,104,0,124,2,87,-2,110,11,133,-8,110,0,0,0,0,0,0,139,-5,107,0,130,-5,116,-8,92,-14,127,-8,98,-11,121,-17,95,-5,118,-31,95,-34,89,-31,95,-43,89,-26,95,-31,89,-46,89,-43,95,-40,107,-46,66,-43,84,-60,75,-40,81,-63,66,-66,66,-63,69,-75,52,-58,69,-58,60,-66,52,-72,55,-66,72,-69,40,-63,60,-69,58,-52,63,-84,55,-60,49,-69,52,-69,49,-66,40,-52,46,-58,49,-58,46,-55,60,-58,31,-40,46,-52,46,-31,43,-46,34,-34,37,-29,37,-26,37,-34,37,-26,34,-23,29,-20,31,-17,0,0,0,0,0,0,0,0,0,0]"""
1782313080910,2026-06-24T23:58:00.910,warning,bed_exit,yja,bed_exit_failed,t030,"CSI_DATA,335227,1a:00:00:00:00:00,-65,11,-99,18,50,11,-1280223390,47,2,256,0,""[0,0,0,0,0,0,0,0,0,0,0,0,20,2,20,5,28,7,25,7,23,12,28,12,25,18,28,10,20,20,33,20,31,20,28,28,36,25,33,23,28,31,28,41,28,38,23,41,33,46,23,38,25,51,20,43,31,51,36,46,33,43,31,49,28,51,28,51,25,56,28,64,25,56,25,56,33,59,31,59,38,56,28,56,33,64,36,69,41,64,46,62,51,62,33,74,41,80,51,59,49,72,56,77,46,69,67,67,54,80,62,64,64,77,56,77,59,85,64,93,69,82,67,90,67,90,0,0,0,0,0,0,90,-69,90,-64,90,-82,90,-56,93,-62,87,-67,100,-62,93,-69,93,-64,98,-72,90,-59,85,-77,82,-49,74,-72,74,-67,67,-64,64,-72,67,-69,59,-64,82,-59,80,-64,62,-64,62,-72,67,-69,64,-82,62,-62,56,-72,54,-80,51,-69,51,-74,54,-69,51,-69,69,-67,67,-64,49,-59,62,-62,59,-74,62,-59,54,-67,59,-46,56,-46,62,-51,59,-46,59,-46,54,-41,62,-25,62,-25,49,-31,51,-18,54,-28,43,-12,43,-18,43,-7,41,-12,38,-7,31,-2,33,0,0,0,0,0,0,0,0,0,0,0]"""
1782313080921,2026-06-24T23:58:00.921,warning,bed_exit,yja,bed_exit_failed,t030,"CSI_DATA,335228,1a:00:00:00:00:00,-65,11,-99,17,50,11,-1280212390,47,2,256,0,""[0,0,0,0,0,0,0,0,0,0,0,0,10,15,10,21,7,18,10,23,5,18,5,34,-2,34,-5,29,-2,37,-10,31,-2,45,-13,39,-13,34,-13,39,-21,45,-10,34,-18,45,-18,37,-37,45,-39,42,-23,37,-42,37,-37,29,-42,39,-45,39,-45,39,-42,37,-55,39,-34,31,-50,39,-50,37,-58,42,-63,23,-55,29,-69,21,-61,23,-53,37,-55,55,-58,39,-53,34,-74,26,-53,50,-58,63,-77,39,-95,53,-74,21,-85,37,-93,23,-79,31,-79,34,-90,55,-85,58,-103,53,-93,39,-95,53,-109,39,-106,31,0,0,0,0,0,0,21,125,13,103,21,133,5,117,13,90,18,133,18,95,10,127,13,98,5,122,-7,117,-18,95,-2,106,-15,90,15,109,10,98,0,98,2,87,-15,106,7,79,7,109,5,93,-5,106,-15,95,-21,79,-13,90,-15,82,0,93,-5,87,-2,90,2,82,-26,101,0,71,-7,90,-15,85,-26,95,-42,71,-39,69,-53,74,-39,61,-34,61,-21,74,-31,61,-23,50,-47,47,-26,47,-37,61,-39,45,-53,45,-45,18,-47,26,-50,13,-39,10,-37,13,-39,13,-37,10,-31,5,0,0,0,0,0,0,0,0,0,0]"""
1782313080933,2026-06-24T23:58:00.933,warning,bed_exit,yja,bed_exit_failed,t030,"CSI_DATA,335229,1a:00:00:00:00:00,-65,11,-99,20,49,11,-1280192222,47,2,256,0,""[0,0,0,0,0,0,0,0,0,0,0,0,-21,0,-30,5,-13,-2,-27,-2,-21,0,-35,-5,-32,-5,-32,0,-35,-13,-27,-13,-41,-13,-41,-10,-41,-16,-35,-13,-41,-24,-30,-19,-43,-30,-38,-16,-49,-38,-49,-38,-49,-32,-35,-32,-41,-24,-46,-38,-43,-32,-49,-32,-43,-32,-54,-38,-32,-30,-57,-43,-43,-35,-62,-52,-49,-46,-54,-41,-49,-43,-46,-41,-54,-30,-68,-35,-60,-35,-52,-32,-62,-49,-57,-24,-90,-38,-65,-35,-109,-52,-82,-43,-84,-41,-84,-43,-71,-27,-84,-27,-104,-38,-90,-21,-106,-41,-90,-41,-101,-21,-117,-38,-98,-41,0,0,0,0,0,0,-41,117,-30,84,-46,139,-38,98,-24,68,-49,128,-27,76,-46,120,-24,79,-52,131,-38,115,-32,90,-32,93,-30,79,-19,115,-13,104,-10,101,-10,87,-21,104,-19,79,-10,112,-8,76,-13,120,-19,101,-8,90,-13,84,0,73,2,98,5,90,2,90,0,79,-5,98,-2,71,-5,95,-2,71,-10,117,-16,87,-5,87,-13,79,-13,60,-13,71,0,79,-13,65,-5,54,-16,68,-19,52,-21,73,-21,52,-35,71,-27,46,-21,52,-27,38,-21,32,-19,30,-21,38,-21,32,-24,32,0,0,0,0,0,0,0,0,0,0]"""
1782313080944,2026-06-24T23:58:00.944,warning,bed_exit,yja,bed_exit_failed,t030,"CSI_DATA,335230,1a:00:00:00:00:00,-65,11,-99,16,50,11,-1280190088,47,2,256,0,""[0,0,0,0,0,0,0,0,0,0,0,0,-19,2,-21,0,-27,-2,-27,-2,-30,-2,-32,-5,-35,-8,-35,-10,-27,-8,-35,-13,-41,-8,-32,-8,-43,-8,-35,-13,-38,-13,-35,-16,-41,-21,-43,-21,-52,-21,-46,-30,-49,-27,-43,-24,-49,-27,-62,-19,-54,-19,-54,-21,-49,-19,-52,-21,-57,-24,-62,-21,-54,-13,-68,-21,-76,-21,-71,-24,-68,-19,-57,-19,-68,-8,-73,-5,-79,-2,-71,2,-73,-2,-76,0,-79,5,-84,16,-93,10,-101,10,-87,10,-84,16,-93,13,-90,21,-106,43,-84,27,-93,30,-104,38,-106,54,-106,43,-112,41,0,0,0,0,0,0,54,115,52,98,62,112,52,101,46,87,60,95,54,104,62,98,65,93,65,101,65,101,60,87,49,73,68,79,84,73,73,62,84,60,76,57,71,54,73,57,76,52,76,46,87,54,82,52,84,38,71,41,79,32,87,32,90,24,87,21,79,21,76,19,84,24,87,24,79,21,93,32,90,38,79,24,82,27,68,27,76,19,79,10,76,19,62,16,60,19,62,24,54,21,57,21,57,24,52,27,49,24,38,21,32,21,43,21,35,21,27,21,27,19,0,0,0,0,0,0,0,0,0,0]"""
1782313080955,2026-06-24T23:58:00.955,warning,bed_exit,yja,bed_exit_failed,t030,"CSI_DATA,335231,1a:00:00:00:00:00,-65,11,-99,16,50,11,-1280179390,47,2,256,0,""[0,0,0,0,0,0,0,0,0,0,0,0,-13,-8,-19,-8,-19,-16,-19,-16,-24,-16,-21,-19,-19,-16,-13,-21,-24,-30,-16,-30,-16,-27,-16,-32,-16,-43,-19,-43,-16,-46,-21,-35,-19,-35,-13,-43,-19,-49,-13,-60,-2,-60,-16,-62,-8,-54,-10,-57,-8,-57,-8,-57,-5,-57,-5,-60,-13,-57,-19,-60,-13,-54,-10,-68,-8,-68,-10,-65,0,-71,-13,-65,-8,-68,-19,-62,-19,-73,-27,-71,-10,-82,-38,-62,-38,-65,-30,-90,-21,-84,-13,-84,-32,-84,-13,-90,-32,-95,-32,-101,-52,-90,-49,-93,-43,-98,-38,-93,-57,-98,-35,-112,-43,-101,0,0,0,0,0,0,-117,32,-117,32,-115,32,-109,41,-106,30,-106,35,-106,38,-112,46,-106,38,-95,32,-101,27,-98,13,-104,35,-98,16,-90,38,-90,35,-95,35,-93,38,-104,30,-76,43,-76,52,-87,43,-82,43,-84,35,-90,19,-87,46,-79,30,-76,46,-82,38,-76,41,-73,41,-90,32,-73,52,-65,46,-76,38,-87,43,-79,27,-79,32,-84,21,-79,27,-76,19,-65,30,-65,19,-65,21,-71,5,-57,27,-60,16,-62,5,-60,2,-49,-8,-52,-2,-46,-13,-49,-8,-38,-5,-41,-5,-41,-8,-32,-10,0,0,0,0,0,0,0,0,0,0]"""
1782313080966,2026-06-24T23:58:00.966,warning,bed_exit,yja,bed_exit_failed,t030,"CSI_DATA,335232,1a:00:00:00:00:00,-65,11,-99,17,50,11,-1280166936,47,2,256,0,""[0,0,0,0,0,0,0,0,0,0,0,0,21,7,21,13,21,13,26,13,23,21,15,21,18,21,15,29,18,34,7,34,13,31,15,39,10,34,15,39,10,53,15,39,10,47,10,45,5,47,5,61,2,50,7,69,-7,47,0,55,-5,61,-10,58,-10,61,-10,63,2,61,0,63,-5,61,-5,69,-13,66,-7,69,-18,71,-13,69,-13,63,-7,66,-7,69,-2,77,-15,77,10,77,7,74,-7,87,-5,85,-21,77,-10,87,-29,90,-2,95,-10,101,0,103,2,106,-10,101,-13,106,13,119,-2,117,-23,130,0,0,0,0,0,0,119,26,117,23,117,31,114,23,103,31,111,29,103,18,111,18,111,26,101,26,93,37,87,50,109,37,93,42,93,31,90,37,93,31,98,29,101,31,87,7,90,13,93,23,90,21,87,29,82,31,98,18,79,37,90,18,87,29,79,23,85,23,95,37,87,10,85,10,82,26,85,29,69,39,74,37,71,47,69,39,61,42,63,31,63,39,61,39,47,47,55,31,53,34,47,45,37,50,26,42,29,45,15,45,21,42,18,42,15,39,13,37,7,34,0,0,0,0,0,0,0,0,0,0]"""
1782313080976,2026-06-24T23:58:00.976,warning,bed_exit,yja,bed_exit_failed,t030,"CSI_DATA,335233,1a:00:00:00:00:00,-65,11,-99,19,50,11,-1280155591,47,2,256,0,""[0,0,0,0,0,0,0,0,0,0,0,0,25,10,20,10,27,15,20,15,27,17,15,22,25,17,25,25,22,22,30,32,20,32,17,35,25,37,20,40,17,30,22,55,22,40,15,52,10,45,20,40,15,47,12,52,12,65,7,55,10,57,7,60,10,62,10,50,17,80,15,50,17,72,10,50,20,62,22,65,22,67,15,67,15,87,7,70,17,77,25,82,22,65,22,95,17,62,42,82,15,57,40,80,30,80,40,82,42,95,40,105,35,82,27,97,27,85,45,110,42,100,30,90,62,108,0,0,0,0,0,0,100,-40,140,-47,85,-27,108,-35,138,-50,92,-22,130,-47,87,-37,123,-45,82,-27,90,-35,105,-37,97,-42,113,-45,87,-25,92,-30,92,-35,95,-42,75,-32,102,-47,77,-40,97,-47,62,-37,75,-45,90,-47,85,-52,92,-55,82,-42,87,-42,80,-45,80,-47,67,-40,95,-52,70,-40,82,-45,55,-30,70,-42,77,-42,72,-45,75,-35,82,-25,70,-15,75,-17,77,-17,62,-20,80,-12,50,-7,62,-15,42,-5,52,-5,50,0,52,-2,50,0,47,12,35,10,32,15,32,17,0,0,0,0,0,0,0,0,0,0]"""
1782313080986,2026-06-24T23:58:00.986,warning,bed_exit,yja,bed_exit_failed,t030,"CSI_DATA,335234,1a:00:00:00:00:00,-65,11,-99,16,50,11,-1280146390,47,2,256,0,""[0,0,0,0,0,0,0,0,0,0,0,0,19,-5,19,-8,30,-10,24,-2,24,-5,24,-2,30,-5,32,2,30,0,41,2,32,8,32,10,41,19,46,16,38,5,49,24,35,21,46,27,41,30,52,24,60,32,35,32,52,35,46,38,41,41,38,41,38,41,38,32,57,52,43,41,49,46,41,46,54,43,52,52,52,46,49,46,52,54,46,54,52,60,62,52,57,41,62,65,49,54,76,52,46,43,82,54,60,60,79,54,76,62,76,71,73,73,68,76,68,60,95,82,76,76,73,71,90,79,0,0,0,0,0,0,79,-73,90,-93,79,-65,82,-79,104,-84,73,-60,104,-93,71,-65,98,-82,79,-54,79,-62,87,-71,79,-57,90,-79,76,-57,82,-52,82,-57,79,-65,54,-57,87,-68,60,-54,76,-68,62,-54,68,-65,73,-73,68,-52,76,-68,71,-62,71,-60,73,-54,73,-57,49,-54,84,-62,62,-49,71,-60,62,-38,68,-60,71,-43,71,-52,68,-38,79,-35,71,-24,73,-16,65,-24,54,-27,71,-19,52,-8,60,-21,43,-5,57,-8,49,0,49,-2,46,2,49,5,41,13,35,13,32,16,0,0,0,0,0,0,0,0,0,0]"""
1782313080997,2026-06-24T23:58:00.997,warning,bed_exit,yja,bed_exit_failed,t030,"CSI_DATA,335235,1a:00:00:00:00:00,-65,11,-99,17,50,11,-1280135043,47,2,256,0,""[0,0,0,0,0,0,0,0,0,0,0,0,-7,-26,-5,-18,-13,-23,-7,-21,-5,-29,-5,-23,-7,-29,-5,-39,-2,-31,-7,-45,2,-42,10,-39,5,-42,7,-42,5,-37,13,-50,10,-37,18,-47,10,-39,15,-50,18,-69,13,-45,29,-63,26,-53,26,-50,26,-47,26,-50,21,-39,26,-66,18,-50,29,-61,21,-53,21,-66,26,-69,15,-69,23,-55,34,-74,34,-63,34,-71,29,-74,13,-61,34,-87,29,-66,15,-87,21,-63,15,-103,29,-87,2,-90,21,-93,23,-101,29,-90,37,-93,23,-87,23,-119,26,-106,21,-90,18,-119,0,0,0,0,0,0,-106,-26,-127,-29,-90,-23,-114,-23,-130,-39,-85,-23,-135,-29,-82,-13,-114,-29,-93,-21,-103,-15,-103,-21,-101,-15,-114,-21,-98,-34,-93,-31,-103,-18,-101,-13,-71,-7,-114,-15,-74,-13,-103,-7,-79,0,-95,-2,-98,-2,-87,7,-109,-2,-90,-7,-85,-7,-87,-7,-90,-5,-71,2,-106,-5,-74,-5,-90,-2,-66,-5,-90,10,-85,-5,-82,2,-74,-2,-79,-18,-74,-23,-71,-23,-77,-23,-55,-15,-71,-26,-47,-23,-58,-15,-34,-18,-55,-23,-45,-23,-47,-21,-39,-23,-37,-21,-26,-29,-18,-29,-18,-29,0,0,0,0,0,0,0,0,0,0]"""
1782313081008,2026-06-24T23:58:01.008,warning,bed_exit,yja,bed_exit_failed,t030,"CSI_DATA,335236,1a:00:00:00:00:00,-65,11,-99,16,50,11,-1280124390,47,2,256,0,""[0,0,0,0,0,0,0,0,0,0,0,0,-8,19,-8,21,-10,24,-10,27,-19,19,-19,27,-19,24,-19,24,-24,16,-21,24,-24,30,-24,27,-24,30,-27,27,-32,27,-38,21,-41,27,-43,24,-52,27,-46,27,-46,19,-49,21,-49,24,-54,30,-49,30,-52,27,-43,27,-46,27,-62,27,-57,24,-54,30,-68,27,-68,38,-65,30,-62,32,-57,27,-54,32,-60,43,-62,43,-60,41,-60,43,-65,46,-65,43,-68,57,-71,57,-73,57,-65,57,-76,52,-76,52,-76,73,-82,76,-65,62,-68,62,-84,79,-84,79,-79,76,-93,76,0,0,0,0,0,0,82,87,71,90,87,93,71,87,73,73,79,90,79,87,79,90,79,82,79,84,76,84,76,68,57,65,76,65,84,71,79,60,84,62,76,60,73,52,68,62,79,52,73,52,82,60,84,65,84,46,71,49,79,38,87,46,87,43,79,41,73,35,68,32,76,49,76,46,73,41,79,52,84,52,71,49,73,43,52,46,62,38,71,43,57,46,54,38,46,43,46,43,43,46,43,43,38,46,35,46,32,38,24,41,21,41,21,38,19,38,19,30,8,35,0,0,0,0,0,0,0,0,0,0]"""
1782313081018,2026-06-24T23:58:01.018,warning,bed_exit,yja,bed_exit_failed,t030,"CSI_DATA,335237,1a:00:00:00:00:00,-65,11,-99,17,50,11,-1280113029,47,2,256,0,""[0,0,0,0,0,0,0,0,0,0,0,0,15,-18,15,-15,26,-18,23,-13,26,-18,21,-18,21,-15,31,-18,26,-10,37,-15,31,-7,34,-7,42,-10,47,-2,45,-2,58,2,45,-2,50,2,39,10,47,-2,66,-2,55,10,63,0,53,10,53,13,55,10,61,18,50,10,66,34,55,23,61,18,42,23,61,18,61,21,63,13,74,21,71,21,61,29,79,31,85,37,79,29,74,45,74,42,82,26,53,18,93,18,79,29,95,0,101,47,95,29,77,37,98,50,93,45,101,39,95,61,95,50,103,50,0,0,0,0,0,0,63,-101,77,-114,53,-85,63,-93,77,-114,66,-77,87,-106,66,-79,90,-93,53,-74,47,-77,55,-103,63,-85,63,-103,55,-66,53,-79,58,-82,66,-77,58,-74,77,-85,47,-69,61,-79,50,-53,42,-69,53,-87,58,-74,50,-90,55,-63,55,-74,55,-74,63,-71,47,-74,79,-69,69,-53,58,-61,50,-42,53,-58,58,-55,50,-63,66,-58,63,-55,55,-31,69,-34,77,-31,63,-37,74,-15,61,-10,55,-13,37,-7,53,-18,45,-10,45,-13,50,2,47,0,31,5,39,10,34,10,0,0,0,0,0,0,0,0,0,0]"""
1782313081029,2026-06-24T23:58:01.029,warning,bed_exit,yja,bed_exit_failed,t030,"CSI_DATA,335238,1a:00:00:00:00:00,-65,11,-99,17,50,11,-1280101399,47,2,256,0,""[0,0,0,0,0,0,0,0,0,0,0,0,15,-21,13,-15,23,-21,23,-18,26,-21,21,-21,23,-21,26,-23,29,-13,34,-21,31,-26,34,-21,37,-18,42,-15,42,-13,55,-10,42,-13,50,-13,55,-2,55,0,71,-5,45,2,61,-10,61,-10,53,-7,55,-13,55,-2,61,-10,58,10,74,-2,74,-2,74,7,82,-10,93,10,69,-18,63,-15,90,0,63,-2,69,-29,63,-10,90,2,74,-26,79,-5,109,-2,98,13,90,-2,63,-23,77,-5,93,7,87,-34,114,-15,95,7,117,-23,109,-26,119,-26,98,-10,114,-13,0,0,0,0,0,0,-10,-109,-13,-122,-13,-111,-7,-119,-18,-119,-7,-95,-2,-130,5,-109,-2,-117,-10,-103,-10,-101,-26,-109,-2,-95,-23,-109,-26,-95,-31,-90,-21,-93,-26,-95,-21,-79,-15,-106,-18,-90,-21,-93,-18,-87,-18,-93,-29,-90,-13,-82,-39,-87,-31,-85,-31,-79,-39,-82,-31,-85,-26,-66,-13,-98,-10,-85,-18,-79,-10,-74,-26,-90,-13,-85,-21,-79,-5,-79,-10,-79,-10,-79,0,-77,0,-74,-2,-61,10,-66,13,-63,5,-55,7,-47,10,-61,13,-47,7,-45,18,-39,18,-42,15,-31,18,-29,21,-26,0,0,0,0,0,0,0,0,0,0]"""
1782313081040,2026-06-24T23:58:01.040,warning,bed_exit,yja,bed_exit_failed,t030,"CSI_DATA,335239,1a:00:00:00:00:00,-65,11,-99,19,50,11,-1280088791,47,2,256,0,""[0,0,0,0,0,0,0,0,0,0,0,0,-2,20,0,17,-10,30,-7,25,-17,30,-12,25,-5,25,-7,35,-12,30,-12,45,-12,30,-12,30,-20,35,-27,40,-20,45,-30,42,-30,37,-37,37,-32,35,-12,37,-25,52,-32,50,-30,50,-32,42,-37,47,-32,45,-45,47,-32,47,-47,57,-35,50,-35,50,-25,40,-27,62,-22,62,-25,67,-32,62,-25,77,-27,52,-27,75,-27,85,-12,80,-40,85,-30,72,-15,85,-15,50,5,87,-10,80,12,90,-10,113,5,102,-15,85,-17,110,-7,100,-2,108,-17,105,0,113,12,110,0,0,0,0,0,0,118,-17,133,-12,90,-12,108,-10,140,-20,97,-12,128,-15,100,-17,125,-20,90,-10,77,-25,100,-45,108,-35,108,-47,82,-30,92,-32,90,-40,105,-40,90,-50,105,-42,87,-42,85,-50,60,-37,57,-52,70,-67,70,-62,72,-77,62,-52,67,-65,65,-67,67,-72,60,-67,80,-60,70,-60,55,-52,50,-37,50,-70,50,-57,35,-72,65,-62,60,-57,52,-40,65,-45,62,-50,52,-52,60,-37,52,-30,45,-42,27,-20,40,-32,35,-27,35,-40,45,-22,40,-30,30,-5,37,-12,35,-7,0,0,0,0,0,0,0,0,0,0]"""
1782313081050,2026-06-24T23:58:01.050,warning,bed_exit,yja,bed_exit_failed,t030,"CSI_DATA,335240,1a:00:00:00:00:00,-65,11,-99,17,50,11,-1280078772,47,2,256,0,""[0,0,0,0,0,0,0,0,0,0,0,0,15,13,15,21,15,15,15,21,18,29,10,26,7,26,0,34,7,37,-2,34,-5,34,-2,37,-2,37,-2,47,-2,50,2,39,-2,50,-13,53,-13,45,-15,61,-15,53,-18,55,-26,45,-21,53,-26,58,-34,47,-31,53,-42,55,-13,58,-21,58,-29,58,-26,58,-37,55,-31,61,-42,63,-34,55,-42,55,-29,58,-34,61,-34,69,-47,71,-26,74,-23,79,-39,82,-42,82,-45,71,-50,74,-61,71,-42,85,-53,87,-37,95,-47,98,-50,93,-55,90,-37,109,-55,98,-53,101,0,0,0,0,0,0,101,71,98,69,95,71,93,71,82,77,90,74,90,63,95,63,82,63,77,74,77,74,58,85,82,69,63,77,74,63,69,71,71,66,77,63,71,77,77,45,82,45,74,58,74,58,69,61,61,71,79,61,63,66,69,58,66,63,63,58,63,63,61,71,74,53,77,50,63,61,66,61,47,69,55,63,42,74,42,71,34,66,47,58,34,61,37,55,21,66,34,53,29,53,26,61,13,55,5,45,2,53,-5,45,5,50,-7,42,-2,37,-7,34,-13,37,0,0,0,0,0,0,0,0,0,0]"""
1782313081061,2026-06-24T23:58:01.061,warning,bed_exit,yja,bed_exit_failed,t030,"CSI_DATA,335241,1a:00:00:00:00:00,-65,11,-99,16,50,11,-1280066462,47,2,256,0,""[0,0,0,0,0,0,0,0,0,0,0,0,19,13,19,13,24,21,13,21,19,21,19,16,19,21,19,24,21,30,16,32,10,35,8,41,10,43,5,46,0,43,2,52,0,38,-10,52,-8,49,-8,41,-19,43,-2,62,-8,60,-27,54,-19,54,-13,54,-27,57,-21,54,-32,60,-30,52,-38,54,-21,49,-24,62,-27,65,-30,65,-24,68,-32,71,-41,57,-41,62,-52,68,-46,62,-46,71,-43,60,-57,71,-30,62,-41,76,-32,76,-32,84,-49,93,-52,93,-65,68,-65,84,-54,82,-65,90,-90,71,-68,90,-79,82,0,0,0,0,0,0,71,109,73,106,62,82,62,95,71,104,41,95,54,117,52,90,41,115,52,82,60,79,52,90,68,90,62,95,32,90,49,84,49,87,38,95,35,93,49,90,38,76,32,98,41,71,43,76,43,79,54,82,49,84,21,84,32,84,35,76,19,90,19,76,24,90,16,79,8,90,19,73,19,79,21,82,19,79,16,82,5,79,-10,71,-2,76,-13,73,-19,65,-16,62,-19,57,-30,57,-19,46,-16,49,-21,43,-19,46,-21,38,-30,32,-30,19,-24,21,-32,13,0,0,0,0,0,0,0,0,0,0]"""
1782313081071,2026-06-24T23:58:01.071,warning,bed_exit,yja,bed_exit_failed,t030,"CSI_DATA,335242,1a:00:00:00:00:00,-65,11,-99,16,50,11,-1280056621,47,2,256,0,""[0,0,0,0,0,0,0,0,0,0,0,0,19,-13,24,-8,19,-8,30,-8,24,-2,32,5,38,8,24,10,35,16,30,8,35,8,35,13,38,16,38,16,38,32,32,19,35,27,35,35,38,38,27,52,30,49,30,46,19,49,35,46,32,46,27,52,27,49,21,65,30,43,35,62,24,57,35,71,13,65,16,62,8,76,13,68,19,68,35,57,35,68,30,57,16,82,35,62,38,73,24,87,21,109,-5,82,16,95,-8,93,13,90,13,95,41,109,35,95,8,106,5,98,41,115,10,125,5,115,0,0,0,0,0,0,120,10,101,16,134,8,109,27,87,21,117,30,98,8,123,21,104,19,117,38,106,43,87,52,93,41,79,43,98,27,95,24,95,24,87,21,98,43,79,24,98,32,79,30,98,38,87,49,71,46,76,43,65,43,93,30,90,41,73,38,71,32,76,57,71,24,84,43,71,46,79,60,54,68,52,57,49,73,35,65,43,54,54,54,46,57,35,46,27,65,35,43,32,54,21,60,10,68,-8,57,0,49,-10,52,-2,41,-2,41,-2,43,-2,38,-8,35,0,0,0,0,0,0,0,0,0,0]"""
1782313081083,2026-06-24T23:58:01.083,warning,bed_exit,yja,bed_exit_failed,t030,"CSI_DATA,335243,1a:00:00:00:00:00,-65,11,-99,18,50,11,-1280041544,47,2,256,0,""[0,0,0,0,0,0,0,0,0,0,0,0,-10,12,-18,15,-20,12,-28,10,-23,12,-31,12,-33,15,-25,12,-31,7,-31,10,-36,15,-38,15,-38,12,-41,12,-46,10,-38,2,-54,5,-41,2,-62,2,-59,10,-49,15,-56,0,-43,2,-64,12,-59,10,-56,10,-51,7,-62,7,-54,5,-69,10,-49,10,-85,7,-77,12,-67,15,-67,12,-59,2,-54,20,-64,31,-77,36,-64,31,-72,33,-59,28,-80,41,-69,36,-93,49,-85,41,-77,46,-80,41,-80,41,-64,56,-85,74,-69,67,-85,64,-82,62,-80,77,-93,85,-90,62,0,0,0,0,0,0,82,85,64,69,103,103,67,85,59,56,87,90,69,74,93,93,72,56,87,93,80,87,82,64,67,64,72,51,95,49,85,38,93,41,80,41,90,43,69,38,95,43,72,33,105,49,95,43,90,31,74,36,69,18,98,12,87,10,87,10,77,10,87,15,69,20,98,15,72,18,108,20,93,33,80,18,80,23,67,25,64,12,82,5,74,15,62,12,67,18,54,18,62,23,46,20,59,31,46,25,43,28,36,28,31,23,31,23,41,23,31,20,25,20,0,0,0,0,0,0,0,0,0,0]"""
1782313081093,2026-06-24T23:58:01.093,warning,bed_exit,yja,bed_exit_failed,t030,"CSI_DATA,335244,1a:00:00:00:00:00,-65,11,-99,18,50,11,-1280034623,47,2,256,0,""[0,0,0,0,0,0,0,0,0,0,0,0,12,-12,23,-18,25,-18,18,-18,31,-12,20,-10,12,-12,28,-18,33,-15,41,-12,33,-2,38,0,36,2,46,2,49,0,49,0,46,0,49,5,43,10,38,2,46,10,64,2,59,20,49,23,62,31,51,25,54,33,56,18,72,20,56,23,59,23,43,25,59,15,64,20,67,20,69,23,72,31,51,36,69,43,74,43,77,31,72,36,69,36,80,23,51,31,77,23,80,28,93,15,105,36,98,36,74,46,95,62,90,51,87,43,98,62,100,54,103,41,0,0,0,0,0,0,62,-118,69,-121,49,-85,49,-103,72,-113,56,-80,74,-95,62,-90,72,-95,56,-64,43,-74,51,-87,56,-103,67,-98,67,-62,72,-69,62,-69,72,-77,59,-80,59,-87,46,-74,54,-80,46,-64,31,-69,41,-80,43,-87,56,-87,56,-54,72,-67,54,-67,69,-69,51,-69,64,-80,56,-67,46,-69,46,-49,41,-59,46,-67,49,-69,59,-69,67,-49,56,-31,72,-36,72,-38,64,-33,64,-25,56,-23,56,-23,38,-12,46,-23,43,-12,46,-15,51,-10,49,2,36,12,33,10,33,12,0,0,0,0,0,0,0,0,0,0]"""
1782313081103,2026-06-24T23:58:01.103,warning,bed_exit,yja,bed_exit_failed,t030,"CSI_DATA,335245,1a:00:00:00:00:00,-65,11,-99,16,50,11,-1280023653,47,2,256,0,""[0,0,0,0,0,0,0,0,0,0,0,0,21,-5,16,-2,27,-8,27,-2,32,-2,21,0,30,0,35,2,32,2,46,5,35,10,38,13,35,16,43,13,35,10,52,27,38,16,46,30,35,32,52,19,46,27,38,35,54,38,41,38,46,43,41,41,43,41,41,27,54,54,43,41,52,41,38,41,57,38,52,52,54,43,54,43,54,52,52,52,60,62,71,52,60,35,62,62,52,52,79,38,46,35,84,46,62,57,87,41,84,62,84,60,76,60,71,68,76,54,95,73,84,71,76,65,98,71,0,0,0,0,0,0,71,-93,84,-109,62,-76,62,-95,90,-104,57,-76,90,-101,65,-76,79,-98,68,-65,62,-73,68,-84,65,-76,71,-95,60,-73,65,-68,65,-76,65,-82,43,-68,62,-90,46,-71,54,-82,49,-62,46,-76,54,-90,46,-73,52,-87,54,-76,60,-71,49,-76,49,-76,30,-62,68,-84,52,-65,49,-71,43,-52,43,-79,57,-60,49,-65,54,-57,62,-57,52,-46,65,-43,60,-43,49,-46,60,-41,52,-27,52,-41,35,-16,49,-32,41,-19,46,-21,49,-13,41,-10,38,-8,35,2,38,2,0,0,0,0,0,0,0,0,0,0]"""
1782313081115,2026-06-24T23:58:01.115,warning,bed_exit,yja,bed_exit_failed,t030,"CSI_DATA,335246,1a:00:00:00:00:00,-65,11,-99,19,50,11,-1280012096,47,2,256,0,""[0,0,0,0,0,0,0,0,0,0,0,0,-22,-10,-22,-10,-22,-10,-20,-12,-22,-17,-15,-15,-20,-20,-22,-30,-20,-25,-30,-25,-15,-30,-15,-35,-20,-37,-17,-40,-15,-40,-5,-55,-2,-47,0,-52,0,-37,-10,-37,-7,-50,-5,-60,2,-67,5,-50,10,-62,7,-60,17,-60,7,-57,22,-70,17,-55,22,-62,17,-47,10,-62,20,-62,7,-72,20,-75,27,-75,27,-57,30,-70,30,-85,17,-77,52,-75,42,-65,17,-77,27,-55,27,-92,32,-72,22,-97,42,-100,37,-100,40,-80,62,-92,42,-90,52,-100,62,-90,52,-87,60,-105,0,0,0,0,0,0,-90,-67,-105,-85,-75,-62,-85,-77,-92,-92,-62,-77,-85,-100,-75,-77,-82,-92,-55,-77,-60,-67,-82,-77,-62,-82,-90,-77,-55,-72,-60,-80,-67,-70,-65,-80,-57,-65,-62,-92,-55,-70,-57,-85,-40,-65,-55,-60,-65,-77,-57,-70,-70,-85,-52,-72,-52,-85,-50,-75,-50,-85,-47,-65,-45,-95,-37,-72,-37,-80,-22,-62,-45,-72,-30,-72,-35,-77,-27,-82,-15,-82,-2,-65,-5,-77,-5,-75,-2,-67,10,-70,10,-60,5,-60,10,-40,10,-52,15,-45,10,-50,20,-45,25,-45,25,-22,22,-25,30,-25,0,0,0,0,0,0,0,0,0,0]"""
1782313081125,2026-06-24T23:58:01.125,warning,bed_exit,yja,bed_exit_failed,t030,"CSI_DATA,335247,1a:00:00:00:00:00,-65,11,-99,17,50,11,-1280002439,47,2,256,0,""[0,0,0,0,0,0,0,0,0,0,0,0,5,-15,7,-23,13,-15,15,-21,18,-18,23,-18,29,-18,21,-13,31,-18,31,-10,37,-18,31,-18,37,-18,42,-13,53,-10,39,-10,47,-10,42,-2,55,2,66,10,55,2,58,18,42,15,61,13,55,18,55,15,53,21,58,29,50,13,61,21,55,23,74,34,55,47,55,31,58,45,50,37,55,29,66,23,69,29,61,26,58,45,66,21,79,29,74,45,90,58,58,58,71,47,61,69,71,61,82,66,98,58,90,47,79,71,77,69,101,66,87,82,82,85,0,0,0,0,0,0,103,-71,87,-58,117,-77,103,-53,79,-47,106,-63,82,-47,111,-61,90,-47,111,-42,114,-37,95,-15,98,-34,98,-23,98,-45,93,-47,85,-42,87,-39,103,-29,69,-29,93,-39,79,-31,106,-34,101,-15,90,-10,95,-15,79,-13,93,-31,93,-26,79,-23,79,-18,95,-7,74,-23,87,-18,82,-7,109,-5,87,18,85,10,82,29,71,26,71,15,82,5,69,13,55,13,58,31,50,13,61,23,55,34,53,42,31,45,29,37,21,45,21,39,23,39,26,34,18,31,13,31,0,0,0,0,0,0,0,0,0,0]"""
1782313081136,2026-06-24T23:58:01.136,warning,bed_exit,yja,bed_exit_failed,t030,"CSI_DATA,335248,1a:00:00:00:00:00,-65,11,-99,16,50,11,-1279992233,47,2,256,0,""[0,0,0,0,0,0,0,0,0,0,0,0,13,-10,24,-13,19,-8,27,-8,16,-5,32,-5,32,-2,24,0,35,-8,30,5,41,-2,41,0,38,2,43,2,49,13,41,5,52,2,46,8,54,19,49,21,32,27,52,21,46,24,62,21,60,21,57,19,54,21,68,27,52,8,65,24,52,16,76,30,54,35,60,32,60,32,62,27,68,13,71,5,68,16,60,16,76,30,68,-5,90,0,82,16,109,19,76,30,84,10,87,32,87,19,98,16,112,-10,104,-10,109,10,106,5,115,-8,120,16,112,21,0,0,0,0,0,0,27,-123,19,-98,13,-142,13,-115,8,-87,19,-131,5,-84,10,-125,10,-93,16,-128,24,-112,30,-93,8,-104,24,-84,-5,-109,2,-104,-2,-98,-2,-87,10,-112,-16,-76,-16,-106,-8,-84,-5,-115,10,-98,13,-84,-2,-93,-5,-79,-16,-93,-19,-87,-24,-79,-16,-76,-5,-98,-21,-65,-24,-90,-13,-82,-16,-112,8,-87,0,-84,19,-87,8,-73,5,-68,-16,-79,-2,-73,-8,-60,19,-71,-5,-60,-2,-65,10,-65,16,-71,24,-41,19,-52,30,-43,21,-38,16,-32,16,-38,13,-35,19,-30,0,0,0,0,0,0,0,0,0,0]"""
1782313081147,2026-06-24T23:58:01.147,warning,bed_exit,yja,bed_exit_failed,t030,"CSI_DATA,335249,1a:00:00:00:00:00,-65,11,-99,18,49,11,-1279980073,47,2,256,0,""[0,0,0,0,0,0,0,0,0,0,0,0,40,72,34,104,-49,69,-34,-29,-17,46,-113,23,-78,5,5,20,-104,-14,-72,-23,-52,-23,-26,-26,-55,-17,-29,-5,-17,-2,-8,-8,-40,-5,-55,2,-37,2,-60,-2,-69,0,-40,0,-58,-8,-72,0,-58,-8,-60,-14,-55,-11,-52,-5,-63,-20,-66,-17,-52,-23,-66,-29,-69,-11,-69,-23,-63,-14,-66,-23,-60,-20,-81,-20,-75,-23,-72,-17,-87,-8,-75,-26,-81,-29,-87,-8,-87,-26,-98,-14,-78,-23,-92,-20,-84,-26,-95,-14,-107,-20,-87,-31,-98,-29,-101,-34,-113,-37,-116,-37,-116,-34,0,0,0,0,0,0,-37,104,-31,113,-37,121,-46,107,-43,101,-37,104,-46,113,-43,113,-43,101,-58,98,-46,95,-43,101,-49,78,-34,95,-40,98,-37,84,-37,89,-37,87,-20,89,-40,87,-40,92,-29,87,-37,101,-40,87,-31,101,-31,75,-31,84,-26,92,-23,84,-37,81,-31,78,-26,81,-40,87,-40,84,-34,81,-46,84,-40,84,-43,78,-40,72,-49,55,-49,60,-52,69,-52,60,-43,52,-37,52,-49,40,-52,43,-43,40,-49,29,-46,31,-46,20,-40,20,-40,14,-43,17,-40,8,-31,5,-34,5,0,0,0,0,0,0,0,0,0,0]"""
1782313081161,2026-06-24T23:58:01.161,warning,bed_exit,yja,bed_exit_failed,t030,"CSI_DATA,335250,1a:00:00:00:00:00,-65,11,-99,16,50,11,-1279963445,47,2,256,0,""[0,0,0,0,0,0,0,0,0,0,0,0,2,21,2,19,-5,27,-5,24,-10,32,-5,24,-2,24,-8,27,-8,32,-16,43,-21,27,-21,32,-24,30,-32,30,-32,30,-38,35,-35,27,-41,24,-38,30,-38,41,-38,41,-54,43,-52,38,-57,19,-60,21,-52,27,-57,24,-57,19,-65,24,-54,24,-65,19,-52,21,-57,30,-57,35,-57,35,-65,38,-68,30,-65,19,-73,38,-82,30,-76,30,-82,27,-68,24,-90,24,-52,24,-68,41,-76,43,-73,54,-93,49,-95,49,-90,32,-98,32,-95,30,-98,52,-106,21,-101,46,-112,38,0,0,0,0,0,0,16,112,10,128,16,93,16,115,21,131,-2,104,10,123,8,106,-8,125,13,90,24,93,19,98,35,104,24,115,0,101,13,93,16,101,10,106,5,101,16,106,16,84,2,98,16,73,24,84,21,93,35,95,24,93,0,90,10,90,13,87,5,93,5,87,8,98,2,82,-5,90,8,73,5,84,5,84,8,79,5,84,-5,79,-21,68,-13,79,-24,73,-19,62,-19,62,-21,52,-35,54,-19,41,-24,49,-21,46,-24,43,-30,41,-30,30,-35,24,-30,27,-30,19,0,0,0,0,0,0,0,0,0,0]"""
1782313081172,2026-06-24T23:58:01.172,warning,bed_exit,yja,bed_exit_failed,t030,"CSI_DATA,335251,1a:00:00:00:00:00,-65,11,-99,15,50,11,-1279957649,47,2,256,0,""[0,0,0,0,0,0,0,0,0,0,0,0,5,19,5,16,5,28,5,28,5,25,2,33,-2,31,-2,39,-5,31,2,36,-2,36,-2,42,2,42,0,39,0,33,-19,53,-11,45,-22,47,-16,53,-11,45,-11,47,-19,45,-16,56,-19,53,-16,59,-22,53,-25,56,-19,50,-33,64,-31,53,-25,62,-19,56,-19,70,-19,64,-8,67,-25,64,-14,73,-22,78,-11,76,-11,78,-2,78,-28,84,-22,81,-5,81,-11,73,-8,101,-14,93,8,95,-8,98,5,98,-8,98,-14,98,-8,101,-2,124,-8,109,2,104,0,118,0,0,0,0,0,0,109,-2,121,-8,115,-5,124,0,121,-2,112,5,126,8,109,0,118,0,115,5,115,-2,118,-19,98,-2,104,-28,104,-16,93,-25,95,-28,93,-22,78,-25,109,-11,93,-19,101,-22,87,-28,93,-33,90,-45,81,-19,87,-47,84,-45,76,-47,81,-47,81,-39,64,-42,95,-25,87,-28,84,-31,78,-31,84,-42,76,-28,67,-39,73,-22,70,-28,76,-22,67,-22,70,-19,62,-25,67,-2,67,0,56,-14,50,-2,62,-8,50,2,50,-5,47,2,50,0,39,5,33,5,36,11,0,0,0,0,0,0,0,0,0,0]"""
1782313081183,2026-06-24T23:58:01.183,warning,bed_exit,yja,bed_exit_failed,t030,"CSI_DATA,335252,1a:00:00:00:00:00,-65,11,-99,20,49,11,-1279948391,47,2,256,0,""[0,0,0,0,0,0,0,0,0,0,0,0,-19,0,-16,2,-27,0,-21,2,-24,0,-30,-5,-41,-2,-30,-10,-27,-10,-35,-13,-38,-19,-38,-19,-38,-19,-35,-21,-32,-19,-38,-38,-41,-27,-35,-32,-46,-41,-43,-32,-35,-19,-41,-35,-32,-49,-43,-38,-41,-49,-35,-46,-35,-54,-35,-38,-46,-52,-41,-27,-41,-46,-35,-54,-65,-35,-38,-38,-62,-49,-30,-38,-38,-27,-46,-43,-46,-35,-52,-76,-54,-49,-68,-54,-71,-41,-73,-49,-73,-65,-106,-73,-76,-65,-73,-41,-84,-84,-79,-73,-84,-71,-62,-87,-62,-49,-104,-68,-87,-52,-87,-71,-104,-57,0,0,0,0,0,0,-60,90,-62,87,-65,104,-76,95,-65,82,-57,90,-73,98,-57,84,-65,101,-76,90,-68,93,-65,95,-54,76,-60,93,-60,93,-60,76,-57,87,-41,76,-41,71,-52,90,-46,73,-46,93,-49,93,-43,93,-38,90,-32,73,-43,84,-41,90,-41,79,-41,79,-32,73,-27,68,-43,84,-35,73,-35,84,-41,76,-43,90,-38,79,-41,71,-41,60,-49,68,-49,65,-54,57,-41,54,-30,49,-57,46,-46,41,-43,52,-49,32,-46,38,-46,30,-38,27,-32,21,-41,16,-43,21,-35,10,-32,5,0,0,0,0,0,0,0,0,0,0]"""
1782313081199,2026-06-24T23:58:01.199,warning,bed_exit,yja,bed_exit_failed,t030,"CSI_DATA,335254,1a:00:00:00:00:00,-65,11,-99,16,50,11,-1279925924,47,2,256,0,""[0,0,0,0,0,0,0,0,0,0,0,0,2,19,-8,27,-5,19,-10,30,-10,24,-19,30,-19,24,-21,21,-21,30,-21,16,-24,30,-24,27,-27,24,-30,24,-46,21,-35,24,-43,24,-43,19,-54,21,-60,10,-57,2,-54,5,-57,8,-60,13,-54,10,-54,24,-57,10,-68,2,-46,10,-65,10,-60,5,-73,13,-71,-13,-62,0,-71,-5,-68,0,-60,2,-68,24,-65,16,-60,16,-82,-2,-65,24,-87,27,-82,8,-112,16,-79,-8,-93,13,-98,-8,-87,5,-90,8,-106,30,-101,38,-115,16,-104,19,-106,35,-123,8,-112,2,0,0,0,0,0,0,-5,120,-2,101,-2,134,-16,120,-8,93,0,131,0,90,-10,123,-2,95,-13,123,-21,109,-35,90,-8,104,-21,90,0,106,0,101,-2,95,0,90,-8,109,2,71,8,104,2,90,-5,109,-19,98,-21,84,-8,93,-10,79,5,90,0,90,5,87,0,84,-16,101,8,76,0,93,-8,84,-16,104,-38,76,-27,73,-38,79,-32,71,-24,68,-10,76,-16,68,-19,57,-38,54,-13,52,-24,62,-38,49,-43,60,-41,30,-38,35,-46,21,-35,24,-38,24,-35,27,-27,24,-30,13,0,0,0,0,0,0,0,0,0,0]"""
1782313081213,2026-06-24T23:58:01.213,warning,bed_exit,yja,bed_exit_failed,t030,"CSI_DATA,335255,1a:00:00:00:00:00,-65,11,-99,16,50,11,-1279913091,47,2,256,0,""[0,0,0,0,0,0,0,0,0,0,0,0,10,-19,16,-16,19,-21,19,-16,24,-19,21,-19,30,-24,24,-19,24,-10,32,-21,32,-24,30,-19,35,-19,41,-16,38,-13,46,-16,46,-16,46,-13,54,-10,52,-16,46,-19,54,-8,54,-10,62,-21,57,-16,57,-16,57,-16,49,-16,65,-10,65,-16,57,-19,73,-24,68,-24,71,-24,65,-24,57,-19,60,-27,68,-38,71,-30,62,-35,62,-41,68,-41,68,-38,71,-46,76,-49,84,-54,71,-52,73,-54,76,-49,82,-62,90,-71,73,-54,68,-65,90,-79,95,-76,84,-71,93,-68,0,0,0,0,0,0,-82,-82,-73,-87,-87,-93,-82,-82,-76,-79,-73,-82,-84,-93,-82,-84,-87,-73,-82,-79,-87,-79,-90,-62,-71,-65,-84,-68,-90,-60,-82,-52,-84,-52,-79,-49,-76,-41,-82,-54,-82,-46,-84,-38,-93,-43,-93,-49,-90,-32,-73,-35,-84,-24,-93,-30,-87,-27,-87,-24,-79,-24,-71,-16,-87,-35,-84,-27,-82,-21,-84,-32,-95,-32,-76,-27,-82,-27,-65,-27,-76,-27,-76,-27,-71,-32,-62,-24,-57,-27,-57,-30,-52,-30,-54,-30,-52,-35,-49,-35,-43,-24,-38,-30,-30,-27,-27,-32,-32,-27,-21,-27,-19,-27,0,0,0,0,0,0,0,0,0,0]"""
1782313081223,2026-06-24T23:58:01.223,warning,bed_exit,yja,bed_exit_failed,t030,"CSI_DATA,335256,1a:00:00:00:00:00,-65,11,-99,16,50,11,-1279904391,47,2,256,0,""[0,0,0,0,0,0,0,0,0,0,0,0,10,21,10,21,10,19,10,27,13,27,10,27,10,32,2,27,10,35,0,35,2,41,5,43,8,43,2,43,5,52,8,41,10,46,8,43,2,57,2,54,-10,38,8,62,-5,52,0,62,8,60,5,60,8,60,10,65,16,57,24,62,13,62,19,73,16,65,21,68,16,65,27,65,21,57,38,60,32,62,35,62,41,73,52,46,62,52,57,73,73,76,49,60,71,60,60,68,76,60,84,65,90,60,87,52,90,57,84,52,106,52,101,57,101,62,0,0,0,0,0,0,54,-115,43,-101,54,-120,38,-104,30,-95,41,-109,21,-101,30,-120,24,-101,24,-112,19,-112,27,-98,8,-106,21,-98,8,-101,2,-104,2,-98,8,-93,2,-106,-21,-79,-27,-98,-21,-93,-19,-104,-16,-93,-21,-87,-35,-93,-24,-79,-32,-84,-38,-84,-32,-79,-30,-73,-35,-87,-54,-65,-54,-65,-49,-79,-57,-87,-30,-73,-49,-65,-35,-79,-38,-68,-35,-62,-49,-60,-38,-62,-30,-57,-30,-62,-38,-49,-38,-49,-27,-57,-27,-62,-21,-41,-27,-46,-13,-41,-21,-41,-8,-43,-10,-38,-10,-41,-5,-35,0,0,0,0,0,0,0,0,0,0]"""
1782313081235,2026-06-24T23:58:01.235,warning,bed_exit,yja,bed_exit_failed,t030,"CSI_DATA,335257,1a:00:00:00:00:00,-65,11,-99,16,50,11,-1279893391,47,2,256,0,""[0,0,0,0,0,0,0,0,0,0,0,0,8,-10,10,-24,5,-21,10,-27,5,-19,21,-27,21,-30,19,-16,27,-27,21,-24,30,-19,35,-21,35,-27,32,-24,43,-30,30,-16,43,-27,35,-27,54,-35,49,-21,41,-10,46,-32,49,-10,60,-27,57,-21,57,-19,52,-19,65,-21,43,-30,57,-35,54,-27,71,-41,60,-30,52,-38,60,-27,62,-24,57,-24,62,-38,57,-35,52,-35,71,-35,46,-49,62,-65,65,-52,95,-68,71,-41,68,-68,87,-43,60,-57,68,-65,76,-82,73,-71,79,-76,84,-71,73,-87,84,-84,79,-73,0,0,0,0,0,0,-87,-84,-62,-60,-104,-101,-79,-82,-57,-62,-82,-93,-68,-62,-93,-90,-65,-57,-93,-98,-84,-84,-65,-65,-76,-65,-62,-62,-76,-73,-73,-68,-68,-60,-65,-60,-82,-71,-62,-38,-90,-52,-76,-43,-101,-62,-82,-54,-76,-38,-82,-38,-60,-38,-82,-41,-79,-49,-76,-43,-62,-43,-82,-57,-60,-19,-84,-27,-79,-38,-101,-49,-68,-43,-73,-38,-71,-52,-60,-35,-54,-38,-71,-38,-57,-38,-49,-32,-52,-43,-46,-27,-60,-38,-41,-41,-49,-60,-27,-38,-35,-38,-21,-41,-24,-32,-19,-35,-24,-41,-13,-32,-13,-35,0,0,0,0,0,0,0,0,0,0]"""
1782313081246,2026-06-24T23:58:01.246,warning,bed_exit,yja,bed_exit_failed,t030,"CSI_DATA,335258,1a:00:00:00:00:00,-65,11,-99,17,50,11,-1279882391,47,2,256,0,""[0,0,0,0,0,0,0,0,0,0,0,0,-15,-23,-7,-15,-5,-31,-2,-18,-2,-26,2,-26,-2,-26,2,-34,5,-34,10,-34,10,-39,13,-37,13,-42,18,-34,13,-34,23,-53,18,-42,31,-50,34,-29,21,-37,31,-42,34,-39,42,-47,42,-34,42,-31,50,-37,50,-42,31,-39,63,-42,47,-34,47,-42,47,-26,50,-39,61,-34,50,-37,55,-45,66,-42,63,-39,66,-34,71,-45,53,-47,71,-47,61,-42,71,-61,55,-42,77,-63,71,-53,66,-58,85,-55,82,-53,87,-45,90,-47,85,-53,109,-63,98,-45,90,-39,103,-61,0,0,0,0,0,0,-34,-87,-55,-114,-34,-90,-50,-101,-47,-122,-37,-87,-42,-130,-29,-87,-34,-114,-29,-95,-31,-98,-42,-111,-23,-93,-31,-109,-29,-95,-15,-93,-15,-98,-26,-98,-18,-77,-31,-111,-26,-82,-39,-98,-21,-77,-26,-82,-31,-98,-15,-87,-26,-101,-18,-90,-10,-87,-13,-93,-21,-93,-26,-71,-13,-103,-5,-79,-21,-90,0,-69,-13,-90,5,-79,0,-87,5,-82,7,-79,13,-79,23,-71,15,-71,10,-58,21,-69,21,-55,15,-61,26,-39,23,-50,34,-45,23,-42,34,-37,37,-29,29,-26,31,-18,26,-18,0,0,0,0,0,0,0,0,0,0]"""
1782313081258,2026-06-24T23:58:01.258,warning,bed_exit,yja,bed_exit_failed,t030,"CSI_DATA,335259,1a:00:00:00:00:00,-65,11,-99,21,49,11,-1279868843,47,2,256,0,""[0,0,0,0,0,0,0,0,0,0,0,0,-15,21,-15,13,-23,21,-21,21,-29,13,-26,15,-21,21,-26,18,-31,18,-37,18,-37,5,-37,13,-42,10,-47,2,-42,2,-55,-5,-47,-5,-47,-13,-45,-5,-45,-5,-55,-7,-61,-5,-63,-13,-58,-18,-66,-10,-61,-10,-58,-26,-55,-23,-69,-31,-53,-26,-58,-37,-47,-21,-63,-21,-66,-23,-69,-18,-71,-26,-71,-29,-58,-37,-82,-26,-77,-34,-74,-31,-69,-47,-58,-45,-77,-42,-55,-26,-79,-31,-74,-39,-90,-18,-101,-39,-93,-39,-82,-50,-95,-53,-82,-50,-101,-55,-90,-69,-90,-45,-98,-66,0,0,0,0,0,0,-74,85,-87,98,-58,77,-85,74,-95,101,-82,55,-98,85,-77,71,-101,77,-66,63,-66,66,-69,79,-71,77,-74,95,-71,58,-63,71,-63,77,-77,71,-66,63,-82,66,-66,50,-85,55,-50,58,-58,69,-69,77,-63,74,-61,74,-77,55,-63,66,-61,61,-74,61,-63,47,-85,58,-69,42,-77,39,-55,42,-61,53,-66,45,-69,50,-69,42,-69,34,-71,15,-66,29,-79,21,-66,15,-74,2,-58,0,-61,0,-42,5,-50,-2,-53,-2,-50,0,-47,-10,-47,-10,-31,-18,-34,-18,-29,-15,0,0,0,0,0,0,0,0,0,0]"""
1782313081268,2026-06-24T23:58:01.268,warning,bed_exit,yja,bed_exit_failed,t030,"CSI_DATA,335260,1a:00:00:00:00:00,-66,11,-99,18,50,11,-1279860391,47,2,256,0,""[0,0,0,0,0,0,0,0,0,0,0,0,0,23,5,20,-5,28,0,23,-10,25,-12,18,-2,28,-10,41,-10,33,-15,36,-18,28,-18,38,-20,33,-28,33,-25,33,-36,43,-31,36,-43,36,-33,25,-31,28,-46,33,-41,38,-49,54,-43,28,-41,31,-43,38,-54,33,-46,36,-64,33,-51,28,-62,33,-41,23,-41,38,-46,41,-41,51,-59,56,-64,51,-62,38,-59,49,-69,51,-56,56,-82,46,-69,41,-62,49,-43,36,-56,74,-56,59,-46,90,-77,77,-62,82,-67,38,-93,67,-82,67,-74,90,-93,59,-74,67,-77,74,0,0,0,0,0,0,77,85,85,108,54,72,72,93,90,108,59,85,67,105,56,77,69,98,59,72,62,67,85,74,72,85,87,74,56,67,72,72,64,72,64,85,67,59,72,80,62,67,67,74,54,46,67,49,77,54,77,62,93,62,59,54,72,59,77,56,74,69,69,54,67,77,54,64,62,64,41,46,69,51,59,49,67,43,64,67,62,62,36,59,41,59,41,69,36,51,23,67,18,56,25,51,15,33,25,54,18,46,25,43,12,49,10,46,-7,33,-2,41,-7,38,0,0,0,0,0,0,0,0,0,0]"""
1782313081279,2026-06-24T23:58:01.279,warning,bed_exit,yja,bed_exit_failed,t030,"CSI_DATA,335261,1a:00:00:00:00:00,-65,11,-99,18,50,11,-1279849391,47,2,256,0,""[0,0,0,0,0,0,0,0,0,0,0,0,-2,-5,0,-15,-12,-31,-2,-20,7,-41,0,-23,0,-20,5,-33,5,-38,7,-41,18,-33,12,-28,23,-36,31,-36,31,-36,28,-38,25,-31,41,-28,31,-36,46,-31,49,-33,43,-38,49,-38,54,-25,54,-33,49,-28,56,-20,51,-25,67,-20,56,-18,62,-10,51,-20,54,-33,64,-25,56,-31,64,-25,74,-28,62,-10,80,-25,82,-12,74,-15,87,-20,72,-7,85,-10,56,-23,82,-31,77,-31,82,-38,105,-31,105,-31,98,-2,100,-7,95,-7,111,-18,111,7,103,-20,113,0,0,0,0,0,0,0,15,-116,25,-137,12,-103,36,-108,18,-126,38,-93,41,-126,28,-103,59,-113,20,-87,15,-87,25,-103,15,-108,25,-116,43,-85,20,-95,20,-98,36,-100,41,-90,43,-95,31,-77,51,-85,25,-72,25,-80,31,-90,31,-95,31,-93,46,-77,38,-82,33,-85,51,-80,46,-69,59,-82,54,-62,56,-69,36,-56,43,-67,46,-72,49,-67,51,-67,59,-54,67,-36,59,-51,67,-38,64,-31,67,-25,54,-15,56,-12,38,-15,49,-15,54,-15,49,-15,51,-10,49,2,36,12,38,7,33,15,0,0,0,0,0,0,0,0,0,0]"""
1782313081289,2026-06-24T23:58:01.289,warning,bed_exit,yja,bed_exit_failed,t030,"CSI_DATA,335262,1a:00:00:00:00:00,-65,11,-99,16,50,11,-1279838391,47,2,256,0,""[0,0,0,0,0,0,0,0,0,0,0,0,-16,13,-21,16,-10,13,-24,16,-13,16,-30,19,-35,10,-27,10,-38,10,-21,8,-38,10,-41,8,-38,13,-41,2,-54,13,-41,5,-57,10,-41,8,-62,8,-52,0,-38,-10,-52,13,-46,-5,-54,2,-57,-2,-65,-2,-54,-5,-73,0,-43,10,-68,13,-57,8,-79,8,-65,2,-65,13,-68,13,-71,8,-62,10,-73,19,-60,13,-60,10,-73,19,-52,30,-82,43,-71,27,-117,43,-82,27,-87,43,-90,27,-76,41,-79,38,-87,57,-90,54,-98,62,-84,49,-90,60,-106,71,-95,54,0,0,0,0,0,0,73,101,52,82,79,120,62,98,43,73,73,112,57,65,76,101,57,65,73,112,68,93,54,82,68,82,49,73,68,84,71,79,65,76,60,62,73,79,60,43,87,57,65,52,93,71,82,54,68,52,71,52,60,46,76,46,76,46,71,52,65,49,84,60,62,21,84,35,71,38,95,54,71,52,73,38,62,54,62,43,57,41,68,35,60,46,46,35,54,49,49,24,62,35,41,32,54,57,30,32,32,38,24,41,24,30,21,35,19,38,19,32,16,38,0,0,0,0,0,0,0,0,0,0]"""
1782313081302,2026-06-24T23:58:01.302,warning,bed_exit,yja,bed_exit_failed,t030,"CSI_DATA,335263,1a:00:00:00:00:00,-65,11,-99,18,50,11,-1279822622,47,2,256,0,""[0,0,0,0,0,0,0,0,0,0,0,0,25,10,18,7,23,12,20,12,20,20,23,18,25,18,23,23,25,25,23,31,18,36,18,38,15,38,15,43,5,38,12,54,10,49,-2,51,2,41,7,38,5,43,0,62,0,62,-18,56,-15,56,-10,56,-20,59,-15,56,-28,64,-25,51,-28,59,-18,51,-18,59,-20,62,-12,62,-20,74,-28,72,-38,59,-28,72,-43,77,-38,64,-43,72,-41,67,-49,72,-28,64,-28,85,-31,80,-28,93,-49,90,-49,93,-59,72,-62,82,-64,82,-62,95,-82,72,-64,80,-74,85,0,0,0,0,0,0,62,93,69,118,54,85,54,100,72,113,38,93,49,118,41,93,31,113,46,85,51,80,54,87,56,95,54,100,25,93,43,90,36,90,25,100,23,87,38,100,28,85,18,103,25,77,31,74,31,90,38,90,41,100,10,87,18,87,25,90,10,93,10,87,5,100,0,80,-7,90,5,72,10,80,5,85,7,82,0,93,-15,82,-31,69,-18,74,-33,69,-28,59,-36,62,-38,49,-38,49,-25,38,-36,43,-31,41,-28,38,-33,36,-41,25,-38,15,-31,12,-36,5,0,0,0,0,0,0,0,0,0,0]"""
