pc_time_ms,datetime,risk,domain,subject_id,label,trial_id,raw_line
1782212762172,2026-06-23T20:06:02.172,danger,fall,lmh,bed_stand_to_lie_fall,t018,"CSI_DATA,812123,1a:00:00:00:00:00,-52,11,-97,17,34,11,208995375,47,2,256,0,""[0,0,0,0,0,0,0,0,0,0,0,0,-10,15,-13,13,-14,13,-16,13,-18,13,-20,10,-20,10,-22,8,-24,7,-25,5,-25,3,-27,3,-28,3,-29,0,-29,-4,-28,-4,-29,-6,-30,-9,-25,-9,-28,-11,-28,-13,-27,-14,-26,-16,-26,-16,-25,-19,-23,-16,-21,-20,-23,-20,-21,-20,-21,-20,-20,-20,-20,-21,-20,-21,-19,-21,-19,-21,-19,-22,-16,-20,-18,-21,-18,-23,-18,-20,-18,-23,-18,-21,-17,-24,-19,-24,-15,-24,-16,-23,-14,-25,-16,-23,-15,-26,-15,-28,-14,-27,-13,-28,-12,-30,-10,-30,-13,-31,-11,-31,-9,-33,0,0,0,0,0,0,-33,2,-31,2,-30,3,-30,0,-30,0,-28,-2,-29,-1,-29,-2,-27,-3,-25,-4,-24,-4,-23,-4,-24,-4,-23,-6,-21,-6,-20,-5,-23,-4,-22,-5,-20,-7,-19,-6,-20,-5,-20,-6,-19,-6,-17,-6,-18,-6,-17,-6,-16,-8,-17,-7,-16,-8,-16,-7,-15,-8,-14,-10,-14,-9,-14,-10,-12,-10,-13,-10,-11,-10,-10,-10,-10,-10,-9,-11,-7,-10,-6,-12,-6,-11,-6,-10,-6,-11,-4,-10,-3,-10,-3,-11,0,-10,0,-10,0,-9,1,-7,0,-7,1,-8,2,-6,2,-7,3,-6,0,0,0,0,0,0,0,0,0,0]"""
1782212762180,2026-06-23T20:06:02.180,danger,fall,lmh,bed_stand_to_lie_fall,t018,"CSI_DATA,812124,1a:00:00:00:00:00,-52,11,-97,18,34,11,209006375,47,2,256,0,""[0,0,0,0,0,0,0,0,0,0,0,0,-8,-17,-5,-17,-6,-18,-6,-20,-5,-21,-3,-21,-4,-22,-3,-23,-4,-26,-2,-25,-2,-26,-3,-25,-4,-28,-2,-29,0,-29,0,-29,-2,-29,0,-31,-1,-29,0,-29,2,-31,-1,-30,0,-31,-1,-31,-1,-32,-2,-29,-1,-29,-2,-30,-2,-30,-4,-29,-2,-27,-5,-30,-5,-29,-5,-27,-8,-28,-9,-26,-8,-25,-10,-25,-13,-27,-14,-26,-14,-26,-14,-23,-16,-23,-17,-24,-17,-22,-19,-21,-19,-23,-20,-19,-21,-22,-23,-23,-23,-20,-23,-20,-25,-23,-23,-22,-28,-20,-27,-19,-26,-17,0,0,0,0,0,0,-20,27,-18,26,-16,26,-15,25,-14,25,-14,25,-12,25,-14,26,-12,24,-11,23,-9,23,-9,22,-8,23,-7,23,-6,21,-3,21,-2,24,-2,21,-3,22,-1,20,0,19,0,20,0,18,1,18,0,20,0,19,2,17,4,18,2,19,5,17,4,17,5,17,4,17,5,17,5,14,4,15,4,15,4,14,5,14,5,13,5,11,2,12,3,12,4,13,2,12,3,10,2,10,3,10,2,9,1,9,2,8,0,7,1,9,2,8,0,6,0,7,0,6,0,0,0,0,0,0,0,0,0,0]"""
1782212762187,2026-06-23T20:06:02.187,danger,fall,lmh,bed_stand_to_lie_fall,t018,"CSI_DATA,812125,1a:00:00:00:00:00,-53,11,-97,18,34,11,209017375,47,2,256,0,""[0,0,0,0,0,0,0,0,0,0,0,0,-6,17,-9,16,-10,16,-11,17,-12,17,-15,16,-15,16,-17,15,-19,17,-21,14,-22,14,-21,14,-23,15,-24,14,-26,11,-26,11,-27,14,-28,10,-27,8,-27,10,-27,8,-30,8,-29,5,-29,5,-32,5,-27,5,-29,3,-30,5,-29,4,-28,5,-27,4,-29,5,-27,5,-27,5,-29,7,-27,7,-27,5,-26,7,-28,6,-27,8,-27,7,-28,9,-26,8,-29,10,-28,8,-26,9,-28,11,-27,10,-27,11,-30,11,-29,11,-29,10,-32,10,-30,8,-31,11,-32,10,-31,10,0,0,0,0,0,0,7,32,6,33,8,30,6,29,7,29,3,28,5,27,4,28,5,26,2,25,5,23,5,23,5,24,4,23,5,23,6,21,6,23,5,21,5,20,6,20,7,19,6,20,5,17,5,18,5,17,5,18,5,17,7,17,5,17,6,16,5,16,6,15,5,17,5,16,5,14,4,16,3,15,3,14,3,15,3,14,2,13,2,13,2,13,1,11,0,11,1,11,0,11,0,11,0,10,-1,8,0,9,0,8,-1,7,-2,8,-1,6,-2,7,-3,5,0,0,0,0,0,0,0,0,0,0]"""
1782212762194,2026-06-23T20:06:02.194,danger,fall,lmh,bed_stand_to_lie_fall,t018,"CSI_DATA,812126,1a:00:00:00:00:00,-52,11,-97,18,34,11,209029613,47,2,256,0,""[0,0,0,0,0,0,0,0,0,0,0,0,-14,-10,-12,-14,-14,-14,-14,-16,-13,-18,-11,-17,-11,-18,-11,-20,-12,-21,-13,-22,-11,-23,-11,-23,-12,-26,-11,-26,-8,-26,-8,-28,-11,-26,-8,-29,-8,-27,-5,-28,-5,-30,-9,-29,-8,-30,-8,-29,-8,-31,-10,-27,-8,-29,-8,-28,-8,-29,-9,-26,-7,-26,-10,-27,-10,-26,-9,-24,-14,-26,-14,-25,-13,-23,-14,-23,-14,-24,-17,-23,-17,-23,-17,-21,-18,-22,-21,-22,-17,-20,-20,-19,-20,-20,-22,-18,-23,-20,-23,-19,-23,-20,-25,-20,-25,-21,-24,-22,-26,-20,-28,-19,-27,-20,0,0,0,0,0,0,-20,26,-21,26,-15,26,-17,24,-17,25,-15,22,-15,24,-14,25,-13,24,-13,22,-11,21,-11,21,-11,23,-10,22,-10,21,-8,20,-6,21,-6,21,-6,20,-5,20,-3,20,-6,20,-2,17,-3,20,-4,20,-2,19,-1,18,0,18,0,19,0,17,0,17,0,17,0,18,1,15,0,15,0,17,0,17,0,15,0,15,0,14,0,13,0,14,0,13,0,12,-1,13,0,11,-1,10,0,11,-1,8,0,9,-1,8,-2,8,-1,8,-2,8,-2,6,-2,5,-3,6,0,0,0,0,0,0,0,0,0,0]"""
1782212762202,2026-06-23T20:06:02.202,danger,fall,lmh,bed_stand_to_lie_fall,t018,"CSI_DATA,812127,1a:00:00:00:00:00,-52,11,-97,18,34,11,209039375,47,2,256,0,""[0,0,0,0,0,0,0,0,0,0,0,0,19,3,17,5,18,5,19,8,19,8,18,11,19,12,18,14,20,15,19,16,19,17,20,19,20,19,18,20,16,23,16,23,17,23,15,26,15,26,12,26,11,26,13,26,11,28,13,29,11,29,11,27,11,27,11,28,9,27,11,26,9,26,11,28,11,26,9,26,12,26,11,26,10,25,12,25,11,25,14,24,13,26,14,24,14,24,17,24,14,26,15,23,15,25,14,24,16,24,18,27,17,26,17,26,17,29,14,28,19,28,17,29,17,29,0,0,0,0,0,0,29,-12,29,-14,28,-14,26,-12,26,-12,26,-11,26,-11,26,-11,24,-11,24,-8,22,-9,21,-9,21,-10,22,-9,20,-10,19,-10,20,-11,20,-11,19,-8,17,-10,16,-11,17,-9,16,-10,17,-9,17,-10,15,-9,16,-9,15,-11,15,-10,14,-11,15,-8,14,-8,14,-10,14,-9,13,-8,15,-8,14,-8,14,-6,13,-7,12,-5,12,-5,12,-5,13,-5,11,-5,11,-4,11,-3,11,-2,10,-3,9,0,9,0,9,0,8,0,8,0,8,0,8,0,7,1,6,1,0,0,0,0,0,0,0,0,0,0]"""
1782212762209,2026-06-23T20:06:02.209,danger,fall,lmh,bed_stand_to_lie_fall,t018,"CSI_DATA,812128,1a:00:00:00:00:00,-52,11,-97,18,34,11,209052710,47,2,256,0,""[0,0,0,0,0,0,0,0,0,0,0,0,-11,-14,-8,-16,-8,-17,-8,-20,-5,-20,-4,-21,-3,-23,0,-23,0,-26,2,-25,2,-26,4,-25,5,-28,6,-27,10,-27,10,-26,11,-28,14,-26,15,-26,15,-23,20,-21,17,-24,19,-20,20,-22,23,-21,20,-20,22,-19,23,-20,23,-17,22,-20,22,-16,24,-19,23,-17,23,-16,23,-17,22,-17,22,-14,21,-16,24,-15,22,-17,23,-16,20,-17,23,-16,24,-18,25,-15,23,-16,25,-15,24,-14,25,-15,26,-14,26,-16,27,-15,30,-13,29,-12,31,-13,30,-12,32,-11,0,0,0,0,0,0,-5,-33,-6,-31,-6,-31,-5,-29,-2,-29,-2,-29,-2,-28,0,-29,-2,-26,0,-27,0,-24,0,-23,-1,-24,0,-23,0,-23,0,-22,0,-23,0,-21,2,-22,1,-20,0,-22,1,-20,0,-19,2,-18,2,-19,2,-20,2,-17,1,-18,2,-18,1,-18,3,-17,3,-17,4,-15,3,-15,3,-14,5,-16,6,-14,5,-14,5,-14,5,-13,6,-11,7,-12,8,-10,7,-10,8,-9,7,-9,9,-9,8,-7,8,-6,7,-5,8,-5,6,-4,8,-2,7,-2,8,-1,7,-2,7,0,0,0,0,0,0,0,0,0,0,0]"""
1782212762217,2026-06-23T20:06:02.217,danger,fall,lmh,bed_stand_to_lie_fall,t018,"CSI_DATA,812129,1a:00:00:00:00:00,-52,11,-97,19,34,11,209062236,47,2,256,0,""[0,0,0,0,0,0,0,0,0,0,0,0,-18,-1,-18,-2,-21,-2,-21,-4,-20,-7,-21,-8,-21,-8,-22,-8,-23,-10,-23,-11,-23,-13,-23,-13,-24,-13,-24,-15,-24,-17,-24,-18,-26,-16,-23,-18,-22,-18,-20,-18,-19,-21,-22,-19,-21,-21,-23,-21,-23,-22,-24,-19,-21,-21,-21,-19,-21,-21,-23,-19,-20,-18,-23,-18,-22,-17,-23,-18,-24,-16,-24,-16,-22,-15,-24,-13,-24,-14,-26,-13,-26,-13,-26,-9,-26,-11,-29,-10,-26,-10,-27,-8,-28,-10,-26,-8,-29,-10,-32,-8,-29,-8,-30,-8,-31,-9,-32,-10,-33,-8,-32,-8,-32,-8,0,0,0,0,0,0,-10,33,-9,31,-6,30,-7,29,-5,29,-7,27,-6,29,-5,29,-6,27,-6,24,-4,24,-3,24,-2,24,-2,25,-2,23,0,23,0,22,0,22,-1,22,0,21,2,21,2,21,2,18,2,18,2,19,2,20,1,18,5,18,3,18,5,17,2,16,5,16,2,17,4,17,4,15,4,16,4,16,3,15,3,15,2,15,2,13,2,13,1,14,1,13,2,13,2,12,2,11,0,11,0,10,0,8,0,9,0,8,-1,8,-1,8,-1,8,0,6,0,7,0,0,0,0,0,0,0,0,0,0]"""
1782212762224,2026-06-23T20:06:02.224,danger,fall,lmh,bed_stand_to_lie_fall,t018,"CSI_DATA,812130,1a:00:00:00:00:00,-52,11,-97,18,34,11,209074744,47,2,256,0,""[0,0,0,0,0,0,0,0,0,0,0,0,14,11,13,11,14,14,14,15,13,17,11,17,11,19,11,20,11,21,11,23,11,23,10,24,11,26,11,26,7,27,6,29,8,28,6,29,5,27,5,28,5,30,3,30,4,29,4,29,2,30,4,29,2,28,2,29,2,29,4,29,2,28,4,29,3,29,5,27,5,29,5,28,6,26,8,26,8,27,11,27,9,26,11,26,8,26,13,27,10,26,11,26,11,26,14,26,13,28,14,28,14,27,15,27,14,29,13,29,17,29,16,29,15,29,0,0,0,0,0,0,29,-14,29,-13,25,-15,26,-13,26,-14,25,-11,25,-13,25,-13,25,-12,21,-11,21,-11,22,-11,20,-11,21,-12,20,-11,17,-12,19,-14,17,-12,17,-12,17,-13,14,-13,17,-12,13,-11,14,-12,14,-12,14,-12,13,-12,12,-13,14,-14,10,-13,11,-12,12,-12,12,-13,11,-11,10,-12,11,-11,11,-12,10,-10,11,-11,11,-8,11,-8,9,-9,11,-8,9,-8,10,-8,8,-7,9,-5,8,-5,8,-5,7,-5,8,-4,6,-3,8,-2,8,-4,7,-2,5,-2,6,0,0,0,0,0,0,0,0,0,0,0]"""
1782212762232,2026-06-23T20:06:02.232,danger,fall,lmh,bed_stand_to_lie_fall,t018,"CSI_DATA,812131,1a:00:00:00:00:00,-52,11,-97,19,34,11,209083375,47,2,256,0,""[0,0,0,0,0,0,0,0,0,0,0,0,-18,0,-19,-2,-19,-2,-21,-6,-20,-7,-20,-10,-20,-9,-21,-11,-21,-13,-20,-14,-21,-16,-21,-16,-21,-17,-21,-18,-21,-21,-18,-20,-21,-21,-18,-24,-18,-24,-16,-24,-13,-26,-17,-24,-15,-25,-17,-26,-16,-26,-16,-25,-14,-26,-14,-27,-14,-24,-15,-24,-12,-24,-15,-27,-15,-24,-13,-24,-16,-24,-15,-23,-14,-22,-17,-22,-16,-23,-18,-21,-17,-22,-18,-21,-19,-21,-18,-22,-18,-22,-17,-21,-18,-22,-19,-21,-19,-23,-21,-24,-22,-24,-22,-23,-21,-25,-19,-26,-24,-26,-21,-26,-20,-25,0,0,0,0,0,0,-26,19,-25,18,-25,18,-24,17,-23,16,-24,16,-21,17,-24,17,-22,16,-23,13,-21,14,-19,13,-20,15,-18,14,-20,13,-17,13,-18,14,-17,13,-17,13,-15,12,-15,15,-15,13,-14,13,-13,13,-13,13,-14,13,-13,11,-13,13,-13,13,-10,13,-12,11,-13,11,-12,12,-11,12,-11,10,-13,12,-11,10,-12,10,-12,9,-12,9,-10,8,-10,8,-12,8,-11,8,-10,7,-9,5,-10,5,-10,5,-9,3,-8,3,-8,2,-8,1,-8,2,-8,0,-8,1,-6,1,-7,0,0,0,0,0,0,0,0,0,0,0]"""
1782212762239,2026-06-23T20:06:02.239,danger,fall,lmh,bed_stand_to_lie_fall,t018,"CSI_DATA,812132,1a:00:00:00:00:00,-52,11,-97,19,34,11,209094375,47,2,256,0,""[0,0,0,0,0,0,0,0,0,0,0,0,8,16,7,16,7,19,3,21,2,22,0,21,-1,22,-3,22,-4,24,-6,24,-7,26,-9,24,-10,26,-13,25,-16,22,-18,23,-18,24,-21,20,-20,19,-21,20,-22,18,-26,18,-25,15,-26,16,-28,14,-25,14,-26,10,-27,10,-28,10,-26,10,-26,8,-28,9,-29,8,-28,6,-28,7,-26,6,-25,5,-26,7,-29,6,-28,8,-28,5,-28,8,-28,5,-29,6,-27,4,-29,5,-30,3,-28,3,-29,2,-32,2,-32,1,-32,2,-34,-1,-33,-1,-32,-1,-32,-3,-32,-3,0,0,0,0,0,0,-9,32,-10,31,-8,29,-10,27,-10,27,-12,24,-11,26,-14,25,-13,24,-13,22,-12,22,-13,20,-13,21,-13,19,-14,19,-11,19,-12,20,-13,18,-16,16,-13,16,-11,16,-12,16,-11,14,-13,15,-13,13,-13,13,-13,13,-12,13,-13,12,-11,12,-12,10,-14,11,-15,10,-13,10,-13,8,-14,8,-14,8,-13,7,-14,6,-13,5,-13,5,-13,4,-13,2,-14,2,-13,2,-11,1,-11,0,-11,0,-10,-2,-10,-2,-8,-1,-8,-2,-7,-2,-8,-2,-7,-5,-6,-5,-4,-5,0,0,0,0,0,0,0,0,0,0]"""
1782212762247,2026-06-23T20:06:02.247,danger,fall,lmh,bed_stand_to_lie_fall,t018,"CSI_DATA,812133,1a:00:00:00:00:00,-52,11,-97,13,35,11,209113109,47,2,256,0,""[0,0,0,0,0,0,0,0,0,0,0,0,3,-18,5,-17,6,-18,7,-19,9,-19,11,-19,12,-19,14,-17,13,-20,16,-18,19,-20,17,-18,19,-20,20,-19,22,-18,23,-18,22,-20,23,-18,23,-16,23,-16,23,-16,25,-16,24,-13,24,-15,27,-15,24,-14,25,-13,26,-15,24,-13,24,-15,23,-14,26,-15,23,-14,23,-14,24,-16,23,-16,21,-16,20,-19,21,-18,20,-20,20,-17,19,-20,20,-20,20,-22,20,-20,19,-20,20,-22,18,-21,19,-23,21,-23,20,-24,19,-23,23,-24,21,-23,20,-27,21,-25,20,-25,0,0,0,0,0,0,-24,-21,-23,-21,-25,-20,-23,-20,-20,-19,-21,-19,-20,-17,-22,-19,-20,-17,-20,-17,-20,-16,-18,-15,-20,-14,-18,-13,-18,-14,-16,-12,-19,-12,-18,-11,-16,-11,-18,-11,-17,-10,-17,-10,-16,-8,-16,-7,-17,-9,-16,-8,-16,-8,-16,-7,-16,-7,-16,-6,-16,-6,-15,-6,-16,-6,-15,-5,-15,-6,-16,-7,-14,-6,-13,-6,-13,-6,-13,-6,-12,-6,-13,-6,-12,-5,-11,-5,-10,-6,-10,-5,-10,-6,-10,-6,-8,-6,-6,-5,-6,-6,-6,-5,-5,-6,-5,-5,-5,-6,-5,-5,-3,-6,0,0,0,0,0,0,0,0,0,0]"""
1782212762254,2026-06-23T20:06:02.254,danger,fall,lmh,bed_stand_to_lie_fall,t018,"CSI_DATA,812134,1a:00:00:00:00:00,-52,11,-97,14,35,11,209116374,47,2,256,0,""[0,0,0,0,0,0,0,0,0,0,0,0,16,8,17,8,17,10,17,12,17,14,14,14,16,15,14,17,15,20,14,20,13,21,13,22,13,23,13,24,11,26,10,26,12,27,10,28,8,26,8,30,8,30,5,29,5,29,6,28,5,29,6,28,2,28,4,29,4,29,6,27,4,27,5,29,4,28,5,27,5,28,6,26,7,26,7,26,7,26,9,26,8,26,11,25,9,26,11,27,8,27,9,26,10,28,11,27,11,26,11,29,13,28,11,27,12,32,9,30,13,31,13,32,11,31,0,0,0,0,0,0,31,-8,30,-8,28,-11,29,-8,28,-8,27,-6,26,-8,26,-8,26,-7,26,-5,24,-7,22,-5,23,-6,22,-7,21,-7,20,-6,21,-8,20,-8,19,-5,18,-8,19,-9,19,-7,16,-7,17,-7,17,-7,17,-8,16,-6,15,-8,17,-8,14,-8,15,-6,15,-8,14,-8,14,-7,14,-6,16,-7,15,-5,14,-5,14,-6,14,-3,11,-4,12,-4,13,-3,12,-3,11,-2,11,-2,11,-2,11,-3,10,0,8,0,9,0,8,0,8,0,9,0,8,2,6,2,8,1,0,0,0,0,0,0,0,0,0,0]"""
1782212762261,2026-06-23T20:06:02.261,danger,fall,lmh,bed_stand_to_lie_fall,t018,"CSI_DATA,812135,1a:00:00:00:00:00,-52,11,-97,17,34,11,209127374,47,2,256,0,""[0,0,0,0,0,0,0,0,0,0,0,0,-4,-16,-3,-17,-1,-20,0,-21,1,-20,4,-20,5,-21,8,-20,9,-23,11,-22,12,-22,14,-21,16,-23,17,-20,21,-19,21,-19,22,-19,24,-16,24,-15,23,-14,24,-12,27,-13,28,-10,27,-9,29,-8,28,-7,29,-4,29,-5,29,-4,27,-5,27,-3,29,-3,28,-3,27,-1,29,-2,28,-1,27,0,27,-1,27,0,29,-1,27,0,27,-2,29,0,29,0,27,0,30,0,29,2,28,2,30,2,31,5,31,4,31,5,31,6,30,8,32,6,33,8,31,10,0,0,0,0,0,0,15,-29,16,-27,14,-27,16,-26,16,-25,16,-22,16,-22,16,-23,16,-20,17,-20,16,-17,16,-16,16,-18,16,-16,16,-16,16,-15,16,-16,15,-15,16,-13,16,-14,15,-13,15,-12,13,-11,14,-12,16,-10,15,-10,16,-10,14,-11,16,-10,13,-10,15,-9,15,-9,16,-7,15,-9,13,-6,16,-5,16,-5,15,-4,15,-3,15,-3,13,-3,13,-2,15,0,13,-1,13,0,12,0,10,2,11,2,9,1,9,2,9,3,8,3,7,4,6,4,6,5,5,6,5,5,0,0,0,0,0,0,0,0,0,0]"""
1782212762270,2026-06-23T20:06:02.270,danger,fall,lmh,bed_stand_to_lie_fall,t018,"CSI_DATA,812136,1a:00:00:00:00:00,-53,11,-97,13,35,11,209139090,47,2,256,0,""[0,0,0,0,0,0,0,0,0,0,0,0,11,-13,13,-12,15,-12,17,-13,18,-12,19,-12,19,-11,20,-9,21,-11,23,-9,24,-10,23,-10,26,-10,26,-7,27,-7,27,-6,27,-8,29,-5,28,-5,28,-2,29,-1,28,-4,29,-3,30,-5,31,-3,28,-5,28,-3,29,-3,29,-3,27,-5,27,-4,30,-6,27,-5,27,-5,28,-6,26,-9,25,-8,27,-9,27,-9,24,-10,25,-10,23,-13,26,-13,26,-15,26,-14,25,-15,26,-15,25,-16,24,-16,27,-16,27,-18,24,-17,26,-16,27,-17,26,-20,26,-20,27,-20,0,0,0,0,0,0,-18,-25,-16,-25,-18,-25,-17,-24,-16,-23,-16,-24,-16,-21,-16,-22,-16,-21,-16,-20,-16,-20,-15,-18,-18,-17,-16,-17,-16,-16,-17,-15,-16,-15,-15,-14,-15,-13,-15,-11,-18,-11,-16,-12,-14,-10,-15,-10,-15,-10,-15,-10,-15,-9,-15,-8,-16,-9,-16,-7,-14,-8,-16,-7,-15,-8,-15,-6,-13,-6,-14,-8,-15,-8,-13,-6,-13,-6,-13,-5,-12,-6,-12,-6,-11,-7,-11,-6,-10,-6,-10,-6,-10,-6,-10,-6,-8,-6,-7,-5,-6,-6,-7,-6,-5,-5,-5,-6,-4,-6,-4,-5,-3,-6,0,0,0,0,0,0,0,0,0,0]"""
1782212762283,2026-06-23T20:06:02.283,danger,fall,lmh,bed_stand_to_lie_fall,t018,"CSI_DATA,812583,1a:00:00:00:00:00,-52,11,-98,17,34,11,214055355,47,2,256,0,""[0,0,0,0,0,0,0,0,0,0,0,0,16,-11,17,-9,19,-10,21,-9,23,-9,23,-6,23,-6,26,-5,27,-3,28,-3,28,-2,29,-2,30,-3,31,0,31,2,32,4,32,1,32,5,30,5,33,6,33,7,31,7,33,7,32,6,31,10,30,8,30,10,31,9,30,10,30,8,28,9,30,9,29,8,30,9,30,6,30,6,28,6,29,4,30,6,31,3,30,3,30,1,30,4,32,0,29,3,30,0,30,3,31,0,32,1,33,0,32,0,33,0,35,3,33,2,34,0,33,0,34,0,0,0,0,0,0,0,2,-33,2,-33,0,-29,1,-30,0,-30,1,-27,0,-29,0,-29,0,-27,1,-24,0,-24,0,-24,-1,-23,0,-24,0,-22,-3,-22,-3,-22,-3,-20,-2,-21,-3,-20,-5,-18,-4,-20,-4,-16,-5,-17,-4,-18,-5,-17,-6,-17,-6,-15,-6,-16,-8,-15,-6,-15,-7,-16,-6,-15,-6,-15,-7,-14,-6,-15,-7,-14,-6,-15,-6,-15,-6,-14,-6,-13,-6,-13,-4,-14,-4,-13,-5,-12,-5,-11,-5,-12,-4,-12,-4,-10,-4,-10,-2,-10,-2,-10,-2,-10,-3,-8,0,-9,0,-9,0,-8,0,0,0,0,0,0,0,0,0,0]"""
1782212762291,2026-06-23T20:06:02.291,danger,fall,lmh,bed_stand_to_lie_fall,t018,"CSI_DATA,812584,1a:00:00:00:00:00,-52,11,-98,18,33,11,214066612,47,2,256,0,""[0,0,0,0,0,0,0,0,0,0,0,0,-18,-7,-18,-9,-19,-10,-19,-13,-19,-12,-18,-15,-18,-17,-16,-17,-18,-19,-17,-20,-18,-22,-17,-23,-20,-23,-19,-25,-15,-26,-15,-27,-17,-27,-15,-29,-14,-28,-13,-31,-12,-32,-11,-30,-12,-30,-14,-30,-14,-33,-13,-28,-10,-30,-11,-31,-12,-30,-12,-29,-11,-26,-14,-31,-13,-29,-13,-28,-14,-29,-15,-26,-13,-25,-15,-26,-16,-26,-18,-23,-17,-26,-19,-21,-19,-24,-21,-24,-19,-25,-20,-24,-19,-25,-21,-22,-21,-24,-23,-25,-24,-23,-22,-22,-21,-25,-23,-25,-26,-22,-25,-24,-25,-23,0,0,0,0,0,0,-25,23,-24,23,-21,24,-22,21,-19,21,-19,20,-18,20,-21,21,-18,21,-18,19,-17,17,-15,16,-15,20,-14,19,-13,19,-10,18,-10,21,-10,18,-10,17,-9,18,-7,19,-8,17,-6,17,-7,18,-7,18,-5,16,-5,16,-3,18,-4,18,-1,16,-2,15,-2,17,-2,18,-1,17,-1,15,-2,18,-2,16,-1,15,-1,15,-3,15,-1,15,-1,14,-1,15,-1,14,-2,13,-1,13,-3,11,-2,13,-3,11,-2,10,-2,10,-2,10,-2,10,-3,8,-3,10,-4,7,-4,7,0,0,0,0,0,0,0,0,0,0]"""
1782212762299,2026-06-23T20:06:02.299,danger,fall,lmh,bed_stand_to_lie_fall,t018,"CSI_DATA,812585,1a:00:00:00:00:00,-52,11,-98,15,34,11,214077349,47,2,256,0,""[0,0,0,0,0,0,0,0,0,0,0,0,5,-19,7,-17,10,-19,11,-19,13,-19,15,-17,16,-17,19,-16,22,-17,22,-16,24,-14,25,-13,27,-15,29,-11,31,-8,31,-6,31,-7,32,-4,31,-2,33,0,35,0,32,1,34,2,31,3,33,5,31,4,31,7,31,8,32,8,31,7,28,9,29,8,29,9,29,9,30,9,31,9,27,9,27,10,30,10,30,10,28,11,30,10,27,12,31,10,25,11,28,11,28,13,29,12,30,13,31,16,28,15,29,16,28,18,27,17,31,18,29,17,30,21,0,0,0,0,0,0,24,-25,25,-22,21,-23,23,-21,22,-22,22,-17,22,-19,23,-17,22,-15,20,-13,20,-15,19,-14,19,-15,20,-13,18,-13,16,-14,17,-14,17,-13,17,-12,17,-13,16,-13,17,-11,13,-11,15,-11,15,-11,15,-11,14,-12,14,-12,15,-11,14,-11,14,-10,14,-10,16,-9,14,-9,14,-8,16,-8,14,-8,13,-7,15,-7,13,-6,13,-6,14,-5,14,-5,14,-4,13,-3,13,-3,13,-1,13,-1,10,0,12,0,11,0,10,0,10,0,11,1,9,2,8,2,8,3,0,0,0,0,0,0,0,0,0,0]"""
1782212762307,2026-06-23T20:06:02.307,danger,fall,lmh,bed_stand_to_lie_fall,t018,"CSI_DATA,812586,1a:00:00:00:00:00,-52,11,-98,15,34,11,214088370,47,2,256,0,""[0,0,0,0,0,0,0,0,0,0,0,0,-16,-10,-15,-13,-15,-13,-16,-17,-16,-17,-13,-19,-13,-19,-13,-22,-14,-23,-13,-24,-12,-26,-12,-26,-13,-26,-12,-28,-9,-31,-8,-30,-11,-31,-8,-31,-8,-31,-4,-32,-4,-32,-5,-34,-4,-31,-5,-31,-4,-34,-5,-31,-2,-31,-3,-33,-5,-31,-6,-33,-4,-29,-6,-32,-5,-31,-4,-29,-5,-31,-8,-30,-5,-28,-8,-28,-9,-30,-10,-29,-9,-30,-13,-26,-12,-27,-13,-30,-12,-29,-12,-28,-13,-29,-13,-28,-15,-28,-15,-30,-17,-30,-17,-28,-14,-31,-13,-31,-17,-31,-18,-31,-17,-28,0,0,0,0,0,0,-31,14,-29,15,-28,17,-27,13,-26,13,-26,13,-23,14,-26,16,-23,13,-23,13,-21,13,-21,13,-21,14,-18,13,-17,13,-16,12,-17,16,-14,14,-16,14,-13,13,-13,17,-13,14,-12,14,-12,13,-12,15,-11,14,-11,13,-8,15,-9,16,-8,15,-8,14,-9,15,-8,15,-6,16,-7,14,-9,16,-8,16,-8,14,-8,14,-7,13,-7,13,-7,13,-7,13,-6,13,-8,13,-5,12,-6,11,-6,11,-6,9,-6,8,-5,9,-6,8,-7,9,-5,8,-7,7,-6,6,-7,5,0,0,0,0,0,0,0,0,0,0]"""
1782212762313,2026-06-23T20:06:02.313,danger,fall,lmh,bed_stand_to_lie_fall,t018,"CSI_DATA,812587,1a:00:00:00:00:00,-52,11,-98,16,34,11,214100884,47,2,256,0,""[0,0,0,0,0,0,0,0,0,0,0,0,15,-11,18,-11,19,-10,20,-8,23,-6,23,-4,23,-5,24,-3,27,-1,28,0,27,3,28,3,30,4,30,7,27,10,30,13,28,12,28,15,26,16,27,16,27,19,25,21,23,21,24,21,23,25,22,23,19,25,19,25,19,26,19,25,15,25,18,27,17,24,17,25,19,27,17,26,15,26,16,26,15,26,16,26,15,24,15,26,15,28,16,29,12,27,15,27,13,29,15,27,12,30,13,30,12,30,11,30,10,34,9,34,11,34,10,33,9,35,0,0,0,0,0,0,33,-3,32,-2,30,-3,30,0,30,0,28,0,29,0,29,2,27,1,25,2,24,2,23,3,24,1,23,2,23,3,21,2,23,2,20,1,20,3,20,3,20,1,21,2,19,2,19,1,19,2,19,2,19,2,19,2,18,2,17,2,16,3,17,3,17,3,16,3,16,3,17,5,16,3,15,5,15,4,14,6,14,6,14,7,14,7,12,7,11,7,11,7,9,9,11,7,8,7,8,7,7,8,7,7,5,8,6,8,4,9,3,8,3,9,0,0,0,0,0,0,0,0,0,0]"""
1782212762321,2026-06-23T20:06:02.321,danger,fall,lmh,bed_stand_to_lie_fall,t018,"CSI_DATA,812588,1a:00:00:00:00:00,-52,11,-98,16,34,11,214110340,47,2,256,0,""[0,0,0,0,0,0,0,0,0,0,0,0,11,-15,15,-13,17,-13,19,-12,19,-11,21,-10,23,-7,23,-6,27,-5,27,-3,28,-5,28,-3,30,-3,30,0,30,3,31,4,32,5,31,7,30,8,33,10,30,10,30,15,28,14,29,15,30,16,28,15,26,17,27,18,25,18,27,17,23,17,26,19,25,20,24,19,26,20,23,19,23,19,24,17,25,19,25,17,23,20,24,16,23,19,26,19,23,19,23,19,23,21,23,20,23,22,24,23,25,23,23,22,23,27,21,26,24,27,24,27,20,25,0,0,0,0,0,0,31,-18,28,-15,27,-19,26,-13,27,-14,27,-12,25,-13,27,-13,24,-11,25,-10,23,-9,23,-8,23,-10,21,-9,22,-9,19,-9,21,-10,19,-10,19,-7,18,-8,18,-9,19,-8,17,-8,18,-8,19,-7,17,-7,17,-7,18,-9,17,-8,15,-8,15,-7,16,-7,16,-7,16,-8,15,-6,18,-5,17,-6,17,-5,17,-5,15,-3,14,-2,15,-3,15,-2,15,-2,15,-1,14,0,13,0,13,0,11,2,11,0,11,2,10,2,10,3,10,3,9,3,7,3,8,5,0,0,0,0,0,0,0,0,0,0]"""
1782212762329,2026-06-23T20:06:02.329,danger,fall,lmh,bed_stand_to_lie_fall,t018,"CSI_DATA,812589,1a:00:00:00:00:00,-52,11,-98,15,34,11,214121715,47,2,256,0,""[0,0,0,0,0,0,0,0,0,0,0,0,11,-17,10,-16,13,-17,16,-17,17,-17,17,-15,18,-15,19,-15,21,-18,22,-17,23,-16,24,-15,23,-16,26,-17,27,-14,30,-14,27,-16,31,-14,27,-11,27,-12,28,-12,31,-13,31,-13,29,-13,31,-12,29,-13,31,-12,30,-13,31,-12,28,-14,27,-13,27,-14,26,-13,27,-13,26,-17,26,-16,25,-17,23,-18,25,-18,23,-21,22,-19,22,-22,22,-22,21,-24,21,-21,22,-22,22,-24,20,-24,19,-24,20,-27,18,-26,19,-27,21,-27,22,-28,18,-31,18,-30,18,-29,0,0,0,0,0,0,-28,-19,-28,-19,-26,-13,-26,-17,-28,-15,-25,-14,-27,-13,-25,-13,-25,-12,-23,-12,-22,-10,-22,-9,-25,-8,-24,-8,-22,-8,-22,-5,-23,-4,-22,-4,-21,-4,-22,-3,-21,0,-21,-3,-17,0,-19,0,-19,0,-18,0,-19,2,-18,4,-19,2,-17,4,-17,3,-18,4,-17,4,-17,4,-17,4,-17,4,-16,5,-16,5,-15,4,-17,3,-14,4,-15,4,-14,4,-13,4,-13,4,-13,4,-12,3,-13,4,-11,2,-12,3,-11,2,-11,1,-10,2,-12,1,-9,0,-9,1,-9,0,0,0,0,0,0,0,0,0,0,0]"""
1782212762337,2026-06-23T20:06:02.337,danger,fall,lmh,bed_stand_to_lie_fall,t018,"CSI_DATA,812590,1a:00:00:00:00:00,-52,11,-98,19,33,11,214132585,47,2,256,0,""[0,0,0,0,0,0,0,0,0,0,0,0,17,-9,18,-10,20,-8,22,-8,22,-8,23,-5,23,-4,24,-4,27,-4,27,-3,29,-2,29,-2,30,-2,31,-2,31,1,31,1,32,0,32,1,31,1,34,4,33,4,34,4,31,4,33,4,34,4,32,2,31,4,32,4,31,4,31,1,31,2,33,1,32,0,30,0,31,0,32,-1,30,-1,30,-3,31,-4,31,-4,32,-6,30,-8,32,-7,31,-10,30,-7,29,-9,30,-10,29,-13,30,-12,31,-13,31,-12,31,-13,32,-13,31,-13,33,-15,32,-16,30,-16,0,0,0,0,0,0,-14,-31,-14,-31,-17,-28,-15,-26,-14,-27,-13,-26,-14,-24,-15,-26,-14,-22,-13,-23,-15,-21,-14,-21,-17,-19,-14,-19,-16,-18,-15,-17,-17,-16,-17,-15,-15,-15,-16,-13,-17,-12,-16,-13,-17,-10,-15,-10,-16,-9,-17,-9,-17,-8,-17,-7,-17,-8,-17,-5,-17,-6,-18,-6,-17,-6,-17,-5,-16,-4,-18,-6,-16,-5,-17,-5,-17,-5,-16,-4,-15,-4,-16,-4,-14,-4,-13,-4,-14,-4,-13,-3,-13,-5,-12,-4,-12,-4,-10,-3,-11,-4,-10,-3,-10,-4,-8,-4,-8,-4,-10,-4,-9,-5,0,0,0,0,0,0,0,0,0,0]"""
1782212762344,2026-06-23T20:06:02.344,danger,fall,lmh,bed_stand_to_lie_fall,t018,"CSI_DATA,812591,1a:00:00:00:00:00,-52,11,-98,19,33,11,214144085,47,2,256,0,""[0,0,0,0,0,0,0,0,0,0,0,0,15,13,13,13,13,17,11,20,10,21,8,22,8,23,4,23,4,26,2,27,0,28,0,29,-1,31,-4,31,-8,29,-11,30,-10,31,-13,29,-15,26,-17,27,-18,26,-21,25,-21,25,-22,26,-25,23,-22,22,-24,19,-26,21,-26,17,-25,18,-26,17,-28,17,-28,16,-27,15,-27,14,-26,15,-26,13,-27,15,-28,13,-28,15,-27,11,-28,13,-30,13,-31,13,-30,11,-30,10,-31,10,-30,10,-31,8,-34,8,-34,8,-34,7,-35,4,-35,2,-35,4,-36,2,-35,1,0,0,0,0,0,0,-5,34,-5,32,-5,32,-7,31,-7,30,-8,28,-8,29,-10,29,-11,26,-9,25,-8,24,-10,22,-11,22,-10,22,-12,22,-9,22,-9,22,-10,21,-12,18,-10,19,-8,19,-11,19,-8,17,-11,17,-12,17,-11,16,-10,17,-8,17,-12,16,-9,16,-9,14,-12,14,-13,13,-12,14,-11,13,-13,13,-13,12,-12,12,-13,12,-13,9,-13,9,-13,8,-13,7,-13,7,-14,6,-13,4,-13,4,-13,4,-13,4,-12,2,-12,1,-12,0,-10,0,-11,-2,-9,-1,-9,-3,-8,-4,0,0,0,0,0,0,0,0,0,0]"""
1782212762352,2026-06-23T20:06:02.352,danger,fall,lmh,bed_stand_to_lie_fall,t018,"CSI_DATA,812592,1a:00:00:00:00:00,-52,11,-98,14,34,11,214154358,47,2,256,0,""[0,0,0,0,0,0,0,0,0,0,0,0,-10,-16,-9,-17,-8,-20,-8,-21,-6,-22,-5,-23,-4,-24,-3,-25,-5,-27,-3,-26,-2,-27,-1,-29,-2,-29,-1,-31,2,-31,0,-31,0,-33,4,-34,4,-31,3,-29,6,-30,3,-34,5,-32,5,-32,6,-33,2,-31,5,-32,5,-33,5,-31,3,-31,4,-29,1,-32,1,-31,1,-31,0,-32,0,-31,0,-29,-1,-31,-1,-31,-5,-31,-4,-30,-6,-30,-5,-30,-9,-31,-6,-31,-8,-30,-9,-31,-8,-30,-10,-31,-11,-32,-10,-32,-12,-31,-11,-33,-9,-34,-12,-33,-13,-33,-11,-32,0,0,0,0,0,0,-32,14,-32,12,-29,14,-29,11,-29,14,-28,11,-26,14,-27,13,-26,13,-23,11,-23,13,-22,11,-21,13,-21,13,-20,13,-17,15,-18,15,-16,16,-17,14,-15,15,-13,16,-15,15,-11,15,-12,16,-11,15,-11,17,-10,15,-8,18,-10,16,-7,17,-9,15,-8,17,-9,17,-6,17,-6,15,-7,17,-7,16,-6,16,-6,16,-7,15,-7,14,-7,14,-5,15,-5,15,-6,14,-6,12,-6,12,-5,12,-5,11,-5,10,-6,9,-6,10,-5,9,-7,10,-6,8,-5,6,-6,7,0,0,0,0,0,0,0,0,0,0]"""
1782212762359,2026-06-23T20:06:02.359,danger,fall,lmh,bed_stand_to_lie_fall,t018,"CSI_DATA,812593,1a:00:00:00:00:00,-52,11,-98,15,34,11,214166739,47,2,256,0,""[0,0,0,0,0,0,0,0,0,0,0,0,13,15,11,16,10,18,10,20,8,22,6,23,6,22,4,25,3,26,1,28,0,29,0,28,-1,30,-4,31,-7,30,-8,31,-8,31,-13,31,-13,28,-13,27,-17,26,-16,29,-19,28,-18,27,-20,27,-19,26,-22,24,-21,25,-23,23,-22,22,-23,22,-23,22,-22,22,-22,21,-23,22,-22,22,-22,20,-22,21,-22,21,-23,23,-23,21,-22,22,-24,21,-24,22,-22,20,-24,22,-25,20,-24,20,-26,22,-27,21,-26,20,-28,20,-30,19,-31,18,-31,20,-29,18,-32,18,0,0,0,0,0,0,13,33,12,33,12,31,9,30,11,31,8,29,8,29,8,29,6,26,4,26,6,27,5,24,5,25,5,25,4,23,6,23,6,23,5,22,4,22,4,22,6,20,4,22,4,18,5,18,4,20,4,20,4,20,4,19,4,20,5,18,4,19,2,18,2,20,2,17,2,17,1,19,2,17,0,17,1,18,0,17,0,17,0,17,0,16,0,16,-3,15,-3,14,-3,14,-2,13,-4,12,-4,13,-4,11,-4,10,-6,10,-6,10,-6,8,-7,8,-6,7,0,0,0,0,0,0,0,0,0,0]"""
1782212762367,2026-06-23T20:06:02.367,danger,fall,lmh,bed_stand_to_lie_fall,t018,"CSI_DATA,812594,1a:00:00:00:00:00,-52,11,-98,14,34,11,214176343,47,2,256,0,""[0,0,0,0,0,0,0,0,0,0,0,0,15,-13,15,-12,17,-12,19,-11,21,-11,22,-9,21,-10,25,-9,26,-10,26,-9,28,-7,27,-8,30,-8,30,-8,31,-5,32,-5,31,-5,34,-4,30,-4,33,-1,34,0,32,-2,33,-3,31,-4,34,-2,31,-5,32,-1,31,-2,32,-2,30,-4,31,-4,31,-5,31,-5,30,-5,31,-7,31,-8,30,-7,30,-10,30,-10,30,-11,28,-11,28,-13,29,-12,29,-15,27,-13,27,-16,28,-15,26,-16,28,-19,29,-20,28,-19,29,-21,31,-21,29,-19,29,-22,28,-22,28,-22,0,0,0,0,0,0,-21,-27,-21,-29,-21,-24,-21,-25,-21,-25,-19,-21,-21,-22,-21,-22,-19,-21,-19,-19,-20,-17,-18,-18,-21,-18,-20,-17,-20,-15,-20,-12,-21,-12,-21,-11,-18,-10,-21,-10,-20,-7,-21,-10,-19,-7,-18,-6,-20,-7,-18,-5,-20,-5,-20,-3,-19,-5,-19,-1,-18,-3,-18,-2,-20,-4,-18,-1,-18,-2,-18,-2,-19,0,-17,-1,-18,-1,-17,-2,-17,0,-15,0,-16,-2,-17,0,-15,-1,-14,-1,-14,-2,-14,0,-12,-1,-11,-2,-11,-2,-10,-2,-11,-2,-10,-3,-10,-1,-9,-3,-8,-4,0,0,0,0,0,0,0,0,0,0]"""
1782212762374,2026-06-23T20:06:02.374,danger,fall,lmh,bed_stand_to_lie_fall,t018,"CSI_DATA,812595,1a:00:00:00:00:00,-52,11,-98,14,34,11,214187340,47,2,256,0,""[0,0,0,0,0,0,0,0,0,0,0,0,14,-15,15,-13,15,-13,17,-14,19,-12,21,-12,21,-11,23,-11,24,-12,25,-10,26,-11,26,-10,28,-13,30,-11,31,-8,30,-9,31,-9,33,-8,30,-7,33,-8,31,-7,32,-7,31,-6,31,-8,33,-6,31,-8,32,-6,34,-7,31,-6,31,-9,30,-8,31,-10,30,-9,30,-10,30,-12,28,-12,27,-12,27,-15,26,-15,26,-17,27,-15,25,-18,26,-17,26,-20,26,-17,23,-20,26,-21,25,-21,25,-21,26,-23,24,-24,25,-26,26,-25,25,-25,24,-28,24,-27,23,-26,0,0,0,0,0,0,-25,-25,-24,-24,-27,-19,-24,-21,-25,-21,-24,-19,-24,-18,-25,-18,-24,-17,-23,-15,-22,-14,-21,-14,-24,-13,-21,-12,-22,-11,-22,-8,-23,-8,-21,-7,-21,-7,-21,-6,-21,-5,-21,-5,-19,-3,-21,-4,-20,-3,-21,-2,-20,-1,-21,0,-21,0,-18,1,-19,0,-20,0,-18,0,-18,2,-17,2,-20,0,-18,1,-17,2,-19,2,-18,1,-16,3,-16,2,-15,1,-15,2,-14,0,-15,2,-15,0,-13,2,-12,1,-12,1,-12,0,-12,0,-11,0,-10,0,-10,0,-10,0,-10,-2,0,0,0,0,0,0,0,0,0,0]"""
1782212762381,2026-06-23T20:06:02.381,danger,fall,lmh,bed_stand_to_lie_fall,t018,"CSI_DATA,812596,1a:00:00:00:00:00,-51,11,-98,14,34,11,214199448,47,2,256,0,""[0,0,0,0,0,0,0,0,0,0,0,0,14,-13,16,-12,18,-11,20,-10,22,-9,22,-8,23,-6,24,-4,27,-4,29,-3,28,0,29,0,31,0,30,2,29,6,30,8,31,7,31,11,29,12,30,12,28,13,28,16,28,18,27,19,28,21,26,18,23,21,23,21,22,22,23,21,22,22,24,23,23,23,21,21,22,23,21,21,21,22,21,22,21,23,21,21,21,23,21,22,20,25,22,25,20,24,21,24,21,26,21,23,21,25,21,28,20,28,19,29,17,30,17,32,19,31,18,31,17,32,0,0,0,0,0,0,32,-14,34,-11,31,-11,31,-10,31,-9,29,-6,29,-7,31,-5,28,-5,27,-4,27,-5,25,-4,26,-4,26,-5,26,-4,23,-4,24,-4,24,-5,22,-2,22,-4,21,-5,22,-4,21,-4,21,-3,21,-4,20,-3,20,-3,20,-4,21,-3,18,-4,20,-1,19,-1,20,-2,19,-1,18,0,19,0,20,0,17,0,20,0,16,1,15,2,16,1,16,3,15,2,15,4,15,5,13,5,14,5,11,5,10,5,10,5,10,5,10,7,8,8,8,7,6,7,5,7,0,0,0,0,0,0,0,0,0,0]"""
1782212762390,2026-06-23T20:06:02.390,danger,fall,lmh,bed_stand_to_lie_fall,t018,"CSI_DATA,812597,1a:00:00:00:00:00,-51,11,-98,19,33,11,214209340,47,2,256,0,""[0,0,0,0,0,0,0,0,0,0,0,0,-16,-10,-14,-12,-16,-14,-15,-17,-15,-17,-13,-19,-13,-21,-12,-22,-12,-24,-11,-26,-10,-27,-8,-28,-10,-28,-8,-28,-4,-30,-3,-33,-4,-31,0,-34,0,-31,0,-30,3,-31,2,-33,4,-34,5,-33,4,-34,4,-31,8,-32,6,-33,8,-32,7,-31,8,-30,8,-31,7,-32,7,-31,5,-31,6,-28,5,-29,6,-31,7,-31,4,-31,5,-31,4,-31,6,-31,4,-33,6,-31,5,-31,4,-31,4,-31,4,-32,5,-34,6,-35,7,-34,9,-35,9,-35,8,-36,8,-35,8,-35,0,0,0,0,0,0,-32,-13,-34,-12,-31,-10,-31,-13,-30,-12,-27,-11,-29,-11,-29,-13,-26,-11,-25,-11,-24,-12,-22,-11,-25,-10,-25,-10,-22,-11,-22,-6,-23,-8,-22,-8,-20,-8,-22,-8,-21,-6,-21,-7,-18,-4,-19,-4,-20,-5,-18,-6,-19,-6,-20,-4,-20,-4,-19,-4,-18,-5,-19,-4,-19,-5,-17,-4,-16,-6,-17,-5,-17,-4,-17,-4,-17,-5,-16,-7,-15,-5,-14,-8,-15,-8,-14,-7,-12,-6,-13,-7,-11,-8,-13,-8,-9,-9,-11,-8,-8,-8,-8,-7,-7,-8,-7,-9,-6,-8,-5,-8,-4,-9,0,0,0,0,0,0,0,0,0,0]"""
1782212762396,2026-06-23T20:06:02.396,danger,fall,lmh,bed_stand_to_lie_fall,t018,"CSI_DATA,812598,1a:00:00:00:00:00,-51,11,-98,18,33,11,214220363,47,2,256,0,""[0,0,0,0,0,0,0,0,0,0,0,0,14,-13,17,-11,17,-11,21,-9,21,-8,23,-5,24,-4,24,-2,26,-1,26,0,29,3,29,5,29,6,29,9,28,14,27,14,28,15,26,18,24,17,26,20,24,20,22,25,21,25,21,26,20,28,18,26,15,29,15,30,12,30,13,29,10,27,12,31,11,31,10,27,9,31,10,29,7,28,8,30,7,31,8,31,5,31,7,29,5,31,5,31,4,31,4,32,3,32,2,31,2,33,0,36,0,35,-1,33,-4,37,-6,35,-5,36,-6,37,-6,36,0,0,0,0,0,0,32,15,30,15,30,15,27,17,26,16,26,18,24,16,26,19,21,17,21,19,21,18,19,16,19,18,19,16,16,18,17,18,17,17,15,17,14,18,15,17,15,15,14,18,14,15,12,16,11,17,13,16,11,16,12,15,10,17,11,15,9,16,9,17,10,16,9,17,6,16,6,18,5,18,5,17,5,18,2,18,3,15,1,18,1,17,0,15,0,15,0,15,-2,15,-1,15,-4,14,-5,11,-5,10,-5,11,-5,10,-6,10,-5,9,-7,7,-8,5,0,0,0,0,0,0,0,0,0,0]"""
1782212762406,2026-06-23T20:06:02.406,danger,fall,lmh,bed_stand_to_lie_fall,t018,"CSI_DATA,812599,1a:00:00:00:00:00,-51,11,-98,14,34,11,214231386,47,2,256,0,""[0,0,0,0,0,0,0,0,0,0,0,0,13,-13,14,-12,16,-14,17,-14,18,-14,21,-13,21,-14,21,-12,23,-14,23,-13,25,-12,26,-14,26,-15,28,-13,30,-10,28,-11,31,-13,31,-10,29,-10,31,-10,32,-9,31,-9,31,-9,31,-11,33,-11,31,-11,30,-9,31,-10,30,-11,28,-13,27,-12,29,-14,27,-15,27,-14,28,-15,27,-17,25,-16,24,-19,25,-19,23,-21,24,-20,20,-23,21,-23,21,-25,20,-23,20,-24,20,-25,18,-26,18,-27,19,-29,19,-28,17,-31,19,-31,21,-30,15,-33,15,-31,15,-31,0,0,0,0,0,0,-31,-16,-31,-15,-31,-12,-31,-12,-30,-12,-28,-12,-27,-7,-30,-10,-27,-8,-26,-8,-26,-6,-26,-6,-27,-5,-25,-5,-26,-4,-24,0,-25,0,-23,0,-23,0,-24,0,-21,5,-23,3,-19,3,-20,4,-20,4,-20,5,-19,5,-18,8,-18,8,-17,9,-18,7,-18,9,-17,8,-16,10,-16,9,-17,10,-16,9,-15,9,-15,10,-16,9,-14,10,-14,10,-15,7,-13,10,-13,8,-12,8,-12,8,-12,8,-11,6,-10,5,-10,5,-9,5,-10,5,-9,4,-10,5,-10,3,-10,2,0,0,0,0,0,0,0,0,0,0]"""
1782212762422,2026-06-23T20:06:02.422,danger,fall,lmh,bed_stand_to_lie_fall,t018,"CSI_DATA,812600,1a:00:00:00:00:00,-51,11,-98,14,34,11,214246545,47,2,256,0,""[0,0,0,0,0,0,0,0,0,0,0,0,-17,5,-19,4,-21,1,-24,0,-22,0,-25,-4,-25,-5,-25,-6,-24,-7,-24,-10,-26,-12,-25,-13,-26,-15,-25,-15,-23,-21,-21,-21,-23,-21,-21,-23,-19,-25,-18,-27,-17,-29,-15,-28,-13,-29,-15,-29,-13,-31,-13,-30,-10,-30,-10,-31,-7,-31,-10,-31,-6,-29,-8,-32,-6,-31,-5,-31,-5,-31,-5,-31,-5,-28,-5,-31,-4,-31,-5,-31,-4,-31,-6,-30,-4,-31,-5,-32,-2,-31,-2,-32,-3,-32,-2,-31,0,-34,-1,-35,0,-34,0,-33,2,-37,6,-36,3,-37,4,-37,5,-36,0,0,0,0,0,0,-33,-10,-32,-11,-31,-10,-31,-12,-28,-10,-27,-14,-27,-12,-29,-14,-26,-13,-25,-14,-24,-12,-21,-13,-23,-14,-21,-13,-21,-14,-21,-11,-21,-11,-19,-12,-19,-14,-19,-13,-20,-10,-17,-13,-17,-10,-16,-10,-15,-11,-16,-11,-15,-13,-17,-11,-16,-12,-16,-10,-15,-11,-15,-12,-14,-12,-15,-12,-13,-11,-14,-14,-13,-13,-12,-12,-11,-14,-10,-14,-9,-13,-9,-14,-9,-14,-8,-13,-7,-14,-7,-14,-5,-14,-5,-14,-3,-13,-2,-12,0,-12,-1,-12,0,-10,-1,-10,0,-10,0,-10,2,-10,0,0,0,0,0,0,0,0,0,0]"""
1782212762432,2026-06-23T20:06:02.432,danger,fall,lmh,bed_stand_to_lie_fall,t018,"CSI_DATA,812601,1a:00:00:00:00:00,-51,11,-98,18,33,11,214253339,47,2,256,0,""[0,0,0,0,0,0,0,0,0,0,0,0,13,14,11,15,11,18,10,20,8,21,6,22,6,23,3,25,2,26,0,27,-2,28,-3,27,-5,30,-7,29,-13,28,-12,29,-12,30,-15,27,-15,26,-20,24,-22,24,-21,25,-25,24,-23,23,-26,21,-24,21,-26,17,-28,18,-28,16,-27,17,-26,13,-29,15,-28,13,-27,13,-30,13,-28,13,-27,10,-28,11,-31,10,-30,11,-30,10,-29,11,-31,9,-31,10,-31,7,-31,8,-31,6,-30,7,-32,5,-36,4,-34,4,-34,3,-37,1,-36,0,-38,0,-37,-1,-37,-2,0,0,0,0,0,0,-9,33,-10,33,-9,31,-10,31,-10,30,-12,26,-11,28,-13,28,-14,26,-14,23,-13,23,-14,22,-14,24,-13,22,-14,19,-14,20,-14,21,-14,18,-15,17,-12,18,-11,19,-14,18,-12,18,-13,15,-14,15,-14,15,-14,15,-13,15,-15,14,-13,15,-14,13,-15,14,-15,13,-13,12,-14,11,-15,10,-16,10,-15,9,-16,9,-15,7,-15,8,-16,6,-17,5,-15,4,-15,3,-15,2,-14,1,-14,1,-12,0,-12,0,-12,-1,-11,-1,-11,-2,-10,-5,-10,-2,-8,-3,-9,-6,0,0,0,0,0,0,0,0,0,0]"""
1782212762442,2026-06-23T20:06:02.442,danger,fall,lmh,bed_stand_to_lie_fall,t018,"CSI_DATA,812602,1a:00:00:00:00:00,-51,11,-98,18,33,11,214264339,47,2,256,0,""[0,0,0,0,0,0,0,0,0,0,0,0,18,7,17,10,17,10,17,15,16,16,14,17,15,18,13,21,12,22,12,25,10,26,9,26,9,28,6,29,1,31,0,31,0,31,-3,32,-4,31,-5,28,-9,29,-9,32,-12,31,-11,30,-15,32,-13,29,-16,28,-17,27,-18,26,-18,26,-17,25,-20,25,-19,24,-20,23,-19,24,-20,23,-20,23,-21,24,-21,22,-20,25,-21,21,-21,23,-21,21,-24,23,-21,21,-23,22,-25,20,-24,21,-26,21,-29,20,-30,21,-30,18,-32,17,-32,15,-33,15,-31,15,-33,14,0,0,0,0,0,0,6,34,7,36,8,32,5,32,5,32,0,30,0,31,0,31,0,29,-1,27,0,26,-1,26,0,26,-2,26,-4,24,0,24,-1,26,-2,23,-5,22,-2,22,-1,23,-4,22,-3,20,-4,21,-5,20,-5,20,-4,21,-3,19,-5,21,-4,19,-5,17,-5,19,-6,19,-6,17,-7,17,-9,17,-8,17,-9,16,-10,15,-9,15,-10,14,-10,13,-10,13,-10,12,-10,10,-10,10,-11,9,-12,8,-12,6,-10,5,-12,5,-10,5,-10,4,-10,3,-10,0,-10,0,-10,-1,0,0,0,0,0,0,0,0,0,0]"""
1782212762450,2026-06-23T20:06:02.450,danger,fall,lmh,bed_stand_to_lie_fall,t018,"CSI_DATA,812603,1a:00:00:00:00:00,-51,11,-98,13,34,11,214275339,47,2,256,0,""[0,0,0,0,0,0,0,0,0,0,0,0,19,-3,20,0,19,0,23,2,22,6,23,8,23,8,21,12,23,13,21,15,22,19,21,19,22,20,20,21,18,26,16,26,17,27,14,30,12,29,9,32,7,32,6,31,6,32,6,32,4,32,4,32,0,32,0,32,-1,32,0,32,-2,29,-2,33,-4,32,-3,30,-4,32,-5,31,-4,28,-4,31,-6,31,-5,32,-7,30,-4,30,-7,31,-8,32,-10,31,-9,30,-11,31,-10,31,-11,32,-13,32,-12,32,-13,32,-18,32,-19,30,-18,32,-19,32,-19,30,0,0,0,0,0,0,25,26,23,25,23,24,23,25,20,25,18,25,17,23,19,25,16,23,15,25,12,23,12,23,13,23,12,22,12,23,12,20,12,21,11,21,9,22,11,20,11,20,8,20,9,17,8,19,6,19,7,19,7,19,9,19,6,19,8,18,6,19,6,19,3,19,5,19,4,18,3,20,1,19,1,18,0,19,0,19,0,17,0,18,-1,16,-1,15,-2,15,-1,15,-5,15,-5,13,-6,12,-6,12,-6,10,-6,10,-6,9,-8,7,-6,7,-6,5,-7,6,0,0,0,0,0,0,0,0,0,0]"""
1782212762459,2026-06-23T20:06:02.459,danger,fall,lmh,bed_stand_to_lie_fall,t018,"CSI_DATA,812604,1a:00:00:00:00:00,-51,11,-98,14,34,11,214286339,47,2,256,0,""[0,0,0,0,0,0,0,0,0,0,0,0,12,15,11,17,10,17,11,21,9,19,9,22,8,22,7,24,6,26,5,26,4,27,3,27,5,29,1,29,-1,31,0,29,0,32,-3,31,-3,31,-6,31,-7,33,-6,31,-7,31,-6,32,-8,33,-6,31,-9,30,-10,33,-9,30,-8,31,-8,30,-8,31,-8,29,-7,30,-8,31,-7,31,-5,28,-5,30,-6,31,-4,31,-5,31,-3,30,-5,31,-2,31,-5,31,-4,32,-5,32,-3,31,-2,32,-3,35,-3,35,-3,34,-5,37,-6,35,-4,37,-3,37,-5,34,0,0,0,0,0,0,34,8,33,7,34,6,32,7,29,6,30,9,28,5,31,6,27,5,27,7,26,5,26,5,26,4,25,4,25,5,25,2,25,1,22,2,23,2,21,1,24,0,21,0,21,0,21,1,20,0,21,0,20,1,21,-1,21,-1,21,-3,20,0,21,0,19,0,20,-2,18,0,20,0,20,0,18,0,18,0,18,0,16,0,17,0,18,0,15,0,15,1,15,0,15,2,14,1,14,3,13,4,11,4,10,4,10,4,10,4,9,4,9,4,9,5,0,0,0,0,0,0,0,0,0,0]"""
1782212762471,2026-06-23T20:06:02.471,danger,fall,lmh,bed_stand_to_lie_fall,t018,"CSI_DATA,812605,1a:00:00:00:00:00,-51,11,-98,14,34,11,214298884,47,2,256,0,""[0,0,0,0,0,0,0,0,0,0,0,0,18,7,19,9,18,10,18,12,17,14,17,16,18,16,15,19,17,20,16,22,15,23,15,23,15,25,13,26,10,28,10,30,13,29,10,31,8,31,6,31,3,31,7,31,4,31,5,32,4,34,5,31,1,32,2,32,2,31,3,31,1,31,3,33,2,31,3,31,3,32,3,31,3,29,5,31,5,31,6,30,5,31,6,31,6,31,8,33,5,32,6,31,5,32,6,31,6,31,6,34,7,35,6,33,5,37,4,36,7,37,7,36,5,37,0,0,0,0,0,0,36,-2,35,-1,32,-5,32,0,32,-1,31,0,31,-3,31,-1,29,0,27,0,26,0,25,0,26,-3,26,-2,26,-1,24,-2,25,-4,23,-2,22,-1,22,-3,21,-5,22,-3,20,-5,20,-4,21,-4,21,-4,20,-4,19,-6,20,-5,18,-5,19,-4,20,-5,19,-6,18,-6,18,-4,19,-5,19,-5,17,-4,18,-3,17,-2,17,-2,16,-2,16,0,15,-1,15,-1,15,0,15,1,15,0,14,0,13,0,13,1,11,2,10,2,11,3,10,4,9,3,9,4,0,0,0,0,0,0,0,0,0,0]"""
1782212762484,2026-06-23T20:06:02.484,danger,fall,lmh,bed_stand_to_lie_fall,t018,"CSI_DATA,812606,1a:00:00:00:00:00,-51,11,-98,18,33,11,214308654,47,2,256,0,""[0,0,0,0,0,0,0,0,0,0,0,0,-19,-4,-19,-6,-20,-7,-20,-10,-20,-12,-19,-14,-18,-15,-17,-17,-19,-19,-16,-20,-15,-23,-16,-23,-16,-26,-15,-26,-11,-29,-10,-28,-10,-30,-8,-31,-5,-31,-5,-31,-2,-30,0,-32,0,-32,0,-32,2,-33,1,-31,3,-31,5,-32,5,-30,3,-31,5,-30,6,-32,6,-31,5,-29,6,-31,5,-31,7,-28,6,-29,8,-29,5,-30,8,-29,5,-30,8,-31,8,-31,9,-31,8,-30,11,-31,10,-30,10,-31,12,-33,11,-32,13,-32,16,-32,16,-31,15,-32,15,-31,18,-31,0,0,0,0,0,0,-26,-21,-26,-22,-27,-20,-23,-21,-23,-21,-22,-23,-20,-20,-22,-23,-20,-21,-18,-22,-19,-21,-16,-20,-18,-21,-15,-21,-16,-20,-15,-18,-15,-18,-15,-17,-14,-18,-15,-17,-15,-16,-14,-17,-13,-16,-13,-16,-12,-16,-13,-15,-12,-15,-14,-15,-11,-16,-13,-15,-11,-15,-11,-16,-10,-15,-10,-15,-10,-16,-9,-17,-9,-16,-8,-16,-8,-16,-6,-17,-5,-15,-5,-17,-4,-15,-5,-15,-1,-15,-4,-15,-1,-14,0,-14,0,-14,0,-12,0,-12,0,-12,1,-11,2,-11,3,-10,4,-10,5,-8,0,0,0,0,0,0,0,0,0,0]"""
1782212762493,2026-06-23T20:06:02.493,danger,fall,lmh,bed_stand_to_lie_fall,t018,"CSI_DATA,812607,1a:00:00:00:00:00,-51,11,-98,18,33,11,214319339,47,2,256,0,""[0,0,0,0,0,0,0,0,0,0,0,0,0,-20,2,-19,5,-21,6,-21,10,-21,11,-20,11,-21,15,-21,17,-20,17,-20,20,-19,21,-19,23,-19,24,-17,27,-13,27,-13,29,-13,30,-10,29,-10,31,-7,33,-5,31,-5,32,-3,31,-5,33,0,31,-1,31,2,31,1,31,3,32,1,30,5,31,4,31,4,31,5,31,5,31,4,29,5,31,5,31,7,31,5,30,7,30,5,31,7,33,7,29,8,29,7,29,8,31,9,31,10,33,11,32,14,31,13,31,15,31,17,33,15,31,15,31,18,0,0,0,0,0,0,23,-27,23,-26,21,-26,21,-23,22,-22,21,-20,23,-21,24,-20,22,-17,23,-15,21,-17,21,-15,21,-16,21,-15,21,-12,19,-14,21,-14,20,-13,20,-13,18,-12,17,-14,19,-11,17,-10,16,-10,18,-10,18,-10,16,-10,17,-11,18,-10,15,-10,17,-9,18,-8,18,-8,17,-10,16,-7,18,-7,18,-6,16,-5,18,-5,17,-4,16,-4,17,-3,17,-1,17,0,15,0,15,0,15,0,15,1,12,2,12,2,11,2,11,3,11,5,10,5,9,5,8,5,8,7,0,0,0,0,0,0,0,0,0,0]"""
1782212762515,2026-06-23T20:06:02.515,danger,fall,lmh,bed_stand_to_lie_fall,t018,"CSI_DATA,812609,1a:00:00:00:00:00,-51,11,-98,19,33,11,214342276,47,2,256,0,""[0,0,0,0,0,0,0,0,0,0,0,0,18,-3,20,-2,21,0,22,0,22,2,23,4,23,4,25,6,24,8,26,9,26,11,25,13,27,13,25,15,25,17,25,20,26,18,23,22,22,22,20,25,21,26,22,24,20,26,21,26,20,27,18,25,17,27,17,26,17,28,17,26,16,25,16,28,17,26,16,25,18,26,16,26,16,25,17,25,17,26,18,26,17,24,19,26,17,26,22,26,17,26,19,26,17,26,20,24,20,27,20,31,18,29,19,30,17,31,17,31,18,31,18,31,17,31,0,0,0,0,0,0,32,-14,33,-12,31,-14,28,-12,30,-13,28,-9,29,-11,30,-11,28,-9,26,-8,24,-9,25,-9,25,-10,26,-10,25,-8,22,-8,23,-9,22,-8,22,-8,21,-8,20,-12,21,-8,18,-9,17,-8,21,-9,18,-9,18,-9,17,-12,18,-8,17,-9,17,-8,17,-9,19,-8,17,-9,16,-8,18,-7,18,-8,17,-7,17,-8,17,-5,15,-5,17,-4,17,-4,15,-4,16,-4,14,-3,14,-1,14,-2,12,0,12,0,13,0,12,0,12,0,12,2,10,2,9,2,8,4,0,0,0,0,0,0,0,0,0,0]"""
1782212762528,2026-06-23T20:06:02.528,danger,fall,lmh,bed_stand_to_lie_fall,t018,"CSI_DATA,812610,1a:00:00:00:00:00,-51,11,-98,19,33,11,214352339,47,2,256,0,""[0,0,0,0,0,0,0,0,0,0,0,0,-19,-2,-19,-4,-21,-6,-20,-8,-19,-11,-19,-13,-18,-13,-17,-16,-19,-17,-19,-19,-16,-22,-17,-22,-17,-24,-15,-26,-12,-28,-13,-31,-11,-29,-9,-30,-6,-29,-6,-28,-4,-31,-4,-32,0,-33,-1,-32,0,-33,0,-31,3,-32,2,-32,4,-32,2,-31,4,-31,4,-31,4,-31,5,-31,4,-31,4,-30,4,-28,5,-31,6,-31,5,-31,6,-29,6,-31,8,-30,6,-32,8,-29,7,-30,9,-31,8,-31,8,-31,10,-35,13,-33,11,-33,14,-33,17,-33,17,-34,13,-32,15,-31,0,0,0,0,0,0,-28,-22,-29,-21,-26,-17,-26,-22,-25,-22,-22,-21,-23,-21,-22,-21,-21,-20,-18,-21,-18,-18,-17,-18,-19,-19,-17,-19,-16,-19,-15,-17,-17,-17,-16,-17,-13,-18,-15,-17,-15,-15,-13,-17,-13,-15,-14,-15,-13,-16,-13,-15,-12,-17,-13,-15,-13,-15,-14,-14,-12,-14,-12,-16,-10,-17,-9,-15,-12,-16,-11,-17,-10,-15,-8,-16,-9,-16,-6,-16,-7,-17,-5,-17,-4,-17,-4,-16,-3,-15,-3,-16,-2,-14,-2,-14,0,-13,0,-12,0,-12,2,-13,1,-12,3,-10,4,-10,4,-9,4,-8,0,0,0,0,0,0,0,0,0,0]"""
1782212762537,2026-06-23T20:06:02.537,danger,fall,lmh,bed_stand_to_lie_fall,t018,"CSI_DATA,812611,1a:00:00:00:00:00,-51,11,-98,14,34,11,214363338,47,2,256,0,""[0,0,0,0,0,0,0,0,0,0,0,0,-8,-17,-7,-18,-5,-19,-5,-21,-4,-22,-3,-22,-3,-23,0,-25,-1,-26,-2,-26,0,-27,0,-28,0,-29,3,-30,6,-29,6,-31,5,-31,8,-31,8,-29,8,-31,8,-31,10,-31,11,-31,9,-30,11,-31,9,-30,12,-29,10,-31,12,-31,10,-29,10,-27,9,-30,10,-30,10,-29,9,-31,8,-29,7,-29,5,-30,5,-30,5,-31,4,-31,4,-31,3,-31,0,-32,4,-30,1,-31,3,-32,1,-32,1,-33,0,-35,0,-33,1,-36,2,-36,2,-34,0,-36,0,-35,0,-35,0,0,0,0,0,0,-37,-3,-37,-3,-33,0,-32,-3,-33,-1,-29,-3,-31,-1,-30,0,-29,0,-27,-1,-25,0,-25,0,-26,0,-26,1,-25,0,-23,3,-24,4,-23,2,-22,2,-23,3,-21,6,-21,4,-20,6,-18,5,-20,5,-21,6,-21,6,-17,9,-18,8,-18,10,-19,7,-19,8,-19,8,-15,8,-17,7,-18,6,-17,8,-16,7,-16,8,-16,5,-15,5,-16,5,-15,5,-15,6,-15,5,-15,5,-14,1,-14,5,-13,3,-13,3,-12,2,-11,2,-10,1,-11,0,-10,0,-10,0,-10,0,0,0,0,0,0,0,0,0,0,0]"""
1782212762547,2026-06-23T20:06:02.547,danger,fall,lmh,bed_stand_to_lie_fall,t018,"CSI_DATA,812612,1a:00:00:00:00:00,-51,11,-98,20,33,11,214374350,47,2,256,0,""[0,0,0,0,0,0,0,0,0,0,0,0,11,15,10,16,9,19,8,21,6,21,5,23,3,23,2,23,1,27,-2,27,-1,28,-2,27,-4,30,-6,30,-11,29,-10,30,-11,29,-13,28,-14,27,-18,27,-18,27,-19,26,-19,25,-20,25,-22,26,-19,23,-23,20,-23,22,-24,19,-22,21,-23,19,-25,21,-24,19,-24,19,-25,19,-23,19,-24,18,-23,21,-23,19,-23,21,-24,19,-23,19,-25,17,-26,20,-26,17,-25,19,-27,16,-26,18,-28,16,-30,19,-30,18,-28,18,-32,17,-31,14,-32,18,-32,15,-33,13,0,0,0,0,0,0,7,34,10,34,9,30,7,32,6,31,3,30,5,30,5,30,3,28,2,28,3,26,2,26,3,27,1,26,2,26,2,24,3,24,2,23,1,23,2,22,3,22,1,23,2,20,1,20,1,20,0,19,0,21,2,21,1,20,2,19,1,19,1,19,0,19,0,19,0,18,0,19,-1,19,-2,18,-3,19,-3,18,-3,16,-3,18,-4,17,-3,15,-4,15,-3,14,-5,14,-6,13,-7,11,-7,11,-7,11,-7,9,-7,8,-8,7,-8,7,-8,7,-9,6,0,0,0,0,0,0,0,0,0,0]"""
1782212762560,2026-06-23T20:06:02.560,danger,fall,lmh,bed_stand_to_lie_fall,t018,"CSI_DATA,812613,1a:00:00:00:00:00,-51,11,-98,21,33,11,214385338,47,2,256,0,""[0,0,0,0,0,0,0,0,0,0,0,0,-6,19,-8,17,-10,20,-11,17,-13,18,-15,16,-17,16,-19,15,-21,16,-23,15,-24,13,-23,13,-26,13,-27,10,-29,6,-30,7,-30,7,-33,4,-30,3,-30,1,-32,-1,-32,0,-32,-2,-32,-3,-34,-4,-30,-3,-31,-6,-31,-4,-32,-7,-30,-6,-30,-7,-31,-8,-30,-8,-29,-7,-30,-8,-30,-8,-28,-9,-29,-8,-30,-9,-30,-7,-29,-9,-30,-7,-30,-10,-30,-9,-27,-9,-30,-9,-30,-10,-30,-9,-30,-11,-32,-12,-30,-13,-32,-13,-31,-15,-30,-17,-33,-17,-31,-18,-30,-16,0,0,0,0,0,0,-21,28,-23,27,-19,26,-21,23,-20,25,-20,20,-20,23,-22,22,-20,20,-20,18,-19,17,-19,17,-19,18,-19,18,-18,16,-16,16,-16,16,-16,16,-17,15,-17,16,-15,16,-16,14,-13,14,-13,13,-16,15,-16,14,-15,14,-15,14,-16,13,-13,14,-14,12,-15,13,-16,12,-15,13,-14,10,-16,11,-16,10,-15,10,-16,9,-15,9,-13,8,-15,7,-16,6,-16,6,-16,5,-13,6,-13,3,-15,3,-13,2,-13,1,-12,0,-12,0,-13,0,-11,-1,-11,-2,-10,-2,-8,-3,0,0,0,0,0,0,0,0,0,0]"""
1782212762571,2026-06-23T20:06:02.571,danger,fall,lmh,bed_stand_to_lie_fall,t018,"CSI_DATA,812614,1a:00:00:00:00:00,-51,11,-98,19,33,11,214396630,47,2,256,0,""[0,0,0,0,0,0,0,0,0,0,0,0,-11,16,-11,16,-13,16,-15,16,-17,14,-18,13,-19,12,-21,11,-23,13,-24,10,-25,9,-26,8,-28,8,-30,5,-30,4,-31,3,-31,4,-31,0,-30,-1,-31,-3,-34,-4,-31,-4,-32,-5,-31,-4,-33,-6,-30,-6,-31,-8,-30,-8,-31,-9,-30,-8,-26,-9,-29,-10,-29,-9,-28,-9,-30,-9,-29,-8,-27,-8,-29,-8,-30,-10,-31,-8,-30,-8,-30,-6,-30,-9,-31,-8,-29,-9,-31,-9,-30,-12,-31,-8,-32,-10,-34,-13,-31,-11,-31,-11,-32,-13,-31,-14,-33,-14,-32,-14,-32,-15,0,0,0,0,0,0,-20,31,-18,28,-16,28,-17,27,-17,27,-17,23,-17,24,-18,24,-18,22,-17,21,-16,20,-15,20,-16,20,-16,21,-16,18,-13,19,-15,20,-13,18,-15,18,-14,19,-11,18,-13,17,-11,17,-12,17,-13,17,-13,16,-12,17,-10,18,-13,17,-10,17,-11,15,-12,16,-13,15,-12,15,-8,14,-13,13,-12,16,-13,13,-13,14,-13,13,-12,11,-13,12,-13,11,-13,10,-12,9,-12,9,-12,7,-11,8,-10,6,-12,5,-11,4,-10,4,-11,3,-10,3,-11,1,-9,0,-9,0,0,0,0,0,0,0,0,0,0,0]"""
1782212762583,2026-06-23T20:06:02.583,danger,fall,lmh,bed_stand_to_lie_fall,t018,"CSI_DATA,812615,1a:00:00:00:00:00,-51,11,-98,19,33,11,214408085,47,2,256,0,""[0,0,0,0,0,0,0,0,0,0,0,0,-10,-16,-8,-17,-8,-18,-6,-21,-6,-22,-4,-23,-2,-22,-1,-24,-2,-26,0,-26,2,-27,2,-27,1,-30,4,-29,7,-30,8,-31,6,-30,11,-30,11,-27,13,-28,14,-30,15,-29,14,-28,13,-29,16,-29,14,-28,17,-26,17,-27,18,-26,17,-26,16,-25,17,-26,17,-25,17,-25,17,-26,17,-26,15,-24,14,-26,15,-26,14,-27,14,-26,13,-27,16,-27,12,-28,13,-27,14,-27,15,-28,13,-29,14,-30,15,-31,13,-29,15,-31,17,-31,18,-29,17,-33,17,-31,16,-30,0,0,0,0,0,0,-29,-20,-27,-21,-27,-17,-26,-19,-26,-18,-23,-19,-24,-17,-23,-19,-22,-17,-21,-17,-22,-17,-21,-17,-21,-16,-22,-14,-20,-14,-20,-13,-22,-12,-20,-12,-20,-13,-18,-13,-20,-9,-18,-12,-17,-8,-17,-10,-17,-11,-17,-9,-17,-9,-18,-7,-17,-8,-18,-8,-17,-9,-17,-8,-17,-8,-17,-7,-17,-8,-17,-8,-17,-9,-15,-9,-17,-8,-14,-10,-14,-8,-13,-9,-14,-10,-13,-8,-11,-11,-12,-9,-11,-10,-10,-9,-8,-9,-8,-9,-8,-9,-7,-9,-6,-8,-5,-9,-5,-8,-4,-9,-3,-8,0,0,0,0,0,0,0,0,0,0]"""
1782212762594,2026-06-23T20:06:02.594,danger,fall,lmh,bed_stand_to_lie_fall,t018,"CSI_DATA,812616,1a:00:00:00:00:00,-51,11,-98,20,33,11,214419251,47,2,256,0,""[0,0,0,0,0,0,0,0,0,0,0,0,-19,-1,-19,-3,-19,-6,-21,-8,-20,-9,-20,-12,-19,-13,-18,-15,-19,-18,-18,-20,-18,-21,-15,-23,-17,-24,-15,-25,-12,-27,-10,-28,-10,-29,-7,-30,-4,-29,-4,-32,-3,-29,0,-33,0,-30,0,-31,3,-34,2,-30,4,-30,7,-31,7,-30,6,-30,7,-29,11,-31,9,-30,11,-29,11,-29,10,-29,10,-27,9,-28,11,-28,10,-28,12,-27,10,-28,14,-28,12,-30,15,-28,13,-27,15,-29,16,-27,17,-27,19,-30,19,-28,19,-28,23,-28,24,-25,23,-29,23,-26,27,-25,0,0,0,0,0,0,-19,-29,-19,-27,-19,-28,-15,-28,-15,-27,-14,-27,-13,-26,-13,-27,-11,-26,-9,-27,-9,-26,-7,-24,-8,-25,-7,-24,-7,-23,-7,-22,-7,-23,-7,-23,-5,-22,-6,-20,-7,-22,-4,-22,-5,-19,-4,-20,-4,-21,-3,-21,-3,-20,-4,-20,-3,-20,-3,-19,-2,-18,-1,-19,0,-19,-1,-18,0,-18,0,-19,1,-19,2,-19,3,-18,3,-17,3,-16,4,-17,4,-16,4,-15,6,-13,5,-13,7,-12,7,-12,8,-11,8,-11,8,-9,7,-9,7,-7,9,-7,9,-5,7,-4,9,-3,0,0,0,0,0,0,0,0,0,0]"""
1782212762603,2026-06-23T20:06:02.603,danger,fall,lmh,bed_stand_to_lie_fall,t018,"CSI_DATA,812617,1a:00:00:00:00:00,-51,11,-98,15,34,11,214429448,47,2,256,0,""[0,0,0,0,0,0,0,0,0,0,0,0,-7,18,-9,17,-9,18,-12,17,-13,19,-14,18,-14,17,-17,17,-18,18,-19,18,-21,18,-20,17,-21,18,-22,19,-24,15,-25,18,-25,19,-26,18,-24,16,-27,16,-28,16,-26,15,-28,16,-26,17,-27,17,-26,16,-26,15,-27,16,-27,16,-25,17,-25,16,-25,17,-25,17,-23,18,-24,20,-22,20,-22,19,-22,22,-22,21,-20,24,-19,22,-18,25,-19,24,-18,26,-17,23,-17,25,-18,26,-16,26,-17,28,-18,29,-17,28,-17,30,-19,31,-19,31,-17,31,-15,31,-15,31,0,0,0,0,0,0,30,18,31,17,30,13,28,16,31,13,26,14,28,12,28,11,26,11,24,11,26,9,23,8,26,8,25,8,24,7,24,4,24,4,22,3,23,4,23,2,22,0,23,2,20,0,21,0,21,0,22,-1,21,-1,19,-4,20,-3,19,-4,19,-3,20,-2,20,-4,17,-4,18,-4,17,-5,17,-4,17,-4,17,-4,17,-4,16,-4,17,-4,16,-3,16,-4,15,-3,15,-4,15,-1,13,-3,13,0,13,-1,13,0,12,0,12,-1,10,0,9,0,8,0,10,1,0,0,0,0,0,0,0,0,0,0]"""
1782212762616,2026-06-23T20:06:02.616,danger,fall,lmh,bed_stand_to_lie_fall,t018,"CSI_DATA,812618,1a:00:00:00:00:00,-52,11,-98,16,34,11,214444252,47,2,256,0,""[0,0,0,0,0,0,0,0,0,0,0,0,19,0,19,3,21,3,20,6,21,7,19,9,20,9,21,12,22,14,22,15,20,16,20,18,23,19,20,22,19,23,19,25,19,24,17,27,14,24,16,27,15,27,14,27,13,29,12,28,11,30,11,27,9,30,9,29,8,30,10,28,8,28,9,30,9,28,9,29,10,29,9,28,8,28,10,28,9,29,11,28,9,29,11,28,11,28,12,30,9,28,12,28,9,30,12,30,11,30,11,32,11,31,11,32,11,34,9,33,12,34,9,33,9,34,0,0,0,0,0,0,34,-5,34,-3,32,-5,31,-3,32,-3,29,-2,30,-3,30,-3,28,-1,26,0,27,0,25,0,26,-3,25,-1,24,-2,23,-3,24,-3,22,-3,23,-1,22,-2,21,-3,22,-2,19,-3,19,-3,20,-3,20,-4,20,-3,19,-5,20,-4,17,-4,19,-3,19,-3,20,-3,18,-4,17,-3,19,-2,18,-3,19,-2,19,-2,17,-1,18,-1,16,0,16,0,16,0,15,1,14,0,14,1,15,1,13,3,12,3,11,3,11,1,12,3,10,6,9,4,7,4,7,7,0,0,0,0,0,0,0,0,0,0]"""
1782212762628,2026-06-23T20:06:02.628,danger,fall,lmh,bed_stand_to_lie_fall,t018,"CSI_DATA,812619,1a:00:00:00:00:00,-52,11,-98,15,34,11,214451709,47,2,256,0,""[0,0,0,0,0,0,0,0,0,0,0,0,0,-19,3,-19,2,-21,4,-21,4,-22,5,-21,6,-22,8,-22,8,-25,10,-25,11,-24,11,-24,12,-27,13,-27,15,-25,16,-26,13,-26,16,-27,14,-25,15,-27,15,-26,17,-27,17,-26,16,-27,17,-27,15,-26,17,-26,17,-26,17,-27,13,-26,13,-26,12,-27,12,-27,12,-27,10,-29,9,-29,8,-28,7,-29,6,-29,4,-31,4,-30,3,-31,3,-30,0,-34,1,-29,0,-30,0,-31,-2,-32,-1,-34,-3,-35,-3,-34,-4,-34,-2,-37,-2,-35,-6,-35,-7,-35,-7,-35,0,0,0,0,0,0,-34,7,-35,6,-31,8,-31,5,-32,8,-29,6,-29,8,-28,8,-26,8,-26,8,-24,9,-24,9,-23,11,-22,13,-21,12,-18,12,-19,15,-19,14,-17,13,-17,14,-15,14,-17,15,-13,14,-13,13,-13,15,-13,16,-13,16,-10,17,-10,17,-8,16,-10,17,-9,17,-9,17,-6,17,-7,16,-8,17,-7,17,-8,17,-6,18,-8,15,-6,16,-6,14,-5,14,-5,14,-6,13,-5,13,-6,13,-5,13,-6,11,-5,10,-5,11,-4,10,-5,10,-5,9,-4,8,-4,8,-7,7,0,0,0,0,0,0,0,0,0,0]"""
1782212762640,2026-06-23T20:06:02.640,danger,fall,lmh,bed_stand_to_lie_fall,t018,"CSI_DATA,812620,1a:00:00:00:00:00,-51,11,-98,15,34,11,214462338,47,2,256,0,""[0,0,0,0,0,0,0,0,0,0,0,0,-14,-13,-12,-15,-12,-17,-10,-18,-9,-20,-8,-20,-7,-21,-5,-23,-6,-26,-5,-26,-4,-26,-3,-27,-4,-30,0,-30,3,-29,4,-31,2,-31,7,-31,7,-27,5,-29,8,-29,9,-31,11,-30,12,-29,12,-29,11,-28,14,-28,14,-28,14,-28,13,-27,14,-26,14,-26,14,-26,14,-26,15,-28,14,-27,13,-26,13,-26,13,-27,13,-29,13,-27,13,-29,13,-27,12,-29,13,-26,13,-28,14,-27,13,-29,15,-30,16,-31,15,-29,17,-30,18,-30,20,-31,18,-31,17,-31,18,-29,0,0,0,0,0,0,-26,-22,-26,-23,-26,-17,-24,-22,-24,-21,-20,-20,-22,-22,-22,-20,-21,-20,-18,-20,-18,-17,-17,-17,-18,-17,-18,-17,-17,-18,-17,-16,-19,-15,-17,-15,-16,-15,-17,-15,-17,-13,-15,-16,-14,-11,-14,-13,-15,-13,-17,-13,-15,-13,-15,-12,-15,-12,-17,-11,-16,-13,-16,-13,-13,-13,-13,-11,-13,-12,-13,-12,-13,-12,-12,-13,-13,-13,-11,-14,-11,-13,-11,-13,-9,-13,-9,-13,-8,-13,-8,-13,-5,-12,-6,-13,-4,-11,-5,-12,-4,-12,-3,-10,-3,-11,-1,-11,-1,-9,0,-10,1,-9,0,0,0,0,0,0,0,0,0,0]"""
1782212762647,2026-06-23T20:06:02.647,danger,fall,lmh,bed_stand_to_lie_fall,t018,"CSI_DATA,812621,1a:00:00:00:00:00,-52,11,-98,16,34,11,214473948,47,2,256,0,""[0,0,0,0,0,0,0,0,0,0,0,0,-7,18,-9,16,-11,18,-12,19,-14,16,-15,17,-15,17,-19,15,-20,17,-19,15,-21,16,-22,15,-23,15,-24,14,-27,11,-27,12,-27,13,-30,11,-28,9,-29,7,-30,6,-30,7,-30,7,-30,7,-32,7,-29,7,-30,6,-31,5,-31,5,-29,6,-28,3,-30,5,-29,5,-29,4,-29,6,-30,7,-28,7,-27,7,-28,7,-30,9,-29,7,-28,9,-29,7,-30,11,-28,9,-29,11,-30,10,-29,12,-30,11,-31,10,-31,11,-31,13,-34,11,-32,9,-32,11,-33,11,-33,11,0,0,0,0,0,0,7,35,7,33,9,30,5,30,8,30,6,29,6,30,6,29,5,28,4,27,7,24,6,24,7,26,6,25,7,23,7,23,9,23,8,23,7,22,8,21,9,19,8,20,7,18,8,19,7,19,8,18,8,18,10,17,11,17,11,15,10,15,8,18,9,18,9,16,8,15,7,16,8,15,7,15,7,16,7,15,7,15,7,15,7,15,6,14,5,15,5,13,4,14,3,15,3,12,3,11,2,12,0,11,0,11,0,10,0,11,0,10,-2,10,0,0,0,0,0,0,0,0,0,0]"""
1782212762659,2026-06-23T20:06:02.659,danger,fall,lmh,bed_stand_to_lie_fall,t018,"CSI_DATA,812622,1a:00:00:00:00:00,-51,11,-98,19,33,11,214484338,47,2,256,0,""[0,0,0,0,0,0,0,0,0,0,0,0,-15,-12,-13,-12,-13,-15,-13,-16,-13,-17,-13,-17,-13,-19,-12,-20,-13,-22,-12,-22,-13,-24,-12,-24,-14,-25,-13,-26,-10,-26,-9,-28,-12,-28,-10,-29,-8,-29,-11,-29,-10,-29,-8,-31,-8,-30,-11,-30,-9,-31,-11,-28,-8,-29,-10,-29,-8,-29,-12,-26,-9,-26,-13,-29,-13,-30,-13,-26,-15,-27,-13,-26,-15,-23,-17,-24,-17,-25,-18,-23,-19,-24,-20,-22,-19,-23,-22,-22,-20,-21,-23,-20,-22,-22,-23,-19,-24,-20,-28,-23,-26,-20,-27,-20,-28,-22,-26,-22,-29,-21,-29,-19,-31,-18,0,0,0,0,0,0,-20,28,-19,29,-17,31,-17,26,-14,26,-16,26,-14,26,-14,27,-12,26,-12,24,-11,24,-11,24,-9,24,-7,24,-7,22,-4,22,-4,24,-3,23,-4,22,-2,22,0,21,-2,22,0,20,0,21,0,22,0,20,0,19,3,20,2,22,4,18,3,18,4,19,3,19,5,18,5,17,4,18,5,19,4,17,5,17,4,17,5,16,4,17,4,17,4,14,4,14,4,14,3,14,3,13,2,12,3,11,3,13,2,12,1,12,0,12,1,9,1,10,0,8,0,0,0,0,0,0,0,0,0,0]"""
1782212762668,2026-06-23T20:06:02.668,danger,fall,lmh,bed_stand_to_lie_fall,t018,"CSI_DATA,812623,1a:00:00:00:00:00,-52,11,-98,16,34,11,214495338,47,2,256,0,""[0,0,0,0,0,0,0,0,0,0,0,0,-3,19,-7,18,-7,19,-10,19,-11,19,-11,18,-14,17,-15,17,-16,19,-19,19,-19,18,-20,17,-21,17,-24,15,-26,14,-27,15,-27,15,-28,11,-27,9,-26,9,-27,7,-30,8,-30,7,-30,6,-31,6,-29,7,-31,4,-31,4,-30,2,-29,4,-27,2,-30,3,-29,4,-29,3,-30,5,-30,5,-29,4,-29,6,-29,6,-30,7,-30,6,-28,7,-29,5,-30,8,-29,5,-29,7,-30,7,-29,7,-31,7,-35,7,-33,6,-34,6,-35,5,-33,3,-34,5,-34,3,-33,5,0,0,0,0,0,0,0,34,0,35,2,33,0,33,0,31,-1,29,0,29,-1,30,-1,27,0,26,0,25,-1,25,0,27,0,25,-1,24,0,23,1,25,0,23,0,23,0,22,2,22,0,22,1,20,0,20,0,20,0,20,0,19,3,19,1,21,3,19,1,19,1,20,1,19,2,18,2,18,0,19,1,18,0,17,0,18,-1,17,0,15,0,16,-1,16,0,15,-3,15,-1,15,-3,14,-3,13,-3,12,-3,11,-3,11,-3,10,-5,10,-5,9,-3,9,-5,7,-6,7,0,0,0,0,0,0,0,0,0,0]"""
1782212762682,2026-06-23T20:06:02.682,danger,fall,lmh,bed_stand_to_lie_fall,t018,"CSI_DATA,812624,1a:00:00:00:00:00,-52,11,-98,15,34,11,214506966,47,2,256,0,""[0,0,0,0,0,0,0,0,0,0,0,0,-18,1,-19,0,-21,-1,-20,-4,-22,-6,-20,-6,-20,-9,-21,-11,-22,-13,-22,-13,-21,-16,-20,-17,-22,-19,-19,-21,-17,-24,-17,-25,-16,-25,-14,-28,-12,-25,-10,-30,-10,-31,-9,-30,-8,-31,-7,-30,-6,-31,-4,-31,-1,-31,-2,-31,-1,-30,-2,-31,0,-29,0,-31,0,-31,0,-29,0,-30,1,-31,2,-28,0,-30,0,-30,0,-31,3,-31,1,-31,4,-31,2,-31,4,-29,3,-31,4,-31,4,-31,5,-32,6,-33,7,-31,8,-32,9,-33,12,-31,12,-35,13,-32,13,-32,0,0,0,0,0,0,-29,-19,-27,-19,-27,-17,-25,-19,-26,-20,-22,-20,-24,-17,-22,-18,-22,-19,-19,-19,-17,-19,-16,-17,-19,-18,-17,-17,-17,-19,-17,-17,-18,-16,-17,-16,-14,-17,-15,-17,-16,-15,-13,-17,-13,-13,-13,-14,-13,-15,-12,-16,-13,-15,-14,-14,-12,-16,-13,-13,-12,-15,-12,-16,-10,-16,-10,-15,-8,-15,-9,-15,-8,-16,-8,-16,-8,-17,-5,-17,-6,-16,-4,-15,-3,-15,-4,-15,-3,-14,-4,-15,0,-13,-1,-13,0,-13,1,-12,1,-12,2,-11,2,-11,3,-10,3,-8,4,-8,5,-7,0,0,0,0,0,0,0,0,0,0]"""
1782212762690,2026-06-23T20:06:02.690,danger,fall,lmh,bed_stand_to_lie_fall,t018,"CSI_DATA,812625,1a:00:00:00:00:00,-52,11,-98,15,34,11,214517337,47,2,256,0,""[0,0,0,0,0,0,0,0,0,0,0,0,18,5,17,7,19,8,18,10,18,11,17,13,17,14,17,15,19,18,17,18,17,21,16,22,17,22,16,24,13,26,13,26,13,26,12,29,11,27,8,30,7,31,9,30,7,30,7,29,7,31,7,30,4,31,4,30,5,31,5,29,4,29,5,31,3,30,4,30,5,31,5,29,4,28,6,30,5,29,7,29,6,29,8,28,7,30,8,31,6,31,8,29,8,30,8,31,8,31,8,34,8,32,8,32,5,35,4,35,8,35,8,34,7,33,0,0,0,0,0,0,35,-3,35,-2,32,-4,32,-2,31,-2,31,0,30,-4,31,0,28,-1,27,0,26,0,26,0,26,-2,26,-1,24,-1,22,-2,23,-3,23,-3,22,-1,22,-3,22,-4,22,-3,19,-4,21,-4,19,-4,20,-4,20,-4,19,-5,20,-4,18,-5,18,-2,19,-4,19,-4,17,-4,17,-4,18,-4,17,-3,18,-3,18,-3,17,-2,16,-2,16,0,17,0,17,0,15,0,15,0,14,1,15,0,13,2,13,1,12,2,10,1,10,2,10,3,9,4,9,4,8,5,0,0,0,0,0,0,0,0,0,0]"""
1782212762702,2026-06-23T20:06:02.702,danger,fall,lmh,bed_stand_to_lie_fall,t018,"CSI_DATA,812626,1a:00:00:00:00:00,-52,11,-98,16,34,11,214528337,47,2,256,0,""[0,0,0,0,0,0,0,0,0,0,0,0,18,-1,18,0,20,0,20,3,21,4,19,7,22,6,22,8,23,10,25,11,23,12,23,14,25,15,24,15,21,19,23,20,23,20,21,22,19,21,20,23,19,23,18,25,18,24,19,25,19,27,18,24,16,26,16,27,15,27,16,24,14,24,16,27,15,25,15,25,17,26,16,24,15,24,16,23,18,23,20,23,17,23,19,23,17,23,20,24,17,23,19,24,18,26,20,24,20,26,21,27,21,25,21,26,19,29,19,29,23,30,20,29,21,28,0,0,0,0,0,0,29,-18,30,-16,27,-17,27,-14,27,-15,26,-14,27,-14,27,-14,26,-12,25,-11,22,-11,23,-10,23,-11,22,-12,22,-12,19,-12,21,-14,19,-13,18,-11,18,-12,17,-13,19,-11,16,-12,17,-12,17,-12,16,-12,16,-12,15,-12,15,-12,13,-12,15,-11,15,-11,16,-12,15,-12,13,-11,14,-11,15,-12,15,-11,14,-11,14,-9,13,-7,13,-7,15,-9,14,-8,13,-7,12,-7,13,-4,12,-7,11,-3,11,-3,11,-3,11,-3,11,-2,10,-1,10,-1,9,0,9,1,0,0,0,0,0,0,0,0,0,0]"""
1782212762712,2026-06-23T20:06:02.712,danger,fall,lmh,bed_stand_to_lie_fall,t018,"CSI_DATA,812627,1a:00:00:00:00:00,-52,11,-98,16,34,11,214539337,47,2,256,0,""[0,0,0,0,0,0,0,0,0,0,0,0,10,-15,12,-14,13,-12,15,-15,15,-13,18,-13,19,-11,19,-11,23,-12,23,-9,24,-8,24,-10,27,-9,27,-7,30,-3,27,-4,31,-6,29,-3,30,0,29,-3,27,0,32,0,29,2,29,1,31,2,30,0,30,3,31,3,29,4,31,1,29,3,31,3,29,4,29,3,30,3,30,1,27,1,30,0,30,2,30,0,30,2,28,-1,30,0,32,0,30,0,30,-1,31,0,30,-1,30,0,33,0,34,0,34,0,35,1,33,2,35,0,35,0,34,0,0,0,0,0,0,0,3,-33,4,-32,2,-33,4,-30,3,-28,4,-30,4,-30,5,-30,3,-27,4,-27,3,-26,3,-25,2,-25,3,-25,3,-23,0,-23,0,-25,0,-23,2,-23,1,-21,0,-22,0,-21,0,-21,0,-21,0,-19,0,-19,0,-19,-2,-19,0,-19,-2,-18,0,-17,-2,-20,0,-19,-1,-19,0,-18,0,-19,0,-19,0,-18,0,-18,0,-17,0,-15,0,-15,1,-16,1,-15,2,-15,1,-14,1,-13,2,-13,3,-12,3,-11,3,-11,3,-9,4,-11,6,-10,4,-8,3,-7,6,-7,0,0,0,0,0,0,0,0,0,0]"""
1782212762726,2026-06-23T20:06:02.726,danger,fall,lmh,bed_stand_to_lie_fall,t018,"CSI_DATA,812628,1a:00:00:00:00:00,-52,11,-98,15,34,11,214550337,47,2,256,0,""[0,0,0,0,0,0,0,0,0,0,0,0,0,-19,2,-19,3,-18,5,-21,5,-21,8,-22,8,-21,9,-20,12,-23,13,-20,13,-22,15,-22,17,-24,17,-22,22,-20,20,-20,22,-22,23,-19,22,-18,22,-19,23,-17,26,-18,26,-16,26,-17,29,-17,26,-16,26,-14,28,-16,25,-13,26,-15,25,-14,26,-15,25,-15,25,-14,26,-16,26,-16,23,-14,25,-16,25,-17,24,-18,26,-17,23,-18,25,-18,24,-17,24,-17,22,-19,26,-20,22,-20,25,-19,26,-21,26,-20,26,-22,29,-22,27,-17,31,-22,27,-22,28,-17,0,0,0,0,0,0,-17,-30,-16,-30,-17,-27,-16,-27,-16,-26,-14,-27,-14,-25,-14,-26,-13,-25,-13,-25,-13,-22,-12,-21,-15,-22,-11,-21,-13,-21,-13,-19,-15,-20,-13,-18,-13,-20,-13,-17,-14,-17,-13,-17,-13,-15,-13,-16,-13,-15,-13,-14,-13,-14,-13,-13,-13,-14,-14,-13,-13,-13,-13,-13,-12,-13,-13,-13,-12,-13,-13,-13,-11,-13,-12,-11,-11,-13,-11,-13,-8,-13,-8,-13,-8,-13,-8,-12,-8,-13,-8,-11,-6,-12,-8,-12,-5,-11,-6,-10,-5,-12,-4,-10,-3,-10,-1,-9,-4,-9,-1,-9,0,-11,0,0,0,0,0,0,0,0,0,0]"""
1782212762736,2026-06-23T20:06:02.736,danger,fall,lmh,bed_stand_to_lie_fall,t018,"CSI_DATA,812629,1a:00:00:00:00:00,-52,11,-98,16,34,11,214562064,47,2,256,0,""[0,0,0,0,0,0,0,0,0,0,0,0,-19,2,-18,0,-19,0,-19,-3,-20,-4,-21,-5,-20,-4,-22,-6,-24,-7,-23,-8,-23,-10,-24,-10,-26,-12,-24,-13,-24,-15,-25,-14,-26,-15,-26,-18,-25,-17,-22,-18,-22,-19,-25,-18,-23,-20,-25,-19,-25,-19,-23,-18,-22,-19,-23,-19,-23,-20,-23,-18,-23,-17,-24,-19,-24,-18,-23,-17,-26,-17,-25,-15,-25,-15,-25,-13,-26,-14,-27,-13,-26,-11,-28,-10,-27,-11,-30,-11,-28,-11,-27,-10,-30,-11,-28,-9,-30,-10,-30,-11,-32,-8,-32,-9,-32,-9,-31,-10,-34,-8,-33,-7,-34,-8,0,0,0,0,0,0,-10,33,-11,32,-7,30,-9,30,-8,30,-7,28,-7,30,-8,30,-6,27,-5,27,-3,27,-5,24,-3,26,-4,25,-3,23,-1,23,-1,24,0,23,-2,22,0,22,3,21,0,20,1,19,1,21,1,21,2,21,2,20,4,19,3,19,3,19,4,19,3,19,4,19,4,18,4,18,3,19,3,17,4,18,5,17,3,15,3,15,4,15,3,16,3,15,2,15,3,15,2,13,3,13,1,13,1,11,1,11,0,11,0,10,0,10,0,10,0,10,-2,9,0,0,0,0,0,0,0,0,0,0]"""
1782212762748,2026-06-23T20:06:02.748,danger,fall,lmh,bed_stand_to_lie_fall,t018,"CSI_DATA,812630,1a:00:00:00:00:00,-52,11,-98,20,33,11,214572459,47,2,256,0,""[0,0,0,0,0,0,0,0,0,0,0,0,-17,3,-19,0,-19,0,-22,-1,-21,-1,-21,-3,-23,-3,-22,-5,-24,-6,-24,-8,-25,-10,-25,-11,-26,-11,-26,-13,-24,-16,-23,-15,-25,-16,-23,-19,-22,-19,-22,-20,-23,-23,-23,-20,-22,-20,-23,-21,-23,-23,-21,-19,-19,-23,-21,-23,-21,-23,-23,-21,-18,-20,-21,-22,-22,-21,-21,-20,-22,-20,-23,-19,-20,-19,-21,-19,-24,-20,-24,-18,-23,-19,-24,-16,-24,-18,-26,-17,-24,-16,-26,-16,-25,-16,-27,-16,-28,-17,-27,-19,-28,-18,-27,-19,-29,-21,-27,-19,-30,-19,-30,-18,-29,-19,0,0,0,0,0,0,-23,29,-22,26,-19,27,-20,24,-18,25,-19,22,-17,23,-19,24,-17,22,-16,21,-15,22,-14,19,-14,22,-15,20,-14,19,-11,19,-12,20,-12,20,-12,19,-11,19,-8,20,-10,19,-8,19,-8,19,-9,19,-8,19,-7,18,-5,19,-7,19,-5,18,-7,17,-5,18,-6,18,-5,19,-5,17,-7,18,-7,19,-6,15,-6,16,-6,15,-6,14,-5,15,-7,15,-6,14,-7,13,-5,12,-7,12,-7,12,-7,10,-7,9,-7,10,-6,9,-7,10,-8,7,-7,7,-7,7,-7,5,0,0,0,0,0,0,0,0,0,0]"""
1782212762757,2026-06-23T20:06:02.757,danger,fall,lmh,bed_stand_to_lie_fall,t018,"CSI_DATA,812631,1a:00:00:00:00:00,-52,11,-98,16,34,11,214583337,47,2,256,0,""[0,0,0,0,0,0,0,0,0,0,0,0,13,13,11,15,10,15,8,19,7,19,5,21,4,22,2,23,2,26,0,26,0,27,-1,27,-2,29,-3,28,-8,28,-11,27,-9,29,-13,27,-14,25,-16,23,-19,22,-19,25,-20,23,-19,23,-22,23,-20,23,-23,20,-23,19,-24,19,-23,19,-23,17,-25,16,-25,15,-25,15,-25,16,-24,15,-23,14,-24,15,-26,15,-23,16,-26,13,-25,15,-27,15,-28,15,-27,12,-27,13,-29,11,-29,12,-29,11,-30,13,-30,11,-30,11,-33,7,-32,7,-34,8,-35,6,-34,6,0,0,0,0,0,0,0,34,0,34,0,33,-2,32,-3,30,-3,30,-4,30,-5,29,-5,28,-5,25,-6,26,-7,23,-7,25,-7,24,-5,23,-4,23,-5,24,-5,22,-8,20,-6,20,-4,20,-7,20,-5,18,-7,18,-7,19,-7,19,-7,19,-6,19,-7,19,-4,18,-7,16,-8,16,-10,16,-8,15,-8,15,-9,15,-10,16,-11,14,-11,13,-11,13,-11,13,-11,12,-11,10,-11,9,-13,9,-11,8,-11,7,-12,7,-10,5,-11,5,-11,3,-11,2,-10,3,-11,2,-9,0,-10,0,-9,0,0,0,0,0,0,0,0,0,0,0]"""
1782212762767,2026-06-23T20:06:02.767,danger,fall,lmh,bed_stand_to_lie_fall,t018,"CSI_DATA,812632,1a:00:00:00:00:00,-52,11,-98,15,34,11,214594337,47,2,256,0,""[0,0,0,0,0,0,0,0,0,0,0,0,18,0,18,2,18,4,20,6,19,8,20,9,19,11,17,13,20,15,18,17,18,18,17,20,17,22,16,22,14,25,13,26,13,26,12,28,8,27,8,30,7,29,5,31,3,29,4,31,2,32,3,30,0,31,-2,31,-1,30,0,30,-3,28,-3,31,-4,31,-4,27,-4,31,-4,30,-4,28,-4,30,-4,30,-4,30,-7,29,-4,30,-7,30,-7,31,-8,30,-7,30,-8,31,-8,30,-9,31,-11,31,-11,31,-12,30,-15,31,-16,29,-16,31,-17,31,-17,30,0,0,0,0,0,0,26,23,23,22,25,22,23,22,22,20,20,24,19,22,18,23,17,22,16,23,17,21,14,21,16,20,13,20,14,21,13,19,14,19,13,18,11,18,12,18,13,17,10,19,12,17,10,17,10,17,10,17,8,17,12,16,9,17,10,17,7,17,8,17,8,17,8,17,7,16,6,17,6,17,4,17,4,17,4,16,3,15,2,16,2,16,1,16,0,14,0,14,0,14,0,13,-2,12,-2,12,-4,11,-3,10,-4,10,-4,8,-5,8,-5,8,-7,6,0,0,0,0,0,0,0,0,0,0]"""
1782212762781,2026-06-23T20:06:02.781,danger,fall,lmh,bed_stand_to_lie_fall,t018,"CSI_DATA,812633,1a:00:00:00:00:00,-52,11,-98,16,34,11,214605370,47,2,256,0,""[0,0,0,0,0,0,0,0,0,0,0,0,-18,-2,-18,-3,-19,-6,-19,-7,-20,-8,-19,-11,-19,-12,-19,-13,-22,-14,-20,-15,-21,-15,-19,-16,-22,-17,-21,-19,-18,-22,-19,-21,-20,-22,-19,-24,-18,-23,-15,-25,-15,-27,-17,-25,-15,-27,-17,-26,-16,-28,-16,-24,-14,-26,-15,-27,-15,-26,-15,-25,-13,-25,-16,-27,-14,-25,-14,-25,-16,-24,-16,-23,-15,-23,-17,-23,-18,-23,-19,-22,-19,-23,-20,-19,-20,-23,-22,-22,-19,-23,-19,-21,-21,-23,-20,-22,-23,-22,-23,-23,-25,-22,-23,-22,-23,-26,-22,-24,-27,-23,-25,-23,-25,-24,0,0,0,0,0,0,-26,23,-24,23,-24,23,-23,20,-23,20,-23,19,-22,20,-22,20,-20,18,-22,18,-19,16,-18,16,-19,19,-16,17,-17,16,-13,17,-15,19,-14,17,-15,17,-11,17,-11,18,-13,18,-11,17,-11,16,-11,17,-11,18,-10,15,-8,19,-9,17,-7,17,-7,15,-8,17,-7,18,-7,17,-7,15,-8,18,-7,15,-7,15,-8,14,-8,14,-7,13,-7,13,-8,14,-7,14,-7,12,-7,11,-7,11,-7,12,-7,9,-7,10,-7,7,-6,7,-7,7,-8,6,-7,7,-7,6,-7,5,0,0,0,0,0,0,0,0,0,0]"""
1782212762789,2026-06-23T20:06:02.789,danger,fall,lmh,bed_stand_to_lie_fall,t018,"CSI_DATA,812634,1a:00:00:00:00:00,-52,11,-98,17,34,11,214616337,47,2,256,0,""[0,0,0,0,0,0,0,0,0,0,0,0,20,-2,19,0,20,0,20,2,22,3,21,5,22,5,23,7,23,8,23,9,23,10,23,10,25,10,26,13,23,15,26,16,25,15,25,18,23,18,23,16,23,19,24,21,22,20,23,20,23,21,23,20,22,21,21,20,21,23,22,20,20,20,22,20,22,20,22,20,22,19,23,17,23,18,23,16,24,18,26,16,24,16,25,16,23,15,28,16,24,15,27,15,26,14,27,13,27,16,29,14,29,15,29,14,30,16,30,18,32,16,30,16,30,16,0,0,0,0,0,0,18,-29,18,-30,15,-28,16,-27,16,-28,15,-24,15,-26,14,-25,13,-24,13,-22,13,-23,11,-21,11,-23,12,-23,11,-22,8,-21,8,-23,9,-21,9,-20,7,-20,5,-20,6,-20,5,-18,5,-20,5,-19,4,-20,4,-19,2,-20,3,-20,1,-19,2,-18,2,-19,3,-19,1,-16,1,-16,3,-18,4,-17,2,-17,3,-17,3,-16,3,-16,2,-16,4,-15,4,-15,3,-14,3,-13,4,-13,3,-13,3,-11,3,-12,4,-10,3,-10,4,-10,5,-9,5,-8,5,-8,6,-7,0,0,0,0,0,0,0,0,0,0]"""
1782212762800,2026-06-23T20:06:02.800,danger,fall,lmh,bed_stand_to_lie_fall,t018,"CSI_DATA,812635,1a:00:00:00:00:00,-52,11,-98,16,34,11,214627368,47,2,256,0,""[0,0,0,0,0,0,0,0,0,0,0,0,-3,17,-7,17,-8,17,-10,18,-11,19,-14,18,-12,18,-15,17,-16,19,-17,18,-18,19,-19,19,-19,19,-20,18,-23,15,-24,17,-23,17,-26,16,-26,15,-27,12,-28,11,-26,13,-27,12,-27,15,-28,14,-25,14,-27,12,-27,12,-27,12,-27,14,-25,12,-28,14,-27,13,-26,13,-26,14,-26,14,-23,15,-24,17,-24,16,-23,19,-24,18,-23,19,-24,18,-22,20,-23,17,-23,19,-24,19,-22,19,-23,20,-24,23,-23,23,-23,24,-27,23,-25,23,-24,25,-23,24,-25,23,0,0,0,0,0,0,21,27,20,25,21,23,19,26,19,23,19,23,19,22,19,23,18,19,17,20,18,19,16,19,19,18,16,17,19,17,18,14,18,15,19,13,16,15,19,12,20,11,18,12,17,11,16,10,16,11,17,10,17,10,17,7,18,7,17,6,16,8,18,8,17,9,16,7,15,7,19,7,17,7,14,7,15,7,15,8,13,7,15,7,15,6,13,7,12,7,13,6,12,7,10,7,10,7,9,7,10,7,8,7,8,7,7,7,7,7,6,6,5,7,0,0,0,0,0,0,0,0,0,0]"""
1782212762816,2026-06-23T20:06:02.816,danger,fall,lmh,bed_stand_to_lie_fall,t018,"CSI_DATA,812636,1a:00:00:00:00:00,-52,11,-98,16,34,11,214638337,47,2,256,0,""[0,0,0,0,0,0,0,0,0,0,0,0,-17,3,-17,0,-19,0,-20,-3,-20,-4,-21,-7,-20,-9,-21,-11,-22,-10,-22,-13,-22,-15,-20,-15,-22,-17,-21,-19,-18,-20,-18,-23,-19,-22,-17,-25,-15,-24,-12,-27,-12,-29,-11,-27,-9,-30,-11,-28,-7,-29,-9,-28,-7,-28,-6,-29,-6,-29,-5,-29,-3,-28,-3,-30,-3,-28,-2,-29,-3,-28,-3,-29,-2,-27,-3,-29,-3,-30,-4,-29,-3,-29,-3,-29,-2,-30,-4,-30,-1,-29,-2,-30,0,-30,0,-30,0,-31,0,-33,1,-33,0,-33,3,-34,5,-34,3,-35,4,-34,4,-34,0,0,0,0,0,0,-34,-10,-30,-11,-30,-8,-29,-12,-28,-11,-26,-11,-26,-11,-27,-11,-24,-12,-23,-13,-23,-14,-21,-13,-21,-12,-21,-12,-21,-11,-21,-10,-22,-11,-19,-11,-18,-11,-19,-10,-19,-9,-19,-11,-18,-9,-17,-11,-16,-10,-16,-11,-16,-10,-19,-9,-16,-10,-17,-10,-15,-10,-15,-11,-15,-11,-15,-9,-14,-11,-13,-11,-13,-11,-11,-11,-11,-12,-10,-12,-10,-11,-11,-12,-9,-12,-9,-12,-7,-11,-7,-12,-3,-11,-6,-10,-4,-11,-3,-11,-3,-11,-1,-10,-2,-9,0,-9,0,-10,2,-9,2,-8,0,0,0,0,0,0,0,0,0,0]"""
1782212762825,2026-06-23T20:06:02.825,danger,fall,lmh,bed_stand_to_lie_fall,t018,"CSI_DATA,812637,1a:00:00:00:00:00,-52,11,-98,16,34,11,214649393,47,2,256,0,""[0,0,0,0,0,0,0,0,0,0,0,0,-16,-7,-15,-9,-16,-10,-17,-12,-15,-13,-15,-15,-15,-14,-15,-15,-17,-18,-15,-20,-14,-20,-15,-20,-15,-23,-15,-23,-13,-26,-13,-25,-13,-27,-12,-27,-13,-27,-9,-28,-10,-30,-10,-28,-11,-29,-11,-29,-10,-30,-11,-27,-11,-29,-9,-29,-10,-28,-11,-27,-8,-26,-11,-28,-11,-27,-11,-27,-13,-27,-11,-27,-11,-24,-14,-26,-13,-25,-16,-25,-15,-25,-17,-23,-16,-25,-19,-25,-17,-24,-18,-23,-19,-25,-20,-23,-20,-25,-20,-26,-22,-24,-21,-25,-22,-27,-20,-27,-23,-27,-23,-26,-23,-24,0,0,0,0,0,0,-27,22,-26,20,-24,23,-24,19,-23,19,-24,19,-22,19,-23,19,-21,18,-21,17,-17,17,-18,16,-16,19,-17,17,-16,17,-14,18,-15,19,-13,19,-14,16,-11,17,-11,18,-12,18,-10,17,-10,18,-11,18,-9,18,-7,16,-7,19,-8,19,-6,17,-7,16,-7,18,-7,18,-5,18,-6,17,-7,17,-6,16,-6,17,-6,17,-6,15,-7,15,-6,15,-7,15,-6,14,-5,13,-5,13,-7,12,-4,12,-5,11,-5,11,-5,9,-4,9,-6,8,-6,9,-7,7,-6,7,-7,5,0,0,0,0,0,0,0,0,0,0]"""
1782212762836,2026-06-23T20:06:02.836,danger,fall,lmh,bed_stand_to_lie_fall,t018,"CSI_DATA,812638,1a:00:00:00:00:00,-52,11,-98,15,34,11,214661687,47,2,256,0,""[0,0,0,0,0,0,0,0,0,0,0,0,-15,-9,-13,-11,-14,-13,-15,-14,-13,-15,-13,-17,-13,-18,-12,-20,-13,-22,-13,-21,-11,-24,-12,-24,-11,-24,-11,-26,-8,-27,-8,-27,-8,-30,-6,-29,-4,-29,-6,-28,-4,-29,-4,-31,-2,-30,-3,-31,-2,-31,-4,-29,0,-31,-1,-31,0,-28,-3,-30,0,-28,-2,-31,-1,-29,-2,-27,-4,-31,-4,-30,-4,-27,-4,-28,-3,-29,-6,-28,-6,-31,-7,-27,-7,-31,-8,-30,-5,-28,-8,-30,-8,-31,-8,-29,-10,-31,-9,-31,-8,-32,-10,-32,-7,-35,-7,-32,-10,-35,-10,-35,-8,-32,0,0,0,0,0,0,-34,7,-32,7,-31,8,-31,4,-31,5,-29,4,-28,7,-29,7,-27,5,-27,4,-24,4,-23,4,-24,7,-23,6,-23,4,-21,7,-22,8,-22,8,-21,6,-20,7,-19,8,-20,8,-18,8,-18,8,-18,8,-17,9,-17,8,-17,11,-18,10,-16,10,-16,8,-16,8,-14,9,-16,11,-14,8,-17,8,-15,8,-14,8,-16,8,-14,8,-13,7,-14,6,-13,7,-14,7,-13,4,-12,4,-13,4,-13,6,-12,2,-10,4,-11,2,-10,2,-10,2,-10,1,-10,0,-10,0,-9,0,0,0,0,0,0,0,0,0,0,0]"""
1782212762846,2026-06-23T20:06:02.846,danger,fall,lmh,bed_stand_to_lie_fall,t018,"CSI_DATA,812639,1a:00:00:00:00:00,-52,11,-98,17,34,11,214671382,47,2,256,0,""[0,0,0,0,0,0,0,0,0,0,0,0,-19,1,-17,0,-20,-1,-21,-3,-20,-4,-22,-5,-21,-6,-22,-7,-23,-8,-23,-9,-24,-10,-24,-12,-27,-10,-26,-13,-23,-16,-25,-16,-27,-16,-24,-17,-22,-17,-24,-16,-22,-16,-24,-20,-23,-20,-23,-19,-23,-20,-23,-17,-23,-20,-23,-19,-22,-20,-24,-17,-21,-16,-23,-17,-24,-17,-23,-17,-24,-16,-25,-15,-23,-14,-24,-13,-25,-13,-27,-12,-26,-13,-27,-10,-27,-10,-28,-10,-28,-11,-30,-8,-30,-10,-29,-9,-30,-10,-31,-10,-31,-8,-31,-7,-33,-11,-32,-10,-34,-8,-36,-8,-33,-7,0,0,0,0,0,0,-11,32,-10,31,-5,30,-8,30,-8,30,-8,29,-6,29,-6,30,-6,26,-6,27,-4,25,-5,25,-3,25,-3,24,-3,23,0,23,0,23,0,22,0,23,0,21,3,21,2,20,3,19,2,20,1,20,3,20,3,19,5,20,5,19,6,18,5,17,5,18,5,17,6,17,6,16,4,17,5,16,5,16,6,17,4,16,5,15,5,14,4,16,3,16,3,14,4,13,3,13,3,13,2,13,3,12,2,11,0,10,1,10,0,10,0,10,0,9,-1,10,0,0,0,0,0,0,0,0,0,0]"""
1782212762856,2026-06-23T20:06:02.856,danger,fall,lmh,bed_stand_to_lie_fall,t018,"CSI_DATA,812640,1a:00:00:00:00:00,-52,11,-98,17,34,11,214682336,47,2,256,0,""[0,0,0,0,0,0,0,0,0,0,0,0,15,10,14,10,16,13,15,14,15,16,13,16,13,16,13,18,14,20,14,22,13,22,13,22,14,23,13,26,11,25,12,27,12,26,11,29,9,27,7,27,6,30,10,28,8,30,8,29,8,30,8,28,6,29,8,29,8,30,10,28,9,28,9,28,10,27,9,27,11,28,12,27,11,26,12,26,13,26,15,26,15,25,17,24,16,24,19,26,15,23,18,24,16,25,20,23,20,26,21,26,21,25,21,25,20,27,20,26,22,26,23,26,24,25,0,0,0,0,0,0,27,-20,27,-21,23,-22,24,-20,23,-22,21,-18,21,-20,23,-20,20,-19,20,-18,17,-18,17,-16,17,-20,17,-19,16,-17,13,-18,13,-19,13,-18,13,-17,10,-18,8,-19,10,-17,8,-17,8,-18,10,-18,7,-17,6,-17,6,-19,6,-18,3,-17,6,-16,4,-17,5,-19,3,-17,4,-16,4,-16,4,-18,3,-16,3,-16,4,-16,4,-15,3,-14,3,-15,4,-15,4,-14,3,-15,5,-12,3,-13,5,-10,5,-10,3,-10,4,-10,4,-10,5,-10,4,-8,5,-6,6,-6,0,0,0,0,0,0,0,0,0,0]"""
1782212762868,2026-06-23T20:06:02.868,danger,fall,lmh,bed_stand_to_lie_fall,t018,"CSI_DATA,812641,1a:00:00:00:00:00,-52,11,-98,16,34,11,214693336,47,2,256,0,""[0,0,0,0,0,0,0,0,0,0,0,0,-8,-15,-7,-16,-7,-19,-5,-20,-3,-22,-3,-21,-1,-23,0,-22,0,-26,3,-25,3,-26,5,-25,7,-27,7,-27,11,-25,12,-27,11,-27,15,-26,15,-23,15,-25,18,-25,19,-23,19,-22,19,-23,22,-23,20,-21,22,-19,23,-21,22,-19,21,-19,22,-17,22,-19,23,-18,23,-16,23,-17,23,-18,22,-17,20,-19,23,-19,22,-20,22,-17,21,-19,23,-18,23,-20,23,-18,22,-18,24,-19,23,-19,25,-19,27,-19,27,-19,27,-19,29,-18,29,-16,30,-19,30,-17,30,-16,0,0,0,0,0,0,-11,-33,-12,-32,-11,-28,-10,-30,-10,-30,-7,-27,-8,-27,-7,-28,-7,-27,-5,-27,-6,-25,-3,-24,-7,-25,-4,-24,-5,-23,-5,-22,-7,-22,-6,-21,-3,-21,-5,-21,-7,-19,-5,-22,-6,-19,-4,-19,-3,-19,-4,-19,-4,-19,-5,-18,-4,-19,-5,-18,-6,-17,-3,-18,-3,-18,-3,-16,-3,-17,-2,-18,-1,-16,-1,-17,-1,-17,-1,-17,-1,-15,0,-16,0,-15,0,-14,1,-14,0,-13,2,-14,2,-14,3,-11,3,-11,4,-10,3,-11,3,-9,4,-8,4,-8,5,-7,6,-7,0,0,0,0,0,0,0,0,0,0]"""
1782212762880,2026-06-23T20:06:02.880,danger,fall,lmh,bed_stand_to_lie_fall,t018,"CSI_DATA,812642,1a:00:00:00:00:00,-52,11,-98,16,34,11,214704336,47,2,256,0,""[0,0,0,0,0,0,0,0,0,0,0,0,-18,0,-19,-1,-19,-3,-20,-4,-20,-6,-19,-8,-19,-9,-20,-11,-21,-13,-23,-14,-21,-16,-19,-15,-22,-18,-19,-20,-16,-22,-18,-24,-18,-23,-15,-26,-15,-24,-14,-27,-15,-27,-11,-27,-11,-27,-11,-28,-10,-30,-10,-27,-7,-28,-8,-28,-6,-30,-7,-28,-6,-27,-7,-29,-6,-29,-5,-27,-7,-30,-6,-28,-6,-28,-6,-27,-7,-28,-7,-28,-5,-27,-7,-30,-6,-30,-7,-30,-5,-28,-6,-30,-4,-30,-7,-29,-7,-30,-6,-33,-4,-32,-4,-32,-3,-33,0,-34,-3,-34,-2,-34,-2,-34,0,0,0,0,0,0,-32,-1,-33,-2,-30,-1,-30,-5,-31,-3,-28,-6,-29,-3,-30,-4,-28,-5,-26,-4,-23,-4,-23,-4,-26,-4,-25,-3,-23,-4,-22,-3,-23,-3,-23,-3,-20,-4,-21,-3,-20,-2,-20,-3,-19,-2,-20,-2,-19,-3,-19,-3,-19,-3,-19,-1,-19,-3,-18,-1,-17,-2,-19,-3,-19,-3,-18,-2,-16,-3,-18,-3,-18,-4,-17,-3,-16,-4,-15,-5,-15,-6,-14,-5,-14,-6,-12,-5,-12,-6,-11,-7,-10,-7,-11,-7,-9,-7,-8,-7,-7,-7,-7,-7,-7,-7,-7,-7,-5,-7,-3,-7,-3,-7,0,0,0,0,0,0,0,0,0,0]"""
1782212762889,2026-06-23T20:06:02.889,danger,fall,lmh,bed_stand_to_lie_fall,t018,"CSI_DATA,812643,1a:00:00:00:00:00,-52,11,-98,16,34,11,214715336,47,2,256,0,""[0,0,0,0,0,0,0,0,0,0,0,0,-18,0,-19,0,-19,0,-21,-2,-20,-3,-23,-4,-23,-4,-22,-6,-24,-7,-23,-9,-24,-8,-24,-8,-26,-11,-26,-10,-26,-14,-25,-13,-27,-13,-26,-15,-25,-15,-25,-14,-24,-16,-27,-16,-24,-16,-26,-15,-27,-18,-26,-15,-24,-16,-26,-17,-25,-15,-26,-15,-23,-14,-27,-13,-26,-15,-24,-13,-27,-12,-27,-11,-25,-11,-27,-8,-27,-9,-29,-7,-28,-7,-29,-5,-30,-5,-31,-4,-30,-6,-28,-3,-30,-4,-30,-2,-30,-3,-33,-3,-32,-2,-34,-1,-34,-4,-33,-2,-35,0,-35,0,-34,0,0,0,0,0,0,0,-1,33,0,34,0,32,0,31,0,30,0,30,1,29,0,30,1,27,1,27,1,26,0,23,3,25,3,24,4,23,5,22,6,22,6,22,5,22,7,19,10,19,8,19,8,18,7,18,7,18,8,18,9,16,11,16,10,17,11,15,11,15,11,15,10,15,11,13,11,11,11,15,10,13,11,13,10,14,10,12,10,12,10,11,10,11,9,11,7,11,9,10,7,10,7,11,7,10,5,9,7,10,6,8,5,8,4,10,4,8,3,7,2,8,0,0,0,0,0,0,0,0,0,0]"""
1782212762903,2026-06-23T20:06:02.903,danger,fall,lmh,bed_stand_to_lie_fall,t018,"CSI_DATA,812644,1a:00:00:00:00:00,-52,11,-98,16,34,11,214727803,47,2,256,0,""[0,0,0,0,0,0,0,0,0,0,0,0,-8,16,-9,15,-11,15,-13,15,-16,15,-16,13,-18,14,-19,11,-22,13,-22,12,-24,10,-24,9,-26,11,-27,7,-28,4,-29,3,-29,4,-30,1,-28,0,-30,0,-31,-3,-30,-3,-30,-3,-30,-3,-30,-6,-29,-4,-28,-8,-28,-9,-28,-10,-29,-7,-27,-9,-28,-10,-27,-11,-27,-10,-28,-8,-27,-9,-25,-9,-27,-9,-27,-10,-29,-9,-27,-10,-28,-9,-27,-10,-28,-9,-27,-11,-27,-10,-27,-12,-28,-10,-28,-13,-30,-13,-30,-14,-29,-15,-28,-16,-29,-17,-30,-18,-29,-17,-29,-16,0,0,0,0,0,0,-23,26,-23,26,-19,24,-21,22,-20,23,-20,19,-21,20,-20,19,-21,19,-20,16,-19,18,-19,15,-20,18,-19,15,-19,15,-16,15,-17,16,-16,15,-16,14,-15,15,-14,13,-16,13,-14,12,-15,14,-15,13,-15,13,-15,13,-13,13,-15,12,-12,12,-14,11,-14,11,-15,11,-14,11,-14,11,-14,9,-15,10,-14,9,-14,10,-14,7,-13,7,-14,7,-15,6,-15,5,-14,4,-12,4,-13,3,-13,4,-11,1,-11,1,-11,0,-10,0,-10,0,-11,0,-9,0,-9,-1,-7,-2,0,0,0,0,0,0,0,0,0,0]"""
1782212762913,2026-06-23T20:06:02.913,danger,fall,lmh,bed_stand_to_lie_fall,t018,"CSI_DATA,812645,1a:00:00:00:00:00,-52,11,-98,17,34,11,214737425,47,2,256,0,""[0,0,0,0,0,0,0,0,0,0,0,0,-16,-8,-16,-10,-16,-9,-17,-13,-16,-12,-16,-15,-16,-15,-16,-16,-17,-17,-17,-18,-17,-20,-17,-20,-18,-20,-19,-21,-16,-23,-16,-23,-18,-23,-16,-26,-13,-23,-16,-25,-14,-26,-15,-27,-14,-26,-16,-25,-16,-27,-15,-23,-15,-25,-16,-27,-16,-25,-16,-24,-14,-23,-18,-24,-17,-23,-17,-23,-20,-23,-20,-21,-19,-19,-22,-18,-22,-20,-23,-18,-23,-18,-25,-17,-24,-16,-27,-16,-23,-16,-25,-14,-27,-15,-27,-13,-27,-14,-30,-14,-30,-13,-30,-13,-30,-16,-30,-15,-31,-13,-32,-12,-32,-13,0,0,0,0,0,0,-13,32,-12,30,-10,31,-11,29,-10,29,-10,27,-7,28,-8,29,-7,27,-7,25,-6,25,-5,23,-3,27,-3,24,-3,24,0,23,0,23,0,22,0,22,1,20,3,21,1,20,5,19,3,19,3,20,3,19,4,18,6,17,6,17,7,16,6,16,6,17,7,16,9,16,6,15,7,16,7,16,6,14,7,15,7,14,8,13,8,13,8,13,7,13,6,13,6,11,5,11,6,11,6,10,5,10,4,10,5,9,3,9,3,10,3,9,3,9,2,9,0,0,0,0,0,0,0,0,0,0]"""
1782212762924,2026-06-23T20:06:02.924,danger,fall,lmh,bed_stand_to_lie_fall,t018,"CSI_DATA,812646,1a:00:00:00:00:00,-52,11,-98,16,34,11,214748336,47,2,256,0,""[0,0,0,0,0,0,0,0,0,0,0,0,11,-12,15,-11,14,-11,17,-11,18,-11,19,-9,19,-10,21,-8,22,-11,22,-8,24,-10,24,-9,25,-10,25,-9,27,-7,28,-7,28,-9,29,-7,29,-5,27,-7,27,-5,30,-7,30,-4,29,-7,31,-6,28,-7,29,-6,30,-7,28,-6,28,-7,26,-9,28,-9,28,-8,27,-11,29,-11,26,-12,23,-10,25,-15,25,-14,24,-15,24,-15,23,-17,24,-18,23,-19,24,-19,23,-19,23,-19,21,-21,22,-21,23,-23,23,-23,22,-23,24,-26,23,-23,23,-27,21,-27,22,-25,0,0,0,0,0,0,-25,-23,-23,-20,-26,-19,-24,-20,-23,-17,-23,-17,-23,-16,-24,-17,-22,-14,-22,-15,-21,-13,-20,-11,-23,-12,-23,-11,-22,-9,-22,-7,-23,-7,-20,-6,-22,-7,-20,-5,-21,-3,-19,-4,-19,-2,-19,-3,-19,-3,-19,0,-19,-1,-19,0,-19,0,-19,1,-17,1,-19,0,-18,1,-17,3,-18,3,-18,2,-17,2,-15,2,-16,3,-16,1,-15,2,-15,1,-15,1,-14,2,-14,1,-13,2,-13,1,-11,2,-12,0,-11,0,-11,0,-11,1,-10,1,-10,0,-9,0,-8,0,-9,0,0,0,0,0,0,0,0,0,0,0]"""
1782212762933,2026-06-23T20:06:02.933,danger,fall,lmh,bed_stand_to_lie_fall,t018,"CSI_DATA,812647,1a:00:00:00:00:00,-52,11,-98,21,33,11,214759483,47,2,256,0,""[0,0,0,0,0,0,0,0,0,0,0,0,3,16,3,18,2,18,1,21,0,21,0,22,-1,21,-3,22,-1,25,-3,24,-3,27,-3,26,-3,28,-5,27,-6,27,-7,28,-5,30,-8,30,-7,30,-8,28,-9,27,-6,28,-10,28,-7,30,-9,30,-6,30,-9,27,-7,30,-6,30,-3,30,-6,28,-4,30,-3,28,-2,29,-1,30,0,30,-1,27,1,28,2,30,3,29,3,30,6,28,6,28,8,31,6,30,7,27,9,30,10,28,12,29,13,32,14,32,13,30,13,32,13,32,16,31,16,30,16,31,0,0,0,0,0,0,30,-14,27,-15,26,-18,27,-15,26,-15,25,-15,23,-16,25,-19,22,-16,22,-16,20,-15,19,-16,18,-16,19,-18,16,-17,14,-16,15,-20,13,-18,13,-16,11,-18,10,-19,11,-18,9,-18,9,-17,8,-17,8,-17,6,-16,5,-19,5,-20,3,-18,5,-16,4,-17,3,-18,1,-17,3,-16,2,-19,3,-16,0,-16,2,-17,3,-15,2,-16,1,-15,1,-15,0,-15,1,-13,0,-13,2,-13,0,-13,2,-11,0,-11,1,-11,0,-10,1,-10,1,-10,2,-10,2,-9,2,-8,0,0,0,0,0,0,0,0,0,0]"""
1782212762943,2026-06-23T20:06:02.943,danger,fall,lmh,bed_stand_to_lie_fall,t018,"CSI_DATA,812648,1a:00:00:00:00:00,-52,11,-98,17,34,11,214770355,47,2,256,0,""[0,0,0,0,0,0,0,0,0,0,0,0,-3,-17,-2,-17,0,-19,0,-21,2,-20,6,-21,6,-20,8,-21,10,-23,13,-22,13,-22,16,-21,18,-21,20,-21,23,-16,23,-17,24,-17,27,-13,26,-10,27,-12,28,-10,30,-8,29,-5,30,-6,31,-3,29,-3,30,0,30,0,30,1,29,1,28,3,30,3,28,3,27,3,30,4,27,4,26,5,29,4,29,6,30,6,29,7,27,6,29,8,30,8,27,10,27,10,28,11,28,12,30,13,29,15,28,15,28,16,27,20,25,21,29,22,27,23,26,22,0,0,0,0,0,0,27,-20,27,-20,25,-20,27,-15,27,-16,25,-13,27,-13,27,-12,24,-11,24,-9,23,-8,23,-6,22,-7,24,-7,23,-6,20,-7,23,-6,21,-6,22,-4,20,-4,20,-4,20,-3,18,-2,19,-3,20,-2,20,-2,19,-1,18,-3,20,0,18,-2,18,0,17,1,19,0,18,0,16,0,17,3,17,3,16,3,16,4,16,4,13,5,14,5,14,6,13,7,12,6,11,6,10,8,10,7,7,7,6,7,7,8,5,8,5,9,6,10,3,9,3,8,2,9,0,0,0,0,0,0,0,0,0,0]"""
1782212762955,2026-06-23T20:06:02.955,danger,fall,lmh,bed_stand_to_lie_fall,t018,"CSI_DATA,812649,1a:00:00:00:00:00,-52,11,-98,16,34,11,214781720,47,2,256,0,""[0,0,0,0,0,0,0,0,0,0,0,0,-12,-12,-11,-15,-11,-16,-11,-18,-11,-19,-9,-19,-7,-20,-7,-21,-7,-24,-7,-23,-5,-26,-6,-26,-5,-27,-4,-27,0,-28,0,-28,0,-29,2,-29,2,-28,2,-29,3,-28,4,-30,4,-30,3,-29,5,-30,4,-29,7,-29,7,-30,5,-29,6,-29,7,-27,5,-30,5,-28,5,-27,4,-29,3,-30,3,-27,2,-28,3,-28,1,-28,3,-29,0,-28,2,-29,1,-30,1,-30,1,-30,1,-30,0,-30,0,-30,0,-33,0,-33,0,-33,0,-34,3,-32,0,-34,1,-33,2,-33,0,0,0,0,0,0,-31,-6,-33,-4,-30,-2,-30,-4,-30,-3,-29,-5,-28,-3,-29,-4,-26,-4,-26,-4,-24,-3,-24,-3,-25,0,-24,-1,-23,-3,-22,0,-23,0,-23,0,-21,0,-20,0,-20,1,-21,0,-18,0,-19,1,-18,0,-19,1,-19,1,-19,4,-18,2,-17,4,-19,1,-18,3,-16,2,-16,3,-17,1,-16,2,-17,1,-15,2,-16,2,-15,0,-14,0,-15,1,-15,1,-14,1,-14,0,-13,0,-12,0,-12,0,-11,0,-9,-1,-10,-1,-11,-2,-10,-1,-10,-2,-8,-2,-7,-3,-7,-3,0,0,0,0,0,0,0,0,0,0]"""
1782212762969,2026-06-23T20:06:02.969,danger,fall,lmh,bed_stand_to_lie_fall,t018,"CSI_DATA,812650,1a:00:00:00:00:00,-52,11,-98,16,34,11,214794199,47,2,256,0,""[0,0,0,0,0,0,0,0,0,0,0,0,-3,18,-5,17,-7,18,-9,19,-11,18,-13,17,-15,16,-17,15,-19,15,-19,15,-22,14,-22,14,-25,14,-25,11,-27,7,-28,5,-28,7,-30,2,-29,0,-28,0,-27,-2,-30,-3,-30,-4,-30,-4,-30,-6,-27,-6,-27,-10,-28,-10,-27,-11,-27,-11,-24,-13,-27,-12,-27,-13,-25,-14,-25,-14,-25,-14,-23,-14,-25,-13,-25,-15,-26,-14,-24,-15,-24,-15,-22,-17,-24,-18,-22,-17,-23,-19,-23,-20,-23,-19,-22,-22,-23,-23,-21,-23,-22,-24,-21,-26,-19,-27,-21,-28,-20,-28,-18,-30,0,0,0,0,0,0,-33,11,-30,11,-29,11,-30,7,-29,7,-27,3,-28,5,-28,5,-27,3,-27,1,-24,2,-24,1,-25,1,-25,1,-23,0,-20,0,-23,0,-22,0,-22,0,-21,0,-20,0,-20,-1,-19,0,-19,-2,-19,-2,-19,-2,-18,-2,-19,0,-18,-3,-16,0,-17,-3,-17,-3,-19,-5,-17,-4,-15,-4,-17,-5,-15,-6,-15,-7,-15,-7,-13,-7,-11,-7,-12,-7,-14,-8,-12,-7,-10,-8,-8,-7,-8,-9,-8,-8,-6,-8,-7,-9,-5,-9,-5,-9,-4,-9,-4,-11,-2,-9,-1,-7,0,-8,0,0,0,0,0,0,0,0,0,0]"""
1782212762980,2026-06-23T20:06:02.980,danger,fall,lmh,bed_stand_to_lie_fall,t018,"CSI_DATA,812651,1a:00:00:00:00:00,-52,11,-98,19,34,11,214803348,47,2,256,0,""[0,0,0,0,0,0,0,0,0,0,0,0,-19,0,-18,-1,-19,-3,-20,-5,-19,-6,-19,-7,-21,-8,-21,-11,-22,-11,-21,-13,-22,-15,-21,-14,-22,-15,-21,-18,-20,-19,-19,-21,-21,-21,-18,-21,-17,-22,-18,-22,-16,-23,-17,-26,-16,-25,-17,-26,-16,-26,-15,-25,-13,-27,-13,-26,-13,-26,-15,-26,-12,-25,-14,-26,-13,-26,-14,-25,-14,-26,-14,-25,-13,-23,-16,-24,-16,-24,-17,-24,-16,-26,-17,-24,-16,-24,-18,-26,-16,-24,-18,-24,-18,-25,-18,-24,-18,-25,-21,-26,-19,-26,-19,-26,-18,-27,-17,-27,-19,-29,-19,-29,-19,-29,0,0,0,0,0,0,-30,14,-29,13,-27,16,-27,13,-26,13,-26,11,-26,13,-26,13,-24,11,-24,10,-23,10,-22,10,-22,11,-22,10,-21,10,-18,13,-21,12,-18,11,-18,10,-18,12,-17,12,-18,10,-15,10,-16,11,-16,13,-16,10,-16,10,-14,13,-15,10,-13,13,-14,10,-14,12,-14,11,-13,10,-11,10,-15,10,-13,10,-13,10,-13,10,-12,8,-11,8,-12,8,-13,8,-12,8,-13,5,-11,6,-11,5,-11,5,-10,3,-11,3,-11,2,-9,3,-10,3,-8,2,-10,2,-9,0,-8,0,0,0,0,0,0,0,0,0,0,0]"""
1782212762992,2026-06-23T20:06:02.992,danger,fall,lmh,bed_stand_to_lie_fall,t018,"CSI_DATA,812652,1a:00:00:00:00:00,-52,11,-98,19,34,11,214814335,47,2,256,0,""[0,0,0,0,0,0,0,0,0,0,0,0,-17,0,-18,0,-19,-2,-19,-5,-20,-5,-18,-8,-21,-8,-20,-10,-21,-11,-22,-12,-21,-13,-21,-14,-22,-15,-21,-16,-19,-20,-20,-20,-21,-18,-20,-22,-18,-21,-16,-26,-18,-27,-19,-24,-16,-26,-16,-26,-17,-26,-16,-24,-13,-26,-15,-26,-14,-26,-15,-24,-13,-25,-15,-26,-15,-24,-15,-24,-16,-24,-16,-24,-16,-24,-16,-24,-16,-24,-18,-24,-16,-24,-18,-22,-17,-23,-20,-24,-17,-22,-18,-23,-19,-24,-18,-22,-20,-25,-21,-24,-20,-26,-20,-25,-19,-26,-19,-26,-21,-26,-20,-27,-21,-27,0,0,0,0,0,0,-29,18,-29,17,-26,18,-26,15,-27,16,-24,12,-24,15,-24,14,-24,13,-22,11,-21,12,-20,11,-21,14,-21,13,-19,12,-17,11,-19,13,-18,12,-18,12,-16,13,-16,14,-17,12,-14,12,-15,13,-14,12,-14,13,-13,11,-13,13,-14,13,-13,13,-13,11,-13,12,-13,13,-13,13,-12,11,-13,10,-13,11,-11,10,-13,11,-10,9,-12,9,-10,9,-12,9,-11,9,-10,8,-9,8,-11,6,-10,6,-9,6,-9,5,-9,5,-8,4,-10,2,-9,4,-10,2,-9,2,-8,1,0,0,0,0,0,0,0,0,0,0]"""
1782212763001,2026-06-23T20:06:03.001,danger,fall,lmh,bed_stand_to_lie_fall,t018,"CSI_DATA,812653,1a:00:00:00:00:00,-52,11,-98,17,34,11,214825335,47,2,256,0,""[0,0,0,0,0,0,0,0,0,0,0,0,-2,17,-4,17,-5,17,-8,19,-7,19,-11,19,-11,20,-13,17,-14,20,-15,18,-17,20,-17,19,-19,20,-19,19,-22,16,-22,16,-23,19,-25,14,-24,14,-25,15,-23,14,-27,14,-26,11,-27,13,-29,12,-26,13,-26,10,-28,10,-26,10,-27,12,-25,9,-29,11,-27,10,-26,10,-25,13,-26,12,-24,12,-24,14,-25,13,-23,14,-25,13,-23,15,-26,15,-26,16,-27,15,-25,15,-27,16,-24,15,-26,16,-27,17,-27,17,-26,18,-30,17,-29,16,-29,18,-29,17,-28,16,0,0,0,0,0,0,13,29,13,29,14,29,12,28,12,25,10,27,10,23,11,27,10,24,10,24,10,23,10,23,11,21,10,20,10,20,11,19,12,20,10,17,9,18,11,15,12,18,11,16,11,15,11,15,10,16,10,14,10,14,13,13,11,14,12,11,11,13,10,14,11,13,10,12,10,12,10,13,9,13,10,11,10,13,8,13,10,12,9,12,7,11,8,10,6,12,7,10,6,11,6,11,5,10,5,10,3,9,5,8,3,8,3,10,1,7,2,9,0,8,0,0,0,0,0,0,0,0,0,0]"""
1782212763009,2026-06-23T20:06:03.009,danger,fall,lmh,bed_stand_to_lie_fall,t018,"CSI_DATA,812654,1a:00:00:00:00:00,-52,11,-98,17,34,11,214836335,47,2,256,0,""[0,0,0,0,0,0,0,0,0,0,0,0,12,-13,13,-11,15,-12,18,-11,20,-9,20,-6,20,-6,22,-5,23,-5,26,0,25,0,27,1,27,3,27,2,27,6,27,9,28,8,27,13,23,13,24,12,23,13,25,17,24,17,23,18,23,20,22,20,20,22,21,23,17,22,18,21,15,22,19,23,16,23,16,22,17,23,16,23,14,23,16,22,14,23,16,23,15,25,15,24,14,26,15,27,12,26,13,27,12,27,13,26,12,27,13,30,11,29,11,30,9,33,7,32,8,33,8,33,6,32,0,0,0,0,0,0,32,-1,32,0,31,0,30,4,29,3,28,4,27,3,28,6,25,6,26,6,23,6,23,6,23,6,23,5,21,6,21,6,23,5,20,5,19,6,20,6,20,5,19,7,17,5,17,6,17,6,16,6,16,7,17,5,17,7,16,6,16,8,16,8,15,7,15,7,13,8,14,8,14,8,13,9,13,9,11,9,10,10,10,10,10,12,10,10,8,10,6,10,6,10,7,10,4,10,4,9,3,10,3,9,2,9,3,9,1,8,1,8,0,8,0,0,0,0,0,0,0,0,0,0]"""
1782212763023,2026-06-23T20:06:03.023,danger,fall,lmh,bed_stand_to_lie_fall,t018,"CSI_DATA,812655,1a:00:00:00:00:00,-52,11,-98,13,35,11,214847702,47,2,256,0,""[0,0,0,0,0,0,0,0,0,0,0,0,-18,0,-18,-1,-18,-3,-20,-4,-20,-7,-19,-9,-19,-10,-19,-12,-20,-14,-20,-16,-17,-16,-18,-19,-18,-20,-16,-21,-14,-24,-14,-24,-15,-24,-13,-27,-10,-27,-7,-25,-5,-28,-8,-28,-6,-30,-6,-29,-4,-30,-4,-28,-2,-28,-2,-30,0,-28,-3,-29,0,-27,0,-29,0,-27,0,-27,0,-28,0,-29,1,-27,0,-27,0,-28,0,-28,0,-29,0,-28,2,-29,1,-30,2,-28,1,-29,3,-30,3,-30,4,-29,4,-33,5,-31,6,-32,8,-33,10,-30,9,-34,7,-32,9,-31,0,0,0,0,0,0,-30,-13,-29,-14,-27,-14,-27,-15,-23,-16,-23,-16,-22,-15,-23,-16,-22,-16,-20,-16,-19,-14,-18,-14,-20,-15,-17,-14,-17,-14,-16,-13,-19,-13,-16,-13,-15,-13,-16,-13,-16,-11,-16,-13,-14,-10,-13,-10,-14,-12,-14,-11,-13,-11,-14,-10,-13,-11,-13,-10,-13,-11,-12,-11,-11,-12,-12,-10,-11,-11,-11,-12,-10,-12,-10,-11,-10,-12,-9,-12,-8,-11,-8,-12,-6,-12,-6,-10,-5,-11,-6,-11,-3,-13,-4,-10,-3,-10,-3,-11,-3,-10,-1,-10,-2,-10,0,-10,0,-8,0,-8,2,-8,0,0,0,0,0,0,0,0,0,0]"""
1782212763035,2026-06-23T20:06:03.035,danger,fall,lmh,bed_stand_to_lie_fall,t018,"CSI_DATA,812656,1a:00:00:00:00:00,-53,11,-98,13,35,11,214860837,47,2,256,0,""[0,0,0,0,0,0,0,0,0,0,0,0,-11,-13,-10,-15,-10,-15,-10,-18,-9,-17,-10,-20,-10,-19,-7,-21,-9,-23,-8,-23,-6,-24,-7,-24,-8,-25,-6,-28,-5,-27,-3,-27,-5,-29,-2,-27,-1,-27,-3,-27,-3,-27,0,-30,0,-29,-3,-29,0,-30,-3,-29,0,-29,0,-30,0,-29,-2,-28,-1,-27,-3,-30,-3,-28,-3,-27,-4,-28,-4,-28,-4,-25,-8,-27,-8,-27,-10,-27,-9,-27,-10,-26,-10,-27,-13,-28,-10,-27,-13,-26,-11,-27,-13,-25,-13,-27,-15,-29,-14,-29,-16,-27,-15,-30,-13,-28,-17,-30,-17,-27,-17,-27,0,0,0,0,0,0,-30,15,-29,16,-26,17,-25,14,-24,16,-25,15,-23,14,-23,15,-21,14,-21,13,-20,14,-19,13,-20,14,-18,14,-16,14,-14,15,-14,16,-14,16,-14,14,-13,14,-11,16,-12,15,-10,16,-10,15,-10,14,-9,16,-9,13,-8,15,-7,16,-6,16,-7,15,-6,15,-6,16,-5,16,-6,13,-6,15,-6,14,-5,15,-5,14,-5,13,-5,13,-4,13,-4,13,-5,13,-4,12,-3,10,-5,10,-4,11,-4,10,-3,9,-3,9,-4,10,-4,8,-4,8,-5,6,-4,6,-5,6,0,0,0,0,0,0,0,0,0,0]"""
1782212763046,2026-06-23T20:06:03.046,danger,fall,lmh,bed_stand_to_lie_fall,t018,"CSI_DATA,812657,1a:00:00:00:00:00,-53,11,-98,19,34,11,214869335,47,2,256,0,""[0,0,0,0,0,0,0,0,0,0,0,0,-16,5,-18,3,-19,2,-21,2,-21,1,-21,0,-23,-2,-23,-2,-24,-3,-25,-4,-25,-5,-24,-5,-26,-7,-26,-8,-26,-11,-25,-10,-27,-10,-26,-13,-24,-13,-26,-16,-26,-16,-25,-16,-25,-16,-25,-16,-25,-17,-25,-15,-23,-17,-23,-18,-24,-16,-24,-15,-23,-15,-26,-16,-24,-16,-23,-15,-25,-15,-24,-14,-22,-12,-25,-12,-25,-13,-26,-11,-26,-11,-26,-10,-26,-12,-28,-9,-27,-10,-26,-9,-28,-12,-26,-10,-28,-10,-29,-11,-30,-10,-30,-9,-31,-12,-28,-12,-33,-10,-32,-10,-31,-10,0,0,0,0,0,0,-15,30,-13,29,-10,29,-12,28,-10,26,-11,26,-9,26,-11,27,-10,23,-10,24,-10,23,-10,21,-9,22,-7,23,-8,21,-5,21,-5,22,-5,21,-6,20,-4,18,-2,20,-5,18,-2,18,-3,18,-3,18,0,18,-1,17,0,18,0,18,0,16,0,16,0,17,-1,16,0,16,0,15,0,16,0,16,0,15,-1,16,0,13,0,13,0,15,0,13,0,13,0,13,0,11,-1,12,-1,12,-2,11,-1,10,-1,10,-1,10,-2,10,-2,9,-2,8,-2,7,-2,8,0,0,0,0,0,0,0,0,0,0]"""
1782212763055,2026-06-23T20:06:03.055,danger,fall,lmh,bed_stand_to_lie_fall,t018,"CSI_DATA,812658,1a:00:00:00:00:00,-53,11,-98,14,35,11,214880335,47,2,256,0,""[0,0,0,0,0,0,0,0,0,0,0,0,0,17,-1,18,-2,18,-3,20,-3,20,-5,20,-6,20,-8,20,-9,23,-10,21,-11,23,-13,22,-12,23,-14,23,-18,23,-17,20,-17,22,-18,23,-18,20,-22,20,-22,20,-20,20,-22,19,-21,20,-23,20,-20,20,-22,17,-23,20,-20,17,-20,20,-20,17,-21,20,-20,18,-19,19,-20,20,-19,21,-17,18,-17,20,-18,21,-17,23,-17,21,-15,23,-17,24,-17,24,-17,23,-16,23,-16,24,-15,25,-15,26,-16,26,-16,26,-16,27,-19,27,-18,26,-17,29,-17,29,-17,28,0,0,0,0,0,0,24,20,24,19,25,17,23,17,22,16,22,17,22,15,22,17,20,14,22,15,19,13,18,12,22,11,18,11,19,11,19,10,20,9,17,8,18,8,18,6,19,5,18,8,17,5,16,5,17,5,17,5,17,5,17,2,17,3,16,2,16,4,17,2,16,3,14,1,15,2,15,3,15,2,14,1,16,2,14,2,14,2,14,2,13,2,11,2,11,3,11,1,11,4,11,2,11,3,9,3,10,2,8,2,8,2,8,4,7,4,7,4,5,5,0,0,0,0,0,0,0,0,0,0]"""
1782212763065,2026-06-23T20:06:03.065,danger,fall,lmh,bed_stand_to_lie_fall,t018,"CSI_DATA,812659,1a:00:00:00:00:00,-53,11,-98,18,34,11,214891335,47,2,256,0,""[0,0,0,0,0,0,0,0,0,0,0,0,18,3,16,5,17,7,17,9,17,10,17,12,17,11,17,14,19,15,20,15,17,17,18,17,20,18,18,19,16,22,17,23,17,23,14,23,14,22,14,26,14,27,14,24,14,26,14,25,14,26,14,25,11,26,11,26,12,27,14,26,11,24,14,26,14,24,14,23,16,23,15,23,14,22,15,23,17,22,18,22,16,23,18,20,16,22,19,21,17,21,19,21,20,21,20,19,21,22,21,22,22,23,20,22,20,24,20,24,23,23,22,23,22,23,0,0,0,0,0,0,25,-20,25,-20,20,-20,21,-18,22,-20,20,-16,20,-19,20,-19,18,-17,18,-15,15,-16,15,-16,15,-18,14,-17,14,-15,12,-16,11,-17,12,-17,11,-15,10,-16,8,-15,11,-14,8,-14,8,-15,9,-17,9,-14,8,-16,5,-16,7,-17,5,-14,6,-14,6,-14,6,-16,5,-15,5,-14,6,-14,5,-14,4,-14,4,-14,5,-12,4,-12,4,-11,5,-13,4,-12,4,-11,3,-11,5,-10,4,-11,5,-8,5,-8,4,-7,3,-7,5,-8,5,-8,4,-7,4,-5,5,-6,0,0,0,0,0,0,0,0,0,0]"""
1782212763076,2026-06-23T20:06:03.076,danger,fall,lmh,bed_stand_to_lie_fall,t018,"CSI_DATA,812660,1a:00:00:00:00:00,-53,11,-98,15,35,11,214902898,47,2,256,0,""[0,0,0,0,0,0,0,0,0,0,0,0,13,10,14,13,13,13,12,16,11,16,10,19,9,18,9,21,8,23,6,24,4,24,5,25,5,27,2,29,-1,29,0,28,1,27,-2,29,-3,29,-6,26,-10,29,-5,29,-10,28,-7,28,-10,28,-8,27,-12,26,-12,27,-11,26,-11,27,-11,24,-11,26,-12,26,-12,24,-11,25,-11,26,-12,24,-10,26,-11,26,-10,25,-11,25,-9,26,-10,27,-10,27,-12,26,-10,26,-12,26,-10,27,-11,26,-14,29,-13,29,-13,28,-16,28,-16,27,-17,29,-16,26,-16,27,0,0,0,0,0,0,26,21,24,19,24,18,22,20,21,18,20,18,19,17,20,19,18,18,17,18,17,16,16,16,18,16,16,16,15,15,15,13,16,13,15,13,14,15,15,13,16,11,15,13,13,10,13,11,13,12,14,10,13,10,13,10,13,10,13,8,13,10,13,11,12,10,12,9,12,9,13,10,10,10,10,9,10,9,9,10,9,10,9,10,8,10,8,8,8,10,8,9,7,10,6,8,5,9,5,8,4,8,4,8,4,8,3,8,3,8,2,7,1,8,0,0,0,0,0,0,0,0,0,0]"""
1782212763088,2026-06-23T20:06:03.088,danger,fall,lmh,bed_stand_to_lie_fall,t018,"CSI_DATA,812661,1a:00:00:00:00:00,-53,11,-98,15,35,11,214913335,47,2,256,0,""[0,0,0,0,0,0,0,0,0,0,0,0,-8,16,-8,14,-10,15,-13,15,-16,14,-16,12,-18,13,-18,11,-22,11,-23,10,-24,9,-24,8,-26,9,-26,7,-27,2,-29,2,-29,2,-29,0,-28,-1,-26,-2,-26,-5,-29,-5,-28,-7,-29,-6,-29,-8,-28,-7,-27,-10,-27,-10,-27,-12,-26,-9,-25,-11,-26,-12,-26,-12,-25,-13,-26,-12,-26,-13,-24,-11,-24,-10,-25,-13,-26,-11,-24,-12,-26,-11,-24,-12,-26,-13,-24,-13,-25,-13,-25,-15,-23,-14,-25,-15,-26,-16,-26,-16,-26,-17,-25,-20,-24,-20,-26,-19,-25,-19,-24,-20,0,0,0,0,0,0,-24,21,-23,21,-21,20,-23,18,-23,17,-23,14,-22,15,-22,15,-21,13,-21,12,-20,12,-20,11,-18,12,-20,11,-18,10,-17,12,-18,12,-17,10,-16,9,-16,10,-15,10,-16,8,-14,8,-16,9,-16,9,-15,8,-15,8,-15,10,-15,8,-13,8,-13,8,-13,7,-15,7,-13,7,-12,7,-15,5,-14,6,-13,5,-13,7,-12,4,-13,3,-12,4,-13,3,-12,2,-12,2,-10,2,-10,0,-11,2,-10,0,-10,0,-9,0,-8,0,-9,-1,-8,-1,-8,-1,-8,-2,-6,-2,0,0,0,0,0,0,0,0,0,0]"""
1782212763097,2026-06-23T20:06:03.097,danger,fall,lmh,bed_stand_to_lie_fall,t018,"CSI_DATA,812662,1a:00:00:00:00:00,-53,11,-98,15,35,11,214924335,47,2,256,0,""[0,0,0,0,0,0,0,0,0,0,0,0,-8,16,-9,14,-12,15,-12,14,-14,15,-16,13,-16,14,-18,14,-18,14,-21,15,-21,14,-21,15,-21,14,-23,13,-25,10,-26,12,-26,12,-27,12,-25,9,-26,9,-29,10,-27,8,-29,9,-28,9,-29,8,-26,9,-27,7,-27,6,-27,8,-26,9,-26,8,-26,8,-26,10,-24,9,-26,11,-25,11,-24,11,-24,12,-25,13,-23,14,-24,14,-24,15,-24,14,-24,17,-23,13,-23,17,-24,16,-22,18,-24,17,-24,20,-24,19,-24,19,-26,20,-26,18,-25,21,-24,20,-24,21,0,0,0,0,0,0,18,24,19,24,19,21,18,22,19,23,16,20,16,19,16,20,16,18,15,18,16,16,16,16,16,16,16,15,16,15,16,13,17,13,15,11,15,12,16,10,16,9,16,10,13,7,14,8,16,9,16,8,16,7,16,5,15,5,16,4,15,5,15,5,16,5,14,4,14,3,13,4,13,3,13,5,14,2,13,3,13,2,13,3,12,3,13,3,10,2,12,2,10,3,10,2,9,2,9,4,8,2,8,2,8,2,8,4,7,3,7,3,6,5,0,0,0,0,0,0,0,0,0,0]"""
1782212763108,2026-06-23T20:06:03.108,danger,fall,lmh,bed_stand_to_lie_fall,t018,"CSI_DATA,812663,1a:00:00:00:00:00,-53,11,-98,16,35,11,214935335,47,2,256,0,""[0,0,0,0,0,0,0,0,0,0,0,0,7,-16,8,-15,10,-16,13,-15,14,-14,15,-12,17,-12,18,-12,20,-14,21,-11,24,-9,24,-9,25,-9,26,-8,27,-4,27,-4,26,-4,28,-1,27,0,27,0,26,2,30,1,28,5,27,4,31,4,27,4,27,7,27,8,26,8,26,7,26,9,27,8,26,9,25,9,26,9,26,7,24,8,25,8,25,9,26,8,26,8,26,8,26,9,27,9,25,10,25,9,26,11,26,9,27,12,29,12,28,11,27,12,28,15,26,14,29,14,29,15,26,16,0,0,0,0,0,0,19,-23,19,-24,16,-24,18,-21,18,-21,19,-17,17,-19,19,-18,18,-16,17,-15,16,-16,16,-14,16,-15,16,-13,15,-14,14,-14,14,-14,14,-14,15,-12,12,-12,12,-14,13,-12,12,-12,12,-11,12,-12,12,-12,12,-11,12,-12,12,-12,11,-12,10,-9,12,-11,11,-11,10,-11,10,-9,12,-9,11,-8,10,-9,11,-9,10,-7,9,-7,10,-6,11,-7,9,-6,11,-5,9,-7,9,-4,10,-4,7,-2,8,-2,8,-2,8,-2,9,-2,9,-2,8,0,7,0,7,0,0,0,0,0,0,0,0,0,0,0]"""
1782212763120,2026-06-23T20:06:03.120,danger,fall,lmh,bed_stand_to_lie_fall,t018,"CSI_DATA,812664,1a:00:00:00:00:00,-53,11,-98,15,35,11,214946520,47,2,256,0,""[0,0,0,0,0,0,0,0,0,0,0,0,-1,-17,0,-18,0,-18,1,-20,2,-21,3,-21,2,-21,5,-21,5,-24,7,-24,7,-24,8,-24,8,-25,10,-25,11,-24,13,-25,12,-26,13,-26,14,-23,13,-24,12,-24,16,-26,16,-25,15,-24,15,-26,14,-25,16,-24,15,-25,14,-24,13,-25,14,-22,13,-25,12,-26,11,-25,10,-26,10,-25,10,-24,8,-24,9,-26,7,-26,7,-26,5,-26,6,-27,3,-29,5,-26,2,-27,3,-28,1,-29,3,-29,2,-30,1,-30,0,-30,2,-32,3,-32,0,-33,-1,-33,0,-29,0,0,0,0,0,0,-30,-2,-30,0,-28,2,-29,1,-27,0,-26,0,-26,2,-26,1,-24,2,-24,2,-21,2,-21,2,-22,4,-21,4,-20,3,-18,5,-19,7,-18,7,-18,6,-18,8,-16,8,-17,8,-14,8,-15,8,-14,8,-14,9,-14,8,-11,10,-13,10,-12,10,-11,9,-11,10,-10,10,-10,10,-10,9,-12,10,-8,10,-9,10,-10,10,-9,9,-8,10,-8,9,-8,9,-8,9,-7,9,-7,8,-8,8,-7,9,-8,6,-5,7,-5,5,-5,6,-6,7,-7,5,-5,5,-5,4,-6,5,0,0,0,0,0,0,0,0,0,0]"""
1782212763132,2026-06-23T20:06:03.132,danger,fall,lmh,bed_stand_to_lie_fall,t018,"CSI_DATA,812665,1a:00:00:00:00:00,-53,11,-97,15,35,11,214957334,47,2,256,0,""[0,0,0,0,0,0,0,0,0,0,0,0,-10,13,-13,12,-14,13,-16,11,-18,11,-18,9,-19,8,-21,7,-23,7,-24,6,-25,5,-24,4,-26,4,-26,1,-26,-2,-28,-2,-27,-2,-28,-5,-27,-5,-26,-8,-27,-10,-28,-8,-27,-10,-28,-10,-27,-11,-26,-10,-24,-12,-24,-13,-25,-15,-24,-13,-22,-13,-24,-15,-24,-14,-23,-13,-24,-13,-24,-13,-23,-14,-24,-14,-24,-14,-25,-13,-24,-14,-24,-12,-23,-13,-25,-13,-23,-13,-24,-13,-24,-16,-24,-15,-24,-15,-25,-17,-25,-17,-24,-16,-24,-20,-24,-19,-25,-20,-26,-20,-24,-19,0,0,0,0,0,0,-22,19,-23,21,-21,20,-21,18,-21,18,-21,16,-21,16,-21,16,-20,14,-19,13,-17,13,-16,12,-16,13,-17,14,-16,11,-15,11,-15,13,-16,12,-16,11,-13,11,-12,11,-14,10,-12,10,-13,10,-14,11,-12,10,-11,10,-12,11,-13,11,-10,10,-10,9,-11,10,-12,10,-11,10,-11,9,-12,8,-11,9,-10,8,-10,8,-10,6,-10,6,-10,7,-10,7,-10,6,-10,5,-9,5,-9,3,-10,4,-8,3,-8,2,-7,3,-8,2,-8,2,-9,2,-8,0,-8,1,-8,0,0,0,0,0,0,0,0,0,0,0]"""
1782212763146,2026-06-23T20:06:03.146,danger,fall,lmh,bed_stand_to_lie_fall,t018,"CSI_DATA,812666,1a:00:00:00:00:00,-54,11,-97,18,35,11,214971285,47,2,256,0,""[0,0,0,0,0,0,0,0,0,0,0,0,2,17,-1,17,-2,18,-3,19,-6,20,-8,18,-8,18,-12,19,-14,20,-14,19,-15,19,-16,17,-19,19,-21,18,-22,16,-24,15,-23,15,-26,13,-24,10,-26,12,-27,10,-29,8,-28,5,-28,6,-28,4,-28,4,-28,1,-27,1,-28,0,-26,1,-27,0,-28,0,-28,0,-26,-2,-28,-1,-27,0,-25,-2,-25,-2,-26,-2,-28,0,-27,-3,-28,0,-26,-2,-30,-2,-26,-5,-26,-4,-28,-4,-26,-4,-27,-5,-30,-6,-29,-7,-29,-7,-29,-9,-28,-12,-30,-10,-30,-10,-30,-11,0,0,0,0,0,0,-16,26,-16,25,-14,24,-14,23,-16,21,-14,20,-16,20,-17,20,-15,18,-13,15,-14,21,-7,26,-17,15,-14,16,-14,13,-12,13,-14,14,-14,13,-13,12,-14,12,-10,13,-12,12,-10,12,-12,11,-12,12,-12,12,-12,10,-10,11,-12,10,-10,11,-11,10,-12,10,-12,10,-10,9,-10,9,-12,9,-12,8,-10,8,-11,8,-10,6,-10,6,-10,5,-10,5,-11,4,-10,4,-10,5,-9,2,-10,4,-8,2,-8,1,-9,1,-8,2,-8,0,-8,0,-8,0,-7,0,-6,-1,0,0,0,0,0,0,0,0,0,0]"""
1782212763162,2026-06-23T20:06:03.162,danger,fall,lmh,bed_stand_to_lie_fall,t018,"CSI_DATA,812667,1a:00:00:00:00:00,-54,11,-97,17,35,11,214988948,47,2,256,0,""[0,0,0,0,0,0,0,0,0,0,0,0,-5,16,-6,16,-7,17,-8,19,-9,17,-11,17,-11,17,-13,19,-13,19,-13,19,-13,20,-15,19,-15,22,-17,21,-19,20,-17,19,-19,22,-20,19,-21,20,-20,17,-22,17,-20,19,-21,18,-19,22,-22,22,-18,21,-20,19,-21,21,-19,20,-18,22,-17,18,-17,23,-17,22,-15,21,-14,23,-15,23,-12,20,-11,24,-10,24,-8,24,-10,26,-6,25,-7,26,-6,26,-7,26,-4,25,-4,27,-4,26,-4,28,-3,29,-2,30,0,30,-3,31,-2,28,0,30,0,32,0,31,0,0,0,0,0,0,30,0,29,0,28,-3,26,-2,26,-2,27,-2,24,-2,25,-3,22,-4,24,-4,22,0,30,0,18,-6,20,-8,19,-8,17,-8,17,-11,15,-9,16,-8,13,-10,15,-11,14,-8,11,-11,11,-10,11,-11,11,-11,9,-11,8,-13,9,-13,6,-13,8,-12,8,-13,7,-13,7,-13,6,-12,6,-14,5,-12,5,-13,5,-13,5,-11,4,-10,4,-11,4,-11,4,-12,4,-11,2,-8,4,-10,2,-10,3,-8,2,-8,3,-9,2,-8,3,-8,2,-7,2,-8,2,-6,2,-6,0,0,0,0,0,0,0,0,0,0]"""
1782212763171,2026-06-23T20:06:03.171,danger,fall,lmh,bed_stand_to_lie_fall,t018,"CSI_DATA,812668,1a:00:00:00:00:00,-54,11,-97,17,35,11,214990537,47,2,256,0,""[0,0,0,0,0,0,0,0,0,0,0,0,17,-4,17,0,19,0,19,2,19,4,18,7,19,8,18,10,21,13,19,14,19,15,19,17,19,19,17,21,14,23,13,24,13,24,10,26,7,25,8,26,6,26,4,31,2,28,2,27,0,29,1,28,-2,28,-3,29,-4,28,-4,27,-4,25,-5,27,-6,26,-8,26,-6,26,-9,26,-8,24,-6,25,-8,26,-8,25,-11,26,-9,24,-11,24,-11,25,-13,22,-13,23,-14,23,-15,24,-15,23,-17,24,-15,22,-18,24,-20,23,-22,22,-21,22,-22,20,-21,19,0,0,0,0,0,0,13,25,13,27,12,25,8,24,11,25,8,24,7,25,6,26,5,19,3,19,6,22,3,5,6,28,1,15,2,17,2,17,2,19,3,19,2,19,2,16,3,15,0,18,1,14,0,15,0,14,0,16,0,15,0,15,0,15,1,15,0,15,0,15,-2,15,-1,14,-1,12,-2,13,-2,13,-3,11,-4,13,-6,12,-3,11,-4,11,-5,11,-5,11,-5,10,-6,9,-6,8,-4,8,-6,6,-6,6,-8,5,-6,6,-6,5,-6,5,-6,3,-6,3,-6,2,0,0,0,0,0,0,0,0,0,0]"""
1782212763185,2026-06-23T20:06:03.185,danger,fall,lmh,bed_stand_to_lie_fall,t018,"CSI_DATA,812669,1a:00:00:00:00:00,-54,11,-97,19,35,11,215010628,47,2,256,0,""[0,0,0,0,0,0,0,0,0,0,0,0,-14,-11,-12,-11,-12,-14,-10,-16,-9,-18,-7,-19,-7,-20,-5,-22,-5,-24,-3,-24,0,-25,0,-25,1,-27,3,-27,7,-25,9,-27,8,-27,12,-27,13,-24,16,-24,19,-22,16,-23,20,-21,20,-22,22,-20,20,-18,22,-16,23,-15,25,-15,23,-14,23,-12,25,-12,25,-13,25,-12,24,-13,24,-12,24,-10,24,-10,27,-9,25,-11,25,-9,25,-9,26,-7,27,-9,25,-6,25,-8,27,-6,25,-5,27,-5,30,-4,29,-3,29,-2,30,0,29,1,32,0,29,0,30,3,0,0,0,0,0,0,9,-29,9,-27,8,-26,9,-25,11,-25,10,-22,11,-23,12,-23,12,-20,11,-18,12,-18,13,-17,11,-18,12,-16,11,-16,11,-15,12,-16,11,-14,12,-13,10,-13,11,-14,11,-12,10,-11,11,-12,11,-12,11,-11,11,-11,10,-11,12,-10,10,-11,10,-9,11,-9,12,-9,11,-9,11,-7,12,-7,12,-7,11,-6,12,-6,11,-6,11,-5,11,-5,11,-3,11,-2,11,-2,11,-3,11,-1,9,-1,9,0,9,0,10,0,8,0,8,1,9,1,7,1,6,3,7,3,0,0,0,0,0,0,0,0,0,0]"""
1782212763192,2026-06-23T20:06:03.192,danger,fall,lmh,bed_stand_to_lie_fall,t018,"CSI_DATA,812670,1a:00:00:00:00:00,-54,11,-97,16,35,11,215012334,47,2,256,0,""[0,0,0,0,0,0,0,0,0,0,0,0,16,4,16,5,17,7,17,9,17,10,17,12,17,14,16,15,16,16,16,18,16,18,16,19,16,21,15,21,12,24,12,24,13,26,9,27,9,26,8,25,4,25,8,28,5,28,7,29,4,29,5,26,2,28,4,30,3,28,3,29,2,26,2,29,1,28,2,27,2,27,2,26,2,25,4,26,3,26,5,26,3,26,4,26,4,28,6,26,3,28,4,28,3,28,4,27,3,27,5,28,4,29,3,29,2,31,0,30,3,30,2,30,2,29,0,0,0,0,0,0,30,0,28,0,28,0,27,1,25,0,25,2,24,2,26,2,21,2,22,2,21,2,20,2,21,0,21,1,19,1,19,1,20,0,18,-1,17,1,17,0,17,-1,17,0,16,0,15,0,16,0,15,0,16,0,15,-3,15,-2,15,-2,14,0,15,-1,14,-1,14,-2,12,0,14,-2,12,-1,14,-1,14,0,12,1,13,0,12,0,12,0,11,0,11,0,10,0,9,0,10,2,8,2,8,1,8,1,7,1,7,2,7,3,7,2,6,2,6,2,0,0,0,0,0,0,0,0,0,0]"""
1782212763202,2026-06-23T20:06:03.202,danger,fall,lmh,bed_stand_to_lie_fall,t018,"CSI_DATA,812671,1a:00:00:00:00:00,-54,11,-97,16,35,11,215027727,47,2,256,0,""[0,0,0,0,0,0,0,0,0,0,0,0,13,-11,14,-9,16,-10,18,-9,18,-7,20,-7,21,-6,22,-4,25,-5,24,-4,25,-3,24,-2,26,-3,26,-1,26,1,29,2,29,1,29,2,26,4,27,3,26,3,29,5,29,5,27,4,29,7,27,4,28,7,27,7,27,7,27,6,26,6,27,6,26,5,26,6,27,4,26,3,26,3,26,2,26,3,26,0,26,2,26,0,26,1,29,0,26,0,26,0,28,-1,26,-1,27,0,30,0,29,0,29,-1,31,0,30,0,31,-1,30,-1,30,0,0,0,0,0,0,0,0,-29,0,-29,0,-28,0,-26,0,-26,0,-24,-1,-24,0,-26,0,-22,0,-23,-1,-21,0,-20,-1,-21,-1,-20,-2,-19,-3,-19,-4,-19,-3,-18,-3,-17,-3,-16,-5,-16,-4,-16,-4,-16,-4,-14,-4,-15,-4,-14,-5,-15,-7,-13,-6,-14,-7,-13,-6,-12,-6,-13,-6,-12,-7,-12,-6,-12,-4,-12,-6,-12,-6,-12,-7,-12,-5,-10,-6,-9,-4,-11,-4,-10,-5,-9,-4,-9,-4,-9,-4,-9,-4,-9,-3,-9,-4,-7,-4,-9,-2,-7,-2,-7,-1,-7,-2,-7,-1,-6,-1,-7,0,0,0,0,0,0,0,0,0,0]"""
1782212763213,2026-06-23T20:06:03.213,danger,fall,lmh,bed_stand_to_lie_fall,t018,"CSI_DATA,812672,1a:00:00:00:00:00,-54,11,-97,17,35,11,215034334,47,2,256,0,""[0,0,0,0,0,0,0,0,0,0,0,0,-16,-1,-17,-4,-17,-4,-19,-7,-19,-6,-18,-10,-18,-11,-17,-13,-19,-14,-18,-14,-19,-17,-18,-16,-19,-17,-18,-20,-16,-24,-15,-22,-16,-24,-15,-24,-13,-24,-13,-26,-11,-26,-12,-26,-10,-26,-11,-26,-10,-28,-10,-25,-7,-27,-8,-28,-7,-27,-8,-26,-6,-25,-8,-27,-6,-26,-8,-26,-8,-26,-7,-26,-8,-24,-10,-24,-8,-26,-9,-24,-8,-25,-10,-23,-10,-26,-11,-27,-8,-26,-8,-24,-9,-26,-9,-25,-11,-26,-11,-28,-11,-26,-10,-26,-10,-29,-8,-28,-11,-28,-11,-29,-9,-28,0,0,0,0,0,0,-29,6,-28,6,-26,7,-26,4,-25,5,-26,4,-23,4,-26,4,-23,4,-22,4,-21,3,-18,3,-21,3,-19,4,-19,4,-18,5,-18,6,-18,6,-17,5,-15,5,-16,7,-16,5,-15,7,-15,5,-15,5,-14,5,-14,4,-13,6,-14,6,-13,6,-13,6,-13,6,-13,5,-13,7,-11,5,-13,6,-12,5,-12,4,-12,5,-11,3,-10,4,-11,5,-11,4,-11,4,-11,3,-10,2,-10,2,-11,2,-9,1,-8,1,-8,1,-7,0,-8,0,-8,0,-8,1,-6,-1,-7,0,0,0,0,0,0,0,0,0,0,0]"""
1782212763222,2026-06-23T20:06:03.222,danger,fall,lmh,bed_stand_to_lie_fall,t018,"CSI_DATA,812673,1a:00:00:00:00:00,-54,11,-98,15,35,11,215045334,47,2,256,0,""[0,0,0,0,0,0,0,0,0,0,0,0,2,18,0,18,-1,18,-2,21,-5,19,-5,21,-5,20,-10,20,-10,22,-11,21,-13,22,-13,21,-13,24,-16,23,-19,21,-18,21,-20,23,-21,19,-21,17,-21,16,-22,15,-24,18,-24,15,-24,16,-25,16,-24,16,-24,14,-26,13,-25,13,-24,14,-22,13,-25,13,-24,13,-24,11,-24,13,-23,13,-22,12,-22,16,-23,13,-23,16,-23,15,-21,16,-23,15,-23,16,-23,15,-21,16,-23,16,-22,16,-23,16,-25,17,-23,17,-24,18,-26,16,-24,16,-24,18,-26,17,-25,16,0,0,0,0,0,0,13,27,12,25,14,24,11,25,13,24,10,24,11,23,10,24,10,22,8,21,9,20,8,19,10,18,8,18,9,18,10,16,10,17,9,16,8,16,10,15,10,14,9,15,9,13,8,13,9,13,10,13,8,13,10,10,9,12,10,10,9,11,10,11,10,11,10,10,10,10,9,11,8,10,8,10,8,10,8,10,7,10,7,10,8,10,7,9,5,10,6,9,5,10,5,8,4,8,3,8,4,8,3,8,2,7,2,8,3,7,1,7,1,8,0,0,0,0,0,0,0,0,0,0]"""
1782212763233,2026-06-23T20:06:03.233,danger,fall,lmh,bed_stand_to_lie_fall,t018,"CSI_DATA,812674,1a:00:00:00:00:00,-54,11,-98,15,35,11,215060545,47,2,256,0,""[0,0,0,0,0,0,0,0,0,0,0,0,10,14,9,14,10,17,10,18,7,18,6,20,8,21,6,21,5,24,5,25,3,24,1,24,4,26,2,28,0,28,-3,29,0,28,-2,31,-2,26,-2,29,-3,30,-5,29,-5,28,-5,30,-6,29,-5,29,-8,27,-7,28,-7,28,-4,26,-7,26,-5,26,-5,27,-5,26,-3,29,-4,27,-3,26,-2,26,-1,28,0,29,-1,27,-1,28,-2,28,2,29,0,26,0,27,0,28,3,27,1,29,1,29,0,29,2,30,0,31,0,30,4,32,1,30,2,30,0,0,0,0,0,0,30,0,30,0,27,-2,27,0,27,-1,25,0,26,-1,24,0,24,-1,23,-1,20,-1,21,-1,22,-4,21,-2,20,-2,18,-4,19,-5,18,-5,18,-3,17,-4,17,-6,17,-4,14,-6,14,-6,15,-5,16,-6,14,-6,13,-8,14,-7,13,-8,13,-7,13,-7,13,-6,11,-8,12,-6,13,-8,12,-8,13,-8,12,-6,10,-7,10,-5,10,-5,10,-6,10,-6,10,-6,10,-5,10,-4,8,-5,8,-3,8,-3,8,-2,8,-2,8,-5,8,-2,8,-3,7,-2,6,-1,0,0,0,0,0,0,0,0,0,0]"""
1782212763244,2026-06-23T20:06:03.244,danger,fall,lmh,bed_stand_to_lie_fall,t018,"CSI_DATA,812675,1a:00:00:00:00:00,-54,11,-98,15,35,11,215067334,47,2,256,0,""[0,0,0,0,0,0,0,0,0,0,0,0,-18,1,-17,0,-18,-2,-20,-5,-21,-6,-19,-9,-21,-9,-18,-13,-21,-13,-19,-16,-18,-18,-16,-18,-17,-21,-16,-21,-13,-23,-13,-26,-13,-26,-9,-27,-7,-26,-6,-26,-4,-26,-5,-29,-1,-29,-1,-30,0,-30,-1,-29,2,-29,2,-29,5,-29,4,-27,5,-27,5,-28,5,-28,6,-26,6,-26,7,-27,7,-24,7,-26,8,-26,7,-26,9,-25,8,-26,9,-24,9,-27,11,-24,10,-25,12,-26,11,-25,13,-24,13,-26,13,-25,14,-26,18,-26,18,-24,18,-26,18,-24,19,-24,0,0,0,0,0,0,-18,-23,-18,-23,-18,-22,-16,-23,-15,-21,-13,-22,-12,-21,-11,-24,-11,-20,-10,-21,-10,-20,-8,-19,-8,-20,-8,-18,-7,-19,-8,-18,-9,-18,-7,-17,-5,-17,-7,-16,-7,-17,-5,-16,-6,-14,-4,-14,-5,-15,-5,-16,-5,-15,-5,-14,-3,-15,-6,-13,-3,-14,-4,-15,-2,-13,-3,-13,-1,-13,-1,-15,-2,-13,0,-13,0,-14,1,-14,0,-13,1,-13,1,-11,1,-11,2,-10,2,-11,4,-10,2,-10,4,-9,4,-8,4,-7,4,-8,5,-7,3,-7,5,-5,5,-4,6,-5,0,0,0,0,0,0,0,0,0,0]"""
1782212763253,2026-06-23T20:06:03.253,danger,fall,lmh,bed_stand_to_lie_fall,t018,"CSI_DATA,812676,1a:00:00:00:00:00,-53,11,-98,16,35,11,215078364,47,2,256,0,""[0,0,0,0,0,0,0,0,0,0,0,0,17,-4,17,-4,19,-2,21,-1,20,0,20,1,22,2,23,3,23,4,24,5,25,7,24,7,26,8,26,9,24,12,24,14,25,12,24,16,23,16,21,14,21,17,24,16,23,18,23,19,22,21,22,18,20,21,20,20,20,19,21,19,19,19,21,19,20,19,20,18,22,19,19,17,19,16,21,16,20,18,22,16,21,16,23,14,22,17,25,15,21,14,23,14,24,16,24,13,25,16,26,15,24,16,24,16,26,17,24,17,27,16,28,16,26,17,0,0,0,0,0,0,18,-24,18,-22,17,-23,16,-22,16,-21,17,-19,14,-20,16,-20,15,-19,15,-19,14,-17,14,-17,12,-17,12,-17,12,-16,9,-16,11,-18,9,-16,9,-14,9,-15,8,-16,9,-15,7,-15,7,-14,7,-15,7,-14,6,-15,4,-15,5,-14,4,-14,4,-13,4,-15,6,-15,3,-14,4,-14,6,-13,4,-13,4,-12,5,-14,4,-12,4,-13,5,-12,6,-11,4,-10,4,-10,4,-10,4,-9,4,-9,4,-7,4,-8,4,-7,5,-7,4,-6,5,-7,5,-6,4,-4,6,-3,0,0,0,0,0,0,0,0,0,0]"""
1782212763263,2026-06-23T20:06:03.263,danger,fall,lmh,bed_stand_to_lie_fall,t018,"CSI_DATA,812677,1a:00:00:00:00:00,-53,11,-98,16,35,11,215089346,47,2,256,0,""[0,0,0,0,0,0,0,0,0,0,0,0,0,-17,2,-18,3,-18,5,-19,7,-19,9,-19,10,-19,13,-18,14,-19,16,-19,17,-19,18,-17,21,-19,22,-15,25,-14,26,-11,26,-12,28,-9,26,-7,26,-5,26,-3,29,-4,29,-2,29,-2,30,0,29,-1,28,2,29,2,28,4,28,4,26,4,28,4,27,5,26,6,27,5,26,6,25,6,26,6,26,7,26,4,26,8,26,6,25,8,27,8,24,8,26,9,26,10,26,8,28,11,29,12,27,12,26,12,26,16,26,17,28,15,26,16,26,16,0,0,0,0,0,0,22,-21,21,-20,19,-20,21,-18,21,-19,21,-15,21,-15,21,-14,21,-12,20,-11,19,-12,18,-11,19,-11,18,-12,17,-10,16,-11,16,-12,16,-10,16,-9,16,-8,15,-9,16,-7,14,-8,15,-7,16,-7,14,-7,14,-6,13,-8,15,-7,14,-7,13,-6,14,-5,14,-5,15,-5,14,-4,14,-3,14,-2,14,-2,14,-2,13,-1,12,-1,12,-1,12,-1,13,0,12,0,11,0,10,2,9,1,9,1,9,2,9,2,9,2,7,4,8,2,7,4,6,4,5,5,0,0,0,0,0,0,0,0,0,0]"""
1782212763273,2026-06-23T20:06:03.273,danger,fall,lmh,bed_stand_to_lie_fall,t018,"CSI_DATA,812678,1a:00:00:00:00:00,-53,11,-97,17,35,11,215100333,47,2,256,0,""[0,0,0,0,0,0,0,0,0,0,0,0,15,-8,16,-6,19,-4,19,-4,21,-3,21,-2,22,-1,22,0,24,0,24,2,26,3,25,3,28,3,27,4,26,8,26,8,28,8,27,10,25,11,26,10,26,12,26,13,25,13,26,13,26,15,25,13,24,15,26,14,24,15,25,13,22,15,24,14,24,13,24,15,24,12,24,12,24,12,24,11,24,13,26,9,26,11,24,8,26,9,27,9,25,11,26,8,26,9,27,7,28,8,29,10,28,8,28,9,30,10,28,11,32,9,28,9,30,11,0,0,0,0,0,0,13,-28,11,-27,8,-26,11,-25,11,-25,10,-24,10,-23,10,-24,10,-22,8,-22,7,-21,7,-19,6,-21,7,-21,6,-19,4,-19,4,-21,5,-19,4,-18,4,-17,2,-18,3,-17,2,-17,2,-17,3,-17,2,-16,1,-15,0,-16,0,-15,0,-15,0,-15,0,-16,0,-15,0,-15,0,-13,1,-15,0,-14,0,-14,0,-14,0,-12,0,-13,0,-13,2,-13,0,-12,1,-11,0,-11,1,-10,1,-10,2,-11,2,-8,2,-9,2,-8,4,-7,2,-6,2,-7,2,-6,3,-6,0,0,0,0,0,0,0,0,0,0]"""
1782212763285,2026-06-23T20:06:03.285,danger,fall,lmh,bed_stand_to_lie_fall,t018,"CSI_DATA,812679,1a:00:00:00:00:00,-53,11,-98,15,35,11,215111333,47,2,256,0,""[0,0,0,0,0,0,0,0,0,0,0,0,-12,-12,-12,-13,-10,-15,-11,-16,-10,-17,-9,-18,-8,-21,-7,-21,-8,-24,-6,-23,-7,-25,-6,-25,-8,-26,-4,-28,-1,-28,0,-27,-2,-29,0,-29,0,-27,1,-30,1,-28,3,-29,3,-29,2,-29,2,-28,2,-29,5,-28,5,-28,5,-27,3,-28,4,-26,2,-29,4,-28,2,-26,2,-29,2,-27,2,-27,0,-27,0,-27,-2,-26,0,-27,-2,-27,0,-27,-2,-28,0,-29,-2,-28,-2,-28,-2,-27,-2,-28,-3,-30,-4,-29,-3,-29,-2,-32,0,-29,-2,-32,-3,-30,-2,-30,0,0,0,0,0,0,-32,0,-30,1,-28,2,-28,0,-27,2,-26,0,-26,2,-27,1,-24,0,-24,0,-22,2,-21,1,-23,1,-21,2,-21,2,-19,5,-21,4,-19,5,-18,2,-18,5,-18,5,-18,5,-16,5,-17,4,-16,5,-16,5,-16,5,-14,6,-14,7,-14,7,-13,6,-14,6,-13,6,-13,7,-12,5,-14,6,-13,5,-12,6,-13,5,-12,4,-11,5,-11,5,-11,5,-10,5,-11,5,-10,3,-10,3,-10,4,-9,2,-9,1,-8,2,-8,1,-8,2,-9,1,-8,1,-8,1,-7,0,0,0,0,0,0,0,0,0,0,0]"""
1782212763300,2026-06-23T20:06:03.300,danger,fall,lmh,bed_stand_to_lie_fall,t018,"CSI_DATA,812680,1a:00:00:00:00:00,-53,11,-98,18,34,11,215124878,47,2,256,0,""[0,0,0,0,0,0,0,0,0,0,0,0,-14,-8,-14,-10,-16,-11,-14,-13,-16,-14,-14,-14,-14,-16,-14,-17,-14,-19,-15,-20,-14,-20,-14,-20,-15,-23,-14,-23,-11,-23,-13,-24,-14,-24,-11,-26,-11,-25,-8,-26,-8,-29,-10,-26,-11,-26,-11,-27,-11,-27,-12,-25,-10,-26,-11,-25,-10,-26,-11,-24,-11,-24,-12,-25,-12,-25,-11,-23,-14,-23,-14,-23,-14,-21,-16,-21,-16,-21,-18,-21,-17,-20,-19,-19,-17,-20,-20,-20,-17,-19,-20,-18,-20,-20,-20,-17,-20,-17,-21,-19,-23,-19,-23,-17,-24,-19,-23,-20,-26,-17,-25,-18,-24,-17,0,0,0,0,0,0,-17,23,-19,24,-14,24,-16,22,-14,23,-14,21,-13,23,-12,22,-11,22,-12,19,-10,20,-10,19,-8,21,-8,20,-8,20,-5,19,-5,20,-4,18,-5,18,-4,18,-1,17,-3,17,-2,16,-2,17,-2,17,0,17,0,17,0,17,0,17,2,16,1,15,0,15,2,16,1,14,1,14,0,15,1,14,2,14,2,14,1,14,2,13,1,12,1,12,2,12,2,12,1,11,0,11,2,9,1,8,2,8,0,8,0,9,0,8,0,8,0,8,0,8,0,8,0,0,0,0,0,0,0,0,0,0]"""
1782212763308,2026-06-23T20:06:03.308,danger,fall,lmh,bed_stand_to_lie_fall,t018,"CSI_DATA,812681,1a:00:00:00:00:00,-53,11,-98,16,35,11,215133333,47,2,256,0,""[0,0,0,0,0,0,0,0,0,0,0,0,15,7,14,9,16,13,14,12,14,16,12,16,12,16,12,19,13,20,12,21,11,22,11,22,11,24,12,25,8,25,8,28,9,26,8,29,6,25,5,28,4,30,4,28,4,29,5,29,4,29,4,27,3,28,2,28,3,28,4,25,3,26,4,26,4,26,4,26,5,27,5,26,4,26,7,25,7,25,9,25,8,25,10,25,8,25,12,26,9,24,11,24,10,26,11,24,12,25,14,29,12,26,13,26,12,28,12,28,14,27,14,26,14,27,0,0,0,0,0,0,29,-12,29,-11,24,-12,25,-9,25,-12,23,-10,24,-12,24,-10,23,-9,20,-9,19,-9,18,-9,19,-10,19,-11,18,-9,16,-11,16,-11,16,-12,16,-9,14,-11,14,-12,15,-12,11,-11,12,-11,13,-12,13,-11,12,-11,9,-12,10,-12,10,-12,10,-11,9,-12,10,-13,9,-12,8,-10,9,-11,9,-12,9,-10,9,-11,7,-10,8,-9,8,-9,8,-8,8,-9,8,-7,7,-7,7,-5,9,-7,6,-5,7,-6,7,-6,6,-6,6,-6,7,-3,7,-5,7,-3,7,-3,0,0,0,0,0,0,0,0,0,0]"""
1782212763316,2026-06-23T20:06:03.316,danger,fall,lmh,bed_stand_to_lie_fall,t018,"CSI_DATA,812682,1a:00:00:00:00:00,-53,11,-98,16,35,11,215144904,47,2,256,0,""[0,0,0,0,0,0,0,0,0,0,0,0,17,-1,16,0,18,2,19,4,19,5,19,7,20,7,18,10,21,12,21,12,19,15,20,14,21,16,18,18,18,20,18,21,19,21,15,24,15,24,12,24,12,24,13,26,12,26,10,26,9,26,9,25,7,26,8,27,7,26,9,26,6,24,9,27,7,25,7,26,9,24,8,25,7,25,7,24,7,24,8,24,7,26,8,24,7,26,9,26,7,26,9,24,8,26,9,25,8,25,9,27,7,29,7,29,5,30,4,29,7,29,6,30,7,29,0,0,0,0,0,0,29,-1,29,0,28,-4,27,-1,27,0,25,0,24,0,26,0,24,1,23,2,22,0,21,2,21,0,21,1,21,1,20,1,20,0,19,0,19,1,18,0,18,0,18,0,17,0,16,0,16,0,17,0,16,0,15,-1,16,0,15,-1,15,0,15,0,14,0,15,-1,14,0,15,0,14,0,14,0,14,0,12,0,12,0,13,2,12,2,12,1,12,1,11,2,9,3,10,2,9,4,8,3,9,4,8,4,7,4,7,3,6,4,5,4,4,5,0,0,0,0,0,0,0,0,0,0]"""
1782212763330,2026-06-23T20:06:03.330,danger,fall,lmh,bed_stand_to_lie_fall,t018,"CSI_DATA,812683,1a:00:00:00:00:00,-54,11,-98,18,35,11,215155333,47,2,256,0,""[0,0,0,0,0,0,0,0,0,0,0,0,-16,1,-18,0,-19,0,-20,-1,-19,-2,-20,-4,-20,-5,-20,-6,-23,-6,-21,-8,-22,-10,-22,-9,-24,-10,-23,-12,-22,-14,-22,-14,-24,-14,-22,-16,-21,-16,-22,-18,-22,-19,-21,-18,-20,-18,-21,-18,-21,-18,-22,-17,-20,-19,-21,-20,-20,-19,-20,-16,-18,-16,-20,-18,-21,-16,-20,-16,-20,-16,-21,-14,-20,-14,-21,-12,-22,-14,-24,-12,-23,-12,-23,-11,-23,-12,-24,-10,-21,-11,-24,-10,-25,-12,-24,-9,-25,-10,-26,-10,-26,-10,-27,-10,-27,-11,-25,-12,-29,-9,-29,-11,-28,-10,0,0,0,0,0,0,-13,27,-10,26,-9,26,-10,25,-10,24,-10,23,-7,23,-9,24,-8,22,-8,21,-8,20,-6,20,-5,21,-6,20,-5,18,-4,18,-3,20,-2,19,-4,18,-2,17,0,18,-1,18,0,17,0,16,-1,16,0,16,0,15,0,16,2,16,2,14,1,15,2,15,0,14,2,13,1,13,0,14,1,15,1,13,2,14,1,13,2,10,2,12,2,12,2,12,0,11,2,10,0,10,1,10,1,9,1,8,0,8,0,8,0,8,-1,9,0,7,0,7,0,7,0,0,0,0,0,0,0,0,0,0]"""
1782212763344,2026-06-23T20:06:03.344,danger,fall,lmh,bed_stand_to_lie_fall,t018,"CSI_DATA,812684,1a:00:00:00:00:00,-54,11,-98,14,36,11,215168258,47,2,256,0,""[0,0,0,0,0,0,0,0,0,0,0,0,-16,-5,-16,-6,-17,-7,-16,-11,-14,-12,-15,-14,-13,-15,-13,-17,-14,-18,-12,-18,-12,-20,-11,-21,-10,-24,-10,-23,-6,-24,-6,-26,-6,-26,-4,-27,-1,-26,-2,-26,1,-25,0,-27,2,-28,2,-27,3,-28,2,-26,5,-27,5,-28,6,-26,4,-26,6,-25,6,-26,6,-24,7,-24,6,-26,5,-24,6,-23,6,-23,6,-24,5,-25,6,-24,5,-24,7,-25,6,-25,7,-24,6,-25,8,-24,6,-26,8,-25,7,-27,8,-25,9,-27,12,-26,12,-26,12,-28,10,-27,12,-26,0,0,0,0,0,0,-23,-17,-23,-16,-22,-14,-22,-15,-21,-14,-18,-16,-19,-16,-20,-15,-16,-15,-16,-14,-16,-13,-15,-14,-17,-14,-16,-13,-14,-14,-14,-13,-15,-12,-14,-11,-14,-12,-13,-12,-13,-11,-12,-12,-11,-9,-11,-10,-12,-10,-11,-11,-12,-11,-12,-8,-12,-10,-12,-9,-10,-10,-11,-10,-10,-9,-10,-8,-10,-9,-10,-10,-9,-9,-8,-9,-9,-9,-7,-10,-8,-9,-6,-8,-6,-9,-6,-9,-5,-8,-5,-9,-4,-9,-4,-8,-4,-8,-2,-8,-2,-8,-2,-7,-2,-8,-1,-8,-1,-7,-1,-8,0,-6,0,0,0,0,0,0,0,0,0,0]"""
1782212763362,2026-06-23T20:06:03.362,danger,fall,lmh,bed_stand_to_lie_fall,t018,"CSI_DATA,812685,1a:00:00:00:00:00,-54,11,-98,21,35,11,215186316,47,2,256,0,""[0,0,0,0,0,0,0,0,0,0,0,0,-15,-4,-14,-4,-16,-7,-17,-8,-16,-9,-16,-10,-15,-11,-15,-12,-17,-13,-18,-14,-17,-15,-17,-15,-17,-16,-17,-17,-14,-20,-16,-20,-17,-19,-14,-23,-14,-20,-11,-22,-11,-22,-15,-22,-14,-23,-13,-23,-14,-23,-14,-21,-11,-23,-13,-23,-12,-23,-12,-21,-11,-22,-12,-22,-13,-21,-12,-21,-15,-20,-14,-20,-14,-19,-15,-18,-15,-19,-17,-18,-15,-19,-17,-17,-17,-17,-19,-17,-17,-17,-18,-15,-19,-16,-17,-14,-20,-15,-22,-18,-20,-17,-20,-15,-20,-17,-20,-19,-23,-17,-23,-15,-22,-17,0,0,0,0,0,0,-18,20,-18,21,-15,21,-15,19,-15,19,-15,17,-15,19,-14,20,-14,17,-14,15,-11,16,-10,15,-11,17,-11,17,-10,16,-7,15,-7,16,-8,15,-7,15,-7,15,-5,15,-7,14,-4,14,-4,14,-6,15,-3,14,-4,13,-3,14,-3,15,-1,14,-2,12,-1,14,-3,13,-1,13,-1,12,-1,12,-1,12,-1,12,-1,11,0,11,-1,10,-1,10,-1,11,-1,11,0,10,0,9,-1,8,-1,9,0,7,-1,9,0,7,-1,7,-1,7,-1,7,-3,6,-2,6,-2,6,0,0,0,0,0,0,0,0,0,0]"""
1782212763372,2026-06-23T20:06:03.372,danger,fall,lmh,bed_stand_to_lie_fall,t018,"CSI_DATA,812686,1a:00:00:00:00:00,-54,11,-98,15,36,11,215188333,47,2,256,0,""[0,0,0,0,0,0,0,0,0,0,0,0,-14,-5,-14,-7,-15,-8,-16,-11,-15,-10,-14,-13,-14,-14,-14,-14,-15,-15,-13,-16,-14,-18,-14,-18,-16,-18,-14,-19,-13,-22,-13,-21,-14,-22,-12,-24,-12,-24,-11,-21,-9,-22,-12,-24,-8,-22,-12,-24,-11,-25,-12,-23,-11,-23,-9,-24,-10,-23,-11,-23,-10,-21,-12,-23,-10,-23,-11,-21,-12,-22,-11,-20,-12,-18,-13,-19,-16,-20,-16,-17,-16,-19,-16,-16,-16,-18,-18,-17,-16,-19,-17,-18,-18,-18,-18,-17,-19,-17,-20,-17,-21,-17,-21,-16,-20,-18,-20,-16,-22,-17,-23,-17,-22,-16,0,0,0,0,0,0,-18,20,-17,19,-16,22,-16,19,-14,18,-16,18,-13,18,-14,19,-12,17,-14,16,-11,17,-11,15,-9,17,-9,16,-9,16,-7,16,-7,17,-6,17,-7,15,-5,14,-4,16,-5,14,-3,15,-5,14,-4,14,-3,14,-3,12,-1,14,-1,14,0,14,0,12,-2,13,-1,14,0,12,0,12,0,14,0,13,0,13,0,12,0,11,0,11,0,11,1,11,1,11,0,9,1,8,0,9,0,9,0,8,0,9,0,8,0,7,0,7,0,7,-1,6,0,6,-1,6,0,0,0,0,0,0,0,0,0,0]"""
1782212763381,2026-06-23T20:06:03.381,danger,fall,lmh,bed_stand_to_lie_fall,t018,"CSI_DATA,812687,1a:00:00:00:00:00,-55,11,-98,16,36,11,215199333,47,2,256,0,""[0,0,0,0,0,0,0,0,0,0,0,0,-6,13,-8,12,-10,13,-11,14,-12,13,-13,13,-13,13,-15,12,-16,13,-17,13,-17,13,-18,14,-19,13,-20,13,-21,10,-22,12,-22,11,-24,10,-23,9,-22,7,-23,7,-24,10,-25,9,-23,10,-24,9,-22,10,-24,9,-23,8,-24,8,-22,10,-22,8,-23,10,-22,9,-20,9,-20,11,-21,11,-20,11,-19,12,-20,13,-19,13,-18,13,-19,15,-19,13,-18,17,-17,15,-17,16,-17,17,-16,17,-17,19,-18,20,-17,19,-18,20,-18,20,-18,20,-17,22,-17,20,-15,22,0,0,0,0,0,0,20,18,20,18,19,15,19,17,20,16,18,15,18,15,17,13,17,12,16,11,16,11,15,10,17,10,16,9,15,10,16,7,17,6,15,7,15,6,15,5,15,4,15,5,13,3,13,5,14,3,14,2,14,2,13,0,13,2,13,0,13,1,13,0,13,0,11,0,12,0,11,0,12,0,12,0,11,0,10,0,10,0,10,-1,10,0,10,-1,8,0,10,0,8,0,8,0,7,0,7,0,7,0,7,0,6,0,7,-1,6,0,6,1,6,1,0,0,0,0,0,0,0,0,0,0]"""
1782212763389,2026-06-23T20:06:03.389,danger,fall,lmh,bed_stand_to_lie_fall,t018,"CSI_DATA,812688,1a:00:00:00:00:00,-57,11,-98,18,38,11,215210333,47,2,256,0,""[0,0,0,0,0,0,0,0,0,0,0,0,4,-15,6,-15,7,-15,10,-15,10,-14,12,-14,13,-13,15,-13,16,-14,17,-13,18,-12,19,-11,21,-12,22,-10,23,-8,22,-8,23,-8,24,-6,23,-5,26,-3,26,-2,26,-1,25,-1,24,-1,26,0,24,0,25,1,26,1,24,1,24,1,22,2,24,2,24,2,23,1,24,1,24,0,22,3,23,1,22,2,23,0,24,3,23,0,24,1,24,0,22,2,22,1,24,2,23,2,25,2,25,3,26,3,26,2,26,5,25,5,27,4,25,5,26,3,0,0,0,0,0,0,8,-24,9,-26,8,-23,9,-22,8,-21,8,-20,8,-20,9,-20,9,-19,9,-18,8,-17,8,-16,8,-17,8,-16,7,-15,7,-15,7,-15,8,-15,8,-14,6,-13,5,-14,7,-15,5,-12,6,-12,6,-12,6,-12,5,-11,5,-12,5,-11,4,-11,5,-10,5,-11,5,-11,4,-11,4,-10,6,-9,5,-10,5,-9,5,-9,5,-8,4,-8,5,-8,5,-8,4,-8,5,-7,4,-7,4,-6,4,-6,4,-5,5,-5,5,-5,4,-5,6,-3,5,-2,5,-5,4,-3,4,-3,0,0,0,0,0,0,0,0,0,0]"""
1782212763399,2026-06-23T20:06:03.399,danger,fall,lmh,bed_stand_to_lie_fall,t018,"CSI_DATA,812689,1a:00:00:00:00:00,-57,11,-98,17,38,11,215221366,47,2,256,0,""[0,0,0,0,0,0,0,0,0,0,0,0,7,13,5,14,5,15,5,17,4,18,3,17,4,18,3,19,3,21,2,21,1,22,0,21,1,23,0,23,-1,23,-1,25,0,25,-2,24,-3,22,-1,24,-1,24,-3,26,-3,24,-2,24,-3,26,-2,24,-3,23,-2,24,-3,24,0,23,-2,22,-1,23,0,23,0,22,0,23,0,22,1,22,2,21,1,23,5,22,4,22,6,22,5,24,7,24,5,21,8,21,6,22,9,22,9,22,10,24,9,23,11,23,9,24,8,24,10,25,12,23,12,22,0,0,0,0,0,0,23,-11,24,-12,20,-12,20,-10,20,-12,19,-10,19,-11,18,-11,18,-10,17,-9,15,-11,15,-11,14,-11,14,-12,15,-10,12,-11,11,-12,11,-12,11,-10,11,-11,9,-12,9,-12,7,-11,7,-11,8,-11,7,-10,7,-11,5,-11,5,-11,4,-10,5,-11,5,-11,4,-12,3,-10,3,-10,3,-10,2,-11,2,-9,2,-9,2,-9,2,-8,1,-9,2,-9,0,-9,1,-8,1,-7,2,-7,1,-8,1,-6,0,-6,2,-6,1,-5,1,-6,0,-5,1,-6,1,-5,2,-4,0,0,0,0,0,0,0,0,0,0]"""
1782212763410,2026-06-23T20:06:03.410,danger,fall,lmh,bed_stand_to_lie_fall,t018,"CSI_DATA,812690,1a:00:00:00:00:00,-57,11,-98,19,38,11,215233615,47,2,256,0,""[0,0,0,0,0,0,0,0,0,0,0,0,-15,2,-15,0,-16,-1,-17,-3,-17,-4,-18,-6,-18,-7,-16,-9,-19,-8,-17,-11,-18,-13,-16,-13,-18,-15,-17,-17,-16,-17,-15,-19,-16,-20,-13,-20,-11,-21,-13,-22,-11,-21,-9,-23,-7,-23,-8,-23,-5,-25,-5,-23,-4,-23,-5,-24,-4,-24,-5,-23,-3,-22,-4,-24,-4,-23,-1,-23,-3,-23,-3,-23,-2,-22,-3,-23,-2,-22,-3,-22,-2,-23,-4,-22,-2,-23,-4,-24,-1,-24,-1,-24,0,-23,-2,-23,0,-24,0,-26,-1,-26,0,-25,1,-25,3,-27,0,-26,0,-26,3,-25,0,0,0,0,0,0,-25,-7,-24,-7,-24,-4,-22,-8,-22,-7,-20,-8,-20,-6,-21,-7,-19,-8,-18,-9,-18,-8,-16,-8,-17,-7,-16,-8,-14,-8,-16,-7,-16,-6,-15,-6,-13,-8,-14,-6,-12,-5,-14,-6,-13,-5,-12,-5,-11,-6,-11,-5,-11,-7,-11,-4,-11,-5,-11,-5,-10,-6,-10,-6,-10,-5,-10,-4,-9,-5,-9,-5,-9,-5,-9,-5,-7,-5,-7,-6,-7,-6,-7,-6,-7,-5,-6,-4,-5,-5,-5,-5,-5,-5,-6,-5,-4,-5,-4,-5,-4,-5,-3,-4,-3,-4,-3,-5,-3,-5,-2,-5,-1,-4,0,0,0,0,0,0,0,0,0,0]"""
1782212763419,2026-06-23T20:06:03.419,danger,fall,lmh,bed_stand_to_lie_fall,t018,"CSI_DATA,812691,1a:00:00:00:00:00,-57,11,-98,18,38,11,215243332,47,2,256,0,""[0,0,0,0,0,0,0,0,0,0,0,0,-11,-9,-10,-12,-8,-13,-8,-16,-7,-16,-5,-17,-4,-18,-3,-18,-2,-20,0,-20,1,-22,2,-21,3,-23,5,-23,9,-22,9,-21,10,-22,13,-20,15,-19,14,-19,15,-17,18,-17,18,-15,19,-16,21,-15,19,-14,21,-11,22,-12,22,-10,21,-10,21,-8,23,-9,22,-8,22,-8,23,-8,22,-6,20,-6,22,-6,23,-5,23,-5,23,-4,21,-5,23,-3,24,-4,24,-1,23,-1,24,0,22,-1,24,0,26,1,25,1,26,2,26,4,24,6,26,4,26,6,26,7,0,0,0,0,0,0,13,-23,14,-21,12,-21,13,-19,13,-18,14,-17,14,-16,16,-16,15,-13,15,-13,13,-12,14,-10,14,-11,15,-11,14,-10,12,-10,14,-10,13,-10,14,-8,12,-8,13,-8,13,-7,11,-6,12,-6,12,-6,12,-6,12,-4,11,-6,12,-5,10,-5,10,-3,11,-3,11,-2,10,-2,10,-1,10,-2,10,0,10,-1,11,0,8,0,8,0,8,0,9,0,8,0,7,0,7,0,7,2,7,1,7,1,6,1,6,2,5,1,5,2,5,2,3,2,4,3,4,4,0,0,0,0,0,0,0,0,0,0]"""
1782212763431,2026-06-23T20:06:03.431,danger,fall,lmh,bed_stand_to_lie_fall,t018,"CSI_DATA,812692,1a:00:00:00:00:00,-57,11,-98,13,39,11,215254929,47,2,256,0,""[0,0,0,0,0,0,0,0,0,0,0,0,-10,6,-11,4,-13,4,-14,3,-15,2,-15,0,-15,0,-16,0,-17,-1,-17,-2,-17,-4,-18,-5,-17,-5,-18,-7,-17,-10,-17,-11,-17,-10,-16,-12,-15,-13,-14,-14,-14,-14,-13,-16,-12,-16,-12,-16,-12,-18,-11,-16,-9,-18,-9,-17,-8,-18,-8,-17,-7,-18,-8,-18,-7,-18,-7,-17,-7,-18,-6,-18,-6,-17,-7,-17,-7,-18,-7,-18,-6,-18,-7,-17,-5,-18,-7,-19,-5,-18,-5,-18,-4,-18,-5,-18,-4,-19,-4,-21,-4,-20,-3,-21,-2,-22,-1,-21,-1,-22,-2,-22,-1,-22,0,0,0,0,0,0,-22,-2,-20,-3,-19,-2,-19,-4,-19,-4,-18,-5,-18,-4,-18,-6,-16,-5,-16,-6,-15,-6,-14,-5,-15,-5,-14,-5,-14,-6,-13,-5,-13,-4,-12,-5,-12,-6,-12,-5,-12,-4,-11,-6,-10,-5,-10,-5,-10,-5,-10,-5,-10,-5,-10,-4,-9,-5,-9,-3,-9,-5,-9,-5,-8,-5,-8,-4,-7,-5,-7,-5,-7,-5,-6,-5,-7,-5,-6,-5,-5,-5,-5,-5,-5,-5,-4,-5,-4,-5,-4,-5,-3,-5,-4,-5,-3,-5,-2,-5,-2,-5,-2,-5,-2,-4,-2,-4,-1,-4,-1,-4,0,-4,0,0,0,0,0,0,0,0,0,0]"""
1782212763439,2026-06-23T20:06:03.439,danger,fall,lmh,bed_stand_to_lie_fall,t018,"CSI_DATA,812693,1a:00:00:00:00:00,-57,11,-98,17,38,11,215265332,47,2,256,0,""[0,0,0,0,0,0,0,0,0,0,0,0,14,-4,16,-2,16,-1,18,0,17,1,18,3,18,4,18,7,18,7,18,10,19,11,18,12,18,14,18,16,15,19,15,18,16,19,13,21,11,22,8,22,6,23,7,24,6,24,6,25,4,25,4,23,2,24,0,25,0,24,1,24,0,23,0,25,-2,24,-2,23,-2,25,-3,23,-3,21,-2,23,-4,22,-2,24,-5,23,-3,23,-4,23,-6,25,-7,24,-8,23,-8,24,-8,22,-8,21,-11,24,-11,24,-11,23,-14,23,-14,21,-14,23,-17,22,-17,19,0,0,0,0,0,0,17,21,16,20,16,19,12,20,11,19,10,21,11,18,9,20,7,18,7,19,6,19,6,18,5,18,6,17,4,18,4,16,5,17,5,15,2,16,3,15,2,16,2,16,2,14,1,14,1,14,1,14,0,13,1,12,0,13,0,13,0,12,0,13,0,11,0,12,0,10,0,12,-1,10,-2,10,-2,10,-3,9,-2,8,-3,9,-3,8,-2,8,-2,7,-2,6,-3,7,-3,6,-4,5,-3,6,-4,6,-3,4,-3,4,-3,3,-3,3,-3,2,-5,2,0,0,0,0,0,0,0,0,0,0]"""
1782212763450,2026-06-23T20:06:03.450,danger,fall,lmh,bed_stand_to_lie_fall,t018,"CSI_DATA,812694,1a:00:00:00:00:00,-55,11,-98,17,36,11,215276360,47,2,256,0,""[0,0,0,0,0,0,0,0,0,0,0,0,7,15,4,14,4,17,3,17,1,19,-1,18,-2,19,-4,20,-4,22,-7,21,-8,20,-8,20,-11,22,-13,21,-15,19,-17,18,-17,19,-19,16,-18,14,-20,15,-22,12,-23,11,-22,10,-23,10,-25,8,-23,9,-24,6,-24,4,-25,4,-25,5,-23,3,-25,3,-24,3,-24,1,-23,2,-23,1,-22,0,-23,0,-23,-1,-24,1,-23,0,-24,0,-24,-1,-25,0,-23,-3,-23,-1,-25,-4,-23,-3,-24,-4,-26,-5,-26,-6,-25,-7,-26,-9,-26,-9,-26,-9,-25,-12,-25,-9,0,0,0,0,0,0,-17,21,-17,21,-15,20,-16,18,-17,18,-17,15,-17,15,-18,15,-17,14,-17,11,-15,11,-15,9,-15,10,-16,9,-16,9,-14,8,-15,10,-14,7,-14,6,-14,6,-13,7,-14,6,-12,5,-12,4,-14,5,-13,4,-12,4,-12,6,-12,4,-11,5,-13,3,-12,3,-12,2,-11,3,-10,3,-10,1,-11,1,-11,1,-10,0,-9,1,-9,0,-8,0,-9,-1,-7,-1,-7,0,-7,0,-7,-1,-7,-1,-6,-1,-6,-1,-5,-1,-6,-1,-4,-3,-5,-3,-4,-2,-3,-3,-4,-3,0,0,0,0,0,0,0,0,0,0]"""
1782212763461,2026-06-23T20:06:03.461,danger,fall,lmh,bed_stand_to_lie_fall,t018,"CSI_DATA,812695,1a:00:00:00:00:00,-55,11,-98,16,36,11,215288666,47,2,256,0,""[0,0,0,0,0,0,0,0,0,0,0,0,15,-2,16,0,17,1,18,2,18,3,18,5,18,6,18,8,20,9,19,10,20,12,18,12,20,13,18,14,17,18,17,18,18,18,16,20,15,18,15,22,15,22,13,22,13,22,13,22,12,23,11,20,9,22,10,24,9,22,10,23,9,22,10,24,8,23,8,23,9,23,9,22,8,22,10,23,9,22,11,22,10,23,10,22,10,23,11,23,9,23,9,23,8,23,9,23,9,23,10,25,10,25,9,25,8,26,7,25,10,28,9,28,6,27,0,0,0,0,0,0,27,-3,26,-4,26,-4,25,-1,23,-3,23,-1,23,-2,25,0,21,-1,22,0,20,0,18,0,20,0,19,0,18,0,17,-1,18,-1,17,-1,16,0,15,0,15,-2,16,0,14,-1,15,0,14,0,13,0,13,0,13,-2,14,-1,12,-1,11,0,11,-1,13,0,11,-1,10,0,12,0,10,0,11,0,11,0,10,0,8,0,10,0,9,0,8,0,8,0,6,0,8,0,8,1,6,1,6,1,6,1,6,0,6,2,6,1,6,1,4,2,5,2,0,0,0,0,0,0,0,0,0,0]"""
1782212763473,2026-06-23T20:06:03.473,danger,fall,lmh,bed_stand_to_lie_fall,t018,"CSI_DATA,812696,1a:00:00:00:00:00,-55,11,-98,15,36,11,215298540,47,2,256,0,""[0,0,0,0,0,0,0,0,0,0,0,0,-16,0,-16,0,-17,-1,-17,-3,-18,-5,-18,-7,-18,-7,-18,-11,-19,-12,-18,-14,-18,-16,-16,-16,-17,-18,-16,-20,-12,-20,-12,-23,-13,-23,-10,-25,-8,-24,-7,-23,-6,-23,-5,-25,-3,-25,-3,-27,-1,-27,-1,-26,0,-26,0,-27,1,-26,1,-25,1,-24,1,-25,1,-26,4,-24,3,-24,3,-24,4,-24,3,-25,3,-24,3,-24,4,-24,3,-25,5,-24,5,-25,7,-22,7,-24,7,-24,7,-24,8,-24,10,-27,10,-25,11,-24,13,-24,14,-25,15,-26,13,-24,16,-24,0,0,0,0,0,0,-20,-19,-20,-20,-19,-17,-16,-18,-17,-20,-15,-18,-14,-17,-13,-18,-12,-18,-11,-17,-11,-17,-9,-17,-11,-16,-9,-16,-9,-16,-8,-16,-9,-16,-7,-14,-6,-13,-7,-14,-9,-14,-5,-14,-6,-12,-6,-12,-5,-13,-6,-12,-5,-12,-5,-12,-5,-12,-5,-11,-4,-11,-4,-12,-4,-11,-5,-9,-3,-11,-3,-11,-2,-11,-2,-10,-2,-10,-1,-11,0,-9,-1,-9,-1,-9,0,-8,0,-8,0,-9,1,-8,0,-8,0,-5,0,-7,1,-7,1,-7,1,-5,1,-6,3,-5,3,-5,3,-5,0,0,0,0,0,0,0,0,0,0]"""
1782212763484,2026-06-23T20:06:03.484,danger,fall,lmh,bed_stand_to_lie_fall,t018,"CSI_DATA,812697,1a:00:00:00:00:00,-55,11,-98,15,36,11,215309466,47,2,256,0,""[0,0,0,0,0,0,0,0,0,0,0,0,-12,11,-12,9,-15,9,-16,7,-18,6,-17,4,-19,4,-20,3,-22,1,-22,0,-23,-1,-23,-2,-24,-3,-24,-5,-23,-7,-24,-10,-24,-10,-24,-12,-21,-13,-22,-14,-22,-14,-19,-17,-18,-16,-19,-18,-20,-20,-18,-18,-14,-20,-15,-20,-14,-22,-14,-21,-12,-21,-12,-22,-14,-22,-13,-22,-13,-22,-13,-22,-11,-22,-11,-21,-11,-22,-12,-23,-12,-21,-11,-22,-9,-23,-12,-24,-9,-22,-11,-23,-9,-24,-10,-23,-8,-24,-8,-27,-7,-25,-6,-27,-4,-28,-3,-29,-5,-28,-3,-29,-3,-30,0,0,0,0,0,0,-27,-1,-27,-1,-25,-1,-24,-3,-25,-5,-22,-5,-23,-4,-22,-7,-20,-6,-20,-8,-18,-6,-18,-7,-18,-6,-18,-7,-17,-7,-16,-7,-17,-7,-15,-6,-14,-7,-16,-7,-14,-5,-14,-7,-14,-6,-12,-6,-13,-6,-12,-5,-12,-7,-12,-6,-12,-7,-12,-5,-10,-7,-10,-6,-11,-7,-10,-6,-9,-7,-7,-7,-9,-7,-9,-7,-10,-6,-7,-7,-8,-7,-7,-6,-6,-7,-7,-7,-5,-6,-5,-7,-4,-6,-5,-7,-3,-5,-3,-6,-3,-5,-3,-5,-3,-5,-2,-5,-1,-6,0,-5,-1,-5,0,0,0,0,0,0,0,0,0,0]"""
1782212763495,2026-06-23T20:06:03.495,danger,fall,lmh,bed_stand_to_lie_fall,t018,"CSI_DATA,812698,1a:00:00:00:00:00,-55,11,-98,15,36,11,215320379,47,2,256,0,""[0,0,0,0,0,0,0,0,0,0,0,0,-14,5,-15,3,-16,3,-19,1,-19,0,-19,-1,-20,-2,-20,-4,-22,-5,-22,-7,-21,-10,-20,-11,-21,-12,-21,-14,-18,-17,-19,-16,-19,-17,-16,-21,-15,-20,-13,-22,-11,-24,-13,-24,-11,-23,-11,-24,-9,-26,-10,-24,-7,-24,-7,-27,-6,-25,-7,-25,-5,-23,-4,-27,-3,-24,-3,-24,-3,-24,-2,-25,-3,-24,-3,-23,-3,-25,-3,-25,-2,-25,-2,-24,0,-25,-1,-26,0,-25,0,-25,0,-25,0,-26,1,-26,1,-29,0,-27,2,-27,5,-30,6,-27,5,-29,5,-29,7,-27,0,0,0,0,0,0,-27,-11,-24,-11,-23,-11,-22,-13,-20,-12,-20,-13,-20,-12,-20,-15,-17,-13,-16,-14,-15,-13,-14,-12,-14,-14,-13,-12,-12,-12,-12,-12,-12,-12,-12,-11,-11,-14,-12,-11,-11,-11,-10,-12,-10,-10,-9,-11,-9,-11,-9,-11,-9,-10,-9,-9,-9,-11,-9,-9,-7,-9,-9,-11,-6,-10,-7,-9,-6,-9,-7,-9,-6,-9,-5,-9,-5,-9,-4,-9,-3,-9,-3,-9,-3,-9,-4,-7,-3,-9,-3,-7,-2,-7,-1,-8,-1,-7,-1,-7,0,-7,0,-7,0,-7,0,-6,0,-6,0,-6,1,-5,0,0,0,0,0,0,0,0,0,0]"""
1782212763505,2026-06-23T20:06:03.505,danger,fall,lmh,bed_stand_to_lie_fall,t018,"CSI_DATA,812699,1a:00:00:00:00:00,-55,11,-98,15,36,11,215332628,47,2,256,0,""[0,0,0,0,0,0,0,0,0,0,0,0,5,14,3,15,3,16,1,18,0,19,0,18,-1,19,-3,20,-3,22,-5,21,-7,23,-7,21,-7,24,-10,23,-12,21,-13,22,-12,22,-15,23,-14,20,-17,18,-20,20,-18,19,-18,19,-18,18,-20,19,-18,20,-18,16,-20,17,-19,16,-18,16,-18,15,-20,16,-19,16,-19,15,-19,16,-18,16,-18,16,-17,17,-18,16,-17,19,-18,16,-17,18,-18,17,-17,20,-18,17,-18,18,-19,18,-18,18,-19,20,-20,20,-20,18,-20,19,-23,19,-22,17,-22,19,-21,19,-22,18,0,0,0,0,0,0,16,24,14,23,15,21,13,22,12,21,12,22,12,20,11,20,11,20,10,18,10,17,9,16,10,18,9,16,9,16,9,14,9,14,9,13,7,15,9,13,10,12,8,12,9,11,8,12,7,11,8,12,7,11,9,9,8,10,8,9,8,9,9,10,7,9,7,9,8,8,7,9,5,7,6,8,7,8,6,8,6,7,5,8,5,7,5,6,5,7,6,6,5,7,5,6,4,7,4,6,3,7,3,5,3,4,3,7,2,5,2,5,1,6,0,0,0,0,0,0,0,0,0,0]"""
1782212763517,2026-06-23T20:06:03.517,danger,fall,lmh,bed_stand_to_lie_fall,t018,"CSI_DATA,812700,1a:00:00:00:00:00,-55,11,-98,16,36,11,215342332,47,2,256,0,""[0,0,0,0,0,0,0,0,0,0,0,0,-16,0,-15,-1,-16,-3,-17,-4,-17,-6,-16,-6,-16,-7,-17,-10,-18,-12,-17,-11,-15,-15,-15,-17,-15,-17,-14,-18,-12,-20,-11,-22,-13,-20,-10,-25,-8,-22,-6,-23,-4,-27,-6,-25,-5,-27,-3,-25,-2,-27,-1,-25,0,-25,0,-25,1,-25,0,-24,2,-24,1,-24,1,-25,1,-23,1,-23,3,-25,3,-23,2,-23,4,-23,3,-25,5,-24,3,-25,6,-25,4,-25,6,-23,4,-24,6,-24,5,-24,7,-25,8,-25,9,-25,10,-24,11,-25,13,-23,13,-26,11,-25,12,-24,0,0,0,0,0,0,-21,-18,-20,-18,-18,-15,-18,-17,-18,-17,-15,-18,-15,-17,-15,-17,-13,-17,-13,-16,-11,-15,-10,-16,-12,-15,-11,-15,-9,-16,-8,-13,-10,-14,-10,-13,-8,-14,-8,-13,-8,-13,-8,-13,-6,-11,-8,-10,-6,-11,-6,-11,-7,-11,-6,-10,-6,-12,-7,-10,-6,-10,-6,-11,-6,-10,-5,-10,-5,-10,-5,-9,-5,-10,-5,-8,-5,-9,-2,-9,-3,-8,-3,-8,-3,-8,-3,-8,-2,-8,-2,-7,-1,-8,-1,-8,-1,-6,-1,-7,0,-7,0,-6,0,-6,0,-6,0,-5,0,-5,1,-6,0,0,0,0,0,0,0,0,0,0]"""
1782212763537,2026-06-23T20:06:03.537,danger,fall,lmh,bed_stand_to_lie_fall,t018,"CSI_DATA,812702,1a:00:00:00:00:00,-58,11,-98,21,38,11,215364444,47,2,256,0,""[0,0,0,0,0,0,0,0,0,0,0,0,6,-13,8,-13,9,-13,11,-13,13,-12,13,-10,15,-11,16,-9,17,-10,18,-8,19,-8,20,-7,21,-6,21,-5,23,-2,24,-2,24,-2,23,0,23,2,23,0,22,3,25,3,23,6,24,6,24,8,23,6,22,9,23,9,21,9,23,7,21,10,22,10,21,10,20,10,20,10,20,10,19,10,19,10,21,11,20,9,19,12,20,9,20,11,22,10,20,13,20,12,20,13,20,13,20,13,21,16,22,14,19,15,19,17,19,18,21,18,20,18,19,18,0,0,0,0,0,0,20,-14,20,-15,20,-14,19,-12,19,-11,19,-9,18,-10,19,-9,19,-9,18,-7,16,-7,16,-6,16,-7,15,-6,14,-7,13,-6,16,-6,13,-6,13,-5,13,-5,11,-6,13,-5,12,-5,12,-5,11,-5,11,-5,11,-4,10,-6,9,-5,9,-5,9,-4,9,-4,10,-4,9,-5,8,-4,9,-3,9,-4,8,-4,8,-4,7,-3,7,-3,7,-2,8,-2,6,-2,6,-2,6,-2,7,-1,7,-2,6,-1,6,-1,6,-1,6,0,6,0,7,0,6,0,6,1,6,0,0,0,0,0,0,0,0,0,0,0]"""
1782212763548,2026-06-23T20:06:03.548,danger,fall,lmh,bed_stand_to_lie_fall,t018,"CSI_DATA,812703,1a:00:00:00:00:00,-58,11,-98,17,39,11,215376902,47,2,256,0,""[0,0,0,0,0,0,0,0,0,0,0,0,11,-1,11,0,12,0,13,2,13,2,13,4,13,5,13,6,13,7,13,8,13,9,13,9,14,11,12,12,11,13,11,15,11,15,10,16,8,16,8,17,7,17,6,18,5,18,6,18,5,19,5,18,2,18,3,19,2,19,2,18,1,18,1,19,1,18,0,17,0,19,0,18,0,17,1,18,0,17,1,18,0,18,1,18,0,18,0,19,0,18,0,18,-1,19,0,19,-2,19,-2,20,-2,20,-2,19,-4,20,-5,20,-4,21,-5,20,-5,20,0,0,0,0,0,0,18,9,18,9,17,7,16,9,16,9,14,10,14,9,13,9,13,9,11,9,12,9,10,9,11,9,10,9,10,8,9,7,10,7,9,7,9,7,9,8,9,6,8,8,7,5,7,6,7,6,7,6,7,6,7,5,7,5,7,5,6,6,6,5,6,6,6,4,6,5,5,5,6,5,6,4,6,5,4,5,5,4,4,4,4,4,4,4,4,4,5,5,3,4,4,4,3,3,3,4,3,4,3,3,2,4,3,4,2,4,2,4,1,4,0,0,0,0,0,0,0,0,0,0]"""
1782212763559,2026-06-23T20:06:03.559,danger,fall,lmh,bed_stand_to_lie_fall,t018,"CSI_DATA,812704,1a:00:00:00:00:00,-59,11,-98,14,40,11,215386862,47,2,256,0,""[0,0,0,0,0,0,0,0,0,0,0,0,5,10,3,10,3,11,2,12,1,13,0,13,0,13,-1,14,-1,15,-2,15,-3,15,-3,16,-4,16,-5,16,-7,16,-8,16,-8,16,-10,16,-9,14,-10,14,-11,13,-11,15,-12,13,-12,14,-13,14,-12,13,-13,12,-13,12,-14,12,-13,12,-13,11,-13,12,-13,11,-13,11,-13,12,-13,12,-12,11,-12,13,-12,12,-12,14,-13,12,-12,13,-12,12,-13,13,-12,12,-12,13,-13,12,-13,13,-13,13,-15,14,-13,13,-14,13,-15,14,-16,12,-16,13,-16,12,-16,12,0,0,0,0,0,0,9,18,9,17,9,15,9,16,8,16,7,14,7,14,6,15,5,14,5,12,6,12,4,12,6,12,5,12,5,11,5,10,5,10,6,10,4,10,5,9,5,9,5,9,5,7,4,8,4,8,5,8,4,7,5,6,5,7,5,5,5,6,5,6,5,6,4,5,5,5,4,5,4,5,4,5,4,5,4,5,4,4,4,4,4,4,4,4,4,3,4,3,4,4,4,3,3,4,4,3,2,4,2,3,3,3,2,3,2,3,2,3,2,4,0,0,0,0,0,0,0,0,0,0]"""
1782212763574,2026-06-23T20:06:03.574,danger,fall,lmh,bed_stand_to_lie_fall,t018,"CSI_DATA,812705,1a:00:00:00:00:00,-60,11,-98,18,39,11,215399181,47,2,256,0,""[0,0,0,0,0,0,0,0,0,0,0,0,-10,-2,-10,-3,-10,-4,-10,-6,-11,-6,-10,-8,-10,-8,-9,-10,-10,-10,-9,-11,-9,-12,-8,-12,-9,-14,-8,-14,-6,-16,-5,-16,-5,-16,-5,-17,-4,-16,-2,-17,-1,-18,-2,-17,-1,-18,-1,-18,0,-18,0,-18,1,-18,1,-18,1,-17,0,-18,1,-16,1,-18,2,-17,2,-16,1,-17,2,-17,2,-16,1,-17,2,-17,1,-17,2,-17,1,-17,2,-18,1,-18,2,-17,2,-17,3,-18,2,-18,3,-18,3,-19,3,-18,3,-18,5,-19,6,-18,5,-19,6,-19,5,-18,0,0,0,0,0,0,-17,-8,-16,-9,-16,-8,-14,-9,-14,-8,-13,-9,-13,-8,-13,-9,-11,-8,-11,-8,-10,-8,-10,-8,-11,-8,-9,-7,-9,-7,-9,-6,-9,-6,-8,-6,-8,-6,-8,-5,-8,-5,-7,-5,-7,-5,-7,-5,-7,-5,-6,-4,-7,-4,-7,-3,-6,-3,-7,-3,-6,-3,-6,-4,-5,-3,-5,-2,-5,-2,-5,-3,-5,-2,-5,-2,-5,-2,-5,-2,-4,-2,-5,-2,-5,-2,-4,-2,-4,-2,-4,-2,-4,-1,-4,-1,-4,-2,-3,-2,-3,-2,-3,-2,-3,-2,-3,-2,-3,-2,-2,-2,-3,-3,0,0,0,0,0,0,0,0,0,0]"""
1782212763581,2026-06-23T20:06:03.581,danger,fall,lmh,bed_stand_to_lie_fall,t018,"CSI_DATA,812706,1a:00:00:00:00:00,-60,11,-98,20,39,11,215408715,47,2,256,0,""[0,0,0,0,0,0,0,0,0,0,0,0,-4,-9,-3,-10,-1,-11,-1,-12,0,-12,1,-12,2,-12,3,-13,5,-13,5,-13,6,-13,6,-13,8,-14,9,-13,12,-11,13,-11,13,-12,14,-9,15,-8,16,-7,16,-6,17,-6,17,-5,17,-5,18,-3,17,-4,17,-1,18,-1,17,0,17,-1,16,0,18,0,17,0,17,1,17,1,17,2,15,2,16,2,17,2,17,2,17,3,16,3,17,4,17,4,15,5,16,5,16,7,16,6,16,7,17,8,17,8,16,9,15,11,15,12,16,11,15,12,14,12,0,0,0,0,0,0,15,-10,15,-9,15,-9,15,-7,15,-7,15,-5,15,-6,15,-5,14,-4,13,-3,13,-3,12,-2,12,-2,12,-1,12,-1,10,-2,11,-1,10,-1,9,0,9,0,9,-1,9,0,8,0,8,0,9,0,8,0,7,0,7,0,7,0,7,0,6,0,6,0,6,0,6,0,5,0,6,0,6,0,5,0,5,0,4,0,5,0,4,0,4,1,5,0,4,0,4,0,3,0,4,1,3,0,4,1,3,0,4,1,4,1,3,1,3,1,3,1,2,2,0,0,0,0,0,0,0,0,0,0]"""
1782212763590,2026-06-23T20:06:03.590,danger,fall,lmh,bed_stand_to_lie_fall,t018,"CSI_DATA,812707,1a:00:00:00:00:00,-60,11,-98,16,40,11,215419331,47,2,256,0,""[0,0,0,0,0,0,0,0,0,0,0,0,4,9,3,9,3,11,3,11,2,11,1,12,1,13,1,13,0,14,0,15,0,15,0,15,0,16,0,16,-2,16,-2,17,-2,17,-3,17,-3,16,-4,16,-5,17,-4,17,-4,17,-3,17,-3,18,-2,17,-3,16,-4,17,-4,17,-3,17,-3,15,-3,17,-2,17,-2,16,-1,17,-1,16,-1,16,0,16,0,16,1,17,0,17,1,16,0,17,2,17,1,17,2,17,2,17,3,16,3,17,3,18,4,17,4,18,3,19,3,19,5,19,4,18,4,18,0,0,0,0,0,0,19,-3,18,-3,17,-4,17,-3,16,-3,15,-2,15,-4,15,-3,13,-3,13,-2,12,-3,11,-3,12,-3,11,-4,11,-4,9,-4,10,-5,9,-4,9,-4,9,-4,7,-5,7,-4,6,-4,7,-5,6,-5,5,-4,6,-5,5,-5,5,-5,4,-5,3,-5,4,-5,3,-5,3,-5,3,-4,3,-5,2,-4,2,-4,1,-5,2,-3,1,-3,1,-4,1,-4,0,-4,0,-3,0,-3,0,-3,0,-4,0,-3,0,-3,0,-3,0,-3,0,-3,0,-3,0,-3,0,-2,0,-3,0,0,0,0,0,0,0,0,0,0]"""
1782212763603,2026-06-23T20:06:03.603,danger,fall,lmh,bed_stand_to_lie_fall,t018,"CSI_DATA,812708,1a:00:00:00:00:00,-60,11,-98,20,39,11,215432088,47,2,256,0,""[0,0,0,0,0,0,0,0,0,0,0,0,9,-4,10,-3,11,-3,12,-2,12,-1,13,0,13,0,13,0,14,1,14,1,15,3,15,3,16,3,15,5,15,7,15,7,16,7,15,9,14,9,14,10,14,11,14,11,12,11,13,12,13,13,13,12,11,13,11,14,11,13,11,13,10,13,11,14,11,13,10,13,11,13,10,13,10,13,11,12,11,13,11,13,11,14,11,13,11,13,12,13,10,13,11,13,10,15,11,13,11,14,11,15,10,15,10,15,9,17,9,17,11,17,10,18,9,17,0,0,0,0,0,0,18,-6,17,-5,17,-7,17,-4,16,-4,15,-3,15,-3,16,-3,15,-3,15,-1,13,-2,13,-2,13,-1,11,-1,12,-1,11,-1,11,-2,11,-2,10,-1,10,-1,10,-1,9,-1,9,-1,8,-1,8,-1,8,-1,8,-1,8,-1,8,-1,7,-1,6,-1,6,-1,6,-1,6,-1,5,0,5,-1,5,-1,4,-1,5,-1,4,0,3,0,4,-1,3,-1,3,-1,3,-1,3,0,3,-1,3,-1,2,-1,2,-1,3,-1,2,-1,2,-1,3,-1,3,-1,2,0,3,0,0,0,0,0,0,0,0,0,0,0]"""
1782212763615,2026-06-23T20:06:03.615,danger,fall,lmh,bed_stand_to_lie_fall,t018,"CSI_DATA,812709,1a:00:00:00:00:00,-59,11,-98,18,39,11,215441963,47,2,256,0,""[0,0,0,0,0,0,0,0,0,0,0,0,-10,-3,-10,-4,-10,-5,-11,-7,-10,-7,-10,-8,-10,-9,-9,-9,-11,-10,-9,-11,-10,-13,-9,-13,-10,-13,-9,-14,-7,-15,-8,-15,-9,-16,-7,-16,-6,-16,-6,-17,-4,-17,-6,-18,-4,-18,-5,-17,-4,-18,-4,-17,-2,-18,-3,-18,-3,-17,-4,-17,-3,-16,-4,-18,-3,-17,-3,-16,-4,-17,-4,-16,-4,-16,-5,-16,-5,-16,-5,-16,-4,-17,-6,-16,-6,-16,-6,-17,-5,-17,-6,-16,-6,-17,-6,-17,-6,-17,-6,-19,-7,-18,-7,-18,-6,-19,-5,-19,-6,-19,-6,-20,-6,-19,0,0,0,0,0,0,-19,3,-18,3,-18,4,-18,2,-17,2,-17,1,-16,2,-17,2,-15,2,-14,1,-14,1,-13,1,-13,2,-13,1,-13,1,-11,1,-12,2,-10,1,-10,0,-10,2,-10,2,-10,2,-9,2,-8,1,-8,2,-8,2,-8,1,-7,2,-7,2,-7,2,-6,1,-7,2,-5,1,-5,2,-5,2,-5,2,-5,2,-4,2,-4,2,-4,1,-4,2,-4,1,-3,1,-3,2,-3,1,-2,1,-3,1,-2,2,-2,1,-2,2,-2,2,-2,1,-2,2,-2,2,-1,2,-2,1,-2,1,0,0,0,0,0,0,0,0,0,0]"""
1782212763625,2026-06-23T20:06:03.625,danger,fall,lmh,bed_stand_to_lie_fall,t018,"CSI_DATA,812710,1a:00:00:00:00:00,-59,11,-98,18,39,11,215454101,47,2,256,0,""[0,0,0,0,0,0,0,0,0,0,0,0,7,8,7,9,6,10,6,11,5,11,5,13,5,13,5,13,5,15,4,14,5,15,5,15,5,16,4,17,3,17,3,17,5,18,2,18,2,18,1,18,0,18,2,19,1,18,3,19,2,19,3,18,1,18,2,18,2,18,4,18,2,17,4,18,4,18,5,17,5,17,5,17,5,16,7,16,7,17,8,16,8,17,9,15,9,16,10,16,9,16,9,16,10,16,10,15,11,16,12,16,13,16,13,15,12,17,11,16,13,16,13,16,13,16,0,0,0,0,0,0,16,-12,15,-12,14,-13,14,-10,13,-12,14,-11,12,-11,13,-12,12,-10,12,-10,11,-10,10,-9,10,-10,9,-10,8,-10,7,-9,7,-10,7,-10,7,-8,6,-8,5,-9,5,-8,4,-8,5,-8,4,-8,4,-8,4,-7,2,-8,2,-8,1,-8,2,-7,2,-7,1,-7,1,-7,1,-6,1,-7,0,-6,0,-5,0,-5,0,-5,0,-4,0,-4,0,-4,0,-4,0,-4,0,-4,0,-4,0,-3,0,-3,0,-3,0,-2,0,-2,-1,-3,0,-2,0,-2,0,-2,0,-2,0,0,0,0,0,0,0,0,0,0]"""
1782212763636,2026-06-23T20:06:03.636,danger,fall,lmh,bed_stand_to_lie_fall,t018,"CSI_DATA,812711,1a:00:00:00:00:00,-59,11,-98,16,39,11,215463331,47,2,256,0,""[0,0,0,0,0,0,0,0,0,0,0,0,-5,10,-7,9,-8,10,-9,9,-9,9,-10,8,-12,8,-12,8,-14,9,-14,8,-15,7,-15,7,-16,7,-16,5,-18,4,-18,3,-18,4,-19,1,-18,2,-19,1,-19,0,-20,0,-19,0,-19,0,-20,-1,-18,0,-18,-2,-19,-3,-19,-2,-18,-1,-17,-3,-19,-2,-19,-3,-18,-2,-19,-2,-18,-2,-17,-2,-17,-1,-18,-2,-18,-1,-18,-2,-18,0,-19,-1,-19,0,-18,-1,-18,0,-19,-1,-19,0,-20,-1,-20,-2,-20,-2,-20,-2,-20,-4,-20,-4,-22,-3,-22,-4,-21,-4,0,0,0,0,0,0,-8,20,-7,19,-5,19,-7,17,-6,16,-7,16,-7,16,-8,16,-8,15,-7,14,-6,13,-6,12,-6,13,-6,12,-7,12,-5,11,-5,12,-5,11,-6,11,-4,10,-4,10,-4,9,-4,9,-4,9,-4,9,-4,9,-3,8,-3,8,-4,8,-3,8,-3,7,-3,7,-3,7,-3,7,-2,6,-3,6,-2,6,-2,6,-2,5,-1,4,-1,4,-2,5,-2,5,-2,4,-2,4,-1,4,-1,3,-1,4,-1,3,-1,3,-1,3,0,3,-1,2,-1,2,-1,3,0,2,-1,2,0,0,0,0,0,0,0,0,0,0]"""
1782212763650,2026-06-23T20:06:03.650,danger,fall,lmh,bed_stand_to_lie_fall,t018,"CSI_DATA,812712,1a:00:00:00:00:00,-58,11,-98,19,38,11,215476844,47,2,256,0,""[0,0,0,0,0,0,0,0,0,0,0,0,-15,-5,-14,-5,-17,-7,-15,-8,-14,-11,-13,-10,-14,-11,-13,-13,-15,-14,-15,-16,-14,-16,-13,-16,-13,-18,-13,-19,-11,-20,-12,-22,-11,-19,-11,-22,-10,-21,-8,-22,-7,-24,-9,-22,-7,-24,-7,-23,-8,-24,-6,-22,-5,-22,-7,-23,-6,-24,-8,-22,-5,-22,-7,-23,-7,-22,-7,-21,-8,-22,-8,-21,-7,-22,-7,-21,-8,-22,-10,-21,-8,-20,-10,-20,-10,-20,-12,-22,-8,-20,-10,-20,-11,-22,-11,-20,-12,-20,-13,-23,-11,-23,-11,-22,-11,-23,-11,-25,-12,-25,-11,-23,-11,-25,0,0,0,0,0,0,-24,8,-24,9,-21,9,-22,8,-22,8,-20,6,-21,7,-20,7,-19,6,-19,4,-16,5,-17,5,-16,8,-16,5,-16,5,-14,5,-15,5,-13,5,-13,4,-12,5,-11,6,-13,5,-11,5,-11,5,-11,6,-10,5,-10,5,-9,5,-10,5,-8,6,-8,5,-8,4,-8,5,-7,5,-7,5,-7,5,-7,5,-5,4,-5,4,-5,4,-5,5,-5,4,-5,3,-4,4,-4,3,-4,3,-3,3,-3,4,-2,3,-3,3,-2,3,-2,2,-2,3,-1,3,-3,3,-2,1,-2,2,0,0,0,0,0,0,0,0,0,0]"""
1782212763660,2026-06-23T20:06:03.660,danger,fall,lmh,bed_stand_to_lie_fall,t018,"CSI_DATA,812713,1a:00:00:00:00:00,-58,11,-98,14,39,11,215485331,47,2,256,0,""[0,0,0,0,0,0,0,0,0,0,0,0,-12,0,-12,-1,-13,-2,-14,-3,-13,-4,-13,-5,-14,-6,-13,-8,-15,-8,-14,-9,-14,-10,-14,-10,-15,-11,-15,-12,-12,-14,-13,-14,-13,-14,-12,-16,-11,-15,-11,-16,-10,-17,-11,-17,-8,-17,-9,-17,-9,-18,-8,-17,-7,-18,-8,-18,-8,-18,-9,-17,-6,-17,-8,-18,-7,-17,-7,-17,-8,-17,-8,-17,-7,-16,-8,-16,-8,-17,-9,-17,-8,-17,-10,-17,-8,-16,-9,-17,-8,-17,-9,-16,-8,-17,-10,-17,-10,-17,-9,-19,-10,-18,-10,-18,-8,-20,-8,-19,-9,-19,-9,-19,-9,-19,0,0,0,0,0,0,-21,6,-21,6,-18,7,-19,4,-19,5,-18,3,-17,5,-17,4,-17,3,-16,2,-15,2,-15,2,-15,3,-14,2,-13,2,-13,2,-13,4,-12,2,-12,2,-11,3,-10,4,-11,2,-9,2,-9,3,-10,2,-9,3,-9,2,-8,3,-8,2,-8,3,-8,2,-8,2,-7,3,-7,3,-7,2,-7,3,-6,2,-6,2,-6,2,-5,1,-5,2,-5,1,-5,1,-5,2,-4,1,-4,1,-4,1,-4,2,-3,0,-3,1,-3,1,-3,0,-3,1,-3,0,-3,1,-2,0,-2,0,0,0,0,0,0,0,0,0,0,0]"""
1782212763668,2026-06-23T20:06:03.668,danger,fall,lmh,bed_stand_to_lie_fall,t018,"CSI_DATA,812714,1a:00:00:00:00:00,-58,11,-98,15,39,11,215497929,47,2,256,0,""[0,0,0,0,0,0,0,0,0,0,0,0,6,-11,7,-10,9,-10,11,-9,11,-9,13,-7,14,-7,15,-5,16,-5,17,-4,18,-2,18,-1,19,-1,19,0,19,2,19,3,20,3,19,5,18,7,17,8,16,10,17,10,17,11,17,11,17,12,16,12,14,13,13,15,13,15,13,14,11,15,12,16,11,15,10,16,11,16,10,16,9,16,10,16,9,16,10,16,8,17,9,16,8,17,9,18,7,18,6,18,6,19,5,18,5,18,5,20,5,20,4,21,2,22,1,22,2,22,1,22,0,22,0,0,0,0,0,0,20,4,20,5,19,4,18,7,17,6,16,7,16,7,16,8,14,8,14,8,12,9,12,9,12,9,11,9,11,9,10,8,11,8,9,8,8,8,8,8,9,7,8,8,7,6,6,8,5,8,6,7,5,8,6,6,5,7,5,6,5,6,4,7,4,6,4,5,4,6,4,6,2,6,3,5,2,5,1,5,1,5,1,5,2,5,1,4,1,4,0,4,1,4,1,4,1,4,0,4,0,3,0,3,0,3,0,4,0,4,0,3,0,3,0,0,0,0,0,0,0,0,0,0]"""
1782212763681,2026-06-23T20:06:03.681,danger,fall,lmh,bed_stand_to_lie_fall,t018,"CSI_DATA,812715,1a:00:00:00:00:00,-59,11,-98,19,38,11,215507331,47,2,256,0,""[0,0,0,0,0,0,0,0,0,0,0,0,-16,0,-16,0,-16,-1,-17,-2,-18,-4,-17,-5,-17,-6,-17,-8,-19,-8,-19,-9,-18,-11,-19,-11,-19,-11,-19,-13,-17,-17,-17,-17,-18,-16,-16,-18,-15,-17,-16,-20,-15,-20,-14,-21,-13,-21,-13,-20,-13,-22,-12,-19,-11,-21,-11,-22,-11,-22,-12,-20,-11,-21,-13,-21,-11,-20,-11,-20,-12,-20,-12,-19,-11,-19,-12,-19,-12,-19,-12,-19,-12,-19,-13,-19,-12,-19,-14,-20,-12,-18,-12,-18,-12,-20,-13,-18,-13,-19,-15,-22,-13,-21,-13,-21,-13,-23,-12,-22,-14,-23,-12,-22,-13,-23,0,0,0,0,0,0,-24,9,-22,9,-20,10,-21,8,-21,9,-21,6,-19,8,-20,6,-18,6,-17,5,-16,5,-17,5,-17,6,-16,5,-15,4,-14,5,-14,5,-13,4,-14,4,-12,4,-12,5,-11,4,-10,4,-11,4,-10,4,-10,4,-10,4,-9,5,-9,5,-8,4,-7,4,-8,3,-7,3,-7,4,-7,3,-8,4,-6,3,-6,4,-6,4,-5,3,-4,3,-5,3,-5,3,-4,3,-5,3,-4,3,-4,2,-4,3,-3,3,-2,1,-3,2,-2,2,-3,3,-3,3,-4,2,-2,1,-3,1,0,0,0,0,0,0,0,0,0,0]"""
1782212763690,2026-06-23T20:06:03.690,danger,fall,lmh,bed_stand_to_lie_fall,t018,"CSI_DATA,812716,1a:00:00:00:00:00,-59,11,-98,16,39,11,215518331,47,2,256,0,""[0,0,0,0,0,0,0,0,0,0,0,0,4,12,3,12,3,13,1,13,0,15,0,15,0,15,-1,16,-1,16,-3,17,-4,17,-4,17,-4,18,-5,17,-7,17,-8,17,-7,18,-9,18,-9,16,-10,17,-10,16,-11,16,-12,16,-11,16,-12,16,-11,16,-12,15,-13,15,-12,14,-11,14,-11,13,-12,15,-12,14,-11,13,-11,15,-10,15,-11,14,-11,16,-10,15,-9,16,-10,15,-9,16,-10,16,-9,16,-10,15,-9,16,-10,16,-9,16,-10,16,-10,18,-10,17,-10,16,-11,17,-12,17,-11,17,-11,17,-11,16,0,0,0,0,0,0,14,13,15,13,15,11,13,12,13,11,12,11,13,11,12,11,12,10,11,10,10,9,9,9,11,9,9,9,9,8,9,8,10,8,8,7,8,7,9,6,9,6,8,6,7,5,8,6,7,5,7,4,7,4,8,3,7,4,7,3,6,4,6,4,5,3,5,3,6,3,6,3,5,3,5,2,4,2,4,3,4,2,4,2,4,2,4,1,4,1,4,1,4,1,3,0,3,1,4,1,4,1,3,0,3,0,3,1,3,0,3,1,3,1,0,0,0,0,0,0,0,0,0,0]"""
1782212763703,2026-06-23T20:06:03.703,danger,fall,lmh,bed_stand_to_lie_fall,t018,"CSI_DATA,812717,1a:00:00:00:00:00,-60,11,-98,17,39,11,215529338,47,2,256,0,""[0,0,0,0,0,0,0,0,0,0,0,0,-10,6,-11,4,-12,3,-13,3,-14,2,-14,0,-15,0,-16,-2,-16,-2,-16,-3,-17,-4,-16,-6,-17,-6,-17,-7,-16,-10,-15,-11,-16,-10,-15,-13,-13,-13,-13,-14,-12,-15,-12,-16,-11,-16,-10,-16,-10,-17,-9,-16,-7,-17,-7,-18,-6,-18,-6,-17,-5,-17,-6,-18,-5,-17,-4,-17,-5,-18,-4,-17,-4,-16,-4,-17,-3,-17,-3,-17,-3,-17,-3,-17,-3,-18,-3,-19,-2,-17,-2,-17,-1,-19,-2,-17,0,-19,0,-20,0,-19,0,-19,2,-20,3,-19,1,-20,2,-19,3,-19,0,0,0,0,0,0,-18,-7,-18,-7,-16,-6,-16,-9,-16,-7,-13,-8,-13,-8,-13,-8,-12,-9,-11,-9,-11,-9,-10,-8,-11,-8,-9,-8,-9,-8,-8,-8,-9,-8,-8,-7,-7,-8,-7,-7,-8,-6,-6,-8,-6,-6,-6,-6,-5,-6,-5,-6,-5,-6,-6,-5,-4,-5,-5,-5,-4,-6,-4,-6,-3,-5,-3,-5,-3,-5,-3,-5,-3,-5,-2,-4,-3,-4,-2,-3,-2,-3,-2,-4,-2,-3,-2,-3,-2,-3,-2,-3,-1,-3,-2,-3,-1,-3,-1,-3,-1,-3,-1,-3,-1,-3,-1,-3,-1,-2,0,-3,0,-2,0,0,0,0,0,0,0,0,0,0]"""
1782212763712,2026-06-23T20:06:03.712,danger,fall,lmh,bed_stand_to_lie_fall,t018,"CSI_DATA,812718,1a:00:00:00:00:00,-60,11,-98,14,40,11,215540330,47,2,256,0,""[0,0,0,0,0,0,0,0,0,0,0,0,9,8,8,9,8,10,7,12,6,13,5,13,4,13,2,15,2,16,2,17,0,18,0,17,0,18,-2,18,-5,18,-5,18,-5,18,-8,18,-8,16,-10,16,-11,16,-11,16,-11,15,-12,15,-13,15,-13,14,-14,13,-14,12,-15,12,-13,11,-14,10,-15,11,-15,10,-15,10,-15,10,-15,10,-14,9,-14,9,-15,10,-15,9,-15,8,-15,9,-15,8,-16,9,-15,7,-15,8,-16,7,-16,8,-17,7,-18,7,-18,6,-17,6,-18,4,-18,3,-19,4,-19,4,-19,3,0,0,0,0,0,0,0,19,-1,19,0,18,-2,17,-2,17,-3,15,-3,16,-4,16,-4,14,-4,13,-3,13,-4,12,-4,12,-4,12,-4,11,-3,11,-4,11,-5,10,-4,9,-4,9,-3,9,-4,8,-3,8,-4,8,-4,7,-4,7,-3,7,-3,7,-3,7,-3,6,-3,5,-3,5,-4,5,-3,5,-3,4,-4,4,-3,4,-3,3,-3,4,-2,3,-2,4,-2,3,-3,3,-2,2,-2,2,-2,2,-2,2,-2,2,-1,2,-1,2,-1,2,-2,2,-1,2,-2,1,-1,2,-2,2,-2,1,0,0,0,0,0,0,0,0,0,0]"""
1782212763724,2026-06-23T20:06:03.724,danger,fall,lmh,bed_stand_to_lie_fall,t018,"CSI_DATA,812719,1a:00:00:00:00:00,-60,11,-98,18,39,11,215551330,47,2,256,0,""[0,0,0,0,0,0,0,0,0,0,0,0,-7,-9,-6,-10,-5,-11,-5,-13,-4,-14,-2,-14,-2,-14,0,-15,0,-16,1,-16,2,-17,2,-16,4,-18,5,-17,7,-16,8,-17,8,-18,9,-16,10,-15,12,-14,12,-13,13,-14,14,-13,14,-13,15,-11,14,-12,15,-10,16,-10,16,-9,15,-10,15,-8,16,-9,16,-8,16,-7,16,-8,15,-7,15,-6,16,-7,16,-6,15,-8,16,-6,15,-7,16,-6,17,-7,16,-5,16,-5,17,-5,16,-5,17,-5,18,-4,18,-4,18,-4,19,-2,18,-1,19,-3,19,-1,19,-1,0,0,0,0,0,0,3,-18,3,-18,2,-17,4,-16,2,-16,3,-15,4,-15,5,-16,4,-14,5,-13,5,-12,5,-11,5,-12,6,-11,5,-10,4,-10,5,-10,5,-10,5,-9,4,-8,4,-9,5,-8,4,-7,5,-7,5,-7,5,-7,5,-6,4,-6,5,-6,3,-5,4,-5,4,-5,4,-5,4,-5,3,-4,4,-4,4,-3,4,-3,3,-3,3,-2,2,-3,2,-2,2,-2,2,-2,2,-2,2,-2,2,-2,2,-2,2,-2,1,-1,1,-2,1,-1,2,-1,2,0,1,-1,1,-1,1,-1,0,0,0,0,0,0,0,0,0,0]"""
1782212763745,2026-06-23T20:06:03.745,danger,fall,lmh,bed_stand_to_lie_fall,t018,"CSI_DATA,812720,1a:00:00:00:00:00,-60,11,-98,18,39,11,215571266,47,2,256,0,""[0,0,0,0,0,0,0,0,0,0,0,0,0,-12,1,-12,1,-13,2,-13,3,-13,5,-12,5,-13,6,-13,7,-15,8,-15,9,-14,9,-14,10,-15,11,-15,12,-13,13,-14,12,-14,14,-13,13,-11,13,-12,15,-11,15,-11,16,-11,16,-11,16,-10,15,-11,16,-9,16,-10,16,-9,14,-9,15,-9,16,-9,14,-10,14,-9,15,-10,14,-10,14,-10,13,-10,13,-10,13,-10,13,-10,13,-12,13,-11,13,-12,13,-10,12,-11,13,-12,12,-12,13,-12,13,-12,13,-12,13,-13,15,-13,15,-12,14,-13,13,-13,14,-13,0,0,0,0,0,0,-11,-15,-11,-15,-10,-13,-10,-13,-10,-13,-9,-12,-9,-13,-9,-13,-8,-12,-7,-11,-7,-10,-8,-11,-8,-10,-8,-10,-6,-10,-7,-8,-7,-9,-7,-8,-6,-8,-7,-8,-7,-7,-6,-8,-5,-6,-5,-6,-5,-7,-6,-7,-5,-6,-5,-5,-5,-5,-5,-5,-5,-5,-5,-4,-4,-5,-5,-5,-5,-4,-3,-4,-4,-4,-4,-4,-4,-4,-3,-4,-3,-4,-3,-3,-2,-3,-3,-2,-2,-2,-2,-2,-2,-3,-2,-2,-2,-2,-2,-1,-2,-1,-2,-2,-2,-1,-1,-1,-1,-1,-1,-1,-1,-1,0,0,0,0,0,0,0,0,0,0]"""
1782212763754,2026-06-23T20:06:03.754,danger,fall,lmh,bed_stand_to_lie_fall,t018,"CSI_DATA,812721,1a:00:00:00:00:00,-59,11,-98,18,39,11,215573333,47,2,256,0,""[0,0,0,0,0,0,0,0,0,0,0,0,-5,-10,-4,-11,-3,-13,-2,-13,-1,-13,0,-14,0,-14,2,-14,2,-16,3,-16,5,-16,5,-16,7,-17,8,-16,10,-15,10,-15,10,-15,13,-14,13,-13,15,-12,15,-11,16,-12,16,-10,16,-10,17,-10,16,-10,17,-8,17,-8,16,-6,16,-7,16,-5,18,-7,17,-5,17,-5,17,-5,16,-5,16,-5,16,-6,16,-5,16,-6,16,-4,16,-5,16,-5,18,-5,17,-4,16,-4,18,-3,16,-4,18,-3,18,-2,18,-3,18,-2,20,0,19,0,19,-1,19,0,19,0,0,0,0,0,0,0,3,-18,4,-17,2,-18,5,-16,4,-16,5,-15,4,-15,6,-15,5,-13,6,-13,5,-12,5,-11,5,-12,6,-11,5,-11,5,-10,5,-10,5,-10,6,-8,5,-8,4,-8,5,-8,4,-8,5,-8,5,-7,5,-7,5,-7,4,-7,5,-6,4,-6,5,-5,5,-5,5,-5,4,-5,4,-4,5,-4,5,-4,5,-4,5,-3,4,-3,3,-2,3,-2,4,-2,3,-2,3,-1,2,-2,2,-2,3,-1,3,-1,2,0,2,0,2,0,2,0,2,0,1,0,2,0,1,0,0,0,0,0,0,0,0,0,0,0]"""
1782212763763,2026-06-23T20:06:03.763,danger,fall,lmh,bed_stand_to_lie_fall,t018,"CSI_DATA,812722,1a:00:00:00:00:00,-59,11,-98,17,39,11,215584920,47,2,256,0,""[0,0,0,0,0,0,0,0,0,0,0,0,-7,-10,-5,-10,-6,-13,-5,-13,-4,-13,-3,-13,-3,-14,-3,-15,-3,-16,-2,-16,-2,-17,-2,-17,-2,-18,-2,-18,0,-18,0,-19,0,-19,0,-19,1,-18,1,-18,2,-19,1,-19,2,-19,1,-19,1,-19,1,-19,2,-19,1,-19,1,-19,0,-18,2,-18,0,-18,0,-18,0,-17,0,-18,0,-18,0,-17,-2,-17,-1,-17,-3,-17,-3,-16,-4,-18,-3,-16,-5,-18,-3,-16,-5,-16,-4,-17,-6,-16,-7,-17,-6,-18,-6,-17,-7,-17,-7,-18,-6,-18,-9,-18,-8,-17,-8,-17,0,0,0,0,0,0,-17,7,-17,7,-15,8,-16,7,-16,7,-14,6,-15,7,-15,6,-14,7,-13,5,-12,6,-12,6,-12,7,-11,7,-10,6,-9,6,-9,7,-9,7,-9,7,-9,7,-8,7,-9,7,-6,7,-6,7,-7,6,-6,7,-6,6,-5,7,-5,7,-4,7,-4,6,-4,6,-4,6,-3,6,-3,6,-4,6,-3,6,-3,6,-3,6,-3,5,-3,5,-3,4,-2,5,-2,4,-3,4,-2,3,-2,3,-1,4,-2,3,-2,3,-2,3,-2,3,-1,3,-1,2,-1,3,-1,2,-1,1,0,0,0,0,0,0,0,0,0,0]"""
1782212763772,2026-06-23T20:06:03.772,danger,fall,lmh,bed_stand_to_lie_fall,t018,"CSI_DATA,812723,1a:00:00:00:00:00,-58,11,-98,15,39,11,215595330,47,2,256,0,""[0,0,0,0,0,0,0,0,0,0,0,0,11,5,12,6,11,6,12,8,11,9,11,10,11,10,11,11,11,12,11,13,11,14,11,13,11,15,10,15,9,17,9,17,10,17,9,17,7,17,8,17,7,18,7,18,7,18,6,18,7,19,6,18,5,18,5,18,5,18,6,17,5,17,6,18,7,17,6,17,8,17,7,17,7,16,8,16,9,17,10,15,9,16,9,15,10,16,11,15,9,14,11,15,11,16,11,14,11,15,12,15,12,15,12,15,11,16,11,16,13,16,13,16,13,15,0,0,0,0,0,0,16,-11,16,-11,14,-11,15,-10,14,-10,14,-10,13,-10,13,-11,12,-10,12,-8,11,-9,10,-9,11,-10,11,-9,10,-8,9,-8,9,-9,9,-9,9,-8,7,-8,7,-9,7,-8,6,-8,6,-8,6,-8,5,-8,5,-7,5,-8,5,-8,4,-8,5,-7,5,-7,5,-7,4,-8,3,-7,4,-7,4,-7,3,-6,3,-6,4,-6,3,-5,3,-5,3,-5,3,-5,3,-5,3,-4,3,-4,3,-4,2,-3,2,-3,3,-2,2,-3,2,-3,2,-2,3,-2,2,-2,2,-2,0,0,0,0,0,0,0,0,0,0]"""
1782212763782,2026-06-23T20:06:03.782,danger,fall,lmh,bed_stand_to_lie_fall,t018,"CSI_DATA,812724,1a:00:00:00:00:00,-58,11,-98,19,38,11,215606543,47,2,256,0,""[0,0,0,0,0,0,0,0,0,0,0,0,-4,-15,-2,-15,-2,-17,0,-17,1,-18,3,-17,4,-18,7,-18,8,-20,9,-19,9,-19,10,-18,11,-19,13,-19,15,-17,17,-17,17,-17,20,-17,18,-15,21,-11,22,-12,20,-12,22,-12,21,-13,22,-12,21,-11,22,-8,22,-8,23,-8,22,-8,22,-7,22,-6,23,-5,21,-5,22,-6,22,-6,22,-5,21,-7,22,-6,21,-6,22,-6,22,-7,22,-5,22,-8,21,-4,21,-5,22,-5,22,-5,23,-5,24,-5,23,-4,23,-5,24,-4,25,-1,26,-4,25,-3,25,-1,0,0,0,0,0,0,1,-25,2,-25,0,-24,3,-23,2,-23,3,-21,3,-22,4,-21,5,-19,4,-18,5,-17,4,-16,4,-17,5,-17,3,-16,3,-14,3,-16,3,-15,5,-14,3,-13,2,-13,4,-14,3,-12,4,-12,4,-12,4,-11,4,-12,3,-13,4,-12,2,-11,3,-10,3,-10,4,-10,3,-11,4,-9,4,-9,4,-8,5,-9,5,-8,5,-8,3,-8,4,-7,4,-6,4,-7,5,-5,4,-5,4,-5,5,-5,5,-5,5,-4,5,-4,4,-3,4,-3,4,-1,4,-3,4,-2,5,0,0,0,0,0,0,0,0,0,0,0]"""
1782212763791,2026-06-23T20:06:03.791,danger,fall,lmh,bed_stand_to_lie_fall,t018,"CSI_DATA,812725,1a:00:00:00:00:00,-57,11,-98,18,38,11,215617330,47,2,256,0,""[0,0,0,0,0,0,0,0,0,0,0,0,16,0,15,0,17,1,17,3,18,3,17,5,18,5,18,7,18,7,19,8,20,9,19,9,21,8,20,11,20,13,19,14,21,14,19,15,18,15,19,14,17,16,19,17,17,16,19,16,19,17,18,15,17,17,17,17,16,17,17,16,16,16,18,16,18,15,17,14,18,14,17,13,17,11,18,12,20,12,20,10,20,12,20,10,19,10,21,10,20,10,20,10,20,9,21,9,22,9,22,9,23,9,23,7,24,9,23,10,25,9,23,8,24,9,0,0,0,0,0,0,10,-23,10,-22,7,-22,9,-20,7,-21,9,-20,8,-20,8,-21,8,-18,7,-17,7,-18,7,-16,5,-17,5,-17,5,-16,2,-16,2,-17,3,-16,4,-16,2,-15,1,-14,2,-15,1,-13,1,-14,0,-14,0,-13,0,-13,-1,-13,0,-13,0,-11,0,-12,0,-13,0,-12,0,-12,0,-10,0,-12,0,-12,0,-12,-1,-10,0,-9,0,-9,-1,-10,0,-9,-1,-9,0,-8,0,-8,0,-8,0,-8,0,-7,0,-7,0,-7,0,-6,0,-6,0,-7,0,-6,0,-5,0,-5,0,0,0,0,0,0,0,0,0,0]"""
1782212763801,2026-06-23T20:06:03.801,danger,fall,lmh,bed_stand_to_lie_fall,t018,"CSI_DATA,812726,1a:00:00:00:00:00,-57,11,-98,21,37,11,215628330,47,2,256,0,""[0,0,0,0,0,0,0,0,0,0,0,0,0,16,-1,16,-2,17,-4,18,-6,17,-7,16,-8,18,-11,17,-12,18,-12,17,-14,17,-15,16,-16,16,-18,15,-20,13,-19,14,-19,14,-21,12,-21,11,-22,8,-26,7,-23,8,-23,6,-23,7,-25,6,-23,6,-23,3,-25,3,-23,3,-23,2,-22,2,-24,2,-23,2,-23,2,-24,2,-23,2,-22,2,-22,2,-23,1,-23,2,-22,0,-23,3,-23,0,-24,2,-22,1,-23,1,-24,1,-23,1,-25,0,-25,1,-26,0,-25,0,-27,-1,-25,-2,-27,-1,-27,-1,-25,-3,0,0,0,0,0,0,-7,25,-7,24,-5,24,-7,24,-7,21,-7,20,-7,21,-8,20,-8,20,-8,19,-7,18,-7,17,-7,18,-8,17,-7,16,-7,16,-6,17,-6,15,-8,14,-5,14,-5,15,-7,13,-5,12,-5,13,-7,13,-6,13,-6,12,-5,14,-6,12,-4,12,-6,12,-6,12,-6,11,-4,11,-5,10,-6,10,-6,11,-6,10,-7,10,-6,8,-5,8,-6,8,-6,8,-6,7,-6,6,-5,6,-7,6,-7,5,-6,5,-6,4,-6,4,-6,3,-5,3,-6,2,-6,3,-6,2,-6,1,0,0,0,0,0,0,0,0,0,0]"""
1782212763811,2026-06-23T20:06:03.811,danger,fall,lmh,bed_stand_to_lie_fall,t018,"CSI_DATA,812727,1a:00:00:00:00:00,-54,11,-98,17,36,11,215639850,47,2,256,0,""[0,0,0,0,0,0,0,0,0,0,0,0,9,-11,12,-10,13,-9,15,-7,17,-6,17,-5,17,-4,17,-2,20,-2,21,0,22,1,22,2,22,3,22,5,21,9,22,8,23,9,21,13,19,13,17,15,17,18,18,16,17,19,16,18,16,19,14,19,12,20,12,20,12,21,12,20,9,22,11,20,9,21,8,21,9,22,7,22,7,21,7,22,7,22,8,22,6,22,6,22,6,23,6,23,4,21,4,23,2,24,3,23,1,25,2,25,1,25,0,25,-1,27,-3,26,-2,26,-3,28,-3,26,0,0,0,0,0,0,24,11,25,9,24,9,21,12,22,11,19,12,19,12,19,13,16,14,15,12,15,13,14,13,15,13,14,13,12,14,12,12,12,12,11,12,9,12,11,12,11,11,9,14,9,10,8,11,7,12,7,12,7,12,8,11,6,11,7,11,6,12,6,12,6,12,6,11,5,11,4,12,4,12,3,10,3,12,2,11,1,11,1,11,1,11,1,11,0,10,0,10,0,9,-1,9,-1,7,-2,7,-2,7,-3,6,-3,6,-3,7,-4,6,-4,6,-4,4,0,0,0,0,0,0,0,0,0,0]"""
1782212763823,2026-06-23T20:06:03.823,danger,fall,lmh,bed_stand_to_lie_fall,t018,"CSI_DATA,812728,1a:00:00:00:00:00,-54,11,-98,17,36,11,215650330,47,2,256,0,""[0,0,0,0,0,0,0,0,0,0,0,0,-6,15,-7,13,-7,14,-9,13,-11,14,-12,12,-13,12,-14,11,-17,12,-18,11,-17,10,-19,10,-20,10,-20,8,-22,6,-23,6,-22,6,-24,4,-23,3,-23,0,-25,-1,-25,0,-25,0,-23,0,-25,-1,-25,0,-24,-1,-24,-3,-24,-4,-23,-3,-22,-4,-23,-3,-23,-3,-22,-4,-23,-3,-22,-3,-22,-3,-22,-3,-22,-3,-23,-3,-23,-3,-23,-2,-23,-3,-23,-3,-22,-4,-23,-3,-23,-4,-23,-3,-25,-4,-25,-6,-24,-4,-25,-4,-25,-6,-25,-8,-25,-6,-25,-7,-26,-7,0,0,0,0,0,0,-12,24,-12,23,-9,23,-12,22,-12,22,-11,19,-11,20,-11,20,-11,18,-11,16,-10,15,-10,15,-10,17,-10,17,-10,15,-9,15,-10,16,-9,15,-10,13,-8,14,-7,14,-8,13,-6,12,-7,12,-8,12,-7,13,-7,12,-6,13,-7,12,-6,12,-6,11,-6,12,-7,11,-6,11,-5,11,-7,11,-6,9,-7,10,-6,10,-7,9,-6,9,-6,9,-7,7,-7,9,-6,7,-6,7,-6,7,-7,6,-7,6,-4,4,-6,4,-7,4,-6,4,-6,3,-6,3,-6,3,-7,1,0,0,0,0,0,0,0,0,0,0]"""
1782212763832,2026-06-23T20:06:03.832,danger,fall,lmh,bed_stand_to_lie_fall,t018,"CSI_DATA,812729,1a:00:00:00:00:00,-57,11,-98,13,39,11,215661853,47,2,256,0,""[0,0,0,0,0,0,0,0,0,0,0,0,10,-6,10,-5,12,-4,13,-3,14,-2,14,-1,14,0,15,0,17,0,16,3,17,3,17,4,17,5,17,7,16,9,16,9,17,9,16,13,14,11,14,12,12,13,14,14,12,15,12,16,11,17,10,16,8,17,8,17,8,17,8,16,7,18,7,17,6,18,6,17,7,18,7,18,5,17,5,18,5,18,6,18,5,18,6,18,4,18,5,18,4,18,4,18,3,19,3,18,3,19,2,21,1,20,1,21,0,21,0,21,0,23,0,21,-1,22,0,0,0,0,0,0,21,5,21,7,19,6,18,7,18,7,17,8,17,8,17,9,16,8,14,9,14,8,13,8,14,8,13,9,12,9,12,8,12,8,11,8,10,8,11,8,11,7,9,8,9,7,9,7,8,8,9,7,8,8,9,7,8,7,8,7,7,7,7,8,7,7,7,7,7,7,6,7,6,8,6,7,6,8,5,8,5,8,4,8,4,8,4,6,3,7,3,7,3,7,2,7,1,7,2,7,1,6,1,6,1,6,0,7,0,6,0,7,-1,6,0,0,0,0,0,0,0,0,0,0]"""
1782212763844,2026-06-23T20:06:03.844,danger,fall,lmh,bed_stand_to_lie_fall,t018,"CSI_DATA,812730,1a:00:00:00:00:00,-57,11,-98,16,39,11,215672834,47,2,256,0,""[0,0,0,0,0,0,0,0,0,0,0,0,-1,-12,0,-12,1,-13,2,-12,4,-13,5,-12,6,-12,8,-12,8,-13,9,-13,11,-12,11,-12,12,-12,13,-12,15,-9,16,-10,16,-9,17,-8,16,-6,18,-6,18,-5,18,-5,18,-3,19,-3,20,-2,18,-2,18,0,19,0,19,0,18,0,18,1,19,0,18,1,17,1,19,1,19,1,17,2,18,2,18,2,18,2,18,3,19,2,17,3,19,3,17,4,18,4,18,5,18,4,19,5,20,7,20,6,19,7,18,9,18,9,20,9,19,9,19,10,0,0,0,0,0,0,14,-16,14,-16,12,-15,13,-13,14,-14,14,-10,13,-12,14,-11,14,-10,13,-9,13,-9,12,-8,12,-8,13,-8,12,-7,11,-7,12,-7,12,-7,12,-6,11,-6,9,-6,11,-5,9,-5,10,-5,11,-4,10,-4,10,-4,9,-5,10,-4,8,-4,9,-3,8,-4,9,-4,8,-3,8,-3,9,-3,9,-3,8,-3,8,-2,8,-2,8,-2,8,-2,8,-1,7,-1,7,0,7,-2,7,0,8,0,6,0,6,0,6,0,6,0,7,0,7,1,6,1,6,2,5,2,0,0,0,0,0,0,0,0,0,0]"""
1782212763854,2026-06-23T20:06:03.854,danger,fall,lmh,bed_stand_to_lie_fall,t018,"CSI_DATA,812731,1a:00:00:00:00:00,-58,11,-98,16,39,11,215683491,47,2,256,0,""[0,0,0,0,0,0,0,0,0,0,0,0,12,-1,11,0,12,1,13,2,13,4,12,5,13,6,12,8,13,8,12,10,12,11,12,11,12,13,11,13,8,16,8,16,8,16,7,18,5,16,5,17,4,17,3,19,2,18,1,19,0,19,1,18,0,19,0,19,-1,18,-1,17,-2,17,-2,18,-3,18,-3,17,-3,18,-3,17,-4,16,-4,17,-4,17,-4,17,-5,16,-4,17,-5,17,-5,18,-6,16,-6,17,-7,17,-7,16,-8,17,-8,18,-8,17,-9,17,-12,17,-12,16,-12,16,-12,16,-13,16,0,0,0,0,0,0,12,16,12,16,11,15,10,16,10,15,8,15,8,15,7,15,6,15,5,14,6,14,5,13,5,14,4,14,4,13,4,12,4,12,4,12,2,12,3,12,4,10,2,12,2,10,2,10,1,10,2,10,2,10,2,9,1,10,2,8,1,8,1,9,0,8,1,8,1,8,0,8,1,8,0,7,0,8,0,8,0,8,0,8,0,7,0,7,0,7,0,7,0,7,0,6,-1,6,0,6,-2,6,-1,6,-2,5,-2,5,-2,5,-2,5,-4,4,0,0,0,0,0,0,0,0,0,0]"""
1782212763875,2026-06-23T20:06:03.875,danger,fall,lmh,bed_stand_to_lie_fall,t018,"CSI_DATA,812732,1a:00:00:00:00:00,-59,11,-98,14,40,11,215703288,47,2,256,0,""[0,0,0,0,0,0,0,0,0,0,0,0,-6,10,-8,9,-9,9,-10,9,-11,8,-11,8,-12,8,-13,6,-14,7,-15,7,-15,5,-15,5,-16,5,-17,5,-18,2,-18,2,-18,3,-18,1,-17,0,-18,0,-18,-1,-19,0,-18,-1,-18,-1,-19,-2,-18,-1,-18,-3,-18,-2,-18,-2,-17,-2,-16,-2,-17,-2,-17,-2,-16,-2,-17,-2,-17,-2,-16,-2,-16,-1,-17,-2,-18,0,-17,-1,-17,0,-17,-1,-19,-1,-16,-1,-17,0,-18,0,-17,0,-18,-1,-19,-2,-18,-1,-18,-1,-20,-2,-19,-2,-20,-2,-19,-2,-19,-2,0,0,0,0,0,0,-5,18,-6,19,-4,17,-5,16,-5,16,-5,15,-5,16,-5,15,-5,14,-5,13,-4,12,-5,12,-4,13,-5,13,-4,11,-3,11,-3,12,-3,11,-4,10,-2,10,-2,10,-2,10,-1,8,-2,9,-2,9,-2,8,-2,8,0,8,-2,8,0,7,0,7,-1,7,-1,7,0,7,0,6,0,6,0,6,0,5,0,6,0,6,0,5,0,5,0,5,0,5,0,5,0,5,0,4,0,5,0,4,0,4,1,4,0,4,0,5,0,5,0,5,0,5,0,5,0,0,0,0,0,0,0,0,0,0]"""
1782212763884,2026-06-23T20:06:03.884,danger,fall,lmh,bed_stand_to_lie_fall,t018,"CSI_DATA,812733,1a:00:00:00:00:00,-59,11,-98,13,40,11,215705329,47,2,256,0,""[0,0,0,0,0,0,0,0,0,0,0,0,-1,-12,0,-12,0,-13,2,-13,3,-14,4,-13,5,-13,6,-13,8,-14,9,-13,9,-13,11,-12,12,-13,13,-11,14,-9,15,-9,15,-10,17,-8,16,-6,17,-6,18,-5,18,-5,18,-3,18,-3,19,-2,17,-2,17,0,18,0,18,0,17,0,17,1,18,1,18,1,17,1,17,2,17,2,16,3,16,3,17,3,17,3,16,3,17,3,16,4,18,3,16,5,17,4,17,6,17,5,16,6,18,8,17,8,17,8,16,9,16,10,17,9,17,10,16,11,0,0,0,0,0,0,14,-13,15,-13,13,-11,14,-10,13,-10,13,-8,14,-9,14,-8,14,-7,13,-6,12,-5,12,-5,12,-5,12,-5,11,-4,10,-4,12,-4,10,-3,10,-3,10,-3,9,-3,10,-2,9,-2,9,-3,9,-1,9,-2,8,-1,8,-2,8,-1,6,-2,7,-1,7,-1,7,-1,6,-2,6,-1,6,0,6,-1,6,0,6,-1,6,0,5,0,5,0,6,0,5,0,5,0,4,0,4,0,5,0,4,0,4,0,4,0,4,0,5,0,5,0,4,0,3,1,4,1,0,0,0,0,0,0,0,0,0,0]"""
1782212763892,2026-06-23T20:06:03.892,danger,fall,lmh,bed_stand_to_lie_fall,t018,"CSI_DATA,812734,1a:00:00:00:00:00,-59,11,-98,18,39,11,215716535,47,2,256,0,""[0,0,0,0,0,0,0,0,0,0,0,0,2,-12,4,-12,6,-12,7,-12,8,-11,10,-10,11,-10,12,-10,13,-9,14,-8,15,-8,15,-7,16,-7,17,-6,18,-3,18,-3,18,-2,19,-1,18,0,19,0,18,1,19,2,18,3,18,3,19,5,18,4,17,6,17,6,17,6,17,6,16,7,17,7,16,7,16,7,16,7,15,8,14,8,15,7,15,8,16,8,14,9,15,8,16,9,16,8,14,10,15,9,14,10,14,10,15,10,15,12,14,12,13,11,13,14,12,14,15,14,13,13,12,14,0,0,0,0,0,0,16,-9,16,-8,15,-9,15,-7,15,-7,16,-5,15,-6,16,-5,15,-5,14,-2,13,-3,13,-2,13,-3,13,-2,12,-2,12,-2,11,-2,11,-2,11,-1,10,-1,10,-1,10,-1,8,-1,9,-1,9,0,8,0,8,0,8,-1,8,0,7,0,7,0,7,0,7,0,6,0,5,0,6,0,6,0,5,0,5,0,5,0,4,0,4,0,5,0,5,0,5,0,3,0,4,0,4,0,3,0,4,0,3,0,3,0,4,0,4,0,4,0,3,0,3,0,0,0,0,0,0,0,0,0,0,0]"""
1782212763901,2026-06-23T20:06:03.901,danger,fall,lmh,bed_stand_to_lie_fall,t018,"CSI_DATA,812735,1a:00:00:00:00:00,-59,11,-98,16,39,11,215728556,47,2,256,0,""[0,0,0,0,0,0,0,0,0,0,0,0,4,12,3,12,2,14,0,15,0,15,-1,15,-1,16,-3,16,-4,16,-4,17,-6,17,-6,16,-7,17,-8,17,-10,16,-10,16,-9,16,-12,16,-11,13,-12,14,-13,14,-14,14,-14,13,-14,13,-16,12,-13,12,-15,11,-15,11,-16,11,-15,11,-14,10,-14,11,-14,10,-14,10,-14,11,-14,11,-14,10,-14,11,-14,11,-13,12,-14,11,-13,11,-14,10,-15,12,-13,10,-14,11,-14,11,-13,12,-15,11,-15,12,-16,11,-15,11,-16,11,-17,10,-17,12,-16,11,-17,10,0,0,0,0,0,0,7,18,8,18,7,16,7,17,7,17,5,16,6,16,5,16,4,15,4,14,4,14,4,14,4,13,4,13,4,12,4,12,4,12,4,11,3,11,3,11,4,10,3,10,3,8,3,8,2,9,3,9,3,8,3,8,3,8,4,7,3,7,3,7,3,8,2,6,3,6,2,6,2,6,1,5,2,6,2,5,2,4,1,4,1,5,1,4,1,4,2,4,1,4,1,3,1,4,2,3,1,3,2,3,2,3,1,3,1,3,1,3,1,4,0,0,0,0,0,0,0,0,0,0]"""
1782212763913,2026-06-23T20:06:03.913,danger,fall,lmh,bed_stand_to_lie_fall,t018,"CSI_DATA,812736,1a:00:00:00:00:00,-58,11,-98,19,38,11,215739307,47,2,256,0,""[0,0,0,0,0,0,0,0,0,0,0,0,-5,-16,-3,-17,-2,-17,0,-19,0,-19,2,-19,3,-19,4,-20,5,-22,5,-21,8,-22,8,-21,9,-22,11,-21,13,-20,14,-20,14,-21,16,-19,17,-17,19,-18,18,-17,20,-15,19,-15,19,-15,21,-15,20,-15,19,-12,21,-13,21,-11,20,-11,19,-11,22,-11,21,-11,20,-11,20,-11,19,-12,18,-10,20,-11,20,-11,19,-12,19,-11,19,-12,21,-11,20,-11,20,-10,20,-11,21,-10,20,-11,21,-11,22,-10,22,-11,22,-11,24,-9,23,-8,23,-11,24,-9,23,-9,0,0,0,0,0,0,-5,-23,-4,-24,-5,-23,-2,-23,-2,-22,-2,-21,-1,-21,-1,-21,-1,-20,0,-19,-1,-18,0,-17,0,-17,0,-17,0,-17,-1,-15,-1,-15,0,-15,0,-15,0,-14,-2,-14,0,-13,0,-12,0,-12,0,-12,0,-12,0,-11,-1,-11,-1,-11,-1,-11,0,-10,-1,-11,0,-9,0,-9,0,-9,0,-9,0,-9,0,-8,0,-8,0,-8,0,-7,0,-6,0,-6,1,-6,0,-6,0,-6,0,-5,1,-6,0,-5,0,-4,0,-5,0,-5,0,-4,1,-4,0,-4,1,-3,1,-4,0,0,0,0,0,0,0,0,0,0]"""
1782212763921,2026-06-23T20:06:03.921,danger,fall,lmh,bed_stand_to_lie_fall,t018,"CSI_DATA,812737,1a:00:00:00:00:00,-58,11,-98,14,39,11,215749329,47,2,256,0,""[0,0,0,0,0,0,0,0,0,0,0,0,11,-8,12,-7,12,-7,14,-6,15,-5,16,-4,16,-4,16,-2,18,-2,18,-1,19,-1,19,0,19,0,20,0,20,2,20,2,20,1,20,4,19,4,19,5,19,6,20,6,19,6,19,5,20,7,18,5,18,8,19,7,18,7,18,6,17,6,19,6,18,6,18,6,19,5,18,4,17,4,18,3,18,4,18,2,18,3,18,1,18,3,20,2,18,2,18,2,18,1,19,1,19,1,21,1,20,1,20,1,21,2,20,3,22,0,21,1,22,1,0,0,0,0,0,0,4,-20,3,-20,2,-20,3,-18,2,-17,3,-17,2,-17,3,-17,3,-17,3,-15,2,-15,2,-14,1,-14,1,-15,1,-13,0,-13,0,-14,0,-13,1,-13,0,-12,0,-11,0,-12,0,-11,0,-11,0,-11,0,-11,0,-10,-1,-11,0,-10,-1,-9,0,-9,-1,-9,-1,-9,-1,-9,-1,-8,-1,-9,0,-8,-1,-8,0,-8,-1,-7,-1,-7,-1,-7,0,-7,0,-7,0,-6,-1,-6,0,-6,-1,-6,0,-5,0,-5,-1,-5,0,-4,0,-5,0,-5,0,-4,0,-4,0,-4,0,0,0,0,0,0,0,0,0,0]"""
1782212763932,2026-06-23T20:06:03.932,danger,fall,lmh,bed_stand_to_lie_fall,t018,"CSI_DATA,812738,1a:00:00:00:00:00,-58,11,-98,14,39,11,215760329,47,2,256,0,""[0,0,0,0,0,0,0,0,0,0,0,0,7,11,5,13,5,14,4,15,2,15,1,16,0,16,-2,17,-1,18,-4,18,-5,17,-5,17,-6,19,-8,17,-10,17,-10,17,-10,16,-13,16,-13,14,-14,14,-15,12,-15,14,-16,12,-15,12,-17,11,-16,11,-17,9,-17,9,-17,9,-17,9,-17,7,-17,8,-17,7,-17,7,-17,7,-16,7,-17,6,-16,7,-17,7,-16,7,-17,6,-16,7,-17,6,-17,7,-17,6,-17,5,-17,5,-17,5,-18,5,-20,5,-19,5,-19,4,-20,3,-20,2,-21,3,-21,2,-20,2,0,0,0,0,0,0,-1,20,-1,20,0,19,-2,18,-2,18,-4,17,-3,17,-3,17,-3,16,-3,15,-4,14,-4,13,-3,15,-4,14,-4,12,-3,13,-3,13,-4,12,-4,11,-3,11,-2,11,-4,11,-3,10,-3,10,-4,10,-4,11,-3,9,-3,10,-4,10,-3,9,-3,8,-4,9,-4,8,-3,8,-3,8,-4,8,-5,8,-4,8,-5,8,-4,7,-4,7,-4,7,-5,7,-4,6,-4,5,-4,5,-4,5,-5,5,-4,3,-4,4,-5,4,-5,3,-4,3,-4,2,-4,2,-4,1,-4,1,0,0,0,0,0,0,0,0,0,0]"""
1782212763944,2026-06-23T20:06:03.944,danger,fall,lmh,bed_stand_to_lie_fall,t018,"CSI_DATA,812739,1a:00:00:00:00:00,-58,11,-98,15,39,11,215771577,47,2,256,0,""[0,0,0,0,0,0,0,0,0,0,0,0,-1,-14,0,-13,0,-14,1,-15,3,-15,3,-15,4,-15,5,-15,6,-17,6,-17,7,-17,7,-16,7,-18,8,-17,11,-16,11,-17,11,-17,12,-16,11,-14,11,-15,12,-15,12,-15,13,-15,12,-15,13,-15,11,-15,13,-13,12,-14,13,-13,11,-14,11,-13,11,-14,11,-14,11,-14,10,-15,10,-14,9,-14,9,-15,8,-15,8,-16,7,-15,7,-16,7,-15,6,-17,6,-16,6,-16,6,-17,5,-17,5,-17,5,-19,5,-17,5,-18,6,-19,6,-18,5,-19,5,-19,5,-18,0,0,0,0,0,0,-18,-5,-18,-5,-17,-3,-17,-5,-17,-4,-16,-4,-16,-3,-16,-4,-15,-3,-14,-3,-14,-3,-14,-2,-14,-2,-14,-1,-13,-1,-12,0,-13,0,-12,0,-12,0,-12,0,-11,1,-12,0,-10,1,-11,1,-11,0,-10,0,-11,2,-9,3,-10,3,-9,3,-10,2,-9,3,-9,3,-8,3,-8,3,-9,3,-8,3,-8,4,-8,4,-8,3,-8,3,-7,3,-7,3,-7,3,-6,3,-7,2,-6,2,-6,3,-5,2,-6,2,-6,2,-5,2,-5,2,-5,1,-5,1,-5,1,-5,0,0,0,0,0,0,0,0,0,0,0]"""
1782212763955,2026-06-23T20:06:03.955,danger,fall,lmh,bed_stand_to_lie_fall,t018,"CSI_DATA,812740,1a:00:00:00:00:00,-58,11,-98,17,39,11,215782495,47,2,256,0,""[0,0,0,0,0,0,0,0,0,0,0,0,-7,10,-8,9,-9,10,-11,9,-12,9,-13,7,-13,7,-14,6,-16,6,-17,6,-17,4,-17,3,-18,3,-18,1,-18,0,-20,-1,-19,0,-19,-3,-18,-3,-17,-3,-18,-5,-18,-5,-18,-6,-17,-6,-18,-7,-16,-7,-16,-8,-16,-8,-16,-9,-15,-8,-14,-8,-15,-9,-15,-8,-14,-8,-15,-8,-14,-8,-13,-8,-13,-7,-14,-9,-14,-7,-14,-8,-15,-8,-14,-8,-16,-7,-13,-8,-14,-8,-14,-9,-14,-7,-15,-9,-15,-9,-14,-9,-14,-9,-14,-12,-13,-12,-15,-11,-14,-10,-14,-12,0,0,0,0,0,0,-14,13,-13,12,-12,11,-12,10,-13,11,-12,9,-12,9,-12,9,-12,8,-12,7,-10,7,-11,7,-11,7,-10,8,-10,6,-9,6,-9,7,-9,6,-9,6,-9,6,-8,6,-9,6,-7,6,-8,6,-8,6,-8,6,-7,6,-7,6,-8,6,-6,6,-7,5,-7,6,-8,6,-7,6,-6,5,-7,5,-7,5,-7,5,-6,5,-7,4,-6,3,-6,4,-8,4,-7,3,-7,3,-6,3,-6,2,-7,3,-6,2,-6,2,-6,1,-6,1,-6,1,-6,0,-6,0,-6,0,-5,0,0,0,0,0,0,0,0,0,0,0]"""
1782212763966,2026-06-23T20:06:03.966,danger,fall,lmh,bed_stand_to_lie_fall,t018,"CSI_DATA,812741,1a:00:00:00:00:00,-58,11,-98,18,39,11,215793329,47,2,256,0,""[0,0,0,0,0,0,0,0,0,0,0,0,2,-12,4,-12,5,-12,6,-13,7,-12,7,-11,8,-11,9,-12,10,-12,11,-12,12,-11,12,-12,12,-12,13,-12,15,-10,14,-10,15,-11,16,-10,15,-9,15,-8,16,-7,16,-9,16,-8,16,-8,17,-8,15,-8,16,-7,16,-8,16,-7,15,-8,13,-7,14,-8,14,-8,13,-8,14,-9,13,-9,12,-9,12,-10,12,-10,12,-10,12,-10,10,-11,11,-11,11,-12,11,-11,10,-11,10,-12,10,-13,10,-12,11,-13,10,-13,10,-14,11,-14,11,-13,10,-15,10,-15,10,-14,0,0,0,0,0,0,-13,-11,-13,-11,-13,-9,-13,-10,-13,-8,-12,-9,-11,-8,-12,-8,-11,-8,-11,-8,-10,-7,-10,-6,-11,-6,-10,-5,-10,-5,-10,-4,-10,-5,-10,-4,-10,-4,-10,-3,-10,-2,-10,-3,-9,-2,-9,-1,-9,-2,-10,-1,-9,-1,-9,0,-9,0,-9,0,-8,0,-9,0,-9,0,-8,0,-9,0,-8,0,-8,0,-8,0,-8,1,-8,1,-8,0,-8,0,-8,0,-7,0,-8,0,-7,1,-7,0,-7,1,-6,0,-6,0,-7,0,-6,0,-5,0,-6,0,-5,0,-5,0,-5,-1,0,0,0,0,0,0,0,0,0,0]"""
1782212763976,2026-06-23T20:06:03.976,danger,fall,lmh,bed_stand_to_lie_fall,t018,"CSI_DATA,812742,1a:00:00:00:00:00,-59,11,-98,16,40,11,215805147,47,2,256,0,""[0,0,0,0,0,0,0,0,0,0,0,0,-4,11,-5,10,-7,10,-8,10,-9,10,-9,9,-10,9,-11,8,-12,9,-13,9,-14,8,-14,7,-15,7,-15,6,-16,4,-17,4,-16,5,-18,4,-16,3,-17,1,-17,1,-17,1,-17,1,-17,0,-17,0,-16,0,-16,-1,-16,0,-17,0,-15,0,-15,0,-16,0,-15,0,-15,0,-16,0,-15,0,-15,0,-15,1,-15,0,-15,2,-15,1,-15,1,-15,1,-16,2,-14,1,-15,2,-15,2,-15,3,-16,2,-17,2,-16,1,-16,2,-17,1,-17,0,-17,1,-17,1,-17,1,0,0,0,0,0,0,0,17,0,18,0,15,0,15,0,15,0,13,0,15,0,15,0,14,0,13,0,12,0,12,0,12,0,12,0,11,0,11,1,11,1,10,0,10,1,10,2,9,1,10,1,9,1,9,1,9,1,9,2,8,2,8,2,8,3,8,2,7,2,7,2,8,2,8,3,7,2,7,2,7,2,7,2,7,2,7,2,7,2,7,1,7,1,7,1,7,1,6,1,6,1,6,1,6,1,5,0,5,1,5,0,6,0,6,0,5,0,5,0,5,0,0,0,0,0,0,0,0,0,0]"""
1782212763988,2026-06-23T20:06:03.988,danger,fall,lmh,bed_stand_to_lie_fall,t018,"CSI_DATA,812743,1a:00:00:00:00:00,-59,11,-98,17,40,11,215815379,47,2,256,0,""[0,0,0,0,0,0,0,0,0,0,0,0,-9,-6,-8,-7,-8,-8,-8,-10,-7,-10,-6,-11,-5,-11,-4,-12,-5,-14,-4,-14,-3,-15,-2,-15,-1,-16,-1,-16,1,-16,1,-17,1,-17,3,-17,3,-15,5,-15,5,-15,4,-15,6,-15,6,-15,7,-15,6,-15,7,-13,8,-14,7,-14,7,-13,8,-13,8,-13,7,-13,7,-12,7,-13,7,-13,7,-11,7,-12,8,-13,6,-13,8,-12,6,-13,7,-13,7,-13,7,-12,7,-13,8,-13,7,-13,8,-13,9,-14,9,-13,9,-13,10,-15,10,-13,10,-15,10,-13,10,-13,0,0,0,0,0,0,-11,-12,-11,-12,-11,-11,-10,-11,-10,-11,-10,-11,-8,-10,-9,-11,-8,-10,-7,-11,-7,-10,-6,-9,-8,-9,-6,-9,-6,-9,-6,-8,-6,-8,-6,-8,-6,-8,-6,-7,-6,-7,-5,-7,-5,-6,-5,-6,-5,-6,-5,-6,-6,-6,-6,-5,-5,-6,-6,-5,-5,-6,-6,-6,-5,-6,-5,-5,-5,-5,-5,-5,-5,-5,-5,-5,-5,-5,-4,-5,-4,-5,-4,-5,-4,-5,-4,-5,-3,-5,-4,-5,-3,-5,-3,-5,-2,-5,-3,-5,-3,-5,-2,-5,-2,-4,-1,-5,-1,-5,0,-5,0,-5,0,0,0,0,0,0,0,0,0,0]"""
1782212764000,2026-06-23T20:06:04.000,danger,fall,lmh,bed_stand_to_lie_fall,t018,"CSI_DATA,812744,1a:00:00:00:00:00,-60,11,-98,19,40,11,215828023,47,2,256,0,""[0,0,0,0,0,0,0,0,0,0,0,0,-10,-1,-10,-3,-11,-4,-10,-4,-10,-5,-10,-6,-10,-6,-10,-8,-12,-8,-12,-8,-10,-9,-11,-9,-11,-9,-11,-10,-10,-12,-10,-12,-10,-11,-9,-13,-9,-12,-8,-12,-7,-13,-9,-13,-8,-13,-8,-13,-9,-13,-8,-12,-8,-13,-8,-13,-8,-13,-8,-12,-7,-11,-9,-12,-8,-12,-8,-11,-9,-11,-9,-11,-9,-9,-9,-9,-10,-10,-11,-9,-11,-10,-12,-8,-10,-9,-12,-9,-10,-8,-12,-8,-12,-8,-12,-8,-13,-8,-14,-8,-14,-8,-14,-7,-14,-9,-13,-9,-16,-9,-14,-8,-14,-8,0,0,0,0,0,0,-9,14,-8,14,-7,13,-8,12,-6,12,-7,12,-7,12,-6,12,-6,11,-6,10,-5,11,-5,10,-5,10,-4,10,-4,10,-2,10,-3,11,-2,10,-3,10,-2,9,-1,9,-2,9,-1,8,-1,8,-1,8,0,9,0,8,1,8,0,9,1,8,0,8,0,7,1,8,1,7,1,7,1,7,2,7,1,7,1,7,1,6,1,6,2,5,1,6,1,6,1,5,1,5,1,5,1,5,1,4,1,4,1,4,1,4,1,5,1,4,1,5,0,4,0,4,0,0,0,0,0,0,0,0,0,0]"""
1782212764011,2026-06-23T20:06:04.011,danger,fall,lmh,bed_stand_to_lie_fall,t018,"CSI_DATA,812745,1a:00:00:00:00:00,-60,11,-98,17,41,11,215837554,47,2,256,0,""[0,0,0,0,0,0,0,0,0,0,0,0,-8,-5,-7,-6,-8,-7,-7,-7,-7,-8,-6,-9,-6,-9,-5,-11,-6,-11,-5,-12,-4,-13,-4,-13,-4,-13,-3,-14,-1,-14,-1,-15,-2,-14,0,-16,0,-14,1,-14,3,-14,1,-15,2,-14,2,-14,4,-14,3,-14,4,-14,4,-14,4,-14,4,-13,4,-13,4,-13,3,-13,4,-12,3,-13,4,-13,4,-13,3,-13,3,-13,2,-13,3,-13,2,-13,3,-13,2,-14,3,-13,3,-13,3,-14,3,-13,3,-14,4,-15,4,-14,3,-15,5,-15,5,-15,4,-15,4,-15,5,-15,0,0,0,0,0,0,-14,-6,-14,-7,-13,-6,-12,-7,-13,-7,-11,-7,-11,-6,-11,-6,-11,-7,-9,-6,-9,-7,-8,-6,-10,-6,-9,-6,-8,-6,-9,-5,-8,-5,-8,-4,-7,-5,-8,-4,-8,-3,-8,-4,-7,-3,-6,-3,-6,-4,-7,-3,-7,-3,-7,-3,-7,-3,-6,-2,-7,-2,-6,-3,-6,-2,-6,-2,-6,-2,-5,-2,-5,-2,-5,-2,-5,-2,-5,-2,-5,-2,-5,-2,-4,-2,-4,-2,-4,-2,-4,-2,-4,-2,-4,-1,-3,-2,-3,-1,-3,-2,-3,-2,-3,-1,-3,-2,-3,-2,-3,-2,-2,-2,0,0,0,0,0,0,0,0,0,0]"""
1782212764019,2026-06-23T20:06:04.019,danger,fall,lmh,bed_stand_to_lie_fall,t018,"CSI_DATA,812746,1a:00:00:00:00:00,-61,11,-98,19,41,11,215848328,47,2,256,0,""[0,0,0,0,0,0,0,0,0,0,0,0,2,-8,3,-8,4,-9,6,-9,6,-8,7,-8,8,-8,9,-7,10,-7,10,-7,12,-7,11,-6,12,-6,13,-5,13,-3,13,-4,14,-4,14,-2,14,-1,14,-1,14,0,15,0,14,0,15,0,15,1,14,1,13,2,14,1,13,2,13,1,13,2,14,2,14,1,13,2,13,1,13,1,12,1,13,1,13,2,13,1,13,1,13,0,13,0,14,1,14,1,13,1,13,1,13,1,13,1,15,2,15,2,14,2,15,3,14,3,16,2,15,3,15,3,0,0,0,0,0,0,6,-14,6,-14,5,-13,6,-12,5,-13,6,-12,5,-12,6,-12,6,-10,6,-10,5,-9,5,-9,5,-9,5,-9,5,-9,4,-8,5,-9,4,-8,4,-8,3,-8,3,-7,3,-7,3,-7,3,-7,4,-7,3,-7,3,-6,2,-6,3,-6,3,-5,2,-5,2,-5,3,-6,2,-6,2,-5,3,-5,2,-5,2,-4,2,-5,2,-4,1,-4,2,-4,2,-4,2,-3,2,-3,1,-3,1,-3,1,-3,1,-2,1,-2,1,-3,1,-2,1,-2,1,-2,1,-2,1,-2,1,-1,0,0,0,0,0,0,0,0,0,0]"""
1782212764034,2026-06-23T20:06:04.034,danger,fall,lmh,bed_stand_to_lie_fall,t018,"CSI_DATA,812747,1a:00:00:00:00:00,-61,11,-98,18,41,11,215859565,47,2,256,0,""[0,0,0,0,0,0,0,0,0,0,0,0,-3,9,-3,8,-4,9,-6,9,-7,8,-7,8,-7,8,-9,7,-10,8,-11,7,-10,7,-11,7,-12,7,-13,6,-13,4,-14,4,-13,5,-15,3,-13,3,-14,2,-15,1,-15,1,-15,0,-15,1,-15,0,-14,0,-14,0,-14,0,-14,0,-14,0,-13,0,-14,-1,-14,-1,-13,-1,-14,-1,-13,0,-13,0,-13,0,-13,0,-14,0,-13,0,-13,1,-13,0,-14,1,-13,0,-13,0,-14,0,-13,0,-14,0,-15,0,-14,1,-15,0,-15,0,-14,-1,-16,0,-15,0,-15,0,0,0,0,0,0,0,-3,15,-3,15,-2,14,-3,13,-3,14,-3,12,-2,14,-3,12,-3,13,-4,11,-3,11,-3,10,-2,10,-3,11,-2,10,-2,9,-2,10,-2,9,-3,8,-2,9,-2,8,-2,8,-1,8,-2,7,-2,7,-2,7,-2,7,-1,7,-2,7,-1,6,-2,5,-2,5,-1,6,-1,6,-1,5,-2,5,-2,5,-1,5,-2,5,-1,4,-1,3,0,4,-2,4,-1,4,-1,3,0,3,-1,2,-1,3,-1,2,-1,2,0,2,0,2,-1,2,0,1,0,2,0,2,0,2,0,0,0,0,0,0,0,0,0,0]"""
1782212764042,2026-06-23T20:06:04.042,danger,fall,lmh,bed_stand_to_lie_fall,t018,"CSI_DATA,812748,1a:00:00:00:00:00,-60,11,-98,15,41,11,215870328,47,2,256,0,""[0,0,0,0,0,0,0,0,0,0,0,0,9,-3,9,-3,10,-2,11,-2,11,-1,12,0,12,0,12,0,14,0,13,0,14,1,14,1,15,0,15,1,15,2,15,3,16,2,16,4,14,4,15,4,16,5,15,4,14,5,16,4,16,5,14,4,14,5,15,4,15,4,14,4,14,4,15,4,15,3,14,3,14,2,14,2,14,1,15,0,15,0,14,0,14,0,15,-1,14,0,15,-2,15,-1,14,-2,15,-2,14,-2,15,-3,16,-3,15,-3,16,-4,17,-4,16,-4,17,-4,16,-5,16,-5,0,0,0,0,0,0,-4,-17,-4,-16,-5,-15,-4,-15,-5,-14,-3,-14,-5,-14,-5,-14,-4,-13,-4,-12,-5,-12,-4,-11,-5,-12,-4,-11,-4,-10,-5,-9,-6,-10,-5,-9,-5,-9,-5,-8,-6,-8,-5,-8,-5,-7,-5,-8,-5,-7,-5,-7,-5,-6,-5,-6,-5,-6,-5,-5,-4,-5,-5,-5,-4,-5,-5,-5,-4,-4,-5,-5,-4,-5,-4,-5,-4,-4,-3,-4,-3,-3,-3,-3,-3,-3,-2,-3,-2,-3,-2,-2,-1,-2,-2,-2,-1,-2,-1,-1,-1,-1,-1,-1,-1,-1,-1,-1,0,-1,0,0,0,0,0,0,0,0,0,0,0,0,0,0]"""
1782212764053,2026-06-23T20:06:04.053,danger,fall,lmh,bed_stand_to_lie_fall,t018,"CSI_DATA,812749,1a:00:00:00:00:00,-58,11,-98,16,39,11,215881328,47,2,256,0,""[0,0,0,0,0,0,0,0,0,0,0,0,4,9,4,10,3,10,3,12,2,12,1,13,0,13,0,13,0,15,-1,15,-2,16,-3,15,-3,16,-4,16,-6,15,-7,15,-6,16,-8,15,-9,15,-9,15,-10,13,-11,14,-11,13,-11,14,-12,14,-11,14,-12,12,-13,12,-13,12,-12,12,-12,11,-13,12,-12,11,-12,11,-13,12,-12,12,-12,11,-12,12,-12,11,-12,12,-13,11,-11,12,-12,12,-12,12,-12,12,-12,12,-12,12,-12,12,-13,12,-14,12,-13,13,-14,13,-15,12,-15,11,-16,12,-16,12,-16,12,0,0,0,0,0,0,9,17,10,17,10,16,8,16,8,16,7,15,7,15,7,16,6,15,5,15,6,14,4,13,5,14,4,14,4,13,5,12,5,13,4,12,4,12,4,12,5,11,3,12,4,11,3,11,3,11,3,10,3,10,3,10,2,11,3,9,2,9,2,10,2,10,1,9,1,8,1,9,0,8,0,8,0,8,0,8,0,7,0,7,0,7,0,6,-1,6,-1,5,-1,5,-1,4,-1,4,-1,3,-1,3,-1,3,-2,2,-2,2,-1,2,-1,1,-1,0,0,0,0,0,0,0,0,0,0,0]"""
1782212764066,2026-06-23T20:06:04.066,danger,fall,lmh,bed_stand_to_lie_fall,t018,"CSI_DATA,812750,1a:00:00:00:00:00,-54,11,-98,15,36,11,215892328,47,2,256,0,""[0,0,0,0,0,0,0,0,0,0,0,0,-14,-2,-12,-5,-14,-6,-14,-8,-14,-9,-12,-11,-12,-12,-12,-14,-13,-15,-13,-16,-11,-16,-11,-18,-12,-19,-11,-20,-8,-21,-8,-22,-9,-22,-5,-24,-4,-22,-5,-24,-3,-24,-1,-25,-1,-25,-2,-24,-1,-25,0,-25,0,-25,0,-25,2,-24,0,-24,2,-24,1,-25,2,-24,1,-24,1,-25,2,-25,1,-23,1,-24,1,-24,0,-24,1,-24,0,-25,1,-24,0,-25,2,-24,1,-25,3,-25,1,-24,1,-26,1,-28,0,-27,1,-27,4,-28,5,-29,3,-30,3,-28,5,-29,0,0,0,0,0,0,-27,-9,-27,-10,-25,-7,-24,-10,-25,-10,-24,-9,-22,-9,-24,-10,-22,-10,-20,-11,-20,-11,-18,-11,-20,-10,-18,-9,-18,-11,-17,-9,-19,-9,-18,-9,-16,-10,-16,-9,-16,-7,-16,-9,-14,-8,-15,-9,-14,-9,-14,-9,-13,-9,-14,-7,-14,-9,-13,-9,-13,-9,-12,-9,-11,-9,-11,-9,-11,-9,-10,-9,-10,-9,-9,-10,-8,-9,-7,-10,-6,-10,-6,-9,-6,-11,-4,-9,-4,-9,-4,-8,-3,-8,-2,-8,-1,-7,0,-7,0,-7,0,-7,0,-6,1,-6,0,-5,1,-3,1,-3,0,0,0,0,0,0,0,0,0,0]"""
1782212764075,2026-06-23T20:06:04.075,danger,fall,lmh,bed_stand_to_lie_fall,t018,"CSI_DATA,812751,1a:00:00:00:00:00,-52,11,-98,18,34,11,215903328,47,2,256,0,""[0,0,0,0,0,0,0,0,0,0,0,0,15,-5,15,-2,16,-2,20,-1,19,-1,17,2,20,1,20,4,22,4,22,5,22,7,23,8,23,8,23,10,23,12,23,12,24,13,21,14,20,16,23,16,22,17,20,20,18,20,19,20,19,23,17,20,16,22,17,23,16,20,18,21,14,20,17,24,16,22,16,20,17,22,16,21,15,20,16,20,17,21,18,20,18,22,17,19,18,23,18,22,17,23,17,21,17,23,17,22,19,23,18,26,19,24,19,25,17,29,17,26,20,28,18,29,17,29,0,0,0,0,0,0,32,-14,30,-13,29,-15,28,-11,27,-11,29,-9,26,-11,29,-11,26,-8,26,-7,24,-8,24,-7,24,-8,25,-6,23,-7,22,-6,24,-8,22,-5,22,-5,21,-6,21,-8,21,-4,19,-5,20,-5,20,-4,20,-4,19,-3,20,-4,20,-5,17,-5,17,-2,20,-2,19,-2,18,-3,17,-1,19,0,17,0,17,0,17,0,15,1,16,0,14,2,14,2,14,2,13,4,12,3,11,5,11,3,9,5,8,5,8,5,8,5,6,5,5,5,5,5,3,5,3,6,0,0,0,0,0,0,0,0,0,0]"""
1782212764089,2026-06-23T20:06:04.089,danger,fall,lmh,bed_stand_to_lie_fall,t018,"CSI_DATA,812752,1a:00:00:00:00:00,-50,11,-98,18,33,11,215914328,47,2,256,0,""[0,0,0,0,0,0,0,0,0,0,0,0,-11,-13,-12,-13,-12,-14,-10,-15,-10,-18,-9,-18,-10,-19,-8,-21,-10,-23,-8,-22,-8,-23,-9,-24,-10,-26,-9,-26,-6,-29,-6,-28,-8,-28,-5,-30,-6,-28,-6,-28,-3,-27,-7,-30,-4,-31,-6,-31,-6,-31,-8,-30,-6,-31,-6,-30,-5,-31,-9,-28,-7,-28,-10,-30,-10,-28,-10,-28,-12,-29,-12,-29,-12,-26,-13,-26,-15,-26,-17,-26,-16,-26,-19,-25,-18,-25,-21,-24,-19,-22,-21,-23,-22,-24,-23,-21,-24,-24,-25,-25,-26,-25,-27,-23,-27,-25,-26,-26,-30,-24,-30,-22,-31,-23,0,0,0,0,0,0,-26,29,-24,28,-21,30,-21,26,-20,28,-21,26,-20,28,-20,28,-19,27,-19,25,-15,26,-14,25,-14,27,-13,27,-12,26,-10,25,-10,27,-10,25,-10,25,-7,24,-6,26,-9,24,-6,23,-6,23,-6,23,-5,24,-5,23,-3,23,-2,25,-1,22,-3,22,-3,24,-2,23,-1,21,-2,21,-2,22,-2,22,-2,21,-3,20,-2,18,-1,18,-2,17,-2,18,-1,18,-2,18,-2,15,-5,15,-4,15,-4,13,-3,12,-3,12,-4,10,-4,10,-4,10,-6,10,-4,9,-5,8,0,0,0,0,0,0,0,0,0,0]"""
1782212764101,2026-06-23T20:06:04.101,danger,fall,lmh,bed_stand_to_lie_fall,t018,"CSI_DATA,812753,1a:00:00:00:00:00,-49,11,-98,16,32,11,215927478,47,2,256,0,""[0,0,0,0,0,0,0,0,0,0,0,0,10,-19,10,-17,13,-19,13,-21,15,-19,15,-19,16,-19,17,-19,20,-21,21,-22,20,-22,21,-21,23,-24,23,-24,26,-21,26,-23,24,-25,27,-24,24,-23,28,-25,26,-28,27,-24,28,-24,24,-26,29,-24,25,-26,27,-23,25,-26,26,-26,23,-27,23,-25,21,-28,21,-30,19,-30,20,-30,16,-30,18,-30,15,-32,15,-33,12,-36,11,-35,10,-33,11,-34,6,-40,9,-38,6,-38,7,-40,3,-38,3,-42,2,-44,0,-41,0,-42,1,-44,2,-44,-2,-45,-4,-46,-1,-44,0,0,0,0,0,0,-44,3,-46,6,-39,6,-43,6,-41,8,-40,7,-39,9,-39,10,-39,10,-36,9,-33,10,-35,12,-36,12,-33,14,-31,13,-29,14,-29,17,-28,17,-25,15,-26,17,-24,19,-26,19,-20,19,-23,20,-24,20,-21,21,-23,20,-19,21,-20,22,-19,21,-18,20,-19,23,-16,22,-16,22,-16,21,-14,22,-15,22,-14,19,-15,22,-14,19,-13,18,-13,18,-14,19,-12,16,-13,16,-13,16,-13,15,-11,16,-11,13,-11,13,-12,13,-11,13,-11,11,-9,8,-11,9,-10,8,-10,8,0,0,0,0,0,0,0,0,0,0]"""
1782212764113,2026-06-23T20:06:04.113,danger,fall,lmh,bed_stand_to_lie_fall,t018,"CSI_DATA,812754,1a:00:00:00:00:00,-48,11,-98,17,31,11,215936421,47,2,256,0,""[0,0,0,0,0,0,0,0,0,0,0,0,-11,-17,-9,-19,-9,-20,-9,-25,-8,-23,-5,-26,-6,-28,-3,-27,-3,-30,0,-29,-1,-32,-2,-34,0,-34,1,-33,6,-35,5,-34,5,-38,7,-34,10,-34,6,-33,9,-32,11,-39,16,-34,13,-38,16,-37,14,-33,16,-35,17,-38,16,-32,14,-37,14,-34,15,-37,15,-34,15,-33,14,-34,11,-37,14,-32,10,-37,13,-33,11,-35,15,-37,7,-35,9,-38,9,-40,11,-41,10,-38,11,-40,13,-40,9,-41,13,-43,11,-43,9,-44,14,-45,14,-43,11,-45,11,-47,14,-44,0,0,0,0,0,0,-47,-19,-40,-17,-44,-16,-42,-20,-40,-17,-41,-20,-37,-16,-41,-19,-37,-15,-35,-19,-35,-16,-31,-17,-35,-16,-31,-17,-32,-16,-32,-15,-33,-14,-34,-11,-33,-16,-30,-10,-31,-9,-31,-14,-30,-13,-29,-15,-28,-14,-28,-11,-28,-11,-30,-9,-28,-10,-29,-10,-27,-10,-28,-13,-25,-9,-28,-9,-26,-10,-26,-13,-26,-14,-22,-14,-23,-14,-22,-14,-22,-14,-22,-14,-19,-15,-18,-14,-17,-14,-16,-13,-15,-14,-15,-14,-13,-15,-10,-13,-9,-14,-9,-14,-7,-15,-8,-11,-6,-14,-5,-14,-3,-14,0,0,0,0,0,0,0,0,0,0]"""
1782212764123,2026-06-23T20:06:04.123,danger,fall,lmh,bed_stand_to_lie_fall,t018,"CSI_DATA,812755,1a:00:00:00:00:00,-46,11,-98,16,29,11,215947862,47,2,256,0,""[0,0,0,0,0,0,0,0,0,0,0,0,-9,-22,-7,-25,-7,-25,-5,-28,-4,-29,-2,-29,-2,-29,0,-31,0,-32,1,-32,5,-35,2,-35,2,-38,5,-38,9,-36,9,-39,8,-39,11,-38,12,-36,12,-39,11,-36,15,-40,16,-38,15,-39,15,-39,14,-38,19,-38,16,-38,15,-36,14,-39,15,-35,15,-39,14,-38,12,-39,12,-40,11,-39,8,-38,9,-38,9,-39,5,-40,9,-39,2,-40,7,-43,5,-45,5,-45,4,-43,4,-46,2,-45,1,-45,2,-48,2,-48,2,-49,5,-50,7,-50,2,-53,1,-53,2,-52,0,0,0,0,0,0,-52,-8,-50,-8,-50,-4,-49,-5,-48,-1,-48,-7,-45,-4,-48,-7,-42,-4,-45,-7,-42,-4,-42,-4,-42,-1,-40,-2,-39,-2,-39,0,-42,1,-38,0,-39,-1,-35,1,-38,4,-35,1,-33,4,-33,4,-32,2,-33,2,-35,4,-32,7,-33,7,-32,7,-32,2,-35,4,-31,5,-31,5,-31,4,-31,4,-31,2,-29,4,-29,2,-29,1,-26,2,-28,1,-28,0,-26,0,-25,-1,-24,0,-24,-2,-21,-2,-22,-4,-19,-4,-21,-5,-18,-7,-15,-4,-18,-5,-14,-7,-12,-7,-12,-8,0,0,0,0,0,0,0,0,0,0]"""
1782212764132,2026-06-23T20:06:04.132,danger,fall,lmh,bed_stand_to_lie_fall,t018,"CSI_DATA,812756,1a:00:00:00:00:00,-46,11,-98,14,29,11,215958327,47,2,256,0,""[0,0,0,0,0,0,0,0,0,0,0,0,23,14,20,17,20,17,22,22,22,22,19,25,19,26,17,26,19,29,20,34,17,32,14,32,20,37,16,38,13,40,13,41,14,41,10,41,7,41,10,41,10,41,5,44,5,44,7,43,4,47,5,43,1,44,1,44,4,44,5,43,2,43,4,46,4,44,4,41,5,46,2,44,7,43,7,43,7,43,13,44,8,44,10,43,10,47,16,46,10,43,11,43,10,47,13,46,13,47,13,50,17,49,14,49,10,53,13,53,16,55,16,52,14,53,0,0,0,0,0,0,55,-10,56,-10,52,-11,50,-8,55,-7,50,-5,49,-8,53,-7,47,-7,46,-4,44,-5,43,-5,43,-8,46,-7,41,-7,38,-7,43,-11,41,-10,38,-7,37,-8,38,-11,38,-7,34,-11,34,-11,37,-10,34,-8,34,-10,34,-14,35,-10,32,-11,34,-8,32,-11,34,-8,32,-10,31,-5,35,-7,34,-7,32,-8,32,-4,31,-4,31,-4,32,-2,32,-4,29,-2,26,-1,26,0,28,0,25,0,23,2,22,2,22,5,20,4,20,5,17,5,17,7,16,5,14,8,0,0,0,0,0,0,0,0,0,0]"""
1782212764143,2026-06-23T20:06:04.143,danger,fall,lmh,bed_stand_to_lie_fall,t018,"CSI_DATA,812757,1a:00:00:00:00:00,-45,11,-98,15,28,11,215969492,47,2,256,0,""[0,0,0,0,0,0,0,0,0,0,0,0,-13,-26,-8,-27,-9,-26,-8,-30,-6,-32,-4,-34,-4,-35,0,-37,0,-39,0,-39,3,-42,4,-42,1,-44,4,-44,8,-45,8,-44,8,-45,11,-45,13,-44,13,-47,13,-47,14,-44,16,-44,14,-44,19,-45,16,-44,17,-42,19,-45,16,-42,14,-45,17,-42,16,-47,16,-44,14,-42,13,-45,11,-47,13,-44,9,-45,9,-45,6,-47,8,-45,3,-48,6,-45,6,-52,8,-48,4,-48,4,-50,3,-50,1,-52,4,-55,3,-55,1,-57,8,-60,8,-57,3,-60,3,-60,4,-57,0,0,0,0,0,0,-58,-8,-57,-6,-57,-3,-53,-6,-53,-4,-52,-8,-50,-3,-55,-6,-50,-4,-48,-8,-48,-4,-45,-4,-48,-3,-45,-3,-42,-4,-45,-3,-45,1,-42,-1,-45,-1,-40,3,-42,3,-42,0,-39,3,-39,1,-37,1,-40,3,-37,1,-35,8,-37,3,-35,6,-37,4,-40,4,-37,6,-35,4,-35,4,-39,3,-37,1,-34,3,-37,1,-34,1,-32,3,-34,-1,-32,-1,-30,-1,-30,-3,-29,0,-29,-3,-26,-3,-26,-6,-24,-3,-22,-4,-22,-6,-19,-8,-19,-8,-17,-9,-17,-11,-14,-11,0,0,0,0,0,0,0,0,0,0]"""
1782212764154,2026-06-23T20:06:04.154,danger,fall,lmh,bed_stand_to_lie_fall,t018,"CSI_DATA,812758,1a:00:00:00:00:00,-45,11,-98,14,28,11,215980327,47,2,256,0,""[0,0,0,0,0,0,0,0,0,0,0,0,-16,-25,-15,-28,-13,-30,-11,-35,-8,-35,-8,-33,-5,-38,0,-36,0,-41,5,-41,5,-43,6,-43,10,-43,13,-45,18,-41,20,-43,20,-43,26,-41,26,-38,25,-35,30,-33,31,-40,33,-33,36,-35,36,-35,35,-33,38,-30,40,-31,40,-30,40,-28,38,-26,43,-26,43,-30,41,-25,41,-26,41,-26,40,-25,41,-26,43,-26,41,-28,41,-25,41,-28,45,-25,48,-26,45,-23,45,-26,47,-21,47,-25,50,-23,53,-21,53,-21,53,-21,60,-20,58,-16,60,-20,58,-16,62,-13,0,0,0,0,0,0,-3,-62,-1,-62,-5,-58,1,-57,0,-58,3,-55,5,-55,6,-55,6,-53,6,-47,6,-48,8,-47,8,-50,11,-47,10,-47,8,-43,8,-47,11,-43,13,-41,11,-41,10,-41,11,-41,10,-36,13,-36,13,-38,13,-40,15,-38,13,-38,18,-38,13,-35,15,-36,16,-35,20,-35,20,-33,16,-31,23,-33,20,-31,21,-28,23,-28,23,-26,23,-25,25,-21,25,-23,25,-21,26,-20,25,-18,28,-15,26,-13,25,-10,25,-10,23,-8,21,-6,23,-3,23,-1,23,1,20,3,20,3,0,0,0,0,0,0,0,0,0,0]"""
1782212764165,2026-06-23T20:06:04.165,danger,fall,lmh,bed_stand_to_lie_fall,t018,"CSI_DATA,812759,1a:00:00:00:00:00,-44,11,-98,17,27,11,215991864,47,2,256,0,""[0,0,0,0,0,0,0,0,0,0,0,0,0,31,-1,32,-1,34,-3,38,-5,34,-6,38,-8,38,-12,39,-12,41,-12,41,-17,43,-17,41,-15,46,-19,44,-22,43,-22,43,-22,46,-25,44,-27,41,-25,41,-25,36,-27,46,-29,43,-29,44,-29,44,-25,44,-31,41,-29,43,-27,43,-22,43,-25,43,-24,50,-22,44,-22,46,-19,48,-19,46,-17,44,-17,48,-15,46,-12,46,-13,48,-8,50,-8,53,-6,57,-8,53,-6,53,-8,55,-5,55,-3,57,-3,60,-5,60,-3,60,-5,63,-3,62,-1,63,-1,65,1,67,0,0,0,0,0,0,63,3,63,5,62,0,60,0,58,0,57,1,55,-1,60,-3,55,0,51,-1,53,-3,48,-1,50,-6,48,-5,50,-3,46,-8,46,-8,44,-10,44,-6,43,-12,41,-17,43,-8,38,-15,39,-13,39,-13,38,-17,38,-13,36,-19,38,-19,36,-20,34,-17,38,-17,34,-19,34,-20,34,-17,39,-19,34,-17,32,-19,34,-15,32,-15,31,-13,31,-15,32,-12,31,-15,29,-10,27,-13,31,-12,31,-10,27,-10,27,-6,25,-6,24,-6,22,-3,25,-1,22,0,22,-1,22,1,0,0,0,0,0,0,0,0,0,0]"""
1782212764175,2026-06-23T20:06:04.175,danger,fall,lmh,bed_stand_to_lie_fall,t018,"CSI_DATA,812760,1a:00:00:00:00:00,-44,11,-98,16,27,11,216002344,47,2,256,0,""[0,0,0,0,0,0,0,0,0,0,0,0,-23,21,-26,19,-28,19,-30,17,-33,19,-37,16,-35,16,-39,12,-42,14,-40,14,-42,12,-44,12,-48,12,-48,8,-49,3,-49,5,-53,8,-51,3,-49,1,-55,1,-55,0,-53,-3,-51,-1,-53,-1,-55,-5,-51,1,-51,-3,-53,-3,-55,-3,-51,0,-49,0,-53,0,-53,-1,-49,0,-53,1,-53,5,-51,3,-49,7,-53,7,-51,10,-53,7,-51,14,-53,10,-55,16,-53,10,-53,14,-58,10,-55,17,-55,16,-58,14,-56,17,-58,19,-62,19,-60,14,-64,21,-60,19,-62,19,0,0,0,0,0,0,12,62,16,64,19,58,16,60,17,58,16,56,16,55,17,56,16,53,14,51,14,49,16,48,17,48,16,48,19,46,21,42,21,44,17,42,17,42,21,40,26,40,23,40,23,37,21,37,21,39,19,37,23,33,26,35,23,35,26,30,23,33,24,33,24,33,24,32,23,32,23,35,21,32,19,33,24,33,21,32,19,32,19,30,16,32,16,30,14,30,16,28,12,30,12,30,8,28,8,24,8,28,8,24,5,23,5,26,5,23,3,21,0,23,0,0,0,0,0,0,0,0,0,0]"""
1782212764188,2026-06-23T20:06:04.188,danger,fall,lmh,bed_stand_to_lie_fall,t018,"CSI_DATA,812761,1a:00:00:00:00:00,-44,11,-98,15,27,11,216013705,47,2,256,0,""[0,0,0,0,0,0,0,0,0,0,0,0,-10,-31,-9,-32,-9,-34,-7,-40,-7,-38,-1,-40,-1,-40,-1,-40,-1,-47,1,-47,3,-47,1,-47,3,-51,5,-49,9,-51,9,-51,7,-53,10,-54,9,-53,16,-51,14,-54,14,-53,12,-53,12,-54,14,-54,9,-53,14,-51,12,-54,10,-51,7,-53,12,-49,9,-53,7,-53,5,-53,5,-53,3,-54,5,-51,0,-54,0,-53,-7,-54,-1,-53,-7,-53,-3,-56,-10,-56,-9,-54,-9,-54,-10,-54,-14,-56,-16,-56,-14,-62,-14,-58,-18,-60,-14,-65,-12,-60,-20,-62,-21,-64,-23,-64,0,0,0,0,0,0,-64,18,-62,20,-58,21,-56,14,-56,18,-58,14,-54,20,-58,18,-53,23,-51,16,-51,20,-45,18,-49,23,-47,21,-43,20,-42,23,-42,27,-40,25,-40,21,-38,25,-34,31,-38,29,-31,29,-32,27,-32,25,-31,29,-31,27,-27,32,-31,32,-27,31,-29,29,-29,31,-25,29,-25,32,-25,29,-27,32,-25,31,-21,29,-25,29,-25,27,-23,27,-25,27,-23,27,-23,27,-21,23,-21,21,-23,23,-20,21,-21,16,-20,16,-21,18,-18,16,-20,14,-21,14,-23,14,-20,9,-21,7,0,0,0,0,0,0,0,0,0,0]"""
1782212764198,2026-06-23T20:06:04.198,danger,fall,lmh,bed_stand_to_lie_fall,t018,"CSI_DATA,812762,1a:00:00:00:00:00,-44,11,-98,21,26,11,216024327,47,2,256,0,""[0,0,0,0,0,0,0,0,0,0,0,0,24,24,24,31,24,34,22,39,17,39,15,39,12,41,12,44,10,50,3,48,5,55,3,50,1,55,-3,55,-10,55,-8,57,-8,57,-17,53,-20,50,-17,57,-15,48,-22,57,-25,51,-24,55,-31,53,-29,50,-36,48,-38,50,-36,48,-31,48,-32,43,-36,50,-34,48,-38,48,-34,46,-34,46,-34,43,-32,48,-34,46,-36,50,-38,46,-34,50,-39,46,-36,50,-41,46,-39,46,-39,50,-39,50,-44,44,-39,50,-44,50,-43,51,-53,48,-51,44,-53,51,-57,53,-55,43,0,0,0,0,0,0,34,63,36,62,36,57,29,63,27,60,27,60,27,55,29,58,24,57,22,55,22,51,17,50,24,57,15,51,17,50,17,50,17,51,20,46,15,50,12,46,20,48,13,46,15,44,15,46,12,44,10,46,13,43,15,43,8,41,17,43,8,41,12,43,12,41,10,41,6,43,3,41,6,41,3,38,1,43,-3,41,0,41,-1,38,-5,39,-5,36,-6,34,-5,32,-10,32,-8,31,-12,32,-12,27,-10,27,-13,24,-13,20,-15,20,-13,22,-19,17,-20,15,0,0,0,0,0,0,0,0,0,0]"""
1782212764209,2026-06-23T20:06:04.209,danger,fall,lmh,bed_stand_to_lie_fall,t018,"CSI_DATA,812763,1a:00:00:00:00:00,-45,11,-98,16,27,11,216035891,47,2,256,0,""[0,0,0,0,0,0,0,0,0,0,0,0,-24,23,-24,21,-30,23,-30,23,-30,21,-33,21,-33,21,-35,19,-40,23,-40,19,-42,21,-42,19,-42,23,-44,21,-46,16,-49,17,-49,23,-51,17,-48,16,-48,16,-48,12,-51,19,-51,16,-51,17,-53,17,-48,19,-51,16,-53,19,-51,17,-48,21,-48,17,-48,23,-46,23,-44,24,-46,26,-44,28,-42,28,-40,30,-44,30,-40,35,-42,35,-39,39,-39,39,-35,44,-37,37,-35,42,-37,44,-33,44,-32,46,-35,49,-33,49,-33,51,-37,55,-35,53,-33,55,-33,55,-28,55,0,0,0,0,0,0,56,32,56,35,51,24,51,28,55,28,48,26,51,26,53,24,49,23,46,21,48,19,44,17,49,16,46,14,44,14,44,10,44,7,46,5,42,10,44,5,44,1,46,3,37,0,39,-1,40,1,40,-3,42,-3,40,-8,39,-5,37,-8,39,-7,39,-7,40,-7,37,-10,35,-7,35,-8,37,-10,33,-10,35,-10,35,-8,32,-10,35,-7,32,-7,32,-7,30,-7,30,-8,28,-7,26,-7,24,-3,26,-5,24,-5,24,-1,24,-3,23,-3,23,-1,23,0,23,3,0,0,0,0,0,0,0,0,0,0]"""
1782212764219,2026-06-23T20:06:04.219,danger,fall,lmh,bed_stand_to_lie_fall,t018,"CSI_DATA,812764,1a:00:00:00:00:00,-45,11,-98,17,27,11,216046490,47,2,256,0,""[0,0,0,0,0,0,0,0,0,0,0,0,1,32,-1,34,-3,34,-6,36,-8,36,-13,36,-13,38,-17,38,-20,39,-20,41,-25,38,-25,39,-29,39,-31,38,-36,34,-36,34,-36,38,-39,29,-41,29,-38,27,-41,24,-44,29,-46,25,-46,25,-50,25,-44,25,-48,20,-46,20,-50,19,-48,20,-44,17,-48,19,-44,15,-48,19,-48,20,-48,24,-50,19,-46,19,-50,20,-48,22,-50,19,-48,22,-48,20,-51,25,-50,19,-48,22,-51,20,-50,22,-53,22,-57,22,-55,20,-58,19,-62,17,-60,13,-60,19,-60,19,-58,17,0,0,0,0,0,0,8,63,5,65,10,57,5,60,6,58,1,55,1,57,1,57,0,53,0,53,1,44,1,50,1,48,1,48,1,46,3,46,1,46,3,44,0,43,0,43,6,43,0,43,3,38,1,39,-1,39,0,41,1,36,5,39,1,39,5,38,0,36,1,38,0,38,0,38,-1,34,-3,36,-1,36,-3,34,-3,38,-5,34,-5,32,-6,32,-8,31,-10,31,-10,29,-8,31,-10,25,-12,27,-13,24,-12,24,-12,20,-12,19,-12,17,-15,17,-13,15,-15,12,-19,12,0,0,0,0,0,0,0,0,0,0]"""
1782212764232,2026-06-23T20:06:04.232,danger,fall,lmh,bed_stand_to_lie_fall,t018,"CSI_DATA,812765,1a:00:00:00:00:00,-45,11,-98,15,28,11,216059011,47,2,256,0,""[0,0,0,0,0,0,0,0,0,0,0,0,19,24,19,27,19,29,17,30,14,34,13,34,14,35,11,40,14,42,11,42,9,45,11,42,11,47,11,48,6,47,4,50,6,48,1,50,1,47,4,50,4,50,3,53,0,52,0,50,1,53,1,50,-1,50,1,52,1,50,3,50,0,48,6,53,6,50,6,50,9,52,9,50,8,47,9,47,13,50,16,50,16,48,21,48,16,48,19,50,16,48,22,47,22,50,26,47,26,50,27,53,26,52,26,52,24,55,24,55,29,53,34,52,34,52,0,0,0,0,0,0,58,-27,57,-27,47,-29,48,-26,48,-27,47,-24,47,-27,48,-27,47,-26,42,-24,39,-24,37,-24,39,-29,37,-27,35,-26,30,-27,32,-29,30,-29,29,-27,29,-29,27,-30,27,-29,22,-27,26,-30,24,-32,24,-30,22,-30,19,-32,21,-30,16,-30,19,-30,19,-30,17,-32,16,-29,14,-29,17,-30,13,-32,14,-30,16,-30,14,-26,14,-27,16,-26,16,-27,14,-26,16,-26,14,-26,14,-21,14,-24,14,-17,13,-19,13,-21,16,-17,13,-17,16,-16,13,-13,14,-13,16,-11,0,0,0,0,0,0,0,0,0,0]"""
1782212764256,2026-06-23T20:06:04.256,danger,fall,lmh,bed_stand_to_lie_fall,t018,"CSI_DATA,812767,1a:00:00:00:00:00,-46,11,-98,17,28,11,216080187,47,2,256,0,""[0,0,0,0,0,0,0,0,0,0,0,0,-27,10,-29,7,-32,6,-33,4,-35,0,-35,-4,-36,-7,-33,-9,-38,-12,-36,-15,-36,-16,-36,-20,-41,-20,-38,-26,-33,-27,-35,-32,-35,-32,-30,-36,-30,-35,-26,-40,-23,-41,-24,-40,-26,-43,-24,-43,-21,-44,-21,-41,-15,-46,-15,-44,-13,-46,-13,-43,-12,-43,-15,-44,-13,-44,-10,-44,-13,-43,-13,-47,-10,-43,-10,-44,-10,-46,-12,-46,-10,-46,-10,-47,-7,-46,-12,-49,-7,-44,-7,-47,-6,-50,-6,-47,-6,-50,-4,-55,-4,-55,-3,-52,3,-58,4,-55,0,-58,4,-55,4,-56,0,0,0,0,0,0,-53,-15,-52,-16,-52,-15,-50,-20,-47,-18,-43,-21,-44,-18,-44,-21,-41,-21,-41,-21,-36,-21,-35,-23,-35,-20,-36,-20,-33,-21,-35,-18,-36,-20,-33,-18,-30,-21,-29,-18,-32,-18,-30,-21,-29,-16,-27,-18,-29,-21,-27,-20,-26,-21,-27,-16,-27,-18,-26,-16,-26,-21,-24,-20,-23,-20,-23,-21,-23,-20,-21,-23,-21,-21,-20,-23,-18,-24,-16,-24,-16,-23,-12,-24,-13,-24,-13,-21,-12,-26,-10,-24,-6,-24,-7,-24,-4,-24,-3,-21,-3,-21,-1,-20,0,-18,0,-23,3,-16,3,-16,6,-18,0,0,0,0,0,0,0,0,0,0]"""
1782212764266,2026-06-23T20:06:04.266,danger,fall,lmh,bed_stand_to_lie_fall,t018,"CSI_DATA,812768,1a:00:00:00:00:00,-48,11,-98,19,30,11,216092201,47,2,256,0,""[0,0,0,0,0,0,0,0,0,0,0,0,8,-27,11,-26,15,-28,17,-28,19,-27,20,-24,21,-24,24,-26,26,-27,30,-26,32,-24,34,-21,35,-25,38,-21,40,-17,40,-19,41,-19,43,-15,40,-13,45,-10,47,-10,43,-12,46,-11,45,-9,47,-10,43,-9,43,-3,45,-5,47,-4,43,-5,43,-1,45,-5,43,-4,43,-6,43,-9,45,-8,42,-6,43,-8,45,-5,45,-8,43,-5,42,-9,46,-6,46,-11,43,-6,42,-10,45,-10,45,-13,48,-11,50,-9,49,-8,50,-9,53,-4,51,-5,55,-5,54,-5,55,-6,0,0,0,0,0,0,1,-53,3,-54,-2,-49,1,-47,0,-50,3,-47,1,-48,4,-47,2,-43,4,-41,2,-40,3,-36,0,-41,2,-40,1,-38,1,-36,-1,-38,1,-35,3,-36,0,-34,-4,-33,1,-34,-2,-30,-1,-30,1,-32,-2,-32,-1,-32,-3,-30,-3,-31,-5,-31,-1,-30,-2,-32,-1,-31,-3,-28,-3,-28,0,-30,-1,-27,-1,-28,0,-30,-1,-30,1,-26,1,-28,3,-26,2,-26,4,-24,3,-23,4,-23,4,-25,4,-19,5,-19,4,-19,5,-17,6,-19,8,-16,11,-17,9,-13,11,-13,0,0,0,0,0,0,0,0,0,0]"""
1782212764275,2026-06-23T20:06:04.275,danger,fall,lmh,bed_stand_to_lie_fall,t018,"CSI_DATA,812769,1a:00:00:00:00:00,-48,11,-98,20,30,11,216102718,47,2,256,0,""[0,0,0,0,0,0,0,0,0,0,0,0,5,28,1,29,1,30,-3,33,-4,32,-7,32,-6,31,-12,33,-13,37,-15,34,-20,34,-19,31,-22,35,-23,34,-30,32,-26,31,-29,33,-30,30,-31,26,-34,28,-39,28,-35,24,-35,23,-35,22,-40,24,-35,23,-39,20,-40,20,-40,19,-37,20,-37,16,-39,17,-37,16,-38,17,-38,20,-39,20,-38,17,-37,19,-39,16,-39,22,-40,19,-38,21,-39,21,-40,23,-40,16,-39,19,-41,19,-38,21,-43,20,-46,19,-42,19,-46,20,-48,16,-44,14,-49,19,-50,17,-49,14,0,0,0,0,0,0,6,52,5,48,10,44,6,47,8,46,4,44,3,42,3,46,4,40,0,39,3,37,1,37,4,39,3,38,3,35,4,34,4,35,2,34,1,34,3,31,5,32,2,33,5,30,2,29,2,30,4,30,4,29,4,28,4,29,5,28,3,28,4,29,3,29,4,28,3,26,1,28,1,28,0,26,1,28,0,24,1,25,0,25,-2,24,-3,24,-4,23,-2,22,-4,21,-5,22,-5,21,-7,19,-5,19,-6,17,-8,17,-10,15,-8,14,-10,14,-12,11,0,0,0,0,0,0,0,0,0,0]"""
1782212764285,2026-06-23T20:06:04.285,danger,fall,lmh,bed_stand_to_lie_fall,t018,"CSI_DATA,812770,1a:00:00:00:00:00,-49,11,-98,13,32,11,216112326,47,2,256,0,""[0,0,0,0,0,0,0,0,0,0,0,0,17,22,15,23,15,26,11,29,10,28,8,31,7,31,7,33,6,35,5,37,3,38,1,38,2,41,-1,40,-4,39,-7,41,-4,42,-8,42,-7,38,-10,42,-10,42,-14,39,-13,41,-13,39,-17,40,-14,39,-17,39,-16,40,-17,37,-16,38,-17,35,-17,40,-15,38,-15,37,-15,39,-14,38,-14,37,-14,38,-13,40,-11,41,-14,39,-13,39,-15,40,-10,42,-14,38,-11,41,-14,41,-13,39,-14,41,-14,44,-13,44,-13,43,-17,44,-17,44,-18,44,-16,43,-17,45,0,0,0,0,0,0,41,20,42,21,40,18,38,19,37,21,35,19,34,18,35,21,35,17,34,19,32,19,32,18,32,17,30,15,30,16,30,13,31,13,28,13,28,13,29,11,29,10,30,11,27,9,26,8,26,9,25,9,27,9,27,7,27,8,28,6,26,9,27,6,26,7,26,7,25,6,25,8,26,6,23,7,23,8,21,9,22,9,22,9,20,10,20,8,20,9,20,9,18,11,19,8,16,13,16,11,16,11,13,10,13,9,11,13,11,10,10,11,7,14,0,0,0,0,0,0,0,0,0,0]"""
1782212764295,2026-06-23T20:06:04.295,danger,fall,lmh,bed_stand_to_lie_fall,t018,"CSI_DATA,812771,1a:00:00:00:00:00,-49,11,-98,14,32,11,216123649,47,2,256,0,""[0,0,0,0,0,0,0,0,0,0,0,0,19,-21,20,-16,25,-16,25,-15,27,-13,27,-9,30,-10,31,-5,33,-6,36,-3,34,-1,38,1,38,2,37,5,37,10,39,9,39,9,38,14,36,15,32,16,31,21,37,20,32,25,32,24,33,28,30,24,28,28,29,28,27,29,27,27,24,27,26,28,25,29,25,28,26,30,26,29,23,32,24,30,23,33,26,30,22,32,23,30,22,32,25,33,21,32,23,31,22,36,23,33,22,37,21,39,19,40,19,40,12,41,13,42,18,44,14,42,12,43,0,0,0,0,0,0,44,-7,44,-5,42,-4,41,-4,42,-2,37,2,41,1,37,1,36,2,33,4,32,2,32,3,34,3,33,4,31,5,28,4,31,4,29,5,26,6,29,5,28,3,28,5,25,4,27,4,26,5,26,5,25,6,25,4,25,7,24,3,24,7,25,6,25,4,24,5,22,7,23,7,23,7,22,7,23,8,20,10,20,11,18,12,20,12,19,11,15,12,16,14,14,13,16,12,10,12,10,13,9,13,9,14,10,15,5,14,7,14,4,13,2,14,0,0,0,0,0,0,0,0,0,0]"""
1782212764307,2026-06-23T20:06:04.307,danger,fall,lmh,bed_stand_to_lie_fall,t018,"CSI_DATA,812772,1a:00:00:00:00:00,-50,11,-98,17,32,11,216134326,47,2,256,0,""[0,0,0,0,0,0,0,0,0,0,0,0,13,-21,17,-20,19,-19,22,-20,23,-17,26,-17,26,-15,30,-13,29,-14,31,-14,33,-13,32,-13,34,-14,33,-10,38,-5,35,-5,39,-9,37,-4,38,-3,38,2,39,1,37,0,37,0,39,0,41,0,36,-1,36,2,39,2,37,2,37,0,36,3,40,1,38,1,38,3,36,1,36,0,34,0,37,0,35,0,37,-3,36,0,35,-3,38,0,38,-2,38,-2,36,-3,38,-3,38,-4,39,-2,40,-2,41,-3,40,-4,43,0,40,0,43,-3,47,-2,40,-2,0,0,0,0,0,0,1,-42,0,-41,0,-40,2,-35,0,-35,0,-37,0,-36,0,-37,0,-33,1,-34,1,-30,0,-29,-1,-30,0,-28,0,-30,-2,-28,-2,-29,-3,-26,0,-26,-2,-25,-4,-26,-3,-26,-3,-24,-3,-25,-1,-25,-3,-24,-5,-21,-9,-24,-5,-24,-8,-21,-7,-22,-5,-22,-7,-22,-7,-22,-5,-20,-4,-23,-4,-23,-5,-22,-6,-22,-5,-20,-5,-18,-5,-21,-3,-21,-3,-18,-3,-19,-3,-16,-2,-18,-2,-17,0,-19,0,-16,0,-17,0,-16,2,-15,1,-15,3,-14,2,-14,4,-13,0,0,0,0,0,0,0,0,0,0]"""
1782212764318,2026-06-23T20:06:04.318,danger,fall,lmh,bed_stand_to_lie_fall,t018,"CSI_DATA,812773,1a:00:00:00:00:00,-51,11,-98,15,33,11,216145326,47,2,256,0,""[0,0,0,0,0,0,0,0,0,0,0,0,-2,25,-5,22,-6,25,-9,25,-10,25,-12,24,-13,26,-16,22,-17,25,-18,26,-20,24,-20,25,-22,25,-22,24,-26,22,-26,22,-26,23,-31,22,-27,19,-29,18,-31,16,-30,19,-31,17,-31,18,-33,18,-29,18,-32,16,-32,15,-32,13,-30,16,-29,15,-30,17,-29,16,-29,14,-29,17,-28,17,-27,16,-28,18,-27,18,-27,21,-28,19,-27,21,-28,19,-27,21,-27,20,-27,22,-29,20,-28,22,-27,22,-28,22,-29,22,-29,23,-30,22,-33,21,-31,24,-30,23,-30,22,0,0,0,0,0,0,18,31,20,33,19,28,17,31,18,28,17,27,16,27,16,27,15,26,14,25,15,23,14,22,16,23,17,22,16,21,15,18,16,19,14,18,14,17,17,18,17,16,16,16,15,14,15,15,16,15,16,14,16,13,16,11,16,12,16,11,17,11,17,11,16,11,16,11,16,11,16,11,16,11,15,11,15,11,14,11,15,11,15,11,14,11,14,10,13,11,13,11,11,11,12,11,11,11,10,11,10,11,9,11,8,11,8,11,6,10,6,11,5,11,0,0,0,0,0,0,0,0,0,0]"""
1782212764328,2026-06-23T20:06:04.328,danger,fall,lmh,bed_stand_to_lie_fall,t018,"CSI_DATA,812774,1a:00:00:00:00:00,-52,11,-98,14,34,11,216156411,47,2,256,0,""[0,0,0,0,0,0,0,0,0,0,0,0,23,-4,23,0,25,0,25,4,25,6,26,9,26,10,24,13,25,14,25,15,26,18,23,19,26,21,21,22,19,26,19,28,20,27,16,30,15,28,12,32,11,33,10,31,9,33,10,32,8,32,10,31,5,32,4,32,2,32,3,31,0,31,1,32,0,31,0,31,0,31,0,31,0,30,2,31,0,31,1,31,0,31,0,30,0,31,0,32,-2,30,-2,31,-5,32,-3,31,-4,31,-5,35,-5,33,-6,33,-10,36,-11,34,-9,34,-10,32,-10,32,0,0,0,0,0,0,30,15,29,18,29,15,26,17,26,15,23,18,24,15,23,17,22,16,19,18,19,15,18,16,19,15,19,16,19,15,18,14,18,15,16,14,15,15,15,14,15,12,15,15,15,11,14,13,14,13,14,12,14,12,15,10,15,12,14,10,13,12,12,12,12,14,13,11,13,13,12,13,12,14,10,14,10,13,9,14,10,13,8,15,9,15,8,13,7,13,6,13,4,13,5,13,3,12,2,14,2,13,1,13,1,12,0,13,0,11,-1,10,-3,10,0,0,0,0,0,0,0,0,0,0]"""
1782212764340,2026-06-23T20:06:04.340,danger,fall,lmh,bed_stand_to_lie_fall,t018,"CSI_DATA,812775,1a:00:00:00:00:00,-53,11,-98,17,34,11,216167326,47,2,256,0,""[0,0,0,0,0,0,0,0,0,0,0,0,4,-21,6,-20,8,-21,12,-22,14,-20,16,-18,16,-18,20,-18,22,-19,23,-16,25,-14,25,-13,26,-16,27,-10,28,-8,30,-7,30,-7,32,-5,30,-1,30,-3,32,-1,31,0,31,2,30,3,32,4,30,4,29,7,29,7,30,8,29,6,27,9,27,10,28,9,27,9,28,10,28,9,25,10,25,10,27,10,28,10,27,11,27,10,26,11,28,12,25,12,26,12,26,13,27,13,27,14,26,16,25,16,26,16,26,20,24,20,27,20,27,19,24,21,0,0,0,0,0,0,23,-20,24,-19,21,-18,23,-16,22,-16,22,-13,22,-14,21,-13,20,-12,19,-11,19,-11,19,-10,19,-11,20,-11,19,-9,16,-10,18,-10,17,-9,16,-8,17,-10,14,-10,16,-7,14,-9,14,-7,15,-8,16,-8,14,-8,13,-9,15,-8,13,-8,15,-6,14,-8,15,-7,13,-7,13,-7,14,-6,14,-6,15,-6,14,-5,14,-4,13,-4,14,-3,16,-3,15,-3,14,-2,13,-3,13,0,13,-1,13,0,11,0,12,1,11,1,12,3,11,3,10,3,9,3,10,4,0,0,0,0,0,0,0,0,0,0]"""
1782212764350,2026-06-23T20:06:04.350,danger,fall,lmh,bed_stand_to_lie_fall,t018,"CSI_DATA,812776,1a:00:00:00:00:00,-54,11,-98,17,35,11,216178326,47,2,256,0,""[0,0,0,0,0,0,0,0,0,0,0,0,-12,16,-13,15,-15,15,-17,14,-18,14,-19,12,-20,12,-22,11,-23,12,-24,10,-25,10,-25,9,-26,11,-26,9,-28,4,-28,6,-28,6,-28,4,-27,2,-28,3,-28,4,-30,0,-28,1,-28,1,-30,1,-27,2,-28,0,-28,1,-26,0,-28,2,-26,0,-28,1,-26,1,-26,2,-27,1,-26,4,-25,2,-25,4,-26,5,-26,6,-26,5,-24,8,-26,6,-27,7,-27,6,-24,6,-27,6,-26,6,-26,6,-28,6,-27,10,-26,10,-29,8,-27,7,-28,10,-29,8,-26,10,0,0,0,0,0,0,6,28,6,26,8,24,4,24,7,24,5,23,6,22,7,24,6,20,6,20,6,19,6,18,8,18,7,17,7,17,8,15,8,15,8,14,6,15,8,13,11,12,8,13,9,12,8,12,9,13,9,11,10,11,11,10,11,11,11,8,11,8,11,9,11,8,11,8,10,8,11,8,11,8,11,8,11,8,11,8,11,7,10,8,11,8,10,6,10,8,10,7,10,7,9,7,8,8,8,8,8,8,8,7,6,7,6,6,6,8,5,7,4,8,0,0,0,0,0,0,0,0,0,0]"""
1782212764361,2026-06-23T20:06:04.361,danger,fall,lmh,bed_stand_to_lie_fall,t018,"CSI_DATA,812777,1a:00:00:00:00:00,-57,11,-98,16,38,11,216189462,47,2,256,0,""[0,0,0,0,0,0,0,0,0,0,0,0,-16,10,-18,9,-18,8,-21,8,-20,6,-21,5,-22,4,-22,2,-25,3,-24,2,-25,1,-25,1,-26,1,-26,0,-27,-4,-26,-2,-27,-2,-26,-4,-24,-3,-27,-5,-26,-6,-26,-6,-25,-5,-25,-5,-27,-7,-24,-5,-24,-7,-25,-7,-23,-7,-24,-5,-23,-5,-25,-5,-24,-5,-23,-5,-25,-3,-24,-3,-22,-3,-23,-2,-23,-2,-25,0,-24,-1,-24,0,-24,0,-26,1,-24,0,-23,1,-24,1,-24,2,-24,2,-26,2,-25,3,-25,3,-26,1,-25,2,-25,3,-26,2,-27,3,0,0,0,0,0,0,2,26,1,24,4,24,2,22,2,22,1,21,3,20,3,21,2,18,2,18,3,16,3,16,4,17,3,15,4,15,5,14,6,15,5,14,5,14,7,12,7,12,7,12,8,11,7,10,7,11,8,11,8,9,9,8,8,9,9,8,8,9,10,9,10,8,10,7,9,7,10,7,10,7,9,6,9,7,10,6,9,6,10,6,10,7,10,6,9,6,9,5,9,6,10,7,8,6,7,5,8,6,7,6,6,6,5,7,7,6,6,6,5,6,0,0,0,0,0,0,0,0,0,0]"""
1782212764374,2026-06-23T20:06:04.374,danger,fall,lmh,bed_stand_to_lie_fall,t018,"CSI_DATA,812778,1a:00:00:00:00:00,-58,11,-98,16,39,11,216200654,47,2,256,0,""[0,0,0,0,0,0,0,0,0,0,0,0,-13,4,-13,2,-14,1,-16,0,-15,0,-16,-2,-16,-3,-16,-4,-17,-5,-16,-6,-16,-8,-16,-8,-16,-9,-16,-10,-15,-12,-14,-12,-15,-12,-14,-14,-12,-13,-13,-14,-12,-15,-12,-15,-11,-16,-11,-16,-10,-16,-10,-15,-8,-16,-8,-16,-8,-16,-9,-16,-7,-15,-8,-16,-8,-16,-7,-15,-8,-16,-8,-15,-7,-14,-8,-15,-7,-15,-8,-14,-8,-16,-8,-14,-8,-15,-9,-16,-7,-16,-8,-15,-8,-16,-7,-15,-8,-15,-7,-16,-8,-16,-7,-16,-6,-17,-5,-17,-7,-18,-6,-18,-6,-17,0,0,0,0,0,0,-17,4,-16,3,-16,4,-16,2,-15,3,-15,1,-14,3,-15,2,-13,2,-13,1,-12,2,-11,1,-12,2,-11,1,-11,2,-10,2,-11,3,-9,3,-10,2,-9,2,-9,4,-9,3,-8,3,-8,3,-8,3,-8,3,-8,2,-8,4,-8,3,-7,4,-7,3,-8,4,-8,4,-7,4,-7,4,-8,4,-8,4,-8,4,-7,4,-8,4,-8,4,-8,3,-8,4,-7,4,-8,3,-7,3,-8,2,-8,3,-8,1,-8,1,-8,1,-7,1,-7,0,-7,0,-7,0,-6,0,-6,-1,0,0,0,0,0,0,0,0,0,0]"""
1782212764384,2026-06-23T20:06:04.384,danger,fall,lmh,bed_stand_to_lie_fall,t018,"CSI_DATA,812779,1a:00:00:00:00:00,-60,11,-98,16,40,11,216211326,47,2,256,0,""[0,0,0,0,0,0,0,0,0,0,0,0,-12,-3,-11,-4,-11,-5,-13,-7,-12,-7,-12,-8,-11,-9,-11,-9,-12,-10,-11,-10,-11,-11,-11,-11,-11,-12,-11,-13,-10,-15,-9,-13,-10,-14,-8,-15,-8,-15,-7,-15,-7,-15,-7,-15,-7,-15,-8,-15,-8,-15,-8,-14,-6,-14,-7,-15,-7,-14,-7,-14,-6,-13,-8,-14,-8,-13,-7,-13,-8,-13,-8,-12,-7,-11,-9,-11,-9,-12,-10,-10,-9,-11,-11,-10,-10,-11,-11,-10,-10,-11,-10,-10,-11,-10,-10,-10,-12,-10,-12,-10,-13,-9,-12,-9,-12,-11,-11,-10,-13,-9,-13,-9,-12,-9,0,0,0,0,0,0,-10,11,-9,11,-7,12,-8,10,-7,10,-7,10,-6,10,-7,10,-6,9,-6,8,-5,8,-5,8,-5,9,-4,9,-4,9,-2,8,-2,9,-2,8,-1,8,-1,7,0,8,-1,7,0,7,0,7,0,7,0,7,0,6,1,6,1,7,2,6,1,6,2,7,2,6,2,6,2,6,3,6,3,6,3,6,3,6,3,6,3,5,3,6,3,6,3,6,3,6,3,5,3,6,3,5,3,5,2,5,3,5,3,5,2,5,1,5,2,5,1,5,1,5,0,0,0,0,0,0,0,0,0,0]"""
1782212764394,2026-06-23T20:06:04.394,danger,fall,lmh,bed_stand_to_lie_fall,t018,"CSI_DATA,812780,1a:00:00:00:00:00,-62,11,-98,18,41,11,216222326,47,2,256,0,""[0,0,0,0,0,0,0,0,0,0,0,0,-10,5,-11,3,-11,2,-13,0,-12,0,-13,-2,-13,-3,-12,-5,-12,-6,-12,-7,-12,-7,-11,-9,-11,-10,-10,-11,-8,-12,-7,-12,-8,-13,-6,-14,-5,-14,-3,-15,-3,-15,-2,-14,-1,-14,-1,-14,0,-15,0,-14,2,-14,2,-14,3,-14,2,-14,3,-12,4,-14,4,-12,5,-12,5,-12,5,-12,5,-11,5,-12,6,-11,5,-11,6,-10,6,-11,7,-11,7,-11,8,-10,8,-10,9,-9,8,-9,9,-8,11,-9,10,-9,10,-8,11,-7,12,-6,12,-7,12,-7,12,-6,0,0,0,0,0,0,-2,-12,-2,-12,-2,-12,-1,-11,0,-10,0,-10,0,-10,1,-11,0,-9,1,-9,0,-8,1,-8,1,-7,1,-8,1,-7,1,-6,1,-7,1,-6,1,-6,1,-6,1,-6,1,-6,1,-5,1,-5,1,-5,1,-5,1,-5,0,-5,1,-5,0,-4,1,-4,0,-5,1,-5,1,-5,0,-5,1,-5,1,-5,1,-5,1,-5,1,-5,1,-5,1,-5,2,-5,2,-4,2,-4,2,-5,3,-4,3,-4,3,-4,3,-4,4,-4,4,-3,3,-3,4,-3,4,-2,4,-2,5,-1,0,0,0,0,0,0,0,0,0,0]"""
1782212764403,2026-06-23T20:06:04.403,danger,fall,lmh,bed_stand_to_lie_fall,t018,"CSI_DATA,812781,1a:00:00:00:00:00,-65,11,-98,16,43,11,216233326,47,2,256,0,""[0,0,0,0,0,0,0,0,0,0,0,0,10,0,9,2,10,3,10,4,10,5,9,6,9,7,9,7,9,8,8,9,8,10,7,10,7,10,7,11,5,12,5,12,5,12,4,12,3,12,2,12,1,13,1,12,1,12,1,12,0,13,0,12,0,12,0,12,0,12,0,12,0,10,0,12,0,12,-1,11,0,11,0,11,-1,10,0,11,-1,11,0,11,0,11,0,10,0,11,0,11,-1,10,0,10,-1,11,0,10,-1,11,-1,11,-1,11,-1,11,-2,11,-3,11,-2,11,-2,11,-2,11,0,0,0,0,0,0,10,4,9,4,9,4,9,4,8,4,7,4,7,3,7,4,6,4,6,4,5,3,5,3,6,3,5,3,5,3,5,2,5,2,5,1,3,2,4,1,4,1,4,1,3,0,3,1,3,1,3,0,3,0,2,0,3,0,3,0,3,0,3,0,3,0,3,0,3,0,3,-1,3,0,3,-1,3,-1,3,0,3,-1,3,-1,3,-1,3,-1,3,-1,3,0,3,0,3,-1,3,0,3,0,3,0,3,0,4,0,4,0,3,0,3,0,3,0,0,0,0,0,0,0,0,0,0,0]"""
1782212764415,2026-06-23T20:06:04.415,danger,fall,lmh,bed_stand_to_lie_fall,t018,"CSI_DATA,812782,1a:00:00:00:00:00,-67,11,-98,19,44,11,216244774,47,2,256,0,""[0,0,0,0,0,0,0,0,0,0,0,0,-5,-6,-5,-7,-4,-8,-3,-8,-2,-9,-1,-9,0,-10,0,-10,0,-10,1,-10,2,-11,3,-11,4,-10,5,-10,5,-10,6,-9,7,-9,7,-8,8,-8,8,-7,9,-7,9,-6,10,-5,10,-5,10,-4,10,-3,10,-3,10,-2,10,-2,10,-2,10,-2,10,-1,10,-1,10,-1,9,-1,9,-1,9,-1,9,0,9,0,9,0,10,0,9,0,9,0,9,0,9,0,9,1,9,1,9,1,10,2,10,2,9,2,9,3,9,3,9,4,9,4,9,5,8,5,0,0,0,0,0,0,7,-6,7,-6,6,-6,6,-5,6,-5,6,-4,6,-4,6,-3,6,-3,5,-2,5,-2,5,-2,5,-2,5,-2,4,-1,4,-1,4,-1,4,-1,3,-1,3,-1,3,-1,3,-1,2,0,2,0,2,0,2,0,2,0,2,0,1,0,1,0,1,0,1,0,1,0,1,0,1,0,1,0,0,0,0,-1,0,-1,0,-1,0,-1,0,-1,0,-1,0,-1,0,-1,0,-2,0,-2,0,-2,0,-2,0,-2,0,-2,1,-2,1,-2,1,-1,2,-1,2,-1,2,-1,0,0,0,0,0,0,0,0,0,0]"""
1782212764426,2026-06-23T20:06:04.426,danger,fall,lmh,bed_stand_to_lie_fall,t018,"CSI_DATA,812783,1a:00:00:00:00:00,-68,11,-98,17,45,11,216255325,47,2,256,0,""[0,0,0,0,0,0,0,0,0,0,0,0,-2,-6,-2,-7,-1,-7,0,-8,0,-8,0,-8,1,-8,2,-9,2,-9,3,-9,3,-9,4,-9,5,-8,5,-8,6,-8,6,-8,7,-7,7,-7,8,-6,8,-6,8,-5,9,-5,9,-5,9,-5,9,-4,9,-4,9,-4,8,-3,8,-3,9,-3,9,-3,9,-3,9,-3,9,-3,8,-3,8,-2,8,-3,8,-3,8,-3,8,-3,8,-3,8,-3,8,-3,8,-3,8,-2,8,-2,8,-2,9,-2,9,-2,9,-2,9,-1,9,-1,10,-1,10,-1,10,0,10,0,10,0,0,0,0,0,0,0,1,-10,1,-9,1,-8,1,-8,1,-8,1,-7,2,-7,2,-7,2,-6,2,-6,2,-5,2,-5,2,-5,2,-5,2,-5,2,-4,2,-4,1,-4,1,-3,1,-3,1,-3,1,-3,2,-3,2,-2,2,-2,1,-2,1,-2,1,-2,1,-1,1,-1,1,-1,1,-1,1,-1,1,-1,1,0,1,0,1,0,0,0,0,0,0,0,0,0,0,0,0,0,0,0,0,0,0,0,0,0,-1,0,-1,0,-1,0,-1,0,-1,0,-1,0,-1,0,-1,0,-1,0,-1,0,0,0,0,0,0,0,0,0,0,0]"""
1782212764436,2026-06-23T20:06:04.436,danger,fall,lmh,bed_stand_to_lie_fall,t018,"CSI_DATA,812784,1a:00:00:00:00:00,-65,11,-98,15,45,11,216266620,47,2,256,0,""[0,0,0,0,0,0,0,0,0,0,0,0,5,4,4,5,4,5,4,6,3,6,2,7,2,7,2,7,1,9,0,8,0,9,0,9,0,10,0,10,-1,9,-2,9,-2,10,-2,10,-3,9,-4,9,-4,9,-5,9,-5,8,-5,8,-5,8,-5,8,-6,7,-6,8,-6,7,-5,8,-5,7,-6,7,-6,7,-5,7,-6,7,-5,7,-5,7,-5,7,-5,7,-5,7,-5,7,-5,7,-6,7,-5,7,-6,7,-5,7,-6,8,-5,7,-6,7,-7,7,-7,7,-7,7,-7,8,-8,7,-8,7,-8,7,-7,7,0,0,0,0,0,0,5,8,5,9,5,8,5,8,4,8,4,8,3,8,3,8,2,7,2,7,3,7,2,7,2,7,2,7,2,6,2,6,2,6,1,5,1,5,1,5,1,5,1,5,0,5,0,4,0,5,0,4,0,4,0,4,0,4,0,3,0,3,0,3,0,3,0,3,0,3,-1,2,-1,2,-1,2,0,2,-1,2,-1,2,-1,1,-1,1,-1,0,-1,0,-1,0,-1,0,-1,0,-1,0,-1,0,0,0,0,0,0,0,0,-1,0,-1,0,0,0,0,0,0,0,0,0,0,0,0,0,0]"""
1782212764449,2026-06-23T20:06:04.449,danger,fall,lmh,bed_stand_to_lie_fall,t018,"CSI_DATA,812785,1a:00:00:00:00:00,-62,11,-98,19,43,11,216278375,47,2,256,0,""[0,0,0,0,0,0,0,0,0,0,0,0,4,-4,4,-4,5,-4,6,-4,6,-3,6,-2,7,-2,8,-2,8,-2,9,-2,9,-1,9,-1,10,-1,10,0,10,0,10,0,10,0,10,1,10,2,10,2,10,2,10,2,10,3,9,2,10,3,10,3,10,3,10,3,10,3,10,3,9,3,9,3,10,2,9,3,10,2,10,2,9,2,9,2,10,2,11,2,10,2,10,0,10,1,11,1,10,1,10,1,10,2,11,1,11,1,12,1,11,1,12,1,13,1,12,2,12,2,12,1,12,2,0,0,0,0,0,0,3,-12,3,-11,2,-11,3,-11,3,-11,3,-10,3,-11,4,-10,3,-9,3,-9,2,-9,3,-9,3,-9,2,-9,3,-8,2,-8,2,-8,2,-8,3,-8,2,-7,1,-7,2,-7,2,-6,2,-6,2,-6,2,-6,2,-6,2,-6,2,-6,1,-5,2,-5,2,-5,2,-5,2,-5,2,-4,2,-5,2,-4,2,-4,2,-3,2,-3,2,-3,2,-2,2,-3,3,-2,2,-1,2,-2,2,-1,2,-2,2,-1,2,-1,2,0,2,0,2,0,2,0,2,0,2,0,2,0,0,0,0,0,0,0,0,0,0,0]"""
1782212764458,2026-06-23T20:06:04.458,danger,fall,lmh,bed_stand_to_lie_fall,t018,"CSI_DATA,812786,1a:00:00:00:00:00,-58,11,-98,18,40,11,216288325,47,2,256,0,""[0,0,0,0,0,0,0,0,0,0,0,0,6,1,5,2,6,3,6,4,6,4,6,4,6,5,6,5,7,6,6,7,7,7,7,7,7,7,6,8,5,9,5,9,6,9,6,10,5,9,5,10,5,10,5,10,4,10,5,10,6,11,6,9,4,10,5,10,5,10,6,9,5,10,6,10,6,9,6,9,6,9,7,9,6,9,7,8,8,8,8,8,7,8,9,8,8,8,10,8,8,7,9,7,10,7,10,6,11,7,12,8,11,7,11,7,11,7,12,7,13,7,13,7,12,7,0,0,0,0,0,0,9,-13,9,-12,7,-12,7,-11,7,-12,7,-10,7,-11,6,-11,6,-10,6,-10,5,-10,5,-9,5,-10,5,-10,5,-9,3,-9,4,-10,3,-10,4,-9,4,-9,2,-9,3,-9,1,-7,2,-8,3,-8,2,-8,2,-8,1,-8,1,-7,1,-7,2,-7,1,-8,2,-7,1,-7,2,-6,3,-6,1,-6,2,-6,1,-6,2,-5,2,-5,2,-5,2,-5,2,-5,2,-4,2,-4,2,-3,2,-4,2,-3,2,-3,2,-2,2,-2,3,-1,2,-2,3,-1,3,-1,2,-1,0,0,0,0,0,0,0,0,0,0]"""
1782212764470,2026-06-23T20:06:04.470,danger,fall,lmh,bed_stand_to_lie_fall,t018,"CSI_DATA,812787,1a:00:00:00:00:00,-56,11,-98,16,39,11,216299325,47,2,256,0,""[0,0,0,0,0,0,0,0,0,0,0,0,3,6,3,6,3,7,2,8,1,8,1,8,1,9,0,9,0,10,-1,10,-1,11,-2,10,-2,11,-3,11,-4,10,-4,11,-4,12,-6,11,-6,10,-7,10,-8,10,-8,10,-8,10,-8,10,-9,10,-8,10,-8,9,-9,9,-9,9,-8,9,-9,8,-10,9,-9,8,-9,8,-9,9,-9,9,-9,8,-8,9,-9,9,-8,9,-9,9,-8,10,-9,10,-9,10,-10,9,-9,10,-10,11,-9,11,-10,10,-11,10,-11,11,-10,12,-12,11,-12,10,-12,12,-12,12,-13,11,0,0,0,0,0,0,9,14,8,14,9,13,8,14,8,13,7,13,7,13,7,14,6,12,5,12,5,12,5,12,5,12,5,12,5,12,5,10,5,12,5,11,4,11,4,10,5,10,4,11,4,9,4,10,4,10,3,9,4,9,4,10,3,10,4,8,2,8,3,9,2,9,2,9,2,8,1,9,1,9,0,8,0,8,0,8,0,8,0,8,0,8,0,7,-1,6,0,6,-2,6,-1,6,-2,5,-2,5,-3,4,-2,4,-2,3,-2,4,-3,3,-3,2,-3,1,0,0,0,0,0,0,0,0,0,0]"""
1782212764486,2026-06-23T20:06:04.486,danger,fall,lmh,bed_stand_to_lie_fall,t018,"CSI_DATA,812788,1a:00:00:00:00:00,-54,11,-98,17,37,11,216314006,47,2,256,0,""[0,0,0,0,0,0,0,0,0,0,0,0,-1,9,-1,10,-3,10,-3,10,-4,12,-5,10,-6,11,-7,10,-9,12,-9,11,-10,10,-11,11,-12,12,-12,11,-14,9,-15,10,-14,10,-16,8,-15,7,-14,7,-16,4,-18,8,-18,6,-18,6,-20,6,-18,6,-19,4,-19,5,-19,4,-18,4,-17,3,-18,4,-19,4,-18,4,-18,4,-19,6,-18,4,-19,5,-18,4,-18,7,-19,5,-18,7,-19,6,-20,8,-18,5,-19,6,-19,6,-19,8,-20,7,-22,7,-21,6,-20,7,-22,6,-23,6,-23,6,-24,6,-23,6,0,0,0,0,0,0,2,25,1,25,3,23,1,23,1,23,0,22,0,22,0,22,0,21,0,20,0,19,-1,18,0,20,0,19,-1,19,0,17,0,19,1,18,0,18,0,17,1,16,-1,17,0,14,0,16,0,15,0,15,-1,15,1,15,-1,16,1,15,0,14,0,14,-2,14,-1,13,-1,13,-3,14,-2,13,-2,12,-3,13,-3,12,-3,10,-3,10,-4,10,-4,10,-5,10,-4,9,-4,8,-5,8,-6,6,-5,6,-6,6,-4,4,-5,4,-5,3,-4,3,-4,2,-5,2,0,0,0,0,0,0,0,0,0,0]"""
1782212764495,2026-06-23T20:06:04.495,danger,fall,lmh,bed_stand_to_lie_fall,t018,"CSI_DATA,812789,1a:00:00:00:00:00,-53,11,-98,19,36,11,216321435,47,2,256,0,""[0,0,0,0,0,0,0,0,0,0,0,0,8,-6,8,-5,10,-5,12,-4,12,-4,12,-2,13,-2,13,-2,16,-1,16,-1,16,0,16,0,19,0,18,1,17,3,19,4,18,4,18,5,18,5,17,7,20,9,19,8,19,8,19,8,18,9,18,7,17,10,18,10,17,10,17,9,16,10,19,10,19,10,18,9,18,9,17,8,17,8,19,8,18,8,20,8,20,8,19,9,20,9,21,8,19,8,21,7,21,10,22,6,23,9,24,9,23,9,22,9,24,12,23,12,26,11,24,10,24,11,0,0,0,0,0,0,16,-23,15,-23,12,-22,14,-21,15,-22,15,-18,14,-20,15,-20,15,-19,13,-16,12,-17,12,-16,13,-17,12,-17,12,-15,10,-15,12,-17,12,-16,12,-15,10,-16,9,-14,10,-15,9,-13,10,-13,10,-13,10,-13,9,-13,9,-14,10,-13,8,-14,9,-13,9,-12,10,-12,9,-11,9,-11,10,-12,10,-11,9,-10,10,-10,10,-8,9,-9,10,-7,10,-7,10,-8,10,-6,10,-5,9,-4,10,-4,8,-4,8,-4,8,-2,8,-2,9,-2,8,0,8,0,7,0,6,0,0,0,0,0,0,0,0,0,0,0]"""
1782212764507,2026-06-23T20:06:04.507,danger,fall,lmh,bed_stand_to_lie_fall,t018,"CSI_DATA,812790,1a:00:00:00:00:00,-52,11,-98,18,35,11,216332404,47,2,256,0,""[0,0,0,0,0,0,0,0,0,0,0,0,0,-11,2,-12,2,-13,5,-14,6,-14,7,-14,6,-14,8,-12,8,-14,10,-14,11,-14,11,-14,12,-13,14,-14,16,-13,16,-12,17,-14,18,-13,17,-12,20,-10,20,-11,19,-10,20,-11,20,-11,22,-10,20,-10,20,-8,22,-8,20,-8,21,-9,20,-8,22,-10,22,-10,20,-9,22,-10,20,-10,20,-10,20,-11,20,-10,20,-12,20,-12,20,-13,22,-12,21,-14,21,-12,20,-14,22,-14,20,-14,22,-14,23,-16,23,-14,23,-15,25,-14,25,-13,26,-15,24,-15,26,-14,0,0,0,0,0,0,-11,-28,-11,-27,-12,-26,-12,-27,-10,-25,-9,-26,-9,-24,-10,-27,-10,-24,-8,-24,-9,-22,-7,-22,-8,-22,-8,-22,-7,-22,-8,-20,-10,-21,-10,-20,-7,-19,-8,-19,-10,-19,-8,-20,-7,-17,-8,-18,-8,-17,-7,-18,-8,-17,-8,-16,-7,-18,-9,-16,-8,-16,-8,-17,-6,-17,-7,-16,-6,-15,-5,-17,-6,-17,-5,-16,-5,-16,-4,-15,-4,-14,-4,-14,-2,-15,-2,-13,-1,-14,0,-12,0,-13,0,-11,1,-12,2,-10,0,-10,0,-10,1,-9,2,-9,3,-8,3,-8,4,-8,0,0,0,0,0,0,0,0,0,0]"""
1782212764519,2026-06-23T20:06:04.519,danger,fall,lmh,bed_stand_to_lie_fall,t018,"CSI_DATA,812791,1a:00:00:00:00:00,-51,11,-98,17,34,11,216343325,47,2,256,0,""[0,0,0,0,0,0,0,0,0,0,0,0,-12,3,-13,3,-14,2,-16,0,-15,0,-16,0,-16,0,-17,-2,-20,-2,-18,-3,-19,-5,-19,-6,-20,-6,-21,-7,-20,-10,-20,-11,-20,-10,-20,-12,-20,-11,-20,-12,-20,-12,-20,-15,-20,-14,-19,-14,-20,-16,-20,-13,-18,-17,-20,-16,-19,-17,-20,-16,-17,-16,-18,-17,-20,-16,-19,-14,-20,-15,-20,-15,-20,-16,-20,-14,-22,-15,-23,-13,-21,-14,-23,-14,-22,-14,-24,-13,-22,-13,-25,-13,-23,-15,-24,-12,-27,-15,-26,-16,-26,-14,-27,-14,-27,-17,-27,-17,-28,-18,-29,-17,-28,-18,0,0,0,0,0,0,-21,27,-22,26,-18,26,-20,25,-20,25,-20,22,-20,23,-19,23,-19,21,-17,20,-16,20,-16,19,-16,20,-16,20,-16,19,-13,20,-14,21,-14,20,-15,19,-13,18,-12,19,-13,18,-11,16,-11,17,-13,18,-13,18,-12,18,-11,18,-13,18,-10,17,-12,16,-11,16,-13,15,-12,16,-11,15,-13,15,-12,16,-12,13,-12,15,-12,13,-11,13,-12,12,-13,11,-12,11,-12,9,-11,10,-11,8,-11,9,-10,6,-10,6,-10,5,-9,5,-10,4,-11,3,-10,2,-8,1,-10,0,0,0,0,0,0,0,0,0,0,0]"""
1782212764530,2026-06-23T20:06:04.530,danger,fall,lmh,bed_stand_to_lie_fall,t018,"CSI_DATA,812792,1a:00:00:00:00:00,-50,11,-98,15,34,11,216354325,47,2,256,0,""[0,0,0,0,0,0,0,0,0,0,0,0,-1,-15,0,-14,0,-16,0,-17,3,-17,5,-17,5,-17,7,-17,7,-20,8,-20,10,-20,9,-20,11,-22,11,-20,13,-19,15,-21,15,-22,17,-21,17,-19,19,-17,21,-19,20,-19,21,-18,21,-19,21,-19,19,-19,20,-17,22,-18,22,-16,20,-18,21,-17,22,-18,20,-18,19,-17,20,-20,20,-19,19,-20,18,-22,19,-21,17,-22,18,-21,17,-23,19,-23,18,-24,18,-22,17,-24,20,-24,17,-24,19,-26,21,-27,21,-27,20,-27,23,-27,23,-27,21,-29,22,-29,23,-27,0,0,0,0,0,0,-27,-25,-26,-26,-26,-21,-25,-23,-24,-24,-22,-23,-23,-22,-22,-22,-22,-22,-22,-22,-21,-21,-20,-19,-22,-18,-21,-18,-21,-19,-21,-17,-21,-16,-19,-16,-17,-17,-20,-16,-21,-14,-19,-16,-17,-13,-18,-14,-18,-14,-18,-13,-18,-14,-19,-12,-19,-13,-19,-12,-18,-13,-18,-13,-18,-13,-17,-12,-17,-12,-17,-13,-16,-13,-16,-12,-15,-13,-14,-13,-13,-12,-13,-13,-13,-14,-13,-12,-10,-13,-12,-12,-8,-13,-9,-12,-7,-11,-8,-12,-6,-12,-7,-11,-5,-11,-4,-11,-4,-11,-2,-11,-1,-9,0,0,0,0,0,0,0,0,0,0]"""
1782212764539,2026-06-23T20:06:04.539,danger,fall,lmh,bed_stand_to_lie_fall,t018,"CSI_DATA,812793,1a:00:00:00:00:00,-50,11,-98,18,33,11,216365325,47,2,256,0,""[0,0,0,0,0,0,0,0,0,0,0,0,16,4,16,5,15,5,17,7,16,9,17,10,17,12,16,12,19,14,17,15,18,16,17,17,19,19,19,19,16,21,15,21,18,23,15,24,15,24,15,26,15,26,15,26,12,26,15,27,14,27,13,25,11,26,12,28,12,26,12,26,11,26,14,28,12,26,14,26,14,27,15,26,15,24,16,24,17,25,19,24,17,26,19,23,19,26,21,26,19,27,21,26,21,27,21,24,21,26,24,26,24,26,25,28,23,31,21,29,27,29,26,31,25,30,0,0,0,0,0,0,34,-24,31,-21,30,-24,31,-20,27,-21,29,-19,27,-21,29,-21,26,-18,27,-17,25,-17,25,-15,25,-18,25,-17,24,-18,21,-17,22,-20,20,-18,21,-16,19,-17,19,-19,20,-17,18,-19,18,-17,18,-18,17,-18,16,-16,15,-20,16,-17,15,-17,15,-16,17,-18,15,-17,15,-18,14,-15,17,-17,16,-16,15,-15,16,-15,15,-13,15,-12,15,-13,15,-12,15,-13,15,-11,13,-10,15,-10,15,-10,15,-8,13,-7,13,-5,13,-5,12,-5,11,-5,12,-4,12,-2,10,0,0,0,0,0,0,0,0,0,0,0]"""
1782212764561,2026-06-23T20:06:04.561,danger,fall,lmh,bed_stand_to_lie_fall,t018,"CSI_DATA,812795,1a:00:00:00:00:00,-49,11,-98,17,32,11,216387325,47,2,256,0,""[0,0,0,0,0,0,0,0,0,0,0,0,-7,-18,-6,-17,-5,-20,-2,-22,-2,-23,-2,-24,-1,-24,0,-26,0,-27,0,-28,3,-31,4,-30,3,-32,5,-30,6,-32,9,-33,6,-32,10,-34,7,-32,13,-34,12,-35,12,-33,13,-33,9,-34,13,-34,13,-33,13,-31,13,-34,14,-31,13,-31,14,-31,11,-34,10,-32,9,-33,9,-35,7,-34,7,-33,8,-35,9,-34,3,-36,5,-34,7,-36,7,-36,2,-37,4,-35,2,-38,3,-38,0,-37,2,-39,0,-43,2,-41,2,-39,4,-45,4,-43,3,-45,1,-44,0,-45,0,0,0,0,0,0,-44,-4,-42,-4,-44,0,-41,-3,-42,-3,-39,-5,-38,-2,-40,-4,-38,-2,-35,-3,-34,0,-34,0,-36,0,-34,0,-32,0,-32,0,-34,3,-30,2,-30,0,-30,1,-30,4,-31,3,-26,5,-27,4,-27,6,-29,6,-27,5,-27,9,-28,7,-25,8,-27,6,-26,7,-27,7,-25,6,-24,8,-26,6,-25,8,-23,6,-25,6,-24,4,-22,5,-23,4,-23,4,-23,4,-20,3,-21,1,-21,0,-18,4,-16,0,-17,2,-18,0,-17,0,-14,1,-16,0,-13,0,-13,-3,-12,-3,0,0,0,0,0,0,0,0,0,0]"""
1782212764582,2026-06-23T20:06:04.582,danger,fall,lmh,bed_stand_to_lie_fall,t018,"CSI_DATA,812796,1a:00:00:00:00:00,-49,11,-98,14,32,11,216409690,47,2,256,0,""[0,0,0,0,0,0,0,0,0,0,0,0,13,19,11,20,11,19,12,23,12,24,10,26,9,26,9,26,10,30,8,30,7,30,7,30,10,34,8,36,5,38,5,33,7,37,5,37,4,36,3,40,4,41,4,40,2,37,5,38,4,41,4,38,2,39,2,40,5,40,9,39,5,36,8,41,7,38,8,36,10,37,12,38,11,36,14,37,13,36,18,36,16,38,20,36,20,36,21,36,20,34,21,34,22,37,25,33,25,36,29,38,28,36,29,36,27,40,28,37,32,36,31,37,30,36,0,0,0,0,0,0,37,-29,36,-31,34,-32,32,-29,30,-30,32,-28,27,-29,30,-30,26,-27,26,-24,23,-26,24,-25,23,-29,22,-28,21,-28,19,-27,18,-30,16,-27,16,-27,13,-28,12,-29,13,-27,10,-27,9,-28,11,-28,9,-29,8,-28,5,-28,6,-30,4,-27,7,-27,7,-27,5,-28,2,-27,4,-27,5,-30,4,-28,3,-27,3,-28,5,-27,4,-24,2,-25,3,-24,3,-23,4,-24,3,-21,5,-21,3,-22,6,-19,4,-19,5,-19,3,-15,4,-18,5,-16,5,-13,6,-14,8,-13,0,0,0,0,0,0,0,0,0,0]"""
1782212764592,2026-06-23T20:06:04.592,danger,fall,lmh,bed_stand_to_lie_fall,t018,"CSI_DATA,812797,1a:00:00:00:00:00,-48,11,-98,18,31,11,216409810,47,2,256,0,""[0,0,0,0,0,0,0,0,0,0,0,0,15,15,13,18,14,19,16,22,14,22,11,24,13,24,13,25,13,28,12,29,12,30,10,31,12,32,13,33,11,34,10,33,10,36,10,37,10,36,7,38,6,40,11,37,9,39,10,39,9,41,11,37,8,37,10,38,10,37,12,37,9,33,12,38,15,37,15,32,18,34,18,33,15,32,19,33,20,32,23,31,22,32,25,31,23,32,27,30,25,30,28,28,28,28,30,28,30,28,33,30,32,29,32,29,34,32,33,31,39,30,36,30,39,31,0,0,0,0,0,0,29,-40,29,-37,27,-38,26,-33,23,-34,25,-31,23,-32,24,-36,21,-33,21,-31,16,-31,18,-30,15,-32,13,-32,16,-31,11,-29,11,-31,9,-31,9,-29,8,-30,5,-30,8,-31,4,-30,2,-29,4,-31,2,-29,2,-28,0,-29,0,-31,-2,-28,0,-27,0,-27,-1,-28,-4,-27,-1,-27,-4,-30,-4,-28,-4,-27,-4,-29,-2,-25,-2,-24,-3,-25,-3,-26,-2,-23,-1,-22,-4,-23,-1,-22,-4,-22,-1,-20,0,-18,0,-20,0,-18,-1,-18,3,-18,2,-16,3,-14,3,-14,0,0,0,0,0,0,0,0,0,0]"""
1782212764604,2026-06-23T20:06:04.604,danger,fall,lmh,bed_stand_to_lie_fall,t018,"CSI_DATA,812798,1a:00:00:00:00:00,-48,11,-98,17,31,11,216420324,47,2,256,0,""[0,0,0,0,0,0,0,0,0,0,0,0,-22,-7,-20,-11,-25,-10,-23,-14,-22,-15,-21,-18,-20,-18,-21,-20,-26,-22,-23,-25,-23,-26,-22,-23,-25,-26,-23,-27,-22,-31,-21,-29,-23,-30,-21,-32,-18,-31,-21,-31,-20,-32,-22,-38,-17,-33,-20,-35,-21,-37,-21,-33,-19,-34,-19,-37,-21,-34,-22,-34,-19,-33,-23,-33,-22,-33,-22,-31,-26,-31,-26,-31,-23,-28,-27,-27,-27,-27,-31,-28,-29,-29,-31,-25,-30,-27,-35,-26,-30,-26,-31,-25,-33,-27,-34,-26,-37,-25,-39,-25,-40,-23,-41,-22,-39,-26,-37,-26,-43,-22,-43,-22,-41,-23,0,0,0,0,0,0,-28,41,-27,40,-20,38,-22,38,-19,39,-20,34,-20,37,-19,37,-18,34,-18,33,-16,33,-15,31,-14,34,-14,33,-13,33,-8,31,-8,33,-7,34,-9,32,-6,31,-4,31,-5,31,-4,29,-3,30,-4,29,-1,32,-2,29,2,31,1,31,4,29,1,27,3,30,4,29,4,28,3,27,2,29,3,29,4,27,2,28,1,27,2,25,4,26,1,27,2,26,1,22,2,21,1,21,2,23,-1,19,-1,19,-1,19,-2,18,-1,19,-3,18,-4,18,-3,15,-5,15,0,0,0,0,0,0,0,0,0,0]"""
1782212764613,2026-06-23T20:06:04.613,danger,fall,lmh,bed_stand_to_lie_fall,t018,"CSI_DATA,812799,1a:00:00:00:00:00,-48,11,-98,17,31,11,216431663,47,2,256,0,""[0,0,0,0,0,0,0,0,0,0,0,0,23,-7,23,-6,23,-5,29,-4,29,-1,30,1,31,1,31,5,32,4,33,7,35,7,34,9,35,9,34,13,34,16,35,18,35,17,34,21,33,22,32,23,29,26,33,23,30,28,32,28,33,28,31,27,28,29,29,30,28,29,29,29,25,29,30,31,27,29,28,29,28,31,29,28,27,27,31,27,30,27,30,27,28,27,33,25,31,28,33,28,31,29,31,28,32,29,32,28,31,29,35,32,35,32,33,31,31,33,32,33,37,32,35,33,32,35,0,0,0,0,0,0,38,-30,37,-28,37,-33,35,-25,35,-25,33,-22,34,-26,37,-26,29,-20,33,-22,32,-22,29,-18,29,-20,29,-20,27,-19,26,-20,28,-22,25,-20,25,-20,23,-18,23,-21,23,-18,22,-19,22,-19,22,-19,21,-20,21,-18,21,-21,21,-21,19,-20,20,-18,21,-20,19,-20,19,-20,20,-17,23,-19,21,-19,22,-18,23,-18,21,-15,19,-15,21,-15,22,-15,19,-11,20,-11,20,-11,20,-8,20,-11,21,-9,18,-7,19,-5,19,-4,20,-4,19,-3,18,-1,17,-1,17,2,0,0,0,0,0,0,0,0,0,0]"""
1782212764623,2026-06-23T20:06:04.623,danger,fall,lmh,bed_stand_to_lie_fall,t018,"CSI_DATA,812800,1a:00:00:00:00:00,-48,11,-98,17,31,11,216442324,47,2,256,0,""[0,0,0,0,0,0,0,0,0,0,0,0,10,22,11,25,9,25,8,27,6,28,6,30,5,30,3,30,4,34,4,34,3,37,4,33,3,38,2,39,-2,40,-3,40,1,41,-4,42,-3,41,-2,39,-5,37,-3,43,-5,41,-2,40,-3,45,-1,41,-5,41,-4,42,-2,42,0,41,-2,40,-1,42,2,40,2,40,3,41,3,41,4,37,8,40,8,39,10,40,11,40,13,37,13,41,15,41,13,39,17,38,16,40,17,40,19,40,19,44,21,40,23,40,19,44,21,40,25,40,26,44,25,42,0,0,0,0,0,0,41,-25,41,-23,37,-26,37,-21,39,-26,37,-22,32,-22,34,-26,30,-25,30,-22,28,-20,28,-23,27,-26,23,-25,25,-25,20,-25,21,-28,18,-28,20,-26,17,-25,15,-28,17,-27,11,-27,14,-26,11,-27,11,-26,10,-26,8,-29,9,-30,4,-26,9,-27,7,-28,6,-27,5,-29,7,-26,6,-29,6,-29,4,-29,5,-27,6,-26,4,-26,5,-23,4,-26,4,-26,4,-25,4,-22,5,-21,4,-23,7,-19,4,-21,7,-17,6,-17,7,-18,5,-16,7,-16,7,-17,8,-16,0,0,0,0,0,0,0,0,0,0]"""
1782212764638,2026-06-23T20:06:04.638,danger,fall,lmh,bed_stand_to_lie_fall,t018,"CSI_DATA,812802,1a:00:00:00:00:00,-49,11,-98,14,32,11,216464324,47,2,256,0,""[0,0,0,0,0,0,0,0,0,0,0,0,3,-26,5,-26,6,-27,9,-27,9,-29,12,-28,11,-28,14,-28,14,-30,16,-32,18,-33,19,-31,18,-33,20,-33,22,-31,23,-34,22,-36,24,-33,24,-30,22,-32,22,-30,25,-36,26,-31,24,-34,26,-36,23,-34,27,-32,24,-34,24,-33,21,-34,21,-33,19,-33,19,-36,16,-34,15,-38,14,-36,14,-37,12,-38,10,-39,8,-39,7,-38,6,-40,7,-39,3,-44,5,-38,3,-41,6,-42,0,-41,0,-43,1,-48,0,-43,-1,-43,2,-46,0,-48,-5,-45,-4,-46,-4,-45,0,0,0,0,0,0,-44,6,-44,6,-40,8,-39,5,-42,8,-36,7,-38,8,-39,10,-33,11,-32,9,-32,12,-30,11,-30,11,-30,14,-29,14,-27,15,-26,18,-26,16,-24,15,-24,18,-22,20,-21,22,-18,20,-19,19,-19,20,-18,21,-18,20,-15,24,-14,24,-11,23,-13,23,-12,23,-12,25,-9,25,-10,22,-11,24,-10,26,-10,24,-9,25,-9,23,-8,22,-8,22,-9,24,-8,24,-8,24,-7,22,-8,20,-8,23,-8,19,-8,19,-9,19,-7,18,-8,18,-8,19,-9,14,-9,14,-11,13,0,0,0,0,0,0,0,0,0,0]"""
1782212764648,2026-06-23T20:06:04.648,danger,fall,lmh,bed_stand_to_lie_fall,t018,"CSI_DATA,812803,1a:00:00:00:00:00,-49,11,-98,17,32,11,216475324,47,2,256,0,""[0,0,0,0,0,0,0,0,0,0,0,0,12,-23,15,-21,16,-22,21,-21,21,-20,25,-18,26,-17,26,-16,31,-19,31,-18,33,-17,34,-15,34,-15,35,-15,38,-8,38,-9,37,-11,41,-5,39,-2,37,-5,36,-2,41,-2,39,0,39,0,41,0,40,0,40,0,39,0,39,1,38,0,35,0,39,1,37,1,38,2,39,0,39,0,36,1,37,0,39,0,38,-2,37,0,38,-2,38,0,40,-4,36,0,37,-2,39,0,38,-2,40,-1,41,-1,42,-3,42,-2,44,0,42,0,46,-1,44,0,45,0,0,0,0,0,0,0,4,-42,4,-42,2,-40,0,-35,2,-38,3,-36,4,-35,5,-38,2,-34,1,-33,3,-33,2,-31,0,-32,1,-31,0,-30,0,-28,-1,-31,-1,-30,0,-29,-1,-27,-2,-27,0,-27,-2,-23,-2,-26,0,-24,-1,-27,-4,-24,-6,-23,-5,-25,-7,-22,-4,-25,-4,-26,-5,-27,-5,-25,-3,-23,-3,-27,-3,-25,-2,-25,-3,-25,-3,-24,-4,-24,-1,-23,0,-25,-1,-24,-1,-22,0,-22,0,-22,0,-23,1,-21,1,-19,2,-21,3,-19,5,-17,6,-17,6,-16,6,-13,7,-14,0,0,0,0,0,0,0,0,0,0]"""
1782212764663,2026-06-23T20:06:04.663,danger,fall,lmh,bed_stand_to_lie_fall,t018,"CSI_DATA,812804,1a:00:00:00:00:00,-50,11,-98,18,32,11,216489456,47,2,256,0,""[0,0,0,0,0,0,0,0,0,0,0,0,9,24,8,24,7,27,4,29,2,30,0,28,0,31,-2,31,-3,33,-3,33,-6,33,-7,33,-10,35,-12,35,-16,33,-17,34,-16,33,-20,34,-18,31,-20,33,-21,33,-24,30,-24,31,-24,29,-27,28,-24,28,-29,27,-28,28,-30,27,-26,24,-27,25,-26,24,-28,25,-25,24,-26,26,-26,26,-27,25,-26,25,-25,24,-25,27,-25,24,-26,26,-26,24,-26,28,-25,25,-25,24,-27,27,-25,27,-28,27,-29,27,-27,26,-29,26,-32,25,-31,24,-31,24,-30,25,-30,26,0,0,0,0,0,0,19,33,20,33,20,29,18,31,20,30,16,29,16,28,16,28,15,27,13,28,16,25,14,24,16,25,15,24,15,22,16,20,15,21,15,21,12,21,16,20,16,19,15,20,15,16,14,17,16,19,14,18,15,17,18,15,15,17,17,15,16,16,17,18,15,18,16,16,16,16,16,16,16,16,14,17,15,18,13,18,14,17,13,20,13,19,11,16,10,19,11,17,8,18,9,17,8,18,7,18,4,17,5,17,3,17,1,17,1,16,0,16,-1,16,0,0,0,0,0,0,0,0,0,0]"""
1782212764675,2026-06-23T20:06:04.675,danger,fall,lmh,bed_stand_to_lie_fall,t018,"CSI_DATA,812805,1a:00:00:00:00:00,-51,11,-98,16,33,11,216502370,47,2,256,0,""[0,0,0,0,0,0,0,0,0,0,0,0,16,16,14,18,14,20,13,23,11,24,9,26,8,26,6,28,7,31,4,30,3,32,2,34,1,32,0,32,-3,33,-3,34,-2,35,-6,36,-6,32,-10,34,-13,32,-10,34,-12,32,-12,33,-13,33,-12,31,-15,31,-16,32,-15,30,-12,31,-15,29,-14,32,-15,30,-15,27,-15,30,-13,31,-14,27,-12,30,-12,29,-11,30,-13,29,-8,32,-9,32,-11,31,-12,31,-11,30,-12,31,-11,30,-11,31,-14,32,-11,32,-12,30,-15,34,-15,32,-13,34,-14,32,-14,32,0,0,0,0,0,0,30,17,28,17,29,13,27,16,25,14,25,16,24,13,24,15,23,14,23,14,22,12,21,14,23,11,21,12,21,12,21,9,21,8,20,8,19,9,20,8,21,5,20,8,19,5,19,5,20,7,20,5,20,6,20,3,20,5,20,3,19,5,21,5,20,5,19,3,20,5,20,4,21,5,19,4,19,5,19,6,18,6,19,8,19,8,18,6,17,8,18,7,16,8,16,8,14,10,14,9,13,9,14,10,12,10,12,10,11,11,10,12,7,13,0,0,0,0,0,0,0,0,0,0]"""
1782212764686,2026-06-23T20:06:04.686,danger,fall,lmh,bed_stand_to_lie_fall,t018,"CSI_DATA,812806,1a:00:00:00:00:00,-51,11,-98,22,32,11,216508324,47,2,256,0,""[0,0,0,0,0,0,0,0,0,0,0,0,-10,-21,-10,-23,-8,-23,-8,-26,-5,-26,-5,-28,-3,-29,0,-29,0,-31,0,-31,1,-31,4,-33,2,-32,5,-34,9,-33,8,-33,8,-35,11,-34,10,-32,12,-31,17,-29,12,-31,15,-32,13,-32,15,-31,13,-31,15,-29,17,-30,17,-30,15,-29,15,-28,14,-31,14,-30,14,-30,14,-30,13,-30,13,-27,13,-30,13,-30,10,-31,11,-31,10,-30,10,-30,10,-34,10,-30,10,-31,10,-33,8,-31,10,-31,10,-35,9,-32,10,-33,11,-34,12,-32,11,-37,10,-36,8,-33,0,0,0,0,0,0,-32,-11,-31,-10,-32,-8,-29,-12,-28,-10,-26,-10,-27,-9,-29,-10,-25,-6,-25,-9,-26,-6,-24,-6,-24,-5,-24,-6,-21,-5,-23,-3,-23,-3,-22,0,-21,-2,-22,-1,-21,0,-20,0,-20,0,-18,0,-20,0,-21,2,-20,0,-21,4,-22,3,-20,3,-20,2,-21,3,-20,4,-20,4,-20,4,-21,5,-21,2,-19,3,-21,5,-20,3,-19,3,-20,2,-20,2,-19,1,-18,0,-19,1,-16,0,-16,0,-17,-2,-16,0,-15,-2,-15,-2,-15,-3,-17,-5,-13,-3,-12,-5,-14,-6,0,0,0,0,0,0,0,0,0,0]"""
1782212764695,2026-06-23T20:06:04.695,danger,fall,lmh,bed_stand_to_lie_fall,t018,"CSI_DATA,812807,1a:00:00:00:00:00,-52,11,-98,16,34,11,216519324,47,2,256,0,""[0,0,0,0,0,0,0,0,0,0,0,0,-1,-23,0,-21,2,-23,4,-23,6,-24,9,-22,9,-23,12,-21,15,-24,16,-23,18,-23,20,-21,20,-22,22,-20,27,-18,27,-16,26,-17,29,-14,27,-11,29,-12,29,-11,31,-10,30,-7,32,-6,33,-5,30,-4,30,-1,31,0,30,0,30,-1,28,0,30,0,29,0,28,0,29,1,30,1,27,2,27,1,28,2,29,2,27,2,27,2,28,3,30,2,26,4,28,3,29,6,28,3,30,6,30,6,30,8,30,8,28,10,29,11,29,11,27,11,28,10,0,0,0,0,0,0,16,-25,17,-25,15,-23,15,-21,15,-23,16,-19,16,-21,16,-19,15,-17,14,-15,14,-15,12,-15,12,-16,14,-15,14,-14,12,-15,12,-15,12,-15,12,-13,11,-15,9,-13,11,-13,10,-14,11,-13,11,-14,11,-15,11,-13,11,-14,11,-14,10,-13,10,-11,12,-13,13,-13,11,-14,11,-13,14,-12,13,-12,12,-11,14,-12,12,-11,12,-10,14,-10,15,-10,15,-7,16,-7,14,-7,15,-5,15,-5,14,-3,15,-3,14,-2,13,-2,15,-1,15,1,13,1,12,2,12,4,0,0,0,0,0,0,0,0,0,0]"""
1782212764705,2026-06-23T20:06:04.705,danger,fall,lmh,bed_stand_to_lie_fall,t018,"CSI_DATA,812808,1a:00:00:00:00:00,-53,11,-98,17,35,11,216530728,47,2,256,0,""[0,0,0,0,0,0,0,0,0,0,0,0,-17,10,-18,8,-19,8,-22,6,-22,6,-23,4,-24,4,-24,2,-26,2,-26,2,-27,0,-28,1,-28,0,-28,0,-28,-3,-29,-4,-30,-3,-28,-5,-28,-6,-28,-4,-26,-6,-30,-5,-28,-6,-28,-7,-29,-8,-27,-5,-27,-8,-27,-7,-26,-6,-26,-6,-24,-6,-26,-5,-26,-5,-26,-4,-26,-4,-26,-4,-25,-4,-26,-2,-26,-2,-25,0,-26,0,-26,2,-26,0,-28,1,-26,0,-26,3,-26,2,-26,3,-25,2,-28,2,-27,2,-26,3,-28,3,-28,2,-28,4,-27,4,-28,3,0,0,0,0,0,0,3,27,2,25,4,24,4,24,4,23,4,22,6,21,4,23,4,19,4,19,6,18,6,17,8,17,6,16,6,16,8,14,9,15,9,14,8,13,10,12,11,12,11,13,11,11,11,11,10,11,10,9,12,9,12,8,13,8,13,6,12,8,13,8,13,8,13,7,13,6,13,8,14,6,13,7,13,7,13,7,14,6,14,6,13,8,13,8,13,8,13,6,11,7,11,7,11,7,11,6,11,7,11,7,9,8,10,8,8,8,8,8,6,10,0,0,0,0,0,0,0,0,0,0]"""
1782212764722,2026-06-23T20:06:04.722,danger,fall,lmh,bed_stand_to_lie_fall,t018,"CSI_DATA,812809,1a:00:00:00:00:00,-57,11,-98,14,39,11,216547959,47,2,256,0,""[0,0,0,0,0,0,0,0,0,0,0,0,-13,5,-14,4,-15,2,-16,2,-17,0,-17,0,-17,0,-17,-2,-18,-2,-18,-4,-19,-4,-18,-5,-19,-5,-19,-7,-18,-9,-18,-9,-19,-9,-17,-11,-17,-10,-17,-12,-17,-13,-17,-13,-16,-13,-16,-13,-16,-14,-15,-12,-14,-14,-14,-13,-14,-14,-14,-13,-13,-13,-14,-13,-14,-12,-14,-13,-14,-12,-14,-12,-13,-11,-14,-11,-14,-11,-15,-10,-14,-11,-15,-10,-14,-10,-16,-10,-14,-10,-14,-10,-14,-11,-14,-9,-15,-11,-16,-11,-16,-11,-16,-11,-15,-13,-15,-12,-16,-11,-16,-11,-16,-12,0,0,0,0,0,0,-12,14,-13,13,-10,14,-11,11,-11,12,-9,11,-9,11,-10,11,-9,11,-8,9,-8,9,-8,9,-7,10,-7,10,-7,9,-5,10,-5,10,-4,10,-5,9,-4,10,-3,10,-4,9,-2,9,-3,10,-3,9,-2,9,-2,9,-1,10,-2,10,-1,9,-1,9,-1,9,-1,10,0,10,-1,10,-1,10,-1,10,0,10,-1,11,-1,9,-1,9,-1,9,-1,10,-1,10,-1,10,-1,9,-1,9,-2,10,-2,9,-3,8,-3,8,-3,8,-3,8,-4,8,-4,7,-5,6,-5,5,0,0,0,0,0,0,0,0,0,0]"""
1782212764729,2026-06-23T20:06:04.729,danger,fall,lmh,bed_stand_to_lie_fall,t018,"CSI_DATA,812810,1a:00:00:00:00:00,-58,11,-98,17,39,11,216553666,47,2,256,0,""[0,0,0,0,0,0,0,0,0,0,0,0,10,9,9,10,9,11,8,13,7,13,6,15,6,15,5,16,6,17,5,17,3,19,3,18,3,18,3,19,0,19,0,20,1,20,0,20,-1,19,-2,19,-3,19,-3,21,-3,19,-2,19,-3,19,-3,19,-4,18,-4,19,-4,18,-3,18,-3,16,-3,19,-3,18,-3,17,-2,18,-3,18,-3,16,-1,18,-2,17,-1,17,-1,18,-1,16,-1,17,0,18,-1,17,0,17,0,18,0,17,0,18,0,19,0,18,0,18,-1,19,-1,18,0,18,0,19,-1,18,0,0,0,0,0,0,18,1,16,1,16,0,16,2,15,1,15,1,14,1,15,1,13,1,13,0,12,0,11,0,12,0,11,0,12,0,10,-1,11,-2,9,-2,9,0,9,-2,9,-3,9,-3,9,-3,8,-3,9,-3,8,-3,8,-4,8,-5,8,-4,7,-5,8,-5,8,-5,7,-5,6,-6,7,-5,7,-6,7,-6,7,-6,7,-6,7,-5,7,-5,7,-5,7,-5,6,-5,7,-5,7,-4,7,-5,7,-4,7,-3,7,-3,7,-3,6,-3,7,-3,7,-3,7,-2,7,-1,7,-1,0,0,0,0,0,0,0,0,0,0]"""
1782212764742,2026-06-23T20:06:04.742,danger,fall,lmh,bed_stand_to_lie_fall,t018,"CSI_DATA,812811,1a:00:00:00:00:00,-59,11,-98,19,39,11,216570113,47,2,256,0,""[0,0,0,0,0,0,0,0,0,0,0,0,6,10,5,11,4,12,3,14,2,13,0,15,0,15,-1,15,-2,16,-3,15,-5,16,-5,16,-6,17,-7,16,-10,15,-10,14,-11,15,-12,14,-13,13,-13,12,-14,11,-15,11,-15,10,-15,9,-16,9,-14,9,-16,6,-16,7,-16,6,-16,7,-15,5,-17,6,-17,4,-15,4,-16,4,-15,5,-15,4,-15,5,-16,4,-15,4,-15,3,-15,4,-17,3,-17,3,-17,2,-16,2,-16,2,-15,2,-17,1,-18,0,-18,1,-17,0,-18,-1,-17,-2,-18,-1,-18,-1,-17,-2,0,0,0,0,0,0,-5,16,-5,15,-4,16,-5,13,-4,13,-6,12,-5,12,-6,12,-5,11,-6,10,-5,10,-5,9,-5,10,-5,9,-5,9,-4,9,-4,9,-4,9,-4,8,-4,7,-2,8,-4,8,-3,7,-3,7,-3,7,-4,7,-3,6,-2,7,-3,7,-2,6,-3,6,-3,6,-3,7,-2,7,-2,6,-4,7,-2,6,-3,6,-3,6,-3,6,-3,6,-3,6,-4,6,-3,6,-4,6,-3,5,-4,6,-4,5,-5,4,-4,4,-4,4,-4,3,-5,3,-5,3,-6,2,-5,2,-5,2,0,0,0,0,0,0,0,0,0,0]"""
1782212764751,2026-06-23T20:06:04.751,danger,fall,lmh,bed_stand_to_lie_fall,t018,"CSI_DATA,812812,1a:00:00:00:00:00,-60,11,-98,17,40,11,216574737,47,2,256,0,""[0,0,0,0,0,0,0,0,0,0,0,0,0,11,-1,12,-2,13,-4,13,-4,13,-6,12,-6,12,-8,12,-8,13,-10,13,-11,12,-11,12,-11,12,-13,11,-14,10,-15,10,-15,10,-16,8,-15,8,-15,7,-16,6,-17,6,-17,6,-17,5,-18,4,-16,5,-17,3,-17,3,-17,2,-17,2,-16,2,-17,2,-17,3,-16,1,-17,2,-16,2,-15,2,-16,2,-16,2,-15,3,-16,2,-16,3,-16,2,-17,3,-15,1,-16,3,-17,1,-16,3,-17,2,-17,1,-17,1,-17,2,-17,0,-18,0,-18,1,-17,0,-17,0,0,0,0,0,0,0,-1,17,-1,17,-1,15,-2,15,-2,14,-2,13,-2,13,-1,13,-2,12,-2,11,-1,11,-1,10,-1,11,0,11,-1,10,0,10,0,10,0,9,-1,8,0,8,0,8,0,8,0,8,0,8,0,8,0,8,1,7,1,7,0,8,1,7,1,6,1,6,1,7,1,7,1,7,1,7,1,7,1,6,1,6,1,6,1,6,1,6,1,6,1,6,1,7,1,6,0,6,1,6,0,6,0,6,0,6,0,6,0,6,-1,6,-1,5,0,5,-1,5,0,0,0,0,0,0,0,0,0,0]"""
1782212764760,2026-06-23T20:06:04.760,danger,fall,lmh,bed_stand_to_lie_fall,t018,"CSI_DATA,812813,1a:00:00:00:00:00,-59,11,-98,15,40,11,216585323,47,2,256,0,""[0,0,0,0,0,0,0,0,0,0,0,0,-6,-10,-5,-10,-5,-11,-4,-13,-4,-13,-3,-13,-3,-13,-2,-15,-2,-16,-2,-15,-1,-16,0,-16,-1,-17,0,-17,1,-17,2,-18,1,-18,3,-18,2,-16,2,-17,2,-17,3,-18,4,-18,3,-18,4,-19,4,-18,4,-17,4,-17,4,-18,3,-16,3,-16,3,-17,2,-17,2,-16,2,-17,1,-17,1,-16,1,-16,1,-17,0,-17,0,-17,0,-17,0,-17,-1,-18,0,-16,-2,-16,-1,-17,-2,-17,-2,-17,-2,-19,-2,-17,-2,-18,-2,-18,-1,-18,-3,-18,-3,-18,-3,-18,0,0,0,0,0,0,-18,1,-17,2,-15,3,-15,2,-15,2,-14,1,-14,2,-14,2,-13,3,-12,2,-11,2,-11,3,-11,4,-11,3,-10,2,-10,4,-10,4,-9,5,-9,4,-9,4,-7,5,-8,5,-6,5,-6,5,-6,6,-6,6,-6,6,-5,6,-5,6,-4,6,-4,6,-4,6,-4,6,-3,6,-3,6,-3,6,-2,6,-2,6,-2,6,-2,6,-2,6,-2,6,-2,6,-2,6,-2,6,-2,6,-2,5,-2,6,-2,4,-2,5,-2,4,-2,5,-2,5,-2,5,-2,5,-2,4,-2,4,0,0,0,0,0,0,0,0,0,0]"""
1782212764770,2026-06-23T20:06:04.770,danger,fall,lmh,bed_stand_to_lie_fall,t018,"CSI_DATA,812814,1a:00:00:00:00:00,-58,11,-98,17,39,11,216598485,47,2,256,0,""[0,0,0,0,0,0,0,0,0,0,0,0,12,-1,13,0,12,1,13,3,13,4,13,6,13,7,12,8,13,9,11,10,11,12,10,13,10,14,9,15,6,17,6,16,6,18,3,19,3,18,1,19,0,18,0,19,-1,18,-2,19,-3,19,-3,17,-4,17,-6,18,-6,17,-6,17,-6,16,-8,18,-8,16,-8,16,-8,16,-8,16,-8,14,-9,15,-10,14,-9,15,-10,14,-9,15,-11,14,-12,15,-13,13,-12,13,-13,13,-13,13,-13,12,-16,11,-16,12,-15,11,-17,10,-17,9,-18,10,-17,9,-18,8,0,0,0,0,0,0,3,18,2,19,3,18,1,17,1,16,0,16,0,16,0,16,-1,15,-2,15,-1,13,-2,13,-1,13,-2,13,-2,13,-2,11,-2,12,-2,11,-3,10,-2,10,-1,10,-3,10,-3,10,-3,9,-3,9,-3,9,-2,8,-3,9,-3,9,-2,8,-3,8,-3,8,-3,8,-2,8,-2,6,-3,7,-3,6,-4,6,-4,6,-3,6,-4,6,-4,6,-4,5,-4,5,-4,4,-3,5,-5,5,-5,4,-5,3,-5,3,-4,3,-4,3,-5,2,-5,2,-5,2,-5,1,-5,0,0,0,0,0,0,0,0,0,0,0]"""
1782212764784,2026-06-23T20:06:04.784,danger,fall,lmh,bed_stand_to_lie_fall,t018,"CSI_DATA,812815,1a:00:00:00:00:00,-58,11,-98,18,38,11,216610002,47,2,256,0,""[0,0,0,0,0,0,0,0,0,0,0,0,-14,4,-16,2,-16,2,-17,0,-17,0,-17,-3,-18,-5,-18,-7,-19,-8,-17,-8,-18,-10,-18,-11,-19,-13,-17,-14,-15,-17,-15,-19,-15,-18,-13,-20,-11,-19,-11,-22,-9,-23,-8,-23,-7,-22,-7,-22,-5,-24,-5,-23,-3,-24,-2,-25,-2,-23,-1,-24,0,-22,0,-26,1,-23,0,-23,1,-24,1,-23,1,-22,0,-23,2,-23,1,-24,3,-23,1,-23,4,-24,3,-24,6,-23,5,-23,5,-24,6,-22,7,-23,8,-24,8,-24,9,-24,12,-24,12,-22,12,-23,13,-23,13,-23,0,0,0,0,0,0,-19,-17,-17,-17,-17,-16,-15,-16,-14,-16,-13,-18,-12,-15,-12,-17,-11,-15,-10,-16,-9,-15,-8,-15,-8,-15,-8,-14,-7,-14,-8,-12,-8,-13,-8,-13,-6,-12,-6,-12,-6,-11,-6,-13,-7,-10,-5,-11,-4,-11,-5,-10,-5,-9,-5,-10,-4,-10,-5,-9,-4,-10,-4,-11,-3,-10,-4,-9,-4,-9,-3,-9,-2,-10,-3,-8,-1,-8,-2,-9,-1,-8,-2,-9,-1,-9,-1,-8,0,-7,-1,-8,0,-7,0,-8,0,-7,0,-8,1,-7,0,-7,0,-6,0,-6,1,-6,2,-5,2,-5,0,0,0,0,0,0,0,0,0,0]"""
1782212764794,2026-06-23T20:06:04.794,danger,fall,lmh,bed_stand_to_lie_fall,t018,"CSI_DATA,812816,1a:00:00:00:00:00,-57,11,-98,18,38,11,216618363,47,2,256,0,""[0,0,0,0,0,0,0,0,0,0,0,0,-11,9,-13,7,-14,8,-17,6,-17,6,-17,4,-18,3,-18,0,-21,0,-21,0,-23,0,-22,-1,-23,-1,-22,-3,-23,-6,-22,-7,-24,-8,-23,-10,-22,-10,-21,-10,-19,-12,-22,-13,-20,-14,-21,-14,-22,-15,-20,-15,-19,-15,-19,-17,-18,-16,-18,-16,-16,-16,-19,-17,-18,-17,-17,-17,-17,-18,-16,-16,-16,-16,-18,-16,-17,-17,-18,-15,-17,-17,-18,-16,-18,-16,-18,-17,-17,-17,-17,-17,-17,-18,-17,-18,-18,-18,-18,-20,-18,-19,-17,-18,-17,-21,-16,-20,-18,-21,-16,-21,-16,-22,0,0,0,0,0,0,-24,13,-23,12,-22,13,-20,10,-20,9,-21,9,-19,9,-21,9,-19,8,-17,7,-17,7,-17,6,-17,7,-16,6,-16,7,-14,8,-14,8,-14,7,-14,6,-14,7,-12,7,-13,6,-11,6,-12,7,-12,5,-12,6,-10,6,-11,8,-11,6,-9,6,-9,6,-10,6,-10,6,-9,7,-8,6,-10,6,-10,5,-8,5,-9,5,-8,4,-8,4,-8,5,-8,4,-8,5,-8,4,-7,4,-8,2,-8,3,-8,2,-7,2,-7,1,-7,2,-8,1,-6,0,-7,1,-7,1,-7,0,0,0,0,0,0,0,0,0,0,0]"""
1782212764802,2026-06-23T20:06:04.802,danger,fall,lmh,bed_stand_to_lie_fall,t018,"CSI_DATA,812817,1a:00:00:00:00:00,-55,11,-98,14,36,11,216629455,47,2,256,0,""[0,0,0,0,0,0,0,0,0,0,0,0,16,5,14,8,14,9,15,10,14,12,13,14,14,16,12,16,14,17,11,19,10,20,10,22,10,22,10,24,7,24,7,26,7,25,4,26,4,25,4,26,1,25,2,28,0,26,0,26,-1,29,0,26,-2,28,-2,26,-2,26,-2,26,-2,25,-3,27,-2,26,-3,25,-3,25,-2,26,-3,25,-2,24,-2,26,-1,25,-2,25,-1,26,-2,26,-1,28,-2,26,-1,25,-3,26,-2,26,-1,27,-3,28,-2,28,-3,29,-5,29,-7,28,-4,29,-5,28,-6,29,0,0,0,0,0,0,27,9,26,9,25,7,24,10,24,8,21,9,22,9,21,8,20,9,18,9,18,8,16,8,20,8,18,7,16,8,17,7,18,5,16,6,15,6,16,4,16,4,14,6,14,4,13,3,14,4,14,3,14,4,14,2,14,3,12,3,12,3,12,3,12,2,12,2,12,2,13,2,12,2,11,2,12,2,10,2,10,2,10,2,10,2,10,2,9,3,10,2,8,2,8,1,8,4,8,3,7,4,6,4,7,3,6,4,6,3,6,4,5,5,0,0,0,0,0,0,0,0,0,0]"""
1782212764812,2026-06-23T20:06:04.812,danger,fall,lmh,bed_stand_to_lie_fall,t018,"CSI_DATA,812818,1a:00:00:00:00:00,-54,11,-98,13,36,11,216640707,47,2,256,0,""[0,0,0,0,0,0,0,0,0,0,0,0,14,8,13,11,15,11,14,13,13,14,13,15,13,17,11,19,13,19,11,20,9,22,9,23,10,24,9,24,6,26,5,26,5,26,4,27,4,26,2,28,2,28,1,28,0,26,0,28,-1,28,0,26,-2,27,-2,28,-1,26,-2,26,-2,26,-1,28,-2,25,-2,26,-2,27,-1,26,-2,25,-1,26,0,26,1,26,-2,26,2,26,0,27,0,28,0,27,0,26,0,28,0,27,2,27,0,29,0,30,0,28,-2,31,-1,29,0,30,0,30,0,28,0,0,0,0,0,0,28,4,28,4,27,2,26,6,25,3,24,4,23,4,24,5,22,4,21,4,21,4,19,4,20,3,19,3,19,4,17,2,18,0,17,1,17,2,16,1,17,0,15,0,15,-1,15,0,14,0,16,0,14,0,13,-1,14,0,13,-2,13,-1,13,0,13,-1,13,-2,13,-1,13,-2,12,-1,12,-2,12,-1,11,0,12,-1,11,-1,11,-1,10,-2,10,-1,11,0,11,-1,10,-1,9,0,8,-1,8,1,8,0,8,0,9,0,8,1,8,1,8,2,0,0,0,0,0,0,0,0,0,0]"""
1782212764826,2026-06-23T20:06:04.826,danger,fall,lmh,bed_stand_to_lie_fall,t018,"CSI_DATA,812819,1a:00:00:00:00:00,-54,11,-98,17,35,11,216651323,47,2,256,0,""[0,0,0,0,0,0,0,0,0,0,0,0,-5,-16,-4,-17,-2,-19,-1,-20,1,-20,2,-21,2,-20,5,-22,5,-24,8,-22,9,-23,10,-23,10,-24,12,-23,15,-22,14,-22,15,-22,18,-23,17,-21,19,-19,20,-17,19,-20,22,-18,22,-19,23,-17,20,-17,22,-15,22,-17,22,-16,21,-17,23,-15,23,-17,22,-15,22,-15,22,-15,21,-17,20,-15,22,-17,21,-16,20,-16,22,-15,20,-18,20,-17,23,-17,20,-16,20,-17,22,-17,22,-18,22,-17,25,-17,24,-17,22,-18,26,-17,26,-16,24,-17,26,-17,26,-15,0,0,0,0,0,0,-12,-27,-11,-26,-12,-24,-11,-24,-9,-24,-8,-24,-9,-22,-9,-23,-8,-22,-7,-20,-8,-19,-6,-18,-8,-19,-6,-18,-7,-18,-7,-15,-7,-17,-8,-15,-6,-15,-8,-14,-9,-14,-8,-15,-8,-13,-6,-13,-7,-12,-8,-13,-8,-13,-9,-11,-8,-13,-8,-11,-8,-11,-8,-10,-7,-11,-8,-10,-8,-10,-8,-11,-6,-9,-6,-11,-7,-10,-5,-9,-6,-9,-6,-11,-4,-10,-6,-8,-5,-9,-6,-8,-4,-9,-5,-8,-4,-9,-4,-8,-4,-8,-3,-8,-3,-7,-2,-10,-1,-8,-1,-7,0,-8,0,0,0,0,0,0,0,0,0,0]"""
1782212764836,2026-06-23T20:06:04.836,danger,fall,lmh,bed_stand_to_lie_fall,t018,"CSI_DATA,812820,1a:00:00:00:00:00,-54,11,-98,17,35,11,216663841,47,2,256,0,""[0,0,0,0,0,0,0,0,0,0,0,0,-18,2,-18,0,-19,0,-20,-1,-20,-2,-22,-4,-21,-2,-20,-4,-24,-5,-24,-6,-24,-7,-24,-7,-26,-8,-24,-8,-24,-13,-25,-12,-27,-10,-26,-13,-24,-13,-24,-11,-22,-14,-26,-13,-24,-15,-25,-14,-26,-15,-25,-13,-24,-15,-25,-14,-24,-13,-25,-12,-23,-12,-26,-12,-24,-11,-24,-10,-26,-9,-25,-8,-24,-8,-26,-6,-26,-7,-26,-6,-26,-4,-26,-2,-27,-4,-29,-2,-28,-3,-27,-1,-29,0,-27,-1,-28,-1,-31,0,-30,0,-29,0,-30,0,-30,0,-31,2,-29,1,-30,1,0,0,0,0,0,0,0,30,2,28,2,28,2,26,2,26,1,24,3,24,1,26,2,22,3,22,3,22,3,19,5,21,4,19,5,17,6,16,7,17,8,17,6,16,9,14,9,14,8,14,9,13,9,13,8,12,9,12,8,11,11,10,10,10,11,8,10,9,11,8,11,8,12,7,10,7,11,8,11,7,11,6,11,6,10,6,11,5,11,5,9,5,10,5,10,6,10,4,10,4,9,4,8,4,8,4,8,4,8,4,7,4,8,3,6,4,7,4,6,5,0,0,0,0,0,0,0,0,0,0]"""
1782212764846,2026-06-23T20:06:04.846,danger,fall,lmh,bed_stand_to_lie_fall,t018,"CSI_DATA,812821,1a:00:00:00:00:00,-54,11,-98,16,35,11,216673323,47,2,256,0,""[0,0,0,0,0,0,0,0,0,0,0,0,10,14,9,14,9,16,8,19,7,19,6,21,4,21,4,21,3,24,1,25,0,25,0,26,0,27,-1,26,-4,27,-4,28,-4,28,-7,29,-8,27,-10,26,-11,26,-9,26,-11,26,-11,26,-12,27,-10,26,-12,24,-12,25,-13,24,-12,24,-12,23,-13,25,-12,24,-12,23,-11,24,-12,25,-12,23,-11,24,-12,25,-10,25,-12,24,-9,24,-11,24,-9,27,-12,25,-9,26,-11,26,-11,26,-9,27,-12,27,-12,27,-12,26,-14,27,-14,25,-13,28,-14,26,-14,28,0,0,0,0,0,0,22,16,24,16,24,13,23,14,21,14,20,14,20,13,21,14,18,13,18,14,18,11,16,12,19,11,17,10,16,11,17,9,16,9,14,9,14,8,15,7,15,6,15,7,13,6,13,6,14,6,14,6,14,5,14,4,13,4,14,3,13,4,14,4,13,4,14,3,13,3,12,4,12,4,12,2,12,3,12,4,12,2,11,4,12,4,11,3,10,4,9,4,9,4,9,2,9,4,8,4,9,4,9,4,7,2,8,5,6,4,7,4,5,7,0,0,0,0,0,0,0,0,0,0]"""
1782212764870,2026-06-23T20:06:04.870,danger,fall,lmh,bed_stand_to_lie_fall,t018,"CSI_DATA,812823,1a:00:00:00:00:00,-54,11,-98,17,35,11,216695743,47,2,256,0,""[0,0,0,0,0,0,0,0,0,0,0,0,-17,-2,-17,-4,-18,-5,-19,-7,-19,-8,-19,-9,-18,-11,-19,-12,-19,-13,-20,-14,-19,-16,-19,-15,-20,-16,-20,-19,-17,-20,-17,-21,-19,-21,-17,-23,-17,-22,-14,-24,-13,-25,-15,-23,-14,-24,-15,-23,-15,-26,-15,-22,-12,-24,-13,-24,-12,-24,-15,-23,-12,-23,-14,-24,-14,-23,-13,-23,-15,-22,-14,-22,-13,-21,-16,-22,-14,-22,-18,-21,-17,-21,-18,-19,-17,-20,-18,-21,-16,-19,-19,-20,-17,-20,-18,-19,-18,-22,-20,-22,-20,-22,-19,-19,-19,-22,-19,-22,-22,-22,-22,-23,-19,-22,0,0,0,0,0,0,-21,18,-22,19,-20,19,-21,17,-19,17,-19,15,-17,17,-18,17,-17,16,-17,13,-15,14,-13,13,-13,15,-14,14,-13,15,-11,14,-11,15,-10,13,-11,13,-10,14,-8,14,-9,13,-7,13,-8,14,-7,13,-6,13,-7,13,-4,13,-6,14,-4,13,-4,13,-4,13,-4,13,-4,13,-3,12,-4,14,-3,15,-3,13,-4,13,-4,12,-4,11,-3,11,-4,13,-3,12,-3,11,-2,11,-4,10,-2,11,-3,9,-3,9,-2,8,-3,9,-3,8,-3,8,-5,8,-3,7,-5,7,0,0,0,0,0,0,0,0,0,0]"""
1782212764881,2026-06-23T20:06:04.881,danger,fall,lmh,bed_stand_to_lie_fall,t018,"CSI_DATA,812824,1a:00:00:00:00:00,-54,11,-98,16,35,11,216707640,47,2,256,0,""[0,0,0,0,0,0,0,0,0,0,0,0,3,17,1,18,0,19,-2,20,-3,20,-7,19,-8,20,-9,19,-12,21,-14,19,-16,19,-15,18,-19,19,-21,16,-23,14,-23,12,-24,14,-26,12,-26,8,-29,7,-29,5,-27,4,-28,3,-28,2,-29,1,-27,0,-27,-2,-28,-2,-26,-4,-26,-2,-26,-6,-29,-6,-26,-8,-25,-7,-26,-7,-25,-8,-23,-9,-26,-7,-25,-9,-24,-8,-24,-10,-24,-8,-24,-11,-25,-11,-23,-13,-24,-14,-23,-15,-22,-15,-24,-16,-24,-18,-22,-18,-22,-19,-21,-19,-20,-21,-21,-22,-21,-23,-19,-22,0,0,0,0,0,0,-27,13,-25,12,-24,14,-24,9,-24,8,-24,7,-23,7,-25,6,-22,6,-22,2,-20,2,-19,2,-21,3,-20,2,-19,2,-18,2,-19,3,-17,2,-18,0,-16,0,-16,2,-16,0,-15,1,-16,0,-16,0,-16,0,-14,0,-16,0,-15,0,-14,0,-14,0,-15,0,-14,0,-14,0,-13,-1,-16,-3,-14,-2,-14,-2,-13,-4,-12,-3,-12,-4,-12,-4,-13,-4,-10,-4,-11,-5,-10,-4,-9,-7,-10,-6,-7,-7,-8,-6,-7,-6,-7,-7,-5,-7,-5,-8,-4,-9,-3,-7,-3,-8,0,0,0,0,0,0,0,0,0,0]"""
1782212764890,2026-06-23T20:06:04.890,danger,fall,lmh,bed_stand_to_lie_fall,t018,"CSI_DATA,812825,1a:00:00:00:00:00,-53,11,-98,18,35,11,216717322,47,2,256,0,""[0,0,0,0,0,0,0,0,0,0,0,0,3,-17,6,-16,7,-18,10,-19,10,-17,14,-16,14,-14,16,-14,18,-14,20,-14,22,-14,21,-12,24,-12,24,-10,25,-6,26,-5,27,-6,27,-3,27,-2,31,0,31,0,28,2,28,4,28,3,29,6,27,5,26,8,27,8,25,10,26,7,24,10,27,11,25,11,24,10,26,12,25,11,22,11,24,12,24,12,26,11,24,12,24,12,24,12,26,14,22,14,23,14,23,16,22,15,22,17,24,18,24,18,22,18,22,21,20,21,22,21,22,21,20,21,0,0,0,0,0,0,23,-14,24,-15,24,-15,24,-12,22,-12,23,-10,21,-11,23,-10,21,-9,20,-7,20,-8,19,-7,20,-7,18,-6,19,-8,16,-7,18,-6,16,-7,18,-5,15,-6,17,-6,16,-5,15,-5,16,-5,16,-5,15,-4,14,-4,15,-6,14,-5,13,-6,13,-4,14,-3,14,-4,14,-5,13,-4,16,-2,14,-4,14,-3,14,-2,12,-1,12,-1,13,0,14,0,12,-1,12,0,12,0,11,1,12,1,10,2,10,2,10,3,10,2,9,4,10,4,8,5,8,6,6,6,0,0,0,0,0,0,0,0,0,0]"""
1782212764901,2026-06-23T20:06:04.901,danger,fall,lmh,bed_stand_to_lie_fall,t018,"CSI_DATA,812826,1a:00:00:00:00:00,-53,11,-98,16,35,11,216728322,47,2,256,0,""[0,0,0,0,0,0,0,0,0,0,0,0,2,18,0,17,0,19,-2,20,-4,21,-4,19,-5,20,-7,21,-8,22,-9,22,-11,21,-12,22,-12,23,-14,22,-16,21,-17,22,-15,22,-19,21,-16,19,-19,20,-21,20,-19,19,-21,19,-19,19,-21,19,-19,19,-21,17,-21,17,-21,17,-18,17,-21,16,-19,18,-19,19,-19,18,-19,19,-19,19,-17,19,-17,19,-19,19,-16,21,-16,19,-16,21,-18,20,-16,23,-16,19,-15,23,-16,23,-13,23,-15,22,-16,24,-16,23,-16,24,-19,22,-19,23,-17,24,-16,24,-16,24,0,0,0,0,0,0,21,18,22,19,22,14,19,16,21,16,19,16,19,15,19,15,18,14,17,14,16,12,17,13,18,12,17,11,16,10,16,9,16,9,16,7,16,8,16,7,15,5,16,5,15,5,15,5,15,4,15,4,15,4,15,2,15,2,14,1,15,3,15,2,15,1,14,1,15,2,14,0,14,0,13,0,15,0,14,2,13,0,12,2,13,1,13,0,12,2,14,2,11,1,12,1,11,2,11,2,10,1,10,2,11,3,10,3,9,3,8,3,8,4,0,0,0,0,0,0,0,0,0,0]"""
1782212764912,2026-06-23T20:06:04.912,danger,fall,lmh,bed_stand_to_lie_fall,t018,"CSI_DATA,812827,1a:00:00:00:00:00,-53,11,-98,20,34,11,216739322,47,2,256,0,""[0,0,0,0,0,0,0,0,0,0,0,0,6,16,4,16,2,18,1,21,0,19,-1,20,-2,21,-5,21,-6,22,-7,22,-10,24,-11,23,-12,22,-14,21,-17,20,-18,20,-16,21,-20,18,-21,17,-22,16,-20,14,-24,14,-24,12,-24,13,-26,13,-25,12,-24,9,-26,9,-26,9,-25,8,-24,8,-28,8,-26,6,-26,5,-26,7,-26,6,-25,5,-26,7,-26,4,-26,7,-26,5,-25,7,-27,5,-29,5,-27,5,-26,4,-27,4,-26,3,-26,2,-29,2,-29,2,-27,2,-30,0,-29,-1,-29,0,-31,0,-30,-2,0,0,0,0,0,0,-9,29,-7,27,-4,27,-7,26,-8,24,-7,24,-8,24,-9,24,-8,21,-8,20,-7,20,-9,18,-7,19,-8,18,-7,18,-6,17,-6,18,-7,16,-7,15,-5,16,-5,16,-5,15,-4,15,-5,14,-6,14,-5,14,-5,15,-4,16,-7,14,-5,15,-4,14,-5,16,-6,14,-5,14,-4,13,-7,14,-6,12,-6,13,-7,14,-5,12,-7,12,-7,12,-8,12,-7,11,-8,10,-6,10,-7,10,-9,10,-7,8,-8,7,-8,7,-9,7,-8,6,-10,4,-9,5,-8,3,-9,2,0,0,0,0,0,0,0,0,0,0]"""
1782212764925,2026-06-23T20:06:04.925,danger,fall,lmh,bed_stand_to_lie_fall,t018,"CSI_DATA,812828,1a:00:00:00:00:00,-54,11,-98,18,35,11,216752019,47,2,256,0,""[0,0,0,0,0,0,0,0,0,0,0,0,16,-6,16,-4,18,-3,20,-2,20,0,20,0,21,0,20,2,22,2,22,4,24,6,24,6,24,6,26,8,25,10,24,9,26,10,24,11,24,11,26,13,24,15,24,13,22,15,24,14,24,16,23,14,22,16,22,16,22,14,23,14,20,14,23,14,22,14,22,14,22,13,22,12,22,13,24,10,24,12,23,10,23,11,23,8,24,8,26,9,26,10,24,9,25,10,26,8,25,8,28,9,27,8,26,8,27,11,28,9,28,8,28,8,28,8,0,0,0,0,0,0,11,-28,9,-25,8,-25,8,-24,6,-22,9,-22,8,-22,8,-23,7,-20,6,-21,5,-20,4,-18,3,-20,4,-19,4,-18,2,-18,1,-17,2,-17,2,-16,0,-16,-1,-15,0,-16,-2,-15,0,-16,-2,-15,-2,-15,-2,-14,-4,-15,-3,-14,-4,-14,-3,-14,-4,-14,-3,-14,-4,-14,-5,-12,-6,-14,-5,-14,-5,-13,-4,-13,-5,-13,-6,-12,-5,-12,-4,-12,-4,-12,-4,-12,-5,-10,-3,-12,-4,-12,-4,-11,-4,-10,-2,-11,-2,-10,-2,-10,-2,-10,0,-10,-1,-10,-1,-10,0,0,0,0,0,0,0,0,0,0]"""
1782212764936,2026-06-23T20:06:04.936,danger,fall,lmh,bed_stand_to_lie_fall,t018,"CSI_DATA,812829,1a:00:00:00:00:00,-54,11,-98,14,36,11,216763284,47,2,256,0,""[0,0,0,0,0,0,0,0,0,0,0,0,-5,-16,-4,-16,-3,-17,-2,-19,-2,-20,0,-20,0,-20,2,-20,2,-22,2,-22,3,-23,4,-24,4,-24,5,-25,8,-24,8,-24,6,-26,10,-25,9,-25,11,-22,13,-22,11,-24,13,-25,10,-25,12,-26,9,-24,12,-23,12,-24,12,-24,11,-24,12,-22,11,-24,10,-22,9,-23,9,-25,9,-24,7,-23,6,-24,6,-24,5,-25,6,-24,4,-25,4,-24,3,-26,4,-25,3,-26,4,-26,1,-25,2,-27,0,-28,2,-27,0,-27,3,-28,3,-28,2,-28,0,-28,0,-28,0,0,0,0,0,0,-26,-1,-27,-1,-24,1,-24,-1,-24,0,-22,-1,-22,2,-24,1,-20,1,-20,0,-19,1,-18,2,-19,4,-18,3,-18,4,-16,5,-16,6,-14,6,-16,6,-14,5,-14,8,-14,6,-12,9,-13,8,-12,8,-12,8,-12,8,-10,10,-10,10,-9,10,-10,9,-10,10,-8,10,-8,11,-9,10,-8,11,-8,10,-8,10,-8,11,-8,9,-6,10,-8,11,-7,10,-6,10,-7,9,-7,10,-7,9,-7,11,-7,10,-6,8,-6,9,-7,8,-6,8,-8,7,-6,8,-7,6,-8,5,0,0,0,0,0,0,0,0,0,0]"""
1782212764946,2026-06-23T20:06:04.946,danger,fall,lmh,bed_stand_to_lie_fall,t018,"CSI_DATA,812830,1a:00:00:00:00:00,-54,11,-98,16,36,11,216772322,47,2,256,0,""[0,0,0,0,0,0,0,0,0,0,0,0,7,-13,8,-14,10,-13,11,-13,14,-13,15,-11,16,-11,18,-10,19,-10,21,-9,22,-7,21,-8,24,-7,25,-5,25,-3,24,-1,26,-1,26,1,25,1,26,2,25,3,25,5,25,5,25,6,26,8,24,8,23,10,25,9,24,10,23,8,22,10,24,10,22,10,22,10,22,10,22,10,21,10,22,11,22,10,24,9,22,10,22,9,21,11,23,11,21,11,23,11,22,11,22,11,23,12,23,13,22,13,21,12,22,16,21,16,22,15,22,15,21,16,0,0,0,0,0,0,18,-19,18,-17,18,-18,17,-16,16,-15,16,-13,16,-15,16,-15,16,-12,14,-11,13,-11,13,-10,13,-12,13,-11,13,-11,11,-12,11,-11,11,-10,11,-10,10,-10,8,-11,9,-10,8,-10,9,-10,10,-10,9,-10,8,-11,8,-11,9,-11,6,-10,7,-11,8,-10,9,-11,8,-10,8,-10,8,-11,8,-10,8,-10,9,-10,8,-9,8,-9,8,-8,8,-9,8,-8,9,-8,8,-8,8,-6,8,-7,8,-6,9,-5,9,-5,8,-6,8,-4,10,-3,8,-2,9,-2,10,-2,0,0,0,0,0,0,0,0,0,0]"""
1782212764955,2026-06-23T20:06:04.955,danger,fall,lmh,bed_stand_to_lie_fall,t018,"CSI_DATA,812831,1a:00:00:00:00:00,-57,11,-98,14,39,11,216783322,47,2,256,0,""[0,0,0,0,0,0,0,0,0,0,0,0,9,8,8,10,8,11,7,12,7,12,5,14,4,15,3,16,3,16,2,16,1,17,0,18,1,19,0,18,-2,19,-3,19,-2,20,-5,20,-6,19,-7,19,-8,18,-8,19,-8,17,-8,18,-10,18,-9,17,-10,16,-11,17,-11,16,-10,17,-11,15,-11,17,-11,16,-11,14,-11,16,-11,15,-10,15,-10,16,-11,15,-9,16,-10,15,-9,16,-10,16,-11,17,-11,16,-11,16,-11,16,-11,15,-12,16,-12,16,-12,16,-12,16,-14,16,-14,15,-14,17,-14,15,-14,15,0,0,0,0,0,0,12,16,12,15,13,14,10,14,10,13,10,13,10,12,10,13,9,13,8,12,9,11,8,11,9,11,8,10,8,9,8,9,9,9,8,8,7,9,8,8,9,7,8,8,8,7,8,7,8,7,8,7,8,6,8,6,8,5,9,5,8,6,8,5,8,5,9,5,8,5,8,6,8,5,8,5,8,6,8,6,8,6,8,6,8,6,8,5,7,6,8,6,7,6,7,6,6,7,6,6,5,7,5,7,4,6,4,7,4,6,3,7,2,8,0,0,0,0,0,0,0,0,0,0]"""
1782212764968,2026-06-23T20:06:04.968,danger,fall,lmh,bed_stand_to_lie_fall,t018,"CSI_DATA,812832,1a:00:00:00:00:00,-58,11,-98,16,39,11,216794480,47,2,256,0,""[0,0,0,0,0,0,0,0,0,0,0,0,-6,-10,-4,-11,-4,-11,-3,-13,-3,-13,-1,-14,-1,-15,0,-15,0,-17,1,-16,2,-17,2,-17,3,-18,4,-18,7,-17,6,-16,7,-18,8,-17,9,-16,10,-16,10,-15,11,-16,11,-15,12,-16,12,-15,12,-15,13,-13,13,-14,12,-12,12,-13,12,-13,12,-13,12,-13,12,-12,12,-13,12,-12,12,-12,12,-14,12,-13,12,-14,12,-13,11,-13,12,-13,12,-14,12,-13,12,-13,12,-13,12,-13,12,-13,13,-14,13,-14,13,-14,14,-13,14,-12,14,-14,14,-13,14,-13,0,0,0,0,0,0,-11,-15,-10,-14,-11,-13,-10,-13,-10,-13,-8,-13,-9,-11,-9,-13,-8,-11,-7,-11,-8,-11,-7,-9,-8,-10,-7,-10,-8,-9,-8,-8,-7,-8,-8,-8,-7,-8,-7,-7,-8,-6,-7,-7,-7,-6,-7,-6,-6,-6,-7,-5,-8,-5,-8,-4,-8,-5,-8,-4,-8,-4,-8,-4,-7,-4,-8,-4,-8,-3,-8,-4,-8,-4,-7,-4,-8,-3,-8,-4,-8,-4,-8,-4,-8,-4,-8,-3,-7,-4,-7,-4,-7,-5,-7,-4,-6,-4,-6,-5,-6,-4,-6,-5,-5,-5,-4,-5,-4,-5,-4,-6,-4,-6,0,0,0,0,0,0,0,0,0,0]"""
1782212764978,2026-06-23T20:06:04.978,danger,fall,lmh,bed_stand_to_lie_fall,t018,"CSI_DATA,812833,1a:00:00:00:00:00,-59,11,-98,18,39,11,216805370,47,2,256,0,""[0,0,0,0,0,0,0,0,0,0,0,0,-3,-11,-2,-11,-1,-12,0,-13,0,-13,1,-14,2,-15,3,-13,3,-15,5,-15,5,-16,7,-16,7,-16,8,-15,10,-15,10,-14,10,-15,12,-14,13,-13,13,-13,13,-12,14,-12,15,-10,14,-11,16,-10,14,-10,15,-9,15,-10,15,-8,15,-9,15,-8,16,-10,16,-8,14,-8,15,-9,14,-9,14,-8,14,-9,14,-9,13,-9,15,-9,13,-10,14,-9,15,-10,15,-9,13,-9,14,-9,14,-10,14,-9,16,-9,16,-9,15,-9,16,-8,16,-8,17,-9,16,-8,16,-8,0,0,0,0,0,0,-6,-17,-6,-16,-7,-15,-5,-15,-5,-13,-4,-13,-4,-13,-4,-14,-4,-13,-3,-13,-3,-11,-3,-10,-4,-11,-3,-11,-4,-10,-4,-9,-4,-10,-4,-8,-3,-8,-4,-8,-5,-8,-5,-8,-4,-7,-5,-7,-4,-6,-5,-6,-5,-6,-5,-6,-5,-6,-5,-5,-5,-5,-5,-5,-5,-5,-5,-5,-5,-5,-6,-5,-5,-5,-5,-5,-5,-5,-5,-5,-5,-4,-6,-5,-5,-5,-5,-4,-5,-5,-5,-4,-5,-5,-5,-5,-5,-5,-4,-5,-4,-5,-4,-5,-3,-5,-4,-5,-3,-5,-3,-5,-2,-6,0,0,0,0,0,0,0,0,0,0]"""
1782212764989,2026-06-23T20:06:04.989,danger,fall,lmh,bed_stand_to_lie_fall,t018,"CSI_DATA,812834,1a:00:00:00:00:00,-60,11,-98,15,40,11,216816322,47,2,256,0,""[0,0,0,0,0,0,0,0,0,0,0,0,-1,-11,0,-12,0,-12,2,-12,3,-12,3,-13,4,-12,6,-12,6,-14,8,-13,9,-13,9,-13,10,-14,11,-13,13,-12,12,-11,13,-13,14,-10,13,-9,15,-10,15,-8,17,-9,16,-7,15,-8,17,-7,15,-7,16,-5,17,-6,16,-5,15,-6,15,-5,17,-6,16,-5,16,-5,17,-5,16,-6,15,-4,15,-6,16,-6,15,-6,16,-5,15,-7,15,-6,16,-6,16,-6,15,-6,16,-6,15,-6,16,-6,18,-6,17,-6,16,-6,17,-6,17,-4,18,-6,18,-4,18,-5,0,0,0,0,0,0,-2,-18,-2,-17,-2,-16,-2,-15,-2,-15,-1,-14,-2,-14,-1,-14,-2,-13,0,-12,-1,-12,-1,-11,-2,-11,-1,-11,-1,-10,-2,-10,-2,-10,-2,-9,-1,-9,-2,-8,-3,-8,-2,-8,-2,-7,-2,-7,-2,-7,-2,-6,-3,-7,-4,-6,-3,-6,-4,-6,-4,-6,-4,-6,-4,-5,-3,-5,-4,-5,-4,-5,-4,-6,-3,-5,-4,-5,-4,-5,-4,-5,-4,-5,-4,-4,-4,-4,-4,-4,-4,-4,-4,-4,-4,-5,-3,-6,-3,-5,-3,-5,-3,-4,-3,-5,-3,-5,-2,-5,-2,-5,-1,-6,0,0,0,0,0,0,0,0,0,0]"""
1782212764998,2026-06-23T20:06:04.998,danger,fall,lmh,bed_stand_to_lie_fall,t018,"CSI_DATA,812835,1a:00:00:00:00:00,-60,11,-98,19,39,11,216827322,47,2,256,0,""[0,0,0,0,0,0,0,0,0,0,0,0,11,-2,11,-1,12,0,13,1,13,2,13,2,13,4,13,5,14,5,14,6,14,8,14,8,15,9,14,9,12,11,13,12,13,12,12,14,11,13,11,14,10,15,10,14,9,15,10,15,9,15,9,14,7,16,7,15,7,16,7,15,7,15,7,15,7,15,6,15,7,15,7,15,7,14,8,15,8,15,8,14,7,14,9,14,7,15,9,15,8,14,8,14,8,15,9,14,8,15,8,17,8,15,8,15,7,17,7,17,8,17,8,16,7,17,0,0,0,0,0,0,16,-4,17,-5,15,-5,15,-4,15,-4,14,-3,14,-4,13,-3,13,-3,12,-3,12,-3,11,-2,11,-3,11,-4,11,-3,9,-3,10,-3,9,-4,9,-3,8,-3,8,-4,9,-3,6,-4,7,-4,7,-3,6,-4,6,-4,6,-4,6,-4,5,-4,5,-4,5,-4,5,-4,4,-5,4,-4,5,-4,4,-4,4,-4,5,-4,4,-4,4,-4,4,-4,4,-4,4,-4,4,-4,4,-4,4,-4,4,-4,4,-3,3,-4,4,-3,4,-4,4,-3,4,-2,5,-3,4,-3,4,-2,0,0,0,0,0,0,0,0,0,0]"""
1782212765012,2026-06-23T20:06:05.012,danger,fall,lmh,bed_stand_to_lie_fall,t018,"CSI_DATA,812836,1a:00:00:00:00:00,-59,11,-98,20,39,11,216838418,47,2,256,0,""[0,0,0,0,0,0,0,0,0,0,0,0,-4,10,-6,9,-7,9,-9,9,-10,8,-11,7,-12,6,-13,6,-14,5,-15,4,-16,3,-15,2,-17,1,-17,0,-17,-2,-18,-3,-17,-2,-18,-5,-17,-6,-16,-7,-16,-8,-16,-9,-15,-10,-15,-10,-15,-11,-14,-10,-13,-11,-13,-13,-11,-13,-12,-12,-11,-13,-11,-13,-11,-13,-10,-13,-11,-14,-10,-13,-8,-13,-9,-13,-9,-14,-9,-14,-8,-14,-9,-14,-7,-15,-9,-15,-7,-15,-7,-16,-6,-16,-7,-15,-7,-17,-6,-17,-5,-17,-5,-17,-3,-18,-2,-18,-3,-19,-2,-19,-1,-19,0,0,0,0,0,0,-19,-2,-19,-2,-17,-1,-17,-3,-16,-2,-15,-4,-15,-3,-14,-3,-13,-3,-13,-5,-12,-4,-11,-5,-11,-5,-11,-4,-11,-5,-9,-3,-10,-4,-10,-4,-9,-4,-9,-4,-9,-3,-8,-4,-7,-3,-7,-3,-7,-3,-7,-3,-7,-3,-7,-3,-7,-3,-7,-2,-6,-3,-7,-3,-7,-3,-6,-3,-6,-3,-6,-3,-6,-3,-5,-2,-6,-3,-5,-3,-5,-3,-5,-3,-5,-3,-5,-3,-4,-3,-4,-3,-3,-3,-4,-3,-3,-3,-3,-3,-3,-3,-3,-3,-3,-4,-2,-4,-2,-4,-2,-4,-1,-5,0,0,0,0,0,0,0,0,0,0]"""
1782212765020,2026-06-23T20:06:05.020,danger,fall,lmh,bed_stand_to_lie_fall,t018,"CSI_DATA,812837,1a:00:00:00:00:00,-58,11,-98,17,39,11,216849321,47,2,256,0,""[0,0,0,0,0,0,0,0,0,0,0,0,-5,10,-5,10,-7,10,-8,9,-9,9,-10,9,-12,9,-12,8,-13,9,-15,7,-15,7,-15,6,-16,7,-16,6,-17,4,-18,3,-18,4,-18,2,-18,2,-19,1,-18,0,-19,0,-18,0,-19,0,-19,0,-18,0,-18,-1,-19,-2,-18,-2,-18,-1,-16,-2,-19,-2,-18,-2,-17,-2,-18,-1,-17,-1,-16,-1,-17,0,-17,-1,-17,0,-17,0,-17,0,-18,0,-19,0,-18,0,-17,0,-18,0,-17,0,-19,0,-19,0,-19,0,-19,0,-20,0,-19,0,-21,0,-20,0,-20,0,0,0,0,0,0,0,-3,19,-2,19,-1,18,-3,16,-2,16,-3,16,-3,16,-3,17,-3,15,-3,14,-2,13,-3,13,-2,13,-2,13,-1,12,0,12,0,13,0,11,-2,11,0,11,0,11,0,10,0,9,0,9,0,9,0,10,0,9,1,9,1,9,1,8,1,8,1,8,1,8,2,8,1,7,1,8,1,8,0,7,1,7,1,6,2,6,2,6,1,6,2,6,1,6,1,5,1,6,1,6,1,6,1,5,1,5,1,5,0,5,0,5,0,6,0,5,0,5,0,0,0,0,0,0,0,0,0,0]"""
1782212765032,2026-06-23T20:06:05.032,danger,fall,lmh,bed_stand_to_lie_fall,t018,"CSI_DATA,812838,1a:00:00:00:00:00,-57,11,-98,15,39,11,216860334,47,2,256,0,""[0,0,0,0,0,0,0,0,0,0,0,0,10,6,11,7,10,8,9,10,9,11,7,12,7,13,5,14,6,16,4,16,3,18,2,17,1,18,0,19,-1,18,-3,19,-2,19,-5,19,-6,18,-6,19,-9,17,-9,18,-11,17,-10,17,-12,17,-11,16,-13,14,-13,15,-13,14,-13,13,-13,12,-15,13,-15,12,-14,11,-15,12,-14,11,-14,11,-14,11,-15,11,-15,11,-15,11,-15,11,-15,10,-17,11,-17,10,-16,9,-17,10,-16,9,-17,9,-19,8,-19,8,-18,8,-20,6,-20,5,-21,6,-21,5,-21,4,0,0,0,0,0,0,0,21,0,20,0,21,0,19,-1,19,-2,17,-2,18,-3,17,-3,16,-3,15,-3,14,-4,14,-3,14,-4,14,-3,13,-3,12,-3,13,-3,12,-4,11,-2,11,-2,12,-3,11,-3,11,-4,10,-4,10,-3,10,-3,10,-3,10,-3,10,-3,9,-3,9,-3,9,-3,9,-3,9,-3,8,-4,8,-4,8,-4,8,-4,8,-3,7,-4,7,-4,7,-5,6,-4,6,-4,5,-4,5,-5,5,-5,5,-5,4,-4,5,-5,5,-5,4,-5,3,-5,2,-5,2,-5,2,-6,2,0,0,0,0,0,0,0,0,0,0]"""
1782212765043,2026-06-23T20:06:05.043,danger,fall,lmh,bed_stand_to_lie_fall,t018,"CSI_DATA,812839,1a:00:00:00:00:00,-54,11,-98,16,36,11,216871343,47,2,256,0,""[0,0,0,0,0,0,0,0,0,0,0,0,15,0,15,2,17,2,17,5,17,6,15,8,16,10,16,11,17,13,16,15,15,17,15,17,14,19,12,20,9,22,9,25,9,24,6,26,3,23,2,23,0,25,1,27,-1,27,0,26,-2,27,-1,25,-5,25,-5,26,-6,24,-5,23,-7,22,-7,23,-8,23,-8,21,-8,23,-8,23,-9,22,-8,22,-10,22,-8,22,-11,22,-10,22,-12,22,-11,22,-13,20,-11,22,-13,22,-12,21,-13,21,-16,22,-17,20,-15,22,-19,21,-19,19,-18,20,-18,19,-19,18,0,0,0,0,0,0,14,23,12,22,13,20,10,22,10,22,8,22,8,21,8,21,6,21,5,20,5,20,4,18,5,18,5,18,3,17,5,17,5,17,4,16,2,15,4,16,4,15,2,16,1,13,2,13,3,14,2,14,2,14,3,13,1,14,2,13,1,12,1,13,1,12,0,13,1,12,0,11,0,11,0,11,0,11,0,12,-1,11,-1,10,-1,11,-1,10,-1,9,-2,10,-3,8,-3,8,-3,7,-3,8,-5,7,-3,7,-3,6,-6,6,-3,6,-5,5,-5,5,0,0,0,0,0,0,0,0,0,0]"""
1782212765056,2026-06-23T20:06:05.056,danger,fall,lmh,bed_stand_to_lie_fall,t018,"CSI_DATA,812840,1a:00:00:00:00:00,-54,11,-98,13,36,11,216882321,47,2,256,0,""[0,0,0,0,0,0,0,0,0,0,0,0,1,-16,3,-16,4,-17,5,-17,6,-18,8,-17,10,-17,12,-17,13,-18,15,-19,15,-19,15,-18,16,-19,18,-18,19,-15,22,-16,20,-16,24,-14,22,-13,23,-14,24,-15,25,-12,26,-13,24,-12,25,-11,24,-13,25,-9,24,-10,25,-8,23,-11,24,-8,24,-9,24,-10,24,-8,23,-11,24,-11,22,-10,22,-11,22,-11,22,-13,22,-11,24,-13,22,-12,22,-13,21,-11,22,-14,23,-13,22,-14,23,-14,24,-15,23,-15,24,-15,25,-14,25,-15,26,-15,25,-15,27,-15,0,0,0,0,0,0,-12,-25,-12,-26,-12,-22,-11,-26,-13,-24,-8,-22,-10,-23,-9,-22,-9,-22,-8,-19,-8,-19,-9,-18,-8,-19,-11,-17,-9,-18,-11,-15,-11,-16,-10,-15,-8,-15,-10,-14,-10,-13,-10,-14,-10,-11,-9,-12,-11,-12,-9,-11,-11,-11,-11,-10,-10,-11,-11,-8,-11,-9,-11,-10,-10,-10,-10,-9,-9,-9,-9,-8,-10,-9,-9,-8,-8,-8,-9,-9,-8,-8,-8,-10,-9,-8,-8,-7,-6,-7,-8,-6,-6,-8,-6,-7,-6,-8,-6,-6,-6,-8,-6,-6,-5,-8,-4,-7,-4,-7,-4,-7,-2,-7,0,0,0,0,0,0,0,0,0,0]"""
1782212765067,2026-06-23T20:06:05.067,danger,fall,lmh,bed_stand_to_lie_fall,t018,"CSI_DATA,812841,1a:00:00:00:00:00,-53,11,-98,15,35,11,216893330,47,2,256,0,""[0,0,0,0,0,0,0,0,0,0,0,0,-17,-4,-15,-6,-17,-8,-16,-8,-16,-11,-14,-12,-15,-13,-14,-16,-16,-16,-13,-18,-13,-20,-12,-21,-10,-23,-10,-24,-7,-26,-5,-28,-5,-27,-2,-27,-1,-26,0,-29,1,-29,2,-27,2,-29,3,-27,5,-28,5,-26,9,-26,10,-26,10,-25,9,-25,11,-24,10,-25,10,-24,11,-22,10,-25,12,-25,11,-22,10,-24,12,-24,10,-24,13,-24,13,-24,14,-24,12,-24,13,-21,13,-22,15,-23,14,-24,15,-22,17,-24,17,-21,19,-23,20,-22,23,-21,21,-21,22,-22,22,-19,0,0,0,0,0,0,-15,-25,-15,-26,-14,-23,-13,-24,-13,-25,-10,-23,-10,-24,-10,-24,-8,-23,-6,-21,-8,-21,-8,-21,-8,-22,-6,-20,-6,-20,-7,-17,-6,-19,-5,-19,-5,-18,-5,-18,-6,-18,-4,-18,-5,-16,-3,-16,-5,-16,-4,-16,-4,-15,-5,-15,-3,-16,-5,-16,-3,-16,-3,-16,-3,-16,-3,-15,-2,-16,0,-15,-2,-15,-1,-14,-1,-14,0,-14,0,-13,0,-13,1,-13,0,-12,2,-13,2,-12,2,-12,2,-11,3,-10,3,-10,4,-10,5,-8,4,-8,5,-8,5,-5,5,-6,6,-5,0,0,0,0,0,0,0,0,0,0]"""
1782212765076,2026-06-23T20:06:05.076,danger,fall,lmh,bed_stand_to_lie_fall,t018,"CSI_DATA,812842,1a:00:00:00:00:00,-53,11,-98,16,35,11,216904321,47,2,256,0,""[0,0,0,0,0,0,0,0,0,0,0,0,4,-16,7,-16,9,-15,12,-16,12,-15,14,-14,16,-13,16,-12,19,-13,21,-12,21,-11,22,-9,24,-9,26,-7,27,-4,27,-3,28,-4,29,0,27,0,27,3,29,5,29,3,28,5,28,7,28,8,26,6,26,11,26,11,26,12,25,10,21,12,25,12,24,12,22,12,25,12,24,13,21,13,22,11,23,14,24,13,22,14,23,12,24,14,24,14,21,16,21,15,22,16,23,16,24,17,24,19,21,18,23,19,21,21,20,21,24,21,22,23,21,24,0,0,0,0,0,0,26,-18,26,-15,25,-16,24,-13,24,-12,24,-9,22,-11,26,-11,24,-9,22,-7,21,-9,21,-7,22,-8,21,-7,21,-5,19,-6,20,-6,19,-5,19,-4,19,-4,17,-7,18,-5,16,-5,16,-5,17,-4,17,-5,16,-3,16,-4,17,-4,14,-5,16,-3,16,-3,16,-4,16,-3,16,-3,16,-2,16,-2,15,-2,15,-1,14,0,15,-1,13,0,14,0,13,0,13,2,12,2,12,3,12,2,9,3,9,2,10,3,9,4,9,4,9,6,8,5,7,5,7,6,0,0,0,0,0,0,0,0,0,0]"""
1782212765092,2026-06-23T20:06:05.092,danger,fall,lmh,bed_stand_to_lie_fall,t018,"CSI_DATA,812843,1a:00:00:00:00:00,-53,11,-98,17,35,11,216919471,47,2,256,0,""[0,0,0,0,0,0,0,0,0,0,0,0,11,-12,12,-10,15,-11,17,-10,18,-9,19,-7,20,-6,22,-4,22,-4,24,-2,24,-2,25,0,26,0,27,2,25,5,26,5,26,5,27,8,26,9,24,11,26,14,25,12,24,13,25,13,26,15,24,13,22,16,22,17,22,15,22,15,19,17,22,17,20,17,19,17,21,17,19,16,18,16,20,15,21,17,22,15,20,17,21,15,21,16,22,16,19,16,20,17,20,18,21,17,21,18,22,19,22,19,22,19,20,22,20,21,23,23,21,22,20,23,0,0,0,0,0,0,24,-16,24,-16,24,-17,22,-13,22,-14,23,-14,22,-13,24,-13,21,-12,22,-11,20,-9,20,-9,19,-11,19,-9,19,-10,17,-9,18,-11,17,-9,17,-8,16,-8,16,-10,15,-8,15,-9,15,-8,15,-8,15,-8,14,-8,14,-9,15,-8,13,-9,13,-8,13,-7,15,-9,13,-8,12,-7,14,-6,13,-7,13,-7,13,-6,13,-4,12,-6,12,-5,13,-4,11,-4,11,-3,11,-4,11,-3,12,-4,9,-2,10,-2,10,-2,8,-1,10,0,10,-1,8,0,8,0,8,2,0,0,0,0,0,0,0,0,0,0]"""
1782212765101,2026-06-23T20:06:05.101,danger,fall,lmh,bed_stand_to_lie_fall,t018,"CSI_DATA,812844,1a:00:00:00:00:00,-53,11,-98,17,35,11,216926321,47,2,256,0,""[0,0,0,0,0,0,0,0,0,0,0,0,15,6,15,8,15,9,16,11,15,14,13,14,12,16,12,17,13,19,11,20,11,22,9,23,8,23,6,25,3,27,3,26,3,27,0,27,0,26,-1,28,-3,29,-4,27,-5,26,-6,27,-7,27,-7,26,-10,26,-10,25,-11,24,-10,26,-11,23,-12,25,-12,24,-11,22,-11,23,-11,24,-11,22,-11,23,-12,23,-11,24,-13,23,-12,23,-11,22,-11,24,-13,22,-13,23,-14,24,-13,23,-14,24,-17,24,-16,24,-17,24,-19,23,-20,22,-19,23,-19,22,-19,22,0,0,0,0,0,0,19,23,17,24,17,22,15,21,15,22,13,22,14,21,12,22,11,21,10,19,10,19,9,19,11,19,9,18,8,19,9,16,10,17,8,16,7,17,8,17,9,15,8,15,8,15,8,14,7,15,8,14,8,14,8,13,7,13,8,13,6,13,5,14,6,13,6,13,6,13,4,13,6,12,4,12,4,13,4,13,4,12,2,13,2,13,3,12,2,11,2,11,1,11,1,11,0,10,0,11,0,11,0,9,0,9,0,8,-2,8,-2,8,-3,7,0,0,0,0,0,0,0,0,0,0]"""
1782212765110,2026-06-23T20:06:05.110,danger,fall,lmh,bed_stand_to_lie_fall,t018,"CSI_DATA,812845,1a:00:00:00:00:00,-54,11,-98,13,36,11,216937321,47,2,256,0,""[0,0,0,0,0,0,0,0,0,0,0,0,-14,8,-16,7,-17,7,-19,6,-19,4,-20,4,-20,4,-21,2,-22,3,-23,0,-24,0,-24,1,-25,0,-25,-1,-26,-4,-26,-4,-26,-2,-26,-4,-26,-5,-26,-8,-26,-9,-26,-6,-26,-7,-26,-8,-27,-8,-25,-6,-24,-8,-25,-9,-26,-10,-25,-6,-23,-8,-26,-8,-25,-8,-24,-7,-25,-5,-24,-5,-24,-5,-25,-4,-24,-4,-24,-3,-24,-3,-24,-2,-25,-1,-27,-1,-26,-2,-25,0,-25,0,-26,0,-26,-1,-28,0,-28,0,-27,0,-28,0,-27,-1,-28,0,-28,1,-29,0,0,0,0,0,0,0,0,28,-2,28,2,27,0,26,1,24,0,24,1,24,1,25,0,22,0,21,2,21,0,19,3,20,2,20,2,19,3,17,5,18,4,17,2,17,6,17,6,15,5,16,6,14,4,13,5,13,6,14,6,13,8,12,6,13,8,10,7,11,7,12,7,11,8,9,8,9,8,11,6,11,7,10,8,9,6,8,6,8,7,8,7,8,6,8,7,8,8,7,6,7,6,7,6,6,6,6,6,6,5,7,5,6,6,6,4,7,4,6,4,7,0,0,0,0,0,0,0,0,0,0]"""
1782212765123,2026-06-23T20:06:05.123,danger,fall,lmh,bed_stand_to_lie_fall,t018,"CSI_DATA,812846,1a:00:00:00:00:00,-55,11,-98,16,36,11,216948321,47,2,256,0,""[0,0,0,0,0,0,0,0,0,0,0,0,-13,-7,-13,-10,-13,-10,-14,-13,-13,-13,-12,-15,-13,-15,-12,-16,-13,-19,-12,-19,-11,-20,-11,-20,-11,-21,-11,-22,-9,-23,-8,-25,-10,-24,-6,-24,-6,-25,-8,-25,-7,-26,-6,-27,-5,-25,-5,-25,-5,-26,-5,-24,-3,-25,-4,-25,-5,-25,-5,-25,-4,-23,-6,-25,-6,-23,-6,-24,-7,-25,-6,-23,-6,-22,-8,-22,-8,-23,-10,-23,-10,-23,-11,-22,-10,-23,-12,-22,-11,-21,-13,-20,-12,-21,-13,-20,-13,-22,-13,-22,-15,-22,-13,-21,-13,-23,-13,-21,-15,-23,-15,-23,-17,-22,0,0,0,0,0,0,-23,13,-22,13,-21,13,-20,11,-20,11,-19,11,-18,13,-19,13,-17,10,-17,11,-14,11,-13,11,-15,13,-14,11,-13,11,-11,12,-11,12,-11,11,-10,12,-10,11,-8,12,-8,12,-6,11,-7,12,-7,13,-6,12,-5,12,-5,12,-5,13,-3,12,-4,11,-3,12,-5,13,-3,11,-3,11,-3,11,-3,11,-1,11,-1,11,-2,10,0,10,-1,10,-1,11,-1,10,-2,10,0,10,-1,8,-1,9,-1,8,-1,8,-1,8,0,8,-2,8,-1,8,-1,7,-1,7,-1,6,0,0,0,0,0,0,0,0,0,0]"""
1782212765134,2026-06-23T20:06:05.134,danger,fall,lmh,bed_stand_to_lie_fall,t018,"CSI_DATA,812847,1a:00:00:00:00:00,-57,11,-98,17,38,11,216959321,47,2,256,0,""[0,0,0,0,0,0,0,0,0,0,0,0,-16,3,-16,1,-17,0,-19,0,-19,-2,-18,-4,-20,-6,-18,-6,-20,-7,-19,-9,-19,-11,-19,-12,-20,-13,-18,-16,-17,-18,-16,-19,-17,-18,-14,-20,-14,-19,-13,-23,-12,-25,-11,-23,-10,-23,-12,-23,-11,-24,-8,-23,-7,-24,-7,-24,-7,-23,-7,-23,-5,-23,-6,-24,-4,-23,-5,-23,-5,-23,-5,-23,-4,-22,-6,-22,-5,-23,-6,-23,-4,-23,-6,-22,-4,-23,-5,-24,-3,-23,-3,-22,-3,-23,-4,-23,-4,-23,-3,-26,-3,-25,-3,-24,-2,-27,0,-27,-3,-26,-1,-26,-1,-26,0,0,0,0,0,0,-24,-2,-24,-4,-24,-1,-22,-4,-22,-3,-22,-4,-20,-2,-21,-4,-19,-4,-19,-5,-18,-4,-17,-4,-17,-4,-17,-4,-16,-3,-16,-3,-16,-2,-15,-2,-15,-3,-15,-2,-15,-1,-15,-2,-14,-1,-13,-2,-13,-2,-13,-2,-13,-1,-12,0,-13,-1,-12,0,-11,-2,-13,-3,-11,-1,-12,0,-11,-1,-11,-2,-10,0,-10,-1,-10,-2,-9,-2,-9,-1,-10,-2,-9,-1,-9,-1,-9,-2,-9,-1,-7,-1,-7,-1,-7,-3,-6,-2,-6,-3,-6,-2,-6,-2,-7,-3,-5,-2,-5,-3,-4,-4,0,0,0,0,0,0,0,0,0,0]"""
1782212765143,2026-06-23T20:06:05.143,danger,fall,lmh,bed_stand_to_lie_fall,t018,"CSI_DATA,812848,1a:00:00:00:00:00,-54,11,-98,18,35,11,216970321,47,2,256,0,""[0,0,0,0,0,0,0,0,0,0,0,0,-2,16,-2,16,-5,16,-6,20,-5,16,-7,18,-6,18,-8,19,-8,19,-7,20,-8,22,-7,22,-6,22,-8,22,-10,22,-11,21,-10,24,-11,22,-12,22,-9,21,-12,22,-10,22,-10,24,-8,26,-7,26,-5,24,-7,22,-6,24,-6,24,-3,26,-6,20,-5,24,-2,23,-2,24,0,22,1,26,0,21,6,22,2,26,8,26,7,27,2,15,0,20,27,26,0,19,16,20,8,28,32,46,0,15,31,18,-5,3,25,9,26,10,18,-6,13,35,14,31,54,12,0,0,0,0,0,0,21,10,19,-34,28,-38,38,-22,7,-30,8,-34,-6,-39,9,-14,2,-26,-23,-27,4,-16,4,-19,9,-6,8,-9,6,-13,4,-14,2,-19,0,-18,0,-20,-4,-15,-4,-13,-6,-14,-8,-11,-4,-13,-7,-10,-7,-12,-6,-9,-8,-8,-8,-10,-8,-8,-10,-9,-10,-8,-8,-6,-8,-7,-10,-4,-12,-6,-10,-6,-8,-4,-11,-4,-8,-5,-10,-1,-9,-1,-9,-1,-7,0,-8,-1,-10,0,-10,0,-8,-1,-8,-2,-7,0,-7,0,-6,-1,-6,0,-6,0,-6,0,-7,0,-6,0,0,0,0,0,0,0,0,0,0,0]"""
1782212765154,2026-06-23T20:06:05.154,danger,fall,lmh,bed_stand_to_lie_fall,t018,"CSI_DATA,812849,1a:00:00:00:00:00,-57,11,-98,18,38,11,216981320,47,2,256,0,""[0,0,0,0,0,0,0,0,0,0,0,0,-1,-15,0,-16,0,-16,3,-18,4,-18,5,-17,6,-17,8,-18,8,-18,10,-18,12,-18,13,-17,15,-17,15,-17,18,-15,18,-15,18,-16,20,-14,20,-14,22,-11,23,-9,22,-10,23,-9,23,-10,23,-8,22,-8,23,-6,23,-6,22,-6,23,-7,21,-4,24,-6,23,-5,23,-4,24,-6,23,-5,21,-3,22,-6,23,-5,21,-7,22,-5,22,-7,23,-5,24,-8,23,-4,22,-6,23,-5,23,-5,24,-4,26,-5,26,-4,25,-5,26,-3,25,-2,27,-5,26,-2,26,-2,0,0,0,0,0,0,1,-26,2,-25,0,-25,1,-24,1,-24,2,-23,2,-22,2,-25,1,-20,3,-20,2,-18,3,-18,2,-19,2,-18,3,-17,0,-17,2,-18,1,-16,2,-16,2,-15,0,-15,2,-15,1,-14,1,-14,2,-14,2,-14,1,-14,0,-13,0,-13,0,-14,1,-12,1,-12,1,-13,1,-12,0,-11,1,-13,1,-11,3,-10,1,-10,1,-10,1,-10,2,-10,2,-9,2,-8,2,-8,1,-9,1,-8,2,-8,2,-7,1,-7,3,-7,2,-6,2,-6,3,-6,2,-5,2,-5,3,-5,0,0,0,0,0,0,0,0,0,0]"""
1782212765176,2026-06-23T20:06:05.176,danger,fall,lmh,bed_stand_to_lie_fall,t018,"CSI_DATA,812851,1a:00:00:00:00:00,-54,11,-98,17,36,11,217003838,47,2,256,0,""[0,0,0,0,0,0,0,0,0,0,0,0,-6,12,-7,12,-9,12,-11,12,-11,11,-12,11,-13,11,-14,11,-15,11,-16,10,-18,9,-19,9,-19,9,-20,8,-22,6,-22,6,-22,6,-24,3,-23,3,-21,2,-23,0,-24,3,-23,1,-24,0,-25,0,-24,1,-23,-1,-23,-1,-23,-1,-22,-1,-22,-1,-23,0,-23,0,-23,0,-24,0,-23,0,-23,0,-23,0,-24,0,-23,2,-25,0,-22,2,-25,1,-25,2,-24,1,-23,2,-25,3,-25,3,-26,1,-26,2,-26,3,-26,2,-28,1,-28,0,-28,1,-27,1,-28,1,0,0,0,0,0,0,-2,28,-3,27,-1,25,-2,25,-1,26,-3,23,-1,24,-3,25,-3,22,-2,22,-1,21,-3,20,0,20,-1,21,-2,19,0,19,0,20,0,19,-1,18,0,17,1,17,-1,16,0,15,0,15,0,15,0,15,0,14,1,14,0,14,2,14,1,13,1,14,0,12,1,12,0,11,0,12,1,11,0,11,0,11,0,11,1,9,0,10,0,10,0,9,0,9,0,8,0,7,0,7,0,6,0,7,0,6,-1,6,-1,6,0,6,0,4,0,4,-1,5,0,0,0,0,0,0,0,0,0,0]"""
1782212765190,2026-06-23T20:06:05.190,danger,fall,lmh,bed_stand_to_lie_fall,t018,"CSI_DATA,812852,1a:00:00:00:00:00,-54,11,-98,14,36,11,217015292,47,2,256,0,""[0,0,0,0,0,0,0,0,0,0,0,0,6,-14,7,-12,8,-13,10,-13,11,-12,13,-13,14,-12,15,-12,16,-13,16,-12,18,-10,18,-11,20,-12,20,-11,22,-9,21,-8,22,-10,23,-8,22,-7,24,-5,26,-6,25,-6,24,-6,25,-6,26,-5,24,-6,24,-4,26,-4,24,-4,24,-5,23,-4,26,-6,24,-5,23,-5,24,-6,24,-7,22,-6,23,-8,24,-8,23,-10,24,-8,21,-10,24,-10,23,-11,23,-10,22,-12,24,-12,23,-12,24,-12,24,-13,24,-13,24,-14,26,-13,26,-12,26,-16,26,-16,25,-14,0,0,0,0,0,0,-11,-26,-12,-26,-12,-25,-11,-24,-12,-23,-10,-26,-10,-22,-11,-24,-10,-22,-9,-22,-10,-20,-8,-20,-10,-20,-10,-18,-10,-18,-10,-16,-10,-17,-11,-16,-9,-16,-10,-14,-12,-14,-10,-14,-10,-11,-10,-12,-10,-12,-10,-12,-10,-12,-11,-10,-10,-11,-10,-10,-10,-10,-10,-10,-10,-10,-9,-9,-9,-8,-8,-9,-10,-8,-8,-7,-8,-9,-8,-7,-8,-6,-8,-8,-7,-7,-7,-6,-6,-6,-7,-6,-6,-6,-6,-5,-5,-5,-5,-4,-5,-4,-5,-4,-4,-4,-4,-4,-4,-4,-4,-4,-3,-4,0,0,0,0,0,0,0,0,0,0]"""
1782212765201,2026-06-23T20:06:05.201,danger,fall,lmh,bed_stand_to_lie_fall,t018,"CSI_DATA,812853,1a:00:00:00:00:00,-53,11,-98,16,35,11,217027240,47,2,256,0,""[0,0,0,0,0,0,0,0,0,0,0,0,-12,-9,-10,-12,-11,-12,-10,-14,-8,-15,-7,-17,-7,-17,-4,-19,-4,-21,-2,-21,0,-24,0,-23,0,-24,3,-24,7,-24,7,-24,9,-25,11,-24,12,-23,15,-23,17,-23,16,-22,18,-20,18,-19,21,-19,19,-18,21,-15,23,-16,22,-16,22,-15,21,-14,25,-14,23,-12,23,-12,24,-12,24,-12,23,-10,24,-12,25,-10,24,-12,26,-9,24,-11,26,-9,28,-10,26,-7,26,-8,27,-8,27,-7,27,-5,31,-5,30,-4,30,-3,33,-2,31,0,32,0,33,-1,32,1,0,0,0,0,0,0,8,-32,10,-29,7,-31,9,-26,9,-26,12,-25,10,-24,13,-25,12,-22,13,-22,12,-20,14,-18,12,-20,14,-18,14,-17,12,-17,12,-17,13,-15,14,-15,12,-15,12,-15,13,-13,12,-13,12,-13,13,-11,13,-12,12,-10,12,-13,12,-10,11,-11,12,-9,13,-9,12,-7,11,-9,11,-7,14,-7,13,-6,12,-5,12,-4,11,-4,10,-4,11,-4,12,-3,9,-3,9,-1,9,-3,9,-1,9,-2,8,0,8,0,7,-1,7,0,7,0,5,2,6,1,5,0,6,2,0,0,0,0,0,0,0,0,0,0]"""
1782212765211,2026-06-23T20:06:05.211,danger,fall,lmh,bed_stand_to_lie_fall,t018,"CSI_DATA,812854,1a:00:00:00:00:00,-53,11,-98,18,34,11,217036320,47,2,256,0,""[0,0,0,0,0,0,0,0,0,0,0,0,3,17,1,17,0,19,-2,20,-4,20,-5,19,-7,19,-10,19,-10,20,-12,20,-14,20,-14,18,-18,20,-20,17,-23,14,-23,14,-24,15,-28,12,-26,11,-26,7,-31,5,-29,8,-30,4,-29,5,-32,2,-29,2,-29,-1,-30,0,-30,-2,-29,-1,-28,-5,-29,-4,-29,-5,-28,-6,-29,-6,-28,-6,-28,-6,-27,-6,-28,-8,-28,-5,-27,-8,-28,-8,-27,-10,-29,-9,-28,-10,-28,-9,-28,-14,-27,-11,-28,-13,-29,-15,-28,-16,-29,-16,-27,-19,-26,-20,-28,-20,-28,-20,-26,-22,0,0,0,0,0,0,-27,20,-27,20,-23,18,-26,16,-27,15,-26,13,-26,13,-26,13,-26,10,-23,10,-23,9,-23,7,-23,8,-23,8,-23,7,-20,8,-20,8,-20,6,-19,4,-20,5,-18,5,-20,2,-17,4,-18,3,-19,2,-19,2,-18,2,-17,3,-18,2,-15,3,-17,2,-17,2,-17,0,-16,0,-14,0,-16,0,-14,-1,-14,-1,-14,-2,-13,-2,-11,-2,-11,-1,-13,-3,-12,-2,-11,-5,-11,-4,-8,-4,-10,-5,-8,-4,-8,-4,-8,-5,-7,-5,-5,-5,-6,-5,-4,-5,-5,-5,-4,-5,0,0,0,0,0,0,0,0,0,0]"""
1782212765223,2026-06-23T20:06:05.223,danger,fall,lmh,bed_stand_to_lie_fall,t018,"CSI_DATA,812855,1a:00:00:00:00:00,-52,11,-98,14,34,11,217047320,47,2,256,0,""[0,0,0,0,0,0,0,0,0,0,0,0,-19,0,-18,-1,-20,-2,-21,-5,-24,-6,-21,-9,-21,-10,-21,-10,-23,-12,-22,-14,-23,-16,-22,-15,-24,-17,-23,-18,-20,-22,-22,-23,-21,-21,-21,-24,-19,-24,-21,-26,-18,-26,-17,-28,-16,-30,-17,-27,-17,-31,-15,-28,-14,-29,-14,-30,-15,-28,-15,-27,-14,-27,-16,-29,-15,-27,-15,-27,-15,-27,-15,-27,-14,-26,-16,-25,-17,-26,-19,-26,-17,-26,-19,-25,-17,-26,-21,-28,-16,-26,-18,-25,-17,-28,-20,-27,-21,-26,-22,-30,-22,-28,-21,-27,-20,-29,-19,-31,-23,-30,-21,-29,-23,-30,0,0,0,0,0,0,-31,18,-31,18,-28,20,-29,15,-29,15,-28,15,-27,17,-28,14,-26,14,-26,13,-25,13,-22,13,-22,13,-22,13,-22,13,-20,12,-21,15,-19,13,-19,12,-18,13,-15,15,-18,13,-15,13,-15,13,-16,13,-16,13,-15,13,-13,14,-15,14,-12,13,-13,12,-14,12,-13,13,-12,13,-12,13,-13,12,-12,12,-12,11,-12,11,-10,10,-11,10,-10,10,-10,10,-10,9,-10,8,-10,10,-9,7,-10,9,-9,5,-9,5,-9,5,-8,5,-8,5,-7,5,-10,4,-8,3,-8,2,0,0,0,0,0,0,0,0,0,0]"""
1782212765233,2026-06-23T20:06:05.233,danger,fall,lmh,bed_stand_to_lie_fall,t018,"CSI_DATA,812856,1a:00:00:00:00:00,-51,11,-98,16,33,11,217060289,47,2,256,0,""[0,0,0,0,0,0,0,0,0,0,0,0,15,15,11,17,11,19,10,21,8,23,7,24,4,25,2,25,1,30,0,29,-1,31,-3,30,-4,32,-8,31,-11,32,-11,32,-11,33,-16,32,-17,29,-21,28,-22,26,-22,28,-23,25,-23,26,-24,26,-24,24,-26,22,-27,23,-27,21,-25,22,-26,18,-30,20,-29,19,-27,17,-28,18,-28,17,-27,16,-28,17,-27,16,-28,18,-30,16,-28,17,-30,17,-32,18,-31,15,-30,16,-32,15,-30,16,-33,15,-36,14,-34,14,-34,14,-38,11,-36,8,-38,11,-39,9,-37,8,0,0,0,0,0,0,0,40,0,37,3,37,0,35,0,33,0,33,0,32,-3,34,-3,31,-5,31,-5,29,-5,27,-3,29,-6,26,-5,26,-3,25,-4,27,-4,24,-6,24,-4,23,-3,24,-4,24,-4,21,-5,22,-6,21,-7,21,-6,19,-3,20,-6,20,-4,20,-6,17,-6,18,-7,18,-6,17,-6,17,-8,17,-8,16,-8,16,-8,16,-8,15,-8,14,-8,14,-8,13,-8,13,-9,11,-8,12,-8,10,-9,10,-9,9,-8,8,-10,8,-8,7,-8,6,-8,6,-9,5,-8,3,-9,3,0,0,0,0,0,0,0,0,0,0]"""
1782212765246,2026-06-23T20:06:05.246,danger,fall,lmh,bed_stand_to_lie_fall,t018,"CSI_DATA,812857,1a:00:00:00:00:00,-51,11,-98,14,33,11,217070512,47,2,256,0,""[0,0,0,0,0,0,0,0,0,0,0,0,-6,19,-8,20,-9,20,-13,21,-14,19,-19,18,-19,17,-21,16,-24,16,-25,15,-29,13,-30,11,-33,10,-32,9,-34,4,-33,0,-36,2,-35,0,-34,-2,-37,-5,-36,-7,-35,-9,-33,-12,-34,-13,-34,-16,-32,-15,-31,-18,-32,-19,-29,-19,-30,-18,-27,-20,-30,-23,-28,-21,-26,-21,-26,-22,-24,-22,-23,-23,-25,-23,-24,-25,-24,-23,-24,-27,-23,-23,-25,-26,-24,-26,-22,-30,-21,-27,-20,-29,-21,-31,-21,-30,-20,-33,-18,-33,-17,-33,-16,-38,-15,-37,-16,-38,-15,-38,-13,-37,0,0,0,0,0,0,-41,5,-37,2,-38,4,-36,0,-34,0,-35,-2,-33,-1,-34,-4,-32,-4,-32,-7,-30,-5,-27,-6,-28,-6,-27,-8,-25,-9,-25,-7,-27,-7,-25,-7,-23,-8,-22,-7,-24,-6,-22,-9,-22,-7,-20,-8,-18,-9,-21,-7,-18,-10,-19,-7,-19,-9,-18,-8,-16,-10,-16,-11,-16,-10,-17,-9,-15,-10,-16,-13,-15,-12,-15,-11,-13,-12,-12,-13,-11,-12,-10,-12,-10,-14,-10,-12,-9,-13,-8,-11,-7,-12,-9,-12,-4,-12,-4,-11,-4,-11,-2,-10,-2,-11,-1,-11,0,-12,0,-9,0,-9,0,0,0,0,0,0,0,0,0,0]"""
1782212765255,2026-06-23T20:06:05.255,danger,fall,lmh,bed_stand_to_lie_fall,t018,"CSI_DATA,812858,1a:00:00:00:00:00,-51,11,-98,18,33,11,217080664,47,2,256,0,""[0,0,0,0,0,0,0,0,0,0,0,0,17,13,16,15,15,15,16,18,16,20,14,21,15,21,15,23,15,26,14,27,13,27,12,27,13,31,13,31,10,33,10,33,11,33,10,34,7,33,7,36,7,37,7,37,5,36,5,35,5,37,6,35,3,36,5,37,5,35,7,33,5,33,6,36,7,35,7,33,8,34,10,33,8,31,10,31,11,32,13,32,13,33,15,31,14,32,17,31,15,31,16,30,16,32,19,31,18,32,19,34,20,34,20,33,19,36,16,33,21,34,21,34,21,31,0,0,0,0,0,0,35,-19,33,-19,31,-20,31,-18,31,-18,29,-16,28,-17,29,-17,26,-17,25,-15,22,-15,21,-15,22,-18,22,-17,21,-16,18,-15,20,-18,16,-17,17,-15,15,-17,13,-18,15,-17,11,-16,12,-16,14,-17,12,-18,10,-16,10,-18,10,-18,8,-17,10,-15,8,-17,7,-17,8,-16,7,-15,6,-16,7,-16,6,-16,6,-16,5,-15,5,-14,5,-14,5,-15,5,-15,5,-13,3,-13,5,-11,5,-13,5,-10,5,-10,3,-10,4,-10,4,-10,4,-10,5,-9,5,-9,5,-8,0,0,0,0,0,0,0,0,0,0]"""
1782212765264,2026-06-23T20:06:05.264,danger,fall,lmh,bed_stand_to_lie_fall,t018,"CSI_DATA,812859,1a:00:00:00:00:00,-52,11,-98,17,33,11,217092610,47,2,256,0,""[0,0,0,0,0,0,0,0,0,0,0,0,17,13,13,16,15,19,13,20,13,22,12,22,11,25,8,26,9,28,9,29,6,30,6,31,6,32,4,32,0,33,0,35,2,34,-1,36,-2,33,-5,32,-6,36,-5,35,-6,36,-6,35,-7,37,-5,34,-9,33,-8,32,-10,34,-7,32,-10,32,-8,32,-7,32,-8,32,-6,33,-6,33,-6,33,-6,33,-6,32,-5,33,-5,33,-2,34,-5,32,-3,35,-5,32,-3,33,-4,35,-1,34,-4,33,-5,38,-4,37,-6,37,-6,38,-6,37,-5,38,-6,37,-4,37,0,0,0,0,0,0,38,8,37,11,34,6,32,10,34,6,30,8,31,8,29,8,29,8,25,7,25,6,25,6,26,6,25,6,24,4,24,4,24,3,23,3,20,4,22,3,20,1,21,3,19,0,19,0,19,1,19,0,19,0,19,-1,18,0,18,-1,16,0,18,0,16,0,16,-2,15,0,14,-1,15,-1,16,-2,14,-2,13,0,12,-2,14,0,13,-1,12,-1,12,-1,12,-1,11,0,12,0,11,0,10,0,10,0,9,0,9,0,11,0,10,0,9,1,8,2,0,0,0,0,0,0,0,0,0,0]"""
1782212765278,2026-06-23T20:06:05.278,danger,fall,lmh,bed_stand_to_lie_fall,t018,"CSI_DATA,812860,1a:00:00:00:00:00,-53,11,-98,15,34,11,217105168,47,2,256,0,""[0,0,0,0,0,0,0,0,0,0,0,0,4,-19,8,-20,8,-19,12,-20,14,-21,14,-19,16,-19,18,-19,20,-20,21,-19,23,-19,24,-19,26,-18,28,-17,31,-13,29,-13,31,-16,31,-13,30,-10,34,-11,32,-9,35,-8,33,-8,33,-8,35,-7,32,-6,33,-4,34,-4,32,-4,33,-6,31,-3,35,-5,32,-4,31,-4,34,-4,32,-5,31,-5,31,-6,32,-4,31,-7,31,-6,31,-8,31,-6,33,-9,31,-5,31,-8,33,-8,31,-7,33,-7,35,-8,35,-8,34,-8,35,-6,36,-5,36,-6,35,-5,36,-6,0,0,0,0,0,0,-1,-36,-1,-35,-4,-33,0,-31,-1,-31,0,-29,-2,-29,0,-31,0,-27,1,-26,-1,-24,0,-23,0,-25,0,-23,0,-22,-2,-22,-3,-22,-2,-22,0,-22,-3,-20,-4,-19,-2,-20,-3,-17,-1,-18,-3,-17,-3,-17,-4,-15,-4,-15,-3,-17,-5,-13,-4,-15,-4,-14,-4,-14,-5,-14,-3,-13,-3,-13,-4,-12,-3,-13,-4,-13,-3,-12,-4,-11,-4,-11,-2,-12,-3,-9,-3,-11,-4,-9,-3,-9,-4,-9,-2,-9,-1,-8,-3,-8,-3,-8,-1,-8,0,-8,-1,-8,-1,-7,0,-7,0,0,0,0,0,0,0,0,0,0]"""
1782212765288,2026-06-23T20:06:05.288,danger,fall,lmh,bed_stand_to_lie_fall,t018,"CSI_DATA,812861,1a:00:00:00:00:00,-53,11,-98,16,34,11,217113662,47,2,256,0,""[0,0,0,0,0,0,0,0,0,0,0,0,-17,11,-18,8,-20,10,-21,7,-23,7,-23,6,-24,6,-26,4,-28,4,-28,3,-29,2,-30,2,-30,2,-31,0,-30,-1,-32,-2,-33,0,-34,-2,-30,-2,-33,-3,-34,-3,-33,-4,-34,-4,-33,-4,-33,-7,-31,-3,-32,-5,-32,-6,-31,-5,-31,-3,-31,-3,-33,-3,-32,-3,-31,-3,-31,0,-30,0,-30,0,-31,0,-30,0,-31,3,-30,3,-30,6,-31,4,-31,7,-30,5,-30,7,-32,6,-30,8,-31,8,-34,9,-34,9,-33,9,-34,8,-34,9,-33,11,-32,10,-33,11,0,0,0,0,0,0,8,34,9,33,11,29,10,29,9,29,9,27,9,27,10,27,11,25,9,23,9,23,8,22,11,22,10,21,11,19,10,19,12,18,11,17,9,16,11,15,13,13,12,14,11,11,11,11,11,11,11,11,12,11,11,9,12,10,12,7,13,8,12,7,12,7,11,5,12,5,13,7,11,5,11,5,11,5,11,4,10,3,11,4,11,3,9,2,8,3,10,1,9,3,10,1,8,3,8,2,7,1,8,2,7,1,7,1,7,1,7,1,7,3,0,0,0,0,0,0,0,0,0,0]"""
1782212765297,2026-06-23T20:06:05.297,danger,fall,lmh,bed_stand_to_lie_fall,t018,"CSI_DATA,812862,1a:00:00:00:00:00,-53,11,-98,21,33,11,217124319,47,2,256,0,""[0,0,0,0,0,0,0,0,0,0,0,0,19,9,17,11,18,13,16,15,16,18,13,18,13,20,13,21,13,24,12,26,10,27,9,27,9,30,7,30,3,30,3,33,3,31,0,33,-1,31,-1,31,-5,30,-5,33,-7,32,-10,30,-9,33,-8,30,-12,30,-12,30,-13,30,-10,29,-13,28,-13,30,-11,27,-11,27,-11,30,-11,28,-12,27,-13,27,-13,28,-12,28,-13,27,-11,28,-13,26,-13,30,-13,26,-13,28,-14,29,-13,28,-15,30,-16,29,-17,28,-18,29,-20,28,-22,27,-20,29,-21,27,-21,30,0,0,0,0,0,0,23,25,23,27,22,22,20,25,20,25,16,23,17,22,16,23,16,22,13,21,14,20,13,19,15,20,13,20,10,20,12,18,12,17,10,16,10,17,11,16,12,16,10,16,10,13,9,13,10,16,9,14,10,13,10,12,9,13,9,12,7,13,9,13,8,13,9,11,6,11,6,12,8,12,6,10,6,12,5,12,4,10,4,10,4,10,5,10,3,8,3,9,3,9,3,9,1,7,2,6,2,8,2,6,2,6,0,6,1,6,0,5,0,6,0,0,0,0,0,0,0,0,0,0]"""
1782212765308,2026-06-23T20:06:05.308,danger,fall,lmh,bed_stand_to_lie_fall,t018,"CSI_DATA,812863,1a:00:00:00:00:00,-53,11,-98,16,34,11,217136337,47,2,256,0,""[0,0,0,0,0,0,0,0,0,0,0,0,10,-17,12,-15,14,-15,17,-15,18,-14,19,-11,21,-11,23,-8,26,-9,26,-6,27,-5,29,-4,30,-3,30,-1,30,3,30,3,32,3,32,7,30,7,31,11,30,13,29,14,28,15,29,15,29,18,26,16,24,19,24,21,24,19,24,19,22,20,23,21,21,21,21,22,22,23,21,22,20,22,21,20,20,22,22,21,19,24,22,23,19,23,22,25,19,26,18,25,18,26,16,27,18,27,19,30,18,29,17,30,15,32,11,32,16,33,14,33,11,34,0,0,0,0,0,0,35,-7,33,-3,32,-6,32,0,30,-1,29,0,29,0,30,0,28,1,27,2,26,3,23,3,26,2,23,3,23,3,22,3,23,2,22,2,20,5,20,3,20,2,19,4,18,3,18,3,17,4,18,4,16,5,17,2,17,5,16,3,15,5,16,6,15,3,15,4,14,4,14,6,14,6,13,6,12,7,11,7,11,5,11,7,11,7,10,6,9,7,8,7,7,7,8,7,6,7,5,6,4,6,3,6,3,6,4,7,3,7,3,7,1,7,0,0,0,0,0,0,0,0,0,0]"""
1782212765319,2026-06-23T20:06:05.319,danger,fall,lmh,bed_stand_to_lie_fall,t018,"CSI_DATA,812864,1a:00:00:00:00:00,-52,11,-98,20,33,11,217146319,47,2,256,0,""[0,0,0,0,0,0,0,0,0,0,0,0,-19,0,-19,0,-23,-3,-22,-4,-23,-6,-23,-6,-21,-7,-23,-8,-25,-11,-25,-11,-26,-12,-24,-11,-27,-12,-27,-15,-26,-18,-26,-17,-27,-17,-27,-19,-25,-19,-23,-20,-23,-22,-24,-20,-26,-21,-26,-19,-27,-21,-27,-19,-24,-20,-25,-19,-24,-21,-25,-20,-23,-19,-26,-19,-27,-18,-26,-17,-27,-16,-27,-15,-26,-15,-27,-14,-27,-12,-28,-11,-28,-11,-29,-10,-30,-11,-32,-9,-28,-8,-30,-7,-30,-7,-31,-6,-31,-7,-34,-7,-33,-7,-33,-6,-36,-7,-34,-8,-37,-5,-36,-7,-35,-5,0,0,0,0,0,0,-8,35,-7,34,-3,32,-4,32,-5,30,-5,29,-3,30,-3,30,-3,29,-3,27,-1,27,-1,25,0,27,0,25,0,23,2,23,3,24,3,22,3,22,4,22,6,20,6,20,4,19,4,18,4,19,6,18,6,18,7,16,7,18,9,15,9,15,8,15,7,15,9,15,7,13,7,14,7,15,7,13,8,12,7,11,7,11,7,11,7,12,7,11,6,11,7,10,6,9,7,9,5,8,5,8,5,7,5,8,3,7,6,7,2,7,2,6,3,7,0,0,0,0,0,0,0,0,0,0]"""
1782212765330,2026-06-23T20:06:05.330,danger,fall,lmh,bed_stand_to_lie_fall,t018,"CSI_DATA,812865,1a:00:00:00:00:00,-52,11,-98,15,34,11,217158118,47,2,256,0,""[0,0,0,0,0,0,0,0,0,0,0,0,0,-20,2,-18,3,-20,4,-22,7,-22,11,-20,13,-21,13,-20,15,-21,18,-20,19,-21,20,-20,22,-20,25,-17,26,-15,27,-15,29,-14,30,-11,30,-8,29,-9,31,-7,33,-4,31,-2,33,-3,34,-1,31,-2,31,1,31,1,31,4,31,1,29,3,31,3,31,5,31,5,31,5,30,5,28,6,30,5,31,7,31,4,31,7,31,4,30,8,33,7,29,9,31,9,31,11,31,9,31,12,33,13,32,13,33,14,32,17,31,17,33,17,31,18,31,18,0,0,0,0,0,0,24,-26,25,-24,22,-26,23,-23,22,-21,24,-19,24,-20,25,-20,24,-17,23,-14,23,-15,22,-13,22,-13,22,-13,22,-13,19,-13,22,-13,20,-12,19,-9,17,-10,19,-12,18,-8,17,-8,18,-9,19,-8,19,-8,17,-8,17,-9,18,-8,16,-8,16,-6,17,-6,17,-5,16,-6,16,-4,17,-4,17,-3,16,-3,17,-3,14,-1,13,-2,15,0,13,0,14,0,13,1,13,0,12,0,12,0,9,2,10,1,8,3,8,3,8,3,8,4,8,4,6,4,5,5,0,0,0,0,0,0,0,0,0,0]"""
1782212765341,2026-06-23T20:06:05.341,danger,fall,lmh,bed_stand_to_lie_fall,t018,"CSI_DATA,812866,1a:00:00:00:00:00,-52,11,-98,21,33,11,217168354,47,2,256,0,""[0,0,0,0,0,0,0,0,0,0,0,0,14,-13,16,-12,17,-11,21,-11,20,-9,23,-7,23,-6,24,-5,27,-6,26,-4,29,-3,27,-2,30,-1,30,0,30,4,30,3,33,3,31,6,31,7,30,10,28,13,32,9,30,12,31,11,30,13,30,12,29,13,29,16,28,15,29,13,25,14,29,16,28,14,27,15,28,16,28,13,25,13,28,12,27,13,28,12,29,13,29,10,29,12,30,11,30,13,28,13,30,13,28,12,30,13,33,14,33,13,32,14,33,16,32,17,33,15,33,16,32,17,0,0,0,0,0,0,22,-29,21,-28,18,-30,20,-27,18,-25,20,-23,17,-23,20,-26,17,-21,18,-22,16,-20,18,-19,17,-21,16,-18,16,-17,13,-19,15,-20,13,-18,15,-19,11,-17,11,-18,13,-16,10,-15,12,-16,13,-14,11,-16,10,-14,10,-16,10,-16,9,-16,8,-14,10,-15,10,-13,8,-15,7,-13,10,-14,10,-13,10,-12,10,-13,9,-12,9,-11,9,-11,9,-10,9,-10,7,-9,6,-9,8,-7,8,-8,8,-6,8,-6,8,-5,9,-6,8,-5,7,-3,7,-4,7,-3,6,-3,0,0,0,0,0,0,0,0,0,0]"""
1782212765354,2026-06-23T20:06:05.354,danger,fall,lmh,bed_stand_to_lie_fall,t018,"CSI_DATA,812867,1a:00:00:00:00:00,-52,11,-98,15,34,11,217179319,47,2,256,0,""[0,0,0,0,0,0,0,0,0,0,0,0,-6,18,-9,17,-11,18,-15,17,-16,17,-18,16,-20,15,-22,13,-24,13,-26,11,-27,8,-27,8,-31,8,-31,4,-31,0,-33,0,-32,0,-33,-5,-30,-6,-30,-6,-29,-9,-32,-10,-28,-13,-31,-13,-31,-17,-28,-15,-26,-18,-26,-18,-25,-20,-25,-19,-22,-21,-24,-21,-22,-22,-22,-22,-22,-22,-21,-22,-21,-22,-21,-22,-20,-23,-22,-23,-19,-23,-20,-24,-18,-25,-21,-26,-16,-26,-17,-26,-15,-27,-16,-27,-16,-29,-17,-32,-15,-31,-14,-31,-12,-35,-10,-34,-12,-35,-10,-35,-8,-35,0,0,0,0,0,0,-35,0,-35,0,-34,0,-32,-3,-32,-3,-29,-7,-30,-4,-29,-6,-27,-7,-25,-7,-25,-7,-22,-8,-24,-8,-23,-8,-22,-8,-22,-7,-22,-8,-21,-8,-18,-10,-19,-8,-19,-7,-18,-9,-17,-8,-16,-8,-17,-8,-15,-8,-16,-9,-17,-8,-15,-9,-15,-8,-13,-9,-13,-9,-13,-10,-13,-9,-11,-10,-12,-12,-11,-10,-10,-12,-10,-10,-8,-11,-8,-10,-7,-11,-7,-13,-6,-10,-5,-11,-4,-11,-4,-10,-5,-11,-2,-9,-2,-9,-2,-9,0,-8,0,-8,0,-8,0,-8,0,-7,2,-7,0,0,0,0,0,0,0,0,0,0]"""
1782212765366,2026-06-23T20:06:05.366,danger,fall,lmh,bed_stand_to_lie_fall,t018,"CSI_DATA,812868,1a:00:00:00:00:00,-53,11,-98,17,34,11,217192146,47,2,256,0,""[0,0,0,0,0,0,0,0,0,0,0,0,-20,0,-20,-3,-21,-4,-22,-10,-21,-10,-20,-12,-20,-13,-19,-16,-20,-19,-18,-21,-17,-23,-17,-23,-16,-25,-14,-27,-9,-30,-10,-30,-10,-31,-6,-32,-4,-30,0,-32,1,-33,1,-33,3,-32,3,-31,5,-33,5,-30,8,-30,9,-30,10,-30,10,-29,10,-27,12,-28,11,-27,13,-27,12,-28,13,-27,13,-24,12,-27,13,-27,13,-27,16,-26,14,-26,17,-26,16,-26,16,-23,18,-24,19,-24,18,-23,20,-25,23,-24,22,-23,23,-23,27,-22,27,-20,27,-23,27,-20,26,-19,0,0,0,0,0,0,-12,-30,-10,-30,-11,-27,-7,-30,-9,-29,-6,-28,-6,-26,-4,-27,-4,-25,-2,-24,-3,-23,0,-22,-3,-23,0,-21,0,-22,0,-20,0,-21,0,-20,1,-19,1,-19,0,-18,2,-18,0,-16,1,-16,2,-17,1,-16,2,-16,0,-16,1,-15,0,-14,2,-13,1,-14,3,-13,2,-14,2,-13,3,-13,4,-13,4,-12,4,-11,5,-10,5,-10,4,-12,5,-10,5,-9,5,-8,5,-9,5,-7,5,-6,6,-6,5,-6,6,-6,6,-5,5,-4,5,-5,7,-4,6,-4,6,-2,0,0,0,0,0,0,0,0,0,0]"""
1782212765384,2026-06-23T20:06:05.384,danger,fall,lmh,bed_stand_to_lie_fall,t018,"CSI_DATA,812869,1a:00:00:00:00:00,-56,11,-98,20,35,11,217209250,47,2,256,0,""[0,0,0,0,0,0,0,0,0,0,0,0,-17,8,-18,5,-19,5,-23,2,-22,2,-23,-1,-23,-2,-23,-5,-25,-5,-23,-6,-25,-8,-24,-10,-25,-11,-24,-13,-23,-17,-22,-17,-23,-17,-21,-21,-19,-21,-18,-22,-15,-25,-18,-23,-15,-25,-16,-25,-15,-27,-14,-23,-11,-25,-11,-27,-10,-25,-11,-27,-7,-24,-10,-27,-8,-26,-8,-25,-8,-26,-8,-25,-6,-23,-8,-24,-6,-24,-8,-25,-6,-26,-8,-25,-7,-26,-7,-27,-6,-27,-6,-25,-6,-25,-5,-25,-5,-26,-4,-28,-4,-27,-3,-27,-1,-30,0,-29,-1,-30,-1,-29,0,-29,0,0,0,0,0,0,-27,-6,-25,-5,-25,-3,-24,-7,-22,-5,-22,-8,-20,-6,-22,-6,-19,-7,-19,-7,-18,-7,-15,-7,-17,-7,-15,-7,-15,-6,-15,-5,-14,-6,-13,-5,-13,-6,-11,-5,-13,-5,-11,-6,-11,-4,-11,-4,-10,-4,-10,-5,-10,-3,-10,-3,-10,-4,-9,-3,-8,-4,-9,-5,-8,-2,-7,-3,-8,-3,-8,-3,-7,-3,-6,-2,-6,-2,-6,-4,-6,-2,-6,-3,-5,-3,-6,-2,-5,-3,-5,-3,-4,-2,-5,-2,-5,-3,-4,-3,-5,-3,-3,-2,-4,-1,-5,-2,-3,-3,-3,-2,-1,-3,0,0,0,0,0,0,0,0,0,0]"""
1782212765395,2026-06-23T20:06:05.395,danger,fall,lmh,bed_stand_to_lie_fall,t018,"CSI_DATA,812870,1a:00:00:00:00:00,-57,11,-98,16,36,11,217212319,47,2,256,0,""[0,0,0,0,0,0,0,0,0,0,0,0,0,-18,1,-19,3,-20,5,-20,5,-19,8,-20,10,-20,11,-19,12,-22,13,-21,15,-21,15,-20,16,-22,18,-21,21,-20,21,-18,21,-20,22,-17,22,-16,22,-17,22,-17,25,-15,25,-13,24,-13,25,-13,23,-13,24,-11,25,-11,25,-10,24,-11,23,-10,25,-11,23,-10,23,-10,23,-12,22,-11,21,-10,21,-13,22,-12,22,-13,23,-11,21,-13,22,-13,22,-14,21,-12,20,-13,22,-13,22,-14,22,-14,24,-13,23,-14,23,-14,26,-13,23,-12,24,-13,25,-12,23,-12,0,0,0,0,0,0,-8,-24,-8,-24,-11,-22,-8,-22,-8,-22,-6,-20,-6,-20,-7,-22,-6,-18,-5,-17,-5,-17,-6,-15,-6,-16,-5,-15,-5,-14,-5,-12,-6,-13,-6,-13,-5,-12,-5,-11,-5,-11,-5,-11,-5,-10,-5,-10,-5,-8,-5,-9,-5,-8,-6,-8,-5,-8,-5,-6,-5,-6,-6,-6,-5,-6,-5,-6,-4,-5,-3,-6,-5,-5,-3,-5,-5,-4,-4,-5,-3,-5,-4,-3,-5,-3,-3,-3,-4,-3,-4,-3,-4,-4,-4,-3,-3,-2,-3,-3,-3,-3,-3,-2,-3,-3,-1,-1,-3,-3,-2,-3,-3,-3,0,0,0,0,0,0,0,0,0,0]"""
1782212765402,2026-06-23T20:06:05.402,danger,fall,lmh,bed_stand_to_lie_fall,t018,"CSI_DATA,812871,1a:00:00:00:00:00,-60,11,-98,17,39,11,217223319,47,2,256,0,""[0,0,0,0,0,0,0,0,0,0,0,0,-6,-12,-3,-13,-2,-14,-1,-16,0,-15,1,-16,2,-16,3,-16,5,-18,6,-16,7,-17,8,-16,10,-17,12,-16,14,-15,14,-14,14,-16,16,-13,16,-12,18,-11,18,-10,18,-10,19,-8,19,-8,21,-6,19,-6,19,-4,20,-4,19,-3,19,-4,19,-3,20,-3,19,-3,19,-1,19,-1,19,-1,17,0,18,-1,19,0,19,-1,19,0,17,-1,19,0,19,0,19,1,18,0,19,1,19,1,19,2,20,3,20,3,19,4,20,6,19,6,21,6,20,6,19,7,0,0,0,0,0,0,12,-17,11,-16,9,-16,11,-14,10,-13,12,-12,10,-12,12,-12,11,-10,11,-9,10,-9,10,-8,10,-8,10,-7,9,-7,9,-7,9,-6,9,-6,9,-6,8,-5,8,-5,8,-4,8,-5,7,-4,8,-4,7,-4,7,-3,7,-3,8,-3,6,-3,6,-2,6,-2,6,-2,6,-2,5,-1,5,-2,5,-1,5,-1,5,-1,3,0,3,0,3,0,3,-1,3,0,3,0,3,0,2,0,3,0,2,0,2,0,2,0,2,0,2,0,2,0,2,0,2,0,2,0,0,0,0,0,0,0,0,0,0,0]"""
1782212765412,2026-06-23T20:06:05.412,danger,fall,lmh,bed_stand_to_lie_fall,t018,"CSI_DATA,812872,1a:00:00:00:00:00,-58,11,-98,17,38,11,217234319,47,2,256,0,""[0,0,0,0,0,0,0,0,0,0,0,0,14,-6,15,-5,17,-4,18,-3,18,-1,19,-1,20,0,18,0,21,0,21,2,23,4,22,3,24,4,24,6,23,9,22,8,23,9,22,12,21,11,23,13,22,13,22,14,21,14,21,14,21,16,20,13,19,15,18,16,19,15,19,15,18,15,20,16,19,15,18,15,19,15,18,13,17,13,19,14,19,14,20,12,20,13,20,11,20,13,21,13,20,12,20,11,20,12,21,12,21,12,23,13,23,13,21,13,20,16,21,15,24,14,23,15,21,16,0,0,0,0,0,0,17,-20,17,-18,16,-19,16,-18,14,-18,17,-15,13,-16,15,-16,14,-15,14,-14,13,-14,12,-13,11,-14,12,-12,12,-12,9,-12,10,-13,10,-12,10,-12,7,-10,8,-11,8,-10,8,-11,8,-11,8,-11,7,-10,6,-8,6,-10,7,-9,5,-10,5,-8,5,-9,5,-8,5,-8,4,-7,5,-8,4,-7,5,-8,5,-7,4,-6,4,-5,4,-5,4,-5,4,-5,4,-5,3,-4,3,-4,3,-4,3,-3,2,-3,1,-2,2,-3,3,-4,2,-2,2,-3,2,-2,1,-2,0,0,0,0,0,0,0,0,0,0]"""
1782212765420,2026-06-23T20:06:05.420,danger,fall,lmh,bed_stand_to_lie_fall,t018,"CSI_DATA,812873,1a:00:00:00:00:00,-54,11,-98,16,35,11,217245319,47,2,256,0,""[0,0,0,0,0,0,0,0,0,0,0,0,7,-15,9,-12,12,-15,14,-14,15,-13,16,-11,16,-10,19,-9,20,-9,21,-7,22,-7,23,-5,24,-5,26,-4,25,0,28,2,26,1,27,4,25,5,24,6,24,9,26,9,26,12,25,12,26,13,24,12,24,15,23,15,23,18,21,16,19,16,19,16,20,16,19,18,20,17,20,19,19,19,18,17,18,19,19,19,18,19,18,19,16,20,19,21,14,18,19,20,16,21,16,21,16,23,17,25,15,24,14,26,14,27,12,27,14,29,13,28,12,29,0,0,0,0,0,0,29,-5,31,-4,26,-5,26,-2,29,-4,24,-2,26,-1,26,0,26,0,21,1,21,0,21,1,21,1,22,2,19,2,19,0,20,0,19,1,17,3,18,4,18,0,18,3,14,2,16,2,16,2,15,3,15,4,16,2,15,3,14,2,14,3,14,3,14,4,12,4,12,4,12,4,13,4,12,5,11,5,9,5,9,6,9,5,9,6,9,7,7,6,6,7,6,7,6,7,4,6,4,5,4,6,3,5,3,7,2,7,2,5,2,4,1,4,0,0,0,0,0,0,0,0,0,0]"""
1782212765432,2026-06-23T20:06:05.432,danger,fall,lmh,bed_stand_to_lie_fall,t018,"CSI_DATA,812874,1a:00:00:00:00:00,-53,11,-98,22,33,11,217256359,47,2,256,0,""[0,0,0,0,0,0,0,0,0,0,0,0,-18,2,-17,0,-20,0,-19,-1,-20,-2,-20,-3,-20,-3,-22,-5,-23,-7,-23,-8,-23,-9,-23,-9,-25,-11,-24,-13,-23,-14,-23,-16,-24,-14,-23,-19,-23,-17,-20,-19,-21,-23,-23,-21,-21,-21,-21,-20,-22,-22,-20,-20,-19,-20,-20,-20,-19,-21,-21,-21,-19,-20,-20,-20,-20,-20,-20,-21,-21,-20,-21,-18,-20,-17,-21,-18,-22,-20,-23,-17,-23,-17,-23,-17,-23,-17,-25,-16,-23,-16,-25,-15,-24,-17,-26,-15,-26,-17,-27,-17,-26,-17,-26,-16,-27,-19,-26,-19,-29,-19,-29,-19,-27,-17,0,0,0,0,0,0,-21,26,-21,26,-16,26,-18,24,-17,24,-17,21,-16,22,-18,23,-16,22,-15,20,-14,20,-14,18,-12,20,-12,19,-11,18,-9,19,-10,20,-8,19,-10,17,-8,19,-6,17,-8,18,-5,16,-7,17,-7,17,-5,17,-5,17,-4,17,-5,17,-2,17,-4,16,-3,17,-4,17,-3,16,-3,15,-4,15,-4,17,-2,15,-5,15,-4,14,-2,12,-2,12,-4,14,-3,12,-3,11,-2,11,-3,9,-2,9,-3,10,-3,8,-3,9,-4,8,-3,7,-3,8,-5,6,-2,5,-4,5,0,0,0,0,0,0,0,0,0,0]"""
1782212765440,2026-06-23T20:06:05.440,danger,fall,lmh,bed_stand_to_lie_fall,t018,"CSI_DATA,812875,1a:00:00:00:00:00,-52,11,-98,17,34,11,217267318,47,2,256,0,""[0,0,0,0,0,0,0,0,0,0,0,0,18,0,18,2,20,3,19,5,20,6,19,9,20,10,20,12,22,13,20,15,19,18,20,19,20,19,18,22,14,24,15,27,16,26,12,27,10,27,10,26,9,27,8,30,6,30,5,30,3,32,5,31,1,30,1,31,0,31,1,30,-1,30,-1,30,0,30,-1,29,0,30,0,30,-2,29,-2,29,-3,30,-1,30,-3,30,-2,30,-4,30,-2,32,-5,29,-2,31,-5,30,-4,30,-4,31,-6,32,-6,31,-8,32,-10,32,-11,32,-12,33,-10,33,-11,33,0,0,0,0,0,0,30,16,30,18,28,15,24,17,27,17,22,17,23,16,23,18,20,17,18,17,18,16,18,16,20,16,19,16,16,16,16,16,19,14,16,16,15,14,16,14,16,12,13,14,13,12,13,13,13,14,13,13,13,13,13,12,13,13,13,11,11,13,11,14,11,14,11,13,10,13,10,13,10,13,9,13,8,13,6,13,7,12,6,13,6,13,6,13,5,12,4,12,3,12,5,11,2,11,1,11,1,10,0,9,0,10,0,8,0,9,-2,7,-3,8,0,0,0,0,0,0,0,0,0,0]"""
1782212765459,2026-06-23T20:06:05.459,danger,fall,lmh,bed_stand_to_lie_fall,t018,"CSI_DATA,812876,1a:00:00:00:00:00,-52,11,-98,16,34,11,217287143,47,2,256,0,""[0,0,0,0,0,0,0,0,0,0,0,0,8,-16,10,-15,12,-15,14,-14,16,-14,16,-11,18,-11,19,-11,23,-10,24,-9,25,-6,25,-5,27,-6,28,-5,28,0,30,0,29,0,30,4,28,3,28,7,29,11,31,7,29,10,29,11,30,13,27,11,27,15,27,16,26,17,25,15,24,16,25,17,26,17,24,16,25,17,24,18,22,18,22,17,23,18,25,18,22,19,23,19,23,18,24,21,21,19,23,19,23,23,23,19,24,23,24,24,22,25,21,25,22,27,19,28,22,28,20,28,20,27,0,0,0,0,0,0,32,-14,32,-13,29,-15,29,-10,30,-11,28,-7,29,-9,28,-7,28,-6,25,-5,24,-6,23,-4,25,-5,24,-3,23,-2,21,-3,23,-4,22,-3,21,-2,21,-3,19,-3,21,-1,18,-3,19,-2,19,-1,19,-2,18,-1,18,-3,19,-2,17,-2,17,0,17,-1,18,0,16,0,15,0,15,0,16,0,16,1,15,0,15,2,12,2,13,2,14,3,13,2,12,3,12,2,10,4,11,3,8,5,8,4,8,4,9,4,8,6,7,6,6,7,6,5,5,6,0,0,0,0,0,0,0,0,0,0]"""
1782212765469,2026-06-23T20:06:05.469,danger,fall,lmh,bed_stand_to_lie_fall,t018,"CSI_DATA,812877,1a:00:00:00:00:00,-52,11,-98,17,34,11,217289318,47,2,256,0,""[0,0,0,0,0,0,0,0,0,0,0,0,-10,15,-11,13,-12,14,-13,15,-15,14,-16,13,-17,13,-19,12,-21,13,-21,13,-23,13,-23,12,-25,14,-26,13,-27,10,-28,9,-28,10,-29,9,-28,7,-28,7,-28,5,-30,7,-30,5,-30,6,-33,6,-30,6,-30,4,-30,5,-30,4,-30,6,-28,5,-31,6,-31,6,-28,6,-30,9,-30,8,-27,7,-29,11,-29,10,-27,13,-28,10,-27,13,-28,13,-29,16,-27,13,-27,14,-28,13,-26,16,-27,16,-29,17,-28,19,-27,18,-31,16,-31,16,-31,19,-30,18,-30,18,0,0,0,0,0,0,16,29,15,30,18,28,14,29,16,26,14,26,16,24,14,25,15,23,13,23,15,20,13,20,16,20,16,20,14,20,15,16,16,16,16,15,14,16,15,15,16,13,16,14,14,11,14,12,15,12,14,12,14,11,16,10,14,10,16,7,15,8,16,8,14,8,14,7,15,7,16,6,13,7,13,6,14,6,13,6,13,5,13,6,12,5,11,4,11,6,12,3,10,6,10,4,10,4,9,4,9,4,7,4,8,3,6,5,6,4,6,4,5,5,0,0,0,0,0,0,0,0,0,0]"""
1782212765478,2026-06-23T20:06:05.478,danger,fall,lmh,bed_stand_to_lie_fall,t018,"CSI_DATA,812878,1a:00:00:00:00:00,-52,11,-98,14,34,11,217300318,47,2,256,0,""[0,0,0,0,0,0,0,0,0,0,0,0,-15,10,-17,7,-19,8,-21,6,-23,5,-22,5,-23,4,-24,3,-27,3,-27,1,-28,0,-29,0,-30,1,-31,0,-30,-4,-31,-4,-32,-2,-32,-5,-30,-5,-32,-8,-33,-7,-33,-9,-32,-6,-31,-7,-34,-8,-31,-5,-32,-8,-32,-9,-32,-8,-32,-7,-30,-7,-32,-5,-31,-5,-31,-6,-33,-4,-33,-3,-31,-3,-31,-1,-31,-1,-31,0,-32,-1,-32,2,-31,0,-35,3,-32,2,-31,4,-35,2,-33,4,-34,5,-37,5,-35,5,-35,5,-37,5,-36,3,-37,6,-36,5,-37,5,0,0,0,0,0,0,5,37,5,37,7,34,5,32,7,33,6,31,6,32,5,31,5,30,6,27,6,25,5,26,8,27,8,26,7,23,10,22,10,23,9,21,9,21,10,21,12,18,11,21,10,17,10,17,11,17,10,16,12,16,12,15,12,15,13,14,12,13,13,13,11,14,12,13,12,11,11,13,10,11,11,10,11,10,10,12,10,10,10,10,10,10,10,9,8,9,9,9,8,8,8,9,6,7,8,8,7,7,5,7,5,8,5,7,5,6,5,7,4,7,0,0,0,0,0,0,0,0,0,0]"""
1782212765489,2026-06-23T20:06:05.489,danger,fall,lmh,bed_stand_to_lie_fall,t018,"CSI_DATA,812879,1a:00:00:00:00:00,-52,11,-98,14,34,11,217311318,47,2,256,0,""[0,0,0,0,0,0,0,0,0,0,0,0,-19,2,-20,0,-21,0,-24,-2,-23,-4,-22,-5,-23,-5,-23,-7,-27,-8,-26,-9,-26,-11,-26,-10,-28,-12,-27,-12,-28,-15,-28,-15,-30,-15,-28,-17,-26,-17,-28,-20,-26,-21,-28,-20,-26,-21,-27,-19,-26,-22,-27,-18,-26,-21,-26,-21,-27,-20,-27,-18,-26,-16,-29,-18,-27,-18,-26,-16,-27,-17,-29,-15,-27,-14,-28,-12,-30,-15,-30,-10,-30,-11,-30,-7,-31,-10,-34,-9,-31,-10,-31,-8,-32,-8,-32,-6,-34,-7,-35,-6,-34,-5,-36,-5,-37,-7,-36,-5,-37,-4,-37,-4,-36,-2,0,0,0,0,0,0,-7,37,-5,35,-2,35,-2,33,-2,32,-4,30,-2,31,-1,31,-1,29,-1,28,-1,27,-2,26,1,26,0,26,1,25,3,23,4,24,4,23,2,23,5,21,8,20,5,20,8,19,5,21,5,19,6,19,6,18,8,16,8,17,9,15,8,16,10,16,9,16,9,14,9,14,8,15,9,14,9,13,10,14,9,11,8,11,8,11,7,12,6,11,6,11,7,9,6,9,6,10,6,8,5,7,5,9,5,7,3,9,4,9,3,7,2,5,3,7,0,0,0,0,0,0,0,0,0,0]"""
1782212765504,2026-06-23T20:06:05.504,danger,fall,lmh,bed_stand_to_lie_fall,t018,"CSI_DATA,812880,1a:00:00:00:00:00,-52,11,-98,19,33,11,217322318,47,2,256,0,""[0,0,0,0,0,0,0,0,0,0,0,0,-17,-8,-17,-11,-18,-12,-20,-13,-19,-15,-17,-17,-17,-18,-17,-19,-18,-21,-17,-22,-18,-23,-17,-22,-19,-25,-18,-26,-16,-28,-16,-27,-17,-28,-16,-29,-16,-29,-13,-31,-13,-33,-15,-31,-14,-30,-15,-30,-14,-32,-16,-29,-13,-29,-15,-31,-13,-29,-16,-29,-13,-27,-17,-30,-17,-27,-16,-27,-18,-26,-19,-24,-18,-23,-21,-23,-21,-25,-22,-22,-22,-23,-22,-19,-23,-22,-25,-21,-25,-22,-25,-18,-26,-21,-26,-18,-27,-17,-29,-18,-28,-18,-29,-17,-28,-19,-26,-18,-32,-17,-31,-17,-31,-16,0,0,0,0,0,0,-17,31,-17,31,-14,31,-15,27,-13,26,-13,26,-10,26,-12,27,-11,25,-9,25,-8,23,-9,22,-5,25,-8,24,-6,22,-4,22,-4,23,-4,22,-4,22,0,21,0,21,-1,20,0,18,0,19,0,19,2,18,2,17,3,17,4,18,5,16,2,15,4,16,5,16,5,15,5,14,4,15,4,16,4,14,4,15,3,13,4,13,5,13,4,13,4,12,4,12,4,10,4,11,4,10,3,9,3,7,3,8,3,8,2,8,1,7,2,8,1,7,1,8,0,0,0,0,0,0,0,0,0,0]"""
1782212765514,2026-06-23T20:06:05.514,danger,fall,lmh,bed_stand_to_lie_fall,t018,"CSI_DATA,812881,1a:00:00:00:00:00,-53,11,-98,17,34,11,217339107,47,2,256,0,""[0,0,0,0,0,0,0,0,0,0,0,0,-16,13,-18,10,-21,10,-22,10,-23,6,-24,3,-25,3,-27,0,-29,0,-28,-3,-29,-5,-29,-6,-30,-8,-30,-11,-27,-15,-30,-16,-29,-16,-27,-19,-25,-20,-22,-22,-20,-24,-23,-25,-21,-26,-18,-25,-19,-28,-17,-27,-15,-30,-13,-30,-13,-29,-13,-27,-10,-28,-10,-28,-10,-28,-10,-28,-10,-29,-10,-28,-7,-27,-8,-27,-7,-29,-9,-28,-6,-28,-8,-28,-6,-28,-7,-30,-3,-27,-5,-29,-3,-30,-4,-28,-3,-30,-2,-32,-2,-32,-1,-32,2,-33,3,-32,2,-34,2,-33,3,-32,0,0,0,0,0,0,-30,-10,-30,-11,-29,-9,-27,-13,-27,-11,-23,-13,-23,-13,-23,-13,-22,-13,-19,-14,-18,-13,-18,-14,-19,-13,-17,-13,-16,-13,-16,-11,-16,-12,-16,-12,-15,-13,-15,-12,-15,-10,-13,-11,-13,-9,-11,-11,-12,-11,-11,-11,-11,-12,-11,-10,-10,-10,-11,-10,-10,-12,-9,-11,-9,-12,-8,-10,-7,-11,-7,-11,-7,-11,-6,-11,-6,-10,-6,-11,-5,-10,-3,-11,-4,-11,-5,-10,-3,-10,-3,-10,0,-9,-1,-10,-1,-8,0,-8,0,-8,0,-7,0,-8,0,-8,2,-6,2,-6,2,-6,0,0,0,0,0,0,0,0,0,0]"""
1782212765527,2026-06-23T20:06:05.527,danger,fall,lmh,bed_stand_to_lie_fall,t018,"CSI_DATA,812882,1a:00:00:00:00:00,-59,11,-98,18,38,11,217355638,47,2,256,0,""[0,0,0,0,0,0,0,0,0,0,0,0,9,16,7,17,7,19,6,19,4,19,2,21,3,21,1,23,1,23,0,24,-2,23,-2,24,-2,26,-5,25,-6,25,-6,26,-6,25,-10,26,-8,23,-11,22,-13,23,-10,23,-12,24,-11,23,-12,24,-10,21,-13,21,-13,22,-13,22,-10,21,-12,20,-12,21,-10,20,-11,19,-10,21,-10,20,-10,19,-9,20,-9,20,-8,21,-9,22,-8,21,-8,21,-8,22,-8,19,-7,22,-8,22,-5,21,-8,22,-8,22,-8,22,-8,23,-10,23,-9,22,-9,22,-8,21,-8,23,0,0,0,0,0,0,19,10,20,10,20,9,17,9,19,10,17,10,17,9,17,8,15,8,14,8,14,8,13,7,15,6,13,7,13,7,13,5,13,6,11,5,11,6,12,4,12,4,11,4,10,3,10,2,10,2,9,2,9,3,9,1,10,1,9,1,8,1,10,1,9,1,8,0,8,0,8,0,8,0,7,1,8,0,8,1,7,0,6,1,7,1,6,0,6,0,7,1,5,1,6,0,5,1,5,0,4,1,5,0,4,1,5,0,4,0,3,1,2,1,0,0,0,0,0,0,0,0,0,0]"""
1782212765537,2026-06-23T20:06:05.537,danger,fall,lmh,bed_stand_to_lie_fall,t018,"CSI_DATA,812883,1a:00:00:00:00:00,-59,11,-98,16,39,11,217355746,47,2,256,0,""[0,0,0,0,0,0,0,0,0,0,0,0,-13,6,-14,4,-14,5,-16,4,-16,3,-16,0,-18,0,-17,0,-19,0,-19,-1,-19,-2,-19,-2,-20,-3,-20,-4,-20,-6,-20,-6,-20,-5,-20,-8,-19,-8,-18,-8,-18,-9,-19,-8,-17,-10,-18,-9,-18,-10,-18,-9,-17,-11,-18,-10,-17,-9,-17,-9,-16,-9,-17,-9,-17,-8,-16,-8,-17,-8,-16,-7,-16,-7,-16,-6,-17,-7,-17,-6,-17,-6,-16,-4,-17,-5,-18,-4,-17,-5,-17,-4,-17,-4,-17,-4,-18,-4,-20,-5,-19,-4,-19,-4,-19,-6,-18,-5,-20,-4,-19,-4,-18,-4,0,0,0,0,0,0,-7,17,-7,17,-5,17,-5,16,-5,16,-6,15,-5,14,-5,15,-5,14,-4,13,-4,12,-4,12,-2,12,-3,12,-3,12,-2,11,-2,12,-1,11,-2,11,0,10,0,9,-1,10,0,9,0,9,-1,9,0,9,0,8,0,8,0,8,0,8,0,8,0,8,0,8,1,8,0,7,0,8,0,7,0,7,0,7,0,5,0,5,1,5,0,6,0,6,0,6,0,5,0,4,0,4,0,4,0,4,0,4,0,4,0,4,0,4,0,3,0,3,0,3,0,0,0,0,0,0,0,0,0,0]"""
1782212765547,2026-06-23T20:06:05.547,danger,fall,lmh,bed_stand_to_lie_fall,t018,"CSI_DATA,812884,1a:00:00:00:00:00,-62,11,-98,14,41,11,217366318,47,2,256,0,""[0,0,0,0,0,0,0,0,0,0,0,0,-11,4,-12,3,-12,2,-13,1,-14,0,-13,-1,-13,-2,-13,-4,-15,-4,-14,-5,-14,-7,-14,-7,-14,-8,-13,-10,-12,-12,-12,-12,-12,-12,-10,-13,-9,-13,-7,-14,-7,-15,-7,-15,-6,-15,-5,-16,-5,-16,-4,-15,-3,-16,-3,-16,-2,-15,-2,-15,0,-14,-1,-15,-1,-15,0,-15,0,-16,0,-15,0,-13,0,-14,0,-14,0,-14,1,-14,0,-14,1,-14,1,-15,2,-14,2,-15,2,-15,2,-14,2,-14,4,-15,4,-15,4,-15,6,-15,6,-14,6,-15,7,-13,7,-13,0,0,0,0,0,0,-11,-10,-10,-9,-10,-9,-9,-10,-9,-10,-7,-10,-7,-9,-7,-10,-6,-10,-5,-10,-5,-9,-4,-9,-4,-9,-3,-9,-4,-8,-4,-8,-4,-8,-2,-8,-2,-8,-3,-7,-3,-7,-1,-8,-1,-7,-1,-7,-1,-6,-1,-6,-1,-6,-1,-6,0,-6,0,-6,0,-5,0,-5,0,-6,0,-4,0,-5,0,-4,0,-4,0,-4,1,-4,0,-4,1,-3,1,-3,0,-3,1,-3,1,-2,0,-2,1,-2,1,-2,1,-2,1,-1,1,-1,1,-1,1,-1,0,-1,1,-1,1,-1,1,-1,0,0,0,0,0,0,0,0,0,0]"""
1782212765555,2026-06-23T20:06:05.555,danger,fall,lmh,bed_stand_to_lie_fall,t018,"CSI_DATA,812885,1a:00:00:00:00:00,-60,11,-98,18,41,11,217377704,47,2,256,0,""[0,0,0,0,0,0,0,0,0,0,0,0,-10,0,-10,-1,-10,-1,-11,-2,-11,-2,-11,-3,-11,-4,-11,-4,-12,-4,-12,-4,-12,-4,-12,-5,-13,-5,-13,-5,-12,-6,-12,-6,-13,-7,-13,-7,-12,-7,-12,-7,-12,-7,-12,-7,-12,-7,-12,-7,-13,-7,-12,-5,-12,-6,-12,-6,-11,-6,-12,-5,-12,-5,-13,-5,-12,-4,-12,-3,-12,-3,-13,-2,-12,-2,-12,-1,-13,-1,-13,0,-13,0,-13,1,-12,1,-13,1,-13,1,-12,1,-13,2,-12,2,-13,3,-14,3,-13,4,-13,5,-14,4,-14,4,-14,5,-14,6,-14,5,0,0,0,0,0,0,5,14,5,13,7,12,6,12,5,12,4,11,6,10,6,11,6,10,6,10,6,9,5,8,7,8,7,8,7,7,7,6,8,7,7,6,7,7,7,6,7,5,7,5,7,4,7,5,7,5,7,4,7,3,7,3,7,4,7,2,7,2,7,3,7,2,7,2,6,1,7,2,6,2,6,2,6,2,6,2,5,1,5,1,5,1,5,1,5,1,4,1,4,1,4,2,4,1,3,1,3,1,3,1,3,1,3,1,2,1,2,0,2,0,0,0,0,0,0,0,0,0,0,0]"""
1782212765566,2026-06-23T20:06:05.566,danger,fall,lmh,bed_stand_to_lie_fall,t018,"CSI_DATA,812886,1a:00:00:00:00:00,-56,11,-98,19,38,11,217389467,47,2,256,0,""[0,0,0,0,0,0,0,0,0,0,0,0,-11,0,-11,0,-11,-2,-12,-2,-12,-4,-12,-5,-12,-4,-12,-5,-12,-7,-13,-6,-13,-8,-12,-7,-13,-8,-13,-11,-11,-11,-12,-11,-12,-10,-12,-12,-11,-12,-9,-12,-9,-15,-12,-12,-11,-13,-11,-13,-12,-14,-11,-12,-10,-14,-11,-13,-10,-14,-11,-13,-9,-11,-11,-13,-10,-11,-10,-11,-11,-11,-11,-11,-11,-10,-13,-10,-13,-10,-13,-10,-13,-10,-14,-9,-13,-10,-15,-8,-13,-8,-15,-8,-15,-8,-15,-6,-17,-7,-17,-8,-17,-8,-16,-7,-17,-9,-18,-10,-18,-8,-18,-9,-18,-6,0,0,0,0,0,0,-9,18,-8,19,-5,17,-8,16,-7,17,-7,16,-7,17,-8,17,-8,16,-6,14,-6,14,-5,14,-5,15,-4,14,-4,14,-3,13,-3,15,-3,13,-3,14,-2,14,0,13,-2,13,0,13,-1,12,-1,12,-1,14,0,13,1,13,0,12,1,12,0,11,0,12,0,13,0,11,0,11,0,11,0,11,1,11,0,11,0,10,0,9,0,9,0,9,0,9,0,9,0,7,0,7,-1,8,0,6,0,6,0,6,0,6,0,5,-1,5,-2,5,-1,3,-1,4,0,0,0,0,0,0,0,0,0,0]"""
1782212765574,2026-06-23T20:06:05.574,danger,fall,lmh,bed_stand_to_lie_fall,t018,"CSI_DATA,812887,1a:00:00:00:00:00,-55,11,-98,20,37,11,217399318,47,2,256,0,""[0,0,0,0,0,0,0,0,0,0,0,0,8,-8,8,-8,9,-6,10,-7,12,-5,12,-4,12,-3,13,-4,14,-3,14,-3,16,-2,16,-2,17,0,18,0,17,1,17,2,18,1,19,4,16,4,18,6,18,7,18,6,19,6,18,5,18,6,18,6,15,7,17,8,16,9,17,8,15,8,16,9,16,7,15,7,17,7,17,7,16,6,17,6,17,7,17,6,17,5,18,5,18,6,19,4,17,4,18,5,19,6,18,4,20,5,21,6,19,6,19,6,21,7,20,6,22,6,23,7,21,6,0,0,0,0,0,0,9,-22,9,-21,7,-20,9,-19,9,-20,9,-19,8,-19,9,-19,8,-17,8,-16,7,-16,6,-16,6,-17,6,-16,6,-16,5,-15,5,-16,5,-15,5,-15,5,-15,2,-15,5,-15,4,-14,4,-14,5,-14,4,-14,3,-15,3,-13,3,-14,2,-14,2,-13,3,-14,3,-13,2,-13,3,-13,4,-13,3,-14,3,-12,5,-12,3,-12,3,-11,4,-11,4,-10,5,-10,4,-9,4,-9,5,-7,4,-8,5,-7,4,-7,4,-7,5,-6,4,-5,5,-6,4,-4,4,-4,5,-3,0,0,0,0,0,0,0,0,0,0]"""
1782212765585,2026-06-23T20:06:05.585,danger,fall,lmh,bed_stand_to_lie_fall,t018,"CSI_DATA,812888,1a:00:00:00:00:00,-53,11,-98,14,36,11,217412094,47,2,256,0,""[0,0,0,0,0,0,0,0,0,0,0,0,-6,-11,-6,-11,-4,-13,-4,-16,-2,-15,0,-16,0,-15,3,-16,2,-18,5,-18,6,-18,6,-18,8,-19,10,-19,14,-17,13,-16,13,-18,16,-16,17,-15,19,-13,21,-10,20,-13,21,-12,21,-11,23,-10,21,-10,22,-7,23,-7,22,-6,22,-7,22,-4,25,-6,23,-4,23,-3,24,-4,22,-4,22,-4,22,-5,23,-4,22,-5,23,-2,22,-4,23,-4,25,-4,24,-2,24,-2,24,0,25,0,26,0,28,0,26,0,28,0,28,2,28,4,30,2,30,3,30,5,0,0,0,0,0,0,12,-28,10,-26,9,-27,11,-24,11,-24,12,-23,10,-23,13,-23,11,-20,12,-20,13,-20,13,-16,12,-20,13,-17,14,-18,11,-18,12,-18,13,-17,14,-16,11,-16,11,-17,11,-16,11,-14,12,-15,14,-12,13,-14,12,-12,12,-14,12,-11,12,-12,12,-12,14,-12,14,-11,13,-12,12,-10,15,-10,14,-9,14,-8,14,-7,13,-7,12,-5,13,-6,14,-6,12,-5,13,-2,12,-4,12,-1,13,-2,12,0,10,0,10,0,10,1,9,1,8,4,8,2,7,4,6,4,0,0,0,0,0,0,0,0,0,0]"""
1782212765595,2026-06-23T20:06:05.595,danger,fall,lmh,bed_stand_to_lie_fall,t018,"CSI_DATA,812889,1a:00:00:00:00:00,-51,11,-98,16,34,11,217422740,47,2,256,0,""[0,0,0,0,0,0,0,0,0,0,0,0,-3,-14,-2,-15,-1,-17,0,-19,3,-18,3,-19,5,-19,7,-19,9,-19,11,-19,13,-19,14,-19,16,-20,17,-19,21,-15,23,-15,22,-17,24,-14,24,-11,26,-11,27,-10,28,-7,27,-7,28,-7,30,-4,27,-5,29,-1,30,-1,30,0,28,0,27,2,29,1,30,1,27,2,29,1,28,2,27,3,27,2,27,5,28,3,27,5,29,4,28,6,30,5,27,7,28,7,29,8,28,7,30,10,30,11,31,11,29,13,30,15,28,15,30,15,30,16,30,15,0,0,0,0,0,0,23,-26,23,-26,22,-25,22,-22,22,-21,23,-19,23,-19,24,-19,24,-18,23,-15,21,-15,22,-13,22,-15,22,-13,22,-12,19,-13,21,-14,20,-11,20,-11,19,-11,19,-11,21,-9,19,-10,19,-10,20,-8,19,-8,19,-8,19,-10,19,-7,18,-8,18,-6,19,-7,19,-5,19,-6,17,-4,20,-3,19,-3,19,-2,19,-1,16,0,17,0,18,0,16,2,17,0,16,2,15,3,15,3,14,3,11,4,11,4,11,5,11,5,9,6,10,7,6,7,6,7,6,7,0,0,0,0,0,0,0,0,0,0]"""
1782212765606,2026-06-23T20:06:05.606,danger,fall,lmh,bed_stand_to_lie_fall,t018,"CSI_DATA,812890,1a:00:00:00:00:00,-51,11,-98,18,33,11,217432317,47,2,256,0,""[0,0,0,0,0,0,0,0,0,0,0,0,15,5,16,7,17,8,18,10,17,10,17,12,17,15,16,15,18,17,16,19,16,20,16,20,19,21,17,23,15,26,14,26,16,26,13,27,12,27,13,28,13,27,12,31,10,28,11,29,10,31,10,29,8,31,10,31,9,30,11,31,8,28,10,31,10,29,11,27,12,29,11,28,11,26,13,26,14,27,15,26,15,29,15,26,15,28,17,27,15,27,17,24,19,28,19,26,21,27,20,29,21,28,21,27,21,30,20,27,25,29,24,30,22,28,0,0,0,0,0,0,30,-20,29,-21,26,-22,27,-19,26,-20,26,-18,24,-18,26,-20,24,-18,24,-16,21,-16,20,-17,21,-19,20,-19,20,-18,16,-18,17,-21,15,-19,17,-17,14,-18,13,-20,15,-18,13,-18,14,-18,13,-19,12,-20,10,-17,10,-20,10,-21,7,-19,9,-19,10,-21,9,-20,8,-20,8,-17,10,-20,8,-19,7,-19,9,-18,8,-17,7,-15,8,-16,9,-16,8,-15,9,-14,7,-13,9,-13,7,-15,7,-10,8,-11,8,-10,8,-10,9,-10,6,-9,10,-8,8,-8,9,-6,0,0,0,0,0,0,0,0,0,0]"""
1782212765619,2026-06-23T20:06:05.619,danger,fall,lmh,bed_stand_to_lie_fall,t018,"CSI_DATA,812891,1a:00:00:00:00:00,-51,11,-98,13,34,11,217443519,47,2,256,0,""[0,0,0,0,0,0,0,0,0,0,0,0,-17,-6,-16,-9,-16,-10,-17,-13,-17,-15,-15,-16,-14,-19,-12,-20,-14,-21,-13,-23,-12,-25,-10,-25,-10,-27,-8,-28,-5,-29,-5,-32,-5,-31,0,-32,0,-29,0,-30,3,-30,3,-33,6,-32,5,-32,7,-33,5,-32,10,-32,9,-31,10,-32,8,-30,11,-29,10,-30,11,-30,11,-28,11,-30,10,-29,11,-28,10,-30,11,-29,9,-30,10,-28,10,-31,11,-29,10,-32,11,-28,12,-30,12,-30,12,-30,11,-31,13,-32,13,-32,14,-32,16,-32,19,-32,16,-33,15,-34,17,-31,0,0,0,0,0,0,-29,-22,-28,-22,-27,-19,-25,-19,-25,-21,-23,-21,-25,-19,-23,-21,-22,-20,-19,-19,-20,-19,-19,-19,-19,-17,-19,-18,-18,-18,-18,-16,-20,-16,-19,-16,-16,-16,-17,-15,-17,-13,-17,-16,-15,-12,-17,-13,-16,-13,-16,-13,-15,-13,-16,-12,-17,-13,-16,-12,-16,-13,-16,-13,-14,-14,-14,-12,-14,-12,-13,-13,-14,-13,-12,-13,-12,-13,-12,-14,-10,-12,-11,-13,-9,-14,-8,-13,-9,-12,-7,-13,-6,-13,-7,-13,-4,-12,-4,-12,-3,-12,-3,-11,-3,-11,-3,-12,0,-11,0,-11,1,-11,0,0,0,0,0,0,0,0,0,0]"""
1782212765629,2026-06-23T20:06:05.629,danger,fall,lmh,bed_stand_to_lie_fall,t018,"CSI_DATA,812892,1a:00:00:00:00:00,-51,11,-98,14,34,11,217454351,47,2,256,0,""[0,0,0,0,0,0,0,0,0,0,0,0,-10,-15,-10,-16,-10,-18,-10,-21,-8,-21,-6,-23,-7,-23,-5,-23,-5,-27,-5,-27,-3,-27,-4,-28,-4,-29,-3,-31,0,-31,1,-31,0,-33,2,-32,3,-31,3,-31,5,-31,5,-34,5,-32,5,-32,5,-34,3,-31,6,-32,5,-32,5,-32,5,-31,4,-31,5,-32,3,-32,3,-31,0,-33,1,-31,0,-31,0,-31,-1,-31,-3,-32,-3,-31,-4,-31,-3,-32,-7,-32,-5,-31,-5,-31,-6,-31,-9,-31,-8,-32,-9,-36,-10,-33,-10,-33,-9,-35,-8,-35,-11,-35,-12,-35,-11,-35,0,0,0,0,0,0,-37,9,-35,10,-32,11,-32,10,-31,10,-30,10,-30,11,-30,10,-27,10,-27,9,-26,8,-24,9,-25,10,-24,12,-22,10,-21,12,-21,12,-21,13,-20,11,-19,13,-16,15,-17,13,-15,14,-15,15,-15,15,-14,15,-15,13,-12,15,-13,15,-11,15,-12,15,-11,15,-11,15,-9,15,-9,15,-10,15,-10,15,-10,15,-10,15,-10,14,-10,14,-9,14,-10,13,-9,12,-8,13,-7,11,-9,10,-7,12,-8,10,-6,10,-7,8,-6,8,-8,8,-7,8,-8,7,-8,8,-7,6,0,0,0,0,0,0,0,0,0,0]"""
1782212765639,2026-06-23T20:06:05.639,danger,fall,lmh,bed_stand_to_lie_fall,t018,"CSI_DATA,812893,1a:00:00:00:00:00,-51,11,-98,17,33,11,217465558,47,2,256,0,""[0,0,0,0,0,0,0,0,0,0,0,0,2,19,0,19,0,22,-1,23,-1,22,-6,23,-4,23,-6,24,-7,26,-6,26,-8,27,-7,27,-8,29,-11,29,-13,27,-14,28,-12,31,-16,30,-16,27,-17,27,-19,29,-16,27,-19,28,-16,29,-19,31,-17,29,-18,28,-18,29,-19,28,-17,29,-17,26,-15,30,-14,29,-14,28,-12,31,-12,31,-12,29,-9,30,-10,31,-8,32,-7,32,-6,32,-7,32,-4,36,-6,32,-3,34,-4,35,-2,34,-2,37,-1,38,0,36,0,37,-1,39,-3,38,1,39,0,38,0,39,0,0,0,0,0,0,39,0,37,-1,35,-4,34,0,35,-1,32,-1,33,-3,33,-3,31,-3,30,-2,27,-3,26,-3,26,-6,26,-6,25,-6,23,-7,25,-9,23,-9,21,-7,21,-9,20,-12,21,-10,19,-11,19,-12,19,-12,18,-12,18,-12,15,-13,17,-14,15,-13,13,-12,15,-14,14,-14,13,-14,13,-13,14,-14,12,-15,12,-13,12,-13,12,-12,11,-12,11,-12,12,-12,9,-12,10,-12,9,-11,11,-10,9,-12,9,-9,8,-8,8,-8,7,-7,8,-7,7,-7,8,-7,7,-6,8,-5,0,0,0,0,0,0,0,0,0,0]"""
1782212765650,2026-06-23T20:06:05.650,danger,fall,lmh,bed_stand_to_lie_fall,t018,"CSI_DATA,812894,1a:00:00:00:00:00,-51,11,-98,15,33,11,217476424,47,2,256,0,""[0,0,0,0,0,0,0,0,0,0,0,0,-20,-3,-21,-5,-21,-7,-21,-9,-22,-10,-21,-11,-22,-12,-22,-14,-22,-14,-24,-17,-24,-18,-24,-17,-27,-18,-25,-20,-23,-22,-24,-23,-25,-24,-23,-25,-22,-26,-24,-26,-23,-27,-22,-28,-23,-28,-24,-27,-23,-29,-24,-26,-22,-27,-23,-28,-22,-28,-24,-25,-22,-25,-24,-27,-24,-26,-22,-25,-25,-23,-26,-23,-25,-22,-28,-20,-28,-22,-29,-18,-28,-20,-31,-17,-31,-18,-33,-16,-31,-18,-33,-15,-33,-16,-33,-13,-34,-16,-36,-15,-36,-14,-37,-13,-37,-13,-37,-16,-39,-14,-39,-12,-38,-11,0,0,0,0,0,0,-13,38,-12,37,-10,36,-11,34,-9,33,-9,33,-9,34,-8,33,-7,31,-6,30,-6,29,-5,29,-3,28,-2,29,-1,28,0,26,0,27,0,25,-1,25,0,24,5,24,2,23,4,22,4,22,3,22,5,22,6,21,7,20,8,21,8,19,8,19,8,20,7,18,11,18,10,17,9,18,9,18,8,16,8,15,8,15,9,15,10,15,8,15,9,13,7,13,7,11,7,11,6,11,6,12,5,11,5,11,5,10,6,10,4,10,3,9,3,8,1,10,0,0,0,0,0,0,0,0,0,0]"""
1782212765660,2026-06-23T20:06:05.660,danger,fall,lmh,bed_stand_to_lie_fall,t018,"CSI_DATA,812895,1a:00:00:00:00:00,-51,11,-98,18,32,11,217487317,47,2,256,0,""[0,0,0,0,0,0,0,0,0,0,0,0,-15,16,-17,15,-18,16,-19,15,-21,15,-22,13,-24,14,-25,12,-29,15,-31,11,-31,11,-30,12,-32,13,-33,12,-33,7,-34,9,-36,11,-37,5,-34,7,-37,9,-37,8,-40,6,-38,3,-38,6,-41,3,-38,7,-37,3,-39,4,-37,5,-36,7,-35,4,-37,6,-35,6,-36,9,-36,10,-35,11,-33,9,-34,16,-34,15,-33,16,-34,16,-32,18,-32,18,-33,17,-33,17,-30,21,-32,22,-31,24,-33,21,-31,23,-31,25,-32,26,-33,26,-31,26,-33,28,-31,29,-30,27,0,0,0,0,0,0,26,31,26,32,25,28,26,26,27,27,26,27,26,24,25,25,25,23,24,22,23,19,22,18,27,17,24,17,24,16,25,13,26,14,23,14,21,13,24,10,24,7,26,8,22,7,24,6,22,7,24,5,21,3,22,1,23,2,20,0,21,1,22,1,21,1,21,0,20,0,19,0,21,0,18,0,19,-1,18,0,17,-1,19,0,19,0,16,-1,16,0,16,-1,15,0,15,0,14,0,14,-1,14,0,11,0,12,-1,12,0,11,0,11,0,13,0,0,0,0,0,0,0,0,0,0,0]"""
1782212765671,2026-06-23T20:06:05.671,danger,fall,lmh,bed_stand_to_lie_fall,t018,"CSI_DATA,812896,1a:00:00:00:00:00,-50,11,-98,16,32,11,217498511,47,2,256,0,""[0,0,0,0,0,0,0,0,0,0,0,0,25,-2,23,1,26,-1,27,3,27,4,28,9,27,8,27,11,31,13,29,14,30,17,29,18,32,20,31,21,28,25,28,26,28,26,27,28,27,29,23,34,23,36,23,33,21,35,23,34,22,35,21,33,18,33,19,36,18,33,21,34,15,32,19,36,18,33,17,33,21,35,19,33,18,31,22,32,19,32,22,31,21,33,23,29,23,32,24,31,21,34,21,30,24,34,21,33,24,34,22,35,27,35,24,35,24,37,19,34,26,38,24,38,26,37,0,0,0,0,0,0,37,-20,39,-19,37,-21,37,-15,35,-17,36,-16,34,-18,37,-17,32,-15,33,-11,29,-15,29,-12,30,-15,31,-14,29,-12,27,-15,26,-16,24,-14,26,-11,24,-15,23,-16,24,-14,24,-16,21,-14,22,-14,22,-16,22,-13,20,-17,22,-15,18,-14,19,-14,22,-15,19,-15,19,-14,19,-12,21,-15,21,-13,19,-12,21,-13,20,-9,18,-10,17,-10,18,-10,16,-11,17,-8,16,-8,17,-8,17,-8,16,-6,14,-5,15,-3,14,-3,16,-2,14,0,14,-1,11,0,15,1,0,0,0,0,0,0,0,0,0,0]"""
1782212765682,2026-06-23T20:06:05.682,danger,fall,lmh,bed_stand_to_lie_fall,t018,"CSI_DATA,812897,1a:00:00:00:00:00,-49,11,-98,15,32,11,217509317,47,2,256,0,""[0,0,0,0,0,0,0,0,0,0,0,0,-10,22,-13,20,-15,22,-17,22,-20,21,-21,19,-22,19,-26,16,-27,20,-28,17,-31,16,-31,16,-33,15,-34,15,-37,8,-39,12,-38,12,-40,5,-39,6,-38,2,-38,0,-41,3,-42,0,-41,2,-42,-1,-40,0,-40,-3,-40,-3,-41,-5,-40,-2,-39,-4,-41,-4,-40,-3,-38,-4,-40,-2,-40,-3,-38,-2,-39,0,-40,-1,-39,0,-39,-4,-39,2,-40,-1,-43,2,-42,0,-39,0,-41,0,-41,1,-44,0,-46,0,-43,0,-44,0,-46,-2,-46,-4,-46,-2,-47,0,-45,-3,0,0,0,0,0,0,-8,46,-9,46,-5,43,-8,41,-6,41,-8,39,-6,39,-10,40,-8,38,-7,37,-7,33,-7,32,-7,36,-7,34,-7,33,-3,31,-4,32,-5,31,-6,29,-5,31,1,30,-4,30,-2,27,-4,26,-4,28,-3,26,-3,27,0,26,-2,27,1,25,-3,25,-1,26,-3,27,-2,25,-2,23,-3,27,-4,24,-4,22,-4,24,-4,22,-3,23,-4,21,-7,21,-5,20,-7,18,-5,20,-6,17,-6,18,-6,16,-7,13,-8,14,-8,13,-8,10,-7,12,-9,10,-9,10,-10,9,0,0,0,0,0,0,0,0,0,0]"""
1782212765694,2026-06-23T20:06:05.694,danger,fall,lmh,bed_stand_to_lie_fall,t018,"CSI_DATA,812898,1a:00:00:00:00:00,-50,11,-98,17,32,11,217520324,47,2,256,0,""[0,0,0,0,0,0,0,0,0,0,0,0,2,23,0,25,0,26,-3,28,-6,27,-6,28,-7,29,-10,29,-11,32,-14,31,-16,31,-17,31,-18,32,-22,32,-27,28,-24,29,-27,31,-29,28,-29,27,-33,26,-34,26,-33,24,-33,26,-32,27,-35,24,-32,23,-34,20,-37,23,-33,20,-34,22,-32,18,-35,22,-35,20,-33,21,-35,22,-32,21,-33,21,-31,23,-34,22,-33,25,-34,22,-30,26,-34,25,-34,24,-34,24,-32,25,-33,26,-33,25,-34,25,-36,28,-37,27,-34,27,-40,25,-36,23,-38,27,-40,28,-36,27,0,0,0,0,0,0,18,43,21,38,23,37,20,39,21,36,17,38,18,34,17,37,16,33,16,35,14,32,14,30,16,32,15,29,16,30,15,29,15,28,15,26,13,27,15,24,18,23,16,26,16,22,13,25,15,22,15,22,13,21,16,21,14,21,16,19,14,19,15,22,14,20,13,20,12,20,14,21,12,20,11,19,11,19,9,18,9,17,9,18,9,18,9,17,5,17,7,15,6,15,6,15,5,15,4,14,4,14,2,13,0,12,2,12,0,14,0,13,0,12,0,0,0,0,0,0,0,0,0,0]"""
1782212765705,2026-06-23T20:06:05.705,danger,fall,lmh,bed_stand_to_lie_fall,t018,"CSI_DATA,812899,1a:00:00:00:00:00,-50,11,-98,17,32,11,217531559,47,2,256,0,""[0,0,0,0,0,0,0,0,0,0,0,0,18,13,16,18,15,20,13,22,11,24,8,26,10,26,5,29,6,32,3,34,1,34,0,34,-1,35,-5,37,-8,38,-9,36,-10,38,-13,37,-14,34,-21,36,-21,36,-22,34,-24,33,-25,32,-27,30,-25,30,-28,26,-30,28,-31,26,-28,26,-29,22,-33,25,-32,22,-31,22,-31,24,-32,23,-33,21,-31,22,-34,19,-32,20,-34,20,-32,21,-34,20,-34,22,-34,17,-33,18,-36,18,-34,17,-36,17,-41,16,-40,15,-41,14,-43,12,-42,12,-41,11,-42,12,-44,10,0,0,0,0,0,0,0,44,0,43,0,43,-1,40,0,39,-5,36,-3,38,-6,39,-7,34,-8,34,-6,32,-7,31,-6,31,-8,31,-8,29,-6,28,-7,31,-7,29,-9,27,-6,27,-4,27,-9,25,-7,24,-8,24,-9,22,-8,23,-8,21,-5,23,-10,23,-5,21,-8,19,-8,21,-10,19,-9,20,-10,18,-11,18,-11,16,-11,17,-11,16,-11,14,-11,14,-12,13,-12,14,-13,12,-12,10,-11,11,-10,8,-12,8,-12,8,-11,5,-11,5,-11,4,-10,3,-12,1,-10,2,-9,0,-9,1,0,0,0,0,0,0,0,0,0,0]"""
1782212765718,2026-06-23T20:06:05.718,danger,fall,lmh,bed_stand_to_lie_fall,t018,"CSI_DATA,812900,1a:00:00:00:00:00,-51,11,-98,15,33,11,217542317,47,2,256,0,""[0,0,0,0,0,0,0,0,0,0,0,0,-22,0,-22,-4,-22,-5,-25,-8,-25,-10,-24,-13,-24,-12,-22,-14,-24,-18,-25,-20,-26,-21,-25,-20,-27,-22,-25,-24,-22,-29,-22,-29,-22,-28,-22,-33,-20,-31,-17,-33,-16,-34,-17,-33,-16,-34,-17,-33,-16,-36,-16,-33,-14,-35,-13,-35,-12,-36,-14,-34,-12,-33,-15,-35,-14,-35,-13,-33,-14,-33,-14,-33,-14,-33,-16,-33,-16,-32,-19,-32,-17,-33,-19,-31,-16,-33,-21,-33,-17,-32,-18,-32,-18,-33,-18,-33,-19,-33,-22,-35,-22,-35,-21,-33,-20,-37,-19,-37,-22,-36,-21,-36,-19,-38,0,0,0,0,0,0,-38,16,-40,15,-34,18,-35,14,-33,15,-33,11,-33,14,-34,14,-32,13,-31,11,-30,11,-28,11,-27,12,-28,11,-27,11,-23,12,-24,13,-22,12,-23,11,-22,12,-22,13,-22,12,-19,11,-21,11,-20,11,-19,11,-18,12,-17,13,-19,12,-16,14,-16,11,-16,11,-17,12,-15,12,-13,11,-16,11,-16,11,-15,11,-16,11,-14,11,-14,11,-12,9,-13,9,-13,9,-14,8,-11,8,-12,6,-11,8,-11,4,-10,5,-11,3,-11,4,-11,4,-11,2,-10,3,-8,1,-8,1,0,0,0,0,0,0,0,0,0,0]"""
1782212765730,2026-06-23T20:06:05.730,danger,fall,lmh,bed_stand_to_lie_fall,t018,"CSI_DATA,812901,1a:00:00:00:00:00,-50,11,-98,19,31,11,217554862,47,2,256,0,""[0,0,0,0,0,0,0,0,0,0,0,0,-20,12,-21,8,-23,9,-26,6,-27,5,-29,5,-30,3,-30,-1,-33,0,-33,-3,-34,-4,-33,-5,-37,-6,-38,-8,-38,-11,-36,-14,-39,-13,-36,-17,-34,-17,-37,-17,-36,-18,-38,-22,-36,-22,-34,-20,-37,-27,-33,-23,-33,-24,-33,-25,-32,-25,-31,-25,-30,-26,-33,-26,-31,-24,-32,-25,-33,-24,-31,-24,-31,-24,-33,-21,-33,-23,-36,-22,-34,-23,-34,-19,-33,-23,-37,-21,-33,-21,-33,-19,-34,-23,-33,-19,-37,-21,-38,-24,-38,-24,-36,-26,-39,-29,-37,-26,-40,-27,-41,-26,-40,-28,0,0,0,0,0,0,-32,36,-33,34,-28,33,-29,31,-29,30,-28,27,-27,29,-28,30,-27,24,-25,25,-25,26,-23,25,-23,25,-23,26,-23,22,-20,23,-20,23,-20,24,-20,21,-18,23,-16,21,-18,21,-15,20,-17,21,-17,20,-14,21,-13,19,-14,21,-15,19,-12,19,-14,18,-15,20,-15,19,-12,19,-12,16,-13,18,-12,18,-12,17,-13,17,-13,14,-9,14,-11,14,-13,15,-12,13,-12,12,-10,12,-11,10,-11,11,-9,10,-11,9,-9,7,-10,8,-10,6,-10,7,-10,4,-9,4,-9,3,0,0,0,0,0,0,0,0,0,0]"""
1782212765742,2026-06-23T20:06:05.742,danger,fall,lmh,bed_stand_to_lie_fall,t018,"CSI_DATA,812902,1a:00:00:00:00:00,-50,11,-98,14,32,11,217564316,47,2,256,0,""[0,0,0,0,0,0,0,0,0,0,0,0,-16,14,-19,13,-23,12,-25,11,-27,9,-27,8,-29,6,-30,3,-32,2,-33,0,-36,-4,-34,-5,-37,-6,-37,-6,-37,-14,-36,-14,-37,-14,-37,-20,-36,-21,-29,-25,-29,-29,-32,-26,-29,-28,-30,-28,-29,-31,-27,-30,-24,-33,-25,-34,-23,-33,-23,-33,-21,-34,-23,-36,-20,-34,-20,-33,-22,-34,-20,-34,-16,-33,-20,-36,-18,-34,-20,-36,-19,-37,-19,-34,-16,-37,-20,-40,-14,-39,-14,-38,-15,-41,-13,-40,-13,-39,-12,-44,-13,-43,-11,-44,-7,-46,-5,-48,-7,-47,-8,-46,-4,-46,0,0,0,0,0,0,-47,-3,-47,-3,-45,-3,-43,-7,-43,-6,-39,-10,-41,-8,-39,-10,-37,-8,-36,-11,-33,-10,-32,-11,-33,-9,-32,-10,-31,-12,-30,-10,-31,-10,-27,-11,-26,-12,-26,-11,-26,-9,-28,-12,-25,-10,-23,-9,-23,-11,-23,-11,-22,-12,-23,-10,-24,-11,-22,-11,-21,-13,-20,-13,-22,-13,-19,-11,-18,-10,-19,-11,-16,-12,-18,-11,-18,-12,-12,-14,-13,-14,-14,-14,-12,-13,-13,-12,-10,-13,-10,-14,-9,-13,-10,-14,-7,-14,-6,-13,-6,-12,-6,-11,-4,-11,-2,-10,-4,-11,-2,-9,1,-10,0,0,0,0,0,0,0,0,0,0]"""
1782212765752,2026-06-23T20:06:05.752,danger,fall,lmh,bed_stand_to_lie_fall,t018,"CSI_DATA,812903,1a:00:00:00:00:00,-50,11,-98,20,31,11,217575316,47,2,256,0,""[0,0,0,0,0,0,0,0,0,0,0,0,-12,-21,-8,-22,-9,-23,-5,-24,-6,-27,-5,-27,0,-29,0,-29,-2,-33,2,-32,2,-33,3,-34,2,-36,6,-36,11,-37,7,-35,8,-38,11,-37,10,-34,13,-38,14,-39,14,-38,17,-38,15,-36,16,-39,15,-36,17,-35,18,-39,17,-34,13,-35,16,-34,16,-37,16,-34,14,-33,15,-36,14,-39,12,-35,11,-37,11,-39,10,-39,11,-36,8,-39,9,-38,7,-41,9,-39,8,-39,8,-40,8,-40,8,-42,10,-45,6,-43,4,-44,9,-45,10,-44,6,-46,4,-49,6,-47,0,0,0,0,0,0,-48,-14,-45,-12,-42,-8,-42,-13,-38,-8,-39,-11,-39,-7,-40,-9,-39,-9,-35,-8,-36,-7,-34,-8,-36,-6,-34,-6,-31,-5,-31,-3,-33,-2,-31,-2,-30,-4,-30,-1,-31,2,-30,-2,-26,2,-27,-1,-26,-2,-26,2,-26,3,-25,4,-27,4,-24,5,-25,2,-26,3,-23,3,-23,6,-23,4,-24,6,-23,4,-22,5,-22,5,-22,0,-22,3,-21,2,-21,2,-20,3,-21,2,-20,2,-18,1,-19,2,-19,0,-15,-2,-16,-1,-14,0,-14,-1,-13,-1,-15,-3,-12,-2,-13,-5,0,0,0,0,0,0,0,0,0,0]"""
1782212765764,2026-06-23T20:06:05.764,danger,fall,lmh,bed_stand_to_lie_fall,t018,"CSI_DATA,812904,1a:00:00:00:00:00,-50,11,-98,16,32,11,217586316,47,2,256,0,""[0,0,0,0,0,0,0,0,0,0,0,0,-21,6,-22,1,-23,0,-25,-3,-26,-4,-28,-7,-27,-9,-27,-12,-29,-13,-27,-14,-27,-18,-28,-21,-27,-23,-27,-22,-23,-27,-26,-27,-24,-28,-22,-31,-21,-32,-16,-33,-12,-36,-16,-34,-13,-37,-13,-34,-12,-37,-10,-37,-7,-36,-6,-38,-7,-37,-8,-37,-5,-37,-6,-39,-3,-37,-4,-36,-5,-37,-4,-38,-2,-36,-5,-38,-3,-38,-7,-37,-2,-37,-6,-36,-5,-39,-4,-39,-2,-40,-1,-38,0,-39,-1,-40,1,-39,0,-45,1,-41,4,-43,6,-44,8,-44,5,-46,7,-45,8,-42,0,0,0,0,0,0,-41,-18,-40,-17,-41,-13,-38,-17,-36,-15,-34,-20,-33,-15,-36,-19,-30,-18,-29,-19,-30,-18,-26,-15,-29,-18,-28,-18,-26,-18,-26,-19,-27,-16,-24,-16,-23,-18,-22,-13,-23,-15,-24,-16,-21,-14,-19,-14,-19,-16,-21,-14,-21,-15,-22,-11,-19,-16,-20,-14,-17,-14,-19,-16,-16,-15,-18,-13,-17,-15,-17,-17,-15,-15,-14,-17,-15,-17,-13,-16,-13,-15,-11,-15,-10,-18,-12,-15,-10,-17,-10,-16,-8,-18,-8,-15,-5,-15,-4,-15,-4,-15,-2,-16,-3,-13,-3,-15,0,-12,1,-12,3,-11,0,0,0,0,0,0,0,0,0,0]"""
1782212765775,2026-06-23T20:06:05.775,danger,fall,lmh,bed_stand_to_lie_fall,t018,"CSI_DATA,812905,1a:00:00:00:00:00,-51,11,-98,18,32,11,217597316,47,2,256,0,""[0,0,0,0,0,0,0,0,0,0,0,0,-22,-7,-21,-10,-21,-11,-22,-15,-20,-16,-19,-20,-19,-22,-16,-22,-18,-23,-16,-27,-13,-31,-14,-31,-13,-32,-10,-31,-6,-36,-4,-34,-7,-38,-3,-40,-2,-34,3,-40,4,-41,3,-37,6,-38,7,-38,7,-39,7,-36,13,-34,13,-37,12,-35,11,-36,14,-33,14,-35,15,-33,15,-33,16,-34,14,-34,16,-32,14,-34,14,-34,13,-34,17,-33,14,-35,16,-34,16,-36,18,-33,16,-33,18,-33,16,-33,19,-35,21,-35,22,-36,24,-37,25,-34,26,-33,27,-35,29,-33,27,-33,0,0,0,0,0,0,-28,-34,-27,-33,-26,-31,-23,-31,-23,-30,-19,-31,-20,-30,-17,-33,-17,-29,-16,-31,-16,-27,-14,-27,-17,-27,-13,-27,-15,-26,-14,-23,-12,-26,-14,-24,-10,-25,-12,-22,-13,-22,-11,-23,-12,-20,-10,-21,-9,-21,-10,-20,-11,-20,-10,-20,-9,-19,-9,-19,-9,-18,-8,-19,-6,-19,-8,-17,-6,-17,-6,-18,-7,-17,-5,-18,-5,-17,-5,-19,-4,-16,-4,-16,-2,-16,-2,-15,-1,-14,0,-14,0,-16,-1,-14,1,-13,0,-13,0,-13,0,-11,1,-12,1,-12,5,-9,4,-9,6,-9,0,0,0,0,0,0,0,0,0,0]"""
1782212765785,2026-06-23T20:06:05.785,danger,fall,lmh,bed_stand_to_lie_fall,t018,"CSI_DATA,812906,1a:00:00:00:00:00,-51,11,-98,17,32,11,217608316,47,2,256,0,""[0,0,0,0,0,0,0,0,0,0,0,0,-18,-13,-18,-15,-18,-17,-16,-20,-16,-24,-14,-25,-14,-26,-9,-28,-10,-30,-7,-31,-8,-33,-6,-33,-5,-34,-2,-34,0,-35,1,-38,0,-38,5,-37,8,-37,7,-34,12,-33,12,-38,14,-35,14,-36,17,-37,16,-34,17,-34,19,-33,20,-31,19,-32,21,-32,22,-33,22,-31,22,-31,23,-31,22,-30,21,-30,20,-31,22,-32,22,-31,24,-29,20,-31,23,-31,23,-32,24,-31,23,-31,24,-30,25,-31,27,-30,27,-31,28,-33,28,-31,30,-31,34,-28,30,-32,32,-31,34,-29,0,0,0,0,0,0,-23,-36,-20,-36,-22,-35,-20,-35,-19,-34,-15,-34,-15,-33,-16,-34,-14,-32,-13,-33,-15,-31,-9,-29,-13,-30,-10,-28,-11,-31,-10,-25,-11,-26,-8,-25,-8,-26,-9,-25,-11,-25,-9,-24,-8,-22,-6,-22,-6,-21,-6,-21,-7,-22,-9,-21,-6,-22,-9,-21,-6,-19,-6,-19,-6,-20,-5,-19,-6,-19,-4,-20,-3,-19,-2,-19,-2,-18,-2,-18,-2,-17,-1,-17,-2,-18,-2,-14,0,-14,0,-15,0,-15,0,-14,2,-13,0,-13,2,-13,2,-11,0,-11,3,-10,2,-8,4,-8,4,-9,0,0,0,0,0,0,0,0,0,0]"""
1782212765794,2026-06-23T20:06:05.794,danger,fall,lmh,bed_stand_to_lie_fall,t018,"CSI_DATA,812907,1a:00:00:00:00:00,-50,11,-98,16,32,11,217620660,47,2,256,0,""[0,0,0,0,0,0,0,0,0,0,0,0,20,11,20,16,20,17,20,20,18,22,16,23,18,23,18,27,17,29,16,30,16,30,14,31,16,33,14,34,10,36,10,34,10,38,7,39,8,38,4,40,2,41,6,38,5,40,6,41,5,42,4,39,1,38,1,41,2,40,5,40,1,36,3,41,3,41,5,38,5,39,5,37,4,37,7,38,7,38,8,38,9,37,10,38,11,40,14,38,9,38,11,37,11,39,13,38,15,38,14,39,15,39,13,41,12,45,12,43,15,44,18,44,14,42,0,0,0,0,0,0,43,-11,41,-12,41,-14,38,-9,39,-12,39,-10,37,-9,41,-10,34,-9,35,-7,32,-11,31,-9,30,-11,31,-10,30,-11,27,-10,30,-13,26,-12,28,-12,24,-14,24,-14,24,-13,23,-15,23,-13,21,-13,20,-14,22,-12,20,-17,19,-15,19,-15,19,-13,21,-14,19,-15,19,-15,17,-13,20,-15,16,-14,17,-13,17,-14,17,-10,16,-11,16,-11,16,-10,15,-11,15,-10,13,-8,16,-9,13,-10,14,-7,11,-6,13,-6,12,-6,11,-6,14,-5,11,-1,10,-3,10,-1,0,0,0,0,0,0,0,0,0,0]"""
1782212765806,2026-06-23T20:06:05.806,danger,fall,lmh,bed_stand_to_lie_fall,t018,"CSI_DATA,812908,1a:00:00:00:00:00,-50,11,-98,17,32,11,217630316,47,2,256,0,""[0,0,0,0,0,0,0,0,0,0,0,0,18,-15,20,-14,21,-13,24,-13,25,-10,28,-9,26,-10,27,-6,31,-8,29,-6,34,-8,31,-6,35,-5,34,-5,37,0,35,-4,37,-4,39,0,38,0,34,2,35,3,38,0,37,2,39,1,41,1,37,0,37,2,40,2,36,2,38,0,34,0,39,0,36,0,36,0,38,0,35,-3,35,-4,36,-6,37,-5,35,-9,37,-7,34,-11,37,-11,36,-13,36,-11,36,-12,35,-14,34,-15,36,-15,38,-16,38,-16,37,-18,41,-18,40,-16,41,-21,39,-20,41,-17,0,0,0,0,0,0,-19,-43,-19,-36,-24,-36,-16,-35,-20,-35,-19,-34,-18,-32,-19,-33,-18,-29,-17,-31,-19,-30,-16,-27,-21,-27,-19,-25,-21,-26,-20,-23,-21,-22,-20,-24,-19,-22,-21,-19,-22,-17,-19,-20,-21,-16,-21,-16,-22,-16,-22,-18,-19,-15,-23,-13,-22,-14,-23,-11,-20,-11,-23,-13,-20,-11,-22,-11,-20,-10,-22,-11,-20,-11,-20,-8,-20,-10,-18,-10,-19,-8,-18,-9,-18,-9,-17,-8,-15,-9,-17,-8,-15,-9,-14,-9,-14,-8,-13,-8,-12,-10,-13,-8,-10,-7,-8,-9,-8,-9,-9,-7,-8,-8,0,0,0,0,0,0,0,0,0,0]"""
1782212765816,2026-06-23T20:06:05.816,danger,fall,lmh,bed_stand_to_lie_fall,t018,"CSI_DATA,812909,1a:00:00:00:00:00,-50,11,-98,19,32,11,217641316,47,2,256,0,""[0,0,0,0,0,0,0,0,0,0,0,0,21,-6,22,-4,23,-2,26,-1,24,0,25,1,26,0,27,1,30,1,31,6,32,4,33,4,33,6,33,7,33,11,33,11,33,10,33,13,30,13,36,11,35,11,32,16,31,14,33,13,34,15,33,11,31,16,33,13,33,13,33,13,31,11,33,13,33,11,33,10,34,8,33,6,32,7,33,5,33,7,34,3,36,3,36,0,37,2,36,-2,36,0,34,-2,37,-2,36,-4,37,-1,39,-3,39,-5,39,-6,42,-5,39,-3,41,-9,43,-6,44,-8,0,0,0,0,0,0,-5,-42,-8,-43,-8,-39,-8,-38,-9,-38,-7,-35,-8,-34,-9,-36,-8,-34,-7,-33,-10,-30,-9,-31,-11,-30,-9,-30,-12,-28,-12,-27,-14,-27,-12,-26,-12,-26,-12,-24,-16,-22,-15,-22,-15,-21,-15,-22,-15,-22,-17,-20,-16,-19,-18,-16,-18,-21,-18,-16,-18,-15,-19,-16,-17,-18,-17,-16,-16,-15,-19,-16,-16,-17,-17,-14,-18,-16,-17,-13,-16,-11,-16,-13,-15,-15,-14,-14,-14,-13,-15,-12,-13,-13,-12,-13,-11,-11,-11,-12,-11,-11,-9,-12,-9,-10,-8,-13,-7,-9,-6,-11,-5,-11,0,0,0,0,0,0,0,0,0,0]"""
1782212765830,2026-06-23T20:06:05.830,danger,fall,lmh,bed_stand_to_lie_fall,t018,"CSI_DATA,812910,1a:00:00:00:00:00,-51,11,-98,23,32,11,217656204,47,2,256,0,""[0,0,0,0,0,0,0,0,0,0,0,0,-8,17,-9,17,-9,18,-14,17,-13,19,-18,17,-17,17,-17,15,-18,19,-18,18,-21,19,-21,19,-22,21,-22,19,-24,15,-25,18,-24,18,-27,17,-27,17,-27,15,-27,10,-26,18,-29,17,-27,17,-29,18,-28,18,-28,16,-29,16,-28,17,-26,18,-25,15,-26,22,-24,20,-23,20,-24,22,-22,23,-21,21,-20,26,-19,25,-17,26,-18,25,-16,26,-17,26,-16,29,-16,27,-13,29,-14,30,-13,31,-12,29,-12,33,-12,34,-12,35,-13,34,-13,35,-10,38,-10,36,-10,39,0,0,0,0,0,0,37,11,38,9,35,6,33,7,35,8,32,8,33,4,34,4,31,4,31,4,29,3,28,2,31,0,27,0,27,0,27,-3,29,-5,26,-4,23,-3,25,-5,22,-6,22,-6,21,-8,22,-6,22,-5,22,-6,22,-9,20,-11,21,-11,18,-12,18,-11,19,-11,17,-8,17,-12,17,-11,18,-11,16,-11,14,-11,15,-12,14,-11,13,-9,13,-12,13,-9,11,-11,12,-9,11,-9,13,-6,12,-10,13,-8,12,-7,8,-6,9,-6,9,-5,11,-7,8,-4,11,-3,8,-1,0,0,0,0,0,0,0,0,0,0]"""
1782212765839,2026-06-23T20:06:05.839,danger,fall,lmh,bed_stand_to_lie_fall,t018,"CSI_DATA,812911,1a:00:00:00:00:00,-52,11,-98,19,33,11,217663316,47,2,256,0,""[0,0,0,0,0,0,0,0,0,0,0,0,19,2,20,3,20,4,22,6,22,6,21,8,22,9,22,12,24,12,24,13,24,13,25,13,27,14,26,16,25,18,26,18,27,19,26,20,23,20,26,22,25,21,26,22,25,22,25,20,26,22,25,20,23,22,24,22,23,22,26,18,24,18,26,20,26,19,24,17,28,17,26,15,26,13,29,12,28,13,29,11,28,12,31,8,31,10,32,8,31,8,30,7,31,7,32,5,32,6,35,7,34,4,34,3,35,3,35,5,36,1,38,1,35,1,0,0,0,0,0,0,2,-36,3,-35,0,-35,2,-32,0,-33,0,-31,0,-32,0,-33,0,-30,0,-28,-2,-28,0,-27,-4,-26,-3,-26,-4,-24,-6,-22,-7,-25,-7,-22,-5,-23,-8,-19,-9,-22,-8,-20,-10,-17,-9,-18,-8,-20,-9,-18,-11,-17,-13,-15,-12,-17,-13,-14,-10,-13,-12,-15,-12,-14,-12,-13,-12,-12,-11,-14,-11,-13,-11,-12,-12,-13,-11,-11,-12,-11,-11,-11,-9,-11,-9,-9,-8,-9,-10,-9,-8,-8,-9,-8,-8,-7,-7,-8,-6,-8,-6,-6,-5,-7,-5,-7,-5,-8,-7,-7,-4,-6,0,0,0,0,0,0,0,0,0,0]"""
1782212765850,2026-06-23T20:06:05.850,danger,fall,lmh,bed_stand_to_lie_fall,t018,"CSI_DATA,812912,1a:00:00:00:00:00,-51,11,-98,20,32,11,217674316,47,2,256,0,""[0,0,0,0,0,0,0,0,0,0,0,0,18,12,16,13,18,16,18,17,17,21,17,21,15,21,16,23,16,25,17,27,17,28,17,29,17,28,17,31,13,31,15,32,16,32,14,35,14,33,11,34,9,38,13,34,13,36,14,35,14,36,16,32,10,35,12,34,13,37,15,34,12,33,15,32,17,34,16,32,17,32,18,32,18,28,22,28,22,27,23,27,22,28,24,27,23,27,25,25,24,23,28,24,27,24,29,22,28,24,32,24,33,24,30,22,32,24,31,24,32,24,33,22,34,22,0,0,0,0,0,0,21,-33,22,-34,17,-35,21,-30,17,-32,16,-30,16,-32,17,-30,15,-27,14,-28,12,-27,12,-26,9,-27,10,-29,8,-25,6,-24,5,-30,5,-25,5,-24,6,-24,1,-23,2,-23,2,-22,2,-23,1,-23,0,-21,0,-22,-3,-21,-2,-21,-3,-20,-2,-17,-2,-19,-2,-21,-5,-18,-4,-16,-4,-17,-5,-18,-4,-15,-3,-15,-4,-14,-3,-14,-5,-12,-3,-15,-3,-13,-2,-14,-2,-11,-2,-10,-3,-11,-3,-10,-3,-10,-1,-9,-2,-8,-2,-9,-3,-10,0,-8,0,-7,0,-8,0,0,0,0,0,0,0,0,0,0]"""
1782212765859,2026-06-23T20:06:05.859,danger,fall,lmh,bed_stand_to_lie_fall,t018,"CSI_DATA,812913,1a:00:00:00:00:00,-51,11,-98,14,33,11,217685316,47,2,256,0,""[0,0,0,0,0,0,0,0,0,0,0,0,15,14,14,16,16,17,15,19,14,19,13,22,14,24,12,24,14,26,12,26,12,30,13,29,15,31,12,31,9,33,10,33,13,34,9,35,8,34,10,33,7,34,10,36,6,34,9,37,9,38,10,33,6,34,7,37,8,34,11,34,8,33,13,36,12,33,13,33,14,33,15,32,15,29,17,30,17,31,19,29,18,30,21,27,21,29,23,28,24,28,24,26,24,28,25,26,28,25,29,27,31,26,30,24,31,29,30,26,33,26,34,25,33,24,0,0,0,0,0,0,27,-33,25,-31,22,-33,22,-30,19,-29,20,-28,18,-30,20,-31,18,-28,17,-28,15,-27,14,-26,13,-28,12,-26,13,-27,8,-24,9,-26,7,-25,9,-25,5,-23,2,-25,5,-23,2,-23,4,-23,3,-23,1,-23,1,-20,0,-22,0,-21,0,-20,0,-19,0,-21,0,-19,-2,-19,-2,-17,0,-20,-1,-18,-2,-17,0,-17,0,-16,0,-15,-1,-14,-2,-16,-2,-15,-1,-14,-1,-12,-1,-12,-1,-12,0,-10,-1,-9,-1,-10,0,-9,-1,-8,0,-8,0,-7,0,-6,0,-6,0,0,0,0,0,0,0,0,0,0]"""
1782212765869,2026-06-23T20:06:05.869,danger,fall,lmh,bed_stand_to_lie_fall,t018,"CSI_DATA,812914,1a:00:00:00:00:00,-51,11,-98,20,32,11,217696316,47,2,256,0,""[0,0,0,0,0,0,0,0,0,0,0,0,14,14,12,16,12,16,12,20,11,20,12,22,9,23,8,24,11,25,8,25,10,28,9,29,10,29,10,30,8,32,6,30,8,33,8,33,5,32,7,36,8,34,4,34,6,31,6,34,7,35,6,32,5,33,7,36,7,34,8,36,8,32,11,34,9,32,11,32,12,33,13,32,13,30,17,30,16,30,20,28,17,29,22,27,21,30,24,28,22,28,22,25,23,27,24,27,29,26,28,29,31,28,26,27,29,30,27,27,32,27,33,25,32,26,0,0,0,0,0,0,25,-31,26,-30,24,-34,24,-30,22,-32,23,-28,21,-30,22,-32,18,-29,19,-29,17,-27,16,-27,15,-29,13,-28,12,-29,8,-27,8,-29,7,-28,8,-25,5,-27,4,-28,7,-24,2,-24,4,-26,3,-24,4,-23,3,-22,0,-25,0,-24,-1,-22,0,-21,0,-23,-1,-22,-3,-20,0,-21,0,-22,-1,-23,-3,-19,-2,-20,0,-16,-2,-17,-2,-18,0,-16,-3,-16,0,-15,0,-14,-1,-15,-2,-12,0,-12,-1,-11,0,-11,0,-9,0,-12,0,-10,0,-9,0,-8,0,-8,0,0,0,0,0,0,0,0,0,0]"""
1782212765880,2026-06-23T20:06:05.880,danger,fall,lmh,bed_stand_to_lie_fall,t018,"CSI_DATA,812915,1a:00:00:00:00:00,-51,11,-98,19,33,11,217707315,47,2,256,0,""[0,0,0,0,0,0,0,0,0,0,0,0,6,16,5,16,4,18,4,19,3,21,0,21,1,22,0,22,0,23,0,26,0,25,-2,26,0,27,-1,27,-4,26,-6,28,-2,28,-5,31,-5,30,-7,27,-8,31,-5,30,-7,31,-4,31,-7,30,-4,29,-7,28,-5,31,-6,31,-3,29,-4,27,-3,31,-1,31,-3,29,0,31,0,29,1,27,4,29,4,30,6,30,5,30,7,29,6,31,10,31,8,29,11,29,11,30,13,28,13,29,16,32,16,31,16,28,16,31,17,33,21,31,19,31,21,31,0,0,0,0,0,0,31,-19,32,-19,27,-22,27,-19,25,-20,26,-19,24,-22,25,-21,22,-21,22,-19,22,-20,20,-18,20,-21,17,-21,17,-22,16,-21,15,-22,13,-22,13,-21,13,-22,10,-22,12,-21,8,-21,8,-20,9,-22,8,-21,7,-22,5,-22,5,-22,4,-22,4,-20,4,-21,4,-22,2,-21,2,-19,4,-21,3,-21,3,-18,2,-20,3,-17,2,-17,1,-17,1,-18,1,-17,2,-15,0,-15,2,-13,1,-13,2,-11,2,-11,2,-12,2,-10,3,-10,1,-10,4,-10,4,-9,3,-8,0,0,0,0,0,0,0,0,0,0]"""
1782212765891,2026-06-23T20:06:05.891,danger,fall,lmh,bed_stand_to_lie_fall,t018,"CSI_DATA,812916,1a:00:00:00:00:00,-51,11,-98,16,34,11,217718315,47,2,256,0,""[0,0,0,0,0,0,0,0,0,0,0,0,5,14,4,16,4,16,3,19,3,18,0,20,0,20,0,20,1,22,0,23,-1,23,0,24,-1,26,-1,25,-5,27,-4,26,-3,29,-5,27,-4,27,-4,28,-4,27,-5,28,-5,27,-4,28,-5,30,-2,28,-6,28,-4,30,-2,27,-2,27,-2,26,-1,30,0,27,0,27,1,27,2,26,2,27,4,27,6,28,7,28,7,27,10,25,10,28,10,29,9,27,11,27,11,28,14,26,14,28,15,27,17,27,17,28,17,29,15,29,20,28,20,28,22,27,0,0,0,0,0,0,30,-20,27,-20,27,-23,26,-19,23,-21,24,-21,22,-20,23,-22,21,-19,20,-21,19,-19,17,-19,17,-23,15,-21,15,-21,13,-21,12,-24,12,-23,13,-22,10,-21,8,-23,10,-20,7,-21,7,-20,7,-23,5,-23,5,-20,3,-22,4,-23,2,-20,3,-21,2,-20,1,-19,0,-20,1,-19,1,-21,0,-19,0,-19,0,-20,0,-18,1,-16,0,-15,0,-17,0,-16,1,-17,0,-15,1,-14,1,-14,0,-13,2,-12,1,-11,1,-10,2,-10,3,-10,1,-9,2,-7,3,-9,0,0,0,0,0,0,0,0,0,0]"""
1782212765903,2026-06-23T20:06:05.903,danger,fall,lmh,bed_stand_to_lie_fall,t018,"CSI_DATA,812917,1a:00:00:00:00:00,-52,11,-98,19,34,11,217729522,47,2,256,0,""[0,0,0,0,0,0,0,0,0,0,0,0,-15,-4,-14,-6,-16,-8,-15,-9,-15,-10,-14,-12,-13,-13,-13,-14,-15,-16,-14,-17,-14,-18,-13,-18,-14,-19,-14,-21,-10,-23,-11,-24,-13,-22,-10,-26,-10,-24,-8,-26,-8,-26,-8,-26,-6,-26,-8,-26,-7,-27,-7,-26,-4,-26,-5,-26,-5,-28,-6,-27,-3,-24,-5,-27,-6,-26,-6,-26,-7,-26,-7,-26,-6,-26,-7,-24,-8,-26,-9,-26,-8,-25,-10,-26,-8,-26,-12,-26,-9,-25,-11,-24,-10,-26,-12,-26,-12,-28,-12,-28,-12,-28,-13,-29,-11,-31,-9,-30,-13,-30,-13,-29,-13,-30,0,0,0,0,0,0,-32,9,-32,9,-29,10,-29,7,-30,10,-26,7,-28,9,-27,9,-26,8,-26,5,-24,8,-24,6,-26,6,-24,8,-24,6,-22,8,-23,8,-22,8,-21,7,-22,8,-19,9,-20,8,-18,8,-18,8,-19,9,-18,8,-18,8,-17,9,-18,8,-16,9,-18,8,-18,8,-17,8,-16,8,-14,6,-16,7,-16,8,-15,7,-16,6,-15,5,-14,5,-14,5,-16,4,-14,5,-14,3,-13,2,-12,2,-13,2,-10,2,-10,0,-10,0,-9,0,-12,0,-10,0,-9,0,-8,0,-8,-2,0,0,0,0,0,0,0,0,0,0]"""
1782212765913,2026-06-23T20:06:05.913,danger,fall,lmh,bed_stand_to_lie_fall,t018,"CSI_DATA,812918,1a:00:00:00:00:00,-54,11,-98,20,35,11,217740315,47,2,256,0,""[0,0,0,0,0,0,0,0,0,0,0,0,15,1,15,2,17,3,17,5,16,6,17,8,17,8,17,10,18,11,17,13,17,13,17,13,18,15,18,16,16,18,16,18,15,19,15,21,14,20,11,22,10,23,13,22,10,23,13,23,12,25,11,22,10,23,10,24,10,23,12,22,9,22,10,23,10,22,9,22,11,23,11,22,11,20,12,21,11,21,15,21,12,22,13,20,13,21,15,22,13,22,14,21,13,23,13,21,15,22,17,23,17,22,17,22,15,25,14,25,16,24,17,25,15,23,0,0,0,0,0,0,26,-13,26,-13,23,-13,25,-10,23,-11,22,-10,23,-11,23,-11,22,-10,22,-8,19,-9,20,-8,19,-10,20,-10,18,-10,17,-10,18,-10,17,-10,17,-9,16,-9,13,-11,15,-8,13,-10,14,-10,15,-9,14,-9,13,-8,12,-10,12,-8,11,-10,13,-8,11,-8,12,-10,11,-10,10,-8,13,-9,11,-8,11,-6,11,-7,10,-5,9,-6,10,-6,9,-5,8,-6,9,-5,8,-4,8,-3,9,-4,9,-3,8,-2,8,-2,7,-1,6,-1,8,0,6,-1,6,-1,6,0,0,0,0,0,0,0,0,0,0,0]"""
1782212765922,2026-06-23T20:06:05.922,danger,fall,lmh,bed_stand_to_lie_fall,t018,"CSI_DATA,812919,1a:00:00:00:00:00,-57,11,-98,14,39,11,217751315,47,2,256,0,""[0,0,0,0,0,0,0,0,0,0,0,0,10,-6,12,-4,12,-3,14,-2,14,-1,15,0,15,1,15,2,17,2,16,4,16,5,16,6,17,7,17,8,16,10,15,11,16,12,14,13,13,14,12,15,12,16,12,16,10,16,11,16,10,18,9,16,8,18,8,19,7,17,7,17,5,17,6,18,6,18,5,17,6,18,5,18,5,17,5,17,5,18,6,17,4,18,6,17,4,18,4,18,4,18,4,18,3,19,3,19,4,19,3,20,3,20,3,21,1,23,0,20,1,22,0,21,0,21,0,0,0,0,0,0,21,4,20,4,20,3,18,5,19,5,18,6,17,5,18,6,16,6,16,7,15,6,13,6,15,6,14,6,13,7,13,6,14,6,12,6,12,7,12,6,12,5,11,6,11,5,10,5,10,6,10,6,10,6,9,5,9,6,9,5,9,6,9,6,8,6,8,6,7,6,8,6,7,7,7,6,6,6,6,7,5,6,5,7,4,7,4,6,4,6,3,6,3,6,3,5,2,6,1,6,1,6,1,5,1,5,1,5,0,4,0,5,0,4,0,0,0,0,0,0,0,0,0,0]"""
1782212765932,2026-06-23T20:06:05.932,danger,fall,lmh,bed_stand_to_lie_fall,t018,"CSI_DATA,812920,1a:00:00:00:00:00,-57,11,-98,14,39,11,217762315,47,2,256,0,""[0,0,0,0,0,0,0,0,0,0,0,0,11,-3,12,-2,13,-1,15,0,14,0,15,1,15,3,15,4,17,5,15,6,16,8,15,8,16,10,16,10,14,12,14,13,15,13,13,15,12,16,11,16,9,17,10,17,8,17,9,18,8,18,8,17,6,18,6,19,5,17,5,18,4,17,5,19,5,18,3,17,4,17,4,17,3,17,4,17,3,18,4,17,3,18,4,17,4,18,4,18,3,19,3,18,3,19,2,18,3,18,2,19,2,20,2,19,0,21,0,21,1,21,0,21,0,21,0,0,0,0,0,0,21,3,19,4,20,3,19,5,17,4,17,5,17,4,17,6,16,4,16,6,15,6,14,5,14,5,13,5,13,6,13,5,13,5,12,5,12,6,11,4,12,4,11,5,11,4,11,5,10,5,10,4,10,5,11,4,10,5,9,4,9,5,9,5,8,5,9,4,8,5,9,6,8,5,7,5,7,5,7,6,6,5,6,6,5,6,6,5,5,6,5,5,4,6,4,6,3,6,3,6,2,6,2,5,2,5,2,5,0,5,0,5,0,5,0,0,0,0,0,0,0,0,0,0]"""
1782212765945,2026-06-23T20:06:05.945,danger,fall,lmh,bed_stand_to_lie_fall,t018,"CSI_DATA,812921,1a:00:00:00:00:00,-55,11,-98,20,35,11,217773315,47,2,256,0,""[0,0,0,0,0,0,0,0,0,0,0,0,14,10,12,11,12,15,11,15,11,17,11,17,10,17,9,20,10,20,10,22,8,22,8,23,9,24,6,27,5,25,5,27,5,27,3,27,1,25,3,28,3,27,1,28,1,27,1,27,0,29,1,27,-1,25,0,27,-1,27,0,25,0,23,0,25,0,25,1,24,2,26,1,25,1,24,2,24,3,24,5,25,3,24,5,24,4,23,7,25,4,22,7,23,6,25,8,23,6,24,7,25,8,25,7,26,7,25,6,25,8,25,9,25,10,25,0,0,0,0,0,0,25,-6,26,-6,23,-8,23,-6,23,-7,20,-5,22,-6,22,-6,20,-7,18,-5,18,-6,17,-8,18,-6,18,-8,15,-7,15,-7,15,-9,15,-7,13,-6,14,-8,12,-9,13,-8,10,-8,10,-8,11,-9,12,-8,11,-8,10,-9,11,-9,9,-10,9,-8,8,-10,9,-9,9,-8,8,-8,8,-8,7,-8,8,-8,8,-9,6,-8,6,-6,7,-7,7,-8,6,-8,6,-6,5,-6,6,-5,6,-6,5,-4,6,-5,5,-5,6,-5,5,-4,6,-4,5,-2,4,-2,6,-1,0,0,0,0,0,0,0,0,0,0]"""
1782212765962,2026-06-23T20:06:05.962,danger,fall,lmh,bed_stand_to_lie_fall,t018,"CSI_DATA,812922,1a:00:00:00:00:00,-54,11,-98,15,35,11,217787305,47,2,256,0,""[0,0,0,0,0,0,0,0,0,0,0,0,-20,0,-20,0,-21,-2,-21,-5,-22,-7,-21,-8,-21,-9,-22,-11,-24,-12,-23,-14,-23,-15,-22,-16,-24,-17,-23,-18,-20,-21,-22,-22,-22,-21,-21,-25,-19,-24,-17,-25,-17,-28,-18,-26,-16,-28,-16,-27,-15,-28,-15,-27,-13,-28,-13,-27,-13,-29,-13,-27,-13,-27,-13,-27,-15,-26,-13,-26,-14,-26,-14,-25,-12,-24,-13,-26,-13,-24,-16,-24,-16,-24,-16,-24,-15,-24,-16,-25,-14,-21,-18,-23,-16,-24,-17,-23,-16,-24,-17,-25,-15,-25,-17,-25,-16,-26,-16,-26,-18,-25,-16,-26,-17,-25,0,0,0,0,0,0,-24,14,-26,14,-22,14,-24,13,-23,14,-21,11,-22,13,-21,10,-21,11,-19,9,-18,10,-17,9,-16,10,-18,10,-16,9,-15,10,-15,10,-13,10,-14,9,-13,10,-12,11,-13,10,-10,10,-11,10,-11,10,-10,10,-10,10,-10,10,-8,9,-8,10,-10,10,-8,10,-9,10,-7,10,-8,9,-9,10,-8,9,-8,9,-7,9,-6,8,-7,8,-6,7,-8,8,-7,8,-6,8,-4,7,-6,6,-7,6,-5,5,-5,5,-5,5,-5,5,-6,3,-5,3,-6,2,-5,3,-5,2,0,0,0,0,0,0,0,0,0,0]"""
1782212765970,2026-06-23T20:06:05.970,danger,fall,lmh,bed_stand_to_lie_fall,t018,"CSI_DATA,812923,1a:00:00:00:00:00,-53,11,-98,16,34,11,217795315,47,2,256,0,""[0,0,0,0,0,0,0,0,0,0,0,0,11,17,9,17,10,19,8,20,8,23,6,21,6,23,4,25,5,27,3,27,2,29,3,28,3,30,1,30,-1,30,-2,31,0,31,-3,33,-3,30,-3,33,-3,33,-7,34,-7,32,-5,32,-7,33,-5,30,-7,30,-7,31,-7,30,-6,31,-7,30,-5,31,-6,30,-6,29,-3,31,-3,30,-3,29,0,30,-3,30,0,30,0,30,1,30,0,30,3,32,1,30,3,30,3,30,3,30,3,30,4,31,5,31,4,30,3,33,3,33,7,33,5,32,6,30,0,0,0,0,0,0,31,-4,31,-5,28,-7,27,-4,28,-5,27,-4,27,-7,27,-5,24,-6,23,-4,22,-5,22,-6,22,-7,21,-7,20,-7,18,-7,19,-9,17,-8,18,-8,16,-9,15,-10,16,-11,13,-9,14,-9,13,-10,13,-10,12,-9,11,-11,12,-11,11,-11,10,-10,10,-11,11,-10,9,-11,8,-9,10,-11,9,-10,8,-10,9,-11,8,-9,8,-7,7,-7,8,-8,7,-8,7,-8,6,-8,7,-7,6,-8,6,-6,6,-6,6,-5,5,-5,6,-4,5,-5,6,-3,5,-3,5,-3,0,0,0,0,0,0,0,0,0,0]"""
1782212765981,2026-06-23T20:06:05.981,danger,fall,lmh,bed_stand_to_lie_fall,t018,"CSI_DATA,812924,1a:00:00:00:00:00,-52,11,-98,20,33,11,217806708,47,2,256,0,""[0,0,0,0,0,0,0,0,0,0,0,0,-17,-7,-17,-8,-17,-9,-19,-11,-18,-12,-17,-12,-18,-13,-17,-15,-20,-15,-18,-18,-19,-20,-19,-20,-21,-21,-19,-22,-19,-25,-21,-25,-19,-24,-18,-27,-19,-26,-18,-27,-17,-29,-19,-27,-16,-28,-18,-27,-17,-30,-18,-27,-15,-27,-18,-27,-19,-27,-20,-26,-17,-27,-20,-25,-19,-24,-19,-23,-21,-23,-21,-22,-20,-21,-22,-21,-23,-21,-24,-19,-24,-19,-26,-16,-27,-16,-27,-16,-26,-17,-28,-15,-27,-15,-29,-13,-30,-14,-31,-15,-31,-14,-32,-13,-33,-15,-33,-15,-33,-12,-34,-11,-33,-11,0,0,0,0,0,0,-12,34,-11,33,-8,31,-10,30,-7,30,-7,28,-4,29,-7,30,-6,28,-5,27,-3,26,-3,25,-2,26,-1,26,-1,25,0,23,1,25,1,22,0,23,3,23,5,22,5,23,4,20,4,20,3,19,5,20,6,19,7,18,6,19,9,17,7,17,8,18,7,17,10,16,8,15,8,17,9,15,9,15,9,13,8,12,8,14,8,13,8,14,8,12,7,13,7,10,7,11,6,12,6,11,6,10,5,9,6,9,5,8,5,10,2,9,3,8,2,9,0,0,0,0,0,0,0,0,0,0]"""
1782212765991,2026-06-23T20:06:05.991,danger,fall,lmh,bed_stand_to_lie_fall,t018,"CSI_DATA,812925,1a:00:00:00:00:00,-51,11,-98,17,33,11,217817315,47,2,256,0,""[0,0,0,0,0,0,0,0,0,0,0,0,6,17,3,19,4,20,3,22,1,21,0,23,0,23,0,24,-1,25,-1,28,-3,26,-4,26,-3,29,-5,29,-7,29,-9,31,-8,32,-10,31,-11,29,-12,29,-13,32,-11,32,-12,31,-10,32,-12,32,-11,30,-14,29,-12,31,-12,31,-11,31,-11,28,-10,32,-10,31,-9,28,-9,34,-7,31,-7,30,-5,32,-5,32,-2,32,-2,33,-1,32,-2,33,0,34,-1,32,0,33,0,34,3,33,2,35,2,38,4,37,3,36,3,38,3,38,6,37,5,40,4,38,0,0,0,0,0,0,39,-4,37,-4,34,-6,35,-4,34,-6,32,-4,32,-7,33,-6,32,-6,30,-6,27,-7,28,-6,28,-9,27,-8,24,-8,24,-10,25,-11,22,-11,23,-10,22,-12,20,-13,22,-12,18,-12,19,-12,19,-12,19,-12,19,-12,17,-14,19,-14,15,-15,15,-14,17,-13,14,-15,13,-14,12,-13,13,-14,13,-13,12,-15,13,-14,12,-12,11,-12,11,-12,12,-12,10,-12,10,-10,9,-11,10,-9,8,-10,8,-8,8,-7,7,-8,7,-8,7,-7,8,-7,6,-5,7,-5,8,-4,0,0,0,0,0,0,0,0,0,0]"""
1782212766005,2026-06-23T20:06:06.005,danger,fall,lmh,bed_stand_to_lie_fall,t018,"CSI_DATA,812926,1a:00:00:00:00:00,-51,11,-98,18,32,11,217830777,47,2,256,0,""[0,0,0,0,0,0,0,0,0,0,0,0,5,18,5,18,2,23,1,23,0,24,-1,25,-4,26,-8,25,-10,30,-11,28,-13,25,-13,24,-17,27,-20,26,-22,24,-23,23,-24,26,-28,22,-26,19,-32,16,-33,18,-34,15,-34,16,-34,13,-36,11,-33,13,-34,7,-38,8,-35,5,-36,5,-33,2,-37,2,-36,3,-37,2,-38,2,-35,2,-34,1,-36,0,-37,0,-37,0,-38,-1,-35,0,-35,-1,-38,0,-36,-4,-37,-5,-38,-6,-38,-6,-40,-9,-41,-9,-40,-9,-37,-11,-41,-15,-37,-18,-39,-13,-40,-17,-42,-16,0,0,0,0,0,0,-25,35,-27,33,-22,33,-26,28,-26,29,-25,26,-25,26,-27,26,-26,22,-26,20,-24,19,-25,17,-24,20,-23,18,-26,16,-23,17,-24,17,-22,18,-23,15,-21,14,-21,15,-22,14,-20,13,-22,12,-23,11,-23,11,-19,11,-20,12,-21,10,-19,10,-20,9,-19,8,-21,7,-19,8,-17,6,-20,5,-19,3,-18,3,-18,3,-16,1,-16,3,-18,1,-16,0,-17,0,-15,0,-16,0,-12,-1,-13,0,-12,-4,-11,-2,-11,-2,-9,-3,-10,-4,-8,-5,-9,-5,-8,-4,-6,-6,0,0,0,0,0,0,0,0,0,0]"""
1782212766016,2026-06-23T20:06:06.016,danger,fall,lmh,bed_stand_to_lie_fall,t018,"CSI_DATA,812927,1a:00:00:00:00:00,-50,11,-98,15,33,11,217840649,47,2,256,0,""[0,0,0,0,0,0,0,0,0,0,0,0,-12,13,-15,12,-17,12,-20,11,-21,10,-21,7,-22,8,-24,6,-27,6,-27,4,-29,2,-29,1,-31,1,-32,-1,-32,-4,-33,-6,-34,-6,-33,-9,-32,-11,-33,-11,-31,-13,-33,-14,-31,-16,-31,-16,-33,-20,-31,-17,-29,-22,-30,-22,-28,-22,-28,-21,-26,-22,-28,-22,-28,-22,-27,-22,-29,-22,-27,-22,-24,-22,-26,-22,-26,-23,-28,-22,-28,-23,-28,-22,-27,-24,-30,-24,-26,-24,-26,-23,-26,-24,-27,-23,-28,-27,-29,-30,-28,-29,-28,-29,-26,-32,-25,-32,-28,-33,-27,-32,-25,-33,0,0,0,0,0,0,-37,21,-36,20,-33,22,-33,18,-33,17,-33,13,-33,14,-33,13,-32,12,-32,11,-29,11,-29,11,-28,12,-28,11,-27,10,-25,10,-27,11,-25,11,-26,10,-23,10,-22,10,-25,8,-22,10,-22,10,-22,9,-22,9,-22,8,-22,11,-22,9,-20,9,-21,7,-21,7,-22,6,-21,7,-19,6,-22,5,-21,6,-18,5,-20,4,-19,3,-16,2,-17,2,-18,0,-17,1,-16,0,-13,0,-15,-1,-14,0,-12,-1,-11,-1,-12,-1,-11,-1,-11,-3,-11,-3,-10,-3,-8,-4,-8,-3,0,0,0,0,0,0,0,0,0,0]"""
1782212766032,2026-06-23T20:06:06.032,danger,fall,lmh,bed_stand_to_lie_fall,t018,"CSI_DATA,812928,1a:00:00:00:00:00,-50,11,-98,16,33,11,217859306,47,2,256,0,""[0,0,0,0,0,0,0,0,0,0,0,0,10,12,8,14,8,15,8,17,8,17,8,18,7,20,7,21,8,23,6,24,8,24,5,24,8,26,6,27,3,29,2,28,6,30,2,30,3,32,1,30,0,30,2,32,1,31,2,33,2,33,3,31,1,31,2,32,1,31,5,31,3,30,4,33,5,31,6,31,7,32,7,31,8,28,10,30,10,30,13,30,14,29,16,26,15,27,17,28,16,29,18,26,18,28,19,26,21,27,23,29,24,28,24,28,24,29,22,29,27,28,28,28,28,26,0,0,0,0,0,0,29,-28,27,-27,24,-28,24,-26,22,-27,23,-24,20,-26,22,-27,19,-24,19,-24,18,-24,16,-24,16,-26,15,-25,14,-26,10,-24,11,-27,8,-26,9,-24,7,-24,5,-25,6,-26,4,-24,5,-25,4,-24,3,-25,3,-23,0,-25,0,-24,0,-23,0,-24,0,-24,-1,-24,-3,-23,-2,-22,-1,-23,-2,-23,-4,-22,-2,-22,-2,-21,-1,-19,-3,-21,-4,-21,-3,-19,-2,-18,-4,-17,-1,-17,-1,-17,0,-16,-1,-15,-2,-16,0,-14,0,-15,0,-15,0,-13,0,-14,1,-12,0,0,0,0,0,0,0,0,0,0]"""
1782212766041,2026-06-23T20:06:06.041,danger,fall,lmh,bed_stand_to_lie_fall,t018,"CSI_DATA,812929,1a:00:00:00:00:00,-50,11,-98,17,33,11,217862318,47,2,256,0,""[0,0,0,0,0,0,0,0,0,0,0,0,13,-8,14,-8,15,-8,17,-7,19,-3,19,-2,20,-2,20,0,23,0,25,0,25,1,25,3,25,5,26,6,25,11,28,12,26,11,26,15,25,15,25,14,23,17,25,19,24,20,23,20,23,23,23,21,19,25,21,24,19,25,20,23,18,24,19,25,19,24,18,25,19,25,19,25,17,24,19,23,19,24,21,24,19,25,19,25,19,25,21,26,18,25,18,25,19,27,21,27,19,29,21,31,20,31,19,32,19,32,17,33,20,35,19,34,17,34,0,0,0,0,0,0,38,-12,37,-12,33,-14,35,-9,35,-11,32,-7,34,-9,32,-7,32,-6,29,-6,29,-6,29,-5,32,-7,30,-5,27,-5,26,-6,28,-6,27,-6,26,-5,26,-6,25,-6,28,-4,22,-6,24,-6,25,-5,25,-4,25,-4,23,-6,25,-5,22,-6,23,-4,23,-3,25,-2,23,-2,23,-2,23,0,22,-1,22,-2,23,-1,21,0,20,0,19,0,20,2,19,2,19,3,19,2,17,5,18,5,13,6,15,5,13,6,13,6,13,6,12,8,12,8,10,8,9,10,0,0,0,0,0,0,0,0,0,0]"""
1782212766054,2026-06-23T20:06:06.054,danger,fall,lmh,bed_stand_to_lie_fall,t018,"CSI_DATA,812930,1a:00:00:00:00:00,-50,11,-98,13,34,11,217873512,47,2,256,0,""[0,0,0,0,0,0,0,0,0,0,0,0,-10,-8,-10,-10,-9,-12,-10,-14,-10,-14,-6,-16,-8,-17,-6,-19,-6,-21,-4,-21,-3,-23,-3,-24,-2,-25,-1,-25,2,-26,2,-26,1,-28,5,-27,7,-27,6,-25,9,-25,8,-28,10,-27,10,-26,13,-26,12,-25,13,-25,14,-26,15,-25,12,-25,13,-23,15,-26,15,-25,13,-24,14,-25,14,-25,13,-23,13,-26,15,-25,13,-25,14,-25,12,-26,15,-27,14,-28,15,-27,14,-28,16,-29,15,-28,14,-28,17,-31,19,-30,18,-30,21,-31,22,-30,21,-31,22,-32,21,-30,0,0,0,0,0,0,-28,-25,-26,-25,-28,-24,-25,-25,-25,-24,-21,-25,-23,-24,-24,-26,-21,-23,-21,-25,-22,-23,-19,-21,-21,-22,-19,-22,-19,-23,-19,-19,-19,-20,-17,-21,-17,-20,-19,-20,-20,-19,-17,-20,-17,-18,-17,-18,-17,-19,-17,-19,-15,-19,-17,-18,-16,-19,-18,-18,-15,-19,-16,-18,-15,-19,-15,-17,-13,-18,-13,-20,-14,-19,-13,-17,-12,-18,-10,-19,-10,-18,-10,-19,-9,-18,-8,-18,-8,-18,-7,-17,-6,-17,-6,-17,-4,-15,-4,-17,-3,-16,-2,-15,-1,-13,0,-14,1,-14,0,-12,2,-12,0,0,0,0,0,0,0,0,0,0]"""
1782212766063,2026-06-23T20:06:06.063,danger,fall,lmh,bed_stand_to_lie_fall,t018,"CSI_DATA,812931,1a:00:00:00:00:00,-52,11,-98,15,35,11,217891296,47,2,256,0,""[0,0,0,0,0,0,0,0,0,0,0,0,-5,-10,-5,-12,-2,-13,-2,-15,-2,-15,0,-17,2,-16,4,-16,5,-17,6,-16,9,-18,9,-17,12,-18,13,-17,17,-15,16,-14,19,-13,19,-10,19,-8,20,-8,21,-7,24,-6,21,-2,24,-2,25,0,23,-1,23,2,24,2,23,5,24,5,21,5,24,7,22,5,21,8,22,8,21,8,19,8,23,5,21,10,21,8,23,13,22,10,23,12,15,23,16,2,24,15,18,23,40,28,9,18,22,10,36,42,17,14,13,18,42,48,16,18,14,16,38,49,0,0,0,0,0,0,51,-22,21,3,20,5,2,16,34,-8,32,-8,42,-20,32,1,20,2,4,21,26,5,21,8,26,-9,20,1,21,5,19,5,24,5,21,6,20,9,18,7,21,8,18,11,18,10,16,11,17,13,14,11,15,12,17,12,16,13,16,11,13,13,13,16,11,16,11,15,9,16,10,19,8,18,8,16,5,17,3,16,4,16,2,16,2,17,0,16,0,16,-1,13,-2,15,-3,13,-5,12,-4,11,-6,11,-5,9,-5,9,-7,6,-6,8,-7,6,-8,4,0,0,0,0,0,0,0,0,0,0]"""
1782212766075,2026-06-23T20:06:06.075,danger,fall,lmh,bed_stand_to_lie_fall,t018,"CSI_DATA,812932,1a:00:00:00:00:00,-52,11,-98,18,35,11,217896825,47,2,256,0,""[0,0,0,0,0,0,0,0,0,0,0,0,-12,0,-13,0,-14,-1,-15,-3,-15,-2,-15,-4,-14,-5,-14,-5,-16,-6,-16,-7,-16,-9,-16,-10,-17,-10,-17,-11,-16,-14,-16,-13,-17,-13,-16,-15,-14,-14,-16,-17,-15,-17,-14,-16,-14,-17,-15,-16,-14,-18,-15,-16,-14,-17,-15,-18,-14,-16,-14,-16,-14,-15,-15,-17,-14,-17,-14,-15,-16,-15,-16,-15,-14,-14,-16,-13,-17,-13,-18,-12,-17,-13,-19,-10,-18,-12,-20,-12,-20,-11,-18,-10,-20,-11,-20,-10,-21,-10,-23,-10,-22,-10,-22,-10,-24,-10,-22,-11,-26,-10,-26,-9,-25,-10,0,0,0,0,0,0,-13,25,-12,24,-10,27,-11,23,-9,24,-11,24,-8,22,-11,24,-10,22,-11,22,-8,22,-7,20,-8,22,-8,22,-6,21,-4,21,-3,20,-4,20,-5,20,-4,20,-2,21,-3,20,-3,20,-3,20,-3,20,-2,20,-2,17,0,19,-2,20,0,19,-1,18,-1,19,0,18,0,19,-1,16,-2,18,-2,18,-2,16,-1,16,-3,16,0,14,-2,15,-2,16,-1,15,-3,13,-2,13,-4,13,-2,12,-2,10,-3,10,-3,10,-4,10,-4,8,-5,8,-5,6,-5,6,-4,6,0,0,0,0,0,0,0,0,0,0]"""
1782212766085,2026-06-23T20:06:06.085,danger,fall,lmh,bed_stand_to_lie_fall,t018,"CSI_DATA,812933,1a:00:00:00:00:00,-53,11,-98,16,36,11,217907218,47,2,256,0,""[0,0,0,0,0,0,0,0,0,0,0,0,-8,-10,-6,-11,-6,-13,-6,-15,-5,-15,-4,-17,-3,-17,-2,-18,-2,-20,-1,-18,0,-21,0,-20,0,-22,1,-21,5,-22,5,-23,3,-22,6,-23,6,-20,6,-22,6,-23,10,-22,10,-20,8,-20,10,-21,8,-21,11,-20,11,-22,11,-20,9,-19,10,-18,10,-20,10,-18,9,-18,8,-20,8,-20,8,-19,8,-20,7,-19,6,-20,8,-20,5,-21,7,-20,6,-22,6,-22,6,-22,6,-22,5,-22,5,-23,6,-25,5,-23,6,-24,8,-25,9,-24,6,-27,7,-27,6,-27,0,0,0,0,0,0,-25,-10,-26,-10,-25,-7,-22,-9,-24,-8,-23,-9,-23,-8,-23,-10,-22,-8,-21,-10,-21,-8,-19,-8,-20,-8,-18,-7,-19,-8,-18,-6,-20,-6,-18,-6,-17,-6,-18,-6,-18,-4,-17,-6,-17,-4,-17,-5,-16,-5,-17,-5,-16,-5,-16,-3,-16,-5,-16,-3,-15,-5,-15,-4,-15,-5,-15,-3,-14,-5,-15,-6,-14,-6,-13,-5,-13,-5,-12,-7,-10,-6,-10,-6,-11,-6,-10,-6,-9,-6,-9,-6,-8,-8,-7,-6,-6,-7,-5,-6,-5,-6,-4,-6,-4,-6,-3,-6,-3,-6,-3,-6,-1,-6,0,0,0,0,0,0,0,0,0,0]"""
1782212766095,2026-06-23T20:06:06.095,danger,fall,lmh,bed_stand_to_lie_fall,t018,"CSI_DATA,812934,1a:00:00:00:00:00,-54,11,-98,16,36,11,217917380,47,2,256,0,""[0,0,0,0,0,0,0,0,0,0,0,0,-3,-15,-2,-16,-1,-17,0,-18,1,-18,3,-17,3,-18,5,-19,7,-20,8,-20,10,-20,9,-18,11,-20,12,-20,15,-17,15,-18,15,-20,18,-17,17,-16,17,-14,20,-13,19,-15,20,-13,20,-13,22,-13,20,-12,21,-11,22,-10,21,-10,20,-10,20,-9,20,-10,20,-10,20,-9,20,-11,19,-10,19,-8,19,-10,20,-9,19,-11,20,-10,18,-11,20,-10,20,-11,19,-10,18,-11,20,-9,21,-11,20,-11,22,-10,22,-11,23,-11,23,-9,23,-10,25,-10,24,-10,24,-9,0,0,0,0,0,0,-5,-25,-3,-25,-5,-23,-4,-23,-4,-22,-1,-23,-2,-22,-3,-22,-1,-22,0,-20,-1,-20,-1,-19,-1,-19,0,-19,0,-18,-1,-18,0,-18,-1,-18,0,-17,0,-16,-1,-17,0,-17,0,-13,0,-15,0,-16,1,-14,0,-15,0,-15,1,-15,0,-13,1,-13,1,-14,2,-13,2,-13,1,-13,3,-11,3,-12,5,-10,5,-11,3,-11,5,-10,6,-10,6,-8,5,-7,6,-7,6,-6,5,-6,5,-5,6,-4,5,-5,6,-3,5,-3,6,-3,5,0,5,-1,5,0,5,0,0,0,0,0,0,0,0,0,0,0]"""
1782212766103,2026-06-23T20:06:06.103,danger,fall,lmh,bed_stand_to_lie_fall,t018,"CSI_DATA,812935,1a:00:00:00:00:00,-58,11,-98,16,39,11,217927314,47,2,256,0,""[0,0,0,0,0,0,0,0,0,0,0,0,12,-4,12,-2,14,-2,15,-1,15,0,15,0,15,1,16,2,16,2,17,3,17,3,17,4,18,4,18,5,17,7,17,7,18,7,17,8,16,8,16,9,16,10,16,9,16,10,16,9,16,10,15,8,14,10,15,9,14,10,14,9,13,8,15,9,15,8,14,8,15,8,14,7,14,6,14,6,15,6,16,5,16,6,15,4,16,5,16,4,15,4,16,3,17,4,16,2,16,4,18,3,18,4,18,3,19,4,18,4,19,3,20,3,19,4,0,0,0,0,0,0,5,-19,6,-19,4,-18,5,-16,4,-17,5,-16,5,-16,5,-16,4,-15,5,-14,4,-14,4,-13,4,-13,4,-14,4,-13,3,-12,2,-13,3,-12,4,-12,3,-11,2,-12,3,-12,2,-11,3,-11,3,-10,3,-11,2,-10,2,-10,3,-10,2,-9,2,-9,3,-9,3,-9,3,-9,2,-8,3,-8,4,-8,4,-7,3,-7,4,-5,3,-5,4,-5,4,-5,4,-5,4,-4,4,-4,4,-3,4,-3,3,-2,4,-1,4,-1,3,0,3,-1,3,0,3,0,3,0,3,0,0,0,0,0,0,0,0,0,0,0]"""
1782212766114,2026-06-23T20:06:06.114,danger,fall,lmh,bed_stand_to_lie_fall,t018,"CSI_DATA,812936,1a:00:00:00:00:00,-59,11,-98,20,38,11,217939276,47,2,256,0,""[0,0,0,0,0,0,0,0,0,0,0,0,-13,10,-14,8,-15,7,-17,8,-17,6,-19,5,-18,4,-20,3,-21,2,-21,0,-21,0,-21,0,-23,0,-23,-1,-23,-4,-22,-3,-23,-3,-23,-5,-22,-4,-21,-9,-23,-9,-22,-7,-21,-8,-22,-7,-23,-9,-20,-7,-20,-9,-21,-9,-20,-9,-20,-7,-19,-8,-21,-8,-20,-9,-19,-8,-20,-8,-20,-7,-19,-6,-20,-5,-21,-5,-21,-5,-21,-6,-21,-2,-23,-4,-23,-5,-22,-6,-21,-5,-22,-6,-22,-6,-22,-6,-25,-5,-23,-6,-24,-5,-24,-8,-23,-7,-25,-7,-24,-8,-24,-7,0,0,0,0,0,0,-12,24,-12,21,-9,21,-11,20,-10,20,-11,18,-10,17,-11,19,-11,16,-10,16,-10,15,-9,12,-9,14,-9,14,-9,13,-7,12,-8,13,-8,13,-8,12,-7,12,-6,12,-6,11,-6,10,-6,10,-7,10,-7,10,-5,9,-4,8,-4,8,-4,8,-4,7,-4,8,-5,7,-3,7,-4,6,-5,5,-6,5,-3,5,-4,6,-4,4,-3,4,-3,4,-4,4,-3,4,-3,3,-2,1,-2,3,-2,2,-2,2,-1,1,-2,1,-1,1,-2,3,-2,0,0,2,-1,1,0,0,0,0,0,0,0,0,0,0,0,0]"""
1782212766123,2026-06-23T20:06:06.123,danger,fall,lmh,bed_stand_to_lie_fall,t018,"CSI_DATA,812937,1a:00:00:00:00:00,-54,11,-98,15,35,11,217950008,47,2,256,0,""[0,0,0,0,0,0,0,0,0,0,0,0,16,-12,16,-9,18,-10,21,-7,22,-6,21,-4,21,-4,24,-3,25,-4,26,-2,26,0,26,0,29,0,28,2,28,5,29,6,29,5,29,8,26,9,25,9,24,13,29,10,27,11,27,12,27,13,26,11,24,13,25,13,26,16,24,12,25,12,25,13,25,13,25,13,26,12,26,11,24,10,24,10,26,12,26,10,26,9,26,9,26,10,29,8,25,9,27,10,26,10,26,8,29,11,31,12,28,11,29,12,29,13,29,14,30,12,29,13,29,13,0,0,0,0,0,0,16,-25,17,-26,13,-25,16,-23,16,-24,14,-21,15,-23,16,-21,15,-20,14,-18,13,-18,13,-16,13,-19,13,-18,12,-16,10,-16,10,-18,10,-16,10,-15,10,-16,8,-15,9,-14,8,-13,8,-13,9,-13,8,-13,8,-13,6,-13,7,-13,5,-12,6,-13,8,-11,6,-13,6,-12,5,-10,7,-10,6,-10,5,-10,5,-10,7,-9,5,-8,6,-8,7,-8,6,-8,6,-6,4,-5,5,-5,5,-5,5,-4,4,-5,5,-3,3,-3,5,-3,4,-2,3,-2,3,-2,3,-2,0,0,0,0,0,0,0,0,0,0]"""
1782212766134,2026-06-23T20:06:06.134,danger,fall,lmh,bed_stand_to_lie_fall,t018,"CSI_DATA,812938,1a:00:00:00:00:00,-53,11,-98,13,35,11,217960314,47,2,256,0,""[0,0,0,0,0,0,0,0,0,0,0,0,-21,-7,-18,-10,-19,-12,-19,-14,-19,-16,-16,-18,-16,-18,-16,-20,-17,-23,-16,-23,-14,-25,-13,-26,-13,-27,-13,-27,-6,-30,-8,-32,-8,-30,-5,-31,-3,-29,-3,-31,0,-31,0,-32,0,-32,0,-30,2,-31,0,-30,3,-31,4,-31,4,-30,2,-29,5,-28,4,-28,4,-29,5,-28,3,-28,3,-29,3,-27,2,-28,3,-27,0,-29,2,-27,1,-29,3,-28,1,-29,2,-27,2,-29,3,-29,3,-28,3,-30,3,-33,3,-31,3,-30,6,-31,8,-31,6,-33,6,-33,6,-32,0,0,0,0,0,0,-31,-12,-30,-11,-27,-8,-25,-12,-28,-12,-25,-12,-23,-10,-25,-10,-23,-12,-21,-13,-20,-11,-20,-11,-21,-10,-20,-10,-19,-10,-18,-8,-20,-9,-19,-7,-16,-10,-17,-9,-18,-6,-17,-8,-14,-6,-14,-7,-14,-8,-15,-8,-15,-7,-16,-5,-14,-6,-14,-5,-13,-6,-13,-7,-13,-6,-13,-6,-13,-6,-12,-7,-12,-6,-10,-6,-10,-6,-9,-6,-9,-6,-9,-7,-9,-6,-8,-6,-7,-6,-6,-7,-5,-6,-6,-6,-4,-6,-3,-6,-3,-6,-4,-5,-4,-5,-2,-5,-3,-5,-1,-4,-1,-5,0,0,0,0,0,0,0,0,0,0]"""
1782212766149,2026-06-23T20:06:06.149,danger,fall,lmh,bed_stand_to_lie_fall,t018,"CSI_DATA,812939,1a:00:00:00:00:00,-52,11,-98,16,34,11,217975203,47,2,256,0,""[0,0,0,0,0,0,0,0,0,0,0,0,-19,-7,-17,-11,-17,-13,-16,-15,-16,-17,-12,-19,-11,-20,-11,-23,-11,-25,-9,-25,-7,-27,-7,-27,-5,-27,-3,-30,0,-29,1,-29,1,-29,3,-30,6,-28,10,-30,11,-29,11,-29,11,-28,12,-28,14,-28,12,-25,16,-25,16,-23,19,-24,16,-23,17,-21,19,-23,19,-20,19,-22,19,-22,19,-22,18,-20,19,-22,19,-22,19,-22,19,-21,19,-22,21,-21,23,-23,23,-19,23,-19,25,-19,23,-19,25,-19,28,-19,27,-19,28,-19,31,-17,32,-15,30,-17,33,-15,33,-15,0,0,0,0,0,0,-7,-35,-5,-36,-7,-32,-2,-33,-2,-34,0,-31,0,-31,1,-31,2,-30,4,-28,3,-28,3,-26,4,-27,6,-27,4,-26,4,-23,4,-24,5,-23,7,-23,7,-22,4,-21,7,-22,5,-19,7,-19,8,-19,8,-19,8,-19,7,-19,9,-18,7,-16,10,-18,9,-15,10,-15,10,-15,8,-14,11,-12,11,-13,11,-11,11,-11,12,-10,11,-9,12,-9,11,-9,11,-9,11,-7,11,-5,11,-4,11,-4,10,-3,10,-3,10,-3,8,-2,9,-1,8,0,8,-1,7,0,7,0,0,0,0,0,0,0,0,0,0,0]"""
1782212766159,2026-06-23T20:06:06.159,danger,fall,lmh,bed_stand_to_lie_fall,t018,"CSI_DATA,812940,1a:00:00:00:00:00,-51,11,-98,16,33,11,217982499,47,2,256,0,""[0,0,0,0,0,0,0,0,0,0,0,0,8,20,6,22,3,22,1,24,0,24,-2,25,-4,25,-6,25,-8,27,-11,26,-13,26,-14,26,-16,27,-18,25,-23,23,-21,21,-23,23,-27,19,-25,18,-26,17,-26,14,-30,16,-29,12,-31,12,-32,12,-29,11,-31,8,-32,7,-31,5,-31,7,-29,3,-33,5,-32,3,-30,3,-32,2,-31,3,-29,2,-31,4,-32,2,-30,2,-32,0,-30,2,-32,0,-32,0,-32,0,-32,0,-33,-1,-33,0,-34,-3,-35,-3,-37,-4,-35,-6,-38,-10,-36,-10,-39,-11,-37,-9,-36,-11,0,0,0,0,0,0,-21,32,-22,31,-19,32,-22,28,-20,27,-23,24,-23,24,-25,24,-24,21,-24,21,-23,18,-22,16,-21,20,-21,16,-23,16,-20,16,-21,17,-21,15,-22,14,-20,14,-19,13,-20,10,-19,12,-21,11,-19,9,-20,9,-17,8,-18,11,-20,8,-18,9,-18,6,-19,8,-19,6,-19,6,-17,6,-18,5,-18,3,-16,4,-19,2,-16,1,-15,1,-16,1,-16,0,-16,0,-14,-1,-14,0,-13,-3,-12,-2,-11,-3,-10,-4,-10,-5,-10,-4,-8,-4,-8,-5,-8,-6,-7,-5,-7,-7,0,0,0,0,0,0,0,0,0,0]"""
1782212766170,2026-06-23T20:06:06.170,danger,fall,lmh,bed_stand_to_lie_fall,t018,"CSI_DATA,812941,1a:00:00:00:00:00,-51,11,-98,16,33,11,217995071,47,2,256,0,""[0,0,0,0,0,0,0,0,0,0,0,0,-21,-8,-18,-12,-19,-14,-18,-18,-17,-21,-14,-21,-15,-24,-12,-24,-11,-27,-9,-29,-8,-30,-7,-30,-5,-32,-2,-33,2,-32,2,-33,3,-33,7,-35,8,-30,11,-33,14,-33,14,-32,15,-31,16,-30,19,-30,16,-28,21,-25,20,-27,22,-26,20,-24,21,-23,23,-24,22,-22,23,-21,23,-24,22,-23,24,-21,24,-22,24,-22,24,-22,24,-21,24,-23,24,-21,27,-22,27,-17,26,-19,28,-20,28,-18,30,-18,33,-18,32,-18,32,-16,35,-15,35,-14,37,-14,35,-12,37,-11,0,0,0,0,0,0,-2,-39,0,-40,-2,-36,0,-37,0,-37,2,-32,1,-34,4,-33,5,-32,6,-30,6,-28,7,-27,7,-29,8,-28,7,-26,6,-24,7,-26,8,-24,8,-22,7,-24,5,-23,9,-24,7,-21,8,-20,8,-20,9,-20,9,-21,8,-20,11,-19,7,-19,9,-18,10,-17,10,-18,9,-16,10,-16,12,-16,11,-15,12,-13,13,-14,13,-12,13,-12,13,-11,14,-10,14,-9,14,-8,13,-8,13,-7,13,-6,12,-4,12,-4,12,-2,13,-2,12,-1,11,0,11,0,10,0,9,2,0,0,0,0,0,0,0,0,0,0]"""
1782212766179,2026-06-23T20:06:06.179,danger,fall,lmh,bed_stand_to_lie_fall,t018,"CSI_DATA,812942,1a:00:00:00:00:00,-50,11,-98,16,33,11,218004325,47,2,256,0,""[0,0,0,0,0,0,0,0,0,0,0,0,-7,19,-9,20,-10,20,-14,22,-15,20,-17,21,-18,20,-19,17,-21,20,-21,18,-25,18,-24,17,-27,18,-28,15,-31,13,-31,15,-31,16,-31,12,-31,12,-34,11,-33,11,-33,9,-32,7,-32,8,-34,8,-32,8,-32,5,-34,5,-31,7,-32,8,-31,5,-33,8,-32,8,-30,7,-32,8,-30,9,-28,8,-31,10,-30,10,-30,11,-31,9,-29,14,-32,12,-31,14,-32,14,-31,15,-32,13,-31,14,-32,14,-34,16,-35,15,-34,16,-36,15,-35,12,-36,16,-36,16,-36,15,0,0,0,0,0,0,12,38,11,35,14,36,10,35,8,34,8,33,9,33,9,34,8,31,7,32,8,29,8,28,9,29,8,27,8,27,8,25,9,26,8,24,8,25,9,24,12,23,10,23,11,21,9,22,9,21,9,22,8,20,10,19,9,20,11,18,9,19,9,20,9,18,10,17,9,17,9,20,9,19,8,19,8,19,8,18,7,16,8,16,6,17,6,16,4,16,7,16,5,15,5,15,4,15,3,14,3,14,0,12,0,12,0,14,0,12,0,11,0,11,0,0,0,0,0,0,0,0,0,0]"""
1782212766201,2026-06-23T20:06:06.201,danger,fall,lmh,bed_stand_to_lie_fall,t018,"CSI_DATA,812944,1a:00:00:00:00:00,-49,11,-98,19,31,11,218026313,47,2,256,0,""[0,0,0,0,0,0,0,0,0,0,0,0,-23,6,-22,4,-26,0,-27,0,-29,-3,-28,-4,-28,-5,-30,-7,-32,-7,-31,-11,-33,-11,-31,-13,-33,-12,-34,-14,-31,-18,-32,-19,-34,-19,-33,-20,-29,-20,-31,-22,-32,-21,-31,-26,-30,-24,-29,-23,-31,-26,-31,-24,-28,-26,-29,-25,-28,-27,-29,-24,-27,-23,-28,-25,-30,-24,-28,-23,-31,-23,-30,-24,-29,-20,-31,-19,-33,-22,-34,-19,-34,-20,-33,-17,-33,-20,-37,-18,-34,-19,-37,-17,-36,-21,-39,-17,-39,-20,-41,-21,-41,-20,-41,-20,-41,-23,-41,-23,-45,-22,-45,-24,-43,-26,0,0,0,0,0,0,-28,43,-28,39,-24,39,-26,37,-25,40,-25,36,-22,36,-25,38,-24,34,-23,31,-19,30,-20,29,-21,31,-20,32,-19,28,-16,29,-18,32,-16,30,-16,28,-15,27,-13,29,-14,28,-11,26,-12,27,-13,26,-11,27,-11,26,-9,27,-12,28,-9,26,-11,26,-10,27,-11,27,-10,25,-10,24,-10,25,-10,24,-10,23,-11,24,-9,21,-10,22,-9,21,-11,22,-9,23,-12,20,-9,19,-11,17,-12,19,-11,15,-11,15,-10,13,-11,14,-12,12,-11,14,-12,10,-12,11,-12,10,0,0,0,0,0,0,0,0,0,0]"""
1782212766212,2026-06-23T20:06:06.212,danger,fall,lmh,bed_stand_to_lie_fall,t018,"CSI_DATA,812945,1a:00:00:00:00:00,-47,11,-98,16,29,11,218037313,47,2,256,0,""[0,0,0,0,0,0,0,0,0,0,0,0,4,25,1,25,1,26,-1,29,-4,29,-5,28,-8,29,-12,28,-14,31,-15,28,-19,29,-19,29,-21,33,-24,29,-29,26,-29,24,-31,25,-33,22,-35,21,-33,16,-38,12,-38,15,-39,12,-40,12,-40,11,-39,12,-40,9,-40,8,-42,5,-42,8,-39,5,-43,4,-40,4,-39,4,-43,2,-39,2,-39,1,-42,4,-39,1,-43,4,-42,1,-40,4,-42,0,-43,2,-43,1,-42,0,-43,-2,-43,-1,-46,-5,-46,-4,-49,-5,-48,-5,-50,-8,-48,-12,-50,-11,-49,-14,-50,-12,0,0,0,0,0,0,-26,46,-21,42,-22,45,-28,42,-24,40,-25,38,-25,39,-29,39,-26,33,-28,31,-26,29,-25,29,-25,29,-28,29,-26,26,-24,28,-25,31,-25,26,-25,24,-22,25,-22,26,-24,22,-22,24,-25,22,-25,22,-25,21,-25,19,-22,22,-26,21,-24,22,-25,19,-25,19,-25,16,-26,19,-24,16,-28,15,-28,14,-28,14,-26,11,-26,9,-25,7,-26,7,-28,4,-25,5,-25,2,-24,2,-25,0,-24,1,-21,-1,-22,-2,-19,-2,-18,-4,-16,-5,-18,-8,-14,-8,-15,-9,-12,-11,0,0,0,0,0,0,0,0,0,0]"""
1782212766221,2026-06-23T20:06:06.221,danger,fall,lmh,bed_stand_to_lie_fall,t018,"CSI_DATA,812946,1a:00:00:00:00:00,-46,11,-98,15,29,11,218048622,47,2,256,0,""[0,0,0,0,0,0,0,0,0,0,0,0,7,24,5,27,4,29,4,29,1,30,0,33,-2,31,-5,31,-5,36,-7,33,-7,37,-8,37,-5,39,-11,39,-14,39,-14,39,-13,40,-18,39,-18,36,-15,36,-20,33,-20,40,-21,36,-21,36,-24,39,-18,36,-23,36,-24,40,-20,37,-17,37,-21,36,-20,39,-18,37,-20,37,-17,39,-17,40,-14,37,-14,40,-13,39,-10,42,-14,42,-8,40,-10,45,-10,46,-11,45,-7,43,-10,46,-8,45,-10,46,-8,46,-5,49,-7,50,-10,53,-13,49,-5,52,-10,53,-5,49,0,0,0,0,0,0,49,13,50,11,49,5,47,10,47,7,46,11,46,5,45,10,42,7,43,8,40,5,40,5,42,5,40,4,37,5,37,0,40,0,37,-1,37,2,37,0,36,-4,36,0,30,-2,33,-2,34,-1,33,-4,34,-2,29,-8,31,-7,30,-8,30,-5,33,-5,30,-5,30,-7,29,-7,31,-5,29,-5,30,-5,31,-4,29,-4,27,-5,27,-4,29,-4,26,-2,26,-1,24,-1,24,0,23,-1,23,1,21,1,20,1,20,1,18,2,18,4,18,2,15,7,15,5,0,0,0,0,0,0,0,0,0,0]"""
1782212766235,2026-06-23T20:06:06.235,danger,fall,lmh,bed_stand_to_lie_fall,t018,"CSI_DATA,812947,1a:00:00:00:00:00,-48,11,-98,17,31,11,218059957,47,2,256,0,""[0,0,0,0,0,0,0,0,0,0,0,0,-15,20,-17,19,-19,18,-22,18,-25,16,-26,14,-28,14,-30,10,-32,13,-32,10,-35,9,-34,7,-39,7,-38,5,-40,0,-41,0,-40,1,-42,-4,-41,-5,-37,-8,-38,-11,-42,-9,-40,-11,-41,-11,-41,-14,-41,-11,-38,-15,-39,-15,-38,-18,-38,-14,-37,-16,-41,-17,-39,-17,-37,-17,-38,-17,-37,-17,-34,-15,-37,-15,-37,-16,-39,-15,-38,-17,-38,-14,-37,-18,-41,-17,-39,-18,-39,-16,-40,-17,-39,-17,-41,-20,-42,-21,-44,-19,-42,-20,-42,-25,-40,-27,-44,-25,-43,-25,-42,-27,0,0,0,0,0,0,-33,38,-33,39,-29,38,-31,34,-30,30,-31,31,-32,31,-33,32,-30,28,-31,25,-31,27,-28,22,-29,26,-28,25,-29,22,-25,22,-28,25,-26,22,-27,22,-23,21,-21,22,-26,21,-25,20,-23,18,-26,19,-23,18,-23,18,-21,21,-26,20,-20,18,-22,18,-23,17,-22,18,-20,17,-19,14,-25,16,-25,15,-22,15,-23,13,-23,10,-22,10,-21,8,-22,9,-23,10,-22,6,-19,7,-20,4,-21,5,-19,3,-17,1,-18,0,-15,1,-17,1,-17,-3,-15,-2,-13,-3,-13,-5,0,0,0,0,0,0,0,0,0,0]"""
1782212766244,2026-06-23T20:06:06.244,danger,fall,lmh,bed_stand_to_lie_fall,t018,"CSI_DATA,812948,1a:00:00:00:00:00,-49,11,-98,18,31,11,218070313,47,2,256,0,""[0,0,0,0,0,0,0,0,0,0,0,0,14,20,11,21,11,24,9,26,7,27,4,28,4,28,0,31,-1,33,-4,34,-6,37,-6,32,-8,36,-11,34,-14,37,-15,34,-15,36,-21,36,-22,33,-29,32,-29,32,-24,29,-27,28,-28,29,-30,29,-27,28,-31,24,-32,24,-33,22,-29,24,-31,21,-33,23,-33,23,-34,20,-33,23,-32,23,-33,20,-33,21,-34,21,-33,23,-34,20,-34,22,-36,21,-38,23,-37,19,-36,22,-39,19,-37,19,-39,19,-44,18,-41,16,-42,19,-45,14,-45,11,-48,16,-47,12,-47,9,0,0,0,0,0,0,2,48,1,49,4,47,0,46,-1,46,-4,42,-2,42,-4,43,-2,40,-5,40,-6,39,-6,34,-6,37,-8,34,-5,34,-6,31,-7,37,-6,32,-8,31,-7,30,-4,30,-7,28,-7,26,-9,28,-8,26,-7,26,-8,25,-6,27,-10,25,-6,26,-8,24,-8,24,-10,24,-8,22,-10,21,-12,22,-11,21,-13,20,-12,20,-11,18,-13,18,-12,18,-14,16,-12,15,-12,15,-12,15,-12,14,-14,11,-13,9,-14,8,-14,7,-13,8,-13,4,-13,6,-13,3,-12,3,-13,1,0,0,0,0,0,0,0,0,0,0]"""
1782212766255,2026-06-23T20:06:06.255,danger,fall,lmh,bed_stand_to_lie_fall,t018,"CSI_DATA,812949,1a:00:00:00:00:00,-50,11,-98,15,32,11,218081740,47,2,256,0,""[0,0,0,0,0,0,0,0,0,0,0,0,17,16,17,18,16,21,14,24,15,24,12,23,14,25,12,27,12,29,12,30,11,32,11,32,12,34,12,36,9,37,7,39,9,38,7,39,6,36,10,36,6,36,4,41,4,40,6,40,4,44,6,39,3,41,5,40,4,40,7,39,6,37,7,40,6,38,8,37,9,39,10,38,10,37,14,37,13,38,16,37,13,37,18,37,16,38,20,39,18,36,21,34,20,36,21,34,24,37,23,36,23,38,26,39,25,43,23,39,28,41,30,42,26,38,0,0,0,0,0,0,41,-25,40,-25,34,-26,36,-22,33,-24,33,-21,33,-25,33,-24,29,-22,27,-18,27,-19,27,-20,27,-23,26,-24,23,-22,21,-20,20,-23,20,-23,20,-21,18,-22,16,-22,18,-22,14,-21,16,-20,16,-22,14,-22,13,-21,11,-23,11,-23,9,-21,11,-21,10,-21,9,-24,9,-21,8,-19,9,-20,8,-21,8,-20,8,-20,8,-18,7,-17,6,-18,7,-18,6,-17,8,-16,7,-16,7,-14,6,-15,6,-14,6,-12,6,-11,6,-11,7,-11,7,-10,7,-11,6,-10,7,-10,0,0,0,0,0,0,0,0,0,0]"""
1782212766269,2026-06-23T20:06:06.269,danger,fall,lmh,bed_stand_to_lie_fall,t018,"CSI_DATA,812950,1a:00:00:00:00:00,-51,11,-98,14,33,11,218094533,47,2,256,0,""[0,0,0,0,0,0,0,0,0,0,0,0,-21,-7,-20,-10,-21,-12,-20,-16,-20,-16,-18,-17,-17,-20,-17,-22,-19,-25,-17,-26,-16,-28,-16,-28,-16,-30,-14,-33,-10,-33,-8,-34,-10,-35,-6,-37,-5,-34,-4,-36,-3,-36,0,-38,0,-38,0,-37,0,-37,0,-37,4,-38,4,-38,5,-35,4,-36,6,-34,4,-37,4,-35,5,-34,4,-36,4,-35,3,-34,3,-35,4,-36,3,-37,4,-36,3,-36,6,-36,3,-38,5,-34,4,-35,6,-36,3,-36,4,-38,5,-41,5,-38,7,-40,11,-42,11,-39,10,-43,11,-42,11,-41,0,0,0,0,0,0,-38,-16,-38,-17,-36,-13,-34,-17,-34,-16,-31,-17,-32,-15,-33,-18,-30,-16,-27,-16,-27,-16,-26,-14,-29,-16,-26,-14,-24,-15,-24,-12,-26,-13,-24,-12,-22,-14,-22,-13,-22,-10,-22,-12,-19,-9,-19,-11,-19,-10,-20,-11,-20,-10,-20,-9,-20,-9,-19,-7,-18,-10,-18,-10,-16,-9,-17,-9,-16,-10,-16,-10,-16,-10,-16,-10,-16,-10,-16,-9,-15,-9,-15,-10,-14,-11,-13,-9,-12,-11,-11,-10,-11,-11,-11,-9,-7,-10,-7,-10,-6,-10,-6,-9,-5,-11,-7,-11,-3,-9,-3,-10,-1,-10,0,0,0,0,0,0,0,0,0,0]"""
1782212766278,2026-06-23T20:06:06.278,danger,fall,lmh,bed_stand_to_lie_fall,t018,"CSI_DATA,812951,1a:00:00:00:00:00,-51,11,-98,15,33,11,218103313,47,2,256,0,""[0,0,0,0,0,0,0,0,0,0,0,0,5,21,1,22,2,24,0,25,0,26,-2,25,-1,26,-4,27,-6,30,-6,30,-7,31,-8,31,-8,32,-11,33,-13,32,-14,33,-11,34,-16,33,-16,30,-14,32,-16,31,-17,33,-20,32,-18,31,-20,33,-17,31,-19,29,-19,32,-19,32,-15,32,-17,29,-16,31,-15,33,-14,31,-14,33,-13,33,-12,30,-11,32,-11,33,-9,34,-10,34,-8,34,-9,34,-5,36,-9,35,-6,33,-7,36,-4,33,-4,37,-4,40,-5,39,-4,39,-4,41,-6,38,-3,42,-3,42,0,42,0,0,0,0,0,0,39,5,41,5,37,0,38,4,36,2,34,4,35,2,35,2,33,2,30,3,29,0,29,1,30,0,30,-1,27,0,27,-2,26,-3,25,-3,26,-2,24,-3,23,-7,24,-5,21,-6,22,-6,22,-7,22,-8,21,-7,20,-9,21,-9,19,-9,20,-7,19,-9,19,-10,17,-10,18,-7,18,-10,17,-9,17,-9,16,-9,16,-8,15,-8,14,-8,15,-8,14,-8,13,-6,13,-7,13,-5,11,-6,12,-4,12,-4,11,-5,10,-4,11,-4,11,-3,10,-2,10,0,10,0,0,0,0,0,0,0,0,0,0,0]"""
1782212766289,2026-06-23T20:06:06.289,danger,fall,lmh,bed_stand_to_lie_fall,t018,"CSI_DATA,812952,1a:00:00:00:00:00,-51,11,-98,17,33,11,218114470,47,2,256,0,""[0,0,0,0,0,0,0,0,0,0,0,0,-20,-2,-19,-4,-23,-5,-22,-6,-23,-8,-22,-9,-23,-10,-24,-12,-26,-13,-25,-14,-25,-15,-25,-15,-26,-16,-28,-18,-25,-21,-26,-22,-27,-19,-27,-25,-25,-22,-24,-22,-24,-25,-25,-24,-25,-22,-25,-24,-26,-25,-26,-23,-25,-25,-25,-24,-25,-25,-25,-22,-23,-22,-26,-21,-26,-20,-25,-19,-27,-19,-27,-18,-27,-16,-28,-17,-29,-17,-31,-14,-30,-14,-32,-12,-31,-12,-34,-12,-30,-11,-32,-10,-33,-11,-33,-9,-35,-10,-37,-9,-36,-8,-38,-8,-38,-8,-38,-9,-38,-7,-41,-6,-39,-6,0,0,0,0,0,0,-9,38,-7,37,-5,36,-7,35,-5,35,-5,32,-4,33,-6,34,-3,32,-4,31,-1,30,-2,29,0,29,0,28,0,27,2,26,2,28,3,26,1,24,5,24,6,24,5,24,6,20,6,21,6,21,6,21,7,20,9,19,7,20,10,18,9,19,9,18,9,19,8,17,10,17,8,18,9,18,9,17,9,14,9,16,8,13,8,14,8,16,8,13,7,13,8,12,6,12,6,12,6,11,6,12,6,11,4,10,4,11,4,11,4,9,3,8,1,9,0,0,0,0,0,0,0,0,0,0]"""
1782212766299,2026-06-23T20:06:06.299,danger,fall,lmh,bed_stand_to_lie_fall,t018,"CSI_DATA,812953,1a:00:00:00:00:00,-51,11,-98,16,33,11,218125313,47,2,256,0,""[0,0,0,0,0,0,0,0,0,0,0,0,19,8,17,8,18,9,20,12,19,12,18,15,19,15,18,17,21,20,20,21,20,21,21,20,22,23,21,24,19,27,18,24,20,26,17,28,16,27,16,29,16,32,17,30,17,29,17,29,18,32,17,28,16,31,18,31,16,28,19,29,16,26,19,28,18,26,19,27,22,26,21,27,21,23,22,23,23,24,25,23,24,24,26,20,26,21,28,21,26,20,27,18,28,19,29,18,31,20,33,21,32,19,33,17,33,20,31,21,36,19,35,18,35,17,0,0,0,0,0,0,20,-33,19,-33,16,-34,17,-31,15,-32,16,-28,13,-31,15,-32,14,-28,14,-27,11,-25,11,-24,9,-28,9,-26,8,-25,6,-24,7,-26,6,-25,7,-25,3,-24,1,-23,3,-23,0,-22,3,-21,1,-22,0,-22,0,-20,-1,-21,0,-21,-3,-19,-1,-19,-1,-21,-1,-20,-2,-19,-3,-18,-2,-19,-2,-18,-2,-17,-2,-18,-2,-17,-2,-16,-2,-16,-2,-16,-3,-16,-1,-15,-3,-12,-1,-14,-2,-14,-1,-11,0,-10,0,-10,0,-11,0,-10,0,-9,0,-9,0,-8,0,-9,0,0,0,0,0,0,0,0,0,0]"""
1782212766310,2026-06-23T20:06:06.310,danger,fall,lmh,bed_stand_to_lie_fall,t018,"CSI_DATA,812954,1a:00:00:00:00:00,-51,11,-98,16,33,11,218136312,47,2,256,0,""[0,0,0,0,0,0,0,0,0,0,0,0,19,-4,20,-2,21,0,24,0,23,0,24,1,24,2,24,3,27,3,26,6,28,5,29,7,31,7,30,8,30,13,30,10,32,9,31,13,31,13,28,13,27,15,32,13,31,16,30,14,32,16,31,13,29,15,31,15,30,14,32,12,29,14,34,12,32,11,31,10,33,8,32,7,31,8,32,5,32,6,32,4,32,5,32,0,34,2,36,0,35,1,33,0,36,0,35,-1,35,-2,40,-2,38,-3,36,-5,40,-2,39,-2,40,-6,40,-4,40,-6,0,0,0,0,0,0,-2,-39,-2,-39,-7,-36,-3,-36,-7,-34,-3,-33,-7,-32,-6,-34,-5,-30,-6,-30,-7,-27,-6,-28,-8,-27,-7,-26,-8,-26,-9,-23,-11,-24,-10,-23,-9,-23,-11,-20,-13,-19,-12,-19,-12,-18,-12,-16,-10,-17,-12,-16,-11,-16,-13,-16,-13,-16,-13,-13,-14,-14,-15,-14,-13,-13,-14,-12,-14,-11,-14,-13,-11,-11,-12,-10,-12,-11,-11,-9,-11,-8,-11,-9,-11,-10,-10,-8,-10,-8,-9,-8,-10,-7,-10,-8,-8,-7,-8,-8,-8,-7,-7,-7,-7,-7,-6,-8,-6,-6,-5,-5,-4,-6,0,0,0,0,0,0,0,0,0,0]"""
1782212766320,2026-06-23T20:06:06.320,danger,fall,lmh,bed_stand_to_lie_fall,t018,"CSI_DATA,812955,1a:00:00:00:00:00,-52,11,-98,13,34,11,218148361,47,2,256,0,""[0,0,0,0,0,0,0,0,0,0,0,0,11,-15,12,-15,14,-14,17,-15,19,-13,21,-11,21,-11,22,-9,25,-9,25,-7,27,-6,28,-4,31,-4,31,-1,32,2,31,2,33,1,33,6,32,6,32,10,32,13,32,12,31,12,31,13,32,16,29,14,29,17,28,19,28,19,29,18,25,19,28,19,26,19,25,19,26,19,26,20,24,19,26,20,26,20,27,20,26,21,25,19,26,22,28,22,25,23,25,22,25,25,25,24,26,24,25,26,25,27,25,28,24,32,20,31,24,32,23,32,21,32,0,0,0,0,0,0,35,-16,34,-14,32,-15,32,-12,32,-10,32,-10,30,-10,32,-9,29,-6,29,-5,26,-6,26,-4,27,-6,25,-4,25,-3,23,-4,25,-4,24,-4,23,-3,21,-3,22,-4,22,-2,20,-4,20,-2,20,-3,19,-3,18,0,19,-2,19,-2,17,-4,17,0,18,-1,18,-1,17,-2,15,0,16,0,16,0,15,0,15,0,12,0,12,1,14,1,14,1,12,1,12,2,10,1,11,4,12,3,9,4,10,3,7,3,7,3,7,4,7,3,6,6,6,5,6,6,0,0,0,0,0,0,0,0,0,0]"""
1782212766333,2026-06-23T20:06:06.333,danger,fall,lmh,bed_stand_to_lie_fall,t018,"CSI_DATA,812956,1a:00:00:00:00:00,-52,11,-98,14,34,11,218158312,47,2,256,0,""[0,0,0,0,0,0,0,0,0,0,0,0,-15,10,-17,9,-18,9,-23,7,-21,5,-24,1,-24,0,-26,-1,-26,-2,-26,-4,-27,-7,-27,-9,-29,-10,-29,-13,-26,-17,-26,-17,-26,-20,-24,-23,-23,-22,-21,-26,-20,-26,-18,-28,-16,-29,-16,-30,-14,-32,-13,-29,-10,-31,-10,-33,-9,-31,-8,-32,-5,-31,-6,-34,-4,-32,-2,-32,-3,-33,-2,-33,-1,-31,-4,-33,-2,-32,-3,-34,0,-32,-1,-33,0,-33,0,-34,4,-34,3,-32,5,-35,5,-34,5,-34,9,-36,8,-36,10,-36,14,-36,15,-34,14,-37,15,-37,16,-32,0,0,0,0,0,0,-28,-25,-26,-26,-26,-22,-22,-26,-21,-23,-20,-26,-19,-24,-19,-26,-16,-25,-15,-25,-13,-23,-10,-24,-13,-24,-10,-22,-10,-23,-10,-20,-10,-22,-9,-20,-8,-21,-7,-20,-9,-20,-6,-20,-6,-17,-5,-19,-4,-18,-5,-19,-3,-18,-5,-16,-3,-18,-4,-17,-3,-17,-3,-17,-1,-15,-2,-15,-1,-15,0,-15,0,-15,0,-13,1,-15,1,-12,1,-13,2,-13,2,-12,2,-12,3,-11,3,-11,4,-10,3,-10,3,-9,3,-7,5,-7,4,-6,5,-5,4,-5,5,-5,6,-5,7,-4,0,0,0,0,0,0,0,0,0,0]"""
1782212766344,2026-06-23T20:06:06.344,danger,fall,lmh,bed_stand_to_lie_fall,t018,"CSI_DATA,812957,1a:00:00:00:00:00,-52,11,-98,18,33,11,218169543,47,2,256,0,""[0,0,0,0,0,0,0,0,0,0,0,0,-19,4,-19,0,-21,0,-22,-3,-21,-4,-22,-7,-21,-9,-22,-13,-25,-15,-22,-15,-22,-17,-21,-19,-22,-20,-20,-23,-17,-25,-16,-26,-17,-26,-15,-30,-12,-28,-9,-33,-8,-34,-5,-32,-5,-33,-6,-33,-3,-34,-4,-32,0,-32,1,-34,0,-32,0,-32,4,-31,3,-34,5,-33,5,-31,5,-32,5,-31,6,-30,5,-32,8,-31,5,-32,7,-31,6,-32,9,-31,9,-33,10,-31,11,-32,13,-31,12,-31,13,-30,15,-31,15,-32,15,-31,21,-31,20,-29,20,-32,21,-31,23,-27,0,0,0,0,0,0,-22,-27,-21,-27,-22,-26,-20,-27,-17,-26,-15,-26,-15,-25,-15,-26,-14,-25,-11,-26,-10,-24,-9,-23,-10,-24,-9,-23,-8,-23,-8,-21,-8,-21,-8,-21,-6,-20,-6,-20,-7,-20,-5,-19,-5,-17,-4,-19,-4,-17,-5,-18,-3,-17,-5,-16,-4,-16,-4,-15,-3,-16,-3,-17,-2,-15,-3,-14,-1,-15,0,-15,0,-15,0,-13,0,-15,1,-13,0,-11,0,-12,0,-11,0,-12,2,-10,0,-11,3,-10,2,-10,5,-9,4,-9,5,-8,5,-7,3,-7,4,-7,5,-5,4,-6,6,-4,0,0,0,0,0,0,0,0,0,0]"""
1782212766355,2026-06-23T20:06:06.355,danger,fall,lmh,bed_stand_to_lie_fall,t018,"CSI_DATA,812958,1a:00:00:00:00:00,-53,11,-98,15,34,11,218180312,47,2,256,0,""[0,0,0,0,0,0,0,0,0,0,0,0,-2,20,-4,18,-6,19,-9,21,-11,19,-14,18,-14,18,-17,17,-21,17,-22,17,-25,16,-25,13,-27,13,-30,12,-31,7,-32,6,-31,7,-32,2,-31,0,-31,0,-31,-3,-34,-2,-33,-7,-32,-7,-33,-8,-31,-8,-30,-13,-31,-13,-30,-15,-29,-13,-26,-14,-31,-16,-27,-15,-27,-16,-28,-16,-27,-16,-26,-17,-27,-17,-26,-18,-26,-17,-26,-19,-26,-17,-24,-19,-27,-21,-24,-22,-24,-21,-24,-22,-24,-22,-25,-24,-24,-26,-24,-27,-23,-27,-20,-31,-18,-31,-21,-31,-19,-31,-18,-32,0,0,0,0,0,0,-35,11,-35,9,-33,10,-31,6,-31,6,-31,4,-30,4,-30,2,-30,1,-28,0,-26,0,-24,0,-26,0,-25,-1,-24,-1,-22,0,-23,0,-21,-1,-21,-4,-21,-1,-21,0,-21,-4,-18,-2,-18,-3,-18,-3,-18,-4,-17,-3,-17,-1,-17,-4,-15,-2,-16,-4,-14,-4,-17,-4,-13,-4,-14,-4,-14,-5,-13,-5,-13,-4,-13,-5,-11,-5,-10,-4,-10,-6,-10,-8,-9,-6,-8,-6,-8,-6,-7,-7,-8,-6,-6,-7,-5,-7,-5,-7,-5,-7,-4,-6,-4,-8,-3,-6,-2,-7,-2,-6,0,0,0,0,0,0,0,0,0,0]"""
1782212766367,2026-06-23T20:06:06.367,danger,fall,lmh,bed_stand_to_lie_fall,t018,"CSI_DATA,812959,1a:00:00:00:00:00,-53,11,-98,15,34,11,218192434,47,2,256,0,""[0,0,0,0,0,0,0,0,0,0,0,0,-13,13,-16,13,-18,12,-19,10,-21,9,-22,8,-24,7,-23,4,-27,4,-28,4,-28,1,-29,1,-31,0,-31,-1,-31,-5,-32,-6,-32,-4,-31,-9,-30,-9,-31,-9,-30,-12,-30,-14,-29,-15,-28,-14,-30,-17,-29,-14,-27,-18,-28,-18,-27,-18,-26,-17,-26,-19,-26,-18,-26,-18,-25,-18,-27,-18,-26,-17,-24,-17,-26,-17,-26,-17,-29,-17,-26,-17,-28,-17,-26,-18,-29,-18,-24,-19,-26,-18,-26,-21,-26,-17,-28,-21,-28,-22,-29,-21,-27,-22,-28,-22,-25,-24,-28,-24,-27,-26,-26,-25,0,0,0,0,0,0,-27,22,-28,23,-25,21,-26,19,-24,20,-26,16,-25,18,-26,17,-25,14,-22,13,-22,13,-22,12,-21,13,-21,13,-21,11,-18,12,-19,13,-19,13,-17,10,-18,12,-17,13,-17,10,-16,9,-15,10,-17,9,-16,10,-13,8,-13,10,-16,10,-13,10,-13,10,-13,8,-13,8,-12,9,-10,8,-13,8,-13,8,-12,8,-12,8,-11,6,-10,6,-10,4,-12,6,-11,5,-10,4,-10,4,-9,3,-9,4,-8,3,-8,2,-8,2,-7,3,-8,1,-7,1,-7,0,-6,0,-6,0,0,0,0,0,0,0,0,0,0,0]"""
1782212766376,2026-06-23T20:06:06.376,danger,fall,lmh,bed_stand_to_lie_fall,t018,"CSI_DATA,812960,1a:00:00:00:00:00,-52,11,-98,19,33,11,218202312,47,2,256,0,""[0,0,0,0,0,0,0,0,0,0,0,0,14,15,11,16,13,19,11,21,8,22,6,22,4,25,4,25,2,28,0,28,-1,28,-2,29,-4,30,-8,31,-11,29,-12,30,-13,30,-17,30,-17,26,-18,25,-22,26,-22,26,-24,24,-23,24,-26,23,-23,22,-26,19,-26,19,-27,17,-27,17,-27,16,-28,17,-27,16,-28,15,-29,15,-28,16,-29,13,-28,13,-29,13,-28,15,-29,13,-28,14,-30,11,-31,13,-30,9,-29,13,-32,9,-31,12,-33,10,-35,9,-35,8,-35,7,-36,4,-36,3,-38,4,-37,3,-36,2,0,0,0,0,0,0,-4,35,-5,37,-3,32,-5,32,-7,32,-8,30,-8,30,-9,30,-11,27,-11,26,-9,24,-10,22,-10,24,-11,22,-10,22,-8,22,-10,22,-10,20,-10,18,-10,18,-8,18,-9,18,-9,17,-8,16,-9,15,-10,16,-9,15,-8,15,-10,15,-8,14,-8,13,-9,13,-10,12,-8,13,-9,12,-9,11,-10,11,-10,9,-10,9,-9,8,-8,9,-9,8,-10,7,-10,6,-9,5,-8,4,-9,4,-8,5,-8,3,-8,3,-8,3,-7,2,-8,1,-8,0,-8,1,-7,0,-7,0,0,0,0,0,0,0,0,0,0,0]"""
1782212766386,2026-06-23T20:06:06.386,danger,fall,lmh,bed_stand_to_lie_fall,t018,"CSI_DATA,812961,1a:00:00:00:00:00,-53,11,-98,14,34,11,218213312,47,2,256,0,""[0,0,0,0,0,0,0,0,0,0,0,0,2,20,1,20,0,21,-2,23,-2,23,-4,25,-5,24,-6,24,-6,27,-10,26,-12,26,-10,27,-11,29,-15,29,-17,26,-17,26,-18,28,-21,26,-20,25,-21,26,-21,24,-24,26,-24,23,-22,24,-25,24,-23,24,-25,22,-26,22,-23,22,-23,22,-23,21,-25,24,-24,22,-22,21,-23,24,-22,23,-21,22,-20,26,-21,23,-18,25,-21,25,-18,26,-19,26,-20,28,-20,26,-18,26,-20,28,-19,27,-18,28,-20,30,-21,29,-21,29,-24,30,-24,28,-21,31,-22,31,-22,30,0,0,0,0,0,0,28,25,26,24,27,21,26,23,25,21,23,21,22,21,24,21,21,20,21,20,21,16,18,17,21,16,19,15,19,16,20,14,20,14,19,13,16,14,19,11,19,10,17,11,16,10,17,10,16,10,15,9,16,9,16,7,16,6,16,6,15,8,15,6,15,6,15,5,13,5,15,5,14,6,12,6,13,6,12,5,10,5,11,5,11,5,10,3,10,5,10,4,9,5,9,4,7,5,8,4,8,4,7,3,6,4,5,2,6,4,5,4,5,5,0,0,0,0,0,0,0,0,0,0]"""
1782212766399,2026-06-23T20:06:06.399,danger,fall,lmh,bed_stand_to_lie_fall,t018,"CSI_DATA,812962,1a:00:00:00:00:00,-52,11,-98,17,33,11,218224404,47,2,256,0,""[0,0,0,0,0,0,0,0,0,0,0,0,-12,15,-15,14,-16,14,-20,12,-19,11,-23,10,-25,8,-25,6,-27,6,-28,2,-30,3,-30,1,-32,0,-32,-1,-32,-6,-30,-6,-33,-5,-31,-11,-31,-12,-31,-12,-26,-14,-31,-18,-27,-18,-29,-17,-29,-22,-26,-19,-25,-21,-25,-23,-24,-21,-25,-22,-22,-22,-25,-25,-22,-24,-22,-23,-23,-25,-22,-24,-20,-23,-22,-24,-22,-24,-22,-23,-21,-24,-23,-23,-21,-26,-23,-25,-20,-27,-19,-26,-19,-28,-19,-28,-20,-27,-20,-30,-21,-31,-19,-30,-17,-33,-16,-32,-20,-34,-17,-35,-14,-34,0,0,0,0,0,0,-38,9,-33,9,-35,9,-34,6,-32,6,-32,2,-31,4,-33,3,-30,2,-29,0,-27,1,-25,0,-27,0,-26,0,-25,-1,-22,0,-25,0,-23,0,-21,0,-22,0,-22,0,-22,-1,-20,0,-19,-2,-18,-1,-18,-2,-18,-2,-18,0,-19,-1,-16,0,-15,-2,-16,-3,-15,-1,-16,-1,-13,-1,-16,-3,-14,-4,-12,-3,-13,-3,-12,-5,-11,-4,-11,-5,-12,-5,-10,-4,-10,-5,-8,-4,-7,-5,-8,-5,-6,-5,-6,-4,-6,-5,-6,-5,-5,-5,-5,-6,-5,-5,-3,-5,-3,-4,0,0,0,0,0,0,0,0,0,0]"""
1782212766408,2026-06-23T20:06:06.408,danger,fall,lmh,bed_stand_to_lie_fall,t018,"CSI_DATA,812963,1a:00:00:00:00:00,-52,11,-98,18,33,11,218235312,47,2,256,0,""[0,0,0,0,0,0,0,0,0,0,0,0,19,5,20,7,20,9,21,10,21,12,21,14,21,15,20,16,22,18,21,20,22,20,21,21,23,22,21,23,17,26,20,26,21,26,19,30,16,30,14,31,13,31,15,30,15,31,16,31,16,32,16,29,14,31,13,32,14,31,15,30,13,30,15,31,15,30,14,30,16,29,15,30,15,27,20,28,18,28,20,26,19,27,20,26,19,27,23,28,21,26,21,27,21,28,21,27,23,26,26,30,24,27,24,26,23,31,23,30,26,30,26,27,26,30,0,0,0,0,0,0,31,-24,29,-22,26,-23,27,-20,26,-21,25,-19,23,-19,26,-20,24,-20,23,-17,21,-18,21,-15,20,-17,21,-18,19,-16,17,-16,17,-17,15,-17,15,-15,15,-15,13,-16,15,-15,12,-15,12,-15,13,-15,13,-15,10,-15,10,-15,10,-17,8,-15,9,-13,10,-15,10,-14,9,-13,8,-12,10,-12,8,-13,7,-11,7,-11,7,-10,6,-10,6,-11,5,-11,5,-10,6,-9,5,-9,5,-7,5,-9,5,-6,5,-5,4,-5,5,-5,5,-5,5,-5,4,-5,4,-5,4,-4,0,0,0,0,0,0,0,0,0,0]"""
1782212766419,2026-06-23T20:06:06.419,danger,fall,lmh,bed_stand_to_lie_fall,t018,"CSI_DATA,812964,1a:00:00:00:00:00,-52,11,-98,19,33,11,218246317,47,2,256,0,""[0,0,0,0,0,0,0,0,0,0,0,0,16,-13,17,-11,19,-12,22,-9,23,-8,25,-7,24,-8,26,-7,27,-6,29,-6,31,-4,31,-4,32,-5,32,-3,34,0,35,0,35,0,35,3,33,4,36,2,35,4,35,5,35,5,35,5,36,6,35,4,34,7,35,7,33,7,35,6,31,5,35,5,35,4,33,5,35,1,33,0,32,1,34,0,35,0,35,-1,34,0,33,-3,35,0,35,-3,35,-2,35,-4,35,-4,35,-6,35,-4,38,-4,38,-6,37,-6,39,-4,39,-4,40,-7,39,-6,38,-6,0,0,0,0,0,0,-2,-39,-4,-37,-5,-36,-3,-35,-3,-35,-2,-32,-4,-32,-2,-34,-3,-31,-3,-31,-4,-27,-4,-27,-4,-27,-5,-26,-4,-26,-6,-23,-7,-24,-6,-22,-4,-22,-6,-22,-8,-21,-7,-22,-8,-19,-6,-19,-7,-19,-8,-18,-8,-16,-9,-17,-8,-17,-10,-14,-8,-15,-8,-15,-8,-16,-8,-13,-8,-13,-8,-15,-8,-13,-6,-13,-8,-13,-5,-12,-7,-11,-6,-11,-7,-12,-4,-10,-4,-10,-5,-9,-4,-9,-5,-8,-4,-8,-4,-8,-3,-8,-4,-8,-2,-7,-2,-6,-2,-6,-3,-6,0,-6,0,0,0,0,0,0,0,0,0,0]"""
1782212766435,2026-06-23T20:06:06.435,danger,fall,lmh,bed_stand_to_lie_fall,t018,"CSI_DATA,812965,1a:00:00:00:00:00,-52,11,-98,17,33,11,218260503,47,2,256,0,""[0,0,0,0,0,0,0,0,0,0,0,0,-20,-5,-19,-7,-21,-10,-19,-12,-21,-13,-18,-17,-18,-19,-17,-21,-17,-23,-16,-25,-14,-27,-13,-27,-13,-30,-11,-30,-6,-31,-7,-33,-6,-33,-2,-37,0,-33,0,-33,3,-33,3,-35,5,-36,6,-36,7,-36,7,-34,11,-32,10,-33,12,-32,11,-32,12,-32,12,-33,14,-31,14,-29,15,-32,15,-31,15,-29,14,-30,15,-30,14,-31,16,-30,15,-32,16,-29,18,-32,18,-29,19,-31,20,-30,19,-30,20,-29,24,-32,23,-30,24,-31,26,-29,28,-28,26,-31,26,-26,29,-27,0,0,0,0,0,0,-19,-32,-20,-33,-20,-31,-16,-30,-17,-31,-14,-31,-14,-30,-12,-31,-12,-30,-8,-29,-10,-26,-8,-25,-8,-26,-8,-26,-7,-25,-6,-24,-6,-25,-6,-23,-4,-22,-6,-23,-6,-21,-4,-22,-4,-18,-3,-19,-3,-21,-3,-19,-2,-19,-5,-19,-2,-18,-4,-19,-1,-17,-1,-17,0,-17,0,-16,0,-15,0,-16,0,-16,0,-14,0,-13,1,-15,3,-13,1,-14,2,-12,1,-11,2,-11,2,-10,4,-9,3,-10,3,-7,4,-8,4,-8,3,-6,4,-6,5,-6,4,-6,4,-5,5,-4,0,0,0,0,0,0,0,0,0,0]"""
1782212766444,2026-06-23T20:06:06.444,danger,fall,lmh,bed_stand_to_lie_fall,t018,"CSI_DATA,812966,1a:00:00:00:00:00,-52,11,-98,16,33,11,218268312,47,2,256,0,""[0,0,0,0,0,0,0,0,0,0,0,0,-3,-21,-1,-20,-1,-23,0,-25,3,-25,4,-25,5,-25,6,-28,8,-29,8,-29,10,-28,10,-29,11,-32,12,-32,16,-30,16,-30,15,-30,18,-31,16,-30,21,-29,23,-30,21,-29,21,-30,19,-31,21,-31,17,-29,19,-29,21,-29,21,-30,19,-30,18,-29,18,-31,18,-30,17,-28,16,-31,16,-31,16,-30,14,-32,14,-31,11,-33,13,-32,10,-32,11,-34,9,-36,9,-33,8,-34,10,-33,7,-33,8,-35,8,-39,7,-39,6,-36,9,-40,10,-38,6,-41,5,-39,7,-40,0,0,0,0,0,0,-39,-9,-38,-8,-36,-4,-37,-7,-33,-6,-32,-6,-32,-4,-33,-4,-33,-6,-30,-5,-28,-3,-27,-4,-28,-2,-28,-1,-26,0,-25,0,-26,0,-25,0,-24,0,-23,1,-24,3,-23,2,-20,4,-20,3,-21,3,-20,3,-20,4,-18,7,-19,5,-17,6,-17,5,-17,4,-16,7,-16,7,-16,5,-15,6,-16,5,-14,5,-14,6,-13,3,-13,4,-12,4,-13,5,-10,3,-11,3,-10,3,-10,2,-9,4,-8,2,-8,2,-8,2,-7,1,-8,1,-8,0,-7,1,-6,0,-6,0,0,0,0,0,0,0,0,0,0,0]"""
1782212766456,2026-06-23T20:06:06.456,danger,fall,lmh,bed_stand_to_lie_fall,t018,"CSI_DATA,812967,1a:00:00:00:00:00,-52,11,-98,15,33,11,218279659,47,2,256,0,""[0,0,0,0,0,0,0,0,0,0,0,0,-22,-3,-22,-6,-22,-7,-23,-10,-23,-11,-22,-13,-22,-14,-22,-17,-23,-18,-22,-20,-22,-22,-22,-23,-22,-24,-22,-26,-17,-29,-18,-31,-20,-31,-15,-33,-14,-31,-14,-32,-11,-32,-12,-36,-9,-34,-11,-34,-9,-37,-9,-35,-6,-36,-5,-37,-6,-35,-7,-35,-4,-34,-7,-36,-5,-35,-5,-33,-7,-35,-7,-34,-6,-34,-8,-33,-6,-34,-9,-34,-6,-33,-9,-34,-9,-35,-9,-36,-6,-36,-8,-34,-8,-37,-7,-35,-9,-36,-8,-41,-8,-39,-7,-38,-4,-41,-4,-40,-7,-41,-5,-41,-6,-41,0,0,0,0,0,0,-39,0,-40,0,-39,0,-36,-2,-35,0,-34,-4,-33,0,-34,-2,-32,-1,-30,-3,-31,-1,-28,-4,-28,-1,-30,-2,-26,-3,-26,-1,-27,-1,-25,-1,-24,-3,-25,0,-24,0,-23,0,-21,0,-22,-1,-21,-1,-21,0,-22,-2,-20,0,-20,0,-18,0,-18,0,-19,0,-18,0,-16,0,-16,0,-16,0,-15,-1,-16,-1,-16,-1,-14,-3,-13,-2,-13,-2,-12,-2,-11,-1,-11,-2,-11,-3,-11,-2,-11,-2,-10,-3,-8,-2,-8,-3,-7,-3,-7,-2,-7,-4,-5,-2,-4,-3,-5,-3,0,0,0,0,0,0,0,0,0,0]"""
1782212766465,2026-06-23T20:06:06.465,danger,fall,lmh,bed_stand_to_lie_fall,t018,"CSI_DATA,812968,1a:00:00:00:00:00,-51,11,-98,19,32,11,218290334,47,2,256,0,""[0,0,0,0,0,0,0,0,0,0,0,0,16,15,14,16,15,20,14,21,15,22,12,24,13,24,12,26,14,29,12,30,11,28,11,30,11,33,13,34,8,35,9,34,11,35,7,37,8,35,5,36,1,38,8,38,6,39,7,36,7,41,8,36,6,37,5,39,6,39,8,37,5,34,9,36,11,36,11,37,12,35,12,35,12,32,14,32,15,35,19,34,17,34,18,33,17,32,22,33,18,33,20,32,21,33,22,30,26,33,26,33,24,33,26,33,25,35,25,33,30,34,28,33,29,33,0,0,0,0,0,0,33,-27,33,-26,28,-28,28,-24,29,-25,28,-24,27,-25,26,-25,25,-25,22,-20,21,-22,21,-22,20,-24,19,-22,18,-22,14,-21,13,-23,14,-23,15,-22,12,-22,11,-22,11,-22,10,-20,9,-22,11,-22,8,-19,7,-20,5,-19,6,-22,5,-19,4,-19,3,-20,5,-21,4,-20,4,-17,5,-17,2,-16,2,-17,3,-15,2,-12,3,-13,1,-14,1,-14,1,-14,3,-15,1,-11,1,-11,1,-10,0,-9,0,-10,2,-8,0,-7,1,-8,2,-8,0,-7,3,-6,2,-4,0,0,0,0,0,0,0,0,0,0]"""
1782212766474,2026-06-23T20:06:06.474,danger,fall,lmh,bed_stand_to_lie_fall,t018,"CSI_DATA,812969,1a:00:00:00:00:00,-52,11,-98,16,32,11,218301311,47,2,256,0,""[0,0,0,0,0,0,0,0,0,0,0,0,-21,11,-22,7,-24,9,-27,8,-26,5,-28,4,-27,7,-30,3,-32,4,-31,4,-32,2,-32,3,-34,2,-36,0,-35,-4,-37,-4,-37,-2,-38,-7,-40,-4,-36,-8,-40,-8,-37,-6,-39,-4,-37,-4,-38,-6,-37,-4,-38,-7,-40,-7,-37,-5,-35,-3,-36,-5,-40,-1,-37,-2,-36,0,-38,0,-38,0,-35,4,-35,7,-37,11,-33,8,-36,6,-38,13,-35,8,-31,1,-31,1,-34,5,-31,-3,-43,23,-30,27,-51,33,-45,11,-20,7,-41,-7,-45,10,-15,10,-37,2,-44,1,0,0,0,0,0,0,10,63,17,48,44,43,20,25,21,12,-4,19,15,40,9,17,24,17,27,33,8,14,17,17,12,23,28,29,16,22,21,24,21,19,21,19,18,15,19,21,20,18,16,18,17,15,19,14,18,15,18,11,20,12,21,10,20,8,19,6,19,8,19,9,18,10,18,8,17,7,18,8,16,7,16,7,14,6,16,7,14,5,14,7,14,7,15,7,15,6,13,5,10,6,11,2,9,4,11,3,9,4,9,2,7,4,6,3,7,2,7,3,7,4,0,0,0,0,0,0,0,0,0,0]"""
1782212766485,2026-06-23T20:06:06.485,danger,fall,lmh,bed_stand_to_lie_fall,t018,"CSI_DATA,812970,1a:00:00:00:00:00,-51,11,-98,15,33,11,218312311,47,2,256,0,""[0,0,0,0,0,0,0,0,0,0,0,0,22,-3,22,-2,23,0,26,1,25,3,26,6,25,7,27,10,29,11,29,12,28,14,28,17,30,18,28,18,26,22,28,23,27,24,27,27,24,26,24,30,24,32,22,30,22,31,23,31,22,33,21,30,17,33,19,33,18,34,20,32,17,32,19,33,18,33,17,31,19,32,18,31,17,29,19,31,18,33,21,30,19,31,22,29,19,32,22,31,20,30,21,32,20,32,20,31,22,32,22,33,22,33,22,34,21,37,18,36,21,37,21,36,20,36,0,0,0,0,0,0,38,-14,37,-14,35,-15,34,-11,35,-11,34,-10,33,-11,33,-10,32,-11,31,-8,29,-8,29,-7,27,-10,28,-9,27,-8,25,-8,26,-10,24,-8,23,-6,24,-8,22,-10,22,-8,21,-9,22,-9,22,-8,21,-8,21,-7,19,-10,20,-7,17,-9,17,-6,18,-7,18,-6,17,-8,16,-7,17,-6,15,-6,16,-6,16,-5,14,-3,14,-1,14,-2,13,-3,12,-2,13,-3,11,-1,11,0,11,-1,10,0,9,0,9,0,9,0,9,0,9,0,8,1,6,0,6,2,0,0,0,0,0,0,0,0,0,0]"""
1782212766507,2026-06-23T20:06:06.507,danger,fall,lmh,bed_stand_to_lie_fall,t018,"CSI_DATA,812972,1a:00:00:00:00:00,-52,11,-98,16,33,11,218334755,47,2,256,0,""[0,0,0,0,0,0,0,0,0,0,0,0,1,22,0,22,0,24,-3,24,-2,25,-6,24,-7,25,-8,26,-9,27,-10,28,-13,30,-13,29,-15,30,-16,31,-19,28,-20,30,-20,30,-23,30,-22,26,-26,28,-25,28,-26,27,-26,27,-25,27,-25,26,-24,26,-25,24,-27,25,-25,24,-24,26,-24,24,-24,27,-25,25,-24,24,-24,26,-23,25,-21,24,-21,29,-22,28,-20,29,-21,27,-19,30,-22,30,-18,32,-21,30,-19,31,-21,31,-19,31,-19,32,-20,35,-19,34,-18,34,-22,34,-21,33,-20,35,-20,34,-19,34,0,0,0,0,0,0,32,24,32,23,31,18,30,22,29,20,26,19,28,19,28,18,26,17,24,17,24,16,22,16,25,15,24,14,23,15,23,12,24,11,23,10,22,11,22,10,22,8,22,10,19,6,19,8,20,8,19,7,19,7,19,5,16,5,19,3,18,5,17,5,18,6,16,4,16,5,17,4,16,6,15,4,16,5,15,4,13,4,15,5,14,5,12,3,12,3,11,2,10,5,10,4,8,4,8,4,8,4,7,3,7,3,6,3,7,3,5,4,4,4,0,0,0,0,0,0,0,0,0,0]"""
1782212766520,2026-06-23T20:06:06.520,danger,fall,lmh,bed_stand_to_lie_fall,t018,"CSI_DATA,812973,1a:00:00:00:00:00,-52,11,-98,17,33,11,218345311,47,2,256,0,""[0,0,0,0,0,0,0,0,0,0,0,0,-21,-5,-20,-7,-21,-8,-22,-12,-21,-13,-20,-15,-21,-17,-20,-18,-22,-20,-21,-22,-21,-23,-20,-24,-21,-25,-19,-27,-17,-30,-18,-29,-19,-31,-15,-32,-15,-31,-13,-32,-9,-33,-14,-34,-9,-35,-12,-35,-11,-37,-11,-33,-8,-35,-9,-37,-9,-34,-11,-33,-7,-32,-10,-35,-10,-33,-9,-32,-10,-33,-11,-32,-10,-32,-12,-32,-12,-32,-13,-32,-12,-32,-15,-32,-15,-32,-16,-33,-15,-32,-15,-31,-14,-33,-15,-30,-17,-32,-17,-35,-17,-34,-17,-34,-14,-36,-14,-36,-17,-36,-17,-35,-15,-35,0,0,0,0,0,0,-38,12,-36,12,-32,12,-33,11,-31,11,-31,9,-30,11,-31,11,-30,9,-28,7,-26,9,-25,7,-26,10,-25,10,-25,9,-22,8,-22,10,-23,9,-20,8,-20,9,-19,11,-19,10,-17,11,-18,10,-19,10,-17,10,-18,8,-17,12,-16,10,-14,9,-16,8,-16,8,-15,9,-14,10,-13,8,-13,9,-13,7,-13,7,-12,6,-12,6,-11,6,-12,6,-12,6,-10,6,-11,6,-8,4,-9,5,-10,3,-7,1,-7,4,-7,2,-6,2,-6,2,-7,1,-6,1,-5,0,-6,0,0,0,0,0,0,0,0,0,0,0]"""
1782212766531,2026-06-23T20:06:06.531,danger,fall,lmh,bed_stand_to_lie_fall,t018,"CSI_DATA,812974,1a:00:00:00:00:00,-53,11,-98,14,34,11,218356585,47,2,256,0,""[0,0,0,0,0,0,0,0,0,0,0,0,7,-20,9,-20,10,-19,14,-20,14,-21,16,-20,17,-21,20,-20,21,-22,21,-20,23,-21,24,-21,25,-22,26,-19,28,-17,28,-17,30,-19,31,-17,31,-13,30,-15,30,-14,33,-14,31,-11,32,-14,34,-13,32,-14,33,-11,34,-13,32,-10,32,-13,31,-12,33,-12,31,-13,29,-11,31,-15,30,-15,29,-14,29,-16,30,-16,28,-18,28,-16,26,-21,28,-18,28,-21,28,-19,26,-20,30,-19,26,-21,28,-20,31,-22,27,-22,27,-22,31,-22,31,-20,30,-25,30,-23,30,-22,0,0,0,0,0,0,-18,-30,-20,-29,-21,-28,-19,-25,-17,-26,-18,-25,-17,-23,-17,-26,-17,-23,-15,-23,-16,-21,-15,-20,-16,-20,-16,-18,-15,-19,-15,-17,-17,-17,-15,-15,-15,-16,-15,-14,-17,-12,-16,-14,-14,-11,-15,-12,-15,-11,-15,-11,-13,-10,-16,-9,-15,-9,-15,-9,-14,-8,-15,-9,-13,-9,-14,-6,-14,-6,-12,-8,-14,-8,-12,-6,-10,-7,-11,-7,-10,-5,-10,-6,-10,-6,-10,-5,-10,-6,-8,-5,-8,-5,-7,-5,-7,-5,-6,-5,-5,-5,-5,-5,-5,-3,-5,-5,-5,-4,-5,-4,-4,-4,0,0,0,0,0,0,0,0,0,0]"""
1782212766540,2026-06-23T20:06:06.540,danger,fall,lmh,bed_stand_to_lie_fall,t018,"CSI_DATA,812975,1a:00:00:00:00:00,-53,11,-98,15,34,11,218367311,47,2,256,0,""[0,0,0,0,0,0,0,0,0,0,0,0,1,20,0,21,-1,22,-4,24,-5,23,-8,25,-8,24,-10,24,-12,26,-13,25,-13,26,-14,27,-15,27,-16,27,-21,26,-20,26,-20,27,-22,26,-22,26,-25,25,-26,24,-24,23,-25,23,-26,23,-27,23,-23,22,-26,20,-26,22,-25,20,-25,22,-24,21,-26,23,-25,22,-24,21,-25,22,-22,23,-22,21,-21,24,-22,23,-18,26,-22,24,-19,26,-22,26,-20,27,-20,26,-17,26,-21,26,-18,26,-19,27,-21,28,-19,29,-20,29,-22,29,-22,28,-20,30,-20,28,-19,30,0,0,0,0,0,0,26,25,26,22,26,19,25,22,23,19,24,20,22,17,22,17,22,17,20,17,20,15,18,14,21,14,19,15,19,13,19,11,19,11,17,11,17,11,17,8,19,7,17,8,16,6,17,8,16,8,17,6,15,6,15,5,15,5,15,4,15,4,15,6,13,5,15,4,13,4,13,4,13,3,12,4,12,4,12,4,11,4,11,3,10,4,11,2,8,4,9,3,8,3,8,2,7,4,7,4,6,3,5,4,7,3,5,3,5,2,5,3,4,2,0,0,0,0,0,0,0,0,0,0]"""
1782212766550,2026-06-23T20:06:06.550,danger,fall,lmh,bed_stand_to_lie_fall,t018,"CSI_DATA,812976,1a:00:00:00:00:00,-54,11,-98,16,34,11,218378311,47,2,256,0,""[0,0,0,0,0,0,0,0,0,0,0,0,13,15,12,17,13,17,12,19,11,19,11,22,10,22,8,23,8,27,7,27,7,27,6,28,7,29,6,30,1,30,1,31,3,33,0,31,0,30,0,30,0,31,-2,34,-3,31,-1,33,-3,34,-1,31,-4,32,-3,34,-4,31,-3,32,-3,28,-3,30,-2,32,-1,30,0,32,0,30,0,29,0,30,0,31,3,31,2,30,3,29,2,32,5,31,2,30,5,30,4,31,5,30,5,30,6,31,6,31,6,32,4,34,3,32,7,34,7,34,6,34,0,0,0,0,0,0,34,-3,32,-3,30,-5,29,-3,28,-4,27,-2,27,-3,27,-3,26,-3,24,-2,23,-3,20,-3,22,-3,20,-4,20,-3,19,-5,20,-6,18,-6,18,-5,17,-5,16,-7,15,-5,14,-7,15,-6,15,-7,14,-7,13,-7,12,-9,12,-7,11,-7,11,-6,11,-7,11,-7,11,-7,10,-4,11,-7,10,-7,10,-7,10,-6,8,-5,8,-6,7,-4,9,-5,8,-6,7,-3,6,-5,6,-4,6,-4,5,-3,6,-3,6,-3,4,-3,5,-2,4,-3,5,-1,4,-1,3,0,0,0,0,0,0,0,0,0,0,0]"""
1782212766562,2026-06-23T20:06:06.562,danger,fall,lmh,bed_stand_to_lie_fall,t018,"CSI_DATA,812977,1a:00:00:00:00:00,-54,11,-98,19,34,11,218389311,47,2,256,0,""[0,0,0,0,0,0,0,0,0,0,0,0,-4,-18,-2,-19,-1,-21,1,-23,2,-22,5,-22,5,-24,7,-22,9,-24,10,-24,13,-24,13,-24,15,-25,17,-24,21,-21,21,-21,21,-23,24,-21,24,-18,24,-16,25,-13,27,-17,28,-13,28,-14,31,-12,28,-13,29,-10,29,-9,28,-9,29,-10,28,-7,30,-9,29,-8,29,-6,29,-8,29,-7,26,-7,28,-8,29,-7,29,-8,29,-6,27,-8,29,-7,31,-7,29,-5,28,-5,29,-5,29,-5,31,-5,32,-4,32,-2,32,-2,33,-1,32,1,34,-1,34,0,32,2,0,0,0,0,0,0,7,-32,6,-30,6,-29,7,-27,7,-26,7,-26,8,-25,10,-24,8,-22,9,-20,8,-20,8,-18,7,-21,8,-18,9,-16,8,-17,7,-17,6,-16,9,-14,7,-15,5,-16,8,-14,6,-14,8,-13,7,-13,6,-13,5,-13,5,-13,6,-13,3,-13,5,-10,6,-12,6,-11,5,-10,5,-10,6,-10,5,-9,6,-8,5,-8,5,-7,5,-7,4,-6,6,-6,5,-7,5,-5,4,-5,5,-5,5,-4,5,-4,4,-4,4,-4,4,-3,2,-3,5,-2,2,-2,3,-2,3,-2,0,0,0,0,0,0,0,0,0,0]"""
1782212766574,2026-06-23T20:06:06.574,danger,fall,lmh,bed_stand_to_lie_fall,t018,"CSI_DATA,812978,1a:00:00:00:00:00,-55,11,-98,17,35,11,218401716,47,2,256,0,""[0,0,0,0,0,0,0,0,0,0,0,0,0,-18,2,-17,4,-19,6,-19,8,-19,9,-19,13,-19,13,-19,15,-19,17,-19,18,-19,19,-17,19,-17,23,-17,25,-13,26,-12,26,-13,28,-9,26,-8,28,-8,31,-6,30,-4,30,-5,29,-4,30,-2,29,-2,29,0,29,1,29,3,28,1,28,3,28,3,28,4,27,4,28,2,28,4,25,4,26,3,28,5,29,4,28,5,28,5,28,7,29,5,25,6,27,6,28,8,28,7,28,9,30,9,28,11,29,11,28,15,27,15,28,14,26,15,27,16,0,0,0,0,0,0,19,-23,21,-21,17,-21,18,-19,19,-19,19,-15,19,-16,19,-15,19,-13,18,-12,17,-12,17,-11,17,-11,17,-11,17,-9,14,-8,15,-11,15,-9,15,-7,14,-8,13,-8,15,-5,12,-6,13,-6,13,-5,13,-5,11,-6,12,-6,11,-5,11,-6,10,-4,11,-4,11,-2,10,-4,9,-3,9,-2,10,-2,10,-2,8,-2,9,-1,7,-1,8,-1,8,0,8,-2,7,0,6,0,6,0,6,0,4,0,5,1,4,0,4,1,4,1,3,1,3,0,2,0,3,0,0,0,0,0,0,0,0,0,0,0]"""
1782212766584,2026-06-23T20:06:06.584,danger,fall,lmh,bed_stand_to_lie_fall,t018,"CSI_DATA,812979,1a:00:00:00:00:00,-55,11,-98,18,35,11,218411311,47,2,256,0,""[0,0,0,0,0,0,0,0,0,0,0,0,-10,-14,-10,-16,-9,-16,-9,-18,-7,-19,-6,-20,-6,-20,-6,-21,-6,-24,-6,-24,-6,-24,-5,-26,-4,-25,-2,-28,0,-26,-1,-28,-2,-30,2,-29,0,-28,2,-26,4,-28,1,-30,2,-28,2,-29,3,-30,1,-28,3,-28,2,-28,4,-27,2,-28,1,-25,0,-28,0,-28,0,-26,0,-28,-2,-26,-2,-25,-2,-26,-2,-26,-4,-26,-5,-27,-5,-26,-4,-26,-7,-28,-5,-27,-7,-26,-8,-26,-8,-27,-9,-28,-9,-29,-9,-28,-9,-28,-8,-30,-7,-29,-10,-29,-10,-30,-8,-29,0,0,0,0,0,0,-29,8,-29,7,-27,10,-24,7,-25,8,-24,6,-24,8,-25,6,-22,8,-21,6,-20,6,-18,6,-20,8,-18,8,-18,7,-16,8,-18,8,-15,8,-15,8,-15,8,-14,8,-14,7,-11,8,-11,9,-12,10,-12,8,-11,8,-10,8,-10,8,-8,8,-8,7,-8,6,-8,8,-8,8,-7,6,-8,7,-7,8,-6,7,-7,8,-6,6,-6,6,-6,5,-6,6,-5,5,-5,6,-6,4,-4,4,-4,4,-3,3,-3,3,-3,2,-3,3,-3,2,-2,2,-4,2,-2,1,-2,1,0,0,0,0,0,0,0,0,0,0]"""
1782212766595,2026-06-23T20:06:06.595,danger,fall,lmh,bed_stand_to_lie_fall,t018,"CSI_DATA,812980,1a:00:00:00:00:00,-54,11,-98,17,35,11,218422726,47,2,256,0,""[0,0,0,0,0,0,0,0,0,0,0,0,-3,16,-5,17,-6,17,-10,18,-10,17,-12,16,-13,17,-15,17,-15,19,-17,18,-19,16,-19,15,-20,15,-23,15,-24,13,-26,12,-24,13,-27,12,-24,9,-26,9,-29,9,-28,8,-27,8,-27,7,-28,6,-26,6,-27,3,-27,4,-28,3,-27,2,-27,2,-27,3,-28,3,-25,3,-27,4,-26,4,-26,3,-26,4,-26,4,-26,5,-26,4,-26,6,-26,4,-27,6,-26,5,-27,6,-28,4,-27,6,-28,5,-30,6,-29,4,-28,4,-31,2,-31,2,-31,3,-30,3,-30,1,0,0,0,0,0,0,-2,31,-2,30,-1,28,-2,28,-1,28,-4,26,-3,26,-4,25,-4,25,-3,22,-2,22,-4,22,-2,22,-2,22,-3,21,-2,19,-2,20,-2,18,-3,18,-2,17,0,17,-2,17,0,16,-1,16,-1,15,-3,16,-1,15,0,15,-2,16,0,14,-1,15,-1,13,-3,14,-1,13,-1,13,-3,12,-2,11,-4,11,-2,11,-2,10,-2,11,-3,10,-4,9,-4,8,-4,8,-3,7,-3,6,-3,6,-3,6,-3,5,-4,5,-3,4,-4,4,-4,4,-4,2,-4,2,-4,2,0,0,0,0,0,0,0,0,0,0]"""
1782212766607,2026-06-23T20:06:06.607,danger,fall,lmh,bed_stand_to_lie_fall,t018,"CSI_DATA,812981,1a:00:00:00:00:00,-53,11,-98,19,34,11,218433947,47,2,256,0,""[0,0,0,0,0,0,0,0,0,0,0,0,-12,12,-13,12,-15,12,-18,10,-18,10,-19,9,-20,8,-21,8,-23,7,-24,8,-26,5,-26,6,-26,6,-27,3,-29,0,-27,0,-28,0,-30,-1,-29,-2,-28,-5,-28,-6,-29,-3,-29,-6,-31,-5,-30,-6,-29,-4,-28,-7,-28,-8,-28,-9,-27,-5,-26,-7,-29,-7,-29,-8,-27,-7,-28,-6,-27,-5,-26,-5,-28,-3,-29,-5,-28,-2,-29,-4,-28,0,-29,-2,-31,-2,-28,-4,-29,-2,-29,-3,-29,-2,-29,-2,-32,-2,-32,-2,-32,-2,-32,-5,-33,-6,-34,-4,-32,-4,-34,-4,0,0,0,0,0,0,-9,32,-8,32,-5,30,-9,29,-7,29,-8,27,-8,28,-9,28,-8,26,-8,24,-6,24,-7,23,-7,23,-6,23,-7,22,-5,21,-4,22,-5,21,-6,20,-3,20,-2,20,-4,19,-2,18,-3,19,-3,18,-3,19,-2,17,-2,18,-3,18,-1,18,-2,16,-2,17,-3,16,-3,16,-2,16,-3,16,-3,16,-3,14,-4,15,-4,12,-3,13,-3,13,-5,13,-4,11,-5,10,-3,10,-5,8,-5,10,-5,8,-5,7,-5,7,-5,7,-5,8,-7,6,-5,3,-6,4,-5,3,0,0,0,0,0,0,0,0,0,0]"""
1782212766617,2026-06-23T20:06:06.617,danger,fall,lmh,bed_stand_to_lie_fall,t018,"CSI_DATA,812982,1a:00:00:00:00:00,-52,11,-98,15,34,11,218444885,47,2,256,0,""[0,0,0,0,0,0,0,0,0,0,0,0,19,3,19,6,19,7,22,9,18,11,19,13,19,15,17,17,19,18,17,21,17,23,15,24,16,25,13,26,8,29,8,30,8,31,4,31,3,31,4,31,1,29,0,32,-4,32,-2,31,-4,33,-4,29,-7,30,-8,31,-8,31,-8,30,-10,28,-10,32,-9,29,-10,28,-8,31,-10,28,-10,27,-11,29,-13,28,-11,28,-13,29,-11,28,-13,29,-13,30,-14,27,-13,27,-16,29,-14,29,-17,27,-19,30,-19,28,-19,28,-23,27,-25,26,-24,26,-22,27,-26,25,0,0,0,0,0,0,20,30,18,30,20,29,15,29,15,28,13,29,12,28,11,31,9,26,8,29,9,26,7,24,9,26,8,25,5,25,6,22,6,25,5,22,4,23,4,22,5,22,2,24,3,20,2,21,2,21,1,20,3,21,3,20,0,20,2,18,0,19,0,18,0,19,0,18,-1,18,-3,18,-2,18,-3,17,-4,17,-4,14,-4,13,-4,16,-6,14,-7,13,-7,12,-8,13,-8,12,-7,10,-9,9,-8,8,-8,8,-8,6,-8,5,-9,5,-8,3,-8,3,-8,1,0,0,0,0,0,0,0,0,0,0]"""
1782212766628,2026-06-23T20:06:06.628,danger,fall,lmh,bed_stand_to_lie_fall,t018,"CSI_DATA,812983,1a:00:00:00:00:00,-51,11,-98,16,33,11,218456590,47,2,256,0,""[0,0,0,0,0,0,0,0,0,0,0,0,22,3,22,7,23,8,23,10,22,13,20,15,20,17,19,17,21,21,21,21,20,24,18,24,21,25,17,27,15,28,15,31,15,32,12,32,10,31,8,34,8,34,6,34,6,35,7,33,3,35,4,33,0,34,1,34,0,35,2,34,0,32,0,34,0,33,0,32,0,33,0,32,0,33,0,32,0,32,2,34,0,33,2,32,0,34,1,35,0,33,0,34,0,35,0,35,0,35,0,38,-1,38,-1,38,-4,40,-6,39,-3,40,-4,39,-5,38,0,0,0,0,0,0,37,11,37,12,35,9,34,13,34,12,31,13,32,12,32,13,30,12,26,13,26,13,25,14,26,12,25,12,24,12,24,10,26,10,24,9,23,12,23,10,23,9,21,10,19,8,20,9,19,10,20,10,19,11,20,8,18,10,19,9,17,10,20,9,17,10,17,8,17,8,17,10,16,10,15,10,16,11,13,13,13,10,12,11,12,12,10,10,10,10,10,10,8,11,9,11,6,11,6,11,5,11,5,10,5,9,3,10,2,8,1,9,0,10,0,0,0,0,0,0,0,0,0,0]"""
1782212766640,2026-06-23T20:06:06.640,danger,fall,lmh,bed_stand_to_lie_fall,t018,"CSI_DATA,812984,1a:00:00:00:00:00,-51,11,-98,14,33,11,218467752,47,2,256,0,""[0,0,0,0,0,0,0,0,0,0,0,0,18,15,17,16,17,18,17,21,16,22,14,24,13,24,11,27,13,30,12,30,10,32,9,32,9,33,6,34,2,36,1,36,3,38,0,37,-1,35,-1,35,-4,34,-5,39,-7,35,-5,35,-6,37,-6,35,-9,36,-10,37,-10,34,-9,34,-10,33,-9,35,-10,33,-9,33,-10,34,-9,34,-8,33,-7,33,-8,33,-5,34,-9,33,-5,34,-8,35,-8,36,-10,35,-8,34,-8,35,-8,35,-9,35,-9,38,-8,36,-9,38,-14,39,-15,38,-12,40,-11,40,-13,38,0,0,0,0,0,0,36,19,35,18,35,16,33,19,33,16,30,19,31,16,30,18,27,17,26,18,26,17,25,16,25,16,24,15,24,16,23,14,24,13,22,14,21,15,21,13,22,12,20,13,19,11,19,11,18,13,18,11,19,11,19,10,18,10,17,9,17,10,17,10,17,12,16,10,16,10,16,10,15,10,16,9,15,10,12,11,14,9,13,10,13,10,12,9,9,9,10,10,9,11,8,9,7,10,6,10,6,9,7,8,6,8,4,10,4,7,3,8,2,9,0,0,0,0,0,0,0,0,0,0]"""
1782212766651,2026-06-23T20:06:06.651,danger,fall,lmh,bed_stand_to_lie_fall,t018,"CSI_DATA,812985,1a:00:00:00:00:00,-52,11,-98,19,32,11,218477310,47,2,256,0,""[0,0,0,0,0,0,0,0,0,0,0,0,16,17,16,22,15,22,13,26,11,27,7,29,8,30,3,31,4,33,0,33,-1,34,-3,35,-4,37,-8,36,-12,36,-12,35,-13,36,-17,35,-18,32,-22,34,-21,32,-24,30,-25,29,-26,30,-29,26,-27,26,-28,22,-29,22,-31,23,-28,22,-28,20,-33,21,-31,20,-30,20,-30,20,-30,17,-30,16,-30,17,-33,14,-31,17,-31,15,-31,17,-33,16,-36,18,-33,14,-33,14,-37,15,-34,12,-36,11,-40,10,-39,11,-38,8,-41,7,-39,4,-43,5,-42,3,-40,3,0,0,0,0,0,0,-3,42,-7,39,-5,39,-6,36,-7,35,-11,33,-11,33,-11,35,-12,32,-12,28,-11,26,-11,25,-11,25,-13,25,-13,22,-11,22,-13,23,-13,22,-14,21,-11,19,-10,22,-12,19,-12,18,-14,19,-13,15,-12,17,-12,15,-11,18,-14,16,-11,15,-11,13,-13,13,-13,11,-12,13,-13,11,-13,12,-13,11,-13,9,-12,9,-12,9,-11,7,-11,6,-12,6,-11,4,-12,3,-11,5,-11,3,-11,1,-8,2,-10,2,-9,0,-7,1,-9,0,-9,-2,-7,0,-6,-1,-7,-1,0,0,0,0,0,0,0,0,0,0]"""
1782212766659,2026-06-23T20:06:06.659,danger,fall,lmh,bed_stand_to_lie_fall,t018,"CSI_DATA,812986,1a:00:00:00:00:00,-54,11,-98,16,34,11,218488310,47,2,256,0,""[0,0,0,0,0,0,0,0,0,0,0,0,20,-10,21,-8,23,-7,25,-5,27,-3,27,0,28,0,27,4,30,3,28,7,29,11,29,11,30,12,30,15,27,19,26,19,27,19,24,22,23,23,23,24,22,26,21,27,19,28,19,27,17,30,16,27,13,30,12,31,11,29,12,29,10,29,11,30,10,29,11,29,11,30,9,29,7,28,8,29,7,30,7,29,7,30,8,28,7,30,7,30,3,32,5,30,3,33,5,30,4,32,3,34,2,34,0,34,-1,35,-3,34,-1,35,-3,34,-4,34,0,0,0,0,0,0,31,11,29,12,30,10,27,12,27,13,26,15,24,13,25,15,23,15,20,15,21,14,17,14,20,13,17,13,17,15,16,13,17,13,15,12,14,14,14,11,14,12,11,14,11,11,11,11,10,11,11,11,10,11,10,10,9,11,10,11,7,11,7,11,7,10,8,9,6,10,5,10,5,9,6,8,3,9,4,10,3,8,3,9,3,9,3,7,3,7,3,7,1,7,1,6,1,6,0,7,0,6,0,5,0,5,0,4,0,5,0,3,-1,3,0,0,0,0,0,0,0,0,0,0]"""
1782212766673,2026-06-23T20:06:06.673,danger,fall,lmh,bed_stand_to_lie_fall,t018,"CSI_DATA,812987,1a:00:00:00:00:00,-56,11,-98,18,35,11,218501302,47,2,256,0,""[0,0,0,0,0,0,0,0,0,0,0,0,1,20,-1,20,-2,21,-4,22,-6,22,-6,22,-8,22,-10,22,-10,24,-12,22,-13,23,-13,23,-15,25,-15,24,-18,23,-18,22,-18,24,-20,22,-20,20,-21,21,-20,21,-21,20,-22,18,-21,19,-22,18,-20,18,-21,17,-22,17,-21,17,-20,17,-20,17,-22,18,-20,17,-20,16,-20,18,-19,18,-18,17,-17,20,-18,19,-16,20,-18,20,-15,20,-16,21,-16,22,-18,20,-16,20,-17,22,-16,20,-16,22,-18,23,-16,23,-16,23,-19,23,-19,22,-16,24,-17,24,-18,22,0,0,0,0,0,0,20,21,19,20,20,17,18,19,17,18,17,18,16,16,17,17,15,15,14,16,14,14,12,14,14,14,13,14,12,12,12,11,12,12,12,11,10,12,11,9,13,9,11,10,10,8,10,8,9,8,8,8,8,7,10,7,10,7,8,5,8,6,8,6,7,6,6,5,7,4,6,6,6,6,6,4,6,4,4,4,5,4,4,4,4,4,3,4,3,3,3,2,2,2,2,2,2,2,2,2,2,2,2,1,1,0,1,0,0,2,2,2,0,1,0,0,0,0,0,0,0,0,0,0]"""
1782212766684,2026-06-23T20:06:06.684,danger,fall,lmh,bed_stand_to_lie_fall,t018,"CSI_DATA,812988,1a:00:00:00:00:00,-57,11,-98,20,37,11,218510310,47,2,256,0,""[0,0,0,0,0,0,0,0,0,0,0,0,6,-18,6,-17,8,-20,11,-19,12,-18,13,-17,13,-18,16,-17,17,-18,18,-17,19,-16,20,-16,21,-18,22,-17,24,-14,24,-15,24,-15,26,-13,25,-12,25,-9,28,-8,26,-11,27,-10,26,-9,28,-9,24,-10,26,-8,27,-8,27,-7,25,-9,24,-7,25,-9,24,-8,25,-8,25,-9,24,-10,23,-9,24,-11,23,-9,23,-12,23,-11,22,-12,24,-12,24,-14,22,-11,23,-13,23,-13,22,-15,23,-12,25,-13,23,-14,24,-14,26,-14,26,-13,25,-15,26,-14,26,-12,0,0,0,0,0,0,-10,-27,-10,-26,-11,-24,-9,-24,-9,-25,-8,-23,-8,-22,-7,-22,-6,-20,-6,-21,-6,-19,-6,-18,-6,-18,-6,-20,-5,-18,-5,-16,-6,-17,-5,-16,-4,-15,-6,-15,-7,-15,-5,-14,-4,-12,-5,-12,-4,-12,-4,-14,-4,-11,-5,-11,-4,-12,-4,-11,-3,-10,-3,-11,-3,-11,-2,-9,-3,-9,-2,-10,-1,-9,-1,-9,-1,-8,-2,-7,-1,-8,0,-6,0,-7,0,-6,0,-5,0,-4,0,-5,0,-5,1,-4,1,-4,0,-3,0,-2,1,-2,1,-1,0,-2,1,-2,1,-1,0,0,0,0,0,0,0,0,0,0]"""
1782212766695,2026-06-23T20:06:06.695,danger,fall,lmh,bed_stand_to_lie_fall,t018,"CSI_DATA,812989,1a:00:00:00:00:00,-53,11,-98,19,34,11,218522822,47,2,256,0,""[0,0,0,0,0,0,0,0,0,0,0,0,11,16,9,17,10,18,10,20,9,20,7,21,6,22,4,23,9,24,7,26,5,25,5,26,8,29,7,29,3,29,5,29,6,30,5,32,4,29,2,28,1,29,5,29,2,31,5,29,5,31,6,28,5,29,5,29,6,29,8,28,5,26,8,29,9,27,10,26,10,26,12,24,12,24,14,24,14,23,16,23,15,23,18,21,18,21,20,22,18,21,20,18,20,21,21,18,23,18,24,21,24,19,25,18,24,20,24,20,28,18,26,17,26,17,0,0,0,0,0,0,19,-26,18,-26,13,-26,15,-25,15,-24,13,-23,13,-24,13,-25,13,-22,11,-21,10,-22,10,-19,8,-22,9,-22,8,-21,5,-21,5,-21,5,-19,5,-20,2,-19,3,-19,3,-19,1,-17,1,-17,2,-18,1,-17,0,-17,0,-16,1,-16,-1,-15,0,-15,0,-15,0,-14,-1,-15,-1,-13,0,-14,0,-13,0,-13,0,-13,0,-11,0,-11,0,-10,0,-11,0,-11,0,-10,0,-9,1,-8,0,-9,1,-7,0,-6,1,-7,1,-5,2,-7,2,-5,2,-4,1,-3,2,-4,0,0,0,0,0,0,0,0,0,0]"""
1782212766704,2026-06-23T20:06:06.704,danger,fall,lmh,bed_stand_to_lie_fall,t018,"CSI_DATA,812990,1a:00:00:00:00:00,-52,11,-98,16,34,11,218532800,47,2,256,0,""[0,0,0,0,0,0,0,0,0,0,0,0,18,-10,19,-8,20,-7,22,-7,23,-6,24,-2,23,-1,26,0,28,1,27,2,28,3,27,4,30,6,30,8,28,11,27,13,30,12,28,15,27,15,25,17,26,18,25,21,23,20,24,20,23,23,23,21,20,24,22,25,19,23,21,23,17,23,19,24,19,23,17,24,19,23,18,24,16,23,19,23,19,24,20,22,19,23,19,23,19,24,20,23,18,25,19,24,16,27,19,25,19,27,19,28,19,28,19,27,17,32,13,30,17,32,15,34,15,31,0,0,0,0,0,0,34,-8,34,-10,32,-11,32,-5,30,-4,31,-3,30,-6,32,-4,28,-3,28,-1,27,0,26,-1,27,-1,27,-1,25,0,24,-1,25,-2,23,0,23,0,23,0,23,0,22,1,20,0,19,1,21,1,19,1,19,1,19,0,20,1,18,2,19,3,19,3,17,4,18,3,15,4,17,6,16,5,15,6,15,7,13,7,11,7,12,7,11,9,11,7,10,8,8,9,7,8,7,8,4,9,5,7,4,9,3,7,3,8,1,6,3,7,0,6,0,7,0,0,0,0,0,0,0,0,0,0]"""
1782212766718,2026-06-23T20:06:06.718,danger,fall,lmh,bed_stand_to_lie_fall,t018,"CSI_DATA,812991,1a:00:00:00:00:00,-51,11,-98,16,33,11,218543510,47,2,256,0,""[0,0,0,0,0,0,0,0,0,0,0,0,-20,-6,-19,-8,-19,-10,-21,-14,-17,-15,-19,-17,-17,-18,-17,-21,-16,-22,-15,-22,-16,-26,-15,-26,-14,-27,-11,-30,-8,-32,-7,-32,-8,-33,-5,-33,-3,-32,0,-34,0,-35,0,-33,1,-34,1,-33,5,-34,3,-33,6,-32,8,-34,8,-32,7,-33,8,-32,8,-34,8,-32,8,-31,8,-32,8,-32,8,-30,8,-32,9,-32,8,-32,8,-32,7,-32,10,-32,9,-34,11,-32,9,-32,13,-33,11,-32,13,-33,14,-34,14,-35,15,-34,18,-35,19,-32,20,-36,19,-35,19,-34,0,0,0,0,0,0,-30,-27,-29,-24,-30,-24,-26,-25,-25,-24,-23,-26,-22,-24,-23,-28,-21,-25,-20,-26,-19,-24,-16,-24,-18,-24,-16,-24,-16,-24,-16,-22,-16,-23,-16,-22,-13,-21,-14,-22,-15,-21,-12,-22,-11,-20,-11,-20,-10,-21,-10,-20,-9,-21,-12,-19,-10,-20,-9,-18,-8,-19,-8,-20,-7,-19,-7,-18,-5,-19,-4,-20,-3,-18,-3,-17,-2,-16,0,-16,-2,-16,0,-16,0,-16,0,-14,2,-14,0,-13,3,-13,3,-12,3,-10,4,-10,5,-9,5,-8,5,-8,7,-7,6,-6,6,-5,7,-5,0,0,0,0,0,0,0,0,0,0]"""
1782212766729,2026-06-23T20:06:06.729,danger,fall,lmh,bed_stand_to_lie_fall,t018,"CSI_DATA,812992,1a:00:00:00:00:00,-51,11,-98,15,33,11,218554848,47,2,256,0,""[0,0,0,0,0,0,0,0,0,0,0,0,-10,-20,-7,-22,-7,-22,-5,-25,-2,-25,0,-27,0,-26,2,-28,3,-31,4,-30,6,-31,6,-31,8,-33,9,-33,13,-31,14,-31,15,-32,18,-32,19,-29,21,-27,24,-27,22,-28,23,-28,23,-28,25,-29,22,-27,25,-24,27,-25,27,-22,24,-23,25,-22,27,-23,26,-22,26,-22,26,-23,25,-23,24,-22,25,-24,26,-24,23,-26,25,-24,23,-25,26,-24,26,-26,26,-23,26,-25,28,-23,26,-25,29,-25,29,-25,29,-26,30,-26,34,-26,32,-23,33,-26,33,-26,33,-24,0,0,0,0,0,0,-20,-36,-17,-37,-21,-35,-16,-35,-17,-34,-15,-33,-15,-33,-15,-34,-12,-32,-11,-31,-11,-30,-10,-30,-10,-30,-9,-29,-11,-28,-10,-24,-10,-27,-10,-27,-9,-26,-9,-25,-10,-24,-8,-25,-8,-22,-6,-22,-7,-23,-7,-23,-6,-22,-8,-21,-6,-22,-9,-19,-6,-20,-5,-22,-4,-20,-6,-20,-3,-19,-1,-20,-2,-19,-1,-18,-1,-19,0,-19,0,-17,0,-17,0,-16,1,-16,2,-14,2,-13,3,-13,2,-13,4,-11,3,-11,5,-11,4,-9,5,-8,4,-6,5,-7,4,-7,8,-6,0,0,0,0,0,0,0,0,0,0]"""
1782212766739,2026-06-23T20:06:06.739,danger,fall,lmh,bed_stand_to_lie_fall,t018,"CSI_DATA,812993,1a:00:00:00:00:00,-51,11,-98,20,32,11,218565991,47,2,256,0,""[0,0,0,0,0,0,0,0,0,0,0,0,-2,23,-4,24,-7,25,-7,26,-8,24,-9,24,-11,24,-12,24,-14,26,-15,28,-13,29,-15,28,-14,29,-16,29,-21,28,-20,28,-18,32,-21,27,-22,29,-18,26,-20,26,-21,31,-23,28,-21,30,-23,29,-19,30,-21,28,-21,32,-20,29,-18,32,-20,28,-16,33,-18,31,-16,31,-16,32,-13,32,-12,31,-11,33,-8,32,-7,33,-9,34,-5,34,-7,36,-5,36,-5,35,-4,34,-4,39,-1,34,0,39,-1,39,0,38,0,40,-2,42,-1,39,2,43,3,43,2,42,0,0,0,0,0,0,43,-1,40,-2,40,-3,38,-1,37,-4,35,-2,36,-4,36,-4,32,-5,33,-4,31,-1,31,-3,32,-8,29,-7,28,-6,28,-8,24,-12,24,-10,24,-8,24,-8,22,-13,22,-9,21,-11,21,-10,20,-11,18,-11,19,-9,17,-14,18,-14,16,-15,17,-13,18,-12,15,-11,16,-12,14,-10,16,-12,15,-11,15,-10,15,-13,15,-10,14,-9,13,-9,11,-8,10,-9,14,-8,11,-8,12,-7,9,-7,11,-4,10,-5,10,-6,8,-5,8,-4,10,0,7,-4,8,-1,8,0,0,0,0,0,0,0,0,0,0,0]"""
1782212766752,2026-06-23T20:06:06.752,danger,fall,lmh,bed_stand_to_lie_fall,t018,"CSI_DATA,812994,1a:00:00:00:00:00,-52,11,-98,16,34,11,218579748,47,2,256,0,""[0,0,0,0,0,0,0,0,0,0,0,0,19,2,18,4,19,7,19,10,19,11,18,12,18,13,18,15,18,18,17,19,16,20,16,22,16,23,15,25,12,27,10,29,10,28,8,29,5,27,5,30,5,31,3,30,2,30,2,30,1,30,0,29,-3,29,-2,30,-3,30,-2,29,-3,28,-3,30,-3,28,-4,28,-3,30,-3,28,-4,27,-3,28,-5,30,-3,30,-5,28,-4,29,-6,29,-4,30,-5,27,-5,30,-6,29,-5,30,-7,31,-7,31,-9,30,-10,31,-14,34,-15,30,-13,32,-14,32,-14,32,0,0,0,0,0,0,29,21,28,20,27,18,24,20,24,19,22,21,23,22,21,23,19,21,17,22,17,19,16,20,17,20,18,20,15,19,15,18,15,18,13,17,11,19,12,18,13,17,11,19,11,16,10,16,10,18,9,17,9,18,10,16,9,17,9,16,7,17,6,18,5,16,6,15,3,15,3,17,2,17,3,15,1,15,1,15,1,14,0,15,-1,15,0,13,-2,13,-1,11,-3,11,-3,11,-4,9,-3,9,-5,7,-4,9,-5,6,-4,6,-6,5,-6,3,-5,3,0,0,0,0,0,0,0,0,0,0]"""
1782212766762,2026-06-23T20:06:06.762,danger,fall,lmh,bed_stand_to_lie_fall,t018,"CSI_DATA,812995,1a:00:00:00:00:00,-51,11,-98,20,33,11,218587309,47,2,256,0,""[0,0,0,0,0,0,0,0,0,0,0,0,-1,19,-4,18,-3,19,-4,20,-6,20,-8,20,-10,20,-10,19,-11,22,-13,21,-14,23,-13,23,-15,23,-15,22,-18,21,-17,21,-17,23,-19,22,-20,21,-23,19,-23,21,-22,20,-22,20,-20,20,-22,20,-21,21,-22,19,-21,21,-22,18,-19,21,-20,19,-19,22,-19,22,-19,19,-19,22,-18,22,-16,21,-16,25,-16,24,-14,24,-14,24,-13,25,-14,27,-13,28,-14,27,-12,27,-14,27,-12,28,-11,29,-12,30,-11,31,-10,31,-14,31,-14,32,-10,34,-11,34,-11,33,0,0,0,0,0,0,30,14,31,12,33,11,31,14,30,11,29,11,29,10,30,12,27,11,27,12,26,9,26,10,27,9,25,7,25,8,24,6,25,5,25,5,23,7,23,3,24,3,23,4,22,2,22,5,21,3,22,3,20,2,21,1,21,1,20,1,19,1,21,3,19,1,19,0,17,2,19,0,19,3,18,2,17,3,16,3,16,2,17,3,15,3,15,3,14,4,13,3,13,4,12,3,12,4,11,4,9,6,8,6,7,6,7,5,7,6,6,5,6,6,0,0,0,0,0,0,0,0,0,0]"""
1782212766772,2026-06-23T20:06:06.772,danger,fall,lmh,bed_stand_to_lie_fall,t018,"CSI_DATA,812996,1a:00:00:00:00:00,-50,11,-98,21,32,11,218598309,47,2,256,0,""[0,0,0,0,0,0,0,0,0,0,0,0,18,3,20,4,19,5,20,9,20,7,20,10,20,12,20,12,23,13,23,13,23,15,22,16,25,16,23,19,23,23,22,21,25,20,24,23,24,22,20,28,21,29,22,25,22,24,23,25,24,25,22,23,20,24,23,27,22,25,24,22,20,22,25,23,25,21,23,22,24,21,25,19,24,19,26,19,26,19,31,17,29,15,31,14,30,15,34,13,31,14,32,12,33,12,32,11,35,11,38,12,38,10,38,11,38,13,38,12,41,9,43,10,40,12,0,0,0,0,0,0,14,-41,12,-38,6,-40,11,-38,10,-38,10,-38,7,-36,9,-39,8,-35,10,-34,6,-32,7,-32,5,-32,4,-33,4,-31,1,-31,0,-32,0,-32,3,-31,1,-28,-1,-30,0,-28,-2,-26,-1,-27,0,-27,-1,-28,-2,-25,-5,-25,-5,-26,-6,-25,-5,-25,-4,-26,-2,-24,-6,-24,-5,-23,-5,-25,-2,-24,-3,-21,-4,-24,-2,-21,-3,-19,-3,-20,0,-21,-1,-19,0,-20,-1,-16,1,-18,0,-16,1,-16,0,-14,1,-13,1,-13,3,-12,2,-10,1,-11,2,-10,3,-7,0,0,0,0,0,0,0,0,0,0]"""
1782212766785,2026-06-23T20:06:06.785,danger,fall,lmh,bed_stand_to_lie_fall,t018,"CSI_DATA,812997,1a:00:00:00:00:00,-49,11,-98,16,32,11,218611314,47,2,256,0,""[0,0,0,0,0,0,0,0,0,0,0,0,11,-17,14,-16,15,-18,17,-18,18,-19,21,-18,20,-18,22,-17,23,-19,26,-17,26,-18,27,-18,27,-21,29,-20,30,-18,28,-18,28,-21,32,-20,30,-17,33,-15,36,-15,32,-18,35,-17,33,-19,34,-19,32,-20,33,-18,33,-18,31,-21,30,-22,31,-23,31,-23,29,-22,26,-23,27,-26,27,-27,25,-24,24,-27,25,-28,22,-30,23,-30,19,-33,20,-32,21,-35,19,-34,18,-34,18,-36,17,-37,15,-37,17,-41,14,-39,14,-42,17,-44,17,-43,13,-45,12,-46,11,-45,0,0,0,0,0,0,-46,-15,-43,-13,-41,-8,-44,-12,-43,-8,-40,-10,-40,-6,-42,-5,-41,-5,-37,-5,-36,-4,-36,-5,-37,-1,-37,-2,-33,-2,-34,1,-33,3,-32,4,-32,0,-32,5,-31,8,-30,4,-27,8,-28,6,-28,6,-28,9,-28,9,-25,11,-28,10,-24,13,-23,11,-25,11,-24,10,-21,13,-23,14,-23,10,-21,11,-21,11,-21,11,-20,10,-20,9,-19,10,-19,9,-18,10,-18,9,-17,10,-16,9,-16,7,-17,5,-13,4,-15,6,-12,6,-12,6,-14,2,-11,3,-10,4,-11,0,0,0,0,0,0,0,0,0,0,0]"""
1782212766796,2026-06-23T20:06:06.796,danger,fall,lmh,bed_stand_to_lie_fall,t018,"CSI_DATA,812998,1a:00:00:00:00:00,-49,11,-98,15,32,11,218620309,47,2,256,0,""[0,0,0,0,0,0,0,0,0,0,0,0,-18,-14,-18,-14,-17,-18,-18,-18,-16,-20,-16,-20,-16,-21,-17,-25,-17,-24,-18,-27,-18,-28,-17,-26,-20,-29,-19,-29,-14,-31,-18,-33,-19,-31,-16,-34,-14,-32,-13,-31,-12,-33,-17,-36,-15,-36,-17,-36,-17,-38,-19,-33,-16,-34,-16,-33,-17,-36,-18,-32,-18,-32,-19,-33,-22,-32,-20,-30,-23,-30,-23,-29,-24,-28,-26,-26,-25,-28,-30,-26,-28,-24,-32,-23,-29,-23,-34,-22,-32,-22,-37,-20,-36,-22,-37,-17,-38,-20,-41,-21,-41,-19,-42,-18,-42,-19,-42,-20,-47,-20,-44,-16,-47,-18,0,0,0,0,0,0,-17,44,-16,44,-12,44,-14,40,-12,44,-13,40,-12,41,-12,40,-10,40,-10,36,-8,36,-5,34,-3,38,-4,37,-5,33,-2,33,1,33,-2,32,-2,31,2,30,4,30,3,29,4,28,3,27,2,27,6,29,7,27,9,26,7,26,10,26,6,24,8,23,7,25,10,23,10,21,9,23,8,22,7,21,9,22,8,20,7,19,9,20,6,20,6,18,6,16,6,15,4,17,6,16,5,15,4,14,4,11,2,10,2,12,1,12,1,10,2,10,1,9,0,0,0,0,0,0,0,0,0,0]"""
1782212766806,2026-06-23T20:06:06.806,danger,fall,lmh,bed_stand_to_lie_fall,t018,"CSI_DATA,812999,1a:00:00:00:00:00,-50,11,-98,16,32,11,218631309,47,2,256,0,""[0,0,0,0,0,0,0,0,0,0,0,0,-12,21,-14,18,-16,19,-18,20,-18,19,-20,20,-21,18,-22,19,-23,21,-23,20,-26,20,-27,21,-27,23,-29,22,-30,18,-32,20,-30,21,-32,20,-29,19,-31,22,-30,24,-34,19,-31,22,-29,21,-32,22,-31,23,-31,21,-31,23,-32,22,-29,23,-29,21,-28,26,-28,25,-27,25,-25,27,-25,28,-24,28,-22,32,-20,33,-19,35,-19,32,-18,34,-19,33,-15,38,-16,34,-14,36,-15,39,-10,38,-11,39,-12,42,-11,41,-10,43,-13,45,-12,43,-7,44,-7,46,-5,45,0,0,0,0,0,0,46,7,46,9,42,4,43,7,45,4,41,5,40,1,40,3,38,2,37,0,35,0,34,-1,36,-3,35,-5,35,-3,31,-6,32,-9,31,-9,30,-6,29,-9,28,-10,29,-10,25,-12,24,-9,24,-11,24,-13,23,-13,23,-14,23,-15,20,-15,21,-13,21,-14,20,-15,17,-15,17,-14,19,-15,18,-16,18,-13,18,-12,17,-13,16,-12,14,-11,14,-11,13,-12,15,-11,14,-10,13,-9,11,-10,11,-8,11,-8,12,-8,10,-5,10,-6,12,-5,8,-4,10,-4,9,-3,0,0,0,0,0,0,0,0,0,0]"""
1782212766818,2026-06-23T20:06:06.818,danger,fall,lmh,bed_stand_to_lie_fall,t018,"CSI_DATA,813000,1a:00:00:00:00:00,-50,11,-98,18,32,11,218642332,47,2,256,0,""[0,0,0,0,0,0,0,0,0,0,0,0,-21,6,-23,3,-24,3,-27,2,-27,0,-27,-1,-28,-1,-27,-3,-31,-4,-32,-5,-30,-7,-31,-9,-32,-9,-33,-12,-32,-14,-31,-16,-33,-16,-31,-17,-29,-17,-32,-18,-30,-17,-31,-21,-28,-23,-28,-21,-29,-22,-29,-20,-27,-23,-29,-22,-28,-22,-28,-21,-25,-22,-29,-23,-29,-21,-29,-19,-28,-20,-29,-18,-27,-17,-31,-18,-30,-21,-31,-17,-30,-19,-33,-16,-32,-17,-34,-17,-31,-18,-33,-16,-33,-18,-33,-17,-34,-18,-37,-17,-35,-20,-37,-18,-37,-21,-35,-20,-38,-21,-39,-20,-36,-20,0,0,0,0,0,0,-26,36,-25,33,-21,34,-23,30,-22,32,-25,29,-23,30,-23,29,-20,28,-23,25,-18,27,-19,24,-18,29,-17,27,-18,24,-15,23,-16,26,-16,24,-16,23,-12,22,-14,23,-16,21,-12,19,-12,20,-14,20,-13,22,-12,20,-10,21,-11,23,-9,20,-12,20,-10,19,-11,19,-10,19,-8,16,-13,16,-10,17,-10,17,-10,17,-12,14,-9,14,-12,13,-12,14,-11,13,-12,12,-8,10,-11,10,-10,11,-10,6,-9,7,-10,5,-9,5,-10,5,-7,3,-8,3,-7,3,-9,2,0,0,0,0,0,0,0,0,0,0]"""
1782212766826,2026-06-23T20:06:06.826,danger,fall,lmh,bed_stand_to_lie_fall,t018,"CSI_DATA,813001,1a:00:00:00:00:00,-51,11,-98,16,33,11,218653683,47,2,256,0,""[0,0,0,0,0,0,0,0,0,0,0,0,17,12,16,15,16,16,15,19,15,22,12,24,11,23,8,26,10,28,8,28,5,30,4,31,2,32,0,33,-2,33,-4,34,-3,35,-8,35,-8,32,-10,34,-13,32,-12,33,-14,32,-15,32,-17,32,-16,31,-19,28,-20,29,-20,28,-16,28,-19,25,-21,28,-20,26,-22,26,-21,27,-21,27,-20,24,-20,25,-22,24,-21,26,-22,25,-20,27,-22,26,-23,27,-24,24,-22,26,-24,25,-23,26,-24,26,-27,25,-26,26,-27,25,-31,24,-30,24,-31,24,-32,24,-32,23,0,0,0,0,0,0,16,35,15,35,16,32,15,33,13,32,9,33,11,32,10,33,7,32,6,30,8,28,5,28,8,29,5,27,5,27,6,26,6,26,4,24,3,25,4,24,7,25,3,25,3,21,3,23,1,24,2,23,2,23,2,22,1,22,2,20,1,21,0,21,0,20,0,19,0,19,-2,20,-1,19,-2,17,-3,18,-3,17,-4,16,-4,16,-7,16,-7,13,-7,12,-6,13,-7,11,-8,10,-8,10,-7,8,-8,8,-7,8,-7,6,-8,6,-8,4,-8,4,-8,2,0,0,0,0,0,0,0,0,0,0]"""
1782212766839,2026-06-23T20:06:06.839,danger,fall,lmh,bed_stand_to_lie_fall,t018,"CSI_DATA,813002,1a:00:00:00:00:00,-51,11,-98,15,33,11,218665771,47,2,256,0,""[0,0,0,0,0,0,0,0,0,0,0,0,7,-20,11,-19,11,-21,12,-21,13,-21,16,-20,15,-20,16,-21,18,-22,18,-22,21,-22,22,-21,22,-22,22,-22,24,-21,23,-22,25,-24,26,-22,25,-21,28,-22,28,-22,25,-22,27,-22,25,-22,27,-22,25,-22,25,-22,26,-23,24,-22,22,-25,22,-22,23,-26,22,-25,19,-24,19,-27,17,-27,17,-26,17,-29,16,-28,12,-30,13,-31,10,-31,11,-32,8,-33,10,-34,9,-33,10,-34,6,-33,5,-33,5,-37,5,-38,4,-36,5,-39,4,-37,1,-39,1,-41,0,-38,0,0,0,0,0,0,-38,0,-38,0,-38,3,-34,0,-34,0,-33,1,-33,3,-35,4,-31,5,-33,5,-30,5,-27,5,-28,8,-26,7,-27,7,-25,8,-25,11,-23,9,-22,11,-22,11,-22,14,-22,13,-20,13,-20,12,-19,14,-17,14,-18,13,-15,16,-16,16,-13,15,-14,13,-15,16,-13,15,-13,17,-12,13,-14,17,-11,15,-11,14,-11,14,-11,14,-11,13,-11,13,-11,14,-10,12,-9,12,-9,11,-9,11,-7,11,-9,11,-7,9,-7,9,-7,9,-7,8,-7,7,-7,7,-7,5,-6,5,0,0,0,0,0,0,0,0,0,0]"""
1782212766847,2026-06-23T20:06:06.847,danger,fall,lmh,bed_stand_to_lie_fall,t018,"CSI_DATA,813003,1a:00:00:00:00:00,-51,11,-98,17,33,11,218675842,47,2,256,0,""[0,0,0,0,0,0,0,0,0,0,0,0,18,-4,21,-1,21,0,24,0,23,2,24,5,25,5,24,7,25,8,25,12,25,12,25,13,26,15,25,16,23,20,22,21,24,22,21,25,20,24,20,26,20,26,18,28,16,26,17,29,16,31,15,28,12,30,14,32,12,31,13,30,11,29,12,32,12,31,10,31,12,31,10,29,11,28,12,31,12,31,13,30,12,30,12,30,11,32,13,32,11,32,12,32,12,33,12,32,11,33,12,36,12,36,9,36,7,38,6,38,12,39,7,40,7,38,0,0,0,0,0,0,38,0,38,0,37,-3,37,0,35,0,35,4,35,0,34,4,32,2,32,4,29,2,29,3,30,2,30,4,27,3,26,2,28,2,26,1,25,4,25,2,25,2,25,3,25,0,23,3,24,4,23,5,22,5,23,0,24,3,21,2,20,6,23,5,21,5,22,4,19,5,20,5,19,6,19,6,19,6,16,8,15,8,15,8,15,9,13,7,13,8,12,8,9,11,12,8,7,10,7,9,7,9,6,8,6,9,4,8,6,9,3,8,2,8,0,0,0,0,0,0,0,0,0,0]"""
1782212766863,2026-06-23T20:06:06.863,danger,fall,lmh,bed_stand_to_lie_fall,t018,"CSI_DATA,813004,1a:00:00:00:00:00,-50,11,-98,15,33,11,218687851,47,2,256,0,""[0,0,0,0,0,0,0,0,0,0,0,0,0,-21,3,-20,4,-22,7,-22,7,-22,10,-21,10,-22,12,-22,13,-24,13,-23,14,-23,16,-22,17,-24,19,-24,22,-21,23,-22,22,-24,25,-22,23,-21,25,-18,26,-18,26,-20,28,-20,26,-21,28,-21,26,-21,28,-19,27,-20,28,-19,26,-19,26,-17,27,-19,26,-20,26,-18,26,-21,27,-21,24,-19,24,-21,24,-22,23,-25,25,-24,23,-24,23,-23,23,-25,23,-22,23,-26,24,-25,22,-27,23,-28,25,-28,24,-29,25,-29,28,-30,27,-28,25,-30,27,-30,25,-31,0,0,0,0,0,0,-27,-29,-29,-29,-28,-25,-25,-27,-26,-26,-24,-26,-24,-26,-24,-25,-22,-23,-21,-22,-22,-22,-21,-21,-22,-21,-21,-21,-21,-20,-22,-17,-22,-18,-22,-18,-20,-16,-21,-16,-21,-13,-19,-17,-18,-13,-18,-13,-20,-14,-19,-13,-19,-12,-20,-11,-20,-11,-19,-11,-20,-11,-19,-11,-19,-11,-18,-11,-17,-11,-17,-11,-18,-11,-16,-10,-16,-11,-15,-11,-14,-10,-13,-11,-12,-11,-13,-10,-12,-9,-11,-9,-11,-11,-11,-10,-8,-9,-8,-9,-7,-9,-6,-9,-6,-8,-6,-8,-5,-8,-4,-7,-2,-8,0,0,0,0,0,0,0,0,0,0]"""
1782212766872,2026-06-23T20:06:06.872,danger,fall,lmh,bed_stand_to_lie_fall,t018,"CSI_DATA,813005,1a:00:00:00:00:00,-51,11,-98,18,33,11,218697875,47,2,256,0,""[0,0,0,0,0,0,0,0,0,0,0,0,16,11,15,13,15,15,16,16,15,16,14,20,15,21,14,21,15,22,15,23,15,25,15,25,16,27,15,27,13,30,15,28,15,30,12,31,14,29,15,31,13,31,14,31,12,31,15,30,13,32,15,29,12,31,14,31,14,31,15,31,14,29,18,30,16,30,16,27,18,27,18,26,19,23,21,25,21,26,24,23,24,24,25,21,25,22,28,23,26,21,27,21,29,20,28,19,30,20,33,21,31,20,32,18,34,21,31,21,36,19,37,18,36,20,0,0,0,0,0,0,20,-35,17,-34,15,-34,16,-31,15,-31,15,-31,13,-31,14,-33,12,-30,12,-27,10,-28,10,-26,8,-28,8,-26,7,-27,3,-26,4,-27,4,-26,4,-25,1,-25,0,-25,2,-24,0,-23,0,-23,0,-22,0,-22,-1,-21,-5,-21,-3,-22,-5,-21,-3,-20,-3,-21,-3,-20,-5,-20,-4,-18,-4,-21,-4,-21,-4,-18,-5,-18,-4,-16,-4,-15,-3,-15,-5,-17,-4,-15,-2,-15,-5,-14,-2,-14,-2,-15,-1,-11,0,-12,-2,-10,-1,-9,0,-9,-1,-10,0,-10,0,-8,0,-8,0,0,0,0,0,0,0,0,0,0]"""
1782212766883,2026-06-23T20:06:06.883,danger,fall,lmh,bed_stand_to_lie_fall,t018,"CSI_DATA,813006,1a:00:00:00:00:00,-52,11,-98,18,33,11,218708890,47,2,256,0,""[0,0,0,0,0,0,0,0,0,0,0,0,-15,-13,-15,-14,-15,-16,-15,-18,-15,-19,-13,-20,-13,-21,-14,-22,-15,-23,-15,-25,-14,-26,-13,-26,-15,-26,-13,-28,-11,-29,-13,-30,-14,-28,-11,-31,-11,-29,-10,-31,-10,-34,-12,-31,-11,-32,-12,-31,-12,-32,-13,-29,-10,-31,-12,-31,-13,-31,-15,-30,-12,-27,-15,-29,-15,-26,-15,-27,-17,-26,-17,-26,-17,-25,-20,-23,-21,-25,-22,-22,-22,-24,-24,-21,-23,-21,-26,-21,-23,-20,-26,-18,-26,-19,-28,-17,-28,-18,-31,-21,-30,-17,-30,-16,-31,-20,-31,-19,-34,-16,-34,-15,-31,-15,0,0,0,0,0,0,-16,33,-17,32,-11,31,-13,31,-12,31,-12,29,-9,31,-10,30,-9,29,-9,26,-7,26,-6,26,-5,26,-5,26,-4,24,0,23,0,25,0,24,0,23,0,22,3,21,0,22,3,21,2,21,2,21,5,20,5,20,6,19,5,19,6,16,5,19,6,18,5,18,6,15,5,15,5,16,6,16,6,15,6,15,6,14,7,13,6,13,6,13,5,13,5,12,6,12,4,11,5,10,4,9,4,10,3,9,3,9,3,9,2,9,2,6,1,7,0,6,0,0,0,0,0,0,0,0,0,0]"""
1782212766892,2026-06-23T20:06:06.892,danger,fall,lmh,bed_stand_to_lie_fall,t018,"CSI_DATA,813007,1a:00:00:00:00:00,-52,11,-98,16,34,11,218719308,47,2,256,0,""[0,0,0,0,0,0,0,0,0,0,0,0,15,-14,17,-12,19,-11,21,-11,22,-9,22,-7,23,-7,26,-4,27,-4,28,-3,30,-2,29,0,31,0,32,1,30,6,30,7,31,7,32,9,30,10,29,11,29,15,30,12,30,15,29,15,30,17,28,15,26,19,27,18,26,19,27,16,23,17,26,19,26,18,24,18,26,19,25,18,23,18,24,17,25,17,27,17,24,18,26,15,24,18,27,18,24,19,24,18,25,19,25,18,26,19,27,22,27,22,27,20,26,23,25,24,27,23,27,23,25,24,0,0,0,0,0,0,28,-22,27,-20,25,-20,24,-19,23,-19,25,-16,24,-15,25,-17,24,-16,23,-12,21,-13,22,-11,20,-13,21,-12,20,-12,18,-12,19,-12,19,-11,18,-10,18,-11,18,-12,18,-9,15,-11,16,-10,17,-10,16,-11,15,-8,15,-11,16,-11,14,-9,14,-8,15,-7,15,-9,14,-8,14,-7,15,-7,14,-7,14,-6,15,-4,13,-4,12,-3,13,-3,13,-3,12,-3,12,-1,11,-3,10,0,11,-1,8,0,9,0,8,0,7,0,7,1,7,1,7,3,6,1,6,3,0,0,0,0,0,0,0,0,0,0]"""
1782212766903,2026-06-23T20:06:06.903,danger,fall,lmh,bed_stand_to_lie_fall,t018,"CSI_DATA,813008,1a:00:00:00:00:00,-52,11,-98,15,34,11,218730348,47,2,256,0,""[0,0,0,0,0,0,0,0,0,0,0,0,5,20,4,20,4,22,2,23,1,25,0,24,0,24,0,26,-2,28,-2,28,-4,29,-3,30,-3,30,-4,30,-8,31,-9,32,-7,32,-11,32,-10,30,-10,28,-13,30,-10,32,-13,31,-10,33,-11,33,-9,30,-12,30,-10,30,-11,31,-8,30,-9,28,-8,31,-8,31,-6,30,-5,31,-4,31,-4,29,-3,31,-1,30,0,31,0,31,0,30,0,31,3,32,1,30,2,31,4,31,4,31,5,32,5,35,8,33,7,32,6,35,6,35,8,35,9,35,8,34,0,0,0,0,0,0,35,-9,33,-8,31,-9,31,-7,30,-9,31,-8,27,-10,28,-9,26,-8,25,-8,24,-8,23,-8,23,-10,22,-9,21,-9,20,-12,21,-13,19,-12,18,-11,17,-11,17,-13,17,-13,14,-13,15,-13,14,-14,13,-13,14,-13,11,-15,13,-15,11,-13,12,-13,12,-14,10,-14,9,-13,8,-13,10,-14,10,-13,8,-13,9,-13,8,-12,8,-11,8,-11,8,-11,8,-10,8,-9,8,-9,7,-8,7,-9,6,-7,6,-6,6,-6,6,-6,6,-4,6,-6,5,-4,5,-4,6,-4,0,0,0,0,0,0,0,0,0,0]"""
1782212766926,2026-06-23T20:06:06.926,danger,fall,lmh,bed_stand_to_lie_fall,t018,"CSI_DATA,813009,1a:00:00:00:00:00,-51,11,-98,19,32,11,218752319,47,2,256,0,""[0,0,0,0,0,0,0,0,0,0,0,0,20,-12,21,-10,22,-10,25,-8,25,-6,26,-5,27,-3,29,0,32,0,31,0,33,2,33,1,35,3,35,7,34,11,33,10,36,11,36,14,33,14,33,19,33,22,33,20,33,20,34,18,33,22,32,18,29,23,30,25,30,22,30,21,26,23,30,23,30,22,28,22,30,21,29,21,27,21,29,20,31,21,32,18,30,20,32,19,31,22,32,20,29,20,31,20,32,21,32,20,33,22,36,22,33,21,35,22,33,26,30,25,33,24,34,23,33,26,0,0,0,0,0,0,30,-30,30,-29,25,-30,28,-26,26,-26,27,-21,25,-25,28,-25,25,-22,26,-19,22,-22,23,-19,22,-21,22,-22,21,-19,19,-19,22,-22,20,-20,21,-17,19,-18,18,-17,18,-16,15,-18,16,-15,17,-14,16,-17,15,-15,14,-17,15,-16,12,-16,15,-13,15,-15,16,-15,12,-16,13,-12,16,-13,15,-14,13,-12,17,-12,15,-11,14,-11,14,-10,14,-10,12,-9,14,-8,11,-7,13,-6,13,-5,10,-3,11,-4,11,-2,11,-2,10,-1,8,-2,10,-1,8,0,9,1,0,0,0,0,0,0,0,0,0,0]"""
1782212766935,2026-06-23T20:06:06.935,danger,fall,lmh,bed_stand_to_lie_fall,t018,"CSI_DATA,813010,1a:00:00:00:00:00,-51,11,-98,16,33,11,218752440,47,2,256,0,""[0,0,0,0,0,0,0,0,0,0,0,0,17,-12,18,-11,21,-12,24,-10,24,-9,24,-7,26,-6,25,-3,30,-4,31,-4,32,-1,31,0,33,0,32,0,34,6,33,5,35,5,35,10,35,9,32,12,31,16,35,12,32,15,34,14,34,16,32,14,31,16,32,17,32,16,32,14,29,16,33,16,30,17,30,15,32,16,31,16,29,15,31,14,31,15,32,12,31,15,32,11,31,15,32,14,32,13,32,14,32,14,33,12,33,14,36,15,36,15,34,14,35,16,35,17,38,16,37,16,36,17,0,0,0,0,0,0,22,-33,22,-32,20,-32,20,-29,20,-30,21,-27,18,-28,21,-28,19,-25,17,-24,16,-24,17,-22,16,-24,17,-24,16,-22,14,-23,13,-24,11,-23,16,-20,10,-22,12,-22,12,-20,11,-19,11,-19,12,-19,11,-20,11,-18,8,-21,9,-20,8,-18,10,-18,10,-17,9,-18,8,-18,9,-16,10,-16,10,-16,11,-15,10,-15,10,-14,9,-13,10,-14,10,-13,10,-12,10,-10,8,-10,10,-8,9,-10,9,-8,8,-7,8,-6,8,-6,9,-5,8,-4,9,-4,8,-2,7,-1,0,0,0,0,0,0,0,0,0,0]"""
1782212766946,2026-06-23T20:06:06.946,danger,fall,lmh,bed_stand_to_lie_fall,t018,"CSI_DATA,813011,1a:00:00:00:00:00,-50,11,-98,22,31,11,218763338,47,2,256,0,""[0,0,0,0,0,0,0,0,0,0,0,0,20,12,19,15,19,16,17,19,16,22,13,25,11,25,9,26,12,31,7,32,4,33,3,33,0,37,0,35,-5,38,-5,35,-6,37,-11,36,-11,34,-17,37,-20,35,-20,33,-21,31,-22,32,-26,31,-23,30,-27,26,-28,28,-26,27,-25,26,-29,23,-32,26,-31,22,-29,21,-29,21,-30,21,-31,19,-28,21,-31,21,-32,22,-31,17,-30,22,-33,18,-34,18,-33,17,-33,16,-36,16,-35,15,-35,14,-41,14,-39,13,-39,10,-43,10,-41,7,-44,9,-43,9,-41,4,0,0,0,0,0,0,-2,43,-4,42,-1,39,-4,37,-5,38,-9,35,-6,35,-10,37,-9,33,-12,32,-11,30,-12,29,-11,31,-12,30,-13,26,-12,26,-13,27,-13,27,-15,24,-11,22,-12,24,-14,22,-12,21,-11,20,-15,19,-14,19,-13,16,-14,18,-16,19,-12,19,-14,17,-16,16,-15,15,-14,16,-15,14,-17,13,-16,14,-17,12,-16,14,-15,9,-16,9,-15,5,-17,5,-16,5,-16,3,-14,4,-15,2,-15,3,-14,0,-13,0,-12,0,-11,0,-11,-1,-11,-3,-8,-3,-5,-3,-7,-4,0,0,0,0,0,0,0,0,0,0]"""
1782212766955,2026-06-23T20:06:06.955,danger,fall,lmh,bed_stand_to_lie_fall,t018,"CSI_DATA,813012,1a:00:00:00:00:00,-50,11,-98,18,32,11,218774816,47,2,256,0,""[0,0,0,0,0,0,0,0,0,0,0,0,12,-20,15,-17,16,-19,20,-17,21,-17,23,-15,24,-12,27,-10,32,-10,31,-8,32,-6,32,-5,33,-5,35,-2,36,0,36,3,35,3,38,7,33,5,37,12,37,15,35,15,36,16,34,14,35,16,33,16,32,19,31,19,33,22,32,19,28,22,30,21,30,23,29,22,30,20,30,22,28,22,26,23,29,22,30,23,28,23,29,21,26,24,31,23,25,24,28,24,28,26,30,24,28,28,29,30,29,29,27,30,25,34,26,34,28,33,27,33,26,35,0,0,0,0,0,0,39,-18,40,-17,35,-19,37,-14,37,-15,33,-10,36,-14,34,-11,31,-9,32,-6,32,-8,30,-6,30,-8,33,-7,31,-4,27,-7,29,-5,28,-7,25,-3,27,-5,25,-5,29,-3,23,-3,23,-2,25,-2,23,-2,23,-1,23,-2,24,-3,22,-3,23,-1,23,0,21,0,21,0,20,0,20,0,20,0,20,1,20,2,17,2,18,3,16,5,18,3,16,3,16,4,14,6,13,7,14,5,10,7,11,6,9,7,9,7,8,7,6,9,6,8,5,7,3,7,0,0,0,0,0,0,0,0,0,0]"""
1782212766964,2026-06-23T20:06:06.964,danger,fall,lmh,bed_stand_to_lie_fall,t018,"CSI_DATA,813013,1a:00:00:00:00:00,-51,11,-98,18,32,11,218785791,47,2,256,0,""[0,0,0,0,0,0,0,0,0,0,0,0,22,0,22,2,23,4,24,7,25,8,25,14,24,13,24,16,26,17,23,17,23,22,24,20,25,22,23,26,19,29,18,29,20,30,16,33,14,34,11,33,5,33,11,35,7,35,9,35,5,38,7,34,2,37,2,39,2,35,1,35,1,32,1,37,0,35,-1,35,0,35,0,35,0,33,0,35,0,36,2,34,0,36,2,33,0,36,0,38,-3,38,-1,36,-1,37,-2,38,-2,37,-4,39,-2,39,-6,40,-8,41,-9,40,-7,40,-7,42,-8,38,0,0,0,0,0,0,37,16,36,14,37,15,35,18,33,16,31,18,31,16,33,19,29,18,27,17,26,18,23,18,27,16,25,16,25,16,24,14,26,13,22,15,21,16,20,15,22,13,21,16,18,13,18,15,17,15,19,15,17,15,20,13,18,14,19,12,17,15,17,16,16,16,16,14,15,14,15,15,15,15,13,14,14,16,10,17,11,13,11,15,9,16,10,15,6,15,6,14,6,15,5,14,2,13,1,13,1,11,1,11,0,12,0,11,1,9,0,10,0,10,0,0,0,0,0,0,0,0,0,0]"""
1782212766974,2026-06-23T20:06:06.974,danger,fall,lmh,bed_stand_to_lie_fall,t018,"CSI_DATA,813014,1a:00:00:00:00:00,-51,11,-98,16,33,11,218796354,47,2,256,0,""[0,0,0,0,0,0,0,0,0,0,0,0,16,12,15,16,14,17,14,20,12,22,9,23,8,24,8,25,7,29,4,30,3,30,0,30,0,32,-1,31,-6,33,-7,33,-6,33,-11,33,-12,31,-16,31,-18,32,-15,31,-19,30,-19,29,-22,30,-19,28,-24,24,-24,25,-24,24,-23,24,-23,22,-26,24,-24,23,-24,22,-25,23,-24,23,-25,21,-24,23,-25,21,-25,23,-26,20,-25,23,-27,20,-27,23,-26,20,-27,20,-29,20,-28,21,-30,20,-32,20,-32,18,-32,18,-36,18,-35,16,-36,16,-36,14,-36,16,0,0,0,0,0,0,7,38,6,39,9,36,6,36,4,35,2,33,3,34,1,34,0,32,0,31,0,31,-1,28,0,29,0,27,0,27,0,27,0,28,-1,25,-4,25,0,25,0,25,-2,24,-1,23,-1,22,-2,22,-2,22,-3,23,-2,22,-5,22,0,21,-3,20,-4,22,-4,21,-3,20,-4,19,-6,19,-5,19,-6,18,-7,18,-7,16,-7,16,-8,16,-8,14,-8,14,-9,12,-8,12,-10,11,-10,10,-9,8,-9,8,-9,7,-10,7,-10,6,-8,4,-10,3,-9,2,-9,1,0,0,0,0,0,0,0,0,0,0]"""
1782212766985,2026-06-23T20:06:06.985,danger,fall,lmh,bed_stand_to_lie_fall,t018,"CSI_DATA,813015,1a:00:00:00:00:00,-51,11,-98,16,33,11,218807420,47,2,256,0,""[0,0,0,0,0,0,0,0,0,0,0,0,-5,-18,-1,-21,0,-21,0,-24,3,-23,4,-24,7,-24,9,-23,10,-25,13,-25,14,-24,16,-25,18,-24,20,-24,24,-22,24,-21,25,-23,27,-19,27,-16,31,-17,30,-15,31,-15,31,-13,32,-13,34,-11,32,-10,32,-7,34,-8,32,-7,32,-8,31,-6,34,-7,33,-5,32,-4,32,-3,32,-4,30,-4,32,-7,32,-3,32,-5,33,-2,32,-6,33,-4,34,-6,33,-2,33,-2,34,-1,33,-1,34,0,37,0,36,0,36,1,39,4,37,4,39,4,39,4,39,5,0,0,0,0,0,0,13,-37,13,-34,10,-35,13,-32,12,-31,14,-29,11,-29,15,-31,14,-27,16,-27,14,-25,15,-24,13,-24,14,-23,14,-23,12,-22,11,-24,13,-22,14,-20,11,-20,10,-21,12,-19,10,-20,12,-19,13,-17,12,-17,11,-17,11,-18,12,-17,9,-17,11,-16,12,-16,12,-15,11,-16,11,-14,13,-14,14,-14,14,-13,14,-12,13,-11,12,-10,14,-10,15,-9,13,-8,13,-7,12,-8,12,-5,13,-5,13,-4,11,-3,10,-4,10,-1,11,0,9,0,10,0,8,0,8,1,0,0,0,0,0,0,0,0,0,0]"""
1782212766997,2026-06-23T20:06:06.997,danger,fall,lmh,bed_stand_to_lie_fall,t018,"CSI_DATA,813016,1a:00:00:00:00:00,-52,11,-98,14,34,11,218818653,47,2,256,0,""[0,0,0,0,0,0,0,0,0,0,0,0,-18,-2,-19,-6,-20,-6,-21,-9,-21,-10,-19,-14,-20,-15,-17,-17,-20,-18,-18,-20,-18,-21,-17,-22,-17,-24,-16,-25,-13,-28,-12,-28,-13,-29,-10,-31,-10,-31,-6,-32,-5,-34,-5,-32,-4,-32,-4,-33,-2,-33,-1,-31,0,-32,1,-32,2,-32,0,-32,2,-31,1,-33,4,-31,3,-30,3,-32,3,-31,2,-29,1,-31,1,-32,1,-31,2,-31,0,-31,1,-31,2,-32,4,-31,4,-31,4,-33,5,-32,5,-32,5,-36,5,-36,5,-36,10,-35,9,-36,7,-37,9,-37,10,-34,0,0,0,0,0,0,-32,-16,-31,-15,-32,-13,-30,-15,-29,-15,-26,-15,-28,-14,-26,-15,-25,-15,-24,-16,-23,-15,-21,-15,-22,-14,-21,-13,-21,-15,-21,-11,-22,-12,-19,-12,-18,-14,-21,-12,-20,-10,-19,-12,-16,-10,-16,-11,-17,-11,-16,-10,-15,-12,-17,-8,-15,-10,-17,-9,-16,-10,-15,-11,-15,-10,-15,-10,-14,-11,-15,-10,-13,-11,-12,-10,-12,-12,-11,-11,-10,-10,-10,-11,-10,-10,-9,-10,-8,-10,-8,-12,-7,-11,-6,-11,-4,-10,-4,-10,-3,-10,-3,-10,-1,-9,-3,-9,-2,-9,-1,-9,0,-8,0,0,0,0,0,0,0,0,0,0]"""
1782212767007,2026-06-23T20:06:07.007,danger,fall,lmh,bed_stand_to_lie_fall,t018,"CSI_DATA,813017,1a:00:00:00:00:00,-52,11,-98,16,34,11,218832774,47,2,256,0,""[0,0,0,0,0,0,0,0,0,0,0,0,-10,15,-11,13,-13,14,-16,14,-17,12,-19,11,-20,8,-21,7,-23,7,-25,6,-26,5,-27,3,-27,3,-28,1,-30,-3,-30,-3,-30,-3,-31,-7,-29,-8,-27,-11,-28,-13,-28,-11,-27,-15,-28,-14,-28,-15,-26,-16,-25,-18,-26,-19,-24,-19,-24,-19,-22,-18,-24,-20,-22,-20,-23,-20,-23,-20,-22,-19,-19,-20,-21,-20,-20,-21,-23,-19,-21,-22,-22,-19,-21,-22,-24,-21,-20,-23,-20,-21,-19,-23,-21,-23,-21,-24,-20,-27,-22,-27,-20,-26,-19,-30,-18,-29,-21,-30,-18,-30,-18,-30,0,0,0,0,0,0,-32,11,-31,11,-30,12,-30,8,-29,8,-29,6,-27,7,-30,8,-27,6,-27,3,-25,3,-25,3,-25,3,-24,3,-24,3,-22,3,-23,3,-22,3,-20,2,-20,2,-21,4,-22,2,-19,3,-19,2,-20,1,-19,2,-18,0,-19,3,-19,0,-17,1,-18,0,-18,0,-18,0,-18,0,-15,0,-16,-1,-16,0,-15,-1,-16,-1,-13,-2,-13,-2,-14,-3,-14,-3,-13,-3,-11,-3,-11,-4,-11,-3,-11,-5,-8,-5,-7,-4,-7,-5,-7,-5,-7,-5,-6,-5,-6,-6,-4,-3,-3,-6,0,0,0,0,0,0,0,0,0,0]"""
1782212767018,2026-06-23T20:06:07.018,danger,fall,lmh,bed_stand_to_lie_fall,t018,"CSI_DATA,813018,1a:00:00:00:00:00,-52,11,-98,16,34,11,218840745,47,2,256,0,""[0,0,0,0,0,0,0,0,0,0,0,0,-18,3,-18,1,-19,0,-19,-1,-21,-4,-21,-5,-22,-6,-22,-8,-23,-8,-23,-11,-22,-12,-23,-13,-24,-16,-23,-16,-21,-19,-20,-20,-22,-20,-19,-23,-17,-23,-19,-23,-15,-24,-16,-27,-14,-27,-15,-27,-14,-29,-14,-27,-11,-28,-11,-28,-10,-27,-12,-27,-9,-28,-11,-30,-9,-27,-10,-28,-10,-29,-10,-27,-9,-25,-11,-27,-10,-27,-13,-27,-11,-28,-11,-27,-11,-27,-13,-30,-10,-30,-11,-29,-10,-30,-11,-28,-11,-30,-11,-31,-11,-31,-11,-31,-8,-33,-8,-32,-11,-35,-10,-33,-7,-34,0,0,0,0,0,0,-34,3,-34,3,-32,6,-31,2,-31,1,-30,1,-30,2,-30,0,-27,0,-27,0,-26,0,-24,0,-25,1,-24,0,-23,0,-22,0,-23,1,-23,1,-21,0,-19,1,-19,3,-20,0,-19,3,-19,1,-19,1,-19,0,-19,0,-18,3,-19,2,-15,3,-17,1,-18,1,-16,2,-17,2,-15,1,-17,1,-16,0,-15,0,-16,0,-14,0,-13,0,-14,-1,-14,-1,-13,0,-12,0,-11,-1,-11,-3,-11,-1,-9,-3,-10,-1,-8,-3,-8,-2,-8,-2,-7,-4,-7,-3,-6,-3,-4,-4,0,0,0,0,0,0,0,0,0,0]"""
1782212767026,2026-06-23T20:06:07.026,danger,fall,lmh,bed_stand_to_lie_fall,t018,"CSI_DATA,813019,1a:00:00:00:00:00,-52,11,-98,18,34,11,218851346,47,2,256,0,""[0,0,0,0,0,0,0,0,0,0,0,0,14,-10,15,-8,17,-8,18,-7,20,-5,20,-2,21,-2,22,-2,24,0,25,2,25,2,25,3,27,5,28,6,26,10,27,11,27,11,25,14,24,15,24,15,22,17,24,17,23,20,22,19,23,21,22,20,18,22,20,23,18,23,20,23,17,21,18,23,19,23,17,23,17,23,17,23,16,22,17,22,19,23,20,22,17,23,17,23,17,24,19,23,16,23,17,23,16,25,17,24,17,26,17,26,18,26,18,27,16,29,15,29,17,30,17,31,15,30,0,0,0,0,0,0,33,-10,32,-9,30,-11,29,-6,29,-8,28,-5,29,-7,29,-5,26,-6,26,-3,25,-4,23,-4,23,-5,24,-4,23,-4,21,-3,23,-5,21,-4,20,-2,20,-3,19,-4,20,-3,18,-3,19,-3,20,-1,19,-2,17,-3,17,-3,17,-4,16,-5,16,-2,17,-2,17,-2,16,-2,14,-2,17,-2,15,0,16,0,15,0,14,0,13,0,13,1,14,0,13,0,14,2,11,2,10,2,11,2,9,3,8,2,8,3,8,3,8,3,7,5,6,4,6,4,5,4,0,0,0,0,0,0,0,0,0,0]"""
1782212767044,2026-06-23T20:06:07.044,danger,fall,lmh,bed_stand_to_lie_fall,t018,"CSI_DATA,813020,1a:00:00:00:00:00,-53,11,-98,16,35,11,218871838,47,2,256,0,""[0,0,0,0,0,0,0,0,0,0,0,0,14,-7,15,-5,16,-4,17,-4,18,-2,18,0,19,0,20,2,22,1,21,4,22,4,22,4,25,5,24,8,24,11,23,11,24,12,22,14,22,14,21,16,20,19,22,16,20,18,21,18,21,19,20,18,16,19,19,20,17,20,19,19,15,19,19,19,18,19,16,19,18,19,17,19,16,18,17,19,17,18,20,19,19,20,19,17,19,19,20,20,18,20,19,19,19,21,20,19,19,20,21,21,20,23,21,21,20,25,18,24,21,23,21,24,20,24,0,0,0,0,0,0,26,-16,26,-15,26,-17,24,-13,24,-14,23,-13,22,-14,24,-12,22,-9,21,-9,20,-11,21,-9,19,-12,20,-11,19,-9,17,-10,18,-11,17,-11,17,-9,16,-9,16,-12,16,-9,14,-9,15,-9,16,-9,15,-9,14,-8,14,-10,14,-9,12,-9,13,-7,13,-9,13,-9,12,-9,12,-7,14,-8,12,-7,12,-7,13,-7,12,-5,11,-6,11,-4,12,-6,12,-4,11,-3,10,-4,10,-2,10,-3,9,-2,8,-1,9,-1,8,0,8,-1,8,0,7,0,7,0,7,2,0,0,0,0,0,0,0,0,0,0]"""
1782212767054,2026-06-23T20:06:07.054,danger,fall,lmh,bed_stand_to_lie_fall,t018,"CSI_DATA,813021,1a:00:00:00:00:00,-53,11,-98,17,35,11,218873412,47,2,256,0,""[0,0,0,0,0,0,0,0,0,0,0,0,-15,5,-16,3,-17,3,-17,2,-17,1,-19,0,-19,0,-19,-2,-22,-2,-22,-2,-23,-3,-22,-2,-24,-2,-26,-3,-25,-8,-24,-7,-26,-6,-25,-8,-22,-8,-25,-11,-25,-10,-25,-11,-25,-10,-26,-10,-26,-11,-25,-8,-24,-10,-24,-11,-24,-11,-25,-8,-23,-8,-26,-8,-25,-9,-24,-7,-26,-7,-24,-6,-24,-5,-26,-3,-26,-4,-26,0,-26,-2,-26,0,-26,-2,-28,0,-27,-1,-26,0,-28,0,-26,1,-28,1,-31,2,-29,3,-29,3,-31,2,-30,2,-32,4,-30,5,-31,4,0,0,0,0,0,0,2,30,4,30,6,29,2,28,4,28,4,27,5,25,5,27,4,24,4,24,5,22,4,22,6,22,6,21,8,20,8,18,9,19,9,19,9,19,9,15,12,15,10,16,9,14,8,15,9,14,8,15,10,13,11,13,11,13,11,10,11,11,11,12,11,11,11,11,11,11,11,11,11,11,11,9,11,10,10,9,10,7,10,8,9,9,9,7,8,8,8,7,8,6,8,7,6,7,6,6,6,7,4,6,4,6,4,6,3,4,3,4,2,6,0,0,0,0,0,0,0,0,0,0]"""
1782212767065,2026-06-23T20:06:07.065,danger,fall,lmh,bed_stand_to_lie_fall,t018,"CSI_DATA,813022,1a:00:00:00:00:00,-53,11,-98,14,36,11,218886621,47,2,256,0,""[0,0,0,0,0,0,0,0,0,0,0,0,8,-12,8,-12,11,-12,12,-12,13,-12,14,-11,14,-12,14,-12,18,-12,16,-12,18,-12,18,-12,20,-13,20,-12,21,-10,22,-10,22,-12,24,-11,21,-10,24,-11,24,-12,24,-10,24,-10,23,-10,24,-11,22,-11,23,-10,24,-11,24,-11,22,-12,22,-10,22,-12,21,-13,20,-14,21,-14,20,-15,19,-15,18,-16,20,-18,18,-19,18,-18,16,-20,16,-20,15,-22,16,-20,14,-21,14,-22,13,-22,14,-24,14,-26,14,-25,13,-26,14,-26,14,-27,12,-28,11,-28,12,-28,0,0,0,0,0,0,-27,-13,-27,-11,-26,-10,-26,-10,-27,-8,-24,-9,-25,-7,-26,-8,-24,-6,-23,-6,-22,-5,-21,-4,-22,-4,-21,-3,-21,-3,-20,-1,-21,0,-20,0,-19,0,-19,0,-18,3,-18,2,-16,4,-17,3,-17,3,-16,4,-17,4,-15,7,-16,6,-14,7,-15,5,-15,6,-14,7,-14,6,-12,6,-13,6,-13,6,-12,7,-12,7,-12,5,-11,6,-11,7,-12,6,-10,6,-9,4,-10,6,-8,4,-8,6,-8,4,-7,4,-8,3,-6,3,-8,3,-6,3,-6,2,-6,3,-7,2,0,0,0,0,0,0,0,0,0,0]"""
1782212767074,2026-06-23T20:06:07.074,danger,fall,lmh,bed_stand_to_lie_fall,t018,"CSI_DATA,813023,1a:00:00:00:00:00,-53,11,-98,20,35,11,218898157,47,2,256,0,""[0,0,0,0,0,0,0,0,0,0,0,0,12,8,11,9,10,11,11,12,10,14,8,15,8,15,6,18,6,19,5,21,4,21,3,22,2,23,0,24,-2,23,-2,25,-2,25,-6,25,-6,23,-6,21,-8,22,-10,24,-12,23,-11,21,-14,22,-13,22,-15,20,-16,21,-16,18,-15,18,-15,17,-17,18,-17,18,-17,17,-17,18,-17,18,-17,17,-16,18,-18,17,-17,18,-18,17,-18,18,-18,17,-18,18,-19,16,-18,16,-20,17,-19,16,-22,17,-23,17,-23,17,-23,18,-27,15,-25,14,-26,14,-27,15,-26,12,0,0,0,0,0,0,8,29,8,29,8,26,6,27,5,27,5,26,5,26,3,25,1,23,1,23,1,22,1,22,1,23,0,22,0,22,1,20,0,21,1,20,0,18,0,19,1,20,0,18,0,17,-1,17,-1,18,0,17,0,16,0,17,-1,17,0,16,-2,15,-1,15,-2,15,-3,15,-2,14,-3,15,-3,13,-3,13,-4,14,-4,13,-5,11,-5,11,-5,12,-6,10,-5,8,-6,8,-6,8,-7,7,-6,6,-6,5,-6,6,-6,5,-6,4,-7,3,-5,3,-6,2,-6,1,0,0,0,0,0,0,0,0,0,0]"""
1782212767083,2026-06-23T20:06:07.083,danger,fall,lmh,bed_stand_to_lie_fall,t018,"CSI_DATA,813024,1a:00:00:00:00:00,-53,11,-98,20,35,11,218906307,47,2,256,0,""[0,0,0,0,0,0,0,0,0,0,0,0,-9,10,-11,9,-12,8,-14,8,-15,8,-15,6,-16,8,-16,6,-19,7,-19,6,-21,6,-20,6,-21,7,-23,6,-22,3,-24,3,-25,5,-24,2,-25,1,-23,3,-22,2,-26,1,-24,1,-24,3,-26,1,-24,3,-25,1,-25,1,-24,1,-24,3,-23,2,-25,3,-24,3,-23,3,-24,5,-24,6,-22,6,-22,8,-23,8,-22,10,-23,8,-22,11,-23,11,-22,11,-23,12,-22,13,-23,13,-22,14,-22,15,-23,16,-22,16,-23,17,-25,17,-23,16,-23,19,-22,18,-22,19,0,0,0,0,0,0,17,23,18,23,18,21,17,22,18,20,17,20,17,18,18,19,17,17,15,17,17,15,15,14,18,15,17,13,17,13,17,10,17,11,17,10,17,10,16,9,18,7,17,8,16,6,15,7,15,6,16,5,16,4,16,3,16,3,16,1,16,3,17,3,16,2,15,1,15,2,15,2,14,2,13,2,13,2,14,3,13,1,13,1,12,1,11,1,11,2,11,1,10,3,10,1,10,2,8,1,7,2,8,1,7,3,6,2,7,3,6,2,6,4,0,0,0,0,0,0,0,0,0,0]"""
1782212767093,2026-06-23T20:06:07.093,danger,fall,lmh,bed_stand_to_lie_fall,t018,"CSI_DATA,813025,1a:00:00:00:00:00,-53,11,-98,17,35,11,218917307,47,2,256,0,""[0,0,0,0,0,0,0,0,0,0,0,0,13,6,12,8,13,9,13,11,14,13,11,12,13,13,12,15,13,16,13,16,13,17,13,17,13,18,14,19,12,21,11,22,13,20,11,23,11,20,10,21,8,22,11,24,11,24,11,23,12,25,11,22,10,23,11,24,11,24,12,22,11,22,12,22,13,22,13,21,13,21,15,21,15,19,17,18,17,18,19,19,17,18,19,16,19,17,21,16,19,15,20,15,19,16,22,14,24,16,26,16,24,14,25,13,25,15,25,15,28,14,28,13,26,13,0,0,0,0,0,0,15,-28,14,-27,11,-26,11,-25,10,-26,11,-24,9,-24,9,-24,9,-23,8,-21,7,-22,7,-20,5,-22,6,-23,4,-20,1,-20,0,-22,2,-21,2,-19,0,-19,0,-17,0,-19,-1,-17,0,-17,0,-18,-2,-17,-2,-17,-5,-15,-4,-17,-5,-15,-4,-15,-4,-15,-4,-15,-5,-14,-5,-15,-4,-14,-4,-15,-5,-13,-4,-13,-4,-12,-4,-12,-5,-11,-4,-13,-4,-11,-4,-11,-3,-9,-2,-8,-4,-11,-2,-8,-2,-8,-2,-8,-2,-6,0,-7,0,-7,-1,-8,-1,-6,0,-6,0,0,0,0,0,0,0,0,0,0]"""
1782212767105,2026-06-23T20:06:07.105,danger,fall,lmh,bed_stand_to_lie_fall,t018,"CSI_DATA,813026,1a:00:00:00:00:00,-53,11,-98,16,35,11,218931386,47,2,256,0,""[0,0,0,0,0,0,0,0,0,0,0,0,-5,14,-8,14,-9,14,-11,14,-12,13,-14,12,-14,12,-16,11,-17,11,-19,9,-21,9,-21,8,-23,8,-23,7,-26,4,-25,4,-26,4,-26,1,-26,0,-28,-2,-28,-4,-26,-2,-26,-2,-27,-4,-29,-5,-26,-5,-26,-7,-26,-7,-26,-7,-26,-7,-24,-8,-28,-9,-25,-9,-24,-8,-25,-7,-24,-8,-24,-7,-26,-7,-25,-9,-26,-6,-26,-9,-25,-5,-25,-9,-29,-8,-25,-9,-26,-8,-26,-9,-26,-8,-26,-8,-28,-10,-28,-10,-27,-9,-28,-13,-28,-14,-29,-13,-29,-13,-28,-14,0,0,0,0,0,0,-17,26,-18,25,-17,26,-16,24,-16,22,-17,20,-16,21,-18,22,-16,19,-16,18,-16,18,-15,17,-16,19,-14,17,-14,16,-12,16,-13,17,-13,15,-14,14,-12,15,-11,16,-13,14,-11,14,-12,14,-12,13,-11,14,-12,13,-10,13,-12,13,-9,13,-10,12,-11,13,-11,12,-10,12,-9,12,-11,11,-12,10,-10,11,-11,10,-9,8,-9,7,-9,7,-11,7,-11,7,-10,5,-8,6,-10,4,-9,4,-8,3,-9,2,-7,3,-8,2,-7,0,-7,2,-8,0,-6,0,-7,0,0,0,0,0,0,0,0,0,0,0]"""
1782212767115,2026-06-23T20:06:07.115,danger,fall,lmh,bed_stand_to_lie_fall,t018,"CSI_DATA,813027,1a:00:00:00:00:00,-53,11,-98,17,35,11,218939307,47,2,256,0,""[0,0,0,0,0,0,0,0,0,0,0,0,14,4,14,5,15,9,14,11,15,13,13,14,12,14,11,17,12,19,11,20,8,22,8,22,8,24,6,25,2,26,0,27,0,27,-2,28,-2,25,-6,28,-7,29,-8,26,-10,26,-10,26,-13,26,-11,26,-14,24,-15,22,-16,23,-16,23,-16,21,-17,22,-17,21,-17,20,-18,21,-18,21,-18,19,-19,19,-19,19,-19,19,-19,18,-20,19,-21,19,-22,20,-21,17,-21,18,-23,17,-23,17,-24,17,-26,17,-25,16,-26,16,-28,15,-30,13,-29,14,-28,11,-28,11,0,0,0,0,0,0,5,32,4,32,5,30,2,30,2,29,1,28,1,28,0,28,0,25,-2,26,-1,24,-2,24,-2,24,-4,22,-4,23,-2,20,-3,22,-3,20,-4,19,-2,19,-2,19,-5,19,-4,16,-5,17,-4,18,-5,17,-5,17,-4,17,-5,15,-4,15,-6,15,-6,15,-7,15,-6,14,-6,14,-8,13,-8,13,-8,11,-8,12,-8,11,-9,9,-9,9,-9,9,-8,8,-10,7,-9,6,-10,5,-9,6,-8,4,-8,3,-8,2,-7,2,-7,1,-6,0,-8,0,-6,0,-6,-1,0,0,0,0,0,0,0,0,0,0]"""
1782212767124,2026-06-23T20:06:07.124,danger,fall,lmh,bed_stand_to_lie_fall,t018,"CSI_DATA,813028,1a:00:00:00:00:00,-52,11,-98,19,34,11,218951114,47,2,256,0,""[0,0,0,0,0,0,0,0,0,0,0,0,-13,8,-14,8,-16,8,-18,7,-18,5,-18,5,-19,5,-20,4,-22,4,-24,3,-23,3,-24,3,-26,1,-26,0,-25,-2,-27,-2,-28,0,-29,-2,-26,-2,-29,-5,-29,-6,-29,-5,-29,-5,-29,-4,-30,-5,-27,-4,-27,-6,-28,-5,-29,-7,-27,-4,-26,-5,-29,-4,-28,-3,-26,-2,-29,-2,-29,-1,-27,0,-28,0,-28,0,-29,2,-28,1,-29,2,-27,3,-30,4,-28,3,-30,5,-30,4,-29,7,-30,7,-32,7,-30,7,-30,8,-32,7,-32,8,-33,8,-33,9,-32,11,0,0,0,0,0,0,6,32,8,33,10,30,7,29,9,29,7,27,8,28,9,27,7,26,8,24,9,24,8,23,10,24,10,23,10,21,11,20,12,21,11,19,10,18,10,18,14,17,12,18,11,16,12,15,12,15,12,13,12,13,13,13,13,13,14,10,13,13,13,11,13,13,13,10,11,10,13,12,13,10,12,11,12,9,11,10,11,9,10,10,11,10,10,9,9,8,8,8,9,8,9,7,7,8,7,8,7,7,6,7,5,7,5,8,3,7,5,6,3,7,0,0,0,0,0,0,0,0,0,0]"""
1782212767134,2026-06-23T20:06:07.134,danger,fall,lmh,bed_stand_to_lie_fall,t018,"CSI_DATA,813029,1a:00:00:00:00:00,-52,11,-98,18,34,11,218962214,47,2,256,0,""[0,0,0,0,0,0,0,0,0,0,0,0,7,14,5,15,3,17,2,18,0,20,0,18,0,20,-2,20,-3,23,-5,22,-5,24,-6,23,-8,24,-9,23,-14,22,-14,23,-14,23,-18,22,-17,20,-17,20,-19,17,-20,20,-20,20,-20,19,-23,20,-20,19,-23,16,-23,17,-24,16,-23,16,-22,14,-24,16,-23,15,-23,14,-24,16,-24,16,-22,14,-23,18,-23,17,-23,17,-23,16,-23,17,-25,16,-24,18,-23,15,-23,17,-25,17,-23,18,-26,18,-26,17,-26,18,-26,19,-29,17,-30,16,-29,17,-30,17,-29,17,0,0,0,0,0,0,13,32,11,30,14,30,10,31,10,29,9,29,9,28,9,29,6,26,6,26,7,26,5,24,7,26,6,24,7,23,8,22,8,23,7,21,5,22,8,20,8,20,5,21,6,19,5,20,5,20,5,19,6,18,8,18,7,19,7,17,5,17,5,17,5,18,5,17,4,16,4,17,2,17,3,17,3,17,2,16,2,15,2,16,0,15,0,15,0,14,0,13,0,14,0,13,-2,11,-2,11,-2,11,-2,10,-3,9,-4,8,-2,8,-2,7,-4,6,0,0,0,0,0,0,0,0,0,0]"""
1782212767148,2026-06-23T20:06:07.148,danger,fall,lmh,bed_stand_to_lie_fall,t018,"CSI_DATA,813030,1a:00:00:00:00:00,-51,11,-98,16,34,11,218973653,47,2,256,0,""[0,0,0,0,0,0,0,0,0,0,0,0,-2,15,-3,15,-4,16,-7,17,-7,16,-11,15,-11,16,-14,15,-15,15,-17,13,-19,13,-21,12,-22,13,-23,11,-25,7,-25,7,-27,7,-27,3,-27,2,-27,2,-26,0,-29,-1,-27,-3,-29,-3,-30,-5,-27,-6,-26,-8,-27,-9,-26,-10,-27,-8,-24,-9,-27,-10,-26,-11,-25,-11,-27,-12,-24,-12,-23,-12,-25,-12,-24,-12,-24,-12,-25,-15,-24,-14,-24,-15,-26,-15,-24,-16,-23,-17,-24,-18,-23,-18,-25,-19,-25,-20,-25,-21,-24,-21,-23,-25,-22,-26,-25,-26,-24,-27,-21,-27,0,0,0,0,0,0,-31,15,-29,15,-29,15,-29,12,-29,11,-29,10,-28,10,-30,9,-29,8,-27,5,-27,5,-24,3,-26,4,-25,3,-26,3,-23,3,-26,5,-23,3,-23,0,-22,1,-23,3,-23,1,-21,1,-21,0,-20,0,-20,0,-19,0,-21,1,-21,0,-19,0,-18,0,-19,-2,-19,-2,-19,-2,-17,-2,-19,-5,-19,-3,-18,-4,-19,-6,-16,-6,-15,-6,-14,-8,-14,-7,-14,-7,-12,-9,-11,-8,-9,-9,-11,-10,-7,-10,-7,-10,-4,-9,-6,-8,-4,-9,-3,-9,-2,-9,-2,-9,0,-7,0,0,0,0,0,0,0,0,0,0]"""
1782212767157,2026-06-23T20:06:07.157,danger,fall,lmh,bed_stand_to_lie_fall,t018,"CSI_DATA,813031,1a:00:00:00:00:00,-51,11,-98,17,34,11,218983330,47,2,256,0,""[0,0,0,0,0,0,0,0,0,0,0,0,-7,-13,-6,-14,-6,-15,-4,-16,-4,-18,-4,-18,-3,-18,-1,-20,-2,-22,0,-21,0,-23,0,-23,0,-23,2,-24,3,-25,5,-25,3,-27,6,-27,7,-25,4,-26,8,-25,8,-27,10,-25,8,-26,7,-28,8,-27,11,-26,10,-27,9,-25,7,-27,7,-25,9,-27,8,-25,8,-26,7,-27,6,-27,6,-25,4,-27,3,-27,1,-28,3,-27,2,-28,2,-28,0,-30,2,-29,1,-28,2,-30,1,-30,0,-30,0,-32,-2,-33,-2,-31,1,-33,1,-33,-2,-35,-2,-34,0,-33,0,0,0,0,0,0,-33,-1,-33,-1,-33,1,-32,0,-31,0,-30,-1,-30,0,-31,0,-28,1,-27,0,-27,0,-25,0,-27,2,-25,2,-24,1,-24,3,-23,4,-22,4,-23,3,-22,5,-23,6,-22,6,-20,6,-20,6,-20,5,-19,6,-20,6,-17,9,-20,8,-18,9,-18,6,-20,7,-18,7,-16,9,-17,7,-18,7,-17,6,-17,6,-16,6,-16,5,-15,6,-15,5,-15,4,-15,5,-14,4,-14,4,-14,3,-13,3,-13,2,-11,2,-11,1,-10,0,-10,1,-10,0,-10,0,-9,0,-10,-1,0,0,0,0,0,0,0,0,0,0]"""
1782212767169,2026-06-23T20:06:07.169,danger,fall,lmh,bed_stand_to_lie_fall,t018,"CSI_DATA,813032,1a:00:00:00:00:00,-52,11,-98,14,35,11,218994307,47,2,256,0,""[0,0,0,0,0,0,0,0,0,0,0,0,1,-14,2,-14,4,-15,5,-16,5,-17,7,-17,8,-18,9,-16,10,-19,11,-17,14,-18,14,-19,14,-20,14,-19,18,-17,17,-18,17,-19,19,-16,20,-17,19,-17,20,-15,22,-17,20,-15,22,-16,23,-15,21,-16,22,-14,23,-15,21,-15,20,-17,20,-14,21,-17,20,-17,20,-16,20,-18,20,-17,17,-17,17,-20,19,-19,16,-20,18,-20,15,-21,17,-22,17,-23,17,-23,16,-23,17,-24,14,-23,15,-26,16,-26,17,-27,14,-27,18,-29,17,-27,16,-29,15,-29,15,-28,0,0,0,0,0,0,-27,-17,-27,-17,-28,-14,-25,-17,-26,-16,-25,-17,-25,-14,-26,-14,-23,-14,-23,-15,-23,-13,-23,-12,-23,-10,-23,-10,-23,-11,-21,-8,-22,-8,-21,-8,-21,-8,-20,-5,-21,-5,-21,-6,-20,-4,-20,-4,-19,-5,-20,-2,-20,-3,-20,-1,-20,-2,-19,-1,-19,-2,-19,-2,-18,-2,-18,0,-18,-2,-19,-1,-17,-2,-17,-1,-17,-1,-17,-1,-15,-1,-17,-2,-16,-2,-14,-1,-15,-4,-14,-1,-14,-4,-12,-3,-12,-3,-11,-3,-11,-5,-11,-2,-8,-4,-9,-3,-8,-4,-7,-5,-6,-5,0,0,0,0,0,0,0,0,0,0]"""
1782212767179,2026-06-23T20:06:07.179,danger,fall,lmh,bed_stand_to_lie_fall,t018,"CSI_DATA,813033,1a:00:00:00:00:00,-52,11,-98,16,35,11,219005306,47,2,256,0,""[0,0,0,0,0,0,0,0,0,0,0,0,-2,14,-4,14,-4,16,-7,16,-7,16,-9,15,-10,15,-12,14,-12,16,-15,15,-16,15,-17,14,-18,14,-21,14,-21,10,-23,11,-21,11,-24,7,-24,6,-24,7,-24,5,-26,5,-25,3,-26,2,-27,0,-26,2,-25,0,-26,0,-26,-1,-26,0,-24,-2,-26,-1,-26,-2,-26,-1,-26,-1,-25,-1,-24,-1,-25,0,-24,-2,-26,0,-26,-2,-24,0,-26,-2,-28,-2,-26,-2,-26,-1,-27,-1,-27,-2,-29,-2,-31,-4,-30,-4,-29,-2,-30,-6,-30,-7,-31,-7,-31,-7,-31,-7,0,0,0,0,0,0,-14,29,-13,29,-10,29,-13,26,-12,26,-14,24,-12,25,-13,25,-14,23,-14,22,-13,21,-12,20,-12,21,-12,21,-14,19,-12,19,-11,21,-12,18,-12,18,-10,18,-9,19,-12,16,-9,16,-11,16,-11,16,-10,16,-10,16,-9,16,-11,16,-8,15,-10,14,-10,15,-11,14,-11,15,-10,13,-12,13,-11,13,-12,12,-12,12,-12,12,-11,10,-12,9,-12,9,-12,9,-13,7,-11,7,-12,5,-12,5,-11,3,-10,3,-9,2,-9,2,-9,2,-9,0,-9,0,-8,0,-7,-1,0,0,0,0,0,0,0,0,0,0]"""
1782212767187,2026-06-23T20:06:07.187,danger,fall,lmh,bed_stand_to_lie_fall,t018,"CSI_DATA,813034,1a:00:00:00:00:00,-52,11,-98,16,35,11,219016306,47,2,256,0,""[0,0,0,0,0,0,0,0,0,0,0,0,14,0,15,1,16,2,16,4,16,4,17,7,16,8,17,10,18,10,18,12,17,14,16,15,18,15,16,16,14,19,13,21,14,21,11,24,11,21,12,23,9,22,9,24,8,26,8,24,7,26,7,24,4,25,4,26,4,25,5,25,2,24,3,25,2,24,2,24,3,24,2,25,3,24,3,24,3,26,4,26,2,25,4,24,2,26,4,26,2,26,3,26,2,27,4,26,2,26,2,28,2,29,2,28,0,29,0,30,0,31,0,31,0,30,0,0,0,0,0,0,31,4,29,4,28,4,26,7,28,6,25,5,26,6,26,7,24,7,22,9,22,7,21,6,22,7,21,7,22,6,20,5,22,5,20,5,18,7,19,7,19,4,19,7,17,4,17,6,18,5,17,4,16,4,18,4,18,5,16,4,14,6,16,5,16,6,16,4,14,6,16,7,14,7,14,7,14,7,12,8,11,7,12,8,12,8,10,7,10,8,9,8,7,9,9,7,6,9,6,8,5,8,5,7,4,9,4,8,4,9,2,8,1,7,0,0,0,0,0,0,0,0,0,0]"""
1782212767201,2026-06-23T20:06:07.201,danger,fall,lmh,bed_stand_to_lie_fall,t018,"CSI_DATA,813035,1a:00:00:00:00:00,-53,11,-98,14,36,11,219027306,47,2,256,0,""[0,0,0,0,0,0,0,0,0,0,0,0,10,-10,12,-10,12,-10,14,-10,15,-8,16,-8,17,-9,18,-8,20,-8,19,-6,21,-6,20,-6,21,-7,22,-5,24,-4,24,-4,26,-6,24,-3,24,-3,25,-4,26,-3,26,-2,24,-2,25,-2,26,-2,25,-1,24,0,26,-1,24,-2,24,-4,23,-2,27,-2,24,-3,24,-4,24,-4,24,-6,22,-5,23,-7,24,-6,22,-8,24,-8,20,-10,24,-10,22,-12,24,-11,22,-11,23,-12,22,-13,22,-14,23,-15,23,-15,22,-15,24,-16,25,-14,24,-18,24,-18,24,-17,0,0,0,0,0,0,-17,-24,-16,-22,-18,-23,-16,-22,-15,-20,-16,-21,-14,-18,-17,-20,-16,-18,-14,-19,-15,-16,-14,-16,-15,-15,-15,-15,-15,-15,-15,-12,-16,-12,-14,-12,-14,-12,-15,-10,-17,-9,-15,-11,-15,-8,-14,-8,-15,-8,-14,-8,-15,-7,-16,-6,-16,-8,-16,-4,-14,-5,-16,-6,-14,-6,-15,-4,-13,-4,-15,-5,-14,-5,-13,-4,-13,-5,-13,-4,-12,-4,-13,-4,-12,-4,-11,-4,-11,-5,-10,-4,-11,-4,-9,-4,-9,-5,-8,-5,-8,-5,-8,-5,-6,-4,-6,-5,-5,-5,-4,-6,-5,-4,0,0,0,0,0,0,0,0,0,0]"""
1782212767227,2026-06-23T20:06:07.227,danger,fall,lmh,bed_stand_to_lie_fall,t018,"CSI_DATA,813037,1a:00:00:00:00:00,-54,11,-98,16,36,11,219052997,47,2,256,0,""[0,0,0,0,0,0,0,0,0,0,0,0,-14,-6,-14,-7,-14,-8,-14,-10,-14,-11,-12,-13,-12,-13,-11,-16,-13,-17,-11,-18,-11,-18,-11,-19,-10,-21,-9,-21,-6,-23,-6,-25,-6,-24,-4,-25,-3,-24,0,-24,0,-25,-1,-24,0,-25,-1,-26,0,-27,0,-24,3,-25,1,-25,3,-25,0,-23,3,-22,1,-24,1,-23,2,-24,1,-24,1,-23,0,-22,1,-23,1,-22,0,-25,0,-23,0,-23,1,-23,0,-24,1,-23,0,-23,2,-25,0,-24,0,-25,0,-25,1,-26,1,-26,3,-26,3,-28,1,-28,1,-27,3,-27,0,0,0,0,0,0,-26,-6,-25,-6,-24,-4,-25,-6,-23,-6,-21,-6,-22,-6,-22,-6,-20,-6,-20,-8,-18,-6,-18,-5,-18,-5,-18,-6,-17,-5,-17,-5,-18,-4,-16,-3,-16,-5,-16,-5,-17,-3,-16,-5,-14,-3,-15,-3,-14,-3,-14,-4,-15,-4,-14,-3,-14,-2,-13,-3,-13,-3,-14,-4,-13,-3,-13,-2,-11,-4,-13,-4,-12,-4,-11,-4,-11,-3,-10,-6,-10,-4,-10,-5,-9,-5,-9,-5,-7,-5,-7,-5,-6,-5,-6,-5,-5,-6,-5,-5,-5,-6,-3,-5,-3,-5,-4,-5,-1,-5,0,-5,-1,-6,0,0,0,0,0,0,0,0,0,0]"""
1782212767234,2026-06-23T20:06:07.234,danger,fall,lmh,bed_stand_to_lie_fall,t018,"CSI_DATA,813038,1a:00:00:00:00:00,-55,11,-98,16,36,11,219060996,47,2,256,0,""[0,0,0,0,0,0,0,0,0,0,0,0,9,13,8,14,8,15,6,17,5,18,5,20,5,18,3,20,3,22,1,21,1,23,0,22,0,23,-1,24,-3,23,-5,25,-3,25,-5,25,-5,23,-5,24,-8,25,-6,24,-8,25,-6,24,-8,24,-7,22,-10,23,-9,23,-9,23,-7,23,-8,21,-8,23,-6,23,-7,22,-7,23,-6,23,-5,23,-5,22,-5,23,-3,23,-4,22,-2,23,-4,23,-1,25,-4,22,-2,24,-2,23,-1,23,-1,25,-3,25,-3,26,-3,25,-4,27,-3,27,-3,27,-2,26,-1,27,0,0,0,0,0,0,24,4,26,4,25,1,24,3,24,4,22,5,22,4,22,3,22,3,20,3,20,3,18,2,19,3,19,2,17,1,18,1,18,0,17,0,15,1,17,0,16,0,17,1,14,0,15,-1,15,0,15,0,14,0,14,-1,13,-1,13,-1,13,0,13,0,13,-1,12,-1,12,0,13,0,11,-1,12,0,10,0,11,0,10,0,10,1,10,0,10,0,9,1,8,1,8,1,8,1,7,1,6,2,6,2,6,3,6,1,5,3,4,2,3,3,3,3,0,0,0,0,0,0,0,0,0,0]"""
1782212767244,2026-06-23T20:06:07.244,danger,fall,lmh,bed_stand_to_lie_fall,t018,"CSI_DATA,813039,1a:00:00:00:00:00,-55,11,-98,16,36,11,219072208,47,2,256,0,""[0,0,0,0,0,0,0,0,0,0,0,0,17,3,15,4,15,5,17,7,17,9,15,12,16,12,15,14,15,16,15,17,15,18,14,18,14,20,11,22,10,23,9,23,10,23,8,25,6,25,5,27,5,25,1,26,0,25,1,26,0,27,0,25,-1,25,-1,26,-2,24,-1,24,-3,23,-3,26,-5,24,-3,23,-3,24,-3,24,-3,23,-1,23,-2,22,-2,24,-5,24,-1,23,-3,23,-3,25,-5,23,-4,24,-5,25,-5,23,-5,23,-6,26,-5,25,-6,25,-8,25,-9,24,-9,26,-8,25,-10,25,0,0,0,0,0,0,22,13,22,14,22,12,20,14,20,13,18,13,18,13,18,13,16,14,15,13,15,13,13,13,15,11,13,12,13,13,13,11,13,11,13,11,9,12,11,10,13,10,11,11,9,10,10,10,8,11,10,10,10,10,10,10,8,10,9,9,7,9,7,10,6,10,7,9,6,9,6,9,5,10,5,10,4,10,4,10,3,9,2,9,2,9,1,8,0,8,1,8,0,8,0,7,0,6,0,6,0,5,-1,5,-1,5,0,4,-2,5,-2,4,-3,3,0,0,0,0,0,0,0,0,0,0]"""
1782212767254,2026-06-23T20:06:07.254,danger,fall,lmh,bed_stand_to_lie_fall,t018,"CSI_DATA,813040,1a:00:00:00:00:00,-55,11,-98,14,36,11,219082315,47,2,256,0,""[0,0,0,0,0,0,0,0,0,0,0,0,17,0,16,2,19,3,19,5,20,5,18,7,19,8,20,9,20,10,22,11,20,14,20,14,21,14,20,16,18,19,18,20,19,19,16,22,14,20,16,20,15,20,15,23,15,24,14,22,15,24,14,22,11,24,12,23,12,24,12,22,10,22,12,22,12,22,12,21,13,21,12,22,11,19,12,21,13,20,14,20,13,20,14,20,12,20,16,20,13,18,16,19,14,20,16,18,16,20,18,20,15,20,16,21,16,22,15,22,16,24,16,22,16,23,0,0,0,0,0,0,24,-12,22,-11,21,-13,22,-9,22,-12,20,-9,20,-10,20,-10,19,-9,18,-8,16,-9,17,-8,18,-10,16,-8,14,-9,14,-8,15,-8,15,-8,14,-7,14,-7,13,-8,14,-7,12,-8,12,-8,13,-8,12,-8,10,-8,11,-8,11,-8,10,-8,11,-6,10,-6,11,-6,10,-6,10,-5,10,-6,9,-5,10,-4,10,-6,10,-4,8,-3,8,-2,8,-3,8,-2,9,-2,7,0,7,0,6,-1,6,0,4,0,4,0,6,0,5,0,4,0,5,0,4,0,3,2,0,0,0,0,0,0,0,0,0,0]"""
1782212767266,2026-06-23T20:06:07.266,danger,fall,lmh,bed_stand_to_lie_fall,t018,"CSI_DATA,813041,1a:00:00:00:00:00,-55,11,-98,20,35,11,219093306,47,2,256,0,""[0,0,0,0,0,0,0,0,0,0,0,0,-14,-10,-15,-11,-14,-13,-13,-16,-11,-17,-10,-18,-10,-19,-7,-22,-7,-22,-6,-23,-5,-23,-3,-24,-2,-27,0,-26,3,-26,4,-27,2,-28,8,-27,8,-26,9,-25,12,-23,12,-26,14,-24,14,-22,17,-24,15,-22,17,-21,18,-20,18,-20,18,-20,17,-18,19,-19,18,-18,19,-17,18,-18,18,-18,18,-17,17,-17,20,-17,19,-18,20,-16,17,-17,20,-15,22,-15,20,-14,20,-15,21,-14,21,-13,21,-15,24,-13,23,-13,23,-13,25,-11,25,-9,26,-11,27,-10,25,-9,0,0,0,0,0,0,-2,-25,-4,-27,-3,-26,-1,-24,0,-24,0,-23,0,-22,1,-23,1,-22,2,-20,2,-18,3,-18,1,-19,3,-18,2,-18,1,-17,3,-18,3,-15,4,-15,3,-16,2,-15,4,-15,3,-13,4,-13,4,-13,5,-12,5,-12,3,-12,6,-12,3,-11,5,-11,5,-10,6,-8,5,-10,6,-9,7,-9,7,-8,6,-8,7,-7,6,-6,6,-5,6,-5,6,-5,7,-4,6,-3,7,-3,7,-1,6,-1,5,-1,5,-1,5,0,6,0,4,0,3,1,2,1,3,1,1,1,0,0,0,0,0,0,0,0,0,0]"""
1782212767278,2026-06-23T20:06:07.278,danger,fall,lmh,bed_stand_to_lie_fall,t018,"CSI_DATA,813042,1a:00:00:00:00:00,-55,11,-98,19,35,11,219104306,47,2,256,0,""[0,0,0,0,0,0,0,0,0,0,0,0,-18,-2,-18,-4,-20,-7,-20,-7,-20,-9,-19,-10,-19,-11,-20,-12,-20,-14,-19,-15,-20,-16,-20,-16,-22,-17,-20,-18,-18,-22,-17,-22,-18,-21,-16,-24,-16,-23,-14,-22,-12,-24,-15,-25,-14,-25,-13,-25,-14,-26,-14,-22,-12,-25,-13,-25,-12,-24,-13,-23,-10,-23,-12,-25,-13,-23,-12,-23,-13,-23,-13,-22,-12,-21,-14,-20,-14,-22,-16,-22,-15,-22,-16,-19,-16,-21,-17,-21,-15,-20,-16,-20,-16,-20,-18,-18,-18,-20,-18,-20,-18,-20,-18,-20,-18,-22,-16,-21,-19,-22,-19,-22,-18,-22,0,0,0,0,0,0,-24,16,-22,15,-20,16,-21,14,-19,15,-20,12,-19,14,-18,13,-17,12,-17,11,-14,11,-16,11,-15,12,-14,11,-13,11,-12,11,-13,12,-11,11,-12,11,-12,10,-9,11,-11,10,-8,9,-9,10,-9,10,-9,10,-9,9,-7,10,-9,9,-7,9,-8,9,-9,9,-8,7,-7,8,-7,8,-8,7,-6,7,-7,7,-7,7,-6,6,-6,5,-5,4,-5,4,-7,4,-6,3,-5,3,-5,2,-5,2,-4,0,-4,1,-4,1,-3,1,-5,1,-2,0,-4,0,-2,0,-2,0,0,0,0,0,0,0,0,0,0,0]"""
1782212767290,2026-06-23T20:06:07.290,danger,fall,lmh,bed_stand_to_lie_fall,t018,"CSI_DATA,813043,1a:00:00:00:00:00,-55,11,-97,19,35,11,219115817,47,2,256,0,""[0,0,0,0,0,0,0,0,0,0,0,0,-15,10,-17,9,-18,9,-21,7,-21,5,-24,3,-22,3,-24,1,-26,0,-25,-1,-25,-2,-26,-3,-28,-5,-27,-7,-27,-11,-26,-11,-29,-10,-26,-14,-24,-14,-24,-13,-22,-16,-25,-18,-23,-19,-22,-18,-24,-20,-21,-18,-20,-21,-20,-22,-20,-20,-21,-20,-17,-20,-20,-21,-19,-20,-18,-20,-19,-20,-18,-20,-17,-18,-18,-19,-17,-20,-18,-18,-18,-20,-18,-18,-18,-19,-20,-20,-18,-20,-17,-18,-17,-21,-18,-20,-18,-21,-18,-23,-18,-22,-18,-22,-18,-25,-16,-23,-18,-24,-16,-24,-16,-23,0,0,0,0,0,0,-27,12,-27,12,-24,11,-24,9,-23,9,-22,7,-20,7,-22,9,-21,7,-20,5,-18,5,-18,4,-19,5,-18,4,-16,3,-16,4,-17,5,-15,4,-15,2,-14,4,-14,5,-15,3,-13,3,-13,3,-13,3,-12,3,-12,2,-11,3,-12,2,-11,2,-10,1,-12,1,-12,1,-11,1,-9,1,-10,0,-9,0,-9,0,-9,0,-7,-1,-9,-1,-7,-1,-5,-1,-7,0,-6,-1,-6,-1,-5,-1,-6,-2,-3,-1,-3,-1,-3,-2,-2,-2,-3,-1,-2,-2,-1,-1,-1,-2,0,-1,0,0,0,0,0,0,0,0,0,0]"""
1782212767301,2026-06-23T20:06:07.301,danger,fall,lmh,bed_stand_to_lie_fall,t018,"CSI_DATA,813044,1a:00:00:00:00:00,-55,11,-97,17,35,11,219126331,47,2,256,0,""[0,0,0,0,0,0,0,0,0,0,0,0,-19,0,-20,-1,-21,-3,-22,-4,-23,-5,-22,-7,-23,-8,-22,-9,-24,-11,-24,-12,-24,-13,-24,-13,-26,-14,-25,-15,-24,-19,-23,-17,-24,-18,-22,-19,-22,-19,-24,-21,-22,-22,-22,-22,-22,-22,-22,-21,-22,-22,-21,-19,-19,-22,-20,-22,-19,-22,-21,-19,-18,-19,-22,-22,-20,-20,-20,-17,-21,-19,-21,-17,-21,-16,-21,-16,-22,-15,-24,-15,-22,-17,-23,-13,-22,-14,-24,-14,-22,-14,-23,-13,-24,-13,-23,-13,-24,-13,-26,-13,-27,-13,-26,-13,-27,-15,-25,-13,-27,-13,-26,-12,-27,-11,0,0,0,0,0,0,-15,25,-13,24,-12,25,-13,22,-11,22,-12,22,-11,21,-12,22,-11,19,-9,17,-9,18,-8,17,-8,18,-7,17,-6,17,-6,16,-5,17,-5,16,-4,15,-4,13,-3,15,-4,14,-2,13,-3,12,-3,13,-2,13,-2,11,-1,12,-2,11,0,11,-2,11,-1,12,-1,10,0,11,-1,9,-2,10,-1,10,-2,9,-1,8,-1,7,-1,7,-2,6,-1,6,-2,6,-1,6,-2,5,-2,5,-2,4,-1,3,-1,4,-2,2,-1,3,-2,2,-2,2,-2,1,-1,0,-1,0,0,0,0,0,0,0,0,0,0,0]"""
1782212767312,2026-06-23T20:06:07.312,danger,fall,lmh,bed_stand_to_lie_fall,t018,"CSI_DATA,813045,1a:00:00:00:00:00,-56,11,-97,15,35,11,219137306,47,2,256,0,""[0,0,0,0,0,0,0,0,0,0,0,0,-21,5,-20,2,-23,0,-24,-1,-22,-2,-24,-4,-24,-5,-24,-7,-26,-9,-26,-10,-25,-11,-25,-12,-25,-14,-26,-17,-23,-19,-24,-22,-22,-21,-22,-25,-18,-24,-16,-24,-16,-25,-18,-26,-16,-28,-16,-26,-15,-29,-14,-26,-12,-28,-12,-27,-10,-29,-12,-27,-8,-26,-10,-28,-10,-27,-9,-27,-10,-27,-10,-27,-8,-26,-9,-26,-8,-26,-10,-27,-9,-26,-9,-27,-8,-26,-10,-28,-8,-26,-9,-26,-7,-28,-9,-26,-8,-28,-8,-30,-7,-27,-6,-29,-4,-30,-3,-30,-5,-32,-5,-29,-3,-30,0,0,0,0,0,0,-30,-2,-29,-2,-26,1,-26,-2,-27,-2,-23,-3,-24,-3,-24,-2,-22,-4,-19,-4,-19,-4,-19,-4,-20,-3,-19,-3,-17,-4,-17,-3,-18,-3,-16,-3,-14,-4,-16,-3,-15,-2,-14,-4,-13,-2,-13,-2,-13,-3,-13,-3,-11,-4,-12,-2,-11,-4,-10,-2,-10,-3,-10,-3,-10,-2,-9,-2,-8,-3,-8,-4,-9,-3,-8,-4,-7,-4,-8,-5,-6,-4,-5,-3,-5,-5,-5,-2,-5,-3,-3,-4,-2,-3,-3,-3,-2,-2,-2,-2,-1,-2,-1,-2,-2,-2,-1,-3,0,-2,0,-1,0,-1,0,0,0,0,0,0,0,0,0,0]"""
1782212767333,2026-06-23T20:06:07.333,danger,fall,lmh,bed_stand_to_lie_fall,t018,"CSI_DATA,813047,1a:00:00:00:00:00,-55,11,-98,18,34,11,219159502,47,2,256,0,""[0,0,0,0,0,0,0,0,0,0,0,0,-22,-1,-22,-3,-23,-5,-21,-8,-23,-10,-20,-12,-22,-12,-20,-16,-23,-18,-21,-19,-22,-20,-20,-21,-23,-23,-19,-25,-16,-25,-18,-28,-18,-26,-17,-29,-13,-28,-13,-29,-14,-29,-12,-31,-10,-30,-11,-31,-9,-33,-8,-30,-6,-31,-6,-32,-6,-32,-8,-30,-5,-28,-7,-30,-6,-29,-5,-29,-7,-29,-7,-29,-6,-28,-8,-28,-7,-28,-8,-29,-7,-29,-9,-29,-7,-28,-9,-29,-6,-27,-7,-27,-7,-28,-9,-27,-8,-28,-8,-31,-8,-29,-7,-28,-6,-31,-4,-30,-7,-32,-6,-30,-3,-30,0,0,0,0,0,0,-29,1,-30,0,-27,2,-26,1,-26,0,-24,0,-25,0,-26,0,-23,0,-21,0,-20,-2,-18,0,-20,0,-20,0,-19,0,-17,0,-19,0,-17,0,-15,0,-16,0,-15,2,-14,0,-14,1,-13,0,-13,1,-13,0,-13,0,-14,2,-12,2,-11,0,-11,0,-10,0,-10,0,-10,1,-9,0,-9,0,-8,0,-9,0,-8,0,-7,0,-8,0,-6,0,-7,-1,-6,0,-6,0,-5,0,-4,0,-5,0,-3,-1,-2,0,-2,0,-2,0,-3,0,-2,0,-3,0,-2,0,-2,0,0,0,0,0,0,0,0,0,0,0]"""
1782212767346,2026-06-23T20:06:07.346,danger,fall,lmh,bed_stand_to_lie_fall,t018,"CSI_DATA,813048,1a:00:00:00:00:00,-55,11,-98,17,34,11,219171239,47,2,256,0,""[0,0,0,0,0,0,0,0,0,0,0,0,10,-20,12,-18,14,-20,16,-20,16,-19,19,-16,21,-16,21,-16,23,-18,24,-16,26,-17,26,-15,28,-16,28,-16,30,-12,32,-13,31,-14,33,-11,30,-10,33,-7,35,-7,32,-8,34,-8,33,-8,34,-8,32,-8,32,-6,33,-6,32,-5,31,-7,30,-5,32,-7,31,-7,30,-6,30,-8,30,-10,29,-9,28,-10,28,-10,29,-12,27,-10,27,-13,29,-13,28,-15,27,-13,27,-13,28,-13,27,-15,27,-13,29,-14,29,-14,27,-15,30,-13,29,-14,30,-16,27,-16,29,-15,0,0,0,0,0,0,-13,-27,-11,-27,-13,-24,-12,-25,-13,-25,-10,-23,-11,-23,-11,-23,-10,-20,-10,-20,-10,-18,-10,-18,-10,-17,-10,-17,-10,-16,-10,-14,-10,-16,-10,-14,-9,-13,-10,-13,-10,-11,-10,-13,-9,-10,-9,-10,-9,-9,-9,-10,-10,-10,-9,-8,-8,-9,-10,-7,-10,-7,-9,-6,-10,-7,-8,-6,-9,-6,-6,-6,-7,-6,-6,-6,-6,-5,-7,-6,-6,-5,-6,-4,-6,-4,-5,-3,-3,-3,-5,-3,-5,-3,-3,-3,-3,-3,-3,-2,-3,-2,-3,-3,-3,-1,-3,-3,-2,0,-2,0,-2,-2,0,0,0,0,0,0,0,0,0,0]"""
1782212767356,2026-06-23T20:06:07.356,danger,fall,lmh,bed_stand_to_lie_fall,t018,"CSI_DATA,813049,1a:00:00:00:00:00,-55,11,-97,17,34,11,219184507,47,2,256,0,""[0,0,0,0,0,0,0,0,0,0,0,0,15,17,13,19,13,20,12,22,12,23,10,25,11,25,9,25,10,28,9,29,8,31,8,31,8,33,8,32,4,33,4,35,6,34,3,34,2,33,4,34,3,34,3,36,0,35,2,34,1,36,3,34,0,33,2,34,1,33,3,33,1,31,4,33,3,33,4,31,6,31,7,30,6,29,9,30,9,29,11,29,10,30,12,28,11,29,14,30,13,27,14,27,14,28,15,27,15,28,17,28,17,28,17,25,17,28,17,28,20,27,20,27,19,27,0,0,0,0,0,0,27,-19,25,-17,23,-18,23,-16,21,-16,21,-16,21,-16,20,-16,19,-16,18,-14,16,-13,14,-15,15,-16,13,-16,13,-14,11,-14,13,-15,10,-15,10,-13,9,-14,8,-15,7,-12,6,-13,6,-13,6,-13,6,-13,4,-12,3,-13,4,-13,3,-11,2,-10,3,-11,2,-12,2,-10,1,-10,2,-12,2,-10,1,-10,2,-9,1,-7,0,-8,0,-7,0,-7,0,-7,0,-7,0,-6,0,-6,0,-6,0,-4,0,-4,0,-3,0,-3,0,-4,0,-4,0,-4,0,-3,0,-3,0,0,0,0,0,0,0,0,0,0]"""
1782212767366,2026-06-23T20:06:07.366,danger,fall,lmh,bed_stand_to_lie_fall,t018,"CSI_DATA,813050,1a:00:00:00:00:00,-54,11,-97,20,33,11,219192305,47,2,256,0,""[0,0,0,0,0,0,0,0,0,0,0,0,-11,-19,-9,-23,-8,-23,-5,-27,-3,-26,0,-27,0,-28,3,-29,4,-32,6,-30,9,-30,11,-30,12,-32,15,-32,20,-29,21,-27,23,-29,26,-26,25,-23,25,-23,27,-21,31,-20,30,-18,32,-17,34,-16,30,-15,32,-11,35,-11,32,-10,32,-10,30,-8,33,-9,33,-6,32,-7,34,-7,31,-6,30,-4,31,-6,31,-3,33,-5,32,-3,31,-4,30,-2,34,-3,31,0,31,-1,33,0,32,0,32,1,34,1,32,2,34,3,34,7,33,7,34,7,32,7,33,9,0,0,0,0,0,0,15,-29,17,-27,14,-27,15,-23,14,-25,16,-21,16,-22,17,-21,15,-19,16,-18,15,-17,15,-15,15,-17,15,-15,14,-14,13,-13,13,-15,12,-13,12,-11,12,-11,11,-13,14,-10,11,-11,13,-10,11,-9,12,-8,11,-7,10,-9,10,-8,10,-7,9,-7,11,-7,11,-7,11,-6,9,-5,11,-4,10,-3,10,-3,9,-3,8,-3,7,-2,8,-3,8,-3,8,0,7,0,7,-1,6,0,6,0,6,0,5,0,5,0,5,0,3,1,4,0,3,0,3,0,3,0,0,0,0,0,0,0,0,0,0,0]"""
1782212767377,2026-06-23T20:06:07.377,danger,fall,lmh,bed_stand_to_lie_fall,t018,"CSI_DATA,813051,1a:00:00:00:00:00,-54,11,-97,19,33,11,219203305,47,2,256,0,""[0,0,0,0,0,0,0,0,0,0,0,0,-21,-10,-21,-13,-21,-14,-22,-17,-20,-17,-19,-21,-19,-21,-17,-22,-19,-26,-17,-26,-17,-29,-16,-30,-17,-29,-14,-32,-10,-34,-12,-34,-13,-35,-10,-36,-8,-35,-5,-34,-4,-34,-8,-38,-3,-36,-4,-36,-3,-39,-4,-35,-1,-35,-2,-36,-2,-34,-4,-35,-2,-33,-4,-36,-3,-34,-2,-31,-4,-35,-5,-33,-4,-31,-5,-31,-4,-31,-7,-31,-5,-31,-8,-30,-8,-31,-8,-32,-7,-32,-6,-29,-8,-31,-8,-32,-10,-31,-8,-34,-9,-32,-8,-32,-8,-34,-7,-33,-10,-35,-8,-35,-9,-32,0,0,0,0,0,0,-34,4,-31,5,-31,7,-31,4,-28,4,-28,4,-26,5,-28,4,-25,5,-25,4,-22,3,-21,2,-22,4,-21,4,-20,3,-17,4,-20,7,-18,6,-17,3,-17,5,-17,7,-17,5,-15,5,-15,5,-15,4,-15,7,-13,4,-13,7,-13,6,-11,6,-13,4,-13,5,-11,6,-11,7,-10,5,-10,6,-10,4,-8,5,-9,5,-8,4,-8,5,-8,4,-8,4,-7,4,-7,4,-6,3,-6,4,-5,4,-6,2,-5,2,-4,1,-4,2,-5,2,-4,3,-5,2,-3,1,-4,1,0,0,0,0,0,0,0,0,0,0]"""
1782212767389,2026-06-23T20:06:07.389,danger,fall,lmh,bed_stand_to_lie_fall,t018,"CSI_DATA,813052,1a:00:00:00:00:00,-54,11,-97,17,33,11,219216451,47,2,256,0,""[0,0,0,0,0,0,0,0,0,0,0,0,0,-24,3,-24,4,-26,8,-26,9,-27,12,-25,12,-25,17,-24,19,-25,20,-25,22,-25,23,-23,26,-25,28,-23,30,-19,32,-19,32,-19,34,-13,32,-12,31,-10,35,-8,37,-9,37,-7,36,-7,38,-5,36,-7,37,-3,37,-3,35,0,36,-1,33,0,35,0,34,0,34,1,34,0,34,0,32,0,32,0,33,1,34,0,34,1,33,0,32,2,34,0,31,2,33,1,32,3,32,1,35,6,35,5,33,5,35,6,36,7,33,8,36,8,35,9,34,10,0,0,0,0,0,0,16,-31,16,-30,12,-27,14,-26,13,-27,14,-24,14,-25,15,-24,15,-22,14,-19,13,-19,13,-19,12,-19,13,-19,12,-17,12,-18,12,-16,12,-17,12,-14,11,-16,8,-15,11,-15,8,-13,11,-13,10,-12,9,-13,9,-12,7,-14,9,-12,6,-12,8,-12,8,-12,9,-12,8,-11,7,-11,8,-10,8,-8,9,-8,8,-8,7,-8,6,-6,6,-6,8,-6,7,-6,7,-6,6,-6,6,-5,6,-4,6,-4,6,-4,5,-3,6,-4,6,-2,6,-3,6,-1,5,-1,5,0,0,0,0,0,0,0,0,0,0,0]"""
1782212767398,2026-06-23T20:06:07.398,danger,fall,lmh,bed_stand_to_lie_fall,t018,"CSI_DATA,813053,1a:00:00:00:00:00,-53,11,-98,17,33,11,219225305,47,2,256,0,""[0,0,0,0,0,0,0,0,0,0,0,0,21,-12,23,-10,25,-9,27,-8,27,-6,27,-4,28,-4,30,-2,32,-2,32,0,33,0,34,0,36,0,36,2,35,6,36,6,37,6,37,9,34,10,33,11,33,12,36,11,35,13,35,13,36,13,34,11,32,14,34,13,32,15,34,12,31,13,35,12,34,12,32,12,34,10,32,9,31,8,32,8,32,8,33,6,32,6,32,3,33,6,35,4,32,5,33,2,33,4,33,1,33,3,36,3,34,3,35,2,36,4,34,5,37,3,38,3,36,2,0,0,0,0,0,0,4,-34,6,-32,2,-32,4,-32,4,-31,4,-29,4,-28,4,-30,3,-26,2,-25,1,-25,1,-23,0,-25,2,-24,0,-23,0,-21,0,-23,0,-21,0,-19,-1,-19,-3,-18,-2,-19,-3,-17,-2,-18,-1,-17,-2,-16,-4,-16,-6,-14,-5,-16,-6,-13,-5,-13,-6,-13,-4,-14,-4,-13,-6,-12,-5,-14,-4,-12,-4,-12,-3,-12,-5,-10,-4,-9,-5,-10,-3,-11,-2,-9,-2,-9,-3,-9,-3,-7,-4,-8,-2,-7,-3,-6,-3,-6,-2,-6,0,-6,-3,-6,0,-6,-1,-6,-2,-5,0,0,0,0,0,0,0,0,0,0]"""
1782212767410,2026-06-23T20:06:07.410,danger,fall,lmh,bed_stand_to_lie_fall,t018,"CSI_DATA,813054,1a:00:00:00:00:00,-53,11,-97,17,33,11,219236305,47,2,256,0,""[0,0,0,0,0,0,0,0,0,0,0,0,-12,19,-16,19,-17,19,-19,19,-21,17,-25,15,-27,14,-27,11,-31,12,-30,10,-32,8,-32,6,-34,7,-37,4,-37,0,-35,-2,-38,0,-38,-6,-36,-7,-37,-7,-35,-9,-37,-12,-33,-13,-35,-13,-37,-16,-33,-13,-31,-18,-33,-19,-30,-19,-31,-19,-28,-18,-32,-20,-30,-19,-27,-19,-30,-19,-28,-18,-25,-19,-28,-17,-27,-19,-27,-18,-25,-19,-27,-18,-26,-20,-28,-19,-27,-22,-26,-19,-27,-22,-26,-20,-26,-22,-26,-24,-28,-24,-27,-23,-25,-28,-23,-26,-27,-27,-25,-27,-23,-27,0,0,0,0,0,0,-32,19,-29,18,-29,19,-28,16,-27,13,-27,12,-25,15,-28,12,-25,12,-25,10,-23,10,-22,8,-23,10,-22,8,-21,7,-19,10,-21,10,-19,9,-19,7,-17,6,-18,9,-19,7,-17,7,-16,6,-18,7,-16,6,-15,6,-15,7,-15,6,-13,7,-14,5,-15,5,-15,6,-15,4,-12,4,-16,4,-13,4,-13,3,-13,3,-12,2,-11,2,-12,2,-12,2,-12,1,-10,0,-10,0,-10,0,-11,0,-7,0,-8,0,-9,0,-7,0,-7,0,-6,0,-6,-2,-6,-1,-6,-3,0,0,0,0,0,0,0,0,0,0]"""
1782212767422,2026-06-23T20:06:07.422,danger,fall,lmh,bed_stand_to_lie_fall,t018,"CSI_DATA,813055,1a:00:00:00:00:00,-52,11,-97,17,33,11,219247305,47,2,256,0,""[0,0,0,0,0,0,0,0,0,0,0,0,25,3,22,4,25,9,25,12,25,13,24,15,21,18,22,19,25,23,23,24,21,27,19,27,20,29,20,30,14,32,16,34,15,34,12,36,11,34,8,38,6,38,6,38,4,38,4,38,2,38,1,37,0,37,-2,38,-1,38,0,36,-4,35,-1,36,-3,35,-3,34,-3,36,-2,34,-4,32,-2,35,-3,34,-1,34,-4,33,0,35,-3,34,-3,35,-5,33,-4,35,-5,35,-5,33,-4,36,-6,37,-6,36,-6,36,-9,38,-12,37,-8,36,-11,36,-10,35,0,0,0,0,0,0,33,15,32,17,32,14,31,15,31,15,26,14,25,14,26,16,25,16,23,16,22,15,20,16,21,14,20,14,19,13,19,12,19,12,19,12,17,12,19,12,19,10,18,12,15,8,15,11,15,12,15,10,15,10,15,8,15,10,15,8,13,10,14,9,13,9,13,8,12,10,12,9,12,10,11,8,11,9,10,11,9,9,8,9,9,10,9,9,7,8,7,8,6,8,6,7,5,7,4,8,3,6,4,7,4,7,3,7,1,6,0,7,0,6,0,0,0,0,0,0,0,0,0,0]"""
1782212767431,2026-06-23T20:06:07.431,danger,fall,lmh,bed_stand_to_lie_fall,t018,"CSI_DATA,813056,1a:00:00:00:00:00,-52,11,-97,17,33,11,219258305,47,2,256,0,""[0,0,0,0,0,0,0,0,0,0,0,0,-4,-25,-1,-25,0,-27,2,-26,6,-27,8,-26,6,-27,11,-29,12,-31,13,-30,19,-28,18,-28,19,-30,22,-28,25,-25,26,-25,26,-26,31,-24,29,-20,32,-19,34,-18,32,-20,33,-17,34,-18,35,-16,32,-16,34,-12,35,-12,36,-12,34,-12,33,-8,36,-10,35,-10,33,-9,34,-11,32,-11,32,-9,33,-10,33,-9,32,-11,34,-9,32,-12,32,-9,36,-10,33,-8,32,-9,34,-8,33,-11,35,-9,38,-9,36,-7,35,-8,38,-6,37,-6,38,-6,38,-6,38,-6,0,0,0,0,0,0,0,-38,0,-35,-1,-34,2,-32,0,-32,3,-31,2,-32,3,-31,4,-30,5,-27,2,-27,4,-25,2,-25,4,-25,4,-25,1,-23,2,-25,2,-24,3,-22,1,-22,0,-22,3,-22,1,-19,1,-19,3,-19,2,-19,1,-19,0,-19,2,-19,0,-17,1,-16,1,-17,1,-18,0,-17,2,-16,3,-16,2,-14,2,-14,4,-15,2,-14,4,-14,4,-13,4,-13,3,-12,4,-11,5,-11,4,-12,5,-10,5,-9,5,-8,5,-8,4,-6,5,-5,5,-6,5,-6,6,-6,5,-5,0,0,0,0,0,0,0,0,0,0]"""
1782212767444,2026-06-23T20:06:07.444,danger,fall,lmh,bed_stand_to_lie_fall,t018,"CSI_DATA,813057,1a:00:00:00:00:00,-52,11,-97,18,32,11,219270078,47,2,256,0,""[0,0,0,0,0,0,0,0,0,0,0,0,14,19,12,22,12,26,9,28,5,29,4,30,2,30,0,31,-2,34,-4,35,-6,33,-7,35,-10,37,-13,35,-19,33,-21,34,-18,36,-24,33,-26,31,-28,25,-32,25,-29,27,-32,24,-33,25,-33,24,-31,23,-33,17,-36,19,-35,16,-35,17,-33,14,-35,15,-35,14,-35,12,-33,14,-34,13,-32,8,-33,13,-34,11,-34,10,-34,9,-33,12,-34,9,-38,10,-35,9,-36,8,-35,4,-35,7,-38,3,-40,5,-40,4,-38,2,-39,0,-39,-1,-41,-2,-42,-2,-41,-1,0,0,0,0,0,0,-10,39,-9,37,-8,35,-12,34,-12,33,-14,32,-14,32,-16,31,-14,30,-14,28,-16,25,-14,24,-14,25,-14,23,-16,23,-13,19,-13,23,-12,19,-14,19,-13,18,-12,19,-14,19,-13,16,-14,18,-13,16,-13,16,-13,16,-11,17,-13,15,-12,15,-14,14,-13,15,-13,13,-13,13,-13,12,-15,11,-16,11,-13,9,-14,9,-13,8,-12,8,-11,7,-15,6,-13,6,-12,3,-12,5,-11,5,-13,2,-11,0,-11,0,-9,0,-9,0,-8,-1,-10,0,-8,-2,-8,-1,-6,-2,0,0,0,0,0,0,0,0,0,0]"""
1782212767453,2026-06-23T20:06:07.453,danger,fall,lmh,bed_stand_to_lie_fall,t018,"CSI_DATA,813058,1a:00:00:00:00:00,-51,11,-98,17,32,11,219280305,47,2,256,0,""[0,0,0,0,0,0,0,0,0,0,0,0,-10,24,-12,24,-13,25,-15,26,-15,25,-17,24,-19,22,-21,24,-23,26,-21,26,-23,25,-25,25,-27,28,-29,26,-29,23,-31,25,-29,27,-33,24,-31,23,-34,19,-36,22,-33,21,-34,24,-33,23,-34,24,-30,23,-34,21,-32,22,-33,22,-32,24,-31,21,-30,24,-29,25,-28,23,-27,28,-28,27,-26,27,-25,28,-26,29,-23,31,-24,28,-21,29,-22,30,-20,34,-19,28,-18,34,-20,33,-17,34,-15,36,-16,35,-16,35,-16,37,-18,37,-18,37,-13,39,-13,41,-13,38,0,0,0,0,0,0,36,16,37,13,35,9,34,13,37,11,32,11,34,9,35,10,33,7,30,7,29,7,28,6,30,5,28,3,28,3,27,1,29,0,27,0,24,0,25,0,24,-2,24,-1,22,-4,21,-2,20,-2,22,-3,23,-7,20,-7,19,-7,19,-7,19,-6,19,-8,17,-6,17,-7,18,-8,18,-7,16,-6,16,-7,15,-10,17,-6,14,-5,15,-5,15,-6,12,-7,12,-6,14,-5,11,-5,11,-4,9,-4,9,-2,11,-4,9,-3,9,-4,7,-2,8,-2,8,0,8,0,0,0,0,0,0,0,0,0,0,0]"""
1782212767465,2026-06-23T20:06:07.465,danger,fall,lmh,bed_stand_to_lie_fall,t018,"CSI_DATA,813059,1a:00:00:00:00:00,-51,11,-97,17,32,11,219291313,47,2,256,0,""[0,0,0,0,0,0,0,0,0,0,0,0,7,-25,10,-23,10,-25,13,-24,14,-26,15,-24,17,-25,18,-26,21,-30,21,-28,24,-27,24,-27,24,-30,24,-29,28,-25,31,-27,28,-29,32,-26,29,-22,27,-27,27,-25,32,-27,34,-26,30,-25,33,-29,28,-27,31,-25,31,-26,30,-25,28,-25,27,-25,26,-27,25,-28,22,-28,23,-32,23,-31,23,-30,19,-31,19,-31,19,-34,18,-31,18,-34,17,-33,13,-35,15,-34,12,-36,12,-36,9,-37,10,-39,10,-42,11,-38,10,-39,10,-41,10,-41,9,-40,7,-40,5,-39,0,0,0,0,0,0,-40,-8,-40,-6,-36,-4,-37,-4,-37,-2,-35,-4,-37,-3,-35,0,-33,-1,-32,0,-31,0,-28,0,-31,2,-30,2,-28,2,-27,3,-27,7,-26,5,-24,5,-25,6,-22,8,-24,7,-19,9,-20,10,-20,10,-20,11,-20,10,-17,12,-20,10,-17,12,-16,12,-17,12,-17,11,-14,13,-16,12,-15,11,-13,10,-12,13,-11,13,-13,11,-13,11,-13,10,-13,10,-11,10,-11,9,-11,9,-10,8,-9,8,-9,7,-10,7,-8,7,-8,7,-10,6,-8,5,-6,7,-6,5,-6,3,0,0,0,0,0,0,0,0,0,0]"""
1782212767476,2026-06-23T20:06:07.476,danger,fall,lmh,bed_stand_to_lie_fall,t018,"CSI_DATA,813060,1a:00:00:00:00:00,-51,11,-97,16,32,11,219302304,47,2,256,0,""[0,0,0,0,0,0,0,0,0,0,0,0,16,18,12,22,12,25,10,27,7,27,4,29,1,32,-1,30,-2,34,-6,35,-8,35,-9,35,-11,36,-13,34,-20,34,-21,32,-20,34,-26,31,-29,28,-27,25,-31,21,-32,25,-34,21,-37,22,-38,22,-35,20,-37,15,-37,16,-37,13,-38,15,-36,11,-40,12,-38,10,-37,9,-37,7,-39,8,-36,8,-38,8,-38,7,-39,7,-38,4,-36,7,-39,3,-38,5,-38,2,-39,2,-41,-1,-38,-2,-41,-2,-43,-3,-42,-5,-42,-4,-43,-8,-40,-11,-42,-8,-43,-12,-40,-13,0,0,0,0,0,0,-23,38,-21,34,-21,37,-21,33,-22,29,-23,29,-22,28,-26,29,-24,24,-24,24,-23,21,-22,21,-24,21,-23,21,-23,18,-22,16,-22,20,-21,17,-22,16,-20,15,-19,16,-22,14,-19,14,-21,13,-23,13,-20,12,-20,11,-20,12,-21,10,-18,11,-19,8,-20,9,-21,9,-18,7,-19,7,-21,7,-22,5,-19,5,-19,2,-17,2,-17,1,-17,1,-19,-1,-17,-1,-15,-3,-14,-2,-14,-3,-15,-4,-12,-4,-11,-5,-11,-5,-9,-5,-9,-6,-9,-9,-6,-7,-5,-8,-4,-7,0,0,0,0,0,0,0,0,0,0]"""
1782212767489,2026-06-23T20:06:07.489,danger,fall,lmh,bed_stand_to_lie_fall,t018,"CSI_DATA,813061,1a:00:00:00:00:00,-50,11,-97,15,32,11,219315057,47,2,256,0,""[0,0,0,0,0,0,0,0,0,0,0,0,-15,21,-17,18,-18,19,-22,18,-23,16,-25,17,-26,14,-28,12,-31,14,-32,12,-34,12,-34,10,-36,11,-38,6,-40,4,-40,5,-40,4,-42,1,-39,1,-41,-5,-45,-7,-40,-3,-41,-3,-40,-3,-42,-6,-38,-7,-40,-9,-41,-8,-39,-8,-40,-5,-36,-9,-40,-8,-40,-8,-37,-8,-37,-5,-37,-5,-37,-7,-36,-5,-38,-6,-39,-2,-39,-6,-40,-2,-38,-4,-42,-1,-37,-4,-38,-3,-39,-3,-41,-3,-40,-3,-43,-4,-45,-4,-42,-2,-45,-7,-41,-7,-46,-5,-46,-4,-45,-3,0,0,0,0,0,0,-12,42,-13,42,-7,41,-11,38,-8,40,-11,36,-10,37,-11,36,-10,31,-10,31,-9,30,-9,29,-6,30,-9,30,-8,29,-5,28,-6,29,-5,27,-7,27,-3,26,-3,26,-5,26,-3,22,-4,24,-5,25,-3,26,-4,25,-3,24,-3,24,-2,22,-4,20,-2,22,-3,22,-2,23,-2,20,-3,22,-5,21,-4,21,-4,19,-5,18,-4,19,-5,17,-6,16,-6,17,-7,16,-4,15,-5,13,-6,13,-6,12,-5,10,-5,12,-5,10,-6,10,-8,7,-7,7,-5,8,-6,6,0,0,0,0,0,0,0,0,0,0]"""
1782212767501,2026-06-23T20:06:07.501,danger,fall,lmh,bed_stand_to_lie_fall,t018,"CSI_DATA,813062,1a:00:00:00:00:00,-51,11,-97,18,32,11,219326248,47,2,256,0,""[0,0,0,0,0,0,0,0,0,0,0,0,9,-23,10,-22,13,-23,15,-25,17,-25,20,-22,21,-22,22,-20,24,-24,27,-21,29,-22,28,-21,33,-20,33,-21,34,-16,34,-16,36,-18,36,-16,35,-14,40,-12,40,-15,40,-12,37,-9,40,-10,42,-8,37,-10,38,-6,39,-9,37,-6,37,-9,34,-7,41,-9,37,-6,37,-7,38,-9,35,-11,36,-9,35,-12,36,-11,33,-13,36,-11,34,-16,34,-14,38,-16,35,-15,36,-14,37,-16,37,-16,38,-15,39,-16,38,-16,37,-18,43,-16,40,-15,42,-17,40,-18,41,-16,0,0,0,0,0,0,-12,-44,-14,-42,-16,-39,-14,-37,-13,-36,-11,-37,-11,-34,-11,-37,-9,-32,-7,-33,-9,-32,-7,-28,-12,-32,-10,-30,-10,-29,-12,-26,-10,-29,-12,-25,-10,-26,-11,-24,-15,-25,-12,-25,-11,-21,-11,-23,-10,-22,-13,-22,-11,-20,-14,-21,-11,-21,-14,-18,-11,-19,-12,-19,-10,-19,-12,-19,-11,-16,-12,-20,-10,-19,-9,-17,-10,-18,-8,-16,-9,-16,-10,-16,-6,-17,-6,-15,-4,-15,-7,-14,-4,-16,-4,-15,-4,-14,-3,-12,-2,-12,-2,-10,-1,-11,0,-9,0,-9,0,-11,1,-10,0,0,0,0,0,0,0,0,0,0]"""
1782212767512,2026-06-23T20:06:07.512,danger,fall,lmh,bed_stand_to_lie_fall,t018,"CSI_DATA,813063,1a:00:00:00:00:00,-50,11,-97,20,31,11,219335304,47,2,256,0,""[0,0,0,0,0,0,0,0,0,0,0,0,7,23,3,25,1,27,-3,29,-4,31,-7,30,-10,29,-13,29,-13,32,-16,30,-20,29,-21,31,-23,32,-25,30,-29,25,-31,25,-32,25,-34,23,-32,20,-39,18,-40,19,-39,15,-38,15,-39,15,-42,12,-39,11,-40,8,-41,7,-41,4,-40,7,-39,1,-41,3,-40,1,-39,2,-40,1,-39,2,-38,2,-39,4,-41,1,-39,2,-41,-1,-39,2,-41,-2,-41,-2,-40,-3,-40,-5,-42,-5,-37,-5,-42,-6,-43,-8,-43,-8,-43,-9,-43,-14,-41,-15,-44,-15,-43,-14,-41,-12,0,0,0,0,0,0,-26,39,-23,36,-20,38,-23,33,-24,33,-23,30,-25,29,-28,32,-24,27,-25,24,-24,23,-24,22,-25,24,-25,24,-24,21,-21,22,-21,23,-22,19,-24,17,-22,18,-20,20,-21,16,-21,15,-20,14,-22,14,-22,13,-20,12,-20,14,-21,14,-20,15,-21,12,-22,12,-22,10,-21,11,-17,10,-21,9,-21,7,-21,6,-21,5,-18,4,-18,4,-20,3,-20,2,-19,2,-17,0,-17,0,-15,-1,-15,0,-12,-2,-13,-2,-12,-2,-11,-5,-12,-3,-12,-6,-8,-7,-7,-7,-6,-6,0,0,0,0,0,0,0,0,0,0]"""
1782212767540,2026-06-23T20:06:07.540,danger,fall,lmh,bed_stand_to_lie_fall,t018,"CSI_DATA,813065,1a:00:00:00:00:00,-50,11,-97,15,32,11,219364622,47,2,256,0,""[0,0,0,0,0,0,0,0,0,0,0,0,8,-22,10,-22,13,-23,14,-22,17,-24,17,-21,19,-22,21,-21,23,-24,26,-23,26,-23,25,-23,29,-24,30,-23,30,-19,36,-21,32,-20,39,-17,33,-15,33,-13,36,-11,36,-18,39,-14,37,-15,41,-14,38,-16,39,-14,38,-14,38,-13,36,-15,36,-13,37,-16,34,-16,37,-14,34,-17,34,-17,32,-16,33,-18,32,-19,33,-22,33,-20,32,-23,34,-22,33,-26,31,-21,31,-24,33,-23,31,-25,33,-24,36,-28,31,-26,32,-26,37,-26,38,-29,37,-28,34,-27,36,-29,0,0,0,0,0,0,-24,-37,-27,-38,-24,-32,-23,-32,-25,-33,-21,-30,-24,-31,-21,-30,-21,-27,-20,-27,-21,-27,-21,-24,-23,-25,-22,-25,-20,-23,-21,-21,-22,-23,-22,-21,-18,-20,-21,-19,-20,-17,-20,-19,-20,-16,-20,-15,-19,-16,-22,-15,-22,-16,-22,-13,-21,-14,-21,-11,-20,-13,-19,-13,-20,-13,-19,-11,-18,-11,-20,-11,-19,-11,-17,-13,-18,-12,-16,-13,-16,-12,-16,-11,-16,-12,-14,-10,-13,-12,-13,-10,-12,-11,-11,-12,-9,-10,-8,-11,-9,-10,-8,-10,-7,-11,-6,-8,-6,-9,-5,-9,-4,-10,0,0,0,0,0,0,0,0,0,0]"""
1782212767550,2026-06-23T20:06:07.550,danger,fall,lmh,bed_stand_to_lie_fall,t018,"CSI_DATA,813066,1a:00:00:00:00:00,-50,11,-97,17,32,11,219368304,47,2,256,0,""[0,0,0,0,0,0,0,0,0,0,0,0,6,22,2,23,0,26,0,27,-2,29,-6,29,-6,29,-9,29,-12,31,-12,29,-16,30,-17,28,-20,32,-22,29,-26,26,-26,25,-27,27,-32,24,-33,23,-34,17,-38,15,-34,21,-35,18,-36,20,-38,17,-35,16,-36,12,-37,12,-38,8,-37,10,-35,7,-39,9,-36,9,-38,7,-36,8,-37,7,-35,8,-38,8,-37,7,-38,9,-37,7,-34,9,-37,7,-38,8,-39,5,-39,5,-40,6,-37,8,-39,2,-43,4,-40,5,-42,4,-45,0,-43,0,-46,0,-45,2,-46,-1,0,0,0,0,0,0,-9,43,-9,41,-7,43,-10,38,-9,37,-12,35,-11,36,-14,37,-11,34,-16,34,-13,32,-12,29,-12,31,-13,28,-14,28,-10,29,-10,29,-13,27,-15,25,-11,25,-10,27,-12,24,-11,24,-13,24,-10,24,-13,23,-12,21,-10,23,-14,22,-10,23,-10,20,-11,20,-13,17,-13,19,-13,18,-14,18,-15,17,-17,15,-16,15,-16,14,-13,13,-15,13,-15,11,-14,11,-15,8,-15,9,-15,5,-12,6,-14,3,-12,4,-14,3,-11,1,-12,0,-9,0,-10,0,-8,0,-9,-2,0,0,0,0,0,0,0,0,0,0]"""
1782212767559,2026-06-23T20:06:07.559,danger,fall,lmh,bed_stand_to_lie_fall,t018,"CSI_DATA,813067,1a:00:00:00:00:00,-50,11,-97,16,32,11,219379304,47,2,256,0,""[0,0,0,0,0,0,0,0,0,0,0,0,17,-18,18,-16,19,-15,20,-16,25,-15,26,-10,26,-9,28,-7,31,-8,32,-6,34,-3,34,-2,37,-1,39,1,37,7,37,9,38,5,38,11,36,11,36,17,39,19,36,16,36,18,36,18,35,22,32,20,31,25,32,24,32,26,32,22,30,25,31,25,29,25,29,26,31,25,30,25,27,23,28,22,29,25,32,24,30,25,31,23,28,27,30,26,29,25,30,26,28,27,31,25,30,29,30,31,31,30,30,33,28,34,27,34,30,37,29,35,27,36,0,0,0,0,0,0,41,-23,39,-19,37,-22,37,-16,37,-16,37,-13,35,-13,37,-14,34,-12,35,-9,32,-10,31,-10,32,-9,32,-10,30,-8,27,-9,30,-10,29,-8,29,-7,28,-7,26,-9,27,-7,25,-8,26,-7,25,-6,27,-5,25,-5,26,-8,25,-6,24,-7,23,-4,25,-5,24,-3,24,-6,21,-2,23,-2,22,-3,21,-2,20,-1,19,1,19,1,20,3,20,5,20,4,18,6,17,2,15,6,18,6,13,6,14,8,12,6,11,8,10,7,10,8,7,7,7,9,6,10,0,0,0,0,0,0,0,0,0,0]"""
1782212767568,2026-06-23T20:06:07.568,danger,fall,lmh,bed_stand_to_lie_fall,t018,"CSI_DATA,813068,1a:00:00:00:00:00,-50,11,-97,16,32,11,219390340,47,2,256,0,""[0,0,0,0,0,0,0,0,0,0,0,0,20,-11,22,-9,24,-9,26,-8,28,-5,28,-3,31,-2,29,2,31,3,32,5,34,8,33,8,35,11,35,13,34,15,32,16,34,15,34,22,32,22,31,24,30,28,28,24,29,29,29,27,29,29,25,29,23,29,26,32,26,31,26,29,20,30,23,32,22,31,22,30,23,31,23,32,22,31,23,31,22,32,23,29,22,31,23,29,23,31,25,32,20,33,23,32,21,33,23,30,23,34,25,37,22,37,21,37,21,41,19,41,21,41,20,39,23,41,0,0,0,0,0,0,43,-11,43,-13,40,-12,39,-9,41,-10,37,-9,39,-10,40,-10,36,-6,35,-2,34,-4,33,-4,33,-6,32,-5,30,-4,31,-3,32,-4,30,-4,28,-2,28,-3,27,-6,28,-2,26,-3,27,-4,26,-2,26,-3,26,-2,27,-3,25,-2,23,-4,23,-3,24,0,24,-2,26,-1,22,1,23,3,22,1,22,2,22,3,21,3,20,3,18,5,18,6,17,6,17,6,16,6,16,6,18,7,13,7,13,7,11,7,11,9,10,7,11,9,8,9,4,8,4,9,0,0,0,0,0,0,0,0,0,0]"""
1782212767578,2026-06-23T20:06:07.578,danger,fall,lmh,bed_stand_to_lie_fall,t018,"CSI_DATA,813069,1a:00:00:00:00:00,-50,11,-97,19,32,11,219401624,47,2,256,0,""[0,0,0,0,0,0,0,0,0,0,0,0,4,-22,6,-22,8,-23,11,-25,13,-21,12,-22,15,-22,18,-21,20,-24,22,-22,23,-22,23,-22,25,-22,28,-22,31,-19,31,-20,33,-20,37,-15,34,-14,33,-12,33,-9,37,-14,38,-11,37,-11,39,-7,37,-8,38,-5,39,-7,38,-5,38,-7,36,-4,38,-4,38,-6,37,-6,37,-7,36,-5,35,-4,37,-7,38,-5,36,-7,36,-6,36,-11,38,-9,41,-11,35,-8,37,-7,38,-9,39,-8,41,-8,43,-7,43,-8,41,-9,44,-5,42,-3,44,-9,47,-5,46,-5,0,0,0,0,0,0,0,-45,0,-44,0,-39,1,-42,3,-39,3,-37,2,-38,3,-40,2,-36,4,-34,3,-33,4,-32,1,-33,3,-31,5,-33,1,-31,2,-33,0,-31,6,-30,0,-27,0,-28,2,-29,0,-24,2,-25,3,-26,2,-24,0,-24,0,-27,2,-24,0,-25,2,-24,3,-24,2,-24,1,-25,3,-22,4,-23,3,-23,4,-21,4,-22,4,-19,5,-18,5,-19,6,-20,5,-17,6,-16,6,-14,5,-14,7,-15,8,-11,8,-11,10,-10,8,-9,9,-9,8,-5,9,-6,9,-6,8,-5,0,0,0,0,0,0,0,0,0,0]"""
1782212767593,2026-06-23T20:06:07.593,danger,fall,lmh,bed_stand_to_lie_fall,t018,"CSI_DATA,813070,1a:00:00:00:00:00,-50,11,-97,18,32,11,219419386,47,2,256,0,""[0,0,0,0,0,0,0,0,0,0,0,0,20,0,23,3,23,5,24,7,23,7,25,11,27,10,26,12,27,13,26,13,27,16,27,17,30,16,28,20,28,21,28,20,27,22,29,24,27,23,28,27,27,29,27,26,27,27,28,24,29,27,28,25,25,27,26,29,28,27,30,25,25,24,30,26,28,24,29,23,29,22,30,20,29,18,32,19,33,21,33,17,32,18,33,16,33,16,37,16,35,16,36,14,36,16,33,12,37,14,39,15,41,13,39,13,40,16,40,16,42,13,42,12,43,16,0,0,0,0,0,0,15,-43,15,-41,11,-41,12,-38,11,-37,10,-36,8,-36,11,-38,8,-34,9,-35,8,-33,4,-30,4,-33,6,-30,6,-30,3,-30,1,-32,1,-28,2,-29,0,-27,-1,-26,0,-27,-1,-26,-2,-26,0,-27,-3,-25,0,-24,-5,-24,-3,-25,-5,-23,-2,-22,-4,-24,-4,-22,-6,-23,-4,-21,-4,-23,-4,-22,-5,-21,-2,-22,-4,-17,-4,-17,-3,-17,-2,-19,-2,-16,-2,-16,-2,-16,-2,-16,-2,-16,0,-14,0,-14,0,-15,0,-12,0,-11,1,-11,1,-11,1,-9,2,-8,0,0,0,0,0,0,0,0,0,0]"""
1782212767602,2026-06-23T20:06:07.602,danger,fall,lmh,bed_stand_to_lie_fall,t018,"CSI_DATA,813071,1a:00:00:00:00:00,-50,11,-97,21,31,11,219425701,47,2,256,0,""[0,0,0,0,0,0,0,0,0,0,0,0,-11,-18,-7,-21,-5,-23,-1,-26,0,-26,1,-26,3,-27,8,-28,7,-31,10,-29,13,-30,13,-30,14,-31,19,-30,24,-28,20,-27,25,-29,28,-23,30,-22,27,-21,30,-17,34,-22,32,-15,34,-16,37,-15,33,-15,34,-9,38,-9,35,-7,36,-10,34,-7,40,-9,37,-5,36,-4,38,-6,35,-6,34,-5,35,-5,36,-3,36,-4,36,-1,34,-4,36,-1,38,-1,38,0,36,0,41,0,38,1,38,2,42,3,41,2,40,5,41,7,39,10,45,10,43,13,40,14,0,0,0,0,0,0,23,-37,22,-35,20,-37,22,-34,21,-33,22,-31,21,-30,25,-30,22,-26,26,-26,23,-23,23,-21,22,-23,23,-21,24,-19,22,-20,22,-21,21,-18,24,-17,21,-17,20,-19,21,-15,20,-16,22,-13,23,-13,23,-14,21,-11,20,-14,22,-12,18,-13,20,-10,22,-10,21,-8,22,-9,18,-5,23,-5,23,-5,20,-5,22,-3,20,-2,18,-3,19,-1,20,0,19,0,18,2,16,0,15,2,15,3,13,5,12,5,11,5,10,6,9,6,9,5,9,7,6,8,4,6,0,0,0,0,0,0,0,0,0,0]"""
1782212767613,2026-06-23T20:06:07.613,danger,fall,lmh,bed_stand_to_lie_fall,t018,"CSI_DATA,813072,1a:00:00:00:00:00,-50,11,-97,19,32,11,219434382,47,2,256,0,""[0,0,0,0,0,0,0,0,0,0,0,0,19,9,19,11,20,13,19,15,20,17,20,17,19,18,19,20,21,21,21,21,21,24,20,24,25,24,22,25,20,29,18,29,22,29,19,30,19,31,15,28,16,32,21,29,20,32,21,32,20,33,22,28,19,31,22,31,20,32,23,28,22,27,24,29,23,30,22,28,25,28,26,25,24,23,29,21,28,24,30,21,30,21,31,19,31,21,34,18,32,20,33,17,33,19,33,15,36,16,38,17,38,15,39,13,41,15,39,16,44,12,42,13,44,13,0,0,0,0,0,0,13,-41,13,-41,10,-40,11,-40,9,-39,11,-37,9,-35,8,-37,7,-36,7,-33,6,-32,4,-31,3,-33,0,-32,0,-31,-2,-29,-3,-32,-3,-28,0,-28,-2,-28,-5,-27,-4,-26,-7,-24,-4,-27,-5,-24,-6,-25,-7,-22,-10,-23,-8,-22,-11,-23,-8,-21,-11,-22,-10,-22,-11,-20,-10,-19,-10,-20,-9,-22,-9,-21,-10,-20,-10,-17,-9,-15,-10,-16,-7,-18,-9,-16,-8,-17,-6,-13,-5,-13,-8,-14,-7,-12,-4,-13,-3,-11,-4,-10,-2,-10,-4,-12,0,-11,-2,-10,0,-11,0,0,0,0,0,0,0,0,0,0]"""
1782212767623,2026-06-23T20:06:07.623,danger,fall,lmh,bed_stand_to_lie_fall,t018,"CSI_DATA,813073,1a:00:00:00:00:00,-50,11,-97,19,32,11,219445303,47,2,256,0,""[0,0,0,0,0,0,0,0,0,0,0,0,22,1,22,3,22,4,23,8,22,8,23,11,25,12,24,11,27,11,27,13,29,13,27,14,32,15,27,17,26,22,27,18,31,17,30,22,31,20,28,24,31,24,29,22,28,22,29,21,33,22,31,20,28,21,29,22,29,21,33,19,29,20,35,19,31,19,30,16,34,15,33,12,33,12,35,10,33,11,34,7,35,10,34,5,36,8,38,6,37,5,38,1,39,2,37,0,37,0,42,2,43,0,39,-3,44,0,42,0,44,-3,43,-3,44,-1,0,0,0,0,0,0,-1,-43,-1,-42,-6,-42,-3,-38,-7,-38,-6,-37,-8,-33,-6,-38,-7,-33,-6,-34,-7,-32,-6,-31,-11,-30,-10,-32,-10,-28,-12,-25,-13,-27,-12,-25,-11,-26,-14,-23,-14,-22,-13,-22,-15,-21,-15,-21,-13,-20,-15,-21,-15,-19,-18,-19,-16,-18,-18,-15,-17,-16,-18,-15,-15,-14,-17,-14,-17,-12,-18,-14,-16,-14,-16,-13,-17,-15,-14,-13,-16,-11,-14,-11,-12,-13,-13,-11,-11,-11,-11,-10,-11,-9,-11,-11,-11,-9,-8,-8,-8,-10,-9,-8,-7,-8,-9,-10,-4,-8,-4,-7,-4,-9,0,0,0,0,0,0,0,0,0,0]"""
1782212767632,2026-06-23T20:06:07.632,danger,fall,lmh,bed_stand_to_lie_fall,t018,"CSI_DATA,813074,1a:00:00:00:00:00,-50,11,-97,15,33,11,219458392,47,2,256,0,""[0,0,0,0,0,0,0,0,0,0,0,0,15,15,11,15,11,19,11,21,11,22,9,22,7,23,5,26,5,27,5,27,4,30,3,29,3,33,1,33,-2,31,-3,34,0,33,-4,35,-4,32,-9,33,-9,33,-9,33,-11,34,-9,35,-11,34,-9,33,-11,33,-11,32,-12,33,-11,32,-11,32,-10,33,-11,33,-11,32,-11,33,-10,32,-8,33,-7,33,-8,33,-6,33,-6,33,-6,34,-5,33,-6,37,-6,33,-6,36,-8,36,-5,36,-7,36,-7,41,-6,39,-5,38,-9,40,-9,40,-5,41,-7,40,-8,42,0,0,0,0,0,0,38,10,40,11,36,8,37,11,37,11,32,11,35,9,33,11,33,11,29,11,30,9,28,11,29,8,29,9,28,8,27,6,28,5,27,4,25,7,26,4,25,2,27,5,22,1,23,4,23,4,24,3,23,3,23,0,23,1,23,1,22,1,22,3,22,3,21,0,22,2,22,2,21,3,21,3,20,3,18,6,18,4,18,4,17,5,16,4,15,5,16,5,12,5,14,5,11,5,11,7,11,7,9,7,10,5,10,6,8,7,8,6,4,6,0,0,0,0,0,0,0,0,0,0]"""
1782212767643,2026-06-23T20:06:07.643,danger,fall,lmh,bed_stand_to_lie_fall,t018,"CSI_DATA,813075,1a:00:00:00:00:00,-51,11,-97,16,33,11,219468852,47,2,256,0,""[0,0,0,0,0,0,0,0,0,0,0,0,15,12,15,11,16,14,16,16,16,17,14,17,15,20,14,22,16,23,16,24,15,25,15,24,16,26,16,29,13,28,14,30,16,28,16,32,13,29,11,31,11,32,13,31,13,32,15,31,14,32,15,31,12,30,14,32,14,32,16,29,16,29,16,29,16,29,17,27,19,28,20,27,20,25,22,24,22,25,24,24,23,24,26,22,24,22,29,23,25,21,28,19,28,21,29,18,31,19,32,20,33,20,33,18,33,20,34,20,37,18,34,17,38,16,0,0,0,0,0,0,16,-35,18,-35,11,-34,15,-33,14,-34,13,-31,13,-33,12,-32,11,-32,10,-29,9,-29,8,-27,7,-30,5,-30,5,-27,2,-27,1,-29,0,-28,1,-25,0,-25,-2,-24,0,-25,0,-22,-2,-24,-1,-24,-2,-23,-3,-24,-6,-22,-4,-22,-6,-22,-6,-20,-6,-21,-5,-21,-7,-20,-8,-18,-6,-19,-7,-19,-6,-18,-6,-18,-6,-16,-8,-16,-7,-16,-4,-17,-6,-15,-5,-15,-6,-14,-3,-13,-5,-13,-2,-11,-2,-12,-2,-11,-2,-10,-1,-11,-2,-10,0,-10,0,-8,0,-8,0,0,0,0,0,0,0,0,0,0]"""
1782212767653,2026-06-23T20:06:07.653,danger,fall,lmh,bed_stand_to_lie_fall,t018,"CSI_DATA,813076,1a:00:00:00:00:00,-51,11,-97,16,33,11,219478303,47,2,256,0,""[0,0,0,0,0,0,0,0,0,0,0,0,4,-20,8,-17,9,-18,12,-19,12,-19,15,-17,16,-17,18,-17,20,-19,20,-17,21,-18,21,-17,24,-18,25,-17,28,-14,28,-15,28,-16,31,-14,30,-11,32,-9,33,-8,32,-10,32,-8,33,-11,35,-10,31,-11,33,-6,35,-7,32,-8,32,-8,31,-5,33,-7,32,-7,32,-6,33,-8,32,-9,32,-8,32,-11,32,-10,32,-12,32,-10,31,-12,33,-12,32,-14,32,-10,31,-13,32,-12,32,-14,32,-14,35,-14,33,-15,35,-16,39,-14,36,-13,37,-15,36,-15,37,-14,0,0,0,0,0,0,-10,-40,-10,-36,-12,-36,-8,-35,-9,-35,-8,-33,-8,-32,-8,-33,-8,-32,-6,-30,-8,-30,-7,-28,-8,-28,-7,-28,-8,-27,-8,-24,-9,-26,-9,-24,-7,-24,-9,-24,-10,-22,-8,-24,-9,-20,-7,-21,-8,-22,-8,-22,-8,-21,-10,-18,-9,-20,-10,-18,-8,-19,-9,-19,-8,-19,-9,-18,-8,-17,-8,-20,-7,-18,-5,-16,-5,-18,-5,-16,-5,-16,-6,-16,-4,-16,-4,-15,-3,-15,-3,-14,-1,-15,-3,-14,0,-13,0,-11,0,-12,0,-11,0,-9,2,-9,1,-8,2,-7,3,-8,0,0,0,0,0,0,0,0,0,0]"""
1782212767664,2026-06-23T20:06:07.664,danger,fall,lmh,bed_stand_to_lie_fall,t018,"CSI_DATA,813077,1a:00:00:00:00:00,-51,11,-97,16,33,11,219489303,47,2,256,0,""[0,0,0,0,0,0,0,0,0,0,0,0,0,18,0,20,-3,21,-5,22,-8,22,-8,21,-10,22,-13,21,-16,23,-17,22,-19,20,-20,21,-23,21,-25,19,-26,16,-26,15,-29,16,-31,12,-29,10,-29,9,-31,6,-33,8,-33,4,-33,4,-36,0,-32,2,-33,-2,-34,0,-32,-1,-32,0,-31,-4,-33,-3,-33,-2,-32,-3,-33,-3,-32,-5,-30,-6,-32,-4,-33,-8,-34,-5,-32,-7,-32,-6,-32,-8,-35,-8,-32,-8,-32,-8,-32,-10,-33,-9,-34,-11,-35,-14,-35,-13,-34,-15,-33,-18,-32,-18,-35,-19,-35,-18,-34,-20,0,0,0,0,0,0,-25,29,-27,28,-24,27,-26,24,-25,25,-27,20,-25,22,-27,23,-26,17,-25,16,-24,17,-24,16,-24,17,-24,15,-24,14,-23,14,-24,14,-23,13,-23,10,-21,11,-21,13,-23,9,-20,9,-20,8,-22,8,-21,9,-20,8,-21,9,-22,8,-19,8,-20,7,-20,6,-21,4,-19,5,-18,3,-20,2,-20,2,-18,1,-18,0,-17,0,-17,0,-16,0,-16,-1,-16,-2,-15,-4,-14,-3,-12,-5,-14,-5,-10,-6,-10,-5,-8,-5,-8,-6,-8,-8,-7,-7,-7,-7,-4,-7,-3,-8,0,0,0,0,0,0,0,0,0,0]"""
1782212767672,2026-06-23T20:06:07.672,danger,fall,lmh,bed_stand_to_lie_fall,t018,"CSI_DATA,813078,1a:00:00:00:00:00,-51,11,-97,16,33,11,219500422,47,2,256,0,""[0,0,0,0,0,0,0,0,0,0,0,0,13,15,11,16,13,16,11,18,10,20,8,21,8,22,6,24,8,25,7,26,5,27,5,29,6,30,4,30,0,32,1,32,1,33,0,33,0,31,-1,33,-3,34,-3,33,-3,32,-3,32,-5,33,-4,32,-6,31,-6,33,-5,33,-3,33,-5,31,-4,34,-4,32,-2,31,-2,32,-2,32,-1,31,-1,32,0,32,1,33,1,33,2,32,1,33,3,34,1,32,3,33,3,35,4,33,4,34,5,36,7,37,4,36,3,40,3,38,6,38,6,39,7,40,0,0,0,0,0,0,39,-1,37,-2,36,-4,35,0,35,-3,33,0,33,-2,32,-1,31,0,30,-1,29,-1,27,-1,30,-4,29,-3,25,-3,25,-4,27,-5,25,-6,24,-3,24,-5,23,-7,24,-5,22,-7,21,-6,21,-7,22,-8,20,-7,21,-8,22,-7,19,-8,20,-6,20,-7,19,-6,18,-8,17,-7,20,-7,17,-7,18,-7,17,-6,16,-4,16,-5,16,-3,16,-4,15,-4,15,-2,13,-2,12,-1,14,-2,13,0,12,0,11,0,11,0,10,0,10,1,8,2,8,1,8,1,0,0,0,0,0,0,0,0,0,0]"""
1782212767685,2026-06-23T20:06:07.685,danger,fall,lmh,bed_stand_to_lie_fall,t018,"CSI_DATA,813079,1a:00:00:00:00:00,-51,11,-97,16,33,11,219511823,47,2,256,0,""[0,0,0,0,0,0,0,0,0,0,0,0,8,-16,9,-16,12,-16,14,-16,15,-16,17,-15,19,-14,20,-13,23,-12,24,-12,26,-10,25,-11,28,-10,28,-8,30,-6,30,-4,32,-4,32,-1,31,0,32,0,32,0,34,2,32,4,32,4,34,7,31,4,32,8,32,8,32,10,32,8,29,8,31,9,31,11,28,9,32,9,31,8,29,8,32,8,31,10,32,8,31,10,32,8,31,9,33,10,31,10,32,9,33,10,32,10,32,12,34,13,33,13,34,13,34,16,33,16,36,16,36,16,34,16,0,0,0,0,0,0,23,-32,23,-30,20,-30,21,-27,21,-27,23,-24,21,-25,23,-25,21,-24,21,-20,19,-22,20,-20,19,-20,20,-21,19,-19,17,-19,17,-20,17,-19,18,-16,16,-17,15,-18,17,-16,15,-16,16,-16,16,-15,16,-16,15,-14,15,-16,16,-15,14,-15,15,-13,16,-15,16,-12,15,-12,16,-12,17,-11,16,-10,16,-9,16,-8,15,-7,13,-8,14,-7,16,-6,16,-7,15,-3,12,-4,12,-2,13,-2,11,-2,11,0,10,0,10,0,9,1,9,0,8,1,8,2,6,2,0,0,0,0,0,0,0,0,0,0]"""
1782212767697,2026-06-23T20:06:07.697,danger,fall,lmh,bed_stand_to_lie_fall,t018,"CSI_DATA,813080,1a:00:00:00:00:00,-51,11,-97,22,32,11,219523500,47,2,256,0,""[0,0,0,0,0,0,0,0,0,0,0,0,-6,17,-8,18,-9,18,-10,19,-12,20,-14,17,-16,18,-15,19,-18,21,-18,21,-19,21,-21,21,-21,23,-21,22,-24,19,-24,21,-22,24,-25,23,-22,22,-28,20,-30,21,-25,23,-26,22,-23,22,-26,24,-22,23,-26,21,-25,24,-24,26,-21,26,-21,24,-21,26,-22,26,-19,26,-20,28,-18,28,-17,27,-15,29,-14,29,-12,31,-12,31,-10,32,-9,33,-8,36,-10,32,-5,33,-7,34,-3,35,-6,38,-5,39,-2,36,-3,37,-3,41,-5,38,0,40,-1,38,0,41,0,0,0,0,0,0,41,0,38,0,36,-5,37,-1,37,-5,32,-2,34,-5,35,-3,33,-5,31,-5,30,-5,28,-4,29,-8,26,-8,26,-8,26,-10,26,-12,23,-12,24,-10,21,-12,20,-15,22,-12,17,-15,17,-15,18,-13,19,-15,19,-14,13,-15,14,-16,15,-15,14,-15,11,-15,14,-15,11,-15,13,-15,12,-15,11,-15,10,-15,10,-14,10,-12,10,-13,10,-13,9,-12,8,-11,9,-9,9,-11,8,-10,7,-11,8,-7,6,-9,7,-9,7,-7,7,-9,7,-5,5,-5,7,-5,5,-5,0,0,0,0,0,0,0,0,0,0]"""
1782212767708,2026-06-23T20:06:07.708,danger,fall,lmh,bed_stand_to_lie_fall,t018,"CSI_DATA,813081,1a:00:00:00:00:00,-51,11,-97,14,34,11,219533332,47,2,256,0,""[0,0,0,0,0,0,0,0,0,0,0,0,-15,12,-16,10,-18,8,-20,7,-22,5,-22,2,-23,2,-25,0,-26,0,-26,-2,-28,-2,-26,-5,-29,-5,-30,-6,-27,-10,-29,-13,-29,-11,-28,-16,-26,-15,-25,-15,-26,-17,-26,-21,-23,-21,-24,-21,-24,-25,-22,-22,-21,-25,-21,-24,-20,-25,-20,-22,-17,-25,-21,-25,-20,-26,-19,-24,-20,-26,-19,-25,-19,-25,-18,-26,-19,-26,-21,-25,-18,-26,-20,-26,-17,-25,-21,-27,-16,-26,-18,-27,-18,-28,-19,-26,-19,-27,-19,-31,-18,-30,-18,-31,-15,-33,-15,-34,-16,-35,-15,-32,-15,-34,0,0,0,0,0,0,-37,9,-37,8,-34,10,-33,5,-34,6,-31,3,-34,5,-32,4,-31,3,-30,0,-27,1,-28,1,-27,0,-28,2,-26,1,-23,3,-26,2,-25,1,-25,0,-24,0,-23,1,-25,0,-21,0,-21,0,-21,0,-21,0,-21,0,-21,0,-21,0,-19,0,-19,-1,-20,0,-20,-2,-20,-1,-17,-3,-19,-3,-18,-2,-17,-3,-18,-5,-15,-5,-15,-5,-14,-5,-14,-7,-13,-6,-11,-5,-11,-6,-10,-8,-10,-7,-8,-7,-7,-7,-6,-8,-5,-6,-6,-8,-4,-8,-5,-7,-3,-6,-1,-6,0,0,0,0,0,0,0,0,0,0]"""
1782212767718,2026-06-23T20:06:07.718,danger,fall,lmh,bed_stand_to_lie_fall,t018,"CSI_DATA,813082,1a:00:00:00:00:00,-52,11,-97,14,34,11,219544303,47,2,256,0,""[0,0,0,0,0,0,0,0,0,0,0,0,-1,-19,0,-19,0,-20,0,-22,2,-23,3,-23,5,-24,5,-22,7,-26,7,-25,10,-26,10,-27,12,-27,12,-27,15,-27,15,-28,13,-30,16,-27,15,-26,18,-27,19,-26,19,-26,19,-26,18,-26,19,-27,17,-26,20,-24,20,-26,17,-26,17,-26,18,-26,17,-27,17,-26,15,-26,15,-27,15,-29,15,-26,13,-28,13,-28,10,-29,12,-29,8,-31,10,-31,9,-31,10,-31,9,-30,10,-33,7,-31,7,-33,8,-35,7,-35,6,-35,10,-37,9,-37,7,-37,6,-36,6,-37,0,0,0,0,0,0,-36,-8,-34,-8,-34,-5,-33,-9,-31,-6,-31,-6,-31,-5,-32,-6,-29,-5,-29,-5,-28,-4,-26,-4,-29,-2,-26,-3,-27,-4,-25,-1,-26,0,-23,0,-23,0,-23,2,-23,3,-23,1,-21,3,-21,1,-21,1,-21,4,-21,3,-20,5,-20,4,-19,5,-18,3,-20,4,-19,5,-17,5,-17,4,-18,4,-17,4,-15,4,-16,3,-15,2,-15,2,-15,2,-15,3,-14,2,-13,1,-13,1,-11,0,-11,1,-10,0,-10,0,-10,0,-9,0,-8,0,-8,0,-8,0,-7,-1,-7,-3,0,0,0,0,0,0,0,0,0,0]"""
1782212767737,2026-06-23T20:06:07.737,danger,fall,lmh,bed_stand_to_lie_fall,t018,"CSI_DATA,813083,1a:00:00:00:00:00,-52,11,-97,18,33,11,219565510,47,2,256,0,""[0,0,0,0,0,0,0,0,0,0,0,0,-11,15,-14,14,-15,14,-18,12,-20,12,-21,11,-19,10,-23,10,-24,11,-25,10,-27,9,-26,9,-27,9,-30,8,-29,5,-31,3,-31,5,-33,4,-30,0,-32,0,-31,0,-32,0,-33,0,-33,0,-34,-2,-31,0,-32,-3,-31,-2,-31,-2,-31,0,-30,-1,-32,-2,-31,0,-31,-1,-31,0,-31,0,-30,0,-31,1,-31,1,-31,3,-31,0,-30,5,-30,3,-33,5,-30,3,-31,6,-32,5,-31,7,-31,6,-36,5,-34,6,-33,7,-36,5,-36,4,-37,6,-36,7,-35,6,0,0,0,0,0,0,2,36,2,35,5,33,4,31,3,33,0,31,2,31,3,31,2,30,2,27,3,26,4,26,4,26,3,26,4,25,4,23,5,24,4,23,3,22,5,22,7,21,5,21,6,19,5,20,5,20,5,19,6,19,7,18,5,19,8,16,6,17,6,18,5,17,5,17,5,16,5,16,5,17,5,15,5,15,4,15,4,15,4,15,3,13,2,14,1,13,2,12,0,13,0,12,0,10,0,9,0,9,0,9,0,9,-2,8,-1,6,0,7,-2,6,0,0,0,0,0,0,0,0,0,0]"""
1782212767747,2026-06-23T20:06:07.747,danger,fall,lmh,bed_stand_to_lie_fall,t018,"CSI_DATA,813084,1a:00:00:00:00:00,-52,11,-97,14,34,11,219566303,47,2,256,0,""[0,0,0,0,0,0,0,0,0,0,0,0,8,-17,9,-16,10,-17,13,-18,15,-16,16,-16,17,-15,20,-14,21,-15,24,-15,25,-15,25,-13,26,-14,26,-11,31,-7,31,-8,32,-7,33,-5,31,-3,31,0,32,1,32,0,32,0,34,0,34,1,32,0,32,3,32,5,31,5,31,4,29,5,33,5,31,7,30,6,31,6,31,5,29,5,30,4,31,5,32,4,30,6,32,4,31,5,32,3,31,5,31,5,31,6,31,5,33,7,34,7,35,6,33,6,34,9,35,11,36,8,34,10,36,10,0,0,0,0,0,0,14,-31,15,-32,13,-32,15,-28,15,-30,15,-27,14,-27,16,-28,15,-24,15,-24,14,-22,14,-22,15,-22,14,-22,13,-21,11,-21,11,-22,11,-21,13,-19,11,-19,10,-19,12,-19,10,-17,11,-17,12,-15,11,-16,10,-15,10,-18,10,-16,9,-16,10,-15,10,-15,11,-15,9,-15,10,-14,10,-14,11,-13,10,-11,12,-11,10,-10,10,-10,10,-10,11,-8,11,-9,10,-7,10,-8,10,-5,10,-5,10,-5,10,-2,9,-2,8,-2,6,-1,8,0,8,0,6,0,5,0,0,0,0,0,0,0,0,0,0,0]"""
1782212767759,2026-06-23T20:06:07.759,danger,fall,lmh,bed_stand_to_lie_fall,t018,"CSI_DATA,813085,1a:00:00:00:00:00,-52,11,-97,15,34,11,219577772,47,2,256,0,""[0,0,0,0,0,0,0,0,0,0,0,0,-19,-3,-19,-5,-20,-6,-20,-8,-20,-11,-20,-12,-20,-13,-19,-15,-21,-16,-20,-17,-22,-20,-19,-20,-20,-21,-21,-22,-17,-26,-17,-25,-17,-25,-15,-29,-15,-27,-12,-29,-11,-31,-12,-30,-10,-31,-12,-31,-11,-31,-11,-29,-7,-31,-9,-31,-8,-31,-9,-30,-8,-29,-11,-31,-8,-30,-9,-29,-11,-30,-10,-28,-9,-27,-11,-28,-11,-28,-13,-28,-11,-29,-13,-28,-13,-30,-14,-30,-11,-30,-13,-28,-13,-30,-14,-27,-14,-29,-13,-32,-16,-32,-14,-31,-12,-33,-11,-34,-16,-32,-14,-33,-13,-34,0,0,0,0,0,0,-34,9,-34,9,-31,12,-32,8,-30,8,-30,7,-30,8,-29,8,-28,6,-28,6,-26,5,-25,4,-25,8,-24,6,-24,6,-22,7,-23,8,-22,7,-22,7,-22,6,-20,8,-20,6,-20,8,-19,8,-19,8,-19,8,-17,6,-17,8,-17,7,-17,8,-17,5,-17,6,-17,6,-16,6,-15,4,-17,5,-16,4,-15,4,-16,4,-14,4,-14,3,-15,3,-13,2,-12,1,-11,0,-12,1,-12,0,-12,0,-11,0,-9,-1,-9,0,-8,-2,-8,-1,-8,0,-7,-2,-5,-3,-5,-4,0,0,0,0,0,0,0,0,0,0]"""
1782212767768,2026-06-23T20:06:07.768,danger,fall,lmh,bed_stand_to_lie_fall,t018,"CSI_DATA,813086,1a:00:00:00:00:00,-52,11,-97,19,33,11,219588302,47,2,256,0,""[0,0,0,0,0,0,0,0,0,0,0,0,-5,20,-8,17,-8,20,-10,21,-11,22,-13,19,-13,20,-13,22,-15,22,-16,21,-17,22,-18,22,-19,24,-21,22,-22,21,-22,22,-21,23,-24,22,-23,22,-25,19,-26,20,-25,21,-26,22,-25,22,-26,22,-23,20,-26,20,-24,22,-25,21,-22,22,-22,21,-22,24,-20,23,-20,24,-20,25,-19,25,-17,25,-17,26,-16,26,-14,28,-14,28,-12,29,-13,28,-11,31,-11,29,-9,30,-11,31,-8,31,-8,31,-8,34,-8,35,-8,34,-8,34,-8,35,-5,35,-5,36,-6,36,0,0,0,0,0,0,35,8,35,7,33,3,32,5,33,3,31,4,30,2,31,2,29,1,28,0,27,0,26,0,27,-1,26,-1,24,0,24,-4,23,-4,22,-5,23,-4,21,-4,21,-7,20,-6,18,-6,18,-7,19,-6,18,-6,17,-8,17,-8,17,-9,15,-9,16,-8,15,-8,15,-8,14,-9,14,-9,15,-8,13,-9,13,-9,13,-8,13,-7,13,-8,13,-7,12,-8,10,-6,10,-5,10,-6,9,-4,9,-5,8,-4,9,-4,8,-3,8,-4,7,-3,7,-3,6,-2,5,-2,5,0,0,0,0,0,0,0,0,0,0,0]"""
1782212767779,2026-06-23T20:06:07.779,danger,fall,lmh,bed_stand_to_lie_fall,t018,"CSI_DATA,813087,1a:00:00:00:00:00,-52,11,-97,18,33,11,219599302,47,2,256,0,""[0,0,0,0,0,0,0,0,0,0,0,0,20,-3,20,-3,21,0,22,0,23,1,23,1,24,2,25,4,26,5,28,5,28,5,27,5,29,5,30,7,28,10,32,9,31,8,31,10,29,10,30,9,31,10,31,12,31,10,31,10,31,12,31,9,31,11,31,10,31,10,30,7,30,8,31,7,31,7,30,5,31,4,30,3,31,3,31,0,31,0,33,-2,31,0,31,-5,31,-3,32,-5,30,-5,31,-7,31,-7,31,-10,31,-9,33,-10,32,-11,31,-13,33,-12,33,-11,33,-13,34,-13,31,-15,0,0,0,0,0,0,-14,-33,-14,-32,-15,-28,-14,-28,-15,-28,-14,-26,-14,-26,-15,-26,-15,-25,-14,-23,-15,-21,-15,-21,-16,-21,-15,-20,-15,-19,-15,-16,-17,-17,-16,-15,-15,-15,-17,-14,-18,-12,-17,-13,-15,-10,-16,-10,-16,-10,-16,-10,-16,-9,-18,-7,-17,-9,-17,-5,-15,-6,-16,-5,-16,-6,-15,-5,-15,-5,-16,-6,-15,-5,-14,-5,-15,-5,-14,-5,-13,-5,-14,-5,-12,-4,-11,-3,-12,-5,-10,-3,-10,-5,-10,-3,-8,-5,-8,-4,-7,-4,-6,-2,-6,-3,-6,-3,-5,-2,-6,-3,-5,-4,0,0,0,0,0,0,0,0,0,0]"""
1782212767789,2026-06-23T20:06:07.789,danger,fall,lmh,bed_stand_to_lie_fall,t018,"CSI_DATA,813088,1a:00:00:00:00:00,-52,11,-97,19,33,11,219610302,47,2,256,0,""[0,0,0,0,0,0,0,0,0,0,0,0,-14,-13,-13,-16,-13,-17,-14,-19,-13,-18,-13,-21,-12,-22,-12,-22,-13,-25,-13,-26,-12,-26,-13,-26,-14,-27,-12,-29,-11,-30,-9,-31,-12,-31,-10,-31,-10,-31,-10,-33,-10,-33,-9,-32,-10,-32,-12,-31,-9,-33,-11,-29,-9,-30,-11,-31,-10,-30,-13,-30,-13,-27,-15,-31,-14,-28,-14,-28,-17,-26,-17,-26,-17,-24,-20,-23,-20,-25,-21,-22,-21,-22,-23,-20,-24,-22,-26,-19,-23,-21,-24,-17,-24,-19,-26,-17,-27,-17,-30,-17,-30,-18,-30,-16,-31,-17,-31,-17,-32,-16,-33,-14,-32,-15,0,0,0,0,0,0,-15,34,-13,31,-11,32,-11,31,-10,28,-9,29,-9,28,-8,31,-6,27,-8,26,-5,26,-4,25,-3,25,-3,26,-2,25,0,23,0,25,0,21,0,22,1,21,3,21,4,21,4,18,4,20,4,19,4,19,5,17,6,17,7,18,8,16,6,15,6,17,8,16,8,15,8,13,7,16,7,15,8,14,7,13,5,13,5,12,7,12,5,12,7,10,5,10,5,9,5,10,4,9,4,8,4,8,4,8,3,8,1,6,2,8,1,6,3,5,0,6,0,0,0,0,0,0,0,0,0,0]"""
1782212767798,2026-06-23T20:06:07.798,danger,fall,lmh,bed_stand_to_lie_fall,t018,"CSI_DATA,813089,1a:00:00:00:00:00,-52,11,-97,19,33,11,219621302,47,2,256,0,""[0,0,0,0,0,0,0,0,0,0,0,0,19,8,18,9,19,11,19,13,18,14,17,16,17,17,18,18,18,21,19,21,17,22,16,24,17,26,15,28,13,29,13,31,13,29,10,32,10,31,10,31,9,31,8,33,7,33,8,33,6,35,7,32,5,32,5,33,3,33,5,33,4,30,5,32,6,31,6,30,8,33,6,31,7,31,7,31,8,30,9,30,8,30,8,31,7,31,11,32,8,30,11,30,10,31,13,31,11,34,12,34,11,32,11,32,11,34,9,34,12,36,12,34,9,34,0,0,0,0,0,0,34,-7,35,-7,32,-8,31,-5,32,-5,29,-4,31,-5,31,-4,30,-4,26,-4,25,-5,25,-4,25,-6,25,-6,23,-5,22,-6,23,-8,22,-6,20,-4,21,-5,21,-8,21,-7,17,-6,17,-7,20,-6,18,-5,17,-6,17,-8,17,-7,16,-8,16,-6,17,-6,17,-5,16,-6,14,-4,16,-5,14,-5,14,-4,15,-4,13,-3,13,-4,12,-2,13,-2,13,-4,13,-1,11,-1,10,0,11,-2,8,1,9,0,7,1,8,0,8,1,7,1,7,2,6,1,5,2,0,0,0,0,0,0,0,0,0,0]"""
1782212767808,2026-06-23T20:06:07.808,danger,fall,lmh,bed_stand_to_lie_fall,t018,"CSI_DATA,813090,1a:00:00:00:00:00,-51,11,-97,17,33,11,219632302,47,2,256,0,""[0,0,0,0,0,0,0,0,0,0,0,0,16,14,12,15,15,17,15,17,15,19,12,19,15,20,17,20,19,22,19,22,18,22,19,22,20,22,21,22,19,24,24,24,24,21,24,26,23,21,23,22,22,21,27,21,27,22,26,19,28,19,28,17,28,18,30,15,32,14,29,9,31,12,32,7,32,7,31,1,33,2,32,0,32,-3,32,-4,32,-4,27,-12,26,-12,36,-12,32,-4,29,-10,33,-11,33,-25,23,-31,32,-21,36,-14,31,-45,11,-34,-1,-29,38,-41,18,-23,18,-21,-13,-51,21,-41,0,0,0,0,0,0,-40,-12,-29,-45,-26,-3,-38,-5,-9,-11,-40,10,-32,-10,-49,-6,-29,21,-17,0,-20,19,-16,-1,-20,5,-20,15,-27,1,-19,6,-22,12,-19,9,-15,14,-16,16,-12,15,-15,15,-11,16,-11,16,-9,16,-9,18,-7,18,-6,17,-4,16,-4,18,-5,18,-2,18,-1,17,0,15,0,17,0,16,0,15,2,13,2,16,1,14,2,13,3,12,3,12,4,12,3,9,5,12,4,9,4,9,3,8,3,7,3,7,2,6,3,6,3,7,2,6,1,5,1,5,0,0,0,0,0,0,0,0,0,0]"""
1782212767817,2026-06-23T20:06:07.817,danger,fall,lmh,bed_stand_to_lie_fall,t018,"CSI_DATA,813091,1a:00:00:00:00:00,-52,11,-97,19,33,11,219643302,47,2,256,0,""[0,0,0,0,0,0,0,0,0,0,0,0,17,12,15,14,15,16,14,19,14,21,11,22,12,22,9,25,8,27,6,29,4,29,3,29,1,33,0,31,-4,34,-4,33,-3,35,-8,34,-9,30,-8,31,-13,33,-15,31,-14,31,-15,31,-18,31,-15,27,-20,26,-20,26,-22,26,-21,26,-21,23,-22,26,-21,23,-22,23,-22,23,-22,26,-22,22,-21,22,-22,24,-22,25,-24,22,-22,23,-24,22,-24,23,-23,20,-22,22,-26,21,-23,22,-26,21,-27,22,-26,21,-27,21,-32,19,-30,17,-31,19,-31,17,-31,17,0,0,0,0,0,0,11,35,10,35,9,31,8,32,8,33,4,31,4,30,4,30,3,27,2,27,4,26,1,25,3,26,1,26,0,25,1,23,1,25,0,23,0,22,0,22,1,22,0,22,0,19,0,19,0,20,-2,20,-1,20,0,18,-2,19,0,18,-2,17,-2,17,-4,17,-3,16,-3,16,-5,16,-4,14,-4,14,-4,14,-4,13,-5,12,-5,12,-7,11,-6,11,-7,8,-7,9,-7,8,-7,6,-7,6,-7,4,-7,4,-6,4,-7,4,-7,2,-6,2,-5,1,-5,1,0,0,0,0,0,0,0,0,0,0]"""
1782212767840,2026-06-23T20:06:07.840,danger,fall,lmh,bed_stand_to_lie_fall,t018,"CSI_DATA,813093,1a:00:00:00:00:00,-52,11,-97,18,33,11,219665302,47,2,256,0,""[0,0,0,0,0,0,0,0,0,0,0,0,-19,-10,-17,-11,-19,-14,-19,-15,-19,-17,-17,-17,-16,-19,-17,-20,-19,-23,-17,-23,-16,-26,-16,-26,-19,-26,-16,-28,-13,-30,-13,-31,-15,-31,-12,-33,-11,-30,-12,-31,-11,-34,-10,-34,-9,-33,-10,-32,-9,-35,-9,-31,-7,-33,-8,-33,-9,-32,-10,-32,-8,-31,-11,-32,-10,-31,-10,-30,-11,-31,-11,-30,-10,-29,-14,-28,-15,-28,-15,-29,-15,-29,-17,-28,-15,-28,-18,-28,-15,-26,-18,-26,-18,-28,-19,-26,-20,-27,-21,-28,-21,-28,-22,-28,-21,-30,-20,-29,-24,-29,-23,-29,-25,-29,0,0,0,0,0,0,-30,20,-29,21,-25,22,-26,19,-27,20,-25,18,-24,18,-24,19,-22,18,-21,15,-19,16,-20,15,-20,18,-19,18,-18,15,-15,17,-16,18,-16,18,-15,16,-15,16,-11,16,-13,17,-11,15,-12,15,-12,16,-12,16,-11,15,-9,16,-10,16,-9,16,-9,15,-9,15,-9,15,-7,14,-7,13,-8,14,-7,14,-8,13,-7,15,-7,12,-6,10,-7,10,-8,11,-7,11,-7,10,-6,9,-7,8,-7,9,-6,6,-4,6,-5,5,-5,5,-5,5,-5,5,-5,5,-5,4,-5,3,0,0,0,0,0,0,0,0,0,0]"""
1782212767848,2026-06-23T20:06:07.848,danger,fall,lmh,bed_stand_to_lie_fall,t018,"CSI_DATA,813094,1a:00:00:00:00:00,-52,11,-97,18,33,11,219676659,47,2,256,0,""[0,0,0,0,0,0,0,0,0,0,0,0,21,0,21,1,24,5,24,5,26,7,25,10,25,10,26,12,25,14,25,16,24,18,24,19,26,21,26,22,20,25,21,27,23,26,20,29,16,28,18,31,18,31,15,31,14,31,15,31,13,33,13,31,10,33,10,32,9,33,10,31,9,31,10,32,10,33,9,31,10,32,10,30,9,31,10,31,10,31,12,31,10,31,10,31,10,31,15,31,8,30,10,31,10,32,12,31,11,31,10,36,11,34,10,32,8,35,8,37,10,37,9,37,7,37,0,0,0,0,0,0,37,-4,37,-3,34,-5,34,0,34,-1,31,0,32,-2,31,0,31,0,29,1,27,0,25,0,27,0,26,0,25,0,24,0,25,-1,21,0,21,2,21,0,21,-1,22,0,21,0,20,0,21,0,20,0,20,0,19,-1,20,0,18,-1,17,0,17,0,18,0,17,0,16,0,17,1,15,0,15,0,15,2,13,2,12,3,13,2,13,3,12,3,10,4,10,4,9,5,10,4,8,4,8,5,6,4,5,5,5,5,5,5,6,5,3,4,3,4,0,0,0,0,0,0,0,0,0,0]"""
1782212767862,2026-06-23T20:06:07.862,danger,fall,lmh,bed_stand_to_lie_fall,t018,"CSI_DATA,813095,1a:00:00:00:00:00,-52,11,-97,18,33,11,219687302,47,2,256,0,""[0,0,0,0,0,0,0,0,0,0,0,0,-17,-13,-15,-15,-15,-17,-15,-21,-13,-21,-11,-22,-10,-23,-10,-26,-10,-28,-6,-28,-5,-30,-5,-30,-5,-34,-2,-32,0,-33,1,-34,0,-35,5,-35,5,-34,10,-34,11,-34,10,-33,12,-33,10,-34,14,-34,12,-32,15,-31,16,-31,15,-30,15,-30,15,-28,17,-31,16,-29,15,-28,15,-31,15,-30,15,-27,15,-29,15,-29,14,-29,15,-29,14,-29,15,-30,15,-31,16,-29,15,-28,17,-30,16,-30,17,-31,18,-31,18,-31,19,-31,22,-31,21,-30,21,-32,22,-30,23,-29,0,0,0,0,0,0,-26,-26,-25,-26,-25,-24,-22,-26,-23,-24,-19,-25,-21,-24,-21,-24,-19,-23,-16,-24,-15,-22,-15,-21,-17,-21,-15,-20,-15,-21,-15,-18,-15,-19,-15,-18,-13,-18,-14,-18,-15,-16,-12,-18,-12,-15,-11,-16,-12,-16,-11,-15,-11,-15,-12,-15,-11,-15,-12,-14,-11,-15,-10,-15,-9,-15,-9,-15,-10,-15,-7,-14,-8,-14,-7,-14,-6,-14,-5,-13,-5,-13,-4,-12,-4,-12,-3,-13,-2,-10,-4,-11,-1,-10,-1,-10,0,-10,0,-8,1,-8,1,-8,0,-7,0,-7,1,-5,0,-6,2,-5,0,0,0,0,0,0,0,0,0,0]"""
1782212767871,2026-06-23T20:06:07.871,danger,fall,lmh,bed_stand_to_lie_fall,t018,"CSI_DATA,813096,1a:00:00:00:00:00,-52,11,-97,17,33,11,219698302,47,2,256,0,""[0,0,0,0,0,0,0,0,0,0,0,0,0,21,-2,22,-3,24,-6,24,-7,25,-10,24,-10,25,-14,23,-15,28,-18,25,-19,24,-20,24,-22,25,-24,24,-27,21,-27,23,-27,22,-31,19,-28,17,-30,16,-32,13,-32,17,-33,12,-33,12,-35,11,-33,12,-33,7,-34,9,-33,9,-32,10,-32,8,-34,9,-32,8,-32,8,-33,8,-32,9,-31,8,-31,10,-32,8,-32,9,-32,8,-32,12,-31,10,-33,12,-33,9,-31,10,-33,10,-33,9,-34,10,-38,10,-36,9,-36,9,-37,7,-37,6,-39,10,-38,7,-38,5,0,0,0,0,0,0,1,38,-1,38,2,34,0,34,0,33,-1,32,0,32,0,33,-1,30,-2,28,-1,26,-2,25,0,27,-2,26,0,26,0,24,0,26,-1,25,-2,22,0,23,0,23,0,23,0,20,0,19,-2,20,0,20,-1,19,0,19,-2,20,0,19,-2,19,-1,19,-1,18,-1,17,-1,16,-4,17,-3,16,-3,15,-3,15,-3,13,-3,13,-4,13,-5,13,-5,12,-6,11,-3,10,-5,11,-5,11,-4,8,-5,7,-6,6,-5,6,-5,6,-6,6,-6,3,-5,3,-5,3,0,0,0,0,0,0,0,0,0,0]"""
1782212767886,2026-06-23T20:06:07.886,danger,fall,lmh,bed_stand_to_lie_fall,t018,"CSI_DATA,813097,1a:00:00:00:00:00,-51,11,-97,16,33,11,219711910,47,2,256,0,""[0,0,0,0,0,0,0,0,0,0,0,0,-21,-9,-19,-12,-19,-13,-19,-17,-18,-19,-17,-21,-15,-22,-14,-24,-15,-27,-12,-28,-10,-31,-10,-31,-9,-33,-7,-33,-3,-34,-2,-35,-2,-36,3,-35,4,-33,3,-34,8,-35,9,-36,10,-33,10,-35,14,-36,12,-34,16,-32,16,-32,16,-31,15,-32,17,-30,19,-31,18,-29,18,-27,18,-30,19,-29,17,-26,16,-29,19,-28,19,-30,20,-28,19,-27,22,-27,17,-26,18,-28,22,-28,22,-24,25,-26,24,-25,24,-28,24,-17,25,-24,32,-25,29,-15,29,-30,29,-27,32,-14,0,0,0,0,0,0,-11,-27,-19,-37,-19,-35,-16,-38,-13,-31,-11,-29,-4,-24,-8,-32,-9,-29,-6,-33,-9,-27,-4,-26,-6,-25,-3,-26,-5,-27,-5,-24,-6,-26,-6,-24,-4,-23,-3,-23,-6,-23,-2,-23,-3,-21,-2,-20,-2,-21,-1,-21,0,-20,-3,-20,0,-20,-1,-19,0,-19,0,-20,0,-19,0,-18,1,-16,2,-17,1,-16,2,-15,4,-16,4,-16,3,-14,5,-15,5,-12,4,-13,6,-12,6,-11,7,-9,6,-9,6,-7,6,-8,6,-7,5,-7,6,-6,6,-5,6,-2,7,-2,8,-2,0,0,0,0,0,0,0,0,0,0]"""
1782212767897,2026-06-23T20:06:07.897,danger,fall,lmh,bed_stand_to_lie_fall,t018,"CSI_DATA,813098,1a:00:00:00:00:00,-51,11,-97,16,33,11,219720302,47,2,256,0,""[0,0,0,0,0,0,0,0,0,0,0,0,-23,2,-23,2,-23,0,-25,-1,-25,-3,-26,-6,-26,-8,-26,-8,-29,-10,-27,-13,-29,-15,-27,-16,-30,-17,-28,-18,-27,-22,-27,-24,-29,-23,-26,-26,-24,-25,-24,-25,-21,-26,-24,-28,-21,-29,-21,-30,-21,-32,-19,-29,-17,-31,-19,-31,-18,-32,-18,-29,-16,-30,-18,-31,-18,-30,-18,-29,-18,-30,-18,-28,-16,-26,-19,-28,-18,-28,-20,-28,-19,-28,-20,-26,-20,-29,-23,-29,-20,-29,-21,-27,-20,-29,-19,-27,-21,-29,-21,-32,-23,-30,-21,-31,-21,-34,-20,-34,-21,-34,-21,-32,-21,-33,0,0,0,0,0,0,-34,16,-34,15,-32,16,-32,14,-32,15,-30,11,-30,13,-31,12,-31,11,-29,10,-25,9,-25,9,-27,12,-25,10,-25,10,-22,10,-24,11,-22,10,-23,8,-22,9,-20,10,-22,9,-18,9,-19,9,-19,9,-19,9,-17,9,-17,10,-18,9,-16,10,-16,8,-17,8,-17,8,-16,8,-16,7,-16,8,-16,7,-16,7,-16,6,-16,5,-15,4,-15,4,-15,4,-12,4,-12,1,-12,1,-12,2,-12,0,-10,0,-9,0,-8,0,-8,0,-8,0,-8,-1,-7,-1,-6,-1,-7,-1,0,0,0,0,0,0,0,0,0,0]"""
1782212767906,2026-06-23T20:06:07.906,danger,fall,lmh,bed_stand_to_lie_fall,t018,"CSI_DATA,813099,1a:00:00:00:00:00,-51,11,-97,20,32,11,219732893,47,2,256,0,""[0,0,0,0,0,0,0,0,0,0,0,0,17,18,15,19,14,22,13,24,11,24,9,26,7,29,7,29,8,32,6,32,5,33,4,33,3,35,1,36,-2,35,-3,36,-4,38,-6,38,-7,37,-11,34,-14,35,-10,37,-13,36,-11,38,-13,38,-13,35,-15,35,-15,36,-16,34,-13,33,-16,32,-16,34,-16,32,-16,32,-16,34,-15,34,-16,32,-12,33,-15,32,-13,35,-12,35,-13,35,-15,33,-13,35,-12,34,-15,36,-14,36,-12,35,-15,34,-14,37,-14,39,-13,37,-17,37,-17,38,-17,40,-19,38,-16,36,0,0,0,0,0,0,32,24,35,20,33,19,31,23,31,21,30,20,29,20,28,21,26,21,25,21,24,16,23,19,24,19,23,17,24,16,24,15,24,14,22,14,20,15,22,13,22,11,21,13,19,11,19,12,17,14,18,13,18,12,20,8,18,12,19,9,18,10,16,11,16,12,16,8,14,11,16,11,15,13,14,12,13,9,12,11,12,9,13,13,11,12,11,9,10,10,9,10,7,10,7,8,7,9,6,8,4,10,3,8,3,8,4,7,3,9,2,9,2,8,0,0,0,0,0,0,0,0,0,0]"""
1782212767918,2026-06-23T20:06:07.918,danger,fall,lmh,bed_stand_to_lie_fall,t018,"CSI_DATA,813100,1a:00:00:00:00:00,-51,11,-97,15,33,11,219742301,47,2,256,0,""[0,0,0,0,0,0,0,0,0,0,0,0,-7,-22,-4,-22,-3,-23,-1,-26,0,-27,1,-27,2,-28,5,-28,5,-30,9,-31,10,-32,10,-32,11,-33,13,-32,18,-31,17,-33,17,-33,21,-33,19,-30,23,-28,25,-28,22,-29,25,-28,24,-29,26,-28,24,-29,26,-28,26,-26,26,-26,24,-26,25,-26,27,-26,25,-25,23,-25,24,-26,23,-27,23,-25,22,-27,22,-28,21,-29,22,-27,19,-30,21,-27,22,-31,21,-28,21,-29,22,-31,22,-30,21,-30,23,-32,22,-32,22,-33,25,-32,25,-33,22,-33,23,-31,24,-33,0,0,0,0,0,0,-28,-27,-30,-27,-30,-23,-26,-25,-27,-24,-23,-24,-25,-22,-25,-24,-23,-22,-22,-22,-22,-22,-20,-20,-22,-20,-21,-19,-21,-19,-20,-17,-22,-16,-20,-15,-18,-15,-18,-15,-21,-12,-21,-16,-18,-11,-18,-12,-17,-13,-17,-13,-17,-13,-18,-11,-18,-11,-19,-10,-17,-11,-17,-11,-16,-11,-16,-10,-16,-10,-15,-11,-14,-11,-13,-10,-14,-10,-13,-11,-12,-11,-11,-11,-11,-10,-11,-9,-9,-9,-10,-9,-8,-10,-8,-8,-7,-9,-5,-8,-6,-9,-4,-7,-5,-7,-3,-7,-2,-6,-3,-6,0,-7,0,0,0,0,0,0,0,0,0,0]"""
1782212767928,2026-06-23T20:06:07.928,danger,fall,lmh,bed_stand_to_lie_fall,t018,"CSI_DATA,813101,1a:00:00:00:00:00,-51,11,-97,18,32,11,219753301,47,2,256,0,""[0,0,0,0,0,0,0,0,0,0,0,0,16,18,13,19,14,21,12,24,9,26,8,27,8,29,5,30,3,33,0,33,-2,34,-1,33,-5,36,-6,35,-12,33,-16,37,-15,35,-19,35,-21,32,-18,33,-20,32,-26,31,-24,29,-26,27,-31,27,-27,26,-30,24,-30,23,-32,22,-29,20,-33,18,-32,21,-33,18,-32,17,-33,19,-31,19,-33,17,-31,17,-34,17,-33,17,-33,15,-33,18,-33,15,-35,17,-34,14,-33,16,-35,16,-35,15,-35,14,-39,13,-39,12,-37,11,-42,8,-42,7,-43,7,-44,5,-42,4,0,0,0,0,0,0,-3,42,-5,41,0,37,-6,39,-3,38,-8,34,-7,36,-9,35,-10,33,-10,30,-8,29,-11,28,-10,29,-10,31,-11,26,-9,27,-10,30,-11,25,-11,23,-10,24,-8,24,-13,23,-9,19,-10,21,-11,20,-12,21,-11,21,-9,20,-11,19,-9,18,-12,18,-12,17,-13,16,-12,16,-12,14,-12,15,-13,14,-14,13,-15,12,-13,10,-12,10,-12,9,-16,8,-14,7,-13,6,-13,6,-13,5,-12,4,-11,4,-10,1,-10,2,-9,0,-8,0,-7,0,-8,0,-6,-1,-8,-1,0,0,0,0,0,0,0,0,0,0]"""
1782212767937,2026-06-23T20:06:07.937,danger,fall,lmh,bed_stand_to_lie_fall,t018,"CSI_DATA,813102,1a:00:00:00:00:00,-51,11,-97,19,32,11,219764301,47,2,256,0,""[0,0,0,0,0,0,0,0,0,0,0,0,22,-8,22,-6,24,-4,29,-4,29,-2,30,0,30,0,30,1,33,1,34,4,33,6,33,7,36,5,37,8,35,14,36,12,38,13,36,16,35,17,32,18,30,19,37,20,33,19,35,21,37,22,33,20,33,23,33,22,32,23,33,21,30,22,34,22,33,18,33,20,34,19,33,18,30,18,33,16,35,17,35,15,36,17,34,12,33,16,38,15,35,13,35,14,36,12,38,13,39,13,42,13,39,12,40,11,39,17,40,15,44,12,43,13,41,16,0,0,0,0,0,0,17,-39,18,-40,17,-38,15,-36,15,-34,15,-33,13,-35,17,-35,13,-32,12,-29,11,-30,11,-29,11,-31,11,-27,11,-28,7,-27,10,-28,8,-26,10,-27,8,-23,6,-25,7,-24,6,-22,6,-23,7,-24,4,-25,3,-22,2,-23,4,-24,2,-22,4,-21,2,-23,3,-22,4,-22,3,-19,3,-21,1,-20,3,-19,3,-20,4,-18,2,-15,2,-16,5,-17,4,-14,5,-15,2,-11,4,-12,6,-12,4,-11,4,-10,3,-11,4,-8,4,-9,5,-8,3,-6,4,-6,4,-4,0,0,0,0,0,0,0,0,0,0]"""
1782212767949,2026-06-23T20:06:07.949,danger,fall,lmh,bed_stand_to_lie_fall,t018,"CSI_DATA,813103,1a:00:00:00:00:00,-51,11,-97,17,32,11,219775934,47,2,256,0,""[0,0,0,0,0,0,0,0,0,0,0,0,-2,-24,0,-24,0,-26,2,-27,5,-27,7,-29,8,-30,13,-28,14,-31,16,-30,18,-29,18,-29,21,-30,23,-30,28,-26,26,-27,28,-28,33,-27,32,-23,32,-19,36,-17,33,-19,35,-18,34,-20,37,-17,35,-19,35,-13,37,-15,38,-13,35,-12,34,-13,37,-12,36,-10,36,-10,38,-12,37,-11,35,-11,34,-14,35,-11,36,-14,36,-12,34,-13,36,-13,37,-15,36,-11,35,-12,38,-10,35,-14,40,-12,41,-10,39,-13,41,-11,45,-9,43,-7,44,-11,45,-7,42,-7,0,0,0,0,0,0,-3,-41,-1,-43,-4,-39,0,-40,-1,-41,0,-34,0,-37,1,-39,0,-36,3,-33,3,-33,2,-32,2,-32,1,-32,0,-32,0,-29,0,-30,0,-29,3,-27,0,-28,0,-27,0,-28,0,-24,1,-23,1,-24,1,-23,0,-24,0,-23,2,-25,0,-21,0,-20,0,-23,1,-23,0,-20,1,-19,5,-20,3,-20,4,-18,3,-20,5,-17,5,-17,4,-17,6,-17,4,-15,7,-12,4,-12,6,-13,6,-13,7,-10,5,-9,6,-9,6,-8,7,-7,6,-4,7,-6,7,-4,7,-4,0,0,0,0,0,0,0,0,0,0]"""
1782212767959,2026-06-23T20:06:07.959,danger,fall,lmh,bed_stand_to_lie_fall,t018,"CSI_DATA,813104,1a:00:00:00:00:00,-50,11,-97,16,32,11,219787715,47,2,256,0,""[0,0,0,0,0,0,0,0,0,0,0,0,23,-9,23,-7,25,-6,28,-3,27,0,31,0,29,3,28,7,33,8,32,11,32,14,32,14,33,17,32,21,30,26,29,25,31,26,27,30,25,31,22,30,19,32,22,33,19,37,19,36,19,38,18,37,14,38,14,38,12,38,13,38,10,36,9,41,10,37,10,37,9,39,8,39,7,36,8,37,8,38,7,38,6,41,8,39,5,39,7,39,2,41,3,38,2,41,3,40,1,40,2,43,1,43,-2,43,-5,44,-8,45,-4,45,-5,47,-5,42,0,0,0,0,0,0,42,17,39,17,40,15,37,19,35,16,35,19,32,17,35,21,28,18,29,20,26,19,27,20,28,19,24,19,23,21,24,18,25,17,22,18,21,21,21,17,23,19,18,18,20,16,18,17,18,18,17,18,17,18,17,17,16,19,16,16,15,17,15,19,12,18,14,16,12,17,13,18,11,18,10,17,10,19,7,16,7,15,6,17,5,17,5,17,2,15,3,16,2,15,2,14,0,15,0,13,-1,11,-2,11,-1,11,-2,11,-3,9,-4,7,-3,7,0,0,0,0,0,0,0,0,0,0]"""
1782212767971,2026-06-23T20:06:07.971,danger,fall,lmh,bed_stand_to_lie_fall,t018,"CSI_DATA,813105,1a:00:00:00:00:00,-50,11,-97,17,32,11,219798744,47,2,256,0,""[0,0,0,0,0,0,0,0,0,0,0,0,21,12,18,14,20,18,18,20,17,22,15,24,14,26,12,27,13,30,10,34,8,34,6,34,7,35,6,39,0,37,-1,40,0,40,-5,40,-9,36,-6,38,-9,36,-14,38,-15,38,-15,37,-17,37,-17,34,-21,34,-21,34,-24,35,-20,32,-22,33,-22,32,-22,33,-23,30,-25,32,-23,32,-23,29,-22,31,-25,31,-22,30,-24,30,-24,33,-27,30,-26,31,-26,28,-27,29,-31,28,-28,29,-29,27,-34,29,-32,28,-34,31,-36,26,-35,25,-36,29,-38,26,-35,24,0,0,0,0,0,0,17,40,15,42,16,37,13,39,12,39,9,37,9,37,9,37,6,37,5,33,6,32,5,31,6,34,5,33,4,32,5,30,5,30,3,29,1,28,2,29,6,28,0,28,3,24,1,24,0,25,0,23,1,23,0,23,0,24,1,23,0,23,0,22,0,22,-3,21,-1,22,-3,21,-4,21,-3,18,-5,20,-5,18,-5,18,-6,18,-7,17,-6,15,-7,13,-5,14,-7,12,-8,12,-9,8,-7,9,-8,7,-6,6,-8,6,-8,5,-6,5,-6,3,-8,2,0,0,0,0,0,0,0,0,0,0]"""
1782212767981,2026-06-23T20:06:07.981,danger,fall,lmh,bed_stand_to_lie_fall,t018,"CSI_DATA,813106,1a:00:00:00:00:00,-50,11,-97,16,32,11,219808301,47,2,256,0,""[0,0,0,0,0,0,0,0,0,0,0,0,11,21,7,25,7,26,4,30,4,29,0,30,-2,31,-4,32,-6,34,-9,33,-10,35,-11,34,-12,36,-15,36,-20,35,-20,32,-20,36,-24,32,-26,30,-24,31,-25,26,-31,29,-30,25,-32,28,-35,27,-30,27,-34,23,-35,23,-33,21,-35,23,-33,19,-36,24,-34,20,-34,19,-36,21,-33,21,-33,19,-34,21,-32,22,-32,22,-35,19,-32,23,-35,20,-34,23,-36,20,-35,19,-36,21,-37,20,-37,19,-39,20,-40,20,-40,21,-45,18,-42,16,-44,18,-45,19,-40,15,0,0,0,0,0,0,8,46,7,43,9,42,6,39,7,40,4,39,4,39,6,40,3,37,1,37,3,35,0,30,4,34,2,32,3,32,2,29,4,29,2,30,0,29,4,26,5,29,1,32,0,27,1,26,1,26,1,26,0,26,1,25,-1,24,2,23,1,23,-1,23,-1,22,-1,22,0,20,-3,23,-3,21,-4,20,-4,21,-5,19,-3,18,-4,18,-6,18,-5,16,-7,16,-5,14,-6,14,-7,13,-8,12,-7,10,-8,8,-7,10,-6,8,-7,8,-7,6,-7,8,-7,5,0,0,0,0,0,0,0,0,0,0]"""
1782212767992,2026-06-23T20:06:07.992,danger,fall,lmh,bed_stand_to_lie_fall,t018,"CSI_DATA,813107,1a:00:00:00:00:00,-50,11,-97,17,32,11,219819351,47,2,256,0,""[0,0,0,0,0,0,0,0,0,0,0,0,24,-6,25,-4,26,-1,27,0,28,0,29,3,30,5,29,8,33,10,33,11,32,13,31,14,34,17,33,18,31,22,32,24,32,25,31,30,26,28,27,27,23,29,28,34,24,32,24,34,25,36,22,33,20,36,22,36,19,35,21,33,16,34,19,36,19,35,17,34,19,36,18,34,16,34,18,33,17,35,20,34,20,35,20,34,19,35,22,36,18,34,19,34,18,35,19,34,20,37,21,41,19,40,19,39,14,41,17,40,17,42,18,43,16,40,0,0,0,0,0,0,45,-8,43,-10,41,-11,41,-5,42,-6,38,-2,36,-5,38,-5,36,-2,35,-1,33,-2,33,-1,34,-3,34,-2,31,-2,30,-2,31,-3,30,-3,29,0,27,-3,28,-4,28,-1,26,-3,25,-2,26,-2,26,-2,25,0,24,-3,25,0,21,-3,22,-1,23,0,23,0,22,-4,22,0,22,0,22,0,20,-1,22,1,17,2,17,2,18,3,19,3,17,2,17,3,15,4,13,4,14,3,11,5,12,3,10,5,10,5,10,5,8,6,7,6,4,6,4,5,0,0,0,0,0,0,0,0,0,0]"""
1782212768004,2026-06-23T20:06:08.004,danger,fall,lmh,bed_stand_to_lie_fall,t018,"CSI_DATA,813108,1a:00:00:00:00:00,-50,11,-97,20,31,11,219830899,47,2,256,0,""[0,0,0,0,0,0,0,0,0,0,0,0,22,10,22,13,20,15,22,20,18,21,18,25,17,26,14,27,16,30,11,31,12,35,11,35,10,38,7,38,1,41,0,39,-1,42,-6,39,-10,39,-8,40,-10,37,-16,41,-15,35,-16,39,-20,39,-20,35,-23,35,-23,36,-25,32,-25,35,-23,30,-29,32,-27,30,-27,30,-29,33,-28,31,-26,26,-27,30,-28,28,-28,29,-31,27,-28,28,-31,28,-30,28,-32,27,-31,25,-35,25,-32,25,-36,25,-37,24,-37,25,-37,25,-42,20,-41,17,-42,24,-45,20,-45,15,0,0,0,0,0,0,9,47,5,42,7,43,3,42,3,40,0,40,2,39,-3,39,-3,38,-3,35,-2,34,-4,32,-4,35,-6,31,-5,32,-5,31,-4,31,-5,31,-9,30,-5,27,-4,29,-7,26,-6,27,-7,26,-8,25,-10,23,-7,24,-7,23,-8,24,-8,24,-9,19,-10,22,-10,20,-10,21,-10,17,-14,20,-13,18,-15,15,-12,17,-13,15,-12,15,-13,15,-15,12,-14,12,-14,9,-12,8,-14,7,-14,8,-13,4,-11,4,-12,3,-10,3,-12,1,-9,1,-11,1,-10,0,-10,-1,0,0,0,0,0,0,0,0,0,0]"""
1782212768016,2026-06-23T20:06:08.016,danger,fall,lmh,bed_stand_to_lie_fall,t018,"CSI_DATA,813109,1a:00:00:00:00:00,-50,11,-97,15,32,11,219841735,47,2,256,0,""[0,0,0,0,0,0,0,0,0,0,0,0,-14,-19,-13,-22,-11,-23,-9,-25,-8,-26,-7,-27,-7,-29,-5,-30,-5,-34,-3,-33,-1,-37,1,-34,-2,-38,3,-39,6,-39,9,-40,5,-42,10,-40,12,-36,9,-36,14,-34,13,-41,17,-37,15,-38,17,-39,14,-38,18,-38,18,-40,18,-36,16,-36,18,-36,18,-39,17,-37,17,-34,15,-37,17,-36,15,-33,15,-38,16,-38,14,-39,15,-37,12,-37,13,-39,12,-41,14,-40,12,-39,14,-43,11,-39,11,-40,16,-43,14,-40,14,-44,18,-45,19,-44,17,-46,18,-42,16,-44,0,0,0,0,0,0,-41,-21,-40,-22,-41,-16,-39,-19,-37,-17,-34,-22,-33,-16,-34,-20,-32,-17,-30,-20,-31,-19,-29,-15,-30,-16,-29,-13,-28,-15,-28,-13,-28,-9,-26,-12,-26,-12,-27,-11,-27,-9,-23,-11,-22,-6,-22,-9,-24,-8,-24,-9,-23,-8,-22,-6,-24,-7,-23,-6,-22,-8,-22,-8,-21,-7,-22,-6,-22,-5,-22,-7,-19,-6,-18,-7,-19,-8,-17,-10,-17,-7,-17,-7,-15,-8,-16,-8,-14,-7,-14,-8,-11,-8,-13,-8,-11,-8,-11,-8,-10,-8,-10,-8,-7,-7,-10,-7,-6,-7,-6,-9,-5,-8,0,0,0,0,0,0,0,0,0,0]"""
1782212768027,2026-06-23T20:06:08.027,danger,fall,lmh,bed_stand_to_lie_fall,t018,"CSI_DATA,813110,1a:00:00:00:00:00,-50,11,-97,17,32,11,219853317,47,2,256,0,""[0,0,0,0,0,0,0,0,0,0,0,0,4,25,0,24,0,27,-2,29,-6,28,-8,28,-8,27,-13,28,-12,31,-18,30,-20,28,-21,29,-21,32,-23,29,-29,25,-29,26,-30,27,-35,23,-34,21,-32,17,-34,14,-38,20,-38,16,-37,14,-41,13,-36,14,-39,9,-39,9,-41,8,-40,10,-38,6,-39,7,-38,7,-38,5,-39,5,-38,8,-38,6,-38,5,-40,4,-40,6,-41,5,-37,7,-39,3,-42,6,-37,3,-37,5,-40,2,-42,5,-43,5,-46,1,-41,1,-45,0,-45,-1,-46,-2,-46,-1,-47,-2,-47,-3,0,0,0,0,0,0,-11,44,-12,46,-8,40,-12,38,-11,40,-13,35,-12,36,-15,39,-15,33,-13,31,-12,31,-14,31,-13,33,-14,34,-14,28,-12,29,-12,29,-12,28,-15,24,-10,28,-6,27,-13,26,-9,24,-10,23,-12,22,-13,24,-11,22,-10,22,-14,21,-9,20,-12,22,-12,19,-13,17,-11,20,-10,16,-13,16,-12,18,-13,17,-14,16,-12,13,-12,14,-13,13,-14,12,-14,10,-15,11,-13,9,-12,8,-13,7,-10,5,-12,4,-11,5,-10,4,-10,2,-9,2,-12,0,-8,1,-9,0,0,0,0,0,0,0,0,0,0,0]"""
1782212768036,2026-06-23T20:06:08.036,danger,fall,lmh,bed_stand_to_lie_fall,t018,"CSI_DATA,813111,1a:00:00:00:00:00,-50,11,-97,14,32,11,219863541,47,2,256,0,""[0,0,0,0,0,0,0,0,0,0,0,0,19,-16,19,-14,21,-14,24,-13,27,-11,27,-7,29,-7,30,-5,34,-4,36,-2,33,0,34,1,37,2,38,5,36,11,40,13,39,13,37,19,33,20,34,19,31,23,36,27,32,28,30,27,32,30,29,28,26,32,26,34,25,34,23,33,21,32,23,34,21,34,20,34,22,36,21,33,20,36,21,36,19,36,21,36,18,37,18,37,16,39,20,39,13,38,14,38,13,42,14,39,12,41,14,43,13,43,10,44,7,48,7,45,7,48,6,48,4,48,0,0,0,0,0,0,47,5,45,5,42,3,43,10,40,9,38,10,39,8,38,10,36,11,33,14,31,14,31,10,32,13,31,12,29,10,29,11,30,13,27,11,26,15,26,14,26,11,25,14,24,11,23,12,22,13,22,14,21,16,22,12,20,13,21,13,19,13,20,15,16,14,19,13,15,15,16,16,16,15,13,16,13,16,10,16,10,15,9,15,9,16,8,14,7,15,5,16,4,15,6,15,1,12,1,11,0,14,1,11,0,10,-2,13,-2,9,-4,9,-4,10,0,0,0,0,0,0,0,0,0,0]"""
1782212768049,2026-06-23T20:06:08.049,danger,fall,lmh,bed_stand_to_lie_fall,t018,"CSI_DATA,813112,1a:00:00:00:00:00,-50,11,-97,16,32,11,219874300,47,2,256,0,""[0,0,0,0,0,0,0,0,0,0,0,0,-7,-23,-4,-25,-3,-25,0,-28,1,-29,2,-30,4,-30,7,-32,8,-33,9,-32,12,-33,13,-33,14,-35,15,-35,18,-34,21,-33,21,-34,22,-34,23,-31,27,-34,28,-35,28,-31,28,-33,27,-31,30,-31,27,-29,29,-27,32,-30,32,-28,29,-28,29,-26,30,-28,29,-30,27,-25,29,-30,28,-30,28,-27,27,-31,26,-28,28,-31,28,-30,26,-32,28,-31,24,-33,26,-30,25,-32,28,-32,25,-32,29,-34,27,-36,27,-32,29,-36,33,-34,33,-33,29,-35,30,-38,32,-37,0,0,0,0,0,0,-33,-36,-29,-34,-31,-31,-29,-32,-28,-31,-26,-31,-26,-28,-26,-30,-24,-28,-24,-28,-24,-27,-21,-26,-23,-26,-21,-25,-22,-25,-23,-21,-24,-22,-21,-21,-21,-22,-23,-20,-24,-19,-19,-18,-19,-15,-19,-18,-21,-18,-20,-16,-20,-17,-21,-14,-19,-16,-21,-14,-20,-15,-20,-15,-19,-16,-19,-14,-18,-15,-18,-15,-18,-15,-16,-14,-16,-13,-16,-14,-14,-13,-13,-14,-13,-14,-12,-14,-11,-13,-11,-12,-9,-13,-8,-11,-7,-11,-8,-11,-6,-11,-6,-10,-5,-12,-3,-10,-3,-9,-2,-10,-3,-9,0,0,0,0,0,0,0,0,0,0]"""
1782212768059,2026-06-23T20:06:08.059,danger,fall,lmh,bed_stand_to_lie_fall,t018,"CSI_DATA,813113,1a:00:00:00:00:00,-50,11,-97,16,32,11,219885300,47,2,256,0,""[0,0,0,0,0,0,0,0,0,0,0,0,-2,23,-5,25,-7,25,-9,26,-12,27,-12,25,-14,27,-17,23,-18,28,-21,27,-23,26,-23,26,-24,28,-28,28,-33,24,-30,25,-30,27,-32,25,-33,22,-34,24,-37,22,-37,20,-36,19,-35,20,-39,17,-36,17,-39,16,-38,17,-38,17,-37,18,-34,16,-38,19,-37,16,-36,16,-36,18,-36,21,-35,17,-34,18,-35,19,-35,19,-35,20,-31,23,-36,21,-36,24,-35,22,-31,23,-37,23,-34,26,-35,25,-39,25,-38,24,-39,26,-41,25,-40,24,-40,27,-40,25,-40,22,0,0,0,0,0,0,19,43,21,41,23,39,20,39,20,36,18,35,20,36,19,36,16,32,14,33,16,31,15,29,19,31,16,30,17,29,16,26,18,27,16,27,14,27,16,22,18,23,15,25,15,20,15,21,16,21,15,20,16,19,18,20,16,21,16,18,15,19,15,18,17,18,14,19,13,17,13,18,15,18,12,18,12,17,11,17,11,15,12,16,10,17,10,15,9,15,10,14,7,13,7,14,5,14,6,13,5,13,5,12,5,11,2,12,2,8,2,10,2,10,0,0,0,0,0,0,0,0,0,0]"""
1782212768069,2026-06-23T20:06:08.069,danger,fall,lmh,bed_stand_to_lie_fall,t018,"CSI_DATA,813114,1a:00:00:00:00:00,-50,11,-97,14,32,11,219896300,47,2,256,0,""[0,0,0,0,0,0,0,0,0,0,0,0,16,-18,18,-16,22,-18,21,-15,24,-15,25,-13,26,-14,27,-13,30,-12,32,-12,34,-10,33,-10,36,-12,38,-7,36,-2,40,-4,41,-5,43,-3,40,-2,40,4,42,4,42,2,43,3,41,2,44,3,41,3,40,5,40,5,42,6,40,3,38,7,40,5,40,3,42,4,42,3,41,2,39,3,40,1,42,0,41,-1,39,0,41,-4,41,0,42,-2,38,-2,42,-4,41,-1,40,-6,44,-5,45,-4,43,-4,43,-3,46,-2,45,-2,46,-4,44,-4,48,-5,0,0,0,0,0,0,1,-44,1,-47,-3,-43,0,-42,-1,-43,1,-38,0,-39,1,-40,1,-37,0,-33,-2,-34,1,-32,-2,-33,-1,-34,-1,-32,-3,-30,-4,-32,-3,-30,-3,-30,-4,-28,-7,-27,-4,-29,-5,-25,-4,-24,-3,-26,-5,-25,-6,-25,-6,-24,-7,-25,-8,-23,-5,-23,-5,-22,-6,-25,-9,-23,-5,-21,-3,-23,-5,-22,-5,-21,-4,-20,-4,-20,-4,-18,-4,-20,-4,-19,-3,-18,-1,-16,-2,-15,-1,-15,-1,-14,-1,-13,0,-13,0,-11,1,-12,1,-11,1,-10,3,-11,1,-10,3,-10,0,0,0,0,0,0,0,0,0,0]"""
1782212768081,2026-06-23T20:06:08.081,danger,fall,lmh,bed_stand_to_lie_fall,t018,"CSI_DATA,813115,1a:00:00:00:00:00,-50,11,-97,17,32,11,219907320,47,2,256,0,""[0,0,0,0,0,0,0,0,0,0,0,0,22,7,22,9,24,10,25,11,25,13,24,15,24,16,23,19,27,20,23,21,24,25,23,25,26,26,25,26,20,32,22,32,24,33,20,34,19,35,21,32,15,32,21,38,16,36,18,36,17,40,16,36,14,36,15,39,15,37,18,36,14,35,18,39,17,35,16,35,18,36,18,34,17,33,20,33,21,34,22,34,21,34,23,31,21,33,26,34,22,34,23,33,25,34,23,31,25,34,28,36,29,36,29,33,28,37,26,37,29,36,29,33,28,37,0,0,0,0,0,0,37,-28,38,-25,34,-29,34,-22,33,-23,33,-21,32,-23,33,-25,29,-21,31,-18,28,-21,27,-19,28,-22,27,-20,26,-21,22,-20,22,-22,21,-20,22,-19,20,-19,16,-20,20,-19,18,-19,16,-20,17,-17,17,-21,15,-19,14,-22,15,-20,13,-20,14,-18,16,-19,12,-18,13,-19,13,-17,15,-18,13,-18,12,-19,12,-17,12,-14,12,-13,11,-13,13,-15,9,-14,12,-13,11,-12,11,-10,12,-11,11,-7,10,-8,9,-7,7,-6,8,-6,9,-8,9,-4,8,-3,9,-3,0,0,0,0,0,0,0,0,0,0]"""
1782212768091,2026-06-23T20:06:08.091,danger,fall,lmh,bed_stand_to_lie_fall,t018,"CSI_DATA,813116,1a:00:00:00:00:00,-50,11,-97,20,31,11,219918300,47,2,256,0,""[0,0,0,0,0,0,0,0,0,0,0,0,21,-8,23,-7,26,-6,29,-6,27,-4,28,-1,28,0,30,3,34,1,34,4,36,6,35,6,37,6,40,7,37,12,37,12,41,11,38,13,35,15,41,16,38,14,40,18,36,19,37,18,38,20,37,18,33,20,36,21,36,21,37,17,33,20,36,18,37,19,35,18,38,17,37,15,33,14,36,14,38,15,37,12,39,11,38,8,38,11,42,11,39,11,39,11,40,9,41,8,42,8,46,10,45,9,44,8,45,10,44,12,45,7,44,10,44,8,0,0,0,0,0,0,12,-45,11,-42,9,-41,10,-40,7,-41,10,-40,7,-40,9,-38,9,-38,9,-35,7,-33,7,-30,4,-34,6,-33,5,-33,4,-31,1,-32,2,-31,3,-30,2,-28,-2,-29,0,-28,-2,-27,-1,-28,0,-26,-1,-26,-2,-25,-4,-26,-2,-26,-4,-23,-3,-23,-3,-23,-3,-25,-4,-22,-5,-21,-3,-23,-4,-23,-3,-22,-3,-21,-2,-18,-1,-20,-3,-18,-2,-19,-2,-17,-2,-16,-2,-17,0,-18,1,-16,1,-14,0,-13,-1,-12,1,-13,0,-13,2,-12,1,-11,2,-9,3,-9,0,0,0,0,0,0,0,0,0,0]"""
1782212768103,2026-06-23T20:06:08.103,danger,fall,lmh,bed_stand_to_lie_fall,t018,"CSI_DATA,813117,1a:00:00:00:00:00,-50,11,-97,16,32,11,219929564,47,2,256,0,""[0,0,0,0,0,0,0,0,0,0,0,0,11,-21,12,-20,16,-21,18,-21,19,-20,23,-19,24,-16,25,-14,29,-16,30,-12,33,-14,32,-12,35,-12,35,-12,37,-5,39,-6,39,-6,40,-1,38,0,43,2,42,4,40,6,39,6,40,8,41,10,40,9,36,12,39,13,38,13,39,10,36,13,39,13,38,16,36,14,40,15,36,13,34,14,39,11,36,13,37,11,38,14,40,10,37,13,42,15,38,15,38,15,37,16,38,16,38,16,39,18,43,17,39,16,38,21,39,22,43,23,39,23,40,25,0,0,0,0,0,0,27,-35,29,-36,25,-34,27,-29,28,-30,26,-28,25,-27,28,-30,27,-26,28,-26,25,-24,25,-21,25,-23,26,-22,25,-21,20,-21,22,-23,23,-22,23,-19,18,-20,19,-19,20,-19,19,-20,19,-17,20,-17,19,-17,18,-16,18,-18,19,-17,17,-16,18,-17,19,-16,19,-17,16,-16,16,-14,19,-15,19,-12,18,-12,20,-12,16,-9,18,-9,16,-9,17,-9,15,-8,16,-6,15,-7,16,-4,14,-6,14,-2,12,-2,12,-2,12,-1,13,-1,10,2,11,0,9,0,8,3,0,0,0,0,0,0,0,0,0,0]"""
1782212768115,2026-06-23T20:06:08.115,danger,fall,lmh,bed_stand_to_lie_fall,t018,"CSI_DATA,813118,1a:00:00:00:00:00,-50,11,-97,16,32,11,219941229,47,2,256,0,""[0,0,0,0,0,0,0,0,0,0,0,0,1,24,0,24,-3,24,-5,27,-7,27,-9,27,-9,26,-14,26,-15,32,-16,30,-17,29,-19,30,-19,31,-21,30,-26,27,-27,28,-29,29,-31,27,-28,25,-34,24,-34,27,-32,21,-33,24,-32,23,-34,22,-30,24,-36,21,-33,21,-36,18,-34,21,-34,20,-33,19,-35,20,-34,20,-34,22,-34,22,-32,20,-30,22,-32,22,-30,23,-33,21,-31,25,-32,22,-32,25,-32,22,-32,26,-34,24,-32,26,-33,24,-36,26,-34,26,-35,28,-37,26,-37,23,-35,28,-37,25,-36,25,0,0,0,0,0,0,22,40,21,40,23,35,19,36,21,35,17,35,19,34,18,34,17,34,17,31,16,29,16,30,16,31,15,29,15,27,17,25,17,26,17,25,15,24,17,25,17,22,17,25,14,20,13,21,14,21,13,22,15,20,16,17,15,20,16,17,14,18,16,19,14,21,15,19,14,17,14,18,13,19,10,17,13,17,9,17,10,17,11,17,10,16,9,15,8,16,8,15,6,14,6,13,4,13,6,13,4,13,5,10,4,12,2,11,3,9,1,9,0,7,0,0,0,0,0,0,0,0,0,0]"""
1782212768125,2026-06-23T20:06:08.125,danger,fall,lmh,bed_stand_to_lie_fall,t018,"CSI_DATA,813119,1a:00:00:00:00:00,-50,11,-97,16,32,11,219951677,47,2,256,0,""[0,0,0,0,0,0,0,0,0,0,0,0,-4,22,-6,24,-8,24,-11,27,-11,26,-13,25,-14,26,-15,24,-17,30,-17,27,-20,28,-20,29,-21,31,-21,30,-26,29,-25,29,-25,31,-26,29,-27,27,-24,28,-26,24,-30,30,-30,27,-28,29,-28,29,-26,29,-29,27,-30,29,-27,28,-25,30,-25,25,-26,31,-25,30,-24,30,-23,32,-23,31,-20,32,-18,34,-19,35,-16,37,-17,34,-13,36,-16,37,-13,37,-13,37,-12,38,-14,39,-13,39,-10,39,-11,41,-9,41,-9,44,-10,45,-12,43,-8,44,-5,47,-7,42,0,0,0,0,0,0,44,7,42,7,42,6,40,7,39,3,37,5,39,2,41,2,36,2,35,3,33,1,31,0,34,-2,30,-2,32,-1,30,-5,31,-7,29,-6,29,-5,29,-8,27,-10,25,-7,23,-9,24,-8,23,-9,24,-11,24,-10,21,-11,21,-13,20,-14,22,-12,22,-14,20,-11,19,-13,17,-13,19,-13,18,-12,17,-13,16,-13,15,-13,14,-12,16,-12,15,-10,13,-10,13,-10,12,-10,12,-9,12,-8,13,-7,11,-7,10,-6,11,-5,8,-6,9,-6,10,-4,9,-5,10,-3,0,0,0,0,0,0,0,0,0,0]"""
1782212768148,2026-06-23T20:06:08.148,danger,fall,lmh,bed_stand_to_lie_fall,t018,"CSI_DATA,813121,1a:00:00:00:00:00,-51,11,-97,14,33,11,219973300,47,2,256,0,""[0,0,0,0,0,0,0,0,0,0,0,0,-22,0,-22,-2,-25,-4,-24,-7,-25,-8,-24,-11,-24,-13,-23,-15,-26,-17,-25,-18,-25,-20,-23,-21,-26,-23,-23,-25,-20,-27,-20,-28,-22,-30,-19,-32,-16,-31,-16,-33,-15,-33,-14,-36,-12,-35,-13,-35,-12,-38,-11,-34,-8,-36,-10,-38,-7,-36,-10,-35,-6,-35,-8,-36,-6,-35,-7,-35,-8,-36,-7,-35,-7,-33,-9,-33,-8,-34,-9,-35,-8,-36,-11,-35,-9,-35,-11,-37,-8,-35,-8,-35,-8,-37,-9,-34,-9,-37,-8,-40,-9,-39,-8,-38,-6,-42,-5,-41,-7,-43,-7,-42,-5,-42,0,0,0,0,0,0,-41,0,-40,0,-39,2,-38,0,-37,0,-35,-1,-36,0,-35,-1,-33,-1,-33,-3,-31,-3,-31,-4,-31,-1,-30,-2,-29,-2,-28,0,-30,0,-27,0,-27,-1,-26,0,-26,1,-25,0,-23,0,-25,0,-24,0,-23,0,-23,-1,-22,0,-23,0,-21,0,-21,0,-21,0,-20,0,-20,0,-19,-1,-22,-1,-19,-1,-18,0,-19,-2,-17,-4,-17,-2,-16,-3,-17,-4,-16,-3,-15,-4,-13,-4,-12,-5,-14,-5,-11,-5,-10,-5,-9,-5,-8,-5,-8,-6,-9,-6,-6,-6,-5,-6,-5,-6,0,0,0,0,0,0,0,0,0,0]"""
1782212768158,2026-06-23T20:06:08.158,danger,fall,lmh,bed_stand_to_lie_fall,t018,"CSI_DATA,813122,1a:00:00:00:00:00,-51,11,-97,23,31,11,219984300,47,2,256,0,""[0,0,0,0,0,0,0,0,0,0,0,0,-10,21,-8,20,-11,22,-13,21,-16,22,-16,22,-16,22,-20,23,-22,24,-21,22,-23,23,-21,23,-25,26,-25,22,-27,22,-29,23,-30,25,-32,22,-31,22,-27,22,-28,18,-32,22,-31,23,-33,23,-33,24,-29,23,-31,21,-32,22,-33,22,-29,24,-31,22,-29,24,-28,24,-26,26,-25,26,-26,28,-26,26,-22,29,-22,29,-22,32,-21,31,-21,33,-20,33,-19,36,-17,31,-16,34,-17,33,-14,36,-13,36,-15,39,-13,40,-14,40,-14,39,-16,41,-11,42,-11,39,-12,40,0,0,0,0,0,0,38,13,41,12,37,8,37,11,38,9,34,10,36,7,34,8,35,7,32,7,32,2,31,2,32,2,31,0,29,1,29,0,28,-5,27,0,25,0,26,-3,23,-6,27,-4,22,-8,22,-5,24,-5,23,-6,23,-8,19,-9,22,-8,19,-9,20,-8,22,-9,19,-8,18,-9,18,-11,19,-9,18,-11,16,-8,18,-9,16,-8,14,-9,16,-7,16,-7,14,-9,12,-8,13,-5,12,-5,11,-7,11,-4,11,-4,10,-3,10,-6,7,-4,9,-6,10,-2,9,-3,8,-2,0,0,0,0,0,0,0,0,0,0]"""
1782212768169,2026-06-23T20:06:08.169,danger,fall,lmh,bed_stand_to_lie_fall,t018,"CSI_DATA,813123,1a:00:00:00:00:00,-51,11,-97,17,32,11,219995970,47,2,256,0,""[0,0,0,0,0,0,0,0,0,0,0,0,-9,21,-11,20,-13,22,-15,20,-17,22,-19,21,-19,20,-22,19,-25,19,-25,20,-26,20,-27,19,-29,19,-32,19,-32,15,-33,16,-34,17,-36,13,-34,11,-35,6,-39,5,-36,11,-37,7,-38,9,-41,8,-35,11,-37,7,-38,8,-38,5,-36,8,-34,6,-35,6,-35,8,-35,9,-35,10,-34,9,-34,11,-34,13,-34,11,-33,15,-34,13,-34,16,-34,14,-35,18,-34,13,-34,15,-35,16,-34,19,-34,16,-37,18,-34,19,-36,20,-38,14,-38,17,-37,23,-37,21,-38,18,0,0,0,0,0,0,16,39,16,35,17,36,16,34,16,34,14,34,14,34,14,34,13,31,12,31,12,29,11,27,15,29,14,26,14,27,15,26,16,23,14,23,13,22,14,20,16,20,16,22,15,19,13,19,12,19,14,18,15,17,15,14,14,17,15,14,14,15,14,15,15,15,13,13,14,14,13,14,12,15,12,15,12,13,11,13,12,13,10,12,10,12,10,11,8,11,9,11,8,11,8,9,5,10,5,10,6,10,5,9,2,8,4,11,0,6,3,8,2,7,0,0,0,0,0,0,0,0,0,0]"""
1782212768183,2026-06-23T20:06:08.183,danger,fall,lmh,bed_stand_to_lie_fall,t018,"CSI_DATA,813124,1a:00:00:00:00:00,-51,11,-97,15,33,11,220010491,47,2,256,0,""[0,0,0,0,0,0,0,0,0,0,0,0,11,19,10,19,10,22,7,23,6,25,4,26,4,27,1,29,1,31,1,32,0,32,0,32,0,33,-2,35,-6,33,-6,37,-5,35,-11,36,-11,34,-11,33,-12,33,-10,34,-12,35,-11,34,-13,36,-11,33,-14,33,-14,34,-15,34,-13,33,-14,30,-13,33,-11,33,-11,33,-11,34,-11,33,-10,32,-10,33,-9,33,-7,33,-7,34,-7,34,-7,35,-3,36,-7,33,-5,35,-6,35,-3,35,-5,36,-5,39,-3,37,-4,38,-6,40,-7,39,-2,41,-4,40,-4,42,0,0,0,0,0,0,40,6,38,7,37,5,35,7,37,6,33,5,34,4,33,6,33,5,30,5,29,3,29,3,30,1,28,2,28,1,27,0,27,0,26,0,23,0,25,0,24,-2,25,0,22,-2,22,-1,22,-1,22,-1,22,-2,22,-5,21,-3,20,-5,20,-2,20,-4,20,-5,19,-5,18,-2,20,-3,18,-5,18,-4,18,-4,16,-1,16,-1,15,-1,15,-1,16,-2,15,-1,13,0,13,0,13,-1,11,0,11,0,11,1,10,0,11,0,9,0,8,1,8,0,8,3,0,0,0,0,0,0,0,0,0,0]"""
1782212768194,2026-06-23T20:06:08.194,danger,fall,lmh,bed_stand_to_lie_fall,t018,"CSI_DATA,813125,1a:00:00:00:00:00,-51,11,-97,16,33,11,220017299,47,2,256,0,""[0,0,0,0,0,0,0,0,0,0,0,0,-21,5,-21,2,-23,1,-23,-1,-25,-4,-24,-7,-24,-9,-25,-11,-25,-16,-26,-15,-26,-17,-24,-18,-25,-21,-24,-23,-21,-26,-20,-29,-19,-28,-18,-32,-15,-30,-12,-32,-9,-36,-9,-35,-9,-36,-8,-36,-6,-37,-8,-34,-3,-35,-2,-36,0,-35,-1,-35,1,-33,0,-35,3,-33,4,-32,3,-34,4,-35,4,-32,2,-33,5,-34,4,-34,5,-32,5,-34,8,-33,6,-36,9,-32,8,-34,11,-34,9,-33,12,-33,14,-37,12,-35,13,-35,17,-35,19,-33,18,-36,20,-32,20,-33,0,0,0,0,0,0,-27,-25,-28,-25,-27,-23,-24,-25,-24,-25,-20,-25,-21,-24,-21,-26,-18,-24,-16,-25,-15,-24,-15,-24,-16,-24,-14,-23,-12,-24,-12,-22,-14,-23,-12,-21,-9,-22,-12,-22,-12,-19,-9,-22,-8,-19,-8,-19,-7,-21,-7,-20,-7,-19,-8,-18,-7,-20,-8,-19,-5,-18,-5,-19,-3,-19,-5,-17,-3,-17,-2,-17,0,-18,-1,-16,0,-17,0,-16,0,-16,1,-15,1,-15,0,-14,1,-13,3,-14,4,-11,4,-11,5,-9,6,-9,5,-8,5,-8,5,-5,5,-6,5,-6,6,-5,7,-3,0,0,0,0,0,0,0,0,0,0]"""
1782212768203,2026-06-23T20:06:08.203,danger,fall,lmh,bed_stand_to_lie_fall,t018,"CSI_DATA,813126,1a:00:00:00:00:00,-51,11,-97,16,33,11,220028299,47,2,256,0,""[0,0,0,0,0,0,0,0,0,0,0,0,4,21,3,22,2,23,0,24,0,25,-1,24,-2,26,-3,25,-5,29,-8,29,-10,29,-10,29,-10,32,-13,31,-17,30,-16,31,-16,31,-18,30,-19,29,-20,30,-21,29,-21,30,-23,28,-24,26,-24,28,-23,26,-25,24,-25,27,-24,24,-23,25,-24,23,-24,27,-22,25,-22,24,-22,27,-22,27,-21,24,-21,27,-21,26,-20,28,-20,27,-17,28,-20,29,-19,29,-19,27,-17,29,-18,30,-16,31,-17,31,-19,31,-19,31,-19,32,-23,32,-21,32,-21,33,-20,33,-20,32,0,0,0,0,0,0,30,23,30,23,30,20,28,21,28,21,25,20,26,20,27,20,24,18,24,19,24,16,22,16,24,15,22,14,22,16,22,12,23,12,21,12,20,13,20,11,20,9,21,10,18,8,18,9,19,9,19,8,20,9,19,7,18,7,18,6,17,8,19,8,17,7,16,7,16,7,18,7,16,7,15,5,15,5,14,8,13,6,14,6,13,7,14,6,12,7,11,6,9,6,10,5,8,5,8,5,7,6,7,6,8,5,6,6,6,6,5,7,4,6,0,0,0,0,0,0,0,0,0,0]"""
1782212768213,2026-06-23T20:06:08.213,danger,fall,lmh,bed_stand_to_lie_fall,t018,"CSI_DATA,813127,1a:00:00:00:00:00,-52,11,-97,16,33,11,220040103,47,2,256,0,""[0,0,0,0,0,0,0,0,0,0,0,0,8,20,5,22,5,23,5,24,1,24,0,25,0,25,0,27,0,30,0,29,-2,30,-2,30,-2,34,-4,32,-7,32,-8,33,-7,33,-9,34,-9,32,-12,32,-13,34,-9,33,-10,34,-9,33,-10,36,-10,32,-12,33,-11,34,-12,33,-9,32,-9,32,-9,33,-7,32,-8,32,-6,33,-4,33,-5,32,-3,32,-4,33,0,34,0,34,0,32,0,33,1,35,1,32,5,34,3,35,6,33,6,36,5,37,5,36,7,37,5,38,5,37,9,38,9,38,9,37,0,0,0,0,0,0,37,-8,37,-7,32,-9,33,-8,32,-8,31,-7,32,-9,32,-10,29,-8,27,-8,25,-8,25,-8,24,-12,24,-11,24,-10,21,-10,23,-14,21,-12,20,-12,19,-13,18,-13,18,-12,16,-13,15,-12,16,-13,16,-14,15,-13,14,-16,15,-15,10,-15,11,-13,11,-15,12,-14,10,-15,10,-12,11,-14,10,-13,9,-13,11,-14,8,-12,8,-12,8,-11,9,-10,8,-11,8,-10,7,-9,8,-8,8,-10,6,-8,7,-9,6,-7,5,-8,6,-7,6,-8,5,-5,5,-4,5,-4,0,0,0,0,0,0,0,0,0,0]"""
1782212768223,2026-06-23T20:06:08.223,danger,fall,lmh,bed_stand_to_lie_fall,t018,"CSI_DATA,813128,1a:00:00:00:00:00,-52,11,-97,17,33,11,220050299,47,2,256,0,""[0,0,0,0,0,0,0,0,0,0,0,0,3,21,1,21,0,24,0,25,-1,25,-4,25,-5,25,-6,26,-6,29,-8,28,-9,28,-11,29,-12,30,-13,30,-17,29,-18,28,-16,31,-20,29,-19,27,-20,26,-24,25,-21,29,-23,27,-22,29,-24,28,-21,28,-24,25,-23,26,-24,25,-21,26,-22,24,-22,26,-20,25,-20,25,-20,27,-20,27,-19,25,-18,26,-19,27,-17,30,-18,27,-16,30,-17,30,-16,30,-17,29,-14,30,-15,32,-12,31,-13,32,-14,35,-14,32,-15,32,-18,33,-18,32,-15,34,-14,35,-16,34,0,0,0,0,0,0,33,17,32,19,32,12,30,16,30,14,28,16,29,13,28,15,27,14,25,13,25,12,25,11,26,10,25,10,24,10,24,7,23,6,23,6,22,7,22,5,22,3,20,6,20,3,19,2,19,4,20,2,19,2,20,2,19,0,19,0,19,2,19,2,18,0,18,1,17,1,17,1,16,0,15,0,16,0,16,0,13,2,13,1,13,2,13,0,12,2,12,2,11,2,11,1,9,3,9,2,9,2,10,1,8,1,7,1,7,2,6,3,6,3,0,0,0,0,0,0,0,0,0,0]"""
1782212768236,2026-06-23T20:06:08.236,danger,fall,lmh,bed_stand_to_lie_fall,t018,"CSI_DATA,813129,1a:00:00:00:00:00,-52,11,-97,17,33,11,220061299,47,2,256,0,""[0,0,0,0,0,0,0,0,0,0,0,0,-21,2,-20,0,-22,-1,-25,-5,-23,-6,-25,-10,-23,-11,-22,-13,-25,-15,-24,-16,-25,-19,-23,-19,-24,-22,-23,-23,-19,-27,-19,-27,-20,-29,-17,-31,-16,-31,-12,-33,-9,-34,-12,-33,-9,-33,-10,-34,-9,-35,-8,-33,-5,-34,-4,-35,-4,-34,-6,-35,-2,-32,-3,-36,-2,-33,0,-32,-1,-33,-1,-33,0,-30,-3,-33,0,-33,-3,-32,0,-32,-3,-32,0,-34,-1,-35,0,-34,0,-34,2,-34,0,-34,1,-34,2,-37,0,-36,3,-36,6,-36,6,-37,4,-38,6,-38,5,-38,0,0,0,0,0,0,-34,-12,-32,-13,-32,-12,-31,-15,-29,-12,-28,-13,-27,-12,-30,-14,-25,-13,-25,-15,-24,-14,-21,-13,-23,-13,-22,-12,-22,-13,-20,-11,-22,-11,-21,-11,-20,-13,-19,-11,-19,-9,-18,-12,-17,-9,-17,-11,-15,-11,-17,-12,-16,-12,-16,-9,-16,-10,-16,-9,-14,-9,-15,-11,-13,-11,-13,-9,-12,-11,-13,-11,-12,-11,-10,-11,-10,-12,-8,-12,-10,-9,-10,-10,-9,-11,-7,-9,-6,-11,-6,-11,-5,-10,-6,-9,-5,-9,-3,-8,-2,-9,-2,-7,-1,-7,-1,-7,0,-8,-1,-6,-1,-6,0,0,0,0,0,0,0,0,0,0]"""
1782212768245,2026-06-23T20:06:08.245,danger,fall,lmh,bed_stand_to_lie_fall,t018,"CSI_DATA,813130,1a:00:00:00:00:00,-52,11,-97,18,33,11,220072299,47,2,256,0,""[0,0,0,0,0,0,0,0,0,0,0,0,2,21,0,22,0,23,-2,24,-3,26,-5,26,-6,25,-9,26,-7,27,-9,28,-11,28,-10,27,-13,30,-14,28,-17,26,-19,28,-17,29,-20,28,-19,27,-22,26,-23,26,-21,26,-22,27,-21,28,-22,27,-21,27,-23,26,-22,26,-22,26,-21,25,-21,24,-21,26,-21,26,-20,25,-18,27,-18,26,-17,26,-16,27,-16,28,-14,29,-15,30,-14,30,-14,31,-13,33,-14,30,-10,32,-12,31,-10,30,-10,32,-11,34,-10,34,-10,33,-11,35,-12,36,-10,37,-10,36,-10,37,0,0,0,0,0,0,34,11,33,10,33,8,31,10,32,10,28,9,31,8,31,8,28,7,28,9,26,7,26,5,26,5,26,4,25,5,23,1,25,0,23,1,21,1,22,0,21,-1,21,0,20,0,20,0,20,-1,20,-1,20,-2,20,-5,19,-4,18,-4,17,-3,16,-3,16,-3,16,-5,15,-3,16,-3,15,-4,15,-4,15,-5,14,-1,14,-4,13,-3,13,-2,13,-3,12,-2,11,-2,10,-1,10,-3,9,0,9,-1,8,-1,9,-1,9,0,9,0,8,0,5,0,6,0,0,0,0,0,0,0,0,0,0,0]"""
1782212768256,2026-06-23T20:06:08.256,danger,fall,lmh,bed_stand_to_lie_fall,t018,"CSI_DATA,813131,1a:00:00:00:00:00,-52,11,-97,17,33,11,220083299,47,2,256,0,""[0,0,0,0,0,0,0,0,0,0,0,0,-4,-19,-2,-20,-2,-22,-1,-25,0,-25,2,-25,2,-25,5,-27,5,-30,4,-30,7,-30,6,-30,7,-33,8,-32,12,-31,12,-32,12,-32,15,-32,13,-31,15,-32,14,-31,17,-32,17,-30,15,-31,17,-32,15,-31,18,-30,17,-30,18,-30,15,-30,17,-26,15,-31,14,-31,13,-30,13,-31,12,-31,10,-29,9,-31,9,-31,6,-33,8,-32,6,-32,7,-32,6,-33,6,-32,5,-32,6,-34,2,-33,2,-33,3,-36,0,-35,0,-35,3,-37,4,-36,0,-38,0,-38,0,-38,0,0,0,0,0,0,-34,-1,-35,-1,-32,0,-32,-1,-32,0,-30,-1,-31,1,-31,0,-30,0,-27,0,-26,0,-25,0,-25,2,-26,5,-23,2,-23,5,-25,6,-24,6,-21,5,-20,6,-20,8,-20,6,-17,7,-19,6,-18,7,-18,7,-17,8,-15,9,-15,11,-13,11,-14,8,-15,9,-14,9,-12,9,-12,8,-14,9,-12,8,-12,9,-12,9,-12,6,-10,8,-11,7,-11,8,-9,6,-11,6,-9,6,-10,6,-8,6,-8,5,-8,4,-7,4,-7,4,-6,5,-6,4,-6,3,-5,2,-7,2,0,0,0,0,0,0,0,0,0,0]"""
1782212768265,2026-06-23T20:06:08.265,danger,fall,lmh,bed_stand_to_lie_fall,t018,"CSI_DATA,813132,1a:00:00:00:00:00,-52,11,-97,18,33,11,220094299,47,2,256,0,""[0,0,0,0,0,0,0,0,0,0,0,0,21,-2,21,0,23,0,25,2,26,5,24,7,25,9,25,11,26,13,26,15,26,16,25,17,26,18,25,20,21,24,22,26,24,25,22,28,19,26,15,28,15,31,17,31,15,32,17,33,14,33,14,31,10,33,10,32,9,33,10,31,8,31,11,33,10,31,9,31,10,31,10,31,10,30,10,31,8,31,11,31,10,31,10,30,9,31,12,31,9,30,10,31,8,31,10,31,10,33,10,35,10,35,8,34,8,36,7,37,9,36,7,36,6,37,0,0,0,0,0,0,36,-1,36,0,35,-3,32,0,33,0,31,0,31,-1,31,0,30,0,27,2,26,1,25,0,26,0,25,0,25,0,21,0,25,0,21,0,21,1,21,0,21,0,20,0,19,0,19,0,21,0,19,0,19,0,19,-1,19,0,17,-1,16,0,17,0,17,0,17,0,16,0,17,0,15,1,15,0,15,0,14,3,13,3,14,3,13,2,12,2,11,2,10,4,10,3,10,2,8,3,8,3,8,4,8,4,7,3,7,5,6,4,4,4,4,5,0,0,0,0,0,0,0,0,0,0]"""
1782212768280,2026-06-23T20:06:08.280,danger,fall,lmh,bed_stand_to_lie_fall,t018,"CSI_DATA,813133,1a:00:00:00:00:00,-52,11,-97,18,33,11,220105935,47,2,256,0,""[0,0,0,0,0,0,0,0,0,0,0,0,-20,-1,-21,-3,-22,-6,-23,-8,-23,-10,-21,-13,-21,-15,-20,-17,-21,-20,-20,-21,-19,-24,-19,-25,-18,-27,-16,-28,-12,-31,-11,-30,-11,-32,-7,-35,-5,-34,-2,-34,0,-36,-1,-35,1,-34,1,-36,3,-37,3,-33,5,-34,7,-36,9,-32,8,-33,10,-31,10,-33,11,-31,11,-31,12,-31,11,-32,11,-29,11,-31,13,-30,11,-31,15,-29,11,-29,14,-30,14,-30,15,-27,15,-28,16,-28,16,-28,18,-29,19,-30,18,-29,19,-29,23,-28,24,-26,23,-31,25,-27,24,-25,0,0,0,0,0,0,-20,-29,-20,-29,-19,-26,-16,-27,-17,-28,-13,-29,-12,-25,-13,-27,-11,-26,-10,-26,-10,-25,-7,-24,-9,-24,-8,-22,-8,-23,-8,-21,-6,-22,-6,-21,-4,-21,-5,-20,-7,-20,-4,-20,-5,-18,-5,-18,-4,-18,-4,-18,-1,-19,-4,-17,-3,-17,-4,-16,-2,-16,-3,-16,0,-16,-1,-15,0,-15,0,-15,0,-15,0,-15,1,-15,1,-15,3,-12,2,-14,2,-13,2,-12,2,-10,3,-11,4,-10,3,-9,5,-7,5,-8,4,-8,4,-7,5,-6,4,-5,5,-6,5,-5,4,-3,0,0,0,0,0,0,0,0,0,0]"""
1782212768289,2026-06-23T20:06:08.289,danger,fall,lmh,bed_stand_to_lie_fall,t018,"CSI_DATA,813134,1a:00:00:00:00:00,-52,11,-97,18,33,11,220116299,47,2,256,0,""[0,0,0,0,0,0,0,0,0,0,0,0,-8,-20,-5,-21,-3,-23,-1,-26,0,-25,5,-26,5,-26,10,-25,10,-28,13,-26,15,-27,18,-25,19,-26,21,-25,26,-21,25,-21,26,-21,30,-20,31,-16,31,-14,34,-8,33,-11,33,-7,35,-7,37,-5,33,-5,34,-1,34,0,34,-2,34,0,31,1,36,3,34,3,32,5,33,5,31,4,29,5,31,5,31,7,31,5,31,7,31,5,31,8,33,8,31,11,31,10,31,13,31,11,31,12,32,15,31,16,30,16,29,20,28,21,31,20,30,21,28,21,0,0,0,0,0,0,28,-22,28,-21,27,-22,26,-16,26,-15,27,-15,26,-15,28,-13,26,-13,26,-9,25,-9,23,-7,24,-10,24,-6,23,-6,21,-6,22,-6,21,-5,21,-4,21,-5,20,-5,20,-3,19,-3,20,-3,18,-2,19,-2,16,0,18,-2,19,0,16,0,15,0,18,0,16,0,16,0,15,0,17,3,16,2,15,3,15,4,12,3,11,4,12,4,13,5,10,5,10,5,10,5,8,7,8,5,6,5,6,5,6,5,5,6,5,5,4,7,2,6,2,5,2,7,0,0,0,0,0,0,0,0,0,0]"""
1782212768300,2026-06-23T20:06:08.300,danger,fall,lmh,bed_stand_to_lie_fall,t018,"CSI_DATA,813135,1a:00:00:00:00:00,-52,11,-97,19,33,11,220127394,47,2,256,0,""[0,0,0,0,0,0,0,0,0,0,0,0,9,-19,11,-17,13,-18,17,-18,19,-18,21,-17,20,-17,22,-16,25,-16,26,-15,27,-14,28,-14,30,-13,31,-12,33,-8,33,-8,34,-9,36,-7,33,-5,35,-1,37,-3,35,-2,35,-2,35,-1,36,0,34,-1,34,2,35,0,35,2,35,1,33,3,35,1,34,0,33,0,35,0,34,0,31,0,32,0,33,0,32,-2,31,-1,32,-3,33,-2,36,-3,33,-1,32,-3,33,-3,33,-4,35,-2,37,-3,35,-1,35,-2,35,-1,37,0,37,-1,37,-2,38,-1,0,0,0,0,0,0,3,-35,2,-35,0,-32,2,-33,1,-31,4,-29,1,-30,3,-31,3,-28,4,-27,2,-25,1,-25,0,-26,2,-26,1,-23,0,-23,0,-24,0,-22,0,-21,0,-22,-2,-20,0,-21,-2,-18,0,-17,0,-18,-1,-18,-2,-18,-3,-17,-1,-18,-4,-16,-1,-17,-2,-16,-2,-17,-4,-15,-1,-15,-1,-16,-1,-16,0,-14,-2,-14,-1,-14,-2,-13,0,-13,0,-13,0,-12,0,-12,0,-11,0,-10,0,-11,0,-8,0,-8,1,-9,0,-9,1,-8,2,-7,2,-6,2,-8,3,-6,0,0,0,0,0,0,0,0,0,0]"""
1782212768311,2026-06-23T20:06:08.311,danger,fall,lmh,bed_stand_to_lie_fall,t018,"CSI_DATA,813136,1a:00:00:00:00:00,-52,11,-97,18,33,11,220138299,47,2,256,0,""[0,0,0,0,0,0,0,0,0,0,0,0,18,-11,21,-10,22,-9,24,-7,23,-6,26,-5,27,-4,27,-1,30,-2,31,0,30,0,31,1,33,1,32,5,33,9,33,9,34,8,32,11,31,13,31,13,30,15,33,15,30,17,31,16,32,17,31,16,28,18,29,20,27,18,29,16,26,18,31,18,28,17,26,17,29,15,27,15,26,15,29,15,28,16,29,14,29,16,30,13,30,15,31,13,30,14,30,13,30,14,31,12,31,14,34,15,33,15,31,13,32,17,31,16,33,14,34,15,32,15,0,0,0,0,0,0,19,-30,18,-28,16,-31,17,-27,17,-27,18,-26,15,-25,17,-27,15,-23,15,-23,14,-21,14,-21,12,-22,13,-21,12,-21,9,-20,9,-21,10,-20,11,-19,8,-19,7,-20,9,-18,7,-18,7,-17,8,-18,6,-17,6,-15,6,-17,6,-17,4,-16,5,-14,5,-15,4,-16,4,-15,5,-15,5,-15,5,-15,4,-14,5,-14,5,-12,4,-11,4,-11,5,-12,5,-11,5,-11,5,-10,5,-9,5,-10,4,-8,5,-8,4,-7,4,-7,5,-6,4,-6,5,-5,5,-5,5,-4,0,0,0,0,0,0,0,0,0,0]"""
1782212768322,2026-06-23T20:06:08.322,danger,fall,lmh,bed_stand_to_lie_fall,t018,"CSI_DATA,813137,1a:00:00:00:00:00,-52,11,-97,18,33,11,220149332,47,2,256,0,""[0,0,0,0,0,0,0,0,0,0,0,0,18,-14,18,-10,21,-12,21,-11,24,-10,25,-8,25,-7,26,-5,29,-5,30,-5,31,-5,31,-4,34,-3,33,-1,33,3,35,3,34,2,37,5,32,5,35,9,36,10,34,10,36,10,34,10,35,10,33,9,32,11,33,11,34,12,32,10,30,11,31,10,31,11,31,10,32,10,31,9,31,9,31,6,31,7,32,5,31,7,33,6,31,8,34,5,31,6,31,5,32,6,33,4,32,4,36,5,36,4,36,4,36,7,36,9,37,5,36,6,37,6,0,0,0,0,0,0,10,-35,9,-35,5,-32,9,-31,7,-31,7,-29,6,-30,8,-29,6,-27,7,-27,6,-25,6,-25,5,-25,5,-24,4,-23,4,-21,1,-24,2,-23,4,-21,1,-21,0,-21,1,-21,0,-19,0,-18,1,-19,0,-18,0,-19,-2,-17,0,-17,-2,-17,-1,-17,-1,-15,0,-17,-1,-16,-1,-15,0,-17,0,-15,0,-14,0,-15,0,-14,0,-13,0,-14,0,-12,0,-11,0,-12,0,-11,0,-10,0,-11,0,-10,0,-8,0,-10,0,-9,1,-7,2,-7,2,-7,0,-5,2,-7,0,0,0,0,0,0,0,0,0,0]"""
1782212768333,2026-06-23T20:06:08.333,danger,fall,lmh,bed_stand_to_lie_fall,t018,"CSI_DATA,813138,1a:00:00:00:00:00,-52,11,-97,18,33,11,220160298,47,2,256,0,""[0,0,0,0,0,0,0,0,0,0,0,0,-7,-21,-3,-22,-3,-23,0,-25,2,-26,5,-24,6,-26,9,-26,10,-29,12,-27,14,-26,15,-26,17,-29,21,-27,25,-24,25,-25,25,-23,29,-21,28,-18,30,-17,31,-13,32,-16,32,-13,33,-13,35,-12,31,-11,34,-7,35,-8,35,-6,33,-6,31,-4,33,-5,34,-4,33,-2,34,-4,33,-3,32,-1,31,-4,33,-2,33,-2,32,-1,33,-3,33,0,35,-2,32,0,33,0,34,1,32,0,34,1,37,3,34,3,36,3,37,6,33,7,37,7,35,7,37,9,0,0,0,0,0,0,16,-32,16,-31,13,-31,15,-28,15,-29,15,-25,15,-26,17,-25,17,-22,15,-21,15,-21,15,-19,13,-21,15,-19,15,-17,13,-17,14,-19,15,-17,15,-15,13,-16,11,-15,14,-15,10,-14,12,-14,14,-13,13,-14,13,-14,12,-14,13,-13,10,-13,11,-12,11,-12,13,-10,12,-11,12,-10,13,-10,13,-10,12,-9,13,-8,11,-6,11,-6,12,-7,12,-5,11,-5,11,-4,11,-3,10,-2,10,-2,10,-3,10,-2,9,-2,8,0,8,0,8,0,8,0,7,0,6,1,0,0,0,0,0,0,0,0,0,0]"""
1782212768343,2026-06-23T20:06:08.343,danger,fall,lmh,bed_stand_to_lie_fall,t018,"CSI_DATA,813139,1a:00:00:00:00:00,-52,11,-97,17,33,11,220171298,47,2,256,0,""[0,0,0,0,0,0,0,0,0,0,0,0,-15,14,-18,13,-19,13,-23,12,-23,11,-24,10,-25,10,-27,7,-28,8,-30,6,-31,6,-32,6,-34,6,-33,4,-33,0,-36,0,-36,1,-36,0,-34,-2,-34,-4,-32,-5,-37,-4,-35,-6,-35,-4,-37,-6,-34,-3,-33,-6,-34,-6,-34,-6,-35,-5,-32,-5,-36,-4,-34,-6,-32,-6,-34,-4,-32,-4,-30,-2,-32,-1,-32,-1,-33,0,-32,0,-32,2,-32,0,-35,3,-33,1,-32,2,-33,1,-33,1,-34,0,-37,2,-36,5,-35,6,-38,2,-36,1,-38,6,-37,4,-36,4,0,0,0,0,0,0,0,36,2,36,4,33,2,33,1,32,1,29,3,30,1,30,2,29,2,27,2,26,2,25,3,25,2,25,4,24,6,21,6,23,6,23,3,22,6,20,7,19,6,20,7,18,6,18,6,19,6,18,6,18,9,17,7,17,9,15,8,14,7,15,7,15,8,15,8,13,7,14,6,13,7,13,7,13,6,12,6,12,7,12,6,12,6,12,4,11,5,11,6,9,5,10,5,10,4,8,3,9,3,7,1,7,2,8,2,7,3,6,0,8,0,0,0,0,0,0,0,0,0,0]"""
1782212768357,2026-06-23T20:06:08.357,danger,fall,lmh,bed_stand_to_lie_fall,t018,"CSI_DATA,813140,1a:00:00:00:00:00,-52,11,-97,17,33,11,220182298,47,2,256,0,""[0,0,0,0,0,0,0,0,0,0,0,0,-16,-14,-15,-17,-13,-19,-12,-22,-12,-22,-8,-25,-7,-26,-4,-27,-6,-29,-3,-29,-2,-32,-1,-32,0,-32,1,-32,7,-34,7,-33,7,-35,12,-33,12,-32,18,-32,20,-31,19,-31,20,-30,19,-32,20,-32,19,-29,21,-27,24,-26,24,-25,22,-25,24,-23,25,-25,25,-22,25,-22,24,-23,24,-23,23,-21,23,-24,25,-23,22,-24,24,-21,22,-23,25,-23,25,-23,25,-22,25,-21,27,-22,25,-21,26,-20,29,-22,29,-22,26,-21,30,-19,31,-19,32,-21,31,-19,32,-18,0,0,0,0,0,0,-11,-34,-12,-34,-12,-32,-8,-31,-9,-31,-6,-30,-8,-30,-6,-31,-6,-28,-5,-26,-3,-26,-3,-26,-5,-25,-3,-25,-4,-25,-5,-22,-6,-24,-5,-21,-2,-21,-4,-20,-5,-21,-3,-20,-2,-19,-1,-19,-2,-19,-1,-19,-2,-19,-4,-19,-2,-18,-4,-17,0,-16,-1,-18,0,-17,0,-18,0,-15,0,-18,0,-16,0,-14,0,-15,0,-14,0,-13,0,-14,2,-13,1,-12,2,-12,2,-12,3,-12,3,-11,4,-10,3,-9,4,-8,4,-8,4,-7,4,-6,5,-6,4,-6,5,-5,0,0,0,0,0,0,0,0,0,0]"""
1782212768366,2026-06-23T20:06:08.366,danger,fall,lmh,bed_stand_to_lie_fall,t018,"CSI_DATA,813141,1a:00:00:00:00:00,-52,11,-97,14,34,11,220193298,47,2,256,0,""[0,0,0,0,0,0,0,0,0,0,0,0,-12,17,-15,15,-17,15,-19,17,-21,15,-22,15,-22,15,-24,13,-26,14,-27,14,-29,13,-28,12,-31,13,-31,11,-33,8,-34,9,-34,10,-36,6,-33,6,-36,5,-37,5,-35,4,-36,5,-36,5,-37,4,-33,5,-34,2,-35,2,-35,3,-33,5,-33,3,-34,5,-33,6,-32,5,-33,7,-33,8,-31,7,-31,10,-33,9,-32,11,-31,10,-31,12,-31,11,-32,15,-31,12,-31,15,-30,14,-29,16,-31,15,-32,17,-31,16,-31,17,-33,16,-32,16,-33,20,-32,17,-31,19,0,0,0,0,0,0,16,33,15,32,18,28,16,29,16,29,14,27,15,26,15,26,15,24,15,25,15,22,15,21,15,21,15,21,15,20,15,16,15,17,15,16,14,15,15,15,15,14,15,15,15,12,14,12,15,12,14,11,15,10,15,9,15,10,16,7,14,8,15,8,15,9,15,6,15,6,14,8,14,6,14,6,15,6,13,6,13,6,12,6,12,6,10,5,10,4,10,5,10,7,10,5,8,5,9,5,8,5,9,4,7,4,6,5,6,5,5,4,5,5,0,0,0,0,0,0,0,0,0,0]"""
1782212768379,2026-06-23T20:06:08.379,danger,fall,lmh,bed_stand_to_lie_fall,t018,"CSI_DATA,813142,1a:00:00:00:00:00,-52,11,-97,18,33,11,220205603,47,2,256,0,""[0,0,0,0,0,0,0,0,0,0,0,0,-10,-18,-10,-20,-10,-21,-8,-23,-7,-24,-5,-26,-5,-26,-2,-28,-4,-30,-3,-31,0,-31,0,-31,0,-33,0,-34,5,-33,6,-34,5,-36,10,-35,8,-32,9,-34,10,-35,11,-35,12,-34,11,-33,13,-34,11,-32,13,-31,13,-31,13,-31,12,-32,11,-30,10,-31,10,-32,11,-31,9,-31,9,-32,9,-30,7,-31,8,-32,5,-33,6,-32,5,-33,7,-32,3,-33,5,-32,3,-32,4,-33,1,-34,3,-34,3,-37,2,-36,3,-36,5,-39,5,-35,2,-37,3,-37,1,-37,0,0,0,0,0,0,-37,-6,-35,-5,-34,-3,-31,-5,-31,-3,-30,-5,-30,-2,-31,-4,-29,-3,-26,-5,-26,-2,-26,-2,-26,-2,-26,0,-24,-2,-23,0,-23,2,-22,1,-21,0,-21,2,-21,3,-21,2,-19,3,-18,3,-19,4,-19,4,-19,3,-18,5,-19,5,-16,5,-16,4,-18,5,-16,5,-16,5,-15,5,-16,5,-15,4,-15,5,-13,5,-15,4,-13,4,-13,3,-14,3,-11,4,-11,3,-11,2,-10,2,-11,2,-10,2,-9,0,-9,1,-9,2,-8,1,-8,0,-8,0,-6,0,-8,0,0,0,0,0,0,0,0,0,0,0]"""
1782212768388,2026-06-23T20:06:08.388,danger,fall,lmh,bed_stand_to_lie_fall,t018,"CSI_DATA,813143,1a:00:00:00:00:00,-52,11,-97,18,33,11,220215298,47,2,256,0,""[0,0,0,0,0,0,0,0,0,0,0,0,15,15,14,16,15,20,14,21,11,23,10,23,9,25,8,27,7,28,5,31,4,31,3,30,3,33,0,33,-4,33,-5,34,-4,35,-8,34,-9,33,-13,33,-15,35,-13,33,-15,34,-14,33,-15,33,-14,31,-18,31,-17,30,-20,29,-17,29,-17,27,-17,30,-16,28,-18,26,-18,28,-17,28,-18,26,-17,28,-17,27,-15,29,-17,27,-16,29,-19,28,-16,29,-17,26,-17,31,-19,28,-16,28,-19,28,-21,29,-20,29,-20,30,-22,29,-24,28,-22,30,-23,30,-21,27,0,0,0,0,0,0,25,27,24,26,24,22,21,26,21,25,19,24,20,24,20,25,19,23,15,22,15,21,15,21,16,21,15,21,14,20,15,18,16,19,15,17,13,16,14,16,15,15,13,16,12,14,12,15,13,16,11,14,12,15,14,12,11,13,14,12,11,13,12,13,11,14,11,12,10,12,9,12,10,12,9,11,9,11,7,13,7,13,7,12,6,11,8,11,6,10,6,10,5,11,4,10,4,10,2,10,2,9,3,9,2,8,1,8,0,7,0,9,-1,5,0,0,0,0,0,0,0,0,0,0]"""
1782212768402,2026-06-23T20:06:08.402,danger,fall,lmh,bed_stand_to_lie_fall,t018,"CSI_DATA,813144,1a:00:00:00:00:00,-52,11,-97,21,32,11,220226298,47,2,256,0,""[0,0,0,0,0,0,0,0,0,0,0,0,-17,-18,-15,-19,-14,-19,-12,-23,-12,-24,-11,-24,-7,-25,-7,-28,-7,-32,-8,-31,-5,-32,-3,-32,-5,-34,-1,-35,3,-35,4,-36,3,-37,6,-37,6,-34,9,-38,10,-38,12,-33,12,-35,12,-34,14,-35,13,-34,17,-32,18,-32,17,-31,14,-32,18,-29,15,-31,17,-30,17,-31,15,-32,16,-32,14,-29,16,-31,16,-30,15,-32,15,-32,15,-31,16,-31,15,-33,15,-31,14,-32,15,-32,12,-32,16,-32,17,-33,17,-32,17,-35,19,-36,20,-32,22,-34,19,-32,19,-32,0,0,0,0,0,0,-30,-25,-29,-25,-26,-19,-25,-23,-25,-23,-23,-22,-24,-23,-22,-23,-21,-23,-19,-22,-20,-19,-19,-20,-21,-19,-19,-18,-20,-18,-19,-15,-19,-14,-18,-15,-16,-16,-16,-18,-18,-14,-15,-15,-14,-12,-15,-12,-14,-12,-16,-12,-15,-12,-16,-10,-16,-12,-17,-11,-13,-12,-15,-12,-12,-11,-12,-10,-12,-9,-12,-12,-13,-11,-10,-11,-11,-11,-10,-11,-10,-9,-9,-10,-10,-9,-10,-11,-9,-9,-7,-9,-6,-11,-6,-8,-6,-9,-5,-9,-6,-7,-4,-9,-3,-7,-5,-8,-1,-7,-2,-7,0,-6,0,0,0,0,0,0,0,0,0,0]"""
1782212768408,2026-06-23T20:06:08.408,danger,fall,lmh,bed_stand_to_lie_fall,t018,"CSI_DATA,813145,1a:00:00:00:00:00,-52,11,-97,17,33,11,220237298,47,2,256,0,""[0,0,0,0,0,0,0,0,0,0,0,0,21,9,19,11,20,12,19,15,19,16,19,19,18,20,18,21,19,24,16,24,16,27,15,27,16,29,12,30,10,33,10,32,10,34,7,35,7,33,5,36,4,37,2,35,0,36,2,36,0,37,1,34,-2,35,-1,35,-1,35,0,33,-2,32,-1,35,-1,33,0,32,0,34,0,34,0,32,0,34,0,32,0,33,0,34,0,32,0,33,0,35,0,34,0,34,0,34,0,33,0,35,0,37,0,36,0,36,-2,38,-3,36,0,38,0,38,0,38,0,0,0,0,0,0,37,7,36,6,34,5,32,7,32,6,30,7,30,6,31,7,28,6,28,6,26,7,25,6,25,6,25,5,24,6,24,3,25,3,22,3,22,5,21,3,22,2,22,4,19,1,19,4,19,2,19,3,19,1,19,1,19,1,19,0,18,2,19,2,18,1,17,0,17,2,18,2,16,2,17,0,15,1,14,2,13,3,13,2,14,3,12,3,12,3,12,2,10,5,11,4,10,5,8,2,6,4,7,5,6,4,8,4,7,5,6,5,6,6,0,0,0,0,0,0,0,0,0,0]"""
1782212768424,2026-06-23T20:06:08.424,danger,fall,lmh,bed_stand_to_lie_fall,t018,"CSI_DATA,813146,1a:00:00:00:00:00,-52,11,-97,17,33,11,220248298,47,2,256,0,""[0,0,0,0,0,0,0,0,0,0,0,0,-12,19,-13,16,-16,17,-20,15,-21,14,-24,12,-25,10,-26,7,-28,8,-30,6,-32,3,-32,0,-33,0,-33,-2,-33,-6,-33,-7,-34,-8,-34,-12,-31,-14,-32,-18,-30,-17,-30,-19,-28,-23,-28,-21,-26,-25,-25,-23,-23,-25,-22,-27,-21,-26,-21,-26,-20,-28,-20,-29,-19,-29,-17,-27,-18,-29,-16,-28,-14,-28,-18,-28,-14,-30,-16,-28,-14,-29,-15,-28,-13,-31,-15,-32,-12,-32,-12,-31,-9,-32,-10,-33,-10,-32,-8,-37,-10,-36,-8,-35,-5,-38,-2,-37,-6,-38,-3,-37,-2,-38,0,0,0,0,0,0,-36,-5,-35,-6,-35,-4,-32,-8,-32,-9,-31,-11,-30,-8,-29,-11,-27,-11,-27,-12,-24,-12,-23,-12,-23,-13,-21,-12,-22,-12,-21,-11,-22,-12,-19,-10,-17,-12,-19,-12,-19,-11,-17,-12,-17,-10,-17,-12,-15,-12,-15,-12,-13,-12,-15,-12,-14,-12,-14,-12,-12,-12,-12,-13,-12,-12,-12,-11,-11,-12,-12,-13,-8,-13,-8,-12,-8,-13,-6,-12,-5,-12,-5,-13,-6,-12,-6,-12,-3,-12,-4,-12,-1,-12,-3,-11,0,-10,0,-10,1,-10,0,-7,0,-9,0,-10,0,-9,1,-8,2,-6,0,0,0,0,0,0,0,0,0,0]"""
1782212768432,2026-06-23T20:06:08.432,danger,fall,lmh,bed_stand_to_lie_fall,t018,"CSI_DATA,813147,1a:00:00:00:00:00,-52,11,-97,18,33,11,220259340,47,2,256,0,""[0,0,0,0,0,0,0,0,0,0,0,0,-13,16,-16,16,-16,15,-21,15,-21,13,-22,12,-25,11,-26,10,-27,11,-28,8,-31,7,-31,6,-31,8,-33,5,-33,0,-32,2,-36,4,-35,0,-34,-1,-36,0,-35,-4,-36,-5,-34,-5,-35,-4,-36,-6,-33,-5,-33,-7,-35,-7,-33,-8,-33,-6,-31,-6,-34,-7,-32,-7,-33,-8,-34,-5,-31,-5,-30,-5,-32,-4,-32,-5,-33,-3,-34,-4,-32,-1,-33,-2,-36,-1,-33,-3,-32,-2,-35,-3,-32,-2,-35,-2,-37,-3,-36,-3,-36,-1,-38,-5,-37,-5,-38,-3,-38,-3,-36,-2,0,0,0,0,0,0,-8,35,-6,35,-4,36,-5,33,-6,32,-7,31,-4,31,-7,31,-6,29,-6,27,-5,26,-6,25,-4,26,-5,25,-5,25,-3,23,-3,26,-3,22,-5,23,-1,21,0,22,-2,21,0,20,0,20,-1,21,0,20,-1,19,1,19,0,20,0,17,0,17,1,19,0,19,1,17,0,15,-1,17,0,15,0,15,0,16,0,15,0,13,0,13,-1,14,0,13,-1,12,0,12,-1,10,-1,11,-2,10,-1,10,-1,9,-3,8,-3,7,-3,8,-4,6,-2,7,-3,6,0,0,0,0,0,0,0,0,0,0]"""
1782212768444,2026-06-23T20:06:08.444,danger,fall,lmh,bed_stand_to_lie_fall,t018,"CSI_DATA,813148,1a:00:00:00:00:00,-52,11,-97,17,33,11,220270298,47,2,256,0,""[0,0,0,0,0,0,0,0,0,0,0,0,-16,-14,-13,-15,-15,-17,-13,-20,-13,-21,-12,-23,-11,-24,-10,-26,-11,-28,-9,-28,-8,-30,-6,-29,-8,-32,-6,-33,-2,-34,-1,-35,-3,-35,0,-35,1,-34,2,-32,5,-33,2,-36,5,-37,6,-35,6,-36,5,-34,6,-34,6,-34,8,-34,6,-33,7,-31,7,-33,6,-33,5,-32,5,-33,4,-33,4,-32,3,-32,5,-32,2,-33,3,-34,0,-32,2,-34,0,-34,2,-31,0,-32,2,-34,0,-34,0,-35,1,-37,0,-36,0,-37,4,-38,4,-38,0,-38,1,-38,1,-37,0,0,0,0,0,0,-39,-4,-36,-4,-34,-1,-33,-5,-33,-4,-32,-6,-31,-3,-31,-5,-30,-5,-28,-5,-27,-3,-26,-4,-27,-2,-25,-2,-25,-4,-23,-1,-25,0,-23,0,-23,-1,-23,0,-22,1,-23,0,-20,2,-20,1,-19,0,-20,1,-19,0,-18,3,-19,2,-18,3,-19,0,-19,1,-18,1,-16,4,-17,1,-18,1,-15,2,-15,1,-16,1,-15,1,-14,0,-14,0,-15,0,-13,0,-13,0,-12,0,-12,0,-12,0,-10,-1,-9,0,-8,-1,-9,0,-9,-1,-8,-1,-7,-2,-7,-1,-6,-2,0,0,0,0,0,0,0,0,0,0]"""
1782212768452,2026-06-23T20:06:08.452,danger,fall,lmh,bed_stand_to_lie_fall,t018,"CSI_DATA,813149,1a:00:00:00:00:00,-52,11,-97,17,33,11,220281298,47,2,256,0,""[0,0,0,0,0,0,0,0,0,0,0,0,17,-13,19,-12,20,-12,22,-10,25,-6,25,-5,26,-2,27,0,30,0,30,0,31,3,31,6,32,6,32,9,30,12,32,16,31,16,31,18,27,19,28,23,27,23,25,25,24,26,25,25,22,27,22,26,19,28,19,29,18,31,18,27,16,28,18,30,17,31,13,29,15,30,14,30,12,30,14,29,14,30,15,29,12,30,15,30,12,32,16,32,11,32,12,32,10,33,12,32,9,32,10,38,11,36,7,35,5,37,5,38,8,38,5,38,5,36,0,0,0,0,0,0,37,5,38,5,35,1,34,6,34,6,32,7,32,6,31,7,29,9,27,10,26,8,24,10,25,7,25,8,24,9,22,8,25,8,21,8,20,8,22,8,21,7,20,9,19,6,18,8,18,8,18,8,17,9,18,7,18,9,16,8,15,8,14,8,15,11,13,9,14,10,14,10,13,10,12,9,12,11,10,10,9,10,9,10,9,10,10,10,8,9,6,10,6,10,6,10,4,8,2,9,3,8,2,8,3,8,1,9,2,7,0,6,0,6,0,0,0,0,0,0,0,0,0,0]"""
1782212768467,2026-06-23T20:06:08.467,danger,fall,lmh,bed_stand_to_lie_fall,t018,"CSI_DATA,813150,1a:00:00:00:00:00,-52,11,-97,17,33,11,220293460,47,2,256,0,""[0,0,0,0,0,0,0,0,0,0,0,0,-19,-12,-17,-14,-17,-17,-15,-19,-13,-21,-12,-22,-10,-23,-8,-26,-8,-27,-6,-29,-3,-32,-1,-31,-1,-33,2,-32,6,-32,9,-33,8,-34,13,-32,14,-30,17,-28,20,-30,19,-28,20,-30,21,-28,25,-28,23,-25,25,-23,26,-22,29,-21,27,-22,25,-19,29,-19,27,-19,28,-18,28,-19,29,-17,27,-16,29,-16,29,-15,30,-17,29,-13,30,-14,32,-12,32,-13,31,-12,31,-12,32,-11,32,-13,33,-11,37,-9,36,-7,37,-7,38,-6,38,-1,40,-2,38,-2,38,0,0,0,0,0,0,0,7,-36,7,-36,6,-33,10,-33,8,-32,10,-30,12,-30,14,-29,12,-27,12,-25,12,-23,12,-23,12,-24,13,-23,13,-22,12,-20,12,-21,12,-18,12,-18,13,-17,11,-17,13,-18,11,-16,13,-13,14,-15,12,-14,12,-15,12,-14,13,-13,12,-13,12,-12,13,-12,14,-11,14,-12,12,-10,15,-8,14,-8,13,-7,14,-8,13,-7,12,-7,13,-6,14,-4,12,-3,12,-3,12,-2,12,-2,12,0,9,0,10,0,10,0,9,0,8,1,7,2,7,2,7,3,6,3,0,0,0,0,0,0,0,0,0,0]"""
1782212768476,2026-06-23T20:06:08.476,danger,fall,lmh,bed_stand_to_lie_fall,t018,"CSI_DATA,813151,1a:00:00:00:00:00,-52,11,-97,16,33,11,220303298,47,2,256,0,""[0,0,0,0,0,0,0,0,0,0,0,0,17,14,15,16,16,17,16,19,15,21,13,22,12,23,12,24,12,27,11,28,11,28,11,29,11,31,10,32,6,32,7,33,6,34,4,36,3,33,2,32,0,33,4,37,0,35,2,35,0,38,0,34,0,35,0,36,0,36,1,34,0,32,2,34,2,34,1,32,3,34,4,33,3,31,6,32,5,32,8,33,6,32,8,32,7,33,10,34,8,32,10,31,8,33,11,32,12,33,13,36,11,32,11,34,11,38,10,36,14,36,13,36,11,36,0,0,0,0,0,0,36,-9,37,-9,32,-10,32,-8,33,-10,32,-7,30,-9,32,-9,29,-8,26,-8,24,-8,25,-8,24,-9,24,-8,24,-8,21,-8,23,-12,21,-11,20,-8,20,-9,18,-10,19,-11,16,-10,17,-11,17,-12,16,-12,16,-11,15,-13,15,-12,12,-12,15,-11,14,-12,14,-12,13,-11,12,-10,13,-11,13,-12,11,-10,11,-10,10,-10,11,-9,10,-8,11,-9,9,-9,9,-8,8,-8,9,-6,9,-8,8,-5,8,-6,8,-4,7,-5,6,-4,8,-3,8,-4,6,-3,7,-2,0,0,0,0,0,0,0,0,0,0]"""
1782212768489,2026-06-23T20:06:08.489,danger,fall,lmh,bed_stand_to_lie_fall,t018,"CSI_DATA,813152,1a:00:00:00:00:00,-52,11,-97,17,33,11,220314297,47,2,256,0,""[0,0,0,0,0,0,0,0,0,0,0,0,-18,-10,-18,-13,-18,-13,-18,-15,-18,-18,-16,-19,-16,-19,-16,-21,-18,-24,-16,-25,-16,-25,-15,-26,-17,-27,-15,-29,-12,-32,-12,-31,-12,-32,-11,-34,-11,-32,-9,-33,-7,-37,-9,-33,-8,-35,-8,-35,-8,-37,-10,-32,-6,-33,-6,-35,-8,-34,-8,-32,-7,-32,-10,-34,-8,-32,-9,-31,-12,-33,-12,-31,-10,-30,-12,-29,-13,-30,-16,-30,-12,-31,-16,-28,-14,-30,-18,-31,-15,-29,-18,-28,-17,-30,-19,-28,-20,-30,-21,-31,-21,-30,-21,-31,-20,-33,-19,-32,-20,-32,-23,-31,-23,-32,0,0,0,0,0,0,-32,20,-33,19,-28,20,-30,16,-27,18,-27,16,-25,18,-26,19,-26,16,-23,15,-22,16,-21,14,-21,18,-19,16,-19,15,-16,18,-18,19,-17,18,-17,17,-14,17,-12,18,-15,17,-12,16,-12,16,-12,15,-12,15,-11,15,-9,16,-11,17,-7,15,-8,15,-9,15,-9,15,-8,16,-6,14,-9,15,-7,14,-6,14,-8,14,-6,12,-6,12,-6,12,-7,12,-6,12,-6,11,-6,10,-6,10,-6,10,-5,7,-5,8,-6,8,-4,7,-5,7,-6,5,-5,7,-5,5,-6,4,0,0,0,0,0,0,0,0,0,0]"""
1782212768498,2026-06-23T20:06:08.498,danger,fall,lmh,bed_stand_to_lie_fall,t018,"CSI_DATA,813153,1a:00:00:00:00:00,-52,11,-97,17,33,11,220325297,47,2,256,0,""[0,0,0,0,0,0,0,0,0,0,0,0,12,-17,13,-16,15,-17,19,-15,20,-15,21,-13,23,-12,25,-10,27,-10,26,-8,29,-7,30,-6,32,-6,32,-4,33,0,33,0,34,0,36,4,32,5,32,5,32,7,36,8,33,11,33,12,35,13,32,12,31,15,32,16,31,14,30,14,27,16,32,16,30,16,29,16,30,16,30,15,27,15,28,15,30,15,30,15,28,16,29,14,29,16,32,17,28,16,27,17,30,18,28,17,31,19,32,21,31,19,31,20,29,23,29,25,32,24,31,23,30,25,0,0,0,0,0,0,30,-25,30,-24,25,-24,28,-20,26,-20,25,-19,25,-19,26,-17,25,-16,24,-13,23,-14,23,-12,23,-16,24,-14,21,-12,19,-12,21,-12,19,-12,20,-11,20,-12,18,-13,19,-10,17,-11,18,-10,19,-9,18,-11,17,-9,16,-11,17,-10,15,-10,15,-9,17,-9,17,-9,15,-9,13,-6,15,-6,14,-6,14,-6,14,-6,13,-5,13,-5,12,-4,14,-3,13,-4,12,-2,9,-2,11,0,11,-2,9,0,10,0,8,0,7,0,9,0,7,1,7,2,8,2,6,3,0,0,0,0,0,0,0,0,0,0]"""
1782212768511,2026-06-23T20:06:08.511,danger,fall,lmh,bed_stand_to_lie_fall,t018,"CSI_DATA,813154,1a:00:00:00:00:00,-52,11,-97,17,33,11,220336297,47,2,256,0,""[0,0,0,0,0,0,0,0,0,0,0,0,-13,16,-15,14,-18,15,-20,13,-21,13,-23,11,-25,9,-26,9,-28,9,-28,6,-30,4,-31,3,-32,3,-33,0,-32,-2,-32,-3,-35,-2,-33,-6,-32,-7,-34,-11,-34,-12,-32,-10,-32,-13,-32,-12,-33,-16,-31,-13,-29,-17,-31,-16,-29,-18,-30,-17,-26,-18,-30,-19,-29,-18,-28,-17,-29,-17,-28,-16,-26,-17,-28,-17,-29,-19,-29,-16,-29,-19,-29,-16,-29,-17,-31,-17,-27,-18,-29,-17,-28,-18,-28,-17,-28,-19,-30,-21,-30,-22,-30,-20,-30,-24,-29,-24,-30,-25,-30,-25,-28,-25,0,0,0,0,0,0,-29,24,-27,24,-25,24,-25,21,-25,20,-25,19,-26,20,-26,17,-25,17,-25,15,-23,15,-22,14,-23,15,-21,16,-23,12,-19,13,-20,14,-19,12,-20,12,-19,12,-18,13,-17,12,-16,12,-16,11,-18,11,-16,12,-15,10,-15,11,-17,11,-15,11,-13,9,-14,10,-15,8,-14,10,-13,8,-14,7,-15,7,-14,7,-14,7,-12,5,-12,5,-12,6,-12,4,-12,4,-12,4,-12,4,-10,2,-11,2,-8,3,-9,1,-8,1,-8,0,-10,0,-7,-1,-8,0,-6,-1,-6,0,0,0,0,0,0,0,0,0,0,0]"""
1782212768523,2026-06-23T20:06:08.523,danger,fall,lmh,bed_stand_to_lie_fall,t018,"CSI_DATA,813155,1a:00:00:00:00:00,-52,11,-97,19,32,11,220348894,47,2,256,0,""[0,0,0,0,0,0,0,0,0,0,0,0,-6,-20,-4,-23,-3,-23,1,-26,0,-25,6,-27,7,-26,8,-27,9,-28,10,-28,11,-28,13,-27,16,-29,19,-29,22,-27,22,-25,22,-30,24,-26,26,-25,31,-22,31,-20,29,-22,28,-21,31,-19,33,-22,29,-19,33,-18,35,-18,33,-14,33,-16,30,-12,33,-18,33,-13,33,-11,33,-14,32,-14,28,-11,31,-15,32,-11,31,-14,35,-12,25,-14,32,-18,24,-15,40,-5,38,-16,17,-11,24,-19,20,-12,59,-4,39,-22,27,0,23,-16,29,-14,18,1,33,-19,25,-28,0,0,0,0,0,0,22,-63,0,-44,20,-19,-21,-33,-11,-27,-5,-52,5,-36,-17,-25,19,-34,-6,-30,-11,-28,10,-24,8,-36,13,-24,4,-23,-1,-23,-2,-29,2,-25,6,-24,1,-21,0,-23,1,-23,0,-22,0,-21,3,-20,2,-21,1,-20,0,-20,2,-19,0,-18,2,-19,0,-21,2,-18,1,-19,1,-17,4,-18,4,-16,2,-17,3,-17,3,-16,1,-12,3,-14,4,-13,3,-13,6,-12,3,-11,3,-12,5,-11,5,-11,5,-9,4,-9,6,-7,6,-8,6,-6,3,-4,4,-4,5,-4,0,0,0,0,0,0,0,0,0,0]"""
1782212768533,2026-06-23T20:06:08.533,danger,fall,lmh,bed_stand_to_lie_fall,t018,"CSI_DATA,813156,1a:00:00:00:00:00,-52,11,-97,18,33,11,220358297,47,2,256,0,""[0,0,0,0,0,0,0,0,0,0,0,0,-21,-4,-21,-6,-21,-8,-22,-8,-23,-11,-21,-11,-23,-12,-22,-14,-23,-15,-25,-16,-25,-17,-23,-17,-26,-19,-26,-21,-23,-24,-24,-23,-26,-21,-23,-26,-22,-23,-21,-25,-21,-28,-23,-26,-24,-26,-24,-25,-25,-27,-24,-24,-22,-26,-24,-24,-24,-26,-24,-25,-23,-23,-24,-23,-26,-21,-24,-21,-26,-21,-28,-20,-26,-18,-28,-17,-29,-17,-31,-15,-29,-16,-31,-13,-29,-15,-33,-13,-30,-12,-32,-11,-32,-12,-32,-9,-34,-10,-36,-10,-34,-10,-35,-9,-36,-10,-35,-10,-37,-9,-37,-6,-36,-6,0,0,0,0,0,0,-9,36,-8,36,-5,34,-6,34,-5,34,-5,32,-4,31,-5,32,-4,31,-4,28,-1,27,0,26,1,27,0,27,0,25,2,25,2,25,3,23,3,21,5,22,7,21,5,22,5,18,5,18,5,19,7,18,7,18,9,16,7,15,10,15,8,15,9,15,8,15,9,15,9,13,8,15,9,14,9,13,10,12,8,11,9,10,7,10,7,10,7,10,6,10,7,8,5,9,6,8,5,7,5,8,5,6,5,5,4,5,3,6,5,6,4,5,2,6,0,0,0,0,0,0,0,0,0,0]"""
1782212768548,2026-06-23T20:06:08.548,danger,fall,lmh,bed_stand_to_lie_fall,t018,"CSI_DATA,813157,1a:00:00:00:00:00,-52,11,-97,17,33,11,220375652,47,2,256,0,""[0,0,0,0,0,0,0,0,0,0,0,0,19,7,19,10,19,12,20,14,20,15,18,17,19,18,18,19,18,22,19,23,18,26,19,25,19,26,19,26,14,28,15,29,17,31,14,31,13,30,13,32,12,31,12,32,10,33,12,33,12,35,12,32,8,32,8,34,10,33,11,32,9,32,11,33,11,32,11,30,12,32,13,31,12,29,15,28,14,30,17,28,15,29,17,27,17,29,20,30,17,29,18,28,18,29,19,28,19,30,21,30,22,28,23,29,20,32,19,32,23,30,23,32,23,30,0,0,0,0,0,0,31,-21,31,-19,28,-21,28,-18,26,-19,27,-16,25,-19,26,-19,25,-18,25,-15,23,-15,21,-15,20,-17,21,-15,19,-15,17,-16,18,-16,17,-15,16,-15,15,-15,13,-17,14,-16,12,-16,13,-14,12,-15,12,-15,12,-13,10,-18,11,-16,9,-16,10,-13,9,-15,9,-15,8,-15,7,-13,9,-13,7,-14,8,-12,6,-13,8,-12,7,-12,6,-12,7,-12,6,-10,6,-10,6,-8,6,-8,6,-9,6,-7,6,-6,5,-6,4,-7,6,-6,6,-6,5,-5,4,-3,6,-5,0,0,0,0,0,0,0,0,0,0]"""
1782212768558,2026-06-23T20:06:08.558,danger,fall,lmh,bed_stand_to_lie_fall,t018,"CSI_DATA,813158,1a:00:00:00:00:00,-52,11,-97,17,33,11,220380297,47,2,256,0,""[0,0,0,0,0,0,0,0,0,0,0,0,20,-1,21,2,23,4,24,6,23,7,23,10,25,13,22,13,23,17,23,19,22,22,19,22,20,25,18,25,14,28,13,31,15,32,10,34,6,33,6,31,4,34,4,36,0,35,0,35,-1,35,-1,34,-4,34,-6,33,-8,33,-7,33,-9,30,-10,34,-9,32,-10,30,-10,32,-10,32,-12,29,-11,32,-12,31,-12,30,-14,30,-13,30,-16,30,-13,32,-16,29,-17,31,-18,29,-16,31,-19,29,-20,29,-22,28,-22,28,-26,28,-25,27,-28,28,-26,25,-29,25,0,0,0,0,0,0,17,32,17,32,18,31,12,31,13,29,9,30,10,31,8,30,7,28,6,29,5,27,5,26,5,25,4,25,3,25,4,23,4,25,3,23,0,22,0,22,2,23,0,22,0,19,0,20,0,20,0,19,0,18,0,19,0,19,0,19,-2,18,-2,17,-2,17,-1,16,-2,14,-4,14,-5,15,-4,14,-5,14,-6,12,-6,12,-6,12,-6,11,-5,12,-6,9,-7,10,-6,7,-6,6,-6,6,-7,6,-6,6,-6,6,-6,5,-6,2,-6,3,-7,1,-6,1,0,0,0,0,0,0,0,0,0,0]"""
1782212768570,2026-06-23T20:06:08.570,danger,fall,lmh,bed_stand_to_lie_fall,t018,"CSI_DATA,813159,1a:00:00:00:00:00,-52,11,-97,18,33,11,220391297,47,2,256,0,""[0,0,0,0,0,0,0,0,0,0,0,0,-10,-18,-8,-21,-6,-21,-5,-24,-4,-25,-2,-25,-1,-26,0,-26,1,-28,2,-28,4,-30,5,-31,5,-32,7,-31,10,-31,12,-31,11,-32,14,-31,13,-29,16,-31,15,-31,17,-30,18,-30,18,-30,21,-31,18,-28,21,-26,21,-28,21,-27,20,-29,18,-26,21,-28,19,-28,18,-26,17,-29,18,-28,17,-26,17,-28,19,-27,15,-30,17,-29,15,-30,17,-29,15,-31,18,-28,15,-30,16,-29,15,-30,16,-31,17,-33,17,-31,17,-32,20,-32,21,-31,20,-34,19,-32,19,-32,0,0,0,0,0,0,-30,-23,-30,-21,-30,-19,-28,-20,-26,-21,-26,-21,-24,-18,-25,-21,-22,-17,-21,-18,-21,-17,-21,-15,-23,-16,-21,-16,-20,-16,-19,-13,-20,-14,-19,-12,-18,-14,-18,-12,-20,-10,-17,-11,-16,-9,-16,-9,-16,-10,-16,-10,-15,-9,-15,-7,-15,-8,-15,-7,-15,-7,-15,-8,-15,-9,-15,-8,-14,-6,-14,-6,-14,-6,-13,-6,-13,-7,-12,-8,-11,-6,-10,-6,-10,-8,-10,-5,-9,-5,-10,-6,-8,-6,-9,-5,-7,-6,-7,-6,-5,-5,-5,-5,-6,-6,-5,-5,-4,-5,-4,-5,-4,-5,0,0,0,0,0,0,0,0,0,0]"""
1782212768578,2026-06-23T20:06:08.578,danger,fall,lmh,bed_stand_to_lie_fall,t018,"CSI_DATA,813160,1a:00:00:00:00:00,-52,11,-97,22,32,11,220402297,47,2,256,0,""[0,0,0,0,0,0,0,0,0,0,0,0,16,-13,20,-10,21,-10,22,-10,25,-7,26,-5,28,-3,27,-1,31,0,31,2,32,5,31,5,33,7,32,10,32,13,31,16,31,16,28,21,27,21,26,21,24,20,27,26,23,27,25,27,24,29,21,27,17,30,20,32,15,31,17,31,15,31,15,33,14,32,14,31,15,32,13,30,11,31,13,32,12,31,14,31,11,32,14,32,11,34,12,33,10,33,10,33,7,36,9,34,6,35,6,37,5,37,5,37,3,41,0,40,3,39,1,40,0,41,0,0,0,0,0,0,38,8,36,10,36,10,36,12,33,10,31,10,30,10,31,15,27,13,24,14,26,12,24,11,24,14,24,14,22,13,22,11,23,12,20,13,20,14,19,11,20,11,17,12,16,11,16,10,15,12,15,14,15,13,16,10,14,14,15,11,12,12,14,12,12,12,13,10,10,13,10,14,10,11,10,12,9,13,7,13,8,10,7,10,5,10,5,10,5,11,5,10,3,11,3,10,0,9,2,10,0,8,0,6,0,7,-2,8,2,7,-1,5,-1,7,0,0,0,0,0,0,0,0,0,0]"""
1782212768589,2026-06-23T20:06:08.589,danger,fall,lmh,bed_stand_to_lie_fall,t018,"CSI_DATA,813161,1a:00:00:00:00:00,-52,11,-97,17,33,11,220413297,47,2,256,0,""[0,0,0,0,0,0,0,0,0,0,0,0,-17,-11,-18,-12,-19,-14,-17,-17,-18,-18,-17,-19,-16,-21,-14,-21,-15,-25,-12,-25,-13,-27,-13,-27,-13,-29,-12,-31,-9,-31,-9,-32,-11,-32,-7,-34,-6,-32,-7,-33,-7,-33,-5,-34,-2,-33,-4,-33,-3,-36,-2,-34,0,-34,0,-36,-2,-33,-3,-33,-1,-32,-2,-35,-2,-34,-3,-32,-4,-33,-4,-32,-3,-31,-5,-32,-6,-32,-8,-32,-6,-32,-9,-31,-7,-32,-10,-33,-6,-32,-9,-32,-9,-32,-11,-32,-11,-32,-10,-35,-10,-36,-10,-34,-8,-38,-7,-37,-11,-38,-11,-37,-8,-36,0,0,0,0,0,0,-37,6,-36,6,-33,7,-33,6,-32,6,-32,5,-31,6,-32,6,-29,5,-28,3,-26,4,-25,3,-25,6,-25,5,-25,5,-22,6,-24,7,-22,7,-20,5,-20,7,-19,7,-21,6,-18,9,-18,7,-18,6,-18,9,-16,6,-16,9,-16,7,-15,9,-14,7,-16,7,-15,8,-14,8,-12,7,-15,7,-13,7,-12,6,-12,6,-12,6,-10,5,-12,5,-12,5,-10,6,-10,5,-9,5,-9,4,-10,4,-8,2,-6,3,-7,2,-6,2,-7,1,-6,1,-8,0,-6,0,-6,0,0,0,0,0,0,0,0,0,0,0]"""
1782212768598,2026-06-23T20:06:08.598,danger,fall,lmh,bed_stand_to_lie_fall,t018,"CSI_DATA,813162,1a:00:00:00:00:00,-52,11,-97,20,33,11,220424297,47,2,256,0,""[0,0,0,0,0,0,0,0,0,0,0,0,7,-19,11,-17,13,-19,16,-18,19,-17,20,-14,20,-15,23,-13,26,-13,27,-11,27,-11,28,-9,30,-10,31,-7,34,-2,34,-1,34,-2,36,3,33,3,30,7,32,11,35,7,34,10,34,10,34,11,32,11,31,15,30,15,30,17,30,14,28,18,30,16,29,16,28,16,28,18,28,19,27,17,28,16,29,17,30,18,28,19,27,17,27,19,30,19,25,19,27,19,26,22,27,21,27,23,28,24,27,24,27,26,25,28,24,29,27,29,26,30,23,30,0,0,0,0,0,0,34,-17,34,-16,30,-17,31,-14,30,-15,30,-11,30,-11,30,-10,28,-9,27,-7,27,-7,25,-5,27,-7,26,-6,23,-6,22,-6,23,-7,23,-6,22,-4,22,-4,19,-5,20,-3,19,-3,19,-2,21,-3,19,-2,18,-2,19,-4,19,-1,16,-4,16,-2,17,-2,18,-1,17,-1,15,0,16,0,15,0,15,0,15,0,13,1,13,2,11,1,13,3,12,2,11,3,9,3,9,3,10,3,7,3,7,3,7,4,7,3,7,3,6,5,5,3,4,3,3,5,0,0,0,0,0,0,0,0,0,0]"""
1782212768609,2026-06-23T20:06:08.609,danger,fall,lmh,bed_stand_to_lie_fall,t018,"CSI_DATA,813163,1a:00:00:00:00:00,-52,11,-97,16,33,11,220435297,47,2,256,0,""[0,0,0,0,0,0,0,0,0,0,0,0,-20,3,-22,0,-22,0,-24,0,-23,-2,-25,-4,-24,-4,-26,-6,-27,-7,-27,-8,-27,-10,-28,-10,-30,-11,-29,-13,-27,-16,-27,-14,-30,-16,-28,-18,-28,-18,-26,-21,-26,-24,-28,-21,-26,-20,-27,-22,-28,-23,-27,-20,-24,-21,-26,-23,-25,-22,-27,-21,-23,-20,-27,-22,-27,-20,-25,-18,-27,-18,-28,-17,-25,-16,-28,-16,-28,-16,-30,-16,-29,-17,-29,-14,-30,-15,-31,-14,-31,-14,-30,-14,-32,-14,-32,-12,-32,-12,-34,-14,-34,-12,-32,-11,-34,-15,-33,-14,-37,-14,-36,-15,-34,-13,0,0,0,0,0,0,-17,34,-16,31,-13,33,-15,31,-12,27,-14,30,-11,29,-13,29,-13,26,-12,25,-10,25,-9,24,-8,25,-8,23,-8,24,-6,23,-7,24,-5,21,-7,23,-3,21,-1,22,-4,20,-2,20,-2,19,-2,19,-1,19,-1,17,0,18,0,18,0,16,0,17,0,17,0,17,0,16,0,13,0,16,0,15,0,15,0,15,0,13,0,11,0,13,0,14,0,12,0,11,0,10,0,10,0,9,0,9,0,8,0,8,-1,8,-1,7,0,8,0,6,-1,6,-1,6,0,0,0,0,0,0,0,0,0,0]"""
1782212768619,2026-06-23T20:06:08.619,danger,fall,lmh,bed_stand_to_lie_fall,t018,"CSI_DATA,813164,1a:00:00:00:00:00,-52,11,-97,19,33,11,220446297,47,2,256,0,""[0,0,0,0,0,0,0,0,0,0,0,0,21,-4,22,-2,22,-3,26,0,24,0,25,2,25,2,26,5,29,4,28,7,30,8,28,8,31,8,31,11,31,14,31,13,33,13,30,17,28,17,29,15,29,16,31,17,28,20,30,18,30,21,28,17,27,18,30,20,27,19,29,17,27,18,30,19,28,17,28,16,29,15,30,14,28,13,31,13,31,13,31,12,31,12,31,8,32,10,34,8,32,8,31,8,33,8,34,7,35,8,35,8,35,8,37,7,37,8,35,8,38,8,39,8,36,7,0,0,0,0,0,0,9,-35,9,-35,5,-35,8,-32,7,-31,8,-31,5,-31,7,-33,5,-28,5,-28,5,-26,4,-26,2,-28,3,-26,2,-26,0,-24,0,-26,0,-22,1,-22,0,-21,-3,-22,-1,-22,-2,-20,-1,-19,-1,-19,-2,-19,-4,-18,-3,-17,-2,-18,-4,-17,-3,-15,-4,-16,-3,-16,-5,-15,-4,-13,-4,-17,-4,-15,-4,-13,-4,-14,-4,-13,-3,-12,-4,-12,-4,-11,-2,-12,-1,-11,-3,-10,-3,-9,-2,-9,-2,-9,-1,-9,-2,-8,0,-6,0,-7,-1,-7,0,-6,-1,-6,0,-7,0,0,0,0,0,0,0,0,0,0]"""
1782212768632,2026-06-23T20:06:08.632,danger,fall,lmh,bed_stand_to_lie_fall,t018,"CSI_DATA,813165,1a:00:00:00:00:00,-52,11,-97,14,34,11,220458040,47,2,256,0,""[0,0,0,0,0,0,0,0,0,0,0,0,-20,6,-21,4,-22,3,-24,0,-24,0,-25,-5,-26,-4,-25,-8,-26,-10,-26,-11,-27,-14,-25,-15,-26,-18,-25,-20,-21,-23,-21,-26,-21,-26,-18,-30,-15,-28,-15,-29,-12,-28,-13,-31,-10,-31,-10,-32,-8,-35,-7,-33,-4,-34,-3,-33,-2,-35,-3,-32,0,-33,0,-34,0,-34,1,-32,0,-32,1,-32,2,-31,2,-32,2,-31,3,-33,4,-31,3,-33,6,-32,4,-34,7,-31,8,-32,8,-34,7,-32,10,-33,11,-33,13,-34,13,-34,17,-34,19,-34,17,-33,18,-32,19,-31,0,0,0,0,0,0,-25,-25,-26,-26,-25,-23,-21,-26,-21,-26,-18,-25,-18,-26,-15,-26,-15,-26,-13,-24,-14,-24,-11,-23,-12,-24,-10,-23,-9,-23,-10,-21,-10,-21,-10,-20,-7,-21,-7,-21,-8,-18,-5,-21,-6,-17,-5,-18,-4,-19,-5,-18,-6,-17,-5,-17,-3,-16,-5,-17,-2,-17,-3,-16,0,-16,-1,-15,0,-15,-1,-15,0,-15,0,-14,0,-14,2,-14,3,-11,2,-13,3,-12,2,-10,3,-10,3,-10,3,-9,3,-9,5,-7,5,-7,5,-5,5,-6,4,-5,6,-5,4,-4,5,-5,5,-4,0,0,0,0,0,0,0,0,0,0]"""
1782212768643,2026-06-23T20:06:08.643,danger,fall,lmh,bed_stand_to_lie_fall,t018,"CSI_DATA,813166,1a:00:00:00:00:00,-52,11,-97,13,34,11,220468296,47,2,256,0,""[0,0,0,0,0,0,0,0,0,0,0,0,10,-17,12,-16,12,-18,15,-17,16,-17,18,-17,18,-17,19,-15,23,-18,22,-18,24,-17,25,-17,25,-18,26,-16,29,-14,29,-14,29,-16,32,-13,29,-13,31,-12,33,-11,32,-13,32,-12,32,-12,32,-12,31,-13,32,-11,32,-12,31,-11,31,-13,30,-11,32,-13,29,-14,28,-14,29,-17,28,-16,25,-15,26,-18,26,-19,25,-20,27,-19,24,-22,25,-21,25,-23,25,-22,23,-23,24,-24,23,-24,22,-25,25,-27,24,-26,23,-28,25,-29,25,-25,25,-31,25,-28,22,-28,0,0,0,0,0,0,-27,-25,-27,-22,-27,-20,-25,-22,-25,-19,-24,-20,-23,-19,-25,-19,-22,-18,-22,-18,-21,-14,-21,-16,-23,-12,-21,-13,-21,-12,-20,-10,-21,-10,-19,-9,-19,-10,-19,-6,-20,-6,-20,-7,-19,-5,-18,-5,-18,-5,-19,-4,-18,-4,-19,-2,-17,-3,-18,-1,-17,-2,-18,-2,-15,-1,-15,0,-15,0,-14,-1,-15,0,-13,0,-13,0,-13,0,-12,0,-12,0,-12,0,-11,0,-10,0,-10,0,-10,0,-9,0,-8,0,-8,0,-7,0,-8,0,-7,0,-7,-1,-6,0,-6,-1,-5,0,0,0,0,0,0,0,0,0,0,0]"""
1782212768654,2026-06-23T20:06:08.654,danger,fall,lmh,bed_stand_to_lie_fall,t018,"CSI_DATA,813167,1a:00:00:00:00:00,-52,11,-97,14,34,11,220479296,47,2,256,0,""[0,0,0,0,0,0,0,0,0,0,0,0,19,9,17,10,18,12,18,15,17,16,17,19,14,21,13,21,15,25,13,26,12,26,12,26,12,29,10,30,7,32,6,32,9,33,4,35,3,32,0,34,0,32,0,35,-2,35,-1,34,-3,35,-3,32,-6,33,-5,35,-6,34,-4,31,-6,31,-5,33,-7,32,-6,31,-6,31,-6,33,-6,31,-5,31,-7,33,-5,32,-7,32,-4,32,-5,33,-5,34,-5,33,-5,32,-6,35,-5,33,-6,34,-7,36,-6,35,-7,36,-10,36,-11,35,-8,37,-10,36,-10,35,0,0,0,0,0,0,32,15,31,16,31,13,29,15,29,16,27,16,26,15,29,14,26,15,23,15,22,14,20,14,24,14,21,13,21,14,21,12,21,10,19,10,19,12,19,10,20,10,19,11,16,7,16,10,15,10,17,9,17,10,16,7,15,8,15,8,15,8,15,9,14,8,14,7,13,8,14,8,13,8,12,8,13,8,10,8,10,7,9,7,9,8,10,7,9,7,8,7,7,7,6,6,5,7,5,6,5,7,5,5,4,6,2,5,3,6,2,6,2,5,0,0,0,0,0,0,0,0,0,0]"""
1782212768664,2026-06-23T20:06:08.664,danger,fall,lmh,bed_stand_to_lie_fall,t018,"CSI_DATA,813168,1a:00:00:00:00:00,-52,11,-97,14,34,11,220490296,47,2,256,0,""[0,0,0,0,0,0,0,0,0,0,0,0,-21,-1,-21,-3,-22,-5,-22,-7,-22,-9,-21,-11,-22,-13,-21,-15,-24,-16,-23,-17,-21,-21,-21,-21,-22,-22,-21,-24,-19,-26,-18,-26,-20,-27,-16,-31,-15,-28,-14,-29,-10,-30,-14,-31,-10,-31,-11,-33,-10,-34,-11,-31,-7,-33,-8,-33,-8,-32,-9,-32,-5,-31,-9,-33,-7,-31,-6,-31,-9,-32,-8,-31,-6,-30,-9,-29,-7,-31,-9,-31,-8,-32,-10,-30,-9,-31,-10,-33,-8,-31,-9,-31,-9,-32,-8,-32,-9,-33,-8,-36,-10,-35,-8,-34,-7,-37,-5,-38,-9,-37,-8,-36,-7,-38,0,0,0,0,0,0,-37,2,-36,1,-35,1,-34,0,-34,0,-31,-1,-31,1,-31,-1,-29,0,-28,-1,-26,-1,-26,-2,-26,0,-25,-1,-24,-1,-23,0,-24,1,-21,0,-21,-1,-21,0,-21,2,-20,0,-18,0,-20,0,-18,1,-19,1,-18,0,-17,2,-17,0,-16,0,-17,0,-17,0,-15,1,-15,0,-14,0,-15,0,-14,0,-15,0,-14,0,-13,0,-12,0,-12,0,-12,-1,-12,0,-10,-1,-10,-1,-10,0,-10,0,-8,-3,-8,-1,-7,-2,-6,-1,-6,-2,-6,-3,-5,-3,-5,-2,-5,-3,0,0,0,0,0,0,0,0,0,0]"""
1782212768673,2026-06-23T20:06:08.673,danger,fall,lmh,bed_stand_to_lie_fall,t018,"CSI_DATA,813169,1a:00:00:00:00:00,-52,11,-97,19,33,11,220501296,47,2,256,0,""[0,0,0,0,0,0,0,0,0,0,0,0,20,0,22,1,22,3,24,5,22,6,23,11,23,9,23,11,25,13,24,16,25,18,23,17,24,18,23,21,21,23,21,25,23,26,19,27,20,27,18,26,15,28,18,29,15,30,16,30,14,33,16,31,12,31,13,32,12,31,13,31,11,30,13,32,13,31,13,30,13,31,13,30,12,28,13,29,13,31,14,28,15,31,15,28,16,30,15,31,13,31,14,29,15,31,16,30,15,30,15,33,15,32,16,32,14,34,13,34,16,35,15,34,15,34,0,0,0,0,0,0,36,-11,34,-8,34,-11,31,-8,31,-8,31,-5,30,-8,32,-7,28,-6,28,-4,26,-5,24,-4,26,-5,24,-5,24,-5,22,-5,24,-8,22,-5,22,-5,20,-4,21,-6,20,-5,19,-6,18,-5,18,-6,18,-5,17,-4,17,-6,17,-6,15,-6,15,-4,17,-4,15,-4,15,-7,12,-4,16,-4,15,-4,13,-4,13,-5,13,-3,12,-2,12,-3,13,-3,11,-2,11,-1,10,-2,9,0,8,-2,8,-1,7,0,8,0,7,0,7,0,6,0,6,0,6,0,6,1,0,0,0,0,0,0,0,0,0,0]"""
1782212768686,2026-06-23T20:06:08.686,danger,fall,lmh,bed_stand_to_lie_fall,t018,"CSI_DATA,813170,1a:00:00:00:00:00,-52,11,-97,18,33,11,220512296,47,2,256,0,""[0,0,0,0,0,0,0,0,0,0,0,0,5,19,3,21,1,22,0,25,-3,24,-5,24,-7,25,-10,24,-11,26,-13,25,-16,25,-17,25,-18,26,-21,23,-26,20,-26,18,-27,21,-29,16,-29,15,-33,13,-33,12,-33,10,-32,9,-32,8,-36,7,-32,7,-34,1,-34,2,-32,0,-32,0,-31,-1,-34,-1,-33,-2,-33,-2,-32,-3,-32,-4,-30,-4,-31,-3,-32,-4,-32,-4,-31,-5,-31,-5,-31,-7,-33,-6,-31,-8,-31,-9,-31,-10,-31,-10,-32,-13,-33,-14,-33,-13,-33,-14,-33,-19,-30,-19,-31,-18,-33,-21,-30,-21,0,0,0,0,0,0,-27,25,-26,24,-25,24,-27,19,-26,20,-26,17,-25,16,-27,16,-25,15,-26,11,-23,11,-23,11,-25,10,-22,10,-22,9,-19,8,-21,10,-21,8,-21,7,-19,7,-20,7,-18,4,-18,5,-19,5,-18,4,-19,3,-16,3,-17,5,-17,4,-16,4,-16,2,-15,2,-15,1,-15,2,-15,0,-15,0,-15,0,-14,0,-14,-1,-13,-2,-13,0,-11,-1,-13,-2,-12,-2,-11,-3,-9,-2,-9,-4,-9,-4,-7,-3,-7,-5,-6,-5,-6,-4,-5,-6,-4,-4,-5,-5,-4,-5,-3,-5,0,0,0,0,0,0,0,0,0,0]"""
1782212768696,2026-06-23T20:06:08.696,danger,fall,lmh,bed_stand_to_lie_fall,t018,"CSI_DATA,813171,1a:00:00:00:00:00,-52,11,-97,17,33,11,220523296,47,2,256,0,""[0,0,0,0,0,0,0,0,0,0,0,0,-9,-18,-6,-19,-5,-23,-3,-22,0,-25,0,-23,2,-24,4,-26,6,-27,8,-26,10,-27,12,-26,14,-28,16,-27,21,-25,21,-25,20,-24,25,-23,23,-20,28,-18,31,-18,30,-18,31,-16,31,-16,32,-13,31,-14,32,-9,32,-9,33,-8,32,-8,31,-7,33,-6,33,-5,32,-4,33,-5,31,-4,31,-3,33,-4,32,-2,34,-4,31,-1,32,-3,33,0,33,-2,32,0,33,0,33,0,33,0,35,2,37,3,33,4,35,4,37,7,35,8,37,8,36,10,35,12,0,0,0,0,0,0,19,-31,19,-32,18,-29,18,-28,18,-27,18,-23,19,-25,20,-23,19,-22,18,-19,18,-19,19,-18,19,-19,19,-18,19,-15,16,-15,17,-17,17,-15,18,-12,17,-13,14,-14,17,-12,13,-12,16,-10,16,-11,16,-10,15,-11,14,-10,15,-10,14,-8,12,-7,12,-8,16,-7,13,-7,12,-6,13,-4,14,-5,13,-5,14,-5,12,-3,12,-1,12,-3,12,0,12,-2,12,0,11,0,8,0,10,0,9,0,9,0,7,0,6,0,6,2,6,1,6,2,5,3,6,3,0,0,0,0,0,0,0,0,0,0]"""
1782212768706,2026-06-23T20:06:08.706,danger,fall,lmh,bed_stand_to_lie_fall,t018,"CSI_DATA,813172,1a:00:00:00:00:00,-53,11,-97,15,34,11,220534296,47,2,256,0,""[0,0,0,0,0,0,0,0,0,0,0,0,-11,18,-13,16,-14,17,-16,17,-17,16,-20,13,-20,15,-22,13,-23,13,-26,13,-27,12,-26,12,-29,13,-31,11,-31,8,-33,7,-33,10,-33,6,-31,3,-32,5,-34,4,-35,2,-35,1,-34,3,-35,0,-33,2,-34,0,-34,0,-35,0,-32,0,-33,0,-34,1,-33,0,-32,0,-33,3,-33,3,-32,1,-31,4,-31,2,-32,4,-31,4,-33,6,-33,4,-34,7,-31,4,-32,7,-33,4,-34,8,-35,6,-35,6,-33,7,-35,7,-36,5,-37,5,-37,7,-35,6,-35,7,0,0,0,0,0,0,3,37,2,36,5,34,3,32,3,32,1,31,2,31,1,31,1,30,0,27,3,26,1,26,2,26,2,25,3,24,4,23,4,23,4,21,2,22,4,22,6,21,4,20,4,18,4,19,4,18,4,17,4,18,7,17,5,17,7,15,5,16,6,15,5,16,5,13,6,13,4,14,4,13,4,13,4,14,4,13,3,13,3,12,4,11,4,11,3,11,3,8,1,9,2,10,1,8,2,8,2,8,1,8,0,6,0,8,0,6,0,5,0,6,0,0,0,0,0,0,0,0,0,0]"""
1782212768720,2026-06-23T20:06:08.720,danger,fall,lmh,bed_stand_to_lie_fall,t018,"CSI_DATA,813173,1a:00:00:00:00:00,-52,11,-97,19,33,11,220545296,47,2,256,0,""[0,0,0,0,0,0,0,0,0,0,0,0,-20,-4,-19,-5,-20,-8,-21,-12,-21,-13,-18,-15,-19,-17,-17,-18,-18,-21,-17,-23,-15,-25,-16,-26,-15,-27,-13,-29,-9,-31,-8,-32,-8,-32,-4,-34,-1,-32,-4,-32,0,-32,0,-35,4,-35,4,-34,5,-35,5,-33,8,-33,8,-34,9,-31,8,-33,11,-30,11,-32,11,-31,10,-30,10,-31,11,-31,12,-28,11,-30,13,-31,12,-31,13,-31,11,-31,14,-29,13,-31,15,-29,13,-28,16,-31,15,-31,15,-31,19,-31,20,-30,20,-30,24,-30,24,-28,23,-30,23,-29,24,-26,0,0,0,0,0,0,-21,-29,-22,-30,-21,-26,-18,-27,-17,-28,-13,-28,-16,-26,-13,-27,-13,-26,-10,-26,-11,-23,-9,-22,-11,-23,-9,-24,-8,-23,-8,-22,-9,-22,-7,-22,-6,-21,-7,-21,-8,-18,-5,-19,-7,-17,-6,-17,-5,-18,-6,-18,-5,-17,-4,-17,-4,-17,-4,-16,-4,-17,-4,-16,-3,-16,-2,-14,-3,-15,-2,-15,-1,-13,-1,-13,0,-13,0,-14,0,-13,0,-13,0,-12,1,-11,1,-12,0,-11,1,-11,0,-9,3,-8,2,-6,4,-8,2,-7,2,-7,4,-6,2,-5,3,-4,3,-4,0,0,0,0,0,0,0,0,0,0]"""
1782212768730,2026-06-23T20:06:08.730,danger,fall,lmh,bed_stand_to_lie_fall,t018,"CSI_DATA,813174,1a:00:00:00:00:00,-53,11,-97,18,33,11,220557080,47,2,256,0,""[0,0,0,0,0,0,0,0,0,0,0,0,20,0,21,0,23,0,23,2,25,5,25,5,25,5,25,6,27,9,26,8,27,10,27,9,30,10,30,12,28,15,30,15,30,14,31,16,28,15,27,18,30,21,29,17,30,17,30,17,30,18,29,15,29,17,29,17,29,17,30,15,28,15,30,15,31,14,29,14,31,13,31,10,30,10,31,7,31,9,31,6,32,7,31,3,31,5,34,3,31,4,33,1,33,1,32,0,34,0,36,1,36,0,36,0,38,0,37,0,37,-2,37,-2,37,-4,0,0,0,0,0,0,-2,-36,-1,-36,-4,-34,-2,-32,-3,-32,-2,-29,-5,-31,-4,-30,-5,-29,-4,-26,-4,-25,-5,-26,-6,-26,-6,-23,-7,-23,-7,-21,-9,-21,-9,-21,-7,-20,-9,-19,-10,-17,-10,-18,-9,-16,-10,-16,-10,-15,-10,-15,-10,-15,-12,-13,-10,-13,-12,-11,-10,-11,-10,-11,-10,-11,-10,-10,-11,-10,-10,-10,-10,-9,-10,-8,-10,-9,-10,-8,-10,-7,-10,-7,-9,-7,-8,-5,-8,-6,-9,-5,-8,-6,-8,-5,-7,-5,-6,-5,-6,-4,-5,-5,-5,-4,-5,-5,-4,-5,-4,-5,-4,-4,0,0,0,0,0,0,0,0,0,0]"""
1782212768741,2026-06-23T20:06:08.741,danger,fall,lmh,bed_stand_to_lie_fall,t018,"CSI_DATA,813175,1a:00:00:00:00:00,-53,11,-97,14,34,11,220567296,47,2,256,0,""[0,0,0,0,0,0,0,0,0,0,0,0,-15,-14,-14,-15,-13,-19,-14,-19,-13,-21,-12,-21,-11,-22,-10,-24,-12,-26,-9,-27,-7,-27,-8,-28,-8,-31,-6,-31,-4,-32,-5,-34,-5,-32,-2,-34,-2,-30,-1,-34,-1,-35,0,-35,0,-33,0,-34,0,-35,0,-33,2,-34,0,-35,0,-34,0,-31,1,-32,-1,-34,0,-32,-1,-31,-3,-34,-3,-32,-3,-30,-5,-31,-5,-32,-8,-31,-6,-31,-7,-32,-6,-33,-9,-33,-7,-30,-10,-31,-8,-33,-10,-31,-11,-33,-11,-35,-11,-34,-12,-36,-10,-37,-9,-36,-11,-36,-13,-35,-12,-35,0,0,0,0,0,0,-36,10,-36,9,-31,11,-31,7,-31,10,-30,9,-28,9,-29,10,-27,8,-26,7,-24,8,-25,8,-24,10,-22,9,-21,8,-21,9,-21,11,-19,11,-19,9,-19,11,-17,11,-18,10,-15,11,-15,11,-15,11,-15,11,-15,11,-12,12,-14,12,-13,10,-12,10,-12,11,-12,11,-10,11,-10,9,-11,10,-10,10,-10,10,-10,11,-9,8,-9,9,-8,7,-8,8,-7,9,-7,8,-6,7,-6,6,-7,8,-6,5,-5,4,-5,6,-5,5,-5,5,-5,2,-5,4,-5,3,-4,2,0,0,0,0,0,0,0,0,0,0]"""
1782212768751,2026-06-23T20:06:08.751,danger,fall,lmh,bed_stand_to_lie_fall,t018,"CSI_DATA,813176,1a:00:00:00:00:00,-52,11,-97,18,33,11,220578296,47,2,256,0,""[0,0,0,0,0,0,0,0,0,0,0,0,11,-17,13,-15,15,-15,17,-15,20,-14,21,-12,21,-11,24,-10,26,-10,27,-7,29,-6,28,-5,32,-5,31,-3,31,0,32,1,34,0,33,5,32,5,31,9,31,11,32,9,31,12,32,12,33,14,31,13,29,15,31,15,30,16,30,15,26,17,30,17,28,15,27,15,28,17,28,16,25,15,27,17,28,18,28,15,26,16,27,15,26,19,29,17,27,17,28,16,26,19,28,16,27,19,29,21,28,21,27,21,26,24,26,25,28,25,28,25,28,26,0,0,0,0,0,0,29,-21,31,-21,28,-21,26,-17,27,-18,26,-14,27,-15,26,-14,24,-12,24,-11,23,-11,23,-10,22,-11,23,-12,22,-10,21,-10,21,-10,19,-10,19,-9,19,-9,17,-10,18,-7,16,-8,18,-8,19,-8,15,-8,15,-7,15,-8,15,-6,15,-6,14,-5,15,-6,15,-5,15,-6,13,-5,15,-5,15,-5,12,-4,13,-4,12,-4,12,-3,11,-2,12,-2,11,-1,11,0,10,-1,10,0,9,0,8,0,8,0,7,1,7,0,7,0,7,1,6,3,5,0,5,3,0,0,0,0,0,0,0,0,0,0]"""
1782212768762,2026-06-23T20:06:08.762,danger,fall,lmh,bed_stand_to_lie_fall,t018,"CSI_DATA,813177,1a:00:00:00:00:00,-53,11,-97,19,33,11,220589296,47,2,256,0,""[0,0,0,0,0,0,0,0,0,0,0,0,-1,21,-4,21,-4,22,-8,22,-10,22,-12,22,-13,22,-15,22,-17,23,-19,22,-20,21,-21,20,-24,20,-26,17,-27,16,-28,16,-29,18,-32,13,-31,12,-31,9,-32,8,-33,10,-33,6,-34,8,-36,5,-33,6,-32,2,-35,3,-33,1,-34,4,-31,1,-35,2,-34,0,-31,2,-33,1,-33,1,-31,1,-32,0,-32,1,-32,3,-32,0,-32,3,-32,1,-34,3,-34,0,-32,1,-34,0,-33,2,-34,1,-36,-1,-38,0,-35,0,-37,-2,-35,-5,-38,-3,-39,-4,-36,-4,0,0,0,0,0,0,-9,36,-10,35,-8,33,-10,31,-9,31,-13,29,-9,29,-13,29,-12,26,-11,26,-8,25,-10,23,-10,25,-9,23,-9,22,-8,22,-8,22,-8,21,-9,18,-8,19,-7,21,-8,19,-7,18,-7,17,-8,17,-7,18,-8,17,-7,16,-7,17,-4,16,-7,15,-6,16,-7,14,-7,14,-6,13,-7,13,-6,13,-6,12,-8,12,-7,10,-6,10,-6,10,-8,9,-6,9,-8,8,-5,8,-6,8,-6,8,-6,7,-6,4,-6,4,-4,4,-4,4,-5,2,-4,3,-4,3,-5,3,0,0,0,0,0,0,0,0,0,0]"""
1782212768774,2026-06-23T20:06:08.774,danger,fall,lmh,bed_stand_to_lie_fall,t018,"CSI_DATA,813178,1a:00:00:00:00:00,-53,11,-97,21,33,11,220600295,47,2,256,0,""[0,0,0,0,0,0,0,0,0,0,0,0,19,-9,19,-6,22,-7,22,-6,23,-6,24,-4,25,-3,27,-2,28,-1,27,-1,29,0,29,0,32,0,33,0,32,3,32,3,32,2,33,6,31,4,33,6,35,8,34,8,34,6,33,6,34,7,33,4,33,6,33,6,33,6,32,3,31,6,33,3,32,4,31,3,32,1,34,1,30,0,32,-1,33,-1,33,-4,32,-3,32,-6,32,-5,33,-6,31,-6,32,-6,33,-6,32,-7,33,-8,35,-7,34,-10,35,-11,37,-9,35,-8,35,-12,33,-11,36,-12,0,0,0,0,0,0,-10,-36,-10,-33,-12,-31,-10,-31,-10,-31,-10,-28,-11,-29,-10,-28,-10,-27,-10,-25,-10,-23,-9,-23,-13,-23,-12,-21,-12,-20,-13,-20,-13,-19,-13,-16,-12,-17,-13,-16,-14,-15,-14,-16,-13,-13,-13,-13,-12,-13,-13,-13,-13,-12,-14,-10,-13,-10,-13,-8,-13,-9,-13,-10,-13,-10,-13,-7,-13,-7,-13,-6,-12,-7,-10,-7,-13,-6,-12,-6,-11,-5,-12,-6,-10,-5,-10,-4,-10,-5,-10,-4,-9,-5,-8,-3,-7,-4,-6,-3,-6,-5,-5,-2,-5,-3,-6,-3,-6,-3,-4,-3,-4,-3,0,0,0,0,0,0,0,0,0,0]"""
1782212768784,2026-06-23T20:06:08.784,danger,fall,lmh,bed_stand_to_lie_fall,t018,"CSI_DATA,813179,1a:00:00:00:00:00,-53,11,-97,14,34,11,220611295,47,2,256,0,""[0,0,0,0,0,0,0,0,0,0,0,0,-10,18,-13,15,-13,17,-15,18,-16,17,-18,17,-19,16,-21,17,-22,17,-24,17,-24,17,-24,17,-26,19,-26,17,-29,14,-28,15,-29,17,-30,15,-29,14,-31,13,-32,13,-31,13,-31,14,-31,15,-32,14,-29,15,-32,12,-31,15,-30,14,-29,15,-28,14,-30,16,-28,16,-26,16,-29,18,-26,18,-26,18,-25,21,-25,21,-24,23,-25,22,-21,23,-23,25,-21,26,-21,23,-21,26,-21,26,-20,27,-20,27,-20,29,-20,29,-20,31,-22,31,-21,30,-19,31,-19,32,-17,31,0,0,0,0,0,0,31,18,31,18,29,15,28,17,28,15,27,15,26,13,27,15,26,12,26,13,24,10,22,10,25,9,22,9,23,8,22,5,23,4,22,5,21,5,21,2,20,2,21,3,19,1,19,0,18,0,18,0,18,0,17,-2,17,-2,15,-4,16,-2,18,-3,15,-2,15,-4,14,-5,14,-2,14,-3,14,-2,13,-3,13,-2,11,-4,11,-3,12,-4,9,-5,10,-3,10,-3,9,-2,8,-3,9,0,7,-2,8,-2,7,-2,6,-2,5,-1,7,-1,6,0,6,0,0,0,0,0,0,0,0,0,0,0]"""
1782212768797,2026-06-23T20:06:08.797,danger,fall,lmh,bed_stand_to_lie_fall,t018,"CSI_DATA,813180,1a:00:00:00:00:00,-53,11,-97,15,34,11,220622295,47,2,256,0,""[0,0,0,0,0,0,0,0,0,0,0,0,-8,17,-11,17,-13,18,-15,17,-18,17,-20,14,-20,13,-23,13,-25,11,-27,9,-29,7,-31,7,-31,4,-32,3,-32,-1,-33,-3,-34,-3,-33,-7,-30,-9,-32,-9,-31,-12,-31,-15,-31,-17,-30,-16,-30,-20,-27,-18,-25,-22,-26,-22,-25,-22,-23,-22,-23,-24,-22,-25,-22,-24,-20,-24,-20,-25,-20,-26,-17,-25,-19,-25,-17,-27,-19,-26,-17,-26,-17,-27,-17,-28,-17,-28,-14,-29,-15,-29,-14,-31,-14,-31,-13,-31,-12,-35,-10,-33,-10,-34,-7,-37,-5,-37,-7,-36,-4,-37,-2,-38,0,0,0,0,0,0,-35,-2,-35,-5,-33,-4,-31,-7,-32,-7,-29,-9,-29,-8,-29,-10,-26,-9,-25,-13,-25,-11,-23,-12,-23,-12,-22,-11,-20,-13,-19,-11,-20,-12,-19,-13,-17,-13,-17,-11,-17,-10,-17,-13,-14,-10,-14,-12,-13,-11,-14,-12,-13,-12,-13,-11,-13,-12,-12,-11,-10,-12,-11,-12,-10,-12,-10,-11,-8,-12,-8,-12,-8,-12,-7,-11,-6,-13,-5,-12,-5,-11,-4,-10,-3,-12,-3,-10,-3,-10,-1,-9,-2,-8,-3,-9,0,-8,0,-8,0,-7,0,-7,0,-7,0,-6,1,-5,2,-5,2,-6,0,0,0,0,0,0,0,0,0,0]"""
1782212768807,2026-06-23T20:06:08.807,danger,fall,lmh,bed_stand_to_lie_fall,t018,"CSI_DATA,813181,1a:00:00:00:00:00,-52,11,-97,18,33,11,220633712,47,2,256,0,""[0,0,0,0,0,0,0,0,0,0,0,0,-7,-19,-4,-21,-3,-21,0,-24,0,-24,5,-24,5,-24,8,-26,9,-26,11,-26,14,-25,15,-26,16,-26,19,-25,22,-23,22,-22,23,-23,27,-21,27,-19,28,-16,29,-13,30,-17,31,-13,30,-13,34,-12,31,-11,31,-8,34,-8,33,-6,31,-6,31,-5,35,-6,32,-5,31,-5,32,-5,31,-5,30,-2,31,-4,31,-2,32,-3,32,-1,31,-4,34,0,35,-1,32,0,32,0,33,0,33,0,33,1,37,2,36,3,37,4,36,7,36,8,37,7,37,8,36,11,0,0,0,0,0,0,16,-32,17,-30,15,-31,15,-26,17,-27,17,-25,17,-25,20,-24,18,-21,18,-21,17,-20,17,-17,16,-21,16,-17,17,-17,15,-17,16,-18,16,-15,16,-14,15,-15,14,-15,15,-13,13,-13,15,-11,14,-12,14,-11,13,-11,13,-12,15,-11,11,-10,12,-9,13,-10,14,-9,12,-9,12,-8,14,-6,13,-5,12,-6,13,-5,11,-5,10,-5,10,-4,11,-2,11,-3,10,-1,9,-3,8,0,9,-1,8,-1,7,0,7,0,6,0,6,0,7,2,7,0,5,0,5,2,0,0,0,0,0,0,0,0,0,0]"""
1782212768818,2026-06-23T20:06:08.818,danger,fall,lmh,bed_stand_to_lie_fall,t018,"CSI_DATA,813182,1a:00:00:00:00:00,-53,11,-97,19,33,11,220644295,47,2,256,0,""[0,0,0,0,0,0,0,0,0,0,0,0,9,19,6,19,6,22,4,22,3,25,0,24,-2,25,-5,26,-5,28,-8,28,-10,28,-12,28,-13,29,-16,28,-20,26,-22,26,-21,26,-26,24,-24,20,-26,19,-26,16,-30,17,-30,14,-31,16,-33,13,-31,13,-31,10,-33,10,-34,8,-32,9,-31,5,-33,7,-33,6,-32,2,-33,5,-32,4,-31,2,-31,4,-33,2,-32,4,-31,0,-33,3,-32,1,-34,2,-31,0,-32,0,-34,-2,-32,-2,-34,-4,-37,-4,-35,-3,-36,-4,-35,-8,-36,-9,-36,-8,-35,-9,-34,-12,0,0,0,0,0,0,-20,31,-20,30,-17,28,-19,27,-19,26,-21,22,-19,24,-21,22,-20,22,-18,18,-20,18,-19,15,-19,17,-20,16,-18,14,-17,16,-17,16,-17,14,-18,12,-17,13,-15,13,-17,11,-15,12,-16,9,-17,8,-17,8,-15,8,-15,10,-16,8,-14,8,-15,7,-15,6,-16,7,-14,7,-13,5,-13,4,-13,4,-13,3,-13,3,-12,2,-12,1,-11,1,-13,0,-12,0,-10,0,-11,0,-9,-1,-9,0,-7,0,-8,0,-7,-2,-6,-1,-8,-3,-7,-2,-5,-2,-5,-3,-5,-3,0,0,0,0,0,0,0,0,0,0]"""
1782212768832,2026-06-23T20:06:08.832,danger,fall,lmh,bed_stand_to_lie_fall,t018,"CSI_DATA,813183,1a:00:00:00:00:00,-53,11,-97,14,34,11,220657433,47,2,256,0,""[0,0,0,0,0,0,0,0,0,0,0,0,-11,16,-15,16,-15,15,-19,14,-19,13,-22,11,-24,10,-24,8,-26,8,-28,6,-29,4,-29,4,-31,3,-32,1,-32,-4,-31,-3,-34,-5,-32,-6,-31,-8,-34,-10,-32,-10,-32,-13,-29,-15,-30,-15,-31,-17,-28,-15,-26,-19,-28,-20,-26,-18,-27,-19,-24,-21,-27,-21,-25,-21,-24,-21,-25,-22,-23,-21,-22,-21,-25,-20,-23,-21,-24,-21,-23,-21,-25,-21,-24,-23,-25,-23,-23,-25,-23,-22,-22,-25,-21,-26,-22,-26,-24,-27,-22,-27,-21,-26,-21,-31,-18,-31,-21,-31,-21,-31,-18,-31,0,0,0,0,0,0,-36,12,-34,11,-33,11,-32,8,-29,8,-31,6,-28,9,-31,5,-27,5,-29,3,-26,2,-25,2,-26,2,-25,2,-24,2,-22,2,-24,3,-22,2,-21,0,-21,1,-21,2,-21,0,-21,1,-19,0,-18,0,-19,0,-16,0,-17,1,-18,0,-16,1,-15,0,-16,-1,-15,0,-16,0,-13,0,-15,-2,-14,-2,-15,-1,-14,-2,-12,-2,-11,-3,-11,-2,-11,-3,-10,-2,-10,-4,-9,-4,-9,-4,-10,-4,-6,-5,-7,-5,-6,-5,-5,-5,-5,-3,-5,-4,-5,-5,-5,-4,-3,-4,0,0,0,0,0,0,0,0,0,0]"""
1782212768842,2026-06-23T20:06:08.842,danger,fall,lmh,bed_stand_to_lie_fall,t018,"CSI_DATA,813184,1a:00:00:00:00:00,-52,11,-97,19,33,11,220666323,47,2,256,0,""[0,0,0,0,0,0,0,0,0,0,0,0,-18,-7,-17,-9,-19,-10,-18,-14,-17,-15,-17,-18,-17,-19,-15,-21,-17,-23,-13,-26,-13,-26,-12,-27,-11,-30,-9,-30,-5,-32,-5,-32,-4,-34,0,-35,0,-33,1,-31,5,-31,6,-35,8,-32,8,-34,11,-35,8,-32,12,-31,13,-31,13,-29,13,-31,15,-29,15,-30,15,-29,15,-27,16,-28,16,-29,16,-26,15,-27,17,-28,15,-29,17,-26,16,-29,17,-27,18,-30,19,-26,18,-26,21,-26,19,-27,20,-27,22,-29,22,-27,24,-26,26,-26,26,-25,27,-26,27,-25,28,-22,0,0,0,0,0,0,-17,-31,-16,-33,-17,-28,-14,-29,-14,-31,-10,-29,-11,-27,-9,-30,-9,-28,-8,-27,-7,-26,-5,-25,-7,-26,-5,-25,-4,-25,-4,-22,-5,-23,-5,-22,-3,-22,-4,-21,-6,-19,-3,-21,-2,-17,-2,-18,-2,-19,-2,-17,-1,-17,-3,-17,0,-17,-2,-17,-1,-16,-1,-16,0,-17,0,-15,0,-16,1,-14,0,-13,1,-13,1,-13,2,-14,3,-13,3,-12,1,-13,1,-10,3,-8,2,-9,4,-8,4,-8,4,-7,4,-7,5,-6,4,-6,3,-5,5,-5,3,-5,4,-4,5,-4,0,0,0,0,0,0,0,0,0,0]"""
1782212768853,2026-06-23T20:06:08.853,danger,fall,lmh,bed_stand_to_lie_fall,t018,"CSI_DATA,813185,1a:00:00:00:00:00,-53,11,-97,17,33,11,220677310,47,2,256,0,""[0,0,0,0,0,0,0,0,0,0,0,0,10,18,6,19,6,20,6,22,2,25,0,25,0,25,-3,26,-4,28,-6,28,-8,29,-8,29,-10,30,-13,29,-16,26,-19,28,-17,26,-22,26,-22,22,-25,23,-25,24,-26,22,-25,22,-27,20,-30,19,-26,19,-28,17,-29,16,-30,14,-28,14,-29,13,-31,12,-31,12,-29,12,-31,13,-28,12,-29,11,-30,12,-30,11,-31,12,-31,11,-32,12,-30,10,-33,11,-30,9,-31,10,-32,10,-32,9,-32,7,-37,8,-34,7,-35,6,-37,5,-38,4,-38,4,-37,2,-38,2,0,0,0,0,0,0,-4,36,-6,38,-3,32,-6,32,-6,32,-7,29,-6,31,-8,29,-8,27,-8,26,-9,25,-8,24,-7,25,-9,23,-9,23,-6,22,-8,24,-8,20,-8,19,-8,19,-6,19,-8,19,-7,17,-7,16,-7,17,-8,18,-7,17,-5,16,-8,16,-6,16,-8,14,-6,14,-9,14,-6,12,-7,12,-8,12,-8,12,-7,11,-7,11,-7,10,-7,10,-7,9,-8,8,-8,8,-7,6,-6,6,-7,6,-7,6,-7,5,-7,5,-6,4,-5,5,-6,1,-6,2,-6,2,-6,1,-5,0,0,0,0,0,0,0,0,0,0,0]"""
1782212768861,2026-06-23T20:06:08.861,danger,fall,lmh,bed_stand_to_lie_fall,t018,"CSI_DATA,813186,1a:00:00:00:00:00,-53,11,-97,14,34,11,220688295,47,2,256,0,""[0,0,0,0,0,0,0,0,0,0,0,0,20,4,21,6,21,8,21,10,21,10,21,14,21,14,20,15,23,17,21,18,21,21,21,21,23,22,22,22,21,25,20,26,20,25,17,28,17,28,18,27,15,26,18,29,16,29,16,30,16,31,17,27,14,29,15,31,14,29,17,28,15,29,18,29,16,29,16,27,17,26,18,26,16,25,19,26,19,26,22,24,20,26,21,23,21,26,23,25,21,25,22,24,22,25,23,22,25,23,26,26,26,25,27,25,26,27,25,26,28,26,27,26,27,24,0,0,0,0,0,0,27,-26,27,-25,23,-26,26,-21,23,-21,24,-21,21,-21,22,-21,21,-21,21,-18,18,-19,17,-18,18,-20,17,-18,15,-18,14,-17,14,-20,12,-17,12,-17,11,-17,11,-18,10,-16,9,-16,9,-16,9,-16,8,-17,7,-14,6,-16,8,-16,5,-15,6,-15,6,-15,5,-15,5,-14,5,-13,6,-15,5,-14,4,-13,5,-14,4,-11,5,-11,4,-11,5,-11,3,-10,5,-10,4,-10,4,-9,3,-9,4,-7,3,-7,4,-5,3,-6,2,-5,3,-5,3,-5,4,-6,2,-5,0,0,0,0,0,0,0,0,0,0]"""
1782212768872,2026-06-23T20:06:08.872,danger,fall,lmh,bed_stand_to_lie_fall,t018,"CSI_DATA,813187,1a:00:00:00:00:00,-53,11,-97,19,33,11,220699295,47,2,256,0,""[0,0,0,0,0,0,0,0,0,0,0,0,0,20,-3,20,-4,22,-7,23,-9,24,-12,21,-12,21,-15,21,-16,24,-18,21,-20,20,-22,21,-23,22,-26,20,-27,17,-28,17,-27,17,-31,13,-30,11,-31,8,-34,6,-34,8,-34,7,-34,7,-35,5,-33,5,-35,2,-35,2,-33,0,-33,2,-32,0,-34,0,-33,0,-33,0,-33,0,-33,0,-31,0,-31,0,-34,0,-33,1,-32,-1,-32,0,-34,-1,-34,0,-32,0,-32,0,-34,-3,-32,-1,-35,-3,-35,-4,-35,-4,-35,-4,-38,-8,-35,-7,-36,-7,-36,-8,-35,-8,0,0,0,0,0,0,-13,34,-14,33,-11,31,-13,29,-14,30,-13,26,-13,27,-16,27,-15,23,-14,22,-13,22,-13,21,-13,22,-13,20,-13,20,-13,20,-13,21,-11,19,-13,17,-12,18,-9,17,-12,17,-9,17,-10,15,-11,15,-11,15,-10,14,-8,15,-11,13,-8,13,-9,13,-10,13,-11,11,-9,13,-8,11,-9,11,-9,10,-9,10,-9,9,-8,8,-8,8,-8,8,-8,7,-8,7,-9,5,-8,7,-8,4,-7,4,-8,4,-7,4,-5,2,-5,3,-7,3,-6,1,-6,1,-5,1,-5,1,0,0,0,0,0,0,0,0,0,0]"""
1782212768885,2026-06-23T20:06:08.885,danger,fall,lmh,bed_stand_to_lie_fall,t018,"CSI_DATA,813188,1a:00:00:00:00:00,-53,11,-97,21,33,11,220710295,47,2,256,0,""[0,0,0,0,0,0,0,0,0,0,0,0,15,-13,16,-13,18,-13,19,-13,20,-12,22,-11,23,-11,23,-9,27,-10,27,-9,28,-8,28,-9,30,-8,29,-7,31,-6,32,-6,33,-6,34,-5,33,-4,35,-2,34,0,33,-3,33,-1,35,-3,35,-2,33,-3,33,0,34,0,33,-2,33,-3,32,-1,36,-3,33,-4,32,-4,33,-5,33,-6,30,-4,30,-7,31,-8,30,-10,31,-8,30,-13,30,-12,32,-13,31,-12,30,-13,32,-13,30,-13,29,-16,33,-15,31,-16,31,-17,34,-17,33,-15,32,-19,33,-17,30,-18,0,0,0,0,0,0,-13,-32,-16,-32,-17,-30,-16,-29,-16,-27,-14,-27,-15,-27,-15,-27,-15,-25,-13,-24,-14,-23,-13,-21,-16,-21,-13,-20,-14,-21,-14,-17,-15,-18,-14,-16,-13,-16,-15,-14,-17,-13,-14,-14,-14,-12,-14,-12,-13,-11,-15,-11,-13,-10,-15,-9,-15,-10,-15,-7,-13,-8,-14,-9,-14,-7,-13,-6,-13,-6,-14,-7,-12,-7,-12,-6,-13,-7,-12,-6,-12,-6,-11,-6,-11,-6,-9,-4,-7,-5,-9,-3,-9,-3,-8,-4,-8,-3,-7,-3,-6,-4,-6,-2,-5,-3,-4,-4,-5,-4,-5,-3,-5,-3,0,0,0,0,0,0,0,0,0,0]"""
1782212768894,2026-06-23T20:06:08.894,danger,fall,lmh,bed_stand_to_lie_fall,t018,"CSI_DATA,813189,1a:00:00:00:00:00,-53,11,-97,15,34,11,220721295,47,2,256,0,""[0,0,0,0,0,0,0,0,0,0,0,0,-6,20,-8,18,-10,21,-11,20,-13,20,-15,20,-16,20,-15,20,-17,22,-21,21,-21,21,-21,21,-22,22,-23,21,-25,18,-26,18,-26,21,-29,19,-28,17,-25,20,-26,17,-28,18,-30,17,-28,18,-31,17,-28,17,-30,15,-30,17,-29,17,-26,18,-27,17,-27,19,-26,19,-25,19,-25,20,-24,22,-22,21,-23,22,-22,22,-22,24,-22,23,-19,25,-21,26,-21,26,-20,25,-18,27,-20,27,-17,28,-18,30,-18,31,-18,30,-17,31,-21,32,-21,32,-17,32,-17,34,-17,32,0,0,0,0,0,0,31,19,31,19,31,15,28,16,28,15,26,16,27,13,27,14,24,13,24,13,25,11,23,10,25,8,23,9,24,8,22,6,23,5,22,7,22,6,21,3,20,2,20,4,18,0,19,1,19,1,19,0,17,1,17,-1,18,-1,16,0,16,0,17,-1,16,0,15,-2,14,-2,14,0,14,-2,13,-3,13,-2,13,0,12,-2,12,-2,12,-2,11,-4,10,-1,10,-2,9,-1,9,-2,8,0,8,-1,8,0,7,0,7,0,8,-2,5,0,5,0,5,0,0,0,0,0,0,0,0,0,0,0]"""
1782212768906,2026-06-23T20:06:08.906,danger,fall,lmh,bed_stand_to_lie_fall,t018,"CSI_DATA,813190,1a:00:00:00:00:00,-52,11,-97,17,33,11,220732295,47,2,256,0,""[0,0,0,0,0,0,0,0,0,0,0,0,-6,-19,-5,-19,-5,-20,-3,-24,-2,-24,0,-25,0,-26,0,-25,0,-28,1,-30,1,-30,3,-29,2,-31,2,-31,6,-30,7,-32,6,-33,7,-33,9,-31,8,-33,7,-32,9,-33,11,-31,8,-32,12,-32,8,-32,10,-32,10,-33,10,-31,6,-32,7,-31,6,-33,6,-32,5,-32,5,-33,2,-31,2,-32,0,-32,1,-32,0,-32,-1,-32,-3,-32,-2,-32,-5,-35,-2,-32,-6,-31,-5,-34,-7,-32,-7,-32,-8,-36,-7,-36,-8,-34,-8,-37,-6,-37,-10,-37,-11,-36,-11,-36,0,0,0,0,0,0,-35,11,-34,9,-31,13,-30,10,-31,11,-29,10,-28,10,-29,10,-26,11,-25,8,-25,10,-23,9,-22,12,-22,11,-21,12,-19,12,-19,12,-19,12,-19,12,-17,12,-14,14,-16,12,-12,13,-14,13,-12,12,-11,14,-11,12,-11,15,-11,13,-9,13,-10,13,-10,12,-9,14,-6,13,-7,12,-9,13,-6,12,-6,12,-6,12,-6,12,-6,11,-5,10,-6,11,-4,10,-5,9,-4,8,-4,9,-4,9,-4,7,-3,6,-4,7,-4,6,-2,6,-2,7,-4,6,-2,5,-4,4,0,0,0,0,0,0,0,0,0,0]"""
1782212768917,2026-06-23T20:06:08.917,danger,fall,lmh,bed_stand_to_lie_fall,t018,"CSI_DATA,813191,1a:00:00:00:00:00,-53,11,-97,14,34,11,220743313,47,2,256,0,""[0,0,0,0,0,0,0,0,0,0,0,0,-19,-7,-19,-9,-19,-10,-20,-14,-18,-14,-17,-17,-16,-20,-15,-21,-19,-22,-14,-23,-15,-25,-13,-26,-15,-28,-12,-29,-10,-31,-10,-31,-10,-32,-6,-32,-5,-32,-5,-31,-2,-31,-4,-36,0,-33,-1,-34,0,-35,0,-33,1,-33,3,-35,0,-32,0,-33,3,-32,1,-35,2,-33,1,-31,2,-32,1,-32,2,-31,0,-31,1,-32,0,-31,1,-32,-2,-31,0,-32,-1,-33,0,-33,0,-33,0,-33,0,-34,0,-34,0,-35,0,-34,0,-37,3,-37,3,-36,1,-39,3,-37,2,-37,0,0,0,0,0,0,-35,-7,-34,-8,-34,-6,-32,-9,-31,-7,-31,-9,-30,-6,-31,-8,-26,-7,-26,-9,-26,-8,-24,-7,-26,-6,-23,-6,-24,-6,-21,-5,-23,-5,-21,-5,-21,-6,-21,-5,-21,-3,-20,-5,-18,-4,-19,-4,-17,-5,-18,-3,-17,-4,-18,-2,-17,-2,-16,-2,-16,-4,-16,-4,-15,-2,-15,-2,-13,-4,-15,-3,-14,-3,-14,-3,-13,-2,-11,-4,-11,-4,-11,-4,-11,-4,-10,-4,-10,-3,-8,-3,-8,-5,-9,-2,-7,-3,-5,-4,-7,-3,-5,-3,-7,-5,-5,-4,-5,-4,-4,-3,-4,-3,0,0,0,0,0,0,0,0,0,0]"""
1782212768927,2026-06-23T20:06:08.927,danger,fall,lmh,bed_stand_to_lie_fall,t018,"CSI_DATA,813192,1a:00:00:00:00:00,-53,11,-97,16,34,11,220754294,47,2,256,0,""[0,0,0,0,0,0,0,0,0,0,0,0,-1,20,-4,20,-5,22,-7,23,-9,21,-11,22,-12,21,-14,21,-16,23,-17,21,-19,22,-19,23,-21,23,-23,22,-27,19,-25,18,-27,19,-30,17,-28,16,-30,15,-30,14,-33,14,-31,12,-31,12,-34,11,-29,11,-31,9,-32,8,-31,9,-30,11,-30,7,-33,10,-31,7,-30,9,-32,11,-30,10,-29,10,-30,11,-30,9,-30,13,-31,10,-28,12,-32,11,-31,13,-31,12,-30,12,-32,11,-30,11,-31,10,-34,12,-32,12,-32,13,-37,11,-34,11,-35,12,-35,11,-35,10,0,0,0,0,0,0,4,35,5,34,7,33,4,32,5,30,3,31,5,29,4,30,3,29,3,28,3,27,3,26,3,26,3,24,3,25,4,22,3,23,3,22,2,21,5,20,6,20,4,21,4,19,4,18,3,18,3,18,3,17,4,16,4,18,5,15,3,16,5,16,3,15,4,15,3,14,3,15,3,15,2,13,3,13,3,12,3,12,2,12,1,11,2,11,0,10,1,10,0,10,0,10,0,10,0,7,0,7,0,8,0,6,-1,7,0,7,0,6,-1,7,0,0,0,0,0,0,0,0,0,0]"""
1782212768939,2026-06-23T20:06:08.939,danger,fall,lmh,bed_stand_to_lie_fall,t018,"CSI_DATA,813193,1a:00:00:00:00:00,-53,11,-97,15,34,11,220765877,47,2,256,0,""[0,0,0,0,0,0,0,0,0,0,0,0,13,-14,15,-15,17,-14,18,-14,20,-13,22,-12,22,-11,24,-10,26,-11,27,-10,29,-9,28,-9,30,-9,31,-7,31,-4,33,-5,34,-5,34,-1,32,-1,32,-3,33,0,35,0,33,0,33,0,35,1,33,0,33,2,34,2,32,2,33,0,31,2,35,0,33,1,32,1,33,0,31,-1,31,-1,31,-4,32,-3,31,-5,32,-3,31,-7,32,-6,33,-7,33,-5,32,-6,32,-7,33,-8,33,-7,35,-7,35,-9,34,-10,38,-7,36,-6,37,-9,36,-8,37,-10,0,0,0,0,0,0,-5,-36,-6,-35,-8,-33,-4,-32,-6,-32,-4,-31,-6,-30,-6,-31,-5,-27,-6,-27,-6,-26,-4,-24,-7,-25,-5,-24,-7,-24,-7,-21,-8,-22,-7,-20,-5,-20,-7,-17,-9,-19,-8,-19,-8,-17,-8,-17,-7,-16,-8,-16,-8,-16,-10,-15,-8,-15,-8,-13,-8,-13,-8,-13,-8,-13,-9,-12,-8,-12,-8,-14,-7,-13,-7,-12,-7,-12,-7,-10,-6,-9,-7,-9,-4,-10,-5,-10,-5,-8,-5,-8,-5,-8,-5,-8,-4,-7,-4,-8,-4,-7,-3,-7,-3,-5,-3,-6,-1,-6,-1,-4,-1,-5,0,0,0,0,0,0,0,0,0,0]"""
1782212768948,2026-06-23T20:06:08.948,danger,fall,lmh,bed_stand_to_lie_fall,t018,"CSI_DATA,813194,1a:00:00:00:00:00,-53,11,-97,19,33,11,220776307,47,2,256,0,""[0,0,0,0,0,0,0,0,0,0,0,0,13,-16,15,-15,15,-15,19,-15,19,-15,22,-13,21,-13,22,-10,26,-10,25,-9,29,-9,29,-9,30,-9,31,-8,32,-4,31,-4,34,-5,35,-3,32,0,33,0,35,0,35,1,34,3,35,1,35,3,34,2,33,4,34,4,34,4,32,3,31,4,35,4,34,4,32,4,33,3,31,2,31,2,33,0,32,1,32,0,32,0,32,0,33,0,35,-1,34,0,32,0,33,0,33,-3,33,-1,37,0,35,-3,35,-3,36,0,36,0,38,-1,38,0,38,0,0,0,0,0,0,0,4,-35,3,-34,1,-35,2,-32,2,-31,4,-31,3,-30,4,-32,2,-29,3,-29,2,-27,2,-25,2,-26,3,-25,1,-24,0,-23,0,-23,0,-22,2,-22,0,-20,-2,-22,0,-19,0,-18,0,-19,0,-19,0,-19,-2,-17,-3,-17,-2,-17,-4,-16,-2,-15,-2,-16,-1,-17,-2,-15,-3,-15,-1,-16,-2,-14,-1,-13,-1,-13,0,-12,-2,-13,-1,-12,0,-13,-1,-11,0,-10,0,-10,0,-9,0,-9,0,-10,0,-8,0,-7,0,-7,1,-8,1,-6,0,-7,1,-5,0,-5,0,0,0,0,0,0,0,0,0,0]"""
1782212768960,2026-06-23T20:06:08.960,danger,fall,lmh,bed_stand_to_lie_fall,t018,"CSI_DATA,813195,1a:00:00:00:00:00,-52,11,-97,15,34,11,220788731,47,2,256,0,""[0,0,0,0,0,0,0,0,0,0,0,0,7,-19,10,-18,11,-18,16,-18,17,-18,19,-15,20,-15,24,-13,25,-13,26,-9,28,-9,28,-8,31,-7,29,-5,33,0,33,0,34,-1,33,4,31,7,32,8,31,9,34,13,31,14,31,14,30,17,30,16,26,19,29,19,27,21,26,18,25,19,26,22,25,21,22,21,24,23,24,23,22,22,22,22,22,23,22,22,21,25,22,23,20,25,23,26,19,26,20,25,18,27,18,27,18,28,18,33,17,31,17,31,13,35,12,34,15,35,14,36,12,35,0,0,0,0,0,0,36,-4,35,-2,33,-4,33,0,33,0,30,1,32,1,31,4,29,5,27,6,26,5,25,6,26,5,25,6,22,6,22,6,24,5,21,6,20,8,20,8,20,4,18,8,17,5,17,7,17,7,16,8,16,8,17,6,17,7,14,6,14,8,14,8,14,8,13,8,11,8,12,8,11,8,11,10,9,10,8,9,8,8,8,8,7,10,7,7,7,9,4,8,4,8,6,8,4,8,2,8,0,8,1,6,2,7,0,6,0,7,0,5,0,4,0,0,0,0,0,0,0,0,0,0]"""
1782212768974,2026-06-23T20:06:08.974,danger,fall,lmh,bed_stand_to_lie_fall,t018,"CSI_DATA,813196,1a:00:00:00:00:00,-53,11,-97,18,33,11,220800474,47,2,256,0,""[0,0,0,0,0,0,0,0,0,0,0,0,-8,-18,-5,-20,-5,-21,-3,-24,0,-23,0,-24,2,-25,5,-26,5,-27,7,-26,10,-28,10,-27,10,-30,14,-28,17,-26,16,-26,18,-28,21,-26,23,-23,23,-23,24,-21,27,-23,26,-21,28,-20,30,-20,26,-20,27,-16,30,-18,29,-15,28,-16,27,-14,31,-16,29,-13,29,-13,31,-14,27,-15,27,-12,28,-16,30,-12,28,-15,29,-13,27,-15,29,-13,31,-15,31,-13,30,-12,31,-14,29,-13,32,-11,35,-12,34,-13,32,-12,36,-10,34,-7,36,-10,37,-8,37,-7,0,0,0,0,0,0,-1,-38,-1,-35,-1,-34,0,-32,0,-31,1,-31,0,-30,2,-31,1,-30,2,-29,3,-26,3,-24,2,-26,4,-25,4,-25,3,-21,1,-24,3,-22,5,-22,2,-20,1,-21,3,-20,2,-19,3,-18,4,-19,2,-17,2,-18,0,-18,3,-18,1,-16,3,-15,3,-15,4,-15,2,-16,3,-14,5,-15,4,-15,4,-14,4,-13,4,-12,4,-12,5,-11,5,-10,5,-10,5,-9,4,-8,5,-8,5,-8,7,-8,4,-6,5,-6,5,-5,5,-5,5,-5,5,-4,5,-4,5,-4,0,0,0,0,0,0,0,0,0,0]"""
1782212768983,2026-06-23T20:06:08.983,danger,fall,lmh,bed_stand_to_lie_fall,t018,"CSI_DATA,813197,1a:00:00:00:00:00,-53,11,-97,14,34,11,220809294,47,2,256,0,""[0,0,0,0,0,0,0,0,0,0,0,0,0,21,-2,20,-3,21,-5,23,-6,23,-8,24,-10,24,-10,22,-12,25,-13,25,-15,24,-15,25,-17,26,-19,26,-22,24,-21,25,-21,26,-25,23,-24,24,-24,21,-26,19,-26,24,-26,20,-27,21,-28,22,-24,22,-26,20,-26,20,-26,19,-24,21,-26,19,-26,23,-25,21,-24,21,-25,22,-23,22,-21,21,-21,24,-21,23,-21,25,-22,23,-19,26,-20,26,-20,26,-21,26,-20,26,-20,26,-19,27,-19,27,-21,31,-19,31,-19,31,-21,31,-21,29,-21,32,-20,32,-20,31,0,0,0,0,0,0,28,24,27,22,28,19,26,21,25,19,24,21,23,17,26,18,23,17,22,16,21,15,21,15,23,14,20,13,20,14,21,10,21,11,19,10,20,10,20,9,20,7,19,9,17,6,18,8,17,7,17,7,16,5,17,4,17,5,16,3,15,5,15,4,15,4,14,3,15,4,15,3,14,4,13,2,14,1,12,3,12,3,13,3,12,2,10,2,9,2,10,1,10,2,9,2,8,2,7,3,8,3,7,1,6,2,5,3,5,1,6,2,5,3,0,0,0,0,0,0,0,0,0,0]"""
1782212768994,2026-06-23T20:06:08.994,danger,fall,lmh,bed_stand_to_lie_fall,t018,"CSI_DATA,813198,1a:00:00:00:00:00,-52,11,-97,14,34,11,220820294,47,2,256,0,""[0,0,0,0,0,0,0,0,0,0,0,0,-7,-19,-6,-20,-5,-22,-5,-24,-4,-24,0,-23,0,-26,0,-26,0,-28,1,-29,2,-30,2,-30,3,-31,5,-31,8,-30,9,-31,7,-33,10,-32,10,-30,10,-30,11,-29,12,-31,13,-31,12,-32,15,-32,12,-32,15,-31,14,-31,14,-30,11,-30,12,-30,11,-31,10,-31,11,-30,10,-31,9,-31,9,-30,7,-31,8,-31,6,-32,6,-31,4,-32,5,-32,3,-35,4,-32,3,-33,3,-33,2,-33,2,-35,2,-37,1,-35,1,-37,2,-37,4,-36,1,-37,0,-37,0,-36,0,0,0,0,0,0,-37,-3,-36,-3,-33,0,-33,-3,-34,-1,-29,-3,-31,-1,-31,-1,-29,-1,-26,-2,-26,0,-26,0,-26,0,-26,0,-24,0,-22,1,-23,2,-23,4,-22,1,-21,3,-21,5,-21,4,-17,5,-19,5,-18,5,-19,5,-17,5,-15,6,-17,5,-15,6,-15,6,-15,5,-15,6,-13,6,-13,5,-15,5,-14,5,-13,5,-13,5,-12,4,-11,5,-11,5,-11,5,-10,5,-9,5,-9,4,-9,3,-8,5,-7,2,-7,2,-8,2,-7,1,-7,3,-6,2,-6,3,-5,0,-5,0,0,0,0,0,0,0,0,0,0,0]"""
1782212769004,2026-06-23T20:06:09.004,danger,fall,lmh,bed_stand_to_lie_fall,t018,"CSI_DATA,813199,1a:00:00:00:00:00,-52,11,-97,18,33,11,220831294,47,2,256,0,""[0,0,0,0,0,0,0,0,0,0,0,0,14,-14,17,-13,18,-12,21,-12,22,-10,23,-8,23,-6,26,-5,28,-5,28,-4,29,-3,29,-1,31,-1,31,1,31,5,32,7,33,5,33,10,30,10,30,12,28,15,32,15,30,17,30,16,31,18,29,15,27,19,28,20,27,21,27,19,24,20,26,21,26,21,24,20,26,21,26,20,23,19,26,18,26,21,27,20,25,21,26,20,26,21,26,22,23,21,24,22,25,23,24,21,25,23,26,25,26,25,26,26,24,28,23,27,25,26,25,28,23,29,0,0,0,0,0,0,31,-18,31,-19,28,-18,30,-12,30,-15,26,-12,27,-12,29,-13,27,-10,26,-9,25,-10,24,-10,24,-10,25,-10,23,-8,21,-10,22,-10,21,-8,21,-7,21,-8,19,-10,20,-6,17,-6,16,-6,17,-5,18,-6,17,-6,15,-6,17,-6,15,-7,15,-5,16,-5,16,-5,15,-4,14,-4,15,-3,15,-4,14,-2,14,-2,12,-2,12,-2,12,0,12,0,11,-1,10,0,10,0,10,0,10,0,8,0,6,0,8,1,6,0,8,0,8,2,5,2,5,2,5,2,0,0,0,0,0,0,0,0,0,0]"""
1782212769016,2026-06-23T20:06:09.016,danger,fall,lmh,bed_stand_to_lie_fall,t018,"CSI_DATA,813200,1a:00:00:00:00:00,-52,11,-97,19,33,11,220842294,47,2,256,0,""[0,0,0,0,0,0,0,0,0,0,0,0,0,21,0,21,-3,23,-6,24,-6,22,-10,23,-11,24,-12,23,-14,25,-16,24,-18,23,-18,23,-20,24,-22,23,-26,20,-26,20,-26,21,-28,17,-28,15,-29,16,-29,13,-32,15,-31,11,-33,13,-34,10,-31,10,-31,8,-33,8,-32,7,-33,8,-31,6,-34,7,-33,7,-31,7,-32,7,-31,7,-29,7,-31,7,-31,6,-31,8,-31,6,-30,8,-32,7,-34,8,-31,5,-32,6,-34,8,-32,7,-33,7,-36,5,-36,5,-35,6,-38,3,-36,1,-38,4,-37,2,-37,1,0,0,0,0,0,0,-4,37,-4,34,-1,35,-4,34,-3,31,-5,31,-4,31,-5,31,-4,28,-6,27,-6,26,-5,25,-5,26,-6,25,-5,24,-4,22,-4,24,-4,22,-6,22,-4,22,-3,22,-4,21,-4,18,-3,18,-4,19,-5,17,-4,18,-3,18,-4,18,-2,16,-3,15,-4,16,-4,14,-4,16,-3,14,-5,16,-5,14,-4,14,-4,14,-4,12,-4,13,-4,11,-6,11,-5,10,-4,9,-4,8,-4,8,-4,8,-5,8,-4,7,-4,7,-4,6,-3,5,-6,4,-4,4,-3,4,-4,4,0,0,0,0,0,0,0,0,0,0]"""
1782212769028,2026-06-23T20:06:09.028,danger,fall,lmh,bed_stand_to_lie_fall,t018,"CSI_DATA,813201,1a:00:00:00:00:00,-53,11,-97,20,33,11,220853294,47,2,256,0,""[0,0,0,0,0,0,0,0,0,0,0,0,14,-14,16,-12,18,-14,20,-13,22,-13,22,-11,21,-11,24,-10,25,-11,27,-11,28,-9,28,-11,28,-11,30,-8,31,-6,34,-6,34,-8,34,-5,33,-3,31,-5,31,-4,34,-5,34,-4,34,-5,36,-3,32,-5,33,-3,34,-3,33,-4,32,-6,31,-5,34,-6,33,-8,30,-7,32,-10,31,-10,30,-9,30,-11,31,-11,30,-14,29,-13,29,-16,28,-15,30,-17,27,-16,28,-19,28,-18,27,-19,28,-20,30,-23,27,-21,27,-22,30,-21,30,-20,30,-24,29,-24,28,-24,0,0,0,0,0,0,-21,-29,-20,-28,-23,-24,-21,-24,-23,-24,-20,-23,-19,-23,-21,-22,-19,-21,-19,-20,-19,-18,-19,-19,-20,-17,-20,-16,-19,-15,-20,-13,-20,-13,-18,-12,-17,-12,-19,-11,-19,-9,-19,-9,-16,-7,-17,-6,-17,-7,-17,-6,-16,-5,-18,-3,-16,-5,-17,-2,-15,-3,-15,-2,-16,-3,-15,-3,-15,-2,-14,-3,-14,-2,-13,-1,-14,0,-12,-1,-13,0,-12,-2,-12,-2,-11,-1,-12,-1,-9,0,-10,0,-10,0,-7,0,-9,-1,-8,-1,-7,0,-7,0,-7,-3,-7,0,-6,-2,-6,-1,0,0,0,0,0,0,0,0,0,0]"""
1782212769035,2026-06-23T20:06:09.035,danger,fall,lmh,bed_stand_to_lie_fall,t018,"CSI_DATA,813202,1a:00:00:00:00:00,-52,11,-97,14,34,11,220864294,47,2,256,0,""[0,0,0,0,0,0,0,0,0,0,0,0,20,4,20,7,21,8,21,10,21,12,21,14,19,15,19,18,20,20,18,20,20,23,18,24,19,25,18,26,15,29,14,29,17,30,12,32,10,31,9,33,5,33,8,31,5,34,7,32,6,35,6,31,3,33,4,32,4,33,5,33,1,31,3,35,1,33,1,33,2,33,2,31,2,31,5,32,4,31,6,32,3,31,5,32,5,32,6,34,4,35,5,33,3,34,4,33,5,33,3,37,3,36,2,34,1,37,0,37,4,38,2,38,1,37,0,0,0,0,0,0,37,2,36,4,35,0,32,4,31,4,31,4,29,4,33,5,28,4,28,5,26,5,25,5,26,4,25,4,24,4,24,3,24,1,21,3,21,4,21,2,22,1,20,3,19,2,19,2,19,3,17,3,19,3,17,0,20,1,17,0,16,2,16,2,16,1,15,0,15,1,15,1,15,3,14,1,15,2,13,3,12,2,11,3,13,2,10,1,10,3,10,2,10,3,10,2,7,3,8,3,7,3,7,4,5,2,7,4,5,3,5,4,5,4,0,0,0,0,0,0,0,0,0,0]"""
1782212769050,2026-06-23T20:06:09.050,danger,fall,lmh,bed_stand_to_lie_fall,t018,"CSI_DATA,813203,1a:00:00:00:00:00,-52,11,-97,19,33,11,220875294,47,2,256,0,""[0,0,0,0,0,0,0,0,0,0,0,0,-18,8,-19,7,-22,7,-23,5,-22,4,-25,1,-26,0,-27,-1,-28,0,-28,-3,-29,-6,-30,-7,-30,-7,-31,-8,-31,-13,-30,-12,-31,-12,-30,-16,-28,-16,-30,-16,-27,-17,-29,-19,-27,-20,-26,-21,-27,-22,-26,-22,-25,-23,-25,-24,-24,-22,-26,-22,-22,-20,-27,-23,-25,-22,-22,-22,-25,-22,-23,-22,-23,-20,-25,-21,-24,-21,-26,-19,-26,-22,-27,-17,-26,-18,-27,-21,-26,-22,-26,-20,-27,-21,-26,-20,-28,-19,-31,-23,-30,-23,-27,-23,-28,-25,-26,-25,-30,-24,-29,-25,-27,-25,0,0,0,0,0,0,-26,24,-28,24,-26,24,-25,21,-22,21,-25,18,-23,19,-25,20,-23,17,-22,16,-22,17,-21,14,-20,17,-20,14,-20,15,-17,15,-18,16,-17,14,-17,13,-16,14,-15,15,-16,13,-13,13,-13,13,-14,13,-14,13,-13,12,-12,14,-13,13,-11,12,-11,11,-13,12,-12,12,-10,11,-10,11,-12,10,-11,8,-11,9,-10,10,-10,8,-8,8,-10,8,-9,8,-8,7,-8,6,-8,5,-8,5,-8,4,-7,4,-7,4,-7,4,-7,4,-6,3,-7,1,-7,3,-4,3,-5,0,0,0,0,0,0,0,0,0,0,0]"""
1782212769060,2026-06-23T20:06:09.060,danger,fall,lmh,bed_stand_to_lie_fall,t018,"CSI_DATA,813204,1a:00:00:00:00:00,-52,11,-97,18,33,11,220887530,47,2,256,0,""[0,0,0,0,0,0,0,0,0,0,0,0,5,-20,7,-20,9,-20,11,-21,13,-19,15,-18,16,-21,17,-19,20,-19,22,-18,24,-16,25,-15,27,-16,28,-14,30,-11,30,-10,31,-12,33,-8,31,-8,34,-5,36,-5,33,-4,35,-3,34,-2,35,0,32,0,32,2,33,0,34,1,31,0,31,2,34,2,32,1,31,1,34,1,33,0,31,2,31,1,32,2,32,0,31,1,32,0,32,0,34,0,32,2,33,0,34,1,33,0,34,1,36,3,36,4,34,5,37,6,37,5,37,6,36,6,37,8,0,0,0,0,0,0,12,-34,11,-33,10,-32,11,-31,12,-31,12,-28,11,-29,13,-28,12,-26,13,-26,10,-24,11,-23,10,-23,10,-22,12,-22,9,-21,10,-22,9,-21,10,-19,9,-19,7,-19,9,-19,7,-16,8,-16,9,-16,7,-17,7,-17,7,-17,9,-16,6,-15,6,-15,8,-15,7,-15,7,-14,6,-12,8,-13,9,-13,6,-11,6,-13,6,-10,7,-10,6,-10,8,-9,6,-10,8,-9,5,-8,7,-7,6,-8,5,-6,5,-6,5,-5,5,-5,6,-4,5,-5,5,-4,4,-2,5,-2,0,0,0,0,0,0,0,0,0,0]"""
1782212769070,2026-06-23T20:06:09.070,danger,fall,lmh,bed_stand_to_lie_fall,t018,"CSI_DATA,813205,1a:00:00:00:00:00,-52,11,-97,17,33,11,220897293,47,2,256,0,""[0,0,0,0,0,0,0,0,0,0,0,0,1,21,0,20,0,22,-3,24,-4,23,-6,25,-6,25,-10,24,-12,27,-12,25,-14,26,-14,25,-15,26,-18,26,-21,25,-20,24,-21,26,-24,25,-24,23,-25,20,-27,19,-26,21,-28,19,-26,21,-29,21,-25,21,-27,17,-28,19,-27,18,-26,19,-28,18,-29,19,-26,19,-26,17,-27,19,-26,19,-25,18,-25,20,-26,19,-24,22,-25,21,-23,23,-24,23,-25,24,-25,20,-25,23,-25,23,-25,22,-24,23,-26,23,-25,25,-25,25,-29,23,-27,24,-27,25,-28,25,-27,25,0,0,0,0,0,0,20,31,19,29,21,27,19,28,19,25,17,26,16,25,18,26,16,25,16,24,14,22,13,22,15,21,12,20,14,20,14,19,13,19,12,17,12,19,12,15,16,15,13,16,12,12,12,15,12,15,11,13,12,13,13,12,12,12,13,10,12,12,12,12,12,11,12,12,11,10,12,11,10,11,10,10,10,9,9,10,8,8,9,9,8,8,7,8,6,9,6,7,6,7,6,8,5,7,5,7,4,6,5,6,3,6,5,5,3,6,2,6,1,6,0,0,0,0,0,0,0,0,0,0]"""
1782212769081,2026-06-23T20:06:09.081,danger,fall,lmh,bed_stand_to_lie_fall,t018,"CSI_DATA,813206,1a:00:00:00:00:00,-52,11,-97,14,34,11,220908293,47,2,256,0,""[0,0,0,0,0,0,0,0,0,0,0,0,-15,-14,-13,-16,-12,-19,-13,-20,-11,-21,-11,-22,-10,-24,-8,-25,-8,-27,-6,-26,-6,-29,-5,-29,-5,-32,-5,-31,0,-33,0,-31,-1,-32,0,-35,2,-31,4,-34,6,-34,6,-34,5,-33,5,-33,5,-35,5,-32,7,-32,8,-33,7,-31,5,-32,7,-30,7,-34,7,-32,5,-31,5,-33,5,-31,5,-31,3,-33,5,-31,1,-32,4,-32,0,-32,2,-33,0,-34,3,-32,0,-32,1,-35,1,-32,0,-34,0,-36,1,-37,0,-37,3,-38,4,-37,0,-38,0,-37,2,-38,0,0,0,0,0,0,-37,-5,-36,-5,-34,-1,-32,-5,-32,-4,-32,-5,-30,-4,-32,-4,-28,-4,-29,-4,-26,-4,-26,-5,-25,-4,-25,-3,-25,-3,-23,-1,-24,0,-21,0,-22,-1,-21,0,-21,0,-21,0,-21,1,-19,0,-19,0,-17,0,-19,0,-18,2,-17,2,-17,2,-17,2,-17,1,-14,1,-15,3,-15,1,-15,2,-14,0,-13,1,-14,2,-13,0,-14,1,-12,0,-13,1,-10,1,-10,0,-10,0,-10,0,-10,0,-10,0,-8,0,-8,0,-7,0,-7,-1,-7,0,-6,0,-6,0,-5,-2,0,0,0,0,0,0,0,0,0,0]"""
1782212769092,2026-06-23T20:06:09.092,danger,fall,lmh,bed_stand_to_lie_fall,t018,"CSI_DATA,813207,1a:00:00:00:00:00,-52,11,-97,20,33,11,220919293,47,2,256,0,""[0,0,0,0,0,0,0,0,0,0,0,0,21,0,20,3,20,4,23,7,22,7,24,11,23,12,23,14,25,14,24,15,24,17,24,17,26,18,26,20,23,23,23,23,27,23,23,26,21,25,20,26,18,26,22,28,18,29,21,28,19,30,19,27,18,29,19,30,18,29,19,27,15,27,19,30,17,28,18,27,19,27,19,27,17,23,21,24,20,26,23,23,23,25,22,22,23,25,24,24,23,24,23,23,23,25,24,24,25,25,27,25,27,25,28,23,26,27,24,26,29,25,27,27,27,27,0,0,0,0,0,0,28,-23,27,-22,26,-25,26,-20,24,-21,23,-19,23,-20,25,-21,22,-19,21,-19,20,-18,19,-16,19,-18,19,-17,18,-18,15,-19,15,-18,15,-17,15,-16,13,-16,11,-18,12,-15,11,-15,11,-15,12,-15,10,-15,11,-14,8,-16,9,-16,7,-14,8,-12,9,-15,7,-14,7,-12,6,-13,9,-14,7,-13,7,-11,8,-13,7,-9,7,-10,7,-11,7,-11,5,-11,6,-10,5,-7,6,-7,5,-8,4,-7,4,-7,4,-6,4,-5,3,-6,5,-6,4,-4,4,-3,3,-3,0,0,0,0,0,0,0,0,0,0]"""
1782212769104,2026-06-23T20:06:09.104,danger,fall,lmh,bed_stand_to_lie_fall,t018,"CSI_DATA,813208,1a:00:00:00:00:00,-52,11,-97,19,33,11,220930293,47,2,256,0,""[0,0,0,0,0,0,0,0,0,0,0,0,6,19,3,20,1,22,0,24,-3,25,-3,24,-5,25,-8,25,-11,27,-12,27,-13,26,-14,26,-16,27,-19,26,-22,22,-24,24,-22,23,-27,22,-25,18,-28,19,-29,17,-31,16,-31,15,-30,15,-32,13,-32,13,-31,9,-31,9,-34,9,-31,9,-32,8,-33,9,-34,5,-31,5,-33,7,-31,6,-31,6,-31,7,-33,4,-32,8,-32,4,-31,8,-31,5,-35,7,-31,3,-32,4,-34,3,-33,2,-35,2,-37,1,-36,2,-35,1,-36,0,-37,-3,-40,-1,-37,-4,-39,-4,0,0,0,0,0,0,-11,35,-11,35,-9,31,-10,30,-10,33,-11,27,-12,30,-13,27,-13,27,-13,25,-13,24,-13,22,-12,23,-13,22,-11,21,-11,21,-13,22,-11,21,-12,18,-10,19,-8,19,-12,17,-9,16,-10,15,-11,15,-10,16,-10,16,-10,16,-10,15,-8,15,-10,13,-8,13,-10,12,-8,13,-8,13,-10,11,-11,10,-10,10,-12,10,-10,9,-9,8,-8,7,-9,6,-8,8,-10,5,-8,6,-8,4,-8,5,-8,4,-6,3,-8,3,-6,2,-7,2,-6,2,-6,1,-6,0,-5,0,0,0,0,0,0,0,0,0,0,0]"""
1782212769116,2026-06-23T20:06:09.116,danger,fall,lmh,bed_stand_to_lie_fall,t018,"CSI_DATA,813209,1a:00:00:00:00:00,-53,11,-97,15,34,11,220941293,47,2,256,0,""[0,0,0,0,0,0,0,0,0,0,0,0,10,-18,13,-17,15,-17,15,-17,17,-15,19,-15,21,-16,22,-14,24,-17,25,-16,25,-15,26,-15,28,-15,28,-16,30,-12,31,-11,31,-13,34,-9,31,-8,31,-7,31,-4,34,-7,32,-7,33,-8,35,-6,32,-8,33,-7,35,-6,33,-5,31,-8,31,-6,33,-8,31,-8,31,-7,31,-8,31,-9,30,-8,29,-12,29,-11,31,-15,30,-13,29,-15,30,-14,30,-17,29,-14,28,-16,30,-15,29,-17,31,-17,31,-16,30,-18,31,-20,33,-17,31,-17,31,-21,31,-20,31,-18,0,0,0,0,0,0,-17,-33,-17,-31,-17,-27,-16,-29,-17,-29,-14,-27,-15,-26,-15,-27,-14,-25,-14,-24,-13,-23,-13,-22,-14,-22,-14,-21,-15,-19,-15,-18,-15,-17,-16,-17,-13,-17,-14,-15,-15,-14,-15,-16,-14,-12,-13,-13,-13,-13,-13,-12,-13,-12,-15,-10,-14,-10,-14,-8,-13,-9,-13,-10,-13,-10,-13,-7,-11,-8,-12,-9,-13,-8,-11,-8,-11,-8,-12,-8,-10,-7,-11,-7,-10,-7,-11,-6,-8,-5,-8,-4,-8,-5,-8,-6,-7,-6,-6,-5,-5,-6,-5,-4,-5,-4,-5,-4,-4,-4,-4,-4,-3,-4,0,0,0,0,0,0,0,0,0,0]"""
1782212769125,2026-06-23T20:06:09.125,danger,fall,lmh,bed_stand_to_lie_fall,t018,"CSI_DATA,813210,1a:00:00:00:00:00,-52,11,-97,15,34,11,220952293,47,2,256,0,""[0,0,0,0,0,0,0,0,0,0,0,0,1,21,-1,20,-1,23,-2,23,-4,24,-6,22,-6,24,-9,25,-9,26,-10,27,-12,26,-13,27,-13,29,-15,27,-17,26,-17,28,-15,28,-22,28,-18,25,-21,25,-23,26,-22,26,-23,27,-22,26,-23,27,-20,26,-23,25,-22,26,-23,26,-20,26,-21,23,-20,26,-20,26,-18,26,-18,27,-17,28,-17,26,-16,27,-17,27,-13,30,-13,30,-13,31,-15,28,-12,31,-13,30,-12,31,-12,31,-8,31,-11,33,-12,35,-10,34,-10,35,-13,35,-13,35,-10,36,-9,35,-10,36,0,0,0,0,0,0,34,13,34,13,32,7,32,12,32,10,28,12,31,8,30,8,28,9,26,8,26,7,26,6,26,7,25,4,25,4,23,4,25,2,22,2,21,2,22,1,22,0,22,1,18,0,18,0,18,0,20,-1,19,-1,16,-4,17,-4,17,-4,17,-2,16,-1,16,-1,15,-4,15,-2,15,-3,14,-4,13,-3,15,-4,13,-1,13,-3,13,-2,12,-2,11,-2,10,-2,11,-2,8,-1,9,-2,8,0,8,-1,8,0,7,0,7,-2,7,0,6,-1,6,0,5,0,0,0,0,0,0,0,0,0,0,0]"""
1782212769139,2026-06-23T20:06:09.139,danger,fall,lmh,bed_stand_to_lie_fall,t018,"CSI_DATA,813211,1a:00:00:00:00:00,-52,11,-97,20,33,11,220964652,47,2,256,0,""[0,0,0,0,0,0,0,0,0,0,0,0,-19,0,-21,-3,-22,-3,-23,-7,-23,-8,-23,-10,-22,-9,-23,-12,-26,-12,-24,-16,-25,-17,-24,-17,-27,-18,-26,-19,-23,-23,-23,-23,-25,-23,-22,-24,-22,-23,-23,-26,-21,-27,-22,-27,-21,-27,-20,-27,-20,-30,-20,-26,-17,-28,-19,-28,-19,-28,-20,-26,-18,-25,-20,-27,-20,-25,-19,-23,-23,-24,-22,-25,-21,-22,-21,-23,-22,-24,-25,-23,-24,-23,-24,-22,-24,-22,-27,-22,-24,-20,-26,-20,-27,-20,-27,-19,-28,-21,-29,-23,-29,-21,-28,-21,-29,-23,-29,-22,-31,-22,-31,-22,-30,-20,0,0,0,0,0,0,-24,27,-23,27,-19,27,-20,26,-21,26,-21,23,-19,24,-20,24,-19,23,-18,21,-15,22,-15,20,-15,23,-15,21,-14,19,-11,19,-13,20,-11,19,-11,18,-9,19,-7,19,-9,19,-7,17,-7,18,-9,18,-7,17,-5,18,-5,18,-5,18,-4,15,-5,16,-4,16,-4,16,-3,15,-3,13,-5,15,-3,15,-3,13,-3,14,-3,12,-3,11,-3,11,-5,13,-3,12,-3,11,-2,9,-3,10,-3,10,-3,7,-3,8,-3,7,-3,7,-3,7,-2,7,-3,6,-3,5,-3,5,0,0,0,0,0,0,0,0,0,0]"""
1782212769148,2026-06-23T20:06:09.148,danger,fall,lmh,bed_stand_to_lie_fall,t018,"CSI_DATA,813212,1a:00:00:00:00:00,-52,11,-97,17,33,11,220974293,47,2,256,0,""[0,0,0,0,0,0,0,0,0,0,0,0,1,-20,4,-21,5,-21,9,-24,9,-21,12,-21,12,-22,14,-21,15,-23,18,-22,21,-22,19,-22,22,-22,24,-20,27,-17,27,-17,28,-19,29,-14,32,-14,32,-12,32,-9,33,-12,32,-9,34,-11,34,-8,32,-10,32,-5,33,-6,32,-4,33,-6,31,-3,34,-6,34,-4,32,-4,32,-5,32,-5,30,-6,32,-6,32,-5,32,-7,32,-5,31,-6,32,-5,33,-7,33,-6,32,-6,34,-5,33,-6,33,-5,35,-5,37,-6,35,-3,38,-1,37,0,38,-1,37,-1,38,0,0,0,0,0,0,0,5,-36,4,-33,3,-37,5,-33,5,-32,6,-31,5,-30,6,-32,6,-27,7,-28,5,-27,6,-25,4,-25,4,-24,5,-24,4,-22,4,-25,3,-22,5,-21,5,-21,2,-21,5,-19,4,-20,5,-19,4,-19,4,-18,3,-18,1,-18,4,-19,1,-16,1,-15,3,-16,4,-15,2,-16,2,-15,5,-16,4,-13,4,-13,4,-12,3,-12,3,-12,2,-12,4,-11,4,-11,4,-11,4,-9,4,-8,4,-7,5,-7,5,-6,4,-7,4,-6,5,-5,6,-6,4,-5,4,-4,5,-2,0,0,0,0,0,0,0,0,0,0]"""
1782212769171,2026-06-23T20:06:09.171,danger,fall,lmh,bed_stand_to_lie_fall,t018,"CSI_DATA,813214,1a:00:00:00:00:00,-52,11,-97,14,34,11,220996293,47,2,256,0,""[0,0,0,0,0,0,0,0,0,0,0,0,-4,21,-5,20,-7,21,-11,21,-13,21,-15,19,-17,18,-20,17,-21,18,-24,15,-26,15,-26,15,-28,13,-30,10,-31,5,-32,4,-33,6,-34,0,-33,0,-33,-1,-30,-5,-35,-5,-32,-9,-33,-9,-35,-10,-31,-10,-31,-14,-31,-15,-30,-16,-29,-15,-26,-18,-30,-18,-27,-18,-26,-19,-28,-19,-25,-19,-24,-19,-24,-20,-26,-20,-26,-19,-25,-21,-25,-21,-23,-23,-26,-24,-21,-25,-21,-23,-21,-26,-21,-25,-20,-27,-21,-31,-21,-29,-21,-30,-18,-34,-14,-32,-17,-35,-15,-35,-12,-35,0,0,0,0,0,0,-36,5,-35,5,-35,6,-33,2,-32,0,-31,-2,-29,0,-33,-3,-29,-2,-27,-5,-26,-4,-26,-5,-25,-5,-25,-5,-24,-7,-21,-5,-23,-5,-22,-5,-21,-8,-21,-6,-21,-5,-19,-7,-18,-5,-19,-7,-17,-7,-16,-7,-15,-8,-16,-7,-16,-7,-15,-7,-14,-8,-14,-10,-13,-10,-13,-9,-11,-9,-12,-9,-11,-10,-10,-10,-10,-10,-7,-10,-9,-10,-7,-10,-8,-10,-6,-10,-5,-9,-4,-9,-3,-10,-4,-9,-1,-8,-2,-8,-1,-7,-1,-6,0,-7,0,-7,0,-7,0,-6,0,-5,0,0,0,0,0,0,0,0,0,0]"""
1782212769180,2026-06-23T20:06:09.180,danger,fall,lmh,bed_stand_to_lie_fall,t018,"CSI_DATA,813215,1a:00:00:00:00:00,-52,11,-97,18,33,11,221007293,47,2,256,0,""[0,0,0,0,0,0,0,0,0,0,0,0,-8,-17,-5,-20,-5,-22,-3,-23,0,-25,2,-24,2,-25,6,-26,8,-28,10,-28,13,-26,13,-26,15,-27,19,-26,21,-24,22,-24,23,-24,26,-21,25,-18,30,-16,31,-16,31,-15,32,-14,31,-12,34,-10,31,-11,33,-7,34,-5,34,-4,32,-6,31,-3,34,-2,33,-2,32,0,33,-1,33,0,31,0,31,0,32,0,35,0,32,1,32,0,31,4,34,2,30,5,32,3,33,6,32,5,33,8,35,9,33,8,34,10,34,14,33,15,35,15,34,15,33,17,0,0,0,0,0,0,22,-27,25,-26,22,-26,23,-22,25,-24,23,-21,23,-21,25,-19,24,-17,23,-15,21,-15,21,-13,22,-15,23,-12,21,-12,20,-11,21,-12,21,-12,21,-9,19,-9,18,-9,19,-7,18,-6,16,-7,19,-5,18,-5,17,-5,17,-5,19,-5,15,-5,16,-5,17,-4,17,-2,16,-3,14,-2,15,-1,15,-1,14,0,15,0,13,0,13,0,12,0,12,3,12,3,11,2,10,1,9,3,10,3,8,3,8,5,7,3,7,4,6,5,5,5,3,4,4,4,3,5,0,0,0,0,0,0,0,0,0,0]"""
1782212769191,2026-06-23T20:06:09.191,danger,fall,lmh,bed_stand_to_lie_fall,t018,"CSI_DATA,813216,1a:00:00:00:00:00,-52,11,-97,18,33,11,221018293,47,2,256,0,""[0,0,0,0,0,0,0,0,0,0,0,0,0,21,-4,21,-4,21,-6,24,-8,23,-11,22,-11,23,-15,21,-15,24,-16,22,-18,22,-20,22,-21,24,-23,23,-26,21,-26,20,-25,22,-27,20,-26,18,-30,17,-31,17,-30,16,-30,15,-31,14,-31,15,-30,14,-31,13,-32,13,-31,13,-29,14,-29,10,-31,13,-31,12,-29,12,-30,14,-28,15,-29,13,-29,15,-29,15,-27,15,-29,14,-26,18,-28,16,-29,18,-30,16,-27,18,-29,17,-28,17,-28,18,-31,18,-31,19,-30,21,-33,17,-31,17,-34,20,-34,18,-33,17,0,0,0,0,0,0,14,35,13,32,15,32,13,31,13,29,10,30,12,27,12,30,10,26,9,28,10,25,9,23,12,24,9,23,10,22,10,21,10,22,9,21,9,21,10,19,12,18,10,19,9,16,9,15,10,17,10,15,10,15,10,15,9,15,10,13,10,15,10,14,10,14,9,12,8,13,8,14,7,12,7,12,8,13,6,11,7,11,5,12,5,11,5,10,5,10,6,9,5,9,4,9,3,10,2,8,3,8,3,8,2,5,1,9,0,6,2,6,0,5,0,0,0,0,0,0,0,0,0,0]"""
1782212769204,2026-06-23T20:06:09.204,danger,fall,lmh,bed_stand_to_lie_fall,t018,"CSI_DATA,813217,1a:00:00:00:00:00,-52,11,-97,14,34,11,221029292,47,2,256,0,""[0,0,0,0,0,0,0,0,0,0,0,0,-19,8,-20,5,-21,4,-26,0,-22,0,-26,-2,-26,-5,-24,-6,-27,-7,-26,-10,-27,-13,-26,-15,-27,-15,-26,-19,-24,-22,-22,-22,-24,-23,-22,-26,-21,-26,-19,-30,-18,-30,-15,-31,-14,-29,-15,-30,-13,-34,-12,-31,-9,-31,-8,-34,-8,-31,-8,-32,-4,-31,-6,-35,-4,-32,-4,-31,-5,-32,-5,-31,-4,-31,-5,-31,-3,-32,-4,-31,-1,-33,-3,-31,-2,-34,-2,-34,0,-34,0,-32,1,-34,1,-34,2,-33,4,-36,2,-35,5,-37,7,-37,10,-35,6,-37,10,-37,10,-37,0,0,0,0,0,0,-32,-17,-29,-17,-32,-16,-29,-18,-27,-16,-26,-18,-25,-17,-26,-19,-21,-18,-23,-19,-21,-17,-19,-18,-20,-18,-17,-17,-17,-18,-18,-15,-16,-17,-15,-15,-15,-17,-15,-15,-15,-15,-13,-15,-13,-14,-12,-15,-10,-16,-11,-15,-10,-15,-12,-12,-11,-14,-10,-14,-9,-14,-9,-15,-8,-12,-10,-12,-7,-13,-8,-14,-6,-12,-7,-13,-5,-13,-3,-13,-3,-11,-4,-12,-2,-12,-3,-10,-2,-10,-1,-10,0,-10,-1,-10,0,-9,1,-8,1,-8,1,-8,0,-7,0,-6,2,-6,3,-5,3,-5,0,0,0,0,0,0,0,0,0,0]"""
1782212769212,2026-06-23T20:06:09.212,danger,fall,lmh,bed_stand_to_lie_fall,t018,"CSI_DATA,813218,1a:00:00:00:00:00,-52,11,-97,14,34,11,221040292,47,2,256,0,""[0,0,0,0,0,0,0,0,0,0,0,0,10,-17,12,-16,13,-17,18,-17,18,-15,21,-14,22,-13,24,-10,26,-11,26,-10,29,-9,29,-7,31,-8,31,-5,31,0,32,1,35,0,33,4,32,5,33,6,31,9,33,11,31,13,32,11,32,15,31,13,28,16,31,18,27,18,29,17,26,18,29,21,26,20,26,20,26,20,24,20,23,20,26,19,25,20,26,20,25,22,25,20,24,23,25,21,24,23,24,23,23,26,22,25,23,25,25,26,25,27,23,26,23,31,18,31,21,31,21,33,19,31,0,0,0,0,0,0,35,-13,33,-12,33,-13,32,-8,31,-8,31,-6,28,-6,31,-5,27,-5,29,-2,26,-2,25,-2,26,-3,26,-1,25,-2,22,-2,24,-1,23,-3,23,0,21,0,21,-2,21,0,20,0,21,0,20,0,20,0,18,1,20,0,19,0,16,0,16,1,16,2,16,1,17,1,14,1,17,3,15,3,14,4,15,5,11,5,11,3,12,4,11,5,10,4,11,5,9,3,8,5,9,5,7,6,5,5,5,5,5,5,5,5,5,6,5,5,3,5,2,5,0,0,0,0,0,0,0,0,0,0]"""
1782212769225,2026-06-23T20:06:09.225,danger,fall,lmh,bed_stand_to_lie_fall,t018,"CSI_DATA,813219,1a:00:00:00:00:00,-52,11,-97,20,33,11,221051292,47,2,256,0,""[0,0,0,0,0,0,0,0,0,0,0,0,1,21,0,21,-2,23,-5,23,-6,23,-9,23,-11,23,-13,23,-15,24,-18,24,-19,24,-19,22,-21,24,-23,22,-26,17,-27,17,-28,19,-30,15,-30,13,-30,11,-31,10,-32,10,-33,8,-34,11,-34,7,-34,7,-33,3,-33,3,-34,0,-34,3,-30,1,-34,1,-34,0,-32,0,-33,0,-33,0,-30,0,-32,1,-34,0,-33,0,-33,-2,-34,0,-33,-2,-35,0,-31,-3,-33,-2,-34,-4,-33,-4,-34,-4,-37,-6,-35,-4,-34,-5,-35,-9,-35,-9,-38,-10,-35,-11,-36,-11,0,0,0,0,0,0,-18,30,-19,31,-16,30,-19,29,-18,27,-17,26,-18,27,-19,25,-19,22,-17,20,-17,20,-18,19,-16,19,-17,19,-15,19,-15,18,-15,19,-15,18,-16,15,-15,15,-12,16,-14,14,-13,13,-13,13,-15,13,-14,12,-13,13,-11,13,-13,12,-11,11,-11,11,-11,11,-13,9,-12,9,-11,10,-13,9,-12,7,-12,7,-12,7,-11,7,-11,7,-11,5,-10,4,-11,5,-11,3,-10,3,-8,2,-9,3,-8,2,-8,2,-7,0,-7,0,-7,1,-7,0,-7,0,-4,0,-7,-1,0,0,0,0,0,0,0,0,0,0]"""
1782212769239,2026-06-23T20:06:09.239,danger,fall,lmh,bed_stand_to_lie_fall,t018,"CSI_DATA,813220,1a:00:00:00:00:00,-52,11,-97,16,33,11,221064125,47,2,256,0,""[0,0,0,0,0,0,0,0,0,0,0,0,-20,3,-20,1,-22,1,-24,0,-24,-2,-24,-5,-24,-8,-24,-8,-26,-10,-25,-14,-25,-15,-24,-16,-25,-17,-24,-20,-23,-23,-22,-24,-22,-24,-21,-26,-19,-26,-17,-29,-15,-32,-16,-30,-13,-32,-15,-31,-12,-33,-12,-30,-8,-32,-9,-32,-8,-31,-9,-32,-8,-32,-8,-33,-8,-32,-7,-32,-7,-32,-7,-32,-6,-30,-9,-32,-5,-32,-8,-32,-5,-33,-7,-33,-8,-34,0,-29,-14,-32,-5,-36,1,-33,10,-52,-2,-25,-10,-41,19,-49,-6,-37,-2,-35,28,-57,-8,-39,-8,-36,27,-57,0,0,0,0,0,0,-44,-32,-27,0,-28,3,-23,18,-36,-16,-34,-17,-40,-31,-28,-13,-29,-5,-21,14,-23,-12,-22,-8,-36,-17,-29,-11,-24,-10,-24,-8,-22,-10,-21,-8,-19,-11,-23,-10,-21,-8,-18,-8,-16,-8,-16,-8,-16,-8,-17,-8,-16,-8,-16,-6,-16,-8,-15,-7,-15,-8,-15,-8,-15,-8,-15,-7,-13,-8,-13,-8,-12,-8,-11,-9,-11,-7,-10,-8,-9,-8,-9,-9,-8,-9,-8,-7,-8,-8,-8,-8,-6,-8,-7,-7,-4,-7,-3,-8,-3,-8,-4,-6,-2,-7,-2,-6,-2,-7,0,-6,0,-6,0,0,0,0,0,0,0,0,0,0]"""
1782212769246,2026-06-23T20:06:09.246,danger,fall,lmh,bed_stand_to_lie_fall,t018,"CSI_DATA,813221,1a:00:00:00:00:00,-52,11,-97,13,34,11,221073292,47,2,256,0,""[0,0,0,0,0,0,0,0,0,0,0,0,20,-5,20,-2,22,0,24,0,25,2,24,4,24,6,25,9,26,10,26,11,26,13,26,14,28,15,26,17,24,22,23,24,25,22,22,27,19,26,19,25,16,28,18,30,17,30,16,31,17,32,16,29,12,32,12,31,11,31,12,30,9,31,12,32,10,32,8,31,10,32,9,30,8,29,10,30,7,32,9,29,9,32,12,28,14,31,11,24,-1,32,8,35,19,27,18,38,19,34,-6,22,1,45,23,42,0,61,-8,37,0,51,-16,25,-3,34,0,0,0,0,0,0,47,6,56,-6,33,13,25,0,34,-17,48,1,32,19,48,-1,13,6,32,8,38,14,24,1,18,2,28,-1,29,6,23,6,24,4,24,3,23,6,22,8,20,3,19,6,19,5,19,4,18,6,16,6,19,5,18,3,19,4,17,2,15,5,15,6,14,5,16,4,14,6,15,6,12,6,13,6,13,6,12,6,11,5,11,6,11,6,10,5,9,5,8,6,6,6,7,6,6,6,6,6,5,6,5,6,4,7,5,5,3,6,3,5,2,6,0,0,0,0,0,0,0,0,0,0]"""
1782212769259,2026-06-23T20:06:09.259,danger,fall,lmh,bed_stand_to_lie_fall,t018,"CSI_DATA,813222,1a:00:00:00:00:00,-52,11,-97,18,33,11,221084292,47,2,256,0,""[0,0,0,0,0,0,0,0,0,0,0,0,-12,16,-14,15,-15,15,-16,15,-20,14,-21,12,-22,10,-24,10,-26,10,-26,8,-28,6,-28,6,-31,5,-31,3,-33,0,-32,-1,-32,0,-33,-5,-32,-5,-34,-8,-34,-10,-32,-9,-33,-10,-33,-10,-32,-12,-31,-11,-31,-14,-30,-15,-31,-14,-29,-12,-28,-15,-30,-16,-29,-15,-27,-15,-30,-15,-28,-15,-27,-15,-29,-15,-28,-15,-30,-13,-29,-15,-30,-13,-27,-15,-32,-15,-28,-13,-29,-15,-29,-16,-30,-15,-30,-17,-31,-20,-31,-18,-31,-19,-30,-21,-28,-21,-31,-23,-30,-22,-29,-21,0,0,0,0,0,0,-27,25,-27,25,-23,24,-26,21,-25,21,-23,19,-25,20,-24,19,-22,16,-22,15,-21,15,-20,14,-21,15,-21,15,-21,13,-19,15,-19,15,-18,14,-19,11,-17,12,-16,13,-18,12,-15,10,-15,11,-17,10,-16,10,-15,10,-15,11,-15,10,-14,10,-13,9,-13,10,-15,9,-12,9,-12,8,-14,7,-13,7,-11,6,-12,7,-11,5,-11,5,-11,5,-12,3,-11,4,-11,3,-11,4,-10,1,-9,3,-9,1,-8,1,-8,0,-6,0,-6,0,-6,0,-7,0,-7,0,-6,0,0,0,0,0,0,0,0,0,0,0]"""
1782212769271,2026-06-23T20:06:09.271,danger,fall,lmh,bed_stand_to_lie_fall,t018,"CSI_DATA,813223,1a:00:00:00:00:00,-52,11,-97,17,33,11,221096948,47,2,256,0,""[0,0,0,0,0,0,0,0,0,0,0,0,-21,-6,-19,-6,-20,-11,-19,-12,-21,-13,-18,-16,-19,-17,-18,-19,-19,-22,-19,-23,-16,-25,-16,-25,-15,-28,-14,-29,-11,-31,-12,-32,-10,-32,-6,-34,-6,-32,-6,-33,-3,-32,-2,-36,0,-34,-1,-33,0,-35,0,-35,4,-33,2,-33,3,-34,3,-32,4,-32,3,-33,3,-33,4,-32,3,-32,3,-32,4,-32,2,-31,4,-32,3,-33,3,-32,2,-33,5,-32,2,-35,6,-31,4,-31,6,-32,3,-32,4,-34,6,-37,6,-35,8,-35,9,-36,12,-36,8,-36,10,-35,10,-36,0,0,0,0,0,0,-34,-16,-33,-16,-30,-12,-30,-15,-30,-17,-25,-15,-27,-14,-26,-16,-25,-15,-21,-15,-22,-14,-20,-14,-23,-14,-21,-14,-19,-15,-19,-13,-19,-12,-19,-12,-17,-12,-18,-12,-18,-9,-17,-12,-14,-8,-16,-9,-16,-11,-15,-11,-14,-10,-15,-8,-15,-11,-14,-8,-14,-10,-13,-10,-13,-9,-12,-9,-12,-9,-11,-8,-12,-9,-12,-9,-11,-9,-9,-9,-10,-9,-8,-9,-7,-9,-8,-7,-6,-7,-6,-8,-5,-8,-6,-7,-5,-7,-5,-6,-3,-7,-3,-7,-3,-6,-2,-6,-1,-5,0,-6,-1,-6,0,0,0,0,0,0,0,0,0,0]"""
1782212769281,2026-06-23T20:06:09.281,danger,fall,lmh,bed_stand_to_lie_fall,t018,"CSI_DATA,813224,1a:00:00:00:00:00,-52,11,-97,18,33,11,221107243,47,2,256,0,""[0,0,0,0,0,0,0,0,0,0,0,0,-5,-20,-1,-21,0,-21,3,-23,5,-23,8,-24,9,-22,10,-22,12,-25,15,-25,16,-24,17,-25,19,-26,22,-24,26,-20,26,-20,26,-21,29,-17,29,-15,32,-15,32,-13,32,-12,32,-10,33,-10,35,-10,31,-9,32,-5,35,-4,33,-4,33,-5,31,-2,34,-3,32,-1,31,-2,33,-1,32,-1,31,-1,32,-3,32,-1,33,-3,32,0,31,-1,34,0,35,0,33,1,33,0,33,1,34,1,33,1,37,4,37,3,36,4,37,7,37,7,38,6,37,8,36,10,0,0,0,0,0,0,15,-32,16,-32,15,-31,16,-28,15,-27,17,-26,16,-26,19,-26,17,-23,16,-21,17,-21,15,-19,17,-21,17,-21,15,-18,14,-18,15,-20,15,-18,15,-15,13,-15,12,-16,14,-15,13,-14,13,-14,14,-12,14,-14,13,-12,12,-14,13,-13,10,-14,11,-11,13,-12,14,-10,13,-11,12,-9,13,-10,13,-8,12,-8,13,-7,11,-6,10,-7,11,-6,11,-5,10,-5,11,-4,10,-4,9,-2,9,-1,9,0,7,-2,8,-2,7,0,8,0,8,0,6,0,5,0,6,1,0,0,0,0,0,0,0,0,0,0]"""
1782212769291,2026-06-23T20:06:09.291,danger,fall,lmh,bed_stand_to_lie_fall,t018,"CSI_DATA,813225,1a:00:00:00:00:00,-52,11,-97,18,33,11,221117292,47,2,256,0,""[0,0,0,0,0,0,0,0,0,0,0,0,-7,19,-10,18,-11,21,-15,19,-16,19,-16,16,-19,16,-21,15,-22,17,-23,15,-24,15,-26,15,-28,15,-29,14,-32,10,-31,10,-31,11,-33,6,-32,5,-32,3,-31,2,-36,4,-33,0,-33,1,-36,0,-34,1,-33,-1,-35,0,-33,-2,-32,0,-31,0,-35,0,-31,0,-32,-2,-32,0,-33,0,-30,0,-31,0,-33,0,-33,0,-33,0,-32,2,-32,0,-35,0,-33,0,-32,1,-34,0,-34,0,-34,0,-37,0,-36,0,-37,1,-38,-1,-35,-1,-38,0,-37,-2,-37,-2,0,0,0,0,0,0,-7,37,-6,34,-5,34,-7,32,-6,31,-7,31,-7,31,-7,31,-9,28,-8,26,-7,26,-7,24,-6,26,-5,25,-5,24,-4,22,-4,24,-4,22,-5,21,-3,21,-2,21,-4,21,-2,19,-4,20,-5,18,-4,19,-2,17,-1,17,-3,18,0,17,-2,16,-2,16,-1,16,-2,16,-1,15,-3,15,-3,15,-2,15,-3,13,-2,13,-2,12,-4,13,-3,12,-2,10,-4,11,-2,11,-2,10,-3,10,-3,9,-4,7,-4,7,-3,7,-3,5,-5,5,-3,5,-4,5,-4,4,0,0,0,0,0,0,0,0,0,0]"""
1782212769305,2026-06-23T20:06:09.305,danger,fall,lmh,bed_stand_to_lie_fall,t018,"CSI_DATA,813226,1a:00:00:00:00:00,-52,11,-97,19,33,11,221131753,47,2,256,0,""[0,0,0,0,0,0,0,0,0,0,0,0,-16,-12,-13,-15,-13,-17,-13,-21,-9,-22,-9,-24,-8,-24,-5,-26,-4,-28,-1,-28,0,-30,1,-31,2,-31,7,-31,10,-31,10,-31,11,-32,17,-31,17,-29,22,-26,23,-26,22,-26,23,-25,25,-23,26,-24,26,-22,27,-18,29,-18,28,-17,29,-17,29,-14,31,-16,30,-13,30,-12,30,-13,30,-13,28,-12,31,-12,31,-11,30,-11,31,-9,30,-9,33,-8,33,-8,32,-7,32,-7,32,-7,32,-5,35,-4,36,-2,35,-2,35,-2,37,1,36,3,39,3,38,4,38,6,0,0,0,0,0,0,13,-35,14,-33,13,-33,16,-29,16,-28,17,-27,15,-26,17,-26,17,-22,18,-22,17,-21,17,-19,17,-20,17,-17,17,-17,15,-17,17,-18,17,-15,17,-14,16,-13,15,-15,16,-13,14,-13,16,-11,16,-11,14,-12,14,-9,15,-10,15,-9,15,-10,13,-8,15,-7,15,-5,15,-7,13,-5,15,-4,15,-5,14,-4,15,-3,13,-3,13,-1,12,-1,13,0,11,0,10,0,10,-1,10,0,9,1,9,2,8,2,8,1,6,2,6,4,6,4,4,4,6,3,4,4,0,0,0,0,0,0,0,0,0,0]"""
1782212769315,2026-06-23T20:06:09.315,danger,fall,lmh,bed_stand_to_lie_fall,t018,"CSI_DATA,813227,1a:00:00:00:00:00,-52,11,-97,15,34,11,221139292,47,2,256,0,""[0,0,0,0,0,0,0,0,0,0,0,0,21,-7,21,-3,22,-3,23,-1,25,0,24,0,25,3,26,4,28,4,28,6,28,8,29,9,31,9,31,11,28,16,29,16,28,15,29,19,27,17,28,21,29,22,26,20,26,22,26,22,26,25,26,21,23,22,25,24,24,24,25,22,22,22,24,23,25,23,24,22,24,22,25,21,23,21,25,20,26,21,27,19,25,20,26,17,26,21,29,21,25,19,26,20,27,21,28,18,28,20,31,22,29,21,29,20,28,25,27,23,30,23,31,22,30,22,0,0,0,0,0,0,26,-27,26,-25,22,-26,24,-23,23,-23,23,-21,23,-22,22,-22,20,-19,21,-18,20,-18,18,-17,17,-20,19,-18,17,-16,15,-17,16,-17,15,-17,16,-15,14,-16,12,-16,14,-17,11,-15,12,-15,12,-14,12,-15,10,-15,10,-16,10,-14,8,-15,8,-12,10,-14,9,-13,9,-13,8,-12,10,-13,8,-13,9,-11,8,-13,8,-11,7,-10,8,-10,8,-9,7,-9,8,-8,6,-7,8,-6,7,-7,5,-6,6,-5,5,-5,4,-5,4,-4,7,-4,5,-4,4,-1,4,-1,0,0,0,0,0,0,0,0,0,0]"""
1782212769324,2026-06-23T20:06:09.324,danger,fall,lmh,bed_stand_to_lie_fall,t018,"CSI_DATA,813228,1a:00:00:00:00:00,-52,11,-97,18,33,11,221150670,47,2,256,0,""[0,0,0,0,0,0,0,0,0,0,0,0,16,-12,18,-10,21,-9,22,-9,24,-6,23,-8,25,-5,26,-5,28,-5,27,-5,29,-4,30,-3,32,-3,31,-1,31,3,33,3,34,2,35,5,31,5,35,7,35,7,32,9,34,9,34,7,35,9,32,6,32,8,32,9,33,11,31,7,30,9,33,8,32,8,31,9,31,6,32,6,31,5,33,2,32,4,33,2,31,2,32,0,32,3,35,0,32,1,35,0,33,0,33,-2,35,0,38,0,37,0,36,-1,37,0,37,0,38,-1,36,0,38,0,0,0,0,0,0,0,3,-37,1,-36,0,-34,1,-35,0,-34,1,-31,0,-31,1,-32,0,-29,1,-27,0,-27,-1,-26,0,-26,-1,-26,-1,-23,-3,-22,-4,-24,-4,-23,-2,-22,-4,-21,-5,-21,-3,-21,-5,-19,-4,-19,-5,-19,-3,-19,-5,-18,-6,-16,-5,-17,-6,-15,-5,-15,-7,-15,-5,-15,-5,-15,-6,-14,-5,-15,-4,-14,-5,-14,-5,-13,-3,-12,-5,-11,-5,-12,-3,-11,-5,-10,-4,-10,-2,-9,-3,-10,-2,-9,-3,-9,-1,-8,0,-9,-2,-7,0,-7,-1,-7,-1,-7,-1,-7,0,-6,0,0,0,0,0,0,0,0,0,0]"""
1782212769337,2026-06-23T20:06:09.337,danger,fall,lmh,bed_stand_to_lie_fall,t018,"CSI_DATA,813229,1a:00:00:00:00:00,-52,11,-97,14,34,11,221161292,47,2,256,0,""[0,0,0,0,0,0,0,0,0,0,0,0,-15,13,-18,10,-21,10,-22,7,-23,7,-23,5,-23,2,-27,1,-28,0,-29,-1,-28,-4,-29,-5,-31,-6,-30,-10,-29,-13,-30,-14,-31,-15,-29,-20,-26,-19,-25,-19,-23,-21,-26,-22,-22,-26,-23,-24,-23,-28,-21,-25,-18,-27,-19,-29,-16,-29,-19,-28,-15,-26,-16,-30,-16,-29,-15,-29,-16,-31,-15,-30,-13,-29,-14,-28,-14,-31,-15,-30,-14,-30,-15,-29,-12,-31,-14,-32,-11,-30,-12,-31,-11,-31,-12,-32,-10,-32,-11,-36,-10,-32,-10,-34,-5,-37,-3,-38,-6,-37,-6,-38,-4,-37,0,0,0,0,0,0,-37,-2,-37,-3,-35,-2,-33,-5,-33,-3,-31,-6,-31,-6,-31,-8,-29,-6,-26,-9,-25,-8,-24,-10,-25,-8,-25,-8,-23,-10,-21,-7,-23,-8,-21,-7,-21,-9,-21,-7,-21,-7,-19,-8,-17,-6,-18,-7,-18,-9,-17,-7,-16,-9,-17,-6,-17,-8,-15,-7,-14,-8,-15,-10,-15,-8,-14,-9,-12,-8,-13,-9,-11,-8,-11,-9,-12,-9,-10,-10,-10,-10,-8,-8,-8,-9,-7,-9,-8,-8,-5,-10,-5,-8,-6,-8,-3,-7,-4,-7,-3,-6,-1,-8,-4,-6,-2,-8,-1,-6,0,-5,0,-6,0,0,0,0,0,0,0,0,0,0]"""
1782212769350,2026-06-23T20:06:09.350,danger,fall,lmh,bed_stand_to_lie_fall,t018,"CSI_DATA,813230,1a:00:00:00:00:00,-52,11,-97,14,34,11,221175494,47,2,256,0,""[0,0,0,0,0,0,0,0,0,0,0,0,-10,18,-12,17,-15,17,-16,16,-20,15,-21,13,-21,12,-25,11,-26,10,-26,9,-30,7,-29,6,-31,5,-31,2,-31,-1,-35,-2,-33,-2,-34,-7,-31,-8,-31,-10,-31,-15,-31,-11,-31,-15,-31,-16,-31,-18,-29,-15,-27,-21,-26,-21,-26,-21,-25,-21,-23,-21,-25,-23,-25,-22,-23,-22,-24,-22,-23,-22,-21,-22,-22,-22,-22,-24,-24,-24,-21,-24,-22,-24,-20,-26,-23,-26,-19,-26,-20,-26,-19,-27,-21,-26,-20,-29,-20,-31,-18,-31,-17,-31,-15,-34,-14,-35,-15,-36,-15,-33,-14,-34,0,0,0,0,0,0,-37,5,-36,4,-32,5,-35,1,-34,1,-31,0,-31,0,-31,0,-29,-1,-28,-3,-26,-2,-26,-3,-26,-3,-26,-3,-23,-5,-22,-4,-24,-2,-23,-4,-20,-5,-21,-5,-21,-4,-20,-5,-18,-4,-19,-5,-20,-6,-18,-5,-18,-6,-18,-5,-17,-6,-16,-4,-15,-6,-15,-6,-15,-6,-14,-6,-13,-7,-14,-8,-14,-7,-12,-7,-12,-7,-10,-7,-10,-9,-9,-8,-10,-10,-8,-7,-9,-8,-6,-8,-5,-9,-6,-7,-2,-7,-5,-7,-3,-8,-3,-6,-2,-6,-2,-7,-1,-7,-1,-5,0,-5,0,0,0,0,0,0,0,0,0,0]"""
1782212769358,2026-06-23T20:06:09.358,danger,fall,lmh,bed_stand_to_lie_fall,t018,"CSI_DATA,813231,1a:00:00:00:00:00,-52,11,-97,20,33,11,221183291,47,2,256,0,""[0,0,0,0,0,0,0,0,0,0,0,0,20,5,19,8,20,10,21,13,19,14,19,17,18,18,15,21,18,22,16,23,16,27,15,26,15,28,11,28,7,32,8,31,8,33,4,34,3,33,3,33,1,32,0,35,-3,33,-1,35,-4,34,-3,34,-7,33,-7,33,-8,32,-7,31,-8,30,-8,34,-8,31,-8,30,-8,32,-8,31,-9,30,-8,31,-8,30,-8,32,-11,30,-8,31,-11,30,-10,34,-12,30,-11,31,-13,32,-11,30,-12,30,-14,34,-15,34,-14,33,-19,32,-20,33,-19,33,-18,32,-19,31,0,0,0,0,0,0,28,26,26,24,27,23,23,24,24,23,21,23,21,22,21,23,18,22,16,23,17,22,15,20,17,22,15,20,14,20,13,19,15,19,12,17,11,19,13,18,12,16,11,18,11,15,10,16,11,15,11,15,10,15,11,15,10,15,11,14,8,15,9,15,7,15,9,13,7,14,6,14,7,13,5,13,4,13,4,14,3,11,4,12,2,11,3,11,2,12,2,11,1,10,0,10,0,10,0,9,0,9,0,7,0,7,-1,7,-1,5,-2,6,-3,6,0,0,0,0,0,0,0,0,0,0]"""
1782212769367,2026-06-23T20:06:09.367,danger,fall,lmh,bed_stand_to_lie_fall,t018,"CSI_DATA,813232,1a:00:00:00:00:00,-52,11,-97,14,34,11,221194731,47,2,256,0,""[0,0,0,0,0,0,0,0,0,0,0,0,21,0,21,2,22,5,22,6,23,7,22,10,22,10,22,12,25,14,24,16,25,18,22,19,25,21,23,23,20,25,20,26,21,26,19,28,15,27,17,31,15,31,14,32,12,31,14,31,12,32,11,31,9,33,10,34,8,32,9,31,7,31,8,34,9,32,8,31,9,32,9,31,7,30,10,31,8,31,10,32,9,31,10,31,8,31,11,33,7,31,10,31,8,33,8,32,10,33,9,37,8,34,9,35,6,37,4,37,8,39,7,37,6,37,0,0,0,0,0,0,37,-2,37,0,33,-2,32,0,34,0,31,2,31,0,31,0,30,1,26,3,26,2,26,2,26,1,26,2,25,1,22,0,25,2,23,0,22,1,22,0,21,0,21,0,19,0,19,0,19,0,19,2,18,0,18,0,18,0,17,0,16,0,16,0,18,0,16,0,15,0,16,1,15,1,15,1,15,1,13,1,12,1,12,1,13,2,11,3,11,2,10,2,10,4,10,2,7,3,7,3,7,4,6,3,7,4,8,2,5,4,4,4,4,4,0,0,0,0,0,0,0,0,0,0]"""
1782212769392,2026-06-23T20:06:09.392,danger,fall,lmh,bed_stand_to_lie_fall,t018,"CSI_DATA,813233,1a:00:00:00:00:00,-52,11,-97,18,33,11,221220012,47,2,256,0,""[0,0,0,0,0,0,0,0,0,0,0,0,20,-5,21,-4,22,-3,25,-2,24,0,24,1,25,3,25,5,26,7,28,9,28,10,27,11,29,12,29,14,26,17,28,19,28,19,26,21,24,21,25,24,26,26,22,26,22,26,22,26,21,29,21,26,18,28,19,27,18,28,19,27,16,26,19,29,19,28,16,27,18,27,18,26,15,25,18,26,18,28,20,26,19,26,19,26,17,27,20,27,18,27,19,27,17,29,20,27,18,28,19,31,19,31,19,30,16,31,15,32,20,34,18,31,18,31,0,0,0,0,0,0,34,-12,34,-11,31,-12,31,-8,31,-10,30,-7,30,-8,31,-8,28,-7,28,-6,26,-5,25,-5,26,-6,26,-5,24,-5,22,-5,23,-7,22,-6,21,-5,21,-5,21,-7,20,-5,18,-6,20,-5,18,-5,19,-5,17,-5,17,-6,17,-5,16,-6,16,-4,16,-4,17,-5,16,-5,15,-3,15,-3,16,-2,15,-2,15,-2,13,-1,13,-1,11,-1,14,0,13,-1,12,0,10,0,10,0,11,0,9,0,8,0,8,1,7,0,8,0,7,2,5,0,5,1,5,2,0,0,0,0,0,0,0,0,0,0]"""
1782212769402,2026-06-23T20:06:09.402,danger,fall,lmh,bed_stand_to_lie_fall,t018,"CSI_DATA,813234,1a:00:00:00:00:00,-52,11,-97,14,34,11,221220120,47,2,256,0,""[0,0,0,0,0,0,0,0,0,0,0,0,-14,15,-15,14,-18,14,-19,13,-20,13,-21,12,-21,10,-23,11,-26,12,-26,12,-27,12,-27,11,-29,15,-30,10,-31,9,-32,10,-31,10,-33,8,-31,9,-33,7,-36,7,-33,5,-33,7,-32,7,-34,8,-31,9,-33,7,-34,7,-33,7,-31,7,-31,8,-31,10,-31,10,-31,10,-31,11,-30,14,-28,13,-29,15,-28,16,-27,18,-28,15,-26,19,-26,19,-26,21,-25,19,-26,22,-26,21,-24,24,-25,25,-25,26,-23,26,-24,27,-27,26,-27,26,-25,28,-24,28,-21,26,0,0,0,0,0,0,26,26,26,26,26,21,26,21,27,21,24,21,25,19,25,18,23,17,22,16,22,15,21,14,23,14,21,12,21,12,22,9,22,9,21,7,20,8,21,6,21,4,21,7,18,3,19,4,19,5,19,4,19,2,18,0,18,0,17,0,17,0,16,0,16,0,15,0,15,0,15,-1,14,-2,14,-1,14,0,14,0,13,-1,14,-1,13,-1,11,-2,11,0,11,0,10,0,10,0,9,0,8,0,8,0,7,0,6,0,6,0,6,0,6,0,6,0,0,0,0,0,0,0,0,0,0,0]"""
1782212769413,2026-06-23T20:06:09.413,danger,fall,lmh,bed_stand_to_lie_fall,t018,"CSI_DATA,813235,1a:00:00:00:00:00,-52,11,-97,18,33,11,221227291,47,2,256,0,""[0,0,0,0,0,0,0,0,0,0,0,0,-19,7,-19,5,-22,5,-25,4,-24,3,-24,0,-25,0,-25,-4,-27,-4,-28,-5,-28,-8,-28,-9,-30,-10,-30,-11,-29,-15,-29,-17,-29,-15,-29,-18,-26,-19,-27,-21,-27,-23,-26,-23,-25,-24,-25,-24,-23,-26,-22,-24,-21,-26,-22,-26,-21,-27,-21,-25,-21,-24,-21,-27,-22,-26,-21,-26,-21,-25,-22,-24,-18,-22,-20,-25,-20,-26,-21,-24,-21,-25,-22,-22,-21,-25,-23,-25,-21,-24,-22,-25,-21,-26,-22,-24,-23,-26,-24,-28,-22,-27,-22,-29,-21,-31,-21,-31,-23,-29,-22,-29,-22,-29,0,0,0,0,0,0,-33,17,-33,16,-31,16,-28,15,-29,15,-27,11,-27,12,-29,12,-26,11,-26,9,-24,11,-23,10,-24,11,-25,9,-23,7,-21,10,-23,10,-23,10,-21,7,-19,8,-19,9,-19,7,-17,9,-18,8,-17,10,-17,6,-17,9,-16,9,-17,7,-15,7,-15,7,-15,8,-15,7,-14,7,-13,6,-15,6,-15,6,-13,5,-14,5,-12,5,-13,5,-12,3,-12,3,-11,4,-10,2,-10,2,-10,1,-9,1,-8,0,-8,0,-7,0,-8,0,-6,0,-6,0,-6,0,-6,0,-5,0,0,0,0,0,0,0,0,0,0,0]"""
1782212769424,2026-06-23T20:06:09.424,danger,fall,lmh,bed_stand_to_lie_fall,t018,"CSI_DATA,813236,1a:00:00:00:00:00,-52,11,-97,14,34,11,221238291,47,2,256,0,""[0,0,0,0,0,0,0,0,0,0,0,0,-1,-21,0,-21,1,-22,4,-23,5,-23,7,-23,8,-25,10,-24,12,-26,13,-25,15,-25,17,-23,18,-26,21,-26,22,-23,23,-24,22,-24,26,-22,25,-21,28,-20,29,-18,28,-19,30,-16,29,-19,31,-18,28,-15,31,-14,31,-15,31,-15,30,-15,29,-12,31,-15,31,-15,28,-14,30,-14,27,-15,28,-13,29,-15,29,-14,28,-15,29,-15,28,-18,28,-16,29,-18,29,-15,27,-16,31,-16,29,-16,28,-17,33,-16,31,-15,31,-17,34,-15,35,-14,35,-18,33,-16,34,-15,0,0,0,0,0,0,-9,-34,-10,-34,-10,-32,-9,-32,-9,-32,-7,-31,-8,-31,-8,-31,-7,-28,-5,-28,-6,-26,-5,-26,-7,-25,-5,-26,-5,-25,-5,-22,-5,-23,-6,-22,-4,-20,-6,-20,-8,-21,-5,-21,-6,-17,-6,-19,-5,-19,-5,-17,-5,-17,-6,-16,-5,-18,-6,-15,-5,-16,-6,-17,-5,-15,-5,-15,-5,-13,-4,-17,-5,-14,-4,-14,-3,-13,-3,-14,-3,-13,-3,-13,0,-12,-1,-11,0,-11,-2,-10,0,-10,-1,-10,0,-9,0,-9,0,-9,0,-6,0,-6,1,-5,1,-7,1,-6,2,-5,0,0,0,0,0,0,0,0,0,0]"""
1782212769431,2026-06-23T20:06:09.431,danger,fall,lmh,bed_stand_to_lie_fall,t018,"CSI_DATA,813237,1a:00:00:00:00:00,-52,11,-97,14,34,11,221249291,47,2,256,0,""[0,0,0,0,0,0,0,0,0,0,0,0,18,10,15,11,18,14,16,16,17,17,15,19,15,21,13,22,15,25,13,25,13,26,11,27,12,29,10,30,7,31,8,33,8,32,5,35,3,32,0,33,-2,32,0,34,0,34,0,34,-1,37,0,33,-4,32,-3,34,-3,35,0,33,-3,32,-3,33,-4,32,-5,31,-3,32,-2,32,-3,31,0,34,-1,33,0,33,-1,31,1,33,0,33,1,36,0,33,0,34,0,35,0,33,0,34,0,37,0,37,0,35,-2,37,-3,37,0,39,-1,38,0,37,0,0,0,0,0,0,36,6,37,7,35,3,32,6,33,6,30,7,31,5,31,6,29,5,26,7,26,6,25,6,26,5,26,5,23,5,22,4,24,4,23,2,21,5,22,2,21,0,21,3,20,1,20,2,19,2,19,1,19,2,19,0,18,1,17,0,16,0,17,1,16,1,15,0,16,0,16,1,16,1,15,1,15,1,14,1,13,2,12,3,12,3,12,0,10,3,10,2,10,3,11,2,8,3,7,3,7,3,6,2,7,3,5,3,6,3,5,2,5,5,0,0,0,0,0,0,0,0,0,0]"""
1782212769443,2026-06-23T20:06:09.443,danger,fall,lmh,bed_stand_to_lie_fall,t018,"CSI_DATA,813238,1a:00:00:00:00:00,-52,11,-97,18,33,11,221260291,47,2,256,0,""[0,0,0,0,0,0,0,0,0,0,0,0,10,16,7,19,7,21,5,24,2,23,0,26,0,26,-3,25,-4,29,-5,27,-8,28,-11,28,-12,28,-13,28,-19,27,-20,26,-21,28,-23,23,-26,22,-25,24,-26,20,-28,21,-30,17,-29,18,-31,15,-29,14,-31,10,-33,11,-31,10,-31,12,-31,8,-34,9,-32,6,-31,6,-33,7,-31,5,-30,5,-31,6,-32,5,-32,6,-33,4,-31,6,-32,5,-33,4,-33,2,-31,2,-34,0,-32,0,-36,0,-37,-1,-36,-3,-35,-4,-37,-5,-35,-8,-37,-5,-37,-7,-36,-10,0,0,0,0,0,0,-17,33,-17,31,-16,31,-17,28,-15,26,-17,26,-17,26,-21,26,-18,21,-20,21,-17,21,-18,18,-17,21,-18,18,-19,16,-16,16,-17,17,-17,15,-16,15,-16,14,-15,15,-15,13,-16,13,-15,13,-15,10,-16,11,-14,10,-15,12,-16,10,-13,10,-14,8,-15,8,-14,7,-14,8,-14,6,-15,6,-15,5,-13,5,-15,5,-12,3,-11,3,-12,3,-12,1,-12,2,-10,0,-10,1,-10,0,-9,0,-9,-1,-8,-1,-8,-1,-8,-1,-8,-3,-6,-2,-7,-2,-5,-4,-5,-4,0,0,0,0,0,0,0,0,0,0]"""
1782212769451,2026-06-23T20:06:09.451,danger,fall,lmh,bed_stand_to_lie_fall,t018,"CSI_DATA,813239,1a:00:00:00:00:00,-52,11,-97,22,32,11,221277802,47,2,256,0,""[0,0,0,0,0,0,0,0,0,0,0,0,20,10,19,12,19,12,19,15,18,16,16,19,15,23,15,22,16,25,15,26,12,29,12,29,15,28,11,31,6,34,8,35,8,35,5,33,2,32,4,36,1,34,0,37,-3,34,-1,37,-2,37,-2,34,-5,35,-5,35,-5,35,-5,34,-7,32,-6,37,-6,33,-5,33,-5,34,-6,34,-4,31,-3,33,-5,35,-4,32,-6,34,-2,36,-3,35,-5,35,-5,37,-5,35,-7,37,-5,36,-5,36,-6,36,-7,37,-6,38,-9,39,-10,37,-9,39,-10,39,-10,36,0,0,0,0,0,0,35,16,33,15,34,14,31,15,31,15,28,15,27,12,29,15,26,15,24,15,26,16,23,15,25,14,24,15,22,12,23,11,23,11,20,10,20,13,19,10,20,10,20,9,18,10,18,10,16,10,17,8,16,10,17,6,17,8,17,8,15,6,15,10,14,7,15,7,15,8,14,8,13,10,13,7,13,8,11,10,10,8,10,9,9,9,10,5,10,7,10,5,8,6,8,8,6,7,5,8,6,6,5,6,4,5,4,5,5,5,2,5,3,7,0,0,0,0,0,0,0,0,0,0]"""
1782212769461,2026-06-23T20:06:09.461,danger,fall,lmh,bed_stand_to_lie_fall,t018,"CSI_DATA,813240,1a:00:00:00:00:00,-52,11,-97,18,33,11,221282291,47,2,256,0,""[0,0,0,0,0,0,0,0,0,0,0,0,3,-21,5,-20,5,-21,10,-21,10,-21,14,-20,15,-20,17,-17,19,-19,21,-18,22,-17,25,-17,26,-17,28,-15,31,-10,31,-11,31,-11,32,-5,33,-5,32,-4,31,0,36,0,33,1,35,0,36,3,33,2,34,5,34,6,34,8,33,7,29,9,33,9,32,10,30,9,32,10,31,10,29,10,31,9,31,9,31,10,31,12,30,9,31,12,32,12,31,13,30,14,30,15,30,15,31,15,32,17,31,17,31,16,31,22,29,22,32,21,31,23,31,24,0,0,0,0,0,0,29,-25,28,-23,27,-24,27,-19,26,-19,26,-16,26,-17,27,-17,25,-14,25,-13,24,-10,22,-10,22,-11,23,-10,23,-10,21,-10,23,-10,21,-10,20,-7,20,-9,20,-9,20,-6,19,-7,18,-5,19,-5,18,-5,16,-5,17,-6,18,-5,15,-7,15,-3,16,-3,15,-5,15,-4,15,-2,17,-1,16,-1,14,-1,15,-1,13,0,13,0,13,0,12,0,12,0,11,1,10,1,10,2,10,3,9,3,7,2,6,4,8,3,9,4,6,4,5,4,5,4,5,3,0,0,0,0,0,0,0,0,0,0]"""
1782212769480,2026-06-23T20:06:09.480,danger,fall,lmh,bed_stand_to_lie_fall,t018,"CSI_DATA,813242,1a:00:00:00:00:00,-52,11,-97,14,34,11,221304291,47,2,256,0,""[0,0,0,0,0,0,0,0,0,0,0,0,-19,9,-20,5,-21,5,-25,4,-23,2,-24,0,-26,0,-26,-5,-28,-6,-27,-6,-29,-8,-26,-10,-31,-10,-29,-14,-26,-18,-27,-19,-27,-19,-26,-22,-23,-22,-21,-25,-20,-27,-24,-26,-21,-27,-21,-27,-20,-30,-19,-27,-16,-28,-16,-30,-15,-30,-15,-28,-13,-28,-15,-32,-14,-30,-15,-30,-15,-30,-13,-31,-11,-28,-14,-29,-13,-30,-15,-29,-11,-30,-14,-31,-13,-31,-15,-32,-10,-31,-10,-31,-11,-32,-11,-31,-11,-33,-11,-35,-11,-34,-10,-34,-7,-37,-5,-37,-7,-37,-7,-37,-6,-37,0,0,0,0,0,0,-36,0,-37,-1,-34,0,-32,-3,-33,-3,-31,-4,-32,-3,-32,-5,-27,-5,-29,-5,-26,-5,-26,-5,-26,-6,-25,-5,-25,-5,-23,-5,-24,-4,-23,-5,-21,-5,-21,-6,-21,-4,-21,-5,-19,-3,-19,-5,-19,-5,-18,-5,-17,-6,-19,-3,-17,-6,-17,-3,-16,-5,-16,-6,-15,-5,-15,-4,-14,-5,-15,-6,-14,-5,-13,-5,-12,-6,-11,-7,-10,-6,-10,-6,-10,-6,-10,-5,-10,-5,-8,-6,-6,-6,-8,-5,-6,-7,-5,-5,-5,-6,-5,-5,-5,-5,-3,-6,-3,-5,-3,-5,-2,-6,0,0,0,0,0,0,0,0,0,0]"""
1782212769488,2026-06-23T20:06:09.488,danger,fall,lmh,bed_stand_to_lie_fall,t018,"CSI_DATA,813243,1a:00:00:00:00:00,-52,11,-97,19,33,11,221315290,47,2,256,0,""[0,0,0,0,0,0,0,0,0,0,0,0,-2,-20,0,-21,1,-22,4,-24,6,-22,8,-24,11,-22,11,-22,13,-25,15,-22,17,-23,18,-23,21,-23,22,-23,26,-19,26,-19,27,-21,29,-17,29,-16,32,-13,33,-12,32,-13,33,-12,32,-12,34,-10,31,-10,32,-8,33,-6,33,-6,34,-7,31,-4,35,-5,35,-4,32,-3,33,-6,33,-4,30,-4,31,-6,34,-3,33,-5,33,-4,32,-5,33,-4,35,-6,32,-3,33,-4,35,-2,34,-3,35,-1,36,-2,35,-2,35,-2,37,1,37,1,38,0,38,2,39,2,0,0,0,0,0,0,9,-35,9,-35,6,-35,8,-31,7,-31,10,-29,9,-30,11,-31,10,-27,11,-25,10,-26,10,-24,10,-25,10,-22,9,-22,8,-22,8,-23,8,-22,10,-19,9,-19,7,-20,8,-18,7,-17,8,-17,8,-17,8,-17,8,-16,6,-17,8,-17,6,-16,8,-14,7,-15,8,-14,7,-15,6,-14,8,-14,9,-13,8,-11,9,-12,8,-10,7,-10,8,-9,8,-8,8,-8,8,-7,7,-7,7,-7,8,-7,7,-6,6,-5,7,-5,6,-4,7,-4,7,-2,4,-3,7,-2,5,-3,0,0,0,0,0,0,0,0,0,0]"""
1782212769498,2026-06-23T20:06:09.498,danger,fall,lmh,bed_stand_to_lie_fall,t018,"CSI_DATA,813244,1a:00:00:00:00:00,-52,11,-97,14,34,11,221326290,47,2,256,0,""[0,0,0,0,0,0,0,0,0,0,0,0,20,7,18,7,20,10,20,14,20,15,18,16,17,17,17,20,18,21,17,23,16,26,15,26,15,28,14,29,10,30,9,31,10,32,6,34,5,31,4,35,2,35,0,35,0,35,0,34,0,35,0,33,-4,33,-4,34,-5,33,-4,33,-5,31,-5,34,-6,32,-5,31,-5,33,-5,32,-5,32,-4,32,-5,31,-3,32,-5,31,-4,32,-7,32,-4,34,-6,31,-5,34,-8,33,-5,32,-5,33,-8,36,-8,34,-7,35,-11,37,-12,35,-10,37,-11,35,-13,35,0,0,0,0,0,0,32,16,32,17,30,15,29,17,28,17,26,18,26,17,25,16,25,17,23,18,23,16,21,17,21,15,21,15,20,15,20,13,20,14,18,12,16,12,18,13,17,11,18,12,15,10,15,10,15,12,15,10,15,12,16,10,15,11,15,10,13,10,15,10,12,10,13,10,12,10,11,10,11,10,10,10,11,10,9,10,9,10,8,10,8,10,7,10,6,9,7,9,5,8,6,7,3,8,4,7,2,8,3,6,3,6,1,6,3,6,1,6,0,5,0,0,0,0,0,0,0,0,0,0]"""
1782212769511,2026-06-23T20:06:09.511,danger,fall,lmh,bed_stand_to_lie_fall,t018,"CSI_DATA,813245,1a:00:00:00:00:00,-52,11,-97,19,33,11,221337290,47,2,256,0,""[0,0,0,0,0,0,0,0,0,0,0,0,-20,-6,-19,-8,-21,-9,-20,-10,-20,-12,-20,-13,-21,-15,-21,-16,-22,-17,-22,-18,-22,-20,-22,-20,-23,-21,-22,-22,-20,-26,-22,-26,-22,-26,-22,-27,-19,-25,-21,-26,-20,-27,-18,-29,-19,-28,-19,-27,-19,-30,-20,-26,-18,-28,-18,-28,-20,-28,-21,-27,-17,-26,-21,-27,-22,-26,-20,-25,-22,-24,-22,-23,-23,-22,-24,-21,-24,-22,-26,-18,-25,-20,-26,-19,-27,-18,-29,-17,-27,-18,-29,-17,-29,-18,-29,-15,-31,-16,-33,-17,-34,-16,-32,-16,-33,-16,-32,-18,-36,-16,-35,-14,-32,-14,0,0,0,0,0,0,-15,33,-16,33,-12,33,-14,31,-12,31,-11,28,-9,31,-12,29,-10,27,-9,26,-8,26,-7,24,-8,25,-6,26,-5,23,-3,22,-2,26,-2,22,-3,22,-1,22,0,22,-1,22,0,20,0,19,0,20,0,20,2,19,4,19,2,19,4,17,3,16,3,16,2,17,4,16,4,14,4,16,4,15,4,13,4,13,4,13,4,12,4,13,3,12,3,11,4,11,4,11,3,8,2,9,3,8,2,8,1,8,1,8,1,7,2,8,0,5,0,6,0,5,0,0,0,0,0,0,0,0,0,0]"""
1782212769522,2026-06-23T20:06:09.522,danger,fall,lmh,bed_stand_to_lie_fall,t018,"CSI_DATA,813246,1a:00:00:00:00:00,-52,11,-97,14,34,11,221348290,47,2,256,0,""[0,0,0,0,0,0,0,0,0,0,0,0,9,-19,11,-18,10,-18,14,-19,14,-19,16,-19,18,-19,17,-19,21,-21,21,-20,22,-19,22,-20,23,-21,26,-19,28,-18,27,-18,26,-21,30,-18,27,-18,28,-16,30,-15,29,-17,29,-17,30,-19,31,-16,28,-19,30,-15,28,-18,28,-17,27,-19,26,-16,28,-20,25,-20,25,-20,24,-21,26,-22,21,-21,22,-24,21,-24,21,-25,22,-26,20,-26,21,-26,19,-29,18,-27,17,-28,17,-28,15,-29,17,-31,15,-33,15,-32,16,-33,17,-35,17,-32,14,-35,15,-35,14,-34,0,0,0,0,0,0,-33,-15,-32,-15,-32,-11,-31,-14,-31,-10,-29,-13,-28,-10,-29,-10,-27,-8,-26,-9,-26,-7,-25,-7,-26,-5,-26,-5,-24,-4,-24,-2,-25,-2,-23,-2,-22,-1,-21,0,-21,1,-21,0,-19,3,-19,2,-19,2,-20,3,-18,3,-17,5,-17,4,-16,5,-16,4,-17,5,-15,5,-15,5,-15,5,-15,5,-13,5,-13,6,-14,5,-12,5,-11,5,-12,5,-11,5,-10,5,-10,4,-10,5,-10,3,-8,5,-8,3,-8,3,-8,2,-7,3,-7,2,-6,2,-6,2,-5,2,-6,1,0,0,0,0,0,0,0,0,0,0]"""
1782212769531,2026-06-23T20:06:09.531,danger,fall,lmh,bed_stand_to_lie_fall,t018,"CSI_DATA,813247,1a:00:00:00:00:00,-52,11,-97,17,33,11,221359290,47,2,256,0,""[0,0,0,0,0,0,0,0,0,0,0,0,-4,-20,-1,-20,0,-23,2,-23,5,-25,8,-23,9,-23,11,-22,13,-25,16,-24,19,-23,19,-22,21,-23,23,-20,27,-16,30,-17,29,-19,32,-14,32,-11,30,-9,31,-6,35,-7,34,-5,33,-4,37,-2,33,-2,33,2,34,2,34,4,32,2,31,6,33,6,32,7,32,7,32,8,32,8,31,9,31,8,32,10,32,9,31,12,30,11,29,12,32,13,29,13,30,14,28,17,30,14,29,18,32,19,31,20,28,20,27,25,27,25,28,25,28,26,26,27,0,0,0,0,0,0,32,-19,33,-17,30,-16,30,-14,30,-12,29,-9,31,-9,31,-9,29,-6,25,-5,25,-6,25,-4,25,-5,27,-4,25,-2,23,-4,25,-5,23,-2,22,0,21,0,20,-1,21,0,19,0,19,0,20,1,19,1,19,1,18,0,18,1,16,0,17,2,17,3,17,4,16,2,14,4,15,5,14,4,12,5,13,7,12,6,12,6,11,6,11,6,10,6,9,7,8,7,6,7,7,7,6,6,6,6,5,6,4,6,3,8,3,6,2,6,1,6,0,6,0,0,0,0,0,0,0,0,0,0]"""
1782212769546,2026-06-23T20:06:09.546,danger,fall,lmh,bed_stand_to_lie_fall,t018,"CSI_DATA,813248,1a:00:00:00:00:00,-52,11,-97,20,33,11,221371317,47,2,256,0,""[0,0,0,0,0,0,0,0,0,0,0,0,-12,-16,-10,-19,-9,-19,-8,-23,-7,-23,-4,-24,-4,-25,-1,-27,-1,-30,0,-28,2,-31,2,-30,4,-31,7,-30,11,-30,11,-30,11,-33,15,-29,15,-30,18,-28,21,-27,19,-27,21,-27,22,-27,24,-27,21,-25,23,-23,24,-24,24,-22,23,-23,23,-21,27,-25,25,-21,23,-21,23,-23,23,-23,23,-20,24,-21,24,-22,23,-22,25,-22,24,-23,25,-23,25,-23,27,-23,24,-21,26,-23,26,-22,27,-21,30,-21,30,-22,29,-21,32,-20,31,-19,32,-20,32,-21,31,-19,0,0,0,0,0,0,-12,-35,-11,-34,-11,-33,-9,-31,-10,-31,-7,-32,-8,-29,-7,-32,-5,-28,-5,-27,-7,-27,-5,-25,-6,-25,-5,-24,-4,-26,-5,-23,-5,-24,-4,-23,-2,-21,-3,-21,-5,-21,-3,-22,-3,-19,-3,-19,-3,-19,-3,-19,-4,-19,-4,-19,-3,-18,-3,-17,-1,-16,-3,-18,-2,-16,-2,-15,-1,-15,0,-16,-1,-15,0,-15,0,-14,0,-13,0,-12,0,-14,0,-13,0,-11,1,-10,0,-10,3,-11,2,-10,3,-9,3,-9,3,-8,2,-7,3,-6,2,-4,3,-6,3,-6,3,-4,0,0,0,0,0,0,0,0,0,0]"""
1782212769556,2026-06-23T20:06:09.556,danger,fall,lmh,bed_stand_to_lie_fall,t018,"CSI_DATA,813249,1a:00:00:00:00:00,-52,11,-97,17,33,11,221381290,47,2,256,0,""[0,0,0,0,0,0,0,0,0,0,0,0,2,21,0,21,-1,22,-3,24,-6,23,-10,22,-11,23,-12,21,-14,25,-16,23,-19,22,-21,22,-24,22,-24,19,-28,17,-27,16,-29,18,-30,12,-31,10,-32,11,-32,8,-35,7,-33,4,-34,4,-36,0,-33,1,-34,-1,-34,-1,-33,-3,-34,-2,-32,-4,-36,-4,-33,-4,-32,-6,-32,-6,-32,-6,-29,-7,-32,-5,-32,-6,-32,-7,-32,-9,-31,-6,-32,-9,-33,-10,-32,-12,-32,-11,-32,-13,-31,-12,-31,-13,-32,-17,-32,-17,-31,-16,-31,-19,-30,-21,-33,-21,-32,-22,-29,-22,0,0,0,0,0,0,-28,24,-27,22,-26,23,-26,19,-25,17,-27,16,-26,16,-27,16,-26,13,-25,12,-25,12,-23,10,-24,12,-24,9,-23,9,-20,9,-23,9,-21,7,-21,5,-19,6,-20,7,-21,6,-18,5,-19,5,-19,3,-19,4,-18,4,-19,5,-19,3,-17,4,-16,1,-17,1,-17,1,-15,2,-15,1,-16,0,-15,0,-14,0,-14,0,-14,-2,-12,-1,-11,-2,-12,-3,-12,-3,-12,-3,-10,-4,-9,-3,-9,-5,-8,-4,-6,-4,-6,-4,-6,-4,-6,-4,-6,-4,-4,-5,-5,-5,-3,-6,0,0,0,0,0,0,0,0,0,0]"""
1782212769566,2026-06-23T20:06:09.566,danger,fall,lmh,bed_stand_to_lie_fall,t018,"CSI_DATA,813250,1a:00:00:00:00:00,-52,11,-97,18,33,11,221393630,47,2,256,0,""[0,0,0,0,0,0,0,0,0,0,0,0,-3,-21,0,-21,0,-23,2,-23,6,-24,9,-23,10,-23,12,-22,15,-25,16,-25,19,-22,21,-21,22,-22,23,-21,27,-18,29,-16,29,-16,31,-14,31,-10,33,-10,34,-7,34,-5,34,-4,34,-2,36,0,32,0,32,4,33,3,34,4,33,5,31,5,33,8,33,6,31,7,32,8,30,9,29,9,31,9,31,11,33,9,31,11,30,10,30,13,33,12,30,14,30,15,30,16,30,15,30,17,31,19,28,20,28,21,27,25,26,24,28,26,27,25,26,28,0,0,0,0,0,0,32,-19,31,-18,31,-17,30,-14,29,-15,30,-9,30,-11,31,-9,28,-7,27,-5,26,-6,25,-5,26,-5,26,-4,25,-2,22,-4,26,-3,23,-1,21,-1,22,-2,21,-2,21,0,18,-1,19,0,20,0,19,0,18,2,19,0,18,2,18,1,16,2,16,2,18,3,16,2,14,4,15,5,15,5,13,5,14,6,10,6,11,6,10,5,11,5,10,6,9,8,8,6,8,7,7,7,5,6,5,5,5,7,3,5,4,6,2,7,2,6,1,5,1,6,0,0,0,0,0,0,0,0,0,0]"""
1782212769576,2026-06-23T20:06:09.576,danger,fall,lmh,bed_stand_to_lie_fall,t018,"CSI_DATA,813251,1a:00:00:00:00:00,-52,11,-97,18,33,11,221403355,47,2,256,0,""[0,0,0,0,0,0,0,0,0,0,0,0,-4,-20,0,-19,0,-23,1,-24,5,-25,6,-22,8,-24,10,-24,12,-26,14,-25,15,-24,17,-24,20,-25,21,-23,26,-20,26,-20,25,-21,30,-17,27,-15,31,-13,33,-12,31,-12,32,-12,31,-10,34,-9,31,-9,33,-5,33,-5,34,-4,33,-4,32,-3,33,-4,32,-3,32,-1,34,-2,33,-2,31,-1,31,-2,33,0,34,-2,33,0,33,-1,33,1,35,0,31,1,33,0,33,1,33,0,35,3,37,4,36,4,37,5,37,8,36,9,37,8,37,10,36,10,0,0,0,0,0,0,18,-31,16,-32,15,-30,17,-29,16,-29,17,-25,17,-26,18,-26,19,-22,19,-21,15,-21,15,-20,15,-21,16,-21,16,-18,15,-17,16,-18,15,-17,16,-15,15,-16,13,-16,14,-15,12,-14,14,-13,14,-13,14,-13,14,-14,13,-12,14,-12,11,-11,14,-10,12,-12,14,-10,12,-10,11,-9,12,-9,14,-8,12,-8,13,-7,12,-6,10,-6,12,-5,12,-5,10,-5,11,-2,10,-4,10,-1,10,-2,8,-3,9,-1,8,-1,6,0,7,0,7,0,5,0,6,1,5,0,0,0,0,0,0,0,0,0,0,0]"""
1782212769588,2026-06-23T20:06:09.588,danger,fall,lmh,bed_stand_to_lie_fall,t018,"CSI_DATA,813252,1a:00:00:00:00:00,-52,11,-97,18,33,11,221414397,47,2,256,0,""[0,0,0,0,0,0,0,0,0,0,0,0,-3,20,-5,20,-9,21,-11,21,-13,21,-14,20,-15,18,-18,17,-21,20,-22,18,-24,17,-26,16,-27,16,-28,15,-31,10,-30,10,-31,10,-34,7,-32,6,-34,2,-35,0,-34,0,-33,0,-35,0,-36,-1,-33,0,-32,-5,-33,-5,-33,-6,-33,-4,-30,-5,-36,-6,-32,-9,-31,-8,-33,-7,-31,-7,-29,-6,-31,-6,-31,-8,-32,-5,-31,-9,-31,-6,-32,-9,-32,-8,-31,-10,-31,-10,-31,-10,-31,-10,-32,-12,-35,-13,-34,-13,-33,-13,-33,-16,-31,-16,-34,-16,-34,-18,-31,-18,0,0,0,0,0,0,-24,29,-22,26,-21,28,-22,23,-21,24,-22,21,-21,21,-24,21,-21,19,-22,17,-21,18,-20,15,-20,17,-20,15,-20,14,-17,15,-18,15,-17,15,-19,13,-16,14,-15,15,-17,11,-15,13,-16,11,-15,10,-15,11,-15,10,-14,11,-15,10,-13,10,-14,10,-15,9,-15,7,-13,9,-13,7,-14,8,-15,7,-12,6,-14,5,-12,4,-11,5,-11,5,-13,2,-10,4,-11,2,-9,2,-10,2,-10,1,-8,1,-6,0,-8,0,-7,0,-6,0,-8,0,-6,-1,-6,-1,-5,-2,0,0,0,0,0,0,0,0,0,0]"""
1782212769602,2026-06-23T20:06:09.602,danger,fall,lmh,bed_stand_to_lie_fall,t018,"CSI_DATA,813253,1a:00:00:00:00:00,-52,11,-97,14,34,11,221429371,47,2,256,0,""[0,0,0,0,0,0,0,0,0,0,0,0,11,16,10,20,8,21,6,21,5,24,2,25,1,26,0,26,0,30,-1,28,-4,30,-4,30,-4,31,-8,31,-11,31,-12,31,-13,31,-15,31,-16,29,-20,28,-21,29,-20,28,-21,27,-21,27,-23,27,-19,27,-24,23,-23,25,-24,23,-23,25,-22,21,-25,24,-23,23,-24,22,-23,23,-25,22,-23,21,-23,24,-23,22,-21,24,-23,23,-21,24,-23,23,-23,26,-25,22,-23,25,-25,23,-24,24,-25,24,-27,25,-26,24,-26,25,-30,23,-30,21,-29,26,-29,23,-30,22,0,0,0,0,0,0,17,32,17,31,20,30,16,31,15,29,14,29,13,28,12,29,12,26,10,27,10,25,9,24,10,24,9,24,9,24,10,21,10,22,10,21,7,21,10,20,10,21,8,20,7,18,8,18,8,18,7,17,7,16,8,15,7,17,8,15,6,16,6,15,6,15,5,14,6,14,5,15,5,14,3,13,4,14,3,14,3,13,3,12,2,12,3,10,1,11,1,10,1,10,1,10,0,10,0,9,0,9,0,8,0,7,-1,7,-1,6,-1,6,0,5,0,0,0,0,0,0,0,0,0,0]"""
1782212769614,2026-06-23T20:06:09.614,danger,fall,lmh,bed_stand_to_lie_fall,t018,"CSI_DATA,813254,1a:00:00:00:00:00,-52,11,-97,18,33,11,221437134,47,2,256,0,""[0,0,0,0,0,0,0,0,0,0,0,0,-20,5,-21,4,-21,5,-25,2,-25,1,-26,-1,-26,-2,-26,-5,-30,-4,-28,-6,-30,-9,-28,-9,-31,-10,-31,-12,-27,-15,-29,-16,-30,-15,-27,-17,-25,-18,-28,-19,-26,-21,-28,-23,-26,-23,-25,-21,-26,-25,-24,-22,-22,-26,-22,-24,-23,-25,-23,-23,-21,-23,-23,-25,-24,-25,-23,-22,-23,-23,-24,-23,-22,-21,-22,-22,-24,-21,-25,-21,-24,-23,-26,-20,-24,-21,-26,-22,-23,-21,-26,-20,-26,-22,-26,-20,-27,-21,-28,-23,-27,-24,-26,-23,-27,-25,-26,-26,-29,-26,-28,-24,-27,-23,0,0,0,0,0,0,-29,24,-29,24,-26,23,-25,21,-25,21,-25,20,-24,20,-23,21,-22,18,-21,16,-21,16,-19,15,-20,17,-19,15,-19,15,-17,15,-17,16,-17,15,-17,15,-14,15,-13,15,-15,14,-12,13,-13,13,-14,14,-13,14,-13,12,-12,14,-13,14,-10,13,-10,12,-10,12,-11,12,-10,12,-10,11,-10,10,-11,11,-9,11,-10,10,-9,9,-9,10,-9,7,-10,9,-8,8,-9,8,-8,6,-8,5,-7,5,-6,5,-7,5,-6,4,-5,5,-5,2,-8,2,-5,3,-5,3,-5,1,0,0,0,0,0,0,0,0,0,0]"""
1782212769621,2026-06-23T20:06:09.621,danger,fall,lmh,bed_stand_to_lie_fall,t018,"CSI_DATA,813255,1a:00:00:00:00:00,-52,11,-97,14,34,11,221447290,47,2,256,0,""[0,0,0,0,0,0,0,0,0,0,0,0,19,-5,21,-3,21,-2,24,0,25,0,24,3,26,5,26,9,27,9,26,11,27,12,28,13,29,14,27,15,25,21,24,21,26,22,23,24,21,24,22,26,21,26,19,29,18,28,20,28,19,31,17,29,15,28,15,31,14,31,15,31,13,29,15,32,13,31,12,30,13,31,11,30,12,28,15,29,14,30,15,28,13,29,14,28,12,31,15,31,12,31,12,31,11,31,12,31,12,32,13,34,14,34,13,33,10,37,9,36,12,36,11,37,10,36,0,0,0,0,0,0,37,-4,37,-2,35,-5,33,0,33,-1,32,0,31,0,31,0,29,1,28,2,27,0,25,1,26,0,26,1,25,0,24,0,25,0,25,0,22,1,22,0,22,-1,21,1,20,0,19,0,19,0,19,0,17,1,19,0,20,0,16,0,16,0,17,0,17,0,16,0,15,0,16,1,15,2,14,2,15,2,14,3,12,2,12,2,13,3,12,2,10,3,9,4,9,4,10,3,7,3,7,5,8,5,7,5,5,3,5,3,5,4,5,3,5,5,0,0,0,0,0,0,0,0,0,0]"""
1782212769634,2026-06-23T20:06:09.634,danger,fall,lmh,bed_stand_to_lie_fall,t018,"CSI_DATA,813256,1a:00:00:00:00:00,-52,11,-97,17,33,11,221460996,47,2,256,0,""[0,0,0,0,0,0,0,0,0,0,0,0,11,17,10,19,10,21,8,23,5,24,4,25,1,24,0,26,0,29,-4,28,-6,28,-7,28,-9,31,-12,31,-16,28,-15,29,-14,30,-19,27,-19,26,-24,23,-26,21,-25,25,-26,21,-27,23,-28,20,-27,20,-28,17,-31,17,-29,14,-29,17,-27,15,-32,15,-30,12,-29,12,-31,13,-29,12,-29,11,-29,12,-31,12,-29,14,-31,11,-29,13,-32,12,-33,12,-32,9,-32,8,-33,8,-32,8,-33,7,-36,7,-37,8,-34,6,-38,4,-37,2,-38,6,-38,3,-35,0,0,0,0,0,0,0,-6,38,-8,36,-5,34,-7,32,-6,32,-8,29,-8,31,-10,30,-10,27,-10,25,-9,26,-11,23,-11,25,-12,23,-10,22,-9,21,-9,21,-9,20,-12,19,-10,19,-7,20,-9,19,-9,17,-10,17,-11,16,-11,16,-9,15,-8,16,-10,15,-8,15,-10,14,-10,14,-9,13,-8,13,-8,12,-10,12,-11,11,-10,10,-11,10,-11,8,-11,9,-9,9,-10,8,-9,6,-9,6,-8,6,-8,4,-9,6,-9,4,-8,3,-7,2,-7,1,-7,2,-6,0,-7,0,-6,0,-6,0,0,0,0,0,0,0,0,0,0,0]"""
1782212769646,2026-06-23T20:06:09.646,danger,fall,lmh,bed_stand_to_lie_fall,t018,"CSI_DATA,813257,1a:00:00:00:00:00,-52,11,-97,14,34,11,221469289,47,2,256,0,""[0,0,0,0,0,0,0,0,0,0,0,0,-21,-4,-20,-5,-21,-8,-21,-10,-21,-12,-21,-15,-21,-15,-20,-15,-21,-18,-21,-21,-21,-22,-20,-22,-21,-25,-19,-26,-14,-27,-15,-31,-15,-30,-12,-32,-10,-31,-12,-31,-11,-31,-10,-34,-7,-33,-7,-33,-6,-35,-6,-33,-4,-33,-5,-34,-2,-35,-5,-34,-1,-32,-4,-35,-4,-33,-3,-32,-4,-33,-4,-31,-4,-31,-5,-32,-4,-32,-5,-32,-5,-32,-5,-31,-4,-33,-6,-34,-2,-32,-5,-33,-4,-34,-6,-32,-5,-34,-5,-37,-5,-37,-5,-35,-2,-37,0,-37,-4,-40,-2,-38,-1,-37,0,0,0,0,0,0,-38,-5,-37,-2,-34,0,-32,-3,-33,-3,-31,-5,-31,-3,-31,-5,-29,-4,-27,-7,-26,-5,-26,-4,-26,-3,-25,-4,-24,-4,-23,-2,-26,-1,-22,-2,-21,-4,-21,-4,-21,0,-20,-2,-20,-1,-20,-1,-20,0,-18,-1,-19,-2,-18,0,-18,0,-17,0,-16,-1,-15,-1,-17,-2,-15,0,-15,-1,-16,-2,-14,-2,-14,-1,-15,-2,-13,-3,-13,-3,-13,-2,-12,-3,-11,-3,-11,-2,-10,-4,-10,-4,-10,-3,-8,-3,-8,-2,-6,-4,-5,-3,-6,-4,-5,-3,-6,-3,-5,-3,-4,-4,0,0,0,0,0,0,0,0,0,0]"""
1782212769654,2026-06-23T20:06:09.654,danger,fall,lmh,bed_stand_to_lie_fall,t018,"CSI_DATA,813258,1a:00:00:00:00:00,-52,11,-97,18,33,11,221480289,47,2,256,0,""[0,0,0,0,0,0,0,0,0,0,0,0,6,-21,8,-20,10,-20,13,-20,15,-20,16,-19,17,-19,18,-18,21,-20,22,-18,23,-17,24,-16,26,-17,28,-16,29,-13,31,-12,31,-12,34,-10,31,-9,31,-9,31,-7,34,-6,33,-5,34,-6,37,-4,34,-5,34,-1,35,-1,34,0,33,-2,31,-1,34,0,33,-1,32,0,33,-3,32,-2,31,-2,32,-4,33,-3,32,-5,33,-3,32,-5,32,-3,34,-6,31,-3,33,-5,34,-3,33,-5,35,-5,36,-4,36,-5,37,-4,38,-1,37,-1,37,-4,37,-1,36,-2,0,0,0,0,0,0,3,-37,2,-37,0,-34,2,-33,2,-32,3,-31,2,-31,4,-32,4,-29,4,-28,2,-26,2,-26,1,-26,3,-25,2,-24,1,-22,2,-25,1,-22,1,-21,1,-21,0,-21,2,-22,1,-19,0,-19,0,-18,1,-19,0,-19,0,-18,0,-19,-1,-17,0,-17,0,-15,0,-16,0,-15,-1,-15,1,-16,0,-15,0,-14,0,-15,0,-14,0,-13,0,-13,0,-12,1,-12,1,-10,1,-10,1,-10,1,-10,3,-8,1,-8,1,-7,1,-7,4,-5,2,-7,2,-6,4,-6,3,-5,0,0,0,0,0,0,0,0,0,0]"""
1782212769674,2026-06-23T20:06:09.674,danger,fall,lmh,bed_stand_to_lie_fall,t018,"CSI_DATA,813259,1a:00:00:00:00:00,-52,11,-97,13,34,11,221502364,47,2,256,0,""[0,0,0,0,0,0,0,0,0,0,0,0,20,6,19,8,20,9,19,13,19,13,19,16,20,17,19,19,20,20,19,21,19,22,18,23,19,25,18,25,14,29,15,30,16,30,12,32,12,31,10,32,8,32,10,32,8,34,11,33,9,35,9,32,7,34,6,33,6,33,7,32,6,31,7,33,7,33,7,32,8,32,8,32,7,32,10,30,10,32,12,30,11,32,12,30,10,32,13,32,12,31,12,32,12,32,12,31,12,32,13,33,13,33,14,32,12,35,12,34,13,36,12,36,12,36,0,0,0,0,0,0,36,-11,35,-10,32,-11,32,-6,32,-7,30,-6,30,-7,30,-7,28,-6,26,-6,26,-6,25,-6,26,-6,25,-7,24,-7,23,-7,23,-7,21,-7,21,-7,21,-7,19,-9,19,-6,18,-7,18,-7,19,-7,18,-6,16,-7,15,-10,17,-8,15,-7,14,-7,14,-7,14,-7,13,-8,12,-7,14,-7,14,-7,12,-6,12,-6,12,-5,12,-6,12,-5,11,-5,11,-5,11,-4,9,-3,10,-3,10,-3,7,-1,7,-2,8,-1,7,-1,6,-1,7,0,6,-1,6,0,6,0,0,0,0,0,0,0,0,0,0,0]"""
1782212769684,2026-06-23T20:06:09.684,danger,fall,lmh,bed_stand_to_lie_fall,t018,"CSI_DATA,813260,1a:00:00:00:00:00,-52,11,-97,13,34,11,221502472,47,2,256,0,""[0,0,0,0,0,0,0,0,0,0,0,0,20,-1,21,2,22,3,22,6,23,7,23,11,22,12,21,14,23,16,20,19,23,20,21,20,22,23,19,25,16,27,15,27,16,30,13,31,12,31,7,35,6,34,6,33,4,34,6,35,2,34,3,33,0,33,-1,34,-1,32,-2,32,-4,32,-3,34,-5,32,-6,32,-6,33,-5,32,-6,31,-3,32,-6,32,-5,32,-7,32,-6,32,-6,32,-8,33,-9,32,-9,32,-12,33,-12,31,-12,32,-12,33,-12,35,-13,33,-17,33,-19,31,-17,35,-19,32,-19,32,0,0,0,0,0,0,26,25,25,25,25,23,23,26,21,25,20,25,19,22,19,25,18,23,15,25,14,24,12,22,12,23,12,21,12,23,13,20,12,20,12,19,10,19,9,18,11,19,9,19,9,18,7,18,6,18,7,18,6,17,9,16,6,16,7,15,6,17,6,17,5,16,4,14,6,14,5,16,2,15,1,13,2,14,0,13,1,12,0,13,0,12,0,11,0,10,0,11,0,10,-1,9,-1,9,-2,9,-3,7,-2,7,-3,7,-2,6,-4,5,-2,5,-3,5,0,0,0,0,0,0,0,0,0,0]"""
1782212769695,2026-06-23T20:06:09.695,danger,fall,lmh,bed_stand_to_lie_fall,t018,"CSI_DATA,813261,1a:00:00:00:00:00,-52,11,-97,14,34,11,221513289,47,2,256,0,""[0,0,0,0,0,0,0,0,0,0,0,0,-19,-6,-20,-8,-18,-10,-20,-14,-19,-13,-19,-15,-18,-16,-18,-18,-20,-20,-17,-21,-17,-23,-18,-23,-19,-25,-17,-26,-15,-30,-14,-29,-17,-31,-13,-31,-11,-31,-13,-31,-10,-31,-10,-33,-8,-32,-9,-33,-9,-36,-10,-32,-5,-32,-6,-36,-7,-31,-9,-32,-6,-31,-9,-34,-7,-31,-7,-31,-10,-32,-9,-31,-8,-29,-11,-30,-10,-31,-12,-30,-10,-31,-13,-29,-13,-30,-14,-32,-12,-31,-14,-29,-13,-31,-14,-31,-15,-31,-17,-32,-16,-33,-15,-32,-14,-35,-13,-33,-15,-35,-15,-35,-15,-34,0,0,0,0,0,0,-37,12,-33,11,-32,11,-32,10,-31,10,-31,9,-29,10,-30,9,-27,10,-27,7,-25,7,-23,7,-24,10,-24,9,-22,8,-21,9,-22,10,-22,10,-20,8,-18,8,-19,11,-19,9,-16,10,-16,9,-15,9,-16,10,-15,9,-15,10,-15,10,-13,10,-14,8,-14,9,-14,10,-13,10,-12,8,-15,9,-12,9,-11,9,-12,9,-10,6,-10,5,-10,5,-10,7,-10,6,-10,5,-8,5,-10,5,-9,5,-8,3,-7,3,-8,4,-6,3,-6,2,-7,2,-6,3,-5,1,-5,0,0,0,0,0,0,0,0,0,0,0]"""
1782212769706,2026-06-23T20:06:09.706,danger,fall,lmh,bed_stand_to_lie_fall,t018,"CSI_DATA,813262,1a:00:00:00:00:00,-52,11,-97,19,33,11,221524289,47,2,256,0,""[0,0,0,0,0,0,0,0,0,0,0,0,8,-18,11,-18,13,-17,15,-19,15,-17,18,-17,20,-17,21,-15,23,-17,24,-15,26,-15,26,-15,27,-16,29,-14,31,-12,30,-13,32,-13,32,-8,33,-8,31,-8,31,-7,34,-8,32,-4,35,-6,35,-6,33,-7,32,-4,35,-4,32,-4,32,-7,31,-4,36,-7,32,-6,31,-6,33,-8,32,-8,30,-8,31,-10,32,-9,31,-10,32,-9,30,-13,32,-11,31,-13,33,-12,31,-13,32,-13,31,-13,31,-13,33,-13,34,-14,34,-15,35,-14,33,-12,35,-17,35,-15,35,-13,0,0,0,0,0,0,-12,-35,-10,-34,-13,-33,-11,-31,-10,-31,-9,-31,-9,-27,-10,-31,-8,-26,-8,-27,-8,-25,-9,-24,-11,-24,-8,-24,-9,-23,-10,-22,-12,-22,-10,-20,-8,-20,-10,-17,-13,-18,-9,-19,-11,-17,-9,-17,-9,-16,-10,-14,-10,-15,-12,-14,-10,-15,-11,-13,-9,-13,-10,-13,-10,-12,-9,-12,-10,-11,-10,-13,-9,-12,-8,-12,-8,-11,-7,-10,-8,-10,-7,-10,-7,-9,-6,-8,-5,-9,-5,-7,-7,-8,-5,-8,-5,-8,-4,-7,-3,-6,-4,-7,-4,-6,-3,-5,-1,-5,-2,-6,-1,-7,0,0,0,0,0,0,0,0,0,0]"""
1782212769715,2026-06-23T20:06:09.715,danger,fall,lmh,bed_stand_to_lie_fall,t018,"CSI_DATA,813263,1a:00:00:00:00:00,-52,11,-97,14,34,11,221535289,47,2,256,0,""[0,0,0,0,0,0,0,0,0,0,0,0,18,10,16,12,17,11,20,16,16,16,18,19,17,19,15,21,17,22,15,23,15,26,14,26,15,27,14,28,10,31,11,29,14,32,10,32,9,32,9,31,6,31,10,34,5,32,8,35,7,35,5,32,5,32,6,35,6,33,7,32,5,31,10,35,8,32,7,31,9,33,10,31,8,29,11,31,10,31,13,30,11,31,14,28,13,31,15,31,14,31,14,29,15,31,15,29,16,30,18,33,18,32,17,30,16,34,16,32,19,34,20,34,18,33,0,0,0,0,0,0,34,-15,33,-15,32,-17,30,-14,28,-14,28,-13,27,-13,29,-15,25,-14,25,-11,23,-11,24,-11,23,-13,22,-11,21,-11,20,-12,21,-14,17,-12,19,-12,16,-11,15,-15,17,-13,14,-12,15,-13,14,-12,13,-12,12,-10,13,-14,13,-14,12,-13,11,-11,11,-13,10,-11,10,-12,10,-11,11,-12,10,-11,10,-11,8,-12,10,-10,9,-10,9,-9,7,-9,7,-9,7,-8,5,-7,7,-7,6,-8,6,-6,6,-5,5,-5,5,-5,5,-5,7,-4,5,-5,5,-3,6,-5,0,0,0,0,0,0,0,0,0,0]"""
1782212769725,2026-06-23T20:06:09.725,danger,fall,lmh,bed_stand_to_lie_fall,t018,"CSI_DATA,813264,1a:00:00:00:00:00,-52,11,-97,15,34,11,221546289,47,2,256,0,""[0,0,0,0,0,0,0,0,0,0,0,0,-11,17,-14,16,-14,17,-16,17,-17,17,-19,14,-20,16,-22,14,-24,16,-24,14,-26,14,-27,13,-26,14,-29,13,-31,10,-31,10,-31,13,-34,10,-31,8,-34,6,-35,7,-34,8,-34,6,-34,8,-35,7,-32,8,-33,5,-34,5,-34,4,-32,7,-31,6,-33,7,-31,7,-31,7,-32,8,-31,9,-29,9,-30,12,-30,10,-30,14,-31,12,-28,15,-29,13,-30,16,-30,13,-29,15,-30,17,-29,16,-30,17,-33,18,-31,18,-31,19,-34,18,-31,18,-31,20,-31,20,-31,20,0,0,0,0,0,0,17,33,17,33,18,29,16,29,17,29,15,28,16,26,16,27,14,25,14,23,14,22,13,22,14,22,15,21,15,20,15,17,16,19,15,17,14,17,16,16,17,14,15,15,13,13,14,13,13,13,14,12,13,12,14,10,14,11,15,8,13,9,14,9,13,8,14,8,13,8,13,9,13,8,12,7,12,7,12,8,11,6,11,7,10,7,9,5,8,6,8,6,8,5,8,6,8,5,6,5,7,5,6,5,5,3,6,4,4,4,4,4,4,5,0,0,0,0,0,0,0,0,0,0]"""
1782212769736,2026-06-23T20:06:09.736,danger,fall,lmh,bed_stand_to_lie_fall,t018,"CSI_DATA,813265,1a:00:00:00:00:00,-52,11,-97,14,34,11,221557289,47,2,256,0,""[0,0,0,0,0,0,0,0,0,0,0,0,-12,-17,-10,-19,-10,-19,-9,-22,-9,-22,-7,-24,-6,-25,-6,-25,-5,-27,-6,-28,-5,-29,-4,-29,-5,-31,-3,-31,0,-31,0,-32,-1,-34,2,-35,2,-33,5,-32,5,-33,4,-34,5,-36,3,-35,4,-36,1,-33,5,-33,5,-34,5,-34,3,-34,4,-31,3,-33,2,-33,2,-32,1,-32,0,-32,0,-31,-1,-31,-2,-33,-4,-33,-5,-33,-5,-32,-4,-33,-8,-34,-5,-31,-7,-32,-6,-33,-8,-32,-8,-35,-10,-35,-10,-35,-10,-35,-10,-36,-7,-35,-12,-37,-11,-36,-10,-36,0,0,0,0,0,0,-35,10,-35,8,-33,11,-31,9,-31,9,-31,8,-29,10,-30,9,-29,10,-26,8,-25,9,-24,9,-25,10,-23,10,-22,11,-20,10,-21,13,-19,12,-19,10,-19,10,-17,12,-18,11,-15,11,-15,12,-15,13,-15,12,-14,10,-12,13,-15,14,-11,12,-11,12,-11,12,-11,11,-10,13,-9,10,-10,11,-9,11,-9,10,-9,10,-9,10,-8,9,-8,9,-8,10,-6,10,-9,9,-5,7,-6,7,-6,7,-6,5,-5,6,-5,5,-5,5,-5,5,-6,5,-5,4,-5,4,-5,4,0,0,0,0,0,0,0,0,0,0]"""
1782212769746,2026-06-23T20:06:09.746,danger,fall,lmh,bed_stand_to_lie_fall,t018,"CSI_DATA,813266,1a:00:00:00:00:00,-52,11,-97,19,33,11,221568289,47,2,256,0,""[0,0,0,0,0,0,0,0,0,0,0,0,15,-14,17,-12,17,-13,20,-12,21,-11,23,-10,23,-10,24,-9,27,-9,26,-8,29,-8,29,-8,31,-8,32,-7,34,-4,33,-5,34,-6,34,-3,33,-4,33,-4,33,-3,35,-1,35,0,34,-1,35,0,33,-2,34,0,35,0,34,-1,33,-3,31,-2,34,-3,32,-3,32,-4,33,-5,32,-6,31,-7,31,-9,32,-8,31,-11,32,-9,30,-13,31,-13,32,-13,31,-13,29,-14,30,-15,29,-16,31,-15,32,-17,31,-17,31,-19,35,-18,32,-17,33,-20,32,-18,31,-18,0,0,0,0,0,0,-18,-34,-17,-31,-18,-29,-17,-29,-17,-28,-17,-28,-17,-26,-17,-27,-15,-25,-16,-24,-15,-21,-15,-21,-17,-19,-17,-20,-16,-18,-16,-17,-17,-17,-17,-15,-15,-15,-16,-13,-18,-12,-16,-13,-15,-10,-15,-10,-16,-10,-16,-10,-17,-8,-16,-8,-16,-8,-16,-6,-15,-7,-16,-7,-15,-8,-15,-5,-14,-4,-15,-6,-13,-6,-13,-4,-13,-5,-13,-4,-13,-4,-13,-4,-12,-4,-10,-4,-9,-4,-10,-2,-10,-4,-10,-4,-8,-4,-6,-3,-8,-3,-7,-3,-7,-2,-7,-4,-6,-1,-4,-2,-5,-4,0,0,0,0,0,0,0,0,0,0]"""
1782212769756,2026-06-23T20:06:09.756,danger,fall,lmh,bed_stand_to_lie_fall,t018,"CSI_DATA,813267,1a:00:00:00:00:00,-52,11,-97,18,33,11,221579289,47,2,256,0,""[0,0,0,0,0,0,0,0,0,0,0,0,10,18,8,20,6,21,6,23,5,24,3,24,3,25,2,26,3,27,1,30,0,29,0,30,0,31,0,32,-3,32,-3,33,-1,34,-6,35,-5,31,-5,32,-6,31,-5,35,-7,34,-6,34,-6,35,-3,31,-7,32,-5,34,-5,33,-4,32,-4,31,-2,34,-2,32,-1,32,0,32,0,32,0,31,3,32,3,33,5,32,5,31,6,32,4,31,8,34,6,32,9,31,10,33,10,31,11,33,11,35,12,34,13,33,10,35,10,37,14,35,15,34,14,35,0,0,0,0,0,0,35,-14,35,-12,31,-15,30,-12,30,-13,28,-11,29,-12,28,-13,26,-14,25,-12,24,-13,22,-13,21,-15,21,-14,20,-12,18,-15,18,-15,18,-15,18,-12,15,-15,15,-15,15,-15,12,-15,12,-15,11,-14,11,-15,11,-15,9,-15,10,-16,7,-15,8,-13,9,-14,8,-14,6,-15,7,-13,6,-14,5,-14,6,-13,5,-14,5,-11,5,-12,5,-12,5,-11,3,-11,4,-10,4,-10,4,-9,3,-10,3,-7,3,-7,2,-6,3,-6,3,-7,3,-5,2,-5,4,-5,4,-5,0,0,0,0,0,0,0,0,0,0]"""
1782212769765,2026-06-23T20:06:09.765,danger,fall,lmh,bed_stand_to_lie_fall,t018,"CSI_DATA,813268,1a:00:00:00:00:00,-52,11,-97,19,33,11,221590289,47,2,256,0,""[0,0,0,0,0,0,0,0,0,0,0,0,-2,20,-4,21,-6,22,-8,22,-11,23,-13,21,-13,21,-14,20,-17,22,-18,22,-22,22,-22,21,-23,22,-25,20,-27,17,-29,17,-28,19,-31,17,-28,13,-33,13,-33,12,-33,8,-33,10,-33,10,-34,9,-32,10,-32,6,-34,6,-35,6,-32,7,-31,4,-33,5,-33,6,-31,5,-32,7,-32,6,-31,7,-32,8,-31,8,-32,8,-33,7,-31,8,-32,7,-33,10,-31,8,-33,8,-33,7,-33,8,-33,7,-35,7,-35,8,-35,8,-39,5,-37,4,-37,5,-38,6,-37,5,0,0,0,0,0,0,0,35,0,36,2,35,0,34,0,33,-1,31,-1,32,-1,31,-2,29,-3,27,-1,26,-3,26,-1,27,-1,26,-1,25,0,23,0,26,0,23,-1,22,0,22,1,22,-1,22,0,20,0,19,0,19,0,19,0,18,1,18,0,18,2,17,1,17,1,17,0,16,1,16,0,14,-1,17,0,15,-1,13,0,14,-2,14,0,13,0,12,-2,13,0,11,-1,10,0,11,-3,9,-2,10,-4,8,-1,8,-2,8,-2,8,-3,7,-4,6,-2,6,-2,4,-3,4,0,0,0,0,0,0,0,0,0,0]"""
1782212769776,2026-06-23T20:06:09.776,danger,fall,lmh,bed_stand_to_lie_fall,t018,"CSI_DATA,813269,1a:00:00:00:00:00,-52,11,-97,14,34,11,221601288,47,2,256,0,""[0,0,0,0,0,0,0,0,0,0,0,0,-20,-4,-20,-6,-21,-7,-21,-10,-21,-11,-21,-13,-21,-15,-21,-16,-21,-18,-19,-18,-21,-21,-20,-21,-21,-23,-19,-25,-16,-27,-15,-29,-19,-29,-15,-31,-14,-31,-13,-30,-12,-30,-11,-32,-9,-31,-11,-33,-9,-35,-10,-32,-5,-33,-7,-32,-5,-33,-7,-32,-5,-31,-7,-34,-6,-32,-7,-31,-8,-32,-8,-31,-6,-30,-9,-31,-7,-31,-10,-31,-8,-32,-10,-31,-8,-32,-11,-33,-8,-32,-9,-32,-10,-32,-11,-31,-10,-32,-10,-35,-11,-35,-9,-33,-8,-37,-5,-37,-10,-37,-9,-37,-8,-37,0,0,0,0,0,0,-36,2,-35,2,-36,5,-33,2,-33,2,-31,0,-31,2,-31,1,-29,0,-29,0,-26,1,-26,0,-26,1,-26,0,-26,0,-21,2,-25,3,-22,2,-21,0,-21,2,-21,3,-21,1,-19,3,-19,3,-18,3,-18,2,-17,2,-17,5,-16,3,-16,4,-16,1,-17,3,-15,2,-16,3,-14,1,-16,1,-15,1,-14,1,-14,2,-12,1,-13,0,-12,0,-13,0,-12,1,-11,0,-10,0,-10,0,-10,0,-9,0,-8,0,-8,-1,-7,-1,-7,0,-9,-1,-7,-1,-5,-2,-5,-2,0,0,0,0,0,0,0,0,0,0]"""
1782212769788,2026-06-23T20:06:09.788,danger,fall,lmh,bed_stand_to_lie_fall,t018,"CSI_DATA,813270,1a:00:00:00:00:00,-52,11,-97,18,33,11,221614056,47,2,256,0,""[0,0,0,0,0,0,0,0,0,0,0,0,-17,-10,-16,-13,-15,-15,-15,-18,-13,-20,-12,-22,-10,-23,-9,-24,-7,-27,-5,-28,-3,-29,-4,-29,-3,-31,0,-32,4,-32,5,-32,6,-32,10,-34,11,-29,13,-31,15,-30,17,-30,20,-28,20,-29,21,-29,20,-26,22,-24,24,-25,25,-21,24,-23,24,-21,25,-21,26,-20,26,-18,26,-20,26,-19,26,-18,26,-18,27,-19,27,-19,29,-15,26,-18,28,-15,30,-18,29,-15,31,-15,31,-15,31,-15,32,-11,34,-12,32,-12,34,-11,36,-7,37,-6,38,-9,38,-7,37,-4,0,0,0,0,0,0,3,-37,3,-36,4,-34,5,-31,5,-32,8,-30,6,-29,10,-30,9,-27,10,-26,10,-26,10,-23,10,-25,10,-25,10,-21,9,-21,9,-22,10,-21,10,-19,10,-18,8,-20,11,-18,10,-15,10,-16,11,-15,11,-15,10,-15,9,-15,10,-15,9,-15,10,-12,9,-13,11,-12,10,-12,9,-10,11,-10,11,-10,11,-8,10,-8,11,-8,11,-7,11,-7,10,-5,10,-5,9,-4,9,-4,10,-3,9,-2,8,-1,8,0,8,-1,8,0,7,0,5,1,5,0,5,1,5,0,0,0,0,0,0,0,0,0,0,0]"""
1782212769799,2026-06-23T20:06:09.799,danger,fall,lmh,bed_stand_to_lie_fall,t018,"CSI_DATA,813271,1a:00:00:00:00:00,-52,11,-97,19,33,11,221626244,47,2,256,0,""[0,0,0,0,0,0,0,0,0,0,0,0,19,8,17,10,19,12,19,13,20,14,19,16,18,16,18,19,20,19,20,20,19,23,19,22,21,24,20,24,17,27,20,26,21,28,18,30,17,28,17,26,16,28,18,31,16,31,17,30,17,32,17,28,15,29,18,31,17,30,19,28,16,26,18,28,19,28,18,26,22,26,21,25,20,24,22,23,22,22,25,22,24,22,26,20,26,20,29,20,27,20,28,18,28,18,29,17,29,19,31,19,31,17,31,17,32,18,31,18,34,17,35,17,34,16,0,0,0,0,0,0,17,-33,16,-32,14,-31,15,-30,13,-30,14,-29,13,-29,13,-29,12,-27,9,-26,9,-26,9,-24,8,-26,7,-25,7,-23,4,-22,3,-25,4,-22,5,-22,1,-21,0,-20,2,-20,0,-20,0,-19,1,-20,-1,-21,0,-17,-1,-17,-1,-18,-4,-16,-3,-16,-3,-17,-2,-15,-4,-16,-4,-15,-3,-16,-4,-15,-3,-14,-4,-14,-3,-13,-4,-12,-4,-13,-4,-13,-4,-11,-2,-11,-4,-10,-3,-8,-4,-9,-1,-8,-3,-9,-2,-7,-2,-6,-2,-6,-1,-8,0,-6,-1,-6,0,-6,0,0,0,0,0,0,0,0,0,0]"""
1782212769810,2026-06-23T20:06:09.810,danger,fall,lmh,bed_stand_to_lie_fall,t018,"CSI_DATA,813272,1a:00:00:00:00:00,-52,11,-97,19,33,11,221636937,47,2,256,0,""[0,0,0,0,0,0,0,0,0,0,0,0,-20,0,-22,0,-22,0,-25,-4,-22,-4,-25,-6,-25,-7,-25,-8,-27,-8,-26,-9,-27,-11,-27,-12,-30,-12,-28,-13,-28,-17,-28,-17,-31,-16,-27,-18,-27,-18,-29,-17,-27,-17,-28,-20,-26,-20,-28,-18,-30,-22,-28,-19,-26,-20,-29,-21,-26,-20,-27,-18,-26,-18,-30,-18,-30,-17,-29,-17,-31,-14,-29,-13,-29,-13,-30,-11,-31,-13,-31,-8,-31,-11,-31,-8,-31,-9,-34,-8,-32,-8,-33,-6,-32,-7,-33,-4,-34,-5,-35,-5,-36,-4,-35,-4,-38,-5,-36,-7,-37,-4,-38,-3,-37,-4,0,0,0,0,0,0,-5,36,-4,36,-3,35,-3,34,-2,31,-3,31,-1,31,-2,34,-2,30,0,28,0,28,0,26,1,27,1,25,0,24,4,23,4,25,3,22,2,23,5,19,6,19,4,20,6,17,6,18,5,17,7,17,7,16,8,17,8,17,8,14,7,14,8,14,7,15,8,13,8,12,7,13,8,13,8,11,8,13,6,12,7,11,8,10,7,11,5,9,6,9,7,8,6,8,6,7,4,8,5,7,6,7,4,5,3,5,4,7,2,5,1,4,1,7,0,0,0,0,0,0,0,0,0,0]"""
1782212769821,2026-06-23T20:06:09.821,danger,fall,lmh,bed_stand_to_lie_fall,t018,"CSI_DATA,813273,1a:00:00:00:00:00,-52,11,-97,20,33,11,221648538,47,2,256,0,""[0,0,0,0,0,0,0,0,0,0,0,0,-15,15,-17,14,-18,12,-20,11,-22,11,-23,9,-24,8,-26,7,-27,8,-28,6,-29,5,-30,7,-31,6,-32,3,-33,0,-34,0,-34,0,-34,-3,-34,-3,-32,-3,-32,-6,-35,-5,-34,-7,-34,-7,-34,-8,-34,-7,-32,-9,-34,-11,-31,-10,-33,-7,-30,-10,-34,-8,-33,-8,-31,-8,-33,-7,-30,-6,-30,-6,-32,-5,-32,-7,-32,-3,-31,-6,-33,-3,-34,-4,-34,-3,-33,-5,-32,-3,-33,-4,-34,-3,-34,-3,-36,-5,-37,-4,-36,-3,-36,-6,-36,-7,-38,-3,-37,-5,-37,-4,0,0,0,0,0,0,-9,36,-9,34,-7,34,-8,33,-7,31,-10,30,-8,30,-9,32,-9,27,-7,27,-7,27,-7,24,-7,25,-7,26,-6,24,-4,23,-3,24,-3,23,-6,22,-3,20,0,21,-3,20,-1,19,-2,19,-2,19,-2,19,-2,19,0,19,0,19,0,16,0,15,0,17,-1,17,0,16,0,15,-1,15,-1,15,0,15,-1,14,-1,13,0,11,-1,13,-1,12,-1,11,-2,11,-1,10,-1,10,-1,10,-1,7,-1,9,-3,7,-1,7,-2,8,-3,5,0,4,-2,5,-2,6,0,0,0,0,0,0,0,0,0,0]"""
1782212769831,2026-06-23T20:06:09.831,danger,fall,lmh,bed_stand_to_lie_fall,t018,"CSI_DATA,813274,1a:00:00:00:00:00,-52,11,-97,18,33,11,221656288,47,2,256,0,""[0,0,0,0,0,0,0,0,0,0,0,0,16,-12,17,-9,21,-10,21,-9,23,-7,23,-5,24,-5,26,-5,28,-5,30,-4,29,-2,29,-3,31,-3,32,0,31,2,33,3,33,2,34,5,31,5,33,7,35,9,33,7,34,7,33,6,35,7,33,6,31,9,32,8,33,10,32,7,31,9,31,9,31,6,31,6,32,5,32,5,31,4,33,2,33,4,32,0,33,2,33,0,32,2,35,0,31,0,34,-1,33,0,33,-3,33,0,37,-1,35,-3,35,-3,37,0,37,0,39,-2,36,-2,37,-2,0,0,0,0,0,0,0,-36,0,-37,-1,-34,0,-32,-1,-34,0,-30,-1,-31,0,-31,0,-29,0,-28,-2,-27,-1,-26,-2,-26,-2,-26,-3,-25,-4,-23,-5,-23,-4,-23,-2,-22,-5,-21,-7,-21,-5,-21,-5,-18,-5,-18,-6,-17,-5,-17,-5,-17,-7,-16,-6,-17,-8,-14,-7,-15,-6,-15,-5,-15,-5,-14,-6,-13,-6,-15,-5,-14,-6,-14,-7,-13,-5,-11,-5,-11,-5,-11,-5,-10,-5,-10,-5,-10,-4,-10,-3,-9,-4,-9,-2,-8,-3,-7,-3,-7,-3,-6,0,-6,-2,-5,-1,-6,-2,-6,0,-5,0,0,0,0,0,0,0,0,0,0]"""
1782212769840,2026-06-23T20:06:09.840,danger,fall,lmh,bed_stand_to_lie_fall,t018,"CSI_DATA,813275,1a:00:00:00:00:00,-52,11,-97,19,33,11,221667511,47,2,256,0,""[0,0,0,0,0,0,0,0,0,0,0,0,11,17,10,18,9,20,8,22,6,24,6,25,4,25,1,26,2,30,0,27,-2,30,-2,30,-4,31,-6,32,-11,31,-12,31,-11,32,-14,31,-15,30,-19,28,-21,27,-19,29,-20,26,-20,27,-22,27,-20,26,-23,23,-24,25,-22,23,-23,26,-22,21,-26,26,-25,22,-23,22,-25,22,-23,23,-23,21,-23,23,-24,22,-24,24,-23,22,-21,24,-24,23,-24,24,-25,22,-24,23,-26,22,-25,22,-26,23,-29,23,-27,22,-27,23,-31,22,-31,20,-30,24,-31,22,-30,21,0,0,0,0,0,0,16,34,13,33,17,31,12,31,13,30,11,29,11,28,10,31,8,28,8,28,7,26,7,25,8,25,7,24,7,24,7,22,7,22,6,22,5,22,7,21,8,21,6,22,6,18,6,18,5,17,4,18,4,17,7,17,4,17,6,16,4,16,4,17,4,14,4,16,4,14,2,15,3,15,3,13,1,14,1,13,0,13,1,13,0,13,0,11,0,11,0,9,0,11,0,9,-2,10,0,8,-2,8,-1,8,0,7,-3,6,-1,6,-2,5,-2,4,0,0,0,0,0,0,0,0,0,0]"""
1782212769851,2026-06-23T20:06:09.851,danger,fall,lmh,bed_stand_to_lie_fall,t018,"CSI_DATA,813276,1a:00:00:00:00:00,-52,11,-97,20,33,11,221678491,47,2,256,0,""[0,0,0,0,0,0,0,0,0,0,0,0,20,0,22,0,21,2,24,3,23,4,24,4,25,6,25,7,29,8,27,9,28,11,28,11,28,11,29,12,28,15,30,15,30,15,30,19,27,18,30,19,30,19,28,19,28,19,29,19,30,20,29,17,27,20,27,19,28,19,29,17,27,18,30,19,30,17,28,15,30,15,30,14,30,12,30,11,31,11,31,8,30,10,32,7,32,8,34,7,32,6,33,7,34,5,33,3,34,4,37,5,35,3,34,2,37,4,36,6,38,3,38,3,38,1,0,0,0,0,0,0,5,-38,3,-35,0,-34,1,-33,1,-34,1,-31,0,-30,1,-32,0,-28,0,-28,0,-28,-1,-26,-2,-27,-2,-26,-3,-23,-4,-23,-6,-24,-5,-22,-3,-20,-6,-21,-7,-21,-5,-19,-7,-18,-6,-18,-7,-18,-7,-17,-7,-17,-10,-16,-8,-16,-9,-15,-7,-14,-10,-13,-7,-15,-9,-14,-8,-12,-7,-13,-9,-13,-8,-11,-8,-11,-7,-11,-8,-10,-7,-9,-7,-11,-7,-8,-6,-9,-7,-7,-6,-7,-5,-7,-5,-7,-4,-7,-5,-6,-4,-5,-3,-7,-4,-4,-2,-7,-3,-5,-3,-5,0,0,0,0,0,0,0,0,0,0]"""
1782212769864,2026-06-23T20:06:09.864,danger,fall,lmh,bed_stand_to_lie_fall,t018,"CSI_DATA,813277,1a:00:00:00:00:00,-52,11,-97,17,33,11,221689288,47,2,256,0,""[0,0,0,0,0,0,0,0,0,0,0,0,-18,7,-20,6,-19,5,-23,3,-25,0,-24,-1,-25,-3,-25,-4,-27,-5,-27,-6,-29,-8,-28,-10,-29,-10,-28,-12,-26,-16,-29,-17,-29,-17,-27,-21,-25,-21,-23,-22,-22,-24,-24,-24,-21,-25,-23,-25,-24,-28,-21,-25,-19,-27,-19,-28,-19,-27,-19,-26,-17,-26,-19,-29,-19,-29,-16,-27,-19,-28,-19,-27,-16,-25,-18,-26,-17,-27,-19,-26,-17,-26,-19,-25,-18,-27,-21,-27,-18,-29,-18,-28,-18,-29,-18,-27,-18,-28,-18,-32,-19,-31,-18,-31,-16,-33,-14,-32,-18,-32,-17,-33,-17,-34,0,0,0,0,0,0,-35,12,-33,9,-33,12,-31,8,-32,7,-31,6,-30,6,-32,6,-28,4,-29,4,-25,4,-24,2,-25,4,-25,4,-25,3,-22,4,-23,5,-22,5,-22,2,-20,3,-20,5,-20,2,-19,5,-19,3,-19,3,-18,4,-17,2,-18,5,-18,3,-16,4,-16,2,-17,2,-17,1,-16,4,-14,1,-18,1,-15,0,-13,1,-14,1,-12,0,-12,0,-12,0,-12,0,-12,1,-10,0,-11,0,-10,0,-11,0,-7,-3,-6,-1,-8,-2,-7,0,-7,-1,-6,-3,-7,-2,-6,-2,-5,-2,0,0,0,0,0,0,0,0,0,0]"""
1782212769874,2026-06-23T20:06:09.874,danger,fall,lmh,bed_stand_to_lie_fall,t018,"CSI_DATA,813278,1a:00:00:00:00:00,-52,11,-97,19,33,11,221700288,47,2,256,0,""[0,0,0,0,0,0,0,0,0,0,0,0,18,-10,18,-7,22,-8,22,-6,24,-5,23,-4,25,-3,26,-2,28,-4,29,0,31,-1,30,0,32,0,32,0,32,3,34,3,35,0,35,4,32,3,31,3,31,5,35,5,35,6,34,5,35,6,34,4,35,6,33,4,35,4,32,3,32,4,34,3,32,1,32,0,35,0,34,-2,32,-1,32,-4,33,-3,32,-5,32,-5,33,-8,32,-7,34,-9,31,-8,32,-9,34,-9,31,-13,32,-13,35,-13,33,-13,34,-15,35,-13,35,-13,35,-17,34,-14,34,-17,0,0,0,0,0,0,-14,-34,-14,-35,-16,-29,-14,-28,-16,-30,-13,-27,-14,-29,-15,-27,-15,-26,-13,-24,-13,-23,-14,-21,-17,-21,-14,-22,-15,-19,-15,-17,-17,-17,-14,-17,-15,-15,-16,-15,-17,-13,-16,-14,-15,-10,-14,-11,-16,-11,-16,-12,-16,-10,-15,-8,-15,-9,-15,-6,-16,-7,-16,-7,-14,-7,-14,-6,-15,-4,-13,-6,-13,-5,-13,-5,-13,-4,-13,-4,-13,-4,-13,-4,-11,-4,-10,-3,-9,-4,-11,-3,-10,-4,-8,-2,-8,-4,-8,-1,-7,-3,-8,-1,-7,-1,-6,-3,-7,-3,-6,-2,-5,-3,0,0,0,0,0,0,0,0,0,0]"""
1782212769884,2026-06-23T20:06:09.884,danger,fall,lmh,bed_stand_to_lie_fall,t018,"CSI_DATA,813279,1a:00:00:00:00:00,-52,11,-97,19,33,11,221711288,47,2,256,0,""[0,0,0,0,0,0,0,0,0,0,0,0,10,18,8,17,8,21,8,23,7,23,5,23,5,26,4,26,4,28,4,28,4,31,3,30,4,31,3,31,0,33,0,32,2,35,0,35,0,34,-3,34,-5,35,-2,34,-3,35,-1,35,-1,36,0,34,-3,33,-1,35,0,34,0,34,0,31,1,35,1,33,1,31,4,35,4,32,4,31,8,31,8,33,9,31,9,32,12,30,9,31,15,32,12,31,14,30,13,31,16,30,17,31,18,33,17,31,19,30,18,32,18,31,22,31,22,31,21,29,0,0,0,0,0,0,31,-20,30,-21,27,-21,27,-18,26,-19,25,-19,24,-21,24,-21,22,-19,21,-17,19,-17,17,-18,17,-18,17,-20,16,-18,13,-18,14,-21,12,-19,13,-17,11,-18,10,-19,9,-17,7,-17,8,-18,8,-18,6,-17,6,-17,4,-18,6,-17,3,-16,3,-16,3,-17,3,-17,2,-16,1,-14,3,-16,0,-14,2,-13,1,-14,1,-13,0,-13,0,-12,0,-12,0,-13,0,-12,0,-9,0,-10,0,-9,0,-9,0,-7,0,-7,0,-7,0,-7,0,-8,0,-6,0,-6,1,-5,0,0,0,0,0,0,0,0,0,0]"""
1782212769895,2026-06-23T20:06:09.895,danger,fall,lmh,bed_stand_to_lie_fall,t018,"CSI_DATA,813280,1a:00:00:00:00:00,-52,11,-97,13,34,11,221722288,47,2,256,0,""[0,0,0,0,0,0,0,0,0,0,0,0,4,19,2,20,0,23,0,24,-2,25,-5,25,-6,25,-7,25,-9,27,-10,26,-12,28,-12,25,-13,29,-15,27,-19,25,-19,26,-20,26,-22,25,-22,23,-25,25,-25,25,-25,22,-25,22,-25,23,-27,23,-25,22,-27,19,-27,20,-28,20,-26,19,-25,17,-28,20,-27,18,-26,17,-27,20,-27,18,-25,18,-25,21,-24,19,-24,22,-25,20,-24,21,-25,19,-25,23,-26,20,-25,21,-27,20,-25,21,-25,22,-27,23,-28,23,-26,22,-31,23,-30,21,-30,23,-28,22,-30,21,0,0,0,0,0,0,18,32,17,32,18,29,15,30,15,29,13,28,14,26,14,27,12,25,12,25,12,24,9,23,12,23,11,23,12,22,12,19,11,20,11,19,10,19,11,19,11,17,9,18,11,16,10,17,10,16,9,16,11,16,11,14,11,14,12,13,9,12,10,13,8,13,9,13,10,12,8,12,9,12,6,12,8,12,6,12,6,12,6,10,6,11,6,10,4,10,4,9,4,11,4,9,2,9,4,7,2,8,3,7,2,6,1,7,1,5,0,6,1,6,0,0,0,0,0,0,0,0,0,0]"""
1782212769916,2026-06-23T20:06:09.916,danger,fall,lmh,bed_stand_to_lie_fall,t018,"CSI_DATA,813281,1a:00:00:00:00:00,-52,11,-97,18,33,11,221742101,47,2,256,0,""[0,0,0,0,0,0,0,0,0,0,0,0,-17,-10,-15,-13,-16,-15,-16,-17,-15,-20,-13,-21,-10,-21,-11,-22,-10,-26,-8,-28,-5,-28,-5,-30,-4,-31,1,-32,4,-32,5,-32,5,-34,10,-31,10,-29,12,-31,14,-31,16,-30,18,-28,20,-30,22,-28,20,-26,23,-25,23,-24,26,-23,24,-23,24,-21,26,-21,26,-19,26,-20,26,-21,26,-19,27,-18,26,-17,28,-16,28,-18,28,-16,27,-16,29,-15,30,-17,28,-12,29,-14,31,-13,31,-15,32,-12,35,-11,34,-10,34,-9,37,-6,37,-5,39,-6,35,-5,37,-2,0,0,0,0,0,0,5,-37,5,-37,4,-34,5,-34,6,-32,9,-30,9,-30,11,-30,10,-26,11,-25,10,-24,12,-23,11,-24,12,-23,12,-21,11,-21,11,-21,11,-19,11,-17,12,-18,10,-19,13,-18,10,-14,11,-14,12,-15,12,-14,12,-14,11,-15,12,-12,11,-12,12,-12,12,-11,12,-10,11,-10,11,-10,14,-9,11,-8,11,-7,12,-7,12,-6,11,-5,11,-5,11,-4,11,-3,10,-4,10,-3,10,-2,10,-2,9,0,8,0,8,0,8,0,7,0,6,2,6,0,5,1,5,2,0,0,0,0,0,0,0,0,0,0]"""
1782212769925,2026-06-23T20:06:09.925,danger,fall,lmh,bed_stand_to_lie_fall,t018,"CSI_DATA,813282,1a:00:00:00:00:00,-52,11,-97,19,33,11,221744334,47,2,256,0,""[0,0,0,0,0,0,0,0,0,0,0,0,17,-9,19,-8,21,-8,22,-5,25,-5,24,-4,26,-3,25,0,28,0,28,-1,30,1,30,1,31,3,33,3,32,8,32,9,32,7,32,11,32,12,30,14,29,16,31,15,30,15,32,14,32,16,31,14,29,17,31,17,31,17,29,15,28,16,30,15,29,17,30,16,30,17,29,15,27,13,30,12,30,13,32,11,31,12,31,9,31,12,32,9,31,11,31,11,31,12,32,10,33,13,35,12,35,11,36,10,35,13,33,14,37,11,37,13,34,13,0,0,0,0,0,0,16,-32,13,-32,12,-32,14,-29,13,-31,14,-28,13,-29,14,-30,13,-26,13,-24,11,-25,11,-23,10,-23,10,-23,8,-22,7,-23,8,-23,7,-22,8,-21,7,-20,4,-20,6,-18,4,-18,5,-18,5,-17,4,-18,4,-17,2,-17,3,-17,2,-17,2,-17,3,-16,4,-16,4,-16,1,-14,3,-15,4,-13,3,-13,3,-13,4,-13,2,-12,2,-13,3,-12,3,-11,3,-10,1,-11,3,-9,3,-10,2,-8,3,-8,2,-8,2,-6,3,-7,3,-5,2,-6,3,-5,2,-5,0,0,0,0,0,0,0,0,0,0]"""
1782212769936,2026-06-23T20:06:09.936,danger,fall,lmh,bed_stand_to_lie_fall,t018,"CSI_DATA,813283,1a:00:00:00:00:00,-52,11,-97,18,33,11,221755287,47,2,256,0,""[0,0,0,0,0,0,0,0,0,0,0,0,-3,-20,-2,-21,0,-21,1,-23,5,-23,6,-24,8,-23,10,-24,12,-26,14,-22,17,-24,17,-23,20,-25,22,-24,26,-21,25,-19,28,-21,29,-17,29,-16,31,-12,33,-11,33,-13,31,-9,33,-10,35,-6,31,-8,31,-4,36,-5,32,-3,33,-3,31,-1,36,-2,32,-1,33,-1,33,-1,32,0,30,0,32,0,32,1,32,0,36,2,31,-1,33,1,34,1,32,3,32,2,34,2,34,4,34,5,36,7,36,7,36,8,36,10,34,11,37,11,38,12,35,11,0,0,0,0,0,0,20,-31,17,-30,18,-31,20,-26,19,-26,21,-24,18,-24,22,-25,20,-20,20,-20,18,-20,18,-18,18,-19,18,-16,17,-15,17,-15,17,-16,17,-15,18,-15,15,-14,15,-15,16,-11,15,-12,15,-11,15,-10,14,-10,14,-10,14,-11,15,-10,13,-10,13,-9,15,-9,15,-7,14,-8,12,-5,15,-6,13,-5,13,-5,14,-5,12,-5,11,-5,12,-4,13,-2,10,-3,11,-2,8,-2,9,-1,10,-1,9,0,8,0,8,0,7,0,8,0,6,0,6,1,5,2,6,2,0,0,0,0,0,0,0,0,0,0]"""
1782212769944,2026-06-23T20:06:09.944,danger,fall,lmh,bed_stand_to_lie_fall,t018,"CSI_DATA,813284,1a:00:00:00:00:00,-52,11,-97,22,32,11,221766640,47,2,256,0,""[0,0,0,0,0,0,0,0,0,0,0,0,5,22,1,21,2,24,0,25,0,25,-1,26,-5,26,-5,26,-6,30,-8,27,-9,30,-9,30,-9,31,-10,31,-16,30,-12,30,-13,32,-15,31,-18,31,-20,30,-22,30,-17,31,-21,30,-17,33,-19,32,-18,31,-19,28,-19,30,-17,28,-17,31,-18,28,-20,31,-17,29,-15,30,-16,31,-14,31,-15,30,-11,32,-12,32,-9,33,-11,31,-8,31,-10,34,-6,34,-9,36,-7,34,-10,34,-7,33,-7,33,-5,37,-7,37,-6,38,-8,38,-10,37,-5,39,-4,38,-5,39,0,0,0,0,0,0,38,7,37,8,37,4,35,7,34,5,32,7,28,3,33,5,30,5,29,5,28,4,26,5,28,2,26,1,25,3,24,0,26,-1,24,0,22,0,21,-1,21,-2,22,-3,19,-2,19,-2,21,-1,19,-3,19,-5,18,-6,18,-5,16,-6,17,-5,18,-5,15,-5,15,-6,15,-5,15,-5,15,-5,15,-6,15,-4,12,-4,11,-6,11,-5,12,-2,10,-3,10,-5,10,-3,9,-2,8,-3,9,-2,9,-3,7,-2,7,0,7,-1,7,-1,6,0,8,-1,5,0,0,0,0,0,0,0,0,0,0,0]"""
1782212769958,2026-06-23T20:06:09.958,danger,fall,lmh,bed_stand_to_lie_fall,t018,"CSI_DATA,813285,1a:00:00:00:00:00,-52,11,-97,19,33,11,221783856,47,2,256,0,""[0,0,0,0,0,0,0,0,0,0,0,0,6,-20,8,-19,10,-19,13,-20,14,-19,15,-18,17,-19,18,-18,21,-21,22,-19,23,-18,25,-18,25,-18,26,-17,29,-15,31,-14,31,-16,32,-11,29,-9,29,-10,31,-8,34,-10,35,-8,34,-7,35,-7,32,-8,34,-5,34,-6,35,-4,32,-7,31,-4,32,-4,33,-7,31,-5,32,-8,32,-8,31,-7,32,-8,31,-7,32,-9,31,-9,31,-10,31,-8,31,-12,31,-8,32,-10,32,-10,32,-13,33,-10,35,-12,34,-10,35,-13,36,-10,35,-8,37,-10,35,-12,35,-10,0,0,0,0,0,0,-6,-37,-5,-37,-8,-32,-3,-33,-6,-33,-3,-31,-4,-31,-4,-31,-4,-30,-3,-26,-5,-26,-4,-25,-5,-26,-4,-26,-4,-25,-4,-22,-4,-23,-5,-22,-4,-21,-6,-22,-6,-20,-4,-20,-4,-17,-6,-17,-4,-18,-5,-18,-5,-17,-6,-16,-6,-17,-7,-16,-4,-16,-5,-16,-5,-16,-6,-13,-4,-13,-4,-13,-4,-14,-4,-13,-4,-13,-4,-13,-4,-12,-4,-12,-3,-13,-3,-11,-2,-11,-3,-9,-1,-11,-1,-9,0,-9,-1,-8,0,-8,0,-8,0,-7,0,-6,0,-8,0,-5,1,-6,0,0,0,0,0,0,0,0,0,0]"""
1782212769969,2026-06-23T20:06:09.969,danger,fall,lmh,bed_stand_to_lie_fall,t018,"CSI_DATA,813286,1a:00:00:00:00:00,-52,11,-97,19,33,11,221789765,47,2,256,0,""[0,0,0,0,0,0,0,0,0,0,0,0,-4,21,-7,20,-9,21,-13,20,-14,20,-15,17,-16,18,-20,17,-23,18,-24,17,-25,17,-25,15,-28,16,-30,13,-31,9,-33,8,-32,8,-34,3,-32,1,-32,1,-33,-2,-35,0,-36,-3,-34,-3,-35,-5,-35,-4,-35,-8,-34,-8,-33,-9,-32,-8,-31,-9,-32,-10,-32,-10,-31,-12,-31,-10,-31,-11,-29,-11,-30,-12,-31,-12,-32,-12,-31,-13,-31,-11,-30,-13,-33,-13,-28,-12,-31,-13,-30,-15,-31,-13,-31,-16,-31,-17,-31,-16,-31,-18,-31,-22,-29,-22,-32,-22,-31,-22,-28,-23,0,0,0,0,0,0,-29,24,-26,24,-25,23,-26,20,-26,20,-25,17,-26,19,-26,18,-24,16,-24,13,-22,13,-23,12,-23,13,-23,13,-23,11,-20,10,-21,13,-21,10,-20,8,-19,9,-17,11,-18,8,-15,8,-17,7,-19,7,-18,7,-17,8,-16,8,-17,8,-15,8,-15,7,-16,5,-16,4,-15,5,-13,4,-14,3,-15,4,-13,3,-13,3,-13,1,-12,2,-11,1,-13,1,-13,0,-12,0,-9,0,-10,0,-9,0,-8,0,-8,-2,-7,0,-7,-2,-8,-1,-7,-4,-5,-3,-6,-3,-5,-3,0,0,0,0,0,0,0,0,0,0]"""
1782212769979,2026-06-23T20:06:09.979,danger,fall,lmh,bed_stand_to_lie_fall,t018,"CSI_DATA,813287,1a:00:00:00:00:00,-52,11,-97,15,34,11,221799287,47,2,256,0,""[0,0,0,0,0,0,0,0,0,0,0,0,-11,-15,-11,-19,-9,-20,-8,-22,-7,-23,-4,-25,-4,-22,-3,-26,0,-28,0,-28,2,-31,3,-30,4,-31,5,-31,9,-30,12,-32,13,-32,13,-31,14,-28,19,-30,20,-31,19,-26,20,-28,19,-29,22,-27,20,-26,23,-24,23,-25,25,-23,22,-24,22,-21,25,-23,24,-22,22,-21,24,-23,24,-23,22,-21,22,-22,23,-22,23,-24,23,-22,22,-23,24,-22,23,-25,24,-22,24,-22,26,-22,23,-23,26,-22,27,-24,26,-22,28,-23,31,-22,31,-21,31,-23,30,-22,32,-19,0,0,0,0,0,0,-16,-34,-13,-32,-16,-31,-12,-31,-13,-31,-8,-31,-10,-28,-9,-29,-8,-26,-8,-28,-7,-26,-7,-25,-8,-26,-7,-23,-6,-25,-7,-22,-8,-24,-8,-21,-6,-20,-5,-20,-8,-20,-4,-21,-5,-17,-6,-18,-5,-19,-4,-18,-4,-17,-6,-17,-4,-17,-5,-16,-4,-16,-4,-17,-4,-15,-4,-14,-4,-15,-2,-14,-3,-14,-2,-13,-2,-13,-2,-14,-2,-13,-2,-13,0,-12,0,-12,0,-10,0,-9,0,-9,0,-9,2,-8,0,-8,1,-7,1,-7,0,-7,3,-6,2,-6,2,-4,2,-5,0,0,0,0,0,0,0,0,0,0]"""
1782212769989,2026-06-23T20:06:09.989,danger,fall,lmh,bed_stand_to_lie_fall,t018,"CSI_DATA,813288,1a:00:00:00:00:00,-52,11,-97,17,33,11,221810287,47,2,256,0,""[0,0,0,0,0,0,0,0,0,0,0,0,13,-13,16,-12,19,-13,21,-11,22,-8,23,-8,24,-7,25,-5,29,-5,29,-5,30,-3,30,-2,32,-1,33,1,32,5,32,6,33,6,33,9,31,9,32,12,33,13,32,13,32,14,32,13,32,15,31,14,29,18,29,17,27,19,29,19,25,18,26,19,27,19,26,19,27,19,27,18,26,17,28,16,27,18,30,18,27,18,28,17,27,18,30,18,25,18,28,18,26,20,29,17,29,19,31,19,29,21,30,21,28,24,27,25,29,26,28,23,28,24,0,0,0,0,0,0,27,-24,28,-22,24,-22,26,-20,25,-20,25,-18,25,-19,25,-18,23,-17,23,-16,21,-14,20,-14,22,-15,21,-14,20,-13,17,-14,19,-14,19,-14,19,-11,18,-12,16,-12,18,-10,15,-11,16,-10,17,-12,15,-10,14,-10,13,-12,15,-10,12,-11,12,-10,13,-10,14,-8,13,-8,11,-9,13,-7,13,-7,12,-8,12,-6,11,-6,9,-6,11,-6,12,-5,12,-5,12,-4,9,-3,10,-3,9,-2,7,-2,7,-2,8,-1,6,0,7,0,6,0,6,0,5,0,5,0,0,0,0,0,0,0,0,0,0,0]"""
1782212769999,2026-06-23T20:06:09.999,danger,fall,lmh,bed_stand_to_lie_fall,t018,"CSI_DATA,813289,1a:00:00:00:00:00,-52,11,-97,23,32,11,221821287,47,2,256,0,""[0,0,0,0,0,0,0,0,0,0,0,0,-8,22,-10,20,-12,19,-14,20,-13,22,-19,18,-17,18,-20,18,-20,22,-22,20,-24,19,-25,20,-24,22,-27,21,-26,17,-29,19,-28,22,-29,18,-27,17,-30,22,-31,22,-32,16,-30,17,-31,18,-31,17,-29,18,-31,17,-31,19,-30,17,-28,19,-26,19,-29,21,-27,21,-26,20,-28,22,-24,24,-23,22,-24,24,-25,23,-21,27,-21,26,-21,28,-21,27,-18,31,-20,26,-16,31,-20,31,-17,31,-15,31,-17,33,-17,32,-16,34,-17,35,-20,35,-14,35,-16,32,-15,35,0,0,0,0,0,0,35,15,35,13,33,11,32,12,34,11,29,12,30,11,32,9,28,8,27,10,27,8,25,7,26,5,26,6,25,6,24,4,24,1,22,2,21,0,22,0,22,-1,22,0,19,0,20,-2,18,0,18,-1,20,-1,17,-5,19,-4,17,-6,17,-4,17,-4,15,-4,13,-6,16,-5,17,-5,16,-4,13,-4,13,-5,13,-4,13,-4,13,-5,13,-4,11,-4,12,-4,11,-5,11,-4,7,-4,8,-4,7,-4,8,-2,6,-2,8,-4,7,-1,6,-3,5,-1,4,-1,0,0,0,0,0,0,0,0,0,0]"""
1782212770008,2026-06-23T20:06:10.008,danger,fall,lmh,bed_stand_to_lie_fall,t018,"CSI_DATA,813290,1a:00:00:00:00:00,-52,11,-97,19,33,11,221832287,47,2,256,0,""[0,0,0,0,0,0,0,0,0,0,0,0,-9,20,-11,18,-13,18,-14,18,-17,17,-18,17,-19,16,-22,15,-22,15,-24,15,-26,14,-26,14,-29,14,-29,13,-30,9,-31,9,-33,10,-34,6,-33,3,-31,3,-32,2,-36,1,-34,0,-35,1,-35,0,-34,0,-33,-2,-34,-2,-34,-2,-33,-2,-32,-1,-35,-2,-33,-3,-32,-3,-32,-2,-32,-2,-31,-2,-32,0,-34,0,-32,0,-32,0,-33,0,-34,0,-34,2,-32,0,-32,0,-35,0,-33,0,-34,0,-37,-1,-36,0,-35,0,-38,-3,-37,-3,-38,-3,-39,-2,-36,-3,0,0,0,0,0,0,-7,37,-8,35,-6,34,-8,32,-7,31,-9,29,-6,31,-8,31,-8,29,-7,26,-6,26,-8,25,-7,26,-6,26,-5,23,-4,23,-4,24,-4,22,-6,21,-3,21,-2,21,-4,20,-3,18,-3,18,-4,18,-4,18,-3,18,0,17,-4,17,-1,17,-3,16,-1,17,-3,17,-1,16,-1,14,-3,16,-3,15,-4,13,-4,13,-3,13,-2,13,-3,13,-4,12,-3,11,-4,9,-3,10,-4,9,-4,9,-3,8,-4,7,-2,8,-3,7,-3,6,-2,6,-4,5,-3,4,-4,4,0,0,0,0,0,0,0,0,0,0]"""
1782212770020,2026-06-23T20:06:10.020,danger,fall,lmh,bed_stand_to_lie_fall,t018,"CSI_DATA,813291,1a:00:00:00:00:00,-52,11,-97,14,34,11,221843287,47,2,256,0,""[0,0,0,0,0,0,0,0,0,0,0,0,-9,19,-12,17,-13,17,-17,17,-18,15,-20,14,-22,12,-24,12,-27,11,-26,10,-29,6,-29,5,-31,5,-32,1,-32,-3,-33,-3,-35,-2,-33,-10,-30,-8,-33,-10,-31,-11,-31,-15,-30,-16,-29,-17,-30,-20,-28,-18,-26,-21,-26,-23,-26,-24,-24,-22,-21,-22,-23,-25,-22,-23,-21,-23,-22,-24,-21,-25,-21,-24,-20,-26,-19,-26,-21,-26,-18,-26,-18,-26,-17,-27,-21,-29,-15,-27,-16,-28,-15,-29,-16,-28,-16,-31,-15,-33,-14,-32,-11,-33,-11,-37,-9,-36,-10,-37,-9,-37,-6,-37,0,0,0,0,0,0,-37,0,-37,0,-34,0,-32,-2,-33,-4,-31,-5,-31,-5,-31,-6,-29,-6,-27,-8,-26,-7,-24,-7,-26,-8,-25,-8,-21,-10,-21,-8,-24,-7,-21,-9,-19,-9,-21,-10,-20,-8,-18,-10,-16,-6,-17,-10,-16,-10,-15,-9,-14,-10,-15,-8,-15,-8,-14,-7,-13,-10,-12,-9,-13,-10,-13,-10,-10,-10,-10,-11,-10,-10,-10,-9,-9,-10,-8,-10,-7,-10,-7,-10,-5,-10,-5,-10,-5,-10,-4,-10,-2,-10,-4,-8,-2,-8,-1,-7,-1,-9,0,-7,0,-6,0,-7,0,-6,0,-5,1,-5,0,0,0,0,0,0,0,0,0,0]"""
1782212770030,2026-06-23T20:06:10.030,danger,fall,lmh,bed_stand_to_lie_fall,t018,"CSI_DATA,813292,1a:00:00:00:00:00,-52,11,-97,13,34,11,221857382,47,2,256,0,""[0,0,0,0,0,0,0,0,0,0,0,0,14,16,11,17,12,19,10,20,9,23,7,23,6,24,6,25,5,29,4,28,3,29,1,30,1,32,-2,32,-5,32,-6,32,-6,32,-7,33,-8,32,-11,32,-13,33,-12,31,-12,32,-12,32,-15,32,-13,30,-17,29,-16,30,-19,28,-16,29,-17,26,-16,28,-16,29,-16,28,-16,28,-15,29,-15,26,-16,28,-17,28,-14,30,-15,28,-15,29,-16,28,-13,31,-15,26,-14,30,-18,29,-15,30,-17,31,-16,32,-18,29,-19,32,-22,31,-22,30,-20,32,-21,31,-19,31,0,0,0,0,0,0,26,25,28,25,25,21,23,24,24,22,22,23,21,21,21,22,19,21,18,21,18,19,16,19,18,19,18,19,17,19,17,17,16,17,16,17,16,15,16,16,15,14,14,14,13,12,12,14,13,12,14,14,13,12,15,11,14,12,12,11,12,12,13,12,11,12,11,11,10,10,10,12,11,10,8,10,9,11,8,10,8,9,7,10,8,9,6,10,6,7,6,9,5,9,6,7,3,8,3,7,3,8,3,7,3,6,2,6,1,6,0,6,2,6,0,0,0,0,0,0,0,0,0,0]"""
1782212770040,2026-06-23T20:06:10.040,danger,fall,lmh,bed_stand_to_lie_fall,t018,"CSI_DATA,813293,1a:00:00:00:00:00,-52,11,-97,20,33,11,221865287,47,2,256,0,""[0,0,0,0,0,0,0,0,0,0,0,0,20,-3,19,0,24,0,23,1,24,3,23,5,24,6,25,7,27,8,27,10,27,12,28,11,29,14,28,14,26,18,28,19,27,18,27,23,25,21,25,20,23,21,25,24,24,24,26,23,25,27,25,23,21,25,22,26,22,27,23,23,22,25,23,24,23,26,22,23,23,23,23,23,23,22,24,21,25,23,27,22,23,22,27,21,25,22,27,22,24,19,27,21,26,21,27,19,27,21,29,23,30,22,29,21,29,23,28,26,31,23,28,22,30,24,0,0,0,0,0,0,26,-25,26,-27,21,-26,23,-24,23,-24,23,-22,23,-23,23,-23,21,-21,19,-19,19,-19,18,-17,17,-20,16,-21,16,-18,14,-18,14,-19,13,-19,14,-16,13,-17,11,-18,13,-16,10,-15,10,-16,11,-16,11,-15,9,-16,7,-18,9,-16,6,-15,8,-14,7,-14,7,-15,7,-14,6,-13,7,-11,7,-14,7,-13,7,-13,7,-11,6,-10,5,-10,7,-11,7,-10,5,-9,4,-9,5,-7,5,-8,4,-7,4,-7,5,-5,4,-6,5,-6,4,-5,4,-5,5,-4,4,-3,0,0,0,0,0,0,0,0,0,0]"""
1782212770051,2026-06-23T20:06:10.051,danger,fall,lmh,bed_stand_to_lie_fall,t018,"CSI_DATA,813294,1a:00:00:00:00:00,-52,11,-97,17,33,11,221876667,47,2,256,0,""[0,0,0,0,0,0,0,0,0,0,0,0,-19,-8,-18,-10,-18,-12,-18,-15,-17,-17,-16,-19,-15,-18,-14,-22,-15,-25,-13,-25,-11,-26,-10,-26,-10,-28,-9,-32,-5,-32,-5,-33,-4,-33,0,-33,0,-30,3,-32,4,-35,3,-34,6,-34,6,-33,7,-34,7,-32,11,-32,10,-33,12,-32,9,-31,11,-30,11,-31,12,-30,12,-29,12,-31,12,-30,12,-28,12,-30,12,-29,12,-31,13,-30,12,-31,14,-30,12,-32,12,-28,12,-30,13,-30,13,-30,16,-32,17,-33,16,-31,18,-31,21,-32,20,-30,22,-32,19,-32,23,-29,0,0,0,0,0,0,-26,-26,-24,-24,-24,-22,-22,-25,-22,-26,-20,-25,-19,-24,-19,-25,-17,-23,-15,-23,-14,-21,-14,-21,-16,-22,-14,-20,-12,-20,-13,-19,-14,-20,-12,-19,-11,-19,-12,-18,-12,-18,-11,-18,-10,-15,-11,-16,-10,-16,-10,-16,-9,-16,-10,-14,-8,-16,-9,-14,-7,-15,-8,-14,-7,-15,-6,-13,-7,-13,-6,-13,-7,-12,-6,-12,-6,-13,-4,-13,-5,-12,-3,-12,-3,-11,-3,-11,-3,-9,-3,-10,0,-9,-1,-10,0,-7,0,-8,0,-8,0,-8,0,-7,0,-7,0,-6,1,-6,1,-6,0,0,0,0,0,0,0,0,0,0]"""
1782212770061,2026-06-23T20:06:10.061,danger,fall,lmh,bed_stand_to_lie_fall,t018,"CSI_DATA,813295,1a:00:00:00:00:00,-52,11,-97,17,33,11,221887287,47,2,256,0,""[0,0,0,0,0,0,0,0,0,0,0,0,9,19,6,19,6,22,4,23,1,25,0,23,0,25,-2,26,-5,29,-6,28,-8,29,-9,27,-11,29,-14,29,-16,26,-19,28,-18,27,-22,26,-23,24,-22,21,-26,20,-26,23,-29,20,-26,19,-31,20,-27,19,-30,16,-30,17,-31,15,-29,16,-29,13,-30,13,-29,12,-30,12,-31,12,-31,13,-30,12,-31,12,-31,11,-30,14,-31,11,-31,12,-29,11,-32,12,-30,10,-30,11,-33,10,-31,11,-34,9,-36,9,-33,8,-34,7,-38,6,-37,3,-38,6,-38,4,-37,6,0,0,0,0,0,0,-2,37,-3,36,-1,32,-3,33,-4,33,-4,28,-6,32,-6,31,-6,29,-6,27,-6,25,-8,25,-6,25,-7,25,-7,23,-6,22,-6,24,-6,23,-8,20,-5,22,-5,20,-6,19,-6,18,-6,17,-6,17,-7,18,-6,18,-6,17,-7,17,-5,16,-6,15,-6,15,-6,16,-6,14,-6,12,-8,12,-6,13,-6,12,-7,12,-7,11,-7,10,-7,10,-8,9,-7,8,-7,7,-6,7,-6,6,-8,6,-7,5,-6,6,-6,5,-6,4,-6,3,-6,2,-6,2,-6,3,-5,1,0,0,0,0,0,0,0,0,0,0]"""
1782212770073,2026-06-23T20:06:10.073,danger,fall,lmh,bed_stand_to_lie_fall,t018,"CSI_DATA,813296,1a:00:00:00:00:00,-52,11,-97,17,33,11,221898286,47,2,256,0,""[0,0,0,0,0,0,0,0,0,0,0,0,-14,14,-18,11,-20,11,-21,10,-24,9,-23,6,-24,6,-26,4,-28,2,-29,1,-30,0,-28,-2,-32,-2,-32,-6,-29,-10,-32,-11,-32,-11,-31,-16,-29,-14,-26,-16,-27,-19,-31,-19,-29,-20,-27,-20,-29,-23,-25,-20,-24,-25,-25,-24,-25,-25,-24,-23,-20,-24,-22,-24,-24,-25,-21,-23,-22,-25,-21,-24,-19,-25,-21,-25,-21,-25,-23,-24,-20,-25,-22,-25,-20,-25,-24,-25,-19,-25,-20,-25,-19,-26,-20,-25,-21,-28,-21,-31,-20,-29,-19,-29,-18,-32,-15,-33,-19,-32,-17,-32,-17,-33,0,0,0,0,0,0,-35,10,-34,11,-32,11,-32,7,-33,7,-30,6,-31,6,-31,6,-28,3,-27,2,-26,3,-25,1,-26,2,-26,3,-23,1,-23,2,-24,2,-23,2,-21,1,-22,2,-20,4,-20,1,-18,0,-18,0,-19,0,-19,1,-18,0,-17,3,-19,2,-17,1,-17,0,-17,0,-17,0,-16,0,-15,0,-14,0,-14,0,-14,0,-14,-1,-12,-1,-12,-1,-12,-2,-12,-2,-12,-2,-10,-2,-9,-2,-9,-3,-9,-3,-6,-3,-7,-3,-7,-3,-6,-2,-6,-3,-7,-4,-6,-5,-3,-4,-5,-4,0,0,0,0,0,0,0,0,0,0]"""
1782212770085,2026-06-23T20:06:10.085,danger,fall,lmh,bed_stand_to_lie_fall,t018,"CSI_DATA,813297,1a:00:00:00:00:00,-52,11,-97,14,34,11,221911498,47,2,256,0,""[0,0,0,0,0,0,0,0,0,0,0,0,-8,19,-10,18,-10,20,-12,19,-14,19,-15,18,-16,20,-18,19,-20,21,-21,21,-21,19,-22,20,-24,21,-26,21,-25,18,-27,19,-26,21,-30,18,-27,16,-26,18,-26,17,-31,19,-29,16,-30,17,-31,17,-29,18,-30,17,-30,18,-28,18,-26,19,-26,18,-26,20,-26,20,-25,21,-26,22,-24,22,-23,21,-22,22,-22,24,-21,26,-21,24,-19,28,-19,26,-19,28,-18,27,-16,27,-18,28,-15,29,-16,30,-16,31,-16,31,-15,32,-19,33,-17,32,-15,36,-14,34,-14,33,0,0,0,0,0,0,31,15,34,15,32,10,31,13,32,12,29,12,31,10,30,10,27,9,26,9,26,7,25,7,26,5,25,5,24,5,22,4,23,1,22,2,21,3,21,0,21,0,21,0,18,-1,19,-1,19,-1,20,-1,19,-2,17,-4,17,-4,16,-5,15,-3,15,-4,15,-4,14,-6,14,-5,13,-4,13,-6,13,-5,13,-5,12,-5,10,-5,11,-4,11,-4,10,-5,9,-5,10,-4,10,-4,9,-5,7,-1,7,-2,7,-3,6,-3,7,-3,5,-3,6,-2,5,-2,5,-1,0,0,0,0,0,0,0,0,0,0]"""
1782212770094,2026-06-23T20:06:10.094,danger,fall,lmh,bed_stand_to_lie_fall,t018,"CSI_DATA,813298,1a:00:00:00:00:00,-52,11,-97,20,33,11,221920286,47,2,256,0,""[0,0,0,0,0,0,0,0,0,0,0,0,21,3,20,5,21,6,23,8,21,10,22,11,23,11,21,13,24,14,25,16,24,18,25,18,27,19,25,19,23,22,24,23,26,22,24,24,23,23,23,25,23,24,23,26,22,27,23,26,23,27,23,25,21,26,22,26,23,25,23,23,23,24,24,24,24,23,24,22,26,22,25,21,24,21,26,19,26,19,29,16,27,19,29,16,28,16,32,15,29,16,29,15,30,16,30,13,31,13,34,14,34,14,34,12,34,14,34,15,35,12,35,12,35,12,0,0,0,0,0,0,13,-33,14,-34,11,-32,11,-32,9,-31,11,-28,10,-30,9,-30,7,-28,9,-27,7,-27,7,-24,5,-27,5,-26,4,-23,3,-23,0,-25,2,-23,3,-21,0,-21,-1,-20,0,-20,-1,-19,-1,-19,1,-19,-2,-19,-2,-19,-3,-18,-2,-18,-4,-17,-3,-15,-3,-17,-3,-15,-5,-15,-4,-14,-3,-15,-3,-15,-3,-14,-4,-13,-3,-11,-3,-11,-3,-11,-3,-11,-3,-11,-1,-11,-4,-10,-3,-8,-3,-9,-2,-7,-3,-7,-2,-7,-2,-7,-1,-7,0,-7,0,-5,0,-6,-1,-5,0,0,0,0,0,0,0,0,0,0]"""
1782212770103,2026-06-23T20:06:10.103,danger,fall,lmh,bed_stand_to_lie_fall,t018,"CSI_DATA,813299,1a:00:00:00:00:00,-52,11,-97,19,33,11,221931286,47,2,256,0,""[0,0,0,0,0,0,0,0,0,0,0,0,21,0,21,1,22,2,24,6,22,7,23,9,24,9,22,13,26,13,23,15,24,17,23,17,25,19,22,22,20,25,22,26,22,26,18,28,18,28,15,30,14,31,16,31,13,31,15,31,13,32,13,31,11,32,9,34,10,33,10,31,8,31,10,33,8,32,8,31,10,32,9,31,8,29,11,31,11,31,12,31,9,31,11,31,11,32,12,32,9,32,10,31,10,32,11,32,10,33,10,34,9,34,9,35,8,36,6,36,10,37,8,37,7,37,0,0,0,0,0,0,38,-3,36,0,35,-4,33,0,34,0,32,0,31,0,32,1,30,1,29,3,27,2,26,2,26,0,26,0,24,0,22,0,24,0,23,0,22,1,22,0,22,0,22,0,19,0,19,0,19,0,18,1,18,1,18,-1,19,0,17,-2,16,0,17,0,17,0,17,0,14,0,17,0,14,1,15,0,13,1,13,0,13,1,13,1,13,2,11,1,11,1,11,2,9,2,9,1,8,3,8,3,8,3,5,3,6,1,7,3,5,2,5,3,4,3,0,0,0,0,0,0,0,0,0,0]"""
1782212770114,2026-06-23T20:06:10.114,danger,fall,lmh,bed_stand_to_lie_fall,t018,"CSI_DATA,813300,1a:00:00:00:00:00,-52,11,-97,15,34,11,221942286,47,2,256,0,""[0,0,0,0,0,0,0,0,0,0,0,0,-17,10,-19,9,-19,8,-22,8,-22,7,-25,6,-25,6,-26,4,-28,5,-28,4,-30,3,-31,4,-31,4,-32,3,-32,0,-32,1,-34,3,-35,0,-34,0,-32,0,-32,-4,-35,0,-33,-3,-34,0,-36,-1,-33,0,-33,-1,-34,-2,-34,0,-34,1,-31,0,-35,3,-35,3,-31,4,-33,4,-32,6,-29,6,-32,8,-31,8,-31,10,-31,9,-29,13,-31,13,-31,14,-31,13,-29,15,-30,16,-29,15,-29,17,-31,17,-31,18,-31,22,-31,20,-31,18,-29,21,-30,22,-31,21,0,0,0,0,0,0,20,31,20,27,23,26,21,26,21,25,21,25,19,22,21,25,19,22,18,21,18,19,17,18,21,17,17,17,20,17,18,13,21,13,18,12,17,13,18,9,19,8,18,9,17,7,17,8,18,8,17,7,17,5,17,4,18,5,17,2,16,3,16,3,15,3,16,1,15,1,16,3,14,1,13,1,14,1,13,0,12,0,13,0,12,0,11,0,11,1,10,0,13,0,10,0,8,1,8,0,9,0,8,0,6,0,7,1,6,1,6,0,5,2,0,0,0,0,0,0,0,0,0,0]"""
1782212770127,2026-06-23T20:06:10.127,danger,fall,lmh,bed_stand_to_lie_fall,t018,"CSI_DATA,813301,1a:00:00:00:00:00,-52,11,-97,19,33,11,221953286,47,2,256,0,""[0,0,0,0,0,0,0,0,0,0,0,0,9,18,5,20,6,23,2,23,0,24,-2,25,-4,25,-4,26,-8,28,-9,28,-13,26,-11,26,-15,29,-17,26,-22,23,-23,24,-23,23,-27,20,-26,18,-28,17,-29,16,-32,14,-33,13,-31,12,-35,11,-32,10,-35,6,-33,6,-34,4,-32,5,-32,2,-33,2,-35,2,-32,0,-33,0,-32,0,-31,0,-32,0,-34,0,-34,0,-32,-3,-33,-2,-31,-4,-35,-3,-31,-5,-32,-5,-34,-8,-32,-6,-35,-10,-35,-9,-35,-11,-34,-12,-33,-15,-33,-17,-34,-16,-33,-17,-33,-17,0,0,0,0,0,0,-26,26,-26,26,-22,25,-25,22,-26,22,-25,18,-26,19,-25,17,-24,16,-23,13,-23,13,-22,13,-23,13,-23,13,-22,10,-21,10,-22,10,-20,10,-21,8,-21,8,-20,8,-20,7,-17,6,-17,5,-20,4,-19,4,-17,4,-18,5,-17,5,-16,5,-17,2,-17,3,-17,1,-15,2,-15,0,-16,0,-16,0,-14,0,-13,0,-13,0,-12,-1,-12,-1,-13,-2,-11,-2,-10,-3,-11,-3,-8,-4,-8,-4,-6,-4,-8,-3,-6,-4,-6,-3,-4,-6,-4,-5,-3,-4,-3,-4,-4,-4,0,0,0,0,0,0,0,0,0,0]"""
1782212770139,2026-06-23T20:06:10.139,danger,fall,lmh,bed_stand_to_lie_fall,t018,"CSI_DATA,813302,1a:00:00:00:00:00,-52,11,-97,14,34,11,221964286,47,2,256,0,""[0,0,0,0,0,0,0,0,0,0,0,0,-15,14,-17,11,-20,12,-22,10,-22,7,-23,5,-26,5,-26,3,-27,0,-29,0,-30,-3,-29,-4,-31,-5,-30,-8,-28,-11,-31,-15,-30,-15,-29,-18,-25,-18,-26,-21,-24,-21,-25,-25,-22,-26,-23,-25,-22,-27,-21,-26,-18,-28,-18,-28,-16,-31,-15,-28,-13,-29,-15,-30,-13,-30,-11,-29,-13,-31,-12,-30,-10,-30,-11,-31,-10,-31,-12,-30,-10,-31,-11,-32,-8,-31,-11,-32,-7,-31,-8,-32,-5,-34,-7,-33,-5,-34,-5,-37,-5,-37,-3,-35,1,-37,1,-38,0,-39,1,-37,2,-37,0,0,0,0,0,0,-34,-10,-34,-11,-31,-8,-31,-12,-31,-14,-27,-14,-28,-13,-27,-15,-26,-15,-22,-15,-23,-15,-21,-15,-21,-15,-20,-15,-19,-15,-18,-15,-21,-13,-17,-14,-15,-14,-17,-13,-16,-12,-15,-15,-14,-11,-13,-13,-14,-13,-12,-13,-12,-14,-13,-11,-12,-12,-11,-11,-10,-13,-10,-13,-10,-13,-10,-12,-9,-11,-8,-12,-7,-13,-6,-12,-6,-12,-5,-12,-5,-11,-3,-12,-3,-10,-4,-10,-2,-10,-1,-10,0,-10,-2,-10,0,-8,0,-7,1,-9,0,-7,0,-7,0,-8,3,-6,2,-4,1,-5,0,0,0,0,0,0,0,0,0,0]"""
1782212770151,2026-06-23T20:06:10.151,danger,fall,lmh,bed_stand_to_lie_fall,t018,"CSI_DATA,813303,1a:00:00:00:00:00,-52,11,-97,20,33,11,221975286,47,2,256,0,""[0,0,0,0,0,0,0,0,0,0,0,0,1,-21,4,-20,4,-22,7,-23,9,-22,11,-23,13,-23,14,-23,16,-24,16,-23,18,-23,19,-23,21,-23,22,-23,25,-21,25,-21,26,-23,27,-20,27,-19,29,-16,30,-14,29,-18,30,-15,31,-18,31,-16,30,-15,30,-14,32,-15,31,-14,29,-15,29,-12,32,-14,30,-14,28,-14,30,-16,28,-15,27,-15,27,-17,27,-15,27,-18,28,-18,27,-19,28,-17,28,-20,27,-17,27,-18,29,-19,27,-19,27,-19,30,-20,30,-21,30,-21,32,-20,32,-20,31,-23,33,-22,32,-19,0,0,0,0,0,0,-17,-33,-16,-31,-19,-30,-15,-29,-15,-27,-15,-29,-15,-27,-14,-28,-12,-26,-12,-27,-12,-23,-11,-23,-13,-23,-11,-23,-11,-21,-12,-19,-12,-21,-12,-19,-11,-19,-12,-17,-13,-16,-12,-17,-11,-15,-11,-15,-11,-15,-11,-14,-10,-15,-12,-13,-11,-14,-11,-11,-11,-12,-11,-13,-11,-11,-10,-11,-11,-11,-9,-12,-9,-11,-8,-11,-9,-11,-8,-10,-7,-10,-8,-9,-7,-9,-7,-9,-6,-9,-6,-8,-5,-9,-4,-8,-4,-7,-3,-7,-4,-7,-3,-7,-3,-4,-2,-6,-2,-5,-1,-5,-2,-5,0,0,0,0,0,0,0,0,0,0]"""
1782212770159,2026-06-23T20:06:10.159,danger,fall,lmh,bed_stand_to_lie_fall,t018,"CSI_DATA,813304,1a:00:00:00:00:00,-52,11,-97,19,33,11,221986286,47,2,256,0,""[0,0,0,0,0,0,0,0,0,0,0,0,21,0,20,2,22,4,23,6,22,7,23,8,23,8,23,11,26,13,26,14,26,15,25,16,27,17,26,18,24,23,24,22,26,22,23,25,23,26,21,26,20,29,22,26,20,28,22,26,22,30,21,26,18,27,18,29,18,30,20,28,17,26,20,29,20,28,18,26,20,26,20,26,19,25,22,23,21,25,24,24,22,24,23,22,22,26,25,25,22,24,25,24,24,23,25,22,25,24,27,24,28,25,26,26,26,26,25,26,28,26,27,26,26,26,0,0,0,0,0,0,28,-24,26,-25,23,-26,24,-20,24,-22,23,-19,23,-21,25,-21,22,-18,22,-17,20,-17,19,-17,17,-17,19,-17,17,-17,15,-17,17,-17,15,-17,15,-15,13,-16,12,-17,14,-15,12,-16,13,-14,12,-15,12,-14,9,-13,9,-17,9,-15,8,-14,9,-14,8,-13,9,-14,7,-13,7,-13,8,-13,7,-13,8,-12,8,-11,7,-10,6,-11,7,-11,8,-10,7,-10,5,-9,6,-7,5,-7,7,-8,5,-6,5,-6,5,-7,4,-5,5,-5,5,-5,4,-4,5,-4,4,-4,0,0,0,0,0,0,0,0,0,0]"""
1782212770169,2026-06-23T20:06:10.169,danger,fall,lmh,bed_stand_to_lie_fall,t018,"CSI_DATA,813305,1a:00:00:00:00:00,-52,11,-97,14,34,11,221997286,47,2,256,0,""[0,0,0,0,0,0,0,0,0,0,0,0,10,19,7,19,6,21,5,22,4,24,2,25,1,25,0,26,0,30,0,28,-2,29,-3,31,-1,31,-4,31,-8,31,-8,33,-6,32,-11,33,-11,29,-10,30,-13,29,-14,33,-15,31,-14,31,-15,32,-13,31,-15,31,-15,31,-15,29,-15,30,-13,28,-13,31,-14,30,-13,28,-13,31,-12,31,-11,30,-9,31,-10,31,-8,31,-10,31,-7,33,-9,31,-7,33,-8,32,-6,32,-9,35,-6,32,-6,34,-6,36,-6,36,-5,37,-8,37,-9,36,-6,37,-6,37,-7,37,0,0,0,0,0,0,36,10,34,9,33,6,32,9,32,9,30,10,30,5,30,8,28,7,26,6,26,5,25,7,26,5,25,5,22,5,24,3,24,2,22,1,22,2,21,0,21,0,21,1,19,-1,19,0,19,0,19,0,18,0,17,-1,17,0,16,-2,17,0,16,0,15,-1,15,-2,15,-1,15,-1,14,0,14,-2,15,-1,14,0,13,0,13,0,12,0,12,-1,11,0,10,0,10,0,10,0,8,0,8,0,8,0,6,0,8,0,8,0,6,0,6,0,5,0,0,0,0,0,0,0,0,0,0,0]"""
1782212770181,2026-06-23T20:06:10.181,danger,fall,lmh,bed_stand_to_lie_fall,t018,"CSI_DATA,813306,1a:00:00:00:00:00,-52,11,-97,17,33,11,222008286,47,2,256,0,""[0,0,0,0,0,0,0,0,0,0,0,0,11,17,7,19,7,21,6,23,5,24,2,25,1,25,-1,26,-1,28,-4,27,-6,29,-6,29,-7,31,-11,29,-14,29,-15,29,-14,31,-19,28,-19,26,-20,24,-23,22,-23,25,-25,23,-25,22,-28,24,-23,22,-27,19,-29,20,-29,18,-28,20,-26,15,-29,17,-27,17,-28,16,-27,16,-28,18,-28,15,-27,16,-29,15,-28,17,-29,15,-27,17,-30,15,-30,17,-31,14,-29,16,-31,14,-29,16,-32,14,-32,13,-33,13,-32,12,-36,12,-33,10,-37,12,-36,11,-34,8,0,0,0,0,0,0,1,36,2,35,4,33,0,33,0,32,0,32,0,31,-2,31,-1,29,-2,27,-2,28,-3,25,-2,25,-3,25,-3,24,-2,23,-1,23,-3,23,-5,21,-3,21,-1,20,-3,21,-2,19,-3,19,-3,19,-3,19,-2,18,-1,17,-3,17,-1,17,-2,15,-3,16,-4,15,-2,15,-3,14,-5,16,-4,14,-5,12,-4,12,-6,12,-5,11,-6,12,-6,10,-6,9,-6,8,-5,9,-6,8,-5,8,-6,6,-5,6,-5,6,-6,6,-6,4,-6,4,-6,5,-5,3,-6,2,0,0,0,0,0,0,0,0,0,0]"""
1782212770194,2026-06-23T20:06:10.194,danger,fall,lmh,bed_stand_to_lie_fall,t018,"CSI_DATA,813307,1a:00:00:00:00:00,-52,11,-97,18,33,11,222019286,47,2,256,0,""[0,0,0,0,0,0,0,0,0,0,0,0,-11,16,-13,16,-15,16,-19,15,-18,15,-21,13,-22,12,-24,10,-26,12,-26,7,-28,7,-29,6,-30,6,-31,3,-33,0,-31,-2,-35,0,-32,-4,-32,-6,-34,-5,-31,-7,-34,-10,-30,-10,-32,-10,-33,-14,-31,-12,-29,-15,-31,-16,-29,-15,-30,-15,-28,-15,-32,-17,-27,-16,-27,-15,-30,-17,-27,-15,-26,-16,-28,-14,-28,-17,-29,-14,-28,-17,-28,-15,-28,-17,-29,-18,-28,-18,-28,-17,-29,-20,-28,-18,-29,-20,-30,-21,-29,-21,-29,-21,-28,-24,-26,-24,-27,-24,-27,-24,-26,-25,0,0,0,0,0,0,-30,22,-29,21,-27,22,-27,18,-26,16,-27,15,-25,15,-27,15,-25,15,-26,12,-23,13,-21,11,-24,12,-22,11,-23,10,-20,11,-20,12,-21,10,-20,10,-18,10,-18,10,-19,8,-16,9,-17,9,-18,8,-17,9,-15,6,-16,8,-16,7,-14,8,-15,6,-16,7,-15,6,-15,6,-12,5,-15,5,-14,5,-14,5,-14,4,-12,2,-12,1,-12,3,-13,3,-10,2,-11,0,-10,2,-10,1,-10,0,-8,0,-8,0,-6,0,-6,0,-5,-1,-6,-1,-7,-1,-6,0,-5,-2,0,0,0,0,0,0,0,0,0,0]"""
1782212770205,2026-06-23T20:06:10.205,danger,fall,lmh,bed_stand_to_lie_fall,t018,"CSI_DATA,813308,1a:00:00:00:00:00,-52,11,-97,18,33,11,222030286,47,2,256,0,""[0,0,0,0,0,0,0,0,0,0,0,0,-21,-1,-22,-5,-21,-5,-23,-8,-21,-10,-21,-12,-21,-13,-21,-15,-22,-18,-20,-19,-21,-21,-20,-21,-20,-23,-19,-25,-16,-28,-15,-27,-17,-29,-14,-31,-12,-31,-11,-31,-9,-31,-9,-35,-5,-33,-7,-34,-6,-35,-5,-33,-3,-34,-3,-35,-3,-32,-2,-32,0,-33,-3,-35,0,-33,0,-31,0,-32,0,-32,-1,-30,-2,-31,-1,-31,-3,-32,0,-32,-4,-31,-2,-33,-2,-35,0,-33,0,-34,0,-35,0,-32,0,-33,0,-37,0,-36,0,-37,4,-37,5,-37,1,-37,4,-38,4,-37,0,0,0,0,0,0,-35,-10,-35,-10,-34,-6,-32,-10,-31,-10,-28,-11,-29,-10,-30,-11,-27,-10,-26,-10,-25,-11,-22,-10,-25,-10,-23,-10,-21,-10,-21,-8,-22,-9,-21,-8,-19,-10,-19,-9,-19,-5,-19,-7,-16,-7,-17,-8,-16,-9,-17,-8,-15,-9,-16,-5,-16,-7,-15,-4,-15,-7,-15,-7,-14,-6,-14,-5,-13,-7,-14,-8,-12,-6,-10,-6,-11,-7,-10,-9,-10,-7,-10,-7,-10,-6,-9,-5,-7,-6,-7,-7,-6,-8,-7,-6,-5,-6,-5,-5,-5,-6,-3,-5,-5,-5,-2,-6,-3,-5,-1,-6,0,-5,0,0,0,0,0,0,0,0,0,0]"""
1782212770217,2026-06-23T20:06:10.217,danger,fall,lmh,bed_stand_to_lie_fall,t018,"CSI_DATA,813309,1a:00:00:00:00:00,-52,11,-97,20,33,11,222044514,47,2,256,0,""[0,0,0,0,0,0,0,0,0,0,0,0,19,7,19,8,21,9,21,11,21,13,19,14,19,15,19,17,21,19,20,21,20,21,19,23,21,23,21,26,19,28,19,27,22,26,19,29,16,27,17,31,16,32,16,31,15,30,16,31,16,33,15,30,13,31,15,31,15,30,15,30,14,28,16,30,16,27,15,27,18,28,17,27,19,27,19,27,20,25,22,25,20,25,23,23,22,24,24,24,21,23,23,23,23,23,25,22,27,23,27,26,27,24,27,23,27,27,27,26,29,24,28,24,29,24,0,0,0,0,0,0,26,-27,26,-26,23,-26,23,-24,21,-23,22,-22,20,-23,22,-23,19,-22,19,-20,17,-20,15,-19,17,-21,15,-20,15,-19,13,-19,12,-21,12,-20,12,-18,10,-19,7,-19,10,-19,7,-18,7,-18,9,-18,7,-18,7,-16,4,-16,6,-17,3,-16,3,-15,5,-16,3,-16,3,-16,3,-15,3,-15,3,-14,2,-14,3,-14,3,-13,2,-11,1,-11,3,-12,3,-11,3,-11,1,-10,3,-9,3,-10,2,-8,3,-7,2,-7,1,-7,2,-7,3,-7,3,-7,3,-6,3,-5,0,0,0,0,0,0,0,0,0,0]"""
1782212770233,2026-06-23T20:06:10.233,danger,fall,lmh,bed_stand_to_lie_fall,t018,"CSI_DATA,813310,1a:00:00:00:00:00,-52,11,-97,19,33,11,222052285,47,2,256,0,""[0,0,0,0,0,0,0,0,0,0,0,0,17,-12,18,-9,21,-8,22,-8,24,-7,24,-5,26,-4,26,-2,28,-1,29,0,30,0,29,1,32,2,32,4,31,9,32,9,33,8,32,12,29,13,31,13,31,15,30,18,30,18,30,16,30,20,28,16,27,21,27,21,26,22,27,20,24,21,27,21,26,20,24,20,26,20,26,21,25,18,26,18,26,19,28,18,26,19,27,17,26,19,28,19,26,20,26,19,27,20,27,19,29,21,29,22,30,22,31,21,28,24,27,25,29,23,28,23,27,24,0,0,0,0,0,0,28,-24,27,-22,25,-23,26,-19,26,-19,26,-17,24,-18,24,-19,23,-17,24,-15,22,-16,22,-13,22,-14,22,-15,20,-15,17,-15,19,-15,18,-13,17,-13,17,-13,16,-13,17,-11,15,-12,16,-12,15,-12,14,-12,13,-10,13,-13,13,-12,11,-13,12,-10,12,-12,14,-11,12,-9,12,-9,13,-9,12,-9,11,-9,12,-8,11,-7,10,-6,10,-5,11,-6,11,-5,10,-5,8,-4,9,-4,8,-4,8,-2,8,-3,8,-3,6,-3,8,-1,6,0,7,-3,5,-1,5,0,0,0,0,0,0,0,0,0,0,0]"""
1782212770240,2026-06-23T20:06:10.240,danger,fall,lmh,bed_stand_to_lie_fall,t018,"CSI_DATA,813311,1a:00:00:00:00:00,-52,11,-97,18,33,11,222068177,47,2,256,0,""[0,0,0,0,0,0,0,0,0,0,0,0,13,17,11,17,11,20,10,21,10,22,7,23,7,25,5,26,5,26,6,27,5,29,5,28,5,32,4,32,1,31,1,33,3,33,0,34,0,33,-2,33,-3,32,-2,35,-2,34,0,35,-3,35,0,33,-3,33,-3,35,-2,35,0,33,-2,31,-1,34,0,34,0,33,0,33,1,32,2,31,5,32,5,32,7,32,5,32,9,31,7,31,10,33,8,31,10,31,10,32,10,31,11,32,12,34,13,33,14,32,11,34,14,33,15,33,15,35,14,35,0,0,0,0,0,0,33,-13,35,-11,31,-14,28,-14,30,-13,28,-11,28,-13,28,-11,26,-12,26,-11,24,-11,22,-10,23,-11,22,-13,21,-12,18,-11,20,-15,17,-14,18,-12,17,-13,15,-15,15,-13,13,-14,14,-13,14,-14,14,-13,12,-13,10,-15,10,-15,10,-14,10,-12,10,-13,10,-14,7,-13,8,-11,9,-14,8,-13,7,-11,7,-12,6,-10,6,-10,6,-10,7,-10,5,-10,5,-9,5,-9,5,-9,5,-10,5,-5,5,-6,5,-6,4,-6,4,-6,4,-6,5,-5,5,-5,4,-4,0,0,0,0,0,0,0,0,0,0]"""
1782212770250,2026-06-23T20:06:10.250,danger,fall,lmh,bed_stand_to_lie_fall,t018,"CSI_DATA,813312,1a:00:00:00:00:00,-52,11,-97,18,33,11,222074285,47,2,256,0,""[0,0,0,0,0,0,0,0,0,0,0,0,21,0,21,4,21,6,21,9,21,11,20,12,20,15,18,18,21,20,20,21,16,24,16,25,16,27,14,31,10,31,10,31,9,31,5,36,4,31,2,34,0,37,-1,34,-3,35,-4,32,-6,34,-5,33,-10,33,-10,33,-11,32,-10,31,-13,30,-11,31,-13,31,-14,29,-13,31,-14,30,-15,27,-14,29,-15,28,-15,30,-15,27,-15,30,-16,27,-18,28,-18,26,-18,27,-21,26,-19,27,-22,26,-26,26,-24,26,-25,26,-28,23,-30,24,-29,24,-27,23,-30,20,0,0,0,0,0,0,14,35,12,35,11,32,9,32,10,32,5,29,6,31,5,31,4,30,4,26,2,26,1,26,3,27,1,26,0,26,0,23,0,24,0,22,-1,21,0,22,0,21,-1,21,0,18,0,19,-2,19,-2,19,-1,18,-3,17,-3,18,-1,16,-4,17,-3,17,-5,16,-4,15,-4,15,-5,14,-5,14,-6,13,-6,12,-6,12,-6,11,-8,10,-8,10,-5,9,-5,8,-5,8,-7,6,-6,6,-5,5,-7,5,-6,4,-5,5,-5,4,-5,1,-5,2,-6,0,-5,0,0,0,0,0,0,0,0,0,0,0]"""
1782212770261,2026-06-23T20:06:10.261,danger,fall,lmh,bed_stand_to_lie_fall,t018,"CSI_DATA,813313,1a:00:00:00:00:00,-52,11,-97,18,33,11,222085285,47,2,256,0,""[0,0,0,0,0,0,0,0,0,0,0,0,7,19,4,21,2,22,0,24,-1,24,-4,26,-5,25,-6,25,-10,26,-10,27,-13,26,-15,26,-16,26,-19,26,-22,23,-25,23,-24,24,-27,19,-28,17,-27,17,-29,15,-31,15,-31,13,-31,12,-33,11,-32,10,-33,7,-33,8,-33,3,-33,5,-31,2,-33,3,-33,2,-32,0,-32,3,-33,0,-31,0,-32,1,-32,0,-33,1,-33,0,-32,0,-33,-2,-33,0,-31,-3,-34,-2,-33,-5,-32,-3,-35,-5,-36,-6,-34,-7,-34,-7,-35,-11,-34,-12,-36,-11,-35,-13,-35,-15,0,0,0,0,0,0,-22,31,-21,28,-19,28,-22,26,-20,26,-21,23,-21,21,-22,21,-21,18,-21,17,-20,16,-21,15,-19,15,-21,15,-19,15,-18,15,-19,15,-19,15,-18,11,-17,11,-16,11,-17,10,-15,10,-15,9,-17,9,-17,7,-15,9,-15,9,-16,7,-14,9,-15,6,-14,7,-15,5,-15,5,-14,6,-15,5,-14,4,-13,4,-13,2,-13,1,-11,2,-10,2,-13,0,-12,1,-11,0,-10,0,-10,-1,-9,0,-9,-1,-9,0,-8,-1,-8,-2,-6,-2,-7,-2,-5,-3,-5,-4,-5,-2,0,0,0,0,0,0,0,0,0,0]"""
1782212770272,2026-06-23T20:06:10.272,danger,fall,lmh,bed_stand_to_lie_fall,t018,"CSI_DATA,813314,1a:00:00:00:00:00,-52,11,-97,19,33,11,222097111,47,2,256,0,""[0,0,0,0,0,0,0,0,0,0,0,0,-16,13,-16,11,-17,12,-21,11,-22,10,-22,8,-24,6,-26,4,-27,4,-29,3,-31,0,-31,0,-33,0,-33,-2,-31,-6,-31,-8,-33,-7,-34,-9,-31,-10,-31,-15,-31,-16,-31,-14,-31,-17,-31,-15,-31,-17,-28,-17,-26,-20,-27,-20,-27,-19,-26,-18,-25,-19,-27,-22,-26,-20,-25,-19,-26,-20,-26,-20,-24,-20,-26,-19,-26,-20,-28,-18,-25,-21,-27,-18,-26,-20,-30,-21,-26,-21,-26,-20,-26,-22,-27,-22,-27,-21,-27,-25,-27,-22,-27,-22,-26,-27,-26,-27,-28,-27,-27,-26,-26,-26,0,0,0,0,0,0,-30,21,-30,22,-27,22,-29,17,-29,17,-27,15,-26,16,-26,17,-26,14,-25,13,-24,12,-23,11,-23,14,-23,12,-22,10,-20,11,-21,12,-19,11,-20,8,-18,9,-17,10,-19,9,-16,10,-17,9,-18,8,-17,9,-16,8,-15,9,-16,8,-14,8,-14,7,-17,7,-13,8,-13,7,-13,5,-15,7,-14,6,-13,6,-14,4,-11,4,-13,4,-11,3,-13,4,-12,3,-12,2,-9,2,-10,2,-9,1,-8,0,-8,1,-8,0,-8,0,-8,0,-8,-1,-7,0,-4,0,-5,-2,0,0,0,0,0,0,0,0,0,0]"""
1782212770283,2026-06-23T20:06:10.283,danger,fall,lmh,bed_stand_to_lie_fall,t018,"CSI_DATA,813315,1a:00:00:00:00:00,-52,11,-97,13,34,11,222107285,47,2,256,0,""[0,0,0,0,0,0,0,0,0,0,0,0,-19,1,-21,-1,-22,-1,-24,-5,-24,-6,-22,-8,-24,-10,-22,-12,-24,-13,-23,-18,-23,-18,-23,-19,-22,-20,-22,-23,-17,-25,-19,-29,-18,-28,-15,-30,-13,-29,-12,-32,-12,-33,-9,-32,-7,-34,-7,-32,-5,-35,-6,-32,-2,-32,-1,-34,-2,-33,-2,-33,1,-32,0,-34,0,-32,1,-32,1,-32,1,-32,1,-32,0,-32,1,-32,0,-33,3,-32,0,-32,2,-32,3,-34,3,-32,3,-32,6,-33,4,-32,5,-34,6,-35,8,-33,8,-35,11,-36,13,-35,11,-37,12,-35,12,-33,0,0,0,0,0,0,-31,-19,-30,-20,-29,-16,-26,-19,-25,-19,-24,-20,-24,-19,-24,-19,-22,-20,-19,-19,-19,-19,-17,-19,-19,-18,-17,-19,-16,-18,-17,-17,-17,-17,-16,-17,-14,-17,-14,-15,-14,-14,-13,-16,-12,-12,-11,-14,-11,-14,-10,-14,-11,-14,-12,-14,-11,-13,-10,-12,-10,-13,-9,-13,-8,-14,-9,-12,-8,-13,-6,-13,-6,-13,-6,-12,-6,-13,-6,-12,-5,-12,-4,-12,-2,-11,-4,-12,-1,-9,-3,-10,-1,-11,-1,-9,0,-8,0,-8,0,-8,0,-7,0,-7,0,-6,1,-7,1,-6,1,-6,0,0,0,0,0,0,0,0,0,0]"""
1782212770293,2026-06-23T20:06:10.293,danger,fall,lmh,bed_stand_to_lie_fall,t018,"CSI_DATA,813316,1a:00:00:00:00:00,-52,11,-97,14,34,11,222118360,47,2,256,0,""[0,0,0,0,0,0,0,0,0,0,0,0,-15,-13,-12,-15,-14,-16,-14,-21,-11,-21,-10,-22,-10,-22,-9,-24,-10,-26,-9,-26,-8,-28,-9,-27,-9,-31,-6,-31,-4,-32,-4,-32,-5,-33,-1,-35,-2,-32,0,-33,2,-34,0,-34,0,-34,0,-36,0,-35,0,-34,2,-33,1,-35,1,-34,0,-32,2,-31,0,-35,0,-33,0,-31,-1,-34,-1,-33,-1,-31,-3,-32,-5,-31,-6,-31,-5,-33,-7,-31,-6,-32,-8,-33,-7,-32,-6,-33,-7,-33,-9,-31,-9,-33,-10,-36,-11,-34,-11,-33,-10,-37,-8,-36,-12,-36,-11,-37,-11,-36,0,0,0,0,0,0,-38,9,-34,8,-32,10,-32,5,-31,8,-31,6,-29,8,-31,8,-29,8,-27,5,-26,7,-25,7,-25,9,-24,9,-22,8,-20,9,-23,11,-20,9,-19,9,-19,9,-18,11,-19,9,-15,10,-16,10,-15,9,-15,10,-15,9,-13,12,-14,12,-12,10,-12,10,-14,10,-11,10,-11,10,-10,8,-12,11,-10,10,-10,9,-11,9,-10,8,-10,8,-9,8,-9,8,-9,9,-8,6,-8,5,-7,5,-8,5,-7,5,-6,5,-6,5,-6,3,-5,5,-6,3,-5,4,-4,3,-4,2,0,0,0,0,0,0,0,0,0,0]"""
1782212770303,2026-06-23T20:06:10.303,danger,fall,lmh,bed_stand_to_lie_fall,t018,"CSI_DATA,813317,1a:00:00:00:00:00,-52,11,-97,14,34,11,222131280,47,2,256,0,""[0,0,0,0,0,0,0,0,0,0,0,0,20,-7,21,-4,23,-1,25,0,23,0,24,3,26,4,26,6,28,8,26,9,28,11,27,13,29,12,28,15,26,20,26,20,26,21,25,23,23,21,23,26,22,26,21,27,18,26,20,28,18,30,17,27,15,30,16,30,15,29,15,30,13,29,16,31,14,30,14,29,13,31,13,30,13,29,13,30,13,29,15,29,13,29,15,27,14,31,16,31,13,32,13,30,12,31,12,32,13,32,13,34,13,33,12,33,10,37,8,37,12,35,10,37,9,37,0,0,0,0,0,0,37,-4,34,-1,36,-5,32,0,32,-1,32,0,31,0,31,0,29,0,29,2,26,3,26,3,26,1,26,1,24,2,23,0,24,0,24,0,22,2,21,0,21,0,21,0,20,0,19,0,19,1,18,1,18,2,17,0,18,1,17,0,16,1,16,3,15,1,15,1,15,2,16,2,14,3,14,3,14,4,13,4,12,2,12,4,11,3,11,3,10,4,10,3,10,5,9,5,8,5,6,4,5,4,5,4,6,5,5,5,5,5,4,4,4,5,0,0,0,0,0,0,0,0,0,0]"""
1782212770313,2026-06-23T20:06:10.313,danger,fall,lmh,bed_stand_to_lie_fall,t018,"CSI_DATA,813318,1a:00:00:00:00:00,-52,11,-97,19,33,11,222140447,47,2,256,0,""[0,0,0,0,0,0,0,0,0,0,0,0,-2,21,-3,19,-4,22,-7,23,-8,22,-11,22,-13,21,-16,21,-17,24,-18,22,-20,22,-22,21,-23,21,-24,21,-27,17,-28,17,-29,18,-31,14,-30,13,-30,12,-31,7,-35,12,-34,8,-33,9,-35,7,-33,8,-33,4,-33,4,-33,4,-31,5,-31,4,-32,4,-32,2,-31,2,-33,3,-33,4,-31,2,-32,2,-33,4,-33,4,-32,4,-34,6,-33,4,-35,6,-32,2,-31,4,-34,3,-33,4,-35,3,-37,0,-35,3,-35,3,-38,1,-37,0,-37,0,-38,0,-36,0,0,0,0,0,0,0,-8,38,-7,36,-5,32,-8,33,-6,34,-8,31,-7,30,-8,31,-8,29,-7,26,-8,26,-8,24,-8,26,-8,25,-8,23,-6,22,-5,23,-7,22,-8,21,-5,21,-2,20,-5,21,-4,18,-5,17,-6,18,-6,17,-4,17,-4,17,-5,17,-4,17,-5,16,-5,16,-5,15,-3,15,-4,15,-5,13,-5,14,-6,13,-6,13,-4,13,-4,11,-4,12,-8,10,-7,10,-6,10,-4,9,-5,9,-6,9,-4,7,-4,7,-5,6,-4,6,-5,5,-4,4,-5,4,-5,4,-6,4,0,0,0,0,0,0,0,0,0,0]"""
1782212770324,2026-06-23T20:06:10.324,danger,fall,lmh,bed_stand_to_lie_fall,t018,"CSI_DATA,813319,1a:00:00:00:00:00,-52,11,-97,18,33,11,222151285,47,2,256,0,""[0,0,0,0,0,0,0,0,0,0,0,0,12,16,11,18,10,19,10,22,8,23,5,25,5,25,3,26,3,28,1,28,-1,30,-1,30,-2,31,-5,31,-7,31,-10,32,-9,33,-12,31,-14,29,-13,30,-15,31,-17,30,-18,28,-18,29,-21,29,-18,26,-21,26,-22,27,-21,25,-20,27,-21,22,-22,26,-21,26,-21,24,-22,26,-20,25,-21,24,-21,24,-21,25,-21,26,-22,26,-19,26,-22,26,-21,26,-22,24,-21,26,-22,26,-21,26,-21,24,-25,27,-25,25,-26,26,-29,26,-27,23,-27,24,-27,25,-27,24,0,0,0,0,0,0,19,32,18,30,20,29,15,28,15,29,14,28,15,27,14,29,10,27,10,26,12,24,10,23,13,23,10,22,10,23,10,21,10,21,10,20,9,21,10,18,11,20,8,19,9,17,8,15,8,19,8,17,10,16,9,15,8,15,9,15,7,15,7,15,6,15,6,14,7,15,5,15,7,15,5,13,5,13,4,14,2,13,3,12,2,11,3,10,2,10,2,10,0,10,0,9,0,9,0,9,0,9,0,8,0,6,0,8,0,6,0,7,-2,6,0,0,0,0,0,0,0,0,0,0]"""
1782212770336,2026-06-23T20:06:10.336,danger,fall,lmh,bed_stand_to_lie_fall,t018,"CSI_DATA,813320,1a:00:00:00:00:00,-52,11,-97,20,33,11,222162285,47,2,256,0,""[0,0,0,0,0,0,0,0,0,0,0,0,-19,-6,-19,-8,-21,-11,-19,-12,-21,-13,-19,-14,-19,-15,-19,-17,-22,-18,-21,-19,-21,-20,-22,-20,-23,-22,-22,-23,-20,-27,-20,-26,-23,-26,-20,-28,-17,-26,-19,-25,-16,-27,-19,-30,-18,-29,-19,-27,-19,-30,-19,-27,-18,-29,-18,-29,-18,-28,-19,-26,-19,-27,-21,-26,-20,-27,-20,-24,-22,-23,-23,-23,-22,-21,-24,-19,-24,-21,-27,-19,-27,-20,-28,-16,-27,-18,-30,-17,-27,-18,-28,-17,-29,-16,-29,-15,-31,-15,-34,-17,-33,-14,-34,-14,-34,-16,-34,-14,-34,-14,-35,-15,-33,-12,0,0,0,0,0,0,-15,34,-15,34,-11,32,-12,30,-11,32,-11,29,-9,30,-9,30,-8,27,-7,25,-7,26,-7,23,-4,27,-7,24,-3,24,0,23,0,23,0,23,-2,23,0,22,2,21,0,20,2,19,2,19,0,19,2,20,3,19,4,16,4,19,6,16,4,16,4,17,3,16,6,15,6,14,5,15,6,14,6,14,4,14,4,12,5,12,5,12,5,11,4,11,3,11,5,10,3,10,4,9,3,7,3,7,2,8,3,6,2,6,3,7,3,6,3,5,1,5,0,0,0,0,0,0,0,0,0,0]"""
1782212770348,2026-06-23T20:06:10.348,danger,fall,lmh,bed_stand_to_lie_fall,t018,"CSI_DATA,813321,1a:00:00:00:00:00,-52,11,-97,14,34,11,222173285,47,2,256,0,""[0,0,0,0,0,0,0,0,0,0,0,0,-1,21,-3,21,-5,21,-9,22,-10,21,-12,21,-14,21,-18,20,-20,21,-21,18,-25,17,-24,17,-26,17,-28,15,-31,10,-31,8,-32,9,-33,5,-31,2,-32,2,-33,0,-36,-1,-32,-4,-34,-6,-34,-8,-33,-7,-31,-12,-33,-11,-31,-13,-30,-12,-27,-15,-31,-15,-29,-16,-29,-14,-29,-15,-27,-16,-26,-15,-26,-17,-26,-16,-28,-17,-26,-20,-26,-20,-26,-20,-26,-21,-23,-23,-24,-23,-24,-24,-23,-21,-25,-25,-23,-27,-22,-27,-21,-29,-20,-32,-18,-31,-19,-32,-19,-34,-15,-36,0,0,0,0,0,0,-36,9,-35,7,-32,9,-32,3,-33,4,-31,0,-32,1,-32,0,-30,-1,-29,-2,-26,-1,-26,-3,-26,-3,-25,-3,-24,-4,-23,-4,-24,-3,-21,-4,-21,-5,-20,-5,-21,-4,-19,-6,-19,-5,-20,-6,-17,-6,-17,-8,-17,-7,-17,-6,-17,-5,-15,-5,-13,-7,-15,-8,-14,-8,-14,-7,-12,-8,-12,-10,-10,-10,-11,-9,-10,-9,-9,-9,-10,-9,-7,-9,-9,-10,-7,-9,-5,-9,-5,-8,-4,-9,-5,-10,-2,-8,-3,-8,-2,-7,-1,-6,-2,-6,0,-7,0,-6,0,-5,0,-5,0,0,0,0,0,0,0,0,0,0]"""
1782212770359,2026-06-23T20:06:10.359,danger,fall,lmh,bed_stand_to_lie_fall,t018,"CSI_DATA,813322,1a:00:00:00:00:00,-52,11,-97,14,34,11,222184284,47,2,256,0,""[0,0,0,0,0,0,0,0,0,0,0,0,-18,10,-20,7,-21,6,-24,4,-24,3,-25,0,-26,-1,-25,-4,-28,-6,-26,-8,-29,-10,-27,-12,-28,-14,-28,-17,-24,-21,-24,-21,-26,-22,-21,-25,-20,-26,-21,-27,-17,-28,-16,-30,-13,-31,-14,-31,-11,-32,-12,-31,-8,-31,-8,-34,-6,-31,-8,-33,-5,-31,-5,-35,-2,-32,-2,-32,-2,-33,-1,-33,-1,-30,-2,-31,0,-31,-2,-32,0,-32,-2,-31,0,-34,0,-34,4,-34,3,-32,5,-34,5,-32,6,-33,7,-35,8,-36,8,-35,13,-37,14,-34,11,-37,14,-36,15,-33,0,0,0,0,0,0,-28,-23,-26,-23,-26,-21,-24,-23,-23,-22,-21,-24,-20,-21,-21,-25,-17,-22,-16,-23,-15,-22,-13,-21,-15,-22,-13,-21,-11,-21,-12,-20,-13,-20,-10,-20,-10,-21,-10,-19,-10,-17,-8,-19,-9,-17,-8,-17,-5,-17,-6,-18,-5,-16,-7,-15,-5,-16,-5,-15,-4,-17,-5,-17,-4,-15,-4,-15,-2,-15,0,-15,-1,-15,0,-14,0,-14,1,-14,0,-12,1,-12,2,-12,0,-11,1,-10,1,-9,2,-9,3,-8,4,-9,5,-7,4,-6,3,-6,4,-5,4,-5,3,-5,5,-4,5,-5,0,0,0,0,0,0,0,0,0,0]"""
1782212770367,2026-06-23T20:06:10.367,danger,fall,lmh,bed_stand_to_lie_fall,t018,"CSI_DATA,813323,1a:00:00:00:00:00,-52,11,-97,14,34,11,222195324,47,2,256,0,""[0,0,0,0,0,0,0,0,0,0,0,0,18,-11,17,-10,21,-10,23,-8,23,-5,24,-3,26,-3,26,1,29,0,27,5,30,7,30,8,31,8,28,10,29,15,29,15,29,15,27,21,26,21,23,25,21,28,25,25,21,27,20,27,20,31,20,27,15,29,15,31,15,30,15,29,12,29,14,32,11,30,10,31,11,31,10,31,9,31,10,31,10,31,10,31,7,32,10,31,9,32,8,34,6,33,7,33,5,34,4,32,5,34,3,37,1,35,2,36,-1,38,-3,37,0,38,-3,39,-3,37,0,0,0,0,0,0,36,12,33,11,33,10,31,14,30,13,27,14,26,13,27,15,25,15,23,15,21,15,21,15,23,15,19,15,19,15,18,15,20,13,17,14,16,15,16,14,17,14,15,15,15,11,14,13,12,15,13,12,11,13,13,11,13,14,12,12,10,13,10,15,10,13,10,12,8,13,9,13,6,13,7,11,7,12,5,12,5,11,5,11,4,12,3,10,3,10,3,11,2,10,1,10,0,9,0,8,0,9,-1,7,0,9,-1,7,0,6,-1,6,-2,6,0,0,0,0,0,0,0,0,0,0]"""
1782212770379,2026-06-23T20:06:10.379,danger,fall,lmh,bed_stand_to_lie_fall,t018,"CSI_DATA,813324,1a:00:00:00:00:00,-52,11,-97,18,33,11,222206284,47,2,256,0,""[0,0,0,0,0,0,0,0,0,0,0,0,-2,-21,0,-21,0,-22,3,-23,5,-22,8,-23,10,-24,11,-24,14,-23,15,-24,18,-22,19,-23,21,-23,23,-21,26,-18,27,-17,28,-17,31,-16,30,-13,32,-13,31,-11,34,-9,32,-9,33,-7,36,-5,32,-4,33,-1,35,-1,33,1,33,0,33,1,33,1,34,2,31,2,33,3,32,2,31,3,32,4,31,3,32,4,32,5,33,3,31,6,34,6,31,6,31,7,32,8,32,6,33,9,36,11,35,11,32,13,35,15,32,15,33,16,32,15,33,18,0,0,0,0,0,0,22,-28,24,-26,21,-26,24,-22,22,-23,24,-21,22,-21,25,-20,24,-17,22,-16,21,-15,21,-13,22,-15,22,-14,21,-12,19,-11,21,-14,20,-11,20,-9,19,-10,18,-10,17,-10,16,-10,17,-8,18,-9,18,-7,16,-7,15,-8,17,-7,14,-8,15,-6,15,-5,15,-5,15,-5,14,-4,15,-3,15,-3,14,-3,15,-2,12,0,12,-1,13,0,13,0,11,0,11,0,10,0,10,0,10,1,8,0,7,2,7,2,7,3,7,3,6,4,6,3,5,2,5,4,0,0,0,0,0,0,0,0,0,0]"""
1782212770392,2026-06-23T20:06:10.392,danger,fall,lmh,bed_stand_to_lie_fall,t018,"CSI_DATA,813325,1a:00:00:00:00:00,-52,11,-97,18,33,11,222218689,47,2,256,0,""[0,0,0,0,0,0,0,0,0,0,0,0,5,20,1,21,0,22,-1,22,-2,24,-5,23,-6,26,-8,24,-8,29,-9,26,-13,26,-12,27,-13,27,-15,28,-19,26,-20,27,-20,27,-22,27,-21,24,-24,25,-26,26,-25,23,-26,23,-25,23,-27,22,-25,21,-26,20,-27,21,-28,19,-26,19,-26,18,-26,19,-26,21,-25,19,-26,21,-24,21,-24,20,-25,21,-24,21,-23,22,-26,21,-23,23,-25,22,-24,25,-23,21,-22,23,-24,23,-24,24,-24,25,-26,26,-25,25,-25,24,-29,25,-28,23,-28,25,-26,25,-26,26,0,0,0,0,0,0,20,31,21,30,20,27,20,29,20,26,16,26,17,26,15,26,15,24,15,23,15,22,13,20,15,21,13,21,14,19,14,19,15,19,13,18,12,18,13,17,14,15,14,17,11,13,11,15,12,15,13,14,11,14,12,12,12,13,13,12,11,12,12,12,11,13,10,10,10,10,10,12,10,10,10,10,9,10,10,10,8,9,8,10,7,9,7,10,5,9,6,8,5,9,5,9,5,8,4,7,4,8,4,7,2,6,2,7,1,6,0,6,1,6,0,0,0,0,0,0,0,0,0,0]"""
1782212770402,2026-06-23T20:06:10.402,danger,fall,lmh,bed_stand_to_lie_fall,t018,"CSI_DATA,813326,1a:00:00:00:00:00,-52,11,-97,17,33,11,222228714,47,2,256,0,""[0,0,0,0,0,0,0,0,0,0,0,0,21,2,20,5,21,4,23,7,23,7,23,10,23,10,22,12,25,13,24,14,25,16,25,16,26,17,26,19,25,21,25,21,25,21,25,23,22,23,25,25,22,25,24,26,23,25,24,25,23,26,23,24,21,26,22,26,22,25,23,23,22,22,24,24,24,23,23,22,25,23,25,21,24,19,27,19,25,19,27,18,26,19,29,15,28,16,31,16,29,16,29,15,32,15,30,15,31,15,32,15,33,15,32,12,34,15,32,15,36,14,36,14,36,12,0,0,0,0,0,0,15,-32,14,-32,12,-32,12,-30,12,-31,12,-30,10,-30,11,-28,10,-26,9,-26,8,-25,9,-25,7,-25,6,-25,6,-23,5,-23,3,-23,4,-22,4,-22,1,-21,0,-22,0,-20,0,-19,0,-19,1,-19,0,-19,0,-18,-1,-18,-1,-18,-3,-17,-1,-15,-1,-16,-1,-17,-2,-15,-3,-15,-1,-17,-2,-15,-3,-13,-2,-14,-2,-12,-3,-12,-3,-12,-1,-12,-2,-11,-1,-11,-2,-11,-1,-10,-1,-10,-1,-8,0,-8,-1,-8,0,-6,0,-7,0,-6,0,-7,0,-6,0,-6,0,0,0,0,0,0,0,0,0,0]"""
1782212770411,2026-06-23T20:06:10.411,danger,fall,lmh,bed_stand_to_lie_fall,t018,"CSI_DATA,813327,1a:00:00:00:00:00,-52,11,-97,18,33,11,222239362,47,2,256,0,""[0,0,0,0,0,0,0,0,0,0,0,0,16,-13,18,-10,19,-9,23,-9,23,-7,24,-5,24,-5,26,-1,27,-1,29,0,30,0,30,2,31,4,31,5,30,10,31,11,32,10,31,15,28,15,26,17,27,20,28,19,27,21,27,21,28,23,26,21,23,24,25,25,22,25,23,24,21,24,23,26,22,25,21,24,21,25,22,24,20,24,21,23,21,25,22,24,21,25,21,25,20,26,21,26,19,26,21,26,20,27,20,26,21,28,21,30,20,31,20,29,16,31,17,32,18,34,17,33,16,34,0,0,0,0,0,0,34,-10,37,-9,32,-11,31,-7,31,-10,30,-6,31,-8,31,-6,29,-5,27,-3,26,-3,26,-2,26,-3,26,-4,25,-3,21,-2,25,-3,22,-2,21,-1,22,-2,21,-3,20,-1,19,-3,19,-1,20,0,18,-1,17,-1,18,-2,18,-1,17,-1,18,0,16,0,16,0,18,0,14,0,15,0,15,0,15,0,15,0,13,2,12,2,10,1,13,3,11,2,11,2,9,2,9,4,10,4,7,5,7,4,7,3,5,3,7,3,6,4,5,4,5,5,4,4,0,0,0,0,0,0,0,0,0,0]"""
1782212770424,2026-06-23T20:06:10.424,danger,fall,lmh,bed_stand_to_lie_fall,t018,"CSI_DATA,813328,1a:00:00:00:00:00,-52,11,-97,20,33,11,222250284,47,2,256,0,""[0,0,0,0,0,0,0,0,0,0,0,0,-21,-3,-20,-5,-23,-6,-22,-7,-23,-10,-22,-11,-23,-12,-23,-14,-25,-15,-23,-16,-23,-18,-23,-18,-25,-19,-23,-20,-23,-23,-23,-22,-25,-23,-23,-26,-21,-26,-21,-24,-18,-27,-23,-27,-20,-28,-22,-27,-23,-30,-22,-26,-19,-27,-21,-28,-20,-27,-22,-26,-19,-25,-22,-27,-22,-25,-21,-24,-23,-23,-23,-23,-21,-22,-23,-21,-24,-21,-26,-19,-26,-22,-27,-18,-26,-19,-29,-19,-27,-19,-27,-17,-28,-18,-27,-16,-30,-18,-32,-18,-31,-17,-31,-18,-33,-20,-30,-19,-34,-18,-34,-19,-33,-16,0,0,0,0,0,0,-19,32,-19,32,-15,32,-17,28,-15,28,-15,28,-14,27,-15,29,-15,27,-13,23,-11,24,-10,23,-11,26,-10,23,-7,23,-7,22,-6,23,-5,23,-7,23,-5,21,-3,19,-4,21,-2,19,-3,19,-4,19,-2,19,-1,18,0,19,0,19,0,17,0,16,0,18,0,16,0,16,0,14,0,16,0,15,0,15,0,14,0,13,0,14,0,12,0,14,0,12,0,11,1,11,0,9,0,10,0,8,0,7,1,9,0,7,0,7,0,7,0,6,0,7,0,6,0,0,0,0,0,0,0,0,0,0]"""
1782212770434,2026-06-23T20:06:10.434,danger,fall,lmh,bed_stand_to_lie_fall,t018,"CSI_DATA,813329,1a:00:00:00:00:00,-52,11,-97,18,33,11,222261312,47,2,256,0,""[0,0,0,0,0,0,0,0,0,0,0,0,6,20,5,19,4,23,4,23,3,25,1,25,0,25,0,26,0,29,-1,29,-2,31,-2,31,-1,31,-3,32,-7,31,-8,32,-6,33,-10,33,-9,32,-10,31,-11,31,-10,32,-12,33,-10,33,-11,34,-9,32,-11,32,-10,32,-12,32,-8,32,-10,29,-9,33,-8,32,-8,31,-5,32,-5,31,-5,31,-4,31,-3,31,-1,33,0,32,0,32,0,32,2,35,0,33,2,32,1,34,5,34,3,34,5,37,5,36,5,36,4,37,2,37,7,37,5,37,6,36,0,0,0,0,0,0,37,-5,36,-5,33,-9,31,-5,32,-6,31,-4,31,-7,31,-5,28,-5,27,-5,24,-6,26,-7,26,-9,23,-7,23,-7,21,-8,22,-10,21,-10,20,-9,19,-9,17,-12,19,-10,15,-10,15,-10,15,-11,15,-10,14,-11,13,-12,14,-12,11,-12,12,-11,11,-11,11,-10,10,-12,11,-10,10,-11,10,-10,9,-11,9,-11,9,-9,9,-8,8,-8,8,-9,7,-9,6,-9,8,-6,7,-7,5,-9,6,-5,5,-5,5,-5,5,-5,5,-5,6,-5,5,-4,5,-3,5,-3,0,0,0,0,0,0,0,0,0,0]"""
1782212770447,2026-06-23T20:06:10.447,danger,fall,lmh,bed_stand_to_lie_fall,t018,"CSI_DATA,813330,1a:00:00:00:00:00,-52,11,-97,18,33,11,222272292,47,2,256,0,""[0,0,0,0,0,0,0,0,0,0,0,0,-19,6,-21,5,-21,4,-24,2,-23,0,-26,0,-25,-1,-26,-4,-28,-6,-27,-7,-29,-9,-27,-10,-30,-11,-30,-12,-28,-16,-26,-18,-29,-19,-26,-21,-26,-21,-27,-22,-26,-22,-23,-26,-22,-23,-24,-26,-22,-27,-21,-25,-19,-27,-20,-28,-17,-27,-19,-27,-15,-26,-19,-28,-19,-27,-18,-26,-19,-26,-19,-26,-18,-25,-19,-26,-19,-26,-21,-26,-19,-27,-19,-24,-19,-26,-21,-27,-17,-27,-20,-26,-19,-27,-19,-26,-20,-28,-20,-29,-19,-30,-19,-28,-18,-32,-15,-32,-19,-33,-19,-33,-17,-31,0,0,0,0,0,0,-36,13,-32,11,-31,14,-31,10,-31,10,-31,9,-29,9,-31,9,-26,9,-28,5,-26,6,-24,6,-26,7,-24,5,-23,5,-22,6,-23,7,-21,6,-21,5,-20,5,-21,6,-21,5,-19,7,-18,5,-18,5,-19,5,-17,4,-16,6,-17,5,-15,6,-15,4,-16,4,-15,4,-15,6,-13,3,-15,5,-15,4,-13,3,-15,3,-13,2,-11,1,-12,2,-11,0,-11,0,-11,1,-10,0,-10,0,-10,0,-9,-1,-7,0,-8,0,-7,0,-7,-1,-6,-1,-7,-1,-5,0,-5,-1,0,0,0,0,0,0,0,0,0,0]"""
1782212770458,2026-06-23T20:06:10.458,danger,fall,lmh,bed_stand_to_lie_fall,t018,"CSI_DATA,813331,1a:00:00:00:00:00,-52,11,-97,18,33,11,222283284,47,2,256,0,""[0,0,0,0,0,0,0,0,0,0,0,0,-7,-19,-4,-21,-4,-21,-1,-23,0,-25,1,-24,3,-26,5,-25,5,-28,7,-28,9,-28,10,-28,10,-30,13,-30,16,-26,16,-27,16,-28,21,-27,21,-25,21,-24,22,-20,24,-26,26,-23,25,-24,26,-24,24,-23,26,-19,27,-21,26,-20,25,-21,26,-21,27,-21,26,-20,25,-19,26,-19,25,-21,23,-19,24,-21,26,-21,24,-22,26,-20,23,-23,25,-21,26,-23,26,-21,25,-20,27,-21,25,-21,26,-21,29,-22,27,-23,26,-23,31,-21,31,-21,29,-22,29,-22,30,-21,0,0,0,0,0,0,-16,-32,-15,-31,-16,-30,-13,-30,-13,-30,-12,-29,-13,-28,-11,-29,-11,-28,-10,-26,-10,-25,-8,-24,-11,-25,-9,-23,-9,-23,-10,-21,-11,-21,-10,-21,-6,-20,-10,-19,-10,-19,-9,-20,-8,-17,-8,-17,-7,-16,-7,-15,-7,-16,-10,-15,-9,-16,-9,-15,-8,-14,-7,-15,-6,-14,-6,-14,-6,-13,-6,-14,-5,-13,-5,-12,-5,-13,-5,-13,-4,-12,-5,-12,-4,-11,-3,-11,-2,-10,-2,-9,-2,-9,-2,-9,-1,-9,-1,-8,-1,-8,0,-8,0,-6,0,-8,0,-6,0,-6,1,-6,0,0,0,0,0,0,0,0,0,0]"""
1782212770469,2026-06-23T20:06:10.469,danger,fall,lmh,bed_stand_to_lie_fall,t018,"CSI_DATA,813332,1a:00:00:00:00:00,-52,11,-97,18,33,11,222296738,47,2,256,0,""[0,0,0,0,0,0,0,0,0,0,0,0,20,5,20,7,20,10,19,13,19,14,18,17,18,18,17,21,17,21,15,24,14,26,15,26,14,28,10,31,7,31,6,32,7,32,2,36,2,33,0,34,-4,36,-1,33,-4,34,-4,34,-5,34,-5,33,-9,31,-10,32,-11,31,-10,31,-11,29,-11,32,-10,31,-12,29,-12,31,-11,30,-12,29,-12,29,-14,30,-12,31,-15,30,-12,29,-15,29,-13,30,-15,29,-14,31,-16,29,-15,30,-17,28,-19,31,-21,28,-20,29,-23,29,-25,27,-24,27,-25,30,-24,27,0,0,0,0,0,0,21,29,20,29,20,26,17,30,17,26,15,27,15,26,15,27,12,26,11,27,11,24,10,23,10,24,10,24,9,22,10,21,10,21,8,21,5,21,6,20,9,21,7,21,5,18,5,19,6,18,5,18,5,18,5,16,5,17,5,15,3,16,4,16,3,15,3,16,2,14,1,15,1,14,2,13,0,14,0,14,0,12,0,12,0,13,0,10,0,11,-2,10,-2,10,-1,8,-2,8,-2,8,-3,8,-1,6,-2,6,-4,7,-4,5,-3,5,-5,4,0,0,0,0,0,0,0,0,0,0]"""
1782212770479,2026-06-23T20:06:10.479,danger,fall,lmh,bed_stand_to_lie_fall,t018,"CSI_DATA,813333,1a:00:00:00:00:00,-52,11,-97,19,33,11,222305284,47,2,256,0,""[0,0,0,0,0,0,0,0,0,0,0,0,20,1,21,4,22,5,24,8,22,8,22,10,22,13,22,15,24,17,22,17,23,20,22,19,25,20,23,22,20,26,19,26,22,27,17,29,17,30,17,28,13,29,17,31,13,30,16,31,13,33,13,31,12,32,13,33,10,31,12,32,11,30,13,32,12,31,12,31,12,31,13,30,12,28,14,29,13,29,16,29,14,31,16,28,15,30,16,31,14,31,16,29,14,31,16,29,16,31,16,32,18,31,16,31,15,35,13,35,18,32,17,35,16,35,0,0,0,0,0,0,35,-13,34,-10,33,-13,32,-8,31,-10,31,-8,29,-10,31,-9,27,-8,28,-7,26,-7,24,-7,24,-7,24,-8,24,-8,22,-7,22,-9,21,-8,21,-6,19,-8,20,-9,19,-7,17,-8,17,-8,17,-7,17,-8,17,-7,17,-10,17,-7,14,-8,14,-7,16,-8,14,-8,14,-8,13,-7,16,-6,13,-6,13,-5,13,-6,12,-3,11,-4,11,-4,11,-4,10,-4,10,-3,8,-3,10,-3,10,-3,8,-1,8,-1,8,0,7,-2,6,-1,6,0,8,-1,4,0,7,0,0,0,0,0,0,0,0,0,0,0]"""
1782212770500,2026-06-23T20:06:10.500,danger,fall,lmh,bed_stand_to_lie_fall,t018,"CSI_DATA,813335,1a:00:00:00:00:00,-52,11,-97,14,34,11,222327360,47,2,256,0,""[0,0,0,0,0,0,0,0,0,0,0,0,7,-18,9,-19,12,-18,15,-19,16,-17,20,-15,19,-15,21,-14,24,-15,24,-11,27,-12,28,-11,30,-10,31,-9,32,-4,31,-1,34,-3,33,1,34,2,35,3,33,4,34,7,33,8,34,8,35,12,32,10,31,12,32,14,30,14,31,15,26,15,31,16,28,16,28,15,29,17,26,17,26,15,28,15,27,17,29,15,27,18,27,16,28,20,28,18,26,19,27,20,26,21,26,20,27,21,26,23,27,23,26,25,26,28,23,28,26,28,26,28,24,29,0,0,0,0,0,0,31,-17,31,-17,31,-18,31,-12,30,-12,30,-10,30,-10,31,-10,27,-8,27,-7,26,-8,25,-5,26,-7,24,-5,25,-5,22,-5,24,-6,22,-5,22,-3,21,-5,21,-5,20,-2,21,-3,20,-3,20,-2,18,-2,19,-1,19,-3,19,-1,15,-2,16,-1,17,0,16,0,15,-1,14,0,16,0,16,0,15,0,15,0,13,2,11,1,11,1,12,2,10,2,10,5,9,3,9,4,9,3,7,4,7,5,6,4,5,5,6,5,5,5,5,5,5,4,3,5,0,0,0,0,0,0,0,0,0,0]"""
1782212770514,2026-06-23T20:06:10.514,danger,fall,lmh,bed_stand_to_lie_fall,t018,"CSI_DATA,813336,1a:00:00:00:00:00,-52,11,-97,18,33,11,222339754,47,2,256,0,""[0,0,0,0,0,0,0,0,0,0,0,0,-19,5,-21,4,-22,3,-24,0,-24,0,-25,0,-25,-1,-25,-4,-28,-5,-27,-5,-28,-8,-28,-8,-31,-8,-31,-10,-29,-14,-28,-15,-30,-15,-29,-17,-26,-17,-27,-21,-27,-20,-28,-21,-26,-21,-26,-20,-26,-24,-26,-21,-23,-22,-26,-22,-23,-22,-26,-21,-23,-21,-26,-23,-24,-22,-23,-21,-26,-21,-25,-21,-24,-20,-26,-19,-25,-19,-27,-19,-26,-19,-27,-16,-27,-18,-29,-18,-28,-18,-27,-17,-29,-18,-28,-17,-30,-17,-31,-19,-31,-18,-31,-18,-31,-21,-29,-21,-31,-20,-32,-20,-31,-21,0,0,0,0,0,0,-23,28,-22,28,-19,26,-21,26,-21,25,-21,23,-18,23,-21,25,-18,21,-19,21,-17,21,-16,19,-15,21,-16,19,-15,19,-12,19,-12,20,-12,18,-13,18,-10,17,-10,19,-10,17,-10,16,-10,16,-10,16,-10,16,-8,15,-8,16,-8,16,-5,15,-7,14,-6,15,-8,15,-6,15,-7,12,-6,13,-7,14,-6,14,-5,12,-6,11,-5,11,-5,11,-6,10,-5,10,-5,9,-5,9,-5,8,-5,8,-4,8,-5,6,-5,6,-5,5,-5,5,-5,5,-4,5,-5,5,-4,3,0,0,0,0,0,0,0,0,0,0]"""
1782212770523,2026-06-23T20:06:10.523,danger,fall,lmh,bed_stand_to_lie_fall,t018,"CSI_DATA,813337,1a:00:00:00:00:00,-52,11,-97,18,33,11,222349588,47,2,256,0,""[0,0,0,0,0,0,0,0,0,0,0,0,-19,4,-21,0,-22,1,-25,0,-23,-1,-25,-3,-25,-4,-26,-5,-29,-5,-27,-5,-28,-7,-29,-8,-31,-7,-31,-9,-30,-15,-29,-12,-31,-11,-31,-15,-28,-15,-27,-17,-26,-20,-29,-18,-28,-17,-31,-16,-31,-19,-29,-15,-27,-17,-29,-18,-28,-17,-30,-16,-26,-15,-31,-17,-29,-16,-28,-15,-31,-15,-29,-13,-27,-10,-31,-9,-31,-10,-31,-7,-31,-10,-31,-5,-33,-7,-34,-6,-33,-6,-31,-7,-32,-5,-32,-5,-33,-5,-37,-5,-36,-2,-35,-1,-37,-5,-36,-5,-38,-1,-37,-3,-36,-2,0,0,0,0,0,0,-5,37,-5,36,-1,36,-4,31,-1,31,-3,31,-2,30,-2,32,-2,28,-2,28,0,26,-2,25,0,26,0,24,1,24,3,23,4,24,4,23,1,22,4,20,5,21,5,20,5,20,4,19,4,18,5,18,6,15,8,16,7,16,8,15,5,15,6,15,7,15,7,14,6,13,6,15,5,13,6,12,6,13,7,11,6,10,7,10,6,10,5,10,5,10,5,9,5,8,4,9,4,8,4,8,3,6,3,6,2,6,2,7,1,7,1,5,3,5,0,0,0,0,0,0,0,0,0,0]"""
1782212770535,2026-06-23T20:06:10.535,danger,fall,lmh,bed_stand_to_lie_fall,t018,"CSI_DATA,813338,1a:00:00:00:00:00,-52,11,-97,18,33,11,222361067,47,2,256,0,""[0,0,0,0,0,0,0,0,0,0,0,0,-12,16,-13,15,-16,15,-19,14,-19,14,-21,13,-21,11,-25,11,-26,10,-26,9,-27,7,-28,8,-31,9,-31,5,-32,2,-33,1,-34,3,-34,0,-31,-1,-33,-2,-37,-4,-34,-5,-35,-5,-34,-4,-34,-7,-32,-5,-32,-8,-32,-9,-31,-9,-31,-7,-30,-9,-33,-8,-31,-8,-31,-9,-31,-6,-31,-5,-30,-6,-31,-7,-31,-6,-31,-4,-31,-7,-33,-5,-32,-5,-34,-5,-31,-5,-32,-3,-32,-5,-32,-4,-33,-6,-37,-5,-33,-7,-35,-5,-37,-8,-34,-10,-37,-7,-37,-8,-37,-7,0,0,0,0,0,0,-12,36,-14,33,-9,32,-12,31,-11,31,-11,27,-10,30,-12,30,-12,26,-11,24,-10,25,-10,23,-10,24,-10,24,-10,22,-7,21,-8,24,-8,21,-8,20,-7,21,-5,21,-5,21,-5,18,-6,17,-6,17,-6,17,-3,18,-3,19,-5,17,-3,16,-3,15,-4,15,-4,15,-2,15,-3,14,-5,15,-4,14,-5,14,-4,14,-3,13,-4,12,-4,12,-4,10,-3,11,-4,10,-4,10,-3,10,-4,10,-4,8,-3,8,-5,7,-3,6,-4,5,-5,5,-4,5,-4,5,-3,4,0,0,0,0,0,0,0,0,0,0]"""
1782212770545,2026-06-23T20:06:10.545,danger,fall,lmh,bed_stand_to_lie_fall,t018,"CSI_DATA,813339,1a:00:00:00:00:00,-52,11,-97,18,33,11,222371518,47,2,256,0,""[0,0,0,0,0,0,0,0,0,0,0,0,20,-7,21,-5,22,-4,24,-3,25,-2,24,0,26,0,25,1,29,0,29,1,29,4,29,2,31,3,31,4,31,8,32,7,33,5,32,8,31,8,33,10,33,9,34,12,31,9,31,9,34,10,32,9,31,10,33,10,32,10,31,8,31,8,33,8,31,7,31,5,33,6,32,3,31,3,32,0,32,1,33,0,32,0,32,-2,33,0,34,-4,32,-2,33,-5,33,-5,33,-5,34,-5,36,-5,34,-9,36,-9,37,-7,37,-8,37,-11,36,-9,35,-10,0,0,0,0,0,0,-8,-35,-8,-36,-10,-32,-8,-31,-10,-31,-8,-30,-9,-29,-10,-30,-10,-27,-8,-26,-10,-24,-10,-24,-11,-24,-10,-23,-11,-20,-10,-20,-13,-21,-13,-19,-10,-19,-11,-16,-14,-16,-13,-16,-12,-13,-12,-12,-12,-13,-12,-13,-13,-11,-15,-10,-13,-10,-14,-10,-14,-9,-14,-9,-13,-9,-13,-9,-12,-7,-12,-9,-11,-7,-12,-7,-10,-7,-11,-7,-11,-5,-11,-5,-10,-5,-10,-5,-9,-5,-9,-5,-9,-4,-10,-5,-7,-4,-6,-4,-6,-4,-6,-4,-5,-4,-5,-3,-5,-3,-5,-4,-5,-4,0,0,0,0,0,0,0,0,0,0]"""
1782212770555,2026-06-23T20:06:10.555,danger,fall,lmh,bed_stand_to_lie_fall,t018,"CSI_DATA,813340,1a:00:00:00:00:00,-52,11,-97,19,33,11,222382283,47,2,256,0,""[0,0,0,0,0,0,0,0,0,0,0,0,8,-18,10,-19,13,-17,15,-21,16,-18,18,-17,17,-17,20,-15,25,-17,25,-15,26,-14,26,-14,28,-13,32,-12,32,-8,31,-8,33,-8,33,-6,33,-4,35,-2,36,0,35,0,35,0,34,0,36,2,33,1,34,4,35,4,32,4,34,2,31,5,34,5,32,4,31,4,34,5,32,4,31,5,31,4,32,4,33,3,32,4,32,4,34,4,35,4,33,5,32,4,34,5,32,4,35,5,36,6,35,5,35,8,36,10,35,10,36,9,38,9,37,10,0,0,0,0,0,0,15,-35,15,-33,13,-31,15,-29,14,-29,14,-26,14,-26,15,-28,14,-26,15,-23,14,-22,13,-22,13,-22,13,-22,13,-19,9,-20,11,-21,11,-19,11,-18,11,-18,8,-20,11,-17,10,-17,9,-17,9,-16,9,-16,8,-16,7,-16,9,-17,8,-16,8,-14,8,-14,8,-14,8,-14,7,-13,8,-13,8,-12,7,-13,8,-12,8,-11,7,-10,7,-9,7,-9,7,-8,7,-7,5,-8,8,-7,6,-7,8,-6,5,-6,7,-5,6,-4,5,-3,8,-4,5,-2,5,-3,6,-3,0,0,0,0,0,0,0,0,0,0]"""
1782212770568,2026-06-23T20:06:10.568,danger,fall,lmh,bed_stand_to_lie_fall,t018,"CSI_DATA,813341,1a:00:00:00:00:00,-53,11,-97,15,34,11,222395329,47,2,256,0,""[0,0,0,0,0,0,0,0,0,0,0,0,20,-4,20,0,22,0,23,2,23,4,24,7,24,8,23,12,25,14,23,15,23,19,22,20,23,22,21,24,17,26,17,27,17,29,13,31,12,29,12,33,9,35,7,34,5,33,5,34,0,35,2,33,-1,35,-1,35,-3,33,-2,33,-4,31,-4,34,-4,34,-7,31,-7,32,-7,32,-8,30,-8,32,-8,31,-8,32,-10,31,-8,31,-12,31,-10,33,-13,30,-12,31,-15,31,-13,31,-16,31,-19,31,-19,30,-18,31,-22,31,-24,28,-24,30,-24,27,-25,27,0,0,0,0,0,0,21,29,19,29,20,29,17,29,15,29,13,27,12,28,12,28,9,26,8,26,8,26,6,24,7,26,5,25,5,24,5,22,4,23,4,21,2,22,4,22,4,20,3,21,0,18,1,20,2,20,1,17,1,18,1,18,0,18,1,17,0,16,-1,17,-2,17,0,15,0,15,-4,14,-3,14,-3,13,-3,13,-4,13,-4,12,-4,13,-5,11,-4,9,-5,9,-4,8,-7,8,-5,8,-6,7,-5,6,-6,5,-5,5,-5,3,-5,3,-6,3,-5,3,-6,2,0,0,0,0,0,0,0,0,0,0]"""
1782212770576,2026-06-23T20:06:10.576,danger,fall,lmh,bed_stand_to_lie_fall,t018,"CSI_DATA,813342,1a:00:00:00:00:00,-52,11,-97,14,34,11,222404283,47,2,256,0,""[0,0,0,0,0,0,0,0,0,0,0,0,10,-18,13,-17,15,-15,18,-15,20,-13,22,-12,23,-10,24,-8,27,-8,27,-6,29,-4,28,-3,31,-2,31,0,32,5,31,6,33,8,31,10,31,10,30,15,31,17,30,19,28,19,28,20,27,22,26,21,24,24,23,26,21,24,22,26,19,26,21,28,17,27,17,26,18,28,15,27,15,26,16,28,16,29,17,28,14,30,16,28,14,31,15,31,10,31,10,30,11,32,10,31,10,33,10,34,10,34,7,34,4,38,2,36,4,37,1,37,1,37,0,0,0,0,0,0,37,7,35,8,35,6,31,10,30,10,28,13,29,10,30,13,25,13,26,14,24,14,21,14,22,13,21,12,21,14,19,12,19,12,18,12,16,14,15,13,17,14,15,14,15,11,14,13,12,12,13,14,12,13,14,12,12,13,12,12,10,13,10,15,8,12,9,11,7,12,8,13,6,12,6,12,5,13,4,12,5,10,3,11,3,11,4,10,4,11,1,10,0,10,0,10,-1,9,0,8,0,8,0,7,0,8,-1,5,0,7,0,6,-3,5,0,0,0,0,0,0,0,0,0,0]"""
1782212770589,2026-06-23T20:06:10.589,danger,fall,lmh,bed_stand_to_lie_fall,t018,"CSI_DATA,813343,1a:00:00:00:00:00,-52,11,-97,14,34,11,222415847,47,2,256,0,""[0,0,0,0,0,0,0,0,0,0,0,0,-10,-19,-8,-19,-7,-21,-7,-24,-4,-24,-3,-25,-3,-24,0,-26,-3,-30,0,-28,0,-30,2,-30,1,-31,3,-31,7,-31,5,-31,5,-32,10,-32,9,-30,10,-29,13,-29,12,-32,13,-32,13,-31,14,-33,11,-31,15,-30,15,-31,15,-30,12,-31,14,-28,15,-30,11,-30,10,-29,10,-31,10,-31,9,-30,8,-31,10,-31,7,-32,6,-31,6,-31,7,-33,3,-33,7,-31,5,-32,6,-33,3,-33,5,-34,5,-37,5,-36,5,-35,7,-37,8,-37,5,-37,5,-37,5,-37,0,0,0,0,0,0,-34,-9,-36,-8,-33,-5,-32,-7,-32,-5,-30,-9,-30,-5,-31,-6,-28,-5,-26,-6,-26,-5,-25,-5,-26,-5,-25,-3,-23,-4,-23,-3,-24,0,-22,0,-22,-1,-21,0,-21,1,-21,0,-19,0,-19,0,-18,0,-19,1,-20,0,-16,2,-17,2,-16,2,-16,1,-18,2,-15,2,-15,4,-15,0,-15,2,-14,1,-14,1,-13,2,-12,2,-12,1,-11,1,-11,1,-10,2,-11,1,-10,0,-9,0,-10,2,-9,0,-8,0,-8,0,-6,0,-7,0,-8,0,-6,0,-5,0,-5,-1,0,0,0,0,0,0,0,0,0,0]"""
1782212770601,2026-06-23T20:06:10.601,danger,fall,lmh,bed_stand_to_lie_fall,t018,"CSI_DATA,813344,1a:00:00:00:00:00,-52,11,-97,19,33,11,222426741,47,2,256,0,""[0,0,0,0,0,0,0,0,0,0,0,0,-16,-13,-15,-13,-15,-16,-15,-18,-16,-20,-13,-19,-13,-21,-12,-22,-14,-24,-12,-26,-12,-27,-10,-26,-12,-29,-10,-30,-8,-31,-8,-32,-8,-32,-6,-34,-6,-32,-3,-35,-2,-35,-4,-34,-1,-35,-3,-35,-3,-35,-2,-33,0,-34,0,-34,0,-34,-2,-32,-1,-31,-2,-35,-2,-33,-3,-32,-3,-34,-5,-32,-4,-30,-6,-31,-6,-32,-8,-31,-7,-31,-9,-31,-8,-31,-11,-34,-8,-31,-11,-31,-9,-32,-11,-31,-12,-31,-11,-35,-12,-35,-11,-34,-11,-35,-9,-34,-14,-35,-13,-35,-13,-34,0,0,0,0,0,0,-35,9,-34,9,-32,13,-31,8,-30,8,-29,8,-30,10,-30,9,-28,8,-26,7,-25,8,-25,8,-25,8,-26,8,-22,8,-20,9,-21,10,-22,9,-19,8,-18,9,-18,11,-18,10,-16,11,-16,9,-17,10,-16,9,-15,8,-14,12,-15,10,-13,10,-13,9,-12,9,-13,10,-12,10,-12,9,-13,10,-12,10,-11,9,-11,8,-9,8,-8,8,-10,6,-10,7,-8,7,-8,6,-7,6,-8,4,-8,8,-6,4,-6,4,-7,5,-6,3,-6,4,-5,2,-6,4,-4,2,-5,2,0,0,0,0,0,0,0,0,0,0]"""
1782212770613,2026-06-23T20:06:10.613,danger,fall,lmh,bed_stand_to_lie_fall,t018,"CSI_DATA,813345,1a:00:00:00:00:00,-52,11,-97,19,33,11,222438457,47,2,256,0,""[0,0,0,0,0,0,0,0,0,0,0,0,-15,-13,-14,-15,-15,-16,-16,-19,-15,-19,-13,-20,-13,-21,-12,-23,-15,-26,-13,-26,-11,-26,-13,-27,-14,-28,-13,-30,-9,-31,-11,-31,-13,-31,-9,-33,-8,-31,-10,-32,-8,-31,-9,-35,-8,-33,-8,-32,-8,-35,-9,-31,-7,-33,-10,-34,-9,-31,-12,-31,-11,-31,-13,-30,-13,-31,-13,-29,-15,-30,-14,-28,-15,-27,-17,-26,-17,-27,-19,-26,-18,-26,-22,-24,-21,-23,-23,-25,-22,-24,-23,-22,-25,-23,-24,-22,-26,-23,-28,-24,-26,-22,-28,-22,-29,-23,-28,-23,-31,-22,-31,-22,-31,-22,0,0,0,0,0,0,-22,29,-23,30,-18,29,-18,26,-16,27,-17,25,-16,28,-16,27,-15,26,-13,23,-12,23,-12,22,-9,26,-9,24,-8,22,-7,21,-6,23,-5,22,-7,22,-3,21,-2,20,-4,21,-1,19,-2,19,-2,19,0,19,0,17,2,17,0,17,2,17,0,17,2,17,3,17,3,14,3,14,3,15,3,15,4,13,3,14,2,13,3,12,3,11,3,13,3,12,2,12,3,9,2,9,3,9,3,8,3,8,1,7,2,7,1,7,2,8,0,6,1,5,1,6,0,0,0,0,0,0,0,0,0,0]"""
1782212770623,2026-06-23T20:06:10.623,danger,fall,lmh,bed_stand_to_lie_fall,t018,"CSI_DATA,813346,1a:00:00:00:00:00,-53,11,-97,22,32,11,222448511,47,2,256,0,""[0,0,0,0,0,0,0,0,0,0,0,0,-6,-22,-3,-21,-1,-26,0,-24,0,-25,2,-25,3,-26,4,-28,5,-29,5,-29,9,-29,9,-31,8,-32,10,-31,15,-28,14,-31,12,-31,17,-31,15,-29,15,-26,19,-24,16,-33,21,-29,20,-31,21,-31,17,-30,21,-28,20,-28,21,-30,17,-29,21,-26,18,-29,18,-30,18,-27,16,-30,16,-29,15,-29,15,-31,15,-30,13,-33,15,-31,13,-32,13,-31,9,-34,12,-31,12,-32,11,-33,10,-33,10,-35,10,-37,10,-35,10,-35,11,-37,12,-38,10,-40,8,-37,10,-39,0,0,0,0,0,0,-38,-12,-36,-13,-33,-7,-32,-10,-33,-10,-30,-10,-30,-7,-30,-9,-29,-7,-28,-12,-27,-6,-26,-9,-26,-7,-24,-7,-26,-6,-24,-3,-26,-2,-24,-2,-21,-4,-22,-2,-21,0,-23,-3,-18,0,-20,0,-21,0,-20,0,-20,0,-18,2,-17,1,-18,0,-17,0,-17,3,-15,0,-16,2,-16,2,-15,2,-15,1,-15,3,-15,3,-14,0,-13,2,-13,2,-12,1,-12,0,-10,1,-11,0,-10,0,-10,1,-9,0,-7,0,-8,0,-6,0,-8,0,-9,1,-6,0,-6,0,-6,0,0,0,0,0,0,0,0,0,0,0]"""
1782212770636,2026-06-23T20:06:10.636,danger,fall,lmh,bed_stand_to_lie_fall,t018,"CSI_DATA,813347,1a:00:00:00:00:00,-52,11,-97,18,33,11,222461115,47,2,256,0,""[0,0,0,0,0,0,0,0,0,0,0,0,-20,-6,-19,-9,-19,-10,-21,-13,-20,-14,-19,-15,-20,-17,-18,-17,-20,-19,-21,-21,-18,-22,-20,-22,-20,-23,-18,-25,-15,-27,-17,-27,-18,-27,-15,-30,-16,-29,-12,-31,-11,-32,-14,-31,-13,-31,-14,-31,-15,-33,-14,-28,-10,-31,-13,-30,-10,-31,-14,-30,-10,-29,-15,-32,-12,-31,-13,-29,-15,-29,-14,-29,-15,-27,-15,-27,-16,-27,-21,-26,-16,-26,-19,-26,-18,-27,-21,-27,-18,-26,-20,-26,-20,-27,-20,-26,-21,-27,-22,-28,-24,-27,-23,-26,-22,-28,-22,-27,-24,-29,-24,-28,-22,-28,0,0,0,0,0,0,-30,21,-27,21,-26,22,-26,19,-25,21,-25,19,-24,19,-25,19,-21,18,-21,17,-20,17,-19,16,-19,18,-19,16,-18,17,-14,17,-16,18,-14,17,-15,15,-14,15,-12,16,-14,15,-11,15,-11,15,-12,16,-10,15,-10,15,-7,15,-9,15,-6,15,-6,14,-7,15,-8,14,-7,14,-6,13,-7,15,-5,14,-5,12,-5,13,-5,10,-5,10,-4,11,-5,12,-5,11,-5,10,-5,10,-5,9,-5,8,-4,7,-4,7,-3,5,-4,6,-4,6,-2,5,-5,6,-3,5,-3,5,0,0,0,0,0,0,0,0,0,0]"""
1782212770647,2026-06-23T20:06:10.647,danger,fall,lmh,bed_stand_to_lie_fall,t018,"CSI_DATA,813348,1a:00:00:00:00:00,-52,11,-97,14,34,11,222470469,47,2,256,0,""[0,0,0,0,0,0,0,0,0,0,0,0,-19,6,-21,4,-21,5,-24,1,-23,0,-24,-2,-26,-3,-25,-5,-28,-6,-27,-8,-27,-10,-28,-10,-30,-11,-28,-14,-26,-18,-26,-20,-27,-20,-25,-22,-23,-22,-24,-23,-23,-24,-22,-26,-20,-27,-21,-26,-20,-30,-19,-26,-16,-29,-16,-31,-15,-29,-16,-28,-13,-28,-16,-30,-15,-29,-13,-28,-15,-30,-15,-28,-13,-27,-14,-28,-14,-28,-15,-28,-15,-28,-16,-29,-15,-31,-15,-31,-13,-29,-15,-29,-14,-31,-15,-28,-13,-31,-15,-33,-14,-33,-14,-31,-11,-36,-10,-34,-12,-36,-11,-37,-11,-34,0,0,0,0,0,0,-37,4,-35,5,-35,5,-33,1,-31,1,-31,0,-31,2,-31,0,-29,0,-28,-1,-26,0,-25,0,-26,0,-24,0,-24,0,-22,0,-24,0,-22,0,-21,0,-22,0,-20,0,-22,0,-19,0,-19,0,-19,0,-19,0,-18,0,-19,0,-18,0,-16,0,-15,0,-15,0,-16,0,-15,0,-14,-2,-15,-2,-16,0,-14,-1,-13,-1,-11,-2,-12,-2,-12,-2,-11,-3,-11,-2,-10,-2,-8,-3,-9,-4,-10,-3,-7,-4,-7,-3,-6,-4,-5,-3,-5,-3,-5,-2,-5,-3,-5,-4,-5,-4,0,0,0,0,0,0,0,0,0,0]"""
1782212770656,2026-06-23T20:06:10.656,danger,fall,lmh,bed_stand_to_lie_fall,t018,"CSI_DATA,813349,1a:00:00:00:00:00,-53,11,-97,19,33,11,222481282,47,2,256,0,""[0,0,0,0,0,0,0,0,0,0,0,0,-2,-21,0,-20,2,-22,3,-22,5,-24,8,-22,10,-23,12,-23,13,-26,15,-25,17,-25,17,-23,20,-26,22,-23,26,-22,26,-22,26,-22,29,-19,27,-17,28,-14,30,-13,31,-15,33,-13,31,-13,35,-12,31,-13,32,-9,31,-8,33,-8,31,-8,31,-5,34,-8,33,-6,31,-5,33,-8,32,-7,31,-6,31,-8,31,-8,32,-8,32,-6,32,-8,31,-6,33,-7,32,-4,32,-6,34,-5,32,-7,34,-4,37,-4,35,-5,35,-5,38,-1,35,0,38,-2,37,0,36,0,0,0,0,0,0,0,6,-35,5,-36,4,-33,6,-31,5,-33,6,-29,6,-30,6,-30,6,-28,8,-26,6,-26,7,-23,7,-26,8,-25,7,-22,5,-23,4,-24,6,-22,7,-20,5,-20,3,-21,6,-20,4,-17,5,-17,6,-17,6,-17,5,-17,3,-18,4,-18,3,-16,4,-15,4,-15,4,-15,5,-14,4,-14,6,-13,6,-13,6,-13,5,-13,4,-12,5,-12,5,-11,6,-10,6,-8,5,-8,5,-8,6,-8,5,-7,5,-7,5,-6,5,-5,4,-5,4,-4,5,-4,5,-4,4,-4,5,-2,0,0,0,0,0,0,0,0,0,0]"""
1782212770668,2026-06-23T20:06:10.668,danger,fall,lmh,bed_stand_to_lie_fall,t018,"CSI_DATA,813350,1a:00:00:00:00:00,-52,11,-97,14,34,11,222492304,47,2,256,0,""[0,0,0,0,0,0,0,0,0,0,0,0,-20,2,-21,0,-22,-1,-24,-2,-24,-4,-23,-7,-22,-7,-22,-10,-26,-13,-24,-13,-25,-15,-25,-15,-26,-18,-25,-21,-22,-22,-21,-24,-23,-23,-21,-26,-20,-26,-18,-29,-17,-31,-17,-29,-15,-31,-16,-30,-15,-31,-14,-30,-13,-32,-11,-32,-11,-31,-13,-31,-9,-30,-11,-31,-10,-31,-9,-31,-11,-31,-11,-31,-10,-28,-12,-30,-10,-31,-13,-30,-11,-31,-12,-29,-10,-31,-12,-31,-10,-31,-10,-31,-10,-33,-10,-31,-11,-33,-11,-35,-11,-33,-10,-33,-8,-38,-6,-36,-10,-37,-8,-37,-8,-37,0,0,0,0,0,0,-37,4,-35,0,-34,2,-33,0,-32,0,-32,0,-31,0,-31,0,-30,0,-26,-2,-26,-3,-25,-1,-26,0,-26,-1,-25,-2,-23,0,-24,0,-21,0,-21,-1,-21,0,-21,0,-20,0,-19,0,-19,0,-17,-1,-19,0,-16,0,-17,1,-18,-1,-17,1,-15,-1,-16,0,-15,0,-15,0,-13,0,-15,0,-15,0,-14,-1,-14,-2,-13,-2,-12,-1,-12,-1,-12,-1,-10,-2,-10,-2,-10,-2,-10,-4,-10,-3,-7,-4,-6,-3,-7,-4,-5,-3,-6,-2,-7,-3,-6,-3,-4,-3,-4,-5,0,0,0,0,0,0,0,0,0,0]"""
1782212770675,2026-06-23T20:06:10.675,danger,fall,lmh,bed_stand_to_lie_fall,t018,"CSI_DATA,813351,1a:00:00:00:00:00,-52,11,-97,19,33,11,222503282,47,2,256,0,""[0,0,0,0,0,0,0,0,0,0,0,0,22,-2,21,0,23,1,23,4,24,5,22,8,23,8,23,11,26,12,26,14,25,15,24,17,26,17,26,20,22,23,22,25,22,24,20,27,18,26,19,26,16,26,17,31,16,30,17,30,15,32,15,29,13,32,13,32,12,31,13,30,10,31,12,32,12,30,11,31,13,31,12,31,12,29,14,28,12,31,14,30,12,30,13,30,12,30,15,31,11,29,13,30,13,31,13,30,13,32,13,35,12,33,13,34,9,36,10,35,12,35,12,35,10,36,0,0,0,0,0,0,35,-5,35,-4,32,-5,32,-3,34,-4,29,-1,31,-2,31,0,29,-1,26,0,26,-1,25,0,27,-3,26,-1,23,-1,22,-2,25,-3,22,-1,22,0,22,-2,21,-3,21,0,19,-2,19,-1,18,-2,18,-1,18,-3,17,-4,18,-2,17,-3,17,-1,17,-2,17,-2,16,-3,14,0,15,-1,14,0,14,0,15,0,13,0,13,0,12,0,13,0,12,0,9,0,10,0,9,0,10,0,8,2,8,1,8,2,8,1,7,2,7,3,6,2,4,1,4,4,0,0,0,0,0,0,0,0,0,0]"""
1782212770691,2026-06-23T20:06:10.691,danger,fall,lmh,bed_stand_to_lie_fall,t018,"CSI_DATA,813352,1a:00:00:00:00:00,-52,11,-97,14,34,11,222515788,47,2,256,0,""[0,0,0,0,0,0,0,0,0,0,0,0,-21,0,-21,-1,-22,-1,-24,-5,-23,-7,-22,-9,-23,-10,-22,-13,-25,-15,-23,-16,-24,-17,-23,-18,-23,-20,-24,-23,-21,-26,-21,-24,-22,-24,-19,-27,-17,-28,-15,-30,-13,-32,-16,-30,-12,-31,-14,-29,-13,-32,-12,-30,-10,-31,-10,-34,-10,-31,-10,-31,-8,-30,-10,-33,-8,-31,-7,-31,-10,-32,-9,-31,-8,-30,-8,-31,-9,-31,-11,-30,-10,-31,-11,-30,-10,-31,-12,-33,-8,-31,-9,-31,-9,-33,-9,-31,-10,-32,-9,-35,-10,-34,-8,-34,-6,-37,-4,-37,-8,-37,-6,-38,-5,-37,0,0,0,0,0,0,-37,0,-34,2,-35,1,-33,-1,-32,0,-32,-1,-31,0,-31,-1,-28,-2,-26,-3,-26,-3,-24,-2,-26,-1,-24,-2,-23,-3,-22,-1,-24,-1,-22,0,-21,-2,-21,-1,-21,0,-20,-1,-19,0,-19,0,-18,-1,-19,0,-18,-2,-17,0,-17,0,-16,0,-16,-1,-16,-1,-15,-1,-15,0,-15,-1,-15,0,-15,0,-14,-1,-14,-1,-12,-3,-12,-2,-11,-3,-11,-3,-10,-2,-10,-3,-10,-2,-10,-3,-10,-2,-8,-4,-8,-3,-7,-3,-5,-4,-7,-3,-6,-4,-5,-2,-3,-4,-3,-3,0,0,0,0,0,0,0,0,0,0]"""
1782212770701,2026-06-23T20:06:10.701,danger,fall,lmh,bed_stand_to_lie_fall,t018,"CSI_DATA,813353,1a:00:00:00:00:00,-53,11,-97,18,33,11,222525782,47,2,256,0,""[0,0,0,0,0,0,0,0,0,0,0,0,-18,-9,-17,-11,-17,-13,-17,-16,-15,-18,-14,-20,-14,-21,-10,-22,-11,-26,-9,-27,-8,-28,-6,-28,-5,-31,-4,-31,0,-32,0,-32,0,-33,5,-34,5,-32,10,-32,12,-31,10,-31,12,-31,12,-31,15,-31,14,-31,16,-28,18,-29,17,-27,17,-28,19,-26,21,-28,20,-26,20,-25,21,-25,20,-26,20,-24,19,-26,20,-24,20,-26,22,-23,19,-24,21,-25,22,-25,22,-23,21,-23,24,-24,23,-23,24,-23,27,-23,28,-23,27,-23,31,-21,30,-21,31,-23,30,-21,32,-19,0,0,0,0,0,0,-12,-34,-10,-33,-12,-31,-9,-31,-8,-31,-7,-31,-6,-28,-4,-31,-5,-28,-4,-28,-3,-26,-1,-25,-5,-25,-2,-24,-2,-25,-3,-22,-2,-25,0,-22,0,-21,0,-20,-4,-21,0,-21,0,-17,0,-20,0,-19,0,-17,0,-17,0,-17,1,-18,0,-17,0,-16,0,-17,1,-15,0,-15,1,-14,3,-15,3,-14,4,-13,3,-14,3,-12,3,-11,5,-11,5,-10,5,-10,5,-9,3,-10,5,-9,5,-7,6,-8,5,-7,5,-6,5,-5,4,-4,6,-5,4,-4,4,-3,5,-3,0,0,0,0,0,0,0,0,0,0]"""
1782212770710,2026-06-23T20:06:10.710,danger,fall,lmh,bed_stand_to_lie_fall,t018,"CSI_DATA,813354,1a:00:00:00:00:00,-53,11,-97,19,33,11,222536581,47,2,256,0,""[0,0,0,0,0,0,0,0,0,0,0,0,14,16,11,17,11,20,10,22,8,22,6,22,5,25,3,26,2,29,0,29,-2,29,-4,30,-3,31,-8,31,-12,31,-13,31,-12,32,-17,30,-17,27,-16,26,-21,25,-22,28,-24,26,-23,25,-26,26,-23,24,-27,21,-26,21,-27,20,-26,19,-26,17,-26,17,-27,17,-26,16,-28,18,-28,17,-28,16,-27,16,-29,17,-30,17,-29,14,-28,17,-29,14,-31,17,-29,14,-29,15,-31,13,-31,14,-32,14,-35,12,-33,12,-35,11,-35,8,-36,7,-38,8,-37,7,-37,5,0,0,0,0,0,0,0,36,0,36,1,34,-2,32,-3,33,-4,30,-4,31,-5,31,-5,29,-6,27,-6,26,-7,25,-5,24,-8,25,-6,22,-6,22,-5,22,-7,22,-8,20,-6,20,-6,21,-7,19,-5,17,-7,17,-6,17,-6,17,-8,17,-4,17,-7,17,-5,15,-6,15,-7,13,-7,14,-7,13,-7,12,-7,13,-8,11,-8,10,-8,11,-8,10,-7,10,-8,9,-8,8,-8,8,-8,8,-7,7,-8,6,-8,6,-8,5,-8,5,-7,4,-5,3,-6,4,-7,1,-6,3,-4,2,-5,1,0,0,0,0,0,0,0,0,0,0]"""
1782212770725,2026-06-23T20:06:10.725,danger,fall,lmh,bed_stand_to_lie_fall,t018,"CSI_DATA,813355,1a:00:00:00:00:00,-53,11,-97,19,33,11,222549757,47,2,256,0,""[0,0,0,0,0,0,0,0,0,0,0,0,-19,-6,-18,-6,-21,-8,-21,-11,-20,-14,-20,-13,-22,-16,-21,-16,-22,-17,-21,-19,-20,-21,-22,-21,-23,-22,-22,-23,-19,-25,-19,-27,-21,-26,-17,-30,-18,-26,-21,-28,-17,-27,-17,-29,-16,-30,-17,-30,-17,-31,-17,-29,-14,-28,-17,-30,-16,-29,-16,-27,-16,-27,-17,-29,-18,-27,-18,-26,-20,-26,-20,-26,-18,-24,-21,-24,-21,-25,-23,-22,-22,-23,-24,-22,-23,-22,-26,-22,-23,-22,-26,-21,-25,-21,-26,-20,-26,-21,-28,-22,-29,-20,-28,-22,-28,-22,-28,-22,-31,-22,-32,-22,-31,-21,0,0,0,0,0,0,-23,29,-22,28,-19,29,-19,25,-17,26,-20,25,-17,26,-17,25,-16,24,-17,22,-14,22,-14,22,-13,22,-11,22,-11,21,-10,21,-9,22,-8,20,-8,20,-8,20,-5,21,-7,19,-4,17,-5,18,-5,19,-4,17,-4,17,-2,17,-2,18,0,17,-3,15,-2,17,-2,16,0,17,0,14,-1,16,0,15,0,15,-1,13,0,13,0,13,0,11,-1,13,-1,12,-1,11,0,9,0,8,0,11,0,9,0,8,0,8,0,8,0,8,0,6,-1,7,-2,6,-1,5,0,0,0,0,0,0,0,0,0,0]"""
1782212770734,2026-06-23T20:06:10.734,danger,fall,lmh,bed_stand_to_lie_fall,t018,"CSI_DATA,813356,1a:00:00:00:00:00,-53,11,-97,14,34,11,222558282,47,2,256,0,""[0,0,0,0,0,0,0,0,0,0,0,0,-12,-15,-11,-18,-11,-19,-10,-21,-10,-22,-9,-23,-8,-24,-5,-25,-7,-26,-5,-27,-5,-30,-4,-28,-4,-32,-2,-31,0,-33,1,-32,0,-34,3,-34,4,-31,5,-35,4,-34,6,-33,8,-32,5,-33,8,-34,6,-32,10,-31,10,-33,8,-32,7,-32,8,-30,8,-34,7,-32,7,-31,4,-33,5,-31,4,-31,3,-31,4,-32,0,-31,3,-33,1,-31,2,-32,0,-34,1,-33,0,-33,0,-34,0,-32,0,-34,0,-37,0,-36,0,-35,1,-37,4,-36,0,-37,0,-38,0,-37,0,0,0,0,0,0,-36,-3,-34,-3,-34,0,-32,-3,-32,-2,-31,-4,-29,-1,-31,-2,-28,-2,-28,-3,-26,-2,-25,-1,-26,-1,-24,-1,-25,0,-23,0,-23,1,-22,0,-21,0,-21,1,-20,3,-20,0,-20,3,-19,1,-17,3,-17,1,-18,2,-17,5,-17,4,-16,5,-16,3,-16,3,-15,3,-14,5,-14,3,-15,4,-14,4,-12,3,-13,3,-12,2,-11,3,-12,2,-11,2,-10,2,-10,2,-10,2,-10,1,-9,3,-9,1,-7,0,-9,0,-7,0,-6,0,-6,0,-6,0,-5,0,-5,0,0,0,0,0,0,0,0,0,0,0]"""
1782212770745,2026-06-23T20:06:10.745,danger,fall,lmh,bed_stand_to_lie_fall,t018,"CSI_DATA,813357,1a:00:00:00:00:00,-53,11,-97,14,34,11,222569282,47,2,256,0,""[0,0,0,0,0,0,0,0,0,0,0,0,6,-20,7,-19,9,-21,11,-21,14,-20,13,-19,15,-20,17,-20,18,-21,19,-21,22,-21,21,-21,22,-21,25,-20,26,-17,28,-19,27,-19,30,-17,27,-15,28,-13,32,-12,30,-15,32,-14,31,-14,33,-14,29,-15,31,-13,32,-13,31,-11,30,-15,28,-11,30,-15,30,-15,28,-14,28,-15,29,-16,27,-14,27,-16,27,-16,26,-19,26,-16,26,-20,27,-18,26,-21,25,-18,26,-21,27,-20,25,-21,26,-22,27,-23,28,-22,27,-22,30,-23,28,-23,29,-26,27,-24,28,-22,0,0,0,0,0,0,-21,-30,-20,-29,-21,-25,-19,-26,-20,-26,-18,-25,-19,-23,-20,-22,-17,-23,-17,-21,-17,-20,-15,-21,-18,-19,-16,-21,-15,-17,-16,-15,-17,-16,-16,-15,-15,-15,-16,-13,-16,-12,-15,-13,-15,-10,-15,-11,-15,-11,-15,-10,-15,-10,-15,-8,-14,-9,-15,-7,-15,-8,-14,-8,-13,-8,-13,-7,-13,-6,-12,-7,-12,-5,-11,-6,-10,-6,-12,-7,-11,-5,-10,-5,-10,-6,-10,-5,-9,-6,-10,-5,-9,-5,-9,-4,-6,-4,-7,-4,-5,-5,-5,-4,-6,-3,-6,-5,-4,-4,-4,-4,-3,-5,0,0,0,0,0,0,0,0,0,0]"""
1782212770756,2026-06-23T20:06:10.756,danger,fall,lmh,bed_stand_to_lie_fall,t018,"CSI_DATA,813358,1a:00:00:00:00:00,-53,11,-97,19,33,11,222580822,47,2,256,0,""[0,0,0,0,0,0,0,0,0,0,0,0,-17,-11,-16,-13,-16,-15,-16,-17,-15,-19,-13,-20,-13,-22,-11,-22,-12,-26,-11,-26,-9,-28,-8,-29,-9,-31,-7,-31,-4,-31,-3,-33,-2,-34,1,-35,2,-33,2,-31,4,-32,5,-36,6,-34,5,-34,7,-34,6,-32,8,-32,9,-34,10,-31,8,-31,10,-31,9,-31,9,-31,10,-30,10,-31,9,-31,9,-30,8,-31,10,-31,8,-32,9,-32,7,-32,9,-31,7,-33,9,-31,8,-31,11,-31,8,-32,10,-33,10,-34,10,-33,10,-34,15,-35,14,-34,13,-35,13,-35,15,-34,0,0,0,0,0,0,-31,-18,-31,-17,-29,-15,-28,-18,-28,-17,-26,-17,-26,-17,-26,-17,-24,-17,-21,-17,-21,-16,-21,-16,-22,-15,-20,-15,-18,-14,-18,-13,-20,-13,-18,-13,-17,-13,-19,-13,-17,-9,-16,-12,-15,-8,-15,-10,-15,-10,-15,-9,-15,-9,-15,-8,-15,-10,-15,-8,-13,-9,-13,-9,-13,-8,-13,-8,-12,-8,-11,-8,-11,-8,-11,-7,-11,-8,-9,-8,-9,-8,-9,-8,-8,-8,-9,-8,-8,-8,-8,-8,-6,-8,-6,-6,-5,-5,-4,-7,-4,-7,-4,-6,-4,-6,-3,-6,-3,-5,-1,-5,-2,-6,0,0,0,0,0,0,0,0,0,0]"""
1782212770764,2026-06-23T20:06:10.764,danger,fall,lmh,bed_stand_to_lie_fall,t018,"CSI_DATA,813359,1a:00:00:00:00:00,-53,11,-97,15,34,11,222591985,47,2,256,0,""[0,0,0,0,0,0,0,0,0,0,0,0,-6,-19,-4,-21,-4,-22,0,-24,0,-24,3,-25,5,-26,8,-25,10,-26,11,-26,14,-26,15,-25,16,-26,18,-25,22,-22,23,-21,25,-22,28,-18,29,-17,30,-17,29,-13,33,-13,31,-9,33,-10,35,-8,33,-8,33,-4,35,-4,32,-3,33,-3,31,-2,35,0,32,0,32,1,33,0,32,0,30,2,31,1,33,3,31,2,33,5,31,2,31,5,34,4,32,7,31,7,32,8,31,8,32,9,35,11,35,12,32,12,33,15,31,18,34,17,32,17,33,20,0,0,0,0,0,0,26,-26,27,-24,24,-24,25,-19,24,-19,25,-18,24,-17,26,-17,25,-15,25,-12,23,-13,22,-10,23,-10,23,-11,22,-8,19,-8,22,-9,20,-8,20,-7,19,-7,19,-8,21,-4,18,-6,18,-5,18,-4,18,-4,16,-4,17,-4,17,-2,17,-4,15,-2,16,-1,16,0,16,-1,13,0,16,0,15,0,14,0,14,1,12,2,12,2,11,2,12,3,9,2,11,4,8,3,8,3,8,4,6,5,6,4,7,4,5,4,5,4,5,4,3,6,4,5,2,4,0,0,0,0,0,0,0,0,0,0]"""
1782212770776,2026-06-23T20:06:10.776,danger,fall,lmh,bed_stand_to_lie_fall,t018,"CSI_DATA,813360,1a:00:00:00:00:00,-53,11,-97,19,33,11,222603047,47,2,256,0,""[0,0,0,0,0,0,0,0,0,0,0,0,21,3,19,4,22,8,22,10,22,12,20,13,21,13,21,15,22,17,22,19,21,20,20,22,22,22,21,26,17,26,18,30,19,27,17,31,15,28,13,30,12,31,14,31,13,33,13,31,12,34,13,31,10,32,10,32,10,33,11,30,9,31,10,31,10,31,10,29,13,31,12,31,11,31,12,30,12,30,14,31,13,29,14,29,13,30,15,31,13,28,15,29,16,30,16,29,15,31,17,33,17,31,17,32,13,35,13,32,16,33,16,34,17,33,0,0,0,0,0,0,34,-12,35,-12,30,-13,32,-9,31,-11,28,-8,31,-10,30,-8,29,-8,26,-7,24,-8,24,-8,26,-8,24,-8,24,-8,21,-8,22,-9,21,-9,21,-8,20,-8,17,-8,18,-8,16,-8,17,-8,17,-8,16,-8,16,-8,14,-9,16,-8,13,-9,14,-8,13,-8,15,-8,13,-7,12,-7,13,-7,12,-7,12,-7,11,-8,11,-6,10,-4,10,-6,11,-4,10,-4,10,-4,9,-4,9,-3,10,-3,7,-2,8,-3,7,-1,6,-3,8,0,6,0,8,0,7,-2,5,0,0,0,0,0,0,0,0,0,0,0]"""
1782212770784,2026-06-23T20:06:10.784,danger,fall,lmh,bed_stand_to_lie_fall,t018,"CSI_DATA,813361,1a:00:00:00:00:00,-53,11,-97,14,34,11,222613281,47,2,256,0,""[0,0,0,0,0,0,0,0,0,0,0,0,21,2,21,5,21,6,21,10,22,10,21,14,21,15,20,15,22,17,20,19,21,21,20,22,20,24,19,26,17,27,15,28,17,29,14,31,11,30,13,31,10,31,8,33,8,32,8,33,8,35,7,32,4,35,5,34,4,33,5,32,3,31,5,34,3,33,4,31,3,33,4,32,4,31,5,31,4,32,5,33,4,31,6,32,5,32,6,34,3,33,4,31,5,33,5,33,4,32,4,36,5,36,2,36,1,37,0,36,1,37,1,37,0,36,0,0,0,0,0,0,37,3,34,4,34,2,31,5,32,4,31,7,31,4,31,6,27,5,27,6,26,5,25,6,26,4,24,5,24,5,23,3,23,4,22,4,21,5,20,5,21,2,21,4,18,2,18,3,18,3,18,3,18,3,18,0,17,2,17,1,16,2,17,2,14,2,15,1,14,3,15,3,14,3,14,2,13,3,10,3,11,2,11,4,10,4,10,3,10,4,10,5,9,3,9,3,8,4,6,5,6,4,6,3,5,3,5,3,5,4,4,4,4,5,0,0,0,0,0,0,0,0,0,0]"""
1782212770808,2026-06-23T20:06:10.808,danger,fall,lmh,bed_stand_to_lie_fall,t018,"CSI_DATA,813363,1a:00:00:00:00:00,-53,11,-97,17,33,11,222635281,47,2,256,0,""[0,0,0,0,0,0,0,0,0,0,0,0,0,21,-4,20,-5,21,-8,22,-7,23,-10,22,-12,23,-14,23,-14,25,-17,23,-19,23,-19,21,-21,24,-22,22,-25,19,-25,19,-26,20,-27,19,-26,16,-31,17,-31,16,-30,14,-30,12,-32,14,-32,12,-30,13,-32,10,-32,10,-32,9,-30,11,-30,9,-32,10,-32,10,-30,10,-31,11,-30,10,-30,10,-31,12,-29,12,-29,12,-30,12,-29,13,-29,12,-32,13,-32,13,-30,13,-32,13,-29,14,-31,13,-32,13,-33,13,-32,14,-36,12,-35,12,-34,13,-35,12,-33,14,0,0,0,0,0,0,8,34,7,35,10,32,6,32,6,31,5,31,6,30,4,31,5,28,4,27,6,26,3,26,6,25,5,25,4,23,6,21,5,23,6,22,3,19,5,20,6,19,6,20,5,18,5,18,4,18,5,17,5,17,6,18,5,17,5,15,5,15,6,15,4,15,4,14,5,13,4,16,4,12,3,12,4,12,4,12,3,12,3,12,3,12,1,11,1,10,4,9,0,10,0,9,0,9,1,8,0,8,0,6,0,6,0,6,0,5,0,6,-1,6,0,0,0,0,0,0,0,0,0,0]"""
1782212770821,2026-06-23T20:06:10.821,danger,fall,lmh,bed_stand_to_lie_fall,t018,"CSI_DATA,813364,1a:00:00:00:00:00,-52,11,-97,19,33,11,222647155,47,2,256,0,""[0,0,0,0,0,0,0,0,0,0,0,0,-15,13,-17,13,-17,12,-21,12,-21,10,-23,8,-24,8,-26,4,-26,4,-29,2,-31,1,-30,0,-32,0,-31,-2,-31,-6,-32,-8,-34,-8,-32,-12,-31,-13,-29,-13,-26,-15,-31,-16,-27,-17,-29,-18,-29,-20,-27,-18,-26,-20,-26,-22,-24,-20,-25,-20,-24,-21,-26,-24,-26,-22,-23,-22,-25,-22,-24,-21,-22,-21,-25,-20,-23,-22,-24,-20,-23,-22,-25,-19,-22,-22,-26,-22,-23,-25,-23,-23,-24,-24,-22,-23,-23,-25,-25,-26,-26,-26,-24,-25,-21,-29,-21,-30,-23,-30,-23,-28,-22,-31,0,0,0,0,0,0,-33,16,-31,13,-31,16,-31,13,-28,12,-29,9,-28,11,-29,11,-27,8,-26,7,-24,8,-23,5,-24,8,-25,7,-25,5,-21,8,-22,8,-22,6,-22,5,-19,6,-20,6,-19,4,-18,5,-18,4,-18,4,-18,4,-17,4,-17,6,-17,4,-15,4,-15,3,-17,3,-15,4,-15,3,-13,2,-15,2,-14,2,-13,3,-14,0,-13,0,-11,0,-12,0,-11,0,-12,0,-12,0,-9,0,-8,0,-9,0,-8,0,-7,-1,-7,-1,-8,0,-7,0,-6,-3,-6,-2,-5,-2,-4,-2,0,0,0,0,0,0,0,0,0,0]"""
1782212770832,2026-06-23T20:06:10.832,danger,fall,lmh,bed_stand_to_lie_fall,t018,"CSI_DATA,813365,1a:00:00:00:00:00,-53,11,-97,18,33,11,222657281,47,2,256,0,""[0,0,0,0,0,0,0,0,0,0,0,0,3,20,0,21,0,22,-1,23,-5,23,-8,24,-10,24,-11,22,-13,24,-15,23,-17,24,-18,24,-21,24,-22,23,-26,17,-26,17,-28,19,-29,15,-31,13,-32,13,-32,12,-34,8,-31,6,-34,8,-35,5,-31,5,-32,2,-35,0,-32,0,-32,1,-31,0,-36,0,-33,-2,-31,-3,-33,-2,-31,-1,-30,-2,-32,-2,-32,-3,-31,-2,-32,-5,-31,-3,-32,-6,-33,-5,-33,-7,-31,-6,-34,-8,-31,-9,-33,-9,-32,-10,-34,-10,-32,-10,-33,-15,-31,-17,-34,-15,-32,-16,-31,-16,0,0,0,0,0,0,-24,27,-22,25,-21,26,-23,22,-22,22,-24,20,-22,21,-25,20,-22,18,-24,16,-23,15,-21,15,-21,15,-20,13,-21,13,-18,14,-19,13,-19,10,-19,10,-18,10,-18,11,-18,8,-16,10,-17,8,-18,7,-16,6,-14,7,-15,9,-16,8,-14,7,-15,5,-15,5,-15,5,-15,5,-14,4,-15,5,-15,3,-13,2,-14,1,-13,1,-11,0,-10,0,-10,0,-11,0,-10,0,-10,0,-9,0,-8,0,-10,-1,-7,-1,-7,-1,-6,-1,-7,-2,-6,-2,-5,-2,-4,-2,-5,-3,0,0,0,0,0,0,0,0,0,0]"""
1782212770843,2026-06-23T20:06:10.843,danger,fall,lmh,bed_stand_to_lie_fall,t018,"CSI_DATA,813366,1a:00:00:00:00:00,-53,11,-97,14,34,11,222668281,47,2,256,0,""[0,0,0,0,0,0,0,0,0,0,0,0,-10,17,-14,16,-15,15,-19,15,-19,12,-21,13,-23,12,-24,9,-26,10,-27,7,-29,5,-29,5,-31,5,-33,1,-32,-2,-31,-3,-34,-3,-31,-6,-31,-7,-31,-9,-30,-10,-31,-13,-29,-14,-31,-15,-31,-16,-28,-15,-26,-18,-27,-21,-25,-21,-27,-21,-23,-19,-27,-21,-24,-22,-24,-22,-26,-22,-24,-21,-22,-21,-23,-22,-23,-22,-23,-21,-22,-23,-23,-21,-22,-24,-24,-23,-21,-25,-21,-25,-22,-26,-20,-25,-22,-26,-21,-29,-22,-28,-20,-28,-20,-32,-16,-31,-19,-33,-19,-33,-16,-33,0,0,0,0,0,0,-35,8,-33,8,-35,10,-32,4,-31,5,-31,4,-28,5,-31,3,-27,3,-28,2,-26,0,-24,0,-25,0,-25,1,-25,0,-22,1,-24,1,-23,0,-21,-1,-21,0,-21,0,-21,-1,-19,0,-19,-1,-18,-1,-18,-1,-17,-1,-18,0,-18,0,-16,0,-15,-1,-16,-2,-15,-1,-16,-2,-13,-4,-15,-4,-14,-3,-13,-3,-12,-4,-12,-5,-10,-3,-10,-4,-11,-5,-10,-5,-10,-5,-8,-3,-8,-5,-9,-6,-7,-4,-5,-5,-5,-5,-5,-5,-5,-4,-4,-5,-3,-5,-2,-5,-2,-5,0,0,0,0,0,0,0,0,0,0]"""
1782212770852,2026-06-23T20:06:10.852,danger,fall,lmh,bed_stand_to_lie_fall,t018,"CSI_DATA,813367,1a:00:00:00:00:00,-53,11,-97,19,33,11,222679281,47,2,256,0,""[0,0,0,0,0,0,0,0,0,0,0,0,-8,-19,-4,-21,-5,-22,-4,-23,-3,-24,0,-25,0,-24,2,-26,1,-28,2,-28,4,-28,4,-29,4,-31,6,-32,9,-31,9,-33,8,-32,13,-33,13,-31,14,-28,17,-29,13,-31,16,-31,15,-31,15,-31,14,-31,17,-29,17,-31,17,-30,14,-28,15,-27,14,-30,14,-30,14,-28,13,-31,13,-31,13,-29,10,-29,11,-31,9,-31,9,-31,8,-32,10,-31,7,-33,8,-31,7,-33,8,-32,6,-33,8,-34,8,-36,6,-35,6,-35,9,-37,9,-35,6,-39,7,-37,7,-37,0,0,0,0,0,0,-35,-9,-35,-8,-33,-5,-32,-9,-32,-8,-30,-9,-30,-6,-31,-7,-27,-6,-27,-7,-26,-7,-26,-7,-26,-4,-25,-5,-23,-4,-22,-3,-24,-1,-22,-2,-22,-3,-21,-1,-21,0,-22,-1,-17,0,-18,0,-19,0,-18,0,-18,1,-18,2,-17,0,-17,2,-16,0,-16,0,-16,1,-14,3,-14,2,-14,2,-13,2,-14,1,-14,2,-13,1,-12,0,-11,1,-13,0,-12,1,-10,1,-10,1,-9,1,-10,1,-8,0,-8,0,-8,0,-8,0,-7,0,-7,0,-6,0,-6,0,-5,0,0,0,0,0,0,0,0,0,0,0]"""
1782212770862,2026-06-23T20:06:10.862,danger,fall,lmh,bed_stand_to_lie_fall,t018,"CSI_DATA,813368,1a:00:00:00:00:00,-53,11,-97,14,34,11,222690318,47,2,256,0,""[0,0,0,0,0,0,0,0,0,0,0,0,11,16,10,19,10,21,10,21,8,22,5,23,5,25,4,26,5,29,4,29,2,30,2,29,2,31,1,32,-1,32,-3,33,0,34,-3,35,-5,32,-4,32,-5,31,-6,34,-7,33,-5,34,-8,35,-5,32,-10,32,-7,32,-8,32,-5,33,-7,31,-4,33,-5,32,-5,32,-3,32,-2,31,-3,31,0,31,-1,32,0,32,0,31,1,33,0,32,3,35,0,32,3,33,3,34,4,33,5,33,5,38,5,35,4,36,4,37,4,37,5,36,6,37,6,37,0,0,0,0,0,0,36,-4,36,-3,33,-6,32,-1,32,-5,31,-2,31,-5,30,-3,28,-4,28,-2,25,-4,25,-3,25,-5,26,-5,23,-5,21,-5,23,-7,21,-6,21,-6,21,-6,19,-10,19,-7,16,-8,17,-8,16,-7,16,-7,17,-8,15,-9,15,-9,14,-9,14,-8,14,-9,13,-9,11,-10,12,-7,13,-9,11,-8,10,-9,10,-9,10,-7,9,-7,10,-7,10,-6,8,-5,9,-5,9,-5,8,-5,7,-5,7,-4,7,-3,6,-5,5,-3,5,-4,7,-3,5,-3,5,-2,5,-1,0,0,0,0,0,0,0,0,0,0]"""
1782212770876,2026-06-23T20:06:10.876,danger,fall,lmh,bed_stand_to_lie_fall,t018,"CSI_DATA,813369,1a:00:00:00:00:00,-53,11,-97,19,33,11,222703042,47,2,256,0,""[0,0,0,0,0,0,0,0,0,0,0,0,-1,-21,0,-22,0,-22,3,-24,4,-23,7,-24,9,-23,10,-23,13,-25,15,-24,16,-23,17,-25,18,-24,21,-23,25,-22,26,-22,26,-21,27,-19,29,-17,28,-16,28,-13,32,-15,31,-13,31,-14,33,-11,31,-11,32,-8,33,-9,34,-7,32,-8,31,-6,35,-8,32,-5,32,-6,32,-6,32,-7,30,-5,31,-8,32,-5,31,-8,31,-5,31,-8,32,-6,35,-8,34,-5,32,-6,33,-4,32,-4,33,-4,35,-4,35,-4,35,-2,38,-1,36,0,39,-2,38,-1,37,0,0,0,0,0,0,0,8,-35,7,-34,7,-35,8,-31,8,-32,8,-30,6,-29,9,-30,8,-26,8,-26,9,-25,9,-23,8,-26,9,-22,8,-22,6,-22,6,-22,7,-22,8,-21,8,-20,4,-21,7,-19,6,-17,7,-17,6,-17,6,-17,7,-17,4,-17,7,-16,4,-16,5,-13,6,-15,6,-14,7,-13,5,-13,7,-14,8,-13,7,-12,8,-13,7,-11,6,-10,7,-10,8,-9,6,-8,7,-8,6,-8,6,-6,7,-6,6,-5,6,-5,5,-4,6,-4,6,-4,4,-3,4,-4,4,-4,4,-1,0,0,0,0,0,0,0,0,0,0]"""
1782212770886,2026-06-23T20:06:10.886,danger,fall,lmh,bed_stand_to_lie_fall,t018,"CSI_DATA,813370,1a:00:00:00:00:00,-52,11,-97,18,33,11,222712281,47,2,256,0,""[0,0,0,0,0,0,0,0,0,0,0,0,0,-20,3,-21,4,-22,5,-24,9,-23,11,-22,11,-22,14,-22,16,-24,17,-21,20,-21,21,-22,21,-23,23,-21,26,-17,26,-18,28,-19,30,-16,30,-14,31,-13,31,-10,33,-11,32,-10,33,-10,35,-8,32,-9,32,-5,33,-5,32,-5,32,-6,31,-4,34,-5,34,-3,31,-3,32,-4,31,-4,30,-4,32,-5,32,-5,31,-5,32,-4,31,-6,32,-5,34,-5,33,-4,32,-4,34,-4,33,-3,34,-3,37,-3,37,-4,34,-3,37,0,36,1,37,-2,37,0,36,0,0,0,0,0,0,0,7,-37,6,-34,5,-36,8,-31,5,-31,7,-31,6,-29,7,-31,8,-27,8,-27,7,-27,8,-24,7,-25,7,-25,7,-23,5,-22,5,-22,5,-22,9,-21,5,-19,3,-21,6,-19,4,-18,5,-18,6,-17,5,-17,4,-16,4,-16,5,-18,3,-15,4,-15,5,-15,5,-14,5,-15,4,-14,5,-15,5,-13,5,-13,5,-12,5,-12,5,-12,5,-11,5,-11,5,-10,5,-9,5,-10,5,-8,5,-8,5,-7,5,-7,5,-6,5,-5,6,-5,5,-5,5,-4,4,-3,5,-4,0,0,0,0,0,0,0,0,0,0]"""
1782212770896,2026-06-23T20:06:10.896,danger,fall,lmh,bed_stand_to_lie_fall,t018,"CSI_DATA,813371,1a:00:00:00:00:00,-52,11,-97,19,33,11,222723281,47,2,256,0,""[0,0,0,0,0,0,0,0,0,0,0,0,18,11,16,13,17,16,16,17,16,17,15,20,16,20,14,20,16,24,16,25,14,26,14,25,17,29,15,29,12,31,13,31,15,31,11,33,10,31,12,30,8,31,10,33,10,33,11,31,10,34,11,31,8,32,10,34,9,31,12,31,10,29,13,33,12,30,13,29,14,29,14,28,14,26,17,26,17,28,20,26,19,27,22,23,21,25,22,26,21,25,22,22,23,24,23,22,25,24,26,24,26,25,28,24,27,26,24,24,31,24,30,22,28,22,0,0,0,0,0,0,23,-26,24,-28,20,-28,21,-25,18,-24,19,-25,17,-24,19,-26,16,-22,17,-21,14,-22,13,-21,12,-24,12,-22,11,-22,8,-20,9,-22,9,-22,8,-20,6,-20,4,-20,7,-19,4,-18,4,-18,4,-19,2,-17,1,-17,0,-19,0,-17,0,-16,0,-17,0,-17,0,-17,0,-16,-1,-14,0,-16,-1,-13,-2,-13,0,-14,0,-13,0,-12,-2,-12,0,-13,-1,-11,-1,-11,-1,-10,0,-9,0,-9,0,-8,0,-8,0,-7,0,-6,0,-8,0,-7,0,-7,0,-6,0,-6,0,0,0,0,0,0,0,0,0,0]"""
1782212770906,2026-06-23T20:06:10.906,danger,fall,lmh,bed_stand_to_lie_fall,t018,"CSI_DATA,813372,1a:00:00:00:00:00,-52,11,-97,15,34,11,222734281,47,2,256,0,""[0,0,0,0,0,0,0,0,0,0,0,0,4,-20,7,-21,8,-21,10,-20,13,-20,16,-18,17,-17,20,-15,22,-17,23,-15,26,-13,27,-13,28,-12,31,-10,32,-4,31,-4,35,-4,34,0,32,1,33,2,31,7,35,8,31,9,33,9,33,13,31,12,29,15,30,18,29,17,30,17,26,17,28,18,26,20,24,21,25,22,25,21,22,22,23,20,22,22,24,22,22,24,23,22,22,25,23,25,22,26,19,26,20,26,19,27,17,29,18,31,17,31,17,32,14,34,13,34,14,35,13,35,10,36,0,0,0,0,0,0,37,-1,34,-1,33,-3,34,1,32,2,32,2,31,3,32,5,27,6,27,7,26,7,23,8,26,7,24,7,22,8,21,9,23,8,21,8,20,10,19,8,20,7,18,9,17,8,17,9,16,10,16,10,15,10,17,8,14,9,13,10,13,10,13,11,13,10,13,9,9,10,11,12,8,11,9,11,8,11,7,10,6,12,6,10,5,11,5,9,4,9,4,9,3,8,3,9,1,8,0,8,0,8,0,8,0,8,0,7,0,5,-1,5,-2,5,0,0,0,0,0,0,0,0,0,0]"""
1782212770919,2026-06-23T20:06:10.919,danger,fall,lmh,bed_stand_to_lie_fall,t018,"CSI_DATA,813373,1a:00:00:00:00:00,-52,11,-97,18,33,11,222746033,47,2,256,0,""[0,0,0,0,0,0,0,0,0,0,0,0,6,20,4,21,4,21,0,24,-1,24,-4,25,-5,25,-7,24,-7,27,-10,26,-13,26,-14,26,-16,27,-18,26,-21,23,-21,24,-21,26,-25,23,-26,20,-27,17,-29,14,-29,17,-31,15,-31,15,-32,15,-30,13,-31,11,-34,10,-31,10,-31,10,-30,8,-34,8,-31,8,-32,6,-32,6,-30,7,-29,7,-31,7,-32,5,-31,8,-32,7,-31,9,-31,6,-33,6,-31,5,-32,5,-34,4,-32,4,-34,4,-36,2,-35,2,-37,3,-39,0,-36,0,-37,0,-39,-2,-36,-2,0,0,0,0,0,0,-8,36,-9,35,-7,34,-10,32,-8,30,-11,30,-10,27,-13,30,-11,26,-11,23,-11,24,-10,22,-10,24,-11,22,-10,22,-10,21,-10,21,-10,20,-11,18,-8,18,-8,18,-10,17,-9,16,-10,16,-10,15,-10,15,-9,15,-9,15,-10,15,-7,15,-9,12,-10,13,-9,12,-9,14,-8,11,-10,14,-9,10,-9,10,-10,10,-10,10,-9,9,-9,7,-10,7,-9,7,-10,6,-9,5,-7,5,-9,5,-7,5,-7,3,-8,4,-6,2,-7,2,-6,0,-6,1,-6,1,-5,0,0,0,0,0,0,0,0,0,0,0]"""
1782212770929,2026-06-23T20:06:10.929,danger,fall,lmh,bed_stand_to_lie_fall,t018,"CSI_DATA,813374,1a:00:00:00:00:00,-53,11,-97,16,34,11,222756280,47,2,256,0,""[0,0,0,0,0,0,0,0,0,0,0,0,0,19,-1,21,-3,23,-4,23,-6,23,-7,22,-10,23,-12,23,-13,26,-15,24,-16,26,-16,25,-18,27,-19,25,-23,22,-23,23,-24,24,-26,22,-26,19,-26,19,-26,17,-30,19,-28,17,-29,19,-30,19,-27,18,-29,15,-31,15,-29,14,-28,16,-28,14,-30,15,-29,13,-28,14,-29,15,-28,15,-27,15,-27,18,-27,17,-25,19,-28,17,-26,19,-26,18,-27,20,-28,18,-27,18,-27,19,-28,18,-29,19,-30,21,-29,22,-28,20,-32,20,-31,17,-30,22,-30,20,-31,20,0,0,0,0,0,0,17,34,15,33,16,30,15,30,14,30,12,27,13,28,11,29,11,27,10,26,11,23,8,23,11,23,9,22,11,22,11,19,11,22,12,19,9,19,11,18,12,17,11,19,10,17,10,16,10,15,9,15,10,15,11,15,10,15,11,12,10,12,10,13,8,14,9,12,9,11,8,13,8,12,7,12,6,12,7,11,7,11,7,11,5,10,7,8,5,9,4,10,4,8,4,9,4,8,3,8,3,7,3,6,3,7,1,7,1,6,0,6,0,7,0,0,0,0,0,0,0,0,0,0]"""
1782212770943,2026-06-23T20:06:10.943,danger,fall,lmh,bed_stand_to_lie_fall,t018,"CSI_DATA,813375,1a:00:00:00:00:00,-52,11,-97,14,34,11,222768324,47,2,256,0,""[0,0,0,0,0,0,0,0,0,0,0,0,-20,-3,-20,-7,-19,-8,-21,-12,-21,-13,-19,-15,-19,-16,-18,-17,-21,-20,-19,-21,-17,-24,-17,-25,-17,-26,-15,-27,-14,-31,-13,-29,-14,-30,-10,-32,-10,-31,-7,-32,-4,-34,-5,-34,-4,-34,-5,-34,-4,-36,-4,-34,0,-33,0,-35,0,-33,-2,-33,2,-31,0,-34,0,-33,0,-32,0,-33,0,-31,0,-31,0,-31,0,-31,-1,-33,0,-33,-1,-31,0,-33,0,-35,0,-34,0,-32,0,-33,0,-32,0,-33,1,-36,0,-35,1,-36,4,-39,5,-36,1,-38,4,-39,5,-37,0,0,0,0,0,0,-36,-10,-33,-9,-32,-7,-32,-10,-31,-10,-30,-10,-28,-9,-30,-10,-26,-10,-26,-11,-25,-10,-22,-11,-26,-9,-23,-8,-22,-10,-21,-8,-23,-7,-21,-7,-21,-9,-21,-7,-21,-5,-19,-7,-18,-5,-18,-6,-16,-5,-17,-5,-16,-6,-17,-4,-16,-6,-15,-5,-15,-5,-16,-5,-15,-5,-15,-5,-14,-5,-15,-5,-14,-5,-12,-5,-13,-5,-11,-6,-11,-6,-11,-5,-10,-5,-10,-5,-9,-5,-10,-5,-7,-5,-8,-5,-6,-5,-5,-5,-5,-5,-5,-5,-5,-4,-3,-5,-5,-5,-3,-5,-2,-5,0,0,0,0,0,0,0,0,0,0]"""
1782212770955,2026-06-23T20:06:10.955,danger,fall,lmh,bed_stand_to_lie_fall,t018,"CSI_DATA,813376,1a:00:00:00:00:00,-52,11,-97,19,33,11,222780751,47,2,256,0,""[0,0,0,0,0,0,0,0,0,0,0,0,-17,-13,-15,-15,-16,-16,-15,-18,-14,-20,-13,-20,-13,-21,-13,-23,-14,-25,-12,-25,-11,-27,-11,-27,-12,-29,-11,-31,-8,-32,-8,-32,-8,-31,-7,-33,-6,-31,-5,-34,-4,-35,-7,-32,-4,-34,-7,-35,-4,-35,-5,-32,-4,-32,-5,-34,-5,-33,-7,-31,-5,-31,-8,-33,-7,-32,-8,-31,-8,-32,-10,-31,-9,-30,-11,-30,-11,-30,-14,-30,-13,-31,-15,-29,-15,-30,-17,-30,-14,-28,-17,-26,-17,-29,-17,-28,-20,-28,-21,-31,-19,-30,-20,-29,-21,-31,-18,-31,-22,-30,-24,-31,-23,-29,0,0,0,0,0,0,-30,22,-31,20,-27,21,-26,19,-26,21,-26,17,-25,19,-25,19,-23,19,-22,16,-20,18,-19,16,-18,18,-18,17,-17,17,-16,17,-16,19,-14,17,-14,17,-13,17,-10,17,-13,17,-10,15,-10,16,-11,15,-9,17,-8,16,-7,17,-8,16,-5,15,-6,15,-6,15,-7,17,-4,14,-4,13,-6,13,-4,15,-4,13,-4,13,-4,12,-4,12,-4,11,-5,12,-4,11,-3,10,-2,9,-4,8,-4,9,-2,7,-2,8,-3,6,-1,7,-2,8,-3,7,-4,6,-4,7,-3,4,0,0,0,0,0,0,0,0,0,0]"""
1782212770973,2026-06-23T20:06:10.973,danger,fall,lmh,bed_stand_to_lie_fall,t018,"CSI_DATA,813377,1a:00:00:00:00:00,-52,11,-97,20,33,11,222798392,47,2,256,0,""[0,0,0,0,0,0,0,0,0,0,0,0,5,-20,7,-19,8,-20,10,-21,12,-20,14,-21,15,-21,16,-20,18,-23,20,-21,22,-22,22,-20,23,-22,23,-21,27,-19,27,-19,27,-22,29,-18,27,-17,30,-17,30,-15,30,-16,31,-15,30,-15,33,-14,30,-15,30,-12,30,-13,31,-14,30,-15,30,-13,30,-15,30,-15,29,-15,29,-17,28,-18,27,-15,27,-17,27,-18,26,-20,26,-17,25,-21,27,-21,25,-23,27,-19,26,-23,27,-22,26,-23,24,-23,27,-24,27,-24,25,-24,30,-24,30,-23,27,-26,27,-26,27,-26,0,0,0,0,0,0,-23,-29,-23,-28,-23,-27,-23,-23,-20,-25,-19,-24,-20,-23,-20,-24,-20,-22,-18,-21,-19,-21,-17,-19,-19,-18,-18,-18,-18,-18,-17,-15,-19,-15,-17,-15,-16,-14,-17,-12,-18,-11,-16,-13,-15,-10,-15,-11,-16,-11,-16,-10,-15,-9,-16,-8,-16,-9,-16,-7,-15,-7,-16,-6,-15,-6,-15,-7,-16,-6,-14,-7,-13,-6,-12,-7,-13,-5,-12,-6,-11,-6,-12,-6,-11,-5,-11,-4,-10,-4,-10,-3,-8,-5,-9,-4,-7,-4,-7,-4,-7,-3,-7,-3,-6,-3,-5,-4,-5,-5,-4,-4,-3,-4,0,0,0,0,0,0,0,0,0,0]"""
1782212770984,2026-06-23T20:06:10.984,danger,fall,lmh,bed_stand_to_lie_fall,t018,"CSI_DATA,813378,1a:00:00:00:00:00,-52,11,-97,18,33,11,222800881,47,2,256,0,""[0,0,0,0,0,0,0,0,0,0,0,0,-13,15,-15,14,-16,15,-19,14,-20,13,-21,10,-21,10,-24,8,-26,8,-28,9,-29,5,-29,6,-31,5,-32,1,-32,0,-34,0,-35,0,-34,-5,-31,-5,-32,-5,-31,-10,-34,-6,-32,-10,-32,-10,-33,-11,-32,-10,-31,-13,-31,-13,-31,-14,-31,-11,-30,-14,-30,-14,-31,-14,-30,-13,-30,-14,-29,-14,-28,-13,-29,-14,-30,-14,-31,-12,-30,-13,-31,-11,-29,-14,-31,-11,-30,-12,-30,-12,-31,-13,-30,-12,-31,-13,-33,-16,-31,-15,-32,-15,-31,-19,-32,-19,-33,-18,-32,-18,-32,-19,0,0,0,0,0,0,-24,29,-22,31,-18,27,-20,26,-20,26,-21,22,-21,24,-21,23,-20,21,-21,21,-16,19,-18,18,-18,21,-19,19,-17,17,-15,17,-15,17,-15,16,-16,16,-13,17,-11,15,-15,15,-12,14,-13,14,-14,15,-13,15,-11,14,-11,14,-12,14,-10,12,-11,14,-10,12,-11,14,-10,13,-10,11,-10,10,-10,12,-10,10,-10,9,-10,9,-10,9,-10,9,-10,7,-10,7,-9,6,-8,7,-8,6,-8,5,-7,5,-6,5,-6,4,-5,4,-7,3,-7,1,-5,3,-5,1,-5,1,0,0,0,0,0,0,0,0,0,0]"""
1782212770994,2026-06-23T20:06:10.994,danger,fall,lmh,bed_stand_to_lie_fall,t018,"CSI_DATA,813379,1a:00:00:00:00:00,-52,11,-97,18,33,11,222811280,47,2,256,0,""[0,0,0,0,0,0,0,0,0,0,0,0,-13,-17,-10,-17,-11,-19,-10,-20,-7,-23,-5,-23,-5,-23,-2,-26,-2,-28,0,-30,0,-29,2,-29,3,-31,5,-31,10,-31,10,-31,10,-31,15,-32,13,-27,17,-30,19,-28,18,-28,21,-28,20,-28,23,-27,20,-27,24,-24,23,-25,26,-25,21,-24,24,-21,25,-23,24,-21,24,-22,24,-23,24,-23,24,-21,23,-22,24,-21,22,-24,24,-21,23,-24,25,-21,26,-24,24,-19,25,-22,26,-21,25,-21,28,-23,27,-22,27,-21,30,-21,32,-21,31,-19,31,-21,31,-21,32,-18,0,0,0,0,0,0,-15,-34,-14,-34,-14,-30,-11,-31,-11,-32,-8,-30,-9,-30,-6,-30,-5,-29,-4,-26,-5,-26,-5,-26,-6,-26,-5,-26,-4,-25,-5,-23,-5,-24,-4,-22,-3,-22,-5,-21,-5,-21,-3,-21,-3,-18,-4,-18,-3,-19,-3,-17,-4,-19,-4,-18,-2,-18,-4,-15,-5,-17,-2,-16,-1,-16,-3,-15,-1,-15,0,-15,0,-15,0,-14,0,-15,0,-15,1,-13,2,-12,0,-13,0,-11,0,-10,1,-10,2,-10,1,-10,2,-7,3,-7,3,-6,2,-8,3,-7,4,-5,2,-6,4,-5,4,-4,0,0,0,0,0,0,0,0,0,0]"""
1782212771005,2026-06-23T20:06:11.005,danger,fall,lmh,bed_stand_to_lie_fall,t018,"CSI_DATA,813380,1a:00:00:00:00:00,-52,11,-97,17,33,11,222832862,47,2,256,0,""[0,0,0,0,0,0,0,0,0,0,0,0,17,-12,19,-10,19,-10,22,-8,24,-7,25,-5,25,-3,25,-2,28,-1,29,3,31,2,30,4,32,5,32,7,31,12,31,12,32,12,31,16,29,16,29,17,28,19,29,21,25,21,26,23,26,25,25,22,22,25,24,27,22,25,22,24,20,24,23,27,21,25,19,24,21,26,19,25,19,24,21,25,21,25,22,24,19,26,21,24,19,26,22,26,18,26,19,25,19,27,19,28,20,28,19,32,19,31,19,31,16,34,15,33,19,33,18,33,16,34,0,0,0,0,0,0,35,-11,35,-9,32,-10,32,-6,32,-7,31,-6,31,-6,32,-6,30,-5,28,-2,26,-3,25,-1,25,-3,25,-1,25,0,23,-2,25,0,22,-2,22,0,21,-1,21,-3,21,-1,19,-1,20,-1,19,0,19,0,19,0,19,-2,19,0,18,-1,16,0,18,0,17,0,15,-1,16,0,16,1,16,0,14,0,14,1,12,2,11,2,12,2,12,2,12,3,12,2,9,3,9,3,10,3,9,4,7,3,6,4,6,3,7,3,6,5,6,4,5,5,4,5,0,0,0,0,0,0,0,0,0,0]"""
1782212771016,2026-06-23T20:06:11.016,danger,fall,lmh,bed_stand_to_lie_fall,t018,"CSI_DATA,813381,1a:00:00:00:00:00,-52,11,-97,17,33,11,222833297,47,2,256,0,""[0,0,0,0,0,0,0,0,0,0,0,0,-19,-8,-18,-11,-18,-12,-18,-15,-16,-16,-17,-19,-15,-20,-15,-23,-15,-24,-14,-25,-12,-27,-12,-27,-12,-28,-10,-30,-6,-31,-6,-32,-6,-32,-5,-35,-1,-32,0,-33,2,-35,0,-34,3,-34,0,-34,4,-35,2,-33,6,-33,6,-32,6,-34,5,-33,7,-32,7,-32,6,-32,6,-31,6,-33,6,-32,6,-30,6,-33,6,-32,4,-33,6,-32,4,-32,7,-32,4,-34,7,-32,6,-32,7,-32,6,-32,6,-33,6,-36,6,-35,8,-35,12,-35,12,-33,8,-37,10,-37,12,-36,0,0,0,0,0,0,-34,-16,-32,-17,-30,-13,-30,-16,-31,-15,-25,-16,-27,-15,-27,-15,-25,-14,-22,-15,-24,-14,-23,-14,-22,-14,-22,-14,-21,-13,-20,-12,-21,-12,-20,-12,-17,-12,-19,-12,-19,-8,-18,-11,-17,-8,-16,-9,-16,-9,-17,-8,-15,-8,-17,-7,-16,-9,-15,-8,-16,-9,-14,-9,-14,-9,-15,-6,-13,-7,-13,-8,-13,-9,-12,-7,-12,-7,-9,-9,-10,-8,-10,-8,-8,-7,-9,-8,-8,-6,-7,-7,-6,-7,-6,-7,-6,-8,-5,-6,-4,-6,-4,-6,-4,-6,-3,-6,-3,-4,-1,-5,-1,-6,0,0,0,0,0,0,0,0,0,0]"""
1782212771026,2026-06-23T20:06:11.026,danger,fall,lmh,bed_stand_to_lie_fall,t018,"CSI_DATA,813382,1a:00:00:00:00:00,-52,11,-97,17,33,11,222844280,47,2,256,0,""[0,0,0,0,0,0,0,0,0,0,0,0,4,19,2,19,1,22,0,25,0,25,-1,25,-2,25,-4,26,-3,27,-5,29,-6,30,-5,30,-5,31,-6,31,-10,32,-10,31,-8,33,-11,32,-11,31,-11,33,-11,32,-12,32,-12,31,-12,33,-13,34,-10,32,-13,31,-12,32,-12,32,-9,32,-10,29,-9,34,-9,32,-6,31,-6,32,-6,32,-5,32,-2,32,-1,32,0,32,0,32,2,32,0,33,5,35,1,34,4,33,4,35,5,32,6,34,6,36,7,36,9,35,6,37,6,37,9,37,11,36,9,35,0,0,0,0,0,0,36,-9,35,-8,33,-12,32,-8,32,-8,31,-7,30,-11,30,-11,26,-9,27,-9,24,-10,24,-10,24,-12,24,-12,21,-12,19,-13,20,-14,19,-13,18,-12,17,-14,15,-14,16,-12,14,-14,14,-13,13,-14,12,-13,12,-12,10,-16,12,-15,9,-14,10,-13,8,-14,8,-14,8,-14,7,-12,9,-15,7,-12,7,-12,6,-13,6,-11,6,-12,6,-12,5,-12,5,-11,5,-10,4,-8,4,-9,4,-10,4,-8,3,-7,4,-6,2,-6,5,-6,3,-6,3,-6,2,-5,3,-5,0,0,0,0,0,0,0,0,0,0]"""
1782212771035,2026-06-23T20:06:11.035,danger,fall,lmh,bed_stand_to_lie_fall,t018,"CSI_DATA,813383,1a:00:00:00:00:00,-52,11,-97,22,32,11,222855280,47,2,256,0,""[0,0,0,0,0,0,0,0,0,0,0,0,10,-19,11,-17,15,-16,19,-16,20,-15,24,-14,24,-10,26,-10,28,-9,28,-7,31,-5,32,-3,33,-3,34,0,33,4,34,5,36,7,33,10,32,10,34,11,29,14,34,19,30,21,31,20,29,22,27,21,25,24,25,26,22,25,23,26,21,27,23,27,21,29,20,29,21,28,18,29,17,26,20,26,18,29,17,29,17,30,18,30,16,31,18,31,15,35,14,31,14,35,11,33,12,33,12,37,11,38,10,37,5,37,4,40,6,39,4,40,5,40,0,0,0,0,0,0,39,5,38,7,37,5,32,9,33,10,33,10,30,8,31,15,29,10,29,13,26,12,22,15,26,12,22,12,22,14,22,13,23,14,21,11,19,15,17,12,19,12,17,14,17,11,15,13,15,14,15,12,14,14,15,11,13,14,13,13,12,11,13,15,10,11,10,12,10,12,9,14,9,13,9,14,9,14,5,14,6,12,5,12,5,11,2,12,2,11,2,11,0,10,2,10,0,10,-1,9,-1,9,0,8,-2,6,-2,7,0,6,-2,6,-3,5,0,0,0,0,0,0,0,0,0,0]"""
1782212771044,2026-06-23T20:06:11.044,danger,fall,lmh,bed_stand_to_lie_fall,t018,"CSI_DATA,813384,1a:00:00:00:00:00,-52,11,-97,13,34,11,222866280,47,2,256,0,""[0,0,0,0,0,0,0,0,0,0,0,0,20,-3,20,0,23,0,23,4,24,6,23,8,25,9,25,13,24,15,23,16,23,19,22,19,24,22,21,23,18,26,18,30,17,30,15,32,12,31,9,34,10,35,6,33,6,35,6,35,4,35,3,34,0,33,-1,34,-2,33,-1,33,-3,32,-4,34,-5,33,-5,32,-6,33,-6,32,-6,31,-6,32,-7,32,-6,33,-9,31,-8,32,-11,32,-8,33,-11,30,-11,32,-14,32,-12,32,-14,30,-15,32,-16,32,-17,32,-21,32,-22,31,-20,32,-22,30,-24,29,0,0,0,0,0,0,24,28,22,29,21,26,19,28,19,26,15,28,15,27,15,27,12,27,11,26,11,25,10,24,9,25,10,25,8,24,9,22,8,23,7,22,6,22,6,22,6,19,5,22,6,19,4,19,4,20,2,19,3,19,4,19,2,18,4,17,1,17,1,18,0,18,0,16,0,15,0,15,0,17,-1,13,0,13,-3,13,-3,12,-3,13,-3,12,-3,11,-5,12,-4,11,-6,10,-5,8,-5,7,-6,7,-6,6,-5,6,-6,6,-5,4,-6,4,-6,4,-6,3,0,0,0,0,0,0,0,0,0,0]"""
1782212771054,2026-06-23T20:06:11.054,danger,fall,lmh,bed_stand_to_lie_fall,t018,"CSI_DATA,813385,1a:00:00:00:00:00,-52,11,-97,17,33,11,222877280,47,2,256,0,""[0,0,0,0,0,0,0,0,0,0,0,0,19,7,17,11,19,13,18,16,17,18,15,21,14,20,12,24,12,24,12,26,11,29,9,28,8,31,6,32,1,32,0,34,0,34,-3,34,-6,32,-6,35,-6,33,-11,32,-12,32,-12,33,-15,32,-14,31,-17,29,-18,29,-19,28,-18,27,-18,25,-21,28,-21,26,-20,25,-21,26,-21,25,-20,24,-21,26,-23,25,-20,25,-21,23,-23,24,-24,24,-24,25,-24,22,-24,24,-26,22,-25,24,-27,21,-29,22,-30,21,-30,21,-32,19,-33,18,-33,19,-33,17,-32,16,0,0,0,0,0,0,8,35,6,36,10,33,6,33,6,32,3,32,2,32,2,32,0,30,0,29,0,27,0,26,-1,26,-1,26,-1,25,0,24,0,25,-2,23,-2,23,-1,22,0,24,-2,22,-2,19,-3,21,-3,20,-3,19,-3,19,-1,19,-4,18,-1,17,-4,17,-5,17,-5,18,-4,15,-4,14,-6,14,-6,16,-7,14,-6,12,-6,12,-7,12,-6,12,-7,11,-7,10,-7,9,-7,9,-8,7,-7,7,-8,6,-6,6,-8,6,-7,6,-7,3,-6,2,-6,4,-6,1,-6,0,0,0,0,0,0,0,0,0,0,0]"""
1782212771064,2026-06-23T20:06:11.064,danger,fall,lmh,bed_stand_to_lie_fall,t018,"CSI_DATA,813386,1a:00:00:00:00:00,-52,11,-97,19,33,11,222888280,47,2,256,0,""[0,0,0,0,0,0,0,0,0,0,0,0,10,19,7,20,7,23,3,23,1,26,0,25,0,26,-5,27,-5,29,-8,29,-11,29,-12,29,-14,29,-16,29,-21,25,-21,28,-19,26,-25,26,-24,22,-28,20,-31,19,-27,21,-30,19,-31,17,-32,16,-30,16,-31,13,-32,13,-33,12,-31,13,-31,9,-32,10,-32,8,-31,8,-31,9,-32,8,-32,8,-31,8,-33,7,-32,8,-32,5,-32,9,-31,6,-35,7,-33,5,-32,5,-35,4,-33,4,-34,3,-38,3,-36,0,-37,1,-37,0,-38,-2,-38,-1,-37,-1,-38,-4,0,0,0,0,0,0,-11,36,-12,36,-9,33,-13,32,-10,31,-13,27,-13,31,-15,28,-13,27,-13,26,-11,24,-13,22,-13,25,-13,22,-13,19,-13,21,-13,22,-13,20,-14,17,-12,18,-9,18,-13,17,-9,16,-13,16,-13,14,-13,15,-12,15,-11,15,-12,14,-10,14,-13,13,-12,13,-13,13,-12,13,-11,11,-12,10,-12,9,-13,8,-13,8,-12,8,-12,7,-11,7,-12,6,-12,5,-11,4,-9,5,-8,3,-11,4,-9,2,-8,2,-9,1,-8,0,-8,0,-7,0,-7,-1,-8,0,-6,0,0,0,0,0,0,0,0,0,0,0]"""
1782212771074,2026-06-23T20:06:11.074,danger,fall,lmh,bed_stand_to_lie_fall,t018,"CSI_DATA,813387,1a:00:00:00:00:00,-52,11,-97,17,33,11,222899526,47,2,256,0,""[0,0,0,0,0,0,0,0,0,0,0,0,-12,17,-13,16,-15,17,-18,16,-18,16,-20,16,-20,16,-23,14,-23,16,-25,15,-26,14,-26,13,-29,15,-30,12,-32,9,-32,10,-32,11,-33,8,-32,8,-35,7,-35,7,-34,6,-34,6,-34,7,-35,6,-32,7,-34,4,-34,5,-33,5,-32,6,-32,5,-35,6,-32,6,-32,7,-32,9,-32,10,-32,8,-32,11,-31,11,-31,13,-30,12,-29,12,-31,12,-31,16,-30,13,-30,16,-32,14,-29,17,-30,16,-32,19,-32,19,-31,19,-34,18,-35,18,-32,19,-32,19,-31,20,0,0,0,0,0,0,17,33,16,32,19,29,14,31,17,29,15,28,15,26,15,27,14,26,13,25,15,23,13,20,16,22,15,21,15,21,15,18,16,19,15,17,15,18,14,16,16,14,15,16,14,13,15,13,14,13,15,12,15,12,15,11,15,11,16,9,15,9,15,10,14,9,14,8,14,8,13,10,13,9,12,8,13,8,12,7,12,7,12,7,12,7,11,6,10,7,9,6,9,7,8,6,6,6,7,5,7,6,6,5,6,6,5,5,6,6,5,6,4,5,0,0,0,0,0,0,0,0,0,0]"""
1782212771085,2026-06-23T20:06:11.085,danger,fall,lmh,bed_stand_to_lie_fall,t018,"CSI_DATA,813388,1a:00:00:00:00:00,-52,11,-97,16,33,11,222910279,47,2,256,0,""[0,0,0,0,0,0,0,0,0,0,0,0,-13,16,-16,15,-17,13,-22,14,-22,12,-22,9,-24,8,-25,5,-29,6,-28,3,-31,2,-31,0,-32,0,-32,-2,-32,-6,-32,-6,-34,-7,-32,-10,-31,-11,-28,-14,-29,-17,-32,-16,-30,-17,-30,-16,-31,-20,-28,-17,-26,-22,-26,-21,-25,-22,-26,-21,-23,-21,-26,-23,-24,-22,-23,-23,-24,-22,-24,-22,-21,-22,-24,-20,-24,-22,-25,-21,-23,-24,-24,-22,-24,-24,-25,-23,-22,-24,-22,-24,-22,-26,-23,-25,-23,-25,-24,-28,-22,-28,-23,-28,-21,-31,-19,-30,-23,-31,-22,-32,-19,-32,0,0,0,0,0,0,-34,13,-34,13,-33,14,-32,10,-32,10,-31,8,-29,9,-32,8,-29,6,-29,6,-26,4,-26,3,-25,5,-25,4,-24,4,-24,4,-24,6,-24,3,-24,3,-22,3,-22,5,-22,2,-19,3,-21,2,-20,2,-21,3,-18,1,-19,3,-19,1,-17,2,-17,1,-18,1,-17,1,-17,0,-16,0,-18,0,-16,0,-16,0,-15,0,-15,-2,-14,0,-13,-2,-13,-2,-14,-2,-12,-3,-10,-2,-10,-4,-10,-3,-8,-5,-8,-3,-7,-4,-7,-4,-7,-4,-7,-5,-7,-5,-4,-5,-4,-6,0,0,0,0,0,0,0,0,0,0]"""
1782212771096,2026-06-23T20:06:11.096,danger,fall,lmh,bed_stand_to_lie_fall,t018,"CSI_DATA,813389,1a:00:00:00:00:00,-52,11,-97,18,33,11,222921279,47,2,256,0,""[0,0,0,0,0,0,0,0,0,0,0,0,-21,5,-21,1,-23,0,-24,-1,-23,-2,-24,-5,-24,-7,-24,-10,-27,-11,-25,-13,-26,-15,-26,-16,-27,-17,-26,-19,-24,-23,-23,-23,-25,-25,-21,-27,-20,-27,-17,-26,-14,-28,-17,-29,-14,-31,-14,-31,-13,-33,-14,-31,-10,-32,-10,-34,-10,-31,-10,-31,-8,-31,-10,-33,-7,-31,-8,-31,-8,-31,-9,-31,-8,-31,-9,-31,-7,-31,-10,-32,-6,-33,-10,-30,-7,-31,-10,-32,-5,-33,-6,-31,-6,-34,-6,-32,-9,-34,-5,-37,-7,-36,-6,-36,-2,-37,-1,-37,-5,-37,-3,-38,-4,-37,0,0,0,0,0,0,-37,-3,-35,-5,-36,-1,-33,-5,-33,-6,-31,-6,-31,-5,-31,-7,-28,-6,-28,-6,-26,-7,-24,-7,-26,-5,-25,-8,-25,-7,-23,-6,-25,-5,-22,-5,-22,-7,-21,-5,-22,-4,-21,-5,-19,-4,-20,-6,-18,-6,-19,-6,-17,-6,-19,-4,-18,-5,-17,-5,-15,-5,-17,-5,-16,-5,-16,-5,-15,-5,-16,-6,-14,-6,-14,-6,-14,-7,-12,-7,-12,-6,-11,-7,-11,-7,-11,-5,-10,-7,-9,-7,-8,-7,-8,-7,-6,-8,-5,-7,-6,-7,-5,-5,-5,-6,-4,-6,-3,-5,-2,-5,-2,-6,0,0,0,0,0,0,0,0,0,0]"""
1782212771107,2026-06-23T20:06:11.107,danger,fall,lmh,bed_stand_to_lie_fall,t018,"CSI_DATA,813390,1a:00:00:00:00:00,-52,11,-97,17,33,11,222932279,47,2,256,0,""[0,0,0,0,0,0,0,0,0,0,0,0,6,-21,9,-19,8,-20,12,-20,13,-20,15,-19,15,-20,16,-20,19,-22,20,-21,19,-22,20,-21,23,-22,23,-22,26,-19,26,-21,26,-22,30,-19,27,-19,28,-17,29,-14,29,-19,32,-18,31,-19,32,-18,27,-18,31,-17,32,-17,30,-18,28,-19,28,-16,27,-19,25,-19,26,-19,25,-20,25,-21,24,-19,24,-22,24,-23,22,-25,22,-23,20,-26,20,-25,22,-26,21,-25,19,-25,21,-28,19,-27,19,-30,20,-30,19,-30,19,-31,21,-32,19,-30,19,-32,19,-32,18,-32,0,0,0,0,0,0,-30,-21,-32,-19,-29,-15,-28,-17,-29,-18,-28,-17,-27,-15,-28,-14,-25,-12,-25,-14,-26,-12,-23,-13,-25,-11,-23,-10,-23,-10,-22,-6,-24,-6,-22,-6,-21,-6,-22,-5,-22,-2,-20,-4,-19,-2,-19,0,-19,-2,-20,0,-20,0,-19,0,-19,0,-19,1,-17,0,-19,0,-17,0,-17,1,-16,0,-15,0,-16,0,-15,0,-16,0,-15,0,-13,0,-13,0,-13,0,-12,1,-12,0,-12,1,-11,0,-12,0,-10,0,-8,0,-9,0,-7,0,-8,0,-8,0,-6,0,-6,-1,-6,0,0,0,0,0,0,0,0,0,0,0]"""
1782212771118,2026-06-23T20:06:11.118,danger,fall,lmh,bed_stand_to_lie_fall,t018,"CSI_DATA,813391,1a:00:00:00:00:00,-52,11,-97,13,34,11,222943279,47,2,256,0,""[0,0,0,0,0,0,0,0,0,0,0,0,-10,-17,-8,-19,-8,-21,-6,-23,-3,-25,-1,-25,0,-26,0,-27,0,-29,4,-28,5,-30,5,-29,6,-32,8,-31,14,-30,12,-31,12,-31,18,-30,18,-29,18,-25,22,-25,20,-27,22,-26,23,-27,24,-27,21,-25,25,-25,25,-24,25,-23,24,-23,25,-20,25,-23,25,-22,25,-21,25,-23,25,-23,23,-20,24,-21,24,-22,23,-24,25,-22,21,-24,24,-22,24,-24,25,-22,23,-23,25,-22,24,-23,25,-23,26,-24,27,-23,27,-25,31,-22,29,-22,28,-24,30,-23,31,-22,0,0,0,0,0,0,-17,-32,-15,-33,-18,-31,-14,-30,-16,-29,-14,-29,-12,-27,-12,-29,-10,-26,-11,-28,-9,-25,-9,-25,-11,-25,-9,-24,-8,-25,-9,-20,-12,-22,-9,-21,-8,-20,-10,-19,-10,-19,-7,-20,-8,-18,-7,-19,-6,-19,-8,-18,-7,-18,-9,-17,-7,-18,-10,-15,-6,-15,-7,-17,-7,-16,-8,-16,-6,-14,-5,-15,-5,-15,-5,-13,-5,-14,-5,-14,-4,-13,-4,-13,-3,-12,-2,-12,-1,-12,-1,-12,0,-11,0,-12,0,-10,0,-8,0,-10,0,-9,0,-8,0,-8,1,-8,1,-6,1,-6,0,0,0,0,0,0,0,0,0,0]"""
1782212771128,2026-06-23T20:06:11.128,danger,fall,lmh,bed_stand_to_lie_fall,t018,"CSI_DATA,813392,1a:00:00:00:00:00,-52,11,-97,18,33,11,222954279,47,2,256,0,""[0,0,0,0,0,0,0,0,0,0,0,0,22,0,21,0,24,1,25,3,26,4,24,5,25,7,24,8,28,8,28,10,28,10,29,10,30,12,30,13,30,16,30,15,31,14,30,16,28,16,27,19,28,21,30,18,29,19,30,17,31,20,28,17,28,18,30,18,28,17,29,15,28,16,30,15,31,14,30,13,31,12,31,11,29,10,31,8,31,9,32,6,32,9,33,4,32,5,36,4,32,4,31,1,32,1,33,0,34,0,37,0,37,-1,35,-1,38,0,37,0,39,-5,37,-4,38,-3,0,0,0,0,0,0,-3,-38,-1,-36,-5,-34,-5,-33,-5,-34,-3,-32,-5,-31,-6,-31,-6,-29,-6,-27,-8,-26,-5,-25,-9,-26,-8,-24,-7,-23,-9,-21,-10,-22,-10,-21,-8,-20,-11,-20,-12,-17,-13,-18,-11,-16,-11,-15,-10,-15,-13,-15,-12,-14,-14,-13,-13,-14,-14,-12,-13,-12,-15,-12,-13,-10,-14,-10,-13,-10,-13,-10,-12,-10,-10,-9,-12,-10,-13,-7,-11,-8,-11,-7,-11,-8,-10,-9,-10,-7,-10,-6,-10,-6,-10,-5,-8,-7,-8,-5,-7,-5,-6,-4,-6,-5,-5,-5,-5,-5,-5,-4,-5,-5,0,0,0,0,0,0,0,0,0,0]"""
1782212771139,2026-06-23T20:06:11.139,danger,fall,lmh,bed_stand_to_lie_fall,t018,"CSI_DATA,813393,1a:00:00:00:00:00,-52,11,-97,19,33,11,222965368,47,2,256,0,""[0,0,0,0,0,0,0,0,0,0,0,0,17,13,15,17,15,18,13,21,10,22,10,22,8,25,4,26,4,29,3,29,0,30,0,31,-3,31,-4,32,-10,32,-11,31,-12,33,-14,31,-16,29,-17,30,-20,29,-22,28,-22,26,-23,25,-26,23,-24,22,-27,20,-28,21,-27,19,-27,21,-26,17,-29,18,-28,16,-29,15,-30,16,-30,16,-27,13,-28,14,-30,13,-30,14,-31,11,-29,15,-32,12,-32,13,-31,9,-30,9,-31,9,-32,9,-33,8,-36,7,-35,5,-35,5,-38,3,-36,1,-39,1,-38,0,-37,0,0,0,0,0,0,0,-7,36,-8,36,-8,33,-10,32,-9,31,-12,28,-11,27,-13,29,-13,26,-13,24,-13,24,-13,22,-13,23,-15,22,-14,19,-13,20,-14,20,-13,19,-15,17,-13,17,-12,19,-13,17,-13,16,-13,14,-15,15,-13,15,-13,13,-12,14,-14,13,-12,14,-13,12,-14,12,-13,11,-13,11,-12,10,-14,9,-14,8,-13,7,-13,8,-13,7,-13,5,-12,4,-13,2,-13,3,-12,2,-12,2,-12,1,-11,0,-10,1,-9,0,-10,0,-9,-1,-8,-1,-8,-1,-7,-2,-7,-3,-6,-3,0,0,0,0,0,0,0,0,0,0]"""
1782212771149,2026-06-23T20:06:11.149,danger,fall,lmh,bed_stand_to_lie_fall,t018,"CSI_DATA,813394,1a:00:00:00:00:00,-52,11,-97,17,33,11,222976279,47,2,256,0,""[0,0,0,0,0,0,0,0,0,0,0,0,-6,-19,-4,-20,-2,-23,-1,-24,2,-25,5,-25,6,-25,7,-25,11,-25,12,-26,15,-25,16,-26,19,-27,21,-25,25,-22,26,-22,26,-22,30,-19,27,-15,31,-13,33,-12,32,-12,34,-11,32,-10,35,-8,32,-8,34,-4,33,-4,35,-1,32,-2,32,0,35,0,32,0,32,0,33,0,32,0,32,1,32,1,33,4,33,1,33,3,32,4,32,6,35,4,30,6,32,5,32,8,32,6,33,9,36,10,33,12,33,12,33,15,32,17,34,16,32,16,33,19,0,0,0,0,0,0,24,-27,25,-26,21,-25,24,-24,24,-23,22,-19,25,-20,25,-20,24,-16,22,-15,22,-14,22,-14,22,-14,22,-13,21,-11,19,-12,21,-13,20,-11,20,-9,20,-9,19,-9,19,-8,18,-9,17,-6,19,-7,19,-7,18,-8,18,-8,19,-6,16,-7,17,-5,17,-5,18,-4,17,-4,15,-3,17,0,16,-2,15,0,15,-1,14,0,14,0,13,0,14,3,13,0,12,3,11,2,10,3,11,3,9,4,9,5,8,4,7,4,6,6,6,5,6,5,4,5,3,6,0,0,0,0,0,0,0,0,0,0]"""
1782212771159,2026-06-23T20:06:11.159,danger,fall,lmh,bed_stand_to_lie_fall,t018,"CSI_DATA,813395,1a:00:00:00:00:00,-52,11,-97,18,33,11,222987279,47,2,256,0,""[0,0,0,0,0,0,0,0,0,0,0,0,-1,-21,0,-22,2,-22,5,-24,8,-23,10,-23,12,-22,15,-22,15,-24,20,-21,21,-21,22,-20,24,-22,26,-20,29,-16,30,-15,31,-15,32,-10,32,-10,32,-9,31,-5,36,-6,34,-2,34,-2,37,0,33,0,33,3,35,4,32,4,33,3,31,5,34,5,33,6,31,6,32,6,31,7,30,8,30,6,31,9,31,5,31,10,31,7,30,9,32,10,31,12,30,11,31,11,30,12,31,13,33,15,33,15,31,16,31,19,30,21,32,21,30,21,30,21,0,0,0,0,0,0,26,-24,27,-23,25,-23,26,-20,25,-19,26,-16,24,-17,27,-16,24,-15,25,-13,24,-12,22,-10,23,-12,23,-10,22,-10,21,-10,21,-10,21,-10,21,-8,20,-8,19,-9,20,-6,18,-8,18,-5,20,-6,19,-6,18,-5,17,-5,17,-5,15,-6,16,-4,17,-3,18,-3,15,-3,15,-3,17,-1,16,0,15,0,15,0,15,0,13,0,12,0,15,1,12,1,13,3,10,1,11,3,11,4,9,3,8,3,7,2,7,4,8,5,5,5,5,5,5,4,4,5,0,0,0,0,0,0,0,0,0,0]"""
1782212771171,2026-06-23T20:06:11.171,danger,fall,lmh,bed_stand_to_lie_fall,t018,"CSI_DATA,813396,1a:00:00:00:00:00,-52,11,-97,14,34,11,222998279,47,2,256,0,""[0,0,0,0,0,0,0,0,0,0,0,0,19,8,19,10,20,11,20,14,20,15,20,17,18,20,18,21,18,22,18,22,18,25,16,25,17,26,16,27,13,30,11,31,14,31,11,32,10,31,10,34,10,34,8,34,8,33,8,33,8,35,8,32,4,32,5,35,6,32,7,32,5,31,7,35,6,32,7,31,8,32,7,31,8,30,10,30,10,31,11,31,10,31,11,31,12,32,13,31,10,32,13,31,12,31,13,30,13,31,15,32,15,32,14,31,12,35,12,34,15,35,14,36,14,34,0,0,0,0,0,0,34,-12,34,-10,31,-13,31,-9,29,-10,30,-8,28,-10,30,-8,26,-9,26,-8,26,-9,24,-8,25,-9,22,-10,22,-9,21,-10,22,-11,20,-10,19,-9,19,-9,17,-11,19,-10,16,-10,15,-10,16,-10,16,-10,15,-10,13,-13,15,-11,13,-10,13,-10,15,-9,14,-10,13,-10,10,-10,14,-10,11,-10,11,-10,12,-9,12,-9,10,-7,11,-8,10,-7,10,-7,10,-7,9,-5,10,-5,10,-6,9,-4,8,-4,7,-3,7,-3,7,-4,7,-3,8,-2,6,0,6,-1,0,0,0,0,0,0,0,0,0,0]"""
1782212771184,2026-06-23T20:06:11.184,danger,fall,lmh,bed_stand_to_lie_fall,t018,"CSI_DATA,813397,1a:00:00:00:00:00,-52,11,-97,19,33,11,223009713,47,2,256,0,""[0,0,0,0,0,0,0,0,0,0,0,0,-16,-14,-14,-17,-13,-18,-13,-22,-12,-22,-9,-24,-8,-25,-5,-26,-6,-29,-4,-29,-3,-31,-1,-30,0,-32,1,-33,5,-32,5,-33,5,-34,8,-33,10,-34,14,-31,16,-31,14,-31,17,-31,15,-31,18,-31,16,-29,19,-26,21,-28,21,-26,19,-27,21,-23,22,-27,21,-26,21,-24,21,-25,20,-26,20,-24,19,-26,21,-25,19,-26,21,-25,18,-24,21,-25,20,-27,22,-26,21,-25,22,-26,22,-25,22,-24,25,-25,24,-26,24,-26,27,-25,26,-23,26,-26,27,-26,26,-23,0,0,0,0,0,0,-18,-30,-17,-29,-18,-30,-17,-28,-17,-26,-14,-27,-13,-26,-13,-28,-12,-25,-10,-26,-10,-25,-9,-22,-11,-23,-9,-23,-8,-22,-11,-21,-10,-22,-9,-20,-8,-18,-9,-19,-10,-18,-8,-19,-8,-18,-8,-17,-7,-17,-6,-17,-6,-16,-9,-16,-6,-17,-8,-15,-7,-16,-7,-16,-6,-15,-6,-13,-6,-14,-4,-14,-4,-15,-4,-13,-4,-14,-3,-13,-2,-13,-3,-13,-2,-13,-2,-11,-1,-12,0,-11,0,-11,0,-10,2,-9,1,-9,0,-8,1,-8,1,-7,0,-7,4,-6,2,-7,4,-6,0,0,0,0,0,0,0,0,0,0]"""
1782212771193,2026-06-23T20:06:11.193,danger,fall,lmh,bed_stand_to_lie_fall,t018,"CSI_DATA,813398,1a:00:00:00:00:00,-52,11,-97,14,34,11,223020279,47,2,256,0,""[0,0,0,0,0,0,0,0,0,0,0,0,19,10,16,12,17,16,16,17,16,21,13,21,12,22,12,25,10,28,10,27,9,30,6,30,6,32,4,32,0,32,0,35,0,34,-5,36,-5,32,-9,32,-12,34,-10,33,-11,33,-10,32,-13,33,-13,31,-16,30,-15,29,-19,29,-16,29,-17,27,-17,27,-18,27,-18,26,-17,27,-18,27,-18,25,-17,27,-19,26,-16,26,-18,25,-17,26,-20,26,-19,28,-20,24,-18,26,-21,26,-19,25,-21,26,-23,27,-22,25,-25,26,-26,25,-27,23,-26,23,-26,25,-27,22,0,0,0,0,0,0,17,30,17,30,18,26,15,28,15,29,10,27,13,26,13,26,10,28,8,26,10,24,7,24,10,24,9,23,7,22,8,21,9,22,9,21,5,20,7,21,8,18,6,20,6,17,5,18,5,19,5,18,6,17,6,17,6,17,6,16,5,17,5,15,4,17,5,15,3,15,1,15,4,15,1,14,1,15,0,15,1,13,0,14,0,13,0,12,0,10,0,11,-1,10,0,10,-1,10,-1,10,-2,8,-1,9,-2,8,-2,6,-4,6,-4,5,-4,5,0,0,0,0,0,0,0,0,0,0]"""
1782212771204,2026-06-23T20:06:11.204,danger,fall,lmh,bed_stand_to_lie_fall,t018,"CSI_DATA,813399,1a:00:00:00:00:00,-53,11,-97,15,34,11,223031279,47,2,256,0,""[0,0,0,0,0,0,0,0,0,0,0,0,15,16,13,16,12,18,10,22,9,22,7,25,5,26,4,26,4,29,1,30,0,31,-1,31,0,34,-4,31,-8,31,-8,32,-9,32,-14,32,-14,31,-14,30,-16,27,-17,30,-20,27,-19,27,-22,27,-21,26,-22,26,-23,26,-23,24,-22,26,-22,21,-24,25,-23,22,-22,21,-24,22,-22,22,-22,21,-22,22,-23,22,-22,23,-23,21,-22,23,-24,22,-24,23,-24,20,-22,21,-26,22,-24,22,-25,21,-27,21,-28,21,-26,22,-31,20,-28,18,-30,21,-29,20,-29,18,0,0,0,0,0,0,13,32,11,31,13,31,10,29,11,27,8,29,8,28,7,29,6,27,7,26,7,25,4,24,7,24,4,24,5,22,6,22,5,24,4,21,3,20,4,20,6,19,4,20,4,19,4,18,4,17,4,17,4,17,5,17,4,17,5,16,3,15,3,16,2,16,4,16,3,14,2,15,0,14,1,14,0,15,0,14,0,13,0,13,0,13,0,12,0,11,0,11,0,10,-2,10,-2,10,-3,8,-3,8,-2,7,-3,7,-2,6,-4,7,-4,5,-4,5,0,0,0,0,0,0,0,0,0,0]"""
1782212771218,2026-06-23T20:06:11.218,danger,fall,lmh,bed_stand_to_lie_fall,t018,"CSI_DATA,813400,1a:00:00:00:00:00,-53,11,-97,15,34,11,223043259,47,2,256,0,""[0,0,0,0,0,0,0,0,0,0,0,0,-5,-22,-2,-22,-2,-23,0,-24,1,-25,4,-25,4,-25,8,-26,7,-27,9,-27,10,-28,10,-28,13,-30,13,-30,17,-27,19,-29,17,-30,21,-28,20,-23,22,-26,22,-26,23,-26,24,-26,22,-25,24,-25,23,-24,25,-22,24,-23,25,-22,23,-22,23,-21,25,-22,22,-22,24,-21,22,-22,22,-22,21,-22,21,-24,22,-23,20,-24,20,-23,18,-25,20,-22,19,-27,19,-23,19,-26,20,-25,18,-26,19,-26,21,-28,19,-27,21,-26,22,-26,22,-26,22,-29,20,-29,21,-28,0,0,0,0,0,0,-26,-24,-24,-24,-25,-22,-22,-22,-24,-21,-21,-21,-22,-18,-20,-19,-19,-18,-19,-19,-18,-16,-18,-17,-19,-17,-18,-15,-17,-14,-17,-13,-17,-12,-17,-12,-17,-13,-17,-12,-17,-9,-16,-11,-15,-8,-14,-9,-15,-10,-16,-8,-14,-8,-15,-6,-16,-8,-16,-6,-15,-7,-14,-5,-13,-7,-13,-6,-13,-5,-13,-7,-13,-6,-13,-6,-12,-7,-11,-7,-12,-6,-10,-6,-10,-7,-11,-5,-8,-6,-9,-6,-8,-6,-9,-4,-6,-6,-6,-5,-5,-4,-5,-5,-6,-5,-6,-4,-4,-5,-3,-5,-4,-5,0,0,0,0,0,0,0,0,0,0]"""
1782212771226,2026-06-23T20:06:11.226,danger,fall,lmh,bed_stand_to_lie_fall,t018,"CSI_DATA,813401,1a:00:00:00:00:00,-53,11,-97,15,34,11,223054299,47,2,256,0,""[0,0,0,0,0,0,0,0,0,0,0,0,13,-17,16,-15,17,-15,21,-13,21,-13,24,-10,25,-8,26,-7,28,-6,28,-4,30,-1,30,0,31,0,32,1,31,7,31,8,33,8,33,12,31,10,31,15,30,17,29,17,29,18,29,20,28,21,26,19,23,22,26,23,23,23,24,22,20,24,24,24,22,24,21,23,22,25,20,23,20,23,21,24,19,24,20,23,18,25,18,24,19,25,20,26,18,26,17,26,18,26,17,27,17,27,18,31,17,31,15,30,15,32,13,32,14,34,13,34,13,34,0,0,0,0,0,0,35,-6,32,-5,31,-6,31,-1,29,-3,29,0,28,-1,30,0,27,0,28,1,26,0,23,1,25,0,24,1,22,3,22,0,23,0,21,1,20,2,20,1,19,0,18,2,18,1,18,3,17,2,17,2,16,3,17,0,17,2,16,1,14,3,17,4,15,3,15,2,13,4,14,4,14,4,13,3,13,6,10,5,11,5,12,5,10,5,10,5,9,5,8,6,8,5,8,6,8,6,5,4,4,7,4,4,4,5,3,5,4,6,3,4,1,5,0,0,0,0,0,0,0,0,0,0]"""
1782212771241,2026-06-23T20:06:11.241,danger,fall,lmh,bed_stand_to_lie_fall,t018,"CSI_DATA,813402,1a:00:00:00:00:00,-53,11,-97,20,33,11,223067564,47,2,256,0,""[0,0,0,0,0,0,0,0,0,0,0,0,0,-21,2,-22,3,-22,6,-24,7,-23,8,-25,9,-24,11,-24,12,-27,12,-25,15,-26,14,-27,15,-28,18,-27,21,-26,19,-25,19,-27,23,-26,21,-25,25,-23,25,-23,23,-25,23,-24,23,-24,23,-25,21,-25,23,-23,24,-24,23,-23,23,-25,22,-22,20,-24,20,-24,19,-24,19,-25,19,-26,16,-25,16,-26,17,-26,15,-27,15,-27,11,-28,15,-28,12,-29,15,-27,11,-29,12,-30,11,-29,11,-30,11,-32,11,-32,11,-32,14,-33,14,-31,11,-34,10,-35,9,-33,0,0,0,0,0,0,-33,-11,-32,-11,-31,-7,-29,-10,-30,-8,-27,-9,-27,-7,-29,-7,-25,-6,-26,-7,-25,-5,-23,-5,-26,-3,-24,-3,-23,-3,-22,-1,-23,0,-22,0,-21,0,-20,0,-19,1,-19,1,-17,1,-18,2,-17,2,-17,3,-17,3,-15,5,-16,3,-15,4,-16,4,-15,4,-15,3,-13,5,-14,4,-13,5,-13,4,-11,3,-13,5,-12,3,-11,4,-11,4,-11,4,-10,3,-10,4,-10,3,-9,3,-8,3,-8,2,-8,3,-7,2,-7,0,-7,2,-7,0,-6,1,-6,1,-4,0,0,0,0,0,0,0,0,0,0,0]"""
1782212771252,2026-06-23T20:06:11.252,danger,fall,lmh,bed_stand_to_lie_fall,t018,"CSI_DATA,813403,1a:00:00:00:00:00,-53,11,-97,15,34,11,223075515,47,2,256,0,""[0,0,0,0,0,0,0,0,0,0,0,0,-3,21,-5,21,-8,20,-10,21,-13,21,-15,20,-17,18,-18,18,-22,19,-22,17,-24,17,-25,14,-28,13,-30,13,-31,8,-31,5,-32,6,-33,3,-32,1,-35,-3,-36,-4,-33,-4,-32,-5,-34,-6,-33,-9,-31,-8,-31,-12,-31,-13,-28,-14,-29,-13,-27,-14,-29,-16,-28,-15,-26,-16,-26,-17,-26,-17,-24,-16,-26,-15,-26,-17,-27,-17,-25,-17,-25,-17,-25,-21,-25,-19,-22,-21,-24,-21,-22,-22,-22,-21,-22,-22,-23,-24,-22,-25,-22,-24,-20,-30,-17,-29,-21,-29,-20,-31,-17,-29,0,0,0,0,0,0,-33,9,-32,10,-30,11,-30,5,-29,8,-28,5,-29,5,-30,4,-26,2,-26,0,-25,1,-23,0,-24,0,-23,1,-22,0,-21,0,-22,0,-22,0,-19,0,-19,-1,-20,0,-18,-2,-17,-1,-17,-2,-18,-2,-17,-4,-17,-4,-17,-1,-17,-2,-17,-1,-15,-2,-16,-4,-15,-4,-15,-4,-13,-4,-15,-6,-13,-5,-13,-5,-12,-5,-10,-5,-10,-6,-10,-6,-9,-7,-10,-6,-8,-7,-7,-6,-5,-7,-7,-7,-4,-6,-4,-5,-4,-6,-4,-5,-3,-7,-2,-6,-3,-8,-2,-5,0,-6,0,0,0,0,0,0,0,0,0,0]"""
1782212771264,2026-06-23T20:06:11.264,danger,fall,lmh,bed_stand_to_lie_fall,t018,"CSI_DATA,813404,1a:00:00:00:00:00,-53,11,-97,16,34,11,223086624,47,2,256,0,""[0,0,0,0,0,0,0,0,0,0,0,0,0,-19,1,-19,0,-22,3,-23,5,-23,7,-23,7,-23,11,-25,11,-26,11,-24,15,-25,14,-24,15,-27,17,-27,20,-23,21,-24,21,-24,25,-24,22,-22,25,-21,27,-20,26,-21,26,-21,27,-20,27,-19,25,-20,28,-18,27,-19,27,-18,26,-19,25,-16,25,-19,26,-19,25,-17,25,-19,23,-19,24,-19,23,-19,23,-19,23,-20,23,-19,23,-22,23,-21,22,-23,22,-21,21,-23,22,-23,20,-23,23,-23,23,-24,23,-23,23,-23,25,-23,25,-23,25,-25,24,-25,24,-24,0,0,0,0,0,0,-19,-26,-21,-26,-20,-22,-19,-24,-19,-24,-17,-22,-17,-21,-17,-22,-17,-20,-15,-20,-15,-19,-14,-19,-15,-18,-15,-17,-14,-17,-15,-14,-15,-15,-15,-14,-14,-15,-15,-13,-16,-11,-14,-12,-13,-10,-12,-9,-13,-11,-14,-10,-13,-11,-13,-8,-14,-10,-13,-7,-13,-9,-13,-8,-12,-9,-11,-7,-12,-7,-11,-7,-11,-8,-11,-7,-10,-7,-10,-7,-9,-7,-10,-7,-8,-6,-9,-6,-7,-7,-7,-7,-7,-7,-7,-4,-5,-6,-5,-5,-5,-6,-4,-4,-4,-5,-3,-5,-4,-3,-3,-4,-3,-4,0,0,0,0,0,0,0,0,0,0]"""
1782212771280,2026-06-23T20:06:11.280,danger,fall,lmh,bed_stand_to_lie_fall,t018,"CSI_DATA,813405,1a:00:00:00:00:00,-53,11,-97,17,34,11,223106295,47,2,256,0,""[0,0,0,0,0,0,0,0,0,0,0,0,10,17,8,18,6,21,6,22,2,23,0,23,-1,23,-3,26,-5,27,-6,27,-9,27,-10,27,-11,27,-15,27,-18,23,-20,24,-19,25,-23,23,-21,20,-27,20,-28,20,-28,17,-29,17,-28,16,-32,14,-28,13,-30,10,-30,10,-32,8,-30,9,-29,6,-31,6,-31,6,-29,4,-30,5,-30,5,-29,3,-30,4,-30,3,-30,4,-30,1,-29,3,-30,1,-32,2,-30,0,-30,0,-31,0,-30,0,-32,0,-33,-3,-32,-3,-33,-4,-33,-6,-32,-8,-33,-7,-33,-10,-32,-9,0,0,0,0,0,0,-17,30,-18,30,-14,27,-15,24,-17,24,-16,20,-16,24,-19,21,-17,21,-16,18,-16,17,-16,16,-16,17,-17,17,-16,14,-15,16,-15,14,-16,15,-15,12,-15,13,-13,12,-16,11,-13,10,-14,10,-14,9,-14,10,-13,10,-14,10,-14,10,-13,9,-13,7,-13,8,-14,6,-13,6,-13,5,-13,5,-13,4,-13,4,-12,3,-11,3,-12,3,-12,2,-11,0,-10,0,-11,0,-10,1,-9,0,-10,0,-8,0,-8,-1,-7,-1,-6,-1,-6,-3,-6,-3,-6,-3,-5,-3,-4,-3,0,0,0,0,0,0,0,0,0,0]"""
1782212771289,2026-06-23T20:06:11.289,danger,fall,lmh,bed_stand_to_lie_fall,t018,"CSI_DATA,813406,1a:00:00:00:00:00,-53,11,-97,16,34,11,223109376,47,2,256,0,""[0,0,0,0,0,0,0,0,0,0,0,0,7,19,7,19,7,19,6,22,3,23,3,23,2,25,2,25,2,28,1,27,0,28,0,28,0,30,-1,30,-4,30,-4,30,-3,33,-6,32,-6,30,-4,30,-4,30,-6,32,-7,30,-6,32,-7,34,-3,30,-7,30,-7,33,-7,31,-3,31,-5,28,-3,32,-3,30,-2,30,-1,32,-2,30,0,28,0,30,2,30,4,30,3,31,4,29,3,30,7,30,6,30,7,29,7,30,8,29,9,30,11,31,11,31,11,32,11,34,9,30,12,33,12,33,11,30,0,0,0,0,0,0,32,-11,30,-11,27,-15,27,-11,27,-13,26,-11,25,-14,27,-11,22,-11,23,-11,21,-11,21,-12,20,-13,19,-12,19,-12,15,-13,17,-15,15,-14,15,-13,14,-13,12,-15,13,-13,11,-14,11,-15,11,-14,11,-15,9,-12,8,-14,9,-15,7,-13,7,-13,7,-14,7,-13,6,-13,6,-11,7,-12,4,-12,5,-13,4,-13,5,-10,3,-10,4,-10,4,-12,3,-11,3,-10,3,-8,3,-8,3,-9,3,-7,2,-7,3,-6,3,-5,3,-5,3,-5,2,-5,3,-4,3,-5,0,0,0,0,0,0,0,0,0,0]"""
1782212771299,2026-06-23T20:06:11.299,danger,fall,lmh,bed_stand_to_lie_fall,t018,"CSI_DATA,813407,1a:00:00:00:00:00,-53,11,-97,21,33,11,223119284,47,2,256,0,""[0,0,0,0,0,0,0,0,0,0,0,0,-10,-16,-8,-18,-7,-19,-9,-23,-6,-23,-4,-23,-3,-25,-1,-25,-3,-27,0,-27,0,-29,0,-30,2,-31,3,-30,7,-31,6,-30,5,-33,10,-32,9,-31,11,-31,12,-31,11,-31,13,-30,11,-30,15,-30,12,-29,14,-29,15,-30,13,-28,13,-30,13,-27,14,-30,13,-28,12,-27,11,-29,11,-29,11,-26,9,-29,10,-29,7,-29,10,-30,4,-30,7,-30,6,-31,9,-30,6,-29,7,-30,6,-30,6,-31,6,-33,5,-33,5,-33,9,-34,8,-30,4,-34,7,-34,6,-33,0,0,0,0,0,0,-33,-9,-32,-10,-30,-6,-29,-10,-28,-6,-29,-9,-26,-4,-29,-6,-24,-6,-26,-6,-24,-6,-23,-7,-24,-6,-22,-4,-23,-4,-21,-3,-21,-3,-20,-2,-20,-3,-19,-3,-20,0,-20,-2,-17,0,-17,-1,-16,0,-17,0,-17,0,-15,0,-17,0,-16,0,-16,1,-17,1,-15,1,-15,2,-13,0,-15,1,-14,0,-13,0,-13,1,-13,0,-11,0,-13,0,-11,0,-10,0,-10,0,-10,0,-9,-1,-10,0,-8,0,-6,-1,-7,0,-6,-2,-6,0,-7,-2,-5,-1,-6,-2,-5,-3,0,0,0,0,0,0,0,0,0,0]"""
1782212771310,2026-06-23T20:06:11.310,danger,fall,lmh,bed_stand_to_lie_fall,t018,"CSI_DATA,813408,1a:00:00:00:00:00,-53,11,-97,20,33,11,223130278,47,2,256,0,""[0,0,0,0,0,0,0,0,0,0,0,0,-12,-15,-11,-19,-11,-18,-9,-22,-7,-22,-7,-23,-5,-25,-3,-25,-2,-27,0,-27,1,-30,3,-27,3,-30,4,-30,9,-29,11,-29,11,-30,15,-30,15,-27,19,-27,21,-26,20,-26,21,-27,22,-26,23,-24,21,-24,24,-20,25,-19,25,-19,25,-19,23,-17,27,-20,27,-18,25,-16,25,-19,25,-16,25,-16,26,-17,27,-16,25,-17,27,-15,26,-16,27,-15,27,-17,27,-15,27,-15,28,-14,27,-15,27,-12,30,-15,30,-15,30,-14,32,-11,32,-10,34,-12,32,-11,34,-7,0,0,0,0,0,0,-3,-34,-3,-32,-4,-33,-1,-30,-1,-30,0,-30,0,-28,1,-29,0,-28,2,-28,2,-24,3,-24,0,-25,3,-23,2,-23,0,-23,0,-23,1,-21,3,-20,2,-20,0,-20,3,-19,2,-18,4,-18,3,-17,3,-17,3,-16,1,-17,3,-17,2,-17,3,-15,3,-15,4,-15,4,-15,4,-13,7,-15,5,-15,6,-13,5,-13,6,-12,4,-11,5,-12,5,-10,6,-9,7,-9,5,-7,7,-7,5,-6,7,-5,6,-5,6,-4,5,-4,6,-4,6,-3,4,-3,4,-2,4,-3,0,0,0,0,0,0,0,0,0,0]"""
1782212771319,2026-06-23T20:06:11.319,danger,fall,lmh,bed_stand_to_lie_fall,t018,"CSI_DATA,813409,1a:00:00:00:00:00,-53,11,-97,18,33,11,223141364,47,2,256,0,""[0,0,0,0,0,0,0,0,0,0,0,0,-19,7,-20,5,-20,4,-23,3,-22,2,-23,0,-24,0,-24,-1,-27,-2,-26,-4,-28,-5,-27,-5,-31,-5,-31,-5,-31,-10,-28,-9,-31,-7,-31,-10,-30,-12,-28,-13,-27,-15,-31,-15,-28,-15,-30,-15,-31,-15,-28,-12,-27,-15,-30,-15,-28,-15,-29,-12,-27,-13,-30,-14,-29,-14,-28,-12,-29,-12,-28,-11,-27,-10,-30,-8,-30,-10,-30,-5,-30,-8,-30,-5,-31,-6,-32,-4,-31,-5,-31,-5,-32,-5,-31,-4,-31,-4,-35,-4,-33,-1,-33,-2,-35,-5,-34,-5,-36,-1,-37,-2,-36,-1,0,0,0,0,0,0,-4,33,-5,33,-1,32,-4,31,-2,31,-4,28,0,29,-2,30,-1,27,0,26,-2,25,0,25,1,25,0,23,0,23,1,23,2,23,2,21,2,21,3,21,5,19,5,20,5,19,4,19,3,17,4,17,5,17,6,17,5,16,6,15,5,15,6,16,5,15,7,15,5,14,5,15,5,15,4,13,5,14,5,12,5,12,4,11,3,13,5,11,4,10,4,10,3,10,4,10,3,9,2,8,2,8,2,8,2,7,0,7,1,7,0,6,0,5,0,0,0,0,0,0,0,0,0,0]"""
1782212771329,2026-06-23T20:06:11.329,danger,fall,lmh,bed_stand_to_lie_fall,t018,"CSI_DATA,813410,1a:00:00:00:00:00,-52,11,-97,19,33,11,223152278,47,2,256,0,""[0,0,0,0,0,0,0,0,0,0,0,0,4,-19,7,-19,9,-20,12,-19,13,-20,15,-18,17,-18,18,-17,21,-17,22,-16,25,-16,25,-16,26,-17,28,-13,29,-8,31,-8,31,-8,33,-7,31,-4,32,-4,31,-2,34,-1,33,0,34,0,35,1,32,0,33,4,34,4,34,6,32,5,31,6,31,6,31,7,31,7,31,6,31,6,30,6,31,5,31,6,32,5,31,6,31,6,31,7,33,6,29,8,31,7,31,8,30,7,32,8,35,8,34,9,32,9,32,13,33,13,35,12,32,12,31,13,0,0,0,0,0,0,20,-29,21,-28,16,-28,19,-26,17,-27,18,-23,18,-24,18,-23,19,-23,17,-20,17,-20,17,-17,17,-19,17,-18,16,-17,14,-18,14,-18,14,-17,15,-15,14,-16,13,-17,13,-15,12,-14,12,-14,13,-13,13,-13,12,-12,11,-14,12,-13,10,-13,13,-13,11,-12,13,-11,12,-11,11,-10,12,-10,13,-9,12,-9,12,-8,11,-8,11,-8,11,-7,13,-6,10,-6,11,-5,10,-5,8,-3,11,-2,8,-2,8,-2,8,-2,8,-2,8,-1,8,0,7,0,6,0,6,0,0,0,0,0,0,0,0,0,0,0]"""
1782212771338,2026-06-23T20:06:11.338,danger,fall,lmh,bed_stand_to_lie_fall,t018,"CSI_DATA,813411,1a:00:00:00:00:00,-52,11,-97,15,34,11,223163316,47,2,256,0,""[0,0,0,0,0,0,0,0,0,0,0,0,-20,6,-20,5,-22,4,-22,4,-23,2,-23,0,-24,0,-27,-1,-28,0,-27,-2,-29,-3,-28,-4,-31,-4,-31,-6,-30,-8,-32,-8,-31,-7,-33,-11,-30,-9,-31,-12,-31,-14,-32,-11,-32,-13,-31,-13,-33,-13,-31,-11,-31,-13,-31,-13,-31,-12,-31,-10,-29,-11,-31,-10,-31,-8,-30,-9,-31,-7,-32,-6,-30,-7,-31,-4,-31,-4,-33,-1,-32,-4,-32,0,-32,-1,-34,0,-31,0,-32,1,-33,0,-31,4,-34,2,-36,1,-35,3,-35,4,-39,2,-37,4,-37,6,-35,6,-36,6,0,0,0,0,0,0,4,35,4,37,5,32,6,33,8,33,4,31,5,31,4,30,4,29,4,27,6,25,5,25,9,26,7,26,8,23,8,22,10,23,10,22,8,21,10,20,12,17,10,19,9,16,11,17,11,17,11,17,12,16,12,13,11,14,13,13,12,12,12,13,12,13,12,11,11,11,11,13,10,10,11,11,11,11,10,10,10,10,9,9,10,8,9,9,8,8,8,8,8,8,7,7,6,8,6,6,7,7,6,6,6,7,4,7,3,6,3,5,2,6,0,0,0,0,0,0,0,0,0,0]"""
1782212771348,2026-06-23T20:06:11.348,danger,fall,lmh,bed_stand_to_lie_fall,t018,"CSI_DATA,813412,1a:00:00:00:00:00,-52,11,-97,18,33,11,223174278,47,2,256,0,""[0,0,0,0,0,0,0,0,0,0,0,0,19,-8,20,-5,21,-5,22,-3,24,-1,23,0,25,0,26,3,28,3,28,6,29,8,27,9,31,10,31,11,27,15,28,18,29,15,28,21,25,20,27,19,24,21,25,23,23,25,24,24,22,27,21,24,20,26,20,26,20,28,21,27,19,26,20,27,19,27,19,26,20,26,19,26,18,26,21,25,19,26,21,27,20,26,21,26,18,26,22,27,18,25,21,26,19,28,20,26,21,28,21,30,21,29,21,29,20,31,19,32,21,31,21,31,20,33,0,0,0,0,0,0,34,-15,34,-14,31,-15,31,-10,32,-12,30,-11,30,-10,29,-10,30,-9,27,-7,26,-8,24,-7,25,-7,26,-8,26,-7,22,-8,24,-9,21,-9,21,-6,21,-8,21,-9,21,-5,18,-7,20,-7,19,-6,19,-6,17,-6,19,-8,18,-7,16,-8,16,-6,17,-5,18,-5,16,-5,16,-5,16,-4,15,-5,17,-5,15,-3,15,-2,14,-3,13,-1,14,-1,13,-1,13,0,12,-1,10,0,11,0,10,0,10,0,10,0,9,1,7,1,8,1,8,2,7,1,6,2,0,0,0,0,0,0,0,0,0,0]"""
1782212771360,2026-06-23T20:06:11.360,danger,fall,lmh,bed_stand_to_lie_fall,t018,"CSI_DATA,813413,1a:00:00:00:00:00,-52,11,-97,16,33,11,223187921,47,2,256,0,""[0,0,0,0,0,0,0,0,0,0,0,0,13,16,11,16,10,20,8,22,9,23,6,23,6,25,4,25,5,28,2,30,3,30,1,31,1,32,0,32,-3,32,-3,33,-1,34,-6,34,-4,32,-8,33,-10,34,-8,33,-8,35,-8,34,-9,35,-8,34,-12,31,-10,33,-11,32,-9,32,-9,32,-10,33,-9,33,-9,32,-8,34,-8,32,-8,31,-5,32,-6,32,-2,33,-5,32,-2,33,-3,32,0,36,-4,32,-1,34,-3,35,0,33,0,34,0,38,0,37,-2,38,-1,38,-3,39,0,40,0,40,0,39,0,0,0,0,0,0,36,4,37,3,35,0,35,2,35,3,32,4,33,1,32,2,32,2,29,3,29,1,28,2,27,0,28,0,26,0,24,-1,26,-2,25,-2,24,0,24,-1,23,-3,24,-3,20,-3,21,-3,20,-4,21,-2,20,-4,18,-6,19,-6,19,-6,18,-4,18,-5,17,-6,16,-6,16,-4,17,-5,16,-5,16,-4,16,-4,16,-3,14,-4,15,-3,16,-4,13,-3,11,-1,13,-1,12,-1,12,-3,10,0,10,0,9,0,9,0,10,0,8,0,8,0,7,0,8,1,0,0,0,0,0,0,0,0,0,0]"""
1782212771372,2026-06-23T20:06:11.372,danger,fall,lmh,bed_stand_to_lie_fall,t018,"CSI_DATA,813414,1a:00:00:00:00:00,-51,11,-97,16,33,11,223196597,47,2,256,0,""[0,0,0,0,0,0,0,0,0,0,0,0,-18,8,-21,6,-23,5,-24,2,-24,0,-24,0,-25,-3,-27,-5,-27,-6,-27,-8,-29,-11,-27,-13,-29,-15,-28,-16,-24,-20,-25,-24,-25,-23,-24,-26,-22,-24,-20,-29,-20,-32,-16,-31,-17,-32,-16,-31,-14,-33,-14,-32,-9,-33,-9,-33,-8,-34,-8,-33,-6,-33,-7,-34,-6,-32,-5,-33,-5,-34,-4,-33,-4,-32,-3,-33,-3,-34,-3,-34,-2,-33,-2,-34,0,-35,-2,-35,0,-33,0,-35,1,-34,-1,-35,1,-36,1,-39,3,-36,5,-36,8,-39,10,-39,8,-41,8,-38,9,-38,0,0,0,0,0,0,-33,-17,-33,-17,-32,-16,-31,-19,-30,-18,-25,-19,-27,-18,-27,-20,-25,-19,-23,-20,-23,-19,-21,-18,-21,-17,-21,-18,-18,-18,-18,-16,-20,-18,-18,-17,-16,-17,-17,-19,-18,-16,-15,-18,-15,-13,-15,-15,-13,-16,-13,-17,-12,-16,-15,-15,-13,-16,-14,-14,-11,-16,-11,-16,-9,-16,-9,-16,-8,-16,-9,-16,-8,-15,-7,-15,-6,-16,-4,-16,-5,-14,-3,-14,-3,-14,-4,-14,-2,-13,-1,-14,0,-11,0,-12,0,-11,0,-10,2,-9,1,-8,1,-8,2,-8,1,-7,3,-7,5,-7,0,0,0,0,0,0,0,0,0,0]"""
1782212771383,2026-06-23T20:06:11.383,danger,fall,lmh,bed_stand_to_lie_fall,t018,"CSI_DATA,813415,1a:00:00:00:00:00,-51,11,-97,18,32,11,223207719,47,2,256,0,""[0,0,0,0,0,0,0,0,0,0,0,0,-18,9,-18,7,-24,9,-24,4,-27,2,-24,0,-27,0,-29,-2,-32,-4,-31,-7,-32,-10,-31,-10,-32,-12,-32,-16,-29,-17,-29,-21,-30,-18,-29,-25,-25,-23,-22,-23,-19,-29,-24,-27,-21,-33,-21,-30,-20,-33,-21,-30,-16,-33,-16,-33,-16,-34,-15,-32,-13,-33,-14,-33,-13,-33,-13,-33,-12,-33,-12,-34,-12,-34,-11,-31,-12,-33,-11,-35,-11,-34,-12,-34,-9,-35,-12,-37,-7,-34,-11,-36,-7,-35,-10,-36,-10,-37,-7,-41,-7,-38,-6,-39,-3,-41,-2,-42,-2,-42,-1,-40,0,-42,0,0,0,0,0,0,-41,-6,-41,-4,-36,-3,-36,-8,-37,-8,-32,-9,-35,-8,-33,-12,-33,-10,-29,-11,-28,-10,-28,-11,-29,-10,-29,-10,-25,-10,-26,-10,-27,-9,-25,-9,-21,-12,-23,-10,-22,-7,-23,-11,-21,-8,-20,-9,-21,-9,-18,-10,-19,-9,-21,-7,-20,-8,-18,-8,-18,-11,-17,-11,-16,-12,-16,-9,-16,-11,-17,-11,-14,-10,-14,-12,-15,-12,-13,-12,-12,-11,-10,-12,-11,-12,-10,-11,-10,-11,-7,-12,-5,-12,-7,-11,-3,-10,-4,-9,-4,-12,-4,-9,-4,-10,0,-9,-4,-10,0,-6,1,-9,0,0,0,0,0,0,0,0,0,0]"""
1782212771393,2026-06-23T20:06:11.393,danger,fall,lmh,bed_stand_to_lie_fall,t018,"CSI_DATA,813416,1a:00:00:00:00:00,-51,11,-97,20,32,11,223218474,47,2,256,0,""[0,0,0,0,0,0,0,0,0,0,0,0,-16,-14,-16,-16,-16,-18,-15,-21,-13,-23,-10,-25,-11,-26,-8,-27,-8,-30,-6,-30,-4,-32,-3,-32,-1,-35,1,-35,6,-37,5,-35,8,-38,9,-37,11,-35,17,-37,17,-39,17,-32,17,-33,20,-35,22,-34,21,-32,23,-27,24,-31,24,-29,25,-29,23,-26,29,-28,28,-27,27,-24,26,-26,25,-25,27,-24,27,-27,27,-23,26,-27,28,-24,26,-24,30,-24,29,-25,30,-23,30,-23,31,-24,30,-24,33,-23,34,-23,35,-21,36,-23,40,-20,37,-19,40,-21,39,-19,39,-18,0,0,0,0,0,0,-10,-43,-10,-42,-10,-40,-6,-39,-7,-38,-5,-39,-5,-34,-4,-38,-1,-34,-1,-33,-1,-33,0,-31,0,-30,1,-31,1,-30,0,-28,0,-29,0,-26,2,-26,0,-25,0,-26,2,-24,0,-23,0,-23,2,-23,2,-23,1,-24,0,-22,2,-24,0,-20,1,-21,3,-23,3,-20,3,-21,2,-18,7,-21,3,-18,5,-16,7,-18,5,-17,8,-16,6,-15,8,-13,6,-14,8,-14,6,-12,8,-11,7,-11,9,-8,8,-8,8,-6,8,-8,9,-7,6,-3,8,-7,6,-5,8,-3,0,0,0,0,0,0,0,0,0,0]"""
1782212771402,2026-06-23T20:06:11.402,danger,fall,lmh,bed_stand_to_lie_fall,t018,"CSI_DATA,813417,1a:00:00:00:00:00,-51,11,-97,19,32,11,223229277,47,2,256,0,""[0,0,0,0,0,0,0,0,0,0,0,0,11,22,5,22,5,23,3,25,4,25,0,27,0,29,-2,29,0,33,-3,33,-4,34,-5,34,-4,36,-7,36,-11,33,-12,34,-11,39,-15,34,-14,33,-14,36,-13,32,-17,35,-19,33,-17,34,-21,34,-16,35,-20,34,-20,35,-20,33,-18,34,-18,33,-20,34,-19,33,-17,32,-18,33,-18,33,-15,33,-14,36,-15,35,-11,34,-14,34,-11,36,-12,36,-10,40,-12,35,-11,37,-11,38,-11,38,-11,39,-10,42,-11,42,-11,43,-13,43,-14,42,-10,43,-9,41,-9,44,0,0,0,0,0,0,41,16,41,13,40,9,38,15,37,11,33,12,34,11,35,11,33,10,33,11,31,11,29,10,31,11,30,8,29,8,29,6,31,3,28,5,26,4,27,6,26,1,28,5,22,1,25,2,24,2,22,2,23,2,23,0,23,0,22,-2,21,0,23,0,21,0,21,-2,20,0,21,0,21,0,19,-1,18,0,17,1,17,0,18,0,17,0,15,0,15,1,15,0,14,0,13,0,12,2,11,1,11,3,11,2,10,1,9,2,10,0,8,1,8,4,0,0,0,0,0,0,0,0,0,0]"""
1782212771413,2026-06-23T20:06:11.413,danger,fall,lmh,bed_stand_to_lie_fall,t018,"CSI_DATA,813418,1a:00:00:00:00:00,-51,11,-97,13,33,11,223240277,47,2,256,0,""[0,0,0,0,0,0,0,0,0,0,0,0,22,3,22,5,24,6,23,9,23,13,21,14,21,16,21,19,23,21,23,23,20,25,19,27,20,28,18,32,13,32,14,34,14,34,10,37,8,33,6,37,5,37,3,38,1,40,3,39,0,39,0,37,-3,38,-4,36,-5,38,-2,36,-5,37,-4,36,-4,35,-5,36,-6,37,-5,35,-6,35,-6,36,-7,36,-4,37,-7,35,-4,37,-8,36,-6,38,-7,35,-8,37,-10,37,-7,37,-9,38,-12,41,-11,38,-13,38,-15,38,-17,38,-17,40,-15,38,-17,39,0,0,0,0,0,0,34,25,34,26,31,22,30,25,31,24,27,23,28,22,26,24,25,24,22,23,22,22,20,22,23,22,23,22,19,22,20,19,21,19,19,19,17,19,18,20,18,17,17,20,17,15,15,17,15,17,15,17,15,18,16,17,14,17,15,16,13,17,12,16,12,17,12,15,11,16,11,15,10,16,9,16,10,15,8,16,7,16,6,16,6,16,6,14,4,14,4,14,1,13,2,13,0,12,0,11,0,10,0,9,0,10,0,10,0,10,-1,10,-2,8,0,0,0,0,0,0,0,0,0,0]"""
1782212771423,2026-06-23T20:06:11.423,danger,fall,lmh,bed_stand_to_lie_fall,t018,"CSI_DATA,813419,1a:00:00:00:00:00,-51,11,-97,12,33,11,223251277,47,2,256,0,""[0,0,0,0,0,0,0,0,0,0,0,0,23,4,22,8,23,8,24,11,23,12,23,16,22,16,20,19,24,21,22,23,21,26,20,27,22,29,19,31,15,34,15,34,17,34,11,36,10,37,7,36,4,35,6,39,3,38,4,39,2,40,2,38,-1,38,-2,40,-2,38,-1,38,-4,36,-2,40,-4,38,-4,36,-4,38,-5,37,-4,35,-2,37,-4,36,-2,38,-5,37,-2,38,-3,37,-4,39,-7,38,-6,37,-7,40,-6,37,-6,38,-8,41,-7,40,-9,42,-13,43,-13,42,-11,43,-11,41,-13,40,0,0,0,0,0,0,39,19,36,20,36,16,35,19,33,19,31,21,31,18,31,21,27,18,28,21,26,20,24,19,26,18,24,18,24,18,23,16,23,16,23,15,20,17,22,15,23,15,21,16,19,13,18,15,18,15,19,15,19,14,19,11,19,13,19,13,18,14,17,15,16,13,16,12,15,13,16,13,15,13,14,12,13,14,11,14,12,13,12,13,11,14,10,12,8,12,8,12,6,12,8,12,6,12,5,12,4,12,4,10,4,11,2,11,2,9,1,10,0,10,0,0,0,0,0,0,0,0,0,0]"""
1782212771436,2026-06-23T20:06:11.436,danger,fall,lmh,bed_stand_to_lie_fall,t018,"CSI_DATA,813420,1a:00:00:00:00:00,-51,11,-97,17,32,11,223262551,47,2,256,0,""[0,0,0,0,0,0,0,0,0,0,0,0,-3,-25,0,-23,0,-27,1,-28,3,-28,5,-26,5,-30,7,-29,8,-33,10,-34,9,-33,8,-32,10,-34,11,-36,15,-34,17,-36,15,-36,18,-35,17,-31,16,-36,14,-35,21,-37,20,-34,18,-35,21,-35,17,-35,19,-34,20,-35,20,-34,17,-34,18,-34,18,-35,15,-36,14,-35,13,-39,13,-37,11,-36,7,-37,8,-36,5,-41,6,-38,4,-38,4,-38,1,-41,4,-34,0,-38,2,-41,0,-37,0,-41,0,-43,-2,-41,-2,-42,-2,-45,-1,-41,-3,-46,-4,-44,-5,-43,0,0,0,0,0,0,-44,3,-44,5,-41,9,-39,6,-40,4,-37,3,-37,9,-37,7,-35,8,-34,6,-33,5,-31,7,-30,8,-30,10,-28,10,-25,12,-26,12,-26,12,-25,12,-23,13,-22,15,-22,13,-18,13,-20,13,-19,15,-19,14,-18,15,-16,19,-15,17,-12,17,-15,17,-14,16,-14,17,-13,16,-12,15,-11,14,-12,16,-11,15,-11,16,-12,13,-10,14,-8,14,-10,16,-8,14,-7,12,-8,12,-7,9,-7,13,-7,8,-5,9,-6,8,-5,9,-6,7,-6,11,-8,7,-6,5,-5,4,0,0,0,0,0,0,0,0,0,0]"""
1782212771450,2026-06-23T20:06:11.450,danger,fall,lmh,bed_stand_to_lie_fall,t018,"CSI_DATA,813421,1a:00:00:00:00:00,-51,11,-97,13,33,11,223276926,47,2,256,0,""[0,0,0,0,0,0,0,0,0,0,0,0,16,16,14,19,13,20,12,24,11,24,10,28,8,28,6,28,6,32,4,33,4,35,2,34,2,36,0,35,-4,37,-4,36,-3,40,-8,36,-9,37,-11,34,-15,34,-12,37,-15,35,-15,36,-17,36,-15,34,-18,34,-21,35,-19,33,-18,34,-18,32,-20,34,-20,33,-19,31,-20,32,-17,32,-17,31,-17,34,-18,33,-15,34,-19,33,-15,34,-18,35,-17,34,-19,34,-18,32,-19,34,-19,33,-20,34,-20,35,-20,34,-20,35,-25,36,-24,33,-23,35,-23,36,-23,34,0,0,0,0,0,0,31,28,29,29,31,27,28,27,28,25,25,28,25,25,25,26,22,24,21,27,21,24,19,22,21,22,19,22,19,22,20,20,20,19,19,18,17,20,17,17,19,16,18,18,17,15,16,16,15,18,16,16,16,15,18,13,16,14,17,13,15,13,15,16,13,14,16,12,14,12,14,14,12,14,12,13,12,13,10,14,10,12,11,13,10,13,9,11,8,11,8,11,6,12,6,9,5,11,4,10,4,9,4,10,2,10,3,9,1,9,1,9,0,9,0,0,0,0,0,0,0,0,0,0]"""
1782212771460,2026-06-23T20:06:11.460,danger,fall,lmh,bed_stand_to_lie_fall,t018,"CSI_DATA,813422,1a:00:00:00:00:00,-51,11,-97,18,32,11,223284277,47,2,256,0,""[0,0,0,0,0,0,0,0,0,0,0,0,8,23,7,22,5,25,4,27,0,30,-1,29,0,30,-5,30,-4,33,-6,33,-8,34,-9,34,-11,35,-13,34,-16,35,-19,34,-16,35,-22,33,-24,33,-20,31,-23,28,-27,33,-28,29,-26,30,-28,30,-27,30,-31,27,-30,28,-30,26,-28,27,-29,24,-28,27,-29,26,-29,24,-30,27,-28,26,-25,25,-27,26,-27,26,-27,27,-29,26,-24,28,-28,27,-28,30,-27,26,-27,28,-29,27,-28,29,-30,29,-33,29,-30,29,-29,31,-34,27,-34,28,-34,30,-33,28,-35,26,0,0,0,0,0,0,22,37,22,37,24,31,19,33,20,32,20,33,19,32,16,33,16,32,15,29,15,28,14,28,16,29,13,28,15,25,16,23,16,25,14,22,12,24,14,21,16,20,13,22,13,17,13,20,12,20,15,19,13,19,15,17,13,19,14,17,12,19,11,18,12,17,11,14,10,16,11,16,11,16,8,16,9,16,8,16,5,16,10,15,7,15,6,14,6,14,6,12,5,14,2,13,3,12,2,12,1,13,3,10,1,10,0,10,0,8,0,9,0,8,0,0,0,0,0,0,0,0,0,0]"""
1782212771471,2026-06-23T20:06:11.471,danger,fall,lmh,bed_stand_to_lie_fall,t018,"CSI_DATA,813423,1a:00:00:00:00:00,-51,11,-97,13,33,11,223295317,47,2,256,0,""[0,0,0,0,0,0,0,0,0,0,0,0,-21,-10,-20,-11,-22,-14,-21,-18,-20,-18,-19,-20,-18,-21,-17,-24,-20,-25,-18,-29,-17,-30,-16,-30,-18,-32,-14,-33,-10,-34,-11,-36,-12,-35,-9,-38,-7,-36,-5,-38,-3,-40,-6,-38,-3,-40,-3,-39,-1,-41,-2,-37,0,-37,0,-39,0,-38,0,-36,0,-35,0,-38,0,-36,0,-37,-1,-37,-2,-35,0,-35,-1,-36,-1,-36,-2,-37,-1,-36,-5,-36,-2,-37,-5,-38,-1,-37,-3,-37,-3,-37,-4,-37,-4,-38,-4,-41,-3,-40,-3,-39,0,-42,0,-43,-3,-42,-2,-41,-1,-41,0,0,0,0,0,0,-41,-2,-40,0,-37,0,-37,-2,-36,-1,-34,-4,-34,0,-35,-3,-33,-3,-31,-2,-30,-1,-29,-1,-30,0,-30,0,-28,-2,-26,-1,-28,0,-26,0,-24,-2,-26,0,-24,1,-24,0,-22,2,-23,0,-22,0,-22,1,-21,1,-21,2,-22,0,-20,2,-19,0,-20,1,-20,1,-18,2,-18,0,-18,1,-18,0,-17,2,-18,0,-16,0,-16,1,-15,0,-15,0,-15,0,-14,0,-14,0,-12,-1,-13,0,-11,-1,-11,-2,-9,-1,-9,-1,-9,-1,-9,-1,-7,-2,-7,-3,-6,-3,0,0,0,0,0,0,0,0,0,0]"""
1782212771482,2026-06-23T20:06:11.482,danger,fall,lmh,bed_stand_to_lie_fall,t018,"CSI_DATA,813424,1a:00:00:00:00:00,-51,11,-97,14,33,11,223306662,47,2,256,0,""[0,0,0,0,0,0,0,0,0,0,0,0,2,-24,6,-23,6,-25,8,-27,10,-25,13,-25,13,-25,16,-25,16,-28,18,-25,21,-27,20,-27,22,-28,25,-27,28,-25,27,-25,28,-27,31,-24,30,-21,31,-20,33,-18,32,-21,33,-20,33,-21,35,-21,32,-20,33,-16,35,-18,33,-17,33,-19,31,-17,33,-19,32,-18,30,-17,30,-21,31,-20,28,-18,28,-21,30,-22,29,-24,29,-22,26,-25,28,-24,28,-26,28,-23,27,-24,27,-25,26,-27,27,-26,28,-27,29,-26,28,-28,31,-29,31,-26,29,-30,30,-30,30,-30,0,0,0,0,0,0,-26,-32,-23,-29,-27,-28,-24,-28,-23,-27,-21,-27,-21,-24,-23,-26,-20,-23,-19,-24,-19,-22,-19,-21,-21,-20,-18,-18,-19,-20,-19,-17,-19,-16,-18,-17,-16,-16,-18,-15,-21,-13,-19,-15,-17,-12,-18,-12,-17,-13,-17,-12,-16,-12,-18,-11,-17,-11,-16,-9,-17,-10,-17,-9,-16,-9,-16,-7,-16,-9,-16,-9,-14,-8,-15,-8,-14,-7,-13,-8,-12,-7,-14,-8,-12,-7,-12,-6,-10,-7,-11,-6,-10,-7,-10,-5,-7,-5,-7,-5,-8,-6,-8,-5,-7,-5,-5,-6,-5,-5,-6,-5,-4,-6,0,0,0,0,0,0,0,0,0,0]"""
1782212771491,2026-06-23T20:06:11.491,danger,fall,lmh,bed_stand_to_lie_fall,t018,"CSI_DATA,813425,1a:00:00:00:00:00,-52,11,-97,15,33,11,223317277,47,2,256,0,""[0,0,0,0,0,0,0,0,0,0,0,0,-6,22,-9,22,-10,23,-13,24,-14,22,-17,23,-19,23,-22,22,-22,25,-23,22,-25,23,-25,22,-28,23,-29,22,-31,19,-33,18,-33,21,-34,17,-33,16,-37,14,-36,13,-36,13,-36,12,-36,12,-38,12,-35,13,-36,9,-38,9,-35,10,-35,11,-33,9,-37,11,-35,10,-34,10,-34,11,-33,12,-33,11,-33,14,-33,13,-33,14,-33,13,-31,16,-33,17,-33,16,-34,14,-33,16,-33,17,-33,17,-32,16,-35,17,-34,19,-33,18,-37,17,-38,15,-36,19,-37,18,-33,16,0,0,0,0,0,0,12,38,11,36,14,33,11,33,13,33,11,33,12,31,11,33,11,30,11,29,11,27,9,26,11,26,10,25,10,25,11,22,12,24,10,21,10,22,11,19,13,19,11,20,12,17,11,19,11,19,11,17,11,17,12,15,11,16,13,14,11,14,11,15,11,14,11,14,10,13,11,16,10,14,10,13,10,12,9,12,9,11,9,11,8,12,7,11,6,11,8,10,6,11,5,11,4,11,5,9,5,9,2,8,2,8,3,9,2,7,2,7,0,7,0,0,0,0,0,0,0,0,0,0]"""
1782212771500,2026-06-23T20:06:11.500,danger,fall,lmh,bed_stand_to_lie_fall,t018,"CSI_DATA,813426,1a:00:00:00:00:00,-52,11,-97,16,33,11,223328277,47,2,256,0,""[0,0,0,0,0,0,0,0,0,0,0,0,-13,20,-13,19,-17,19,-20,18,-22,18,-22,16,-23,16,-26,14,-27,16,-29,15,-30,15,-28,13,-32,16,-33,12,-34,9,-36,8,-36,11,-39,8,-35,5,-33,5,-36,2,-39,4,-37,2,-38,2,-40,0,-36,3,-36,0,-36,0,-37,0,-35,1,-34,0,-35,0,-36,1,-34,2,-36,2,-35,3,-33,2,-34,6,-35,6,-35,7,-34,5,-32,8,-34,7,-37,10,-32,6,-34,9,-36,8,-34,10,-34,9,-38,9,-37,10,-36,12,-39,9,-40,8,-39,11,-38,10,-38,9,0,0,0,0,0,0,7,38,6,38,9,34,8,34,7,34,6,32,7,32,7,31,7,30,5,28,5,28,4,26,6,26,7,26,7,24,8,24,9,24,7,22,7,21,8,21,10,20,8,22,8,17,8,17,8,18,8,17,9,17,10,16,8,16,10,15,8,15,10,15,8,15,10,13,8,13,8,15,8,15,7,13,8,13,8,13,7,12,8,11,6,12,6,11,5,11,5,9,4,11,4,10,3,10,4,9,2,8,2,8,3,8,1,8,2,7,2,7,0,7,0,0,0,0,0,0,0,0,0,0]"""
1782212771513,2026-06-23T20:06:11.513,danger,fall,lmh,bed_stand_to_lie_fall,t018,"CSI_DATA,813427,1a:00:00:00:00:00,-52,11,-97,16,33,11,223339596,47,2,256,0,""[0,0,0,0,0,0,0,0,0,0,0,0,-4,-22,-2,-23,0,-25,1,-26,4,-27,8,-24,7,-25,10,-26,11,-29,16,-28,17,-29,17,-27,19,-29,21,-27,25,-25,26,-25,26,-25,31,-23,28,-19,32,-17,33,-16,33,-18,34,-16,34,-15,36,-15,34,-15,35,-9,34,-10,35,-8,33,-10,33,-7,34,-8,35,-8,33,-8,34,-8,33,-8,32,-6,32,-8,33,-7,34,-9,32,-8,32,-8,32,-6,36,-9,32,-8,32,-8,34,-7,33,-8,36,-5,38,-5,36,-5,35,-6,39,-2,39,-1,40,-4,38,-1,40,0,0,0,0,0,0,0,6,-38,5,-36,2,-33,6,-32,5,-34,8,-30,7,-32,8,-31,7,-28,8,-26,6,-25,7,-24,8,-26,8,-25,8,-24,5,-23,7,-24,6,-23,8,-21,5,-20,3,-20,6,-21,4,-18,5,-19,6,-18,5,-18,4,-18,3,-17,5,-18,4,-17,5,-15,4,-16,7,-16,5,-16,6,-16,8,-14,7,-14,8,-13,6,-14,6,-13,5,-12,7,-12,8,-10,8,-9,7,-9,7,-9,6,-8,7,-9,6,-8,6,-6,5,-5,7,-5,6,-4,5,-4,6,-3,5,-2,5,-2,0,0,0,0,0,0,0,0,0,0]"""
1782212771523,2026-06-23T20:06:11.523,danger,fall,lmh,bed_stand_to_lie_fall,t018,"CSI_DATA,813428,1a:00:00:00:00:00,-52,11,-97,17,33,11,223350447,47,2,256,0,""[0,0,0,0,0,0,0,0,0,0,0,0,-21,6,-22,6,-24,5,-26,3,-27,2,-27,0,-27,0,-29,-1,-32,-2,-29,-3,-32,-6,-32,-4,-34,-5,-35,-6,-33,-11,-33,-11,-35,-8,-33,-12,-32,-12,-35,-14,-34,-14,-34,-14,-32,-15,-34,-14,-33,-17,-32,-13,-31,-16,-32,-17,-32,-15,-32,-12,-30,-14,-33,-13,-32,-12,-32,-13,-33,-12,-32,-11,-31,-9,-32,-7,-32,-7,-32,-6,-32,-7,-33,-3,-34,-5,-35,-3,-33,-5,-33,-3,-35,-4,-34,-1,-35,-2,-37,-2,-37,0,-36,0,-38,-1,-37,-3,-39,0,-38,0,-37,0,0,0,0,0,0,0,-2,37,-2,36,0,34,-1,32,0,33,0,32,0,30,-1,32,0,29,0,28,0,26,0,25,4,26,2,25,1,25,4,22,3,23,5,23,2,22,5,20,7,19,6,20,6,19,6,18,6,17,6,18,6,16,10,15,7,16,8,14,7,14,7,16,7,15,9,14,6,12,7,13,6,13,6,12,7,12,7,10,6,10,6,11,6,11,7,10,5,10,6,10,5,7,4,9,5,8,4,7,4,6,2,6,2,6,1,6,2,6,1,4,3,6,0,0,0,0,0,0,0,0,0,0]"""
1782212771535,2026-06-23T20:06:11.535,danger,fall,lmh,bed_stand_to_lie_fall,t018,"CSI_DATA,813429,1a:00:00:00:00:00,-53,11,-97,19,33,11,223362178,47,2,256,0,""[0,0,0,0,0,0,0,0,0,0,0,0,18,-14,20,-11,22,-10,24,-10,24,-8,27,-6,27,-4,27,-2,31,-3,31,-2,32,0,32,0,35,0,34,2,34,7,33,7,34,6,35,11,33,12,34,11,32,13,33,13,31,15,32,15,33,17,31,15,30,17,31,17,30,17,31,15,27,16,32,17,30,17,28,15,31,16,31,14,27,13,31,13,29,14,29,12,31,14,30,10,31,13,32,12,31,13,31,12,31,13,31,12,32,13,34,13,35,13,34,12,33,15,32,15,34,14,35,15,34,15,0,0,0,0,0,0,17,-33,17,-29,13,-31,17,-27,14,-27,16,-26,14,-27,16,-26,13,-24,16,-23,13,-22,13,-22,13,-22,13,-22,11,-20,8,-20,10,-22,9,-18,11,-18,8,-17,8,-19,8,-17,7,-17,7,-17,8,-17,8,-16,6,-17,5,-17,5,-17,3,-14,4,-14,6,-16,5,-14,4,-15,5,-13,6,-15,7,-14,5,-13,6,-13,6,-12,4,-11,4,-11,6,-11,5,-10,6,-8,4,-8,4,-7,5,-7,4,-6,4,-5,4,-6,4,-4,4,-4,4,-6,4,-4,4,-4,4,-3,0,0,0,0,0,0,0,0,0,0]"""
1782212771547,2026-06-23T20:06:11.547,danger,fall,lmh,bed_stand_to_lie_fall,t018,"CSI_DATA,813430,1a:00:00:00:00:00,-53,11,-97,18,33,11,223372325,47,2,256,0,""[0,0,0,0,0,0,0,0,0,0,0,0,-20,-10,-18,-11,-21,-14,-21,-15,-21,-18,-18,-17,-18,-19,-20,-21,-19,-22,-21,-23,-19,-25,-20,-24,-21,-26,-19,-29,-17,-29,-15,-31,-18,-30,-15,-31,-12,-30,-15,-30,-14,-31,-14,-33,-13,-31,-14,-31,-14,-35,-15,-31,-13,-31,-12,-32,-12,-31,-15,-31,-13,-30,-14,-30,-15,-30,-14,-28,-16,-27,-17,-28,-16,-25,-16,-26,-19,-26,-21,-25,-20,-26,-21,-25,-21,-25,-24,-24,-21,-21,-24,-22,-24,-22,-25,-21,-25,-23,-27,-23,-26,-22,-27,-22,-27,-23,-26,-22,-28,-24,-29,-21,-28,-21,0,0,0,0,0,0,-22,26,-23,26,-18,26,-20,26,-19,25,-17,22,-17,25,-17,23,-15,23,-15,21,-13,21,-13,21,-11,21,-11,22,-10,20,-7,20,-8,21,-8,20,-8,20,-7,19,-5,20,-6,19,-4,17,-5,17,-3,16,-4,19,-3,17,-2,17,-2,18,0,15,0,16,0,15,-1,15,0,14,0,14,0,14,0,14,0,13,0,13,0,11,0,10,0,10,0,11,0,10,0,10,0,10,0,8,0,8,0,7,0,7,0,7,0,6,-1,5,0,5,-1,5,0,5,0,5,0,0,0,0,0,0,0,0,0,0]"""
1782212771555,2026-06-23T20:06:11.555,danger,fall,lmh,bed_stand_to_lie_fall,t018,"CSI_DATA,813431,1a:00:00:00:00:00,-53,11,-97,16,34,11,223383276,47,2,256,0,""[0,0,0,0,0,0,0,0,0,0,0,0,12,18,11,20,8,21,8,24,7,23,5,27,3,26,1,27,0,29,0,28,-2,31,-3,30,-4,32,-6,32,-10,32,-11,30,-11,33,-15,30,-16,30,-15,28,-18,27,-19,30,-19,26,-19,27,-22,28,-19,26,-22,25,-24,27,-23,23,-22,25,-21,21,-23,24,-23,23,-22,22,-23,24,-22,23,-21,20,-20,23,-21,23,-19,25,-23,23,-19,23,-21,24,-22,24,-23,24,-21,23,-23,23,-22,23,-23,23,-24,23,-24,25,-26,24,-28,23,-26,22,-27,24,-26,23,-27,21,0,0,0,0,0,0,19,30,16,27,19,28,14,27,14,26,14,27,12,24,12,27,10,23,12,25,10,23,9,22,11,23,9,21,9,21,9,19,10,19,10,19,8,19,8,17,10,17,8,17,7,17,7,16,7,15,7,15,7,15,8,15,7,15,8,13,6,13,7,15,5,13,7,14,6,12,4,14,4,12,4,13,3,12,4,11,3,11,3,11,1,11,3,10,1,10,0,10,0,10,0,9,0,8,0,7,0,7,0,6,0,7,0,5,0,5,-1,5,-1,6,0,0,0,0,0,0,0,0,0,0]"""
1782212771569,2026-06-23T20:06:11.569,danger,fall,lmh,bed_stand_to_lie_fall,t018,"CSI_DATA,813432,1a:00:00:00:00:00,-53,11,-97,20,33,11,223394311,47,2,256,0,""[0,0,0,0,0,0,0,0,0,0,0,0,-16,-13,-14,-15,-15,-18,-14,-19,-12,-21,-11,-23,-10,-24,-10,-25,-9,-27,-8,-28,-6,-30,-5,-30,-5,-32,-2,-33,0,-31,2,-34,0,-34,3,-33,3,-30,3,-34,5,-33,8,-34,10,-33,10,-34,11,-32,9,-31,13,-30,13,-31,13,-30,12,-30,14,-27,13,-30,12,-30,11,-29,11,-30,12,-30,11,-27,11,-28,12,-29,10,-30,11,-29,10,-30,12,-29,11,-30,11,-29,9,-30,11,-30,10,-30,11,-30,12,-32,14,-30,12,-30,16,-31,15,-31,15,-32,14,-32,15,-30,0,0,0,0,0,0,-29,-19,-26,-19,-27,-16,-24,-18,-25,-18,-22,-18,-23,-18,-23,-17,-21,-17,-19,-15,-20,-16,-19,-15,-19,-15,-18,-14,-18,-14,-17,-14,-17,-12,-16,-11,-17,-11,-17,-12,-16,-11,-15,-12,-15,-8,-14,-10,-14,-9,-14,-9,-14,-9,-14,-7,-13,-8,-13,-7,-13,-9,-12,-10,-11,-10,-11,-8,-10,-8,-10,-8,-11,-8,-9,-7,-9,-7,-9,-8,-7,-8,-7,-9,-7,-8,-7,-7,-5,-7,-7,-7,-5,-7,-5,-6,-3,-7,-3,-6,-3,-6,-3,-5,-3,-4,-3,-5,0,-3,0,-4,0,-5,0,0,0,0,0,0,0,0,0,0]"""
1782212771578,2026-06-23T20:06:11.578,danger,fall,lmh,bed_stand_to_lie_fall,t018,"CSI_DATA,813433,1a:00:00:00:00:00,-53,11,-97,16,34,11,223405336,47,2,256,0,""[0,0,0,0,0,0,0,0,0,0,0,0,5,20,3,21,1,23,0,24,-3,24,-3,25,-3,25,-7,26,-8,27,-9,27,-12,27,-11,27,-12,29,-15,27,-19,25,-19,27,-19,27,-22,26,-22,24,-23,21,-27,19,-24,23,-26,22,-26,21,-27,22,-24,21,-26,19,-27,19,-27,18,-25,19,-26,17,-27,17,-26,17,-24,17,-27,18,-25,19,-24,17,-23,19,-23,19,-23,20,-24,19,-23,20,-23,19,-25,20,-23,19,-24,19,-26,19,-24,20,-26,19,-26,21,-25,21,-26,21,-27,20,-27,20,-27,20,-27,20,-27,19,0,0,0,0,0,0,15,30,13,30,15,27,11,27,15,27,11,27,11,26,12,26,11,24,9,23,10,22,9,22,11,21,9,20,9,21,10,19,11,19,8,18,8,18,9,18,11,16,10,18,8,15,7,15,8,15,7,15,8,15,9,13,8,14,9,12,8,12,7,13,7,13,7,11,6,11,6,12,6,12,5,10,5,11,5,11,4,11,3,10,3,10,3,9,2,9,3,7,1,9,1,8,2,7,1,7,0,7,0,7,0,5,0,3,0,6,0,5,0,4,0,0,0,0,0,0,0,0,0,0]"""
1782212771589,2026-06-23T20:06:11.589,danger,fall,lmh,bed_stand_to_lie_fall,t018,"CSI_DATA,813434,1a:00:00:00:00:00,-53,11,-97,17,34,11,223416276,47,2,256,0,""[0,0,0,0,0,0,0,0,0,0,0,0,20,0,21,2,21,3,23,5,22,8,22,11,21,13,20,15,22,17,20,19,20,21,18,21,19,25,16,27,13,28,12,29,13,30,9,33,6,30,5,33,3,34,2,32,0,33,0,32,-3,33,-2,30,-6,31,-6,32,-8,30,-7,31,-9,27,-10,31,-10,29,-10,28,-10,30,-11,29,-11,26,-11,28,-12,27,-11,29,-13,28,-12,27,-16,27,-13,29,-16,26,-16,26,-16,27,-16,26,-19,27,-22,25,-20,27,-20,26,-25,24,-24,23,-24,23,-25,23,-25,21,0,0,0,0,0,0,15,30,14,29,14,28,10,29,11,27,10,27,7,26,6,28,5,24,4,25,4,24,3,23,4,24,2,22,1,23,3,22,2,22,1,20,0,20,1,20,2,20,0,20,0,17,-1,17,0,16,-1,17,-1,16,0,16,-3,16,0,15,-2,14,-3,15,-4,14,-4,14,-3,13,-6,13,-4,12,-4,12,-6,12,-6,11,-6,10,-6,10,-6,10,-5,9,-6,7,-6,6,-6,6,-6,5,-6,3,-6,3,-6,3,-5,3,-5,1,-4,1,-6,0,-5,1,-4,0,0,0,0,0,0,0,0,0,0,0]"""
1782212771599,2026-06-23T20:06:11.599,danger,fall,lmh,bed_stand_to_lie_fall,t018,"CSI_DATA,813435,1a:00:00:00:00:00,-53,11,-97,17,34,11,223427636,47,2,256,0,""[0,0,0,0,0,0,0,0,0,0,0,0,15,-13,16,-11,17,-10,21,-10,21,-7,23,-6,25,-4,25,-2,28,-2,27,1,30,2,30,2,30,4,30,7,29,11,27,11,30,12,29,14,27,15,28,17,26,20,26,20,24,21,23,22,23,23,22,23,19,25,20,27,19,24,19,24,16,25,18,26,16,27,16,24,16,26,15,25,14,25,16,26,15,26,16,25,14,27,16,25,14,27,15,27,13,28,12,27,13,28,12,27,13,29,13,31,12,31,10,30,8,33,7,33,8,35,9,33,7,32,0,0,0,0,0,0,35,0,33,0,31,-2,30,2,29,2,28,5,28,3,29,3,26,5,24,6,23,5,21,4,23,4,22,4,21,6,20,6,23,4,20,4,19,6,19,6,20,3,17,6,16,4,15,4,16,6,16,6,16,6,16,4,16,6,14,5,13,7,13,6,13,6,13,4,12,6,12,7,12,7,10,7,10,7,9,7,8,7,9,8,7,8,6,8,6,8,6,6,5,7,6,6,3,6,3,6,2,7,2,6,1,6,1,6,1,4,0,5,0,4,0,0,0,0,0,0,0,0,0,0]"""
1782212771611,2026-06-23T20:06:11.611,danger,fall,lmh,bed_stand_to_lie_fall,t018,"CSI_DATA,813436,1a:00:00:00:00:00,-53,11,-97,16,34,11,223438276,47,2,256,0,""[0,0,0,0,0,0,0,0,0,0,0,0,0,19,-3,19,-3,21,-4,23,-7,22,-9,22,-9,23,-11,23,-12,25,-15,23,-16,23,-16,23,-17,23,-19,23,-20,20,-23,21,-21,23,-24,19,-25,18,-22,17,-27,15,-27,19,-27,15,-27,18,-30,15,-26,17,-28,15,-27,15,-28,14,-27,15,-25,14,-28,15,-27,15,-26,14,-27,17,-25,17,-24,15,-24,17,-25,16,-24,18,-25,16,-24,20,-24,18,-23,20,-24,18,-23,19,-25,19,-23,19,-23,20,-25,20,-25,20,-24,20,-26,21,-28,20,-27,22,-27,20,-27,21,0,0,0,0,0,0,18,27,18,28,19,25,16,26,16,25,14,24,15,25,15,25,13,22,12,22,14,21,11,21,14,19,12,19,12,19,12,17,12,18,13,16,11,16,13,16,13,14,11,15,11,13,11,13,11,13,11,14,11,12,12,11,11,13,12,11,11,11,11,11,11,12,10,11,11,9,10,10,10,10,9,8,9,9,7,10,6,9,7,9,7,9,7,8,7,7,6,7,4,8,4,7,3,6,4,6,2,6,3,7,3,7,1,4,2,5,0,4,0,5,0,0,0,0,0,0,0,0,0,0]"""
1782212771625,2026-06-23T20:06:11.625,danger,fall,lmh,bed_stand_to_lie_fall,t018,"CSI_DATA,813437,1a:00:00:00:00:00,-53,11,-97,16,34,11,223449547,47,2,256,0,""[0,0,0,0,0,0,0,0,0,0,0,0,-17,9,-19,7,-20,7,-22,5,-23,3,-24,0,-24,0,-24,-1,-27,-2,-24,-5,-27,-6,-27,-7,-28,-9,-27,-11,-27,-14,-26,-17,-27,-16,-26,-18,-23,-19,-23,-21,-23,-21,-20,-23,-19,-25,-21,-24,-19,-27,-19,-26,-15,-26,-15,-29,-15,-27,-16,-25,-13,-26,-15,-29,-14,-27,-12,-27,-14,-27,-12,-26,-11,-26,-14,-26,-12,-27,-15,-27,-11,-27,-14,-27,-13,-27,-15,-28,-11,-29,-11,-27,-11,-29,-10,-30,-10,-29,-10,-32,-10,-32,-9,-31,-7,-34,-6,-32,-8,-35,-7,-34,-6,-34,0,0,0,0,0,0,-35,1,-31,0,-32,1,-30,-2,-29,0,-29,-3,-28,-1,-30,-3,-26,-3,-25,-5,-24,-5,-23,-5,-23,-5,-23,-4,-22,-4,-20,-3,-23,-3,-20,-3,-19,-5,-19,-4,-21,-2,-19,-4,-18,-3,-16,-4,-16,-4,-16,-4,-16,-4,-18,-3,-17,-4,-15,-4,-15,-4,-13,-6,-15,-5,-15,-4,-14,-6,-14,-6,-12,-7,-13,-5,-11,-6,-10,-7,-9,-7,-9,-7,-8,-6,-8,-7,-7,-7,-7,-7,-5,-7,-7,-6,-3,-6,-3,-7,-3,-7,-3,-6,-2,-5,0,-6,-2,-6,-1,-4,0,-5,0,0,0,0,0,0,0,0,0,0]"""
1782212771636,2026-06-23T20:06:11.636,danger,fall,lmh,bed_stand_to_lie_fall,t018,"CSI_DATA,813438,1a:00:00:00:00:00,-53,11,-97,16,34,11,223462586,47,2,256,0,""[0,0,0,0,0,0,0,0,0,0,0,0,19,4,18,6,20,7,20,10,19,9,19,11,19,11,21,13,21,15,21,15,20,18,21,17,23,19,22,19,19,23,20,23,22,23,19,24,19,23,21,25,20,26,19,25,19,25,19,25,19,27,19,23,18,27,19,26,19,27,19,24,17,24,20,23,20,23,20,23,23,22,23,21,21,19,22,20,23,20,24,19,23,17,25,17,24,17,27,17,25,16,27,16,27,15,27,14,28,17,30,16,29,15,30,15,30,17,30,16,32,15,31,15,33,14,0,0,0,0,0,0,15,-30,15,-30,13,-28,13,-27,12,-28,14,-25,12,-26,12,-26,11,-25,11,-23,9,-23,8,-23,7,-25,7,-23,7,-22,4,-21,3,-23,5,-22,5,-21,3,-21,1,-20,4,-19,1,-17,0,-18,2,-19,0,-19,0,-18,-1,-17,0,-18,-2,-17,0,-15,-1,-16,0,-16,-1,-16,-1,-15,-1,-15,-2,-15,-2,-13,-1,-14,-1,-13,-1,-11,-1,-12,0,-13,0,-12,0,-11,-1,-11,0,-10,0,-10,-1,-9,0,-7,0,-7,0,-7,0,-7,0,-7,2,-7,1,-6,0,-5,0,0,0,0,0,0,0,0,0,0]"""
1782212771645,2026-06-23T20:06:11.645,danger,fall,lmh,bed_stand_to_lie_fall,t018,"CSI_DATA,813439,1a:00:00:00:00:00,-53,11,-97,17,34,11,223471276,47,2,256,0,""[0,0,0,0,0,0,0,0,0,0,0,0,0,19,-3,19,-3,20,-5,20,-6,21,-8,21,-9,20,-10,22,-12,23,-12,23,-14,23,-15,23,-15,24,-16,24,-19,22,-21,23,-19,24,-23,23,-21,20,-21,22,-23,22,-25,21,-25,21,-23,21,-26,20,-23,20,-24,19,-24,20,-25,19,-22,20,-23,20,-23,20,-21,20,-21,19,-21,21,-21,23,-20,20,-19,23,-20,23,-17,23,-18,23,-17,26,-18,24,-16,26,-17,24,-15,27,-18,27,-16,27,-16,27,-18,30,-18,28,-16,28,-19,28,-18,28,-17,30,-16,30,-16,29,0,0,0,0,0,0,28,17,28,19,28,15,27,16,27,16,24,16,24,14,25,16,24,13,22,14,23,13,21,11,23,11,22,11,20,11,21,9,21,8,20,7,19,7,20,7,20,6,20,6,17,4,18,4,17,5,18,4,19,3,18,1,18,3,17,1,16,3,16,2,16,3,15,0,16,2,15,1,15,0,14,1,14,2,13,2,13,1,13,2,13,2,12,2,10,1,11,2,10,3,10,1,8,3,9,3,7,3,7,3,6,2,6,3,5,2,5,3,5,4,0,0,0,0,0,0,0,0,0,0]"""
1782212771655,2026-06-23T20:06:11.655,danger,fall,lmh,bed_stand_to_lie_fall,t018,"CSI_DATA,813440,1a:00:00:00:00:00,-52,11,-97,20,33,11,223482275,47,2,256,0,""[0,0,0,0,0,0,0,0,0,0,0,0,3,19,1,19,1,20,0,22,-1,23,-2,23,-3,23,-5,23,-6,25,-7,25,-9,27,-9,27,-8,27,-10,28,-13,27,-12,28,-11,29,-15,28,-15,28,-17,26,-19,26,-16,28,-19,26,-16,28,-18,27,-16,27,-19,25,-18,27,-17,26,-15,28,-15,24,-16,28,-15,27,-14,27,-14,28,-13,27,-12,27,-11,29,-11,28,-8,29,-11,28,-8,30,-9,30,-7,30,-9,30,-6,30,-6,31,-6,30,-5,32,-7,34,-6,34,-5,33,-6,35,-7,34,-3,36,-5,35,-5,36,0,0,0,0,0,0,35,6,33,7,33,4,31,4,30,4,30,5,29,3,30,4,28,3,28,4,26,3,25,3,26,1,23,1,24,2,23,0,23,-1,22,-1,22,0,21,-1,20,-3,20,-2,19,-3,18,-3,19,-3,19,-4,18,-4,18,-4,19,-5,18,-4,15,-4,18,-5,15,-6,15,-7,15,-7,16,-4,15,-5,15,-6,15,-6,13,-3,12,-3,12,-3,12,-3,11,-3,11,-2,11,-3,10,-3,10,-2,9,-2,9,-1,7,-1,7,-1,7,-1,8,0,7,-1,5,0,5,1,0,0,0,0,0,0,0,0,0,0]"""
1782212771666,2026-06-23T20:06:11.666,danger,fall,lmh,bed_stand_to_lie_fall,t018,"CSI_DATA,813441,1a:00:00:00:00:00,-52,11,-97,17,34,11,223493406,47,2,256,0,""[0,0,0,0,0,0,0,0,0,0,0,0,19,4,18,6,20,6,20,8,20,8,20,11,20,10,19,13,22,14,20,13,21,16,22,16,23,18,23,18,21,21,21,20,23,22,22,21,21,21,22,25,21,25,20,24,20,24,22,24,20,26,21,23,19,23,20,24,19,23,22,22,19,21,23,22,22,23,21,21,23,20,23,20,22,18,24,16,25,18,27,15,26,16,27,13,28,16,28,13,29,15,28,13,29,12,29,11,30,12,33,13,32,13,32,12,33,13,33,13,34,11,34,12,33,10,0,0,0,0,0,0,12,-32,10,-32,9,-33,8,-31,9,-30,9,-29,6,-28,7,-30,6,-27,6,-27,6,-25,4,-23,3,-26,3,-23,2,-24,1,-23,0,-23,0,-22,0,-22,0,-21,-3,-20,-1,-20,-3,-20,-2,-20,-2,-19,-3,-19,-4,-17,-6,-16,-3,-19,-6,-16,-5,-15,-5,-16,-4,-16,-6,-15,-5,-13,-4,-16,-6,-16,-5,-14,-5,-15,-4,-13,-5,-11,-5,-13,-4,-13,-5,-10,-3,-12,-4,-10,-3,-10,-3,-10,-3,-10,-2,-8,-2,-8,-3,-7,0,-7,0,-7,0,-6,-1,-6,0,-6,0,0,0,0,0,0,0,0,0,0]"""
1782212771679,2026-06-23T20:06:11.679,danger,fall,lmh,bed_stand_to_lie_fall,t018,"CSI_DATA,813442,1a:00:00:00:00:00,-52,11,-97,15,34,11,223505071,47,2,256,0,""[0,0,0,0,0,0,0,0,0,0,0,0,-17,-8,-16,-8,-16,-12,-17,-14,-16,-15,-14,-17,-14,-17,-15,-19,-15,-21,-14,-22,-13,-22,-13,-23,-14,-26,-13,-26,-9,-26,-9,-31,-11,-29,-7,-31,-6,-27,-8,-29,-5,-29,-6,-32,-4,-33,-4,-31,-4,-33,-4,-31,-2,-32,-2,-32,-2,-33,-3,-31,-2,-30,-3,-32,-4,-31,-4,-30,-5,-31,-5,-31,-4,-28,-5,-30,-6,-30,-8,-30,-6,-31,-8,-31,-8,-31,-10,-31,-7,-30,-8,-31,-8,-30,-12,-30,-9,-31,-11,-34,-9,-32,-9,-32,-10,-35,-8,-34,-10,-35,-12,-34,-10,-34,0,0,0,0,0,0,-34,6,-34,8,-32,9,-32,7,-32,7,-30,5,-31,6,-30,5,-30,5,-26,4,-25,6,-25,6,-26,7,-25,6,-23,4,-22,8,-23,8,-22,7,-20,6,-21,8,-19,8,-20,6,-17,8,-17,7,-17,8,-18,8,-17,8,-17,9,-17,8,-16,9,-17,7,-16,8,-16,8,-14,8,-15,8,-16,7,-14,8,-14,6,-14,7,-13,5,-13,5,-13,4,-13,4,-13,4,-12,5,-11,3,-10,3,-11,3,-9,1,-8,2,-9,2,-8,1,-8,1,-7,0,-8,1,-6,0,-5,0,0,0,0,0,0,0,0,0,0,0]"""
1782212771688,2026-06-23T20:06:11.688,danger,fall,lmh,bed_stand_to_lie_fall,t018,"CSI_DATA,813443,1a:00:00:00:00:00,-52,11,-97,19,33,11,223515275,47,2,256,0,""[0,0,0,0,0,0,0,0,0,0,0,0,18,0,20,3,20,4,21,5,22,5,22,8,22,10,22,11,22,13,22,14,22,17,21,17,23,19,22,20,18,22,18,25,19,25,19,26,17,25,17,29,17,29,13,30,14,27,14,29,13,30,13,31,9,30,10,29,9,30,10,30,9,28,11,31,10,30,10,29,11,30,10,29,11,29,12,28,11,30,13,28,12,28,13,27,13,30,14,30,12,30,13,30,13,31,13,28,13,31,13,32,14,32,13,32,11,35,10,35,13,35,12,35,11,35,0,0,0,0,0,0,35,-8,36,-6,35,-8,32,-5,33,-5,31,-4,31,-4,31,-4,30,-4,28,-1,28,-4,26,-3,27,-4,26,-3,26,-2,23,-3,26,-5,24,-4,22,-2,22,-3,22,-4,22,-2,20,-4,19,-4,20,-2,19,-4,19,-3,19,-4,20,-4,17,-4,18,-4,17,-3,18,-4,17,-4,17,-3,19,-2,17,-2,17,-2,17,-2,15,0,14,0,14,0,14,0,13,0,13,0,13,1,11,1,13,1,10,2,10,0,8,1,8,3,8,3,8,3,7,4,5,4,5,4,0,0,0,0,0,0,0,0,0,0]"""
1782212771699,2026-06-23T20:06:11.699,danger,fall,lmh,bed_stand_to_lie_fall,t018,"CSI_DATA,813444,1a:00:00:00:00:00,-52,11,-97,19,33,11,223526275,47,2,256,0,""[0,0,0,0,0,0,0,0,0,0,0,0,18,0,18,3,19,3,22,6,21,6,20,9,22,9,21,12,22,13,22,14,22,17,21,17,23,18,23,20,21,22,19,23,22,24,19,25,17,26,20,27,17,26,17,28,15,28,16,29,13,31,14,27,11,29,13,31,13,29,13,29,11,27,13,31,13,29,13,29,13,30,13,28,12,26,14,27,13,29,15,27,13,28,16,26,17,28,17,29,15,30,15,26,16,30,16,28,15,30,17,31,17,32,17,30,16,33,13,34,18,33,17,34,16,35,0,0,0,0,0,0,36,-12,34,-11,32,-14,32,-9,31,-10,31,-8,28,-10,33,-9,27,-8,29,-7,27,-8,25,-7,26,-8,25,-7,25,-8,22,-8,24,-8,22,-8,22,-7,22,-8,21,-8,21,-8,20,-8,17,-8,19,-8,19,-7,18,-6,17,-9,18,-8,16,-9,17,-6,17,-7,17,-8,17,-8,16,-7,17,-7,16,-7,16,-6,16,-6,14,-4,13,-4,14,-4,15,-4,13,-3,13,-3,12,-3,13,-1,13,-2,11,0,8,0,9,0,8,0,8,0,8,0,8,2,8,1,7,1,0,0,0,0,0,0,0,0,0,0]"""
1782212771710,2026-06-23T20:06:11.710,danger,fall,lmh,bed_stand_to_lie_fall,t018,"CSI_DATA,813445,1a:00:00:00:00:00,-51,11,-97,18,33,11,223537275,47,2,256,0,""[0,0,0,0,0,0,0,0,0,0,0,0,0,-18,1,-20,2,-20,6,-21,7,-21,10,-21,11,-20,13,-19,16,-21,16,-19,20,-19,21,-19,23,-19,25,-16,26,-13,27,-12,28,-12,31,-9,29,-8,33,-7,32,-5,33,-4,31,-1,32,0,34,0,31,0,31,4,34,5,31,5,31,4,28,6,34,7,31,8,30,8,31,6,30,9,29,8,31,8,30,9,31,8,30,12,29,9,31,11,31,11,31,14,29,12,31,14,30,13,31,13,31,16,31,18,30,18,31,21,28,21,31,22,31,23,27,24,0,0,0,0,0,0,30,-22,28,-21,30,-21,28,-19,27,-16,28,-14,26,-15,30,-14,27,-12,27,-10,26,-10,24,-8,24,-10,24,-9,24,-7,22,-8,23,-9,22,-8,24,-5,21,-6,21,-7,22,-5,21,-5,21,-5,21,-5,21,-4,20,-4,21,-4,21,-2,17,-4,17,0,19,-1,18,0,19,-1,17,0,19,0,18,1,17,1,16,3,15,3,14,3,14,3,15,4,13,4,15,5,11,4,10,6,10,5,10,8,7,6,7,7,7,8,5,7,5,6,3,7,3,5,2,6,0,0,0,0,0,0,0,0,0,0]"""
1782212771722,2026-06-23T20:06:11.722,danger,fall,lmh,bed_stand_to_lie_fall,t018,"CSI_DATA,813446,1a:00:00:00:00:00,-51,11,-97,20,33,11,223548366,47,2,256,0,""[0,0,0,0,0,0,0,0,0,0,0,0,-17,8,-18,7,-19,6,-22,6,-21,3,-23,2,-23,2,-24,0,-26,0,-26,-3,-27,-1,-27,-2,-30,-3,-29,-4,-29,-9,-30,-9,-30,-8,-30,-11,-29,-11,-29,-11,-28,-13,-30,-14,-28,-15,-30,-14,-30,-17,-29,-14,-28,-16,-29,-17,-28,-15,-29,-15,-27,-14,-30,-15,-29,-15,-27,-13,-30,-14,-29,-13,-27,-11,-29,-9,-29,-12,-30,-9,-31,-11,-30,-7,-31,-10,-34,-9,-32,-10,-32,-10,-33,-11,-32,-10,-34,-9,-35,-11,-36,-8,-35,-7,-36,-11,-35,-11,-38,-8,-37,-10,-37,-10,0,0,0,0,0,0,-15,36,-13,35,-11,34,-12,32,-10,33,-12,30,-11,30,-11,32,-11,30,-11,28,-8,28,-9,24,-7,27,-8,25,-7,26,-6,24,-5,27,-4,24,-7,24,-3,23,-2,23,-4,23,-2,22,-3,22,-3,22,-3,21,-2,20,0,20,-1,21,0,20,0,19,0,19,0,19,0,19,0,18,-1,20,0,18,-1,18,-2,17,-2,15,-1,14,0,15,-3,16,-1,14,-3,13,-1,12,-2,13,-2,12,-3,11,-2,11,-3,10,-3,9,-3,9,-3,8,-4,7,-3,7,-4,7,0,0,0,0,0,0,0,0,0,0]"""
1782212771732,2026-06-23T20:06:11.732,danger,fall,lmh,bed_stand_to_lie_fall,t018,"CSI_DATA,813447,1a:00:00:00:00:00,-51,11,-97,17,33,11,223559275,47,2,256,0,""[0,0,0,0,0,0,0,0,0,0,0,0,-2,-19,0,-19,0,-19,2,-21,5,-22,6,-22,9,-20,12,-21,12,-23,15,-21,15,-23,16,-21,19,-22,20,-21,23,-19,24,-19,25,-19,27,-16,28,-15,29,-12,29,-9,29,-12,31,-9,32,-10,33,-7,32,-8,31,-6,33,-5,32,-3,33,-5,30,-2,33,-3,33,-1,32,0,33,-1,32,-1,29,0,32,-2,32,0,32,-2,33,0,32,-2,32,0,36,0,34,2,34,1,34,3,34,3,34,3,38,4,37,3,35,4,38,8,35,9,39,7,38,8,37,11,0,0,0,0,0,0,19,-35,17,-32,15,-34,18,-30,17,-29,17,-28,16,-27,20,-28,18,-25,19,-25,19,-22,17,-20,17,-23,19,-19,18,-19,17,-19,17,-20,16,-19,18,-18,15,-18,14,-19,17,-16,16,-16,16,-14,17,-14,16,-15,15,-12,14,-16,16,-14,13,-14,14,-13,16,-12,14,-11,16,-12,14,-10,17,-10,16,-10,15,-8,16,-6,14,-5,12,-6,14,-7,14,-5,12,-5,12,-3,12,-4,12,-2,12,-2,11,-1,11,0,11,0,10,1,9,1,8,2,7,2,6,2,6,2,0,0,0,0,0,0,0,0,0,0]"""
1782212771745,2026-06-23T20:06:11.745,danger,fall,lmh,bed_stand_to_lie_fall,t018,"CSI_DATA,813448,1a:00:00:00:00:00,-51,11,-97,19,33,11,223570475,47,2,256,0,""[0,0,0,0,0,0,0,0,0,0,0,0,-18,-4,-19,-6,-19,-7,-20,-9,-20,-10,-18,-12,-18,-13,-18,-14,-23,-17,-20,-17,-20,-17,-22,-18,-22,-20,-22,-21,-20,-24,-19,-24,-21,-24,-20,-26,-17,-26,-17,-25,-17,-26,-19,-27,-17,-27,-17,-28,-19,-29,-17,-26,-17,-28,-17,-29,-17,-28,-19,-26,-17,-26,-19,-27,-18,-26,-19,-26,-21,-26,-21,-26,-20,-23,-22,-23,-23,-23,-24,-22,-24,-22,-25,-20,-25,-21,-27,-22,-26,-21,-26,-20,-27,-22,-27,-20,-31,-21,-31,-21,-31,-20,-31,-19,-33,-22,-30,-22,-35,-22,-33,-22,-32,-20,0,0,0,0,0,0,-24,31,-22,31,-21,32,-21,29,-17,31,-19,27,-17,29,-19,29,-17,27,-16,25,-14,25,-14,23,-13,27,-12,25,-12,24,-9,24,-8,26,-8,25,-11,23,-8,22,-5,23,-8,22,-4,22,-5,22,-5,21,-4,22,-4,22,-1,22,-4,22,0,20,-3,20,-2,21,-1,21,0,20,0,18,-3,20,0,19,0,18,0,17,-2,17,-1,15,-1,15,-2,17,-1,16,-2,14,0,13,-2,13,-1,13,-1,12,-2,11,-2,9,-3,8,-3,8,-2,9,-3,8,-3,7,-4,6,0,0,0,0,0,0,0,0,0,0]"""
1782212771756,2026-06-23T20:06:11.756,danger,fall,lmh,bed_stand_to_lie_fall,t018,"CSI_DATA,813449,1a:00:00:00:00:00,-51,11,-97,18,33,11,223581275,47,2,256,0,""[0,0,0,0,0,0,0,0,0,0,0,0,15,-10,16,-10,20,-10,20,-10,21,-9,21,-7,22,-7,26,-5,26,-6,27,-4,28,-4,28,-4,30,-3,31,-1,30,0,32,0,32,-2,32,0,31,2,31,5,32,7,35,3,33,5,34,5,36,5,32,2,32,5,34,5,32,5,34,2,31,3,34,3,33,3,31,3,33,0,32,0,32,0,31,-2,34,-1,33,-5,34,-3,33,-7,33,-5,34,-8,33,-5,31,-7,33,-8,33,-9,35,-10,37,-10,37,-10,37,-10,38,-10,37,-10,38,-13,37,-11,37,-11,0,0,0,0,0,0,-10,-39,-10,-38,-10,-34,-9,-34,-10,-33,-10,-33,-10,-32,-10,-33,-10,-31,-10,-31,-10,-28,-8,-26,-12,-26,-10,-26,-10,-25,-12,-24,-12,-24,-12,-22,-10,-22,-13,-21,-15,-20,-14,-21,-13,-17,-12,-19,-12,-17,-14,-16,-13,-17,-14,-15,-14,-16,-15,-15,-14,-14,-15,-15,-15,-15,-15,-13,-12,-12,-13,-15,-13,-13,-13,-13,-12,-12,-11,-12,-11,-11,-11,-11,-11,-13,-10,-11,-10,-10,-9,-10,-10,-10,-10,-10,-7,-9,-6,-9,-6,-9,-5,-8,-5,-8,-5,-9,-3,-8,-5,-6,-2,-7,0,0,0,0,0,0,0,0,0,0]"""
1782212771767,2026-06-23T20:06:11.767,danger,fall,lmh,bed_stand_to_lie_fall,t018,"CSI_DATA,813450,1a:00:00:00:00:00,-51,11,-97,18,33,11,223592275,47,2,256,0,""[0,0,0,0,0,0,0,0,0,0,0,0,-10,-16,-7,-17,-5,-20,-5,-21,-3,-23,-1,-22,0,-24,1,-26,1,-28,4,-28,5,-29,5,-27,7,-29,9,-30,14,-27,14,-30,13,-30,17,-27,16,-27,19,-24,22,-25,21,-26,23,-24,23,-26,25,-25,22,-25,25,-23,26,-23,26,-21,24,-21,25,-19,27,-21,26,-21,26,-19,25,-20,25,-21,24,-19,25,-21,26,-21,26,-23,26,-21,25,-23,26,-21,26,-23,26,-21,27,-22,28,-21,28,-23,27,-22,31,-22,29,-21,31,-22,33,-21,33,-21,34,-22,34,-21,35,-21,0,0,0,0,0,0,-14,-36,-13,-35,-15,-34,-12,-34,-13,-34,-10,-32,-10,-31,-10,-34,-10,-30,-8,-30,-8,-28,-6,-28,-9,-29,-7,-28,-7,-26,-8,-26,-9,-26,-7,-25,-5,-25,-7,-24,-9,-23,-7,-26,-6,-21,-5,-23,-6,-22,-5,-21,-5,-21,-7,-21,-5,-21,-8,-20,-5,-20,-6,-21,-5,-20,-5,-20,-5,-19,-3,-20,-3,-19,-1,-20,-2,-19,0,-18,-1,-16,0,-17,0,-16,0,-16,1,-15,1,-15,2,-13,1,-13,2,-11,3,-12,3,-11,4,-10,3,-9,5,-8,5,-8,5,-7,5,-7,0,0,0,0,0,0,0,0,0,0]"""
1782212771779,2026-06-23T20:06:11.779,danger,fall,lmh,bed_stand_to_lie_fall,t018,"CSI_DATA,813451,1a:00:00:00:00:00,-51,11,-97,15,33,11,223603275,47,2,256,0,""[0,0,0,0,0,0,0,0,0,0,0,0,-15,-12,-15,-14,-14,-16,-13,-19,-13,-18,-11,-22,-11,-23,-9,-25,-10,-27,-6,-27,-4,-29,-4,-30,-6,-31,-2,-31,0,-33,0,-33,0,-34,4,-33,5,-34,6,-35,8,-33,9,-33,10,-33,10,-34,11,-33,11,-33,13,-32,15,-32,12,-31,12,-32,14,-29,13,-33,14,-32,12,-31,12,-33,12,-32,12,-30,13,-33,13,-31,11,-33,13,-32,10,-32,12,-33,13,-33,14,-33,13,-33,13,-33,13,-33,13,-33,13,-36,14,-37,15,-37,18,-36,18,-35,18,-38,17,-37,18,-37,0,0,0,0,0,0,-32,-23,-31,-22,-33,-21,-30,-22,-28,-21,-26,-23,-25,-21,-28,-22,-24,-20,-23,-23,-24,-20,-22,-20,-24,-20,-21,-18,-22,-20,-21,-17,-22,-16,-21,-16,-20,-18,-20,-16,-21,-15,-18,-16,-19,-14,-17,-15,-17,-15,-19,-13,-17,-12,-18,-12,-17,-13,-18,-11,-17,-13,-17,-14,-16,-13,-16,-12,-15,-12,-15,-13,-14,-13,-12,-12,-12,-13,-11,-13,-11,-12,-11,-13,-11,-12,-10,-12,-8,-13,-8,-11,-7,-12,-7,-11,-5,-11,-4,-11,-5,-11,-3,-11,-2,-9,-2,-11,0,-8,-1,-9,0,-8,0,0,0,0,0,0,0,0,0,0]"""
1782212771789,2026-06-23T20:06:11.789,danger,fall,lmh,bed_stand_to_lie_fall,t018,"CSI_DATA,813452,1a:00:00:00:00:00,-51,11,-97,20,32,11,223614275,47,2,256,0,""[0,0,0,0,0,0,0,0,0,0,0,0,-17,-11,-18,-12,-17,-15,-16,-19,-16,-18,-15,-22,-15,-22,-12,-23,-15,-26,-14,-26,-12,-29,-10,-29,-10,-30,-7,-31,-6,-32,-4,-35,-7,-35,-1,-35,-1,-33,-2,-38,0,-34,4,-38,4,-35,0,-34,3,-38,3,-36,5,-35,6,-39,5,-35,5,-35,7,-35,5,-36,7,-35,7,-36,4,-34,7,-34,4,-32,3,-35,4,-35,1,-36,4,-37,2,-34,5,-38,0,-39,3,-36,4,-38,4,-38,2,-38,2,-38,5,-39,6,-42,5,-39,7,-41,8,-42,5,-42,5,-41,10,-42,0,0,0,0,0,0,-38,-14,-39,-15,-40,-10,-36,-15,-35,-10,-34,-12,-33,-10,-33,-14,-32,-11,-32,-13,-30,-13,-28,-11,-30,-11,-29,-12,-28,-11,-30,-8,-28,-9,-26,-8,-26,-11,-24,-8,-25,-5,-24,-8,-23,-6,-24,-8,-21,-8,-23,-8,-23,-8,-22,-5,-23,-5,-21,-5,-21,-5,-22,-5,-20,-7,-19,-5,-20,-6,-20,-5,-17,-7,-17,-6,-17,-6,-16,-8,-16,-7,-16,-7,-16,-6,-15,-8,-13,-7,-15,-8,-13,-8,-11,-8,-10,-9,-9,-8,-8,-8,-9,-8,-8,-8,-6,-9,-7,-6,-4,-6,-4,-8,0,0,0,0,0,0,0,0,0,0]"""
1782212771802,2026-06-23T20:06:11.802,danger,fall,lmh,bed_stand_to_lie_fall,t018,"CSI_DATA,813453,1a:00:00:00:00:00,-50,11,-97,19,32,11,223627102,47,2,256,0,""[0,0,0,0,0,0,0,0,0,0,0,0,-22,0,-23,-2,-24,-2,-26,-6,-25,-6,-24,-9,-26,-11,-24,-12,-26,-14,-25,-16,-26,-19,-26,-20,-28,-20,-27,-22,-24,-27,-23,-25,-28,-25,-22,-28,-23,-24,-23,-33,-23,-33,-20,-31,-19,-31,-21,-31,-20,-33,-19,-30,-18,-33,-19,-34,-17,-32,-19,-31,-14,-30,-19,-34,-16,-32,-16,-32,-20,-33,-18,-30,-17,-31,-20,-29,-18,-29,-21,-30,-20,-32,-22,-28,-22,-32,-22,-33,-21,-31,-21,-30,-22,-32,-22,-32,-22,-32,-22,-34,-25,-33,-25,-33,-22,-37,-19,-35,-25,-37,-23,-38,-23,-36,0,0,0,0,0,0,-41,21,-38,22,-35,19,-35,15,-34,17,-34,14,-32,15,-33,16,-30,14,-32,11,-30,13,-29,12,-28,14,-28,12,-27,11,-24,14,-24,12,-23,12,-25,11,-23,13,-22,15,-22,12,-22,13,-22,11,-21,12,-22,13,-21,12,-18,16,-20,14,-18,13,-18,12,-21,12,-19,11,-17,11,-17,11,-20,11,-17,11,-17,10,-18,10,-17,7,-15,8,-16,8,-19,8,-14,8,-14,6,-14,6,-15,5,-15,4,-12,3,-13,1,-13,0,-10,2,-12,2,-11,0,-10,2,-9,0,-11,0,0,0,0,0,0,0,0,0,0,0]"""
1782212771812,2026-06-23T20:06:11.812,danger,fall,lmh,bed_stand_to_lie_fall,t018,"CSI_DATA,813454,1a:00:00:00:00:00,-51,11,-97,14,33,11,223636274,47,2,256,0,""[0,0,0,0,0,0,0,0,0,0,0,0,-17,-12,-16,-14,-16,-16,-16,-17,-16,-19,-15,-21,-16,-22,-13,-24,-15,-26,-14,-27,-13,-28,-10,-28,-12,-31,-11,-33,-6,-33,-6,-35,-8,-34,-4,-36,-2,-34,-1,-33,0,-33,0,-36,1,-36,0,-36,0,-38,0,-35,2,-35,1,-36,3,-35,1,-36,2,-34,2,-36,1,-35,1,-34,0,-36,0,-35,0,-33,-1,-33,-1,-35,-3,-36,-2,-34,-3,-35,-1,-35,-5,-37,-2,-35,-3,-35,-3,-37,-3,-36,-4,-37,-5,-40,-6,-39,-4,-38,-3,-40,-1,-40,-4,-42,-4,-41,-3,-40,0,0,0,0,0,0,-40,0,-41,0,-37,3,-38,0,-37,0,-36,-2,-34,1,-36,-1,-33,0,-33,-1,-31,0,-31,-1,-32,0,-30,0,-29,0,-27,2,-29,4,-27,3,-26,1,-26,1,-25,5,-25,3,-23,5,-24,2,-23,4,-22,3,-22,3,-22,6,-23,5,-20,6,-19,3,-21,4,-20,4,-19,4,-19,4,-20,4,-19,3,-17,4,-18,4,-16,1,-16,2,-17,1,-17,2,-16,3,-16,0,-15,0,-15,0,-14,0,-13,0,-13,0,-12,0,-10,-1,-10,0,-12,-2,-9,-2,-9,-2,-7,-4,0,0,0,0,0,0,0,0,0,0]"""
1782212771823,2026-06-23T20:06:11.823,danger,fall,lmh,bed_stand_to_lie_fall,t018,"CSI_DATA,813455,1a:00:00:00:00:00,-51,11,-97,17,32,11,223647274,47,2,256,0,""[0,0,0,0,0,0,0,0,0,0,0,0,-4,24,-7,22,-9,23,-11,23,-13,24,-16,22,-20,21,-21,20,-26,21,-25,19,-27,17,-26,14,-33,17,-33,14,-33,9,-36,8,-36,9,-37,4,-35,3,-36,4,-34,0,-39,0,-38,-4,-39,-3,-38,-5,-36,-4,-35,-7,-35,-9,-37,-11,-34,-9,-34,-12,-36,-11,-35,-12,-35,-13,-34,-13,-34,-12,-33,-14,-34,-12,-33,-15,-36,-13,-34,-14,-34,-14,-33,-15,-37,-15,-32,-16,-34,-17,-34,-18,-34,-16,-33,-20,-37,-23,-34,-23,-33,-20,-33,-26,-32,-29,-34,-26,-33,-27,-31,-29,0,0,0,0,0,0,-35,24,-36,25,-29,26,-34,20,-34,24,-29,18,-32,17,-34,18,-32,15,-29,12,-28,12,-28,9,-29,11,-31,11,-28,10,-25,10,-27,10,-25,9,-25,8,-27,10,-24,8,-26,7,-22,7,-23,7,-23,5,-23,5,-24,6,-23,8,-23,5,-21,5,-20,3,-21,4,-22,2,-19,4,-19,2,-22,1,-21,1,-19,0,-20,0,-19,-1,-19,-1,-17,-2,-18,-3,-18,-1,-16,-1,-15,-3,-14,-3,-14,-6,-11,-4,-10,-6,-10,-5,-9,-5,-7,-5,-8,-8,-5,-7,-5,-6,-3,-9,0,0,0,0,0,0,0,0,0,0]"""
1782212771832,2026-06-23T20:06:11.832,danger,fall,lmh,bed_stand_to_lie_fall,t018,"CSI_DATA,813456,1a:00:00:00:00:00,-51,11,-97,18,32,11,223658305,47,2,256,0,""[0,0,0,0,0,0,0,0,0,0,0,0,0,-22,1,-25,5,-25,7,-25,9,-26,11,-27,13,-25,16,-25,18,-27,20,-26,21,-26,22,-23,25,-25,28,-24,31,-18,30,-18,32,-20,36,-15,35,-15,37,-9,40,-6,35,-9,36,-8,37,-9,40,-5,35,-5,36,-3,38,-2,38,0,38,-2,34,1,39,0,37,0,38,1,38,2,35,0,34,2,36,0,36,1,38,0,36,3,36,0,37,3,39,2,36,3,39,5,38,6,39,3,40,5,40,8,41,7,38,8,43,13,39,14,42,11,43,13,40,13,0,0,0,0,0,0,22,-36,21,-36,19,-36,19,-35,20,-31,21,-29,22,-30,22,-31,22,-29,22,-24,20,-22,19,-21,19,-22,21,-24,20,-21,16,-20,18,-22,18,-20,18,-18,16,-18,17,-20,19,-17,16,-17,17,-17,18,-16,17,-16,15,-15,16,-16,16,-16,15,-16,16,-14,17,-16,16,-14,16,-14,15,-12,16,-11,18,-10,16,-10,17,-10,16,-8,15,-9,16,-8,16,-7,16,-6,15,-5,13,-4,14,-3,13,-2,13,-1,12,-1,13,0,10,0,11,0,9,1,11,1,10,0,7,4,0,0,0,0,0,0,0,0,0,0]"""
1782212771843,2026-06-23T20:06:11.843,danger,fall,lmh,bed_stand_to_lie_fall,t018,"CSI_DATA,813457,1a:00:00:00:00:00,-51,11,-97,20,32,11,223669359,47,2,256,0,""[0,0,0,0,0,0,0,0,0,0,0,0,5,-23,8,-24,9,-23,14,-24,15,-24,18,-22,18,-23,22,-21,24,-24,24,-22,28,-21,29,-18,32,-20,32,-17,34,-13,35,-12,37,-11,38,-9,35,-7,42,-5,40,-6,39,-3,39,-1,40,0,41,0,39,1,38,4,39,3,38,5,38,3,36,7,40,5,38,5,36,6,37,7,38,6,34,5,36,5,37,7,38,4,37,8,38,4,35,7,40,7,34,7,37,9,39,8,37,8,39,10,40,11,39,9,40,12,41,14,37,13,42,13,40,17,40,16,0,0,0,0,0,0,21,-35,24,-35,19,-34,24,-32,24,-31,23,-26,23,-27,23,-29,23,-24,22,-23,20,-24,20,-22,20,-24,20,-22,20,-20,16,-20,17,-22,18,-23,18,-17,16,-19,16,-18,16,-18,15,-18,16,-18,17,-17,15,-16,16,-16,14,-18,16,-16,14,-17,15,-14,15,-16,15,-14,13,-15,16,-13,15,-14,16,-14,15,-12,14,-12,15,-9,13,-8,15,-8,14,-8,15,-8,16,-5,14,-7,13,-4,13,-5,12,-1,10,-2,10,-2,10,-2,11,-1,9,0,11,-1,9,0,8,3,0,0,0,0,0,0,0,0,0,0]"""
1782212771857,2026-06-23T20:06:11.857,danger,fall,lmh,bed_stand_to_lie_fall,t018,"CSI_DATA,813458,1a:00:00:00:00:00,-51,11,-97,15,33,11,223681661,47,2,256,0,""[0,0,0,0,0,0,0,0,0,0,0,0,5,-22,7,-22,9,-23,11,-24,11,-24,15,-24,15,-23,18,-22,20,-25,22,-23,23,-23,23,-24,26,-25,27,-22,31,-21,29,-21,31,-23,33,-21,31,-20,33,-16,35,-15,33,-17,33,-13,34,-17,36,-16,33,-17,34,-13,34,-14,33,-14,33,-16,32,-14,35,-16,33,-16,31,-15,33,-16,30,-18,30,-16,30,-19,30,-18,29,-21,30,-18,26,-22,31,-22,29,-23,29,-23,28,-23,28,-24,28,-22,27,-24,30,-26,30,-25,30,-27,33,-26,31,-23,30,-28,29,-26,30,-25,0,0,0,0,0,0,-23,-33,-22,-30,-23,-27,-21,-28,-21,-27,-19,-30,-20,-26,-22,-27,-20,-24,-18,-25,-20,-23,-17,-22,-20,-21,-18,-21,-19,-21,-19,-17,-20,-18,-18,-16,-15,-17,-19,-14,-20,-13,-17,-15,-17,-13,-17,-12,-16,-12,-17,-11,-16,-11,-19,-11,-17,-11,-17,-8,-17,-9,-17,-10,-17,-8,-16,-7,-16,-7,-16,-10,-16,-9,-14,-8,-14,-8,-14,-8,-13,-8,-12,-7,-12,-9,-11,-7,-11,-6,-11,-6,-11,-7,-10,-6,-10,-8,-9,-6,-8,-6,-9,-6,-7,-5,-6,-5,-5,-7,-6,-6,-4,-8,0,0,0,0,0,0,0,0,0,0]"""
1782212771865,2026-06-23T20:06:11.865,danger,fall,lmh,bed_stand_to_lie_fall,t018,"CSI_DATA,813459,1a:00:00:00:00:00,-52,11,-97,15,33,11,223691274,47,2,256,0,""[0,0,0,0,0,0,0,0,0,0,0,0,-20,13,-22,11,-22,11,-25,11,-24,8,-27,7,-27,8,-29,6,-32,7,-31,5,-33,4,-33,5,-35,5,-35,2,-36,0,-37,0,-39,0,-38,-1,-36,-3,-36,-1,-36,-3,-39,-3,-37,-5,-36,-3,-39,-4,-38,-1,-36,-5,-38,-3,-37,-4,-36,-2,-34,-2,-37,-2,-36,-1,-33,0,-36,0,-36,1,-33,2,-35,4,-34,4,-35,7,-35,5,-34,7,-35,8,-35,10,-34,9,-33,11,-34,11,-34,13,-37,11,-36,12,-35,12,-36,15,-38,13,-37,11,-37,17,-37,16,-37,15,0,0,0,0,0,0,14,37,13,34,15,33,13,32,14,31,14,31,13,29,13,32,13,27,12,27,14,23,13,23,16,23,14,22,14,22,15,18,18,19,17,19,15,20,15,17,17,14,15,16,15,13,16,12,16,12,16,11,17,11,16,10,16,11,17,7,16,8,16,8,16,10,15,8,15,6,15,7,15,8,15,7,14,6,15,7,14,5,14,6,14,5,12,5,11,5,12,4,11,6,11,5,11,4,10,3,10,4,9,3,8,4,6,5,8,4,7,5,6,5,0,0,0,0,0,0,0,0,0,0]"""
1782212771875,2026-06-23T20:06:11.875,danger,fall,lmh,bed_stand_to_lie_fall,t018,"CSI_DATA,813460,1a:00:00:00:00:00,-52,11,-97,16,33,11,223702274,47,2,256,0,""[0,0,0,0,0,0,0,0,0,0,0,0,15,19,11,20,12,24,10,24,8,26,7,26,6,28,3,29,4,32,0,33,0,34,0,33,-1,36,-5,35,-8,34,-9,37,-9,36,-14,38,-13,32,-14,31,-18,32,-16,34,-19,33,-19,32,-20,33,-18,31,-21,29,-23,28,-24,29,-20,28,-23,27,-23,27,-22,28,-21,26,-21,29,-21,29,-21,26,-20,28,-21,27,-19,29,-20,26,-20,29,-20,28,-20,30,-20,24,-21,29,-21,28,-19,29,-22,29,-24,31,-22,28,-24,30,-25,29,-27,28,-25,31,-24,29,-25,28,0,0,0,0,0,0,24,29,23,30,22,25,19,27,22,27,17,25,19,25,19,26,17,25,16,24,16,22,15,22,16,22,16,21,14,20,15,19,15,19,14,18,11,16,14,17,15,16,14,17,12,13,12,15,12,16,12,15,12,16,11,13,10,15,13,12,11,13,12,13,11,14,10,11,10,11,8,12,10,11,9,11,8,12,8,12,8,11,8,11,8,11,7,10,5,9,6,10,5,10,5,10,4,9,4,10,2,9,3,8,3,8,3,8,2,7,0,7,0,8,0,0,0,0,0,0,0,0,0,0]"""
1782212771885,2026-06-23T20:06:11.885,danger,fall,lmh,bed_stand_to_lie_fall,t018,"CSI_DATA,813461,1a:00:00:00:00:00,-53,11,-97,17,33,11,223713274,47,2,256,0,""[0,0,0,0,0,0,0,0,0,0,0,0,19,-13,21,-11,23,-10,25,-8,26,-6,28,-2,30,-1,29,1,32,4,31,5,33,7,32,8,33,12,32,14,30,19,30,21,30,21,28,25,24,26,22,27,20,28,21,31,19,32,19,33,17,35,16,32,12,34,12,35,9,35,10,35,6,33,7,35,6,35,4,33,6,33,4,34,3,33,2,35,1,35,2,34,1,33,0,34,0,35,0,35,-3,35,-2,34,-4,34,-2,34,-6,35,-6,36,-7,36,-8,35,-13,37,-14,34,-13,36,-13,33,-16,35,0,0,0,0,0,0,28,21,28,22,27,20,24,24,23,22,20,23,20,23,19,25,17,23,14,23,15,23,12,21,12,20,12,20,12,20,12,19,12,19,10,19,8,19,9,19,9,19,7,18,7,17,6,17,6,17,5,17,6,17,6,15,6,16,6,16,4,16,4,16,3,14,4,14,2,15,2,15,1,14,1,12,0,14,0,12,0,13,0,12,0,12,0,11,-1,11,-2,11,-3,9,-3,10,-3,7,-5,8,-4,7,-3,7,-5,6,-3,7,-5,6,-5,5,-5,5,0,0,0,0,0,0,0,0,0,0]"""
1782212771898,2026-06-23T20:06:11.898,danger,fall,lmh,bed_stand_to_lie_fall,t018,"CSI_DATA,813462,1a:00:00:00:00:00,-53,11,-97,18,33,11,223726630,47,2,256,0,""[0,0,0,0,0,0,0,0,0,0,0,0,16,-16,20,-13,23,-13,25,-10,26,-10,26,-5,26,-5,28,-2,31,-1,32,0,33,1,32,2,35,5,35,6,33,10,32,14,34,14,32,18,29,17,29,17,28,21,30,24,26,25,27,25,26,26,24,24,23,29,22,28,21,29,21,26,18,26,20,28,19,29,16,27,18,30,17,30,17,28,17,28,16,30,19,29,15,29,15,28,13,30,17,31,12,28,15,31,12,31,12,31,13,31,13,34,12,32,10,35,9,36,6,36,9,35,8,35,5,35,0,0,0,0,0,0,34,0,35,0,32,0,31,3,31,2,28,3,28,3,30,4,28,5,24,6,25,4,22,5,23,5,24,5,21,5,21,5,22,4,21,5,18,5,19,5,19,3,18,5,15,3,16,5,16,5,15,5,15,5,15,3,15,4,13,2,13,5,14,5,15,4,12,5,12,4,13,5,13,6,12,5,10,5,9,5,9,5,8,5,9,5,10,5,9,5,6,5,7,7,7,5,5,5,5,5,5,5,5,5,4,5,4,4,5,5,2,5,2,5,0,0,0,0,0,0,0,0,0,0]"""
1782212771909,2026-06-23T20:06:11.909,danger,fall,lmh,bed_stand_to_lie_fall,t018,"CSI_DATA,813463,1a:00:00:00:00:00,-54,11,-97,16,34,11,223735299,47,2,256,0,""[0,0,0,0,0,0,0,0,0,0,0,0,-16,-15,-14,-17,-15,-19,-14,-22,-12,-23,-11,-24,-10,-24,-8,-27,-10,-30,-7,-30,-6,-30,-5,-32,-4,-34,-3,-35,0,-34,0,-35,0,-35,3,-36,4,-34,7,-34,10,-34,6,-34,8,-34,7,-36,8,-36,8,-34,11,-34,11,-34,11,-32,9,-32,10,-30,11,-34,9,-32,9,-30,9,-32,10,-32,8,-29,8,-31,8,-31,6,-32,6,-32,6,-32,7,-32,4,-34,7,-30,4,-31,6,-33,5,-32,6,-33,6,-34,6,-34,5,-34,8,-35,10,-34,6,-34,7,-34,7,-34,0,0,0,0,0,0,-32,-11,-30,-8,-30,-8,-29,-11,-29,-10,-25,-11,-27,-8,-27,-9,-23,-9,-23,-11,-23,-9,-21,-7,-22,-6,-20,-7,-21,-7,-20,-5,-20,-4,-19,-4,-18,-6,-19,-3,-16,-2,-17,-3,-16,-2,-15,-3,-16,-3,-14,-2,-15,-2,-15,0,-15,0,-14,0,-13,0,-13,0,-13,0,-12,0,-12,-1,-11,0,-11,0,-11,0,-11,0,-11,-1,-9,0,-9,0,-9,0,-9,0,-8,0,-7,0,-7,-2,-8,0,-7,0,-6,0,-6,0,-6,0,-7,0,-6,0,-6,0,-3,-2,-4,-1,0,0,0,0,0,0,0,0,0,0]"""
1782212771931,2026-06-23T20:06:11.931,danger,fall,lmh,bed_stand_to_lie_fall,t018,"CSI_DATA,813465,1a:00:00:00:00:00,-55,11,-97,18,34,11,223757282,47,2,256,0,""[0,0,0,0,0,0,0,0,0,0,0,0,7,-20,10,-20,11,-20,14,-21,14,-20,17,-20,18,-20,20,-18,20,-20,23,-18,25,-18,25,-17,26,-17,28,-17,29,-14,28,-14,32,-16,30,-11,31,-11,31,-11,31,-8,33,-10,32,-8,32,-8,34,-8,32,-8,31,-6,33,-7,30,-5,32,-7,29,-5,33,-7,30,-5,29,-6,32,-8,29,-7,29,-6,29,-9,29,-8,29,-11,29,-8,26,-12,29,-10,29,-13,29,-11,27,-11,29,-11,28,-12,28,-13,29,-12,29,-12,30,-12,31,-11,30,-10,29,-13,30,-12,29,-11,0,0,0,0,0,0,-8,-30,-7,-28,-9,-28,-8,-27,-8,-25,-7,-25,-7,-23,-7,-25,-5,-22,-5,-22,-6,-20,-6,-19,-7,-20,-5,-19,-6,-18,-6,-16,-7,-17,-7,-15,-5,-17,-8,-14,-8,-14,-7,-14,-7,-11,-6,-12,-7,-11,-7,-11,-6,-10,-7,-10,-7,-11,-8,-9,-6,-9,-6,-10,-6,-8,-6,-9,-6,-6,-5,-8,-5,-7,-5,-6,-5,-6,-5,-6,-5,-5,-5,-5,-5,-5,-5,-5,-3,-5,-3,-5,-4,-5,-4,-5,-2,-3,-3,-3,-2,-3,-3,-3,-2,-3,-1,-2,-2,-2,-2,-2,-2,-2,0,0,0,0,0,0,0,0,0,0]"""
1782212771945,2026-06-23T20:06:11.945,danger,fall,lmh,bed_stand_to_lie_fall,t018,"CSI_DATA,813466,1a:00:00:00:00:00,-55,11,-97,19,34,11,223769760,47,2,256,0,""[0,0,0,0,0,0,0,0,0,0,0,0,-12,18,-13,16,-16,16,-20,14,-21,13,-21,12,-24,10,-24,8,-27,8,-28,6,-29,5,-29,2,-31,2,-32,0,-32,-5,-31,-5,-32,-6,-32,-9,-29,-10,-29,-15,-29,-17,-29,-16,-26,-18,-27,-18,-26,-19,-25,-18,-22,-22,-24,-22,-21,-21,-22,-21,-20,-22,-21,-24,-19,-24,-18,-23,-18,-24,-18,-25,-16,-22,-18,-23,-16,-24,-18,-23,-16,-24,-17,-24,-16,-25,-17,-26,-14,-26,-13,-25,-13,-26,-13,-26,-11,-27,-12,-29,-12,-29,-10,-29,-9,-32,-6,-29,-9,-31,-7,-31,-7,-30,0,0,0,0,0,0,-31,0,-29,-1,-29,0,-27,-2,-27,-3,-25,-5,-24,-2,-24,-5,-22,-4,-21,-5,-20,-5,-18,-6,-18,-5,-18,-6,-17,-5,-16,-5,-18,-5,-16,-4,-13,-8,-14,-6,-14,-4,-12,-6,-13,-4,-13,-5,-11,-5,-11,-5,-10,-5,-10,-4,-10,-5,-10,-4,-10,-5,-8,-6,-8,-5,-8,-5,-8,-5,-8,-5,-7,-4,-7,-5,-7,-4,-4,-5,-5,-6,-3,-4,-4,-4,-4,-5,-2,-4,-3,-4,-3,-3,-3,-5,-2,-3,-1,-3,-2,-2,-1,-2,-1,-2,0,-3,-2,-2,-1,-1,0,-2,0,0,0,0,0,0,0,0,0,0]"""
1782212771954,2026-06-23T20:06:11.954,danger,fall,lmh,bed_stand_to_lie_fall,t018,"CSI_DATA,813467,1a:00:00:00:00:00,-56,11,-97,16,35,11,223779991,47,2,256,0,""[0,0,0,0,0,0,0,0,0,0,0,0,1,-21,3,-19,5,-22,6,-23,7,-22,9,-22,9,-23,10,-23,12,-25,12,-24,14,-24,14,-24,14,-26,16,-26,18,-23,20,-25,17,-26,21,-24,20,-24,18,-21,21,-21,20,-24,21,-24,21,-24,21,-24,19,-24,21,-22,20,-23,21,-23,18,-23,19,-22,18,-24,17,-24,16,-23,16,-25,14,-25,14,-23,13,-24,14,-25,12,-26,12,-24,9,-26,11,-26,8,-28,10,-26,8,-27,9,-28,7,-27,6,-26,7,-31,5,-29,6,-29,7,-29,7,-30,5,-31,4,-30,4,-29,0,0,0,0,0,0,-28,-5,-28,-6,-26,-2,-25,-4,-25,-3,-23,-4,-24,-2,-24,-2,-22,-2,-21,-3,-19,-1,-19,-2,-19,0,-20,0,-17,0,-16,0,-16,1,-14,2,-16,1,-14,2,-14,2,-14,2,-12,3,-12,4,-12,3,-12,3,-12,4,-10,6,-10,4,-9,4,-10,4,-9,4,-9,4,-8,4,-7,4,-7,4,-7,3,-7,4,-6,4,-7,2,-6,4,-6,2,-4,3,-5,3,-4,2,-4,2,-3,2,-2,2,-2,2,-2,2,-2,1,-2,1,-1,2,-2,2,-1,2,0,1,-1,0,0,0,0,0,0,0,0,0,0,0]"""
1782212771964,2026-06-23T20:06:11.964,danger,fall,lmh,bed_stand_to_lie_fall,t018,"CSI_DATA,813468,1a:00:00:00:00:00,-56,11,-97,20,34,11,223790273,47,2,256,0,""[0,0,0,0,0,0,0,0,0,0,0,0,10,-17,12,-15,14,-16,16,-17,16,-15,18,-15,19,-14,22,-14,24,-14,24,-13,25,-14,24,-13,26,-13,28,-12,28,-9,29,-9,30,-9,31,-7,29,-5,27,-5,28,-4,31,-4,31,-4,31,-5,31,-5,29,-6,30,-4,30,-4,30,-2,29,-3,26,-4,27,-4,29,-4,28,-4,29,-6,27,-6,26,-5,26,-8,27,-7,27,-9,25,-8,25,-9,26,-9,26,-11,25,-9,26,-12,26,-9,24,-12,26,-11,27,-12,26,-12,26,-13,29,-12,27,-11,26,-13,26,-12,26,-13,0,0,0,0,0,0,-9,-26,-9,-26,-11,-22,-9,-22,-9,-24,-9,-21,-8,-23,-9,-21,-8,-21,-7,-19,-9,-19,-7,-18,-7,-17,-8,-16,-8,-16,-9,-13,-9,-14,-7,-13,-8,-13,-7,-12,-9,-12,-8,-13,-7,-10,-7,-10,-8,-9,-7,-10,-7,-9,-9,-7,-7,-7,-8,-7,-7,-6,-7,-7,-6,-8,-6,-6,-6,-6,-4,-8,-5,-6,-4,-6,-4,-7,-4,-6,-4,-5,-4,-5,-3,-6,-3,-4,-3,-4,-3,-3,-2,-4,-2,-4,-1,-3,-2,-2,-2,-3,-2,-2,-1,-2,-1,0,0,-1,0,-1,0,-2,0,0,0,0,0,0,0,0,0,0]"""
1782212771975,2026-06-23T20:06:11.975,danger,fall,lmh,bed_stand_to_lie_fall,t018,"CSI_DATA,813469,1a:00:00:00:00:00,-56,11,-97,14,36,11,223801273,47,2,256,0,""[0,0,0,0,0,0,0,0,0,0,0,0,-17,-7,-16,-10,-17,-11,-17,-12,-16,-15,-14,-16,-14,-17,-14,-20,-13,-22,-11,-23,-10,-24,-10,-25,-10,-27,-8,-26,-4,-28,-4,-28,-4,-29,0,-30,0,-27,2,-30,1,-30,3,-29,4,-29,4,-28,7,-30,6,-28,8,-26,9,-27,9,-26,8,-26,10,-25,9,-26,10,-25,10,-24,10,-26,9,-26,10,-24,9,-25,10,-24,9,-24,10,-24,8,-24,10,-23,10,-26,11,-24,11,-24,12,-24,11,-24,12,-24,14,-26,13,-25,14,-25,16,-24,17,-25,17,-24,16,-23,18,-22,0,0,0,0,0,0,-18,-20,-18,-20,-18,-19,-16,-20,-16,-20,-13,-18,-14,-18,-13,-19,-12,-18,-12,-17,-10,-17,-10,-16,-10,-16,-10,-15,-9,-16,-9,-14,-10,-14,-8,-13,-8,-13,-8,-13,-8,-11,-6,-13,-6,-10,-6,-12,-6,-12,-5,-11,-5,-12,-5,-10,-4,-11,-6,-10,-4,-10,-3,-10,-4,-9,-4,-8,-3,-9,-2,-9,-2,-8,-2,-8,-2,-8,0,-8,0,-7,0,-8,0,-7,0,-6,0,-5,0,-7,0,-5,0,-4,0,-4,1,-4,1,-2,1,-2,1,-2,2,-2,0,0,1,-1,2,0,0,0,0,0,0,0,0,0,0,0]"""
1782212771985,2026-06-23T20:06:11.985,danger,fall,lmh,bed_stand_to_lie_fall,t018,"CSI_DATA,813470,1a:00:00:00:00:00,-55,11,-97,19,35,11,223812287,47,2,256,0,""[0,0,0,0,0,0,0,0,0,0,0,0,-17,5,-18,3,-19,3,-22,2,-22,1,-22,0,-22,0,-22,-1,-25,-1,-24,-2,-25,-4,-25,-5,-26,-4,-27,-6,-26,-9,-26,-8,-27,-7,-27,-10,-25,-9,-27,-11,-25,-10,-25,-12,-26,-12,-25,-10,-27,-12,-25,-9,-25,-12,-25,-12,-24,-11,-25,-10,-24,-10,-27,-11,-24,-10,-24,-9,-24,-9,-24,-7,-23,-7,-25,-5,-25,-5,-25,-5,-25,-5,-25,-1,-25,-3,-27,-3,-25,-3,-25,-2,-26,-3,-25,-1,-27,-1,-29,-1,-27,0,-27,0,-29,-1,-27,-1,-30,-1,-29,0,-29,-1,0,0,0,0,0,0,-1,28,-1,25,0,27,-1,24,0,25,-1,24,0,23,0,24,0,21,0,20,0,20,-1,18,0,20,0,20,0,18,3,17,3,18,3,18,1,16,3,14,4,14,3,15,4,14,3,12,3,12,3,13,4,12,4,12,3,12,5,10,3,11,3,11,4,11,3,9,4,9,3,10,1,9,2,9,2,9,1,7,3,7,3,7,1,7,0,6,1,5,2,5,1,5,1,5,0,5,0,3,0,3,0,3,0,3,0,4,0,2,0,3,0,3,0,0,0,0,0,0,0,0,0,0]"""
1782212771999,2026-06-23T20:06:11.999,danger,fall,lmh,bed_stand_to_lie_fall,t018,"CSI_DATA,813471,1a:00:00:00:00:00,-55,11,-97,16,36,11,223824849,47,2,256,0,""[0,0,0,0,0,0,0,0,0,0,0,0,-13,-11,-12,-13,-12,-13,-10,-15,-10,-17,-7,-18,-6,-18,-5,-22,-7,-23,-3,-23,-2,-23,-1,-23,0,-24,0,-26,3,-27,5,-27,5,-27,7,-27,6,-23,8,-25,10,-26,11,-24,11,-25,13,-23,15,-23,13,-22,17,-21,15,-22,15,-22,15,-20,16,-18,17,-20,15,-18,15,-18,15,-20,16,-20,15,-18,15,-18,16,-18,16,-20,16,-19,14,-19,16,-18,16,-19,17,-18,16,-20,17,-19,17,-20,18,-19,19,-20,20,-17,20,-18,22,-18,22,-17,22,-18,24,-17,22,-17,0,0,0,0,0,0,-12,-25,-11,-25,-11,-23,-10,-22,-10,-23,-8,-23,-8,-21,-7,-22,-7,-22,-5,-20,-6,-20,-5,-18,-5,-19,-4,-18,-3,-18,-4,-17,-3,-17,-3,-17,-3,-16,-3,-15,-4,-15,-3,-15,-2,-13,-2,-13,-1,-14,-2,-14,-2,-13,-2,-13,-1,-12,-3,-13,-1,-12,-1,-13,0,-12,0,-11,0,-10,0,-11,1,-10,0,-9,1,-10,2,-10,1,-8,1,-9,3,-8,3,-8,3,-6,3,-6,3,-5,3,-5,3,-4,3,-3,4,-3,3,-3,4,-3,3,-2,3,-3,3,-1,3,0,0,0,0,0,0,0,0,0,0,0]"""
1782212772009,2026-06-23T20:06:12.009,danger,fall,lmh,bed_stand_to_lie_fall,t018,"CSI_DATA,813472,1a:00:00:00:00:00,-54,11,-97,15,36,11,223834273,47,2,256,0,""[0,0,0,0,0,0,0,0,0,0,0,0,-14,9,-13,6,-18,6,-18,3,-18,4,-18,0,-20,2,-21,0,-23,0,-23,-1,-23,-3,-22,-4,-25,-5,-24,-6,-22,-9,-23,-11,-24,-9,-24,-14,-22,-13,-20,-13,-20,-16,-22,-16,-22,-18,-20,-16,-21,-18,-20,-17,-18,-18,-18,-18,-18,-19,-18,-18,-16,-19,-17,-18,-17,-18,-17,-18,-16,-18,-16,-18,-16,-18,-16,-17,-17,-18,-19,-18,-18,-18,-18,-18,-16,-18,-19,-18,-15,-17,-17,-18,-16,-18,-18,-18,-18,-20,-19,-20,-19,-21,-17,-20,-16,-23,-15,-22,-17,-23,-18,-21,-16,-23,0,0,0,0,0,0,-25,12,-25,11,-23,13,-24,11,-23,10,-22,7,-23,9,-22,8,-22,7,-20,7,-18,6,-19,5,-18,6,-19,7,-17,5,-16,6,-17,7,-16,5,-16,5,-17,4,-14,5,-16,4,-13,5,-14,5,-15,4,-14,5,-14,5,-14,5,-14,4,-12,4,-13,3,-12,3,-14,1,-12,3,-11,1,-13,1,-12,1,-12,1,-11,1,-10,0,-11,0,-10,0,-11,0,-9,0,-9,-1,-7,0,-7,-2,-8,-3,-5,-2,-5,-2,-4,-2,-4,-2,-4,-2,-3,-3,-3,-3,-3,-3,-1,-3,0,0,0,0,0,0,0,0,0,0]"""
1782212772018,2026-06-23T20:06:12.018,danger,fall,lmh,bed_stand_to_lie_fall,t018,"CSI_DATA,813473,1a:00:00:00:00:00,-54,11,-97,20,35,11,223845456,47,2,256,0,""[0,0,0,0,0,0,0,0,0,0,0,0,-3,16,-6,15,-6,17,-9,17,-11,16,-11,15,-13,15,-15,14,-15,16,-17,14,-18,14,-18,13,-20,14,-20,14,-21,10,-23,11,-22,11,-24,9,-23,7,-24,8,-24,6,-27,5,-25,5,-25,6,-27,3,-24,5,-25,2,-25,2,-26,1,-24,3,-24,1,-25,1,-24,2,-23,1,-25,3,-25,3,-24,2,-24,3,-24,3,-24,5,-23,3,-24,5,-24,4,-26,5,-23,3,-24,5,-25,5,-25,3,-25,5,-28,3,-26,5,-27,4,-29,3,-29,2,-30,3,-28,3,-29,3,0,0,0,0,0,0,-1,29,-1,30,0,25,-1,27,0,27,-1,23,-1,25,-2,24,-2,23,-2,22,-3,22,-2,20,-2,21,-2,22,-2,19,-1,18,-1,20,-1,18,-1,17,0,18,0,17,-1,18,0,15,-1,16,-1,16,-1,16,-1,15,0,15,-1,15,0,15,-1,15,-1,14,-1,15,-1,13,-1,13,-2,13,-3,12,-2,13,-3,11,-2,11,-3,10,-3,9,-4,9,-3,8,-4,8,-3,8,-5,7,-4,8,-5,6,-4,5,-5,5,-5,4,-5,4,-5,3,-4,2,-3,3,-4,1,0,0,0,0,0,0,0,0,0,0]"""
1782212772030,2026-06-23T20:06:12.030,danger,fall,lmh,bed_stand_to_lie_fall,t018,"CSI_DATA,813474,1a:00:00:00:00:00,-53,11,-97,14,36,11,223857083,47,2,256,0,""[0,0,0,0,0,0,0,0,0,0,0,0,-8,-12,-8,-13,-9,-13,-8,-15,-8,-14,-6,-17,-6,-18,-4,-18,-5,-20,-4,-20,-3,-22,-3,-22,-4,-23,-1,-23,0,-22,0,-24,0,-25,2,-25,1,-24,3,-24,2,-23,4,-26,4,-24,4,-25,5,-26,4,-24,6,-24,6,-24,5,-24,3,-24,5,-23,4,-25,5,-24,4,-24,2,-24,2,-24,2,-24,1,-24,2,-24,0,-24,0,-24,-1,-24,0,-25,0,-27,0,-26,-1,-24,-1,-26,-1,-26,-2,-26,-1,-28,-4,-27,-3,-27,0,-28,-1,-29,-4,-30,-3,-30,-2,-29,0,0,0,0,0,0,-32,2,-29,0,-28,2,-28,0,-26,0,-25,0,-24,1,-26,1,-24,1,-24,0,-23,1,-21,0,-23,2,-21,1,-22,1,-20,3,-20,4,-20,4,-19,1,-18,3,-18,5,-18,3,-18,5,-17,4,-16,2,-17,4,-16,4,-14,6,-17,6,-15,5,-15,3,-15,4,-14,5,-14,4,-14,4,-14,5,-14,3,-12,4,-13,2,-12,2,-11,2,-12,2,-12,2,-11,2,-11,1,-10,1,-10,1,-10,1,-9,0,-8,0,-8,0,-8,-1,-7,0,-7,-1,-6,-2,-6,-2,-4,-2,0,0,0,0,0,0,0,0,0,0]"""
1782212772039,2026-06-23T20:06:12.039,danger,fall,lmh,bed_stand_to_lie_fall,t018,"CSI_DATA,813475,1a:00:00:00:00:00,-53,11,-97,13,36,11,223867273,47,2,256,0,""[0,0,0,0,0,0,0,0,0,0,0,0,-4,14,-5,13,-6,14,-7,15,-8,15,-10,15,-11,14,-12,13,-13,15,-15,15,-16,13,-17,13,-18,15,-19,13,-21,11,-21,10,-22,10,-23,10,-21,9,-24,8,-25,8,-24,7,-24,7,-24,5,-25,6,-23,6,-24,3,-24,4,-24,5,-24,5,-22,3,-25,4,-24,4,-24,5,-24,6,-25,6,-22,5,-24,6,-24,6,-24,7,-24,6,-23,8,-24,7,-26,8,-24,8,-24,8,-25,8,-24,8,-24,8,-28,8,-26,9,-26,9,-28,6,-30,6,-30,8,-29,9,-28,8,0,0,0,0,0,0,4,30,4,30,5,27,4,28,3,28,2,27,4,25,2,26,2,25,1,24,3,23,2,23,3,22,2,22,1,23,4,20,3,22,2,21,2,20,3,19,4,19,3,20,4,17,3,18,3,17,4,17,3,18,3,17,3,18,5,15,3,16,2,16,2,17,3,15,3,15,1,15,2,15,1,14,2,16,1,13,1,13,0,13,0,13,-1,12,0,11,0,11,-1,11,-2,11,-1,10,-2,8,-2,8,-2,8,-3,6,-2,6,-4,5,-3,6,-4,5,0,0,0,0,0,0,0,0,0,0]"""
1782212772051,2026-06-23T20:06:12.051,danger,fall,lmh,bed_stand_to_lie_fall,t018,"CSI_DATA,813476,1a:00:00:00:00:00,-52,11,-97,17,35,11,223878273,47,2,256,0,""[0,0,0,0,0,0,0,0,0,0,0,0,14,0,14,2,15,3,15,6,15,6,15,9,15,11,14,12,15,13,13,15,13,17,13,17,13,19,11,19,8,22,8,22,9,22,6,24,4,24,2,22,0,24,2,24,-1,24,0,25,-2,26,-2,25,-4,24,-5,25,-5,24,-4,25,-6,23,-8,24,-8,23,-8,23,-8,24,-8,24,-8,23,-7,24,-8,22,-8,24,-11,24,-7,24,-11,25,-11,25,-11,24,-12,23,-14,24,-13,23,-13,24,-15,24,-15,25,-15,24,-19,25,-19,23,-18,25,-20,25,-21,22,0,0,0,0,0,0,19,26,15,26,18,25,15,25,15,24,13,26,12,24,12,26,9,24,9,23,8,23,6,23,9,24,6,23,6,23,7,22,6,21,7,20,3,22,5,19,6,21,3,21,3,19,3,18,2,20,2,19,2,19,2,17,1,19,3,19,1,17,0,19,0,17,0,18,0,17,-3,17,-2,16,-4,15,-4,15,-5,14,-4,13,-4,13,-5,13,-4,12,-8,11,-5,11,-8,10,-7,9,-6,6,-6,7,-7,6,-8,4,-8,4,-7,3,-6,2,-6,2,-6,1,0,0,0,0,0,0,0,0,0,0]"""
1782212772062,2026-06-23T20:06:12.062,danger,fall,lmh,bed_stand_to_lie_fall,t018,"CSI_DATA,813477,1a:00:00:00:00:00,-52,11,-97,15,35,11,223889685,47,2,256,0,""[0,0,0,0,0,0,0,0,0,0,0,0,14,2,13,5,13,5,15,8,14,8,13,11,13,12,12,13,13,15,12,16,10,18,11,18,11,19,10,21,8,23,7,23,7,24,4,24,2,24,4,23,1,22,0,26,0,24,0,25,-2,26,-1,24,-3,24,-4,26,-5,24,-2,24,-5,23,-4,25,-5,24,-5,23,-6,25,-5,25,-5,24,-4,26,-5,24,-4,25,-5,25,-5,26,-5,27,-5,26,-7,26,-6,26,-7,27,-7,26,-8,27,-9,29,-7,29,-9,29,-12,29,-12,27,-11,30,-13,29,-14,29,0,0,0,0,0,0,26,19,24,18,28,16,24,20,23,17,21,19,21,18,21,19,19,18,19,19,19,18,17,18,19,18,16,17,16,18,17,16,17,16,16,16,15,17,16,16,16,16,13,17,14,14,13,15,13,16,13,16,13,15,13,15,13,15,13,13,12,16,10,16,9,15,10,16,10,15,10,16,8,15,8,15,8,16,5,16,5,15,5,16,4,14,5,14,2,14,2,13,0,13,0,11,0,13,0,10,-1,11,-1,9,-2,8,-3,10,-3,8,-4,7,-5,7,0,0,0,0,0,0,0,0,0,0]"""
1782212772074,2026-06-23T20:06:12.074,danger,fall,lmh,bed_stand_to_lie_fall,t018,"CSI_DATA,813478,1a:00:00:00:00:00,-51,11,-97,19,34,11,223901031,47,2,256,0,""[0,0,0,0,0,0,0,0,0,0,0,0,6,11,5,13,5,14,4,16,3,16,2,18,0,18,0,19,0,19,-2,20,-3,21,-4,21,-5,22,-6,22,-10,21,-8,21,-9,22,-12,22,-13,21,-14,19,-16,18,-14,21,-16,21,-16,21,-18,19,-15,19,-18,18,-18,19,-18,18,-17,18,-17,16,-19,20,-19,18,-18,17,-18,18,-16,18,-16,17,-17,19,-18,18,-16,21,-19,19,-16,21,-19,20,-18,21,-19,21,-17,21,-19,21,-18,21,-18,22,-21,21,-21,23,-19,23,-24,24,-24,21,-24,23,-23,23,-23,23,0,0,0,0,0,0,19,28,18,27,20,26,18,26,18,25,15,27,16,24,16,26,13,25,13,25,13,24,10,22,14,24,13,23,13,23,12,21,14,22,13,21,10,21,13,20,14,20,11,19,11,18,10,18,10,19,10,18,10,18,10,16,10,19,12,16,10,18,10,18,9,18,10,17,9,16,8,18,8,18,8,17,8,18,6,18,5,16,5,16,5,16,4,16,2,16,4,13,0,14,1,14,0,13,0,13,0,12,-1,11,-1,9,-2,9,-2,8,-3,8,-3,8,0,0,0,0,0,0,0,0,0,0]"""
1782212772086,2026-06-23T20:06:12.086,danger,fall,lmh,bed_stand_to_lie_fall,t018,"CSI_DATA,813479,1a:00:00:00:00:00,-51,11,-97,17,34,11,223913283,47,2,256,0,""[0,0,0,0,0,0,0,0,0,0,0,0,15,0,14,0,15,2,16,2,16,2,17,4,16,6,17,6,19,7,18,9,19,10,19,10,20,10,20,11,20,13,20,13,21,13,19,15,18,16,20,15,18,15,20,16,18,17,19,17,20,18,20,16,19,18,20,18,19,17,21,16,20,16,21,16,20,16,20,15,22,15,23,13,21,13,23,11,24,12,24,11,25,13,26,9,26,10,27,8,27,9,27,7,28,8,27,6,29,7,31,6,30,6,32,6,32,8,31,6,34,4,33,5,34,8,0,0,0,0,0,0,8,-35,6,-33,5,-33,6,-31,6,-31,5,-29,3,-30,4,-32,3,-29,5,-27,2,-27,3,-25,0,-27,2,-27,1,-25,0,-25,-2,-27,0,-25,0,-24,-2,-23,-3,-23,-3,-23,-4,-21,-3,-22,-3,-22,-5,-22,-3,-21,-6,-21,-6,-22,-7,-20,-6,-20,-6,-20,-6,-19,-7,-19,-7,-19,-6,-20,-5,-18,-6,-19,-6,-18,-5,-17,-5,-16,-5,-16,-4,-16,-4,-16,-3,-16,-4,-14,-2,-14,-3,-15,-1,-13,-2,-13,-1,-11,0,-10,0,-10,0,-12,1,-10,0,-10,1,-8,0,0,0,0,0,0,0,0,0,0]"""
1782212772098,2026-06-23T20:06:12.098,danger,fall,lmh,bed_stand_to_lie_fall,t018,"CSI_DATA,813480,1a:00:00:00:00:00,-51,11,-97,17,34,11,223922272,47,2,256,0,""[0,0,0,0,0,0,0,0,0,0,0,0,7,11,7,13,7,13,6,15,6,16,4,16,4,17,3,18,4,20,3,20,2,20,3,21,3,23,2,23,-1,25,-1,23,0,24,-2,26,-1,25,-3,26,-3,27,-3,27,-3,27,0,27,-3,27,-3,25,-4,26,-3,27,-3,25,-2,27,-3,24,-2,27,-2,27,-1,26,0,27,0,27,0,26,3,27,3,27,4,27,4,27,5,26,5,28,8,29,6,28,7,27,8,29,10,28,10,30,10,30,12,30,13,30,11,33,10,32,15,33,15,33,13,32,0,0,0,0,0,0,33,-13,33,-13,30,-15,30,-13,30,-13,30,-12,27,-13,29,-14,27,-13,27,-12,25,-13,24,-13,23,-15,23,-13,23,-14,21,-14,22,-16,20,-14,21,-14,19,-15,18,-17,18,-15,16,-16,16,-16,16,-16,16,-16,15,-16,13,-18,14,-16,12,-18,13,-16,13,-17,13,-16,13,-17,11,-15,13,-18,12,-16,11,-16,12,-16,12,-15,11,-14,12,-14,12,-14,11,-14,10,-12,9,-10,11,-10,10,-13,10,-9,10,-9,9,-7,9,-6,10,-7,9,-5,9,-5,8,-5,9,-3,0,0,0,0,0,0,0,0,0,0]"""
1782212772106,2026-06-23T20:06:12.106,danger,fall,lmh,bed_stand_to_lie_fall,t018,"CSI_DATA,813481,1a:00:00:00:00:00,-51,11,-97,14,34,11,223933272,47,2,256,0,""[0,0,0,0,0,0,0,0,0,0,0,0,9,11,8,12,8,12,8,14,8,14,8,15,8,16,7,17,6,20,7,20,5,21,5,21,7,23,5,23,4,24,3,26,5,26,0,26,2,24,5,26,3,25,3,26,2,27,2,26,3,28,4,26,2,26,2,26,2,29,5,27,2,26,5,27,5,26,6,27,7,26,10,27,5,25,11,26,7,26,12,25,14,26,9,22,14,22,5,21,15,34,24,23,0,21,12,15,5,24,42,37,22,15,12,42,2,19,11,25,4,45,16,17,2,11,0,0,0,0,0,0,33,-55,24,-29,53,-25,12,-5,23,-10,5,-27,22,-29,20,0,26,-40,19,-12,14,-8,21,-28,12,-31,19,-33,21,-23,14,-19,13,-21,13,-25,15,-24,12,-24,10,-21,12,-23,8,-21,9,-21,9,-22,7,-23,6,-21,6,-22,6,-24,4,-22,5,-21,5,-22,5,-22,4,-21,5,-19,5,-21,4,-21,4,-20,3,-21,5,-19,2,-17,5,-18,4,-19,3,-18,5,-16,4,-15,5,-14,3,-16,5,-13,5,-11,4,-13,4,-11,4,-11,4,-11,5,-10,5,-8,5,-8,0,0,0,0,0,0,0,0,0,0]"""
1782212772118,2026-06-23T20:06:12.118,danger,fall,lmh,bed_stand_to_lie_fall,t018,"CSI_DATA,813482,1a:00:00:00:00:00,-50,11,-97,18,33,11,223944272,47,2,256,0,""[0,0,0,0,0,0,0,0,0,0,0,0,14,5,13,7,14,6,15,9,14,10,14,10,15,12,15,12,16,13,15,15,15,16,16,15,17,16,17,18,15,20,15,19,18,19,16,21,16,21,14,22,14,24,15,21,15,23,17,22,17,24,18,21,15,21,17,22,16,21,18,21,15,21,20,22,20,21,20,19,21,20,21,17,21,17,23,16,23,17,24,14,25,15,26,12,26,13,28,11,27,12,27,11,28,12,28,10,29,10,33,10,32,9,31,7,35,9,35,10,37,6,37,6,36,5,0,0,0,0,0,0,8,-37,6,-35,5,-36,5,-35,5,-32,5,-33,2,-31,3,-35,2,-31,3,-32,2,-30,0,-29,0,-29,0,-28,-2,-29,-4,-26,-4,-27,-5,-26,-4,-26,-6,-24,-10,-23,-6,-24,-8,-22,-8,-22,-8,-22,-7,-23,-9,-21,-11,-21,-11,-21,-13,-19,-10,-20,-12,-21,-12,-19,-12,-20,-11,-17,-12,-21,-11,-19,-12,-18,-11,-18,-10,-16,-10,-15,-11,-16,-10,-15,-10,-15,-10,-15,-10,-14,-8,-15,-9,-13,-6,-13,-5,-12,-5,-12,-5,-12,-5,-10,-3,-12,-4,-10,-1,-10,-1,-10,0,0,0,0,0,0,0,0,0,0]"""
1782212772141,2026-06-23T20:06:12.141,danger,fall,lmh,bed_stand_to_lie_fall,t018,"CSI_DATA,813484,1a:00:00:00:00:00,-50,11,-97,19,33,11,223966272,47,2,256,0,""[0,0,0,0,0,0,0,0,0,0,0,0,4,-15,5,-13,5,-16,8,-16,10,-14,11,-14,10,-13,14,-15,14,-17,17,-14,18,-14,18,-15,19,-15,20,-15,23,-12,22,-12,22,-14,26,-13,23,-11,26,-8,29,-8,26,-10,29,-9,27,-9,29,-8,27,-8,27,-7,29,-7,27,-8,27,-8,27,-6,28,-8,28,-8,26,-7,28,-8,27,-9,26,-9,26,-11,28,-9,28,-13,30,-12,26,-14,26,-13,29,-16,26,-13,27,-14,29,-13,27,-15,30,-15,32,-17,31,-16,31,-18,33,-16,32,-13,32,-17,34,-17,33,-16,0,0,0,0,0,0,-13,-35,-13,-36,-14,-32,-12,-32,-13,-33,-10,-32,-13,-31,-12,-32,-11,-31,-9,-29,-9,-28,-8,-28,-13,-29,-11,-28,-10,-27,-11,-25,-13,-25,-13,-25,-9,-25,-13,-23,-15,-23,-10,-25,-11,-20,-12,-21,-11,-22,-13,-22,-11,-22,-13,-19,-13,-21,-14,-19,-12,-18,-13,-19,-11,-19,-13,-20,-11,-19,-10,-19,-11,-20,-8,-17,-10,-20,-9,-20,-8,-18,-7,-18,-6,-18,-7,-17,-6,-18,-6,-17,-4,-16,-4,-15,-3,-15,-2,-14,-1,-15,-1,-13,0,-12,0,-13,1,-11,2,-11,2,-10,0,0,0,0,0,0,0,0,0,0]"""
1782212772151,2026-06-23T20:06:12.151,danger,fall,lmh,bed_stand_to_lie_fall,t018,"CSI_DATA,813485,1a:00:00:00:00:00,-50,11,-97,13,34,11,223977298,47,2,256,0,""[0,0,0,0,0,0,0,0,0,0,0,0,-5,14,-6,13,-8,14,-9,15,-11,14,-12,14,-12,14,-13,14,-15,15,-17,14,-19,13,-19,14,-20,14,-20,13,-24,11,-25,12,-25,13,-25,12,-23,9,-26,11,-25,11,-26,10,-27,8,-27,9,-29,8,-27,9,-28,6,-28,8,-27,7,-28,8,-26,7,-28,9,-27,10,-25,10,-27,10,-25,12,-27,10,-26,12,-28,11,-26,13,-26,13,-25,16,-28,13,-28,17,-26,14,-25,15,-26,17,-26,19,-27,19,-31,19,-29,19,-30,20,-32,19,-32,18,-33,21,-32,19,-32,20,0,0,0,0,0,0,17,33,18,33,19,30,16,32,17,32,16,31,17,30,16,30,14,29,15,26,15,26,15,25,17,25,14,25,15,25,16,22,17,23,16,22,15,23,16,19,18,19,16,21,17,19,16,19,16,18,18,19,16,18,17,17,16,18,17,16,16,17,17,18,17,17,16,16,15,15,15,16,15,16,13,15,15,17,14,16,12,15,12,16,12,17,12,15,10,15,11,14,8,14,9,14,7,13,6,12,6,13,6,12,4,12,3,12,2,11,1,12,0,10,0,0,0,0,0,0,0,0,0,0]"""
1782212772162,2026-06-23T20:06:12.162,danger,fall,lmh,bed_stand_to_lie_fall,t018,"CSI_DATA,813486,1a:00:00:00:00:00,-50,11,-97,22,32,11,223988272,47,2,256,0,""[0,0,0,0,0,0,0,0,0,0,0,0,-5,-17,-2,-15,-1,-19,-2,-20,0,-19,1,-20,4,-21,2,-21,4,-25,4,-24,7,-25,7,-24,6,-24,10,-26,11,-25,12,-27,10,-26,15,-26,12,-26,15,-22,17,-21,15,-26,18,-25,16,-26,17,-26,15,-26,17,-25,17,-26,17,-25,15,-25,17,-24,16,-26,15,-26,17,-26,13,-29,14,-27,14,-26,13,-28,13,-27,11,-31,11,-29,10,-31,10,-30,10,-32,10,-30,8,-30,10,-31,8,-33,9,-33,9,-36,9,-35,7,-37,12,-37,10,-37,9,-38,9,-37,6,-39,0,0,0,0,0,0,-37,-11,-39,-12,-37,-8,-34,-12,-38,-10,-32,-9,-36,-11,-35,-12,-31,-9,-32,-9,-31,-9,-31,-6,-32,-6,-30,-6,-29,-5,-28,-5,-31,-2,-29,-1,-28,-5,-28,-2,-28,0,-28,-1,-26,0,-26,0,-25,-1,-26,0,-26,0,-24,3,-26,1,-25,3,-25,0,-26,1,-24,1,-23,0,-23,0,-24,0,-23,0,-22,1,-24,0,-21,0,-21,0,-20,0,-20,-1,-21,-1,-20,0,-18,-2,-17,-3,-16,0,-14,-3,-15,-3,-14,-3,-15,-3,-13,-4,-12,-3,-12,-6,-10,-5,-9,-6,0,0,0,0,0,0,0,0,0,0]"""
1782212772174,2026-06-23T20:06:12.174,danger,fall,lmh,bed_stand_to_lie_fall,t018,"CSI_DATA,813487,1a:00:00:00:00:00,-50,11,-97,17,33,11,223999272,47,2,256,0,""[0,0,0,0,0,0,0,0,0,0,0,0,-13,7,-15,5,-16,5,-19,2,-19,2,-19,0,-19,0,-20,-1,-22,-2,-24,-3,-24,-7,-23,-6,-25,-7,-25,-9,-24,-12,-23,-14,-25,-14,-23,-16,-21,-15,-22,-17,-21,-17,-21,-21,-19,-21,-19,-21,-19,-25,-18,-22,-17,-25,-18,-24,-16,-24,-17,-23,-14,-24,-17,-25,-15,-25,-16,-25,-15,-25,-16,-25,-14,-25,-16,-24,-16,-26,-18,-25,-16,-26,-17,-25,-16,-26,-18,-27,-14,-27,-15,-28,-13,-30,-16,-26,-17,-29,-16,-32,-15,-32,-16,-32,-13,-34,-13,-35,-14,-35,-14,-34,-13,-36,0,0,0,0,0,0,-38,6,-38,6,-35,9,-36,5,-35,5,-34,2,-34,3,-35,3,-32,1,-31,0,-30,0,-30,0,-32,1,-29,0,-29,0,-27,0,-28,1,-28,0,-25,0,-27,0,-25,2,-25,0,-24,0,-24,0,-24,0,-25,0,-24,-1,-25,0,-25,-1,-22,0,-22,-2,-22,-1,-24,-2,-22,-2,-19,-3,-21,-6,-22,-4,-20,-5,-20,-5,-19,-6,-18,-6,-18,-6,-19,-7,-16,-7,-16,-9,-13,-8,-13,-9,-13,-11,-11,-10,-10,-8,-9,-9,-6,-8,-8,-10,-6,-11,-6,-9,-5,-9,-2,-10,0,0,0,0,0,0,0,0,0,0]"""
